season,game_week,homeGoalCount,awayGoalCount,totalGoalCount,team_a_corners,team_b_corners,totalCornerCount,team_a_yellow_cards,team_b_yellow_cards,team_a_red_cards,team_b_red_cards,team_a_shotsOnTarget,team_b_shotsOnTarget,team_a_shotsOffTarget,team_b_shotsOffTarget,team_a_shots,team_b_shots,team_a_fouls,team_b_fouls,team_a_possession,team_b_possession,stadium_name,stadium_location,team_a_cards_num,team_b_cards_num,avg_odds_ft_1,avg_odds_ft_x,avg_odds_ft_2,avg_odds_ft_over15,avg_odds_ft_over25,avg_odds_ft_over35,avg_odds_btts_yes,avg_odds_btts_no,avg_odds_corners_over_85,avg_odds_corners_over_95,avg_odds_corners_under_85,avg_odds_corners_under_95,avg_odds_1st_half_over05,avg_odds_1st_half_over15,avg_odds_1st_half_under05,avg_odds_1st_half_under15,overallGoalCount,ht_goals_team_a,ht_goals_team_b,goals_2hg_team_a,goals_2hg_team_b,GoalCount_2hg,HTGoalCount,date_unix,winningTeam,no_home_away,btts_potential,goalTimingDisabled,attendance,corner_timings_recorded,card_timings_recorded,team_a_fh_corners,team_b_fh_corners,team_a_2h_corners,team_b_2h_corners,corner_fh_count,corner_2h_count,team_a_fh_cards,team_b_fh_cards,team_a_2h_cards,team_b_2h_cards,total_fh_cards,total_2h_cards,attacks_recorded,team_a_dangerous_attacks,team_b_dangerous_attacks,team_a_attacks,team_b_attacks,team_a_xg,team_b_xg,total_xg,team_a_penalties_won,team_b_penalties_won,team_a_penalty_goals,team_b_penalty_goals,team_a_penalty_missed,team_b_penalty_missed,pens_recorded,goal_timings_recorded,team_a_0_10_min_goals,team_b_0_10_min_goals,team_a_corners_0_10_min,team_b_corners_0_10_min,team_a_cards_0_10_min,team_b_cards_0_10_min,throwins_recorded,team_a_throwins,team_b_throwins,freekicks_recorded,team_a_freekicks,team_b_freekicks,goalkicks_recorded,team_a_goalkicks,team_b_goalkicks,o25_potential,o15_potential,o15HT_potential,o05HT_potential,home_name,away_name,home_ppg,away_ppg,pre_match_home_ppg,pre_match_away_ppg,pre_match_teamA_overall_ppg,pre_match_teamB_overall_ppg,u25_potential,u15_potential,team_a_xg_prematch,team_b_xg_prematch,total_xg_prematch,matches_completed_minimum,over05,over15,over25,over35,over45,over55,btts,temperature_celsius,wind_speed,humidity,clouds,league,date
2024-2025,1,3,1,4,6,1,7,2,2,0,0,6,1,14,3,20,4,9,14,59,41,Estádio José Alvalade (Lisboa),,2,2,1.13,6.18,10.12,1.1,1.42,2.15,2.1,1.67,1.3,1.49,3.1,2.38,1.22,2.0,4.0,1.73,4,2,0,1,1,2,2,1723230900,114,0,0,0,-1,2,1,4,0,2,1,4,3,0,1,2,1,1,3,1,60,34,133,70,2.12,0.58,2.7,0,0,0,0,0,0,1,1,1,0,1,0,0,0,1,19,13,-1,-1,-1,1,2,13,0,0,0,0,Sporting CP,Rio Ave FC,2.59,0.71,0.0,0.0,0.0,0.0,0,0,0.0,0.0,0.0,34,True,True,True,True,False,False,True,,16.11,66%,0%,Liga_Portugal,2024-08-09 19:15:00
2024-2025,1,1,1,2,4,2,6,1,1,0,0,3,2,12,5,15,7,8,13,54,46,Estádio Clube Desportivo das Aves (Vila das Aves),,1,1,2.23,3.24,3.28,1.36,1.9,3.75,1.8,1.95,1.28,1.47,3.2,2.43,1.44,3.25,2.63,1.33,2,0,1,1,0,1,1,1723300200,-1,0,0,0,-1,2,1,1,1,3,1,2,4,0,0,1,1,0,2,1,46,32,88,82,1.49,0.82,2.31,0,0,0,0,0,0,1,1,0,0,0,1,0,0,1,19,18,-1,-1,-1,1,10,15,0,0,0,0,AVS,CD Nacional,0.88,0.59,0.0,0.0,0.0,0.0,0,0,0.0,0.0,0.0,34,True,True,False,False,False,False,True,,,,,Liga_Portugal,2024-08-10 14:30:00
2024-2025,1,0,1,1,3,1,4,2,1,0,0,3,2,11,4,14,6,12,6,66,34,Estádio Pina Manique (Lisboa),,2,1,2.2,3.15,3.45,1.36,1.91,3.75,1.95,1.8,1.43,1.7,2.55,1.98,1.44,3.25,2.63,1.33,1,0,0,0,1,1,0,1723309200,176,0,0,0,-1,2,1,0,1,3,0,1,3,2,0,0,1,2,1,1,48,19,94,69,1.44,0.67,2.11,0,1,0,1,0,0,1,1,0,0,0,1,1,0,1,26,17,-1,-1,-1,1,3,13,0,0,0,0,Casa Pia,Boavista FC,1.65,1.06,0.0,0.0,0.0,0.0,0,0,0.0,0.0,0.0,34,True,False,False,False,False,False,False,,11.5,57%,0%,Liga_Portugal,2024-08-10 17:00:00
2024-2025,1,3,0,3,7,2,9,0,2,0,1,5,1,6,1,11,2,18,10,71,29,Estádio Do Dragão (Porto),,0,3,1.25,6.0,13.0,1.13,1.57,2.25,2.38,1.53,1.44,1.73,2.5,1.95,1.25,2.25,3.75,1.57,3,1,0,2,0,2,1,1723318200,82,0,0,0,-1,2,1,3,1,4,1,4,5,0,0,0,3,0,3,1,17,5,42,5,1.16,0.23,1.39,2,0,2,0,0,0,1,1,0,0,0,0,0,0,1,14,8,-1,-1,-1,1,4,8,0,0,0,0,Porto,Gil Vicente,2.47,0.82,0.0,0.0,0.0,0.0,0,0,0.0,0.0,0.0,34,True,True,True,False,False,False,False,,5.01,76%,30%,Liga_Portugal,2024-08-10 19:30:00
2024-2025,1,1,4,5,1,3,4,6,3,0,0,2,7,2,2,4,9,11,19,41,59,Estádio António Coimbra da Mota (Estoril),,6,3,2.1,3.2,3.1,1.44,2.15,4.5,2.0,1.75,1.49,1.85,2.38,1.95,1.5,3.5,2.5,1.29,5,1,1,0,3,3,2,1723386600,1028,0,0,0,-1,2,1,0,2,1,1,2,2,0,2,6,1,2,7,1,10,35,35,89,0.47,1.32,1.79,0,1,0,1,0,0,1,1,0,0,0,0,0,0,1,11,9,-1,-1,-1,1,6,9,0,0,0,0,GD Estoril Praia,Santa Clara,1.47,1.47,0.0,0.0,0.0,0.0,0,0,0.0,0.0,0.0,34,True,True,True,True,True,False,True,,6.91,73%,20%,Liga_Portugal,2024-08-11 14:30:00
2024-2025,1,2,0,2,0,7,7,3,4,0,0,5,2,4,5,9,7,8,13,35,65,Estádio Municipal 22 de Junho (Vila Nova de Famalicão),,3,4,6.75,4.0,1.4,1.18,1.58,2.25,1.75,2.0,1.36,1.6,2.8,2.15,1.29,2.25,3.5,1.57,2,1,0,1,0,1,1,1723395600,1033,0,0,0,-1,2,1,0,1,0,6,1,6,0,2,3,2,2,5,1,30,67,78,140,1.14,1.09,2.23,0,0,0,0,0,0,1,1,0,0,0,1,0,0,1,26,27,-1,-1,-1,1,9,6,0,0,0,0,Famalicão,Benfica,1.65,2.12,0.0,0.0,0.0,0.0,0,0,0.0,0.0,0.0,34,True,True,False,False,False,False,False,,8.46,53%,2%,Liga_Portugal,2024-08-11 17:00:00
2024-2025,1,1,2,3,5,4,9,0,3,0,1,5,6,5,4,10,10,13,10,53,47,Estádio de São Lúis (Faro),,0,4,2.6,2.9,2.6,1.36,2.15,3.75,1.91,1.91,1.4,1.67,2.65,2.02,1.44,3.25,2.63,1.33,3,0,1,1,1,2,1,1723395600,174,0,0,0,-1,2,1,2,3,3,1,5,4,0,1,0,3,1,3,1,61,41,95,84,1.43,1.35,2.78,0,0,0,0,0,0,1,1,0,1,0,1,0,0,1,31,23,-1,-1,-1,1,4,9,0,0,0,0,Farense,Moreirense FC,0.65,0.82,0.0,0.0,0.0,0.0,0,0,0.0,0.0,0.0,34,True,True,True,False,False,False,True,,11.5,73%,0%,Liga_Portugal,2024-08-11 17:00:00
2024-2025,1,1,1,2,13,4,17,3,5,0,0,5,4,6,2,11,6,14,9,65,35,Estádio Municipal de Braga (Braga),,3,5,1.38,4.75,7.5,1.16,1.53,2.3,1.8,1.95,1.37,1.6,2.75,2.12,1.29,2.25,3.5,1.57,2,0,0,1,1,2,0,1723404600,-1,0,0,0,-1,2,1,2,4,11,0,6,11,0,1,3,4,1,7,1,74,18,124,68,1.59,0.8,2.39,0,0,0,0,0,0,1,1,0,0,0,2,0,0,1,30,12,-1,-1,-1,1,1,11,0,0,0,0,Sporting Braga,Estrela Amadora,1.88,0.59,0.0,0.0,0.0,0.0,0,0,0.0,0.0,0.0,34,True,True,False,False,False,False,True,,1.28,85%,2%,Liga_Portugal,2024-08-11 19:30:00
2024-2025,1,0,1,1,6,5,11,6,2,1,0,0,4,4,4,4,8,13,11,64,36,Estádio Municipal de Arouca (Arouca),,7,2,2.8,3.3,2.45,1.25,1.85,3.04,1.7,2.05,1.44,1.72,2.5,1.96,1.4,2.75,2.75,1.4,1,0,1,0,0,0,1,1723490100,175,0,0,0,3394,2,1,2,3,4,2,5,6,2,0,5,2,2,7,1,51,32,97,73,0.63,1.02,1.66,0,0,0,0,0,0,1,1,0,0,0,0,0,0,1,26,22,-1,-1,-1,1,8,7,0,0,0,0,FC Arouca,Vitória Guimarães,1.24,1.29,0.0,0.0,0.0,0.0,0,0,0.0,0.0,0.0,34,True,False,False,False,False,False,False,,0,66%,20%,Liga_Portugal,2024-08-12 19:15:00
2024-2025,2,0,2,2,2,2,4,3,3,1,0,2,6,2,3,4,9,19,12,38,62,"Estádio de São Miguel (Ponta Delgada, Ilha de São Miguel, Açores)","Rua Comandante Jaime de Sousa 21, Ponta Delgada, Ilha de São Miguel, Açores",5,3,8.7,5.4,1.3,1.22,1.55,2.67,1.95,1.8,1.49,1.85,2.38,1.95,1.3,2.5,3.4,1.5,2,0,2,0,0,0,2,1723824000,82,0,0,0,-1,2,1,1,0,1,2,1,3,0,2,4,1,2,5,1,4,15,6,44,0.42,1.1,1.51,0,1,0,1,0,0,1,1,0,0,0,0,0,0,1,18,26,-1,-1,-1,1,4,4,0,0,0,0,Santa Clara,Porto,1.88,1.71,0.0,0.0,3.0,3.0,0,0,0.0,0.0,0.0,34,True,True,False,False,False,False,False,,12.66,69%,75%,Liga_Portugal,2024-08-16 16:00:00
2024-2025,2,4,2,6,2,3,5,1,4,0,1,6,5,8,2,14,7,6,13,62,38,Estádio Cidade de Barcelos (Barcelos),,1,5,2.23,3.3,2.9,1.33,1.86,3.52,1.75,2.0,1.33,1.55,2.95,2.25,1.4,3.0,2.75,1.36,6,2,2,2,0,2,4,1723835700,183,0,0,0,-1,2,1,1,3,1,0,4,1,0,1,1,4,1,5,1,46,38,103,89,1.64,1.08,2.72,1,0,1,0,0,0,1,1,0,0,0,2,0,0,1,13,9,-1,-1,-1,1,7,10,0,0,0,0,Gil Vicente,AVS,1.18,0.71,0.0,0.0,0.0,1.0,0,0,0.0,0.0,0.0,34,True,True,True,True,True,True,True,,10.45,58%,0%,Liga_Portugal,2024-08-16 19:15:00
2024-2025,2,1,0,1,7,14,21,0,1,0,0,3,4,5,7,8,11,8,16,51,49,Estádio do Rio Ave Futebol Clube (Vila do Conde),,0,1,1.91,3.5,4.0,1.27,1.91,3.2,1.75,1.95,1.36,1.58,2.8,2.18,1.39,2.94,3.01,1.4,1,1,0,0,0,0,1,1723905000,171,0,0,0,-1,2,1,4,8,3,6,12,9,0,1,0,0,1,0,1,36,39,78,116,0.98,1.27,2.25,0,0,0,0,0,0,1,1,0,0,0,2,0,0,1,20,28,-1,-1,-1,1,8,7,0,0,0,0,Rio Ave FC,Farense,1.53,0.94,0.0,0.0,0.0,0.0,0,0,0.0,0.0,0.0,34,True,False,False,False,False,False,False,,22.59,82%,93%,Liga_Portugal,2024-08-17 14:30:00
2024-2025,2,1,6,7,4,3,7,1,1,0,0,5,10,5,5,10,15,9,10,35,65,Estádio da Madeira (Funchal (Ilha da Madeira)),,1,1,10.0,6.0,1.28,1.14,1.53,2.15,2.0,1.75,1.41,1.67,2.6,2.02,1.29,2.25,3.5,1.57,7,1,2,0,4,4,3,1723914000,114,0,0,0,-1,2,1,3,2,1,1,5,2,1,0,0,1,1,1,1,9,23,40,61,1.05,1.81,2.85,0,1,0,1,0,0,1,1,0,0,1,1,0,0,1,5,24,-1,-1,-1,1,10,4,0,0,0,0,CD Nacional,Sporting CP,1.41,2.24,0.0,0.0,1.0,3.0,0,0,0.0,0.0,0.0,34,True,True,True,True,True,True,True,,20.71,35%,20%,Liga_Portugal,2024-08-17 17:00:00
2024-2025,2,3,0,3,12,2,14,0,1,0,0,8,1,13,3,21,4,6,14,63,37,Estádio do Sport Lisboa e Benfica (da Luz) (Lisboa),"Rua José Maria Nicolau, Lisboa",0,1,1.17,6.75,13.0,1.11,1.4,2.07,2.0,1.77,1.34,1.56,2.9,2.23,1.23,2.13,3.92,1.7,3,0,0,3,0,3,0,1723923000,78,0,0,0,58926,2,1,7,2,5,0,9,5,0,0,0,1,0,1,1,83,22,149,59,2.49,0.49,2.98,0,0,0,0,0,0,1,1,0,0,2,1,0,0,1,3,6,-1,-1,-1,1,4,16,0,0,0,0,Benfica,Casa Pia,2.59,1.0,0.0,0.0,0.0,0.0,0,0,0.0,0.0,0.0,34,True,True,True,False,False,False,False,,16.11,78%,20%,Liga_Portugal,2024-08-17 19:30:00
2024-2025,2,1,0,1,9,3,12,2,1,0,0,6,2,5,2,11,4,14,18,60,40,Estádio Dom Afonso Henriques (Guimarães),,2,1,1.63,3.6,4.78,1.25,1.9,3.04,1.9,1.84,1.33,1.53,2.95,2.28,1.37,2.75,2.95,1.42,1,1,0,0,0,0,1,1724000400,175,0,0,0,-1,2,1,5,0,4,3,5,7,2,0,0,1,2,1,1,46,29,113,83,1.46,0.62,2.07,0,0,0,0,0,0,1,1,0,0,0,0,1,0,1,26,26,-1,-1,-1,1,5,6,0,0,0,0,Vitória Guimarães,GD Estoril Praia,1.88,1.24,0.0,0.0,3.0,0.0,0,0,0.0,0.0,0.0,34,True,False,False,False,False,False,False,,13.06,34%,7%,Liga_Portugal,2024-08-18 17:00:00
2024-2025,2,0,1,1,3,8,11,3,1,0,0,1,3,3,6,4,9,8,9,31,69,Estádio do Bessa Século XXI (Porto),,3,1,5.0,4.2,1.57,1.2,1.67,2.9,1.78,2.0,1.34,1.8,2.9,2.0,1.33,2.55,3.16,1.48,1,0,1,0,0,0,1,1724009400,172,0,0,0,-1,2,1,1,4,2,4,5,6,0,0,3,1,0,4,1,24,83,68,130,0.51,1.39,1.89,0,0,0,0,0,0,1,1,0,0,0,1,0,0,1,10,36,-1,-1,-1,1,9,5,0,0,0,0,Boavista FC,Sporting Braga,0.35,2.0,0.0,0.0,3.0,1.0,0,0,0.0,0.0,0.0,34,True,False,False,False,False,False,False,,5.99,84%,38%,Liga_Portugal,2024-08-18 19:30:00
2024-2025,2,3,1,4,6,5,11,1,2,0,0,6,4,4,6,10,10,13,12,43,57,Parque Desportivo Comendador Joaquim de Almeida Freitas (Moreira de Cónegos),,1,2,2.15,3.11,3.2,1.35,2.05,3.7,1.8,1.95,1.52,1.88,2.28,1.92,1.44,3.25,2.63,1.33,4,2,1,1,0,1,3,1723991400,174,0,0,0,-1,2,1,5,1,1,4,6,5,0,0,1,2,0,3,1,17,12,40,28,1.17,0.99,2.16,1,0,1,0,0,0,1,1,1,1,1,0,0,0,1,14,20,-1,-1,-1,1,7,5,0,0,0,0,Moreirense FC,FC Arouca,1.53,1.0,0.0,0.0,3.0,0.0,0,0,0.0,0.0,0.0,34,True,True,True,True,False,False,True,,7.34,39%,93%,Liga_Portugal,2024-08-18 14:30:00
2024-2025,2,0,3,3,2,4,6,3,1,0,0,1,5,8,5,9,10,10,16,51,49,Estádio José Gomes (Amadora),,3,1,2.26,3.01,2.82,1.39,2.09,3.98,1.9,1.88,1.44,1.72,2.5,1.96,1.46,3.14,2.61,1.33,3,0,1,0,2,2,1,1724094900,1033,0,0,0,-1,2,1,1,3,1,1,4,2,1,0,2,1,1,3,1,30,42,96,96,0.87,1.29,2.16,0,0,0,0,0,0,1,1,0,0,0,2,0,0,1,27,30,-1,-1,-1,1,6,13,0,0,0,0,Estrela Amadora,Famalicão,1.12,1.12,0.0,0.0,1.0,3.0,0,0,0.0,0.0,0.0,34,True,True,True,False,False,False,False,,13.8,70%,0%,Liga_Portugal,2024-08-19 19:15:00
2024-2025,3,0,5,5,1,5,6,4,1,0,0,1,9,2,9,3,18,18,6,32,68,Estádio Do Algarve (Almancil),,4,1,14.0,7.5,1.2,1.09,1.4,1.98,2.01,1.75,1.34,1.56,2.88,2.2,1.22,2.05,4.05,1.73,5,0,2,0,3,3,2,1724440500,114,0,100,0,-1,2,1,0,4,1,1,4,2,1,1,3,0,2,3,1,7,21,22,62,0.31,1.91,2.22,0,1,0,1,0,0,1,1,0,0,0,3,0,1,1,14,18,-1,-1,-1,1,12,5,100,100,50,100,Farense,Sporting CP,0.65,2.24,0.0,3.0,0.0,3.0,0,0,1.43,1.81,3.24,34,True,True,True,True,True,False,False,,3.44,83%,0%,Liga_Portugal,2024-08-23 19:15:00
2024-2025,3,0,2,2,7,1,8,3,4,1,0,2,4,5,2,7,6,12,21,58,42,Estádio Municipal de Rio Maior (Rio Maior),,4,4,2.68,3.2,2.54,1.3,1.95,3.5,1.8,1.95,1.33,1.56,2.9,2.2,1.44,3.25,2.63,1.33,2,0,0,0,2,2,0,1724509800,1028,0,50,0,-1,2,1,3,1,4,0,4,4,0,1,4,3,1,7,1,33,33,109,78,0.84,0.91,1.74,0,0,0,0,0,0,1,1,0,0,0,1,0,0,1,38,24,-1,-1,-1,1,3,7,50,50,50,50,Casa Pia,Santa Clara,1.65,1.47,0.0,3.0,0.0,1.5,50,50,1.44,1.32,2.76,34,True,True,False,False,False,False,False,,17.27,58%,20%,Liga_Portugal,2024-08-24 14:30:00
2024-2025,3,2,0,2,9,3,12,0,1,0,1,12,0,9,0,21,0,14,15,72,28,Estádio Do Dragão (Porto),,0,2,1.23,5.6,11.0,1.2,1.72,2.9,2.38,1.53,1.38,1.61,2.7,2.12,1.33,2.5,3.25,1.5,2,2,0,0,0,0,2,1724518800,82,0,50,0,-1,2,1,1,3,8,0,4,8,0,2,0,0,2,0,1,91,17,149,41,2.82,0.13,2.96,0,0,0,0,0,0,1,1,1,0,1,0,0,0,1,20,15,-1,-1,-1,1,0,13,100,100,50,100,Porto,Rio Ave FC,2.47,0.71,3.0,0.0,3.0,1.5,0,0,1.16,0.58,1.74,34,True,True,False,False,False,False,False,,16.11,71%,0%,Liga_Portugal,2024-08-24 17:00:00
2024-2025,3,1,0,1,7,3,10,1,3,0,0,2,2,3,2,5,4,19,16,59,41,Estádio Municipal 22 de Junho (Vila Nova de Famalicão),,1,3,1.68,3.75,4.93,1.27,1.82,3.5,2.0,1.75,1.4,1.64,2.65,2.08,1.4,3.0,2.75,1.36,1,1,0,0,0,0,1,1724527800,1033,0,0,0,-1,2,1,4,0,2,3,4,5,0,3,1,0,3,1,1,31,34,76,123,0.69,0.66,1.35,0,0,0,0,0,0,1,1,1,0,1,0,0,0,1,26,31,-1,-1,-1,1,3,7,0,50,0,50,Famalicão,Boavista FC,1.65,1.06,3.0,3.0,3.0,1.5,100,50,1.14,0.67,1.81,34,True,False,False,False,False,False,False,,3.44,73%,2%,Liga_Portugal,2024-08-24 19:30:00
2024-2025,3,1,0,1,12,2,14,4,3,0,0,9,0,2,4,11,4,19,12,58,42,Estádio do Sport Lisboa e Benfica (da Luz) (Lisboa),"Rua José Maria Nicolau, Lisboa",4,3,1.14,7.0,20.0,1.12,1.55,2.2,2.2,1.62,1.29,1.48,3.15,2.4,1.25,2.1,3.75,1.67,1,1,0,0,0,0,1,1724527800,78,0,50,0,59490,2,1,4,1,8,1,5,9,2,1,2,2,3,4,1,100,13,145,72,2.06,0.36,2.42,0,0,0,0,0,0,1,1,0,0,2,0,0,0,1,18,24,-1,-1,-1,1,5,5,50,100,0,0,Benfica,Estrela Amadora,2.59,0.59,3.0,1.0,1.5,0.5,50,0,2.49,0.8,3.29,34,True,False,False,False,False,False,False,,24.16,69%,0%,Liga_Portugal,2024-08-24 19:30:00
2024-2025,3,1,0,1,3,6,9,3,3,0,0,2,6,7,7,9,13,16,14,35,65,Estádio Clube Desportivo das Aves (Vila das Aves),,3,3,3.7,3.35,2.01,1.3,1.73,3.28,1.79,1.98,1.21,1.38,3.65,2.7,1.39,2.82,2.86,1.4,1,0,0,1,0,1,0,1724614200,998595,0,50,0,-1,2,1,0,3,3,3,3,6,1,0,2,3,1,5,1,25,67,58,110,0.89,1.73,2.62,0,0,0,0,0,0,1,1,0,0,0,1,0,0,1,16,33,-1,-1,-1,1,8,7,0,50,0,100,AVS,Vitória Guimarães,0.88,1.29,1.0,3.0,0.5,3.0,100,50,1.49,1.02,2.51,34,True,False,False,False,False,False,False,,,,,Liga_Portugal,2024-08-25 19:30:00
2024-2025,3,0,0,0,8,1,9,4,1,0,0,1,4,7,6,8,10,20,7,48,52,Estádio António Coimbra da Mota (Estoril),,4,1,2.5,3.25,2.7,1.36,1.95,3.7,1.77,1.95,1.56,1.91,2.2,1.76,1.42,2.9,2.62,1.36,0,0,0,0,0,0,0,1724605200,-1,0,50,0,-1,2,1,0,0,8,1,0,9,0,0,4,1,0,5,1,42,25,107,102,0.89,1.11,2.0,0,0,0,0,0,0,1,1,0,0,0,0,0,0,1,23,15,-1,-1,-1,1,15,13,100,100,50,100,GD Estoril Praia,Gil Vicente,1.47,0.82,0.0,0.0,0.0,1.5,0,0,0.47,0.23,0.7,34,False,False,False,False,False,False,False,,24.16,49%,0%,Liga_Portugal,2024-08-25 17:00:00
2024-2025,3,3,1,4,6,1,7,0,2,0,0,5,5,8,4,13,9,13,7,67,33,Estádio Municipal de Braga (Braga),,0,2,1.47,4.48,6.65,1.24,1.76,2.98,1.91,1.83,1.5,1.81,2.35,1.85,1.36,2.71,3.0,1.43,4,1,0,2,1,3,1,1724614200,172,0,100,0,-1,2,1,3,0,3,1,3,4,0,1,0,1,1,1,1,72,30,131,50,1.7,1.13,2.83,0,0,0,0,0,0,1,1,0,0,0,0,0,0,1,23,11,-1,-1,-1,1,5,9,50,100,0,50,Sporting Braga,Moreirense FC,1.88,0.82,1.0,3.0,2.0,3.0,50,0,1.59,1.35,2.94,34,True,True,True,True,False,False,True,,4.21,49%,0%,Liga_Portugal,2024-08-25 19:30:00
2024-2025,3,1,0,1,9,3,12,2,6,0,0,4,1,4,10,8,11,17,11,47,53,Estádio Municipal de Arouca (Arouca),,2,6,1.87,3.6,3.8,1.25,1.8,3.1,1.75,2.0,1.43,1.71,2.55,1.96,1.36,2.75,3.0,1.4,1,1,0,0,0,0,1,1724596200,167,0,50,0,-1,2,1,3,1,6,2,4,8,0,1,2,5,1,7,1,34,38,74,88,1.04,1.04,2.08,0,0,0,0,0,0,1,1,0,0,1,0,0,0,1,23,28,-1,-1,-1,1,16,6,0,50,0,100,FC Arouca,CD Nacional,1.24,0.59,0.0,1.0,0.0,0.5,100,50,0.63,0.82,1.45,34,True,False,False,False,False,False,False,,2.44,91%,76%,Liga_Portugal,2024-08-25 14:30:00
2024-2025,4,1,1,2,0,8,8,4,5,0,0,4,4,1,7,5,11,18,9,34,66,Parque Desportivo Comendador Joaquim de Almeida Freitas (Moreira de Cónegos),,4,5,7.25,4.4,1.45,1.22,1.79,3.2,2.0,1.75,1.5,1.8,2.35,1.86,1.36,2.63,3.0,1.44,2,0,0,1,1,2,0,1725045300,-1,0,50,0,-1,2,1,0,1,0,7,1,7,1,2,3,3,3,6,1,17,94,77,145,0.73,1.66,2.4,0,1,0,1,0,0,1,1,0,0,0,0,0,0,1,18,50,-1,-1,-1,1,14,2,50,100,50,100,Moreirense FC,Benfica,1.53,2.12,3.0,0.0,2.0,2.0,50,0,1.17,1.09,2.26,34,True,True,False,False,False,False,True,,2.42,80%,77%,Liga_Portugal,2024-08-30 19:15:00
2024-2025,4,2,1,3,3,2,5,1,2,0,0,5,2,7,6,12,8,13,8,52,48,"Estádio de São Miguel (Ponta Delgada, Ilha de São Miguel, Açores)","Rua Comandante Jaime de Sousa 21, Ponta Delgada, Ilha de São Miguel, Açores",1,2,1.87,3.4,3.9,1.34,2.02,3.62,1.91,1.91,1.3,1.52,3.05,2.3,1.44,3.0,2.63,1.36,3,1,1,1,0,1,2,1725114600,1028,0,50,0,-1,2,1,1,0,2,2,1,4,0,0,1,2,0,3,1,54,43,91,82,1.5,0.96,2.46,0,0,0,0,0,0,1,1,0,0,0,0,0,0,1,22,29,-1,-1,-1,1,5,9,50,100,100,100,Santa Clara,AVS,1.88,0.71,0.0,0.0,2.0,1.33,50,0,0.42,1.08,1.5,34,True,True,True,False,False,False,True,,9.22,88%,75%,Liga_Portugal,2024-08-31 14:30:00
2024-2025,4,0,1,1,2,7,9,1,1,0,0,3,5,5,5,8,10,8,23,66,34,Estádio José Gomes (Amadora),,1,1,2.15,3.2,3.3,1.38,2.28,4.05,1.96,1.79,1.5,1.84,2.33,1.82,1.48,3.22,2.55,1.32,1,0,0,0,1,1,0,1725123600,4810,0,0,0,-1,2,1,0,4,2,3,4,5,0,0,1,1,0,2,1,46,44,126,65,1.07,1.3,2.36,0,0,0,0,0,0,1,1,0,0,0,2,0,0,1,25,18,-1,-1,-1,1,8,7,100,100,0,50,Estrela Amadora,Casa Pia,1.12,1.0,0.0,0.0,0.33,0.0,0,0,0.87,0.49,1.36,34,True,False,False,False,False,False,False,,23.02,68%,20%,Liga_Portugal,2024-08-31 17:00:00
2024-2025,4,0,0,0,8,3,11,2,5,0,0,5,1,13,6,18,7,12,19,48,52,Estádio do Bessa Século XXI (Porto),,2,5,2.3,3.1,3.0,1.4,2.12,4.0,1.9,1.9,1.48,1.8,2.38,1.86,1.45,3.26,2.76,1.34,0,0,0,0,0,0,0,1725123600,-1,0,0,0,-1,2,1,3,3,5,0,6,5,0,0,2,5,0,7,1,42,28,97,68,1.79,0.72,2.51,0,0,0,0,0,0,1,1,0,0,0,1,0,0,1,19,20,-1,-1,-1,1,8,14,0,0,0,100,Boavista FC,GD Estoril Praia,0.35,1.24,0.0,0.0,1.0,0.33,100,100,0.51,0.62,1.13,34,False,False,False,False,False,False,False,,13,82%,77%,Liga_Portugal,2024-08-31 17:00:00
2024-2025,4,2,0,2,2,3,5,1,5,0,0,5,3,8,3,13,6,13,18,54,46,Estádio José Alvalade (Lisboa),,1,5,1.87,3.6,3.75,1.23,1.67,2.8,1.67,2.1,1.63,1.8,2.08,2.0,1.32,2.5,3.1,1.48,2,0,0,2,0,2,0,1725132600,114,0,50,0,-1,2,1,1,1,1,2,2,3,1,1,0,4,2,4,1,39,19,74,57,1.45,0.73,2.18,1,0,1,0,0,0,1,1,0,0,0,0,0,0,1,6,13,-1,-1,-1,1,6,7,50,100,100,100,Sporting CP,Porto,2.59,1.71,3.0,3.0,3.0,3.0,50,0,2.12,1.1,3.22,34,True,True,False,False,False,False,False,,20.71,82%,75%,Liga_Portugal,2024-08-31 19:30:00
2024-2025,4,2,1,3,5,7,12,5,3,0,0,5,4,2,3,7,7,18,12,49,51,Estádio Dom Afonso Henriques (Guimarães),,5,3,1.91,3.4,3.9,1.38,2.1,3.85,1.9,1.8,1.36,1.6,2.8,2.15,1.45,3.1,2.55,1.33,3,1,1,1,0,1,2,1725219000,175,0,0,0,-1,2,1,2,2,3,5,4,8,2,1,3,2,3,5,1,38,42,74,85,1.07,1.03,2.11,0,0,0,0,0,0,1,1,1,0,0,1,0,0,1,1,3,-1,-1,-1,1,9,7,50,50,0,100,Vitória Guimarães,Famalicão,1.88,1.12,3.0,3.0,2.0,3.0,50,50,1.46,1.29,2.75,34,True,True,True,False,False,False,True,,1.01,84%,10%,Liga_Portugal,2024-09-01 19:30:00
2024-2025,4,0,0,0,4,5,9,4,1,0,0,5,2,3,5,8,7,9,18,48,52,Estádio Cidade de Barcelos (Barcelos),,4,1,4.2,3.8,1.75,1.25,1.7,2.9,1.7,2.05,1.48,1.78,2.4,1.88,1.33,2.5,3.0,1.48,0,0,0,0,0,0,0,1725219000,-1,0,50,0,-1,2,1,0,4,4,1,4,5,1,1,3,0,2,3,1,34,63,71,118,1.11,1.05,2.16,0,0,0,0,0,0,1,1,0,0,0,2,0,0,1,2,3,-1,-1,-1,1,11,3,50,50,50,100,Gil Vicente,Sporting Braga,1.18,2.0,3.0,3.0,1.33,2.33,50,50,1.64,1.39,3.03,34,False,False,False,False,False,False,False,,1.39,92%,10%,Liga_Portugal,2024-09-01 19:30:00
2024-2025,4,2,0,2,4,4,8,3,3,0,0,4,0,7,6,11,6,19,16,51,49,Estádio da Madeira (Funchal (Ilha da Madeira)),,3,3,2.3,3.4,2.9,1.29,1.85,3.2,1.72,2.1,1.3,1.52,3.05,2.3,1.38,2.7,2.85,1.4,2,1,0,1,0,1,1,1725201000,163,0,50,0,2038,2,1,2,1,2,3,3,5,0,0,3,3,0,6,1,35,40,76,83,1.23,0.68,1.91,0,0,0,0,0,0,1,1,0,0,0,0,0,0,1,25,40,-1,-1,-1,1,7,9,50,50,50,100,CD Nacional,Farense,1.41,0.94,0.0,0.0,0.33,0.0,50,50,1.05,1.27,2.32,34,True,True,False,False,False,False,False,,16.11,74%,20%,Liga_Portugal,2024-09-01 14:30:00
2024-2025,4,1,0,1,8,8,16,1,3,0,0,5,3,6,8,11,11,16,19,46,54,Estádio do Rio Ave Futebol Clube (Vila do Conde),,1,3,2.3,3.4,2.9,1.34,1.95,3.62,1.82,1.95,1.65,2.06,2.06,1.65,1.42,2.95,2.65,1.35,1,1,0,0,0,0,1,1725210000,171,0,50,0,-1,2,1,2,3,6,5,5,11,0,2,1,1,2,2,1,22,33,74,64,1.21,1.14,2.35,1,0,1,0,0,0,1,1,0,0,0,0,0,0,1,7,10,-1,-1,-1,1,12,4,50,50,50,100,Rio Ave FC,FC Arouca,1.53,1.0,3.0,0.0,1.0,1.0,50,50,0.98,0.99,1.97,34,True,False,False,False,False,False,False,,8.05,68%,0%,Liga_Portugal,2024-09-01 17:00:00
2024-2025,5,1,0,1,4,11,15,4,2,0,0,3,3,5,6,8,9,15,12,38,62,Estádio Clube Desportivo das Aves (Vila das Aves),,4,2,2.6,3.2,2.7,1.33,2.1,3.66,1.8,1.95,1.43,1.7,2.55,2.0,1.44,3.25,2.63,1.33,1,0,0,1,0,1,0,1726333200,998595,0,50,0,-1,2,1,1,5,3,6,6,9,1,1,3,1,2,4,1,41,48,102,124,1.02,1.14,2.16,0,0,0,0,0,0,1,1,0,0,0,0,0,0,1,24,16,-1,-1,-1,1,8,11,25,75,50,75,AVS,Rio Ave FC,0.88,0.71,2.0,0.0,1.0,1.5,75,25,1.19,0.35,1.54,34,True,False,False,False,False,False,False,,,,,Liga_Portugal,2024-09-14 17:00:00
2024-2025,5,2,2,4,9,2,11,3,4,0,0,3,4,13,6,16,10,8,17,67,33,Estádio José Gomes (Amadora),,3,4,1.94,3.2,4.0,1.47,2.25,4.75,2.1,1.67,1.4,1.66,2.65,2.04,1.5,3.5,2.5,1.29,4,1,2,1,0,1,3,1726514100,-1,0,0,0,-1,2,1,1,1,8,1,2,9,3,1,0,3,4,3,1,60,34,130,67,1.66,1.16,2.82,0,0,0,0,0,0,1,1,0,0,1,0,0,0,1,29,25,-1,-1,-1,1,8,19,25,25,0,50,Estrela Amadora,Boavista FC,1.12,1.06,0.0,1.5,0.25,1.0,75,75,0.97,0.66,1.63,34,True,True,True,True,False,False,True,,14.97,16%,0%,Liga_Portugal,2024-09-16 19:15:00
2024-2025,5,2,1,3,11,0,11,2,3,0,0,12,6,10,6,22,12,7,19,72,28,Estádio Do Dragão (Porto),,2,3,1.12,8.5,15.5,1.12,1.37,2.0,2.38,1.53,1.34,1.56,2.9,2.2,1.22,2.1,4.0,1.67,3,0,0,2,1,3,0,1726410600,82,0,0,0,-1,2,1,3,0,9,0,3,9,0,1,2,2,1,4,1,74,23,113,50,2.76,1.34,4.1,1,0,1,0,0,0,1,1,0,0,0,0,0,0,1,26,11,-1,-1,-1,1,8,15,25,75,25,100,Porto,Farense,2.47,0.94,3.0,0.0,2.25,0.0,75,25,1.99,0.97,2.96,34,True,True,True,False,False,False,True,,8.05,25%,0%,Liga_Portugal,2024-09-15 14:30:00
2024-2025,5,1,1,2,8,1,9,1,0,0,0,4,2,5,5,9,7,11,16,57,43,Estádio Municipal 22 de Junho (Vila Nova de Famalicão),,1,0,1.85,3.3,4.2,1.38,2.1,4.0,1.95,1.8,1.53,1.82,2.28,1.98,1.44,3.25,2.63,1.33,2,1,0,0,1,1,1,1726342200,-1,0,0,0,-1,2,1,2,1,6,0,3,6,0,0,1,0,0,1,1,46,43,103,90,1.19,0.9,2.09,0,0,0,0,0,0,1,1,0,0,0,1,0,0,1,16,26,-1,-1,-1,1,9,8,25,50,0,75,Famalicão,Gil Vicente,1.65,0.82,3.0,0.5,2.25,1.25,75,50,0.92,0.67,1.59,34,True,True,False,False,False,False,True,,2.77,43%,40%,Liga_Portugal,2024-09-14 19:30:00
2024-2025,5,0,2,2,6,4,10,3,3,1,0,2,4,3,6,5,10,20,17,52,48,Estádio Municipal de Braga (Braga),,5,3,1.91,3.5,3.76,1.36,1.91,3.75,1.95,1.8,1.3,1.5,3.05,2.33,1.44,3.0,2.63,1.36,2,0,0,0,2,2,0,1726428600,175,0,50,0,-1,2,1,3,2,3,2,5,5,1,1,3,2,2,5,1,61,23,108,75,0.91,1.08,1.99,0,0,0,0,0,0,1,1,0,0,0,0,0,0,1,18,15,-1,-1,-1,1,7,6,25,50,0,50,Sporting Braga,Vitória Guimarães,1.88,1.29,2.0,1.5,2.0,2.25,75,50,1.64,1.37,3.01,34,True,True,False,False,False,False,False,,5.01,26%,3%,Liga_Portugal,2024-09-15 19:30:00
2024-2025,5,1,0,1,3,4,7,2,1,0,1,3,3,6,11,9,14,22,12,52,48,Estádio António Coimbra da Mota (Estoril),,2,3,2.3,3.25,3.01,1.36,2.04,3.75,1.8,1.95,1.34,1.57,2.88,2.2,1.44,3.25,2.63,1.33,1,1,0,0,0,0,1,1726419600,164,0,50,0,-1,2,1,2,2,1,2,4,3,1,0,1,2,1,3,1,56,38,85,97,1.19,1.37,2.56,0,0,0,0,0,0,1,1,0,0,0,1,1,0,1,28,23,-1,-1,-1,1,19,9,25,50,25,75,GD Estoril Praia,CD Nacional,1.47,0.59,0.5,0.5,0.5,1.0,75,50,0.68,0.93,1.61,34,True,False,False,False,False,False,False,,18.41,27%,0%,Liga_Portugal,2024-09-15 17:00:00
2024-2025,5,0,3,3,2,8,10,3,0,0,0,2,7,2,7,4,14,14,11,38,62,Estádio Municipal de Arouca (Arouca),,3,0,12.0,6.25,1.25,1.11,1.4,2.08,1.95,1.8,1.47,1.95,2.43,1.85,1.25,2.1,3.75,1.67,3,0,1,0,2,2,1,1726254900,114,0,25,0,-1,2,1,2,4,0,4,6,4,0,0,3,0,0,3,1,15,86,35,137,0.5,2.0,2.5,0,1,0,1,0,0,1,1,0,0,0,0,0,0,1,8,16,-1,-1,-1,1,8,2,50,50,50,100,FC Arouca,Sporting CP,1.24,2.24,1.5,3.0,0.75,3.0,50,50,0.84,1.86,2.7,34,True,True,True,False,False,False,False,,7.65,57%,25%,Liga_Portugal,2024-09-13 19:15:00
2024-2025,5,4,1,5,5,1,6,1,3,0,0,8,2,5,3,13,5,14,7,60,40,Estádio do Sport Lisboa e Benfica (da Luz) (Lisboa),"Rua José Maria Nicolau, Lisboa",1,3,1.22,5.75,11.0,1.18,1.57,2.09,2.1,1.67,1.41,1.66,2.63,2.04,1.29,2.25,3.5,1.57,5,2,1,2,0,2,3,1726342200,78,0,25,0,60145,2,1,3,0,2,1,3,3,0,1,1,2,1,3,1,60,23,141,62,1.83,0.63,2.46,0,0,0,0,0,0,1,1,0,1,0,0,0,0,1,27,15,-1,-1,-1,1,6,8,50,75,25,50,Benfica,Santa Clara,2.59,1.47,3.0,3.0,1.75,2.25,50,25,2.27,1.11,3.38,34,True,True,True,True,True,False,True,,16.11,68%,0%,Liga_Portugal,2024-09-14 19:30:00
2024-2025,5,3,1,4,4,5,9,5,2,0,0,4,2,5,7,9,9,23,10,46,54,Estádio Municipal de Rio Maior (Rio Maior),,5,2,2.7,2.9,2.75,1.5,2.4,4.75,2.0,1.75,1.52,1.9,2.28,1.9,1.53,3.75,2.38,1.25,4,0,1,3,0,3,1,1726324200,4810,0,50,0,1288,2,1,2,3,2,2,5,4,0,0,5,2,0,7,1,37,26,106,91,1.13,0.91,2.04,0,0,0,0,0,0,1,1,0,0,0,3,0,0,1,13,14,-1,-1,-1,1,9,9,50,75,0,50,Casa Pia,Moreirense FC,1.65,0.82,0.0,1.5,0.75,1.75,50,25,1.14,1.24,2.38,34,True,True,True,True,False,False,True,,2.55,49%,85%,Liga_Portugal,2024-09-14 14:30:00
2024-2025,6,1,1,2,9,2,11,2,5,0,0,3,5,6,3,9,8,7,24,57,43,Estádio Cidade de Barcelos (Barcelos),,2,5,2.15,3.0,3.5,1.45,2.32,4.5,2.0,1.73,1.47,1.8,2.43,2.0,1.53,3.3,2.38,1.28,2,1,0,0,1,1,1,1727015400,-1,0,25,0,-1,-1,1,-1,-1,-1,-1,-1,-1,0,2,2,3,2,5,1,58,24,103,79,1.2,1.04,2.24,0,1,0,1,0,0,1,1,0,0,-1,-1,0,0,1,15,14,-1,-1,-1,1,3,5,50,50,25,25,Gil Vicente,Casa Pia,1.18,1.0,2.0,1.5,1.2,1.2,50,50,1.37,0.89,2.26,34,True,True,False,False,False,False,True,,9.73,61%,59%,Liga_Portugal,2024-09-22 14:30:00
2024-2025,6,2,2,4,7,4,11,2,2,0,0,7,4,6,3,13,7,15,9,57,43,Estádio do Rio Ave Futebol Clube (Vila do Conde),,2,2,1.95,3.2,4.0,1.42,2.15,4.33,1.95,1.75,1.37,1.61,2.75,2.12,1.48,3.3,2.45,1.28,4,1,0,1,2,3,1,1726929000,-1,0,0,0,-1,2,1,0,0,1,0,0,1,0,1,2,1,1,3,1,44,27,117,87,1.64,0.93,2.57,0,0,0,0,0,0,1,1,1,0,0,0,0,0,1,22,15,-1,-1,-1,1,5,7,0,0,0,75,Rio Ave FC,GD Estoril Praia,1.53,1.24,3.0,0.5,1.2,1.0,100,100,1.09,0.67,1.76,34,True,True,True,True,False,False,True,,3.44,78%,20%,Liga_Portugal,2024-09-21 14:30:00
2024-2025,6,0,0,0,4,3,7,5,3,0,0,3,1,4,2,7,3,24,15,42,58,Parque Desportivo Comendador Joaquim de Almeida Freitas (Moreira de Cónegos),,5,3,2.4,3.0,3.0,1.36,2.3,4.5,1.9,1.87,1.5,1.82,2.35,1.98,1.53,3.4,2.38,1.28,0,0,0,0,0,0,0,1726947000,-1,0,75,0,-1,-1,1,-1,-1,-1,-1,-1,-1,2,2,3,1,4,4,1,38,34,83,105,0.93,0.53,1.46,0,0,0,0,0,0,1,1,0,0,-1,-1,0,0,1,20,19,-1,-1,-1,1,6,9,75,100,50,75,Moreirense FC,Famalicão,1.53,1.12,2.0,1.5,1.4,2.0,25,0,0.95,1.16,2.11,34,False,False,False,False,False,False,False,,1.59,88%,4%,Liga_Portugal,2024-09-21 19:30:00
2024-2025,6,3,0,3,9,1,10,0,3,0,0,9,1,9,3,18,4,11,12,64,36,Estádio José Alvalade (Lisboa),,0,3,1.03,12.0,34.0,1.05,1.33,1.82,2.48,1.5,1.33,1.54,2.9,2.25,1.18,1.92,4.55,1.83,3,2,0,1,0,1,2,1727033400,114,0,75,0,43030,-1,1,-1,-1,-1,-1,-1,-1,0,1,0,2,1,2,1,78,20,119,82,2.33,0.48,2.81,0,0,0,0,0,0,1,1,0,0,-1,-1,0,0,1,21,9,-1,-1,-1,1,2,11,75,100,75,75,Sporting CP,AVS,2.59,0.71,3.0,0.0,3.0,1.4,25,0,1.79,1.02,2.81,34,True,True,True,False,False,False,False,,6.91,80%,20%,Liga_Portugal,2024-09-22 19:30:00
2024-2025,6,0,1,1,10,6,16,1,4,0,0,3,3,11,3,14,6,22,15,47,53,Estádio de São Lúis (Faro),,1,4,2.6,3.3,2.55,1.28,1.89,3.1,1.65,2.1,1.46,1.75,2.43,1.91,1.38,2.65,2.8,1.42,1,0,1,0,0,0,1,1727024400,167,0,50,0,-1,-1,1,-1,-1,-1,-1,-1,-1,1,0,0,4,1,4,1,53,47,95,92,1.48,0.94,2.42,0,0,0,0,0,0,1,1,0,0,-1,-1,0,0,1,27,32,-1,-1,-1,1,9,13,75,75,50,100,Farense,FC Arouca,0.65,1.0,0.0,0.0,0.0,0.6,25,25,0.87,1.07,1.94,34,True,False,False,False,False,False,False,,8.05,83%,0%,Liga_Portugal,2024-09-22 17:00:00
2024-2025,6,0,3,3,6,6,12,3,3,0,0,2,6,7,7,9,13,12,17,45,55,Estádio da Madeira (Funchal (Ilha da Madeira)),,3,3,4.1,3.25,1.89,1.25,1.85,3.3,1.75,2.0,1.4,1.65,2.65,2.06,1.36,2.75,3.0,1.4,3,0,0,0,3,3,0,1726859700,172,0,25,0,-1,-1,1,-1,-1,-1,-1,-1,-1,1,2,2,1,3,3,1,38,63,98,113,0.99,1.7,2.69,0,0,0,0,0,0,1,1,0,0,-1,-1,0,0,1,21,20,-1,-1,-1,1,10,13,25,50,25,75,CD Nacional,Sporting Braga,1.41,2.0,1.5,2.0,0.8,1.6,75,50,1.14,1.22,2.36,34,True,True,True,False,False,False,False,,3.44,87%,40%,Liga_Portugal,2024-09-20 19:15:00
2024-2025,6,1,0,1,3,8,11,2,3,0,0,4,5,4,5,8,10,17,19,44,56,"Estádio de São Miguel (Ponta Delgada, Ilha de São Miguel, Açores)","Rua Comandante Jaime de Sousa 21, Ponta Delgada, Ilha de São Miguel, Açores",2,3,1.8,3.3,4.6,1.33,2.25,3.8,2.0,1.75,1.4,1.66,2.65,2.02,1.44,3.25,2.63,1.33,1,0,0,1,0,1,0,1726929000,1028,0,50,0,-1,-1,1,-1,-1,-1,-1,-1,-1,1,1,1,2,2,3,1,31,36,89,103,1.02,1.25,2.27,0,0,0,0,0,0,1,1,0,0,-1,-1,0,0,1,23,37,-1,-1,-1,1,6,5,25,75,50,75,Santa Clara,Estrela Amadora,1.88,0.59,1.5,0.5,1.8,0.4,75,25,0.96,0.58,1.54,34,True,False,False,False,False,False,False,,9.22,57%,20%,Liga_Portugal,2024-09-21 14:30:00
2024-2025,6,0,3,3,5,6,11,4,4,0,0,1,5,3,4,4,9,7,18,47,53,Estádio Dom Afonso Henriques (Guimarães),,4,4,3.3,3.2,2.15,1.36,2.1,3.6,1.95,1.8,1.4,1.64,2.65,2.06,1.44,3.25,2.63,1.33,3,0,0,0,3,3,0,1726938000,82,0,25,0,-1,-1,1,-1,-1,-1,-1,-1,-1,3,2,1,2,5,3,1,44,42,99,83,0.66,1.23,1.88,0,0,0,0,0,0,1,1,0,0,-1,-1,0,0,1,16,20,-1,-1,-1,1,7,9,25,75,50,75,Vitória Guimarães,Porto,1.88,1.71,3.0,1.5,2.4,2.4,75,25,1.27,0.91,2.18,34,True,True,True,False,False,False,False,,10,61%,72%,Liga_Portugal,2024-09-21 17:00:00
2024-2025,6,0,3,3,4,5,9,2,0,0,0,3,8,2,3,5,11,10,10,33,67,Estádio do Bessa Século XXI (Porto),,2,0,11.0,5.6,1.23,1.22,1.95,2.88,2.25,1.57,1.4,1.66,2.63,2.04,1.33,2.5,3.25,1.5,3,0,2,0,1,1,2,1727118900,78,0,25,0,-1,-1,1,-1,-1,-1,-1,-1,-1,0,0,2,0,0,2,1,32,61,73,110,0.77,1.7,2.47,0,0,0,0,0,0,1,1,0,0,-1,-1,0,0,1,12,19,-1,-1,-1,1,7,5,0,50,0,50,Boavista FC,Benfica,0.35,2.12,0.5,0.5,1.0,2.0,100,50,1.15,1.37,2.52,34,True,True,True,False,False,False,False,,6.91,88%,20%,Liga_Portugal,2024-09-23 19:15:00
2024-2025,7,0,0,0,8,4,12,1,4,0,0,5,4,3,5,8,9,12,22,68,32,Estádio Municipal 22 de Junho (Vila Nova de Famalicão),,1,4,1.6,3.7,5.3,1.27,1.94,3.14,1.95,1.8,1.41,1.71,2.6,1.97,1.4,3.0,2.75,1.36,0,0,0,0,0,0,0,1727620200,-1,0,33,0,-1,-1,1,-1,-1,-1,-1,-1,-1,1,1,0,3,2,3,1,73,32,113,68,1.39,1.08,2.47,0,0,0,0,0,0,1,1,0,0,-1,-1,0,0,1,27,26,-1,-1,-1,1,6,10,0,50,0,100,Famalicão,CD Nacional,1.65,0.59,2.33,0.33,1.83,0.67,100,50,1.01,1.08,2.09,34,False,False,False,False,False,False,False,,6.55,32%,19%,Liga_Portugal,2024-09-29 14:30:00
2024-2025,7,0,0,0,6,3,9,4,2,0,0,2,3,9,6,11,9,15,11,61,39,Estádio Clube Desportivo das Aves (Vila das Aves),,4,2,1.95,3.7,3.7,1.25,1.83,3.3,1.75,2.0,1.25,1.42,3.4,2.55,1.4,2.75,2.75,1.4,0,0,0,0,0,0,0,1727723700,-1,0,33,0,-1,-1,1,-1,-1,-1,-1,-1,-1,2,1,2,1,3,3,1,60,20,116,83,1.28,0.93,2.21,0,0,0,0,0,0,1,1,0,0,-1,-1,0,0,1,30,22,-1,-1,-1,1,4,13,17,50,0,50,AVS,Farense,0.88,0.94,2.33,0.0,1.17,0.0,84,50,1.13,1.1,2.23,34,False,False,False,False,False,False,False,,,,,Liga_Portugal,2024-09-30 19:15:00
2024-2025,7,4,0,4,8,2,10,2,2,0,1,7,0,11,3,18,3,17,7,57,43,Estádio Do Dragão (Porto),,2,3,1.11,7.5,16.0,1.16,1.5,2.15,2.2,1.62,1.4,1.64,2.65,2.08,1.25,2.2,3.75,1.62,4,0,0,4,0,4,0,1727629200,82,0,33,0,-1,-1,1,-1,-1,-1,-1,-1,-1,1,3,1,0,4,1,1,75,20,119,55,2.17,0.34,2.51,0,0,0,0,0,0,1,1,0,0,-1,-1,0,0,1,17,11,-1,-1,-1,1,6,17,50,67,33,84,Porto,FC Arouca,2.47,1.0,3.0,1.0,2.5,1.0,50,34,2.25,1.02,3.27,34,True,True,True,True,False,False,False,,5.75,33%,0%,Liga_Portugal,2024-09-29 17:00:00
2024-2025,7,1,0,1,3,0,3,4,3,0,0,4,2,8,2,12,4,11,9,57,43,"Estádio de São Miguel (Ponta Delgada, Ilha de São Miguel, Açores)","Rua Comandante Jaime de Sousa 21, Ponta Delgada, Ilha de São Miguel, Açores",4,3,1.61,3.67,5.8,1.33,2.12,3.6,2.2,1.62,1.62,2.0,2.1,1.68,1.44,3.25,2.63,1.33,1,1,0,0,0,0,1,1727638200,1028,0,33,0,-1,-1,1,-1,-1,-1,-1,-1,-1,3,1,1,2,4,3,1,44,15,92,92,1.36,0.52,1.88,0,0,0,0,0,0,1,1,0,0,-1,-1,1,0,1,26,24,-1,-1,-1,1,3,12,33,50,50,67,Santa Clara,Boavista FC,1.88,1.06,2.0,1.33,2.0,0.83,67,50,0.98,0.83,1.81,34,True,False,False,False,False,False,False,,9.22,94%,75%,Liga_Portugal,2024-09-29 19:30:00
2024-2025,7,2,1,3,2,7,9,3,3,0,0,3,2,1,9,4,11,27,20,37,63,Estádio José Gomes (Amadora),,3,3,2.6,3.25,2.45,1.45,2.12,4.5,2.0,1.8,1.53,1.87,2.28,1.8,1.49,3.4,2.5,1.28,3,2,0,0,1,1,2,1727533800,15804,0,67,0,-1,-1,1,-1,-1,-1,-1,-1,-1,0,0,3,3,0,6,1,27,37,79,99,0.67,1.11,1.78,0,0,0,0,0,0,1,1,1,0,-1,-1,0,0,1,16,27,-1,-1,-1,1,10,1,84,84,17,84,Estrela Amadora,Moreirense FC,1.12,0.82,0.33,1.0,0.33,1.33,17,17,1.2,1.13,2.33,34,True,True,True,False,False,False,True,,6.91,47%,0%,Liga_Portugal,2024-09-28 14:30:00
2024-2025,7,0,3,3,1,14,15,2,0,0,0,1,4,4,8,5,12,13,8,30,70,Estádio António Coimbra da Mota (Estoril),,2,0,13.5,7.2,1.19,1.11,1.42,2.1,2.05,1.7,1.49,1.8,2.38,1.86,1.22,2.1,4.0,1.67,3,0,2,0,1,1,2,1727464500,114,0,33,0,-1,-1,1,-1,-1,-1,-1,-1,-1,0,0,2,0,0,2,1,15,78,54,138,0.5,1.61,2.11,0,0,0,0,0,0,1,1,0,0,-1,-1,0,0,1,9,12,-1,-1,-1,1,12,4,67,67,50,84,GD Estoril Praia,Sporting CP,1.47,2.24,1.33,3.0,1.0,3.0,34,34,0.85,1.91,2.76,34,True,True,True,False,False,False,False,,14.97,72%,20%,Liga_Portugal,2024-09-27 19:15:00
2024-2025,7,4,0,4,4,5,9,0,2,0,0,9,4,8,6,17,10,13,10,53,47,Estádio Municipal de Braga (Braga),,0,2,1.43,4.56,6.69,1.2,1.69,2.75,1.95,1.8,1.34,1.56,2.88,2.23,1.33,2.5,3.25,1.5,4,2,0,2,0,2,2,1727638200,172,0,50,0,-1,-1,1,-1,-1,-1,-1,-1,-1,0,1,0,1,1,1,1,43,38,88,74,2.01,1.19,3.2,0,0,0,0,0,0,1,1,0,0,-1,-1,0,0,1,18,14,-1,-1,-1,1,9,13,33,84,34,50,Sporting Braga,Rio Ave FC,1.88,0.71,1.33,0.0,1.83,1.17,67,17,1.4,0.62,2.02,34,True,True,True,True,False,False,False,,0.47,54%,0%,Liga_Portugal,2024-09-29 19:30:00
2024-2025,7,5,1,6,11,2,13,1,2,0,0,6,2,8,5,14,7,10,6,50,50,Estádio do Sport Lisboa e Benfica (da Luz) (Lisboa),"Rua José Maria Nicolau, Lisboa",1,2,1.14,6.75,14.0,1.14,1.42,2.12,2.05,1.7,1.41,1.66,2.63,2.02,1.22,2.1,4.0,1.67,6,2,1,3,0,3,3,1727551800,78,0,33,0,58965,-1,1,-1,-1,-1,-1,-1,-1,1,2,0,0,3,0,1,60,24,117,62,1.74,0.76,2.5,0,0,0,0,0,0,1,1,0,1,-1,-1,0,1,1,8,22,-1,-1,-1,1,10,10,50,67,17,67,Benfica,Gil Vicente,2.59,0.82,3.0,0.67,2.17,1.17,50,33,2.12,0.75,2.87,34,True,True,True,True,True,True,True,,14.97,49%,0%,Liga_Portugal,2024-09-28 19:30:00
2024-2025,7,1,1,2,7,9,16,2,0,0,0,2,4,7,7,9,11,13,9,37,63,Estádio Municipal de Rio Maior (Rio Maior),,2,0,4.1,3.35,1.79,1.42,2.35,4.33,2.0,1.73,1.3,1.52,3.05,2.3,1.5,3.3,2.4,1.28,2,1,0,0,1,1,1,1727542800,-1,0,17,0,2631,-1,1,-1,-1,-1,-1,-1,-1,1,0,1,0,1,1,1,24,62,62,123,0.88,1.43,2.32,1,0,1,0,0,0,1,1,0,0,-1,-1,0,0,1,19,18,-1,-1,-1,1,18,6,17,50,0,33,Casa Pia,Vitória Guimarães,1.65,1.29,1.0,2.0,1.17,2.0,84,50,1.14,1.28,2.42,34,True,True,False,False,False,False,True,,5.7,66%,100%,Liga_Portugal,2024-09-28 17:00:00
2024-2025,8,1,0,1,5,4,9,4,3,0,0,1,2,8,4,9,6,16,11,50,50,Estádio de São Lúis (Faro),,4,3,2.55,3.55,2.38,1.29,1.73,3.3,1.8,1.95,1.44,1.72,2.5,1.96,1.44,3.0,2.63,1.36,1,0,0,1,0,1,0,1728225000,4866,0,33,0,-1,-1,1,-1,-1,-1,-1,-1,-1,2,1,2,2,3,4,1,0,0,0,0,0.92,0.66,1.58,0,1,0,0,0,1,1,1,0,0,-1,-1,0,1,-1,-1,-1,-1,-1,-1,-1,-1,-1,50,50,17,84,Farense,GD Estoril Praia,0.65,1.24,0.0,0.67,0.14,0.86,50,50,1.07,0.76,1.83,34,True,False,False,False,False,False,False,,8.05,88%,40%,Liga_Portugal,2024-10-06 14:30:00
2024-2025,8,3,0,3,0,8,8,2,1,0,0,1,1,2,4,3,5,14,15,44,56,Estádio Cidade de Barcelos (Barcelos),,2,1,1.92,3.48,4.13,1.3,1.85,3.34,1.95,1.8,1.43,1.72,2.55,1.95,1.44,3.25,2.63,1.33,3,2,0,1,0,1,2,1728138600,183,0,50,0,-1,-1,1,-1,-1,-1,-1,-1,-1,0,0,2,1,0,3,1,0,0,0,0,0.38,0.77,1.15,0,0,0,0,0,0,1,1,1,0,-1,-1,0,0,-1,-1,-1,-1,-1,-1,-1,-1,-1,17,50,17,50,Gil Vicente,Estrela Amadora,1.18,0.59,1.67,0.33,1.0,0.71,84,50,1.32,0.8,2.12,34,True,True,True,False,False,False,False,,11.3,97%,100%,Liga_Portugal,2024-10-05 14:30:00
2024-2025,8,1,1,2,11,7,18,4,3,0,0,7,3,5,2,12,5,18,13,46,54,Estádio do Rio Ave Futebol Clube (Vila do Conde),,4,3,2.6,3.3,2.6,1.36,1.9,4.5,1.95,1.8,1.47,1.77,2.4,1.89,1.5,3.5,2.5,1.29,2,0,0,1,1,2,0,1728069300,-1,0,33,0,-1,-1,1,-1,-1,-1,-1,-1,-1,2,1,2,2,3,4,1,36,48,97,113,1.52,0.89,2.41,0,0,0,0,0,0,1,1,0,0,-1,-1,0,1,1,22,23,-1,-1,-1,1,4,5,50,50,17,84,Rio Ave FC,Famalicão,1.53,1.12,2.33,1.33,1.0,1.71,50,50,1.28,0.95,2.23,34,True,True,False,False,False,False,True,,4.61,88%,40%,Liga_Portugal,2024-10-04 19:15:00
2024-2025,0,1,0,1,1,7,8,0,3,0,0,2,5,5,3,7,8,10,13,45,55,,,0,3,2.03,3.6,3.6,1.26,1.81,4.05,2.0,1.75,1.48,1.79,2.4,1.87,1.5,3.5,2.5,1.29,1,0,0,1,0,1,0,1728138600,174,0,67,0,-1,-1,1,-1,-1,-1,-1,-1,-1,0,2,0,1,2,1,1,0,0,0,0,0.74,1.24,1.99,0,0,0,0,0,0,1,1,0,0,-1,-1,0,0,-1,-1,-1,-1,-1,-1,-1,-1,-1,50,84,50,50,Moreirense FC,Santa Clara,1.53,1.47,1.67,2.0,1.14,2.14,50,17,0.95,0.95,1.9,34,True,False,False,False,False,False,False,,8.01,93%,100%,Liga_Portugal,2024-10-05 14:30:00
2024-2025,8,2,0,2,5,3,8,1,2,0,0,4,3,9,2,13,5,9,10,80,20,Estádio José Alvalade (Lisboa),,1,2,1.14,9.65,13.75,1.07,1.4,2.01,2.25,1.57,1.47,1.76,2.4,1.9,1.2,2.0,4.33,1.73,2,1,0,1,0,1,1,1728156600,114,0,33,0,-1,-1,1,-1,-1,-1,-1,-1,-1,0,1,1,1,1,2,1,0,0,0,0,1.8,0.66,2.46,1,0,1,0,0,0,1,1,0,0,-1,-1,0,0,-1,-1,-1,-1,-1,-1,-1,-1,-1,50,84,34,50,Sporting CP,Casa Pia,2.59,1.0,3.0,1.33,3.0,1.14,50,17,1.97,0.94,2.91,34,True,True,False,False,False,False,False,,10.36,80%,75%,Liga_Portugal,2024-10-05 19:30:00
2024-2025,8,2,2,4,6,5,11,5,5,0,0,2,3,5,3,7,6,14,16,54,46,,,5,5,1.44,4.0,6.4,1.26,1.89,3.08,2.05,1.7,1.38,1.63,2.7,2.08,1.36,2.75,3.0,1.4,4,1,0,1,2,3,1,1728225000,-1,0,29,0,-1,-1,1,-1,-1,-1,-1,-1,-1,2,3,3,2,5,5,1,0,0,0,0,0.93,0.81,1.74,0,2,0,2,0,0,1,1,0,0,-1,-1,1,0,-1,-1,-1,-1,-1,-1,-1,-1,-1,46,46,29,71,Vitória Guimarães,Boavista FC,1.88,1.06,2.0,1.0,1.86,0.71,54,54,1.06,0.75,1.81,34,True,True,True,True,False,False,True,,7,93%,97%,Liga_Portugal,2024-10-06 14:30:00
2024-2025,8,0,2,2,4,11,15,2,4,0,0,1,7,0,5,1,12,12,9,33,67,Estádio da Madeira (Funchal (Ilha da Madeira)),,2,4,9.0,5.75,1.24,1.08,1.42,1.94,1.8,1.95,1.35,1.6,3.1,2.25,1.22,2.1,4.0,1.67,2,0,0,0,2,2,0,1734627600,78,0,34,0,-1,-1,1,-1,-1,-1,-1,-1,-1,1,2,1,2,3,3,1,19,47,51,68,0.28,1.58,1.86,0,1,0,1,0,0,1,1,0,0,-1,-1,0,0,1,22,28,1,8,10,1,10,2,33,84,33,67,CD Nacional,Benfica,1.41,2.12,1.67,1.83,0.92,2.46,67,17,1.23,1.56,2.79,34,True,True,False,False,False,False,False,,18.41,87%,40%,Liga_Portugal,2024-12-19 17:00:00
2024-2025,8,1,1,2,5,7,12,3,2,0,0,1,3,7,6,8,9,6,9,47,53,Estádio Municipal de Arouca (Arouca),,3,2,2.22,3.77,2.99,1.25,1.9,3.3,1.8,1.95,1.43,1.7,2.55,1.98,1.4,2.75,2.75,1.4,2,1,0,0,1,1,1,1728147600,-1,0,34,0,-1,-1,1,-1,-1,-1,-1,-1,-1,1,1,2,1,2,3,1,0,0,0,0,0.92,1.04,1.96,0,1,0,1,0,0,1,1,0,0,-1,-1,1,0,-1,-1,-1,-1,-1,-1,-1,-1,-1,67,67,50,100,FC Arouca,AVS,1.24,0.71,1.0,0.0,0.86,1.14,34,34,0.72,0.84,1.56,34,True,True,False,False,False,False,True,,9.22,79%,40%,Liga_Portugal,2024-10-05 17:00:00
2024-2025,8,2,1,3,1,5,6,2,2,0,0,1,2,3,10,4,12,14,6,45,55,Estádio Do Dragão (Porto),,2,2,1.64,4.01,4.85,1.16,1.65,2.45,1.7,2.05,1.4,1.68,2.63,2.02,1.3,2.5,3.4,1.5,3,1,0,1,1,2,1,1728243000,82,0,13,0,-1,-1,1,-1,-1,-1,-1,-1,-1,1,1,1,1,2,2,1,0,0,0,0,0.57,1.3,1.87,1,0,1,0,0,0,1,1,0,0,-1,-1,0,0,-1,-1,-1,-1,-1,-1,-1,-1,-1,54,67,13,42,Porto,Sporting Braga,2.47,2.0,3.0,2.33,2.57,2.0,46,34,2.23,1.38,3.61,34,True,True,True,False,False,False,True,,8.05,100%,100%,Liga_Portugal,2024-10-06 19:30:00
2024-2025,9,0,5,5,2,3,5,2,1,0,0,0,2,2,2,2,4,8,11,40,60,Estádio Clube Desportivo das Aves (Vila das Aves),,2,1,9.0,5.0,1.3,1.22,1.65,3.1,2.2,1.62,1.55,1.88,2.25,1.78,1.33,2.63,3.25,1.44,5,0,4,0,1,1,4,1730146500,82,0,13,0,-1,2,1,0,0,0,1,0,1,1,0,1,1,1,2,1,0,0,0,0,0.32,0.9,1.21,0,0,0,0,0,0,1,1,0,0,0,0,0,0,-1,-1,-1,-1,-1,-1,-1,-1,-1,17,63,17,29,AVS,Porto,0.88,1.71,2.0,2.0,1.13,2.63,84,38,1.17,1.02,2.19,34,True,True,True,True,True,False,False,,,,,Liga_Portugal,2024-10-28 20:15:00
2024-2025,9,2,1,3,6,4,10,3,5,0,0,3,1,9,5,12,6,16,17,33,67,"Estádio de São Miguel (Ponta Delgada, Ilha de São Miguel, Açores)","Rua Comandante Jaime de Sousa 21, Ponta Delgada, Ilha de São Miguel, Açores",3,5,1.83,3.29,4.44,1.47,2.2,4.75,2.05,1.7,1.6,1.98,2.14,1.7,1.53,3.5,2.38,1.29,3,2,1,0,0,0,3,1729885500,1028,0,38,0,-1,-1,1,-1,-1,-1,-1,-1,-1,0,1,3,4,1,7,1,28,54,66,103,1.17,0.85,2.02,1,0,0,0,1,0,1,1,0,0,-1,-1,0,0,1,16,25,-1,-1,-1,1,6,9,38,63,38,75,Santa Clara,Gil Vicente,1.88,0.82,2.25,0.5,1.88,1.25,63,38,1.07,0.75,1.82,34,True,True,True,False,False,False,True,,8.86,99%,21%,Liga_Portugal,2024-10-25 19:45:00
2024-2025,9,4,1,5,6,9,15,4,2,0,0,5,4,5,7,10,11,19,14,34,66,Estádio António Coimbra da Mota (Estoril),,4,2,2.87,3.2,2.4,1.44,2.1,4.5,1.95,1.8,1.47,1.77,2.43,1.89,1.5,3.4,2.5,1.3,5,2,1,2,0,2,3,1729953000,164,0,25,0,-1,-1,1,-1,-1,-1,-1,-1,-1,2,1,2,1,3,3,1,33,45,70,100,1.22,1.31,2.53,0,1,0,0,0,1,1,1,0,0,-1,-1,0,0,1,18,14,-1,-1,-1,1,9,8,50,50,38,75,GD Estoril Praia,FC Arouca,1.47,1.0,1.0,0.75,0.75,0.88,50,50,0.76,0.85,1.61,34,True,True,True,True,True,False,True,,14.97,83%,75%,Liga_Portugal,2024-10-26 14:30:00
2024-2025,9,0,3,3,4,8,12,1,1,0,0,1,13,4,9,5,22,7,10,37,63,Estádio Municipal 22 de Junho (Vila Nova de Famalicão),,1,1,7.5,4.6,1.34,1.25,1.76,3.1,2.2,1.62,1.7,2.12,1.98,1.61,1.33,2.63,3.25,1.44,3,0,0,0,3,3,0,1729971000,114,0,25,0,-1,-1,1,-1,-1,-1,-1,-1,-1,0,1,1,0,1,1,1,28,67,60,120,0.59,2.78,3.37,0,0,0,0,0,0,1,1,0,0,-1,-1,0,0,1,16,24,-1,-1,-1,1,9,3,50,75,38,88,Famalicão,Sporting CP,1.65,2.24,2.0,3.0,1.63,3.0,50,25,1.1,1.83,2.93,34,True,True,True,False,False,False,False,,2.57,95%,70%,Liga_Portugal,2024-10-26 19:30:00
2024-2025,0,2,0,2,10,3,13,1,2,0,0,6,2,7,1,13,3,12,12,72,28,,,1,2,1.34,4.66,6.63,1.2,1.55,2.3,1.95,1.8,1.21,1.4,3.44,2.48,1.29,2.25,3.5,1.57,2,1,0,1,0,1,1,1730043000,172,0,38,0,-1,-1,1,-1,-1,-1,-1,-1,-1,0,0,1,2,0,3,1,86,20,158,58,1.88,0.48,2.36,0,0,0,0,0,0,1,1,0,0,-1,-1,0,0,1,21,24,-1,-1,-1,1,4,11,38,75,13,50,Sporting Braga,Farense,1.88,0.94,1.75,0.25,1.75,0.5,63,25,1.55,1.05,2.6,34,True,True,False,False,False,False,False,,5.37,74%,9%,Liga_Portugal,2024-10-27 15:30:00
2024-2025,9,2,2,4,3,4,7,2,3,0,0,2,3,5,4,7,7,17,17,39,61,Estádio José Gomes (Amadora),,2,3,4.57,3.41,1.81,1.42,2.23,4.33,2.05,1.7,1.38,1.62,2.7,2.1,1.5,3.4,2.5,1.3,4,1,1,1,1,2,2,1730061000,-1,0,38,0,-1,-1,1,-1,-1,-1,-1,-1,-1,0,1,2,2,1,4,1,31,57,66,104,0.81,1.07,1.89,1,1,1,1,0,0,1,1,0,0,-1,-1,0,0,1,28,27,-1,-1,-1,1,7,7,38,63,25,63,Estrela Amadora,Vitória Guimarães,1.12,1.29,1.0,1.75,0.63,1.75,63,38,1.07,1.32,2.39,34,True,True,True,True,False,False,True,,10.36,77%,20%,Liga_Portugal,2024-10-27 20:30:00
2024-2025,9,0,2,2,4,3,7,1,3,0,0,3,8,5,7,8,15,17,14,50,50,Estádio do Bessa Século XXI (Porto),,1,3,3.3,3.2,2.08,1.5,2.43,5.0,2.05,1.7,1.68,2.12,2.0,1.61,1.53,3.75,2.38,1.25,2,0,1,0,1,1,1,1729962000,174,0,50,0,-1,-1,1,-1,-1,-1,-1,-1,-1,1,1,0,2,2,2,1,43,28,128,76,1.05,1.71,2.75,0,0,0,0,0,0,1,1,0,0,-1,-1,0,0,1,27,20,-1,-1,-1,1,7,10,67,67,29,84,Boavista FC,Moreirense FC,0.35,0.82,0.33,0.75,0.75,1.38,34,34,1.02,1.13,2.15,34,True,True,False,False,False,False,False,,3.44,77%,20%,Liga_Portugal,2024-10-26 17:00:00
2024-2025,9,5,0,5,8,2,10,1,1,0,0,14,0,8,3,22,3,12,10,62,38,Estádio do Sport Lisboa e Benfica (da Luz) (Lisboa),"Rua José Maria Nicolau, Lisboa",1,1,1.19,7.14,15.02,1.14,1.42,2.2,2.1,1.67,1.34,1.58,2.85,2.18,1.25,2.1,3.75,1.67,5,3,0,2,0,2,3,1730052000,78,0,38,0,-1,-1,1,-1,-1,-1,-1,-1,-1,1,1,0,0,2,0,1,90,17,132,50,3.01,0.32,3.33,0,0,0,0,0,0,1,1,0,0,-1,-1,0,1,1,25,23,-1,-1,-1,1,4,9,63,75,63,75,Benfica,Rio Ave FC,2.59,0.71,3.0,0.0,2.29,1.0,38,25,2.03,0.76,2.79,34,True,True,True,True,True,False,False,,12.66,80%,20%,Liga_Portugal,2024-10-27 18:00:00
2024-2025,9,1,0,1,7,7,14,3,3,1,0,5,6,7,13,12,19,17,12,43,57,Estádio Municipal de Rio Maior (Rio Maior),,5,3,2.1,3.3,3.6,1.36,2.25,3.75,1.95,1.8,1.44,1.73,2.5,1.94,1.44,3.25,2.63,1.33,1,1,0,0,0,0,1,1729878300,4810,0,38,0,1004,-1,1,-1,-1,-1,-1,-1,-1,0,0,4,3,0,7,1,27,49,87,103,1.31,1.97,3.28,0,0,0,0,0,0,1,1,0,0,-1,-1,0,0,1,16,18,-1,-1,-1,1,17,5,13,50,0,63,Casa Pia,CD Nacional,1.65,0.59,1.0,0.5,1.0,0.71,88,50,1.07,1.08,2.15,34,True,False,False,False,False,False,False,,8.68,85%,26%,Liga_Portugal,2024-10-25 17:45:00
2024-2025,10,2,2,4,3,2,5,3,3,0,0,5,2,3,5,8,7,14,19,47,53,Estádio do Rio Ave Futebol Clube (Vila do Conde),,3,3,2.06,3.11,3.76,1.44,2.33,4.5,2.0,1.75,1.33,1.63,2.73,2.09,1.5,3.5,2.5,1.29,4,2,2,0,0,0,4,1730561400,-1,0,38,0,-1,-1,1,-1,-1,-1,-1,-1,-1,1,1,2,2,2,4,1,34,32,112,92,1.12,0.83,1.94,0,0,0,0,0,0,1,1,0,1,-1,-1,0,0,1,23,21,-1,-1,-1,1,11,8,25,63,0,63,Rio Ave FC,Casa Pia,1.53,1.0,2.0,1.0,0.89,1.22,75,38,1.34,0.87,2.21,34,True,True,True,True,False,False,True,,6.91,56%,0%,Liga_Portugal,2024-11-02 15:30:00
2024-2025,10,4,0,4,9,5,14,0,2,0,0,9,5,4,4,13,9,7,9,69,31,Estádio Do Dragão (Porto),,0,2,1.15,7.9,18.0,1.14,1.42,2.17,2.15,1.62,1.3,1.5,3.05,2.35,1.22,2.14,3.7,1.67,4,2,0,2,0,2,2,1730665800,82,0,33,0,-1,-1,1,-1,-1,-1,-1,-1,-1,0,1,0,1,1,1,1,61,34,128,63,1.9,1.16,3.07,0,0,0,0,0,0,1,1,0,0,-1,-1,0,0,1,20,8,-1,-1,-1,1,3,7,53,63,10,55,Porto,GD Estoril Praia,2.47,1.24,3.0,0.5,2.67,1.0,48,38,1.9,0.73,2.63,34,True,True,True,True,False,False,False,,5.75,64%,0%,Liga_Portugal,2024-11-03 20:30:00
2024-2025,10,5,1,6,12,2,14,0,4,0,0,8,6,5,3,13,9,14,15,64,36,Estádio José Alvalade (Lisboa),,0,4,1.11,11.0,21.0,1.07,1.28,1.85,2.38,1.53,1.41,1.66,2.63,2.02,1.17,1.8,5.0,1.91,6,3,1,2,0,2,4,1730492100,114,0,25,0,-1,-1,1,-1,-1,-1,-1,-1,-1,0,3,0,1,3,1,1,51,28,77,65,1.75,1.19,2.94,1,0,1,0,0,0,1,1,0,0,-1,-1,0,1,1,13,11,-1,-1,-1,1,9,10,38,75,38,63,Sporting CP,Estrela Amadora,2.59,0.59,3.0,0.25,3.0,0.67,63,25,1.93,0.8,2.73,34,True,True,True,True,True,True,True,,5.75,86%,20%,Liga_Portugal,2024-11-01 20:15:00
2024-2025,10,2,0,2,2,6,8,4,7,0,0,4,6,2,5,6,11,15,14,34,66,Estádio da Madeira (Funchal (Ilha da Madeira)),,4,7,3.3,3.2,2.25,1.45,2.2,4.75,2.0,1.75,1.7,2.1,2.05,1.62,1.5,3.5,2.5,1.29,2,2,0,0,0,0,2,1730751300,163,0,42,0,-1,-1,1,-1,-1,-1,-1,-1,-1,1,2,3,5,3,8,1,18,63,55,131,0.79,1.58,2.38,1,0,1,0,0,0,1,1,1,0,-1,-1,0,0,1,14,19,-1,-1,-1,1,12,5,59,88,42,59,CD Nacional,Santa Clara,1.41,1.47,1.0,1.5,0.63,2.0,42,13,1.09,1.02,2.11,34,True,True,False,False,False,False,False,,6.91,86%,20%,Liga_Portugal,2024-11-04 20:15:00
2024-2025,10,1,2,3,7,2,9,3,2,0,0,2,5,12,7,14,12,14,11,67,33,Estádio Cidade de Barcelos (Barcelos),,3,2,1.68,3.56,4.95,1.38,2.13,3.8,2.0,1.73,1.62,1.98,2.1,1.7,1.45,3.0,2.55,1.33,3,0,0,1,2,3,0,1730579400,176,0,45,0,-1,-1,1,-1,-1,-1,-1,-1,-1,0,1,3,1,1,4,1,44,29,133,65,1.36,1.32,2.67,0,0,0,0,0,0,1,1,0,0,-1,-1,0,0,1,16,19,-1,-1,-1,1,11,14,45,58,35,78,Gil Vicente,Boavista FC,1.18,1.06,2.0,1.0,1.11,0.67,55,43,1.08,0.76,1.84,34,True,True,True,False,False,False,True,,4.85,76%,3%,Liga_Portugal,2024-11-02 20:30:00
2024-2025,0,1,2,3,3,8,11,1,0,0,0,4,7,3,6,7,13,10,5,30,70,,,1,0,8.68,5.79,1.26,1.12,1.4,2.15,1.95,1.8,1.36,1.58,2.8,2.18,1.22,2.0,4.0,1.73,3,1,1,0,1,1,2,1730570400,78,0,29,0,-1,-1,1,-1,-1,-1,-1,-1,-1,0,0,1,0,0,1,1,33,94,71,153,0.97,2.0,2.97,0,0,0,0,0,0,1,1,0,0,-1,-1,0,0,1,16,22,-1,-1,-1,1,10,3,42,75,29,71,Farense,Benfica,0.65,2.12,0.75,1.33,0.44,2.38,59,25,1.03,1.48,2.51,34,True,True,True,False,False,False,True,,11.5,73%,20%,Liga_Portugal,2024-11-02 18:00:00
2024-2025,0,1,0,1,9,4,13,0,1,0,0,4,2,5,3,9,5,17,16,54,46,,,0,1,1.76,3.52,5.0,1.45,2.4,4.5,2.2,1.62,1.44,1.73,2.48,1.94,1.5,3.5,2.5,1.29,1,0,0,1,0,1,0,1730656800,175,0,65,0,-1,-1,1,-1,-1,-1,-1,-1,-1,0,0,0,1,0,1,1,51,27,101,84,1.23,0.66,1.89,0,0,0,0,0,0,1,1,0,0,-1,-1,0,0,1,23,18,-1,-1,-1,1,9,6,78,88,23,88,Vitória Guimarães,Moreirense FC,1.88,0.82,1.75,1.2,1.67,1.56,23,13,1.03,1.24,2.27,34,True,False,False,False,False,False,False,,5.32,71%,49%,Liga_Portugal,2024-11-03 18:00:00
2024-2025,10,1,2,3,12,4,16,3,2,0,0,3,3,5,8,8,11,10,15,61,39,Estádio Municipal de Arouca (Arouca),,3,2,4.0,3.9,1.83,1.22,1.7,2.9,1.7,2.05,1.4,1.66,2.65,2.04,1.33,2.63,3.25,1.44,3,0,1,1,1,2,1,1730656800,172,0,25,0,-1,-1,1,-1,-1,-1,-1,-1,-1,3,1,0,1,4,1,1,60,59,98,83,1.16,1.33,2.49,0,1,0,1,0,0,1,1,0,0,-1,-1,2,0,1,29,19,-1,-1,-1,1,12,7,38,50,0,75,FC Arouca,Sporting Braga,1.24,2.0,1.0,1.75,0.78,1.89,63,50,0.77,1.36,2.13,34,True,True,True,False,False,False,True,,11.5,58%,20%,Liga_Portugal,2024-11-03 18:00:00
2024-2025,10,2,3,5,4,0,4,4,1,0,0,6,6,6,10,12,16,18,11,46,54,Estádio Clube Desportivo das Aves (Vila das Aves),,4,1,3.1,3.08,2.47,1.5,2.43,4.5,1.95,1.77,1.48,1.91,2.4,1.8,1.52,3.36,2.55,1.31,5,2,2,0,1,1,4,1730647800,1033,0,35,0,-1,-1,1,-1,-1,-1,-1,-1,-1,1,1,3,0,2,3,1,35,38,86,96,1.43,1.71,3.14,0,0,0,0,0,0,1,1,1,0,-1,-1,0,0,1,23,27,-1,-1,-1,1,15,7,35,58,23,45,AVS,Famalicão,0.88,1.12,1.6,1.25,1.0,1.44,65,43,1.0,0.94,1.94,34,True,True,True,True,True,False,True,,,,,Liga_Portugal,2024-11-03 15:30:00
2024-2025,11,1,0,1,9,4,13,5,4,0,1,7,2,12,1,19,3,17,19,37,63,"Estádio de São Miguel (Ponta Delgada, Ilha de São Miguel, Açores)","Rua Comandante Jaime de Sousa 21, Ponta Delgada, Ilha de São Miguel, Açores",5,6,3.0,3.0,2.5,1.51,2.4,5.0,2.05,1.7,1.46,1.76,2.45,1.91,1.57,3.65,2.25,1.25,1,0,0,1,0,1,0,1731256200,1028,0,40,0,-1,2,1,4,3,5,1,7,6,1,2,4,3,3,7,1,51,38,69,92,2.05,0.62,2.67,1,0,0,0,1,0,1,1,0,0,1,0,1,0,1,21,15,-1,-1,-1,1,7,14,30,60,40,70,Santa Clara,Vitória Guimarães,1.88,1.29,2.4,1.6,1.8,1.8,70,40,1.09,1.27,2.36,34,True,False,False,False,False,False,False,,14.97,77%,75%,Liga_Portugal,2024-11-10 16:30:00
2024-2025,11,0,0,0,4,8,12,5,3,0,0,2,1,1,4,3,5,19,13,50,50,Estádio Municipal 22 de Junho (Vila Nova de Famalicão),,5,3,1.91,3.54,4.07,1.42,2.25,4.33,1.95,1.75,1.45,1.74,2.48,1.93,1.48,3.14,2.66,1.36,0,0,0,0,0,0,0,1731175200,-1,0,30,0,-1,-1,1,-1,-1,-1,-1,-1,-1,1,1,4,2,2,6,1,53,35,101,83,0.73,0.65,1.38,0,0,0,0,0,0,1,1,0,0,-1,-1,0,0,1,21,30,-1,-1,-1,1,4,5,40,60,20,70,Famalicão,FC Arouca,1.65,1.0,1.6,0.6,1.6,0.7,60,40,1.0,0.94,1.94,34,False,False,False,False,False,False,False,,2.35,86%,30%,Liga_Portugal,2024-11-09 18:00:00
2024-2025,11,3,2,5,3,4,7,2,5,0,0,8,5,4,5,12,10,19,22,53,47,Parque Desportivo Comendador Joaquim de Almeida Freitas (Moreira de Cónegos),,2,5,2.13,2.24,5.18,1.45,2.3,4.5,2.0,1.73,1.66,2.07,2.04,1.64,1.5,3.3,2.58,1.28,5,0,1,3,1,4,1,1731096900,174,0,55,0,-1,-1,1,-1,-1,-1,-1,-1,-1,2,2,0,3,4,3,1,41,48,84,72,1.62,1.33,2.94,0,0,0,0,0,0,1,1,0,0,-1,-1,0,0,1,21,18,-1,-1,-1,1,7,9,43,65,33,53,Moreirense FC,Gil Vicente,1.53,0.82,2.0,0.4,1.4,1.0,58,35,0.9,0.77,1.67,34,True,True,True,True,True,False,True,,7,91%,91%,Liga_Portugal,2024-11-08 20:15:00
2024-2025,11,0,0,0,10,6,16,2,0,0,0,3,2,3,3,6,5,12,10,51,49,Estádio António Coimbra da Mota (Estoril),,2,0,2.44,3.18,3.06,1.45,2.25,4.5,1.95,1.77,1.43,1.7,2.55,1.97,1.48,3.33,2.65,1.31,0,0,0,0,0,0,0,1731166200,-1,0,58,0,-1,-1,1,-1,-1,-1,-1,-1,-1,0,0,2,0,0,2,1,0,0,0,0,0.93,0.76,1.69,0,0,0,0,0,0,1,1,0,0,-1,-1,0,0,-1,-1,-1,-1,-1,-1,-1,-1,-1,68,80,68,90,GD Estoril Praia,AVS,1.47,0.71,1.4,0.25,0.9,0.9,33,20,0.85,0.89,1.74,34,False,False,False,False,False,False,False,,13.8,62%,20%,Liga_Portugal,2024-11-09 15:30:00
2024-2025,11,2,0,2,10,4,14,1,1,0,0,3,4,12,8,15,12,10,12,51,49,Estádio José Gomes (Amadora),,1,1,2.2,3.3,3.25,1.38,2.0,3.85,1.83,1.85,1.46,1.75,2.43,1.92,1.45,3.0,2.55,1.33,2,0,0,2,0,2,0,1731252600,15804,0,40,0,3386,-1,1,-1,-1,-1,-1,-1,-1,0,1,1,0,1,1,1,46,26,88,89,1.49,1.23,2.72,1,0,0,0,1,0,1,1,0,0,-1,-1,0,0,1,18,21,-1,-1,-1,1,11,13,40,50,30,80,Estrela Amadora,CD Nacional,1.12,0.59,1.0,0.4,0.6,0.89,60,50,1.02,1.26,2.28,34,True,True,False,False,False,False,False,,13.8,62%,20%,Liga_Portugal,2024-11-10 15:30:00
2024-2025,11,1,1,2,4,2,6,4,3,0,0,2,3,6,2,8,5,13,16,64,36,Estádio Municipal de Rio Maior (Rio Maior),,4,3,2.09,3.34,3.65,1.42,2.2,4.2,1.95,1.77,1.4,1.66,2.63,2.02,1.48,3.25,2.45,1.3,2,1,1,0,0,0,2,1731166200,-1,0,30,0,1202,-1,1,-1,-1,-1,-1,-1,-1,1,1,3,2,2,5,1,45,22,122,64,0.99,0.69,1.68,1,0,1,0,0,0,1,1,0,1,-1,-1,1,0,1,26,17,-1,-1,-1,1,5,8,20,60,0,60,Casa Pia,Farense,1.65,0.94,1.4,0.2,1.2,0.4,80,40,1.12,0.94,2.06,34,True,True,False,False,False,False,True,,10.4,64%,57%,Liga_Portugal,2024-11-09 15:30:00
2024-2025,11,2,4,6,0,5,5,5,4,0,0,2,6,0,5,2,11,20,13,29,71,Estádio Municipal de Braga (Braga),,5,4,5.0,4.0,1.62,1.2,1.6,2.55,1.62,2.15,1.77,2.23,1.89,1.56,1.28,2.3,3.3,1.55,6,2,0,0,4,4,2,1731264300,114,0,30,0,-1,-1,1,-1,-1,-1,-1,-1,-1,2,1,3,3,3,6,1,12,65,77,122,0.37,1.59,1.96,0,0,0,0,0,0,1,1,0,0,-1,-1,0,0,1,13,18,-1,-1,-1,1,11,3,70,100,40,70,Sporting Braga,Sporting CP,1.88,2.24,2.0,3.0,2.0,3.0,30,0,1.62,2.02,3.64,34,True,True,True,True,True,True,True,,3.53,93%,100%,Liga_Portugal,2024-11-10 18:45:00
2024-2025,11,4,1,5,2,2,4,2,6,0,0,7,3,5,4,12,7,10,13,48,52,Estádio do Sport Lisboa e Benfica (da Luz) (Lisboa),"Rua José Maria Nicolau, Lisboa",2,6,2.13,3.48,3.38,1.3,1.95,3.4,1.73,2.0,1.75,2.23,1.92,1.56,1.4,2.8,2.75,1.38,5,1,1,3,0,3,2,1731271500,78,0,20,0,-1,-1,1,-1,-1,-1,-1,-1,-1,1,1,1,5,2,6,1,34,30,94,92,1.5,0.88,2.38,1,0,1,0,0,0,1,1,0,0,-1,-1,0,0,1,19,22,-1,-1,-1,1,8,8,65,90,55,65,Benfica,Porto,2.59,1.71,3.0,2.25,2.44,2.7,35,10,2.23,0.99,3.22,34,True,True,True,True,True,False,True,,10.36,79%,20%,Liga_Portugal,2024-11-10 20:45:00
2024-2025,0,0,2,2,7,2,9,4,3,1,1,4,2,11,2,15,4,10,17,52,48,,,6,5,2.81,3.22,2.58,1.42,2.25,4.33,1.9,1.8,1.44,1.73,2.5,1.95,1.5,3.2,2.4,1.3,2,0,1,0,1,1,1,1731184200,171,0,10,0,-1,-1,1,-1,-1,-1,-1,-1,-1,1,2,4,2,3,6,1,59,24,116,67,1.66,0.58,2.23,0,0,0,0,0,0,1,1,0,1,-1,-1,1,2,1,16,16,-1,-1,-1,1,5,18,43,65,53,78,Boavista FC,Rio Ave FC,0.35,0.71,0.25,0.0,0.9,0.9,58,35,1.03,0.67,1.7,34,True,True,False,False,False,False,False,,1.14,94%,0%,Liga_Portugal,2024-11-09 20:30:00
2024-2025,12,2,0,2,8,6,14,3,0,0,0,9,3,5,3,14,6,14,13,64,36,Estádio Do Dragão (Porto),,3,0,1.16,6.5,13.0,1.15,1.5,2.25,2.1,1.67,1.44,1.7,2.5,2.05,1.25,2.2,3.75,1.62,2,0,0,2,0,2,0,1733172300,82,0,37,0,-1,2,1,8,4,0,2,12,2,0,0,3,0,0,3,1,55,34,142,62,1.93,0.84,2.76,0,0,0,0,0,0,1,1,0,0,1,0,0,0,1,24,11,-1,-1,-1,1,6,8,62,90,27,64,Porto,Casa Pia,2.47,1.0,3.0,1.0,2.45,1.18,39,10,1.9,0.86,2.76,34,True,True,False,False,False,False,False,,0,87%,0%,Liga_Portugal,2024-12-02 20:45:00
2024-2025,12,1,0,1,3,6,9,4,2,0,0,2,3,7,7,9,10,20,19,41,59,Estádio de São Lúis (Faro),,4,2,2.18,3.37,2.9,1.44,2.02,4.5,2.0,1.75,1.38,1.63,2.7,2.08,1.53,3.5,2.38,1.29,1,1,0,0,0,0,1,1732911300,4866,0,40,0,-1,2,1,0,4,3,2,4,5,0,2,4,0,2,4,1,32,42,80,118,0.95,1.16,2.11,0,0,0,0,0,0,1,1,0,0,0,1,0,0,1,28,29,-1,-1,-1,1,10,8,50,60,40,70,Farense,Estrela Amadora,0.65,0.59,0.6,0.2,0.45,0.82,50,40,1.02,0.87,1.89,34,True,False,False,False,False,False,False,,5.75,94%,75%,Liga_Portugal,2024-11-29 20:15:00
2024-2025,12,3,2,5,2,4,6,3,3,0,0,4,2,6,7,10,9,15,17,47,53,Estádio do Rio Ave Futebol Clube (Vila do Conde),,3,3,2.65,3.01,2.37,1.45,2.2,4.5,2.0,1.75,1.49,1.81,2.38,1.86,1.53,3.5,2.38,1.29,5,1,0,2,2,4,1,1732980600,171,0,64,0,-1,2,1,0,3,2,1,3,3,0,1,3,2,1,5,1,30,39,74,104,1.13,1.0,2.13,0,0,0,0,0,0,1,1,0,0,0,0,0,0,1,22,20,-1,-1,-1,1,10,7,54,72,19,82,Rio Ave FC,Moreirense FC,1.53,0.82,1.8,1.0,1.09,1.55,47,29,1.29,1.15,2.44,34,True,True,True,True,True,False,True,,8.05,72%,20%,Liga_Portugal,2024-11-30 15:30:00
2024-2025,12,0,1,1,8,2,10,2,8,0,0,4,3,9,1,13,4,9,18,74,26,Estádio José Alvalade (Lisboa),,2,8,1.17,5.8,11.08,1.18,1.6,2.25,2.5,1.5,1.61,1.98,2.12,1.7,1.29,2.38,3.5,1.53,1,0,1,0,0,0,1,1732998600,1028,0,40,0,-1,2,1,3,1,5,1,4,6,0,4,2,4,4,6,1,105,18,154,59,1.87,0.6,2.47,0,0,0,0,0,0,1,1,0,0,1,0,0,0,1,23,17,-1,-1,-1,1,1,15,50,90,60,70,Sporting CP,Santa Clara,2.59,1.47,3.0,1.2,3.0,1.91,50,10,1.89,1.14,3.03,34,True,False,False,False,False,False,False,,3.44,79%,0%,Liga_Portugal,2024-11-30 20:30:00
2024-2025,12,0,0,0,4,7,11,1,2,0,0,8,2,9,4,17,6,14,15,62,38,Estádio da Madeira (Funchal (Ilha da Madeira)),,1,2,1.91,3.07,3.57,1.36,2.0,3.75,1.95,1.8,1.5,1.82,2.33,1.84,1.44,3.25,2.63,1.33,0,0,0,0,0,0,0,1732989600,-1,0,38,0,-1,2,1,0,3,4,4,3,8,1,1,0,1,2,1,1,37,43,114,82,1.91,0.84,2.74,0,0,0,0,0,0,1,1,0,0,0,2,0,0,1,25,16,-1,-1,-1,1,10,11,50,75,34,71,CD Nacional,Boavista FC,1.41,1.06,1.5,1.33,0.8,0.82,50,25,1.02,0.85,1.87,34,False,False,False,False,False,False,False,,5.75,79%,20%,Liga_Portugal,2024-11-30 18:00:00
2024-2025,12,0,1,1,2,9,11,3,1,1,0,1,8,3,4,4,12,12,16,31,69,Estádio Clube Desportivo das Aves (Vila das Aves),,5,1,5.1,4.1,1.56,1.25,1.87,3.1,1.91,1.91,1.4,1.65,2.65,2.04,1.36,2.75,3.0,1.4,1,0,0,0,1,1,0,1733085000,172,0,37,0,-1,2,1,2,5,0,4,7,4,1,1,3,0,2,3,1,25,55,70,120,0.51,1.73,2.24,0,1,0,0,0,1,1,1,0,0,0,2,0,0,1,14,22,-1,-1,-1,1,4,4,47,55,17,55,AVS,Sporting Braga,0.88,2.0,1.33,2.0,0.91,1.82,54,45,1.07,1.35,2.42,34,True,False,False,False,False,False,False,,,,,Liga_Portugal,2024-12-01 20:30:00
2024-2025,12,4,0,4,9,2,11,1,2,0,0,5,0,6,3,11,3,19,10,53,47,Estádio Dom Afonso Henriques (Guimarães),,1,2,1.7,3.5,4.75,1.36,1.95,3.75,2.0,1.75,1.42,1.7,2.55,2.05,1.44,3.25,2.63,1.33,4,1,0,3,0,3,1,1733165100,175,0,54,0,-1,2,1,8,0,1,2,8,3,0,0,1,2,0,3,1,67,13,117,49,1.54,0.29,1.83,0,0,0,0,0,0,1,1,0,0,1,0,0,0,1,16,15,-1,-1,-1,1,5,12,64,72,27,72,Vitória Guimarães,Gil Vicente,1.88,0.82,2.0,0.33,1.64,0.91,37,29,1.07,0.86,1.93,34,True,True,True,True,False,False,False,,4,91%,59%,Liga_Portugal,2024-12-02 18:45:00
2024-2025,12,0,2,2,5,6,11,2,3,0,0,5,8,6,2,11,10,15,10,49,51,Estádio Municipal de Arouca (Arouca),,2,3,11.0,6.0,1.22,1.16,1.57,2.43,2.0,1.75,1.36,1.6,2.8,2.14,1.25,2.2,3.75,1.62,2,0,1,0,1,1,1,1733076000,78,0,45,0,-1,2,1,2,3,3,3,5,6,2,1,0,2,3,2,1,43,50,93,93,1.36,1.56,2.92,0,1,0,1,0,0,1,1,0,0,2,0,0,0,1,18,14,-1,-1,-1,1,5,12,45,80,25,88,FC Arouca,Benfica,1.24,2.12,0.8,1.75,0.73,2.5,55,20,0.85,1.61,2.46,34,True,True,False,False,False,False,False,,14.97,83%,75%,Liga_Portugal,2024-12-01 18:00:00
2024-2025,12,2,1,3,5,7,12,2,4,0,0,3,0,8,4,11,4,16,17,46,54,Estádio António Coimbra da Mota (Estoril),,2,4,3.25,3.1,2.25,1.47,2.3,4.75,2.05,1.7,1.53,1.87,2.28,1.79,1.53,3.5,2.38,1.29,3,2,1,0,0,0,3,1733067000,164,0,47,0,-1,2,1,1,5,4,2,6,6,1,1,1,3,2,4,1,0,0,0,0,1.17,0.46,1.63,1,1,1,1,0,0,1,1,1,0,0,2,1,0,-1,-1,-1,-1,-1,-1,-1,-1,-1,55,65,45,64,GD Estoril Praia,Famalicão,1.47,1.12,1.33,1.6,0.91,1.55,45,35,0.87,1.09,1.96,34,True,True,True,False,False,False,True,,10.36,69%,20%,Liga_Portugal,2024-12-01 15:30:00
2024-2025,13,1,1,2,3,5,8,2,3,0,0,2,5,1,5,3,10,13,19,31,69,Estádio Municipal 22 de Junho (Vila Nova de Famalicão),,2,3,6.9,4.33,1.48,1.28,1.93,3.3,2.0,1.75,1.58,1.93,2.18,1.74,1.36,2.75,3.0,1.4,2,1,0,0,1,1,1,1733603400,-1,0,19,0,-1,2,1,0,4,3,1,4,4,1,0,1,3,1,4,1,18,93,56,134,0.47,1.66,2.13,1,0,0,0,1,0,1,1,0,0,0,0,1,0,1,20,24,-1,-1,-1,1,12,2,39,75,30,55,Famalicão,Porto,1.65,1.71,1.5,1.8,1.42,2.5,62,25,0.96,0.97,1.93,34,True,True,False,False,False,False,True,,4.07,73%,4%,Liga_Portugal,2024-12-07 20:30:00
2024-2025,13,1,0,1,6,2,8,2,4,0,0,4,2,3,2,7,4,18,17,43,57,"Estádio de São Miguel (Ponta Delgada, Ilha de São Miguel, Açores)","Rua Comandante Jaime de Sousa 21, Ponta Delgada, Ilha de São Miguel, Açores",2,4,1.91,3.44,4.2,1.36,2.17,3.66,2.03,1.7,1.45,1.74,2.48,1.94,1.47,3.1,2.49,1.32,1,1,0,0,0,0,1,1733594400,1028,0,25,0,-1,2,1,3,2,3,0,5,3,0,1,2,3,1,5,1,38,31,100,97,1.01,0.63,1.64,0,0,0,0,0,0,1,1,0,0,0,0,0,0,1,21,21,-1,-1,-1,1,3,4,42,67,59,75,Santa Clara,Rio Ave FC,1.88,0.71,2.5,0.5,2.0,1.25,59,34,1.25,0.66,1.91,34,True,False,False,False,False,False,False,,8.05,88%,20%,Liga_Portugal,2024-12-07 18:00:00
2024-2025,13,2,1,3,2,7,9,4,2,0,0,2,4,5,4,7,8,13,19,46,54,Estádio José Gomes (Amadora),,4,2,2.5,3.3,2.63,1.38,2.14,4.0,1.91,1.91,1.42,1.7,2.75,2.1,1.44,3.4,2.63,1.3,3,0,1,2,0,2,1,1733775300,15804,0,42,0,-1,2,1,2,4,0,3,6,3,2,1,2,1,3,3,1,33,40,93,98,0.83,1.09,1.92,0,0,0,0,0,0,1,1,0,1,0,1,0,1,1,19,34,-1,-1,-1,1,4,8,59,67,42,67,Estrela Amadora,FC Arouca,1.12,1.0,1.33,0.67,0.75,0.67,42,34,1.09,0.9,1.99,34,True,True,True,False,False,False,True,,10.36,75%,0%,Liga_Portugal,2024-12-09 20:15:00
2024-2025,0,1,1,2,6,3,9,0,4,0,0,5,3,3,3,8,6,13,14,46,54,Estádio Municipal de Rio Maior (Rio Maior),,0,4,2.0,3.25,3.8,1.44,2.2,4.5,2.0,1.75,1.5,1.82,2.35,1.84,1.5,3.4,2.5,1.3,2,1,0,0,1,1,1,1733680800,-1,0,55,0,-1,2,1,3,2,2,1,5,3,0,1,0,3,1,3,1,45,35,106,96,1.19,0.86,2.05,0,1,0,1,0,0,1,1,0,0,1,0,0,0,1,21,22,-1,-1,-1,1,8,3,39,74,39,74,Casa Pia,AVS,1.65,0.71,1.33,0.4,1.08,0.83,62,27,1.1,0.87,1.97,34,True,True,False,False,False,False,True,,12.01,73%,0%,Liga_Portugal,2024-12-08 18:00:00
2024-2025,13,2,1,3,4,6,10,3,1,0,0,4,3,2,8,6,11,17,15,31,69,Parque Desportivo Comendador Joaquim de Almeida Freitas (Moreira de Cónegos),,3,1,8.0,5.0,1.36,1.25,1.75,2.95,2.05,1.7,1.67,2.07,2.02,1.64,1.33,2.65,3.31,1.48,3,2,1,0,0,0,3,1733429700,174,0,47,0,-1,2,1,3,3,1,3,6,4,1,1,2,0,2,2,1,27,89,66,150,0.86,1.56,2.42,0,1,0,1,0,0,1,1,0,0,1,1,1,0,1,14,19,-1,-1,-1,1,15,2,70,80,44,62,Moreirense FC,Sporting CP,1.53,2.24,2.2,3.0,1.42,2.75,30,20,1.04,1.95,2.99,34,True,True,True,False,False,False,True,,0.87,92%,100%,Liga_Portugal,2024-12-05 20:15:00
2024-2025,13,2,1,3,6,7,13,3,4,0,0,4,6,8,4,12,10,13,17,56,44,Estádio Cidade de Barcelos (Barcelos),,3,4,2.01,3.5,3.72,1.33,2.05,3.6,1.91,1.91,1.37,1.62,2.95,2.2,1.44,3.25,2.63,1.33,3,1,0,1,1,2,1,1733585400,183,0,39,0,-1,2,1,3,6,3,1,9,4,0,2,3,2,2,5,1,32,39,98,106,1.28,1.34,2.62,0,0,0,0,0,0,1,1,1,0,1,1,0,0,1,27,20,-1,-1,-1,1,5,9,30,57,20,64,Gil Vicente,CD Nacional,1.18,0.59,1.6,0.33,0.83,0.82,70,44,1.14,1.25,2.39,34,True,True,True,False,False,False,True,,12.01,62%,0%,Liga_Portugal,2024-12-07 15:30:00
2024-2025,13,2,2,4,3,2,5,3,5,0,0,7,3,5,6,12,9,18,21,48,52,Estádio Municipal de Braga (Braga),,3,5,1.38,4.98,7.8,1.17,1.65,2.55,1.95,1.81,1.34,1.56,2.88,2.2,1.28,2.39,3.35,1.58,4,1,0,1,2,3,1,1733516100,-1,0,35,0,-1,2,1,2,2,1,0,4,1,0,0,3,5,0,8,1,33,29,117,98,1.5,1.0,2.5,1,1,1,1,0,0,1,1,0,0,1,1,0,0,1,24,14,-1,-1,-1,1,7,6,45,70,27,64,Sporting Braga,GD Estoril Praia,1.88,1.24,1.67,0.4,1.92,1.08,55,30,1.41,0.82,2.23,34,True,True,True,True,False,False,True,,2.91,91%,99%,Liga_Portugal,2024-12-06 20:15:00
2024-2025,13,1,0,1,6,9,15,3,1,0,0,1,2,3,6,4,8,9,13,55,45,Estádio do Sport Lisboa e Benfica (da Luz) (Lisboa),"Rua José Maria Nicolau, Lisboa",3,1,1.32,5.5,8.9,1.2,1.64,2.75,2.0,1.75,1.33,1.53,2.95,2.28,1.3,2.5,3.4,1.5,1,1,0,0,0,0,1,1733594400,78,0,42,0,58839,2,1,4,4,2,5,8,7,1,1,2,0,2,2,1,42,40,108,83,0.64,0.94,1.59,0,0,0,0,0,0,1,1,0,0,1,0,0,0,1,29,23,-1,-1,-1,1,11,7,50,67,42,67,Benfica,Vitória Guimarães,2.59,1.29,3.0,1.33,2.55,1.75,50,34,2.1,1.16,3.26,34,True,False,False,False,False,False,False,,23.02,69%,0%,Liga_Portugal,2024-12-07 18:00:00
2024-2025,13,1,1,2,5,4,9,2,3,1,1,3,5,9,7,12,12,7,16,53,47,Estádio do Bessa Século XXI (Porto),,3,4,2.46,3.15,3.02,1.44,2.0,4.5,1.95,1.8,1.48,1.78,2.4,1.88,1.47,3.25,2.5,1.3,2,0,0,1,1,2,0,1733671800,-1,0,17,0,-1,2,1,4,3,1,1,7,2,0,0,3,4,0,7,1,0,0,0,0,1.4,1.32,2.72,1,0,1,0,0,0,1,1,0,0,1,0,0,0,-1,-1,-1,-1,-1,-1,-1,-1,-1,19,64,19,74,Boavista FC,Farense,0.35,0.94,0.2,0.33,0.83,0.67,82,37,1.15,0.9,2.05,34,True,True,False,False,False,False,True,,14.97,58%,20%,Liga_Portugal,2024-12-08 15:30:00
2024-2025,14,3,2,5,10,1,11,3,3,0,0,7,2,15,6,22,8,11,6,72,28,Estádio José Alvalade (Lisboa),,3,3,1.07,11.0,18.0,1.08,1.28,1.73,2.15,1.62,1.47,1.75,2.43,1.91,1.17,1.77,4.5,1.93,5,1,1,2,1,3,2,1734208200,114,0,38,0,-1,2,1,6,0,4,1,6,5,1,0,2,3,1,5,1,0,0,0,0,2.56,0.81,3.37,0,0,0,0,0,0,1,1,0,0,3,0,0,0,-1,-1,-1,-1,-1,-1,-1,-1,-1,47,63,32,70,Sporting CP,Boavista FC,2.59,1.06,2.5,1.29,2.54,0.85,54,37,1.89,0.85,2.74,34,True,True,True,True,True,False,True,,9.22,84%,0%,Liga_Portugal,2024-12-14 20:30:00
2024-2025,14,0,2,2,5,4,9,4,3,0,0,5,4,6,5,11,9,14,16,54,46,Estádio António Coimbra da Mota (Estoril),,4,3,2.6,3.3,2.6,1.42,2.27,4.2,1.85,1.83,1.5,1.82,2.33,1.84,1.5,3.2,2.4,1.3,2,0,0,0,2,2,0,1734294600,4810,0,38,0,-1,2,1,1,2,4,2,3,6,3,0,1,3,3,4,1,32,39,97,75,1.29,1.13,2.42,0,0,0,0,0,0,1,1,0,0,1,1,0,0,1,21,33,-1,-1,-1,1,6,7,45,70,37,61,GD Estoril Praia,Casa Pia,1.47,1.0,1.57,0.83,1.08,1.08,55,30,0.91,0.86,1.77,34,True,True,False,False,False,False,False,,10.36,60%,0%,Liga_Portugal,2024-12-15 20:30:00
2024-2025,14,2,0,2,11,4,15,0,2,0,1,4,0,8,5,12,5,17,19,70,30,Estádio Do Dragão (Porto),,0,3,1.14,7.4,15.0,1.14,1.5,2.2,2.5,1.5,1.36,1.6,2.8,2.14,1.25,2.2,3.75,1.62,2,1,0,1,0,1,1,1734380100,82,0,31,0,-1,2,1,5,0,6,4,5,10,0,1,0,2,1,2,1,0,0,0,0,1.5,0.49,1.99,0,0,0,0,0,0,1,1,0,0,2,0,0,0,-1,-1,-1,-1,-1,-1,-1,-1,-1,52,75,31,62,Porto,Estrela Amadora,2.47,0.59,3.0,0.17,2.38,0.92,48,25,1.9,0.92,2.82,34,True,True,False,False,False,False,False,,10.36,54%,0%,Liga_Portugal,2024-12-16 20:15:00
2024-2025,0,1,0,1,10,2,12,0,3,0,0,5,2,7,3,12,5,13,12,44,56,,,0,3,2.67,3.15,2.59,1.4,2.25,4.2,1.85,1.85,1.43,1.71,2.55,1.97,1.48,3.1,2.45,1.33,1,0,0,1,0,1,0,1734199200,163,0,46,0,-1,2,1,7,0,3,2,7,5,0,1,0,2,1,2,1,0,0,0,0,1.43,0.68,2.11,0,0,0,0,0,0,1,1,0,0,0,0,0,0,-1,-1,-1,-1,-1,-1,-1,-1,-1,56,83,27,73,CD Nacional,Moreirense FC,1.41,0.82,1.4,0.86,0.75,1.54,45,17,1.19,1.13,2.32,34,True,False,False,False,False,False,False,,11.5,84%,40%,Liga_Portugal,2024-12-14 18:00:00
2024-2025,14,2,2,4,0,2,2,2,1,0,0,4,5,1,8,5,13,9,13,37,63,Estádio do Rio Ave Futebol Clube (Vila do Conde),,2,1,3.65,3.25,2.01,1.4,2.15,4.2,1.95,1.8,1.34,1.56,2.9,2.23,1.5,3.4,2.5,1.3,4,2,0,0,2,2,2,1734381900,-1,0,48,0,-1,2,1,0,2,0,0,2,0,0,0,2,1,0,3,1,30,75,71,152,0.82,1.73,2.55,0,0,0,0,0,0,1,1,1,0,0,1,0,0,1,22,29,-1,-1,-1,1,12,3,32,55,16,70,Rio Ave FC,Vitória Guimarães,1.53,1.29,2.0,1.14,1.15,1.62,68,45,1.27,1.13,2.4,34,True,True,True,True,False,False,True,,10.36,54%,0%,Liga_Portugal,2024-12-16 20:45:00
2024-2025,14,1,1,2,0,3,3,2,2,0,0,7,4,9,6,16,10,8,13,41,59,Estádio Clube Desportivo das Aves (Vila das Aves),,2,2,13.0,7.3,1.15,1.15,1.47,2.33,2.2,1.6,1.48,1.76,2.4,1.9,1.25,2.15,3.55,1.62,2,0,1,1,0,1,1,1734285600,-1,0,35,0,-1,2,1,0,1,0,2,1,2,1,1,1,1,2,2,1,42,62,100,134,1.81,1.37,3.18,0,0,0,0,0,0,1,1,0,0,0,0,0,0,1,23,30,-1,-1,-1,1,9,10,35,72,35,62,AVS,Benfica,0.88,2.12,1.14,2.0,0.85,2.58,66,29,0.99,1.6,2.59,34,True,True,False,False,False,False,True,,,,,Liga_Portugal,2024-12-15 18:00:00
2024-2025,14,1,0,1,7,2,9,2,2,0,0,3,1,7,2,10,3,17,18,51,49,Estádio Municipal de Arouca (Arouca),,2,2,3.1,3.0,2.26,1.45,2.22,4.5,2.0,1.75,1.6,1.96,2.15,1.72,1.53,3.5,2.38,1.29,1,0,0,1,0,1,0,1734276600,167,0,33,0,-1,2,1,4,0,3,2,4,5,0,0,2,2,0,4,1,25,22,97,90,1.03,0.44,1.47,0,0,0,0,0,0,1,1,0,0,0,0,0,0,1,18,21,-1,-1,-1,1,3,10,33,67,25,84,FC Arouca,Santa Clara,1.24,1.47,0.67,1.5,0.62,2.08,67,33,0.93,1.05,1.98,34,True,False,False,False,False,False,False,,2.3,89%,20%,Liga_Portugal,2024-12-15 15:30:00
2024-2025,14,3,3,6,10,3,13,0,1,0,0,8,8,9,2,17,10,12,14,56,44,Estádio Municipal de Braga (Braga),,0,1,1.54,4.14,5.88,1.28,1.89,3.2,2.0,1.75,1.4,1.66,2.65,2.04,1.36,2.75,3.0,1.4,6,0,1,3,2,5,1,1734374700,-1,0,62,0,-1,2,1,3,1,7,2,4,9,0,0,0,1,0,1,1,67,17,128,61,2.12,1.32,3.44,0,0,0,0,0,0,1,1,0,0,0,0,0,0,1,20,24,-1,-1,-1,1,1,9,62,92,40,69,Sporting Braga,Famalicão,1.88,1.12,1.57,1.33,1.85,1.38,38,9,1.42,0.99,2.41,34,True,True,True,True,True,True,True,,4.43,67%,100%,Liga_Portugal,2024-12-16 18:45:00
2024-2025,14,0,1,1,7,1,8,3,2,0,1,2,2,9,3,11,5,13,15,49,51,Estádio de São Lúis (Faro),,3,4,2.82,2.95,2.59,1.48,2.22,4.5,1.95,1.77,1.55,1.88,2.25,1.78,1.53,3.4,2.35,1.28,1,0,0,0,1,1,0,1734190200,183,0,45,0,-1,2,1,2,1,5,0,3,5,0,1,3,2,1,5,1,53,33,104,88,1.22,0.71,1.93,0,0,0,0,0,0,1,1,0,0,1,1,0,0,1,25,19,-1,-1,-1,1,6,10,61,68,31,85,Farense,Gil Vicente,0.65,0.82,1.0,0.29,0.69,1.0,40,32,1.01,0.78,1.79,34,True,False,False,False,False,False,False,,12.66,67%,20%,Liga_Portugal,2024-12-14 15:30:00
2024-2025,15,1,2,3,7,4,11,3,6,0,0,1,5,8,1,9,6,5,19,74,26,Estádio Municipal 22 de Junho (Vila Nova de Famalicão),,3,6,1.79,2.21,9.78,1.42,2.32,4.2,2.05,1.7,1.43,1.7,2.55,1.98,1.48,3.2,2.45,1.3,3,0,1,1,1,2,1,1734795000,4866,0,36,0,-1,2,1,2,4,5,0,6,5,1,2,2,4,3,6,1,53,27,136,58,1.04,0.93,1.97,1,0,1,0,0,0,1,1,0,0,0,0,0,1,1,25,23,-1,-1,-1,1,8,15,14,64,7,57,Famalicão,Farense,1.65,0.94,1.43,0.43,1.36,0.64,86,36,0.89,0.96,1.85,34,True,True,True,False,False,False,True,,3.74,81%,7%,Liga_Portugal,2024-12-21 15:30:00
2024-2025,15,0,2,2,2,2,4,2,5,1,0,6,5,3,5,9,10,14,15,29,71,"Estádio de São Miguel (Ponta Delgada, Ilha de São Miguel, Açores)","Rua Comandante Jaime de Sousa 21, Ponta Delgada, Ilha de São Miguel, Açores",3,5,3.17,3.3,2.31,1.4,2.15,4.2,1.85,1.85,1.63,2.02,2.1,1.67,1.48,3.1,2.45,1.33,2,0,0,0,2,2,0,1734886800,172,0,31,0,-1,2,1,0,2,2,0,2,2,2,1,1,4,3,5,1,22,54,83,120,1.16,1.38,2.54,0,1,0,1,0,0,1,1,0,0,0,0,0,0,1,29,16,-1,-1,-1,1,10,6,40,47,22,61,Santa Clara,Sporting Braga,1.88,2.0,2.57,2.17,1.93,1.79,61,54,1.22,1.42,2.64,34,True,True,False,False,False,False,False,,14.97,72%,20%,Liga_Portugal,2024-12-22 17:00:00
2024-2025,0,3,1,4,3,4,7,2,3,0,0,6,4,2,2,8,6,9,12,42,58,Estádio Municipal de Rio Maior (Rio Maior),,2,3,2.4,3.1,3.1,1.4,2.4,4.0,1.85,1.85,1.5,1.82,2.33,1.84,1.48,3.1,2.5,1.33,4,2,0,1,1,2,2,1734725700,4810,0,50,0,-1,2,1,0,1,3,3,1,6,0,1,2,2,1,4,1,27,48,76,125,1.13,1.03,2.15,0,0,0,0,0,0,1,1,0,0,0,0,0,0,1,21,32,-1,-1,-1,1,7,5,36,64,22,71,Casa Pia,FC Arouca,1.65,1.0,1.29,0.57,1.21,0.79,65,36,1.11,0.92,2.03,34,True,True,True,True,False,False,True,,7.96,76%,0%,Liga_Portugal,2024-12-20 20:15:00
2024-2025,15,0,0,0,5,1,6,1,2,0,0,4,1,8,4,12,5,9,14,44,56,Estádio do Bessa Século XXI (Porto),,1,2,1.9,3.86,3.09,1.42,2.25,4.2,1.91,1.8,1.53,1.87,2.28,1.8,1.48,3.2,2.45,1.3,0,0,0,0,0,0,0,1734804000,-1,0,42,0,-1,2,1,1,1,4,0,2,4,0,1,1,1,1,2,1,46,42,123,103,1.38,0.7,2.09,0,0,0,0,0,0,1,1,0,0,0,1,0,0,1,32,27,-1,-1,-1,1,4,11,34,75,34,75,Boavista FC,AVS,0.35,0.71,0.33,0.5,0.79,0.86,67,25,1.19,0.86,2.05,34,False,False,False,False,False,False,False,,2.3,93%,0%,Liga_Portugal,2024-12-21 18:00:00
2024-2025,15,0,3,3,2,4,6,3,4,0,0,2,7,5,3,7,10,17,12,47,53,Parque Desportivo Comendador Joaquim de Almeida Freitas (Moreira de Cónegos),,3,4,4.48,4.1,1.56,1.3,2.03,3.55,2.08,1.71,1.67,2.07,2.02,1.64,1.39,2.95,2.92,1.38,3,0,1,0,2,2,1,1734813000,82,0,50,0,-1,2,1,2,1,0,3,3,3,1,1,2,3,2,5,1,25,43,78,90,0.77,1.44,2.21,0,0,0,0,0,0,1,1,0,0,0,1,0,0,1,20,15,-1,-1,-1,1,7,8,50,84,42,59,Moreirense FC,Porto,1.53,1.71,2.33,1.67,1.43,2.43,50,17,1.01,1.08,2.09,34,True,True,True,False,False,False,False,,1.01,87%,1%,Liga_Portugal,2024-12-21 20:30:00
2024-2025,15,1,0,1,5,6,11,4,3,0,1,4,6,2,3,6,9,17,16,36,64,Estádio José Gomes (Amadora),,4,5,2.45,3.05,2.85,1.38,2.1,3.8,1.8,1.91,1.34,1.56,2.9,2.23,1.45,3.0,2.55,1.33,1,1,0,0,0,0,1,1734986700,15804,0,36,0,-1,2,1,4,1,1,5,5,6,0,0,4,4,0,8,1,32,65,60,117,0.89,1.47,2.36,0,0,0,0,0,0,1,1,0,0,0,0,0,0,1,19,31,-1,-1,-1,1,5,5,57,79,50,79,Estrela Amadora,Rio Ave FC,1.12,0.71,1.57,0.43,0.86,1.14,43,22,1.06,0.65,1.71,34,True,False,False,False,False,False,False,,8.05,73%,0%,Liga_Portugal,2024-12-23 20:45:00
2024-2025,15,2,2,4,7,1,8,1,1,0,0,3,2,6,5,9,7,15,11,59,41,Estádio Dom Afonso Henriques (Guimarães),,1,1,1.5,4.0,6.25,1.3,1.9,3.45,2.05,1.7,1.28,1.5,3.3,2.35,1.38,2.8,2.8,1.38,4,1,1,1,1,2,2,1734979500,-1,0,31,0,-1,2,1,5,0,2,1,5,3,0,1,1,0,1,1,1,70,32,140,83,1.3,0.82,2.12,1,0,1,0,0,0,1,1,0,1,1,0,0,0,1,25,25,-1,-1,-1,1,5,14,41,55,9,69,Vitória Guimarães,CD Nacional,1.88,0.59,2.17,0.29,1.57,0.86,60,45,1.15,1.27,2.42,34,True,True,True,True,False,False,True,,4.18,79%,0%,Liga_Portugal,2024-12-23 18:45:00
2024-2025,15,3,0,3,4,1,5,1,1,0,0,6,2,7,8,13,10,11,13,59,41,Estádio do Sport Lisboa e Benfica (da Luz) (Lisboa),"Rua José Maria Nicolau, Lisboa",1,1,1.06,10.0,21.0,1.09,1.33,1.9,2.35,1.53,1.38,1.63,2.7,2.08,1.2,1.91,4.0,1.8,3,1,0,2,0,2,1,1734979500,78,0,38,0,-1,2,1,2,0,2,1,2,3,0,1,1,0,1,1,1,65,26,119,103,1.72,0.97,2.69,0,0,0,0,0,0,1,1,0,0,0,0,0,0,1,18,25,-1,-1,-1,1,12,10,61,61,37,77,Benfica,GD Estoril Praia,2.59,1.24,3.0,0.5,2.5,1.0,40,40,1.9,0.85,2.75,34,True,True,True,False,False,False,False,,11.5,67%,0%,Liga_Portugal,2024-12-23 18:45:00
2024-2025,15,0,0,0,3,8,11,3,1,0,0,1,7,2,4,3,11,12,11,36,64,Estádio Cidade de Barcelos (Barcelos),,3,1,11.0,6.0,1.25,1.16,1.62,2.3,1.87,1.9,1.66,2.06,2.04,1.64,1.24,2.22,3.7,1.6,0,0,0,0,0,0,0,1734899400,-1,0,55,0,-1,2,1,1,1,2,7,2,9,1,0,2,1,1,3,1,32,74,73,132,0.5,1.73,2.23,0,0,0,0,0,0,1,1,0,0,0,0,0,0,1,14,22,-1,-1,-1,1,7,6,84,92,52,77,Gil Vicente,Sporting CP,1.18,2.24,1.83,2.57,1.14,2.57,17,9,1.16,1.9,3.06,34,False,False,False,False,False,False,False,,6.26,92%,72%,Liga_Portugal,2024-12-22 20:30:00
2024-2025,16,1,0,1,4,8,12,2,3,0,0,6,3,3,9,9,12,13,14,45,55,Estádio José Alvalade (Lisboa),,2,3,2.5,3.55,2.61,1.22,1.65,2.62,1.53,2.38,1.52,1.83,2.32,1.83,1.33,2.4,3.1,1.5,1,1,0,0,0,0,1,1735504200,114,0,43,0,-1,2,1,3,3,1,5,6,6,0,1,2,2,1,4,1,44,62,86,101,1.31,1.42,2.73,0,0,0,0,0,0,1,1,0,0,1,1,0,0,1,21,16,-1,-1,-1,1,13,8,43,93,43,79,Sporting CP,Benfica,2.59,2.12,2.57,2.0,2.47,2.53,57,7,1.98,1.57,3.55,34,True,False,False,False,False,False,False,,5.75,71%,0%,Liga_Portugal,2024-12-29 20:30:00
2024-2025,16,4,0,4,4,1,5,4,2,0,0,7,1,5,1,12,2,12,15,76,24,Estádio Do Dragão (Porto),,4,2,1.17,7.5,13.0,1.12,1.4,2.2,2.4,1.5,1.49,1.79,2.38,1.87,1.22,2.05,3.75,1.7,4,1,0,3,0,3,1,1735417800,82,0,38,0,-1,2,1,3,0,1,1,3,2,3,1,1,1,4,2,1,42,12,88,54,1.55,0.29,1.85,0,0,0,0,0,0,1,1,0,0,0,0,0,0,1,23,15,-1,-1,-1,1,4,10,57,75,25,63,Porto,Boavista FC,2.47,1.06,3.0,1.13,2.47,0.8,44,25,1.85,0.85,2.7,34,True,True,True,True,False,False,False,,9.22,76%,0%,Liga_Portugal,2024-12-28 20:30:00
2024-2025,16,2,1,3,11,6,17,0,1,0,0,8,2,6,11,14,13,10,14,49,51,Estádio do Rio Ave Futebol Clube (Vila do Conde),,0,1,2.04,3.05,3.7,1.38,2.12,3.75,1.8,1.91,1.34,1.58,3.1,2.29,1.45,2.95,2.55,1.35,3,1,1,1,0,1,2,1735486200,171,0,55,0,-1,2,1,6,4,5,2,10,7,0,0,0,1,0,1,1,32,50,88,93,1.68,1.32,3.0,1,0,1,0,0,0,1,1,0,0,0,0,0,0,1,16,9,-1,-1,-1,1,13,9,41,61,21,81,Rio Ave FC,CD Nacional,1.53,0.59,1.86,0.38,1.07,0.87,59,40,1.2,1.21,2.41,34,True,True,True,False,False,False,True,,8.05,62%,40%,Liga_Portugal,2024-12-29 15:30:00
2024-2025,16,1,2,3,5,4,9,3,3,0,0,5,3,7,4,12,7,11,13,69,31,Estádio Municipal 22 de Junho (Vila Nova de Famalicão),,3,3,2.6,2.9,2.85,1.55,2.65,5.5,2.2,1.65,1.8,2.0,1.91,1.7,1.59,3.7,2.24,1.24,3,0,1,1,1,2,1,1735589700,1028,0,34,0,-1,2,1,4,1,1,3,5,4,1,1,2,2,2,4,1,67,24,144,71,1.61,0.83,2.44,0,1,0,1,0,0,1,1,0,0,0,0,0,0,1,26,17,-1,-1,-1,1,3,11,27,60,22,60,Famalicão,Santa Clara,1.65,1.47,1.25,1.29,1.27,1.8,73,41,0.91,0.96,1.87,34,True,True,True,False,False,False,True,,3.36,75%,0%,Liga_Portugal,2024-12-30 20:15:00
2024-2025,16,1,1,2,7,6,13,2,2,0,0,6,5,3,9,9,14,13,12,60,40,Estádio Clube Desportivo das Aves (Vila das Aves),,2,2,2.45,3.0,3.0,1.45,2.25,4.5,1.95,1.77,1.52,1.85,2.3,1.81,1.5,3.3,2.4,1.28,2,0,1,1,0,1,1,1735399800,-1,0,34,0,-1,2,1,4,2,3,3,6,6,1,1,1,1,2,2,1,42,40,86,96,1.3,1.53,2.82,0,0,0,0,0,0,1,1,0,1,3,0,0,0,1,29,32,-1,-1,-1,1,10,9,27,54,27,61,AVS,Estrela Amadora,0.88,0.59,1.13,0.14,0.87,1.0,73,47,1.09,0.86,1.95,34,True,True,False,False,False,False,True,,,,,Liga_Portugal,2024-12-28 15:30:00
2024-2025,16,2,2,4,6,9,15,2,3,0,0,2,12,3,11,5,23,12,15,33,67,Estádio de São Lúis (Faro),,2,3,4.35,3.6,1.74,1.36,2.12,3.8,1.91,1.8,1.19,1.35,3.9,2.85,1.44,3.0,2.6,1.33,4,1,0,1,2,3,1,1735486200,-1,0,34,0,-1,2,1,4,4,2,5,8,7,1,1,1,2,2,3,1,23,57,80,125,0.64,2.7,3.34,0,0,0,0,0,0,1,1,0,0,1,0,0,0,1,27,28,-1,-1,-1,1,12,6,34,47,27,67,Farense,Vitória Guimarães,0.65,1.29,0.86,1.13,0.8,1.53,66,54,1.04,1.2,2.24,34,True,True,True,True,False,False,True,,8.05,51%,0%,Liga_Portugal,2024-12-29 15:30:00
2024-2025,16,1,1,2,5,7,12,0,1,0,0,5,3,3,2,8,5,21,11,48,52,Estádio Municipal de Arouca (Arouca),,0,1,2.3,3.1,3.25,1.42,2.3,4.33,1.91,1.8,1.52,1.84,2.32,1.83,1.5,3.3,2.4,1.28,2,0,0,1,1,2,0,1735330500,-1,0,40,0,-1,2,1,4,5,1,2,9,3,0,0,0,1,0,1,1,28,27,96,90,1.07,0.74,1.81,0,0,0,0,0,0,1,1,0,0,1,1,0,0,1,29,12,-1,-1,-1,1,1,8,46,66,13,81,FC Arouca,Gil Vicente,1.24,0.82,1.0,0.63,0.73,1.13,55,34,0.95,0.77,1.72,34,True,True,False,False,False,False,True,,9.22,65%,20%,Liga_Portugal,2024-12-27 20:15:00
2024-2025,16,1,2,3,10,2,12,2,3,0,0,6,4,6,3,12,7,9,14,60,40,Estádio Municipal de Braga (Braga),,2,3,1.34,4.9,8.0,1.25,1.68,3.0,2.0,1.73,1.4,1.66,2.63,2.04,1.35,2.55,2.95,1.45,3,1,1,0,1,1,2,1735495200,4810,0,46,0,-1,2,1,5,1,5,1,6,6,0,1,2,2,1,4,1,64,45,118,76,1.65,1.05,2.7,0,0,0,0,0,0,1,1,0,0,0,0,0,0,1,25,13,-1,-1,-1,1,5,9,46,93,20,59,Sporting Braga,Casa Pia,1.88,1.0,1.5,1.14,1.87,1.33,55,7,1.51,0.9,2.41,34,True,True,True,False,False,False,True,,3.6,84%,6%,Liga_Portugal,2024-12-29 18:00:00
2024-2025,16,2,2,4,6,2,8,2,2,0,0,7,5,2,1,9,6,17,14,53,47,Estádio António Coimbra da Mota (Estoril),,2,2,3.25,3.0,2.3,1.48,2.4,4.5,1.95,1.75,1.63,2.02,2.08,1.68,1.53,3.4,2.35,1.28,4,2,1,0,1,1,3,1735408800,-1,0,51,0,-1,2,1,5,0,1,2,5,3,2,0,0,2,2,2,1,62,25,109,89,1.51,0.92,2.44,1,0,1,0,0,0,1,1,0,1,1,0,0,0,1,25,24,-1,-1,-1,1,5,5,57,69,32,69,GD Estoril Praia,Moreirense FC,1.47,0.82,1.38,0.75,0.93,1.33,44,32,0.96,1.07,2.03,34,True,True,True,True,False,False,True,,8.05,69%,0%,Liga_Portugal,2024-12-28 18:00:00
2024-2025,17,2,0,2,1,10,11,3,6,0,0,4,3,2,7,6,10,8,11,39,61,Estádio da Madeira (Funchal (Ilha da Madeira)),,3,6,9.51,5.6,1.28,1.2,1.62,2.48,2.1,1.65,1.5,1.82,2.5,1.98,1.3,2.35,3.2,1.51,2,2,0,0,0,0,2,1736695800,163,0,22,0,-1,2,1,1,3,0,7,4,7,1,1,2,5,2,7,1,11,50,58,103,0.75,1.21,1.96,0,0,0,0,0,0,1,1,0,0,0,0,0,1,1,18,23,1,7,5,1,15,4,43,86,36,57,CD Nacional,Porto,1.41,1.71,1.43,1.86,0.81,2.5,57,15,1.1,1.13,2.23,34,True,True,False,False,False,False,False,,18.41,89%,40%,Liga_Portugal,2025-01-12 15:30:00
2024-2025,17,0,0,0,13,2,15,3,3,0,1,6,1,8,0,14,1,16,15,69,31,"Estádio de São Miguel (Ponta Delgada, Ilha de São Miguel, Açores)","Rua Comandante Jaime de Sousa 21, Ponta Delgada, Ilha de São Miguel, Açores",3,4,1.67,3.4,5.81,1.48,2.36,4.5,2.2,1.62,1.37,1.61,2.75,2.12,1.53,3.5,2.38,1.29,0,0,0,0,0,0,0,1736091000,-1,0,38,0,-1,2,1,3,1,10,1,4,11,0,2,3,2,2,5,1,75,19,119,73,1.85,0.29,2.14,0,0,0,0,0,0,1,1,0,0,1,0,0,0,1,27,13,1,15,16,1,3,10,25,63,26,63,Santa Clara,Farense,1.88,0.94,2.25,0.75,1.88,0.81,75,38,1.21,0.96,2.17,34,False,False,False,False,False,False,False,,17.27,72%,20%,Liga_Portugal,2025-01-05 15:30:00
2024-2025,17,1,3,4,3,3,6,4,7,1,0,2,5,6,7,8,12,8,18,33,67,Estádio do Bessa Século XXI (Porto),,5,7,2.75,3.0,2.6,1.42,2.25,4.33,1.9,1.83,1.56,1.93,2.2,1.74,1.46,3.25,2.55,1.3,4,0,1,1,2,3,1,1736022600,167,0,32,0,-1,2,1,0,2,1,1,2,2,2,1,3,6,3,9,1,41,34,90,66,0.95,1.35,2.3,0,2,0,2,0,0,1,1,0,0,0,0,1,0,1,34,19,-1,-1,-1,1,5,10,39,60,26,66,Boavista FC,FC Arouca,0.35,1.0,0.43,0.5,0.75,0.75,62,41,1.22,0.94,2.16,34,True,True,True,True,False,False,True,,27.63,72%,20%,Liga_Portugal,2025-01-04 20:30:00
2024-2025,17,2,4,6,3,2,5,2,1,0,0,4,8,3,5,7,13,20,18,49,51,Estádio José Gomes (Amadora),,2,1,2.35,3.1,3.25,1.42,2.3,4.5,1.95,1.8,1.37,1.61,2.75,2.12,1.49,3.25,2.45,1.3,6,0,3,2,1,3,3,1736109000,164,0,40,0,-1,2,1,3,2,0,0,5,0,0,0,2,1,0,3,1,40,54,102,98,1.02,1.77,2.8,0,0,0,0,0,0,1,1,0,0,0,0,0,0,1,23,19,1,18,20,1,11,7,60,66,26,73,Estrela Amadora,GD Estoril Praia,1.12,1.24,1.75,0.43,1.0,0.94,41,34,1.04,0.87,1.91,34,True,True,True,True,True,True,True,,8.01,80%,72%,Liga_Portugal,2025-01-05 20:30:00
2024-2025,17,1,1,2,3,9,12,3,5,0,0,5,2,3,8,8,10,13,18,55,45,Parque Desportivo Comendador Joaquim de Almeida Freitas (Moreira de Cónegos),,3,5,1.83,3.2,4.5,1.45,2.4,4.5,2.1,1.68,1.53,1.87,2.28,1.8,1.48,3.4,2.45,1.28,2,1,1,0,0,0,2,1736004600,-1,0,57,0,-1,2,1,1,5,2,4,6,6,1,1,2,4,2,6,1,53,44,90,59,1.24,1.09,2.33,1,0,1,0,0,0,1,1,1,0,1,0,0,1,1,16,27,-1,-1,-1,1,11,6,50,71,36,64,Moreirense FC,AVS,1.53,0.71,2.0,0.57,1.31,0.88,50,29,0.98,0.84,1.82,34,True,True,False,False,False,False,True,,5.01,73%,100%,Liga_Portugal,2025-01-04 15:30:00
2024-2025,17,1,1,2,4,4,8,2,3,0,0,4,4,8,5,12,9,8,13,57,43,Estádio Cidade de Barcelos (Barcelos),,2,3,2.2,3.1,3.3,1.38,2.1,4.0,1.91,1.91,1.46,1.82,2.45,1.88,1.44,3.4,2.63,1.3,2,1,0,0,1,1,1,1736194500,-1,0,35,0,-1,2,1,1,0,3,4,1,7,0,2,2,1,2,3,1,42,46,119,95,1.35,1.19,2.54,0,0,0,0,0,0,1,1,0,0,0,0,0,0,1,18,20,1,13,8,1,5,11,48,67,40,73,Gil Vicente,Rio Ave FC,1.18,0.71,1.71,0.38,1.13,1.19,53,34,1.07,0.75,1.82,34,True,True,False,False,False,False,True,,0.51,82%,52%,Liga_Portugal,2025-01-06 20:15:00
2024-2025,17,4,4,8,6,2,8,4,5,0,0,5,5,5,3,10,8,12,14,53,47,Estádio Dom Afonso Henriques (Guimarães),,4,5,4.6,3.7,1.68,1.25,1.77,3.1,1.8,1.95,1.56,1.88,2.23,1.78,1.36,2.75,3.0,1.4,8,1,2,3,2,5,3,1735935300,-1,0,41,0,-1,2,1,1,2,5,0,3,5,1,1,3,4,2,7,1,59,38,106,73,1.41,1.13,2.55,0,0,0,0,0,0,1,1,1,1,0,1,1,0,1,25,21,-1,-1,-1,1,5,9,80,80,46,73,Vitória Guimarães,Sporting CP,1.88,2.24,2.0,2.38,1.5,2.5,21,21,1.17,1.87,3.04,34,True,True,True,True,True,True,True,,4,86%,100%,Liga_Portugal,2025-01-03 20:15:00
2024-2025,17,1,2,3,8,2,10,4,3,0,0,5,2,10,2,15,4,8,11,59,41,Estádio do Sport Lisboa e Benfica (da Luz) (Lisboa),"Rua José Maria Nicolau, Lisboa",4,3,1.43,4.75,6.0,1.2,1.57,2.5,1.8,1.95,1.38,1.63,2.88,2.18,1.3,2.38,3.4,1.53,3,0,2,1,0,1,2,1736013600,172,0,34,0,-1,2,1,4,2,4,0,6,4,0,1,4,2,1,6,1,77,7,177,56,1.87,0.45,2.33,0,0,0,0,0,0,1,1,0,0,1,0,0,0,1,37,24,-1,-1,-1,1,2,15,59,66,25,66,Benfica,Sporting Braga,2.59,2.0,3.0,2.29,2.38,1.75,41,34,1.87,1.41,3.28,34,True,True,True,False,False,False,True,,16.11,85%,75%,Liga_Portugal,2025-01-04 18:00:00
2024-2025,17,1,1,2,5,7,12,2,3,1,0,3,14,2,3,5,17,11,6,55,45,Estádio Municipal de Rio Maior (Rio Maior),,3,3,2.4,3.0,3.17,1.5,2.54,5.0,2.1,1.67,1.68,2.08,2.02,1.63,1.57,3.75,2.25,1.25,2,1,1,0,0,0,2,1736100000,-1,0,67,0,-1,2,1,1,4,4,3,5,7,2,1,1,2,3,3,1,40,40,92,101,0.83,2.34,3.17,0,0,0,0,0,0,1,1,0,0,0,0,0,0,1,33,27,1,6,11,1,8,7,48,81,34,73,Casa Pia,Famalicão,1.65,1.12,1.5,1.29,1.44,1.19,52,20,1.11,1.03,2.14,34,True,True,False,False,False,False,True,,15.7,83%,70%,Liga_Portugal,2025-01-05 18:00:00
2024-2025,18,0,3,3,0,8,8,1,1,0,0,1,11,1,17,2,28,16,11,46,54,Estádio do Rio Ave Futebol Clube (Vila do Conde),,1,1,9.0,5.75,1.3,1.1,1.47,2.2,1.95,1.8,1.34,1.54,2.9,2.25,1.25,2.2,3.75,1.62,3,0,2,0,1,1,2,1737223200,114,0,60,0,-1,2,1,0,6,0,2,6,2,0,0,1,1,0,2,1,27,53,72,101,0.4,2.91,3.31,0,1,0,1,0,0,1,1,0,1,0,1,0,0,-1,-1,-1,-1,-1,-1,-1,-1,-1,76,82,53,83,Rio Ave FC,Sporting CP,1.53,2.24,2.0,2.22,1.18,2.41,25,18,1.26,1.79,3.05,34,True,True,True,False,False,False,False,,1.14,81%,0%,Liga_Portugal,2025-01-18 18:00:00
2024-2025,18,3,1,4,4,6,10,3,6,0,2,3,3,4,11,7,14,10,18,41,59,Estádio Cidade de Barcelos (Barcelos),,3,10,7.5,4.4,1.4,1.3,1.91,3.6,2.25,1.57,1.6,1.97,2.14,1.71,1.4,3.0,2.75,1.36,4,1,0,2,1,3,1,1737318600,183,0,44,0,-1,2,1,2,4,2,2,6,4,3,2,0,6,5,6,1,28,78,45,126,0.85,1.66,2.52,1,0,1,0,0,0,1,1,0,0,1,1,0,0,1,15,24,1,17,10,1,14,4,50,88,38,69,Gil Vicente,Porto,1.18,1.71,1.63,1.63,1.12,2.35,50,13,1.1,1.14,2.24,34,True,True,True,True,False,False,True,,5.97,93%,100%,Liga_Portugal,2025-01-19 20:30:00
2024-2025,18,2,3,5,7,1,8,2,2,0,0,2,3,13,7,15,10,14,16,60,40,"Estádio de São Miguel (Ponta Delgada, Ilha de São Miguel, Açores)","Rua Comandante Jaime de Sousa 21, Ponta Delgada, Ilha de São Miguel, Açores",2,2,1.73,3.5,5.25,1.42,2.35,4.05,2.2,1.62,1.77,2.23,1.89,1.55,1.5,3.5,2.5,1.29,5,1,2,1,1,2,3,1737214200,164,0,30,0,-1,2,1,3,0,4,1,3,5,1,0,1,2,1,3,1,51,20,128,98,1.47,1.0,2.46,0,0,0,0,0,0,1,1,0,1,0,0,0,0,-1,-1,-1,-1,-1,-1,-1,-1,-1,43,54,29,66,Santa Clara,GD Estoril Praia,1.88,1.24,2.11,0.75,1.82,1.06,58,47,1.28,0.98,2.26,34,True,True,True,True,True,False,True,,8.05,68%,20%,Liga_Portugal,2025-01-18 15:30:00
2024-2025,18,2,3,5,2,3,5,3,2,1,0,5,7,5,3,10,10,13,14,36,64,Estádio do Bessa Século XXI (Porto),,5,2,3.25,3.1,2.33,1.45,2.3,4.5,2.0,1.75,1.63,2.11,2.09,1.65,1.53,3.5,2.38,1.29,5,1,2,1,1,2,3,1737404100,4810,0,32,0,-1,2,1,0,2,2,1,2,3,1,1,3,1,2,4,1,37,26,74,96,1.25,1.32,2.57,0,0,0,0,0,0,1,1,0,0,0,1,1,1,-1,-1,-1,-1,-1,-1,-1,-1,-1,32,76,19,57,Boavista FC,Casa Pia,0.35,1.0,0.38,1.38,0.71,1.41,69,26,1.19,0.92,2.11,34,True,True,True,True,True,False,True,,11.5,94%,75%,Liga_Portugal,2025-01-20 20:15:00
2024-2025,18,4,0,4,7,2,9,3,0,0,0,11,0,8,1,19,1,13,8,58,42,Estádio do Sport Lisboa e Benfica (da Luz) (Lisboa),"Rua José Maria Nicolau, Lisboa",3,0,1.2,6.6,14.0,1.16,1.67,2.25,2.2,1.62,1.41,1.67,2.6,2.02,1.29,2.25,3.5,1.57,4,2,0,2,0,2,2,1737144900,78,0,60,0,-1,2,1,4,0,3,2,4,5,3,0,0,0,3,0,1,49,28,112,67,2.32,0.28,2.6,0,0,0,0,0,0,1,1,0,0,0,0,0,0,-1,-1,-1,-1,-1,-1,-1,-1,-1,71,83,53,82,Benfica,Famalicão,2.59,1.12,2.67,1.25,2.24,1.18,30,18,1.87,1.2,3.07,34,True,True,True,True,False,False,False,,4,66%,0%,Liga_Portugal,2025-01-17 20:15:00
2024-2025,18,0,1,1,1,8,9,3,1,0,0,5,5,4,10,9,15,21,10,26,74,Estádio José Gomes (Amadora),,3,1,4.7,3.85,1.68,1.25,1.8,3.1,1.8,1.95,1.42,1.7,2.55,2.0,1.36,2.63,3.0,1.44,1,0,0,0,1,1,0,1737309600,172,0,47,0,-1,2,1,1,1,0,7,2,7,0,0,3,1,0,4,1,27,52,84,139,1.12,1.69,2.81,0,0,0,0,0,0,1,1,0,0,0,0,0,0,-1,-1,-1,-1,-1,-1,-1,-1,-1,59,71,29,64,Estrela Amadora,Sporting Braga,1.12,2.0,1.56,2.38,0.94,1.82,42,30,1.04,1.29,2.33,34,True,False,False,False,False,False,False,,13.8,86%,75%,Liga_Portugal,2025-01-19 18:00:00
2024-2025,18,0,0,0,6,3,9,2,4,0,0,1,1,14,5,15,6,16,14,66,34,Parque Desportivo Comendador Joaquim de Almeida Freitas (Moreira de Cónegos),,2,4,1.85,3.2,4.4,1.5,2.37,5.0,2.2,1.62,1.48,1.77,2.4,1.9,1.57,3.75,2.25,1.25,0,0,0,0,0,0,0,1737300600,-1,0,54,0,-1,2,1,3,1,2,2,4,4,0,2,2,2,2,4,1,57,36,118,78,1.43,0.72,2.15,0,0,0,0,0,0,1,1,0,0,1,0,0,0,-1,-1,-1,-1,-1,-1,-1,-1,-1,36,71,25,60,Moreirense FC,Farense,1.53,0.94,1.88,0.78,1.29,0.82,64,29,1.01,0.88,1.89,34,False,False,False,False,False,False,False,,11.01,86%,100%,Liga_Portugal,2025-01-19 15:30:00
2024-2025,18,2,2,4,9,5,14,1,3,0,0,7,5,8,14,15,19,13,9,53,47,Estádio Dom Afonso Henriques (Guimarães),,1,3,1.57,4.0,6.0,1.3,1.93,3.5,1.95,1.8,1.34,1.58,2.85,2.18,1.4,3.0,2.75,1.36,4,2,0,0,2,2,2,1737232200,-1,0,53,0,-1,2,1,7,1,2,4,8,6,1,0,0,3,1,3,1,45,40,108,91,1.77,1.84,3.6,0,0,0,0,0,0,1,1,0,0,1,0,0,0,-1,-1,-1,-1,-1,-1,-1,-1,-1,71,71,36,77,Vitória Guimarães,FC Arouca,1.88,1.0,1.88,0.78,1.47,0.88,29,29,1.2,0.98,2.18,34,True,True,True,True,False,False,True,,3.76,79%,0%,Liga_Portugal,2025-01-18 20:30:00
2024-2025,18,3,1,4,4,6,10,2,4,0,0,7,4,9,12,16,16,12,14,49,51,Estádio da Madeira (Funchal (Ilha da Madeira)),,2,4,2.1,3.1,3.5,1.42,2.25,4.33,1.95,1.8,1.46,1.75,2.45,1.92,1.5,3.4,2.5,1.3,4,3,1,0,0,0,4,1737300600,163,0,38,0,-1,2,1,2,2,2,4,4,6,0,1,2,3,1,5,1,22,44,72,100,1.66,1.61,3.27,1,1,1,0,0,1,1,1,0,0,0,1,0,0,-1,-1,-1,-1,-1,-1,-1,-1,-1,32,75,44,63,CD Nacional,AVS,1.41,0.71,1.63,0.63,0.94,0.88,69,25,1.05,0.87,1.92,34,True,True,True,True,False,False,True,,,,,Liga_Portugal,2025-01-19 15:30:00
2024-2025,19,1,0,1,2,5,7,3,3,0,0,5,2,8,5,13,7,17,20,43,57,Estádio António Coimbra da Mota (Estoril),,3,3,5.76,1.73,2.8,1.33,1.99,3.75,1.9,1.87,1.48,1.79,2.38,1.87,1.39,2.95,2.75,1.35,1,0,0,1,0,1,0,1737905400,164,0,44,0,-1,2,1,2,1,0,4,3,4,3,1,0,2,4,2,1,25,34,110,117,1.36,0.85,2.21,0,0,0,0,0,0,1,1,0,0,0,0,0,0,-1,-1,-1,-1,-1,-1,-1,-1,-1,45,62,39,67,GD Estoril Praia,Vitória Guimarães,1.47,1.29,1.33,1.11,1.17,1.44,56,39,1.02,1.37,2.39,34,True,False,False,False,False,False,False,,19.57,83%,75%,Liga_Portugal,2025-01-26 15:30:00
2024-2025,19,1,2,3,9,2,11,5,4,0,0,5,2,10,7,15,9,16,10,54,46,Estádio de São Lúis (Faro),,5,4,2.45,3.05,2.85,1.48,2.1,4.75,2.0,1.7,1.45,1.75,2.48,1.92,1.51,3.3,2.37,1.29,3,0,1,1,1,2,1,1737819000,171,0,30,0,-1,2,1,6,1,3,1,7,4,1,1,4,3,2,7,1,59,25,99,74,1.72,0.9,2.62,1,0,1,0,0,0,1,1,0,0,0,0,0,0,-1,-1,-1,-1,-1,-1,-1,-1,-1,42,59,35,82,Farense,Rio Ave FC,0.65,0.71,0.88,0.44,0.83,1.11,59,42,0.99,0.8,1.79,34,True,True,True,False,False,False,True,,11.5,63%,20%,Liga_Portugal,2025-01-25 15:30:00
2024-2025,19,1,0,1,1,8,9,3,1,0,0,1,0,7,9,8,9,17,10,31,69,Estádio Clube Desportivo das Aves (Vila das Aves),,3,1,2.75,3.0,2.62,1.44,2.25,4.5,1.95,1.8,1.5,1.85,2.33,1.85,1.53,3.5,2.38,1.29,1,0,0,1,0,1,0,1738008900,998595,0,50,0,-1,2,1,0,2,1,6,2,7,1,0,2,1,1,3,1,23,55,80,123,0.75,0.98,1.73,0,0,0,0,0,0,1,1,0,0,0,0,0,0,-1,-1,-1,-1,-1,-1,-1,-1,-1,39,67,22,62,AVS,Gil Vicente,0.88,0.82,1.11,0.67,0.83,1.22,61,33,1.12,0.77,1.89,34,True,False,False,False,False,False,False,,,,,Liga_Portugal,2025-01-27 20:15:00
2024-2025,19,1,0,1,10,2,12,3,0,0,0,5,2,11,6,16,8,18,11,50,50,Estádio Municipal de Arouca (Arouca),,3,0,2.2,3.25,3.3,1.45,2.3,4.5,2.0,1.7,1.53,1.86,2.28,1.8,1.49,3.3,2.4,1.29,1,0,0,1,0,1,0,1737749700,167,0,53,0,-1,2,1,7,0,3,2,7,5,2,0,1,0,2,1,1,36,40,115,87,1.63,0.94,2.57,0,0,0,0,0,0,1,1,0,0,0,0,0,0,-1,-1,-1,-1,-1,-1,-1,-1,-1,46,71,11,77,FC Arouca,Moreirense FC,1.24,0.82,1.0,0.78,0.89,1.28,54,30,0.96,1.05,2.01,34,True,False,False,False,False,False,False,,12.66,58%,40%,Liga_Portugal,2025-01-24 20:15:00
2024-2025,19,1,1,2,7,2,9,4,5,0,1,6,0,16,1,22,1,12,23,78,22,Estádio Do Dragão (Porto),,4,6,1.89,2.34,6.52,1.35,2.14,3.85,2.3,1.55,1.52,1.84,2.28,1.82,1.4,2.88,2.75,1.36,2,0,1,1,0,1,1,1737914400,-1,0,30,0,-1,2,1,3,1,4,1,4,5,3,1,1,5,4,6,1,84,11,142,50,2.41,0.15,2.57,2,0,0,0,2,0,1,1,0,0,1,0,0,0,-1,-1,-1,-1,-1,-1,-1,-1,-1,53,82,30,65,Porto,Santa Clara,2.47,1.47,3.0,1.5,2.22,1.72,48,19,1.82,0.94,2.76,34,True,True,False,False,False,False,True,,24.16,94%,75%,Liga_Portugal,2025-01-26 18:00:00
2024-2025,19,3,1,4,2,9,11,2,0,0,0,3,5,4,10,7,15,12,10,39,61,Estádio Municipal de Rio Maior (Rio Maior),,2,0,8.5,5.0,1.3,1.2,1.7,2.8,2.0,1.75,1.47,1.7,2.43,1.95,1.33,2.5,3.25,1.5,4,1,1,2,0,2,2,1737828000,4810,0,53,0,-1,2,1,2,2,0,7,4,7,0,0,2,0,0,2,1,19,59,65,102,0.8,1.72,2.52,0,1,0,1,0,0,1,1,0,0,0,0,0,0,-1,-1,-1,-1,-1,-1,-1,-1,-1,24,83,29,77,Casa Pia,Benfica,1.65,2.12,1.44,1.75,1.5,2.28,77,18,1.08,1.55,2.63,34,True,True,True,True,False,False,True,,3.51,76%,46%,Liga_Portugal,2025-01-25 18:00:00
2024-2025,19,0,0,0,5,2,7,1,3,0,0,0,2,9,4,9,6,14,15,69,31,Estádio Municipal 22 de Junho (Vila Nova de Famalicão),,1,3,1.83,3.3,4.2,1.4,2.15,4.2,2.0,1.7,1.53,1.85,2.28,1.81,1.46,3.1,2.5,1.32,0,0,0,0,0,0,0,1737819000,-1,0,41,0,-1,2,1,1,2,4,0,3,4,0,0,1,3,0,4,1,59,17,129,68,1.01,0.65,1.66,0,0,0,0,0,0,1,1,0,0,0,0,0,0,-1,-1,-1,-1,-1,-1,-1,-1,-1,29,65,13,71,Famalicão,Estrela Amadora,1.65,0.59,1.11,0.25,1.11,0.89,71,36,0.98,0.94,1.92,34,False,False,False,False,False,False,False,,9.33,72%,57%,Liga_Portugal,2025-01-25 15:30:00
2024-2025,19,3,0,3,11,3,14,2,0,0,1,5,2,10,6,15,8,12,7,68,32,Estádio Municipal de Braga (Braga),,2,2,1.22,6.26,12.16,1.16,1.52,2.75,2.1,1.67,1.53,1.8,2.41,1.91,1.29,2.25,3.5,1.57,3,2,0,1,0,1,2,1737923400,172,0,56,0,-1,2,1,7,2,4,1,9,5,0,0,2,1,0,3,1,64,24,128,67,1.77,0.82,2.59,1,0,1,0,0,0,1,1,0,0,2,1,0,0,-1,-1,-1,-1,-1,-1,-1,-1,-1,62,78,28,73,Sporting Braga,Boavista FC,1.88,1.06,1.33,1.0,1.89,0.67,39,22,1.52,0.79,2.31,34,True,True,True,False,False,False,False,,19.39,90%,100%,Liga_Portugal,2025-01-26 20:30:00
2024-2025,19,2,0,2,6,2,8,1,1,0,0,5,0,10,2,15,2,12,16,64,36,Estádio José Alvalade (Lisboa),,1,1,1.14,7.5,13.0,1.11,1.36,1.99,2.0,1.73,1.27,1.44,3.3,2.48,1.2,1.93,4.0,1.77,2,1,0,1,0,1,1,1737837000,114,0,41,0,-1,2,1,2,0,4,2,2,6,0,1,1,0,1,1,1,83,23,145,62,1.9,0.3,2.21,0,0,0,0,0,0,1,1,0,0,1,0,0,0,-1,-1,-1,-1,-1,-1,-1,-1,-1,42,66,36,83,Sporting CP,CD Nacional,2.59,0.59,2.63,0.33,2.44,1.06,59,35,1.9,1.22,3.12,34,True,True,False,False,False,False,False,,6.91,81%,20%,Liga_Portugal,2025-01-25 20:30:00
2024-2025,20,2,0,2,8,2,10,1,4,0,1,9,0,6,2,15,2,14,20,73,27,Estádio Dom Afonso Henriques (Guimarães),,1,5,1.44,4.2,6.5,1.3,2.05,3.6,2.1,1.67,1.42,1.68,2.55,2.0,1.4,2.75,2.75,1.4,2,0,0,2,0,2,0,1738441800,175,0,62,0,-1,2,1,3,2,5,0,5,5,1,3,0,2,4,2,1,65,14,158,53,2.06,0.24,2.3,0,0,0,0,0,0,1,1,0,0,1,2,0,0,-1,-1,-1,-1,-1,-1,-1,-1,-1,61,78,50,78,Vitória Guimarães,AVS,1.88,0.71,1.78,0.56,1.37,0.95,39,22,1.26,0.95,2.21,34,True,True,False,False,False,False,False,,5.99,91%,100%,Liga_Portugal,2025-02-01 20:30:00
2024-2025,20,0,2,2,2,7,9,3,1,0,0,1,5,4,15,5,20,12,16,45,55,Estádio do Bessa Século XXI (Porto),,3,1,3.42,3.14,2.26,1.42,2.4,4.5,2.02,1.71,1.53,1.91,2.41,1.8,1.5,3.4,2.41,1.27,2,0,1,0,1,1,1,1738354500,1033,0,50,0,-1,2,1,0,3,2,4,3,6,1,0,2,1,1,3,1,43,64,120,93,0.72,2.07,2.78,0,0,0,0,0,0,1,1,0,1,0,0,0,0,-1,-1,-1,-1,-1,-1,-1,-1,-1,50,78,39,73,Boavista FC,Famalicão,0.35,1.12,0.33,1.11,0.63,1.11,50,22,1.19,1.09,2.28,34,True,True,False,False,False,False,False,,2.3,91%,20%,Liga_Portugal,2025-01-31 20:15:00
2024-2025,20,2,1,3,5,2,7,3,3,0,0,5,1,11,4,16,5,0,1,54,46,"Estádio de São Miguel (Ponta Delgada, Ilha de São Miguel, Açores)","Rua Comandante Jaime de Sousa 21, Ponta Delgada, Ilha de São Miguel, Açores",3,3,2.1,2.9,3.8,1.55,2.45,5.0,2.15,1.61,1.71,1.95,1.97,1.77,1.52,3.5,2.35,1.26,3,0,1,2,0,2,1,1738423800,1028,0,37,0,-1,2,1,2,0,3,2,2,5,0,0,3,3,0,6,1,38,32,106,61,1.64,0.62,2.26,0,0,0,0,0,0,1,1,0,0,1,0,0,0,-1,-1,-1,-1,-1,-1,-1,-1,-1,37,70,37,58,Santa Clara,Casa Pia,1.88,1.0,1.9,1.56,1.68,1.58,63,31,1.3,0.96,2.26,34,True,True,True,False,False,False,True,,17.27,82%,75%,Liga_Portugal,2025-02-01 15:30:00
2024-2025,20,3,1,4,9,1,10,1,0,0,0,7,2,13,5,20,7,12,8,71,29,Estádio José Alvalade (Lisboa),,1,0,1.12,9.0,14.0,1.13,1.4,2.1,2.25,1.57,1.36,1.58,2.8,2.16,1.22,2.1,4.0,1.67,4,2,1,1,0,1,3,1738519200,114,0,37,0,-1,2,1,4,1,5,0,5,5,0,0,1,0,0,1,1,79,17,142,64,2.33,0.71,3.04,0,0,0,0,0,0,1,1,0,0,3,0,0,0,-1,-1,-1,-1,-1,-1,-1,-1,-1,32,69,27,70,Sporting CP,Farense,2.59,0.94,2.67,0.8,2.47,0.79,68,31,1.9,0.86,2.76,34,True,True,True,True,False,False,True,,17.27,66%,0%,Liga_Portugal,2025-02-02 18:00:00
2024-2025,20,1,2,3,3,3,6,0,1,1,0,8,5,4,13,12,18,12,14,47,53,Estádio Cidade de Barcelos (Barcelos),,2,1,2.15,3.0,3.6,1.38,2.0,4.0,1.95,1.8,1.48,1.8,2.38,1.85,1.5,3.4,2.5,1.3,3,1,1,0,1,1,2,1738432800,164,0,56,0,-1,2,1,1,0,2,3,1,5,0,1,1,0,1,1,1,30,45,97,120,1.54,1.82,3.36,0,1,0,1,0,0,1,1,0,0,1,0,0,0,-1,-1,-1,-1,-1,-1,-1,-1,-1,62,73,28,73,Gil Vicente,GD Estoril Praia,1.18,1.24,1.78,1.0,1.16,1.26,39,28,1.07,0.98,2.05,34,True,True,True,False,False,False,True,,3.62,97%,100%,Liga_Portugal,2025-02-01 18:00:00
2024-2025,20,2,3,5,0,7,7,3,2,0,0,3,10,4,6,7,16,14,17,41,59,Estádio José Gomes (Amadora),,3,2,8.5,5.8,1.25,1.18,1.61,2.6,2.05,1.7,1.42,1.7,2.55,2.05,1.3,2.38,3.4,1.53,5,1,3,1,0,1,4,1738528200,78,0,47,0,-1,2,1,0,3,0,4,3,4,1,1,2,1,2,3,1,18,36,68,102,0.79,1.97,2.77,0,1,0,0,0,1,1,1,0,2,0,1,0,0,-1,-1,-1,-1,-1,-1,-1,-1,-1,47,80,37,74,Estrela Amadora,Benfica,1.12,2.12,1.4,1.56,0.89,2.16,54,21,1.04,1.57,2.61,34,True,True,True,True,True,False,True,,18.41,69%,0%,Liga_Portugal,2025-02-02 20:30:00
2024-2025,20,1,2,3,1,9,10,2,1,0,0,7,6,4,7,11,13,18,11,38,62,Parque Desportivo Comendador Joaquim de Almeida Freitas (Moreira de Cónegos),,2,1,4.0,3.5,1.85,1.36,1.95,3.75,1.91,1.91,1.56,1.85,2.23,1.85,1.44,3.0,2.63,1.36,3,1,0,0,2,2,1,1738608300,172,0,45,0,-1,2,1,1,2,0,7,3,7,1,0,1,1,1,2,1,28,51,98,123,1.4,1.62,3.02,0,0,0,0,0,0,1,1,1,0,0,0,0,0,-1,-1,-1,-1,-1,-1,-1,-1,-1,44,62,22,50,Moreirense FC,Sporting Braga,1.53,2.0,1.78,2.44,1.21,1.95,56,39,1.06,1.33,2.39,34,True,True,True,False,False,False,True,,3.6,76%,0%,Liga_Portugal,2025-02-03 18:45:00
2024-2025,20,2,2,4,3,5,8,1,3,1,0,3,10,7,14,10,24,18,8,31,69,Estádio do Rio Ave Futebol Clube (Vila do Conde),,3,3,6.5,4.4,1.44,1.22,1.73,2.95,1.95,1.8,1.42,1.7,2.55,1.95,1.33,2.63,3.25,1.44,4,1,0,1,2,3,1,1738615500,-1,0,50,0,-1,2,1,3,2,0,3,5,3,0,0,2,3,0,5,1,27,74,74,134,1.04,2.75,3.79,0,0,0,0,0,0,1,1,0,0,0,1,0,0,-1,-1,-1,-1,-1,-1,-1,-1,-1,62,89,44,84,Rio Ave FC,Porto,1.53,1.71,1.78,1.44,1.21,2.16,39,11,1.17,1.2,2.37,34,True,True,True,True,False,False,True,,0,87%,0%,Liga_Portugal,2025-02-03 20:45:00
2024-2025,20,1,2,3,3,3,6,6,1,0,1,6,6,14,4,20,10,0,1,60,40,Estádio da Madeira (Funchal (Ilha da Madeira)),,6,3,2.5,3.1,2.8,1.38,1.02,3.8,1.85,1.82,1.45,1.7,2.45,2.05,1.44,3.0,2.55,1.33,3,1,2,0,0,0,3,1738423800,167,0,41,0,-1,2,1,1,2,2,1,3,3,2,0,4,2,2,6,1,44,78,97,63,2.0,1.6,3.6,0,1,0,1,0,0,1,1,0,1,0,0,0,0,-1,-1,-1,-1,-1,-1,-1,-1,-1,52,74,42,68,CD Nacional,FC Arouca,1.41,1.0,1.78,0.8,1.0,1.0,49,26,1.12,1.07,2.19,34,True,True,True,False,False,False,True,,13.8,68%,20%,Liga_Portugal,2025-02-01 15:30:00
2024-2025,21,1,0,1,5,2,7,4,4,0,0,4,4,12,8,16,12,17,16,57,43,Estádio Municipal de Rio Maior (Rio Maior),,4,4,1.8,3.3,4.5,1.45,2.2,4.5,2.05,1.7,1.49,1.7,2.38,2.05,1.5,3.4,2.5,1.3,1,1,0,0,0,0,1,1739133000,4810,0,52,0,-1,2,1,4,2,1,0,6,1,1,2,3,2,3,5,1,45,40,92,100,1.61,1.33,2.95,0,0,0,0,0,0,1,1,0,0,0,0,0,0,-1,-1,-1,-1,-1,-1,-1,-1,-1,26,68,31,74,Casa Pia,Estrela Amadora,1.65,0.59,1.6,0.33,1.5,0.85,74,32,1.05,0.91,1.96,34,True,False,False,False,False,False,False,,0.81,96%,100%,Liga_Portugal,2025-02-09 20:30:00
2024-2025,21,0,2,2,12,3,15,1,3,1,1,5,4,17,6,22,10,16,15,56,44,Estádio de São Lúis (Faro),,3,4,2.25,3.1,3.1,1.42,2.15,4.33,1.95,1.8,1.26,1.49,3.3,2.35,1.5,3.4,2.5,1.3,2,0,0,0,2,2,0,1739115000,163,0,42,0,-1,2,1,2,2,10,1,4,11,2,2,0,2,4,2,1,69,28,122,91,2.23,1.12,3.36,0,0,0,0,0,0,1,1,0,0,0,1,0,0,-1,-1,-1,-1,-1,-1,-1,-1,-1,43,58,21,79,Farense,CD Nacional,0.65,0.59,0.78,0.3,0.75,0.95,57,42,1.07,1.13,2.2,34,True,True,False,False,False,False,False,,6.91,72%,20%,Liga_Portugal,2025-02-09 15:30:00
2024-2025,21,0,0,0,4,11,15,3,2,0,0,3,4,6,6,9,10,16,19,28,72,Estádio Municipal 22 de Junho (Vila Nova de Famalicão),,3,2,3.3,3.0,2.25,1.44,2.3,4.5,2.0,1.71,0.0,0.0,0.0,0.0,1.49,3.3,2.4,1.29,0,0,0,0,0,0,0,1739046600,-1,0,40,0,-1,2,1,4,3,0,8,7,8,1,1,2,1,2,3,1,26,64,55,124,0.97,1.39,2.35,0,0,0,0,0,0,1,1,0,0,0,1,0,0,-1,-1,-1,-1,-1,-1,-1,-1,-1,30,55,10,60,Famalicão,Vitória Guimarães,1.65,1.29,1.1,1.0,1.2,1.45,70,45,0.99,1.32,2.31,34,False,False,False,False,False,False,False,,2.86,80%,100%,Liga_Portugal,2025-02-08 20:30:00
2024-2025,21,1,1,2,6,3,9,0,1,0,0,4,4,13,7,17,11,20,10,48,52,Estádio Municipal de Arouca (Arouca),,0,1,1.95,3.25,3.9,1.38,2.1,4.0,1.95,1.8,1.49,1.8,2.38,1.86,1.44,3.25,2.63,1.33,2,0,0,1,1,2,0,1739218500,-1,0,32,0,-1,2,1,1,2,5,1,3,6,0,0,0,1,0,1,1,47,40,102,92,1.69,1.27,2.96,0,0,0,0,0,0,1,1,0,0,1,0,0,0,-1,-1,-1,-1,-1,-1,-1,-1,-1,31,63,20,79,FC Arouca,Rio Ave FC,1.24,0.71,1.22,0.7,1.1,1.2,69,37,1.04,0.81,1.85,34,True,True,False,False,False,False,True,,8.05,73%,20%,Liga_Portugal,2025-02-10 20:15:00
2024-2025,21,1,2,3,2,3,5,2,1,0,0,3,4,6,3,9,7,11,15,64,36,Estádio Clube Desportivo das Aves (Vila das Aves),,2,1,3.7,3.0,2.1,1.53,2.63,5.5,2.2,1.58,1.7,2.12,1.98,1.6,1.55,3.6,2.3,1.25,3,0,0,1,2,3,0,1739028600,1028,0,42,0,-1,2,1,0,1,2,2,1,4,0,0,2,1,0,3,1,55,29,129,83,1.19,0.94,2.13,0,0,0,0,0,0,1,1,0,0,0,0,0,0,-1,-1,-1,-1,-1,-1,-1,-1,-1,27,59,27,59,AVS,Santa Clara,0.88,1.47,1.3,1.44,0.9,1.75,74,42,1.08,0.86,1.94,34,True,True,True,False,False,False,True,,,,,Liga_Portugal,2025-02-08 15:30:00
2024-2025,21,2,0,2,4,2,6,0,0,0,1,5,4,8,3,13,7,18,9,63,37,Estádio Municipal de Braga (Braga),,0,2,1.47,4.2,6.0,1.28,1.7,3.3,1.95,1.8,1.44,1.8,2.45,1.85,1.36,2.75,3.0,1.4,2,1,0,1,0,1,1,1739124000,172,0,55,0,-1,2,1,2,0,2,2,2,4,0,1,0,0,1,0,1,55,20,121,79,1.58,0.88,2.46,0,0,0,0,0,0,1,1,1,0,0,0,0,0,-1,-1,-1,-1,-1,-1,-1,-1,-1,60,85,30,70,Sporting Braga,Gil Vicente,1.88,0.82,1.5,0.6,2.0,1.1,40,15,1.55,0.79,2.34,34,True,True,False,False,False,False,False,,1.63,91%,100%,Liga_Portugal,2025-02-09 18:00:00
2024-2025,21,3,2,5,6,6,12,0,1,0,0,6,4,3,4,9,8,14,10,54,46,Estádio do Sport Lisboa e Benfica (da Luz) (Lisboa),"Rua José Maria Nicolau, Lisboa",0,1,1.17,6.5,13.0,0.0,1.65,2.38,2.38,1.53,0.0,0.0,0.0,0.0,1.29,2.38,3.5,1.53,5,3,1,0,1,1,4,1739037600,78,0,50,0,-1,2,1,3,3,3,3,6,6,0,1,0,0,1,0,1,64,28,121,84,1.46,1.0,2.46,1,0,1,0,0,0,1,1,1,0,0,1,0,0,1,26,24,1,9,14,1,4,4,70,75,40,80,Benfica,Moreirense FC,2.59,0.82,2.7,0.7,2.2,1.15,30,25,1.92,1.04,2.96,34,True,True,True,True,True,False,True,,9.22,78%,75%,Liga_Portugal,2025-02-08 18:00:00
2024-2025,21,2,1,3,5,3,8,2,1,0,0,5,6,8,6,13,12,25,12,55,45,Estádio António Coimbra da Mota (Estoril),,2,1,1.7,3.7,4.6,1.36,2.05,4.0,2.05,1.7,1.61,2.05,2.1,1.63,1.44,3.25,2.63,1.33,3,1,0,1,1,2,1,1739115000,164,0,40,0,-1,2,1,3,0,2,3,3,5,1,0,1,1,1,2,1,43,27,116,85,1.49,1.38,2.87,0,0,0,0,0,0,1,1,0,0,0,0,0,0,-1,-1,-1,-1,-1,-1,-1,-1,-1,55,60,40,65,GD Estoril Praia,Boavista FC,1.47,1.06,1.5,0.9,1.35,0.6,45,40,1.05,0.79,1.84,34,True,True,True,False,False,False,True,,8.05,70%,40%,Liga_Portugal,2025-02-09 15:30:00
2024-2025,21,1,1,2,6,3,9,3,4,0,2,3,3,17,9,20,12,16,14,56,44,Estádio Do Dragão (Porto),,3,8,2.6,3.1,2.7,1.86,1.8,0.0,1.7,2.05,0.0,0.0,0.0,0.0,1.4,2.75,2.75,1.4,2,0,1,1,0,1,1,1738959300,-1,0,35,0,-1,2,1,1,1,5,2,2,7,1,0,2,6,1,8,1,56,21,126,79,1.88,1.12,3.0,0,0,0,0,0,0,1,1,0,0,0,1,0,0,-1,-1,-1,-1,-1,-1,-1,-1,-1,75,95,45,75,Porto,Sporting CP,2.47,2.24,2.8,2.3,2.1,2.5,25,5,1.88,1.9,3.78,34,True,True,False,False,False,False,True,,8.05,89%,20%,Liga_Portugal,2025-02-07 20:15:00
2024-2025,22,1,1,2,2,4,6,6,1,0,0,2,2,11,10,13,12,14,19,61,39,Estádio do Rio Ave Futebol Clube (Vila do Conde),,6,1,0.0,0.0,0.0,0.0,0.0,0.0,0.0,0.0,0.0,0.0,0.0,0.0,0.0,0.0,0.0,0.0,2,0,1,1,0,1,1,1739719800,-1,0,65,0,-1,2,1,1,3,1,1,4,2,0,0,6,1,0,7,1,65,53,100,87,1.43,1.28,2.71,0,0,0,0,0,0,1,1,0,0,0,1,0,0,-1,-1,-1,-1,-1,-1,-1,-1,-1,55,80,45,80,Rio Ave FC,AVS,1.53,0.71,1.7,0.5,1.19,0.86,45,20,1.15,0.88,2.03,34,True,True,False,False,False,False,True,,10.36,82%,40%,Liga_Portugal,2025-02-16 15:30:00
2024-2025,22,0,1,1,7,4,11,2,2,0,0,1,5,13,3,14,8,23,17,55,45,Estádio do Bessa Século XXI (Porto),,2,2,3.1,2.9,2.4,1.44,2.3,4.33,1.98,1.73,1.51,1.95,2.32,1.85,1.49,3.25,2.4,1.29,1,0,1,0,0,0,1,1739564100,15804,0,30,0,-1,2,1,0,2,7,2,2,9,0,0,2,2,0,4,1,21,36,102,115,1.12,1.13,2.25,0,0,0,0,0,0,1,1,0,0,0,0,0,0,-1,-1,-1,-1,-1,-1,-1,-1,-1,25,60,20,70,Boavista FC,Estrela Amadora,0.35,0.59,0.3,0.3,0.57,0.81,75,40,1.15,0.95,2.1,34,True,False,False,False,False,False,False,,5.75,82%,40%,Liga_Portugal,2025-02-14 20:15:00
2024-2025,22,0,1,1,2,4,6,4,2,1,0,2,2,7,9,9,11,15,10,34,66,Estádio Do Algarve (Almancil),,6,2,8.0,4.6,1.33,1.3,1.83,3.4,2.2,1.62,1.45,1.73,2.48,1.94,1.4,2.75,2.75,1.4,1,0,0,0,1,1,0,1739728800,82,0,40,0,-1,2,1,0,3,2,1,3,3,0,0,5,2,0,7,1,25,43,81,117,0.9,1.16,2.06,0,0,0,0,0,0,1,1,0,0,0,1,0,0,-1,-1,-1,-1,-1,-1,-1,-1,-1,55,80,30,75,Farense,Porto,0.65,1.71,0.7,1.4,0.71,2.05,45,20,1.19,1.36,2.55,34,True,False,False,False,False,False,False,,3.44,82%,20%,Liga_Portugal,2025-02-16 18:00:00
2024-2025,22,0,2,2,5,11,16,2,2,0,0,2,5,11,16,13,21,11,19,54,46,Estádio Cidade de Barcelos (Barcelos),,2,2,0.0,0.0,0.0,0.0,0.0,0.0,0.0,0.0,0.0,0.0,0.0,0.0,0.0,0.0,0.0,0.0,2,0,1,0,1,1,1,1739823300,1033,0,65,0,-1,2,1,2,6,3,5,8,8,0,0,2,2,0,4,1,51,48,91,86,1.33,2.01,3.34,0,0,0,0,0,0,1,1,0,0,0,1,0,0,-1,-1,-1,-1,-1,-1,-1,-1,-1,60,85,40,75,Gil Vicente,Famalicão,1.18,1.12,1.6,1.3,1.05,1.19,40,15,1.12,1.19,2.31,34,True,True,False,False,False,False,False,,4.23,76%,100%,Liga_Portugal,2025-02-17 20:15:00
2024-2025,22,2,2,4,7,3,10,3,3,0,0,8,4,11,3,19,7,15,14,49,51,Estádio da Madeira (Funchal (Ilha da Madeira)),,3,3,2.15,3.2,3.3,1.38,2.1,3.85,1.87,1.82,1.65,2.07,2.05,1.64,1.44,3.0,2.6,1.33,4,1,1,1,1,2,2,1739638800,-1,0,40,0,-1,2,1,1,2,6,1,3,7,1,2,2,1,3,3,1,35,39,97,105,2.01,1.02,3.03,1,0,1,0,0,0,1,1,0,1,0,1,0,0,-1,-1,-1,-1,-1,-1,-1,-1,-1,55,75,45,70,CD Nacional,GD Estoril Praia,1.41,1.24,1.6,1.2,1.05,1.43,45,25,1.21,1.07,2.28,34,True,True,True,True,False,False,True,,13.8,48%,20%,Liga_Portugal,2025-02-15 17:00:00
2024-2025,22,0,1,1,2,5,7,5,3,1,0,3,7,6,11,9,18,21,17,44,56,"Estádio de São Miguel (Ponta Delgada, Ilha de São Miguel, Açores)","Rua Comandante Jaime de Sousa 21, Ponta Delgada, Ilha de São Miguel, Açores",6,3,4.75,3.75,1.67,1.38,1.91,4.0,2.05,1.68,1.7,2.14,1.97,1.6,1.44,3.0,2.55,1.33,1,0,0,0,1,1,0,1739642400,78,0,43,0,-1,2,1,1,2,1,3,3,4,0,0,6,3,0,9,1,24,80,65,143,0.96,2.21,3.16,0,0,0,0,0,0,1,1,0,0,0,1,0,0,-1,-1,-1,-1,-1,-1,-1,-1,-1,38,73,38,72,Santa Clara,Benfica,1.88,2.12,2.0,1.7,1.81,2.24,62,28,1.33,1.61,2.94,34,True,False,False,False,False,False,False,,17.27,88%,40%,Liga_Portugal,2025-02-15 18:00:00
2024-2025,22,2,2,4,9,9,18,2,3,1,0,8,7,14,10,22,17,6,13,59,41,Estádio José Alvalade (Lisboa),,3,3,0.0,0.0,0.0,0.0,0.0,0.0,0.0,0.0,0.0,0.0,0.0,0.0,0.0,0.0,0.0,0.0,4,1,2,1,0,1,3,1739651400,-1,0,52,0,-1,2,1,2,4,7,5,6,12,1,1,2,2,2,4,1,76,32,125,56,2.49,1.78,4.28,0,1,0,1,0,0,1,1,0,1,0,0,0,0,-1,-1,-1,-1,-1,-1,-1,-1,-1,62,77,48,86,Sporting CP,FC Arouca,2.59,1.0,2.7,1.0,2.43,1.1,39,24,1.94,1.12,3.06,34,True,True,True,True,False,False,True,,6.91,80%,20%,Liga_Portugal,2025-02-15 20:30:00
2024-2025,22,0,0,0,7,4,11,5,3,0,0,4,3,13,2,17,5,11,15,51,49,Estádio Dom Afonso Henriques (Guimarães),,5,3,2.45,3.1,2.88,1.33,1.95,3.5,1.8,1.95,1.52,1.84,2.3,1.82,1.44,3.25,2.63,1.33,0,0,0,0,0,0,0,1739737800,-1,0,45,0,-1,2,1,2,1,5,3,3,8,2,1,3,2,3,5,1,46,21,101,86,1.69,0.69,2.38,0,0,0,0,0,0,1,1,0,0,1,0,1,0,-1,-1,-1,-1,-1,-1,-1,-1,-1,60,70,25,60,Vitória Guimarães,Sporting Braga,1.88,2.0,1.9,2.5,1.43,2.05,40,30,1.34,1.36,2.7,34,False,False,False,False,False,False,False,,1.99,88%,49%,Liga_Portugal,2025-02-16 20:30:00
2024-2025,22,3,2,5,4,5,9,3,1,0,0,5,3,8,11,13,14,17,16,43,57,Parque Desportivo Comendador Joaquim de Almeida Freitas (Moreira de Cónegos),,3,1,2.2,3.1,3.3,1.5,2.46,4.75,2.0,1.7,1.6,1.96,2.15,1.71,1.5,3.3,2.37,1.28,5,3,0,0,2,2,3,1739633400,174,0,55,0,-1,2,1,3,3,1,2,6,3,0,0,3,1,0,4,1,22,71,69,120,1.33,1.61,2.94,2,0,2,0,0,0,1,1,0,0,3,0,0,0,-1,-1,-1,-1,-1,-1,-1,-1,-1,50,80,30,60,Moreirense FC,Casa Pia,1.53,1.0,1.6,1.4,1.1,1.57,50,20,1.09,0.93,2.02,34,True,True,True,True,True,False,True,,8.01,64%,100%,Liga_Portugal,2025-02-15 15:30:00
2024-2025,23,1,0,1,2,5,7,1,2,0,0,2,1,9,4,11,5,1,0,39,61,Estádio Municipal de Rio Maior (Rio Maior),,1,2,2.2,3.0,3.4,1.47,2.4,4.75,2.05,1.7,1.56,1.91,2.23,1.8,1.57,3.75,2.25,1.25,1,0,0,1,0,1,0,1740238200,4810,0,55,0,-1,2,1,1,1,1,4,2,5,0,2,1,0,2,1,1,40,44,72,110,1.12,0.72,1.84,0,0,0,0,0,0,1,1,0,0,0,0,0,1,-1,-1,-1,-1,-1,-1,-1,-1,-1,36,73,27,73,Casa Pia,Gil Vicente,1.65,0.82,1.73,0.55,1.5,1.0,64,27,1.1,0.8,1.9,34,True,False,False,False,False,False,False,,13.18,70%,5%,Liga_Portugal,2025-02-22 15:30:00
2024-2025,23,2,1,3,0,4,4,2,1,0,0,4,4,8,8,12,12,14,9,51,49,Estádio António Coimbra da Mota (Estoril),,2,1,1.95,3.3,3.8,1.33,2.0,3.5,1.77,1.95,1.58,1.96,2.15,1.72,1.4,2.8,2.7,1.38,3,0,0,2,1,3,0,1740256200,164,0,41,0,-1,2,1,0,2,0,2,2,2,1,0,1,1,1,2,1,38,33,100,120,1.32,1.29,2.61,0,0,0,0,0,0,1,1,0,0,0,1,0,0,-1,-1,-1,-1,-1,-1,-1,-1,-1,46,69,41,73,GD Estoril Praia,Rio Ave FC,1.47,0.71,1.64,0.73,1.41,1.18,55,32,1.09,0.85,1.94,34,True,True,True,False,False,False,True,,1.01,75%,56%,Liga_Portugal,2025-02-22 20:30:00
2024-2025,23,2,0,2,3,1,4,3,2,0,0,6,6,12,2,18,8,19,17,49,51,Estádio Municipal 22 de Junho (Vila Nova de Famalicão),,3,2,2.1,3.0,3.6,1.5,2.4,5.0,2.1,1.67,1.65,2.05,2.06,1.7,1.57,3.75,2.25,1.25,2,0,0,2,0,2,0,1740342600,1033,0,50,0,-1,2,1,2,1,1,0,3,1,2,0,1,2,2,3,1,44,46,108,83,1.88,1.26,3.14,0,0,0,0,0,0,1,1,0,0,0,0,0,0,-1,-1,-1,-1,-1,-1,-1,-1,-1,46,64,14,64,Famalicão,Moreirense FC,1.65,0.82,1.09,0.64,1.27,1.18,55,36,0.98,1.04,2.02,34,True,True,False,False,False,False,False,,3.47,85%,100%,Liga_Portugal,2025-02-23 20:30:00
2024-2025,23,2,2,4,4,9,13,3,3,0,0,3,8,5,10,8,18,16,16,61,39,Estádio Municipal de Arouca (Arouca),,3,3,1.85,3.3,4.2,1.4,2.15,4.2,1.95,1.77,1.34,1.56,2.9,2.23,1.45,3.0,2.55,1.33,4,0,1,2,1,3,1,1740324600,-1,0,43,0,-1,2,1,0,3,4,6,3,10,0,2,3,1,2,4,1,35,38,84,79,0.98,1.97,2.94,0,0,0,0,0,0,1,1,0,0,0,1,0,0,-1,-1,-1,-1,-1,-1,-1,-1,-1,24,62,9,58,FC Arouca,Farense,1.24,0.94,1.2,0.73,1.09,0.68,77,38,1.1,0.85,1.95,34,True,True,True,True,False,False,True,,11.5,69%,40%,Liga_Portugal,2025-02-23 15:30:00
2024-2025,23,2,2,4,4,5,9,5,4,0,1,4,3,6,6,10,9,22,13,43,57,Estádio Clube Desportivo das Aves (Vila das Aves),,5,5,8.5,5.0,1.3,1.22,1.73,2.8,2.05,1.7,1.58,1.93,2.17,1.74,1.3,2.4,3.25,1.5,4,0,2,2,0,2,2,1740333600,-1,0,45,0,-1,2,1,2,4,2,1,6,3,2,0,3,5,2,8,1,34,49,89,95,1.16,1.14,2.3,1,0,1,0,0,0,1,1,0,1,0,1,0,0,-1,-1,-1,-1,-1,-1,-1,-1,-1,55,73,41,64,AVS,Sporting CP,0.88,2.24,1.18,2.18,0.86,2.36,46,27,1.09,1.83,2.92,34,True,True,True,True,False,False,True,,,,,Liga_Portugal,2025-02-23 18:00:00
2024-2025,23,1,0,1,7,6,13,1,2,0,0,7,3,11,5,18,8,14,14,55,45,Estádio Municipal de Braga (Braga),,1,2,1.47,4.33,6.0,1.2,1.61,2.7,1.8,1.88,1.4,1.64,2.65,2.08,1.31,2.58,3.1,1.5,1,1,0,0,0,0,1,1740168900,172,0,46,0,-1,2,1,4,4,3,2,8,5,0,0,1,2,0,3,1,50,48,101,82,1.99,1.07,3.05,0,0,0,0,0,0,1,1,0,0,1,1,0,0,-1,-1,-1,-1,-1,-1,-1,-1,-1,46,82,27,78,Sporting Braga,CD Nacional,1.88,0.59,1.64,0.55,2.0,1.05,55,18,1.55,1.13,2.68,34,True,False,False,False,False,False,False,,2.01,99%,16%,Liga_Portugal,2025-02-21 20:15:00
2024-2025,23,0,0,0,5,2,7,3,1,0,0,2,1,9,4,11,5,13,19,53,47,Estádio José Gomes (Amadora),,3,1,3.4,3.2,2.1,1.53,2.86,5.75,2.25,1.57,1.58,1.95,2.16,1.72,1.6,3.8,2.2,1.22,0,0,0,0,0,0,0,1740324600,-1,0,53,0,-1,2,1,4,1,1,1,5,2,1,0,2,1,1,3,1,36,23,121,80,1.11,0.57,1.68,0,0,0,0,0,0,1,1,0,0,0,0,0,0,-1,-1,-1,-1,-1,-1,-1,-1,-1,52,72,38,67,Estrela Amadora,Santa Clara,1.12,1.47,1.27,1.6,0.91,1.73,48,29,1.02,0.86,1.88,34,False,False,False,False,False,False,False,,6.91,63%,20%,Liga_Portugal,2025-02-23 15:30:00
2024-2025,23,1,1,2,6,7,13,2,2,0,0,3,5,12,7,15,12,20,16,57,43,Estádio Do Dragão (Porto),,2,2,1.57,3.8,5.6,1.36,2.0,3.75,2.0,1.75,1.23,1.4,3.55,2.65,1.44,3.25,2.63,1.33,2,0,0,1,1,2,0,1740428100,-1,0,36,0,-1,2,1,5,1,1,6,6,7,0,0,2,2,0,4,1,53,34,104,70,1.54,1.35,2.9,0,0,0,0,0,0,1,1,0,0,2,0,0,0,-1,-1,-1,-1,-1,-1,-1,-1,-1,41,73,18,64,Porto,Vitória Guimarães,2.47,1.29,2.64,1.0,2.09,1.41,59,28,1.88,1.32,3.2,34,True,True,False,False,False,False,True,,17.27,96%,75%,Liga_Portugal,2025-02-24 20:15:00
2024-2025,23,3,0,3,13,2,15,0,3,0,1,13,2,18,3,31,5,10,7,73,27,Estádio do Sport Lisboa e Benfica (da Luz) (Lisboa),"Rua José Maria Nicolau, Lisboa",0,5,1.1,9.0,17.0,1.11,1.36,1.91,2.3,1.55,1.47,1.8,2.43,1.91,1.2,2.05,4.0,1.77,3,1,0,2,0,2,1,1740247200,78,0,45,0,-1,2,1,5,1,8,1,6,9,0,2,0,2,2,2,1,73,18,144,61,3.39,0.59,3.98,1,0,1,0,0,0,1,1,0,0,2,1,0,0,-1,-1,-1,-1,-1,-1,-1,-1,-1,73,73,46,82,Benfica,Boavista FC,2.59,1.06,2.73,0.82,2.27,0.55,27,27,1.88,0.84,2.72,34,True,True,True,False,False,False,False,,6.91,77%,20%,Liga_Portugal,2025-02-22 18:00:00
2024-2025,24,2,1,3,1,6,7,3,4,0,0,5,2,11,13,16,15,18,12,54,46,Estádio da Madeira (Funchal (Ilha da Madeira)),,3,4,2.45,3.0,3.0,1.42,2.2,4.2,1.9,1.78,1.53,1.85,2.28,1.81,1.46,3.1,2.5,1.32,3,1,0,1,1,2,1,1740843000,163,0,46,0,-1,2,1,0,5,1,1,5,2,0,1,3,3,1,6,1,34,39,104,85,1.61,1.37,2.98,0,0,0,0,0,0,1,1,0,0,0,1,0,0,-1,-1,-1,-1,-1,-1,-1,-1,-1,50,87,50,73,CD Nacional,Famalicão,1.41,1.12,1.55,1.45,1.0,1.35,50,14,1.28,1.27,2.55,34,True,True,True,False,False,False,True,,9.22,82%,75%,Liga_Portugal,2025-03-01 15:30:00
2024-2025,24,0,1,1,6,1,7,2,2,0,0,4,3,14,3,18,6,24,12,44,56,Estádio de São Lúis (Faro),,2,2,2.25,3.0,3.3,1.5,2.4,4.2,1.95,1.83,1.62,2.0,2.1,1.68,1.52,3.45,2.4,1.27,1,0,0,0,1,1,0,1740938400,998595,0,50,0,-1,2,1,3,0,3,1,3,4,0,1,2,1,1,3,1,65,44,126,107,1.89,0.92,2.81,0,1,0,1,0,0,1,1,0,0,1,0,0,1,-1,-1,-1,-1,-1,-1,-1,-1,-1,41,69,32,69,Farense,AVS,0.65,0.71,0.64,0.55,0.7,0.87,60,32,1.16,0.92,2.08,34,True,False,False,False,False,False,False,,8.05,88%,40%,Liga_Portugal,2025-03-02 18:00:00
2024-2025,24,0,2,2,4,2,6,2,2,0,0,5,2,3,7,8,9,13,12,49,51,Estádio Municipal de Arouca (Arouca),,2,2,4.75,3.6,1.67,1.25,1.91,3.1,1.95,1.8,1.5,1.82,2.33,1.84,1.4,3.0,2.75,1.36,2,0,1,0,1,1,1,1740852000,82,0,41,0,-1,2,1,1,0,3,2,1,5,1,0,1,2,1,3,1,46,37,110,84,1.2,0.98,2.18,0,1,0,1,0,0,1,1,0,0,0,0,0,0,-1,-1,-1,-1,-1,-1,-1,-1,-1,41,78,18,69,FC Arouca,Porto,1.24,1.71,1.18,1.55,1.09,2.04,59,23,1.09,1.34,2.43,34,True,True,False,False,False,False,False,,17.27,39%,20%,Liga_Portugal,2025-03-01 18:00:00
2024-2025,24,1,1,2,4,1,5,2,4,0,0,2,1,9,6,11,7,20,13,61,39,Parque Desportivo Comendador Joaquim de Almeida Freitas (Moreira de Cónegos),,2,4,1.91,2.9,4.75,1.5,2.4,4.75,2.1,1.65,1.5,1.84,2.33,1.83,1.53,3.3,2.38,1.28,2,0,0,1,1,2,0,1740929400,-1,0,46,0,-1,2,1,2,1,2,0,3,2,0,3,2,1,3,3,1,41,27,121,95,1.15,0.72,1.87,0,0,0,0,0,0,1,1,0,0,2,0,0,0,-1,-1,-1,-1,-1,-1,-1,-1,-1,37,59,27,69,Moreirense FC,Estrela Amadora,1.53,0.59,1.73,0.55,1.13,0.91,64,41,1.11,0.97,2.08,34,True,True,False,False,False,False,True,,12.53,42%,0%,Liga_Portugal,2025-03-02 15:30:00
2024-2025,24,1,0,1,9,5,14,4,3,0,0,5,1,8,10,13,11,10,19,31,69,Estádio do Bessa Século XXI (Porto),,4,3,4.2,3.1,1.95,1.53,2.4,4.75,2.15,1.68,1.75,2.23,2.01,1.61,1.55,3.7,2.32,1.24,1,0,0,1,0,1,0,1740929400,176,0,36,0,-1,2,1,6,3,3,2,9,5,1,0,3,3,1,6,1,28,54,68,85,1.37,1.16,2.53,0,0,0,0,0,0,1,1,0,0,0,0,0,0,-1,-1,-1,-1,-1,-1,-1,-1,-1,32,64,23,64,Boavista FC,Santa Clara,0.35,1.47,0.27,1.55,0.52,1.7,69,36,1.14,0.84,1.98,34,True,False,False,False,False,False,False,,12.66,51%,0%,Liga_Portugal,2025-03-02 15:30:00
2024-2025,24,3,1,4,6,6,12,1,1,0,1,7,2,7,7,14,9,10,10,45,55,Estádio José Alvalade (Lisboa),,1,3,1.18,7.0,12.0,1.1,1.6,2.2,2.0,1.75,1.52,1.83,2.3,1.83,1.25,2.1,3.75,1.67,4,2,0,1,1,2,2,1741032900,114,0,50,0,-1,2,1,2,3,3,3,5,6,1,0,0,2,1,2,1,35,55,75,109,1.63,1.12,2.74,1,0,1,0,0,0,1,1,1,0,0,0,0,0,-1,-1,-1,-1,-1,-1,-1,-1,-1,64,78,50,87,Sporting CP,GD Estoril Praia,2.59,1.24,2.55,1.18,2.3,1.48,36,23,1.99,1.06,3.05,34,True,True,True,True,False,False,True,,9.22,85%,20%,Liga_Portugal,2025-03-03 20:15:00
2024-2025,24,2,1,3,2,5,7,2,5,0,0,6,7,8,8,14,15,9,13,37,63,Estádio do Rio Ave Futebol Clube (Vila do Conde),,2,5,4.0,3.75,1.75,1.25,1.8,3.1,1.73,2.0,1.49,1.8,2.38,1.86,1.35,2.55,2.95,1.45,3,1,1,1,0,1,2,1740947400,171,0,55,0,-1,2,1,0,3,2,2,3,4,1,1,1,4,2,5,1,19,62,79,148,1.44,1.9,3.34,0,0,0,0,0,0,1,1,1,1,0,0,0,0,-1,-1,-1,-1,-1,-1,-1,-1,-1,55,69,23,68,Rio Ave FC,Sporting Braga,1.53,2.0,1.64,2.36,1.13,2.04,46,32,1.18,1.3,2.48,34,True,True,True,False,False,False,True,,8.05,61%,0%,Liga_Portugal,2025-03-02 20:30:00
2024-2025,24,0,3,3,5,2,7,4,2,0,0,2,7,5,11,7,18,9,16,43,57,Estádio Cidade de Barcelos (Barcelos),,4,2,7.5,4.7,1.33,0.0,1.75,0.0,2.0,1.75,0.0,0.0,0.0,0.0,1.36,2.63,3.0,1.44,3,0,1,0,2,2,1,1743192900,78,0,54,0,-1,2,1,3,0,2,2,3,4,2,0,2,2,2,4,1,29,64,68,139,0.8,2.1,2.89,0,1,0,1,0,0,1,1,0,0,1,0,0,0,-1,-1,-1,-1,-1,-1,-1,-1,-1,46,79,29,75,Gil Vicente,Benfica,1.18,2.12,1.33,1.92,0.92,2.36,54,21,1.13,1.72,2.85,34,True,True,True,False,False,False,False,,4.25,86%,10%,Liga_Portugal,2025-03-28 20:15:00
2024-2025,24,1,0,1,7,2,9,5,6,0,0,6,3,13,7,19,10,9,18,64,36,Estádio Dom Afonso Henriques (Guimarães),,5,6,1.75,3.5,4.6,1.35,2.1,3.75,2.05,1.7,1.38,1.62,2.7,2.12,1.5,3.4,2.5,1.3,1,0,0,1,0,1,0,1740861000,175,0,50,0,-1,2,1,4,0,3,2,4,5,3,1,2,5,4,7,1,54,25,125,86,2.01,1.03,3.04,0,0,0,0,0,0,1,1,0,0,1,0,0,0,-1,-1,-1,-1,-1,-1,-1,-1,-1,60,82,36,64,Vitória Guimarães,Casa Pia,1.88,1.0,1.82,1.27,1.39,1.57,41,18,1.37,0.99,2.36,34,True,False,False,False,False,False,False,,7.74,58%,2%,Liga_Portugal,2025-03-01 20:30:00
2024-2025,25,2,2,4,4,7,11,2,1,0,0,3,5,9,10,12,15,17,18,59,41,Estádio António Coimbra da Mota (Estoril),,2,1,2.05,3.1,3.6,1.5,1.91,0.0,1.95,1.8,0.0,0.0,0.0,0.0,1.5,3.4,2.5,1.3,4,0,0,2,2,4,0,1741456800,-1,0,50,0,-1,2,1,2,0,2,7,2,9,0,1,2,0,1,2,1,47,33,104,83,1.31,1.54,2.85,0,0,0,0,0,0,1,1,0,0,0,0,0,0,-1,-1,-1,-1,-1,-1,-1,-1,-1,46,67,30,58,GD Estoril Praia,Farense,1.47,0.94,1.75,0.75,1.42,0.67,55,33,1.11,0.94,2.05,34,True,True,True,True,False,False,True,,14.97,81%,40%,Liga_Portugal,2025-03-08 18:00:00
2024-2025,25,1,1,2,7,7,14,5,2,0,0,2,2,4,8,6,10,22,10,43,57,Estádio José Gomes (Amadora),,5,2,2.65,2.9,2.8,1.5,2.25,4.33,1.93,1.77,0.0,0.0,0.0,0.0,1.5,3.2,2.4,1.31,2,0,0,1,1,2,0,1741378500,-1,0,46,0,-1,2,1,4,1,3,6,5,9,2,1,3,1,3,4,1,36,44,90,110,0.79,1.1,1.89,0,0,0,0,0,0,1,1,0,0,0,0,1,0,-1,-1,-1,-1,-1,-1,-1,-1,-1,50,67,30,63,Estrela Amadora,Gil Vicente,1.12,0.82,1.25,0.5,0.92,0.96,50,33,1.03,0.79,1.82,34,True,True,False,False,False,False,True,,8.05,78%,20%,Liga_Portugal,2025-03-07 20:15:00
2024-2025,25,1,0,1,5,1,6,1,2,0,0,9,1,7,10,16,11,22,13,53,47,Estádio Municipal 22 de Junho (Vila Nova de Famalicão),,1,2,2.0,2.75,4.7,1.38,2.1,3.8,1.95,1.8,1.42,1.75,2.55,1.9,1.44,3.25,2.63,1.33,1,1,0,0,0,0,1,1741637700,1033,0,38,0,-1,2,1,2,0,3,1,2,4,0,0,1,2,0,3,1,50,35,115,95,2.01,1.03,3.03,0,0,0,0,0,0,1,1,0,0,1,0,0,0,-1,-1,-1,-1,-1,-1,-1,-1,-1,34,67,17,63,Famalicão,Rio Ave FC,1.65,0.71,1.25,0.67,1.29,1.21,67,34,1.06,0.89,1.95,34,True,False,False,False,False,False,False,,5.19,93%,97%,Liga_Portugal,2025-03-10 20:15:00
2024-2025,25,1,1,2,4,3,7,1,2,0,0,4,3,7,6,11,9,15,11,51,49,"Estádio de São Miguel (Ponta Delgada, Ilha de São Miguel, Açores)","Rua Comandante Jaime de Sousa 21, Ponta Delgada, Ilha de São Miguel, Açores",1,2,2.0,3.0,4.1,1.53,2.7,5.0,2.15,1.62,1.72,0.0,1.95,0.0,1.57,3.55,2.25,1.25,2,0,0,1,1,2,0,1741534200,-1,0,46,0,-1,2,1,3,0,1,3,3,4,0,0,1,2,0,3,1,45,36,105,106,1.31,1.05,2.36,0,0,0,0,0,0,1,1,0,0,1,0,0,0,-1,-1,-1,-1,-1,-1,-1,-1,-1,46,63,29,63,Santa Clara,Moreirense FC,1.88,0.82,1.83,0.58,1.63,1.13,55,38,1.3,1.06,2.36,34,True,True,False,False,False,False,True,,16.11,82%,75%,Liga_Portugal,2025-03-09 15:30:00
2024-2025,25,1,3,4,4,4,8,4,3,0,0,4,6,6,11,10,17,9,10,52,48,Estádio Municipal de Rio Maior (Rio Maior),,4,3,6.0,4.2,1.48,1.31,1.6,3.61,1.91,1.91,1.41,1.73,2.6,1.9,1.36,2.63,3.0,1.44,4,1,2,0,1,1,3,1741543200,114,0,54,0,-1,2,1,2,2,2,2,4,4,1,1,3,2,2,5,1,23,46,111,90,1.09,1.82,2.92,0,1,0,1,0,0,1,1,0,0,2,1,0,1,-1,-1,-1,-1,-1,-1,-1,-1,-1,54,80,50,79,Casa Pia,Sporting CP,1.65,2.24,1.83,2.08,1.5,2.33,46,21,1.11,1.78,2.89,34,True,True,True,True,False,False,True,,6.04,86%,93%,Liga_Portugal,2025-03-09 18:00:00
2024-2025,25,1,2,3,2,7,9,2,1,0,0,3,10,3,11,6,21,17,16,34,66,Estádio do Bessa Século XXI (Porto),,2,1,6.0,3.8,1.54,1.36,2.1,3.8,2.1,1.65,1.53,1.86,2.28,1.81,1.42,2.95,2.65,1.35,3,1,0,0,2,2,1,1741552200,175,0,34,0,-1,2,1,0,4,2,3,4,5,0,1,2,0,1,2,1,27,58,70,118,0.79,2.44,3.24,1,1,1,1,0,0,1,1,0,0,0,1,0,0,-1,-1,-1,-1,-1,-1,-1,-1,-1,25,54,17,59,Boavista FC,Vitória Guimarães,0.35,1.29,0.5,1.0,0.63,1.46,75,46,1.16,1.33,2.49,34,True,True,True,False,False,False,True,,10.36,80%,0%,Liga_Portugal,2025-03-09 20:30:00
2024-2025,25,3,0,3,5,3,8,0,3,0,0,13,5,7,8,20,13,11,11,56,44,Estádio do Sport Lisboa e Benfica (da Luz) (Lisboa),"Rua José Maria Nicolau, Lisboa",0,3,1.16,7.0,12.0,1.2,1.49,2.3,2.15,1.62,0.0,0.0,0.0,0.0,1.25,2.25,3.55,1.57,3,2,0,1,0,1,2,1741456800,78,0,38,0,-1,2,1,4,0,1,3,4,4,0,2,0,1,2,1,1,56,32,108,85,2.57,1.41,3.98,2,1,2,0,0,1,1,1,1,0,1,0,0,0,-1,-1,-1,-1,-1,-1,-1,-1,-1,54,71,38,84,Benfica,CD Nacional,2.59,0.59,2.75,0.5,2.3,1.08,46,30,2.0,1.13,3.13,34,True,True,True,False,False,False,False,,16.11,84%,40%,Liga_Portugal,2025-03-08 18:00:00
2024-2025,25,0,1,1,1,7,8,1,1,0,0,0,5,9,14,9,19,15,17,43,57,Estádio Clube Desportivo das Aves (Vila das Aves),,1,1,2.9,3.0,2.5,1.42,2.25,4.2,1.93,1.75,1.49,1.8,2.38,1.86,1.47,3.2,2.45,1.3,1,0,0,0,1,1,0,1741447800,167,0,59,0,-1,2,1,1,4,0,3,5,3,1,1,0,0,2,0,1,38,58,80,137,0.85,1.98,2.82,0,0,0,0,0,0,1,1,0,0,0,1,0,0,-1,-1,-1,-1,-1,-1,-1,-1,-1,54,67,38,67,AVS,FC Arouca,0.88,1.0,1.17,1.0,0.96,1.04,46,34,1.1,1.17,2.27,34,True,False,False,False,False,False,False,,,,,Liga_Portugal,2025-03-08 15:30:00
2024-2025,25,1,0,1,7,3,10,2,4,1,0,4,3,4,3,8,6,16,14,45,55,Estádio Municipal de Braga (Braga),,4,4,3.3,3.25,2.15,1.33,1.95,3.5,1.77,1.93,1.64,2.04,2.06,1.66,1.4,2.8,2.75,1.38,1,1,0,0,0,0,1,1741465800,172,0,42,0,-1,2,1,2,3,5,0,5,5,0,3,3,1,3,4,1,49,48,91,110,1.15,0.95,2.1,0,0,0,0,0,0,1,1,0,0,2,1,0,2,-1,-1,-1,-1,-1,-1,-1,-1,-1,54,92,33,79,Sporting Braga,Porto,1.88,1.71,1.75,1.67,1.96,2.08,46,8,1.59,1.31,2.9,34,True,False,False,False,False,False,False,,4.5,92%,98%,Liga_Portugal,2025-03-08 20:30:00
2024-2025,26,2,0,2,4,3,7,3,3,0,1,8,2,12,5,20,7,19,8,68,32,Estádio Do Dragão (Porto),,3,4,1.25,5.5,10.5,1.22,1.75,2.72,2.2,1.62,1.52,1.83,2.3,1.83,1.3,2.5,3.4,1.5,2,1,0,1,0,1,1,1742061600,82,0,50,0,-1,2,1,2,1,2,2,3,4,0,1,3,3,1,6,1,76,30,134,44,2.37,0.8,3.17,0,0,0,0,0,0,1,1,0,0,1,0,0,0,-1,-1,-1,-1,-1,-1,-1,-1,-1,42,88,30,67,Porto,AVS,2.47,0.71,2.5,0.75,2.0,0.92,59,13,1.85,0.92,2.77,34,True,True,False,False,False,False,False,,2.3,71%,20%,Liga_Portugal,2025-03-15 18:00:00
2024-2025,26,3,1,4,11,4,15,4,1,1,0,8,3,11,5,19,8,10,13,53,47,Estádio José Alvalade (Lisboa),,6,1,1.28,5.0,10.0,1.21,1.6,2.25,2.05,1.7,1.52,1.83,2.3,1.83,1.33,2.5,3.25,1.5,4,1,1,2,0,2,2,1742070600,114,0,54,0,-1,2,1,4,1,7,3,5,10,2,1,3,0,3,3,1,88,65,108,98,2.39,1.19,3.58,1,1,1,1,0,0,1,1,1,0,1,0,0,0,-1,-1,-1,-1,-1,-1,-1,-1,-1,58,88,50,88,Sporting CP,Famalicão,2.59,1.12,2.58,1.33,2.36,1.36,42,13,1.96,1.28,3.24,34,True,True,True,True,False,False,True,,21.85,84%,20%,Liga_Portugal,2025-03-15 20:30:00
2024-2025,26,0,1,1,5,0,5,2,2,0,0,1,3,9,1,10,4,13,21,68,32,Estádio Cidade de Barcelos (Barcelos),,2,2,2.75,3.0,2.65,1.53,2.77,5.88,2.2,1.62,1.68,2.1,2.02,1.63,1.62,4.0,2.2,1.22,1,0,1,0,0,0,1,1742052600,1028,0,53,0,-1,2,1,1,0,4,0,1,4,1,1,1,1,2,2,1,44,17,80,47,1.02,0.59,1.61,0,0,0,0,0,0,1,1,0,0,0,0,0,0,-1,-1,-1,-1,-1,-1,-1,-1,-1,44,70,26,62,Gil Vicente,Santa Clara,1.18,1.47,1.45,1.42,0.96,1.6,56,30,1.14,0.86,2.0,34,True,False,False,False,False,False,False,,5.03,60%,88%,Liga_Portugal,2025-03-15 15:30:00
2024-2025,26,1,1,2,3,4,7,0,1,0,0,2,3,2,7,4,10,14,14,37,63,Estádio Municipal de Arouca (Arouca),,0,1,1.95,3.3,3.8,1.36,2.0,3.75,1.91,1.91,1.55,1.88,2.25,1.78,1.44,3.25,2.63,1.33,2,1,0,0,1,1,1,1742139000,-1,0,50,0,-1,2,1,2,3,1,1,5,2,0,0,0,1,0,1,1,26,52,70,90,0.59,1.22,1.81,0,1,0,1,0,0,1,1,0,0,1,0,0,0,-1,-1,-1,-1,-1,-1,-1,-1,-1,50,71,25,75,FC Arouca,GD Estoril Praia,1.24,1.24,1.08,1.08,1.12,1.4,50,29,1.1,1.07,2.17,34,True,True,False,False,False,False,True,,5.41,63%,87%,Liga_Portugal,2025-03-16 15:30:00
2024-2025,26,1,0,1,6,3,9,4,6,0,1,3,3,17,4,20,7,14,16,57,43,Parque Desportivo Comendador Joaquim de Almeida Freitas (Moreira de Cónegos),,4,8,1.68,3.45,5.0,1.45,2.3,4.5,2.2,1.62,1.74,2.22,2.02,1.62,1.53,3.5,2.38,1.29,1,1,0,0,0,0,1,1742157000,174,0,55,0,-1,2,1,6,1,0,2,7,2,1,3,3,4,4,7,1,56,29,76,73,1.86,0.87,2.73,1,0,1,0,0,0,1,1,0,0,1,1,0,0,-1,-1,-1,-1,-1,-1,-1,-1,-1,59,71,29,67,Moreirense FC,Boavista FC,1.53,1.06,1.67,0.75,1.12,0.6,42,29,1.12,0.82,1.94,34,True,False,False,False,False,False,False,,4.65,72%,86%,Liga_Portugal,2025-03-16 20:30:00
2024-2025,26,2,0,2,8,2,10,1,2,0,0,6,1,6,6,12,7,15,17,61,39,Estádio Dom Afonso Henriques (Guimarães),,1,2,1.44,3.8,7.0,1.35,2.02,3.75,2.25,1.57,1.36,1.58,2.8,2.15,1.44,3.25,2.63,1.33,2,1,0,1,0,1,1,1742157000,175,0,38,0,-1,2,1,7,1,1,1,8,2,0,1,1,1,1,2,1,45,39,76,72,1.5,0.8,2.3,0,0,0,0,0,0,1,1,1,0,2,0,0,0,-1,-1,-1,-1,-1,-1,-1,-1,-1,38,59,25,63,Vitória Guimarães,Estrela Amadora,1.88,0.59,1.92,0.58,1.52,0.92,63,42,1.43,0.95,2.38,34,True,True,False,False,False,False,False,,5.03,74%,78%,Liga_Portugal,2025-03-16 20:30:00
2024-2025,26,0,1,1,12,4,16,2,1,0,0,5,4,8,5,13,9,19,14,44,56,Estádio de São Lúis (Faro),,2,1,4.2,3.45,1.8,1.39,1.91,3.98,2.0,1.75,1.46,1.75,2.45,1.92,1.5,3.4,2.5,1.3,1,0,0,0,1,1,0,1742052600,172,0,38,0,-1,2,1,10,2,2,2,12,4,0,0,2,1,0,3,1,70,47,83,96,1.67,1.2,2.87,0,0,0,0,0,0,1,1,0,0,4,0,0,0,-1,-1,-1,-1,-1,-1,-1,-1,-1,46,54,17,54,Farense,Sporting Braga,0.65,2.0,0.58,2.17,0.68,2.0,54,46,1.22,1.35,2.57,34,True,False,False,False,False,False,False,,14.97,63%,20%,Liga_Portugal,2025-03-15 15:30:00
2024-2025,26,2,3,5,3,11,14,2,1,1,0,2,8,5,13,7,21,16,12,40,60,Estádio do Rio Ave Futebol Clube (Vila do Conde),,3,1,8.0,5.0,1.31,1.18,1.6,2.45,1.91,1.91,1.47,1.76,2.43,1.9,1.29,2.38,3.5,1.53,5,0,1,2,2,4,1,1742148000,78,0,60,0,-1,2,1,1,7,2,4,8,6,0,0,3,1,0,4,1,22,64,57,115,0.75,2.34,3.09,0,1,0,1,0,0,1,1,0,0,0,3,0,0,-1,-1,-1,-1,-1,-1,-1,-1,-1,52,83,39,83,Rio Ave FC,Benfica,1.53,2.12,1.75,1.82,1.16,2.33,49,18,1.2,1.66,2.86,34,True,True,True,True,True,False,True,,4.61,76%,20%,Liga_Portugal,2025-03-16 18:00:00
2024-2025,26,3,1,4,2,5,7,2,1,0,0,6,3,6,8,12,11,11,13,45,55,Estádio da Madeira (Funchal (Ilha da Madeira)),,2,1,2.25,3.2,3.1,1.4,2.2,4.2,1.95,1.8,1.5,1.82,2.33,1.84,1.5,3.4,2.5,1.3,4,1,0,2,1,3,1,1742139000,163,0,46,0,-1,2,1,2,3,0,2,5,2,1,0,1,1,1,2,1,34,49,66,64,1.42,1.25,2.68,0,0,0,0,0,0,1,1,0,0,1,1,0,0,-1,-1,-1,-1,-1,-1,-1,-1,-1,50,83,42,63,CD Nacional,Casa Pia,1.41,1.0,1.67,1.17,1.04,1.44,50,17,1.31,0.99,2.3,34,True,True,True,True,False,False,True,,,,,Liga_Portugal,2025-03-16 15:30:00
2024-2025,27,1,2,3,1,6,7,4,2,0,0,2,8,1,9,3,17,19,13,40,60,Estádio António Coimbra da Mota (Estoril),,4,2,6.0,4.0,1.48,0.0,1.95,2.65,2.05,1.7,0.0,0.0,0.0,0.0,1.4,3.0,2.75,1.36,3,1,1,0,1,1,2,1743354000,82,0,43,0,-1,2,1,0,3,1,3,3,4,3,0,1,2,3,3,1,19,38,82,98,0.48,1.91,2.39,1,1,1,1,0,0,1,1,0,0,0,1,1,0,-1,-1,-1,-1,-1,-1,-1,-1,-1,54,77,35,66,GD Estoril Praia,Porto,1.47,1.71,1.69,1.54,1.38,2.04,46,23,1.13,1.28,2.41,34,True,True,True,False,False,False,True,,10.36,41%,0%,Liga_Portugal,2025-03-30 17:00:00
2024-2025,27,0,3,3,3,2,5,6,1,2,0,1,7,7,7,8,14,18,18,34,66,Estádio José Gomes (Amadora),,9,1,8.0,4.9,1.33,1.78,1.67,0.0,2.05,1.7,0.0,0.0,0.0,0.0,1.33,2.63,3.25,1.44,3,0,0,0,3,3,0,1743271200,114,0,54,0,-1,2,1,3,2,0,0,5,0,4,0,4,1,4,5,1,15,58,56,101,0.69,1.79,2.48,0,2,0,2,0,0,1,1,0,0,0,1,0,0,-1,-1,-1,-1,-1,-1,-1,-1,-1,70,81,54,74,Estrela Amadora,Sporting CP,1.12,2.24,1.23,2.15,0.88,2.38,31,20,1.01,1.78,2.79,34,True,True,True,False,False,False,False,,13.8,54%,0%,Liga_Portugal,2025-03-29 18:00:00
2024-2025,27,1,0,1,3,4,7,3,2,0,1,5,4,8,5,13,9,1,0,37,63,"Estádio de São Miguel (Ponta Delgada, Ilha de São Miguel, Açores)","Rua Comandante Jaime de Sousa 21, Ponta Delgada, Ilha de São Miguel, Açores",3,3,1.77,3.2,4.7,1.55,2.4,0.0,2.2,1.62,0.0,0.0,0.0,0.0,1.53,3.75,2.38,1.25,1,1,0,0,0,0,1,1743345000,1028,0,35,0,-1,2,1,0,2,3,2,2,5,1,1,2,2,2,4,1,28,28,60,79,1.37,1.06,2.43,0,0,0,0,0,0,1,1,1,0,0,0,0,0,-1,-1,-1,-1,-1,-1,-1,-1,-1,31,58,27,66,Santa Clara,CD Nacional,1.88,0.59,1.77,0.46,1.65,1.12,69,42,1.3,1.15,2.45,34,True,False,False,False,False,False,False,,13.8,67%,75%,Liga_Portugal,2025-03-30 14:30:00
2024-2025,27,2,1,3,7,4,11,5,1,0,0,5,5,2,7,7,12,19,12,50,50,Estádio Municipal de Rio Maior (Rio Maior),,5,1,2.1,3.2,3.3,0.0,2.15,2.03,1.8,1.95,0.0,0.0,0.0,0.0,1.44,3.25,2.63,1.33,3,1,1,1,0,1,2,1743262200,4810,0,50,0,-1,2,1,3,3,4,1,6,5,0,0,5,1,0,6,1,32,24,82,83,1.03,1.29,2.32,0,1,0,0,0,1,1,1,0,0,1,0,0,0,-1,-1,-1,-1,-1,-1,-1,-1,-1,35,69,35,77,Casa Pia,Rio Ave FC,1.65,0.71,1.69,0.62,1.38,1.12,66,31,1.11,0.9,2.01,34,True,True,True,False,False,False,True,,6.49,54%,10%,Liga_Portugal,2025-03-29 15:30:00
2024-2025,27,1,3,4,3,3,6,1,2,1,1,3,9,3,5,6,14,21,13,38,62,Estádio do Bessa Século XXI (Porto),,3,3,3.2,3.1,2.2,1.5,2.2,4.75,1.95,1.8,1.57,2.0,2.2,1.68,1.5,3.4,2.5,1.3,4,0,0,1,3,4,0,1743534900,183,0,39,0,-1,2,1,1,2,2,1,3,3,0,0,2,3,0,5,1,38,31,90,85,0.88,1.74,2.62,1,0,1,0,0,0,1,1,0,0,0,1,0,0,-1,-1,-1,-1,-1,-1,-1,-1,-1,35,66,15,62,Boavista FC,Gil Vicente,0.35,0.82,0.46,0.54,0.58,0.88,66,35,1.13,0.81,1.94,34,True,True,True,True,False,False,True,,0,79%,0%,Liga_Portugal,2025-04-01 19:15:00
2024-2025,27,2,1,3,7,1,8,2,2,0,0,5,1,4,4,9,5,12,9,55,45,Estádio Municipal de Braga (Braga),,2,2,1.69,3.6,4.7,0.0,1.83,1.84,1.8,1.95,0.0,0.0,0.0,0.0,1.36,2.75,3.0,1.4,3,2,0,0,1,1,2,1743280200,172,0,54,0,-1,2,1,4,0,3,1,4,4,0,0,2,2,0,4,1,46,40,96,87,1.26,0.69,1.94,0,0,0,0,0,0,1,1,0,0,0,0,0,0,1,25,18,1,9,12,1,5,6,62,77,39,81,Sporting Braga,FC Arouca,1.88,1.0,1.85,1.15,2.04,1.12,39,23,1.55,1.23,2.78,34,True,True,True,False,False,False,True,,6.04,69%,65%,Liga_Portugal,2025-03-29 20:30:00
2024-2025,27,4,1,5,4,2,6,2,2,0,0,4,1,10,4,14,5,15,21,60,40,Estádio Municipal 22 de Junho (Vila Nova de Famalicão),,2,2,1.71,3.3,4.9,0.0,2.25,2.16,2.1,1.67,0.0,0.0,0.0,0.0,1.5,3.4,2.5,1.3,5,0,0,4,1,5,0,1743345000,1033,0,43,0,-1,2,1,4,2,0,0,6,0,1,1,1,1,2,2,1,44,13,87,60,1.48,0.49,1.97,0,0,0,0,0,0,1,1,0,0,0,0,1,0,-1,-1,-1,-1,-1,-1,-1,-1,-1,27,66,19,62,Famalicão,AVS,1.65,0.71,1.38,0.69,1.31,0.88,73,35,1.13,0.91,2.04,34,True,True,True,True,True,False,True,,8.68,37%,3%,Liga_Portugal,2025-03-30 14:30:00
2024-2025,27,2,2,4,2,3,5,2,2,0,0,3,3,8,8,11,11,11,15,40,60,Parque Desportivo Comendador Joaquim de Almeida Freitas (Moreira de Cónegos),,2,2,3.6,2.95,2.05,1.5,2.4,4.6,2.1,1.67,1.55,1.98,2.2,1.7,1.57,3.75,2.25,1.25,4,1,1,1,1,2,2,1743363000,-1,0,54,0,-1,2,1,1,0,1,3,1,4,1,0,1,2,1,3,1,44,39,81,115,1.22,1.2,2.42,0,0,0,0,0,0,1,1,0,0,0,0,0,0,-1,-1,-1,-1,-1,-1,-1,-1,-1,39,62,23,58,Moreirense FC,Vitória Guimarães,1.53,1.29,1.77,1.15,1.19,1.58,62,39,1.17,1.41,2.58,34,True,True,True,True,False,False,True,,4.92,63%,7%,Liga_Portugal,2025-03-30 19:30:00
2024-2025,27,3,2,5,5,4,9,1,1,0,0,7,6,7,5,14,11,13,13,71,29,Estádio do Sport Lisboa e Benfica (da Luz) (Lisboa),"Rua José Maria Nicolau, Lisboa",1,1,1.13,7.0,15.0,1.18,1.44,2.25,2.38,1.53,1.21,1.4,3.58,2.64,1.29,2.25,3.5,1.57,5,2,1,1,1,2,3,1743621300,78,0,46,0,-1,2,1,2,2,3,2,4,5,0,0,1,1,0,2,1,73,39,136,81,1.91,1.4,3.31,0,0,0,0,0,0,1,1,1,0,1,0,0,0,-1,-1,-1,-1,-1,-1,-1,-1,-1,62,77,39,73,Benfica,Farense,2.59,0.94,2.77,0.77,2.38,0.65,39,23,2.05,0.99,3.04,34,True,True,True,True,True,False,True,,13.8,71%,20%,Liga_Portugal,2025-04-02 19:15:00
2024-2025,28,1,2,3,3,7,10,3,5,0,0,6,5,8,2,14,7,17,16,59,41,Estádio Municipal de Arouca (Arouca),,3,5,2.3,3.1,2.95,1.43,2.1,4.47,1.91,1.91,1.42,1.75,2.57,1.96,1.44,3.25,2.63,1.33,3,0,1,1,1,2,1,1743872400,1033,0,54,0,-1,2,1,1,5,2,2,6,4,1,2,2,3,3,5,1,42,31,104,73,1.61,1.02,2.64,2,1,1,1,1,0,1,1,0,0,0,3,0,0,-1,-1,-1,-1,-1,-1,-1,-1,-1,43,81,23,77,FC Arouca,Famalicão,1.24,1.12,1.08,1.23,1.07,1.37,58,20,1.06,1.27,2.33,34,True,True,True,False,False,False,True,,8.28,72%,87%,Liga_Portugal,2025-04-05 17:00:00
2024-2025,28,0,1,1,7,0,7,3,4,0,0,4,2,7,7,11,9,15,14,58,42,Estádio Cidade de Barcelos (Barcelos),,3,4,2.5,3.1,2.7,1.42,2.3,4.2,2.05,1.7,1.54,1.88,2.25,1.78,1.57,3.75,2.25,1.25,1,0,0,0,1,1,0,1743949800,174,0,58,0,-1,2,1,1,0,5,0,1,5,1,1,2,3,2,5,1,41,29,89,99,1.28,0.93,2.21,0,0,0,0,0,0,1,1,0,0,0,0,0,0,-1,-1,-1,-1,-1,-1,-1,-1,-1,54,77,23,70,Gil Vicente,Moreirense FC,1.18,0.82,1.23,0.62,0.96,1.19,46,23,1.1,1.06,2.16,34,True,False,False,False,False,False,False,,5.57,58%,100%,Liga_Portugal,2025-04-06 14:30:00
2024-2025,28,0,3,3,4,3,7,3,1,0,0,1,7,9,7,10,14,13,18,45,55,Estádio Clube Desportivo das Aves (Vila das Aves),,3,1,2.7,3.1,2.5,1.42,2.15,4.33,1.95,1.8,1.76,2.23,1.9,1.56,1.5,3.5,2.5,1.29,3,0,2,0,1,1,2,1743794100,164,0,54,0,-1,2,1,2,2,2,1,4,3,0,0,3,1,0,4,1,18,44,95,114,0.84,1.7,2.54,0,0,0,0,0,0,1,1,0,0,1,1,0,0,-1,-1,-1,-1,-1,-1,-1,-1,-1,50,66,35,66,AVS,GD Estoril Praia,0.88,1.24,1.08,1.08,0.85,1.33,50,35,1.08,1.08,2.16,34,True,True,True,False,False,False,False,,,,,Liga_Portugal,2025-04-04 19:15:00
2024-2025,28,2,0,2,7,6,13,1,2,0,0,3,6,6,10,9,16,11,16,52,48,Estádio Dom Afonso Henriques (Guimarães),,1,2,1.77,3.2,4.7,1.53,2.4,5.76,2.25,1.57,1.63,2.11,2.09,1.65,1.62,4.0,2.2,1.22,2,1,0,1,0,1,1,1743881400,175,0,38,0,-1,2,1,3,5,4,1,8,5,0,1,1,1,1,2,1,34,40,73,88,1.03,1.72,2.75,0,0,0,0,0,0,1,1,1,0,1,2,0,0,-1,-1,-1,-1,-1,-1,-1,-1,-1,43,62,27,58,Vitória Guimarães,Santa Clara,1.88,1.47,2.0,1.54,1.56,1.7,58,39,1.43,0.84,2.27,34,True,True,False,False,False,False,False,,4,77%,92%,Liga_Portugal,2025-04-05 19:30:00
2024-2025,28,0,1,1,7,5,12,1,2,0,0,6,3,13,10,19,13,15,14,61,39,Estádio da Madeira (Funchal (Ilha da Madeira)),,1,2,2.05,3.1,3.6,1.42,2.3,4.2,2.0,1.75,1.5,1.81,2.35,1.85,1.5,3.5,2.5,1.29,1,0,0,0,1,1,0,1743958800,15804,0,39,0,-1,2,1,4,1,3,4,5,7,1,1,0,1,2,1,1,42,32,89,86,1.92,1.27,3.18,0,0,0,0,0,0,1,1,0,0,1,0,0,0,-1,-1,-1,-1,-1,-1,-1,-1,-1,35,70,31,69,CD Nacional,Estrela Amadora,1.41,0.59,1.77,0.54,1.07,0.85,66,31,1.32,0.94,2.26,34,True,False,False,False,False,False,False,,,,,Liga_Portugal,2025-04-06 17:00:00
2024-2025,28,1,4,5,2,6,8,3,1,0,0,3,8,10,9,13,17,17,11,61,39,Estádio Do Dragão (Porto),,3,1,2.5,3.2,2.65,1.33,1.93,3.4,1.75,2.0,1.55,1.92,2.37,1.88,1.4,3.0,2.75,1.36,5,0,2,1,2,3,2,1743967800,78,0,42,0,-1,2,1,0,1,2,5,1,7,1,1,2,0,2,2,1,47,32,104,73,1.38,1.86,3.24,0,0,0,0,0,0,1,1,0,1,0,0,0,0,-1,-1,-1,-1,-1,-1,-1,-1,-1,46,93,23,73,Porto,Benfica,2.47,2.12,2.54,2.0,2.07,2.41,54,8,1.89,1.75,3.64,34,True,True,True,True,True,False,True,,6.91,81%,0%,Liga_Portugal,2025-04-06 19:30:00
2024-2025,28,0,2,2,9,2,11,3,2,0,0,3,4,15,2,18,6,15,12,67,33,Estádio do Rio Ave Futebol Clube (Vila do Conde),,3,2,1.77,3.4,4.3,1.33,2.05,3.64,1.95,1.8,1.48,1.85,2.4,1.85,1.44,3.25,2.63,1.33,2,0,1,0,1,1,1,1744053300,176,0,58,0,-1,2,1,5,1,4,1,6,5,0,0,3,2,0,5,1,56,33,138,71,1.76,0.9,2.66,0,0,0,0,0,0,1,1,0,0,1,0,0,0,-1,-1,-1,-1,-1,-1,-1,-1,-1,66,74,31,85,Rio Ave FC,Boavista FC,1.53,1.06,1.62,0.69,1.07,0.56,35,27,1.17,0.83,2.0,34,True,True,False,False,False,False,False,,4.61,82%,0%,Liga_Portugal,2025-04-07 19:15:00
2024-2025,28,1,1,2,4,0,4,3,4,0,1,8,3,8,5,16,8,11,21,48,52,Estádio José Alvalade (Lisboa),,3,5,1.51,4.0,5.5,0.0,1.73,0.0,1.8,1.95,0.0,0.0,0.0,0.0,1.33,2.63,3.25,1.44,2,1,0,0,1,1,1,1744055100,-1,0,46,0,-1,2,1,0,0,4,0,0,4,0,2,3,3,2,6,1,42,34,97,95,1.88,0.97,2.85,0,0,0,0,0,0,1,1,0,0,0,0,0,0,-1,-1,-1,-1,-1,-1,-1,-1,-1,54,70,39,69,Sporting CP,Sporting Braga,2.59,2.0,2.62,2.23,2.41,2.07,46,31,1.99,1.34,3.33,34,True,True,False,False,False,False,True,,8.05,80%,0%,Liga_Portugal,2025-04-07 19:45:00
2024-2025,28,0,0,0,13,3,16,4,2,0,0,6,0,7,2,13,2,18,21,50,50,Estádio de São Lúis (Faro),,4,2,2.8,2.95,2.5,1.43,2.4,4.4,2.0,1.75,1.43,1.77,2.54,1.94,1.53,3.75,2.38,1.25,0,0,0,0,0,0,0,1744047900,-1,0,43,0,-1,2,1,4,2,9,1,6,10,2,0,2,2,2,4,1,58,32,119,83,1.67,0.37,2.04,0,0,0,0,0,0,1,1,0,0,1,0,0,0,-1,-1,-1,-1,-1,-1,-1,-1,-1,46,66,23,58,Farense,Casa Pia,0.65,1.0,0.54,1.08,0.63,1.44,54,35,1.26,1.01,2.27,34,False,False,False,False,False,False,False,,9.22,72%,20%,Liga_Portugal,2025-04-07 17:45:00
2024-2025,29,0,1,1,7,3,10,1,0,0,0,3,6,10,4,13,10,22,11,59,41,Estádio José Gomes (Amadora),,1,0,2.35,3.0,3.0,1.5,2.3,5.0,2.1,1.67,0.0,0.0,0.0,0.0,1.57,3.75,2.25,1.25,1,0,0,0,1,1,0,1744554600,4866,0,54,0,-1,2,1,3,2,4,1,5,5,1,0,0,0,1,0,1,40,32,86,74,1.32,1.29,2.61,1,0,0,0,1,0,1,1,0,0,0,0,0,0,-1,-1,-1,-1,-1,-1,-1,-1,-1,50,71,29,57,Estrela Amadora,Farense,1.12,0.94,1.14,0.71,0.93,0.64,50,29,0.99,1.02,2.01,34,True,False,False,False,False,False,False,,11.5,71%,75%,Liga_Portugal,2025-04-13 14:30:00
2024-2025,29,0,2,2,2,2,4,3,5,1,0,1,3,5,6,6,9,13,26,48,52,Parque Desportivo Comendador Joaquim de Almeida Freitas (Moreira de Cónegos),,5,5,2.05,3.2,3.5,1.42,2.15,4.2,2.0,1.75,0.0,1.95,0.0,1.85,1.5,3.4,2.5,1.3,2,0,0,0,2,2,0,1744572600,171,0,54,0,-1,2,1,1,0,1,2,1,3,0,1,4,4,1,8,1,26,37,74,94,0.65,1.06,1.7,0,0,0,0,0,0,1,1,0,0,0,0,0,0,-1,-1,-1,-1,-1,-1,-1,-1,-1,47,71,36,72,Moreirense FC,Rio Ave FC,1.53,0.71,1.71,0.57,1.25,1.04,54,29,1.18,0.93,2.11,34,True,True,False,False,False,False,False,,3,85%,64%,Liga_Portugal,2025-04-13 19:30:00
2024-2025,29,0,1,1,3,3,6,4,2,1,1,2,5,9,3,11,8,18,11,37,63,"Estádio de São Miguel (Ponta Delgada, Ilha de São Miguel, Açores)","Rua Comandante Jaime de Sousa 21, Ponta Delgada, Ilha de São Miguel, Açores",6,4,5.5,3.9,1.54,1.38,1.73,3.9,2.1,1.67,0.0,0.0,0.0,0.0,1.44,3.25,2.63,1.33,1,0,0,0,1,1,0,1744477200,114,0,43,0,-1,2,1,2,1,1,2,3,3,3,0,2,3,3,5,1,33,29,81,103,1.08,1.08,2.16,0,0,0,0,0,0,1,1,0,0,0,0,1,0,-1,-1,-1,-1,-1,-1,-1,-1,-1,58,72,47,68,Santa Clara,Sporting CP,1.88,2.24,1.86,2.21,1.64,2.36,43,29,1.3,1.78,3.08,34,True,False,False,False,False,False,False,,12.66,77%,20%,Liga_Portugal,2025-04-12 17:00:00
2024-2025,29,0,1,1,4,3,7,2,2,0,0,2,3,3,7,5,10,12,16,47,53,Estádio Municipal de Rio Maior (Rio Maior),,2,2,5.9,3.8,1.51,1.33,1.96,3.65,2.05,1.7,1.66,2.05,2.04,1.65,1.44,3.25,2.63,1.33,1,0,1,0,0,0,1,1744486200,82,0,50,0,-1,2,1,1,1,3,2,2,5,1,0,1,2,1,3,1,30,32,89,84,0.69,1.08,1.77,0,0,0,0,0,0,1,1,0,1,0,0,0,0,-1,-1,-1,-1,-1,-1,-1,-1,-1,43,79,40,79,Casa Pia,Porto,1.65,1.71,1.79,1.64,1.43,2.0,57,22,1.1,1.33,2.43,34,True,False,False,False,False,False,False,,4.85,81%,51%,Liga_Portugal,2025-04-12 19:30:00
2024-2025,29,0,1,1,7,7,14,3,4,1,0,8,5,14,10,22,15,3,2,51,49,Estádio do Bessa Século XXI (Porto),,5,4,2.9,3.0,2.45,1.4,2.2,4.2,1.91,1.91,0.0,0.0,0.0,0.0,1.44,3.4,2.63,1.3,1,0,1,0,0,0,1,1744468200,163,0,33,0,-1,2,1,3,3,4,3,6,7,0,1,4,3,1,7,1,50,55,90,88,2.3,1.69,3.99,0,0,0,0,0,0,1,1,0,0,2,0,0,0,-1,-1,-1,-1,-1,-1,-1,-1,-1,33,61,18,72,Boavista FC,CD Nacional,0.35,0.59,0.43,0.43,0.64,1.04,68,40,1.12,1.14,2.26,34,True,False,False,False,False,False,False,,8.05,77%,40%,Liga_Portugal,2025-04-12 14:30:00
2024-2025,29,2,2,4,11,5,16,1,3,0,0,7,4,19,4,26,8,6,12,55,45,Estádio do Sport Lisboa e Benfica (da Luz) (Lisboa),"Rua José Maria Nicolau, Lisboa",1,3,1.22,5.7,10.5,1.06,1.39,2.1,1.98,1.74,0.0,0.0,0.0,0.0,1.16,2.07,4.1,1.67,4,0,0,2,2,4,0,1744563600,-1,0,54,0,-1,2,1,9,1,2,4,10,6,0,1,1,2,1,3,1,70,18,108,59,2.62,0.92,3.54,0,1,0,1,0,0,1,1,0,0,2,0,0,0,-1,-1,-1,-1,-1,-1,-1,-1,-1,79,79,57,86,Benfica,FC Arouca,2.59,1.0,2.79,1.07,2.43,1.04,22,22,2.04,1.19,3.23,34,True,True,True,True,False,False,True,,14.97,65%,20%,Liga_Portugal,2025-04-13 17:00:00
2024-2025,29,3,0,3,3,8,11,3,4,0,0,4,2,5,4,9,6,10,14,42,58,Estádio Municipal 22 de Junho (Vila Nova de Famalicão),,3,4,1.95,3.3,3.7,1.33,2.1,3.64,1.88,1.8,1.56,1.9,2.23,1.77,1.44,3.0,2.55,1.33,3,0,0,3,0,3,0,1744468200,1033,0,47,0,-1,2,1,1,3,2,5,4,7,0,1,3,3,1,6,1,25,39,51,105,1.03,0.82,1.84,0,0,0,0,0,0,1,1,0,0,1,0,0,0,-1,-1,-1,-1,-1,-1,-1,-1,-1,50,68,25,68,Famalicão,GD Estoril Praia,1.65,1.24,1.5,1.21,1.43,1.39,50,32,1.16,1.12,2.28,34,True,True,True,False,False,False,False,,7.61,70%,100%,Liga_Portugal,2025-04-12 14:30:00
2024-2025,29,0,1,1,1,5,6,1,6,0,0,1,1,4,4,5,5,11,20,49,51,Estádio Cidade de Barcelos (Barcelos),,1,6,3.6,3.1,2.05,1.42,2.37,4.75,2.05,1.68,1.45,1.73,2.48,1.94,1.5,3.3,2.37,1.29,1,0,0,0,1,1,0,1744398900,175,0,50,0,-1,2,1,1,2,0,4,3,4,0,3,1,3,3,4,1,30,51,104,105,0.62,0.77,1.39,0,0,0,0,0,0,1,1,0,0,0,1,0,2,-1,-1,-1,-1,-1,-1,-1,-1,-1,43,64,21,64,Gil Vicente,Vitória Guimarães,1.18,1.29,1.14,1.14,0.93,1.61,57,36,1.12,1.4,2.52,34,True,False,False,False,False,False,False,,2.98,94%,88%,Liga_Portugal,2025-04-11 19:15:00
2024-2025,29,4,1,5,7,3,10,2,2,0,0,7,3,10,1,17,4,13,8,64,36,Estádio Municipal de Braga (Braga),,2,2,1.24,5.1,10.5,1.22,1.75,2.8,2.0,1.75,0.0,0.0,0.0,0.0,1.33,2.63,3.25,1.44,5,3,1,1,0,1,4,1744563600,172,0,54,0,-1,2,1,2,0,5,3,2,8,2,0,0,2,2,2,1,47,22,130,74,1.91,0.63,2.55,0,0,0,0,0,0,1,1,1,0,1,0,0,0,-1,-1,-1,-1,-1,-1,-1,-1,-1,47,83,36,75,Sporting Braga,AVS,1.88,0.71,1.93,0.64,2.04,0.82,54,18,1.53,0.88,2.41,34,True,True,True,True,True,False,True,,8.37,62%,65%,Liga_Portugal,2025-04-13 17:00:00
2024-2025,30,2,1,3,4,5,9,2,3,1,0,2,4,6,8,8,12,17,13,58,42,,,4,3,1.39,4.3,7.0,0.0,1.85,0.0,2.05,1.7,0.0,0.0,0.0,0.0,1.36,2.75,3.0,1.4,3,1,0,1,1,2,1,1744995600,82,0,54,0,-1,2,1,3,2,1,3,5,4,2,2,1,1,4,2,1,44,35,96,90,0.97,1.3,2.27,0,0,0,0,0,0,1,1,0,0,2,0,0,0,-1,-1,-1,-1,-1,-1,-1,-1,-1,57,97,32,79,Porto,Famalicão,2.47,1.12,2.36,1.36,2.03,1.48,43,4,1.85,1.25,3.1,34,True,True,True,False,False,False,True,,17.27,79%,40%,Liga_Portugal,2025-04-18 17:00:00
2024-2025,30,1,0,1,4,4,8,4,4,0,0,7,3,11,5,18,8,17,16,57,43,,,4,4,1.91,3.2,4.0,3.95,2.2,0.0,1.95,1.8,0.0,0.0,0.0,0.0,1.44,3.25,2.63,1.33,1,0,0,1,0,1,0,1745082000,167,0,40,0,-1,2,1,1,2,3,2,3,5,2,2,2,2,4,4,1,48,37,99,85,1.97,0.99,2.96,1,0,0,0,1,0,1,1,0,0,0,0,0,0,-1,-1,-1,-1,-1,-1,-1,-1,-1,22,61,7,68,FC Arouca,Estrela Amadora,1.24,0.59,1.0,0.71,1.03,0.9,79,40,1.1,0.96,2.06,34,True,False,False,False,False,False,False,,13.8,62%,40%,Liga_Portugal,2025-04-19 17:00:00
2024-2025,30,1,1,2,3,4,7,7,2,0,0,3,3,9,4,12,7,14,11,34,66,,,7,2,2.9,2.9,2.45,2.34,2.37,0.0,2.0,1.75,0.0,0.0,0.0,0.0,1.53,3.5,2.38,1.29,2,1,0,0,1,1,1,1745073000,-1,0,47,0,-1,2,1,2,0,1,4,2,5,2,1,5,1,3,6,1,43,46,69,105,1.28,1.0,2.27,0,0,0,0,0,0,1,1,1,0,0,0,0,0,-1,-1,-1,-1,-1,-1,-1,-1,-1,43,68,29,54,AVS,Casa Pia,0.88,1.0,1.0,1.07,0.79,1.38,57,32,1.06,0.97,2.03,34,True,True,False,False,False,False,True,,,,,Liga_Portugal,2025-04-19 14:30:00
2024-2025,30,3,1,4,4,2,6,2,3,0,0,10,2,9,4,19,6,8,17,64,36,,,2,3,1.24,5.3,11.0,0.0,1.7,2.3,2.2,1.62,0.0,0.0,0.0,0.0,1.33,2.63,3.25,1.44,4,2,0,1,1,2,2,1745004600,114,0,57,0,-1,2,1,3,0,1,2,3,3,1,0,1,3,1,4,1,58,17,121,66,2.32,0.65,2.97,0,0,0,0,0,0,1,1,0,0,1,0,1,0,-1,-1,-1,-1,-1,-1,-1,-1,-1,54,79,39,75,Sporting CP,Moreirense FC,2.59,0.82,2.5,0.79,2.38,1.21,47,22,1.99,1.05,3.04,34,True,True,True,True,False,False,True,,10.36,78%,40%,Liga_Portugal,2025-04-18 19:30:00
2024-2025,30,1,1,2,6,4,10,2,2,0,0,3,6,6,10,9,16,15,14,49,51,,,2,2,3.3,2.95,2.2,1.81,2.3,0.0,2.0,1.75,0.0,0.0,0.0,0.0,1.53,3.5,2.38,1.29,2,1,0,0,1,1,1,1744986600,-1,0,54,0,-1,2,1,3,2,3,2,5,5,1,1,1,1,2,2,1,44,43,69,83,1.1,1.74,2.83,0,0,0,0,0,0,1,1,0,0,0,1,1,1,-1,-1,-1,-1,-1,-1,-1,-1,-1,47,72,29,75,Rio Ave FC,Santa Clara,1.53,1.47,1.5,1.43,1.1,1.59,54,29,1.21,0.91,2.12,34,True,True,False,False,False,False,True,,14.97,82%,75%,Liga_Portugal,2025-04-18 14:30:00
2024-2025,30,0,3,3,9,0,9,0,3,1,0,7,3,15,3,22,6,8,12,64,36,,,2,3,2.35,3.0,3.0,0.0,2.15,0.0,1.91,1.91,0.0,0.0,0.0,0.0,1.44,3.4,2.63,1.3,3,0,1,0,2,2,1,1745073000,183,0,47,0,-1,2,1,4,0,5,0,4,5,1,1,0,2,2,2,1,50,18,120,65,2.24,0.73,2.97,0,1,0,1,0,0,1,1,0,0,1,0,0,0,-1,-1,-1,-1,-1,-1,-1,-1,-1,47,75,29,57,CD Nacional,Gil Vicente,1.41,0.82,1.64,0.71,1.1,0.9,54,25,1.36,0.88,2.24,34,True,True,True,False,False,False,False,,19.57,55%,20%,Liga_Portugal,2025-04-19 14:30:00
2024-2025,30,0,2,2,1,2,3,1,0,0,0,3,3,3,2,6,5,11,15,39,61,,,1,0,3.8,3.3,1.87,0.0,1.91,0.0,1.8,1.95,0.0,0.0,0.0,0.0,1.4,3.0,2.75,1.36,2,0,2,0,0,0,2,1745082000,172,0,50,0,-1,2,1,1,1,0,1,2,1,0,0,1,0,0,1,1,31,29,95,128,0.83,0.76,1.59,0,0,0,0,0,0,1,1,0,1,0,0,0,0,-1,-1,-1,-1,-1,-1,-1,-1,-1,54,64,29,54,GD Estoril Praia,Sporting Braga,1.47,2.0,1.57,2.14,1.34,2.07,47,36,1.08,1.31,2.39,34,True,True,False,False,False,False,False,,16.11,64%,40%,Liga_Portugal,2025-04-19 17:00:00
2024-2025,30,0,3,3,7,3,10,2,4,0,0,6,7,12,1,18,8,10,12,58,42,,,2,4,5.3,3.7,1.59,1.22,1.91,3.25,1.91,1.91,0.0,0.0,0.0,0.0,1.4,2.75,2.75,1.4,3,0,1,0,2,2,1,1745091000,78,0,43,0,-1,2,1,3,1,4,2,4,6,0,1,2,3,1,5,1,52,18,88,65,1.93,1.13,3.06,0,0,0,0,0,0,1,1,0,0,0,0,0,0,-1,-1,-1,-1,-1,-1,-1,-1,-1,50,79,33,72,Vitória Guimarães,Benfica,1.88,2.12,2.07,2.07,1.66,2.38,50,22,1.4,1.76,3.16,34,True,True,True,False,False,False,False,,7,91%,73%,Liga_Portugal,2025-04-19 19:30:00
2024-2025,30,0,1,1,4,4,8,0,5,0,0,4,3,9,2,13,5,8,15,50,50,,,0,5,1.71,3.4,4.7,2.66,2.1,0.0,2.0,1.75,0.0,0.0,0.0,0.0,1.44,3.25,2.63,1.33,1,0,0,0,1,1,0,1744986600,176,0,33,0,-1,2,1,2,2,2,2,4,4,0,0,0,5,0,5,1,55,27,99,90,1.5,0.74,2.24,0,0,0,0,0,0,1,1,0,0,0,0,0,0,-1,-1,-1,-1,-1,-1,-1,-1,-1,47,54,18,65,Farense,Boavista FC,0.65,1.06,0.57,0.86,0.72,0.62,54,47,1.28,0.83,2.11,34,True,False,False,False,False,False,False,,11.5,82%,75%,Liga_Portugal,2025-04-18 14:30:00
2024-2025,31,1,3,4,4,4,8,2,1,1,1,4,5,4,7,8,12,12,14,41,59,,,4,3,2.1,3.1,3.3,0.0,2.2,0.0,1.95,1.8,0.0,0.0,0.0,0.0,1.44,3.25,2.63,1.33,4,1,1,0,2,2,2,1745955000,164,0,57,0,-1,2,1,3,1,1,3,4,4,2,0,1,2,2,3,1,38,35,81,96,1.07,1.37,2.43,1,0,1,0,0,0,1,1,0,0,0,0,1,0,-1,-1,-1,-1,-1,-1,-1,-1,-1,53,74,44,80,Casa Pia,GD Estoril Praia,1.65,1.24,1.67,1.13,1.37,1.3,47,27,1.07,1.1,2.17,34,True,True,True,True,False,False,True,,3.58,63%,100%,Liga_Portugal,2025-04-29 19:30:00
2024-2025,31,2,0,2,5,11,16,5,3,0,0,5,5,7,6,12,11,17,14,32,68,,,5,3,8.0,4.5,1.36,0.0,1.85,0.0,2.0,1.75,0.0,0.0,0.0,0.0,1.4,2.75,2.75,1.4,2,1,0,1,0,1,1,1745695800,15804,0,40,0,-1,2,1,4,4,1,7,8,8,0,1,5,2,1,7,1,26,62,55,114,1.29,1.5,2.79,1,0,1,0,0,0,1,1,0,0,2,1,0,0,-1,-1,-1,-1,-1,-1,-1,-1,-1,50,74,33,67,Estrela Amadora,Porto,1.12,1.71,1.07,1.73,0.87,2.07,50,27,1.01,1.31,2.32,34,True,True,False,False,False,False,False,,18.41,80%,0%,Liga_Portugal,2025-04-26 19:30:00
2024-2025,31,1,1,2,2,5,7,1,0,0,0,3,4,5,15,8,19,10,13,58,42,,,1,0,2.1,3.2,3.3,0.0,2.15,0.0,1.91,1.91,0.0,0.0,0.0,0.0,1.5,3.4,2.5,1.3,2,0,0,1,1,2,0,1745764200,-1,0,44,0,-1,2,1,1,2,1,3,3,4,0,0,1,0,0,1,1,42,36,93,83,1.03,1.73,2.76,0,0,0,0,0,0,1,1,0,0,0,0,0,0,-1,-1,-1,-1,-1,-1,-1,-1,-1,37,63,27,70,Moreirense FC,CD Nacional,1.53,0.59,1.6,0.6,1.17,1.07,63,37,1.14,1.18,2.32,34,True,True,False,False,False,False,True,,7,45%,67%,Liga_Portugal,2025-04-27 14:30:00
2024-2025,31,0,5,5,3,5,8,3,4,0,0,0,12,6,13,6,25,14,14,38,62,,,3,4,10.5,5.7,1.22,0.0,1.57,2.24,2.1,1.67,0.0,0.0,0.0,0.0,1.29,2.25,3.5,1.57,5,0,2,0,3,3,2,1745782200,114,0,40,0,-1,2,1,2,3,1,2,5,3,1,2,2,2,3,4,1,20,48,79,109,0.54,2.76,3.29,0,0,0,0,0,0,1,1,0,1,0,0,0,0,-1,-1,-1,-1,-1,-1,-1,-1,-1,57,74,37,70,Boavista FC,Sporting CP,0.35,2.24,0.4,2.27,0.7,2.4,44,27,1.19,1.73,2.92,34,True,True,True,True,True,False,False,,3.44,53%,0%,Liga_Portugal,2025-04-27 19:30:00
2024-2025,31,3,0,3,9,1,10,1,2,0,0,7,4,19,8,26,12,16,7,59,41,,,1,2,1.63,3.6,4.9,0.0,1.8,3.64,1.95,1.8,0.0,0.0,0.0,0.0,1.36,2.75,3.0,1.4,3,3,0,0,0,0,3,1745773200,175,0,37,0,-1,2,1,5,0,4,1,5,5,1,1,0,1,2,1,1,48,20,100,84,2.47,1.19,3.66,0,0,0,0,0,0,1,1,0,0,1,0,0,0,-1,-1,-1,-1,-1,-1,-1,-1,-1,47,73,30,70,Vitória Guimarães,Rio Ave FC,1.88,0.71,1.93,0.73,1.6,1.1,54,27,1.44,0.94,2.38,34,True,True,True,False,False,False,False,,3,34%,42%,Liga_Portugal,2025-04-27 17:00:00
2024-2025,31,1,1,2,6,9,15,1,4,0,0,4,4,4,13,8,17,16,15,44,56,,,1,4,3.9,3.3,1.91,1.94,2.0,0.0,1.91,1.91,0.0,0.0,0.0,0.0,1.44,3.25,2.63,1.33,2,1,0,0,1,1,1,1745609400,-1,0,37,0,-1,2,1,2,4,4,5,6,9,1,3,0,1,4,1,1,31,47,77,116,1.02,1.7,2.71,1,0,1,0,0,0,1,1,1,0,0,0,0,1,-1,-1,-1,-1,-1,-1,-1,-1,-1,37,60,10,50,Famalicão,Sporting Braga,1.65,2.0,1.6,2.2,1.43,2.1,64,40,1.15,1.28,2.43,34,True,True,False,False,False,False,True,,6.15,92%,11%,Liga_Portugal,2025-04-25 19:30:00
2024-2025,31,1,0,1,4,1,5,1,3,0,0,3,2,10,7,13,9,16,12,54,46,,,1,3,2.52,3.08,3.19,0.0,2.25,0.0,1.95,1.8,0.0,0.0,0.0,0.0,1.5,3.5,2.5,1.29,1,0,0,1,0,1,0,1745686800,183,0,50,0,-1,2,1,1,0,3,1,1,4,0,1,1,2,1,3,1,50,26,122,88,1.4,0.91,2.31,0,0,0,0,0,0,1,1,0,0,1,0,0,0,-1,-1,-1,-1,-1,-1,-1,-1,-1,44,67,20,60,Gil Vicente,Farense,1.18,0.94,1.07,0.87,0.97,0.7,57,33,1.08,1.04,2.12,34,True,False,False,False,False,False,False,,8.59,80%,4%,Liga_Portugal,2025-04-26 17:00:00
2024-2025,31,2,0,2,3,5,8,4,5,0,1,6,4,4,11,10,15,14,14,39,61,,,4,7,1.74,3.3,4.7,1.5,2.25,0.0,2.0,1.75,0.0,0.0,0.0,0.0,1.5,3.5,2.5,1.29,2,2,0,0,0,0,2,1745677800,1028,0,50,0,-1,2,1,1,3,2,2,4,4,2,0,2,6,2,8,1,32,34,71,123,1.29,1.48,2.77,0,0,0,0,0,0,1,1,1,0,0,0,0,0,-1,-1,-1,-1,-1,-1,-1,-1,-1,50,60,37,63,Santa Clara,FC Arouca,1.88,1.0,1.73,1.07,1.57,1.1,50,40,1.29,1.18,2.47,34,True,True,False,False,False,False,False,,13.8,68%,20%,Liga_Portugal,2025-04-26 14:30:00
2024-2025,31,6,0,6,10,4,14,1,3,0,0,11,3,12,4,23,7,11,12,57,43,,,1,3,1.08,9.0,25.0,0.0,1.3,1.91,2.25,1.57,0.0,0.0,0.0,0.0,1.18,1.83,4.5,1.83,6,4,0,2,0,2,4,1745773200,78,0,54,0,-1,2,1,6,2,4,2,8,6,0,2,1,1,2,2,1,63,25,98,69,2.67,0.84,3.51,0,0,0,0,0,0,1,1,1,0,1,0,0,0,-1,-1,-1,-1,-1,-1,-1,-1,-1,64,84,50,77,Benfica,AVS,2.59,0.71,2.67,0.6,2.4,0.8,37,17,2.08,0.86,2.94,34,True,True,True,True,True,True,False,,8.05,49%,0%,Liga_Portugal,2025-04-27 17:00:00
2024-2025,32,2,1,3,4,10,14,7,3,0,1,6,5,11,6,17,11,22,19,48,52,,,7,5,2.55,3.1,2.6,0.0,2.1,0.0,1.8,1.95,0.0,0.0,0.0,0.0,1.44,3.25,2.63,1.33,3,1,1,1,0,1,2,1746282600,4866,0,47,0,-1,2,1,4,3,0,7,7,7,3,1,4,3,4,7,1,67,35,86,68,1.97,1.3,3.27,0,0,0,0,0,0,1,1,0,0,0,2,0,1,-1,-1,-1,-1,-1,-1,-1,-1,-1,50,67,27,67,Farense,Famalicão,0.65,1.12,0.53,1.27,0.68,1.42,50,34,1.3,1.25,2.55,34,True,True,True,False,False,False,True,,17.27,73%,20%,Liga_Portugal,2025-05-03 14:30:00
2024-2025,32,0,0,0,5,0,5,2,6,1,2,4,1,11,3,15,4,14,14,64,36,,,4,10,2.1,3.1,3.3,0.0,2.1,0.0,1.95,1.8,0.0,0.0,0.0,0.0,1.44,3.25,2.63,1.33,0,0,0,0,0,0,0,1746378000,-1,0,50,0,-1,2,1,1,0,4,0,1,4,2,2,1,6,4,7,1,44,25,130,73,1.56,0.51,2.07,0,0,0,0,0,0,1,1,0,0,0,0,0,0,-1,-1,-1,-1,-1,-1,-1,-1,-1,37,74,14,64,FC Arouca,Casa Pia,1.24,1.0,1.13,1.07,1.06,1.32,63,27,1.16,0.97,2.13,34,False,False,False,False,False,False,False,,4.54,60%,96%,Liga_Portugal,2025-05-04 17:00:00
2024-2025,32,1,2,3,4,5,9,4,2,0,0,6,2,8,11,14,13,21,12,45,55,,,4,2,2.35,3.0,3.0,0.0,2.15,0.0,1.91,1.91,0.0,0.0,0.0,0.0,1.44,3.25,2.63,1.33,3,0,0,1,2,3,0,1746472500,176,0,40,0,-1,2,1,3,2,1,3,5,4,2,0,2,2,2,4,1,29,44,95,97,1.52,1.28,2.8,0,0,0,0,0,0,1,1,0,0,1,0,0,0,-1,-1,-1,-1,-1,-1,-1,-1,-1,43,60,24,63,AVS,Boavista FC,0.88,1.06,1.0,1.0,0.77,0.68,57,40,1.07,0.83,1.9,34,True,True,True,False,False,False,True,,,,,Liga_Portugal,2025-05-05 19:15:00
2024-2025,32,3,1,4,9,2,11,3,3,0,0,4,4,11,1,15,5,14,12,71,29,,,3,3,1.36,4.1,8.5,0.0,2.05,0.0,2.63,1.44,1.61,1.99,2.23,1.8,1.4,3.0,2.75,1.36,4,1,1,2,0,2,2,1746213300,82,0,54,0,-1,2,1,3,2,6,0,5,6,2,2,1,1,4,2,1,73,5,134,42,1.76,0.64,2.4,1,0,1,0,0,0,1,1,0,0,0,0,0,0,-1,-1,-1,-1,-1,-1,-1,-1,-1,53,87,24,67,Porto,Moreirense FC,2.47,0.82,2.4,0.73,2.0,1.16,47,14,1.79,1.02,2.81,34,True,True,True,True,False,False,True,,9.22,95%,75%,Liga_Portugal,2025-05-02 19:15:00
2024-2025,32,1,1,2,8,0,8,0,6,0,0,4,3,14,4,18,7,15,15,68,32,,,0,6,1.71,3.2,5.1,0.0,2.3,0.0,2.2,1.62,0.0,0.0,0.0,0.0,1.5,3.5,2.5,1.29,2,0,1,1,0,1,1,1746291600,-1,0,47,0,-1,2,1,8,0,0,0,8,0,0,0,0,6,0,6,1,82,24,154,66,2.02,0.83,2.85,0,0,0,0,0,0,1,1,0,1,0,0,0,0,-1,-1,-1,-1,-1,-1,-1,-1,-1,44,74,30,74,Sporting Braga,Santa Clara,1.88,1.47,2.0,1.4,2.06,1.61,57,27,1.56,0.96,2.52,34,True,True,False,False,False,False,True,,5.03,83%,100%,Liga_Portugal,2025-05-03 17:00:00
2024-2025,32,2,0,2,5,3,8,4,6,0,0,7,3,12,6,19,9,17,16,47,53,,,4,6,2.3,3.1,2.95,0.0,2.05,0.0,1.8,1.95,0.0,0.0,0.0,0.0,1.44,3.0,2.63,1.36,2,0,0,2,0,2,0,1746469800,171,0,50,0,-1,2,1,4,2,1,1,6,2,3,2,1,4,5,5,1,55,51,85,86,2.08,1.15,3.23,1,0,1,0,0,0,1,1,0,0,0,0,0,0,-1,-1,-1,-1,-1,-1,-1,-1,-1,37,67,23,77,Rio Ave FC,Estrela Amadora,1.53,0.59,1.47,0.67,1.06,0.94,64,33,1.2,0.96,2.16,34,True,True,False,False,False,False,False,,8.05,77%,40%,Liga_Portugal,2025-05-05 18:30:00
2024-2025,32,1,2,3,6,3,9,2,3,0,0,1,3,15,8,16,11,15,13,46,54,,,2,3,4.1,3.3,1.8,0.0,2.05,0.0,1.91,1.91,0.0,0.0,0.0,0.0,1.4,2.75,2.75,1.4,3,0,1,1,1,2,1,1746282600,175,0,44,0,-1,2,1,2,3,4,0,5,4,1,2,1,1,3,2,1,51,17,88,62,1.45,1.03,2.48,0,0,0,0,0,0,1,1,0,0,0,1,0,0,-1,-1,-1,-1,-1,-1,-1,-1,-1,43,67,30,60,CD Nacional,Vitória Guimarães,1.41,1.29,1.53,1.27,1.06,1.65,57,34,1.42,1.36,2.78,34,True,True,True,False,False,False,True,,3.44,79%,40%,Liga_Portugal,2025-05-03 14:30:00
2024-2025,32,1,2,3,2,4,6,2,2,0,0,1,3,8,7,9,10,15,13,48,52,,,2,2,9.0,5.9,1.24,0.0,1.38,2.3,1.95,1.8,0.0,0.0,0.0,0.0,1.2,1.91,4.33,1.8,3,0,2,1,0,1,2,1746300600,78,0,50,0,-1,2,1,1,3,1,1,4,2,0,1,2,1,1,3,1,21,42,114,115,0.81,1.16,1.97,1,0,0,0,1,0,1,1,0,1,1,1,0,0,-1,-1,-1,-1,-1,-1,-1,-1,-1,57,80,40,70,GD Estoril Praia,Benfica,1.47,2.12,1.47,2.13,1.35,2.42,44,20,1.06,1.71,2.77,34,True,True,True,False,False,False,True,,17,78%,66%,Liga_Portugal,2025-05-03 19:30:00
2024-2025,32,2,1,3,9,2,11,3,3,0,0,3,1,12,1,15,2,13,11,71,29,,,3,3,1.11,7.0,17.0,0.0,1.48,2.25,2.5,1.5,0.0,0.0,0.0,0.0,1.25,2.1,3.75,1.67,3,0,1,2,0,2,1,1746387000,114,0,54,0,-1,2,1,4,1,5,1,5,6,2,1,1,2,3,3,1,67,64,121,71,1.65,0.66,2.31,0,1,0,1,0,0,1,1,0,0,0,0,0,0,-1,-1,-1,-1,-1,-1,-1,-1,-1,54,80,37,73,Sporting CP,Gil Vicente,2.59,0.82,2.53,0.87,2.42,1.03,47,20,2.01,0.87,2.88,34,True,True,True,False,False,False,True,,8.05,80%,75%,Liga_Portugal,2025-05-04 19:30:00
2024-2025,33,1,1,2,6,2,8,5,2,0,1,1,4,13,3,14,7,24,14,61,39,,,5,4,2.25,3.3,2.85,0.0,1.75,0.0,1.62,2.2,0.0,0.0,0.0,0.0,1.33,2.5,3.25,1.5,2,0,1,1,0,1,1,1746896400,-1,0,44,0,-1,2,1,4,2,2,0,6,2,1,1,4,2,2,6,1,74,31,133,100,1.5,0.96,2.46,0,0,0,0,0,0,1,1,0,1,0,0,0,0,-1,-1,-1,-1,-1,-1,-1,-1,-1,85,88,63,82,Benfica,Sporting CP,2.59,2.24,2.69,2.31,2.44,2.44,16,13,2.11,1.8,3.91,34,True,True,False,False,False,False,True,,13.8,51%,40%,Liga_Portugal,2025-05-10 17:00:00
2024-2025,33,3,3,6,4,5,9,1,4,0,0,5,7,8,5,13,12,11,12,55,45,,,1,4,1.95,3.3,3.5,0.0,1.83,0.0,1.75,2.0,0.0,0.0,0.0,0.0,1.36,2.75,3.0,1.4,6,0,3,3,0,3,3,1746887400,-1,0,41,0,-1,2,1,1,2,3,3,3,6,0,1,1,3,1,4,1,46,41,83,61,1.5,1.54,3.04,0,0,0,0,0,0,1,1,0,1,0,1,0,0,-1,-1,-1,-1,-1,-1,-1,-1,-1,50,78,38,72,CD Nacional,Rio Ave FC,1.41,0.71,1.44,0.69,1.03,1.13,50,22,1.42,0.95,2.37,34,True,True,True,True,True,True,True,,4,89%,40%,Liga_Portugal,2025-05-10 14:30:00
2024-2025,33,2,1,3,3,6,9,6,2,1,1,5,2,9,9,14,11,23,14,47,53,,,7,4,2.0,3.0,3.8,1.5,2.45,0.0,2.2,1.62,0.0,0.0,0.0,0.0,1.53,3.75,2.38,1.25,3,1,0,1,1,2,1,1746887400,1028,0,50,0,-1,2,1,2,5,1,1,7,2,5,1,2,2,6,4,1,34,46,64,87,1.48,1.17,2.65,0,0,0,0,0,0,1,1,0,0,0,0,0,0,-1,-1,-1,-1,-1,-1,-1,-1,-1,47,72,38,72,Santa Clara,Famalicão,1.88,1.12,1.81,1.19,1.59,1.38,53,28,1.29,1.26,2.55,34,True,True,True,False,False,False,True,,12.66,68%,20%,Liga_Portugal,2025-05-10 14:30:00
2024-2025,33,0,1,1,1,6,7,0,3,0,0,3,3,8,14,11,17,9,11,49,51,,,0,3,1.87,3.3,4.0,2.03,2.1,0.0,2.0,1.75,0.0,0.0,0.0,0.0,1.44,3.25,2.63,1.33,1,0,0,0,1,1,0,1746973800,998595,0,50,0,-1,2,1,1,4,0,2,5,2,0,1,0,2,1,2,1,33,57,99,94,1.15,1.69,2.84,0,0,0,0,0,0,1,1,0,0,0,0,0,1,-1,-1,-1,-1,-1,-1,-1,-1,-1,47,75,38,63,Estrela Amadora,AVS,1.12,0.71,1.19,0.56,0.91,0.75,53,25,1.03,0.86,1.89,34,True,False,False,False,False,False,False,,11.5,53%,40%,Liga_Portugal,2025-05-11 14:30:00
2024-2025,33,1,2,3,0,4,4,3,1,1,1,4,7,5,9,9,16,13,19,41,59,,,4,2,9.5,5.3,1.27,1.32,1.7,3.33,2.0,1.75,1.48,1.91,2.4,1.8,1.33,2.5,3.25,1.5,3,1,2,0,0,0,3,1746991800,82,0,31,0,-1,2,1,0,2,0,2,2,2,1,1,3,1,2,4,1,39,43,74,113,1.13,1.82,2.95,1,0,1,0,0,0,1,1,0,0,0,0,1,1,-1,-1,-1,-1,-1,-1,-1,-1,-1,41,72,25,75,Boavista FC,Porto,0.35,1.71,0.38,1.63,0.75,2.03,60,29,1.15,1.32,2.47,34,True,True,True,False,False,False,True,,6.91,83%,40%,Liga_Portugal,2025-05-11 19:30:00
2024-2025,33,1,2,3,16,3,19,5,4,0,0,4,3,15,4,19,7,15,7,70,30,,,5,4,1.51,3.8,5.9,0.0,1.91,0.0,1.95,1.8,0.0,0.0,0.0,0.0,1.36,2.75,3.0,1.4,3,0,1,1,1,2,1,1746982800,4866,0,41,0,-1,2,1,6,2,10,1,8,11,0,1,5,3,1,8,1,98,27,122,76,2.18,0.86,3.04,0,1,0,0,0,1,1,1,0,1,4,0,0,0,-1,-1,-1,-1,-1,-1,-1,-1,-1,47,69,25,60,Vitória Guimarães,Farense,1.88,0.94,2.0,0.81,1.69,0.75,54,32,1.5,1.03,2.53,34,True,True,True,False,False,False,True,,1.99,85%,83%,Liga_Portugal,2025-05-11 17:00:00
2024-2025,33,1,1,2,4,1,5,1,3,0,0,5,4,11,5,16,9,17,15,54,46,,,1,3,2.5,3.0,2.75,0.0,2.1,0.0,1.91,1.91,0.0,0.0,0.0,0.0,1.44,3.25,2.63,1.33,2,0,0,1,1,2,0,1746905400,-1,0,54,0,-1,2,1,0,1,4,0,1,4,0,1,1,2,1,3,1,43,23,90,86,1.67,1.02,2.69,0,0,0,0,0,0,1,1,0,0,0,0,0,0,-1,-1,-1,-1,-1,-1,-1,-1,-1,57,69,35,69,Gil Vicente,FC Arouca,1.18,1.0,1.19,1.0,1.0,1.06,44,32,1.1,1.2,2.3,34,True,True,False,False,False,False,True,,5.01,86%,4%,Liga_Portugal,2025-05-10 19:30:00
2024-2025,33,2,1,3,2,7,9,0,0,0,0,3,6,3,14,6,20,19,13,41,59,,,0,0,5.1,3.5,1.63,0.0,2.05,2.88,2.0,1.75,0.0,0.0,0.0,0.0,1.4,3.0,2.75,1.36,3,1,1,1,0,1,2,1746905400,4810,0,54,0,-1,2,-1,2,4,0,3,6,3,0,0,0,0,0,0,1,18,73,79,133,0.73,2.21,2.94,0,0,0,0,0,0,1,1,0,0,0,0,-1,-1,-1,-1,-1,-1,-1,-1,-1,-1,-1,38,66,32,69,Casa Pia,Sporting Braga,1.65,2.0,1.56,2.13,1.31,2.03,63,35,1.07,1.3,2.37,34,True,True,True,False,False,False,True,,6.76,74%,2%,Liga_Portugal,2025-05-10 19:30:00
2024-2025,33,2,2,4,2,7,9,4,4,0,0,6,5,4,3,10,8,20,16,38,62,,,4,4,2.3,3.1,2.95,0.0,2.05,0.0,1.91,1.91,0.0,0.0,0.0,0.0,1.44,3.0,2.63,1.36,4,1,0,1,2,3,1,1746982800,-1,0,60,0,-1,2,1,1,0,1,7,1,8,2,1,2,3,3,5,1,20,46,79,116,1.2,1.2,2.41,0,0,0,0,0,0,1,1,0,0,0,0,0,0,-1,-1,-1,-1,-1,-1,-1,-1,-1,60,78,41,69,Moreirense FC,GD Estoril Praia,1.53,1.24,1.56,1.25,1.13,1.31,41,22,1.13,1.12,2.25,34,True,True,True,True,False,False,True,,1.99,85%,66%,Liga_Portugal,2025-05-11 17:00:00
2024-2025,34,1,2,3,3,6,9,2,5,0,0,2,6,9,10,11,16,13,20,57,43,,,2,5,2.6,3.1,2.75,1.55,2.45,4.75,2.05,1.7,1.52,1.85,2.32,1.81,1.53,3.5,2.38,1.29,3,1,1,0,1,1,2,1747501200,1028,0,38,0,-1,2,1,3,3,0,3,6,3,1,2,1,3,3,4,1,50,38,107,92,1.2,1.71,2.91,1,0,1,0,0,0,1,1,0,0,2,2,0,0,-1,-1,-1,-1,-1,-1,-1,-1,-1,32,54,19,57,Farense,Santa Clara,0.65,1.47,0.69,1.38,0.82,1.64,69,47,1.34,0.95,2.29,34,True,True,True,False,False,False,True,,6.42,61%,0%,Liga_Portugal,2025-05-17 17:00:00
2024-2025,34,4,1,5,2,11,13,1,2,0,0,7,4,9,18,16,22,16,16,58,42,,,1,2,1.71,3.8,4.5,1.28,1.85,3.25,1.8,1.95,1.63,2.02,2.08,1.68,1.36,2.75,3.0,1.4,5,3,1,1,0,1,4,1747501200,167,0,41,0,-1,2,1,1,5,1,6,6,7,0,1,1,1,1,2,1,24,34,70,83,1.67,1.91,3.58,0,0,0,0,0,0,1,1,1,0,0,0,0,0,-1,-1,-1,-1,-1,-1,-1,-1,-1,41,63,10,66,FC Arouca,Boavista FC,1.24,1.06,1.13,1.13,1.06,0.73,60,38,1.18,0.85,2.03,34,True,True,True,True,True,False,True,,8.61,74%,86%,Liga_Portugal,2025-05-17 17:00:00
2024-2025,34,0,3,3,2,4,6,6,3,1,0,3,12,4,8,7,20,24,10,43,57,,,7,3,2.55,3.35,2.6,1.3,2.15,3.6,1.91,1.91,1.88,2.4,1.78,1.48,1.4,3.0,2.75,1.36,3,0,2,0,1,1,2,1747501200,174,0,57,0,-1,2,1,2,1,1,4,3,5,1,1,6,2,2,8,1,32,31,83,78,0.89,2.32,3.21,0,0,0,0,0,0,1,1,0,0,1,0,1,1,-1,-1,-1,-1,-1,-1,-1,-1,-1,47,69,28,57,AVS,Moreirense FC,0.88,0.82,0.94,0.69,0.82,1.12,54,32,1.1,1.0,2.1,34,True,True,True,False,False,False,False,,,,,Liga_Portugal,2025-05-17 17:00:00
2024-2025,34,3,0,3,2,8,10,1,6,0,1,4,4,6,8,10,12,11,15,62,38,,,1,7,1.37,5.0,7.0,1.2,1.61,2.6,1.95,1.8,1.44,1.71,2.5,1.98,1.29,2.25,3.5,1.57,3,1,0,2,0,2,1,1747501200,82,0,41,0,-1,2,1,1,4,1,4,5,5,1,3,0,4,4,4,1,39,29,98,70,1.2,1.25,2.45,1,1,1,0,0,1,1,1,1,0,0,1,0,0,-1,-1,-1,-1,-1,-1,-1,-1,-1,41,78,22,75,Porto,CD Nacional,2.47,0.59,2.44,0.63,2.06,1.03,60,22,1.79,1.21,3.0,34,True,True,True,False,False,False,False,,8.75,56%,64%,Liga_Portugal,2025-05-17 17:00:00
2024-2025,34,2,1,3,13,4,17,2,6,0,0,3,1,14,2,17,3,14,15,55,45,,,2,6,1.97,3.3,3.85,1.3,2.0,3.2,1.8,1.95,1.53,1.85,2.28,1.81,1.36,2.75,3.0,1.4,3,1,0,1,1,2,1,1747418400,1033,0,44,0,-1,2,1,6,1,7,3,7,10,2,3,0,3,5,3,1,53,27,85,69,1.66,0.47,2.13,0,0,0,0,0,0,1,1,0,0,1,0,0,0,-1,-1,-1,-1,-1,-1,-1,-1,-1,38,69,13,53,Famalicão,Casa Pia,1.65,1.0,1.56,1.06,1.33,1.36,63,32,1.14,0.94,2.08,34,True,True,True,False,False,False,True,,2.77,71%,16%,Liga_Portugal,2025-05-16 18:00:00
2024-2025,34,1,1,2,6,6,12,3,2,1,0,8,2,11,12,19,14,15,8,41,59,,,4,2,4.0,3.9,1.77,1.18,1.57,2.4,1.62,2.2,1.45,1.73,2.48,1.95,1.25,2.25,3.75,1.57,2,1,0,0,1,1,1,1747501200,-1,0,53,0,-1,2,1,4,3,2,3,7,5,0,2,4,0,2,4,1,38,68,107,106,2.04,1.52,3.55,1,0,1,0,0,0,1,1,0,0,3,2,0,0,-1,-1,-1,-1,-1,-1,-1,-1,-1,56,88,38,85,Sporting Braga,Benfica,1.88,2.12,1.94,2.19,1.97,2.39,44,13,1.59,1.68,3.27,34,True,True,False,False,False,False,True,,3.89,37%,96%,Liga_Portugal,2025-05-17 17:00:00
2024-2025,34,2,0,2,7,1,8,3,4,0,0,7,0,10,3,17,3,14,17,54,46,,,3,4,1.29,5.4,9.0,1.2,1.61,2.55,2.05,1.7,1.4,1.65,2.65,2.04,1.29,2.25,3.5,1.57,2,0,0,2,0,2,0,1747501200,114,0,57,0,-1,2,1,4,0,3,1,4,4,1,3,2,1,4,3,1,53,17,105,63,1.95,0.32,2.27,0,0,0,0,0,0,1,1,0,0,1,0,1,1,-1,-1,-1,-1,-1,-1,-1,-1,-1,51,72,38,75,Sporting CP,Vitória Guimarães,2.59,1.29,2.56,1.38,2.39,1.64,51,29,1.99,1.33,3.32,34,True,True,False,False,False,False,False,,10.85,66%,15%,Liga_Portugal,2025-05-17 17:00:00
2024-2025,34,1,1,2,6,7,13,1,0,0,0,2,3,4,8,6,11,11,8,54,46,,,1,0,2.55,3.15,2.8,1.3,1.95,3.35,1.7,2.05,1.52,1.84,2.32,1.82,1.36,2.75,3.0,1.4,2,1,1,0,0,0,2,1747418400,-1,0,60,0,-1,2,1,4,3,2,4,7,6,1,0,0,0,1,0,1,32,38,69,101,0.76,1.19,1.95,0,0,0,0,0,0,1,1,0,0,0,1,0,0,-1,-1,-1,-1,-1,-1,-1,-1,-1,53,82,22,72,Rio Ave FC,Gil Vicente,1.53,0.82,1.56,0.81,1.12,1.0,47,19,1.26,0.86,2.12,34,True,True,False,False,False,False,True,,8.03,77%,23%,Liga_Portugal,2025-05-16 18:00:00
2024-2025,34,4,0,4,4,4,8,2,2,0,0,7,2,4,9,11,11,18,13,50,50,,,2,2,2.5,3.4,2.62,1.33,1.91,3.5,1.75,2.0,1.48,1.77,2.4,1.89,1.4,3.0,2.75,1.36,4,4,0,0,0,0,4,1747501200,164,0,41,0,-1,2,1,2,1,2,3,3,5,1,1,1,1,2,2,1,35,34,73,112,1.44,1.09,2.53,0,0,0,0,0,0,1,1,2,0,0,0,0,0,-1,-1,-1,-1,-1,-1,-1,-1,-1,38,63,32,60,GD Estoril Praia,Estrela Amadora,1.47,0.59,1.38,0.63,1.3,0.88,63,38,1.05,0.97,2.02,34,True,True,True,True,False,False,False,,7,80%,8%,Liga_Portugal,2025-05-17 17:00:00
