season,game_week,homeGoalCount,awayGoalCount,totalGoalCount,team_a_corners,team_b_corners,totalCornerCount,team_a_yellow_cards,team_b_yellow_cards,team_a_red_cards,team_b_red_cards,team_a_shotsOnTarget,team_b_shotsOnTarget,team_a_shotsOffTarget,team_b_shotsOffTarget,team_a_shots,team_b_shots,team_a_fouls,team_b_fouls,team_a_possession,team_b_possession,stadium_name,stadium_location,team_a_cards_num,team_b_cards_num,avg_odds_ft_1,avg_odds_ft_x,avg_odds_ft_2,avg_odds_ft_over15,avg_odds_ft_over25,avg_odds_ft_over35,avg_odds_btts_yes,avg_odds_btts_no,avg_odds_corners_over_85,avg_odds_corners_over_95,avg_odds_corners_under_85,avg_odds_corners_under_95,avg_odds_1st_half_over05,avg_odds_1st_half_over15,avg_odds_1st_half_under05,avg_odds_1st_half_under15,overallGoalCount,ht_goals_team_a,ht_goals_team_b,goals_2hg_team_a,goals_2hg_team_b,GoalCount_2hg,HTGoalCount,date_unix,winningTeam,no_home_away,btts_potential,goalTimingDisabled,attendance,corner_timings_recorded,card_timings_recorded,team_a_fh_corners,team_b_fh_corners,team_a_2h_corners,team_b_2h_corners,corner_fh_count,corner_2h_count,team_a_fh_cards,team_b_fh_cards,team_a_2h_cards,team_b_2h_cards,total_fh_cards,total_2h_cards,attacks_recorded,team_a_dangerous_attacks,team_b_dangerous_attacks,team_a_attacks,team_b_attacks,team_a_xg,team_b_xg,total_xg,team_a_penalties_won,team_b_penalties_won,team_a_penalty_goals,team_b_penalty_goals,team_a_penalty_missed,team_b_penalty_missed,pens_recorded,goal_timings_recorded,team_a_0_10_min_goals,team_b_0_10_min_goals,team_a_corners_0_10_min,team_b_corners_0_10_min,team_a_cards_0_10_min,team_b_cards_0_10_min,throwins_recorded,team_a_throwins,team_b_throwins,freekicks_recorded,team_a_freekicks,team_b_freekicks,goalkicks_recorded,team_a_goalkicks,team_b_goalkicks,o25_potential,o15_potential,o15HT_potential,o05HT_potential,home_name,away_name,home_ppg,away_ppg,pre_match_home_ppg,pre_match_away_ppg,pre_match_teamA_overall_ppg,pre_match_teamB_overall_ppg,u25_potential,u15_potential,team_a_xg_prematch,team_b_xg_prematch,total_xg_prematch,matches_completed_minimum,over05,over15,over25,over35,over45,over55,btts,league,temperature_celsius,wind_speed,humidity,clouds,date
2016-2017,1,1,2,3,5,1,6,2,0,0,0,4,3,4,5,8,8,11,14,50,50,Estádio José Arcanjo,"Apartado 104, Rua da Feira, Olhão",2,0,2.83,3.18,2.76,0.0,0.0,0.0,0.0,0.0,0.0,0.0,0.0,0.0,0.0,0.0,0.0,0.0,3,0,1,1,1,2,1,1470478500,179,0,0,0,821,-1,1,-1,-1,-1,-1,-1,-1,0,0,2,0,0,2,-1,0,0,0,0,0.0,0.0,0.0,0,0,0,0,0,0,1,1,0,0,-1,-1,0,0,-1,-1,-1,-1,-1,-1,-1,-1,-1,0,0,0,0,SC Olhanense,Associação Académica de Coimbra OAF,0.9,1.0,0.0,0.0,0.0,0.0,0,0,0.0,0.0,0.0,42,True,True,True,False,False,False,True,LigaPro_Portugal_2a_división,,,,,2016-08-06 10:15:00
2016-2017,1,0,1,1,6,6,12,2,2,0,0,5,5,12,2,17,7,16,9,52,48,Estádio Municipal do Fontelo,"Avenida José Relvas, Viseu",2,2,2.33,3.25,3.41,0.0,0.0,0.0,0.0,0.0,0.0,0.0,0.0,0.0,0.0,0.0,0.0,0.0,1,0,0,0,1,1,0,1470495600,4841,0,0,0,627,-1,1,-1,-1,-1,-1,-1,-1,1,1,1,1,2,2,-1,0,0,0,0,0.0,0.0,0.0,0,0,0,0,0,0,1,1,0,0,-1,-1,0,0,-1,-1,-1,-1,-1,-1,-1,-1,-1,0,0,0,0,Academico Viseu,FC Vizela,1.29,0.95,0.0,0.0,0.0,0.0,0,0,0.0,0.0,0.0,42,True,False,False,False,False,False,False,LigaPro_Portugal_2a_división,,,,,2016-08-06 15:00:00
2016-2017,1,1,2,3,0,9,9,0,3,0,0,2,9,1,6,3,15,18,14,47,53,CGD Stadium Aurélio Pereira,", Alcochete",0,3,2.36,3.25,3.34,0.0,0.0,0.0,0.0,0.0,0.0,0.0,0.0,0.0,0.0,0.0,0.0,0.0,3,1,0,0,2,2,1,1470495600,1025,0,0,0,195,-1,1,-1,-1,-1,-1,-1,-1,0,1,0,2,1,2,-1,0,0,0,0,0.0,0.0,0.0,1,0,1,0,0,0,1,1,0,0,-1,-1,0,0,-1,-1,-1,-1,-1,-1,-1,-1,-1,0,0,0,0,Sporting CP II,Portimonense,1.48,1.52,0.0,0.0,0.0,0.0,0,0,0.0,0.0,0.0,42,True,True,True,False,False,False,True,LigaPro_Portugal_2a_división,,,,,2016-08-06 15:00:00
2016-2017,1,2,1,3,7,6,13,7,3,0,0,5,3,8,4,13,7,19,12,58,42,"Estádio de São Miguel (Ponta Delgada, Ilha de São Miguel, Açores)","Rua Comandante Jaime de Sousa 21, Ponta Delgada, Ilha de São Miguel, Açores",7,3,2.27,3.28,3.51,0.0,0.0,0.0,0.0,0.0,0.0,0.0,0.0,0.0,0.0,0.0,0.0,0.0,3,0,1,2,0,2,1,1470499200,1028,0,0,0,614,-1,1,-1,-1,-1,-1,-1,-1,2,0,5,3,2,8,-1,0,0,0,0,0.0,0.0,0.0,0,0,0,0,0,0,1,1,0,0,-1,-1,0,0,-1,-1,-1,-1,-1,-1,-1,-1,-1,0,0,0,0,Santa Clara,Vitória Guimarães II,1.86,0.62,0.0,0.0,0.0,0.0,0,0,0.0,0.0,0.0,42,True,True,True,False,False,False,True,LigaPro_Portugal_2a_división,,,,,2016-08-06 16:00:00
2016-2017,1,1,1,2,2,3,5,1,3,0,0,3,3,7,4,10,7,11,18,53,47,Estádio 1º de Maio,", Braga",1,3,1.8,3.58,5.16,0.0,0.0,0.0,0.0,0.0,0.0,0.0,0.0,0.0,0.0,0.0,0.0,0.0,2,0,1,1,0,1,1,1470499200,-1,0,0,0,740,-1,1,-1,-1,-1,-1,-1,-1,0,0,1,3,0,4,-1,0,0,0,0,0.0,0.0,0.0,0,0,0,0,0,0,1,1,0,0,-1,-1,0,0,-1,-1,-1,-1,-1,-1,-1,-1,-1,0,0,0,0,Sporting Braga II,Fafe,1.76,1.29,0.0,0.0,0.0,0.0,0,0,0.0,0.0,0.0,42,True,True,False,False,False,False,True,LigaPro_Portugal_2a_división,,,,,2016-08-06 16:00:00
2016-2017,1,0,1,1,11,4,15,1,2,0,0,5,2,5,3,10,5,7,14,55,45,Complexo Desportivo do SC Freamunde,"Rua do Sport Clube de Freamunde, Freamunde",1,2,2.55,3.15,3.12,0.0,0.0,0.0,0.0,0.0,0.0,0.0,0.0,0.0,0.0,0.0,0.0,0.0,1,0,0,0,1,1,0,1470499200,178,0,0,0,679,-1,1,-1,-1,-1,-1,-1,-1,1,0,0,2,1,2,-1,0,0,0,0,0.0,0.0,0.0,0,0,0,0,0,0,1,1,0,0,-1,-1,0,0,-1,-1,-1,-1,-1,-1,-1,-1,-1,0,0,0,0,Freamunde,CF União,1.14,1.14,0.0,0.0,0.0,0.0,0,0,0.0,0.0,0.0,42,True,False,False,False,False,False,False,LigaPro_Portugal_2a_división,,,,,2016-08-06 16:00:00
2016-2017,1,1,0,1,4,3,7,0,2,0,0,8,5,2,3,10,8,9,17,49,51,Estádio Municipal 25 de Abril,"Rua Futebol Clube de Penafiel, Penafiel",0,2,2.27,3.16,3.66,0.0,0.0,0.0,0.0,0.0,0.0,0.0,0.0,0.0,0.0,0.0,0.0,0.0,1,0,0,1,0,1,0,1470499200,182,0,0,0,561,-1,1,-1,-1,-1,-1,-1,-1,0,0,0,2,0,2,-1,0,0,0,0,0.0,0.0,0.0,0,0,0,0,0,0,1,1,0,0,-1,-1,0,0,-1,-1,-1,-1,-1,-1,-1,-1,-1,0,0,0,0,FC Penafiel,Sporting Covilhã,2.14,1.29,0.0,0.0,0.0,0.0,0,0,0.0,0.0,0.0,42,True,False,False,False,False,False,False,LigaPro_Portugal_2a_división,,,,,2016-08-06 16:00:00
2016-2017,1,0,0,0,-1,-1,-1,1,2,0,0,-1,-1,-1,-1,-1,-1,-1,-1,-1,-1,Estádio do Mar,"Lugar da Cruz de Pau, Matosinhos",1,2,2.63,3.2,2.96,0.0,0.0,0.0,0.0,0.0,0.0,0.0,0.0,0.0,0.0,0.0,0.0,0.0,0,0,0,0,0,0,0,1470499200,-1,0,0,0,-1,-1,1,-1,-1,-1,-1,-1,-1,0,0,1,2,0,3,-1,0,0,0,0,0.0,0.0,0.0,0,0,0,0,0,0,1,1,0,0,-1,-1,0,0,-1,-1,-1,-1,-1,-1,-1,-1,-1,0,0,0,0,Leixões,Famalicão,1.38,0.81,0.0,0.0,0.0,0.0,0,0,0.0,0.0,0.0,42,False,False,False,False,False,False,False,LigaPro_Portugal_2a_división,,,,,2016-08-06 16:00:00
2016-2017,1,1,1,2,3,1,4,0,0,0,0,5,3,12,4,17,7,11,17,57,43,Caixa Futebol Campus,", Seixal",0,0,1.67,3.9,5.76,0.0,0.0,0.0,0.0,0.0,0.0,0.0,0.0,0.0,0.0,0.0,0.0,0.0,2,1,1,0,0,0,2,1470502800,-1,0,0,0,1331,-1,-1,-1,-1,-1,-1,-1,-1,0,0,0,0,0,0,-1,0,0,0,0,0.0,0.0,0.0,0,0,0,0,0,0,1,1,0,0,-1,-1,-1,-1,-1,-1,-1,-1,-1,-1,-1,-1,-1,0,0,0,0,Benfica II,Cova Piedade,1.9,0.9,0.0,0.0,0.0,0.0,0,0,0.0,0.0,0.0,42,True,True,False,False,False,False,True,LigaPro_Portugal_2a_división,,,,,2016-08-06 17:00:00
2016-2017,1,1,0,1,3,5,8,3,2,0,0,4,2,2,5,6,7,20,9,45,55,Estádio Cidade de Barcelos,"strada Nacional 103, Vila Boa, Barcelos",3,2,2.1,3.31,3.97,0.0,0.0,0.0,0.0,0.0,0.0,0.0,0.0,0.0,0.0,0.0,0.0,0.0,1,1,0,0,0,0,1,1470502800,183,0,0,0,1227,-1,1,-1,-1,-1,-1,-1,-1,1,0,2,2,1,4,-1,0,0,0,0,0.0,0.0,0.0,0,0,0,0,0,0,1,1,1,0,-1,-1,0,0,-1,-1,-1,-1,-1,-1,-1,-1,-1,0,0,0,0,Gil Vicente,Varzim,1.81,1.43,0.0,0.0,0.0,0.0,0,0,0.0,0.0,0.0,42,True,False,False,False,False,False,False,LigaPro_Portugal_2a_división,,,,,2016-08-06 17:00:00
2016-2017,1,2,1,3,8,5,13,2,1,0,0,4,3,8,2,12,5,12,16,46,54,Estádio Clube Desportivo das Aves,"Rua Luís Gonzaga Mendes de Carvalho 265, Vila das Aves",2,1,2.75,3.2,2.82,0.0,0.0,0.0,0.0,0.0,0.0,0.0,0.0,0.0,0.0,0.0,0.0,0.0,3,1,1,1,0,1,2,1470564900,1024,0,0,0,620,-1,1,-1,-1,-1,-1,-1,-1,1,1,1,0,2,1,-1,0,0,0,0,0.0,0.0,0.0,0,0,0,0,0,0,1,1,1,0,-1,-1,0,0,-1,-1,-1,-1,-1,-1,-1,-1,-1,0,0,0,0,CD Aves,Porto II,2.33,1.14,0.0,0.0,0.0,0.0,0,0,0.0,0.0,0.0,42,True,True,True,False,False,False,True,LigaPro_Portugal_2a_división,,,,,2016-08-07 10:15:00
2016-2017,2,1,1,2,6,3,9,2,1,0,0,5,3,3,2,8,5,11,15,53,47,Estádio Dom Afonso Henriques,"Rua de São Gonçalo 505, Guimarães",2,1,2.96,3.12,2.69,0.0,0.0,0.0,0.0,0.0,0.0,0.0,0.0,0.0,0.0,0.0,0.0,0.0,2,0,1,1,0,1,1,1471021200,-1,0,0,0,2959,-1,1,-1,-1,-1,-1,-1,-1,1,0,1,1,1,2,-1,0,0,0,0,0.0,0.0,0.0,0,1,0,1,0,0,1,1,0,1,-1,-1,0,0,-1,-1,-1,-1,-1,-1,-1,-1,-1,0,0,0,0,Vitória Guimarães II,CD Aves,2.24,1.52,0.0,0.0,0.0,3.0,0,0,0.0,0.0,0.0,42,True,True,False,False,False,False,True,LigaPro_Portugal_2a_división,,,,,2016-08-12 17:00:00
2016-2017,2,2,0,2,5,7,12,2,2,0,0,6,7,4,8,10,15,13,13,44,56,Estádio Varzim Sport Club,"Rua do Varzim Sport Club, Póvoa de Varzim",2,2,2.31,3.27,3.43,0.0,0.0,0.0,0.0,0.0,0.0,0.0,0.0,0.0,0.0,0.0,0.0,0.0,2,1,0,1,0,1,1,1471083300,1034,0,0,0,2158,-1,1,-1,-1,-1,-1,-1,-1,2,0,0,2,2,2,-1,0,0,0,0,0.0,0.0,0.0,0,0,0,0,0,0,1,1,1,0,-1,-1,0,0,-1,-1,-1,-1,-1,-1,-1,-1,-1,0,0,0,0,Varzim,Benfica II,1.48,1.1,0.0,0.0,0.0,1.0,0,0,0.0,0.0,0.0,42,True,True,False,False,False,False,False,LigaPro_Portugal_2a_división,,,,,2016-08-13 10:15:00
2016-2017,2,1,1,2,3,1,4,2,2,0,0,5,2,8,6,13,8,18,14,56,44,Estádio do Centro Desportivo da Madeira,"VE4 65, Madeira",2,2,1.85,3.32,5.28,0.0,0.0,0.0,0.0,0.0,0.0,0.0,0.0,0.0,0.0,0.0,0.0,0.0,2,1,0,0,1,1,1,1471100400,-1,0,0,0,723,-1,1,-1,-1,-1,-1,-1,-1,1,1,1,1,2,2,-1,0,0,0,0,0.0,0.0,0.0,0,0,0,0,0,0,1,1,0,0,-1,-1,1,0,-1,-1,-1,-1,-1,-1,-1,-1,-1,0,0,0,0,CF União,Sporting Braga II,1.9,1.19,0.0,0.0,3.0,1.0,0,0,0.0,0.0,0.0,42,True,True,False,False,False,False,True,LigaPro_Portugal_2a_división,,,,,2016-08-13 15:00:00
2016-2017,2,2,2,4,4,3,7,2,1,1,0,4,2,4,3,8,5,13,15,49,51,Estádio Do Vizela (Caldas de Vizela),,4,1,2.46,3.1,3.32,0.0,0.0,0.0,0.0,0.0,0.0,0.0,0.0,0.0,0.0,0.0,0.0,0.0,4,1,1,1,1,2,2,1471100400,-1,0,0,0,1890,-1,1,-1,-1,-1,-1,-1,-1,1,0,2,1,1,3,-1,0,0,0,0,0.0,0.0,0.0,1,0,1,0,0,0,1,1,0,0,-1,-1,0,0,-1,-1,-1,-1,-1,-1,-1,-1,-1,0,0,0,0,FC Vizela,Gil Vicente,1.24,0.86,0.0,0.0,3.0,3.0,0,0,0.0,0.0,0.0,42,True,True,True,True,False,False,True,LigaPro_Portugal_2a_división,,,,,2016-08-13 15:00:00
2016-2017,2,4,2,6,9,4,13,2,5,0,0,4,4,7,7,11,11,21,22,63,37,Estádio Municipal 22 de Junho,"Alameda dos Bargos, Vila Nova de Famalicão",2,5,1.94,3.3,4.71,0.0,0.0,0.0,0.0,0.0,0.0,0.0,0.0,0.0,0.0,0.0,0.0,0.0,6,2,0,2,2,4,2,1471104000,1033,0,0,0,2995,-1,1,-1,-1,-1,-1,-1,-1,0,1,2,4,1,6,-1,0,0,0,0,0.0,0.0,0.0,1,0,1,0,0,0,1,1,0,0,-1,-1,0,0,-1,-1,-1,-1,-1,-1,-1,-1,-1,0,0,0,0,Famalicão,SC Olhanense,1.71,0.43,0.0,0.0,1.0,0.0,0,0,0.0,0.0,0.0,42,True,True,True,True,True,True,True,LigaPro_Portugal_2a_división,,,,,2016-08-13 16:00:00
2016-2017,2,1,2,3,6,2,8,0,2,0,1,5,5,6,5,11,10,5,13,52,48,Estádio Municipal José dos Santos Pinto,"Rua Viriato, Covilhã",0,3,1.93,3.35,4.7,0.0,0.0,0.0,0.0,0.0,0.0,0.0,0.0,0.0,0.0,0.0,0.0,0.0,3,1,0,0,2,2,1,1471169700,1029,0,0,0,500,-1,1,-1,-1,-1,-1,-1,-1,0,0,0,3,0,3,-1,0,0,0,0,0.0,0.0,0.0,0,0,0,0,0,0,1,1,0,0,-1,-1,0,0,-1,-1,-1,-1,-1,-1,-1,-1,-1,0,0,0,0,Sporting Covilhã,Sporting CP II,1.67,1.14,0.0,0.0,0.0,0.0,0,0,0.0,0.0,0.0,42,True,True,True,False,False,False,True,LigaPro_Portugal_2a_división,,,,,2016-08-14 10:15:00
2016-2017,2,0,1,1,3,1,4,2,4,0,0,4,3,10,2,14,5,16,21,65,35,Estádio EFAPEL,"Rua Dom Manuel I, Coimbra",2,4,2.09,3.19,4.22,0.0,0.0,0.0,0.0,0.0,0.0,0.0,0.0,0.0,0.0,0.0,0.0,0.0,1,0,1,0,0,0,1,1471186800,1028,0,0,0,3003,-1,1,-1,-1,-1,-1,-1,-1,0,3,2,1,3,3,-1,0,0,0,0,0.0,0.0,0.0,0,0,0,0,0,0,1,1,0,1,-1,-1,0,0,-1,-1,-1,-1,-1,-1,-1,-1,-1,0,0,0,0,Associação Académica de Coimbra OAF,Santa Clara,1.95,1.0,0.0,0.0,3.0,3.0,0,0,0.0,0.0,0.0,42,True,False,False,False,False,False,False,LigaPro_Portugal_2a_división,,,,,2016-08-14 15:00:00
2016-2017,2,2,2,4,7,5,12,3,3,0,1,9,6,6,2,15,8,13,17,52,48,Estádio Dr. Machado de Matos,", ",3,5,2.64,3.02,3.12,0.0,0.0,0.0,0.0,0.0,0.0,0.0,0.0,0.0,0.0,0.0,0.0,0.0,4,0,0,2,2,4,0,1471190400,-1,0,0,0,1698,-1,1,-1,-1,-1,-1,-1,-1,1,1,2,3,2,5,-1,0,0,0,0,0.0,0.0,0.0,0,0,0,0,0,0,1,1,0,0,-1,-1,0,0,-1,-1,-1,-1,-1,-1,-1,-1,-1,0,0,0,0,Fafe,Freamunde,0.86,0.76,0.0,0.0,1.0,0.0,0,0,0.0,0.0,0.0,42,True,True,True,True,False,False,True,LigaPro_Portugal_2a_división,,,,,2016-08-14 16:00:00
2016-2017,2,1,0,1,7,5,12,1,3,0,0,5,6,6,6,11,12,17,13,58,42,Estádio Dr. Jorge Sampaio,"Rua da Paradela, Pedroso, Vila Nova de Gaia",1,3,1.83,3.64,4.76,0.0,0.0,0.0,0.0,0.0,0.0,0.0,0.0,0.0,0.0,0.0,0.0,0.0,1,0,0,1,0,1,0,1471190400,1037,0,0,0,690,-1,1,-1,-1,-1,-1,-1,-1,0,1,1,2,1,3,-1,0,0,0,0,0.0,0.0,0.0,1,0,1,0,0,0,1,1,0,0,-1,-1,0,0,-1,-1,-1,-1,-1,-1,-1,-1,-1,0,0,0,0,Porto II,Academico Viseu,1.71,1.19,0.0,0.0,0.0,0.0,0,0,0.0,0.0,0.0,42,True,False,False,False,False,False,False,LigaPro_Portugal_2a_división,,,,,2016-08-14 16:00:00
2016-2017,2,1,0,1,2,4,6,4,2,0,0,3,8,2,7,5,15,23,15,44,56,Caixa Futebol Campus,", Seixal",4,2,2.24,3.12,3.8,0.0,0.0,0.0,0.0,0.0,0.0,0.0,0.0,0.0,0.0,0.0,0.0,0.0,1,1,0,0,0,0,1,1471190400,1036,0,0,0,372,-1,1,-1,-1,-1,-1,-1,-1,2,0,2,2,2,4,-1,0,0,0,0,0.0,0.0,0.0,0,0,0,0,0,0,1,1,0,0,-1,-1,0,0,-1,-1,-1,-1,-1,-1,-1,-1,-1,0,0,0,0,Cova Piedade,Leixões,1.62,0.81,0.0,0.0,1.0,1.0,0,0,0.0,0.0,0.0,42,True,False,False,False,False,False,False,LigaPro_Portugal_2a_división,,,,,2016-08-14 16:00:00
2016-2017,2,3,2,5,8,8,16,3,4,1,0,5,3,2,3,7,6,15,16,55,45,Estádio do Portimonense SC (Portimão),"Avenida Zeca Afonso Portimão, Portimão",5,4,1.91,3.27,4.99,0.0,0.0,0.0,0.0,0.0,0.0,0.0,0.0,0.0,0.0,0.0,0.0,0.0,5,2,1,1,1,2,3,1471190400,1025,0,0,0,1472,-1,1,-1,-1,-1,-1,-1,-1,1,0,3,4,1,7,-1,0,0,0,0,0.0,0.0,0.0,0,0,0,0,0,0,1,1,0,0,-1,-1,0,0,-1,-1,-1,-1,-1,-1,-1,-1,-1,0,0,0,0,Portimonense,FC Penafiel,2.43,0.86,0.0,0.0,3.0,3.0,0,0,0.0,0.0,0.0,42,True,True,True,True,True,False,True,LigaPro_Portugal_2a_división,,,,,2016-08-14 16:00:00
2016-2017,3,1,1,2,3,2,5,2,0,1,0,4,4,7,7,11,11,16,10,56,44,Caixa Futebol Campus,", Seixal",3,0,2.17,3.33,3.71,0.0,0.0,0.0,0.0,0.0,0.0,0.0,0.0,0.0,0.0,0.0,0.0,0.0,2,1,0,0,1,1,1,1471626000,-1,0,100,0,828,-1,1,-1,-1,-1,-1,-1,-1,1,0,2,0,1,2,-1,0,0,0,0,0.0,0.0,0.0,0,0,0,0,0,0,1,1,0,0,-1,-1,1,0,-1,-1,-1,-1,-1,-1,-1,-1,-1,50,100,100,100,Benfica II,Gil Vicente,1.9,0.86,1.0,1.0,0.5,2.0,50,0,0.0,0.0,0.0,42,True,True,False,False,False,False,True,LigaPro_Portugal_2a_división,,,,,2016-08-19 17:00:00
2016-2017,3,2,0,2,2,5,7,2,2,0,0,0,3,5,0,5,3,17,20,46,54,Estádio do Portimonense SC (Portimão),"Avenida Zeca Afonso Portimão, Portimão",2,2,1.78,3.4,5.69,0.0,0.0,0.0,0.0,0.0,0.0,0.0,0.0,0.0,0.0,0.0,0.0,0.0,2,2,0,0,0,0,2,1471705200,1025,0,50,0,1206,-1,1,-1,-1,-1,-1,-1,-1,1,1,1,1,2,2,-1,0,0,0,0,0.0,0.0,0.0,0,0,0,0,0,0,1,1,1,0,-1,-1,0,0,-1,-1,-1,-1,-1,-1,-1,-1,-1,50,50,50,50,Portimonense,CF União,2.43,1.14,3.0,3.0,3.0,2.0,50,50,0.0,0.0,0.0,42,True,True,False,False,False,False,False,LigaPro_Portugal_2a_división,,,,,2016-08-20 15:00:00
2016-2017,3,0,0,0,2,4,6,2,0,0,0,0,3,4,5,4,8,10,11,46,54,Estádio José Arcanjo,"Apartado 104, Rua da Feira, Olhão",2,0,2.96,3.05,2.74,0.0,0.0,0.0,0.0,0.0,0.0,0.0,0.0,0.0,0.0,0.0,0.0,0.0,0,0,0,0,0,0,0,1471705200,-1,0,50,0,282,-1,1,-1,-1,-1,-1,-1,-1,1,0,1,0,1,1,-1,0,0,0,0,0.0,0.0,0.0,0,0,0,0,0,0,1,1,0,0,-1,-1,0,0,-1,-1,-1,-1,-1,-1,-1,-1,-1,50,50,0,50,SC Olhanense,Sporting Covilhã,0.9,1.29,0.0,0.0,0.0,0.0,50,50,0.0,0.0,0.0,42,False,False,False,False,False,False,False,LigaPro_Portugal_2a_división,,,,,2016-08-20 15:00:00
2016-2017,3,2,4,6,7,9,16,1,1,0,0,7,4,6,6,13,10,13,9,48,52,CGD Stadium Aurélio Pereira,", Alcochete",1,1,2.11,3.31,3.94,0.0,0.0,0.0,0.0,0.0,0.0,0.0,0.0,0.0,0.0,0.0,0.0,0.0,6,2,1,0,3,3,3,1471705200,4885,0,100,0,256,-1,1,-1,-1,-1,-1,-1,-1,0,0,1,1,0,2,-1,0,0,0,0,0.0,0.0,0.0,0,0,0,0,0,0,1,1,0,0,-1,-1,0,0,-1,-1,-1,-1,-1,-1,-1,-1,-1,50,100,0,100,Sporting CP II,Fafe,1.48,1.29,0.0,1.0,1.5,1.0,50,0,0.0,0.0,0.0,42,True,True,True,True,True,True,True,LigaPro_Portugal_2a_división,,,,,2016-08-20 15:00:00
2016-2017,3,2,1,3,6,7,13,2,2,0,0,7,5,2,5,9,10,15,16,45,55,"Estádio de São Miguel (Ponta Delgada, Ilha de São Miguel, Açores)","Rua Comandante Jaime de Sousa 21, Ponta Delgada, Ilha de São Miguel, Açores",2,2,2.62,3.06,3.1,0.0,0.0,0.0,0.0,0.0,0.0,0.0,0.0,0.0,0.0,0.0,0.0,0.0,3,1,0,1,1,2,1,1471708800,1028,0,50,0,784,-1,1,-1,-1,-1,-1,-1,-1,2,0,0,2,2,2,-1,0,0,0,0,0.0,0.0,0.0,0,0,0,0,0,0,1,1,0,0,-1,-1,0,0,-1,-1,-1,-1,-1,-1,-1,-1,-1,50,50,0,50,Santa Clara,Famalicão,1.86,0.81,3.0,1.0,3.0,2.0,50,50,0.0,0.0,0.0,42,True,True,True,False,False,False,True,LigaPro_Portugal_2a_división,,,,,2016-08-20 16:00:00
2016-2017,3,2,2,4,11,0,11,3,2,1,0,4,4,11,1,15,5,15,18,65,35,Estádio Clube Desportivo das Aves,"Rua Luís Gonzaga Mendes de Carvalho 265, Vila das Aves",4,2,1.89,3.36,4.9,0.0,0.0,0.0,0.0,0.0,0.0,0.0,0.0,0.0,0.0,0.0,0.0,0.0,4,0,1,2,1,3,1,1471708800,-1,0,50,0,854,-1,1,-1,-1,-1,-1,-1,-1,2,0,2,2,2,4,-1,0,0,0,0,0.0,0.0,0.0,0,1,0,1,0,0,1,1,0,0,-1,-1,0,0,-1,-1,-1,-1,-1,-1,-1,-1,-1,50,50,50,50,CD Aves,FC Vizela,2.33,0.95,3.0,3.0,2.0,2.0,50,50,0.0,0.0,0.0,42,True,True,True,True,False,False,True,LigaPro_Portugal_2a_división,,,,,2016-08-20 16:00:00
2016-2017,3,0,1,1,2,2,4,0,3,0,0,6,2,9,1,15,3,14,20,68,32,Estádio 1º de Maio,", Braga",0,3,2.2,3.19,3.8,0.0,0.0,0.0,0.0,0.0,0.0,0.0,0.0,0.0,0.0,0.0,0.0,0.0,1,0,1,0,0,0,1,1471708800,1036,0,100,0,250,-1,1,-1,-1,-1,-1,-1,-1,0,1,0,2,1,2,-1,0,0,0,0,0.0,0.0,0.0,0,0,0,0,0,0,1,1,0,0,-1,-1,0,0,-1,-1,-1,-1,-1,-1,-1,-1,-1,0,100,50,100,Sporting Braga II,Cova Piedade,1.76,0.9,1.0,1.0,1.0,2.0,100,0,0.0,0.0,0.0,42,True,False,False,False,False,False,False,LigaPro_Portugal_2a_división,,,,,2016-08-20 16:00:00
2016-2017,3,0,1,1,4,3,7,5,3,0,0,6,6,7,4,13,10,15,20,63,37,Complexo Desportivo do SC Freamunde,"Rua do Sport Clube de Freamunde, Freamunde",5,3,1.83,3.43,5.17,0.0,0.0,0.0,0.0,0.0,0.0,0.0,0.0,0.0,0.0,0.0,0.0,0.0,1,0,0,0,1,1,0,1471708800,1027,0,50,0,583,-1,1,-1,-1,-1,-1,-1,-1,3,1,2,2,4,4,-1,0,0,0,0,0.0,0.0,0.0,0,0,0,0,0,0,1,1,0,0,-1,-1,0,0,-1,-1,-1,-1,-1,-1,-1,-1,-1,50,50,0,50,Freamunde,Vitória Guimarães II,1.14,0.62,0.0,0.0,0.5,0.5,50,50,0.0,0.0,0.0,42,True,False,False,False,False,False,False,LigaPro_Portugal_2a_división,,,,,2016-08-20 16:00:00
2016-2017,3,1,2,3,-1,-1,-1,2,4,0,0,-1,-1,-1,-1,-1,-1,-1,-1,-1,-1,Estádio do Mar,"Lugar da Cruz de Pau, Matosinhos",2,4,2.74,3.23,2.81,0.0,0.0,0.0,0.0,0.0,0.0,0.0,0.0,0.0,0.0,0.0,0.0,0.0,3,1,1,0,1,1,2,1471708800,1037,0,50,0,-1,-1,1,-1,-1,-1,-1,-1,-1,0,2,2,2,2,4,-1,0,0,0,0,0.0,0.0,0.0,0,0,0,0,0,0,1,1,0,0,-1,-1,0,0,-1,-1,-1,-1,-1,-1,-1,-1,-1,50,50,50,50,Leixões,Porto II,1.38,1.14,1.0,0.0,0.5,1.5,50,50,0.0,0.0,0.0,42,True,True,True,False,False,False,True,LigaPro_Portugal_2a_división,,,,,2016-08-20 16:00:00
2016-2017,3,2,2,4,10,7,17,2,3,0,0,7,7,3,4,10,11,10,11,59,41,Estádio Municipal do Fontelo,"Avenida José Relvas, Viseu",2,3,2.24,3.15,3.77,0.0,0.0,0.0,0.0,0.0,0.0,0.0,0.0,0.0,0.0,0.0,0.0,0.0,4,0,1,2,1,3,1,1471708800,-1,0,0,0,588,-1,1,-1,-1,-1,-1,-1,-1,0,2,2,1,2,3,-1,0,0,0,0,0.0,0.0,0.0,0,0,0,0,0,0,1,1,0,0,-1,-1,0,0,-1,-1,-1,-1,-1,-1,-1,-1,-1,0,0,0,50,Academico Viseu,Varzim,1.29,1.43,0.0,0.0,0.0,1.5,100,100,0.0,0.0,0.0,42,True,True,True,True,False,False,True,LigaPro_Portugal_2a_división,,,,,2016-08-20 16:00:00
2016-2017,3,1,0,1,5,2,7,0,0,0,0,6,3,7,0,13,3,20,14,46,54,Estádio Municipal 25 de Abril,"Rua Futebol Clube de Penafiel, Penafiel",0,0,2.51,3.11,3.22,0.0,0.0,0.0,0.0,0.0,0.0,0.0,0.0,0.0,0.0,0.0,0.0,0.0,1,0,0,1,0,1,0,1471774500,182,0,50,0,627,-1,-1,-1,-1,-1,-1,-1,-1,0,0,0,0,0,0,-1,0,0,0,0,0.0,0.0,0.0,1,0,1,0,0,0,1,1,0,0,-1,-1,-1,-1,-1,-1,-1,-1,-1,-1,-1,-1,-1,50,50,0,50,FC Penafiel,Associação Académica de Coimbra OAF,2.14,1.0,3.0,3.0,1.5,1.5,50,50,0.0,0.0,0.0,42,True,False,False,False,False,False,False,LigaPro_Portugal_2a_división,,,,,2016-08-21 10:15:00
2016-2017,4,0,0,0,5,5,10,2,3,0,0,6,5,4,4,10,9,10,13,61,39,Estádio do Centro Desportivo da Madeira,"VE4 65, Madeira",2,3,2.27,3.16,3.66,0.0,0.0,0.0,0.0,0.0,0.0,0.0,0.0,0.0,0.0,0.0,0.0,0.0,0,0,0,0,0,0,0,1472049000,-1,0,100,0,637,-1,1,-1,-1,-1,-1,-1,-1,1,1,1,2,2,3,-1,0,0,0,0,0.0,0.0,0.0,0,0,0,0,0,0,1,1,0,0,-1,-1,1,0,-1,-1,-1,-1,-1,-1,-1,-1,-1,50,100,50,100,CF União,FC Penafiel,1.9,0.86,1.0,0.0,1.33,2.0,50,0,0.0,0.0,0.0,42,False,False,False,False,False,False,False,LigaPro_Portugal_2a_división,,,,,2016-08-24 14:30:00
2016-2017,4,0,0,0,7,10,17,1,1,0,1,4,3,4,4,8,7,14,12,44,56,Estádio EFAPEL,"Rua Dom Manuel I, Coimbra",1,2,2.97,3.18,2.64,0.0,0.0,0.0,0.0,0.0,0.0,0.0,0.0,0.0,0.0,0.0,0.0,0.0,0,0,0,0,0,0,0,1472050800,-1,0,50,0,2311,-1,1,-1,-1,-1,-1,-1,-1,1,1,0,1,2,1,-1,0,0,0,0,0.0,0.0,0.0,0,0,0,0,0,0,1,1,0,0,-1,-1,0,0,-1,-1,-1,-1,-1,-1,-1,-1,-1,50,50,0,100,Associação Académica de Coimbra OAF,Portimonense,1.95,1.52,0.0,3.0,1.0,3.0,50,50,0.0,0.0,0.0,42,False,False,False,False,False,False,False,LigaPro_Portugal_2a_división,,,,,2016-08-24 15:00:00
2016-2017,4,0,0,0,4,7,11,2,1,0,0,4,5,7,8,11,13,11,9,56,44,Estádio Cidade de Barcelos,"strada Nacional 103, Vila Boa, Barcelos",2,1,2.16,3.29,3.79,0.0,0.0,0.0,0.0,0.0,0.0,0.0,0.0,0.0,0.0,0.0,0.0,0.0,0,0,0,0,0,0,0,1472054400,-1,0,0,0,917,-1,1,-1,-1,-1,-1,-1,-1,1,1,1,0,2,1,-1,0,0,0,0,0.0,0.0,0.0,0,0,0,0,0,0,1,1,0,0,-1,-1,0,0,-1,-1,-1,-1,-1,-1,-1,-1,-1,0,0,0,50,Gil Vicente,Academico Viseu,1.81,1.19,3.0,0.0,1.67,0.33,100,100,0.0,0.0,0.0,42,False,False,False,False,False,False,False,LigaPro_Portugal_2a_división,,,,,2016-08-24 16:00:00
2016-2017,4,1,2,3,5,5,10,1,4,1,1,4,7,5,5,9,12,5,19,44,56,Estádio Do Vizela (Caldas de Vizela),,2,5,2.38,3.29,3.26,0.0,0.0,0.0,0.0,0.0,0.0,0.0,0.0,0.0,0.0,0.0,0.0,0.0,3,1,1,0,1,1,2,1472054400,1031,0,50,0,1200,-1,1,-1,-1,-1,-1,-1,-1,0,2,2,3,2,5,-1,0,0,0,0,0.0,0.0,0.0,0,0,0,0,0,0,1,1,1,0,-1,-1,0,0,-1,-1,-1,-1,-1,-1,-1,-1,-1,50,100,50,100,FC Vizela,Benfica II,1.24,1.1,1.0,0.0,1.67,0.67,50,0,0.0,0.0,0.0,42,True,True,True,False,False,False,True,LigaPro_Portugal_2a_división,,,,,2016-08-24 16:00:00
2016-2017,4,2,1,3,8,4,12,1,1,0,0,2,5,6,6,8,11,12,15,64,36,Estádio Dr. Jorge Sampaio,"Rua da Paradela, Pedroso, Vila Nova de Gaia",1,1,1.66,3.86,5.89,0.0,0.0,0.0,0.0,0.0,0.0,0.0,0.0,0.0,0.0,0.0,0.0,0.0,3,0,0,2,1,3,0,1472054400,1037,0,50,0,668,-1,1,-1,-1,-1,-1,-1,-1,0,0,1,1,0,2,-1,0,0,0,0,0.0,0.0,0.0,0,0,0,0,0,0,1,1,0,0,-1,-1,0,0,-1,-1,-1,-1,-1,-1,-1,-1,-1,50,50,50,50,Porto II,SC Olhanense,1.71,0.43,3.0,0.0,2.0,0.33,50,50,0.0,0.0,0.0,42,True,True,True,False,False,False,True,LigaPro_Portugal_2a_división,,,,,2016-08-24 16:00:00
2016-2017,4,1,3,4,3,0,3,2,4,0,0,7,3,4,4,11,7,15,13,59,41,Estádio Municipal José dos Santos Pinto,"Rua Viriato, Covilhã",2,4,1.92,3.32,4.82,0.0,0.0,0.0,0.0,0.0,0.0,0.0,0.0,0.0,0.0,0.0,0.0,0.0,4,0,1,1,2,3,1,1472056200,1035,0,100,0,281,-1,1,-1,-1,-1,-1,-1,-1,1,1,1,3,2,4,-1,0,0,0,0,0.0,0.0,0.0,0,0,0,0,0,0,1,1,0,0,-1,-1,0,0,-1,-1,-1,-1,-1,-1,-1,-1,-1,50,100,0,100,Sporting Covilhã,Sporting Braga II,1.67,1.19,0.0,1.0,0.33,0.67,50,0,0.0,0.0,0.0,42,True,True,True,True,False,False,True,LigaPro_Portugal_2a_división,,,,,2016-08-24 16:30:00
2016-2017,4,1,1,2,2,7,9,1,3,0,0,6,5,9,3,15,8,11,23,51,49,Estádio Municipal 22 de Junho,"Alameda dos Bargos, Vila Nova de Famalicão",1,3,1.83,3.6,4.88,0.0,0.0,0.0,0.0,0.0,0.0,0.0,0.0,0.0,0.0,0.0,0.0,0.0,2,1,0,0,1,1,1,1472058000,-1,0,100,0,2465,-1,1,-1,-1,-1,-1,-1,-1,0,0,1,3,0,4,-1,0,0,0,0,0.0,0.0,0.0,0,0,0,0,0,0,1,1,0,0,-1,-1,0,0,-1,-1,-1,-1,-1,-1,-1,-1,-1,100,100,50,100,Famalicão,Sporting CP II,1.71,1.14,3.0,3.0,1.33,1.0,0,0,0.0,0.0,0.0,42,True,True,False,False,False,False,True,LigaPro_Portugal_2a_división,,,,,2016-08-24 17:00:00
2016-2017,5,1,2,3,12,2,14,2,3,0,0,9,8,21,2,30,10,8,16,64,36,Estádio Clube Desportivo das Aves,"Rua Luís Gonzaga Mendes de Carvalho 265, Vila das Aves",2,3,2.07,3.38,3.99,0.0,0.0,0.0,0.0,0.0,0.0,0.0,0.0,0.0,0.0,0.0,0.0,0.0,3,0,1,1,1,2,1,1472379300,1031,0,75,0,606,-1,1,-1,-1,-1,-1,-1,-1,2,0,0,3,2,3,-1,0,0,0,0,0.0,0.0,0.0,0,0,0,0,0,0,1,1,0,0,-1,-1,0,0,-1,-1,-1,-1,-1,-1,-1,-1,-1,75,100,50,100,CD Aves,Benfica II,2.33,1.1,2.0,1.5,1.67,1.25,25,0,0.0,0.0,0.0,42,True,True,True,False,False,False,True,LigaPro_Portugal_2a_división,,,,,2016-08-28 10:15:00
2016-2017,5,1,0,1,2,12,14,3,3,0,0,6,4,5,15,11,19,10,16,43,57,Estádio EFAPEL,"Rua Dom Manuel I, Coimbra",3,3,2.46,3.08,3.34,0.0,0.0,0.0,0.0,0.0,0.0,0.0,0.0,0.0,0.0,0.0,0.0,0.0,1,1,0,0,0,0,1,1472396400,179,0,0,0,2009,-1,1,-1,-1,-1,-1,-1,-1,1,1,2,2,2,4,-1,0,0,0,0,0.0,0.0,0.0,0,0,0,0,0,0,1,1,0,0,-1,-1,0,0,-1,-1,-1,-1,-1,-1,-1,-1,-1,0,25,25,50,Associação Académica de Coimbra OAF,CF União,1.95,1.14,0.5,1.5,1.0,1.25,100,75,0.0,0.0,0.0,42,True,False,False,False,False,False,False,LigaPro_Portugal_2a_división,,,,,2016-08-28 15:00:00
2016-2017,5,3,1,4,4,0,4,5,2,0,1,8,6,1,7,9,13,27,15,42,58,Complexo Desportivo do SC Freamunde,"Rua do Sport Clube de Freamunde, Freamunde",5,4,2.39,3.19,3.35,0.0,0.0,0.0,0.0,0.0,0.0,0.0,0.0,0.0,0.0,0.0,0.0,0.0,4,1,0,2,1,3,1,1472396400,4881,0,50,0,759,-1,1,-1,-1,-1,-1,-1,-1,3,1,2,2,4,4,-1,0,0,0,0,0.0,0.0,0.0,0,0,0,0,0,0,1,1,1,0,-1,-1,0,0,-1,-1,-1,-1,-1,-1,-1,-1,-1,50,50,50,50,Freamunde,Porto II,1.14,1.14,0.0,1.5,0.33,2.25,50,50,0.0,0.0,0.0,42,True,True,True,True,False,False,True,LigaPro_Portugal_2a_división,,,,,2016-08-28 15:00:00
2016-2017,5,2,1,3,4,3,7,0,4,0,0,4,3,4,2,8,5,11,11,58,42,Estádio do Portimonense SC (Portimão),"Avenida Zeca Afonso Portimão, Portimão",0,4,1.8,3.45,5.4,0.0,0.0,0.0,0.0,0.0,0.0,0.0,0.0,0.0,0.0,0.0,0.0,0.0,3,0,0,2,1,3,0,1472396400,1025,0,25,0,1110,-1,1,-1,-1,-1,-1,-1,-1,0,0,0,4,0,4,-1,0,0,0,0,0.0,0.0,0.0,0,0,0,0,0,0,1,1,0,0,-1,-1,0,0,-1,-1,-1,-1,-1,-1,-1,-1,-1,25,50,50,50,Portimonense,Sporting Covilhã,2.43,1.29,3.0,0.5,2.5,0.25,75,50,0.0,0.0,0.0,42,True,True,True,False,False,False,True,LigaPro_Portugal_2a_división,,,,,2016-08-28 15:00:00
2016-2017,5,2,3,5,9,7,16,2,2,0,1,4,6,3,3,7,9,15,23,52,48,Estádio José Arcanjo,"Apartado 104, Rua da Feira, Olhão",2,3,2.51,3.08,3.25,0.0,0.0,0.0,0.0,0.0,0.0,0.0,0.0,0.0,0.0,0.0,0.0,0.0,5,0,1,2,2,4,1,1472396400,4885,0,75,0,428,-1,1,-1,-1,-1,-1,-1,-1,1,1,1,2,2,3,-1,0,0,0,0,0.0,0.0,0.0,1,0,1,0,0,0,1,1,0,1,-1,-1,0,0,-1,-1,-1,-1,-1,-1,-1,-1,-1,50,75,25,75,SC Olhanense,Fafe,0.9,1.29,0.5,2.0,0.25,1.67,50,25,0.0,0.0,0.0,42,True,True,True,True,True,False,True,LigaPro_Portugal_2a_división,,,,,2016-08-28 15:00:00
2016-2017,5,2,1,3,5,5,10,1,2,0,0,6,3,10,6,16,9,16,10,47,53,Estádio Municipal do Fontelo,"Avenida José Relvas, Viseu",1,2,2.11,3.28,3.97,0.0,0.0,0.0,0.0,0.0,0.0,0.0,0.0,0.0,0.0,0.0,0.0,0.0,3,1,0,1,1,2,1,1472396400,1032,0,50,0,576,-1,1,-1,-1,-1,-1,-1,-1,0,0,1,2,0,3,-1,0,0,0,0,0.0,0.0,0.0,0,0,0,0,0,0,1,1,0,0,-1,-1,0,0,-1,-1,-1,-1,-1,-1,-1,-1,-1,50,50,0,50,Academico Viseu,Vitória Guimarães II,1.29,0.62,0.5,1.5,0.5,1.33,50,50,0.0,0.0,0.0,42,True,True,True,False,False,False,True,LigaPro_Portugal_2a_división,,,,,2016-08-28 15:00:00
2016-2017,5,3,0,3,3,5,8,3,6,0,0,6,4,5,3,11,7,19,12,46,54,Estádio 1º de Maio,", Braga",3,6,3.09,3.15,2.57,0.0,0.0,0.0,0.0,0.0,0.0,0.0,0.0,0.0,0.0,0.0,0.0,0.0,3,2,0,1,0,1,2,1472400000,1035,0,50,0,680,-1,1,-1,-1,-1,-1,-1,-1,1,1,2,5,2,7,-1,0,0,0,0,0.0,0.0,0.0,1,0,1,0,0,0,1,1,1,0,-1,-1,0,0,-1,-1,-1,-1,-1,-1,-1,-1,-1,25,50,0,75,Sporting Braga II,Famalicão,1.76,0.81,0.5,0.5,1.25,1.25,75,50,0.0,0.0,0.0,42,True,True,True,False,False,False,False,LigaPro_Portugal_2a_división,,,,,2016-08-28 16:00:00
2016-2017,5,3,0,3,2,7,9,2,5,0,0,6,3,5,4,11,7,10,17,56,44,Estádio do Mar,"Lugar da Cruz de Pau, Matosinhos",2,5,2.67,3.11,2.99,0.0,0.0,0.0,0.0,0.0,0.0,0.0,0.0,0.0,0.0,0.0,0.0,0.0,3,1,0,2,0,2,1,1472400000,1030,0,50,0,873,-1,1,-1,-1,-1,-1,-1,-1,2,2,0,3,4,3,-1,0,0,0,0,0.0,0.0,0.0,0,0,0,0,0,0,1,1,0,0,-1,-1,1,0,-1,-1,-1,-1,-1,-1,-1,-1,-1,50,50,25,75,Leixões,Varzim,1.38,1.43,0.5,0.5,0.33,1.33,50,50,0.0,0.0,0.0,42,True,True,True,False,False,False,False,LigaPro_Portugal_2a_división,,,,,2016-08-28 16:00:00
2016-2017,5,2,1,3,6,8,14,3,3,0,0,4,7,7,6,11,13,19,19,43,57,Estádio Municipal 25 de Abril,"Rua Futebol Clube de Penafiel, Penafiel",3,3,2.22,3.09,3.9,0.0,0.0,0.0,0.0,0.0,0.0,0.0,0.0,0.0,0.0,0.0,0.0,0.0,3,2,0,0,1,1,2,1472400000,182,0,25,0,439,-1,1,-1,-1,-1,-1,-1,-1,1,1,2,2,2,4,-1,0,0,0,0,0.0,0.0,0.0,0,0,0,0,0,0,1,1,0,0,-1,-1,0,1,-1,-1,-1,-1,-1,-1,-1,-1,-1,0,25,25,50,FC Penafiel,Cova Piedade,2.14,0.9,3.0,2.0,1.75,2.33,100,75,0.0,0.0,0.0,42,True,True,True,False,False,False,True,LigaPro_Portugal_2a_división,,,,,2016-08-28 16:00:00
2016-2017,5,1,0,1,5,2,7,2,2,0,0,4,3,4,2,8,5,9,19,55,45,"Estádio de São Miguel (Ponta Delgada, Ilha de São Miguel, Açores)","Rua Comandante Jaime de Sousa 21, Ponta Delgada, Ilha de São Miguel, Açores",2,2,2.0,3.26,4.48,0.0,0.0,0.0,0.0,0.0,0.0,0.0,0.0,0.0,0.0,0.0,0.0,0.0,1,0,0,1,0,1,0,1472407200,1028,0,100,0,614,-1,1,-1,-1,-1,-1,-1,-1,1,0,1,2,1,3,-1,0,0,0,0,0.0,0.0,0.0,0,0,0,0,0,0,1,1,0,0,-1,-1,1,0,-1,-1,-1,-1,-1,-1,-1,-1,-1,75,100,25,100,Santa Clara,Gil Vicente,1.86,0.86,3.0,1.0,3.0,1.5,25,0,0.0,0.0,0.0,42,True,False,False,False,False,False,False,LigaPro_Portugal_2a_división,,,,,2016-08-28 18:00:00
2016-2017,5,1,2,3,1,5,6,4,3,0,0,0,0,3,4,3,4,15,17,50,50,CGD Stadium Aurélio Pereira,", Alcochete",4,3,2.28,3.39,3.37,0.0,0.0,0.0,0.0,0.0,0.0,0.0,0.0,0.0,0.0,0.0,0.0,0.0,3,0,0,1,2,3,0,1472482800,4841,0,75,0,317,-1,1,-1,-1,-1,-1,-1,-1,1,0,3,3,1,6,-1,0,0,0,0,0.0,0.0,0.0,1,1,1,1,0,0,1,1,0,0,-1,-1,0,0,-1,-1,-1,-1,-1,-1,-1,-1,-1,75,75,25,75,Sporting CP II,FC Vizela,1.48,0.95,0.0,2.0,1.0,1.25,25,25,0.0,0.0,0.0,42,True,True,True,False,False,False,True,LigaPro_Portugal_2a_división,,,,,2016-08-29 15:00:00
2016-2017,4,1,0,1,4,4,8,2,4,0,0,2,7,8,8,10,15,26,10,52,48,Estádio Municipal José Martins Vieira,"Estrada do Brejo, Cova da Piedade, Almada",2,4,2.63,3.07,3.08,0.0,0.0,0.0,0.0,0.0,0.0,0.0,0.0,0.0,0.0,0.0,0.0,0.0,1,0,0,1,0,1,0,1472918400,1036,0,50,0,880,-1,1,-1,-1,-1,-1,-1,-1,1,1,1,3,2,4,-1,0,0,0,0,0.0,0.0,0.0,0,0,0,0,0,0,1,1,0,0,-1,-1,0,0,-1,-1,-1,-1,-1,-1,-1,-1,-1,50,50,0,50,Cova Piedade,Freamunde,1.62,0.76,3.0,1.0,1.75,1.0,50,50,0.0,0.0,0.0,42,True,False,False,False,False,False,False,LigaPro_Portugal_2a_división,,,,,2016-09-03 16:00:00
2016-2017,4,0,2,2,5,2,7,0,2,0,0,2,5,4,5,6,10,14,14,59,41,Estádio Dr. Machado de Matos,", ",0,2,2.66,3.09,3.02,0.0,0.0,0.0,0.0,0.0,0.0,0.0,0.0,0.0,0.0,0.0,0.0,0.0,2,0,1,0,1,1,1,1473001200,1028,0,50,0,1470,-1,1,-1,-1,-1,-1,-1,-1,0,0,0,2,0,2,-1,0,0,0,0,0.0,0.0,0.0,0,0,0,0,0,0,1,1,0,0,-1,-1,0,0,-1,-1,-1,-1,-1,-1,-1,-1,-1,50,50,0,50,Fafe,Santa Clara,0.86,1.0,1.0,3.0,2.0,3.0,50,50,0.0,0.0,0.0,42,True,True,False,False,False,False,False,LigaPro_Portugal_2a_división,,,,,2016-09-04 15:00:00
2016-2017,9,0,1,1,12,5,17,3,1,0,0,5,5,17,4,22,9,12,19,60,40,Estádio EFAPEL,"Rua Dom Manuel I, Coimbra",3,1,2.02,3.19,4.53,0.0,0.0,0.0,0.0,0.0,0.0,0.0,0.0,0.0,0.0,0.0,0.0,0.0,1,0,0,0,1,1,0,1473001200,4841,0,34,0,2519,-1,1,-1,-1,-1,-1,-1,-1,2,1,1,0,3,1,-1,0,0,0,0,0.0,0.0,0.0,0,0,0,0,0,0,1,1,0,0,-1,-1,1,0,-1,-1,-1,-1,-1,-1,-1,-1,-1,34,34,0,50,Associação Académica de Coimbra OAF,FC Vizela,1.95,0.95,1.33,2.33,1.4,1.6,67,67,0.0,0.0,0.0,42,True,False,False,False,False,False,False,LigaPro_Portugal_2a_división,,,,,2016-09-04 15:00:00
2016-2017,4,2,1,3,5,7,12,2,3,0,1,5,7,10,13,15,20,10,9,42,58,Estádio Dom Afonso Henriques,"Rua de São Gonçalo 505, Guimarães",2,4,2.41,3.16,3.35,0.0,0.0,0.0,0.0,0.0,0.0,0.0,0.0,0.0,0.0,0.0,0.0,0.0,3,0,1,2,0,2,1,1473004800,1027,0,50,0,3201,-1,1,-1,-1,-1,-1,-1,-1,1,0,1,4,1,5,-1,0,0,0,0,0.0,0.0,0.0,0,0,0,0,0,0,1,1,0,0,-1,-1,0,0,-1,-1,-1,-1,-1,-1,-1,-1,-1,0,50,0,100,Vitória Guimarães II,Leixões,2.24,0.81,1.0,0.0,1.0,1.0,100,50,0.0,0.0,0.0,42,True,True,True,False,False,False,True,LigaPro_Portugal_2a_división,,,,,2016-09-04 16:00:00
2016-2017,4,0,2,2,5,3,8,2,2,0,0,4,8,8,6,12,14,13,14,58,42,Estádio Varzim Sport Club,"Rua do Varzim Sport Club, Póvoa de Varzim",2,2,2.57,3.13,3.11,0.0,0.0,0.0,0.0,0.0,0.0,0.0,0.0,0.0,0.0,0.0,0.0,0.0,2,0,2,0,0,0,2,1473004800,1024,0,50,0,1839,-1,1,-1,-1,-1,-1,-1,-1,1,0,1,2,1,3,-1,0,0,0,0,0.0,0.0,0.0,0,0,0,0,0,0,1,1,0,0,-1,-1,0,0,-1,-1,-1,-1,-1,-1,-1,-1,-1,0,100,0,100,Varzim,CD Aves,1.48,1.52,3.0,1.0,1.0,1.25,100,0,0.0,0.0,0.0,42,True,True,False,False,False,False,False,LigaPro_Portugal_2a_división,,,,,2016-09-04 16:00:00
2016-2017,6,3,2,5,7,3,10,4,4,1,1,7,5,4,1,11,6,14,22,58,42,Estádio Municipal 22 de Junho,"Alameda dos Bargos, Vila Nova de Famalicão",5,6,2.25,3.2,3.59,0.0,0.0,0.0,0.0,0.0,0.0,0.0,0.0,0.0,0.0,0.0,0.0,0.0,5,1,2,2,0,2,3,1473519600,1033,0,75,0,2420,-1,1,-1,-1,-1,-1,-1,-1,1,3,4,2,4,6,-1,0,0,0,0,0.0,0.0,0.0,0,0,0,0,0,0,1,1,0,0,-1,-1,0,0,-1,-1,-1,-1,-1,-1,-1,-1,-1,50,75,25,50,Famalicão,Freamunde,1.71,0.76,2.0,0.5,1.0,0.8,50,25,0.0,0.0,0.0,42,True,True,True,True,True,False,True,LigaPro_Portugal_2a_división,,,,,2016-09-10 15:00:00
2016-2017,6,0,0,0,0,0,0,3,3,0,1,0,0,0,0,0,0,15,8,-1,-1,Estádio Do Vizela (Caldas de Vizela),,3,4,2.06,3.27,4.19,0.0,0.0,0.0,0.0,0.0,0.0,0.0,0.0,0.0,0.0,0.0,0.0,0.0,0,0,0,0,0,0,0,1473519600,-1,0,100,0,1293,-1,1,-1,-1,-1,-1,-1,-1,0,2,3,2,2,5,-1,0,0,0,0,0.0,0.0,0.0,0,0,0,0,0,0,1,1,0,0,-1,-1,0,0,-1,-1,-1,-1,-1,-1,-1,-1,-1,75,100,50,100,FC Vizela,Sporting Braga II,1.24,1.19,0.5,2.0,1.83,1.6,25,0,0.0,0.0,0.0,42,False,False,False,False,False,False,False,LigaPro_Portugal_2a_división,,,,,2016-09-10 15:00:00
2016-2017,6,3,2,5,4,1,5,4,3,0,0,4,3,3,3,7,6,17,13,44,56,Estádio do Centro Desportivo da Madeira,"VE4 65, Madeira",4,3,1.83,3.38,5.3,0.0,0.0,0.0,0.0,0.0,0.0,0.0,0.0,0.0,0.0,0.0,0.0,0.0,5,2,0,1,2,3,2,1473519600,178,0,75,0,406,-1,1,-1,-1,-1,-1,-1,-1,0,1,4,2,1,6,-1,0,0,0,0,0.0,0.0,0.0,0,0,0,0,0,0,1,1,1,0,-1,-1,0,1,-1,-1,-1,-1,-1,-1,-1,-1,-1,50,75,25,50,CF União,SC Olhanense,1.9,0.43,1.0,0.0,1.0,0.2,50,25,0.0,0.0,0.0,42,True,True,True,True,True,False,True,LigaPro_Portugal_2a_división,,,,,2016-09-10 15:00:00
2016-2017,6,0,0,0,6,1,7,2,2,0,1,3,0,9,9,12,9,15,18,56,44,Parque Municipal dos Desportos,"Parque Municipal dos Desportos, Aparto 29, Fafe",2,3,2.49,3.09,3.28,0.0,0.0,0.0,0.0,0.0,0.0,0.0,0.0,0.0,0.0,0.0,0.0,0.0,0,0,0,0,0,0,0,1473606000,-1,0,50,0,823,-1,1,-1,-1,-1,-1,-1,-1,0,0,2,3,0,5,-1,0,0,0,0,0.0,0.0,0.0,0,0,0,0,0,0,1,1,0,0,-1,-1,0,0,-1,-1,-1,-1,-1,-1,-1,-1,-1,50,75,0,75,Fafe,Leixões,0.86,0.81,0.5,0.0,1.6,0.8,50,25,0.0,0.0,0.0,42,False,False,False,False,False,False,False,LigaPro_Portugal_2a_división,,,,,2016-09-11 15:00:00
2016-2017,6,1,5,6,2,7,9,3,2,0,0,2,10,2,11,4,21,11,10,39,61,Estádio Dom Afonso Henriques,"Rua de São Gonçalo 505, Guimarães",3,2,3.48,3.21,2.32,0.0,0.0,0.0,0.0,0.0,0.0,0.0,0.0,0.0,0.0,0.0,0.0,0.0,6,1,0,0,5,5,1,1473606000,1025,0,75,0,2637,-1,1,-1,-1,-1,-1,-1,-1,2,1,1,1,3,2,-1,0,0,0,0,0.0,0.0,0.0,0,0,0,0,0,0,1,1,0,0,-1,-1,0,0,-1,-1,-1,-1,-1,-1,-1,-1,-1,50,75,0,75,Vitória Guimarães II,Portimonense,2.24,1.52,2.0,2.0,1.4,2.6,50,25,0.0,0.0,0.0,42,True,True,True,True,True,True,True,LigaPro_Portugal_2a_división,,,,,2016-09-11 15:00:00
2016-2017,6,1,1,2,4,6,10,1,1,0,0,2,7,4,9,6,16,17,14,45,55,Estádio Municipal José Martins Vieira,"Estrada do Brejo, Cova da Piedade, Almada",1,1,2.76,2.91,3.08,0.0,0.0,0.0,0.0,0.0,0.0,0.0,0.0,0.0,0.0,0.0,0.0,0.0,2,1,0,0,1,1,1,1473606000,-1,0,0,0,1154,-1,1,-1,-1,-1,-1,-1,-1,0,0,1,1,0,2,-1,0,0,0,0,0.0,0.0,0.0,0,0,0,0,0,0,1,1,0,0,-1,-1,0,0,-1,-1,-1,-1,-1,-1,-1,-1,-1,0,25,0,75,Cova Piedade,Santa Clara,1.62,1.0,3.0,3.0,2.0,3.0,100,75,0.0,0.0,0.0,42,True,True,False,False,False,False,True,LigaPro_Portugal_2a_división,,,,,2016-09-11 15:00:00
2016-2017,6,0,0,0,1,8,9,3,2,0,0,2,5,3,14,5,19,19,11,49,51,Estádio Cidade de Barcelos,"strada Nacional 103, Vila Boa, Barcelos",3,2,3.16,3.14,2.53,0.0,0.0,0.0,0.0,0.0,0.0,0.0,0.0,0.0,0.0,0.0,0.0,0.0,0,0,0,0,0,0,0,1473606000,-1,0,25,0,1157,-1,1,-1,-1,-1,-1,-1,-1,0,0,3,2,0,5,-1,0,0,0,0,0.0,0.0,0.0,0,0,0,0,0,0,1,1,0,0,-1,-1,0,0,-1,-1,-1,-1,-1,-1,-1,-1,-1,0,50,25,75,Gil Vicente,CD Aves,1.81,1.52,2.0,2.0,1.2,1.6,100,50,0.0,0.0,0.0,42,False,False,False,False,False,False,False,LigaPro_Portugal_2a_división,,,,,2016-09-11 15:00:00
2016-2017,6,3,0,3,8,6,14,2,2,0,0,7,3,4,4,11,7,16,14,46,54,Estádio Varzim Sport Club,"Rua do Varzim Sport Club, Póvoa de Varzim",2,2,2.4,3.18,3.34,0.0,0.0,0.0,0.0,0.0,0.0,0.0,0.0,0.0,0.0,0.0,0.0,0.0,3,1,0,2,0,2,1,1473606000,1034,0,50,0,1174,-1,1,-1,-1,-1,-1,-1,-1,0,1,2,1,1,3,-1,0,0,0,0,0.0,0.0,0.0,1,0,1,0,0,0,1,1,1,0,-1,-1,0,0,-1,-1,-1,-1,-1,-1,-1,-1,-1,25,100,25,100,Varzim,Sporting CP II,1.48,1.14,1.5,2.0,0.8,0.8,75,0,0.0,0.0,0.0,42,True,True,True,False,False,False,False,LigaPro_Portugal_2a_división,,,,,2016-09-11 15:00:00
2016-2017,6,2,1,3,5,5,10,2,2,0,0,5,8,8,3,13,11,13,17,63,37,Caixa Futebol Campus,", Seixal",2,2,2.12,3.32,3.89,0.0,0.0,0.0,0.0,0.0,0.0,0.0,0.0,0.0,0.0,0.0,0.0,0.0,3,1,1,1,0,1,2,1473609600,1031,0,50,0,963,-1,1,-1,-1,-1,-1,-1,-1,0,0,2,2,0,4,-1,0,0,0,0,0.0,0.0,0.0,0,0,0,0,0,0,1,1,1,0,-1,-1,0,0,-1,-1,-1,-1,-1,-1,-1,-1,-1,0,50,25,50,Benfica II,Academico Viseu,1.9,1.19,1.0,0.5,1.6,1.0,100,50,0.0,0.0,0.0,42,True,True,True,False,False,False,True,LigaPro_Portugal_2a_división,,,,,2016-09-11 16:00:00
2016-2017,6,2,2,4,7,8,15,1,4,0,0,8,8,10,7,18,15,13,20,57,43,Estádio Dr. Jorge Sampaio,"Rua da Paradela, Pedroso, Vila Nova de Gaia",1,4,2.41,3.18,3.32,0.0,0.0,0.0,0.0,0.0,0.0,0.0,0.0,0.0,0.0,0.0,0.0,0.0,4,0,0,2,2,4,0,1473609600,-1,0,50,0,677,-1,1,-1,-1,-1,-1,-1,-1,0,2,1,2,2,3,-1,0,0,0,0,0.0,0.0,0.0,0,0,0,0,0,0,1,1,0,0,-1,-1,0,0,-1,-1,-1,-1,-1,-1,-1,-1,-1,50,50,25,25,Porto II,FC Penafiel,1.71,0.86,3.0,0.5,1.8,2.0,50,50,0.0,0.0,0.0,42,True,True,True,True,False,False,True,LigaPro_Portugal_2a_división,,,,,2016-09-11 16:00:00
2016-2017,7,3,0,3,2,2,4,4,4,0,0,6,3,5,7,11,10,20,20,52,48,Estádio EFAPEL,"Rua Dom Manuel I, Coimbra",4,4,2.44,3.18,3.25,0.0,0.0,0.0,0.0,0.0,0.0,0.0,0.0,0.0,0.0,0.0,0.0,0.0,3,1,0,2,0,2,1,1474050600,179,0,17,0,2420,-1,1,-1,-1,-1,-1,-1,-1,2,2,2,2,4,4,-1,0,0,0,0,0.0,0.0,0.0,0,0,0,0,0,0,1,1,0,0,-1,-1,0,1,-1,-1,-1,-1,-1,-1,-1,-1,-1,34,34,17,59,Associação Académica de Coimbra OAF,Famalicão,1.95,0.81,1.0,0.33,1.17,1.33,67,67,0.0,0.0,0.0,42,True,True,True,False,False,False,False,LigaPro_Portugal_2a_división,,,,,2016-09-16 18:30:00
2016-2017,7,0,0,0,9,10,19,1,1,0,0,2,4,7,11,9,15,18,9,42,58,Complexo Desportivo do SC Freamunde,"Rua do Sport Clube de Freamunde, Freamunde",1,1,2.44,3.26,3.18,0.0,0.0,0.0,0.0,0.0,0.0,0.0,0.0,0.0,0.0,0.0,0.0,0.0,0,0,0,0,0,0,0,1474107300,-1,0,50,0,490,-1,1,-1,-1,-1,-1,-1,-1,1,0,0,1,1,1,-1,0,0,0,0,0.0,0.0,0.0,0,0,0,0,0,0,1,1,0,0,-1,-1,0,0,-1,-1,-1,-1,-1,-1,-1,-1,-1,50,67,17,67,Freamunde,Benfica II,1.14,1.1,1.0,2.0,0.67,1.83,50,34,0.0,0.0,0.0,42,False,False,False,False,False,False,False,LigaPro_Portugal_2a_división,,,,,2016-09-17 10:15:00
2016-2017,7,3,2,5,2,6,8,0,1,0,1,7,3,9,4,16,7,17,13,48,52,Estádio Clube Desportivo das Aves,"Rua Luís Gonzaga Mendes de Carvalho 265, Vila das Aves",0,3,1.88,3.48,4.74,0.0,0.0,0.0,0.0,0.0,0.0,0.0,0.0,0.0,0.0,0.0,0.0,0.0,5,2,1,1,1,2,3,1474124400,1024,0,67,0,1700,-1,1,-1,-1,-1,-1,-1,-1,0,0,0,2,0,2,-1,0,0,0,0,0.0,0.0,0.0,0,0,0,0,0,0,1,1,2,0,-1,-1,0,0,-1,-1,-1,-1,-1,-1,-1,-1,-1,67,67,33,67,CD Aves,Academico Viseu,2.33,1.19,1.33,0.33,1.5,0.83,34,34,0.0,0.0,0.0,42,True,True,True,True,True,False,True,LigaPro_Portugal_2a_división,,,,,2016-09-17 15:00:00
2016-2017,7,1,1,2,8,4,12,2,3,0,0,6,3,9,4,15,7,9,18,55,45,Estádio 1º de Maio,", Braga",2,3,2.45,3.15,3.28,0.0,0.0,0.0,0.0,0.0,0.0,0.0,0.0,0.0,0.0,0.0,0.0,0.0,2,0,0,1,1,2,0,1474124400,-1,0,33,0,480,-1,1,-1,-1,-1,-1,-1,-1,0,1,2,2,1,4,-1,0,0,0,0,0.0,0.0,0.0,0,1,0,1,0,0,1,1,0,0,-1,-1,0,0,-1,-1,-1,-1,-1,-1,-1,-1,-1,50,67,17,100,Sporting Braga II,Varzim,1.76,1.43,1.33,0.33,1.5,1.17,50,33,0.0,0.0,0.0,42,True,True,False,False,False,False,True,LigaPro_Portugal_2a_división,,,,,2016-09-17 15:00:00
2016-2017,7,1,1,2,5,6,11,5,2,0,0,4,4,7,4,11,8,18,11,52,48,Estádio Municipal José dos Santos Pinto,"Rua Viriato, Covilhã",5,2,2.49,3.12,3.24,0.0,0.0,0.0,0.0,0.0,0.0,0.0,0.0,0.0,0.0,0.0,0.0,0.0,2,0,0,1,1,2,0,1474124400,-1,0,50,0,219,-1,1,-1,-1,-1,-1,-1,-1,2,1,3,1,3,4,-1,0,0,0,0,0.0,0.0,0.0,0,0,0,0,0,0,1,1,0,0,-1,-1,0,0,-1,-1,-1,-1,-1,-1,-1,-1,-1,50,67,17,84,Sporting Covilhã,CF União,1.67,1.14,0.0,1.0,0.2,1.33,50,34,0.0,0.0,0.0,42,True,True,False,False,False,False,True,LigaPro_Portugal_2a_división,,,,,2016-09-17 15:00:00
2016-2017,7,0,0,0,3,2,5,0,2,0,0,5,2,15,2,20,4,10,13,60,40,Estádio do Mar,"Lugar da Cruz de Pau, Matosinhos",0,2,2.5,3.12,3.22,0.0,0.0,0.0,0.0,0.0,0.0,0.0,0.0,0.0,0.0,0.0,0.0,0.0,0,0,0,0,0,0,0,1474124400,-1,0,42,0,1072,-1,1,-1,-1,-1,-1,-1,-1,0,0,0,2,0,2,-1,0,0,0,0,0.0,0.0,0.0,0,0,0,0,0,0,1,1,0,0,-1,-1,0,0,-1,-1,-1,-1,-1,-1,-1,-1,-1,59,59,17,46,Leixões,FC Vizela,1.38,0.95,1.33,2.5,0.83,1.71,42,42,0.0,0.0,0.0,42,False,False,False,False,False,False,False,LigaPro_Portugal_2a_división,,,,,2016-09-17 15:00:00
2016-2017,7,1,1,2,6,4,10,1,3,1,0,3,9,8,3,11,12,13,8,50,50,Estádio Municipal 25 de Abril,"Rua Futebol Clube de Penafiel, Penafiel",2,3,1.81,3.55,5.12,0.0,0.0,0.0,0.0,0.0,0.0,0.0,0.0,0.0,0.0,0.0,0.0,0.0,2,1,0,0,1,1,1,1474124400,-1,0,67,0,766,-1,1,-1,-1,-1,-1,-1,-1,0,0,2,3,0,5,-1,0,0,0,0,0.0,0.0,0.0,0,0,0,0,0,0,1,1,0,0,-1,-1,0,0,-1,-1,-1,-1,-1,-1,-1,-1,-1,50,67,33,67,FC Penafiel,Fafe,2.14,1.29,3.0,2.33,1.83,1.5,50,34,0.0,0.0,0.0,42,True,True,False,False,False,False,True,LigaPro_Portugal_2a_división,,,,,2016-09-17 15:00:00
2016-2017,7,2,2,4,2,7,9,1,1,0,0,7,4,8,7,15,11,11,19,48,52,CGD Stadium Aurélio Pereira,", Alcochete",1,1,2.43,3.31,3.15,0.0,0.0,0.0,0.0,0.0,0.0,0.0,0.0,0.0,0.0,0.0,0.0,0.0,4,0,0,2,2,4,0,1474124400,-1,0,84,0,189,-1,1,-1,-1,-1,-1,-1,-1,1,0,0,1,1,1,-1,0,0,0,0,0.0,0.0,0.0,0,0,0,0,0,0,1,1,0,0,-1,-1,0,0,-1,-1,-1,-1,-1,-1,-1,-1,-1,67,84,33,67,Sporting CP II,Gil Vicente,1.48,0.86,0.0,0.67,0.67,1.17,34,17,0.0,0.0,0.0,42,True,True,True,True,False,False,True,LigaPro_Portugal_2a_división,,,,,2016-09-17 15:00:00
2016-2017,7,1,1,2,14,3,17,2,8,0,1,10,4,7,0,17,4,12,25,66,34,Estádio do Portimonense SC (Portimão),"Avenida Zeca Afonso Portimão, Portimão",2,10,1.66,3.84,6.0,0.0,0.0,0.0,0.0,0.0,0.0,0.0,0.0,0.0,0.0,0.0,0.0,0.0,2,0,0,1,1,2,0,1474124400,-1,0,67,0,1182,-1,1,-1,-1,-1,-1,-1,-1,0,5,2,4,5,6,-1,0,0,0,0,0.0,0.0,0.0,0,0,0,0,0,0,1,1,0,0,-1,-1,0,0,-1,-1,-1,-1,-1,-1,-1,-1,-1,50,84,67,84,Portimonense,Cova Piedade,2.43,0.9,3.0,1.33,2.67,1.83,50,17,0.0,0.0,0.0,42,True,True,False,False,False,False,True,LigaPro_Portugal_2a_división,,,,,2016-09-17 15:00:00
2016-2017,7,2,0,2,8,3,11,1,1,0,0,11,4,8,6,19,10,9,16,47,53,"Estádio de São Miguel (Ponta Delgada, Ilha de São Miguel, Açores)","Rua Comandante Jaime de Sousa 21, Ponta Delgada, Ilha de São Miguel, Açores",1,1,2.29,3.21,3.54,0.0,0.0,0.0,0.0,0.0,0.0,0.0,0.0,0.0,0.0,0.0,0.0,0.0,2,1,0,1,0,1,1,1474135200,1028,0,84,0,2060,-1,1,-1,-1,-1,-1,-1,-1,0,0,1,1,0,2,-1,0,0,0,0,0.0,0.0,0.0,0,0,0,0,0,0,1,1,0,0,-1,-1,0,0,-1,-1,-1,-1,-1,-1,-1,-1,-1,84,84,34,84,Santa Clara,Porto II,1.86,1.14,3.0,1.0,2.67,1.67,17,17,0.0,0.0,0.0,42,True,True,False,False,False,False,False,LigaPro_Portugal_2a_división,,,,,2016-09-17 18:00:00
2016-2017,7,0,3,3,7,8,15,2,1,2,0,0,0,0,0,0,0,18,9,-1,-1,Estádio José Arcanjo,"Apartado 104, Rua da Feira, Olhão",5,1,2.42,3.28,3.2,0.0,0.0,0.0,0.0,0.0,0.0,0.0,0.0,0.0,0.0,0.0,0.0,0.0,3,0,1,0,2,2,1,1474193700,1027,0,67,0,530,-1,1,-1,-1,-1,-1,-1,-1,0,0,4,1,0,5,-1,0,0,0,0,0.0,0.0,0.0,0,1,0,1,0,0,1,1,0,0,-1,-1,0,0,-1,-1,-1,-1,-1,-1,-1,-1,-1,67,67,0,67,SC Olhanense,Vitória Guimarães II,0.9,0.62,0.33,1.0,0.17,1.17,33,33,0.0,0.0,0.0,42,True,True,True,False,False,False,False,LigaPro_Portugal_2a_división,,,,,2016-09-18 10:15:00
2016-2017,8,0,2,2,6,5,11,5,1,0,0,2,6,7,5,9,11,18,11,47,53,Estádio Dr. Machado de Matos,", ",5,1,3.76,3.35,2.14,0.0,0.0,0.0,0.0,0.0,0.0,0.0,0.0,0.0,0.0,0.0,0.0,0.0,2,0,2,0,0,0,2,1474470000,1025,0,50,0,751,-1,1,-1,-1,-1,-1,-1,-1,1,1,4,0,2,4,-1,0,0,0,0,0.0,0.0,0.0,0,0,0,0,0,0,1,1,0,2,-1,-1,0,0,-1,-1,-1,-1,-1,-1,-1,-1,-1,50,67,0,50,Fafe,Portimonense,0.86,1.52,0.67,2.33,1.43,2.43,50,33,0.0,0.0,0.0,42,True,True,False,False,False,False,False,LigaPro_Portugal_2a_división,,,,,2016-09-21 15:00:00
2016-2017,8,0,2,2,4,7,11,2,2,0,0,2,9,5,3,7,12,7,17,51,49,Estádio Dom Afonso Henriques,"Rua de São Gonçalo 505, Guimarães",2,2,2.57,3.22,3.01,0.0,0.0,0.0,0.0,0.0,0.0,0.0,0.0,0.0,0.0,0.0,0.0,0.0,2,0,1,0,1,1,1,1474470000,178,0,63,0,1494,-1,1,-1,-1,-1,-1,-1,-1,0,0,2,2,0,4,-1,0,0,0,0,0.0,0.0,0.0,0,0,0,0,0,0,1,1,0,0,-1,-1,0,0,-1,-1,-1,-1,-1,-1,-1,-1,-1,34,75,13,75,Vitória Guimarães II,CF União,2.24,1.14,1.33,1.0,1.43,1.29,67,25,0.0,0.0,0.0,42,True,True,False,False,False,False,False,LigaPro_Portugal_2a_división,,,,,2016-09-21 15:00:00
2016-2017,8,1,1,2,5,5,10,1,1,0,0,5,5,4,7,9,12,12,13,51,49,Estádio Municipal José Martins Vieira,"Estrada do Brejo, Cova da Piedade, Almada",1,1,2.65,3.08,2.99,0.0,0.0,0.0,0.0,0.0,0.0,0.0,0.0,0.0,0.0,0.0,0.0,0.0,2,0,1,1,0,1,1,1474470000,-1,0,42,0,1135,-1,1,-1,-1,-1,-1,-1,-1,0,0,1,1,0,2,-1,0,0,0,0,0.0,0.0,0.0,0,0,0,0,0,0,1,1,0,0,-1,-1,0,0,-1,-1,-1,-1,-1,-1,-1,-1,-1,25,42,0,59,Cova Piedade,Associação Académica de Coimbra OAF,1.62,1.0,2.33,1.5,1.71,1.43,75,59,0.0,0.0,0.0,42,True,True,False,False,False,False,True,LigaPro_Portugal_2a_división,,,,,2016-09-21 15:00:00
2016-2017,8,0,0,0,2,8,10,2,1,0,0,6,0,3,4,9,4,15,18,57,43,Estádio Cidade de Barcelos,"strada Nacional 103, Vila Boa, Barcelos",2,1,2.54,3.15,3.12,0.0,0.0,0.0,0.0,0.0,0.0,0.0,0.0,0.0,0.0,0.0,0.0,0.0,0,0,0,0,0,0,0,1474470000,-1,0,34,0,1527,-1,1,-1,-1,-1,-1,-1,-1,1,0,1,1,1,2,-1,0,0,0,0,0.0,0.0,0.0,0,0,0,0,0,0,1,1,0,0,-1,-1,0,0,-1,-1,-1,-1,-1,-1,-1,-1,-1,34,34,17,33,Gil Vicente,Freamunde,1.81,0.76,1.67,0.33,1.14,0.71,67,67,0.0,0.0,0.0,42,False,False,False,False,False,False,False,LigaPro_Portugal_2a_división,,,,,2016-09-21 15:00:00
2016-2017,8,1,0,1,5,2,7,1,4,0,0,7,5,10,5,17,10,13,20,53,47,Estádio Varzim Sport Club,"Rua do Varzim Sport Club, Póvoa de Varzim",1,4,2.13,3.33,3.81,0.0,0.0,0.0,0.0,0.0,0.0,0.0,0.0,0.0,0.0,0.0,0.0,0.0,1,0,0,1,0,1,0,1474470000,1034,0,50,0,746,-1,1,-1,-1,-1,-1,-1,-1,1,2,0,2,3,2,-1,0,0,0,0,0.0,0.0,0.0,0,0,0,0,0,0,1,1,0,0,-1,-1,0,0,-1,-1,-1,-1,-1,-1,-1,-1,-1,67,100,50,84,Varzim,SC Olhanense,1.48,0.43,2.0,0.0,1.14,0.14,34,0,0.0,0.0,0.0,42,True,False,False,False,False,False,False,LigaPro_Portugal_2a_división,,,,,2016-09-21 15:00:00
2016-2017,8,1,1,2,10,4,14,4,2,0,1,8,6,7,4,15,10,17,14,50,50,Estádio Municipal do Fontelo,"Avenida José Relvas, Viseu",4,3,2.23,3.21,3.67,0.0,0.0,0.0,0.0,0.0,0.0,0.0,0.0,0.0,0.0,0.0,0.0,0.0,2,0,0,1,1,2,0,1474473600,-1,0,67,0,544,-1,1,-1,-1,-1,-1,-1,-1,1,1,3,2,2,5,-1,0,0,0,0,0.0,0.0,0.0,0,0,0,0,0,0,1,1,0,0,-1,-1,0,0,-1,-1,-1,-1,-1,-1,-1,-1,-1,50,67,0,67,Academico Viseu,Sporting Braga II,1.29,1.19,1.33,1.67,0.71,1.43,50,33,0.0,0.0,0.0,42,True,True,False,False,False,False,True,LigaPro_Portugal_2a_división,,,,,2016-09-21 16:00:00
2016-2017,8,1,0,1,1,6,7,2,3,0,0,4,5,4,9,8,14,18,25,46,54,Estádio Dr. Jorge Sampaio,"Rua da Paradela, Pedroso, Vila Nova de Gaia",2,3,2.05,3.48,3.89,0.0,0.0,0.0,0.0,0.0,0.0,0.0,0.0,0.0,0.0,0.0,0.0,0.0,1,1,0,0,0,0,1,1474473600,1037,0,50,0,350,-1,1,-1,-1,-1,-1,-1,-1,0,2,2,1,2,3,-1,0,0,0,0,0.0,0.0,0.0,0,0,0,0,0,0,1,1,1,0,-1,-1,0,0,-1,-1,-1,-1,-1,-1,-1,-1,-1,50,50,0,0,Porto II,Sporting Covilhã,1.71,1.29,2.33,0.33,1.43,0.33,50,50,0.0,0.0,0.0,42,True,False,False,False,False,False,False,LigaPro_Portugal_2a_división,,,,,2016-09-21 16:00:00
2016-2017,8,1,0,1,2,6,8,3,3,0,0,0,0,0,0,0,0,17,17,-1,-1,Caixa Futebol Campus,", Seixal",3,3,1.86,3.61,4.63,0.0,0.0,0.0,0.0,0.0,0.0,0.0,0.0,0.0,0.0,0.0,0.0,0.0,1,1,0,0,0,0,1,1474477200,1031,0,67,0,574,-1,1,-1,-1,-1,-1,-1,-1,1,0,2,3,1,5,-1,0,0,0,0,0.0,0.0,0.0,0,0,0,0,0,0,1,1,0,0,-1,-1,0,0,-1,-1,-1,-1,-1,-1,-1,-1,-1,33,67,34,84,Benfica II,Leixões,1.9,0.81,1.67,0.33,1.71,0.86,67,34,0.0,0.0,0.0,42,True,False,False,False,False,False,False,LigaPro_Portugal_2a_división,,,,,2016-09-21 17:00:00
2016-2017,8,0,0,0,6,4,10,2,3,0,0,4,2,11,6,15,8,23,16,57,43,Estádio Municipal 22 de Junho,"Alameda dos Bargos, Vila Nova de Famalicão",2,3,2.25,3.19,3.67,0.0,0.0,0.0,0.0,0.0,0.0,0.0,0.0,0.0,0.0,0.0,0.0,0.0,0,0,0,0,0,0,0,1474486200,-1,0,84,0,2305,-1,1,-1,-1,-1,-1,-1,-1,0,0,2,3,0,5,-1,0,0,0,0,0.0,0.0,0.0,0,0,0,0,0,0,1,1,0,0,-1,-1,0,0,-1,-1,-1,-1,-1,-1,-1,-1,-1,67,84,50,67,Famalicão,FC Penafiel,1.71,0.86,2.33,0.67,1.14,1.71,33,17,0.0,0.0,0.0,42,False,False,False,False,False,False,False,LigaPro_Portugal_2a_división,,,,,2016-09-21 19:30:00
2016-2017,9,1,2,3,7,8,15,2,2,0,0,4,4,6,6,10,10,16,13,49,51,Estádio José Arcanjo,"Apartado 104, Rua da Feira, Olhão",2,2,3.17,3.17,2.5,0.0,0.0,0.0,0.0,0.0,0.0,0.0,0.0,0.0,0.0,0.0,0.0,0.0,3,0,1,1,1,2,1,1475074800,1031,0,50,0,256,-1,1,-1,-1,-1,-1,-1,-1,0,1,2,1,1,3,-1,0,0,0,0,0.0,0.0,0.0,0,0,0,0,0,0,1,1,0,0,-1,-1,0,1,-1,-1,-1,-1,-1,-1,-1,-1,-1,63,75,13,75,SC Olhanense,Benfica II,0.9,1.1,0.25,1.75,0.13,1.88,38,25,0.0,0.0,0.0,42,True,True,True,False,False,False,True,LigaPro_Portugal_2a_división,,,,,2016-09-28 15:00:00
2016-2017,9,0,0,0,9,0,9,1,2,0,0,8,3,8,4,16,7,7,15,59,41,Estádio do Centro Desportivo da Madeira,"VE4 65, Madeira",1,2,1.97,3.29,4.56,0.0,0.0,0.0,0.0,0.0,0.0,0.0,0.0,0.0,0.0,0.0,0.0,0.0,0,0,0,0,0,0,0,1475074800,-1,0,84,0,416,-1,1,-1,-1,-1,-1,-1,-1,1,0,0,2,1,2,-1,0,0,0,0,0.0,0.0,0.0,0,0,0,0,0,0,1,1,0,0,-1,-1,0,0,-1,-1,-1,-1,-1,-1,-1,-1,-1,42,84,29,84,CF União,Fafe,1.9,1.29,1.67,2.0,1.5,1.25,59,17,0.0,0.0,0.0,42,False,False,False,False,False,False,False,LigaPro_Portugal_2a_división,,,,,2016-09-28 15:00:00
2016-2017,9,0,0,0,13,2,15,4,4,0,0,8,5,9,11,17,16,18,13,54,46,Estádio do Mar,"Lugar da Cruz de Pau, Matosinhos",4,4,2.17,3.1,4.05,0.0,0.0,0.0,0.0,0.0,0.0,0.0,0.0,0.0,0.0,0.0,0.0,0.0,0,0,0,0,0,0,0,1475074800,-1,0,50,0,595,-1,1,-1,-1,-1,-1,-1,-1,1,2,3,2,3,5,-1,0,0,0,0,0.0,0.0,0.0,0,0,0,0,0,0,1,1,0,0,-1,-1,0,0,-1,-1,-1,-1,-1,-1,-1,-1,-1,50,63,25,50,Leixões,Gil Vicente,1.38,0.86,1.25,0.75,0.75,1.13,50,38,0.0,0.0,0.0,42,False,False,False,False,False,False,False,LigaPro_Portugal_2a_división,,,,,2016-09-28 15:00:00
2016-2017,9,5,1,6,2,2,4,1,1,0,0,10,2,11,2,21,4,12,16,60,40,CGD Stadium Aurélio Pereira,", Alcochete",1,1,2.28,3.25,3.52,0.0,0.0,0.0,0.0,0.0,0.0,0.0,0.0,0.0,0.0,0.0,0.0,0.0,6,1,0,4,1,5,1,1475074800,1029,0,88,0,244,-1,1,-1,-1,-1,-1,-1,-1,0,1,1,0,1,1,-1,0,0,0,0,0.0,0.0,0.0,0,1,0,1,0,0,1,1,0,0,-1,-1,0,0,-1,-1,-1,-1,-1,-1,-1,-1,-1,63,88,38,63,Sporting CP II,Cova Piedade,1.48,0.9,0.25,1.25,0.71,1.63,38,13,0.0,0.0,0.0,42,True,True,True,True,True,True,True,LigaPro_Portugal_2a_división,,,,,2016-09-28 15:00:00
2016-2017,9,2,1,3,9,5,14,5,3,0,0,5,3,3,10,8,13,12,11,48,52,"Estádio de São Miguel (Ponta Delgada, Ilha de São Miguel, Açores)","Rua Comandante Jaime de Sousa 21, Ponta Delgada, Ilha de São Miguel, Açores",5,3,2.02,3.16,4.56,0.0,0.0,0.0,0.0,0.0,0.0,0.0,0.0,0.0,0.0,0.0,0.0,0.0,3,2,0,0,1,1,2,1475078400,1028,0,50,0,1278,-1,1,-1,-1,-1,-1,-1,-1,1,1,4,2,2,6,-1,0,0,0,0,0.0,0.0,0.0,1,0,1,0,0,0,1,1,0,0,-1,-1,1,0,-1,-1,-1,-1,-1,-1,-1,-1,-1,50,75,0,75,Santa Clara,Varzim,1.86,1.43,3.0,0.5,2.71,1.38,50,25,0.0,0.0,0.0,42,True,True,True,False,False,False,True,LigaPro_Portugal_2a_división,,,,,2016-09-28 16:00:00
2016-2017,9,2,2,4,9,3,12,0,1,0,0,8,4,15,6,23,10,7,11,57,43,Estádio 1º de Maio,", Braga",0,1,3.25,3.11,2.49,0.0,0.0,0.0,0.0,0.0,0.0,0.0,0.0,0.0,0.0,0.0,0.0,0.0,4,0,1,2,1,3,1,1475078400,-1,0,42,0,480,-1,1,-1,-1,-1,-1,-1,-1,0,0,0,1,0,1,-1,0,0,0,0,0.0,0.0,0.0,0,0,0,0,0,0,1,1,0,0,-1,-1,0,0,-1,-1,-1,-1,-1,-1,-1,-1,-1,13,71,29,71,Sporting Braga II,CD Aves,1.76,1.52,1.25,1.67,1.38,1.71,88,29,0.0,0.0,0.0,42,True,True,True,True,False,False,True,LigaPro_Portugal_2a_división,,,,,2016-09-28 16:00:00
2016-2017,9,1,0,1,5,8,13,3,2,0,0,4,4,2,6,6,10,12,11,52,48,Estádio Municipal 25 de Abril,"Rua Futebol Clube de Penafiel, Penafiel",3,2,1.92,3.35,4.75,0.0,0.0,0.0,0.0,0.0,0.0,0.0,0.0,0.0,0.0,0.0,0.0,0.0,1,0,0,1,0,1,0,1475078400,182,0,50,0,481,-1,1,-1,-1,-1,-1,-1,-1,0,2,3,0,2,3,-1,0,0,0,0,0.0,0.0,0.0,0,0,0,0,0,0,1,1,0,0,-1,-1,0,0,-1,-1,-1,-1,-1,-1,-1,-1,-1,50,63,13,63,FC Penafiel,Vitória Guimarães II,2.14,0.62,2.5,1.5,1.63,1.25,50,38,0.0,0.0,0.0,42,True,False,False,False,False,False,False,LigaPro_Portugal_2a_división,,,,,2016-09-28 16:00:00
2016-2017,9,3,0,3,6,3,9,1,2,0,0,10,4,5,2,15,6,12,7,47,53,Estádio do Portimonense SC (Portimão),"Avenida Zeca Afonso Portimão, Portimão",1,2,1.9,3.38,4.8,0.0,0.0,0.0,0.0,0.0,0.0,0.0,0.0,0.0,0.0,0.0,0.0,0.0,3,1,0,2,0,2,1,1475082000,1025,0,75,0,1183,-1,1,-1,-1,-1,-1,-1,-1,0,0,1,2,0,3,-1,0,0,0,0,0.0,0.0,0.0,1,0,1,0,0,0,1,1,0,0,-1,-1,0,0,-1,-1,-1,-1,-1,-1,-1,-1,-1,63,100,50,75,Portimonense,Porto II,2.43,1.14,2.5,0.75,2.5,1.63,38,0,0.0,0.0,0.0,42,True,True,True,False,False,False,False,LigaPro_Portugal_2a_división,,,,,2016-09-28 17:00:00
2016-2017,10,3,1,4,9,3,12,1,2,0,1,12,2,4,3,16,5,17,13,60,40,Caixa Futebol Campus,", Seixal",1,3,2.59,3.14,3.03,0.0,0.0,0.0,0.0,0.0,0.0,0.0,0.0,0.0,0.0,0.0,0.0,0.0,4,1,1,2,0,2,2,1475403300,1031,0,54,0,805,-1,1,-1,-1,-1,-1,-1,-1,1,2,0,1,3,1,-1,0,0,0,0,0.0,0.0,0.0,0,0,0,0,0,0,1,1,0,1,-1,-1,0,0,-1,-1,-1,-1,-1,-1,-1,-1,-1,13,71,25,100,Benfica II,Santa Clara,1.9,1.0,2.0,2.33,2.0,2.75,88,29,0.0,0.0,0.0,42,True,True,True,True,False,False,True,LigaPro_Portugal_2a_división,,,,,2016-10-02 10:15:00
2016-2017,10,2,3,5,4,4,8,2,2,0,0,9,6,7,7,16,13,17,17,53,47,Estádio Municipal 22 de Junho,"Alameda dos Bargos, Vila Nova de Famalicão",2,2,3.09,3.21,2.53,0.0,0.0,0.0,0.0,0.0,0.0,0.0,0.0,0.0,0.0,0.0,0.0,0.0,5,0,1,2,2,4,1,1475403300,1025,0,63,0,2320,-1,1,-1,-1,-1,-1,-1,-1,2,1,0,1,3,1,-1,0,0,0,0,0.0,0.0,0.0,0,0,0,0,0,0,1,1,0,0,-1,-1,0,1,-1,-1,-1,-1,-1,-1,-1,-1,-1,50,75,38,75,Famalicão,Portimonense,1.71,1.52,2.0,2.5,1.13,2.56,50,25,0.0,0.0,0.0,42,True,True,True,True,True,False,True,LigaPro_Portugal_2a_división,,,,,2016-10-02 10:15:00
2016-2017,10,1,2,3,4,3,7,2,3,0,0,7,5,6,5,13,10,25,16,53,47,Estádio Dr. Machado de Matos,", ",2,3,3.22,3.1,2.52,0.0,0.0,0.0,0.0,0.0,0.0,0.0,0.0,0.0,0.0,0.0,0.0,0.0,3,1,2,0,0,0,3,1475403300,179,0,46,0,962,-1,1,-1,-1,-1,-1,-1,-1,1,0,1,3,1,4,-1,0,0,0,0,0.0,0.0,0.0,0,0,0,0,0,0,1,1,0,0,-1,-1,0,0,-1,-1,-1,-1,-1,-1,-1,-1,-1,29,71,13,59,Fafe,Associação Académica de Coimbra OAF,0.86,1.0,0.5,1.33,1.22,1.38,71,29,0.0,0.0,0.0,42,True,True,True,False,False,False,True,LigaPro_Portugal_2a_división,,,,,2016-10-02 10:15:00
2016-2017,10,1,1,2,6,5,11,2,3,1,2,4,4,6,7,10,11,23,20,48,52,Estádio Clube Desportivo das Aves,"Rua Luís Gonzaga Mendes de Carvalho 265, Vila das Aves",4,6,1.75,3.65,5.46,0.0,0.0,0.0,0.0,0.0,0.0,0.0,0.0,0.0,0.0,0.0,0.0,0.0,2,1,0,0,1,1,1,1475420400,-1,0,63,0,1125,-1,1,-1,-1,-1,-1,-1,-1,1,1,2,4,2,6,-1,0,0,0,0,0.0,0.0,0.0,0,0,0,0,0,0,1,1,1,0,-1,-1,0,0,-1,-1,-1,-1,-1,-1,-1,-1,-1,63,63,25,88,CD Aves,Leixões,2.33,0.81,1.75,0.25,1.63,0.78,38,38,0.0,0.0,0.0,42,True,True,False,False,False,False,True,LigaPro_Portugal_2a_división,,,,,2016-10-02 15:00:00
2016-2017,10,2,1,3,5,6,11,3,1,0,1,8,7,8,8,16,15,26,7,54,46,Estádio Cidade de Barcelos,"strada Nacional 103, Vila Boa, Barcelos",3,3,2.33,3.14,3.54,0.0,0.0,0.0,0.0,0.0,0.0,0.0,0.0,0.0,0.0,0.0,0.0,0.0,3,0,0,2,1,3,0,1475420400,183,0,38,0,730,-1,1,-1,-1,-1,-1,-1,-1,0,1,3,1,1,4,-1,0,0,0,0,0.0,0.0,0.0,0,0,0,0,0,0,1,1,0,0,-1,-1,0,0,-1,-1,-1,-1,-1,-1,-1,-1,-1,13,38,0,38,Gil Vicente,Sporting Braga II,1.81,1.19,1.5,1.5,1.11,1.33,88,63,0.0,0.0,0.0,42,True,True,True,False,False,False,True,LigaPro_Portugal_2a_división,,,,,2016-10-02 15:00:00
2016-2017,10,1,2,3,6,4,10,2,3,0,0,5,7,3,4,8,11,9,16,52,48,Estádio Dom Afonso Henriques,"Rua de São Gonçalo 505, Guimarães",2,3,2.43,3.17,3.3,0.0,0.0,0.0,0.0,0.0,0.0,0.0,0.0,0.0,0.0,0.0,0.0,0.0,3,0,1,1,1,2,1,1475420400,1026,0,50,0,1615,-1,1,-1,-1,-1,-1,-1,-1,0,0,2,3,0,5,-1,0,0,0,0,0.0,0.0,0.0,0,0,0,0,0,0,1,1,0,0,-1,-1,0,0,-1,-1,-1,-1,-1,-1,-1,-1,-1,38,63,0,63,Vitória Guimarães II,Sporting Covilhã,2.24,1.29,1.0,0.25,1.11,0.29,63,38,0.0,0.0,0.0,42,True,True,True,False,False,False,True,LigaPro_Portugal_2a_división,,,,,2016-10-02 15:00:00
2016-2017,10,0,0,0,10,3,13,3,2,0,0,0,3,6,4,6,7,14,11,47,53,Estádio Varzim Sport Club,"Rua do Varzim Sport Club, Póvoa de Varzim",3,2,2.63,3.04,3.11,0.0,0.0,0.0,0.0,0.0,0.0,0.0,0.0,0.0,0.0,0.0,0.0,0.0,0,0,0,0,0,0,0,1475420400,-1,0,25,0,1377,-1,1,-1,-1,-1,-1,-1,-1,0,0,3,2,0,5,-1,0,0,0,0,0.0,0.0,0.0,0,0,0,0,0,0,1,1,0,0,-1,-1,0,0,-1,-1,-1,-1,-1,-1,-1,-1,-1,38,63,25,50,Varzim,Freamunde,1.48,0.76,2.25,0.5,1.22,0.75,63,38,0.0,0.0,0.0,42,False,False,False,False,False,False,False,LigaPro_Portugal_2a_división,,,,,2016-10-02 15:00:00
2016-2017,10,3,2,5,3,5,8,2,2,0,0,6,6,6,7,12,13,20,16,53,47,Estádio Municipal José Martins Vieira,"Estrada do Brejo, Cova da Piedade, Almada",2,2,2.06,3.24,4.24,0.0,0.0,0.0,0.0,0.0,0.0,0.0,0.0,0.0,0.0,0.0,0.0,0.0,5,1,1,2,1,3,2,1475420400,1036,0,63,0,714,-1,1,-1,-1,-1,-1,-1,-1,0,0,2,2,0,4,-1,0,0,0,0,0.0,0.0,0.0,0,0,0,0,0,0,1,1,0,0,-1,-1,0,0,-1,-1,-1,-1,-1,-1,-1,-1,-1,38,63,25,63,Cova Piedade,SC Olhanense,1.62,0.43,2.0,0.0,1.44,0.11,63,38,0.0,0.0,0.0,42,True,True,True,True,True,False,True,LigaPro_Portugal_2a_división,,,,,2016-10-02 15:00:00
2016-2017,10,1,0,1,3,16,19,0,2,0,0,3,7,4,9,7,16,21,18,38,62,Estádio Do Vizela (Caldas de Vizela),,0,2,3.09,3.05,2.64,0.0,0.0,0.0,0.0,0.0,0.0,0.0,0.0,0.0,0.0,0.0,0.0,0.0,1,1,0,0,0,0,1,1475420400,4841,0,59,0,1035,-1,1,-1,-1,-1,-1,-1,-1,0,2,0,0,2,0,-1,0,0,0,0,0.0,0.0,0.0,0,0,0,0,0,0,1,1,1,0,-1,-1,0,0,-1,-1,-1,-1,-1,-1,-1,-1,-1,59,59,46,46,FC Vizela,FC Penafiel,1.24,0.86,0.67,0.75,1.63,1.78,42,42,0.0,0.0,0.0,42,True,False,False,False,False,False,False,LigaPro_Portugal_2a_división,,,,,2016-10-02 15:00:00
2016-2017,10,0,1,1,6,5,11,2,3,0,0,4,4,11,4,15,8,9,20,56,44,Estádio Municipal do Fontelo,"Avenida José Relvas, Viseu",2,3,2.68,3.21,2.89,0.0,0.0,0.0,0.0,0.0,0.0,0.0,0.0,0.0,0.0,0.0,0.0,0.0,1,0,1,0,0,0,1,1475420400,1029,0,71,0,672,-1,1,-1,-1,-1,-1,-1,-1,0,1,2,2,1,4,-1,0,0,0,0,0.0,0.0,0.0,0,0,0,0,0,0,1,1,0,0,-1,-1,0,0,-1,-1,-1,-1,-1,-1,-1,-1,-1,59,88,0,75,Academico Viseu,Sporting CP II,1.29,1.14,1.25,1.33,0.75,1.0,42,13,0.0,0.0,0.0,42,True,False,False,False,False,False,False,LigaPro_Portugal_2a_división,,,,,2016-10-02 15:00:00
2016-2017,10,0,0,0,4,5,9,0,2,0,0,2,4,7,5,9,9,17,18,59,41,Estádio Dr. Jorge Sampaio,"Rua da Paradela, Pedroso, Vila Nova de Gaia",0,2,2.53,3.21,3.09,0.0,0.0,0.0,0.0,0.0,0.0,0.0,0.0,0.0,0.0,0.0,0.0,0.0,0,0,0,0,0,0,0,1475424000,-1,0,35,0,450,-1,1,-1,-1,-1,-1,-1,-1,0,0,0,2,0,2,-1,0,0,0,0,0.0,0.0,0.0,0,0,0,0,0,0,1,1,0,0,-1,-1,0,0,-1,-1,-1,-1,-1,-1,-1,-1,-1,25,55,10,43,Porto II,CF União,1.71,1.14,2.5,1.4,1.44,1.44,75,45,0.0,0.0,0.0,42,False,False,False,False,False,False,False,LigaPro_Portugal_2a_división,,,,,2016-10-02 16:00:00
2016-2017,6,0,0,0,12,3,15,4,4,0,1,4,2,9,4,13,6,25,19,56,44,Estádio Municipal José dos Santos Pinto,"Rua Viriato, Covilhã",4,5,2.55,3.1,3.17,0.0,0.0,0.0,0.0,0.0,0.0,0.0,0.0,0.0,0.0,0.0,0.0,0.0,0,0,0,0,0,0,0,1475677800,-1,0,88,0,637,-1,1,-1,-1,-1,-1,-1,-1,2,2,2,3,4,5,-1,0,0,0,0,0.0,0.0,0.0,0,0,0,0,0,0,1,1,0,0,-1,-1,1,0,-1,-1,-1,-1,-1,-1,-1,-1,-1,59,88,13,71,Sporting Covilhã,Associação Académica de Coimbra OAF,1.67,1.0,0.33,1.75,0.63,1.56,42,13,0.0,0.0,0.0,42,False,False,False,False,False,False,False,LigaPro_Portugal_2a_división,,,,,2016-10-05 14:30:00
2016-2017,12,2,1,3,10,4,14,5,3,0,0,9,7,6,9,15,16,20,15,49,51,Estádio Cidade de Barcelos,"strada Nacional 103, Vila Boa, Barcelos",5,3,1.83,3.5,5.02,0.0,0.0,0.0,0.0,0.0,0.0,0.0,0.0,0.0,0.0,0.0,0.0,0.0,3,2,0,0,1,1,2,1475921700,183,0,50,0,523,-1,1,-1,-1,-1,-1,-1,-1,0,0,5,3,0,8,-1,0,0,0,0,0.0,0.0,0.0,0,1,0,1,0,0,1,1,0,0,-1,-1,0,0,-1,-1,-1,-1,-1,-1,-1,-1,-1,50,50,30,40,Gil Vicente,SC Olhanense,1.81,0.43,1.8,0.0,1.3,0.1,50,50,0.0,0.0,0.0,42,True,True,True,False,False,False,True,LigaPro_Portugal_2a_división,,,,,2016-10-08 10:15:00
2016-2017,9,1,1,2,4,6,10,2,1,0,1,3,3,11,6,14,9,11,13,53,47,Complexo Desportivo do SC Freamunde,"Rua do Sport Clube de Freamunde, Freamunde",2,2,2.11,3.24,4.04,0.0,0.0,0.0,0.0,0.0,0.0,0.0,0.0,0.0,0.0,0.0,0.0,0.0,2,1,1,0,0,0,2,1475938800,-1,0,38,0,520,-1,1,-1,-1,-1,-1,-1,-1,1,1,1,1,2,2,-1,0,0,0,0,0.0,0.0,0.0,0,0,0,0,0,0,1,1,0,0,-1,-1,0,0,-1,-1,-1,-1,-1,-1,-1,-1,-1,38,38,25,38,Freamunde,Academico Viseu,1.14,1.19,1.0,0.25,0.78,0.67,63,63,0.0,0.0,0.0,42,True,True,False,False,False,False,True,LigaPro_Portugal_2a_división,,,,,2016-10-08 15:00:00
2016-2017,11,0,1,1,7,4,11,2,2,0,0,7,5,11,9,18,14,15,22,53,47,Estádio do Centro Desportivo da Madeira,"VE4 65, Madeira",2,2,1.96,3.32,4.57,0.0,0.0,0.0,0.0,0.0,0.0,0.0,0.0,0.0,0.0,0.0,0.0,0.0,1,0,1,0,0,0,1,1476008100,1036,0,65,0,352,-1,1,-1,-1,-1,-1,-1,-1,1,1,1,1,2,2,-1,0,0,0,0,0.0,0.0,0.0,0,0,0,0,0,0,1,1,0,0,-1,-1,0,0,-1,-1,-1,-1,-1,-1,-1,-1,-1,33,65,33,65,CF União,Cova Piedade,1.9,0.9,1.5,1.0,1.4,1.6,68,35,0.0,0.0,0.0,42,True,False,False,False,False,False,False,LigaPro_Portugal_2a_división,,,,,2016-10-09 10:15:00
2016-2017,8,2,0,2,5,6,11,2,3,0,0,7,5,7,6,14,11,17,16,48,52,Estádio Clube Desportivo das Aves,"Rua Luís Gonzaga Mendes de Carvalho 265, Vila das Aves",2,3,1.84,3.58,4.82,0.0,0.0,0.0,0.0,0.0,0.0,0.0,0.0,0.0,0.0,0.0,0.0,0.0,2,0,0,2,0,2,0,1476021600,1024,0,75,0,990,-1,1,-1,-1,-1,-1,-1,-1,1,1,1,2,2,3,-1,0,0,0,0,0.0,0.0,0.0,0,0,0,0,0,0,1,1,0,0,-1,-1,0,0,-1,-1,-1,-1,-1,-1,-1,-1,-1,65,88,20,100,CD Aves,Sporting CP II,2.33,1.14,1.6,1.75,1.56,1.22,35,13,0.0,0.0,0.0,42,True,True,False,False,False,False,False,LigaPro_Portugal_2a_división,,,,,2016-10-09 14:00:00
2016-2017,8,0,0,0,7,12,19,0,4,0,0,4,7,8,12,12,19,17,12,44,56,Estádio Do Vizela (Caldas de Vizela),,0,4,2.81,2.99,2.94,0.0,0.0,0.0,0.0,0.0,0.0,0.0,0.0,0.0,0.0,0.0,0.0,0.0,0,0,0,0,0,0,0,1476025200,-1,0,50,0,1015,-1,1,-1,-1,-1,-1,-1,-1,0,2,0,2,2,2,-1,0,0,0,0,0.0,0.0,0.0,0,0,0,0,0,0,1,1,0,0,-1,-1,0,0,-1,-1,-1,-1,-1,-1,-1,-1,-1,38,63,38,88,FC Vizela,Santa Clara,1.24,1.0,1.25,1.75,1.78,2.44,63,38,0.0,0.0,0.0,42,False,False,False,False,False,False,False,LigaPro_Portugal_2a_división,,,,,2016-10-09 15:00:00
2016-2017,9,2,1,3,7,1,8,2,5,0,1,7,2,7,4,14,6,17,18,57,43,Estádio Municipal José dos Santos Pinto,"Rua Viriato, Covilhã",2,6,2.59,3.09,3.12,0.0,0.0,0.0,0.0,0.0,0.0,0.0,0.0,0.0,0.0,0.0,0.0,0.0,3,1,1,1,0,1,2,1476025200,1026,0,50,0,327,-1,1,-1,-1,-1,-1,-1,-1,1,2,1,4,3,5,-1,0,0,0,0,0.0,0.0,0.0,1,1,1,1,0,0,1,1,0,0,-1,-1,0,0,-1,-1,-1,-1,-1,-1,-1,-1,-1,63,75,13,63,Sporting Covilhã,Famalicão,1.67,0.81,0.5,0.25,0.67,1.0,38,25,0.0,0.0,0.0,42,True,True,True,False,False,False,True,LigaPro_Portugal_2a_división,,,,,2016-10-09 15:00:00
2016-2017,11,3,2,5,5,0,5,2,3,0,1,8,6,10,3,18,9,14,14,63,37,Estádio EFAPEL,"Rua Dom Manuel I, Coimbra",2,4,1.91,3.34,4.82,0.0,0.0,0.0,0.0,0.0,0.0,0.0,0.0,0.0,0.0,0.0,0.0,0.0,5,1,1,2,1,3,2,1476124200,179,0,30,0,2007,-1,1,-1,-1,-1,-1,-1,-1,0,4,2,0,4,2,-1,0,0,0,0,0.0,0.0,0.0,0,0,0,0,0,0,1,1,0,1,-1,-1,0,0,-1,-1,-1,-1,-1,-1,-1,-1,-1,40,50,10,70,Associação Académica de Coimbra OAF,Varzim,1.95,1.43,1.4,0.4,1.5,1.2,60,50,0.0,0.0,0.0,42,True,True,True,True,True,False,True,LigaPro_Portugal_2a_división,,,,,2016-10-10 18:30:00
2016-2017,11,1,1,2,11,1,12,3,4,0,0,9,2,20,2,29,4,11,15,62,38,Estádio Municipal José dos Santos Pinto,"Rua Viriato, Covilhã",3,4,2.41,2.93,3.58,0.0,0.0,0.0,0.0,0.0,0.0,0.0,0.0,0.0,0.0,0.0,0.0,0.0,2,0,0,1,1,2,0,1476889200,-1,0,60,0,160,-1,1,-1,-1,-1,-1,-1,-1,1,1,2,3,2,5,-1,0,0,0,0,0.0,0.0,0.0,0,0,0,0,0,0,1,1,0,0,-1,-1,0,0,-1,-1,-1,-1,-1,-1,-1,-1,-1,50,60,10,40,Sporting Covilhã,FC Vizela,1.67,0.95,1.0,2.2,0.9,1.7,50,40,0.0,0.0,0.0,42,True,True,False,False,False,False,True,LigaPro_Portugal_2a_división,,,,,2016-10-19 15:00:00
2016-2017,11,2,3,5,4,5,9,4,2,0,0,8,6,9,7,17,13,15,21,49,51,Complexo Desportivo do SC Freamunde,"Rua do Sport Clube de Freamunde, Freamunde",4,2,2.2,3.15,3.81,0.0,0.0,0.0,0.0,0.0,0.0,0.0,0.0,0.0,0.0,0.0,0.0,0.0,5,2,2,0,1,1,4,1476889200,1029,0,40,0,567,-1,1,-1,-1,-1,-1,-1,-1,1,1,3,1,2,4,-1,0,0,0,0,0.0,0.0,0.0,0,0,0,0,0,0,1,1,0,0,-1,-1,0,0,-1,-1,-1,-1,-1,-1,-1,-1,-1,30,60,10,60,Freamunde,Sporting CP II,1.14,1.14,1.0,1.4,0.8,1.1,70,40,0.0,0.0,0.0,42,True,True,True,True,True,False,True,LigaPro_Portugal_2a_división,,,,,2016-10-19 15:00:00
2016-2017,11,1,2,3,2,12,14,1,4,0,0,3,5,3,12,6,17,14,15,34,66,Estádio José Arcanjo,"Apartado 104, Rua da Feira, Olhão",1,4,3.7,3.22,2.2,0.0,0.0,0.0,0.0,0.0,0.0,0.0,0.0,0.0,0.0,0.0,0.0,0.0,3,1,1,0,1,1,2,1476889200,1024,0,55,0,217,-1,1,-1,-1,-1,-1,-1,-1,0,1,1,3,1,4,-1,0,0,0,0,0.0,0.0,0.0,0,0,0,0,0,0,1,1,1,0,-1,-1,0,0,-1,-1,-1,-1,-1,-1,-1,-1,-1,53,78,13,78,SC Olhanense,CD Aves,0.9,1.52,0.2,1.5,0.09,1.7,48,23,0.0,0.0,0.0,42,True,True,True,False,False,False,True,LigaPro_Portugal_2a_división,,,,,2016-10-19 15:00:00
2016-2017,11,3,0,3,4,6,10,1,3,0,0,8,5,2,3,10,8,13,16,46,54,Estádio do Portimonense SC (Portimão),"Avenida Zeca Afonso Portimão, Portimão",1,3,1.7,3.7,5.68,0.0,0.0,0.0,0.0,0.0,0.0,0.0,0.0,0.0,0.0,0.0,0.0,0.0,3,2,0,1,0,1,2,1476889200,1025,0,60,0,2213,-1,1,-1,-1,-1,-1,-1,-1,1,2,0,1,3,1,-1,0,0,0,0,0.0,0.0,0.0,0,0,0,0,0,0,1,1,1,0,-1,-1,0,0,-1,-1,-1,-1,-1,-1,-1,-1,-1,60,90,30,70,Portimonense,Benfica II,2.43,1.1,2.6,2.0,2.6,2.1,40,10,0.0,0.0,0.0,42,True,True,True,False,False,False,False,LigaPro_Portugal_2a_división,,,,,2016-10-19 15:00:00
2016-2017,11,2,2,4,5,6,11,4,1,0,0,6,7,7,12,13,19,13,11,49,51,Estádio do Mar,"Lugar da Cruz de Pau, Matosinhos",4,1,2.53,2.98,3.3,0.0,0.0,0.0,0.0,0.0,0.0,0.0,0.0,0.0,0.0,0.0,0.0,0.0,4,0,2,2,0,2,2,1476889200,-1,0,50,0,507,-1,1,-1,-1,-1,-1,-1,-1,0,0,4,1,0,5,-1,0,0,0,0,0.0,0.0,0.0,0,0,0,0,0,0,1,1,0,0,-1,-1,0,0,-1,-1,-1,-1,-1,-1,-1,-1,-1,40,60,10,40,Leixões,Sporting Braga II,1.38,1.19,1.2,1.2,0.8,1.2,60,40,0.0,0.0,0.0,42,True,True,True,True,False,False,True,LigaPro_Portugal_2a_división,,,,,2016-10-19 15:00:00
2016-2017,11,1,3,4,5,4,9,2,1,2,0,4,6,11,1,15,7,19,19,52,48,Estádio Dom Afonso Henriques,"Rua de São Gonçalo 505, Guimarães",4,1,2.42,3.07,3.38,0.0,0.0,0.0,0.0,0.0,0.0,0.0,0.0,0.0,0.0,0.0,0.0,0.0,4,0,0,1,3,4,0,1476889200,4885,0,80,0,1587,-1,1,-1,-1,-1,-1,-1,-1,1,0,3,1,1,4,-1,0,0,0,0,0.0,0.0,0.0,0,1,0,1,0,0,1,1,0,0,-1,-1,0,0,-1,-1,-1,-1,-1,-1,-1,-1,-1,50,90,10,90,Vitória Guimarães II,Fafe,2.24,1.29,0.8,1.8,1.0,1.1,50,10,0.0,0.0,0.0,42,True,True,True,True,False,False,True,LigaPro_Portugal_2a_división,,,,,2016-10-19 15:00:00
2016-2017,11,1,1,2,5,7,12,3,3,0,0,4,5,10,8,14,13,18,16,60,40,Estádio Dr. Jorge Sampaio,"Rua da Paradela, Pedroso, Vila Nova de Gaia",3,3,2.12,3.29,3.87,0.0,0.0,0.0,0.0,0.0,0.0,0.0,0.0,0.0,0.0,0.0,0.0,0.0,2,0,0,1,1,2,0,1476889200,-1,0,40,0,468,-1,1,-1,-1,-1,-1,-1,-1,0,2,3,1,2,4,-1,0,0,0,0,0.0,0.0,0.0,0,0,0,0,0,0,1,1,0,0,-1,-1,0,0,-1,-1,-1,-1,-1,-1,-1,-1,-1,60,60,20,50,Porto II,Famalicão,1.71,0.81,2.2,0.2,1.4,0.9,40,40,0.0,0.0,0.0,42,True,True,False,False,False,False,True,LigaPro_Portugal_2a_división,,,,,2016-10-19 15:00:00
2016-2017,11,1,0,1,14,4,18,1,2,0,0,6,2,4,2,10,4,11,11,50,50,Estádio Municipal 25 de Abril,"Rua Futebol Clube de Penafiel, Penafiel",1,2,2.09,3.11,4.24,0.0,0.0,0.0,0.0,0.0,0.0,0.0,0.0,0.0,0.0,0.0,0.0,0.0,1,0,0,1,0,1,0,1476889200,182,0,50,0,393,-1,1,-1,-1,-1,-1,-1,-1,0,0,1,2,0,3,-1,0,0,0,0,0.0,0.0,0.0,0,0,0,0,0,0,1,1,0,0,-1,-1,0,0,-1,-1,-1,-1,-1,-1,-1,-1,-1,30,50,20,40,FC Penafiel,Gil Vicente,2.14,0.86,2.6,0.8,1.6,1.45,70,50,0.0,0.0,0.0,42,True,False,False,False,False,False,False,LigaPro_Portugal_2a_división,,,,,2016-10-19 15:00:00
2016-2017,11,1,2,3,7,2,9,2,5,0,0,4,5,6,4,10,9,9,13,62,38,"Estádio de São Miguel (Ponta Delgada, Ilha de São Miguel, Açores)","Rua Comandante Jaime de Sousa 21, Ponta Delgada, Ilha de São Miguel, Açores",2,5,1.74,3.45,5.89,0.0,0.0,0.0,0.0,0.0,0.0,0.0,0.0,0.0,0.0,0.0,0.0,0.0,3,1,1,0,1,1,2,1476892800,1032,0,60,0,867,-1,1,-1,-1,-1,-1,-1,-1,0,1,2,4,1,6,-1,0,0,0,0,0.0,0.0,0.0,0,1,0,1,0,0,1,1,0,1,-1,-1,0,0,-1,-1,-1,-1,-1,-1,-1,-1,-1,50,70,40,70,Santa Clara,Academico Viseu,1.86,1.19,3.0,0.4,2.3,0.7,50,30,0.0,0.0,0.0,42,True,True,True,False,False,False,True,LigaPro_Portugal_2a_división,,,,,2016-10-19 16:00:00
2016-2017,12,2,2,4,4,15,19,4,4,0,0,3,10,4,14,7,24,19,18,41,59,Estádio Varzim Sport Club,"Rua do Varzim Sport Club, Póvoa de Varzim",4,4,3.85,3.17,2.2,0.0,0.0,0.0,0.0,0.0,0.0,0.0,0.0,0.0,0.0,0.0,0.0,0.0,4,1,0,1,2,3,1,1477217700,-1,0,30,0,904,-1,1,-1,-1,-1,-1,-1,-1,1,2,3,2,3,5,-1,0,0,0,0,0.0,0.0,0.0,0,0,0,0,0,0,1,1,1,0,-1,-1,0,0,-1,-1,-1,-1,-1,-1,-1,-1,-1,40,70,20,70,Varzim,Portimonense,1.48,1.52,2.0,2.6,1.09,2.64,60,30,0.0,0.0,0.0,42,True,True,True,True,False,False,True,LigaPro_Portugal_2a_división,,,,,2016-10-23 10:15:00
2016-2017,12,1,1,2,2,12,14,2,3,0,0,3,8,4,12,7,20,13,14,34,66,Estádio Do Vizela (Caldas de Vizela),,2,3,2.59,3.08,3.12,0.0,0.0,0.0,0.0,0.0,0.0,0.0,0.0,0.0,0.0,0.0,0.0,0.0,2,0,0,1,1,2,0,1477231200,-1,0,50,0,1089,-1,1,-1,-1,-1,-1,-1,-1,0,1,2,2,1,4,-1,0,0,0,0,0.0,0.0,0.0,0,0,0,0,0,0,1,1,0,0,-1,-1,0,0,-1,-1,-1,-1,-1,-1,-1,-1,-1,60,70,40,80,FC Vizela,Porto II,1.24,1.14,1.2,0.6,1.64,1.36,40,30,0.0,0.0,0.0,42,True,True,False,False,False,False,True,LigaPro_Portugal_2a_división,,,,,2016-10-23 14:00:00
2016-2017,12,2,1,3,3,5,8,2,3,0,1,8,5,8,5,16,10,23,13,61,39,Estádio Clube Desportivo das Aves,"Rua Luís Gonzaga Mendes de Carvalho 265, Vila das Aves",2,4,1.9,3.35,4.86,0.0,0.0,0.0,0.0,0.0,0.0,0.0,0.0,0.0,0.0,0.0,0.0,0.0,3,0,0,2,1,3,0,1477234800,1024,0,62,0,970,-1,1,-1,-1,-1,-1,-1,-1,1,0,1,4,1,5,-1,0,0,0,0,0.0,0.0,0.0,1,0,1,0,0,0,1,1,0,0,-1,-1,0,0,-1,-1,-1,-1,-1,-1,-1,-1,-1,54,70,27,52,CD Aves,Freamunde,2.33,0.76,1.83,0.6,1.82,0.73,47,30,0.0,0.0,0.0,42,True,True,True,False,False,False,True,LigaPro_Portugal_2a_división,,,,,2016-10-23 15:00:00
2016-2017,12,2,0,2,5,4,9,4,2,0,0,7,0,7,4,14,4,9,15,59,41,Caixa Futebol Campus,", Seixal",4,2,2.45,3.1,3.34,0.0,0.0,0.0,0.0,0.0,0.0,0.0,0.0,0.0,0.0,0.0,0.0,0.0,2,0,0,2,0,2,0,1477234800,1031,0,60,0,685,-1,1,-1,-1,-1,-1,-1,-1,2,1,2,1,3,3,-1,0,0,0,0,0.0,0.0,0.0,0,0,0,0,0,0,1,1,0,0,-1,-1,0,1,-1,-1,-1,-1,-1,-1,-1,-1,-1,40,60,40,70,Benfica II,FC Penafiel,1.9,0.86,2.2,0.6,1.91,1.73,60,40,0.0,0.0,0.0,42,True,True,False,False,False,False,False,LigaPro_Portugal_2a_división,,,,,2016-10-23 15:00:00
2016-2017,12,1,2,3,7,4,11,1,1,0,0,7,7,8,4,15,11,13,7,59,41,Estádio 1º de Maio,", Braga",1,1,2.8,2.99,2.95,0.0,0.0,0.0,0.0,0.0,0.0,0.0,0.0,0.0,0.0,0.0,0.0,0.0,3,0,0,1,2,3,0,1477234800,1028,0,50,0,295,-1,1,-1,-1,-1,-1,-1,-1,0,0,1,1,0,2,-1,0,0,0,0,0.0,0.0,0.0,1,1,1,1,0,0,1,1,0,0,-1,-1,0,0,-1,-1,-1,-1,-1,-1,-1,-1,-1,30,70,20,80,Sporting Braga II,Santa Clara,1.76,1.0,1.2,1.6,1.18,2.09,70,30,0.0,0.0,0.0,42,True,True,True,False,False,False,True,LigaPro_Portugal_2a_división,,,,,2016-10-23 15:00:00
2016-2017,12,2,0,2,6,3,9,3,5,0,1,6,3,5,6,11,9,15,12,53,47,Estádio Municipal 22 de Junho,"Alameda dos Bargos, Vila Nova de Famalicão",3,6,2.62,3.08,3.09,0.0,0.0,0.0,0.0,0.0,0.0,0.0,0.0,0.0,0.0,0.0,0.0,0.0,2,1,0,1,0,1,1,1477234800,1033,0,49,0,1681,-1,1,-1,-1,-1,-1,-1,-1,1,2,2,4,3,6,-1,0,0,0,0,0.0,0.0,0.0,0,0,0,0,0,0,1,1,0,0,-1,-1,0,0,-1,-1,-1,-1,-1,-1,-1,-1,-1,30,65,29,65,Famalicão,CF União,1.71,1.14,1.6,1.33,0.91,1.27,70,35,0.0,0.0,0.0,42,True,True,False,False,False,False,False,LigaPro_Portugal_2a_división,,,,,2016-10-23 15:00:00
2016-2017,12,0,0,0,5,5,10,2,2,0,0,5,5,7,10,12,15,12,11,40,60,Estádio Municipal do Fontelo,"Avenida José Relvas, Viseu",2,2,3.15,3.05,2.6,0.0,0.0,0.0,0.0,0.0,0.0,0.0,0.0,0.0,0.0,0.0,0.0,0.0,0,0,0,0,0,0,0,1477234800,-1,0,60,0,847,-1,1,-1,-1,-1,-1,-1,-1,0,0,2,2,0,4,-1,0,0,0,0,0.0,0.0,0.0,0,0,0,0,0,0,1,1,0,0,-1,-1,0,0,-1,-1,-1,-1,-1,-1,-1,-1,-1,40,60,10,60,Academico Viseu,Associação Académica de Coimbra OAF,1.29,1.0,1.0,1.6,0.91,1.64,60,40,0.0,0.0,0.0,42,False,False,False,False,False,False,False,LigaPro_Portugal_2a_división,,,,,2016-10-23 15:00:00
2016-2017,12,1,1,2,4,8,12,2,4,0,1,6,3,9,4,15,7,16,12,51,49,Estádio Dr. Machado de Matos,", ",2,5,2.94,3.05,2.76,0.0,0.0,0.0,0.0,0.0,0.0,0.0,0.0,0.0,0.0,0.0,0.0,0.0,2,0,1,1,0,1,1,1477234800,-1,0,40,0,564,-1,1,-1,-1,-1,-1,-1,-1,1,2,1,3,3,4,-1,0,0,0,0,0.0,0.0,0.0,0,0,0,0,0,0,1,1,0,0,-1,-1,0,0,-1,-1,-1,-1,-1,-1,-1,-1,-1,40,60,20,50,Fafe,Sporting Covilhã,0.86,1.29,0.4,0.8,1.27,0.91,60,40,0.0,0.0,0.0,42,True,True,False,False,False,False,True,LigaPro_Portugal_2a_división,,,,,2016-10-23 15:00:00
2016-2017,12,2,0,2,5,4,9,1,1,0,0,9,3,5,2,14,5,18,18,46,54,Estádio Municipal José Martins Vieira,"Estrada do Brejo, Cova da Piedade, Almada",1,1,2.14,3.34,3.79,0.0,0.0,0.0,0.0,0.0,0.0,0.0,0.0,0.0,0.0,0.0,0.0,0.0,2,1,0,1,0,1,1,1477234800,1036,0,50,0,594,-1,1,-1,-1,-1,-1,-1,-1,0,1,1,0,1,1,-1,0,0,0,0,0.0,0.0,0.0,0,0,0,0,0,0,1,1,0,0,-1,-1,0,0,-1,-1,-1,-1,-1,-1,-1,-1,-1,40,60,10,70,Cova Piedade,Vitória Guimarães II,1.62,0.62,2.2,1.2,1.73,0.91,60,40,0.0,0.0,0.0,42,True,True,False,False,False,False,False,LigaPro_Portugal_2a_división,,,,,2016-10-23 15:00:00
2016-2017,12,2,1,3,6,4,10,3,2,0,1,8,5,6,6,14,11,17,13,55,45,CGD Stadium Aurélio Pereira,", Alcochete",3,4,2.2,3.22,3.76,0.0,0.0,0.0,0.0,0.0,0.0,0.0,0.0,0.0,0.0,0.0,0.0,0.0,3,1,0,1,1,2,1,1477234800,1029,0,70,0,227,-1,1,-1,-1,-1,-1,-1,-1,1,1,2,2,2,4,-1,0,0,0,0,0.0,0.0,0.0,0,0,0,0,0,0,1,1,1,0,-1,-1,0,0,-1,-1,-1,-1,-1,-1,-1,-1,-1,60,70,10,70,Sporting CP II,Leixões,1.48,0.81,0.8,0.4,1.27,0.82,40,30,0.0,0.0,0.0,42,True,True,True,False,False,False,True,LigaPro_Portugal_2a_división,,,,,2016-10-23 15:00:00
2016-2017,13,4,0,4,3,4,7,0,3,0,0,7,0,3,5,10,5,10,16,54,46,Estádio Dr. Jorge Sampaio,"Rua da Paradela, Pedroso, Vila Nova de Gaia",0,3,2.05,3.43,3.99,0.0,0.0,0.0,0.0,0.0,0.0,0.0,0.0,0.0,0.0,0.0,0.0,0.0,4,2,0,2,0,2,2,1477677600,1037,0,67,0,359,-1,1,-1,-1,-1,-1,-1,-1,0,1,0,2,1,2,-1,0,0,0,0,0.0,0.0,0.0,1,0,1,0,0,0,1,1,1,0,-1,-1,0,0,-1,-1,-1,-1,-1,-1,-1,-1,-1,42,67,9,42,Porto II,Fafe,1.71,1.29,2.0,2.0,1.33,1.25,59,34,0.0,0.0,0.0,42,True,True,True,True,False,False,False,LigaPro_Portugal_2a_división,,,,,2016-10-28 18:00:00
2016-2017,13,2,2,4,6,2,8,2,3,0,0,4,8,1,6,5,14,16,25,57,43,Estádio José Arcanjo,"Apartado 104, Rua da Feira, Olhão",2,3,3.73,3.39,2.14,0.0,0.0,0.0,0.0,0.0,0.0,0.0,0.0,0.0,0.0,0.0,0.0,0.0,4,0,1,2,1,3,1,1477736100,-1,0,59,0,255,-1,1,-1,-1,-1,-1,-1,-1,0,0,2,3,0,5,-1,0,0,0,0,0.0,0.0,0.0,0,0,0,0,0,0,1,1,0,1,-1,-1,0,0,-1,-1,-1,-1,-1,-1,-1,-1,-1,67,83,17,83,SC Olhanense,Sporting CP II,0.9,1.14,0.17,1.67,0.08,1.42,34,17,0.0,0.0,0.0,42,True,True,True,True,False,False,True,LigaPro_Portugal_2a_división,,,,,2016-10-29 10:15:00
2016-2017,13,1,0,1,6,6,12,1,2,0,0,4,4,6,8,10,12,16,14,42,58,Estádio Dom Afonso Henriques,"Rua de São Gonçalo 505, Guimarães",1,2,2.68,3.29,2.83,0.0,0.0,0.0,0.0,0.0,0.0,0.0,0.0,0.0,0.0,0.0,0.0,0.0,1,0,0,1,0,1,0,1477749600,1027,0,67,0,1943,-1,1,-1,-1,-1,-1,-1,-1,0,2,1,0,2,1,-1,0,0,0,0,0.0,0.0,0.0,0,0,0,0,0,0,1,1,0,0,-1,-1,0,0,-1,-1,-1,-1,-1,-1,-1,-1,-1,67,92,17,75,Vitória Guimarães II,Famalicão,2.24,0.81,0.67,0.33,0.83,1.08,33,9,0.0,0.0,0.0,42,True,False,False,False,False,False,False,LigaPro_Portugal_2a_división,,,,,2016-10-29 14:00:00
2016-2017,13,0,0,0,5,5,10,1,2,0,0,3,3,4,7,7,10,19,18,57,43,Complexo Desportivo do SC Freamunde,"Rua do Sport Clube de Freamunde, Freamunde",1,2,2.33,3.21,3.45,0.0,0.0,0.0,0.0,0.0,0.0,0.0,0.0,0.0,0.0,0.0,0.0,0.0,0,0,0,0,0,0,0,1477753200,-1,0,67,0,418,-1,1,-1,-1,-1,-1,-1,-1,0,0,1,2,0,3,-1,0,0,0,0,0.0,0.0,0.0,0,0,0,0,0,0,1,1,0,0,-1,-1,0,0,-1,-1,-1,-1,-1,-1,-1,-1,-1,42,67,25,50,Freamunde,Sporting Braga II,1.14,1.19,0.83,1.17,0.67,1.08,59,34,0.0,0.0,0.0,42,False,False,False,False,False,False,False,LigaPro_Portugal_2a_división,,,,,2016-10-29 15:00:00
2016-2017,13,1,0,1,3,8,11,1,3,0,0,4,4,11,11,15,15,18,10,45,55,Estádio do Centro Desportivo da Madeira,"VE4 65, Madeira",1,3,2.5,3.23,3.12,0.0,0.0,0.0,0.0,0.0,0.0,0.0,0.0,0.0,0.0,0.0,0.0,0.0,1,0,0,1,0,1,0,1477826100,178,0,45,0,854,-1,1,-1,-1,-1,-1,-1,-1,0,2,1,1,2,2,-1,0,0,0,0,0.0,0.0,0.0,0,0,0,0,0,0,1,1,0,0,-1,-1,0,0,-1,-1,-1,-1,-1,-1,-1,-1,-1,44,62,27,72,CF União,Benfica II,1.9,1.1,1.2,1.67,1.17,2.0,57,39,0.0,0.0,0.0,42,True,False,False,False,False,False,False,LigaPro_Portugal_2a_división,,,,,2016-10-30 11:15:00
2016-2017,13,0,0,0,9,8,17,1,4,0,1,4,4,12,8,16,12,15,18,65,35,Estádio EFAPEL,"Rua Dom Manuel I, Coimbra",1,5,2.05,3.25,4.26,0.0,0.0,0.0,0.0,0.0,0.0,0.0,0.0,0.0,0.0,0.0,0.0,0.0,0,0,0,0,0,0,0,1477839600,-1,0,34,0,2708,-1,1,-1,-1,-1,-1,-1,-1,0,0,1,5,0,6,-1,0,0,0,0,0.0,0.0,0.0,0,0,0,0,0,0,1,1,0,0,-1,-1,0,0,-1,-1,-1,-1,-1,-1,-1,-1,-1,33,42,17,50,Associação Académica de Coimbra OAF,Gil Vicente,1.95,0.86,1.67,0.67,1.58,1.33,67,59,0.0,0.0,0.0,42,False,False,False,False,False,False,False,LigaPro_Portugal_2a_división,,,,,2016-10-30 15:00:00
2016-2017,13,1,0,1,8,2,10,3,3,1,0,6,0,7,7,13,7,14,25,54,46,Estádio Municipal José dos Santos Pinto,"Rua Viriato, Covilhã",4,3,2.23,3.2,3.71,0.0,0.0,0.0,0.0,0.0,0.0,0.0,0.0,0.0,0.0,0.0,0.0,0.0,1,1,0,0,0,0,1,1477839600,1026,0,75,0,310,-1,1,-1,-1,-1,-1,-1,-1,1,1,3,2,2,5,-1,0,0,0,0,0.0,0.0,0.0,0,0,0,0,0,0,1,1,0,0,-1,-1,0,0,-1,-1,-1,-1,-1,-1,-1,-1,-1,42,75,25,67,Sporting Covilhã,Cova Piedade,1.67,0.9,1.0,1.33,0.92,1.83,59,25,0.0,0.0,0.0,42,True,False,False,False,False,False,False,LigaPro_Portugal_2a_división,,,,,2016-10-30 15:00:00
2016-2017,13,0,1,1,6,3,9,1,1,1,0,6,3,9,4,15,7,12,12,52,48,Estádio do Mar,"Lugar da Cruz de Pau, Matosinhos",3,1,2.59,3.12,3.09,0.0,0.0,0.0,0.0,0.0,0.0,0.0,0.0,0.0,0.0,0.0,0.0,0.0,1,0,0,0,1,1,0,1477839600,1032,0,50,0,943,-1,1,-1,-1,-1,-1,-1,-1,0,0,2,1,0,3,-1,0,0,0,0,0.0,0.0,0.0,0,1,0,1,0,0,1,1,0,0,-1,-1,0,0,-1,-1,-1,-1,-1,-1,-1,-1,-1,50,59,50,59,Leixões,Academico Viseu,1.38,1.19,1.17,0.83,0.75,0.92,50,42,0.0,0.0,0.0,42,True,False,False,False,False,False,False,LigaPro_Portugal_2a_división,,,,,2016-10-30 15:00:00
2016-2017,13,0,2,2,8,3,11,1,3,0,0,2,5,3,9,5,14,9,22,50,50,"Estádio de São Miguel (Ponta Delgada, Ilha de São Miguel, Açores)","Rua Comandante Jaime de Sousa 21, Ponta Delgada, Ilha de São Miguel, Açores",1,3,2.69,3.18,2.91,0.0,0.0,0.0,0.0,0.0,0.0,0.0,0.0,0.0,0.0,0.0,0.0,0.0,2,0,0,0,2,2,0,1477843200,1024,0,64,0,1412,-1,1,-1,-1,-1,-1,-1,-1,0,1,1,2,1,3,-1,0,0,0,0,0.0,0.0,0.0,0,0,0,0,0,0,1,1,0,0,-1,-1,0,0,-1,-1,-1,-1,-1,-1,-1,-1,-1,54,82,37,82,Santa Clara,CD Aves,1.86,1.52,2.5,1.8,2.17,1.92,47,19,0.0,0.0,0.0,42,True,True,False,False,False,False,False,LigaPro_Portugal_2a_división,,,,,2016-10-30 16:00:00
2016-2017,13,2,1,3,10,2,12,3,4,0,0,8,2,5,2,13,4,15,17,59,41,Estádio Municipal 25 de Abril,"Rua Futebol Clube de Penafiel, Penafiel",3,4,2.12,3.19,4.08,0.0,0.0,0.0,0.0,0.0,0.0,0.0,0.0,0.0,0.0,0.0,0.0,0.0,3,0,1,2,0,2,1,1477843200,182,0,50,0,687,-1,1,-1,-1,-1,-1,-1,-1,1,2,2,2,3,4,-1,0,0,0,0,0.0,0.0,0.0,1,0,1,0,0,0,1,1,0,0,-1,-1,0,0,-1,-1,-1,-1,-1,-1,-1,-1,-1,42,58,25,58,FC Penafiel,Varzim,2.14,1.43,2.67,0.33,1.58,1.08,58,42,0.0,0.0,0.0,42,True,True,True,False,False,False,True,LigaPro_Portugal_2a_división,,,,,2016-10-30 16:00:00
2016-2017,13,2,1,3,13,1,14,1,1,0,0,9,3,17,2,26,5,8,10,67,33,Estádio do Portimonense SC (Portimão),"Avenida Zeca Afonso Portimão, Portimão",1,1,1.43,4.39,9.75,0.0,0.0,0.0,0.0,0.0,0.0,0.0,0.0,0.0,0.0,0.0,0.0,0.0,3,0,1,2,0,2,1,1477843200,1025,0,50,0,2185,-1,1,-1,-1,-1,-1,-1,-1,1,0,0,1,1,1,-1,0,0,0,0,0.0,0.0,0.0,0,1,0,1,0,0,1,1,0,0,-1,-1,0,0,-1,-1,-1,-1,-1,-1,-1,-1,-1,50,75,25,42,Portimonense,FC Vizela,2.43,0.95,2.67,2.0,2.5,1.58,50,25,0.0,0.0,0.0,42,True,True,True,False,False,False,True,LigaPro_Portugal_2a_división,,,,,2016-10-30 16:00:00
2016-2017,14,2,0,2,4,2,6,4,0,0,0,6,6,5,2,11,8,17,7,52,48,Estádio Clube Desportivo das Aves,"Rua Luís Gonzaga Mendes de Carvalho 265, Vila das Aves",4,0,1.98,3.34,4.45,0.0,0.0,0.0,0.0,0.0,0.0,0.0,0.0,0.0,0.0,0.0,0.0,0.0,2,0,0,2,0,2,0,1478344500,1024,0,68,0,950,-1,1,-1,-1,-1,-1,-1,-1,2,0,2,0,2,2,-1,0,0,0,0,0.0,0.0,0.0,0,0,0,0,0,0,1,1,0,0,-1,-1,0,0,-1,-1,-1,-1,-1,-1,-1,-1,-1,52,75,23,61,CD Aves,Associação Académica de Coimbra OAF,2.33,1.0,2.0,1.5,2.0,1.54,48,25,0.0,0.0,0.0,42,True,True,False,False,False,False,False,LigaPro_Portugal_2a_división,,,,,2016-11-05 11:15:00
2016-2017,14,2,1,3,3,5,8,2,6,1,1,7,8,5,6,12,14,14,18,44,56,Estádio 1º de Maio,", Braga",3,8,2.6,3.12,3.07,0.0,0.0,0.0,0.0,0.0,0.0,0.0,0.0,0.0,0.0,0.0,0.0,0.0,3,2,1,0,0,0,3,1478358000,1035,0,50,0,-1,-1,1,-1,-1,-1,-1,-1,-1,1,2,2,5,3,7,-1,0,0,0,0,0.0,0.0,0.0,0,1,0,1,0,0,1,1,0,0,-1,-1,0,0,-1,-1,-1,-1,-1,-1,-1,-1,-1,42,67,17,50,Sporting Braga II,FC Penafiel,1.76,0.86,1.0,0.5,1.08,1.69,59,34,0.0,0.0,0.0,42,True,True,True,False,False,False,True,LigaPro_Portugal_2a_división,,,,,2016-11-05 15:00:00
2016-2017,14,3,1,4,3,4,7,1,0,0,2,0,0,0,0,0,0,13,16,-1,-1,CGD Stadium Aurélio Pereira,", Alcochete",1,4,2.25,3.35,3.48,0.0,0.0,0.0,0.0,0.0,0.0,0.0,0.0,0.0,0.0,0.0,0.0,0.0,4,1,1,2,0,2,2,1478358000,1029,0,75,0,149,-1,1,-1,-1,-1,-1,-1,-1,0,0,1,2,0,3,-1,0,0,0,0,0.0,0.0,0.0,0,0,0,0,0,0,1,1,0,0,-1,-1,0,0,-1,-1,-1,-1,-1,-1,-1,-1,-1,67,84,17,67,Sporting CP II,Santa Clara,1.48,1.0,1.17,1.83,1.38,2.0,34,17,0.0,0.0,0.0,42,True,True,True,True,False,False,True,LigaPro_Portugal_2a_división,,,,,2016-11-05 15:00:00
2016-2017,14,2,2,4,4,10,14,2,3,0,0,4,7,2,13,6,20,15,17,39,61,Caixa Futebol Campus,", Seixal",2,3,2.37,3.24,3.33,0.0,0.0,0.0,0.0,0.0,0.0,0.0,0.0,0.0,0.0,0.0,0.0,0.0,4,2,1,0,1,1,3,1478361600,-1,0,59,0,789,-1,1,-1,-1,-1,-1,-1,-1,0,0,2,3,0,5,-1,0,0,0,0,0.0,0.0,0.0,0,0,0,0,0,0,1,1,0,0,-1,-1,0,0,-1,-1,-1,-1,-1,-1,-1,-1,-1,33,67,25,67,Benfica II,Sporting Covilhã,1.9,1.29,2.33,0.83,1.85,1.08,67,34,0.0,0.0,0.0,42,True,True,True,True,False,False,True,LigaPro_Portugal_2a_división,,,,,2016-11-05 16:00:00
2016-2017,14,0,1,1,4,5,9,2,2,0,1,3,6,6,5,9,11,18,16,53,47,Estádio Cidade de Barcelos,"strada Nacional 103, Vila Boa, Barcelos",2,3,3.9,3.46,2.06,0.0,0.0,0.0,0.0,0.0,0.0,0.0,0.0,0.0,0.0,0.0,0.0,0.0,1,0,1,0,0,0,1,1478430900,1025,0,50,0,783,-1,1,-1,-1,-1,-1,-1,-1,0,2,2,1,2,3,-1,0,0,0,0,0.0,0.0,0.0,0,0,0,0,0,0,1,1,0,0,-1,-1,0,0,-1,-1,-1,-1,-1,-1,-1,-1,-1,50,58,17,58,Gil Vicente,Portimonense,1.81,1.52,2.0,2.33,1.31,2.54,50,42,0.0,0.0,0.0,42,True,False,False,False,False,False,False,LigaPro_Portugal_2a_división,,,,,2016-11-06 11:15:00
2016-2017,14,1,0,1,6,6,12,1,0,0,0,6,4,3,10,9,14,28,10,44,56,Estádio Municipal José Martins Vieira,"Estrada do Brejo, Cova da Piedade, Almada",1,0,2.47,3.28,3.11,0.0,0.0,0.0,0.0,0.0,0.0,0.0,0.0,0.0,0.0,0.0,0.0,0.0,1,1,0,0,0,0,1,1478430900,1036,0,59,0,1224,-1,1,-1,-1,-1,-1,-1,-1,1,0,0,0,1,0,-1,0,0,0,0,0.0,0.0,0.0,0,0,0,0,0,0,1,1,0,0,-1,-1,0,0,-1,-1,-1,-1,-1,-1,-1,-1,-1,42,84,25,83,Cova Piedade,Porto II,1.62,1.14,2.33,0.67,1.69,1.46,58,17,0.0,0.0,0.0,42,True,False,False,False,False,False,False,LigaPro_Portugal_2a_división,,,,,2016-11-06 11:15:00
2016-2017,14,0,1,1,3,4,7,5,2,0,0,4,5,9,4,13,9,16,16,53,47,Complexo Desportivo do SC Freamunde,"Rua do Sport Clube de Freamunde, Freamunde",5,2,2.15,3.15,4.05,0.0,0.0,0.0,0.0,0.0,0.0,0.0,0.0,0.0,0.0,0.0,0.0,0.0,1,0,1,0,0,0,1,1478444400,1030,0,47,0,472,-1,1,-1,-1,-1,-1,-1,-1,2,0,3,2,2,5,-1,0,0,0,0,0.0,0.0,0.0,0,0,0,0,0,0,1,1,0,0,-1,-1,0,0,-1,-1,-1,-1,-1,-1,-1,-1,-1,31,47,15,63,Freamunde,Leixões,1.14,0.81,0.86,0.33,0.69,0.69,69,54,0.0,0.0,0.0,42,True,False,False,False,False,False,False,LigaPro_Portugal_2a_división,,,,,2016-11-06 15:00:00
2016-2017,14,3,1,4,4,4,8,3,2,1,0,9,2,4,4,13,6,13,22,49,51,Estádio Municipal 22 de Junho,"Alameda dos Bargos, Vila Nova de Famalicão",4,2,1.81,3.6,5.0,0.0,0.0,0.0,0.0,0.0,0.0,0.0,0.0,0.0,0.0,0.0,0.0,0.0,4,3,0,0,1,1,3,1478444400,1033,0,69,0,4164,-1,1,-1,-1,-1,-1,-1,-1,0,0,4,2,0,6,-1,0,0,0,0,0.0,0.0,0.0,0,0,0,0,0,0,1,1,1,0,-1,-1,0,0,-1,-1,-1,-1,-1,-1,-1,-1,-1,54,85,31,77,Famalicão,Fafe,1.71,1.29,1.83,1.71,1.0,1.15,47,16,0.0,0.0,0.0,42,True,True,True,True,False,False,True,LigaPro_Portugal_2a_división,,,,,2016-11-06 15:00:00
2016-2017,14,1,1,2,3,5,8,2,4,1,1,5,8,7,11,12,19,17,15,49,51,Estádio Do Vizela (Caldas de Vizela),,4,6,2.11,3.32,3.92,0.0,0.0,0.0,0.0,0.0,0.0,0.0,0.0,0.0,0.0,0.0,0.0,0.0,2,0,1,1,0,1,1,1478444400,-1,0,42,0,828,-1,1,-1,-1,-1,-1,-1,-1,0,1,3,4,1,7,-1,0,0,0,0,0.0,0.0,0.0,0,0,0,0,0,0,1,1,0,0,-1,-1,0,0,-1,-1,-1,-1,-1,-1,-1,-1,-1,42,59,17,59,FC Vizela,Vitória Guimarães II,1.24,0.62,1.17,1.0,1.46,1.0,59,42,0.0,0.0,0.0,42,True,True,False,False,False,False,True,LigaPro_Portugal_2a_división,,,,,2016-11-06 15:00:00
2016-2017,14,0,1,1,7,3,10,1,4,1,0,3,4,8,5,11,9,19,18,58,42,Estádio Municipal do Fontelo,"Avenida José Relvas, Viseu",3,4,1.82,3.47,5.23,0.0,0.0,0.0,0.0,0.0,0.0,0.0,0.0,0.0,0.0,0.0,0.0,0.0,1,0,1,0,0,0,1,1478444400,184,0,67,0,710,-1,1,-1,-1,-1,-1,-1,-1,0,1,2,3,1,5,-1,0,0,0,0,0.0,0.0,0.0,0,0,0,0,0,0,1,1,0,1,-1,-1,0,0,-1,-1,-1,-1,-1,-1,-1,-1,-1,58,67,34,59,Academico Viseu,SC Olhanense,1.29,0.43,1.0,0.0,1.08,0.15,42,34,0.0,0.0,0.0,42,True,False,False,False,False,False,False,LigaPro_Portugal_2a_división,,,,,2016-11-06 15:00:00
2016-2017,14,2,1,3,4,4,8,2,1,0,0,3,4,10,7,13,11,5,14,53,47,Estádio Varzim Sport Club,"Rua do Varzim Sport Club, Póvoa de Varzim",2,1,2.22,3.15,3.8,0.0,0.0,0.0,0.0,0.0,0.0,0.0,0.0,0.0,0.0,0.0,0.0,0.0,3,0,1,2,0,2,1,1478444400,1034,0,16,0,976,-1,1,-1,-1,-1,-1,-1,-1,0,0,2,1,0,3,-1,0,0,0,0,0.0,0.0,0.0,0,0,0,0,0,0,1,1,0,1,-1,-1,0,0,-1,-1,-1,-1,-1,-1,-1,-1,-1,17,62,16,62,Varzim,CF União,1.48,1.14,1.83,1.14,1.0,1.31,84,38,0.0,0.0,0.0,42,True,True,True,False,False,False,True,LigaPro_Portugal_2a_división,,,,,2016-11-06 15:00:00
2016-2017,19,2,2,4,11,4,15,2,4,0,1,15,4,9,4,24,8,13,15,60,40,Estádio do Centro Desportivo da Madeira,"VE4 65, Madeira",2,5,1.83,3.36,5.34,0.0,0.0,0.0,0.0,0.0,0.0,0.0,0.0,0.0,0.0,0.0,0.0,0.0,4,0,1,2,1,3,1,1478962800,-1,0,45,0,506,-1,1,-1,-1,-1,-1,-1,-1,2,3,0,2,5,2,-1,0,0,0,0,0.0,0.0,0.0,0,0,0,0,0,0,1,1,0,0,-1,-1,0,1,-1,-1,-1,-1,-1,-1,-1,-1,-1,30,45,37,54,CF União,Academico Viseu,1.9,1.19,1.5,1.14,1.21,1.0,70,55,0.0,0.0,0.0,42,True,True,True,True,False,False,True,LigaPro_Portugal_2a_división,,,,,2016-11-12 15:00:00
2016-2017,15,0,0,0,6,4,10,2,8,0,1,3,2,10,4,13,6,22,19,59,41,"Estádio de São Miguel (Ponta Delgada, Ilha de São Miguel, Açores)","Rua Comandante Jaime de Sousa 21, Ponta Delgada, Ilha de São Miguel, Açores",2,10,1.94,3.28,4.75,0.0,0.0,0.0,0.0,0.0,0.0,0.0,0.0,0.0,0.0,0.0,0.0,0.0,0,0,0,0,0,0,0,1478977200,-1,0,54,0,1161,-1,1,-1,-1,-1,-1,-1,-1,0,4,2,5,4,7,-1,0,0,0,0,0.0,0.0,0.0,0,0,0,0,0,0,1,1,0,0,-1,-1,0,1,-1,-1,-1,-1,-1,-1,-1,-1,-1,54,68,23,44,Santa Clara,Freamunde,1.86,0.76,2.14,0.5,1.86,0.64,47,32,0.0,0.0,0.0,42,False,False,False,False,False,False,False,LigaPro_Portugal_2a_división,,,,,2016-11-12 19:00:00
2016-2017,15,1,0,1,7,4,11,1,2,0,0,7,4,4,7,11,11,13,12,50,50,Estádio EFAPEL,"Rua Dom Manuel I, Coimbra",1,2,1.89,3.24,5.18,0.0,0.0,0.0,0.0,0.0,0.0,0.0,0.0,0.0,0.0,0.0,0.0,0.0,1,1,0,0,0,0,1,1479049200,179,0,29,0,2572,-1,1,-1,-1,-1,-1,-1,-1,0,0,1,2,0,3,-1,0,0,0,0,0.0,0.0,0.0,0,0,0,0,0,0,1,1,0,0,-1,-1,0,0,-1,-1,-1,-1,-1,-1,-1,-1,-1,29,36,7,72,Associação Académica de Coimbra OAF,Leixões,1.95,0.81,1.57,0.71,1.43,0.86,71,64,0.0,0.0,0.0,42,True,False,False,False,False,False,False,LigaPro_Portugal_2a_división,,,,,2016-11-13 15:00:00
2016-2017,15,1,3,4,9,2,11,2,3,0,0,7,5,8,3,15,8,14,22,52,48,Estádio Dr. Machado de Matos,", ",2,3,3.21,3.15,2.49,0.0,0.0,0.0,0.0,0.0,0.0,0.0,0.0,0.0,0.0,0.0,0.0,0.0,4,0,0,1,3,4,0,1479049200,1036,0,54,0,504,-1,1,-1,-1,-1,-1,-1,-1,2,2,0,1,4,1,-1,0,0,0,0,0.0,0.0,0.0,0,0,0,0,0,0,1,1,0,0,-1,-1,0,0,-1,-1,-1,-1,-1,-1,-1,-1,-1,31,70,31,77,Fafe,Cova Piedade,0.86,0.9,0.5,1.14,1.07,1.79,69,30,0.0,0.0,0.0,42,True,True,True,True,False,False,True,LigaPro_Portugal_2a_división,,,,,2016-11-13 15:00:00
2016-2017,15,1,0,1,7,3,10,1,1,1,0,3,6,9,2,12,8,14,11,61,39,Estádio José Arcanjo,"Apartado 104, Rua da Feira, Olhão",2,1,2.56,3.1,3.14,0.0,0.0,0.0,0.0,0.0,0.0,0.0,0.0,0.0,0.0,0.0,0.0,0.0,1,0,0,1,0,1,0,1479052800,184,0,64,0,267,-1,1,-1,-1,-1,-1,-1,-1,0,0,2,1,0,3,-1,0,0,0,0,0.0,0.0,0.0,0,0,0,0,0,0,1,1,0,0,-1,-1,0,0,-1,-1,-1,-1,-1,-1,-1,-1,-1,65,72,7,58,SC Olhanense,FC Vizela,0.9,0.95,0.29,1.71,0.36,1.43,36,29,0.0,0.0,0.0,42,True,False,False,False,False,False,False,LigaPro_Portugal_2a_división,,,,,2016-11-13 16:00:00
2016-2017,15,1,0,1,7,5,12,3,1,0,0,0,0,0,0,0,0,12,12,-1,-1,Estádio do Portimonense SC (Portimão),"Avenida Zeca Afonso Portimão, Portimão",3,1,1.47,4.31,8.49,0.0,0.0,0.0,0.0,0.0,0.0,0.0,0.0,0.0,0.0,0.0,0.0,0.0,1,0,0,1,0,1,0,1479654000,1025,0,64,0,1370,-1,1,-1,-1,-1,-1,-1,-1,1,0,2,1,1,3,-1,0,0,0,0,0.0,0.0,0.0,0,0,0,0,0,0,1,1,0,0,-1,-1,0,0,-1,-1,-1,-1,-1,-1,-1,-1,-1,57,86,29,57,Portimonense,Sporting Braga II,2.43,1.19,2.71,1.14,2.57,1.21,43,15,0.0,0.0,0.0,42,True,False,False,False,False,False,False,LigaPro_Portugal_2a_división,,,,,2016-11-20 15:00:00
2016-2017,15,1,1,2,5,6,11,1,2,0,0,5,6,3,8,8,14,7,17,63,37,Estádio Dr. Jorge Sampaio,"Rua da Paradela, Pedroso, Vila Nova de Gaia",1,2,1.83,3.49,5.06,0.0,0.0,0.0,0.0,0.0,0.0,0.0,0.0,0.0,0.0,0.0,0.0,0.0,2,0,0,1,1,2,0,1479912300,-1,0,57,0,377,-1,1,-1,-1,-1,-1,-1,-1,0,0,1,2,0,3,-1,0,0,0,0,0.0,0.0,0.0,0,0,0,0,0,0,1,1,0,0,-1,-1,0,0,-1,-1,-1,-1,-1,-1,-1,-1,-1,57,72,22,58,Porto II,Varzim,1.71,1.43,2.14,0.29,1.36,1.14,43,29,0.0,0.0,0.0,42,True,True,False,False,False,False,True,LigaPro_Portugal_2a_división,,,,,2016-11-23 14:45:00
2016-2017,15,0,2,2,2,1,3,3,3,0,0,0,0,0,0,0,0,15,13,-1,-1,Estádio Municipal José dos Santos Pinto,"Rua Viriato, Covilhã",3,3,2.66,3.02,3.1,0.0,0.0,0.0,0.0,0.0,0.0,0.0,0.0,0.0,0.0,0.0,0.0,0.0,2,0,0,0,2,2,0,1479913200,1024,0,61,0,137,-1,1,-1,-1,-1,-1,-1,-1,0,1,3,2,1,5,-1,0,0,0,0,0.0,0.0,0.0,0,1,0,1,0,0,1,1,0,0,-1,-1,0,0,-1,-1,-1,-1,-1,-1,-1,-1,-1,38,77,24,62,Sporting Covilhã,CD Aves,1.67,1.52,1.29,2.0,1.07,2.07,62,23,0.0,0.0,0.0,42,True,True,False,False,False,False,False,LigaPro_Portugal_2a_división,,,,,2016-11-23 15:00:00
2016-2017,15,0,0,0,9,5,14,5,3,0,1,6,0,9,2,15,2,15,13,54,46,Estádio Municipal 22 de Junho,"Alameda dos Bargos, Vila Nova de Famalicão",5,5,2.22,3.32,3.59,0.0,0.0,0.0,0.0,0.0,0.0,0.0,0.0,0.0,0.0,0.0,0.0,0.0,0,0,0,0,0,0,0,1479913200,-1,0,57,0,2250,-1,1,-1,-1,-1,-1,-1,-1,1,1,4,3,2,7,-1,0,0,0,0,0.0,0.0,0.0,0,0,0,0,0,0,1,1,0,0,-1,-1,0,0,-1,-1,-1,-1,-1,-1,-1,-1,-1,57,79,36,79,Famalicão,Benfica II,1.71,1.1,2.0,1.43,1.14,1.79,43,22,0.0,0.0,0.0,42,False,False,False,False,False,False,False,LigaPro_Portugal_2a_división,,,,,2016-11-23 15:00:00
2016-2017,15,2,0,2,6,4,10,1,1,0,2,0,0,0,0,0,0,14,20,-1,-1,Estádio Dom Afonso Henriques,"Rua de São Gonçalo 505, Guimarães",1,4,2.25,3.15,3.73,0.0,0.0,0.0,0.0,0.0,0.0,0.0,0.0,0.0,0.0,0.0,0.0,0.0,2,0,0,2,0,2,0,1479913200,1027,0,57,0,1058,-1,1,-1,-1,-1,-1,-1,-1,0,0,1,3,0,4,-1,0,0,0,0,0.0,0.0,0.0,1,0,1,0,0,0,1,1,0,0,-1,-1,0,0,-1,-1,-1,-1,-1,-1,-1,-1,-1,43,65,7,50,Vitória Guimarães II,Gil Vicente,2.24,0.86,1.0,0.71,1.0,1.21,57,36,0.0,0.0,0.0,42,True,True,False,False,False,False,False,LigaPro_Portugal_2a_división,,,,,2016-11-23 15:00:00
2016-2017,15,0,1,1,3,3,6,0,5,0,2,7,4,10,3,17,7,11,19,55,45,Estádio do Centro Desportivo da Madeira,"VE4 65, Madeira",0,7,2.26,3.21,3.62,0.0,0.0,0.0,0.0,0.0,0.0,0.0,0.0,0.0,0.0,0.0,0.0,0.0,1,0,1,0,0,0,1,1479913200,1029,0,50,0,434,-1,1,-1,-1,-1,-1,-1,-1,0,0,0,7,0,7,-1,0,0,0,0,0.0,0.0,0.0,0,0,0,0,0,0,1,1,0,0,-1,-1,0,0,-1,-1,-1,-1,-1,-1,-1,-1,-1,43,65,14,72,CF União,Sporting CP II,1.9,1.14,1.43,1.57,1.2,1.5,57,36,0.0,0.0,0.0,42,True,False,False,False,False,False,False,LigaPro_Portugal_2a_división,,,,,2016-11-23 15:00:00
2016-2017,15,2,1,3,9,4,13,2,3,0,0,5,4,8,3,13,7,12,22,51,49,Estádio Municipal 25 de Abril,"Rua Futebol Clube de Penafiel, Penafiel",2,3,1.83,3.33,5.48,0.0,0.0,0.0,0.0,0.0,0.0,0.0,0.0,0.0,0.0,0.0,0.0,0.0,3,1,1,1,0,1,2,1479916800,182,0,53,0,409,-1,1,-1,-1,-1,-1,-1,-1,0,0,2,3,0,5,-1,0,0,0,0,0.0,0.0,0.0,0,0,0,0,0,0,1,1,0,0,-1,-1,0,0,-1,-1,-1,-1,-1,-1,-1,-1,-1,40,53,32,53,FC Penafiel,Academico Viseu,2.14,1.19,2.71,1.13,1.57,1.0,61,48,0.0,0.0,0.0,42,True,True,True,False,False,False,True,LigaPro_Portugal_2a_división,,,,,2016-11-23 16:00:00
2016-2017,16,1,0,1,6,5,11,2,2,0,0,6,4,9,1,15,5,10,12,50,50,Estádio Clube Desportivo das Aves,"Rua Luís Gonzaga Mendes de Carvalho 265, Vila das Aves",2,2,2.69,3.14,2.94,0.0,0.0,0.0,0.0,0.0,0.0,0.0,0.0,0.0,0.0,0.0,0.0,0.0,1,0,0,1,0,1,0,1480245300,1024,0,66,0,800,-1,1,-1,-1,-1,-1,-1,-1,1,0,1,2,1,3,-1,0,0,0,0,0.0,0.0,0.0,0,0,0,0,0,0,1,1,0,0,-1,-1,0,0,-1,-1,-1,-1,-1,-1,-1,-1,-1,60,86,20,75,CD Aves,Portimonense,2.33,1.52,2.13,2.43,2.13,2.6,41,15,0.0,0.0,0.0,42,True,False,False,False,False,False,False,LigaPro_Portugal_2a_división,,,,,2016-11-27 11:15:00
2016-2017,16,2,2,4,12,2,14,3,3,0,0,0,0,0,0,0,0,14,15,-1,-1,Estádio 1º de Maio,", Braga",3,3,2.0,3.33,4.34,0.0,0.0,0.0,0.0,0.0,0.0,0.0,0.0,0.0,0.0,0.0,0.0,0.0,4,1,1,1,1,2,2,1480258800,-1,0,71,0,295,-1,1,-1,-1,-1,-1,-1,-1,0,0,3,3,0,6,-1,0,0,0,0,0.0,0.0,0.0,0,0,0,0,0,0,1,1,0,1,-1,-1,0,0,-1,-1,-1,-1,-1,-1,-1,-1,-1,64,79,43,71,Sporting Braga II,SC Olhanense,1.76,0.43,1.29,0.43,1.13,0.53,36,22,0.0,0.0,0.0,42,True,True,True,True,False,False,True,LigaPro_Portugal_2a_división,,,,,2016-11-27 15:00:00
2016-2017,16,1,0,1,6,9,15,2,1,0,0,4,3,7,8,11,11,13,5,35,65,Estádio Cidade de Barcelos,"strada Nacional 103, Vila Boa, Barcelos",2,1,2.55,3.12,3.15,0.0,0.0,0.0,0.0,0.0,0.0,0.0,0.0,0.0,0.0,0.0,0.0,0.0,1,0,0,1,0,1,0,1480258800,183,0,43,0,789,-1,1,-1,-1,-1,-1,-1,-1,1,0,1,1,1,2,-1,0,0,0,0,0.0,0.0,0.0,0,0,0,0,0,0,1,1,0,0,-1,-1,0,0,-1,-1,-1,-1,-1,-1,-1,-1,-1,43,58,22,65,Gil Vicente,Porto II,1.81,1.14,1.71,0.57,1.13,1.33,57,43,0.0,0.0,0.0,42,True,False,False,False,False,False,False,LigaPro_Portugal_2a_división,,,,,2016-11-27 15:00:00
2016-2017,16,1,1,2,6,2,8,2,4,0,0,4,6,15,5,19,11,11,15,55,45,Estádio do Mar,"Lugar da Cruz de Pau, Matosinhos",2,4,3.02,2.99,2.74,0.0,0.0,0.0,0.0,0.0,0.0,0.0,0.0,0.0,0.0,0.0,0.0,0.0,2,0,0,1,1,2,0,1480258800,-1,0,43,0,1111,-1,1,-1,-1,-1,-1,-1,-1,1,2,1,2,3,3,-1,0,0,0,0,0.0,0.0,0.0,1,0,1,0,0,0,1,1,0,0,-1,-1,1,0,-1,-1,-1,-1,-1,-1,-1,-1,-1,43,57,29,57,Leixões,Santa Clara,1.38,1.0,1.0,1.57,0.8,1.8,57,43,0.0,0.0,0.0,42,True,True,False,False,False,False,True,LigaPro_Portugal_2a_división,,,,,2016-11-27 15:00:00
2016-2017,16,0,0,0,3,6,9,5,1,0,0,2,0,6,8,8,8,25,16,38,62,Complexo Desportivo do SC Freamunde,"Rua do Sport Clube de Freamunde, Freamunde",5,1,3.22,2.97,2.61,0.0,0.0,0.0,0.0,0.0,0.0,0.0,0.0,0.0,0.0,0.0,0.0,0.0,0,0,0,0,0,0,0,1480258800,-1,0,41,0,741,-1,1,-1,-1,-1,-1,-1,-1,2,1,3,0,3,3,-1,0,0,0,0,0.0,0.0,0.0,0,0,0,0,0,0,1,1,0,0,-1,-1,1,0,-1,-1,-1,-1,-1,-1,-1,-1,-1,27,48,20,47,Freamunde,Associação Académica de Coimbra OAF,1.14,1.0,0.75,1.29,0.67,1.53,73,53,0.0,0.0,0.0,42,False,False,False,False,False,False,False,LigaPro_Portugal_2a_división,,,,,2016-11-27 15:00:00
2016-2017,16,0,1,1,3,10,13,5,1,1,0,2,8,6,8,8,16,17,17,40,60,Estádio Municipal do Fontelo,"Avenida José Relvas, Viseu",7,1,2.87,3.04,2.83,0.0,0.0,0.0,0.0,0.0,0.0,0.0,0.0,0.0,0.0,0.0,0.0,0.0,1,0,0,0,1,1,0,1480258800,1026,0,50,0,549,-1,1,-1,-1,-1,-1,-1,-1,2,1,4,0,3,4,-1,0,0,0,0,0.0,0.0,0.0,0,0,0,0,0,0,1,1,0,0,-1,-1,0,0,-1,-1,-1,-1,-1,-1,-1,-1,-1,36,50,7,57,Academico Viseu,Sporting Covilhã,1.29,1.29,0.86,0.86,0.94,1.0,64,50,0.0,0.0,0.0,42,True,False,False,False,False,False,False,LigaPro_Portugal_2a_división,,,,,2016-11-27 15:00:00
2016-2017,16,1,2,3,1,6,7,7,1,0,1,4,6,5,3,9,9,22,20,56,44,Estádio Municipal José Martins Vieira,"Estrada do Brejo, Cova da Piedade, Almada",7,2,2.22,3.23,3.69,0.0,0.0,0.0,0.0,0.0,0.0,0.0,0.0,0.0,0.0,0.0,0.0,0.0,3,0,1,1,1,2,1,1480258800,1033,0,43,0,920,-1,1,-1,-1,-1,-1,-1,-1,2,1,5,1,3,6,-1,0,0,0,0,0.0,0.0,0.0,0,0,0,0,0,0,1,1,0,0,-1,-1,0,0,-1,-1,-1,-1,-1,-1,-1,-1,-1,36,64,22,72,Cova Piedade,Famalicão,1.62,0.81,2.43,0.29,1.87,1.13,65,36,0.0,0.0,0.0,42,True,True,True,False,False,False,True,LigaPro_Portugal_2a_división,,,,,2016-11-27 15:00:00
2016-2017,16,1,1,2,5,4,9,1,1,0,0,6,4,7,7,13,11,15,9,47,53,Estádio Varzim Sport Club,"Rua do Varzim Sport Club, Póvoa de Varzim",1,1,1.99,3.41,4.27,0.0,0.0,0.0,0.0,0.0,0.0,0.0,0.0,0.0,0.0,0.0,0.0,0.0,2,1,0,0,1,1,1,1480258800,-1,0,36,0,923,-1,1,-1,-1,-1,-1,-1,-1,0,0,1,1,0,2,-1,0,0,0,0,0.0,0.0,0.0,0,0,0,0,0,0,1,1,0,0,-1,-1,0,0,-1,-1,-1,-1,-1,-1,-1,-1,-1,43,71,7,71,Varzim,Vitória Guimarães II,1.48,0.62,2.0,1.0,1.13,1.13,57,29,0.0,0.0,0.0,42,True,True,False,False,False,False,True,LigaPro_Portugal_2a_división,,,,,2016-11-27 15:00:00
2016-2017,16,1,2,3,5,13,18,2,3,0,0,9,6,4,6,13,12,14,17,55,45,CGD Stadium Aurélio Pereira,", Alcochete",2,3,2.22,3.23,3.69,0.0,0.0,0.0,0.0,0.0,0.0,0.0,0.0,0.0,0.0,0.0,0.0,0.0,3,1,1,0,1,1,2,1480258800,182,0,72,0,94,-1,1,-1,-1,-1,-1,-1,-1,2,2,0,1,4,1,-1,0,0,0,0,0.0,0.0,0.0,0,0,0,0,0,0,1,1,0,1,-1,-1,0,0,-1,-1,-1,-1,-1,-1,-1,-1,-1,72,79,29,57,Sporting CP II,FC Penafiel,1.48,0.86,1.43,0.43,1.6,1.67,29,22,0.0,0.0,0.0,42,True,True,True,False,False,False,True,LigaPro_Portugal_2a_división,,,,,2016-11-27 15:00:00
2016-2017,16,1,1,2,7,9,16,3,2,0,0,6,3,1,10,7,13,14,19,42,58,Estádio Do Vizela (Caldas de Vizela),,3,2,2.61,3.02,3.17,0.0,0.0,0.0,0.0,0.0,0.0,0.0,0.0,0.0,0.0,0.0,0.0,0.0,2,1,0,0,1,1,1,1480258800,-1,0,41,0,814,-1,1,-1,-1,-1,-1,-1,-1,2,2,1,0,4,1,-1,0,0,0,0,0.0,0.0,0.0,0,0,0,0,0,0,1,1,1,0,-1,-1,0,0,-1,-1,-1,-1,-1,-1,-1,-1,-1,21,60,21,60,FC Vizela,CF União,1.24,1.14,1.14,1.0,1.33,1.13,80,41,0.0,0.0,0.0,42,True,True,False,False,False,False,True,LigaPro_Portugal_2a_división,,,,,2016-11-27 15:00:00
2016-2017,16,0,1,1,12,2,14,1,1,0,0,11,3,13,3,24,6,20,14,63,37,Caixa Futebol Campus,", Seixal",1,1,1.76,3.74,5.1,0.0,0.0,0.0,0.0,0.0,0.0,0.0,0.0,0.0,0.0,0.0,0.0,0.0,1,0,0,0,1,1,0,1480356000,4885,0,73,0,554,-1,1,-1,-1,-1,-1,-1,-1,0,0,1,1,0,2,-1,0,0,0,0,0.0,0.0,0.0,0,0,0,0,0,0,1,1,0,0,-1,-1,0,0,-1,-1,-1,-1,-1,-1,-1,-1,-1,53,87,48,81,Benfica II,Fafe,1.9,1.29,2.14,1.5,1.73,1.0,48,14,0.0,0.0,0.0,42,True,False,False,False,False,False,False,LigaPro_Portugal_2a_división,,,,,2016-11-28 18:00:00
2016-2017,17,3,0,3,8,1,9,2,3,0,0,7,4,6,6,13,10,14,12,50,50,Estádio do Portimonense SC (Portimão),"Avenida Zeca Afonso Portimão, Portimão",2,3,1.41,4.55,9.95,0.0,0.0,0.0,0.0,0.0,0.0,0.0,0.0,0.0,0.0,0.0,0.0,0.0,3,1,0,2,0,2,1,1480763700,1025,0,59,0,696,-1,1,-1,-1,-1,-1,-1,-1,0,1,2,2,1,4,-1,0,0,0,0,0.0,0.0,0.0,0,0,0,0,0,0,1,1,1,0,-1,-1,0,0,-1,-1,-1,-1,-1,-1,-1,-1,-1,60,78,47,65,Portimonense,Academico Viseu,2.43,1.19,2.75,1.0,2.44,0.88,41,23,0.0,0.0,0.0,42,True,True,True,False,False,False,False,LigaPro_Portugal_2a_división,,,,,2016-12-03 11:15:00
2016-2017,17,0,0,0,10,3,13,2,3,2,1,6,4,7,8,13,12,16,13,51,49,Estádio Municipal 22 de Junho,"Alameda dos Bargos, Vila Nova de Famalicão",5,5,2.64,3.18,2.96,0.0,0.0,0.0,0.0,0.0,0.0,0.0,0.0,0.0,0.0,0.0,0.0,0.0,0,0,0,0,0,0,0,1480850100,-1,0,53,0,2215,-1,1,-1,-1,-1,-1,-1,-1,0,0,4,4,0,8,-1,0,0,0,0,0.0,0.0,0.0,0,0,0,0,0,0,1,1,0,0,-1,-1,0,0,-1,-1,-1,-1,-1,-1,-1,-1,-1,40,81,34,66,Famalicão,CD Aves,1.71,1.52,1.88,2.14,1.25,2.19,61,20,0.0,0.0,0.0,42,False,False,False,False,False,False,False,LigaPro_Portugal_2a_división,,,,,2016-12-04 11:15:00
2016-2017,17,1,0,1,7,4,11,4,2,1,0,6,2,5,9,11,11,12,13,56,44,Estádio EFAPEL,"Rua Dom Manuel I, Coimbra",5,2,1.76,3.44,5.83,0.0,0.0,0.0,0.0,0.0,0.0,0.0,0.0,0.0,0.0,0.0,0.0,0.0,1,0,0,1,0,1,0,1480863600,179,0,38,0,1737,-1,1,-1,-1,-1,-1,-1,-1,2,0,3,2,2,5,-1,0,0,0,0,0.0,0.0,0.0,1,0,1,0,0,0,1,1,0,0,-1,-1,0,0,-1,-1,-1,-1,-1,-1,-1,-1,-1,32,44,13,51,Associação Académica de Coimbra OAF,Sporting Braga II,1.95,1.19,1.75,1.0,1.5,1.13,69,57,0.0,0.0,0.0,42,True,False,False,False,False,False,False,LigaPro_Portugal_2a_división,,,,,2016-12-04 15:00:00
2016-2017,17,2,0,2,4,4,8,2,6,0,1,6,4,7,4,13,8,19,24,57,43,Estádio Municipal José dos Santos Pinto,"Rua Viriato, Covilhã",2,7,1.85,3.29,5.35,0.0,0.0,0.0,0.0,0.0,0.0,0.0,0.0,0.0,0.0,0.0,0.0,0.0,2,1,0,1,0,1,1,1480863600,1026,0,69,0,153,-1,1,-1,-1,-1,-1,-1,-1,1,2,1,5,3,6,-1,0,0,0,0,0.0,0.0,0.0,0,0,0,0,0,0,1,1,0,0,-1,-1,0,0,-1,-1,-1,-1,-1,-1,-1,-1,-1,51,82,19,63,Sporting Covilhã,Varzim,1.67,1.43,1.13,0.38,1.13,1.13,51,19,0.0,0.0,0.0,42,True,True,False,False,False,False,False,LigaPro_Portugal_2a_división,,,,,2016-12-04 15:00:00
2016-2017,17,0,2,2,14,6,20,5,2,0,0,0,5,7,6,7,11,21,17,62,38,Estádio Municipal 25 de Abril,"Rua Futebol Clube de Penafiel, Penafiel",5,2,1.88,3.27,5.24,0.0,0.0,0.0,0.0,0.0,0.0,0.0,0.0,0.0,0.0,0.0,0.0,0.0,2,0,0,0,2,2,0,1480863600,4881,0,47,0,721,-1,1,-1,-1,-1,-1,-1,-1,1,1,4,1,2,5,-1,0,0,0,0,0.0,0.0,0.0,0,0,0,0,0,0,1,1,0,0,-1,-1,0,0,-1,-1,-1,-1,-1,-1,-1,-1,-1,41,47,20,32,FC Penafiel,Freamunde,2.14,0.76,2.75,0.57,1.75,0.69,60,54,0.0,0.0,0.0,42,True,True,False,False,False,False,False,LigaPro_Portugal_2a_división,,,,,2016-12-04 15:00:00
2016-2017,17,1,0,1,3,3,6,1,4,0,0,5,4,8,8,13,12,19,20,48,52,Estádio Municipal José Martins Vieira,"Estrada do Brejo, Cova da Piedade, Almada",1,4,2.04,3.24,4.31,0.0,0.0,0.0,0.0,0.0,0.0,0.0,0.0,0.0,0.0,0.0,0.0,0.0,1,1,0,0,0,0,1,1480863600,1036,0,44,0,559,-1,1,-1,-1,-1,-1,-1,-1,1,2,0,2,3,2,-1,0,0,0,0,0.0,0.0,0.0,0,0,0,0,0,0,1,1,0,0,-1,-1,0,0,-1,-1,-1,-1,-1,-1,-1,-1,-1,25,57,13,57,Cova Piedade,Gil Vicente,1.62,0.86,2.13,0.63,1.75,1.25,75,44,0.0,0.0,0.0,42,True,False,False,False,False,False,False,LigaPro_Portugal_2a_división,,,,,2016-12-04 15:00:00
2016-2017,17,3,1,4,9,9,18,2,1,0,0,6,11,6,10,12,21,10,21,47,53,Estádio José Arcanjo,"Apartado 104, Rua da Feira, Olhão",2,1,2.61,3.05,3.14,0.0,0.0,0.0,0.0,0.0,0.0,0.0,0.0,0.0,0.0,0.0,0.0,0.0,4,1,1,2,0,2,2,1480867200,184,0,51,0,203,-1,1,-1,-1,-1,-1,-1,-1,1,0,1,1,1,2,-1,0,0,0,0,0.0,0.0,0.0,0,0,0,0,0,0,1,1,0,0,-1,-1,0,0,-1,-1,-1,-1,-1,-1,-1,-1,-1,50,57,7,82,SC Olhanense,Leixões,0.9,0.81,0.63,0.63,0.56,0.81,50,44,0.0,0.0,0.0,42,True,True,True,True,False,False,True,LigaPro_Portugal_2a_división,,,,,2016-12-04 16:00:00
2016-2017,17,1,0,1,6,6,12,1,3,0,0,5,4,5,6,10,10,18,16,45,55,Estádio do Centro Desportivo da Madeira,"VE4 65, Madeira",1,3,2.12,3.07,4.29,0.0,0.0,0.0,0.0,0.0,0.0,0.0,0.0,0.0,0.0,0.0,0.0,0.0,1,1,0,0,0,0,1,1480867200,178,0,51,0,603,-1,1,-1,-1,-1,-1,-1,-1,0,1,1,2,1,3,-1,0,0,0,0,0.0,0.0,0.0,0,0,0,0,0,0,1,1,0,0,-1,-1,0,0,-1,-1,-1,-1,-1,-1,-1,-1,-1,32,57,19,63,CF União,Santa Clara,1.9,1.0,1.25,1.5,1.12,1.75,69,44,0.0,0.0,0.0,42,True,False,False,False,False,False,False,LigaPro_Portugal_2a_división,,,,,2016-12-04 16:00:00
2016-2017,17,1,1,2,6,4,10,3,5,0,0,7,4,12,9,19,13,12,25,64,36,Estádio Dr. Jorge Sampaio,"Rua da Paradela, Pedroso, Vila Nova de Gaia",3,5,1.98,3.52,4.13,0.0,0.0,0.0,0.0,0.0,0.0,0.0,0.0,0.0,0.0,0.0,0.0,0.0,2,1,0,0,1,1,1,1480870800,-1,0,44,0,1148,-1,1,-1,-1,-1,-1,-1,-1,0,2,3,3,2,6,-1,0,0,0,0,0.0,0.0,0.0,0,0,0,0,0,0,1,1,0,0,-1,-1,0,0,-1,-1,-1,-1,-1,-1,-1,-1,-1,44,63,19,44,Porto II,Benfica II,1.71,1.1,2.0,1.38,1.25,1.63,57,38,0.0,0.0,0.0,42,True,True,False,False,False,False,True,LigaPro_Portugal_2a_división,,,,,2016-12-04 17:00:00
2016-2017,17,2,0,2,10,7,17,0,2,0,0,5,5,6,3,11,8,10,20,53,47,Estádio Dom Afonso Henriques,"Rua de São Gonçalo 505, Guimarães",0,2,2.65,3.32,2.85,0.0,0.0,0.0,0.0,0.0,0.0,0.0,0.0,0.0,0.0,0.0,0.0,0.0,2,2,0,0,0,0,2,1480950000,1027,0,57,0,1191,-1,1,-1,-1,-1,-1,-1,-1,0,1,0,1,1,1,-1,0,0,0,0,0.0,0.0,0.0,0,0,0,0,0,0,1,1,1,0,-1,-1,0,0,-1,-1,-1,-1,-1,-1,-1,-1,-1,50,82,7,76,Vitória Guimarães II,Sporting CP II,2.24,1.14,1.25,1.75,1.13,1.5,50,19,0.0,0.0,0.0,42,True,True,False,False,False,False,False,LigaPro_Portugal_2a_división,,,,,2016-12-05 15:00:00
2016-2017,17,1,1,2,2,6,8,3,5,0,0,4,5,6,3,10,8,15,21,50,50,Estádio Dr. Machado de Matos,", ",3,5,2.4,3.07,3.46,0.0,0.0,0.0,0.0,0.0,0.0,0.0,0.0,0.0,0.0,0.0,0.0,0.0,2,1,1,0,0,0,2,1480969800,-1,0,54,0,1075,-1,1,-1,-1,-1,-1,-1,-1,1,3,2,2,4,4,-1,0,0,0,0,0.0,0.0,0.0,0,0,0,0,0,0,1,1,1,0,-1,-1,0,1,-1,-1,-1,-1,-1,-1,-1,-1,-1,41,68,15,41,Fafe,FC Vizela,0.86,0.95,0.43,1.5,1.13,1.31,60,32,0.0,0.0,0.0,42,True,True,False,False,False,False,True,LigaPro_Portugal_2a_división,,,,,2016-12-05 20:30:00
2016-2017,18,3,1,4,6,3,9,3,1,0,0,11,5,7,4,18,9,18,13,54,46,Estádio Clube Desportivo das Aves,"Rua Luís Gonzaga Mendes de Carvalho 265, Vila das Aves",3,1,1.72,3.39,6.51,0.0,0.0,0.0,0.0,0.0,0.0,0.0,0.0,0.0,0.0,0.0,0.0,0.0,4,2,0,1,1,2,2,1481382000,1024,0,50,0,942,-1,1,-1,-1,-1,-1,-1,-1,1,0,2,1,1,3,-1,0,0,0,0,0.0,0.0,0.0,0,0,0,0,0,0,1,1,0,0,-1,-1,0,0,-1,-1,-1,-1,-1,-1,-1,-1,-1,34,78,17,62,CD Aves,CF União,2.33,1.14,2.22,1.0,2.12,1.22,67,22,0.0,0.0,0.0,42,True,True,True,True,False,False,True,LigaPro_Portugal_2a_división,,,,,2016-12-10 15:00:00
2016-2017,18,2,0,2,7,4,11,3,1,0,0,7,6,5,3,12,9,22,14,47,53,Estádio 1º de Maio,", Braga",3,1,0.0,0.0,0.0,0.0,0.0,0.0,0.0,0.0,0.0,0.0,0.0,0.0,0.0,0.0,0.0,0.0,2,1,0,1,0,1,1,1481382000,1035,0,63,0,385,-1,1,-1,-1,-1,-1,-1,-1,1,1,2,0,2,2,-1,0,0,0,0,0.0,0.0,0.0,0,0,0,0,0,0,1,1,0,0,-1,-1,0,0,-1,-1,-1,-1,-1,-1,-1,-1,-1,51,82,19,75,Sporting Braga II,Vitória Guimarães II,1.76,0.62,1.25,1.0,1.06,1.24,51,19,0.0,0.0,0.0,42,True,True,False,False,False,False,False,LigaPro_Portugal_2a_división,,,,,2016-12-10 15:00:00
2016-2017,18,1,1,2,7,7,14,4,5,0,0,8,2,8,4,16,6,17,16,48,52,Complexo Desportivo do SC Freamunde,"Rua do Sport Clube de Freamunde, Freamunde",4,5,2.14,3.06,4.23,0.0,0.0,0.0,0.0,0.0,0.0,0.0,0.0,0.0,0.0,0.0,0.0,0.0,2,1,0,0,1,1,1,1481382000,-1,0,54,0,594,-1,1,-1,-1,-1,-1,-1,-1,2,1,2,4,3,6,-1,0,0,0,0,0.0,0.0,0.0,0,1,0,1,0,0,1,1,0,0,-1,-1,0,0,-1,-1,-1,-1,-1,-1,-1,-1,-1,49,54,43,60,Freamunde,SC Olhanense,1.14,0.43,0.78,0.5,0.82,0.71,52,46,0.0,0.0,0.0,42,True,True,False,False,False,False,True,LigaPro_Portugal_2a_división,,,,,2016-12-10 15:00:00
2016-2017,18,0,0,0,3,7,10,3,1,1,0,5,4,5,7,10,11,16,11,41,59,Estádio Cidade de Barcelos,"strada Nacional 103, Vila Boa, Barcelos",4,1,3.07,2.99,2.7,0.0,0.0,0.0,0.0,0.0,0.0,0.0,0.0,0.0,0.0,0.0,0.0,0.0,0,0,0,0,0,0,0,1481382000,-1,0,38,0,498,-1,1,-1,-1,-1,-1,-1,-1,1,0,3,1,1,4,-1,0,0,0,0,0.0,0.0,0.0,0,0,0,0,0,0,1,1,0,0,-1,-1,0,0,-1,-1,-1,-1,-1,-1,-1,-1,-1,32,38,13,44,Gil Vicente,Sporting Covilhã,1.81,1.29,1.88,1.13,1.18,1.24,69,63,0.0,0.0,0.0,42,False,False,False,False,False,False,False,LigaPro_Portugal_2a_división,,,,,2016-12-10 15:00:00
2016-2017,18,1,0,1,4,6,10,1,7,1,0,3,4,6,13,9,17,11,12,42,58,Estádio Municipal do Fontelo,"Avenida José Relvas, Viseu",2,7,2.64,3.06,3.08,0.0,0.0,0.0,0.0,0.0,0.0,0.0,0.0,0.0,0.0,0.0,0.0,0.0,1,1,0,0,0,0,1,1481382000,1032,0,53,0,574,-1,1,-1,-1,-1,-1,-1,-1,2,2,0,5,4,5,-1,0,0,0,0,0.0,0.0,0.0,0,0,0,0,0,0,1,1,1,0,-1,-1,0,0,-1,-1,-1,-1,-1,-1,-1,-1,-1,41,58,17,59,Academico Viseu,Fafe,1.29,1.29,0.75,1.67,0.83,1.12,60,43,0.0,0.0,0.0,42,True,False,False,False,False,False,False,LigaPro_Portugal_2a_división,,,,,2016-12-10 15:00:00
2016-2017,18,1,2,3,5,6,11,3,1,1,0,7,4,3,3,10,7,27,20,45,55,CGD Stadium Aurélio Pereira,", Alcochete",5,1,2.55,3.21,3.06,0.0,0.0,0.0,0.0,0.0,0.0,0.0,0.0,0.0,0.0,0.0,0.0,0.0,3,0,1,1,1,2,1,1481382000,1037,0,75,0,338,-1,1,-1,-1,-1,-1,-1,-1,1,1,3,0,2,3,-1,0,0,0,0,0.0,0.0,0.0,0,0,0,0,0,0,1,1,0,0,-1,-1,0,0,-1,-1,-1,-1,-1,-1,-1,-1,-1,75,88,32,75,Sporting CP II,Porto II,1.48,1.14,1.25,0.5,1.41,1.24,25,13,0.0,0.0,0.0,42,True,True,True,False,False,False,True,LigaPro_Portugal_2a_división,,,,,2016-12-10 15:00:00
2016-2017,18,2,1,3,4,4,8,2,1,1,0,6,8,7,10,13,18,6,9,34,66,Estádio EFAPEL,"Rua Dom Manuel I, Coimbra",3,1,1.95,3.26,4.75,0.0,0.0,0.0,0.0,0.0,0.0,0.0,0.0,0.0,0.0,0.0,0.0,0.0,3,1,0,1,1,2,1,1481385600,179,0,28,0,3027,-1,1,-1,-1,-1,-1,-1,-1,1,0,2,1,1,3,-1,0,0,0,0,0.0,0.0,0.0,0,1,0,1,0,0,1,1,1,0,-1,-1,0,0,-1,-1,-1,-1,-1,-1,-1,-1,-1,33,45,17,62,Associação Académica de Coimbra OAF,Benfica II,1.95,1.1,1.89,1.33,1.59,1.59,67,56,0.0,0.0,0.0,42,True,True,True,False,False,False,True,LigaPro_Portugal_2a_división,,,,,2016-12-10 16:00:00
2016-2017,18,2,1,3,7,3,10,2,5,0,1,7,2,4,5,11,7,17,28,-1,-1,Estádio Varzim Sport Club,"Rua do Varzim Sport Club, Póvoa de Varzim",2,6,2.56,3.04,3.22,0.0,0.0,0.0,0.0,0.0,0.0,0.0,0.0,0.0,0.0,0.0,0.0,0.0,3,1,1,1,0,1,2,1481385600,1034,0,51,0,837,-1,1,-1,-1,-1,-1,-1,-1,0,2,2,4,2,6,-1,0,0,0,0,0.0,0.0,0.0,1,0,1,0,0,0,1,1,0,1,-1,-1,0,0,-1,-1,-1,-1,-1,-1,-1,-1,-1,38,69,19,75,Varzim,Cova Piedade,1.48,0.9,1.88,1.38,1.06,1.82,63,32,0.0,0.0,0.0,42,True,True,True,False,False,False,True,LigaPro_Portugal_2a_división,,,,,2016-12-10 16:00:00
2016-2017,18,2,1,3,4,6,10,2,3,0,0,5,5,5,1,10,6,22,17,57,43,"Estádio de São Miguel (Ponta Delgada, Ilha de São Miguel, Açores)","Rua Comandante Jaime de Sousa 21, Ponta Delgada, Ilha de São Miguel, Açores",2,3,2.52,2.96,3.38,0.0,0.0,0.0,0.0,0.0,0.0,0.0,0.0,0.0,0.0,0.0,0.0,0.0,3,0,0,2,1,3,0,1481396400,1028,0,50,0,1088,-1,1,-1,-1,-1,-1,-1,-1,0,0,2,3,0,5,-1,0,0,0,0,0.0,0.0,0.0,0,0,0,0,0,0,1,1,0,0,-1,-1,0,0,-1,-1,-1,-1,-1,-1,-1,-1,-1,50,69,32,57,Santa Clara,FC Penafiel,1.86,0.86,2.0,0.75,1.65,1.65,50,32,0.0,0.0,0.0,42,True,True,True,False,False,False,True,LigaPro_Portugal_2a_división,,,,,2016-12-10 19:00:00
2016-2017,18,0,0,0,7,8,15,0,1,0,0,9,5,5,7,14,12,10,15,50,50,Estádio do Mar,"Lugar da Cruz de Pau, Matosinhos",0,1,4.62,3.29,1.96,0.0,0.0,0.0,0.0,0.0,0.0,0.0,0.0,0.0,0.0,0.0,0.0,0.0,0,0,0,0,0,0,0,1481454900,-1,0,44,0,742,-1,1,-1,-1,-1,-1,-1,-1,0,1,0,0,1,0,-1,0,0,0,0,0.0,0.0,0.0,0,0,0,0,0,0,1,1,0,0,-1,-1,0,0,-1,-1,-1,-1,-1,-1,-1,-1,-1,44,57,19,57,Leixões,Portimonense,1.38,1.52,1.0,2.13,0.76,2.47,57,44,0.0,0.0,0.0,42,False,False,False,False,False,False,False,LigaPro_Portugal_2a_división,,,,,2016-12-11 11:15:00
2016-2017,18,3,2,5,3,7,10,5,4,0,1,6,5,6,6,12,11,16,22,47,53,Estádio Do Vizela (Caldas de Vizela),,5,5,2.68,3.0,3.09,0.0,0.0,0.0,0.0,0.0,0.0,0.0,0.0,0.0,0.0,0.0,0.0,0.0,5,0,2,3,0,3,2,1481468400,4841,0,57,0,1633,-1,1,-1,-1,-1,-1,-1,-1,1,2,4,3,3,7,-1,0,0,0,0,0.0,0.0,0.0,0,0,0,0,0,0,1,1,0,1,-1,-1,0,0,-1,-1,-1,-1,-1,-1,-1,-1,-1,44,69,25,63,FC Vizela,Famalicão,1.24,0.81,1.13,0.63,1.29,1.24,57,32,0.0,0.0,0.0,42,True,True,True,True,True,False,True,LigaPro_Portugal_2a_división,,,,,2016-12-11 15:00:00
2016-2017,19,0,0,0,5,4,9,1,2,0,0,6,6,9,4,15,10,18,17,55,45,Caixa Futebol Campus,", Seixal",1,2,1.96,3.49,4.27,0.0,0.0,0.0,0.0,0.0,0.0,0.0,0.0,0.0,0.0,0.0,0.0,0.0,0,0,0,0,0,0,0,1481911200,-1,0,54,0,719,-1,1,-1,-1,-1,-1,-1,-1,0,1,1,1,1,2,-1,0,0,0,0,0.0,0.0,0.0,0,0,0,0,0,0,1,1,0,0,-1,-1,0,0,-1,-1,-1,-1,-1,-1,-1,-1,-1,41,77,36,82,Benfica II,Sporting CP II,1.9,1.14,1.88,1.56,1.5,1.33,60,24,0.0,0.0,0.0,42,False,False,False,False,False,False,False,LigaPro_Portugal_2a_división,,,,,2016-12-16 18:00:00
2016-2017,19,3,0,3,8,0,8,0,2,0,1,12,2,9,2,21,4,14,22,64,36,Estádio do Portimonense SC (Portimão),"Avenida Zeca Afonso Portimão, Portimão",0,3,1.54,3.95,7.87,0.0,0.0,0.0,0.0,0.0,0.0,0.0,0.0,0.0,0.0,0.0,0.0,0.0,3,1,0,2,0,2,1,1481973300,1025,0,41,0,1283,-1,1,-1,-1,-1,-1,-1,-1,0,2,0,1,2,1,-1,0,0,0,0,0.0,0.0,0.0,0,0,0,0,0,0,1,1,0,0,-1,-1,0,0,-1,-1,-1,-1,-1,-1,-1,-1,-1,53,70,23,40,Portimonense,Freamunde,2.43,0.76,2.78,0.88,2.39,0.83,48,31,0.0,0.0,0.0,42,True,True,True,False,False,False,False,LigaPro_Portugal_2a_división,,,,,2016-12-17 11:15:00
2016-2017,19,0,0,0,1,4,5,3,4,0,0,3,2,5,4,8,6,24,23,54,46,Estádio Municipal José Martins Vieira,"Estrada do Brejo, Cova da Piedade, Almada",3,4,1.95,3.19,4.88,0.0,0.0,0.0,0.0,0.0,0.0,0.0,0.0,0.0,0.0,0.0,0.0,0.0,0,0,0,0,0,0,0,1481986800,-1,0,50,0,623,-1,1,-1,-1,-1,-1,-1,-1,0,1,3,3,1,6,-1,0,0,0,0,0.0,0.0,0.0,0,0,0,0,0,0,1,1,0,0,-1,-1,0,1,-1,-1,-1,-1,-1,-1,-1,-1,-1,28,56,11,61,Cova Piedade,FC Vizela,1.62,0.95,2.22,1.44,1.72,1.39,73,44,0.0,0.0,0.0,42,False,False,False,False,False,False,False,LigaPro_Portugal_2a_división,,,,,2016-12-17 15:00:00
2016-2017,19,0,2,2,5,4,9,6,2,1,0,8,5,7,6,15,11,16,20,57,43,Estádio Municipal 22 de Junho,"Alameda dos Bargos, Vila Nova de Famalicão",7,2,2.0,3.3,4.4,0.0,0.0,0.0,0.0,0.0,0.0,0.0,0.0,0.0,0.0,0.0,0.0,0.0,2,0,0,0,2,2,0,1481990400,1034,0,62,0,2560,-1,1,-1,-1,-1,-1,-1,-1,2,0,5,2,2,7,-1,0,0,0,0,0.0,0.0,0.0,0,0,0,0,0,0,1,1,0,0,-1,-1,0,0,-1,-1,-1,-1,-1,-1,-1,-1,-1,50,78,28,73,Famalicão,Varzim,1.71,1.43,1.78,0.33,1.17,1.17,50,22,0.0,0.0,0.0,42,True,True,False,False,False,False,False,LigaPro_Portugal_2a_división,,,,,2016-12-17 16:00:00
2016-2017,19,1,3,4,7,3,10,1,2,0,0,8,5,1,7,9,12,15,24,66,34,Estádio Dr. Jorge Sampaio,"Rua da Paradela, Pedroso, Vila Nova de Gaia",1,2,0.0,0.0,0.0,0.0,0.0,0.0,0.0,0.0,0.0,0.0,0.0,0.0,0.0,0.0,0.0,0.0,4,0,0,1,3,4,0,1482004800,1035,0,56,0,259,-1,1,-1,-1,-1,-1,-1,-1,0,1,1,1,1,2,-1,0,0,0,0,0.0,0.0,0.0,0,0,0,0,0,0,1,1,0,0,-1,-1,0,0,-1,-1,-1,-1,-1,-1,-1,-1,-1,33,62,11,33,Porto II,Sporting Braga II,1.71,1.19,1.89,0.89,1.33,1.17,67,39,0.0,0.0,0.0,42,True,True,True,True,False,False,True,LigaPro_Portugal_2a_división,,,,,2016-12-17 20:00:00
2016-2017,19,1,2,3,0,0,0,5,1,0,0,3,3,3,4,6,7,11,26,51,49,Estádio José Arcanjo,"Apartado 104, Rua da Feira, Olhão",5,1,3.17,3.01,2.61,0.0,0.0,0.0,0.0,0.0,0.0,0.0,0.0,0.0,0.0,0.0,0.0,0.0,3,0,2,1,0,1,2,1482059700,1028,0,62,0,224,-1,1,-1,-1,-1,-1,-1,-1,3,1,2,0,4,2,-1,0,0,0,0,0.0,0.0,0.0,0,0,0,0,0,0,1,1,0,0,-1,-1,0,0,-1,-1,-1,-1,-1,-1,-1,-1,-1,56,73,22,73,SC Olhanense,Santa Clara,0.9,1.0,0.89,1.33,0.72,1.72,45,28,0.0,0.0,0.0,42,True,True,True,False,False,False,True,LigaPro_Portugal_2a_división,,,,,2016-12-18 11:15:00
2016-2017,19,1,0,1,4,1,5,4,4,0,2,4,3,7,2,11,5,15,11,60,40,Estádio Municipal José dos Santos Pinto,"Rua Viriato, Covilhã",4,7,1.74,3.39,6.32,0.0,0.0,0.0,0.0,0.0,0.0,0.0,0.0,0.0,0.0,0.0,0.0,0.0,1,0,0,1,0,1,0,1482070500,1026,0,50,0,451,-1,1,-1,-1,-1,-1,-1,-1,2,1,2,5,3,7,-1,0,0,0,0,0.0,0.0,0.0,1,0,1,0,0,0,1,1,0,0,-1,-1,0,0,-1,-1,-1,-1,-1,-1,-1,-1,-1,33,61,11,73,Sporting Covilhã,Leixões,1.67,0.81,1.33,0.56,1.22,0.78,67,39,0.0,0.0,0.0,42,True,False,False,False,False,False,False,LigaPro_Portugal_2a_división,,,,,2016-12-18 14:15:00
2016-2017,19,2,1,3,4,6,10,0,4,0,0,5,8,2,5,7,13,19,18,46,54,Parque Municipal dos Desportos,"Parque Municipal dos Desportos, Aparto 29, Fafe",0,4,2.52,3.02,3.3,0.0,0.0,0.0,0.0,0.0,0.0,0.0,0.0,0.0,0.0,0.0,0.0,0.0,3,2,0,0,1,1,2,1482073200,4885,0,48,0,613,-1,1,-1,-1,-1,-1,-1,-1,0,1,0,3,1,3,-1,0,0,0,0,0.0,0.0,0.0,0,0,0,0,0,0,1,1,1,0,-1,-1,0,0,-1,-1,-1,-1,-1,-1,-1,-1,-1,30,66,25,48,Fafe,Gil Vicente,0.86,0.86,0.5,0.56,1.06,1.17,71,35,0.0,0.0,0.0,42,True,True,True,False,False,False,True,LigaPro_Portugal_2a_división,,,,,2016-12-18 15:00:00
2016-2017,19,1,3,4,2,5,7,1,1,0,0,2,7,3,4,5,11,11,20,46,54,Estádio Municipal 25 de Abril,"Rua Futebol Clube de Penafiel, Penafiel",1,1,3.19,2.97,2.63,0.0,0.0,0.0,0.0,0.0,0.0,0.0,0.0,0.0,0.0,0.0,0.0,0.0,4,1,2,0,1,1,3,1482073200,1024,0,41,0,855,-1,1,-1,-1,-1,-1,-1,-1,1,1,0,0,2,0,-1,0,0,0,0,0.0,0.0,0.0,0,0,0,0,0,0,1,1,1,1,-1,-1,0,0,-1,-1,-1,-1,-1,-1,-1,-1,-1,29,66,24,47,FC Penafiel,CD Aves,2.14,1.52,2.44,2.0,1.56,2.17,71,35,0.0,0.0,0.0,42,True,True,True,True,False,False,True,LigaPro_Portugal_2a_división,,,,,2016-12-18 15:00:00
2016-2017,19,2,1,3,3,9,12,3,5,0,2,6,5,11,9,17,14,8,19,48,52,Estádio Dom Afonso Henriques,"Rua de São Gonçalo 505, Guimarães",3,9,3.21,3.03,2.57,0.0,0.0,0.0,0.0,0.0,0.0,0.0,0.0,0.0,0.0,0.0,0.0,0.0,3,0,0,2,1,3,0,1482159600,1027,0,47,0,1475,-1,1,-1,-1,-1,-1,-1,-1,1,1,2,6,2,8,-1,0,0,0,0,0.0,0.0,0.0,1,0,1,0,0,0,1,1,0,0,-1,-1,0,0,-1,-1,-1,-1,-1,-1,-1,-1,-1,35,70,12,53,Vitória Guimarães II,Associação Académica de Coimbra OAF,2.24,1.0,1.44,1.25,1.17,1.67,66,31,0.0,0.0,0.0,42,True,True,True,False,False,False,True,LigaPro_Portugal_2a_división,,,,,2016-12-19 15:00:00
2016-2017,20,1,0,1,4,3,7,1,2,0,0,7,3,13,4,20,7,23,17,59,41,Estádio Clube Desportivo das Aves,"Rua Luís Gonzaga Mendes de Carvalho 265, Vila das Aves",1,2,1.61,3.82,6.69,0.0,0.0,0.0,0.0,0.0,0.0,0.0,0.0,0.0,0.0,0.0,0.0,0.0,1,0,0,1,0,1,0,1482332400,1024,0,69,0,1100,-1,1,-1,-1,-1,-1,-1,-1,0,0,1,2,0,3,-1,0,0,0,0,0.0,0.0,0.0,0,0,0,0,0,0,1,1,0,0,-1,-1,0,0,-1,-1,-1,-1,-1,-1,-1,-1,-1,52,79,32,69,CD Aves,Cova Piedade,2.33,0.9,2.3,1.22,2.21,1.68,48,22,0.0,0.0,0.0,42,True,False,False,False,False,False,False,LigaPro_Portugal_2a_división,,,,,2016-12-21 15:00:00
2016-2017,20,2,1,3,4,11,15,4,3,0,0,4,6,6,9,10,15,10,14,33,67,Estádio Cidade de Barcelos,"strada Nacional 103, Vila Boa, Barcelos",4,3,3.14,2.91,2.72,0.0,0.0,0.0,0.0,0.0,0.0,0.0,0.0,0.0,0.0,0.0,0.0,0.0,3,2,0,0,1,1,2,1482332400,183,0,31,0,442,-1,1,-1,-1,-1,-1,-1,-1,1,2,3,1,3,4,-1,0,0,0,0,0.0,0.0,0.0,1,0,1,0,0,0,1,1,0,0,-1,-1,0,0,-1,-1,-1,-1,-1,-1,-1,-1,-1,21,46,16,52,Gil Vicente,CF União,1.81,1.14,1.78,0.9,1.11,1.16,79,54,0.0,0.0,0.0,42,True,True,True,False,False,False,True,LigaPro_Portugal_2a_división,,,,,2016-12-21 15:00:00
2016-2017,20,2,1,3,6,5,11,3,2,0,1,8,3,6,5,14,8,13,21,56,44,Estádio do Mar,"Lugar da Cruz de Pau, Matosinhos",3,3,3.46,2.94,2.49,0.0,0.0,0.0,0.0,0.0,0.0,0.0,0.0,0.0,0.0,0.0,0.0,0.0,3,1,1,1,0,1,2,1482332400,1030,0,45,0,728,-1,1,-1,-1,-1,-1,-1,-1,1,1,2,2,2,4,-1,0,0,0,0,0.0,0.0,0.0,0,0,0,0,0,0,1,1,0,0,-1,-1,0,0,-1,-1,-1,-1,-1,-1,-1,-1,-1,45,56,28,39,Leixões,FC Penafiel,1.38,0.86,1.0,0.67,0.74,1.47,56,45,0.0,0.0,0.0,42,True,True,True,False,False,False,True,LigaPro_Portugal_2a_división,,,,,2016-12-21 15:00:00
2016-2017,20,2,1,3,0,3,3,5,3,0,0,5,6,5,10,10,16,15,13,42,58,Estádio 1º de Maio,", Braga",5,3,2.57,3.18,3.06,0.0,0.0,0.0,0.0,0.0,0.0,0.0,0.0,0.0,0.0,0.0,0.0,0.0,3,1,0,1,1,2,1,1482332400,1035,0,59,0,720,-1,1,-1,-1,-1,-1,-1,-1,1,0,4,3,1,7,-1,0,0,0,0,0.0,0.0,0.0,0,0,0,0,0,0,1,1,1,0,-1,-1,0,0,-1,-1,-1,-1,-1,-1,-1,-1,-1,53,80,27,74,Sporting Braga II,Benfica II,1.76,1.1,1.44,1.2,1.26,1.47,47,21,0.0,0.0,0.0,42,True,True,True,False,False,False,True,LigaPro_Portugal_2a_división,,,,,2016-12-21 15:00:00
2016-2017,20,2,1,3,8,7,15,2,0,0,0,4,6,6,7,10,13,16,15,59,41,Estádio Varzim Sport Club,"Rua do Varzim Sport Club, Póvoa de Varzim",2,0,1.82,3.34,5.53,0.0,0.0,0.0,0.0,0.0,0.0,0.0,0.0,0.0,0.0,0.0,0.0,0.0,3,0,1,2,0,2,1,1482332400,1034,0,52,0,1033,-1,1,-1,-1,-1,-1,-1,-1,1,0,1,0,1,1,-1,0,0,0,0,0.0,0.0,0.0,0,0,0,0,0,0,1,1,0,1,-1,-1,0,0,-1,-1,-1,-1,-1,-1,-1,-1,-1,47,74,26,74,Varzim,Fafe,1.48,1.29,2.0,1.5,1.26,1.16,53,26,0.0,0.0,0.0,42,True,True,True,False,False,False,True,LigaPro_Portugal_2a_división,,,,,2016-12-21 15:00:00
2016-2017,20,1,1,2,0,11,11,3,4,0,0,5,5,3,10,8,15,18,11,41,59,Estádio Municipal do Fontelo,"Avenida José Relvas, Viseu",3,4,2.88,2.97,2.88,0.0,0.0,0.0,0.0,0.0,0.0,0.0,0.0,0.0,0.0,0.0,0.0,0.0,2,1,1,0,0,0,2,1482332400,-1,0,45,0,527,-1,1,-1,-1,-1,-1,-1,-1,2,3,1,1,5,2,-1,0,0,0,0,0.0,0.0,0.0,0,0,0,0,0,0,1,1,0,0,-1,-1,0,0,-1,-1,-1,-1,-1,-1,-1,-1,-1,45,56,17,62,Academico Viseu,Famalicão,1.29,0.81,1.0,0.56,0.95,1.11,56,45,0.0,0.0,0.0,42,True,True,False,False,False,False,True,LigaPro_Portugal_2a_división,,,,,2016-12-21 15:00:00
2016-2017,20,1,1,2,5,3,8,2,2,0,0,4,2,5,5,9,7,13,17,54,46,"Estádio de São Miguel (Ponta Delgada, Ilha de São Miguel, Açores)","Rua Comandante Jaime de Sousa 21, Ponta Delgada, Ilha de São Miguel, Açores",2,2,2.57,2.93,3.32,0.0,0.0,0.0,0.0,0.0,0.0,0.0,0.0,0.0,0.0,0.0,0.0,0.0,2,1,0,0,1,1,1,1482339600,-1,0,50,0,770,-1,1,-1,-1,-1,-1,-1,-1,2,0,0,2,2,2,-1,0,0,0,0,0.0,0.0,0.0,0,0,0,0,0,0,1,1,1,0,-1,-1,0,0,-1,-1,-1,-1,-1,-1,-1,-1,-1,45,61,17,50,Santa Clara,Sporting Covilhã,1.86,1.29,2.11,1.11,1.79,1.32,56,39,0.0,0.0,0.0,42,True,True,False,False,False,False,True,LigaPro_Portugal_2a_división,,,,,2016-12-21 17:00:00
2016-2017,20,0,1,1,2,5,7,2,1,1,0,2,6,6,11,8,17,20,15,41,59,Estádio José Arcanjo,"Apartado 104, Rua da Feira, Olhão",3,1,5.62,3.39,1.79,0.0,0.0,0.0,0.0,0.0,0.0,0.0,0.0,0.0,0.0,0.0,0.0,0.0,1,0,0,0,1,1,0,1482351300,1025,0,57,0,476,-1,1,-1,-1,-1,-1,-1,-1,0,0,3,1,0,4,-1,0,0,0,0,0.0,0.0,0.0,0,0,0,0,0,0,1,1,0,0,-1,-1,0,0,-1,-1,-1,-1,-1,-1,-1,-1,-1,62,68,21,74,SC Olhanense,Portimonense,0.9,1.52,0.8,2.0,0.68,2.42,38,32,0.0,0.0,0.0,42,True,False,False,False,False,False,False,LigaPro_Portugal_2a_división,,,,,2016-12-21 20:15:00
2016-2017,20,3,0,3,4,6,10,1,3,0,1,8,6,4,6,12,12,20,10,39,61,Estádio Dom Afonso Henriques,"Rua de São Gonçalo 505, Guimarães",1,5,2.61,3.21,2.98,0.0,0.0,0.0,0.0,0.0,0.0,0.0,0.0,0.0,0.0,0.0,0.0,0.0,3,1,0,2,0,2,1,1482418800,1027,0,58,0,1689,-1,1,-1,-1,-1,-1,-1,-1,0,0,1,4,0,5,-1,0,0,0,0,0.0,0.0,0.0,0,0,0,0,0,0,1,1,0,0,-1,-1,0,0,-1,-1,-1,-1,-1,-1,-1,-1,-1,53,84,16,69,Vitória Guimarães II,Porto II,2.24,1.14,1.6,0.78,1.26,1.26,47,16,0.0,0.0,0.0,42,True,True,True,False,False,False,False,LigaPro_Portugal_2a_división,,,,,2016-12-22 15:00:00
2016-2017,20,1,0,1,2,2,4,4,2,0,0,2,5,3,2,5,7,14,11,44,56,Complexo Desportivo do SC Freamunde,"Rua do Sport Clube de Freamunde, Freamunde",4,2,2.17,3.0,4.22,0.0,0.0,0.0,0.0,0.0,0.0,0.0,0.0,0.0,0.0,0.0,0.0,0.0,1,1,0,0,0,0,1,1482429600,4881,0,45,0,563,-1,1,-1,-1,-1,-1,-1,-1,2,0,2,2,2,4,-1,0,0,0,0,0.0,0.0,0.0,0,0,0,0,0,0,1,1,0,0,-1,-1,0,0,-1,-1,-1,-1,-1,-1,-1,-1,-1,25,45,15,40,Freamunde,FC Vizela,1.14,0.95,0.8,1.4,0.79,1.37,75,55,0.0,0.0,0.0,42,True,False,False,False,False,False,False,LigaPro_Portugal_2a_división,,,,,2016-12-22 18:00:00
2016-2017,20,1,0,1,11,7,18,3,6,0,0,8,4,1,1,9,5,17,24,52,48,Estádio EFAPEL,"Rua Dom Manuel I, Coimbra",3,6,1.81,3.42,5.42,0.0,0.0,0.0,0.0,0.0,0.0,0.0,0.0,0.0,0.0,0.0,0.0,0.0,1,1,0,0,0,0,1,1483110000,179,0,30,0,3542,-1,1,-1,-1,-1,-1,-1,-1,1,3,2,3,4,5,-1,0,0,0,0,0.0,0.0,0.0,1,0,1,0,0,0,1,1,0,0,-1,-1,0,0,-1,-1,-1,-1,-1,-1,-1,-1,-1,35,50,15,70,Associação Académica de Coimbra OAF,Sporting CP II,1.95,1.14,2.0,1.5,1.58,1.32,65,50,0.0,0.0,0.0,42,True,False,False,False,False,False,False,LigaPro_Portugal_2a_división,,,,,2016-12-30 15:00:00
2016-2017,21,1,1,2,7,3,10,2,3,0,0,5,3,5,6,10,9,20,17,53,47,Estádio Municipal José dos Santos Pinto,"Rua Viriato, Covilhã",2,3,1.72,3.34,6.75,0.0,0.0,0.0,0.0,0.0,0.0,0.0,0.0,0.0,0.0,0.0,0.0,0.0,2,1,0,0,1,1,1,1483801200,-1,0,42,0,204,-1,1,-1,-1,-1,-1,-1,-1,0,1,2,2,1,4,-1,0,0,0,0,0.0,0.0,0.0,0,0,0,0,0,0,1,1,0,0,-1,-1,0,0,-1,-1,-1,-1,-1,-1,-1,-1,-1,37,63,11,36,Sporting Covilhã,Freamunde,1.67,0.76,1.5,0.78,1.3,0.9,63,37,0.0,0.0,0.0,42,True,True,False,False,False,False,True,LigaPro_Portugal_2a_división,,,,,2017-01-07 15:00:00
2016-2017,21,1,2,3,3,7,10,4,2,1,0,7,8,4,5,11,13,16,20,49,51,CGD Stadium Aurélio Pereira,", Alcochete",5,2,2.35,3.21,3.41,0.0,0.0,0.0,0.0,0.0,0.0,0.0,0.0,0.0,0.0,0.0,0.0,0.0,3,0,1,1,1,2,1,1483801200,1035,0,80,0,240,-1,1,-1,-1,-1,-1,-1,-1,2,1,3,1,3,4,-1,0,0,0,0,0.0,0.0,0.0,0,0,0,0,0,0,1,1,0,0,-1,-1,0,0,-1,-1,-1,-1,-1,-1,-1,-1,-1,70,80,22,54,Sporting CP II,Sporting Braga II,1.48,1.19,1.11,1.1,1.25,1.35,30,20,0.0,0.0,0.0,42,True,True,True,False,False,False,True,LigaPro_Portugal_2a_división,,,,,2017-01-07 15:00:00
2016-2017,21,4,0,4,9,6,15,1,2,0,0,9,3,7,4,16,7,15,15,47,53,Estádio Municipal 25 de Abril,"Rua Futebol Clube de Penafiel, Penafiel",1,2,1.76,3.46,5.74,0.0,0.0,0.0,0.0,0.0,0.0,0.0,0.0,0.0,0.0,0.0,0.0,0.0,4,2,0,2,0,2,2,1483801200,182,0,64,0,458,-1,1,-1,-1,-1,-1,-1,-1,0,0,1,2,0,3,-1,0,0,0,0,0.0,0.0,0.0,0,0,0,0,0,0,1,1,1,0,-1,-1,0,0,-1,-1,-1,-1,-1,-1,-1,-1,-1,54,69,43,64,FC Penafiel,SC Olhanense,2.14,0.43,2.2,0.56,1.4,0.65,47,31,0.0,0.0,0.0,42,True,True,True,True,False,False,False,LigaPro_Portugal_2a_división,,,,,2017-01-07 15:00:00
2016-2017,21,1,2,3,7,8,15,3,5,0,0,5,7,9,4,14,11,16,15,56,44,Estádio Do Vizela (Caldas de Vizela),,3,5,2.53,3.05,3.27,0.0,0.0,0.0,0.0,0.0,0.0,0.0,0.0,0.0,0.0,0.0,0.0,0.0,3,0,1,1,1,2,1,1483820100,1034,0,64,0,960,-1,1,-1,-1,-1,-1,-1,-1,1,0,2,5,1,7,-1,0,0,0,0,0.0,0.0,0.0,0,0,0,0,0,0,1,1,0,0,-1,-1,0,0,-1,-1,-1,-1,-1,-1,-1,-1,-1,42,79,27,69,FC Vizela,Varzim,1.24,1.43,1.33,0.6,1.3,1.35,59,22,0.0,0.0,0.0,42,True,True,True,False,False,False,True,LigaPro_Portugal_2a_división,,,,,2017-01-07 20:15:00
2016-2017,21,1,0,1,5,4,9,1,1,0,0,7,6,7,6,14,12,7,8,56,44,Estádio do Portimonense SC (Portimão),"Avenida Zeca Afonso Portimão, Portimão",1,1,1.71,3.51,6.18,0.0,0.0,0.0,0.0,0.0,0.0,0.0,0.0,0.0,0.0,0.0,0.0,0.0,1,0,0,1,0,1,0,1483874100,1025,0,50,0,1942,-1,1,-1,-1,-1,-1,-1,-1,1,0,0,1,1,1,-1,0,0,0,0,0.0,0.0,0.0,0,0,0,0,0,0,1,1,0,0,-1,-1,1,0,-1,-1,-1,-1,-1,-1,-1,-1,-1,55,80,30,70,Portimonense,Santa Clara,2.43,1.0,2.8,1.5,2.45,1.75,45,20,0.0,0.0,0.0,42,True,False,False,False,False,False,False,LigaPro_Portugal_2a_división,,,,,2017-01-08 11:15:00
2016-2017,21,1,2,3,4,0,4,6,4,1,0,4,9,8,3,12,12,16,22,63,37,Estádio Municipal José Martins Vieira,"Estrada do Brejo, Cova da Piedade, Almada",7,4,1.94,3.17,5.03,0.0,0.0,0.0,0.0,0.0,0.0,0.0,0.0,0.0,0.0,0.0,0.0,0.0,3,0,2,1,0,1,2,1483887600,1032,0,50,0,922,-1,1,-1,-1,-1,-1,-1,-1,3,1,4,3,4,7,-1,0,0,0,0,0.0,0.0,0.0,0,0,0,0,0,0,1,1,0,1,-1,-1,0,0,-1,-1,-1,-1,-1,-1,-1,-1,-1,40,60,30,75,Cova Piedade,Academico Viseu,1.62,1.19,2.1,0.9,1.6,0.95,60,40,0.0,0.0,0.0,42,True,True,True,False,False,False,True,LigaPro_Portugal_2a_división,,,,,2017-01-08 15:00:00
2016-2017,21,2,1,3,4,15,19,4,3,0,0,5,5,0,12,5,17,11,12,41,59,Estádio Dr. Jorge Sampaio,"Rua da Paradela, Pedroso, Vila Nova de Gaia",4,3,2.43,3.06,3.41,0.0,0.0,0.0,0.0,0.0,0.0,0.0,0.0,0.0,0.0,0.0,0.0,0.0,3,1,0,1,1,2,1,1483887600,1037,0,52,0,590,-1,1,-1,-1,-1,-1,-1,-1,1,0,3,3,1,6,-1,0,0,0,0,0.0,0.0,0.0,0,0,0,0,0,0,1,1,0,0,-1,-1,0,0,-1,-1,-1,-1,-1,-1,-1,-1,-1,37,63,11,32,Porto II,Associação Académica de Coimbra OAF,1.71,1.0,1.7,1.11,1.2,1.65,64,37,0.0,0.0,0.0,42,True,True,True,False,False,False,True,LigaPro_Portugal_2a_división,,,,,2017-01-08 15:00:00
2016-2017,21,1,2,3,8,5,13,1,4,0,0,3,7,7,10,10,17,11,12,39,61,Estádio Municipal de Amarante,", Amarante",1,4,4.52,3.5,1.92,0.0,0.0,0.0,0.0,0.0,0.0,0.0,0.0,0.0,0.0,0.0,0.0,0.0,3,0,1,1,1,2,1,1483887600,1024,0,56,0,1386,-1,1,-1,-1,-1,-1,-1,-1,0,2,1,2,2,3,-1,0,0,0,0,0.0,0.0,0.0,1,0,1,0,0,0,1,1,0,0,-1,-1,0,0,-1,-1,-1,-1,-1,-1,-1,-1,-1,39,84,39,62,Fafe,CD Aves,0.86,1.52,0.78,2.11,1.1,2.25,62,17,0.0,0.0,0.0,42,True,True,True,False,False,False,True,LigaPro_Portugal_2a_división,,,,,2017-01-08 15:00:00
2016-2017,21,2,0,2,3,1,4,2,2,1,0,6,4,4,6,10,10,15,15,42,58,Estádio do Centro Desportivo da Madeira,"VE4 65, Madeira",3,2,1.83,3.22,5.72,0.0,0.0,0.0,0.0,0.0,0.0,0.0,0.0,0.0,0.0,0.0,0.0,0.0,2,1,0,1,0,1,1,1483887600,178,0,37,0,722,-1,1,-1,-1,-1,-1,-1,-1,0,0,3,2,0,5,-1,0,0,0,0,0.0,0.0,0.0,0,0,0,0,0,0,1,1,1,0,-1,-1,0,0,-1,-1,-1,-1,-1,-1,-1,-1,-1,26,37,11,74,CF União,Leixões,1.9,0.81,1.44,0.5,1.1,0.85,74,64,0.0,0.0,0.0,42,True,True,False,False,False,False,False,LigaPro_Portugal_2a_división,,,,,2017-01-08 15:00:00
2016-2017,21,3,2,5,10,5,15,6,4,0,0,7,7,13,7,20,14,18,10,56,44,Caixa Futebol Campus,", Seixal",6,4,2.07,3.32,4.07,0.0,0.0,0.0,0.0,0.0,0.0,0.0,0.0,0.0,0.0,0.0,0.0,0.0,5,1,2,2,0,2,3,1483891200,1031,0,50,0,802,-1,1,-1,-1,-1,-1,-1,-1,1,1,5,3,2,8,-1,0,0,0,0,0.0,0.0,0.0,0,0,0,0,0,0,1,1,0,0,-1,-1,0,0,-1,-1,-1,-1,-1,-1,-1,-1,-1,33,73,22,73,Benfica II,Vitória Guimarães II,1.9,0.62,1.78,0.89,1.4,1.35,67,28,0.0,0.0,0.0,42,True,True,True,True,True,False,True,LigaPro_Portugal_2a_división,,,,,2017-01-08 16:00:00
2016-2017,21,1,0,1,13,0,13,0,3,1,0,4,2,5,6,9,8,12,17,59,41,Estádio Municipal 22 de Junho,"Alameda dos Bargos, Vila Nova de Famalicão",2,3,1.83,3.3,5.5,0.0,0.0,0.0,0.0,0.0,0.0,0.0,0.0,0.0,0.0,0.0,0.0,0.0,1,0,0,1,0,1,0,1483891200,1033,0,45,0,2132,-1,1,-1,-1,-1,-1,-1,-1,0,1,1,2,1,3,-1,0,0,0,0,0.0,0.0,0.0,0,0,0,0,0,0,1,1,0,0,-1,-1,0,0,-1,-1,-1,-1,-1,-1,-1,-1,-1,35,60,25,50,Famalicão,Gil Vicente,1.71,0.86,1.6,0.5,1.1,1.2,65,40,0.0,0.0,0.0,42,True,False,False,False,False,False,False,LigaPro_Portugal_2a_división,,,,,2017-01-08 16:00:00
2016-2017,22,2,0,2,10,2,12,1,0,0,0,8,3,6,11,14,14,6,10,55,45,Estádio EFAPEL,"Rua Dom Manuel I, Coimbra",1,0,1.56,3.87,7.75,0.0,0.0,0.0,0.0,0.0,0.0,0.0,0.0,0.0,0.0,0.0,0.0,0.0,2,1,0,1,0,1,1,1484253000,179,0,44,0,3107,-1,1,-1,-1,-1,-1,-1,-1,0,0,1,0,0,1,-1,0,0,0,0,0.0,0.0,0.0,0,0,0,0,0,0,1,1,0,0,-1,-1,0,0,-1,-1,-1,-1,-1,-1,-1,-1,-1,49,54,35,72,Associação Académica de Coimbra OAF,SC Olhanense,1.95,0.43,2.09,0.5,1.57,0.62,52,47,0.0,0.0,0.0,42,True,True,False,False,False,False,False,LigaPro_Portugal_2a_división,,,,,2017-01-12 20:30:00
2016-2017,22,1,2,3,7,3,10,3,3,0,0,6,7,9,2,15,9,11,11,49,51,Estádio Municipal José Martins Vieira,"Estrada do Brejo, Cova da Piedade, Almada",3,3,2.67,3.19,2.92,0.0,0.0,0.0,0.0,0.0,0.0,0.0,0.0,0.0,0.0,0.0,0.0,0.0,3,1,2,0,0,0,3,1484392500,1031,0,50,0,1613,-1,1,-1,-1,-1,-1,-1,-1,2,1,1,2,3,3,-1,0,0,0,0,0.0,0.0,0.0,0,1,0,1,0,0,1,1,0,1,-1,-1,0,0,-1,-1,-1,-1,-1,-1,-1,-1,-1,41,64,18,78,Cova Piedade,Benfica II,1.62,1.1,1.91,1.09,1.52,1.48,59,36,0.0,0.0,0.0,42,True,True,True,False,False,False,True,LigaPro_Portugal_2a_división,,,,,2017-01-14 11:15:00
2016-2017,22,2,3,5,4,2,6,2,1,0,0,10,5,7,3,17,8,18,12,57,43,Estádio Municipal José dos Santos Pinto,"Rua Viriato, Covilhã",2,1,2.22,3.11,3.87,0.0,0.0,0.0,0.0,0.0,0.0,0.0,0.0,0.0,0.0,0.0,0.0,0.0,5,0,1,2,2,4,1,1484392500,182,0,58,0,204,-1,1,-1,-1,-1,-1,-1,-1,0,0,2,1,0,3,-1,0,0,0,0,0.0,0.0,0.0,0,0,0,0,0,0,1,1,0,1,-1,-1,0,0,-1,-1,-1,-1,-1,-1,-1,-1,-1,44,72,25,53,Sporting Covilhã,FC Penafiel,1.67,0.86,1.45,0.6,1.29,1.48,57,29,0.0,0.0,0.0,42,True,True,True,True,True,False,True,LigaPro_Portugal_2a_división,,,,,2017-01-14 11:15:00
2016-2017,22,0,0,0,6,5,11,0,3,0,0,2,5,6,10,8,15,8,19,52,48,Estádio Dr. Jorge Sampaio,"Rua da Paradela, Pedroso, Vila Nova de Gaia",0,3,3.15,3.23,2.48,0.0,0.0,0.0,0.0,0.0,0.0,0.0,0.0,0.0,0.0,0.0,0.0,0.0,0,0,0,0,0,0,0,1484406000,-1,0,57,0,1049,-1,1,-1,-1,-1,-1,-1,-1,0,0,0,3,0,3,-1,0,0,0,0,0.0,0.0,0.0,0,0,0,0,0,0,1,1,0,0,-1,-1,0,0,-1,-1,-1,-1,-1,-1,-1,-1,-1,43,77,20,48,Porto II,CD Aves,1.71,1.52,1.82,2.2,1.29,2.29,58,24,0.0,0.0,0.0,42,False,False,False,False,False,False,False,LigaPro_Portugal_2a_división,,,,,2017-01-14 15:00:00
2016-2017,22,2,1,3,0,4,4,5,5,0,0,4,4,2,7,6,11,19,23,48,52,Estádio do Centro Desportivo da Madeira,"VE4 65, Madeira",5,5,2.11,3.11,4.25,0.0,0.0,0.0,0.0,0.0,0.0,0.0,0.0,0.0,0.0,0.0,0.0,0.0,3,1,1,1,0,1,2,1484406000,178,0,35,0,572,-1,1,-1,-1,-1,-1,-1,-1,1,2,4,3,3,7,-1,0,0,0,0,0.0,0.0,0.0,1,0,1,0,0,0,1,1,0,0,-1,-1,0,0,-1,-1,-1,-1,-1,-1,-1,-1,-1,30,50,10,50,CF União,Freamunde,1.9,0.76,1.6,0.8,1.19,0.9,70,50,0.0,0.0,0.0,42,True,True,True,False,False,False,True,LigaPro_Portugal_2a_división,,,,,2017-01-14 15:00:00
2016-2017,22,1,1,2,12,7,19,2,1,0,0,5,5,8,6,13,11,15,15,53,47,Estádio Do Vizela (Caldas de Vizela),,2,1,2.48,3.05,3.34,0.0,0.0,0.0,0.0,0.0,0.0,0.0,0.0,0.0,0.0,0.0,0.0,0.0,2,0,0,1,1,2,0,1484406000,-1,0,67,0,790,-1,1,-1,-1,-1,-1,-1,-1,0,0,2,1,0,3,-1,0,0,0,0,0.0,0.0,0.0,0,0,0,0,0,0,1,1,0,0,-1,-1,0,0,-1,-1,-1,-1,-1,-1,-1,-1,-1,52,72,43,72,FC Vizela,Academico Viseu,1.24,1.19,1.2,1.09,1.24,1.05,48,29,0.0,0.0,0.0,42,True,True,False,False,False,False,True,LigaPro_Portugal_2a_división,,,,,2017-01-14 15:00:00
2016-2017,22,0,2,2,7,5,12,5,3,1,0,4,6,6,8,10,14,21,21,53,47,Estádio Municipal 22 de Junho,"Alameda dos Bargos, Vila Nova de Famalicão",6,3,1.7,3.58,6.14,0.0,0.0,0.0,0.0,0.0,0.0,0.0,0.0,0.0,0.0,0.0,0.0,0.0,2,0,1,0,1,1,1,1484406000,1030,0,41,0,2205,-1,1,-1,-1,-1,-1,-1,-1,1,0,5,3,1,8,-1,0,0,0,0,0.0,0.0,0.0,0,0,0,0,0,0,1,1,0,0,-1,-1,0,0,-1,-1,-1,-1,-1,-1,-1,-1,-1,32,55,18,69,Famalicão,Leixões,1.71,0.81,1.73,0.45,1.19,0.81,69,46,0.0,0.0,0.0,42,True,True,False,False,False,False,False,LigaPro_Portugal_2a_división,,,,,2017-01-14 15:00:00
2016-2017,22,4,0,4,5,0,5,0,2,0,0,7,3,7,10,14,13,17,12,53,47,Estádio do Portimonense SC (Portimão),"Avenida Zeca Afonso Portimão, Portimão",0,2,1.44,4.56,8.45,0.0,0.0,0.0,0.0,0.0,0.0,0.0,0.0,0.0,0.0,0.0,0.0,0.0,4,2,0,2,0,2,2,1484478900,1025,0,36,0,2674,-1,1,-1,-1,-1,-1,-1,-1,0,2,0,0,2,0,-1,0,0,0,0,0.0,0.0,0.0,0,0,0,0,0,0,1,1,0,0,-1,-1,0,0,-1,-1,-1,-1,-1,-1,-1,-1,-1,50,73,23,73,Portimonense,Sporting CP II,2.43,1.14,2.82,1.36,2.48,1.19,50,27,0.0,0.0,0.0,42,True,True,True,True,False,False,False,LigaPro_Portugal_2a_división,,,,,2017-01-15 11:15:00
2016-2017,22,4,1,5,5,6,11,2,4,0,0,9,5,3,2,12,7,17,13,47,53,Estádio Municipal de Amarante,", Amarante",2,4,2.78,3.13,2.85,0.0,0.0,0.0,0.0,0.0,0.0,0.0,0.0,0.0,0.0,0.0,0.0,0.0,5,1,0,3,1,4,1,1484492400,4885,0,67,0,656,-1,1,-1,-1,-1,-1,-1,-1,1,2,1,2,3,3,-1,0,0,0,0,0.0,0.0,0.0,1,0,1,0,0,0,1,1,0,0,-1,-1,0,0,-1,-1,-1,-1,-1,-1,-1,-1,-1,48,77,25,53,Fafe,Sporting Braga II,0.86,1.19,0.7,1.27,1.05,1.43,53,23,0.0,0.0,0.0,42,True,True,True,True,True,False,True,LigaPro_Portugal_2a_división,,,,,2017-01-15 15:00:00
2016-2017,22,1,1,2,10,1,11,5,3,0,0,6,2,4,7,10,9,20,13,54,46,Estádio Varzim Sport Club,"Rua do Varzim Sport Club, Póvoa de Varzim",5,3,1.98,3.25,4.61,0.0,0.0,0.0,0.0,0.0,0.0,0.0,0.0,0.0,0.0,0.0,0.0,0.0,2,0,1,1,0,1,1,1484492400,-1,0,43,0,1333,-1,1,-1,-1,-1,-1,-1,-1,1,1,4,2,2,6,-1,0,0,0,0,0.0,0.0,0.0,0,0,0,0,0,0,1,1,0,0,-1,-1,0,0,-1,-1,-1,-1,-1,-1,-1,-1,-1,39,63,19,58,Varzim,Gil Vicente,1.48,0.86,2.1,0.45,1.43,1.14,62,38,0.0,0.0,0.0,42,True,True,False,False,False,False,True,LigaPro_Portugal_2a_división,,,,,2017-01-15 15:00:00
2016-2017,22,5,0,5,2,0,2,0,1,0,0,9,2,5,6,14,8,14,23,50,50,Estádio Dom Afonso Henriques,"Rua de São Gonçalo 505, Guimarães",0,1,2.15,3.22,3.93,0.0,0.0,0.0,0.0,0.0,0.0,0.0,0.0,0.0,0.0,0.0,0.0,0.0,5,0,0,5,0,5,0,1484492400,1027,0,55,0,1366,-1,1,-1,-1,-1,-1,-1,-1,0,0,0,1,0,1,-1,0,0,0,0,0.0,0.0,0.0,1,0,1,0,0,0,1,1,0,0,-1,-1,0,0,-1,-1,-1,-1,-1,-1,-1,-1,-1,46,78,18,64,Vitória Guimarães II,Santa Clara,2.24,1.0,1.73,1.36,1.29,1.67,55,23,0.0,0.0,0.0,42,True,True,True,True,True,False,False,LigaPro_Portugal_2a_división,,,,,2017-01-15 15:00:00
2016-2017,23,2,2,4,2,8,10,3,5,0,0,3,7,4,5,7,12,15,8,40,60,Estádio Municipal 25 de Abril,"Rua Futebol Clube de Penafiel, Penafiel",3,5,3.29,3.23,2.4,0.0,0.0,0.0,0.0,0.0,0.0,0.0,0.0,0.0,0.0,0.0,0.0,0.0,4,2,1,0,1,1,3,1484997300,-1,0,43,0,450,-1,1,-1,-1,-1,-1,-1,-1,2,3,1,2,5,3,-1,0,0,0,0,0.0,0.0,0.0,1,1,1,1,0,0,1,1,0,0,-1,-1,0,0,-1,-1,-1,-1,-1,-1,-1,-1,-1,43,57,23,58,FC Penafiel,Portimonense,2.14,1.52,2.27,2.1,1.55,2.5,58,43,0.0,0.0,0.0,42,True,True,True,True,False,False,True,LigaPro_Portugal_2a_división,,,,,2017-01-21 11:15:00
2016-2017,23,3,1,4,4,2,6,2,3,0,0,5,3,3,1,8,4,10,20,58,42,Estádio 1º de Maio,", Braga",2,3,2.48,3.21,3.17,0.0,0.0,0.0,0.0,0.0,0.0,0.0,0.0,0.0,0.0,0.0,0.0,0.0,4,1,0,2,1,3,1,1485010800,1035,0,58,0,320,-1,1,-1,-1,-1,-1,-1,-1,1,2,1,1,3,2,-1,0,0,0,0,0.0,0.0,0.0,0,1,0,1,0,0,1,1,1,0,-1,-1,1,0,-1,-1,-1,-1,-1,-1,-1,-1,-1,44,82,29,77,Sporting Braga II,CF União,1.76,1.14,1.6,0.82,1.36,1.27,57,19,0.0,0.0,0.0,42,True,True,True,True,False,False,True,LigaPro_Portugal_2a_división,,,,,2017-01-21 15:00:00
2016-2017,23,2,1,3,8,8,16,2,2,0,0,10,6,5,5,15,11,18,10,37,63,Estádio Municipal do Fontelo,"Avenida José Relvas, Viseu",2,2,2.55,3.19,3.08,0.0,0.0,0.0,0.0,0.0,0.0,0.0,0.0,0.0,0.0,0.0,0.0,0.0,3,0,0,2,1,3,0,1485083700,1032,0,45,0,603,-1,1,-1,-1,-1,-1,-1,-1,2,2,0,0,4,0,-1,0,0,0,0,0.0,0.0,0.0,0,0,0,0,0,0,1,1,0,0,-1,-1,0,0,-1,-1,-1,-1,-1,-1,-1,-1,-1,40,60,15,70,Academico Viseu,Porto II,1.29,1.14,1.0,0.7,1.05,1.27,60,40,0.0,0.0,0.0,42,True,True,True,False,False,False,True,LigaPro_Portugal_2a_división,,,,,2017-01-22 11:15:00
2016-2017,23,1,0,1,7,4,11,0,3,0,0,5,3,7,8,12,11,19,16,53,47,Complexo Desportivo do SC Freamunde,"Rua do Sport Clube de Freamunde, Freamunde",0,3,2.21,3.24,3.71,0.0,0.0,0.0,0.0,0.0,0.0,0.0,0.0,0.0,0.0,0.0,0.0,0.0,1,0,0,1,0,1,0,1485097200,4881,0,50,0,890,-1,1,-1,-1,-1,-1,-1,-1,0,0,0,3,0,3,-1,0,0,0,0,0.0,0.0,0.0,1,0,1,0,0,0,1,1,0,0,-1,-1,0,0,-1,-1,-1,-1,-1,-1,-1,-1,-1,37,55,23,64,Freamunde,Fafe,1.14,1.29,1.0,1.36,0.86,1.14,64,46,0.0,0.0,0.0,42,True,False,False,False,False,False,False,LigaPro_Portugal_2a_división,,,,,2017-01-22 15:00:00
2016-2017,23,0,1,1,5,6,11,2,1,0,0,0,3,6,4,6,7,23,19,52,48,Estádio José Arcanjo,"Apartado 104, Rua da Feira, Olhão",2,1,3.06,3.19,2.56,0.0,0.0,0.0,0.0,0.0,0.0,0.0,0.0,0.0,0.0,0.0,0.0,0.0,1,0,1,0,0,0,1,1485097200,1033,0,62,0,201,-1,1,-1,-1,-1,-1,-1,-1,1,0,1,1,1,2,-1,0,0,0,0,0.0,0.0,0.0,0,1,0,1,0,0,1,1,0,0,-1,-1,0,0,-1,-1,-1,-1,-1,-1,-1,-1,-1,67,77,34,72,SC Olhanense,Famalicão,0.9,0.81,0.73,0.6,0.59,1.14,34,24,0.0,0.0,0.0,42,True,False,False,False,False,False,False,LigaPro_Portugal_2a_división,,,,,2017-01-22 15:00:00
2016-2017,23,1,0,1,2,3,5,4,2,0,0,7,3,10,2,17,5,13,6,52,48,Estádio Clube Desportivo das Aves,"Rua Luís Gonzaga Mendes de Carvalho 265, Vila das Aves",4,2,1.53,4.07,7.73,0.0,0.0,0.0,0.0,0.0,0.0,0.0,0.0,0.0,0.0,0.0,0.0,0.0,1,0,0,1,0,1,0,1485097200,1024,0,57,0,940,-1,1,-1,-1,-1,-1,-1,-1,1,0,3,2,1,5,-1,0,0,0,0,0.0,0.0,0.0,0,0,0,0,0,0,1,1,0,0,-1,-1,0,0,-1,-1,-1,-1,-1,-1,-1,-1,-1,48,81,19,68,CD Aves,Vitória Guimarães II,2.33,0.62,2.36,0.8,2.23,1.36,53,19,0.0,0.0,0.0,42,True,False,False,False,False,False,False,LigaPro_Portugal_2a_división,,,,,2017-01-22 15:00:00
2016-2017,23,1,0,1,10,8,18,2,4,0,1,8,2,9,4,17,6,18,17,58,42,Estádio Cidade de Barcelos,"strada Nacional 103, Vila Boa, Barcelos",2,6,2.25,3.12,3.77,0.0,0.0,0.0,0.0,0.0,0.0,0.0,0.0,0.0,0.0,0.0,0.0,0.0,1,0,0,1,0,1,0,1485097200,183,0,38,0,848,-1,1,-1,-1,-1,-1,-1,-1,0,2,2,3,2,5,-1,0,0,0,0,0.0,0.0,0.0,0,0,0,0,0,0,1,1,0,0,-1,-1,0,0,-1,-1,-1,-1,-1,-1,-1,-1,-1,29,38,15,38,Gil Vicente,FC Vizela,1.81,0.95,1.9,1.27,1.14,1.23,72,63,0.0,0.0,0.0,42,True,False,False,False,False,False,False,LigaPro_Portugal_2a_división,,,,,2017-01-22 15:00:00
2016-2017,23,4,0,4,5,6,11,2,3,0,0,5,3,7,4,12,7,27,19,45,55,Estádio do Mar,"Lugar da Cruz de Pau, Matosinhos",2,3,2.42,3.1,3.39,0.0,0.0,0.0,0.0,0.0,0.0,0.0,0.0,0.0,0.0,0.0,0.0,0.0,4,1,0,3,0,3,1,1485097200,1030,0,50,0,989,-1,1,-1,-1,-1,-1,-1,-1,2,2,0,1,4,1,-1,0,0,0,0,0.0,0.0,0.0,0,0,0,0,0,0,1,1,1,0,-1,-1,0,1,-1,-1,-1,-1,-1,-1,-1,-1,-1,40,55,30,55,Leixões,Cova Piedade,1.38,0.9,1.2,1.1,0.91,1.45,60,45,0.0,0.0,0.0,42,True,True,True,True,False,False,False,LigaPro_Portugal_2a_división,,,,,2017-01-22 15:00:00
2016-2017,23,1,1,2,8,3,11,2,3,0,0,4,6,6,3,10,9,17,16,49,51,"Estádio de São Miguel (Ponta Delgada, Ilha de São Miguel, Açores)","Rua Comandante Jaime de Sousa 21, Ponta Delgada, Ilha de São Miguel, Açores",2,3,2.8,3.02,2.92,0.0,0.0,0.0,0.0,0.0,0.0,0.0,0.0,0.0,0.0,0.0,0.0,0.0,2,1,0,0,1,1,1,1485100800,-1,0,55,0,1142,-1,1,-1,-1,-1,-1,-1,-1,1,1,1,2,2,3,-1,0,0,0,0,0.0,0.0,0.0,0,0,0,0,0,0,1,1,1,0,-1,-1,0,1,-1,-1,-1,-1,-1,-1,-1,-1,-1,45,70,15,50,Santa Clara,Associação Académica de Coimbra OAF,1.86,1.0,2.0,1.0,1.59,1.64,55,30,0.0,0.0,0.0,42,True,True,False,False,False,False,True,LigaPro_Portugal_2a_división,,,,,2017-01-22 16:00:00
2016-2017,23,1,1,2,5,4,9,2,0,0,0,6,3,7,4,13,7,20,16,49,51,CGD Stadium Aurélio Pereira,", Alcochete",2,0,2.52,3.21,3.1,0.0,0.0,0.0,0.0,0.0,0.0,0.0,0.0,0.0,0.0,0.0,0.0,0.0,2,1,0,0,1,1,1,1485187200,-1,0,75,0,169,-1,1,-1,-1,-1,-1,-1,-1,0,0,2,0,0,2,-1,0,0,0,0,0.0,0.0,0.0,0,1,0,1,0,0,1,1,0,0,-1,-1,0,0,-1,-1,-1,-1,-1,-1,-1,-1,-1,65,75,20,65,Sporting CP II,Sporting Covilhã,1.48,1.29,1.0,1.1,1.14,1.23,35,25,0.0,0.0,0.0,42,True,True,False,False,False,False,True,LigaPro_Portugal_2a_división,,,,,2017-01-23 16:00:00
2016-2017,23,1,2,3,10,3,13,5,5,1,0,5,4,15,3,20,7,14,16,56,44,Caixa Futebol Campus,", Seixal",6,5,2.12,3.32,3.89,0.0,0.0,0.0,0.0,0.0,0.0,0.0,0.0,0.0,0.0,0.0,0.0,0.0,3,0,1,1,1,2,1,1485194400,1034,0,62,0,483,-1,1,-1,-1,-1,-1,-1,-1,1,4,5,1,5,6,-1,0,0,0,0,0.0,0.0,0.0,0,1,0,1,0,0,1,1,0,0,-1,-1,0,1,-1,-1,-1,-1,-1,-1,-1,-1,-1,48,81,34,72,Benfica II,Varzim,1.9,1.43,1.9,0.82,1.55,1.41,53,20,0.0,0.0,0.0,42,True,True,True,False,False,False,True,LigaPro_Portugal_2a_división,,,,,2017-01-23 18:00:00
2016-2017,24,3,1,4,1,10,11,3,4,0,0,5,10,1,8,6,18,16,18,36,64,Estádio Do Vizela (Caldas de Vizela),,3,4,6.07,3.41,1.75,0.0,0.0,0.0,0.0,0.0,0.0,0.0,0.0,0.0,0.0,0.0,0.0,0.0,4,1,0,2,1,3,1,1485615600,4841,0,59,0,954,-1,1,-1,-1,-1,-1,-1,-1,1,2,2,2,3,4,-1,0,0,0,0,0.0,0.0,0.0,0,0,0,0,0,0,1,1,1,0,-1,-1,0,1,-1,-1,-1,-1,-1,-1,-1,-1,-1,36,73,27,60,FC Vizela,CD Aves,1.24,1.52,1.18,2.09,1.17,2.26,64,27,0.0,0.0,0.0,42,True,True,True,True,False,False,True,LigaPro_Portugal_2a_división,,,,,2017-01-28 15:00:00
2016-2017,24,1,1,2,3,6,9,1,3,0,0,2,2,0,0,2,2,11,16,42,58,Estádio Cidade de Barcelos,"strada Nacional 103, Vila Boa, Barcelos",1,3,2.7,3.02,3.04,0.0,0.0,0.0,0.0,0.0,0.0,0.0,0.0,0.0,0.0,0.0,0.0,0.0,2,0,1,1,0,1,1,1485615600,-1,0,43,0,1148,-1,1,-1,-1,-1,-1,-1,-1,0,2,1,1,2,2,-1,0,0,0,0,0.0,0.0,0.0,0,0,0,0,0,0,1,1,0,0,-1,-1,0,0,-1,-1,-1,-1,-1,-1,-1,-1,-1,43,51,22,56,Gil Vicente,Benfica II,1.81,1.1,2.0,1.25,1.22,1.48,58,49,0.0,0.0,0.0,42,True,True,False,False,False,False,True,LigaPro_Portugal_2a_división,,,,,2017-01-28 15:00:00
2016-2017,24,1,1,2,10,2,12,1,2,0,0,3,4,6,7,9,11,21,16,57,43,Estádio Municipal José Martins Vieira,"Estrada do Brejo, Cova da Piedade, Almada",1,2,2.6,3.16,3.04,0.0,0.0,0.0,0.0,0.0,0.0,0.0,0.0,0.0,0.0,0.0,0.0,0.0,2,1,1,0,0,0,2,1485615600,-1,0,59,0,742,-1,1,-1,-1,-1,-1,-1,-1,0,0,1,2,0,3,-1,0,0,0,0,0.0,0.0,0.0,0,0,0,0,0,0,1,1,0,1,-1,-1,0,0,-1,-1,-1,-1,-1,-1,-1,-1,-1,42,63,17,63,Cova Piedade,Sporting Braga II,1.62,1.19,1.75,1.17,1.39,1.43,59,38,0.0,0.0,0.0,42,True,True,False,False,False,False,True,LigaPro_Portugal_2a_división,,,,,2017-01-28 15:00:00
2016-2017,24,1,2,3,5,4,9,1,4,0,0,4,9,10,11,14,20,16,22,60,40,Estádio Dr. Jorge Sampaio,"Rua da Paradela, Pedroso, Vila Nova de Gaia",1,4,2.04,3.28,4.25,0.0,0.0,0.0,0.0,0.0,0.0,0.0,0.0,0.0,0.0,0.0,0.0,0.0,3,0,1,1,1,2,1,1485615600,1030,0,46,0,949,-1,1,-1,-1,-1,-1,-1,-1,1,1,0,3,2,3,-1,0,0,0,0,0.0,0.0,0.0,0,0,0,0,0,0,1,1,0,0,-1,-1,0,0,-1,-1,-1,-1,-1,-1,-1,-1,-1,34,59,8,58,Porto II,Leixões,1.71,0.81,1.75,0.67,1.22,1.0,67,42,0.0,0.0,0.0,42,True,True,True,False,False,False,True,LigaPro_Portugal_2a_división,,,,,2017-01-28 15:00:00
2016-2017,24,3,1,4,1,4,5,0,1,0,0,7,5,4,3,11,8,15,9,37,63,Estádio do Centro Desportivo da Madeira,"VE4 65, Madeira",0,1,3.49,3.03,2.41,0.0,0.0,0.0,0.0,0.0,0.0,0.0,0.0,0.0,0.0,0.0,0.0,0.0,4,1,1,2,0,2,2,1485615600,178,0,41,0,693,-1,1,-1,-1,-1,-1,-1,-1,0,0,0,1,0,1,-1,0,0,0,0,0.0,0.0,0.0,1,0,1,0,0,0,1,1,1,0,-1,-1,0,0,-1,-1,-1,-1,-1,-1,-1,-1,-1,36,50,18,69,CF União,Portimonense,1.9,1.52,1.73,2.0,1.22,2.43,64,50,0.0,0.0,0.0,42,True,True,True,True,False,False,True,LigaPro_Portugal_2a_división,,,,,2017-01-28 15:00:00
2016-2017,24,3,2,5,4,4,8,5,5,3,2,6,7,6,6,12,13,17,18,57,43,Estádio EFAPEL,"Rua Dom Manuel I, Coimbra",11,9,2.07,3.1,4.44,0.0,0.0,0.0,0.0,0.0,0.0,0.0,0.0,0.0,0.0,0.0,0.0,0.0,5,0,1,3,1,4,1,1485615600,179,0,41,0,2512,-1,1,-1,-1,-1,-1,-1,-1,2,2,6,5,4,11,-1,0,0,0,0,0.0,0.0,0.0,1,0,1,0,0,0,1,1,0,0,-1,-1,0,0,-1,-1,-1,-1,-1,-1,-1,-1,-1,45,53,22,61,Associação Académica de Coimbra OAF,FC Penafiel,1.95,0.86,2.17,0.82,1.61,1.52,56,47,0.0,0.0,0.0,42,True,True,True,True,True,False,True,LigaPro_Portugal_2a_división,,,,,2017-01-28 15:00:00
2016-2017,24,3,0,3,12,2,14,4,5,0,0,9,3,9,1,18,4,19,23,57,43,Estádio Municipal José dos Santos Pinto,"Rua Viriato, Covilhã",4,5,1.58,3.82,7.43,0.0,0.0,0.0,0.0,0.0,0.0,0.0,0.0,0.0,0.0,0.0,0.0,0.0,3,1,0,2,0,2,1,1485615600,1026,0,61,0,226,-1,1,-1,-1,-1,-1,-1,-1,0,1,4,4,1,8,-1,0,0,0,0,0.0,0.0,0.0,0,0,0,0,0,0,1,1,0,0,-1,-1,0,0,-1,-1,-1,-1,-1,-1,-1,-1,-1,49,79,32,70,Sporting Covilhã,SC Olhanense,1.67,0.43,1.33,0.45,1.22,0.57,52,22,0.0,0.0,0.0,42,True,True,True,False,False,False,False,LigaPro_Portugal_2a_división,,,,,2017-01-28 15:00:00
2016-2017,24,2,0,2,5,3,8,0,0,0,0,5,3,3,7,8,10,11,18,39,61,Estádio Municipal de Amarante,", Amarante",0,0,2.4,3.24,3.28,0.0,0.0,0.0,0.0,0.0,0.0,0.0,0.0,0.0,0.0,0.0,0.0,0.0,2,2,0,0,0,0,2,1485615600,4885,0,53,0,665,-1,-1,-1,-1,-1,-1,-1,-1,0,0,0,0,0,0,-1,0,0,0,0,0.0,0.0,0.0,0,0,0,0,0,0,1,1,1,0,-1,-1,-1,-1,-1,-1,-1,-1,-1,-1,-1,-1,-1,49,79,31,78,Fafe,Sporting CP II,0.86,1.14,0.91,1.25,1.09,1.13,52,21,0.0,0.0,0.0,42,True,True,False,False,False,False,False,LigaPro_Portugal_2a_división,,,,,2017-01-28 15:00:00
2016-2017,24,0,1,1,6,3,9,3,3,0,0,2,4,6,7,8,11,31,18,49,51,Estádio Municipal 22 de Junho,"Alameda dos Bargos, Vila Nova de Famalicão",3,3,2.21,3.11,3.89,0.0,0.0,0.0,0.0,0.0,0.0,0.0,0.0,0.0,0.0,0.0,0.0,0.0,1,0,0,0,1,1,0,1485615600,1028,0,46,0,1075,-1,1,-1,-1,-1,-1,-1,-1,0,2,3,1,2,4,-1,0,0,0,0,0.0,0.0,0.0,0,0,0,0,0,0,1,1,0,0,-1,-1,0,1,-1,-1,-1,-1,-1,-1,-1,-1,-1,38,67,25,58,Famalicão,Santa Clara,1.71,1.0,1.58,1.25,1.22,1.57,63,33,0.0,0.0,0.0,42,True,False,False,False,False,False,False,LigaPro_Portugal_2a_división,,,,,2017-01-28 15:00:00
2016-2017,24,1,1,2,7,6,13,1,1,0,1,4,11,10,9,14,20,9,17,58,42,Estádio Varzim Sport Club,"Rua do Varzim Sport Club, Póvoa de Varzim",1,3,1.94,3.3,4.72,0.0,0.0,0.0,0.0,0.0,0.0,0.0,0.0,0.0,0.0,0.0,0.0,0.0,2,0,0,1,1,2,0,1485619200,-1,0,61,0,863,-1,1,-1,-1,-1,-1,-1,-1,1,1,0,1,2,1,-1,0,0,0,0,0.0,0.0,0.0,0,0,0,0,0,0,1,1,0,0,-1,-1,0,0,-1,-1,-1,-1,-1,-1,-1,-1,-1,52,79,34,75,Varzim,Academico Viseu,1.48,1.19,2.0,1.08,1.48,1.13,49,22,0.0,0.0,0.0,42,True,True,False,False,False,False,True,LigaPro_Portugal_2a_división,,,,,2017-01-28 16:00:00
2016-2017,24,2,1,3,6,6,12,2,3,0,0,8,4,10,11,18,15,16,25,51,49,Estádio Dom Afonso Henriques,"Rua de São Gonçalo 505, Guimarães",2,3,2.29,3.11,3.67,0.0,0.0,0.0,0.0,0.0,0.0,0.0,0.0,0.0,0.0,0.0,0.0,0.0,3,1,1,1,0,1,2,1485788400,1027,0,48,0,1214,-1,1,-1,-1,-1,-1,-1,-1,1,1,1,2,2,3,-1,0,0,0,0,0.0,0.0,0.0,0,0,0,0,0,0,1,1,1,0,-1,-1,0,0,-1,-1,-1,-1,-1,-1,-1,-1,-1,52,78,13,47,Vitória Guimarães II,Freamunde,2.24,0.76,1.83,0.73,1.3,0.96,49,22,0.0,0.0,0.0,42,True,True,True,False,False,False,True,LigaPro_Portugal_2a_división,,,,,2017-01-30 15:00:00
2016-2017,25,2,1,3,4,5,9,3,2,0,0,7,4,7,12,14,16,14,11,51,49,Caixa Futebol Campus,", Seixal",3,2,1.92,3.38,4.69,0.0,0.0,0.0,0.0,0.0,0.0,0.0,0.0,0.0,0.0,0.0,0.0,0.0,3,2,1,0,0,0,3,1486144800,1031,0,53,0,311,-1,1,-1,-1,-1,-1,-1,-1,0,1,3,1,1,4,-1,0,0,0,0,0.0,0.0,0.0,0,0,0,0,0,0,1,1,1,0,-1,-1,0,0,-1,-1,-1,-1,-1,-1,-1,-1,-1,35,58,27,53,Benfica II,FC Vizela,1.9,0.95,1.73,1.17,1.46,1.25,65,43,0.0,0.0,0.0,42,True,True,True,False,False,False,True,LigaPro_Portugal_2a_división,,,,,2017-02-03 18:00:00
2016-2017,25,0,0,0,5,8,13,3,1,0,0,2,4,5,5,7,9,20,19,61,39,Estádio do Portimonense SC (Portimão),"Avenida Zeca Afonso Portimão, Portimão",3,1,1.81,3.41,5.45,0.0,0.0,0.0,0.0,0.0,0.0,0.0,0.0,0.0,0.0,0.0,0.0,0.0,0,0,0,0,0,0,0,1486206900,-1,0,44,0,1817,-1,1,-1,-1,-1,-1,-1,-1,0,0,3,1,0,4,-1,0,0,0,0,0.0,0.0,0.0,0,0,0,0,0,0,1,1,0,0,-1,-1,0,0,-1,-1,-1,-1,-1,-1,-1,-1,-1,52,74,21,56,Portimonense,Associação Académica de Coimbra OAF,2.43,1.0,2.83,1.0,2.33,1.67,49,27,0.0,0.0,0.0,42,False,False,False,False,False,False,False,LigaPro_Portugal_2a_división,,,,,2017-02-04 11:15:00
2016-2017,25,0,1,1,3,0,3,2,5,0,0,10,3,9,4,19,7,14,20,65,35,Estádio 1º de Maio,", Braga",2,5,2.5,3.14,3.21,0.0,0.0,0.0,0.0,0.0,0.0,0.0,0.0,0.0,0.0,0.0,0.0,0.0,1,0,1,0,0,0,1,1486222200,1026,0,64,0,235,-1,1,-1,-1,-1,-1,-1,-1,0,2,2,3,2,5,-1,0,0,0,0,0.0,0.0,0.0,0,0,0,0,0,0,1,1,0,0,-1,-1,0,0,-1,-1,-1,-1,-1,-1,-1,-1,-1,46,73,18,69,Sporting Braga II,Sporting Covilhã,1.76,1.29,1.73,1.09,1.42,1.29,55,27,0.0,0.0,0.0,42,True,False,False,False,False,False,False,LigaPro_Portugal_2a_división,,,,,2017-02-04 15:30:00
2016-2017,25,1,3,4,6,2,8,2,3,0,0,8,7,5,1,13,8,15,18,59,41,"Estádio de São Miguel (Ponta Delgada, Ilha de São Miguel, Açores)","Rua Comandante Jaime de Sousa 21, Ponta Delgada, Ilha de São Miguel, Açores",2,3,1.85,3.37,5.14,0.0,0.0,0.0,0.0,0.0,0.0,0.0,0.0,0.0,0.0,0.0,0.0,0.0,4,1,2,0,1,1,3,1486234800,4885,0,61,0,710,-1,1,-1,-1,-1,-1,-1,-1,2,1,0,2,3,2,-1,0,0,0,0,0.0,0.0,0.0,1,1,1,1,0,0,1,1,0,0,-1,-1,0,0,-1,-1,-1,-1,-1,-1,-1,-1,-1,48,75,22,66,Santa Clara,Fafe,1.86,1.29,1.91,1.25,1.63,1.17,53,26,0.0,0.0,0.0,42,True,True,True,True,False,False,True,LigaPro_Portugal_2a_división,,,,,2017-02-04 19:00:00
2016-2017,25,2,2,4,4,8,12,0,3,0,1,7,9,11,6,18,15,20,18,48,52,Estádio José Arcanjo,"Apartado 104, Rua da Feira, Olhão",0,5,3.11,3.25,2.49,0.0,0.0,0.0,0.0,0.0,0.0,0.0,0.0,0.0,0.0,0.0,0.0,0.0,4,0,1,2,1,3,1,1486293300,-1,0,57,0,228,-1,1,-1,-1,-1,-1,-1,-1,0,2,0,2,2,2,-1,0,0,0,0,0.0,0.0,0.0,1,0,1,0,0,0,1,1,0,0,-1,-1,0,0,-1,-1,-1,-1,-1,-1,-1,-1,-1,66,75,22,74,SC Olhanense,Porto II,0.9,1.14,0.67,0.64,0.54,1.17,35,26,0.0,0.0,0.0,42,True,True,True,True,False,False,True,LigaPro_Portugal_2a_división,,,,,2017-02-05 11:15:00
2016-2017,25,1,1,2,5,5,10,4,3,0,1,4,2,3,3,7,5,26,17,44,56,CGD Stadium Aurélio Pereira,", Alcochete",4,5,2.43,3.29,3.18,0.0,0.0,0.0,0.0,0.0,0.0,0.0,0.0,0.0,0.0,0.0,0.0,0.0,2,1,0,0,1,1,1,1486306800,-1,0,78,0,204,-1,1,-1,-1,-1,-1,-1,-1,2,2,2,2,4,4,-1,0,0,0,0,0.0,0.0,0.0,0,0,0,0,0,0,1,1,1,0,-1,-1,0,0,-1,-1,-1,-1,-1,-1,-1,-1,-1,73,87,32,78,Sporting CP II,Famalicão,1.48,0.81,1.0,0.82,1.08,1.17,27,14,0.0,0.0,0.0,42,True,True,False,False,False,False,True,LigaPro_Portugal_2a_división,,,,,2017-02-05 15:00:00
2016-2017,25,1,2,3,7,9,16,0,4,0,1,10,4,6,5,16,9,10,14,52,48,Estádio Municipal do Fontelo,"Avenida José Relvas, Viseu",0,5,2.11,3.15,4.18,0.0,0.0,0.0,0.0,0.0,0.0,0.0,0.0,0.0,0.0,0.0,0.0,0.0,3,1,1,0,1,1,2,1486306800,183,0,44,0,465,-1,1,-1,-1,-1,-1,-1,-1,0,2,0,3,2,3,-1,0,0,0,0,0.0,0.0,0.0,0,0,0,0,0,0,1,1,0,0,-1,-1,0,2,-1,-1,-1,-1,-1,-1,-1,-1,-1,26,48,13,49,Academico Viseu,Gil Vicente,1.29,0.86,1.18,0.5,1.13,1.21,74,53,0.0,0.0,0.0,42,True,True,True,False,False,False,True,LigaPro_Portugal_2a_división,,,,,2017-02-05 15:00:00
2016-2017,25,2,1,3,6,6,12,5,2,0,0,5,6,18,4,23,10,13,13,58,42,Estádio do Mar,"Lugar da Cruz de Pau, Matosinhos",5,2,2.33,3.22,3.44,0.0,0.0,0.0,0.0,0.0,0.0,0.0,0.0,0.0,0.0,0.0,0.0,0.0,3,0,1,2,0,2,1,1486306800,1030,0,41,0,1197,-1,1,-1,-1,-1,-1,-1,-1,2,0,3,2,2,5,-1,0,0,0,0,0.0,0.0,0.0,0,0,0,0,0,0,1,1,0,1,-1,-1,0,0,-1,-1,-1,-1,-1,-1,-1,-1,-1,41,64,18,59,Leixões,Vitória Guimarães II,1.38,0.62,1.36,0.73,1.08,1.38,60,36,0.0,0.0,0.0,42,True,True,True,False,False,False,True,LigaPro_Portugal_2a_división,,,,,2017-02-05 15:00:00
2016-2017,25,1,2,3,8,3,11,2,5,0,0,8,5,7,2,15,7,17,19,63,37,Estádio Clube Desportivo das Aves,"Rua Luís Gonzaga Mendes de Carvalho 265, Vila das Aves",2,5,1.75,3.55,5.63,0.0,0.0,0.0,0.0,0.0,0.0,0.0,0.0,0.0,0.0,0.0,0.0,0.0,3,1,2,0,0,0,3,1486306800,1034,0,63,0,950,-1,1,-1,-1,-1,-1,-1,-1,0,1,2,4,1,6,-1,0,0,0,0,0.0,0.0,0.0,0,0,0,0,0,0,1,1,0,0,-1,-1,0,0,-1,-1,-1,-1,-1,-1,-1,-1,-1,54,84,21,63,CD Aves,Varzim,2.33,1.43,2.42,1.0,2.17,1.46,46,17,0.0,0.0,0.0,42,True,True,True,False,False,False,True,LigaPro_Portugal_2a_división,,,,,2017-02-05 15:00:00
2016-2017,25,3,1,4,1,4,5,4,3,1,1,8,6,7,6,15,12,24,17,43,57,Complexo Desportivo do SC Freamunde,"Rua do Sport Clube de Freamunde, Freamunde",5,5,2.09,3.14,4.28,0.0,0.0,0.0,0.0,0.0,0.0,0.0,0.0,0.0,0.0,0.0,0.0,0.0,4,1,0,2,1,3,1,1486306800,4881,0,44,0,468,-1,1,-1,-1,-1,-1,-1,-1,2,3,3,1,5,4,-1,0,0,0,0,0.0,0.0,0.0,1,0,1,0,0,0,1,1,0,0,-1,-1,0,0,-1,-1,-1,-1,-1,-1,-1,-1,-1,31,49,22,62,Freamunde,Cova Piedade,1.14,0.9,1.17,1.0,0.92,1.38,69,52,0.0,0.0,0.0,42,True,True,True,True,False,False,True,LigaPro_Portugal_2a_división,,,,,2017-02-05 15:00:00
2016-2017,25,3,1,4,6,4,10,4,1,0,0,5,3,4,5,9,8,19,17,59,41,Estádio Municipal 25 de Abril,"Rua Futebol Clube de Penafiel, Penafiel",4,1,2.18,3.23,3.82,0.0,0.0,0.0,0.0,0.0,0.0,0.0,0.0,0.0,0.0,0.0,0.0,0.0,4,1,0,2,1,3,1,1486306800,182,0,50,0,445,-1,1,-1,-1,-1,-1,-1,-1,1,1,3,0,2,3,-1,0,0,0,0,0.0,0.0,0.0,1,0,1,0,0,0,1,1,0,0,-1,-1,0,0,-1,-1,-1,-1,-1,-1,-1,-1,-1,42,71,34,67,FC Penafiel,CF União,2.14,1.14,2.17,0.75,1.46,1.29,59,29,0.0,0.0,0.0,42,True,True,True,True,False,False,True,LigaPro_Portugal_2a_división,,,,,2017-02-05 15:00:00
2016-2017,26,2,1,3,3,5,8,2,3,0,0,4,6,1,11,5,17,10,15,48,52,Estádio Do Vizela (Caldas de Vizela),,2,3,2.21,3.31,3.62,0.0,0.0,0.0,0.0,0.0,0.0,0.0,0.0,0.0,0.0,0.0,0.0,0.0,3,1,0,1,1,2,1,1486671300,4841,0,53,0,779,-1,1,-1,-1,-1,-1,-1,-1,0,0,2,3,0,5,-1,0,0,0,0,0.0,0.0,0.0,1,0,1,0,0,0,1,1,1,0,-1,-1,0,0,-1,-1,-1,-1,-1,-1,-1,-1,-1,40,72,28,76,FC Vizela,Sporting CP II,1.24,1.14,1.33,1.15,1.2,1.08,60,28,0.0,0.0,0.0,42,True,True,True,False,False,False,True,LigaPro_Portugal_2a_división,,,,,2017-02-09 20:15:00
2016-2017,26,2,1,3,3,3,6,4,2,0,0,4,4,3,7,7,11,19,16,36,64,Estádio do Centro Desportivo da Madeira,"VE4 65, Madeira",4,2,2.59,3.15,3.06,0.0,0.0,0.0,0.0,0.0,0.0,0.0,0.0,0.0,0.0,0.0,0.0,0.0,3,2,0,0,1,1,2,1486825200,178,0,46,0,819,-1,1,-1,-1,-1,-1,-1,-1,1,0,3,2,1,5,-1,0,0,0,0,0.0,0.0,0.0,0,0,0,0,0,0,1,1,0,0,-1,-1,0,0,-1,-1,-1,-1,-1,-1,-1,-1,-1,33,54,17,59,CF União,Associação Académica de Coimbra OAF,1.9,1.0,1.83,1.0,1.24,1.64,67,46,0.0,0.0,0.0,42,True,True,True,False,False,False,True,LigaPro_Portugal_2a_división,,,,,2017-02-11 15:00:00
2016-2017,26,2,0,2,5,5,10,2,1,0,1,7,2,1,2,8,4,17,16,42,58,Estádio Municipal 22 de Junho,"Alameda dos Bargos, Vila Nova de Famalicão",2,3,2.07,3.39,3.96,0.0,0.0,0.0,0.0,0.0,0.0,0.0,0.0,0.0,0.0,0.0,0.0,0.0,2,1,0,1,0,1,1,1486825200,1033,0,54,0,1495,-1,1,-1,-1,-1,-1,-1,-1,1,1,1,1,2,2,-1,0,0,0,0,0.0,0.0,0.0,0,0,0,0,0,0,1,1,0,0,-1,-1,0,0,-1,-1,-1,-1,-1,-1,-1,-1,-1,39,66,19,50,Famalicão,Sporting Braga II,1.71,1.19,1.46,1.15,1.16,1.36,62,35,0.0,0.0,0.0,42,True,True,False,False,False,False,False,LigaPro_Portugal_2a_división,,,,,2017-02-11 15:00:00
2016-2017,26,0,1,1,5,10,15,2,1,0,0,6,3,11,3,17,6,6,11,66,34,Estádio Dr. Jorge Sampaio,"Rua da Paradela, Pedroso, Vila Nova de Gaia",2,1,2.21,3.34,3.59,0.0,0.0,0.0,0.0,0.0,0.0,0.0,0.0,0.0,0.0,0.0,0.0,0.0,1,0,0,0,1,1,0,1486825200,4881,0,56,0,448,-1,1,-1,-1,-1,-1,-1,-1,0,0,2,1,0,3,-1,0,0,0,0,0.0,0.0,0.0,0,0,0,0,0,0,1,1,0,0,-1,-1,0,0,-1,-1,-1,-1,-1,-1,-1,-1,-1,48,68,17,40,Porto II,Freamunde,1.71,0.76,1.62,0.67,1.16,1.0,52,32,0.0,0.0,0.0,42,True,False,False,False,False,False,False,LigaPro_Portugal_2a_división,,,,,2017-02-11 15:00:00
2016-2017,26,1,1,2,7,1,8,4,2,0,0,7,4,6,7,13,11,24,15,62,38,Estádio Municipal José Martins Vieira,"Estrada do Brejo, Cova da Piedade, Almada",4,2,2.92,3.25,2.63,0.0,0.0,0.0,0.0,0.0,0.0,0.0,0.0,0.0,0.0,0.0,0.0,0.0,2,0,1,1,0,1,1,1486825200,-1,0,61,0,343,-1,1,-1,-1,-1,-1,-1,-1,1,0,3,2,1,5,-1,0,0,0,0,0.0,0.0,0.0,0,0,0,0,0,0,1,1,0,0,-1,-1,0,0,-1,-1,-1,-1,-1,-1,-1,-1,-1,49,69,32,72,Cova Piedade,FC Penafiel,1.62,0.86,1.69,0.75,1.32,1.52,51,32,0.0,0.0,0.0,42,True,True,False,False,False,False,True,LigaPro_Portugal_2a_división,,,,,2017-02-11 15:00:00
2016-2017,26,1,2,3,6,7,13,4,2,1,0,3,3,13,8,16,11,20,12,50,50,Parque Municipal dos Desportos,"Parque Municipal dos Desportos, Aparto 29, Fafe",5,2,1.83,3.56,4.9,0.0,0.0,0.0,0.0,0.0,0.0,0.0,0.0,0.0,0.0,0.0,0.0,0.0,3,0,1,1,1,2,1,1486825200,184,0,63,0,3000,-1,1,-1,-1,-1,-1,-1,-1,1,1,4,1,2,5,-1,0,0,0,0,0.0,0.0,0.0,0,0,0,0,0,0,1,1,0,0,-1,-1,0,0,-1,-1,-1,-1,-1,-1,-1,-1,-1,59,88,46,79,Fafe,SC Olhanense,0.86,0.43,1.08,0.42,1.24,0.56,42,13,0.0,0.0,0.0,42,True,True,True,False,False,False,True,LigaPro_Portugal_2a_división,,,,,2017-02-11 15:00:00
2016-2017,26,4,2,6,5,7,12,1,3,0,0,7,7,4,9,11,16,16,25,49,51,Caixa Futebol Campus,", Seixal",1,3,2.85,3.33,2.64,0.0,0.0,0.0,0.0,0.0,0.0,0.0,0.0,0.0,0.0,0.0,0.0,0.0,6,3,1,1,1,2,4,1486828800,1031,0,59,0,704,-1,1,-1,-1,-1,-1,-1,-1,0,1,1,2,1,3,-1,0,0,0,0,0.0,0.0,0.0,1,0,1,0,0,0,1,1,1,0,-1,-1,0,1,-1,-1,-1,-1,-1,-1,-1,-1,-1,46,75,38,67,Benfica II,CD Aves,1.9,1.52,1.83,1.92,1.52,2.08,54,25,0.0,0.0,0.0,42,True,True,True,True,True,True,True,LigaPro_Portugal_2a_división,,,,,2017-02-11 16:00:00
2016-2017,26,1,0,1,3,10,13,3,2,0,0,4,8,7,13,11,21,29,12,37,63,Estádio Varzim Sport Club,"Rua do Varzim Sport Club, Póvoa de Varzim",3,2,2.01,3.37,4.24,0.0,0.0,0.0,0.0,0.0,0.0,0.0,0.0,0.0,0.0,0.0,0.0,0.0,1,1,0,0,0,0,1,1486828800,1034,0,48,0,2302,-1,1,-1,-1,-1,-1,-1,-1,0,0,3,2,0,5,-1,0,0,0,0,0.0,0.0,0.0,0,0,0,0,0,0,1,1,1,0,-1,-1,0,0,-1,-1,-1,-1,-1,-1,-1,-1,-1,37,69,13,80,Varzim,Leixões,1.48,0.81,1.92,0.85,1.52,1.16,64,32,0.0,0.0,0.0,42,True,False,False,False,False,False,False,LigaPro_Portugal_2a_división,,,,,2017-02-11 16:00:00
2016-2017,26,2,1,3,6,7,13,2,2,0,0,5,5,2,7,7,12,18,17,50,50,Estádio Cidade de Barcelos,"strada Nacional 103, Vila Boa, Barcelos",2,2,2.36,3.16,3.45,0.0,0.0,0.0,0.0,0.0,0.0,0.0,0.0,0.0,0.0,0.0,0.0,0.0,3,1,0,1,1,2,1,1486898100,183,0,40,0,563,-1,1,-1,-1,-1,-1,-1,-1,1,1,1,1,2,2,-1,0,0,0,0,0.0,0.0,0.0,0,0,0,0,0,0,1,1,1,0,-1,-1,0,0,-1,-1,-1,-1,-1,-1,-1,-1,-1,32,48,20,48,Gil Vicente,Santa Clara,1.81,1.0,1.92,1.38,1.28,1.56,69,53,0.0,0.0,0.0,42,True,True,True,False,False,False,True,LigaPro_Portugal_2a_división,,,,,2017-02-12 11:15:00
2016-2017,26,0,0,0,4,3,7,4,2,1,0,2,5,4,12,6,17,12,13,49,51,Estádio Dom Afonso Henriques,"Rua de São Gonçalo 505, Guimarães",5,2,2.12,3.37,3.81,0.0,0.0,0.0,0.0,0.0,0.0,0.0,0.0,0.0,0.0,0.0,0.0,0.0,0,0,0,0,0,0,0,1486911600,-1,0,62,0,1021,-1,1,-1,-1,-1,-1,-1,-1,3,0,2,2,3,4,-1,0,0,0,0,0.0,0.0,0.0,0,0,0,0,0,0,1,1,0,0,-1,-1,0,0,-1,-1,-1,-1,-1,-1,-1,-1,-1,58,85,31,62,Vitória Guimarães II,Academico Viseu,2.24,1.19,1.92,1.08,1.32,1.08,42,16,0.0,0.0,0.0,42,False,False,False,False,False,False,False,LigaPro_Portugal_2a_división,,,,,2017-02-12 15:00:00
2016-2017,27,2,1,3,5,8,13,1,2,0,0,9,7,14,11,23,18,10,17,51,49,Estádio Municipal do Fontelo,"Avenida José Relvas, Viseu",1,2,2.72,3.18,2.87,0.0,0.0,0.0,0.0,0.0,0.0,0.0,0.0,0.0,0.0,0.0,0.0,0.0,3,0,0,2,1,3,0,1487170800,1032,0,56,0,868,-1,1,-1,-1,-1,-1,-1,-1,1,0,0,2,1,2,-1,0,0,0,0,0.0,0.0,0.0,0,0,0,0,0,0,1,1,0,0,-1,-1,0,0,-1,-1,-1,-1,-1,-1,-1,-1,-1,44,64,20,68,Academico Viseu,Benfica II,1.29,1.1,1.08,1.23,1.08,1.58,57,37,0.0,0.0,0.0,42,True,True,True,False,False,False,True,LigaPro_Portugal_2a_división,,,,,2017-02-15 15:00:00
2016-2017,27,1,1,2,3,3,6,3,3,0,0,6,3,15,2,21,5,18,16,55,45,Estádio do Mar,"Lugar da Cruz de Pau, Matosinhos",3,3,2.12,3.23,4.02,0.0,0.0,0.0,0.0,0.0,0.0,0.0,0.0,0.0,0.0,0.0,0.0,0.0,2,0,0,1,1,2,0,1487170800,-1,0,52,0,673,-1,1,-1,-1,-1,-1,-1,-1,2,1,1,2,3,3,-1,0,0,0,0,0.0,0.0,0.0,0,0,0,0,0,0,1,1,0,0,-1,-1,0,0,-1,-1,-1,-1,-1,-1,-1,-1,-1,52,64,28,60,Leixões,Fafe,1.38,1.29,1.5,1.38,1.12,1.19,48,37,0.0,0.0,0.0,42,True,True,False,False,False,False,True,LigaPro_Portugal_2a_división,,,,,2017-02-15 15:00:00
2016-2017,27,1,0,1,5,9,14,3,4,1,1,4,6,7,10,11,16,31,22,41,59,Complexo Desportivo do SC Freamunde,"Rua do Sport Clube de Freamunde, Freamunde",4,5,2.55,3.05,3.22,0.0,0.0,0.0,0.0,0.0,0.0,0.0,0.0,0.0,0.0,0.0,0.0,0.0,1,1,0,0,0,0,1,1487170800,4881,0,48,0,529,-1,1,-1,-1,-1,-1,-1,-1,1,1,3,4,2,7,-1,0,0,0,0,0.0,0.0,0.0,0,0,0,0,0,0,1,1,0,0,-1,-1,0,0,-1,-1,-1,-1,-1,-1,-1,-1,-1,37,57,24,65,Freamunde,Famalicão,1.14,0.81,1.31,0.83,1.08,1.23,64,44,0.0,0.0,0.0,42,True,False,False,False,False,False,False,LigaPro_Portugal_2a_división,,,,,2017-02-15 15:00:00
2016-2017,27,1,0,1,6,1,7,3,1,0,0,4,2,12,2,16,4,18,15,62,38,Estádio do Portimonense SC (Portimão),"Avenida Zeca Afonso Portimão, Portimão",3,1,1.44,4.45,9.05,0.0,0.0,0.0,0.0,0.0,0.0,0.0,0.0,0.0,0.0,0.0,0.0,0.0,1,0,0,1,0,1,0,1487170800,1025,0,41,0,1609,-1,1,-1,-1,-1,-1,-1,-1,1,1,2,0,2,2,-1,0,0,0,0,0.0,0.0,0.0,0,0,0,0,0,0,1,1,0,0,-1,-1,0,0,-1,-1,-1,-1,-1,-1,-1,-1,-1,52,76,20,69,Portimonense,Vitória Guimarães II,2.43,0.62,2.69,0.67,2.28,1.31,48,24,0.0,0.0,0.0,42,True,False,False,False,False,False,False,LigaPro_Portugal_2a_división,,,,,2017-02-15 15:00:00
2016-2017,27,1,1,2,7,1,8,3,4,0,0,6,4,14,5,20,9,18,17,57,43,Estádio Clube Desportivo das Aves,"Rua Luís Gonzaga Mendes de Carvalho 265, Vila das Aves",3,4,1.59,3.85,7.0,0.0,0.0,0.0,0.0,0.0,0.0,0.0,0.0,0.0,0.0,0.0,0.0,0.0,2,1,1,0,0,0,2,1487170800,-1,0,54,0,980,-1,1,-1,-1,-1,-1,-1,-1,1,1,2,3,2,5,-1,0,0,0,0,0.0,0.0,0.0,0,0,0,0,0,0,1,1,0,0,-1,-1,0,0,-1,-1,-1,-1,-1,-1,-1,-1,-1,43,66,27,50,CD Aves,Gil Vicente,2.33,0.86,2.23,0.69,2.0,1.35,58,35,0.0,0.0,0.0,42,True,True,False,False,False,False,True,LigaPro_Portugal_2a_división,,,,,2017-02-15 15:00:00
2016-2017,27,5,0,5,4,5,9,1,1,1,0,10,6,7,5,17,11,17,9,53,47,Estádio 1º de Maio,", Braga",2,1,2.12,3.24,4.0,0.0,0.0,0.0,0.0,0.0,0.0,0.0,0.0,0.0,0.0,0.0,0.0,0.0,5,2,0,3,0,3,2,1487170800,1035,0,57,0,400,-1,1,-1,-1,-1,-1,-1,-1,1,0,1,1,1,2,-1,0,0,0,0,0.0,0.0,0.0,0,0,0,0,0,0,1,1,0,0,-1,-1,0,0,-1,-1,-1,-1,-1,-1,-1,-1,-1,45,65,20,61,Sporting Braga II,FC Vizela,1.76,0.95,1.58,1.08,1.31,1.27,56,36,0.0,0.0,0.0,42,True,True,True,True,True,False,False,LigaPro_Portugal_2a_división,,,,,2017-02-15 15:00:00
2016-2017,27,1,1,2,4,2,6,6,5,0,0,4,5,4,7,8,12,20,20,55,45,Estádio José Arcanjo,"Apartado 104, Rua da Feira, Olhão",6,5,3.35,3.3,2.33,0.0,0.0,0.0,0.0,0.0,0.0,0.0,0.0,0.0,0.0,0.0,0.0,0.0,2,1,0,0,1,1,1,1487170800,-1,0,58,0,258,-1,1,-1,-1,-1,-1,-1,-1,1,2,5,3,3,8,-1,0,0,0,0,0.0,0.0,0.0,1,0,1,0,0,0,1,1,0,0,-1,-1,0,0,-1,-1,-1,-1,-1,-1,-1,-1,-1,54,73,23,77,SC Olhanense,CF União,0.9,1.14,0.69,0.69,0.65,1.31,47,27,0.0,0.0,0.0,42,True,True,False,False,False,False,True,LigaPro_Portugal_2a_división,,,,,2017-02-15 15:00:00
2016-2017,27,0,2,2,3,4,7,5,2,0,0,4,10,5,4,9,14,20,16,48,52,Estádio Municipal 25 de Abril,"Rua Futebol Clube de Penafiel, Penafiel",5,2,2.0,3.42,4.2,0.0,0.0,0.0,0.0,0.0,0.0,0.0,0.0,0.0,0.0,0.0,0.0,0.0,2,0,2,0,0,0,2,1487170800,1037,0,56,0,538,-1,1,-1,-1,-1,-1,-1,-1,3,0,2,2,3,4,-1,0,0,0,0,0.0,0.0,0.0,0,2,0,2,0,0,1,1,0,0,-1,-1,0,0,-1,-1,-1,-1,-1,-1,-1,-1,-1,61,76,28,69,FC Penafiel,Porto II,2.14,1.14,2.23,0.67,1.5,1.12,40,24,0.0,0.0,0.0,42,True,True,False,False,False,False,False,LigaPro_Portugal_2a_división,,,,,2017-02-15 15:00:00
2016-2017,27,1,2,3,9,3,12,2,1,0,0,5,4,4,6,9,10,17,16,55,45,CGD Stadium Aurélio Pereira,", Alcochete",2,1,2.47,3.29,3.11,0.0,0.0,0.0,0.0,0.0,0.0,0.0,0.0,0.0,0.0,0.0,0.0,0.0,3,0,1,1,1,2,1,1487170800,1034,0,85,0,244,-1,1,-1,-1,-1,-1,-1,-1,2,0,0,1,2,1,-1,0,0,0,0,0.0,0.0,0.0,0,0,0,0,0,0,1,1,0,0,-1,-1,1,0,-1,-1,-1,-1,-1,-1,-1,-1,-1,73,96,24,80,Sporting CP II,Varzim,1.48,1.43,1.0,1.15,1.04,1.58,28,4,0.0,0.0,0.0,42,True,True,True,False,False,False,True,LigaPro_Portugal_2a_división,,,,,2017-02-15 15:00:00
2016-2017,27,2,0,2,9,1,10,1,2,1,2,5,3,9,2,14,5,22,18,63,37,"Estádio de São Miguel (Ponta Delgada, Ilha de São Miguel, Açores)","Rua Comandante Jaime de Sousa 21, Ponta Delgada, Ilha de São Miguel, Açores",3,5,1.85,3.37,5.15,0.0,0.0,0.0,0.0,0.0,0.0,0.0,0.0,0.0,0.0,0.0,0.0,0.0,2,0,0,2,0,2,0,1487174400,1028,0,63,0,582,-1,1,-1,-1,-1,-1,-1,-1,1,1,1,3,2,4,-1,0,0,0,0,0.0,0.0,0.0,1,0,1,0,0,0,1,1,0,0,-1,-1,0,0,-1,-1,-1,-1,-1,-1,-1,-1,-1,50,75,25,71,Santa Clara,Cova Piedade,1.86,0.9,1.75,0.92,1.5,1.31,50,25,0.0,0.0,0.0,42,True,True,False,False,False,False,False,LigaPro_Portugal_2a_división,,,,,2017-02-15 16:00:00
2016-2017,27,2,0,2,4,6,10,2,4,0,1,6,4,5,8,11,12,26,18,49,51,Estádio EFAPEL,"Rua Dom Manuel I, Coimbra",2,5,2.17,3.13,3.99,0.0,0.0,0.0,0.0,0.0,0.0,0.0,0.0,0.0,0.0,0.0,0.0,0.0,2,1,0,1,0,1,1,1487185200,179,0,37,0,2687,-1,1,-1,-1,-1,-1,-1,-1,0,4,2,1,4,3,-1,0,0,0,0,0.0,0.0,0.0,0,0,0,0,0,0,1,1,0,0,-1,-1,0,1,-1,-1,-1,-1,-1,-1,-1,-1,-1,28,44,8,64,Associação Académica de Coimbra OAF,Sporting Covilhã,1.95,1.29,2.23,1.25,1.58,1.36,72,56,0.0,0.0,0.0,42,True,True,False,False,False,False,False,LigaPro_Portugal_2a_división,,,,,2017-02-15 19:00:00
2016-2017,28,1,1,2,3,3,6,3,3,0,1,6,9,1,12,7,21,26,14,39,61,Estádio Municipal José Martins Vieira,"Estrada do Brejo, Cova da Piedade, Almada",3,4,4.83,3.47,1.87,0.0,0.0,0.0,0.0,0.0,0.0,0.0,0.0,0.0,0.0,0.0,0.0,0.0,2,0,1,1,0,1,1,1487502900,-1,0,54,0,915,-1,1,-1,-1,-1,-1,-1,-1,3,3,0,1,6,1,-1,0,0,0,0,0.0,0.0,0.0,0,1,0,1,0,0,1,1,0,0,-1,-1,0,0,-1,-1,-1,-1,-1,-1,-1,-1,-1,40,61,27,77,Cova Piedade,Portimonense,1.62,1.52,1.64,1.83,1.26,2.31,61,39,0.0,0.0,0.0,42,True,True,False,False,False,False,True,LigaPro_Portugal_2a_división,,,,,2017-02-19 11:15:00
2016-2017,28,2,1,3,6,6,12,2,4,0,0,7,6,5,7,12,13,17,15,46,54,Estádio Municipal 22 de Junho,"Alameda dos Bargos, Vila Nova de Famalicão",2,4,2.63,3.07,3.08,0.0,0.0,0.0,0.0,0.0,0.0,0.0,0.0,0.0,0.0,0.0,0.0,0.0,3,1,1,1,0,1,2,1487516400,1033,0,45,0,2954,-1,1,-1,-1,-1,-1,-1,-1,0,1,2,3,1,5,-1,0,0,0,0,0.0,0.0,0.0,0,0,0,0,0,0,1,1,0,0,-1,-1,0,0,-1,-1,-1,-1,-1,-1,-1,-1,-1,34,63,18,52,Famalicão,Associação Académica de Coimbra OAF,1.71,1.0,1.57,0.92,1.19,1.63,67,37,0.0,0.0,0.0,42,True,True,True,False,False,False,True,LigaPro_Portugal_2a_división,,,,,2017-02-19 15:00:00
2016-2017,28,1,0,1,5,8,13,2,6,1,1,3,5,3,6,6,11,21,22,50,50,Estádio Municipal do Fontelo,"Avenida José Relvas, Viseu",3,7,3.02,3.26,2.55,0.0,0.0,0.0,0.0,0.0,0.0,0.0,0.0,0.0,0.0,0.0,0.0,0.0,1,0,0,1,0,1,0,1487516400,1032,0,54,0,1119,-1,1,-1,-1,-1,-1,-1,-1,1,1,2,6,2,8,-1,0,0,0,0,0.0,0.0,0.0,1,0,1,0,0,0,1,1,0,0,-1,-1,0,0,-1,-1,-1,-1,-1,-1,-1,-1,-1,42,66,23,58,Academico Viseu,CD Aves,1.29,1.52,1.23,1.77,1.15,1.96,58,35,0.0,0.0,0.0,42,True,False,False,False,False,False,False,LigaPro_Portugal_2a_división,,,,,2017-02-19 15:00:00
2016-2017,28,0,1,1,6,4,10,0,2,0,0,4,4,13,8,17,12,9,12,55,45,Estádio Varzim Sport Club,"Rua do Varzim Sport Club, Póvoa de Varzim",0,2,2.11,3.29,3.96,0.0,0.0,0.0,0.0,0.0,0.0,0.0,0.0,0.0,0.0,0.0,0.0,0.0,1,0,0,0,1,1,0,1487516400,1035,0,59,0,1608,-1,1,-1,-1,-1,-1,-1,-1,0,0,0,2,0,2,-1,0,0,0,0,0.0,0.0,0.0,0,0,0,0,0,0,1,1,0,0,-1,-1,0,0,-1,-1,-1,-1,-1,-1,-1,-1,-1,41,74,15,64,Varzim,Sporting Braga II,1.48,1.19,2.0,1.07,1.63,1.37,60,26,0.0,0.0,0.0,42,True,False,False,False,False,False,False,LigaPro_Portugal_2a_división,,,,,2017-02-19 15:00:00
2016-2017,28,1,1,2,0,4,4,4,2,0,0,2,3,4,5,6,8,26,15,47,53,Estádio do Centro Desportivo da Madeira,"VE4 65, Madeira",4,2,2.23,3.14,3.8,0.0,0.0,0.0,0.0,0.0,0.0,0.0,0.0,0.0,0.0,0.0,0.0,0.0,2,1,1,0,0,0,2,1487516400,-1,0,46,0,912,-1,1,-1,-1,-1,-1,-1,-1,0,1,4,1,1,5,-1,0,0,0,0,0.0,0.0,0.0,0,0,0,0,0,0,1,1,0,0,-1,-1,0,0,-1,-1,-1,-1,-1,-1,-1,-1,-1,31,54,20,70,CF União,Sporting Covilhã,1.9,1.29,1.92,1.15,1.3,1.31,70,46,0.0,0.0,0.0,42,True,True,False,False,False,False,True,LigaPro_Portugal_2a_división,,,,,2017-02-19 15:00:00
2016-2017,28,1,1,2,3,8,11,1,3,1,0,2,7,2,6,4,13,12,13,41,59,Estádio Do Vizela (Caldas de Vizela),,2,3,2.87,3.08,2.8,0.0,0.0,0.0,0.0,0.0,0.0,0.0,0.0,0.0,0.0,0.0,0.0,0.0,2,1,1,0,0,0,2,1487516400,-1,0,57,0,1197,-1,1,-1,-1,-1,-1,-1,-1,2,0,0,3,2,3,-1,0,0,0,0,0.0,0.0,0.0,0,0,0,0,0,0,1,1,0,0,-1,-1,0,0,-1,-1,-1,-1,-1,-1,-1,-1,-1,38,64,15,78,FC Vizela,Leixões,1.24,0.81,1.46,0.79,1.22,1.11,63,37,0.0,0.0,0.0,42,True,True,False,False,False,False,True,LigaPro_Portugal_2a_división,,,,,2017-02-19 15:00:00
2016-2017,28,3,3,6,4,6,10,2,3,0,0,8,5,3,8,11,13,17,13,43,57,Parque Municipal dos Desportos,"Parque Municipal dos Desportos, Aparto 29, Fafe",2,3,2.94,3.2,2.65,0.0,0.0,0.0,0.0,0.0,0.0,0.0,0.0,0.0,0.0,0.0,0.0,0.0,6,2,0,1,3,4,2,1487516400,-1,0,69,0,2037,-1,1,-1,-1,-1,-1,-1,-1,1,2,1,1,3,2,-1,0,0,0,0,0.0,0.0,0.0,0,0,0,0,0,0,1,1,0,0,-1,-1,0,0,-1,-1,-1,-1,-1,-1,-1,-1,-1,58,85,35,70,Fafe,FC Penafiel,0.86,0.86,1.0,0.77,1.19,1.44,42,16,0.0,0.0,0.0,42,True,True,True,True,True,True,True,LigaPro_Portugal_2a_división,,,,,2017-02-19 15:00:00
2016-2017,28,2,2,4,6,5,11,1,2,0,0,6,11,3,5,9,16,22,11,42,58,Estádio Cidade de Barcelos,"strada Nacional 103, Vila Boa, Barcelos",1,2,2.02,3.33,4.25,0.0,0.0,0.0,0.0,0.0,0.0,0.0,0.0,0.0,0.0,0.0,0.0,0.0,4,2,1,0,1,1,3,1487516400,-1,0,37,0,1259,-1,1,-1,-1,-1,-1,-1,-1,0,2,1,0,2,1,-1,0,0,0,0,0.0,0.0,0.0,1,0,1,0,0,0,1,1,0,0,-1,-1,0,0,-1,-1,-1,-1,-1,-1,-1,-1,-1,37,55,22,66,Gil Vicente,Sporting CP II,1.81,1.14,2.0,1.07,1.33,1.0,63,46,0.0,0.0,0.0,42,True,True,True,True,False,False,True,LigaPro_Portugal_2a_división,,,,,2017-02-19 15:00:00
2016-2017,28,0,0,0,4,6,10,1,2,0,0,5,5,8,6,13,11,18,26,56,44,Estádio Dr. Jorge Sampaio,"Rua da Paradela, Pedroso, Vila Nova de Gaia",1,2,2.45,3.17,3.26,0.0,0.0,0.0,0.0,0.0,0.0,0.0,0.0,0.0,0.0,0.0,0.0,0.0,0,0,0,0,0,0,0,1487516400,-1,0,54,0,559,-1,1,-1,-1,-1,-1,-1,-1,1,1,0,1,2,1,-1,0,0,0,0,0.0,0.0,0.0,0,0,0,0,0,0,1,1,0,0,-1,-1,0,0,-1,-1,-1,-1,-1,-1,-1,-1,-1,43,64,14,47,Porto II,Santa Clara,1.71,1.0,1.5,1.29,1.19,1.56,57,36,0.0,0.0,0.0,42,False,False,False,False,False,False,False,LigaPro_Portugal_2a_división,,,,,2017-02-19 15:00:00
2016-2017,28,2,1,3,5,3,8,0,2,0,0,4,6,3,7,7,13,17,16,55,45,Caixa Futebol Campus,", Seixal",0,2,2.13,3.36,3.8,0.0,0.0,0.0,0.0,0.0,0.0,0.0,0.0,0.0,0.0,0.0,0.0,0.0,3,1,1,1,0,1,2,1487520000,1031,0,58,0,766,-1,1,-1,-1,-1,-1,-1,-1,0,1,0,1,1,1,-1,0,0,0,0,0.0,0.0,0.0,0,0,0,0,0,0,1,1,0,0,-1,-1,0,0,-1,-1,-1,-1,-1,-1,-1,-1,-1,50,70,39,58,Benfica II,Freamunde,1.9,0.76,1.92,0.85,1.52,1.15,50,31,0.0,0.0,0.0,42,True,True,True,False,False,False,True,LigaPro_Portugal_2a_división,,,,,2017-02-19 16:00:00
2016-2017,28,3,1,4,10,2,12,3,1,0,0,11,4,6,4,17,8,14,9,55,45,Estádio Dom Afonso Henriques,"Rua de São Gonçalo 505, Guimarães",3,1,1.89,3.51,4.61,0.0,0.0,0.0,0.0,0.0,0.0,0.0,0.0,0.0,0.0,0.0,0.0,0.0,4,1,0,2,1,3,1,1487602800,1027,0,56,0,1088,-1,1,-1,-1,-1,-1,-1,-1,1,1,2,0,2,2,-1,0,0,0,0,0.0,0.0,0.0,1,0,1,0,0,0,1,1,0,0,-1,-1,0,0,-1,-1,-1,-1,-1,-1,-1,-1,-1,63,86,30,71,Vitória Guimarães II,SC Olhanense,2.24,0.43,1.86,0.62,1.26,0.67,37,15,0.0,0.0,0.0,42,True,True,True,True,False,False,True,LigaPro_Portugal_2a_división,,,,,2017-02-20 15:00:00
2016-2017,26,1,0,1,4,3,7,3,3,0,0,3,6,3,3,6,9,21,17,50,50,Estádio Municipal José dos Santos Pinto,"Rua Viriato, Covilhã",3,3,3.17,3.19,2.49,0.0,0.0,0.0,0.0,0.0,0.0,0.0,0.0,0.0,0.0,0.0,0.0,0.0,1,1,0,0,0,0,1,1487775600,1026,0,54,0,323,-1,1,-1,-1,-1,-1,-1,-1,1,0,2,3,1,5,-1,0,0,0,0,0.0,0.0,0.0,0,0,0,0,0,0,1,1,0,0,-1,-1,0,0,-1,-1,-1,-1,-1,-1,-1,-1,-1,42,70,16,66,Sporting Covilhã,Portimonense,1.67,1.52,1.46,1.77,1.3,2.26,58,31,0.0,0.0,0.0,42,True,False,False,False,False,False,False,LigaPro_Portugal_2a_división,,,,,2017-02-22 15:00:00
2016-2017,29,1,2,3,7,0,7,2,3,0,0,5,4,8,1,13,5,19,24,63,37,Estádio EFAPEL,"Rua Dom Manuel I, Coimbra",2,3,1.64,3.72,6.65,0.0,0.0,0.0,0.0,0.0,0.0,0.0,0.0,0.0,0.0,0.0,0.0,0.0,3,0,0,1,2,3,0,1488021300,1036,0,38,0,2594,-1,1,-1,-1,-1,-1,-1,-1,0,1,2,2,1,4,-1,0,0,0,0,0.0,0.0,0.0,0,1,0,1,0,0,1,1,0,0,-1,-1,0,0,-1,-1,-1,-1,-1,-1,-1,-1,-1,38,56,15,70,Associação Académica de Coimbra OAF,Cova Piedade,1.95,0.9,2.29,0.85,1.57,1.25,63,44,0.0,0.0,0.0,42,True,True,True,False,False,False,True,LigaPro_Portugal_2a_división,,,,,2017-02-25 11:15:00
2016-2017,29,2,2,4,11,2,13,5,1,0,0,10,9,10,4,20,13,16,9,59,41,Estádio 1º de Maio,", Braga",5,1,1.97,3.49,4.23,0.0,0.0,0.0,0.0,0.0,0.0,0.0,0.0,0.0,0.0,0.0,0.0,0.0,4,0,1,2,1,3,1,1488034800,-1,0,63,0,298,-1,1,-1,-1,-1,-1,-1,-1,3,1,2,0,4,2,-1,0,0,0,0,0.0,0.0,0.0,0,0,0,0,0,0,1,1,0,0,-1,-1,0,0,-1,-1,-1,-1,-1,-1,-1,-1,-1,56,78,37,71,Sporting Braga II,Academico Viseu,1.76,1.19,1.69,1.07,1.43,1.21,44,22,0.0,0.0,0.0,42,True,True,True,True,False,False,True,LigaPro_Portugal_2a_división,,,,,2017-02-25 15:00:00
2016-2017,29,1,2,3,5,1,6,0,3,0,1,11,4,16,3,27,7,6,15,59,41,Estádio do Mar,"Lugar da Cruz de Pau, Matosinhos",0,5,2.13,3.38,3.77,0.0,0.0,0.0,0.0,0.0,0.0,0.0,0.0,0.0,0.0,0.0,0.0,0.0,3,0,0,1,2,3,0,1488107700,1031,0,55,0,1149,-1,1,-1,-1,-1,-1,-1,-1,0,2,0,2,2,2,-1,0,0,0,0,0.0,0.0,0.0,0,0,0,0,0,0,1,1,0,0,-1,-1,0,0,-1,-1,-1,-1,-1,-1,-1,-1,-1,52,71,22,59,Leixões,Benfica II,1.38,1.1,1.46,1.14,1.11,1.57,49,30,0.0,0.0,0.0,42,True,True,True,False,False,False,True,LigaPro_Portugal_2a_división,,,,,2017-02-26 11:15:00
2016-2017,29,0,0,0,9,3,12,1,2,0,0,5,3,6,1,11,4,20,21,64,36,"Estádio de São Miguel (Ponta Delgada, Ilha de São Miguel, Açores)","Rua Comandante Jaime de Sousa 21, Ponta Delgada, Ilha de São Miguel, Açores",1,2,1.77,3.42,5.78,0.0,0.0,0.0,0.0,0.0,0.0,0.0,0.0,0.0,0.0,0.0,0.0,0.0,0,0,0,0,0,0,0,1488111300,-1,0,53,0,742,-1,1,-1,-1,-1,-1,-1,-1,0,0,1,2,0,3,-1,0,0,0,0,0.0,0.0,0.0,0,0,0,0,0,0,1,1,0,0,-1,-1,0,0,-1,-1,-1,-1,-1,-1,-1,-1,-1,41,68,22,53,Santa Clara,FC Vizela,1.86,0.95,1.85,1.0,1.54,1.21,59,33,0.0,0.0,0.0,42,False,False,False,False,False,False,False,LigaPro_Portugal_2a_división,,,,,2017-02-26 12:15:00
2016-2017,29,2,1,3,3,5,8,2,0,0,0,6,5,4,3,10,8,12,19,52,48,CGD Stadium Aurélio Pereira,", Alcochete",2,0,3.79,3.53,2.07,0.0,0.0,0.0,0.0,0.0,0.0,0.0,0.0,0.0,0.0,0.0,0.0,0.0,3,0,0,2,1,3,0,1488121200,1029,0,75,0,304,-1,1,-1,-1,-1,-1,-1,-1,0,0,2,0,0,2,-1,0,0,0,0,0.0,0.0,0.0,0,0,0,0,0,0,1,1,0,0,-1,-1,0,0,-1,-1,-1,-1,-1,-1,-1,-1,-1,64,86,26,71,Sporting CP II,CD Aves,1.48,1.52,0.92,1.64,1.0,1.89,36,15,0.0,0.0,0.0,42,True,True,True,False,False,False,True,LigaPro_Portugal_2a_división,,,,,2017-02-26 15:00:00
2016-2017,29,1,0,1,4,8,12,2,2,0,0,6,3,6,6,12,9,13,18,66,34,Estádio do Portimonense SC (Portimão),"Avenida Zeca Afonso Portimão, Portimão",2,2,1.36,5.05,9.99,0.0,0.0,0.0,0.0,0.0,0.0,0.0,0.0,0.0,0.0,0.0,0.0,0.0,1,1,0,0,0,0,1,1488121200,1025,0,47,0,1901,-1,1,-1,-1,-1,-1,-1,-1,2,2,0,0,4,0,-1,0,0,0,0,0.0,0.0,0.0,0,0,0,0,0,0,1,1,0,0,-1,-1,0,1,-1,-1,-1,-1,-1,-1,-1,-1,-1,54,71,29,61,Portimonense,Fafe,2.43,1.29,2.71,1.36,2.18,1.18,47,29,0.0,0.0,0.0,42,True,False,False,False,False,False,False,LigaPro_Portugal_2a_división,,,,,2017-02-26 15:00:00
2016-2017,29,0,2,2,7,5,12,1,2,0,0,0,7,8,4,8,11,15,15,55,45,Estádio Municipal 25 de Abril,"Rua Futebol Clube de Penafiel, Penafiel",1,2,2.04,3.34,4.15,0.0,0.0,0.0,0.0,0.0,0.0,0.0,0.0,0.0,0.0,0.0,0.0,0.0,2,0,1,0,1,1,1,1488121200,1033,0,52,0,795,-1,1,-1,-1,-1,-1,-1,-1,0,2,1,0,2,1,-1,0,0,0,0,0.0,0.0,0.0,0,0,0,0,0,0,1,1,0,0,-1,-1,0,0,-1,-1,-1,-1,-1,-1,-1,-1,-1,48,70,37,71,FC Penafiel,Famalicão,2.14,0.81,2.07,0.77,1.43,1.25,52,30,0.0,0.0,0.0,42,True,True,False,False,False,False,False,LigaPro_Portugal_2a_división,,,,,2017-02-26 15:00:00
2016-2017,29,1,0,1,6,2,8,0,2,0,0,5,2,12,2,17,4,18,14,55,45,Estádio do Centro Desportivo da Madeira,"VE4 65, Madeira",0,2,1.7,3.71,5.75,0.0,0.0,0.0,0.0,0.0,0.0,0.0,0.0,0.0,0.0,0.0,0.0,0.0,1,0,0,1,0,1,0,1488121200,178,0,48,0,582,-1,1,-1,-1,-1,-1,-1,-1,0,0,0,2,0,2,-1,0,0,0,0,0.0,0.0,0.0,0,0,0,0,0,0,1,1,0,0,-1,-1,0,0,-1,-1,-1,-1,-1,-1,-1,-1,-1,37,63,22,74,CF União,Vitória Guimarães II,1.9,0.62,1.86,0.62,1.29,1.32,63,37,0.0,0.0,0.0,42,True,False,False,False,False,False,False,LigaPro_Portugal_2a_división,,,,,2017-02-26 15:00:00
2016-2017,29,1,1,2,7,3,10,3,1,0,0,4,4,6,6,10,10,20,15,45,55,Estádio Municipal José dos Santos Pinto,"Rua Viriato, Covilhã",3,1,1.91,3.4,4.71,0.0,0.0,0.0,0.0,0.0,0.0,0.0,0.0,0.0,0.0,0.0,0.0,0.0,2,0,0,1,1,2,0,1488121200,-1,0,52,0,396,-1,1,-1,-1,-1,-1,-1,-1,0,0,3,1,0,4,-1,0,0,0,0,0.0,0.0,0.0,0,0,0,0,0,0,1,1,0,0,-1,-1,0,0,-1,-1,-1,-1,-1,-1,-1,-1,-1,49,78,15,71,Sporting Covilhã,Porto II,1.67,1.14,1.57,0.85,1.36,1.18,51,22,0.0,0.0,0.0,42,True,True,False,False,False,False,True,LigaPro_Portugal_2a_división,,,,,2017-02-26 15:00:00
2016-2017,29,2,2,4,4,3,7,3,1,0,2,6,6,5,3,11,9,13,12,64,36,Complexo Desportivo do SC Freamunde,"Rua do Sport Clube de Freamunde, Freamunde",3,5,2.18,3.07,4.06,0.0,0.0,0.0,0.0,0.0,0.0,0.0,0.0,0.0,0.0,0.0,0.0,0.0,4,1,1,1,1,2,2,1488121200,-1,0,43,0,454,-1,1,-1,-1,-1,-1,-1,-1,2,2,1,1,4,2,-1,0,0,0,0,0.0,0.0,0.0,1,1,1,1,0,0,1,1,0,1,-1,-1,1,0,-1,-1,-1,-1,-1,-1,-1,-1,-1,25,47,22,54,Freamunde,Gil Vicente,1.14,0.86,1.43,0.71,1.11,1.32,75,54,0.0,0.0,0.0,42,True,True,True,True,False,False,True,LigaPro_Portugal_2a_división,,,,,2017-02-26 15:00:00
2016-2017,29,0,1,1,4,8,12,3,1,1,0,3,4,5,4,8,8,20,21,50,50,Estádio José Arcanjo,"Apartado 104, Rua da Feira, Olhão",4,1,2.96,3.26,2.59,0.0,0.0,0.0,0.0,0.0,0.0,0.0,0.0,0.0,0.0,0.0,0.0,0.0,1,0,0,0,1,1,0,1488121200,1034,0,68,0,228,-1,1,-1,-1,-1,-1,-1,-1,0,0,4,1,0,5,-1,0,0,0,0,0.0,0.0,0.0,0,0,0,0,0,0,1,1,0,0,-1,-1,0,0,-1,-1,-1,-1,-1,-1,-1,-1,-1,64,82,21,79,SC Olhanense,Varzim,0.9,1.43,0.71,1.29,0.64,1.57,36,18,0.0,0.0,0.0,42,True,False,False,False,False,False,False,LigaPro_Portugal_2a_división,,,,,2017-02-26 15:00:00
2016-2017,30,1,1,2,5,1,6,1,2,0,0,10,5,15,6,25,11,7,9,50,50,Estádio Clube Desportivo das Aves,"Rua Luís Gonzaga Mendes de Carvalho 265, Vila das Aves",1,2,1.82,3.5,5.12,0.0,0.0,0.0,0.0,0.0,0.0,0.0,0.0,0.0,0.0,0.0,0.0,0.0,2,0,0,1,1,2,0,1488485700,-1,0,62,0,550,-1,1,-1,-1,-1,-1,-1,-1,0,1,1,1,1,2,-1,0,0,0,0,0.0,0.0,0.0,0,0,0,0,0,0,1,1,0,0,-1,-1,0,0,-1,-1,-1,-1,-1,-1,-1,-1,-1,45,73,25,52,CD Aves,Sporting Braga II,2.33,1.19,2.14,1.2,1.83,1.41,55,27,0.0,0.0,0.0,42,True,True,False,False,False,False,True,LigaPro_Portugal_2a_división,,,,,2017-03-02 20:15:00
2016-2017,30,2,1,3,4,4,8,3,1,0,0,10,10,6,9,16,19,16,12,50,50,Caixa Futebol Campus,", Seixal",3,1,1.6,4.15,6.16,0.0,0.0,0.0,0.0,0.0,0.0,0.0,0.0,0.0,0.0,0.0,0.0,0.0,3,1,1,1,0,1,2,1488564000,1031,0,68,0,283,-1,1,-1,-1,-1,-1,-1,-1,0,0,3,1,0,4,-1,0,0,0,0,0.0,0.0,0.0,1,0,1,0,0,0,1,1,0,0,-1,-1,0,0,-1,-1,-1,-1,-1,-1,-1,-1,-1,64,83,50,83,Benfica II,SC Olhanense,1.9,0.43,2.0,0.57,1.62,0.62,36,18,0.0,0.0,0.0,42,True,True,True,False,False,False,True,LigaPro_Portugal_2a_división,,,,,2017-03-03 18:00:00
2016-2017,30,0,2,2,3,2,5,2,2,0,0,6,5,7,8,13,13,17,25,52,48,Estádio Municipal José Martins Vieira,"Estrada do Brejo, Cova da Piedade, Almada",2,2,2.47,3.26,3.14,0.0,0.0,0.0,0.0,0.0,0.0,0.0,0.0,0.0,0.0,0.0,0.0,0.0,2,0,0,0,2,2,0,1488626100,1029,0,50,0,1135,-1,1,-1,-1,-1,-1,-1,-1,1,1,1,1,2,2,-1,0,0,0,0,0.0,0.0,0.0,0,0,0,0,0,0,1,1,0,0,-1,-1,0,0,-1,-1,-1,-1,-1,-1,-1,-1,-1,37,70,30,87,Cova Piedade,Sporting CP II,1.62,1.14,1.6,1.07,1.31,1.07,63,30,0.0,0.0,0.0,42,True,True,False,False,False,False,False,LigaPro_Portugal_2a_división,,,,,2017-03-04 11:15:00
2016-2017,30,0,1,1,6,2,8,2,1,0,0,2,5,3,11,5,16,14,14,51,49,Estádio Do Vizela (Caldas de Vizela),,2,1,3.26,2.96,2.59,0.0,0.0,0.0,0.0,0.0,0.0,0.0,0.0,0.0,0.0,0.0,0.0,0.0,1,0,0,0,1,1,0,1488726000,179,0,68,0,926,-1,1,-1,-1,-1,-1,-1,-1,0,1,2,0,1,2,-1,0,0,0,0,0.0,0.0,0.0,0,0,0,0,0,0,1,1,0,0,-1,-1,0,0,-1,-1,-1,-1,-1,-1,-1,-1,-1,43,72,25,61,FC Vizela,Associação Académica de Coimbra OAF,1.24,1.0,1.43,0.86,1.21,1.52,57,29,0.0,0.0,0.0,42,True,False,False,False,False,False,False,LigaPro_Portugal_2a_división,,,,,2017-03-05 15:00:00
2016-2017,30,1,2,3,6,1,7,3,4,0,0,9,4,10,3,19,7,16,18,54,46,Estádio Municipal do Fontelo,"Avenida José Relvas, Viseu",3,4,2.2,3.07,3.99,0.0,0.0,0.0,0.0,0.0,0.0,0.0,0.0,0.0,0.0,0.0,0.0,0.0,3,0,0,1,2,3,0,1488726000,4881,0,50,0,550,-1,1,-1,-1,-1,-1,-1,-1,0,1,3,3,1,6,-1,0,0,0,0,0.0,0.0,0.0,0,0,0,0,0,0,1,1,0,0,-1,-1,0,0,-1,-1,-1,-1,-1,-1,-1,-1,-1,43,57,22,47,Academico Viseu,Freamunde,1.29,0.76,1.36,0.79,1.21,1.1,57,43,0.0,0.0,0.0,42,True,True,True,False,False,False,True,LigaPro_Portugal_2a_división,,,,,2017-03-05 15:00:00
2016-2017,30,0,0,0,7,6,13,4,3,0,0,4,0,12,5,16,5,22,28,52,48,Estádio Varzim Sport Club,"Rua do Varzim Sport Club, Póvoa de Varzim",4,3,2.19,3.05,4.05,0.0,0.0,0.0,0.0,0.0,0.0,0.0,0.0,0.0,0.0,0.0,0.0,0.0,0,0,0,0,0,0,0,1488726000,-1,0,49,0,2166,-1,1,-1,-1,-1,-1,-1,-1,2,1,2,2,3,4,-1,0,0,0,0,0.0,0.0,0.0,0,0,0,0,0,0,1,1,0,0,-1,-1,0,0,-1,-1,-1,-1,-1,-1,-1,-1,-1,38,66,17,62,Varzim,Santa Clara,1.48,1.0,1.86,1.27,1.62,1.52,62,35,0.0,0.0,0.0,42,False,False,False,False,False,False,False,LigaPro_Portugal_2a_división,,,,,2017-03-05 15:00:00
2016-2017,30,1,2,3,6,8,14,1,3,0,0,4,5,7,6,11,11,19,22,58,42,Parque Municipal dos Desportos,"Parque Municipal dos Desportos, Aparto 29, Fafe",1,3,2.98,3.09,2.69,0.0,0.0,0.0,0.0,0.0,0.0,0.0,0.0,0.0,0.0,0.0,0.0,0.0,3,0,1,1,1,2,1,1488726000,178,0,64,0,1374,-1,1,-1,-1,-1,-1,-1,-1,0,1,1,2,1,3,-1,0,0,0,0,0.0,0.0,0.0,0,0,0,0,0,0,1,1,0,0,-1,-1,0,0,-1,-1,-1,-1,-1,-1,-1,-1,-1,47,86,32,79,Fafe,CF União,0.86,1.14,1.0,0.71,1.14,1.34,54,14,0.0,0.0,0.0,42,True,True,True,False,False,False,True,LigaPro_Portugal_2a_división,,,,,2017-03-05 15:00:00
2016-2017,30,2,2,4,4,10,14,5,3,0,0,6,7,4,9,10,16,25,15,44,56,Estádio Cidade de Barcelos,"strada Nacional 103, Vila Boa, Barcelos",5,3,2.57,2.99,3.26,0.0,0.0,0.0,0.0,0.0,0.0,0.0,0.0,0.0,0.0,0.0,0.0,0.0,4,2,1,0,1,1,3,1488726000,-1,0,42,0,1389,-1,1,-1,-1,-1,-1,-1,-1,2,0,3,3,2,6,-1,0,0,0,0,0.0,0.0,0.0,0,0,0,0,0,0,1,1,0,1,-1,-1,0,0,-1,-1,-1,-1,-1,-1,-1,-1,-1,32,48,17,69,Gil Vicente,Leixões,1.81,0.81,1.93,0.8,1.31,1.07,69,52,0.0,0.0,0.0,42,True,True,True,True,False,False,True,LigaPro_Portugal_2a_división,,,,,2017-03-05 15:00:00
2016-2017,30,2,0,2,10,4,14,2,2,0,0,9,5,7,3,16,8,14,25,56,44,Estádio Dom Afonso Henriques,"Rua de São Gonçalo 505, Guimarães",2,2,2.44,3.28,3.17,0.0,0.0,0.0,0.0,0.0,0.0,0.0,0.0,0.0,0.0,0.0,0.0,0.0,2,0,0,2,0,2,0,1488726000,1027,0,62,0,1272,-1,1,-1,-1,-1,-1,-1,-1,1,0,1,2,1,3,-1,0,0,0,0,0.0,0.0,0.0,1,0,1,0,0,0,1,1,0,0,-1,-1,0,0,-1,-1,-1,-1,-1,-1,-1,-1,-1,62,83,25,62,Vitória Guimarães II,FC Penafiel,2.24,0.86,1.93,0.79,1.28,1.38,38,17,0.0,0.0,0.0,42,True,True,False,False,False,False,False,LigaPro_Portugal_2a_división,,,,,2017-03-05 15:00:00
2016-2017,30,2,2,4,4,3,7,4,7,0,1,7,7,7,5,14,12,18,18,57,43,Estádio Municipal 22 de Junho,"Alameda dos Bargos, Vila Nova de Famalicão",4,8,2.8,2.99,2.95,0.0,0.0,0.0,0.0,0.0,0.0,0.0,0.0,0.0,0.0,0.0,0.0,0.0,4,0,1,2,1,3,1,1488729600,-1,0,45,0,2256,-1,1,-1,-1,-1,-1,-1,-1,2,4,2,4,6,6,-1,0,0,0,0,0.0,0.0,0.0,0,0,0,0,0,0,1,1,0,0,-1,-1,1,1,-1,-1,-1,-1,-1,-1,-1,-1,-1,27,62,21,62,Famalicão,Sporting Covilhã,1.71,1.29,1.67,1.14,1.31,1.34,73,38,0.0,0.0,0.0,42,True,True,True,True,False,False,True,LigaPro_Portugal_2a_división,,,,,2017-03-05 16:00:00
2016-2017,30,1,0,1,2,11,13,2,0,0,0,7,5,6,8,13,13,15,21,44,56,Estádio Dr. Jorge Sampaio,"Rua da Paradela, Pedroso, Vila Nova de Gaia",2,0,3.67,3.09,2.3,0.0,0.0,0.0,0.0,0.0,0.0,0.0,0.0,0.0,0.0,0.0,0.0,0.0,1,0,0,1,0,1,0,1488733200,1037,0,52,0,490,-1,1,-1,-1,-1,-1,-1,-1,1,0,1,0,1,1,-1,0,0,0,0,0.0,0.0,0.0,0,0,0,0,0,0,1,1,0,0,-1,-1,0,0,-1,-1,-1,-1,-1,-1,-1,-1,-1,42,59,14,52,Porto II,Portimonense,1.71,1.52,1.47,1.64,1.17,2.21,59,42,0.0,0.0,0.0,42,True,False,False,False,False,False,False,LigaPro_Portugal_2a_división,,,,,2017-03-05 17:00:00
2016-2017,31,2,1,3,5,11,16,1,4,0,0,4,7,8,7,12,14,18,19,51,49,Estádio do Portimonense SC (Portimão),"Avenida Zeca Afonso Portimão, Portimão",1,4,1.78,3.4,5.72,0.0,0.0,0.0,0.0,0.0,0.0,0.0,0.0,0.0,0.0,0.0,0.0,0.0,3,1,0,1,1,2,1,1489230900,1025,0,39,0,1488,-1,1,-1,-1,-1,-1,-1,-1,0,0,1,4,0,5,-1,0,0,0,0,0.0,0.0,0.0,0,0,0,0,0,0,1,1,0,0,-1,-1,0,0,-1,-1,-1,-1,-1,-1,-1,-1,-1,48,69,28,70,Portimonense,Famalicão,2.43,0.81,2.73,0.93,2.13,1.3,52,31,0.0,0.0,0.0,42,True,True,True,False,False,False,True,LigaPro_Portugal_2a_división,,,,,2017-03-11 11:15:00
2016-2017,31,2,1,3,12,3,15,0,2,0,0,4,3,6,5,10,8,11,20,54,46,Estádio 1º de Maio,", Braga",0,2,2.04,3.21,4.36,0.0,0.0,0.0,0.0,0.0,0.0,0.0,0.0,0.0,0.0,0.0,0.0,0.0,3,1,1,1,0,1,2,1489230900,1035,0,59,0,286,-1,1,-1,-1,-1,-1,-1,-1,0,0,0,2,0,2,-1,0,0,0,0,0.0,0.0,0.0,0,0,0,0,0,0,1,1,0,0,-1,-1,0,0,-1,-1,-1,-1,-1,-1,-1,-1,-1,49,73,31,70,Sporting Braga II,Gil Vicente,1.76,0.86,1.64,0.73,1.4,1.3,52,27,0.0,0.0,0.0,42,True,True,True,False,False,False,True,LigaPro_Portugal_2a_división,,,,,2017-03-11 11:15:00
2016-2017,31,1,0,1,3,7,10,4,2,0,0,4,3,3,10,7,13,25,8,39,61,Estádio do Centro Desportivo da Madeira,"VE4 65, Madeira",4,2,2.14,3.19,4.01,0.0,0.0,0.0,0.0,0.0,0.0,0.0,0.0,0.0,0.0,0.0,0.0,0.0,1,1,0,0,0,0,1,1489244400,178,0,52,0,1326,-1,1,-1,-1,-1,-1,-1,-1,0,0,4,2,0,6,-1,0,0,0,0,0.0,0.0,0.0,0,0,0,0,0,0,1,1,1,0,-1,-1,0,0,-1,-1,-1,-1,-1,-1,-1,-1,-1,45,70,27,72,CF União,Porto II,1.9,1.14,1.93,0.86,1.4,1.23,55,31,0.0,0.0,0.0,42,True,False,False,False,False,False,False,LigaPro_Portugal_2a_división,,,,,2017-03-11 15:00:00
2016-2017,31,0,0,0,10,2,12,1,5,0,1,5,0,12,4,17,4,19,15,66,34,Estádio EFAPEL,"Rua Dom Manuel I, Coimbra",1,7,1.72,3.52,6.06,0.0,0.0,0.0,0.0,0.0,0.0,0.0,0.0,0.0,0.0,0.0,0.0,0.0,0,0,0,0,0,0,0,1489244400,-1,0,44,0,3174,-1,1,-1,-1,-1,-1,-1,-1,1,3,0,3,4,3,-1,0,0,0,0,0.0,0.0,0.0,0,0,0,0,0,0,1,1,0,0,-1,-1,0,1,-1,-1,-1,-1,-1,-1,-1,-1,-1,40,57,17,67,Associação Académica de Coimbra OAF,Fafe,1.95,1.29,2.13,1.27,1.57,1.1,60,43,0.0,0.0,0.0,42,False,False,False,False,False,False,False,LigaPro_Portugal_2a_división,,,,,2017-03-11 15:00:00
2016-2017,31,2,2,4,4,3,7,2,1,0,1,10,6,5,4,15,10,17,14,52,48,Estádio Municipal José dos Santos Pinto,"Rua Viriato, Covilhã",2,3,1.77,3.42,5.79,0.0,0.0,0.0,0.0,0.0,0.0,0.0,0.0,0.0,0.0,0.0,0.0,0.0,4,1,1,1,1,2,2,1489244400,-1,0,48,0,304,-1,1,-1,-1,-1,-1,-1,-1,0,1,2,1,1,3,-1,0,0,0,0,0.0,0.0,0.0,1,1,1,1,0,0,1,1,0,0,-1,-1,0,0,-1,-1,-1,-1,-1,-1,-1,-1,-1,35,69,7,62,Sporting Covilhã,Vitória Guimarães II,1.67,0.62,1.53,0.57,1.33,1.33,66,32,0.0,0.0,0.0,42,True,True,True,True,False,False,True,LigaPro_Portugal_2a_división,,,,,2017-03-11 15:00:00
2016-2017,31,1,3,4,1,3,4,3,2,0,0,4,6,6,3,10,9,20,17,40,60,Complexo Desportivo do SC Freamunde,"Rua do Sport Clube de Freamunde, Freamunde",3,2,2.6,2.91,3.32,0.0,0.0,0.0,0.0,0.0,0.0,0.0,0.0,0.0,0.0,0.0,0.0,0.0,4,0,0,1,3,4,0,1489244400,1034,0,54,0,501,-1,1,-1,-1,-1,-1,-1,-1,0,0,3,2,0,5,-1,0,0,0,0,0.0,0.0,0.0,1,0,1,0,0,0,1,1,0,0,-1,-1,0,0,-1,-1,-1,-1,-1,-1,-1,-1,-1,44,64,20,67,Freamunde,Varzim,1.14,1.43,1.4,1.4,1.17,1.6,57,37,0.0,0.0,0.0,42,True,True,True,True,False,False,True,LigaPro_Portugal_2a_división,,,,,2017-03-11 15:00:00
2016-2017,31,2,1,3,6,5,11,4,3,1,0,4,5,4,8,8,13,21,14,47,53,Estádio José Arcanjo,"Apartado 104, Rua da Feira, Olhão",5,3,2.92,3.03,2.79,0.0,0.0,0.0,0.0,0.0,0.0,0.0,0.0,0.0,0.0,0.0,0.0,0.0,3,2,0,0,1,1,2,1489244400,184,0,59,0,283,-1,1,-1,-1,-1,-1,-1,-1,1,0,4,3,1,7,-1,0,0,0,0,0.0,0.0,0.0,0,0,0,0,0,0,1,1,0,0,-1,-1,0,0,-1,-1,-1,-1,-1,-1,-1,-1,-1,55,69,21,69,SC Olhanense,Cova Piedade,0.9,0.9,0.67,1.0,0.6,1.27,45,31,0.0,0.0,0.0,42,True,True,True,False,False,False,True,LigaPro_Portugal_2a_división,,,,,2017-03-11 15:00:00
2016-2017,31,3,0,3,5,3,8,3,1,0,0,6,3,5,2,11,5,24,17,46,54,Estádio Municipal 25 de Abril,"Rua Futebol Clube de Penafiel, Penafiel",3,1,2.0,3.22,4.54,0.0,0.0,0.0,0.0,0.0,0.0,0.0,0.0,0.0,0.0,0.0,0.0,0.0,3,1,0,2,0,2,1,1489244400,182,0,44,0,578,-1,1,-1,-1,-1,-1,-1,-1,1,0,2,1,1,3,-1,0,0,0,0,0.0,0.0,0.0,0,0,0,0,0,0,1,1,1,0,-1,-1,0,0,-1,-1,-1,-1,-1,-1,-1,-1,-1,40,60,30,54,FC Penafiel,FC Vizela,2.14,0.95,1.93,1.0,1.33,1.17,60,40,0.0,0.0,0.0,42,True,True,True,False,False,False,False,LigaPro_Portugal_2a_división,,,,,2017-03-11 15:00:00
2016-2017,31,3,1,4,7,2,9,4,2,0,0,6,4,8,6,14,10,16,10,57,43,CGD Stadium Aurélio Pereira,", Alcochete",4,2,2.0,3.33,4.33,0.0,0.0,0.0,0.0,0.0,0.0,0.0,0.0,0.0,0.0,0.0,0.0,0.0,4,1,0,2,1,3,1,1489244400,1029,0,84,0,451,-1,1,-1,-1,-1,-1,-1,-1,1,1,3,1,2,4,-1,0,0,0,0,0.0,0.0,0.0,0,0,0,0,0,0,1,1,0,0,-1,-1,0,0,-1,-1,-1,-1,-1,-1,-1,-1,-1,70,87,31,70,Sporting CP II,Academico Viseu,1.48,1.19,1.07,1.07,1.13,1.17,31,14,0.0,0.0,0.0,42,True,True,True,True,False,False,True,LigaPro_Portugal_2a_división,,,,,2017-03-11 15:00:00
2016-2017,31,2,1,3,3,6,9,3,4,0,0,4,8,5,9,9,17,23,18,39,61,"Estádio de São Miguel (Ponta Delgada, Ilha de São Miguel, Açores)","Rua Comandante Jaime de Sousa 21, Ponta Delgada, Ilha de São Miguel, Açores",3,4,2.28,3.19,3.6,0.0,0.0,0.0,0.0,0.0,0.0,0.0,0.0,0.0,0.0,0.0,0.0,0.0,3,1,0,1,1,2,1,1489251600,1028,0,62,0,2642,-1,1,-1,-1,-1,-1,-1,-1,1,1,2,3,2,5,-1,0,0,0,0,0.0,0.0,0.0,0,0,0,0,0,0,1,1,0,0,-1,-1,0,0,-1,-1,-1,-1,-1,-1,-1,-1,-1,52,80,21,62,Santa Clara,Benfica II,1.86,1.1,1.79,1.27,1.5,1.67,49,21,0.0,0.0,0.0,42,True,True,True,False,False,False,True,LigaPro_Portugal_2a_división,,,,,2017-03-11 17:00:00
2016-2017,31,1,1,2,5,4,9,2,5,0,1,5,7,6,6,11,13,16,17,56,44,Estádio do Mar,"Lugar da Cruz de Pau, Matosinhos",2,6,3.14,3.04,2.62,0.0,0.0,0.0,0.0,0.0,0.0,0.0,0.0,0.0,0.0,0.0,0.0,0.0,2,0,1,1,0,1,1,1489317300,-1,0,52,0,964,-1,1,-1,-1,-1,-1,-1,-1,1,1,1,5,2,6,-1,0,0,0,0,0.0,0.0,0.0,1,0,1,0,0,0,1,1,0,1,-1,-1,0,0,-1,-1,-1,-1,-1,-1,-1,-1,-1,49,69,24,48,Leixões,CD Aves,1.38,1.52,1.36,1.53,1.07,1.8,52,32,0.0,0.0,0.0,42,True,True,False,False,False,False,True,LigaPro_Portugal_2a_división,,,,,2017-03-12 11:15:00
2016-2017,32,1,1,2,7,3,10,0,2,0,0,2,4,6,4,8,8,17,24,52,48,Estádio Do Vizela (Caldas de Vizela),,0,2,3.36,3.08,2.45,0.0,0.0,0.0,0.0,0.0,0.0,0.0,0.0,0.0,0.0,0.0,0.0,0.0,2,0,1,1,0,1,1,1489590000,-1,0,63,0,869,-1,1,-1,-1,-1,-1,-1,-1,0,0,0,2,0,2,-1,0,0,0,0,0.0,0.0,0.0,0,1,0,1,0,0,1,1,0,0,-1,-1,0,0,-1,-1,-1,-1,-1,-1,-1,-1,-1,34,67,20,67,FC Vizela,Sporting Covilhã,1.24,1.29,1.33,1.13,1.13,1.32,67,34,0.0,0.0,0.0,42,True,True,False,False,False,False,True,LigaPro_Portugal_2a_división,,,,,2017-03-15 15:00:00
2016-2017,32,2,0,2,4,2,6,1,3,0,1,5,2,5,5,10,7,23,24,60,40,CGD Stadium Aurélio Pereira,", Alcochete",1,4,1.98,3.4,4.33,0.0,0.0,0.0,0.0,0.0,0.0,0.0,0.0,0.0,0.0,0.0,0.0,0.0,2,0,0,2,0,2,0,1489590000,1029,0,77,0,356,-1,1,-1,-1,-1,-1,-1,-1,1,2,0,2,3,2,-1,0,0,0,0,0.0,0.0,0.0,0,0,0,0,0,0,1,1,0,0,-1,-1,0,0,-1,-1,-1,-1,-1,-1,-1,-1,-1,70,84,24,60,Sporting CP II,Freamunde,1.48,0.76,1.2,0.93,1.19,1.13,30,17,0.0,0.0,0.0,42,True,True,False,False,False,False,False,LigaPro_Portugal_2a_división,,,,,2017-03-15 15:00:00
2016-2017,32,1,0,1,10,6,16,1,1,0,0,7,4,6,3,13,7,22,12,42,58,Estádio Clube Desportivo das Aves,"Rua Luís Gonzaga Mendes de Carvalho 265, Vila das Aves",1,1,1.29,5.63,9.99,0.0,0.0,0.0,0.0,0.0,0.0,0.0,0.0,0.0,0.0,0.0,0.0,0.0,1,1,0,0,0,0,1,1489590000,1024,0,67,0,850,-1,1,-1,-1,-1,-1,-1,-1,0,0,1,1,0,2,-1,0,0,0,0,0.0,0.0,0.0,0,0,0,0,0,0,1,1,0,0,-1,-1,0,0,-1,-1,-1,-1,-1,-1,-1,-1,-1,60,84,40,70,CD Aves,SC Olhanense,2.33,0.43,2.07,0.53,1.77,0.68,40,17,0.0,0.0,0.0,42,True,False,False,False,False,False,False,LigaPro_Portugal_2a_división,,,,,2017-03-15 15:00:00
2016-2017,32,1,1,2,6,2,8,1,4,0,0,4,7,9,6,13,13,16,11,55,45,Estádio 1º de Maio,", Braga",1,4,1.96,3.4,4.44,0.0,0.0,0.0,0.0,0.0,0.0,0.0,0.0,0.0,0.0,0.0,0.0,0.0,2,0,0,1,1,2,0,1489590000,-1,0,56,0,647,-1,1,-1,-1,-1,-1,-1,-1,0,0,1,4,0,5,-1,0,0,0,0,0.0,0.0,0.0,0,0,0,0,0,0,1,1,0,0,-1,-1,0,0,-1,-1,-1,-1,-1,-1,-1,-1,-1,49,72,26,88,Sporting Braga II,Leixões,1.76,0.81,1.73,0.81,1.45,1.06,51,29,0.0,0.0,0.0,42,True,True,False,False,False,False,True,LigaPro_Portugal_2a_división,,,,,2017-03-15 15:00:00
2016-2017,32,2,4,6,3,2,5,5,3,0,0,5,7,7,5,12,12,22,10,49,51,Parque Municipal dos Desportos,"Parque Municipal dos Desportos, Aparto 29, Fafe",5,3,2.55,3.27,3.01,0.0,0.0,0.0,0.0,0.0,0.0,0.0,0.0,0.0,0.0,0.0,0.0,0.0,6,0,2,2,2,4,2,1489590000,1027,0,60,0,1394,-1,1,-1,-1,-1,-1,-1,-1,4,3,1,0,7,1,-1,0,0,0,0,0.0,0.0,0.0,0,0,0,0,0,0,1,1,0,2,-1,-1,1,0,-1,-1,-1,-1,-1,-1,-1,-1,-1,50,80,27,74,Fafe,Vitória Guimarães II,0.86,0.62,0.93,0.6,1.1,1.32,50,20,0.0,0.0,0.0,42,True,True,True,True,True,True,True,LigaPro_Portugal_2a_división,,,,,2017-03-15 15:00:00
2016-2017,32,1,3,4,3,3,6,5,4,0,0,5,6,5,6,10,12,24,20,43,57,Estádio Municipal 22 de Junho,"Alameda dos Bargos, Vila Nova de Famalicão",5,4,2.2,3.38,3.57,0.0,0.0,0.0,0.0,0.0,0.0,0.0,0.0,0.0,0.0,0.0,0.0,0.0,4,0,2,1,1,2,2,1489590000,1037,0,49,0,2738,-1,1,-1,-1,-1,-1,-1,-1,2,0,3,4,2,7,-1,0,0,0,0,0.0,0.0,0.0,0,1,0,1,0,0,1,1,0,0,-1,-1,0,0,-1,-1,-1,-1,-1,-1,-1,-1,-1,46,75,23,68,Famalicão,Porto II,1.71,1.14,1.63,0.8,1.26,1.19,55,26,0.0,0.0,0.0,42,True,True,True,True,False,False,True,LigaPro_Portugal_2a_división,,,,,2017-03-15 15:00:00
2016-2017,32,3,1,4,0,8,8,2,2,0,0,6,3,0,5,6,8,16,16,41,59,Estádio Cidade de Barcelos,"strada Nacional 103, Vila Boa, Barcelos",2,2,2.6,3.15,3.04,0.0,0.0,0.0,0.0,0.0,0.0,0.0,0.0,0.0,0.0,0.0,0.0,0.0,4,3,0,0,1,1,3,1489590000,183,0,57,0,489,-1,1,-1,-1,-1,-1,-1,-1,1,0,1,2,1,3,-1,0,0,0,0,0.0,0.0,0.0,0,0,0,0,0,0,1,1,2,0,-1,-1,0,0,-1,-1,-1,-1,-1,-1,-1,-1,-1,50,64,30,57,Gil Vicente,FC Penafiel,1.81,0.86,1.87,0.73,1.26,1.39,50,37,0.0,0.0,0.0,42,True,True,True,True,False,False,True,LigaPro_Portugal_2a_división,,,,,2017-03-15 15:00:00
2016-2017,32,1,1,2,4,9,13,2,2,0,0,2,6,6,6,8,12,8,20,57,43,Estádio Municipal José Martins Vieira,"Estrada do Brejo, Cova da Piedade, Almada",2,2,2.68,3.12,2.97,0.0,0.0,0.0,0.0,0.0,0.0,0.0,0.0,0.0,0.0,0.0,0.0,0.0,2,1,1,0,0,0,2,1489590000,-1,0,58,0,583,-1,1,-1,-1,-1,-1,-1,-1,0,0,2,2,0,4,-1,0,0,0,0,0.0,0.0,0.0,0,0,0,0,0,0,1,1,0,0,-1,-1,0,0,-1,-1,-1,-1,-1,-1,-1,-1,-1,33,75,23,81,Cova Piedade,CF União,1.62,1.14,1.5,0.87,1.23,1.45,68,26,0.0,0.0,0.0,42,True,True,False,False,False,False,True,LigaPro_Portugal_2a_división,,,,,2017-03-15 15:00:00
2016-2017,32,2,3,5,4,8,12,3,2,0,0,7,7,5,7,12,14,12,15,41,59,Caixa Futebol Campus,", Seixal",3,2,3.08,3.29,2.49,0.0,0.0,0.0,0.0,0.0,0.0,0.0,0.0,0.0,0.0,0.0,0.0,0.0,5,2,1,0,2,2,3,1489597200,1025,0,60,0,738,-1,1,-1,-1,-1,-1,-1,-1,2,1,1,1,3,2,-1,0,0,0,0,0.0,0.0,0.0,0,0,0,0,0,0,1,1,2,0,-1,-1,0,0,-1,-1,-1,-1,-1,-1,-1,-1,-1,50,67,40,74,Benfica II,Portimonense,1.9,1.52,2.07,1.53,1.61,2.16,50,34,0.0,0.0,0.0,42,True,True,True,True,True,False,True,LigaPro_Portugal_2a_división,,,,,2017-03-15 17:00:00
2016-2017,33,2,1,3,10,8,18,4,4,0,0,5,7,12,4,17,11,27,15,48,52,Estádio Municipal 25 de Abril,"Rua Futebol Clube de Penafiel, Penafiel",4,4,2.53,3.29,3.02,0.0,0.0,0.0,0.0,0.0,0.0,0.0,0.0,0.0,0.0,0.0,0.0,0.0,3,0,1,2,0,2,1,1489922100,182,0,57,0,527,-1,1,-1,-1,-1,-1,-1,-1,2,0,2,4,2,6,-1,0,0,0,0,0.0,0.0,0.0,0,0,0,0,0,0,1,1,0,0,-1,-1,0,0,-1,-1,-1,-1,-1,-1,-1,-1,-1,57,78,29,69,FC Penafiel,Benfica II,2.14,1.1,2.0,1.19,1.34,1.56,44,22,0.0,0.0,0.0,42,True,True,True,False,False,False,True,LigaPro_Portugal_2a_división,,,,,2017-03-19 11:15:00
2016-2017,33,0,0,0,13,6,19,3,4,0,0,10,2,13,9,23,11,12,26,61,39,Estádio Dr. Jorge Sampaio,"Rua da Paradela, Pedroso, Vila Nova de Gaia",3,4,1.84,3.37,5.25,0.0,0.0,0.0,0.0,0.0,0.0,0.0,0.0,0.0,0.0,0.0,0.0,0.0,0,0,0,0,0,0,0,1489922100,-1,0,44,0,468,-1,1,-1,-1,-1,-1,-1,-1,1,2,2,2,3,4,-1,0,0,0,0,0.0,0.0,0.0,0,0,0,0,0,0,1,1,0,0,-1,-1,0,0,-1,-1,-1,-1,-1,-1,-1,-1,-1,38,53,13,38,Porto II,FC Vizela,1.71,0.95,1.56,0.94,1.25,1.13,63,47,0.0,0.0,0.0,42,False,False,False,False,False,False,False,LigaPro_Portugal_2a_división,,,,,2017-03-19 11:15:00
2016-2017,33,2,0,2,6,3,9,1,2,0,0,9,2,5,2,14,4,11,16,48,52,"Estádio de São Miguel (Ponta Delgada, Ilha de São Miguel, Açores)","Rua Comandante Jaime de Sousa 21, Ponta Delgada, Ilha de São Miguel, Açores",1,2,2.06,3.26,4.2,0.0,0.0,0.0,0.0,0.0,0.0,0.0,0.0,0.0,0.0,0.0,0.0,0.0,2,1,0,1,0,1,1,1489925700,1028,0,62,0,1259,-1,1,-1,-1,-1,-1,-1,-1,1,1,0,1,2,1,-1,0,0,0,0,0.0,0.0,0.0,0,0,0,0,0,0,1,1,1,0,-1,-1,0,0,-1,-1,-1,-1,-1,-1,-1,-1,-1,43,75,17,52,Santa Clara,Sporting Braga II,1.86,1.19,1.87,1.19,1.55,1.44,58,26,0.0,0.0,0.0,42,True,True,False,False,False,False,False,LigaPro_Portugal_2a_división,,,,,2017-03-19 12:15:00
2016-2017,33,0,1,1,5,4,9,3,3,0,0,0,6,9,4,9,10,23,22,50,50,Complexo Desportivo do SC Freamunde,"Rua do Sport Clube de Freamunde, Freamunde",3,3,3.28,3.07,2.5,0.0,0.0,0.0,0.0,0.0,0.0,0.0,0.0,0.0,0.0,0.0,0.0,0.0,1,0,0,0,1,1,0,1489935600,1024,0,50,0,1116,-1,1,-1,-1,-1,-1,-1,-1,0,0,3,3,0,6,-1,0,0,0,0,0.0,0.0,0.0,0,0,0,0,0,0,1,1,0,0,-1,-1,0,0,-1,-1,-1,-1,-1,-1,-1,-1,-1,38,60,22,56,Freamunde,CD Aves,1.14,1.52,1.31,1.5,1.09,1.81,63,41,0.0,0.0,0.0,42,True,False,False,False,False,False,False,LigaPro_Portugal_2a_división,,,,,2017-03-19 15:00:00
2016-2017,33,1,3,4,6,4,10,3,1,0,0,6,4,4,7,10,11,10,12,51,49,Estádio José Arcanjo,"Apartado 104, Rua da Feira, Olhão",3,1,2.94,3.17,2.67,0.0,0.0,0.0,0.0,0.0,0.0,0.0,0.0,0.0,0.0,0.0,0.0,0.0,4,1,3,0,0,0,4,1489935600,183,0,60,0,232,-1,1,-1,-1,-1,-1,-1,-1,2,0,1,1,2,2,-1,0,0,0,0,0.0,0.0,0.0,0,1,0,1,0,0,1,1,0,0,-1,-1,0,0,-1,-1,-1,-1,-1,-1,-1,-1,-1,51,66,32,66,SC Olhanense,Gil Vicente,0.9,0.86,0.81,0.69,0.66,1.31,51,35,0.0,0.0,0.0,42,True,True,True,True,False,False,True,LigaPro_Portugal_2a_división,,,,,2017-03-19 15:00:00
2016-2017,33,1,1,2,6,6,12,3,4,1,0,6,4,3,4,9,8,15,17,57,43,Estádio Municipal José dos Santos Pinto,"Rua Viriato, Covilhã",4,4,1.72,3.49,6.09,0.0,0.0,0.0,0.0,0.0,0.0,0.0,0.0,0.0,0.0,0.0,0.0,0.0,2,0,1,1,0,1,1,1489935600,-1,0,56,0,436,-1,1,-1,-1,-1,-1,-1,-1,1,0,3,4,1,7,-1,0,0,0,0,0.0,0.0,0.0,0,1,0,1,0,0,1,1,0,0,-1,-1,0,0,-1,-1,-1,-1,-1,-1,-1,-1,-1,41,69,19,63,Sporting Covilhã,Fafe,1.67,1.29,1.5,1.25,1.31,1.06,60,32,0.0,0.0,0.0,42,True,True,False,False,False,False,True,LigaPro_Portugal_2a_división,,,,,2017-03-19 15:00:00
2016-2017,33,1,2,3,2,6,8,3,4,0,0,7,5,10,2,17,7,17,17,49,51,Estádio do Mar,"Lugar da Cruz de Pau, Matosinhos",3,4,2.53,3.18,3.12,0.0,0.0,0.0,0.0,0.0,0.0,0.0,0.0,0.0,0.0,0.0,0.0,0.0,3,0,0,1,2,3,0,1489935600,1029,0,46,0,1323,-1,1,-1,-1,-1,-1,-1,-1,0,1,3,3,1,6,-1,0,0,0,0,0.0,0.0,0.0,0,0,0,0,0,0,1,1,0,0,-1,-1,0,0,-1,-1,-1,-1,-1,-1,-1,-1,-1,46,71,26,64,Leixões,Sporting CP II,1.38,1.14,1.33,1.19,1.06,1.25,55,29,0.0,0.0,0.0,42,True,True,True,False,False,False,True,LigaPro_Portugal_2a_división,,,,,2017-03-19 15:00:00
2016-2017,33,0,1,1,6,6,12,1,4,0,0,4,5,11,2,15,7,10,22,57,43,Estádio do Portimonense SC (Portimão),"Avenida Zeca Afonso Portimão, Portimão",1,4,1.71,3.54,6.08,0.0,0.0,0.0,0.0,0.0,0.0,0.0,0.0,0.0,0.0,0.0,0.0,0.0,1,0,0,0,1,1,0,1489935600,1034,0,50,0,2211,-1,1,-1,-1,-1,-1,-1,-1,1,1,0,3,2,3,-1,0,0,0,0,0.0,0.0,0.0,0,0,0,0,0,0,1,1,0,0,-1,-1,0,0,-1,-1,-1,-1,-1,-1,-1,-1,-1,60,79,22,66,Portimonense,Varzim,2.43,1.43,2.75,1.5,2.19,1.65,41,22,0.0,0.0,0.0,42,True,False,False,False,False,False,False,LigaPro_Portugal_2a_división,,,,,2017-03-19 15:00:00
2016-2017,33,2,1,3,3,3,6,2,3,0,0,3,5,7,3,10,8,22,12,55,45,Estádio do Centro Desportivo da Madeira,"VE4 65, Madeira",2,3,1.84,3.31,5.41,0.0,0.0,0.0,0.0,0.0,0.0,0.0,0.0,0.0,0.0,0.0,0.0,0.0,3,0,0,2,1,3,0,1489939200,178,0,49,0,1181,-1,1,-1,-1,-1,-1,-1,-1,2,1,0,2,3,2,-1,0,0,0,0,0.0,0.0,0.0,1,0,1,0,0,0,1,1,0,0,-1,-1,0,0,-1,-1,-1,-1,-1,-1,-1,-1,-1,39,62,29,78,CF União,Famalicão,1.9,0.81,2.0,0.87,1.44,1.22,61,39,0.0,0.0,0.0,42,True,True,True,False,False,False,True,LigaPro_Portugal_2a_división,,,,,2017-03-19 16:00:00
2016-2017,33,1,2,3,6,3,9,1,2,0,1,4,4,11,4,15,8,18,15,57,43,Estádio EFAPEL,"Rua Dom Manuel I, Coimbra",1,3,1.68,3.5,6.76,0.0,0.0,0.0,0.0,0.0,0.0,0.0,0.0,0.0,0.0,0.0,0.0,0.0,3,1,0,0,2,2,1,1489939200,1032,0,47,0,2757,-1,1,-1,-1,-1,-1,-1,-1,1,1,0,2,2,2,-1,0,0,0,0,0.0,0.0,0.0,0,0,0,0,0,0,1,1,1,0,-1,-1,0,0,-1,-1,-1,-1,-1,-1,-1,-1,-1,44,60,22,63,Associação Académica de Coimbra OAF,Academico Viseu,1.95,1.19,2.06,1.0,1.55,1.13,57,41,0.0,0.0,0.0,42,True,True,True,False,False,False,True,LigaPro_Portugal_2a_división,,,,,2017-03-19 16:00:00
2016-2017,33,1,0,1,8,3,11,1,3,0,1,7,2,10,4,17,6,15,16,52,48,Estádio Dom Afonso Henriques,"Rua de São Gonçalo 505, Guimarães",1,4,1.93,3.4,4.61,0.0,0.0,0.0,0.0,0.0,0.0,0.0,0.0,0.0,0.0,0.0,0.0,0.0,1,1,0,0,0,0,1,1490025600,1027,0,55,0,1104,-1,1,-1,-1,-1,-1,-1,-1,1,2,0,2,3,2,-1,0,0,0,0,0.0,0.0,0.0,0,0,0,0,0,0,1,1,0,0,-1,-1,0,0,-1,-1,-1,-1,-1,-1,-1,-1,-1,55,81,20,62,Vitória Guimarães II,Cova Piedade,2.24,0.9,2.0,0.93,1.38,1.22,46,20,0.0,0.0,0.0,42,True,False,False,False,False,False,False,LigaPro_Portugal_2a_división,,,,,2017-03-20 16:00:00
2016-2017,32,0,2,2,7,3,10,2,2,0,0,6,4,6,6,12,10,13,21,59,41,Estádio Varzim Sport Club,"Rua do Varzim Sport Club, Póvoa de Varzim",2,2,2.54,2.98,3.33,0.0,0.0,0.0,0.0,0.0,0.0,0.0,0.0,0.0,0.0,0.0,0.0,0.0,2,0,0,0,2,2,0,1490536800,179,0,50,0,2303,-1,1,-1,-1,-1,-1,-1,-1,1,1,1,1,2,2,-1,0,0,0,0,0.0,0.0,0.0,0,0,0,0,0,0,1,1,0,0,-1,-1,0,0,-1,-1,-1,-1,-1,-1,-1,-1,-1,37,64,17,57,Varzim,Associação Académica de Coimbra OAF,1.48,1.0,1.8,1.0,1.69,1.5,64,37,0.0,0.0,0.0,42,True,True,False,False,False,False,False,LigaPro_Portugal_2a_división,,,,,2017-03-26 14:00:00
2016-2017,32,2,1,3,4,8,12,3,4,2,2,6,7,7,6,13,13,18,19,56,44,Estádio Municipal do Fontelo,"Avenida José Relvas, Viseu",6,8,2.96,2.95,2.83,0.0,0.0,0.0,0.0,0.0,0.0,0.0,0.0,0.0,0.0,0.0,0.0,0.0,3,0,0,2,1,3,0,1490540400,1032,0,49,0,1400,-1,1,-1,-1,-1,-1,-1,-1,2,2,3,4,4,7,-1,0,0,0,0,0.0,0.0,0.0,1,0,1,0,0,0,1,1,0,0,-1,-1,0,0,-1,-1,-1,-1,-1,-1,-1,-1,-1,39,55,16,49,Academico Viseu,Santa Clara,1.29,1.0,1.27,1.25,1.19,1.59,62,46,0.0,0.0,0.0,42,True,True,True,False,False,False,True,LigaPro_Portugal_2a_división,,,,,2017-03-26 15:00:00
2016-2017,37,1,1,2,8,2,10,0,0,0,0,7,3,15,2,22,5,15,15,50,50,Estádio do Centro Desportivo da Madeira,"VE4 65, Madeira",0,0,1.7,3.58,6.18,0.0,0.0,0.0,0.0,0.0,0.0,0.0,0.0,0.0,0.0,0.0,0.0,0.0,2,1,1,0,0,0,2,1490540400,-1,0,41,0,1100,-1,-1,-1,-1,-1,-1,-1,-1,0,0,0,0,0,0,-1,0,0,0,0,0.0,0.0,0.0,0,0,0,0,0,0,1,1,1,0,-1,-1,-1,-1,-1,-1,-1,-1,-1,-1,-1,-1,-1,35,50,24,56,CF União,FC Vizela,1.9,0.95,2.06,0.94,1.48,1.12,65,50,0.0,0.0,0.0,42,True,True,False,False,False,False,True,LigaPro_Portugal_2a_división,,,,,2017-03-26 15:00:00
2016-2017,34,1,0,1,7,2,9,2,1,0,0,8,2,9,3,17,5,18,13,44,56,Estádio Clube Desportivo das Aves,"Rua Luís Gonzaga Mendes de Carvalho 265, Vila das Aves",2,1,1.88,3.26,5.24,0.0,0.0,0.0,0.0,0.0,0.0,0.0,0.0,0.0,0.0,0.0,0.0,0.0,1,1,0,0,0,0,1,1491041700,1024,0,55,0,718,-1,1,-1,-1,-1,-1,-1,-1,1,1,1,0,2,1,-1,0,0,0,0,0.0,0.0,0.0,0,0,0,0,0,0,1,1,0,0,-1,-1,0,0,-1,-1,-1,-1,-1,-1,-1,-1,-1,43,67,25,52,CD Aves,Santa Clara,2.33,1.0,2.13,1.18,1.85,1.55,58,33,0.0,0.0,0.0,42,True,False,False,False,False,False,False,LigaPro_Portugal_2a_división,,,,,2017-04-01 10:15:00
2016-2017,34,4,2,6,1,6,7,2,2,0,0,7,4,4,12,11,16,18,14,42,58,Estádio 1º de Maio,", Braga",2,2,1.94,3.24,4.83,0.0,0.0,0.0,0.0,0.0,0.0,0.0,0.0,0.0,0.0,0.0,0.0,0.0,6,2,0,2,2,4,2,1491058800,1035,0,60,0,385,-1,1,-1,-1,-1,-1,-1,-1,0,0,2,2,0,4,-1,0,0,0,0,0.0,0.0,0.0,0,0,0,0,0,0,1,1,0,0,-1,-1,0,0,-1,-1,-1,-1,-1,-1,-1,-1,-1,57,79,28,60,Sporting Braga II,Freamunde,1.76,0.76,1.69,0.88,1.39,1.06,44,22,0.0,0.0,0.0,42,True,True,True,True,True,True,True,LigaPro_Portugal_2a_división,,,,,2017-04-01 15:00:00
2016-2017,34,1,0,1,3,7,10,4,0,0,0,5,2,8,0,13,2,16,16,47,53,Estádio Cidade de Barcelos,"strada Nacional 103, Vila Boa, Barcelos",4,0,2.96,2.89,2.89,0.0,0.0,0.0,0.0,0.0,0.0,0.0,0.0,0.0,0.0,0.0,0.0,0.0,1,1,0,0,0,0,1,1491128100,183,0,50,0,662,-1,1,-1,-1,-1,-1,-1,-1,1,0,3,0,1,3,-1,0,0,0,0,0.0,0.0,0.0,0,0,0,0,0,0,1,1,0,0,-1,-1,0,0,-1,-1,-1,-1,-1,-1,-1,-1,-1,41,57,25,50,Gil Vicente,Associação Académica de Coimbra OAF,1.81,1.0,1.94,1.13,1.36,1.55,60,44,0.0,0.0,0.0,42,True,False,False,False,False,False,False,LigaPro_Portugal_2a_división,,,,,2017-04-02 10:15:00
2016-2017,34,1,0,1,10,1,11,1,2,0,2,6,2,6,5,12,7,19,19,61,39,Estádio Municipal José Martins Vieira,"Estrada do Brejo, Cova da Piedade, Almada",1,6,3.18,2.96,2.65,0.0,0.0,0.0,0.0,0.0,0.0,0.0,0.0,0.0,0.0,0.0,0.0,0.0,1,0,0,1,0,1,0,1491145200,1036,0,58,0,838,-1,1,-1,-1,-1,-1,-1,-1,1,3,0,1,4,1,-1,0,0,0,0,0.0,0.0,0.0,0,0,0,0,0,0,1,1,0,0,-1,-1,0,0,-1,-1,-1,-1,-1,-1,-1,-1,-1,25,67,21,76,Cova Piedade,Sporting Covilhã,1.62,1.29,1.47,1.13,1.18,1.3,76,34,0.0,0.0,0.0,42,True,False,False,False,False,False,False,LigaPro_Portugal_2a_división,,,,,2017-04-02 15:00:00
2016-2017,34,2,2,4,3,4,7,4,3,0,0,7,9,4,10,11,19,9,13,49,51,Estádio Municipal do Fontelo,"Avenida José Relvas, Viseu",4,3,2.51,3.08,3.25,0.0,0.0,0.0,0.0,0.0,0.0,0.0,0.0,0.0,0.0,0.0,0.0,0.0,4,1,0,1,2,3,1,1491145200,-1,0,52,0,1239,-1,1,-1,-1,-1,-1,-1,-1,1,0,3,3,1,6,-1,0,0,0,0,0.0,0.0,0.0,0,1,0,1,0,0,1,1,0,0,-1,-1,0,0,-1,-1,-1,-1,-1,-1,-1,-1,-1,37,58,16,63,Academico Viseu,Leixões,1.29,0.81,1.38,0.82,1.24,1.03,64,43,0.0,0.0,0.0,42,True,True,True,True,False,False,True,LigaPro_Portugal_2a_división,,,,,2017-04-02 15:00:00
2016-2017,34,5,1,6,3,8,11,0,0,0,0,8,5,4,12,12,17,20,21,47,53,CGD Stadium Aurélio Pereira,", Alcochete",0,0,1.46,4.38,8.51,0.0,0.0,0.0,0.0,0.0,0.0,0.0,0.0,0.0,0.0,0.0,0.0,0.0,6,3,0,2,1,3,3,1491145200,1029,0,79,0,331,-1,-1,-1,-1,-1,-1,-1,-1,0,0,0,0,0,0,-1,0,0,0,0,0.0,0.0,0.0,0,0,0,0,0,0,1,1,2,0,-1,-1,-1,-1,-1,-1,-1,-1,-1,-1,-1,-1,-1,75,91,32,82,Sporting CP II,SC Olhanense,1.48,0.43,1.31,0.5,1.3,0.64,25,10,0.0,0.0,0.0,42,True,True,True,True,True,True,True,LigaPro_Portugal_2a_división,,,,,2017-04-02 15:00:00
2016-2017,34,1,1,2,2,4,6,5,4,0,0,3,5,0,9,3,14,27,16,49,51,Estádio Varzim Sport Club,"Rua do Varzim Sport Club, Póvoa de Varzim",5,4,1.98,3.38,4.36,0.0,0.0,0.0,0.0,0.0,0.0,0.0,0.0,0.0,0.0,0.0,0.0,0.0,2,0,0,1,1,2,0,1491145200,-1,0,57,0,1456,-1,1,-1,-1,-1,-1,-1,-1,1,0,4,4,1,8,-1,0,0,0,0,0.0,0.0,0.0,0,0,0,0,0,0,1,1,0,0,-1,-1,0,0,-1,-1,-1,-1,-1,-1,-1,-1,-1,47,75,26,63,Varzim,FC Penafiel,1.48,0.86,1.69,0.69,1.64,1.39,54,25,0.0,0.0,0.0,42,True,True,False,False,False,False,True,LigaPro_Portugal_2a_división,,,,,2017-04-02 15:00:00
2016-2017,34,2,1,3,9,2,11,3,1,0,1,7,3,8,4,15,7,25,12,54,46,Estádio Do Vizela (Caldas de Vizela),,3,3,4.49,3.2,2.02,0.0,0.0,0.0,0.0,0.0,0.0,0.0,0.0,0.0,0.0,0.0,0.0,0.0,3,0,1,2,0,2,1,1491145200,4841,0,63,0,880,-1,1,-1,-1,-1,-1,-1,-1,1,2,2,0,3,2,-1,0,0,0,0,0.0,0.0,0.0,0,0,0,0,0,0,1,1,0,0,-1,-1,0,0,-1,-1,-1,-1,-1,-1,-1,-1,-1,41,66,25,69,FC Vizela,Portimonense,1.24,1.52,1.31,1.63,1.12,2.12,60,35,0.0,0.0,0.0,42,True,True,True,False,False,False,True,LigaPro_Portugal_2a_división,,,,,2017-04-02 15:00:00
2016-2017,34,0,4,4,4,2,6,0,0,0,0,4,7,9,9,13,16,12,14,52,48,Caixa Futebol Campus,", Seixal",0,0,2.36,3.26,3.33,0.0,0.0,0.0,0.0,0.0,0.0,0.0,0.0,0.0,0.0,0.0,0.0,0.0,4,0,2,0,2,2,2,1491145200,178,0,69,0,874,-1,-1,-1,-1,-1,-1,-1,-1,0,0,0,0,0,0,-1,0,0,0,0,0.0,0.0,0.0,0,0,0,0,0,0,1,1,0,0,-1,-1,-1,-1,-1,-1,-1,-1,-1,-1,-1,-1,-1,51,81,44,81,Benfica II,CF União,1.9,1.14,1.94,0.88,1.52,1.47,51,19,0.0,0.0,0.0,42,True,True,True,True,False,False,False,LigaPro_Portugal_2a_división,,,,,2017-04-02 15:00:00
2016-2017,34,0,0,0,4,5,9,1,4,0,0,2,5,4,6,6,11,19,22,45,55,Estádio Municipal 22 de Junho,"Alameda dos Bargos, Vila Nova de Famalicão",1,4,1.99,3.35,4.36,0.0,0.0,0.0,0.0,0.0,0.0,0.0,0.0,0.0,0.0,0.0,0.0,0.0,0,0,0,0,0,0,0,1491145200,-1,0,49,0,3371,-1,1,-1,-1,-1,-1,-1,-1,1,1,0,3,2,3,-1,0,0,0,0,0.0,0.0,0.0,0,0,0,0,0,0,1,1,0,0,-1,-1,0,0,-1,-1,-1,-1,-1,-1,-1,-1,-1,43,70,24,67,Famalicão,Vitória Guimarães II,1.71,0.62,1.53,0.75,1.18,1.42,58,30,0.0,0.0,0.0,42,False,False,False,False,False,False,False,LigaPro_Portugal_2a_división,,,,,2017-04-02 15:00:00
2016-2017,34,1,2,3,5,5,10,5,3,0,0,3,6,12,7,15,13,24,18,46,54,Parque Municipal dos Desportos,"Parque Municipal dos Desportos, Aparto 29, Fafe",5,3,2.75,3.18,2.84,0.0,0.0,0.0,0.0,0.0,0.0,0.0,0.0,0.0,0.0,0.0,0.0,0.0,3,0,1,1,1,2,1,1491246000,1037,0,66,0,2436,-1,1,-1,-1,-1,-1,-1,-1,2,1,3,2,3,5,-1,0,0,0,0,0.0,0.0,0.0,0,1,0,1,0,0,1,1,0,1,-1,-1,0,0,-1,-1,-1,-1,-1,-1,-1,-1,-1,60,88,35,78,Fafe,Porto II,0.86,1.14,0.88,0.94,1.06,1.24,41,13,0.0,0.0,0.0,42,True,True,True,False,False,False,True,LigaPro_Portugal_2a_división,,,,,2017-04-03 19:00:00
2016-2017,35,0,0,0,1,4,5,2,3,1,0,2,3,4,14,6,17,21,19,47,53,Estádio EFAPEL,"Rua Dom Manuel I, Coimbra",3,3,2.53,2.94,3.4,0.0,0.0,0.0,0.0,0.0,0.0,0.0,0.0,0.0,0.0,0.0,0.0,0.0,0,0,0,0,0,0,0,1491506100,-1,0,41,0,3357,-1,1,-1,-1,-1,-1,-1,-1,0,2,3,1,2,4,-1,0,0,0,0,0.0,0.0,0.0,0,0,0,0,0,0,1,1,0,0,-1,-1,0,1,-1,-1,-1,-1,-1,-1,-1,-1,-1,38,59,15,59,Associação Académica de Coimbra OAF,CD Aves,1.95,1.52,1.94,1.59,1.5,1.88,62,41,0.0,0.0,0.0,42,False,False,False,False,False,False,False,LigaPro_Portugal_2a_división,,,,,2017-04-06 19:15:00
2016-2017,35,2,0,2,0,8,8,0,4,0,0,5,3,10,2,15,5,14,18,51,49,Estádio Municipal José dos Santos Pinto,"Rua Viriato, Covilhã",0,4,2.13,3.17,4.09,0.0,0.0,0.0,0.0,0.0,0.0,0.0,0.0,0.0,0.0,0.0,0.0,0.0,2,0,0,2,0,2,0,1491646500,1026,0,65,0,319,-1,1,-1,-1,-1,-1,-1,-1,0,1,0,3,1,3,-1,0,0,0,0,0.0,0.0,0.0,0,0,0,0,0,0,1,1,0,0,-1,-1,0,0,-1,-1,-1,-1,-1,-1,-1,-1,-1,50,79,15,68,Sporting Covilhã,Benfica II,1.67,1.1,1.47,1.12,1.26,1.47,50,21,0.0,0.0,0.0,42,True,True,False,False,False,False,False,LigaPro_Portugal_2a_división,,,,,2017-04-08 10:15:00
2016-2017,35,1,2,3,7,2,9,2,3,0,0,9,3,12,3,21,6,9,23,67,33,Estádio do Portimonense SC (Portimão),"Avenida Zeca Afonso Portimão, Portimão",2,3,1.81,3.33,5.69,0.0,0.0,0.0,0.0,0.0,0.0,0.0,0.0,0.0,0.0,0.0,0.0,0.0,3,0,0,1,2,3,0,1491732900,183,0,44,0,1719,-1,1,-1,-1,-1,-1,-1,-1,1,1,1,2,2,3,-1,0,0,0,0,0.0,0.0,0.0,0,0,0,0,0,0,1,1,0,0,-1,-1,0,0,-1,-1,-1,-1,-1,-1,-1,-1,-1,47,65,33,59,Portimonense,Gil Vicente,2.43,0.86,2.59,0.82,2.06,1.41,53,35,0.0,0.0,0.0,42,True,True,True,False,False,False,True,LigaPro_Portugal_2a_división,,,,,2017-04-09 10:15:00
2016-2017,35,4,0,4,3,5,8,1,1,1,0,7,2,3,5,10,7,11,12,52,48,Estádio Dr. Jorge Sampaio,"Rua da Paradela, Pedroso, Vila Nova de Gaia",2,1,1.65,3.65,6.76,0.0,0.0,0.0,0.0,0.0,0.0,0.0,0.0,0.0,0.0,0.0,0.0,0.0,4,1,0,3,0,3,1,1491746400,1037,0,52,0,437,-1,1,-1,-1,-1,-1,-1,-1,0,1,2,0,1,2,-1,0,0,0,0,0.0,0.0,0.0,1,0,1,0,0,0,1,1,0,0,-1,-1,0,0,-1,-1,-1,-1,-1,-1,-1,-1,-1,43,61,16,49,Porto II,Cova Piedade,1.71,0.9,1.53,0.88,1.29,1.24,58,39,0.0,0.0,0.0,42,True,True,True,True,False,False,False,LigaPro_Portugal_2a_división,,,,,2017-04-09 14:00:00
2016-2017,35,1,0,1,2,8,10,2,3,0,0,4,0,4,9,8,9,18,6,41,59,Estádio Municipal 25 de Abril,"Rua Futebol Clube de Penafiel, Penafiel",2,3,2.35,3.16,3.48,0.0,0.0,0.0,0.0,0.0,0.0,0.0,0.0,0.0,0.0,0.0,0.0,0.0,1,0,0,1,0,1,0,1491750000,182,0,53,0,543,-1,1,-1,-1,-1,-1,-1,-1,1,1,1,2,2,3,-1,0,0,0,0,0.0,0.0,0.0,0,0,0,0,0,0,1,1,0,0,-1,-1,0,0,-1,-1,-1,-1,-1,-1,-1,-1,-1,44,74,24,59,FC Penafiel,Sporting Braga II,2.14,1.19,2.06,1.12,1.38,1.44,56,27,0.0,0.0,0.0,42,True,False,False,False,False,False,False,LigaPro_Portugal_2a_división,,,,,2017-04-09 15:00:00
2016-2017,35,1,0,1,8,5,13,1,1,0,0,6,5,11,3,17,8,18,21,51,49,Estádio do Mar,"Lugar da Cruz de Pau, Matosinhos",1,1,2.02,3.17,4.54,0.0,0.0,0.0,0.0,0.0,0.0,0.0,0.0,0.0,0.0,0.0,0.0,0.0,1,1,0,0,0,0,1,1491750000,1030,0,55,0,5121,-1,1,-1,-1,-1,-1,-1,-1,0,1,1,0,1,1,-1,0,0,0,0,0.0,0.0,0.0,0,0,0,0,0,0,1,1,1,0,-1,-1,0,0,-1,-1,-1,-1,-1,-1,-1,-1,-1,52,70,24,43,Leixões,Freamunde,1.38,0.76,1.25,0.82,1.03,1.03,49,30,0.0,0.0,0.0,42,True,False,False,False,False,False,False,LigaPro_Portugal_2a_división,,,,,2017-04-09 15:00:00
2016-2017,35,1,1,2,6,4,10,3,1,0,0,3,3,8,6,11,9,24,11,54,46,Parque Municipal dos Desportos,"Parque Municipal dos Desportos, Aparto 29, Fafe",3,1,3.13,3.13,2.55,0.0,0.0,0.0,0.0,0.0,0.0,0.0,0.0,0.0,0.0,0.0,0.0,0.0,2,0,1,1,0,1,1,1491750000,-1,0,66,0,2552,-1,1,-1,-1,-1,-1,-1,-1,0,1,3,0,1,3,-1,0,0,0,0,0.0,0.0,0.0,0,0,0,0,0,0,1,1,0,0,-1,-1,0,1,-1,-1,-1,-1,-1,-1,-1,-1,-1,58,85,33,79,Fafe,Famalicão,0.86,0.81,0.82,0.81,1.03,1.18,43,16,0.0,0.0,0.0,42,True,True,False,False,False,False,True,LigaPro_Portugal_2a_división,,,,,2017-04-09 15:00:00
2016-2017,35,1,2,3,5,7,12,2,0,0,0,5,5,8,6,13,11,18,12,44,56,Estádio José Arcanjo,"Apartado 104, Rua da Feira, Olhão",2,0,3.77,3.14,2.24,0.0,0.0,0.0,0.0,0.0,0.0,0.0,0.0,0.0,0.0,0.0,0.0,0.0,3,1,0,0,2,2,1,1491750000,1032,0,68,0,205,-1,1,-1,-1,-1,-1,-1,-1,1,0,1,0,1,1,-1,0,0,0,0,0.0,0.0,0.0,0,0,0,0,0,0,1,1,0,0,-1,-1,0,0,-1,-1,-1,-1,-1,-1,-1,-1,-1,62,74,32,71,SC Olhanense,Academico Viseu,0.9,1.19,0.76,1.12,0.62,1.24,38,27,0.0,0.0,0.0,42,True,True,True,False,False,False,True,LigaPro_Portugal_2a_división,,,,,2017-04-09 15:00:00
2016-2017,35,0,1,1,9,5,14,2,1,0,0,6,3,8,4,14,7,21,20,49,51,Estádio do Centro Desportivo da Madeira,"VE4 65, Madeira",2,1,2.19,3.07,4.03,0.0,0.0,0.0,0.0,0.0,0.0,0.0,0.0,0.0,0.0,0.0,0.0,0.0,1,0,0,0,1,1,0,1491750000,1034,0,58,0,1723,-1,1,-1,-1,-1,-1,-1,-1,0,0,2,1,0,3,-1,0,0,0,0,0.0,0.0,0.0,0,0,0,0,0,0,1,1,0,0,-1,-1,0,0,-1,-1,-1,-1,-1,-1,-1,-1,-1,46,69,26,69,CF União,Varzim,1.9,1.43,2.0,1.59,1.51,1.62,54,31,0.0,0.0,0.0,42,True,False,False,False,False,False,False,LigaPro_Portugal_2a_división,,,,,2017-04-09 15:00:00
2016-2017,35,1,1,2,10,1,11,2,2,0,0,3,6,2,5,5,11,14,9,46,54,"Estádio de São Miguel (Ponta Delgada, Ilha de São Miguel, Açores)","Rua Comandante Jaime de Sousa 21, Ponta Delgada, Ilha de São Miguel, Açores",2,2,2.15,3.16,4.03,0.0,0.0,0.0,0.0,0.0,0.0,0.0,0.0,0.0,0.0,0.0,0.0,0.0,2,1,0,0,1,1,1,1491753600,-1,0,49,0,2059,-1,1,-1,-1,-1,-1,-1,-1,0,0,2,2,0,4,-1,0,0,0,0,0.0,0.0,0.0,0,0,0,0,0,0,1,1,1,0,-1,-1,0,0,-1,-1,-1,-1,-1,-1,-1,-1,-1,46,79,24,70,Santa Clara,Sporting CP II,1.86,1.14,1.94,1.29,1.5,1.35,55,22,0.0,0.0,0.0,42,True,True,False,False,False,False,True,LigaPro_Portugal_2a_división,,,,,2017-04-09 16:00:00
2016-2017,35,2,0,2,9,1,10,3,3,1,0,7,2,11,7,18,9,18,17,58,42,Estádio Dom Afonso Henriques,"Rua de São Gonçalo 505, Guimarães",5,3,1.73,3.45,6.15,0.0,0.0,0.0,0.0,0.0,0.0,0.0,0.0,0.0,0.0,0.0,0.0,0.0,2,0,0,2,0,2,0,1491836400,1027,0,43,0,2408,-1,1,-1,-1,-1,-1,-1,-1,1,1,3,2,2,5,-1,0,0,0,0,0.0,0.0,0.0,0,0,0,0,0,0,1,1,0,0,-1,-1,1,0,-1,-1,-1,-1,-1,-1,-1,-1,-1,43,66,17,52,Vitória Guimarães II,FC Vizela,2.24,0.95,2.06,0.94,1.41,1.17,57,34,0.0,0.0,0.0,42,True,True,False,False,False,False,False,LigaPro_Portugal_2a_división,,,,,2017-04-10 15:00:00
2016-2017,36,2,1,3,4,4,8,2,3,0,0,10,3,5,4,15,7,15,18,50,50,Estádio do Mar,"Lugar da Cruz de Pau, Matosinhos",2,3,2.62,2.96,3.22,0.0,0.0,0.0,0.0,0.0,0.0,0.0,0.0,0.0,0.0,0.0,0.0,0.0,3,0,1,2,0,2,1,1492182000,1030,0,50,0,5685,-1,1,-1,-1,-1,-1,-1,-1,0,1,2,2,1,4,-1,0,0,0,0,0.0,0.0,0.0,0,0,0,0,0,0,1,1,0,0,-1,-1,0,0,-1,-1,-1,-1,-1,-1,-1,-1,-1,41,62,18,47,Leixões,Associação Académica de Coimbra OAF,1.38,1.0,1.35,1.06,1.09,1.49,59,38,0.0,0.0,0.0,42,True,True,True,False,False,False,True,LigaPro_Portugal_2a_división,,,,,2017-04-14 15:00:00
2016-2017,36,0,1,1,3,4,7,5,3,0,0,3,5,11,4,14,9,18,23,53,47,Estádio Varzim Sport Club,"Rua do Varzim Sport Club, Póvoa de Varzim",5,3,2.05,3.26,4.24,0.0,0.0,0.0,0.0,0.0,0.0,0.0,0.0,0.0,0.0,0.0,0.0,0.0,1,0,1,0,0,0,1,1492251300,1037,0,53,0,1454,-1,1,-1,-1,-1,-1,-1,-1,0,1,5,2,1,7,-1,0,0,0,0,0.0,0.0,0.0,0,0,0,0,0,0,1,1,0,0,-1,-1,0,0,-1,-1,-1,-1,-1,-1,-1,-1,-1,44,77,18,68,Varzim,Porto II,1.48,1.14,1.65,1.06,1.66,1.34,56,24,0.0,0.0,0.0,42,True,False,False,False,False,False,False,LigaPro_Portugal_2a_división,,,,,2017-04-15 10:15:00
2016-2017,36,3,1,4,8,5,13,4,3,0,0,8,7,9,4,17,11,15,18,56,44,Estádio Municipal José Martins Vieira,"Estrada do Brejo, Cova da Piedade, Almada",4,3,2.11,3.2,4.1,0.0,0.0,0.0,0.0,0.0,0.0,0.0,0.0,0.0,0.0,0.0,0.0,0.0,4,0,0,3,1,4,0,1492268400,1036,0,58,0,1158,-1,1,-1,-1,-1,-1,-1,-1,1,2,3,1,3,4,-1,0,0,0,0,0.0,0.0,0.0,0,0,0,0,0,0,1,1,0,0,-1,-1,0,0,-1,-1,-1,-1,-1,-1,-1,-1,-1,32,66,26,72,Cova Piedade,Fafe,1.62,1.29,1.56,1.24,1.2,1.03,69,34,0.0,0.0,0.0,42,True,True,True,True,False,False,True,LigaPro_Portugal_2a_división,,,,,2017-04-15 15:00:00
2016-2017,36,1,1,2,7,8,15,3,4,0,1,6,4,7,9,13,13,21,17,48,52,Estádio Do Vizela (Caldas de Vizela),,3,6,1.59,3.92,6.86,0.0,0.0,0.0,0.0,0.0,0.0,0.0,0.0,0.0,0.0,0.0,0.0,0.0,2,1,1,0,0,0,2,1492268400,-1,0,71,0,933,-1,1,-1,-1,-1,-1,-1,-1,0,1,3,4,1,7,-1,0,0,0,0,0.0,0.0,0.0,0,0,0,0,0,0,1,1,0,0,-1,-1,0,0,-1,-1,-1,-1,-1,-1,-1,-1,-1,56,79,36,80,FC Vizela,SC Olhanense,1.24,0.43,1.41,0.47,1.14,0.6,44,21,0.0,0.0,0.0,42,True,True,False,False,False,False,True,LigaPro_Portugal_2a_división,,,,,2017-04-15 15:00:00
2016-2017,36,1,2,3,4,6,10,3,4,0,0,9,7,9,2,18,9,15,22,52,48,Estádio Municipal do Fontelo,"Avenida José Relvas, Viseu",3,4,2.45,3.15,3.28,0.0,0.0,0.0,0.0,0.0,0.0,0.0,0.0,0.0,0.0,0.0,0.0,0.0,3,1,1,0,1,1,2,1492268400,182,0,65,0,834,-1,1,-1,-1,-1,-1,-1,-1,0,1,3,3,1,6,-1,0,0,0,0,0.0,0.0,0.0,0,0,0,0,0,0,1,1,0,1,-1,-1,0,0,-1,-1,-1,-1,-1,-1,-1,-1,-1,53,71,24,53,Academico Viseu,FC Penafiel,1.29,0.86,1.35,0.71,1.29,1.43,47,30,0.0,0.0,0.0,42,True,True,True,False,False,False,True,LigaPro_Portugal_2a_división,,,,,2017-04-15 15:00:00
2016-2017,36,2,1,3,9,1,10,1,2,0,0,6,2,7,4,13,6,20,12,55,45,Estádio Clube Desportivo das Aves,"Rua Luís Gonzaga Mendes de Carvalho 265, Vila das Aves",1,2,1.86,3.31,5.23,0.0,0.0,0.0,0.0,0.0,0.0,0.0,0.0,0.0,0.0,0.0,0.0,0.0,3,0,1,2,0,2,1,1492268400,1024,0,56,0,1174,-1,1,-1,-1,-1,-1,-1,-1,1,1,0,1,2,1,-1,0,0,0,0,0.0,0.0,0.0,1,0,1,0,0,0,1,1,0,0,-1,-1,0,0,-1,-1,-1,-1,-1,-1,-1,-1,-1,33,65,21,62,CD Aves,Sporting Covilhã,2.33,1.29,2.18,1.06,1.86,1.31,68,35,0.0,0.0,0.0,42,True,True,True,False,False,False,True,LigaPro_Portugal_2a_división,,,,,2017-04-15 15:00:00
2016-2017,36,2,0,2,5,10,15,2,2,0,0,9,5,4,11,13,16,20,16,50,50,Caixa Futebol Campus,", Seixal",2,2,2.23,3.28,3.61,0.0,0.0,0.0,0.0,0.0,0.0,0.0,0.0,0.0,0.0,0.0,0.0,0.0,2,1,0,1,0,1,1,1492268400,1031,0,65,0,609,-1,1,-1,-1,-1,-1,-1,-1,0,0,2,2,0,4,-1,0,0,0,0,0.0,0.0,0.0,0,0,0,0,0,0,1,1,1,0,-1,-1,0,0,-1,-1,-1,-1,-1,-1,-1,-1,-1,56,79,45,79,Benfica II,Famalicão,1.9,0.81,1.82,0.82,1.43,1.17,44,21,0.0,0.0,0.0,42,True,True,False,False,False,False,False,LigaPro_Portugal_2a_división,,,,,2017-04-15 15:00:00
2016-2017,36,2,1,3,3,3,6,1,0,0,0,6,6,10,4,16,10,11,6,43,57,Estádio 1º de Maio,", Braga",1,0,3.03,3.18,2.59,0.0,0.0,0.0,0.0,0.0,0.0,0.0,0.0,0.0,0.0,0.0,0.0,0.0,3,0,0,2,1,3,0,1492268400,1035,0,62,0,475,-1,1,-1,-1,-1,-1,-1,-1,0,0,1,0,0,1,-1,0,0,0,0,0.0,0.0,0.0,0,1,0,1,0,0,1,1,0,0,-1,-1,0,0,-1,-1,-1,-1,-1,-1,-1,-1,-1,56,74,30,77,Sporting Braga II,Portimonense,1.76,1.52,1.76,1.53,1.4,2.0,44,27,0.0,0.0,0.0,42,True,True,True,False,False,False,True,LigaPro_Portugal_2a_división,,,,,2017-04-15 15:00:00
2016-2017,36,1,0,1,6,3,9,3,1,0,0,5,5,2,1,7,6,11,12,48,52,Complexo Desportivo do SC Freamunde,"Rua do Sport Clube de Freamunde, Freamunde",3,1,2.72,2.98,3.06,0.0,0.0,0.0,0.0,0.0,0.0,0.0,0.0,0.0,0.0,0.0,0.0,0.0,1,0,0,1,0,1,0,1492268400,4881,0,43,0,396,-1,1,-1,-1,-1,-1,-1,-1,2,1,1,0,3,1,-1,0,0,0,0,0.0,0.0,0.0,0,0,0,0,0,0,1,1,0,0,-1,-1,1,1,-1,-1,-1,-1,-1,-1,-1,-1,-1,34,49,18,52,Freamunde,Santa Clara,1.14,1.0,1.24,1.11,1.0,1.49,66,52,0.0,0.0,0.0,42,True,False,False,False,False,False,False,LigaPro_Portugal_2a_división,,,,,2017-04-15 15:00:00
2016-2017,36,2,0,2,2,9,11,1,1,0,0,6,7,5,17,11,24,14,12,41,59,Estádio Cidade de Barcelos,"strada Nacional 103, Vila Boa, Barcelos",1,1,2.22,3.19,3.75,0.0,0.0,0.0,0.0,0.0,0.0,0.0,0.0,0.0,0.0,0.0,0.0,0.0,2,0,0,2,0,2,0,1492268400,183,0,47,0,961,-1,1,-1,-1,-1,-1,-1,-1,1,1,0,0,2,0,-1,0,0,0,0,0.0,0.0,0.0,0,0,0,0,0,0,1,1,0,0,-1,-1,0,0,-1,-1,-1,-1,-1,-1,-1,-1,-1,41,56,24,62,Gil Vicente,Vitória Guimarães II,1.81,0.62,2.0,0.76,1.46,1.46,59,44,0.0,0.0,0.0,42,True,True,False,False,False,False,False,LigaPro_Portugal_2a_división,,,,,2017-04-15 15:00:00
2016-2017,36,2,0,2,4,13,17,1,4,0,0,5,3,5,7,10,10,19,22,42,58,CGD Stadium Aurélio Pereira,", Alcochete",1,4,2.1,3.36,3.89,0.0,0.0,0.0,0.0,0.0,0.0,0.0,0.0,0.0,0.0,0.0,0.0,0.0,2,1,0,1,0,1,1,1492268400,1029,0,77,0,357,-1,1,-1,-1,-1,-1,-1,-1,0,0,1,4,0,5,-1,0,0,0,0,0.0,0.0,0.0,0,0,0,0,0,0,1,1,0,0,-1,-1,0,0,-1,-1,-1,-1,-1,-1,-1,-1,-1,62,91,27,79,Sporting CP II,CF União,1.48,1.14,1.41,1.0,1.34,1.47,39,9,0.0,0.0,0.0,42,True,True,False,False,False,False,False,LigaPro_Portugal_2a_división,,,,,2017-04-15 15:00:00
2016-2017,37,2,2,4,5,5,10,1,3,0,0,9,5,10,5,19,10,10,24,61,39,Estádio Dr. Jorge Sampaio,"Rua da Paradela, Pedroso, Vila Nova de Gaia",1,3,1.9,3.31,4.95,0.0,0.0,0.0,0.0,0.0,0.0,0.0,0.0,0.0,0.0,0.0,0.0,0.0,4,1,0,1,2,3,1,1492610400,-1,0,53,0,337,-1,1,-1,-1,-1,-1,-1,-1,0,1,1,2,1,3,-1,0,0,0,0,0.0,0.0,0.0,0,0,0,0,0,0,1,1,1,0,-1,-1,0,0,-1,-1,-1,-1,-1,-1,-1,-1,-1,42,62,23,45,Porto II,Gil Vicente,1.71,0.86,1.61,0.94,1.39,1.5,59,39,0.0,0.0,0.0,42,True,True,True,True,False,False,True,LigaPro_Portugal_2a_división,,,,,2017-04-19 14:00:00
2016-2017,37,2,1,3,3,4,7,3,3,0,0,5,5,1,6,6,11,10,15,42,58,Estádio do Portimonense SC (Portimão),"Avenida Zeca Afonso Portimão, Portimão",3,3,2.01,3.24,4.47,0.0,0.0,0.0,0.0,0.0,0.0,0.0,0.0,0.0,0.0,0.0,0.0,0.0,3,1,0,1,1,2,1,1492614000,1025,0,42,0,2273,-1,1,-1,-1,-1,-1,-1,-1,0,1,3,2,1,5,-1,0,0,0,0,0.0,0.0,0.0,0,0,0,0,0,0,1,1,0,0,-1,-1,0,0,-1,-1,-1,-1,-1,-1,-1,-1,-1,48,67,22,53,Portimonense,CD Aves,2.43,1.52,2.44,1.56,1.94,1.89,53,33,0.0,0.0,0.0,42,True,True,True,False,False,False,True,LigaPro_Portugal_2a_división,,,,,2017-04-19 15:00:00
2016-2017,37,1,3,4,2,3,5,1,2,1,1,4,4,3,1,7,5,14,13,44,56,Estádio José Arcanjo,"Apartado 104, Rua da Feira, Olhão",2,4,3.82,3.53,2.06,0.0,0.0,0.0,0.0,0.0,0.0,0.0,0.0,0.0,0.0,0.0,0.0,0.0,4,1,0,0,3,3,1,1492614000,1035,0,62,0,145,-1,1,-1,-1,-1,-1,-1,-1,0,1,2,2,1,4,-1,0,0,0,0,0.0,0.0,0.0,0,1,0,1,0,0,1,1,0,0,-1,-1,0,0,-1,-1,-1,-1,-1,-1,-1,-1,-1,50,70,20,61,SC Olhanense,Sporting Braga II,0.9,1.19,0.72,1.06,0.61,1.44,50,31,0.0,0.0,0.0,42,True,True,True,True,False,False,True,LigaPro_Portugal_2a_división,,,,,2017-04-19 15:00:00
2016-2017,37,2,1,3,5,3,8,2,2,0,0,6,5,9,8,15,13,17,14,56,44,Estádio Municipal José dos Santos Pinto,"Rua Viriato, Covilhã",2,2,1.86,3.39,5.07,0.0,0.0,0.0,0.0,0.0,0.0,0.0,0.0,0.0,0.0,0.0,0.0,0.0,3,1,0,1,1,2,1,1492614000,1026,0,64,0,271,-1,1,-1,-1,-1,-1,-1,-1,1,1,1,1,2,2,-1,0,0,0,0,0.0,0.0,0.0,1,0,1,0,0,0,1,1,0,0,-1,-1,0,0,-1,-1,-1,-1,-1,-1,-1,-1,-1,47,78,22,64,Sporting Covilhã,Academico Viseu,1.67,1.19,1.56,1.22,1.28,1.25,53,22,0.0,0.0,0.0,42,True,True,True,False,False,False,True,LigaPro_Portugal_2a_división,,,,,2017-04-19 15:00:00
2016-2017,37,3,0,3,3,6,9,3,2,0,0,9,4,10,4,19,8,16,14,52,48,Estádio Municipal 22 de Junho,"Alameda dos Bargos, Vila Nova de Famalicão",3,2,1.87,3.3,5.21,0.0,0.0,0.0,0.0,0.0,0.0,0.0,0.0,0.0,0.0,0.0,0.0,0.0,3,1,0,2,0,2,1,1492614000,1033,0,49,0,2535,-1,1,-1,-1,-1,-1,-1,-1,1,1,2,1,2,3,-1,0,0,0,0,0.0,0.0,0.0,0,0,0,0,0,0,1,1,0,0,-1,-1,1,0,-1,-1,-1,-1,-1,-1,-1,-1,-1,46,69,26,66,Famalicão,Cova Piedade,1.71,0.9,1.5,0.82,1.14,1.25,54,31,0.0,0.0,0.0,42,True,True,True,False,False,False,False,LigaPro_Portugal_2a_división,,,,,2017-04-19 15:00:00
2016-2017,37,1,0,1,13,2,15,0,1,0,0,9,5,10,5,19,10,11,14,56,44,Estádio Dom Afonso Henriques,"Rua de São Gonçalo 505, Guimarães",0,1,2.17,3.17,3.95,0.0,0.0,0.0,0.0,0.0,0.0,0.0,0.0,0.0,0.0,0.0,0.0,0.0,1,0,0,1,0,1,0,1492614000,1027,0,53,0,1299,-1,1,-1,-1,-1,-1,-1,-1,0,0,0,1,0,1,-1,0,0,0,0,0.0,0.0,0.0,0,0,0,0,0,0,1,1,0,0,-1,-1,0,0,-1,-1,-1,-1,-1,-1,-1,-1,-1,53,81,14,59,Vitória Guimarães II,Varzim,2.24,1.43,2.11,1.67,1.42,1.61,47,20,0.0,0.0,0.0,42,True,False,False,False,False,False,False,LigaPro_Portugal_2a_división,,,,,2017-04-19 15:00:00
2016-2017,37,2,1,3,10,2,12,2,2,0,0,5,3,4,8,9,11,21,13,43,57,Estádio Municipal 25 de Abril,"Rua Futebol Clube de Penafiel, Penafiel",2,2,2.12,3.31,3.9,0.0,0.0,0.0,0.0,0.0,0.0,0.0,0.0,0.0,0.0,0.0,0.0,0.0,3,2,1,0,0,0,3,1492614000,182,0,44,0,441,-1,1,-1,-1,-1,-1,-1,-1,0,2,2,0,2,2,-1,0,0,0,0,0.0,0.0,0.0,1,0,1,0,0,0,1,1,0,1,-1,-1,0,0,-1,-1,-1,-1,-1,-1,-1,-1,-1,47,75,31,73,FC Penafiel,Sporting CP II,2.14,1.14,2.11,1.28,1.47,1.39,53,25,0.0,0.0,0.0,42,True,True,True,False,False,False,True,LigaPro_Portugal_2a_división,,,,,2017-04-19 15:00:00
2016-2017,37,0,1,1,7,5,12,3,3,0,1,8,6,11,2,19,8,18,11,43,57,Parque Municipal dos Desportos,"Parque Municipal dos Desportos, Aparto 29, Fafe",3,5,2.57,3.22,3.03,0.0,0.0,0.0,0.0,0.0,0.0,0.0,0.0,0.0,0.0,0.0,0.0,0.0,1,0,0,0,1,1,0,1492621200,1031,0,73,0,1662,-1,1,-1,-1,-1,-1,-1,-1,1,1,2,3,2,5,-1,0,0,0,0,0.0,0.0,0.0,0,0,0,0,0,0,1,1,0,0,-1,-1,0,0,-1,-1,-1,-1,-1,-1,-1,-1,-1,61,89,28,75,Fafe,Benfica II,0.86,1.1,0.83,1.06,1.0,1.47,39,12,0.0,0.0,0.0,42,True,False,False,False,False,False,False,LigaPro_Portugal_2a_división,,,,,2017-04-19 17:00:00
2016-2017,37,3,0,3,7,7,14,1,2,0,0,7,5,4,4,11,9,24,16,54,46,"Estádio de São Miguel (Ponta Delgada, Ilha de São Miguel, Açores)","Rua Comandante Jaime de Sousa 21, Ponta Delgada, Ilha de São Miguel, Açores",1,2,2.41,3.04,3.48,0.0,0.0,0.0,0.0,0.0,0.0,0.0,0.0,0.0,0.0,0.0,0.0,0.0,3,2,0,1,0,1,2,1492628400,1028,0,55,0,425,-1,1,-1,-1,-1,-1,-1,-1,1,1,0,1,2,1,-1,0,0,0,0,0.0,0.0,0.0,1,0,1,0,0,0,1,1,0,0,-1,-1,0,0,-1,-1,-1,-1,-1,-1,-1,-1,-1,37,72,18,74,Santa Clara,Leixões,1.86,0.81,1.88,0.83,1.44,1.14,63,29,0.0,0.0,0.0,42,True,True,True,False,False,False,False,LigaPro_Portugal_2a_división,,,,,2017-04-19 19:00:00
2016-2017,37,2,2,4,4,8,12,3,3,0,0,5,8,6,5,11,13,18,18,43,57,Estádio EFAPEL,"Rua Dom Manuel I, Coimbra",3,3,1.77,3.41,5.83,0.0,0.0,0.0,0.0,0.0,0.0,0.0,0.0,0.0,0.0,0.0,0.0,0.0,4,1,1,1,1,2,2,1492628400,-1,0,39,0,1742,-1,1,-1,-1,-1,-1,-1,-1,0,0,3,3,0,6,-1,0,0,0,0,0.0,0.0,0.0,0,0,0,0,0,0,1,1,1,0,-1,-1,0,0,-1,-1,-1,-1,-1,-1,-1,-1,-1,42,56,17,53,Associação Académica de Coimbra OAF,Freamunde,1.95,0.76,1.89,0.78,1.44,1.06,59,45,0.0,0.0,0.0,42,True,True,True,True,False,False,True,LigaPro_Portugal_2a_división,,,,,2017-04-19 19:00:00
2016-2017,38,1,0,1,7,7,14,2,4,0,0,3,4,8,8,11,12,16,21,47,53,Estádio Municipal do Fontelo,"Avenida José Relvas, Viseu",2,4,2.9,3.11,2.75,0.0,0.0,0.0,0.0,0.0,0.0,0.0,0.0,0.0,0.0,0.0,0.0,0.0,1,0,0,1,0,1,0,1492942500,1032,0,59,0,1552,-1,1,-1,-1,-1,-1,-1,-1,0,2,2,2,2,4,-1,0,0,0,0,0.0,0.0,0.0,0,0,0,0,0,0,1,1,0,0,-1,-1,0,1,-1,-1,-1,-1,-1,-1,-1,-1,-1,50,61,20,59,Academico Viseu,Portimonense,1.29,1.52,1.28,1.44,1.22,1.97,50,39,0.0,0.0,0.0,42,True,False,False,False,False,False,False,LigaPro_Portugal_2a_división,,,,,2017-04-23 10:15:00
2016-2017,38,0,4,4,5,4,9,3,1,0,0,9,7,5,5,14,12,15,15,51,49,Estádio Varzim Sport Club,"Rua do Varzim Sport Club, Póvoa de Varzim",3,1,2.14,3.17,4.04,0.0,0.0,0.0,0.0,0.0,0.0,0.0,0.0,0.0,0.0,0.0,0.0,0.0,4,0,1,0,3,3,1,1492959600,1026,0,50,0,939,-1,1,-1,-1,-1,-1,-1,-1,0,0,3,1,0,4,-1,0,0,0,0,0.0,0.0,0.0,0,0,0,0,0,0,1,1,0,0,-1,-1,0,0,-1,-1,-1,-1,-1,-1,-1,-1,-1,28,64,11,64,Varzim,Sporting Covilhã,1.48,1.29,1.56,1.0,1.57,1.32,72,36,0.0,0.0,0.0,42,True,True,True,True,False,False,False,LigaPro_Portugal_2a_división,,,,,2017-04-23 15:00:00
2016-2017,38,0,1,1,3,9,12,3,4,1,1,3,10,8,7,11,17,16,12,51,49,Estádio Do Vizela (Caldas de Vizela),,5,5,2.19,3.17,3.86,0.0,0.0,0.0,0.0,0.0,0.0,0.0,0.0,0.0,0.0,0.0,0.0,0.0,1,0,0,0,1,1,0,1492959600,4885,0,70,0,1752,-1,1,-1,-1,-1,-1,-1,-1,2,2,2,3,4,5,-1,0,0,0,0,0.0,0.0,0.0,0,0,0,0,0,0,1,1,0,0,-1,-1,0,0,-1,-1,-1,-1,-1,-1,-1,-1,-1,42,73,25,67,FC Vizela,Fafe,1.24,1.29,1.39,1.17,1.14,0.97,59,28,0.0,0.0,0.0,42,True,False,False,False,False,False,False,LigaPro_Portugal_2a_división,,,,,2017-04-23 15:00:00
2016-2017,38,3,0,3,5,3,8,1,6,0,0,6,4,5,6,11,10,16,16,58,42,CGD Stadium Aurélio Pereira,", Alcochete",1,6,2.11,3.42,3.79,0.0,0.0,0.0,0.0,0.0,0.0,0.0,0.0,0.0,0.0,0.0,0.0,0.0,3,3,0,0,0,0,3,1492959600,1029,0,67,0,369,-1,1,-1,-1,-1,-1,-1,-1,1,3,0,3,4,3,-1,0,0,0,0,0.0,0.0,0.0,0,0,0,0,0,0,1,1,1,0,-1,-1,0,0,-1,-1,-1,-1,-1,-1,-1,-1,-1,59,84,20,70,Sporting CP II,Vitória Guimarães II,1.48,0.62,1.5,0.72,1.35,1.46,42,17,0.0,0.0,0.0,42,True,True,True,False,False,False,False,LigaPro_Portugal_2a_división,,,,,2017-04-23 15:00:00
2016-2017,38,2,0,2,1,7,8,0,1,0,0,7,5,7,12,14,17,17,13,49,51,Estádio Clube Desportivo das Aves,"Rua Luís Gonzaga Mendes de Carvalho 265, Vila das Aves",0,1,1.6,3.73,7.32,0.0,0.0,0.0,0.0,0.0,0.0,0.0,0.0,0.0,0.0,0.0,0.0,0.0,2,0,0,2,0,2,0,1492959600,1024,0,59,0,3500,-1,1,-1,-1,-1,-1,-1,-1,0,0,0,1,0,1,-1,0,0,0,0,0.0,0.0,0.0,0,0,0,0,0,0,1,1,0,0,-1,-1,0,0,-1,-1,-1,-1,-1,-1,-1,-1,-1,44,75,25,70,CD Aves,Famalicão,2.33,0.81,2.22,0.78,1.84,1.19,56,25,0.0,0.0,0.0,42,True,True,False,False,False,False,False,LigaPro_Portugal_2a_división,,,,,2017-04-23 15:00:00
2016-2017,38,2,1,3,4,2,6,2,4,0,1,8,6,2,9,10,15,15,15,44,56,Caixa Futebol Campus,", Seixal",2,5,2.5,3.36,3.01,0.0,0.0,0.0,0.0,0.0,0.0,0.0,0.0,0.0,0.0,0.0,0.0,0.0,3,0,1,2,0,2,1,1492959600,1031,0,62,0,1126,-1,1,-1,-1,-1,-1,-1,-1,0,0,2,5,0,7,-1,0,0,0,0,0.0,0.0,0.0,0,0,0,0,0,0,1,1,0,1,-1,-1,0,0,-1,-1,-1,-1,-1,-1,-1,-1,-1,59,81,42,81,Benfica II,Porto II,1.9,1.14,1.89,1.17,1.51,1.38,42,20,0.0,0.0,0.0,42,True,True,True,False,False,False,True,LigaPro_Portugal_2a_división,,,,,2017-04-23 15:00:00
2016-2017,38,1,2,3,2,4,6,2,1,0,0,2,7,4,4,6,11,20,9,54,46,Complexo Desportivo do SC Freamunde,"Rua do Sport Clube de Freamunde, Freamunde",2,1,2.59,3.13,3.08,0.0,0.0,0.0,0.0,0.0,0.0,0.0,0.0,0.0,0.0,0.0,0.0,0.0,3,0,1,1,1,2,1,1492959600,182,0,56,0,515,-1,1,-1,-1,-1,-1,-1,-1,0,1,2,0,1,2,-1,0,0,0,0,0.0,0.0,0.0,0,0,0,0,0,0,1,1,0,0,-1,-1,0,0,-1,-1,-1,-1,-1,-1,-1,-1,-1,45,61,28,56,Freamunde,FC Penafiel,1.14,0.86,1.33,0.83,1.05,1.51,56,39,0.0,0.0,0.0,42,True,True,True,False,False,False,True,LigaPro_Portugal_2a_división,,,,,2017-04-23 15:00:00
2016-2017,38,2,2,4,5,5,10,3,2,0,0,4,3,1,3,5,6,32,20,53,47,Estádio Cidade de Barcelos,"strada Nacional 103, Vila Boa, Barcelos",3,2,1.79,3.37,5.74,0.0,0.0,0.0,0.0,0.0,0.0,0.0,0.0,0.0,0.0,0.0,0.0,0.0,4,2,1,0,1,1,3,1492959600,-1,0,47,0,718,-1,1,-1,-1,-1,-1,-1,-1,1,0,2,2,1,4,-1,0,0,0,0,0.0,0.0,0.0,0,0,0,0,0,0,1,1,0,0,-1,-1,0,0,-1,-1,-1,-1,-1,-1,-1,-1,-1,48,61,25,64,Gil Vicente,Cova Piedade,1.81,0.9,2.06,0.78,1.49,1.22,53,39,0.0,0.0,0.0,42,True,True,True,True,False,False,True,LigaPro_Portugal_2a_división,,,,,2017-04-23 15:00:00
2016-2017,38,3,0,3,5,6,11,0,2,0,0,8,4,5,13,13,17,19,19,45,55,Estádio do Mar,"Lugar da Cruz de Pau, Matosinhos",0,2,1.31,5.31,9.99,0.0,0.0,0.0,0.0,0.0,0.0,0.0,0.0,0.0,0.0,0.0,0.0,0.0,3,3,0,0,0,0,3,1492959600,1030,0,62,0,5813,-1,1,-1,-1,-1,-1,-1,-1,0,1,0,1,1,1,-1,0,0,0,0,0.0,0.0,0.0,0,0,0,0,0,0,1,1,1,0,-1,-1,0,0,-1,-1,-1,-1,-1,-1,-1,-1,-1,59,75,34,70,Leixões,SC Olhanense,1.38,0.43,1.44,0.5,1.11,0.59,42,25,0.0,0.0,0.0,42,True,True,True,False,False,False,False,LigaPro_Portugal_2a_división,,,,,2017-04-23 15:00:00
2016-2017,38,0,0,0,3,4,7,1,3,0,1,2,4,5,4,7,8,23,12,48,52,"Estádio de São Miguel (Ponta Delgada, Ilha de São Miguel, Açores)","Rua Comandante Jaime de Sousa 21, Ponta Delgada, Ilha de São Miguel, Açores",1,4,2.68,3.0,3.09,0.0,0.0,0.0,0.0,0.0,0.0,0.0,0.0,0.0,0.0,0.0,0.0,0.0,0,0,0,0,0,0,0,1492963200,-1,0,56,0,747,-1,1,-1,-1,-1,-1,-1,-1,0,1,1,3,1,4,-1,0,0,0,0,0.0,0.0,0.0,0,0,0,0,0,0,1,1,0,0,-1,-1,0,0,-1,-1,-1,-1,-1,-1,-1,-1,-1,42,83,25,75,Santa Clara,CF União,1.86,1.14,1.94,0.94,1.49,1.43,59,17,0.0,0.0,0.0,42,False,False,False,False,False,False,False,LigaPro_Portugal_2a_división,,,,,2017-04-23 16:00:00
2016-2017,38,1,0,1,4,4,8,0,0,0,0,6,4,8,8,14,12,13,6,45,55,Estádio 1º de Maio,", Braga",0,0,2.36,3.16,3.45,0.0,0.0,0.0,0.0,0.0,0.0,0.0,0.0,0.0,0.0,0.0,0.0,0.0,1,1,0,0,0,0,1,1493046000,1035,0,61,0,400,-1,-1,-1,-1,-1,-1,-1,-1,0,0,0,0,0,0,-1,0,0,0,0,0.0,0.0,0.0,0,0,0,0,0,0,1,1,0,0,-1,-1,-1,-1,-1,-1,-1,-1,-1,-1,-1,-1,-1,53,75,25,64,Sporting Braga II,Associação Académica de Coimbra OAF,1.76,1.0,1.83,1.0,1.49,1.43,47,25,0.0,0.0,0.0,42,True,False,False,False,False,False,False,LigaPro_Portugal_2a_división,,,,,2017-04-24 15:00:00
2016-2017,39,3,3,6,10,3,13,1,4,0,0,7,3,9,6,16,9,21,17,55,45,Estádio do Portimonense SC (Portimão),"Avenida Zeca Afonso Portimão, Portimão",1,4,2.17,3.32,3.66,0.0,0.0,0.0,0.0,0.0,0.0,0.0,0.0,0.0,0.0,0.0,0.0,0.0,6,2,2,1,1,2,4,1493460900,-1,0,42,0,2011,-1,1,-1,-1,-1,-1,-1,-1,0,1,1,3,1,4,-1,0,0,0,0,0.0,0.0,0.0,0,0,0,0,0,0,1,1,0,1,-1,-1,0,0,-1,-1,-1,-1,-1,-1,-1,-1,-1,48,66,21,71,Portimonense,Leixões,2.43,0.81,2.47,0.79,1.92,1.16,53,35,0.0,0.0,0.0,42,True,True,True,True,True,True,True,LigaPro_Portugal_2a_división,,,,,2017-04-29 10:15:00
2016-2017,39,2,1,3,5,11,16,4,4,1,1,7,2,1,7,8,9,15,14,52,48,Estádio Dom Afonso Henriques,"Rua de São Gonçalo 505, Guimarães",6,6,0.0,0.0,0.0,0.0,0.0,0.0,0.0,0.0,0.0,0.0,0.0,0.0,0.0,0.0,0.0,0.0,3,1,0,1,1,2,1,1493478000,1027,0,50,0,3109,-1,1,-1,-1,-1,-1,-1,-1,3,4,2,1,7,3,-1,0,0,0,0,0.0,0.0,0.0,1,0,1,0,0,0,1,1,0,0,-1,-1,0,0,-1,-1,-1,-1,-1,-1,-1,-1,-1,42,74,11,50,Vitória Guimarães II,Sporting Braga II,2.24,1.19,2.16,1.16,1.42,1.53,58,27,0.0,0.0,0.0,42,True,True,True,False,False,False,True,LigaPro_Portugal_2a_división,,,,,2017-04-29 15:00:00
2016-2017,39,2,2,4,1,3,4,3,4,0,0,6,3,7,4,13,7,21,22,43,57,Estádio do Centro Desportivo da Madeira,"VE4 65, Madeira",3,4,2.7,3.04,2.98,0.0,0.0,0.0,0.0,0.0,0.0,0.0,0.0,0.0,0.0,0.0,0.0,0.0,4,2,0,0,2,2,2,1493547300,-1,0,50,0,867,-1,1,-1,-1,-1,-1,-1,-1,2,1,1,3,3,4,-1,0,0,0,0,0.0,0.0,0.0,0,0,0,0,0,0,1,1,1,0,-1,-1,0,0,-1,-1,-1,-1,-1,-1,-1,-1,-1,37,61,27,61,CF União,CD Aves,1.9,1.52,1.89,1.47,1.42,1.87,63,40,0.0,0.0,0.0,42,True,True,True,True,False,False,True,LigaPro_Portugal_2a_división,,,,,2017-04-30 10:15:00
2016-2017,39,3,2,5,7,1,8,2,2,0,1,7,7,7,8,14,15,18,17,52,48,Estádio Dr. Jorge Sampaio,"Rua da Paradela, Pedroso, Vila Nova de Gaia",2,4,2.0,3.35,4.24,0.0,0.0,0.0,0.0,0.0,0.0,0.0,0.0,0.0,0.0,0.0,0.0,0.0,5,2,2,1,0,1,4,1493560800,1037,0,47,0,737,-1,1,-1,-1,-1,-1,-1,-1,1,1,1,2,2,3,-1,0,0,0,0,0.0,0.0,0.0,0,0,0,0,0,0,1,1,1,0,-1,-1,0,0,-1,-1,-1,-1,-1,-1,-1,-1,-1,45,69,19,58,Porto II,Sporting CP II,1.71,1.14,1.58,1.21,1.34,1.39,56,32,0.0,0.0,0.0,42,True,True,True,True,True,False,True,LigaPro_Portugal_2a_división,,,,,2017-04-30 14:00:00
2016-2017,39,1,0,1,6,5,11,3,3,0,0,6,3,7,5,13,8,14,16,58,42,Caixa Futebol Campus,", Seixal",3,3,2.26,3.28,3.48,0.0,0.0,0.0,0.0,0.0,0.0,0.0,0.0,0.0,0.0,0.0,0.0,0.0,1,0,0,1,0,1,0,1493564400,1031,0,58,0,806,-1,1,-1,-1,-1,-1,-1,-1,1,0,2,3,1,5,-1,0,0,0,0,0.0,0.0,0.0,0,0,0,0,0,0,1,1,0,0,-1,-1,1,0,-1,-1,-1,-1,-1,-1,-1,-1,-1,50,71,37,69,Benfica II,Associação Académica de Coimbra OAF,1.9,1.0,1.95,0.95,1.55,1.39,50,29,0.0,0.0,0.0,42,True,False,False,False,False,False,False,LigaPro_Portugal_2a_división,,,,,2017-04-30 15:00:00
2016-2017,39,2,1,3,8,4,12,1,5,0,0,6,3,5,7,11,10,14,21,50,50,Estádio José Arcanjo,"Apartado 104, Rua da Feira, Olhão",1,5,5.41,3.79,1.7,0.0,0.0,0.0,0.0,0.0,0.0,0.0,0.0,0.0,0.0,0.0,0.0,0.0,3,1,1,1,0,1,2,1493564400,184,0,61,0,151,-1,1,-1,-1,-1,-1,-1,-1,1,1,0,4,2,4,-1,0,0,0,0,0.0,0.0,0.0,0,0,0,0,0,0,1,1,0,0,-1,-1,0,0,-1,-1,-1,-1,-1,-1,-1,-1,-1,61,71,29,63,SC Olhanense,Freamunde,0.9,0.76,0.68,0.79,0.58,1.03,40,29,0.0,0.0,0.0,42,True,True,True,False,False,False,True,LigaPro_Portugal_2a_división,,,,,2017-04-30 15:00:00
2016-2017,39,2,1,3,5,6,11,4,1,0,1,9,5,3,7,12,12,18,18,52,48,Estádio Municipal José dos Santos Pinto,"Rua Viriato, Covilhã",4,3,2.13,3.22,3.92,0.0,0.0,0.0,0.0,0.0,0.0,0.0,0.0,0.0,0.0,0.0,0.0,0.0,3,2,0,0,1,1,2,1493564400,1026,0,61,0,245,-1,1,-1,-1,-1,-1,-1,-1,2,1,2,1,3,3,-1,0,0,0,0,0.0,0.0,0.0,0,1,0,1,0,0,1,1,2,0,-1,-1,0,0,-1,-1,-1,-1,-1,-1,-1,-1,-1,42,74,24,61,Sporting Covilhã,Gil Vicente,1.67,0.86,1.63,0.95,1.37,1.47,58,27,0.0,0.0,0.0,42,True,True,True,False,False,False,True,LigaPro_Portugal_2a_división,,,,,2017-04-30 15:00:00
2016-2017,39,1,3,4,6,1,7,3,3,0,0,4,7,5,4,9,11,21,21,49,51,Parque Municipal dos Desportos,"Parque Municipal dos Desportos, Aparto 29, Fafe",3,3,2.12,3.3,3.84,0.0,0.0,0.0,0.0,0.0,0.0,0.0,0.0,0.0,0.0,0.0,0.0,0.0,4,0,1,1,2,3,1,1493564400,1032,0,74,0,1293,-1,1,-1,-1,-1,-1,-1,-1,2,2,1,1,4,2,-1,0,0,0,0,0.0,0.0,0.0,0,0,0,0,0,0,1,1,0,0,-1,-1,0,0,-1,-1,-1,-1,-1,-1,-1,-1,-1,61,84,35,74,Fafe,Academico Viseu,0.86,1.19,0.79,1.16,1.03,1.26,40,16,0.0,0.0,0.0,42,True,True,True,True,False,False,True,LigaPro_Portugal_2a_división,,,,,2017-04-30 15:00:00
2016-2017,39,2,0,2,5,9,14,4,3,0,0,6,3,6,6,12,9,25,22,48,52,Estádio Municipal 22 de Junho,"Alameda dos Bargos, Vila Nova de Famalicão",4,3,1.69,3.59,5.99,0.0,0.0,0.0,0.0,0.0,0.0,0.0,0.0,0.0,0.0,0.0,0.0,0.0,2,1,0,1,0,1,1,1493564400,1033,0,40,0,3185,-1,1,-1,-1,-1,-1,-1,-1,1,1,3,2,2,5,-1,0,0,0,0,0.0,0.0,0.0,0,0,0,0,0,0,1,1,1,0,-1,-1,0,1,-1,-1,-1,-1,-1,-1,-1,-1,-1,37,61,24,53,Famalicão,FC Vizela,1.71,0.95,1.58,0.89,1.16,1.11,63,40,0.0,0.0,0.0,42,True,True,False,False,False,False,False,LigaPro_Portugal_2a_división,,,,,2017-04-30 15:00:00
2016-2017,39,1,0,1,6,1,7,3,0,1,0,5,2,6,5,11,7,28,13,41,59,Estádio Municipal 25 de Abril,"Rua Futebol Clube de Penafiel, Penafiel",4,0,2.04,3.29,4.15,0.0,0.0,0.0,0.0,0.0,0.0,0.0,0.0,0.0,0.0,0.0,0.0,0.0,1,0,0,1,0,1,0,1493564400,182,0,45,0,493,-1,1,-1,-1,-1,-1,-1,-1,0,0,4,0,0,4,-1,0,0,0,0,0.0,0.0,0.0,0,0,0,0,0,0,1,1,0,0,-1,-1,0,0,-1,-1,-1,-1,-1,-1,-1,-1,-1,45,64,27,58,FC Penafiel,Santa Clara,2.14,1.0,2.16,1.05,1.55,1.47,55,37,0.0,0.0,0.0,42,True,False,False,False,False,False,False,LigaPro_Portugal_2a_división,,,,,2017-04-30 15:00:00
2016-2017,39,1,0,1,3,3,6,2,2,0,0,5,8,8,7,13,15,25,16,42,58,Estádio Municipal José Martins Vieira,"Estrada do Brejo, Cova da Piedade, Almada",2,2,2.28,3.16,3.57,0.0,0.0,0.0,0.0,0.0,0.0,0.0,0.0,0.0,0.0,0.0,0.0,0.0,1,1,0,0,0,0,1,1493564400,1036,0,58,0,1167,-1,1,-1,-1,-1,-1,-1,-1,1,1,1,1,2,2,-1,0,0,0,0,0.0,0.0,0.0,0,0,0,0,0,0,1,1,0,0,-1,-1,0,0,-1,-1,-1,-1,-1,-1,-1,-1,-1,40,71,21,66,Cova Piedade,Varzim,1.62,1.43,1.63,1.58,1.21,1.53,61,29,0.0,0.0,0.0,42,True,False,False,False,False,False,False,LigaPro_Portugal_2a_división,,,,,2017-04-30 15:00:00
2016-2017,40,2,2,4,1,3,4,3,2,0,0,4,6,8,4,12,10,20,12,51,49,CGD Stadium Aurélio Pereira,", Alcochete",3,2,1.89,3.65,4.48,0.0,0.0,0.0,0.0,0.0,0.0,0.0,0.0,0.0,0.0,0.0,0.0,0.0,4,1,1,1,1,2,2,1493996400,-1,0,74,0,408,-1,1,-1,-1,-1,-1,-1,-1,2,0,1,2,2,3,-1,0,0,0,0,0.0,0.0,0.0,0,0,0,0,0,0,1,1,0,0,-1,-1,0,0,-1,-1,-1,-1,-1,-1,-1,-1,-1,69,90,21,71,Sporting CP II,Benfica II,1.48,1.1,1.58,1.16,1.36,1.59,32,11,0.0,0.0,0.0,42,True,True,True,True,False,False,True,LigaPro_Portugal_2a_división,,,,,2017-05-05 15:00:00
2016-2017,40,1,0,1,6,6,12,2,0,0,0,6,3,8,9,14,12,22,12,46,54,Estádio EFAPEL,"Rua Dom Manuel I, Coimbra",2,0,2.59,3.18,3.08,0.0,0.0,0.0,0.0,0.0,0.0,0.0,0.0,0.0,0.0,0.0,0.0,0.0,1,1,0,0,0,0,1,1494065700,179,0,37,0,2163,-1,1,-1,-1,-1,-1,-1,-1,1,0,1,0,1,1,-1,0,0,0,0,0.0,0.0,0.0,0,0,0,0,0,0,1,1,1,0,-1,-1,0,0,-1,-1,-1,-1,-1,-1,-1,-1,-1,40,58,16,63,Associação Académica de Coimbra OAF,Vitória Guimarães II,1.95,0.62,1.84,0.68,1.36,1.46,61,43,0.0,0.0,0.0,42,True,False,False,False,False,False,False,LigaPro_Portugal_2a_división,,,,,2017-05-06 10:15:00
2016-2017,40,1,2,3,4,4,8,3,1,1,0,3,4,5,7,8,11,20,13,38,62,Complexo Desportivo do SC Freamunde,"Rua do Sport Clube de Freamunde, Freamunde",4,1,2.49,3.17,3.2,0.0,0.0,0.0,0.0,0.0,0.0,0.0,0.0,0.0,0.0,0.0,0.0,0.0,3,1,0,0,2,2,1,1494162000,1025,0,48,0,373,-1,1,-1,-1,-1,-1,-1,-1,0,0,4,1,0,5,-1,0,0,0,0,0.0,0.0,0.0,0,1,0,1,0,0,1,1,0,0,-1,-1,0,0,-1,-1,-1,-1,-1,-1,-1,-1,-1,40,50,19,58,Freamunde,Portimonense,1.14,1.52,1.26,1.37,1.0,1.9,61,50,0.0,0.0,0.0,42,True,True,True,False,False,False,True,LigaPro_Portugal_2a_división,,,,,2017-05-07 13:00:00
2016-2017,40,1,3,4,9,1,10,2,1,0,1,3,6,9,5,12,11,17,18,51,49,Estádio do Mar,"Lugar da Cruz de Pau, Matosinhos",2,3,1.82,3.44,5.26,0.0,0.0,0.0,0.0,0.0,0.0,0.0,0.0,0.0,0.0,0.0,0.0,0.0,4,0,0,1,3,4,0,1494169200,1026,0,53,0,5724,-1,1,-1,-1,-1,-1,-1,-1,0,0,2,2,0,4,-1,0,0,0,0,0.0,0.0,0.0,0,2,0,2,0,0,1,1,0,0,-1,-1,0,0,-1,-1,-1,-1,-1,-1,-1,-1,-1,43,66,16,61,Leixões,Sporting Covilhã,1.38,1.29,1.53,1.11,1.15,1.41,58,35,0.0,0.0,0.0,42,True,True,True,True,False,False,True,LigaPro_Portugal_2a_división,,,,,2017-05-07 15:00:00
2016-2017,40,1,3,4,4,8,12,5,3,0,0,3,4,7,13,10,17,16,17,45,55,Estádio Cidade de Barcelos,"strada Nacional 103, Vila Boa, Barcelos",5,3,1.89,3.48,4.66,0.0,0.0,0.0,0.0,0.0,0.0,0.0,0.0,0.0,0.0,0.0,0.0,0.0,4,1,0,0,3,3,1,1494169200,4885,0,53,0,874,-1,1,-1,-1,-1,-1,-1,-1,1,0,4,3,1,7,-1,0,0,0,0,0.0,0.0,0.0,0,1,0,1,0,0,1,1,0,0,-1,-1,0,0,-1,-1,-1,-1,-1,-1,-1,-1,-1,42,58,27,58,Gil Vicente,Fafe,1.81,1.29,2.0,1.26,1.44,1.0,58,42,0.0,0.0,0.0,42,True,True,True,True,False,False,True,LigaPro_Portugal_2a_división,,,,,2017-05-07 15:00:00
2016-2017,40,1,0,1,8,4,12,2,2,0,0,4,6,6,9,10,15,21,12,44,56,Estádio Varzim Sport Club,"Rua do Varzim Sport Club, Póvoa de Varzim",2,2,2.59,3.13,3.08,0.0,0.0,0.0,0.0,0.0,0.0,0.0,0.0,0.0,0.0,0.0,0.0,0.0,1,0,0,1,0,1,0,1494169200,1034,0,48,0,1776,-1,1,-1,-1,-1,-1,-1,-1,2,0,0,2,2,2,-1,0,0,0,0,0.0,0.0,0.0,0,0,0,0,0,0,1,1,0,0,-1,-1,0,0,-1,-1,-1,-1,-1,-1,-1,-1,-1,37,74,16,69,Varzim,Famalicão,1.48,0.81,1.47,0.74,1.49,1.21,63,27,0.0,0.0,0.0,42,True,False,False,False,False,False,False,LigaPro_Portugal_2a_división,,,,,2017-05-07 15:00:00
2016-2017,40,2,3,5,5,9,14,3,6,1,1,7,5,8,1,15,6,20,27,57,43,Estádio Do Vizela (Caldas de Vizela),,4,8,2.62,3.16,3.02,0.0,0.0,0.0,0.0,0.0,0.0,0.0,0.0,0.0,0.0,0.0,0.0,0.0,5,1,0,1,3,4,1,1494169200,1036,0,64,0,1063,-1,1,-1,-1,-1,-1,-1,-1,1,2,3,5,3,8,-1,0,0,0,0,0.0,0.0,0.0,0,0,0,0,0,0,1,1,0,0,-1,-1,0,0,-1,-1,-1,-1,-1,-1,-1,-1,-1,48,74,26,71,FC Vizela,Cova Piedade,1.24,0.9,1.32,0.79,1.08,1.26,53,26,0.0,0.0,0.0,42,True,True,True,True,True,False,True,LigaPro_Portugal_2a_división,,,,,2017-05-07 15:00:00
2016-2017,40,1,2,3,7,3,10,0,1,0,0,3,10,8,7,11,17,22,14,53,47,Estádio Municipal do Fontelo,"Avenida José Relvas, Viseu",0,1,2.39,3.2,3.34,0.0,0.0,0.0,0.0,0.0,0.0,0.0,0.0,0.0,0.0,0.0,0.0,0.0,3,1,1,0,1,1,2,1494169200,178,0,56,0,659,-1,1,-1,-1,-1,-1,-1,-1,0,1,0,0,1,0,-1,0,0,0,0,0.0,0.0,0.0,0,0,0,0,0,0,1,1,0,0,-1,-1,0,0,-1,-1,-1,-1,-1,-1,-1,-1,-1,42,69,21,63,Academico Viseu,CF União,1.29,1.14,1.37,0.95,1.31,1.41,58,32,0.0,0.0,0.0,42,True,True,True,False,False,False,True,LigaPro_Portugal_2a_división,,,,,2017-05-07 15:00:00
2016-2017,40,2,1,3,4,8,12,1,3,0,0,5,3,6,4,11,7,10,13,48,52,Estádio Clube Desportivo das Aves,"Rua Luís Gonzaga Mendes de Carvalho 265, Vila das Aves",1,3,1.83,3.52,5.04,0.0,0.0,0.0,0.0,0.0,0.0,0.0,0.0,0.0,0.0,0.0,0.0,0.0,3,1,0,1,1,2,1,1494169200,1024,0,66,0,1400,-1,1,-1,-1,-1,-1,-1,-1,0,0,1,3,0,4,-1,0,0,0,0,0.0,0.0,0.0,0,0,0,0,0,0,1,1,0,0,-1,-1,0,0,-1,-1,-1,-1,-1,-1,-1,-1,-1,53,79,32,61,CD Aves,FC Penafiel,2.33,0.86,2.26,0.95,1.85,1.59,48,21,0.0,0.0,0.0,42,True,True,True,False,False,False,True,LigaPro_Portugal_2a_división,,,,,2017-05-07 15:00:00
2016-2017,40,2,3,5,6,2,8,1,2,0,0,4,4,11,4,15,8,11,9,47,53,Estádio 1º de Maio,", Braga",1,2,0.0,0.0,0.0,0.0,0.0,0.0,0.0,0.0,0.0,0.0,0.0,0.0,0.0,0.0,0.0,0.0,5,0,2,2,1,3,2,1494169200,1037,0,63,0,375,-1,1,-1,-1,-1,-1,-1,-1,0,0,1,2,0,3,-1,0,0,0,0,0.0,0.0,0.0,0,0,0,0,0,0,1,1,0,0,-1,-1,0,0,-1,-1,-1,-1,-1,-1,-1,-1,-1,61,82,27,79,Sporting Braga II,Porto II,1.76,1.14,1.89,1.11,1.49,1.38,40,19,0.0,0.0,0.0,42,True,True,True,True,True,False,True,LigaPro_Portugal_2a_división,,,,,2017-05-07 15:00:00
2016-2017,40,3,0,3,4,5,9,3,1,0,0,7,5,7,5,14,10,15,16,54,46,"Estádio de São Miguel (Ponta Delgada, Ilha de São Miguel, Açores)","Rua Comandante Jaime de Sousa 21, Ponta Delgada, Ilha de São Miguel, Açores",3,1,1.34,4.98,9.99,0.0,0.0,0.0,0.0,0.0,0.0,0.0,0.0,0.0,0.0,0.0,0.0,0.0,3,0,0,3,0,3,0,1494172800,1028,0,58,0,342,-1,1,-1,-1,-1,-1,-1,-1,0,0,3,1,0,4,-1,0,0,0,0,0.0,0.0,0.0,1,0,1,0,0,0,1,1,0,0,-1,-1,0,0,-1,-1,-1,-1,-1,-1,-1,-1,-1,55,82,37,76,Santa Clara,SC Olhanense,1.86,0.43,1.89,0.47,1.44,0.64,45,19,0.0,0.0,0.0,42,True,True,True,False,False,False,False,LigaPro_Portugal_2a_división,,,,,2017-05-07 16:00:00
2016-2017,41,1,0,1,9,4,13,3,3,0,0,7,4,6,4,13,8,17,14,58,42,Estádio Dr. Jorge Sampaio,"Rua da Paradela, Pedroso, Vila Nova de Gaia",3,3,2.01,3.39,4.22,0.0,0.0,0.0,0.0,0.0,0.0,0.0,0.0,0.0,0.0,0.0,0.0,0.0,1,0,0,1,0,1,0,1494611100,1037,0,45,0,345,-1,1,-1,-1,-1,-1,-1,-1,1,0,2,3,1,5,-1,0,0,0,0,0.0,0.0,0.0,0,0,0,0,0,0,1,1,0,0,-1,-1,1,0,-1,-1,-1,-1,-1,-1,-1,-1,-1,43,63,15,53,Porto II,Vitória Guimarães II,1.71,0.62,1.65,0.65,1.43,1.43,58,38,0.0,0.0,0.0,42,True,False,False,False,False,False,False,LigaPro_Portugal_2a_división,,,,,2017-05-12 17:45:00
2016-2017,41,1,3,4,4,3,7,1,3,0,0,3,6,6,9,9,15,16,15,40,60,Estádio Municipal José Martins Vieira,"Estrada do Brejo, Cova da Piedade, Almada",1,3,3.01,3.14,2.64,0.0,0.0,0.0,0.0,0.0,0.0,0.0,0.0,0.0,0.0,0.0,0.0,0.0,4,1,0,0,3,3,1,1494670500,1024,0,55,0,1134,-1,1,-1,-1,-1,-1,-1,-1,1,3,0,0,4,0,-1,0,0,0,0,0.0,0.0,0.0,1,0,1,0,0,0,1,1,0,0,-1,-1,0,0,-1,-1,-1,-1,-1,-1,-1,-1,-1,35,68,25,65,Cova Piedade,CD Aves,1.62,1.52,1.7,1.45,1.3,1.88,65,33,0.0,0.0,0.0,42,True,True,True,True,False,False,True,LigaPro_Portugal_2a_división,,,,,2017-05-13 10:15:00
2016-2017,41,3,2,5,9,1,10,1,3,0,1,7,4,9,4,16,8,15,21,66,34,Estádio do Portimonense SC (Portimão),"Avenida Zeca Afonso Portimão, Portimão",1,5,1.2,7.05,9.99,0.0,0.0,0.0,0.0,0.0,0.0,0.0,0.0,0.0,0.0,0.0,0.0,0.0,5,2,1,1,1,2,3,1494756900,1025,0,50,0,2470,-1,1,-1,-1,-1,-1,-1,-1,1,0,0,4,1,4,-1,0,0,0,0,0.0,0.0,0.0,1,0,1,0,0,0,1,1,1,0,-1,-1,0,0,-1,-1,-1,-1,-1,-1,-1,-1,-1,65,78,38,73,Portimonense,SC Olhanense,2.43,0.43,2.4,0.45,1.93,0.63,35,23,0.0,0.0,0.0,42,True,True,True,True,True,False,True,LigaPro_Portugal_2a_división,,,,,2017-05-14 10:15:00
2016-2017,41,1,1,2,5,3,8,2,3,0,0,9,4,7,2,16,6,22,23,55,45,Estádio Municipal José dos Santos Pinto,"Rua Viriato, Covilhã",2,3,1.89,3.3,5.02,0.0,0.0,0.0,0.0,0.0,0.0,0.0,0.0,0.0,0.0,0.0,0.0,0.0,2,0,1,1,0,1,1,1494770400,-1,0,50,0,278,-1,1,-1,-1,-1,-1,-1,-1,0,1,2,2,1,4,-1,0,0,0,0,0.0,0.0,0.0,0,0,0,0,0,0,1,1,0,1,-1,-1,0,0,-1,-1,-1,-1,-1,-1,-1,-1,-1,38,65,15,55,Sporting Covilhã,Santa Clara,1.67,1.0,1.7,1.0,1.45,1.48,63,35,0.0,0.0,0.0,42,True,True,False,False,False,False,True,LigaPro_Portugal_2a_división,,,,,2017-05-14 14:00:00
2016-2017,41,1,2,3,3,6,9,3,3,1,0,6,5,5,6,11,11,19,15,51,49,CGD Stadium Aurélio Pereira,", Alcochete",5,3,1.76,3.56,5.55,0.0,0.0,0.0,0.0,0.0,0.0,0.0,0.0,0.0,0.0,0.0,0.0,0.0,3,1,0,0,2,2,1,1494774000,179,0,65,0,312,-1,1,-1,-1,-1,-1,-1,-1,1,2,3,1,3,4,-1,0,0,0,0,0.0,0.0,0.0,0,1,0,1,0,0,1,1,1,0,-1,-1,0,0,-1,-1,-1,-1,-1,-1,-1,-1,-1,58,78,23,65,Sporting CP II,Associação Académica de Coimbra OAF,1.48,1.0,1.55,0.9,1.35,1.4,43,23,0.0,0.0,0.0,42,True,True,True,False,False,False,True,LigaPro_Portugal_2a_división,,,,,2017-05-14 15:00:00
2016-2017,41,1,1,2,3,7,10,2,3,0,0,5,5,6,5,11,10,15,16,49,51,Estádio Do Vizela (Caldas de Vizela),,2,3,2.0,3.29,4.42,0.0,0.0,0.0,0.0,0.0,0.0,0.0,0.0,0.0,0.0,0.0,0.0,0.0,2,1,0,0,1,1,1,1494774000,-1,0,65,0,905,-1,1,-1,-1,-1,-1,-1,-1,0,2,2,1,2,3,-1,0,0,0,0,0.0,0.0,0.0,0,0,0,0,0,0,1,1,0,0,-1,-1,0,0,-1,-1,-1,-1,-1,-1,-1,-1,-1,48,73,30,60,FC Vizela,Freamunde,1.24,0.76,1.25,0.75,1.05,0.98,53,28,0.0,0.0,0.0,42,True,True,False,False,False,False,True,LigaPro_Portugal_2a_división,,,,,2017-05-14 15:00:00
2016-2017,41,5,1,6,5,5,10,2,3,0,1,10,2,4,5,14,7,23,11,46,54,Estádio do Centro Desportivo da Madeira,"VE4 65, Madeira",2,5,1.95,3.35,4.56,0.0,0.0,0.0,0.0,0.0,0.0,0.0,0.0,0.0,0.0,0.0,0.0,0.0,6,1,0,4,1,5,1,1494774000,178,0,58,0,969,-1,1,-1,-1,-1,-1,-1,-1,0,2,2,2,2,4,-1,0,0,0,0,0.0,0.0,0.0,0,0,0,0,0,0,1,1,1,0,-1,-1,0,0,-1,-1,-1,-1,-1,-1,-1,-1,-1,43,63,38,65,CF União,Gil Vicente,1.9,0.86,1.85,0.9,1.45,1.4,58,38,0.0,0.0,0.0,42,True,True,True,True,True,True,True,LigaPro_Portugal_2a_división,,,,,2017-05-14 15:00:00
2016-2017,41,0,0,0,3,9,12,5,2,0,0,2,7,8,8,10,15,23,15,34,66,Estádio Municipal 25 de Abril,"Rua Futebol Clube de Penafiel, Penafiel",5,2,3.07,3.19,2.55,0.0,0.0,0.0,0.0,0.0,0.0,0.0,0.0,0.0,0.0,0.0,0.0,0.0,0,0,0,0,0,0,0,1494774000,-1,0,48,0,1526,-1,1,-1,-1,-1,-1,-1,-1,1,0,4,2,1,6,-1,0,0,0,0,0.0,0.0,0.0,0,0,0,0,0,0,1,1,0,0,-1,-1,0,0,-1,-1,-1,-1,-1,-1,-1,-1,-1,45,68,30,75,FC Penafiel,Leixões,2.14,0.81,2.2,0.8,1.55,1.13,55,33,0.0,0.0,0.0,42,False,False,False,False,False,False,False,LigaPro_Portugal_2a_división,,,,,2017-05-14 15:00:00
2016-2017,41,1,4,5,10,8,18,2,3,0,0,5,12,5,4,10,16,13,16,52,48,Caixa Futebol Campus,", Seixal",2,3,1.99,3.46,4.19,0.0,0.0,0.0,0.0,0.0,0.0,0.0,0.0,0.0,0.0,0.0,0.0,0.0,5,0,1,1,3,4,1,1494774000,1035,0,63,0,708,-1,1,-1,-1,-1,-1,-1,-1,0,0,2,3,0,5,-1,0,0,0,0,0.0,0.0,0.0,0,0,0,0,0,0,1,1,0,0,-1,-1,0,0,-1,-1,-1,-1,-1,-1,-1,-1,-1,50,75,33,65,Benfica II,Sporting Braga II,1.9,1.19,2.0,1.1,1.58,1.45,50,25,0.0,0.0,0.0,42,True,True,True,True,True,False,True,LigaPro_Portugal_2a_división,,,,,2017-05-14 15:00:00
2016-2017,41,2,1,3,7,7,14,1,2,0,0,4,5,9,5,13,10,14,12,40,60,Parque Municipal dos Desportos,"Parque Municipal dos Desportos, Aparto 29, Fafe",1,2,1.71,3.61,5.88,0.0,0.0,0.0,0.0,0.0,0.0,0.0,0.0,0.0,0.0,0.0,0.0,0.0,3,1,0,1,1,2,1,1494774000,4885,0,65,0,1418,-1,1,-1,-1,-1,-1,-1,-1,0,0,1,2,0,3,-1,0,0,0,0,0.0,0.0,0.0,0,0,0,0,0,0,1,1,0,0,-1,-1,0,0,-1,-1,-1,-1,-1,-1,-1,-1,-1,55,80,25,70,Fafe,Varzim,0.86,1.43,0.75,1.5,1.05,1.53,45,20,0.0,0.0,0.0,42,True,True,True,False,False,False,True,LigaPro_Portugal_2a_división,,,,,2017-05-14 15:00:00
2016-2017,41,2,1,3,10,4,14,2,1,0,0,6,3,8,6,14,9,21,17,56,44,Estádio Municipal 22 de Junho,"Alameda dos Bargos, Vila Nova de Famalicão",2,1,2.1,3.3,4.0,0.0,0.0,0.0,0.0,0.0,0.0,0.0,0.0,0.0,0.0,0.0,0.0,0.0,3,1,1,1,0,1,2,1494774000,1033,0,58,0,3234,-1,1,-1,-1,-1,-1,-1,-1,0,0,2,1,0,3,-1,0,0,0,0,0.0,0.0,0.0,0,0,0,0,0,0,1,1,0,0,-1,-1,0,0,-1,-1,-1,-1,-1,-1,-1,-1,-1,53,75,28,68,Famalicão,Academico Viseu,1.71,1.19,1.65,1.25,1.18,1.28,48,25,0.0,0.0,0.0,42,True,True,True,False,False,False,True,LigaPro_Portugal_2a_división,,,,,2017-05-14 15:00:00
2016-2017,42,0,1,1,4,4,8,2,1,1,0,4,7,3,5,7,12,22,16,48,52,Complexo Desportivo do SC Freamunde,"Rua do Sport Clube de Freamunde, Freamunde",3,1,3.25,3.38,2.34,0.0,0.0,0.0,0.0,0.0,0.0,0.0,0.0,0.0,0.0,0.0,0.0,0.0,1,0,1,0,0,0,1,1495292400,1026,0,50,0,328,-1,1,-1,-1,-1,-1,-1,-1,0,0,3,1,0,4,-1,0,0,0,0,0.0,0.0,0.0,0,0,0,0,0,0,1,1,0,0,-1,-1,0,0,-1,-1,-1,-1,-1,-1,-1,-1,-1,35,55,13,60,Freamunde,Sporting Covilhã,1.14,1.29,1.2,1.2,0.98,1.44,65,45,0.0,0.0,0.0,42,True,False,False,False,False,False,False,LigaPro_Portugal_2a_división,,,,,2017-05-20 15:00:00
2016-2017,42,1,2,3,5,4,9,5,0,0,0,4,5,4,0,8,5,28,21,47,53,"Estádio de São Miguel (Ponta Delgada, Ilha de São Miguel, Açores)","Rua Comandante Jaime de Sousa 21, Ponta Delgada, Ilha de São Miguel, Açores",5,0,4.01,3.53,2.01,0.0,0.0,0.0,0.0,0.0,0.0,0.0,0.0,0.0,0.0,0.0,0.0,0.0,3,0,1,1,1,2,1,1495363500,1025,0,53,0,579,-1,1,-1,-1,-1,-1,-1,-1,1,0,4,0,1,4,-1,0,0,0,0,0.0,0.0,0.0,0,0,0,0,0,0,1,1,0,0,-1,-1,0,0,-1,-1,-1,-1,-1,-1,-1,-1,-1,48,70,20,63,Santa Clara,Portimonense,1.86,1.52,1.95,1.45,1.46,1.95,53,30,0.0,0.0,0.0,42,True,True,True,False,False,False,True,LigaPro_Portugal_2a_división,,,,,2017-05-21 10:45:00
2016-2017,42,3,0,3,3,11,14,1,1,1,0,4,7,4,7,8,14,14,20,50,50,Estádio Clube Desportivo das Aves,"Rua Luís Gonzaga Mendes de Carvalho 265, Vila das Aves",3,1,1.57,4.26,6.28,0.0,0.0,0.0,0.0,0.0,0.0,0.0,0.0,0.0,0.0,0.0,0.0,0.0,3,1,0,2,0,2,1,1495363500,1024,0,60,0,2500,-1,1,-1,-1,-1,-1,-1,-1,1,0,1,1,1,2,-1,0,0,0,0,0.0,0.0,0.0,0,0,0,0,0,0,1,1,0,0,-1,-1,0,0,-1,-1,-1,-1,-1,-1,-1,-1,-1,45,70,23,60,CD Aves,Fafe,2.33,1.29,2.3,1.35,1.9,1.1,55,30,0.0,0.0,0.0,42,True,True,True,False,False,False,False,LigaPro_Portugal_2a_división,,,,,2017-05-21 10:45:00
2016-2017,42,0,2,2,10,1,11,1,2,0,0,7,6,14,5,21,11,11,19,61,39,Estádio do Mar,"Lugar da Cruz de Pau, Matosinhos",1,2,1.87,3.67,4.48,0.0,0.0,0.0,0.0,0.0,0.0,0.0,0.0,0.0,0.0,0.0,0.0,0.0,2,0,1,0,1,1,1,1495363500,178,0,55,0,4818,-1,1,-1,-1,-1,-1,-1,-1,0,1,1,1,1,2,-1,0,0,0,0,0.0,0.0,0.0,0,0,0,0,0,0,1,1,0,1,-1,-1,0,0,-1,-1,-1,-1,-1,-1,-1,-1,-1,48,75,25,65,Leixões,CF União,1.38,1.14,1.45,1.05,1.12,1.49,53,25,0.0,0.0,0.0,42,True,True,False,False,False,False,False,LigaPro_Portugal_2a_división,,,,,2017-05-21 10:45:00
2016-2017,42,3,2,5,7,6,13,2,3,1,0,6,4,4,3,10,7,19,19,50,50,Estádio Dom Afonso Henriques,"Rua de São Gonçalo 505, Guimarães",4,3,0.0,0.0,0.0,0.0,0.0,0.0,0.0,0.0,0.0,0.0,0.0,0.0,0.0,0.0,0.0,0.0,5,1,1,2,1,3,2,1495378800,1027,0,55,0,1271,-1,1,-1,-1,-1,-1,-1,-1,0,0,3,3,0,6,-1,0,0,0,0,0.0,0.0,0.0,1,1,1,1,0,0,1,1,0,0,-1,-1,0,0,-1,-1,-1,-1,-1,-1,-1,-1,-1,55,80,15,60,Vitória Guimarães II,Benfica II,2.24,1.1,2.2,1.15,1.39,1.54,45,20,0.0,0.0,0.0,42,True,True,True,True,True,False,True,LigaPro_Portugal_2a_división,,,,,2017-05-21 15:00:00
2016-2017,42,0,2,2,4,7,11,3,0,1,0,2,7,3,6,5,13,26,12,43,57,Estádio Cidade de Barcelos,"strada Nacional 103, Vila Boa, Barcelos",4,0,6.12,4.1,1.61,0.0,0.0,0.0,0.0,0.0,0.0,0.0,0.0,0.0,0.0,0.0,0.0,0.0,2,0,0,0,2,2,0,1495378800,1033,0,50,0,2762,-1,1,-1,-1,-1,-1,-1,-1,0,0,4,0,0,4,-1,0,0,0,0,0.0,0.0,0.0,0,1,0,1,0,0,1,1,0,0,-1,-1,0,0,-1,-1,-1,-1,-1,-1,-1,-1,-1,43,65,25,65,Gil Vicente,Famalicão,1.81,0.81,1.9,0.7,1.37,1.22,58,35,0.0,0.0,0.0,42,True,True,False,False,False,False,False,LigaPro_Portugal_2a_división,,,,,2017-05-21 15:00:00
2016-2017,42,2,2,4,1,5,6,3,4,0,0,8,4,10,6,18,10,24,21,56,44,Estádio Municipal do Fontelo,"Avenida José Relvas, Viseu",3,4,1.81,3.78,4.72,0.0,0.0,0.0,0.0,0.0,0.0,0.0,0.0,0.0,0.0,0.0,0.0,0.0,4,1,0,1,2,3,1,1495378800,-1,0,58,0,3324,-1,1,-1,-1,-1,-1,-1,-1,1,1,2,3,2,5,-1,0,0,0,0,0.0,0.0,0.0,1,0,1,0,0,0,1,1,0,0,-1,-1,0,0,-1,-1,-1,-1,-1,-1,-1,-1,-1,55,68,23,63,Academico Viseu,Cova Piedade,1.29,0.9,1.3,0.9,1.24,1.27,45,33,0.0,0.0,0.0,42,True,True,True,True,False,False,True,LigaPro_Portugal_2a_división,,,,,2017-05-21 15:00:00
2016-2017,42,2,1,3,6,3,9,1,1,0,0,6,5,10,3,16,8,17,14,42,58,Estádio EFAPEL,"Rua Dom Manuel I, Coimbra",1,1,2.78,3.33,2.7,0.0,0.0,0.0,0.0,0.0,0.0,0.0,0.0,0.0,0.0,0.0,0.0,0.0,3,1,1,1,0,1,2,1495378800,179,0,45,0,2014,-1,1,-1,-1,-1,-1,-1,-1,0,1,1,0,1,1,-1,0,0,0,0,0.0,0.0,0.0,0,0,0,0,0,0,1,1,0,0,-1,-1,0,0,-1,-1,-1,-1,-1,-1,-1,-1,-1,48,63,18,73,Associação Académica de Coimbra OAF,Porto II,1.95,1.14,1.9,1.2,1.44,1.46,53,38,0.0,0.0,0.0,42,True,True,True,False,False,False,True,LigaPro_Portugal_2a_división,,,,,2017-05-21 15:00:00
2016-2017,42,1,1,2,7,7,14,0,0,0,0,6,4,8,6,14,10,12,19,53,47,Estádio 1º de Maio,", Braga",0,0,2.12,3.78,3.4,0.0,0.0,0.0,0.0,0.0,0.0,0.0,0.0,0.0,0.0,0.0,0.0,0.0,2,0,0,1,1,2,0,1495378800,-1,0,60,0,415,-1,-1,-1,-1,-1,-1,-1,-1,0,0,0,0,0,0,-1,0,0,0,0,0.0,0.0,0.0,0,0,0,0,0,0,1,1,0,0,-1,-1,-1,-1,-1,-1,-1,-1,-1,-1,-1,-1,-1,58,83,35,80,Sporting Braga II,Sporting CP II,1.76,1.14,1.8,1.15,1.49,1.32,43,18,0.0,0.0,0.0,42,True,True,False,False,False,False,True,LigaPro_Portugal_2a_división,,,,,2017-05-21 15:00:00
2016-2017,42,3,1,4,10,1,11,3,0,0,0,6,2,6,4,12,6,16,12,60,40,Estádio José Arcanjo,"Apartado 104, Rua da Feira, Olhão",3,0,3.96,3.74,1.96,0.0,0.0,0.0,0.0,0.0,0.0,0.0,0.0,0.0,0.0,0.0,0.0,0.0,4,0,1,3,0,3,1,1495378800,184,0,73,0,173,-1,1,-1,-1,-1,-1,-1,-1,0,0,3,0,0,3,-1,0,0,0,0,0.0,0.0,0.0,0,0,0,0,0,0,1,1,0,1,-1,-1,0,0,-1,-1,-1,-1,-1,-1,-1,-1,-1,68,80,33,73,SC Olhanense,FC Penafiel,0.9,0.86,0.8,0.9,0.61,1.54,33,20,0.0,0.0,0.0,42,True,True,True,True,False,False,True,LigaPro_Portugal_2a_división,,,,,2017-05-21 15:00:00
2016-2017,42,0,3,3,6,1,7,5,2,1,0,2,6,9,2,11,8,22,10,49,51,Estádio Varzim Sport Club,"Rua do Varzim Sport Club, Póvoa de Varzim",6,2,1.71,3.76,5.54,0.0,0.0,0.0,0.0,0.0,0.0,0.0,0.0,0.0,0.0,0.0,0.0,0.0,3,0,1,0,2,2,1,1495378800,4841,0,38,0,1037,-1,1,-1,-1,-1,-1,-1,-1,1,1,5,1,2,6,-1,0,0,0,0,0.0,0.0,0.0,0,0,0,0,0,0,1,1,0,0,-1,-1,0,0,-1,-1,-1,-1,-1,-1,-1,-1,-1,30,60,15,53,Varzim,FC Vizela,1.48,0.95,1.55,0.85,1.49,1.05,70,40,0.0,0.0,0.0,42,True,True,True,False,False,False,False,LigaPro_Portugal_2a_división,,,,,2017-05-21 15:00:00
2017-2018,1,1,2,3,3,5,8,1,2,0,0,6,6,7,7,13,13,16,15,45,55,Complexo Desportivo da Covilhã (Covilhã),"Centro Civico, Covilhã",1,2,1.95,3.4,4.47,0.0,0.0,0.0,0.0,0.0,0.0,0.0,0.0,0.0,0.0,0.0,0.0,0.0,3,0,0,1,2,3,0,1502014500,1029,0,0,0,475,-1,1,-1,-1,-1,-1,-1,-1,1,1,0,1,2,1,-1,0,0,0,0,0.0,0.0,0.0,0,0,0,0,0,0,1,1,0,0,-1,-1,0,0,-1,-1,-1,-1,-1,-1,-1,-1,-1,0,0,0,0,Sporting Covilhã,Sporting CP II,1.53,0.95,0.0,0.0,0.0,0.0,0,0,0.0,0.0,0.0,38,True,True,True,False,False,False,True,LigaPro_Portugal_2a_división,,,,,2017-08-06 10:15:00
2017-2018,1,1,1,2,5,8,13,1,2,0,0,8,3,6,7,14,10,16,15,52,48,Estádio 1º de Maio,", Braga",1,2,2.54,3.08,3.21,0.0,0.0,0.0,0.0,0.0,0.0,0.0,0.0,0.0,0.0,0.0,0.0,0.0,2,1,0,0,1,1,1,1502031600,-1,0,0,0,380,-1,1,-1,-1,-1,-1,-1,-1,1,0,0,2,1,2,-1,0,0,0,0,0.0,0.0,0.0,0,0,0,0,0,0,1,1,0,0,-1,-1,0,0,-1,-1,-1,-1,-1,-1,-1,-1,-1,0,0,0,0,Sporting Braga II,CF União,1.21,0.74,0.0,0.0,0.0,0.0,0,0,0.0,0.0,0.0,38,True,True,False,False,False,False,True,LigaPro_Portugal_2a_división,,,,,2017-08-06 15:00:00
2017-2018,1,1,1,2,8,4,12,1,4,0,0,6,6,13,2,19,8,13,19,61,39,Estádio da Madeira,"Rua do Esmeraldo, nº 46, Ilha da Madeira",1,4,2.06,3.28,4.15,0.0,0.0,0.0,0.0,0.0,0.0,0.0,0.0,0.0,0.0,0.0,0.0,0.0,2,0,0,1,1,2,0,1502031600,-1,0,0,0,1570,-1,1,-1,-1,-1,-1,-1,-1,1,1,0,3,2,3,-1,0,0,0,0,0.0,0.0,0.0,0,0,0,0,0,0,1,1,0,0,-1,-1,0,0,-1,-1,-1,-1,-1,-1,-1,-1,-1,0,0,0,0,CD Nacional,FC Penafiel,2.11,1.42,0.0,0.0,0.0,0.0,0,0,0.0,0.0,0.0,38,True,True,False,False,False,False,True,LigaPro_Portugal_2a_división,,,,,2017-08-06 15:00:00
2017-2018,1,1,2,3,5,8,13,5,2,1,0,6,4,7,3,13,7,21,21,49,51,Estádio Municipal José Martins Vieira,"Estrada do Brejo, Cova da Piedade, Almada",6,2,2.8,2.99,2.95,0.0,0.0,0.0,0.0,0.0,0.0,0.0,0.0,0.0,0.0,0.0,0.0,0.0,3,0,0,1,2,3,0,1502031600,1028,0,0,0,860,-1,1,-1,-1,-1,-1,-1,-1,3,1,3,1,4,4,-1,0,0,0,0,0.0,0.0,0.0,0,1,0,1,0,0,1,1,0,0,-1,-1,1,0,-1,-1,-1,-1,-1,-1,-1,-1,-1,0,0,0,0,Cova Piedade,Santa Clara,1.95,1.42,0.0,0.0,0.0,0.0,0,0,0.0,0.0,0.0,38,True,True,True,False,False,False,True,LigaPro_Portugal_2a_división,,,,,2017-08-06 15:00:00
2017-2018,1,2,1,3,5,3,8,4,4,0,1,7,5,3,4,10,9,18,14,54,46,Estádio Municipal do Fontelo,"Avenida José Relvas, Viseu",4,6,2.69,2.96,3.11,0.0,0.0,0.0,0.0,0.0,0.0,0.0,0.0,0.0,0.0,0.0,0.0,0.0,3,0,1,2,0,2,1,1502031600,1032,0,0,0,1505,-1,1,-1,-1,-1,-1,-1,-1,2,3,2,2,5,4,-1,0,0,0,0,0.0,0.0,0.0,1,0,1,0,0,0,1,1,0,1,-1,-1,0,0,-1,-1,-1,-1,-1,-1,-1,-1,-1,0,0,0,0,Academico Viseu,Associação Académica de Coimbra OAF,1.68,1.53,0.0,0.0,0.0,0.0,0,0,0.0,0.0,0.0,38,True,True,True,False,False,False,True,LigaPro_Portugal_2a_división,,,,,2017-08-06 15:00:00
2017-2018,1,2,0,2,8,5,13,0,1,0,0,7,2,2,8,9,10,19,15,46,54,Estádio Municipal 22 de Junho,"Alameda dos Bargos, Vila Nova de Famalicão",0,1,2.96,3.0,2.78,0.0,0.0,0.0,0.0,0.0,0.0,0.0,0.0,0.0,0.0,0.0,0.0,0.0,2,1,0,1,0,1,1,1502031600,1033,0,0,0,1790,-1,1,-1,-1,-1,-1,-1,-1,0,1,0,0,1,0,-1,0,0,0,0,0.0,0.0,0.0,0,0,0,0,0,0,1,1,0,0,-1,-1,0,0,-1,-1,-1,-1,-1,-1,-1,-1,-1,0,0,0,0,Famalicão,FC Arouca,1.79,1.26,0.0,0.0,0.0,0.0,0,0,0.0,0.0,0.0,38,True,True,False,False,False,False,False,LigaPro_Portugal_2a_división,,,,,2017-08-06 15:00:00
2017-2018,1,1,2,3,5,7,12,1,1,0,0,4,3,5,6,9,9,11,16,52,48,Estádio Dr. Jorge Sampaio,"Rua da Paradela, Pedroso, Vila Nova de Gaia",1,1,1.85,3.54,4.8,0.0,0.0,0.0,0.0,0.0,0.0,0.0,0.0,0.0,0.0,0.0,0.0,0.0,3,1,2,0,0,0,3,1502031600,183,0,0,0,668,-1,1,-1,-1,-1,-1,-1,-1,1,1,0,0,2,0,-1,0,0,0,0,0.0,0.0,0.0,0,1,0,1,0,0,1,1,0,1,-1,-1,1,0,-1,-1,-1,-1,-1,-1,-1,-1,-1,0,0,0,0,Porto II,Gil Vicente,1.95,0.89,0.0,0.0,0.0,0.0,0,0,0.0,0.0,0.0,38,True,True,True,False,False,False,True,LigaPro_Portugal_2a_división,,,,,2017-08-06 15:00:00
2017-2018,1,4,1,5,7,7,14,0,2,0,0,10,5,5,4,15,9,14,25,55,45,Campo n.º 2 do Real Sport Clube (Queluz),Queluz,0,2,2.72,2.96,3.07,0.0,0.0,0.0,0.0,0.0,0.0,0.0,0.0,0.0,0.0,0.0,0.0,0.0,5,1,0,3,1,4,1,1502031600,1039,0,0,0,633,-1,1,-1,-1,-1,-1,-1,-1,0,0,0,2,0,2,-1,0,0,0,0,0.0,0.0,0.0,1,0,1,0,0,0,1,1,0,0,-1,-1,0,0,-1,-1,-1,-1,-1,-1,-1,-1,-1,0,0,0,0,Real SC,Leixões,1.16,0.89,0.0,0.0,0.0,0.0,0,0,0.0,0.0,0.0,38,True,True,True,True,True,False,True,LigaPro_Portugal_2a_división,,,,,2017-08-06 15:00:00
2017-2018,1,3,0,3,6,4,10,1,3,0,1,8,0,3,4,11,4,17,18,51,49,Estádio Varzim Sport Club,"Rua do Varzim Sport Club, Póvoa de Varzim",1,4,2.27,3.14,3.69,0.0,0.0,0.0,0.0,0.0,0.0,0.0,0.0,0.0,0.0,0.0,0.0,0.0,3,1,0,2,0,2,1,1502035200,1034,0,0,0,1552,-1,1,-1,-1,-1,-1,-1,-1,1,1,0,3,2,3,-1,0,0,0,0,0.0,0.0,0.0,1,0,1,0,0,0,1,1,0,0,-1,-1,0,0,-1,-1,-1,-1,-1,-1,-1,-1,-1,0,0,0,0,Varzim,Vitória Guimarães II,1.68,1.26,0.0,0.0,0.0,0.0,0,0,0.0,0.0,0.0,38,True,True,True,False,False,False,False,LigaPro_Portugal_2a_división,,,,,2017-08-06 16:00:00
2017-2018,1,2,1,3,2,11,13,2,1,0,0,7,5,5,10,12,15,14,22,41,59,Estádio Municipal de Aveiro,"Parque da Cidade, Taboeira, Aveiro",2,1,2.71,3.23,2.84,0.0,0.0,0.0,0.0,0.0,0.0,0.0,0.0,0.0,0.0,0.0,0.0,0.0,3,1,0,1,1,2,1,1502215200,1038,0,0,0,605,-1,1,-1,-1,-1,-1,-1,-1,0,0,2,1,0,3,-1,0,0,0,0,0.0,0.0,0.0,1,0,1,0,0,0,1,1,0,0,-1,-1,0,0,-1,-1,-1,-1,-1,-1,-1,-1,-1,0,0,0,0,UD Oliveirense,Benfica II,1.42,1.0,0.0,0.0,0.0,0.0,0,0,0.0,0.0,0.0,38,True,True,True,False,False,False,True,LigaPro_Portugal_2a_división,,,,,2017-08-08 18:00:00
2017-2018,2,2,0,2,3,1,4,1,1,0,0,8,5,7,5,15,10,19,9,53,47,Estádio EFAPEL,"Rua Dom Manuel I, Coimbra",1,1,2.07,3.29,4.11,0.0,0.0,0.0,0.0,0.0,0.0,0.0,0.0,0.0,0.0,0.0,0.0,0.0,2,2,0,0,0,0,2,1502532900,179,0,0,0,1540,-1,1,-1,-1,-1,-1,-1,-1,1,0,0,1,1,1,-1,0,0,0,0,0.0,0.0,0.0,0,0,0,0,0,0,1,1,1,0,-1,-1,0,0,-1,-1,-1,-1,-1,-1,-1,-1,-1,0,0,0,0,Associação Académica de Coimbra OAF,Sporting Braga II,1.79,1.11,0.0,0.0,0.0,1.0,0,0,0.0,0.0,0.0,38,True,True,False,False,False,False,False,LigaPro_Portugal_2a_división,,,,,2017-08-12 10:15:00
2017-2018,2,1,2,3,2,4,6,5,4,0,0,4,8,6,5,10,13,20,16,55,45,CGD Stadium Aurélio Pereira,", Alcochete",5,4,1.95,3.52,4.29,0.0,0.0,0.0,0.0,0.0,0.0,0.0,0.0,0.0,0.0,0.0,0.0,0.0,3,0,0,1,2,3,0,1502550000,1032,0,0,0,278,-1,1,-1,-1,-1,-1,-1,-1,2,1,3,3,3,6,-1,0,0,0,0,0.0,0.0,0.0,0,0,0,0,0,0,1,1,0,0,-1,-1,0,0,-1,-1,-1,-1,-1,-1,-1,-1,-1,0,0,0,0,Sporting CP II,Academico Viseu,1.26,1.68,0.0,0.0,3.0,3.0,0,0,0.0,0.0,0.0,38,True,True,True,False,False,False,True,LigaPro_Portugal_2a_división,,,,,2017-08-12 15:00:00
2017-2018,2,2,2,4,4,5,9,2,2,0,1,13,5,12,7,25,12,14,21,57,43,Estádio Municipal de Arouca,"Afonso Pinto Magalhães Valdasna, Arouca",2,4,2.09,3.37,3.92,0.0,0.0,0.0,0.0,0.0,0.0,0.0,0.0,0.0,0.0,0.0,0.0,0.0,4,0,1,2,1,3,1,1502619300,-1,0,0,0,1000,-1,1,-1,-1,-1,-1,-1,-1,2,0,0,3,2,3,-1,0,0,0,0,0.0,0.0,0.0,0,0,0,0,0,0,1,1,0,0,-1,-1,1,0,-1,-1,-1,-1,-1,-1,-1,-1,-1,0,0,0,0,FC Arouca,Porto II,1.84,1.11,0.0,0.0,0.0,0.0,0,0,0.0,0.0,0.0,38,True,True,True,True,False,False,True,LigaPro_Portugal_2a_división,,,,,2017-08-13 10:15:00
2017-2018,2,1,2,3,5,3,8,2,3,0,0,7,3,11,7,18,10,13,29,55,45,Estádio Cidade de Barcelos,"strada Nacional 103, Vila Boa, Barcelos",2,3,1.95,3.45,4.37,0.0,0.0,0.0,0.0,0.0,0.0,0.0,0.0,0.0,0.0,0.0,0.0,0.0,3,0,1,1,1,2,1,1502636400,1036,0,0,0,1138,-1,1,-1,-1,-1,-1,-1,-1,1,1,1,2,2,3,-1,0,0,0,0,0.0,0.0,0.0,0,1,0,1,0,0,1,1,0,0,-1,-1,0,0,-1,-1,-1,-1,-1,-1,-1,-1,-1,0,0,0,0,Gil Vicente,Cova Piedade,1.0,0.74,0.0,0.0,3.0,0.0,0,0,0.0,0.0,0.0,38,True,True,True,False,False,False,True,LigaPro_Portugal_2a_división,,,,,2017-08-13 15:00:00
2017-2018,2,2,1,3,4,4,8,0,1,0,1,5,4,7,4,12,8,26,14,46,54,Estádio do Mar,"Lugar da Cruz de Pau, Matosinhos",0,3,2.37,3.14,3.44,0.0,0.0,0.0,0.0,0.0,0.0,0.0,0.0,0.0,0.0,0.0,0.0,0.0,3,1,0,1,1,2,1,1502636400,1030,0,0,0,1592,-1,1,-1,-1,-1,-1,-1,-1,0,0,0,2,0,2,-1,0,0,0,0,0.0,0.0,0.0,0,0,0,0,0,0,1,1,1,0,-1,-1,0,0,-1,-1,-1,-1,-1,-1,-1,-1,-1,0,0,0,0,Leixões,Varzim,2.05,0.95,0.0,0.0,0.0,3.0,0,0,0.0,0.0,0.0,38,True,True,True,False,False,False,True,LigaPro_Portugal_2a_división,,,,,2017-08-13 15:00:00
2017-2018,2,2,1,3,0,5,5,1,3,0,0,9,5,4,3,13,8,11,23,49,51,"Estádio de São Miguel (Ponta Delgada, Ilha de São Miguel, Açores)","Rua Comandante Jaime de Sousa 21, Ponta Delgada, Ilha de São Miguel, Açores",1,3,2.47,3.12,3.29,0.0,0.0,0.0,0.0,0.0,0.0,0.0,0.0,0.0,0.0,0.0,0.0,0.0,3,1,1,1,0,1,2,1502636400,1028,0,0,0,882,-1,1,-1,-1,-1,-1,-1,-1,0,1,1,2,1,3,-1,0,0,0,0,0.0,0.0,0.0,0,0,0,0,0,0,1,1,0,0,-1,-1,0,0,-1,-1,-1,-1,-1,-1,-1,-1,-1,0,0,0,0,Santa Clara,Sporting Covilhã,2.05,0.95,0.0,0.0,3.0,0.0,0,0,0.0,0.0,0.0,38,True,True,True,False,False,False,True,LigaPro_Portugal_2a_división,,,,,2017-08-13 15:00:00
2017-2018,2,2,0,2,8,1,9,5,1,0,0,6,0,5,9,11,9,30,15,47,53,Estádio do Centro Desportivo da Madeira,"VE4 65, Madeira",5,1,2.04,3.33,4.16,0.0,0.0,0.0,0.0,0.0,0.0,0.0,0.0,0.0,0.0,0.0,0.0,0.0,2,2,0,0,0,0,2,1502636400,178,0,0,0,807,-1,1,-1,-1,-1,-1,-1,-1,1,0,4,1,1,5,-1,0,0,0,0,0.0,0.0,0.0,0,0,0,0,0,0,1,1,1,0,-1,-1,0,0,-1,-1,-1,-1,-1,-1,-1,-1,-1,0,0,0,0,CF União,Real SC,1.58,0.53,0.0,0.0,1.0,3.0,0,0,0.0,0.0,0.0,38,True,True,False,False,False,False,False,LigaPro_Portugal_2a_división,,,,,2017-08-13 15:00:00
2017-2018,2,2,2,4,4,3,7,1,4,0,0,4,5,6,11,10,16,15,21,60,40,Caixa Futebol Campus,", Seixal",1,4,2.55,3.34,2.95,0.0,0.0,0.0,0.0,0.0,0.0,0.0,0.0,0.0,0.0,0.0,0.0,0.0,4,0,1,2,1,3,1,1502640000,-1,0,0,0,802,-1,1,-1,-1,-1,-1,-1,-1,1,1,0,3,2,3,-1,0,0,0,0,0.0,0.0,0.0,0,0,0,0,0,0,1,1,0,0,-1,-1,1,0,-1,-1,-1,-1,-1,-1,-1,-1,-1,0,0,0,0,Benfica II,CD Nacional,1.58,1.63,0.0,0.0,0.0,1.0,0,0,0.0,0.0,0.0,38,True,True,True,True,False,False,True,LigaPro_Portugal_2a_división,,,,,2017-08-13 16:00:00
2017-2018,2,0,0,0,7,7,14,2,2,0,0,7,7,5,3,12,10,12,15,54,46,Estádio Dom Afonso Henriques,"Rua de São Gonçalo 505, Guimarães",2,2,1.86,3.55,4.73,0.0,0.0,0.0,0.0,0.0,0.0,0.0,0.0,0.0,0.0,0.0,0.0,0.0,0,0,0,0,0,0,0,1502640000,-1,0,0,0,1099,-1,1,-1,-1,-1,-1,-1,-1,1,0,1,2,1,3,-1,0,0,0,0,0.0,0.0,0.0,0,0,0,0,0,0,1,1,0,0,-1,-1,0,0,-1,-1,-1,-1,-1,-1,-1,-1,-1,0,0,0,0,Vitória Guimarães II,UD Oliveirense,1.37,1.16,0.0,0.0,0.0,3.0,0,0,0.0,0.0,0.0,38,False,False,False,False,False,False,False,LigaPro_Portugal_2a_división,,,,,2017-08-13 16:00:00
2017-2018,2,1,1,2,10,4,14,1,3,0,0,6,8,2,3,8,11,21,16,46,54,Estádio Municipal 25 de Abril,"Rua Futebol Clube de Penafiel, Penafiel",1,3,1.86,3.42,4.97,0.0,0.0,0.0,0.0,0.0,0.0,0.0,0.0,0.0,0.0,0.0,0.0,0.0,2,0,0,1,1,2,0,1502640000,-1,0,0,0,907,-1,1,-1,-1,-1,-1,-1,-1,1,3,0,0,4,0,-1,0,0,0,0,0.0,0.0,0.0,0,0,0,0,0,0,1,1,0,0,-1,-1,0,1,-1,-1,-1,-1,-1,-1,-1,-1,-1,0,0,0,0,FC Penafiel,Famalicão,1.84,0.74,0.0,0.0,1.0,3.0,0,0,0.0,0.0,0.0,38,True,True,False,False,False,False,True,LigaPro_Portugal_2a_división,,,,,2017-08-13 16:00:00
2017-2018,3,0,2,2,8,6,14,1,3,1,0,10,6,10,4,20,10,14,22,58,42,Estádio 1º de Maio,", Braga",3,3,2.75,3.11,2.9,0.0,0.0,0.0,0.0,0.0,0.0,0.0,0.0,0.0,0.0,0.0,0.0,0.0,2,0,0,0,2,2,0,1503136800,1028,0,100,0,243,-1,1,-1,-1,-1,-1,-1,-1,0,0,2,3,0,5,-1,0,0,0,0,0.0,0.0,0.0,0,0,0,0,0,0,1,1,0,0,-1,-1,0,0,-1,-1,-1,-1,-1,-1,-1,-1,-1,50,100,0,50,Sporting Braga II,Santa Clara,1.21,1.42,1.0,3.0,0.5,3.0,50,0,0.0,0.0,0.0,38,True,True,False,False,False,False,False,LigaPro_Portugal_2a_división,,,,,2017-08-19 10:00:00
2017-2018,3,0,0,0,0,9,9,1,3,1,0,2,6,1,9,3,15,21,26,41,59,Estádio Municipal 22 de Junho,"Alameda dos Bargos, Vila Nova de Famalicão",3,3,2.36,3.38,3.22,0.0,0.0,0.0,0.0,0.0,0.0,0.0,0.0,0.0,0.0,0.0,0.0,0.0,0,0,0,0,0,0,0,1503137700,-1,0,50,0,1796,-1,1,-1,-1,-1,-1,-1,-1,2,0,0,3,2,3,-1,0,0,0,0,0.0,0.0,0.0,0,0,0,0,0,0,1,1,0,0,-1,-1,0,0,-1,-1,-1,-1,-1,-1,-1,-1,-1,50,100,0,100,Famalicão,Benfica II,1.79,1.0,3.0,0.0,2.0,0.5,50,0,0.0,0.0,0.0,38,False,False,False,False,False,False,False,LigaPro_Portugal_2a_división,,,,,2017-08-19 10:15:00
2017-2018,3,2,1,3,6,2,8,3,3,0,1,8,3,10,5,18,8,30,12,55,45,Complexo Desportivo da Covilhã (Covilhã),"Centro Civico, Covilhã",3,4,2.1,3.32,3.95,0.0,0.0,0.0,0.0,0.0,0.0,0.0,0.0,0.0,0.0,0.0,0.0,0.0,3,0,0,2,1,3,0,1503154800,1026,0,50,0,207,-1,1,-1,-1,-1,-1,-1,-1,0,1,3,3,1,6,-1,0,0,0,0,0.0,0.0,0.0,0,0,0,0,0,0,1,1,0,0,-1,-1,0,0,-1,-1,-1,-1,-1,-1,-1,-1,-1,100,100,0,50,Sporting Covilhã,Vitória Guimarães II,1.53,1.26,0.0,0.0,0.0,0.5,0,0,0.0,0.0,0.0,38,True,True,True,False,False,False,True,LigaPro_Portugal_2a_división,,,,,2017-08-19 15:00:00
2017-2018,3,3,0,3,5,5,10,2,2,0,1,7,4,7,8,14,12,17,9,44,56,Estádio do Centro Desportivo da Madeira,"VE4 65, Madeira",2,3,2.46,3.11,3.31,0.0,0.0,0.0,0.0,0.0,0.0,0.0,0.0,0.0,0.0,0.0,0.0,0.0,3,1,0,2,0,2,1,1503154800,178,0,50,0,1058,-1,1,-1,-1,-1,-1,-1,-1,1,2,1,1,3,2,-1,0,0,0,0,0.0,0.0,0.0,0,0,0,0,0,0,1,1,0,0,-1,-1,0,0,-1,-1,-1,-1,-1,-1,-1,-1,-1,50,100,50,100,CF União,Associação Académica de Coimbra OAF,1.58,1.53,3.0,0.0,2.0,1.5,50,0,0.0,0.0,0.0,38,True,True,True,False,False,False,False,LigaPro_Portugal_2a_división,,,,,2017-08-19 15:00:00
2017-2018,3,3,0,3,8,1,9,2,2,0,0,11,2,6,6,17,8,24,17,46,54,Estádio Municipal José Martins Vieira,"Estrada do Brejo, Cova da Piedade, Almada",2,2,3.56,3.3,2.24,0.0,0.0,0.0,0.0,0.0,0.0,0.0,0.0,0.0,0.0,0.0,0.0,0.0,3,1,0,2,0,2,1,1503154800,1036,0,50,0,796,-1,1,-1,-1,-1,-1,-1,-1,1,1,1,1,2,2,-1,0,0,0,0,0.0,0.0,0.0,0,0,0,0,0,0,1,1,0,0,-1,-1,0,0,-1,-1,-1,-1,-1,-1,-1,-1,-1,50,100,0,50,Cova Piedade,FC Arouca,1.95,1.26,0.0,0.0,1.5,0.5,50,0,0.0,0.0,0.0,38,True,True,True,False,False,False,False,LigaPro_Portugal_2a_división,,,,,2017-08-19 15:00:00
2017-2018,3,1,1,2,6,4,10,4,3,0,0,4,3,4,4,8,7,20,20,51,49,Estádio Varzim Sport Club,"Rua do Varzim Sport Club, Póvoa de Varzim",4,3,2.45,3.18,3.25,0.0,0.0,0.0,0.0,0.0,0.0,0.0,0.0,0.0,0.0,0.0,0.0,0.0,2,0,0,1,1,2,0,1503154800,-1,0,50,0,1431,-1,1,-1,-1,-1,-1,-1,-1,2,1,2,2,3,4,-1,0,0,0,0,0.0,0.0,0.0,0,1,0,1,0,0,1,1,0,0,-1,-1,0,0,-1,-1,-1,-1,-1,-1,-1,-1,-1,100,100,50,100,Varzim,Gil Vicente,1.68,0.89,3.0,3.0,1.5,1.5,0,0,0.0,0.0,0.0,38,True,True,False,False,False,False,True,LigaPro_Portugal_2a_división,,,,,2017-08-19 15:00:00
2017-2018,3,3,0,3,5,1,6,1,0,0,0,6,3,9,13,15,16,13,13,47,53,Estádio Municipal do Fontelo,"Avenida José Relvas, Viseu",1,0,2.52,3.2,3.11,0.0,0.0,0.0,0.0,0.0,0.0,0.0,0.0,0.0,0.0,0.0,0.0,0.0,3,0,0,3,0,3,0,1503154800,1032,0,100,0,907,-1,1,-1,-1,-1,-1,-1,-1,1,0,0,0,1,0,-1,0,0,0,0,0.0,0.0,0.0,0,0,0,0,0,0,1,1,0,0,-1,-1,0,0,-1,-1,-1,-1,-1,-1,-1,-1,-1,100,100,0,100,Academico Viseu,Leixões,1.68,0.89,3.0,0.0,3.0,1.5,0,0,0.0,0.0,0.0,38,True,True,True,False,False,False,False,LigaPro_Portugal_2a_división,,,,,2017-08-19 15:00:00
2017-2018,3,0,2,2,6,6,12,3,4,0,0,3,7,5,9,8,16,18,12,41,59,Estádio Municipal de Aveiro,"Parque da Cidade, Taboeira, Aveiro",3,4,2.83,3.19,2.75,0.0,0.0,0.0,0.0,0.0,0.0,0.0,0.0,0.0,0.0,0.0,0.0,0.0,2,0,0,0,2,2,0,1503154800,163,0,100,0,330,-1,1,-1,-1,-1,-1,-1,-1,2,1,1,3,3,4,-1,0,0,0,0,0.0,0.0,0.0,0,0,0,0,0,0,1,1,0,0,-1,-1,0,0,-1,-1,-1,-1,-1,-1,-1,-1,-1,100,100,0,100,UD Oliveirense,CD Nacional,1.42,1.63,3.0,1.0,2.0,1.0,0,0,0.0,0.0,0.0,38,True,True,False,False,False,False,False,LigaPro_Portugal_2a_división,,,,,2017-08-19 15:00:00
2017-2018,3,3,1,4,5,12,17,4,5,0,0,6,8,7,5,13,13,14,22,48,52,Estádio Dr. Jorge Sampaio,"Rua da Paradela, Pedroso, Vila Nova de Gaia",4,5,1.99,3.47,4.17,0.0,0.0,0.0,0.0,0.0,0.0,0.0,0.0,0.0,0.0,0.0,0.0,0.0,4,1,1,2,0,2,2,1503154800,1037,0,100,0,490,-1,1,-1,-1,-1,-1,-1,-1,1,1,3,4,2,7,-1,0,0,0,0,0.0,0.0,0.0,0,1,0,1,0,0,1,1,0,1,-1,-1,0,0,-1,-1,-1,-1,-1,-1,-1,-1,-1,50,100,50,50,Porto II,FC Penafiel,1.95,1.42,0.0,1.0,0.5,1.0,50,0,0.0,0.0,0.0,38,True,True,True,True,False,False,True,LigaPro_Portugal_2a_división,,,,,2017-08-19 15:00:00
2017-2018,3,1,2,3,6,6,12,1,0,0,1,4,6,7,7,11,13,12,20,55,45,Estádio do Real SC,"Rua Cidade Desportiva, Monte Abraão, Queluz",1,2,2.64,3.29,2.88,0.0,0.0,0.0,0.0,0.0,0.0,0.0,0.0,0.0,0.0,0.0,0.0,0.0,3,0,0,1,2,3,0,1503224100,1029,0,100,0,971,-1,1,-1,-1,-1,-1,-1,-1,0,0,1,1,0,2,-1,0,0,0,0,0.0,0.0,0.0,0,0,0,0,0,0,1,1,0,0,-1,-1,0,0,-1,-1,-1,-1,-1,-1,-1,-1,-1,100,100,0,50,Real SC,Sporting CP II,1.16,0.95,3.0,3.0,1.5,1.5,0,0,0.0,0.0,0.0,38,True,True,True,False,False,False,True,LigaPro_Portugal_2a_división,,,,,2017-08-20 10:15:00
2017-2018,4,1,0,1,7,6,13,3,1,0,0,6,7,2,6,8,13,13,12,49,51,Estádio Cidade de Barcelos,"strada Nacional 103, Vila Boa, Barcelos",3,1,2.83,3.01,2.9,0.0,0.0,0.0,0.0,0.0,0.0,0.0,0.0,0.0,0.0,0.0,0.0,0.0,1,0,0,1,0,1,0,1503500400,183,0,100,0,996,-1,1,-1,-1,-1,-1,-1,-1,2,0,1,1,2,2,-1,0,0,0,0,0.0,0.0,0.0,0,0,0,0,0,0,1,1,0,0,-1,-1,0,0,-1,-1,-1,-1,-1,-1,-1,-1,-1,50,100,0,100,Gil Vicente,CF União,1.0,0.74,0.0,1.0,1.33,2.33,50,0,0.0,0.0,0.0,38,True,False,False,False,False,False,False,LigaPro_Portugal_2a_división,,,,,2017-08-23 15:00:00
2017-2018,4,1,0,1,5,4,9,4,2,0,0,3,6,8,7,11,13,25,11,46,54,Estádio do Mar,"Lugar da Cruz de Pau, Matosinhos",4,2,2.33,3.18,3.49,0.0,0.0,0.0,0.0,0.0,0.0,0.0,0.0,0.0,0.0,0.0,0.0,0.0,1,1,0,0,0,0,1,1503500400,1030,0,100,0,1008,-1,1,-1,-1,-1,-1,-1,-1,0,1,4,1,1,5,-1,0,0,0,0,0.0,0.0,0.0,0,0,0,0,0,0,1,1,0,0,-1,-1,0,0,-1,-1,-1,-1,-1,-1,-1,-1,-1,100,100,0,100,Leixões,Porto II,2.05,1.11,3.0,1.0,1.0,1.33,0,0,0.0,0.0,0.0,38,True,False,False,False,False,False,False,LigaPro_Portugal_2a_división,,,,,2017-08-23 15:00:00
2017-2018,4,3,0,3,6,4,10,1,4,0,0,6,0,8,3,14,3,17,15,58,42,Estádio da Madeira,"Rua do Esmeraldo, nº 46, Ilha da Madeira",1,4,2.12,3.11,4.21,0.0,0.0,0.0,0.0,0.0,0.0,0.0,0.0,0.0,0.0,0.0,0.0,0.0,3,0,0,3,0,3,0,1503500400,163,0,100,0,1684,-1,1,-1,-1,-1,-1,-1,-1,1,1,0,3,2,3,-1,0,0,0,0,0.0,0.0,0.0,0,0,0,0,0,0,1,1,0,0,-1,-1,0,0,-1,-1,-1,-1,-1,-1,-1,-1,-1,0,100,0,0,CD Nacional,Famalicão,2.11,0.74,1.0,1.0,1.67,1.67,100,0,0.0,0.0,0.0,38,True,True,True,False,False,False,False,LigaPro_Portugal_2a_división,,,,,2017-08-23 15:00:00
2017-2018,4,2,1,3,1,6,7,0,2,0,0,7,4,7,5,14,9,12,18,49,51,CGD Stadium Aurélio Pereira,", Alcochete",0,2,2.08,3.3,4.05,0.0,0.0,0.0,0.0,0.0,0.0,0.0,0.0,0.0,0.0,0.0,0.0,0.0,3,0,0,2,1,3,0,1503500400,1029,0,100,0,329,-1,1,-1,-1,-1,-1,-1,-1,0,2,0,0,2,0,-1,0,0,0,0,0.0,0.0,0.0,0,0,0,0,0,0,1,1,0,0,-1,-1,0,0,-1,-1,-1,-1,-1,-1,-1,-1,-1,100,100,0,50,Sporting CP II,Cova Piedade,1.26,0.74,0.0,3.0,2.0,2.0,0,0,0.0,0.0,0.0,38,True,True,True,False,False,False,True,LigaPro_Portugal_2a_división,,,,,2017-08-23 15:00:00
2017-2018,4,0,0,0,6,1,7,4,1,0,0,4,3,10,5,14,8,21,17,62,38,Estádio Municipal de Arouca,"Afonso Pinto Magalhães Valdasna, Arouca",4,1,2.18,3.15,3.95,0.0,0.0,0.0,0.0,0.0,0.0,0.0,0.0,0.0,0.0,0.0,0.0,0.0,0,0,0,0,0,0,0,1503504000,-1,0,100,0,1175,-1,1,-1,-1,-1,-1,-1,-1,2,0,2,1,2,3,-1,0,0,0,0,0.0,0.0,0.0,0,0,0,0,0,0,1,1,0,0,-1,-1,0,0,-1,-1,-1,-1,-1,-1,-1,-1,-1,100,100,0,50,FC Arouca,Academico Viseu,1.84,1.68,1.0,3.0,0.33,3.0,0,0,0.0,0.0,0.0,38,False,False,False,False,False,False,False,LigaPro_Portugal_2a_división,,,,,2017-08-23 16:00:00
2017-2018,4,2,1,3,4,3,7,2,4,0,1,8,2,5,8,13,10,18,17,54,46,Caixa Futebol Campus,", Seixal",2,5,2.13,3.3,3.88,0.0,0.0,0.0,0.0,0.0,0.0,0.0,0.0,0.0,0.0,0.0,0.0,0.0,3,1,0,1,1,2,1,1503504000,1031,0,100,0,750,-1,1,-1,-1,-1,-1,-1,-1,0,1,2,4,1,6,-1,0,0,0,0,0.0,0.0,0.0,0,0,0,0,0,0,1,1,1,0,-1,-1,0,0,-1,-1,-1,-1,-1,-1,-1,-1,-1,100,100,0,100,Benfica II,Varzim,1.58,0.95,1.0,0.0,0.67,1.33,0,0,0.0,0.0,0.0,38,True,True,True,False,False,False,True,LigaPro_Portugal_2a_división,,,,,2017-08-23 16:00:00
2017-2018,4,3,1,4,4,2,6,3,2,0,1,7,6,2,12,9,18,19,14,48,52,"Estádio de São Miguel (Ponta Delgada, Ilha de São Miguel, Açores)","Rua Comandante Jaime de Sousa 21, Ponta Delgada, Ilha de São Miguel, Açores",3,3,1.8,3.32,5.78,0.0,0.0,0.0,0.0,0.0,0.0,0.0,0.0,0.0,0.0,0.0,0.0,0.0,4,3,1,0,0,0,4,1503504000,1028,0,75,0,1490,-1,1,-1,-1,-1,-1,-1,-1,1,1,2,2,2,4,-1,0,0,0,0,0.0,0.0,0.0,1,1,1,1,0,0,1,1,1,0,-1,-1,0,1,-1,-1,-1,-1,-1,-1,-1,-1,-1,100,100,50,100,Santa Clara,Associação Académica de Coimbra OAF,2.05,1.53,3.0,0.0,3.0,1.0,0,0,0.0,0.0,0.0,38,True,True,True,True,False,False,True,LigaPro_Portugal_2a_división,,,,,2017-08-23 16:00:00
2017-2018,4,2,1,3,5,9,14,4,3,0,1,5,4,6,5,11,9,17,19,47,53,Estádio Municipal 25 de Abril,"Rua Futebol Clube de Penafiel, Penafiel",4,5,2.18,3.17,3.9,0.0,0.0,0.0,0.0,0.0,0.0,0.0,0.0,0.0,0.0,0.0,0.0,0.0,3,1,0,1,1,2,1,1503504000,182,0,50,0,463,-1,1,-1,-1,-1,-1,-1,-1,2,0,2,4,2,6,-1,0,0,0,0,0.0,0.0,0.0,0,0,0,0,0,0,1,1,0,0,-1,-1,1,0,-1,-1,-1,-1,-1,-1,-1,-1,-1,0,100,50,50,FC Penafiel,Sporting Braga II,1.84,1.11,1.0,0.0,0.67,0.33,100,0,0.0,0.0,0.0,38,True,True,True,False,False,False,True,LigaPro_Portugal_2a_división,,,,,2017-08-23 16:00:00
2017-2018,5,1,0,1,1,3,4,2,1,0,0,3,6,8,8,11,14,20,13,39,61,Estádio Municipal do Fontelo,"Avenida José Relvas, Viseu",2,1,2.3,3.32,3.39,0.0,0.0,0.0,0.0,0.0,0.0,0.0,0.0,0.0,0.0,0.0,0.0,0.0,1,0,0,1,0,1,0,1503828900,1032,0,50,0,1668,-1,1,-1,-1,-1,-1,-1,-1,0,0,2,1,0,3,-1,0,0,0,0,0.0,0.0,0.0,0,0,0,0,0,0,1,1,0,0,-1,-1,0,0,-1,-1,-1,-1,-1,-1,-1,-1,-1,75,75,0,50,Academico Viseu,Benfica II,1.68,1.0,3.0,0.5,2.5,1.25,25,25,0.0,0.0,0.0,38,True,False,False,False,False,False,False,LigaPro_Portugal_2a_división,,,,,2017-08-27 10:15:00
2017-2018,5,0,1,1,4,3,7,3,3,0,1,2,4,7,3,9,7,19,11,57,43,Complexo Desportivo da Covilhã (Covilhã),"Centro Civico, Covilhã",3,5,2.41,3.12,3.38,0.0,0.0,0.0,0.0,0.0,0.0,0.0,0.0,0.0,0.0,0.0,0.0,0.0,1,0,0,0,1,1,0,1503846000,163,0,75,0,262,-1,1,-1,-1,-1,-1,-1,-1,1,2,2,2,3,4,-1,0,0,0,0,0.0,0.0,0.0,0,0,0,0,0,0,1,1,0,0,-1,-1,0,1,-1,-1,-1,-1,-1,-1,-1,-1,-1,75,100,0,25,Sporting Covilhã,CD Nacional,1.53,1.63,1.5,2.0,1.0,2.0,25,0,0.0,0.0,0.0,38,True,False,False,False,False,False,False,LigaPro_Portugal_2a_división,,,,,2017-08-27 15:00:00
2017-2018,5,1,0,1,5,1,6,4,4,0,0,5,3,5,11,10,14,29,16,47,53,Estádio Municipal 22 de Junho,"Alameda dos Bargos, Vila Nova de Famalicão",4,4,1.81,3.5,5.18,0.0,0.0,0.0,0.0,0.0,0.0,0.0,0.0,0.0,0.0,0.0,0.0,0.0,1,1,0,0,0,0,1,1503846000,1033,0,0,0,1957,-1,1,-1,-1,-1,-1,-1,-1,1,1,3,3,2,6,-1,0,0,0,0,0.0,0.0,0.0,0,0,0,0,0,0,1,1,0,0,-1,-1,0,0,-1,-1,-1,-1,-1,-1,-1,-1,-1,0,25,0,25,Famalicão,UD Oliveirense,1.79,1.16,2.0,1.0,1.25,1.33,100,75,0.0,0.0,0.0,38,True,False,False,False,False,False,False,LigaPro_Portugal_2a_división,,,,,2017-08-27 15:00:00
2017-2018,5,1,0,1,3,4,7,4,3,0,0,5,5,5,8,10,13,20,20,53,47,Estádio Dr. Jorge Sampaio,"Rua da Paradela, Pedroso, Vila Nova de Gaia",4,3,2.45,3.2,3.22,0.0,0.0,0.0,0.0,0.0,0.0,0.0,0.0,0.0,0.0,0.0,0.0,0.0,1,1,0,0,0,0,1,1503846000,1037,0,75,0,468,-1,1,-1,-1,-1,-1,-1,-1,0,1,4,2,1,6,-1,0,0,0,0,0.0,0.0,0.0,1,0,1,0,0,0,1,1,0,0,-1,-1,0,0,-1,-1,-1,-1,-1,-1,-1,-1,-1,75,100,50,50,Porto II,Santa Clara,1.95,1.42,1.5,3.0,1.0,3.0,25,0,0.0,0.0,0.0,38,True,False,False,False,False,False,False,LigaPro_Portugal_2a_división,,,,,2017-08-27 15:00:00
2017-2018,5,0,1,1,8,2,10,1,3,0,0,2,4,6,1,8,5,14,26,45,55,Estádio do Real SC,"Rua Cidade Desportiva, Monte Abraão, Queluz",1,3,2.69,3.13,2.95,0.0,0.0,0.0,0.0,0.0,0.0,0.0,0.0,0.0,0.0,0.0,0.0,0.0,1,0,0,0,1,1,0,1503846000,167,0,50,0,503,-1,1,-1,-1,-1,-1,-1,-1,1,0,0,3,1,3,-1,0,0,0,0,0.0,0.0,0.0,0,0,0,0,0,0,1,1,0,0,-1,-1,0,0,-1,-1,-1,-1,-1,-1,-1,-1,-1,75,100,0,75,Real SC,FC Arouca,1.16,1.26,1.5,0.0,1.0,0.5,25,0,0.0,0.0,0.0,38,True,False,False,False,False,False,False,LigaPro_Portugal_2a_división,,,,,2017-08-27 15:00:00
2017-2018,5,2,2,4,11,3,14,1,0,0,0,9,7,10,1,19,8,10,13,54,46,Estádio do Centro Desportivo da Madeira,"VE4 65, Madeira",1,0,2.04,3.45,4.0,0.0,0.0,0.0,0.0,0.0,0.0,0.0,0.0,0.0,0.0,0.0,0.0,0.0,4,0,2,2,0,2,2,1503846000,-1,0,50,0,1511,-1,1,-1,-1,-1,-1,-1,-1,0,0,1,0,0,1,-1,0,0,0,0,0.0,0.0,0.0,0,0,0,0,0,0,1,1,0,1,-1,-1,0,0,-1,-1,-1,-1,-1,-1,-1,-1,-1,75,100,25,50,CF União,Sporting CP II,1.58,0.95,3.0,3.0,1.75,2.25,25,0,0.0,0.0,0.0,38,True,True,True,True,False,False,True,LigaPro_Portugal_2a_división,,,,,2017-08-27 15:00:00
2017-2018,5,0,1,1,7,1,8,1,1,0,0,6,3,6,3,12,6,23,25,46,54,Estádio Municipal José Martins Vieira,"Estrada do Brejo, Cova da Piedade, Almada",1,1,2.07,3.36,4.01,0.0,0.0,0.0,0.0,0.0,0.0,0.0,0.0,0.0,0.0,0.0,0.0,0.0,1,0,0,0,1,1,0,1503849600,1027,0,50,0,737,-1,1,-1,-1,-1,-1,-1,-1,0,0,1,1,0,2,-1,0,0,0,0,0.0,0.0,0.0,0,1,0,1,0,0,1,1,0,0,-1,-1,0,0,-1,-1,-1,-1,-1,-1,-1,-1,-1,100,100,0,50,Cova Piedade,Vitória Guimarães II,1.95,1.26,1.5,0.0,1.5,0.33,0,0,0.0,0.0,0.0,38,True,False,False,False,False,False,False,LigaPro_Portugal_2a_división,,,,,2017-08-27 16:00:00
2017-2018,5,3,0,3,3,5,8,2,2,0,0,4,0,4,7,8,7,17,16,45,55,Estádio Varzim Sport Club,"Rua do Varzim Sport Club, Póvoa de Varzim",2,2,2.45,3.15,3.28,0.0,0.0,0.0,0.0,0.0,0.0,0.0,0.0,0.0,0.0,0.0,0.0,0.0,3,1,0,2,0,2,1,1503849600,1034,0,75,0,1132,-1,1,-1,-1,-1,-1,-1,-1,0,0,2,2,0,4,-1,0,0,0,0,0.0,0.0,0.0,0,0,0,0,0,0,1,1,0,0,-1,-1,0,0,-1,-1,-1,-1,-1,-1,-1,-1,-1,50,100,25,50,Varzim,FC Penafiel,1.68,1.42,2.0,0.5,1.0,1.25,50,0,0.0,0.0,0.0,38,True,True,True,False,False,False,False,LigaPro_Portugal_2a_división,,,,,2017-08-27 16:00:00
2017-2018,5,2,2,4,7,5,12,4,2,0,0,6,5,7,6,13,11,13,18,42,58,Estádio 1º de Maio,", Braga",4,2,2.34,3.19,3.45,0.0,0.0,0.0,0.0,0.0,0.0,0.0,0.0,0.0,0.0,0.0,0.0,0.0,4,0,1,2,1,3,1,1503936000,-1,0,50,0,550,-1,1,-1,-1,-1,-1,-1,-1,2,1,2,1,3,3,-1,0,0,0,0,0.0,0.0,0.0,1,0,1,0,0,0,1,1,0,1,-1,-1,0,0,-1,-1,-1,-1,-1,-1,-1,-1,-1,50,100,0,50,Sporting Braga II,Leixões,1.21,0.89,0.5,0.0,0.25,1.5,50,0,0.0,0.0,0.0,38,True,True,True,True,False,False,True,LigaPro_Portugal_2a_división,,,,,2017-08-28 16:00:00
2017-2018,5,1,1,2,9,3,12,1,4,0,0,5,2,11,9,16,11,20,16,63,37,Estádio EFAPEL,"Rua Dom Manuel I, Coimbra",1,4,2.13,3.25,3.97,0.0,0.0,0.0,0.0,0.0,0.0,0.0,0.0,0.0,0.0,0.0,0.0,0.0,2,0,0,1,1,2,0,1503945000,-1,0,50,0,2012,-1,1,-1,-1,-1,-1,-1,-1,0,2,1,2,2,3,-1,0,0,0,0,0.0,0.0,0.0,0,0,0,0,0,0,1,1,0,0,-1,-1,0,1,-1,-1,-1,-1,-1,-1,-1,-1,-1,25,100,75,75,Associação Académica de Coimbra OAF,Gil Vicente,1.79,0.89,3.0,2.0,0.75,1.75,75,0,0.0,0.0,0.0,38,True,True,False,False,False,False,True,LigaPro_Portugal_2a_división,,,,,2017-08-28 18:30:00
2017-2018,4,2,2,4,4,1,5,3,4,1,0,7,2,3,2,10,4,15,12,49,51,Estádio Municipal de Aveiro,"Parque da Cidade, Taboeira, Aveiro",5,4,2.5,3.29,3.06,0.0,0.0,0.0,0.0,0.0,0.0,0.0,0.0,0.0,0.0,0.0,0.0,0.0,4,0,1,2,1,3,1,1504450800,-1,0,75,0,523,-1,1,-1,-1,-1,-1,-1,-1,2,1,2,3,3,5,-1,0,0,0,0,0.0,0.0,0.0,0,0,0,0,0,0,1,1,0,0,-1,-1,1,0,-1,-1,-1,-1,-1,-1,-1,-1,-1,75,100,50,75,UD Oliveirense,Sporting Covilhã,1.42,0.95,1.5,0.0,1.0,0.75,25,0,0.0,0.0,0.0,38,True,True,True,True,False,False,True,LigaPro_Portugal_2a_división,,,,,2017-09-03 15:00:00
2017-2018,4,4,3,7,6,5,11,3,3,0,0,8,8,8,7,16,15,16,14,56,44,Estádio Dom Afonso Henriques,"Rua de São Gonçalo 505, Guimarães",3,3,2.13,3.45,3.69,0.0,0.0,0.0,0.0,0.0,0.0,0.0,0.0,0.0,0.0,0.0,0.0,0.0,7,2,1,2,2,4,3,1504454400,1027,0,0,0,1561,-1,1,-1,-1,-1,-1,-1,-1,0,2,3,1,2,4,-1,0,0,0,0,0.0,0.0,0.0,1,0,1,0,0,0,1,1,0,0,-1,-1,0,1,-1,-1,-1,-1,-1,-1,-1,-1,-1,0,50,50,50,Vitória Guimarães II,Real SC,1.37,0.53,1.0,0.0,1.0,0.75,100,50,0.0,0.0,0.0,38,True,True,True,True,True,True,True,LigaPro_Portugal_2a_división,,,,,2017-09-03 16:00:00
2017-2018,6,0,0,0,2,3,5,3,2,0,0,6,4,6,9,12,13,21,11,53,47,Estádio Municipal de Arouca,"Afonso Pinto Magalhães Valdasna, Arouca",3,2,1.97,3.3,4.55,0.0,0.0,0.0,0.0,0.0,0.0,0.0,0.0,0.0,0.0,0.0,0.0,0.0,0,0,0,0,0,0,0,1505059200,-1,0,50,0,1058,-1,1,-1,-1,-1,-1,-1,-1,2,1,1,1,3,2,-1,0,0,0,0,0.0,0.0,0.0,0,0,0,0,0,0,1,1,0,0,-1,-1,0,0,-1,-1,-1,-1,-1,-1,-1,-1,-1,50,75,25,75,FC Arouca,Sporting Braga II,1.84,1.11,1.0,0.0,1.0,0.4,50,25,0.0,0.0,0.0,38,False,False,False,False,False,False,False,LigaPro_Portugal_2a_división,,,,,2017-09-10 16:00:00
2017-2018,6,3,0,3,6,5,11,2,3,0,0,7,6,4,3,11,9,22,16,56,44,Caixa Futebol Campus,", Seixal",2,3,1.92,3.47,4.53,0.0,0.0,0.0,0.0,0.0,0.0,0.0,0.0,0.0,0.0,0.0,0.0,0.0,3,2,0,1,0,1,2,1504886400,1031,0,75,0,700,-1,1,-1,-1,-1,-1,-1,-1,0,3,2,0,3,2,-1,0,0,0,0,0.0,0.0,0.0,0,0,0,0,0,0,1,1,0,0,-1,-1,0,0,-1,-1,-1,-1,-1,-1,-1,-1,-1,75,100,50,100,Benfica II,Real SC,1.58,0.53,2.0,0.0,1.0,0.6,25,0,0.0,0.0,0.0,38,True,True,True,False,False,False,False,LigaPro_Portugal_2a_división,,,,,2017-09-08 16:00:00
2017-2018,6,3,1,4,8,7,15,3,4,1,0,9,4,7,8,16,12,13,20,46,54,Estádio Municipal 22 de Junho,"Alameda dos Bargos, Vila Nova de Famalicão",5,4,2.12,3.05,4.43,0.0,0.0,0.0,0.0,0.0,0.0,0.0,0.0,0.0,0.0,0.0,0.0,0.0,4,1,1,2,0,2,2,1505055600,1033,0,50,0,2911,-1,1,-1,-1,-1,-1,-1,-1,0,0,4,4,0,8,-1,0,0,0,0,0.0,0.0,0.0,0,0,0,0,0,0,1,1,0,0,-1,-1,0,0,-1,-1,-1,-1,-1,-1,-1,-1,-1,50,67,0,84,Famalicão,Varzim,1.79,0.95,2.33,0.0,1.6,1.4,50,34,0.0,0.0,0.0,38,True,True,True,True,False,False,True,LigaPro_Portugal_2a_división,,,,,2017-09-10 15:00:00
2017-2018,6,2,0,2,9,3,12,5,5,0,1,9,6,6,6,15,12,11,14,58,42,Estádio da Madeira,"Rua do Esmeraldo, nº 46, Ilha da Madeira",5,7,2.02,3.26,4.41,0.0,0.0,0.0,0.0,0.0,0.0,0.0,0.0,0.0,0.0,0.0,0.0,0.0,2,1,0,1,0,1,1,1505038500,163,0,50,0,1924,-1,1,-1,-1,-1,-1,-1,-1,2,1,3,5,3,8,-1,0,0,0,0,0.0,0.0,0.0,1,0,1,0,0,0,1,1,0,0,-1,-1,0,0,-1,-1,-1,-1,-1,-1,-1,-1,-1,50,75,0,0,CD Nacional,Academico Viseu,2.11,1.68,2.0,2.0,2.2,2.6,50,25,0.0,0.0,0.0,38,True,True,False,False,False,False,False,LigaPro_Portugal_2a_división,,,,,2017-09-10 10:15:00
2017-2018,6,1,2,3,7,5,12,3,0,0,0,7,10,11,13,18,23,19,19,53,47,Estádio Municipal de Aveiro,"Parque da Cidade, Taboeira, Aveiro",3,0,2.8,3.2,2.77,0.0,0.0,0.0,0.0,0.0,0.0,0.0,0.0,0.0,0.0,0.0,0.0,0.0,3,0,1,1,1,2,1,1504952100,1037,0,59,0,305,-1,1,-1,-1,-1,-1,-1,-1,0,0,3,0,0,3,-1,0,0,0,0,0.0,0.0,0.0,0,0,0,0,0,0,1,1,0,1,-1,-1,0,0,-1,-1,-1,-1,-1,-1,-1,-1,-1,59,75,0,84,UD Oliveirense,Porto II,1.42,1.11,1.33,0.5,1.0,1.4,42,25,0.0,0.0,0.0,38,True,True,True,False,False,False,True,LigaPro_Portugal_2a_división,,,,,2017-09-09 10:15:00
2017-2018,6,1,0,1,5,4,9,5,4,0,0,6,0,3,6,9,6,28,25,51,49,Estádio Municipal 25 de Abril,"Rua Futebol Clube de Penafiel, Penafiel",5,4,2.09,3.18,4.31,0.0,0.0,0.0,0.0,0.0,0.0,0.0,0.0,0.0,0.0,0.0,0.0,0.0,1,1,0,0,0,0,1,1505055600,182,0,100,0,515,-1,1,-1,-1,-1,-1,-1,-1,2,1,3,3,3,6,-1,0,0,0,0,0.0,0.0,0.0,0,0,0,0,0,0,1,1,0,0,-1,-1,1,0,-1,-1,-1,-1,-1,-1,-1,-1,-1,75,100,0,50,FC Penafiel,Cova Piedade,1.84,0.74,2.0,1.5,1.0,1.2,25,0,0.0,0.0,0.0,38,True,False,False,False,False,False,False,LigaPro_Portugal_2a_división,,,,,2017-09-10 15:00:00
2017-2018,6,2,1,3,3,1,4,4,4,0,1,7,3,5,6,12,9,22,15,50,50,"Estádio de São Miguel (Ponta Delgada, Ilha de São Miguel, Açores)","Rua Comandante Jaime de Sousa 21, Ponta Delgada, Ilha de São Miguel, Açores",4,5,2.13,3.17,4.08,0.0,0.0,0.0,0.0,0.0,0.0,0.0,0.0,0.0,0.0,0.0,0.0,0.0,3,1,0,1,1,2,1,1504972800,1028,0,75,0,1469,-1,1,-1,-1,-1,-1,-1,-1,1,0,3,5,1,8,-1,0,0,0,0,0.0,0.0,0.0,0,0,0,0,0,0,1,1,1,0,-1,-1,0,0,-1,-1,-1,-1,-1,-1,-1,-1,-1,50,75,50,75,Santa Clara,CF União,2.05,0.74,3.0,0.5,2.4,1.6,50,25,0.0,0.0,0.0,38,True,True,True,False,False,False,True,LigaPro_Portugal_2a_división,,,,,2017-09-09 16:00:00
2017-2018,6,0,3,3,10,5,15,0,4,0,0,3,6,2,10,5,16,9,19,51,49,Estádio Dom Afonso Henriques,"Rua de São Gonçalo 505, Guimarães",0,4,2.35,3.18,3.46,0.0,0.0,0.0,0.0,0.0,0.0,0.0,0.0,0.0,0.0,0.0,0.0,0.0,3,0,1,0,2,2,1,1504969200,179,0,59,0,2757,-1,1,-1,-1,-1,-1,-1,-1,0,2,0,2,2,2,-1,0,0,0,0,0.0,0.0,0.0,0,0,0,0,0,0,1,1,0,0,-1,-1,0,0,-1,-1,-1,-1,-1,-1,-1,-1,-1,75,75,42,75,Vitória Guimarães II,Associação Académica de Coimbra OAF,1.37,1.53,2.0,0.0,1.4,0.8,25,25,0.0,0.0,0.0,38,True,True,True,False,False,False,False,LigaPro_Portugal_2a_división,,,,,2017-09-09 15:00:00
2017-2018,6,2,1,3,5,4,9,5,7,0,0,6,2,2,2,8,4,24,24,51,49,Estádio do Mar,"Lugar da Cruz de Pau, Matosinhos",5,7,2.39,3.14,3.41,0.0,0.0,0.0,0.0,0.0,0.0,0.0,0.0,0.0,0.0,0.0,0.0,0.0,3,1,0,1,1,2,1,1505055600,1030,0,75,0,1462,-1,1,-1,-1,-1,-1,-1,-1,3,3,2,4,6,6,-1,0,0,0,0,0.0,0.0,0.0,0,0,0,0,0,0,1,1,1,0,-1,-1,0,1,-1,-1,-1,-1,-1,-1,-1,-1,-1,75,75,25,100,Leixões,Sporting Covilhã,2.05,0.95,3.0,0.5,1.4,0.8,25,25,0.0,0.0,0.0,38,True,True,True,False,False,False,True,LigaPro_Portugal_2a_división,,,,,2017-09-10 15:00:00
2017-2018,6,0,1,1,14,3,17,4,4,1,0,2,5,10,8,12,13,14,27,57,43,CGD Stadium Aurélio Pereira,", Alcochete",6,4,2.17,3.35,3.76,0.0,0.0,0.0,0.0,0.0,0.0,0.0,0.0,0.0,0.0,0.0,0.0,0.0,1,0,1,0,0,0,1,1505055600,183,0,100,0,268,-1,1,-1,-1,-1,-1,-1,-1,2,1,3,3,3,6,-1,0,0,0,0,0.0,0.0,0.0,0,1,0,1,0,0,1,1,0,1,-1,-1,0,0,-1,-1,-1,-1,-1,-1,-1,-1,-1,67,100,17,17,Sporting CP II,Gil Vicente,1.26,0.89,1.5,1.67,2.0,1.6,34,0,0.0,0.0,0.0,38,True,False,False,False,False,False,False,LigaPro_Portugal_2a_división,,,,,2017-09-10 15:00:00
2017-2018,7,4,2,6,10,6,16,3,2,0,0,9,3,8,7,17,10,17,20,52,48,Estádio EFAPEL,"Rua Dom Manuel I, Coimbra",3,2,2.09,3.55,3.7,0.0,0.0,0.0,0.0,0.0,0.0,0.0,0.0,0.0,0.0,0.0,0.0,0.0,6,2,1,2,1,3,3,1505660400,179,0,75,0,2365,-1,1,-1,-1,-1,-1,-1,-1,1,0,2,2,1,4,-1,0,0,0,0,0.0,0.0,0.0,0,1,0,1,0,0,1,1,1,1,-1,-1,0,0,-1,-1,-1,-1,-1,-1,-1,-1,-1,50,100,42,42,Associação Académica de Coimbra OAF,Sporting CP II,1.79,0.95,2.0,2.33,1.17,1.67,50,0,0.0,0.0,0.0,38,True,True,True,True,True,True,True,LigaPro_Portugal_2a_división,,,,,2017-09-17 15:00:00
2017-2018,7,1,1,2,8,10,18,0,3,0,0,4,5,5,5,9,10,17,16,47,53,Estádio 1º de Maio,", Braga",0,3,2.04,3.5,3.94,0.0,0.0,0.0,0.0,0.0,0.0,0.0,0.0,0.0,0.0,0.0,0.0,0.0,2,1,0,0,1,1,1,1505660400,-1,0,34,0,357,-1,1,-1,-1,-1,-1,-1,-1,0,1,0,2,1,2,-1,0,0,0,0,0.0,0.0,0.0,1,0,1,0,0,0,1,1,0,0,-1,-1,0,0,-1,-1,-1,-1,-1,-1,-1,-1,-1,17,50,0,59,Sporting Braga II,UD Oliveirense,1.21,1.16,0.67,0.5,0.5,0.83,84,50,0.0,0.0,0.0,38,True,True,False,False,False,False,True,LigaPro_Portugal_2a_división,,,,,2017-09-17 15:00:00
2017-2018,7,1,1,2,3,7,10,2,2,0,0,5,5,2,0,7,5,19,19,42,58,Complexo Desportivo da Covilhã (Covilhã),"Centro Civico, Covilhã",2,2,2.15,3.29,3.82,0.0,0.0,0.0,0.0,0.0,0.0,0.0,0.0,0.0,0.0,0.0,0.0,0.0,2,0,0,1,1,2,0,1505660400,-1,0,59,0,391,-1,1,-1,-1,-1,-1,-1,-1,0,0,2,2,0,4,-1,0,0,0,0,0.0,0.0,0.0,0,0,0,0,0,0,1,1,0,0,-1,-1,0,0,-1,-1,-1,-1,-1,-1,-1,-1,-1,59,84,0,0,Sporting Covilhã,Famalicão,1.53,0.74,1.0,0.5,0.67,1.83,42,17,0.0,0.0,0.0,38,True,True,False,False,False,False,True,LigaPro_Portugal_2a_división,,,,,2017-09-17 15:00:00
2017-2018,7,1,2,3,4,4,8,1,2,1,1,4,7,5,6,9,13,21,14,50,50,Estádio Cidade de Barcelos,"strada Nacional 103, Vila Boa, Barcelos",3,4,2.56,3.23,3.03,0.0,0.0,0.0,0.0,0.0,0.0,0.0,0.0,0.0,0.0,0.0,0.0,0.0,3,1,1,0,1,1,2,1505660400,1028,0,42,0,1244,-1,1,-1,-1,-1,-1,-1,-1,2,2,0,1,4,1,-1,0,0,0,0,0.0,0.0,0.0,0,0,0,0,0,0,1,1,0,0,-1,-1,0,0,-1,-1,-1,-1,-1,-1,-1,-1,-1,42,59,0,42,Gil Vicente,Santa Clara,1.0,1.42,1.5,2.0,1.83,2.5,59,42,0.0,0.0,0.0,38,True,True,True,False,False,False,True,LigaPro_Portugal_2a_división,,,,,2017-09-17 15:00:00
2017-2018,7,0,0,0,5,3,8,2,3,1,0,3,3,1,1,4,4,21,24,47,53,Estádio Varzim Sport Club,"Rua do Varzim Sport Club, Póvoa de Varzim",3,3,2.73,3.22,2.83,0.0,0.0,0.0,0.0,0.0,0.0,0.0,0.0,0.0,0.0,0.0,0.0,0.0,0,0,0,0,0,0,0,1505660400,-1,0,17,0,1029,-1,1,-1,-1,-1,-1,-1,-1,1,1,2,2,2,4,-1,0,0,0,0,0.0,0.0,0.0,0,0,0,0,0,0,1,1,0,0,-1,-1,0,0,-1,-1,-1,-1,-1,-1,-1,-1,-1,50,84,0,67,Varzim,FC Arouca,1.68,1.26,2.33,1.0,1.17,1.0,50,17,0.0,0.0,0.0,38,False,False,False,False,False,False,False,LigaPro_Portugal_2a_división,,,,,2017-09-17 15:00:00
2017-2018,7,2,0,2,3,8,11,2,3,0,0,8,3,12,7,20,10,20,23,36,64,Estádio Municipal José Martins Vieira,"Estrada do Brejo, Cova da Piedade, Almada",2,3,2.15,3.54,3.54,0.0,0.0,0.0,0.0,0.0,0.0,0.0,0.0,0.0,0.0,0.0,0.0,0.0,2,1,0,1,0,1,1,1505660400,1036,0,33,0,1151,-1,1,-1,-1,-1,-1,-1,-1,2,2,0,1,4,1,-1,0,0,0,0,0.0,0.0,0.0,0,0,0,0,0,0,1,1,0,0,-1,-1,0,1,-1,-1,-1,-1,-1,-1,-1,-1,-1,50,50,0,33,Cova Piedade,Benfica II,1.95,1.0,1.0,0.33,1.0,1.33,50,50,0.0,0.0,0.0,38,True,True,False,False,False,False,False,LigaPro_Portugal_2a_división,,,,,2017-09-17 15:00:00
2017-2018,7,2,1,3,3,4,7,3,3,0,0,5,4,6,4,11,8,20,18,51,49,Estádio Municipal do Fontelo,"Avenida José Relvas, Viseu",3,3,1.92,3.52,4.45,0.0,0.0,0.0,0.0,0.0,0.0,0.0,0.0,0.0,0.0,0.0,0.0,0.0,3,1,1,1,0,1,2,1505660400,1032,0,33,0,1024,-1,1,-1,-1,-1,-1,-1,-1,1,1,2,2,2,4,-1,0,0,0,0,0.0,0.0,0.0,0,1,0,1,0,0,1,1,0,0,-1,-1,0,0,-1,-1,-1,-1,-1,-1,-1,-1,-1,67,67,0,33,Academico Viseu,Vitória Guimarães II,1.68,1.26,3.0,1.0,2.17,1.17,33,33,0.0,0.0,0.0,38,True,True,True,False,False,False,True,LigaPro_Portugal_2a_división,,,,,2017-09-17 15:00:00
2017-2018,7,0,2,2,4,1,5,1,1,0,0,3,4,7,1,10,5,11,17,54,46,Estádio do Centro Desportivo da Madeira,"VE4 65, Madeira",1,1,2.12,3.41,3.77,0.0,0.0,0.0,0.0,0.0,0.0,0.0,0.0,0.0,0.0,0.0,0.0,0.0,2,0,0,0,2,2,0,1505660400,1030,0,50,0,701,-1,1,-1,-1,-1,-1,-1,-1,0,0,1,1,0,2,-1,0,0,0,0,0.0,0.0,0.0,0,0,0,0,0,0,1,1,0,0,-1,-1,0,0,-1,-1,-1,-1,-1,-1,-1,-1,-1,84,100,34,84,CF União,Leixões,1.58,0.89,2.33,0.33,1.33,1.67,17,0,0.0,0.0,0.0,38,True,True,False,False,False,False,False,LigaPro_Portugal_2a_división,,,,,2017-09-17 15:00:00
2017-2018,7,2,1,3,10,8,18,3,2,0,1,6,4,5,7,11,11,13,14,47,53,Estádio Dr. Jorge Sampaio,"Rua da Paradela, Pedroso, Vila Nova de Gaia",3,3,2.46,3.38,3.05,0.0,0.0,0.0,0.0,0.0,0.0,0.0,0.0,0.0,0.0,0.0,0.0,0.0,3,1,1,1,0,1,2,1505660400,1037,0,50,0,344,-1,1,-1,-1,-1,-1,-1,-1,1,0,2,3,1,5,-1,0,0,0,0,0.0,0.0,0.0,0,0,0,0,0,0,1,1,0,1,-1,-1,1,0,-1,-1,-1,-1,-1,-1,-1,-1,-1,50,67,34,67,Porto II,CD Nacional,1.95,1.63,2.0,2.33,1.67,2.33,50,33,0.0,0.0,0.0,38,True,True,True,False,False,False,True,LigaPro_Portugal_2a_división,,,,,2017-09-17 15:00:00
2017-2018,7,3,1,4,5,1,6,2,1,0,1,6,3,5,2,11,5,20,18,65,35,Estádio do Real SC,"Rua Cidade Desportiva, Monte Abraão, Queluz",2,3,2.88,3.29,2.64,0.0,0.0,0.0,0.0,0.0,0.0,0.0,0.0,0.0,0.0,0.0,0.0,0.0,4,1,0,2,1,3,1,1505660400,1039,0,67,0,460,-1,1,-1,-1,-1,-1,-1,-1,2,1,0,1,3,1,-1,0,0,0,0,0.0,0.0,0.0,1,1,1,1,0,0,1,1,0,0,-1,-1,0,0,-1,-1,-1,-1,-1,-1,-1,-1,-1,67,84,17,50,Real SC,FC Penafiel,1.16,1.42,1.0,0.33,0.5,1.33,33,17,0.0,0.0,0.0,38,True,True,True,True,False,False,True,LigaPro_Portugal_2a_división,,,,,2017-09-17 15:00:00
2017-2018,8,2,0,2,4,3,7,3,1,0,0,5,3,2,4,7,7,26,20,55,45,Estádio Municipal de Arouca,"Afonso Pinto Magalhães Valdasna, Arouca",3,1,2.06,3.45,3.93,0.0,0.0,0.0,0.0,0.0,0.0,0.0,0.0,0.0,0.0,0.0,0.0,0.0,2,0,0,2,0,2,0,1505923200,167,0,67,0,452,-1,1,-1,-1,-1,-1,-1,-1,1,1,2,0,2,2,-1,0,0,0,0,0.0,0.0,0.0,0,0,0,0,0,0,1,1,0,0,-1,-1,0,0,-1,-1,-1,-1,-1,-1,-1,-1,-1,67,67,25,42,FC Arouca,Sporting CP II,1.84,0.95,1.0,1.75,1.0,1.43,34,34,0.0,0.0,0.0,38,True,True,False,False,False,False,False,LigaPro_Portugal_2a_división,,,,,2017-09-20 16:00:00
2017-2018,8,1,1,2,8,7,15,2,2,0,0,8,3,3,10,11,13,15,17,58,42,Caixa Futebol Campus,", Seixal",2,2,1.99,3.6,4.0,0.0,0.0,0.0,0.0,0.0,0.0,0.0,0.0,0.0,0.0,0.0,0.0,0.0,2,0,0,1,1,2,0,1506519000,-1,0,84,0,306,-1,1,-1,-1,-1,-1,-1,-1,1,0,1,2,1,3,-1,0,0,0,0,0.0,0.0,0.0,0,0,0,0,0,0,1,1,0,0,-1,-1,0,0,-1,-1,-1,-1,-1,-1,-1,-1,-1,100,100,33,100,Benfica II,Sporting Covilhã,1.58,0.95,2.33,0.33,1.14,0.71,0,0,0.0,0.0,0.0,38,True,True,False,False,False,False,True,LigaPro_Portugal_2a_división,,,,,2017-09-27 13:30:00
2017-2018,8,1,1,2,8,4,12,2,3,0,0,4,4,9,7,13,11,20,20,55,45,Estádio Dom Afonso Henriques,"Rua de São Gonçalo 505, Guimarães",2,3,2.55,3.29,3.0,0.0,0.0,0.0,0.0,0.0,0.0,0.0,0.0,0.0,0.0,0.0,0.0,0.0,2,0,1,1,0,1,1,1506524400,-1,0,50,0,984,-1,1,-1,-1,-1,-1,-1,-1,1,1,1,2,2,3,-1,0,0,0,0,0.0,0.0,0.0,0,0,0,0,0,0,1,1,0,0,-1,-1,0,0,-1,-1,-1,-1,-1,-1,-1,-1,-1,50,67,17,67,Vitória Guimarães II,CF União,1.37,0.74,1.33,0.33,1.0,1.14,50,33,0.0,0.0,0.0,38,True,True,False,False,False,False,True,LigaPro_Portugal_2a_división,,,,,2017-09-27 15:00:00
2017-2018,8,0,4,4,6,6,12,4,4,1,0,5,6,11,10,16,16,14,17,63,37,Estádio da Madeira,"Rua do Esmeraldo, nº 46, Ilha da Madeira",5,4,1.39,4.71,9.99,0.0,0.0,0.0,0.0,0.0,0.0,0.0,0.0,0.0,0.0,0.0,0.0,0.0,4,0,1,0,3,3,1,1507371300,1039,0,33,0,1347,-1,1,-1,-1,-1,-1,-1,-1,1,1,4,3,2,7,-1,0,0,0,0,0.0,0.0,0.0,0,1,0,1,0,0,1,1,0,0,-1,-1,0,1,-1,-1,-1,-1,-1,-1,-1,-1,-1,50,100,50,67,CD Nacional,Real SC,2.11,0.53,2.33,0.0,1.75,0.88,50,0,0.0,0.0,0.0,38,True,True,True,True,False,False,False,LigaPro_Portugal_2a_división,,,,,2017-10-07 10:15:00
2017-2018,8,2,1,3,3,6,9,5,4,0,0,4,8,4,10,8,18,17,18,39,61,Estádio Municipal de Aveiro,"Parque da Cidade, Taboeira, Aveiro",5,4,3.24,3.42,2.33,0.0,0.0,0.0,0.0,0.0,0.0,0.0,0.0,0.0,0.0,0.0,0.0,0.0,3,2,1,0,0,0,3,1507388400,1038,0,54,0,578,-1,1,-1,-1,-1,-1,-1,-1,1,1,4,3,2,7,-1,0,0,0,0,0.0,0.0,0.0,0,0,0,0,0,0,1,1,1,0,-1,-1,0,0,-1,-1,-1,-1,-1,-1,-1,-1,-1,54,84,0,54,UD Oliveirense,Academico Viseu,1.42,1.68,1.0,1.33,1.13,2.38,46,17,0.0,0.0,0.0,38,True,True,True,False,False,False,True,LigaPro_Portugal_2a_división,,,,,2017-10-07 15:00:00
2017-2018,8,1,2,3,6,3,9,6,3,0,0,6,5,5,6,11,11,15,21,60,40,"Estádio de São Miguel (Ponta Delgada, Ilha de São Miguel, Açores)","Rua Comandante Jaime de Sousa 21, Ponta Delgada, Ilha de São Miguel, Açores",6,3,1.8,3.59,5.11,0.0,0.0,0.0,0.0,0.0,0.0,0.0,0.0,0.0,0.0,0.0,0.0,0.0,3,0,0,1,2,3,0,1506528000,1034,0,100,0,848,-1,1,-1,-1,-1,-1,-1,-1,2,1,4,2,3,6,-1,0,0,0,0,0.0,0.0,0.0,0,0,0,0,0,0,1,1,0,0,-1,-1,0,0,-1,-1,-1,-1,-1,-1,-1,-1,-1,100,100,50,100,Santa Clara,Varzim,2.05,0.95,3.0,0.0,2.57,1.14,0,0,0.0,0.0,0.0,38,True,True,True,False,False,False,True,LigaPro_Portugal_2a_división,,,,,2017-09-27 16:00:00
2017-2018,8,0,0,0,2,4,6,2,4,1,0,2,2,6,5,8,7,15,20,43,57,Estádio Municipal 25 de Abril,"Rua Futebol Clube de Penafiel, Penafiel",3,4,2.38,3.34,3.22,0.0,0.0,0.0,0.0,0.0,0.0,0.0,0.0,0.0,0.0,0.0,0.0,0.0,0,0,0,0,0,0,0,1507388400,-1,0,59,0,608,-1,1,-1,-1,-1,-1,-1,-1,1,1,2,3,2,5,-1,0,0,0,0,0.0,0.0,0.0,0,0,0,0,0,0,1,1,0,0,-1,-1,0,0,-1,-1,-1,-1,-1,-1,-1,-1,-1,67,84,13,84,FC Penafiel,Associação Académica de Coimbra OAF,1.84,1.53,2.33,0.75,1.13,1.25,34,17,0.0,0.0,0.0,38,False,False,False,False,False,False,False,LigaPro_Portugal_2a_división,,,,,2017-10-07 15:00:00
2017-2018,8,1,1,2,15,3,18,3,2,0,0,10,8,12,11,22,19,10,12,60,40,Estádio Municipal 22 de Junho,"Alameda dos Bargos, Vila Nova de Famalicão",3,2,1.86,3.56,4.7,0.0,0.0,0.0,0.0,0.0,0.0,0.0,0.0,0.0,0.0,0.0,0.0,0.0,2,0,1,1,0,1,1,1506528000,-1,0,29,0,1359,-1,1,-1,-1,-1,-1,-1,-1,1,1,2,1,2,3,-1,0,0,0,0,0.0,0.0,0.0,1,0,1,0,0,0,1,1,0,1,-1,-1,0,0,-1,-1,-1,-1,-1,-1,-1,-1,-1,29,59,29,71,Famalicão,Sporting Braga II,1.79,1.11,2.5,0.33,1.71,0.57,71,42,0.0,0.0,0.0,38,True,True,False,False,False,False,True,LigaPro_Portugal_2a_división,,,,,2017-09-27 16:00:00
2017-2018,8,2,0,2,4,6,10,5,0,0,0,8,2,9,9,17,11,16,15,54,46,Estádio do Mar,"Lugar da Cruz de Pau, Matosinhos",5,0,2.24,3.11,3.8,0.0,0.0,0.0,0.0,0.0,0.0,0.0,0.0,0.0,0.0,0.0,0.0,0.0,2,0,0,2,0,2,0,1507474800,1030,0,71,0,1111,-1,1,-1,-1,-1,-1,-1,-1,1,0,4,0,1,4,-1,0,0,0,0,0.0,0.0,0.0,0,0,0,0,0,0,1,1,0,0,-1,-1,0,0,-1,-1,-1,-1,-1,-1,-1,-1,-1,46,71,13,75,Leixões,Gil Vicente,2.05,0.89,3.0,2.0,1.63,1.75,54,29,0.0,0.0,0.0,38,True,True,False,False,False,False,False,LigaPro_Portugal_2a_división,,,,,2017-10-08 15:00:00
2017-2018,8,2,0,2,10,3,13,2,3,0,0,6,6,6,5,12,11,19,18,61,39,Estádio Dr. Jorge Sampaio,"Rua da Paradela, Pedroso, Vila Nova de Gaia",2,3,1.93,3.65,4.2,0.0,0.0,0.0,0.0,0.0,0.0,0.0,0.0,0.0,0.0,0.0,0.0,0.0,2,0,0,2,0,2,0,1506524400,1037,0,71,0,250,-1,1,-1,-1,-1,-1,-1,-1,1,1,1,2,2,3,-1,0,0,0,0,0.0,0.0,0.0,0,0,0,0,0,0,1,1,0,0,-1,-1,0,0,-1,-1,-1,-1,-1,-1,-1,-1,-1,71,71,38,84,Porto II,Cova Piedade,1.95,0.74,2.25,1.0,1.86,1.29,29,29,0.0,0.0,0.0,38,True,True,False,False,False,False,False,LigaPro_Portugal_2a_división,,,,,2017-09-27 15:00:00
2017-2018,9,1,2,3,4,1,5,1,4,0,0,5,5,11,3,16,8,14,16,56,44,Estádio EFAPEL,"Rua Dom Manuel I, Coimbra",1,4,2.09,3.43,3.85,0.0,0.0,0.0,0.0,0.0,0.0,0.0,0.0,0.0,0.0,0.0,0.0,0.0,3,0,0,1,2,3,0,1506787200,1031,0,46,0,2744,-1,1,-1,-1,-1,-1,-1,-1,0,0,1,4,0,5,-1,0,0,0,0,0.0,0.0,0.0,1,0,1,0,0,0,1,1,0,0,-1,-1,0,0,-1,-1,-1,-1,-1,-1,-1,-1,-1,29,75,34,59,Associação Académica de Coimbra OAF,Benfica II,1.79,1.0,2.33,0.25,1.43,1.13,71,25,0.0,0.0,0.0,38,True,True,True,False,False,False,True,LigaPro_Portugal_2a_división,,,,,2017-09-30 16:00:00
2017-2018,9,5,4,9,7,5,12,2,2,0,0,11,10,2,5,13,15,16,10,45,55,Estádio 1º de Maio,", Braga",2,2,3.08,3.25,2.51,0.0,0.0,0.0,0.0,0.0,0.0,0.0,0.0,0.0,0.0,0.0,0.0,0.0,9,2,1,3,3,6,3,1506852900,1035,0,63,0,270,-1,1,-1,-1,-1,-1,-1,-1,0,1,2,1,1,3,-1,0,0,0,0,0.0,0.0,0.0,0,0,0,0,0,0,1,1,1,0,-1,-1,0,0,-1,-1,-1,-1,-1,-1,-1,-1,-1,38,88,13,63,Sporting Braga II,CD Nacional,1.21,1.63,0.75,1.75,0.63,2.0,63,13,0.0,0.0,0.0,38,True,True,True,True,True,True,True,LigaPro_Portugal_2a_división,,,,,2017-10-01 10:15:00
2017-2018,9,3,0,3,10,3,13,2,0,0,1,7,2,7,4,14,6,13,11,66,34,Estádio Cidade de Barcelos,"strada Nacional 103, Vila Boa, Barcelos",2,2,1.93,3.49,4.46,0.0,0.0,0.0,0.0,0.0,0.0,0.0,0.0,0.0,0.0,0.0,0.0,0.0,3,2,0,1,0,1,2,1506783600,183,0,59,0,768,-1,1,-1,-1,-1,-1,-1,-1,0,1,2,0,1,2,-1,0,0,0,0,0.0,0.0,0.0,2,0,2,0,0,0,1,1,0,0,-1,-1,0,0,-1,-1,-1,-1,-1,-1,-1,-1,-1,71,71,29,59,Gil Vicente,Vitória Guimarães II,1.0,1.26,1.0,0.75,1.57,1.0,29,29,0.0,0.0,0.0,38,True,True,True,False,False,False,False,LigaPro_Portugal_2a_división,,,,,2017-09-30 15:00:00
2017-2018,9,1,0,1,0,14,14,2,2,0,0,5,0,3,5,8,5,16,17,51,49,Complexo Desportivo da Covilhã (Covilhã),"Centro Civico, Covilhã",2,2,2.53,3.11,3.2,0.0,0.0,0.0,0.0,0.0,0.0,0.0,0.0,0.0,0.0,0.0,0.0,0.0,1,1,0,0,0,0,1,1506783600,1026,0,38,0,221,-1,1,-1,-1,-1,-1,-1,-1,1,1,1,1,2,2,-1,0,0,0,0,0.0,0.0,0.0,0,0,0,0,0,0,1,1,0,0,-1,-1,0,0,-1,-1,-1,-1,-1,-1,-1,-1,-1,38,63,0,25,Sporting Covilhã,FC Arouca,1.53,1.26,1.0,1.0,0.75,1.25,63,38,0.0,0.0,0.0,38,True,False,False,False,False,False,False,LigaPro_Portugal_2a_división,,,,,2017-09-30 15:00:00
2017-2018,9,1,1,2,6,7,13,1,0,0,0,3,4,8,8,11,12,13,5,37,63,Estádio do Real SC,"Rua Cidade Desportiva, Monte Abraão, Queluz",1,0,2.85,3.24,2.7,0.0,0.0,0.0,0.0,0.0,0.0,0.0,0.0,0.0,0.0,0.0,0.0,0.0,2,1,0,0,1,1,1,1506783600,-1,0,71,0,594,-1,1,-1,-1,-1,-1,-1,-1,1,0,0,0,1,0,-1,0,0,0,0,0.0,0.0,0.0,0,0,0,0,0,0,1,1,1,0,-1,-1,0,0,-1,-1,-1,-1,-1,-1,-1,-1,-1,54,88,0,25,Real SC,Famalicão,1.16,0.74,1.5,0.67,0.86,1.63,46,13,0.0,0.0,0.0,38,True,True,False,False,False,False,True,LigaPro_Portugal_2a_división,,,,,2017-09-30 15:00:00
2017-2018,9,2,0,2,5,8,13,4,3,0,0,6,9,4,6,10,15,23,17,38,62,Estádio Municipal José Martins Vieira,"Estrada do Brejo, Cova da Piedade, Almada",4,3,2.48,3.24,3.15,0.0,0.0,0.0,0.0,0.0,0.0,0.0,0.0,0.0,0.0,0.0,0.0,0.0,2,2,0,0,0,0,2,1506783600,1036,0,38,0,786,-1,1,-1,-1,-1,-1,-1,-1,1,1,3,2,2,5,-1,0,0,0,0,0.0,0.0,0.0,0,0,0,0,0,0,1,1,1,0,-1,-1,0,0,-1,-1,-1,-1,-1,-1,-1,-1,-1,63,88,0,50,Cova Piedade,Leixões,1.95,0.89,1.5,1.0,1.13,1.86,38,13,0.0,0.0,0.0,38,True,True,False,False,False,False,False,LigaPro_Portugal_2a_división,,,,,2017-09-30 15:00:00
2017-2018,9,0,1,1,5,3,8,2,3,1,0,5,5,8,6,13,11,22,14,50,50,Estádio Varzim Sport Club,"Rua do Varzim Sport Club, Póvoa de Varzim",4,3,1.81,3.62,5.0,0.0,0.0,0.0,0.0,0.0,0.0,0.0,0.0,0.0,0.0,0.0,0.0,0.0,1,0,0,0,1,1,0,1506783600,1038,0,29,0,949,-1,1,-1,-1,-1,-1,-1,-1,0,1,3,2,1,5,-1,0,0,0,0,0.0,0.0,0.0,0,0,0,0,0,0,1,1,0,0,-1,-1,0,0,-1,-1,-1,-1,-1,-1,-1,-1,-1,25,54,0,59,Varzim,UD Oliveirense,1.68,1.16,2.0,0.67,1.38,0.86,75,46,0.0,0.0,0.0,38,True,False,False,False,False,False,False,LigaPro_Portugal_2a_división,,,,,2017-09-30 15:00:00
2017-2018,9,0,0,0,2,1,3,4,1,0,1,4,3,7,6,11,9,17,13,65,35,Estádio do Centro Desportivo da Madeira,"VE4 65, Madeira",4,3,2.05,3.44,3.97,0.0,0.0,0.0,0.0,0.0,0.0,0.0,0.0,0.0,0.0,0.0,0.0,0.0,0,0,0,0,0,0,0,1506783600,-1,0,50,0,642,-1,1,-1,-1,-1,-1,-1,-1,3,2,1,0,5,1,-1,0,0,0,0,0.0,0.0,0.0,0,0,0,0,0,0,1,1,0,0,-1,-1,0,0,-1,-1,-1,-1,-1,-1,-1,-1,-1,63,100,38,75,CF União,FC Penafiel,1.58,1.42,1.75,0.25,1.13,1.14,38,0,0.0,0.0,0.0,38,False,False,False,False,False,False,False,LigaPro_Portugal_2a_división,,,,,2017-09-30 15:00:00
2017-2018,9,4,1,5,4,6,10,3,1,0,1,6,8,7,3,13,11,21,17,47,53,Estádio Municipal do Fontelo,"Avenida José Relvas, Viseu",3,3,2.05,3.49,3.91,0.0,0.0,0.0,0.0,0.0,0.0,0.0,0.0,0.0,0.0,0.0,0.0,0.0,5,2,1,2,0,2,3,1506783600,1032,0,59,0,1077,-1,1,-1,-1,-1,-1,-1,-1,1,2,2,0,3,2,-1,0,0,0,0,0.0,0.0,0.0,0,0,0,0,0,0,1,1,1,0,-1,-1,0,1,-1,-1,-1,-1,-1,-1,-1,-1,-1,71,71,13,75,Academico Viseu,Porto II,1.68,1.11,3.0,1.33,2.29,2.0,29,29,0.0,0.0,0.0,38,True,True,True,True,True,False,True,LigaPro_Portugal_2a_división,,,,,2017-09-30 15:00:00
2017-2018,9,4,3,7,3,6,9,3,2,0,0,6,6,6,8,12,14,16,23,43,57,CGD Stadium Aurélio Pereira,", Alcochete",3,2,2.7,3.35,2.76,0.0,0.0,0.0,0.0,0.0,0.0,0.0,0.0,0.0,0.0,0.0,0.0,0.0,7,2,1,2,2,4,3,1506787200,1029,0,59,0,146,-1,1,-1,-1,-1,-1,-1,-1,0,0,3,2,0,5,-1,0,0,0,0,0.0,0.0,0.0,1,0,1,0,0,0,1,1,0,0,-1,-1,0,0,-1,-1,-1,-1,-1,-1,-1,-1,-1,59,71,13,42,Sporting CP II,Santa Clara,1.26,1.42,1.0,2.25,1.25,2.25,42,29,0.0,0.0,0.0,38,True,True,True,True,True,True,True,LigaPro_Portugal_2a_división,,,,,2017-09-30 16:00:00
2017-2018,10,1,0,1,6,1,7,3,2,1,1,7,3,8,3,15,6,23,18,60,40,Estádio Municipal de Arouca,"Afonso Pinto Magalhães Valdasna, Arouca",5,4,1.95,3.37,4.52,0.0,2.25,0.0,0.0,0.0,0.0,0.0,0.0,0.0,0.0,0.0,0.0,0.0,1,0,0,1,0,1,0,1508667300,167,0,43,0,1065,-1,1,-1,-1,-1,-1,-1,-1,1,1,3,2,2,5,-1,0,0,0,0,0.0,0.0,0.0,0,0,0,0,0,0,1,1,0,0,-1,-1,0,0,-1,-1,-1,-1,-1,-1,-1,-1,-1,23,65,10,33,FC Arouca,Gil Vicente,1.84,0.89,1.5,1.6,1.11,1.56,78,35,0.0,0.0,0.0,38,True,False,False,False,False,False,False,LigaPro_Portugal_2a_división,,,,,2017-10-22 10:15:00
2017-2018,10,2,1,3,10,3,13,3,1,0,0,10,6,11,5,21,11,12,12,67,33,Caixa Futebol Campus,", Seixal",3,1,2.12,3.47,3.7,0.0,1.95,0.0,0.0,0.0,0.0,0.0,0.0,0.0,0.0,0.0,0.0,0.0,3,0,1,2,0,2,1,1508680800,1031,0,75,0,642,-1,1,-1,-1,-1,-1,-1,-1,2,0,1,1,2,2,-1,0,0,0,0,0.0,0.0,0.0,0,0,0,0,0,0,1,1,0,0,-1,-1,1,0,-1,-1,-1,-1,-1,-1,-1,-1,-1,50,88,13,75,Benfica II,CF União,1.58,0.74,2.0,0.5,1.33,1.11,50,13,0.0,0.0,0.0,38,True,True,True,False,False,False,True,LigaPro_Portugal_2a_división,,,,,2017-10-22 14:00:00
2017-2018,10,0,1,1,8,4,12,1,5,0,0,4,4,9,6,13,10,12,18,58,42,Estádio 1º de Maio,", Braga",1,5,2.14,3.4,3.73,0.0,2.04,0.0,0.0,0.0,0.0,0.0,0.0,0.0,0.0,0.0,0.0,0.0,1,0,0,0,1,1,0,1508598000,1026,0,90,0,330,-1,1,-1,-1,-1,-1,-1,-1,1,2,0,3,3,3,-1,0,0,0,0,0.0,0.0,0.0,0,0,0,0,0,0,1,1,0,0,-1,-1,0,0,-1,-1,-1,-1,-1,-1,-1,-1,-1,58,100,23,78,Sporting Braga II,Sporting Covilhã,1.21,0.95,1.2,0.5,0.89,1.0,43,0,0.0,0.0,0.0,38,True,False,False,False,False,False,False,LigaPro_Portugal_2a_división,,,,,2017-10-21 15:00:00
2017-2018,10,0,1,1,6,1,7,4,3,0,0,4,2,6,5,10,7,19,19,52,48,Estádio Municipal 22 de Junho,"Alameda dos Bargos, Vila Nova de Famalicão",4,3,2.51,3.19,3.14,0.0,2.25,0.0,0.0,0.0,0.0,0.0,0.0,0.0,0.0,0.0,0.0,0.0,1,0,1,0,0,0,1,1508598000,1032,0,45,0,1996,-1,1,-1,-1,-1,-1,-1,-1,1,1,3,2,2,5,-1,0,0,0,0,0.0,0.0,0.0,0,0,0,0,0,0,1,1,0,0,-1,-1,0,0,-1,-1,-1,-1,-1,-1,-1,-1,-1,35,68,23,65,Famalicão,Academico Viseu,1.79,1.68,2.2,1.0,1.56,2.11,65,33,0.0,0.0,0.0,38,True,False,False,False,False,False,False,LigaPro_Portugal_2a_división,,,,,2017-10-21 15:00:00
2017-2018,10,2,1,3,6,4,10,3,4,0,0,8,5,10,5,18,10,13,18,58,42,Estádio da Madeira,"Rua do Esmeraldo, nº 46, Ilha da Madeira",3,4,1.95,3.56,4.22,0.0,1.89,0.0,0.0,0.0,0.0,0.0,0.0,0.0,0.0,0.0,0.0,0.0,3,0,1,2,0,2,1,1508598000,163,0,38,0,1354,-1,1,-1,-1,-1,-1,-1,-1,0,2,3,2,2,5,-1,0,0,0,0,0.0,0.0,0.0,0,0,0,0,0,0,1,1,0,0,-1,-1,0,1,-1,-1,-1,-1,-1,-1,-1,-1,-1,50,88,0,50,CD Nacional,Cova Piedade,2.11,0.74,1.75,0.75,1.56,1.33,50,13,0.0,0.0,0.0,38,True,True,True,False,False,False,True,LigaPro_Portugal_2a_división,,,,,2017-10-21 15:00:00
2017-2018,10,1,1,2,3,10,13,2,4,0,0,7,6,4,5,11,11,21,6,45,55,Estádio Municipal de Aveiro,"Parque da Cidade, Taboeira, Aveiro",2,4,2.07,3.45,3.89,0.0,2.0,0.0,0.0,0.0,0.0,0.0,0.0,0.0,0.0,0.0,0.0,0.0,2,1,0,0,1,1,1,1508598000,-1,0,53,0,241,-1,1,-1,-1,-1,-1,-1,-1,1,1,1,3,2,4,-1,0,0,0,0,0.0,0.0,0.0,0,0,0,0,0,0,1,1,1,0,-1,-1,0,0,-1,-1,-1,-1,-1,-1,-1,-1,-1,78,100,48,90,UD Oliveirense,Real SC,1.42,0.53,1.4,0.75,1.33,1.11,23,0,0.0,0.0,0.0,38,True,True,False,False,False,False,True,LigaPro_Portugal_2a_división,,,,,2017-10-21 15:00:00
2017-2018,10,4,1,5,8,8,16,3,2,0,0,6,2,0,0,6,2,15,17,46,54,Estádio Municipal 25 de Abril,"Rua Futebol Clube de Penafiel, Penafiel",3,2,2.17,3.44,3.58,0.0,1.95,0.0,0.0,0.0,0.0,0.0,0.0,0.0,0.0,0.0,0.0,0.0,5,0,1,4,0,4,1,1508580900,182,0,65,0,446,-1,1,-1,-1,-1,-1,-1,-1,1,0,2,2,1,4,-1,0,0,0,0,0.0,0.0,0.0,0,0,0,0,0,0,1,1,0,0,-1,-1,0,0,-1,-1,-1,-1,-1,-1,-1,-1,-1,53,75,20,45,FC Penafiel,Sporting CP II,1.84,0.95,2.0,1.4,1.11,1.44,48,25,0.0,0.0,0.0,38,True,True,True,True,True,False,True,LigaPro_Portugal_2a_división,,,,,2017-10-21 10:15:00
2017-2018,10,3,0,3,4,1,5,2,3,0,0,5,2,7,10,12,12,12,15,38,62,Estádio Dr. Jorge Sampaio,"Rua da Paradela, Pedroso, Vila Nova de Gaia",2,3,2.0,3.55,4.02,0.0,1.89,0.0,0.0,0.0,0.0,0.0,0.0,0.0,0.0,0.0,0.0,0.0,3,1,0,2,0,2,1,1508684400,1037,0,80,0,649,-1,1,-1,-1,-1,-1,-1,-1,1,2,1,1,3,2,-1,0,0,0,0,0.0,0.0,0.0,0,0,0,0,0,0,1,1,0,0,-1,-1,0,0,-1,-1,-1,-1,-1,-1,-1,-1,-1,80,90,43,78,Porto II,Varzim,1.95,0.95,2.4,0.75,1.78,1.22,20,10,0.0,0.0,0.0,38,True,True,True,False,False,False,False,LigaPro_Portugal_2a_división,,,,,2017-10-22 15:00:00
2017-2018,10,1,0,1,4,2,6,3,2,0,0,5,2,8,6,13,8,17,12,43,57,Estádio do Mar,"Lugar da Cruz de Pau, Matosinhos",3,2,2.22,3.31,3.61,0.0,2.29,0.0,0.0,0.0,0.0,0.0,0.0,0.0,0.0,0.0,0.0,0.0,1,1,0,0,0,0,1,1508598000,1030,0,45,0,1110,-1,1,-1,-1,-1,-1,-1,-1,0,1,3,1,1,4,-1,0,0,0,0,0.0,0.0,0.0,0,0,0,0,0,0,1,1,0,0,-1,-1,0,0,-1,-1,-1,-1,-1,-1,-1,-1,-1,65,78,10,78,Leixões,Associação Académica de Coimbra OAF,2.05,1.53,3.0,0.8,1.78,1.22,35,23,0.0,0.0,0.0,38,True,False,False,False,False,False,False,LigaPro_Portugal_2a_división,,,,,2017-10-21 15:00:00
2017-2018,10,1,0,1,3,6,9,2,0,0,0,5,5,7,3,12,8,16,11,54,46,"Estádio de São Miguel (Ponta Delgada, Ilha de São Miguel, Açores)","Rua Comandante Jaime de Sousa 21, Ponta Delgada, Ilha de São Miguel, Açores",2,0,1.6,4.04,6.44,0.0,1.95,0.0,0.0,0.0,0.0,0.0,0.0,0.0,0.0,0.0,0.0,0.0,1,0,0,1,0,1,0,1508684400,1028,0,70,0,1982,-1,1,-1,-1,-1,-1,-1,-1,0,0,2,0,0,2,-1,0,0,0,0,0.0,0.0,0.0,0,0,0,0,0,0,1,1,0,0,-1,-1,0,0,-1,-1,-1,-1,-1,-1,-1,-1,-1,90,90,45,68,Santa Clara,Vitória Guimarães II,2.05,1.26,2.25,0.6,2.0,0.89,10,10,0.0,0.0,0.0,38,True,False,False,False,False,False,False,LigaPro_Portugal_2a_división,,,,,2017-10-22 15:00:00
2017-2018,11,4,1,5,3,4,7,2,1,0,0,8,3,8,6,16,9,23,13,48,52,Estádio EFAPEL,"Rua Dom Manuel I, Coimbra",2,1,2.33,3.17,3.5,0.0,0.0,0.0,0.0,0.0,0.0,0.0,0.0,0.0,0.0,0.0,0.0,0.0,5,2,0,2,1,3,2,1509228000,179,0,38,0,2323,-1,1,-1,-1,-1,-1,-1,-1,0,0,2,1,0,3,-1,0,0,0,0,0.0,0.0,0.0,0,0,0,0,0,0,1,1,1,0,-1,-1,0,0,-1,-1,-1,-1,-1,-1,-1,-1,-1,35,70,25,55,Associação Académica de Coimbra OAF,FC Arouca,1.79,1.26,1.75,0.8,1.1,1.3,65,30,0.0,0.0,0.0,38,True,True,True,True,True,False,True,LigaPro_Portugal_2a_división,,,,,2017-10-28 22:00:00
2017-2018,11,2,1,3,4,5,9,0,1,0,0,3,4,4,5,7,9,12,10,41,59,Complexo Desportivo da Covilhã (Covilhã),"Centro Civico, Covilhã",0,1,2.37,3.29,3.29,0.0,0.0,0.0,0.0,0.0,0.0,0.0,0.0,0.0,0.0,0.0,0.0,0.0,3,1,0,1,1,2,1,1509228000,1026,0,68,0,323,-1,1,-1,-1,-1,-1,-1,-1,0,1,0,0,1,0,-1,0,0,0,0,0.0,0.0,0.0,0,0,0,0,0,0,1,1,1,0,-1,-1,0,0,-1,-1,-1,-1,-1,-1,-1,-1,-1,58,68,13,60,Sporting Covilhã,Porto II,1.53,1.11,1.4,1.0,1.2,1.9,43,33,0.0,0.0,0.0,38,True,True,True,False,False,False,True,LigaPro_Portugal_2a_división,,,,,2017-10-28 22:00:00
2017-2018,11,0,0,0,1,3,4,3,3,0,0,5,3,3,4,8,7,17,18,51,49,Estádio Municipal José Martins Vieira,"Estrada do Brejo, Cova da Piedade, Almada",3,3,2.95,3.14,2.68,0.0,0.0,0.0,0.0,0.0,0.0,0.0,0.0,0.0,0.0,0.0,0.0,0.0,0,0,0,0,0,0,0,1509228000,-1,0,30,0,877,-1,1,-1,-1,-1,-1,-1,-1,0,0,3,3,0,6,-1,0,0,0,0,0.0,0.0,0.0,0,0,0,0,0,0,1,1,0,0,-1,-1,0,0,-1,-1,-1,-1,-1,-1,-1,-1,-1,40,70,20,60,Cova Piedade,Academico Viseu,1.95,1.68,1.8,1.4,1.2,2.2,60,30,0.0,0.0,0.0,38,False,False,False,False,False,False,False,LigaPro_Portugal_2a_división,,,,,2017-10-28 22:00:00
2017-2018,11,4,0,4,4,1,5,1,4,1,0,9,4,7,6,16,10,22,19,45,55,Estádio Cidade de Barcelos,"strada Nacional 103, Vila Boa, Barcelos",2,4,2.41,3.34,3.16,0.0,0.0,0.0,0.0,0.0,0.0,0.0,0.0,0.0,0.0,0.0,0.0,0.0,4,3,0,1,0,1,3,1509228000,183,0,45,0,1155,-1,1,-1,-1,-1,-1,-1,-1,0,1,2,3,1,5,-1,0,0,0,0,0.0,0.0,0.0,0,0,0,0,0,0,1,1,1,0,-1,-1,0,0,-1,-1,-1,-1,-1,-1,-1,-1,-1,58,68,25,58,Gil Vicente,Benfica II,1.0,1.0,1.5,0.8,1.4,1.5,43,33,0.0,0.0,0.0,38,True,True,True,True,False,False,False,LigaPro_Portugal_2a_división,,,,,2017-10-28 22:00:00
2017-2018,11,1,3,4,7,2,9,5,4,0,0,6,8,7,1,13,9,13,15,54,46,Estádio do Real SC,"Rua Cidade Desportiva, Monte Abraão, Queluz",5,4,2.49,3.32,3.05,0.0,0.0,0.0,0.0,0.0,0.0,0.0,0.0,0.0,0.0,0.0,0.0,0.0,4,1,2,0,1,1,3,1509228000,1035,0,65,0,328,-1,1,-1,-1,-1,-1,-1,-1,1,0,4,4,1,8,-1,0,0,0,0,0.0,0.0,0.0,0,0,0,0,0,0,1,1,0,0,-1,-1,0,0,-1,-1,-1,-1,-1,-1,-1,-1,-1,43,78,13,68,Real SC,Sporting Braga II,1.16,1.11,1.4,0.5,1.1,0.8,58,23,0.0,0.0,0.0,38,True,True,True,True,False,False,True,LigaPro_Portugal_2a_división,,,,,2017-10-28 22:00:00
2017-2018,11,1,2,3,3,13,16,2,4,0,0,6,9,3,7,9,16,17,14,39,61,Estádio Dom Afonso Henriques,"Rua de São Gonçalo 505, Guimarães",2,4,2.59,3.23,2.99,0.0,0.0,0.0,0.0,0.0,0.0,0.0,0.0,0.0,0.0,0.0,0.0,0.0,3,1,0,0,2,2,1,1509228000,1033,0,63,0,2132,-1,1,-1,-1,-1,-1,-1,-1,0,2,2,2,2,4,-1,0,0,0,0,0.0,0.0,0.0,0,0,0,0,0,0,1,1,1,0,-1,-1,0,0,-1,-1,-1,-1,-1,-1,-1,-1,-1,38,88,13,50,Vitória Guimarães II,Famalicão,1.37,0.74,1.25,0.75,0.8,1.4,63,13,0.0,0.0,0.0,38,True,True,True,False,False,False,True,LigaPro_Portugal_2a_división,,,,,2017-10-28 22:00:00
2017-2018,11,1,1,2,7,6,13,2,3,0,0,5,3,5,4,10,7,16,16,57,43,CGD Stadium Aurélio Pereira,", Alcochete",2,3,2.22,3.46,3.44,0.0,0.0,0.0,0.0,0.0,0.0,0.0,0.0,0.0,0.0,0.0,0.0,0.0,2,1,1,0,0,0,2,1509228000,-1,0,58,0,286,-1,1,-1,-1,-1,-1,-1,-1,0,0,2,3,0,5,-1,0,0,0,0,0.0,0.0,0.0,0,1,0,1,0,0,1,1,0,0,-1,-1,0,0,-1,-1,-1,-1,-1,-1,-1,-1,-1,68,88,23,55,Sporting CP II,Leixões,1.26,0.89,1.5,0.8,1.3,1.9,33,13,0.0,0.0,0.0,38,True,True,False,False,False,False,True,LigaPro_Portugal_2a_división,,,,,2017-10-28 22:00:00
2017-2018,11,0,0,0,3,4,7,3,1,1,0,3,4,3,4,6,8,20,18,47,53,Estádio Varzim Sport Club,"Rua do Varzim Sport Club, Póvoa de Varzim",4,1,2.9,3.2,2.68,0.0,0.0,0.0,0.0,0.0,0.0,0.0,0.0,0.0,0.0,0.0,0.0,0.0,0,0,0,0,0,0,0,1509228000,-1,0,40,0,988,-1,1,-1,-1,-1,-1,-1,-1,1,0,3,1,1,4,-1,0,0,0,0,0.0,0.0,0.0,0,0,0,0,0,0,1,1,0,0,-1,-1,0,0,-1,-1,-1,-1,-1,-1,-1,-1,-1,50,70,20,50,Varzim,CD Nacional,1.68,1.63,1.6,1.4,1.1,1.7,50,30,0.0,0.0,0.0,38,False,False,False,False,False,False,False,LigaPro_Portugal_2a_división,,,,,2017-10-28 22:00:00
2017-2018,11,1,0,1,2,2,4,2,2,0,0,4,2,2,5,6,7,10,12,50,50,Estádio do Centro Desportivo da Madeira,"VE4 65, Madeira",2,2,2.05,3.45,3.97,0.0,0.0,0.0,0.0,0.0,0.0,0.0,0.0,0.0,0.0,0.0,0.0,0.0,1,1,0,0,0,0,1,1509228000,178,0,23,0,834,-1,1,-1,-1,-1,-1,-1,-1,0,1,2,1,1,3,-1,0,0,0,0,0.0,0.0,0.0,0,0,0,0,0,0,1,1,0,0,-1,-1,0,0,-1,-1,-1,-1,-1,-1,-1,-1,-1,20,53,20,55,CF União,UD Oliveirense,1.58,1.16,1.6,1.25,1.0,1.3,80,48,0.0,0.0,0.0,38,True,False,False,False,False,False,False,LigaPro_Portugal_2a_división,,,,,2017-10-28 22:00:00
2017-2018,11,1,2,3,6,6,12,2,4,0,0,5,2,2,4,7,6,19,21,58,42,"Estádio de São Miguel (Ponta Delgada, Ilha de São Miguel, Açores)","Rua Comandante Jaime de Sousa 21, Ponta Delgada, Ilha de São Miguel, Açores",2,4,1.69,3.68,6.0,0.0,0.0,0.0,0.0,0.0,0.0,0.0,0.0,0.0,0.0,0.0,0.0,0.0,3,1,0,0,2,2,1,1509228000,182,0,70,0,2553,-1,1,-1,-1,-1,-1,-1,-1,0,2,2,2,2,4,-1,0,0,0,0,0.0,0.0,0.0,0,0,0,0,0,0,1,1,0,0,-1,-1,0,0,-1,-1,-1,-1,-1,-1,-1,-1,-1,70,80,30,60,Santa Clara,FC Penafiel,2.05,1.42,2.4,0.4,2.1,1.3,30,20,0.0,0.0,0.0,38,True,True,True,False,False,False,True,LigaPro_Portugal_2a_división,,,,,2017-10-28 22:00:00
2017-2018,12,1,0,1,5,6,11,4,1,0,0,4,5,8,6,12,11,17,14,51,49,Estádio Municipal de Arouca,"Afonso Pinto Magalhães Valdasna, Arouca",4,1,2.09,3.2,4.17,0.0,0.0,0.0,0.0,0.0,0.0,0.0,0.0,0.0,0.0,0.0,0.0,0.0,1,1,0,0,0,0,1,1509490800,167,0,50,0,970,-1,1,-1,-1,-1,-1,-1,-1,0,0,4,1,0,5,-1,0,0,0,0,0.0,0.0,0.0,0,0,0,0,0,0,1,1,1,0,-1,-1,0,0,-1,-1,-1,-1,-1,-1,-1,-1,-1,30,60,0,50,FC Arouca,CF União,1.84,0.74,1.8,0.4,1.18,1.18,70,40,0.0,0.0,0.0,38,True,False,False,False,False,False,False,LigaPro_Portugal_2a_división,,,,,2017-10-31 23:00:00
2017-2018,12,1,3,4,12,5,17,2,3,0,1,3,3,8,4,11,7,24,11,58,42,Caixa Futebol Campus,", Seixal",2,5,2.46,3.54,2.93,0.0,0.0,0.0,0.0,0.0,0.0,0.0,0.0,0.0,0.0,0.0,0.0,0.0,4,1,1,0,2,2,2,1509490800,1028,0,70,0,566,-1,1,-1,-1,-1,-1,-1,-1,0,2,2,2,2,4,-1,0,0,0,0,0.0,0.0,0.0,0,1,0,1,0,0,1,1,0,0,-1,-1,0,0,-1,-1,-1,-1,-1,-1,-1,-1,-1,70,90,30,70,Benfica II,Santa Clara,1.58,1.42,2.2,1.8,1.36,1.91,30,10,0.0,0.0,0.0,38,True,True,True,True,False,False,True,LigaPro_Portugal_2a_división,,,,,2017-10-31 23:00:00
2017-2018,12,1,0,1,1,8,9,2,0,0,0,2,3,3,13,5,16,13,13,37,63,Estádio 1º de Maio,", Braga",2,0,2.34,3.48,3.16,0.0,0.0,0.0,0.0,0.0,0.0,0.0,0.0,0.0,0.0,0.0,0.0,0.0,1,1,0,0,0,0,1,1509490800,1035,0,74,0,410,-1,1,-1,-1,-1,-1,-1,-1,0,0,2,0,0,2,-1,0,0,0,0,0.0,0.0,0.0,0,0,0,0,0,0,1,1,0,0,-1,-1,0,0,-1,-1,-1,-1,-1,-1,-1,-1,-1,67,92,19,74,Sporting Braga II,Varzim,1.21,0.95,1.0,0.6,1.0,1.09,34,9,0.0,0.0,0.0,38,True,False,False,False,False,False,False,LigaPro_Portugal_2a_división,,,,,2017-10-31 23:00:00
2017-2018,12,3,0,3,3,9,12,3,4,0,0,6,5,4,4,10,9,16,16,45,55,Estádio Municipal 22 de Junho,"Alameda dos Bargos, Vila Nova de Famalicão",3,4,0.0,0.0,0.0,0.0,0.0,0.0,0.0,0.0,0.0,0.0,0.0,0.0,0.0,0.0,0.0,0.0,3,2,0,1,0,1,2,1509490800,1033,0,47,0,3125,-1,1,-1,-1,-1,-1,-1,-1,1,1,2,3,2,5,-1,0,0,0,0,0.0,0.0,0.0,0,0,0,0,0,0,1,1,0,0,-1,-1,0,0,-1,-1,-1,-1,-1,-1,-1,-1,-1,39,65,9,72,Famalicão,Cova Piedade,1.79,0.74,1.83,0.6,1.55,1.18,62,35,0.0,0.0,0.0,38,True,True,True,False,False,False,False,LigaPro_Portugal_2a_división,,,,,2017-10-31 23:00:00
2017-2018,12,1,1,2,5,0,5,2,5,1,1,8,0,6,4,14,4,17,30,66,34,Estádio da Madeira,"Rua do Esmeraldo, nº 46, Ilha da Madeira",4,7,0.0,0.0,0.0,0.0,0.0,0.0,0.0,0.0,0.0,0.0,0.0,0.0,0.0,0.0,0.0,0.0,2,0,1,1,0,1,1,1509490800,-1,0,62,0,1178,-1,1,-1,-1,-1,-1,-1,-1,1,1,2,5,2,7,-1,0,0,0,0,0.0,0.0,0.0,0,0,0,0,0,0,1,1,0,1,-1,-1,0,0,-1,-1,-1,-1,-1,-1,-1,-1,-1,72,100,17,55,CD Nacional,Sporting CP II,2.11,0.95,2.0,1.17,1.64,1.27,29,0,0.0,0.0,0.0,38,True,True,False,False,False,False,True,LigaPro_Portugal_2a_división,,,,,2017-10-31 23:00:00
2017-2018,12,3,1,4,5,11,16,1,5,0,0,3,10,1,4,4,14,13,16,57,43,Estádio Dr. Jorge Sampaio,"Rua da Paradela, Pedroso, Vila Nova de Gaia",1,5,1.84,3.87,4.4,0.0,0.0,0.0,0.0,0.0,0.0,0.0,0.0,0.0,0.0,0.0,0.0,0.0,4,2,0,1,1,2,2,1509490800,1037,0,45,0,209,-1,1,-1,-1,-1,-1,-1,-1,0,0,1,5,0,6,-1,0,0,0,0,0.0,0.0,0.0,0,1,0,1,0,0,1,1,1,0,-1,-1,0,0,-1,-1,-1,-1,-1,-1,-1,-1,-1,64,92,55,92,Porto II,Real SC,1.95,0.53,2.5,0.8,1.73,1.0,37,9,0.0,0.0,0.0,38,True,True,True,True,False,False,True,LigaPro_Portugal_2a_división,,,,,2017-10-31 23:00:00
2017-2018,12,0,2,2,4,4,8,3,3,0,0,5,7,3,12,8,19,22,21,50,50,Estádio Municipal de Aveiro,"Parque da Cidade, Taboeira, Aveiro",3,3,3.18,3.3,2.42,0.0,0.0,0.0,0.0,0.0,0.0,0.0,0.0,0.0,0.0,0.0,0.0,0.0,2,0,0,0,2,2,0,1509490800,179,0,58,0,483,-1,1,-1,-1,-1,-1,-1,-1,0,1,3,2,1,5,-1,0,0,0,0,0.0,0.0,0.0,0,0,0,0,0,0,1,1,0,0,-1,-1,0,1,-1,-1,-1,-1,-1,-1,-1,-1,-1,67,84,17,83,UD Oliveirense,Associação Académica de Coimbra OAF,1.42,1.53,1.33,0.67,1.18,1.27,33,17,0.0,0.0,0.0,38,True,True,False,False,False,False,False,LigaPro_Portugal_2a_división,,,,,2017-10-31 23:00:00
2017-2018,12,0,0,0,3,5,8,2,3,0,0,11,5,7,2,18,7,14,16,54,46,Estádio Municipal do Fontelo,"Avenida José Relvas, Viseu",2,3,1.95,3.36,4.57,0.0,0.0,0.0,0.0,0.0,0.0,0.0,0.0,0.0,0.0,0.0,0.0,0.0,0,0,0,0,0,0,0,1509490800,-1,0,70,0,1081,-1,1,-1,-1,-1,-1,-1,-1,0,0,2,3,0,5,-1,0,0,0,0,0.0,0.0,0.0,0,0,0,0,0,0,1,1,0,0,-1,-1,0,0,-1,-1,-1,-1,-1,-1,-1,-1,-1,70,80,30,60,Academico Viseu,Sporting Covilhã,1.68,0.95,3.0,1.0,2.09,1.36,30,20,0.0,0.0,0.0,38,False,False,False,False,False,False,False,LigaPro_Portugal_2a_división,,,,,2017-10-31 23:00:00
2017-2018,12,0,0,0,5,4,9,2,1,1,0,4,4,8,7,12,11,18,22,44,56,Estádio Municipal 25 de Abril,"Rua Futebol Clube de Penafiel, Penafiel",4,1,0.0,0.0,0.0,0.0,0.0,0.0,0.0,0.0,0.0,0.0,0.0,0.0,0.0,0.0,0.0,0.0,0,0,0,0,0,0,0,1509490800,-1,0,55,0,946,-1,1,-1,-1,-1,-1,-1,-1,2,1,1,0,3,1,-1,0,0,0,0,0.0,0.0,0.0,0,0,0,0,0,0,1,1,0,0,-1,-1,0,0,-1,-1,-1,-1,-1,-1,-1,-1,-1,29,64,9,47,FC Penafiel,Gil Vicente,1.84,0.89,2.2,1.33,1.45,1.55,72,37,0.0,0.0,0.0,38,False,False,False,False,False,False,False,LigaPro_Portugal_2a_división,,,,,2017-10-31 23:00:00
2017-2018,12,3,2,5,2,4,6,4,3,0,0,4,5,6,4,10,9,13,20,55,45,Estádio do Mar,"Lugar da Cruz de Pau, Matosinhos",4,3,0.0,0.0,0.0,0.0,0.0,0.0,0.0,0.0,0.0,0.0,0.0,0.0,0.0,0.0,0.0,0.0,5,0,2,3,0,3,2,1509490800,1030,0,37,0,1306,-1,1,-1,-1,-1,-1,-1,-1,1,0,3,3,1,6,-1,0,0,0,0,0.0,0.0,0.0,0,0,0,0,0,0,1,1,0,0,-1,-1,0,0,-1,-1,-1,-1,-1,-1,-1,-1,-1,54,64,17,65,Leixões,Vitória Guimarães II,2.05,1.26,3.0,0.5,1.82,0.73,47,37,0.0,0.0,0.0,38,True,True,True,True,True,False,True,LigaPro_Portugal_2a_división,,,,,2017-10-31 23:00:00
2017-2018,13,1,0,1,3,8,11,0,3,0,1,4,4,9,1,13,5,23,11,42,58,Estádio EFAPEL,"Rua Dom Manuel I, Coimbra",0,4,2.52,3.25,3.07,0.0,0.0,0.0,0.0,0.0,0.0,0.0,0.0,0.0,0.0,0.0,0.0,0.0,1,1,0,0,0,0,1,1509836400,179,0,65,0,2627,-1,1,-1,-1,-1,-1,-1,-1,0,0,0,4,0,4,-1,0,0,0,0,0.0,0.0,0.0,0,0,0,0,0,0,1,1,1,0,-1,-1,0,0,-1,-1,-1,-1,-1,-1,-1,-1,-1,55,84,47,55,Associação Académica de Coimbra OAF,CD Nacional,1.79,1.63,2.0,1.33,1.42,1.58,45,17,0.0,0.0,0.0,38,True,False,False,False,False,False,False,LigaPro_Portugal_2a_división,,,,,2017-11-04 23:00:00
2017-2018,13,3,4,7,4,11,15,3,2,1,0,2,4,4,11,6,15,20,20,51,49,Caixa Futebol Campus,", Seixal",5,2,2.07,3.52,3.79,0.0,0.0,0.0,0.0,0.0,0.0,0.0,0.0,0.0,0.0,0.0,0.0,0.0,7,2,2,1,2,3,4,1509836400,182,0,75,0,440,-1,1,-1,-1,-1,-1,-1,-1,1,1,3,1,2,4,-1,0,0,0,0,0.0,0.0,0.0,1,0,1,0,0,0,1,1,0,0,-1,-1,0,1,-1,-1,-1,-1,-1,-1,-1,-1,-1,75,92,25,75,Benfica II,FC Penafiel,1.58,1.42,1.83,0.83,1.25,1.42,25,9,0.0,0.0,0.0,38,True,True,True,True,True,True,True,LigaPro_Portugal_2a_división,,,,,2017-11-04 23:00:00
2017-2018,13,0,1,1,5,2,7,3,2,0,0,5,4,5,4,10,8,19,15,60,40,Estádio do Real SC,"Rua Cidade Desportiva, Monte Abraão, Queluz",3,2,3.59,3.2,2.28,0.0,0.0,0.0,0.0,0.0,0.0,0.0,0.0,0.0,0.0,0.0,0.0,0.0,1,0,0,0,1,1,0,1509836400,1032,0,58,0,490,-1,1,-1,-1,-1,-1,-1,-1,1,0,2,2,1,4,-1,0,0,0,0,0.0,0.0,0.0,0,0,0,0,0,0,1,1,0,0,-1,-1,0,0,-1,-1,-1,-1,-1,-1,-1,-1,-1,50,67,17,59,Real SC,Academico Viseu,1.16,1.68,1.17,1.33,0.92,2.0,50,34,0.0,0.0,0.0,38,True,False,False,False,False,False,False,LigaPro_Portugal_2a_división,,,,,2017-11-04 23:00:00
2017-2018,13,1,2,3,2,5,7,2,3,0,0,2,3,7,7,9,10,24,14,52,48,Estádio Dom Afonso Henriques,"Rua de São Gonçalo 505, Guimarães",2,3,0.0,0.0,0.0,0.0,0.0,0.0,0.0,0.0,0.0,0.0,0.0,0.0,0.0,0.0,0.0,0.0,3,1,1,0,1,1,2,1509836400,167,0,39,0,913,-1,1,-1,-1,-1,-1,-1,-1,1,1,1,2,2,3,-1,0,0,0,0,0.0,0.0,0.0,0,1,0,1,0,0,1,1,1,0,-1,-1,0,0,-1,-1,-1,-1,-1,-1,-1,-1,-1,47,65,19,74,Vitória Guimarães II,FC Arouca,1.37,1.26,1.0,0.67,0.67,1.33,54,35,0.0,0.0,0.0,38,True,True,True,False,False,False,True,LigaPro_Portugal_2a_división,,,,,2017-11-04 23:00:00
2017-2018,13,0,2,2,4,1,5,4,1,0,0,3,2,9,6,12,8,15,14,48,52,Estádio Municipal José Martins Vieira,"Estrada do Brejo, Cova da Piedade, Almada",4,1,2.09,3.3,4.01,0.0,0.0,0.0,0.0,0.0,0.0,0.0,0.0,0.0,0.0,0.0,0.0,0.0,2,0,0,0,2,2,0,1509836400,1035,0,39,0,743,-1,1,-1,-1,-1,-1,-1,-1,1,1,3,0,2,3,-1,0,0,0,0,0.0,0.0,0.0,0,0,0,0,0,0,1,1,0,0,-1,-1,0,0,-1,-1,-1,-1,-1,-1,-1,-1,-1,37,74,29,65,Cova Piedade,Sporting Braga II,1.95,1.11,1.67,1.0,1.08,1.17,64,27,0.0,0.0,0.0,38,True,True,False,False,False,False,False,LigaPro_Portugal_2a_división,,,,,2017-11-04 23:00:00
2017-2018,13,0,0,0,4,3,7,3,3,0,0,6,5,11,8,17,13,19,28,52,48,Estádio Varzim Sport Club,"Rua do Varzim Sport Club, Póvoa de Varzim",3,3,2.37,3.17,3.42,0.0,0.0,0.0,0.0,0.0,0.0,0.0,0.0,0.0,0.0,0.0,0.0,0.0,0,0,0,0,0,0,0,1509836400,-1,0,42,0,921,-1,1,-1,-1,-1,-1,-1,-1,1,2,2,1,3,3,-1,0,0,0,0,0.0,0.0,0.0,0,0,0,0,0,0,1,1,0,0,-1,-1,0,0,-1,-1,-1,-1,-1,-1,-1,-1,-1,42,59,9,42,Varzim,Sporting Covilhã,1.68,0.95,1.5,1.0,1.0,1.33,59,42,0.0,0.0,0.0,38,False,False,False,False,False,False,False,LigaPro_Portugal_2a_división,,,,,2017-11-04 23:00:00
2017-2018,13,1,2,3,4,8,12,1,3,0,0,5,6,4,3,9,9,16,17,53,47,Estádio Cidade de Barcelos,"strada Nacional 103, Vila Boa, Barcelos",1,3,2.29,3.22,3.54,0.0,0.0,0.0,0.0,0.0,0.0,0.0,0.0,0.0,0.0,0.0,0.0,0.0,3,1,0,0,2,2,1,1509836400,1033,0,60,0,2018,-1,1,-1,-1,-1,-1,-1,-1,0,2,1,1,2,2,-1,0,0,0,0,0.0,0.0,0.0,1,0,1,0,0,0,1,1,0,0,-1,-1,0,1,-1,-1,-1,-1,-1,-1,-1,-1,-1,60,90,30,60,Gil Vicente,Famalicão,1.0,0.74,1.8,1.2,1.5,1.67,40,10,0.0,0.0,0.0,38,True,True,True,False,False,False,True,LigaPro_Portugal_2a_división,,,,,2017-11-04 23:00:00
2017-2018,13,1,1,2,4,4,8,2,1,0,0,6,3,3,4,9,7,19,15,59,41,"Estádio de São Miguel (Ponta Delgada, Ilha de São Miguel, Açores)","Rua Comandante Jaime de Sousa 21, Ponta Delgada, Ilha de São Miguel, Açores",2,1,1.79,3.59,5.2,0.0,0.0,0.0,0.0,0.0,0.0,0.0,0.0,0.0,0.0,0.0,0.0,0.0,2,1,1,0,0,0,2,1509836400,-1,0,67,0,2975,-1,1,-1,-1,-1,-1,-1,-1,1,0,1,1,1,2,-1,0,0,0,0,0.0,0.0,0.0,0,0,0,0,0,0,1,1,0,0,-1,-1,0,0,-1,-1,-1,-1,-1,-1,-1,-1,-1,67,92,33,67,Santa Clara,Leixões,2.05,0.89,2.0,0.83,2.0,1.92,34,9,0.0,0.0,0.0,38,True,True,False,False,False,False,True,LigaPro_Portugal_2a_división,,,,,2017-11-04 23:00:00
2017-2018,13,2,0,2,10,10,20,2,1,0,0,4,5,11,5,15,10,20,16,52,48,CGD Stadium Aurélio Pereira,", Alcochete",2,1,1.85,3.63,4.64,0.0,0.0,0.0,0.0,0.0,0.0,0.0,0.0,0.0,0.0,0.0,0.0,0.0,2,0,0,2,0,2,0,1509836400,1029,0,50,0,174,-1,1,-1,-1,-1,-1,-1,-1,1,0,1,1,1,2,-1,0,0,0,0,0.0,0.0,0.0,0,0,0,0,0,0,1,1,0,0,-1,-1,0,0,-1,-1,-1,-1,-1,-1,-1,-1,-1,30,50,20,60,Sporting CP II,UD Oliveirense,1.26,1.16,1.4,1.0,1.25,1.08,70,50,0.0,0.0,0.0,38,True,True,False,False,False,False,False,LigaPro_Portugal_2a_división,,,,,2017-11-04 23:00:00
2017-2018,13,1,2,3,7,4,11,2,1,1,0,6,3,1,7,7,10,9,16,48,52,Estádio do Centro Desportivo da Madeira,"VE4 65, Madeira",3,1,2.22,3.34,3.56,0.0,0.0,0.0,0.0,0.0,0.0,0.0,0.0,0.0,0.0,0.0,0.0,0.0,3,1,1,0,1,1,2,1509836400,1037,0,49,0,692,-1,1,-1,-1,-1,-1,-1,-1,1,0,2,1,1,3,-1,0,0,0,0,0.0,0.0,0.0,0,0,0,0,0,0,1,1,0,0,-1,-1,0,0,-1,-1,-1,-1,-1,-1,-1,-1,-1,57,74,27,84,CF União,Porto II,1.58,1.11,1.83,0.8,1.08,1.83,44,27,0.0,0.0,0.0,38,True,True,True,False,False,False,True,LigaPro_Portugal_2a_división,,,,,2017-11-04 23:00:00
2017-2018,14,2,0,2,1,3,4,3,3,0,0,3,3,4,4,7,7,24,15,42,58,Estádio Municipal de Arouca,"Afonso Pinto Magalhães Valdasna, Arouca",3,3,2.47,3.17,3.23,1.48,2.45,4.7,2.15,1.69,0.0,0.0,0.0,0.0,0.0,0.0,0.0,0.0,2,1,0,1,0,1,1,1511708400,167,0,42,0,830,-1,1,-1,-1,-1,-1,-1,-1,1,1,2,2,2,4,-1,0,0,0,0,0.0,0.0,0.0,0,0,0,0,0,0,1,1,0,0,-1,-1,0,0,-1,-1,-1,-1,-1,-1,-1,-1,-1,42,58,25,50,FC Arouca,Santa Clara,1.84,1.42,2.0,2.0,1.46,1.92,58,42,0.0,0.0,0.0,38,True,True,False,False,False,False,False,LigaPro_Portugal_2a_división,,,,,2017-11-26 15:00:00
2017-2018,14,1,1,2,4,6,10,2,0,0,0,9,7,9,6,18,13,11,20,55,45,Estádio 1º de Maio,", Braga",2,0,2.27,3.33,3.46,1.36,2.1,3.8,1.95,1.87,0.0,0.0,0.0,0.0,0.0,0.0,0.0,0.0,2,1,1,0,0,0,2,1511622000,-1,0,50,0,325,-1,1,-1,-1,-1,-1,-1,-1,0,0,2,0,0,2,-1,0,0,0,0,0.0,0.0,0.0,0,0,0,0,0,0,1,1,0,0,-1,-1,0,0,-1,-1,-1,-1,-1,-1,-1,-1,-1,22,64,14,50,Sporting Braga II,Gil Vicente,1.21,0.89,1.29,1.29,1.31,1.38,79,36,0.0,0.0,0.0,38,True,True,False,False,False,False,True,LigaPro_Portugal_2a_división,,,,,2017-11-25 15:00:00
2017-2018,14,0,0,0,6,4,10,3,1,0,0,3,4,3,3,6,7,13,17,54,46,Estádio Municipal José dos Santos Pinto,"Rua Viriato, Covilhã",3,1,1.76,3.69,5.27,1.34,2.05,3.6,2.0,1.8,0.0,0.0,0.0,0.0,0.0,0.0,0.0,0.0,0,0,0,0,0,0,0,1511708400,-1,0,59,0,272,-1,1,-1,-1,-1,-1,-1,-1,1,0,2,1,1,3,-1,0,0,0,0,0.0,0.0,0.0,0,0,0,0,0,0,1,1,0,0,-1,-1,0,0,-1,-1,-1,-1,-1,-1,-1,-1,-1,59,84,34,67,Sporting Covilhã,Real SC,1.53,0.53,1.67,0.67,1.31,0.85,42,17,0.0,0.0,0.0,38,False,False,False,False,False,False,False,LigaPro_Portugal_2a_división,,,,,2017-11-26 15:00:00
2017-2018,14,6,0,6,3,6,9,1,1,0,1,8,2,8,7,16,9,16,15,58,42,Estádio Municipal 22 de Junho,"Alameda dos Bargos, Vila Nova de Famalicão",1,3,2.08,3.57,3.73,1.28,1.87,3.2,1.83,2.0,0.0,0.0,0.0,0.0,0.0,0.0,0.0,0.0,6,4,0,2,0,2,4,1511608500,1033,0,58,0,1742,-1,1,-1,-1,-1,-1,-1,-1,0,1,1,1,1,2,-1,0,0,0,0,0.0,0.0,0.0,0,0,0,0,0,0,1,1,1,0,-1,-1,0,1,-1,-1,-1,-1,-1,-1,-1,-1,-1,50,79,29,72,Famalicão,Sporting CP II,1.79,0.95,2.0,1.14,1.77,1.38,50,22,0.0,0.0,0.0,38,True,True,True,True,True,True,False,LigaPro_Portugal_2a_división,,,,,2017-11-25 11:15:00
2017-2018,14,2,1,3,7,5,12,3,5,0,0,5,5,5,2,10,7,24,19,55,45,Estádio da Madeira,"Rua do Esmeraldo, nº 46, Ilha da Madeira",3,5,1.83,3.53,4.98,1.38,2.15,3.9,2.1,1.77,0.0,0.0,0.0,0.0,0.0,0.0,0.0,0.0,3,1,0,1,1,2,1,1511625600,163,0,61,0,1746,-1,1,-1,-1,-1,-1,-1,-1,1,1,2,4,2,6,-1,0,0,0,0,0.0,0.0,0.0,0,0,0,0,0,0,1,1,0,0,-1,-1,0,0,-1,-1,-1,-1,-1,-1,-1,-1,-1,47,86,7,77,CD Nacional,CF União,2.11,0.74,1.83,0.29,1.46,0.93,54,15,0.0,0.0,0.0,38,True,True,True,False,False,False,True,LigaPro_Portugal_2a_división,,,,,2017-11-25 16:00:00
2017-2018,14,1,1,2,11,0,11,4,7,0,1,7,3,10,4,17,7,20,20,62,38,Estádio Municipal de Aveiro,"Parque da Cidade, Taboeira, Aveiro",4,9,2.48,3.28,3.11,1.39,2.2,4.05,2.0,1.83,0.0,0.0,0.0,0.0,0.0,0.0,0.0,0.0,2,1,0,0,1,1,1,1511708400,-1,0,61,0,315,-1,1,-1,-1,-1,-1,-1,-1,0,2,4,6,2,10,-1,0,0,0,0,0.0,0.0,0.0,0,0,0,0,0,0,1,1,0,0,-1,-1,0,0,-1,-1,-1,-1,-1,-1,-1,-1,-1,62,92,16,69,UD Oliveirense,Cova Piedade,1.42,0.74,1.14,0.5,1.0,1.0,38,9,0.0,0.0,0.0,38,True,True,False,False,False,False,True,LigaPro_Portugal_2a_división,,,,,2017-11-26 15:00:00
2017-2018,14,1,2,3,7,7,14,1,4,0,0,2,5,5,12,7,17,13,19,53,47,Estádio Dr. Jorge Sampaio,"Rua da Paradela, Pedroso, Vila Nova de Gaia",1,4,2.13,3.49,3.64,1.29,1.91,3.2,1.8,2.0,0.0,0.0,0.0,0.0,0.0,0.0,0.0,0.0,3,0,1,1,1,2,1,1511708400,179,0,43,0,568,-1,1,-1,-1,-1,-1,-1,-1,0,1,1,3,1,4,-1,0,0,0,0,0.0,0.0,0.0,0,0,0,0,0,0,1,1,0,0,-1,-1,0,0,-1,-1,-1,-1,-1,-1,-1,-1,-1,64,79,36,79,Porto II,Associação Académica de Coimbra OAF,1.95,1.53,2.57,1.0,1.92,1.54,36,22,0.0,0.0,0.0,38,True,True,True,False,False,False,True,LigaPro_Portugal_2a_división,,,,,2017-11-26 15:00:00
2017-2018,14,0,0,0,9,4,13,2,2,0,0,5,6,11,4,16,10,18,11,54,46,Estádio do Mar,"Lugar da Cruz de Pau, Matosinhos",2,2,1.87,3.83,4.29,1.24,1.77,2.9,1.74,2.1,0.0,0.0,0.0,0.0,0.0,0.0,0.0,0.0,0,0,0,0,0,0,0,1511694900,-1,0,42,0,1124,-1,1,-1,-1,-1,-1,-1,-1,0,1,2,1,1,3,-1,0,0,0,0,0.0,0.0,0.0,0,0,0,0,0,0,1,1,0,0,-1,-1,0,0,-1,-1,-1,-1,-1,-1,-1,-1,-1,50,67,17,67,Leixões,Benfica II,2.05,1.0,3.0,0.67,1.85,1.15,50,33,0.0,0.0,0.0,38,False,False,False,False,False,False,False,LigaPro_Portugal_2a_división,,,,,2017-11-26 11:15:00
2017-2018,14,2,1,3,4,1,5,1,0,0,0,7,6,5,5,12,11,17,15,55,45,Estádio Municipal 25 de Abril,"Rua Futebol Clube de Penafiel, Penafiel",1,0,1.6,4.03,6.34,1.29,1.91,3.2,1.95,1.87,0.0,0.0,0.0,0.0,0.0,0.0,0.0,0.0,3,1,0,1,1,2,1,1511708400,182,0,47,0,853,-1,1,-1,-1,-1,-1,-1,-1,0,0,1,0,0,1,-1,0,0,0,0,0.0,0.0,0.0,0,0,0,0,0,0,1,1,0,0,-1,-1,0,0,-1,-1,-1,-1,-1,-1,-1,-1,-1,52,61,22,54,FC Penafiel,Vitória Guimarães II,1.84,1.26,2.0,0.43,1.54,0.62,48,40,0.0,0.0,0.0,38,True,True,True,False,False,False,True,LigaPro_Portugal_2a_división,,,,,2017-11-26 15:00:00
2017-2018,14,0,0,0,4,6,10,1,0,0,0,5,3,6,7,11,10,13,11,50,50,Estádio Municipal do Fontelo,"Avenida José Relvas, Viseu",1,0,1.83,3.42,5.18,1.42,2.25,4.25,2.15,1.71,0.0,0.0,0.0,0.0,0.0,0.0,0.0,0.0,0,0,0,0,0,0,0,1511708400,-1,0,59,0,1030,-1,1,-1,-1,-1,-1,-1,-1,1,0,0,0,1,0,-1,0,0,0,0,0.0,0.0,0.0,0,0,0,0,0,0,1,1,0,0,-1,-1,0,0,-1,-1,-1,-1,-1,-1,-1,-1,-1,75,75,25,67,Academico Viseu,Varzim,1.68,0.95,2.67,0.5,2.08,1.14,25,25,0.0,0.0,0.0,38,False,False,False,False,False,False,False,LigaPro_Portugal_2a_división,,,,,2017-11-26 15:00:00
2017-2018,15,1,1,2,11,3,14,3,5,0,0,9,3,10,1,19,4,17,18,59,41,Estádio EFAPEL,"Rua Dom Manuel I, Coimbra",3,5,2.21,3.18,3.8,0.0,2.14,0.0,0.0,0.0,0.0,0.0,0.0,0.0,0.0,0.0,0.0,0.0,2,1,0,0,1,1,1,1512313200,-1,0,75,0,4402,-1,1,-1,-1,-1,-1,-1,-1,0,3,3,2,3,5,-1,0,0,0,0,0.0,0.0,0.0,0,1,0,1,0,0,1,1,0,0,-1,-1,0,0,-1,-1,-1,-1,-1,-1,-1,-1,-1,50,92,25,59,Associação Académica de Coimbra OAF,Famalicão,1.79,0.74,2.17,1.5,1.64,1.86,50,9,0.0,0.0,0.0,38,True,True,False,False,False,False,True,LigaPro_Portugal_2a_división,,,,,2017-12-03 15:00:00
2017-2018,15,1,2,3,8,6,14,0,1,0,0,3,4,8,6,11,10,19,16,57,43,Estádio Cidade de Barcelos,"strada Nacional 103, Vila Boa, Barcelos",0,1,1.87,3.52,4.74,0.0,2.1,0.0,0.0,0.0,0.0,0.0,0.0,0.0,0.0,0.0,0.0,0.0,3,0,1,1,1,2,1,1512213300,1038,0,34,0,612,-1,1,-1,-1,-1,-1,-1,-1,0,0,0,1,0,1,-1,0,0,0,0,0.0,0.0,0.0,0,0,0,0,0,0,1,1,0,0,-1,-1,0,0,-1,-1,-1,-1,-1,-1,-1,-1,-1,42,58,25,67,Gil Vicente,UD Oliveirense,1.0,1.16,1.5,0.83,1.36,1.0,59,42,0.0,0.0,0.0,38,True,True,True,False,False,False,True,LigaPro_Portugal_2a_división,,,,,2017-12-02 11:15:00
2017-2018,15,5,3,8,9,4,13,5,2,0,0,7,8,4,1,11,9,15,11,51,49,Estádio do Centro Desportivo da Madeira,"VE4 65, Madeira",5,2,3.13,3.08,2.59,0.0,2.35,0.0,0.0,0.0,0.0,0.0,0.0,0.0,0.0,0.0,0.0,0.0,8,2,2,3,1,4,4,1512299700,178,0,29,0,799,-1,1,-1,-1,-1,-1,-1,-1,4,0,1,2,4,3,-1,0,0,0,0,0.0,0.0,0.0,0,1,0,1,0,0,1,1,1,1,-1,-1,0,0,-1,-1,-1,-1,-1,-1,-1,-1,-1,36,57,29,57,CF União,Academico Viseu,1.58,1.68,1.57,1.57,0.87,2.0,64,43,0.0,0.0,0.0,38,True,True,True,True,True,True,True,LigaPro_Portugal_2a_división,,,,,2017-12-03 11:15:00
2017-2018,15,1,0,1,1,8,9,1,2,0,0,2,5,8,8,10,13,8,19,46,54,Caixa Futebol Campus,", Seixal",1,2,2.73,3.23,2.82,0.0,2.04,0.0,0.0,0.0,0.0,0.0,0.0,0.0,0.0,0.0,0.0,0.0,1,1,0,0,0,0,1,1512144000,1031,0,58,0,532,-1,1,-1,-1,-1,-1,-1,-1,0,0,1,2,0,3,-1,0,0,0,0,0.0,0.0,0.0,0,0,0,0,0,0,1,1,0,0,-1,-1,0,0,-1,-1,-1,-1,-1,-1,-1,-1,-1,65,79,36,79,Benfica II,FC Arouca,1.58,1.26,1.57,1.0,1.14,1.57,36,22,0.0,0.0,0.0,38,True,False,False,False,False,False,False,LigaPro_Portugal_2a_división,,,,,2017-12-01 16:00:00
2017-2018,15,3,1,4,0,7,7,3,2,0,0,3,2,5,8,8,10,11,17,44,56,Estádio Dom Afonso Henriques,"Rua de São Gonçalo 505, Guimarães",3,2,2.75,3.15,2.5,1.31,1.95,3.4,1.83,2.0,0.0,0.0,0.0,0.0,0.0,0.0,0.0,0.0,4,2,0,1,1,2,2,1512226800,1027,0,59,0,2807,-1,1,-1,-1,-1,-1,-1,-1,1,0,2,2,1,4,-1,0,0,0,0,0.0,0.0,0.0,0,0,0,0,0,0,1,1,1,0,-1,-1,0,0,-1,-1,-1,-1,-1,-1,-1,-1,-1,50,83,33,75,Vitória Guimarães II,Sporting Braga II,1.37,1.11,0.83,1.33,0.57,1.29,50,17,0.0,0.0,0.0,38,True,True,True,True,False,False,True,LigaPro_Portugal_2a_división,,,,,2017-12-02 15:00:00
2017-2018,15,1,0,1,6,5,11,3,4,0,0,7,3,5,5,12,8,27,18,50,50,Estádio Municipal José Martins Vieira,"Estrada do Brejo, Cova da Piedade, Almada",3,4,2.73,3.04,2.98,0.0,2.39,0.0,0.0,0.0,0.0,0.0,0.0,0.0,0.0,0.0,0.0,0.0,1,0,0,1,0,1,0,1512313200,1036,0,36,0,553,-1,1,-1,-1,-1,-1,-1,-1,1,2,2,2,3,4,-1,0,0,0,0,0.0,0.0,0.0,1,0,1,0,0,0,1,1,0,0,-1,-1,0,0,-1,-1,-1,-1,-1,-1,-1,-1,-1,36,64,14,43,Cova Piedade,Sporting Covilhã,1.95,0.95,1.43,1.0,1.0,1.29,64,36,0.0,0.0,0.0,38,True,False,False,False,False,False,False,LigaPro_Portugal_2a_división,,,,,2017-12-03 15:00:00
2017-2018,15,1,1,2,4,9,13,3,3,0,0,4,3,2,5,6,8,24,21,58,42,Estádio Municipal 25 de Abril,"Rua Futebol Clube de Penafiel, Penafiel",3,3,2.2,3.24,3.75,0.0,2.2,0.0,0.0,0.0,0.0,0.0,0.0,0.0,0.0,0.0,0.0,0.0,2,0,1,1,0,1,1,1512313200,-1,0,57,0,1302,-1,1,-1,-1,-1,-1,-1,-1,2,2,1,1,4,2,-1,0,0,0,0,0.0,0.0,0.0,1,0,1,0,0,0,1,1,0,0,-1,-1,0,0,-1,-1,-1,-1,-1,-1,-1,-1,-1,43,79,22,64,FC Penafiel,Leixões,1.84,0.89,2.14,0.86,1.64,1.79,57,22,0.0,0.0,0.0,38,True,True,False,False,False,False,True,LigaPro_Portugal_2a_división,,,,,2017-12-03 15:00:00
2017-2018,15,1,1,2,10,4,14,2,4,0,0,7,7,8,2,15,9,28,19,52,48,"Estádio de São Miguel (Ponta Delgada, Ilha de São Miguel, Açores)","Rua Comandante Jaime de Sousa 21, Ponta Delgada, Ilha de São Miguel, Açores",2,4,2.32,3.28,3.4,0.0,2.14,0.0,0.0,0.0,0.0,0.0,0.0,0.0,0.0,0.0,0.0,0.0,2,0,0,1,1,2,0,1512313200,-1,0,65,0,2450,-1,1,-1,-1,-1,-1,-1,-1,1,1,1,3,2,4,-1,0,0,0,0,0.0,0.0,0.0,0,0,0,0,0,0,1,1,0,0,-1,-1,0,0,-1,-1,-1,-1,-1,-1,-1,-1,-1,57,72,36,64,Santa Clara,CD Nacional,2.05,1.63,1.86,1.14,1.79,1.57,43,29,0.0,0.0,0.0,38,True,True,False,False,False,False,True,LigaPro_Portugal_2a_división,,,,,2017-12-03 15:00:00
2017-2018,15,3,0,3,5,5,10,2,1,0,0,7,3,4,10,11,13,17,11,46,54,CGD Stadium Aurélio Pereira,", Alcochete",2,1,2.55,3.45,2.87,0.0,1.75,0.0,0.0,0.0,0.0,0.0,0.0,0.0,0.0,0.0,0.0,0.0,3,1,0,2,0,2,1,1512226800,1029,0,75,0,393,-1,1,-1,-1,-1,-1,-1,-1,1,0,1,1,1,2,-1,0,0,0,0,0.0,0.0,0.0,0,0,0,0,0,0,1,1,0,0,-1,-1,0,0,-1,-1,-1,-1,-1,-1,-1,-1,-1,67,83,33,75,Sporting CP II,Porto II,1.26,1.11,1.67,1.17,1.29,1.79,34,17,0.0,0.0,0.0,38,True,True,True,False,False,False,False,LigaPro_Portugal_2a_división,,,,,2017-12-02 15:00:00
2017-2018,15,1,0,1,5,3,8,4,3,0,0,6,5,10,7,16,12,28,20,49,51,Estádio Varzim Sport Club,"Rua do Varzim Sport Club, Póvoa de Varzim",4,3,1.91,3.43,4.64,0.0,2.14,0.0,0.0,0.0,0.0,0.0,0.0,0.0,0.0,0.0,0.0,0.0,1,1,0,0,0,0,1,1512313200,1034,0,34,0,1019,-1,1,-1,-1,-1,-1,-1,-1,2,0,2,3,2,5,-1,0,0,0,0,0.0,0.0,0.0,0,0,0,0,0,0,1,1,0,0,-1,-1,1,0,-1,-1,-1,-1,-1,-1,-1,-1,-1,48,68,35,62,Varzim,Real SC,1.68,0.53,1.63,0.71,1.13,0.86,53,32,0.0,0.0,0.0,38,True,False,False,False,False,False,False,LigaPro_Portugal_2a_división,,,,,2017-12-03 15:00:00
2017-2018,16,2,1,3,10,9,19,0,1,0,0,5,4,4,5,9,9,11,6,45,55,Estádio Municipal de Arouca,"Afonso Pinto Magalhães Valdasna, Arouca",0,1,2.23,3.12,3.85,1.48,2.45,4.8,2.2,1.67,0.0,0.0,0.0,0.0,0.0,0.0,0.0,0.0,3,1,0,1,1,2,1,1512918000,167,0,39,0,585,-1,1,-1,-1,-1,-1,-1,-1,0,0,0,1,0,1,-1,0,0,0,0,0.0,0.0,0.0,0,0,0,0,0,0,1,1,1,0,-1,-1,0,0,-1,-1,-1,-1,-1,-1,-1,-1,-1,26,72,19,59,FC Arouca,Leixões,1.84,0.89,2.14,0.88,1.47,1.73,75,29,0.0,0.0,0.0,38,True,True,True,False,False,False,True,LigaPro_Portugal_2a_división,,,,,2017-12-10 15:00:00
2017-2018,16,2,1,3,6,8,14,2,3,1,1,4,6,9,6,13,12,17,16,38,62,Caixa Futebol Campus,", Seixal",4,5,2.23,3.6,3.29,1.2,1.67,2.7,1.62,2.3,0.0,0.0,0.0,0.0,0.0,0.0,0.0,0.0,3,2,0,0,1,1,2,1512921600,1031,0,75,0,922,-1,1,-1,-1,-1,-1,-1,-1,0,0,3,4,0,7,-1,0,0,0,0,0.0,0.0,0.0,0,0,0,0,0,0,1,1,0,0,-1,-1,0,0,-1,-1,-1,-1,-1,-1,-1,-1,-1,75,94,38,76,Benfica II,Sporting CP II,1.58,0.95,1.75,1.0,1.27,1.4,25,7,0.0,0.0,0.0,38,True,True,True,False,False,False,True,LigaPro_Portugal_2a_división,,,,,2017-12-10 16:00:00
2017-2018,16,2,0,2,5,3,8,2,1,0,1,5,0,6,5,11,5,17,20,61,39,Estádio Municipal José dos Santos Pinto,"Rua Viriato, Covilhã",2,3,2.13,3.26,3.93,1.42,2.25,4.3,2.1,1.74,0.0,0.0,0.0,0.0,0.0,0.0,0.0,0.0,2,1,0,1,0,1,1,1512904500,1026,0,66,0,107,-1,1,-1,-1,-1,-1,-1,-1,2,1,0,1,3,1,-1,0,0,0,0,0.0,0.0,0.0,1,0,1,0,0,0,1,1,0,0,-1,-1,0,0,-1,-1,-1,-1,-1,-1,-1,-1,-1,47,66,7,59,Sporting Covilhã,CF União,1.53,0.74,1.57,0.25,1.2,1.0,54,34,0.0,0.0,0.0,38,True,True,False,False,False,False,False,LigaPro_Portugal_2a_división,,,,,2017-12-10 11:15:00
2017-2018,16,5,2,7,7,5,12,0,2,0,0,9,5,9,4,18,9,7,16,54,46,Estádio Municipal 22 de Junho,"Alameda dos Bargos, Vila Nova de Famalicão",0,2,2.23,3.27,3.62,1.37,2.15,3.95,1.95,1.87,0.0,0.0,0.0,0.0,0.0,0.0,0.0,0.0,7,1,2,4,0,4,3,1512818100,1033,0,41,0,1660,-1,1,-1,-1,-1,-1,-1,-1,0,1,0,1,1,1,-1,0,0,0,0,0.0,0.0,0.0,1,0,1,0,0,0,1,1,0,1,-1,-1,0,0,-1,-1,-1,-1,-1,-1,-1,-1,-1,48,75,41,80,Famalicão,Santa Clara,1.79,1.42,2.13,1.71,1.8,1.73,53,26,0.0,0.0,0.0,38,True,True,True,True,True,True,True,LigaPro_Portugal_2a_división,,,,,2017-12-09 11:15:00
2017-2018,16,2,1,3,5,3,8,5,4,0,0,5,4,5,5,10,9,18,17,55,45,Estádio Municipal de Aveiro,"Parque da Cidade, Taboeira, Aveiro",5,4,2.73,3.27,2.79,1.34,2.05,3.7,1.91,1.91,0.0,0.0,0.0,0.0,0.0,0.0,0.0,0.0,3,1,0,1,1,2,1,1512918000,1038,0,73,0,208,-1,1,-1,-1,-1,-1,-1,-1,1,0,4,4,1,8,-1,0,0,0,0,0.0,0.0,0.0,1,0,1,0,0,0,1,1,0,0,-1,-1,0,0,-1,-1,-1,-1,-1,-1,-1,-1,-1,61,93,21,73,UD Oliveirense,FC Penafiel,1.42,1.42,1.13,1.14,1.13,1.6,40,7,0.0,0.0,0.0,38,True,True,True,False,False,False,True,LigaPro_Portugal_2a_división,,,,,2017-12-10 15:00:00
2017-2018,16,3,4,7,3,8,11,4,3,1,0,7,11,6,6,13,17,18,22,36,64,Estádio do Real SC,"Rua Cidade Desportiva, Monte Abraão, Queluz",6,3,3.88,3.3,2.13,1.35,2.1,3.8,1.95,1.87,0.0,0.0,0.0,0.0,0.0,0.0,0.0,0.0,7,0,1,3,3,6,1,1512831600,179,0,55,0,847,-1,1,-1,-1,-1,-1,-1,-1,2,1,3,2,3,5,-1,0,0,0,0,0.0,0.0,0.0,0,0,0,0,0,0,1,1,0,0,-1,-1,0,0,-1,-1,-1,-1,-1,-1,-1,-1,-1,60,73,14,66,Real SC,Associação Académica de Coimbra OAF,1.16,1.53,1.0,1.25,0.8,1.6,41,27,0.0,0.0,0.0,38,True,True,True,True,True,True,True,LigaPro_Portugal_2a_división,,,,,2017-12-09 15:00:00
2017-2018,16,2,1,3,7,1,8,4,2,1,1,5,5,4,4,9,9,14,18,48,52,Estádio Municipal do Fontelo,"Avenida José Relvas, Viseu",5,3,1.6,3.88,6.89,0.0,0.0,0.0,0.0,0.0,0.0,0.0,0.0,0.0,0.0,0.0,0.0,0.0,3,1,1,1,0,1,2,1512918000,1032,0,50,0,480,-1,1,-1,-1,-1,-1,-1,-1,1,1,4,2,2,6,-1,0,0,0,0,0.0,0.0,0.0,0,0,0,0,0,0,1,1,1,0,-1,-1,0,0,-1,-1,-1,-1,-1,-1,-1,-1,-1,50,72,36,57,Academico Viseu,Sporting Braga II,1.68,1.11,2.43,1.14,1.87,1.2,50,29,0.0,0.0,0.0,38,True,True,True,False,False,False,True,LigaPro_Portugal_2a_división,,,,,2017-12-10 15:00:00
2017-2018,16,1,1,2,9,6,15,3,1,0,0,7,6,2,5,9,11,19,18,48,52,Estádio da Madeira,"Rua do Esmeraldo, nº 46, Ilha da Madeira",3,1,1.87,3.5,4.78,1.36,2.1,3.85,2.05,1.77,0.0,0.0,0.0,0.0,0.0,0.0,0.0,0.0,2,1,0,0,1,1,1,1512921600,-1,0,54,0,1364,-1,1,-1,-1,-1,-1,-1,-1,0,1,3,0,1,3,-1,0,0,0,0,0.0,0.0,0.0,0,0,0,0,0,0,1,1,1,0,-1,-1,0,0,-1,-1,-1,-1,-1,-1,-1,-1,-1,35,82,13,55,CD Nacional,Gil Vicente,2.11,0.89,2.0,1.25,1.53,1.27,66,19,0.0,0.0,0.0,38,True,True,False,False,False,False,True,LigaPro_Portugal_2a_división,,,,,2017-12-10 16:00:00
2017-2018,16,1,0,1,5,4,9,3,3,0,0,4,3,13,6,17,9,21,16,60,40,Estádio Dr. Jorge Sampaio,"Rua da Paradela, Pedroso, Vila Nova de Gaia",3,3,1.68,3.98,5.39,1.21,1.69,2.7,1.74,2.1,0.0,0.0,0.0,0.0,0.0,0.0,0.0,0.0,1,0,0,1,0,1,0,1512918000,1037,0,57,0,168,-1,1,-1,-1,-1,-1,-1,-1,0,1,3,2,1,5,-1,0,0,0,0,0.0,0.0,0.0,0,0,0,0,0,0,1,1,0,0,-1,-1,0,0,-1,-1,-1,-1,-1,-1,-1,-1,-1,75,82,44,76,Porto II,Vitória Guimarães II,1.95,1.26,2.25,0.38,1.67,0.73,25,19,0.0,0.0,0.0,38,True,False,False,False,False,False,False,LigaPro_Portugal_2a_división,,,,,2017-12-10 15:00:00
2017-2018,16,2,2,4,3,1,4,1,2,0,0,8,6,13,6,21,12,18,10,57,43,Estádio Varzim Sport Club,"Rua do Varzim Sport Club, Póvoa de Varzim",1,2,2.04,3.3,4.21,1.42,2.25,4.3,2.1,1.74,0.0,0.0,0.0,0.0,0.0,0.0,0.0,0.0,4,1,1,1,1,2,2,1512918000,-1,0,40,0,481,-1,1,-1,-1,-1,-1,-1,-1,0,1,1,1,1,2,-1,0,0,0,0,0.0,0.0,0.0,0,0,0,0,0,0,1,1,0,0,-1,-1,0,0,-1,-1,-1,-1,-1,-1,-1,-1,-1,45,65,13,58,Varzim,Cova Piedade,1.68,0.74,1.78,0.57,1.25,1.13,55,35,0.0,0.0,0.0,38,True,True,True,True,False,False,True,LigaPro_Portugal_2a_división,,,,,2017-12-10 15:00:00
2017-2018,17,2,0,2,4,3,7,2,4,0,0,10,4,5,7,15,11,18,18,46,54,Estádio EFAPEL,"Rua Dom Manuel I, Coimbra",2,4,1.78,3.47,5.6,1.41,2.25,4.25,2.25,1.65,0.0,0.0,0.0,0.0,0.0,0.0,0.0,0.0,2,1,0,1,0,1,1,1513522800,179,0,61,0,4006,-1,1,-1,-1,-1,-1,-1,-1,1,0,1,4,1,5,-1,0,0,0,0,0.0,0.0,0.0,1,0,1,0,0,0,1,1,0,0,-1,-1,0,0,-1,-1,-1,-1,-1,-1,-1,-1,-1,41,68,28,55,Associação Académica de Coimbra OAF,Sporting Covilhã,1.79,0.95,2.0,0.88,1.69,1.31,60,32,0.0,0.0,0.0,38,True,True,False,False,False,False,False,LigaPro_Portugal_2a_división,,,,,2017-12-17 15:00:00
2017-2018,17,1,2,3,4,13,17,0,2,0,0,3,7,2,7,5,14,10,9,38,62,Estádio 1º de Maio,", Braga",0,2,2.75,3.25,2.45,1.24,1.77,2.95,1.69,2.15,0.0,0.0,0.0,0.0,0.0,0.0,0.0,0.0,3,1,0,0,2,2,1,1513436400,1037,0,67,0,260,-1,1,-1,-1,-1,-1,-1,-1,0,1,0,1,1,1,-1,0,0,0,0,0.0,0.0,0.0,0,0,0,0,0,0,1,1,1,0,-1,-1,0,0,-1,-1,-1,-1,-1,-1,-1,-1,-1,56,81,27,88,Sporting Braga II,Porto II,1.21,1.11,1.25,1.0,1.13,1.75,45,20,0.0,0.0,0.0,38,True,True,True,False,False,False,True,LigaPro_Portugal_2a_división,,,,,2017-12-16 15:00:00
2017-2018,17,0,0,0,5,3,8,3,2,0,0,0,7,6,8,6,15,28,23,46,54,Estádio Cidade de Barcelos,"strada Nacional 103, Vila Boa, Barcelos",3,2,2.77,3.2,2.8,1.41,2.25,4.25,2.05,1.8,0.0,0.0,0.0,0.0,0.0,0.0,0.0,0.0,0,0,0,0,0,0,0,1513422900,-1,0,48,0,964,-1,1,-1,-1,-1,-1,-1,-1,0,0,3,2,0,5,-1,0,0,0,0,0.0,0.0,0.0,0,0,0,0,0,0,1,1,0,0,-1,-1,0,0,-1,-1,-1,-1,-1,-1,-1,-1,-1,62,68,34,68,Gil Vicente,Academico Viseu,1.0,1.68,1.29,1.38,1.25,1.94,39,32,0.0,0.0,0.0,38,False,False,False,False,False,False,False,LigaPro_Portugal_2a_división,,,,,2017-12-16 11:15:00
2017-2018,17,2,2,4,4,2,6,3,4,0,0,6,6,6,10,12,16,14,16,46,54,Estádio do Mar,"Lugar da Cruz de Pau, Matosinhos",3,4,2.36,3.23,3.37,1.38,2.2,4.05,1.95,1.83,0.0,0.0,0.0,0.0,0.0,0.0,0.0,0.0,4,1,0,1,2,3,1,1513509300,-1,0,47,0,746,-1,1,-1,-1,-1,-1,-1,-1,2,4,1,0,6,1,-1,0,0,0,0,0.0,0.0,0.0,1,0,1,0,0,0,1,1,0,0,-1,-1,0,1,-1,-1,-1,-1,-1,-1,-1,-1,-1,41,60,20,61,Leixões,CD Nacional,2.05,1.63,2.71,1.13,1.63,1.5,60,41,0.0,0.0,0.0,38,True,True,True,True,False,False,True,LigaPro_Portugal_2a_división,,,,,2017-12-17 11:15:00
2017-2018,17,1,0,1,2,6,8,4,2,0,1,6,4,5,5,11,9,18,24,53,47,Estádio Municipal José Martins Vieira,"Estrada do Brejo, Cova da Piedade, Almada",4,3,1.81,3.6,4.98,1.32,2.0,3.5,1.87,1.91,0.0,0.0,0.0,0.0,0.0,0.0,0.0,0.0,1,0,0,1,0,1,0,1513436400,1036,0,26,0,771,-1,1,-1,-1,-1,-1,-1,-1,1,1,3,2,2,5,-1,0,0,0,0,0.0,0.0,0.0,0,0,0,0,0,0,1,1,0,0,-1,-1,0,0,-1,-1,-1,-1,-1,-1,-1,-1,-1,38,69,32,63,Cova Piedade,Real SC,1.95,0.53,1.63,0.63,1.13,0.75,63,32,0.0,0.0,0.0,38,True,False,False,False,False,False,False,LigaPro_Portugal_2a_división,,,,,2017-12-16 15:00:00
2017-2018,17,1,0,1,2,6,8,2,4,0,1,2,4,1,10,3,14,20,24,49,51,CGD Stadium Aurélio Pereira,", Alcochete",2,6,2.09,3.48,3.78,1.32,2.0,3.6,1.91,1.91,0.0,0.0,0.0,0.0,0.0,0.0,0.0,0.0,1,0,0,1,0,1,0,1513436400,1029,0,57,0,222,-1,1,-1,-1,-1,-1,-1,-1,0,2,2,3,2,5,-1,0,0,0,0,0.0,0.0,0.0,0,0,0,0,0,0,1,1,0,0,-1,-1,0,0,-1,-1,-1,-1,-1,-1,-1,-1,-1,64,79,22,64,Sporting CP II,Varzim,1.26,0.95,1.86,0.57,1.31,1.24,36,22,0.0,0.0,0.0,38,True,False,False,False,False,False,False,LigaPro_Portugal_2a_división,,,,,2017-12-16 15:00:00
2017-2018,17,2,0,2,3,6,9,3,3,0,0,4,3,8,9,12,12,17,24,39,61,Estádio Municipal 25 de Abril,"Rua Futebol Clube de Penafiel, Penafiel",3,3,2.58,3.11,3.11,1.51,2.55,5.1,2.2,1.67,0.0,0.0,0.0,0.0,0.0,0.0,0.0,0.0,2,2,0,0,0,0,2,1513522800,182,0,44,0,554,-1,1,-1,-1,-1,-1,-1,-1,2,2,1,1,4,2,-1,0,0,0,0,0.0,0.0,0.0,0,0,0,0,0,0,1,1,0,0,-1,-1,2,0,-1,-1,-1,-1,-1,-1,-1,-1,-1,38,57,13,69,FC Penafiel,FC Arouca,1.84,1.26,2.0,0.88,1.5,1.56,63,44,0.0,0.0,0.0,38,True,True,False,False,False,False,False,LigaPro_Portugal_2a_división,,,,,2017-12-17 15:00:00
2017-2018,17,1,0,1,4,5,9,4,5,0,0,6,4,3,4,9,8,19,15,46,54,Estádio Dom Afonso Henriques,"Rua de São Gonçalo 505, Guimarães",4,5,2.91,3.61,2.44,1.24,1.77,2.95,1.69,2.15,0.0,0.0,0.0,0.0,0.0,0.0,0.0,0.0,1,1,0,0,0,0,1,1513436400,1027,0,50,0,1801,-1,1,-1,-1,-1,-1,-1,-1,1,1,3,4,2,7,-1,0,0,0,0,0.0,0.0,0.0,0,0,0,0,0,0,1,1,0,0,-1,-1,0,0,-1,-1,-1,-1,-1,-1,-1,-1,-1,57,72,29,65,Vitória Guimarães II,Benfica II,1.37,1.0,1.14,0.71,0.69,1.38,43,29,0.0,0.0,0.0,38,True,False,False,False,False,False,False,LigaPro_Portugal_2a_división,,,,,2017-12-16 15:00:00
2017-2018,17,3,0,3,4,5,9,1,3,0,0,9,7,8,4,17,11,11,18,50,50,Estádio do Centro Desportivo da Madeira,"VE4 65, Madeira",1,3,2.88,3.23,2.68,1.35,2.1,3.8,1.91,1.91,0.0,0.0,0.0,0.0,0.0,0.0,0.0,0.0,3,0,0,3,0,3,0,1513526400,178,0,62,0,826,-1,1,-1,-1,-1,-1,-1,-1,0,1,1,2,1,3,-1,0,0,0,0,0.0,0.0,0.0,0,0,0,0,0,0,1,1,0,0,-1,-1,0,0,-1,-1,-1,-1,-1,-1,-1,-1,-1,47,88,25,66,CF União,Famalicão,1.58,0.74,1.75,1.43,0.94,1.88,54,13,0.0,0.0,0.0,38,True,True,True,False,False,False,False,LigaPro_Portugal_2a_división,,,,,2017-12-17 16:00:00
2017-2018,17,0,0,0,7,1,8,2,4,1,0,7,3,10,7,17,10,17,17,57,43,"Estádio de São Miguel (Ponta Delgada, Ilha de São Miguel, Açores)","Rua Comandante Jaime de Sousa 21, Ponta Delgada, Ilha de São Miguel, Açores",3,4,1.62,3.85,6.5,1.28,1.87,3.2,2.0,1.83,0.0,0.0,0.0,0.0,0.0,0.0,0.0,0.0,0,0,0,0,0,0,0,1513526400,-1,0,59,0,1388,-1,1,-1,-1,-1,-1,-1,-1,0,2,3,2,2,5,-1,0,0,0,0,0.0,0.0,0.0,0,0,0,0,0,0,1,1,0,0,-1,-1,0,0,-1,-1,-1,-1,-1,-1,-1,-1,-1,39,66,19,60,Santa Clara,UD Oliveirense,2.05,1.16,1.75,1.14,1.63,1.25,62,35,0.0,0.0,0.0,38,False,False,False,False,False,False,False,LigaPro_Portugal_2a_división,,,,,2017-12-17 16:00:00
2017-2018,18,1,0,1,5,7,12,1,2,0,0,6,4,9,8,15,12,11,13,43,57,Caixa Futebol Campus,", Seixal",1,2,2.22,3.46,3.43,1.24,1.77,2.9,1.71,2.15,0.0,0.0,0.0,0.0,0.0,0.0,0.0,0.0,1,1,0,0,0,0,1,1513872000,1031,0,71,0,421,-1,1,-1,-1,-1,-1,-1,-1,1,1,0,1,2,1,-1,0,0,0,0,0.0,0.0,0.0,0,0,0,0,0,0,1,1,0,0,-1,-1,0,0,-1,-1,-1,-1,-1,-1,-1,-1,-1,64,89,47,82,Benfica II,Sporting Braga II,1.58,1.11,1.89,1.0,1.29,1.06,36,12,0.0,0.0,0.0,38,True,False,False,False,False,False,False,LigaPro_Portugal_2a_división,,,,,2017-12-21 16:00:00
2017-2018,18,3,0,3,4,4,8,3,2,0,0,6,0,4,8,10,8,17,15,53,47,Estádio Municipal José dos Santos Pinto,"Rua Viriato, Covilhã",3,2,2.23,3.17,3.76,0.0,0.0,0.0,0.0,0.0,0.0,0.0,0.0,0.0,0.0,0.0,0.0,0.0,3,0,0,3,0,3,0,1513868400,1026,0,53,0,258,-1,1,-1,-1,-1,-1,-1,-1,3,1,0,1,4,1,-1,0,0,0,0,0.0,0.0,0.0,0,0,0,0,0,0,1,1,0,0,-1,-1,0,0,-1,-1,-1,-1,-1,-1,-1,-1,-1,25,65,11,41,Sporting Covilhã,Gil Vicente,1.53,0.89,1.75,1.22,1.24,1.24,76,36,0.0,0.0,0.0,38,True,True,True,False,False,False,False,LigaPro_Portugal_2a_división,,,,,2017-12-21 15:00:00
2017-2018,18,0,3,3,8,8,16,3,3,0,0,4,9,8,6,12,15,23,14,54,46,Estádio Municipal 22 de Junho,"Alameda dos Bargos, Vila Nova de Famalicão",3,3,2.17,3.43,3.6,1.26,1.83,3.1,1.77,2.05,0.0,0.0,0.0,0.0,0.0,0.0,0.0,0.0,3,0,1,0,2,2,1,1513872000,1037,0,54,0,2874,-1,1,-1,-1,-1,-1,-1,-1,0,2,3,1,2,4,-1,0,0,0,0,0.0,0.0,0.0,0,0,0,0,0,0,1,1,0,0,-1,-1,0,0,-1,-1,-1,-1,-1,-1,-1,-1,-1,66,78,35,95,Famalicão,Porto II,1.79,1.11,2.22,1.25,1.76,1.82,35,23,0.0,0.0,0.0,38,True,True,True,False,False,False,False,LigaPro_Portugal_2a_división,,,,,2017-12-21 16:00:00
2017-2018,18,1,1,2,2,7,9,1,3,0,0,4,4,4,4,8,8,15,20,49,51,Estádio do Real SC,"Rua Cidade Desportiva, Monte Abraão, Queluz",1,3,3.25,3.26,2.41,1.37,2.15,3.95,1.95,1.87,0.0,0.0,0.0,0.0,0.0,0.0,0.0,0.0,2,0,1,1,0,1,1,1513868400,-1,0,69,0,399,-1,1,-1,-1,-1,-1,-1,-1,0,1,1,2,1,3,-1,0,0,0,0,0.0,0.0,0.0,0,0,0,0,0,0,1,1,0,0,-1,-1,0,0,-1,-1,-1,-1,-1,-1,-1,-1,-1,63,82,32,69,Real SC,Santa Clara,1.16,1.42,0.88,1.5,0.71,1.59,38,19,0.0,0.0,0.0,38,True,True,False,False,False,False,True,LigaPro_Portugal_2a_división,,,,,2017-12-21 15:00:00
2017-2018,18,2,1,3,1,9,10,2,2,0,0,4,6,9,11,13,17,16,16,44,56,Estádio Municipal José Martins Vieira,"Estrada do Brejo, Cova da Piedade, Almada",2,2,3.26,3.14,2.47,0.0,0.0,0.0,0.0,0.0,0.0,0.0,0.0,0.0,0.0,0.0,0.0,0.0,3,1,1,1,0,1,2,1513954800,1036,0,28,0,1050,-1,1,-1,-1,-1,-1,-1,-1,2,2,0,0,4,0,-1,0,0,0,0,0.0,0.0,0.0,1,0,1,0,0,0,1,1,0,0,-1,-1,0,0,-1,-1,-1,-1,-1,-1,-1,-1,-1,45,67,11,56,Cova Piedade,Associação Académica de Coimbra OAF,1.95,1.53,1.78,1.44,1.24,1.76,56,33,0.0,0.0,0.0,38,True,True,True,False,False,False,True,LigaPro_Portugal_2a_división,,,,,2017-12-22 15:00:00
2017-2018,18,2,2,4,6,2,8,4,5,0,0,6,6,9,1,15,7,17,17,57,43,Estádio da Madeira,"Rua do Esmeraldo, nº 46, Ilha da Madeira",4,5,2.25,3.18,3.7,1.45,2.4,4.6,2.2,1.69,0.0,0.0,0.0,0.0,0.0,0.0,0.0,0.0,4,0,2,2,0,2,2,1513954800,-1,0,43,0,1171,-1,1,-1,-1,-1,-1,-1,-1,1,1,3,4,2,7,-1,0,0,0,0,0.0,0.0,0.0,1,0,1,0,0,0,1,1,0,0,-1,-1,1,0,-1,-1,-1,-1,-1,-1,-1,-1,-1,42,78,17,77,CD Nacional,FC Arouca,2.11,1.26,1.88,0.78,1.47,1.47,59,22,0.0,0.0,0.0,38,True,True,True,True,False,False,True,LigaPro_Portugal_2a_división,,,,,2017-12-22 15:00:00
2017-2018,18,1,2,3,7,5,12,1,2,0,0,5,4,7,2,12,6,20,21,57,43,CGD Stadium Aurélio Pereira,", Alcochete",1,2,1.79,3.79,4.83,0.0,0.0,0.0,0.0,0.0,0.0,0.0,0.0,0.0,0.0,0.0,0.0,0.0,3,0,1,1,1,2,1,1513868400,1027,0,47,0,173,-1,1,-1,-1,-1,-1,-1,-1,0,1,1,1,1,2,-1,0,0,0,0,0.0,0.0,0.0,0,0,0,0,0,0,1,1,0,0,-1,-1,0,0,-1,-1,-1,-1,-1,-1,-1,-1,-1,59,71,29,53,Sporting CP II,Vitória Guimarães II,1.26,1.26,2.0,0.33,1.41,0.82,42,29,0.0,0.0,0.0,38,True,True,True,False,False,False,True,LigaPro_Portugal_2a_división,,,,,2017-12-21 15:00:00
2017-2018,18,1,1,2,3,6,9,5,2,0,0,5,6,9,6,14,12,21,23,55,45,Estádio Municipal de Aveiro,"Parque da Cidade, Taboeira, Aveiro",5,2,2.78,3.21,2.79,1.38,2.15,4.0,1.95,1.83,0.0,0.0,0.0,0.0,0.0,0.0,0.0,0.0,2,0,1,1,0,1,1,1513885500,-1,0,73,0,406,-1,1,-1,-1,-1,-1,-1,-1,1,2,4,0,3,4,-1,0,0,0,0,0.0,0.0,0.0,0,1,0,1,0,0,1,1,0,0,-1,-1,0,0,-1,-1,-1,-1,-1,-1,-1,-1,-1,50,100,22,78,UD Oliveirense,Leixões,1.42,0.89,1.33,0.78,1.24,1.59,50,0,0.0,0.0,0.0,38,True,True,False,False,False,False,True,LigaPro_Portugal_2a_división,,,,,2017-12-21 19:45:00
2017-2018,18,1,4,5,5,4,9,0,3,0,0,5,8,7,5,12,13,11,19,62,38,Estádio Municipal do Fontelo,"Avenida José Relvas, Viseu",0,3,1.96,3.4,4.42,1.36,2.1,3.85,2.05,1.8,0.0,0.0,0.0,0.0,0.0,0.0,0.0,0.0,5,0,1,1,3,4,1,1513868400,182,0,63,0,762,-1,1,-1,-1,-1,-1,-1,-1,0,0,0,3,0,3,-1,0,0,0,0,0.0,0.0,0.0,0,0,0,0,0,0,1,1,0,0,-1,-1,0,0,-1,-1,-1,-1,-1,-1,-1,-1,-1,69,76,32,63,Academico Viseu,FC Penafiel,1.68,1.42,2.5,1.0,1.88,1.59,32,26,0.0,0.0,0.0,38,True,True,True,True,True,False,True,LigaPro_Portugal_2a_división,,,,,2017-12-21 15:00:00
2017-2018,18,3,1,4,17,0,17,2,1,0,0,10,3,5,5,15,8,25,12,45,55,Estádio Varzim Sport Club,"Rua do Varzim Sport Club, Póvoa de Varzim",2,1,2.38,3.12,3.46,0.0,0.0,0.0,0.0,0.0,0.0,0.0,0.0,0.0,0.0,0.0,0.0,0.0,4,2,0,1,1,2,2,1510498800,1034,0,41,0,971,-1,1,-1,-1,-1,-1,-1,-1,0,0,2,1,0,3,-1,0,0,0,0,0.0,0.0,0.0,0,0,0,0,0,0,1,1,0,0,-1,-1,0,0,-1,-1,-1,-1,-1,-1,-1,-1,-1,31,55,0,56,Varzim,CF União,1.68,0.74,1.43,0.33,1.0,1.0,69,45,0.0,0.0,0.0,38,True,True,True,True,False,False,True,LigaPro_Portugal_2a_división,,,,,2017-11-12 15:00:00
2017-2018,19,1,0,1,7,5,12,5,3,0,2,6,4,8,7,14,11,24,15,54,46,Estádio EFAPEL,"Rua Dom Manuel I, Coimbra",5,6,1.76,3.53,5.56,0.0,0.0,0.0,0.0,0.0,0.0,0.0,0.0,0.0,0.0,0.0,0.0,0.0,1,1,0,0,0,0,1,1515258000,179,0,57,0,3012,-1,1,-1,-1,-1,-1,-1,-1,1,3,4,2,4,6,-1,0,0,0,0,0.0,0.0,0.0,0,0,0,0,0,0,1,1,0,0,-1,-1,0,0,-1,-1,-1,-1,-1,-1,-1,-1,-1,51,76,26,69,Associação Académica de Coimbra OAF,Varzim,1.79,0.95,2.13,0.5,1.67,1.17,51,26,0.0,0.0,0.0,38,True,False,False,False,False,False,False,LigaPro_Portugal_2a_división,,,,,2018-01-06 17:00:00
2017-2018,19,3,0,3,7,4,11,2,2,0,0,5,0,3,2,8,2,20,23,51,49,Estádio Municipal de Arouca,"Afonso Pinto Magalhães Valdasna, Arouca",2,2,1.84,3.42,5.15,1.41,2.25,4.25,2.2,1.67,0.0,0.0,0.0,0.0,0.0,0.0,0.0,0.0,3,2,0,1,0,1,2,1515337200,167,0,25,0,627,-1,1,-1,-1,-1,-1,-1,-1,2,1,0,1,3,1,-1,0,0,0,0,0.0,0.0,0.0,0,0,0,0,0,0,1,1,0,0,-1,-1,1,0,-1,-1,-1,-1,-1,-1,-1,-1,-1,19,44,0,50,FC Arouca,UD Oliveirense,1.84,1.16,2.25,1.13,1.44,1.22,82,57,0.0,0.0,0.0,38,True,True,True,False,False,False,False,LigaPro_Portugal_2a_división,,,,,2018-01-07 15:00:00
2017-2018,19,0,0,0,2,5,7,1,2,0,0,7,4,9,4,16,8,16,23,55,45,Estádio 1º de Maio,", Braga",1,2,2.49,3.37,3.02,1.25,1.8,3.0,1.74,2.1,0.0,0.0,0.0,0.0,0.0,0.0,0.0,0.0,0,0,0,0,0,0,0,1515250800,-1,0,73,0,450,-1,1,-1,-1,-1,-1,-1,-1,0,0,1,2,0,3,-1,0,0,0,0,0.0,0.0,0.0,0,0,0,0,0,0,1,1,0,0,-1,-1,0,0,-1,-1,-1,-1,-1,-1,-1,-1,-1,56,89,33,73,Sporting Braga II,Sporting CP II,1.21,0.95,1.11,0.89,1.0,1.33,45,11,0.0,0.0,0.0,38,False,False,False,False,False,False,False,LigaPro_Portugal_2a_división,,,,,2018-01-06 15:00:00
2017-2018,19,0,0,0,7,6,13,2,3,0,0,3,2,4,4,7,6,11,22,49,51,Estádio Cidade de Barcelos,"strada Nacional 103, Vila Boa, Barcelos",2,3,1.91,3.39,4.71,1.34,2.05,3.75,1.95,1.87,0.0,0.0,0.0,0.0,0.0,0.0,0.0,0.0,0,0,0,0,0,0,0,1515250800,-1,0,42,0,751,-1,1,-1,-1,-1,-1,-1,-1,1,1,1,2,2,3,-1,0,0,0,0,0.0,0.0,0.0,0,0,0,0,0,0,1,1,0,0,-1,-1,0,0,-1,-1,-1,-1,-1,-1,-1,-1,-1,60,71,41,77,Gil Vicente,Real SC,1.0,0.53,1.25,0.56,1.17,0.72,41,29,0.0,0.0,0.0,38,False,False,False,False,False,False,False,LigaPro_Portugal_2a_división,,,,,2018-01-06 15:00:00
2017-2018,19,2,3,5,2,4,6,2,3,0,0,3,7,4,7,7,14,10,19,46,54,Estádio Dom Afonso Henriques,"Rua de São Gonçalo 505, Guimarães",2,3,2.93,3.21,2.66,1.33,2.05,3.7,1.91,1.91,0.0,0.0,0.0,0.0,0.0,0.0,0.0,0.0,5,2,2,0,1,1,4,1515250800,163,0,60,0,1724,-1,1,-1,-1,-1,-1,-1,-1,0,2,2,1,2,3,-1,0,0,0,0,0.0,0.0,0.0,1,1,1,1,0,0,1,1,0,0,-1,-1,0,0,-1,-1,-1,-1,-1,-1,-1,-1,-1,54,71,30,72,Vitória Guimarães II,CD Nacional,1.37,1.63,1.38,1.11,0.94,1.44,47,29,0.0,0.0,0.0,38,True,True,True,True,True,False,True,LigaPro_Portugal_2a_división,,,,,2018-01-06 15:00:00
2017-2018,19,0,0,0,4,1,5,3,2,0,0,3,2,7,8,10,10,20,16,64,36,"Estádio de São Miguel (Ponta Delgada, Ilha de São Miguel, Açores)","Rua Comandante Jaime de Sousa 21, Ponta Delgada, Ilha de São Miguel, Açores",3,2,2.22,3.19,3.74,1.37,2.15,3.95,2.0,1.83,0.0,0.0,0.0,0.0,0.0,0.0,0.0,0.0,0,0,0,0,0,0,0,1515254400,-1,0,56,0,1524,-1,1,-1,-1,-1,-1,-1,-1,2,1,1,1,3,2,-1,0,0,0,0,0.0,0.0,0.0,0,0,0,0,0,0,1,1,0,0,-1,-1,0,0,-1,-1,-1,-1,-1,-1,-1,-1,-1,45,61,28,50,Santa Clara,Academico Viseu,2.05,1.68,1.67,1.33,1.56,1.78,56,39,0.0,0.0,0.0,38,False,False,False,False,False,False,False,LigaPro_Portugal_2a_división,,,,,2018-01-06 16:00:00
2017-2018,19,3,1,4,7,2,9,4,1,1,1,10,4,9,7,19,11,13,12,50,50,Estádio Dr. Jorge Sampaio,"Rua da Paradela, Pedroso, Vila Nova de Gaia",6,3,1.92,3.61,4.31,1.16,1.54,2.35,1.57,2.4,0.0,0.0,0.0,0.0,0.0,0.0,0.0,0.0,4,2,0,1,1,2,2,1515254400,1037,0,41,0,1470,-1,1,-1,-1,-1,-1,-1,-1,1,1,4,1,2,5,-1,0,0,0,0,0.0,0.0,0.0,1,0,1,0,0,0,1,1,0,0,-1,-1,0,0,-1,-1,-1,-1,-1,-1,-1,-1,-1,53,64,29,64,Porto II,Benfica II,1.95,1.0,2.33,0.63,1.89,1.39,48,36,0.0,0.0,0.0,38,True,True,True,True,False,False,True,LigaPro_Portugal_2a_división,,,,,2018-01-06 16:00:00
2017-2018,19,0,1,1,12,5,17,1,5,0,0,7,3,7,6,14,9,13,22,69,31,Estádio Municipal 25 de Abril,"Rua Futebol Clube de Penafiel, Penafiel",1,5,2.09,3.24,4.12,1.47,2.4,4.7,2.2,1.67,0.0,0.0,0.0,0.0,0.0,0.0,0.0,0.0,1,0,1,0,0,0,1,1515337200,1026,0,50,0,616,-1,1,-1,-1,-1,-1,-1,-1,0,1,1,4,1,5,-1,0,0,0,0,0.0,0.0,0.0,0,0,0,0,0,0,1,1,0,1,-1,-1,0,0,-1,-1,-1,-1,-1,-1,-1,-1,-1,33,62,11,56,FC Penafiel,Sporting Covilhã,1.84,0.95,2.11,0.78,1.67,1.33,67,39,0.0,0.0,0.0,38,True,False,False,False,False,False,False,LigaPro_Portugal_2a_división,,,,,2018-01-07 15:00:00
2017-2018,19,1,0,1,9,3,12,3,4,0,0,4,0,9,7,13,7,20,17,49,51,Estádio do Mar,"Lugar da Cruz de Pau, Matosinhos",3,4,2.13,3.2,4.01,1.37,2.15,3.95,2.0,1.83,0.0,0.0,0.0,0.0,0.0,0.0,0.0,0.0,1,0,0,1,0,1,0,1515237300,1030,0,63,0,772,-1,1,-1,-1,-1,-1,-1,-1,1,0,2,4,1,6,-1,0,0,0,0,0.0,0.0,0.0,0,0,0,0,0,0,1,1,0,0,-1,-1,0,0,-1,-1,-1,-1,-1,-1,-1,-1,-1,50,82,7,63,Leixões,Famalicão,2.05,0.74,2.5,1.25,1.56,1.67,50,19,0.0,0.0,0.0,38,True,False,False,False,False,False,False,LigaPro_Portugal_2a_división,,,,,2018-01-06 11:15:00
2017-2018,19,1,0,1,6,6,12,2,2,0,0,2,5,9,4,11,9,15,9,45,55,Estádio do Centro Desportivo da Madeira,"VE4 65, Madeira",2,2,2.24,3.25,3.62,1.39,2.2,4.15,2.0,1.8,0.0,0.0,0.0,0.0,0.0,0.0,0.0,0.0,1,0,0,1,0,1,0,1515250800,178,0,48,0,413,-1,1,-1,-1,-1,-1,-1,-1,0,2,2,0,2,2,-1,0,0,0,0,0.0,0.0,0.0,0,0,0,0,0,0,1,1,0,0,-1,-1,0,0,-1,-1,-1,-1,-1,-1,-1,-1,-1,60,83,35,71,CF União,Cova Piedade,1.58,0.74,1.89,0.63,1.06,1.33,41,18,0.0,0.0,0.0,38,True,False,False,False,False,False,False,LigaPro_Portugal_2a_división,,,,,2018-01-06 15:00:00
2017-2018,20,1,1,2,3,3,6,4,2,0,0,3,6,3,6,6,12,16,15,37,63,Estádio do Centro Desportivo da Madeira,"VE4 65, Madeira",4,2,2.1,3.3,3.99,1.33,2.05,3.65,1.95,1.87,0.0,0.0,0.0,0.0,0.0,0.0,0.0,0.0,2,1,0,0,1,1,1,1515945600,-1,0,43,0,692,-1,1,-1,-1,-1,-1,-1,-1,0,1,4,1,1,5,-1,0,0,0,0,0.0,0.0,0.0,0,0,0,0,0,0,1,1,1,0,-1,-1,0,0,-1,-1,-1,-1,-1,-1,-1,-1,-1,47,74,42,69,CF União,Sporting Braga II,1.58,1.11,2.0,0.89,1.16,1.0,53,26,0.0,0.0,0.0,38,True,True,False,False,False,False,True,LigaPro_Portugal_2a_división,,,,,2018-01-14 16:00:00
2017-2018,20,0,1,1,8,2,10,4,3,1,0,6,4,4,6,10,10,18,15,64,36,CGD Stadium Aurélio Pereira,", Alcochete",5,3,2.23,3.2,3.71,1.38,2.2,4.05,2.0,1.83,0.0,0.0,0.0,0.0,0.0,0.0,0.0,0.0,1,0,1,0,0,0,1,1515855600,1026,0,48,0,194,-1,1,-1,-1,-1,-1,-1,-1,1,1,4,2,2,6,-1,0,0,0,0,0.0,0.0,0.0,0,0,0,0,0,0,1,1,0,0,-1,-1,0,0,-1,-1,-1,-1,-1,-1,-1,-1,-1,43,64,16,53,Sporting CP II,Sporting Covilhã,1.26,0.95,1.78,1.0,1.32,1.42,57,36,0.0,0.0,0.0,38,True,False,False,False,False,False,False,LigaPro_Portugal_2a_división,,,,,2018-01-13 15:00:00
2017-2018,20,0,3,3,9,1,10,1,3,0,0,4,7,9,2,13,9,13,21,56,44,Estádio Municipal 25 de Abril,"Rua Futebol Clube de Penafiel, Penafiel",1,3,2.55,3.18,3.09,1.34,2.1,3.8,1.95,1.87,0.0,0.0,0.0,0.0,0.0,0.0,0.0,0.0,3,0,0,0,3,3,0,1515942000,163,0,55,0,534,-1,1,-1,-1,-1,-1,-1,-1,0,1,1,2,1,3,-1,0,0,0,0,0.0,0.0,0.0,0,1,0,1,0,0,1,1,0,0,-1,-1,0,0,-1,-1,-1,-1,-1,-1,-1,-1,-1,40,65,20,65,FC Penafiel,CD Nacional,1.84,1.63,1.9,1.3,1.58,1.53,60,35,0.0,0.0,0.0,38,True,True,True,False,False,False,False,LigaPro_Portugal_2a_división,,,,,2018-01-14 15:00:00
2017-2018,20,1,0,1,10,1,11,2,4,0,0,6,0,9,3,15,3,25,22,54,46,"Estádio de São Miguel (Ponta Delgada, Ilha de São Miguel, Açores)","Rua Comandante Jaime de Sousa 21, Ponta Delgada, Ilha de São Miguel, Açores",2,4,1.88,3.34,5.05,1.4,2.25,4.2,2.2,1.69,0.0,0.0,0.0,0.0,0.0,0.0,0.0,0.0,1,0,0,1,0,1,0,1515945600,1028,0,63,0,1806,-1,1,-1,-1,-1,-1,-1,-1,1,1,1,3,2,4,-1,0,0,0,0,0.0,0.0,0.0,0,0,0,0,0,0,1,1,0,0,-1,-1,0,0,-1,-1,-1,-1,-1,-1,-1,-1,-1,53,74,26,59,Santa Clara,Cova Piedade,2.05,0.74,1.6,0.56,1.53,1.26,47,26,0.0,0.0,0.0,38,True,False,False,False,False,False,False,LigaPro_Portugal_2a_división,,,,,2018-01-14 16:00:00
2017-2018,20,1,1,2,6,3,9,2,4,0,0,2,2,6,2,8,4,10,24,70,30,Estádio EFAPEL,"Rua Dom Manuel I, Coimbra",2,4,2.05,3.23,4.29,1.41,2.25,4.25,2.1,1.74,0.0,0.0,0.0,0.0,0.0,0.0,0.0,0.0,2,0,1,1,0,1,1,1515842100,-1,0,43,0,6009,-1,1,-1,-1,-1,-1,-1,-1,1,2,1,2,3,3,-1,0,0,0,0,0.0,0.0,0.0,0,0,0,0,0,0,1,1,0,0,-1,-1,0,0,-1,-1,-1,-1,-1,-1,-1,-1,-1,32,59,27,59,Associação Académica de Coimbra OAF,Academico Viseu,1.79,1.68,2.22,1.3,1.74,1.74,69,41,0.0,0.0,0.0,38,True,True,False,False,False,False,True,LigaPro_Portugal_2a_división,,,,,2018-01-13 11:15:00
2017-2018,20,1,0,1,1,2,3,3,5,0,0,3,3,6,4,9,7,19,23,50,50,Estádio Municipal de Arouca,"Afonso Pinto Magalhães Valdasna, Arouca",3,5,2.13,3.18,4.05,1.42,2.3,4.35,2.15,1.71,0.0,0.0,0.0,0.0,0.0,0.0,0.0,0.0,1,1,0,0,0,0,1,1515942000,167,0,45,0,900,-1,1,-1,-1,-1,-1,-1,-1,0,1,3,4,1,7,-1,0,0,0,0,0.0,0.0,0.0,0,0,0,0,0,0,1,1,0,0,-1,-1,0,0,-1,-1,-1,-1,-1,-1,-1,-1,-1,39,73,6,50,FC Arouca,Famalicão,1.84,0.74,2.33,1.11,1.53,1.58,62,28,0.0,0.0,0.0,38,True,False,False,False,False,False,False,LigaPro_Portugal_2a_división,,,,,2018-01-14 15:00:00
2017-2018,20,3,2,5,8,4,12,2,4,1,0,4,4,12,6,16,10,14,16,53,47,Caixa Futebol Campus,", Seixal",3,4,1.85,3.63,4.64,1.23,1.74,2.85,1.74,2.1,0.0,0.0,0.0,0.0,0.0,0.0,0.0,0.0,5,2,1,1,1,2,3,1515859200,1031,0,46,0,614,-1,1,-1,-1,-1,-1,-1,-1,0,1,3,3,1,6,-1,0,0,0,0,0.0,0.0,0.0,0,0,0,0,0,0,1,1,0,0,-1,-1,0,0,-1,-1,-1,-1,-1,-1,-1,-1,-1,46,62,26,73,Benfica II,UD Oliveirense,1.58,1.16,2.0,1.0,1.32,1.16,54,38,0.0,0.0,0.0,38,True,True,True,True,True,False,True,LigaPro_Portugal_2a_división,,,,,2018-01-13 16:00:00
2017-2018,20,0,1,1,5,3,8,1,1,0,0,4,6,11,4,15,10,11,21,48,52,Estádio Cidade de Barcelos,"strada Nacional 103, Vila Boa, Barcelos",1,1,2.57,3.29,2.97,1.26,1.83,3.15,1.77,2.1,0.0,0.0,0.0,0.0,0.0,0.0,0.0,0.0,1,0,0,0,1,1,0,1515928500,1037,0,56,0,986,-1,1,-1,-1,-1,-1,-1,-1,1,0,0,1,1,1,-1,0,0,0,0,0.0,0.0,0.0,0,0,0,0,0,0,1,1,0,0,-1,-1,0,0,-1,-1,-1,-1,-1,-1,-1,-1,-1,78,78,28,84,Gil Vicente,Porto II,1.0,1.11,1.22,1.44,1.16,1.95,22,22,0.0,0.0,0.0,38,True,False,False,False,False,False,False,LigaPro_Portugal_2a_división,,,,,2018-01-14 11:15:00
2017-2018,20,2,1,3,6,1,7,0,1,0,0,5,2,11,4,16,6,9,16,57,43,Estádio Dom Afonso Henriques,"Rua de São Gonçalo 505, Guimarães",0,1,2.62,3.14,3.03,1.38,2.2,4.1,2.0,1.83,0.0,0.0,0.0,0.0,0.0,0.0,0.0,0.0,3,0,1,2,0,2,1,1515942000,1027,0,56,0,1548,-1,1,-1,-1,-1,-1,-1,-1,0,1,0,0,1,0,-1,0,0,0,0,0.0,0.0,0.0,0,0,0,0,0,0,1,1,0,0,-1,-1,0,0,-1,-1,-1,-1,-1,-1,-1,-1,-1,62,67,28,78,Vitória Guimarães II,Varzim,1.37,0.95,1.22,0.44,0.89,1.11,39,33,0.0,0.0,0.0,38,True,True,True,False,False,False,True,LigaPro_Portugal_2a_división,,,,,2018-01-14 15:00:00
2017-2018,20,3,0,3,3,4,7,2,5,0,1,6,4,6,7,12,11,22,18,49,51,Estádio do Mar,"Lugar da Cruz de Pau, Matosinhos",2,7,1.64,3.76,6.52,1.34,2.05,3.7,2.1,1.74,0.0,0.0,0.0,0.0,0.0,0.0,0.0,0.0,3,2,0,1,0,1,2,1515942000,1030,0,37,0,855,-1,1,-1,-1,-1,-1,-1,-1,0,1,2,5,1,7,-1,0,0,0,0,0.0,0.0,0.0,1,0,1,0,0,0,1,1,1,0,-1,-1,0,0,-1,-1,-1,-1,-1,-1,-1,-1,-1,42,58,26,69,Leixões,Real SC,2.05,0.53,2.56,0.6,1.63,0.74,58,42,0.0,0.0,0.0,38,True,True,True,False,False,False,False,LigaPro_Portugal_2a_división,,,,,2018-01-14 15:00:00
2017-2018,21,0,3,3,7,6,13,0,0,0,0,6,3,6,3,12,6,11,15,55,45,Estádio 1º de Maio,", Braga",0,0,3.04,3.45,2.4,1.34,2.05,3.7,1.91,1.91,0.0,0.0,0.0,0.0,0.0,0.0,0.0,0.0,3,0,2,0,1,1,2,1516464000,179,0,55,0,500,-1,-1,-1,-1,-1,-1,-1,-1,0,0,0,0,0,0,-1,0,0,0,0,0.0,0.0,0.0,0,0,0,0,0,0,1,1,0,0,-1,-1,-1,-1,-1,-1,-1,-1,-1,-1,-1,-1,-1,50,75,20,75,Sporting Braga II,Associação Académica de Coimbra OAF,1.21,1.53,1.1,1.3,1.0,1.7,50,25,0.0,0.0,0.0,38,True,True,True,False,False,False,False,LigaPro_Portugal_2a_división,,,,,2018-01-20 16:00:00
2017-2018,21,1,1,2,2,8,10,1,2,0,0,7,7,3,5,10,12,11,21,43,57,Estádio Dr. Jorge Sampaio,"Rua da Paradela, Pedroso, Vila Nova de Gaia",1,2,2.02,3.49,3.93,1.36,2.1,3.9,2.0,1.83,0.0,0.0,0.0,0.0,0.0,0.0,0.0,0.0,2,1,0,0,1,1,1,1516464000,-1,0,45,0,680,-1,1,-1,-1,-1,-1,-1,-1,0,0,1,2,0,3,-1,0,0,0,0,0.0,0.0,0.0,0,0,0,0,0,0,1,1,0,0,-1,-1,0,0,-1,-1,-1,-1,-1,-1,-1,-1,-1,55,70,45,80,Porto II,FC Arouca,1.95,1.26,2.4,0.8,2.0,1.6,45,30,0.0,0.0,0.0,38,True,True,False,False,False,False,True,LigaPro_Portugal_2a_división,,,,,2018-01-20 16:00:00
2017-2018,21,2,0,2,5,7,12,2,2,0,0,4,5,11,6,15,11,19,16,53,47,Estádio da Madeira,"Rua do Esmeraldo, nº 46, Ilha da Madeira",2,2,1.72,3.98,4.94,1.24,1.77,2.9,1.8,2.0,0.0,0.0,0.0,0.0,0.0,0.0,0.0,0.0,2,1,0,1,0,1,1,1516464000,163,0,50,0,2436,-1,1,-1,-1,-1,-1,-1,-1,1,1,1,1,2,2,-1,0,0,0,0,0.0,0.0,0.0,1,0,1,0,0,0,1,1,0,0,-1,-1,0,1,-1,-1,-1,-1,-1,-1,-1,-1,-1,50,78,17,67,CD Nacional,Benfica II,2.11,1.0,1.78,0.56,1.6,1.4,50,22,0.0,0.0,0.0,38,True,True,False,False,False,False,False,LigaPro_Portugal_2a_división,,,,,2018-01-20 16:00:00
2017-2018,21,2,0,2,6,7,13,2,2,0,1,3,5,0,6,3,11,13,15,54,46,Estádio Municipal José Martins Vieira,"Estrada do Brejo, Cova da Piedade, Almada",2,4,2.01,3.24,4.39,1.47,2.4,4.7,2.2,1.67,0.0,0.0,0.0,0.0,0.0,0.0,0.0,0.0,2,1,0,1,0,1,1,1516464000,1036,0,35,0,799,-1,1,-1,-1,-1,-1,-1,-1,0,0,2,3,0,5,-1,0,0,0,0,0.0,0.0,0.0,0,0,0,0,0,0,1,1,0,0,-1,-1,0,0,-1,-1,-1,-1,-1,-1,-1,-1,-1,25,65,20,40,Cova Piedade,Gil Vicente,1.95,0.89,1.9,1.1,1.2,1.1,75,35,0.0,0.0,0.0,38,True,True,False,False,False,False,False,LigaPro_Portugal_2a_división,,,,,2018-01-20 16:00:00
2017-2018,21,1,2,3,5,5,10,3,4,0,0,3,4,3,1,6,5,28,16,52,48,Estádio Municipal de Aveiro,"Parque da Cidade, Taboeira, Aveiro",3,4,2.15,3.44,3.59,0.0,0.0,0.0,0.0,0.0,0.0,0.0,0.0,0.0,0.0,0.0,0.0,0.0,3,1,2,0,0,0,3,1516464000,1027,0,65,0,164,-1,1,-1,-1,-1,-1,-1,-1,0,0,3,4,0,7,-1,0,0,0,0,0.0,0.0,0.0,0,0,0,0,0,0,1,1,0,1,-1,-1,0,0,-1,-1,-1,-1,-1,-1,-1,-1,-1,60,85,20,70,UD Oliveirense,Vitória Guimarães II,1.42,1.26,1.3,0.6,1.1,1.0,40,15,0.0,0.0,0.0,38,True,True,True,False,False,False,True,LigaPro_Portugal_2a_división,,,,,2018-01-20 16:00:00
2017-2018,21,1,1,2,5,3,8,3,4,0,0,9,6,4,3,13,9,20,22,53,47,Estádio Varzim Sport Club,"Rua do Varzim Sport Club, Póvoa de Varzim",3,4,2.51,3.16,3.12,1.43,2.3,4.35,2.05,1.77,0.0,0.0,0.0,0.0,0.0,0.0,0.0,0.0,2,0,0,1,1,2,0,1516464000,-1,0,50,0,2017,-1,1,-1,-1,-1,-1,-1,-1,1,1,2,3,2,5,-1,0,0,0,0,0.0,0.0,0.0,0,0,0,0,0,0,1,1,0,0,-1,-1,0,0,-1,-1,-1,-1,-1,-1,-1,-1,-1,40,75,25,65,Varzim,Leixões,1.68,0.89,1.7,0.8,1.05,1.7,60,25,0.0,0.0,0.0,38,True,True,False,False,False,False,True,LigaPro_Portugal_2a_división,,,,,2018-01-20 16:00:00
2017-2018,21,1,1,2,8,5,13,2,2,0,0,2,4,5,4,7,8,18,15,41,59,Estádio Municipal do Fontelo,"Avenida José Relvas, Viseu",2,2,1.93,3.56,4.24,1.32,2.0,3.55,1.95,1.87,0.0,0.0,0.0,0.0,0.0,0.0,0.0,0.0,2,1,0,0,1,1,1,1516464000,-1,0,63,0,735,-1,1,-1,-1,-1,-1,-1,-1,1,1,1,1,2,2,-1,0,0,0,0,0.0,0.0,0.0,0,0,0,0,0,0,1,1,0,0,-1,-1,0,0,-1,-1,-1,-1,-1,-1,-1,-1,-1,69,79,37,58,Academico Viseu,Sporting CP II,1.68,0.95,2.22,0.9,1.7,1.25,32,22,0.0,0.0,0.0,38,True,True,False,False,False,False,True,LigaPro_Portugal_2a_división,,,,,2018-01-20 16:00:00
2017-2018,21,1,0,1,6,7,13,3,2,0,1,6,8,6,7,12,15,15,11,48,52,Complexo Desportivo da Covilhã (Covilhã),"Centro Civico, Covilhã",3,4,2.49,3.1,3.21,1.45,2.4,4.6,2.1,1.74,0.0,0.0,0.0,0.0,0.0,0.0,0.0,0.0,1,1,0,0,0,0,1,1516464000,1026,0,56,0,535,-1,1,-1,-1,-1,-1,-1,-1,2,2,1,1,4,2,-1,0,0,0,0,0.0,0.0,0.0,0,0,0,0,0,0,1,1,0,0,-1,-1,0,0,-1,-1,-1,-1,-1,-1,-1,-1,-1,50,78,22,56,Sporting Covilhã,Santa Clara,1.53,1.42,1.89,1.44,1.5,1.6,50,22,0.0,0.0,0.0,38,True,False,False,False,False,False,False,LigaPro_Portugal_2a_división,,,,,2018-01-20 16:00:00
2017-2018,21,1,2,3,7,7,14,4,4,1,0,10,5,3,8,13,13,20,18,48,52,Estádio Municipal 22 de Junho,"Alameda dos Bargos, Vila Nova de Famalicão",5,4,2.26,3.37,3.38,0.0,0.0,0.0,0.0,0.0,0.0,0.0,0.0,0.0,0.0,0.0,0.0,0.0,3,0,0,1,2,3,0,1516464000,182,0,54,0,1577,-1,1,-1,-1,-1,-1,-1,-1,0,1,5,3,1,8,-1,0,0,0,0,0.0,0.0,0.0,0,1,0,1,0,0,1,1,0,0,-1,-1,0,0,-1,-1,-1,-1,-1,-1,-1,-1,-1,64,80,31,84,Famalicão,FC Penafiel,1.79,1.42,2.0,1.22,1.5,1.5,36,21,0.0,0.0,0.0,38,True,True,True,False,False,False,True,LigaPro_Portugal_2a_división,,,,,2018-01-20 16:00:00
2017-2018,21,3,1,4,2,4,6,3,1,0,0,6,3,8,2,14,5,17,14,48,52,Estádio do Real SC,"Rua Cidade Desportiva, Monte Abraão, Queluz",3,1,2.56,3.28,2.94,0.0,0.0,0.0,0.0,0.0,0.0,0.0,0.0,0.0,0.0,0.0,0.0,0.0,4,1,1,2,0,2,2,1516464000,1039,0,73,0,432,-1,1,-1,-1,-1,-1,-1,-1,1,0,2,1,1,3,-1,0,0,0,0,0.0,0.0,0.0,0,0,0,0,0,0,1,1,0,0,-1,-1,0,0,-1,-1,-1,-1,-1,-1,-1,-1,-1,50,78,11,78,Real SC,CF União,1.16,0.74,0.89,0.22,0.7,1.15,50,22,0.0,0.0,0.0,38,True,True,True,True,False,False,True,LigaPro_Portugal_2a_división,,,,,2018-01-20 16:00:00
2017-2018,22,0,0,0,6,1,7,0,0,0,0,5,2,10,5,15,7,23,22,57,43,"Estádio de São Miguel (Ponta Delgada, Ilha de São Miguel, Açores)","Rua Comandante Jaime de Sousa 21, Ponta Delgada, Ilha de São Miguel, Açores",0,0,1.68,3.71,5.91,0.0,0.0,0.0,0.0,0.0,0.0,0.0,0.0,0.0,0.0,0.0,0.0,0.0,0,0,0,0,0,0,0,1517353200,-1,0,62,0,981,-1,-1,-1,-1,-1,-1,-1,-1,0,0,0,0,0,0,-1,0,0,0,0,0.0,0.0,0.0,0,0,0,0,0,0,1,1,0,0,-1,-1,-1,-1,-1,-1,-1,-1,-1,-1,-1,-1,-1,43,72,34,63,Santa Clara,Sporting Braga II,2.05,1.11,1.73,0.9,1.52,0.95,58,28,0.0,0.0,0.0,38,False,False,False,False,False,False,False,LigaPro_Portugal_2a_división,,,,,2018-01-30 23:00:00
2017-2018,22,3,0,3,3,5,8,2,2,0,0,2,5,3,5,5,10,15,16,49,51,Estádio Dom Afonso Henriques,"Rua de São Gonçalo 505, Guimarães",2,2,2.68,3.21,2.85,0.0,0.0,0.0,0.0,0.0,0.0,0.0,0.0,0.0,0.0,0.0,0.0,0.0,3,1,0,2,0,2,1,1517353200,1027,0,53,0,1215,-1,1,-1,-1,-1,-1,-1,-1,1,2,1,0,3,1,-1,0,0,0,0,0.0,0.0,0.0,0,0,0,0,0,0,1,1,0,0,-1,-1,0,0,-1,-1,-1,-1,-1,-1,-1,-1,-1,49,63,25,73,Vitória Guimarães II,Sporting Covilhã,1.37,0.95,1.4,1.18,1.1,1.57,52,38,0.0,0.0,0.0,38,True,True,True,False,False,False,False,LigaPro_Portugal_2a_división,,,,,2018-01-30 23:00:00
2017-2018,22,2,1,3,4,9,13,3,1,0,1,4,5,2,3,6,8,17,19,50,50,CGD Stadium Aurélio Pereira,", Alcochete",3,2,2.03,3.58,3.82,0.0,0.0,0.0,0.0,0.0,0.0,0.0,0.0,0.0,0.0,0.0,0.0,0.0,3,1,1,1,0,1,2,1517353200,1029,0,39,0,200,-1,1,-1,-1,-1,-1,-1,-1,0,1,3,1,1,4,-1,0,0,0,0,0.0,0.0,0.0,0,0,0,0,0,0,1,1,0,0,-1,-1,0,0,-1,-1,-1,-1,-1,-1,-1,-1,-1,48,67,33,67,Sporting CP II,Real SC,1.26,0.53,1.6,0.55,1.24,0.81,53,33,0.0,0.0,0.0,38,True,True,True,False,False,False,True,LigaPro_Portugal_2a_división,,,,,2018-01-30 23:00:00
2017-2018,22,4,2,6,2,7,9,1,4,0,0,5,6,6,4,11,10,11,14,56,44,Estádio EFAPEL,"Rua Dom Manuel I, Coimbra",1,4,1.54,4.08,7.14,0.0,0.0,0.0,0.0,0.0,0.0,0.0,0.0,0.0,0.0,0.0,0.0,0.0,6,3,2,1,0,1,5,1517353200,179,0,65,0,4332,-1,1,-1,-1,-1,-1,-1,-1,1,0,0,4,1,4,-1,0,0,0,0,0.0,0.0,0.0,1,0,1,0,0,0,1,1,0,0,-1,-1,0,0,-1,-1,-1,-1,-1,-1,-1,-1,-1,40,80,25,85,Associação Académica de Coimbra OAF,CF União,1.79,0.74,2.1,0.2,1.76,1.1,60,20,0.0,0.0,0.0,38,True,True,True,True,True,True,True,LigaPro_Portugal_2a_división,,,,,2018-01-30 23:00:00
2017-2018,22,0,0,0,9,2,11,5,2,0,0,3,3,4,0,7,3,29,29,55,45,Estádio Municipal de Arouca,"Afonso Pinto Magalhães Valdasna, Arouca",5,2,1.71,3.62,5.68,0.0,0.0,0.0,0.0,0.0,0.0,0.0,0.0,0.0,0.0,0.0,0.0,0.0,0,0,0,0,0,0,0,1517353200,-1,0,35,0,940,-1,1,-1,-1,-1,-1,-1,-1,0,1,5,1,1,6,-1,0,0,0,0,0.0,0.0,0.0,0,0,0,0,0,0,1,1,0,0,-1,-1,0,0,-1,-1,-1,-1,-1,-1,-1,-1,-1,40,60,15,60,FC Arouca,Cova Piedade,1.84,0.74,2.4,0.5,1.57,1.29,60,40,0.0,0.0,0.0,38,False,False,False,False,False,False,False,LigaPro_Portugal_2a_división,,,,,2018-01-30 23:00:00
2017-2018,22,5,0,5,4,8,12,1,3,0,0,9,3,6,5,15,8,9,16,52,48,Caixa Futebol Campus,", Seixal",1,3,2.14,3.46,3.58,0.0,0.0,0.0,0.0,0.0,0.0,0.0,0.0,0.0,0.0,0.0,0.0,0.0,5,2,0,3,0,3,2,1517353200,1031,0,67,0,318,-1,1,-1,-1,-1,-1,-1,-1,0,1,1,2,1,3,-1,0,0,0,0,0.0,0.0,0.0,0,0,0,0,0,0,1,1,1,0,-1,-1,0,0,-1,-1,-1,-1,-1,-1,-1,-1,-1,57,81,23,71,Benfica II,Famalicão,1.58,0.74,2.09,1.0,1.33,1.43,44,19,0.0,0.0,0.0,38,True,True,True,True,True,False,False,LigaPro_Portugal_2a_división,,,,,2018-01-30 23:00:00
2017-2018,22,0,1,1,8,3,11,2,3,0,0,6,2,9,6,15,8,15,15,57,43,Estádio Cidade de Barcelos,"strada Nacional 103, Vila Boa, Barcelos",2,3,2.16,3.2,3.86,0.0,0.0,0.0,0.0,0.0,0.0,0.0,0.0,0.0,0.0,0.0,0.0,0.0,1,0,0,0,1,1,0,1517353200,1034,0,45,0,814,-1,1,-1,-1,-1,-1,-1,-1,2,1,0,2,3,2,-1,0,0,0,0,0.0,0.0,0.0,0,0,0,0,0,0,1,1,0,0,-1,-1,0,0,-1,-1,-1,-1,-1,-1,-1,-1,-1,60,60,20,65,Gil Vicente,Varzim,1.0,0.95,1.1,0.4,1.05,1.05,40,40,0.0,0.0,0.0,38,True,False,False,False,False,False,False,LigaPro_Portugal_2a_división,,,,,2018-01-30 23:00:00
2017-2018,22,1,1,2,6,8,14,2,3,0,0,4,7,2,5,6,12,20,15,46,54,Estádio do Mar,"Lugar da Cruz de Pau, Matosinhos",2,3,2.37,3.14,3.41,0.0,0.0,0.0,0.0,0.0,0.0,0.0,0.0,0.0,0.0,0.0,0.0,0.0,2,1,0,0,1,1,1,1517353200,-1,0,38,0,1100,-1,1,-1,-1,-1,-1,-1,-1,1,1,1,2,2,3,-1,0,0,0,0,0.0,0.0,0.0,0,0,0,0,0,0,1,1,0,0,-1,-1,0,0,-1,-1,-1,-1,-1,-1,-1,-1,-1,39,53,19,58,Leixões,Academico Viseu,2.05,1.68,2.6,1.27,1.67,1.67,62,48,0.0,0.0,0.0,38,True,True,False,False,False,False,True,LigaPro_Portugal_2a_división,,,,,2018-01-30 23:00:00
2017-2018,22,2,1,3,4,5,9,1,3,0,0,10,11,7,9,17,20,14,19,51,49,Estádio da Madeira,"Rua do Esmeraldo, nº 46, Ilha da Madeira",1,3,1.5,4.26,7.41,1.28,1.91,3.25,1.95,1.87,0.0,0.0,0.0,0.0,0.0,0.0,0.0,0.0,3,1,0,1,1,2,1,1519902000,163,0,53,0,928,-1,1,-1,-1,-1,-1,-1,-1,0,2,1,1,2,2,-1,0,0,0,0,0.0,0.0,0.0,0,0,0,0,0,0,1,1,1,0,-1,-1,0,0,-1,-1,-1,-1,-1,-1,-1,-1,-1,39,79,17,70,CD Nacional,UD Oliveirense,2.11,1.16,1.82,1.08,1.54,1.16,61,21,0.0,0.0,0.0,38,True,True,True,False,False,False,True,LigaPro_Portugal_2a_división,,,,,2018-03-01 11:00:00
2017-2018,22,1,0,1,3,6,9,4,2,0,0,2,2,7,4,9,6,20,8,33,67,Estádio Municipal 25 de Abril,"Rua Futebol Clube de Penafiel, Penafiel",4,2,2.59,3.28,2.9,0.0,0.0,0.0,0.0,0.0,0.0,0.0,0.0,0.0,0.0,0.0,0.0,0.0,1,1,0,0,0,0,1,1517353200,182,0,53,0,830,-1,1,-1,-1,-1,-1,-1,-1,1,0,3,2,1,5,-1,0,0,0,0,0.0,0.0,0.0,0,0,0,0,0,0,1,1,0,0,-1,-1,0,0,-1,-1,-1,-1,-1,-1,-1,-1,-1,58,72,15,77,FC Penafiel,Porto II,1.84,1.11,1.73,1.6,1.57,1.95,42,28,0.0,0.0,0.0,38,True,False,False,False,False,False,False,LigaPro_Portugal_2a_división,,,,,2018-01-30 23:00:00
2017-2018,23,1,3,4,13,2,15,0,4,0,0,5,6,8,3,13,9,16,18,55,45,Estádio Municipal do Fontelo,"Avenida José Relvas, Viseu",0,4,2.55,2.98,3.25,1.61,2.9,5.95,2.4,1.57,0.0,0.0,0.0,0.0,0.0,0.0,0.0,0.0,4,0,3,1,0,1,3,1517756400,167,0,48,0,637,-1,1,-1,-1,-1,-1,-1,-1,0,1,0,3,1,3,-1,0,0,0,0,0.0,0.0,0.0,0,0,0,0,0,0,1,1,0,1,-1,-1,0,0,-1,-1,-1,-1,-1,-1,-1,-1,-1,48,67,33,71,Academico Viseu,FC Arouca,1.68,1.26,2.1,0.82,1.64,1.55,52,33,0.0,0.0,0.0,38,True,True,True,True,False,False,True,LigaPro_Portugal_2a_división,,,,,2018-02-04 15:00:00
2017-2018,23,1,3,4,5,4,9,2,2,0,0,4,7,6,5,10,12,22,18,58,42,Estádio Varzim Sport Club,"Rua do Varzim Sport Club, Póvoa de Varzim",2,2,2.45,3.19,3.19,1.29,1.95,3.35,1.83,1.95,0.0,0.0,0.0,0.0,0.0,0.0,0.0,0.0,4,1,1,0,2,2,2,1517756400,1031,0,33,0,1585,-1,1,-1,-1,-1,-1,-1,-1,1,1,1,1,2,2,-1,0,0,0,0,0.0,0.0,0.0,0,0,0,0,0,0,1,1,0,0,-1,-1,0,0,-1,-1,-1,-1,-1,-1,-1,-1,-1,38,58,19,53,Varzim,Benfica II,1.68,1.0,1.64,0.5,1.14,1.41,62,43,0.0,0.0,0.0,38,True,True,True,True,False,False,True,LigaPro_Portugal_2a_división,,,,,2018-02-04 15:00:00
2017-2018,23,0,0,0,9,7,16,2,2,0,0,3,5,10,9,13,14,16,15,57,43,Estádio do Centro Desportivo da Madeira,"VE4 65, Madeira",2,2,2.46,3.13,3.24,1.39,2.2,4.15,2.0,1.8,0.0,0.0,0.0,0.0,0.0,0.0,0.0,0.0,0,0,0,0,0,0,0,1517756400,-1,0,41,0,566,-1,1,-1,-1,-1,-1,-1,-1,1,1,1,1,2,2,-1,0,0,0,0,0.0,0.0,0.0,0,0,0,0,0,0,1,1,0,0,-1,-1,0,0,-1,-1,-1,-1,-1,-1,-1,-1,-1,32,73,27,55,CF União,Gil Vicente,1.58,0.89,1.91,1.0,1.05,1.0,69,27,0.0,0.0,0.0,38,False,False,False,False,False,False,False,LigaPro_Portugal_2a_división,,,,,2018-02-04 15:00:00
2017-2018,23,1,3,4,7,1,8,1,1,0,1,8,6,11,1,19,7,12,10,62,38,Estádio do Real SC,"Rua Cidade Desportiva, Monte Abraão, Queluz",1,3,2.63,3.23,2.9,1.3,1.95,3.4,1.83,2.0,0.0,0.0,0.0,0.0,0.0,0.0,0.0,0.0,4,0,2,1,1,2,2,1517756400,1027,0,68,0,170,-1,1,-1,-1,-1,-1,-1,-1,0,1,1,1,1,2,-1,0,0,0,0,0.0,0.0,0.0,1,1,1,1,0,0,1,1,0,1,-1,-1,0,0,-1,-1,-1,-1,-1,-1,-1,-1,-1,67,77,28,67,Real SC,Vitória Guimarães II,1.16,1.26,1.1,0.82,0.77,1.18,34,24,0.0,0.0,0.0,38,True,True,True,True,False,False,True,LigaPro_Portugal_2a_división,,,,,2018-02-04 15:00:00
2017-2018,23,2,1,3,3,9,12,2,0,0,0,5,8,6,6,11,14,15,12,46,54,Estádio Dr. Jorge Sampaio,"Rua da Paradela, Pedroso, Vila Nova de Gaia",2,0,2.12,3.33,3.8,1.3,1.95,3.4,1.83,2.0,0.0,0.0,0.0,0.0,0.0,0.0,0.0,0.0,3,0,1,2,0,2,1,1517756400,1037,0,69,0,930,-1,1,-1,-1,-1,-1,-1,-1,1,0,1,0,1,1,-1,0,0,0,0,0.0,0.0,0.0,0,0,0,0,0,0,1,1,0,0,-1,-1,0,0,-1,-1,-1,-1,-1,-1,-1,-1,-1,50,91,36,78,Porto II,Leixões,1.95,0.89,2.27,0.82,1.86,1.64,50,9,0.0,0.0,0.0,38,True,True,True,False,False,False,True,LigaPro_Portugal_2a_división,,,,,2018-02-04 15:00:00
2017-2018,23,0,1,1,7,1,8,1,1,1,0,3,3,3,4,6,7,19,16,58,42,Estádio EFAPEL,"Rua Dom Manuel I, Coimbra",3,1,2.01,3.28,4.3,0.0,0.0,0.0,0.0,0.0,0.0,0.0,0.0,0.0,0.0,0.0,0.0,0.0,1,0,1,0,0,0,1,1517742900,1028,0,62,0,4236,-1,1,-1,-1,-1,-1,-1,-1,0,0,2,1,0,3,-1,0,0,0,0,0.0,0.0,0.0,0,0,0,0,0,0,1,1,0,0,-1,-1,0,0,-1,-1,-1,-1,-1,-1,-1,-1,-1,43,81,38,81,Associação Académica de Coimbra OAF,Santa Clara,1.79,1.42,2.18,1.3,1.82,1.5,57,19,0.0,0.0,0.0,38,True,False,False,False,False,False,False,LigaPro_Portugal_2a_división,,,,,2018-02-04 11:15:00
2017-2018,23,0,0,0,3,6,9,2,4,0,0,4,6,8,6,12,12,18,16,48,52,Estádio 1º de Maio,", Braga",2,4,2.66,3.2,2.88,1.34,2.05,3.75,1.91,1.91,0.0,0.0,0.0,0.0,0.0,0.0,0.0,0.0,0,0,0,0,0,0,0,1517756400,-1,0,68,0,330,-1,1,-1,-1,-1,-1,-1,-1,0,2,2,2,2,4,-1,0,0,0,0,0.0,0.0,0.0,0,0,0,0,0,0,1,1,0,0,-1,-1,0,0,-1,-1,-1,-1,-1,-1,-1,-1,-1,58,82,24,72,Sporting Braga II,FC Penafiel,1.21,1.42,1.0,1.4,0.95,1.64,42,19,0.0,0.0,0.0,38,False,False,False,False,False,False,False,LigaPro_Portugal_2a_división,,,,,2018-02-04 15:00:00
2017-2018,23,1,1,2,0,6,6,1,2,0,0,8,3,4,6,12,9,19,13,52,48,Complexo Desportivo da Covilhã (Covilhã),"Centro Civico, Covilhã",1,2,1.87,3.33,4.99,1.45,2.4,4.6,2.2,1.67,0.0,0.0,0.0,0.0,0.0,0.0,0.0,0.0,2,0,0,1,1,2,0,1517756400,-1,0,35,0,334,-1,1,-1,-1,-1,-1,-1,-1,1,2,0,0,3,0,-1,0,0,0,0,0.0,0.0,0.0,1,0,1,0,0,0,1,1,0,0,-1,-1,0,0,-1,-1,-1,-1,-1,-1,-1,-1,-1,35,55,10,50,Sporting Covilhã,UD Oliveirense,1.53,1.16,2.0,0.9,1.5,1.05,65,45,0.0,0.0,0.0,38,True,True,False,False,False,False,True,LigaPro_Portugal_2a_división,,,,,2018-02-04 15:00:00
2017-2018,23,3,2,5,4,4,8,3,4,0,0,6,4,5,9,11,13,24,21,44,56,Estádio Municipal 22 de Junho,"Alameda dos Bargos, Vila Nova de Famalicão",3,4,3.35,3.25,2.33,1.3,1.95,3.4,1.83,2.0,0.0,0.0,0.0,0.0,0.0,0.0,0.0,0.0,5,2,1,1,1,2,3,1517760000,1033,0,46,0,1410,-1,1,-1,-1,-1,-1,-1,-1,1,1,2,3,2,5,-1,0,0,0,0,0.0,0.0,0.0,0,0,0,0,0,0,1,1,0,0,-1,-1,0,0,-1,-1,-1,-1,-1,-1,-1,-1,-1,55,73,32,69,Famalicão,CD Nacional,1.79,1.63,1.82,1.45,1.36,1.67,45,27,0.0,0.0,0.0,38,True,True,True,True,True,False,True,LigaPro_Portugal_2a_división,,,,,2018-02-04 16:00:00
2017-2018,23,3,1,4,4,9,13,1,4,1,0,5,7,4,8,9,15,15,14,45,55,Estádio Municipal José Martins Vieira,"Estrada do Brejo, Cova da Piedade, Almada",2,4,2.32,3.23,3.39,0.0,0.0,0.0,0.0,0.0,0.0,0.0,0.0,0.0,0.0,0.0,0.0,0.0,4,3,0,0,1,1,3,1517756400,1036,0,46,0,1111,-1,1,-1,-1,-1,-1,-1,-1,1,1,1,3,2,4,-1,0,0,0,0,0.0,0.0,0.0,0,0,0,0,0,0,1,1,0,0,-1,-1,0,0,-1,-1,-1,-1,-1,-1,-1,-1,-1,46,78,27,55,Cova Piedade,Sporting CP II,1.95,0.95,2.0,0.91,1.27,1.32,55,23,0.0,0.0,0.0,38,True,True,True,True,False,False,True,LigaPro_Portugal_2a_división,,,,,2018-02-04 15:00:00
2017-2018,24,0,4,4,8,1,9,3,2,0,0,7,7,11,5,18,12,19,19,57,43,Estádio Cidade de Barcelos,"strada Nacional 103, Vila Boa, Barcelos",3,2,3.01,3.14,2.6,1.42,2.25,4.3,2.05,1.77,0.0,0.0,0.0,0.0,0.0,0.0,0.0,0.0,4,0,2,0,2,2,2,1518347700,179,0,41,0,752,-1,1,-1,-1,-1,-1,-1,-1,1,1,2,1,2,3,-1,0,0,0,0,0.0,0.0,0.0,0,1,0,1,0,0,1,1,0,0,-1,-1,0,0,-1,-1,-1,-1,-1,-1,-1,-1,-1,64,69,27,69,Gil Vicente,Associação Académica de Coimbra OAF,1.0,1.53,1.0,1.45,1.0,1.74,36,32,0.0,0.0,0.0,38,True,True,True,True,False,False,False,LigaPro_Portugal_2a_división,,,,,2018-02-11 11:15:00
2017-2018,24,1,1,2,2,8,10,2,1,0,0,2,3,3,4,5,7,18,14,49,51,Estádio do Mar,"Lugar da Cruz de Pau, Matosinhos",2,1,1.79,3.44,5.34,1.38,2.2,4.1,2.15,1.71,0.0,0.0,0.0,0.0,0.0,0.0,0.0,0.0,2,1,0,0,1,1,1,1518361200,-1,0,50,0,1181,-1,1,-1,-1,-1,-1,-1,-1,0,0,2,1,0,3,-1,0,0,0,0,0.0,0.0,0.0,0,0,0,0,0,0,1,1,0,0,-1,-1,0,0,-1,-1,-1,-1,-1,-1,-1,-1,-1,41,69,27,73,Leixões,Sporting Braga II,2.05,1.11,2.45,0.91,1.57,0.96,60,32,0.0,0.0,0.0,38,True,True,False,False,False,False,True,LigaPro_Portugal_2a_división,,,,,2018-02-11 15:00:00
2017-2018,24,1,1,2,7,3,10,2,5,0,0,6,2,4,4,10,6,15,23,53,47,Estádio da Madeira,"Rua do Esmeraldo, nº 46, Ilha da Madeira",2,5,1.86,3.34,5.05,1.42,2.25,4.3,2.25,1.65,0.0,0.0,0.0,0.0,0.0,0.0,0.0,0.0,2,1,0,0,1,1,1,1518361200,-1,0,47,0,1423,-1,1,-1,-1,-1,-1,-1,-1,0,0,2,5,0,7,-1,0,0,0,0,0.0,0.0,0.0,0,0,0,0,0,0,1,1,0,0,-1,-1,0,0,-1,-1,-1,-1,-1,-1,-1,-1,-1,42,75,9,69,CD Nacional,Sporting Covilhã,2.11,0.95,1.9,1.08,1.59,1.48,59,25,0.0,0.0,0.0,38,True,True,False,False,False,False,True,LigaPro_Portugal_2a_división,,,,,2018-02-11 15:00:00
2017-2018,24,2,0,2,2,5,7,2,3,0,0,5,3,5,7,10,10,16,13,49,51,Estádio Municipal de Aveiro,"Parque da Cidade, Taboeira, Aveiro",2,3,2.37,3.42,3.11,0.0,0.0,0.0,0.0,0.0,0.0,0.0,0.0,0.0,0.0,0.0,0.0,0.0,2,2,0,0,0,0,2,1518361200,1038,0,69,0,420,-1,1,-1,-1,-1,-1,-1,-1,0,1,2,2,1,4,-1,0,0,0,0,0.0,0.0,0.0,0,0,0,0,0,0,1,1,0,0,-1,-1,0,0,-1,-1,-1,-1,-1,-1,-1,-1,-1,50,91,14,69,UD Oliveirense,Famalicão,1.42,0.74,1.18,0.91,1.05,1.43,50,9,0.0,0.0,0.0,38,True,True,False,False,False,False,False,LigaPro_Portugal_2a_división,,,,,2018-02-11 15:00:00
2017-2018,24,2,0,2,6,6,12,1,4,0,0,5,3,7,4,12,7,18,13,48,52,"Estádio de São Miguel (Ponta Delgada, Ilha de São Miguel, Açores)","Rua Comandante Jaime de Sousa 21, Ponta Delgada, Ilha de São Miguel, Açores",1,4,2.17,3.23,3.78,1.36,2.1,3.85,2.0,1.83,0.0,0.0,0.0,0.0,0.0,0.0,0.0,0.0,2,2,0,0,0,0,2,1518364800,1028,0,57,0,2541,-1,1,-1,-1,-1,-1,-1,-1,0,1,1,3,1,4,-1,0,0,0,0,0.0,0.0,0.0,0,0,0,0,0,0,1,1,0,0,-1,-1,0,0,-1,-1,-1,-1,-1,-1,-1,-1,-1,58,66,22,67,Santa Clara,Porto II,2.05,1.11,1.67,1.45,1.57,1.91,43,35,0.0,0.0,0.0,38,True,True,False,False,False,False,False,LigaPro_Portugal_2a_división,,,,,2018-02-11 16:00:00
2017-2018,24,1,0,1,4,4,8,3,1,0,0,4,0,3,4,7,4,14,16,49,51,Estádio Municipal de Arouca,"Afonso Pinto Magalhães Valdasna, Arouca",3,1,1.57,3.81,7.34,1.38,2.2,4.1,2.45,1.56,0.0,0.0,0.0,0.0,0.0,0.0,0.0,0.0,1,1,0,0,0,0,1,1518361200,167,0,26,0,849,-1,1,-1,-1,-1,-1,-1,-1,2,0,1,1,2,2,-1,0,0,0,0,0.0,0.0,0.0,0,0,0,0,0,0,1,1,0,0,-1,-1,0,0,-1,-1,-1,-1,-1,-1,-1,-1,-1,39,56,30,65,FC Arouca,Real SC,1.84,0.53,2.27,0.5,1.61,0.74,62,44,0.0,0.0,0.0,38,True,False,False,False,False,False,False,LigaPro_Portugal_2a_división,,,,,2018-02-11 15:00:00
2017-2018,24,1,5,6,9,3,12,3,3,0,0,7,9,13,2,20,11,13,13,59,41,Caixa Futebol Campus,", Seixal",3,3,2.39,3.31,3.18,1.3,1.95,3.4,1.83,2.0,0.0,0.0,0.0,0.0,0.0,0.0,0.0,0.0,6,1,3,0,2,2,4,1518364800,1032,0,55,0,696,-1,1,-1,-1,-1,-1,-1,-1,1,0,2,3,1,5,-1,0,0,0,0,0.0,0.0,0.0,0,0,0,0,0,0,1,1,0,0,-1,-1,0,0,-1,-1,-1,-1,-1,-1,-1,-1,-1,50,67,34,71,Benfica II,Academico Viseu,1.58,1.68,2.17,1.25,1.48,1.57,50,34,0.0,0.0,0.0,38,True,True,True,True,True,True,True,LigaPro_Portugal_2a_división,,,,,2018-02-11 16:00:00
2017-2018,24,1,0,1,6,7,13,2,4,0,1,5,5,7,2,12,7,14,14,47,53,Estádio Dom Afonso Henriques,"Rua de São Gonçalo 505, Guimarães",2,6,2.25,3.31,3.47,1.36,2.1,3.9,1.95,1.83,0.0,0.0,0.0,0.0,0.0,0.0,0.0,0.0,1,0,0,1,0,1,0,1518361200,1027,0,55,0,1602,-1,1,-1,-1,-1,-1,-1,-1,2,4,0,1,6,1,-1,0,0,0,0,0.0,0.0,0.0,0,0,0,0,0,0,1,1,0,0,-1,-1,0,0,-1,-1,-1,-1,-1,-1,-1,-1,-1,59,73,27,73,Vitória Guimarães II,Cova Piedade,1.37,0.74,1.55,0.55,1.26,1.35,41,27,0.0,0.0,0.0,38,True,False,False,False,False,False,False,LigaPro_Portugal_2a_división,,,,,2018-02-11 15:00:00
2017-2018,24,2,3,5,5,3,8,0,4,0,0,5,6,2,3,7,9,26,18,47,53,Estádio Municipal 25 de Abril,"Rua Futebol Clube de Penafiel, Penafiel",0,4,1.87,3.41,5.09,1.44,2.35,4.55,2.2,1.67,0.0,0.0,0.0,0.0,0.0,0.0,0.0,0.0,5,2,1,0,2,2,3,1518261300,1034,0,44,0,758,-1,1,-1,-1,-1,-1,-1,-1,0,2,0,2,2,2,-1,0,0,0,0,0.0,0.0,0.0,0,0,0,0,0,0,1,1,1,0,-1,-1,0,0,-1,-1,-1,-1,-1,-1,-1,-1,-1,44,57,9,66,FC Penafiel,Varzim,1.84,0.95,1.83,0.64,1.61,1.09,56,44,0.0,0.0,0.0,38,True,True,True,True,True,False,True,LigaPro_Portugal_2a_división,,,,,2018-02-10 11:15:00
2017-2018,24,0,1,1,9,4,13,2,1,0,0,4,4,6,6,10,10,19,20,62,38,CGD Stadium Aurélio Pereira,", Alcochete",2,1,2.18,3.35,3.59,1.28,1.91,3.25,1.8,2.05,0.0,0.0,0.0,0.0,0.0,0.0,0.0,0.0,1,0,1,0,0,0,1,1518361200,178,0,64,0,152,-1,1,-1,-1,-1,-1,-1,-1,0,0,2,1,0,3,-1,0,0,0,0,0.0,0.0,0.0,0,0,0,0,0,0,1,1,0,0,-1,-1,0,0,-1,-1,-1,-1,-1,-1,-1,-1,-1,55,78,27,78,Sporting CP II,CF União,1.26,0.74,1.73,0.18,1.26,1.04,45,23,0.0,0.0,0.0,38,True,False,False,False,False,False,False,LigaPro_Portugal_2a_división,,,,,2018-02-11 15:00:00
2017-2018,25,1,3,4,8,3,11,3,3,0,0,3,5,7,2,10,7,14,30,59,41,Estádio 1º de Maio,", Braga",3,3,2.93,3.08,2.71,1.56,2.7,5.5,2.3,1.61,0.0,0.0,0.0,0.0,0.0,0.0,0.0,0.0,4,0,2,1,1,2,2,1518879600,167,0,46,0,302,-1,1,-1,-1,-1,-1,-1,-1,0,0,3,3,0,6,-1,0,0,0,0,0.0,0.0,0.0,0,0,0,0,0,0,1,1,0,0,-1,-1,0,0,-1,-1,-1,-1,-1,-1,-1,-1,-1,38,67,34,75,Sporting Braga II,FC Arouca,1.21,1.26,1.0,1.0,0.96,1.67,63,33,0.0,0.0,0.0,38,True,True,True,True,False,False,True,LigaPro_Portugal_2a_división,,,,,2018-02-17 15:00:00
2017-2018,25,5,1,6,3,2,5,2,0,0,1,8,4,7,3,15,7,20,10,50,50,Estádio do Real SC,"Rua Cidade Desportiva, Monte Abraão, Queluz",2,2,2.25,3.54,3.24,1.21,1.69,2.7,1.62,2.3,0.0,0.0,0.0,0.0,0.0,0.0,0.0,0.0,6,0,0,5,1,6,0,1518952500,1039,0,59,0,912,-1,1,-1,-1,-1,-1,-1,-1,2,0,0,1,2,1,-1,0,0,0,0,0.0,0.0,0.0,1,0,1,0,0,0,1,1,0,0,-1,-1,0,0,-1,-1,-1,-1,-1,-1,-1,-1,-1,55,73,27,69,Real SC,Benfica II,1.16,1.0,1.0,0.73,0.71,1.42,46,27,0.0,0.0,0.0,38,True,True,True,True,True,True,True,LigaPro_Portugal_2a_división,,,,,2018-02-18 11:15:00
2017-2018,25,2,0,2,2,3,5,1,3,0,1,3,2,1,2,4,4,30,21,50,50,Estádio Varzim Sport Club,"Rua do Varzim Sport Club, Póvoa de Varzim",1,4,2.32,3.23,3.39,0.0,0.0,0.0,0.0,0.0,0.0,0.0,0.0,0.0,0.0,0.0,0.0,0.0,2,1,0,1,0,1,1,1518966000,1034,0,46,0,2146,-1,1,-1,-1,-1,-1,-1,-1,0,0,1,4,0,5,-1,0,0,0,0,0.0,0.0,0.0,0,0,0,0,0,0,1,1,0,0,-1,-1,0,0,-1,-1,-1,-1,-1,-1,-1,-1,-1,42,71,21,54,Varzim,Famalicão,1.68,0.74,1.5,0.83,1.17,1.38,58,30,0.0,0.0,0.0,38,True,True,False,False,False,False,False,LigaPro_Portugal_2a_división,,,,,2018-02-18 15:00:00
2017-2018,25,3,3,6,3,6,9,4,3,0,1,4,6,5,6,9,12,21,20,50,50,Estádio Municipal do Fontelo,"Avenida José Relvas, Viseu",4,4,2.4,3.22,3.24,1.33,2.05,3.7,1.91,1.91,0.0,0.0,0.0,0.0,0.0,0.0,0.0,0.0,6,2,1,1,2,3,3,1518966000,-1,0,61,0,1419,-1,1,-1,-1,-1,-1,-1,-1,2,2,2,2,4,4,-1,0,0,0,0,0.0,0.0,0.0,0,0,0,0,0,0,1,1,0,0,-1,-1,0,0,-1,-1,-1,-1,-1,-1,-1,-1,-1,61,74,35,61,Academico Viseu,CD Nacional,1.68,1.63,1.91,1.33,1.63,1.57,39,26,0.0,0.0,0.0,38,True,True,True,True,True,True,True,LigaPro_Portugal_2a_división,,,,,2018-02-18 15:00:00
2017-2018,25,1,2,3,4,3,7,1,4,1,0,4,6,6,6,10,12,15,17,50,50,Estádio Dr. Jorge Sampaio,"Rua da Paradela, Pedroso, Vila Nova de Gaia",3,4,1.8,3.7,4.78,0.0,0.0,0.0,0.0,0.0,0.0,0.0,0.0,0.0,0.0,0.0,0.0,0.0,3,1,1,0,1,1,2,1518964200,1038,0,52,0,445,-1,1,-1,-1,-1,-1,-1,-1,0,1,2,3,1,5,-1,0,0,0,0,0.0,0.0,0.0,0,1,0,1,0,0,1,1,0,0,-1,-1,0,0,-1,-1,-1,-1,-1,-1,-1,-1,-1,47,69,30,69,Porto II,UD Oliveirense,1.95,1.16,2.33,0.91,1.83,1.13,53,31,0.0,0.0,0.0,38,True,True,True,False,False,False,True,LigaPro_Portugal_2a_división,,,,,2018-02-18 14:30:00
2017-2018,25,1,3,4,6,1,7,2,3,0,0,4,5,5,2,9,7,18,27,64,36,Estádio Municipal José Martins Vieira,"Estrada do Brejo, Cova da Piedade, Almada",2,3,2.59,3.1,3.06,1.38,2.15,4.0,2.0,1.83,0.0,0.0,0.0,0.0,0.0,0.0,0.0,0.0,4,1,2,0,1,1,3,1518966000,182,0,49,0,792,-1,1,-1,-1,-1,-1,-1,-1,1,0,1,3,1,4,-1,0,0,0,0,0.0,0.0,0.0,1,1,1,1,0,0,1,1,0,0,-1,-1,0,0,-1,-1,-1,-1,-1,-1,-1,-1,-1,53,75,22,57,Cova Piedade,FC Penafiel,1.95,1.42,2.08,1.36,1.29,1.54,47,26,0.0,0.0,0.0,38,True,True,True,True,False,False,True,LigaPro_Portugal_2a_división,,,,,2018-02-18 15:00:00
2017-2018,25,0,1,1,7,4,11,1,1,0,0,0,3,6,6,6,9,9,12,44,56,Estádio do Centro Desportivo da Madeira,"VE4 65, Madeira",1,1,3.12,3.15,2.52,1.41,2.25,4.25,2.05,1.8,0.0,0.0,0.0,0.0,0.0,0.0,0.0,0.0,1,0,0,0,1,1,0,1518966000,1028,0,44,0,584,-1,1,-1,-1,-1,-1,-1,-1,1,1,0,0,2,0,-1,0,0,0,0,0.0,0.0,0.0,0,0,0,0,0,0,1,1,0,0,-1,-1,0,0,-1,-1,-1,-1,-1,-1,-1,-1,-1,44,70,35,70,CF União,Santa Clara,1.58,1.42,1.83,1.45,1.13,1.63,57,30,0.0,0.0,0.0,38,True,False,False,False,False,False,False,LigaPro_Portugal_2a_división,,,,,2018-02-18 15:00:00
2017-2018,25,1,2,3,13,4,17,2,3,0,0,8,3,8,1,16,4,10,10,55,45,Estádio EFAPEL,"Rua Dom Manuel I, Coimbra",2,3,1.53,4.1,7.31,1.25,1.8,3.0,2.0,1.8,0.0,0.0,0.0,0.0,0.0,0.0,0.0,0.0,3,1,0,0,2,2,1,1518890400,1027,0,58,0,4842,-1,1,-1,-1,-1,-1,-1,-1,0,1,2,2,1,4,-1,0,0,0,0,0.0,0.0,0.0,0,0,0,0,0,0,1,1,1,0,-1,-1,0,0,-1,-1,-1,-1,-1,-1,-1,-1,-1,54,75,38,75,Associação Académica de Coimbra OAF,Vitória Guimarães II,1.79,1.26,2.0,1.0,1.79,1.33,46,25,0.0,0.0,0.0,38,True,True,True,False,False,False,True,LigaPro_Portugal_2a_división,,,,,2018-02-17 18:00:00
2017-2018,25,0,2,2,2,8,10,1,2,0,0,0,4,5,4,5,8,18,20,53,47,Estádio Municipal José dos Santos Pinto,"Rua Viriato, Covilhã",1,2,2.31,3.07,3.61,1.51,2.6,5.2,2.25,1.65,0.0,0.0,0.0,0.0,0.0,0.0,0.0,0.0,2,0,0,0,2,2,0,1518969600,1030,0,60,0,542,-1,1,-1,-1,-1,-1,-1,-1,0,0,1,2,0,3,-1,0,0,0,0,0.0,0.0,0.0,0,0,0,0,0,0,1,1,0,0,-1,-1,0,0,-1,-1,-1,-1,-1,-1,-1,-1,-1,39,82,13,56,Sporting Covilhã,Leixões,1.53,0.89,1.91,0.75,1.46,1.54,61,18,0.0,0.0,0.0,38,True,True,False,False,False,False,False,LigaPro_Portugal_2a_división,,,,,2018-02-18 16:00:00
2017-2018,25,0,0,0,11,6,17,1,0,0,0,8,3,7,8,15,11,12,9,54,46,Estádio Cidade de Barcelos,"strada Nacional 103, Vila Boa, Barcelos",1,0,2.23,3.27,3.56,1.32,2.0,3.55,1.87,1.95,0.0,0.0,0.0,0.0,0.0,0.0,0.0,0.0,0,0,0,0,0,0,0,1518866100,-1,0,54,0,623,-1,1,-1,-1,-1,-1,-1,-1,0,0,1,0,0,1,-1,0,0,0,0,0.0,0.0,0.0,0,0,0,0,0,0,1,1,0,0,-1,-1,0,0,-1,-1,-1,-1,-1,-1,-1,-1,-1,63,75,38,63,Gil Vicente,Sporting CP II,1.0,0.95,0.92,0.83,0.96,1.21,38,25,0.0,0.0,0.0,38,False,False,False,False,False,False,False,LigaPro_Portugal_2a_división,,,,,2018-02-17 11:15:00
2017-2018,26,2,2,4,2,15,17,6,3,0,0,3,2,0,0,3,2,14,18,36,64,CGD Stadium Aurélio Pereira,", Alcochete",6,3,3.01,3.28,2.52,1.32,2.0,3.55,1.83,1.95,0.0,0.0,0.0,0.0,0.0,0.0,0.0,0.0,4,1,1,1,1,2,2,1519484400,-1,0,46,0,476,-1,1,-1,-1,-1,-1,-1,-1,3,1,3,2,4,5,-1,0,0,0,0,0.0,0.0,0.0,0,1,0,1,0,0,1,1,1,0,-1,-1,0,0,-1,-1,-1,-1,-1,-1,-1,-1,-1,63,75,29,75,Sporting CP II,Associação Académica de Coimbra OAF,1.26,1.53,1.58,1.58,1.2,1.72,38,25,0.0,0.0,0.0,38,True,True,True,True,False,False,True,LigaPro_Portugal_2a_división,,,,,2018-02-24 15:00:00
2017-2018,26,2,3,5,8,2,10,2,1,0,0,8,6,6,4,14,10,16,19,59,41,Estádio Municipal de Aveiro,"Parque da Cidade, Taboeira, Aveiro",2,1,2.06,3.28,4.08,1.38,2.2,4.1,2.05,1.77,0.0,0.0,0.0,0.0,0.0,0.0,0.0,0.0,5,2,2,0,1,1,4,1519484400,1035,0,67,0,381,-1,1,-1,-1,-1,-1,-1,-1,0,0,2,1,0,3,-1,0,0,0,0,0.0,0.0,0.0,0,0,0,0,0,0,1,1,1,0,-1,-1,0,0,-1,-1,-1,-1,-1,-1,-1,-1,-1,42,88,29,79,UD Oliveirense,Sporting Braga II,1.42,1.11,1.33,0.92,1.21,0.92,59,13,0.0,0.0,0.0,38,True,True,True,True,True,False,True,LigaPro_Portugal_2a_división,,,,,2018-02-24 15:00:00
2017-2018,26,1,0,1,7,1,8,3,4,0,1,6,2,9,1,15,3,20,19,65,35,Estádio Municipal 22 de Junho,"Alameda dos Bargos, Vila Nova de Famalicão",3,6,2.19,3.18,3.78,1.43,2.3,4.4,2.1,1.74,0.0,0.0,0.0,0.0,0.0,0.0,0.0,0.0,1,0,0,1,0,1,0,1519470900,1033,0,40,0,1155,-1,1,-1,-1,-1,-1,-1,-1,0,2,3,3,2,6,-1,0,0,0,0,0.0,0.0,0.0,0,0,0,0,0,0,1,1,0,0,-1,-1,0,0,-1,-1,-1,-1,-1,-1,-1,-1,-1,45,65,25,73,Famalicão,Sporting Covilhã,1.79,0.95,1.92,1.08,1.32,1.4,56,36,0.0,0.0,0.0,38,True,False,False,False,False,False,False,LigaPro_Portugal_2a_división,,,,,2018-02-24 11:15:00
2017-2018,26,2,1,3,8,5,13,1,3,0,1,5,4,4,6,9,10,16,21,56,44,"Estádio de São Miguel (Ponta Delgada, Ilha de São Miguel, Açores)","Rua Comandante Jaime de Sousa 21, Ponta Delgada, Ilha de São Miguel, Açores",1,4,1.58,3.67,7.65,1.43,2.35,4.5,2.5,1.53,0.0,0.0,0.0,0.0,0.0,0.0,0.0,0.0,3,2,1,0,0,0,3,1519574400,1028,0,48,0,2349,-1,1,-1,-1,-1,-1,-1,-1,0,2,1,2,2,3,-1,0,0,0,0,0.0,0.0,0.0,1,0,1,0,0,0,1,1,0,0,-1,-1,0,0,-1,-1,-1,-1,-1,-1,-1,-1,-1,28,65,24,44,Santa Clara,Gil Vicente,2.05,0.89,1.77,1.0,1.68,0.96,73,36,0.0,0.0,0.0,38,True,True,True,False,False,False,True,LigaPro_Portugal_2a_división,,,,,2018-02-25 16:00:00
2017-2018,26,1,2,3,2,12,14,3,5,0,1,3,8,3,5,6,13,19,16,43,57,Estádio Municipal de Arouca,"Afonso Pinto Magalhães Valdasna, Arouca",3,6,1.75,3.42,5.87,1.48,2.45,4.75,2.4,1.57,0.0,0.0,0.0,0.0,0.0,0.0,0.0,0.0,3,1,0,0,2,2,1,1519570800,1034,0,34,0,908,-1,1,-1,-1,-1,-1,-1,-1,1,2,2,4,3,6,-1,0,0,0,0,0.0,0.0,0.0,0,0,0,0,0,0,1,1,0,0,-1,-1,0,0,-1,-1,-1,-1,-1,-1,-1,-1,-1,42,50,13,63,FC Arouca,Varzim,1.84,0.95,2.33,0.83,1.72,1.24,59,50,0.0,0.0,0.0,38,True,True,True,False,False,False,True,LigaPro_Portugal_2a_división,,,,,2018-02-25 15:00:00
2017-2018,26,1,1,2,6,6,12,1,2,0,0,5,5,4,5,9,10,13,11,49,51,Caixa Futebol Campus,", Seixal",1,2,2.1,3.44,3.72,1.26,1.83,3.15,1.8,2.05,0.0,0.0,0.0,0.0,0.0,0.0,0.0,0.0,2,0,1,1,0,1,1,1519574400,-1,0,56,0,1083,-1,1,-1,-1,-1,-1,-1,-1,0,0,1,2,0,3,-1,0,0,0,0,0.0,0.0,0.0,0,0,0,0,0,0,1,1,0,0,-1,-1,0,0,-1,-1,-1,-1,-1,-1,-1,-1,-1,60,72,36,71,Benfica II,Cova Piedade,1.58,0.74,2.0,0.5,1.36,1.24,41,29,0.0,0.0,0.0,38,True,True,False,False,False,False,True,LigaPro_Portugal_2a_división,,,,,2018-02-25 16:00:00
2017-2018,26,0,0,0,2,5,7,2,2,0,0,2,3,6,6,8,9,13,20,52,48,Estádio Dom Afonso Henriques,"Rua de São Gonçalo 505, Guimarães",2,2,2.49,3.35,2.98,1.29,1.95,3.35,1.83,2.0,0.0,0.0,0.0,0.0,0.0,0.0,0.0,0.0,0,0,0,0,0,0,0,1519570800,-1,0,52,0,1909,-1,1,-1,-1,-1,-1,-1,-1,0,1,2,1,1,3,-1,0,0,0,0,0.0,0.0,0.0,0,0,0,0,0,0,1,1,0,0,-1,-1,0,0,-1,-1,-1,-1,-1,-1,-1,-1,-1,49,65,28,69,Vitória Guimarães II,Academico Viseu,1.37,1.68,1.67,1.38,1.4,1.6,51,36,0.0,0.0,0.0,38,False,False,False,False,False,False,False,LigaPro_Portugal_2a_división,,,,,2018-02-25 15:00:00
2017-2018,26,0,1,1,11,5,16,5,6,0,0,5,5,15,7,20,12,18,26,54,46,Estádio do Mar,"Lugar da Cruz de Pau, Matosinhos",5,6,1.68,3.61,6.18,1.4,2.25,4.2,2.3,1.62,0.0,0.0,0.0,0.0,0.0,0.0,0.0,0.0,1,0,1,0,0,0,1,1519570800,178,0,59,0,3956,-1,1,-1,-1,-1,-1,-1,-1,0,1,5,5,1,10,-1,0,0,0,0,0.0,0.0,0.0,0,0,0,0,0,0,1,1,0,0,-1,-1,0,0,-1,-1,-1,-1,-1,-1,-1,-1,-1,46,71,21,84,Leixões,CF União,2.05,0.74,2.33,0.42,1.6,1.08,54,29,0.0,0.0,0.0,38,True,False,False,False,False,False,False,LigaPro_Portugal_2a_división,,,,,2018-02-25 15:00:00
2017-2018,26,6,0,6,4,0,4,2,3,0,1,9,2,7,3,16,5,13,15,55,45,Estádio da Madeira,"Rua do Esmeraldo, nº 46, Ilha da Madeira",2,5,1.85,3.56,4.7,1.24,1.77,2.9,1.87,1.95,0.0,0.0,0.0,0.0,0.0,0.0,0.0,0.0,6,2,0,4,0,4,2,1520434800,163,0,61,0,492,-1,1,-1,-1,-1,-1,-1,-1,1,2,1,2,3,3,-1,0,0,0,0,0.0,0.0,0.0,0,0,0,0,0,0,1,1,1,0,-1,-1,0,0,-1,-1,-1,-1,-1,-1,-1,-1,-1,60,89,20,88,CD Nacional,Porto II,2.11,1.11,1.92,1.31,1.6,1.73,41,12,0.0,0.0,0.0,38,True,True,True,True,True,True,False,LigaPro_Portugal_2a_división,,,,,2018-03-07 15:00:00
2017-2018,26,1,0,1,4,8,12,0,1,0,0,3,2,3,5,6,7,21,14,37,63,Estádio Municipal 25 de Abril,"Rua Futebol Clube de Penafiel, Penafiel",0,1,1.83,3.56,4.8,1.31,2.0,3.5,1.95,1.87,0.0,0.0,0.0,0.0,0.0,0.0,0.0,0.0,1,1,0,0,0,0,1,1519570800,182,0,39,0,673,-1,1,-1,-1,-1,-1,-1,-1,0,0,0,1,0,1,-1,0,0,0,0,0.0,0.0,0.0,0,0,0,0,0,0,1,1,0,0,-1,-1,0,0,-1,-1,-1,-1,-1,-1,-1,-1,-1,42,62,31,73,FC Penafiel,Real SC,1.84,0.53,1.69,0.46,1.6,0.8,58,38,0.0,0.0,0.0,38,True,False,False,False,False,False,False,LigaPro_Portugal_2a_división,,,,,2018-02-25 15:00:00
2017-2018,27,0,2,2,7,5,12,2,5,0,0,3,8,4,5,7,13,25,24,49,51,CGD Stadium Aurélio Pereira,", Alcochete",2,5,2.86,3.17,2.7,1.34,2.05,3.7,1.91,1.91,0.0,0.0,0.0,0.0,0.0,0.0,0.0,0.0,2,0,1,0,1,1,1,1520089200,167,0,50,0,104,-1,1,-1,-1,-1,-1,-1,-1,1,1,1,4,2,5,-1,0,0,0,0,0.0,0.0,0.0,0,1,0,1,0,0,1,1,0,0,-1,-1,0,0,-1,-1,-1,-1,-1,-1,-1,-1,-1,50,69,39,77,Sporting CP II,FC Arouca,1.26,1.26,1.54,1.15,1.19,1.65,50,31,0.0,0.0,0.0,38,True,True,False,False,False,False,False,LigaPro_Portugal_2a_división,,,,,2018-03-03 15:00:00
2017-2018,27,1,3,4,8,2,10,2,5,0,0,2,4,5,2,7,6,14,15,53,47,Complexo Desportivo da Covilhã (Covilhã),"Centro Civico, Covilhã",2,5,2.28,3.19,3.52,1.35,2.1,3.8,1.95,1.87,0.0,0.0,0.0,0.0,0.0,0.0,0.0,0.0,4,1,1,0,2,2,2,1520175600,1031,0,42,0,374,-1,1,-1,-1,-1,-1,-1,-1,0,1,2,4,1,6,-1,0,0,0,0,0.0,0.0,0.0,0,0,0,0,0,0,1,1,1,0,-1,-1,0,0,-1,-1,-1,-1,-1,-1,-1,-1,-1,42,67,13,46,Sporting Covilhã,Benfica II,1.53,1.0,1.75,0.67,1.35,1.35,59,33,0.0,0.0,0.0,38,True,True,True,True,False,False,True,LigaPro_Portugal_2a_división,,,,,2018-03-04 15:00:00
2017-2018,27,1,1,2,7,6,13,3,4,0,0,11,5,7,5,18,10,20,16,49,51,Estádio do Centro Desportivo da Madeira,"VE4 65, Madeira",3,4,2.4,3.17,3.3,1.34,2.05,3.75,1.91,1.91,0.0,0.0,0.0,0.0,0.0,0.0,0.0,0.0,2,1,0,0,1,1,1,1520182800,-1,0,47,0,557,-1,1,-1,-1,-1,-1,-1,-1,1,1,2,3,2,5,-1,0,0,0,0,0.0,0.0,0.0,0,0,0,0,0,0,1,1,0,0,-1,-1,1,0,-1,-1,-1,-1,-1,-1,-1,-1,-1,58,70,35,62,CF União,Vitória Guimarães II,1.58,1.26,1.69,1.15,1.15,1.38,43,31,0.0,0.0,0.0,38,True,True,False,False,False,False,True,LigaPro_Portugal_2a_división,,,,,2018-03-04 17:00:00
2017-2018,27,2,4,6,2,8,10,3,3,0,0,4,7,2,7,6,14,13,14,47,53,Estádio do Real SC,"Rua Cidade Desportiva, Monte Abraão, Queluz",3,3,2.9,3.23,2.63,1.22,1.71,2.8,1.67,2.2,0.0,0.0,0.0,0.0,0.0,0.0,0.0,0.0,6,0,1,2,3,5,1,1521644400,163,0,74,0,525,-1,1,-1,-1,-1,-1,-1,-1,0,2,3,1,2,4,-1,0,0,0,0,0.0,0.0,0.0,0,0,0,0,0,0,1,1,0,0,-1,-1,0,0,-1,-1,-1,-1,-1,-1,-1,-1,-1,62,81,31,62,Real SC,CD Nacional,1.16,1.63,1.17,1.29,0.82,1.72,38,19,0.0,0.0,0.0,38,True,True,True,True,True,True,True,LigaPro_Portugal_2a_división,,,,,2018-03-21 15:00:00
2017-2018,27,0,2,2,10,6,16,0,5,0,0,6,4,9,7,15,11,16,14,61,39,Estádio Municipal do Fontelo,"Avenida José Relvas, Viseu",0,5,1.68,3.66,5.92,1.33,2.05,3.65,2.1,1.74,0.0,0.0,0.0,0.0,0.0,0.0,0.0,0.0,2,0,1,0,1,1,1,1520175600,1038,0,57,0,582,-1,1,-1,-1,-1,-1,-1,-1,0,1,0,4,1,4,-1,0,0,0,0,0.0,0.0,0.0,0,0,0,0,0,0,1,1,0,0,-1,-1,0,0,-1,-1,-1,-1,-1,-1,-1,-1,-1,53,69,33,65,Academico Viseu,UD Oliveirense,1.68,1.16,1.83,1.0,1.58,1.12,48,32,0.0,0.0,0.0,38,True,True,False,False,False,False,False,LigaPro_Portugal_2a_división,,,,,2018-03-04 15:00:00
2017-2018,27,1,1,2,5,7,12,1,2,0,0,5,3,5,8,10,11,23,16,46,54,Estádio Varzim Sport Club,"Rua do Varzim Sport Club, Póvoa de Varzim",1,2,2.82,2.96,2.92,1.56,2.7,5.5,2.3,1.62,0.0,0.0,0.0,0.0,0.0,0.0,0.0,0.0,2,1,0,0,1,1,1,1520175600,-1,0,44,0,981,-1,1,-1,-1,-1,-1,-1,-1,0,0,1,2,0,3,-1,0,0,0,0,0.0,0.0,0.0,0,0,0,0,0,0,1,1,0,0,-1,-1,0,0,-1,-1,-1,-1,-1,-1,-1,-1,-1,40,65,28,65,Varzim,Santa Clara,1.68,1.42,1.62,1.58,1.31,1.73,60,36,0.0,0.0,0.0,38,True,True,False,False,False,False,True,LigaPro_Portugal_2a_división,,,,,2018-03-04 15:00:00
2017-2018,27,1,1,2,12,2,14,1,5,0,0,5,3,4,5,9,8,26,19,58,42,Estádio EFAPEL,"Rua Dom Manuel I, Coimbra",1,5,1.97,3.37,4.33,1.29,1.95,3.35,1.91,1.91,0.0,0.0,0.0,0.0,0.0,0.0,0.0,0.0,2,1,1,0,0,0,2,1520175600,-1,0,69,0,4136,-1,1,-1,-1,-1,-1,-1,-1,0,1,1,4,1,5,-1,0,0,0,0,0.0,0.0,0.0,1,0,1,0,0,0,1,1,0,0,-1,-1,0,0,-1,-1,-1,-1,-1,-1,-1,-1,-1,57,80,28,76,Associação Académica de Coimbra OAF,FC Penafiel,1.79,1.42,1.85,1.5,1.69,1.65,44,20,0.0,0.0,0.0,38,True,True,False,False,False,False,True,LigaPro_Portugal_2a_división,,,,,2018-03-04 15:00:00
2017-2018,27,1,0,1,2,7,9,2,2,0,0,4,3,4,10,8,13,13,18,53,47,Estádio 1º de Maio,", Braga",2,2,2.66,3.13,2.94,1.37,2.15,3.95,1.95,1.87,0.0,0.0,0.0,0.0,0.0,0.0,0.0,0.0,1,0,0,1,0,1,0,1520175600,1035,0,50,0,322,-1,1,-1,-1,-1,-1,-1,-1,1,1,1,1,2,2,-1,0,0,0,0,0.0,0.0,0.0,0,0,0,0,0,0,1,1,0,0,-1,-1,0,0,-1,-1,-1,-1,-1,-1,-1,-1,-1,38,77,23,66,Sporting Braga II,Famalicão,1.21,0.74,0.92,0.77,1.0,1.38,62,23,0.0,0.0,0.0,38,True,False,False,False,False,False,False,LigaPro_Portugal_2a_división,,,,,2018-03-04 15:00:00
2017-2018,27,2,1,3,3,8,11,8,3,1,0,5,9,1,11,6,20,33,18,42,58,Estádio Cidade de Barcelos,"strada Nacional 103, Vila Boa, Barcelos",10,3,2.7,3.03,2.98,1.48,2.45,4.75,2.15,1.71,0.0,0.0,0.0,0.0,0.0,0.0,0.0,0.0,3,1,0,1,1,2,1,1520179200,183,0,50,0,1072,-1,1,-1,-1,-1,-1,-1,-1,2,1,7,2,3,9,-1,0,0,0,0,0.0,0.0,0.0,0,0,0,0,0,0,1,1,1,0,-1,-1,0,0,-1,-1,-1,-1,-1,-1,-1,-1,-1,46,77,27,62,Gil Vicente,Leixões,1.0,0.89,0.92,0.92,0.92,1.54,54,23,0.0,0.0,0.0,38,True,True,True,False,False,False,True,LigaPro_Portugal_2a_división,,,,,2018-03-04 16:00:00
2017-2018,27,2,2,4,3,6,9,1,1,0,0,6,5,3,9,9,14,17,16,42,58,Estádio Municipal José Martins Vieira,"Estrada do Brejo, Cova da Piedade, Almada",1,1,2.58,3.21,2.97,1.32,2.0,3.55,1.87,1.95,0.0,0.0,0.0,0.0,0.0,0.0,0.0,0.0,4,1,1,1,1,2,2,1520175600,-1,0,41,0,543,-1,1,-1,-1,-1,-1,-1,-1,0,1,1,0,1,1,-1,0,0,0,0,0.0,0.0,0.0,0,0,0,0,0,0,1,1,0,1,-1,-1,0,0,-1,-1,-1,-1,-1,-1,-1,-1,-1,53,72,28,73,Cova Piedade,Porto II,1.95,1.11,1.92,1.33,1.23,1.76,48,28,0.0,0.0,0.0,38,True,True,True,True,False,False,True,LigaPro_Portugal_2a_división,,,,,2018-03-04 15:00:00
2017-2018,28,0,4,4,7,7,14,1,3,0,0,4,8,8,6,12,14,15,11,55,45,Caixa Futebol Campus,", Seixal",1,3,3.2,3.42,2.35,1.17,1.56,2.3,1.57,2.4,0.0,0.0,0.0,0.0,0.0,0.0,0.0,0.0,4,0,2,0,2,2,2,1520622000,179,0,59,0,397,-1,1,-1,-1,-1,-1,-1,-1,1,2,0,1,3,1,-1,0,0,0,0,0.0,0.0,0.0,0,1,0,1,0,0,1,1,0,1,-1,-1,1,0,-1,-1,-1,-1,-1,-1,-1,-1,-1,74,86,44,89,Benfica II,Associação Académica de Coimbra OAF,1.58,1.53,1.93,1.54,1.41,1.67,26,15,0.0,0.0,0.0,38,True,True,True,True,False,False,False,LigaPro_Portugal_2a_división,,,,,2018-03-09 19:00:00
2017-2018,28,2,1,3,7,9,16,2,2,0,0,12,5,9,7,21,12,10,21,66,34,Estádio da Madeira,"Rua do Esmeraldo, nº 46, Ilha da Madeira",2,2,1.68,3.72,6.0,1.3,1.95,3.4,1.95,1.87,0.0,0.0,0.0,0.0,0.0,0.0,0.0,0.0,3,0,0,2,1,3,0,1520694000,163,0,62,0,1020,-1,1,-1,-1,-1,-1,-1,-1,0,1,2,1,1,3,-1,0,0,0,0,0.0,0.0,0.0,0,0,0,0,0,0,1,1,0,0,-1,-1,0,0,-1,-1,-1,-1,-1,-1,-1,-1,-1,46,89,27,81,CD Nacional,Sporting Braga II,2.11,1.11,2.0,1.08,1.65,1.07,54,12,0.0,0.0,0.0,38,True,True,True,False,False,False,True,LigaPro_Portugal_2a_división,,,,,2018-03-10 15:00:00
2017-2018,28,2,0,2,3,7,10,4,3,0,0,3,5,8,10,11,15,12,12,43,57,Estádio Dom Afonso Henriques,"Rua de São Gonçalo 505, Guimarães",4,3,2.02,3.3,4.3,1.37,2.15,3.95,1.95,1.83,0.0,0.0,0.0,0.0,0.0,0.0,0.0,0.0,2,1,0,1,0,1,1,1520697600,1027,0,50,0,1214,-1,1,-1,-1,-1,-1,-1,-1,1,1,3,2,2,5,-1,0,0,0,0,0.0,0.0,0.0,0,0,0,0,0,0,1,1,1,0,-1,-1,0,0,-1,-1,-1,-1,-1,-1,-1,-1,-1,43,69,27,62,Vitória Guimarães II,Gil Vicente,1.37,0.89,1.62,0.92,1.37,1.0,58,31,0.0,0.0,0.0,38,True,True,False,False,False,False,False,LigaPro_Portugal_2a_división,,,,,2018-03-10 16:00:00
2017-2018,28,2,2,4,4,2,6,1,4,0,1,5,6,3,1,8,7,18,13,59,41,Estádio Municipal de Arouca,"Afonso Pinto Magalhães Valdasna, Arouca",1,5,1.66,3.54,6.97,1.54,2.65,5.4,2.75,1.45,0.0,0.0,0.0,0.0,0.0,0.0,0.0,0.0,4,1,1,1,1,2,2,1520694000,-1,0,30,0,1075,-1,1,-1,-1,-1,-1,-1,-1,1,2,0,3,3,3,-1,0,0,0,0,0.0,0.0,0.0,1,0,1,0,0,0,1,1,0,0,-1,-1,0,0,-1,-1,-1,-1,-1,-1,-1,-1,-1,30,48,8,60,FC Arouca,Sporting Covilhã,1.84,0.95,2.15,1.0,1.7,1.3,70,52,0.0,0.0,0.0,38,True,True,True,True,False,False,True,LigaPro_Portugal_2a_división,,,,,2018-03-10 15:00:00
2017-2018,28,2,0,2,9,5,14,4,1,0,1,8,2,10,4,18,6,15,7,59,41,Estádio Municipal 22 de Junho,"Alameda dos Bargos, Vila Nova de Famalicão",4,3,2.01,3.31,4.33,1.38,2.15,4.05,2.0,1.8,0.0,0.0,0.0,0.0,0.0,0.0,0.0,0.0,2,0,0,2,0,2,0,1520697600,1033,0,34,0,1062,-1,1,-1,-1,-1,-1,-1,-1,3,1,1,1,4,2,-1,0,0,0,0,0.0,0.0,0.0,0,0,0,0,0,0,1,1,0,0,-1,-1,0,0,-1,-1,-1,-1,-1,-1,-1,-1,-1,49,63,41,78,Famalicão,Real SC,1.79,0.53,2.0,0.43,1.33,0.77,52,37,0.0,0.0,0.0,38,True,True,False,False,False,False,False,LigaPro_Portugal_2a_división,,,,,2018-03-10 16:00:00
2017-2018,28,4,0,4,2,1,3,0,4,0,1,7,2,6,0,13,2,11,19,56,44,Estádio do Mar,"Lugar da Cruz de Pau, Matosinhos",0,5,1.89,3.33,4.97,1.43,2.3,4.3,2.2,1.69,0.0,0.0,0.0,0.0,0.0,0.0,0.0,0.0,4,4,0,0,0,0,4,1520694000,1030,0,46,0,667,-1,1,-1,-1,-1,-1,-1,-1,0,3,0,2,3,2,-1,0,0,0,0,0.0,0.0,0.0,0,0,0,0,0,0,1,1,0,0,-1,-1,0,0,-1,-1,-1,-1,-1,-1,-1,-1,-1,38,62,15,66,Leixões,Cova Piedade,2.05,0.74,2.15,0.54,1.48,1.22,62,38,0.0,0.0,0.0,38,True,True,True,True,False,False,False,LigaPro_Portugal_2a_división,,,,,2018-03-10 15:00:00
2017-2018,28,0,0,0,6,6,12,1,2,0,0,2,6,14,8,16,14,16,22,55,45,Estádio Municipal de Aveiro,"Parque da Cidade, Taboeira, Aveiro",1,2,2.29,3.11,3.68,1.42,2.25,4.35,2.05,1.77,0.0,0.0,0.0,0.0,0.0,0.0,0.0,0.0,0,0,0,0,0,0,0,1520694000,-1,0,66,0,256,-1,1,-1,-1,-1,-1,-1,-1,0,1,1,1,1,2,-1,0,0,0,0,0.0,0.0,0.0,0,0,0,0,0,0,1,1,0,0,-1,-1,0,0,-1,-1,-1,-1,-1,-1,-1,-1,-1,58,81,23,77,UD Oliveirense,Varzim,1.42,0.95,1.23,1.0,1.19,1.3,42,19,0.0,0.0,0.0,38,False,False,False,False,False,False,False,LigaPro_Portugal_2a_división,,,,,2018-03-10 15:00:00
2017-2018,28,2,0,2,6,3,9,2,4,0,0,6,4,3,4,9,8,14,18,45,55,Estádio Municipal 25 de Abril,"Rua Futebol Clube de Penafiel, Penafiel",2,4,1.81,3.71,4.82,1.38,2.2,4.1,2.1,1.71,0.0,0.0,0.0,0.0,0.0,0.0,0.0,0.0,2,2,0,0,0,0,2,1520680500,182,0,53,0,610,-1,1,-1,-1,-1,-1,-1,-1,0,2,2,2,2,4,-1,0,0,0,0,0.0,0.0,0.0,0,0,0,0,0,0,1,1,0,0,-1,-1,0,0,-1,-1,-1,-1,-1,-1,-1,-1,-1,41,63,19,82,FC Penafiel,CF União,1.84,0.74,1.79,0.62,1.63,1.15,59,37,0.0,0.0,0.0,38,True,True,False,False,False,False,False,LigaPro_Portugal_2a_división,,,,,2018-03-10 11:15:00
2017-2018,28,0,1,1,1,5,6,1,3,0,0,3,4,6,6,9,10,16,27,60,40,Estádio Dr. Jorge Sampaio,"Rua da Paradela, Pedroso, Vila Nova de Gaia",1,3,2.38,3.33,3.18,1.32,2.0,3.55,1.87,1.95,0.0,0.0,0.0,0.0,0.0,0.0,0.0,0.0,1,0,1,0,0,0,1,1520780400,1032,0,56,0,348,-1,1,-1,-1,-1,-1,-1,-1,0,0,1,3,0,4,-1,0,0,0,0,0.0,0.0,0.0,0,0,0,0,0,0,1,1,0,1,-1,-1,0,0,-1,-1,-1,-1,-1,-1,-1,-1,-1,49,68,34,68,Porto II,Academico Viseu,1.95,1.68,2.15,1.36,1.67,1.52,51,33,0.0,0.0,0.0,38,True,False,False,False,False,False,False,LigaPro_Portugal_2a_división,,,,,2018-03-11 15:00:00
2017-2018,28,4,0,4,5,1,6,3,1,1,0,6,2,5,7,11,9,12,22,52,48,"Estádio de São Miguel (Ponta Delgada, Ilha de São Miguel, Açores)","Rua Comandante Jaime de Sousa 21, Ponta Delgada, Ilha de São Miguel, Açores",4,1,1.72,3.56,5.9,1.32,2.0,3.55,2.35,1.61,0.0,0.0,0.0,0.0,0.0,0.0,0.0,0.0,4,2,0,2,0,2,2,1520697600,1028,0,63,0,2314,-1,1,-1,-1,-1,-1,-1,-1,4,0,0,1,4,1,-1,0,0,0,0,0.0,0.0,0.0,1,0,1,0,0,0,1,1,0,0,-1,-1,1,0,-1,-1,-1,-1,-1,-1,-1,-1,-1,53,75,37,56,Santa Clara,Sporting CP II,2.05,0.95,1.86,0.85,1.7,1.15,48,26,0.0,0.0,0.0,38,True,True,True,True,False,False,False,LigaPro_Portugal_2a_división,,,,,2018-03-10 16:00:00
2017-2018,29,0,3,3,8,2,10,1,3,0,0,2,7,7,4,9,11,12,26,59,41,Estádio Cidade de Barcelos,"strada Nacional 103, Vila Boa, Barcelos",1,3,3.2,3.13,2.48,1.44,2.35,4.5,2.1,1.74,0.0,0.0,0.0,0.0,0.0,0.0,0.0,0.0,3,0,1,0,2,2,1,1521990000,167,0,40,0,1170,-1,1,-1,-1,-1,-1,-1,-1,0,0,1,3,0,4,-1,0,0,0,0,0.0,0.0,0.0,0,0,0,0,0,0,1,1,0,0,-1,-1,0,0,-1,-1,-1,-1,-1,-1,-1,-1,-1,50,64,36,72,Gil Vicente,FC Arouca,1.0,1.26,1.07,1.29,1.03,1.72,50,36,0.0,0.0,0.0,38,True,True,True,False,False,False,False,LigaPro_Portugal_2a_división,,,,,2018-03-25 15:00:00
2017-2018,29,0,4,4,10,8,18,2,1,0,0,6,6,9,11,15,17,18,11,53,47,Estádio do Centro Desportivo da Madeira,"VE4 65, Madeira",2,1,2.26,3.36,3.4,1.24,1.77,2.95,1.71,2.15,0.0,0.0,0.0,0.0,0.0,0.0,0.0,0.0,4,0,1,0,3,3,1,1521039600,1031,0,41,0,1009,-1,1,-1,-1,-1,-1,-1,-1,1,0,1,1,1,2,-1,0,0,0,0,0.0,0.0,0.0,0,1,0,1,0,0,1,1,0,0,-1,-1,0,0,-1,-1,-1,-1,-1,-1,-1,-1,-1,45,67,30,60,CF União,Benfica II,1.58,1.0,1.64,0.85,1.11,1.36,55,34,0.0,0.0,0.0,38,True,True,True,True,False,False,False,LigaPro_Portugal_2a_división,,,,,2018-03-14 15:00:00
2017-2018,29,1,0,1,9,6,15,2,3,0,0,2,2,6,4,8,6,17,21,55,45,Estádio Municipal José dos Santos Pinto,"Rua Viriato, Covilhã",2,3,2.16,3.2,3.85,1.45,2.4,4.55,2.15,1.71,0.0,0.0,0.0,0.0,0.0,0.0,0.0,0.0,1,0,0,1,0,1,0,1521986400,1026,0,55,0,303,-1,1,-1,-1,-1,-1,-1,-1,2,2,0,1,4,1,-1,0,0,0,0,0.0,0.0,0.0,0,0,0,0,0,0,1,1,0,0,-1,-1,0,0,-1,-1,-1,-1,-1,-1,-1,-1,-1,41,74,22,55,Sporting Covilhã,Sporting Braga II,1.53,1.11,1.62,1.0,1.24,1.0,60,26,0.0,0.0,0.0,38,True,False,False,False,False,False,False,LigaPro_Portugal_2a_división,,,,,2018-03-25 14:00:00
2017-2018,29,0,1,1,4,4,8,2,6,0,1,2,4,7,5,9,9,14,21,57,43,Estádio Municipal do Fontelo,"Avenida José Relvas, Viseu",2,7,1.76,3.58,5.33,1.38,2.2,4.1,2.3,1.62,0.0,0.0,0.0,0.0,0.0,0.0,0.0,0.0,1,0,1,0,0,0,1,1521990000,1033,0,50,0,1355,-1,1,-1,-1,-1,-1,-1,-1,0,2,2,5,2,7,-1,0,0,0,0,0.0,0.0,0.0,0,0,0,0,0,0,1,1,0,1,-1,-1,0,0,-1,-1,-1,-1,-1,-1,-1,-1,-1,47,75,25,61,Academico Viseu,Famalicão,1.68,0.74,1.79,0.71,1.62,1.38,54,25,0.0,0.0,0.0,38,True,False,False,False,False,False,False,LigaPro_Portugal_2a_división,,,,,2018-03-25 15:00:00
2017-2018,29,1,1,2,5,5,10,0,0,0,0,5,7,10,8,15,15,16,25,50,50,Estádio Municipal José Martins Vieira,"Estrada do Brejo, Cova da Piedade, Almada",0,0,2.96,3.23,2.58,1.32,2.0,3.6,1.87,1.95,0.0,0.0,0.0,0.0,0.0,0.0,0.0,0.0,2,0,0,1,1,2,0,1521043200,-1,0,49,0,397,-1,-1,-1,-1,-1,-1,-1,-1,0,0,0,0,0,0,-1,0,0,0,0,0.0,0.0,0.0,0,0,0,0,0,0,1,1,0,0,-1,-1,-1,-1,-1,-1,-1,-1,-1,-1,-1,-1,-1,53,74,37,60,Cova Piedade,CD Nacional,1.95,1.63,1.86,1.31,1.18,1.7,48,26,0.0,0.0,0.0,38,True,True,False,False,False,False,True,LigaPro_Portugal_2a_división,,,,,2018-03-14 16:00:00
2017-2018,29,1,0,1,2,2,4,1,4,0,1,4,5,2,6,6,11,11,16,55,45,Estádio do Real SC,"Rua Cidade Desportiva, Monte Abraão, Queluz",1,5,2.4,3.31,3.17,1.34,2.05,3.7,1.91,1.91,0.0,0.0,0.0,0.0,0.0,0.0,0.0,0.0,1,0,0,1,0,1,0,1521986400,1039,0,64,0,335,-1,1,-1,-1,-1,-1,-1,-1,0,2,1,3,2,4,-1,0,0,0,0,0.0,0.0,0.0,0,0,0,0,0,0,1,1,0,0,-1,-1,0,0,-1,-1,-1,-1,-1,-1,-1,-1,-1,53,75,22,67,Real SC,UD Oliveirense,1.16,1.16,1.08,1.14,0.79,1.24,48,26,0.0,0.0,0.0,38,True,False,False,False,False,False,False,LigaPro_Portugal_2a_división,,,,,2018-03-25 14:00:00
2017-2018,29,3,4,7,8,7,15,3,4,0,0,7,9,4,3,11,12,16,18,51,49,CGD Stadium Aurélio Pereira,", Alcochete",3,4,3.33,3.41,2.26,1.31,1.95,3.45,1.87,1.95,0.0,0.0,0.0,0.0,0.0,0.0,0.0,0.0,7,1,1,2,3,5,2,1521039600,182,0,64,0,53,-1,1,-1,-1,-1,-1,-1,-1,1,0,2,4,1,6,-1,0,0,0,0,0.0,0.0,0.0,0,0,0,0,0,0,1,1,0,0,-1,-1,0,0,-1,-1,-1,-1,-1,-1,-1,-1,-1,60,78,30,70,Sporting CP II,FC Penafiel,1.26,1.42,1.43,1.46,1.11,1.68,41,22,0.0,0.0,0.0,38,True,True,True,True,True,True,True,LigaPro_Portugal_2a_división,,,,,2018-03-14 15:00:00
2017-2018,29,3,1,4,4,6,10,0,2,0,0,7,7,5,10,12,17,18,15,45,55,Estádio Varzim Sport Club,"Rua do Varzim Sport Club, Póvoa de Varzim",0,2,1.94,3.51,4.24,1.33,2.05,3.7,1.95,1.87,0.0,0.0,0.0,0.0,0.0,0.0,0.0,0.0,4,2,0,1,1,2,2,1522854000,1034,0,47,0,1502,-1,1,-1,-1,-1,-1,-1,-1,0,1,0,1,1,1,-1,0,0,0,0,0.0,0.0,0.0,0,0,0,0,0,0,1,1,1,0,-1,-1,0,0,-1,-1,-1,-1,-1,-1,-1,-1,-1,50,70,27,74,Varzim,Porto II,1.68,1.11,1.53,1.2,1.23,1.63,50,30,0.0,0.0,0.0,38,True,True,True,True,False,False,True,LigaPro_Portugal_2a_división,,,,,2018-04-04 15:00:00
2017-2018,29,2,1,3,6,5,11,3,2,1,0,6,3,16,6,22,9,23,20,56,44,Estádio EFAPEL,"Rua Dom Manuel I, Coimbra",4,2,1.67,3.73,5.9,1.32,2.0,3.55,2.0,1.8,0.0,0.0,0.0,0.0,0.0,0.0,0.0,0.0,3,1,1,1,0,1,2,1521039600,179,0,68,0,3842,-1,1,-1,-1,-1,-1,-1,-1,0,0,4,2,0,6,-1,0,0,0,0,0.0,0.0,0.0,0,0,0,0,0,0,1,1,1,0,-1,-1,0,0,-1,-1,-1,-1,-1,-1,-1,-1,-1,40,90,29,79,Associação Académica de Coimbra OAF,Leixões,1.79,0.89,1.79,0.86,1.71,1.54,61,11,0.0,0.0,0.0,38,True,True,True,False,False,False,True,LigaPro_Portugal_2a_división,,,,,2018-03-14 15:00:00
2017-2018,29,0,2,2,5,1,6,1,3,0,0,3,6,11,4,14,10,16,23,61,39,Estádio Dom Afonso Henriques,"Rua de São Gonçalo 505, Guimarães",1,3,2.88,3.22,2.65,1.38,2.2,4.1,2.0,1.83,0.0,0.0,0.0,0.0,0.0,0.0,0.0,0.0,2,0,1,0,1,1,1,1521986400,1028,0,50,0,1998,-1,1,-1,-1,-1,-1,-1,-1,0,0,1,3,0,4,-1,0,0,0,0,0.0,0.0,0.0,0,1,0,1,0,0,1,1,0,1,-1,-1,0,0,-1,-1,-1,-1,-1,-1,-1,-1,-1,50,71,29,79,Vitória Guimarães II,Santa Clara,1.37,1.42,1.71,1.43,1.41,1.69,50,29,0.0,0.0,0.0,38,True,True,False,False,False,False,False,LigaPro_Portugal_2a_división,,,,,2018-03-25 14:00:00
2017-2018,30,1,0,1,8,5,13,3,2,0,0,4,4,6,3,10,7,18,20,54,46,Estádio Municipal de Arouca,"Afonso Pinto Magalhães Valdasna, Arouca",3,2,2.55,3.18,3.04,1.43,2.3,4.35,2.05,1.77,0.0,0.0,0.0,0.0,0.0,0.0,0.0,0.0,1,0,0,1,0,1,0,1521385200,167,0,36,0,1575,-1,1,-1,-1,-1,-1,-1,-1,1,1,2,1,2,3,-1,0,0,0,0,0.0,0.0,0.0,1,0,1,0,0,0,1,1,0,0,-1,-1,0,0,-1,-1,-1,-1,-1,-1,-1,-1,-1,58,68,29,75,FC Arouca,Associação Académica de Coimbra OAF,1.84,1.53,2.07,1.64,1.68,1.76,43,32,0.0,0.0,0.0,38,True,False,False,False,False,False,False,LigaPro_Portugal_2a_división,,,,,2018-03-18 15:00:00
2017-2018,30,3,0,3,4,8,12,1,2,0,0,5,0,7,5,12,5,19,12,48,52,Estádio Dr. Jorge Sampaio,"Rua da Paradela, Pedroso, Vila Nova de Gaia",1,2,2.09,3.38,3.83,1.42,2.25,4.35,2.05,1.77,0.0,0.0,0.0,0.0,0.0,0.0,0.0,0.0,3,2,0,1,0,1,2,1521385200,1037,0,52,0,358,-1,1,-1,-1,-1,-1,-1,-1,0,1,1,1,1,2,-1,0,0,0,0,0.0,0.0,0.0,0,0,0,0,0,0,1,1,0,0,-1,-1,0,0,-1,-1,-1,-1,-1,-1,-1,-1,-1,49,66,28,73,Porto II,Sporting Covilhã,1.95,0.95,2.0,1.0,1.61,1.29,52,34,0.0,0.0,0.0,38,True,True,True,False,False,False,False,LigaPro_Portugal_2a_división,,,,,2018-03-18 15:00:00
2017-2018,30,1,0,1,10,4,14,3,2,0,1,8,0,10,6,18,6,15,16,53,47,Estádio Municipal do Fontelo,"Avenida José Relvas, Viseu",3,3,1.72,3.65,5.51,1.41,2.25,4.25,2.3,1.62,0.0,0.0,0.0,0.0,0.0,0.0,0.0,0.0,1,0,0,1,0,1,0,1521385200,1032,0,53,0,818,-1,1,-1,-1,-1,-1,-1,-1,1,1,2,2,2,4,-1,0,0,0,0,0.0,0.0,0.0,0,0,0,0,0,0,1,1,0,0,-1,-1,0,1,-1,-1,-1,-1,-1,-1,-1,-1,-1,53,71,30,63,Academico Viseu,Cova Piedade,1.68,0.74,1.69,0.5,1.57,1.17,48,30,0.0,0.0,0.0,38,True,False,False,False,False,False,False,LigaPro_Portugal_2a_división,,,,,2018-03-18 15:00:00
2017-2018,30,1,2,3,5,7,12,2,1,1,0,4,8,8,7,12,15,20,14,45,55,Caixa Futebol Campus,", Seixal",4,1,2.09,3.45,3.75,1.21,1.69,2.75,1.67,2.2,0.0,0.0,0.0,0.0,0.0,0.0,0.0,0.0,3,1,1,0,1,1,2,1521388800,183,0,55,0,636,-1,1,-1,-1,-1,-1,-1,-1,0,0,3,1,0,4,-1,0,0,0,0,0.0,0.0,0.0,0,0,0,0,0,0,1,1,1,0,-1,-1,0,0,-1,-1,-1,-1,-1,-1,-1,-1,-1,47,79,37,72,Benfica II,Gil Vicente,1.58,0.89,1.8,0.86,1.41,0.96,53,21,0.0,0.0,0.0,38,True,True,True,False,False,False,True,LigaPro_Portugal_2a_división,,,,,2018-03-18 16:00:00
2017-2018,30,1,2,3,7,4,11,3,3,0,0,8,5,7,4,15,9,19,15,58,42,Estádio 1º de Maio,", Braga",3,3,2.01,3.47,4.01,1.34,2.05,3.75,1.95,1.87,0.0,0.0,0.0,0.0,0.0,0.0,0.0,0.0,3,0,2,1,0,1,2,1521298800,1039,0,39,0,335,-1,1,-1,-1,-1,-1,-1,-1,2,1,1,2,3,3,-1,0,0,0,0,0.0,0.0,0.0,0,0,0,0,0,0,1,1,0,0,-1,-1,0,0,-1,-1,-1,-1,-1,-1,-1,-1,-1,38,62,35,69,Sporting Braga II,Real SC,1.21,0.53,1.07,0.4,1.04,0.74,62,38,0.0,0.0,0.0,38,True,True,True,False,False,False,True,LigaPro_Portugal_2a_división,,,,,2018-03-17 15:00:00
2017-2018,30,1,1,2,9,1,10,1,1,0,0,7,3,12,3,19,6,20,16,47,53,Estádio Municipal 22 de Junho,"Alameda dos Bargos, Vila Nova de Famalicão",1,1,1.99,3.47,4.09,1.33,2.05,3.7,2.0,1.83,0.0,0.0,0.0,0.0,0.0,0.0,0.0,0.0,2,1,1,0,0,0,2,1521302400,-1,0,50,0,1242,-1,1,-1,-1,-1,-1,-1,-1,0,0,1,1,0,2,-1,0,0,0,0,0.0,0.0,0.0,0,0,0,0,0,0,1,1,0,0,-1,-1,0,0,-1,-1,-1,-1,-1,-1,-1,-1,-1,61,75,36,71,Famalicão,Vitória Guimarães II,1.79,1.26,2.07,1.14,1.39,1.43,40,25,0.0,0.0,0.0,38,True,True,False,False,False,False,True,LigaPro_Portugal_2a_división,,,,,2018-03-17 16:00:00
2017-2018,30,1,1,2,14,1,15,2,4,0,1,2,3,3,4,5,7,20,22,55,45,Estádio do Mar,"Lugar da Cruz de Pau, Matosinhos",2,5,1.66,3.8,5.91,1.29,1.91,3.3,1.95,1.87,0.0,0.0,0.0,0.0,0.0,0.0,0.0,0.0,2,1,0,0,1,1,1,1521385200,-1,0,54,0,1592,-1,1,-1,-1,-1,-1,-1,-1,1,2,1,3,3,4,-1,0,0,0,0,0.0,0.0,0.0,0,0,0,0,0,0,1,1,0,0,-1,-1,0,0,-1,-1,-1,-1,-1,-1,-1,-1,-1,54,75,32,72,Leixões,Sporting CP II,2.05,0.95,2.21,0.79,1.48,1.07,47,25,0.0,0.0,0.0,38,True,True,False,False,False,False,True,LigaPro_Portugal_2a_división,,,,,2018-03-18 15:00:00
2017-2018,30,3,0,3,6,5,11,2,5,0,1,7,4,10,4,17,8,17,12,57,43,Estádio da Madeira,"Rua do Esmeraldo, nº 46, Ilha da Madeira",2,6,1.69,3.74,5.68,1.33,2.0,3.65,2.0,1.8,0.0,0.0,0.0,0.0,0.0,0.0,0.0,0.0,3,1,0,2,0,2,1,1521385200,163,0,57,0,1688,-1,1,-1,-1,-1,-1,-1,-1,0,3,2,3,3,5,-1,0,0,0,0,0.0,0.0,0.0,0,0,0,0,0,0,1,1,0,0,-1,-1,0,0,-1,-1,-1,-1,-1,-1,-1,-1,-1,57,79,14,72,CD Nacional,Varzim,2.11,0.95,2.07,1.0,1.68,1.29,43,22,0.0,0.0,0.0,38,True,True,True,False,False,False,False,LigaPro_Portugal_2a_división,,,,,2018-03-18 15:00:00
2017-2018,30,2,1,3,11,3,14,4,3,0,1,5,3,10,3,15,6,24,15,62,38,Estádio Municipal de Aveiro,"Parque da Cidade, Taboeira, Aveiro",4,4,2.07,3.35,3.94,1.38,2.15,4.05,2.0,1.8,0.0,0.0,0.0,0.0,0.0,0.0,0.0,0.0,3,0,1,2,0,2,1,1521385200,1038,0,64,0,381,-1,1,-1,-1,-1,-1,-1,-1,1,3,3,1,4,4,-1,0,0,0,0,0.0,0.0,0.0,1,0,1,0,0,0,1,1,0,1,-1,-1,0,1,-1,-1,-1,-1,-1,-1,-1,-1,-1,47,82,29,86,UD Oliveirense,CF União,1.42,0.74,1.21,0.57,1.18,1.07,54,18,0.0,0.0,0.0,38,True,True,True,False,False,False,True,LigaPro_Portugal_2a_división,,,,,2018-03-18 15:00:00
2017-2018,30,3,0,3,1,3,4,0,4,0,0,6,0,2,10,8,10,13,20,44,56,Estádio Municipal 25 de Abril,"Rua Futebol Clube de Penafiel, Penafiel",0,4,2.39,3.13,3.36,1.48,2.45,4.75,2.15,1.71,0.0,0.0,0.0,0.0,0.0,0.0,0.0,0.0,3,1,0,2,0,2,1,1521371700,182,0,47,0,1133,-1,1,-1,-1,-1,-1,-1,-1,0,2,0,2,2,2,-1,0,0,0,0,0.0,0.0,0.0,1,0,1,0,0,0,1,1,0,0,-1,-1,0,0,-1,-1,-1,-1,-1,-1,-1,-1,-1,36,65,26,75,FC Penafiel,Santa Clara,1.84,1.42,1.87,1.54,1.72,1.75,65,36,0.0,0.0,0.0,38,True,True,True,False,False,False,False,LigaPro_Portugal_2a_división,,,,,2018-03-18 11:15:00
2017-2018,31,0,0,0,2,6,8,2,3,0,0,3,3,8,5,11,8,20,22,49,51,Estádio do Centro Desportivo da Madeira,"VE4 65, Madeira",2,3,3.4,3.21,2.32,1.41,2.25,4.25,2.05,1.77,0.0,0.0,0.0,0.0,0.0,0.0,0.0,0.0,0,0,0,0,0,0,0,1522508400,-1,0,37,0,1093,-1,1,-1,-1,-1,-1,-1,-1,1,1,1,2,2,3,-1,0,0,0,0,0.0,0.0,0.0,0,0,0,0,0,0,1,1,0,0,-1,-1,0,0,-1,-1,-1,-1,-1,-1,-1,-1,-1,44,70,34,74,CF União,FC Arouca,1.58,1.26,1.53,1.4,1.03,1.77,57,30,0.0,0.0,0.0,38,False,False,False,False,False,False,False,LigaPro_Portugal_2a_división,,,,,2018-03-31 15:00:00
2017-2018,31,3,2,5,9,8,17,3,2,0,0,10,7,6,3,16,10,16,14,52,48,"Estádio de São Miguel (Ponta Delgada, Ilha de São Miguel, Açores)","Rua Comandante Jaime de Sousa 21, Ponta Delgada, Ilha de São Miguel, Açores",3,2,1.64,3.95,5.8,1.24,1.77,2.95,2.1,1.74,0.0,0.0,0.0,0.0,0.0,0.0,0.0,0.0,5,2,0,1,2,3,2,1522512000,1028,0,48,0,2293,-1,1,-1,-1,-1,-1,-1,-1,2,1,1,1,3,2,-1,0,0,0,0,0.0,0.0,0.0,0,0,0,0,0,0,1,1,0,0,-1,-1,1,0,-1,-1,-1,-1,-1,-1,-1,-1,-1,52,69,35,59,Santa Clara,Benfica II,2.05,1.0,1.93,1.0,1.73,1.37,48,31,0.0,0.0,0.0,38,True,True,True,True,True,False,True,LigaPro_Portugal_2a_división,,,,,2018-03-31 16:00:00
2017-2018,31,1,1,2,7,3,10,4,3,0,1,3,3,5,5,8,8,15,14,55,45,Estádio Varzim Sport Club,"Rua do Varzim Sport Club, Póvoa de Varzim",4,5,2.01,3.32,4.22,1.43,2.3,4.35,2.1,1.71,0.0,0.0,0.0,0.0,0.0,0.0,0.0,0.0,2,1,0,0,1,1,1,1522508400,-1,0,52,0,950,-1,1,-1,-1,-1,-1,-1,-1,1,2,3,2,3,5,-1,0,0,0,0,0.0,0.0,0.0,1,0,1,0,0,0,1,1,0,0,-1,-1,0,1,-1,-1,-1,-1,-1,-1,-1,-1,-1,38,69,27,62,Varzim,Sporting Braga II,1.68,1.11,1.57,0.93,1.24,0.97,62,32,0.0,0.0,0.0,38,True,True,False,False,False,False,True,LigaPro_Portugal_2a_división,,,,,2018-03-31 15:00:00
2017-2018,31,1,0,1,5,5,10,3,1,0,0,8,7,6,9,14,16,24,23,47,53,Estádio Municipal José Martins Vieira,"Estrada do Brejo, Cova da Piedade, Almada",3,1,2.59,3.22,2.95,1.47,2.4,4.7,2.2,1.69,0.0,0.0,0.0,0.0,0.0,0.0,0.0,0.0,1,0,0,1,0,1,0,1522508400,1036,0,40,0,763,-1,1,-1,-1,-1,-1,-1,-1,1,0,2,1,1,3,-1,0,0,0,0,0.0,0.0,0.0,0,0,0,0,0,0,1,1,0,0,-1,-1,0,0,-1,-1,-1,-1,-1,-1,-1,-1,-1,37,73,23,57,Cova Piedade,Famalicão,1.95,0.74,1.8,0.87,1.13,1.43,64,27,0.0,0.0,0.0,38,True,False,False,False,False,False,False,LigaPro_Portugal_2a_división,,,,,2018-03-31 15:00:00
2017-2018,31,2,3,5,1,3,4,4,2,0,0,5,8,3,10,8,18,24,16,38,62,CGD Stadium Aurélio Pereira,", Alcochete",4,2,3.48,3.68,2.1,1.19,1.65,2.6,1.65,2.25,0.0,0.0,0.0,0.0,0.0,0.0,0.0,0.0,5,1,0,1,3,4,1,1522508400,163,0,60,0,248,-1,1,-1,-1,-1,-1,-1,-1,1,2,3,0,3,3,-1,0,0,0,0,0.0,0.0,0.0,0,0,0,0,0,0,1,1,0,0,-1,-1,0,0,-1,-1,-1,-1,-1,-1,-1,-1,-1,57,77,33,67,Sporting CP II,CD Nacional,1.26,1.63,1.33,1.4,1.07,1.77,44,24,0.0,0.0,0.0,38,True,True,True,True,True,False,True,LigaPro_Portugal_2a_división,,,,,2018-03-31 15:00:00
2017-2018,31,0,0,0,4,6,10,3,2,0,0,5,4,5,7,10,11,24,13,44,56,Estádio do Real SC,"Rua Cidade Desportiva, Monte Abraão, Queluz",3,2,2.53,3.45,2.85,1.24,1.77,2.95,1.69,2.15,0.0,0.0,0.0,0.0,0.0,0.0,0.0,0.0,0,0,0,0,0,0,0,1522491300,-1,0,65,0,472,-1,1,-1,-1,-1,-1,-1,-1,0,0,3,2,0,5,-1,0,0,0,0,0.0,0.0,0.0,0,0,0,0,0,0,1,1,0,0,-1,-1,0,0,-1,-1,-1,-1,-1,-1,-1,-1,-1,68,79,29,79,Real SC,Porto II,1.16,1.11,1.21,1.21,0.87,1.66,33,21,0.0,0.0,0.0,38,False,False,False,False,False,False,False,LigaPro_Portugal_2a_división,,,,,2018-03-31 10:15:00
2017-2018,31,0,2,2,8,1,9,2,2,1,0,7,6,3,5,10,11,15,12,53,47,Estádio EFAPEL,"Rua Dom Manuel I, Coimbra",3,2,1.49,4.38,7.43,1.23,1.74,2.85,1.95,1.87,0.0,0.0,0.0,0.0,0.0,0.0,0.0,0.0,2,0,1,0,1,1,1,1522515600,1038,0,54,0,3222,-1,1,-1,-1,-1,-1,-1,-1,1,0,2,2,1,4,-1,0,0,0,0,0.0,0.0,0.0,0,0,0,0,0,0,1,1,0,0,-1,-1,0,0,-1,-1,-1,-1,-1,-1,-1,-1,-1,37,70,30,74,Associação Académica de Coimbra OAF,UD Oliveirense,1.79,1.16,1.87,1.07,1.7,1.2,64,30,0.0,0.0,0.0,38,True,True,False,False,False,False,False,LigaPro_Portugal_2a_división,,,,,2018-03-31 17:00:00
2017-2018,31,1,3,4,9,5,14,1,2,0,0,4,5,8,1,12,6,15,20,52,48,Complexo Desportivo da Covilhã (Covilhã),"Centro Civico, Covilhã",1,2,3.0,3.01,2.7,1.56,2.7,5.5,2.3,1.62,0.0,0.0,0.0,0.0,0.0,0.0,0.0,0.0,4,0,2,1,1,2,2,1522404900,1032,0,42,0,213,-1,1,-1,-1,-1,-1,-1,-1,0,0,1,2,0,3,-1,0,0,0,0,0.0,0.0,0.0,0,0,0,0,0,0,1,1,0,0,-1,-1,0,0,-1,-1,-1,-1,-1,-1,-1,-1,-1,32,56,14,45,Sporting Covilhã,Academico Viseu,1.53,1.68,1.71,1.47,1.3,1.57,69,45,0.0,0.0,0.0,38,True,True,True,True,False,False,True,LigaPro_Portugal_2a_división,,,,,2018-03-30 10:15:00
2017-2018,31,2,1,3,3,9,12,4,2,1,1,3,3,7,4,10,7,26,10,50,50,Estádio Cidade de Barcelos,"strada Nacional 103, Vila Boa, Barcelos",5,4,3.07,3.23,2.5,1.39,2.2,4.1,2.0,1.83,0.0,0.0,0.0,0.0,0.0,0.0,0.0,0.0,3,2,1,0,0,0,3,1522508400,183,0,56,0,963,-1,1,-1,-1,-1,-1,-1,-1,0,2,5,1,2,6,-1,0,0,0,0,0.0,0.0,0.0,1,0,1,0,0,0,1,1,0,0,-1,-1,0,0,-1,-1,-1,-1,-1,-1,-1,-1,-1,66,73,32,66,Gil Vicente,FC Penafiel,1.0,1.42,1.0,1.57,1.0,1.77,35,27,0.0,0.0,0.0,38,True,True,True,False,False,False,True,LigaPro_Portugal_2a_división,,,,,2018-03-31 15:00:00
2017-2018,31,2,2,4,10,1,11,1,2,0,1,6,5,11,0,17,5,14,11,65,35,Estádio Dom Afonso Henriques,"Rua de São Gonçalo 505, Guimarães",1,4,2.62,3.25,2.89,1.34,2.05,3.7,1.91,1.91,0.0,0.0,0.0,0.0,0.0,0.0,0.0,0.0,4,0,2,2,0,2,2,1522425600,-1,0,60,0,1652,-1,1,-1,-1,-1,-1,-1,-1,0,3,1,0,3,1,-1,0,0,0,0,0.0,0.0,0.0,0,0,0,0,0,0,1,1,0,0,-1,-1,0,0,-1,-1,-1,-1,-1,-1,-1,-1,-1,50,87,27,77,Vitória Guimarães II,Leixões,1.37,0.89,1.6,0.8,1.37,1.47,50,14,0.0,0.0,0.0,38,True,True,True,True,False,False,True,LigaPro_Portugal_2a_división,,,,,2018-03-30 16:00:00
2017-2018,32,1,0,1,3,7,10,1,4,0,0,5,5,12,6,17,11,6,15,49,51,Estádio da Madeira,"Rua do Esmeraldo, nº 46, Ilha da Madeira",1,4,1.99,3.51,4.03,1.24,1.77,2.95,1.71,2.15,0.0,0.0,0.0,0.0,0.0,0.0,0.0,0.0,1,0,0,1,0,1,0,1523113200,163,0,50,0,3871,-1,1,-1,-1,-1,-1,-1,-1,0,1,1,3,1,4,-1,0,0,0,0,0.0,0.0,0.0,0,0,0,0,0,0,1,1,0,0,-1,-1,0,0,-1,-1,-1,-1,-1,-1,-1,-1,-1,67,90,27,80,CD Nacional,Associação Académica de Coimbra OAF,2.11,1.53,2.13,1.53,1.81,1.65,34,10,0.0,0.0,0.0,38,True,False,False,False,False,False,False,LigaPro_Portugal_2a_división,,,,,2018-04-07 15:00:00
2017-2018,32,1,1,2,5,3,8,3,2,0,0,3,4,9,5,12,9,16,15,50,50,Estádio Municipal 25 de Abril,"Rua Futebol Clube de Penafiel, Penafiel",3,2,1.62,3.99,6.04,1.23,1.74,2.85,1.8,2.0,0.0,0.0,0.0,0.0,0.0,0.0,0.0,0.0,2,1,1,0,0,0,2,1523113200,-1,0,43,0,1581,-1,1,-1,-1,-1,-1,-1,-1,1,0,2,2,1,4,-1,0,0,0,0,0.0,0.0,0.0,0,0,0,0,0,0,1,1,0,0,-1,-1,0,0,-1,-1,-1,-1,-1,-1,-1,-1,-1,49,68,26,71,FC Penafiel,Benfica II,1.84,1.0,1.94,0.93,1.71,1.32,52,33,0.0,0.0,0.0,38,True,True,False,False,False,False,True,LigaPro_Portugal_2a_división,,,,,2018-04-07 15:00:00
2017-2018,32,2,2,4,7,8,15,3,1,0,0,7,4,8,7,15,11,19,15,55,45,Estádio Municipal do Fontelo,"Avenida José Relvas, Viseu",3,1,1.52,4.17,7.25,1.3,1.95,3.4,2.2,1.69,0.0,0.0,0.0,0.0,0.0,0.0,0.0,0.0,4,0,0,2,2,4,0,1523113200,-1,0,42,0,747,-1,1,-1,-1,-1,-1,-1,-1,1,0,2,1,1,3,-1,0,0,0,0,0.0,0.0,0.0,0,0,0,0,0,0,1,1,0,0,-1,-1,0,0,-1,-1,-1,-1,-1,-1,-1,-1,-1,49,65,39,71,Academico Viseu,Real SC,1.68,0.53,1.67,0.56,1.61,0.87,52,36,0.0,0.0,0.0,38,True,True,True,True,False,False,True,LigaPro_Portugal_2a_división,,,,,2018-04-07 15:00:00
2017-2018,32,0,1,1,6,6,12,2,2,0,0,4,8,2,4,6,12,15,12,48,52,Estádio Municipal de Arouca,"Afonso Pinto Magalhães Valdasna, Arouca",2,2,1.43,4.42,8.95,1.38,2.2,4.05,2.15,1.69,0.0,0.0,0.0,0.0,0.0,0.0,0.0,0.0,1,0,0,0,1,1,0,1523113200,1027,0,47,0,880,-1,1,-1,-1,-1,-1,-1,-1,1,1,1,1,2,2,-1,0,0,0,0,0.0,0.0,0.0,0,0,0,0,0,0,1,1,0,0,-1,-1,0,0,-1,-1,-1,-1,-1,-1,-1,-1,-1,50,64,27,67,FC Arouca,Vitória Guimarães II,1.84,1.26,2.13,1.13,1.74,1.35,50,37,0.0,0.0,0.0,38,True,False,False,False,False,False,False,LigaPro_Portugal_2a_división,,,,,2018-04-07 15:00:00
2017-2018,32,1,0,1,13,1,14,3,3,0,0,10,2,14,0,24,2,18,17,63,37,Estádio 1º de Maio,", Braga",3,3,2.18,3.24,3.73,1.37,2.15,3.95,2.0,1.83,0.0,0.0,0.0,0.0,0.0,0.0,0.0,0.0,1,0,0,1,0,1,0,1523113200,1035,0,47,0,212,-1,1,-1,-1,-1,-1,-1,-1,1,2,2,1,3,3,-1,0,0,0,0,0.0,0.0,0.0,0,0,0,0,0,0,1,1,0,0,-1,-1,0,0,-1,-1,-1,-1,-1,-1,-1,-1,-1,40,64,27,60,Sporting Braga II,Cova Piedade,1.21,0.74,1.0,0.47,0.97,1.19,60,37,0.0,0.0,0.0,38,True,False,False,False,False,False,False,LigaPro_Portugal_2a_división,,,,,2018-04-07 15:00:00
2017-2018,32,2,0,2,4,12,16,2,2,0,0,4,3,5,7,9,10,12,13,39,61,Estádio Municipal José dos Santos Pinto,"Rua Viriato, Covilhã",2,2,2.61,3.08,3.05,1.51,2.6,5.2,2.25,1.67,0.0,0.0,0.0,0.0,0.0,0.0,0.0,0.0,2,1,0,1,0,1,1,1523113200,1026,0,47,0,211,-1,1,-1,-1,-1,-1,-1,-1,1,2,1,0,3,1,-1,0,0,0,0,0.0,0.0,0.0,0,0,0,0,0,0,1,1,0,0,-1,-1,0,0,-1,-1,-1,-1,-1,-1,-1,-1,-1,50,64,13,54,Sporting Covilhã,Varzim,1.53,0.95,1.6,0.93,1.26,1.29,50,37,0.0,0.0,0.0,38,True,True,False,False,False,False,False,LigaPro_Portugal_2a_división,,,,,2018-04-07 15:00:00
2017-2018,32,2,0,2,4,8,12,1,3,0,0,4,5,4,3,8,8,15,14,46,54,Estádio Municipal 22 de Junho,"Alameda dos Bargos, Vila Nova de Famalicão",1,3,2.01,3.34,4.2,1.4,2.25,4.2,2.05,1.77,0.0,0.0,0.0,0.0,0.0,0.0,0.0,0.0,2,0,0,2,0,2,0,1523113200,1033,0,44,0,1463,-1,1,-1,-1,-1,-1,-1,-1,0,1,1,2,1,3,-1,0,0,0,0,0.0,0.0,0.0,0,0,0,0,0,0,1,1,0,0,-1,-1,0,0,-1,-1,-1,-1,-1,-1,-1,-1,-1,37,73,34,63,Famalicão,Gil Vicente,1.79,0.89,2.0,1.0,1.39,1.06,63,27,0.0,0.0,0.0,38,True,True,False,False,False,False,False,LigaPro_Portugal_2a_división,,,,,2018-04-07 15:00:00
2017-2018,32,1,0,1,5,2,7,2,3,0,0,3,2,3,2,6,4,19,24,52,48,Estádio do Mar,"Lugar da Cruz de Pau, Matosinhos",2,3,2.69,3.16,2.88,1.43,2.3,4.35,2.05,1.77,0.0,0.0,0.0,0.0,0.0,0.0,0.0,0.0,1,0,0,1,0,1,0,1523113200,1030,0,47,0,849,-1,1,-1,-1,-1,-1,-1,-1,1,1,1,2,2,3,-1,0,0,0,0,0.0,0.0,0.0,0,0,0,0,0,0,1,1,0,0,-1,-1,0,0,-1,-1,-1,-1,-1,-1,-1,-1,-1,40,70,24,80,Leixões,Santa Clara,2.05,1.42,2.13,1.53,1.45,1.77,60,30,0.0,0.0,0.0,38,True,False,False,False,False,False,False,LigaPro_Portugal_2a_división,,,,,2018-04-07 15:00:00
2017-2018,32,4,2,6,7,2,9,2,4,0,0,7,6,5,3,12,9,19,15,53,47,Estádio Municipal de Aveiro,"Parque da Cidade, Taboeira, Aveiro",2,4,2.05,3.47,3.85,1.22,1.71,2.8,1.8,2.0,0.0,0.0,0.0,0.0,0.0,0.0,0.0,0.0,6,1,1,3,1,4,2,1523113200,1038,0,70,0,429,-1,1,-1,-1,-1,-1,-1,-1,1,1,1,3,2,4,-1,0,0,0,0,0.0,0.0,0.0,1,0,1,0,0,0,1,1,0,1,-1,-1,0,0,-1,-1,-1,-1,-1,-1,-1,-1,-1,57,90,34,74,UD Oliveirense,Sporting CP II,1.42,0.95,1.33,0.8,1.26,1.03,44,10,0.0,0.0,0.0,38,True,True,True,True,True,True,True,LigaPro_Portugal_2a_división,,,,,2018-04-07 15:00:00
2017-2018,32,2,1,3,10,4,14,0,2,0,0,6,4,6,1,12,5,12,18,65,35,Estádio Dr. Jorge Sampaio,"Rua da Paradela, Pedroso, Vila Nova de Gaia",0,2,2.14,3.42,3.62,1.3,1.95,3.4,1.87,1.95,0.0,0.0,0.0,0.0,0.0,0.0,0.0,0.0,3,0,1,2,0,2,1,1523113200,1037,0,60,0,288,-1,1,-1,-1,-1,-1,-1,-1,0,0,0,2,0,2,-1,0,0,0,0,0.0,0.0,0.0,0,0,0,0,0,0,1,1,0,0,-1,-1,0,0,-1,-1,-1,-1,-1,-1,-1,-1,-1,57,77,37,90,Porto II,CF União,1.95,0.74,2.07,0.53,1.58,1.03,43,24,0.0,0.0,0.0,38,True,True,True,False,False,False,True,LigaPro_Portugal_2a_división,,,,,2018-04-07 15:00:00
2017-2018,33,0,0,0,1,8,9,4,3,0,1,0,0,0,2,0,2,13,21,50,50,"Estádio de São Miguel (Ponta Delgada, Ilha de São Miguel, Açores)","Rua Comandante Jaime de Sousa 21, Ponta Delgada, Ilha de São Miguel, Açores",4,5,2.28,3.06,3.7,1.51,2.55,5.1,2.25,1.65,0.0,0.0,0.0,0.0,0.0,0.0,0.0,0.0,0,0,0,0,0,0,0,1523462400,-1,0,47,0,1680,-1,1,-1,-1,-1,-1,-1,-1,2,1,2,3,3,5,-1,0,0,0,0,0.0,0.0,0.0,0,0,0,0,0,0,1,1,0,0,-1,-1,0,0,-1,-1,-1,-1,-1,-1,-1,-1,-1,47,69,41,69,Santa Clara,FC Arouca,2.05,1.26,2.0,1.38,1.72,1.69,53,31,0.0,0.0,0.0,38,False,False,False,False,False,False,False,LigaPro_Portugal_2a_división,,,,,2018-04-11 16:00:00
2017-2018,33,1,2,3,7,6,13,2,3,1,0,3,9,0,10,3,19,13,15,58,42,Estádio Cidade de Barcelos,"strada Nacional 103, Vila Boa, Barcelos",3,3,2.33,3.18,3.43,1.39,2.2,4.15,2.0,1.8,0.0,0.0,0.0,0.0,0.0,0.0,0.0,0.0,3,1,1,0,1,1,2,1523458800,1035,0,51,0,561,-1,1,-1,-1,-1,-1,-1,-1,1,2,2,1,3,3,-1,0,0,0,0,0.0,0.0,0.0,1,0,1,0,0,0,1,1,0,0,-1,-1,0,0,-1,-1,-1,-1,-1,-1,-1,-1,-1,51,69,31,66,Gil Vicente,Sporting Braga II,1.0,1.11,1.13,0.94,1.03,1.03,51,32,0.0,0.0,0.0,38,True,True,True,False,False,False,True,LigaPro_Portugal_2a_división,,,,,2018-04-11 15:00:00
2017-2018,33,3,0,3,1,4,5,2,3,0,0,8,2,6,3,14,5,18,16,53,47,Estádio do Real SC,"Rua Cidade Desportiva, Monte Abraão, Queluz",2,3,2.51,3.14,3.15,1.42,2.25,4.3,2.05,1.77,0.0,0.0,0.0,0.0,0.0,0.0,0.0,0.0,3,2,0,1,0,1,2,1523458800,1039,0,56,0,397,-1,1,-1,-1,-1,-1,-1,-1,1,1,1,2,2,3,-1,0,0,0,0,0.0,0.0,0.0,0,0,0,0,0,0,1,1,0,0,-1,-1,0,0,-1,-1,-1,-1,-1,-1,-1,-1,-1,49,65,20,62,Real SC,Sporting Covilhã,1.16,0.95,1.2,0.94,0.88,1.31,52,36,0.0,0.0,0.0,38,True,True,True,False,False,False,False,LigaPro_Portugal_2a_división,,,,,2018-04-11 15:00:00
2017-2018,33,1,1,2,6,5,11,1,3,0,0,3,5,8,7,11,12,10,17,41,59,CGD Stadium Aurélio Pereira,", Alcochete",1,3,3.09,3.27,2.46,1.29,1.95,3.35,1.8,2.0,0.0,0.0,0.0,0.0,0.0,0.0,0.0,0.0,2,0,1,1,0,1,1,1523458800,-1,0,47,0,116,-1,1,-1,-1,-1,-1,-1,-1,1,3,0,0,4,0,-1,0,0,0,0,0.0,0.0,0.0,0,0,0,0,0,0,1,1,0,0,-1,-1,0,0,-1,-1,-1,-1,-1,-1,-1,-1,-1,44,72,22,66,Sporting CP II,Famalicão,1.26,0.74,1.25,0.81,1.0,1.44,57,28,0.0,0.0,0.0,38,True,True,False,False,False,False,True,LigaPro_Portugal_2a_división,,,,,2018-04-11 15:00:00
2017-2018,33,1,3,4,8,7,15,1,1,1,0,6,9,5,4,11,13,16,20,44,56,Estádio do Centro Desportivo da Madeira,"VE4 65, Madeira",3,1,3.81,3.39,2.09,1.25,1.8,3.05,1.77,2.05,0.0,0.0,0.0,0.0,0.0,0.0,0.0,0.0,4,1,1,0,2,2,2,1523470500,163,0,50,0,2489,-1,1,-1,-1,-1,-1,-1,-1,0,0,2,1,0,3,-1,0,0,0,0,0.0,0.0,0.0,0,0,0,0,0,0,1,1,0,0,-1,-1,0,0,-1,-1,-1,-1,-1,-1,-1,-1,-1,51,72,28,60,CF União,CD Nacional,1.58,1.63,1.5,1.5,1.0,1.84,51,29,0.0,0.0,0.0,38,True,True,True,True,False,False,True,LigaPro_Portugal_2a_división,,,,,2018-04-11 18:15:00
2017-2018,33,3,2,5,8,7,15,2,3,0,1,10,6,4,8,14,14,15,22,50,50,Estádio Municipal José Martins Vieira,"Estrada do Brejo, Cova da Piedade, Almada",2,4,2.42,3.16,3.27,1.38,2.2,4.1,2.0,1.83,0.0,0.0,0.0,0.0,0.0,0.0,0.0,0.0,5,2,1,1,1,2,3,1523458800,1036,0,38,0,658,-1,1,-1,-1,-1,-1,-1,-1,0,2,2,2,2,4,-1,0,0,0,0,0.0,0.0,0.0,0,0,0,0,0,0,1,1,0,1,-1,-1,0,0,-1,-1,-1,-1,-1,-1,-1,-1,-1,35,66,25,57,Cova Piedade,UD Oliveirense,1.95,1.16,1.88,1.19,1.16,1.31,66,35,0.0,0.0,0.0,38,True,True,True,True,True,False,True,LigaPro_Portugal_2a_división,,,,,2018-04-11 15:00:00
2017-2018,33,1,0,1,6,4,10,0,3,1,0,7,2,12,6,19,8,16,17,48,52,Estádio EFAPEL,"Rua Dom Manuel I, Coimbra",2,3,1.33,4.8,8.5,1.18,1.61,2.5,1.95,1.87,0.0,0.0,0.0,0.0,0.0,0.0,0.0,0.0,1,0,0,1,0,1,0,1524668400,179,0,55,0,11043,-1,1,-1,-1,-1,-1,-1,-1,0,0,1,3,0,4,-1,0,0,0,0,0.0,0.0,0.0,0,0,0,0,0,0,1,1,0,0,-1,-1,0,0,-1,-1,-1,-1,-1,-1,-1,-1,-1,52,76,37,85,Associação Académica de Coimbra OAF,Porto II,1.79,1.11,1.82,1.13,1.68,1.58,48,25,0.0,0.0,0.0,38,True,False,False,False,False,False,False,LigaPro_Portugal_2a_división,,,,,2018-04-25 15:00:00
2017-2018,33,1,2,3,10,1,11,2,1,0,1,6,7,12,5,18,12,15,9,64,36,Caixa Futebol Campus,", Seixal",2,3,2.63,3.33,2.82,1.19,1.65,2.6,1.59,2.35,0.0,0.0,0.0,0.0,0.0,0.0,0.0,0.0,3,0,0,1,2,3,0,1523462400,1030,0,72,0,329,-1,1,-1,-1,-1,-1,-1,-1,0,1,2,1,1,3,-1,0,0,0,0,0.0,0.0,0.0,0,0,0,0,0,0,1,1,0,0,-1,-1,0,0,-1,-1,-1,-1,-1,-1,-1,-1,-1,63,94,44,85,Benfica II,Leixões,1.58,0.89,1.69,0.81,1.31,1.5,38,7,0.0,0.0,0.0,38,True,True,True,False,False,False,True,LigaPro_Portugal_2a_división,,,,,2018-04-11 16:00:00
2017-2018,33,1,1,2,8,1,9,3,0,0,0,6,7,7,5,13,12,14,11,60,40,Estádio Dom Afonso Henriques,"Rua de São Gonçalo 505, Guimarães",3,0,2.91,3.27,2.59,1.34,2.05,3.7,1.91,1.91,0.0,0.0,0.0,0.0,0.0,0.0,0.0,0.0,2,0,0,1,1,2,0,1523458800,-1,0,65,0,1016,-1,1,-1,-1,-1,-1,-1,-1,1,0,2,0,1,2,-1,0,0,0,0,0.0,0.0,0.0,0,0,0,0,0,0,1,1,0,0,-1,-1,0,0,-1,-1,-1,-1,-1,-1,-1,-1,-1,65,81,36,77,Vitória Guimarães II,FC Penafiel,1.37,1.42,1.56,1.47,1.41,1.69,36,19,0.0,0.0,0.0,38,True,True,False,False,False,False,True,LigaPro_Portugal_2a_división,,,,,2018-04-11 15:00:00
2017-2018,33,0,1,1,6,4,10,3,3,2,0,5,5,7,12,12,17,14,15,43,57,Estádio Varzim Sport Club,"Rua do Varzim Sport Club, Póvoa de Varzim",7,3,2.88,3.09,2.74,1.43,2.3,4.4,2.05,1.77,0.0,0.0,0.0,0.0,0.0,0.0,0.0,0.0,1,0,0,0,1,1,0,1523458800,1032,0,47,0,1204,-1,1,-1,-1,-1,-1,-1,-1,0,1,5,2,1,7,-1,0,0,0,0,0.0,0.0,0.0,0,0,0,0,0,0,1,1,0,0,-1,-1,0,0,-1,-1,-1,-1,-1,-1,-1,-1,-1,35,60,25,60,Varzim,Academico Viseu,1.68,1.68,1.63,1.56,1.25,1.59,66,41,0.0,0.0,0.0,38,True,False,False,False,False,False,False,LigaPro_Portugal_2a_división,,,,,2018-04-11 15:00:00
2017-2018,34,1,2,3,4,7,11,3,5,0,0,4,6,6,7,10,13,22,15,46,54,Estádio Municipal 22 de Junho,"Alameda dos Bargos, Vila Nova de Famalicão",3,5,2.96,3.16,2.63,1.29,1.91,3.3,1.8,2.05,0.0,0.0,0.0,0.0,0.0,0.0,0.0,0.0,3,1,0,0,2,2,1,1523804400,179,0,38,0,1506,-1,1,-1,-1,-1,-1,-1,-1,0,1,3,4,1,7,-1,0,0,0,0,0.0,0.0,0.0,0,0,0,0,0,0,1,1,0,0,-1,-1,0,0,-1,-1,-1,-1,-1,-1,-1,-1,-1,57,75,38,72,Famalicão,Associação Académica de Coimbra OAF,1.79,1.53,2.06,1.44,1.42,1.59,44,25,0.0,0.0,0.0,38,True,True,True,False,False,False,True,LigaPro_Portugal_2a_división,,,,,2018-04-15 15:00:00
2017-2018,34,1,1,2,6,3,9,2,2,0,0,7,4,7,3,14,7,13,15,49,51,Estádio Municipal de Aveiro,"Parque da Cidade, Taboeira, Aveiro",2,2,2.2,3.2,3.72,1.32,2.0,3.55,1.87,1.91,0.0,0.0,0.0,0.0,0.0,0.0,0.0,0.0,2,0,1,1,0,1,1,1523804400,-1,0,60,0,423,-1,1,-1,-1,-1,-1,-1,-1,0,1,2,1,1,3,-1,0,0,0,0,0.0,0.0,0.0,0,0,0,0,0,0,1,1,0,0,-1,-1,0,0,-1,-1,-1,-1,-1,-1,-1,-1,-1,41,85,28,66,UD Oliveirense,Gil Vicente,1.42,0.89,1.44,0.94,1.27,1.0,60,16,0.0,0.0,0.0,38,True,True,False,False,False,False,True,LigaPro_Portugal_2a_división,,,,,2018-04-15 15:00:00
2017-2018,34,1,3,4,5,4,9,4,6,1,0,5,6,6,7,11,13,12,17,58,42,Estádio Municipal do Fontelo,"Avenida José Relvas, Viseu",5,6,1.72,3.56,5.73,1.28,1.91,3.25,2.05,1.77,0.0,0.0,0.0,0.0,0.0,0.0,0.0,0.0,4,1,1,0,2,2,2,1523800800,178,0,60,0,1545,-1,1,-1,-1,-1,-1,-1,-1,2,3,3,3,5,6,-1,0,0,0,0,0.0,0.0,0.0,0,0,0,0,0,0,1,1,0,0,-1,-1,1,0,-1,-1,-1,-1,-1,-1,-1,-1,-1,53,72,28,79,Academico Viseu,CF União,1.68,0.74,1.63,0.5,1.64,0.97,47,28,0.0,0.0,0.0,38,True,True,True,True,False,False,True,LigaPro_Portugal_2a_división,,,,,2018-04-15 14:00:00
2017-2018,34,1,0,1,8,0,8,1,2,0,0,5,2,12,6,17,8,18,17,64,36,Estádio Municipal de Arouca,"Afonso Pinto Magalhães Valdasna, Arouca",1,2,1.61,3.88,6.4,1.24,1.77,2.9,1.95,1.83,0.0,0.0,0.0,0.0,0.0,0.0,0.0,0.0,1,0,0,1,0,1,0,1523804400,167,0,38,0,1240,-1,1,-1,-1,-1,-1,-1,-1,0,0,1,2,0,3,-1,0,0,0,0,0.0,0.0,0.0,0,0,0,0,0,0,1,1,0,0,-1,-1,0,0,-1,-1,-1,-1,-1,-1,-1,-1,-1,44,60,26,63,FC Arouca,Benfica II,1.84,1.0,2.0,0.94,1.67,1.27,57,41,0.0,0.0,0.0,38,True,False,False,False,False,False,False,LigaPro_Portugal_2a_división,,,,,2018-04-15 15:00:00
2017-2018,34,3,1,4,5,4,9,1,0,0,0,7,2,6,5,13,7,16,14,51,49,Estádio 1º de Maio,", Braga",1,0,1.95,3.3,3.9,1.3,1.95,3.4,1.87,1.95,0.0,0.0,0.0,0.0,0.0,0.0,0.0,0.0,4,2,0,1,1,2,2,1523804400,1035,0,57,0,373,-1,1,-1,-1,-1,-1,-1,-1,0,0,1,0,0,1,-1,0,0,0,0,0.0,0.0,0.0,0,0,0,0,0,0,1,1,0,0,-1,-1,0,0,-1,-1,-1,-1,-1,-1,-1,-1,-1,51,69,35,66,Sporting Braga II,Vitória Guimarães II,1.21,1.26,1.13,1.25,1.09,1.39,51,32,0.0,0.0,0.0,38,True,True,True,True,False,False,True,LigaPro_Portugal_2a_división,,,,,2018-04-15 15:00:00
2017-2018,34,0,0,0,3,12,15,1,2,0,0,2,0,4,7,6,7,16,11,48,52,Estádio Municipal José dos Santos Pinto,"Rua Viriato, Covilhã",1,2,2.08,3.22,4.1,1.44,2.35,4.55,2.15,1.71,0.0,0.0,0.0,0.0,0.0,0.0,0.0,0.0,0,0,0,0,0,0,0,1523804400,-1,0,41,0,205,-1,1,-1,-1,-1,-1,-1,-1,0,1,1,1,1,2,-1,0,0,0,0,0.0,0.0,0.0,0,0,0,0,0,0,1,1,0,0,-1,-1,0,0,-1,-1,-1,-1,-1,-1,-1,-1,-1,38,63,16,47,Sporting Covilhã,Cova Piedade,1.53,0.74,1.69,0.44,1.27,1.21,63,38,0.0,0.0,0.0,38,False,False,False,False,False,False,False,LigaPro_Portugal_2a_división,,,,,2018-04-15 15:00:00
2017-2018,34,1,0,1,3,4,7,3,4,1,0,3,0,4,8,7,8,22,20,51,49,Estádio do Mar,"Lugar da Cruz de Pau, Matosinhos",4,4,2.58,3.16,3.02,1.39,2.2,4.15,2.0,1.8,0.0,0.0,0.0,0.0,0.0,0.0,0.0,0.0,1,1,0,0,0,0,1,1523804400,1030,0,63,0,990,-1,1,-1,-1,-1,-1,-1,-1,1,1,3,3,2,6,-1,0,0,0,0,0.0,0.0,0.0,1,0,1,0,0,0,1,1,0,0,-1,-1,0,1,-1,-1,-1,-1,-1,-1,-1,-1,-1,54,76,29,72,Leixões,FC Penafiel,2.05,1.42,2.19,1.44,1.55,1.67,47,26,0.0,0.0,0.0,38,True,False,False,False,False,False,False,LigaPro_Portugal_2a_división,,,,,2018-04-15 15:00:00
2017-2018,34,3,3,6,9,6,15,4,3,0,0,9,5,9,3,18,8,16,18,63,37,Estádio da Madeira,"Rua do Esmeraldo, nº 46, Ilha da Madeira",4,3,2.0,3.34,4.26,1.41,2.25,4.25,2.15,1.71,0.0,0.0,0.0,0.0,0.0,0.0,0.0,0.0,6,0,2,3,1,4,2,1523800800,-1,0,50,0,3619,-1,1,-1,-1,-1,-1,-1,-1,2,1,2,2,3,4,-1,0,0,0,0,0.0,0.0,0.0,0,0,0,0,0,0,1,1,0,0,-1,-1,0,0,-1,-1,-1,-1,-1,-1,-1,-1,-1,47,82,19,75,CD Nacional,Santa Clara,2.11,1.42,2.19,1.44,1.88,1.7,54,19,0.0,0.0,0.0,38,True,True,True,True,True,True,True,LigaPro_Portugal_2a_división,,,,,2018-04-15 14:00:00
2017-2018,34,0,2,2,7,4,11,3,2,1,0,5,6,3,7,8,13,13,21,53,47,Estádio Dr. Jorge Sampaio,"Rua da Paradela, Pedroso, Vila Nova de Gaia",4,2,1.85,3.6,4.63,1.19,1.62,2.6,1.67,2.2,0.0,0.0,0.0,0.0,0.0,0.0,0.0,0.0,2,0,0,0,2,2,0,1523890800,1029,0,66,0,496,-1,1,-1,-1,-1,-1,-1,-1,1,0,3,2,1,5,-1,0,0,0,0,0.0,0.0,0.0,0,0,0,0,0,0,1,1,0,0,-1,-1,0,0,-1,-1,-1,-1,-1,-1,-1,-1,-1,66,85,44,79,Porto II,Sporting CP II,1.95,0.95,2.13,0.75,1.63,1.0,35,16,0.0,0.0,0.0,38,True,True,False,False,False,False,False,LigaPro_Portugal_2a_división,,,,,2018-04-16 15:00:00
2017-2018,34,1,2,3,3,6,9,0,2,0,1,2,4,3,5,5,9,16,15,48,52,Estádio do Real SC,"Rua Cidade Desportiva, Monte Abraão, Queluz",0,3,2.25,3.2,3.6,1.36,2.1,3.9,1.95,1.83,0.0,0.0,0.0,0.0,0.0,0.0,0.0,0.0,3,1,0,0,2,2,1,1523804400,1034,0,57,0,308,-1,1,-1,-1,-1,-1,-1,-1,0,1,0,2,1,2,-1,0,0,0,0,0.0,0.0,0.0,0,0,0,0,0,0,1,1,0,0,-1,-1,0,0,-1,-1,-1,-1,-1,-1,-1,-1,-1,60,69,19,66,Real SC,Varzim,1.16,0.95,1.31,0.88,0.94,1.21,41,32,0.0,0.0,0.0,38,True,True,True,False,False,False,True,LigaPro_Portugal_2a_división,,,,,2018-04-15 15:00:00
2017-2018,35,2,2,4,8,1,9,0,2,0,0,4,3,7,1,11,4,19,21,58,42,Estádio do Mar,"Lugar da Cruz de Pau, Matosinhos",0,2,2.65,2.9,2.85,1.49,2.5,4.9,2.15,1.69,0.0,0.0,0.0,0.0,0.0,0.0,0.0,0.0,4,1,2,1,0,1,3,1524409200,-1,0,38,0,1979,-1,1,-1,-1,-1,-1,-1,-1,0,0,0,2,0,2,-1,0,0,0,0,0.0,0.0,0.0,0,0,0,0,0,0,1,1,0,1,-1,-1,0,0,-1,-1,-1,-1,-1,-1,-1,-1,-1,38,62,27,76,Leixões,FC Arouca,2.05,1.26,2.24,1.35,1.59,1.71,62,38,0.0,0.0,0.0,38,True,True,True,True,False,False,True,LigaPro_Portugal_2a_división,,,,,2018-04-22 15:00:00
2017-2018,35,1,2,3,3,10,13,1,2,1,0,3,5,5,9,8,14,19,14,54,46,CGD Stadium Aurélio Pereira,", Alcochete",2,2,2.1,3.5,3.15,1.15,1.53,2.3,1.51,2.55,0.0,0.0,0.0,0.0,0.0,0.0,0.0,0.0,3,1,1,0,1,1,2,1524492000,1031,0,53,0,377,-1,1,-1,-1,-1,-1,-1,-1,0,0,2,2,0,4,-1,0,0,0,0,0.0,0.0,0.0,0,0,0,0,0,0,1,1,0,0,-1,-1,0,0,-1,-1,-1,-1,-1,-1,-1,-1,-1,53,74,32,71,Sporting CP II,Benfica II,1.26,1.0,1.24,0.88,1.06,1.24,47,27,0.0,0.0,0.0,38,True,True,True,False,False,False,True,LigaPro_Portugal_2a_división,,,,,2018-04-23 14:00:00
2017-2018,35,1,0,1,4,6,10,1,2,0,0,5,3,6,5,11,8,17,11,53,47,Estádio do Centro Desportivo da Madeira,"VE4 65, Madeira",1,2,1.87,3.25,4.4,1.37,2.15,3.95,2.0,1.83,0.0,0.0,0.0,0.0,0.0,0.0,0.0,0.0,1,0,0,1,0,1,0,1524322800,178,0,35,0,564,-1,1,-1,-1,-1,-1,-1,-1,0,0,1,2,0,3,-1,0,0,0,0,0.0,0.0,0.0,0,0,0,0,0,0,1,1,0,0,-1,-1,0,0,-1,-1,-1,-1,-1,-1,-1,-1,-1,41,62,27,62,CF União,Sporting Covilhã,1.58,0.95,1.41,0.88,1.03,1.26,59,38,0.0,0.0,0.0,38,True,False,False,False,False,False,False,LigaPro_Portugal_2a_división,,,,,2018-04-21 15:00:00
2017-2018,35,2,0,2,9,7,16,3,4,0,1,4,5,5,1,9,6,16,14,50,50,"Estádio de São Miguel (Ponta Delgada, Ilha de São Miguel, Açores)","Rua Comandante Jaime de Sousa 21, Ponta Delgada, Ilha de São Miguel, Açores",3,5,1.83,3.3,3.75,0.0,0.0,0.0,0.0,0.0,0.0,0.0,0.0,0.0,0.0,0.0,0.0,0.0,2,2,0,0,0,0,2,1524409200,1028,0,47,0,3066,-1,1,-1,-1,-1,-1,-1,-1,2,3,1,2,5,3,-1,0,0,0,0,0.0,0.0,0.0,1,0,1,0,0,0,1,1,1,0,-1,-1,1,0,-1,-1,-1,-1,-1,-1,-1,-1,-1,38,68,27,56,Santa Clara,Famalicão,2.05,0.74,1.94,0.82,1.68,1.38,62,32,0.0,0.0,0.0,38,True,True,False,False,False,False,False,LigaPro_Portugal_2a_división,,,,,2018-04-22 15:00:00
2017-2018,35,1,0,1,2,5,7,4,3,0,0,5,5,5,7,10,12,16,17,49,51,Estádio Municipal 25 de Abril,"Rua Futebol Clube de Penafiel, Penafiel",4,3,1.69,3.55,4.9,1.28,1.87,3.2,1.87,1.91,0.0,0.0,0.0,0.0,0.0,0.0,0.0,0.0,1,0,0,1,0,1,0,1524409200,182,0,41,0,1439,-1,1,-1,-1,-1,-1,-1,-1,1,2,3,1,3,4,-1,0,0,0,0,0.0,0.0,0.0,0,0,0,0,0,0,1,1,0,0,-1,-1,0,0,-1,-1,-1,-1,-1,-1,-1,-1,-1,35,65,24,71,FC Penafiel,UD Oliveirense,1.84,1.16,1.88,1.12,1.62,1.26,65,35,0.0,0.0,0.0,38,True,False,False,False,False,False,False,LigaPro_Portugal_2a_división,,,,,2018-04-22 15:00:00
2017-2018,35,1,0,1,3,3,6,1,4,0,0,4,3,8,4,12,7,21,16,55,45,Estádio EFAPEL,"Rua Dom Manuel I, Coimbra",1,4,1.33,4.75,9.0,1.19,1.65,2.6,1.91,1.91,0.0,0.0,0.0,0.0,0.0,0.0,0.0,0.0,1,0,0,1,0,1,0,1524322800,179,0,49,0,4116,-1,1,-1,-1,-1,-1,-1,-1,0,1,1,3,1,4,-1,0,0,0,0,0.0,0.0,0.0,0,0,0,0,0,0,1,1,0,0,-1,-1,0,0,-1,-1,-1,-1,-1,-1,-1,-1,-1,43,73,40,80,Associação Académica de Coimbra OAF,Real SC,1.79,0.53,1.75,0.59,1.64,0.91,58,27,0.0,0.0,0.0,38,True,False,False,False,False,False,False,LigaPro_Portugal_2a_división,,,,,2018-04-21 15:00:00
2017-2018,35,2,2,4,2,10,12,3,1,1,0,8,8,3,7,11,15,17,19,40,60,Estádio 1º de Maio,", Braga",5,1,2.4,3.15,2.95,1.28,1.91,3.25,1.77,2.05,0.0,0.0,0.0,0.0,0.0,0.0,0.0,0.0,4,1,0,1,2,3,1,1524409200,-1,0,47,0,437,-1,1,-1,-1,-1,-1,-1,-1,1,1,3,0,2,3,-1,0,0,0,0,0.0,0.0,0.0,0,0,0,0,0,0,1,1,0,0,-1,-1,0,0,-1,-1,-1,-1,-1,-1,-1,-1,-1,35,56,30,59,Sporting Braga II,Academico Viseu,1.21,1.68,1.24,1.65,1.15,1.59,65,44,0.0,0.0,0.0,38,True,True,True,True,False,False,True,LigaPro_Portugal_2a_división,,,,,2018-04-22 15:00:00
2017-2018,35,0,0,0,6,5,11,4,3,0,0,4,3,4,7,8,10,23,19,55,45,Estádio Cidade de Barcelos,"strada Nacional 103, Vila Boa, Barcelos",4,3,4.0,3.55,1.83,1.24,1.77,2.9,1.77,2.05,0.0,0.0,0.0,0.0,0.0,0.0,0.0,0.0,0,0,0,0,0,0,0,1524392100,-1,0,56,0,1015,-1,1,-1,-1,-1,-1,-1,-1,0,1,4,2,1,6,-1,0,0,0,0,0.0,0.0,0.0,0,0,0,0,0,0,1,1,0,0,-1,-1,0,0,-1,-1,-1,-1,-1,-1,-1,-1,-1,65,74,35,65,Gil Vicente,CD Nacional,1.0,1.63,1.06,1.59,1.0,1.85,35,27,0.0,0.0,0.0,38,False,False,False,False,False,False,False,LigaPro_Portugal_2a_división,,,,,2018-04-22 10:15:00
2017-2018,35,0,1,1,14,1,15,5,2,0,0,11,5,12,3,23,8,17,21,59,41,Estádio Dom Afonso Henriques,"Rua de São Gonçalo 505, Guimarães",5,2,1.83,3.6,3.9,1.19,1.62,2.6,1.65,2.25,0.0,0.0,0.0,0.0,0.0,0.0,0.0,0.0,1,0,1,0,0,0,1,1525273200,1037,0,50,0,1060,-1,1,-1,-1,-1,-1,-1,-1,0,0,5,2,0,7,-1,0,0,0,0,0.0,0.0,0.0,0,0,0,0,0,0,1,1,0,0,-1,-1,0,0,-1,-1,-1,-1,-1,-1,-1,-1,-1,59,74,32,79,Vitória Guimarães II,Porto II,1.37,1.11,1.53,1.06,1.4,1.49,41,27,0.0,0.0,0.0,38,True,False,False,False,False,False,False,LigaPro_Portugal_2a_división,,,,,2018-05-02 15:00:00
2017-2018,35,1,1,2,4,3,7,3,4,0,0,3,5,10,6,13,11,15,19,54,46,Estádio Municipal José Martins Vieira,"Estrada do Brejo, Cova da Piedade, Almada",3,4,2.5,2.7,3.25,1.43,2.35,4.45,2.05,1.77,0.0,0.0,0.0,0.0,0.0,0.0,0.0,0.0,2,0,1,1,0,1,1,1524409200,-1,0,44,0,788,-1,1,-1,-1,-1,-1,-1,-1,1,2,2,2,3,4,-1,0,0,0,0,0.0,0.0,0.0,1,1,1,1,0,0,1,1,0,0,-1,-1,0,0,-1,-1,-1,-1,-1,-1,-1,-1,-1,50,68,24,62,Cova Piedade,Varzim,1.95,0.95,1.94,1.0,1.21,1.26,50,32,0.0,0.0,0.0,38,True,True,False,False,False,False,True,LigaPro_Portugal_2a_división,,,,,2018-04-22 15:00:00
2017-2018,36,0,1,1,6,4,10,2,2,0,0,2,6,2,7,4,13,13,16,54,46,Estádio Municipal José dos Santos Pinto,"Rua Viriato, Covilhã",2,2,4.3,3.2,1.91,1.41,2.25,4.25,2.1,1.71,0.0,0.0,0.0,0.0,0.0,0.0,0.0,0.0,1,0,1,0,0,0,1,1525014000,179,0,41,0,1238,-1,1,-1,-1,-1,-1,-1,-1,0,1,2,1,1,3,-1,0,0,0,0,0.0,0.0,0.0,0,0,0,0,0,0,1,1,0,1,-1,-1,0,0,-1,-1,-1,-1,-1,-1,-1,-1,-1,53,71,24,59,Sporting Covilhã,Associação Académica de Coimbra OAF,1.53,1.53,1.65,1.53,1.23,1.71,47,30,0.0,0.0,0.0,38,True,False,False,False,False,False,False,LigaPro_Portugal_2a_división,,,,,2018-04-29 15:00:00
2017-2018,36,0,4,4,4,2,6,2,4,0,0,4,5,6,10,10,15,11,23,55,45,Estádio Dr. Jorge Sampaio,"Rua da Paradela, Pedroso, Vila Nova de Gaia",2,4,2.8,3.3,2.4,1.22,1.71,2.75,1.65,2.25,0.0,0.0,0.0,0.0,0.0,0.0,0.0,0.0,4,0,2,0,2,2,2,1525014000,1035,0,62,0,360,-1,1,-1,-1,-1,-1,-1,-1,2,3,0,1,5,1,-1,0,0,0,0,0.0,0.0,0.0,0,2,0,2,0,0,1,1,0,1,-1,-1,0,1,-1,-1,-1,-1,-1,-1,-1,-1,-1,53,79,38,77,Porto II,Sporting Braga II,1.95,1.11,2.0,1.06,1.53,1.14,47,21,0.0,0.0,0.0,38,True,True,True,True,False,False,False,LigaPro_Portugal_2a_división,,,,,2018-04-29 15:00:00
2017-2018,36,1,0,1,5,4,9,1,1,0,0,7,3,4,7,11,10,17,18,54,46,Estádio Municipal do Fontelo,"Avenida José Relvas, Viseu",1,1,1.54,3.85,5.85,1.27,1.87,3.2,1.95,1.87,0.0,0.0,0.0,0.0,0.0,0.0,0.0,0.0,1,0,0,1,0,1,0,1525014000,1032,0,53,0,559,-1,1,-1,-1,-1,-1,-1,-1,0,0,1,1,0,2,-1,0,0,0,0,0.0,0.0,0.0,0,0,0,0,0,0,1,1,0,0,-1,-1,0,0,-1,-1,-1,-1,-1,-1,-1,-1,-1,42,74,30,59,Academico Viseu,Gil Vicente,1.68,0.89,1.53,0.94,1.57,1.0,59,27,0.0,0.0,0.0,38,True,False,False,False,False,False,False,LigaPro_Portugal_2a_división,,,,,2018-04-29 15:00:00
2017-2018,36,2,1,3,9,6,15,4,2,0,1,6,5,6,8,12,13,24,18,45,55,Estádio da Madeira,"Rua do Esmeraldo, nº 46, Ilha da Madeira",4,3,1.61,3.75,5.4,1.24,1.77,2.9,1.83,1.95,0.0,0.0,0.0,0.0,0.0,0.0,0.0,0.0,3,1,0,1,1,2,1,1524910500,163,0,68,0,3619,-1,1,-1,-1,-1,-1,-1,-1,1,1,3,2,2,5,-1,0,0,0,0,0.0,0.0,0.0,0,0,0,0,0,0,1,1,1,0,-1,-1,0,0,-1,-1,-1,-1,-1,-1,-1,-1,-1,56,97,24,74,CD Nacional,Leixões,2.11,0.89,2.12,0.94,1.83,1.57,44,3,0.0,0.0,0.0,38,True,True,True,False,False,False,True,LigaPro_Portugal_2a_división,,,,,2018-04-28 10:15:00
2017-2018,36,2,3,5,9,4,13,1,3,0,0,6,7,12,5,18,12,16,20,57,43,Estádio do Real SC,"Rua Cidade Desportiva, Monte Abraão, Queluz",1,3,2.45,3.0,3.0,1.4,2.25,4.2,2.0,1.8,0.0,0.0,0.0,0.0,0.0,0.0,0.0,0.0,5,1,0,1,3,4,1,1525014000,1036,0,53,0,410,-1,1,-1,-1,-1,-1,-1,-1,1,2,0,1,3,1,-1,0,0,0,0,0.0,0.0,0.0,1,0,1,0,0,0,1,1,0,0,-1,-1,0,0,-1,-1,-1,-1,-1,-1,-1,-1,-1,50,65,21,56,Real SC,Cova Piedade,1.16,0.74,1.24,0.47,0.89,1.2,50,36,0.0,0.0,0.0,38,True,True,True,True,True,False,True,LigaPro_Portugal_2a_división,,,,,2018-04-29 15:00:00
2017-2018,36,2,0,2,4,2,6,0,0,0,0,3,2,2,7,5,9,22,13,48,52,Estádio Varzim Sport Club,"Rua do Varzim Sport Club, Póvoa de Varzim",0,0,1.74,3.55,4.6,1.25,1.8,3.0,1.8,2.0,0.0,0.0,0.0,0.0,0.0,0.0,0.0,0.0,2,1,0,1,0,1,1,1525014000,1034,0,56,0,-1,-1,-1,-1,-1,-1,-1,-1,-1,0,0,0,0,0,0,-1,0,0,0,0,0.0,0.0,0.0,-1,-1,-1,-1,-1,-1,-1,1,0,0,-1,-1,-1,-1,-1,-1,-1,-1,-1,-1,-1,-1,-1,47,77,33,62,Varzim,Sporting CP II,1.68,0.95,1.53,0.88,1.26,1.03,53,24,0.0,0.0,0.0,38,True,True,False,False,False,False,False,LigaPro_Portugal_2a_división,,,,,2018-04-29 15:00:00
2017-2018,36,1,4,5,9,2,11,2,1,0,0,3,5,4,6,7,11,26,21,60,40,Estádio Municipal de Arouca,"Afonso Pinto Magalhães Valdasna, Arouca",2,1,1.87,3.15,4.4,1.42,2.25,4.3,2.15,1.71,0.0,0.0,0.0,0.0,0.0,0.0,0.0,0.0,5,0,2,1,2,3,2,1525014000,182,0,50,0,1675,-1,1,-1,-1,-1,-1,-1,-1,1,0,1,1,1,2,-1,0,0,0,0,0.0,0.0,0.0,0,1,0,1,0,0,1,1,0,0,-1,-1,0,0,-1,-1,-1,-1,-1,-1,-1,-1,-1,47,62,24,62,FC Arouca,FC Penafiel,1.84,1.42,2.06,1.35,1.69,1.66,53,39,0.0,0.0,0.0,38,True,True,True,True,True,False,True,LigaPro_Portugal_2a_división,,,,,2018-04-29 15:00:00
2017-2018,36,0,1,1,6,8,14,0,0,0,0,4,8,11,6,15,14,17,13,58,42,Caixa Futebol Campus,", Seixal",0,0,2.25,3.35,3.05,1.17,1.56,2.4,1.54,2.5,0.0,0.0,0.0,0.0,0.0,0.0,0.0,0.0,1,0,0,0,1,1,0,1525014000,1027,0,68,0,461,-1,-1,-1,-1,-1,-1,-1,-1,0,0,0,0,0,0,-1,0,0,0,0,0.0,0.0,0.0,0,0,0,0,0,0,1,1,0,0,-1,-1,-1,-1,-1,-1,-1,-1,-1,-1,-1,-1,-1,71,82,47,80,Benfica II,Vitória Guimarães II,1.58,1.26,1.59,1.18,1.29,1.35,30,18,0.0,0.0,0.0,38,True,False,False,False,False,False,False,LigaPro_Portugal_2a_división,,,,,2018-04-29 15:00:00
2017-2018,36,1,2,3,4,4,8,4,2,0,0,6,6,6,4,12,10,21,17,52,48,Estádio Municipal 22 de Junho,"Alameda dos Bargos, Vila Nova de Famalicão",4,2,2.5,3.15,2.8,1.33,2.0,3.5,1.87,1.95,0.0,0.0,0.0,0.0,0.0,0.0,0.0,0.0,3,1,1,0,1,1,2,1525014000,178,0,53,0,1221,-1,1,-1,-1,-1,-1,-1,-1,0,0,4,2,0,6,-1,0,0,0,0,0.0,0.0,0.0,0,0,0,0,0,0,1,1,0,0,-1,-1,0,0,-1,-1,-1,-1,-1,-1,-1,-1,-1,50,76,32,83,Famalicão,CF União,1.79,0.74,1.94,0.65,1.34,1.09,50,24,0.0,0.0,0.0,38,True,True,True,False,False,False,True,LigaPro_Portugal_2a_división,,,,,2018-04-29 15:00:00
2017-2018,36,1,2,3,10,0,10,4,4,1,0,5,6,6,1,11,7,18,13,60,40,Estádio Municipal de Aveiro,"Parque da Cidade, Taboeira, Aveiro",6,4,3.15,3.05,2.3,1.33,2.0,3.65,1.87,1.91,0.0,0.0,0.0,0.0,0.0,0.0,0.0,0.0,3,0,2,1,0,1,2,1524996900,1028,0,62,0,367,-1,1,-1,-1,-1,-1,-1,-1,2,0,3,4,2,7,-1,0,0,0,0,0.0,0.0,0.0,0,0,0,0,0,0,1,1,0,0,-1,-1,0,0,-1,-1,-1,-1,-1,-1,-1,-1,-1,47,83,29,79,UD Oliveirense,Santa Clara,1.42,1.42,1.41,1.41,1.23,1.71,53,18,0.0,0.0,0.0,38,True,True,True,False,False,False,True,LigaPro_Portugal_2a_división,,,,,2018-04-29 10:15:00
2017-2018,37,1,1,2,3,2,5,3,5,0,0,6,7,9,4,15,11,16,21,52,48,Estádio 1º de Maio,", Braga",3,5,1.91,3.6,3.65,1.15,1.51,2.3,1.53,2.5,0.0,0.0,0.0,0.0,0.0,0.0,0.0,0.0,2,1,0,0,1,1,1,1525618800,-1,0,53,0,507,-1,1,-1,-1,-1,-1,-1,-1,0,1,3,4,1,7,-1,0,0,0,0,0.0,0.0,0.0,0,0,0,0,0,0,1,1,0,0,-1,-1,0,0,-1,-1,-1,-1,-1,-1,-1,-1,-1,50,70,36,67,Sporting Braga II,Benfica II,1.21,1.0,1.22,1.0,1.19,1.25,50,31,0.0,0.0,0.0,38,True,True,False,False,False,False,True,LigaPro_Portugal_2a_división,,,,,2018-05-06 15:00:00
2017-2018,37,0,1,1,4,11,15,0,2,0,0,4,4,7,3,11,7,21,19,60,40,Estádio Cidade de Barcelos,"strada Nacional 103, Vila Boa, Barcelos",0,2,2.95,3.05,2.45,1.44,2.35,4.55,2.1,1.74,0.0,0.0,0.0,0.0,0.0,0.0,0.0,0.0,1,0,0,0,1,1,0,1525618800,1026,0,36,0,682,-1,1,-1,-1,-1,-1,-1,-1,0,0,0,2,0,2,-1,0,0,0,0,0.0,0.0,0.0,0,0,0,0,0,0,1,1,0,0,-1,-1,0,0,-1,-1,-1,-1,-1,-1,-1,-1,-1,50,59,28,61,Gil Vicente,Sporting Covilhã,1.0,0.95,1.06,0.83,0.97,1.19,50,42,0.0,0.0,0.0,38,True,False,False,False,False,False,False,LigaPro_Portugal_2a_división,,,,,2018-05-06 15:00:00
2017-2018,37,3,2,5,5,8,13,0,0,0,0,6,4,4,12,10,16,13,17,51,49,Estádio Dr. Jorge Sampaio,"Rua da Paradela, Pedroso, Vila Nova de Gaia",0,0,2.9,3.3,2.35,1.26,1.83,3.1,1.74,2.1,0.0,0.0,0.0,0.0,0.0,0.0,0.0,0.0,5,1,2,2,0,2,3,1525532400,1037,0,48,0,-1,-1,-1,-1,-1,-1,-1,-1,-1,0,0,0,0,0,0,-1,0,0,0,0,0.0,0.0,0.0,-1,-1,-1,-1,-1,-1,-1,1,0,0,-1,-1,-1,-1,-1,-1,-1,-1,-1,-1,-1,-1,-1,48,78,31,72,Porto II,Famalicão,1.95,0.74,1.89,0.78,1.53,1.31,53,23,0.0,0.0,0.0,38,True,True,True,True,True,False,True,LigaPro_Portugal_2a_división,,,,,2018-05-05 15:00:00
2017-2018,37,3,0,3,7,4,11,0,3,0,0,6,0,7,6,13,6,14,18,58,42,"Estádio de São Miguel (Ponta Delgada, Ilha de São Miguel, Açores)","Rua Comandante Jaime de Sousa 21, Ponta Delgada, Ilha de São Miguel, Açores",0,3,1.27,5.0,11.0,1.26,1.83,3.1,2.5,1.54,0.0,0.0,0.0,0.0,0.0,0.0,0.0,0.0,3,1,0,2,0,2,1,1525622400,1028,0,42,0,4000,-1,1,-1,-1,-1,-1,-1,-1,0,1,0,2,1,2,-1,0,0,0,0,0.0,0.0,0.0,0,0,0,0,0,0,1,1,0,0,-1,-1,0,0,-1,-1,-1,-1,-1,-1,-1,-1,-1,44,64,42,62,Santa Clara,Real SC,2.05,0.53,2.0,0.56,1.75,0.86,56,36,0.0,0.0,0.0,38,True,True,True,False,False,False,False,LigaPro_Portugal_2a_división,,,,,2018-05-06 16:00:00
2017-2018,37,1,2,3,11,2,13,0,0,0,0,5,3,19,2,24,5,11,17,69,31,Estádio EFAPEL,"Rua Dom Manuel I, Coimbra",0,0,1.34,4.6,8.75,1.22,1.71,2.75,2.05,1.77,0.0,0.0,0.0,0.0,0.0,0.0,0.0,0.0,3,0,2,1,0,1,2,1525532400,1036,0,48,0,-1,-1,-1,-1,-1,-1,-1,-1,-1,0,0,0,0,0,0,-1,0,0,0,0,0.0,0.0,0.0,-1,-1,-1,-1,-1,-1,-1,1,0,0,-1,-1,-1,-1,-1,-1,-1,-1,-1,-1,-1,-1,-1,36,64,25,64,Associação Académica de Coimbra OAF,Cova Piedade,1.79,0.74,1.89,0.61,1.75,1.25,64,36,0.0,0.0,0.0,38,True,True,True,False,False,False,True,LigaPro_Portugal_2a_división,,,,,2018-05-05 15:00:00
2017-2018,37,0,1,1,8,3,11,0,0,0,0,4,4,5,5,9,9,18,14,56,44,Estádio Municipal de Arouca,"Afonso Pinto Magalhães Valdasna, Arouca",0,0,2.5,3.35,2.65,1.24,1.77,2.95,1.69,2.15,0.0,0.0,0.0,0.0,0.0,0.0,0.0,0.0,1,0,1,0,0,0,1,1525601700,163,0,48,0,1050,-1,-1,-1,-1,-1,-1,-1,-1,0,0,0,0,0,0,-1,0,0,0,0,0.0,0.0,0.0,0,0,0,0,0,0,1,1,0,1,-1,-1,-1,-1,-1,-1,-1,-1,-1,-1,-1,-1,-1,47,61,25,59,FC Arouca,CD Nacional,1.84,1.63,1.94,1.56,1.64,1.86,53,39,0.0,0.0,0.0,38,True,False,False,False,False,False,False,LigaPro_Portugal_2a_división,,,,,2018-05-06 10:15:00
2017-2018,37,0,1,1,10,4,14,2,2,0,0,4,3,4,9,8,12,9,9,52,48,Estádio Dom Afonso Henriques,"Rua de São Gonçalo 505, Guimarães",2,2,1.87,3.6,3.85,1.17,1.56,2.4,1.59,2.4,0.0,0.0,0.0,0.0,0.0,0.0,0.0,0.0,1,0,0,0,1,1,0,1525618800,1029,0,56,0,1232,-1,1,-1,-1,-1,-1,-1,-1,0,0,2,2,0,4,-1,0,0,0,0,0.0,0.0,0.0,0,0,0,0,0,0,1,1,0,0,-1,-1,0,0,-1,-1,-1,-1,-1,-1,-1,-1,-1,53,81,34,73,Vitória Guimarães II,Sporting CP II,1.37,0.95,1.44,0.83,1.36,1.0,47,20,0.0,0.0,0.0,38,True,False,False,False,False,False,False,LigaPro_Portugal_2a_división,,,,,2018-05-06 15:00:00
2017-2018,37,0,1,1,12,1,13,0,0,0,0,4,5,8,4,12,9,18,21,58,42,Estádio do Mar,"Lugar da Cruz de Pau, Matosinhos",0,0,2.3,3.2,3.05,1.3,1.95,3.4,1.83,2.0,0.0,0.0,0.0,0.0,0.0,0.0,0.0,0.0,1,0,0,0,1,1,0,1525618800,1038,0,42,0,-1,-1,-1,-1,-1,-1,-1,-1,-1,0,0,0,0,0,0,-1,0,0,0,0,0.0,0.0,0.0,-1,-1,-1,-1,-1,-1,-1,1,0,0,-1,-1,-1,-1,-1,-1,-1,-1,-1,-1,-1,-1,-1,36,61,22,70,Leixões,UD Oliveirense,2.05,1.16,2.17,1.06,1.53,1.19,64,39,0.0,0.0,0.0,38,True,False,False,False,False,False,False,LigaPro_Portugal_2a_división,,,,,2018-05-06 15:00:00
2017-2018,37,0,1,1,9,5,14,0,0,0,0,7,4,9,7,16,11,18,18,55,45,Estádio Municipal 25 de Abril,"Rua Futebol Clube de Penafiel, Penafiel",0,0,1.74,3.65,4.35,1.25,1.8,3.05,1.83,2.0,0.0,0.0,0.0,0.0,0.0,0.0,0.0,0.0,1,0,1,0,0,0,1,1525515300,1032,0,42,0,-1,-1,-1,-1,-1,-1,-1,-1,-1,0,0,0,0,0,0,-1,0,0,0,0,0.0,0.0,0.0,-1,-1,-1,-1,-1,-1,-1,1,0,0,-1,-1,-1,-1,-1,-1,-1,-1,-1,-1,-1,-1,-1,33,56,22,64,FC Penafiel,Academico Viseu,1.84,1.68,1.94,1.61,1.69,1.61,67,45,0.0,0.0,0.0,38,True,False,False,False,False,False,False,LigaPro_Portugal_2a_división,,,,,2018-05-05 10:15:00
2017-2018,37,2,1,3,10,7,17,0,1,0,0,9,5,4,1,13,6,10,11,58,42,Estádio do Centro Desportivo da Madeira,"VE4 65, Madeira",0,1,1.65,3.6,5.45,1.38,2.2,4.1,2.2,1.67,0.0,0.0,0.0,0.0,0.0,0.0,0.0,0.0,3,1,0,1,1,2,1,1525618800,178,0,42,0,1397,-1,1,-1,-1,-1,-1,-1,-1,0,0,0,1,0,1,-1,0,0,0,0,0.0,0.0,0.0,0,0,0,0,0,0,1,1,0,0,-1,-1,0,0,-1,-1,-1,-1,-1,-1,-1,-1,-1,48,64,20,64,CF União,Varzim,1.58,0.95,1.5,1.0,1.14,1.31,53,36,0.0,0.0,0.0,38,True,True,True,False,False,False,True,LigaPro_Portugal_2a_división,,,,,2018-05-06 15:00:00
2017-2018,38,1,0,1,3,6,9,0,0,0,0,3,5,8,8,11,13,14,20,40,60,Estádio Varzim Sport Club,"Rua do Varzim Sport Club, Póvoa de Varzim",0,0,2.95,3.3,2.3,1.23,1.74,2.9,1.67,2.2,0.0,0.0,0.0,0.0,0.0,0.0,0.0,0.0,1,1,0,0,0,0,1,1526120100,1034,0,42,0,-1,-1,-1,-1,-1,-1,-1,-1,-1,0,0,0,0,0,0,-1,0,0,0,0,0.0,0.0,0.0,-1,-1,-1,-1,-1,-1,-1,1,0,0,-1,-1,-1,-1,-1,-1,-1,-1,-1,-1,-1,-1,-1,50,70,28,70,Varzim,Associação Académica de Coimbra OAF,1.68,1.53,1.61,1.61,1.27,1.7,50,31,0.0,0.0,0.0,38,True,False,False,False,False,False,False,LigaPro_Portugal_2a_división,,,,,2018-05-12 10:15:00
2017-2018,38,3,1,4,5,1,6,0,0,0,0,5,4,6,1,11,5,18,19,51,49,Estádio Municipal de Aveiro,"Parque da Cidade, Taboeira, Aveiro",0,0,1.59,3.8,5.5,1.23,1.74,2.9,1.83,2.0,0.0,0.0,0.0,0.0,0.0,0.0,0.0,0.0,4,1,0,2,1,3,1,1526120100,1038,0,59,0,-1,-1,-1,-1,-1,-1,-1,-1,-1,0,0,0,0,0,0,-1,0,0,0,0,0.0,0.0,0.0,-1,-1,-1,-1,-1,-1,-1,1,0,0,-1,-1,-1,-1,-1,-1,-1,-1,-1,-1,-1,-1,-1,50,81,36,81,UD Oliveirense,FC Arouca,1.42,1.26,1.33,1.33,1.24,1.59,50,20,0.0,0.0,0.0,38,True,True,True,True,False,False,True,LigaPro_Portugal_2a_división,,,,,2018-05-12 10:15:00
2017-2018,38,1,0,1,3,9,12,0,0,0,0,7,7,3,5,10,12,24,15,48,52,CGD Stadium Aurélio Pereira,", Alcochete",0,0,4.75,4.35,1.57,1.15,1.53,2.3,1.62,2.25,0.0,0.0,0.0,0.0,0.0,0.0,0.0,0.0,1,0,0,1,0,1,0,1526120100,1029,0,61,0,-1,-1,-1,-1,-1,-1,-1,-1,-1,0,0,0,0,0,0,-1,0,0,0,0,0.0,0.0,0.0,-1,-1,-1,-1,-1,-1,-1,1,0,0,-1,-1,-1,-1,-1,-1,-1,-1,-1,-1,-1,-1,-1,50,78,36,75,Sporting CP II,Sporting Braga II,1.26,1.11,1.17,1.17,1.05,1.19,50,22,0.0,0.0,0.0,38,True,False,False,False,False,False,False,LigaPro_Portugal_2a_división,,,,,2018-05-12 10:15:00
2017-2018,38,1,1,2,6,8,14,0,0,0,0,4,3,4,5,8,8,21,16,47,53,Estádio do Real SC,"Rua Cidade Desportiva, Monte Abraão, Queluz",0,0,2.15,3.55,3.05,1.19,1.62,2.55,1.59,2.35,0.0,0.0,0.0,0.0,0.0,0.0,0.0,0.0,2,1,1,0,0,0,2,1526223600,-1,0,58,0,-1,-1,-1,-1,-1,-1,-1,-1,-1,0,0,0,0,0,0,-1,0,0,0,0,0.0,0.0,0.0,-1,-1,-1,-1,-1,-1,-1,1,0,1,-1,-1,-1,-1,-1,-1,-1,-1,-1,-1,-1,-1,-1,45,75,22,59,Real SC,Gil Vicente,1.16,0.89,1.17,0.89,0.84,0.95,56,25,0.0,0.0,0.0,38,True,True,False,False,False,False,True,LigaPro_Portugal_2a_división,,,,,2018-05-13 15:00:00
2017-2018,38,0,0,0,6,1,7,0,0,0,0,7,3,16,5,23,8,18,6,54,46,Estádio da Madeira,"Rua do Esmeraldo, nº 46, Ilha da Madeira",0,0,1.36,4.95,6.95,1.14,1.49,2.25,1.74,2.1,0.0,0.0,0.0,0.0,0.0,0.0,0.0,0.0,0,0,0,0,0,0,0,1526202900,-1,0,61,0,-1,-1,-1,-1,-1,-1,-1,-1,-1,0,0,0,0,0,0,-1,0,0,0,0,0.0,0.0,0.0,0,0,0,0,0,0,1,1,0,0,-1,-1,-1,-1,-1,-1,-1,-1,-1,-1,-1,-1,-1,61,83,28,73,CD Nacional,Vitória Guimarães II,2.11,1.26,2.17,1.28,1.89,1.32,39,17,0.0,0.0,0.0,38,False,False,False,False,False,False,False,LigaPro_Portugal_2a_división,,,,,2018-05-13 09:15:00
2017-2018,38,2,1,3,12,0,12,0,0,0,0,6,2,12,3,18,5,17,18,56,44,Estádio Municipal do Fontelo,"Avenida José Relvas, Viseu",0,0,2.35,3.35,2.8,1.25,1.8,3.05,1.71,2.1,0.0,0.0,0.0,0.0,0.0,0.0,0.0,0.0,3,0,0,2,1,3,0,1526120100,1032,0,53,0,-1,-1,-1,-1,-1,-1,-1,-1,-1,0,0,0,0,0,0,-1,0,0,0,0,0.0,0.0,0.0,-1,-1,-1,-1,-1,-1,-1,1,0,0,-1,-1,-1,-1,-1,-1,-1,-1,-1,-1,-1,-1,-1,50,70,33,70,Academico Viseu,Santa Clara,1.68,1.42,1.61,1.5,1.65,1.78,50,31,0.0,0.0,0.0,38,True,True,True,False,False,False,True,LigaPro_Portugal_2a_división,,,,,2018-05-12 10:15:00
2017-2018,38,3,0,3,8,2,10,0,0,0,0,7,3,12,4,19,7,14,7,45,55,Caixa Futebol Campus,", Seixal",0,0,1.53,3.85,6.1,1.13,1.44,2.15,1.59,2.35,0.0,0.0,0.0,0.0,0.0,0.0,0.0,0.0,3,1,0,2,0,2,1,1526120100,1031,0,56,0,-1,-1,-1,-1,-1,-1,-1,-1,-1,0,0,0,0,0,0,-1,0,0,0,0,0.0,0.0,0.0,-1,-1,-1,-1,-1,-1,-1,1,0,0,-1,-1,-1,-1,-1,-1,-1,-1,-1,-1,-1,-1,-1,67,75,42,83,Benfica II,Porto II,1.58,1.11,1.5,1.17,1.24,1.57,34,25,0.0,0.0,0.0,38,True,True,True,False,False,False,False,LigaPro_Portugal_2a_división,,,,,2018-05-12 10:15:00
2017-2018,38,1,1,2,3,1,4,0,0,0,0,4,5,6,3,10,8,17,21,47,53,Estádio Municipal José dos Santos Pinto,"Rua Viriato, Covilhã",0,0,1.65,3.65,5.15,1.24,1.77,2.9,1.83,2.0,0.0,0.0,0.0,0.0,0.0,0.0,0.0,0.0,2,1,0,0,1,1,1,1526120100,-1,0,59,0,-1,-1,-1,-1,-1,-1,-1,-1,-1,0,0,0,0,0,0,-1,0,0,0,0,0.0,0.0,0.0,-1,-1,-1,-1,-1,-1,-1,1,0,0,-1,-1,-1,-1,-1,-1,-1,-1,-1,-1,-1,-1,-1,50,72,25,58,Sporting Covilhã,FC Penafiel,1.53,1.42,1.56,1.44,1.24,1.65,50,28,0.0,0.0,0.0,38,True,True,False,False,False,False,True,LigaPro_Portugal_2a_división,,,,,2018-05-12 10:15:00
2017-2018,38,1,1,2,3,1,4,0,0,0,0,6,2,4,8,10,10,26,13,45,55,Estádio Municipal 22 de Junho,"Alameda dos Bargos, Vila Nova de Famalicão",0,0,1.8,3.55,4.2,1.24,1.77,2.9,1.77,2.05,0.0,0.0,0.0,0.0,0.0,0.0,0.0,0.0,2,1,1,0,0,0,2,1526120100,-1,0,61,0,-1,-1,-1,-1,-1,-1,-1,-1,-1,0,0,0,0,0,0,-1,0,0,0,0,0.0,0.0,0.0,-1,-1,-1,-1,-1,-1,-1,1,0,0,-1,-1,-1,-1,-1,-1,-1,-1,-1,-1,-1,-1,-1,53,89,34,72,Famalicão,Leixões,1.79,0.89,1.83,0.89,1.27,1.49,47,11,0.0,0.0,0.0,38,True,True,False,False,False,False,True,LigaPro_Portugal_2a_división,,,,,2018-05-12 10:15:00
2017-2018,38,3,2,5,2,6,8,0,0,0,0,4,7,8,14,12,21,16,18,43,57,Estádio Municipal José Martins Vieira,"Estrada do Brejo, Cova da Piedade, Almada",0,0,5.15,3.85,1.61,1.25,1.8,3.0,1.87,1.95,0.0,0.0,0.0,0.0,0.0,0.0,0.0,0.0,5,2,0,1,2,3,2,1526120100,1036,0,56,0,-1,-1,-1,-1,-1,-1,-1,-1,-1,0,0,0,0,0,0,-1,0,0,0,0,0.0,0.0,0.0,-1,-1,-1,-1,-1,-1,-1,1,0,0,-1,-1,-1,-1,-1,-1,-1,-1,-1,-1,-1,-1,-1,48,75,33,75,Cova Piedade,CF União,1.95,0.74,1.89,0.78,1.3,1.19,53,25,0.0,0.0,0.0,38,True,True,True,True,True,False,True,LigaPro_Portugal_2a_división,,,,,2018-05-12 10:15:00
2018-2019,1,1,0,1,4,3,7,1,2,0,0,5,4,3,7,8,11,16,22,50,50,Estádio de São Lúis,"Rua do Sporting Club Farense, Faro",1,2,2.5,3.0,2.95,1.51,2.55,5.1,2.2,1.67,0.0,0.0,0.0,0.0,0.0,0.0,0.0,0.0,1,0,0,1,0,1,0,1534003200,4866,0,0,0,1599,1,1,4,2,0,1,6,1,1,0,0,2,1,2,1,0,0,0,0,1.3,1.31,2.61,0,0,0,0,0,0,1,1,0,0,0,1,0,0,-1,-1,-1,-1,-1,-1,-1,-1,-1,0,0,0,0,Farense,Famalicão,1.76,1.76,0.0,0.0,0.0,0.0,0,0,0.0,0.0,0.0,34,True,False,False,False,False,False,False,LigaPro_Portugal_2a_división,,3.36,43%,0%,2018-08-11 16:00:00
2018-2019,1,0,1,1,8,1,9,0,0,0,0,3,5,6,4,9,9,14,19,56,44,Estádio Varzim Sport Club,"Rua do Varzim Sport Club, Póvoa de Varzim",0,0,2.0,3.15,3.95,1.43,2.35,4.45,2.15,1.71,0.0,0.0,0.0,0.0,0.0,0.0,0.0,0.0,1,0,0,0,1,1,0,1534089600,4825,0,0,0,-1,1,-1,3,0,5,1,3,6,0,0,0,0,0,0,1,0,0,0,0,1.58,1.37,2.95,-1,-1,-1,-1,-1,-1,-1,1,0,0,1,0,-1,-1,-1,-1,-1,-1,-1,-1,-1,-1,-1,0,0,0,0,Varzim,CD Mafra,1.47,0.88,0.0,0.0,0.0,0.0,0,0,0.0,0.0,0.0,34,True,False,False,False,False,False,False,LigaPro_Portugal_2a_división,,,,,2018-08-12 16:00:00
2018-2019,1,2,1,3,7,6,13,3,3,0,0,4,4,6,4,10,8,22,13,50,50,Caixa Futebol Campus,", Seixal",3,3,2.3,3.25,3.0,1.28,1.91,3.25,1.8,2.05,0.0,0.0,0.0,0.0,0.0,0.0,0.0,0.0,3,0,0,2,1,3,0,1534006800,1031,0,0,0,654,1,1,4,3,3,3,7,6,0,0,3,3,0,6,1,0,0,0,0,1.48,1.24,2.72,0,0,0,0,0,0,1,1,0,0,0,0,0,0,-1,-1,-1,-1,-1,-1,-1,-1,-1,0,0,0,0,Benfica II,Leixões,1.88,0.82,0.0,0.0,0.0,0.0,0,0,0.0,0.0,0.0,34,True,True,True,False,False,False,True,LigaPro_Portugal_2a_división,,11.41,60%,0%,2018-08-11 17:00:00
2018-2019,1,1,2,3,3,10,13,0,0,0,0,4,5,5,1,9,6,21,22,50,50,Estádio Municipal 25 de Abril,"Rua Futebol Clube de Penafiel, Penafiel",0,0,2.45,3.05,2.95,1.48,2.45,4.8,2.15,1.69,0.0,1.72,0.0,2.0,0.0,0.0,0.0,0.0,3,0,1,1,1,2,1,1534089600,167,0,0,0,-1,1,-1,0,7,3,3,7,6,0,0,0,0,0,0,1,0,0,0,0,1.28,1.26,2.54,-1,-1,-1,-1,-1,-1,-1,1,0,0,0,1,-1,-1,-1,-1,-1,-1,-1,-1,-1,-1,-1,0,0,0,0,FC Penafiel,FC Arouca,1.76,0.82,0.0,0.0,0.0,0.0,0,0,0.0,0.0,0.0,34,True,True,True,False,False,False,True,LigaPro_Portugal_2a_división,,6.93,88%,75%,2018-08-12 16:00:00
2018-2019,1,2,0,2,6,2,8,0,0,0,0,8,3,10,3,18,6,21,19,55,45,Estádio da Capital do Móvel,"Rua do Estádio, Apartado 26, Paços de Ferreira",0,0,1.62,3.65,5.5,1.34,2.05,3.75,2.2,1.69,0.0,0.0,0.0,0.0,0.0,0.0,0.0,0.0,2,0,0,2,0,2,0,1534068900,173,0,0,0,-1,1,-1,3,2,3,0,5,3,0,0,0,0,0,0,1,0,0,0,0,2.34,1.02,3.36,-1,-1,-1,-1,-1,-1,-1,1,0,0,0,1,-1,-1,-1,-1,-1,-1,-1,-1,-1,-1,-1,0,0,0,0,Paços de Ferreira,Sporting Braga II,2.35,0.88,0.0,0.0,0.0,0.0,0,0,0.0,0.0,0.0,34,True,True,False,False,False,False,False,LigaPro_Portugal_2a_división,,,,,2018-08-12 10:15:00
2018-2019,1,0,0,0,2,7,9,0,0,0,0,6,3,5,7,11,10,10,22,44,56,Estádio Municipal José dos Santos Pinto,"Rua Viriato, Covilhã",0,0,2.7,2.95,2.7,1.5,2.5,5.0,2.2,1.69,0.0,0.0,0.0,0.0,0.0,0.0,0.0,0.0,0,0,0,0,0,0,0,1534093200,-1,0,0,0,-1,1,-1,1,3,1,4,4,5,0,0,0,0,0,0,1,0,0,0,0,1.44,1.43,2.87,0,0,0,0,0,0,1,1,0,0,0,0,-1,-1,-1,-1,-1,-1,-1,-1,-1,-1,-1,0,0,0,0,Sporting Covilhã,Academico Viseu,1.76,0.71,0.0,0.0,0.0,0.0,0,0,0.0,0.0,0.0,34,False,False,False,False,False,False,False,LigaPro_Portugal_2a_división,,,,,2018-08-12 17:00:00
2018-2019,1,1,1,2,6,5,11,2,3,0,0,5,6,5,6,10,12,20,15,50,50,Estádio Municipal de Aveiro,"Parque da Cidade, Taboeira, Aveiro",2,3,2.7,3.0,2.7,1.5,2.5,5.0,2.2,1.69,0.0,0.0,0.0,0.0,0.0,0.0,0.0,0.0,2,0,1,1,0,1,1,1534006800,-1,0,0,0,-1,1,1,2,4,4,1,6,5,1,1,1,2,2,3,1,0,0,0,0,1.46,1.65,3.11,0,0,0,0,0,0,1,1,0,0,0,1,0,0,-1,-1,-1,-1,-1,-1,-1,-1,-1,0,0,0,0,UD Oliveirense,Associação Académica de Coimbra OAF,1.65,1.24,0.0,0.0,0.0,0.0,0,0,0.0,0.0,0.0,34,True,True,False,False,False,False,True,LigaPro_Portugal_2a_división,,6.93,93%,0%,2018-08-11 17:00:00
2018-2019,1,4,0,4,1,4,5,1,0,0,0,9,2,3,10,12,12,19,10,50,50,Estádio António Coimbra da Mota,"Rua Dom Bosco, Estoril",1,0,1.77,3.5,4.5,1.32,2.0,3.6,2.0,1.8,0.0,0.0,0.0,0.0,0.0,0.0,0.0,0.0,4,2,0,2,0,2,2,1533982500,164,0,0,0,1076,1,1,1,1,0,3,2,3,1,0,0,0,1,0,1,0,0,0,0,1.84,1.53,3.37,1,0,1,0,0,0,1,1,0,0,0,1,0,0,-1,-1,-1,-1,-1,-1,-1,-1,-1,0,0,0,0,GD Estoril Praia,Porto II,1.88,0.76,0.0,0.0,0.0,0.0,0,0,0.0,0.0,0.0,34,True,True,True,True,False,False,False,LigaPro_Portugal_2a_división,,11.41,60%,0%,2018-08-11 10:15:00
2018-2019,1,0,1,1,12,2,14,0,0,0,0,5,3,17,6,22,9,22,18,63,37,Estádio Dom Afonso Henriques,"Rua de São Gonçalo 505, Guimarães",0,0,2.15,3.3,3.3,1.31,1.95,3.45,1.87,1.95,0.0,0.0,0.0,0.0,0.0,0.0,0.0,0.0,1,0,1,0,0,0,1,1534093200,1036,0,0,0,-1,1,-1,3,1,9,1,4,10,0,0,0,0,0,0,1,0,0,0,0,2.54,1.09,3.63,-1,-1,-1,-1,-1,-1,-1,1,0,0,1,0,-1,-1,-1,-1,-1,-1,-1,-1,-1,-1,-1,0,0,0,0,Vitória Guimarães II,Cova Piedade,1.0,1.06,0.0,0.0,0.0,0.0,0,0,0.0,0.0,0.0,34,True,False,False,False,False,False,False,LigaPro_Portugal_2a_división,,,,,2018-08-12 17:00:00
2018-2019,2,1,3,4,7,8,15,1,2,1,0,7,9,14,4,21,13,6,18,53,47,Estádio Dr. Jorge Sampaio,"Rua da Paradela, Pedroso, Vila Nova de Gaia",3,2,1.91,3.3,3.95,1.32,2.0,3.55,1.91,1.91,0.0,0.0,0.0,0.0,0.0,0.0,0.0,0.0,4,1,3,0,0,0,4,1534608000,4866,0,0,0,447,1,1,3,6,4,2,9,6,2,0,0,2,2,2,1,0,0,0,0,2.44,1.96,4.4,0,0,0,0,0,0,1,1,0,2,1,0,1,0,-1,-1,-1,-1,-1,-1,-1,-1,-1,0,0,0,0,Porto II,Farense,1.82,0.76,0.0,0.0,0.0,3.0,0,0,0.0,0.0,0.0,34,True,True,True,True,False,False,True,LigaPro_Portugal_2a_división,,,,,2018-08-18 16:00:00
2018-2019,2,2,0,2,5,7,12,0,0,0,0,4,5,5,7,9,12,10,17,51,49,Estádio Municipal de Mafra,"Av. Dr. Francisco Sá Carneiro, Mafra",0,0,2.4,3.0,3.05,1.43,2.3,4.4,2.05,1.77,0.0,0.0,0.0,0.0,0.0,0.0,0.0,0.0,2,1,0,1,0,1,1,1534608000,4825,0,0,0,635,1,-1,2,2,3,5,4,8,0,0,0,0,0,0,1,57,68,107,112,1.27,1.6,2.87,0,0,0,0,0,0,1,1,0,0,0,0,-1,-1,-1,-1,-1,-1,-1,-1,-1,-1,-1,0,0,0,0,CD Mafra,Vitória Guimarães II,1.53,0.82,0.0,0.0,3.0,0.0,0,0,0.0,0.0,0.0,34,True,True,False,False,False,False,False,LigaPro_Portugal_2a_división,,11.41,29%,0%,2018-08-18 16:00:00
2018-2019,2,3,1,4,5,3,8,2,2,0,0,5,3,3,5,8,8,19,9,44,56,Estádio Municipal do Fontelo,"Avenida José Relvas, Viseu",2,2,1.77,3.4,4.75,1.43,2.3,4.4,2.2,1.67,0.0,0.0,0.0,0.0,0.0,0.0,0.0,0.0,4,1,0,2,1,3,1,1534694400,1032,0,0,0,1363,1,1,2,0,3,3,2,6,1,1,1,1,2,2,1,0,0,0,0,1.3,1.25,2.56,0,0,0,0,0,0,1,1,0,0,0,0,0,0,-1,-1,-1,-1,-1,-1,-1,-1,-1,0,0,0,0,Academico Viseu,UD Oliveirense,1.82,0.88,0.0,0.0,1.0,1.0,0,0,0.0,0.0,0.0,34,True,True,True,True,False,False,True,LigaPro_Portugal_2a_división,,,,,2018-08-19 16:00:00
2018-2019,2,2,4,6,4,3,7,2,1,1,0,4,10,7,3,11,13,15,15,50,50,Estádio Municipal José Martins Vieira,"Estrada do Brejo, Cova da Piedade, Almada",4,1,2.1,2.9,3.85,1.51,2.6,5.2,2.3,1.62,0.0,0.0,0.0,0.0,0.0,0.0,0.0,0.0,6,1,3,1,1,2,4,1534608000,1026,0,0,0,741,1,1,2,1,2,2,3,4,1,0,2,1,1,3,1,0,0,0,0,1.37,1.81,3.19,0,0,0,0,0,0,1,1,0,1,0,0,1,0,-1,-1,-1,-1,-1,-1,-1,-1,-1,0,0,0,0,Cova Piedade,Sporting Covilhã,1.41,1.12,0.0,0.0,3.0,1.0,0,0,0.0,0.0,0.0,34,True,True,True,True,True,True,True,LigaPro_Portugal_2a_división,,,,,2018-08-18 16:00:00
2018-2019,2,1,2,3,4,6,10,2,1,0,0,4,4,2,5,6,9,20,10,48,52,Estádio Municipal de Arouca,"Afonso Pinto Magalhães Valdasna, Arouca",2,1,1.83,3.4,4.2,1.28,1.91,3.25,1.87,1.95,0.0,0.0,0.0,0.0,0.0,0.0,0.0,0.0,3,1,0,0,2,2,1,1534673700,1031,0,0,0,840,1,1,4,2,0,4,6,4,0,0,2,1,0,3,1,44,38,74,64,0.98,1.12,2.11,1,0,1,0,0,0,1,1,0,0,1,0,0,0,-1,-1,-1,-1,-1,-1,-1,-1,-1,0,0,0,0,FC Arouca,Benfica II,1.53,1.18,0.0,0.0,3.0,3.0,0,0,0.0,0.0,0.0,34,True,True,True,False,False,False,True,LigaPro_Portugal_2a_división,,5.82,36%,0%,2018-08-19 10:15:00
2018-2019,2,0,1,1,6,2,8,2,5,1,0,3,7,9,5,12,12,18,22,50,50,Estádio EFAPEL,"Rua Dom Manuel I, Coimbra",4,5,2.75,2.9,2.75,1.45,2.4,4.6,2.1,1.74,0.0,0.0,0.0,0.0,0.0,0.0,0.0,0.0,1,0,1,0,0,0,1,1534587300,173,0,0,0,2576,1,1,6,1,0,1,7,1,1,3,2,2,4,4,1,80,53,108,121,1.55,1.64,3.19,0,0,0,0,0,0,1,1,0,1,0,0,0,0,-1,-1,-1,-1,-1,-1,-1,-1,-1,0,0,0,0,Associação Académica de Coimbra OAF,Paços de Ferreira,1.76,2.0,0.0,0.0,1.0,3.0,0,0,0.0,0.0,0.0,34,True,False,False,False,False,False,False,LigaPro_Portugal_2a_división,,6.93,53%,0%,2018-08-18 10:15:00
2018-2019,2,0,1,1,3,5,8,1,3,0,0,3,5,11,4,14,9,16,19,50,50,Estádio do Mar,"Lugar da Cruz de Pau, Matosinhos",1,3,1.87,3.25,4.25,1.44,2.35,4.55,2.2,1.67,0.0,0.0,0.0,0.0,0.0,0.0,0.0,0.0,1,0,1,0,0,0,1,1534690800,1034,0,0,0,1162,1,1,0,3,3,2,3,5,0,0,1,3,0,4,1,68,61,118,118,1.59,1.37,2.96,0,0,0,0,0,0,1,1,0,0,0,0,0,0,-1,-1,-1,-1,-1,-1,-1,-1,-1,0,0,0,0,Leixões,Varzim,1.82,0.94,0.0,0.0,0.0,0.0,0,0,0.0,0.0,0.0,34,True,False,False,False,False,False,False,LigaPro_Portugal_2a_división,,9.17,21%,0%,2018-08-19 15:00:00
2018-2019,2,0,1,1,3,5,8,0,0,0,0,5,5,10,6,15,11,15,19,49,51,Estádio 1º de Maio,", Braga",0,0,3.45,3.3,2.05,1.38,2.2,4.05,2.0,1.8,0.0,0.0,0.0,0.0,0.0,0.0,0.0,0.0,1,0,0,0,1,1,0,1534611600,164,0,0,0,250,1,-1,0,3,3,2,3,5,0,0,0,0,0,0,1,0,0,0,0,1.84,1.39,3.23,0,0,0,0,0,0,1,1,0,0,0,1,-1,-1,-1,-1,-1,-1,-1,-1,-1,-1,-1,0,0,0,0,Sporting Braga II,GD Estoril Praia,1.29,1.29,0.0,0.0,0.0,3.0,0,0,0.0,0.0,0.0,34,True,False,False,False,False,False,False,LigaPro_Portugal_2a_división,,,,,2018-08-18 17:00:00
2018-2019,2,2,0,2,3,6,9,3,2,0,0,4,3,3,6,7,9,25,14,45,55,Estádio Municipal 22 de Junho,"Alameda dos Bargos, Vila Nova de Famalicão",3,2,2.3,2.9,3.4,1.43,2.35,4.45,2.1,1.74,0.0,0.0,0.0,0.0,0.0,0.0,0.0,0.0,2,1,0,1,0,1,1,1534694400,1033,0,0,0,1714,1,1,1,1,2,5,2,7,2,1,1,1,3,2,1,70,69,117,126,1.24,1.29,2.53,0,0,0,0,0,0,1,1,1,0,0,0,1,0,-1,-1,-1,-1,-1,-1,-1,-1,-1,0,0,0,0,Famalicão,FC Penafiel,2.29,0.88,0.0,0.0,0.0,0.0,0,0,0.0,0.0,0.0,34,True,True,False,False,False,False,False,LigaPro_Portugal_2a_división,,,,,2018-08-19 16:00:00
2018-2019,3,0,0,0,8,9,17,4,2,0,0,5,3,6,5,11,8,8,10,51,49,Estádio de São Lúis,"Rua do Sporting Club Farense, Faro",4,2,2.1,3.15,3.6,1.41,2.25,4.25,2.05,1.77,0.0,1.66,0.0,2.1,0.0,0.0,0.0,0.0,0,0,0,0,0,0,0,1535302800,-1,0,0,0,1631,1,1,6,4,2,5,10,7,3,1,1,1,4,2,1,88,96,152,123,1.69,1.41,3.11,0,0,0,0,0,0,1,1,0,0,0,1,1,0,-1,-1,-1,-1,-1,-1,-1,-1,-1,0,50,0,0,Farense,Sporting Braga II,1.76,0.88,3.0,0.0,3.0,0.0,100,50,1.3,1.02,2.32,34,False,False,False,False,False,False,False,LigaPro_Portugal_2a_división,,8.05,74%,0%,2018-08-26 17:00:00
2018-2019,3,3,1,4,7,5,12,0,3,0,0,7,5,8,7,15,12,18,11,55,45,Estádio Varzim Sport Club,"Rua do Varzim Sport Club, Póvoa de Varzim",0,3,2.0,3.15,3.85,1.47,2.4,4.7,2.2,1.67,0.0,0.0,0.0,0.0,0.0,0.0,0.0,0.0,4,1,0,2,1,3,1,1535212800,1034,0,50,0,1201,1,1,3,3,4,2,6,6,0,0,0,3,0,3,1,0,0,0,0,2.04,1.66,3.7,0,0,0,0,0,0,1,1,0,0,0,1,0,0,-1,-1,-1,-1,-1,-1,-1,-1,-1,50,50,50,50,Varzim,Sporting Covilhã,1.47,1.12,0.0,3.0,1.5,2.0,50,50,1.58,1.81,3.39,34,True,True,True,True,False,False,True,LigaPro_Portugal_2a_división,,,,,2018-08-25 16:00:00
2018-2019,3,3,2,5,4,6,10,2,2,0,0,6,7,9,3,15,10,19,14,51,49,Estádio Municipal do Fontelo,"Avenida José Relvas, Viseu",2,2,2.35,2.9,3.25,1.48,2.45,4.8,2.1,1.74,0.0,1.72,0.0,2.0,0.0,0.0,0.0,0.0,5,0,2,3,0,3,2,1535299200,1032,0,100,0,300,1,1,1,4,3,2,5,5,0,1,2,1,1,3,1,59,73,100,95,1.79,1.65,3.44,0,0,0,0,0,0,1,1,0,0,1,0,0,0,-1,-1,-1,-1,-1,-1,-1,-1,-1,100,100,0,100,Academico Viseu,FC Arouca,1.82,0.82,3.0,3.0,2.0,1.5,0,0,1.3,1.26,2.56,34,True,True,True,True,True,False,True,LigaPro_Portugal_2a_división,,19.46,64%,0%,2018-08-26 16:00:00
2018-2019,3,1,2,3,10,3,13,4,5,0,0,6,4,9,2,15,6,18,19,59,41,Estádio da Capital do Móvel,"Rua do Estádio, Apartado 26, Paços de Ferreira",4,5,1.67,3.45,5.45,1.34,2.05,3.7,2.05,1.77,0.0,0.0,0.0,0.0,0.0,0.0,0.0,0.0,3,1,2,0,0,0,3,1535299200,1033,0,0,0,2593,1,1,4,1,6,2,5,8,2,1,2,4,3,6,1,84,60,97,94,1.97,1.1,3.07,0,0,0,0,0,0,1,1,0,0,0,1,0,0,-1,-1,-1,-1,-1,-1,-1,-1,-1,0,50,0,0,Paços de Ferreira,Famalicão,2.35,1.76,3.0,0.0,3.0,1.5,100,50,2.34,1.31,3.65,34,True,True,True,False,False,False,True,LigaPro_Portugal_2a_división,,,,,2018-08-26 16:00:00
2018-2019,3,1,2,3,3,8,11,2,1,0,0,7,9,7,2,14,11,14,20,56,44,Estádio António Coimbra da Mota,"Rua Dom Bosco, Estoril",2,1,1.74,3.25,5.15,1.37,2.15,3.95,2.1,1.74,0.0,1.66,0.0,2.1,0.0,0.0,0.0,0.0,3,1,1,0,1,1,2,1535278500,1030,0,50,0,1198,1,1,0,4,3,4,4,7,2,1,0,0,3,0,1,61,37,87,62,1.81,1.59,3.4,0,0,0,0,0,0,1,1,0,0,0,2,0,0,-1,-1,-1,-1,-1,-1,-1,-1,-1,100,100,50,50,GD Estoril Praia,Leixões,1.88,0.82,3.0,0.0,3.0,0.0,0,0,1.84,1.24,3.08,34,True,True,True,False,False,False,True,LigaPro_Portugal_2a_división,,11.41,64%,0%,2018-08-26 10:15:00
2018-2019,3,0,0,0,4,2,6,0,3,0,0,5,2,7,3,12,5,15,16,58,42,Estádio Dom Afonso Henriques,"Rua de São Gonçalo 505, Guimarães",0,3,3.0,3.15,2.35,1.41,2.25,4.25,2.05,1.8,0.0,1.66,0.0,2.1,0.0,0.0,0.0,0.0,0,0,0,0,0,0,0,1535299200,-1,0,50,0,1945,1,1,1,2,3,0,3,3,0,1,0,2,1,2,1,66,57,109,92,1.59,0.88,2.47,0,0,0,0,0,0,1,1,0,0,0,0,0,0,-1,-1,-1,-1,-1,-1,-1,-1,-1,0,50,0,100,Vitória Guimarães II,Associação Académica de Coimbra OAF,1.0,1.24,0.0,1.0,0.0,0.5,100,50,2.54,1.65,4.19,34,False,False,False,False,False,False,False,LigaPro_Portugal_2a_división,,,,,2018-08-26 16:00:00
2018-2019,3,1,1,2,7,2,9,2,2,0,0,3,9,9,5,12,14,11,18,66,34,Estádio Municipal de Aveiro,"Parque da Cidade, Taboeira, Aveiro",2,2,2.0,3.2,3.9,1.37,2.15,3.95,2.0,1.8,0.0,0.0,0.0,0.0,0.0,0.0,0.0,0.0,2,1,1,0,0,0,2,1535299200,-1,0,50,0,464,1,1,3,1,4,1,4,5,0,2,2,0,2,2,1,78,45,105,92,1.53,1.84,3.37,0,0,0,0,0,0,1,1,0,1,1,1,0,0,-1,-1,-1,-1,-1,-1,-1,-1,-1,0,50,0,100,UD Oliveirense,Cova Piedade,1.65,1.06,1.0,3.0,0.5,1.5,100,50,1.46,1.09,2.55,34,True,True,False,False,False,False,True,LigaPro_Portugal_2a_división,,,,,2018-08-26 16:00:00
2018-2019,3,1,0,1,3,4,7,0,1,0,0,9,2,3,9,12,11,13,13,51,49,Caixa Futebol Campus,", Seixal",0,1,1.77,3.55,4.45,1.29,1.95,3.35,1.91,1.91,0.0,1.72,0.0,2.0,0.0,0.0,0.0,0.0,1,1,0,0,0,0,1,1535302800,1031,0,50,0,1008,1,1,2,2,1,2,4,3,0,1,0,0,1,0,1,80,94,112,113,1.97,1.51,3.48,0,0,0,0,0,0,1,1,0,0,1,0,0,0,-1,-1,-1,-1,-1,-1,-1,-1,-1,50,50,0,0,Benfica II,CD Mafra,1.88,0.88,3.0,3.0,3.0,3.0,50,50,1.48,1.37,2.85,34,True,False,False,False,False,False,False,LigaPro_Portugal_2a_división,,12.75,37%,0%,2018-08-26 17:00:00
2018-2019,3,2,0,2,5,5,10,1,1,0,0,8,3,6,9,14,12,21,15,37,63,Estádio Municipal 25 de Abril,"Rua Futebol Clube de Penafiel, Penafiel",1,1,1.95,3.3,3.85,1.32,2.0,3.55,1.91,1.91,0.0,0.0,0.0,0.0,0.0,0.0,0.0,0.0,2,1,0,1,0,1,1,1535192100,182,0,50,0,513,1,1,2,3,3,2,5,5,0,0,1,1,0,2,1,0,0,0,0,1.88,1.56,3.44,0,0,0,0,0,0,1,1,0,0,0,0,0,0,-1,-1,-1,-1,-1,-1,-1,-1,-1,100,100,50,100,FC Penafiel,Porto II,1.76,0.76,0.0,0.0,0.0,0.0,0,0,1.28,1.53,2.81,34,True,True,False,False,False,False,False,LigaPro_Portugal_2a_división,,,,,2018-08-25 10:15:00
2018-2019,4,2,0,2,3,7,10,2,4,0,0,3,3,1,9,4,12,21,15,52,48,Estádio Municipal 22 de Junho,"Alameda dos Bargos, Vila Nova de Famalicão",2,4,2.45,3.0,3.0,1.44,2.35,4.55,2.05,1.8,0.0,1.72,0.0,2.0,0.0,0.0,0.0,0.0,2,1,0,1,0,1,1,1535904000,1033,0,50,0,2018,1,1,3,4,0,3,7,3,1,2,1,2,3,3,1,47,83,102,114,0.82,1.57,2.39,0,0,0,0,0,0,1,1,0,0,0,1,0,0,-1,-1,-1,-1,-1,-1,-1,-1,-1,50,100,25,100,Famalicão,FC Arouca,2.29,0.82,3.0,1.5,2.0,1.0,50,0,1.24,1.46,2.7,34,True,True,False,False,False,False,False,LigaPro_Portugal_2a_división,,4.7,50%,0%,2018-09-02 16:00:00
2018-2019,4,0,4,4,7,3,10,3,0,0,0,5,6,5,4,10,10,13,11,39,61,Estádio Municipal José Martins Vieira,"Estrada do Brejo, Cova da Piedade, Almada",3,0,3.5,3.3,2.05,1.34,2.05,3.75,1.95,1.87,0.0,1.66,0.0,2.1,0.0,0.0,0.0,0.0,4,0,1,0,3,3,1,1535817600,164,0,50,0,749,1,1,6,2,1,1,8,2,1,0,2,0,1,2,1,56,57,95,116,1.39,1.47,2.86,0,0,0,0,0,0,1,1,0,1,2,1,0,0,-1,-1,-1,-1,-1,-1,-1,-1,-1,50,50,50,50,Cova Piedade,GD Estoril Praia,1.41,1.29,0.0,3.0,1.33,2.0,50,50,1.37,1.39,2.76,34,True,True,True,True,False,False,False,LigaPro_Portugal_2a_división,,,,,2018-09-01 16:00:00
2018-2019,4,2,1,3,6,2,8,1,3,0,0,6,3,6,6,12,9,21,15,48,52,Estádio do Mar,"Lugar da Cruz de Pau, Matosinhos",1,3,2.1,3.0,3.75,1.48,2.45,4.8,2.2,1.67,0.0,1.66,0.0,2.1,0.0,0.0,0.0,0.0,3,1,1,1,0,1,2,1535900400,1030,0,50,0,1558,1,1,2,2,4,0,4,4,0,1,1,2,1,3,1,56,59,94,89,1.58,1.21,2.79,0,0,0,0,0,0,1,1,0,0,1,1,0,0,-1,-1,-1,-1,-1,-1,-1,-1,-1,50,50,50,100,Leixões,Farense,1.82,0.76,0.0,3.0,1.0,2.33,50,50,1.59,1.96,3.55,34,True,True,True,False,False,False,True,LigaPro_Portugal_2a_división,,,,,2018-09-02 15:00:00
2018-2019,4,0,1,1,7,10,17,2,2,0,0,2,8,3,12,5,20,20,20,50,50,Estádio Varzim Sport Club,"Rua do Varzim Sport Club, Póvoa de Varzim",2,2,2.95,2.95,2.5,1.33,2.05,3.65,1.87,1.91,0.0,0.0,0.0,0.0,0.0,0.0,0.0,0.0,1,0,1,0,0,0,1,1535883300,173,0,25,0,1945,1,1,4,5,3,5,9,8,0,0,2,2,0,4,1,0,0,0,0,1.12,2.42,3.54,0,0,0,0,0,0,1,1,0,1,0,2,0,0,-1,-1,-1,-1,-1,-1,-1,-1,-1,25,25,0,75,Varzim,Paços de Ferreira,1.47,2.0,1.5,3.0,2.0,2.0,75,75,1.81,1.64,3.45,34,True,False,False,False,False,False,False,LigaPro_Portugal_2a_división,,,,,2018-09-02 10:15:00
2018-2019,4,2,1,3,1,6,7,1,3,1,1,7,5,7,6,14,11,12,17,53,47,Estádio Dr. Jorge Sampaio,"Rua da Paradela, Pedroso, Vila Nova de Gaia",3,5,2.4,3.45,2.7,1.25,1.8,3.0,1.71,2.15,0.0,0.0,0.0,0.0,0.0,0.0,0.0,0.0,3,0,1,2,0,2,1,1535817600,1037,0,50,0,377,1,1,1,5,0,1,6,1,0,0,2,4,0,6,1,68,73,111,97,1.87,1.57,3.44,1,0,1,0,0,0,1,1,0,0,0,0,0,0,-1,-1,-1,-1,-1,-1,-1,-1,-1,50,50,50,50,Porto II,Academico Viseu,1.82,0.71,0.0,1.0,0.0,2.33,50,50,2.44,1.43,3.87,34,True,True,True,False,False,False,True,LigaPro_Portugal_2a_división,,,,,2018-09-01 16:00:00
2018-2019,4,1,1,2,5,3,8,1,3,0,0,4,2,8,9,12,11,20,18,52,48,Estádio Municipal de Mafra,"Av. Dr. Francisco Sá Carneiro, Mafra",1,3,2.3,3.0,3.2,1.48,2.45,4.8,2.15,1.69,0.0,0.0,0.0,0.0,0.0,0.0,0.0,0.0,2,1,1,0,0,0,2,1535814000,-1,0,50,0,482,1,1,0,2,5,1,2,6,0,3,1,0,3,1,1,0,0,0,0,1.76,1.42,3.18,0,0,0,0,0,0,1,1,0,0,0,0,0,0,-1,-1,-1,-1,-1,-1,-1,-1,-1,50,100,0,100,CD Mafra,UD Oliveirense,1.53,0.88,3.0,0.0,2.0,0.67,50,0,1.27,1.25,2.52,34,True,True,False,False,False,False,True,LigaPro_Portugal_2a_división,,,,,2018-09-01 15:00:00
2018-2019,4,0,3,3,5,3,8,2,1,0,0,3,5,9,2,12,7,15,12,57,43,Estádio 1º de Maio,", Braga",2,1,2.4,3.2,2.85,1.37,2.15,3.95,1.95,1.87,0.0,1.66,0.0,2.1,0.0,0.0,0.0,0.0,3,0,2,0,1,1,2,1535817600,182,0,0,0,316,1,1,3,3,2,0,6,2,0,0,2,1,0,3,1,67,45,107,102,1.46,1.13,2.58,0,1,0,1,0,0,1,1,0,1,0,2,0,0,-1,-1,-1,-1,-1,-1,-1,-1,-1,0,50,0,50,Sporting Braga II,FC Penafiel,1.29,0.88,0.0,0.0,0.33,1.0,100,50,1.84,1.29,3.13,34,True,True,True,False,False,False,False,LigaPro_Portugal_2a_división,,,,,2018-09-01 16:00:00
2018-2019,4,1,1,2,3,7,10,0,1,0,0,7,6,9,7,16,13,11,13,51,49,Estádio EFAPEL,"Rua Dom Manuel I, Coimbra",0,1,1.95,3.5,3.7,1.29,1.91,3.3,1.87,1.95,0.0,0.0,0.0,0.0,0.0,0.0,0.0,0.0,2,0,1,1,0,1,1,1535796900,-1,0,50,0,2922,1,1,1,2,2,5,3,7,0,0,0,1,0,1,1,94,58,129,100,2.18,1.66,3.84,0,0,0,0,0,0,1,1,0,1,0,0,0,0,-1,-1,-1,-1,-1,-1,-1,-1,-1,50,50,0,100,Associação Académica de Coimbra OAF,Benfica II,1.76,1.18,0.0,3.0,0.67,3.0,50,50,1.55,1.12,2.67,34,True,True,False,False,False,False,True,LigaPro_Portugal_2a_división,,,,,2018-09-01 10:15:00
2018-2019,4,1,2,3,3,13,16,0,1,0,0,4,7,5,9,9,16,10,13,45,55,Estádio Municipal José dos Santos Pinto,"Rua Viriato, Covilhã",0,1,2.1,3.25,3.45,1.34,2.05,3.75,1.95,1.87,0.0,1.66,0.0,2.1,0.0,0.0,0.0,0.0,3,1,0,0,2,2,1,1535904000,1027,0,0,0,374,1,1,3,4,0,9,7,9,0,1,0,0,1,0,1,52,84,116,148,1.24,2.11,3.35,0,0,0,0,0,0,1,1,0,0,0,1,0,0,-1,-1,-1,-1,-1,-1,-1,-1,-1,0,50,0,50,Sporting Covilhã,Vitória Guimarães II,1.76,0.82,1.0,0.0,1.33,0.33,100,50,1.44,1.6,3.04,34,True,True,True,False,False,False,True,LigaPro_Portugal_2a_división,,,,,2018-09-02 16:00:00
2018-2019,5,0,2,2,6,6,12,4,3,1,0,3,7,8,7,11,14,12,18,54,46,Estádio de São Lúis,"Rua do Sporting Club Farense, Faro",5,3,2.55,3.05,2.75,1.44,2.35,4.55,2.1,1.74,0.0,0.0,0.0,0.0,0.0,0.0,0.0,0.0,2,0,1,0,1,1,1,1537718400,179,0,25,0,1590,1,1,3,4,3,2,7,5,3,2,2,1,5,3,1,0,0,0,0,1.21,1.69,2.9,0,0,0,0,0,0,1,1,0,0,0,0,1,1,-1,-1,-1,-1,-1,-1,-1,-1,-1,0,25,0,25,Farense,Associação Académica de Coimbra OAF,1.76,1.24,2.0,1.0,1.75,0.75,100,75,1.5,1.26,2.76,34,True,True,False,False,False,False,False,LigaPro_Portugal_2a_división,,,,,2018-09-23 16:00:00
2018-2019,5,3,0,3,12,2,14,1,2,0,0,9,5,7,5,16,10,17,10,59,41,Estádio da Capital do Móvel,"Rua do Estádio, Apartado 26, Paços de Ferreira",1,2,1.5,3.95,6.2,1.39,2.2,4.15,2.4,1.57,0.0,0.0,0.0,0.0,0.0,0.0,0.0,0.0,3,2,0,1,0,1,2,1537718400,173,0,75,0,1784,1,1,7,1,5,1,8,6,0,1,1,1,1,2,1,112,60,136,96,2.45,1.42,3.87,0,0,0,0,0,0,1,1,1,0,0,0,0,0,-1,-1,-1,-1,-1,-1,-1,-1,-1,75,100,50,75,Paços de Ferreira,Sporting Covilhã,2.35,1.12,1.5,1.5,2.25,1.0,25,0,2.15,1.74,3.89,34,True,True,True,False,False,False,False,LigaPro_Portugal_2a_división,,,,,2018-09-23 16:00:00
2018-2019,5,3,4,7,15,2,17,1,3,0,0,8,7,12,2,20,9,13,17,56,44,Estádio Municipal do Fontelo,"Avenida José Relvas, Viseu",1,3,2.2,3.1,3.4,1.38,2.2,4.1,2.0,1.8,0.0,0.0,0.0,0.0,0.0,0.0,0.0,0.0,7,1,4,2,0,2,5,1537714800,1033,0,75,0,956,1,1,7,1,8,1,8,9,0,1,1,2,1,3,1,106,58,76,73,2.56,1.48,4.04,0,0,0,0,0,0,1,1,0,1,1,0,0,0,-1,-1,-1,-1,-1,-1,-1,-1,-1,75,75,50,75,Academico Viseu,Famalicão,1.82,1.76,3.0,1.5,1.75,2.25,25,25,1.55,1.21,2.76,34,True,True,True,True,True,True,True,LigaPro_Portugal_2a_división,,,,,2018-09-23 15:00:00
2018-2019,5,0,0,0,4,1,5,2,3,0,0,2,4,12,9,14,13,17,19,49,51,Estádio Municipal 25 de Abril,"Rua Futebol Clube de Penafiel, Penafiel",2,3,1.77,3.55,4.4,1.34,2.05,3.75,2.05,1.8,0.0,0.0,0.0,0.0,0.0,0.0,0.0,0.0,0,0,0,0,0,0,0,1537632000,-1,0,50,0,571,1,1,2,1,2,0,3,2,0,2,2,1,2,3,1,0,0,0,0,1.63,1.48,3.11,0,0,0,0,0,0,1,1,0,0,0,0,0,0,-1,-1,-1,-1,-1,-1,-1,-1,-1,25,75,25,100,FC Penafiel,Cova Piedade,1.76,1.06,1.5,2.0,1.5,1.0,75,25,1.58,1.47,3.05,34,False,False,False,False,False,False,False,LigaPro_Portugal_2a_división,,,,,2018-09-22 16:00:00
2018-2019,5,1,0,1,6,2,8,2,1,0,0,7,2,10,5,17,7,15,15,50,50,Caixa Futebol Campus,", Seixal",2,1,2.0,3.3,3.75,1.33,2.05,3.65,1.91,1.87,0.0,0.0,0.0,0.0,0.0,0.0,0.0,0.0,1,1,0,0,0,0,1,1537635600,1031,0,25,0,504,1,1,2,1,4,1,3,5,1,0,1,1,1,2,1,0,0,0,0,2.24,1.17,3.41,0,0,0,0,0,0,1,1,0,0,1,0,0,0,-1,-1,-1,-1,-1,-1,-1,-1,-1,25,25,0,75,Benfica II,Varzim,1.88,0.94,3.0,3.0,2.5,1.5,75,75,1.72,1.37,3.09,34,True,False,False,False,False,False,False,LigaPro_Portugal_2a_división,,,,,2018-09-22 17:00:00
2018-2019,5,1,1,2,6,3,9,4,4,0,0,4,5,9,5,13,10,17,12,48,52,Estádio Municipal de Aveiro,"Parque da Cidade, Taboeira, Aveiro",4,4,2.6,3.25,2.6,1.34,2.05,3.75,1.91,1.91,0.0,0.0,0.0,0.0,0.0,0.0,0.0,0.0,2,0,1,1,0,1,1,1537610400,-1,0,50,0,248,1,1,3,1,3,2,4,5,3,1,1,3,4,4,1,57,52,79,101,1.51,1.36,2.87,0,0,0,0,0,0,1,1,0,0,0,0,0,1,-1,-1,-1,-1,-1,-1,-1,-1,-1,25,100,50,100,UD Oliveirense,Porto II,1.65,0.76,1.0,0.0,0.75,0.75,75,0,1.5,1.55,3.05,34,True,True,False,False,False,False,True,LigaPro_Portugal_2a_división,,,,,2018-09-22 10:00:00
2018-2019,5,1,4,5,4,6,10,3,2,0,0,9,11,7,5,16,16,18,18,52,48,Estádio António Coimbra da Mota,"Rua Dom Bosco, Estoril",3,2,1.54,3.85,5.95,1.37,2.15,3.95,2.25,1.65,0.0,1.72,0.0,2.0,0.0,0.0,0.0,0.0,5,1,2,0,2,2,3,1537718400,4825,0,25,0,1014,1,1,1,2,3,4,3,7,0,0,3,2,0,5,1,93,83,95,114,2.3,2.38,4.68,0,0,0,0,0,0,1,1,0,0,0,0,0,0,-1,-1,-1,-1,-1,-1,-1,-1,-1,50,50,50,75,GD Estoril Praia,CD Mafra,1.88,0.88,1.5,1.5,2.25,1.75,50,50,1.82,1.44,3.26,34,True,True,True,True,True,False,True,LigaPro_Portugal_2a_división,,,,,2018-09-23 16:00:00
2018-2019,5,0,2,2,2,2,4,3,2,0,0,3,4,7,9,10,13,24,21,56,44,Estádio Municipal de Arouca,"Afonso Pinto Magalhães Valdasna, Arouca",3,2,2.1,2.85,3.55,0.0,0.0,0.0,2.2,1.61,0.0,1.72,0.0,2.0,0.0,0.0,0.0,0.0,2,0,1,0,1,1,1,1537628400,1035,0,50,0,1160,1,1,2,1,0,1,3,1,1,0,2,2,1,4,1,53,48,99,89,1.23,1.45,2.68,0,0,0,0,0,0,1,1,0,1,2,0,0,0,-1,-1,-1,-1,-1,-1,-1,-1,-1,50,75,0,50,FC Arouca,Sporting Braga II,1.53,0.88,0.0,0.5,0.75,0.25,50,25,0.98,1.22,2.2,34,True,True,False,False,False,False,False,LigaPro_Portugal_2a_división,,,,,2018-09-22 15:00:00
2018-2019,5,0,2,2,13,6,19,1,0,0,0,5,6,10,9,15,15,11,11,57,43,Estádio Dom Afonso Henriques,"Rua de São Gonçalo 505, Guimarães",1,0,2.55,3.15,2.7,1.39,2.2,4.15,2.0,1.8,0.0,0.0,0.0,0.0,0.0,0.0,0.0,0.0,2,0,1,0,1,1,1,1537697700,1030,0,50,0,1273,1,1,4,3,9,3,7,12,0,0,1,0,0,1,1,0,0,0,0,1.96,1.77,3.72,0,0,0,0,0,0,1,1,0,1,0,2,0,0,-1,-1,-1,-1,-1,-1,-1,-1,-1,50,50,25,50,Vitória Guimarães II,Leixões,1.0,0.82,0.5,1.5,1.0,1.5,50,50,2.06,1.41,3.47,34,True,True,False,False,False,False,False,LigaPro_Portugal_2a_división,,,,,2018-09-23 10:15:00
2018-2019,6,0,0,0,1,6,7,1,1,0,0,4,5,3,7,7,12,10,13,41,59,Estádio Municipal José Martins Vieira,"Estrada do Brejo, Cova da Piedade, Almada",1,1,2.6,3.15,2.65,1.33,2.0,3.65,1.87,1.95,0.0,0.0,0.0,0.0,0.0,0.0,0.0,0.0,0,0,0,0,0,0,0,1538820000,-1,0,75,0,748,1,1,0,3,1,3,3,4,1,0,0,1,1,1,1,0,0,0,0,1.31,1.83,3.14,0,0,0,0,0,0,1,1,0,0,0,1,0,0,-1,-1,-1,-1,-1,-1,-1,-1,-1,75,100,25,100,Cova Piedade,Benfica II,1.41,1.18,0.0,2.0,1.0,2.6,25,0,1.38,1.39,2.77,34,False,False,False,False,False,False,False,LigaPro_Portugal_2a_división,,,,,2018-10-06 10:00:00
2018-2019,6,1,1,2,13,3,16,0,1,0,0,9,5,10,3,19,8,15,20,61,39,Estádio Municipal de Mafra,"Av. Dr. Francisco Sá Carneiro, Mafra",0,1,2.45,3.05,2.95,1.43,2.3,4.35,2.05,1.77,0.0,1.72,0.0,2.0,0.0,0.0,0.0,0.0,2,0,1,1,0,1,1,1538838000,-1,0,59,0,674,1,1,5,3,8,0,8,8,0,0,0,1,0,1,1,111,65,122,85,2.62,1.33,3.95,0,0,0,0,0,0,1,1,0,0,1,0,0,0,-1,-1,-1,-1,-1,-1,-1,-1,-1,34,84,59,84,CD Mafra,Famalicão,1.53,1.76,2.0,2.0,2.0,2.4,67,17,1.52,1.3,2.82,34,True,True,False,False,False,False,True,LigaPro_Portugal_2a_división,,,,,2018-10-06 15:00:00
2018-2019,6,1,0,1,4,8,12,3,3,0,0,6,4,11,2,17,6,22,14,50,50,Estádio da Capital do Móvel,"Rua do Estádio, Apartado 26, Paços de Ferreira",3,3,1.49,4.0,6.35,1.34,2.05,3.7,2.25,1.65,0.0,0.0,0.0,0.0,0.0,0.0,0.0,0.0,1,1,0,0,0,0,1,1538838000,173,0,67,0,2069,1,1,2,3,2,5,5,7,1,1,2,2,2,4,1,79,66,121,111,2.06,1.15,3.21,0,0,0,0,0,0,1,1,0,0,2,0,0,0,-1,-1,-1,-1,-1,-1,-1,-1,-1,84,100,84,84,Paços de Ferreira,Farense,2.35,0.76,2.0,1.5,2.4,1.4,17,0,2.25,1.58,3.83,34,True,False,False,False,False,False,False,LigaPro_Portugal_2a_división,,,,,2018-10-06 15:00:00
2018-2019,6,1,2,3,4,5,9,2,3,0,0,4,7,2,3,6,10,22,23,51,49,Estádio Varzim Sport Club,"Rua do Varzim Sport Club, Póvoa de Varzim",2,3,2.05,3.15,3.6,1.4,2.25,4.2,2.05,1.71,0.0,1.72,0.0,2.0,0.0,0.0,0.0,0.0,3,0,0,1,2,3,0,1538924400,1027,0,42,0,1074,1,1,1,2,3,3,3,6,0,0,2,3,0,5,1,76,70,107,108,1.22,1.63,2.85,0,0,0,0,0,0,1,1,0,0,0,0,0,0,-1,-1,-1,-1,-1,-1,-1,-1,-1,42,67,0,84,Varzim,Vitória Guimarães II,1.47,0.82,1.0,1.5,1.2,0.8,59,34,1.58,1.86,3.44,34,True,True,True,False,False,False,True,LigaPro_Portugal_2a_división,,,,,2018-10-07 15:00:00
2018-2019,6,0,1,1,4,3,7,2,3,1,0,3,5,8,6,11,11,18,21,59,41,Estádio Dr. Jorge Sampaio,"Rua da Paradela, Pedroso, Vila Nova de Gaia",4,3,2.2,3.15,3.15,1.32,2.0,3.6,1.87,1.91,0.0,0.0,0.0,0.0,0.0,0.0,0.0,0.0,1,0,1,0,0,0,1,1538920800,167,0,84,0,346,1,1,2,2,2,1,4,3,1,1,2,2,2,4,1,0,0,0,0,1.51,1.43,2.94,0,0,0,0,0,0,1,1,0,0,0,1,0,0,-1,-1,-1,-1,-1,-1,-1,-1,-1,84,100,42,100,Porto II,FC Arouca,1.82,0.82,1.5,1.0,0.8,0.6,17,0,2.16,1.49,3.65,34,True,False,False,False,False,False,False,LigaPro_Portugal_2a_división,,,,,2018-10-07 14:00:00
2018-2019,6,1,1,2,7,4,11,1,5,0,0,5,7,5,3,10,10,19,18,53,47,Estádio do Mar,"Lugar da Cruz de Pau, Matosinhos",1,5,1.87,3.45,3.9,1.38,2.15,4.05,2.05,1.74,0.0,0.0,0.0,0.0,0.0,0.0,0.0,0.0,2,0,1,1,0,1,1,1538924400,-1,0,75,0,853,1,1,2,2,5,2,4,7,0,3,1,2,3,3,1,0,0,0,0,1.59,1.63,3.21,0,0,0,0,0,0,1,1,0,0,0,1,0,0,-1,-1,-1,-1,-1,-1,-1,-1,-1,50,75,50,100,Leixões,UD Oliveirense,1.82,0.88,1.5,0.5,1.8,0.8,50,25,1.59,1.34,2.93,34,True,True,False,False,False,False,True,LigaPro_Portugal_2a_división,,,,,2018-10-07 15:00:00
2018-2019,6,2,0,2,6,7,13,2,3,0,0,6,3,8,10,14,13,16,17,47,53,Estádio 1º de Maio,", Braga",2,3,2.6,3.0,2.7,1.36,2.15,3.95,1.95,1.83,0.0,1.66,0.0,2.1,0.0,0.0,0.0,0.0,2,1,0,1,0,1,1,1538924400,1035,0,25,0,255,1,1,5,2,1,5,7,6,1,3,1,0,4,1,1,88,74,116,111,1.94,1.57,3.51,0,0,0,0,0,0,1,1,0,0,2,0,0,0,-1,-1,-1,-1,-1,-1,-1,-1,-1,50,50,25,50,Sporting Braga II,Academico Viseu,1.29,0.71,0.0,0.5,0.8,1.4,50,50,1.65,1.5,3.15,34,True,True,False,False,False,False,False,LigaPro_Portugal_2a_división,,,,,2018-10-07 15:00:00
2018-2019,6,2,7,9,5,5,10,2,1,0,0,9,11,8,4,17,15,24,16,45,55,Estádio EFAPEL,"Rua Dom Manuel I, Coimbra",2,1,2.55,3.0,2.85,1.41,2.25,4.25,2.0,1.8,0.0,0.0,0.0,0.0,0.0,0.0,0.0,0.0,9,1,4,1,3,4,5,1538907300,164,0,25,0,2662,1,1,1,4,4,1,5,5,1,0,1,1,1,2,1,0,0,0,0,2.23,2.08,4.32,0,0,0,0,0,0,1,1,0,1,0,2,0,0,-1,-1,-1,-1,-1,-1,-1,-1,-1,25,50,0,75,Associação Académica de Coimbra OAF,GD Estoril Praia,1.76,1.29,0.5,3.0,1.2,1.8,75,50,1.86,1.43,3.29,34,True,True,True,True,True,True,True,LigaPro_Portugal_2a_división,,,,,2018-10-07 10:15:00
2018-2019,6,0,0,0,5,5,10,2,1,0,0,3,3,9,5,12,8,15,15,50,50,Estádio Municipal José dos Santos Pinto,"Rua Viriato, Covilhã",2,1,2.45,3.1,2.9,1.38,2.2,4.1,2.0,1.83,0.0,0.0,0.0,0.0,0.0,0.0,0.0,0.0,0,0,0,0,0,0,0,1538838000,-1,0,25,0,393,1,1,5,3,0,2,8,2,0,0,2,1,0,3,1,0,0,0,0,1.16,0.97,2.13,0,0,0,0,0,0,1,1,0,0,1,0,0,0,-1,-1,-1,-1,-1,-1,-1,-1,-1,50,75,25,75,Sporting Covilhã,FC Penafiel,1.76,0.88,0.5,1.5,0.8,1.4,50,25,1.34,1.21,2.55,34,False,False,False,False,False,False,False,LigaPro_Portugal_2a_división,,,,,2018-10-06 15:00:00
2018-2019,7,0,1,1,4,10,14,3,2,0,0,0,8,5,11,5,19,11,9,48,52,Estádio Dom Afonso Henriques,"Rua de São Gonçalo 505, Guimarães",3,2,4.6,3.5,1.74,1.38,2.15,4.0,2.1,1.71,0.0,0.0,0.0,0.0,0.0,0.0,0.0,0.0,1,0,0,0,1,1,0,1540749600,173,0,0,0,1182,1,1,4,3,0,7,7,7,0,0,3,2,0,5,1,65,95,98,102,0.79,2.43,3.23,0,0,0,0,0,0,1,1,0,0,1,1,0,0,-1,-1,-1,-1,-1,-1,-1,-1,-1,0,17,0,84,Vitória Guimarães II,Paços de Ferreira,1.0,2.0,0.33,3.0,1.17,2.5,100,84,2.03,2.03,4.06,34,True,False,False,False,False,False,False,LigaPro_Portugal_2a_división,,,,,2018-10-28 18:00:00
2018-2019,7,2,1,3,8,5,13,2,2,0,0,4,3,7,4,11,7,16,18,42,58,Estádio Municipal 25 de Abril,"Rua Futebol Clube de Penafiel, Penafiel",2,2,2.35,3.05,3.15,1.45,2.4,4.6,2.1,1.74,0.0,0.0,0.0,0.0,0.0,0.0,0.0,0.0,3,1,1,1,0,1,2,1540844100,182,0,33,0,-1,1,1,3,5,5,0,8,5,1,0,1,2,1,3,1,0,0,0,0,1.5,1.18,2.68,0,0,0,0,0,0,1,1,0,0,0,1,0,0,-1,-1,-1,-1,-1,-1,-1,-1,-1,17,67,0,67,FC Penafiel,Associação Académica de Coimbra OAF,1.76,1.24,1.33,1.67,1.33,1.0,84,33,1.6,1.4,3.0,34,True,True,True,False,False,False,True,LigaPro_Portugal_2a_división,,,,,2018-10-29 20:15:00
2018-2019,7,2,0,2,3,10,13,4,2,0,0,5,5,3,7,8,12,16,18,48,52,Estádio Municipal de Aveiro,"Parque da Cidade, Taboeira, Aveiro",4,2,2.4,3.0,3.05,1.38,2.2,4.05,2.0,1.83,0.0,0.0,0.0,0.0,0.0,0.0,0.0,0.0,2,1,0,1,0,1,1,1540725300,1038,0,50,0,358,1,1,2,6,1,4,8,5,1,1,3,1,2,4,1,0,0,0,0,1.33,1.86,3.19,0,0,0,0,0,0,1,1,1,0,1,2,0,0,-1,-1,-1,-1,-1,-1,-1,-1,-1,0,84,17,67,UD Oliveirense,Sporting Braga II,1.65,0.88,1.0,1.33,0.83,1.17,100,17,1.5,1.3,2.8,34,True,True,False,False,False,False,False,LigaPro_Portugal_2a_división,,,,,2018-10-28 11:15:00
2018-2019,7,0,0,0,2,3,5,3,1,0,0,2,4,5,4,7,8,18,14,45,55,Estádio Municipal do Fontelo,"Avenida José Relvas, Viseu",3,1,2.45,3.1,2.9,1.38,2.15,4.0,1.91,1.91,0.0,0.0,0.0,0.0,0.0,0.0,0.0,0.0,0,0,0,0,0,0,0,1540648800,-1,0,84,0,-1,1,1,1,2,1,1,3,2,0,0,3,1,0,4,1,0,0,0,0,1.04,1.3,2.34,0,0,0,0,0,0,1,1,0,0,0,1,0,0,-1,-1,-1,-1,-1,-1,-1,-1,-1,84,100,50,84,Academico Viseu,Leixões,1.82,0.82,2.0,2.0,1.17,1.67,17,0,1.89,1.53,3.42,34,False,False,False,False,False,False,False,LigaPro_Portugal_2a_división,,,,,2018-10-27 14:00:00
2018-2019,7,1,0,1,8,3,11,4,3,0,0,8,5,9,5,17,10,16,17,56,44,Estádio de São Lúis,"Rua do Sporting Club Farense, Faro",4,3,2.3,2.95,3.3,1.5,2.5,5.0,2.2,1.67,0.0,0.0,0.0,0.0,0.0,0.0,0.0,0.0,1,0,0,1,0,1,0,1540648800,4866,0,17,0,-1,1,1,4,3,4,0,7,4,1,2,3,1,3,4,1,0,0,0,0,1.98,1.27,3.25,0,0,0,0,0,0,1,1,0,0,2,0,0,0,-1,-1,-1,-1,-1,-1,-1,-1,-1,0,33,17,50,Farense,Cova Piedade,1.76,1.06,1.33,1.67,1.17,1.0,100,67,1.4,1.47,2.87,34,True,False,False,False,False,False,False,LigaPro_Portugal_2a_división,,,,,2018-10-27 14:00:00
2018-2019,7,4,2,6,4,6,10,3,3,2,0,8,5,4,6,12,11,25,18,45,55,Estádio Municipal 22 de Junho,"Alameda dos Bargos, Vila Nova de Famalicão",6,3,1.8,3.45,4.3,1.29,1.95,3.35,1.91,1.91,0.0,0.0,0.0,0.0,0.0,0.0,0.0,0.0,6,0,2,4,0,4,2,1540634400,1033,0,25,0,-1,1,1,2,5,2,1,7,3,1,3,4,0,4,4,1,0,0,0,0,1.75,1.55,3.3,0,0,0,0,0,0,1,1,0,0,0,2,0,0,-1,-1,-1,-1,-1,-1,-1,-1,-1,25,100,25,100,Famalicão,Porto II,2.29,0.76,3.0,0.25,2.17,0.57,75,0,1.03,1.43,2.46,34,True,True,True,True,True,True,True,LigaPro_Portugal_2a_división,,,,,2018-10-27 10:00:00
2018-2019,7,3,2,5,4,3,7,0,0,0,0,6,5,6,4,12,9,17,16,49,51,Caixa Futebol Campus,", Seixal",0,0,1.71,3.55,4.65,1.3,1.95,3.4,1.87,1.95,0.0,0.0,0.0,0.0,0.0,0.0,0.0,0.0,5,2,1,1,1,2,3,1540659600,1031,0,50,0,-1,1,-1,2,2,2,1,4,3,0,0,0,0,0,0,1,74,90,100,98,1.71,1.57,3.28,0,0,0,0,0,0,1,1,1,0,0,1,-1,-1,-1,-1,-1,-1,-1,-1,-1,-1,-1,67,67,34,84,Benfica II,Sporting Covilhã,1.88,1.12,3.0,1.0,2.33,0.83,34,34,1.9,1.63,3.53,34,True,True,True,True,True,False,True,LigaPro_Portugal_2a_división,,20.8,54%,20%,2018-10-27 17:00:00
2018-2019,7,2,2,4,8,5,13,2,4,0,0,5,6,8,3,13,9,21,13,45,55,Estádio Municipal de Arouca,"Afonso Pinto Magalhães Valdasna, Arouca",2,4,1.8,3.3,4.75,1.47,2.4,4.7,2.35,1.61,0.0,1.66,0.0,2.1,0.0,0.0,0.0,0.0,4,2,0,0,2,2,2,1540738800,-1,0,42,0,737,1,1,4,1,4,4,5,8,1,1,1,3,2,4,1,70,53,89,98,1.67,1.38,3.05,0,0,0,0,0,0,1,1,1,0,2,0,0,0,-1,-1,-1,-1,-1,-1,-1,-1,-1,42,67,17,84,FC Arouca,CD Mafra,1.53,0.88,0.0,2.0,1.0,1.83,59,34,1.11,1.75,2.86,34,True,True,True,True,False,False,True,LigaPro_Portugal_2a_división,,,,,2018-10-28 15:00:00
2018-2019,7,2,2,4,6,1,7,5,4,0,1,5,5,6,6,11,11,21,22,61,39,Estádio António Coimbra da Mota,"Rua Dom Bosco, Estoril",5,5,1.53,3.85,6.0,1.33,2.05,3.65,2.2,1.69,0.0,1.72,0.0,2.0,0.0,0.0,0.0,0.0,4,1,1,1,1,2,2,1539512100,-1,0,34,0,875,1,1,3,0,3,1,3,4,2,0,3,5,2,8,1,103,64,127,83,1.79,1.5,3.3,0,0,0,0,0,0,1,1,0,0,1,0,0,0,-1,-1,-1,-1,-1,-1,-1,-1,-1,50,50,50,100,GD Estoril Praia,Varzim,1.88,0.94,1.0,1.5,2.0,1.0,50,50,1.98,1.27,3.25,34,True,True,True,True,False,False,True,LigaPro_Portugal_2a_división,,9.17,67%,20%,2018-10-14 10:15:00
2018-2019,8,1,0,1,1,11,12,3,3,0,0,3,7,2,9,5,16,23,25,45,55,Estádio Municipal José Martins Vieira,"Estrada do Brejo, Cova da Piedade, Almada",3,3,2.95,3.0,2.5,1.44,2.35,4.55,2.1,1.74,0.0,0.0,0.0,0.0,0.0,0.0,0.0,0.0,1,1,0,0,0,0,1,1541257200,1036,0,42,0,668,1,1,1,3,0,8,4,8,2,1,1,2,3,3,1,0,0,0,0,0.83,1.96,2.79,0,0,0,0,0,0,1,1,0,0,0,1,0,0,-1,-1,-1,-1,-1,-1,-1,-1,-1,59,71,29,84,Cova Piedade,FC Arouca,1.41,0.82,0.33,1.5,0.86,1.0,42,29,1.36,1.48,2.84,34,True,False,False,False,False,False,False,LigaPro_Portugal_2a_división,,,,,2018-11-03 15:00:00
2018-2019,8,1,0,1,4,8,12,1,2,0,0,4,2,6,7,10,9,17,10,51,49,Estádio da Capital do Móvel,"Rua do Estádio, Apartado 26, Paços de Ferreira",1,2,1.65,3.65,5.15,1.25,1.8,3.05,1.87,1.91,0.0,0.0,0.0,0.0,0.0,0.0,0.0,0.0,1,1,0,0,0,0,1,1541242800,173,0,46,0,1726,1,1,2,3,2,5,5,7,0,0,1,2,0,3,1,0,0,0,0,1.57,1.24,2.82,0,0,0,0,0,0,1,1,0,0,0,2,0,0,-1,-1,-1,-1,-1,-1,-1,-1,-1,42,71,25,71,Paços de Ferreira,Benfica II,2.35,1.18,2.25,1.67,2.57,2.43,59,29,2.2,1.54,3.74,34,True,False,False,False,False,False,False,LigaPro_Portugal_2a_división,,,,,2018-11-03 11:00:00
2018-2019,8,1,1,2,4,6,10,2,4,0,1,5,4,11,1,16,5,15,13,60,40,Estádio Dom Afonso Henriques,"Rua de São Gonçalo 505, Guimarães",2,6,4.4,3.45,1.8,1.31,1.95,3.45,1.95,1.87,0.0,1.66,0.0,2.1,0.0,0.0,0.0,0.0,2,1,1,0,0,0,2,1541343600,-1,0,17,0,957,1,1,2,4,2,2,6,4,2,3,0,2,5,2,1,101,46,120,70,2.09,0.93,3.02,0,0,0,0,0,0,1,1,0,0,0,1,0,0,-1,-1,-1,-1,-1,-1,-1,-1,-1,34,46,17,59,Vitória Guimarães II,GD Estoril Praia,1.0,1.29,0.25,3.0,1.0,1.86,67,54,1.72,1.65,3.37,34,True,True,False,False,False,False,True,LigaPro_Portugal_2a_división,,16.11,62%,75%,2018-11-04 15:00:00
2018-2019,8,1,1,2,10,1,11,0,3,0,0,2,4,8,0,10,4,12,22,65,35,Estádio Varzim Sport Club,"Rua do Varzim Sport Club, Póvoa de Varzim",0,3,2.1,3.05,3.7,1.48,2.45,4.8,2.2,1.67,0.0,0.0,0.0,0.0,0.0,0.0,0.0,0.0,2,0,1,1,0,1,1,1541343600,-1,0,64,0,782,1,1,1,0,9,1,1,10,0,1,0,2,1,2,1,0,0,0,0,1.59,0.81,2.4,0,0,0,0,0,0,1,1,0,0,1,0,0,0,-1,-1,-1,-1,-1,-1,-1,-1,-1,64,64,44,80,Varzim,Farense,1.47,0.76,1.2,1.0,1.25,1.43,37,37,1.42,1.44,2.86,34,True,True,False,False,False,False,True,LigaPro_Portugal_2a_división,,,,,2018-11-04 15:00:00
2018-2019,8,1,0,1,5,5,10,2,4,1,0,3,3,3,8,6,11,13,20,57,43,Estádio Municipal de Mafra,"Av. Dr. Francisco Sá Carneiro, Mafra",4,4,2.55,2.9,2.9,1.45,2.4,4.6,2.1,1.74,0.0,0.0,0.0,0.0,0.0,0.0,0.0,0.0,1,0,0,1,0,1,0,1541257200,4825,0,34,0,422,1,1,2,1,3,4,3,7,3,1,0,3,4,3,1,0,0,0,0,1.37,1.56,2.93,0,0,0,0,0,0,1,1,0,0,0,0,0,0,-1,-1,-1,-1,-1,-1,-1,-1,-1,17,84,33,84,CD Mafra,FC Penafiel,1.53,0.88,1.67,1.33,1.71,1.57,84,17,1.88,1.13,3.01,34,True,False,False,False,False,False,False,LigaPro_Portugal_2a_división,,,,,2018-11-03 15:00:00
2018-2019,8,0,0,0,8,4,12,1,2,0,0,2,6,12,8,14,14,17,15,52,48,Estádio do Mar,"Lugar da Cruz de Pau, Matosinhos",1,2,2.0,3.4,3.65,1.3,1.95,3.4,1.87,1.95,0.0,0.0,0.0,0.0,0.0,0.0,0.0,0.0,0,0,0,0,0,0,0,1541330100,-1,0,64,0,729,1,1,6,0,2,4,6,6,1,1,0,1,2,1,1,0,0,0,0,1.64,1.75,3.39,0,0,0,0,0,0,1,1,0,0,0,0,0,0,-1,-1,-1,-1,-1,-1,-1,-1,-1,47,84,47,100,Leixões,Porto II,1.82,0.76,1.33,0.2,1.57,0.5,54,17,1.59,1.45,3.04,34,False,False,False,False,False,False,False,LigaPro_Portugal_2a_división,,,,,2018-11-04 11:15:00
2018-2019,8,2,0,2,5,6,11,2,6,0,0,5,4,12,12,17,16,29,17,41,59,Estádio 1º de Maio,", Braga",2,6,2.6,3.0,2.8,1.41,2.25,4.25,2.05,1.8,0.0,0.0,0.0,0.0,0.0,0.0,0.0,0.0,2,0,0,2,0,2,0,1541257200,1035,0,38,0,891,1,1,3,2,2,4,5,6,1,4,1,2,5,3,1,0,0,0,0,1.87,1.93,3.79,1,0,1,0,0,0,1,1,0,0,0,0,0,0,-1,-1,-1,-1,-1,-1,-1,-1,-1,42,71,42,71,Sporting Braga II,Famalicão,1.29,1.76,1.0,1.75,1.0,2.29,59,29,1.74,1.3,3.04,34,True,True,False,False,False,False,False,LigaPro_Portugal_2a_división,,,,,2018-11-03 15:00:00
2018-2019,8,0,1,1,5,6,11,1,1,0,0,6,6,14,11,20,17,10,15,57,43,Estádio EFAPEL,"Rua Dom Manuel I, Coimbra",1,1,2.1,3.2,3.5,1.31,1.95,3.45,1.87,1.95,0.0,0.0,0.0,0.0,0.0,0.0,0.0,0.0,1,0,0,0,1,1,0,1541350800,1032,0,50,0,2088,1,1,0,5,5,1,5,6,0,1,1,0,1,1,1,0,0,0,0,2.46,1.97,4.43,0,0,0,0,0,0,1,1,0,0,0,0,0,1,-1,-1,-1,-1,-1,-1,-1,-1,-1,33,67,17,84,Associação Académica de Coimbra OAF,Academico Viseu,1.76,0.71,0.33,0.33,0.86,1.14,67,33,1.99,1.52,3.51,34,True,False,False,False,False,False,False,LigaPro_Portugal_2a_división,,,,,2018-11-04 17:00:00
2018-2019,8,1,0,1,6,3,9,3,2,0,1,5,3,4,4,9,7,25,11,50,50,Estádio Municipal José dos Santos Pinto,"Rua Viriato, Covilhã",3,4,2.4,2.95,3.15,1.45,2.4,4.6,2.1,1.74,0.0,0.0,0.0,0.0,0.0,0.0,0.0,0.0,1,0,0,1,0,1,0,1541343600,1026,0,67,0,183,1,1,1,1,5,2,2,7,3,2,0,1,5,1,1,73,55,121,110,1.46,1.06,2.52,0,0,0,0,0,0,1,1,0,0,1,0,0,0,-1,-1,-1,-1,-1,-1,-1,-1,-1,33,67,17,67,Sporting Covilhã,UD Oliveirense,1.76,0.88,0.67,0.67,0.71,1.14,67,34,1.28,1.43,2.71,34,True,False,False,False,False,False,False,LigaPro_Portugal_2a_división,,,,,2018-11-04 15:00:00
2018-2019,9,2,1,3,8,1,9,4,3,0,0,5,2,15,4,20,6,23,14,59,41,Estádio Municipal 22 de Junho,"Alameda dos Bargos, Vila Nova de Famalicão",4,3,1.53,4.0,5.8,1.33,2.05,3.65,2.2,1.67,0.0,0.0,0.0,0.0,0.0,0.0,0.0,0.0,3,0,1,2,0,2,1,1541948400,1033,0,54,0,1271,1,1,3,0,5,1,3,6,2,0,2,3,2,5,1,0,0,0,0,2.31,0.95,3.26,0,0,0,0,0,0,1,1,0,1,1,0,0,0,-1,-1,-1,-1,-1,-1,-1,-1,-1,67,100,54,100,Famalicão,Sporting Covilhã,2.29,1.12,3.0,0.75,2.0,1.0,34,0,1.27,1.62,2.89,34,True,True,True,False,False,False,True,LigaPro_Portugal_2a_división,,,,,2018-11-11 15:00:00
2018-2019,9,1,0,1,6,4,10,3,3,0,0,3,5,4,6,7,11,17,5,42,58,Estádio Municipal do Fontelo,"Avenida José Relvas, Viseu",3,3,1.95,3.3,3.85,1.35,2.1,3.8,2.0,1.83,0.0,0.0,0.0,0.0,0.0,0.0,0.0,0.0,1,1,0,0,0,0,1,1541862000,1032,0,63,0,470,1,1,3,1,3,3,4,6,0,2,3,1,2,4,1,0,0,0,0,1.2,1.62,2.82,0,0,0,0,0,0,1,1,0,0,0,0,0,0,-1,-1,-1,-1,-1,-1,-1,-1,-1,63,63,50,75,Academico Viseu,CD Mafra,1.82,0.88,1.75,1.75,1.38,1.88,38,38,1.67,1.66,3.33,34,True,False,False,False,False,False,False,LigaPro_Portugal_2a_división,,,,,2018-11-10 15:00:00
2018-2019,9,2,1,3,6,7,13,4,3,0,0,7,4,12,9,19,13,17,15,51,49,Estádio Dr. Jorge Sampaio,"Rua da Paradela, Pedroso, Vila Nova de Gaia",4,3,1.91,3.5,3.7,1.25,1.8,3.05,1.77,2.05,0.0,0.0,0.0,0.0,0.0,0.0,0.0,0.0,3,1,0,1,1,2,1,1541948400,1037,0,46,0,154,1,1,3,2,3,5,5,8,0,2,4,1,2,5,1,0,0,0,0,2.3,1.6,3.9,0,0,0,0,0,0,1,1,0,0,1,1,0,0,-1,-1,-1,-1,-1,-1,-1,-1,-1,34,46,29,75,Porto II,Cova Piedade,1.82,1.06,1.0,1.25,0.56,1.13,67,54,1.94,1.42,3.36,34,True,True,True,False,False,False,True,LigaPro_Portugal_2a_división,,,,,2018-11-11 15:00:00
2018-2019,9,1,0,1,7,8,15,5,2,0,0,2,3,7,5,9,8,8,16,46,54,Estádio Municipal 25 de Abril,"Rua Futebol Clube de Penafiel, Penafiel",5,2,2.1,3.3,3.35,1.28,1.91,3.25,1.8,2.0,0.0,0.0,0.0,0.0,0.0,0.0,0.0,0.0,1,0,0,1,0,1,0,1541847600,182,0,50,0,594,1,1,3,3,4,5,6,9,1,1,4,1,2,5,1,0,0,0,0,1.18,1.23,2.42,0,0,0,0,0,0,1,1,0,0,1,0,0,1,-1,-1,-1,-1,-1,-1,-1,-1,-1,38,63,13,75,FC Penafiel,Benfica II,1.76,1.18,1.75,1.25,1.38,2.13,63,38,1.57,1.46,3.03,34,True,False,False,False,False,False,False,LigaPro_Portugal_2a_división,,,,,2018-11-10 11:00:00
2018-2019,9,1,0,1,0,0,0,6,0,0,0,2,0,0,0,2,0,5,6,56,44,Estádio António Coimbra da Mota,"Rua Dom Bosco, Estoril",6,0,2.7,3.2,2.55,1.36,2.1,3.85,1.91,1.87,0.0,0.0,0.0,0.0,0.0,0.0,0.0,0.0,1,1,0,0,0,0,1,1542034800,164,0,38,0,618,-1,1,-1,-1,-1,-1,-1,-1,2,0,4,0,2,4,1,23,8,28,23,0.43,0.06,0.5,0,0,0,0,0,0,1,1,0,0,-1,-1,1,0,-1,-1,-1,-1,-1,-1,-1,-1,-1,50,50,50,84,GD Estoril Praia,Paços de Ferreira,1.88,2.0,1.0,3.0,1.75,2.63,50,50,1.94,2.16,4.1,34,True,False,False,False,False,False,False,LigaPro_Portugal_2a_división,,17.22,100%,75%,2018-11-12 15:00:00
2018-2019,9,0,1,1,5,5,10,3,3,0,1,2,4,10,9,12,13,14,18,56,44,Estádio 1º de Maio,", Braga",3,4,2.45,3.0,3.0,1.38,2.2,4.1,2.0,1.83,0.0,0.0,0.0,0.0,0.0,0.0,0.0,0.0,1,0,0,0,1,1,0,1541948400,179,0,25,0,198,1,1,2,3,3,2,5,5,0,2,3,2,2,5,1,78,50,126,110,1.47,1.47,2.94,0,1,0,1,0,0,1,1,0,0,1,0,0,0,-1,-1,-1,-1,-1,-1,-1,-1,-1,25,75,25,63,Sporting Braga II,Associação Académica de Coimbra OAF,1.29,1.24,1.5,1.25,1.25,0.75,75,25,1.78,1.35,3.13,34,True,False,False,False,False,False,False,LigaPro_Portugal_2a_división,,9.17,93%,40%,2018-11-11 15:00:00
2018-2019,9,2,2,4,7,3,10,2,4,0,1,8,5,3,2,11,7,14,17,49,51,Estádio de São Lúis,"Rua do Sporting Club Farense, Faro",2,5,1.95,3.3,3.8,1.42,2.25,4.3,2.1,1.74,0.0,0.0,0.0,0.0,0.0,0.0,0.0,0.0,4,0,2,2,0,2,2,1541862000,-1,0,34,0,1351,1,1,2,2,5,1,4,6,2,1,0,4,3,4,1,0,0,0,0,1.72,1.12,2.84,1,1,1,1,0,0,1,1,0,0,1,1,0,0,-1,-1,-1,-1,-1,-1,-1,-1,-1,34,63,0,46,Farense,Vitória Guimarães II,1.76,0.82,1.75,2.0,1.38,1.0,67,38,1.55,1.78,3.33,34,True,True,True,True,False,False,True,LigaPro_Portugal_2a_división,,,,,2018-11-10 15:00:00
2018-2019,9,2,0,2,4,3,7,3,2,0,0,3,3,5,3,8,6,13,21,53,47,Estádio Municipal de Arouca,"Afonso Pinto Magalhães Valdasna, Arouca",3,2,2.25,3.0,3.3,1.48,2.45,4.8,2.15,1.69,0.0,1.72,0.0,2.0,0.0,0.0,0.0,0.0,2,0,0,2,0,2,0,1541948400,167,0,59,0,515,1,1,2,2,2,1,4,3,0,1,3,1,1,4,1,65,57,99,94,1.19,1.01,2.2,1,0,1,0,0,0,1,1,0,0,1,0,0,0,-1,-1,-1,-1,-1,-1,-1,-1,-1,59,88,29,75,FC Arouca,Leixões,1.53,0.82,0.33,1.75,0.88,1.5,42,13,1.3,1.47,2.77,34,True,True,False,False,False,False,False,LigaPro_Portugal_2a_división,,9.17,93%,40%,2018-11-11 15:00:00
2018-2019,9,3,0,3,3,7,10,2,2,0,0,8,4,2,2,10,6,13,12,47,53,Estádio Municipal de Aveiro,"Parque da Cidade, Taboeira, Aveiro",2,2,2.45,3.05,2.95,1.47,2.4,4.7,2.05,1.77,0.0,1.72,0.0,2.0,0.0,0.0,0.0,0.0,3,1,0,2,0,2,1,1542053700,1038,0,54,0,334,1,1,3,1,0,6,4,6,0,0,2,2,0,4,1,40,56,87,101,1.49,1.07,2.56,0,0,0,0,0,0,1,1,0,0,1,0,0,0,-1,-1,-1,-1,-1,-1,-1,-1,-1,17,67,29,100,UD Oliveirense,Varzim,1.65,0.94,1.5,1.33,1.0,1.22,84,34,1.46,1.35,2.81,34,True,True,True,False,False,False,False,LigaPro_Portugal_2a_división,,,,,2018-11-12 20:15:00
2018-2019,10,2,0,2,7,6,13,2,4,0,0,6,2,8,7,14,9,12,20,61,39,Estádio da Capital do Móvel,"Rua do Estádio, Apartado 26, Paços de Ferreira",2,4,1.59,3.65,5.8,1.43,2.3,4.4,2.4,1.57,0.0,0.0,0.0,0.0,0.0,0.0,0.0,0.0,2,0,0,2,0,2,0,1543749300,173,0,10,0,2074,1,1,2,2,5,4,4,9,0,0,2,4,0,6,1,0,0,0,0,1.99,1.11,3.1,0,0,0,0,0,0,1,1,0,0,0,0,0,0,-1,-1,-1,-1,-1,-1,-1,-1,-1,33,55,33,65,Paços de Ferreira,FC Penafiel,2.35,0.88,2.4,1.0,2.33,1.56,68,45,2.08,1.24,3.32,34,True,True,False,False,False,False,False,LigaPro_Portugal_2a_división,,,,,2018-12-02 11:15:00
2018-2019,10,0,0,0,3,13,16,3,2,0,0,2,6,8,10,10,16,11,11,43,57,Estádio Varzim Sport Club,"Rua do Varzim Sport Club, Póvoa de Varzim",3,2,2.55,2.9,2.9,1.45,2.4,4.6,2.1,1.74,0.0,1.66,0.0,2.1,0.0,0.0,0.0,0.0,0,0,0,0,0,0,0,1543676400,-1,0,46,0,883,1,1,2,6,1,7,8,8,1,2,2,0,3,2,1,79,111,115,122,1.35,2.23,3.57,0,0,0,0,0,0,1,1,0,0,0,3,0,1,-1,-1,-1,-1,-1,-1,-1,-1,-1,38,59,9,59,Varzim,Academico Viseu,1.47,0.71,1.17,1.0,1.1,1.4,63,42,1.45,1.64,3.09,34,False,False,False,False,False,False,False,LigaPro_Portugal_2a_división,,,,,2018-12-01 15:00:00
2018-2019,10,2,1,3,4,1,5,3,6,1,0,5,7,4,7,9,14,16,11,51,49,Estádio do Mar,"Lugar da Cruz de Pau, Matosinhos",4,6,1.95,3.15,4.15,1.43,2.3,4.4,2.15,1.71,0.0,0.0,0.0,0.0,0.0,0.0,0.0,0.0,3,0,0,2,1,3,0,1543762800,1030,0,25,0,737,1,1,2,1,2,0,3,2,1,2,3,4,3,7,1,43,52,88,82,1.24,1.75,2.98,0,0,0,0,0,0,1,1,0,0,0,0,0,0,-1,-1,-1,-1,-1,-1,-1,-1,-1,13,63,13,63,Leixões,Sporting Braga II,1.82,0.88,1.25,1.0,1.33,1.11,88,38,1.6,1.44,3.04,34,True,True,True,False,False,False,True,LigaPro_Portugal_2a_división,,,,,2018-12-02 15:00:00
2018-2019,10,0,0,0,4,6,10,0,1,0,0,5,3,8,7,13,10,21,25,38,62,Estádio Municipal José Martins Vieira,"Estrada do Brejo, Cova da Piedade, Almada",0,1,2.8,3.05,2.55,1.38,2.2,4.1,2.0,1.83,0.0,0.0,0.0,0.0,0.0,0.0,0.0,0.0,0,0,0,0,0,0,0,1543676400,-1,0,46,0,679,1,1,2,3,2,3,5,5,0,0,0,1,0,1,1,59,62,84,118,1.59,1.3,2.89,0,0,0,0,0,0,1,1,0,0,1,2,0,0,-1,-1,-1,-1,-1,-1,-1,-1,-1,50,67,29,71,Cova Piedade,Famalicão,1.41,1.76,1.0,1.67,1.0,2.2,50,34,1.23,1.34,2.57,34,False,False,False,False,False,False,False,LigaPro_Portugal_2a_división,,5.82,82%,40%,2018-12-01 15:00:00
2018-2019,10,2,1,3,0,8,8,0,1,0,0,6,3,2,6,8,9,17,15,38,62,Estádio Municipal de Mafra,"Av. Dr. Francisco Sá Carneiro, Mafra",0,1,2.25,3.2,3.15,1.34,2.05,3.75,1.91,1.91,0.0,0.0,0.0,0.0,0.0,0.0,0.0,0.0,3,1,0,1,1,2,1,1543662000,4825,0,50,0,499,1,1,0,2,0,6,2,6,0,0,0,1,0,1,1,0,0,0,0,1.34,1.54,2.88,1,0,1,0,0,0,1,1,0,0,0,0,0,0,-1,-1,-1,-1,-1,-1,-1,-1,-1,25,79,38,79,CD Mafra,Porto II,1.53,0.76,2.0,0.33,1.5,0.8,75,21,1.76,1.5,3.26,34,True,True,True,False,False,False,True,LigaPro_Portugal_2a_división,,,,,2018-12-01 11:00:00
2018-2019,10,1,1,2,5,3,8,0,0,0,0,6,4,8,8,14,12,12,9,50,50,Estádio Dom Afonso Henriques,"Rua de São Gonçalo 505, Guimarães",0,0,2.3,3.05,3.2,1.43,2.35,4.45,2.1,1.74,0.0,0.0,0.0,0.0,0.0,0.0,0.0,0.0,2,1,1,0,0,0,2,1543676400,-1,0,48,0,892,1,-1,4,3,1,0,7,1,0,0,0,0,0,0,1,76,53,125,94,1.86,1.42,3.28,0,0,0,0,0,0,1,1,0,0,1,2,-1,-1,-1,-1,-1,-1,-1,-1,-1,-1,-1,13,58,23,68,Vitória Guimarães II,UD Oliveirense,1.0,0.88,0.4,0.5,1.0,1.1,88,43,1.79,1.34,3.13,34,True,True,False,False,False,False,True,LigaPro_Portugal_2a_división,,,,,2018-12-01 15:00:00
2018-2019,10,1,0,1,5,9,14,2,1,0,0,2,9,5,8,7,17,16,19,39,61,Caixa Futebol Campus,", Seixal",2,1,2.85,3.35,2.3,1.25,1.8,3.0,1.71,2.15,0.0,1.66,0.0,2.1,0.0,0.0,0.0,0.0,1,1,0,0,0,0,1,1543608000,1031,0,55,0,412,1,1,2,2,3,7,4,10,0,0,2,1,0,3,1,60,93,73,114,1.02,2.37,3.39,0,0,0,0,0,0,1,1,0,0,1,0,0,0,-1,-1,-1,-1,-1,-1,-1,-1,-1,55,65,43,78,Benfica II,GD Estoril Praia,1.88,1.29,3.0,2.6,1.89,2.0,45,35,1.85,1.42,3.27,34,True,False,False,False,False,False,False,LigaPro_Portugal_2a_división,,,,,2018-11-30 20:00:00
2018-2019,10,2,0,2,4,5,9,3,2,0,0,5,2,6,9,11,11,12,9,52,48,Estádio EFAPEL,"Rua Dom Manuel I, Coimbra",3,2,2.45,2.95,3.1,1.51,2.55,5.1,2.2,1.67,0.0,1.72,0.0,2.0,0.0,0.0,0.0,0.0,2,0,0,2,0,2,0,1543676400,179,0,45,0,2428,1,1,2,3,2,2,5,4,1,1,2,1,2,3,1,69,66,128,104,1.55,1.32,2.87,0,0,0,0,0,0,1,1,0,0,1,1,0,0,-1,-1,-1,-1,-1,-1,-1,-1,-1,33,55,23,88,Associação Académica de Coimbra OAF,FC Arouca,1.76,0.82,0.25,1.2,1.2,1.11,68,45,2.1,1.57,3.67,34,True,True,False,False,False,False,False,LigaPro_Portugal_2a_división,,,,,2018-12-01 15:00:00
2018-2019,10,1,1,2,8,3,11,1,1,1,0,7,2,9,7,16,9,18,13,49,51,Estádio Municipal José dos Santos Pinto,"Rua Viriato, Covilhã",2,1,2.95,2.85,2.6,1.51,2.6,5.2,2.25,1.65,0.0,0.0,0.0,0.0,0.0,0.0,0.0,0.0,2,1,1,0,0,0,2,1543761000,-1,0,48,0,312,1,1,5,2,3,1,7,4,0,0,2,1,0,3,1,79,41,104,132,2.07,1.02,3.09,0,0,0,0,0,0,1,1,0,0,2,1,0,0,-1,-1,-1,-1,-1,-1,-1,-1,-1,35,48,25,60,Sporting Covilhã,Farense,1.76,0.76,1.0,1.0,0.8,1.5,65,53,1.36,1.28,2.64,34,True,True,False,False,False,False,True,LigaPro_Portugal_2a_división,,3.62,95%,64%,2018-12-02 14:30:00
2018-2019,11,0,1,1,6,2,8,1,3,0,0,5,5,11,10,16,15,16,13,50,50,Estádio de São Lúis,"Rua do Sporting Club Farense, Faro",1,3,2.6,2.95,2.85,1.44,2.35,4.5,2.05,1.77,0.0,0.0,0.0,0.0,0.0,0.0,0.0,0.0,1,0,0,0,1,1,0,1544127300,1031,0,29,0,1850,1,1,2,1,4,1,3,5,0,0,1,3,0,4,1,59,62,96,113,1.78,1.75,3.53,0,0,0,0,0,0,1,1,0,0,0,0,0,0,-1,-1,-1,-1,-1,-1,-1,-1,-1,19,37,9,47,Farense,Benfica II,1.76,1.18,1.83,1.0,1.45,2.0,82,64,1.51,1.42,2.93,34,True,False,False,False,False,False,False,LigaPro_Portugal_2a_división,,6.93,59%,0%,2018-12-06 20:15:00
2018-2019,11,1,0,1,7,3,10,2,2,0,0,5,3,6,5,11,8,22,22,54,46,Estádio António Coimbra da Mota,"Rua Dom Bosco, Estoril",2,2,1.43,4.35,6.9,1.22,1.71,2.8,1.91,1.91,0.0,0.0,0.0,0.0,0.0,0.0,0.0,0.0,1,1,0,0,0,0,1,1544266800,164,0,70,0,638,1,1,3,3,4,0,6,4,1,0,1,2,1,3,1,0,0,0,0,1.53,1.22,2.75,0,0,0,0,0,0,1,1,1,0,0,0,0,0,-1,-1,-1,-1,-1,-1,-1,-1,-1,90,90,70,100,GD Estoril Praia,Sporting Covilhã,1.88,1.12,1.4,0.6,1.82,0.82,10,10,1.63,1.48,3.11,34,True,False,False,False,False,False,False,LigaPro_Portugal_2a_división,,,,,2018-12-08 11:00:00
2018-2019,11,3,2,5,7,3,10,1,2,0,0,9,7,11,8,20,15,12,17,46,54,Estádio Municipal 25 de Abril,"Rua Futebol Clube de Penafiel, Penafiel",1,2,1.8,3.3,4.7,1.43,2.35,4.45,2.2,1.67,0.0,0.0,0.0,0.0,0.0,0.0,0.0,0.0,5,1,0,2,2,4,1,1544354100,182,0,58,0,387,1,1,4,1,3,2,5,5,0,0,1,2,0,3,1,0,0,0,0,2.44,1.94,4.38,0,0,0,0,0,0,1,1,0,0,1,1,0,0,-1,-1,-1,-1,-1,-1,-1,-1,-1,58,80,23,68,FC Penafiel,Vitória Guimarães II,1.76,0.82,2.0,1.75,1.4,1.0,43,20,1.49,1.62,3.11,34,True,True,True,True,True,False,True,LigaPro_Portugal_2a_división,,,,,2018-12-09 11:15:00
2018-2019,11,0,0,0,14,4,18,1,4,0,0,7,5,13,4,20,9,18,12,61,39,Estádio Municipal do Fontelo,"Avenida José Relvas, Viseu",1,4,1.77,3.35,4.85,1.37,2.15,3.95,2.05,1.77,0.0,0.0,0.0,0.0,0.0,0.0,0.0,0.0,0,0,0,0,0,0,0,1544281200,-1,0,54,0,315,1,1,8,4,6,0,12,6,0,1,1,3,1,4,1,96,58,127,105,2.44,1.35,3.79,0,0,0,0,0,0,1,1,0,0,1,0,0,0,-1,-1,-1,-1,-1,-1,-1,-1,-1,44,54,35,72,Academico Viseu,Cova Piedade,1.82,1.06,1.67,1.0,1.36,1.0,57,47,1.59,1.46,3.05,34,False,False,False,False,False,False,False,LigaPro_Portugal_2a_división,,5.82,76%,0%,2018-12-08 15:00:00
2018-2019,11,3,0,3,5,4,9,3,2,0,0,9,3,2,4,11,7,20,14,51,49,Estádio Dr. Jorge Sampaio,"Rua da Paradela, Pedroso, Vila Nova de Gaia",3,2,2.2,3.25,3.2,1.27,1.87,3.2,1.77,2.1,0.0,0.0,0.0,0.0,0.0,0.0,0.0,0.0,3,2,0,1,0,1,2,1544281200,1037,0,54,0,582,1,1,3,2,2,2,5,4,1,0,2,2,1,4,1,66,64,73,78,1.8,1.12,2.91,0,0,0,0,0,0,1,1,0,0,1,1,0,0,-1,-1,-1,-1,-1,-1,-1,-1,-1,46,63,21,75,Porto II,Associação Académica de Coimbra OAF,1.82,1.24,1.5,1.83,0.73,1.36,54,38,2.03,1.36,3.39,34,True,True,True,False,False,False,False,LigaPro_Portugal_2a_división,,,,,2018-12-08 15:00:00
2018-2019,11,1,2,3,8,6,14,3,1,0,0,4,8,2,9,6,17,18,21,43,57,Estádio Municipal de Aveiro,"Parque da Cidade, Taboeira, Aveiro",3,1,4.65,3.3,1.8,1.47,2.4,4.7,2.3,1.62,0.0,0.0,0.0,0.0,0.0,0.0,0.0,0.0,3,1,0,0,2,2,1,1544367600,173,0,34,0,541,1,1,4,1,4,5,5,9,1,0,2,1,1,3,1,69,86,95,121,1.16,2.25,3.42,0,0,0,0,0,0,1,1,0,0,1,0,0,0,-1,-1,-1,-1,-1,-1,-1,-1,-1,17,50,9,88,UD Oliveirense,Paços de Ferreira,1.65,2.0,1.5,2.25,1.09,2.4,84,50,1.5,1.64,3.14,34,True,True,True,False,False,False,True,LigaPro_Portugal_2a_división,,,,,2018-12-09 15:00:00
2018-2019,11,6,1,7,5,9,14,0,0,0,0,10,4,6,7,16,11,12,21,40,60,Estádio 1º de Maio,", Braga",0,0,2.35,2.95,3.25,1.44,2.35,4.55,2.1,1.74,0.0,1.66,0.0,2.1,0.0,0.0,0.0,0.0,7,4,0,2,1,3,4,1544367600,1035,0,17,0,197,1,-1,1,2,4,7,3,11,0,0,0,0,0,0,1,54,60,65,91,2.09,1.41,3.5,0,0,0,0,0,0,1,1,1,0,0,0,-1,-1,-1,-1,-1,-1,-1,-1,-1,-1,-1,27,47,27,54,Sporting Braga II,CD Mafra,1.29,0.88,1.2,1.17,1.0,1.64,74,54,1.71,1.72,3.43,34,True,True,True,True,True,True,True,LigaPro_Portugal_2a_división,,4.7,87%,0%,2018-12-09 15:00:00
2018-2019,11,0,1,1,12,3,15,1,4,0,0,3,5,10,3,13,8,21,17,65,35,Estádio Municipal de Arouca,"Afonso Pinto Magalhães Valdasna, Arouca",1,4,1.91,3.2,4.25,1.51,2.6,5.15,2.35,1.59,0.0,1.83,0.0,1.83,0.0,0.0,0.0,0.0,1,0,1,0,0,0,1,1544367600,1034,0,38,0,810,1,1,8,3,4,0,11,4,0,2,1,2,2,3,1,117,35,136,85,1.88,1.12,2.99,0,0,0,0,0,0,1,1,0,0,3,0,0,0,-1,-1,-1,-1,-1,-1,-1,-1,-1,50,75,25,88,FC Arouca,Varzim,1.53,0.94,1.0,1.0,1.0,1.09,50,25,1.27,1.28,2.55,34,True,False,False,False,False,False,False,LigaPro_Portugal_2a_división,,,,,2018-12-09 15:00:00
2018-2019,11,1,0,1,5,7,12,4,4,0,1,3,2,6,7,9,9,27,25,50,50,Estádio Municipal 22 de Junho,"Alameda dos Bargos, Vila Nova de Famalicão",4,6,2.45,2.95,3.1,1.47,2.4,4.7,2.1,1.74,0.0,0.0,0.0,0.0,0.0,0.0,0.0,0.0,1,1,0,0,0,0,1,1544281200,1033,0,45,0,4127,1,1,4,6,1,1,10,2,1,1,3,4,2,7,1,73,74,115,109,1.31,1.25,2.56,0,0,0,0,0,0,1,1,0,0,0,0,0,0,-1,-1,-1,-1,-1,-1,-1,-1,-1,45,90,23,70,Famalicão,Leixões,2.29,0.82,3.0,1.4,2.09,1.5,55,10,1.53,1.38,2.91,34,True,False,False,False,False,False,False,LigaPro_Portugal_2a_división,,5.82,72%,40%,2018-12-08 15:00:00
2018-2019,12,2,2,4,1,9,10,3,5,0,0,6,8,5,10,11,18,19,13,50,50,Estádio Municipal José dos Santos Pinto,"Rua Viriato, Covilhã",3,5,2.85,2.95,2.6,1.49,2.5,4.85,2.15,1.71,0.0,0.0,0.0,0.0,0.0,0.0,0.0,0.0,4,1,1,1,1,2,2,1544972400,-1,0,33,0,-1,1,1,1,3,0,6,4,6,0,2,3,3,2,6,1,60,96,118,125,1.56,2.39,3.94,0,0,0,0,0,0,1,1,0,1,1,0,0,0,1,19,12,1,10,14,1,6,3,25,50,17,58,Sporting Covilhã,FC Arouca,1.76,0.82,1.0,1.0,0.75,0.91,75,50,1.48,1.53,3.01,34,True,True,True,True,False,False,True,LigaPro_Portugal_2a_división,,10.87,87%,24%,2018-12-16 15:00:00
2018-2019,12,2,1,3,2,10,12,5,5,1,0,4,6,6,5,10,11,19,11,48,52,Estádio Municipal José Martins Vieira,"Estrada do Brejo, Cova da Piedade, Almada",6,5,2.6,2.95,2.8,1.44,2.35,4.5,2.05,1.77,0.0,0.0,0.0,0.0,0.0,0.0,0.0,0.0,3,0,1,2,0,2,1,1544972400,1036,0,20,0,-1,1,1,1,9,1,1,10,2,1,1,5,4,2,9,1,61,76,109,104,1.36,1.67,3.02,0,1,0,1,0,0,1,1,0,0,0,3,0,0,1,13,8,1,8,12,1,6,7,30,60,10,50,Cova Piedade,Sporting Braga II,1.41,0.88,1.0,0.8,1.0,1.18,70,40,1.3,1.5,2.8,34,True,True,True,False,False,False,True,LigaPro_Portugal_2a_división,,9.17,67%,40%,2018-12-16 15:00:00
2018-2019,12,1,0,1,6,7,13,2,2,0,0,3,5,4,0,7,5,18,20,45,55,Estádio Municipal de Mafra,"Av. Dr. Francisco Sá Carneiro, Mafra",2,2,2.8,3.1,2.5,1.49,2.5,4.85,2.15,1.71,0.0,1.72,0.0,2.0,0.0,0.0,0.0,0.0,1,0,0,1,0,1,0,1544886000,4825,0,47,0,408,1,1,1,4,5,3,5,8,1,1,1,1,2,2,1,56,65,126,134,1.07,1.16,2.23,0,0,0,0,0,0,1,1,0,0,1,0,0,0,-1,-1,-1,-1,-1,-1,-1,-1,-1,27,74,19,65,CD Mafra,Leixões,1.53,0.82,2.2,1.17,1.5,1.36,74,27,1.67,1.36,3.03,34,True,False,False,False,False,False,False,LigaPro_Portugal_2a_división,,14.99,82%,75%,2018-12-15 15:00:00
2018-2019,12,3,4,7,6,3,9,1,2,0,0,8,11,3,3,11,14,14,26,61,39,Estádio Varzim Sport Club,"Rua do Varzim Sport Club, Póvoa de Varzim",1,2,2.4,2.9,3.2,1.49,2.5,4.85,2.2,1.69,0.0,0.0,0.0,0.0,0.0,0.0,0.0,0.0,7,2,1,1,3,4,3,1544886000,182,0,29,0,606,1,1,4,1,2,2,5,4,0,0,1,2,0,3,1,0,0,0,0,1.75,2.07,3.81,0,0,0,0,0,0,1,1,1,1,1,0,0,0,-1,-1,-1,-1,-1,-1,-1,-1,-1,32,59,17,49,Varzim,FC Penafiel,1.47,0.88,1.14,0.8,1.25,1.55,69,42,1.43,1.21,2.64,34,True,True,True,True,True,True,True,LigaPro_Portugal_2a_división,,,,,2018-12-15 15:00:00
2018-2019,12,0,1,1,8,2,10,2,3,0,0,10,5,15,4,25,9,16,19,60,40,Estádio da Capital do Móvel,"Rua do Estádio, Apartado 26, Paços de Ferreira",2,3,1.44,4.0,7.25,1.27,1.87,3.2,2.05,1.77,0.0,0.0,0.0,0.0,0.0,0.0,0.0,0.0,1,0,1,0,0,0,1,1544871600,1037,0,37,0,1496,1,1,2,1,6,1,3,7,1,2,1,1,3,2,1,0,0,0,0,3.09,1.35,4.44,0,0,0,0,0,0,1,1,0,0,1,0,0,0,-1,-1,-1,-1,-1,-1,-1,-1,-1,45,77,38,77,Paços de Ferreira,Porto II,2.35,0.76,2.5,0.29,2.45,0.92,55,24,2.06,1.51,3.57,34,True,False,False,False,False,False,False,LigaPro_Portugal_2a_división,,,,,2018-12-15 11:00:00
2018-2019,12,2,0,2,4,3,7,2,1,0,1,6,5,7,4,13,9,11,13,51,49,Estádio Dom Afonso Henriques,"Rua de São Gonçalo 505, Guimarães",2,2,2.85,3.1,2.5,1.41,2.25,4.25,2.0,1.83,0.0,0.0,0.0,0.0,0.0,0.0,0.0,0.0,2,1,0,1,0,1,1,1544972400,1027,0,27,0,-1,1,1,2,2,2,1,4,3,0,2,2,0,2,2,1,67,71,110,107,1.73,1.44,3.17,0,0,0,0,0,0,1,1,1,0,0,2,0,0,1,13,9,1,10,9,1,5,3,10,45,17,54,Vitória Guimarães II,Academico Viseu,1.0,0.71,0.5,1.0,0.91,1.33,90,55,1.8,1.75,3.55,34,True,True,False,False,False,False,False,LigaPro_Portugal_2a_división,,5.82,83%,75%,2018-12-16 15:00:00
2018-2019,12,3,0,3,9,4,13,2,3,0,0,7,2,5,1,12,3,12,19,50,50,Caixa Futebol Campus,", Seixal",2,3,1.59,3.75,5.65,1.31,1.95,3.45,2.1,1.74,0.0,0.0,0.0,0.0,0.0,0.0,0.0,0.0,3,1,0,2,0,2,1,1544893200,1031,0,60,0,-1,1,1,6,1,3,3,7,6,2,2,0,1,4,1,1,0,0,0,0,1.66,0.76,2.42,0,0,0,0,0,0,1,1,0,0,2,1,0,0,-1,-1,-1,-1,-1,-1,-1,-1,-1,30,60,30,80,Benfica II,UD Oliveirense,1.88,0.88,3.0,0.6,2.09,1.0,70,40,1.68,1.36,3.04,34,True,True,True,False,False,False,False,LigaPro_Portugal_2a_división,,12.75,72%,75%,2018-12-15 17:00:00
2018-2019,12,0,1,1,3,6,9,2,3,0,0,5,3,8,7,13,10,21,24,48,52,Estádio EFAPEL,"Rua Dom Manuel I, Coimbra",2,3,2.7,3.0,2.7,1.43,2.35,4.45,2.05,1.77,0.0,0.0,0.0,0.0,0.0,0.0,0.0,0.0,1,0,0,0,1,1,0,1545077700,1033,0,49,0,3214,1,1,1,3,2,3,4,5,0,0,2,3,0,5,1,58,56,114,112,1.6,1.26,2.85,0,0,0,0,0,0,1,1,0,0,1,0,0,0,-1,-1,-1,-1,-1,-1,-1,-1,-1,32,66,25,59,Associação Académica de Coimbra OAF,Famalicão,1.76,1.76,0.8,1.57,1.25,2.17,69,35,1.99,1.34,3.33,34,True,False,False,False,False,False,False,LigaPro_Portugal_2a_división,,10.29,76%,0%,2018-12-17 20:15:00
2018-2019,12,1,0,1,5,6,11,2,2,0,1,5,4,4,3,9,7,24,21,54,46,Estádio António Coimbra da Mota,"Rua Dom Bosco, Estoril",2,3,1.65,3.7,5.1,1.31,1.95,3.45,2.0,1.83,0.0,0.0,0.0,0.0,0.0,0.0,0.0,0.0,1,0,0,1,0,1,0,1544958900,164,0,65,0,784,1,1,3,3,2,3,6,5,1,1,1,2,2,3,1,103,71,120,86,1.67,1.24,2.9,0,0,0,0,0,0,1,1,0,0,2,0,0,0,-1,-1,-1,-1,-1,-1,-1,-1,-1,54,74,64,100,GD Estoril Praia,Farense,1.88,0.76,1.67,1.0,1.92,1.33,47,27,1.62,1.23,2.85,34,True,False,False,False,False,False,False,LigaPro_Portugal_2a_división,,10.29,77%,40%,2018-12-16 11:15:00
2018-2019,13,3,0,3,4,4,8,0,2,0,0,7,2,4,6,11,8,16,15,49,51,Estádio Dr. Jorge Sampaio,"Rua da Paradela, Pedroso, Vila Nova de Gaia",0,2,1.62,3.85,5.05,1.29,1.91,3.3,2.0,1.83,0.0,0.0,0.0,0.0,0.0,0.0,0.0,0.0,3,2,0,1,0,1,2,1545476400,1037,0,64,0,258,1,1,3,1,1,3,4,4,0,0,0,2,0,2,1,0,0,0,0,1.64,1.23,2.88,0,0,0,0,0,0,1,1,1,0,1,0,0,0,-1,-1,-1,-1,-1,-1,-1,-1,-1,82,82,45,100,Porto II,Sporting Covilhã,1.82,1.12,1.8,0.5,1.08,0.77,19,19,1.98,1.44,3.42,34,True,True,True,False,False,False,False,LigaPro_Portugal_2a_división,,,,,2018-12-22 11:00:00
2018-2019,13,0,1,1,4,11,15,5,4,0,0,3,3,11,4,14,7,8,26,41,59,Estádio Municipal de Aveiro,"Parque da Cidade, Taboeira, Aveiro",5,4,3.7,3.3,2.0,1.37,2.15,3.95,2.0,1.83,0.0,0.0,0.0,0.0,0.0,0.0,0.0,0.0,1,0,0,0,1,1,0,1545424200,164,0,61,0,-1,1,1,0,10,4,1,10,5,2,1,3,3,3,6,1,0,0,0,0,1.49,1.27,2.76,0,1,0,1,0,0,1,1,0,0,0,0,0,0,-1,-1,-1,-1,-1,-1,-1,-1,-1,47,84,32,92,UD Oliveirense,GD Estoril Praia,1.65,1.29,1.29,2.17,0.92,2.0,54,17,1.45,1.58,3.03,34,True,False,False,False,False,False,False,LigaPro_Portugal_2a_división,,,,,2018-12-21 20:30:00
2018-2019,13,2,3,5,6,5,11,5,3,0,1,5,6,10,3,15,9,22,20,56,44,Estádio Municipal 25 de Abril,"Rua Futebol Clube de Penafiel, Penafiel",5,5,1.83,3.4,4.3,1.39,2.2,4.15,2.1,1.71,0.0,0.0,0.0,0.0,0.0,0.0,0.0,0.0,5,1,2,1,1,2,3,1545563700,4866,0,59,0,586,1,1,3,3,3,2,6,5,2,1,3,3,3,6,1,0,0,0,0,1.83,1.41,3.25,0,0,0,0,0,0,1,1,0,1,2,0,0,0,-1,-1,-1,-1,-1,-1,-1,-1,-1,42,67,34,75,FC Penafiel,Farense,1.76,0.76,2.17,0.83,1.67,1.23,59,33,1.65,1.23,2.88,34,True,True,True,True,True,False,True,LigaPro_Portugal_2a_división,,,,,2018-12-23 11:15:00
2018-2019,13,0,4,4,6,6,12,4,3,0,0,4,6,7,8,11,14,20,13,53,47,Estádio Municipal do Fontelo,"Avenida José Relvas, Viseu",4,3,3.35,3.1,2.2,1.44,2.35,4.5,2.1,1.74,0.0,0.0,0.0,0.0,0.0,0.0,0.0,0.0,4,0,3,0,1,1,3,1545577200,173,0,39,0,792,1,1,3,2,3,4,5,7,0,1,4,2,1,6,1,0,0,0,0,1.55,1.76,3.31,0,1,0,1,0,0,1,1,0,1,0,1,0,0,-1,-1,-1,-1,-1,-1,-1,-1,-1,39,39,22,76,Academico Viseu,Paços de Ferreira,1.82,2.0,1.57,2.4,1.23,2.25,62,62,1.71,1.76,3.47,34,True,True,True,True,False,False,False,LigaPro_Portugal_2a_división,,,,,2018-12-23 15:00:00
2018-2019,13,0,0,0,2,8,10,3,3,0,0,2,8,8,6,10,14,13,23,48,52,Estádio Municipal 22 de Junho,"Alameda dos Bargos, Vila Nova de Famalicão",3,3,2.2,3.15,3.35,1.35,2.1,3.8,1.91,1.91,0.0,0.0,0.0,0.0,0.0,0.0,0.0,0.0,0,0,0,0,0,0,0,1545476400,-1,0,37,0,4050,1,1,1,5,1,3,6,4,0,1,3,2,1,5,1,0,0,0,0,1.32,2.02,3.34,0,0,0,0,0,0,1,1,0,0,0,0,0,0,-1,-1,-1,-1,-1,-1,-1,-1,-1,29,57,10,75,Famalicão,Benfica II,2.29,1.18,3.0,1.33,2.23,2.17,72,44,1.49,1.47,2.96,34,False,False,False,False,False,False,False,LigaPro_Portugal_2a_división,,,,,2018-12-22 11:00:00
2018-2019,13,2,3,5,10,3,13,1,5,0,0,6,5,10,3,16,8,15,22,58,42,Estádio Municipal de Mafra,"Av. Dr. Francisco Sá Carneiro, Mafra",1,5,2.4,2.95,3.15,1.43,2.35,4.45,2.05,1.77,0.0,0.0,0.0,0.0,0.0,0.0,0.0,0.0,5,1,2,1,1,2,3,1545577200,179,0,40,0,836,1,1,2,0,8,3,2,11,0,1,1,4,1,5,1,0,0,0,0,2.22,1.28,3.5,0,0,0,0,0,0,1,1,0,1,0,0,0,0,-1,-1,-1,-1,-1,-1,-1,-1,-1,23,62,23,62,CD Mafra,Associação Académica de Coimbra OAF,1.53,1.24,2.33,1.57,1.62,1.15,77,38,1.57,1.32,2.89,34,True,True,True,True,True,False,True,LigaPro_Portugal_2a_división,,,,,2018-12-23 15:00:00
2018-2019,13,0,1,1,8,4,12,4,1,0,0,6,5,11,2,17,7,15,16,52,48,Estádio 1º de Maio,", Braga",4,1,1.95,3.05,4.15,1.43,2.3,4.35,2.1,1.74,0.0,0.0,0.0,0.0,0.0,0.0,0.0,0.0,1,0,0,0,1,1,0,1545490800,1034,0,19,0,375,1,1,7,1,1,3,8,4,0,0,4,1,0,5,1,0,0,0,0,2.24,1.1,3.35,0,0,0,0,0,0,1,1,0,0,0,0,0,0,-1,-1,-1,-1,-1,-1,-1,-1,-1,37,54,27,75,Sporting Braga II,Varzim,1.29,0.94,1.5,1.4,1.08,1.15,64,47,1.78,1.25,3.03,34,True,False,False,False,False,False,False,LigaPro_Portugal_2a_división,,,,,2018-12-22 15:00:00
2018-2019,13,2,2,4,4,0,4,1,4,0,0,9,5,5,2,14,7,18,28,58,42,Estádio Municipal de Arouca,"Afonso Pinto Magalhães Valdasna, Arouca",1,4,2.0,3.2,3.75,1.42,2.3,4.35,2.05,1.77,0.0,1.72,0.0,2.0,0.0,0.0,0.0,0.0,4,1,1,1,1,2,2,1545490800,-1,0,60,0,795,1,1,1,0,3,0,1,3,0,0,1,4,0,5,1,94,35,117,92,2.19,1.06,3.25,0,0,0,0,0,0,1,1,0,0,0,0,0,0,-1,-1,-1,-1,-1,-1,-1,-1,-1,60,90,20,80,FC Arouca,Vitória Guimarães II,1.53,0.82,0.8,1.4,0.92,1.08,40,10,1.39,1.68,3.07,34,True,True,True,True,False,False,True,LigaPro_Portugal_2a_división,,3.36,77%,20%,2018-12-22 15:00:00
2018-2019,13,1,2,3,6,7,13,2,4,0,0,5,6,9,8,14,14,14,19,54,46,Estádio do Mar,"Lugar da Cruz de Pau, Matosinhos",2,4,1.69,3.5,5.05,1.44,2.35,4.5,2.35,1.61,0.0,0.0,0.0,0.0,0.0,0.0,0.0,0.0,3,0,0,1,2,3,0,1545577200,1036,0,47,0,737,1,1,2,2,4,5,4,9,2,1,0,3,3,3,1,0,0,0,0,1.84,1.76,3.6,0,0,0,0,0,0,1,1,0,0,1,0,0,0,-1,-1,-1,-1,-1,-1,-1,-1,-1,29,47,19,55,Leixões,Cova Piedade,1.82,1.06,1.6,1.0,1.25,1.17,72,54,1.53,1.44,2.97,34,True,True,True,False,False,False,True,LigaPro_Portugal_2a_división,,,,,2018-12-23 15:00:00
2018-2019,14,1,0,1,4,9,13,1,3,0,0,3,0,5,6,8,6,20,22,46,54,Estádio Municipal José dos Santos Pinto,"Rua Viriato, Covilhã",1,3,2.75,2.8,2.8,1.53,2.65,5.25,2.25,1.67,0.0,0.0,0.0,0.0,0.0,0.0,0.0,0.0,1,1,0,0,0,0,1,1546441200,1026,0,38,0,329,1,1,2,3,2,6,5,8,0,0,1,3,0,4,1,54,91,112,132,1.12,1.05,2.17,0,0,0,0,0,0,1,1,0,0,0,2,0,0,-1,-1,-1,-1,-1,-1,-1,-1,-1,31,63,15,47,Sporting Covilhã,Sporting Braga II,1.76,0.88,1.0,0.67,0.71,1.0,69,37,1.49,1.53,3.02,34,True,False,False,False,False,False,False,LigaPro_Portugal_2a_división,,6.06,57%,0%,2019-01-02 15:00:00
2018-2019,14,0,1,1,13,4,17,0,3,0,0,2,8,4,3,6,11,18,16,61,39,Estádio Dom Afonso Henriques,"Rua de São Gonçalo 505, Guimarães",0,3,3.35,3.05,2.2,1.47,2.4,4.7,2.15,1.71,0.0,0.0,0.0,0.0,0.0,0.0,0.0,0.0,1,0,1,0,0,0,1,1546441200,1033,0,40,0,2117,1,1,6,1,7,3,7,10,0,1,0,2,1,2,1,94,57,147,80,1.21,1.67,2.88,0,0,0,0,0,0,1,1,0,0,0,1,0,0,-1,-1,-1,-1,-1,-1,-1,-1,-1,19,60,27,61,Vitória Guimarães II,Famalicão,1.0,1.76,0.86,1.75,1.08,2.14,82,41,1.79,1.33,3.12,34,True,False,False,False,False,False,False,LigaPro_Portugal_2a_división,,12.75,66%,75%,2019-01-02 15:00:00
2018-2019,14,0,3,3,8,3,11,1,2,0,0,6,6,5,2,11,8,13,21,59,41,Estádio Municipal José Martins Vieira,"Estrada do Brejo, Cova da Piedade, Almada",1,2,2.35,3.0,3.2,1.49,2.5,4.85,2.15,1.69,0.0,0.0,0.0,0.0,0.0,0.0,0.0,0.0,3,0,2,0,1,1,2,1546081200,4825,0,38,0,780,1,1,3,2,5,1,5,6,0,0,1,2,0,3,1,93,53,110,93,1.79,1.31,3.1,0,0,0,0,0,0,1,1,0,1,0,1,0,0,-1,-1,-1,-1,-1,-1,-1,-1,-1,47,47,30,69,Cova Piedade,CD Mafra,1.41,0.88,1.33,1.0,1.31,1.5,54,54,1.31,1.68,2.99,34,True,True,True,False,False,False,False,LigaPro_Portugal_2a_división,,10.29,81%,0%,2018-12-29 11:00:00
2018-2019,14,2,1,3,5,3,8,4,1,0,0,4,4,4,3,8,7,19,16,45,55,Estádio Varzim Sport Club,"Rua do Varzim Sport Club, Póvoa de Varzim",4,1,2.1,3.2,3.45,1.33,2.0,3.65,1.91,1.91,0.0,1.83,0.0,1.83,0.0,0.0,0.0,0.0,3,2,1,0,0,0,3,1540116900,1034,0,42,0,952,1,1,1,1,4,2,2,6,0,1,4,0,1,4,1,49,70,106,141,1.15,1.25,2.4,0,0,0,0,0,0,1,1,0,0,0,0,0,0,-1,-1,-1,-1,-1,-1,-1,-1,-1,42,75,17,75,Varzim,Porto II,1.47,0.76,0.75,0.33,1.0,0.67,59,25,1.49,1.49,2.98,34,True,True,True,False,False,False,True,LigaPro_Portugal_2a_división,,5.82,64%,0%,2018-10-21 10:15:00
2018-2019,14,1,0,1,5,7,12,2,4,0,0,5,2,9,6,14,8,18,22,55,45,Estádio da Capital do Móvel,"Rua do Estádio, Apartado 26, Paços de Ferreira",2,4,1.57,3.55,6.35,1.48,2.45,4.8,2.55,1.51,0.0,0.0,0.0,0.0,0.0,0.0,0.0,0.0,1,1,0,0,0,0,1,1546448400,173,0,29,0,1811,1,1,1,5,4,2,6,6,0,0,2,4,0,6,1,86,78,138,110,1.86,1.22,3.08,0,0,0,0,0,0,1,1,0,0,0,1,0,0,-1,-1,-1,-1,-1,-1,-1,-1,-1,36,64,29,79,Paços de Ferreira,FC Arouca,2.35,0.82,2.14,1.0,2.31,0.92,64,36,2.21,1.65,3.86,34,True,False,False,False,False,False,False,LigaPro_Portugal_2a_división,,1.12,71%,0%,2019-01-02 17:00:00
2018-2019,14,5,0,5,10,3,13,2,1,0,1,8,4,5,5,13,9,21,15,53,47,Estádio de São Lúis,"Rua do Sporting Club Farense, Faro",2,3,2.05,3.1,3.75,1.49,2.5,4.85,2.2,1.67,0.0,0.0,0.0,0.0,0.0,0.0,0.0,0.0,5,0,0,5,0,5,0,1546182000,4866,0,41,0,1559,1,1,5,2,5,1,7,6,1,1,1,1,2,2,1,67,61,97,106,1.86,1.3,3.16,0,0,0,0,0,0,1,1,0,0,1,0,0,0,-1,-1,-1,-1,-1,-1,-1,-1,-1,24,56,24,56,Farense,UD Oliveirense,1.76,0.88,1.57,0.5,1.36,0.86,77,44,1.55,1.26,2.81,34,True,True,True,True,True,False,False,LigaPro_Portugal_2a_división,,16.11,48%,0%,2018-12-30 15:00:00
2018-2019,14,4,0,4,5,7,12,0,0,0,0,10,3,4,11,14,14,8,6,60,40,Caixa Futebol Campus,", Seixal",0,0,1.67,3.65,4.95,1.36,2.1,3.85,2.1,1.74,0.0,0.0,0.0,0.0,0.0,0.0,0.0,0.0,4,1,0,3,0,3,1,1547650800,1031,0,29,0,378,1,-1,2,5,3,2,7,5,0,0,0,0,0,0,1,71,70,150,123,2.11,1.6,3.71,0,0,0,0,0,0,1,1,0,0,0,0,-1,-1,-1,-1,-1,-1,-1,-1,-1,-1,-1,36,57,15,65,Benfica II,Academico Viseu,1.88,0.71,2.57,0.71,1.75,1.19,65,43,1.65,1.67,3.32,34,True,True,True,True,False,False,False,LigaPro_Portugal_2a_división,,2.24,100%,40%,2019-01-16 15:00:00
2018-2019,14,2,1,3,4,11,15,3,1,1,0,9,5,7,11,16,16,14,11,51,49,Estádio EFAPEL,"Rua Dom Manuel I, Coimbra",4,1,2.45,2.9,3.1,1.48,2.45,4.8,2.15,1.71,0.0,0.0,0.0,0.0,0.0,0.0,0.0,0.0,3,1,1,1,0,1,2,1546168500,179,0,31,0,795,1,1,2,3,2,8,5,10,0,1,4,0,1,4,1,64,81,107,108,2.1,1.94,4.04,0,0,0,0,0,0,1,1,1,0,2,1,0,0,-1,-1,-1,-1,-1,-1,-1,-1,-1,23,54,16,47,Associação Académica de Coimbra OAF,Leixões,1.76,0.82,0.67,1.0,1.29,1.15,77,47,1.93,1.33,3.26,34,True,True,True,False,False,False,True,LigaPro_Portugal_2a_división,,8.05,76%,0%,2018-12-30 11:15:00
2018-2019,14,0,1,1,7,1,8,5,5,0,1,0,5,8,0,8,5,23,17,70,30,Estádio António Coimbra da Mota,"Rua Dom Bosco, Estoril",5,7,1.67,3.5,5.25,1.34,2.05,3.75,2.1,1.74,0.0,1.72,0.0,2.0,0.0,0.0,0.0,0.0,1,0,1,0,0,0,1,1546441200,182,0,30,0,876,1,1,2,0,5,1,2,6,0,1,5,5,1,10,1,110,41,121,77,1.3,0.97,2.27,0,0,0,0,0,0,1,1,0,0,1,0,0,0,-1,-1,-1,-1,-1,-1,-1,-1,-1,45,62,45,68,GD Estoril Praia,FC Penafiel,1.88,0.88,1.86,1.17,2.07,1.54,55,38,1.62,1.35,2.97,34,True,False,False,False,False,False,False,LigaPro_Portugal_2a_división,,12.75,72%,20%,2019-01-02 15:00:00
2018-2019,15,2,1,3,10,5,15,4,6,0,0,3,4,9,6,12,10,17,18,55,45,Estádio Municipal de Aveiro,"Parque da Cidade, Taboeira, Aveiro",4,6,2.85,3.0,2.55,1.39,2.2,4.15,2.0,1.83,0.0,0.0,0.0,0.0,0.0,0.0,0.0,0.0,3,1,1,1,0,1,2,1546794000,1038,0,39,0,314,1,1,5,1,5,4,6,9,0,4,4,2,4,6,1,73,60,115,118,1.5,1.36,2.85,0,0,0,0,0,0,1,1,0,0,0,0,0,0,-1,-1,-1,-1,-1,-1,-1,-1,-1,34,73,21,73,UD Oliveirense,FC Penafiel,1.65,0.88,1.13,1.43,0.8,1.64,67,28,1.46,1.3,2.76,34,True,True,True,False,False,False,True,LigaPro_Portugal_2a_división,,4.7,25%,0%,2019-01-06 17:00:00
2018-2019,15,2,2,4,4,4,8,1,2,0,0,7,4,5,8,12,12,19,17,45,55,Estádio Dr. Jorge Sampaio,"Rua da Paradela, Pedroso, Vila Nova de Gaia",1,2,2.45,3.35,2.7,1.29,1.95,3.35,1.8,2.05,0.0,0.0,0.0,0.0,0.0,0.0,0.0,0.0,4,1,1,1,1,2,2,1546700400,-1,0,40,0,1314,1,1,4,2,0,2,6,2,0,0,1,2,0,3,1,62,63,92,82,1.7,1.49,3.19,0,0,0,0,0,0,1,1,0,1,2,1,0,0,-1,-1,-1,-1,-1,-1,-1,-1,-1,49,56,25,72,Porto II,Benfica II,1.82,1.18,2.0,1.29,1.21,2.08,52,44,1.93,1.55,3.48,34,True,True,True,True,False,False,True,LigaPro_Portugal_2a_división,,1.12,83%,0%,2019-01-05 15:00:00
2018-2019,15,1,0,1,8,0,8,1,3,0,0,9,0,8,2,17,2,22,21,65,35,Estádio do Mar,"Lugar da Cruz de Pau, Matosinhos",1,3,1.62,3.45,5.8,1.43,2.3,4.35,2.3,1.61,0.0,0.0,0.0,0.0,0.0,0.0,0.0,0.0,1,0,0,1,0,1,0,1546786800,1030,0,62,0,823,1,1,2,0,6,0,2,6,0,2,1,1,2,2,1,112,42,123,88,2.5,0.44,2.95,0,0,0,0,0,0,1,1,0,0,0,0,0,0,-1,-1,-1,-1,-1,-1,-1,-1,-1,68,77,37,75,Leixões,Sporting Covilhã,1.82,1.12,1.33,0.43,1.07,0.87,32,24,1.58,1.41,2.99,34,True,False,False,False,False,False,False,LigaPro_Portugal_2a_división,,6.93,27%,0%,2019-01-06 15:00:00
2018-2019,15,1,2,3,9,3,12,3,3,0,0,3,4,8,6,11,10,21,13,52,48,Estádio Municipal do Fontelo,"Avenida José Relvas, Viseu",3,3,3.0,3.15,2.3,1.34,2.05,3.75,1.91,1.91,0.0,1.72,0.0,2.0,0.0,0.0,0.0,0.0,3,1,1,0,1,1,2,1542553200,164,0,55,0,560,1,1,3,0,6,3,3,9,2,0,1,3,2,4,1,98,44,130,91,1.62,1.24,2.85,0,0,0,0,0,0,1,1,0,0,0,0,0,0,-1,-1,-1,-1,-1,-1,-1,-1,-1,55,68,45,78,Academico Viseu,GD Estoril Praia,1.82,1.29,2.0,2.5,1.56,1.89,45,33,1.58,1.47,3.05,34,True,True,True,False,False,False,True,LigaPro_Portugal_2a_división,,2.24,87%,40%,2018-11-18 15:00:00
2018-2019,15,1,1,2,1,3,4,3,6,1,0,3,5,3,8,6,13,20,16,44,56,Estádio Municipal de Mafra,"Av. Dr. Francisco Sá Carneiro, Mafra",4,6,4.95,3.25,1.77,1.44,2.35,4.5,2.25,1.65,0.0,0.0,0.0,0.0,0.0,0.0,0.0,0.0,2,0,1,1,0,1,1,1546786800,-1,0,37,0,743,1,1,1,1,0,2,2,2,1,3,3,3,4,6,1,42,62,104,121,0.91,1.63,2.53,0,1,0,1,0,0,1,1,0,0,0,0,0,0,-1,-1,-1,-1,-1,-1,-1,-1,-1,31,52,23,77,CD Mafra,Paços de Ferreira,1.53,2.0,2.0,2.5,1.6,2.36,69,48,1.67,1.76,3.43,34,True,True,False,False,False,False,True,LigaPro_Portugal_2a_división,,5.82,58%,0%,2019-01-06 15:00:00
2018-2019,15,0,0,0,11,5,16,1,5,0,0,9,0,12,8,21,8,18,15,57,43,Estádio Municipal 22 de Junho,"Alameda dos Bargos, Vila Nova de Famalicão",1,5,1.8,3.15,4.9,1.5,2.5,4.95,2.3,1.62,0.0,0.0,0.0,0.0,0.0,0.0,0.0,0.0,0,0,0,0,0,0,0,1546773300,-1,0,25,0,4105,1,1,6,1,5,4,7,9,1,1,0,4,2,4,1,101,57,105,91,2.67,0.92,3.59,0,0,0,0,0,0,1,1,0,0,0,0,0,0,-1,-1,-1,-1,-1,-1,-1,-1,-1,33,50,17,83,Famalicão,Varzim,2.29,0.94,2.67,1.67,2.2,1.29,67,50,1.46,1.22,2.68,34,False,False,False,False,False,False,False,LigaPro_Portugal_2a_división,,6.93,61%,0%,2019-01-06 11:15:00
2018-2019,15,3,0,3,11,6,17,2,4,0,1,8,4,11,8,19,12,15,13,52,48,Estádio EFAPEL,"Rua Dom Manuel I, Coimbra",2,5,2.0,3.05,3.95,1.36,2.1,3.85,1.95,1.87,0.0,0.0,0.0,0.0,0.0,0.0,0.0,0.0,3,1,0,2,0,2,1,1546633800,179,0,43,0,2788,1,1,5,2,6,4,7,10,0,1,2,4,1,6,1,85,69,105,113,2.36,1.54,3.91,0,0,0,0,0,0,1,1,0,0,0,0,0,0,-1,-1,-1,-1,-1,-1,-1,-1,-1,29,50,22,50,Associação Académica de Coimbra OAF,Cova Piedade,1.76,1.06,1.0,1.29,1.4,1.21,71,50,1.95,1.48,3.43,34,True,True,True,False,False,False,False,LigaPro_Portugal_2a_división,,2.24,76%,0%,2019-01-04 20:30:00
2018-2019,15,2,3,5,10,2,12,5,5,0,0,7,6,8,4,15,10,15,15,60,40,Estádio 1º de Maio,", Braga",5,5,1.95,3.2,4.05,1.4,2.2,4.15,2.05,1.77,0.0,0.0,0.0,0.0,0.0,0.0,0.0,0.0,5,1,2,1,1,2,3,1546773300,1027,0,49,0,295,1,1,2,1,8,1,3,9,0,1,5,4,1,9,1,95,40,122,102,2.12,1.35,3.47,0,0,0,0,0,0,1,1,0,0,0,1,0,0,-1,-1,-1,-1,-1,-1,-1,-1,-1,56,79,31,63,Sporting Braga II,Vitória Guimarães II,1.29,0.82,1.29,1.33,0.93,1.0,44,22,1.84,1.58,3.42,34,True,True,True,True,True,False,True,LigaPro_Portugal_2a_división,,6.93,61%,0%,2019-01-06 11:15:00
2018-2019,15,3,3,6,10,3,13,1,5,0,0,10,5,13,1,23,6,16,22,62,38,Estádio Municipal de Arouca,"Afonso Pinto Magalhães Valdasna, Arouca",1,5,1.83,3.3,4.35,1.47,2.4,4.7,2.25,1.65,0.0,1.66,0.0,2.1,0.0,0.0,0.0,0.0,6,0,1,3,2,5,1,1546786800,-1,0,61,0,856,1,1,7,3,3,0,10,3,0,0,1,5,0,6,1,103,34,85,59,2.87,0.98,3.85,0,1,0,1,0,0,1,1,0,0,1,1,0,0,-1,-1,-1,-1,-1,-1,-1,-1,-1,47,77,45,85,FC Arouca,Farense,1.53,0.76,0.83,1.14,0.86,1.47,54,23,1.52,1.26,2.78,34,True,True,True,True,True,True,True,LigaPro_Portugal_2a_división,,6.93,27%,0%,2019-01-06 15:00:00
2018-2019,16,1,1,2,3,3,6,4,6,2,0,3,5,9,3,12,8,17,17,54,46,Estádio António Coimbra da Mota,"Rua Dom Bosco, Estoril",7,6,1.83,3.25,4.45,1.39,2.2,4.15,2.1,1.74,0.0,1.74,0.0,2.0,0.0,0.0,0.0,0.0,2,0,1,1,0,1,1,1547053200,-1,0,38,0,527,1,1,2,1,1,2,3,3,1,1,5,5,2,10,1,75,67,93,93,1.51,1.34,2.85,0,0,0,0,0,0,1,1,0,0,1,1,0,1,-1,-1,-1,-1,-1,-1,-1,-1,-1,44,57,38,88,GD Estoril Praia,FC Arouca,1.88,0.82,1.63,0.88,1.93,0.87,57,44,1.58,1.6,3.18,34,True,True,False,False,False,False,True,LigaPro_Portugal_2a_división,,1.12,55%,0%,2019-01-09 17:00:00
2018-2019,16,1,2,3,8,2,10,2,3,0,0,4,3,8,3,12,6,9,21,50,50,Estádio Municipal de Aveiro,"Parque da Cidade, Taboeira, Aveiro",2,3,3.1,2.95,2.4,1.39,2.2,4.1,2.0,1.83,0.0,0.0,0.0,0.0,0.0,0.0,0.0,0.0,3,0,1,1,1,2,1,1542560400,1033,0,60,0,-1,1,1,6,0,2,2,6,4,1,0,1,3,1,4,1,0,0,0,0,1.69,0.91,2.6,0,1,0,1,0,0,1,1,0,0,1,0,0,0,-1,-1,-1,-1,-1,-1,-1,-1,-1,30,90,30,80,UD Oliveirense,Famalicão,1.65,1.76,1.8,1.4,1.22,2.11,70,10,1.46,1.43,2.89,34,True,True,True,False,False,False,True,LigaPro_Portugal_2a_división,,3.36,93%,75%,2018-11-18 17:00:00
2018-2019,16,1,0,1,4,6,10,3,2,0,0,6,2,7,2,13,4,17,13,50,50,Estádio da Capital do Móvel,"Rua do Estádio, Apartado 26, Paços de Ferreira",3,2,1.61,3.45,6.05,1.48,2.45,4.8,2.45,1.54,0.0,0.0,0.0,0.0,0.0,0.0,0.0,0.0,1,0,0,1,0,1,0,1547046000,173,0,26,0,1560,1,1,3,6,1,0,9,1,1,1,2,1,2,3,1,98,78,135,110,1.95,0.97,2.92,0,0,0,0,0,0,1,1,0,0,1,2,0,0,-1,-1,-1,-1,-1,-1,-1,-1,-1,32,57,25,63,Paços de Ferreira,Leixões,2.35,0.82,2.25,0.88,2.27,1.2,69,44,2.17,1.41,3.58,34,True,False,False,False,False,False,False,LigaPro_Portugal_2a_división,,4.7,42%,0%,2019-01-09 15:00:00
2018-2019,16,2,1,3,3,5,8,3,4,0,2,3,5,3,5,6,10,7,15,57,43,Estádio Varzim Sport Club,"Rua do Varzim Sport Club, Póvoa de Varzim",3,7,2.2,3.0,3.5,1.47,2.4,4.7,2.15,1.71,0.0,0.0,0.0,0.0,0.0,0.0,0.0,0.0,3,1,0,1,1,2,1,1547053200,1034,0,51,0,640,1,1,0,3,3,2,3,5,1,1,2,5,2,7,1,47,67,112,113,0.94,1.47,2.42,1,0,1,0,0,0,1,1,0,0,0,0,0,0,-1,-1,-1,-1,-1,-1,-1,-1,-1,44,57,19,57,Varzim,Cova Piedade,1.47,1.06,1.0,1.13,1.27,1.13,57,44,1.47,1.49,2.96,34,True,True,True,False,False,False,True,LigaPro_Portugal_2a_división,,6.93,58%,0%,2019-01-09 17:00:00
2018-2019,16,0,1,1,8,3,11,2,2,0,0,5,5,5,3,10,8,18,12,49,51,Estádio Municipal José dos Santos Pinto,"Rua Viriato, Covilhã",2,2,3.15,3.0,2.35,1.48,2.45,4.8,2.15,1.69,0.0,0.0,0.0,0.0,0.0,0.0,0.0,0.0,1,0,0,0,1,1,0,1542551400,179,0,33,0,315,1,1,3,1,5,2,4,7,2,0,0,2,2,2,1,0,0,0,0,1.53,1.28,2.81,0,0,0,0,0,0,1,1,0,0,0,0,0,0,-1,-1,-1,-1,-1,-1,-1,-1,-1,23,43,10,43,Sporting Covilhã,Associação Académica de Coimbra OAF,1.76,1.24,1.25,1.6,0.89,1.0,78,58,1.32,1.37,2.69,34,True,False,False,False,False,False,False,LigaPro_Portugal_2a_división,,,,,2018-11-18 14:30:00
2018-2019,16,2,1,3,2,3,5,0,0,0,0,3,8,3,3,6,11,9,6,39,61,Estádio Dr. Machado de Matos,", ",0,0,3.25,3.2,2.2,1.36,2.1,3.9,1.95,1.87,0.0,0.0,0.0,0.0,0.0,0.0,0.0,0.0,3,1,0,1,1,2,1,1547053200,1027,0,32,0,1044,1,-1,1,1,1,2,2,3,0,0,0,0,0,0,1,44,97,85,123,0.92,1.96,2.87,0,0,0,0,0,0,1,1,0,0,1,0,-1,-1,-1,-1,-1,-1,-1,-1,-1,-1,-1,13,44,19,63,Vitória Guimarães II,Benfica II,1.0,1.18,0.75,1.25,1.13,2.0,88,57,1.72,1.54,3.26,34,True,True,True,False,False,False,True,LigaPro_Portugal_2a_división,,9.17,78%,75%,2019-01-09 17:00:00
2018-2019,16,1,0,1,7,5,12,5,3,0,0,5,9,4,8,9,17,17,10,41,59,Estádio de São Lúis,"Rua do Sporting Club Farense, Faro",5,3,2.05,3.05,3.85,1.53,2.65,5.3,2.35,1.61,0.0,0.0,0.0,0.0,0.0,0.0,0.0,0.0,1,0,0,1,0,1,0,1542553200,4866,0,30,0,1276,1,1,7,0,0,5,7,5,3,3,2,0,6,2,1,36,54,64,77,1.18,2.09,3.26,0,0,0,0,0,0,1,1,0,0,1,0,0,1,-1,-1,-1,-1,-1,-1,-1,-1,-1,30,40,30,60,Farense,CD Mafra,1.76,0.88,1.6,1.4,1.33,1.67,70,60,1.58,1.65,3.23,34,True,False,False,False,False,False,False,LigaPro_Portugal_2a_división,,2.24,77%,20%,2018-11-18 15:00:00
2018-2019,16,0,1,1,9,3,12,4,2,0,0,5,3,15,6,20,9,17,20,52,48,Estádio 1º de Maio,", Braga",4,2,2.55,3.2,2.7,1.27,1.87,3.2,1.74,2.1,0.0,0.0,0.0,0.0,0.0,0.0,0.0,0.0,1,0,1,0,0,0,1,1547046000,1037,0,38,0,439,1,1,2,2,7,1,4,8,1,0,3,2,1,5,1,91,57,86,91,2.25,1.19,3.45,0,0,0,0,0,0,1,1,0,0,0,0,0,0,-1,-1,-1,-1,-1,-1,-1,-1,-1,44,69,38,69,Sporting Braga II,Porto II,1.29,0.76,1.13,0.63,0.87,1.2,57,32,1.88,1.49,3.37,34,True,False,False,False,False,False,False,LigaPro_Portugal_2a_división,,4.7,42%,0%,2019-01-09 15:00:00
2018-2019,16,2,0,2,7,3,10,0,1,0,0,6,5,12,5,18,10,16,26,48,52,Estádio Municipal 25 de Abril,"Rua Futebol Clube de Penafiel, Penafiel",0,1,1.95,3.3,3.8,1.34,2.05,3.75,1.95,1.87,0.0,0.0,0.0,0.0,0.0,0.0,0.0,0.0,2,0,0,2,0,2,0,1547046000,182,0,37,0,311,1,1,4,2,3,1,6,4,0,0,0,1,0,1,1,71,67,96,110,2.06,1.47,3.53,0,0,0,0,0,0,1,1,0,0,1,0,0,0,-1,-1,-1,-1,-1,-1,-1,-1,-1,37,61,15,61,FC Penafiel,Academico Viseu,1.76,0.71,1.86,0.83,1.53,1.14,63,40,1.68,1.7,3.38,34,True,True,False,False,False,False,False,LigaPro_Portugal_2a_división,,4.7,42%,0%,2019-01-09 15:00:00
2018-2019,17,1,2,3,7,4,11,3,3,0,0,3,6,8,4,11,10,19,15,57,43,Estádio Municipal de Mafra,"Av. Dr. Francisco Sá Carneiro, Mafra",3,3,1.71,3.5,4.8,1.47,2.4,4.7,2.35,1.59,0.0,0.0,0.0,0.0,0.0,0.0,0.0,0.0,3,0,0,1,2,3,0,1547391600,1026,0,57,0,862,1,1,1,2,6,2,3,8,1,1,2,2,2,4,1,66,58,140,109,1.4,1.48,2.87,0,1,0,1,0,0,1,1,0,0,0,0,0,0,-1,-1,-1,-1,-1,-1,-1,-1,-1,50,75,38,82,CD Mafra,Sporting Covilhã,1.53,1.12,1.88,0.38,1.56,0.81,50,25,1.57,1.29,2.86,34,True,True,True,False,False,False,True,LigaPro_Portugal_2a_división,,9.17,44%,0%,2019-01-13 15:00:00
2018-2019,17,2,0,2,9,3,12,2,5,1,0,9,3,3,8,12,11,19,20,49,51,Estádio Municipal 22 de Junho,"Alameda dos Bargos, Vila Nova de Famalicão",4,5,2.2,3.1,3.35,1.43,2.3,4.35,2.05,1.77,1.25,1.45,3.6,2.55,0.0,0.0,0.0,0.0,2,0,0,2,0,2,0,1547496900,1033,0,36,0,4485,1,1,4,1,5,2,5,7,2,2,1,3,4,4,1,61,55,112,110,1.83,1.31,3.14,0,0,0,0,0,0,1,1,0,0,1,0,1,0,-1,-1,-1,-1,-1,-1,-1,-1,-1,36,57,29,71,Famalicão,GD Estoril Praia,2.29,1.29,2.43,2.29,2.13,1.88,64,43,1.63,1.54,3.17,34,True,True,False,False,False,False,False,LigaPro_Portugal_2a_división,,1.81,93%,44%,2019-01-14 20:15:00
2018-2019,17,2,1,3,6,1,7,3,3,1,0,6,5,9,6,15,11,20,18,46,54,Estádio Municipal do Fontelo,"Avenida José Relvas, Viseu",4,3,2.05,3.2,3.6,1.4,2.25,4.25,2.05,1.77,0.0,0.0,0.0,0.0,0.0,0.0,0.0,0.0,3,1,1,1,0,1,2,1547391600,1032,0,63,0,551,1,1,4,0,2,1,4,3,2,1,2,2,3,4,1,0,0,0,0,1.89,1.48,3.37,0,0,0,0,0,0,1,1,0,0,0,0,0,0,-1,-1,-1,-1,-1,-1,-1,-1,-1,57,69,50,82,Academico Viseu,Farense,1.82,0.76,1.38,1.13,1.07,1.44,44,32,1.69,1.22,2.91,34,True,True,True,False,False,False,True,LigaPro_Portugal_2a_división,,,,,2019-01-13 15:00:00
2018-2019,17,1,0,1,3,3,6,3,2,0,0,8,2,7,11,15,13,16,12,60,40,Estádio Dr. Jorge Sampaio,"Rua da Paradela, Pedroso, Vila Nova de Gaia",3,2,1.83,3.6,4.0,1.26,1.83,3.15,1.83,2.0,0.0,0.0,0.0,0.0,0.0,0.0,0.0,0.0,1,0,0,1,0,1,0,1547391600,1037,0,72,0,454,1,1,1,1,2,2,2,4,2,1,1,1,3,2,1,86,52,146,113,2.14,1.34,3.48,0,0,0,0,0,0,1,1,0,0,0,0,0,0,-1,-1,-1,-1,-1,-1,-1,-1,-1,86,93,50,93,Porto II,Vitória Guimarães II,1.82,0.82,1.86,1.57,1.31,1.25,14,7,1.89,1.55,3.44,34,True,False,False,False,False,False,False,LigaPro_Portugal_2a_división,,3.36,83%,20%,2019-01-13 15:00:00
2018-2019,17,0,3,3,3,9,12,1,0,0,0,0,8,7,4,7,12,16,18,41,59,Estádio Municipal José Martins Vieira,"Estrada do Brejo, Cova da Piedade, Almada",1,0,5.2,3.35,1.71,1.44,2.35,4.55,2.3,1.62,0.0,0.0,0.0,0.0,0.0,0.0,0.0,0.0,3,0,1,0,2,2,1,1547378100,173,0,29,0,704,1,1,1,5,2,4,6,6,0,0,1,0,0,1,1,49,86,87,119,0.8,1.94,2.74,0,0,0,0,0,0,1,1,0,0,0,4,0,0,-1,-1,-1,-1,-1,-1,-1,-1,-1,43,50,22,79,Cova Piedade,Paços de Ferreira,1.41,2.0,1.14,2.29,1.06,2.31,57,50,1.38,1.74,3.12,34,True,True,True,False,False,False,False,LigaPro_Portugal_2a_división,,,,,2019-01-13 11:15:00
2018-2019,17,2,1,3,5,1,6,1,3,0,0,7,3,10,7,17,10,17,21,53,47,Estádio do Mar,"Lugar da Cruz de Pau, Matosinhos",1,3,2.2,2.9,3.55,1.47,2.4,4.7,2.0,1.71,0.0,1.69,0.0,2.05,0.0,0.0,0.0,0.0,3,0,0,2,1,3,0,1547305200,1030,0,41,0,661,1,1,5,0,0,1,5,1,0,2,1,1,2,2,1,84,70,83,91,2.16,1.35,3.5,1,0,1,0,0,0,1,1,0,0,1,0,0,0,-1,-1,-1,-1,-1,-1,-1,-1,-1,41,60,26,53,Leixões,FC Penafiel,1.82,0.88,1.57,1.25,1.13,1.63,60,41,1.71,1.31,3.02,34,True,True,True,False,False,False,True,LigaPro_Portugal_2a_división,,8.05,47%,0%,2019-01-12 15:00:00
2018-2019,17,2,0,2,5,2,7,3,1,0,0,7,2,5,5,12,7,14,14,45,55,Estádio EFAPEL,"Rua Dom Manuel I, Coimbra",3,1,1.83,3.2,4.6,1.38,2.2,4.1,2.1,1.74,0.0,1.72,0.0,2.0,0.0,0.0,0.0,0.0,2,1,0,1,0,1,1,1547398800,179,0,26,0,3246,1,1,3,2,2,0,5,2,1,0,2,1,1,3,1,74,59,119,113,1.79,1.02,2.81,0,0,0,0,0,0,1,1,0,0,0,0,0,0,-1,-1,-1,-1,-1,-1,-1,-1,-1,34,46,20,67,Associação Académica de Coimbra OAF,Varzim,1.76,0.94,1.25,1.57,1.5,1.38,67,55,2.0,1.18,3.18,34,True,True,False,False,False,False,False,LigaPro_Portugal_2a_división,,8.05,51%,0%,2019-01-13 17:00:00
2018-2019,17,2,3,5,7,4,11,0,3,0,1,6,4,2,5,8,9,15,20,60,40,Caixa Futebol Campus,", Seixal",0,4,1.62,3.65,5.45,1.32,2.0,3.6,2.05,1.77,0.0,0.0,0.0,0.0,0.0,0.0,0.0,0.0,5,1,1,1,2,3,2,1547378100,1035,0,31,0,522,1,1,4,2,3,2,6,5,0,0,0,4,0,4,1,71,46,131,98,1.45,1.19,2.64,0,0,0,0,0,0,1,1,1,1,0,0,0,0,-1,-1,-1,-1,-1,-1,-1,-1,-1,40,61,9,70,Benfica II,Sporting Braga II,1.88,0.88,3.0,0.57,1.87,0.81,61,40,1.68,1.46,3.14,34,True,True,True,True,True,False,True,LigaPro_Portugal_2a_división,,8.05,81%,0%,2019-01-13 11:15:00
2018-2019,17,0,0,0,9,4,13,1,4,1,0,5,2,10,6,15,8,18,20,52,48,Estádio Municipal de Arouca,"Afonso Pinto Magalhães Valdasna, Arouca",3,4,1.69,3.55,4.95,1.37,2.15,3.95,2.1,1.71,0.0,1.71,0.0,2.0,0.0,0.0,0.0,0.0,0,0,0,0,0,0,0,1547398800,-1,0,57,0,945,1,1,2,1,7,3,3,10,0,1,2,3,1,5,1,97,53,127,115,2.0,1.04,3.04,0,0,0,0,0,0,1,1,0,0,0,1,0,0,-1,-1,-1,-1,-1,-1,-1,-1,-1,50,86,29,79,FC Arouca,UD Oliveirense,1.53,0.88,0.86,0.43,0.88,0.94,50,14,1.72,1.26,2.98,34,False,False,False,False,False,False,False,LigaPro_Portugal_2a_división,,6.93,66%,0%,2019-01-13 17:00:00
2018-2019,18,3,1,4,4,6,10,4,0,0,1,8,3,5,7,13,10,20,20,39,61,Estádio 1º de Maio,", Braga",4,2,5.9,3.4,1.62,1.45,2.4,4.6,2.35,1.59,0.0,0.0,0.0,0.0,0.0,0.0,0.0,0.0,4,3,1,0,0,0,4,1547910000,1035,0,24,0,350,1,1,1,2,3,4,3,7,1,1,3,0,2,3,1,70,82,95,143,1.88,1.45,3.33,0,0,0,0,0,0,1,1,1,0,0,1,0,0,-1,-1,-1,-1,-1,-1,-1,-1,-1,36,53,23,72,Sporting Braga II,Paços de Ferreira,1.29,2.0,1.0,2.38,0.94,2.35,65,47,1.92,1.77,3.69,34,True,True,True,True,False,False,True,LigaPro_Portugal_2a_división,,11.41,100%,75%,2019-01-19 15:00:00
2018-2019,18,0,0,0,8,2,10,1,3,1,1,7,3,10,4,17,7,23,21,62,38,Estádio Municipal 22 de Junho,"Alameda dos Bargos, Vila Nova de Famalicão",3,5,1.65,3.6,5.25,1.42,2.3,4.35,2.3,1.62,0.0,0.0,0.0,0.0,0.0,0.0,0.0,0.0,0,0,0,0,0,0,0,1547895600,-1,0,52,0,1473,1,1,4,2,4,0,6,4,1,0,1,4,1,5,1,91,42,116,78,2.22,0.96,3.18,0,0,0,0,0,0,1,1,0,0,0,0,0,0,-1,-1,-1,-1,-1,-1,-1,-1,-1,41,71,35,76,Famalicão,Farense,2.29,0.76,2.5,1.0,2.18,1.35,60,30,1.66,1.25,2.91,34,False,False,False,False,False,False,False,LigaPro_Portugal_2a_división,,14.99,100%,90%,2019-01-19 11:00:00
2018-2019,18,2,0,2,5,2,7,0,3,0,0,6,4,3,1,9,5,13,12,55,45,Estádio Municipal de Mafra,"Av. Dr. Francisco Sá Carneiro, Mafra",0,3,2.15,3.1,3.5,1.44,2.35,4.33,2.0,1.72,0.0,1.72,0.0,2.0,0.0,0.0,0.0,0.0,2,0,0,2,0,2,0,1547996400,4825,0,40,0,467,1,1,1,0,4,2,1,6,0,1,0,2,1,2,1,95,56,136,102,1.68,1.01,2.7,0,0,0,0,0,0,1,1,0,0,0,0,0,0,-1,-1,-1,-1,-1,-1,-1,-1,-1,29,58,18,71,CD Mafra,Varzim,1.53,0.94,1.67,1.38,1.47,1.29,71,43,1.55,1.16,2.71,34,True,True,False,False,False,False,False,LigaPro_Portugal_2a_división,,18.34,71%,20%,2019-01-20 15:00:00
2018-2019,18,2,0,2,7,3,10,4,3,0,1,7,2,6,10,13,12,21,19,50,50,Estádio Municipal de Arouca,"Afonso Pinto Magalhães Valdasna, Arouca",4,4,2.35,3.0,3.1,1.38,2.2,4.1,1.91,1.91,0.0,0.0,0.0,0.0,0.0,0.0,0.0,0.0,2,2,0,0,0,0,2,1547996400,167,0,42,0,855,1,1,5,3,2,0,8,2,1,2,3,2,3,5,1,0,0,0,0,1.98,1.54,3.51,0,0,0,0,0,0,1,1,0,0,2,2,0,0,-1,-1,-1,-1,-1,-1,-1,-1,-1,47,71,29,66,FC Arouca,FC Penafiel,1.53,0.88,0.88,1.11,0.88,1.53,53,29,1.75,1.31,3.06,34,True,True,False,False,False,False,False,LigaPro_Portugal_2a_división,,,,,2019-01-20 15:00:00
2018-2019,18,1,0,1,4,5,9,1,3,0,0,3,3,2,3,5,6,18,19,48,52,Estádio EFAPEL,"Rua Dom Manuel I, Coimbra",1,3,1.57,3.75,5.75,1.3,2.04,3.5,2.05,1.7,0.0,0.0,0.0,0.0,0.0,0.0,0.0,0.0,1,0,0,1,0,1,0,1548003600,179,0,42,0,3449,1,1,2,1,2,4,3,6,1,1,0,2,2,2,1,54,70,102,121,0.93,1.11,2.04,0,0,0,0,0,0,1,1,0,0,0,0,0,0,-1,-1,-1,-1,-1,-1,-1,-1,-1,36,71,24,65,Associação Académica de Coimbra OAF,UD Oliveirense,1.76,0.88,1.44,0.5,1.59,0.94,65,29,1.98,1.24,3.22,34,True,False,False,False,False,False,False,LigaPro_Portugal_2a_división,,18.34,71%,40%,2019-01-20 17:00:00
2018-2019,18,2,1,3,5,7,12,4,3,0,0,5,7,6,6,11,13,17,15,40,60,Estádio do Mar,"Lugar da Cruz de Pau, Matosinhos",4,3,2.65,2.95,2.8,1.39,2.2,4.15,1.95,1.87,0.0,0.0,0.0,0.0,0.0,0.0,0.0,0.0,3,2,1,0,0,0,3,1547982900,1030,0,54,0,653,1,1,4,5,1,2,9,3,1,1,3,2,2,5,1,52,85,91,133,1.42,1.93,3.35,1,0,1,0,0,0,1,1,0,0,1,2,0,0,-1,-1,-1,-1,-1,-1,-1,-1,-1,42,54,12,47,Leixões,Benfica II,1.82,1.18,1.75,1.11,1.24,1.82,59,47,1.77,1.59,3.36,34,True,True,True,False,False,False,True,LigaPro_Portugal_2a_división,,8.05,76%,20%,2019-01-20 11:15:00
2018-2019,18,2,0,2,6,6,12,1,0,0,0,7,6,6,6,13,12,17,16,44,56,Estádio Dr. Jorge Sampaio,"Rua da Paradela, Pedroso, Vila Nova de Gaia",1,0,3.0,3.3,2.3,1.36,2.1,3.85,1.91,1.91,0.0,1.72,0.0,2.0,0.0,0.0,0.0,0.0,2,0,0,2,0,2,0,1547917200,1037,0,44,0,282,1,1,3,3,3,3,6,6,0,0,1,0,0,1,1,75,69,92,90,1.85,1.67,3.52,0,0,0,0,0,0,1,1,0,0,0,0,0,0,-1,-1,-1,-1,-1,-1,-1,-1,-1,57,69,44,76,Porto II,GD Estoril Praia,1.82,1.29,2.0,2.0,1.41,1.76,44,32,1.92,1.51,3.43,34,True,True,False,False,False,False,False,LigaPro_Portugal_2a_división,,9.17,61%,20%,2019-01-19 17:00:00
2018-2019,18,1,1,2,1,8,9,3,2,0,0,5,6,5,7,10,13,19,9,50,50,Estádio Municipal do Fontelo,"Avenida José Relvas, Viseu",3,2,1.74,3.4,4.85,1.33,2.05,3.65,1.95,1.87,0.0,0.0,0.0,0.0,0.0,0.0,0.0,0.0,2,1,1,0,0,0,2,1547996400,-1,0,56,0,574,1,1,0,4,1,4,4,5,2,0,1,2,2,3,1,72,72,110,112,1.51,1.76,3.27,0,0,0,0,0,0,1,1,0,1,0,3,0,0,-1,-1,-1,-1,-1,-1,-1,-1,-1,73,73,50,78,Academico Viseu,Sporting Covilhã,1.82,1.12,1.56,0.67,1.12,0.94,28,28,1.71,1.31,3.02,34,True,True,False,False,False,False,True,LigaPro_Portugal_2a_división,,14.99,71%,40%,2019-01-20 15:00:00
2018-2019,18,1,0,1,7,4,11,1,0,0,0,6,0,5,5,11,5,12,20,48,52,Estádio Municipal José Martins Vieira,"Estrada do Brejo, Cova da Piedade, Almada",1,0,2.05,3.25,3.55,1.38,2.2,4.1,2.0,1.8,0.0,0.0,0.0,0.0,0.0,0.0,0.0,0.0,1,0,0,1,0,1,0,1547910000,1036,0,50,0,416,1,1,3,2,4,2,5,6,0,0,1,0,0,1,1,79,72,107,107,1.69,0.85,2.53,0,0,0,0,0,0,1,1,0,0,0,1,0,0,-1,-1,-1,-1,-1,-1,-1,-1,-1,69,76,32,75,Cova Piedade,Vitória Guimarães II,1.41,0.82,1.0,1.38,1.0,1.18,32,26,1.31,1.52,2.83,34,True,False,False,False,False,False,False,LigaPro_Portugal_2a_división,,10.29,87%,40%,2019-01-19 15:00:00
2018-2019,19,0,0,0,11,9,20,2,3,0,0,5,3,5,3,10,6,18,12,49,51,Estádio de São Lúis,"Rua do Sporting Club Farense, Faro",2,3,2.5,3.1,2.85,1.33,2.05,3.7,1.83,2.0,0.0,0.0,0.0,0.0,0.0,0.0,0.0,0.0,0,0,0,0,0,0,0,1548774000,-1,0,29,0,1626,1,1,6,2,5,7,8,12,0,3,2,0,3,2,1,61,54,123,109,1.43,0.99,2.43,0,0,0,0,0,0,1,1,0,0,0,0,0,1,-1,-1,-1,-1,-1,-1,-1,-1,-1,35,53,23,57,Farense,Porto II,1.76,0.76,1.75,0.89,1.33,1.5,66,48,1.59,1.45,3.04,34,False,False,False,False,False,False,False,LigaPro_Portugal_2a_división,,16.11,72%,40%,2019-01-29 15:00:00
2018-2019,19,1,2,3,4,5,9,1,1,0,0,4,4,6,5,10,9,13,11,49,51,Estádio Dr. Machado de Matos,", ",1,1,2.5,2.9,3.05,1.49,2.5,4.85,2.1,1.74,0.0,0.0,0.0,0.0,0.0,0.0,0.0,0.0,3,1,1,0,1,1,2,1548687600,4825,0,36,0,374,1,1,1,3,3,2,4,5,0,0,1,1,0,2,1,0,0,0,0,1.34,1.35,2.69,1,1,1,1,0,0,1,1,0,1,1,0,0,0,-1,-1,-1,-1,-1,-1,-1,-1,-1,31,53,36,77,Vitória Guimarães II,CD Mafra,1.0,0.88,1.0,1.25,1.11,1.56,70,47,1.63,1.63,3.26,34,True,True,True,False,False,False,True,LigaPro_Portugal_2a_división,,,,,2019-01-28 15:00:00
2018-2019,19,5,3,8,2,7,9,2,1,0,0,9,4,3,4,12,8,20,22,48,52,Estádio Municipal de Aveiro,"Parque da Cidade, Taboeira, Aveiro",2,1,2.0,3.35,3.6,1.44,2.35,4.5,2.15,1.71,0.0,0.0,0.0,0.0,0.0,0.0,0.0,0.0,8,2,1,3,2,5,3,1548707400,1038,0,40,0,292,1,1,1,2,1,5,3,6,1,0,1,1,1,2,1,45,74,106,131,1.72,1.33,3.05,0,0,0,0,0,0,1,1,0,0,0,1,0,0,-1,-1,-1,-1,-1,-1,-1,-1,-1,35,76,11,70,UD Oliveirense,Academico Viseu,1.65,0.71,1.33,0.63,0.89,1.11,66,25,1.46,1.66,3.12,34,True,True,True,True,True,True,True,LigaPro_Portugal_2a_división,,5.82,87%,40%,2019-01-28 20:30:00
2018-2019,19,3,0,3,4,1,5,2,2,0,0,6,0,7,14,13,14,18,18,54,46,Estádio Municipal José dos Santos Pinto,"Rua Viriato, Covilhã",2,2,2.05,2.95,4.0,1.56,2.7,5.5,2.25,1.59,1.29,1.57,3.3,2.25,0.0,0.0,0.0,0.0,3,0,0,3,0,3,0,1549472400,1026,0,39,0,351,1,1,2,1,2,0,3,2,2,0,0,2,2,2,1,76,75,138,138,1.8,1.43,3.23,0,0,0,0,0,0,1,1,0,0,1,0,0,0,-1,-1,-1,-1,-1,-1,-1,-1,-1,33,45,17,56,Sporting Covilhã,Cova Piedade,1.76,1.06,1.44,1.0,1.05,1.05,67,56,1.46,1.49,2.95,34,True,True,True,False,False,False,False,LigaPro_Portugal_2a_división,,2.59,78%,48%,2019-02-06 17:00:00
2018-2019,19,2,0,2,2,6,8,1,2,0,0,5,8,4,8,9,16,18,15,41,59,Estádio Varzim Sport Club,"Rua do Varzim Sport Club, Póvoa de Varzim",1,2,2.75,2.9,2.75,1.5,2.55,5.05,2.15,1.71,0.0,1.72,0.0,2.0,0.0,0.0,0.0,0.0,2,0,0,2,0,2,0,1548777600,1034,0,50,0,929,1,1,0,4,2,2,4,4,1,0,0,2,1,2,1,51,89,111,123,1.3,2.21,3.51,0,0,0,0,0,0,1,1,0,0,0,0,0,0,-1,-1,-1,-1,-1,-1,-1,-1,-1,45,62,22,56,Varzim,Leixões,1.47,0.82,1.22,0.78,1.22,1.33,56,39,1.41,1.36,2.77,34,True,True,False,False,False,False,False,LigaPro_Portugal_2a_división,,17.22,100%,90%,2019-01-29 16:00:00
2018-2019,19,2,0,2,6,4,10,4,1,0,0,5,2,4,6,9,8,21,15,51,49,Estádio da Capital do Móvel,"Rua do Estádio, Apartado 26, Paços de Ferreira",4,1,1.54,3.75,6.15,1.42,2.25,4.3,2.35,1.59,0.0,0.0,0.0,0.0,0.0,0.0,0.0,0.0,2,1,0,1,0,1,1,1548694800,173,0,25,0,1110,1,1,4,0,2,4,4,6,1,1,3,0,2,3,1,65,80,112,95,1.4,1.22,2.62,0,0,0,0,0,0,1,1,0,0,1,0,0,0,-1,-1,-1,-1,-1,-1,-1,-1,-1,30,54,30,65,Paços de Ferreira,Associação Académica de Coimbra OAF,2.35,1.24,2.33,1.75,2.22,1.67,71,47,2.14,1.32,3.46,34,True,True,False,False,False,False,False,LigaPro_Portugal_2a_división,,10.29,100%,90%,2019-01-28 17:00:00
2018-2019,19,2,1,3,13,1,14,3,2,0,0,4,4,5,7,9,11,20,16,50,50,Estádio António Coimbra da Mota,"Rua Dom Bosco, Estoril",3,2,1.65,3.6,5.15,1.32,2.0,3.6,2.05,1.77,0.0,0.0,0.0,0.0,0.0,0.0,0.0,0.0,3,1,0,1,1,2,1,1548777600,164,0,41,0,386,1,1,7,1,6,0,8,6,0,0,3,2,0,5,1,93,96,80,100,1.51,1.66,3.18,0,0,0,0,0,0,1,1,0,0,1,1,0,0,-1,-1,-1,-1,-1,-1,-1,-1,-1,41,66,29,76,GD Estoril Praia,Sporting Braga II,1.88,0.88,1.56,0.88,1.67,1.06,60,35,1.58,1.42,3.0,34,True,True,True,False,False,False,True,LigaPro_Portugal_2a_división,,13.87,71%,75%,2019-01-29 16:00:00
2018-2019,19,3,1,4,8,11,19,0,0,0,0,8,8,5,10,13,18,13,11,47,53,Caixa Futebol Campus,", Seixal",0,0,2.15,3.1,3.5,1.41,2.25,4.25,1.95,1.77,0.0,1.72,0.0,2.0,0.0,0.0,0.0,0.0,4,1,0,2,1,3,1,1548864000,1031,0,41,0,293,1,-1,4,4,4,7,8,11,0,0,0,0,0,0,1,62,90,88,87,1.83,2.33,4.16,0,0,0,0,0,0,1,1,0,0,0,1,-1,-1,-1,-1,-1,-1,-1,-1,-1,-1,-1,48,65,24,89,Benfica II,FC Arouca,1.88,0.82,2.63,0.89,1.72,1.0,53,36,1.7,1.57,3.27,34,True,True,True,True,False,False,True,LigaPro_Portugal_2a_división,,14.99,87%,40%,2019-01-30 16:00:00
2018-2019,19,1,2,3,10,1,11,1,2,0,0,5,7,12,2,17,9,15,21,49,51,Estádio Municipal 25 de Abril,"Rua Futebol Clube de Penafiel, Penafiel",1,2,2.95,2.9,2.55,1.5,2.55,5.05,2.2,1.69,0.0,0.0,0.0,0.0,0.0,0.0,0.0,0.0,3,0,1,1,1,2,1,1548702000,1033,0,47,0,873,1,1,1,1,9,0,2,9,1,2,0,0,3,0,1,85,53,99,97,2.03,1.45,3.48,0,0,0,0,0,0,1,1,0,0,0,0,0,0,-1,-1,-1,-1,-1,-1,-1,-1,-1,42,66,24,60,FC Penafiel,Famalicão,1.76,1.76,2.0,1.89,1.44,2.11,59,35,1.73,1.36,3.09,34,True,True,True,False,False,False,True,LigaPro_Portugal_2a_división,,9.17,87%,40%,2019-01-28 19:00:00
2018-2019,20,1,0,1,5,3,8,2,1,0,0,10,5,11,2,21,7,10,15,54,46,Estádio 1º de Maio,", Braga",2,1,2.5,3.0,2.9,1.39,2.2,4.15,1.91,1.83,0.0,0.0,0.0,0.0,0.0,0.0,0.0,0.0,1,0,0,1,0,1,0,1549206000,1035,0,50,0,367,1,1,3,1,2,2,4,4,2,0,0,1,2,1,1,90,66,111,102,2.67,1.28,3.94,0,0,0,0,0,0,1,1,0,0,2,1,0,0,-1,-1,-1,-1,-1,-1,-1,-1,-1,45,65,45,70,Sporting Braga II,Farense,1.29,0.76,1.2,1.0,1.0,1.32,55,35,1.92,1.22,3.14,34,True,False,False,False,False,False,False,LigaPro_Portugal_2a_división,,5.82,53%,0%,2019-02-03 15:00:00
2018-2019,20,1,0,1,2,4,6,1,2,0,0,5,0,4,4,9,4,21,19,51,49,Estádio Municipal José dos Santos Pinto,"Rua Viriato, Covilhã",1,2,2.05,3.1,3.8,1.51,2.6,5.15,2.2,1.61,0.0,0.0,0.0,0.0,0.0,0.0,0.0,0.0,1,1,0,0,0,0,1,1549119600,1026,0,25,0,256,1,1,0,1,2,3,1,5,0,1,1,1,1,2,1,89,43,153,115,1.58,0.58,2.16,0,0,0,0,0,0,1,1,1,0,0,0,0,0,-1,-1,-1,-1,-1,-1,-1,-1,-1,24,41,18,59,Sporting Covilhã,Varzim,1.76,0.94,1.25,1.22,0.94,1.32,77,60,1.45,1.14,2.59,34,True,False,False,False,False,False,False,LigaPro_Portugal_2a_división,,13.33,68%,0%,2019-02-02 15:00:00
2018-2019,20,0,1,1,4,3,7,3,4,0,0,2,5,8,6,10,11,17,22,55,45,Estádio Municipal 22 de Junho,"Alameda dos Bargos, Vila Nova de Famalicão",3,4,3.15,2.9,2.4,1.56,2.7,5.5,2.2,1.62,1.22,1.4,3.8,2.75,0.0,0.0,0.0,0.0,1,0,0,0,1,1,0,1549397700,173,0,28,0,5208,1,1,1,2,3,1,3,4,1,1,2,3,2,5,1,74,57,102,107,1.31,1.46,2.77,0,0,0,0,0,0,1,1,0,0,1,0,0,0,-1,-1,-1,-1,-1,-1,-1,-1,-1,33,56,17,73,Famalicão,Paços de Ferreira,2.29,2.0,2.33,2.11,2.16,2.26,67,44,1.72,1.73,3.45,34,True,False,False,False,False,False,False,LigaPro_Portugal_2a_división,,3.36,93%,12%,2019-02-05 20:15:00
2018-2019,20,2,0,2,8,2,10,6,4,0,0,4,3,5,6,9,9,23,14,49,51,Estádio Municipal de Arouca,"Afonso Pinto Magalhães Valdasna, Arouca",6,4,1.62,3.65,5.3,1.35,2.1,3.8,2.05,1.71,0.0,0.0,0.0,0.0,0.0,0.0,0.0,0.0,2,1,0,1,0,1,1,1549206000,167,0,33,0,780,1,1,8,0,0,2,8,2,2,2,4,2,4,6,1,0,0,0,0,1.31,1.15,2.46,0,0,0,0,0,0,1,1,0,0,3,0,0,0,-1,-1,-1,-1,-1,-1,-1,-1,-1,39,73,22,67,FC Arouca,Academico Viseu,1.53,0.71,1.11,0.56,0.95,1.05,62,28,1.78,1.62,3.4,34,True,True,False,False,False,False,False,LigaPro_Portugal_2a_división,,,,,2019-02-03 15:00:00
2018-2019,20,1,1,2,7,9,16,1,5,0,0,5,7,4,12,9,19,21,16,48,52,Estádio EFAPEL,"Rua Dom Manuel I, Coimbra",1,5,1.56,3.85,5.75,1.34,2.05,3.75,2.1,1.67,0.0,0.0,0.0,0.0,0.0,0.0,0.0,0.0,2,1,0,0,1,1,1,1549126800,-1,0,49,0,2643,1,1,4,6,3,3,10,6,0,0,1,5,0,6,1,81,84,116,118,1.51,2.29,3.8,0,1,0,1,0,0,1,1,1,0,2,3,0,0,-1,-1,-1,-1,-1,-1,-1,-1,-1,49,69,27,64,Associação Académica de Coimbra OAF,Vitória Guimarães II,1.76,0.82,1.6,1.22,1.58,1.05,52,31,1.88,1.45,3.33,34,True,True,False,False,False,False,True,LigaPro_Portugal_2a_división,,19.46,54%,20%,2019-02-02 17:00:00
2018-2019,20,1,1,2,9,2,11,1,2,0,0,5,5,6,4,11,9,14,11,47,53,Estádio Municipal de Mafra,"Av. Dr. Francisco Sá Carneiro, Mafra",1,2,2.4,3.15,2.9,1.36,2.1,3.9,1.87,1.87,0.0,0.0,0.0,0.0,0.0,0.0,0.0,0.0,2,1,1,0,0,0,2,1549105200,-1,0,55,0,636,1,1,3,0,6,2,3,8,0,0,1,2,0,3,1,96,60,107,98,1.74,1.36,3.09,0,0,0,0,0,0,1,1,0,0,1,0,0,0,-1,-1,-1,-1,-1,-1,-1,-1,-1,35,65,20,60,CD Mafra,Benfica II,1.53,1.18,1.8,1.0,1.63,1.79,65,35,1.56,1.62,3.18,34,True,True,False,False,False,False,True,LigaPro_Portugal_2a_división,,17.22,53%,20%,2019-02-02 11:00:00
2018-2019,20,0,1,1,4,4,8,3,2,0,0,2,4,2,3,4,7,25,18,53,47,Estádio Municipal José Martins Vieira,"Estrada do Brejo, Cova da Piedade, Almada",3,2,2.2,3.0,3.4,1.45,2.4,4.6,2.0,1.74,0.0,0.0,0.0,0.0,0.0,0.0,0.0,0.0,1,0,0,0,1,1,0,1549206000,1038,0,33,0,632,1,1,0,2,4,2,2,6,1,0,2,2,1,4,1,70,52,115,108,0.91,1.11,2.02,0,0,0,0,0,0,1,1,0,0,0,0,0,0,-1,-1,-1,-1,-1,-1,-1,-1,-1,45,62,22,62,Cova Piedade,UD Oliveirense,1.41,0.88,1.22,0.44,1.11,1.0,56,39,1.35,1.22,2.57,34,True,False,False,False,False,False,False,LigaPro_Portugal_2a_división,,11.41,47%,20%,2019-02-03 15:00:00
2018-2019,20,2,0,2,3,3,6,2,2,1,0,5,5,6,6,11,11,15,15,40,60,Estádio do Mar,"Lugar da Cruz de Pau, Matosinhos",3,2,2.6,2.85,2.9,1.5,2.5,4.95,2.05,1.69,0.0,1.72,0.0,2.0,0.0,0.0,0.0,0.0,2,1,0,1,0,1,1,1549192500,1030,0,50,0,579,1,1,1,0,2,3,1,5,1,1,2,1,2,3,1,56,72,115,127,1.46,1.57,3.03,0,0,0,0,0,0,1,1,0,0,1,0,0,0,-1,-1,-1,-1,-1,-1,-1,-1,-1,45,67,28,50,Leixões,GD Estoril Praia,1.82,1.29,1.89,1.78,1.26,1.74,56,33,1.73,1.53,3.26,34,True,True,False,False,False,False,False,LigaPro_Portugal_2a_división,,5.82,87%,0%,2019-02-03 11:15:00
2018-2019,20,2,0,2,6,4,10,3,2,0,1,10,5,6,7,16,12,12,17,56,44,Estádio Dr. Jorge Sampaio,"Rua da Paradela, Pedroso, Vila Nova de Gaia",3,3,2.15,3.35,3.25,1.32,2.0,3.5,1.8,1.95,0.0,1.72,0.0,2.0,0.0,0.0,0.0,0.0,2,1,0,1,0,1,1,1549206000,1037,0,37,0,367,1,1,3,2,3,2,5,5,0,1,3,2,1,5,1,75,71,95,79,2.25,1.61,3.86,0,0,0,0,0,0,1,1,0,0,1,0,0,0,-1,-1,-1,-1,-1,-1,-1,-1,-1,54,74,42,69,Porto II,FC Penafiel,1.82,0.88,2.11,1.0,1.47,1.37,47,26,1.92,1.33,3.25,34,True,True,False,False,False,False,False,LigaPro_Portugal_2a_división,,4.59,100%,20%,2019-02-03 15:00:00
2018-2019,21,2,1,3,6,4,10,3,4,0,1,6,8,5,5,11,13,23,24,58,42,Estádio Municipal de Arouca,"Afonso Pinto Magalhães Valdasna, Arouca",3,5,2.35,3.0,3.15,1.5,2.5,4.95,2.1,1.67,0.0,0.0,0.0,0.0,0.0,0.0,0.0,0.0,3,1,0,1,1,2,1,1549818000,167,0,45,0,1105,1,1,1,3,5,1,4,6,1,1,2,4,2,6,1,87,64,97,89,1.74,1.84,3.58,0,0,0,0,0,0,1,1,0,0,1,1,0,0,-1,-1,-1,-1,-1,-1,-1,-1,-1,40,70,25,70,FC Arouca,Famalicão,1.53,1.76,1.3,2.0,1.05,2.05,60,30,1.73,1.37,3.1,34,True,True,True,False,False,False,True,LigaPro_Portugal_2a_división,,10.29,76%,20%,2019-02-10 17:00:00
2018-2019,21,2,0,2,4,4,8,4,2,0,0,4,2,4,6,8,8,20,16,51,49,Estádio António Coimbra da Mota,"Rua Dom Bosco, Estoril",4,2,1.56,3.7,6.1,1.36,2.1,3.9,2.15,1.65,1.25,1.44,3.6,2.6,0.0,0.0,0.0,0.0,2,1,0,1,0,1,1,1549797300,164,0,45,0,814,1,1,1,1,3,3,2,6,1,1,3,1,2,4,1,69,79,111,129,1.29,1.23,2.52,1,0,1,0,0,0,1,1,0,0,1,0,0,0,-1,-1,-1,-1,-1,-1,-1,-1,-1,50,60,25,70,GD Estoril Praia,Cova Piedade,1.88,1.06,1.7,0.9,1.65,1.0,50,40,1.57,1.48,3.05,34,True,True,False,False,False,False,False,LigaPro_Portugal_2a_división,,10.29,87%,75%,2019-02-10 11:15:00
2018-2019,21,1,1,2,8,2,10,3,3,1,0,6,6,3,8,9,14,21,15,47,53,Estádio de São Lúis,"Rua do Sporting Club Farense, Faro",5,3,2.7,2.95,2.75,1.49,2.5,4.85,2.05,1.69,0.0,0.0,0.0,0.0,0.0,0.0,0.0,0.0,2,1,0,0,1,1,1,1549724400,-1,0,21,0,1658,1,1,6,2,2,0,8,2,0,0,4,3,0,7,1,76,69,126,120,1.55,1.81,3.35,0,0,0,0,0,0,1,1,0,0,0,1,0,0,-1,-1,-1,-1,-1,-1,-1,-1,-1,26,47,16,31,Farense,Leixões,1.76,0.82,1.67,0.7,1.25,1.35,74,54,1.57,1.44,3.01,34,True,True,False,False,False,False,True,LigaPro_Portugal_2a_división,,5.82,72%,40%,2019-02-09 15:00:00
2018-2019,21,3,3,6,4,2,6,5,3,0,0,9,7,7,7,16,14,18,18,44,56,Estádio Municipal do Fontelo,"Avenida José Relvas, Viseu",5,3,2.85,3.05,2.5,1.37,2.15,3.95,1.87,1.87,0.0,0.0,0.0,0.0,0.0,0.0,0.0,0.0,6,2,2,1,1,2,4,1549710000,-1,0,50,0,400,1,1,0,0,4,2,0,6,1,1,4,2,2,6,1,62,68,98,117,2.09,1.87,3.95,0,0,0,0,0,0,1,1,1,0,0,0,0,0,-1,-1,-1,-1,-1,-1,-1,-1,-1,50,65,45,80,Academico Viseu,Porto II,1.82,0.76,1.5,0.9,1.0,1.55,50,35,1.69,1.41,3.1,34,True,True,True,True,True,True,True,LigaPro_Portugal_2a_división,,8.05,82%,75%,2019-02-09 11:00:00
2018-2019,21,1,0,1,4,5,9,3,2,0,1,6,2,3,4,9,6,20,19,54,46,Estádio da Capital do Móvel,"Rua do Estádio, Apartado 26, Paços de Ferreira",3,3,1.33,4.7,9.0,1.37,2.15,3.95,2.7,1.42,0.0,0.0,0.0,0.0,0.0,0.0,0.0,0.0,1,1,0,0,0,0,1,1549810800,173,0,10,0,4265,1,1,3,1,1,4,4,5,1,1,2,2,2,4,1,93,65,126,88,1.67,0.99,2.66,0,0,0,0,0,0,1,1,0,0,1,0,0,0,-1,-1,-1,-1,-1,-1,-1,-1,-1,20,45,15,70,Paços de Ferreira,Varzim,2.35,0.94,2.4,1.1,2.3,1.25,80,55,2.07,1.09,3.16,34,True,False,False,False,False,False,False,LigaPro_Portugal_2a_división,,13.87,71%,0%,2019-02-10 15:00:00
2018-2019,21,3,2,5,2,5,7,3,4,0,0,6,4,8,7,14,11,20,18,51,49,Estádio Municipal de Aveiro,"Parque da Cidade, Taboeira, Aveiro",3,4,2.6,2.95,2.85,1.43,2.3,4.4,1.95,1.77,0.0,0.0,0.0,0.0,0.0,0.0,0.0,0.0,5,1,1,2,1,3,2,1549810800,1038,0,57,0,416,1,1,1,3,1,2,4,3,1,1,2,3,2,5,1,55,59,87,83,1.7,1.4,3.1,1,0,1,0,0,0,1,1,0,0,0,1,0,0,-1,-1,-1,-1,-1,-1,-1,-1,-1,53,73,43,84,UD Oliveirense,CD Mafra,1.65,0.88,1.5,1.44,1.1,1.6,47,27,1.49,1.6,3.09,34,True,True,True,True,True,False,True,LigaPro_Portugal_2a_división,,9.17,76%,40%,2019-02-10 15:00:00
2018-2019,21,3,0,3,7,4,11,2,1,0,1,7,4,3,7,10,11,16,9,48,52,Estádio Municipal 25 de Abril,"Rua Futebol Clube de Penafiel, Penafiel",2,3,2.25,2.95,3.4,1.36,2.1,3.9,1.83,1.91,0.0,0.0,0.0,0.0,0.0,0.0,0.0,0.0,3,1,0,2,0,2,1,1549731600,182,0,50,0,563,1,1,3,3,4,1,6,5,0,1,2,1,1,3,1,63,62,105,107,1.58,1.43,3.01,2,0,2,0,0,0,1,1,0,0,0,0,0,1,-1,-1,-1,-1,-1,-1,-1,-1,-1,50,78,17,67,FC Penafiel,Sporting Braga II,1.76,0.88,1.78,0.78,1.3,1.1,50,22,1.76,1.45,3.21,34,True,True,True,False,False,False,False,LigaPro_Portugal_2a_división,,16.11,76%,90%,2019-02-09 17:00:00
2018-2019,21,0,1,1,9,4,13,2,3,0,0,4,7,14,5,18,12,12,12,64,36,Caixa Futebol Campus,", Seixal",2,3,2.0,3.3,3.75,1.31,1.95,3.45,1.77,1.95,0.0,0.0,0.0,0.0,0.0,0.0,0.0,0.0,1,0,0,0,1,1,0,1549731600,179,0,39,0,908,1,1,4,1,5,3,5,8,1,2,1,1,3,2,1,91,53,117,76,2.07,1.63,3.7,0,0,0,0,0,0,1,1,0,0,0,0,0,0,-1,-1,-1,-1,-1,-1,-1,-1,-1,50,67,28,78,Benfica II,Associação Académica de Coimbra OAF,1.88,1.24,2.67,1.56,1.75,1.55,50,33,1.72,1.31,3.03,34,True,False,False,False,False,False,False,LigaPro_Portugal_2a_división,,5.82,48%,20%,2019-02-09 17:00:00
2018-2019,21,2,2,4,6,2,8,4,1,0,0,5,3,8,6,13,9,23,12,52,48,Estádio Dr. Machado de Matos,", ",4,1,2.15,2.95,3.6,1.45,2.4,4.6,2.05,1.71,1.33,1.57,3.0,2.25,0.0,0.0,0.0,0.0,4,1,1,1,1,2,2,1549897200,-1,0,50,0,285,1,1,3,0,3,2,3,5,2,0,2,1,2,3,1,34,29,72,71,1.42,0.99,2.41,0,0,0,0,0,0,1,1,0,0,0,0,0,0,-1,-1,-1,-1,-1,-1,-1,-1,-1,45,70,40,80,Vitória Guimarães II,Sporting Covilhã,1.0,1.12,0.9,0.7,1.05,1.15,55,30,1.6,1.36,2.96,34,True,True,True,True,False,False,True,LigaPro_Portugal_2a_división,,12.75,74%,75%,2019-02-11 15:00:00
2018-2019,22,1,0,1,10,3,13,1,4,1,1,8,6,7,9,15,15,17,18,56,44,Estádio EFAPEL,"Rua Dom Manuel I, Coimbra",3,6,1.71,3.45,4.95,1.41,2.25,4.25,2.1,1.67,0.0,0.0,0.0,0.0,0.0,0.0,0.0,0.0,1,0,0,1,0,1,0,1550415600,179,0,50,0,3240,1,1,7,0,3,3,7,6,1,3,1,2,4,3,1,83,61,109,97,2.1,1.81,3.91,0,0,0,0,0,0,1,1,0,0,3,0,0,1,-1,-1,-1,-1,-1,-1,-1,-1,-1,36,64,32,69,Associação Académica de Coimbra OAF,Farense,1.76,0.76,1.55,0.91,1.62,1.24,64,36,1.84,1.23,3.07,34,True,False,False,False,False,False,False,LigaPro_Portugal_2a_división,,9.17,55%,20%,2019-02-17 15:00:00
2018-2019,22,3,0,3,2,7,9,4,3,0,0,4,3,1,6,5,9,16,15,40,60,Estádio Municipal José dos Santos Pinto,"Rua Viriato, Covilhã",4,3,4.55,3.25,1.83,1.48,2.45,4.8,2.2,1.62,0.0,0.0,0.0,0.0,0.0,0.0,0.0,0.0,3,1,0,2,0,2,1,1550402100,1026,0,30,0,580,1,1,1,2,1,5,3,6,0,1,4,2,1,6,1,0,0,0,0,0.94,1.46,2.41,0,0,0,0,0,0,1,1,0,0,0,1,0,0,-1,-1,-1,-1,-1,-1,-1,-1,-1,35,45,20,65,Sporting Covilhã,Paços de Ferreira,1.76,2.0,1.6,2.2,1.14,2.33,65,55,1.49,1.7,3.19,34,True,True,True,False,False,False,False,LigaPro_Portugal_2a_división,,,,,2019-02-17 11:15:00
2018-2019,22,3,2,5,6,5,11,3,2,0,0,6,7,9,7,15,14,19,18,55,45,Estádio Municipal 22 de Junho,"Alameda dos Bargos, Vila Nova de Famalicão",3,2,1.56,3.65,6.2,1.33,2.05,3.65,2.0,1.71,0.0,0.0,0.0,0.0,0.0,0.0,0.0,0.0,5,1,1,2,1,3,2,1550336400,1033,0,20,0,-1,1,1,3,2,3,3,5,6,0,0,3,2,0,5,1,76,72,84,79,1.91,1.89,3.79,0,0,0,0,0,0,1,1,0,0,0,2,0,0,-1,-1,-1,-1,-1,-1,-1,-1,-1,25,60,10,55,Famalicão,Academico Viseu,2.29,0.71,2.1,0.5,1.95,1.0,75,40,1.68,1.58,3.26,34,True,True,True,True,True,False,True,LigaPro_Portugal_2a_división,,,,,2019-02-16 17:00:00
2018-2019,22,1,1,2,7,3,10,5,5,1,1,3,4,6,3,9,7,20,16,58,42,Estádio Municipal José Martins Vieira,"Estrada do Brejo, Cova da Piedade, Almada",6,6,2.8,2.95,2.6,1.43,2.35,4.45,1.95,1.77,0.0,0.0,0.0,0.0,0.0,0.0,0.0,0.0,2,1,0,0,1,1,1,1550329200,-1,0,24,0,1050,1,1,5,1,2,2,6,4,1,5,5,1,6,6,1,97,51,121,100,1.48,1.1,2.58,0,0,0,0,0,0,1,1,0,0,3,0,0,0,-1,-1,-1,-1,-1,-1,-1,-1,-1,43,62,28,62,Cova Piedade,FC Penafiel,1.41,0.88,1.1,0.91,0.95,1.38,57,39,1.3,1.36,2.66,34,True,True,False,False,False,False,True,LigaPro_Portugal_2a_división,,3.36,59%,0%,2019-02-16 15:00:00
2018-2019,22,1,1,2,0,4,4,2,3,2,0,5,6,0,3,5,9,20,22,50,50,Estádio Dr. Jorge Sampaio,"Rua da Paradela, Pedroso, Vila Nova de Gaia",5,3,1.77,3.45,4.45,1.33,2.05,3.65,1.91,1.83,0.0,0.0,0.0,0.0,0.0,0.0,0.0,0.0,2,0,0,1,1,2,0,1550415600,-1,0,40,0,414,1,1,0,3,0,1,3,1,0,1,4,2,1,6,1,0,0,0,0,1.04,1.4,2.44,0,0,0,0,0,0,1,1,0,0,0,3,0,0,-1,-1,-1,-1,-1,-1,-1,-1,-1,45,70,30,65,Porto II,UD Oliveirense,1.82,0.88,2.2,0.7,1.52,1.19,55,30,1.95,1.21,3.16,34,True,True,False,False,False,False,True,LigaPro_Portugal_2a_división,,,,,2019-02-17 15:00:00
2018-2019,22,0,2,2,3,6,9,5,2,0,0,5,5,6,6,11,11,23,26,48,52,Estádio 1º de Maio,", Braga",5,2,2.65,2.9,2.8,1.39,2.2,4.15,1.83,1.91,0.0,0.0,0.0,0.0,0.0,0.0,0.0,0.0,2,0,0,0,2,2,0,1550415600,167,0,39,0,312,1,1,2,3,1,3,5,4,3,0,2,2,3,4,1,54,66,119,136,1.45,1.53,2.98,0,0,0,0,0,0,1,1,0,0,0,1,0,0,-1,-1,-1,-1,-1,-1,-1,-1,-1,38,63,28,73,Sporting Braga II,FC Arouca,1.29,0.82,1.36,0.8,1.05,1.14,62,38,1.98,1.65,3.63,34,True,True,False,False,False,False,False,LigaPro_Portugal_2a_división,,12.75,67%,20%,2019-02-17 15:00:00
2018-2019,22,1,1,2,3,6,9,0,4,0,0,4,2,6,10,10,12,9,11,53,47,Estádio Municipal de Mafra,"Av. Dr. Francisco Sá Carneiro, Mafra",0,4,2.9,2.9,2.55,1.44,2.35,4.5,2.0,1.77,0.0,1.72,0.0,2.0,0.0,0.0,0.0,0.0,2,0,0,1,1,2,0,1550415600,-1,0,47,0,717,1,1,1,3,2,3,4,5,0,1,0,3,1,3,1,80,97,109,108,1.49,1.6,3.09,1,0,1,0,0,0,1,1,0,0,0,2,0,0,-1,-1,-1,-1,-1,-1,-1,-1,-1,29,76,29,62,CD Mafra,GD Estoril Praia,1.53,1.29,1.73,1.6,1.52,1.71,72,24,1.58,1.53,3.11,34,True,True,False,False,False,False,True,LigaPro_Portugal_2a_división,,6.93,67%,20%,2019-02-17 15:00:00
2018-2019,22,0,1,1,4,5,9,1,3,0,0,0,7,7,4,7,11,14,23,55,45,Estádio Varzim Sport Club,"Rua do Varzim Sport Club, Póvoa de Varzim",1,3,3.15,3.0,2.35,1.43,2.3,4.35,1.95,1.77,0.0,0.0,0.0,0.0,0.0,0.0,0.0,0.0,1,0,0,0,1,1,0,1550314800,1031,0,58,0,1357,1,1,0,2,4,3,2,7,0,0,1,3,0,4,1,70,64,93,83,0.95,1.64,2.6,0,0,0,0,0,0,1,1,0,0,0,0,0,0,-1,-1,-1,-1,-1,-1,-1,-1,-1,43,63,24,62,Varzim,Benfica II,1.47,1.18,1.4,1.0,1.19,1.67,57,38,1.4,1.6,3.0,34,True,False,False,False,False,False,False,LigaPro_Portugal_2a_división,,,,,2019-02-16 11:00:00
2018-2019,22,2,1,3,4,6,10,0,1,0,0,6,6,7,9,13,15,20,11,47,53,Estádio do Mar,"Lugar da Cruz de Pau, Matosinhos",0,1,1.69,3.45,5.1,1.38,2.15,4.0,2.05,1.71,0.0,1.66,0.0,2.1,0.0,0.0,0.0,0.0,3,2,0,0,1,1,2,1550422800,1030,0,65,0,773,1,1,3,3,1,3,6,4,0,0,0,1,0,1,1,69,76,97,109,1.74,1.91,3.65,0,0,0,0,0,0,1,1,0,0,0,2,0,0,-1,-1,-1,-1,-1,-1,-1,-1,-1,55,75,25,60,Leixões,Vitória Guimarães II,1.82,0.82,2.0,1.2,1.33,1.05,45,25,1.7,1.53,3.23,34,True,True,True,False,False,False,True,LigaPro_Portugal_2a_división,,10.29,67%,40%,2019-02-17 17:00:00
2018-2019,23,1,2,3,4,5,9,1,2,0,0,3,8,3,4,6,12,17,17,61,39,Caixa Futebol Campus,", Seixal",1,2,1.57,3.65,6.0,1.34,2.05,3.7,2.0,1.71,0.0,0.0,0.0,0.0,0.0,0.0,0.0,0.0,3,1,0,0,2,2,1,1551006900,1036,0,38,0,-1,1,1,2,2,2,3,4,5,0,2,1,0,2,1,1,69,71,99,93,1.09,1.83,2.92,0,0,0,0,0,0,1,1,0,0,0,0,0,0,-1,-1,-1,-1,-1,-1,-1,-1,-1,53,62,15,68,Benfica II,Cova Piedade,1.88,1.06,2.4,0.82,1.73,0.95,48,38,1.75,1.46,3.21,34,True,True,True,False,False,False,True,LigaPro_Portugal_2a_división,,5.82,76%,0%,2019-02-24 11:15:00
2018-2019,23,2,1,3,2,5,7,2,1,0,0,6,5,3,9,9,14,23,16,41,59,Estádio Municipal 22 de Junho,"Alameda dos Bargos, Vila Nova de Famalicão",2,1,1.71,3.45,5.0,1.42,2.3,4.35,2.15,1.65,0.0,0.0,0.0,0.0,0.0,0.0,0.0,0.0,3,2,0,0,1,1,2,1550919600,1033,0,39,0,3378,1,1,1,1,1,4,2,5,0,0,2,1,0,3,1,46,73,90,106,1.33,1.76,3.09,0,0,0,0,0,0,1,1,1,0,1,0,0,0,-1,-1,-1,-1,-1,-1,-1,-1,-1,44,58,39,68,Famalicão,CD Mafra,2.29,0.88,2.18,1.3,2.0,1.5,57,43,1.7,1.58,3.28,34,True,True,True,False,False,False,True,LigaPro_Portugal_2a_división,,,,,2019-02-23 11:00:00
2018-2019,23,1,2,3,10,4,14,3,4,0,0,7,8,9,9,16,17,18,21,51,49,Estádio de São Lúis,"Rua do Sporting Club Farense, Faro",3,4,4.75,3.4,1.77,1.51,2.6,5.15,2.4,1.51,0.0,0.0,0.0,0.0,0.0,0.0,0.0,0.0,3,0,0,1,2,3,0,1551006900,173,0,24,0,1658,1,1,1,3,9,1,4,10,2,2,1,2,4,3,1,72,59,92,92,2.01,2.05,4.07,0,0,0,0,0,0,1,1,0,0,0,1,0,0,-1,-1,-1,-1,-1,-1,-1,-1,-1,33,48,14,56,Farense,Paços de Ferreira,1.76,2.0,1.6,2.0,1.18,2.23,68,53,1.57,1.68,3.25,34,True,True,True,False,False,False,True,LigaPro_Portugal_2a_división,,3.36,45%,0%,2019-02-24 11:15:00
2018-2019,23,1,0,1,4,7,11,2,0,0,1,4,3,8,4,12,7,12,14,50,50,Estádio Municipal de Arouca,"Afonso Pinto Magalhães Valdasna, Arouca",2,2,1.71,3.65,4.55,1.35,2.1,3.8,2.0,1.74,0.0,1.72,0.0,2.0,0.0,0.0,0.0,0.0,1,1,0,0,0,0,1,1551020400,167,0,45,0,745,1,1,1,4,3,3,5,6,0,0,2,1,0,3,1,85,65,107,108,1.65,1.13,2.78,0,0,0,0,0,0,1,1,0,0,0,0,0,0,-1,-1,-1,-1,-1,-1,-1,-1,-1,45,73,32,82,FC Arouca,Porto II,1.53,0.76,1.45,0.91,1.23,1.5,55,27,1.73,1.45,3.18,34,True,False,False,False,False,False,False,LigaPro_Portugal_2a_división,,4.7,31%,0%,2019-02-24 15:00:00
2018-2019,23,0,0,0,9,3,12,1,3,0,1,5,0,8,9,13,9,16,13,59,41,Estádio Dom Afonso Henriques,"Rua de São Gonçalo 505, Guimarães",1,4,2.1,3.0,3.75,1.48,2.45,4.8,2.1,1.67,0.0,1.72,0.0,2.0,0.0,0.0,0.0,0.0,0,0,0,0,0,0,0,1551027600,-1,0,27,0,1308,1,1,6,1,3,2,7,5,1,1,0,3,2,3,1,101,51,114,91,1.9,0.94,2.84,0,0,0,0,0,0,1,1,0,0,0,0,0,1,-1,-1,-1,-1,-1,-1,-1,-1,-1,23,50,23,78,Vitória Guimarães II,Varzim,1.0,0.94,0.91,1.0,1.0,1.14,78,50,1.59,1.08,2.67,34,False,False,False,False,False,False,False,LigaPro_Portugal_2a_división,,4.7,42%,0%,2019-02-24 17:00:00
2018-2019,23,3,2,5,3,9,12,4,2,0,0,7,7,2,8,9,15,21,10,47,53,Estádio Dr. Jorge Sampaio,"Rua da Paradela, Pedroso, Vila Nova de Gaia",4,2,2.75,3.0,2.65,1.44,2.35,4.5,1.87,1.87,0.0,0.0,0.0,0.0,0.0,0.0,0.0,0.0,5,1,2,2,0,2,3,1550934000,1038,0,55,0,-1,1,1,1,4,2,5,5,7,1,2,3,0,3,3,1,0,0,0,0,1.42,1.92,3.34,0,0,0,0,0,0,1,1,0,0,0,1,0,0,-1,-1,-1,-1,-1,-1,-1,-1,-1,41,78,27,68,UD Oliveirense,Leixões,1.65,0.82,1.64,0.73,1.18,1.41,59,23,1.51,1.48,2.99,34,True,True,True,True,True,False,True,LigaPro_Portugal_2a_división,,,,,2019-02-23 15:00:00
2018-2019,23,4,0,4,10,1,11,0,1,0,0,10,2,6,1,16,3,10,20,56,44,Estádio Municipal do Fontelo,"Avenida José Relvas, Viseu",0,1,2.2,3.15,3.3,1.27,1.87,3.2,1.67,2.1,0.0,0.0,0.0,0.0,0.0,0.0,0.0,0.0,4,0,0,4,0,4,0,1551020400,1032,0,52,0,477,1,1,5,1,5,0,6,5,0,1,0,0,1,0,1,102,42,136,89,2.45,0.65,3.09,0,0,0,0,0,0,1,1,0,0,0,1,0,0,-1,-1,-1,-1,-1,-1,-1,-1,-1,57,77,37,76,Academico Viseu,Sporting Braga II,1.82,0.88,1.45,0.7,0.95,1.0,43,24,1.73,1.45,3.18,34,True,True,True,True,False,False,False,LigaPro_Portugal_2a_división,,6.93,40%,0%,2019-02-24 15:00:00
2018-2019,23,1,0,1,3,6,9,2,0,0,0,6,5,5,7,11,12,23,14,47,53,Estádio António Coimbra da Mota,"Rua Dom Bosco, Estoril",2,0,1.87,3.3,4.3,1.43,2.35,4.45,2.1,1.67,0.0,0.0,0.0,0.0,0.0,0.0,0.0,0.0,1,0,0,1,0,1,0,1551038400,164,0,38,0,1683,1,1,1,4,2,2,5,4,0,0,2,0,0,2,1,81,87,108,123,1.7,1.74,3.44,0,0,0,0,0,0,1,1,0,0,1,0,0,0,-1,-1,-1,-1,-1,-1,-1,-1,-1,38,62,33,76,GD Estoril Praia,Associação Académica de Coimbra OAF,1.88,1.24,1.82,1.7,1.68,1.68,63,38,1.54,1.34,2.88,34,True,False,False,False,False,False,False,LigaPro_Portugal_2a_división,,3.36,48%,0%,2019-02-24 20:00:00
2018-2019,23,0,0,0,5,6,11,2,1,0,0,4,6,10,7,14,13,17,18,48,52,Estádio Municipal 25 de Abril,"Rua Futebol Clube de Penafiel, Penafiel",2,1,2.0,3.1,3.9,1.48,2.45,4.8,2.1,1.67,0.0,1.72,0.0,2.0,0.0,0.0,0.0,0.0,0,0,0,0,0,0,0,1550941200,-1,0,57,0,513,1,1,1,4,4,2,5,6,0,0,2,1,0,3,1,69,69,125,110,1.67,1.74,3.41,0,0,0,0,0,0,1,1,0,0,1,2,0,0,-1,-1,-1,-1,-1,-1,-1,-1,-1,67,81,38,76,FC Penafiel,Sporting Covilhã,1.76,1.12,1.9,0.73,1.36,1.23,34,19,1.74,1.32,3.06,34,False,False,False,False,False,False,False,LigaPro_Portugal_2a_división,,3.36,43%,0%,2019-02-23 17:00:00
2018-2019,24,4,1,5,4,4,8,0,1,0,0,9,5,4,5,13,10,13,14,52,48,Estádio da Capital do Móvel,"Rua do Estádio, Apartado 26, Paços de Ferreira",0,1,1.38,4.15,8.75,1.37,2.15,3.95,2.45,1.5,0.0,0.0,0.0,0.0,0.0,0.0,0.0,0.0,5,1,1,3,0,3,2,1551524400,173,0,41,0,2069,1,1,1,2,3,2,3,5,0,0,0,1,0,1,1,88,72,134,101,2.09,1.5,3.6,0,0,0,0,0,0,1,1,1,0,0,0,0,0,-1,-1,-1,-1,-1,-1,-1,-1,-1,41,64,27,73,Paços de Ferreira,Vitória Guimarães II,2.35,0.82,2.45,1.09,2.26,1.0,59,37,2.03,1.57,3.6,34,True,True,True,True,True,False,True,LigaPro_Portugal_2a_división,,,,,2019-03-02 11:00:00
2018-2019,24,2,1,3,6,1,7,1,4,0,2,6,5,5,5,11,10,20,17,59,41,Estádio EFAPEL,"Rua Dom Manuel I, Coimbra",1,7,2.0,3.15,3.9,1.38,2.15,4.0,1.91,1.8,0.0,0.0,0.0,0.0,0.0,0.0,0.0,0.0,3,0,0,2,1,3,0,1551546000,179,0,33,0,2622,1,1,2,1,4,0,3,4,0,3,1,3,3,4,1,76,61,127,112,1.67,1.43,3.1,1,0,1,0,0,0,1,1,0,0,0,0,0,1,-1,-1,-1,-1,-1,-1,-1,-1,-1,29,67,25,63,Associação Académica de Coimbra OAF,FC Penafiel,1.76,0.88,1.67,0.92,1.61,1.35,71,34,1.86,1.34,3.2,34,True,True,True,False,False,False,True,LigaPro_Portugal_2a_división,,10.29,77%,40%,2019-03-02 17:00:00
2018-2019,24,1,0,1,6,6,12,1,2,0,0,3,5,6,6,9,11,18,16,52,48,Estádio 1º de Maio,", Braga",1,2,2.1,3.1,3.6,1.41,2.25,4.25,1.95,1.77,0.0,0.0,0.0,0.0,0.0,0.0,0.0,0.0,1,0,0,1,0,1,0,1551538800,1035,0,35,0,280,1,1,3,4,3,2,7,5,0,0,1,2,0,3,1,62,55,93,88,1.23,1.44,2.67,0,0,0,0,0,0,1,1,0,0,0,2,0,0,-1,-1,-1,-1,-1,-1,-1,-1,-1,30,61,26,48,Sporting Braga II,UD Oliveirense,1.29,0.88,1.25,0.73,0.96,1.26,70,39,1.94,1.23,3.17,34,True,False,False,False,False,False,False,LigaPro_Portugal_2a_división,,6.93,72%,40%,2019-03-02 15:00:00
2018-2019,24,1,0,1,9,2,11,4,1,0,0,6,3,7,4,13,7,24,17,57,43,Estádio Municipal José Martins Vieira,"Estrada do Brejo, Cova da Piedade, Almada",4,1,1.91,3.15,4.2,1.49,2.5,4.85,2.15,1.62,0.0,0.0,0.0,0.0,0.0,0.0,0.0,0.0,1,0,0,1,0,1,0,1551625200,1036,0,43,0,1675,1,1,4,2,5,0,6,5,0,0,4,1,0,5,1,85,64,108,93,1.85,1.12,2.97,0,0,0,0,0,0,1,1,0,0,1,0,0,0,-1,-1,-1,-1,-1,-1,-1,-1,-1,44,57,30,66,Cova Piedade,Farense,1.41,0.76,1.09,0.83,1.04,1.13,57,44,1.32,1.27,2.59,34,True,False,False,False,False,False,False,LigaPro_Portugal_2a_división,,10.29,72%,20%,2019-03-03 15:00:00
2018-2019,24,0,2,2,5,3,8,1,0,1,0,5,9,6,4,11,13,17,20,54,46,Estádio do Mar,"Lugar da Cruz de Pau, Matosinhos",3,0,1.74,3.55,4.7,1.36,2.15,3.9,2.0,1.74,0.0,0.0,0.0,0.0,0.0,0.0,0.0,0.0,2,0,0,0,2,2,0,1551625200,1032,0,46,0,656,1,1,3,1,2,2,4,4,0,0,2,0,0,2,1,84,71,113,112,1.65,1.97,3.62,0,0,0,0,0,0,1,1,0,0,0,1,0,0,-1,-1,-1,-1,-1,-1,-1,-1,-1,46,73,23,60,Leixões,Academico Viseu,1.82,0.71,2.09,0.45,1.35,1.04,55,27,1.71,1.6,3.31,34,True,True,False,False,False,False,False,LigaPro_Portugal_2a_división,,17.22,82%,75%,2019-03-03 15:00:00
2018-2019,24,1,1,2,5,6,11,2,4,0,2,4,7,8,2,12,9,21,24,56,44,Estádio Dr. Jorge Sampaio,"Rua da Paradela, Pedroso, Vila Nova de Gaia",2,7,2.45,3.2,2.8,1.36,2.1,3.9,1.87,1.87,0.0,0.0,0.0,0.0,0.0,0.0,0.0,0.0,2,0,0,1,1,2,0,1551625200,-1,0,50,0,1167,1,1,1,5,4,1,6,5,0,0,2,6,0,8,1,73,60,90,72,1.56,1.49,3.05,0,0,0,0,0,0,1,1,0,0,0,0,0,0,-1,-1,-1,-1,-1,-1,-1,-1,-1,50,73,27,69,Porto II,Famalicão,1.82,1.76,2.09,1.82,1.43,2.04,50,27,1.87,1.41,3.28,34,True,True,False,False,False,False,True,LigaPro_Portugal_2a_división,,,,,2019-03-03 15:00:00
2018-2019,24,2,0,2,5,3,8,1,0,0,0,4,3,2,3,6,6,16,14,39,61,Estádio Municipal José dos Santos Pinto,"Rua Viriato, Covilhã",1,0,2.6,3.1,2.7,1.33,2.05,3.65,1.8,1.95,0.0,0.0,0.0,0.0,0.0,0.0,0.0,0.0,2,1,0,1,0,1,1,1551611700,1026,0,39,0,842,1,1,4,2,1,1,6,2,0,0,1,0,0,1,1,56,70,102,142,1.07,1.11,2.19,0,0,0,0,0,0,1,1,0,0,1,0,0,0,-1,-1,-1,-1,-1,-1,-1,-1,-1,35,48,22,57,Sporting Covilhã,Benfica II,1.76,1.18,1.73,1.17,1.22,1.65,66,53,1.44,1.6,3.04,34,True,True,False,False,False,False,False,LigaPro_Portugal_2a_división,,5.73,67%,64%,2019-03-03 11:15:00
2018-2019,24,1,1,2,5,5,10,2,2,0,1,3,5,5,5,8,10,18,19,52,48,Estádio Municipal de Mafra,"Av. Dr. Francisco Sá Carneiro, Mafra",2,3,2.55,3.1,2.8,1.44,2.35,4.55,2.0,1.74,0.0,0.0,0.0,0.0,0.0,0.0,0.0,0.0,2,0,1,1,0,1,1,1551538800,-1,0,56,0,413,1,1,2,2,3,3,4,6,1,0,1,3,1,4,1,38,42,72,75,0.99,1.29,2.28,0,0,0,0,0,0,1,1,0,1,0,1,1,0,-1,-1,-1,-1,-1,-1,-1,-1,-1,31,78,22,70,CD Mafra,FC Arouca,1.53,0.82,1.67,1.0,1.43,1.3,70,22,1.57,1.64,3.21,34,True,True,False,False,False,False,True,LigaPro_Portugal_2a_división,,16.11,63%,20%,2019-03-02 15:00:00
2018-2019,24,0,0,0,6,7,13,0,2,0,0,4,3,5,8,9,11,14,20,50,50,Estádio Varzim Sport Club,"Rua do Varzim Sport Club, Póvoa de Varzim",0,2,3.45,3.2,2.1,1.43,2.3,4.35,2.0,1.71,0.0,1.83,0.0,1.83,0.0,0.0,0.0,0.0,0,0,0,0,0,0,0,1551632400,-1,0,46,0,-1,1,1,3,5,1,2,8,3,0,0,0,2,0,2,1,71,75,92,99,1.36,1.45,2.81,0,0,0,0,0,0,1,1,0,0,0,1,0,0,-1,-1,-1,-1,-1,-1,-1,-1,-1,36,69,23,55,Varzim,GD Estoril Praia,1.47,1.29,1.27,1.55,1.13,1.74,64,32,1.36,1.54,2.9,34,False,False,False,False,False,False,False,LigaPro_Portugal_2a_división,,,,,2019-03-03 17:00:00
2018-2019,25,0,1,1,5,4,9,2,3,0,0,4,4,9,3,13,7,21,15,53,47,Estádio Municipal de Arouca,"Afonso Pinto Magalhães Valdasna, Arouca",2,3,1.67,3.45,5.4,1.4,2.25,4.25,2.15,1.62,0.0,0.0,0.0,0.0,0.0,0.0,0.0,0.0,1,0,0,0,1,1,0,1552237200,1036,0,42,0,900,1,1,4,3,1,1,7,2,0,0,2,3,0,5,1,66,58,95,84,1.58,1.15,2.72,0,0,0,0,0,0,1,1,0,0,1,1,0,0,-1,-1,-1,-1,-1,-1,-1,-1,-1,46,71,17,71,FC Arouca,Cova Piedade,1.53,1.06,1.58,1.0,1.29,1.13,54,29,1.72,1.49,3.21,34,True,False,False,False,False,False,False,LigaPro_Portugal_2a_división,,12.75,87%,40%,2019-03-10 17:00:00
2018-2019,25,0,1,1,4,6,10,2,0,0,0,3,9,6,10,9,19,14,15,45,55,Caixa Futebol Campus,", Seixal",2,0,3.3,3.1,2.2,1.38,2.15,4.0,1.91,1.83,0.0,0.0,0.0,0.0,0.0,0.0,0.0,0.0,1,0,0,0,1,1,0,1552143600,173,0,39,0,-1,1,1,1,3,3,3,4,6,1,0,1,0,1,1,1,70,92,84,120,1.28,2.49,3.77,0,0,0,0,0,0,1,1,0,0,0,0,0,0,-1,-1,-1,-1,-1,-1,-1,-1,-1,57,61,18,79,Benfica II,Paços de Ferreira,1.88,2.0,2.18,2.08,1.58,2.29,43,39,1.69,1.71,3.4,34,True,False,False,False,False,False,False,LigaPro_Portugal_2a_división,,5.82,59%,20%,2019-03-09 15:00:00
2018-2019,25,1,0,1,15,1,16,3,1,0,0,8,0,7,5,15,5,20,20,54,46,Estádio António Coimbra da Mota,"Rua Dom Bosco, Estoril",3,1,1.5,3.8,6.7,1.39,2.2,4.15,2.3,1.56,1.4,1.72,2.75,2.0,0.0,0.0,0.0,0.0,1,0,0,1,0,1,0,1552216500,164,0,59,0,856,1,1,3,1,12,0,4,12,2,0,1,1,2,2,1,104,66,110,103,2.25,0.8,3.05,0,0,0,0,0,0,1,1,0,0,1,0,0,0,-1,-1,-1,-1,-1,-1,-1,-1,-1,55,71,38,79,GD Estoril Praia,Vitória Guimarães II,1.88,0.82,1.92,1.0,1.71,0.96,46,30,1.56,1.56,3.12,34,True,False,False,False,False,False,False,LigaPro_Portugal_2a_división,,16.11,82%,40%,2019-03-10 11:15:00
2018-2019,25,3,0,3,5,5,10,2,1,0,0,8,2,7,5,15,7,8,13,49,51,Estádio de São Lúis,"Rua do Sporting Club Farense, Faro",2,1,1.87,3.1,4.55,1.54,2.65,5.4,2.3,1.56,0.0,0.0,0.0,0.0,0.0,0.0,0.0,0.0,3,2,0,1,0,1,2,1552230000,4866,0,18,0,1665,1,1,4,1,1,4,5,5,1,1,1,0,2,1,1,64,65,124,153,1.98,1.07,3.05,0,0,0,0,0,0,1,1,1,0,2,0,0,0,-1,-1,-1,-1,-1,-1,-1,-1,-1,22,39,9,47,Farense,Varzim,1.76,0.94,1.45,1.0,1.08,1.13,78,61,1.61,1.07,2.68,34,True,True,True,False,False,False,False,LigaPro_Portugal_2a_división,,8.05,46%,0%,2019-03-10 15:00:00
2018-2019,25,3,2,5,5,9,14,1,2,0,0,6,5,7,6,13,11,19,9,36,64,Estádio Municipal 25 de Abril,"Rua Futebol Clube de Penafiel, Penafiel",1,2,2.1,3.25,3.4,1.38,2.15,4.0,1.91,1.8,0.0,1.72,0.0,2.0,0.0,0.0,0.0,0.0,5,2,1,1,1,2,3,1552237200,182,0,50,0,548,1,1,3,4,2,5,7,7,0,0,1,2,0,3,1,47,76,87,101,1.58,1.59,3.18,0,0,0,0,0,0,1,1,1,0,1,1,0,0,-1,-1,-1,-1,-1,-1,-1,-1,-1,60,69,41,73,FC Penafiel,CD Mafra,1.76,0.88,1.82,1.18,1.29,1.42,41,32,1.73,1.6,3.33,34,True,True,True,True,True,False,True,LigaPro_Portugal_2a_división,,12.75,87%,40%,2019-03-10 17:00:00
2018-2019,25,1,0,1,4,2,6,0,2,0,0,4,5,5,4,9,9,17,27,47,53,Estádio Dr. Jorge Sampaio,"Rua da Paradela, Pedroso, Vila Nova de Gaia",0,2,2.25,3.2,3.15,1.4,2.25,4.25,1.95,1.8,0.0,1.72,0.0,2.0,0.0,0.0,0.0,0.0,1,0,0,1,0,1,0,1552152600,1037,0,46,0,482,1,1,3,1,1,1,4,2,0,1,0,1,1,1,1,42,52,87,102,1.16,1.3,2.46,0,0,0,0,0,0,1,1,0,0,2,0,0,0,-1,-1,-1,-1,-1,-1,-1,-1,-1,42,75,29,59,Porto II,Leixões,1.82,0.82,2.0,0.67,1.42,1.29,59,25,1.84,1.51,3.35,34,True,False,False,False,False,False,False,LigaPro_Portugal_2a_división,,,,,2019-03-09 17:30:00
2018-2019,25,1,2,3,12,0,12,1,3,0,0,11,6,18,2,29,8,16,24,59,41,Estádio Municipal 22 de Junho,"Alameda dos Bargos, Vila Nova de Famalicão",1,3,1.67,3.4,5.45,1.36,2.1,3.9,2.0,1.74,0.0,0.0,0.0,0.0,0.0,0.0,0.0,0.0,3,0,1,1,1,2,1,1552129200,1035,0,35,0,2996,1,1,7,0,5,0,7,5,1,1,0,2,2,2,1,84,28,106,73,3.19,1.13,4.32,0,1,0,1,0,0,1,1,0,1,0,0,1,0,-1,-1,-1,-1,-1,-1,-1,-1,-1,44,70,17,61,Famalicão,Sporting Braga II,2.29,0.88,2.25,0.64,2.0,1.04,56,30,1.67,1.38,3.05,34,True,True,True,False,False,False,True,LigaPro_Portugal_2a_división,,,,,2019-03-09 11:00:00
2018-2019,25,1,2,3,6,2,8,4,3,0,0,3,6,5,3,8,9,23,28,60,40,Estádio Municipal do Fontelo,"Avenida José Relvas, Viseu",4,3,2.55,3.05,2.8,1.38,2.2,4.1,1.87,1.83,0.0,0.0,0.0,0.0,0.0,0.0,0.0,0.0,3,0,1,1,1,2,1,1552230000,179,0,43,0,1225,1,1,2,2,4,0,4,4,0,1,4,2,1,6,1,83,54,141,114,1.33,1.39,2.72,0,0,0,0,0,0,1,1,0,0,1,1,0,0,-1,-1,-1,-1,-1,-1,-1,-1,-1,47,65,43,65,Academico Viseu,Associação Académica de Coimbra OAF,1.82,1.24,1.58,1.55,1.13,1.67,53,35,1.79,1.38,3.17,34,True,True,True,False,False,False,True,LigaPro_Portugal_2a_división,,11.41,77%,40%,2019-03-10 15:00:00
2018-2019,25,1,2,3,6,5,11,3,1,0,0,3,6,10,0,13,6,16,24,56,44,Estádio Dr. Jorge Sampaio,"Rua da Paradela, Pedroso, Vila Nova de Gaia",3,1,2.25,3.0,3.35,1.5,2.5,4.95,2.1,1.65,0.0,0.0,0.0,0.0,0.0,0.0,0.0,0.0,3,1,2,0,0,0,3,1552230000,1026,0,67,0,364,1,1,2,1,4,4,3,8,1,0,2,1,1,3,1,75,65,106,87,1.57,1.27,2.85,0,0,0,0,0,0,1,1,0,0,1,0,0,0,-1,-1,-1,-1,-1,-1,-1,-1,-1,63,84,46,84,UD Oliveirense,Sporting Covilhã,1.65,1.12,1.75,0.75,1.21,1.29,38,17,1.5,1.36,2.86,34,True,True,True,False,False,False,True,LigaPro_Portugal_2a_división,,,,,2019-03-10 15:00:00
2018-2019,26,2,0,2,3,12,15,4,1,0,0,3,2,4,6,7,8,15,21,44,56,Estádio Municipal José dos Santos Pinto,"Rua Viriato, Covilhã",4,1,2.95,2.95,2.5,1.51,2.6,5.15,2.15,1.65,0.0,0.0,0.0,0.0,0.0,0.0,0.0,0.0,2,0,0,2,0,2,0,1552834800,1026,0,42,0,1227,1,1,2,5,1,7,7,8,2,0,2,1,2,3,1,55,100,115,128,1.06,1.37,2.44,0,0,0,0,0,0,1,1,0,0,0,2,0,0,-1,-1,-1,-1,-1,-1,-1,-1,-1,38,59,17,58,Sporting Covilhã,Famalicão,1.76,1.76,1.83,1.75,1.36,1.92,63,42,1.41,1.42,2.83,34,True,True,False,False,False,False,False,LigaPro_Portugal_2a_división,,5.99,71%,8%,2019-03-17 15:00:00
2018-2019,26,2,1,3,12,5,17,1,0,0,0,7,4,4,5,11,9,15,8,63,37,Caixa Futebol Campus,", Seixal",1,0,2.0,3.25,3.7,1.29,1.95,3.35,1.74,2.0,0.0,0.0,0.0,0.0,0.0,0.0,0.0,0.0,3,0,0,2,1,3,0,1552748400,1031,0,40,0,549,1,1,3,3,9,2,6,11,0,0,1,0,0,1,1,101,47,126,81,1.92,1.19,3.11,0,0,0,0,0,0,1,1,0,0,0,1,0,0,-1,-1,-1,-1,-1,-1,-1,-1,-1,48,68,24,69,Benfica II,FC Penafiel,1.88,0.88,2.0,0.85,1.52,1.36,52,33,1.66,1.34,3.0,34,True,True,True,False,False,False,True,LigaPro_Portugal_2a_división,,6.93,49%,20%,2019-03-16 15:00:00
2018-2019,26,2,2,4,2,7,9,4,3,0,0,6,5,8,5,14,10,19,21,52,48,Estádio Municipal de Mafra,"Av. Dr. Francisco Sá Carneiro, Mafra",4,3,2.05,3.3,3.45,1.28,1.87,3.2,1.71,2.05,0.0,1.66,0.0,2.1,0.0,0.0,0.0,0.0,4,1,0,1,2,3,1,1552748400,-1,0,47,0,456,1,1,2,5,0,2,7,2,2,0,2,3,2,5,1,80,80,115,117,1.88,1.57,3.45,0,0,0,0,0,0,1,1,1,0,1,3,1,0,-1,-1,-1,-1,-1,-1,-1,-1,-1,28,80,20,60,CD Mafra,Academico Viseu,1.53,0.71,1.62,0.67,1.36,1.08,72,20,1.53,1.63,3.16,34,True,True,True,True,False,False,True,LigaPro_Portugal_2a_división,,3.36,56%,0%,2019-03-16 15:00:00
2018-2019,26,1,1,2,3,8,11,5,2,2,0,3,6,4,8,7,14,22,14,31,69,Estádio Municipal José Martins Vieira,"Estrada do Brejo, Cova da Piedade, Almada",8,2,2.25,3.1,3.25,1.39,2.2,4.15,1.91,1.83,0.0,0.0,0.0,0.0,0.0,0.0,0.0,0.0,2,1,0,0,1,1,1,1552834800,-1,0,34,0,1943,1,1,2,4,1,4,6,5,2,2,5,0,4,5,1,60,82,70,115,1.09,1.9,2.98,0,1,0,1,0,0,1,1,0,0,0,0,0,0,-1,-1,-1,-1,-1,-1,-1,-1,-1,42,54,25,71,Cova Piedade,Porto II,1.41,0.76,1.25,0.83,1.2,1.48,58,46,1.37,1.42,2.79,34,True,True,False,False,False,False,True,LigaPro_Portugal_2a_división,,6.93,67%,75%,2019-03-17 15:00:00
2018-2019,26,1,0,1,5,3,8,4,2,0,1,4,4,11,4,15,8,14,8,54,46,Estádio Dom Afonso Henriques,"Rua de São Gonçalo 505, Guimarães",4,3,2.15,3.2,3.35,1.43,2.3,4.35,2.0,1.74,0.0,0.0,0.0,0.0,0.0,0.0,0.0,0.0,1,0,0,1,0,1,0,1552842000,1027,0,48,0,1096,1,1,2,0,3,3,2,6,1,1,3,2,2,5,1,66,50,108,81,1.7,1.15,2.85,0,0,0,0,0,0,1,1,0,0,0,0,0,0,-1,-1,-1,-1,-1,-1,-1,-1,-1,32,56,36,69,Vitória Guimarães II,Farense,1.0,0.76,0.92,0.77,0.92,1.16,69,44,1.61,1.26,2.87,34,True,False,False,False,False,False,False,LigaPro_Portugal_2a_división,,13.87,76%,20%,2019-03-17 17:00:00
2018-2019,26,1,0,1,4,5,9,0,4,0,0,3,3,14,8,17,11,17,12,50,50,Estádio EFAPEL,"Rua Dom Manuel I, Coimbra",0,4,1.77,3.4,4.7,1.35,2.1,3.8,1.95,1.77,1.29,1.5,3.3,2.4,0.0,0.0,0.0,0.0,1,0,0,1,0,1,0,1552734000,179,0,40,0,2479,1,1,2,1,2,4,3,6,0,2,0,2,2,2,1,81,66,126,102,1.87,1.38,3.25,0,0,0,0,0,0,1,1,0,0,1,0,0,0,-1,-1,-1,-1,-1,-1,-1,-1,-1,45,73,12,61,Associação Académica de Coimbra OAF,Sporting Braga II,1.76,0.88,1.77,0.83,1.72,1.12,56,28,1.85,1.36,3.21,34,True,False,False,False,False,False,False,LigaPro_Portugal_2a_división,,2.24,100%,75%,2019-03-16 11:00:00
2018-2019,26,1,1,2,8,3,11,1,1,0,0,9,5,13,5,22,10,18,13,55,45,Estádio da Capital do Móvel,"Rua do Estádio, Apartado 26, Paços de Ferreira",1,1,1.77,3.5,4.55,1.44,2.35,4.55,2.2,1.61,1.29,1.5,3.3,2.4,0.0,0.0,0.0,0.0,2,0,1,1,0,1,1,1552821300,-1,0,25,0,4229,1,1,5,3,3,0,8,3,1,0,0,1,1,1,1,102,68,124,97,2.75,1.48,4.22,0,0,0,0,0,0,1,1,0,0,1,2,0,0,-1,-1,-1,-1,-1,-1,-1,-1,-1,25,59,25,63,Paços de Ferreira,GD Estoril Praia,2.35,1.29,2.5,1.5,2.32,1.76,75,42,2.04,1.53,3.57,34,True,True,False,False,False,False,True,LigaPro_Portugal_2a_división,,,,,2019-03-17 11:15:00
2018-2019,26,1,0,1,4,8,12,3,3,1,0,6,6,4,5,10,11,13,18,43,57,Estádio do Mar,"Lugar da Cruz de Pau, Matosinhos",4,3,2.4,3.0,3.05,1.45,2.4,4.6,2.0,1.74,0.0,1.71,0.0,1.95,0.0,0.0,0.0,0.0,1,1,0,0,0,0,1,1552748400,1030,0,54,0,626,1,1,2,6,2,2,8,4,2,1,2,2,3,4,1,67,101,75,92,1.53,1.84,3.37,0,0,0,0,0,0,1,1,0,0,0,1,0,0,-1,-1,-1,-1,-1,-1,-1,-1,-1,42,75,21,67,Leixões,FC Arouca,1.82,0.82,1.92,1.0,1.24,1.24,59,25,1.7,1.61,3.31,34,True,False,False,False,False,False,False,LigaPro_Portugal_2a_división,,8.05,87%,75%,2019-03-16 15:00:00
2018-2019,26,1,1,2,7,10,17,3,5,2,0,7,5,5,3,12,8,14,19,43,57,Estádio Varzim Sport Club,"Rua do Varzim Sport Club, Póvoa de Varzim",7,5,2.75,2.9,2.7,1.51,2.6,5.15,2.1,1.67,0.0,1.71,0.0,1.95,0.0,0.0,0.0,0.0,2,0,0,1,1,2,0,1552834800,-1,0,46,0,1916,1,1,3,4,4,6,7,10,1,1,4,4,2,8,1,59,76,83,98,1.67,1.41,3.08,0,0,0,0,0,0,1,1,0,0,1,1,0,0,-1,-1,-1,-1,-1,-1,-1,-1,-1,34,58,17,46,Varzim,UD Oliveirense,1.47,0.88,1.25,0.67,1.08,1.16,67,42,1.36,1.25,2.61,34,True,True,False,False,False,False,True,LigaPro_Portugal_2a_división,,,,,2019-03-17 15:00:00
2018-2019,27,1,0,1,4,1,5,2,2,0,1,5,2,8,5,13,7,25,17,49,51,Estádio Municipal do Fontelo,"Avenida José Relvas, Viseu",2,3,1.87,3.35,4.1,1.38,2.2,4.1,2.0,1.74,0.0,0.0,0.0,0.0,0.0,0.0,0.0,0.0,1,0,0,1,0,1,0,1554044400,1032,0,35,0,882,1,1,0,0,4,1,0,5,0,0,2,3,0,5,1,86,53,99,98,1.79,0.97,2.76,0,0,0,0,0,0,1,1,0,0,0,0,0,0,-1,-1,-1,-1,-1,-1,-1,-1,-1,46,58,35,73,Academico Viseu,Varzim,1.82,0.94,1.46,0.92,1.08,1.08,54,43,1.75,1.07,2.82,34,True,False,False,False,False,False,False,LigaPro_Portugal_2a_división,,5.82,52%,40%,2019-03-31 15:00:00
2018-2019,27,1,1,2,6,4,10,4,3,1,0,5,4,11,8,16,12,12,25,54,46,Estádio 1º de Maio,", Braga",5,3,2.65,2.9,2.8,1.38,2.2,4.1,1.87,1.87,0.0,0.0,0.0,0.0,0.0,0.0,0.0,0.0,2,0,1,1,0,1,1,1554044400,-1,0,31,0,392,1,1,1,3,5,1,4,6,2,0,3,3,2,6,1,86,53,87,84,1.97,1.42,3.39,0,1,0,1,0,0,1,1,0,0,0,0,1,0,-1,-1,-1,-1,-1,-1,-1,-1,-1,31,58,27,46,Sporting Braga II,Leixões,1.29,0.82,1.38,0.62,1.08,1.31,69,42,1.88,1.5,3.38,34,True,True,False,False,False,False,True,LigaPro_Portugal_2a_división,,10.29,42%,20%,2019-03-31 15:00:00
2018-2019,27,3,1,4,6,7,13,2,3,0,0,8,4,2,5,10,9,24,16,47,53,Estádio Municipal 22 de Junho,"Alameda dos Bargos, Vila Nova de Famalicão",2,3,1.57,3.8,5.85,1.36,2.15,3.9,2.15,1.65,0.0,0.0,0.0,0.0,0.0,0.0,0.0,0.0,4,2,0,1,1,2,2,1554051600,1033,0,38,0,4011,1,1,4,2,2,5,6,7,1,2,1,1,3,2,1,52,71,85,81,1.57,1.36,2.93,0,0,0,0,0,0,1,1,1,0,0,0,0,1,-1,-1,-1,-1,-1,-1,-1,-1,-1,42,62,16,58,Famalicão,Cova Piedade,2.29,1.06,2.08,1.15,1.85,1.19,58,38,1.78,1.46,3.24,34,True,True,True,True,False,False,True,LigaPro_Portugal_2a_división,,,,,2019-03-31 17:00:00
2018-2019,27,1,1,2,10,10,20,4,2,0,0,5,4,8,12,13,16,12,13,35,65,Estádio Municipal 25 de Abril,"Rua Futebol Clube de Penafiel, Penafiel",4,2,4.0,3.25,1.95,1.39,2.2,4.15,2.0,1.74,0.0,0.0,0.0,0.0,0.0,0.0,0.0,0.0,2,1,1,0,0,0,2,1553943600,-1,0,41,0,1468,1,1,4,9,6,1,13,7,1,0,3,2,1,5,1,67,118,82,131,1.65,2.14,3.79,0,0,0,0,0,0,1,1,0,0,1,2,0,0,-1,-1,-1,-1,-1,-1,-1,-1,-1,52,65,20,68,FC Penafiel,Paços de Ferreira,1.76,2.0,1.92,2.15,1.31,2.27,48,36,1.72,1.77,3.49,34,True,True,False,False,False,False,True,LigaPro_Portugal_2a_división,,5.82,48%,20%,2019-03-30 11:00:00
2018-2019,27,3,0,3,5,5,10,0,2,0,0,7,6,7,9,14,15,16,11,49,51,Estádio Dr. Jorge Sampaio,"Rua da Paradela, Pedroso, Vila Nova de Gaia",0,2,2.0,3.3,3.65,1.32,2.0,3.5,1.8,1.95,0.0,1.83,0.0,1.83,0.0,0.0,0.0,0.0,3,1,0,2,0,2,1,1553961600,1037,0,52,0,223,1,1,0,1,5,4,1,9,0,0,0,2,0,2,1,69,63,124,122,1.88,1.83,3.71,0,0,0,0,0,0,1,1,0,0,0,0,0,0,-1,-1,-1,-1,-1,-1,-1,-1,-1,57,72,49,73,Porto II,CD Mafra,1.82,0.88,2.08,1.08,1.46,1.35,44,28,1.79,1.6,3.39,34,True,True,True,False,False,False,False,LigaPro_Portugal_2a_división,,5.82,47%,75%,2019-03-30 16:00:00
2018-2019,27,2,1,3,8,2,10,4,2,0,0,7,5,8,2,15,7,17,16,54,46,Estádio Municipal de Arouca,"Afonso Pinto Magalhães Valdasna, Arouca",4,2,2.45,2.95,3.0,1.5,2.55,5.05,2.1,1.67,0.0,0.0,0.0,0.0,0.0,0.0,0.0,0.0,3,1,0,1,1,2,1,1554051600,167,0,36,0,1370,1,1,4,0,4,2,4,6,1,1,3,1,2,4,1,82,62,113,110,2.03,1.25,3.28,0,0,0,0,0,0,1,1,0,0,1,0,0,0,-1,-1,-1,-1,-1,-1,-1,-1,-1,36,64,24,68,FC Arouca,Associação Académica de Coimbra OAF,1.53,1.24,1.46,1.67,1.19,1.77,65,37,1.71,1.38,3.09,34,True,True,True,False,False,False,True,LigaPro_Portugal_2a_división,,5.82,48%,0%,2019-03-31 17:00:00
2018-2019,27,1,0,1,4,3,7,2,4,0,0,4,3,4,12,8,15,11,17,46,54,Estádio de São Lúis,"Rua do Sporting Club Farense, Faro",2,4,2.55,3.0,2.85,1.48,2.45,4.8,2.05,1.69,0.0,0.0,0.0,0.0,0.0,0.0,0.0,0.0,1,1,0,0,0,0,1,1554044400,4866,0,44,0,6140,1,1,2,2,2,1,4,3,0,1,2,3,1,5,1,40,53,59,73,1.07,1.53,2.61,0,0,0,0,0,0,1,1,0,0,1,1,0,0,-1,-1,-1,-1,-1,-1,-1,-1,-1,51,64,36,55,Farense,Sporting Covilhã,1.76,1.12,1.58,0.92,1.12,1.42,49,37,1.64,1.35,2.99,34,True,False,False,False,False,False,False,LigaPro_Portugal_2a_división,,4.7,77%,75%,2019-03-31 15:00:00
2018-2019,27,1,3,4,7,4,11,1,1,0,0,10,7,9,1,19,8,13,15,58,42,Estádio António Coimbra da Mota,"Rua Dom Bosco, Estoril",1,1,1.77,3.5,4.5,1.36,2.15,3.9,2.0,1.74,0.0,0.0,0.0,0.0,0.0,0.0,0.0,0.0,4,0,3,1,0,1,3,1554027300,1031,0,42,0,1382,1,1,2,1,5,3,3,8,1,1,0,0,2,0,1,122,64,128,93,2.77,1.46,4.23,0,0,0,0,0,0,1,1,0,1,1,1,0,0,-1,-1,-1,-1,-1,-1,-1,-1,-1,35,54,27,70,GD Estoril Praia,Benfica II,1.88,1.18,2.0,1.08,1.73,1.58,66,46,1.61,1.57,3.18,34,True,True,True,True,False,False,True,LigaPro_Portugal_2a_división,,5.82,55%,20%,2019-03-31 10:15:00
2018-2019,27,0,0,0,8,6,14,1,2,0,0,3,5,6,6,9,11,17,19,51,49,Estádio Municipal de Aveiro,"Parque da Cidade, Taboeira, Aveiro",1,2,2.05,3.2,3.7,1.35,2.1,3.8,1.87,1.87,0.0,0.0,0.0,0.0,0.0,0.0,0.0,0.0,0,0,0,0,0,0,0,1554051600,-1,0,73,0,403,1,1,3,4,5,2,7,7,1,1,0,1,2,1,1,61,74,130,135,1.23,1.59,2.82,0,0,0,0,0,0,1,1,0,0,0,2,0,0,-1,-1,-1,-1,-1,-1,-1,-1,-1,62,85,42,81,UD Oliveirense,Vitória Guimarães II,1.65,0.82,1.62,0.92,1.15,1.0,38,16,1.51,1.5,3.01,34,False,False,False,False,False,False,False,LigaPro_Portugal_2a_división,,5.82,48%,0%,2019-03-31 17:00:00
2018-2019,28,1,2,3,5,6,11,2,5,0,0,4,3,8,4,12,7,15,13,50,50,Estádio Municipal José dos Santos Pinto,"Rua Viriato, Covilhã",2,5,2.65,3.0,2.75,1.47,2.4,4.7,2.0,1.71,0.0,1.72,0.0,2.0,0.0,0.0,0.0,0.0,3,1,1,0,1,1,2,1554649200,164,0,31,0,358,1,1,3,3,2,3,6,5,1,3,1,2,4,3,1,61,67,134,125,1.49,1.15,2.64,0,0,0,0,0,0,1,1,0,0,1,2,0,1,-1,-1,-1,-1,-1,-1,-1,-1,-1,27,62,19,54,Sporting Covilhã,GD Estoril Praia,1.76,1.29,1.92,1.46,1.37,1.67,73,39,1.39,1.53,2.92,34,True,True,True,False,False,False,True,LigaPro_Portugal_2a_división,,11.99,89%,92%,2019-04-07 15:00:00
2018-2019,28,4,5,9,0,9,9,1,4,0,0,6,10,1,12,7,22,13,12,41,59,Estádio Dom Afonso Henriques,"Rua de São Gonçalo 505, Guimarães",1,4,2.2,3.15,3.25,1.39,2.2,4.15,1.91,1.8,0.0,0.0,0.0,0.0,0.0,0.0,0.0,0.0,9,2,0,2,5,7,2,1554742800,182,0,41,0,831,1,1,0,2,0,7,2,7,1,1,0,3,2,3,1,43,86,92,95,1.18,2.69,3.88,0,0,0,0,0,0,1,1,1,0,0,0,0,0,-1,-1,-1,-1,-1,-1,-1,-1,-1,33,67,30,63,Vitória Guimarães II,FC Penafiel,1.0,0.88,1.08,0.79,1.0,1.3,67,34,1.62,1.33,2.95,34,True,True,True,True,True,True,True,LigaPro_Portugal_2a_división,,13.87,76%,20%,2019-04-08 17:00:00
2018-2019,28,2,1,3,0,3,3,4,2,0,0,4,5,2,6,6,11,15,20,41,59,Estádio Municipal José Martins Vieira,"Estrada do Brejo, Cova da Piedade, Almada",4,2,2.3,3.15,3.1,1.36,2.1,3.85,1.83,1.87,0.0,0.0,0.0,0.0,0.0,0.0,0.0,0.0,3,1,0,1,1,2,1,1554562800,1036,0,31,0,1174,1,1,0,0,0,3,0,3,2,0,2,2,2,4,1,66,82,103,136,1.14,1.65,2.79,0,0,0,0,0,0,1,1,0,0,0,0,0,0,-1,-1,-1,-1,-1,-1,-1,-1,-1,38,66,15,62,Cova Piedade,Academico Viseu,1.41,0.71,1.23,0.69,1.15,1.15,62,35,1.34,1.63,2.97,34,True,True,True,False,False,False,True,LigaPro_Portugal_2a_división,,16.11,54%,40%,2019-04-06 15:00:00
2018-2019,28,3,1,4,3,2,5,0,3,0,0,6,4,9,3,15,7,18,12,60,40,Caixa Futebol Campus,", Seixal",0,3,1.69,3.6,4.95,1.35,2.1,3.8,2.0,1.71,0.0,0.0,0.0,0.0,0.0,0.0,0.0,0.0,4,1,1,2,0,2,2,1554487200,1031,0,48,0,-1,1,1,2,2,1,0,4,1,0,1,0,2,1,2,1,78,67,103,94,1.93,1.21,3.14,0,0,0,0,0,0,1,1,0,0,1,0,0,0,-1,-1,-1,-1,-1,-1,-1,-1,-1,49,56,26,63,Benfica II,Farense,1.88,0.76,2.08,0.71,1.63,1.19,51,44,1.68,1.25,2.93,34,True,True,True,True,False,False,True,LigaPro_Portugal_2a_división,,8.05,76%,40%,2019-04-05 18:00:00
2018-2019,28,4,1,5,4,7,11,2,4,0,0,6,5,6,11,12,16,17,10,44,56,Estádio EFAPEL,"Rua Dom Manuel I, Coimbra",2,4,1.91,3.35,4.05,1.38,2.2,4.1,2.0,1.74,0.0,1.66,0.0,2.1,0.0,0.0,0.0,0.0,5,1,1,3,0,3,2,1554544800,179,0,41,0,2283,1,1,1,3,3,4,4,7,1,3,1,1,4,2,1,52,67,99,117,1.56,1.85,3.4,0,0,0,0,0,0,1,1,1,0,0,0,0,0,-1,-1,-1,-1,-1,-1,-1,-1,-1,34,60,23,68,Associação Académica de Coimbra OAF,Porto II,1.76,0.76,1.86,0.85,1.7,1.52,67,41,1.85,1.46,3.31,34,True,True,True,True,True,False,True,LigaPro_Portugal_2a_división,,13.87,71%,40%,2019-04-06 10:00:00
2018-2019,28,1,0,1,7,5,12,2,6,0,0,5,2,4,2,9,4,7,10,61,39,Estádio Varzim Sport Club,"Rua do Varzim Sport Club, Póvoa de Varzim",2,6,3.15,3.0,2.35,1.48,2.45,4.8,2.05,1.71,0.0,1.72,0.0,2.0,0.0,0.0,0.0,0.0,1,0,0,1,0,1,0,1554570000,1034,0,50,0,1083,1,1,2,4,5,1,6,6,1,0,1,6,1,7,1,72,43,149,98,1.46,0.72,2.18,0,0,0,0,0,0,1,1,0,0,1,0,0,0,-1,-1,-1,-1,-1,-1,-1,-1,-1,35,66,15,66,Varzim,FC Arouca,1.47,0.82,1.23,0.92,1.04,1.26,66,35,1.39,1.62,3.01,34,True,False,False,False,False,False,False,LigaPro_Portugal_2a_división,,6.93,71%,75%,2019-04-06 17:00:00
2018-2019,28,2,3,5,9,3,12,4,4,0,0,4,10,16,8,20,18,15,23,53,47,Estádio do Mar,"Lugar da Cruz de Pau, Matosinhos",4,4,2.75,3.05,2.6,1.47,2.4,4.7,2.0,1.71,1.29,1.57,3.3,2.25,0.0,0.0,0.0,0.0,5,1,1,1,2,3,2,1554632100,1033,0,54,0,974,1,1,4,2,5,1,6,6,1,1,3,3,2,6,1,85,71,90,89,2.14,2.34,4.48,0,0,0,0,0,0,1,1,0,0,0,2,0,0,-1,-1,-1,-1,-1,-1,-1,-1,-1,42,69,19,54,Leixões,Famalicão,1.82,1.76,2.0,1.62,1.3,1.89,58,31,1.69,1.42,3.11,34,True,True,True,True,True,False,True,LigaPro_Portugal_2a_división,,14.99,93%,90%,2019-04-07 10:15:00
2018-2019,28,1,1,2,5,8,13,2,2,1,0,3,4,8,7,11,11,19,16,52,48,Estádio Municipal de Mafra,"Av. Dr. Francisco Sá Carneiro, Mafra",3,2,2.05,3.25,3.5,1.29,1.95,3.35,1.77,2.0,0.0,0.0,0.0,0.0,0.0,0.0,0.0,0.0,2,1,0,0,1,1,1,1554562800,-1,0,55,0,446,1,1,2,4,3,4,6,7,1,1,2,1,2,3,1,86,88,121,110,1.53,1.61,3.14,0,0,0,0,0,0,1,1,0,0,2,0,0,0,-1,-1,-1,-1,-1,-1,-1,-1,-1,42,82,15,63,CD Mafra,Sporting Braga II,1.53,0.88,1.57,0.77,1.3,1.07,59,19,1.55,1.36,2.91,34,True,True,False,False,False,False,True,LigaPro_Portugal_2a_división,,17.22,58%,40%,2019-04-06 15:00:00
2018-2019,28,0,1,1,14,3,17,1,6,0,0,5,3,12,4,17,7,10,10,64,36,Estádio da Capital do Móvel,"Rua do Estádio, Apartado 26, Paços de Ferreira",1,6,1.36,4.65,8.0,1.3,1.95,3.4,2.3,1.56,0.0,0.0,0.0,0.0,0.0,0.0,0.0,0.0,1,0,1,0,0,0,1,1554649200,1038,0,35,0,3465,1,1,4,2,10,1,6,11,0,1,1,5,1,6,1,113,49,119,87,2.23,1.01,3.24,0,0,0,0,0,0,1,1,0,0,0,2,0,0,-1,-1,-1,-1,-1,-1,-1,-1,-1,23,58,19,58,Paços de Ferreira,UD Oliveirense,2.35,0.88,2.38,0.69,2.22,1.15,77,42,2.09,1.26,3.35,34,True,False,False,False,False,False,False,LigaPro_Portugal_2a_división,,16.11,100%,90%,2019-04-07 15:00:00
2018-2019,29,0,1,1,12,3,15,3,5,0,0,4,5,12,0,16,5,14,21,64,36,Estádio 1º de Maio,", Braga",3,5,2.15,3.0,3.6,1.44,2.35,4.5,2.0,1.71,1.22,1.44,3.7,2.5,1.57,3.6,2.3,1.25,1,0,1,0,0,0,1,1555081200,1036,0,36,0,453,1,1,3,2,9,1,5,10,1,3,2,2,4,4,1,85,34,103,74,1.9,0.92,2.82,0,0,0,0,0,0,1,1,0,0,1,0,0,0,-1,-1,-1,-1,-1,-1,-1,-1,-1,40,61,22,54,Sporting Braga II,Cova Piedade,1.29,1.06,1.36,1.07,1.07,1.21,61,40,1.89,1.46,3.35,34,True,False,False,False,False,False,False,LigaPro_Portugal_2a_división,,5.82,77%,0%,2019-04-12 15:00:00
2018-2019,29,1,0,1,7,3,10,0,2,0,0,4,3,8,8,12,11,16,15,45,55,Estádio do Mar,"Lugar da Cruz de Pau, Matosinhos",0,2,1.91,3.1,4.35,1.32,2.0,3.5,1.8,1.95,0.0,0.0,0.0,0.0,0.0,0.0,0.0,0.0,1,0,0,1,0,1,0,1555254000,1030,0,56,0,1421,1,1,3,1,4,2,4,6,0,1,0,1,1,1,1,93,65,100,116,1.71,1.38,3.09,0,0,0,0,0,0,1,1,0,0,0,0,0,0,-1,-1,-1,-1,-1,-1,-1,-1,-1,60,70,46,71,Leixões,CD Mafra,1.82,0.88,1.86,1.0,1.25,1.29,41,30,1.72,1.62,3.34,34,True,False,False,False,False,False,False,LigaPro_Portugal_2a_división,,6.93,93%,75%,2019-04-14 15:00:00
2018-2019,29,2,0,2,8,9,17,4,2,0,0,4,2,10,7,14,9,20,12,41,59,Estádio Municipal 25 de Abril,"Rua Futebol Clube de Penafiel, Penafiel",4,2,1.83,3.35,4.4,1.37,2.15,3.95,1.95,1.77,1.36,1.67,2.8,2.05,1.53,3.4,2.37,1.28,2,2,0,0,0,0,2,1555261200,182,0,31,0,489,1,1,6,2,2,7,8,9,3,0,1,2,3,3,1,69,96,82,110,1.66,1.4,3.06,0,0,0,0,0,0,1,1,0,0,2,0,0,0,-1,-1,-1,-1,-1,-1,-1,-1,-1,38,57,23,67,FC Penafiel,Varzim,1.76,0.94,1.85,0.86,1.36,1.11,63,44,1.72,1.06,2.78,34,True,True,False,False,False,False,False,LigaPro_Portugal_2a_división,,8.05,93%,40%,2019-04-14 17:00:00
2018-2019,29,1,1,2,9,2,11,4,2,0,0,2,6,7,2,9,8,21,15,56,44,Estádio Municipal de Arouca,"Afonso Pinto Magalhães Valdasna, Arouca",4,2,1.8,3.2,4.85,1.43,2.35,4.45,2.1,1.67,1.36,1.72,2.8,2.0,1.53,3.5,2.3,1.25,2,0,0,1,1,2,0,1555254000,-1,0,50,0,803,1,1,4,1,5,1,5,6,2,0,2,2,2,4,1,94,51,119,111,1.39,1.31,2.7,0,0,0,0,0,0,1,1,0,0,0,0,0,0,-1,-1,-1,-1,-1,-1,-1,-1,-1,54,71,36,79,FC Arouca,Sporting Covilhã,1.53,1.12,1.57,0.86,1.21,1.32,47,29,1.74,1.36,3.1,34,True,True,False,False,False,False,True,LigaPro_Portugal_2a_división,,6.93,93%,75%,2019-04-14 15:00:00
2018-2019,29,1,1,2,7,3,10,4,2,1,0,9,4,2,7,11,11,19,15,50,50,Estádio Dr. Jorge Sampaio,"Rua da Paradela, Pedroso, Vila Nova de Gaia",5,2,4.0,3.2,1.95,1.42,2.25,4.3,2.0,1.74,0.0,0.0,0.0,0.0,0.0,0.0,0.0,0.0,2,0,1,1,0,1,1,1555164000,-1,0,40,0,845,1,1,5,1,2,2,6,4,1,1,4,1,2,5,1,65,47,81,79,1.79,1.31,3.11,0,0,0,0,0,0,1,1,0,0,0,1,0,0,-1,-1,-1,-1,-1,-1,-1,-1,-1,47,68,25,68,Porto II,Paços de Ferreira,1.82,2.0,2.14,2.07,1.46,2.14,54,32,1.79,1.8,3.59,34,True,True,False,False,False,False,True,LigaPro_Portugal_2a_división,,,,,2019-04-13 14:00:00
2018-2019,29,2,0,2,4,7,11,5,2,0,0,7,3,9,4,16,7,15,12,39,61,Estádio Municipal 22 de Junho,"Alameda dos Bargos, Vila Nova de Famalicão",5,2,2.25,3.1,3.25,1.38,2.2,4.1,1.91,1.83,0.0,0.0,0.0,0.0,0.0,0.0,0.0,0.0,2,1,0,1,0,1,1,1555149600,1033,0,41,0,4922,1,1,2,4,2,3,6,5,1,0,4,2,1,6,1,68,83,92,103,1.99,1.26,3.24,0,0,0,0,0,0,1,1,1,0,1,0,0,0,-1,-1,-1,-1,-1,-1,-1,-1,-1,41,63,26,63,Famalicão,Associação Académica de Coimbra OAF,2.29,1.24,2.14,1.54,1.93,1.75,60,37,1.77,1.37,3.14,34,True,True,False,False,False,False,False,LigaPro_Portugal_2a_división,,9.17,58%,75%,2019-04-13 10:00:00
2018-2019,29,3,1,4,7,5,12,4,2,0,0,8,6,8,8,16,14,12,19,46,54,Estádio de São Lúis,"Rua do Sporting Club Farense, Faro",4,2,3.6,2.95,2.2,1.45,2.4,4.6,2.0,1.74,1.29,1.53,3.2,2.3,0.0,0.0,0.0,0.0,4,0,0,3,1,4,0,1555236900,4866,0,33,0,2731,1,1,2,0,5,5,2,10,1,1,3,1,2,4,1,72,77,105,110,2.09,1.86,3.95,0,0,0,0,0,0,1,1,0,0,1,0,1,0,-1,-1,-1,-1,-1,-1,-1,-1,-1,30,59,22,48,Farense,GD Estoril Praia,1.76,1.29,1.69,1.57,1.14,1.71,70,42,1.6,1.5,3.1,34,True,True,True,True,False,False,True,LigaPro_Portugal_2a_división,,6.93,68%,20%,2019-04-14 10:15:00
2018-2019,29,1,2,3,5,6,11,2,1,0,0,5,6,9,4,14,10,5,12,51,49,Estádio Municipal de Aveiro,"Parque da Cidade, Taboeira, Aveiro",2,1,2.55,3.2,2.7,1.3,1.95,3.4,1.74,2.0,1.22,1.44,3.7,2.5,1.53,3.4,2.37,1.28,3,0,1,1,1,2,1,1555095600,1031,0,61,0,481,1,1,0,3,5,3,3,8,0,0,2,1,0,3,1,73,58,121,93,1.77,1.47,3.24,0,0,0,0,0,0,1,1,0,0,0,0,0,0,-1,-1,-1,-1,-1,-1,-1,-1,-1,47,72,36,75,UD Oliveirense,Benfica II,1.65,1.18,1.57,1.21,1.21,1.68,54,29,1.49,1.56,3.05,34,True,True,True,False,False,False,True,LigaPro_Portugal_2a_división,,2.06,87%,0%,2019-04-12 19:00:00
2018-2019,29,5,2,7,8,2,10,3,3,0,0,11,4,13,7,24,11,10,16,59,41,Estádio Municipal do Fontelo,"Avenida José Relvas, Viseu",3,3,1.83,3.5,4.15,1.29,1.95,3.35,1.83,1.91,0.0,0.0,0.0,0.0,0.0,0.0,0.0,0.0,7,1,1,4,1,5,2,1555167600,1032,0,61,0,339,1,1,3,2,5,0,5,5,1,0,2,3,1,5,1,0,0,0,0,3.01,1.38,4.39,0,0,0,0,0,0,1,1,0,0,1,0,0,0,-1,-1,-1,-1,-1,-1,-1,-1,-1,61,71,43,68,Academico Viseu,Vitória Guimarães II,1.82,0.82,1.57,0.93,1.11,0.96,40,29,1.75,1.51,3.26,34,True,True,True,True,True,True,True,LigaPro_Portugal_2a_división,,,,,2019-04-13 15:00:00
2018-2019,30,2,1,3,6,1,7,0,2,0,2,10,7,10,4,20,11,11,17,61,39,Estádio Municipal José dos Santos Pinto,"Rua Viriato, Covilhã",0,5,2.05,3.2,3.65,1.36,2.1,3.85,1.87,1.83,1.36,1.72,2.8,2.0,0.0,0.0,0.0,0.0,3,0,1,2,0,2,1,1555668900,1026,0,40,0,393,1,1,3,1,3,0,4,3,0,0,0,4,0,4,1,101,42,144,117,2.69,1.5,4.19,0,0,0,0,0,0,1,1,0,1,0,1,0,0,-1,-1,-1,-1,-1,-1,-1,-1,-1,40,61,29,72,Sporting Covilhã,Porto II,1.76,0.76,1.79,0.79,1.31,1.45,61,40,1.39,1.49,2.88,34,True,True,True,False,False,False,True,LigaPro_Portugal_2a_división,,1.99,71%,66%,2019-04-19 10:15:00
2018-2019,30,1,1,2,4,2,6,4,4,0,0,5,9,3,4,8,13,15,14,51,49,Estádio de São Lúis,"Rua do Sporting Club Farense, Faro",4,4,2.25,3.15,3.25,1.28,1.91,3.25,1.69,2.05,1.25,1.44,3.5,2.5,0.0,0.0,0.0,0.0,2,1,0,0,1,1,1,1555693200,-1,0,38,0,3459,1,1,1,0,3,2,1,5,0,1,4,3,1,7,1,72,65,118,128,1.39,1.93,3.31,0,0,0,0,0,0,1,1,0,0,0,0,0,0,-1,-1,-1,-1,-1,-1,-1,-1,-1,42,65,24,48,Farense,FC Penafiel,1.76,0.88,1.79,0.93,1.21,1.41,59,35,1.63,1.42,3.05,34,True,True,False,False,False,False,True,LigaPro_Portugal_2a_división,,4.7,77%,20%,2019-04-19 17:00:00
2018-2019,30,2,1,3,4,4,8,3,4,0,0,10,4,9,9,19,13,13,15,55,45,Estádio da Capital do Móvel,"Rua do Estádio, Apartado 26, Paços de Ferreira",3,4,1.45,3.95,7.0,1.3,1.95,3.4,2.1,1.69,0.0,0.0,0.0,0.0,0.0,0.0,0.0,0.0,3,1,1,1,0,1,2,1555754400,173,0,29,0,4322,1,1,3,2,1,2,5,3,0,2,3,2,2,5,1,97,65,129,103,2.6,1.57,4.17,0,0,0,0,0,0,1,1,0,0,0,0,0,0,-1,-1,-1,-1,-1,-1,-1,-1,-1,32,65,18,72,Paços de Ferreira,Academico Viseu,2.35,0.71,2.21,0.64,2.1,1.17,68,36,2.1,1.63,3.73,34,True,True,True,False,False,False,True,LigaPro_Portugal_2a_división,,5.82,44%,0%,2019-04-20 10:00:00
2018-2019,30,1,3,4,10,5,15,1,3,1,0,7,7,3,5,10,12,11,16,60,40,Caixa Futebol Campus,", Seixal",2,3,2.65,3.15,2.6,1.32,2.0,3.5,1.74,2.0,0.0,0.0,0.0,0.0,0.0,0.0,0.0,0.0,4,1,3,0,0,0,4,1555776000,1033,0,54,0,1550,1,1,5,2,5,3,7,8,1,0,1,3,1,4,1,108,63,125,82,1.9,1.7,3.6,0,0,0,0,0,0,1,1,1,0,3,0,0,0,-1,-1,-1,-1,-1,-1,-1,-1,-1,54,68,21,64,Benfica II,Famalicão,1.88,1.76,2.14,1.71,1.72,1.97,47,33,1.7,1.48,3.18,34,True,True,True,True,False,False,True,LigaPro_Portugal_2a_división,,10.29,49%,0%,2019-04-20 16:00:00
2018-2019,30,3,1,4,6,4,10,2,2,0,0,7,4,7,6,14,10,21,17,49,51,Estádio António Coimbra da Mota,"Rua Dom Bosco, Estoril",2,2,1.71,3.5,4.95,1.34,2.05,3.75,2.0,1.74,1.25,1.5,3.5,2.38,0.0,0.0,0.0,0.0,4,3,1,0,0,0,4,1555686000,164,0,43,0,682,1,1,3,1,3,3,4,6,0,0,2,2,0,4,1,78,82,104,110,1.94,1.51,3.44,1,0,1,0,0,0,1,1,1,0,1,0,0,0,-1,-1,-1,-1,-1,-1,-1,-1,-1,32,57,25,61,GD Estoril Praia,UD Oliveirense,1.88,0.88,1.86,0.86,1.66,1.17,68,43,1.69,1.24,2.93,34,True,True,True,True,False,False,True,LigaPro_Portugal_2a_división,,4.7,67%,20%,2019-04-19 15:00:00
2018-2019,30,0,0,0,4,3,7,2,0,0,0,5,2,10,6,15,8,12,14,53,47,Estádio EFAPEL,"Rua Dom Manuel I, Coimbra",2,0,1.69,3.45,5.1,1.35,2.1,3.8,2.0,1.77,0.0,0.0,0.0,0.0,0.0,0.0,0.0,0.0,0,0,0,0,0,0,0,1555779600,-1,0,45,0,2014,1,1,3,2,1,1,5,2,1,0,1,0,1,1,1,62,54,138,130,1.76,1.05,2.81,0,0,0,0,0,0,1,1,0,0,1,0,0,0,-1,-1,-1,-1,-1,-1,-1,-1,-1,49,62,39,66,Associação Académica de Coimbra OAF,CD Mafra,1.76,0.88,1.93,0.93,1.69,1.24,52,38,1.83,1.6,3.43,34,False,False,False,False,False,False,False,LigaPro_Portugal_2a_división,,6.93,60%,0%,2019-04-20 17:00:00
2018-2019,30,1,0,1,6,3,9,6,3,0,0,6,0,5,5,11,5,23,22,54,46,Estádio Varzim Sport Club,"Rua do Varzim Sport Club, Póvoa de Varzim",6,3,2.1,3.05,3.7,1.43,2.35,4.45,2.0,1.74,1.22,1.44,3.7,2.5,0.0,0.0,0.0,0.0,1,0,0,1,0,1,0,1555693200,1034,0,47,0,1912,1,1,1,1,5,2,2,7,1,1,5,2,2,7,1,74,66,99,95,1.65,0.8,2.45,0,0,0,0,0,0,1,1,0,0,0,0,0,0,-1,-1,-1,-1,-1,-1,-1,-1,-1,43,68,11,54,Varzim,Sporting Braga II,1.47,0.88,1.36,0.79,1.07,1.03,57,32,1.39,1.38,2.77,34,True,False,False,False,False,False,False,LigaPro_Portugal_2a_división,,10.29,63%,20%,2019-04-19 17:00:00
2018-2019,30,2,2,4,1,4,5,4,3,0,0,5,5,3,9,8,14,16,14,42,58,Estádio Dom Afonso Henriques,"Rua de São Gonçalo 505, Guimarães",4,3,2.95,3.1,2.4,1.35,2.1,3.8,1.83,1.91,0.0,0.0,0.0,0.0,0.0,0.0,0.0,0.0,4,1,0,1,2,3,1,1555779600,-1,0,43,0,653,1,1,1,0,0,4,1,4,1,1,3,2,2,5,1,43,81,104,121,1.18,1.82,3.0,0,0,0,0,0,0,1,1,0,0,0,0,0,0,-1,-1,-1,-1,-1,-1,-1,-1,-1,29,61,25,75,Vitória Guimarães II,FC Arouca,1.0,0.82,1.0,0.86,0.93,1.21,71,40,1.59,1.56,3.15,34,True,True,True,True,False,False,True,LigaPro_Portugal_2a_división,,9.17,49%,0%,2019-04-20 17:00:00
2018-2019,30,1,1,2,1,1,2,2,2,0,0,3,3,3,4,6,7,18,12,41,59,Estádio Municipal José Martins Vieira,"Estrada do Brejo, Cova da Piedade, Almada",2,2,2.55,2.85,3.0,1.34,2.05,3.7,1.77,1.95,1.29,1.57,3.2,2.2,0.0,0.0,0.0,0.0,2,1,0,0,1,1,1,1555686000,-1,0,40,0,1198,1,1,1,0,0,1,1,1,1,1,1,1,2,2,1,63,75,116,146,1.06,1.21,2.27,0,0,0,0,0,0,1,1,0,0,1,0,0,0,-1,-1,-1,-1,-1,-1,-1,-1,-1,36,61,18,57,Cova Piedade,Leixões,1.41,0.82,1.36,0.64,1.28,1.31,64,40,1.33,1.49,2.82,34,True,True,False,False,False,False,True,LigaPro_Portugal_2a_división,,9.17,72%,20%,2019-04-19 15:00:00
2018-2019,31,4,1,5,3,7,10,2,3,0,0,5,7,7,10,12,17,18,14,46,54,Estádio Municipal 22 de Junho,"Alameda dos Bargos, Vila Nova de Famalicão",2,3,1.44,4.4,6.25,1.22,1.71,2.8,1.83,1.87,1.25,1.44,3.5,2.5,0.0,0.0,0.0,0.0,5,3,1,1,0,1,4,1556446500,1033,0,54,0,5226,1,1,2,5,1,2,7,3,0,0,2,3,0,5,1,47,62,75,84,1.45,2.0,3.45,1,0,1,0,0,0,1,1,0,0,0,0,0,0,-1,-1,-1,-1,-1,-1,-1,-1,-1,50,70,34,67,Famalicão,Vitória Guimarães II,2.29,0.82,2.2,0.87,2.0,0.93,50,30,1.78,1.5,3.28,34,True,True,True,True,True,False,True,LigaPro_Portugal_2a_división,,6.93,68%,0%,2019-04-28 10:15:00
2018-2019,31,1,0,1,5,6,11,2,4,0,0,4,4,8,8,12,12,13,24,55,45,Estádio Municipal de Mafra,"Av. Dr. Francisco Sá Carneiro, Mafra",2,4,2.45,2.55,3.6,1.53,2.65,5.25,2.1,1.69,0.0,0.0,0.0,0.0,0.0,0.0,0.0,0.0,1,0,0,1,0,1,0,1556377200,4825,0,57,0,701,1,1,3,3,2,3,6,5,1,1,1,3,2,4,1,44,77,104,101,1.36,1.59,2.96,0,0,0,0,0,0,1,1,0,0,1,1,0,0,-1,-1,-1,-1,-1,-1,-1,-1,-1,37,74,17,64,CD Mafra,Cova Piedade,1.53,1.06,1.53,1.2,1.23,1.27,63,27,1.55,1.42,2.97,34,True,False,False,False,False,False,False,LigaPro_Portugal_2a_división,,18.34,64%,0%,2019-04-27 15:00:00
2018-2019,31,0,1,1,8,4,12,3,3,0,1,2,7,7,4,9,11,13,18,60,40,Estádio Dr. Jorge Sampaio,"Rua da Paradela, Pedroso, Vila Nova de Gaia",3,4,2.15,3.35,3.1,1.38,2.15,4.0,1.95,1.8,0.0,1.72,0.0,2.0,0.0,0.0,0.0,0.0,1,0,0,0,1,1,0,1556031600,1034,0,27,0,323,1,1,5,4,3,0,9,3,1,2,2,2,3,4,1,84,47,153,91,1.33,1.53,2.86,0,0,0,0,0,0,1,1,0,0,1,1,0,0,-1,-1,-1,-1,-1,-1,-1,-1,-1,34,60,24,67,Porto II,Varzim,1.82,0.94,2.07,0.8,1.4,1.13,67,40,1.79,1.08,2.87,34,True,False,False,False,False,False,False,LigaPro_Portugal_2a_división,,,,,2019-04-23 15:00:00
2018-2019,31,1,2,3,6,5,11,4,3,0,0,4,6,6,4,10,10,23,13,44,56,Estádio 1º de Maio,", Braga",4,3,2.4,3.2,2.85,1.4,2.2,4.15,1.91,1.8,0.0,0.0,0.0,0.0,0.0,0.0,0.0,0.0,3,1,0,0,2,2,1,1556377200,1026,0,44,0,208,1,1,2,3,4,2,5,6,1,1,3,2,2,5,1,67,66,80,91,1.39,1.53,2.92,0,0,0,0,0,0,1,1,0,0,0,1,0,0,-1,-1,-1,-1,-1,-1,-1,-1,-1,44,63,37,63,Sporting Braga II,Sporting Covilhã,1.29,1.12,1.27,0.87,1.0,1.37,57,37,1.89,1.36,3.25,34,True,True,True,False,False,False,True,LigaPro_Portugal_2a_división,,14.99,82%,20%,2019-04-27 15:00:00
2018-2019,31,1,3,4,12,5,17,1,1,0,0,5,5,7,7,12,12,21,15,52,48,Estádio Municipal de Arouca,"Afonso Pinto Magalhães Valdasna, Arouca",1,1,2.45,3.0,3.0,1.45,2.4,4.6,2.0,1.74,0.0,0.0,0.0,0.0,0.0,0.0,0.0,0.0,4,0,0,1,3,4,0,1556463600,173,0,44,0,1480,1,1,7,2,5,3,9,8,0,0,1,1,0,2,1,86,66,108,111,1.73,1.59,3.32,0,0,0,0,0,0,1,1,0,0,0,1,0,0,-1,-1,-1,-1,-1,-1,-1,-1,-1,40,67,20,73,FC Arouca,Paços de Ferreira,1.53,2.0,1.53,2.0,1.2,2.13,60,34,1.71,1.77,3.48,34,True,True,True,True,False,False,True,LigaPro_Portugal_2a_división,,11.41,59%,20%,2019-04-28 15:00:00
2018-2019,31,1,1,2,8,5,13,3,1,0,0,5,4,13,8,18,12,16,16,56,44,Estádio do Mar,"Lugar da Cruz de Pau, Matosinhos",3,1,2.4,3.0,3.1,1.44,2.35,4.55,1.95,1.77,0.0,0.0,0.0,0.0,0.0,0.0,0.0,0.0,2,1,0,0,1,1,1,1556359200,-1,0,45,0,826,1,1,4,0,4,5,4,9,1,0,2,1,1,3,1,75,55,92,72,2.02,1.43,3.45,0,0,0,0,0,0,1,1,0,0,0,0,0,0,-1,-1,-1,-1,-1,-1,-1,-1,-1,42,66,24,59,Leixões,Associação Académica de Coimbra OAF,1.82,1.24,1.93,1.43,1.3,1.67,59,35,1.72,1.36,3.08,34,True,True,False,False,False,False,True,LigaPro_Portugal_2a_división,,8.05,72%,0%,2019-04-27 10:00:00
2018-2019,31,4,2,6,3,7,10,1,1,0,0,5,6,4,6,9,12,17,14,35,65,Estádio Municipal 25 de Abril,"Rua Futebol Clube de Penafiel, Penafiel",1,1,2.65,3.1,2.65,1.34,2.05,3.7,1.8,1.95,0.0,0.0,0.0,0.0,0.0,0.0,0.0,0.0,6,2,1,2,1,3,3,1556463600,182,0,49,0,418,1,1,2,4,1,3,6,4,1,1,0,0,2,0,1,49,90,78,91,1.27,1.82,3.1,0,0,0,0,0,0,1,1,1,0,1,1,0,0,-1,-1,-1,-1,-1,-1,-1,-1,-1,42,76,32,62,FC Penafiel,GD Estoril Praia,1.76,1.29,1.93,1.47,1.4,1.7,59,24,1.71,1.52,3.23,34,True,True,True,True,True,True,True,LigaPro_Portugal_2a_división,,11.41,64%,0%,2019-04-28 15:00:00
2018-2019,31,3,1,4,8,5,13,1,2,0,1,5,3,6,6,11,9,12,14,40,60,Estádio Municipal do Fontelo,"Avenida José Relvas, Viseu",1,3,1.87,3.55,3.8,1.23,1.74,2.85,1.65,2.15,0.0,0.0,0.0,0.0,0.0,0.0,0.0,0.0,4,2,0,1,1,2,2,1556460000,1032,0,57,0,1210,1,1,5,4,3,1,9,4,0,0,1,3,0,4,1,68,72,97,112,1.54,1.31,2.84,0,0,0,0,0,0,1,1,1,0,3,1,0,0,-1,-1,-1,-1,-1,-1,-1,-1,-1,54,67,40,70,Academico Viseu,Benfica II,1.82,1.18,1.67,1.33,1.13,1.67,47,34,1.84,1.55,3.39,34,True,True,True,True,False,False,True,LigaPro_Portugal_2a_división,,11.41,55%,20%,2019-04-28 14:00:00
2018-2019,31,2,1,3,2,7,9,5,2,0,1,5,8,6,6,11,14,23,14,45,55,Estádio Municipal de Aveiro,"Parque da Cidade, Taboeira, Aveiro",5,3,2.0,3.35,3.7,1.33,2.05,3.7,1.87,1.87,0.0,0.0,0.0,0.0,0.0,0.0,0.0,0.0,3,2,1,0,0,0,3,1556301600,1038,0,63,0,506,1,1,2,2,0,5,4,5,0,2,5,1,2,6,1,58,83,123,127,1.47,2.05,3.52,0,0,0,0,0,0,1,1,0,0,0,1,0,0,-1,-1,-1,-1,-1,-1,-1,-1,-1,50,70,40,74,UD Oliveirense,Farense,1.65,0.76,1.47,0.67,1.13,1.2,50,30,1.51,1.25,2.76,34,True,True,True,False,False,False,True,LigaPro_Portugal_2a_división,,10.29,67%,0%,2019-04-26 18:00:00
2018-2019,32,2,4,6,7,5,12,2,1,0,0,9,6,7,3,16,9,27,21,53,47,Estádio Municipal 25 de Abril,"Rua Futebol Clube de Penafiel, Penafiel",2,1,2.15,3.25,3.25,1.28,1.91,3.25,1.71,2.05,1.24,0.0,3.4,0.0,0.0,0.0,0.0,0.0,6,0,2,2,2,4,2,1556989200,1038,0,50,0,312,1,1,4,3,3,2,7,5,1,0,1,1,1,2,1,73,58,106,99,2.16,1.41,3.58,0,0,0,0,0,0,1,1,0,0,1,1,0,0,-1,-1,-1,-1,-1,-1,-1,-1,-1,40,70,30,60,FC Penafiel,UD Oliveirense,1.76,0.88,2.0,0.8,1.45,1.19,60,30,1.68,1.26,2.94,34,True,True,True,True,True,True,True,LigaPro_Portugal_2a_división,,9.17,48%,0%,2019-05-04 17:00:00
2018-2019,32,1,1,2,1,3,4,1,1,0,1,8,3,9,3,17,6,12,21,64,36,Estádio Municipal José dos Santos Pinto,"Rua Viriato, Covilhã",1,3,2.5,2.85,3.1,1.45,2.4,4.6,1.95,1.77,0.0,1.72,0.0,2.0,0.0,0.0,0.0,0.0,2,0,1,1,0,1,1,1557068400,-1,0,40,0,613,1,1,0,2,1,1,2,2,1,0,0,2,1,2,1,75,35,135,89,2.18,0.85,3.03,0,0,0,0,0,0,1,1,0,1,0,0,0,0,-1,-1,-1,-1,-1,-1,-1,-1,-1,34,64,20,57,Sporting Covilhã,Leixões,1.76,0.82,1.87,0.67,1.42,1.29,67,37,1.48,1.47,2.95,34,True,True,False,False,False,False,True,LigaPro_Portugal_2a_división,,4,41%,42%,2019-05-05 15:00:00
2018-2019,32,1,3,4,2,6,8,1,3,1,0,5,7,7,5,12,12,12,16,59,41,Estádio António Coimbra da Mota,"Rua Dom Bosco, Estoril",3,3,2.1,3.7,3.0,1.21,1.69,2.75,1.61,2.2,0.0,1.66,0.0,2.1,0.0,0.0,0.0,0.0,4,0,1,1,2,3,1,1557068400,1032,0,44,0,536,1,1,1,3,1,3,4,4,0,1,2,2,1,4,1,80,81,121,101,1.69,1.83,3.52,0,0,0,0,0,0,1,1,0,0,0,1,0,0,-1,-1,-1,-1,-1,-1,-1,-1,-1,47,70,30,74,GD Estoril Praia,Academico Viseu,1.88,0.71,1.93,0.6,1.65,1.19,53,30,1.71,1.63,3.34,34,True,True,True,True,False,False,True,LigaPro_Portugal_2a_división,,10.29,63%,20%,2019-05-05 15:00:00
2018-2019,32,2,0,2,5,6,11,1,3,0,0,4,3,7,6,11,9,15,16,55,45,Estádio da Capital do Móvel,"Rua do Estádio, Apartado 26, Paços de Ferreira",1,3,1.56,3.8,5.9,1.31,1.95,3.45,2.0,1.74,0.0,0.0,0.0,0.0,0.0,0.0,0.0,0.0,2,1,0,1,0,1,1,1557051300,173,0,37,0,3107,1,1,2,2,3,4,4,7,1,1,0,2,2,2,1,77,79,116,99,1.54,1.35,2.89,0,0,0,0,0,0,1,1,0,0,0,0,0,0,-1,-1,-1,-1,-1,-1,-1,-1,-1,44,57,40,77,Paços de Ferreira,CD Mafra,2.35,0.88,2.27,0.93,2.16,1.29,57,44,2.13,1.56,3.69,34,True,True,False,False,False,False,False,LigaPro_Portugal_2a_división,,6.93,56%,0%,2019-05-05 10:15:00
2018-2019,32,1,1,2,4,7,11,1,3,0,1,5,8,12,5,17,13,14,18,55,45,Caixa Futebol Campus,", Seixal",1,5,2.1,3.35,3.35,1.2,1.67,2.65,1.56,2.3,1.33,1.6,2.9,2.15,0.0,0.0,0.0,0.0,2,1,1,0,0,0,2,1557051300,-1,0,53,0,676,1,1,3,4,1,3,7,4,0,1,1,3,1,4,1,78,82,106,105,1.98,1.97,3.95,0,0,0,0,0,0,1,1,0,0,1,1,0,0,-1,-1,-1,-1,-1,-1,-1,-1,-1,57,67,30,80,Benfica II,Porto II,1.88,0.76,2.0,0.73,1.61,1.35,43,33,1.71,1.49,3.2,34,True,True,False,False,False,False,True,LigaPro_Portugal_2a_división,,6.93,56%,20%,2019-05-05 10:15:00
2018-2019,32,1,4,5,5,3,8,2,3,1,0,4,6,7,7,11,13,12,25,42,58,Estádio Varzim Sport Club,"Rua do Varzim Sport Club, Póvoa de Varzim",4,3,2.35,3.1,3.1,1.45,2.4,4.6,2.05,1.71,1.29,1.53,3.2,2.3,0.0,0.0,0.0,0.0,5,1,2,0,2,2,3,1556964000,1033,0,54,0,3711,1,1,2,1,3,2,3,5,3,2,0,1,5,1,1,55,68,89,103,1.37,1.73,3.11,0,0,0,0,0,0,1,1,0,0,0,0,0,0,-1,-1,-1,-1,-1,-1,-1,-1,-1,40,63,20,50,Varzim,Famalicão,1.47,1.76,1.47,1.8,1.19,2.03,60,37,1.41,1.5,2.91,34,True,True,True,True,True,False,True,LigaPro_Portugal_2a_división,,6.93,56%,0%,2019-05-04 10:00:00
2018-2019,32,2,0,2,6,6,12,3,2,0,0,4,2,7,6,11,8,20,15,41,59,Estádio Municipal José Martins Vieira,"Estrada do Brejo, Cova da Piedade, Almada",3,2,1.77,3.5,4.4,1.48,2.45,4.8,2.3,1.57,0.0,0.0,0.0,0.0,0.0,0.0,0.0,0.0,2,1,0,1,0,1,1,1556982000,1036,0,40,0,1290,1,1,2,3,4,3,5,7,0,1,3,1,1,4,1,76,88,94,127,1.52,1.29,2.81,0,0,0,0,0,0,1,1,0,0,1,0,0,1,-1,-1,-1,-1,-1,-1,-1,-1,-1,37,64,17,67,Cova Piedade,Associação Académica de Coimbra OAF,1.41,1.24,1.33,1.4,1.23,1.65,64,37,1.31,1.36,2.67,34,True,True,False,False,False,False,False,LigaPro_Portugal_2a_división,,11.41,50%,0%,2019-05-04 15:00:00
2018-2019,32,2,2,4,6,5,11,3,6,1,0,5,9,6,7,11,16,22,17,51,49,Estádio Dom Afonso Henriques,"Rua de São Gonçalo 505, Guimarães",5,6,2.75,3.3,2.45,1.3,1.95,3.4,1.74,2.0,1.22,1.44,3.7,2.5,0.0,0.0,0.0,0.0,4,1,1,1,1,2,2,1557154800,-1,0,44,0,926,1,1,3,2,3,3,5,6,2,4,2,2,6,4,1,68,84,96,93,1.54,2.24,3.77,0,0,0,0,0,0,1,1,1,0,1,0,0,0,-1,-1,-1,-1,-1,-1,-1,-1,-1,40,67,20,67,Vitória Guimarães II,Sporting Braga II,1.0,0.88,1.0,0.73,0.9,0.97,60,34,1.56,1.34,2.9,34,True,True,True,True,False,False,True,LigaPro_Portugal_2a_división,,8.05,67%,20%,2019-05-06 15:00:00
2018-2019,32,2,2,4,7,3,10,3,4,0,0,6,5,3,5,9,10,19,29,57,43,Estádio de São Lúis,"Rua do Sporting Club Farense, Faro",3,4,2.9,2.95,2.55,1.41,2.25,4.25,1.91,1.8,0.0,0.0,0.0,0.0,0.0,0.0,0.0,0.0,4,1,1,1,1,2,2,1557068400,-1,0,40,0,4571,1,1,2,2,5,1,4,6,1,1,2,3,2,5,1,67,66,135,129,1.49,1.47,2.96,0,0,0,0,0,0,1,1,0,0,0,0,0,0,-1,-1,-1,-1,-1,-1,-1,-1,-1,33,60,13,60,Farense,FC Arouca,1.76,0.82,1.73,0.87,1.16,1.16,67,40,1.62,1.58,3.2,34,True,True,True,True,False,False,True,LigaPro_Portugal_2a_división,,18.34,72%,20%,2019-05-05 15:00:00
2018-2019,33,2,1,3,14,3,17,1,2,0,0,9,3,18,3,27,6,16,11,54,46,Estádio Municipal de Arouca,"Afonso Pinto Magalhães Valdasna, Arouca",1,2,1.62,3.75,5.0,1.3,2.0,3.5,1.97,1.78,0.0,1.66,0.0,2.1,0.0,0.0,0.0,0.0,3,0,1,2,0,2,1,1557590400,167,0,50,0,1890,1,1,3,1,11,2,4,13,0,0,1,2,0,3,1,117,49,110,87,3.16,0.95,4.11,0,0,0,0,0,0,1,1,0,0,1,0,0,0,-1,-1,-1,-1,-1,-1,-1,-1,-1,41,75,25,63,FC Arouca,GD Estoril Praia,1.53,1.29,1.44,1.38,1.16,1.59,60,25,1.71,1.54,3.25,34,True,True,True,False,False,False,True,LigaPro_Portugal_2a_división,,14.99,68%,0%,2019-05-11 16:00:00
2018-2019,33,1,1,2,5,6,11,4,3,0,0,5,5,7,14,12,19,20,20,45,55,Estádio do Mar,"Lugar da Cruz de Pau, Matosinhos",4,3,3.52,3.15,2.18,1.36,2.2,4.0,1.96,1.79,0.0,0.0,0.0,0.0,0.0,0.0,0.0,0.0,2,1,0,0,1,1,1,1557568800,-1,0,50,0,1439,1,1,5,3,0,3,8,3,1,2,3,1,3,4,1,64,87,89,111,1.57,2.17,3.74,0,0,0,0,0,0,1,1,0,0,0,1,0,0,-1,-1,-1,-1,-1,-1,-1,-1,-1,44,66,22,63,Leixões,Paços de Ferreira,1.82,2.0,1.88,2.06,1.28,2.19,56,35,1.74,1.76,3.5,34,True,True,False,False,False,False,True,LigaPro_Portugal_2a_división,,11.41,72%,0%,2019-05-11 10:00:00
2018-2019,33,0,0,0,2,4,6,3,3,0,0,3,3,5,8,8,11,21,17,48,52,Estádio Municipal José Martins Vieira,"Estrada do Brejo, Cova da Piedade, Almada",3,3,2.25,3.05,3.25,1.43,2.35,4.45,2.0,1.77,0.0,0.0,0.0,0.0,0.0,0.0,0.0,0.0,0,0,0,0,0,0,0,1557673200,-1,0,22,0,1310,1,1,1,1,1,3,2,4,2,2,1,1,4,2,1,72,60,116,107,1.24,1.34,2.59,0,0,0,0,0,0,1,1,0,0,0,0,0,0,-1,-1,-1,-1,-1,-1,-1,-1,-1,29,51,16,66,Cova Piedade,Varzim,1.41,0.94,1.44,0.94,1.28,1.16,72,51,1.32,1.11,2.43,34,False,False,False,False,False,False,False,LigaPro_Portugal_2a_división,,9.17,24%,0%,2019-05-12 15:00:00
2018-2019,33,0,2,2,7,3,10,3,2,0,0,6,9,6,8,12,17,17,21,50,50,Estádio EFAPEL,"Rua Dom Manuel I, Coimbra",3,2,2.15,3.1,3.45,1.32,2.0,3.6,1.77,1.95,0.0,1.62,0.0,2.05,0.0,0.0,0.0,0.0,2,0,2,0,0,0,2,1557673200,1026,0,51,0,1546,1,1,3,1,4,2,4,6,2,0,1,2,2,3,1,71,73,109,127,1.69,2.23,3.93,0,0,0,0,0,0,1,1,0,0,0,1,0,0,-1,-1,-1,-1,-1,-1,-1,-1,-1,47,66,32,63,Associação Académica de Coimbra OAF,Sporting Covilhã,1.76,1.12,1.88,1.0,1.59,1.41,54,35,1.83,1.37,3.2,34,True,True,False,False,False,False,False,LigaPro_Portugal_2a_división,,5.82,18%,0%,2019-05-12 15:00:00
2018-2019,33,3,2,5,4,6,10,3,1,0,0,6,10,2,7,8,17,24,13,47,53,Estádio Municipal 22 de Junho,"Alameda dos Bargos, Vila Nova de Famalicão",3,1,1.74,3.75,4.25,1.28,1.87,3.2,1.83,1.91,1.22,1.44,3.7,2.5,0.0,0.0,0.0,0.0,5,3,1,0,1,1,4,1557656100,1033,0,47,0,4344,1,1,0,2,4,4,2,8,0,0,3,1,0,4,1,62,74,95,106,1.38,2.3,3.68,0,0,0,0,0,0,1,1,0,0,0,0,0,0,-1,-1,-1,-1,-1,-1,-1,-1,-1,38,66,28,60,Famalicão,UD Oliveirense,2.29,0.88,2.25,0.94,2.06,1.25,63,35,1.76,1.27,3.03,34,True,True,True,True,True,False,True,LigaPro_Portugal_2a_división,,20.8,24%,0%,2019-05-12 10:15:00
2018-2019,33,2,2,4,6,5,11,3,3,0,0,5,6,7,1,12,7,16,10,59,41,Caixa Futebol Campus,", Seixal",3,3,1.46,4.65,6.15,1.14,1.5,2.25,1.6,2.25,0.0,0.0,0.0,0.0,0.0,0.0,0.0,0.0,4,1,1,1,1,2,2,1557586800,-1,0,63,0,572,1,1,3,2,3,3,5,6,1,1,2,2,2,4,1,99,61,121,75,1.82,1.3,3.13,1,0,1,0,0,0,1,1,0,0,2,1,0,0,-1,-1,-1,-1,-1,-1,-1,-1,-1,63,72,38,72,Benfica II,Vitória Guimarães II,1.88,0.82,1.94,0.81,1.59,0.91,38,28,1.73,1.53,3.26,34,True,True,True,True,False,False,True,LigaPro_Portugal_2a_división,,9.17,37%,0%,2019-05-11 15:00:00
2018-2019,33,0,1,1,3,4,7,2,3,0,0,3,3,9,8,12,11,13,14,61,39,Estádio Municipal de Mafra,"Av. Dr. Francisco Sá Carneiro, Mafra",2,3,2.15,3.1,3.45,1.35,2.1,3.8,1.83,1.87,0.0,0.0,0.0,0.0,0.0,0.0,0.0,0.0,1,0,0,0,1,1,0,1557673200,4866,0,63,0,1085,1,1,2,1,1,3,3,4,1,0,1,3,1,4,1,108,75,148,93,1.75,1.44,3.2,0,0,0,0,0,0,1,1,0,0,0,1,0,0,-1,-1,-1,-1,-1,-1,-1,-1,-1,35,69,32,63,CD Mafra,Farense,1.53,0.76,1.63,0.63,1.25,1.16,66,32,1.54,1.3,2.84,34,True,False,False,False,False,False,False,LigaPro_Portugal_2a_división,,10.29,24%,0%,2019-05-12 15:00:00
2018-2019,33,0,1,1,3,4,7,3,3,0,0,5,2,8,2,13,4,22,18,63,37,Estádio Dr. Jorge Sampaio,"Rua da Paradela, Pedroso, Vila Nova de Gaia",3,3,2.1,3.45,3.2,1.28,1.91,3.25,1.74,2.0,1.3,1.62,3.1,2.05,0.0,0.0,0.0,0.0,1,0,1,0,0,0,1,1557656100,1035,0,44,0,267,1,1,2,2,1,2,4,3,3,2,0,1,5,1,1,82,55,112,89,1.76,0.8,2.56,0,0,0,0,0,0,1,1,0,0,0,0,0,0,-1,-1,-1,-1,-1,-1,-1,-1,-1,47,75,19,63,Porto II,Sporting Braga II,1.82,0.88,1.94,0.75,1.34,0.97,53,25,1.77,1.39,3.16,34,True,False,False,False,False,False,False,LigaPro_Portugal_2a_división,,,,,2019-05-12 10:15:00
2018-2019,33,2,1,3,12,1,13,2,3,1,0,5,2,12,7,17,9,10,19,53,47,Estádio Municipal do Fontelo,"Avenida José Relvas, Viseu",4,3,1.5,4.33,5.5,1.16,1.53,2.25,1.62,2.21,0.0,0.0,0.0,0.0,0.0,0.0,0.0,0.0,3,1,1,1,0,1,2,1557586800,1032,0,57,0,1199,1,1,6,1,6,0,7,6,0,0,3,3,0,6,1,94,49,113,102,2.1,1.07,3.17,0,1,0,1,0,0,1,1,0,1,1,0,0,0,-1,-1,-1,-1,-1,-1,-1,-1,-1,57,78,44,69,Academico Viseu,FC Penafiel,1.82,0.88,1.75,0.94,1.25,1.41,44,22,1.82,1.46,3.28,34,True,True,True,False,False,False,True,LigaPro_Portugal_2a_división,,18.34,64%,0%,2019-05-11 15:00:00
2018-2019,34,2,1,3,4,2,6,2,2,0,1,6,7,7,6,13,13,21,15,48,52,Estádio António Coimbra da Mota,"Rua Dom Bosco, Estoril",2,4,3.2,3.5,2.1,1.22,1.71,2.8,1.61,2.2,0.0,0.0,0.0,0.0,0.0,0.0,0.0,0.0,3,1,1,1,0,1,2,1558274400,164,0,57,0,1267,1,1,4,1,0,1,5,1,1,0,1,3,1,4,1,72,69,91,97,1.76,1.81,3.57,0,0,0,0,0,0,1,1,0,0,0,0,1,0,-1,-1,-1,-1,-1,-1,-1,-1,-1,50,69,35,72,GD Estoril Praia,Famalicão,1.88,1.76,1.81,1.88,1.55,2.09,50,32,1.71,1.51,3.22,34,True,True,True,False,False,False,True,LigaPro_Portugal_2a_división,,14.99,55%,20%,2019-05-19 14:00:00
2018-2019,34,1,0,1,4,6,10,2,2,0,0,6,4,3,3,9,7,15,24,54,46,Estádio de São Lúis,"Rua do Sporting Club Farense, Faro",2,2,1.59,3.9,5.3,1.24,1.77,2.9,1.77,1.95,0.0,1.7,0.0,2.13,0.0,0.0,0.0,0.0,1,1,0,0,0,0,1,1558274400,4866,0,41,0,5707,1,1,2,4,2,2,6,4,0,1,2,1,1,3,1,66,62,126,111,1.48,1.18,2.66,0,0,0,0,0,0,1,1,0,0,0,2,0,0,-1,-1,-1,-1,-1,-1,-1,-1,-1,44,69,19,57,Farense,Academico Viseu,1.76,0.71,1.69,0.75,1.21,1.3,57,32,1.61,1.64,3.25,34,True,False,False,False,False,False,False,LigaPro_Portugal_2a_división,,17.22,77%,20%,2019-05-19 14:00:00
2018-2019,34,2,0,2,6,7,13,1,2,0,0,6,2,9,4,15,6,14,16,53,47,Estádio da Capital do Móvel,"Rua do Estádio, Apartado 26, Paços de Ferreira",1,2,1.33,4.7,9.25,1.28,1.91,3.25,2.3,1.57,0.0,1.68,0.0,2.17,0.0,0.0,0.0,0.0,2,1,0,1,0,1,1,1558274400,173,0,32,0,7873,1,1,2,2,4,5,4,9,0,1,1,1,1,2,1,79,70,115,94,1.94,1.03,2.97,0,0,0,0,0,0,1,1,0,0,1,2,0,0,-1,-1,-1,-1,-1,-1,-1,-1,-1,35,56,19,69,Paços de Ferreira,Cova Piedade,2.35,1.06,2.31,1.13,2.15,1.27,66,44,2.1,1.43,3.53,34,True,True,False,False,False,False,False,LigaPro_Portugal_2a_división,,13.87,59%,0%,2019-05-19 14:00:00
2018-2019,34,1,1,2,3,1,4,1,2,0,0,3,2,2,7,5,9,18,12,57,43,Estádio Municipal José dos Santos Pinto,"Rua Viriato, Covilhã",1,2,2.85,2.95,2.55,1.44,2.35,4.55,2.0,1.74,0.0,0.0,0.0,0.0,0.0,0.0,0.0,0.0,2,0,1,1,0,1,1,1558274400,-1,0,41,0,606,1,1,3,1,0,0,4,0,0,0,1,2,0,3,1,73,45,130,103,1.07,1.04,2.11,0,0,0,0,0,0,1,1,0,0,1,0,0,0,-1,-1,-1,-1,-1,-1,-1,-1,-1,47,63,35,69,Sporting Covilhã,CD Mafra,1.76,0.88,1.81,0.88,1.45,1.21,54,38,1.52,1.55,3.07,34,True,True,False,False,False,False,True,LigaPro_Portugal_2a_división,,7,48%,52%,2019-05-19 14:00:00
2018-2019,34,2,2,4,3,1,4,2,1,0,0,4,5,8,6,12,11,24,12,53,47,Estádio Dr. Machado de Matos,", ",2,1,2.45,3.4,2.7,1.21,1.69,2.7,1.56,2.3,0.0,1.69,0.0,1.95,0.0,0.0,0.0,0.0,4,1,0,1,2,3,1,1558173600,-1,0,53,0,318,1,1,1,0,2,1,1,3,0,1,2,0,1,2,1,78,59,112,87,1.6,1.47,3.07,0,0,0,0,0,0,1,1,0,0,1,0,0,0,-1,-1,-1,-1,-1,-1,-1,-1,-1,41,66,38,82,Vitória Guimarães II,Porto II,1.0,0.76,1.0,0.75,0.91,1.3,60,35,1.56,1.52,3.08,34,True,True,True,True,False,False,True,LigaPro_Portugal_2a_división,,8.05,67%,40%,2019-05-18 10:00:00
2018-2019,34,1,0,1,9,3,12,2,1,0,0,5,0,13,3,18,3,15,18,56,44,Estádio Varzim Sport Club,"Rua do Varzim Sport Club, Póvoa de Varzim",2,1,1.42,4.1,7.5,1.37,2.15,3.95,2.35,1.54,0.0,1.8,0.0,1.83,0.0,0.0,0.0,0.0,1,0,0,1,0,1,0,1558274400,1034,0,44,0,5899,1,1,5,3,4,0,8,4,1,0,1,1,1,2,1,110,61,117,98,2.27,0.64,2.91,0,0,0,0,0,0,1,1,0,0,3,2,0,0,-1,-1,-1,-1,-1,-1,-1,-1,-1,35,63,19,57,Varzim,Associação Académica de Coimbra OAF,1.47,1.24,1.38,1.31,1.15,1.55,66,38,1.41,1.36,2.77,34,True,False,False,False,False,False,False,LigaPro_Portugal_2a_división,,13.87,59%,0%,2019-05-19 14:00:00
2018-2019,34,2,1,3,4,10,14,2,5,0,1,5,7,2,4,7,11,22,30,48,52,Estádio Municipal de Aveiro,"Parque da Cidade, Taboeira, Aveiro",2,7,4.15,1.56,5.6,0.0,0.0,0.0,0.0,0.0,0.0,0.0,0.0,0.0,0.0,0.0,0.0,0.0,3,1,1,1,0,1,2,1558274400,1038,0,63,0,917,-1,1,-1,-1,-1,-1,-1,-1,0,1,2,5,1,7,1,36,61,87,82,1.06,1.62,2.69,0,0,0,0,0,0,1,1,0,0,-1,-1,0,0,-1,-1,-1,1,31,23,1,7,5,51,79,32,85,UD Oliveirense,FC Arouca,1.65,0.82,1.56,0.88,1.21,1.21,51,22,1.5,1.57,3.07,34,True,True,True,False,False,False,True,LigaPro_Portugal_2a_división,,13.87,59%,0%,2019-05-19 14:00:00
2018-2019,34,0,1,1,8,8,16,3,2,0,0,3,10,8,5,11,15,14,14,51,49,Estádio Municipal 25 de Abril,"Rua Futebol Clube de Penafiel, Penafiel",3,2,2.25,3.3,3.05,1.26,1.83,3.15,1.69,2.1,0.0,1.66,0.0,2.1,0.0,0.0,0.0,0.0,1,0,1,0,0,0,1,1558278000,1030,0,53,0,609,1,1,3,5,5,3,8,8,0,0,3,2,0,5,1,77,65,111,112,1.46,2.12,3.58,0,0,0,0,0,0,1,1,0,0,1,0,0,0,-1,-1,-1,-1,-1,-1,-1,-1,-1,41,75,32,66,FC Penafiel,Leixões,1.76,0.82,1.88,0.69,1.36,1.27,60,25,1.71,1.43,3.14,34,True,False,False,False,False,False,False,LigaPro_Portugal_2a_división,,13.87,67%,0%,2019-05-19 15:00:00
2018-2019,34,5,1,6,4,5,9,5,1,1,2,8,5,5,5,13,10,22,8,52,48,Estádio 1º de Maio,", Braga",6,5,2.35,3.35,2.8,1.23,1.74,2.9,1.61,2.2,0.0,0.0,0.0,0.0,0.0,0.0,0.0,0.0,6,2,1,3,0,3,3,1558173600,1035,0,44,0,146,1,1,3,3,1,2,6,3,2,2,4,1,4,5,1,56,41,89,85,1.78,1.28,3.07,2,0,2,0,0,0,1,1,0,0,0,1,1,1,-1,-1,-1,-1,-1,-1,-1,-1,-1,38,60,28,63,Sporting Braga II,Benfica II,1.29,1.18,1.19,1.25,1.03,1.58,63,41,1.86,1.54,3.4,34,True,True,True,True,True,True,True,LigaPro_Portugal_2a_división,,8.05,67%,40%,2019-05-18 10:00:00
2019-2020,1,2,0,2,3,9,12,2,1,0,0,5,5,8,10,13,15,21,12,51,49,Estádio Marcolino de Castro (Santa Maria da Feira),,2,1,1.59,3.9,5.3,1.31,1.95,3.45,2.0,1.74,1.53,1.87,2.42,1.77,1.4,2.75,2.75,1.4,2,1,0,1,0,1,1,1565535600,166,0,0,0,1863,1,1,1,5,2,4,6,6,2,1,0,0,3,0,1,60,61,92,82,1.6,1.73,3.34,0,0,0,0,0,0,1,1,0,0,1,0,0,0,-1,-1,-1,-1,-1,-1,-1,-1,-1,0,0,0,0,CD Feirense,Vilafranquense,1.83,0.5,0.0,0.0,0.0,0.0,0,0,0.0,0.0,0.0,24,True,True,False,False,False,False,False,LigaPro_Portugal_2a_división,,10.29,26%,0%,2019-08-11 15:00:00
2019-2020,1,3,2,5,9,10,19,2,5,0,0,8,5,8,8,16,13,13,17,51,49,Estádio EFAPEL (Coimbra),,2,5,2.1,3.2,3.5,1.43,2.35,4.45,2.0,1.71,1.39,1.65,2.98,2.05,1.5,3.4,2.5,1.3,5,1,1,2,1,3,2,1565518500,179,0,0,0,2036,1,1,6,3,3,7,9,10,1,3,1,2,4,3,1,74,74,111,101,2.1,1.7,3.81,1,0,1,0,0,0,1,1,0,0,2,0,0,0,-1,-1,-1,-1,-1,-1,-1,-1,-1,0,0,0,0,Associação Académica de Coimbra OAF,Leixões,1.92,1.36,0.0,0.0,0.0,0.0,0,0,0.0,0.0,0.0,24,True,True,True,True,True,False,True,LigaPro_Portugal_2a_división,,12.75,64%,20%,2019-08-11 10:15:00
2019-2020,1,2,0,2,2,11,13,2,2,0,0,6,5,3,5,9,10,15,13,44,56,Estádio Municipal José dos Santos Pinto (Covilhã),,2,2,2.0,3.3,3.75,1.36,2.1,3.9,1.91,1.83,1.51,1.87,2.56,1.8,1.44,3.25,2.62,1.33,2,0,0,2,0,2,0,1565542800,1026,0,0,0,708,1,1,2,3,0,8,5,8,0,0,2,2,0,4,1,60,103,111,145,1.43,1.73,3.17,1,0,1,0,0,0,1,1,0,0,0,1,0,0,-1,-1,-1,-1,-1,-1,-1,-1,-1,0,0,0,0,Sporting Covilhã,Porto II,1.42,1.17,0.0,0.0,0.0,0.0,0,0,0.0,0.0,0.0,24,True,True,False,False,False,False,False,LigaPro_Portugal_2a_división,,5.01,56%,25%,2019-08-11 17:00:00
2019-2020,1,0,2,2,10,4,14,3,6,0,0,8,3,8,5,16,8,23,22,59,41,Estádio Municipal 25 de Abril (Penafiel),,3,6,1.83,3.5,4.0,1.27,1.87,3.2,1.74,2.0,0.0,1.53,0.0,2.5,1.36,2.75,3.0,1.4,2,0,1,0,1,1,1,1565542800,1032,0,0,0,542,1,1,4,3,6,1,7,7,2,2,1,4,4,5,1,94,48,104,88,2.24,1.07,3.31,0,0,0,0,0,0,1,1,0,0,1,1,0,0,-1,-1,-1,-1,-1,-1,-1,-1,-1,0,0,0,0,FC Penafiel,Academico Viseu,1.58,1.5,0.0,0.0,0.0,0.0,0,0,0.0,0.0,0.0,24,True,True,False,False,False,False,False,LigaPro_Portugal_2a_división,,10.29,77%,20%,2019-08-11 17:00:00
2019-2020,1,3,1,4,5,2,7,1,1,0,0,8,3,9,3,17,6,15,16,51,49,Estádio de São Lúis (Faro),,1,1,1.91,3.3,4.05,1.38,2.2,4.1,2.0,1.74,1.52,1.83,2.44,1.83,1.44,3.25,2.62,1.33,4,1,1,2,0,2,2,1565456400,4866,0,0,0,2168,1,1,2,0,3,2,2,5,0,1,1,0,1,1,1,69,50,134,114,2.14,0.97,3.1,0,0,0,0,0,0,1,1,0,0,0,0,0,0,-1,-1,-1,-1,-1,-1,-1,-1,-1,0,0,0,0,Farense,Casa Pia,2.08,0.5,0.0,0.0,0.0,0.0,0,0,0.0,0.0,0.0,24,True,True,True,True,False,False,True,LigaPro_Portugal_2a_división,,11.41,82%,0%,2019-08-10 17:00:00
2019-2020,1,3,0,3,3,6,9,3,3,0,1,4,2,5,4,9,6,15,21,53,47,Estádio da Madeira (Funchal (Ilha da Madeira)),,3,4,2.1,3.3,3.3,1.31,1.95,3.45,1.77,1.95,0.0,1.32,0.0,3.31,1.4,3.0,2.75,1.36,3,0,0,3,0,3,0,1565431200,163,0,0,0,1139,1,1,2,5,1,1,7,2,1,1,2,3,2,5,1,56,70,98,97,1.26,1.03,2.29,0,0,0,0,0,0,1,1,0,0,1,0,0,0,-1,-1,-1,-1,-1,-1,-1,-1,-1,0,0,0,0,CD Nacional,GD Chaves,2.5,1.25,0.0,0.0,0.0,0.0,0,0,0.0,0.0,0.0,24,True,True,True,False,False,False,False,LigaPro_Portugal_2a_división,,8.05,64%,0%,2019-08-10 10:00:00
2019-2020,1,2,1,3,10,2,12,2,1,1,1,8,4,4,8,12,12,16,10,59,41,Caixa Futebol Campus (Seixal),,4,2,2.1,3.35,3.35,1.31,1.95,3.45,1.77,1.95,0.0,1.51,0.0,2.55,1.36,2.6,2.9,1.44,3,1,1,1,0,1,2,1565542800,1031,0,0,0,955,1,1,7,0,3,2,7,5,0,0,3,2,0,5,1,101,54,94,74,2.04,1.42,3.46,0,0,0,0,0,0,1,1,0,0,3,0,0,0,-1,-1,-1,-1,-1,-1,-1,-1,-1,0,0,0,0,Benfica II,GD Estoril Praia,1.91,1.17,0.0,0.0,0.0,0.0,0,0,0.0,0.0,0.0,24,True,True,True,False,False,False,True,LigaPro_Portugal_2a_división,,13.87,56%,20%,2019-08-11 17:00:00
2019-2020,1,0,0,0,4,4,8,1,4,0,1,2,3,8,6,10,9,22,21,46,54,Estádio Varzim Sport Club (Póvoa de Varzim),,1,5,2.1,3.2,3.55,1.41,2.25,4.25,2.0,1.77,1.39,1.69,2.97,1.95,1.5,3.4,2.5,1.3,0,0,0,0,0,0,0,1565449200,-1,0,0,0,1589,1,1,0,2,4,2,2,6,0,2,1,3,2,4,1,51,58,100,106,1.15,1.21,2.35,0,0,0,0,0,0,1,1,0,0,0,0,0,1,-1,-1,-1,-1,-1,-1,-1,-1,-1,0,0,0,0,Varzim,UD Oliveirense,1.83,0.92,0.0,0.0,0.0,0.0,0,0,0.0,0.0,0.0,24,False,False,False,False,False,False,False,LigaPro_Portugal_2a_división,,12.75,82%,20%,2019-08-10 15:00:00
2019-2020,1,3,2,5,5,5,10,4,3,1,0,6,4,8,7,14,11,25,19,47,53,Estádio Municipal de Mafra (Mafra),,5,3,2.1,3.05,3.75,1.48,2.45,4.8,2.1,1.69,1.51,1.87,2.45,1.8,1.57,3.75,2.25,1.25,5,2,0,1,2,3,2,1565456400,4825,0,0,0,446,1,1,2,2,3,3,4,6,1,1,4,2,2,6,1,30,32,77,69,1.52,1.21,2.73,0,0,0,0,0,0,1,1,1,0,0,0,0,0,-1,-1,-1,-1,-1,-1,-1,-1,-1,0,0,0,0,CD Mafra,Cova Piedade,1.92,0.17,0.0,0.0,0.0,0.0,0,0,0.0,0.0,0.0,24,True,True,True,True,True,False,True,LigaPro_Portugal_2a_división,,13,62%,21%,2019-08-10 17:00:00
2019-2020,2,2,1,3,3,6,9,2,0,0,0,5,9,3,10,8,19,24,17,46,54,Estádio Municipal Eng. Manuel Branco Teixeira (Chaves),,2,0,1.36,4.85,7.5,1.28,1.9,3.4,2.15,1.65,0.0,1.64,0.0,2.27,1.36,2.75,3.0,1.4,3,1,0,1,1,2,1,1566062100,165,0,0,0,3912,1,1,0,3,3,3,3,6,0,0,2,0,0,2,1,60,84,67,71,1.29,2.42,3.7,0,0,0,0,0,0,1,1,1,0,0,0,0,0,-1,-1,-1,-1,-1,-1,-1,-1,-1,0,0,0,0,GD Chaves,CD Mafra,1.42,1.33,0.0,0.0,0.0,3.0,0,0,0.0,0.0,0.0,24,True,True,True,False,False,False,True,LigaPro_Portugal_2a_división,,9.55,67%,9%,2019-08-17 17:15:00
2019-2020,2,1,2,3,5,6,11,4,6,0,0,4,5,10,6,14,11,20,15,55,45,Estádio António Coimbra da Mota (Estoril),,4,6,2.05,3.0,4.0,1.33,2.0,3.5,1.87,1.87,1.37,0.0,3.08,0.0,1.44,3.0,2.62,1.36,3,1,1,0,1,1,2,1566123300,4866,0,0,0,545,1,1,2,2,3,4,4,7,1,2,3,4,3,7,1,67,74,100,106,1.65,1.58,3.23,0,0,0,0,0,0,1,1,0,0,1,0,0,0,-1,-1,-1,-1,-1,-1,-1,-1,-1,0,0,0,0,GD Estoril Praia,Farense,2.08,1.92,0.0,0.0,0.0,3.0,0,0,0.0,0.0,0.0,24,True,True,True,False,False,False,True,LigaPro_Portugal_2a_división,,11.41,65%,20%,2019-08-18 10:15:00
2019-2020,2,1,1,2,6,4,10,2,4,1,0,6,4,4,6,10,10,10,25,57,43,"Estádio Dr. Jorge Sampaio (Pedroso, Vila Nova de Gaia)",,4,4,1.87,3.35,4.1,1.4,2.25,4.0,2.0,1.74,1.47,1.83,2.54,1.83,1.5,3.4,2.5,1.3,2,1,0,0,1,1,1,1566140400,-1,0,0,0,780,1,1,4,2,2,2,6,4,0,2,3,2,2,5,1,76,60,116,93,1.61,1.35,2.95,0,0,0,0,0,0,1,1,0,0,2,0,0,0,-1,-1,-1,-1,-1,-1,-1,-1,-1,0,0,0,0,Porto II,Varzim,1.25,1.25,0.0,0.0,0.0,1.0,0,0,0.0,0.0,0.0,24,True,True,False,False,False,False,True,LigaPro_Portugal_2a_división,,5.39,57%,72%,2019-08-18 15:00:00
2019-2020,2,1,1,2,10,3,13,6,7,0,0,7,3,7,7,14,10,15,18,53,47,Estádio do Mar (Matosinhos),,6,7,2.45,3.15,2.85,1.33,2.05,3.5,1.8,1.91,0.0,1.47,0.0,2.66,1.44,3.0,2.62,1.36,2,0,1,1,0,1,1,1566140400,-1,0,0,0,2022,1,1,5,1,5,2,6,7,3,1,3,6,4,9,1,97,59,107,78,2.07,1.27,3.34,0,0,0,0,0,0,1,1,0,0,1,0,1,0,-1,-1,-1,-1,-1,-1,-1,-1,-1,0,0,0,0,Leixões,CD Nacional,1.38,1.67,0.0,0.0,0.0,3.0,0,0,0.0,0.0,0.0,24,True,True,False,False,False,False,True,LigaPro_Portugal_2a_división,,17.22,77%,20%,2019-08-18 15:00:00
2019-2020,2,2,1,3,1,6,7,3,2,0,0,4,5,8,8,12,13,14,18,43,57,Estádio Municipal José Martins Vieira (Almada),,3,2,3.2,3.1,2.3,1.4,2.25,4.0,1.91,1.8,1.39,1.72,2.75,2.0,1.5,3.4,2.5,1.3,3,1,0,1,1,2,1,1566140400,1036,0,0,0,1028,1,1,1,4,0,2,5,2,0,0,3,2,0,5,1,68,84,100,102,1.53,1.77,3.3,0,1,0,1,0,0,1,1,0,0,1,2,0,0,-1,-1,-1,-1,-1,-1,-1,-1,-1,0,0,0,0,Cova Piedade,CD Feirense,1.25,1.67,0.0,0.0,0.0,3.0,0,0,0.0,0.0,0.0,24,True,True,True,False,False,False,True,LigaPro_Portugal_2a_división,,16.11,73%,75%,2019-08-18 15:00:00
2019-2020,2,4,0,4,2,3,5,1,2,0,1,5,2,5,11,10,13,14,11,42,58,Estádio Municipal de Rio Maior (Rio Maior),,1,3,3.4,3.3,2.05,1.33,2.05,3.5,1.8,1.91,1.39,1.72,2.75,2.0,1.44,3.0,2.62,1.36,4,3,0,1,0,1,3,1566148500,4884,0,0,0,595,1,1,2,1,0,2,3,2,0,2,1,1,2,2,1,60,76,101,144,1.42,1.52,2.94,1,0,1,0,0,0,1,1,1,0,1,0,0,0,-1,-1,-1,-1,-1,-1,-1,-1,-1,0,0,0,0,Vilafranquense,Benfica II,1.5,0.54,0.0,0.0,0.0,3.0,0,0,0.0,0.0,0.0,24,True,True,True,True,False,False,False,LigaPro_Portugal_2a_división,,14.99,69%,20%,2019-08-18 17:15:00
2019-2020,2,0,0,0,4,4,8,1,2,0,0,2,3,8,4,10,7,22,16,47,53,Estádio Municipal do Fontelo (Viseu),,1,2,2.35,3.15,3.0,1.36,2.15,3.9,1.87,1.87,0.0,1.65,0.0,2.25,1.44,3.25,2.62,1.33,0,0,0,0,0,0,0,1566036000,-1,0,0,0,1250,1,1,3,3,1,1,6,2,1,1,0,1,2,1,1,54,73,112,126,1.17,1.19,2.36,0,0,0,0,0,0,1,1,0,0,0,1,1,0,-1,-1,-1,-1,-1,-1,-1,-1,-1,0,0,0,0,Academico Viseu,Associação Académica de Coimbra OAF,1.33,1.0,0.0,0.0,3.0,3.0,0,0,0.0,0.0,0.0,24,False,False,False,False,False,False,False,LigaPro_Portugal_2a_división,,9.17,64%,0%,2019-08-17 10:00:00
2019-2020,2,0,2,2,9,2,11,3,1,0,0,7,4,6,2,13,6,13,19,62,38,Estádio Municipal de Aveiro (Aveiro),,3,1,2.55,3.1,2.8,1.41,2.25,4.25,1.91,1.8,0.0,0.0,0.0,0.0,1.53,3.75,2.38,1.25,2,0,0,0,2,2,0,1566054000,1026,0,0,0,467,1,1,4,2,5,0,6,5,0,0,3,1,0,4,1,87,33,107,90,1.94,0.91,2.85,0,0,0,0,0,0,1,1,0,0,0,0,0,0,-1,-1,-1,-1,-1,-1,-1,-1,-1,0,0,0,0,UD Oliveirense,Sporting Covilhã,1.75,1.25,0.0,0.0,1.0,3.0,0,0,0.0,0.0,0.0,24,True,True,False,False,False,False,False,LigaPro_Portugal_2a_división,,,,,2019-08-17 15:00:00
2019-2020,2,1,2,3,5,0,5,3,3,0,0,2,3,0,0,2,3,23,26,47,53,Estádio Pina Manique (Lisboa),,3,3,2.95,3.15,2.4,1.33,2.07,3.75,1.83,1.91,1.34,0.0,3.19,0.0,1.44,3.0,2.62,1.36,3,1,2,0,0,0,3,1566062100,182,0,0,0,201,-1,1,-1,-1,-1,-1,-1,-1,1,0,2,3,1,5,1,3,4,9,9,0.29,0.43,0.71,0,0,0,0,0,0,1,1,0,0,-1,-1,0,0,-1,-1,-1,-1,-1,-1,-1,-1,-1,0,0,0,0,Casa Pia,FC Penafiel,0.42,0.75,0.0,0.0,0.0,0.0,0,0,0.0,0.0,0.0,24,True,True,True,False,False,False,True,LigaPro_Portugal_2a_división,,18.34,73%,20%,2019-08-17 17:15:00
2019-2020,3,0,0,0,3,3,6,5,2,0,0,3,3,10,7,13,10,16,20,56,44,Estádio da Madeira (Funchal (Ilha da Madeira)),,5,2,1.41,4.4,7.0,1.29,1.95,3.35,2.1,1.67,0.0,1.55,0.0,2.46,1.4,2.75,2.75,1.4,0,0,0,0,0,0,0,1566745200,-1,0,50,0,1357,1,1,2,1,1,2,3,3,2,0,3,2,2,5,1,64,57,102,102,1.49,1.26,2.75,0,0,0,0,0,0,1,1,0,0,0,0,0,0,-1,-1,-1,-1,-1,-1,-1,-1,-1,100,100,0,50,CD Nacional,CD Mafra,2.5,1.33,3.0,0.0,2.0,1.5,0,0,1.26,2.42,3.68,24,False,False,False,False,False,False,False,LigaPro_Portugal_2a_división,,2.24,88%,90%,2019-08-25 15:00:00
2019-2020,3,0,0,0,8,6,14,2,4,0,0,4,0,11,14,15,14,22,19,48,52,Estádio Marcolino de Castro (Santa Maria da Feira),,2,4,1.95,3.25,3.85,1.33,2.05,3.65,1.83,1.87,1.4,1.73,2.94,2.0,1.4,3.0,2.75,1.36,0,0,0,0,0,0,0,1566658800,-1,0,0,0,1048,1,1,6,2,2,4,8,6,0,2,2,2,2,4,1,70,65,90,95,1.73,1.35,3.08,0,0,0,0,0,0,1,1,0,0,5,0,0,0,-1,-1,-1,-1,-1,-1,-1,-1,-1,0,100,0,100,CD Feirense,Academico Viseu,1.83,1.5,3.0,3.0,1.5,2.0,100,0,1.6,1.07,2.67,24,False,False,False,False,False,False,False,LigaPro_Portugal_2a_división,,13.87,42%,0%,2019-08-24 15:00:00
2019-2020,3,2,1,3,2,3,5,2,1,0,0,4,4,8,10,12,14,18,10,48,52,Caixa Futebol Campus (Seixal),,2,1,1.69,3.65,4.85,1.29,1.91,3.3,1.83,1.87,0.0,1.51,0.0,2.55,1.4,2.7,2.81,1.43,3,0,0,2,1,3,0,1566583200,1031,0,50,0,580,1,1,0,0,2,3,0,5,0,0,2,1,0,3,1,80,65,118,113,1.62,1.64,3.26,0,0,0,0,0,0,1,1,0,0,0,0,0,0,-1,-1,-1,-1,-1,-1,-1,-1,-1,50,50,50,50,Benfica II,UD Oliveirense,1.91,0.92,3.0,1.0,1.5,0.5,50,50,2.04,1.21,3.25,24,True,True,True,False,False,False,True,LigaPro_Portugal_2a_división,,16.11,41%,0%,2019-08-23 18:00:00
2019-2020,3,1,0,1,3,7,10,2,0,0,0,5,3,3,4,8,7,20,22,49,51,Estádio Municipal José dos Santos Pinto (Covilhã),,2,0,1.67,3.7,4.95,1.38,2.15,4.0,2.1,1.67,1.53,1.98,2.42,1.83,1.5,3.5,2.5,1.28,1,1,0,0,0,0,1,1566666900,1026,0,0,0,582,1,1,3,0,0,7,3,7,1,0,1,0,1,1,1,38,43,86,89,1.14,0.97,2.11,0,0,0,0,0,0,1,1,0,0,1,0,0,0,-1,-1,-1,-1,-1,-1,-1,-1,-1,0,100,0,50,Sporting Covilhã,Vilafranquense,1.42,0.5,3.0,0.0,3.0,1.5,100,0,1.43,1.73,3.16,24,True,False,False,False,False,False,False,LigaPro_Portugal_2a_división,,1.99,41%,86%,2019-08-24 17:15:00
2019-2020,3,3,0,3,2,8,10,4,3,0,0,9,2,6,4,15,6,19,15,39,61,Estádio Municipal 25 de Abril (Penafiel),,4,3,1.83,3.3,4.35,1.41,2.25,4.25,2.05,1.71,0.0,1.56,0.0,2.35,1.5,3.4,2.5,1.3,3,2,0,1,0,1,2,1566666900,182,0,50,0,240,1,1,1,6,1,2,7,3,1,1,3,2,2,5,1,20,13,30,35,1.71,0.61,2.32,1,0,1,0,0,0,1,1,0,0,0,0,0,0,-1,-1,-1,-1,-1,-1,-1,-1,-1,50,100,50,100,FC Penafiel,Cova Piedade,1.58,0.17,0.0,0.0,1.5,1.5,50,0,2.24,1.21,3.45,24,True,True,True,False,False,False,False,LigaPro_Portugal_2a_división,,10.29,88%,0%,2019-08-24 17:15:00
2019-2020,3,1,2,3,6,2,8,2,3,0,0,5,6,9,7,14,13,16,19,48,52,Estádio EFAPEL (Coimbra),,2,3,2.55,3.25,2.65,1.44,2.35,4.5,2.05,1.71,0.0,1.51,0.0,2.46,1.49,3.14,2.51,1.33,3,1,1,0,1,1,2,1566640800,165,0,50,0,2242,1,1,5,0,1,2,5,3,0,1,2,2,1,4,1,68,60,109,92,1.73,1.67,3.4,0,0,0,0,0,0,1,1,1,1,2,0,0,0,-1,-1,-1,-1,-1,-1,-1,-1,-1,100,100,50,50,Associação Académica de Coimbra OAF,GD Chaves,1.92,1.25,3.0,0.0,2.0,1.5,0,0,2.1,1.03,3.13,24,True,True,True,False,False,False,True,LigaPro_Portugal_2a_división,,9.17,64%,0%,2019-08-24 10:00:00
2019-2020,3,0,1,1,4,8,12,0,3,0,0,2,6,3,4,5,10,19,18,45,55,Estádio Pina Manique (Lisboa),,0,3,2.9,3.2,2.35,1.36,2.1,3.9,1.87,1.87,1.4,1.69,2.73,1.95,1.44,3.0,2.62,1.36,1,0,0,0,1,1,0,1566753300,164,0,100,0,273,1,1,3,2,1,6,5,7,0,1,0,2,1,2,1,73,76,105,102,0.99,1.6,2.6,0,0,0,0,0,0,1,1,0,0,1,1,0,0,-1,-1,-1,-1,-1,-1,-1,-1,-1,100,100,100,100,Casa Pia,GD Estoril Praia,0.42,1.17,0.0,0.0,0.0,0.0,0,0,0.29,1.42,1.71,24,True,False,False,False,False,False,False,LigaPro_Portugal_2a_división,,12.75,64%,20%,2019-08-25 17:15:00
2019-2020,3,0,1,1,3,6,9,5,3,0,0,2,5,9,7,11,12,21,14,50,50,Estádio Varzim Sport Club (Póvoa de Varzim),,5,3,2.75,2.95,2.65,1.5,2.55,5.05,2.1,1.67,1.39,1.73,2.75,2.0,1.57,3.75,2.25,1.25,1,0,0,0,1,1,0,1566753300,1030,0,50,0,2236,1,1,0,3,3,3,3,6,2,0,3,3,2,6,1,68,83,94,91,1.33,1.7,3.03,0,0,0,0,0,0,1,1,0,0,0,1,0,0,-1,-1,-1,-1,-1,-1,-1,-1,-1,50,50,50,50,Varzim,Leixões,1.83,1.36,1.0,0.0,1.0,0.5,50,50,1.15,1.7,2.85,24,True,False,False,False,False,False,False,LigaPro_Portugal_2a_división,,4.7,77%,20%,2019-08-25 17:15:00
2019-2020,3,1,3,4,4,7,11,5,3,0,0,8,8,4,3,12,11,16,14,46,54,Estádio de São Lúis (Faro),,5,3,1.87,3.3,4.2,1.38,2.15,4.0,2.0,1.77,1.4,1.71,2.93,2.02,1.4,3.0,2.75,1.36,4,0,1,1,2,3,1,1566728100,1037,0,50,0,1768,1,1,1,5,3,2,6,5,3,1,2,2,4,4,1,66,65,117,105,1.8,1.73,3.53,0,1,0,1,0,0,1,1,0,0,0,0,0,0,-1,-1,-1,-1,-1,-1,-1,-1,-1,50,100,50,50,Farense,Porto II,2.08,1.17,3.0,0.0,3.0,0.5,50,0,2.14,1.73,3.87,24,True,True,True,True,False,False,True,LigaPro_Portugal_2a_división,,1.12,73%,20%,2019-08-25 10:15:00
2019-2020,4,2,1,3,6,4,10,2,1,0,0,5,4,5,9,10,13,25,14,53,47,Estádio Municipal Eng. Manuel Branco Teixeira (Chaves),,2,1,1.74,3.45,4.75,1.33,2.0,3.6,1.91,1.8,0.0,1.47,0.0,2.65,1.4,3.0,2.75,1.36,3,1,0,1,1,2,1,1567358100,165,0,100,0,2281,1,1,4,2,2,2,6,4,0,1,2,0,1,2,1,76,80,104,85,1.53,1.67,3.2,1,0,1,0,0,0,1,1,0,0,0,0,0,0,-1,-1,-1,-1,-1,-1,-1,-1,-1,100,100,50,100,GD Chaves,FC Penafiel,1.42,0.75,3.0,3.0,2.0,2.0,0,0,1.29,0.43,1.72,24,True,True,True,False,False,False,True,LigaPro_Portugal_2a_división,,5.39,75%,18%,2019-09-01 17:15:00
2019-2020,4,3,1,4,3,8,11,4,4,0,2,5,5,1,3,6,8,22,18,45,55,Estádio António Coimbra da Mota (Estoril),,4,7,1.67,3.65,5.05,1.32,2.0,3.6,1.95,1.8,1.39,1.73,2.97,2.0,1.44,3.25,2.62,1.33,4,0,1,3,0,3,1,1567332900,164,0,100,0,498,1,1,3,5,0,3,8,3,3,0,1,6,3,7,1,68,95,90,86,1.23,1.54,2.76,0,0,0,0,0,0,1,1,0,0,0,3,0,0,-1,-1,-1,-1,-1,-1,-1,-1,-1,50,100,50,100,GD Estoril Praia,Varzim,2.08,1.25,0.0,1.0,1.0,0.67,50,0,1.65,1.35,3.0,24,True,True,True,True,False,False,True,LigaPro_Portugal_2a_división,,13.87,57%,20%,2019-09-01 10:15:00
2019-2020,4,0,0,0,6,3,9,2,2,0,0,3,6,17,5,20,11,15,15,55,45,"Estádio Dr. Jorge Sampaio (Pedroso, Vila Nova de Gaia)",,2,2,1.8,3.35,4.5,1.36,2.15,3.9,2.0,1.77,1.56,1.91,2.36,1.74,1.45,3.0,2.55,1.34,0,0,0,0,0,0,0,1567263600,-1,0,100,0,566,1,1,3,0,3,3,3,6,1,1,1,1,2,2,1,77,62,132,138,2.03,1.58,3.61,0,0,0,0,0,0,1,1,0,0,0,0,0,0,-1,-1,-1,-1,-1,-1,-1,-1,-1,50,100,50,100,Porto II,Casa Pia,1.25,0.5,1.0,0.0,1.33,0.0,50,0,1.61,0.97,2.58,24,False,False,False,False,False,False,False,LigaPro_Portugal_2a_división,,9.6,29%,30%,2019-08-31 15:00:00
2019-2020,4,1,2,3,2,7,9,3,4,1,0,4,7,4,10,8,17,13,13,37,63,Estádio Municipal de Rio Maior (Rio Maior),,4,4,3.15,3.3,2.2,1.36,2.1,3.9,1.87,1.83,0.0,1.65,0.0,2.21,1.47,3.33,2.76,1.34,3,1,1,0,1,1,2,1567263600,163,0,50,0,300,1,1,1,5,1,2,6,3,2,2,2,2,4,4,1,74,102,75,116,1.32,2.29,3.61,0,0,0,0,0,0,1,1,1,0,0,0,0,0,-1,-1,-1,-1,-1,-1,-1,-1,-1,50,100,50,100,Vilafranquense,CD Nacional,1.5,1.67,3.0,1.0,1.0,1.67,50,0,1.42,1.27,2.69,24,True,True,True,False,False,False,True,LigaPro_Portugal_2a_división,,13.87,47%,0%,2019-08-31 15:00:00
2019-2020,4,2,2,4,5,4,9,2,3,0,0,5,5,8,5,13,10,13,14,57,43,Estádio do Mar (Matosinhos),,2,3,2.15,3.15,3.45,1.43,2.35,4.45,2.0,1.71,1.4,1.69,2.71,1.95,1.45,3.2,2.55,1.3,4,1,0,1,2,3,1,1567245600,-1,0,100,0,2050,1,1,5,2,0,2,7,2,1,1,1,2,2,3,1,85,66,148,117,1.8,1.47,3.26,0,0,0,0,0,0,1,1,0,0,1,0,0,0,-1,-1,-1,-1,-1,-1,-1,-1,-1,50,100,0,100,Leixões,CD Feirense,1.38,1.67,1.0,0.0,1.33,1.33,50,0,2.07,1.77,3.84,24,True,True,True,True,False,False,True,LigaPro_Portugal_2a_división,,3.36,93%,90%,2019-08-31 10:00:00
2019-2020,4,2,0,2,1,8,9,3,1,0,0,6,5,5,6,11,11,11,18,43,57,Estádio Municipal José Martins Vieira (Almada),,3,1,2.25,3.3,3.05,1.29,1.95,3.35,1.74,2.0,0.0,1.65,0.0,2.2,1.4,2.98,3.03,1.41,2,1,0,1,0,1,1,1567271700,1036,0,50,0,953,1,1,0,1,1,7,1,8,2,1,1,0,3,1,1,60,91,112,102,1.56,1.7,3.26,0,0,0,0,0,0,1,1,0,0,0,0,0,0,-1,-1,-1,-1,-1,-1,-1,-1,-1,100,100,50,100,Cova Piedade,Benfica II,1.25,0.54,3.0,0.0,1.0,2.0,0,0,1.53,1.52,3.05,24,True,True,False,False,False,False,False,LigaPro_Portugal_2a_división,,12.75,68%,20%,2019-08-31 17:15:00
2019-2020,4,1,0,1,3,2,5,2,3,0,1,4,4,5,4,9,8,22,17,51,49,Estádio Municipal de Mafra (Mafra),,2,4,2.9,3.05,2.5,1.36,2.1,3.9,1.83,1.87,1.39,1.73,2.75,2.0,1.44,3.25,2.62,1.33,1,0,0,1,0,1,0,1567350000,4825,0,50,0,731,1,1,1,2,2,0,3,2,1,2,1,2,3,3,1,73,64,98,104,1.38,1.26,2.63,0,0,0,0,0,0,1,1,0,0,0,1,0,0,-1,-1,-1,-1,-1,-1,-1,-1,-1,50,50,50,50,CD Mafra,Associação Académica de Coimbra OAF,1.92,1.0,3.0,1.0,1.33,1.33,50,50,1.52,1.19,2.71,24,True,False,False,False,False,False,False,LigaPro_Portugal_2a_división,,1.99,97%,100%,2019-09-01 15:00:00
2019-2020,4,1,3,4,7,4,11,2,3,0,1,6,5,3,0,9,5,14,19,60,40,Estádio Municipal do Fontelo (Viseu),,2,4,2.3,3.1,3.15,1.38,2.2,4.1,1.91,1.83,1.47,1.85,2.55,1.95,1.57,3.75,2.25,1.25,4,1,1,0,2,2,2,1567358100,1026,0,0,0,935,1,1,5,1,2,3,6,5,0,1,2,3,1,5,1,106,48,134,93,1.76,1.02,2.78,0,0,0,0,0,0,1,1,0,0,0,1,0,0,-1,-1,-1,-1,-1,-1,-1,-1,-1,0,50,0,0,Academico Viseu,Sporting Covilhã,1.33,1.25,1.0,3.0,1.67,3.0,100,50,1.17,0.91,2.08,24,True,True,True,True,False,False,True,LigaPro_Portugal_2a_división,,14.99,68%,0%,2019-09-01 17:15:00
2019-2020,4,0,1,1,4,4,8,5,4,0,0,6,4,6,15,12,19,19,13,50,50,Estádio Municipal de Aveiro (Aveiro),,5,4,2.75,3.1,2.55,1.34,2.05,3.7,1.8,1.95,0.0,1.66,0.0,2.19,1.44,3.25,2.62,1.33,1,0,0,0,1,1,0,1567350000,4866,0,50,0,422,1,1,1,4,3,0,5,3,2,1,3,3,3,6,1,74,68,100,103,1.71,1.96,3.68,0,0,0,0,0,0,1,1,0,0,0,2,0,0,-1,-1,-1,-1,-1,-1,-1,-1,-1,50,100,50,50,UD Oliveirense,Farense,1.75,1.92,0.0,3.0,0.33,2.0,50,0,1.94,1.58,3.52,24,True,False,False,False,False,False,False,LigaPro_Portugal_2a_división,,,,,2019-09-01 15:00:00
2019-2020,5,2,3,5,4,5,9,4,3,1,0,4,5,5,2,9,7,16,14,46,54,Estádio Municipal José dos Santos Pinto (Covilhã),,5,3,2.65,3.0,2.75,1.43,2.3,4.4,1.95,1.77,0.0,1.76,0.0,2.07,1.5,3.4,2.5,1.3,5,0,0,2,3,5,0,1568559600,1030,0,25,0,863,1,1,3,3,1,2,6,3,0,1,5,2,1,7,1,62,68,109,111,1.3,1.29,2.6,0,0,0,0,0,0,1,1,0,0,0,1,0,0,-1,-1,-1,-1,-1,-1,-1,-1,-1,25,50,25,50,Sporting Covilhã,Leixões,1.42,1.36,3.0,1.5,3.0,1.25,75,50,1.28,1.7,2.98,24,True,True,True,True,True,False,True,LigaPro_Portugal_2a_división,,1.99,54%,45%,2019-09-15 15:00:00
2019-2020,5,2,1,3,2,3,5,2,2,0,0,9,5,3,12,12,17,14,20,42,58,Estádio Municipal 25 de Abril (Penafiel),,2,2,1.87,3.35,4.25,1.36,2.1,3.85,1.95,1.8,1.41,1.79,2.68,2.03,1.44,3.0,2.62,1.36,3,1,1,1,0,1,2,1568567700,182,0,25,0,363,1,1,0,2,2,1,2,3,0,0,2,2,0,4,1,54,85,85,121,1.78,2.04,3.81,0,0,0,0,0,0,1,1,0,0,0,0,0,0,-1,-1,-1,-1,-1,-1,-1,-1,-1,50,75,25,75,FC Penafiel,CD Mafra,1.58,1.33,1.5,0.5,1.5,1.75,50,25,1.98,1.84,3.82,24,True,True,True,False,False,False,True,LigaPro_Portugal_2a_división,,5.3,6%,56%,2019-09-15 17:15:00
2019-2020,5,1,2,3,7,2,9,5,4,1,0,7,5,16,7,23,12,19,21,59,41,Estádio EFAPEL (Coimbra),,7,4,2.8,3.1,2.5,1.35,2.1,3.8,1.83,1.91,0.0,1.47,0.0,2.66,1.44,3.25,2.62,1.33,3,0,1,1,1,2,1,1568542500,163,0,100,0,1921,1,1,1,2,6,0,3,6,3,2,3,2,5,5,1,96,36,112,79,2.62,1.37,3.99,0,1,0,1,0,0,1,1,0,0,0,1,0,0,-1,-1,-1,-1,-1,-1,-1,-1,-1,75,100,75,100,Associação Académica de Coimbra OAF,CD Nacional,1.92,1.67,1.5,2.0,1.0,2.0,25,0,1.92,1.78,3.7,24,True,True,True,False,False,False,True,LigaPro_Portugal_2a_división,,3.36,45%,20%,2019-09-15 10:15:00
2019-2020,5,1,3,4,2,1,3,4,3,0,0,8,4,7,6,15,10,18,21,54,46,Estádio Municipal de Mafra (Mafra),,4,3,2.3,3.1,3.1,1.42,2.25,4.3,1.95,1.77,0.0,1.73,0.0,2.0,1.5,3.4,2.5,1.3,4,0,1,1,2,3,1,1568567700,1038,0,50,0,214,1,1,1,0,1,1,1,2,3,1,1,2,4,3,1,96,71,126,107,2.2,1.43,3.63,0,2,0,2,0,0,1,1,0,0,0,0,0,0,-1,-1,-1,-1,-1,-1,-1,-1,-1,50,50,25,25,Casa Pia,UD Oliveirense,0.42,0.92,0.0,0.5,0.25,0.25,50,50,0.64,1.42,2.06,24,True,True,True,True,False,False,True,LigaPro_Portugal_2a_división,,10.29,57%,0%,2019-09-15 17:15:00
2019-2020,6,2,3,5,9,0,9,4,3,0,0,10,6,19,4,29,10,14,16,60,40,Estádio Municipal Eng. Manuel Branco Teixeira (Chaves),,4,3,1.75,3.5,5.0,1.36,2.35,4.0,2.0,1.73,0.0,1.64,0.0,2.26,1.44,3.25,2.62,1.33,5,1,1,1,2,3,2,1569078000,1026,0,75,0,1559,-1,1,-1,-1,-1,-1,-1,-1,0,2,4,1,2,5,1,113,49,107,86,3.32,1.41,4.73,0,1,0,1,0,0,1,1,1,0,-1,-1,0,0,-1,-1,-1,-1,-1,-1,-1,-1,-1,75,100,25,75,GD Chaves,Sporting Covilhã,1.42,1.25,3.0,3.0,1.8,2.4,25,0,1.41,0.97,2.38,24,True,True,True,True,True,False,True,LigaPro_Portugal_2a_división,,11.21,60%,25%,2019-09-21 15:00:00
2019-2020,6,2,1,3,3,4,7,3,4,0,0,3,5,8,7,11,12,12,20,56,44,Estádio da Madeira (Funchal (Ilha da Madeira)),,3,4,2.0,3.3,3.8,1.29,2.0,3.4,1.8,1.9,0.0,1.51,0.0,2.45,1.4,3.0,2.75,1.36,3,1,1,1,0,1,2,1569078000,163,0,50,0,1287,1,1,2,1,1,3,3,4,1,3,2,1,4,3,1,80,79,130,109,1.49,1.68,3.17,0,0,0,0,0,0,1,1,0,0,0,0,0,0,-1,-1,-1,-1,-1,-1,-1,-1,-1,75,75,25,50,CD Nacional,FC Penafiel,2.5,0.75,2.0,1.5,2.2,1.8,25,25,1.38,1.05,2.43,24,True,True,True,False,False,False,True,LigaPro_Portugal_2a_división,,11.41,83%,90%,2019-09-21 15:00:00
2019-2020,6,0,1,1,6,4,10,2,2,1,0,4,6,9,5,13,11,12,15,61,39,Estádio Municipal José Martins Vieira (Almada),,3,2,1.85,3.3,4.33,1.36,2.15,4.0,1.9,1.8,1.48,1.85,2.52,1.95,1.44,3.25,2.62,1.33,1,0,0,0,1,1,0,1569164400,4810,0,50,0,787,1,1,1,4,5,0,5,5,2,0,1,2,2,3,1,53,37,120,102,1.49,1.39,2.88,0,0,0,0,0,0,1,1,0,0,1,1,0,0,-1,-1,-1,-1,-1,-1,-1,-1,-1,50,75,25,75,Cova Piedade,Casa Pia,1.25,0.5,3.0,0.5,1.2,0.2,50,25,1.54,1.27,2.81,24,True,False,False,False,False,False,False,LigaPro_Portugal_2a_división,,9.17,56%,20%,2019-09-22 15:00:00
2019-2020,6,1,1,2,6,5,11,0,2,0,0,2,2,7,5,9,7,16,13,57,43,Estádio Municipal de Mafra (Mafra),,0,2,2.0,3.25,3.8,1.44,2.13,4.0,2.0,1.72,1.49,1.9,2.49,1.9,1.5,3.4,2.5,1.3,2,1,0,0,1,1,1,1569164400,-1,0,75,0,506,1,1,2,4,4,1,6,5,0,1,0,1,1,1,1,37,31,90,79,0.98,0.81,1.8,0,0,0,0,0,0,1,1,0,0,0,0,0,0,-1,-1,-1,-1,-1,-1,-1,-1,-1,50,75,25,75,CD Mafra,Varzim,1.92,1.25,3.0,0.5,1.4,1.0,50,25,1.45,1.44,2.89,24,True,True,False,False,False,False,True,LigaPro_Portugal_2a_división,,4.85,98%,57%,2019-09-22 15:00:00
2019-2020,6,1,1,2,8,4,12,3,4,0,0,5,3,5,6,10,9,13,24,58,42,Estádio EFAPEL (Coimbra),,3,4,2.3,3.2,3.1,1.4,2.05,4.33,1.83,1.83,0.0,1.73,0.0,2.0,1.44,3.25,2.62,1.33,2,0,0,1,1,2,0,1569172500,-1,0,100,0,3246,1,1,5,2,3,2,7,5,1,2,2,2,3,4,1,75,62,108,101,1.53,1.23,2.76,1,0,1,0,0,0,1,1,0,0,1,0,0,0,-1,-1,-1,-1,-1,-1,-1,-1,-1,100,100,34,100,Associação Académica de Coimbra OAF,CD Feirense,1.92,1.67,1.0,0.5,0.8,1.6,0,0,2.15,1.62,3.77,24,True,True,False,False,False,False,True,LigaPro_Portugal_2a_división,,4.14,82%,100%,2019-09-22 17:15:00
2019-2020,6,1,4,5,3,2,5,2,1,0,0,2,7,5,4,7,11,16,21,52,48,Estádio Municipal de Rio Maior (Rio Maior),,2,1,3.25,3.3,2.2,1.3,2.03,3.5,1.72,2.0,1.48,1.88,2.51,1.93,1.4,3.0,2.75,1.36,5,1,2,0,2,2,3,1569172500,164,0,50,0,358,1,1,2,0,1,2,2,3,0,0,2,1,0,3,1,56,45,105,93,1.0,1.51,2.51,0,0,0,0,0,0,1,1,0,0,0,0,0,0,-1,-1,-1,-1,-1,-1,-1,-1,-1,75,75,75,75,Vilafranquense,GD Estoril Praia,1.5,1.17,1.5,1.5,0.6,1.8,25,25,1.37,1.51,2.88,24,True,True,True,True,True,False,True,LigaPro_Portugal_2a_división,,8.05,68%,20%,2019-09-22 17:15:00
2019-2020,6,1,0,1,9,4,13,1,3,0,0,7,7,11,4,18,11,15,16,48,52,Estádio do Mar (Matosinhos),,1,3,1.75,3.4,4.33,1.28,1.93,3.25,1.8,1.9,1.33,1.66,2.9,2.1,1.4,2.75,2.75,1.4,1,0,0,1,0,1,0,1569147300,1030,0,50,0,1709,1,1,3,2,6,2,5,8,1,1,0,2,2,2,1,97,64,80,62,2.31,1.64,3.95,0,0,0,0,0,0,1,1,0,0,0,1,0,0,-1,-1,-1,-1,-1,-1,-1,-1,-1,50,100,25,100,Leixões,Benfica II,1.38,0.54,1.0,0.0,1.6,1.4,50,0,1.93,1.61,3.54,24,True,False,False,False,False,False,False,LigaPro_Portugal_2a_división,,10.29,77%,20%,2019-09-22 10:15:00
2019-2020,6,0,0,0,8,10,18,7,0,1,0,5,5,11,16,16,21,21,19,40,60,Estádio Municipal de Aveiro (Aveiro),,8,0,2.18,3.2,3.05,1.3,2.0,3.4,1.72,2.0,1.47,1.85,2.67,1.96,1.44,3.0,2.62,1.36,0,0,0,0,0,0,0,1569060000,-1,0,34,0,263,1,1,6,4,2,6,10,8,2,0,6,0,2,6,1,61,80,70,90,1.79,2.24,4.03,0,0,0,0,0,0,1,1,0,0,2,2,0,0,-1,-1,-1,-1,-1,-1,-1,-1,-1,34,75,0,34,UD Oliveirense,Porto II,1.75,1.17,0.0,1.0,0.8,1.0,67,25,1.82,1.69,3.51,24,False,False,False,False,False,False,False,LigaPro_Portugal_2a_división,,,,,2019-09-21 10:00:00
2019-2020,6,1,0,1,0,8,8,3,2,0,0,6,3,4,5,10,8,19,14,45,55,Estádio Municipal do Fontelo (Viseu),,3,2,2.75,3.0,2.75,1.36,2.2,3.75,1.83,1.83,1.45,1.83,2.59,1.98,1.44,3.25,2.62,1.33,1,0,0,1,0,1,0,1569078000,1032,0,50,0,498,-1,1,-1,-1,-1,-1,-1,-1,0,0,3,2,0,5,1,56,71,109,127,1.46,1.24,2.71,0,0,0,0,0,0,1,1,0,0,-1,-1,0,0,-1,-1,-1,-1,-1,-1,-1,-1,-1,50,50,50,50,Academico Viseu,Farense,1.33,1.92,0.5,3.0,1.2,2.4,50,50,1.47,1.77,3.24,24,True,False,False,False,False,False,False,LigaPro_Portugal_2a_división,,6.93,93%,75%,2019-09-21 15:00:00
2019-2020,7,1,2,3,11,4,15,2,4,0,0,5,4,9,6,14,10,14,14,56,44,Estádio Marcolino de Castro (Santa Maria da Feira),,2,4,1.67,3.5,5.35,1.36,2.1,3.9,2.0,1.71,1.54,1.83,2.46,1.83,1.44,3.25,2.62,1.33,3,0,0,1,2,3,0,1572106500,4825,0,34,0,2413,1,1,5,1,6,3,6,9,1,3,1,1,4,2,1,96,67,103,92,1.92,1.4,3.32,1,0,1,0,0,0,1,1,0,0,1,0,0,0,-1,-1,-1,-1,-1,-1,-1,-1,-1,34,50,17,67,CD Feirense,CD Mafra,1.83,1.33,2.33,0.33,1.5,1.33,67,50,1.6,1.9,3.5,24,True,True,True,False,False,False,True,LigaPro_Portugal_2a_división,,2.24,77%,63%,2019-10-26 16:15:00
2019-2020,7,3,0,3,6,4,10,2,2,0,0,5,4,7,5,12,9,21,21,49,51,Estádio António Coimbra da Mota (Estoril),,2,2,1.48,4.2,6.25,1.28,1.87,3.2,2.0,1.74,0.0,1.72,0.0,2.0,1.36,2.75,3.0,1.4,3,2,0,1,0,1,2,1572188400,164,0,88,0,458,1,1,3,1,3,3,4,6,1,0,1,2,1,3,1,81,66,107,104,1.69,1.33,3.02,0,0,0,0,0,0,1,1,1,0,1,0,0,0,-1,-1,-1,-1,-1,-1,-1,-1,-1,88,88,29,75,GD Estoril Praia,UD Oliveirense,2.08,0.92,2.0,1.0,1.71,0.71,13,13,1.48,1.49,2.97,24,True,True,True,False,False,False,False,LigaPro_Portugal_2a_división,,10.29,82%,75%,2019-10-27 15:00:00
2019-2020,7,1,0,1,4,6,10,3,3,0,0,3,0,7,5,10,5,12,18,61,39,Estádio Municipal José dos Santos Pinto (Covilhã),,3,3,1.8,3.2,4.85,1.43,2.35,4.45,2.1,1.67,0.0,1.72,0.0,2.0,1.44,3.25,2.63,1.29,1,0,0,1,0,1,0,1572174900,1026,0,50,0,608,1,1,2,3,2,3,5,5,0,0,3,3,0,6,1,72,64,129,111,1.37,0.79,2.16,0,0,0,0,0,0,1,1,0,0,0,0,0,0,-1,-1,-1,-1,-1,-1,-1,-1,-1,67,84,50,67,Sporting Covilhã,Cova Piedade,1.42,0.17,2.0,0.0,2.5,0.86,34,17,1.29,0.93,2.22,24,True,False,False,False,False,False,False,LigaPro_Portugal_2a_división,,4.34,49%,98%,2019-10-27 11:15:00
2019-2020,7,1,1,2,3,3,6,6,3,0,0,5,5,12,7,17,12,19,15,51,49,"Estádio Dr. Jorge Sampaio (Pedroso, Vila Nova de Gaia)",,6,3,1.83,3.6,4.05,1.34,2.05,3.75,1.95,1.77,0.0,1.9,0.0,1.8,1.44,3.25,2.62,1.33,2,0,0,1,1,2,0,1572098400,-1,0,25,0,267,1,1,0,2,3,1,2,4,2,1,4,2,3,6,1,76,67,116,105,1.97,1.59,3.57,0,1,0,1,0,0,1,1,0,0,0,2,0,0,-1,-1,-1,-1,-1,-1,-1,-1,-1,17,59,17,75,Porto II,Vilafranquense,1.25,0.5,1.0,0.0,0.86,0.86,84,42,1.82,1.21,3.03,24,True,True,False,False,False,False,True,LigaPro_Portugal_2a_división,,7.56,47%,0%,2019-10-26 14:00:00
2019-2020,7,2,1,3,6,1,7,2,1,0,0,3,5,4,9,7,14,14,13,51,49,Estádio Varzim Sport Club (Póvoa de Varzim),,2,1,3.8,3.35,1.95,1.39,2.2,4.15,2.0,1.74,0.0,0.0,0.0,0.0,1.44,3.2,2.63,1.3,3,1,1,1,0,1,2,1572188400,1034,0,33,0,1474,1,1,3,1,3,0,4,3,0,0,2,1,0,3,1,83,60,81,85,1.25,1.66,2.91,1,0,1,0,0,0,1,1,0,0,1,1,0,0,-1,-1,-1,-1,-1,-1,-1,-1,-1,50,50,33,50,Varzim,GD Chaves,1.83,1.25,1.33,1.0,1.0,1.71,50,50,1.6,1.59,3.19,24,True,True,True,False,False,False,True,LigaPro_Portugal_2a_división,,9.17,77%,47%,2019-10-27 15:00:00
2019-2020,7,1,0,1,9,3,12,2,0,0,0,4,5,7,13,11,18,23,10,53,47,Caixa Futebol Campus (Seixal),,2,0,3.1,3.45,2.15,1.25,1.8,3.0,1.67,2.1,0.0,0.0,0.0,0.0,1.3,2.63,3.2,1.44,1,0,0,1,0,1,0,1572098400,1031,0,84,0,734,1,1,3,2,6,1,5,7,1,0,1,0,1,1,1,96,82,100,105,1.66,2.07,3.74,0,0,0,0,0,0,1,1,0,0,0,0,0,0,-1,-1,-1,-1,-1,-1,-1,-1,-1,67,84,33,67,Benfica II,CD Nacional,1.91,1.67,2.33,2.33,1.0,2.43,33,17,1.78,1.64,3.42,24,True,False,False,False,False,False,False,LigaPro_Portugal_2a_división,,5.82,64%,20%,2019-10-26 14:00:00
2019-2020,7,0,0,0,3,4,7,2,2,0,0,4,5,5,3,9,8,18,17,47,53,Estádio Municipal 25 de Abril (Penafiel),,2,2,2.45,3.05,2.95,1.4,2.25,4.25,1.91,1.83,0.0,0.0,0.0,0.0,1.44,3.2,2.63,1.3,0,0,0,0,0,0,0,1572084000,-1,0,17,0,438,1,1,2,2,1,2,4,3,1,0,1,2,1,3,1,63,78,113,124,1.31,1.43,2.74,0,0,0,0,0,0,1,1,0,0,0,1,0,0,-1,-1,-1,-1,-1,-1,-1,-1,-1,34,50,34,50,FC Penafiel,Associação Académica de Coimbra OAF,1.58,1.0,2.0,0.5,1.5,1.14,67,50,1.91,1.22,3.13,24,False,False,False,False,False,False,False,LigaPro_Portugal_2a_división,,6.04,39%,37%,2019-10-26 10:00:00
2019-2020,7,1,0,1,10,3,13,3,5,0,0,5,2,8,5,13,7,15,12,53,47,Estádio de São Lúis (Faro),,3,5,2.4,3.05,2.95,1.37,2.15,3.95,1.83,1.87,0.0,1.72,0.0,2.0,1.4,3.0,2.75,1.33,1,0,0,1,0,1,0,1572188400,4866,0,67,0,1564,1,1,2,2,8,1,4,9,2,2,1,3,4,4,1,44,44,70,78,1.49,0.91,2.39,0,0,0,0,0,0,1,1,0,0,0,1,0,0,-1,-1,-1,-1,-1,-1,-1,-1,-1,84,84,50,67,Farense,Leixões,2.08,1.36,2.0,2.0,2.14,2.0,17,17,1.92,1.57,3.49,24,True,False,False,False,False,False,False,LigaPro_Portugal_2a_división,,5.82,77%,40%,2019-10-27 15:00:00
2019-2020,7,2,3,5,4,6,10,2,3,1,0,8,7,5,6,13,13,15,19,55,45,Estádio Municipal de Mafra (Mafra),,4,3,3.05,2.9,2.5,1.5,2.55,5.05,2.1,1.67,1.56,1.83,2.42,1.83,1.53,3.75,2.38,1.25,5,0,1,2,2,4,1,1572106500,1032,0,34,0,138,1,1,2,3,2,3,5,5,0,1,3,2,1,5,1,84,57,137,123,2.0,1.73,3.73,0,0,0,0,0,0,1,1,0,1,0,0,0,0,-1,-1,-1,-1,-1,-1,-1,-1,-1,34,50,17,50,Casa Pia,Academico Viseu,0.42,1.5,0.0,1.67,0.57,1.5,67,50,1.16,1.22,2.38,24,True,True,True,True,True,False,True,LigaPro_Portugal_2a_división,,1.01,98%,59%,2019-10-26 16:15:00
2019-2020,8,2,0,2,10,4,14,3,5,0,0,4,3,8,4,12,7,17,17,49,51,Estádio Municipal Eng. Manuel Branco Teixeira (Chaves),,3,5,2.15,3.3,3.4,1.36,2.1,3.75,1.83,1.83,1.29,1.57,3.2,2.33,1.44,3.25,2.62,1.33,2,0,0,2,0,2,0,1570892400,165,0,84,0,1388,1,1,6,1,4,3,7,7,2,2,1,3,4,4,1,77,58,71,88,1.58,1.08,2.66,1,0,1,0,0,0,1,1,0,0,1,0,0,0,-1,-1,-1,-1,-1,-1,-1,-1,-1,84,84,50,84,GD Chaves,GD Estoril Praia,1.42,1.17,2.0,2.0,1.5,2.0,17,17,2.05,1.51,3.56,24,True,True,False,False,False,False,False,LigaPro_Portugal_2a_división,,11.48,56%,2%,2019-10-12 15:00:00
2019-2020,8,1,1,2,6,2,8,2,2,0,1,8,3,9,4,17,7,10,15,70,30,Estádio da Madeira (Funchal (Ilha da Madeira)),,2,3,1.59,3.65,5.9,1.32,2.0,3.55,2.0,1.74,0.0,1.54,0.0,2.45,1.44,3.0,2.62,1.36,2,1,1,0,0,0,2,1572447600,-1,0,75,0,989,1,1,2,0,4,2,2,6,1,1,1,2,2,3,1,97,50,132,93,2.33,1.02,3.35,0,0,0,0,0,0,1,1,0,0,1,0,0,0,-1,-1,-1,-1,-1,-1,-1,-1,-1,54,88,25,75,CD Nacional,Varzim,2.5,1.25,2.5,0.67,2.13,1.29,46,13,1.51,1.23,2.74,24,True,True,False,False,False,False,True,LigaPro_Portugal_2a_división,,6.93,62%,75%,2019-10-30 15:00:00
2019-2020,8,1,0,1,9,2,11,3,4,0,0,6,4,8,2,14,6,9,12,56,44,Estádio do Mar (Matosinhos),,3,4,1.36,4.2,10.0,1.29,1.95,3.4,2.2,1.61,1.48,1.83,2.52,1.83,1.4,2.75,2.75,1.4,1,1,0,0,0,0,1,1570896000,1030,0,50,0,1308,1,1,5,2,4,0,7,4,0,1,3,3,1,6,1,100,44,100,64,2.02,0.98,3.0,0,0,0,0,0,0,1,1,0,0,3,0,0,0,-1,-1,-1,-1,-1,-1,-1,-1,-1,33,50,17,50,Leixões,Casa Pia,1.38,0.5,1.67,1.33,1.83,0.67,67,50,2.06,1.31,3.37,24,True,False,False,False,False,False,False,LigaPro_Portugal_2a_división,,10.29,82%,90%,2019-10-12 16:00:00
2019-2020,8,0,0,0,2,3,5,3,3,0,0,3,4,3,4,6,8,16,17,42,58,Estádio Municipal 25 de Abril (Penafiel),,3,3,2.85,3.1,2.5,1.43,2.3,4.4,1.95,1.77,0.0,1.68,0.0,2.16,1.49,3.14,2.51,1.33,0,0,0,0,0,0,0,1573924500,-1,0,70,0,422,1,1,1,1,1,2,2,3,2,0,1,3,2,4,1,49,52,109,136,0.96,1.18,2.14,0,0,0,0,0,0,1,1,0,0,0,0,0,0,1,40,32,1,20,18,1,6,6,54,90,30,74,FC Penafiel,CD Feirense,1.58,1.67,1.6,0.67,1.33,1.11,47,10,1.76,1.49,3.25,24,False,False,False,False,False,False,False,LigaPro_Portugal_2a_división,,6.93,71%,75%,2019-11-16 17:15:00
2019-2020,8,1,0,1,9,3,12,3,5,0,0,10,0,10,3,20,3,11,17,50,50,Estádio EFAPEL (Coimbra),,3,5,2.0,3.45,3.55,1.28,1.91,3.25,1.77,2.0,0.0,0.0,0.0,0.0,1.36,2.75,3.0,1.4,1,1,0,0,0,0,1,1570269600,179,0,50,0,2054,1,1,3,2,6,1,5,7,1,2,2,3,3,5,1,92,46,118,109,2.62,0.54,3.16,0,0,0,0,0,0,1,1,0,0,1,0,0,0,-1,-1,-1,-1,-1,-1,-1,-1,-1,54,84,42,71,Associação Académica de Coimbra OAF,Benfica II,1.92,0.54,1.0,0.0,0.83,1.17,46,17,1.99,1.62,3.61,24,True,False,False,False,False,False,False,LigaPro_Portugal_2a_división,,13.87,63%,20%,2019-10-05 10:00:00
2019-2020,8,2,2,4,3,7,10,1,3,0,0,5,3,3,7,8,10,16,18,59,41,Estádio Municipal de Mafra (Mafra),,1,3,2.7,3.05,2.65,1.34,2.05,3.7,1.8,1.95,1.51,1.94,2.54,1.86,1.51,3.2,2.45,1.32,4,1,2,1,0,1,3,1573989300,-1,0,63,0,368,1,1,1,3,2,4,4,6,1,1,0,2,2,2,1,105,75,166,117,1.63,1.39,3.02,0,0,0,0,0,0,1,1,0,0,0,0,0,0,-1,-1,-1,-1,-1,-1,-1,-1,-1,50,75,50,75,CD Mafra,Sporting Covilhã,1.92,1.25,2.5,2.25,1.56,2.11,50,25,1.38,1.11,2.49,24,True,True,True,True,False,False,True,LigaPro_Portugal_2a_división,,1.66,74%,69%,2019-11-17 11:15:00
2019-2020,8,0,2,2,6,3,9,2,2,0,0,3,6,10,2,13,8,13,14,47,53,Estádio Municipal do Fontelo (Viseu),,2,2,2.1,3.1,3.6,1.35,2.1,3.8,1.83,1.87,0.0,1.72,0.0,2.0,1.44,3.0,2.62,1.36,2,0,1,0,1,1,1,1572447600,1037,0,47,0,400,1,1,4,2,2,1,6,3,0,1,2,1,1,3,1,78,55,108,112,1.59,1.33,2.93,0,1,0,1,0,0,1,1,0,0,1,1,0,0,-1,-1,-1,-1,-1,-1,-1,-1,-1,47,57,27,47,Academico Viseu,Porto II,1.33,1.17,1.33,0.8,1.71,0.88,54,44,1.47,1.77,3.24,24,True,True,False,False,False,False,False,LigaPro_Portugal_2a_división,,8.05,100%,75%,2019-10-30 15:00:00
2019-2020,8,0,2,2,3,6,9,5,2,1,0,2,4,4,12,6,16,22,18,41,59,Estádio Municipal José Martins Vieira (Almada),,7,2,3.1,3.2,2.38,1.4,2.25,4.0,1.91,1.8,0.0,1.72,0.0,2.0,1.5,3.4,2.5,1.3,2,0,2,0,0,0,2,1570975200,4866,0,33,0,881,1,1,2,4,1,2,6,3,3,1,3,1,4,4,1,44,92,94,97,0.85,1.95,2.79,0,0,0,0,0,0,1,1,0,0,1,0,0,0,-1,-1,-1,-1,-1,-1,-1,-1,-1,33,50,17,50,Cova Piedade,Farense,1.25,1.92,2.0,2.0,1.0,2.0,67,50,1.53,1.6,3.13,24,True,True,False,False,False,False,False,LigaPro_Portugal_2a_división,,13.87,57%,40%,2019-10-13 14:00:00
2019-2020,8,3,2,5,7,7,14,4,1,0,0,7,5,6,6,13,11,24,12,46,54,Estádio Municipal de Rio Maior (Rio Maior),,4,1,2.3,3.3,3.1,1.33,2.15,3.75,1.83,1.83,1.47,1.83,2.55,1.83,1.44,3.25,2.62,1.33,5,2,0,1,2,3,2,1570978800,4884,0,67,0,261,1,1,3,3,4,4,6,8,1,1,3,0,2,3,1,71,87,109,124,1.83,1.68,3.5,0,0,0,0,0,0,1,1,0,0,1,0,0,0,-1,-1,-1,-1,-1,-1,-1,-1,-1,84,84,50,67,Vilafranquense,UD Oliveirense,1.5,0.92,1.0,1.33,0.5,0.83,17,17,1.24,1.42,2.66,24,True,True,True,True,True,False,True,LigaPro_Portugal_2a_división,,18.34,60%,20%,2019-10-13 15:00:00
2019-2020,9,3,1,4,5,9,14,2,2,1,1,7,4,4,10,11,14,15,11,61,39,Estádio António Coimbra da Mota (Estoril),,4,4,1.57,3.85,5.6,1.32,2.0,3.55,2.0,1.74,0.0,1.72,0.0,2.0,1.36,2.88,2.88,1.36,4,2,0,1,1,2,2,1572793200,164,0,50,0,605,1,1,4,4,1,5,8,6,0,3,3,0,3,3,1,89,77,127,86,1.83,1.71,3.55,0,0,0,0,0,0,1,1,0,0,1,1,0,0,-1,-1,-1,-1,-1,-1,-1,-1,-1,63,75,25,75,GD Estoril Praia,Academico Viseu,2.08,1.5,2.25,2.0,1.88,1.5,38,25,1.53,1.34,2.87,24,True,True,True,True,False,False,True,LigaPro_Portugal_2a_división,,10.29,77%,20%,2019-11-03 15:00:00
2019-2020,9,0,0,0,7,2,9,0,3,0,0,3,0,6,6,9,6,11,14,58,42,Estádio Municipal José dos Santos Pinto (Covilhã),,0,3,2.2,3.1,3.35,1.44,2.35,4.55,2.0,1.74,0.0,1.72,0.0,2.0,1.51,3.2,2.45,1.32,0,0,0,0,0,0,0,1572692400,-1,0,63,0,504,1,1,3,0,4,2,3,6,0,1,0,2,1,2,1,82,54,135,109,1.38,0.78,2.17,0,0,0,0,0,0,1,1,0,0,1,0,0,0,-1,-1,-1,-1,-1,-1,-1,-1,-1,63,75,34,63,Sporting Covilhã,FC Penafiel,1.42,0.75,2.25,1.0,2.57,1.43,38,25,1.31,1.26,2.57,24,False,False,False,False,False,False,False,LigaPro_Portugal_2a_división,,8.99,96%,99%,2019-11-02 11:00:00
2019-2020,9,2,1,3,0,11,11,2,2,0,0,5,4,7,9,12,13,23,17,48,52,Estádio de São Lúis (Faro),,2,2,1.51,3.7,6.7,1.42,2.25,4.3,2.3,1.56,0.0,1.64,0.0,2.27,1.44,3.2,2.63,1.3,3,1,0,1,1,2,1,1572779700,4866,0,63,0,1622,-1,1,-1,-1,-1,-1,-1,-1,1,0,1,2,1,3,1,60,98,57,73,1.53,1.79,3.33,1,0,1,0,0,0,1,1,0,0,-1,-1,0,0,-1,-1,-1,-1,-1,-1,-1,-1,-1,75,75,38,63,Farense,CD Mafra,2.08,1.33,2.25,1.0,2.25,1.57,25,25,1.81,1.78,3.59,24,True,True,True,False,False,False,True,LigaPro_Portugal_2a_división,,24.16,68%,40%,2019-11-03 11:15:00
2019-2020,9,2,0,2,2,3,5,0,2,0,1,4,2,5,2,9,4,26,12,55,45,Estádio Municipal de Aveiro (Aveiro),,0,3,2.05,3.15,3.75,1.36,2.15,3.9,1.87,1.87,0.0,1.67,0.0,2.17,1.44,3.25,2.62,1.33,2,0,0,2,0,2,0,1572793200,1038,0,25,0,280,1,1,0,3,2,0,3,2,0,1,0,2,1,2,1,68,47,78,66,1.34,0.74,2.07,0,0,0,0,0,0,1,1,0,0,0,1,0,0,-1,-1,-1,-1,-1,-1,-1,-1,-1,38,54,38,38,UD Oliveirense,Cova Piedade,1.75,0.17,0.33,0.0,0.63,0.75,63,46,1.81,0.89,2.7,24,True,True,False,False,False,False,False,LigaPro_Portugal_2a_división,,6.93,88%,75%,2019-11-03 15:00:00
2019-2020,9,1,3,4,7,6,13,3,1,0,0,3,9,3,4,6,13,5,14,58,42,Caixa Futebol Campus (Seixal),,3,1,2.9,3.15,2.4,1.34,2.05,3.7,1.8,1.91,0.0,1.54,0.0,2.48,1.4,3.0,2.75,1.33,4,1,0,0,3,3,1,1572793200,165,0,50,0,851,1,1,3,2,4,4,5,8,0,0,3,1,0,4,1,94,89,88,97,1.27,2.09,3.35,0,2,0,2,0,0,1,1,0,0,0,0,0,0,-1,-1,-1,-1,-1,-1,-1,-1,-1,63,63,38,50,Benfica II,GD Chaves,1.91,1.25,2.5,0.75,1.25,1.5,38,38,1.75,1.61,3.36,24,True,True,True,True,False,False,True,LigaPro_Portugal_2a_división,,10.29,72%,40%,2019-11-03 15:00:00
2019-2020,9,1,1,2,9,5,14,7,4,1,1,4,2,6,3,10,5,22,17,46,54,Estádio Marcolino de Castro (Santa Maria da Feira),,8,5,2.4,3.1,2.95,1.37,2.15,3.95,1.87,1.87,1.47,1.83,2.65,1.83,1.44,3.2,2.63,1.3,2,0,0,1,1,2,0,1572793200,-1,0,50,0,1919,1,1,3,2,6,3,5,9,2,1,6,4,3,10,1,70,54,71,75,1.41,0.85,2.26,0,1,0,1,0,0,1,1,0,0,1,0,0,0,-1,-1,-1,-1,-1,-1,-1,-1,-1,38,63,13,63,CD Feirense,CD Nacional,1.83,1.67,1.75,1.75,1.29,2.0,63,38,1.68,1.75,3.43,24,True,True,False,False,False,False,True,LigaPro_Portugal_2a_división,,6.93,88%,75%,2019-11-03 15:00:00
2019-2020,9,2,1,3,4,6,10,5,4,0,0,8,7,4,9,12,16,16,22,40,60,Estádio Varzim Sport Club (Póvoa de Varzim),,5,4,2.75,2.95,2.65,1.5,2.5,4.95,2.1,1.67,0.0,1.72,0.0,2.0,1.56,3.44,2.33,1.28,3,2,1,0,0,0,3,1572801300,1034,0,25,0,1379,1,1,2,3,2,3,5,5,1,1,4,3,2,7,1,51,90,76,108,1.68,2.14,3.83,0,1,0,1,0,0,1,1,1,0,0,0,0,0,-1,-1,-1,-1,-1,-1,-1,-1,-1,25,25,25,25,Varzim,Associação Académica de Coimbra OAF,1.83,1.0,1.75,0.67,1.25,1.13,75,75,1.52,1.29,2.81,24,True,True,True,False,False,False,True,LigaPro_Portugal_2a_división,,8.05,100%,75%,2019-11-03 17:15:00
2019-2020,9,1,3,4,5,6,11,3,4,0,0,3,5,11,3,14,8,9,21,57,43,"Estádio Dr. Jorge Sampaio (Pedroso, Vila Nova de Gaia)",,3,4,3.15,3.25,2.2,1.35,2.1,3.8,1.83,1.87,0.0,1.72,0.0,2.0,1.44,3.2,2.63,1.3,4,1,2,0,1,1,3,1572779700,1030,0,59,0,577,1,1,0,5,5,1,5,6,2,2,1,2,4,3,1,84,63,100,88,1.7,1.31,3.01,1,0,1,0,0,0,1,1,0,0,0,2,0,1,-1,-1,-1,-1,-1,-1,-1,-1,-1,25,59,13,29,Porto II,Leixões,1.25,1.36,1.0,1.5,1.11,1.75,75,42,1.87,1.4,3.27,24,True,True,True,True,False,False,True,LigaPro_Portugal_2a_división,,5.57,55%,58%,2019-11-03 11:15:00
2019-2020,9,3,2,5,8,5,13,3,2,0,1,6,4,7,6,13,10,14,25,54,46,Estádio Pina Manique (Lisboa),,3,3,2.4,3.05,3.0,1.47,2.4,4.7,2.0,1.71,1.5,1.83,2.55,1.83,1.53,3.26,2.4,1.31,5,0,2,3,0,3,2,1572714900,4810,0,50,0,291,1,1,3,2,5,3,5,8,0,0,3,3,0,6,1,69,63,122,95,1.75,1.37,3.12,1,0,1,0,0,0,1,1,0,0,0,0,0,0,-1,-1,-1,-1,-1,-1,-1,-1,-1,50,75,25,75,Casa Pia,Vilafranquense,0.42,0.5,0.0,0.25,0.5,0.88,50,25,1.37,1.3,2.67,24,True,True,True,True,True,False,True,LigaPro_Portugal_2a_división,,11.41,77%,40%,2019-11-02 17:15:00
2019-2020,10,2,0,2,8,1,9,0,1,0,0,8,0,10,2,18,2,14,13,52,48,Estádio Municipal Eng. Manuel Branco Teixeira (Chaves),,0,1,1.39,4.45,7.25,1.26,1.83,3.15,2.1,1.67,0.0,1.66,0.0,2.19,1.36,2.57,2.99,1.47,2,0,0,2,0,2,0,1573406100,165,0,50,0,1076,1,1,1,0,7,1,1,8,0,0,0,1,0,1,1,62,46,111,102,2.14,0.48,2.62,0,0,0,0,0,0,1,1,0,0,0,0,0,0,-1,-1,-1,-1,-1,-1,-1,-1,-1,50,63,25,63,GD Chaves,Casa Pia,1.42,0.5,2.25,1.0,1.67,0.78,50,38,1.93,1.23,3.16,24,True,True,False,False,False,False,False,LigaPro_Portugal_2a_división,,10.51,58%,99%,2019-11-10 17:15:00
2019-2020,10,1,0,1,5,5,10,1,3,0,0,3,2,8,5,11,7,-1,-1,50,50,Estádio da Madeira (Funchal (Ilha da Madeira)),,1,3,2.15,3.15,3.4,1.36,2.15,3.9,1.87,1.83,0.0,0.0,0.0,0.0,1.45,2.97,2.63,1.37,1,1,0,0,0,0,1,1573398000,163,0,64,0,1313,1,1,5,1,0,4,6,4,0,1,1,2,1,3,1,66,68,107,96,1.39,1.08,2.46,0,0,0,0,0,0,1,1,0,0,0,1,0,0,-1,-1,-1,-1,-1,-1,-1,-1,-1,64,90,64,64,CD Nacional,Sporting Covilhã,2.5,1.25,2.2,3.0,1.9,2.38,37,10,1.67,1.11,2.78,24,True,False,False,False,False,False,False,LigaPro_Portugal_2a_división,,13.87,83%,90%,2019-11-10 15:00:00
2019-2020,10,1,2,3,7,5,12,2,2,1,1,6,5,12,5,18,10,23,13,61,39,Estádio Marcolino de Castro (Santa Maria da Feira),,4,4,1.69,3.65,4.75,1.37,2.15,3.95,2.1,1.67,0.0,1.73,0.0,2.0,1.47,3.04,2.57,1.35,3,0,2,1,0,1,2,1573319700,1034,0,70,0,-1,1,1,1,4,6,1,5,7,1,0,2,3,1,5,1,105,60,118,99,2.31,1.42,3.73,0,0,0,0,0,0,1,1,0,1,0,0,0,0,-1,-1,-1,-1,-1,-1,-1,-1,-1,23,80,13,70,CD Feirense,Varzim,1.83,1.25,1.6,0.75,1.25,1.44,78,20,1.63,1.18,2.81,24,True,True,True,False,False,False,True,LigaPro_Portugal_2a_división,,12.75,82%,40%,2019-11-09 17:15:00
2019-2020,10,1,2,3,9,0,9,3,3,0,0,4,4,10,0,14,4,21,23,57,43,Estádio EFAPEL (Coimbra),,3,3,2.45,3.0,3.0,1.45,2.4,4.6,2.0,1.74,0.0,1.73,0.0,2.0,1.52,3.26,2.43,1.31,3,1,1,0,1,1,2,1573311600,4866,0,53,0,1673,-1,1,-1,-1,-1,-1,-1,-1,2,1,1,2,3,3,1,82,39,119,99,1.76,0.83,2.59,0,1,0,1,0,0,1,1,0,0,-1,-1,0,0,-1,-1,-1,-1,-1,-1,-1,-1,-1,43,65,45,65,Associação Académica de Coimbra OAF,Farense,1.92,1.92,1.4,2.25,1.0,2.33,58,35,2.12,1.68,3.8,24,True,True,True,False,False,False,True,LigaPro_Portugal_2a_división,,18.34,93%,90%,2019-11-09 15:00:00
2019-2020,10,3,2,5,8,1,9,4,6,0,0,6,3,14,2,20,5,19,19,66,34,Estádio do Mar (Matosinhos),,4,6,1.41,4.35,7.0,1.28,1.91,3.25,2.1,1.67,0.0,1.56,0.0,2.2,1.36,2.75,3.0,1.4,5,1,1,2,1,3,2,1573319700,1030,0,55,0,1056,1,1,3,0,5,1,3,6,0,4,4,2,4,6,1,94,31,161,99,2.37,0.77,3.13,0,0,0,0,0,0,1,1,0,0,1,0,0,1,-1,-1,-1,-1,-1,-1,-1,-1,-1,53,65,20,68,Leixões,UD Oliveirense,1.38,0.92,2.0,0.8,1.89,0.89,48,35,2.05,1.46,3.51,24,True,True,True,True,True,False,True,LigaPro_Portugal_2a_división,,12.75,82%,40%,2019-11-09 17:15:00
2019-2020,10,0,2,2,8,4,12,2,4,0,0,4,7,2,4,6,11,17,15,55,45,Estádio Municipal do Fontelo (Viseu),,2,4,1.77,3.6,4.25,1.32,2.0,3.55,1.91,1.8,1.48,1.83,2.51,1.83,1.42,2.81,2.73,1.4,2,0,1,0,1,1,1,1573398000,4884,0,33,0,365,1,1,1,3,7,1,4,8,0,1,2,3,1,5,1,75,53,104,93,1.21,1.57,2.78,0,0,0,0,0,0,1,1,0,0,0,1,0,0,-1,-1,-1,-1,-1,-1,-1,-1,-1,33,65,33,65,Academico Viseu,Vilafranquense,1.33,0.5,1.0,0.2,1.33,0.78,68,35,1.5,1.32,2.82,24,True,True,False,False,False,False,False,LigaPro_Portugal_2a_división,,10.29,87%,75%,2019-11-10 15:00:00
2019-2020,10,0,2,2,5,2,7,0,4,1,0,4,6,4,6,8,12,24,18,50,50,Estádio Municipal José Martins Vieira (Almada),,2,4,3.9,3.45,1.91,1.32,2.0,3.6,1.87,1.83,0.0,1.73,0.0,2.0,1.42,2.81,2.73,1.4,2,0,0,0,2,2,0,1573398000,164,0,38,0,573,1,1,1,1,4,1,2,5,0,1,1,3,1,4,1,78,66,98,99,1.35,1.66,3.01,0,0,0,0,0,0,1,1,0,0,0,0,0,0,-1,-1,-1,-1,-1,-1,-1,-1,-1,38,75,38,63,Cova Piedade,GD Estoril Praia,1.25,1.17,1.5,1.5,0.67,2.0,63,25,1.36,1.4,2.76,24,True,True,False,False,False,False,False,LigaPro_Portugal_2a_división,,10.29,67%,40%,2019-11-10 15:00:00
2019-2020,10,1,1,2,6,6,12,4,3,0,0,5,4,8,3,13,7,20,15,51,49,Estádio Municipal 25 de Abril (Penafiel),,4,3,2.05,3.4,3.45,1.32,2.0,3.5,1.83,1.91,1.33,1.67,2.9,2.05,1.41,2.81,2.77,1.4,2,1,1,0,0,0,2,1573384500,-1,0,13,0,507,1,1,2,5,4,1,7,5,1,0,3,3,1,6,1,78,58,135,119,1.74,1.16,2.9,0,0,0,0,0,0,1,1,0,0,0,0,0,0,-1,-1,-1,-1,-1,-1,-1,-1,-1,38,63,38,75,FC Penafiel,Benfica II,1.58,0.54,1.75,0.0,1.38,1.11,63,38,1.76,1.35,3.11,24,True,True,False,False,False,False,True,LigaPro_Portugal_2a_división,,9.17,93%,90%,2019-11-10 11:15:00
2019-2020,10,3,1,4,5,2,7,1,2,0,0,5,2,7,9,12,11,8,20,41,59,Estádio Municipal de Mafra (Mafra),,1,2,2.05,3.45,3.4,1.31,1.95,3.45,1.8,1.91,1.5,1.83,2.47,1.83,1.41,2.77,2.77,1.41,4,2,0,1,1,2,2,1573297200,4825,0,59,0,361,1,1,1,2,4,0,3,4,0,0,1,2,0,3,1,75,88,122,147,1.66,1.48,3.14,0,0,0,0,0,0,1,1,0,0,0,1,0,0,-1,-1,-1,-1,-1,-1,-1,-1,-1,42,75,25,67,CD Mafra,Porto II,1.92,1.17,2.33,1.17,1.38,1.0,59,25,1.29,1.7,2.99,24,True,True,True,True,False,False,True,LigaPro_Portugal_2a_división,,3.27,99%,99%,2019-11-09 11:00:00
2019-2020,11,1,1,2,5,6,11,3,0,0,0,5,2,7,8,12,10,17,17,45,55,Estádio António Coimbra da Mota (Estoril),,3,0,2.2,3.25,3.2,1.35,2.1,3.8,1.87,1.87,0.0,1.72,0.0,2.11,1.44,3.25,2.62,1.33,2,1,1,0,0,0,2,1575134100,-1,0,70,0,593,1,1,4,3,1,3,7,4,1,0,2,0,1,2,1,73,91,98,114,1.63,1.43,3.07,0,0,0,0,0,0,1,1,0,1,0,1,0,0,-1,-1,-1,-1,-1,-1,-1,-1,-1,80,80,50,70,GD Estoril Praia,Leixões,2.08,1.36,2.4,1.8,2.1,2.0,20,20,1.59,1.38,2.97,24,True,True,False,False,False,False,True,LigaPro_Portugal_2a_división,,5.82,93%,40%,2019-11-30 17:15:00
2019-2020,11,2,2,4,8,6,14,3,0,0,0,5,5,3,9,8,14,21,15,53,47,Caixa Futebol Campus (Seixal),,3,0,2.2,3.25,3.15,1.32,2.0,3.5,1.77,1.95,0.0,0.0,0.0,0.0,1.4,3.0,2.75,1.36,4,0,1,2,1,3,1,1575212400,-1,0,70,0,857,1,1,5,5,3,1,10,4,1,0,2,0,1,2,1,77,74,104,120,1.42,1.77,3.19,1,0,1,0,0,0,1,1,0,0,0,0,0,0,-1,-1,-1,-1,-1,-1,-1,-1,-1,70,70,20,50,Benfica II,CD Mafra,1.91,1.33,2.0,0.8,1.1,1.5,30,30,1.66,1.78,3.44,24,True,True,True,True,False,False,True,LigaPro_Portugal_2a_división,,12.75,72%,40%,2019-12-01 15:00:00
2019-2020,11,4,1,5,8,3,11,2,3,0,0,9,6,9,4,18,10,17,18,50,50,"Estádio Dr. Jorge Sampaio (Pedroso, Vila Nova de Gaia)",,2,3,1.83,3.6,3.9,1.28,1.91,3.25,1.8,1.91,0.0,0.0,0.0,0.0,1.36,2.75,3.0,1.4,5,2,0,2,1,3,2,1575212400,1037,0,58,0,367,1,1,4,1,4,2,5,6,1,3,1,0,4,1,1,86,65,74,58,2.37,1.51,3.88,1,1,1,1,0,0,1,1,0,0,0,0,0,0,-1,-1,-1,-1,-1,-1,-1,-1,-1,43,78,43,55,Porto II,Cova Piedade,1.25,0.17,0.75,0.0,0.91,0.6,58,23,1.83,0.86,2.69,24,True,True,True,True,True,False,True,LigaPro_Portugal_2a_división,,11.07,63%,23%,2019-12-01 15:00:00
2019-2020,11,1,0,1,7,6,13,2,3,0,0,6,4,3,6,9,10,-1,-1,53,47,Estádio de São Lúis (Faro),,2,3,2.3,3.25,3.0,1.36,2.1,3.85,1.87,1.87,0.0,0.0,0.0,0.0,1.44,3.25,2.62,1.33,1,0,0,1,0,1,0,1575111600,4866,0,60,0,1324,1,1,4,4,3,2,8,5,1,2,1,1,3,2,1,66,70,138,119,1.48,1.43,2.91,0,0,0,0,0,0,1,1,0,0,2,1,1,0,-1,-1,-1,-1,-1,-1,-1,-1,-1,80,80,40,80,Farense,GD Chaves,2.08,1.25,2.4,1.2,2.45,1.8,20,20,1.76,1.7,3.46,24,True,False,False,False,False,False,False,LigaPro_Portugal_2a_división,,4.7,72%,75%,2019-11-30 11:00:00
2019-2020,11,0,1,1,9,12,21,4,3,0,0,3,4,6,9,9,13,17,15,44,56,Estádio Pina Manique (Lisboa),,4,3,4.35,3.65,1.74,1.28,1.87,3.2,1.83,1.91,1.33,1.6,2.9,2.15,1.36,2.75,3.0,1.4,1,0,1,0,0,0,1,1575198900,163,0,80,0,274,1,1,3,6,6,6,9,12,0,1,4,2,1,6,1,85,93,86,112,1.39,1.77,3.16,0,0,0,0,0,0,1,1,0,0,0,1,0,0,-1,-1,-1,-1,-1,-1,-1,-1,-1,60,80,30,70,Casa Pia,CD Nacional,0.42,1.67,0.6,1.6,0.7,2.0,40,20,1.44,1.57,3.01,24,True,False,False,False,False,False,False,LigaPro_Portugal_2a_división,,11.41,82%,40%,2019-12-01 11:15:00
2019-2020,11,1,2,3,4,5,9,3,1,0,0,3,3,6,5,9,8,-1,-1,52,48,Estádio Municipal José dos Santos Pinto (Covilhã),,3,1,2.75,3.15,2.55,1.4,2.25,4.25,1.95,1.77,0.0,0.0,0.0,0.0,1.5,3.4,2.5,1.3,3,1,1,0,1,1,2,1575046800,166,0,48,0,399,1,1,4,2,0,3,6,3,0,0,3,1,0,4,1,68,72,107,114,1.28,1.24,2.52,0,0,0,0,0,0,1,1,0,0,0,0,0,0,-1,-1,-1,-1,-1,-1,-1,-1,-1,35,58,0,35,Sporting Covilhã,CD Feirense,1.42,1.67,2.0,0.75,2.0,1.1,65,43,1.33,1.41,2.74,24,True,True,True,False,False,False,True,LigaPro_Portugal_2a_división,,17,99%,100%,2019-11-29 17:00:00
2019-2020,11,3,2,5,2,9,11,1,3,0,0,6,7,3,16,9,23,12,14,38,62,Estádio Municipal de Rio Maior (Rio Maior),,1,3,3.8,3.35,1.95,1.38,2.15,4.0,2.0,1.77,0.0,1.85,0.0,1.95,1.44,3.25,2.62,1.33,5,1,0,2,2,4,1,1575126000,4884,0,50,0,1,1,1,2,4,0,5,6,5,0,1,1,2,1,3,1,44,99,102,122,1.32,2.65,3.96,0,0,0,0,0,0,1,1,0,0,0,1,0,0,-1,-1,-1,-1,-1,-1,-1,-1,-1,63,63,63,63,Vilafranquense,Associação Académica de Coimbra OAF,1.5,1.0,1.5,0.5,1.0,0.9,38,38,1.39,1.51,2.9,24,True,True,True,True,True,False,True,LigaPro_Portugal_2a_división,,5.82,87%,40%,2019-11-30 15:00:00
2019-2020,11,1,0,1,6,3,9,2,5,0,0,7,2,12,7,19,9,12,16,55,45,Estádio Varzim Sport Club (Póvoa de Varzim),,2,5,2.55,2.95,2.9,1.44,2.35,4.55,2.0,1.74,0.0,1.72,0.0,2.11,1.53,3.5,2.38,1.29,1,1,0,0,0,0,1,1575134100,1034,0,71,0,1259,1,1,2,2,4,1,4,5,1,2,1,3,3,4,1,69,53,138,118,2.19,1.1,3.3,0,0,0,0,0,0,1,1,0,0,0,0,0,0,-1,-1,-1,-1,-1,-1,-1,-1,-1,71,71,59,71,Varzim,FC Penafiel,1.83,0.75,1.67,1.0,1.45,1.3,29,29,1.62,1.14,2.76,24,True,False,False,False,False,False,False,LigaPro_Portugal_2a_división,,6.93,87%,20%,2019-11-30 17:15:00
2019-2020,11,2,0,2,4,6,10,4,2,0,1,3,6,10,5,13,11,28,20,50,50,Estádio Municipal de Aveiro (Aveiro),,4,4,2.15,3.2,3.35,1.4,2.25,4.25,1.95,1.77,1.29,1.57,3.2,2.2,1.5,3.4,2.5,1.3,2,1,0,1,0,1,1,1577026800,1038,0,27,0,793,1,1,3,4,1,2,7,3,0,1,4,2,1,6,1,0,0,0,0,1.52,1.76,3.28,1,0,1,0,0,0,1,1,1,0,1,1,0,0,-1,-1,-1,-1,-1,-1,-1,-1,-1,27,55,9,25,UD Oliveirense,Academico Viseu,1.75,1.5,1.4,1.83,1.17,1.5,74,45,1.69,1.44,3.13,24,True,True,False,False,False,False,False,LigaPro_Portugal_2a_división,,5.82,93%,40%,2019-12-22 15:00:00
2019-2020,12,0,2,2,11,4,15,3,4,0,0,5,7,12,4,17,11,11,23,63,37,Estádio Municipal Eng. Manuel Branco Teixeira (Chaves),,3,4,1.32,4.9,9.0,1.25,1.8,3.05,2.2,1.61,0.0,1.53,0.0,2.41,1.36,2.62,3.0,1.44,2,0,2,0,0,0,2,1575738900,1038,0,64,0,1054,1,1,7,2,4,2,9,6,0,2,3,2,2,5,1,108,50,140,95,2.2,1.55,3.75,0,0,0,0,0,0,1,1,0,0,1,0,0,0,-1,-1,-1,-1,-1,-1,-1,-1,-1,72,92,35,64,GD Chaves,UD Oliveirense,1.42,0.92,2.4,0.67,1.64,0.8,29,9,1.97,1.34,3.31,24,True,True,False,False,False,False,False,LigaPro_Portugal_2a_división,,9.48,58%,26%,2019-12-07 17:15:00
2019-2020,12,1,0,1,7,6,13,3,2,0,0,3,3,6,7,9,10,15,15,46,54,Estádio da Madeira (Funchal (Ilha da Madeira)),,3,2,2.0,3.3,3.65,1.38,2.2,4.1,1.95,1.8,0.0,1.65,0.0,2.2,1.44,3.2,2.63,1.3,1,1,0,0,0,0,1,1575730800,163,0,50,0,1271,1,1,4,3,3,3,7,6,1,2,2,0,3,2,1,67,95,102,119,1.27,1.53,2.8,0,0,0,0,0,0,1,1,0,0,1,0,0,1,-1,-1,-1,-1,-1,-1,-1,-1,-1,50,67,59,67,CD Nacional,Farense,2.5,1.92,2.33,2.5,2.08,2.5,50,33,1.62,1.48,3.1,24,True,False,False,False,False,False,False,LigaPro_Portugal_2a_división,,11.41,57%,47%,2019-12-07 15:00:00
2019-2020,12,1,1,2,7,3,10,3,5,0,0,6,6,7,8,13,14,24,14,53,47,Estádio Marcolino de Castro (Santa Maria da Feira),,3,5,1.43,4.4,6.5,1.28,1.87,3.2,2.0,1.71,1.33,1.6,2.9,2.15,1.37,2.73,2.94,1.42,2,1,0,0,1,1,1,1575803700,-1,0,35,0,2053,1,1,6,2,1,1,8,2,1,1,2,4,2,6,1,89,71,72,67,1.87,1.81,3.68,1,0,1,0,0,0,1,1,0,0,2,0,0,0,-1,-1,-1,-1,-1,-1,-1,-1,-1,27,64,29,65,CD Feirense,Benfica II,1.83,0.54,1.33,0.2,1.27,1.09,74,37,1.74,1.31,3.05,24,True,True,False,False,False,False,True,LigaPro_Portugal_2a_división,,8.05,100%,90%,2019-12-08 11:15:00
2019-2020,12,3,1,4,3,3,6,0,0,0,0,8,7,9,3,17,10,15,11,60,40,Estádio EFAPEL (Coimbra),,0,0,1.47,4.55,5.85,1.3,1.95,3.4,2.1,1.67,0.0,0.0,0.0,0.0,1.41,2.9,2.77,1.38,4,1,1,2,0,2,2,1575817200,179,0,52,0,1429,1,-1,2,1,1,2,3,3,0,0,0,0,0,0,1,89,52,136,107,2.28,1.51,3.78,0,0,0,0,0,0,1,1,1,1,0,0,-1,-1,-1,-1,-1,-1,-1,-1,-1,-1,-1,44,62,35,62,Associação Académica de Coimbra OAF,Casa Pia,1.92,0.5,1.17,0.8,0.82,0.64,57,39,2.06,1.08,3.14,24,True,True,True,True,False,False,True,LigaPro_Portugal_2a_división,,5.82,100%,90%,2019-12-08 15:00:00
2019-2020,12,0,1,1,7,8,15,2,4,1,0,8,6,5,4,13,10,9,22,58,42,Estádio do Mar (Matosinhos),,4,4,1.54,3.9,5.85,1.33,2.0,3.6,2.05,1.71,0.0,0.0,0.0,0.0,1.4,2.85,2.81,1.39,1,0,0,0,1,1,0,1575817200,1032,0,50,0,846,1,1,3,5,4,3,8,7,0,0,3,4,0,7,1,89,72,94,97,2.02,1.57,3.59,0,0,0,0,0,0,1,1,0,0,2,0,0,0,-1,-1,-1,-1,-1,-1,-1,-1,-1,40,60,20,70,Leixões,Academico Viseu,1.38,1.5,2.2,1.6,1.91,1.2,60,40,2.11,1.42,3.53,24,True,False,False,False,False,False,False,LigaPro_Portugal_2a_división,,4.7,100%,75%,2019-12-08 15:00:00
2019-2020,12,2,2,4,1,5,6,6,3,0,1,6,6,2,10,8,16,33,16,47,53,Estádio Municipal 25 de Abril (Penafiel),,6,5,2.0,3.25,3.65,1.32,2.0,3.5,1.77,1.95,0.0,1.77,0.0,2.07,1.4,2.88,2.75,1.36,4,1,1,1,1,2,2,1575716400,-1,0,45,0,395,1,1,1,1,0,4,2,4,2,2,4,2,4,6,1,51,70,105,106,1.3,1.93,3.24,0,0,0,0,0,0,1,1,0,1,0,0,0,0,-1,-1,-1,-1,-1,-1,-1,-1,-1,45,77,40,69,FC Penafiel,Porto II,1.58,1.17,1.5,1.0,1.18,1.08,55,24,1.62,1.67,3.29,24,True,True,True,True,False,False,True,LigaPro_Portugal_2a_división,,5.82,81%,20%,2019-12-07 11:00:00
2019-2020,12,0,0,0,2,6,8,3,3,0,0,3,2,4,9,7,11,-1,-1,41,59,Estádio Municipal José Martins Vieira (Almada),,3,3,2.4,3.15,2.95,1.38,2.15,4.0,1.87,1.83,1.47,1.85,2.55,1.95,1.4,3.2,2.75,1.3,0,0,0,0,0,0,0,1575730800,-1,0,27,0,528,1,1,1,4,1,2,5,3,1,2,2,1,3,3,1,31,37,83,98,0.89,1.11,2.0,0,0,0,0,0,0,1,1,0,0,0,0,0,1,-1,-1,-1,-1,-1,-1,-1,-1,-1,27,82,27,72,Cova Piedade,Vilafranquense,1.25,0.5,1.2,0.67,0.55,1.18,74,19,1.36,1.36,2.72,24,False,False,False,False,False,False,False,LigaPro_Portugal_2a_división,,3.36,72%,51%,2019-12-07 15:00:00
2019-2020,12,3,1,4,4,7,11,3,2,0,0,8,7,9,8,17,15,-1,-1,48,52,Estádio Municipal de Mafra (Mafra),,3,2,2.7,3.25,2.5,1.36,2.15,3.9,1.87,1.83,0.0,1.9,0.0,1.9,1.44,3.04,2.66,1.35,4,1,0,2,1,3,1,1575817200,4825,0,60,0,482,1,1,2,1,2,6,3,8,1,0,2,2,1,4,1,72,69,118,105,2.15,1.93,4.09,0,0,0,0,0,0,1,1,0,0,0,0,0,0,-1,-1,-1,-1,-1,-1,-1,-1,-1,50,80,50,60,CD Mafra,GD Estoril Praia,1.92,1.17,2.2,1.8,1.45,2.0,50,20,1.43,1.45,2.88,24,True,True,True,True,False,False,True,LigaPro_Portugal_2a_división,,3,72%,69%,2019-12-08 15:00:00
2019-2020,12,1,0,1,3,4,7,3,3,0,0,3,7,5,10,8,17,11,13,50,50,Estádio Varzim Sport Club (Póvoa de Varzim),,3,3,2.5,3.05,2.85,1.43,2.35,4.45,2.0,1.77,1.46,1.85,2.56,1.95,1.52,3.4,2.43,1.29,1,0,0,1,0,1,0,1575825300,1034,0,59,0,1201,1,1,1,1,2,3,2,5,2,2,1,1,4,2,1,64,47,133,122,1.19,1.91,3.1,0,0,0,0,0,0,1,1,0,0,1,0,0,0,-1,-1,-1,-1,-1,-1,-1,-1,-1,59,69,59,76,Varzim,Sporting Covilhã,1.83,1.25,1.86,2.0,1.58,1.82,42,32,1.7,1.16,2.86,24,True,False,False,False,False,False,False,LigaPro_Portugal_2a_división,,1.12,100%,75%,2019-12-08 17:15:00
2019-2020,13,3,3,6,7,8,15,1,1,0,0,8,7,9,3,17,10,9,8,69,31,Caixa Futebol Campus (Seixal),,1,1,2.35,3.35,2.8,1.34,2.05,3.7,1.83,1.91,1.29,1.53,3.2,2.3,1.44,3.0,2.62,1.36,6,1,2,2,1,3,3,1576260000,-1,0,84,0,521,1,1,2,3,5,5,5,10,0,1,1,0,1,1,1,113,64,160,75,2.45,1.58,4.03,0,0,0,0,0,0,1,1,0,0,1,0,0,0,-1,-1,-1,-1,-1,-1,-1,-1,-1,54,84,29,75,Benfica II,Varzim,1.91,1.25,1.83,1.2,1.08,1.69,47,17,1.62,1.23,2.85,24,True,True,True,True,True,True,True,LigaPro_Portugal_2a_división,,6.93,77%,75%,2019-12-13 18:00:00
2019-2020,13,4,1,5,6,5,11,4,1,0,0,7,4,12,3,19,7,21,13,49,51,Estádio Municipal do Fontelo (Viseu),,4,1,1.65,3.55,5.3,1.4,2.25,4.25,2.15,1.65,1.4,1.7,2.7,2.0,1.5,3.4,2.5,1.3,5,0,0,4,1,5,0,1576249200,1032,0,35,0,235,1,1,3,2,3,3,5,6,2,0,2,1,2,3,1,69,83,103,115,2.18,1.33,3.51,0,0,0,0,0,0,1,1,0,0,2,0,0,0,-1,-1,-1,-1,-1,-1,-1,-1,-1,44,72,44,64,Academico Viseu,Cova Piedade,1.33,0.17,0.8,0.0,1.36,0.58,57,29,1.44,0.97,2.41,24,True,True,True,True,True,False,True,LigaPro_Portugal_2a_división,,4.7,100%,75%,2019-12-13 15:00:00
2019-2020,13,1,1,2,14,6,20,4,3,0,0,6,6,9,6,15,12,14,18,63,37,"Estádio Dr. Jorge Sampaio (Pedroso, Vila Nova de Gaia)",,4,3,2.95,3.4,2.25,1.31,1.95,3.45,1.8,1.95,1.29,1.53,3.2,2.3,1.4,3.0,2.75,1.36,2,0,0,1,1,2,0,1576257300,-1,0,65,0,213,1,1,6,4,8,2,10,10,2,1,2,2,3,4,1,96,62,144,113,2.07,1.63,3.7,1,0,1,0,0,0,1,1,0,0,2,1,0,0,-1,-1,-1,-1,-1,-1,-1,-1,-1,54,74,37,64,Porto II,GD Chaves,1.25,1.25,1.2,1.0,1.08,1.5,47,27,1.93,1.66,3.59,24,True,True,False,False,False,False,True,LigaPro_Portugal_2a_división,,12.73,73%,100%,2019-12-13 17:15:00
2019-2020,13,1,2,3,6,1,7,3,5,0,0,7,4,13,6,20,10,-1,-1,53,47,Estádio António Coimbra da Mota (Estoril),,3,5,2.25,3.25,3.1,1.3,1.95,3.4,1.74,2.0,1.25,1.44,3.5,2.5,1.4,3.0,2.75,1.36,3,0,1,1,1,2,1,1576321200,163,0,75,0,618,1,1,3,0,3,1,3,4,2,2,1,3,4,4,1,76,51,106,97,2.29,1.29,3.58,0,0,0,0,0,0,1,1,0,0,0,0,1,0,-1,-1,-1,-1,-1,-1,-1,-1,-1,58,84,42,84,GD Estoril Praia,CD Nacional,2.08,1.67,2.17,1.83,1.83,2.15,42,17,1.6,1.6,3.2,24,True,True,True,False,False,False,True,LigaPro_Portugal_2a_división,,6.93,82%,20%,2019-12-14 11:00:00
2019-2020,13,1,0,1,5,8,13,5,3,0,0,8,4,6,5,14,9,-1,-1,47,53,Estádio de São Lúis (Faro),,5,3,2.05,3.2,3.6,1.41,2.25,4.25,1.95,1.77,1.5,1.83,2.38,1.83,1.5,3.4,2.5,1.3,1,1,0,0,0,0,1,1576422000,4866,0,65,0,2675,1,1,1,2,4,6,3,10,1,1,4,2,2,6,1,64,64,109,122,1.91,1.32,3.23,0,0,0,0,0,0,1,1,1,0,1,0,0,1,-1,-1,-1,-1,-1,-1,-1,-1,-1,64,74,27,64,Farense,CD Feirense,2.08,1.67,2.5,1.2,2.31,1.25,37,27,1.71,1.38,3.09,24,True,False,False,False,False,False,False,LigaPro_Portugal_2a_división,,8.05,93%,75%,2019-12-15 15:00:00
2019-2020,13,1,2,3,8,4,12,1,4,0,1,7,6,8,7,15,13,9,19,60,40,Estádio Municipal José dos Santos Pinto (Covilhã),,1,6,2.45,3.15,2.85,1.44,2.35,4.55,2.0,1.74,1.4,1.85,2.7,1.95,1.53,3.5,2.38,1.29,3,0,0,1,2,3,0,1576422000,179,0,37,0,420,1,1,4,2,4,2,6,6,0,0,1,5,0,6,1,82,68,132,101,2.03,1.73,3.77,0,0,0,0,0,0,1,1,0,0,0,0,0,0,-1,-1,-1,-1,-1,-1,-1,-1,-1,37,45,19,37,Sporting Covilhã,Associação Académica de Coimbra OAF,1.42,1.0,1.67,0.4,1.67,1.0,64,55,1.32,1.73,3.05,24,True,True,True,False,False,False,True,LigaPro_Portugal_2a_división,,7,82%,100%,2019-12-15 15:00:00
2019-2020,13,1,1,2,10,3,13,2,1,0,0,5,2,3,2,8,4,-1,-1,49,51,Estádio Municipal de Rio Maior (Rio Maior),,2,1,3.3,3.4,2.05,1.33,2.05,3.65,1.83,1.91,0.0,1.69,0.0,1.95,1.44,3.0,2.62,1.36,2,1,0,0,1,1,1,1576343700,-1,0,74,0,1,1,1,2,2,8,1,4,9,1,1,1,0,2,1,1,36,26,93,125,1.13,0.61,1.73,0,0,0,0,0,0,1,1,0,0,1,0,0,0,-1,-1,-1,-1,-1,-1,-1,-1,-1,75,84,65,75,Vilafranquense,Leixões,1.5,1.36,1.8,1.67,1.17,1.75,25,17,1.38,1.39,2.77,24,True,True,False,False,False,False,True,LigaPro_Portugal_2a_división,,9.17,87%,75%,2019-12-14 17:15:00
2019-2020,13,2,1,3,3,4,7,3,2,0,1,5,3,8,3,13,6,23,21,53,47,Estádio Carlos Osório (Oliveira de Azeméis),,3,3,2.1,3.3,3.4,1.31,1.95,3.45,1.8,1.91,1.4,1.7,2.7,2.0,1.4,3.0,2.75,1.36,3,0,0,2,1,3,0,1576408500,1038,0,30,0,1082,1,1,1,2,2,2,3,4,1,1,2,2,2,4,1,65,50,127,116,1.65,0.97,2.62,0,0,0,0,0,0,1,1,0,0,0,1,0,0,-1,-1,-1,-1,-1,-1,-1,-1,-1,30,55,20,40,UD Oliveirense,FC Penafiel,1.75,0.75,1.0,0.8,1.0,1.17,70,45,1.69,1.13,2.82,24,True,True,True,False,False,False,True,LigaPro_Portugal_2a_división,,,,,2019-12-15 11:15:00
2019-2020,13,0,1,1,7,5,12,1,1,0,0,4,4,10,11,14,15,16,13,45,55,Estádio Pina Manique (Lisboa),,1,1,3.05,3.25,2.25,1.35,2.1,3.8,1.83,1.87,0.0,1.69,0.0,1.95,1.44,3.25,2.62,1.33,1,0,0,0,1,1,0,1576335600,4825,0,75,0,323,1,1,4,1,3,4,5,7,1,0,0,1,1,1,1,92,83,126,140,1.83,1.83,3.66,0,1,0,1,0,0,1,1,0,0,1,0,1,0,-1,-1,-1,-1,-1,-1,-1,-1,-1,75,75,25,75,Casa Pia,CD Mafra,0.42,1.33,0.5,0.83,0.58,1.58,25,25,1.43,1.78,3.21,24,True,False,False,False,False,False,False,LigaPro_Portugal_2a_división,,10.29,77%,75%,2019-12-14 15:00:00
2019-2020,14,2,1,3,9,5,14,1,4,0,0,6,3,5,6,11,9,16,14,46,54,Estádio Municipal Eng. Manuel Branco Teixeira (Chaves),,1,4,1.48,4.0,6.7,1.3,1.95,3.4,2.05,1.71,1.25,1.5,3.5,2.38,1.36,2.75,2.88,1.4,3,1,0,1,1,2,1,1577639700,165,0,40,0,1451,1,1,5,3,4,2,8,6,1,3,0,1,4,1,1,66,64,67,69,1.58,1.24,2.82,0,0,0,0,0,0,1,1,0,0,1,0,0,0,-1,-1,-1,-1,-1,-1,-1,-1,-1,40,86,31,69,GD Chaves,Vilafranquense,1.42,0.5,2.0,0.71,1.46,1.15,61,15,2.01,1.32,3.33,24,True,True,True,False,False,False,True,LigaPro_Portugal_2a_división,,8.84,70%,99%,2019-12-29 17:15:00
2019-2020,14,4,1,5,3,8,11,5,2,0,0,7,4,6,7,13,11,15,9,48,52,Estádio da Madeira (Funchal (Ilha da Madeira)),,5,2,1.59,3.95,5.3,1.24,1.77,2.9,1.77,1.95,0.0,0.0,0.0,0.0,1.36,2.62,3.0,1.44,5,2,1,2,0,2,3,1570269600,163,0,42,0,1674,1,1,1,3,2,5,4,7,3,1,2,1,4,3,1,66,80,85,88,1.78,1.55,3.33,0,0,0,0,0,0,1,1,1,0,0,1,0,0,-1,-1,-1,-1,-1,-1,-1,-1,-1,59,71,17,42,CD Nacional,Porto II,2.5,1.17,2.33,1.0,2.33,1.0,42,29,1.42,1.83,3.25,24,True,True,True,True,True,False,True,LigaPro_Portugal_2a_división,,20.8,57%,0%,2019-10-05 10:00:00
2019-2020,14,1,1,2,7,6,13,1,3,0,0,5,2,12,5,17,7,14,15,48,52,Estádio Marcolino de Castro (Santa Maria da Feira),,1,3,1.42,4.1,7.5,1.3,1.95,3.4,2.1,1.67,1.44,1.71,2.5,2.12,1.39,2.77,2.81,1.41,2,1,1,0,0,0,2,1577631600,-1,0,45,0,1614,1,1,3,2,4,4,5,8,0,2,1,1,2,2,1,90,67,138,124,2.08,1.08,3.16,0,0,0,0,0,0,1,1,0,0,0,1,0,0,-1,-1,-1,-1,-1,-1,-1,-1,-1,31,61,24,54,CD Feirense,Casa Pia,1.83,0.5,1.29,0.67,1.15,0.54,69,40,1.76,1.15,2.91,24,True,True,False,False,False,False,True,LigaPro_Portugal_2a_división,,3.36,82%,0%,2019-12-29 15:00:00
2019-2020,14,4,3,7,7,5,12,3,4,0,1,8,4,7,4,15,8,20,8,50,50,Estádio EFAPEL (Coimbra),,3,6,2.0,3.2,3.85,1.33,2.05,3.7,1.83,1.91,0.0,1.65,0.0,2.24,1.44,3.25,2.62,1.33,7,2,1,2,2,4,3,1577553300,179,0,72,0,2140,1,1,2,2,5,3,4,8,1,1,2,4,2,6,1,80,66,118,98,2.09,1.27,3.35,0,1,0,1,0,0,1,1,0,1,0,0,0,0,-1,-1,-1,-1,-1,-1,-1,-1,-1,71,86,57,79,Associação Académica de Coimbra OAF,UD Oliveirense,1.92,0.92,1.43,1.0,1.15,1.31,29,14,2.09,1.37,3.46,24,True,True,True,True,True,True,True,LigaPro_Portugal_2a_división,,2.24,67%,0%,2019-12-28 17:15:00
2019-2020,14,0,0,0,6,4,10,2,3,0,0,3,2,7,7,10,9,16,17,58,42,Estádio do Mar (Matosinhos),,2,3,1.43,4.25,7.0,1.27,1.87,3.2,2.0,1.74,0.0,1.66,0.0,2.23,1.36,2.75,3.0,1.4,0,0,0,0,0,0,0,1576947600,-1,0,54,0,719,1,1,2,1,4,3,3,7,0,1,2,2,1,4,1,72,42,132,109,1.37,1.02,2.4,0,0,0,0,0,0,1,1,0,0,1,0,0,1,-1,-1,-1,-1,-1,-1,-1,-1,-1,52,68,37,62,Leixões,Cova Piedade,1.38,0.17,1.83,0.0,1.69,0.54,48,32,2.1,1.02,3.12,24,False,False,False,False,False,False,False,LigaPro_Portugal_2a_división,,19.46,82%,75%,2019-12-21 17:00:00
2019-2020,14,1,0,1,6,7,13,6,2,0,1,6,5,3,11,9,16,25,18,41,59,Estádio Municipal 25 de Abril (Penafiel),,6,3,3.0,3.05,2.4,1.4,2.25,4.25,1.91,1.8,1.47,1.85,2.63,1.95,1.5,3.14,2.49,1.33,1,0,0,1,0,1,0,1577530800,182,0,47,0,378,1,1,3,3,3,4,6,7,1,1,5,2,2,7,1,63,76,100,129,1.45,1.91,3.36,0,0,0,0,0,0,1,1,0,0,0,0,0,0,-1,-1,-1,-1,-1,-1,-1,-1,-1,47,77,45,61,FC Penafiel,GD Estoril Praia,1.58,1.17,1.43,1.5,1.08,1.69,54,23,1.58,1.53,3.11,24,True,False,False,False,False,False,False,LigaPro_Portugal_2a_división,,12.75,36%,0%,2019-12-28 11:00:00
2019-2020,14,2,2,4,1,4,5,1,4,0,1,5,4,2,1,7,5,12,13,51,49,Estádio Municipal José dos Santos Pinto (Covilhã),,1,6,1.91,3.35,3.95,1.32,2.0,3.55,1.83,1.87,0.0,1.69,0.0,2.17,1.36,2.88,2.88,1.36,4,1,1,1,1,2,2,1577618100,-1,0,38,0,590,1,1,0,1,1,3,1,4,1,1,0,4,2,4,1,67,65,127,121,1.29,1.08,2.37,0,0,0,0,0,0,1,1,1,0,0,1,0,0,-1,-1,-1,-1,-1,-1,-1,-1,-1,30,62,24,56,Sporting Covilhã,Benfica II,1.42,0.54,1.43,0.33,1.54,1.08,70,38,1.42,1.39,2.81,24,True,True,True,True,False,False,True,LigaPro_Portugal_2a_división,,3.76,47%,0%,2019-12-29 11:15:00
2019-2020,14,1,3,4,5,3,8,3,4,0,0,6,5,9,4,15,9,19,24,52,48,Estádio Varzim Sport Club (Póvoa de Varzim),,3,4,3.15,2.9,2.4,1.54,2.65,5.4,2.2,1.62,0.0,0.0,0.0,0.0,1.53,3.32,2.4,1.3,4,1,3,0,0,0,4,1573916400,4866,0,50,0,1760,1,1,2,2,3,1,4,4,1,0,2,4,1,6,1,85,56,108,83,1.98,1.32,3.3,0,0,0,0,0,0,1,1,0,0,0,2,0,0,-1,-1,-1,-1,-1,-1,-1,-1,-1,50,60,60,60,Varzim,Farense,1.83,1.92,2.0,2.4,1.6,2.4,50,40,1.55,1.51,3.06,24,True,True,True,True,False,False,True,LigaPro_Portugal_2a_división,,6.93,71%,84%,2019-11-16 15:00:00
2019-2020,14,1,1,2,7,8,15,2,3,0,0,5,8,5,5,10,13,10,20,53,47,Estádio Municipal de Mafra (Mafra),,2,3,2.0,3.15,3.95,1.32,2.0,3.6,1.8,1.95,1.4,1.74,2.7,2.1,1.4,3.0,2.75,1.33,2,1,1,0,0,0,2,1577631600,-1,0,56,0,682,1,1,3,5,4,3,8,7,1,1,1,2,2,3,1,87,98,114,130,1.61,2.09,3.7,0,0,0,0,0,0,1,1,1,0,1,1,0,0,-1,-1,-1,-1,-1,-1,-1,-1,-1,48,70,32,70,CD Mafra,Academico Viseu,1.92,1.5,2.33,1.57,1.69,1.38,52,30,1.55,1.49,3.04,24,True,True,False,False,False,False,True,LigaPro_Portugal_2a_división,,2.93,26%,23%,2019-12-29 15:00:00
2019-2020,15,0,1,1,8,0,8,1,2,0,0,5,2,15,5,20,7,15,14,74,26,Estádio do Mar (Matosinhos),,1,2,1.65,3.65,5.2,1.33,2.0,3.6,1.95,1.77,0.0,1.66,0.0,2.19,1.44,3.0,2.62,1.36,1,0,0,0,1,1,0,1578135600,182,0,55,0,1027,1,1,3,0,5,0,3,5,0,2,1,0,2,1,1,103,26,153,78,2.36,0.78,3.14,0,0,0,0,0,0,1,1,0,0,0,0,0,0,-1,-1,-1,-1,-1,-1,-1,-1,-1,48,55,24,62,Leixões,FC Penafiel,1.38,0.75,1.71,0.67,1.64,1.21,52,45,1.99,1.11,3.1,24,True,False,False,False,False,False,False,LigaPro_Portugal_2a_división,,10.29,76%,20%,2020-01-04 11:00:00
2019-2020,15,1,3,4,6,3,9,3,1,1,0,8,5,12,3,20,8,21,14,54,46,Estádio Carlos Osório (Oliveira de Azeméis),,4,1,2.4,3.35,2.8,1.29,1.95,3.35,1.74,2.0,0.0,1.71,0.0,2.13,1.4,2.75,2.75,1.4,4,0,1,1,2,3,1,1578150000,4825,0,44,0,811,1,1,1,2,5,1,3,6,1,0,3,1,1,4,1,89,65,111,112,2.46,1.33,3.79,0,0,0,0,0,0,1,1,0,0,1,1,0,0,-1,-1,-1,-1,-1,-1,-1,-1,-1,44,69,7,37,UD Oliveirense,CD Mafra,1.75,1.33,1.67,1.14,1.21,1.64,56,31,1.66,1.79,3.45,24,True,True,True,True,False,False,True,LigaPro_Portugal_2a_división,,4.7,76%,20%,2020-01-04 15:00:00
2019-2020,15,0,2,2,5,4,9,3,2,0,0,5,5,5,3,10,8,22,15,45,55,Estádio Municipal José Martins Vieira (Almada),,3,2,3.7,3.2,2.0,1.35,2.1,3.8,1.87,1.83,0.0,1.51,0.0,2.52,1.44,3.25,2.62,1.33,2,0,1,0,1,1,1,1578150000,165,0,37,0,828,1,1,2,3,3,1,5,4,2,2,1,0,4,1,1,84,68,106,113,1.59,1.36,2.95,0,0,0,0,0,0,1,1,0,1,0,0,0,0,-1,-1,-1,-1,-1,-1,-1,-1,-1,37,69,23,54,Cova Piedade,GD Chaves,1.25,1.25,1.17,1.0,0.57,1.57,63,31,1.28,1.65,2.93,24,True,True,False,False,False,False,False,LigaPro_Portugal_2a_división,,6.93,72%,0%,2020-01-04 15:00:00
2019-2020,15,0,0,0,2,6,8,1,1,0,0,5,5,6,8,11,13,18,10,37,63,Estádio Municipal do Fontelo (Viseu),,1,1,2.95,3.2,2.35,1.32,2.0,3.55,1.8,1.95,0.0,1.52,0.0,2.53,1.44,3.25,2.62,1.33,0,0,0,0,0,0,0,1578236400,-1,0,52,0,609,1,1,2,0,0,6,2,6,0,0,1,1,0,2,1,62,77,89,121,1.49,1.73,3.22,0,0,0,0,0,0,1,1,0,0,0,0,0,0,-1,-1,-1,-1,-1,-1,-1,-1,-1,38,69,16,61,Academico Viseu,CD Nacional,1.33,1.67,1.17,2.0,1.36,2.21,62,31,1.56,1.56,3.12,24,False,False,False,False,False,False,False,LigaPro_Portugal_2a_división,,3.36,71%,0%,2020-01-05 15:00:00
2019-2020,15,0,2,2,8,2,10,5,2,0,0,3,3,9,6,12,9,20,17,58,42,Estádio António Coimbra da Mota (Estoril),,5,2,2.15,3.2,3.4,1.36,2.1,3.9,1.87,1.83,0.0,1.62,0.0,2.3,1.44,3.25,2.62,1.33,2,0,1,0,1,1,1,1578158100,166,0,77,0,673,1,1,3,2,5,0,5,5,1,1,4,1,2,5,1,115,79,117,86,1.79,1.35,3.14,0,1,0,1,0,0,1,1,0,0,1,0,0,0,-1,-1,-1,-1,-1,-1,-1,-1,-1,68,84,37,84,GD Estoril Praia,CD Feirense,2.08,1.67,1.86,1.0,1.57,1.14,32,17,1.7,1.37,3.07,24,True,True,False,False,False,False,False,LigaPro_Portugal_2a_división,,3.36,66%,0%,2020-01-04 17:15:00
2019-2020,15,0,3,3,6,0,6,2,3,0,0,8,6,5,2,13,8,19,19,62,38,Estádio de São Lúis (Faro),,2,3,1.54,4.0,5.65,1.26,1.83,3.15,1.87,1.83,0.0,0.0,0.0,0.0,1.36,2.75,3.0,1.4,3,0,2,0,1,1,2,1578222900,1031,0,43,0,4836,1,1,5,0,1,0,5,1,2,1,0,2,3,2,1,95,35,150,106,2.08,1.19,3.27,0,0,0,0,0,0,1,1,0,1,0,0,0,0,-1,-1,-1,-1,-1,-1,-1,-1,-1,43,64,36,79,Farense,Benfica II,2.08,0.54,2.57,0.43,2.36,1.07,57,36,1.74,1.35,3.09,24,True,True,True,False,False,False,False,LigaPro_Portugal_2a_división,,12.75,62%,20%,2020-01-05 11:15:00
2019-2020,15,1,3,4,5,6,11,1,2,1,0,5,8,4,6,9,14,8,10,42,58,"Estádio Dr. Jorge Sampaio (Pedroso, Vila Nova de Gaia)",,3,2,2.6,3.25,2.6,1.33,2.05,3.65,1.8,1.95,0.0,1.75,0.0,2.08,1.4,2.75,2.75,1.4,4,1,1,0,2,2,2,1578236400,179,0,67,0,477,1,1,3,5,2,1,8,3,2,0,0,2,2,2,1,62,79,106,112,1.37,2.01,3.39,1,1,1,1,0,0,1,1,0,0,1,0,0,0,-1,-1,-1,-1,-1,-1,-1,-1,-1,42,67,25,42,Porto II,Associação Académica de Coimbra OAF,1.25,1.0,1.17,0.83,1.07,1.29,59,34,1.96,1.73,3.69,24,True,True,True,True,False,False,True,LigaPro_Portugal_2a_división,,2.39,74%,75%,2020-01-05 15:00:00
2019-2020,15,1,4,5,8,1,9,2,2,1,0,2,5,5,6,7,11,12,21,53,47,Estádio Pina Manique (Lisboa),,4,2,3.0,3.3,2.25,1.34,2.05,3.75,1.83,1.91,1.47,1.83,2.55,1.97,1.53,3.5,2.38,1.29,5,0,2,1,2,3,2,1578236400,1026,0,54,0,344,1,1,5,1,3,0,6,3,0,0,3,2,0,5,1,108,57,130,114,1.37,1.47,2.83,1,0,1,0,0,0,1,1,0,0,1,0,0,0,-1,-1,-1,-1,-1,-1,-1,-1,-1,54,62,40,69,Casa Pia,Sporting Covilhã,0.42,1.25,0.43,1.67,0.57,1.5,47,38,1.49,1.29,2.78,24,True,True,True,True,True,False,True,LigaPro_Portugal_2a_división,,5.82,71%,0%,2020-01-05 15:00:00
2019-2020,15,0,3,3,4,2,6,1,1,0,0,5,6,10,2,15,8,16,15,56,44,Estádio EFAPEL (Coimbra),,1,1,2.65,3.25,2.55,1.33,2.05,3.65,1.8,1.91,0.0,1.75,0.0,2.08,1.5,3.4,2.5,1.3,3,0,2,0,1,1,2,1578244500,1034,0,92,0,315,1,1,0,0,4,2,0,6,1,1,0,0,2,0,1,83,57,137,116,1.9,1.35,3.25,0,0,0,0,0,0,1,1,0,0,0,0,0,1,-1,-1,-1,-1,-1,-1,-1,-1,-1,67,100,59,100,Vilafranquense,Varzim,1.5,1.25,1.67,1.17,1.07,1.64,34,0,1.33,1.29,2.62,24,True,True,True,False,False,False,False,LigaPro_Portugal_2a_división,,3.36,71%,0%,2020-01-05 17:15:00
2019-2020,16,0,0,0,3,4,7,1,2,0,0,4,2,9,8,13,10,11,17,57,43,Estádio Municipal Eng. Manuel Branco Teixeira (Chaves),,1,2,2.0,3.15,3.75,1.33,2.05,3.7,1.8,1.91,0.0,1.47,0.0,2.69,1.44,3.0,2.62,1.36,0,0,0,0,0,0,0,1578762900,-1,0,64,0,1486,1,1,0,2,3,2,2,5,0,0,1,2,0,3,1,82,60,110,79,1.69,1.2,2.9,0,0,0,0,0,0,1,1,0,0,0,1,0,0,-1,-1,-1,-1,-1,-1,-1,-1,-1,50,86,36,64,GD Chaves,Leixões,1.42,1.36,2.14,1.57,1.67,1.53,50,15,1.95,1.28,3.23,24,False,False,False,False,False,False,False,LigaPro_Portugal_2a_división,,11.41,52%,1%,2020-01-11 17:15:00
2019-2020,16,0,0,0,9,3,12,5,1,0,1,7,6,19,5,26,11,11,17,63,37,Estádio da Madeira (Funchal (Ilha da Madeira)),,5,3,1.51,4.0,5.95,1.28,1.87,3.2,1.91,1.8,0.0,1.69,0.0,2.15,1.4,2.75,2.75,1.4,0,0,0,0,0,0,0,1578841200,-1,0,53,0,1573,1,1,6,2,3,1,8,4,2,1,3,1,3,4,1,104,41,119,84,2.87,1.41,4.28,0,0,0,0,0,0,1,1,0,0,2,1,1,0,-1,-1,-1,-1,-1,-1,-1,-1,-1,59,73,53,73,CD Nacional,UD Oliveirense,2.5,0.92,2.43,0.88,2.13,1.13,41,28,1.57,1.36,2.93,24,False,False,False,False,False,False,False,LigaPro_Portugal_2a_división,,18.34,70%,75%,2020-01-12 15:00:00
2019-2020,16,1,0,1,3,11,14,5,1,1,0,7,3,9,10,16,13,18,11,36,64,Estádio Marcolino de Castro (Santa Maria da Feira),,7,1,1.69,3.85,4.5,1.29,1.95,3.35,1.87,1.83,1.42,1.6,2.85,2.34,1.36,2.75,3.0,1.4,1,1,0,0,0,0,1,1578740400,166,0,63,0,2153,1,1,3,4,0,7,7,7,2,0,4,1,2,5,1,54,103,57,77,1.88,1.76,3.64,0,0,0,0,0,0,1,1,0,0,0,0,0,0,-1,-1,-1,-1,-1,-1,-1,-1,-1,44,82,32,69,CD Feirense,Porto II,1.83,1.17,1.25,1.0,1.27,1.0,57,19,1.8,1.7,3.5,24,True,False,False,False,False,False,False,LigaPro_Portugal_2a_división,,,,,2020-01-11 11:00:00
2019-2020,16,4,0,4,4,2,6,0,0,0,1,11,2,5,1,16,3,18,11,61,39,Caixa Futebol Campus (Seixal),,0,2,1.69,3.5,5.05,1.25,1.8,3.05,1.74,2.0,0.0,0.0,0.0,0.0,1.33,2.5,3.25,1.5,4,1,0,3,0,3,1,1578754800,1031,0,57,0,567,1,1,2,2,2,0,4,2,0,0,0,1,0,1,1,91,56,119,105,2.43,0.75,3.18,1,0,1,0,0,0,1,1,0,0,1,1,0,0,-1,-1,-1,-1,-1,-1,-1,-1,-1,50,64,36,57,Benfica II,Casa Pia,1.91,0.5,1.71,0.71,1.2,0.53,50,36,1.74,1.14,2.88,24,True,True,True,True,False,False,False,LigaPro_Portugal_2a_división,,,,,2020-01-11 15:00:00
2019-2020,16,3,0,3,4,4,8,0,2,0,0,5,2,5,5,10,7,14,15,49,51,Estádio EFAPEL (Coimbra),,0,2,1.42,4.4,6.9,1.24,1.77,2.95,1.95,1.8,0.0,1.67,0.0,2.22,1.4,2.75,2.75,1.4,3,1,0,2,0,2,1,1578849300,179,0,69,0,3346,1,1,2,3,2,1,5,3,0,1,0,1,1,1,1,47,78,79,109,1.32,1.15,2.48,0,0,0,0,0,0,1,1,0,0,0,1,0,1,-1,-1,-1,-1,-1,-1,-1,-1,-1,69,82,57,69,Associação Académica de Coimbra OAF,Cova Piedade,1.92,0.17,1.63,0.13,1.4,0.53,32,19,2.09,1.02,3.11,24,True,True,True,False,False,False,False,LigaPro_Portugal_2a_división,,,,,2020-01-12 17:15:00
2019-2020,16,3,0,3,4,5,9,2,1,0,0,6,3,4,7,10,10,17,17,38,62,Estádio Municipal 25 de Abril (Penafiel),,2,1,3.9,3.1,2.0,1.43,2.3,4.35,2.0,1.74,0.0,1.71,0.0,2.13,1.53,3.75,2.38,1.25,3,0,0,3,0,3,0,1578827700,182,0,41,0,479,1,1,3,1,1,4,4,5,1,0,1,1,1,2,1,50,71,76,117,1.41,1.36,2.77,0,0,0,0,0,0,1,1,0,0,0,0,0,0,-1,-1,-1,-1,-1,-1,-1,-1,-1,41,60,54,67,FC Penafiel,Farense,1.58,1.92,1.63,2.14,1.33,2.2,60,41,1.56,1.49,3.05,24,True,True,True,False,False,False,False,LigaPro_Portugal_2a_división,,4.7,62%,79%,2020-01-12 11:15:00
2019-2020,16,1,1,2,7,6,13,4,2,0,0,4,6,8,6,12,12,17,14,51,49,Estádio Municipal de Mafra (Mafra),,4,2,1.57,3.95,5.35,1.26,1.83,3.15,1.87,1.83,1.5,1.85,2.59,1.95,1.4,3.0,2.75,1.36,2,1,0,0,1,1,1,1578841200,-1,0,62,0,654,1,1,4,3,3,3,7,6,3,1,1,1,4,2,1,90,90,130,121,1.69,1.83,3.52,0,0,0,0,0,0,1,1,0,0,0,0,1,1,-1,-1,-1,-1,-1,-1,-1,-1,-1,48,81,41,81,CD Mafra,Vilafranquense,1.92,0.5,2.14,0.63,1.73,1.0,53,20,1.56,1.31,2.87,24,True,True,False,False,False,False,True,LigaPro_Portugal_2a_división,,,,,2020-01-12 15:00:00
2019-2020,16,1,0,1,5,2,7,2,1,0,0,5,4,5,2,10,6,17,15,48,52,Estádio Municipal José dos Santos Pinto (Covilhã),,2,1,2.25,3.3,3.0,1.32,2.0,3.6,1.8,1.95,0.0,1.88,0.0,1.93,1.44,3.25,2.62,1.33,1,0,0,1,0,1,0,1578754800,1026,0,47,0,565,1,1,1,1,4,1,2,5,2,1,0,0,3,0,1,71,73,117,101,1.5,1.19,2.7,0,0,0,0,0,0,1,1,0,0,0,0,0,0,-1,-1,-1,-1,-1,-1,-1,-1,-1,47,67,27,41,Sporting Covilhã,GD Estoril Praia,1.42,1.17,1.38,1.29,1.6,1.47,54,34,1.4,1.59,2.99,24,True,False,False,False,False,False,False,LigaPro_Portugal_2a_división,,,,,2020-01-11 15:00:00
2019-2020,16,1,2,3,4,2,6,4,1,1,0,4,5,6,8,10,13,12,13,58,42,Estádio Varzim Sport Club (Póvoa de Varzim),,6,1,2.05,3.3,3.5,1.35,2.1,3.8,1.87,1.87,1.36,1.67,2.8,2.05,1.44,3.25,2.62,1.33,3,0,1,1,1,2,1,1578682800,1032,0,44,0,943,1,1,2,0,2,2,2,4,1,0,4,1,1,5,1,73,43,136,120,1.45,1.49,2.94,0,0,0,0,0,0,1,1,0,0,0,0,1,0,-1,-1,-1,-1,-1,-1,-1,-1,-1,38,57,38,63,Varzim,Academico Viseu,1.83,1.5,2.0,1.5,1.73,1.33,63,44,1.64,1.56,3.2,24,True,True,True,False,False,False,True,LigaPro_Portugal_2a_división,,,,,2020-01-10 19:00:00
2019-2020,17,1,0,1,10,1,11,4,1,0,0,4,2,11,3,15,5,17,19,53,47,Estádio António Coimbra da Mota (Estoril),,4,1,2.2,3.3,3.0,1.3,2.0,3.5,1.8,1.91,1.36,1.7,2.8,2.0,1.4,3.0,2.75,1.36,1,0,0,1,0,1,0,1579345200,164,0,66,0,718,1,1,4,1,6,0,5,6,0,0,4,1,0,5,1,98,55,109,80,1.93,0.86,2.79,0,0,0,0,0,0,1,1,0,0,1,0,0,0,-1,-1,-1,-1,-1,-1,-1,-1,-1,66,79,40,72,GD Estoril Praia,Associação Académica de Coimbra OAF,2.08,1.0,1.63,1.14,1.38,1.5,34,22,1.71,1.77,3.48,24,True,False,False,False,False,False,False,LigaPro_Portugal_2a_división,,,,,2020-01-18 11:00:00
2019-2020,17,0,2,2,8,8,16,5,2,0,0,6,4,11,4,17,8,18,13,59,41,Estádio do Mar (Matosinhos),,5,2,1.65,3.5,5.0,1.3,2.0,3.5,1.83,1.83,1.33,1.6,2.9,2.15,1.4,3.0,2.75,1.36,2,0,1,0,1,1,1,1579367700,4825,0,57,0,925,1,1,5,4,3,4,9,7,1,0,4,2,1,6,1,96,54,91,93,2.17,1.18,3.36,0,0,0,0,0,0,1,1,0,0,1,1,0,0,-1,-1,-1,-1,-1,-1,-1,-1,-1,50,57,13,57,Leixões,CD Mafra,1.38,1.33,1.5,1.38,1.5,1.69,50,44,2.04,1.73,3.77,24,True,True,False,False,False,False,False,LigaPro_Portugal_2a_división,,,,,2020-01-18 17:15:00
2019-2020,17,0,0,0,5,6,11,2,3,0,0,2,4,2,4,4,8,23,11,38,62,Estádio Municipal do Fontelo (Viseu),,2,3,2.85,3.1,2.5,1.38,2.15,4.0,1.87,1.83,0.0,1.49,0.0,2.59,1.5,3.4,2.5,1.3,0,0,0,0,0,0,0,1579446000,-1,0,40,0,693,1,1,2,4,3,2,6,5,1,2,1,1,3,2,1,51,85,87,132,0.77,1.41,2.18,0,0,0,0,0,0,1,1,0,0,1,0,0,0,-1,-1,-1,-1,-1,-1,-1,-1,-1,40,66,20,53,Academico Viseu,GD Chaves,1.33,1.25,1.14,1.25,1.44,1.63,61,34,1.55,1.62,3.17,24,False,False,False,False,False,False,False,LigaPro_Portugal_2a_división,,,,,2020-01-19 15:00:00
2019-2020,17,3,1,4,3,9,12,1,4,0,0,5,4,7,5,12,9,20,9,38,62,Estádio Municipal José Martins Vieira (Almada),,1,4,4.3,3.25,1.87,1.37,2.15,3.95,1.95,1.8,0.0,1.58,0.0,2.32,1.5,3.4,2.5,1.3,4,1,1,2,0,2,2,1579446000,1036,0,39,0,673,1,1,2,7,1,2,9,3,1,1,0,3,2,3,1,43,55,81,113,1.42,1.26,2.68,0,0,0,0,0,0,1,1,0,0,1,2,0,0,-1,-1,-1,-1,-1,-1,-1,-1,-1,26,67,14,60,Cova Piedade,CD Nacional,1.25,1.67,1.0,1.88,0.5,2.06,75,34,1.32,1.58,2.9,24,True,True,True,True,False,False,True,LigaPro_Portugal_2a_división,,,,,2020-01-19 15:00:00
2019-2020,17,1,1,2,8,5,13,3,4,0,0,6,3,10,4,16,7,12,17,60,40,Estádio Carlos Osório (Oliveira de Azeméis),,3,4,3.0,3.3,2.2,1.4,2.25,4.0,1.91,1.8,1.36,1.67,2.8,2.05,1.44,3.25,2.62,1.33,2,0,1,1,0,1,1,1579359600,-1,0,43,0,1153,1,1,2,2,6,3,4,9,1,2,2,2,3,4,1,99,56,84,64,2.13,1.06,3.19,0,0,0,0,0,0,1,1,0,0,0,0,0,0,-1,-1,-1,-1,-1,-1,-1,-1,-1,36,71,7,50,UD Oliveirense,CD Feirense,1.75,1.67,1.43,1.29,1.13,1.38,64,29,1.77,1.37,3.14,24,True,True,False,False,False,False,True,LigaPro_Portugal_2a_división,,,,,2020-01-18 15:00:00
2019-2020,17,2,1,3,7,6,13,2,4,0,0,9,3,4,9,13,12,9,17,46,54,"Estádio Dr. Jorge Sampaio (Pedroso, Vila Nova de Gaia)",,2,4,2.15,3.6,3.1,1.2,1.65,2.62,1.57,2.25,1.33,1.6,2.9,2.15,1.33,2.5,3.25,1.5,3,1,1,1,0,1,2,1579366800,1037,0,62,0,750,1,1,3,3,4,3,6,7,0,0,2,4,0,6,1,67,77,98,94,1.93,1.52,3.46,0,0,0,0,0,0,1,1,1,0,0,0,0,0,-1,-1,-1,-1,-1,-1,-1,-1,-1,41,81,47,73,Porto II,Benfica II,1.25,0.54,1.0,0.75,0.94,1.31,60,20,1.87,1.33,3.2,24,True,True,True,False,False,False,True,LigaPro_Portugal_2a_división,,,,,2020-01-18 17:00:00
2019-2020,17,0,0,0,4,2,6,4,1,0,0,5,3,5,3,10,6,16,15,53,47,Estádio de São Lúis (Faro),,4,1,1.91,3.4,3.95,1.36,2.15,3.9,2.0,1.71,1.44,1.85,2.5,1.95,1.44,3.25,2.62,1.33,0,0,0,0,0,0,0,1579432500,-1,0,48,0,4094,1,1,3,2,1,0,5,1,1,0,3,1,1,4,1,67,51,139,134,1.48,0.98,2.46,0,0,0,0,0,0,1,1,0,0,0,1,1,0,-1,-1,-1,-1,-1,-1,-1,-1,-1,60,67,48,73,Farense,Sporting Covilhã,2.08,1.25,2.25,1.86,2.06,1.69,41,34,1.78,1.31,3.09,24,False,False,False,False,False,False,False,LigaPro_Portugal_2a_división,,,,,2020-01-19 11:15:00
2019-2020,17,1,1,2,2,2,4,2,2,0,0,3,2,5,2,8,4,13,16,64,36,Estádio Municipal de Rio Maior (Rio Maior),,2,2,2.25,3.25,3.05,1.34,2.05,3.75,1.83,1.91,1.47,1.85,2.55,1.95,1.5,3.4,2.5,1.3,2,0,1,1,0,1,1,1579454100,-1,0,64,0,262,1,1,1,0,1,2,1,3,0,1,2,1,1,3,1,89,65,167,127,1.38,0.88,2.26,0,0,0,0,0,0,1,1,0,1,1,0,0,0,-1,-1,-1,-1,-1,-1,-1,-1,-1,72,79,50,79,Vilafranquense,FC Penafiel,1.5,0.75,1.43,1.0,1.0,1.44,29,22,1.41,1.06,2.47,24,True,True,False,False,False,False,True,LigaPro_Portugal_2a_división,,,,,2020-01-19 17:15:00
2019-2020,17,2,2,4,1,7,8,2,2,0,0,6,6,2,10,8,16,15,20,46,54,Estádio Pina Manique (Lisboa),,2,2,3.0,3.25,2.3,1.32,2.0,3.55,1.83,1.87,0.0,1.71,0.0,2.12,1.44,3.0,2.62,1.36,4,0,1,2,1,3,1,1579446000,-1,0,75,0,389,1,1,0,2,1,5,2,6,0,0,2,2,0,4,1,59,92,107,115,1.36,2.09,3.45,0,0,0,0,0,0,1,1,0,0,0,1,0,0,-1,-1,-1,-1,-1,-1,-1,-1,-1,60,82,48,88,Casa Pia,Varzim,0.42,1.25,0.38,1.43,0.5,1.63,41,19,1.48,1.3,2.78,24,True,True,True,True,False,False,True,LigaPro_Portugal_2a_división,,,,,2020-01-19 15:00:00
2019-2020,18,1,1,2,5,4,9,3,1,0,0,4,6,7,6,11,12,19,17,47,53,Estádio Municipal de Rio Maior (Rio Maior),,3,1,2.75,3.15,2.5,1.35,2.1,3.8,1.83,1.91,1.44,1.73,2.5,1.95,1.48,3.26,2.61,1.33,2,0,0,1,1,2,0,1580058900,-1,0,69,0,410,1,1,3,1,2,3,4,5,1,1,2,0,2,2,1,40,45,111,106,1.28,1.51,2.79,0,0,0,0,0,0,1,1,0,0,0,1,0,0,-1,-1,-1,-1,-1,-1,-1,-1,-1,57,88,38,88,Vilafranquense,CD Feirense,1.5,1.67,1.38,1.25,1.0,1.35,44,13,1.41,1.33,2.74,24,True,True,False,False,False,False,True,LigaPro_Portugal_2a_división,,,,,2020-01-26 17:15:00
2019-2020,18,1,1,2,1,3,4,4,3,1,0,6,5,6,1,12,6,21,17,51,49,Estádio do Mar (Matosinhos),,5,3,2.1,3.1,3.55,1.4,2.2,4.15,1.91,1.8,1.29,1.5,3.2,2.38,1.44,3.2,2.63,1.3,2,1,0,0,1,1,1,1580050800,-1,0,42,0,1116,1,1,1,1,0,2,2,2,2,1,3,2,3,5,1,56,53,124,126,1.59,1.13,2.72,0,0,0,0,0,0,1,1,0,0,0,0,0,0,-1,-1,-1,-1,-1,-1,-1,-1,-1,36,47,18,47,Leixões,Associação Académica de Coimbra OAF,1.38,1.0,1.33,1.0,1.41,1.41,64,53,2.05,1.66,3.71,24,True,True,False,False,False,False,True,LigaPro_Portugal_2a_división,,,,,2020-01-26 15:00:00
2019-2020,18,4,2,6,4,1,5,2,4,1,0,8,3,7,4,15,7,16,17,52,48,"Estádio Dr. Jorge Sampaio (Pedroso, Vila Nova de Gaia)",,4,4,2.4,3.3,2.8,1.34,2.05,3.75,1.83,1.91,1.44,1.88,2.5,1.93,1.4,3.0,2.75,1.33,6,1,1,3,1,4,2,1580050800,1037,0,69,0,352,1,1,4,1,0,0,5,0,0,1,3,3,1,6,1,75,66,104,103,2.05,1.14,3.18,0,0,0,0,0,0,1,1,0,0,0,0,0,0,-1,-1,-1,-1,-1,-1,-1,-1,-1,50,76,50,63,Porto II,Sporting Covilhã,1.25,1.25,1.25,1.75,1.06,1.65,50,26,1.88,1.27,3.15,24,True,True,True,True,True,True,True,LigaPro_Portugal_2a_división,,,,,2020-01-26 15:00:00
2019-2020,18,1,0,1,5,3,8,4,1,0,1,4,3,7,5,11,8,22,19,53,47,Estádio Municipal do Fontelo (Viseu),,4,3,1.87,3.4,4.0,1.41,2.25,4.25,2.05,1.71,1.44,1.8,2.5,1.87,1.5,3.5,2.5,1.25,1,0,0,1,0,1,0,1580050800,1032,0,44,0,499,1,1,2,3,3,0,5,3,1,1,3,1,2,4,1,74,74,98,94,1.51,1.25,2.76,0,0,0,0,0,0,1,1,0,0,0,0,0,0,-1,-1,-1,-1,-1,-1,-1,-1,-1,38,57,19,51,Academico Viseu,FC Penafiel,1.33,0.75,1.13,1.0,1.41,1.41,63,44,1.46,1.04,2.5,24,True,False,False,False,False,False,False,LigaPro_Portugal_2a_división,,,,,2020-01-26 15:00:00
2019-2020,18,0,2,2,7,7,14,2,1,0,0,2,5,5,4,7,9,16,17,50,50,Estádio Pina Manique (Lisboa),,2,1,5.1,3.7,1.65,1.34,2.05,3.7,2.0,1.71,1.4,1.7,2.7,2.0,1.36,2.88,2.88,1.36,2,0,1,0,1,1,1,1580050800,4866,0,53,0,790,1,1,2,2,5,5,4,10,2,1,0,0,3,0,1,84,78,104,102,1.19,1.48,2.68,0,0,0,0,0,0,1,1,0,0,0,0,0,0,-1,-1,-1,-1,-1,-1,-1,-1,-1,59,65,42,71,Casa Pia,Farense,0.42,1.92,0.44,1.88,0.53,2.0,42,36,1.46,1.47,2.93,24,True,True,False,False,False,False,False,LigaPro_Portugal_2a_división,,,,,2020-01-26 15:00:00
2019-2020,18,0,2,2,10,2,12,3,3,1,2,2,5,6,3,8,8,23,14,55,45,Estádio Municipal Eng. Manuel Branco Teixeira (Chaves),,5,6,2.45,3.05,2.9,1.42,2.3,4.35,1.95,1.8,0.0,0.0,0.0,0.0,1.44,3.2,2.63,1.3,2,0,1,0,1,1,1,1580037300,163,0,59,0,1763,1,1,6,2,4,0,8,4,1,1,3,4,2,7,1,93,53,103,73,1.32,1.24,2.56,0,0,0,0,0,0,1,1,0,0,2,1,0,0,-1,-1,-1,-1,-1,-1,-1,-1,-1,47,78,24,65,GD Chaves,CD Nacional,1.42,1.67,2.0,1.67,1.59,1.94,53,23,1.92,1.54,3.46,24,True,True,False,False,False,False,False,LigaPro_Portugal_2a_división,,,,,2020-01-26 11:15:00
2019-2020,18,1,0,1,2,10,12,3,2,0,0,4,5,5,6,9,11,20,15,37,63,Estádio António Coimbra da Mota (Estoril),,3,2,1.67,3.8,4.6,1.24,1.77,2.95,1.77,2.0,1.33,1.6,2.9,2.15,1.36,2.63,3.1,1.48,1,1,0,0,0,0,1,1580154300,164,0,56,0,428,1,1,1,4,1,6,5,7,0,1,3,1,1,4,1,40,81,91,122,1.15,1.64,2.78,0,0,0,0,0,0,1,1,1,0,1,0,0,0,-1,-1,-1,-1,-1,-1,-1,-1,-1,56,84,50,89,GD Estoril Praia,Benfica II,2.08,0.54,1.78,0.67,1.47,1.24,45,17,1.74,1.35,3.09,24,True,False,False,False,False,False,False,LigaPro_Portugal_2a_división,,,,,2020-01-27 19:45:00
2019-2020,18,4,0,4,3,3,6,5,3,0,2,10,0,8,4,18,4,13,16,65,35,Estádio Municipal de Aveiro (Aveiro),,5,5,2.75,3.15,2.55,1.38,2.15,4.0,1.87,1.83,1.36,1.67,2.8,2.05,1.5,3.4,2.5,1.3,4,1,0,3,0,3,1,1580050800,1038,0,63,0,916,1,1,2,1,1,2,3,3,2,3,3,2,5,5,1,51,46,144,86,2.22,0.6,2.81,2,0,2,0,0,0,1,1,1,0,0,1,0,1,-1,-1,-1,-1,-1,-1,-1,-1,-1,44,88,25,69,UD Oliveirense,Varzim,1.75,1.25,1.38,1.38,1.12,1.59,57,13,1.82,1.4,3.22,24,True,True,True,True,False,False,False,LigaPro_Portugal_2a_división,,,,,2020-01-26 15:00:00
2019-2020,18,1,1,2,4,7,11,1,0,0,0,4,3,4,6,8,9,12,13,43,57,Estádio Municipal José Martins Vieira (Almada),,1,0,3.0,3.2,2.35,1.35,2.1,3.8,1.83,1.91,0.0,1.72,0.0,2.0,1.4,3.0,2.75,1.33,2,0,0,1,1,2,0,1580037300,-1,0,46,0,702,1,1,3,3,1,4,6,5,0,0,1,0,0,1,1,63,78,125,115,1.25,1.35,2.6,0,1,0,1,0,0,1,1,0,0,0,0,0,0,-1,-1,-1,-1,-1,-1,-1,-1,-1,46,77,18,65,Cova Piedade,CD Mafra,1.25,1.33,1.25,1.56,0.65,1.76,54,24,1.33,1.67,3.0,24,True,True,False,False,False,False,True,LigaPro_Portugal_2a_división,,,,,2020-01-26 11:15:00
2019-2020,19,1,0,1,7,11,18,1,1,0,0,2,4,3,10,5,14,15,10,44,56,Estádio Municipal de Mafra (Mafra),,1,1,3.0,3.15,2.35,1.38,2.15,4.0,1.87,1.83,0.0,0.0,0.0,0.0,1.4,3.2,2.75,1.3,1,1,0,0,0,0,1,1580569200,4825,0,66,0,541,1,1,1,6,6,5,7,11,0,0,1,1,0,2,1,74,106,106,114,1.0,1.92,2.92,0,0,0,0,0,0,1,1,0,0,0,1,0,0,-1,-1,-1,-1,-1,-1,-1,-1,-1,47,78,36,72,CD Mafra,GD Chaves,1.92,1.25,2.0,1.22,1.72,1.5,53,23,1.58,1.59,3.17,24,True,False,False,False,False,False,False,LigaPro_Portugal_2a_división,,,,,2020-02-01 15:00:00
2019-2020,19,0,2,2,6,6,12,4,4,0,0,3,4,13,5,16,9,25,21,54,46,Estádio de São Lúis (Faro),,4,4,1.95,3.4,3.75,1.35,2.1,3.8,1.91,1.8,0.0,0.0,0.0,0.0,1.4,3.2,2.75,1.3,2,0,1,0,1,1,1,1580554800,164,0,36,0,3174,1,1,2,4,4,2,6,6,1,0,3,4,1,7,1,80,58,101,84,1.79,1.27,3.06,0,0,0,0,0,0,1,1,0,0,1,2,0,0,-1,-1,-1,-1,-1,-1,-1,-1,-1,47,60,29,53,Farense,GD Estoril Praia,2.08,1.17,2.11,1.13,2.06,1.56,54,41,1.75,1.54,3.29,24,True,True,False,False,False,False,False,LigaPro_Portugal_2a_división,,,,,2020-02-01 11:00:00
2019-2020,19,0,2,2,9,0,9,2,5,0,0,4,6,4,7,8,13,11,19,54,46,Estádio Varzim Sport Club (Póvoa de Varzim),,2,5,1.91,3.45,3.8,1.26,1.83,3.15,1.71,2.05,1.4,1.7,2.7,2.0,1.36,2.75,2.88,1.4,2,0,1,0,1,1,1,1580642100,1037,0,56,0,1444,1,1,4,0,5,0,4,5,1,1,1,4,2,5,1,81,33,139,115,1.38,1.49,2.88,0,0,0,0,0,0,1,1,0,0,0,0,0,0,-1,-1,-1,-1,-1,-1,-1,-1,-1,56,67,39,73,Varzim,Porto II,1.83,1.17,1.78,0.89,1.5,1.17,44,33,1.62,1.71,3.33,24,True,True,False,False,False,False,False,LigaPro_Portugal_2a_división,,,,,2020-02-02 11:15:00
2019-2020,19,1,0,1,2,2,4,4,4,0,1,4,4,7,5,11,9,14,20,56,44,Estádio da Madeira (Funchal (Ilha da Madeira)),,4,5,2.05,3.15,3.6,1.42,2.25,4.3,2.0,1.74,1.25,1.44,3.5,2.5,1.44,3.25,2.63,1.29,1,1,0,0,0,0,1,1580642100,163,0,51,0,1741,1,1,1,2,1,0,3,1,1,3,3,2,4,5,1,64,57,125,112,1.45,1.27,2.72,0,0,0,0,0,0,1,1,0,0,0,0,0,0,-1,-1,-1,-1,-1,-1,-1,-1,-1,38,57,38,57,CD Nacional,Leixões,2.5,1.36,2.25,1.5,2.0,1.39,63,44,1.74,1.27,3.01,24,True,False,False,False,False,False,False,LigaPro_Portugal_2a_división,,,,,2020-02-02 11:15:00
2019-2020,19,2,1,3,3,4,7,3,2,0,0,7,4,5,9,12,13,23,20,48,52,Estádio Marcolino de Castro (Santa Maria da Feira),,3,2,1.69,3.4,5.3,1.4,2.25,4.25,2.1,1.67,1.29,1.57,3.2,2.2,1.44,3.04,2.75,1.37,3,2,1,0,0,0,3,1580655600,166,0,50,0,2181,1,1,3,0,0,4,3,4,0,2,3,0,2,3,1,67,70,75,59,1.73,1.59,3.32,0,0,0,0,0,0,1,1,0,0,1,0,0,0,-1,-1,-1,-1,-1,-1,-1,-1,-1,45,73,33,62,CD Feirense,Cova Piedade,1.83,0.17,1.44,0.11,1.33,0.67,56,28,1.81,1.04,2.85,24,True,True,True,False,False,False,True,LigaPro_Portugal_2a_división,,,,,2020-02-02 15:00:00
2019-2020,19,4,0,4,1,5,6,2,3,0,0,5,4,2,12,7,16,22,15,37,63,Caixa Futebol Campus (Seixal),,2,3,1.8,3.6,4.2,1.28,1.87,3.2,1.77,1.95,1.44,1.73,2.5,1.95,1.36,2.68,3.08,1.46,4,3,0,1,0,1,3,1580655600,1031,0,54,0,833,1,1,1,2,0,3,3,3,1,1,1,2,2,3,1,46,85,88,140,1.13,1.91,3.04,1,0,1,0,0,0,1,1,1,0,1,0,0,0,-1,-1,-1,-1,-1,-1,-1,-1,-1,54,77,24,71,Benfica II,Vilafranquense,1.91,0.5,1.88,0.67,1.17,1.0,46,24,1.82,1.37,3.19,24,True,True,True,True,False,False,False,LigaPro_Portugal_2a_división,,,,,2020-02-02 15:00:00
2019-2020,19,2,0,2,2,4,6,1,4,0,0,4,2,4,7,8,9,14,26,54,46,Estádio EFAPEL (Coimbra),,1,4,1.95,3.25,3.95,1.45,2.4,4.6,2.1,1.67,0.0,1.74,0.0,2.09,1.5,3.25,2.5,1.29,2,1,0,1,0,1,1,1580414400,179,0,61,0,2446,1,1,2,2,0,2,4,2,0,1,1,3,1,4,1,72,79,133,115,1.32,1.29,2.61,0,0,0,0,0,0,1,1,0,0,0,0,0,0,-1,-1,-1,-1,-1,-1,-1,-1,-1,56,78,39,78,Associação Académica de Coimbra OAF,Academico Viseu,1.92,1.5,1.78,1.67,1.39,1.5,45,22,2.0,1.56,3.56,24,True,True,False,False,False,False,False,LigaPro_Portugal_2a_división,,,,,2020-01-30 20:00:00
2019-2020,19,1,0,1,6,2,8,2,5,0,1,2,2,5,6,7,8,17,16,51,49,Estádio Municipal José dos Santos Pinto (Covilhã),,2,7,2.2,3.1,3.35,1.39,2.2,4.15,1.95,1.8,1.48,1.87,2.51,1.93,1.5,3.4,2.5,1.3,1,0,0,1,0,1,0,1580759100,1026,0,50,0,507,1,1,3,0,3,2,3,5,2,1,0,5,3,5,1,65,53,101,97,1.06,1.04,2.1,1,0,1,0,0,0,1,1,0,0,0,0,0,0,-1,-1,-1,-1,-1,-1,-1,-1,-1,56,67,39,50,Sporting Covilhã,UD Oliveirense,1.42,0.92,1.56,0.89,1.56,1.22,45,33,1.41,1.36,2.77,24,True,False,False,False,False,False,False,LigaPro_Portugal_2a_división,,,,,2020-02-03 19:45:00
2019-2020,19,1,1,2,8,4,12,4,3,0,0,3,7,14,5,17,12,14,15,53,47,Estádio Municipal 25 de Abril (Penafiel),,4,3,1.71,3.55,4.8,1.34,2.05,3.75,2.0,1.74,1.5,1.85,2.38,1.95,1.4,3.0,2.75,1.33,2,1,1,0,0,0,2,1580577300,-1,0,36,0,353,1,1,2,1,6,3,3,9,1,2,3,1,3,4,1,88,61,108,100,1.91,1.69,3.6,0,0,0,0,0,0,1,1,0,0,1,0,0,0,-1,-1,-1,-1,-1,-1,-1,-1,-1,41,65,41,60,FC Penafiel,Casa Pia,1.58,0.5,1.78,0.63,1.33,0.5,60,36,1.55,1.09,2.64,24,True,True,False,False,False,False,True,LigaPro_Portugal_2a_división,,,,,2020-02-01 17:15:00
2019-2020,20,1,1,2,2,6,8,3,1,0,0,5,7,7,13,12,20,20,12,45,55,Estádio Municipal de Mafra (Mafra),,3,1,2.65,3.05,2.65,1.4,2.2,4.15,1.91,1.8,0.0,0.0,0.0,0.0,1.5,3.4,2.5,1.3,2,1,0,0,1,1,1,1581159600,-1,0,69,0,904,1,1,0,4,2,2,4,4,1,0,2,1,1,3,1,52,64,120,120,1.49,2.21,3.71,0,0,0,0,0,0,1,1,0,0,0,0,0,0,-1,-1,-1,-1,-1,-1,-1,-1,-1,42,74,32,80,CD Mafra,CD Nacional,1.92,1.67,2.11,1.8,1.79,2.05,58,26,1.51,1.51,3.02,24,True,True,False,False,False,False,True,LigaPro_Portugal_2a_división,,,,,2020-02-08 11:00:00
2019-2020,20,0,1,1,10,6,16,2,3,0,0,3,5,6,4,9,9,14,12,49,51,Estádio Municipal do Fontelo (Viseu),,2,3,3.0,2.9,2.5,1.51,2.6,5.15,2.15,1.65,0.0,0.0,0.0,0.0,1.57,3.75,2.25,1.25,1,0,0,0,1,1,0,1581174000,166,0,45,0,472,1,1,3,3,7,3,6,10,0,0,2,3,0,5,1,67,67,96,101,1.27,1.41,2.67,0,0,0,0,0,0,1,1,0,0,0,0,0,0,-1,-1,-1,-1,-1,-1,-1,-1,-1,28,61,11,50,Academico Viseu,CD Feirense,1.33,1.67,1.33,1.22,1.42,1.42,73,39,1.46,1.35,2.81,24,True,False,False,False,False,False,False,LigaPro_Portugal_2a_división,,,,,2020-02-08 15:00:00
2019-2020,20,5,0,5,3,7,10,2,2,0,0,9,4,4,6,13,10,16,8,45,55,Estádio Carlos Osório (Oliveira de Azeméis),,2,2,2.05,3.45,3.3,1.25,1.8,3.05,1.67,2.1,0.0,1.69,0.0,2.18,1.36,2.75,3.0,1.4,5,2,0,3,0,3,2,1581246900,1038,0,37,0,883,1,1,0,3,3,4,3,7,0,2,2,0,2,2,1,40,70,115,131,1.75,1.43,3.18,1,0,1,0,0,0,1,1,0,0,0,0,0,1,-1,-1,-1,-1,-1,-1,-1,-1,-1,37,74,25,67,UD Oliveirense,Benfica II,1.75,0.54,1.56,0.6,1.16,1.26,64,26,1.86,1.38,3.24,24,True,True,True,True,True,False,False,LigaPro_Portugal_2a_división,,,,,2020-02-09 11:15:00
2019-2020,20,1,0,1,3,4,7,4,4,0,0,6,3,5,7,11,10,18,12,44,56,Estádio Municipal de Rio Maior (Rio Maior),,4,4,2.55,3.1,2.75,1.38,2.15,4.0,1.87,1.83,1.52,2.0,2.48,1.8,1.5,3.4,2.5,1.3,1,1,0,0,0,0,1,1581260400,4884,0,67,0,466,1,1,1,2,2,2,3,4,1,2,3,2,3,5,1,76,93,127,140,1.67,1.52,3.2,0,0,0,0,0,0,1,1,1,0,0,0,0,0,-1,-1,-1,-1,-1,-1,-1,-1,-1,62,84,56,78,Vilafranquense,Sporting Covilhã,1.5,1.25,1.33,1.56,0.95,1.63,39,17,1.4,1.26,2.66,24,True,False,False,False,False,False,False,LigaPro_Portugal_2a_división,,,,,2020-02-09 15:00:00
2019-2020,20,2,2,4,8,5,13,2,2,0,1,5,3,6,6,11,9,13,25,60,40,Estádio Municipal José Martins Vieira (Almada),,2,4,2.35,2.9,3.25,1.45,2.4,4.6,2.0,1.74,0.0,1.88,0.0,1.93,1.53,3.5,2.38,1.29,4,1,1,1,1,2,2,1581174000,-1,0,45,0,614,1,1,3,4,5,1,7,6,0,0,2,3,0,5,1,88,62,141,103,1.69,1.23,2.92,0,1,0,1,0,0,1,1,1,1,0,2,0,0,-1,-1,-1,-1,-1,-1,-1,-1,-1,33,67,22,56,Cova Piedade,FC Penafiel,1.25,0.75,1.22,0.89,0.63,1.32,67,33,1.33,1.06,2.39,24,True,True,True,True,False,False,True,LigaPro_Portugal_2a_división,,,,,2020-02-08 15:00:00
2019-2020,20,1,2,3,13,2,15,1,3,0,0,3,3,16,10,19,13,27,12,58,42,Estádio Municipal Eng. Manuel Branco Teixeira (Chaves),,1,3,2.25,3.15,3.2,1.4,2.25,4.25,1.95,1.8,0.0,1.54,0.0,2.44,1.5,3.4,2.5,1.3,3,0,1,1,1,2,1,1581260400,179,0,50,0,2013,1,1,6,2,7,0,8,7,0,2,1,1,2,2,1,113,52,117,90,2.21,1.41,3.62,0,0,0,0,0,0,1,1,0,0,1,1,0,0,-1,-1,-1,-1,-1,-1,-1,-1,-1,44,73,22,56,GD Chaves,Associação Académica de Coimbra OAF,1.42,1.0,1.78,1.0,1.42,1.47,56,28,1.85,1.6,3.45,24,True,True,True,False,False,False,True,LigaPro_Portugal_2a_división,,,,,2020-02-09 15:00:00
2019-2020,20,4,1,5,7,4,11,2,0,0,0,9,4,6,4,15,8,16,20,60,40,Estádio António Coimbra da Mota (Estoril),,2,0,1.36,4.6,8.0,1.26,1.83,3.15,2.1,1.67,0.0,1.75,0.0,2.08,1.36,2.62,3.0,1.44,5,2,1,2,0,2,3,1581268500,164,0,52,0,1184,1,1,5,2,2,2,7,4,0,0,2,0,0,2,1,42,24,108,82,1.89,0.97,2.86,0,0,0,0,0,0,1,1,0,1,2,0,0,0,-1,-1,-1,-1,-1,-1,-1,-1,-1,47,74,42,79,GD Estoril Praia,Casa Pia,2.08,0.5,1.9,0.67,1.63,0.53,54,27,1.68,1.16,2.84,24,True,True,True,True,True,False,True,LigaPro_Portugal_2a_división,,,,,2020-02-09 17:15:00
2019-2020,20,1,0,1,11,3,14,0,3,0,0,4,3,10,4,14,7,8,22,56,44,Estádio do Mar (Matosinhos),,0,3,1.95,3.2,4.05,1.42,2.25,4.3,2.0,1.74,0.0,0.0,0.0,0.0,1.5,3.4,2.5,1.3,1,0,0,1,0,1,0,1581174000,1030,0,59,0,1060,1,1,8,0,3,3,8,6,0,0,0,3,0,3,1,61,55,122,114,1.61,1.06,2.67,0,0,0,0,0,0,1,1,0,0,4,0,0,0,-1,-1,-1,-1,-1,-1,-1,-1,-1,44,75,27,80,Leixões,Varzim,1.38,1.25,1.3,1.22,1.32,1.42,57,25,2.01,1.31,3.32,24,True,False,False,False,False,False,False,LigaPro_Portugal_2a_división,,,,,2020-02-08 15:00:00
2019-2020,20,1,1,2,9,4,13,1,8,0,0,4,4,12,5,16,9,18,27,63,37,"Estádio Dr. Jorge Sampaio (Pedroso, Vila Nova de Gaia)",,1,8,2.7,3.2,2.55,1.34,2.05,3.75,1.8,1.91,0.0,1.72,0.0,2.13,1.4,3.0,2.75,1.36,2,0,1,1,0,1,1,1581260400,-1,0,61,0,557,1,1,3,3,6,1,6,7,1,2,0,6,3,6,1,91,62,100,85,1.94,1.3,3.24,1,0,1,0,0,0,1,1,0,1,0,0,0,0,-1,-1,-1,-1,-1,-1,-1,-1,-1,50,78,50,67,Porto II,Farense,1.25,1.92,1.44,2.0,1.26,1.95,50,22,1.9,1.47,3.37,24,True,True,False,False,False,False,True,LigaPro_Portugal_2a_división,,,,,2020-02-09 15:00:00
2019-2020,21,0,0,0,5,7,12,2,1,0,0,2,5,4,5,6,10,18,18,42,58,Estádio Municipal 25 de Abril (Penafiel),,2,1,3.05,2.9,2.45,1.47,2.4,4.7,2.0,1.74,1.29,1.5,3.2,2.38,1.49,3.4,2.35,1.24,0,0,0,0,0,0,0,1581968700,-1,0,40,0,535,1,1,3,3,2,4,6,6,0,0,2,1,0,3,1,60,82,110,120,0.97,1.58,2.55,0,0,0,0,0,0,1,1,0,0,0,1,0,0,-1,-1,-1,-1,-1,-1,-1,-1,-1,40,65,35,60,FC Penafiel,GD Chaves,1.58,1.25,1.7,1.1,1.3,1.35,60,35,1.58,1.63,3.21,24,False,False,False,False,False,False,False,LigaPro_Portugal_2a_división,,,,,2020-02-17 19:45:00
2019-2020,21,3,0,3,5,2,7,3,3,0,0,5,7,4,2,9,9,28,16,46,54,Estádio Varzim Sport Club (Póvoa de Varzim),,3,3,3.6,3.15,2.1,1.38,2.2,4.1,1.95,1.8,0.0,1.72,0.0,2.11,1.44,3.2,2.63,1.3,3,1,0,2,0,2,1,1581778800,1034,0,42,0,1231,1,1,2,0,3,2,2,5,2,1,1,2,3,3,1,75,64,68,86,1.45,1.52,2.98,0,0,0,0,0,0,1,1,0,0,0,0,0,0,-1,-1,-1,-1,-1,-1,-1,-1,-1,42,64,31,57,Varzim,GD Estoril Praia,1.83,1.17,1.6,1.33,1.35,1.7,59,37,1.59,1.51,3.1,24,True,True,True,False,False,False,False,LigaPro_Portugal_2a_división,,,,,2020-02-15 15:00:00
2019-2020,21,1,3,4,7,4,11,2,1,0,0,-1,-1,-1,-1,-1,-1,-1,-1,-1,-1,Estádio Pina Manique (Lisboa),,2,1,3.65,3.7,1.87,1.25,1.8,3.0,1.71,2.0,0.0,1.73,0.0,2.1,1.33,2.63,3.0,1.44,4,0,2,1,1,2,2,1581851700,1037,0,55,0,359,1,1,4,3,3,1,7,4,1,0,1,1,1,2,1,81,63,105,101,0.0,0.0,0.0,0,1,0,1,0,0,1,1,0,1,0,2,0,0,-1,-1,-1,-1,-1,-1,-1,-1,-1,55,75,30,80,Casa Pia,Porto II,0.42,1.17,0.4,1.1,0.5,1.25,45,25,1.44,1.69,3.13,24,True,True,True,True,False,False,True,LigaPro_Portugal_2a_división,,,,,2020-02-16 11:15:00
2019-2020,21,5,1,6,4,10,14,2,3,0,1,7,3,2,3,9,6,20,20,50,50,Estádio da Madeira (Funchal (Ilha da Madeira)),,2,5,1.54,3.8,6.0,1.33,2.05,3.7,2.05,1.69,0.0,1.69,0.0,2.15,1.4,3.0,2.75,1.33,6,3,1,2,0,2,4,1581778800,163,0,37,0,1419,1,1,3,5,1,5,8,6,1,2,1,2,3,3,1,49,75,76,88,1.41,1.13,2.55,0,0,0,0,0,0,1,1,1,0,0,1,1,1,-1,-1,-1,-1,-1,-1,-1,-1,-1,37,62,32,74,CD Nacional,Vilafranquense,2.5,0.5,2.33,0.6,2.0,1.05,64,38,1.7,1.42,3.12,24,True,True,True,True,True,True,True,LigaPro_Portugal_2a_división,,,,,2020-02-15 15:00:00
2019-2020,21,1,0,1,5,1,6,4,2,0,0,6,5,4,4,10,9,16,14,51,49,Estádio Marcolino de Castro (Santa Maria da Feira),,4,2,2.15,3.1,3.5,1.5,2.55,5.05,2.15,1.65,0.0,1.54,0.0,2.48,1.53,3.5,2.38,1.25,1,0,0,1,0,1,0,1581786900,166,0,58,0,3362,1,1,4,0,1,1,4,2,2,1,2,1,3,3,1,60,60,93,105,1.49,1.36,2.85,0,0,0,0,0,0,1,1,0,0,1,0,0,0,-1,-1,-1,-1,-1,-1,-1,-1,-1,32,63,32,63,CD Feirense,Leixões,1.83,1.36,1.6,1.33,1.5,1.4,69,37,1.8,1.27,3.07,24,True,False,False,False,False,False,False,LigaPro_Portugal_2a_división,,,,,2020-02-15 17:15:00
2019-2020,21,2,0,2,4,3,7,1,3,0,0,-1,-1,-1,-1,-1,-1,-1,-1,-1,-1,Caixa Futebol Campus (Seixal),,1,3,1.91,3.35,3.85,1.29,1.91,3.3,1.77,2.0,0.0,0.0,0.0,0.0,1.36,2.75,2.88,1.4,2,1,0,1,0,1,1,1581865200,1031,0,53,0,845,1,1,2,2,2,1,4,3,0,1,1,2,1,3,1,64,44,133,112,0.0,0.0,0.0,1,0,1,0,0,0,1,1,0,0,0,0,0,0,-1,-1,-1,-1,-1,-1,-1,-1,-1,74,79,42,64,Benfica II,Cova Piedade,1.91,0.17,2.0,0.1,1.2,0.65,26,21,1.75,1.09,2.84,24,True,True,False,False,False,False,False,LigaPro_Portugal_2a_división,,,,,2020-02-16 15:00:00
2019-2020,21,0,0,0,3,12,15,2,2,1,0,3,6,8,5,11,11,12,14,41,59,Estádio EFAPEL (Coimbra),,3,2,2.1,3.05,3.6,1.34,2.05,3.75,1.83,1.91,1.36,1.7,2.8,2.0,1.4,3.0,2.75,1.33,0,0,0,0,0,0,0,1581764400,-1,0,70,0,2436,1,1,1,7,2,5,8,7,1,1,2,1,2,3,1,53,94,70,113,1.28,1.79,3.08,0,0,0,0,0,0,1,1,0,0,0,1,1,1,-1,-1,-1,-1,-1,-1,-1,-1,-1,65,85,30,75,Associação Académica de Coimbra OAF,CD Mafra,1.92,1.33,1.9,1.5,1.55,1.75,35,15,1.94,1.64,3.58,24,False,False,False,False,False,False,False,LigaPro_Portugal_2a_división,,,,,2020-02-15 11:00:00
2019-2020,21,0,1,1,6,5,11,3,1,0,0,-1,-1,-1,-1,-1,-1,-1,-1,-1,-1,Estádio Municipal José dos Santos Pinto (Covilhã),,3,1,2.1,3.05,3.7,1.49,2.5,4.85,2.1,1.67,0.0,1.9,0.0,1.9,1.53,3.6,2.25,1.22,1,0,0,0,1,1,0,1581865200,1032,0,40,0,615,1,1,3,3,3,2,6,5,0,0,3,1,0,4,1,100,57,145,103,0.0,0.0,0.0,0,1,0,1,0,0,1,1,0,0,0,3,0,0,-1,-1,-1,-1,-1,-1,-1,-1,-1,35,60,20,50,Sporting Covilhã,Academico Viseu,1.42,1.5,1.7,1.5,1.55,1.35,65,40,1.38,1.53,2.91,24,True,False,False,False,False,False,False,LigaPro_Portugal_2a_división,,,,,2020-02-16 15:00:00
2019-2020,21,3,1,4,6,9,15,4,6,0,0,-1,-1,-1,-1,-1,-1,-1,-1,-1,-1,Estádio de São Lúis (Faro),,4,6,1.74,3.5,4.65,1.42,2.3,4.35,2.1,1.67,0.0,1.7,0.0,2.14,1.5,3.4,2.5,1.3,4,1,1,2,0,2,2,1581873300,4866,0,40,0,3889,1,1,2,3,4,6,5,10,1,2,3,4,3,7,1,61,46,120,97,0.0,0.0,0.0,0,0,0,0,0,0,1,1,0,0,0,1,0,1,-1,-1,-1,-1,-1,-1,-1,-1,-1,55,65,40,65,Farense,UD Oliveirense,2.08,0.92,1.9,0.8,1.9,1.25,45,35,1.75,1.33,3.08,24,True,True,True,True,False,False,True,LigaPro_Portugal_2a_división,,,,,2020-02-16 17:15:00
2019-2020,22,1,1,2,5,6,11,2,4,0,0,4,4,4,3,8,7,17,13,51,49,"Estádio Dr. Jorge Sampaio (Pedroso, Vila Nova de Gaia)",,2,4,2.5,3.15,2.75,1.29,1.95,3.35,1.69,2.05,1.4,1.73,2.7,1.95,1.4,3.0,2.75,1.36,2,1,1,0,0,0,2,1582390800,-1,0,60,0,557,1,1,4,2,1,4,6,5,1,4,1,0,5,1,1,64,67,109,108,1.26,1.22,2.47,0,0,0,0,0,0,1,1,0,0,0,0,0,0,-1,-1,-1,-1,-1,-1,-1,-1,-1,45,80,35,60,Porto II,GD Estoril Praia,1.25,1.17,1.4,1.2,1.33,1.62,55,20,1.9,1.51,3.41,24,True,True,False,False,False,False,True,LigaPro_Portugal_2a_división,,,,,2020-02-22 17:00:00
2019-2020,22,1,1,2,6,5,11,3,2,1,0,4,3,1,4,5,7,21,16,43,57,Estádio Municipal do Fontelo (Viseu),,4,2,2.05,3.2,3.55,1.32,2.0,3.55,1.8,1.95,1.33,1.6,2.9,2.15,1.44,3.25,2.62,1.33,2,1,0,0,1,1,1,1582456500,-1,0,28,0,1046,1,1,3,3,3,2,6,5,0,0,4,2,0,6,1,62,67,105,119,1.06,1.15,2.2,0,1,0,1,0,0,1,1,0,0,0,0,0,0,-1,-1,-1,-1,-1,-1,-1,-1,-1,33,57,33,61,Academico Viseu,Benfica II,1.33,0.54,1.2,0.55,1.43,1.29,68,44,1.44,1.38,2.82,24,True,True,False,False,False,False,True,LigaPro_Portugal_2a_división,,,,,2020-02-23 11:15:00
2019-2020,22,0,0,0,11,3,14,2,2,0,1,7,4,6,5,13,9,11,14,56,44,Estádio do Mar (Matosinhos),,2,3,2.0,3.0,4.15,1.57,2.8,5.65,2.35,1.54,1.44,1.85,2.5,1.95,1.62,4.0,2.2,1.22,0,0,0,0,0,0,0,1582369200,-1,0,43,0,1039,1,1,5,1,6,2,6,8,0,0,2,3,0,5,1,82,64,117,123,1.91,1.32,3.23,0,0,0,0,0,0,1,1,0,0,0,0,0,0,-1,-1,-1,-1,-1,-1,-1,-1,-1,34,53,30,63,Leixões,Sporting Covilhã,1.38,1.25,1.45,1.4,1.33,1.48,66,48,1.97,1.28,3.25,24,False,False,False,False,False,False,False,LigaPro_Portugal_2a_división,,,,,2020-02-22 11:00:00
2019-2020,22,1,0,1,3,3,6,5,2,0,0,-1,-1,-1,-1,-1,-1,-1,-1,-1,-1,Estádio Municipal de Mafra (Mafra),,5,2,1.91,3.25,4.2,1.44,2.35,4.55,2.1,1.67,1.4,1.7,2.7,2.0,1.53,3.5,2.38,1.29,1,1,0,0,0,0,1,1582470000,4825,0,70,0,543,1,1,0,1,3,2,1,5,1,1,4,1,2,5,1,58,81,119,120,0.0,0.0,0.0,1,0,1,0,0,0,1,1,0,0,0,0,0,0,-1,-1,-1,-1,-1,-1,-1,-1,-1,45,70,35,75,CD Mafra,FC Penafiel,1.92,0.75,2.0,0.9,1.71,1.29,55,30,1.51,1.08,2.59,24,True,False,False,False,False,False,False,LigaPro_Portugal_2a_división,,,,,2020-02-23 15:00:00
2019-2020,22,0,3,3,6,4,10,3,1,0,0,3,8,6,2,9,10,22,21,63,37,Estádio Municipal de Rio Maior (Rio Maior),,3,1,3.35,3.35,2.1,1.34,2.05,3.75,1.87,1.87,1.5,1.85,2.38,1.95,1.44,3.25,2.62,1.33,3,0,1,0,2,2,1,1582315200,4866,0,55,0,524,1,1,3,2,3,2,5,5,2,0,1,1,2,2,1,86,64,129,98,1.41,1.66,3.07,0,0,0,0,0,0,1,1,0,0,1,1,0,0,-1,-1,-1,-1,-1,-1,-1,-1,-1,50,80,45,80,Vilafranquense,Farense,1.5,1.92,1.5,1.9,1.0,1.95,50,20,1.42,1.46,2.88,24,True,True,True,False,False,False,False,LigaPro_Portugal_2a_división,,,,,2020-02-21 20:00:00
2019-2020,22,1,2,3,8,1,9,4,2,0,0,4,6,6,3,10,9,16,11,49,51,Estádio Municipal Eng. Manuel Branco Teixeira (Chaves),,4,2,2.2,3.05,3.4,1.47,2.4,4.7,2.05,1.71,1.29,1.57,3.2,2.2,1.53,3.75,2.38,1.25,3,0,0,1,2,3,0,1582391700,166,0,55,0,1368,1,1,3,0,5,1,3,6,0,1,4,1,1,5,1,101,51,117,100,1.64,1.37,3.01,0,0,0,0,0,0,1,1,0,0,1,0,0,0,-1,-1,-1,-1,-1,-1,-1,-1,-1,40,80,15,65,GD Chaves,CD Feirense,1.42,1.67,1.6,1.4,1.33,1.57,60,20,1.89,1.35,3.24,24,True,True,True,False,False,False,True,LigaPro_Portugal_2a_división,,,,,2020-02-22 17:15:00
2019-2020,22,1,0,1,8,6,14,0,2,0,0,5,3,5,4,10,7,18,17,50,50,Estádio da Madeira (Funchal (Ilha da Madeira)),,0,2,1.74,3.45,4.85,1.43,2.35,4.45,2.15,1.62,1.33,1.6,2.9,2.15,1.5,3.4,2.5,1.3,1,0,0,1,0,1,0,1582473600,163,0,50,0,1825,1,1,3,6,5,0,9,5,0,0,0,2,0,2,1,90,53,116,95,1.63,1.04,2.68,0,0,0,0,0,0,1,1,0,0,0,3,0,0,-1,-1,-1,-1,-1,-1,-1,-1,-1,45,55,30,60,CD Nacional,Associação Académica de Coimbra OAF,2.5,1.0,2.4,1.2,2.05,1.52,55,45,1.67,1.58,3.25,24,True,False,False,False,False,False,False,LigaPro_Portugal_2a_división,,,,,2020-02-23 16:00:00
2019-2020,22,2,1,3,7,5,12,1,3,0,0,9,4,5,2,14,6,9,15,60,40,Estádio Carlos Osório (Oliveira de Azeméis),,1,3,1.44,4.3,6.4,1.23,1.77,2.9,1.87,1.83,1.3,1.57,3.1,2.2,1.33,2.5,3.25,1.5,3,0,0,2,1,3,0,1582383600,1038,0,40,0,774,1,1,2,4,5,1,6,6,0,1,1,2,1,3,1,95,50,132,81,2.2,1.03,3.23,0,0,0,0,0,0,1,1,0,0,1,1,0,1,-1,-1,-1,-1,-1,-1,-1,-1,-1,40,75,30,60,UD Oliveirense,Casa Pia,1.75,0.5,1.7,0.6,1.19,0.48,60,25,1.85,1.14,2.99,24,True,True,True,False,False,False,True,LigaPro_Portugal_2a_división,,,,,2020-02-22 15:00:00
2019-2020,22,1,2,3,7,4,11,1,1,0,1,-1,-1,-1,-1,-1,-1,-1,-1,-1,-1,Estádio Municipal José Martins Vieira (Almada),,1,2,2.95,3.0,2.5,1.45,2.4,4.6,2.0,1.71,1.44,1.85,2.5,1.95,1.5,3.5,2.5,1.29,3,0,1,1,1,2,1,1582470000,1034,0,55,0,604,1,1,2,2,5,2,4,7,0,0,1,2,0,3,1,88,47,139,112,0.0,0.0,0.0,0,0,0,0,0,0,1,1,0,0,0,0,0,0,-1,-1,-1,-1,-1,-1,-1,-1,-1,45,85,35,75,Cova Piedade,Varzim,1.25,1.25,1.2,1.1,0.62,1.43,55,15,1.36,1.28,2.64,24,True,True,True,False,False,False,True,LigaPro_Portugal_2a_división,,,,,2020-02-23 15:00:00
2019-2020,23,0,2,2,3,4,7,3,1,0,0,5,3,2,3,7,6,-1,-1,50,50,Estádio Municipal José Santos Pinto (Covilhã),,3,1,3.0,2.95,2.5,1.5,2.5,4.95,2.1,1.67,0.0,1.64,0.0,2.26,1.57,3.54,2.38,1.29,2,0,0,0,2,2,0,1583071200,165,0,36,0,-1,1,1,3,1,0,3,4,3,2,0,1,1,2,2,1,71,53,127,113,1.32,0.99,2.31,0,0,0,0,0,0,1,1,0,0,0,0,0,0,-1,-1,-1,-1,-1,-1,-1,-1,-1,36,50,18,41,Sporting Covilhã,GD Chaves,1.42,1.25,1.55,1.09,1.45,1.27,64,50,1.38,1.62,3.0,24,True,True,False,False,False,False,False,LigaPro_Portugal_2a_división,,,,,2020-03-01 14:00:00
2019-2020,23,1,1,2,3,5,8,4,2,0,0,4,2,6,6,10,8,24,10,48,52,Estádio Municipal 25 de Abril (Penafiel),,4,2,3.45,3.2,2.1,1.48,2.45,4.8,2.15,1.65,1.33,1.6,2.9,2.15,1.53,3.75,2.38,1.25,2,0,0,1,1,2,0,1582988400,-1,0,50,0,533,1,1,2,3,1,2,5,3,0,0,4,2,0,6,1,75,56,106,106,1.46,1.06,2.52,1,0,1,0,0,0,1,1,0,0,1,2,0,0,-1,-1,-1,-1,-1,-1,-1,-1,-1,36,69,32,64,FC Penafiel,CD Nacional,1.58,1.67,1.64,1.73,1.23,2.09,64,32,1.53,1.58,3.11,24,True,True,False,False,False,False,True,LigaPro_Portugal_2a_división,,,,,2020-02-29 15:00:00
2019-2020,23,1,1,2,6,2,8,2,2,0,0,4,2,10,4,14,6,13,17,58,42,Estádio Pina Manique (Lisboa),,2,2,2.8,3.0,2.55,1.35,2.1,3.8,1.83,1.91,1.4,1.73,2.7,1.95,1.44,3.25,2.62,1.33,2,0,1,1,0,1,1,1583074800,-1,0,55,0,-1,1,1,3,1,3,1,4,4,1,1,1,1,2,2,1,77,77,121,106,1.72,1.08,2.81,0,0,0,0,0,0,1,1,0,0,0,0,1,0,-1,-1,-1,-1,-1,-1,-1,-1,-1,64,78,41,73,Casa Pia,Cova Piedade,0.42,0.17,0.36,0.09,0.45,0.59,36,23,1.44,1.09,2.53,24,True,True,False,False,False,False,True,LigaPro_Portugal_2a_división,,,,,2020-03-01 15:00:00
2019-2020,23,2,1,3,4,6,10,1,1,0,0,5,5,7,6,12,11,12,12,42,58,Estádio Varzim Sport Club (Póvoa de Varzim),,1,1,2.4,3.0,3.05,1.42,2.25,4.3,1.95,1.77,0.0,1.72,0.0,2.0,1.5,3.5,2.5,1.28,3,1,0,1,1,2,1,1583061300,1034,0,55,0,-1,1,1,3,1,1,5,4,6,0,0,1,1,0,2,1,69,74,100,134,1.61,1.59,3.2,0,0,0,0,0,0,1,1,0,0,1,0,0,0,-1,-1,-1,-1,-1,-1,-1,-1,-1,55,69,23,64,Varzim,CD Mafra,1.83,1.33,1.73,1.45,1.5,1.77,45,32,1.58,1.65,3.23,24,True,True,True,False,False,False,True,LigaPro_Portugal_2a_división,,,,,2020-03-01 11:15:00
2019-2020,23,1,0,1,4,11,15,2,2,0,0,4,3,8,14,12,17,20,18,41,59,Estádio Marcolino de Castro (Santa Maria da Feira),,2,2,2.0,3.15,3.95,1.44,2.35,4.55,2.05,1.71,1.4,1.72,2.7,2.0,1.5,3.5,2.5,1.29,1,0,0,1,0,1,0,1582996500,166,0,55,0,-1,1,1,2,5,2,6,7,8,0,0,2,2,0,4,1,63,91,71,59,1.49,1.92,3.41,1,0,1,0,0,0,1,1,0,0,0,0,0,0,-1,-1,-1,-1,-1,-1,-1,-1,-1,36,60,23,55,CD Feirense,Associação Académica de Coimbra OAF,1.83,1.0,1.73,1.09,1.64,1.45,64,41,1.77,1.53,3.3,24,True,False,False,False,False,False,False,LigaPro_Portugal_2a_división,,,,,2020-02-29 17:15:00
2019-2020,23,2,0,2,4,5,9,2,2,0,0,4,2,8,7,12,9,9,16,58,42,Estádio António Coimbra da Mota (Estoril),,2,2,1.45,3.95,7.25,1.36,2.1,3.9,2.3,1.57,1.5,1.83,2.38,1.83,1.44,3.25,2.62,1.33,2,1,0,1,0,1,1,1583074800,164,0,55,0,864,1,1,4,4,0,1,8,1,0,2,2,0,2,2,1,77,101,112,117,1.6,1.44,3.04,1,0,1,0,0,0,1,1,0,0,1,0,0,0,-1,-1,-1,-1,-1,-1,-1,-1,-1,55,82,41,87,GD Estoril Praia,Vilafranquense,2.08,0.5,2.0,0.55,1.59,0.95,46,18,1.7,1.4,3.1,24,True,True,False,False,False,False,False,LigaPro_Portugal_2a_división,,,,,2020-03-01 15:00:00
2019-2020,23,0,1,1,0,1,1,2,2,0,0,2,5,5,3,7,8,22,11,55,45,Caixa Futebol Campus (Seixal),,2,2,2.75,3.35,2.4,1.37,2.15,3.95,1.87,1.83,0.0,0.0,0.0,0.0,1.4,3.0,2.75,1.36,1,0,1,0,0,0,1,1582905600,1030,0,50,0,429,1,1,0,1,0,0,1,0,0,0,2,2,0,4,1,48,51,122,112,0.95,1.24,2.18,0,1,0,1,0,0,1,1,0,0,0,0,0,0,-1,-1,-1,-1,-1,-1,-1,-1,-1,50,65,30,60,Benfica II,Leixões,1.91,1.36,2.1,1.2,1.27,1.32,50,35,1.75,1.28,3.03,24,True,False,False,False,False,False,False,LigaPro_Portugal_2a_división,,,,,2020-02-28 16:00:00
2019-2020,23,1,2,3,3,2,5,1,3,0,0,8,4,9,7,17,11,17,21,44,56,"Estádio Dr. Jorge Sampaio (Pedroso, Vila Nova de Gaia)",,1,3,1.87,3.55,3.9,1.24,1.77,2.9,1.67,2.1,1.44,1.73,2.5,1.95,1.36,2.62,3.0,1.44,3,1,1,0,1,1,2,1583074800,1038,0,73,0,387,1,1,1,1,2,1,2,3,0,1,1,2,1,3,1,70,67,109,117,2.14,1.47,3.6,0,0,0,0,0,0,1,1,0,0,1,0,0,0,-1,-1,-1,-1,-1,-1,-1,-1,-1,55,82,55,69,Porto II,UD Oliveirense,1.25,0.92,1.36,0.73,1.32,1.27,46,18,1.84,1.33,3.17,24,True,True,True,False,False,False,True,LigaPro_Portugal_2a_división,,,,,2020-03-01 15:00:00
2019-2020,23,3,1,4,5,3,8,1,5,0,1,5,8,5,4,10,12,-1,-1,50,50,Estádio de São Lúis (Faro),,1,6,1.57,3.9,5.6,1.43,2.35,4.45,2.3,1.56,1.4,1.72,2.7,2.0,1.5,3.4,2.5,1.3,4,0,0,3,1,4,0,1582974000,4866,0,36,0,3524,1,1,3,0,2,3,3,5,1,2,0,4,3,4,1,56,42,119,118,1.4,1.63,3.03,2,0,2,0,0,0,1,1,0,0,1,0,0,1,-1,-1,-1,-1,-1,-1,-1,-1,-1,41,64,27,69,Farense,Academico Viseu,2.08,1.5,2.0,1.64,2.0,1.41,59,36,1.75,1.53,3.28,24,True,True,True,True,False,False,True,LigaPro_Portugal_2a_división,,,,,2020-02-29 11:00:00
2019-2020,24,0,1,1,8,15,23,0,2,0,0,5,7,2,7,7,14,12,20,57,43,Estádio Dr. Mário da Silveira (Mafra),,0,2,2.7,2.75,2.9,1.47,2.4,4.7,2.0,1.74,0.0,1.58,0.0,2.39,1.5,3.5,2.5,1.29,1,0,0,0,1,1,0,1583593200,166,0,69,0,577,1,1,8,7,0,8,15,8,0,0,0,2,0,2,1,79,109,111,83,1.37,2.15,3.52,0,0,0,0,0,0,1,1,0,0,0,1,0,0,-1,-1,-1,-1,-1,-1,-1,-1,-1,36,73,23,73,CD Mafra,CD Feirense,1.92,1.67,2.09,1.55,1.7,1.7,64,27,1.51,1.36,2.87,24,True,False,False,False,False,False,False,LigaPro_Portugal_2a_división,,,,,2020-03-07 15:00:00
2019-2020,24,1,1,2,3,6,9,5,2,0,0,6,2,7,4,13,6,22,23,60,40,Estádio Carlos Osório (Oliveira de Azeméis),,5,2,2.4,3.1,3.0,1.35,2.1,3.8,1.83,1.91,0.0,1.7,0.0,2.15,1.44,3.25,2.62,1.33,2,0,0,1,1,2,0,1583593200,-1,0,36,0,842,1,1,1,1,2,5,2,7,3,1,2,1,4,3,1,63,67,84,71,1.69,1.0,2.69,0,1,0,1,0,0,1,1,0,0,0,1,0,0,-1,-1,-1,-1,-1,-1,-1,-1,-1,41,78,18,50,UD Oliveirense,GD Estoril Praia,1.75,1.17,1.82,1.18,1.35,1.65,60,23,1.88,1.48,3.36,24,True,True,False,False,False,False,True,LigaPro_Portugal_2a_división,,,,,2020-03-07 15:00:00
2019-2020,24,2,1,3,9,2,11,3,2,0,0,5,4,12,4,17,8,-1,-1,50,50,Estádio Municipal José Martins Vieira (Almada),,3,2,2.65,2.8,2.95,1.54,2.65,5.4,2.15,1.65,1.63,1.98,2.28,1.83,1.57,4.0,2.25,1.22,3,0,1,2,0,2,1,1583679600,1036,0,45,0,614,1,1,6,2,3,0,8,3,1,0,2,2,1,4,1,79,43,130,94,2.0,1.11,3.1,0,0,0,0,0,0,1,1,0,0,0,1,0,0,-1,-1,-1,-1,-1,-1,-1,-1,-1,41,69,36,64,Cova Piedade,Sporting Covilhã,1.25,1.25,1.09,1.36,0.61,1.39,60,32,1.36,1.29,2.65,24,True,True,True,False,False,False,True,LigaPro_Portugal_2a_división,,,,,2020-03-08 15:00:00
2019-2020,24,3,2,5,3,7,10,4,3,0,1,7,4,1,8,8,12,24,11,35,65,Estádio Municipal de Rio Maior (Rio Maior),,4,5,2.55,3.25,2.65,1.29,1.95,3.35,1.71,2.0,1.5,1.88,2.47,1.93,1.4,2.75,2.75,1.4,5,1,1,2,1,3,2,1583578800,4884,0,60,0,323,1,1,1,1,2,6,2,8,2,1,2,3,3,5,1,57,91,112,136,1.42,1.7,3.12,0,0,0,0,0,0,1,1,0,0,0,0,0,0,-1,-1,-1,-1,-1,-1,-1,-1,-1,60,87,41,87,Vilafranquense,Porto II,1.5,1.17,1.36,1.27,0.91,1.26,41,14,1.42,1.69,3.11,24,True,True,True,True,True,False,True,LigaPro_Portugal_2a_división,,,,,2020-03-07 11:00:00
2019-2020,24,1,1,2,9,7,16,2,3,0,0,7,4,9,5,16,9,17,15,57,43,Estádio Municipal Eng. Manuel Branco Teixeira (Chaves),,2,3,1.95,3.2,4.05,1.42,2.3,4.35,2.0,1.74,0.0,1.56,0.0,2.43,1.5,3.4,2.5,1.3,2,0,0,1,1,2,0,1583687700,-1,0,64,0,1386,1,1,4,3,5,4,7,9,1,2,1,1,3,2,1,73,65,102,80,2.02,1.32,3.34,0,0,0,0,0,0,1,1,0,0,1,1,0,0,-1,-1,-1,-1,-1,-1,-1,-1,-1,60,91,27,78,GD Chaves,Varzim,1.42,1.25,1.45,1.27,1.35,1.57,41,9,1.87,1.28,3.15,24,True,True,False,False,False,False,True,LigaPro_Portugal_2a_división,,,,,2020-03-08 17:15:00
2019-2020,24,3,1,4,4,4,8,4,3,1,0,6,8,3,3,9,11,25,22,50,50,Estádio da Madeira (Funchal (Ilha da Madeira)),,5,3,1.53,4.05,5.85,1.28,1.87,3.2,1.91,1.8,0.0,1.56,0.0,2.43,1.36,2.62,3.0,1.44,4,1,0,2,1,3,1,1583666100,163,0,39,0,1864,1,1,1,2,3,2,3,5,1,2,4,1,3,5,1,50,61,88,95,1.35,1.7,3.05,0,0,0,0,0,0,1,1,0,0,0,1,0,1,-1,-1,-1,-1,-1,-1,-1,-1,-1,39,60,43,78,CD Nacional,Benfica II,2.5,0.54,2.45,0.58,2.04,1.22,61,40,1.67,1.36,3.03,24,True,True,True,True,False,False,True,LigaPro_Portugal_2a_división,,,,,2020-03-08 11:15:00
2019-2020,24,3,0,3,7,4,11,2,4,0,0,11,2,6,6,17,8,12,20,63,37,Estádio EFAPEL (Coimbra),,2,4,1.95,3.0,4.3,1.51,2.6,5.15,2.2,1.62,1.48,1.87,2.51,1.93,1.57,3.75,2.25,1.25,3,1,0,2,0,2,1,1583438400,179,0,60,0,1727,1,1,4,1,3,3,5,6,2,2,0,2,4,2,1,70,55,94,91,2.34,1.05,3.39,0,0,0,0,0,0,1,1,0,0,1,1,0,0,-1,-1,-1,-1,-1,-1,-1,-1,-1,55,69,36,73,Associação Académica de Coimbra OAF,FC Penafiel,1.92,0.75,1.82,0.82,1.39,1.22,46,32,1.88,1.08,2.96,24,True,True,True,False,False,False,False,LigaPro_Portugal_2a_división,,,,,2020-03-05 20:00:00
2019-2020,24,1,1,2,4,2,6,4,4,0,0,3,7,8,3,11,10,19,23,48,52,Estádio do Mar (Matosinhos),,4,4,2.5,2.9,3.05,1.49,2.5,4.85,2.05,1.69,1.36,1.66,2.8,2.1,1.53,3.5,2.37,1.28,2,0,0,1,1,2,0,1583783100,-1,0,35,0,4000,1,1,4,2,0,0,6,0,0,2,4,2,2,6,1,71,73,99,120,1.42,1.66,3.08,0,0,0,0,0,0,1,1,0,0,0,1,0,0,-1,-1,-1,-1,-1,-1,-1,-1,-1,31,58,22,62,Leixões,Farense,1.38,1.92,1.42,2.0,1.39,2.04,69,43,1.97,1.47,3.44,24,True,True,False,False,False,False,True,LigaPro_Portugal_2a_división,,,,,2020-03-09 19:45:00
2019-2020,24,1,0,1,6,8,14,0,1,0,0,7,3,3,9,10,12,12,12,50,50,Estádio Municipal do Fontelo (Viseu),,0,1,1.56,3.75,6.0,1.33,2.0,3.6,2.0,1.74,0.0,1.73,0.0,2.1,1.44,3.0,2.62,1.36,1,0,0,1,0,1,0,1583679600,1032,0,41,0,367,1,1,2,4,4,4,6,8,0,0,0,1,0,1,1,65,67,94,93,1.59,1.45,3.04,1,0,1,0,0,0,1,1,0,0,2,0,0,0,-1,-1,-1,-1,-1,-1,-1,-1,-1,32,59,27,50,Academico Viseu,Casa Pia,1.33,0.5,1.18,0.55,1.35,0.48,69,41,1.41,1.13,2.54,24,True,False,False,False,False,False,False,LigaPro_Portugal_2a_división,,,,,2020-03-08 15:00:00
2019-2020,5,0,0,0,5,4,9,1,4,0,0,5,3,5,5,10,8,19,12,58,42,Caixa Futebol Campus (Seixal),,1,4,2.03,3.4,3.4,1.22,1.8,2.75,1.67,2.1,1.33,1.65,2.9,2.25,1.33,2.62,3.25,1.44,0,0,0,0,0,0,0,1568397600,-1,0,50,0,577,1,1,4,3,1,1,7,2,0,1,1,3,1,4,1,98,70,113,98,1.69,1.23,2.92,0,0,0,0,0,0,1,1,0,0,0,2,0,0,-1,-1,-1,-1,-1,-1,-1,-1,-1,50,75,25,50,Benfica II,Academico Viseu,1.91,1.5,3.0,2.0,1.5,1.25,50,25,1.83,1.21,3.04,24,False,False,False,False,False,False,False,LigaPro_Portugal_2a_división,,,,,2019-09-13 18:00:00
2019-2020,5,2,1,3,2,3,5,1,1,0,0,5,4,6,8,11,12,22,7,45,55,Estádio António Coimbra da Mota (Estoril),,1,1,1.73,3.58,4.5,1.29,1.95,3.25,1.8,1.91,0.0,1.73,0.0,2.12,1.4,2.75,2.75,1.4,3,1,0,1,1,2,1,1568455200,164,0,75,0,574,1,1,1,1,1,2,2,3,0,0,1,1,0,2,1,73,79,94,110,1.57,1.61,3.18,0,0,0,0,0,0,1,1,0,0,0,0,0,0,-1,-1,-1,-1,-1,-1,-1,-1,-1,75,100,25,75,GD Estoril Praia,Porto II,2.08,1.17,1.5,1.5,1.5,1.25,25,0,1.44,1.73,3.17,24,True,True,True,False,False,False,True,LigaPro_Portugal_2a_división,,,,,2019-09-14 10:00:00
2019-2020,5,2,1,3,16,2,18,2,2,0,0,7,3,10,4,17,7,18,15,56,44,Estádio Varzim Sport Club (Póvoa de Varzim),,2,2,2.36,2.96,3.13,1.5,2.4,5.0,2.1,1.66,0.0,1.74,0.0,2.09,1.53,3.2,2.4,1.32,3,1,1,1,0,1,2,1568473200,1034,0,25,0,1263,1,1,11,1,5,1,12,6,0,0,2,2,0,4,1,109,42,107,81,2.34,0.96,3.3,0,0,0,0,0,0,1,1,0,0,1,0,0,0,-1,-1,-1,-1,-1,-1,-1,-1,-1,50,50,50,50,Varzim,Cova Piedade,1.83,0.17,0.5,0.0,0.5,1.5,50,50,1.24,0.91,2.15,24,True,True,True,False,False,False,True,LigaPro_Portugal_2a_división,,,,,2019-09-14 15:00:00
2019-2020,5,1,0,1,5,13,18,3,1,0,0,6,5,6,12,12,17,30,19,33,67,Estádio Marcolino de Castro (Santa Maria da Feira),,3,1,2.23,3.28,3.07,1.28,1.95,3.25,1.72,2.0,0.0,1.65,0.0,2.2,1.4,2.75,2.75,1.4,1,1,0,0,0,0,1,1568481300,166,0,25,0,1766,1,1,2,3,3,10,5,13,0,0,3,1,0,4,1,41,89,60,97,1.47,2.06,3.53,0,0,0,0,0,0,1,1,0,0,0,0,0,0,-1,-1,-1,-1,-1,-1,-1,-1,-1,50,75,25,50,CD Feirense,GD Chaves,1.83,1.25,2.0,1.5,1.25,2.25,50,25,1.67,1.35,3.02,24,True,False,False,False,False,False,False,LigaPro_Portugal_2a_división,,,,,2019-09-14 17:15:00
2019-2020,5,3,0,3,5,4,9,1,1,0,0,9,3,3,2,12,5,14,15,49,51,Estádio de São Lúis (Faro),,1,1,1.59,3.62,5.7,1.4,2.15,4.0,2.2,1.61,1.51,1.93,2.46,1.88,1.5,3.4,2.5,1.3,3,3,0,0,0,0,3,1568481300,4866,0,50,0,1297,1,1,5,1,0,3,6,3,0,1,1,0,1,1,1,60,51,120,116,1.83,0.91,2.74,0,0,0,0,0,0,1,1,1,0,1,1,0,0,-1,-1,-1,-1,-1,-1,-1,-1,-1,50,75,25,100,Farense,Vilafranquense,2.08,0.5,1.5,0.0,2.25,0.75,50,25,1.97,1.35,3.32,24,True,True,True,False,False,False,False,LigaPro_Portugal_2a_división,,,,,2019-09-14 17:15:00
