season,game_week,homeGoalCount,awayGoalCount,totalGoalCount,team_a_corners,team_b_corners,totalCornerCount,team_a_yellow_cards,team_b_yellow_cards,team_a_red_cards,team_b_red_cards,team_a_shotsOnTarget,team_b_shotsOnTarget,team_a_shotsOffTarget,team_b_shotsOffTarget,team_a_shots,team_b_shots,team_a_fouls,team_b_fouls,team_a_possession,team_b_possession,stadium_name,stadium_location,team_a_cards_num,team_b_cards_num,avg_odds_ft_1,avg_odds_ft_x,avg_odds_ft_2,avg_odds_ft_over15,avg_odds_ft_over25,avg_odds_ft_over35,avg_odds_btts_yes,avg_odds_btts_no,avg_odds_corners_over_85,avg_odds_corners_over_95,avg_odds_corners_under_85,avg_odds_corners_under_95,avg_odds_1st_half_over05,avg_odds_1st_half_over15,avg_odds_1st_half_under05,avg_odds_1st_half_under15,overallGoalCount,ht_goals_team_a,ht_goals_team_b,goals_2hg_team_a,goals_2hg_team_b,GoalCount_2hg,HTGoalCount,date_unix,winningTeam,no_home_away,btts_potential,goalTimingDisabled,attendance,corner_timings_recorded,card_timings_recorded,team_a_fh_corners,team_b_fh_corners,team_a_2h_corners,team_b_2h_corners,corner_fh_count,corner_2h_count,team_a_fh_cards,team_b_fh_cards,team_a_2h_cards,team_b_2h_cards,total_fh_cards,total_2h_cards,attacks_recorded,team_a_dangerous_attacks,team_b_dangerous_attacks,team_a_attacks,team_b_attacks,team_a_xg,team_b_xg,total_xg,team_a_penalties_won,team_b_penalties_won,team_a_penalty_goals,team_b_penalty_goals,team_a_penalty_missed,team_b_penalty_missed,pens_recorded,goal_timings_recorded,team_a_0_10_min_goals,team_b_0_10_min_goals,team_a_corners_0_10_min,team_b_corners_0_10_min,team_a_cards_0_10_min,team_b_cards_0_10_min,throwins_recorded,team_a_throwins,team_b_throwins,freekicks_recorded,team_a_freekicks,team_b_freekicks,goalkicks_recorded,team_a_goalkicks,team_b_goalkicks,o25_potential,o15_potential,o15HT_potential,o05HT_potential,home_name,away_name,home_ppg,away_ppg,pre_match_home_ppg,pre_match_away_ppg,pre_match_teamA_overall_ppg,pre_match_teamB_overall_ppg,u25_potential,u15_potential,team_a_xg_prematch,team_b_xg_prematch,total_xg_prematch,matches_completed_minimum,over05,over15,over25,over35,over45,over55,btts,league,date
2016-2017,1,1,1,2,7,1,8,1,3,0,0,5,8,8,6,13,14,4,13,52,48,Estadio Municipal de Anduva (Miranda de Ebro),,1,3,2.82,3.16,2.82,0,0,0,0,0,0,0,0,0,0,0,0,0,2,0,0,1,1,2,0,1471629600,-1,0,0,0,-1,-1,1,-1,-1,-1,-1,-1,-1,0,1,1,2,1,3,-1,0,0,0,0,0,0,0,0,1,0,1,0,0,1,1,0,0,-1,-1,0,0,-1,-1,-1,-1,-1,-1,-1,-1,-1,0,0,0,0,Mirandés,Getafe CF,1.19,1.0,0.0,0.0,0.0,0.0,0,0,0,0,0,42,True,True,False,False,False,False,True,Spain_Segunda_División,2016-08-19 18:00:00
2016-2017,1,1,1,2,-1,-1,-1,1,2,0,0,-1,-1,-1,-1,-1,-1,-1,-1,-1,-1,Estadio de los Juegos Mediterráneos (Almería),,1,2,1.97,3.42,4.43,0,0,0,0,0,0,0,0,0,0,0,0,0,2,0,0,1,1,2,0,1471636800,-1,0,0,0,-1,-1,1,-1,-1,-1,-1,-1,-1,0,0,1,2,0,3,-1,0,0,0,0,0,0,0,0,0,0,0,0,0,1,1,0,0,-1,-1,0,0,-1,-1,-1,-1,-1,-1,-1,-1,-1,0,0,0,0,Almería,Cádiz,1.86,1.18,0.0,0.0,0.0,0.0,0,0,0,0,0,42,True,True,False,False,False,False,True,Spain_Segunda_División,2016-08-19 20:00:00
2016-2017,1,0,1,1,-1,-1,-1,3,4,1,1,-1,-1,-1,-1,-1,-1,-1,-1,-1,-1,Iberostar Estadi (Palma de Mallorca),,4,5,1.89,3.4,4.93,0,0,0,0,0,0,0,0,0,0,0,0,0,1,0,0,0,1,1,0,1471712400,307,0,0,0,-1,-1,1,-1,-1,-1,-1,-1,-1,2,3,2,2,5,4,-1,0,0,0,0,0,0,0,0,0,0,0,0,0,1,1,0,0,-1,-1,0,0,-1,-1,-1,-1,-1,-1,-1,-1,-1,0,0,0,0,RCD Mallorca,CF Reus Deportiu,1.52,1.19,0.0,0.0,0.0,0.0,0,0,0,0,0,42,True,False,False,False,False,False,False,Spain_Segunda_División,2016-08-20 17:00:00
2016-2017,1,2,1,3,3,4,7,4,1,0,0,3,3,1,5,4,8,13,12,47,53,Estadio Manuel Martínez Valero (Elche),,4,1,2.84,3.16,2.8,0,0,0,0,0,0,0,0,0,0,0,0,0,3,2,1,0,0,0,3,1471712400,295,0,0,0,-1,-1,1,-1,-1,-1,-1,-1,-1,2,1,2,0,3,2,-1,0,0,0,0,0,0,0,1,0,1,0,0,0,1,1,0,0,-1,-1,0,0,-1,-1,-1,-1,-1,-1,-1,-1,-1,0,0,0,0,Elche CF,Rayo Vallecano,1.19,0.76,0.0,0.0,0.0,0.0,0,0,0,0,0,42,True,True,True,False,False,False,True,Spain_Segunda_División,2016-08-20 17:00:00
2016-2017,1,0,0,0,-1,-1,-1,5,3,0,0,-1,-1,-1,-1,-1,-1,-1,-1,-1,-1,Estadio Santo Domingo (Alcorcón),,5,3,2.13,3.25,4.03,0,0,0,0,0,0,0,0,0,0,0,0,0,0,0,0,0,0,0,0,1471712400,-1,0,0,0,-1,-1,1,-1,-1,-1,-1,-1,-1,1,0,4,3,1,7,-1,0,0,0,0,0,0,0,0,0,0,0,0,0,1,1,0,0,-1,-1,0,0,-1,-1,-1,-1,-1,-1,-1,-1,-1,0,0,0,0,AD Alcorcón,SD Huesca,1.67,1.14,0.0,0.0,0.0,0.0,0,0,0,0,0,42,False,False,False,False,False,False,False,Spain_Segunda_División,2016-08-20 17:00:00
2016-2017,1,1,0,1,4,8,12,2,5,0,0,3,4,6,4,9,8,15,10,50,50,Estadio Nuevo Arcángel (Córdoba),,2,5,2.07,3.29,4.2,0,0,0,0,0,0,0,0,0,0,0,0,0,1,1,0,0,0,0,1,1471719600,294,0,0,0,-1,-1,1,-1,-1,-1,-1,-1,-1,0,0,2,5,0,7,-1,0,0,0,0,0,0,0,1,0,0,0,1,0,1,1,0,0,-1,-1,0,0,-1,-1,-1,-1,-1,-1,-1,-1,-1,0,0,0,0,Córdoba,CD Tenerife,1.71,1.17,0.0,0.0,0.0,0.0,0,0,0,0,0,42,True,False,False,False,False,False,False,Spain_Segunda_División,2016-08-20 19:00:00
2016-2017,1,2,2,4,-1,-1,-1,1,1,0,0,-1,-1,-1,-1,-1,-1,-1,-1,-1,-1,Nou Estadi de Tarragona (Tarragona),,1,1,2.02,3.31,4.38,0,0,0,0,0,0,0,0,0,0,0,0,0,4,0,2,2,0,2,2,1471798800,-1,0,0,0,-1,-1,1,-1,-1,-1,-1,-1,-1,1,0,0,1,1,1,-1,0,0,0,0,0,0,0,1,1,1,1,0,0,1,1,0,0,-1,-1,0,0,-1,-1,-1,-1,-1,-1,-1,-1,-1,0,0,0,0,Gimnàstic de Tarragona,CD Lugo,1.43,0.9,0.0,0.0,0.0,0.0,0,0,0,0,0,42,True,True,True,True,False,False,True,Spain_Segunda_División,2016-08-21 17:00:00
2016-2017,1,0,1,1,6,2,8,3,4,2,1,7,3,2,7,9,10,17,19,51,49,Nuevo Estadio Los Pajaritos (Soria),,7,5,2.61,3.17,3.06,0,0,0,0,0,0,0,0,0,0,0,0,0,1,0,0,0,1,1,0,1471798800,292,0,0,0,-1,-1,1,-1,-1,-1,-1,-1,-1,1,4,4,1,5,5,-1,0,0,0,0,0,0,0,0,0,0,0,0,0,1,1,0,0,-1,-1,0,0,-1,-1,-1,-1,-1,-1,-1,-1,-1,0,0,0,0,CD Numancia,Levante UD,1.48,1.43,0.0,0.0,0.0,0.0,0,0,0,0,0,42,True,False,False,False,False,False,False,Spain_Segunda_División,2016-08-21 17:00:00
2016-2017,1,3,3,6,-1,-1,-1,2,3,0,0,-1,-1,-1,-1,-1,-1,-1,-1,-1,-1,Estadio Viejo Nervión,"Carretera de Utrera, Sevilla",2,3,3.05,3.17,2.62,0,0,0,0,0,0,0,0,0,0,0,0,0,6,1,0,2,3,5,1,1471806000,-1,0,0,0,4088,-1,1,-1,-1,-1,-1,-1,-1,0,1,2,2,1,4,-1,0,0,0,0,0,0,0,0,0,0,0,0,0,1,1,0,0,-1,-1,0,0,-1,-1,-1,-1,-1,-1,-1,-1,-1,0,0,0,0,Sevilla II,Girona FC,1.71,1.33,0.0,0.0,0.0,0.0,0,0,0,0,0,42,True,True,True,True,True,True,True,Spain_Segunda_División,2016-08-21 19:00:00
2016-2017,1,1,0,1,2,3,5,3,3,0,0,2,7,2,3,4,10,16,17,48,52,Estadio Municipal José Zorrilla,"Avenida del Mundial 82, Valladolid",3,3,2.2,3.24,3.81,0,0,0,0,0,0,0,0,0,0,0,0,0,1,1,0,0,0,0,1,1471811400,297,0,0,0,7996,-1,1,-1,-1,-1,-1,-1,-1,0,0,3,3,0,6,-1,0,0,0,0,0,0,0,0,0,0,0,0,0,1,1,0,0,-1,-1,0,0,-1,-1,-1,-1,-1,-1,-1,-1,-1,0,0,0,0,Real Valladolid,Real Oviedo,1.95,0.81,0.0,0.0,0.0,0.0,0,0,0,0,0,42,True,False,False,False,False,False,False,Spain_Segunda_División,2016-08-21 20:30:00
2016-2017,1,3,1,4,-1,-1,-1,2,2,0,0,-1,-1,-1,-1,-1,-1,-1,-1,-1,-1,Estadio de la Romareda,"Calle de Eduardo Ibarra 6, Zaragoza",2,2,1.83,3.45,5.26,0,0,0,0,0,0,0,0,0,0,0,0,0,4,3,0,0,1,1,3,1471888800,299,0,0,0,14900,-1,1,-1,-1,-1,-1,-1,-1,0,1,2,1,1,3,-1,0,0,0,0,0,0,0,0,1,0,1,0,0,1,1,1,0,-1,-1,0,1,-1,-1,-1,-1,-1,-1,-1,-1,-1,0,0,0,0,Real Zaragoza,UCAM Murcia CF,1.43,1.0,0.0,0.0,0.0,0.0,0,0,0,0,0,42,True,True,True,True,False,False,True,Spain_Segunda_División,2016-08-22 18:00:00
2016-2017,2,0,0,0,-1,-1,-1,3,0,0,0,-1,-1,-1,-1,-1,-1,-1,-1,-1,-1,Coliseum Alfonso Pérez,"Avenida de Teresa de Calcuta, Getafe",3,0,1.88,3.35,5.14,0,0,0,0,0,0,0,0,0,0,0,0,0,0,0,0,0,0,0,0,1472234400,-1,0,0,0,4305,-1,1,-1,-1,-1,-1,-1,-1,1,0,2,0,1,2,-1,0,0,0,0,0,0,0,0,0,0,0,0,0,1,1,0,0,-1,-1,0,0,-1,-1,-1,-1,-1,-1,-1,-1,-1,0,0,0,0,Getafe CF,CD Numancia,2.26,0.9,0.0,0.0,1.0,0.0,0,0,0,0,0,42,False,False,False,False,False,False,False,Spain_Segunda_División,2016-08-26 18:00:00
2016-2017,2,1,1,2,-1,-1,-1,3,5,0,1,-1,-1,-1,-1,-1,-1,-1,-1,-1,-1,Estadio Heliodoro Rodríguez Lopéz,"Avenida de San Sebastián, Tenerife",3,7,2.04,3.3,4.3,0,0,0,0,0,0,0,0,0,0,0,0,0,2,0,1,1,0,1,1,1472241600,-1,0,0,0,7915,-1,1,-1,-1,-1,-1,-1,-1,1,1,2,5,2,7,-1,0,0,0,0,0,0,0,0,0,0,0,0,0,1,1,0,0,-1,-1,0,0,-1,-1,-1,-1,-1,-1,-1,-1,-1,0,0,0,0,CD Tenerife,Sevilla II,1.96,0.81,0.0,0.0,0.0,1.0,0,0,0,0,0,42,True,True,False,False,False,False,True,Spain_Segunda_División,2016-08-26 20:00:00
2016-2017,2,1,1,2,-1,-1,-1,3,3,0,0,-1,-1,-1,-1,-1,-1,-1,-1,-1,-1,Estadio Camp Nou Municipal,"Calle Recasens i Mercadé 8, Reus",3,3,2.62,3.0,3.22,0,0,0,0,0,0,0,0,0,0,0,0,0,2,1,1,0,0,0,2,1472317200,-1,0,0,0,3078,-1,1,-1,-1,-1,-1,-1,-1,0,2,3,1,2,4,-1,0,0,0,0,0,0,0,0,0,0,0,0,0,1,1,1,0,-1,-1,0,0,-1,-1,-1,-1,-1,-1,-1,-1,-1,0,0,0,0,CF Reus Deportiu,Mirandés,1.43,0.76,0.0,0.0,3.0,1.0,0,0,0,0,0,42,True,True,False,False,False,False,True,Spain_Segunda_División,2016-08-27 17:00:00
2016-2017,2,2,0,2,-1,-1,-1,3,4,0,1,-1,-1,-1,-1,-1,-1,-1,-1,-1,-1,Estadio Nuevo Carlos Tartiere,"Calle de Ricardo Vázquez Prada, Barrio de la Ería, Oviedo",3,5,2.3,3.21,3.58,0,0,0,0,0,0,0,0,0,0,0,0,0,2,0,0,2,0,2,0,1472317200,309,0,0,0,11916,-1,1,-1,-1,-1,-1,-1,-1,0,1,3,4,1,7,-1,0,0,0,0,0,0,0,0,0,0,0,0,0,1,1,0,0,-1,-1,0,0,-1,-1,-1,-1,-1,-1,-1,-1,-1,0,0,0,0,Real Oviedo,Almería,2.1,0.57,0.0,0.0,0.0,1.0,0,0,0,0,0,42,True,True,False,False,False,False,False,Spain_Segunda_División,2016-08-27 17:00:00
2016-2017,2,3,1,4,-1,-1,-1,2,2,0,0,-1,-1,-1,-1,-1,-1,-1,-1,-1,-1,Estadi Municipal de Montilivi,"Avenida Montlivi 141, Girona",2,2,1.89,3.37,5.0,0,0,0,0,0,0,0,0,0,0,0,0,0,4,2,0,1,1,2,2,1472317200,312,0,0,0,4203,-1,1,-1,-1,-1,-1,-1,-1,1,1,1,1,2,2,-1,0,0,0,0,0,0,0,0,0,0,0,0,0,1,1,0,0,-1,-1,0,0,-1,-1,-1,-1,-1,-1,-1,-1,-1,0,0,0,0,Girona FC,Elche CF,2.0,0.86,0.0,0.0,1.0,3.0,0,0,0,0,0,42,True,True,True,True,False,False,True,Spain_Segunda_División,2016-08-27 17:00:00
2016-2017,2,3,3,6,5,2,7,1,3,0,0,4,4,3,5,7,9,11,9,61,39,Estadio Anxo Carro,"Avenida de los deportes, Lugo",1,3,2.45,3.14,3.35,0,0,0,0,0,0,0,0,0,0,0,0,0,6,1,1,2,2,4,2,1472324400,-1,0,0,0,3920,-1,1,-1,-1,-1,-1,-1,-1,0,3,1,0,3,1,-1,0,0,0,0,0,0,0,0,0,0,0,0,0,1,1,0,0,-1,-1,0,0,-1,-1,-1,-1,-1,-1,-1,-1,-1,0,0,0,0,CD Lugo,Real Zaragoza,1.71,0.95,0.0,0.0,1.0,3.0,0,0,0,0,0,42,True,True,True,True,True,True,True,Spain_Segunda_División,2016-08-27 19:00:00
2016-2017,2,1,1,2,2,3,5,2,4,0,0,4,3,2,5,6,8,-1,-1,-1,-1,Estadio de La Condomina,"Ronda de Garay 14, Murcia",2,4,2.59,2.99,3.28,0,0,0,0,0,0,0,0,0,0,0,0,0,2,0,0,1,1,2,0,1472403600,-1,0,0,0,2813,-1,1,-1,-1,-1,-1,-1,-1,1,2,1,2,3,3,-1,0,0,0,0,0,0,0,0,0,0,0,0,0,1,1,0,0,-1,-1,0,0,-1,-1,-1,-1,-1,-1,-1,-1,-1,0,0,0,0,UCAM Murcia CF,Córdoba,1.29,0.9,0.0,0.0,0.0,3.0,0,0,0,0,0,42,True,True,False,False,False,False,True,Spain_Segunda_División,2016-08-28 17:00:00
2016-2017,2,1,1,2,5,6,11,3,3,0,0,5,3,5,4,10,7,-1,-1,-1,-1,Estadio El Alcoraz,"Camino del Alto Cocorón, Huesca",3,3,2.32,3.16,3.6,0,0,0,0,0,0,0,0,0,0,0,0,0,2,0,0,1,1,2,0,1472403600,-1,0,0,0,2766,-1,1,-1,-1,-1,-1,-1,-1,1,2,2,1,3,3,-1,0,0,0,0,0,0,0,0,0,0,0,0,0,1,1,0,0,-1,-1,0,0,-1,-1,-1,-1,-1,-1,-1,-1,-1,0,0,0,0,SD Huesca,Gimnàstic de Tarragona,1.77,1.05,0.0,0.0,1.0,1.0,0,0,0,0,0,42,True,True,False,False,False,False,True,Spain_Segunda_División,2016-08-28 17:00:00
2016-2017,2,2,0,2,8,2,10,1,4,0,0,5,2,8,3,13,5,20,20,59,41,Estadio Ciudad de Valencia,"Calle San Vicente de Paúl 44, Valencia",1,4,1.92,3.32,4.93,0,0,0,0,0,0,0,0,0,0,0,0,0,2,2,0,0,0,0,2,1472403600,292,0,0,0,10133,-1,1,-1,-1,-1,-1,-1,-1,1,2,0,2,3,2,-1,0,0,0,0,0,0,0,0,0,0,0,0,0,1,1,1,0,-1,-1,0,0,-1,-1,-1,-1,-1,-1,-1,-1,-1,0,0,0,0,Levante UD,AD Alcorcón,2.57,0.71,0.0,0.0,3.0,1.0,0,0,0,0,0,42,True,True,False,False,False,False,False,Spain_Segunda_División,2016-08-28 17:00:00
2016-2017,2,0,0,0,7,4,11,2,1,0,0,2,2,5,4,7,6,13,15,60,40,Estadio del Rayo Vallecano (de Vallecas Teresa Rivero) (Madrid),"Calle Payaso Fofó, Madrid",2,1,2.16,3.29,3.87,0,0,0,0,0,0,0,0,0,0,0,0,0,0,0,0,0,0,0,0,1472410800,-1,0,0,0,7933,-1,1,-1,-1,-1,-1,-1,-1,0,0,2,1,0,3,-1,0,0,0,0,0,0,0,0,0,0,0,0,0,1,1,0,0,-1,-1,0,0,-1,-1,-1,-1,-1,-1,-1,-1,-1,0,0,0,0,Rayo Vallecano,Real Valladolid,1.76,1.05,0.0,0.0,0.0,3.0,0,0,0,0,0,42,False,False,False,False,False,False,False,Spain_Segunda_División,2016-08-28 19:00:00
2016-2017,2,1,1,2,4,6,10,1,3,0,1,3,2,1,8,4,10,16,10,-1,-1,Estadio Ramón de Carranza,"Plaza de Madrid, Cádiz",1,4,2.53,2.99,3.38,0,0,0,0,0,0,0,0,0,0,0,0,0,2,1,0,0,1,1,1,1472416200,-1,0,0,0,16471,-1,1,-1,-1,-1,-1,-1,-1,1,0,0,4,1,4,-1,0,0,0,0,0,0,0,1,0,1,0,0,0,1,1,0,0,-1,-1,0,0,-1,-1,-1,-1,-1,-1,-1,-1,-1,0,0,0,0,Cádiz,RCD Mallorca,1.86,0.62,0.0,0.0,1.0,0.0,0,0,0,0,0,42,True,True,False,False,False,False,True,Spain_Segunda_División,2016-08-28 20:30:00
2016-2017,3,1,1,2,5,4,9,2,3,0,1,4,4,9,1,13,5,-1,-1,-1,-1,Estadio Viejo Nervión,"Carretera de Utrera, Sevilla",2,4,2.45,3.13,3.36,0,0,0,0,0,0,0,0,0,0,0,0,0,2,0,0,1,1,2,0,1472839200,-1,0,100,0,4669,-1,1,-1,-1,-1,-1,-1,-1,1,2,1,2,3,3,-1,0,0,0,0,0,0,0,0,0,0,0,0,0,1,1,0,0,-1,-1,0,0,-1,-1,-1,-1,-1,-1,-1,-1,-1,100,100,50,100,Sevilla II,UCAM Murcia CF,1.71,1.0,1.0,0.0,1.0,0.5,0,0,0,0,0,42,True,True,False,False,False,False,True,Spain_Segunda_División,2016-09-02 18:00:00
2016-2017,3,3,3,6,9,5,14,0,4,0,1,8,6,9,4,17,10,-1,-1,-1,-1,Estadio Nuevo Arcángel,"Avenida del Arcángel, Córdoba",0,5,2.05,3.33,4.21,0,0,0,0,0,0,0,0,0,0,0,0,0,6,1,1,2,2,4,2,1472842800,-1,0,50,0,14517,-1,1,-1,-1,-1,-1,-1,-1,0,0,0,5,0,5,-1,0,0,0,0,0,0,0,2,0,2,0,0,0,1,1,0,0,-1,-1,0,0,-1,-1,-1,-1,-1,-1,-1,-1,-1,50,50,50,100,Córdoba,CD Lugo,1.71,0.9,3.0,1.0,2.0,1.0,50,50,0,0,0,42,True,True,True,True,True,True,True,Spain_Segunda_División,2016-09-02 19:00:00
2016-2017,3,3,2,5,6,2,8,1,7,0,1,9,3,10,6,19,9,4,13,71,29,Estadio Municipal de Anduva,"Camino de Anduva, Miranda de Ebro",1,8,2.07,3.23,4.29,0,0,0,0,0,0,0,0,0,0,0,0,0,5,0,2,3,0,3,2,1472911200,300,0,100,0,3060,-1,1,-1,-1,-1,-1,-1,-1,1,5,0,3,6,3,-1,0,0,0,0,0,0,0,1,0,1,0,0,0,1,1,0,1,-1,-1,0,0,-1,-1,-1,-1,-1,-1,-1,-1,-1,0,100,0,0,Mirandés,Cádiz,1.19,1.18,1.0,1.0,1.0,1.0,100,0,0,0,0,42,True,True,True,True,True,False,True,Spain_Segunda_División,2016-09-03 14:00:00
2016-2017,3,1,1,2,6,2,8,2,1,0,0,7,2,8,4,15,6,-1,-1,-1,-1,Coliseum Alfonso Pérez,"Avenida de Teresa de Calcuta, Getafe",2,1,1.72,3.61,5.92,0,0,0,0,0,0,0,0,0,0,0,0,0,2,0,0,1,1,2,0,1472918400,-1,0,0,0,4529,-1,1,-1,-1,-1,-1,-1,-1,0,0,2,1,0,3,-1,0,0,0,0,0,0,0,0,1,0,1,0,0,1,1,0,0,-1,-1,0,0,-1,-1,-1,-1,-1,-1,-1,-1,-1,0,0,0,0,Getafe CF,CF Reus Deportiu,2.26,1.19,1.0,3.0,1.0,2.0,100,100,0,0,0,42,True,True,False,False,False,False,True,Spain_Segunda_División,2016-09-03 16:00:00
2016-2017,3,3,0,3,8,5,13,0,2,0,0,4,8,6,5,10,13,15,13,52,48,Estadio de los Juegos Mediterráneos,"Calle de Belladona, Almería",0,2,3.25,3.36,2.38,0,0,0,0,0,0,0,0,0,0,0,0,0,3,2,0,1,0,1,2,1472918400,296,0,100,0,7826,-1,1,-1,-1,-1,-1,-1,-1,0,2,0,0,2,0,-1,0,0,0,0,0,0,0,0,0,0,0,0,0,1,1,0,0,-1,-1,0,0,-1,-1,-1,-1,-1,-1,-1,-1,-1,50,100,50,50,Almería,Rayo Vallecano,1.86,0.76,1.0,0.0,0.5,0.5,50,0,0,0,0,42,True,True,True,False,False,False,False,Spain_Segunda_División,2016-09-03 16:00:00
2016-2017,3,2,1,3,5,6,11,1,4,0,0,7,5,4,8,11,13,-1,-1,-1,-1,Estadio Municipal José Zorrilla,"Avenida del Mundial 82, Valladolid",1,4,2.73,3.1,2.97,0,0,0,0,0,0,0,0,0,0,0,0,0,3,2,0,0,1,1,2,1472918400,297,0,50,0,7958,-1,1,-1,-1,-1,-1,-1,-1,1,2,0,2,3,2,-1,0,0,0,0,0,0,0,1,0,1,0,0,0,1,1,1,0,-1,-1,0,0,-1,-1,-1,-1,-1,-1,-1,-1,-1,50,50,0,100,Real Valladolid,Girona FC,1.95,1.33,3.0,1.0,2.0,2.0,50,50,0,0,0,42,True,True,True,False,False,False,True,Spain_Segunda_División,2016-09-03 16:00:00
2016-2017,3,3,1,4,2,10,12,1,2,0,0,7,9,4,1,11,10,16,11,44,56,Estadio Manuel Martínez Valero,"Avenida Manuel Martínez Valero 3, Elche",1,2,2.32,3.15,3.61,0,0,0,0,0,0,0,0,0,0,0,0,0,4,1,0,2,1,3,1,1472925600,295,0,50,0,7171,-1,1,-1,-1,-1,-1,-1,-1,1,1,0,1,2,1,-1,0,0,0,0,0,0,0,1,1,1,0,0,1,1,1,1,0,-1,-1,0,0,-1,-1,-1,-1,-1,-1,-1,-1,-1,50,50,50,100,Elche CF,CD Tenerife,1.19,1.17,3.0,0.0,1.5,0.5,50,50,0,0,0,42,True,True,True,True,False,False,True,Spain_Segunda_División,2016-09-03 18:00:00
2016-2017,3,1,1,2,6,1,7,2,4,0,0,3,4,11,2,14,6,-1,-1,-1,-1,Nuevo Estadio Los Pajaritos,"Avenida Mariano Vicen 16, Soria",2,4,2.3,3.19,3.61,0,0,0,0,0,0,0,0,0,0,0,0,0,2,1,1,0,0,0,2,1472997600,-1,0,0,0,2104,-1,1,-1,-1,-1,-1,-1,-1,0,1,2,3,1,5,-1,0,0,0,0,0,0,0,0,0,0,0,0,0,1,1,0,1,-1,-1,0,0,-1,-1,-1,-1,-1,-1,-1,-1,-1,0,50,50,50,CD Numancia,AD Alcorcón,1.48,0.71,0.0,0.0,0.5,0.5,100,50,0,0,0,42,True,True,False,False,False,False,True,Spain_Segunda_División,2016-09-04 14:00:00
2016-2017,3,1,1,2,2,5,7,4,3,0,0,3,2,3,9,6,11,-1,-1,-1,-1,Nou Estadi de Tarragona,"Camí del Llorito, Tarragona",4,3,2.56,3.16,3.14,0,0,0,0,0,0,0,0,0,0,0,0,0,2,0,0,1,1,2,0,1473004800,-1,0,50,0,4781,-1,1,-1,-1,-1,-1,-1,-1,2,0,2,3,2,5,-1,0,0,0,0,0,0,0,0,0,0,0,0,0,1,1,0,0,-1,-1,0,0,-1,-1,-1,-1,-1,-1,-1,-1,-1,50,50,50,50,Gimnàstic de Tarragona,Levante UD,1.43,1.43,1.0,3.0,1.0,3.0,50,50,0,0,0,42,True,True,False,False,False,False,True,Spain_Segunda_División,2016-09-04 16:00:00
2016-2017,3,0,0,0,14,0,14,2,3,0,0,7,0,12,0,19,0,14,16,58,42,Iberostar Estadi,"Camí dels Reis, Palma de Mallorca",2,3,2.27,3.12,3.78,0,0,0,0,0,0,0,0,0,0,0,0,0,0,0,0,0,0,0,0,1473012000,-1,0,0,0,9471,-1,1,-1,-1,-1,-1,-1,-1,0,1,2,2,1,4,-1,0,0,0,0,0,0,0,0,0,0,0,0,0,1,1,0,0,-1,-1,0,0,-1,-1,-1,-1,-1,-1,-1,-1,-1,0,0,0,50,RCD Mallorca,Real Oviedo,1.52,0.81,0.0,0.0,0.5,1.5,100,100,0,0,0,42,False,False,False,False,False,False,False,Spain_Segunda_División,2016-09-04 18:00:00
2016-2017,3,1,0,1,6,2,8,4,4,0,1,7,3,11,5,18,8,8,10,63,37,Estadio de la Romareda,"Calle de Eduardo Ibarra 6, Zaragoza",4,5,1.97,3.38,4.5,0,0,0,0,0,0,0,0,0,0,0,0,0,1,0,0,1,0,1,0,1473013800,299,0,50,0,21343,-1,1,-1,-1,-1,-1,-1,-1,0,3,4,2,3,6,-1,0,0,0,0,0,0,0,0,0,0,0,0,0,1,1,0,0,-1,-1,0,1,-1,-1,-1,-1,-1,-1,-1,-1,-1,50,50,50,50,Real Zaragoza,SD Huesca,1.43,1.14,3.0,1.0,2.0,1.0,50,50,0,0,0,42,True,False,False,False,False,False,False,Spain_Segunda_División,2016-09-04 18:30:00
2016-2017,4,1,0,1,5,4,9,2,1,0,0,7,2,11,9,18,11,-1,-1,-1,-1,Estadio Anxo Carro,"Avenida de los deportes, Lugo",2,1,2.09,3.37,4.0,0,0,0,0,0,0,0,0,0,0,0,0,0,1,0,0,1,0,1,0,1473516000,304,0,100,0,2552,-1,1,-1,-1,-1,-1,-1,-1,0,1,2,0,1,2,-1,0,0,0,0,0,0,0,1,0,1,0,0,0,1,1,0,0,-1,-1,0,0,-1,-1,-1,-1,-1,-1,-1,-1,-1,50,100,50,100,CD Lugo,Sevilla II,1.71,0.81,1.0,1.0,1.0,1.0,50,0,0,0,0,42,True,False,False,False,False,False,False,Spain_Segunda_División,2016-09-10 14:00:00
2016-2017,4,1,1,2,9,1,10,4,3,0,2,9,4,8,2,17,6,-1,-1,-1,-1,Estadio Camp Nou Municipal,"Calle Recasens i Mercadé 8, Reus",4,6,2.33,3.14,3.6,0,0,0,0,0,0,0,0,0,0,0,0,0,2,0,0,1,1,2,0,1473523200,-1,0,50,0,3151,-1,1,-1,-1,-1,-1,-1,-1,0,1,4,4,1,8,-1,0,0,0,0,0,0,0,0,0,0,0,0,0,1,1,0,0,-1,-1,0,0,-1,-1,-1,-1,-1,-1,-1,-1,-1,0,50,50,50,CF Reus Deportiu,CD Numancia,1.43,0.9,1.0,1.0,1.67,0.67,100,50,0,0,0,42,True,True,False,False,False,False,True,Spain_Segunda_División,2016-09-10 16:00:00
2016-2017,4,1,0,1,6,3,9,1,3,0,0,5,3,5,3,10,6,-1,-1,-1,-1,Estadio Heliodoro Rodríguez Lopéz,"Avenida de San Sebastián, Tenerife",1,3,2.6,3.23,3.02,0,0,0,0,0,0,0,0,0,0,0,0,0,1,1,0,0,0,0,1,1473523200,311,0,50,0,7781,-1,1,-1,-1,-1,-1,-1,-1,1,1,0,2,2,2,-1,0,0,0,0,0,0,0,0,0,0,0,0,0,1,1,0,0,-1,-1,0,0,-1,-1,-1,-1,-1,-1,-1,-1,-1,0,50,0,50,CD Tenerife,Real Valladolid,1.96,1.05,1.0,1.0,0.33,2.33,100,50,0,0,0,42,True,False,False,False,False,False,False,Spain_Segunda_División,2016-09-10 16:00:00
2016-2017,4,4,2,6,5,2,7,1,2,0,0,8,3,6,4,14,7,16,15,58,42,Estadio Ciudad de Valencia,"Calle San Vicente de Paúl 44, Valencia",1,2,2.04,3.34,4.25,0,0,0,0,0,0,0,0,0,0,0,0,0,6,3,1,1,1,2,4,1473530400,292,0,50,0,11623,-1,1,-1,-1,-1,-1,-1,-1,0,1,1,1,1,2,-1,0,0,0,0,0,0,0,1,0,1,0,0,0,1,1,1,0,-1,-1,0,0,-1,-1,-1,-1,-1,-1,-1,-1,-1,50,100,100,100,Levante UD,Real Zaragoza,2.57,0.95,3.0,1.0,2.33,2.33,50,0,0,0,0,42,True,True,True,True,True,True,True,Spain_Segunda_División,2016-09-10 18:00:00
2016-2017,4,1,0,1,1,12,13,1,1,0,0,5,4,5,5,10,9,15,13,39,61,Estadio del Rayo Vallecano (de Vallecas Teresa Rivero) (Madrid),"Calle Payaso Fofó, Madrid",1,1,1.9,3.48,4.73,0,0,0,0,0,0,0,0,0,0,0,0,0,1,0,0,1,0,1,0,1473588000,291,0,50,0,8067,-1,1,-1,-1,-1,-1,-1,-1,1,0,0,1,1,1,-1,0,0,0,0,0,0,0,0,0,0,0,0,0,1,1,0,0,-1,-1,0,0,-1,-1,-1,-1,-1,-1,-1,-1,-1,0,50,0,50,Rayo Vallecano,RCD Mallorca,1.76,0.62,1.0,1.0,0.33,0.67,100,50,0,0,0,42,True,False,False,False,False,False,False,Spain_Segunda_División,2016-09-11 10:00:00
2016-2017,4,0,0,0,0,2,2,1,2,0,0,0,2,13,4,13,6,-1,-1,-1,-1,Estadio Nuevo Carlos Tartiere,"Calle de Ricardo Vázquez Prada, Barrio de la Ería, Oviedo",1,2,2.07,3.35,4.11,0,0,0,0,0,0,0,0,0,0,0,0,0,0,0,0,0,0,0,0,1473602400,-1,0,50,0,12646,-1,1,-1,-1,-1,-1,-1,-1,1,0,0,2,1,2,-1,0,0,0,0,0,0,0,0,0,0,0,0,0,1,1,0,0,-1,-1,0,0,-1,-1,-1,-1,-1,-1,-1,-1,-1,0,100,50,50,Real Oviedo,Mirandés,2.1,0.76,3.0,1.0,1.33,1.67,100,0,0,0,0,42,False,False,False,False,False,False,False,Spain_Segunda_División,2016-09-11 14:00:00
2016-2017,4,3,0,3,4,6,10,3,3,0,0,5,2,5,3,10,5,-1,-1,-1,-1,Estadio Ramón de Carranza,"Plaza de Madrid, Cádiz",3,3,2.71,3.14,2.96,0,0,0,0,0,0,0,0,0,0,0,0,0,3,1,0,2,0,2,1,1473609600,310,0,100,0,15322,-1,1,-1,-1,-1,-1,-1,-1,1,2,2,1,3,3,-1,0,0,0,0,0,0,0,0,0,0,0,0,0,1,1,0,0,-1,-1,0,0,-1,-1,-1,-1,-1,-1,-1,-1,-1,0,100,0,50,Cádiz,Getafe CF,1.86,1.0,1.0,1.0,0.67,1.0,100,0,0,0,0,44,True,True,True,False,False,False,False,Spain_Segunda_División,2016-09-11 16:00:00
2016-2017,4,1,1,2,3,3,6,1,1,0,0,7,2,10,4,17,6,-1,-1,-1,-1,Estadio de La Condomina,"Ronda de Garay 14, Murcia",1,1,2.6,3.12,3.12,0,0,0,0,0,0,0,0,0,0,0,0,0,2,0,1,1,0,1,1,1473609600,-1,0,100,0,4893,-1,1,-1,-1,-1,-1,-1,-1,0,1,1,0,1,1,-1,0,0,0,0,0,0,0,0,0,0,0,0,0,1,1,0,1,-1,-1,0,0,-1,-1,-1,-1,-1,-1,-1,-1,-1,50,100,50,50,UCAM Murcia CF,Elche CF,1.29,0.86,1.0,0.0,0.67,2.0,50,0,0,0,0,42,True,True,False,False,False,False,True,Spain_Segunda_División,2016-09-11 16:00:00
2016-2017,4,3,0,3,3,5,8,0,2,0,0,8,3,4,6,12,9,-1,-1,-1,-1,Estadio El Alcoraz,"Camino del Alto Cocorón, Huesca",0,2,2.51,3.17,3.21,0,0,0,0,0,0,0,0,0,0,0,0,0,3,2,0,1,0,1,2,1473609600,301,0,100,0,2664,-1,1,-1,-1,-1,-1,-1,-1,0,0,0,2,0,2,-1,0,0,0,0,0,0,0,0,0,0,0,0,0,1,1,1,0,-1,-1,0,0,-1,-1,-1,-1,-1,-1,-1,-1,-1,0,100,0,0,SD Huesca,Córdoba,1.77,0.9,1.0,1.0,0.67,1.67,100,0,0,0,0,42,True,True,True,False,False,False,False,Spain_Segunda_División,2016-09-11 16:00:00
2016-2017,4,1,0,1,5,6,11,2,3,0,0,6,7,5,5,11,12,-1,-1,-1,-1,Estadio Santo Domingo,"Avenida de Pablo Iglesias, Alcorcón",2,3,2.11,3.22,4.15,0,0,0,0,0,0,0,0,0,0,0,0,0,1,0,0,1,0,1,0,1473609600,302,0,50,0,2083,-1,1,-1,-1,-1,-1,-1,-1,1,0,1,3,1,4,-1,0,0,0,0,0,0,0,0,0,0,0,0,0,1,1,0,0,-1,-1,0,0,-1,-1,-1,-1,-1,-1,-1,-1,-1,0,50,0,0,AD Alcorcón,Gimnàstic de Tarragona,1.67,1.05,1.0,1.0,0.67,1.0,100,50,0,0,0,42,True,False,False,False,False,False,False,Spain_Segunda_División,2016-09-11 16:00:00
2016-2017,4,3,3,6,5,4,9,3,4,0,0,6,5,6,3,12,8,18,18,51,49,Estadi Municipal de Montilivi,"Avenida Montlivi 141, Girona",3,4,1.86,3.51,4.92,0,0,0,0,0,0,0,0,0,0,0,0,0,6,2,1,1,2,3,3,1473616800,-1,0,50,0,4754,-1,1,-1,-1,-1,-1,-1,-1,1,2,2,2,3,4,-1,0,0,0,0,0,0,0,0,0,0,0,0,0,1,1,0,0,-1,-1,0,0,-1,-1,-1,-1,-1,-1,-1,-1,-1,50,100,50,50,Girona FC,Almería,2.0,0.57,3.0,0.0,1.33,1.33,50,0,0,0,0,42,True,True,True,True,True,True,True,Spain_Segunda_División,2016-09-11 18:00:00
2016-2017,5,1,0,1,6,5,11,1,3,0,1,5,3,7,4,12,7,-1,-1,-1,-1,Nuevo Estadio Los Pajaritos,"Avenida Mariano Vicen 16, Soria",1,5,2.53,3.06,3.3,0,0,0,0,0,0,0,0,0,0,0,0,0,1,1,0,0,0,0,1,1474120800,306,0,50,0,2223,-1,1,-1,-1,-1,-1,-1,-1,1,2,0,2,3,2,-1,0,0,0,0,0,0,0,0,0,0,0,0,0,1,1,0,0,-1,-1,1,1,-1,-1,-1,-1,-1,-1,-1,-1,-1,0,50,25,25,CD Numancia,Gimnàstic de Tarragona,1.48,1.05,0.5,0.5,0.75,0.75,100,50,0,0,0,42,True,False,False,False,False,False,False,Spain_Segunda_División,2016-09-17 14:00:00
2016-2017,5,1,0,1,3,6,9,2,3,0,0,4,2,5,2,9,4,-1,-1,-1,-1,Estadio Camp Nou Municipal,"Calle Recasens i Mercadé 8, Reus",2,3,2.35,3.15,3.54,0,0,0,0,0,0,0,0,0,0,0,0,0,1,0,0,1,0,1,0,1474128000,307,0,100,0,3914,-1,1,-1,-1,-1,-1,-1,-1,0,1,2,2,1,4,-1,0,0,0,0,0,0,0,0,0,0,0,0,0,1,1,0,0,-1,-1,0,0,-1,-1,-1,-1,-1,-1,-1,-1,-1,25,100,50,50,CF Reus Deportiu,Cádiz,1.43,1.18,1.0,0.5,1.5,1.25,75,0,0,0,0,42,True,False,False,False,False,False,False,Spain_Segunda_División,2016-09-17 16:00:00
2016-2017,5,0,1,1,4,7,11,3,1,0,0,0,2,0,0,0,2,-1,-1,-1,-1,Estadio Municipal José Zorrilla,"Avenida del Mundial 82, Valladolid",3,1,1.87,3.4,5.1,0,0,0,0,0,0,0,0,0,0,0,0,0,1,0,0,0,1,1,0,1474128000,308,0,75,0,8382,-1,1,-1,-1,-1,-1,-1,-1,0,0,3,1,0,4,-1,0,0,0,0,0,0,0,0,0,0,0,0,0,1,1,0,0,-1,-1,0,0,-1,-1,-1,-1,-1,-1,-1,-1,-1,50,75,50,75,Real Valladolid,UCAM Murcia CF,1.95,1.0,3.0,0.5,1.75,0.75,50,25,0,0,0,42,True,False,False,False,False,False,False,Spain_Segunda_División,2016-09-17 16:00:00
2016-2017,5,0,3,3,7,7,14,1,2,0,0,6,7,6,7,12,14,-1,-1,-1,-1,Estadio Manuel Martínez Valero,"Avenida Manuel Martínez Valero 3, Elche",1,2,2.0,3.46,4.23,0,0,0,0,0,0,0,0,0,0,0,0,0,3,0,2,0,1,1,2,1474128000,304,0,100,0,7765,-1,1,-1,-1,-1,-1,-1,-1,1,1,0,1,2,1,-1,0,0,0,0,0,0,0,0,0,0,0,0,0,1,1,0,0,-1,-1,0,0,-1,-1,-1,-1,-1,-1,-1,-1,-1,100,100,75,100,Elche CF,CD Lugo,1.19,0.9,3.0,1.0,1.75,1.5,0,0,0,0,0,42,True,True,True,False,False,False,False,Spain_Segunda_División,2016-09-17 16:00:00
2016-2017,5,1,0,1,4,4,8,1,3,0,0,5,6,6,9,11,15,-1,-1,-1,-1,Estadio Nuevo Arcángel,"Avenida del Arcángel, Córdoba",1,3,2.83,3.11,2.85,0,0,0,0,0,0,0,0,0,0,0,0,0,1,1,0,0,0,0,1,1474128000,294,0,50,0,13677,-1,1,-1,-1,-1,-1,-1,-1,0,0,1,3,0,4,-1,0,0,0,0,0,0,0,0,0,0,0,0,0,1,1,1,0,-1,-1,0,0,-1,-1,-1,-1,-1,-1,-1,-1,-1,25,50,25,50,Córdoba,Levante UD,1.71,1.43,2.0,2.0,1.25,2.5,75,50,0,0,0,42,True,False,False,False,False,False,False,Spain_Segunda_División,2016-09-17 16:00:00
2016-2017,5,2,0,2,4,6,10,2,4,0,0,5,2,6,4,11,6,13,14,46,54,Estadio de la Romareda,"Calle de Eduardo Ibarra 6, Zaragoza",2,4,2.09,3.34,4.04,0,0,0,0,0,0,0,0,0,0,0,0,0,2,1,0,1,0,1,1,1474135200,299,0,50,0,16052,-1,1,-1,-1,-1,-1,-1,-1,1,0,1,4,1,5,-1,0,0,0,0,0,0,0,0,0,0,0,0,0,1,1,1,0,-1,-1,0,0,-1,-1,-1,-1,-1,-1,-1,-1,-1,25,75,75,75,Real Zaragoza,AD Alcorcón,1.43,0.71,3.0,0.5,1.75,1.25,75,25,0,0,0,42,True,True,False,False,False,False,False,Spain_Segunda_División,2016-09-17 18:00:00
2016-2017,5,0,1,1,2,8,10,3,3,0,0,3,4,3,7,6,11,12,15,39,61,Estadio de los Juegos Mediterráneos,"Calle de Belladona, Almería",3,3,2.07,3.28,4.22,0,0,0,0,0,0,0,0,0,0,0,0,0,1,0,0,0,1,1,0,1474192800,311,0,50,0,7950,-1,1,-1,-1,-1,-1,-1,-1,2,2,1,1,4,2,-1,0,0,0,0,0,0,0,0,0,0,0,0,0,1,1,0,0,-1,-1,1,0,-1,-1,-1,-1,-1,-1,-1,-1,-1,50,75,25,75,Almería,CD Tenerife,1.86,1.17,2.0,0.0,1.25,1.0,50,25,0,0,0,42,True,False,False,False,False,False,False,Spain_Segunda_División,2016-09-18 10:00:00
2016-2017,5,2,1,3,5,11,16,0,2,0,0,0,0,0,0,0,0,-1,-1,-1,-1,Estadio Municipal de Anduva,"Camino de Anduva, Miranda de Ebro",0,2,2.65,3.14,3.03,0,0,0,0,0,0,0,0,0,0,0,0,0,3,1,1,1,0,1,2,1474207200,300,0,75,0,3562,-1,1,-1,-1,-1,-1,-1,-1,0,1,0,1,1,1,-1,0,0,0,0,0,0,0,0,0,0,0,0,0,1,1,0,0,-1,-1,0,0,-1,-1,-1,-1,-1,-1,-1,-1,-1,75,100,75,75,Mirandés,Rayo Vallecano,1.19,0.76,2.0,0.0,1.5,1.0,25,0,0,0,0,42,True,True,True,False,False,False,True,Spain_Segunda_División,2016-09-18 14:00:00
2016-2017,5,2,1,3,8,4,12,2,3,1,0,6,3,8,4,14,7,-1,-1,-1,-1,Coliseum Alfonso Pérez,"Avenida de Teresa de Calcuta, Getafe",3,3,2.17,3.23,3.92,0,0,0,0,0,0,0,0,0,0,0,0,0,3,0,1,2,0,2,1,1474214400,293,0,25,0,6533,-1,1,-1,-1,-1,-1,-1,-1,1,1,2,2,2,4,-1,0,0,0,0,0,0,0,0,0,0,0,0,0,1,1,0,1,-1,-1,0,0,-1,-1,-1,-1,-1,-1,-1,-1,-1,0,25,0,25,Getafe CF,Real Oviedo,2.26,0.81,1.0,0.5,0.75,1.25,100,75,0,0,0,42,True,True,True,False,False,False,True,Spain_Segunda_División,2016-09-18 16:00:00
2016-2017,5,2,0,2,7,1,8,2,4,0,0,8,0,10,6,18,6,-1,-1,-1,-1,Estadio Viejo Nervión,"Carretera de Utrera, Sevilla",2,4,2.62,3.08,3.13,0,0,0,0,0,0,0,0,0,0,0,0,0,2,0,0,2,0,2,0,1474214400,305,0,50,0,3203,-1,1,-1,-1,-1,-1,-1,-1,0,1,2,3,1,5,-1,0,0,0,0,0,0,0,0,0,0,0,0,0,1,1,0,0,-1,-1,0,0,-1,-1,-1,-1,-1,-1,-1,-1,-1,25,50,0,25,Sevilla II,SD Huesca,1.71,1.14,1.0,0.5,0.75,1.25,75,50,0,0,0,42,True,True,False,False,False,False,False,Spain_Segunda_División,2016-09-18 16:00:00
2016-2017,5,1,0,1,9,2,11,4,3,0,0,3,2,10,5,13,7,-1,-1,-1,-1,Iberostar Estadi,"Camí dels Reis, Palma de Mallorca",4,3,2.62,3.12,3.09,0,0,0,0,0,0,0,0,0,0,0,0,0,1,1,0,0,0,0,1,1474221600,298,0,50,0,8696,-1,1,-1,-1,-1,-1,-1,-1,1,1,3,2,2,5,-1,0,0,0,0,0,0,0,0,0,0,0,0,0,1,1,0,0,-1,-1,0,0,-1,-1,-1,-1,-1,-1,-1,-1,-1,50,50,25,50,RCD Mallorca,Girona FC,1.52,1.33,0.5,0.5,0.5,1.25,50,50,0,0,0,42,True,False,False,False,False,False,False,Spain_Segunda_División,2016-09-18 18:00:00
2016-2017,6,1,0,1,8,4,12,2,4,0,0,6,5,10,5,16,10,-1,-1,-1,-1,Estadio Anxo Carro,"Avenida de los deportes, Lugo",2,4,2.51,3.26,3.13,0,0,0,0,0,0,0,0,0,0,0,0,0,1,1,0,0,0,0,1,1474394400,304,0,25,0,2986,-1,1,-1,-1,-1,-1,-1,-1,0,2,2,2,2,4,-1,0,0,0,0,0,0,0,1,0,1,0,0,0,1,1,0,0,-1,-1,0,0,-1,-1,-1,-1,-1,-1,-1,-1,-1,25,25,25,50,CD Lugo,Real Valladolid,1.71,1.05,2.0,0.5,1.8,1.4,75,75,0,0,0,42,True,False,False,False,False,False,False,Spain_Segunda_División,2016-09-20 18:00:00
2016-2017,6,0,1,1,7,1,8,3,1,0,0,0,5,4,2,4,7,-1,-1,-1,-1,Estadio Santo Domingo,"Avenida de Pablo Iglesias, Alcorcón",3,1,2.06,3.19,4.42,0,0,0,0,0,0,0,0,0,0,0,0,0,1,0,0,0,1,1,0,1474394400,294,0,25,0,2442,-1,1,-1,-1,-1,-1,-1,-1,2,0,1,1,2,2,-1,0,0,0,0,0,0,0,0,0,0,0,0,0,1,1,0,0,-1,-1,0,0,-1,-1,-1,-1,-1,-1,-1,-1,-1,25,50,25,25,AD Alcorcón,Córdoba,1.67,0.9,2.0,0.5,1.0,1.6,75,50,0,0,0,42,True,False,False,False,False,False,False,Spain_Segunda_División,2016-09-20 18:00:00
2016-2017,6,1,0,1,3,5,8,1,2,0,0,7,5,10,8,17,13,-1,-1,-1,-1,Estadio Ramón de Carranza,"Plaza de Madrid, Cádiz",1,2,2.44,3.1,3.41,0,0,0,0,0,0,0,0,0,0,0,0,0,1,0,0,1,0,1,0,1474401600,310,0,50,0,11474,-1,1,-1,-1,-1,-1,-1,-1,1,0,0,2,1,2,-1,0,0,0,0,0,0,0,0,0,0,0,0,0,1,1,0,0,-1,-1,0,0,-1,-1,-1,-1,-1,-1,-1,-1,-1,25,75,0,50,Cádiz,CD Numancia,1.86,0.9,2.0,1.0,1.0,1.2,75,25,0,0,0,42,True,False,False,False,False,False,False,Spain_Segunda_División,2016-09-20 20:00:00
2016-2017,6,0,0,0,7,4,11,1,3,0,0,2,3,8,4,10,7,13,17,59,41,Nou Estadi de Tarragona,"Camí del Llorito, Tarragona",1,3,2.48,3.13,3.31,0,0,0,0,0,0,0,0,0,0,0,0,0,0,0,0,0,0,0,0,1474401600,-1,0,100,0,4255,-1,1,-1,-1,-1,-1,-1,-1,0,2,1,1,2,2,-1,0,0,0,0,0,0,0,1,0,0,0,1,0,1,1,0,0,-1,-1,0,0,-1,-1,-1,-1,-1,-1,-1,-1,-1,75,100,75,75,Gimnàstic de Tarragona,Real Zaragoza,1.43,0.95,1.0,0.5,0.6,2.0,25,0,0,0,0,42,False,False,False,False,False,False,False,Spain_Segunda_División,2016-09-20 20:00:00
2016-2017,6,0,3,3,8,4,12,2,0,0,0,0,4,0,0,0,4,-1,-1,-1,-1,Estadio El Alcoraz,"Camino del Alto Cocorón, Huesca",2,0,2.09,3.23,4.22,0,0,0,0,0,0,0,0,0,0,0,0,0,3,0,0,0,3,3,0,1474480800,295,0,75,0,2410,-1,1,-1,-1,-1,-1,-1,-1,0,0,2,0,0,2,-1,0,0,0,0,0,0,0,0,0,0,0,0,0,1,1,0,0,-1,-1,0,0,-1,-1,-1,-1,-1,-1,-1,-1,-1,50,100,50,75,SD Huesca,Elche CF,1.77,0.86,2.0,0.5,1.0,1.4,50,0,0,0,0,42,True,True,True,False,False,False,False,Spain_Segunda_División,2016-09-21 18:00:00
2016-2017,6,1,0,1,5,3,8,2,4,0,0,4,5,7,9,11,14,-1,-1,-1,-1,Estadio Ciudad de Valencia,"Calle San Vicente de Paúl 44, Valencia",2,4,1.65,3.81,6.32,0,0,0,0,0,0,0,0,0,0,0,0,0,1,0,0,1,0,1,0,1474480800,292,0,50,0,10511,-1,1,-1,-1,-1,-1,-1,-1,0,1,2,3,1,5,-1,0,0,0,0,0,0,0,0,0,0,0,0,0,1,1,0,0,-1,-1,0,1,-1,-1,-1,-1,-1,-1,-1,-1,-1,25,75,50,75,Levante UD,Sevilla II,2.57,0.81,3.0,0.5,2.0,1.2,75,25,0,0,0,42,True,False,False,False,False,False,False,Spain_Segunda_División,2016-09-21 18:00:00
2016-2017,6,4,0,4,3,4,7,2,4,0,1,8,7,7,0,15,7,-1,-1,-1,-1,Estadio de La Condomina,"Ronda de Garay 14, Murcia",2,5,2.56,3.08,3.23,0,0,0,0,0,0,0,0,0,0,0,0,0,4,1,0,3,0,3,1,1474488000,308,0,75,0,2985,-1,1,-1,-1,-1,-1,-1,-1,0,3,2,2,3,4,-1,0,0,0,0,0,0,0,1,0,1,0,0,0,1,1,0,0,-1,-1,0,0,-1,-1,-1,-1,-1,-1,-1,-1,-1,25,100,25,50,UCAM Murcia CF,Almería,1.29,0.57,1.0,0.5,1.2,1.0,75,0,0,0,0,42,True,True,True,True,False,False,False,Spain_Segunda_División,2016-09-21 20:00:00
2016-2017,6,0,1,1,0,4,4,2,3,0,0,3,3,8,4,11,7,-1,-1,-1,-1,Estadio Nuevo Carlos Tartiere,"Calle de Ricardo Vázquez Prada, Barrio de la Ería, Oviedo",2,3,2.2,3.17,3.94,0,0,0,0,0,0,0,0,0,0,0,0,0,1,0,0,0,1,1,0,1474567200,307,0,25,0,11389,-1,1,-1,-1,-1,-1,-1,-1,0,0,2,3,0,5,-1,0,0,0,0,0,0,0,0,0,0,0,0,0,1,1,0,0,-1,-1,0,0,-1,-1,-1,-1,-1,-1,-1,-1,-1,0,50,0,0,Real Oviedo,CF Reus Deportiu,2.1,1.19,2.0,2.0,1.0,1.8,100,50,0,0,0,42,True,False,False,False,False,False,False,Spain_Segunda_División,2016-09-22 18:00:00
2016-2017,6,2,0,2,6,4,10,3,2,0,0,4,3,12,8,16,11,13,12,54,46,Estadio del Rayo Vallecano (de Vallecas Teresa Rivero) (Madrid),"Calle Payaso Fofó, Madrid",3,2,2.16,3.32,3.81,0,0,0,0,0,0,0,0,0,0,0,0,0,2,1,0,1,0,1,1,1474567200,291,0,25,0,9015,-1,1,-1,-1,-1,-1,-1,-1,0,1,3,1,1,4,-1,0,0,0,0,0,0,0,1,0,0,0,1,0,1,1,0,0,-1,-1,0,0,-1,-1,-1,-1,-1,-1,-1,-1,-1,25,50,0,25,Rayo Vallecano,Getafe CF,1.76,1.0,2.0,0.5,0.8,1.2,75,50,0,0,0,42,True,True,False,False,False,False,False,Spain_Segunda_División,2016-09-22 18:00:00
2016-2017,6,1,1,2,8,4,12,0,2,0,0,8,3,11,4,19,7,-1,-1,-1,-1,Estadi Municipal de Montilivi,"Avenida Montlivi 141, Girona",0,2,2.18,3.29,3.82,0,0,0,0,0,0,0,0,0,0,0,0,0,2,0,0,1,1,2,0,1474567200,-1,0,75,0,3534,-1,1,-1,-1,-1,-1,-1,-1,0,1,0,1,1,1,-1,0,0,0,0,0,0,0,0,0,0,0,0,0,1,1,0,0,-1,-1,0,0,-1,-1,-1,-1,-1,-1,-1,-1,-1,50,75,75,75,Girona FC,Mirandés,2.0,0.76,2.0,1.0,1.0,1.8,50,25,0,0,0,42,True,True,False,False,False,False,True,Spain_Segunda_División,2016-09-22 18:00:00
2016-2017,6,0,0,0,10,3,13,3,1,0,0,4,3,8,0,12,3,17,12,62,38,Estadio Heliodoro Rodríguez Lopéz,"Avenida de San Sebastián, Tenerife",3,1,2.34,3.09,3.64,0,0,0,0,0,0,0,0,0,0,0,0,0,0,0,0,0,0,0,0,1474574400,-1,0,50,0,8019,-1,1,-1,-1,-1,-1,-1,-1,0,0,3,1,0,4,-1,0,0,0,0,0,0,0,0,0,0,0,0,0,1,1,0,0,-1,-1,0,0,-1,-1,-1,-1,-1,-1,-1,-1,-1,0,50,0,75,CD Tenerife,RCD Mallorca,1.96,0.62,2.0,0.5,1.4,1.0,100,50,0,0,0,42,False,False,False,False,False,False,False,Spain_Segunda_División,2016-09-22 20:00:00
2016-2017,7,1,1,2,4,4,8,3,3,1,0,4,4,4,10,8,14,-1,-1,-1,-1,Estadio Viejo Nervión,"Carretera de Utrera, Sevilla",5,3,2.58,3.08,3.2,0,0,0,0,0,0,0,0,0,0,0,0,0,2,1,0,0,1,1,1,1474725600,-1,0,50,0,2146,-1,1,-1,-1,-1,-1,-1,-1,1,2,3,1,3,4,-1,0,0,0,0,0,0,0,0,0,0,0,0,0,1,1,0,0,-1,-1,0,0,-1,-1,-1,-1,-1,-1,-1,-1,-1,17,100,34,67,Sevilla II,AD Alcorcón,1.71,0.71,1.67,0.33,1.0,0.83,84,0,0,0,0,42,True,True,False,False,False,False,True,Spain_Segunda_División,2016-09-24 14:00:00
2016-2017,7,0,0,0,7,5,12,1,4,1,0,4,6,8,3,12,9,-1,-1,-1,-1,Estadio de los Juegos Mediterráneos,"Calle de Belladona, Almería",2,4,2.54,3.29,3.05,0,0,0,0,0,0,0,0,0,0,0,0,0,0,0,0,0,0,0,0,1474732800,-1,0,50,0,6899,-1,1,-1,-1,-1,-1,-1,-1,1,0,1,4,1,5,-1,0,0,0,0,0,0,0,0,0,0,0,0,0,1,1,0,0,-1,-1,0,0,-1,-1,-1,-1,-1,-1,-1,-1,-1,67,84,67,67,Almería,CD Lugo,1.86,0.9,1.33,1.67,0.83,2.0,34,17,0,0,0,42,False,False,False,False,False,False,False,Spain_Segunda_División,2016-09-24 16:00:00
2016-2017,7,1,2,3,5,4,9,3,3,1,0,8,3,8,6,16,9,11,15,54,46,Estadio Municipal José Zorrilla,"Avenida del Mundial 82, Valladolid",5,3,2.16,3.31,3.85,0,0,0,0,0,0,0,0,0,0,0,0,0,3,0,0,1,2,3,0,1474732800,301,0,17,0,7991,-1,1,-1,-1,-1,-1,-1,-1,1,0,3,3,1,6,-1,0,0,0,0,0,0,0,0,1,0,1,0,0,1,1,0,0,-1,-1,0,0,-1,-1,-1,-1,-1,-1,-1,-1,-1,17,33,17,34,Real Valladolid,SD Huesca,1.95,1.14,2.0,0.33,1.17,0.83,84,67,0,0,0,42,True,True,True,False,False,False,True,Spain_Segunda_División,2016-09-24 16:00:00
2016-2017,7,2,0,2,4,3,7,2,3,0,0,5,2,10,7,15,9,-1,-1,-1,-1,Estadio Nuevo Arcángel,"Avenida del Arcángel, Córdoba",2,3,1.91,3.48,4.67,0,0,0,0,0,0,0,0,0,0,0,0,0,2,1,0,1,0,1,1,1474732800,294,0,33,0,13615,-1,1,-1,-1,-1,-1,-1,-1,1,1,1,2,2,3,-1,0,0,0,0,0,0,0,0,0,0,0,0,0,1,1,0,0,-1,-1,0,0,-1,-1,-1,-1,-1,-1,-1,-1,-1,17,33,17,67,Córdoba,Gimnàstic de Tarragona,1.71,1.05,2.33,0.33,1.83,0.67,84,67,0,0,0,42,True,True,False,False,False,False,False,Spain_Segunda_División,2016-09-24 16:00:00
2016-2017,7,0,1,1,11,2,13,1,4,0,0,2,5,5,7,7,12,5,7,57,43,Estadio Manuel Martínez Valero,"Avenida Manuel Martínez Valero 3, Elche",1,4,2.74,3.22,2.86,0,0,0,0,0,0,0,0,0,0,0,0,0,1,0,0,0,1,1,0,1474740000,292,0,50,0,7982,-1,1,-1,-1,-1,-1,-1,-1,0,2,1,2,2,3,-1,0,0,0,0,0,0,0,0,0,0,0,0,0,1,1,0,0,-1,-1,0,0,-1,-1,-1,-1,-1,-1,-1,-1,-1,50,67,34,67,Elche CF,Levante UD,1.19,1.43,2.0,1.33,1.67,2.17,50,34,0,0,0,42,True,False,False,False,False,False,False,Spain_Segunda_División,2016-09-24 18:00:00
2016-2017,7,0,2,2,4,4,8,0,4,1,1,4,5,10,5,14,10,9,21,62,38,Estadio Ramón de Carranza,"Plaza de Madrid, Cádiz",2,6,2.3,3.23,3.56,0,0,0,0,0,0,0,0,0,0,0,0,0,2,0,2,0,0,0,2,1474797600,309,0,33,0,16143,-1,1,-1,-1,-1,-1,-1,-1,0,1,1,4,1,5,-1,0,0,0,0,0,0,0,0,0,0,0,0,0,1,1,0,0,-1,-1,0,0,-1,-1,-1,-1,-1,-1,-1,-1,-1,33,50,0,67,Cádiz,Real Oviedo,1.86,0.81,2.33,0.33,1.33,0.83,67,50,0,0,0,42,True,True,False,False,False,False,False,Spain_Segunda_División,2016-09-25 10:00:00
2016-2017,7,3,2,5,5,5,10,2,2,0,0,7,7,6,6,13,13,19,9,49,51,Estadio Municipal de Anduva,"Camino de Anduva, Miranda de Ebro",2,2,2.45,3.21,3.27,0,0,0,0,0,0,0,0,0,0,0,0,0,5,2,0,1,2,3,2,1474812000,300,0,67,0,3093,-1,1,-1,-1,-1,-1,-1,-1,1,1,1,1,2,2,-1,0,0,0,0,0,0,0,0,0,0,0,0,0,1,1,1,0,-1,-1,0,1,-1,-1,-1,-1,-1,-1,-1,-1,-1,50,67,34,67,Mirandés,CD Tenerife,1.19,1.17,2.33,1.0,1.67,1.33,50,34,0,0,0,42,True,True,True,True,True,False,True,Spain_Segunda_División,2016-09-25 14:00:00
2016-2017,7,0,2,2,5,6,11,0,3,1,0,2,8,3,2,5,10,-1,-1,-1,-1,Coliseum Alfonso Pérez,"Avenida de Teresa de Calcuta, Getafe",2,3,2.2,3.27,3.78,0,0,0,0,0,0,0,0,0,0,0,0,0,2,0,1,0,1,1,1,1474819200,312,0,67,0,5175,-1,1,-1,-1,-1,-1,-1,-1,1,0,0,3,1,3,-1,0,0,0,0,0,0,0,1,0,0,0,1,0,1,1,0,0,-1,-1,0,0,-1,-1,-1,-1,-1,-1,-1,-1,-1,50,67,17,67,Getafe CF,Girona FC,2.26,1.33,1.67,0.33,1.0,1.0,50,33,0,0,0,42,True,True,False,False,False,False,False,Spain_Segunda_División,2016-09-25 16:00:00
2016-2017,7,0,0,0,6,7,13,0,2,0,0,4,2,6,5,10,7,-1,-1,-1,-1,Iberostar Estadi,"Camí dels Reis, Palma de Mallorca",0,2,2.06,3.2,4.4,0,0,0,0,0,0,0,0,0,0,0,0,0,0,0,0,0,0,0,0,1474819200,-1,0,34,0,9081,-1,1,-1,-1,-1,-1,-1,-1,0,2,0,0,2,0,-1,0,0,0,0,0,0,0,0,0,0,0,0,0,1,1,0,0,-1,-1,0,0,-1,-1,-1,-1,-1,-1,-1,-1,-1,17,34,17,33,RCD Mallorca,UCAM Murcia CF,1.52,1.0,1.33,1.33,1.0,1.5,84,67,0,0,0,42,False,False,False,False,False,False,False,Spain_Segunda_División,2016-09-25 16:00:00
2016-2017,7,2,1,3,6,2,8,1,3,0,0,7,2,9,2,16,4,-1,-1,-1,-1,Nuevo Estadio Los Pajaritos,"Avenida Mariano Vicen 16, Soria",1,3,2.57,3.19,3.1,0,0,0,0,0,0,0,0,0,0,0,0,0,3,1,1,1,0,1,2,1474819200,306,0,50,0,4571,-1,1,-1,-1,-1,-1,-1,-1,0,0,1,3,0,4,-1,0,0,0,0,0,0,0,0,0,0,0,0,0,1,1,0,0,-1,-1,0,0,-1,-1,-1,-1,-1,-1,-1,-1,-1,34,50,50,67,CD Numancia,Real Zaragoza,1.48,0.95,1.33,0.67,1.0,1.83,67,50,0,0,0,42,True,True,True,False,False,False,True,Spain_Segunda_División,2016-09-25 16:00:00
2016-2017,7,1,1,2,6,5,11,2,4,0,0,3,3,6,3,9,6,6,13,49,51,Estadio Camp Nou Municipal,"Calle Recasens i Mercadé 8, Reus",2,4,2.74,3.22,2.86,0,0,0,0,0,0,0,0,0,0,0,0,0,2,1,0,0,1,1,1,1474826400,-1,0,67,0,4028,-1,1,-1,-1,-1,-1,-1,-1,0,1,2,3,1,5,-1,0,0,0,0,0,0,0,0,0,0,0,0,0,1,1,0,0,-1,-1,0,0,-1,-1,-1,-1,-1,-1,-1,-1,-1,50,84,67,67,CF Reus Deportiu,Rayo Vallecano,1.43,0.76,1.67,0.0,2.0,1.17,50,17,0,0,0,42,True,True,False,False,False,False,True,Spain_Segunda_División,2016-09-25 18:00:00
2016-2017,8,2,0,2,9,3,12,1,4,0,0,0,0,0,0,0,0,-1,-1,-1,-1,Estadio El Alcoraz,"Camino del Alto Cocorón, Huesca",1,4,2.09,3.29,4.13,0,0,0,0,0,0,0,0,0,0,0,0,0,2,1,0,1,0,1,1,1475330400,301,0,33,0,2538,-1,1,-1,-1,-1,-1,-1,-1,0,2,1,2,2,3,-1,0,0,0,0,0,0,0,0,0,0,0,0,0,1,1,0,0,-1,-1,0,0,-1,-1,-1,-1,-1,-1,-1,-1,-1,67,100,33,50,SD Huesca,Almería,1.77,0.57,1.33,0.33,1.14,0.86,33,0,0,0,0,42,True,True,False,False,False,False,False,Spain_Segunda_División,2016-10-01 14:00:00
2016-2017,8,3,1,4,7,4,11,2,0,0,0,6,6,0,5,6,11,19,19,47,53,Estadio Anxo Carro,"Avenida de los deportes, Lugo",2,0,2.25,3.18,3.76,0,0,0,0,0,0,0,0,0,0,0,0,0,4,2,1,1,0,1,3,1475337600,304,0,33,0,3875,-1,1,-1,-1,-1,-1,-1,-1,0,0,2,0,0,2,-1,0,0,0,0,0,0,0,0,0,0,0,0,0,1,1,0,1,-1,-1,0,0,-1,-1,-1,-1,-1,-1,-1,-1,-1,17,33,17,50,CD Lugo,RCD Mallorca,1.71,0.62,2.33,0.67,1.86,1.0,84,67,0,0,0,42,True,True,True,True,False,False,True,Spain_Segunda_División,2016-10-01 16:00:00
2016-2017,8,1,0,1,3,3,6,4,2,0,0,5,2,7,1,12,3,-1,-1,-1,-1,Estadio Santo Domingo,"Avenida de Pablo Iglesias, Alcorcón",4,2,2.21,3.19,3.86,0,0,0,0,0,0,0,0,0,0,0,0,0,1,0,0,1,0,1,0,1475337600,302,0,34,0,2864,-1,1,-1,-1,-1,-1,-1,-1,1,0,3,2,1,5,-1,0,0,0,0,0,0,0,0,0,0,0,0,0,1,1,0,0,-1,-1,0,0,-1,-1,-1,-1,-1,-1,-1,-1,-1,34,50,17,34,AD Alcorcón,Elche CF,1.67,0.86,1.33,1.33,0.86,1.43,67,50,0,0,0,42,True,False,False,False,False,False,False,Spain_Segunda_División,2016-10-01 16:00:00
2016-2017,8,1,1,2,11,2,13,4,6,0,1,5,5,11,3,16,8,-1,-1,-1,-1,Nou Estadi de Tarragona,"Camí del Llorito, Tarragona",4,7,2.16,3.23,3.96,0,0,0,0,0,0,0,0,0,0,0,0,0,2,1,1,0,0,0,2,1475337600,-1,0,50,0,5206,-1,1,-1,-1,-1,-1,-1,-1,1,2,3,5,3,8,-1,0,0,0,0,0,0,0,0,0,0,0,0,0,1,1,1,0,-1,-1,0,1,-1,-1,-1,-1,-1,-1,-1,-1,-1,17,50,17,33,Gimnàstic de Tarragona,Sevilla II,1.43,0.81,1.0,0.33,0.57,1.0,84,50,0,0,0,42,True,True,False,False,False,False,True,Spain_Segunda_División,2016-10-01 16:00:00
2016-2017,8,1,1,2,5,4,9,4,4,0,0,6,5,5,4,11,9,16,16,49,51,Estadio de la Romareda,"Calle de Eduardo Ibarra 6, Zaragoza",4,4,2.2,3.26,3.78,0,0,0,0,0,0,0,0,0,0,0,0,0,2,1,1,0,0,0,2,1475343000,-1,0,33,0,17222,-1,1,-1,-1,-1,-1,-1,-1,2,0,2,4,2,6,-1,0,0,0,0,0,0,0,0,1,0,1,0,0,1,1,0,0,-1,-1,0,0,-1,-1,-1,-1,-1,-1,-1,-1,-1,33,67,33,50,Real Zaragoza,Córdoba,1.43,0.9,3.0,1.33,1.57,2.0,67,33,0,0,0,42,True,True,False,False,False,False,True,Spain_Segunda_División,2016-10-01 17:30:00
2016-2017,8,2,2,4,8,4,12,1,0,0,0,9,5,8,4,17,9,-1,-1,-1,-1,Estadio de La Condomina,"Ronda de Garay 14, Murcia",1,0,2.19,3.25,3.85,0,0,0,0,0,0,0,0,0,0,0,0,0,4,1,2,1,0,1,3,1475402400,-1,0,67,0,3523,-1,1,-1,-1,-1,-1,-1,-1,0,0,1,0,0,1,-1,0,0,0,0,0,0,0,0,0,0,0,0,0,1,1,0,0,-1,-1,0,0,-1,-1,-1,-1,-1,-1,-1,-1,-1,17,84,17,50,UCAM Murcia CF,Mirandés,1.29,0.76,1.67,1.0,1.43,1.86,84,17,0,0,0,42,True,True,True,True,False,False,True,Spain_Segunda_División,2016-10-02 10:00:00
2016-2017,8,1,0,1,7,2,9,2,1,0,0,3,3,13,6,16,9,-1,-1,-1,-1,Estadi Municipal de Montilivi,"Avenida Montlivi 141, Girona",2,1,1.71,3.7,5.81,0,0,0,0,0,0,0,0,0,0,0,0,0,1,0,0,1,0,1,0,1475416800,312,0,67,0,4954,-1,1,-1,-1,-1,-1,-1,-1,0,0,2,1,0,3,-1,0,0,0,0,0,0,0,0,0,0,0,0,0,1,1,0,0,-1,-1,0,0,-1,-1,-1,-1,-1,-1,-1,-1,-1,34,67,34,34,Girona FC,CF Reus Deportiu,2.0,1.19,1.67,2.33,1.29,1.86,67,34,0,0,0,42,True,False,False,False,False,False,False,Spain_Segunda_División,2016-10-02 14:00:00
2016-2017,8,3,2,5,9,3,12,1,2,1,0,6,3,3,8,9,11,17,8,56,44,Estadio Ciudad de Valencia,"Calle San Vicente de Paúl 44, Valencia",2,2,1.64,3.7,6.91,0,0,0,0,0,0,0,0,0,0,0,0,0,5,1,1,2,1,3,2,1475423100,292,0,17,0,12240,-1,1,-1,-1,-1,-1,-1,-1,0,0,2,2,0,4,-1,0,0,0,0,0,0,0,1,0,1,0,0,0,1,1,0,1,-1,-1,0,0,-1,-1,-1,-1,-1,-1,-1,-1,-1,17,34,34,67,Levante UD,Real Valladolid,2.57,1.05,3.0,0.33,2.29,1.0,84,67,0,0,0,42,True,True,True,True,True,False,True,Spain_Segunda_División,2016-10-02 15:45:00
2016-2017,8,2,2,4,4,8,12,3,3,0,0,5,4,3,2,8,6,-1,-1,-1,-1,Estadio Nuevo Carlos Tartiere,"Calle de Ricardo Vázquez Prada, Barrio de la Ería, Oviedo",3,3,2.19,3.23,3.87,0,0,0,0,0,0,0,0,0,0,0,0,0,4,1,1,1,1,2,2,1475424000,-1,0,17,0,13801,-1,1,-1,-1,-1,-1,-1,-1,1,1,2,2,2,4,-1,0,0,0,0,0,0,0,0,0,0,0,0,0,1,1,0,0,-1,-1,0,0,-1,-1,-1,-1,-1,-1,-1,-1,-1,0,33,0,0,Real Oviedo,CD Numancia,2.1,0.9,1.33,0.67,1.14,1.29,100,67,0,0,0,42,True,True,True,True,False,False,True,Spain_Segunda_División,2016-10-02 16:00:00
2016-2017,8,0,0,0,6,2,8,2,2,1,1,2,6,3,1,5,7,-1,-1,-1,-1,Estadio Heliodoro Rodríguez Lopéz,"Avenida de San Sebastián, Tenerife",3,4,2.26,3.22,3.66,0,0,0,0,0,0,0,0,0,0,0,0,0,0,0,0,0,0,0,0,1475424000,-1,0,33,0,9053,-1,1,-1,-1,-1,-1,-1,-1,1,0,2,3,1,5,-1,0,0,0,0,0,0,0,0,0,0,0,0,0,1,1,0,0,-1,-1,0,0,-1,-1,-1,-1,-1,-1,-1,-1,-1,17,67,0,67,CD Tenerife,Getafe CF,1.96,1.0,1.67,0.33,1.14,0.86,84,34,0,0,0,46,False,False,False,False,False,False,False,Spain_Segunda_División,2016-10-02 16:00:00
2016-2017,8,3,0,3,7,1,8,2,0,0,0,8,2,5,4,13,6,11,7,52,48,Estadio del Rayo Vallecano (de Vallecas Teresa Rivero) (Madrid),"Calle Payaso Fofó, Madrid",2,0,1.71,3.71,5.85,0,0,0,0,0,0,0,0,0,0,0,0,0,3,1,0,2,0,2,1,1475431200,291,0,34,0,11789,-1,1,-1,-1,-1,-1,-1,-1,1,0,1,0,1,1,-1,0,0,0,0,0,0,0,1,0,0,0,1,0,1,1,0,0,-1,-1,0,0,-1,-1,-1,-1,-1,-1,-1,-1,-1,17,50,17,33,Rayo Vallecano,Cádiz,1.76,1.18,2.33,0.33,1.14,1.14,84,50,0,0,0,42,True,True,True,False,False,False,False,Spain_Segunda_División,2016-10-02 18:00:00
2016-2017,9,0,0,0,6,5,11,2,2,0,0,4,3,6,6,10,9,-1,-1,-1,-1,Estadio Camp Nou Municipal,"Calle Recasens i Mercadé 8, Reus",2,2,2.31,3.2,3.57,0,0,0,0,0,0,0,0,0,0,0,0,0,0,0,0,0,0,0,0,1475935200,-1,0,63,0,3966,-1,1,-1,-1,-1,-1,-1,-1,0,0,2,2,0,4,-1,0,0,0,0,0,0,0,0,1,0,0,0,1,1,1,0,0,-1,-1,0,0,-1,-1,-1,-1,-1,-1,-1,-1,-1,25,63,25,63,CF Reus Deportiu,CD Tenerife,1.43,1.17,1.5,0.75,1.63,1.13,75,38,0,0,0,42,False,False,False,False,False,False,False,Spain_Segunda_División,2016-10-08 14:00:00
2016-2017,9,2,0,2,6,4,10,0,2,0,0,4,3,4,3,8,6,-1,-1,-1,-1,Coliseum Alfonso Pérez,"Avenida de Teresa de Calcuta, Getafe",0,2,1.85,3.34,5.42,0,0,0,0,0,0,0,0,0,0,0,0,0,2,0,0,2,0,2,0,1475942400,293,0,50,0,4890,-1,1,-1,-1,-1,-1,-1,-1,0,1,0,1,1,1,-1,0,0,0,0,0,0,0,0,0,0,0,0,0,1,1,0,0,-1,-1,0,0,-1,-1,-1,-1,-1,-1,-1,-1,-1,25,63,13,38,Getafe CF,UCAM Murcia CF,2.26,1.0,1.25,1.25,0.88,1.38,75,38,0,0,0,42,True,True,False,False,False,False,False,Spain_Segunda_División,2016-10-08 16:00:00
2016-2017,9,2,0,2,6,6,12,1,3,0,0,6,4,5,9,11,13,-1,-1,-1,-1,Estadio Municipal José Zorrilla,"Avenida del Mundial 82, Valladolid",1,3,2.01,3.25,4.54,0,0,0,0,0,0,0,0,0,0,0,0,0,2,2,0,0,0,0,2,1475942400,297,0,50,0,8318,-1,1,-1,-1,-1,-1,-1,-1,1,2,0,1,3,1,-1,0,0,0,0,0,0,0,0,0,0,0,0,0,1,1,1,0,-1,-1,0,0,-1,-1,-1,-1,-1,-1,-1,-1,-1,25,75,38,75,Real Valladolid,AD Alcorcón,1.95,0.71,1.5,0.5,0.88,1.13,75,25,0,0,0,42,True,True,False,False,False,False,False,Spain_Segunda_División,2016-10-08 16:00:00
2016-2017,9,4,4,8,8,6,14,5,5,1,1,7,9,12,2,19,11,-1,-1,-1,-1,Estadio Manuel Martínez Valero,"Avenida Manuel Martínez Valero 3, Elche",6,6,2.07,3.23,4.3,0,0,0,0,0,0,0,0,0,0,0,0,0,8,2,1,2,3,5,3,1475942400,-1,0,38,0,6907,-1,1,-1,-1,-1,-1,-1,-1,1,1,5,5,2,10,-1,0,0,0,0,0,0,0,0,1,0,1,0,0,1,1,0,0,-1,-1,0,0,-1,-1,-1,-1,-1,-1,-1,-1,-1,38,63,25,63,Elche CF,Gimnàstic de Tarragona,1.19,1.05,1.5,0.25,1.25,0.63,63,38,0,0,0,42,True,True,True,True,True,True,True,Spain_Segunda_División,2016-10-08 16:00:00
2016-2017,9,1,1,2,11,4,15,1,2,0,0,2,3,11,6,13,9,-1,-1,-1,-1,Nuevo Estadio Los Pajaritos,"Avenida Mariano Vicen 16, Soria",1,2,2.18,3.29,3.81,0,0,0,0,0,0,0,0,0,0,0,0,0,2,1,0,0,1,1,1,1475942400,-1,0,50,0,2774,-1,1,-1,-1,-1,-1,-1,-1,0,1,1,1,1,2,-1,0,0,0,0,0,0,0,0,0,0,0,0,0,1,1,0,0,-1,-1,0,0,-1,-1,-1,-1,-1,-1,-1,-1,-1,25,63,50,63,CD Numancia,Córdoba,1.48,0.9,1.75,1.25,1.25,1.88,75,38,0,0,0,42,True,True,False,False,False,False,True,Spain_Segunda_División,2016-10-08 16:00:00
2016-2017,9,2,1,3,5,5,10,2,1,0,0,9,6,7,6,16,12,11,12,47,53,Estadio Ramón Sánchez Pizjuán,"Avenida de Eduardo Dato, Sevilla",2,1,2.92,3.21,2.69,0,0,0,0,0,0,0,0,0,0,0,0,0,3,0,0,2,1,3,0,1475949600,305,0,75,0,7180,-1,1,-1,-1,-1,-1,-1,-1,0,1,2,0,1,2,-1,0,0,0,0,0,0,0,0,0,0,0,0,0,1,1,0,0,-1,-1,0,0,-1,-1,-1,-1,-1,-1,-1,-1,-1,50,88,38,63,Sevilla II,Real Zaragoza,1.71,0.95,1.5,0.5,1.0,1.5,50,13,0,0,0,42,True,True,True,False,False,False,True,Spain_Segunda_División,2016-10-08 18:00:00
2016-2017,9,2,0,2,7,6,13,1,2,0,0,6,3,7,4,13,7,17,17,46,54,Estadio Nuevo Carlos Tartiere,"Calle de Ricardo Vázquez Prada, Barrio de la Ería, Oviedo",1,2,2.82,3.29,2.73,0,0,0,0,0,0,0,0,0,0,0,0,0,2,1,0,1,0,1,1,1476007200,309,0,50,0,14124,-1,1,-1,-1,-1,-1,-1,-1,1,0,0,2,1,2,-1,0,0,0,0,0,0,0,1,0,1,0,0,0,1,1,0,0,-1,-1,0,0,-1,-1,-1,-1,-1,-1,-1,-1,-1,50,75,50,63,Real Oviedo,Rayo Vallecano,2.1,0.76,1.25,0.25,1.13,1.38,50,25,0,0,0,42,True,True,False,False,False,False,False,Spain_Segunda_División,2016-10-09 10:00:00
2016-2017,9,2,2,4,4,6,10,0,2,0,0,4,7,3,11,7,18,12,11,46,54,Estadio Municipal de Anduva,"Camino de Anduva, Miranda de Ebro",0,2,2.12,3.38,3.88,0,0,0,0,0,0,0,0,0,0,0,0,0,4,0,2,2,0,2,2,1476021600,-1,0,75,0,3195,-1,1,-1,-1,-1,-1,-1,-1,0,0,0,2,0,2,-1,0,0,0,0,0,0,0,1,0,1,0,0,0,1,1,0,0,-1,-1,0,0,-1,-1,-1,-1,-1,-1,-1,-1,-1,75,88,75,75,Mirandés,CD Lugo,1.19,0.9,2.5,1.5,1.75,2.0,25,13,0,0,0,42,True,True,True,True,False,False,True,Spain_Segunda_División,2016-10-09 14:00:00
2016-2017,9,0,0,0,9,6,15,2,2,0,0,5,3,3,4,8,7,-1,-1,-1,-1,Estadio Ramón de Carranza,"Plaza de Madrid, Cádiz",2,2,2.62,3.22,3.0,0,0,0,0,0,0,0,0,0,0,0,0,0,0,0,0,0,0,0,0,1476028800,-1,0,38,0,12907,-1,1,-1,-1,-1,-1,-1,-1,2,0,0,2,2,2,-1,0,0,0,0,0,0,0,0,0,0,0,0,0,1,1,0,0,-1,-1,0,0,-1,-1,-1,-1,-1,-1,-1,-1,-1,38,75,25,88,Cádiz,Girona FC,1.86,1.33,1.75,1.0,1.0,1.5,63,25,0,0,0,42,False,False,False,False,False,False,False,Spain_Segunda_División,2016-10-09 16:00:00
2016-2017,9,3,0,3,2,6,8,4,1,1,0,4,6,6,5,10,11,-1,-1,-1,-1,Iberostar Estadi,"Camí dels Reis, Palma de Mallorca",5,1,2.13,3.17,4.16,0,0,0,0,0,0,0,0,0,0,0,0,0,3,2,0,1,0,1,2,1476028800,298,0,13,0,8586,-1,1,-1,-1,-1,-1,-1,-1,2,1,3,0,3,3,-1,0,0,0,0,0,0,0,0,0,0,0,0,0,1,1,2,0,-1,-1,0,1,-1,-1,-1,-1,-1,-1,-1,-1,-1,13,25,0,13,RCD Mallorca,SD Huesca,1.52,1.14,1.25,1.0,0.88,1.38,88,75,0,0,0,42,True,True,True,False,False,False,False,Spain_Segunda_División,2016-10-09 16:00:00
2016-2017,9,2,2,4,6,5,11,4,1,0,0,6,5,8,10,14,15,17,11,50,50,Estadio de los Juegos Mediterráneos,"Calle de Belladona, Almería",4,1,3.11,3.18,2.57,0,0,0,0,0,0,0,0,0,0,0,0,0,4,1,0,1,2,3,1,1476028800,-1,0,25,0,7308,-1,1,-1,-1,-1,-1,-1,-1,1,1,3,0,2,3,-1,0,0,0,0,0,0,0,1,0,1,0,0,0,1,1,0,0,-1,-1,1,0,-1,-1,-1,-1,-1,-1,-1,-1,-1,13,38,13,25,Almería,Levante UD,1.86,1.43,1.25,1.75,0.75,2.38,88,63,0,0,0,42,True,True,True,True,False,False,True,Spain_Segunda_División,2016-10-09 16:00:00
2016-2017,10,0,1,1,8,8,16,2,2,0,0,3,6,7,8,10,14,-1,-1,-1,-1,Estadio Anxo Carro,"Avenida de los deportes, Lugo",2,2,2.39,3.14,3.48,0,0,0,0,0,0,0,0,0,0,0,0,0,1,0,0,0,1,1,0,1476540000,293,0,38,0,3761,-1,1,-1,-1,-1,-1,-1,-1,0,1,2,1,1,3,-1,0,0,0,0,0,0,0,0,0,0,0,0,0,1,1,0,0,-1,-1,0,0,-1,-1,-1,-1,-1,-1,-1,-1,-1,38,63,25,63,CD Lugo,Getafe CF,1.71,1.0,2.5,0.5,1.89,1.11,63,38,0,0,0,42,True,False,False,False,False,False,False,Spain_Segunda_División,2016-10-15 14:00:00
2016-2017,10,0,0,0,5,3,8,1,6,0,0,4,0,8,5,12,5,-1,-1,-1,-1,Estadi Municipal de Montilivi,"Avenida Montlivi 141, Girona",1,6,1.86,3.42,5.1,0,0,0,0,0,0,0,0,0,0,0,0,0,0,0,0,0,0,0,0,1476547200,-1,0,50,0,4608,-1,1,-1,-1,-1,-1,-1,-1,1,2,0,4,3,4,-1,0,0,0,0,0,0,0,0,0,0,0,0,0,1,1,0,0,-1,-1,1,0,-1,-1,-1,-1,-1,-1,-1,-1,-1,38,63,38,63,Girona FC,Real Oviedo,2.0,0.81,2.0,1.0,1.44,1.33,63,38,0,0,0,42,False,False,False,False,False,False,False,Spain_Segunda_División,2016-10-15 16:00:00
2016-2017,10,3,0,3,5,12,17,4,2,0,0,9,0,8,7,17,7,-1,-1,-1,-1,Estadio El Alcoraz,"Camino del Alto Cocorón, Huesca",4,2,2.14,3.32,3.89,0,0,0,0,0,0,0,0,0,0,0,0,0,3,1,0,2,0,2,1,1476547200,301,0,50,0,2800,-1,1,-1,-1,-1,-1,-1,-1,1,1,3,1,2,4,-1,0,0,0,0,0,0,0,0,0,0,0,0,0,1,1,0,0,-1,-1,0,0,-1,-1,-1,-1,-1,-1,-1,-1,-1,38,88,38,50,SD Huesca,Mirandés,1.77,0.76,1.75,1.0,1.22,1.67,63,13,0,0,0,42,True,True,True,False,False,False,False,Spain_Segunda_División,2016-10-15 16:00:00
2016-2017,10,0,0,0,8,3,11,4,6,0,1,3,0,7,7,10,7,-1,-1,-1,-1,Estadio Santo Domingo,"Avenida de Pablo Iglesias, Alcorcón",4,7,2.07,3.16,4.43,0,0,0,0,0,0,0,0,0,0,0,0,0,0,0,0,0,0,0,0,1476547200,-1,0,13,0,2276,-1,1,-1,-1,-1,-1,-1,-1,1,4,3,3,5,6,-1,0,0,0,0,0,0,0,0,0,0,0,0,0,1,1,0,0,-1,-1,0,1,-1,-1,-1,-1,-1,-1,-1,-1,-1,25,50,13,38,AD Alcorcón,Almería,1.67,0.57,1.75,0.25,1.0,0.78,75,50,0,0,0,42,False,False,False,False,False,False,False,Spain_Segunda_División,2016-10-15 16:00:00
2016-2017,10,2,1,3,6,3,9,3,4,0,0,5,4,4,10,9,14,19,15,50,50,Estadio Ciudad de Valencia,"Calle San Vicente de Paúl 44, Valencia",3,4,1.91,3.37,4.86,0,0,0,0,0,0,0,0,0,0,0,0,0,3,1,1,1,0,1,2,1476554400,292,0,50,0,11804,-1,1,-1,-1,-1,-1,-1,-1,1,2,2,2,3,4,-1,0,0,0,0,0,0,0,0,0,0,0,0,0,1,1,0,0,-1,-1,0,0,-1,-1,-1,-1,-1,-1,-1,-1,-1,38,63,50,63,Levante UD,RCD Mallorca,2.57,0.62,3.0,0.5,2.22,1.11,63,38,0,0,0,42,True,True,True,False,False,False,True,Spain_Segunda_División,2016-10-15 18:00:00
2016-2017,10,1,3,4,8,4,12,1,3,0,0,6,5,9,2,15,7,11,15,57,43,Estadio de la Romareda,"Calle de Eduardo Ibarra 6, Zaragoza",1,3,2.09,3.27,4.16,0,0,0,0,0,0,0,0,0,0,0,0,0,4,0,3,1,0,1,3,1476612000,295,0,50,0,16066,-1,1,-1,-1,-1,-1,-1,-1,0,0,1,3,0,4,-1,0,0,0,0,0,0,0,0,0,0,0,0,0,1,1,0,0,-1,-1,0,0,-1,-1,-1,-1,-1,-1,-1,-1,-1,38,75,38,63,Real Zaragoza,Elche CF,1.43,0.86,2.5,1.0,1.33,1.22,63,25,0,0,0,42,True,True,True,True,False,False,True,Spain_Segunda_División,2016-10-16 10:00:00
2016-2017,10,0,1,1,9,9,18,3,2,0,0,8,5,6,3,14,8,-1,-1,-1,-1,Estadio Nuevo Arcángel,"Avenida del Arcángel, Córdoba",3,2,1.88,3.39,5.04,0,0,0,0,0,0,0,0,0,0,0,0,0,1,0,0,0,1,1,0,1476626400,305,0,38,0,15270,-1,1,-1,-1,-1,-1,-1,-1,0,1,3,1,1,4,-1,0,0,0,0,0,0,0,0,0,0,0,0,0,1,1,0,0,-1,-1,0,0,-1,-1,-1,-1,-1,-1,-1,-1,-1,13,50,25,75,Córdoba,Sevilla II,1.71,0.81,2.5,0.5,1.78,1.22,88,50,0,0,0,42,True,False,False,False,False,False,False,Spain_Segunda_División,2016-10-16 14:00:00
2016-2017,10,3,3,6,8,4,12,1,1,0,0,6,6,6,3,12,9,-1,-1,-1,-1,Estadio del Rayo Vallecano (de Vallecas Teresa Rivero) (Madrid),"Calle Payaso Fofó, Madrid",1,1,1.86,3.47,5.0,0,0,0,0,0,0,0,0,0,0,0,0,0,6,1,1,2,2,4,2,1476633600,-1,0,25,0,9224,-1,1,-1,-1,-1,-1,-1,-1,1,0,0,1,1,1,-1,0,0,0,0,0,0,0,0,0,0,0,0,0,1,1,0,1,-1,-1,0,0,-1,-1,-1,-1,-1,-1,-1,-1,-1,25,50,13,38,Rayo Vallecano,CD Numancia,1.76,0.9,2.5,0.75,1.22,1.22,75,50,0,0,0,42,True,True,True,True,True,True,True,Spain_Segunda_División,2016-10-16 16:00:00
2016-2017,10,0,2,2,5,3,8,2,0,0,0,4,4,7,4,11,8,-1,-1,-1,-1,Estadio de La Condomina,"Ronda de Garay 14, Murcia",2,0,2.5,3.01,3.42,0,0,0,0,0,0,0,0,0,0,0,0,0,2,0,2,0,0,0,2,1476633600,307,0,50,0,4036,-1,1,-1,-1,-1,-1,-1,-1,0,0,2,0,0,2,-1,0,0,0,0,0,0,0,0,0,0,0,0,0,1,1,0,1,-1,-1,0,0,-1,-1,-1,-1,-1,-1,-1,-1,-1,25,63,13,38,UCAM Murcia CF,CF Reus Deportiu,1.29,1.19,1.5,1.75,1.22,1.56,75,38,0,0,0,42,True,True,False,False,False,False,False,Spain_Segunda_División,2016-10-16 16:00:00
2016-2017,10,1,2,3,8,3,11,3,3,1,0,4,7,7,14,11,21,-1,-1,-1,-1,Nou Estadi de Tarragona,"Camí del Llorito, Tarragona",4,3,2.54,3.14,3.19,0,0,0,0,0,0,0,0,0,0,0,0,0,3,1,1,0,1,1,2,1476633600,297,0,50,0,5087,-1,1,-1,-1,-1,-1,-1,-1,2,1,2,2,3,4,-1,0,0,0,0,0,0,0,0,0,0,0,0,0,1,1,0,0,-1,-1,0,0,-1,-1,-1,-1,-1,-1,-1,-1,-1,25,50,38,63,Gimnàstic de Tarragona,Real Valladolid,1.43,1.05,1.0,0.25,0.67,1.11,75,50,0,0,0,42,True,True,True,False,False,False,True,Spain_Segunda_División,2016-10-16 16:00:00
2016-2017,10,1,1,2,9,4,13,1,3,0,1,11,5,7,8,18,13,15,12,55,45,Estadio Heliodoro Rodríguez Lopéz,"Avenida de San Sebastián, Tenerife",1,5,2.12,3.13,4.27,0,0,0,0,0,0,0,0,0,0,0,0,0,2,0,0,1,1,2,0,1476640800,-1,0,38,0,8425,-1,1,-1,-1,-1,-1,-1,-1,0,2,1,2,2,3,-1,0,0,0,0,0,0,0,0,0,0,0,0,0,1,1,0,0,-1,-1,0,0,-1,-1,-1,-1,-1,-1,-1,-1,-1,25,50,13,50,CD Tenerife,Cádiz,1.96,1.18,1.5,0.25,1.11,1.0,75,50,0,0,0,44,True,True,False,False,False,False,True,Spain_Segunda_División,2016-10-16 18:00:00
2016-2017,11,1,1,2,6,4,10,2,4,0,0,5,3,9,7,14,10,-1,-1,-1,-1,Estadio Manuel Martínez Valero,"Avenida Manuel Martínez Valero 3, Elche",2,4,2.42,3.17,3.38,0,0,0,0,0,0,0,0,0,0,0,0,0,2,1,0,0,1,1,1,1477144800,-1,0,60,0,7053,-1,1,-1,-1,-1,-1,-1,-1,2,1,0,3,3,3,-1,0,0,0,0,0,0,0,0,0,0,0,0,0,1,1,0,0,-1,-1,0,1,-1,-1,-1,-1,-1,-1,-1,-1,-1,50,80,50,70,Elche CF,Córdoba,1.19,0.9,1.4,1.2,1.4,1.6,50,20,0,0,0,42,True,True,False,False,False,False,True,Spain_Segunda_División,2016-10-22 14:00:00
2016-2017,11,2,1,3,2,4,6,2,1,0,0,5,8,7,2,12,10,-1,-1,-1,-1,Estadio Camp Nou Municipal,"Calle Recasens i Mercadé 8, Reus",2,1,2.58,3.02,3.26,0,0,0,0,0,0,0,0,0,0,0,0,0,3,2,0,0,1,1,2,1477152000,307,0,60,0,3992,-1,1,-1,-1,-1,-1,-1,-1,0,1,2,0,1,2,-1,0,0,0,0,0,0,0,0,0,0,0,0,0,1,1,0,0,-1,-1,0,1,-1,-1,-1,-1,-1,-1,-1,-1,-1,40,70,50,60,CF Reus Deportiu,CD Lugo,1.43,0.9,1.4,1.4,1.7,1.7,60,30,0,0,0,42,True,True,True,False,False,False,True,Spain_Segunda_División,2016-10-22 16:00:00
2016-2017,11,1,1,2,7,3,10,4,4,0,0,5,2,6,5,11,7,-1,-1,-1,-1,Coliseum Alfonso Pérez,"Avenida de Teresa de Calcuta, Getafe",4,4,2.09,3.24,4.19,0,0,0,0,0,0,0,0,0,0,0,0,0,2,0,0,1,1,2,0,1477152000,-1,0,30,0,3850,-1,1,-1,-1,-1,-1,-1,-1,2,1,2,3,3,5,-1,0,0,0,0,0,0,0,0,0,0,0,0,0,1,1,0,0,-1,-1,0,0,-1,-1,-1,-1,-1,-1,-1,-1,-1,30,70,10,30,Getafe CF,SD Huesca,2.26,1.14,1.6,0.8,1.3,1.4,70,30,0,0,0,44,True,True,False,False,False,False,True,Spain_Segunda_División,2016-10-22 16:00:00
2016-2017,11,1,2,3,7,3,10,1,1,0,0,5,4,13,5,18,9,-1,-1,-1,-1,Nuevo Estadio Los Pajaritos,"Avenida Mariano Vicen 16, Soria",1,1,2.12,3.25,4.08,0,0,0,0,0,0,0,0,0,0,0,0,0,3,1,1,0,1,1,2,1477152000,305,0,50,0,2638,-1,1,-1,-1,-1,-1,-1,-1,0,1,1,0,1,1,-1,0,0,0,0,0,0,0,0,0,0,0,0,0,1,1,0,0,-1,-1,0,0,-1,-1,-1,-1,-1,-1,-1,-1,-1,10,50,30,60,CD Numancia,Sevilla II,1.48,0.81,1.6,1.0,1.2,1.4,90,50,0,0,0,42,True,True,True,False,False,False,True,Spain_Segunda_División,2016-10-22 16:00:00
2016-2017,11,1,0,1,3,5,8,2,2,0,0,6,3,11,11,17,14,9,16,47,53,Estadio del Rayo Vallecano (de Vallecas Teresa Rivero) (Madrid),"Calle Payaso Fofó, Madrid",2,2,2.07,3.4,4.05,0,0,0,0,0,0,0,0,0,0,0,0,0,1,0,0,1,0,1,0,1477159200,291,0,30,0,7187,-1,1,-1,-1,-1,-1,-1,-1,0,1,2,1,1,3,-1,0,0,0,0,0,0,0,0,0,0,0,0,0,1,1,0,0,-1,-1,0,0,-1,-1,-1,-1,-1,-1,-1,-1,-1,40,60,20,70,Rayo Vallecano,Girona FC,1.76,1.33,2.2,1.0,1.2,1.4,60,40,0,0,0,42,True,False,False,False,False,False,False,Spain_Segunda_División,2016-10-22 18:00:00
2016-2017,11,1,0,1,5,4,9,5,4,0,1,5,3,6,2,11,5,-1,-1,-1,-1,Iberostar Estadi,"Camí dels Reis, Palma de Mallorca",5,5,2.21,3.07,4.03,0,0,0,0,0,0,0,0,0,0,0,0,0,1,0,0,1,0,1,0,1477216800,298,0,20,0,7884,-1,1,-1,-1,-1,-1,-1,-1,1,2,4,3,3,7,-1,0,0,0,0,0,0,0,2,1,1,0,1,1,1,1,0,0,-1,-1,0,1,-1,-1,-1,-1,-1,-1,-1,-1,-1,10,60,40,70,RCD Mallorca,AD Alcorcón,1.52,0.71,1.6,0.4,1.0,1.0,90,40,0,0,0,42,True,False,False,False,False,False,False,Spain_Segunda_División,2016-10-23 10:00:00
2016-2017,11,0,0,0,8,3,11,1,3,0,1,7,3,10,1,17,4,8,16,64,36,Estadio Municipal José Zorrilla,"Avenida del Mundial 82, Valladolid",1,5,2.08,3.34,4.09,0,0,0,0,0,0,0,0,0,0,0,0,0,0,0,0,0,0,0,0,1477216800,-1,0,60,0,8324,-1,1,-1,-1,-1,-1,-1,-1,0,2,1,2,2,3,-1,0,0,0,0,0,0,0,0,0,0,0,0,0,1,1,0,0,-1,-1,0,0,-1,-1,-1,-1,-1,-1,-1,-1,-1,60,70,50,60,Real Valladolid,Real Zaragoza,1.95,0.95,1.8,0.4,1.3,1.2,40,30,0,0,0,42,False,False,False,False,False,False,False,Spain_Segunda_División,2016-10-23 10:00:00
2016-2017,11,3,0,3,1,3,4,3,3,0,1,7,3,2,4,9,7,-1,-1,-1,-1,Estadio de los Juegos Mediterráneos,"Calle de Belladona, Almería",3,4,2.25,3.17,3.78,0,0,0,0,0,0,0,0,0,0,0,0,0,3,1,0,2,0,2,1,1477231200,296,0,40,0,7072,-1,1,-1,-1,-1,-1,-1,-1,0,2,3,2,2,5,-1,0,0,0,0,0,0,0,0,0,0,0,0,0,1,1,0,0,-1,-1,0,0,-1,-1,-1,-1,-1,-1,-1,-1,-1,30,60,20,50,Almería,Gimnàstic de Tarragona,1.86,1.05,1.2,0.4,0.8,0.6,70,40,0,0,0,42,True,True,True,False,False,False,False,Spain_Segunda_División,2016-10-23 14:00:00
2016-2017,11,2,2,4,4,9,13,2,4,1,0,4,4,5,6,9,10,-1,-1,-1,-1,Estadio Ramón de Carranza,"Plaza de Madrid, Cádiz",3,4,2.39,3.05,3.58,0,0,0,0,0,0,0,0,0,0,0,0,0,4,2,0,0,2,2,2,1477238400,-1,0,30,0,8987,-1,1,-1,-1,-1,-1,-1,-1,0,2,3,2,2,5,-1,0,0,0,0,0,0,0,0,0,0,0,0,0,1,1,1,0,-1,-1,0,0,-1,-1,-1,-1,-1,-1,-1,-1,-1,20,60,20,40,Cádiz,UCAM Murcia CF,1.86,1.0,1.6,1.0,1.0,1.1,80,40,0,0,0,42,True,True,True,True,False,False,True,Spain_Segunda_División,2016-10-23 16:00:00
2016-2017,11,0,3,3,1,6,7,1,1,1,0,5,7,6,11,11,18,13,12,51,49,Estadio Municipal de Anduva,"Camino de Anduva, Miranda de Ebro",2,1,3.06,3.22,2.58,0,0,0,0,0,0,0,0,0,0,0,0,0,3,0,1,0,2,2,1,1477238400,292,0,70,0,3288,-1,1,-1,-1,-1,-1,-1,-1,0,1,2,0,1,2,-1,0,0,0,0,0,0,0,0,0,0,0,0,0,1,1,0,0,-1,-1,0,0,-1,-1,-1,-1,-1,-1,-1,-1,-1,50,70,40,60,Mirandés,Levante UD,1.19,1.43,2.2,1.6,1.5,2.3,50,30,0,0,0,42,True,True,True,False,False,False,False,Spain_Segunda_División,2016-10-23 16:00:00
2016-2017,11,2,0,2,2,3,5,2,2,0,0,8,4,2,9,10,13,14,20,51,49,Estadio Nuevo Carlos Tartiere,"Calle de Ricardo Vázquez Prada, Barrio de la Ería, Oviedo",2,2,2.25,3.16,3.8,0,0,0,0,0,0,0,0,0,0,0,0,0,2,1,0,1,0,1,1,1477245600,309,0,30,0,13161,-1,1,-1,-1,-1,-1,-1,-1,2,1,0,1,3,1,-1,0,0,0,0,0,0,0,0,0,0,0,0,0,1,1,0,0,-1,-1,0,0,-1,-1,-1,-1,-1,-1,-1,-1,-1,30,50,20,50,Real Oviedo,CD Tenerife,2.1,1.17,1.6,0.8,1.3,1.1,70,50,0,0,0,42,True,True,False,False,False,False,False,Spain_Segunda_División,2016-10-23 18:00:00
2016-2017,12,2,1,3,6,6,12,1,2,0,1,5,3,6,6,11,9,-1,-1,-1,-1,Estadio El Alcoraz,"Camino del Alto Cocorón, Huesca",1,3,2.23,3.21,3.77,0,0,0,0,0,0,0,0,0,0,0,0,0,3,0,1,2,0,2,1,1477749600,301,0,20,0,2974,-1,1,-1,-1,-1,-1,-1,-1,1,2,0,1,3,1,-1,0,0,0,0,0,0,0,1,0,1,0,0,0,1,1,0,0,-1,-1,0,0,-1,-1,-1,-1,-1,-1,-1,-1,-1,30,70,20,40,SD Huesca,CF Reus Deportiu,1.77,1.19,2.0,2.0,1.36,1.82,70,30,0,0,0,42,True,True,True,False,False,False,True,Spain_Segunda_División,2016-10-29 14:00:00
2016-2017,12,3,2,5,6,4,10,3,4,0,0,8,5,6,7,14,12,-1,-1,-1,-1,Estadio Heliodoro Rodríguez Lopéz,"Avenida de San Sebastián, Tenerife",3,4,2.63,3.14,3.06,0,0,0,0,0,0,0,0,0,0,0,0,0,5,2,1,1,1,2,3,1477756800,311,0,50,0,7416,-1,1,-1,-1,-1,-1,-1,-1,0,1,3,3,1,6,-1,0,0,0,0,0,0,0,0,0,0,0,0,0,1,1,0,0,-1,-1,0,0,-1,-1,-1,-1,-1,-1,-1,-1,-1,30,70,30,70,CD Tenerife,Rayo Vallecano,1.96,0.76,1.4,0.2,1.0,1.36,70,30,0,0,0,42,True,True,True,True,True,False,True,Spain_Segunda_División,2016-10-29 16:00:00
2016-2017,12,2,1,3,3,7,10,5,5,0,0,7,3,6,3,13,6,17,14,38,62,Estadio de la Romareda,"Calle de Eduardo Ibarra 6, Zaragoza",5,5,2.06,3.38,4.1,0,0,0,0,0,0,0,0,0,0,0,0,0,3,1,0,1,1,2,1,1477756800,299,0,40,0,15184,-1,1,-1,-1,-1,-1,-1,-1,1,2,4,3,3,7,-1,0,0,0,0,0,0,0,0,1,0,1,0,0,1,1,0,0,-1,-1,0,0,-1,-1,-1,-1,-1,-1,-1,-1,-1,40,80,40,70,Real Zaragoza,Almería,1.43,0.57,2.0,0.4,1.18,1.0,60,20,0,0,0,42,True,True,True,False,False,False,True,Spain_Segunda_División,2016-10-29 16:00:00
2016-2017,12,1,1,2,8,4,12,2,1,0,0,4,6,3,9,7,15,12,10,48,52,Estadio Nuevo Arcángel,"Avenida del Arcángel, Córdoba",2,1,2.19,3.25,3.83,0,0,0,0,0,0,0,0,0,0,0,0,0,2,1,1,0,0,0,2,1477764000,-1,0,30,0,13227,-1,1,-1,-1,-1,-1,-1,-1,0,0,2,1,0,3,-1,0,0,0,0,0,0,0,0,0,0,0,0,0,1,1,0,0,-1,-1,0,0,-1,-1,-1,-1,-1,-1,-1,-1,-1,30,40,30,80,Córdoba,Real Valladolid,1.71,1.05,2.0,0.8,1.55,1.27,70,60,0,0,0,42,True,True,False,False,False,False,True,Spain_Segunda_División,2016-10-29 18:00:00
2016-2017,12,3,0,3,5,3,8,2,4,0,0,5,3,6,8,11,11,28,14,52,48,Estadi Municipal de Montilivi,"Avenida Montlivi 141, Girona",2,4,2.07,3.29,4.2,0,0,0,0,0,0,0,0,0,0,0,0,0,3,3,0,0,0,0,3,1477825200,312,0,60,0,4786,-1,1,-1,-1,-1,-1,-1,-1,2,3,0,1,5,1,-1,0,0,0,0,0,0,0,0,0,0,0,0,0,1,1,1,0,-1,-1,0,0,-1,-1,-1,-1,-1,-1,-1,-1,-1,40,60,40,40,Girona FC,CD Numancia,2.0,0.9,1.8,0.8,1.27,1.09,60,40,0,0,0,42,True,True,True,False,False,False,False,Spain_Segunda_División,2016-10-30 11:00:00
2016-2017,12,2,0,2,7,4,11,2,2,0,0,10,3,7,9,17,12,15,16,56,44,Estadio Ramón Sánchez Pizjuán,"Avenida de Eduardo Dato, Sevilla",2,2,2.62,3.17,3.05,0,0,0,0,0,0,0,0,0,0,0,0,0,2,0,0,2,0,2,0,1477825200,305,0,70,0,11815,-1,1,-1,-1,-1,-1,-1,-1,1,2,1,0,3,1,-1,0,0,0,0,0,0,0,0,0,0,0,0,0,1,1,0,0,-1,-1,0,0,-1,-1,-1,-1,-1,-1,-1,-1,-1,50,90,20,50,Sevilla II,Elche CF,1.71,0.86,1.8,1.4,1.55,1.36,50,10,0,0,0,42,True,True,False,False,False,False,False,Spain_Segunda_División,2016-10-30 11:00:00
2016-2017,12,0,1,1,5,4,9,1,4,0,0,7,4,7,2,14,6,7,21,73,27,Estadio Anxo Carro,"Avenida de los deportes, Lugo",1,4,2.07,3.32,4.13,0,0,0,0,0,0,0,0,0,0,0,0,0,1,0,0,0,1,1,0,1477839600,310,0,50,0,4645,-1,1,-1,-1,-1,-1,-1,-1,0,2,1,2,2,3,-1,0,0,0,0,0,0,0,0,0,0,0,0,0,1,1,0,0,-1,-1,0,0,-1,-1,-1,-1,-1,-1,-1,-1,-1,40,60,30,50,CD Lugo,Cádiz,1.71,1.18,2.0,0.4,1.55,1.0,60,40,0,0,0,42,True,False,False,False,False,False,False,Spain_Segunda_División,2016-10-30 15:00:00
2016-2017,12,0,1,1,8,2,10,0,4,0,0,3,2,6,2,9,4,-1,-1,-1,-1,Estadio de La Condomina,"Ronda de Garay 14, Murcia",0,4,2.53,3.1,3.26,0,0,0,0,0,0,0,0,0,0,0,0,0,1,0,1,0,0,0,1,1477846800,309,0,40,0,4413,-1,1,-1,-1,-1,-1,-1,-1,0,2,0,2,2,2,-1,0,0,0,0,0,0,0,1,0,0,0,1,0,1,1,0,0,-1,-1,0,0,-1,-1,-1,-1,-1,-1,-1,-1,-1,30,70,30,70,UCAM Murcia CF,Real Oviedo,1.29,0.81,1.2,1.0,1.09,1.45,70,30,0,0,0,42,True,False,False,False,False,False,False,Spain_Segunda_División,2016-10-30 17:00:00
2016-2017,12,1,0,1,5,3,8,2,4,0,0,2,3,8,8,10,11,-1,-1,-1,-1,Estadio Santo Domingo,"Avenida de Pablo Iglesias, Alcorcón",2,4,2.13,3.25,4.03,0,0,0,0,0,0,0,0,0,0,0,0,0,1,0,0,1,0,1,0,1477846800,302,0,30,0,2508,-1,1,-1,-1,-1,-1,-1,-1,0,2,2,2,2,4,-1,0,0,0,0,0,0,0,0,0,0,0,0,0,1,1,0,0,-1,-1,0,0,-1,-1,-1,-1,-1,-1,-1,-1,-1,20,40,20,30,AD Alcorcón,Mirandés,1.67,0.76,1.6,0.8,0.91,1.36,80,60,0,0,0,42,True,False,False,False,False,False,False,Spain_Segunda_División,2016-10-30 17:00:00
2016-2017,12,2,2,4,5,4,9,4,5,1,0,5,7,5,5,10,12,18,13,52,48,Nou Estadi de Tarragona,"Camí del Llorito, Tarragona",6,5,2.49,3.18,3.23,0,0,0,0,0,0,0,0,0,0,0,0,0,4,1,0,1,2,3,1,1477846800,-1,0,70,0,5731,-1,1,-1,-1,-1,-1,-1,-1,2,2,3,3,4,6,-1,0,0,0,0,0,0,0,0,0,0,0,0,0,1,1,0,0,-1,-1,0,0,-1,-1,-1,-1,-1,-1,-1,-1,-1,40,70,50,60,Gimnàstic de Tarragona,RCD Mallorca,1.43,0.62,0.8,0.4,0.55,1.18,60,30,0,0,0,42,True,True,True,True,False,False,True,Spain_Segunda_División,2016-10-30 17:00:00
2016-2017,12,1,1,2,1,5,6,1,3,0,0,3,4,3,8,6,12,9,10,58,42,Estadio Ciudad de Valencia,"Calle San Vicente de Paúl 44, Valencia",1,3,1.85,3.52,4.95,0,0,0,0,0,0,0,0,0,0,0,0,0,2,1,1,0,0,0,2,1477854000,-1,0,40,0,12766,-1,1,-1,-1,-1,-1,-1,-1,1,2,0,1,3,1,-1,0,0,0,0,0,0,0,0,0,0,0,0,0,1,1,0,1,-1,-1,0,0,-1,-1,-1,-1,-1,-1,-1,-1,-1,40,70,40,60,Levante UD,Getafe CF,2.57,1.0,3.0,1.0,2.36,1.27,60,30,0,0,0,42,True,True,False,False,False,False,True,Spain_Segunda_División,2016-10-30 19:00:00
2016-2017,13,1,0,1,6,6,12,1,4,0,0,4,4,6,4,10,8,-1,-1,-1,-1,Estadio Ramón de Carranza,"Plaza de Madrid, Cádiz",1,4,2.27,3.15,3.74,0,0,0,0,0,0,0,0,0,0,0,0,0,1,0,0,1,0,1,0,1478358000,310,0,33,0,10821,-1,1,-1,-1,-1,-1,-1,-1,1,2,0,2,3,2,-1,0,0,0,0,0,0,0,0,1,0,0,0,1,1,1,0,0,-1,-1,0,1,-1,-1,-1,-1,-1,-1,-1,-1,-1,33,67,25,42,Cádiz,SD Huesca,1.86,1.14,1.5,0.83,1.17,1.5,67,33,0,0,0,44,True,False,False,False,False,False,False,Spain_Segunda_División,2016-11-05 15:00:00
2016-2017,13,1,1,2,7,2,9,1,4,0,0,5,3,6,5,11,8,-1,-1,-1,-1,Estadi Municipal de Montilivi,"Avenida Montlivi 141, Girona",1,4,2.0,3.3,4.5,0,0,0,0,0,0,0,0,0,0,0,0,0,2,1,1,0,0,0,2,1478365200,-1,0,42,0,4452,-1,1,-1,-1,-1,-1,-1,-1,0,2,1,2,2,3,-1,0,0,0,0,0,0,0,0,0,0,0,0,0,1,1,0,1,-1,-1,0,0,-1,-1,-1,-1,-1,-1,-1,-1,-1,42,59,34,59,Girona FC,CD Tenerife,2.0,1.17,2.0,0.67,1.42,1.17,59,42,0,0,0,42,True,True,False,False,False,False,True,Spain_Segunda_División,2016-11-05 17:00:00
2016-2017,13,0,1,1,6,2,8,2,0,0,0,3,4,10,5,13,9,-1,-1,-1,-1,Estadio del Rayo Vallecano (de Vallecas Teresa Rivero) (Madrid),"Calle Payaso Fofó, Madrid",2,0,1.93,3.41,4.69,0,0,0,0,0,0,0,0,0,0,0,0,0,1,0,0,0,1,1,0,1478365200,308,0,34,0,6772,-1,1,-1,-1,-1,-1,-1,-1,0,0,2,0,0,2,-1,0,0,0,0,0,0,0,0,0,0,0,0,0,1,1,0,0,-1,-1,0,0,-1,-1,-1,-1,-1,-1,-1,-1,-1,33,59,25,42,Rayo Vallecano,UCAM Murcia CF,1.76,1.0,2.33,1.0,1.25,1.0,67,42,0,0,0,42,True,False,False,False,False,False,False,Spain_Segunda_División,2016-11-05 17:00:00
2016-2017,13,2,0,2,6,5,11,2,3,0,0,6,7,7,7,13,14,-1,-1,-1,-1,Estadio Municipal José Zorrilla,"Avenida del Mundial 82, Valladolid",2,3,1.93,3.41,4.69,0,0,0,0,0,0,0,0,0,0,0,0,0,2,0,0,2,0,2,0,1478365200,297,0,42,0,7693,-1,1,-1,-1,-1,-1,-1,-1,1,1,1,2,2,3,-1,0,0,0,0,0,0,0,0,0,0,0,0,0,1,1,0,0,-1,-1,0,0,-1,-1,-1,-1,-1,-1,-1,-1,-1,25,50,33,50,Real Valladolid,Sevilla II,1.95,0.81,1.67,1.33,1.25,1.67,75,50,0,0,0,42,True,True,False,False,False,False,False,Spain_Segunda_División,2016-11-05 17:00:00
2016-2017,13,2,2,4,5,7,12,1,2,0,0,0,0,0,0,0,0,16,17,-1,-1,Iberostar Estadi,"Camí dels Reis, Palma de Mallorca",1,2,2.25,3.23,3.7,0,0,0,0,0,0,0,0,0,0,0,0,0,4,0,1,2,1,3,1,1478372400,-1,0,34,0,8178,-1,1,-1,-1,-1,-1,-1,-1,0,1,1,1,1,2,-1,0,0,0,0,0,0,0,0,0,0,0,0,0,1,1,0,0,-1,-1,0,1,-1,-1,-1,-1,-1,-1,-1,-1,-1,42,42,34,42,RCD Mallorca,Real Zaragoza,1.52,0.95,1.83,0.5,1.17,1.33,58,58,0,0,0,42,True,True,True,True,False,False,True,Spain_Segunda_División,2016-11-05 19:00:00
2016-2017,13,0,1,1,4,4,8,2,5,0,0,3,5,5,6,8,11,-1,-1,-1,-1,Estadio Municipal de Anduva,"Camino de Anduva, Miranda de Ebro",2,5,2.15,3.36,3.81,0,0,0,0,0,0,0,0,0,0,0,0,0,1,0,0,0,1,1,0,1478430000,303,0,58,0,2962,-1,1,-1,-1,-1,-1,-1,-1,0,0,2,5,0,7,-1,0,0,0,0,0,0,0,0,0,0,0,0,0,1,1,0,0,-1,-1,0,0,-1,-1,-1,-1,-1,-1,-1,-1,-1,58,84,42,75,Mirandés,Gimnàstic de Tarragona,1.19,1.05,1.83,0.33,1.25,0.58,42,17,0,0,0,42,True,False,False,False,False,False,False,Spain_Segunda_División,2016-11-06 11:00:00
2016-2017,13,2,2,4,3,3,6,1,6,0,0,4,7,12,0,16,7,-1,-1,-1,-1,Nuevo Estadio Los Pajaritos,"Avenida Mariano Vicen 16, Soria",1,6,2.12,3.36,3.9,0,0,0,0,0,0,0,0,0,0,0,0,0,4,2,0,0,2,2,2,1478444400,-1,0,59,0,2386,-1,1,-1,-1,-1,-1,-1,-1,0,3,1,3,3,4,-1,0,0,0,0,0,0,0,1,0,0,0,1,0,1,1,1,0,-1,-1,0,1,-1,-1,-1,-1,-1,-1,-1,-1,-1,42,75,42,67,CD Numancia,Elche CF,1.48,0.86,1.33,1.17,1.0,1.25,59,25,0,0,0,42,True,True,True,True,False,False,True,Spain_Segunda_División,2016-11-06 15:00:00
2016-2017,13,1,1,2,8,3,11,1,3,0,0,4,3,10,2,14,5,14,19,53,47,Estadio Nuevo Carlos Tartiere,"Calle de Ricardo Vázquez Prada, Barrio de la Ería, Oviedo",1,3,2.13,3.28,3.99,0,0,0,0,0,0,0,0,0,0,0,0,0,2,0,1,1,0,1,1,1478451600,-1,0,42,0,13022,-1,1,-1,-1,-1,-1,-1,-1,1,0,0,3,1,3,-1,0,0,0,0,0,0,0,0,0,0,0,0,0,1,1,0,0,-1,-1,0,0,-1,-1,-1,-1,-1,-1,-1,-1,-1,50,75,50,67,Real Oviedo,CD Lugo,2.1,0.9,1.83,1.17,1.58,1.42,50,25,0,0,0,42,True,True,False,False,False,False,True,Spain_Segunda_División,2016-11-06 17:00:00
2016-2017,13,1,0,1,7,2,9,2,2,0,1,5,4,9,5,14,9,-1,-1,-1,-1,Coliseum Alfonso Pérez,"Avenida de Teresa de Calcuta, Getafe",2,4,2.12,3.2,4.15,0,0,0,0,0,0,0,0,0,0,0,0,0,1,0,0,1,0,1,0,1478451600,293,0,42,0,5668,-1,1,-1,-1,-1,-1,-1,-1,1,2,1,1,3,2,-1,0,0,0,0,0,0,0,0,0,0,0,0,0,1,1,0,0,-1,-1,0,0,-1,-1,-1,-1,-1,-1,-1,-1,-1,9,83,25,58,Getafe CF,AD Alcorcón,2.26,0.71,1.5,0.33,1.25,1.08,92,17,0,0,0,42,True,False,False,False,False,False,False,Spain_Segunda_División,2016-11-06 17:00:00
2016-2017,13,3,1,4,4,9,13,1,3,0,0,4,4,3,5,7,9,-1,-1,-1,-1,Estadio de los Juegos Mediterráneos,"Calle de Belladona, Almería",1,3,2.43,3.21,3.31,0,0,0,0,0,0,0,0,0,0,0,0,0,4,3,1,0,0,0,4,1478451600,296,0,50,0,8017,-1,1,-1,-1,-1,-1,-1,-1,1,1,0,2,2,2,-1,0,0,0,0,0,0,0,0,0,0,0,0,0,1,1,0,0,-1,-1,0,0,-1,-1,-1,-1,-1,-1,-1,-1,-1,34,75,25,59,Almería,Córdoba,1.86,0.9,1.5,1.17,0.92,1.5,67,25,0,0,0,42,True,True,True,True,False,False,True,Spain_Segunda_División,2016-11-06 17:00:00
2016-2017,13,0,1,1,4,3,7,4,1,0,0,6,7,9,6,15,13,12,15,59,41,Estadio Camp Nou Municipal,"Calle Recasens i Mercadé 8, Reus",4,1,2.98,3.15,2.69,0,0,0,0,0,0,0,0,0,0,0,0,0,1,0,0,0,1,1,0,1478458800,292,0,50,0,4107,-1,1,-1,-1,-1,-1,-1,-1,0,0,4,1,0,5,-1,0,0,0,0,0,0,0,0,0,0,0,0,0,1,1,0,0,-1,-1,0,0,-1,-1,-1,-1,-1,-1,-1,-1,-1,25,59,17,50,CF Reus Deportiu,Levante UD,1.43,1.43,1.67,1.83,1.67,2.25,75,42,0,0,0,42,True,False,False,False,False,False,False,Spain_Segunda_División,2016-11-06 19:00:00
2016-2017,14,0,2,2,10,1,11,3,1,0,0,5,3,9,4,14,7,-1,-1,-1,-1,Estadio Nuevo Arcángel,"Avenida del Arcángel, Córdoba",3,1,2.48,3.08,3.35,0,0,0,0,0,0,0,0,0,0,0,0,0,2,0,0,0,2,2,0,1478890800,298,0,50,0,11946,-1,1,-1,-1,-1,-1,-1,-1,1,0,2,1,1,3,-1,0,0,0,0,0,0,0,0,0,0,0,0,0,1,1,0,0,-1,-1,0,0,-1,-1,-1,-1,-1,-1,-1,-1,-1,34,59,33,75,Córdoba,RCD Mallorca,1.71,0.62,1.83,0.5,1.38,1.15,67,42,0,0,0,42,True,True,False,False,False,False,False,Spain_Segunda_División,2016-11-11 19:00:00
2016-2017,14,2,0,2,7,7,14,4,2,0,0,6,7,2,9,8,16,-1,-1,-1,-1,Estadio Manuel Martínez Valero,"Avenida Manuel Martínez Valero 3, Elche",4,2,2.56,3.16,3.14,0,0,0,0,0,0,0,0,0,0,0,0,0,2,1,0,1,0,1,1,1478952000,295,0,59,0,6775,-1,1,-1,-1,-1,-1,-1,-1,1,1,3,1,2,4,-1,0,0,0,0,0,0,0,0,0,0,0,0,0,1,1,1,0,-1,-1,0,0,-1,-1,-1,-1,-1,-1,-1,-1,-1,50,67,50,83,Elche CF,Real Valladolid,1.19,1.05,1.33,0.83,1.23,1.38,50,34,0,0,0,42,True,True,False,False,False,False,False,Spain_Segunda_División,2016-11-12 12:00:00
2016-2017,14,4,0,4,3,2,5,1,2,0,1,8,0,6,2,14,2,-1,-1,-1,-1,Estadio El Alcoraz,"Camino del Alto Cocorón, Huesca",1,3,2.33,3.09,3.66,0,0,0,0,0,0,0,0,0,0,0,0,0,4,3,0,1,0,1,3,1478962800,301,0,25,0,3057,-1,1,-1,-1,-1,-1,-1,-1,1,1,0,2,2,2,-1,0,0,0,0,0,0,0,0,0,0,0,0,0,1,1,0,0,-1,-1,0,0,-1,-1,-1,-1,-1,-1,-1,-1,-1,42,67,17,67,SD Huesca,Real Oviedo,1.77,0.81,2.17,1.33,1.38,1.54,58,34,0,0,0,42,True,True,True,True,False,False,False,Spain_Segunda_División,2016-11-12 15:00:00
2016-2017,14,1,0,1,3,4,7,2,3,0,0,5,3,2,8,7,11,-1,-1,-1,-1,Nou Estadi de Tarragona,"Camí del Llorito, Tarragona",2,3,3.0,3.05,2.75,0,0,0,0,0,0,0,0,0,0,0,0,0,1,1,0,0,0,0,1,1478962800,303,0,58,0,4405,-1,1,-1,-1,-1,-1,-1,-1,1,1,1,2,2,3,-1,0,0,0,0,0,0,0,0,0,0,0,0,0,1,1,0,0,-1,-1,0,0,-1,-1,-1,-1,-1,-1,-1,-1,-1,34,75,34,59,Gimnàstic de Tarragona,Getafe CF,1.43,1.0,0.83,1.0,0.77,1.38,67,25,0,0,0,42,True,False,False,False,False,False,False,Spain_Segunda_División,2016-11-12 15:00:00
2016-2017,14,1,1,2,5,2,7,4,4,1,1,5,4,4,5,9,9,-1,-1,-1,-1,Estadio Heliodoro Rodríguez Lopéz,"Avenida de San Sebastián, Tenerife",5,5,2.06,3.25,4.3,0,0,0,0,0,0,0,0,0,0,0,0,0,2,1,0,0,1,1,1,1478970000,-1,0,50,0,9874,-1,1,-1,-1,-1,-1,-1,-1,0,2,5,3,2,8,-1,0,0,0,0,0,0,0,1,0,1,0,0,0,1,1,0,0,-1,-1,0,0,-1,-1,-1,-1,-1,-1,-1,-1,-1,34,59,34,50,CD Tenerife,CD Numancia,1.96,0.9,1.67,0.67,1.15,1.0,67,42,0,0,0,42,True,True,False,False,False,False,True,Spain_Segunda_División,2016-11-12 17:00:00
2016-2017,14,1,0,1,10,3,13,1,4,0,0,4,2,3,2,7,4,-1,-1,-1,-1,Estadio Santo Domingo,"Avenida de Pablo Iglesias, Alcorcón",1,4,2.44,3.03,3.5,0,0,0,0,0,0,0,0,0,0,0,0,0,1,0,0,1,0,1,0,1478970000,302,0,17,0,2365,-1,1,-1,-1,-1,-1,-1,-1,1,3,0,1,4,1,-1,0,0,0,0,0,0,0,0,0,0,0,0,0,1,1,0,0,-1,-1,0,1,-1,-1,-1,-1,-1,-1,-1,-1,-1,9,25,9,17,AD Alcorcón,CF Reus Deportiu,1.67,1.19,1.83,1.67,1.0,1.54,92,75,0,0,0,42,True,False,False,False,False,False,False,Spain_Segunda_División,2016-11-12 17:00:00
2016-2017,14,0,0,0,8,2,10,2,4,0,0,7,2,9,6,16,8,8,13,63,37,Estadio Ciudad de Valencia,"Calle San Vicente de Paúl 44, Valencia",2,4,1.67,3.73,6.35,0,0,0,0,0,0,0,0,0,0,0,0,0,0,0,0,0,0,0,0,1478971800,-1,0,59,0,13153,-1,1,-1,-1,-1,-1,-1,-1,0,1,2,3,1,5,-1,0,0,0,0,0,0,0,0,0,0,0,0,0,1,1,0,0,-1,-1,0,0,-1,-1,-1,-1,-1,-1,-1,-1,-1,42,75,50,58,Levante UD,Cádiz,2.57,1.18,2.67,0.83,2.31,1.31,59,25,0,0,0,42,False,False,False,False,False,False,False,Spain_Segunda_División,2016-11-12 17:30:00
2016-2017,14,1,0,1,7,9,16,1,3,1,0,5,4,9,6,14,10,11,10,50,50,Estadio Anxo Carro,"Avenida de los deportes, Lugo",3,3,2.52,3.17,3.2,0,0,0,0,0,0,0,0,0,0,0,0,0,1,1,0,0,0,0,1,1479034800,304,0,50,0,4579,-1,1,-1,-1,-1,-1,-1,-1,0,1,2,2,1,4,-1,0,0,0,0,0,0,0,0,0,0,0,0,0,1,1,0,0,-1,-1,0,0,-1,-1,-1,-1,-1,-1,-1,-1,-1,50,67,50,75,CD Lugo,Rayo Vallecano,1.71,0.76,1.67,0.17,1.38,1.15,50,34,0,0,0,42,True,False,False,False,False,False,False,Spain_Segunda_División,2016-11-13 11:00:00
2016-2017,14,1,0,1,7,2,9,4,3,1,0,6,7,2,7,8,14,13,16,48,52,Estadio Ramón Sánchez Pizjuán,"Avenida de Eduardo Dato, Sevilla",5,3,2.16,3.3,3.85,0,0,0,0,0,0,0,0,0,0,0,0,0,1,1,0,0,0,0,1,1479049200,305,0,50,0,7326,-1,1,-1,-1,-1,-1,-1,-1,0,0,5,3,0,8,-1,0,0,0,0,0,0,0,0,1,0,0,0,1,1,1,0,0,-1,-1,0,0,-1,-1,-1,-1,-1,-1,-1,-1,-1,42,92,9,50,Sevilla II,Almería,1.71,0.57,2.0,0.33,1.54,1.08,59,9,0,0,0,42,True,False,False,False,False,False,False,Spain_Segunda_División,2016-11-13 15:00:00
2016-2017,14,0,1,1,2,4,6,3,3,0,0,6,2,9,4,15,6,15,9,46,54,Estadio de La Condomina,"Ronda de Garay 14, Murcia",3,3,2.76,3.03,3.0,0,0,0,0,0,0,0,0,0,0,0,0,0,1,0,0,0,1,1,0,1479056400,312,0,42,0,4157,-1,1,-1,-1,-1,-1,-1,-1,1,0,2,3,1,5,-1,0,0,0,0,0,0,0,0,0,0,0,0,0,1,1,0,0,-1,-1,0,0,-1,-1,-1,-1,-1,-1,-1,-1,-1,33,67,25,75,UCAM Murcia CF,Girona FC,1.29,1.33,1.0,0.83,1.15,1.38,67,34,0,0,0,42,True,False,False,False,False,False,False,Spain_Segunda_División,2016-11-13 17:00:00
2016-2017,14,2,0,2,4,3,7,0,2,0,0,4,3,8,6,12,9,17,17,54,46,Estadio de la Romareda,"Calle de Eduardo Ibarra 6, Zaragoza",0,2,1.78,3.73,5.1,0,0,0,0,0,0,0,0,0,0,0,0,0,2,2,0,0,0,0,2,1479063600,299,0,59,0,15645,-1,1,-1,-1,-1,-1,-1,-1,0,1,0,1,1,1,-1,0,0,0,0,0,0,0,0,0,0,0,0,0,1,1,0,0,-1,-1,0,0,-1,-1,-1,-1,-1,-1,-1,-1,-1,42,75,42,67,Real Zaragoza,Mirandés,1.43,0.76,2.17,0.67,1.31,1.15,59,25,0,0,0,42,True,True,False,False,False,False,False,Spain_Segunda_División,2016-11-13 19:00:00
2016-2017,15,2,1,3,12,4,16,1,4,0,1,7,4,6,3,13,7,-1,-1,-1,-1,Estadio de los Juegos Mediterráneos,"Calle de Belladona, Almería",1,6,2.13,3.35,3.89,0,0,0,0,0,0,0,0,0,0,0,0,0,3,1,1,1,0,1,2,1479495600,296,0,50,0,6793,-1,1,-1,-1,-1,-1,-1,-1,0,1,1,4,1,5,-1,0,0,0,0,0,0,0,0,0,0,0,0,0,1,1,0,0,-1,-1,0,0,-1,-1,-1,-1,-1,-1,-1,-1,-1,57,79,36,57,Almería,Elche CF,1.86,0.86,1.71,1.14,1.0,1.36,43,22,0,0,0,42,True,True,True,False,False,False,True,Spain_Segunda_División,2016-11-18 19:00:00
2016-2017,15,2,1,3,8,1,9,2,4,0,0,0,0,0,0,0,0,-1,-1,-1,-1,Nuevo Estadio Los Pajaritos,"Avenida Mariano Vicen 16, Soria",2,4,2.44,3.18,3.32,0,0,0,0,0,0,0,0,0,0,0,0,0,3,1,0,1,1,2,1,1479567600,306,0,57,0,3211,-1,1,-1,-1,-1,-1,-1,-1,1,1,1,3,2,4,-1,0,0,0,0,0,0,0,0,0,0,0,0,0,1,1,0,0,-1,-1,0,0,-1,-1,-1,-1,-1,-1,-1,-1,-1,36,64,50,86,CD Numancia,Real Valladolid,1.48,1.05,1.29,0.71,1.0,1.29,64,36,0,0,0,42,True,True,True,False,False,False,True,Spain_Segunda_División,2016-11-19 15:00:00
2016-2017,15,2,0,2,3,12,15,3,3,0,0,4,2,3,10,7,12,11,8,38,62,Estadio Nuevo Carlos Tartiere,"Calle de Ricardo Vázquez Prada, Barrio de la Ería, Oviedo",3,3,2.91,3.13,2.76,0,0,0,0,0,0,0,0,0,0,0,0,0,2,0,0,2,0,2,0,1479574800,309,0,29,0,13996,-1,1,-1,-1,-1,-1,-1,-1,1,1,2,2,2,4,-1,0,0,0,0,0,0,0,0,0,0,0,0,0,1,1,0,0,-1,-1,0,0,-1,-1,-1,-1,-1,-1,-1,-1,-1,22,57,7,50,Real Oviedo,Levante UD,2.1,1.43,1.71,2.0,1.43,2.21,79,43,0,0,0,42,True,True,False,False,False,False,False,Spain_Segunda_División,2016-11-19 17:00:00
2016-2017,15,2,2,4,9,2,11,2,6,0,2,8,8,10,12,18,20,-1,-1,-1,-1,Iberostar Estadi,"Camí dels Reis, Palma de Mallorca",2,9,1.94,3.36,4.69,0,0,0,0,0,0,0,0,0,0,0,0,0,4,0,2,2,0,2,2,1479574800,-1,0,29,0,10140,-1,1,-1,-1,-1,-1,-1,-1,0,1,2,7,1,9,-1,0,0,0,0,0,0,0,0,0,0,0,0,0,1,1,0,0,-1,-1,0,0,-1,-1,-1,-1,-1,-1,-1,-1,-1,22,43,22,43,RCD Mallorca,Sevilla II,1.52,0.81,1.71,1.14,1.29,1.64,79,57,0,0,0,42,True,True,True,True,False,False,True,Spain_Segunda_División,2016-11-19 17:00:00
2016-2017,15,3,1,4,10,7,17,2,5,0,0,7,5,11,3,18,8,12,17,50,50,Estadi Municipal de Montilivi,"Avenida Montlivi 141, Girona",2,5,1.78,3.65,5.3,0,0,0,0,0,0,0,0,0,0,0,0,0,4,2,1,1,0,1,3,1479582000,312,0,64,0,4082,-1,1,-1,-1,-1,-1,-1,-1,1,0,1,5,1,6,-1,0,0,0,0,0,0,0,0,0,0,0,0,0,1,1,1,1,-1,-1,0,0,-1,-1,-1,-1,-1,-1,-1,-1,-1,57,79,64,72,Girona FC,CD Lugo,2.0,0.9,1.86,1.14,1.5,1.5,43,22,0,0,0,42,True,True,True,True,False,False,True,Spain_Segunda_División,2016-11-19 19:00:00
2016-2017,15,1,0,1,5,2,7,2,3,0,1,6,4,9,4,15,8,16,18,48,52,Estadio Camp Nou Municipal,"Calle Recasens i Mercadé 8, Reus",2,4,2.08,3.26,4.2,0,0,0,0,0,0,0,0,0,0,0,0,0,1,0,0,1,0,1,0,1479639600,307,0,43,0,4193,-1,1,-1,-1,-1,-1,-1,-1,2,3,0,1,5,1,-1,0,0,0,0,0,0,0,0,0,0,0,0,0,1,1,0,0,-1,-1,0,0,-1,-1,-1,-1,-1,-1,-1,-1,-1,22,57,22,50,CF Reus Deportiu,Gimnàstic de Tarragona,1.43,1.05,1.43,0.71,1.43,0.93,79,43,0,0,0,42,True,False,False,False,False,False,False,Spain_Segunda_División,2016-11-20 11:00:00
2016-2017,15,1,0,1,6,1,7,3,5,0,0,3,3,11,3,14,6,22,10,50,50,Coliseum Alfonso Pérez,"Avenida de Teresa de Calcuta, Getafe",3,5,1.95,3.46,4.46,0,0,0,0,0,0,0,0,0,0,0,0,0,1,0,0,1,0,1,0,1479654000,293,0,57,0,4836,-1,1,-1,-1,-1,-1,-1,-1,1,2,2,3,3,5,-1,0,0,0,0,0,0,0,1,0,1,0,0,0,1,1,0,0,-1,-1,0,0,-1,-1,-1,-1,-1,-1,-1,-1,-1,43,71,22,43,Getafe CF,Real Zaragoza,2.26,0.95,1.71,0.57,1.29,1.43,58,29,0,0,0,42,True,False,False,False,False,False,False,Spain_Segunda_División,2016-11-20 15:00:00
2016-2017,15,2,1,3,4,7,11,2,2,0,0,5,4,3,6,8,10,5,15,49,51,Estadio Heliodoro Rodríguez Lopéz,"Avenida de San Sebastián, Tenerife",2,2,2.21,3.14,3.92,0,0,0,0,0,0,0,0,0,0,0,0,0,3,2,1,0,0,0,3,1479661200,311,0,50,0,8895,-1,1,-1,-1,-1,-1,-1,-1,0,0,2,2,0,4,-1,0,0,0,0,0,0,0,0,0,0,0,0,0,1,1,0,1,-1,-1,0,0,-1,-1,-1,-1,-1,-1,-1,-1,-1,22,57,22,43,CD Tenerife,UCAM Murcia CF,1.96,1.0,1.57,1.29,1.14,1.07,79,43,0,0,0,42,True,True,True,False,False,False,True,Spain_Segunda_División,2016-11-20 17:00:00
2016-2017,15,2,2,4,8,3,11,3,4,0,1,10,4,5,4,15,8,11,9,60,40,Estadio del Rayo Vallecano (de Vallecas Teresa Rivero) (Madrid),"Calle Payaso Fofó, Madrid",3,5,1.88,3.57,4.7,0,0,0,0,0,0,0,0,0,0,0,0,0,4,1,1,1,1,2,2,1479661200,-1,0,22,0,7223,-1,1,-1,-1,-1,-1,-1,-1,0,2,3,3,2,6,-1,0,0,0,0,0,0,0,1,0,1,0,0,0,1,1,0,0,-1,-1,0,0,-1,-1,-1,-1,-1,-1,-1,-1,-1,29,50,14,29,Rayo Vallecano,SD Huesca,1.76,1.14,2.0,0.71,1.07,1.5,71,50,0,0,0,42,True,True,True,True,False,False,True,Spain_Segunda_División,2016-11-20 17:00:00
2016-2017,15,4,1,5,5,0,5,2,1,0,1,10,6,3,2,13,8,-1,-1,-1,-1,Estadio Ramón de Carranza,"Plaza de Madrid, Cádiz",2,3,2.37,3.02,3.67,0,0,0,0,0,0,0,0,0,0,0,0,0,5,0,1,4,0,4,1,1479661200,310,0,29,0,11794,-1,1,-1,-1,-1,-1,-1,-1,2,0,0,2,2,2,-1,0,0,0,0,0,0,0,0,0,0,0,0,0,1,1,0,1,-1,-1,0,0,-1,-1,-1,-1,-1,-1,-1,-1,-1,15,64,36,64,Cádiz,AD Alcorcón,1.86,0.71,1.71,0.29,1.29,1.14,86,36,0,0,0,42,True,True,True,True,True,False,True,Spain_Segunda_División,2016-11-20 17:00:00
2016-2017,15,1,1,2,7,6,13,2,2,0,0,4,7,9,4,13,11,13,21,50,50,Estadio Municipal de Anduva,"Camino de Anduva, Miranda de Ebro",2,2,2.59,3.27,3.0,0,0,0,0,0,0,0,0,0,0,0,0,0,2,1,0,0,1,1,1,1479668400,-1,0,71,0,2494,-1,1,-1,-1,-1,-1,-1,-1,0,1,2,1,1,3,-1,0,0,0,0,0,0,0,0,0,0,0,0,0,1,1,0,0,-1,-1,0,0,-1,-1,-1,-1,-1,-1,-1,-1,-1,50,86,50,71,Mirandés,Córdoba,1.19,0.9,1.57,1.0,1.07,1.29,50,14,0,0,0,42,True,True,False,False,False,False,True,Spain_Segunda_División,2016-11-20 19:00:00
2016-2017,16,1,0,1,4,0,4,3,1,0,0,6,0,7,6,13,6,-1,-1,-1,-1,Nou Estadi de Tarragona,"Camí del Llorito, Tarragona",3,1,2.28,3.13,3.67,0,0,0,0,0,0,0,0,0,0,0,0,0,1,0,0,1,0,1,0,1480100400,303,0,57,0,4285,-1,1,-1,-1,-1,-1,-1,-1,0,0,3,1,0,4,-1,0,0,0,0,0,0,0,0,0,0,0,0,0,1,1,0,0,-1,-1,0,0,-1,-1,-1,-1,-1,-1,-1,-1,-1,36,64,29,50,Gimnàstic de Tarragona,Cádiz,1.43,1.18,1.14,0.86,0.87,1.4,64,36,0,0,0,42,True,False,False,False,False,False,False,Spain_Segunda_División,2016-11-25 19:00:00
2016-2017,16,1,3,4,12,2,14,5,2,0,0,9,7,9,3,18,10,11,16,59,41,Estadio Anxo Carro,"Avenida de los deportes, Lugo",5,2,2.15,3.24,3.9,0,0,0,0,0,0,0,0,0,0,0,0,0,4,1,1,0,2,2,2,1480172400,311,0,36,0,3149,-1,1,-1,-1,-1,-1,-1,-1,3,1,2,1,4,3,-1,0,0,0,0,0,0,0,0,1,0,1,0,0,1,1,1,1,-1,-1,1,0,-1,-1,-1,-1,-1,-1,-1,-1,-1,29,43,29,64,CD Lugo,CD Tenerife,1.71,1.17,1.86,0.71,1.4,1.27,71,57,0,0,0,42,True,True,True,True,False,False,True,Spain_Segunda_División,2016-11-26 15:00:00
2016-2017,16,3,2,5,7,3,10,4,4,1,2,6,4,3,4,9,8,-1,-1,-1,-1,Estadio de La Condomina,"Ronda de Garay 14, Murcia",5,8,2.14,3.19,4.0,0,0,0,0,0,0,0,0,0,0,0,0,0,5,0,1,3,1,4,1,1480179600,308,0,50,0,2857,-1,1,-1,-1,-1,-1,-1,-1,2,0,3,6,2,9,-1,0,0,0,0,0,0,0,1,0,1,0,0,0,1,1,0,1,-1,-1,0,0,-1,-1,-1,-1,-1,-1,-1,-1,-1,36,71,36,64,UCAM Murcia CF,CD Numancia,1.29,0.9,0.86,0.71,1.0,1.13,64,29,0,0,0,42,True,True,True,True,True,False,True,Spain_Segunda_División,2016-11-26 17:00:00
2016-2017,16,5,1,6,5,3,8,1,3,0,0,9,2,4,2,13,4,5,13,49,51,Estadio Santo Domingo,"Avenida de Pablo Iglesias, Alcorcón",1,3,2.3,3.07,3.7,0,0,0,0,0,0,0,0,0,0,0,0,0,6,2,0,3,1,4,2,1480179600,302,0,7,0,2702,-1,1,-1,-1,-1,-1,-1,-1,1,0,0,3,1,3,-1,0,0,0,0,0,0,0,0,0,0,0,0,0,1,1,0,0,-1,-1,0,0,-1,-1,-1,-1,-1,-1,-1,-1,-1,15,22,15,36,AD Alcorcón,Real Oviedo,1.67,0.81,2.0,1.14,1.07,1.53,86,79,0,0,0,42,True,True,True,True,True,True,True,Spain_Segunda_División,2016-11-26 17:00:00
2016-2017,16,0,0,0,1,4,5,1,2,1,1,8,2,5,8,13,10,15,11,41,59,Estadio Municipal José Zorrilla,"Avenida del Mundial 82, Valladolid",2,3,1.99,3.33,4.4,0,0,0,0,0,0,0,0,0,0,0,0,0,0,0,0,0,0,0,0,1480179600,-1,0,29,0,7627,-1,1,-1,-1,-1,-1,-1,-1,1,1,1,2,2,3,-1,0,0,0,0,0,0,0,0,0,0,0,0,0,1,1,0,0,-1,-1,0,0,-1,-1,-1,-1,-1,-1,-1,-1,-1,36,64,22,57,Real Valladolid,Almería,1.95,0.57,1.86,0.29,1.2,1.13,64,36,0,0,0,42,False,False,False,False,False,False,False,Spain_Segunda_División,2016-11-26 17:00:00
2016-2017,16,2,2,4,2,1,3,3,3,0,0,9,4,6,3,15,7,8,12,54,46,Estadio de la Romareda,"Calle de Eduardo Ibarra 6, Zaragoza",3,3,1.95,3.28,4.7,0,0,0,0,0,0,0,0,0,0,0,0,0,4,1,0,1,2,3,1,1480186800,-1,0,43,0,12980,-1,1,-1,-1,-1,-1,-1,-1,0,1,3,2,1,5,-1,0,0,0,0,0,0,0,0,0,0,0,0,0,1,1,0,0,-1,-1,0,0,-1,-1,-1,-1,-1,-1,-1,-1,-1,29,65,36,58,Real Zaragoza,CF Reus Deportiu,1.43,1.19,2.29,1.43,1.33,1.53,72,36,0,0,0,42,True,True,True,True,False,False,True,Spain_Segunda_División,2016-11-26 19:00:00
2016-2017,16,1,0,1,9,5,14,6,2,0,2,4,3,10,8,14,11,11,11,59,41,Estadio Manuel Martínez Valero,"Avenida Manuel Martínez Valero 3, Elche",6,4,2.51,3.18,3.2,0,0,0,0,0,0,0,0,0,0,0,0,0,1,0,0,1,0,1,0,1480244400,295,0,57,0,7253,-1,1,-1,-1,-1,-1,-1,-1,4,1,2,3,5,5,-1,0,0,0,0,0,0,0,1,0,0,0,1,0,1,1,0,0,-1,-1,1,0,-1,-1,-1,-1,-1,-1,-1,-1,-1,50,79,36,72,Elche CF,RCD Mallorca,1.19,0.62,1.57,0.86,1.27,1.27,50,22,0,0,0,42,True,False,False,False,False,False,False,Spain_Segunda_División,2016-11-27 11:00:00
2016-2017,16,1,2,3,2,4,6,5,2,0,0,0,0,0,0,0,0,10,16,-1,-1,Estadio El Alcoraz,"Camino del Alto Cocorón, Huesca",5,2,2.6,3.12,3.12,0,0,0,0,0,0,0,0,0,0,0,0,0,3,1,2,0,0,0,3,1480258800,312,0,29,0,3406,-1,1,-1,-1,-1,-1,-1,-1,1,0,4,2,1,6,-1,0,0,0,0,0,0,0,0,0,0,0,0,0,1,1,1,0,-1,-1,0,0,-1,-1,-1,-1,-1,-1,-1,-1,-1,50,72,22,64,SD Huesca,Girona FC,1.77,1.33,2.29,1.14,1.47,1.6,50,29,0,0,0,42,True,True,True,False,False,False,True,Spain_Segunda_División,2016-11-27 15:00:00
2016-2017,16,1,3,4,4,2,6,4,3,0,0,4,7,6,6,10,13,18,13,60,40,Estadio Nuevo Arcángel,"Avenida del Arcángel, Córdoba",4,3,2.53,3.1,3.25,0,0,0,0,0,0,0,0,0,0,0,0,0,4,0,1,1,2,3,1,1480266000,293,0,29,0,10977,-1,1,-1,-1,-1,-1,-1,-1,0,1,4,2,1,6,-1,0,0,0,0,0,0,0,0,0,0,0,0,0,1,1,0,0,-1,-1,0,0,-1,-1,-1,-1,-1,-1,-1,-1,-1,14,57,22,64,Córdoba,Getafe CF,1.71,1.0,1.57,0.86,1.27,1.4,86,43,0,0,0,42,True,True,True,True,False,False,True,Spain_Segunda_División,2016-11-27 17:00:00
2016-2017,16,1,0,1,2,4,6,1,4,0,0,10,7,7,5,17,12,-1,-1,-1,-1,Estadio Ramón Sánchez Pizjuán,"Avenida de Eduardo Dato, Sevilla",1,4,2.04,3.38,4.18,0,0,0,0,0,0,0,0,0,0,0,0,0,1,1,0,0,0,0,1,1480266000,305,0,50,0,2513,-1,1,-1,-1,-1,-1,-1,-1,1,1,0,3,2,3,-1,0,0,0,0,0,0,0,0,0,0,0,0,0,1,1,0,0,-1,-1,0,0,-1,-1,-1,-1,-1,-1,-1,-1,-1,29,79,22,50,Sevilla II,Mirandés,1.71,0.76,2.14,0.57,1.6,1.07,71,22,0,0,0,42,True,False,False,False,False,False,False,Spain_Segunda_División,2016-11-27 17:00:00
2016-2017,17,2,0,2,4,6,10,2,4,0,0,5,3,7,3,12,6,-1,-1,-1,-1,Coliseum Alfonso Pérez,"Avenida de Teresa de Calcuta, Getafe",2,4,1.92,3.28,5.04,0,0,0,0,0,0,0,0,0,0,0,0,0,2,1,0,1,0,1,1,1480705200,293,0,44,0,6474,-1,1,-1,-1,-1,-1,-1,-1,1,0,1,4,1,5,-1,0,0,0,0,0,0,0,0,0,0,0,0,0,1,1,0,0,-1,-1,0,0,-1,-1,-1,-1,-1,-1,-1,-1,-1,19,63,19,38,Getafe CF,Sevilla II,2.26,0.81,1.88,1.13,1.5,1.69,82,38,0,0,0,42,True,True,False,False,False,False,False,Spain_Segunda_División,2016-12-02 19:00:00
2016-2017,17,1,2,3,12,7,19,0,2,0,0,5,4,7,4,12,8,-1,-1,-1,-1,Estadio de La Condomina,"Ronda de Garay 14, Murcia",0,2,2.04,3.29,4.33,0,0,0,0,0,0,0,0,0,0,0,0,0,3,1,1,0,1,1,2,1480785300,304,0,63,0,2040,-1,1,-1,-1,-1,-1,-1,-1,0,0,0,2,0,2,-1,0,0,0,0,0,0,0,1,0,0,0,1,0,1,1,1,0,-1,-1,0,0,-1,-1,-1,-1,-1,-1,-1,-1,-1,57,82,50,82,UCAM Murcia CF,CD Lugo,1.29,0.9,1.13,1.0,1.13,1.31,44,19,0,0,0,42,True,True,True,False,False,False,True,Spain_Segunda_División,2016-12-03 17:15:00
2016-2017,17,1,0,1,6,1,7,2,1,0,0,5,3,7,2,12,5,16,10,47,53,Estadio Municipal de Anduva,"Camino de Anduva, Miranda de Ebro",2,1,2.5,3.2,3.19,0,0,0,0,0,0,0,0,0,0,0,0,0,1,1,0,0,0,0,1,1480785300,300,0,69,0,2724,-1,1,-1,-1,-1,-1,-1,-1,0,0,2,1,0,3,-1,0,0,0,0,0,0,0,0,0,0,0,0,0,1,1,0,0,-1,-1,0,0,-1,-1,-1,-1,-1,-1,-1,-1,-1,63,88,50,69,Mirandés,Elche CF,1.19,0.86,1.5,1.0,1.0,1.38,38,13,0,0,0,42,True,False,False,False,False,False,False,Spain_Segunda_División,2016-12-03 17:15:00
2016-2017,17,1,0,1,3,5,8,0,2,0,0,6,3,9,5,15,8,-1,-1,-1,-1,Nuevo Estadio Los Pajaritos,"Avenida Mariano Vicen 16, Soria",0,2,2.14,3.29,3.95,0,0,0,0,0,0,0,0,0,0,0,0,0,1,1,0,0,0,0,1,1480785300,306,0,50,0,2771,-1,1,-1,-1,-1,-1,-1,-1,0,1,0,1,1,1,-1,0,0,0,0,0,0,0,0,0,0,0,0,0,1,1,1,0,-1,-1,0,0,-1,-1,-1,-1,-1,-1,-1,-1,-1,44,69,32,76,CD Numancia,Almería,1.48,0.57,1.5,0.38,1.06,1.13,57,32,0,0,0,42,True,False,False,False,False,False,False,Spain_Segunda_División,2016-12-03 17:15:00
2016-2017,17,3,0,3,4,3,7,3,0,0,0,5,4,10,8,15,12,11,4,46,54,Estadio Ramón de Carranza,"Plaza de Madrid, Cádiz",3,0,2.28,3.16,3.69,0,0,0,0,0,0,0,0,0,0,0,0,0,3,1,0,2,0,2,1,1480791600,310,0,51,0,7465,-1,1,-1,-1,-1,-1,-1,-1,1,0,2,0,1,2,-1,0,0,0,0,0,0,0,0,0,0,0,0,0,1,1,1,0,-1,-1,0,0,-1,-1,-1,-1,-1,-1,-1,-1,-1,51,63,32,57,Cádiz,Real Zaragoza,1.86,0.95,1.88,0.5,1.31,1.31,51,38,0,0,0,42,True,True,True,False,False,False,False,Spain_Segunda_División,2016-12-03 19:00:00
2016-2017,17,2,1,3,5,9,14,4,7,0,0,5,3,4,7,9,10,21,17,57,43,Estadi Municipal de Montilivi,"Avenida Montlivi 141, Girona",4,7,2.2,3.17,3.91,0,0,0,0,0,0,0,0,0,0,0,0,0,3,1,0,1,1,2,1,1480849200,312,0,44,0,6086,-1,1,-1,-1,-1,-1,-1,-1,3,1,1,6,4,7,-1,0,0,0,0,0,0,0,0,0,0,0,0,0,1,1,0,0,-1,-1,0,0,-1,-1,-1,-1,-1,-1,-1,-1,-1,38,63,32,51,Girona FC,Levante UD,2.0,1.43,2.0,1.75,1.69,2.07,63,38,0,0,0,42,True,True,True,False,False,False,True,Spain_Segunda_División,2016-12-04 11:00:00
2016-2017,17,2,0,2,8,2,10,3,3,0,0,5,6,7,5,12,11,13,14,53,47,Estadio del Rayo Vallecano (de Vallecas Teresa Rivero) (Madrid),"Calle Payaso Fofó, Madrid",3,3,1.97,3.32,4.66,0,0,0,0,0,0,0,0,0,0,0,0,0,2,0,0,2,0,2,0,1480849200,291,0,32,0,7432,-1,1,-1,-1,-1,-1,-1,-1,1,1,2,2,2,4,-1,0,0,0,0,0,0,0,0,0,0,0,0,0,1,1,0,0,-1,-1,0,0,-1,-1,-1,-1,-1,-1,-1,-1,-1,26,63,32,63,Rayo Vallecano,AD Alcorcón,1.76,0.71,1.88,0.25,1.07,1.19,76,38,0,0,0,42,True,True,False,False,False,False,False,Spain_Segunda_División,2016-12-04 11:00:00
2016-2017,17,1,0,1,5,5,10,4,4,0,0,0,0,0,0,0,0,16,15,-1,-1,Estadio Nuevo Carlos Tartiere,"Calle de Ricardo Vázquez Prada, Barrio de la Ería, Oviedo",4,4,2.1,3.24,4.15,0,0,0,0,0,0,0,0,0,0,0,0,0,1,1,0,0,0,0,1,1480863600,309,0,25,0,13615,-1,1,-1,-1,-1,-1,-1,-1,2,1,2,3,3,5,-1,0,0,0,0,0,0,0,0,0,0,0,0,0,1,1,0,0,-1,-1,0,0,-1,-1,-1,-1,-1,-1,-1,-1,-1,19,63,13,50,Real Oviedo,Gimnàstic de Tarragona,2.1,1.05,1.88,0.63,1.44,1.0,82,38,0,0,0,42,True,False,False,False,False,False,False,Spain_Segunda_División,2016-12-04 15:00:00
2016-2017,17,1,1,2,0,9,9,3,5,0,0,4,4,3,9,7,13,-1,-1,-1,-1,Estadio Heliodoro Rodríguez Lopéz,"Avenida de San Sebastián, Tenerife",3,5,2.02,3.31,4.4,0,0,0,0,0,0,0,0,0,0,0,0,0,2,1,0,0,1,1,1,1480870800,-1,0,51,0,9725,-1,1,-1,-1,-1,-1,-1,-1,3,2,0,3,5,3,-1,0,0,0,0,0,0,0,0,0,0,0,0,0,1,1,1,0,-1,-1,0,0,-1,-1,-1,-1,-1,-1,-1,-1,-1,32,63,25,44,CD Tenerife,SD Huesca,1.96,1.14,1.75,0.75,1.38,1.38,69,38,0,0,0,44,True,True,False,False,False,False,True,Spain_Segunda_División,2016-12-04 17:00:00
2016-2017,17,0,3,3,6,0,6,1,1,0,0,5,5,9,0,14,5,-1,-1,-1,-1,Iberostar Estadi,"Camí dels Reis, Palma de Mallorca",1,1,2.19,3.21,3.88,0,0,0,0,0,0,0,0,0,0,0,0,0,3,0,0,0,3,3,0,1480870800,297,0,38,0,9768,-1,1,-1,-1,-1,-1,-1,-1,1,0,0,1,1,1,-1,0,0,0,0,0,0,0,0,0,0,0,0,0,1,1,0,0,-1,-1,0,0,-1,-1,-1,-1,-1,-1,-1,-1,-1,38,51,32,69,RCD Mallorca,Real Valladolid,1.52,1.05,1.63,0.63,1.19,1.19,63,51,0,0,0,42,True,True,True,False,False,False,False,Spain_Segunda_División,2016-12-04 17:00:00
2016-2017,17,1,2,3,11,2,13,0,2,0,0,12,7,7,2,19,9,10,23,58,42,Estadio Camp Nou Municipal,"Calle Recasens i Mercadé 8, Reus",0,2,2.42,3.07,3.48,0,0,0,0,0,0,0,0,0,0,0,0,0,3,0,1,1,1,2,1,1480878000,294,0,63,0,3689,-1,1,-1,-1,-1,-1,-1,-1,0,1,0,1,1,1,-1,0,0,0,0,0,0,0,0,0,0,0,0,0,1,1,0,1,-1,-1,0,0,-1,-1,-1,-1,-1,-1,-1,-1,-1,19,69,32,57,CF Reus Deportiu,Córdoba,1.43,0.9,1.63,1.0,1.5,1.19,82,32,0,0,0,42,True,True,True,False,False,False,True,Spain_Segunda_División,2016-12-04 19:00:00
2016-2017,18,0,1,1,6,1,7,4,3,0,0,0,2,0,0,0,2,-1,-1,-1,-1,Estadio Ramón Sánchez Pizjuán,"Avenida de Eduardo Dato, Sevilla",4,3,2.3,3.15,3.67,0,0,0,0,0,0,0,0,0,0,0,0,0,1,0,0,0,1,1,0,1481310000,307,0,44,0,3758,-1,1,-1,-1,-1,-1,-1,-1,2,1,2,2,3,4,-1,0,0,0,0,0,0,0,0,1,0,1,0,0,1,1,0,0,-1,-1,0,0,-1,-1,-1,-1,-1,-1,-1,-1,-1,25,63,7,44,Sevilla II,CF Reus Deportiu,1.71,1.19,2.25,1.38,1.59,1.41,75,38,0,0,0,42,True,False,False,False,False,False,False,Spain_Segunda_División,2016-12-09 19:00:00
2016-2017,18,0,1,1,6,7,13,2,4,0,0,5,5,5,8,10,13,13,21,57,43,Nou Estadi de Tarragona,"Camí del Llorito, Tarragona",2,4,3.0,3.14,2.68,0,0,0,0,0,0,0,0,0,0,0,0,0,1,0,0,0,1,1,0,1481382000,291,0,60,0,5120,-1,1,-1,-1,-1,-1,-1,-1,2,1,0,3,3,3,-1,0,0,0,0,0,0,0,0,0,0,0,0,0,1,1,0,0,-1,-1,1,0,-1,-1,-1,-1,-1,-1,-1,-1,-1,48,75,48,82,Gimnàstic de Tarragona,Rayo Vallecano,1.43,0.76,1.38,0.14,0.94,1.19,53,26,0,0,0,42,True,False,False,False,False,False,False,Spain_Segunda_División,2016-12-10 15:00:00
2016-2017,18,5,2,7,11,5,16,1,2,0,0,14,5,4,2,18,7,11,13,66,34,Estadio El Alcoraz,"Camino del Alto Cocorón, Huesca",1,2,2.21,3.26,3.75,0,0,0,0,0,0,0,0,0,0,0,0,0,7,2,1,3,1,4,3,1481389200,301,0,44,0,2919,-1,1,-1,-1,-1,-1,-1,-1,1,1,0,1,2,1,-1,0,0,0,0,0,0,0,0,0,0,0,0,0,1,1,1,0,-1,-1,0,0,-1,-1,-1,-1,-1,-1,-1,-1,-1,57,82,38,57,SD Huesca,UCAM Murcia CF,1.77,1.0,2.0,1.13,1.35,1.06,44,19,0,0,0,42,True,True,True,True,True,True,True,Spain_Segunda_División,2016-12-10 17:00:00
2016-2017,18,2,2,4,10,5,15,4,3,0,0,7,8,8,2,15,10,10,26,65,35,Estadio Manuel Martínez Valero,"Avenida Manuel Martínez Valero 3, Elche",4,3,2.7,3.11,3.0,0,0,0,0,0,0,0,0,0,0,0,0,0,4,0,2,2,0,2,2,1481389200,-1,0,44,0,6693,-1,1,-1,-1,-1,-1,-1,-1,3,1,1,2,4,3,-1,0,0,0,0,0,0,0,1,0,0,0,1,0,1,1,0,1,-1,-1,0,0,-1,-1,-1,-1,-1,-1,-1,-1,-1,38,69,26,69,Elche CF,Getafe CF,1.19,1.0,1.75,1.13,1.29,1.59,63,32,0,0,0,42,True,True,True,True,False,False,True,Spain_Segunda_División,2016-12-10 17:00:00
2016-2017,18,1,0,1,5,1,6,1,2,0,0,6,3,6,4,12,7,14,19,53,47,Estadio Ciudad de Valencia,"Calle San Vicente de Paúl 44, Valencia",1,2,1.81,3.46,5.47,0,0,0,0,0,0,0,0,0,0,0,0,0,1,0,0,1,0,1,0,1481396400,292,0,54,0,12054,-1,1,-1,-1,-1,-1,-1,-1,0,0,1,2,0,3,-1,0,0,0,0,0,0,0,0,0,0,0,0,0,1,1,0,0,-1,-1,0,0,-1,-1,-1,-1,-1,-1,-1,-1,-1,41,67,55,73,Levante UD,CD Tenerife,2.57,1.17,2.43,1.0,1.94,1.35,60,34,0,0,0,42,True,False,False,False,False,False,False,Spain_Segunda_División,2016-12-10 19:00:00
2016-2017,18,2,1,3,8,5,13,4,4,0,0,5,7,3,9,8,16,16,21,51,49,Estadio de los Juegos Mediterráneos,"Calle de Belladona, Almería",4,4,2.43,3.18,3.34,0,0,0,0,0,0,0,0,0,0,0,0,0,3,1,0,1,1,2,1,1481454000,296,0,50,0,6784,-1,1,-1,-1,-1,-1,-1,-1,2,1,2,3,3,5,-1,0,0,0,0,0,0,0,1,0,1,0,0,0,1,1,0,0,-1,-1,1,0,-1,-1,-1,-1,-1,-1,-1,-1,-1,51,69,32,57,Almería,RCD Mallorca,1.86,0.62,1.88,0.75,1.06,1.12,51,32,0,0,0,42,True,True,True,False,False,False,True,Spain_Segunda_División,2016-12-11 11:00:00
2016-2017,18,1,3,4,6,2,8,2,4,0,0,5,5,12,6,17,11,16,20,59,41,Estadio Nuevo Arcángel,"Avenida del Arcángel, Córdoba",2,4,2.16,3.21,3.99,0,0,0,0,0,0,0,0,0,0,0,0,0,4,0,0,1,3,4,0,1481468400,310,0,38,0,15600,-1,1,-1,-1,-1,-1,-1,-1,2,1,0,3,3,3,-1,0,0,0,0,0,0,0,1,0,1,0,0,0,1,1,0,0,-1,-1,0,0,-1,-1,-1,-1,-1,-1,-1,-1,-1,25,57,19,50,Córdoba,Cádiz,1.71,1.18,1.38,0.75,1.29,1.41,75,44,0,0,0,42,True,True,True,True,False,False,True,Spain_Segunda_División,2016-12-11 15:00:00
2016-2017,18,3,1,4,10,4,14,2,0,0,0,7,6,9,7,16,13,15,9,55,45,Estadio Anxo Carro,"Avenida de los deportes, Lugo",2,0,2.36,3.26,3.4,0,0,0,0,0,0,0,0,0,0,0,0,0,4,1,1,2,0,2,2,1481475600,304,0,51,0,3243,-1,1,-1,-1,-1,-1,-1,-1,1,0,1,0,1,1,-1,0,0,0,0,0,0,0,0,0,0,0,0,0,1,1,0,0,-1,-1,0,0,-1,-1,-1,-1,-1,-1,-1,-1,-1,44,57,38,63,CD Lugo,CD Numancia,1.71,0.9,1.63,0.63,1.41,1.18,57,44,0,0,0,42,True,True,True,True,False,False,True,Spain_Segunda_División,2016-12-11 17:00:00
2016-2017,18,2,1,3,9,4,13,2,4,0,1,6,6,5,4,11,10,-1,-1,-1,-1,Estadio Santo Domingo,"Avenida de Pablo Iglesias, Alcorcón",2,5,2.69,3.0,3.13,0,0,0,0,0,0,0,0,0,0,0,0,0,3,2,0,0,1,1,2,1481475600,302,0,26,0,2446,-1,1,-1,-1,-1,-1,-1,-1,1,4,1,1,5,2,-1,0,0,0,0,0,0,0,1,1,1,1,0,0,1,1,1,0,-1,-1,0,0,-1,-1,-1,-1,-1,-1,-1,-1,-1,26,32,19,38,AD Alcorcón,Girona FC,1.67,1.33,2.13,1.38,1.12,1.76,76,69,0,0,0,42,True,True,True,False,False,False,True,Spain_Segunda_División,2016-12-11 17:00:00
2016-2017,18,5,0,5,3,5,8,0,2,0,0,9,3,7,8,16,11,7,15,60,40,Estadio Municipal José Zorrilla,"Avenida del Mundial 82, Valladolid",0,2,1.77,3.65,5.4,0,0,0,0,0,0,0,0,0,0,0,0,0,5,2,0,3,0,3,2,1481475600,297,0,32,0,8032,-1,1,-1,-1,-1,-1,-1,-1,0,1,0,1,1,1,-1,0,0,0,0,0,0,0,1,0,1,0,0,0,1,1,1,0,-1,-1,0,0,-1,-1,-1,-1,-1,-1,-1,-1,-1,25,57,32,51,Real Valladolid,Mirandés,1.95,0.76,1.75,0.5,1.29,1.12,75,44,0,0,0,42,True,True,True,True,True,False,False,Spain_Segunda_División,2016-12-11 17:00:00
2016-2017,18,2,1,3,3,3,6,1,2,0,1,6,2,2,5,8,7,17,13,53,47,Estadio de la Romareda,"Calle de Eduardo Ibarra 6, Zaragoza",1,4,2.28,3.21,3.64,0,0,0,0,0,0,0,0,0,0,0,0,0,3,1,0,1,1,2,1,1481482800,299,0,44,0,13350,-1,1,-1,-1,-1,-1,-1,-1,0,2,1,1,2,2,-1,0,0,0,0,0,0,0,1,0,1,0,0,0,1,1,0,0,-1,-1,0,0,-1,-1,-1,-1,-1,-1,-1,-1,-1,44,69,44,82,Real Zaragoza,Real Oviedo,1.43,0.81,2.13,1.0,1.24,1.53,57,32,0,0,0,42,True,True,True,False,False,False,True,Spain_Segunda_División,2016-12-11 19:00:00
2016-2017,16,1,0,1,4,6,10,2,4,0,0,3,0,7,5,10,5,-1,-1,-1,-1,Estadio Ciudad de Valencia,"Calle San Vicente de Paúl 44, Valencia",2,4,1.97,3.38,4.5,0,0,0,0,0,0,0,0,0,0,0,0,0,1,1,0,0,0,0,1,1481744700,292,0,50,0,9674,-1,1,-1,-1,-1,-1,-1,-1,0,1,2,3,1,5,-1,0,0,0,0,0,0,0,0,0,0,0,0,0,1,1,0,0,-1,-1,0,0,-1,-1,-1,-1,-1,-1,-1,-1,-1,44,69,57,76,Levante UD,Rayo Vallecano,2.57,0.76,2.5,0.5,2.0,1.29,57,32,0,0,0,42,True,False,False,False,False,False,False,Spain_Segunda_División,2016-12-14 19:45:00
2016-2017,19,0,1,1,5,4,9,0,5,0,0,2,3,4,1,6,4,-1,-1,-1,-1,Estadio Camp Nou Municipal,"Calle Recasens i Mercadé 8, Reus",0,5,2.02,3.3,4.4,0,0,0,0,0,0,0,0,0,0,0,0,0,1,0,0,0,1,1,0,1481914800,295,0,56,0,2058,-1,1,-1,-1,-1,-1,-1,-1,0,2,0,3,2,3,-1,0,0,0,0,0,0,0,0,0,0,0,0,0,1,1,0,0,-1,-1,0,1,-1,-1,-1,-1,-1,-1,-1,-1,-1,39,67,33,56,CF Reus Deportiu,Elche CF,1.43,0.86,1.44,0.89,1.5,1.28,61,33,0,0,0,42,True,False,False,False,False,False,False,Spain_Segunda_División,2016-12-16 19:00:00
2016-2017,19,3,1,4,1,2,3,5,5,0,0,5,5,3,3,8,8,-1,-1,-1,-1,Coliseum Alfonso Pérez,"Avenida de Teresa de Calcuta, Getafe",5,5,2.2,3.21,3.85,0,0,0,0,0,0,0,0,0,0,0,0,0,4,0,0,3,1,4,0,1481986800,293,0,39,0,5327,-1,1,-1,-1,-1,-1,-1,-1,1,2,4,3,3,7,-1,0,0,0,0,0,0,0,0,0,0,0,0,0,1,1,0,0,-1,-1,0,0,-1,-1,-1,-1,-1,-1,-1,-1,-1,28,67,17,56,Getafe CF,Real Valladolid,2.26,1.05,2.0,0.89,1.56,1.39,73,33,0,0,0,42,True,True,True,True,False,False,True,Spain_Segunda_División,2016-12-17 15:00:00
2016-2017,19,1,1,2,5,4,9,1,1,0,1,5,3,7,4,12,7,-1,-1,-1,-1,Estadio Anxo Carro,"Avenida de los deportes, Lugo",1,2,2.12,3.39,3.86,0,0,0,0,0,0,0,0,0,0,0,0,0,2,0,1,1,0,1,1,1481994000,-1,0,44,0,4033,-1,1,-1,-1,-1,-1,-1,-1,1,1,0,1,2,1,-1,0,0,0,0,0,0,0,1,0,1,0,0,0,1,1,0,0,-1,-1,0,0,-1,-1,-1,-1,-1,-1,-1,-1,-1,39,56,33,50,CD Lugo,SD Huesca,1.71,1.14,1.78,0.78,1.5,1.44,62,45,0,0,0,42,True,True,False,False,False,False,True,Spain_Segunda_División,2016-12-17 17:00:00
2016-2017,19,2,0,2,4,6,10,3,2,0,1,7,2,3,2,10,4,-1,-1,-1,-1,Estadio Heliodoro Rodríguez Lopéz,"Avenida de San Sebastián, Tenerife",3,4,2.21,3.15,3.9,0,0,0,0,0,0,0,0,0,0,0,0,0,2,1,0,1,0,1,1,1481994000,311,0,50,0,6652,-1,1,-1,-1,-1,-1,-1,-1,0,2,3,1,2,4,-1,0,0,0,0,0,0,0,0,0,0,0,0,0,1,1,0,0,-1,-1,0,0,-1,-1,-1,-1,-1,-1,-1,-1,-1,17,73,28,67,CD Tenerife,AD Alcorcón,1.96,0.71,1.67,0.22,1.28,1.22,84,28,0,0,0,42,True,True,False,False,False,False,False,Spain_Segunda_División,2016-12-17 17:00:00
2016-2017,19,1,2,3,4,2,6,0,6,0,0,5,3,6,3,11,6,-1,-1,-1,-1,Estadio Nuevo Carlos Tartiere,"Calle de Ricardo Vázquez Prada, Barrio de la Ería, Oviedo",0,6,2.13,3.25,4.03,0,0,0,0,0,0,0,0,0,0,0,0,0,3,0,1,1,1,2,1,1481994000,294,0,50,0,11799,-1,1,-1,-1,-1,-1,-1,-1,0,1,0,5,1,5,-1,0,0,0,0,0,0,0,0,0,0,0,0,0,1,1,0,0,-1,-1,0,0,-1,-1,-1,-1,-1,-1,-1,-1,-1,22,78,22,67,Real Oviedo,Córdoba,2.1,0.9,2.0,1.22,1.44,1.22,78,22,0,0,0,42,True,True,True,False,False,False,True,Spain_Segunda_División,2016-12-17 17:00:00
2016-2017,19,4,2,6,4,2,6,1,5,0,2,8,6,7,2,15,8,14,15,-1,-1,Estadi Municipal de Montilivi,"Avenida Montlivi 141, Girona",1,8,1.65,3.77,6.5,0,0,0,0,0,0,0,0,0,0,0,0,0,6,1,2,3,0,3,3,1482001200,312,0,45,0,4420,-1,1,-1,-1,-1,-1,-1,-1,1,1,0,6,2,6,-1,0,0,0,0,0,0,0,1,1,1,1,0,0,1,1,0,0,-1,-1,0,0,-1,-1,-1,-1,-1,-1,-1,-1,-1,39,61,34,62,Girona FC,Gimnàstic de Tarragona,2.0,1.05,2.11,0.56,1.67,0.89,61,39,0,0,0,42,True,True,True,True,True,True,True,Spain_Segunda_División,2016-12-17 19:00:00
2016-2017,19,1,2,3,6,3,9,1,2,0,1,7,5,6,2,13,7,8,9,56,44,Estadio del Rayo Vallecano (de Vallecas Teresa Rivero) (Madrid),"Calle Payaso Fofó, Madrid",1,3,0.0,0.0,0.0,0,0,0,0,0,0,0,0,0,0,0,0,0,3,0,0,1,2,3,0,1482080400,299,0,39,0,8573,-1,1,-1,-1,-1,-1,-1,-1,0,0,1,3,0,4,-1,0,0,0,0,0,0,0,1,1,1,1,0,0,1,1,0,0,-1,-1,0,0,-1,-1,-1,-1,-1,-1,-1,-1,-1,50,62,28,50,Rayo Vallecano,Real Zaragoza,1.76,0.95,2.0,0.44,1.22,1.33,50,39,0,0,0,42,True,True,True,False,False,False,True,Spain_Segunda_División,2016-12-18 17:00:00
2016-2017,19,2,1,3,4,7,11,3,3,0,0,5,5,3,6,8,11,19,14,46,54,Estadio Municipal de Anduva,"Camino de Anduva, Miranda de Ebro",3,3,2.47,3.33,3.12,0,0,0,0,0,0,0,0,0,0,0,0,0,3,0,0,2,1,3,0,1482080400,300,0,45,0,3093,-1,1,-1,-1,-1,-1,-1,-1,0,2,3,1,2,4,-1,0,0,0,0,0,0,0,0,0,0,0,0,0,1,1,0,0,-1,-1,0,1,-1,-1,-1,-1,-1,-1,-1,-1,-1,45,67,28,73,Mirandés,Almería,1.19,0.57,1.67,0.33,1.06,1.17,56,33,0,0,0,42,True,True,True,False,False,False,True,Spain_Segunda_División,2016-12-18 17:00:00
2016-2017,19,3,1,4,5,0,5,2,7,0,1,7,4,10,2,17,6,12,17,55,45,Nuevo Estadio Los Pajaritos,"Avenida Mariano Vicen 16, Soria",2,8,2.34,3.18,3.52,0,0,0,0,0,0,0,0,0,0,0,0,0,4,2,1,1,0,1,3,1482080400,306,0,62,0,2512,-1,1,-1,-1,-1,-1,-1,-1,1,5,1,3,6,4,-1,0,0,0,0,0,0,0,0,0,0,0,0,0,1,1,0,0,-1,-1,0,1,-1,-1,-1,-1,-1,-1,-1,-1,-1,44,67,33,73,CD Numancia,RCD Mallorca,1.48,0.62,1.67,0.67,1.11,1.06,56,33,0,0,0,42,True,True,True,True,False,False,True,Spain_Segunda_División,2016-12-18 17:00:00
2016-2017,19,4,1,5,9,7,16,2,2,0,0,5,3,7,2,12,5,18,14,42,58,Estadio Ramón de Carranza,"Plaza de Madrid, Cádiz",2,2,0.0,0.0,0.0,0,0,0,0,0,0,0,0,0,0,0,0,0,5,1,0,3,1,4,1,1482087600,310,0,39,0,13968,-1,1,-1,-1,-1,-1,-1,-1,0,1,2,1,1,3,-1,0,0,0,0,0,0,0,0,0,0,0,0,0,1,1,0,0,-1,-1,0,1,-1,-1,-1,-1,-1,-1,-1,-1,-1,33,67,28,62,Cádiz,Sevilla II,1.86,0.81,2.0,1.0,1.5,1.5,67,33,0,0,0,42,True,True,True,True,True,False,True,Spain_Segunda_División,2016-12-18 19:00:00
2016-2017,20,1,0,1,6,3,9,0,1,0,0,10,4,10,6,20,10,-1,-1,-1,-1,Estadio Municipal José Zorrilla,"Avenida del Mundial 82, Valladolid",0,1,2.16,3.18,4.03,0,0,0,0,0,0,0,0,0,0,0,0,0,1,0,0,1,0,1,0,1483714800,297,0,28,0,4881,-1,1,-1,-1,-1,-1,-1,-1,0,1,0,0,1,0,-1,0,0,0,0,0,0,0,0,0,0,0,0,0,1,1,0,0,-1,-1,0,0,-1,-1,-1,-1,-1,-1,-1,-1,-1,28,50,22,39,Real Valladolid,CF Reus Deportiu,1.95,1.19,1.89,1.56,1.32,1.42,73,50,0,0,0,42,True,False,False,False,False,False,False,Spain_Segunda_División,2017-01-06 15:00:00
2016-2017,20,0,1,1,4,10,14,2,2,0,0,4,4,4,8,8,12,-1,-1,-1,-1,Estadio de los Juegos Mediterráneos,"Calle de Belladona, Almería",2,2,2.69,3.2,2.93,0,0,0,0,0,0,0,0,0,0,0,0,0,1,0,0,0,1,1,0,1483714800,293,0,50,0,6330,-1,1,-1,-1,-1,-1,-1,-1,1,2,1,0,3,1,-1,0,0,0,0,0,0,0,0,0,0,0,0,0,1,1,0,0,-1,-1,0,0,-1,-1,-1,-1,-1,-1,-1,-1,-1,50,73,28,67,Almería,Getafe CF,1.86,1.0,2.0,1.11,1.11,1.63,50,28,0,0,0,42,True,False,False,False,False,False,False,Spain_Segunda_División,2017-01-06 15:00:00
2016-2017,20,0,0,0,2,4,6,3,5,0,0,6,2,5,3,11,5,-1,-1,-1,-1,Nuevo Estadio Los Pajaritos,"Avenida Mariano Vicen 16, Soria",3,5,2.2,3.23,3.83,0,0,0,0,0,0,0,0,0,0,0,0,0,0,0,0,0,0,0,0,1483722000,-1,0,60,0,2775,-1,1,-1,-1,-1,-1,-1,-1,2,1,1,4,3,5,-1,0,0,0,0,0,0,0,0,0,0,0,0,0,1,1,0,0,-1,-1,0,0,-1,-1,-1,-1,-1,-1,-1,-1,-1,40,70,35,65,CD Numancia,SD Huesca,1.48,1.14,1.8,0.8,1.21,1.42,60,30,0,0,0,42,False,False,False,False,False,False,False,Spain_Segunda_División,2017-01-06 17:00:00
2016-2017,20,2,0,2,10,5,15,1,2,0,0,4,2,9,6,13,8,-1,-1,-1,-1,Iberostar Estadi,"Camí dels Reis, Palma de Mallorca",1,2,1.85,3.41,5.24,0,0,0,0,0,0,0,0,0,0,0,0,0,2,0,0,2,0,2,0,1483722000,298,0,28,0,7707,-1,1,-1,-1,-1,-1,-1,-1,0,1,1,1,1,2,-1,0,0,0,0,0,0,0,0,0,0,0,0,0,1,1,0,0,-1,-1,0,0,-1,-1,-1,-1,-1,-1,-1,-1,-1,39,56,33,56,RCD Mallorca,Mirandés,1.52,0.76,1.44,0.44,1.0,1.16,62,45,0,0,0,42,True,True,False,False,False,False,False,Spain_Segunda_División,2017-01-06 17:00:00
2016-2017,20,1,0,1,9,1,10,2,3,0,0,9,3,10,3,19,6,-1,-1,-1,-1,Estadio Ciudad de Valencia,"Calle San Vicente de Paúl 44, Valencia",2,3,1.96,3.35,4.6,0,0,0,0,0,0,0,0,0,0,0,0,0,1,0,0,1,0,1,0,1483808400,292,0,61,0,11913,-1,1,-1,-1,-1,-1,-1,-1,0,1,2,2,1,4,-1,0,0,0,0,0,0,0,1,0,1,0,0,0,1,1,0,0,-1,-1,0,0,-1,-1,-1,-1,-1,-1,-1,-1,-1,56,73,67,78,Levante UD,CD Lugo,2.57,0.9,2.56,1.22,2.06,1.47,45,28,0,0,0,42,True,False,False,False,False,False,False,Spain_Segunda_División,2017-01-07 17:00:00
2016-2017,20,0,0,0,6,10,16,1,3,0,0,7,4,5,10,12,14,14,13,44,56,Estadio Nuevo Arcángel,"Avenida del Arcángel, Córdoba",1,3,2.75,3.05,3.0,0,0,0,0,0,0,0,0,0,0,0,0,0,0,0,0,0,0,0,0,1483815600,-1,0,44,0,12828,-1,1,-1,-1,-1,-1,-1,-1,1,1,0,2,2,2,-1,0,0,0,0,0,0,0,0,0,0,0,0,0,1,1,0,0,-1,-1,0,1,-1,-1,-1,-1,-1,-1,-1,-1,-1,39,67,33,78,Córdoba,Rayo Vallecano,1.71,0.76,1.22,0.44,1.32,1.16,62,33,0,0,0,42,False,False,False,False,False,False,False,Spain_Segunda_División,2017-01-07 19:00:00
2016-2017,20,0,0,0,7,1,8,2,3,0,0,5,2,3,0,8,2,12,14,58,42,Estadio Santo Domingo,"Avenida de Pablo Iglesias, Alcorcón",2,3,2.02,3.39,4.25,0,0,0,0,0,0,0,0,0,0,0,0,0,0,0,0,0,0,0,0,1483873200,-1,0,39,0,2152,-1,1,-1,-1,-1,-1,-1,-1,0,2,2,1,2,3,-1,0,0,0,0,0,0,0,0,0,0,0,0,0,1,1,0,0,-1,-1,0,0,-1,-1,-1,-1,-1,-1,-1,-1,-1,33,45,33,33,AD Alcorcón,UCAM Murcia CF,1.67,1.0,2.22,1.0,1.16,1.0,67,56,0,0,0,42,False,False,False,False,False,False,False,Spain_Segunda_División,2017-01-08 11:00:00
2016-2017,20,1,1,2,4,6,10,5,3,1,0,7,2,5,7,12,9,20,19,55,45,Nou Estadi de Tarragona,"Camí del Llorito, Tarragona",6,3,2.43,3.17,3.35,0,0,0,0,0,0,0,0,0,0,0,0,0,2,0,1,1,0,1,1,1483887600,-1,0,50,0,5360,-1,1,-1,-1,-1,-1,-1,-1,2,2,4,1,4,5,-1,0,0,0,0,0,0,0,0,0,0,0,0,0,1,1,0,0,-1,-1,0,0,-1,-1,-1,-1,-1,-1,-1,-1,-1,33,56,33,62,Gimnàstic de Tarragona,CD Tenerife,1.43,1.17,1.22,0.89,0.84,1.37,67,44,0,0,0,42,True,True,False,False,False,False,True,Spain_Segunda_División,2017-01-08 15:00:00
2016-2017,20,0,2,2,2,5,7,1,1,1,0,2,5,7,7,9,12,13,16,51,49,Estadio de la Romareda,"Calle de Eduardo Ibarra 6, Zaragoza",2,1,2.6,3.22,3.03,0,0,0,0,0,0,0,0,0,0,0,0,0,2,0,0,0,2,2,0,1483894800,312,0,56,0,18596,-1,1,-1,-1,-1,-1,-1,-1,0,0,2,1,0,3,-1,0,0,0,0,0,0,0,0,0,0,0,0,0,1,1,0,0,-1,-1,0,0,-1,-1,-1,-1,-1,-1,-1,-1,-1,50,73,39,78,Real Zaragoza,Girona FC,1.43,1.33,2.22,1.22,1.42,1.74,50,28,0,0,0,42,True,True,False,False,False,False,False,Spain_Segunda_División,2017-01-08 17:00:00
2016-2017,20,2,3,5,7,2,9,1,3,1,0,9,6,11,6,20,12,7,12,60,40,Estadio Manuel Martínez Valero,"Avenida Manuel Martínez Valero 3, Elche",2,3,2.4,3.25,3.32,0,0,0,0,0,0,0,0,0,0,0,0,0,5,1,1,1,2,3,2,1483894800,310,0,50,0,8654,-1,1,-1,-1,-1,-1,-1,-1,2,1,0,2,3,2,-1,0,0,0,0,0,0,0,0,0,0,0,0,0,1,1,0,0,-1,-1,1,0,-1,-1,-1,-1,-1,-1,-1,-1,-1,45,67,28,50,Elche CF,Cádiz,1.19,1.18,1.67,1.0,1.37,1.58,56,33,0,0,0,42,True,True,True,True,True,False,True,Spain_Segunda_División,2017-01-08 17:00:00
2016-2017,20,5,3,8,3,4,7,3,3,0,0,8,6,6,6,14,12,18,11,57,43,Estadio Ramón Sánchez Pizjuán,"Avenida de Eduardo Dato, Sevilla",3,3,2.25,3.11,3.85,0,0,0,0,0,0,0,0,0,0,0,0,0,8,3,0,2,3,5,3,1483902000,305,0,39,0,2776,-1,1,-1,-1,-1,-1,-1,-1,3,2,0,1,5,1,-1,0,0,0,0,0,0,0,1,1,1,1,0,0,1,1,0,0,-1,-1,0,0,-1,-1,-1,-1,-1,-1,-1,-1,-1,33,62,17,61,Sevilla II,Real Oviedo,1.71,0.81,2.0,0.89,1.42,1.37,67,39,0,0,0,42,True,True,True,True,True,True,True,Spain_Segunda_División,2017-01-08 19:00:00
2016-2017,19,0,2,2,6,6,12,1,1,0,0,4,5,7,3,11,8,-1,-1,-1,-1,Estadio de La Condomina,"Ronda de Garay 14, Murcia",1,1,2.95,3.11,2.75,0,0,0,0,0,0,0,0,0,0,0,0,0,2,0,1,0,1,1,1,1484161200,292,0,45,0,3522,-1,1,-1,-1,-1,-1,-1,-1,0,0,1,1,0,2,-1,0,0,0,0,0,0,0,0,0,0,0,0,0,1,1,0,0,-1,-1,0,0,-1,-1,-1,-1,-1,-1,-1,-1,-1,39,67,17,61,UCAM Murcia CF,Levante UD,1.29,1.43,1.0,1.56,1.0,2.11,62,33,0,0,0,42,True,True,False,False,False,False,False,Spain_Segunda_División,2017-01-11 19:00:00
2016-2017,21,0,1,1,8,5,13,3,3,0,0,2,4,7,4,9,8,-1,-1,-1,-1,Estadio Ramón de Carranza,"Plaza de Madrid, Cádiz",3,3,2.19,3.21,3.88,0,0,0,0,0,0,0,0,0,0,0,0,0,1,0,1,0,0,0,1,1484334000,297,0,45,0,13625,-1,1,-1,-1,-1,-1,-1,-1,1,0,2,3,1,5,-1,0,0,0,0,0,0,0,0,0,0,0,0,0,1,1,0,0,-1,-1,0,0,-1,-1,-1,-1,-1,-1,-1,-1,-1,50,70,25,70,Cádiz,Real Valladolid,1.86,1.05,2.1,0.8,1.65,1.4,50,30,0,0,0,42,True,False,False,False,False,False,False,Spain_Segunda_División,2017-01-13 19:00:00
2016-2017,21,1,1,2,12,4,16,2,2,0,0,8,5,11,7,19,12,15,16,53,47,Estadio del Rayo Vallecano (de Vallecas Teresa Rivero) (Madrid),"Calle Payaso Fofó, Madrid",2,2,1.61,3.84,7.03,0,0,0,0,0,0,0,0,0,0,0,0,0,2,0,1,1,0,1,1,1484406000,-1,0,40,0,7846,-1,1,-1,-1,-1,-1,-1,-1,0,1,2,1,1,3,-1,0,0,0,0,0,0,0,0,0,0,0,0,0,1,1,0,1,-1,-1,0,0,-1,-1,-1,-1,-1,-1,-1,-1,-1,35,65,25,50,Rayo Vallecano,Sevilla II,1.76,0.81,1.8,0.9,1.15,1.5,65,35,0,0,0,42,True,True,False,False,False,False,True,Spain_Segunda_División,2017-01-14 15:00:00
2016-2017,21,1,1,2,10,2,12,1,4,0,1,4,3,10,2,14,5,14,20,54,46,Estadio de La Condomina,"Ronda de Garay 14, Murcia",1,6,1.98,3.29,4.64,0,0,0,0,0,0,0,0,0,0,0,0,0,2,0,1,1,0,1,1,1484413200,-1,0,40,0,3421,-1,1,-1,-1,-1,-1,-1,-1,1,1,0,4,2,4,-1,0,0,0,0,0,0,0,0,0,0,0,0,0,1,1,0,0,-1,-1,0,0,-1,-1,-1,-1,-1,-1,-1,-1,-1,35,65,25,70,UCAM Murcia CF,Gimnàstic de Tarragona,1.29,1.05,0.9,0.5,0.95,0.85,65,35,0,0,0,42,True,True,False,False,False,False,True,Spain_Segunda_División,2017-01-14 17:00:00
2016-2017,21,2,1,3,4,3,7,4,0,0,0,9,8,6,5,15,13,-1,-1,-1,-1,Estadio Nuevo Carlos Tartiere,"Calle de Ricardo Vázquez Prada, Barrio de la Ería, Oviedo",4,0,1.98,3.19,4.85,0,0,0,0,0,0,0,0,0,0,0,0,0,3,0,0,2,1,3,0,1484413200,309,0,40,0,11975,-1,1,-1,-1,-1,-1,-1,-1,1,0,3,0,1,3,-1,0,0,0,0,0,0,0,0,0,0,0,0,0,1,1,0,0,-1,-1,0,0,-1,-1,-1,-1,-1,-1,-1,-1,-1,35,70,25,60,Real Oviedo,Elche CF,2.1,0.86,1.8,1.1,1.3,1.3,65,30,0,0,0,42,True,True,True,False,False,False,True,Spain_Segunda_División,2017-01-14 17:00:00
2016-2017,21,0,3,3,4,2,6,4,1,0,0,3,6,1,5,4,11,14,16,51,49,Estadio Municipal de Anduva,"Camino de Anduva, Miranda de Ebro",4,1,2.0,3.43,4.29,0,0,0,0,0,0,0,0,0,0,0,0,0,3,0,1,0,2,2,1,1484413200,306,0,69,0,2795,-1,1,-1,-1,-1,-1,-1,-1,2,0,2,1,2,3,-1,0,0,0,0,0,0,0,0,1,0,1,0,0,1,1,0,0,-1,-1,0,0,-1,-1,-1,-1,-1,-1,-1,-1,-1,58,79,42,69,Mirandés,CD Numancia,1.19,0.9,1.8,0.56,1.1,1.2,42,21,0,0,0,42,True,True,True,False,False,False,False,Spain_Segunda_División,2017-01-14 17:00:00
2016-2017,21,1,0,1,10,2,12,1,2,0,0,7,2,10,5,17,7,13,10,59,41,Estadio Heliodoro Rodríguez Lopéz,"Avenida de San Sebastián, Tenerife",1,2,2.02,3.32,4.39,0,0,0,0,0,0,0,0,0,0,0,0,0,1,0,0,1,0,1,0,1484420400,311,0,60,0,9148,-1,1,-1,-1,-1,-1,-1,-1,0,1,1,1,1,2,-1,0,0,0,0,0,0,0,0,0,0,0,0,0,1,1,0,0,-1,-1,0,0,-1,-1,-1,-1,-1,-1,-1,-1,-1,45,70,25,60,CD Tenerife,Real Zaragoza,1.96,0.95,1.8,0.7,1.35,1.35,55,30,0,0,0,42,True,False,False,False,False,False,False,Spain_Segunda_División,2017-01-14 19:00:00
2016-2017,21,1,1,2,2,7,9,0,5,0,0,3,2,9,4,12,6,8,22,60,40,Coliseum Alfonso Pérez,"Avenida de Teresa de Calcuta, Getafe",0,5,1.93,3.3,4.94,0,0,0,0,0,0,0,0,0,0,0,0,0,2,0,1,1,0,1,1,1484478000,-1,0,50,0,7919,-1,1,-1,-1,-1,-1,-1,-1,0,1,0,4,1,4,-1,0,0,0,0,0,0,0,1,0,1,0,0,0,1,1,0,0,-1,-1,0,0,-1,-1,-1,-1,-1,-1,-1,-1,-1,35,70,15,45,Getafe CF,RCD Mallorca,2.26,0.62,2.1,0.6,1.7,1.1,65,30,0,0,0,42,True,True,False,False,False,False,True,Spain_Segunda_División,2017-01-15 11:00:00
2016-2017,21,1,0,1,9,2,11,0,5,0,0,4,2,6,4,10,6,13,15,55,45,Estadio Camp Nou Municipal,"Calle Recasens i Mercadé 8, Reus",0,5,2.01,3.21,4.6,0,0,0,0,0,0,0,0,0,0,0,0,0,1,1,0,0,0,0,1,1484492400,307,0,40,0,3587,-1,1,-1,-1,-1,-1,-1,-1,0,0,0,5,0,5,-1,0,0,0,0,0,0,0,1,0,0,0,1,0,1,1,0,0,-1,-1,0,0,-1,-1,-1,-1,-1,-1,-1,-1,-1,30,55,15,50,CF Reus Deportiu,Almería,1.43,0.57,1.3,0.3,1.35,1.05,70,45,0,0,0,42,True,False,False,False,False,False,False,Spain_Segunda_División,2017-01-15 15:00:00
2016-2017,21,0,2,2,4,2,6,5,4,0,0,4,5,2,4,6,9,17,13,69,31,Estadio El Alcoraz,"Camino del Alto Cocorón, Huesca",5,4,2.42,3.09,3.46,0,0,0,0,0,0,0,0,0,0,0,0,0,2,0,1,0,1,1,1,1484499600,292,0,37,0,3149,-1,1,-1,-1,-1,-1,-1,-1,3,2,2,2,5,4,-1,0,0,0,0,0,0,0,0,0,0,0,0,0,1,1,0,0,-1,-1,0,0,-1,-1,-1,-1,-1,-1,-1,-1,-1,54,80,22,64,SD Huesca,Levante UD,1.77,1.43,2.11,1.7,1.4,2.15,46,20,0,0,0,42,True,True,False,False,False,False,False,Spain_Segunda_División,2017-01-15 17:00:00
2016-2017,21,1,0,1,5,8,13,2,2,0,0,4,4,5,4,9,8,18,9,45,55,Estadio Anxo Carro,"Avenida de los deportes, Lugo",2,2,2.03,3.26,4.4,0,0,0,0,0,0,0,0,0,0,0,0,0,1,0,0,1,0,1,0,1484499600,304,0,40,0,3076,-1,1,-1,-1,-1,-1,-1,-1,0,0,2,2,0,4,-1,0,0,0,0,0,0,0,0,0,0,0,0,0,1,1,0,0,-1,-1,0,0,-1,-1,-1,-1,-1,-1,-1,-1,-1,25,65,35,70,CD Lugo,AD Alcorcón,1.71,0.71,1.7,0.2,1.4,1.15,75,35,0,0,0,42,True,False,False,False,False,False,False,Spain_Segunda_División,2017-01-15 17:00:00
2016-2017,21,2,0,2,4,2,6,3,3,0,0,7,5,9,7,16,12,13,14,56,44,Estadi Municipal de Montilivi,"Avenida Montlivi 141, Girona",3,3,1.74,3.64,5.73,0,0,0,0,0,0,0,0,0,0,0,0,0,2,1,0,1,0,1,1,1484506800,312,0,75,0,3826,-1,1,-1,-1,-1,-1,-1,-1,1,2,2,1,3,3,-1,0,0,0,0,0,0,0,0,0,0,0,0,0,1,1,1,0,-1,-1,0,0,-1,-1,-1,-1,-1,-1,-1,-1,-1,50,85,45,75,Girona FC,Córdoba,2.0,0.9,2.2,1.4,1.8,1.3,50,15,0,0,0,42,True,True,False,False,False,False,False,Spain_Segunda_División,2017-01-15 19:00:00
2016-2017,22,1,0,1,4,6,10,5,0,0,0,3,6,4,8,7,14,16,12,44,56,Estadio Nuevo Carlos Tartiere,"Calle de Ricardo Vázquez Prada, Barrio de la Ería, Oviedo",5,0,2.45,3.19,3.29,0,0,0,0,0,0,0,0,0,0,0,0,0,1,1,0,0,0,0,1,1485010800,309,0,41,0,13681,-1,1,-1,-1,-1,-1,-1,-1,1,0,4,0,1,4,-1,0,0,0,0,0,0,0,0,0,0,0,0,0,1,1,0,0,-1,-1,0,0,-1,-1,-1,-1,-1,-1,-1,-1,-1,36,69,18,64,Real Oviedo,Real Valladolid,2.1,1.05,1.91,1.0,1.38,1.48,64,32,0,0,0,42,True,False,False,False,False,False,False,Spain_Segunda_División,2017-01-21 15:00:00
2016-2017,22,1,1,2,9,4,13,4,2,1,0,7,3,7,1,14,4,-1,-1,-1,-1,Estadio del Rayo Vallecano (de Vallecas Teresa Rivero) (Madrid),"Calle Payaso Fofó, Madrid",5,2,1.83,3.57,5.05,0,0,0,0,0,0,0,0,0,0,0,0,0,2,0,1,1,0,1,1,1485018000,-1,0,46,0,7185,-1,1,-1,-1,-1,-1,-1,-1,1,0,4,2,1,6,-1,0,0,0,0,0,0,0,1,0,1,0,0,0,1,1,0,0,-1,-1,0,0,-1,-1,-1,-1,-1,-1,-1,-1,-1,46,69,27,50,Rayo Vallecano,Elche CF,1.76,0.86,1.73,1.0,1.14,1.24,55,32,0,0,0,42,True,True,False,False,False,False,True,Spain_Segunda_División,2017-01-21 17:00:00
2016-2017,22,2,0,2,8,11,19,3,1,0,0,8,4,5,6,13,10,-1,-1,-1,-1,Estadio Heliodoro Rodríguez Lopéz,"Avenida de San Sebastián, Tenerife",3,1,2.13,3.2,4.11,0,0,0,0,0,0,0,0,0,0,0,0,0,2,0,0,2,0,2,0,1485018000,311,0,64,0,11464,-1,1,-1,-1,-1,-1,-1,-1,0,1,3,0,1,3,-1,0,0,0,0,0,0,0,0,0,0,0,0,0,1,1,0,0,-1,-1,0,0,-1,-1,-1,-1,-1,-1,-1,-1,-1,27,78,23,73,CD Tenerife,Córdoba,1.96,0.9,1.91,1.27,1.43,1.24,73,23,0,0,0,42,True,True,False,False,False,False,False,Spain_Segunda_División,2017-01-21 17:00:00
2016-2017,22,2,3,5,4,4,8,2,4,0,0,6,6,5,8,11,14,-1,-1,-1,-1,Estadio Anxo Carro,"Avenida de los deportes, Lugo",2,4,2.1,3.24,4.16,0,0,0,0,0,0,0,0,0,0,0,0,0,5,1,0,1,3,4,1,1485018000,303,0,41,0,3134,-1,1,-1,-1,-1,-1,-1,-1,1,1,1,3,2,4,-1,0,0,0,0,0,0,0,1,0,1,0,0,0,1,1,0,0,-1,-1,0,0,-1,-1,-1,-1,-1,-1,-1,-1,-1,32,50,27,64,CD Lugo,Gimnàstic de Tarragona,1.71,1.05,1.82,0.55,1.48,0.86,69,50,0,0,0,42,True,True,True,True,True,False,True,Spain_Segunda_División,2017-01-21 17:00:00
2016-2017,22,0,1,1,4,4,8,5,5,1,0,2,2,3,5,5,7,-1,-1,-1,-1,Estadio El Alcoraz,"Camino del Alto Cocorón, Huesca",6,5,2.18,3.19,3.96,0,0,0,0,0,0,0,0,0,0,0,0,0,1,0,0,0,1,1,0,1485018000,302,0,34,0,2601,-1,1,-1,-1,-1,-1,-1,-1,3,1,3,4,4,7,-1,0,0,0,0,0,0,0,0,0,0,0,0,0,1,1,0,0,-1,-1,1,0,-1,-1,-1,-1,-1,-1,-1,-1,-1,40,87,34,72,SD Huesca,AD Alcorcón,1.77,0.71,1.9,0.18,1.33,1.1,61,14,0,0,0,42,True,False,False,False,False,False,False,Spain_Segunda_División,2017-01-21 17:00:00
2016-2017,22,1,0,1,3,7,10,2,3,0,0,6,5,7,10,13,15,12,10,40,60,Estadio de La Condomina,"Ronda de Garay 14, Murcia",2,3,2.51,3.15,3.23,0,0,0,0,0,0,0,0,0,0,0,0,0,1,1,0,0,0,0,1,1485025200,308,0,55,0,2737,-1,1,-1,-1,-1,-1,-1,-1,0,2,2,1,2,3,-1,0,0,0,0,0,0,0,0,0,0,0,0,0,1,1,0,0,-1,-1,0,0,-1,-1,-1,-1,-1,-1,-1,-1,-1,50,73,27,64,UCAM Murcia CF,Real Zaragoza,1.29,0.95,0.91,0.64,0.95,1.29,50,27,0,0,0,42,True,False,False,False,False,False,False,Spain_Segunda_División,2017-01-21 19:00:00
2016-2017,22,1,0,1,3,8,11,2,1,0,0,3,7,5,9,8,16,13,14,49,51,Estadio Ciudad de Valencia,"Calle San Vicente de Paúl 44, Valencia",2,1,1.83,3.48,5.19,0,0,0,0,0,0,0,0,0,0,0,0,0,1,1,0,0,0,0,1,1485082800,292,0,50,0,10844,-1,1,-1,-1,-1,-1,-1,-1,1,0,1,1,1,2,-1,0,0,0,0,0,0,0,0,0,0,0,0,0,1,1,0,0,-1,-1,1,0,-1,-1,-1,-1,-1,-1,-1,-1,-1,45,65,45,65,Levante UD,CD Numancia,2.57,0.9,2.6,0.8,2.19,1.29,55,35,0,0,0,42,True,False,False,False,False,False,False,Spain_Segunda_División,2017-01-22 11:00:00
2016-2017,22,1,1,2,6,1,7,0,3,1,1,7,5,4,4,11,9,9,15,64,36,Estadio Camp Nou Municipal,"Calle Recasens i Mercadé 8, Reus",2,4,2.44,3.11,3.4,0,0,0,0,0,0,0,0,0,0,0,0,0,2,0,1,1,0,1,1,1485097200,-1,0,55,0,3863,-1,1,-1,-1,-1,-1,-1,-1,0,2,1,2,2,3,-1,0,0,0,0,0,0,0,1,0,0,0,1,0,1,1,0,0,-1,-1,0,0,-1,-1,-1,-1,-1,-1,-1,-1,-1,32,59,23,55,CF Reus Deportiu,RCD Mallorca,1.43,0.62,1.45,0.64,1.43,1.1,69,41,0,0,0,42,True,True,False,False,False,False,True,Spain_Segunda_División,2017-01-22 15:00:00
2016-2017,22,1,1,2,4,3,7,2,3,0,0,8,5,8,9,16,14,15,13,50,50,Coliseum Alfonso Pérez,"Avenida de Teresa de Calcuta, Getafe",2,3,1.63,3.77,6.83,0,0,0,0,0,0,0,0,0,0,0,0,0,2,1,0,0,1,1,1,1485104400,-1,0,38,0,5540,-1,1,-1,-1,-1,-1,-1,-1,1,2,1,1,3,2,-1,0,0,0,0,0,0,0,0,0,0,0,0,0,1,1,0,0,-1,-1,1,0,-1,-1,-1,-1,-1,-1,-1,-1,-1,24,72,20,48,Getafe CF,Mirandés,2.26,0.76,2.0,0.4,1.67,1.05,76,29,0,0,0,42,True,True,False,False,False,False,True,Spain_Segunda_División,2017-01-22 17:00:00
2016-2017,22,2,0,2,8,6,14,0,1,0,0,6,3,11,5,17,8,11,12,56,44,Estadi Municipal de Montilivi,"Avenida Montlivi 141, Girona",0,1,1.7,3.67,6.0,0,0,0,0,0,0,0,0,0,0,0,0,0,2,0,0,2,0,2,0,1485104400,312,0,60,0,2358,-1,1,-1,-1,-1,-1,-1,-1,0,0,0,1,0,1,-1,0,0,0,0,0,0,0,0,0,0,0,0,0,1,1,0,0,-1,-1,0,0,-1,-1,-1,-1,-1,-1,-1,-1,-1,41,78,41,69,Girona FC,Sevilla II,2.0,0.81,2.27,0.91,1.86,1.48,59,23,0,0,0,42,True,True,False,False,False,False,False,Spain_Segunda_División,2017-01-22 17:00:00
2016-2017,22,1,0,1,4,6,10,2,6,1,0,2,2,2,5,4,7,13,10,48,52,Estadio Ramón de Carranza,"Plaza de Madrid, Cádiz",3,6,2.01,3.34,4.39,0,0,0,0,0,0,0,0,0,0,0,0,0,1,0,0,1,0,1,0,1485111600,310,0,32,0,10890,-1,1,-1,-1,-1,-1,-1,-1,1,3,2,3,4,5,-1,0,0,0,0,0,0,0,0,0,0,0,0,0,1,1,0,0,-1,-1,0,0,-1,-1,-1,-1,-1,-1,-1,-1,-1,41,60,14,69,Cádiz,Almería,1.86,0.57,1.91,0.27,1.57,1.0,60,41,0,0,0,42,True,False,False,False,False,False,False,Spain_Segunda_División,2017-01-22 19:00:00
2016-2017,23,1,0,1,5,3,8,1,2,0,0,5,2,7,9,12,11,-1,-1,-1,-1,Estadio Manuel Martínez Valero,"Avenida Manuel Martínez Valero 3, Elche",1,2,3.13,3.1,2.61,0,0,0,0,0,0,0,0,0,0,0,0,0,1,0,0,1,0,1,0,1485543600,295,0,50,0,5770,-1,1,-1,-1,-1,-1,-1,-1,0,1,1,1,1,2,-1,0,0,0,0,0,0,0,0,0,0,0,0,0,1,1,0,0,-1,-1,0,0,-1,-1,-1,-1,-1,-1,-1,-1,-1,50,70,40,70,Elche CF,Girona FC,1.19,1.33,1.5,1.4,1.23,1.91,50,30,0,0,0,42,True,False,False,False,False,False,False,Spain_Segunda_División,2017-01-27 19:00:00
2016-2017,23,0,0,0,7,3,10,1,2,0,0,4,3,4,5,8,8,16,17,50,50,Estadio Ramón Sánchez Pizjuán,"Avenida de Eduardo Dato, Sevilla",1,2,2.51,3.09,3.31,0,0,0,0,0,0,0,0,0,0,0,0,0,0,0,0,0,0,0,0,1485615600,-1,0,50,0,3627,-1,1,-1,-1,-1,-1,-1,-1,1,2,0,0,3,0,-1,0,0,0,0,0,0,0,0,0,0,0,0,0,1,1,0,0,-1,-1,1,0,-1,-1,-1,-1,-1,-1,-1,-1,-1,30,65,20,60,Sevilla II,CD Tenerife,1.71,1.17,2.1,0.9,1.41,1.5,70,35,0,0,0,42,False,False,False,False,False,False,False,Spain_Segunda_División,2017-01-28 15:00:00
2016-2017,23,1,1,2,8,7,15,0,0,0,0,5,5,8,5,13,10,8,8,50,50,Estadio Municipal de Anduva,"Camino de Anduva, Miranda de Ebro",0,0,2.58,3.08,3.2,0,0,0,0,0,0,0,0,0,0,0,0,0,2,1,0,0,1,1,1,1485622800,-1,0,47,0,3140,-1,-1,-1,-1,-1,-1,-1,-1,0,0,0,0,0,0,-1,0,0,0,0,0,0,0,0,0,0,0,0,0,1,1,0,0,-1,-1,-1,-1,-1,-1,-1,-1,-1,-1,-1,-1,-1,42,61,23,52,Mirandés,CF Reus Deportiu,1.19,1.19,1.64,1.4,1.05,1.41,58,39,0,0,0,42,True,True,False,False,False,False,True,Spain_Segunda_División,2017-01-28 17:00:00
2016-2017,23,0,0,0,4,4,8,1,3,0,0,4,3,7,8,11,11,11,18,55,45,Nou Estadi de Tarragona,"Camí del Llorito, Tarragona",1,3,2.4,3.2,3.37,0,0,0,0,0,0,0,0,0,0,0,0,0,0,0,0,0,0,0,0,1485622800,-1,0,53,0,4484,-1,1,-1,-1,-1,-1,-1,-1,0,1,1,2,1,3,-1,0,0,0,0,0,0,0,0,0,0,0,0,0,1,1,0,0,-1,-1,0,0,-1,-1,-1,-1,-1,-1,-1,-1,-1,29,62,24,48,Gimnàstic de Tarragona,SD Huesca,1.43,1.14,1.2,0.82,0.95,1.27,72,38,0,0,0,42,False,False,False,False,False,False,False,Spain_Segunda_División,2017-01-28 17:00:00
2016-2017,23,2,0,2,4,3,7,2,2,1,0,5,3,4,6,9,9,-1,-1,-1,-1,Estadio Santo Domingo,"Avenida de Pablo Iglesias, Alcorcón",4,2,2.95,2.97,2.86,0,0,0,0,0,0,0,0,0,0,0,0,0,2,2,0,0,0,0,2,1485622800,302,0,24,0,2575,-1,1,-1,-1,-1,-1,-1,-1,1,2,2,0,3,2,-1,0,0,0,0,0,0,0,1,0,1,0,0,0,1,1,0,0,-1,-1,0,0,-1,-1,-1,-1,-1,-1,-1,-1,-1,24,42,10,38,AD Alcorcón,Levante UD,1.67,1.43,2.1,1.82,1.18,2.23,77,58,0,0,0,42,True,True,False,False,False,False,False,Spain_Segunda_División,2017-01-28 17:00:00
2016-2017,23,2,1,3,7,3,10,2,2,0,0,6,5,5,3,11,8,9,15,58,42,Estadio Municipal José Zorrilla,"Avenida del Mundial 82, Valladolid",2,2,2.13,3.23,4.04,0,0,0,0,0,0,0,0,0,0,0,0,0,3,0,1,2,0,2,1,1485630000,297,0,30,0,8406,-1,1,-1,-1,-1,-1,-1,-1,0,2,2,0,2,2,-1,0,0,0,0,0,0,0,0,0,0,0,0,0,1,1,0,1,-1,-1,0,0,-1,-1,-1,-1,-1,-1,-1,-1,-1,35,55,35,60,Real Valladolid,Rayo Vallecano,1.95,0.76,2.0,0.5,1.41,1.14,65,45,0,0,0,42,True,True,True,False,False,False,True,Spain_Segunda_División,2017-01-28 19:00:00
2016-2017,23,2,0,2,2,2,4,1,3,0,1,9,0,6,8,15,8,10,20,49,51,Nuevo Estadio Los Pajaritos,"Avenida Mariano Vicen 16, Soria",1,5,2.77,3.07,2.95,0,0,0,0,0,0,0,0,0,0,0,0,0,2,1,0,1,0,1,1,1485687600,306,0,52,0,2967,-1,1,-1,-1,-1,-1,-1,-1,1,3,0,1,4,1,-1,0,0,0,0,0,0,0,0,0,0,0,0,0,1,1,0,0,-1,-1,0,2,-1,-1,-1,-1,-1,-1,-1,-1,-1,38,62,33,71,CD Numancia,Getafe CF,1.48,1.0,1.73,1.3,1.23,1.64,63,38,0,0,0,42,True,True,False,False,False,False,False,Spain_Segunda_División,2017-01-29 11:00:00
2016-2017,23,1,1,2,5,3,8,3,2,1,0,5,4,3,2,8,6,27,18,48,52,Estadio Nuevo Arcángel,"Avenida del Arcángel, Córdoba",5,2,2.29,3.12,3.73,0,0,0,0,0,0,0,0,0,0,0,0,0,2,1,0,0,1,1,1,1485702000,-1,0,45,0,10966,-1,1,-1,-1,-1,-1,-1,-1,0,1,4,1,1,5,-1,0,0,0,0,0,0,0,0,0,0,0,0,0,1,1,1,0,-1,-1,0,0,-1,-1,-1,-1,-1,-1,-1,-1,-1,35,60,30,50,Córdoba,UCAM Murcia CF,1.71,1.0,1.2,1.0,1.18,1.05,65,40,0,0,0,42,True,True,False,False,False,False,True,Spain_Segunda_División,2017-01-29 15:00:00
2016-2017,23,0,0,0,8,4,12,1,4,0,0,5,6,12,4,17,10,10,15,62,38,Iberostar Estadi,"Camí dels Reis, Palma de Mallorca",1,4,2.11,3.23,4.15,0,0,0,0,0,0,0,0,0,0,0,0,0,0,0,0,0,0,0,0,1485709200,-1,0,35,0,9941,-1,1,-1,-1,-1,-1,-1,-1,0,2,1,2,2,3,-1,0,0,0,0,0,0,0,0,0,0,0,0,0,1,1,0,0,-1,-1,0,0,-1,-1,-1,-1,-1,-1,-1,-1,-1,40,55,20,35,RCD Mallorca,Cádiz,1.52,1.18,1.6,1.2,1.09,1.64,60,45,0,0,0,42,False,False,False,False,False,False,False,Spain_Segunda_División,2017-01-29 17:00:00
2016-2017,23,3,0,3,1,5,6,3,2,0,0,6,6,5,11,11,17,15,17,47,53,Estadio de los Juegos Mediterráneos,"Calle de Belladona, Almería",3,2,2.18,3.23,3.88,0,0,0,0,0,0,0,0,0,0,0,0,0,3,0,0,3,0,3,0,1485709200,296,0,45,0,7014,-1,1,-1,-1,-1,-1,-1,-1,0,1,3,1,1,4,-1,0,0,0,0,0,0,0,0,0,0,0,0,0,1,1,0,0,-1,-1,0,0,-1,-1,-1,-1,-1,-1,-1,-1,-1,55,65,35,70,Almería,Real Oviedo,1.86,0.81,1.8,0.8,0.95,1.45,45,35,0,0,0,42,True,True,True,False,False,False,False,Spain_Segunda_División,2017-01-29 17:00:00
2016-2017,23,1,1,2,6,9,15,2,2,0,0,5,4,3,3,8,7,6,14,44,56,Estadio de la Romareda,"Calle de Eduardo Ibarra 6, Zaragoza",2,2,2.07,3.36,4.1,0,0,0,0,0,0,0,0,0,0,0,0,0,2,0,0,1,1,2,0,1485716400,-1,0,65,0,13999,-1,1,-1,-1,-1,-1,-1,-1,0,1,2,1,1,3,-1,0,0,0,0,0,0,0,0,0,0,0,0,0,1,1,0,0,-1,-1,0,0,-1,-1,-1,-1,-1,-1,-1,-1,-1,60,85,55,80,Real Zaragoza,CD Lugo,1.43,0.9,2.0,1.1,1.23,1.41,40,15,0,0,0,42,True,True,False,False,False,False,True,Spain_Segunda_División,2017-01-29 19:00:00
2016-2017,24,1,0,1,5,4,9,3,2,0,0,7,7,4,5,11,12,-1,-1,52,48,Estadio de La Condomina,"Ronda de Garay 14, Murcia",3,2,2.17,3.1,4.14,0,0,0,0,0,0,0,0,0,0,0,0,0,1,0,0,1,0,1,0,1486148400,308,0,50,0,3326,-1,1,-1,-1,-1,-1,-1,-1,1,1,2,1,2,3,-1,0,0,0,0,0,0,0,0,0,0,0,0,0,1,1,0,0,-1,-1,0,1,-1,-1,-1,-1,-1,-1,-1,-1,-1,29,75,25,71,UCAM Murcia CF,Sevilla II,1.29,0.81,1.08,0.83,1.04,1.39,71,25,0,0,0,42,True,False,False,False,False,False,False,Spain_Segunda_División,2017-02-03 19:00:00
2016-2017,24,2,3,5,7,2,9,3,3,0,0,5,5,4,2,9,7,12,16,56,44,Estadio Santo Domingo,"Avenida de Pablo Iglesias, Alcorcón",3,3,2.12,3.09,4.34,0,0,0,0,0,0,0,0,0,0,0,0,0,5,1,1,1,2,3,2,1486220400,306,0,37,0,2020,-1,1,-1,-1,-1,-1,-1,-1,0,0,3,3,0,6,-1,0,0,0,0,0,0,0,1,1,1,1,0,0,1,1,0,0,-1,-1,0,0,-1,-1,-1,-1,-1,-1,-1,-1,-1,37,50,32,50,AD Alcorcón,CD Numancia,1.67,0.9,2.18,0.73,1.26,1.3,64,50,0,0,0,42,True,True,True,True,True,False,True,Spain_Segunda_División,2017-02-04 15:00:00
2016-2017,24,2,1,3,10,11,21,1,3,0,0,4,3,5,3,9,6,-1,-1,-1,-1,Estadio Ramón de Carranza,"Plaza de Madrid, Cádiz",1,3,1.92,3.39,4.84,0,0,0,0,0,0,0,0,0,0,0,0,0,3,1,1,1,0,1,2,1486227600,310,0,35,0,16000,-1,1,-1,-1,-1,-1,-1,-1,1,0,0,3,1,3,-1,0,0,0,0,0,0,0,0,0,0,0,0,0,1,1,0,1,-1,-1,0,0,-1,-1,-1,-1,-1,-1,-1,-1,-1,35,66,27,66,Cádiz,Mirandés,1.86,0.76,2.0,0.45,1.61,1.04,66,35,0,0,0,42,True,True,True,False,False,False,True,Spain_Segunda_División,2017-02-04 17:00:00
2016-2017,24,2,0,2,5,2,7,2,2,0,1,4,9,3,2,7,11,22,9,52,48,Estadio Heliodoro Rodríguez Lopéz,"Avenida de San Sebastián, Tenerife",2,4,2.05,3.24,4.37,0,0,0,0,0,0,0,0,0,0,0,0,0,2,1,0,1,0,1,1,1486227600,311,0,54,0,14376,-1,1,-1,-1,-1,-1,-1,-1,2,1,0,2,3,2,-1,0,0,0,0,0,0,0,0,0,0,0,0,0,1,1,0,0,-1,-1,0,0,-1,-1,-1,-1,-1,-1,-1,-1,-1,34,71,25,58,CD Tenerife,Elche CF,1.96,0.86,2.0,1.0,1.48,1.3,67,29,0,0,0,42,True,True,False,False,False,False,False,Spain_Segunda_División,2017-02-04 17:00:00
2016-2017,24,1,0,1,7,5,12,1,2,0,0,4,3,17,9,21,12,11,17,53,47,Estadio Anxo Carro,"Avenida de los deportes, Lugo",1,2,2.25,3.23,3.69,0,0,0,0,0,0,0,0,0,0,0,0,0,1,1,0,0,0,0,1,1486227600,304,0,59,0,2423,-1,1,-1,-1,-1,-1,-1,-1,0,0,1,2,0,3,-1,0,0,0,0,0,0,0,0,0,0,0,0,0,1,1,0,0,-1,-1,0,0,-1,-1,-1,-1,-1,-1,-1,-1,-1,38,71,29,71,CD Lugo,Córdoba,1.71,0.9,1.67,1.17,1.39,1.17,63,29,0,0,0,42,True,False,False,False,False,False,False,Spain_Segunda_División,2017-02-04 17:00:00
2016-2017,24,2,3,5,9,3,12,3,2,0,0,6,4,3,4,9,8,22,12,51,49,Estadio El Alcoraz,"Camino del Alto Cocorón, Huesca",3,2,2.4,3.21,3.36,0,0,0,0,0,0,0,0,0,0,0,0,0,5,0,0,2,3,5,0,1486234800,299,0,43,0,4203,-1,1,-1,-1,-1,-1,-1,-1,2,1,1,1,3,2,-1,0,0,0,0,0,0,0,0,0,0,0,0,0,1,1,0,0,-1,-1,0,0,-1,-1,-1,-1,-1,-1,-1,-1,-1,61,75,31,62,SD Huesca,Real Zaragoza,1.77,0.95,1.73,0.58,1.26,1.22,39,26,0,0,0,42,True,True,True,True,True,False,True,Spain_Segunda_División,2017-02-04 19:00:00
2016-2017,24,2,1,3,1,4,5,2,4,0,0,4,4,3,4,7,8,16,20,40,60,Estadio Nuevo Carlos Tartiere,"Calle de Ricardo Vázquez Prada, Barrio de la Ería, Oviedo",2,4,2.27,3.16,3.74,0,0,0,0,0,0,0,0,0,0,0,0,0,3,1,1,1,0,1,2,1486292400,309,0,50,0,11933,-1,1,-1,-1,-1,-1,-1,-1,1,1,1,3,2,4,-1,0,0,0,0,0,0,0,0,0,0,0,0,0,1,1,1,0,-1,-1,0,0,-1,-1,-1,-1,-1,-1,-1,-1,-1,34,71,17,63,Real Oviedo,RCD Mallorca,2.1,0.62,2.0,0.67,1.39,1.09,67,29,0,0,0,42,True,True,True,False,False,False,True,Spain_Segunda_División,2017-02-05 11:00:00
2016-2017,24,1,0,1,6,5,11,0,1,0,0,4,2,13,3,17,5,-1,-1,-1,-1,Estadio del Rayo Vallecano (de Vallecas Teresa Rivero) (Madrid),"Calle Payaso Fofó, Madrid",0,1,1.85,3.46,5.14,0,0,0,0,0,0,0,0,0,0,0,0,0,1,1,0,0,0,0,1,1486306800,291,0,34,0,7816,-1,1,-1,-1,-1,-1,-1,-1,0,1,0,0,1,0,-1,0,0,0,0,0,0,0,0,1,0,0,0,1,1,1,1,0,-1,-1,0,0,-1,-1,-1,-1,-1,-1,-1,-1,-1,33,59,13,54,Rayo Vallecano,Almería,1.76,0.57,1.67,0.25,1.09,1.04,67,42,0,0,0,42,True,False,False,False,False,False,False,Spain_Segunda_División,2017-02-05 15:00:00
2016-2017,24,1,1,2,6,2,8,3,7,1,2,3,3,6,9,9,12,11,16,58,42,Estadio Camp Nou Municipal,"Calle Recasens i Mercadé 8, Reus",4,9,2.64,2.93,3.28,0,0,0,0,0,0,0,0,0,0,0,0,0,2,0,1,1,0,1,1,1486314000,-1,0,43,0,3376,-1,1,-1,-1,-1,-1,-1,-1,4,3,0,6,7,6,-1,0,0,0,0,0,0,0,1,1,1,1,0,0,1,1,0,0,-1,-1,0,0,-1,-1,-1,-1,-1,-1,-1,-1,-1,22,57,18,57,CF Reus Deportiu,Getafe CF,1.43,1.0,1.42,1.18,1.39,1.57,78,43,0,0,0,42,True,True,False,False,False,False,True,Spain_Segunda_División,2017-02-05 17:00:00
2016-2017,24,2,1,3,8,0,8,0,4,0,0,6,4,7,7,13,11,18,19,50,50,Estadio Ciudad de Valencia,"Calle San Vicente de Paúl 44, Valencia",0,4,1.74,3.46,6.29,0,0,0,0,0,0,0,0,0,0,0,0,0,3,0,0,2,1,3,0,1486314000,292,0,39,0,11542,-1,1,-1,-1,-1,-1,-1,-1,0,1,0,3,1,3,-1,0,0,0,0,0,0,0,0,0,0,0,0,0,1,1,0,0,-1,-1,0,1,-1,-1,-1,-1,-1,-1,-1,-1,-1,30,52,31,66,Levante UD,Gimnàstic de Tarragona,2.57,1.05,2.64,0.75,2.13,0.96,70,49,0,0,0,42,True,True,True,False,False,False,True,Spain_Segunda_División,2017-02-05 17:00:00
2016-2017,24,2,1,3,6,3,9,2,0,0,0,7,6,8,4,15,10,15,8,52,48,Estadi Municipal de Montilivi,"Avenida Montlivi 141, Girona",2,0,2.08,3.23,4.27,0,0,0,0,0,0,0,0,0,0,0,0,0,3,1,0,1,1,2,1,1486321200,312,0,50,0,5171,-1,1,-1,-1,-1,-1,-1,-1,2,0,0,0,2,0,-1,0,0,0,0,0,0,0,0,0,0,0,0,0,1,1,0,0,-1,-1,0,0,-1,-1,-1,-1,-1,-1,-1,-1,-1,46,71,38,71,Girona FC,Real Valladolid,2.0,1.05,2.33,0.92,1.83,1.48,54,30,0,0,0,42,True,True,True,False,False,False,True,Spain_Segunda_División,2017-02-05 19:00:00
2016-2017,25,1,1,2,3,4,7,2,2,0,0,4,3,12,3,16,6,22,20,47,53,Estadio Ramón Sánchez Pizjuán,"Avenida de Eduardo Dato, Sevilla",2,2,2.23,3.21,3.77,0,0,0,0,0,0,0,0,0,0,0,0,0,2,0,0,1,1,2,0,1486753200,-1,0,59,0,1646,-1,1,-1,-1,-1,-1,-1,-1,1,0,1,2,1,3,-1,0,0,0,0,0,0,0,0,0,0,0,0,0,1,1,0,0,-1,-1,0,0,-1,-1,-1,-1,-1,-1,-1,-1,-1,46,73,37,59,Sevilla II,CD Lugo,1.71,0.9,2.0,1.09,1.33,1.46,55,27,0,0,0,42,True,True,False,False,False,False,True,Spain_Segunda_División,2017-02-10 19:00:00
2016-2017,25,0,0,0,12,9,21,2,5,0,0,4,4,2,8,6,12,17,16,54,46,Estadio de los Juegos Mediterráneos,"Calle de Belladona, Almería",2,5,3.04,3.08,2.69,0,0,0,0,0,0,0,0,0,0,0,0,0,0,0,0,0,0,0,0,1486825200,-1,0,41,0,7069,-1,1,-1,-1,-1,-1,-1,-1,0,3,2,2,3,4,-1,0,0,0,0,0,0,0,0,0,0,0,0,0,1,1,0,0,-1,-1,0,1,-1,-1,-1,-1,-1,-1,-1,-1,-1,50,64,27,55,Almería,Girona FC,1.86,1.33,1.91,1.27,1.0,1.88,50,36,0,0,0,42,False,False,False,False,False,False,False,Spain_Segunda_División,2017-02-11 15:00:00
2016-2017,25,0,1,1,10,3,13,1,3,0,0,8,4,7,3,15,7,7,13,62,38,Estadio de la Romareda,"Calle de Eduardo Ibarra 6, Zaragoza",1,3,2.69,3.11,3.01,0,0,0,0,0,0,0,0,0,0,0,0,0,1,0,1,0,0,0,1,1486832400,292,0,45,0,16595,-1,1,-1,-1,-1,-1,-1,-1,1,2,0,1,3,1,-1,0,0,0,0,0,0,0,0,0,0,0,0,0,1,1,0,0,-1,-1,0,0,-1,-1,-1,-1,-1,-1,-1,-1,-1,35,79,22,66,Real Zaragoza,Levante UD,1.43,1.43,1.91,1.67,1.29,2.17,65,21,0,0,0,42,True,False,False,False,False,False,False,Spain_Segunda_División,2017-02-11 17:00:00
2016-2017,25,1,1,2,8,5,13,2,3,0,0,6,3,9,3,15,6,14,13,55,45,Nou Estadi de Tarragona,"Camí del Llorito, Tarragona",2,3,2.47,3.0,3.47,0,0,0,0,0,0,0,0,0,0,0,0,0,2,1,1,0,0,0,2,1486832400,-1,0,40,0,3988,-1,1,-1,-1,-1,-1,-1,-1,0,2,2,1,2,3,-1,0,0,0,0,0,0,0,0,0,0,0,0,0,1,1,0,0,-1,-1,0,0,-1,-1,-1,-1,-1,-1,-1,-1,-1,18,61,26,57,Gimnàstic de Tarragona,AD Alcorcón,1.43,0.71,1.18,0.42,0.92,1.21,83,39,0,0,0,42,True,True,False,False,False,False,True,Spain_Segunda_División,2017-02-11 17:00:00
2016-2017,25,3,2,5,3,4,7,4,3,0,0,7,8,5,6,12,14,14,15,48,52,Coliseum Alfonso Pérez,"Avenida de Teresa de Calcuta, Getafe",4,3,1.89,3.36,5.02,0,0,0,0,0,0,0,0,0,0,0,0,0,5,2,1,1,1,2,3,1486839600,293,0,48,0,5805,-1,1,-1,-1,-1,-1,-1,-1,0,0,4,3,0,7,-1,0,0,0,0,0,0,0,1,0,1,0,0,0,1,1,1,0,-1,-1,0,0,-1,-1,-1,-1,-1,-1,-1,-1,-1,27,65,9,35,Getafe CF,Cádiz,2.26,1.18,1.92,1.18,1.54,1.67,74,35,0,0,0,44,True,True,True,True,True,False,True,Spain_Segunda_División,2017-02-11 19:00:00
2016-2017,25,0,2,2,6,3,9,1,4,2,0,4,7,10,6,14,13,15,11,55,45,Estadio Nuevo Arcángel,"Avenida del Arcángel, Córdoba",4,4,2.17,3.24,3.91,0,0,0,0,0,0,0,0,0,0,0,0,0,2,0,0,0,2,2,0,1486897200,301,0,44,0,8522,-1,1,-1,-1,-1,-1,-1,-1,1,1,2,3,2,5,-1,0,0,0,0,0,0,0,0,0,0,0,0,0,1,1,0,0,-1,-1,0,1,-1,-1,-1,-1,-1,-1,-1,-1,-1,26,61,18,49,Córdoba,SD Huesca,1.71,1.14,1.18,0.83,1.13,1.21,74,39,0,0,0,42,True,True,False,False,False,False,False,Spain_Segunda_División,2017-02-12 11:00:00
2016-2017,25,0,0,0,6,4,10,3,3,1,0,4,0,8,6,12,6,12,14,48,52,Estadio Municipal José Zorrilla,"Avenida del Mundial 82, Valladolid",4,3,2.06,3.23,4.35,0,0,0,0,0,0,0,0,0,0,0,0,0,0,0,0,0,0,0,0,1486911600,-1,0,36,0,8192,-1,1,-1,-1,-1,-1,-1,-1,1,0,3,3,1,6,-1,0,0,0,0,0,0,0,0,0,0,0,0,0,1,1,0,0,-1,-1,0,0,-1,-1,-1,-1,-1,-1,-1,-1,-1,32,55,27,55,Real Valladolid,CD Tenerife,1.95,1.17,2.09,0.91,1.42,1.54,69,45,0,0,0,42,False,False,False,False,False,False,False,Spain_Segunda_División,2017-02-12 15:00:00
2016-2017,25,1,0,1,7,1,8,1,3,0,0,7,3,9,1,16,4,16,10,54,46,Nuevo Estadio Los Pajaritos,"Avenida Mariano Vicen 16, Soria",1,3,2.2,3.11,4.01,0,0,0,0,0,0,0,0,0,0,0,0,0,1,1,0,0,0,0,1,1486918800,306,0,47,0,2722,-1,1,-1,-1,-1,-1,-1,-1,0,1,1,2,1,3,-1,0,0,0,0,0,0,0,0,0,0,0,0,0,1,1,0,0,-1,-1,0,0,-1,-1,-1,-1,-1,-1,-1,-1,-1,30,56,26,60,CD Numancia,CF Reus Deportiu,1.48,1.19,1.83,1.36,1.38,1.38,70,44,0,0,0,42,True,False,False,False,False,False,False,Spain_Segunda_División,2017-02-12 17:00:00
2016-2017,25,0,2,2,7,3,10,5,1,0,0,5,6,5,3,10,9,11,14,64,36,Estadio Municipal de Anduva,"Camino de Anduva, Miranda de Ebro",5,1,2.65,3.18,3.0,0,0,0,0,0,0,0,0,0,0,0,0,0,2,0,1,0,1,1,1,1486918800,309,0,52,0,4129,-1,1,-1,-1,-1,-1,-1,-1,2,1,3,0,3,3,-1,0,0,0,0,0,0,0,0,0,0,0,0,0,1,1,0,0,-1,-1,0,0,-1,-1,-1,-1,-1,-1,-1,-1,-1,57,74,35,74,Mirandés,Real Oviedo,1.19,0.81,1.58,0.73,1.0,1.46,44,27,0,0,0,42,True,True,False,False,False,False,False,Spain_Segunda_División,2017-02-12 17:00:00
2016-2017,25,1,1,2,6,8,14,4,3,0,0,3,4,8,4,11,8,18,14,56,44,Estadio Manuel Martínez Valero,"Avenida Manuel Martínez Valero 3, Elche",4,3,2.14,3.21,4.06,0,0,0,0,0,0,0,0,0,0,0,0,0,2,1,0,0,1,1,1,1486918800,-1,0,55,0,8488,-1,1,-1,-1,-1,-1,-1,-1,0,0,4,3,0,7,-1,0,0,0,0,0,0,0,1,1,1,1,0,0,1,1,1,0,-1,-1,0,0,-1,-1,-1,-1,-1,-1,-1,-1,-1,46,69,41,59,Elche CF,UCAM Murcia CF,1.19,1.0,1.64,1.0,1.25,1.13,55,32,0,0,0,42,True,True,False,False,False,False,True,Spain_Segunda_División,2017-02-12 17:00:00
2016-2017,25,2,1,3,9,3,12,0,4,0,0,6,4,9,3,15,7,13,18,58,42,Iberostar Estadi,"Camí dels Reis, Palma de Mallorca",0,4,2.39,3.1,3.51,0,0,0,0,0,0,0,0,0,0,0,0,0,3,2,0,0,1,1,2,1486926000,298,0,32,0,7686,-1,1,-1,-1,-1,-1,-1,-1,0,1,0,3,1,3,-1,0,0,0,0,0,0,0,1,0,1,0,0,0,1,1,0,0,-1,-1,0,0,-1,-1,-1,-1,-1,-1,-1,-1,-1,41,55,27,59,RCD Mallorca,Rayo Vallecano,1.52,0.76,1.55,0.45,1.04,1.17,60,46,0,0,0,42,True,True,True,False,False,False,True,Spain_Segunda_División,2017-02-12 19:00:00
2016-2017,26,1,2,3,7,2,9,3,2,0,0,6,6,7,2,13,8,-1,-1,-1,-1,Estadio Anxo Carro,"Avenida de los deportes, Lugo",3,2,2.08,3.28,4.17,0,0,0,0,0,0,0,0,0,0,0,0,0,3,1,2,0,0,0,3,1487358000,295,0,50,0,4521,-1,1,-1,-1,-1,-1,-1,-1,0,0,3,2,0,5,-1,0,0,0,0,0,0,0,0,0,0,0,0,0,1,1,0,0,-1,-1,0,0,-1,-1,-1,-1,-1,-1,-1,-1,-1,42,62,31,66,CD Lugo,Elche CF,1.71,0.86,1.77,0.92,1.44,1.24,58,39,0,0,0,42,True,True,True,False,False,False,True,Spain_Segunda_División,2017-02-17 19:00:00
2016-2017,26,1,3,4,9,2,11,0,0,1,0,6,7,9,4,15,11,-1,-1,-1,-1,Estadio de La Condomina,"Ronda de Garay 14, Murcia",2,0,2.78,3.07,2.94,0,0,0,0,0,0,0,0,0,0,0,0,0,4,0,2,1,1,2,2,1487430000,297,0,46,0,4017,-1,1,-1,-1,-1,-1,-1,-1,0,0,1,0,0,1,-1,0,0,0,0,0,0,0,0,0,0,0,0,0,1,1,0,1,-1,-1,0,0,-1,-1,-1,-1,-1,-1,-1,-1,-1,39,66,23,77,UCAM Murcia CF,Real Valladolid,1.29,1.05,1.23,0.85,1.12,1.4,62,35,0,0,0,42,True,True,True,True,False,False,True,Spain_Segunda_División,2017-02-18 15:00:00
2016-2017,26,1,0,1,4,7,11,3,4,0,0,7,5,8,4,15,9,-1,-1,-1,-1,Estadio Heliodoro Rodríguez Lopéz,"Avenida de San Sebastián, Tenerife",3,4,1.83,3.41,5.36,0,0,0,0,0,0,0,0,0,0,0,0,0,1,1,0,0,0,0,1,1487437200,311,0,35,0,12137,-1,1,-1,-1,-1,-1,-1,-1,0,3,3,1,3,4,-1,0,0,0,0,0,0,0,0,0,0,0,0,0,1,1,1,0,-1,-1,0,0,-1,-1,-1,-1,-1,-1,-1,-1,-1,23,58,12,62,CD Tenerife,Almería,1.96,0.57,2.08,0.23,1.52,1.0,77,43,0,0,0,42,True,False,False,False,False,False,False,Spain_Segunda_División,2017-02-18 17:00:00
2016-2017,26,3,1,4,4,2,6,1,2,0,0,6,6,7,2,13,8,-1,-1,-1,-1,Estadio Ciudad de Valencia,"Calle San Vicente de Paúl 44, Valencia",1,2,1.64,3.74,6.72,0,0,0,0,0,0,0,0,0,0,0,0,0,4,1,1,2,0,2,2,1487437200,292,0,52,0,12075,-1,1,-1,-1,-1,-1,-1,-1,1,1,0,1,2,1,-1,0,0,0,0,0,0,0,0,0,0,0,0,0,1,1,0,0,-1,-1,0,1,-1,-1,-1,-1,-1,-1,-1,-1,-1,32,68,33,68,Levante UD,Córdoba,2.57,0.9,2.67,1.08,2.2,1.08,68,33,0,0,0,42,True,True,True,True,False,False,True,Spain_Segunda_División,2017-02-18 17:00:00
2016-2017,26,2,0,2,4,4,8,2,1,0,0,3,2,8,6,11,8,-1,-1,-1,-1,Nou Estadi de Tarragona,"Camí del Llorito, Tarragona",2,1,2.6,3.13,3.12,0,0,0,0,0,0,0,0,0,0,0,0,0,2,0,0,2,0,2,0,1487437200,303,0,58,0,4590,-1,1,-1,-1,-1,-1,-1,-1,0,1,2,0,1,2,-1,0,0,0,0,0,0,0,0,0,0,0,0,0,1,1,0,0,-1,-1,0,0,-1,-1,-1,-1,-1,-1,-1,-1,-1,42,67,38,67,Gimnàstic de Tarragona,CD Numancia,1.43,0.9,1.17,0.92,0.92,1.44,59,34,0,0,0,42,True,True,False,False,False,False,False,Spain_Segunda_División,2017-02-18 17:00:00
2016-2017,26,1,0,1,8,3,11,2,4,0,1,4,4,5,6,9,10,15,23,55,45,Estadi Municipal de Montilivi,"Avenida Montlivi 141, Girona",2,5,1.84,3.47,5.16,0,0,0,0,0,0,0,0,0,0,0,0,0,1,0,0,1,0,1,0,1487444400,312,0,66,0,5640,-1,1,-1,-1,-1,-1,-1,-1,1,1,1,4,2,5,-1,0,0,0,0,0,0,0,0,0,0,0,0,0,1,1,0,0,-1,-1,0,0,-1,-1,-1,-1,-1,-1,-1,-1,-1,50,81,39,69,Girona FC,RCD Mallorca,2.0,0.62,2.38,0.62,1.84,1.12,50,19,0,0,0,42,True,False,False,False,False,False,False,Spain_Segunda_División,2017-02-18 19:00:00
2016-2017,26,2,1,3,5,6,11,4,2,0,0,8,4,5,2,13,6,14,9,49,51,Estadio El Alcoraz,"Camino del Alto Cocorón, Huesca",4,2,2.19,3.28,3.79,0,0,0,0,0,0,0,0,0,0,0,0,0,3,2,0,0,1,1,2,1487502000,301,0,44,0,3382,-1,1,-1,-1,-1,-1,-1,-1,0,0,4,2,0,6,-1,0,0,0,0,0,0,0,0,0,0,0,0,0,1,1,0,0,-1,-1,0,0,-1,-1,-1,-1,-1,-1,-1,-1,-1,45,81,28,61,SD Huesca,Sevilla II,1.77,0.81,1.58,0.77,1.28,1.32,55,20,0,0,0,42,True,True,True,False,False,False,True,Spain_Segunda_División,2017-02-19 11:00:00
2016-2017,26,0,0,0,7,1,8,3,2,0,0,6,0,8,4,14,4,14,13,50,50,Estadio Ramón de Carranza,"Plaza de Madrid, Cádiz",3,2,2.14,3.21,4.06,0,0,0,0,0,0,0,0,0,0,0,0,0,0,0,0,0,0,0,0,1487516400,-1,0,36,0,12179,-1,1,-1,-1,-1,-1,-1,-1,1,0,2,2,1,4,-1,0,0,0,0,0,0,0,0,0,0,0,0,0,1,1,0,0,-1,-1,0,0,-1,-1,-1,-1,-1,-1,-1,-1,-1,32,52,16,56,Cádiz,CF Reus Deportiu,1.86,1.19,2.08,1.25,1.6,1.32,69,48,0,0,0,42,False,False,False,False,False,False,False,Spain_Segunda_División,2017-02-19 15:00:00
2016-2017,26,2,1,3,2,5,7,1,2,0,0,4,3,7,6,11,9,15,23,46,54,Estadio Nuevo Carlos Tartiere,"Calle de Ricardo Vázquez Prada, Barrio de la Ería, Oviedo",1,2,2.63,3.11,3.09,0,0,0,0,0,0,0,0,0,0,0,0,0,3,1,0,1,1,2,1,1487523600,309,0,40,0,17283,-1,1,-1,-1,-1,-1,-1,-1,0,0,1,2,0,3,-1,0,0,0,0,0,0,0,0,0,0,0,0,0,1,1,0,0,-1,-1,0,0,-1,-1,-1,-1,-1,-1,-1,-1,-1,28,68,16,65,Real Oviedo,Getafe CF,2.1,1.0,2.08,1.17,1.52,1.6,72,32,0,0,0,42,True,True,True,False,False,False,True,Spain_Segunda_División,2017-02-19 17:00:00
2016-2017,26,1,2,3,4,2,6,3,3,1,0,5,5,10,2,15,7,20,13,50,50,Estadio del Rayo Vallecano (de Vallecas Teresa Rivero) (Madrid),"Calle Payaso Fofó, Madrid",4,3,1.64,3.79,6.65,0,0,0,0,0,0,0,0,0,0,0,0,0,3,0,0,1,2,3,0,1487523600,300,0,40,0,8567,-1,1,-1,-1,-1,-1,-1,-1,0,1,4,2,1,6,-1,0,0,0,0,0,0,0,0,0,0,0,0,0,1,1,0,0,-1,-1,0,0,-1,-1,-1,-1,-1,-1,-1,-1,-1,32,69,29,61,Rayo Vallecano,Mirandés,1.76,0.76,1.77,0.42,1.12,0.96,68,32,0,0,0,42,True,True,True,False,False,False,True,Spain_Segunda_División,2017-02-19 17:00:00
2016-2017,26,1,1,2,8,1,9,0,2,0,0,5,2,4,7,9,9,12,16,55,45,Estadio Santo Domingo,"Avenida de Pablo Iglesias, Alcorcón",0,2,2.08,3.25,4.22,0,0,0,0,0,0,0,0,0,0,0,0,0,2,0,0,1,1,2,0,1487530800,-1,0,40,0,2845,-1,1,-1,-1,-1,-1,-1,-1,0,0,0,2,0,2,-1,0,0,0,0,0,0,0,0,0,0,0,0,0,1,1,0,0,-1,-1,0,0,-1,-1,-1,-1,-1,-1,-1,-1,-1,44,48,28,40,AD Alcorcón,Real Zaragoza,1.67,0.95,2.0,0.77,1.2,1.24,57,53,0,0,0,42,True,True,False,False,False,False,True,Spain_Segunda_División,2017-02-19 19:00:00
2016-2017,27,1,1,2,5,9,14,3,1,0,0,6,2,4,5,10,7,-1,-1,-1,-1,Estadio Camp Nou Municipal,"Calle Recasens i Mercadé 8, Reus",3,1,2.45,3.09,3.39,0,0,0,0,0,0,0,0,0,0,0,0,0,2,1,0,0,1,1,1,1487962800,-1,0,44,0,4099,-1,1,-1,-1,-1,-1,-1,-1,0,0,3,1,0,4,-1,0,0,0,0,0,0,0,0,0,0,0,0,0,1,1,0,0,-1,-1,0,0,-1,-1,-1,-1,-1,-1,-1,-1,-1,33,61,24,65,CF Reus Deportiu,Real Oviedo,1.43,0.81,1.38,0.92,1.31,1.58,68,40,0,0,0,42,True,True,False,False,False,False,True,Spain_Segunda_División,2017-02-24 19:00:00
2016-2017,27,1,0,1,7,4,11,2,1,1,1,8,2,1,2,9,4,19,12,59,41,Estadio Nuevo Arcángel,"Avenida del Arcángel, Córdoba",3,2,2.48,3.03,3.43,0,0,0,0,0,0,0,0,0,0,0,0,0,1,0,0,1,0,1,0,1488034800,294,0,37,0,11736,-1,1,-1,-1,-1,-1,-1,-1,0,0,3,2,0,5,-1,0,0,0,0,0,0,0,0,0,0,0,0,0,1,1,0,0,-1,-1,0,0,-1,-1,-1,-1,-1,-1,-1,-1,-1,17,68,24,60,Córdoba,AD Alcorcón,1.71,0.71,1.08,0.46,1.04,1.19,84,32,0,0,0,42,True,False,False,False,False,False,False,Spain_Segunda_División,2017-02-25 15:00:00
2016-2017,27,0,2,2,2,4,6,1,4,0,0,3,4,5,17,8,21,9,14,45,55,Estadio Municipal de Anduva,"Camino de Anduva, Miranda de Ebro",1,4,3.32,3.2,2.43,0,0,0,0,0,0,0,0,0,0,0,0,0,2,0,0,0,2,2,0,1488042000,312,0,48,0,3228,-1,1,-1,-1,-1,-1,-1,-1,1,2,0,2,3,2,-1,0,0,0,0,0,0,0,0,1,0,1,0,0,1,1,0,0,-1,-1,0,0,-1,-1,-1,-1,-1,-1,-1,-1,-1,44,68,28,64,Mirandés,Girona FC,1.19,1.33,1.46,1.25,1.04,1.88,57,33,0,0,0,42,True,True,False,False,False,False,False,Spain_Segunda_División,2017-02-25 17:00:00
2016-2017,27,1,4,5,7,5,12,1,1,0,0,9,7,8,5,17,12,17,14,51,49,Iberostar Estadi,"Camí dels Reis, Palma de Mallorca",1,1,2.08,3.13,4.45,0,0,0,0,0,0,0,0,0,0,0,0,0,5,1,0,0,4,4,1,1488042000,311,0,34,0,8237,-1,1,-1,-1,-1,-1,-1,-1,0,1,1,0,1,1,-1,0,0,0,0,0,0,0,0,1,0,1,0,0,1,1,1,0,-1,-1,0,0,-1,-1,-1,-1,-1,-1,-1,-1,-1,34,50,25,50,RCD Mallorca,CD Tenerife,1.52,1.17,1.67,0.92,1.08,1.58,67,50,0,0,0,42,True,True,True,True,True,False,True,Spain_Segunda_División,2017-02-25 17:00:00
2016-2017,27,1,1,2,6,2,8,2,2,0,0,5,6,6,4,11,10,-1,-1,-1,-1,Estadio Manuel Martínez Valero,"Avenida Manuel Martínez Valero 3, Elche",2,2,2.13,3.21,4.1,0,0,0,0,0,0,0,0,0,0,0,0,0,2,0,1,1,0,1,1,1488042000,-1,0,48,0,8128,-1,1,-1,-1,-1,-1,-1,-1,0,2,2,0,2,2,-1,0,0,0,0,0,0,0,0,0,0,0,0,0,1,1,0,0,-1,-1,0,0,-1,-1,-1,-1,-1,-1,-1,-1,-1,37,69,29,53,Elche CF,SD Huesca,1.19,1.14,1.58,1.0,1.31,1.35,64,32,0,0,0,42,True,True,False,False,False,False,True,Spain_Segunda_División,2017-02-25 17:00:00
2016-2017,27,1,0,1,7,4,11,1,5,0,0,5,2,6,1,11,3,17,21,46,54,Coliseum Alfonso Pérez,"Avenida de Teresa de Calcuta, Getafe",1,5,2.04,3.31,4.3,0,0,0,0,0,0,0,0,0,0,0,0,0,1,0,0,1,0,1,0,1488049200,293,0,52,0,6829,-1,1,-1,-1,-1,-1,-1,-1,0,0,1,5,0,6,-1,0,0,0,0,0,0,0,0,0,0,0,0,0,1,1,0,0,-1,-1,0,0,-1,-1,-1,-1,-1,-1,-1,-1,-1,37,72,25,65,Getafe CF,Rayo Vallecano,2.26,0.76,2.0,0.42,1.54,1.08,64,28,0,0,0,42,True,False,False,False,False,False,False,Spain_Segunda_División,2017-02-25 19:00:00
2016-2017,27,0,3,3,5,6,11,3,0,1,0,4,7,8,5,12,12,9,15,56,44,Nuevo Estadio Los Pajaritos,"Avenida Mariano Vicen 16, Soria",5,0,2.17,3.12,4.12,0,0,0,0,0,0,0,0,0,0,0,0,0,3,0,0,0,3,3,0,1488106800,310,0,52,0,2886,-1,1,-1,-1,-1,-1,-1,-1,0,0,4,0,0,4,-1,0,0,0,0,0,0,0,0,0,0,0,0,0,1,1,0,0,-1,-1,0,0,-1,-1,-1,-1,-1,-1,-1,-1,-1,40,60,32,59,CD Numancia,Cádiz,1.48,1.18,1.92,1.08,1.38,1.58,60,40,0,0,0,42,True,True,True,False,False,False,False,Spain_Segunda_División,2017-02-26 11:00:00
2016-2017,27,2,3,5,10,5,15,4,2,0,0,7,6,6,7,13,13,18,17,53,47,Estadio de los Juegos Mediterráneos,"Calle de Belladona, Almería",4,2,2.1,3.14,4.32,0,0,0,0,0,0,0,0,0,0,0,0,0,5,1,1,1,2,3,2,1488121200,308,0,50,0,5949,-1,1,-1,-1,-1,-1,-1,-1,2,1,2,1,3,3,-1,0,0,0,0,0,0,0,1,0,0,0,1,0,1,1,0,0,-1,-1,0,0,-1,-1,-1,-1,-1,-1,-1,-1,-1,46,67,29,50,Almería,UCAM Murcia CF,1.86,1.0,1.83,1.0,0.96,1.08,55,33,0,0,0,42,True,True,True,True,True,False,True,Spain_Segunda_División,2017-02-26 15:00:00
2016-2017,27,1,1,2,5,4,9,0,4,0,0,4,5,8,8,12,13,6,22,46,54,Estadio Municipal José Zorrilla,"Avenida del Mundial 82, Valladolid",0,4,1.83,3.42,5.4,0,0,0,0,0,0,0,0,0,0,0,0,0,2,1,1,0,0,0,2,1488128400,-1,0,50,0,8899,-1,1,-1,-1,-1,-1,-1,-1,0,2,0,2,2,2,-1,0,0,0,0,0,0,0,0,0,0,0,0,0,1,1,0,0,-1,-1,0,0,-1,-1,-1,-1,-1,-1,-1,-1,-1,46,67,42,55,Real Valladolid,CD Lugo,1.95,0.9,2.0,1.08,1.46,1.38,55,34,0,0,0,42,True,True,False,False,False,False,True,Spain_Segunda_División,2017-02-26 17:00:00
2016-2017,27,1,1,2,4,3,7,4,5,0,1,8,2,4,1,12,3,8,16,57,43,Estadio Ramón Sánchez Pizjuán,"Avenida de Eduardo Dato, Sevilla",4,6,3.34,3.18,2.43,0,0,0,0,0,0,0,0,0,0,0,0,0,2,0,1,1,0,1,1,1488128400,-1,0,37,0,2930,-1,1,-1,-1,-1,-1,-1,-1,2,2,2,4,4,6,-1,0,0,0,0,0,0,0,0,0,0,0,0,0,1,1,0,0,-1,-1,0,0,-1,-1,-1,-1,-1,-1,-1,-1,-1,24,65,8,52,Sevilla II,Levante UD,1.71,1.43,1.92,1.77,1.27,2.23,76,36,0,0,0,42,True,True,False,False,False,False,True,Spain_Segunda_División,2017-02-26 17:00:00
2016-2017,27,1,2,3,4,7,11,0,5,0,0,4,5,6,5,10,10,10,20,48,52,Estadio de la Romareda,"Calle de Eduardo Ibarra 6, Zaragoza",0,5,1.9,3.36,5.0,0,0,0,0,0,0,0,0,0,0,0,0,0,3,1,1,0,1,1,2,1488135600,303,0,52,0,15277,-1,1,-1,-1,-1,-1,-1,-1,0,2,0,3,2,3,-1,0,0,0,0,0,0,0,0,0,0,0,0,0,1,1,1,0,-1,-1,0,0,-1,-1,-1,-1,-1,-1,-1,-1,-1,40,73,24,69,Real Zaragoza,Gimnàstic de Tarragona,1.43,1.05,1.75,0.69,1.23,1.0,60,28,0,0,0,42,True,True,True,False,False,False,True,Spain_Segunda_División,2017-02-26 19:00:00
2016-2017,28,1,1,2,14,4,18,5,5,0,0,5,3,19,6,24,9,-1,-1,-1,-1,Estadio Heliodoro Rodríguez Lopéz,"Avenida de San Sebastián, Tenerife",5,5,1.63,3.79,6.79,0,0,0,0,0,0,0,0,0,0,0,0,0,2,1,1,0,0,0,2,1488571200,-1,0,45,0,15506,-1,1,-1,-1,-1,-1,-1,-1,2,1,3,4,3,7,-1,0,0,0,0,0,0,0,0,0,0,0,0,0,1,1,0,0,-1,-1,0,0,-1,-1,-1,-1,-1,-1,-1,-1,-1,26,71,26,63,CD Tenerife,Mirandés,1.96,0.76,2.14,0.62,1.63,1.0,74,30,0,0,0,42,True,True,False,False,False,False,True,Spain_Segunda_División,2017-03-03 20:00:00
2016-2017,28,0,0,0,5,5,10,2,2,0,0,3,5,8,8,11,13,16,16,55,45,Estadio Santo Domingo,"Avenida de Pablo Iglesias, Alcorcón",2,2,1.88,3.25,5.42,0,0,0,0,0,0,0,0,0,0,0,0,0,0,0,0,0,0,0,0,1488639600,-1,0,41,0,2062,-1,1,-1,-1,-1,-1,-1,-1,1,1,1,1,2,2,-1,0,0,0,0,0,0,0,0,0,0,0,0,0,1,1,0,0,-1,-1,0,1,-1,-1,-1,-1,-1,-1,-1,-1,-1,26,55,30,44,AD Alcorcón,Sevilla II,1.67,0.81,1.92,0.71,1.15,1.26,74,46,0,0,0,42,False,False,False,False,False,False,False,Spain_Segunda_División,2017-03-04 15:00:00
2016-2017,28,0,0,0,7,3,10,4,1,0,0,3,3,7,6,10,9,15,13,56,44,Estadio del Rayo Vallecano (de Vallecas Teresa Rivero) (Madrid),"Calle Payaso Fofó, Madrid",4,1,1.92,3.26,5.08,0,0,0,0,0,0,0,0,0,0,0,0,0,0,0,0,0,0,0,0,1488646800,-1,0,37,0,7727,-1,1,-1,-1,-1,-1,-1,-1,0,0,4,1,0,5,-1,0,0,0,0,0,0,0,0,0,0,0,0,0,1,1,0,0,-1,-1,0,0,-1,-1,-1,-1,-1,-1,-1,-1,-1,26,51,11,44,Rayo Vallecano,CF Reus Deportiu,1.76,1.19,1.64,1.23,1.04,1.3,75,49,0,0,0,42,False,False,False,False,False,False,False,Spain_Segunda_División,2017-03-04 17:00:00
2016-2017,28,5,1,6,2,4,6,2,6,0,0,9,2,3,4,12,6,14,16,48,52,Estadi Municipal de Montilivi,"Avenida Montlivi 141, Girona",2,6,2.0,3.21,4.67,0,0,0,0,0,0,0,0,0,0,0,0,0,6,3,0,2,1,3,3,1488646800,312,0,52,0,7259,-1,1,-1,-1,-1,-1,-1,-1,1,5,1,1,6,2,-1,0,0,0,0,0,0,0,1,0,1,0,0,0,1,1,0,0,-1,-1,0,0,-1,-1,-1,-1,-1,-1,-1,-1,-1,41,74,29,67,Girona FC,Getafe CF,2.0,1.0,2.43,1.08,1.93,1.59,60,26,0,0,0,42,True,True,True,True,True,True,True,Spain_Segunda_División,2017-03-04 17:00:00
2016-2017,28,2,1,3,2,3,5,2,2,0,0,5,4,5,3,10,7,16,12,53,47,Estadio Nuevo Carlos Tartiere,"Calle de Ricardo Vázquez Prada, Barrio de la Ería, Oviedo",2,2,2.21,3.17,3.88,0,0,0,0,0,0,0,0,0,0,0,0,0,3,1,1,1,0,1,2,1488654000,309,0,45,0,18281,-1,1,-1,-1,-1,-1,-1,-1,1,0,1,2,1,3,-1,0,0,0,0,0,0,0,0,0,0,0,0,0,1,1,0,0,-1,-1,0,0,-1,-1,-1,-1,-1,-1,-1,-1,-1,41,67,19,48,Real Oviedo,Cádiz,2.1,1.18,2.14,1.23,1.56,1.63,59,34,0,0,0,42,True,True,True,False,False,False,True,Spain_Segunda_División,2017-03-04 19:00:00
2016-2017,28,1,1,2,8,5,13,2,3,0,0,3,2,4,8,7,10,8,20,54,46,Estadio de La Condomina,"Ronda de Garay 14, Murcia",2,3,2.8,3.01,2.98,0,0,0,0,0,0,0,0,0,0,0,0,0,2,0,1,1,0,1,1,1488711600,-1,0,57,0,4059,-1,1,-1,-1,-1,-1,-1,-1,1,0,1,3,1,4,-1,0,0,0,0,0,0,0,1,0,1,0,0,0,1,1,0,0,-1,-1,0,0,-1,-1,-1,-1,-1,-1,-1,-1,-1,40,71,29,72,UCAM Murcia CF,RCD Mallorca,1.29,0.62,1.14,0.57,1.15,1.04,61,29,0,0,0,42,True,True,False,False,False,False,True,Spain_Segunda_División,2017-03-05 11:00:00
2016-2017,28,1,0,1,6,1,7,1,4,0,0,3,3,5,2,8,5,13,14,58,42,Estadio El Alcoraz,"Camino del Alto Cocorón, Huesca",1,4,2.55,3.21,3.11,0,0,0,0,0,0,0,0,0,0,0,0,0,1,0,0,1,0,1,0,1488726000,301,0,48,0,3139,-1,1,-1,-1,-1,-1,-1,-1,1,0,0,4,1,4,-1,0,0,0,0,0,0,0,0,0,0,0,0,0,1,1,0,0,-1,-1,0,0,-1,-1,-1,-1,-1,-1,-1,-1,-1,60,78,34,74,SD Huesca,Real Valladolid,1.77,1.05,1.69,1.0,1.33,1.44,41,22,0,0,0,42,True,False,False,False,False,False,False,Spain_Segunda_División,2017-03-05 15:00:00
2016-2017,28,1,2,3,6,2,8,5,4,0,0,2,3,6,2,8,5,14,14,65,35,Estadio Anxo Carro,"Avenida de los deportes, Lugo",5,4,2.02,3.28,4.44,0,0,0,0,0,0,0,0,0,0,0,0,0,3,0,1,1,1,2,1,1488733200,296,0,36,0,3168,-1,1,-1,-1,-1,-1,-1,-1,0,0,5,4,0,9,-1,0,0,0,0,0,0,0,0,0,0,0,0,0,1,1,0,1,-1,-1,0,0,-1,-1,-1,-1,-1,-1,-1,-1,-1,36,47,22,68,CD Lugo,Almería,1.71,0.57,1.64,0.21,1.37,0.93,64,54,0,0,0,42,True,True,True,False,False,False,True,Spain_Segunda_División,2017-03-05 17:00:00
2016-2017,28,2,1,3,3,3,6,3,3,0,0,6,5,7,6,13,11,-1,-1,-1,-1,Estadio Ciudad de Valencia,"Calle San Vicente de Paúl 44, Valencia",3,3,1.71,3.57,6.18,0,0,0,0,0,0,0,0,0,0,0,0,0,3,0,1,2,0,2,1,1488733200,292,0,52,0,12437,-1,1,-1,-1,-1,-1,-1,-1,1,0,2,3,1,5,-1,0,0,0,0,0,0,0,2,0,1,0,1,0,1,1,0,1,-1,-1,0,0,-1,-1,-1,-1,-1,-1,-1,-1,-1,44,67,41,63,Levante UD,Elche CF,2.57,0.86,2.69,1.07,2.19,1.3,56,34,0,0,0,42,True,True,True,False,False,False,True,Spain_Segunda_División,2017-03-05 17:00:00
2016-2017,28,2,1,3,8,3,11,4,2,0,1,5,6,4,3,9,9,20,10,63,37,Nou Estadi de Tarragona,"Camí del Llorito, Tarragona",4,4,2.17,3.23,3.92,0,0,0,0,0,0,0,0,0,0,0,0,0,3,1,1,1,0,1,2,1488733200,303,0,59,0,6984,-1,1,-1,-1,-1,-1,-1,-1,2,1,2,2,3,4,-1,0,0,0,0,0,0,0,0,0,0,0,0,0,1,1,0,1,-1,-1,1,0,-1,-1,-1,-1,-1,-1,-1,-1,-1,30,74,30,67,Gimnàstic de Tarragona,Córdoba,1.43,0.9,1.31,1.0,1.07,1.11,71,26,0,0,0,42,True,True,True,False,False,False,True,Spain_Segunda_División,2017-03-05 17:00:00
2016-2017,28,3,0,3,4,2,6,1,1,0,0,6,4,4,7,10,11,15,13,50,50,Estadio de la Romareda,"Calle de Eduardo Ibarra 6, Zaragoza",1,1,2.37,3.17,3.47,0,0,0,0,0,0,0,0,0,0,0,0,0,3,2,0,1,0,1,2,1488740400,299,0,58,0,14793,-1,1,-1,-1,-1,-1,-1,-1,1,0,0,1,1,1,-1,0,0,0,0,0,0,0,1,0,1,0,0,0,1,1,0,0,-1,-1,0,0,-1,-1,-1,-1,-1,-1,-1,-1,-1,50,81,38,73,Real Zaragoza,CD Numancia,1.43,0.9,1.62,0.85,1.19,1.33,50,19,0,0,0,42,True,True,True,False,False,False,False,Spain_Segunda_División,2017-03-05 19:00:00
2016-2017,29,0,0,0,12,2,14,1,4,0,0,3,4,10,6,13,10,-1,-1,-1,-1,Estadio Manuel Martínez Valero,"Avenida Manuel Martínez Valero 3, Elche",1,4,2.21,3.1,4.0,0,0,0,0,0,0,0,0,0,0,0,0,0,0,0,0,0,0,0,0,1489172400,-1,0,46,0,7556,-1,1,-1,-1,-1,-1,-1,-1,0,1,1,3,1,4,-1,0,0,0,0,0,0,0,0,0,0,0,0,0,1,1,0,0,-1,-1,0,0,-1,-1,-1,-1,-1,-1,-1,-1,-1,27,71,34,67,Elche CF,AD Alcorcón,1.19,0.71,1.54,0.43,1.25,1.14,74,30,0,0,0,42,False,False,False,False,False,False,False,Spain_Segunda_División,2017-03-10 19:00:00
2016-2017,29,1,1,2,6,3,9,1,5,0,0,7,3,7,4,14,7,15,26,54,46,Iberostar Estadi,"Camí dels Reis, Palma de Mallorca",1,5,2.17,3.16,4.01,0,0,0,0,0,0,0,0,0,0,0,0,0,2,0,1,1,0,1,1,1489244400,-1,0,54,0,7660,-1,1,-1,-1,-1,-1,-1,-1,1,1,0,4,2,4,-1,0,0,0,0,0,0,0,0,0,0,0,0,0,1,1,0,0,-1,-1,0,0,-1,-1,-1,-1,-1,-1,-1,-1,-1,50,70,43,58,RCD Mallorca,CD Lugo,1.52,0.9,1.54,1.08,1.04,1.32,50,31,0,0,0,42,True,True,False,False,False,False,True,Spain_Segunda_División,2017-03-11 15:00:00
2016-2017,29,0,0,0,2,3,5,1,3,0,0,7,2,6,5,13,7,-1,-1,-1,-1,Nuevo Estadio Los Pajaritos,"Avenida Mariano Vicen 16, Soria",1,3,2.23,3.2,3.78,0,0,0,0,0,0,0,0,0,0,0,0,0,0,0,0,0,0,0,0,1489251600,-1,0,44,0,3770,-1,1,-1,-1,-1,-1,-1,-1,0,0,1,3,0,4,-1,0,0,0,0,0,0,0,0,0,0,0,0,0,1,1,0,0,-1,-1,0,0,-1,-1,-1,-1,-1,-1,-1,-1,-1,45,67,34,78,CD Numancia,Real Oviedo,1.48,0.81,1.79,0.92,1.29,1.61,56,34,0,0,0,42,False,False,False,False,False,False,False,Spain_Segunda_División,2017-03-11 17:00:00
2016-2017,29,1,1,2,11,2,13,2,1,0,0,8,3,8,4,16,7,-1,-1,-1,-1,Estadio Municipal de Anduva,"Camino de Anduva, Miranda de Ebro",2,1,2.41,3.16,3.4,0,0,0,0,0,0,0,0,0,0,0,0,0,2,0,0,1,1,2,0,1489251600,-1,0,60,0,3201,-1,1,-1,-1,-1,-1,-1,-1,1,0,1,1,1,2,-1,0,0,0,0,0,0,0,0,0,0,0,0,0,1,1,0,0,-1,-1,0,0,-1,-1,-1,-1,-1,-1,-1,-1,-1,44,78,34,63,Mirandés,UCAM Murcia CF,1.19,1.0,1.36,1.15,1.0,1.14,56,23,0,0,0,42,True,True,False,False,False,False,True,Spain_Segunda_División,2017-03-11 17:00:00
2016-2017,29,0,4,4,2,7,9,2,0,0,0,4,6,10,3,14,9,9,10,56,44,Estadio Municipal José Zorrilla,"Avenida del Mundial 82, Valladolid",2,0,2.51,3.09,3.3,0,0,0,0,0,0,0,0,0,0,0,0,0,4,0,2,0,2,2,2,1489251600,292,0,30,0,8563,-1,1,-1,-1,-1,-1,-1,-1,2,0,0,0,2,0,-1,0,0,0,0,0,0,0,0,1,0,1,0,0,1,1,0,0,-1,-1,0,0,-1,-1,-1,-1,-1,-1,-1,-1,-1,26,59,19,55,Real Valladolid,Levante UD,1.95,1.43,1.92,1.71,1.39,2.21,74,41,0,0,0,42,True,True,True,True,False,False,False,Spain_Segunda_División,2017-03-11 17:00:00
2016-2017,29,2,1,3,6,4,10,3,2,0,0,6,3,8,3,14,6,18,18,58,42,Estadio Nuevo Arcángel,"Avenida del Arcángel, Córdoba",3,2,2.5,3.14,3.26,0,0,0,0,0,0,0,0,0,0,0,0,0,3,0,1,2,0,2,1,1489260600,294,0,48,0,11010,-1,1,-1,-1,-1,-1,-1,-1,0,1,3,1,1,4,-1,0,0,0,0,0,0,0,0,0,0,0,0,0,1,1,0,0,-1,-1,0,0,-1,-1,-1,-1,-1,-1,-1,-1,-1,40,63,18,49,Córdoba,Real Zaragoza,1.71,0.95,1.23,0.79,1.07,1.25,60,37,0,0,0,42,True,True,True,False,False,False,True,Spain_Segunda_División,2017-03-11 19:30:00
2016-2017,29,0,0,0,6,7,13,3,1,0,0,3,4,3,4,6,8,21,9,47,53,Estadio de los Juegos Mediterráneos,"Calle de Belladona, Almería",3,1,2.32,3.14,3.62,0,0,0,0,0,0,0,0,0,0,0,0,0,0,0,0,0,0,0,0,1489316400,-1,0,45,0,7185,-1,1,-1,-1,-1,-1,-1,-1,1,0,2,1,1,3,-1,0,0,0,0,0,0,0,0,0,0,0,0,0,1,1,0,0,-1,-1,0,0,-1,-1,-1,-1,-1,-1,-1,-1,-1,42,67,23,45,Almería,SD Huesca,1.86,1.14,1.69,1.0,1.0,1.39,59,34,0,0,0,42,False,False,False,False,False,False,False,Spain_Segunda_División,2017-03-12 11:00:00
2016-2017,29,2,2,4,4,3,7,1,2,0,0,6,4,2,5,8,9,7,13,55,45,Estadio Ramón Sánchez Pizjuán,"Avenida de Eduardo Dato, Sevilla",1,2,2.45,3.13,3.35,0,0,0,0,0,0,0,0,0,0,0,0,0,4,0,1,2,1,3,1,1489330800,-1,0,52,0,2003,-1,1,-1,-1,-1,-1,-1,-1,0,0,1,2,0,3,-1,0,0,0,0,0,0,0,0,0,0,0,0,0,1,1,0,0,-1,-1,0,0,-1,-1,-1,-1,-1,-1,-1,-1,-1,33,67,15,55,Sevilla II,Gimnàstic de Tarragona,1.71,1.05,1.85,0.86,1.25,1.14,67,34,0,0,0,42,True,True,True,True,False,False,True,Spain_Segunda_División,2017-03-12 15:00:00
2016-2017,29,1,0,1,7,3,10,1,1,0,0,5,2,6,9,11,11,14,10,40,60,Estadio Ramón de Carranza,"Plaza de Madrid, Cádiz",1,1,2.61,3.08,3.15,0,0,0,0,0,0,0,0,0,0,0,0,0,1,1,0,0,0,0,1,1489338000,310,0,41,0,14822,-1,1,-1,-1,-1,-1,-1,-1,1,0,0,1,1,1,-1,0,0,0,0,0,0,0,0,0,0,0,0,0,1,1,0,0,-1,-1,0,0,-1,-1,-1,-1,-1,-1,-1,-1,-1,45,60,30,71,Cádiz,Rayo Vallecano,1.86,0.76,2.0,0.38,1.57,1.04,56,41,0,0,0,42,True,False,False,False,False,False,False,Spain_Segunda_División,2017-03-12 17:00:00
2016-2017,29,1,2,3,4,4,8,2,6,0,1,2,6,3,1,5,7,14,30,62,38,Estadio Camp Nou Municipal,"Calle Recasens i Mercadé 8, Reus",2,7,2.99,2.99,2.81,0,0,0,0,0,0,0,0,0,0,0,0,0,3,0,0,1,2,3,0,1489338000,312,0,44,0,4179,-1,1,-1,-1,-1,-1,-1,-1,0,2,2,5,2,7,-1,0,0,0,0,0,0,0,1,0,0,0,1,0,1,1,0,0,-1,-1,0,0,-1,-1,-1,-1,-1,-1,-1,-1,-1,23,56,19,52,CF Reus Deportiu,Girona FC,1.43,1.33,1.36,1.38,1.29,1.96,78,45,0,0,0,42,True,True,True,False,False,False,True,Spain_Segunda_División,2017-03-12 17:00:00
2016-2017,29,2,2,4,7,4,11,5,4,1,0,6,6,0,4,6,10,22,14,48,52,Coliseum Alfonso Pérez,"Avenida de Teresa de Calcuta, Getafe",7,4,2.26,3.11,3.81,0,0,0,0,0,0,0,0,0,0,0,0,0,4,1,0,1,2,3,1,1489347000,-1,0,48,0,5942,-1,1,-1,-1,-1,-1,-1,-1,3,2,3,2,5,5,-1,0,0,0,0,0,0,0,1,0,1,0,0,0,1,1,0,0,-1,-1,0,0,-1,-1,-1,-1,-1,-1,-1,-1,-1,26,63,15,53,Getafe CF,CD Tenerife,2.26,1.17,2.07,1.08,1.54,1.61,74,38,0,0,0,46,True,True,True,True,False,False,True,Spain_Segunda_División,2017-03-12 19:30:00
2016-2017,30,1,3,4,6,3,9,2,1,0,0,5,7,7,9,12,16,-1,-1,49,51,Nou Estadi de Tarragona,"Camí del Llorito, Tarragona",2,1,2.27,3.16,3.74,0,0,0,0,0,0,0,0,0,0,0,0,0,4,0,3,1,0,1,3,1489777200,295,0,59,0,6109,-1,1,-1,-1,-1,-1,-1,-1,0,0,2,1,0,3,-1,0,0,0,0,0,0,0,0,0,0,0,0,0,1,1,0,0,-1,-1,0,0,-1,-1,-1,-1,-1,-1,-1,-1,-1,41,72,35,62,Gimnàstic de Tarragona,Elche CF,1.43,0.86,1.43,1.0,1.14,1.24,59,28,0,0,0,42,True,True,True,True,False,False,True,Spain_Segunda_División,2017-03-17 19:00:00
2016-2017,30,0,0,0,2,6,8,2,3,0,0,2,0,4,9,6,9,12,16,45,55,Estadio Nuevo Arcángel,"Avenida del Arcángel, Córdoba",2,3,2.51,3.13,3.25,0,0,0,0,0,0,0,0,0,0,0,0,0,0,0,0,0,0,0,0,1489849200,-1,0,47,0,11246,-1,1,-1,-1,-1,-1,-1,-1,1,0,1,3,1,4,-1,0,0,0,0,0,0,0,0,0,0,0,0,0,1,1,0,0,-1,-1,0,0,-1,-1,-1,-1,-1,-1,-1,-1,-1,43,72,29,64,Córdoba,CD Numancia,1.71,0.9,1.36,0.79,1.14,1.28,57,29,0,0,0,42,False,False,False,False,False,False,False,Spain_Segunda_División,2017-03-18 15:00:00
2016-2017,30,2,0,2,3,6,9,4,1,0,0,7,7,2,5,9,12,23,14,40,60,Estadio de La Condomina,"Ronda de Garay 14, Murcia",4,1,2.75,3.05,3.0,0,0,0,0,0,0,0,0,0,0,0,0,0,2,2,0,0,0,0,2,1489856400,308,0,52,0,4050,-1,1,-1,-1,-1,-1,-1,-1,2,1,2,0,3,2,-1,0,0,0,0,0,0,0,0,0,0,0,0,0,1,1,0,0,-1,-1,0,0,-1,-1,-1,-1,-1,-1,-1,-1,-1,35,72,24,76,UCAM Murcia CF,Getafe CF,1.29,1.0,1.13,1.0,1.14,1.52,66,28,0,0,0,42,True,True,False,False,False,False,False,Spain_Segunda_División,2017-03-18 17:00:00
2016-2017,30,2,1,3,2,9,11,2,0,0,0,4,6,4,6,8,12,10,11,47,53,Estadio Anxo Carro,"Avenida de los deportes, Lugo",2,0,1.78,3.54,5.52,0,0,0,0,0,0,0,0,0,0,0,0,0,3,0,0,2,1,3,0,1489856400,304,0,52,0,3687,-1,1,-1,-1,-1,-1,-1,-1,1,0,1,0,1,1,-1,0,0,0,0,0,0,0,0,0,0,0,0,0,1,1,0,0,-1,-1,0,0,-1,-1,-1,-1,-1,-1,-1,-1,-1,42,66,38,69,CD Lugo,Mirandés,1.71,0.76,1.53,0.64,1.31,1.0,59,34,0,0,0,42,True,True,True,False,False,False,True,Spain_Segunda_División,2017-03-18 17:00:00
2016-2017,30,2,1,3,9,5,14,4,4,1,0,6,5,6,4,12,9,15,17,50,50,Estadio El Alcoraz,"Camino del Alto Cocorón, Huesca",5,4,2.17,3.16,4.03,0,0,0,0,0,0,0,0,0,0,0,0,0,3,0,0,2,1,3,0,1489856400,301,0,55,0,3268,-1,1,-1,-1,-1,-1,-1,-1,1,1,4,3,2,7,-1,0,0,0,0,0,0,0,0,0,0,0,0,0,1,1,0,0,-1,-1,1,0,-1,-1,-1,-1,-1,-1,-1,-1,-1,52,80,32,66,SD Huesca,RCD Mallorca,1.77,0.62,1.79,0.6,1.38,1.03,48,21,0,0,0,42,True,True,True,False,False,False,True,Spain_Segunda_División,2017-03-18 17:00:00
2016-2017,30,1,2,3,5,2,7,2,5,1,1,4,5,4,3,8,8,15,15,53,47,Estadio de la Romareda,"Calle de Eduardo Ibarra 6, Zaragoza",3,6,2.05,3.3,4.26,0,0,0,0,0,0,0,0,0,0,0,0,0,3,0,1,1,1,2,1,1489865400,305,0,52,0,15459,-1,1,-1,-1,-1,-1,-1,-1,0,1,3,5,1,8,-1,0,0,0,0,0,0,0,0,0,0,0,0,0,1,1,0,0,-1,-1,0,0,-1,-1,-1,-1,-1,-1,-1,-1,-1,39,77,35,66,Real Zaragoza,Sevilla II,1.43,0.81,1.71,0.73,1.21,1.24,62,24,0,0,0,42,True,True,True,False,False,False,True,Spain_Segunda_División,2017-03-18 19:30:00
2016-2017,30,1,0,1,6,9,15,2,6,0,0,6,3,4,7,10,10,8,20,48,52,Estadio Ciudad de Valencia,"Calle San Vicente de Paúl 44, Valencia",2,6,1.65,3.72,6.69,0,0,0,0,0,0,0,0,0,0,0,0,0,1,1,0,0,0,0,1,1489921200,292,0,39,0,10504,-1,1,-1,-1,-1,-1,-1,-1,0,2,2,4,2,6,-1,0,0,0,0,0,0,0,1,0,1,0,0,0,1,1,0,0,-1,-1,0,0,-1,-1,-1,-1,-1,-1,-1,-1,-1,38,52,25,66,Levante UD,Almería,2.57,0.57,2.71,0.4,2.24,1.0,62,48,0,0,0,42,True,False,False,False,False,False,False,Spain_Segunda_División,2017-03-19 11:00:00
2016-2017,30,1,2,3,7,2,9,2,2,0,0,2,6,4,1,6,7,5,21,60,40,Estadio Santo Domingo,"Avenida de Pablo Iglesias, Alcorcón",2,2,2.59,3.02,3.25,0,0,0,0,0,0,0,0,0,0,0,0,0,3,1,2,0,0,0,3,1489935600,297,0,38,0,2502,-1,1,-1,-1,-1,-1,-1,-1,1,1,1,1,2,2,-1,0,0,0,0,0,0,0,0,1,0,1,0,0,1,1,1,0,-1,-1,0,0,-1,-1,-1,-1,-1,-1,-1,-1,-1,34,48,28,51,AD Alcorcón,Real Valladolid,1.67,1.05,1.86,0.93,1.14,1.34,66,52,0,0,0,42,True,True,True,False,False,False,True,Spain_Segunda_División,2017-03-19 15:00:00
2016-2017,30,0,1,1,3,1,4,2,2,0,0,5,2,2,3,7,5,15,16,-1,-1,Estadio Heliodoro Rodríguez Lopéz,"Avenida de San Sebastián, Tenerife",2,2,1.99,3.18,4.79,0,0,0,0,0,0,0,0,0,0,0,0,0,1,0,1,0,0,0,1,1489939200,307,0,38,0,12107,-1,1,-1,-1,-1,-1,-1,-1,2,1,0,1,3,1,-1,0,0,0,0,0,0,0,0,0,0,0,0,0,1,1,0,0,-1,-1,0,0,-1,-1,-1,-1,-1,-1,-1,-1,-1,14,52,14,52,CD Tenerife,CF Reus Deportiu,1.96,1.19,2.07,1.21,1.59,1.24,87,49,0,0,0,42,True,False,False,False,False,False,False,Spain_Segunda_División,2017-03-19 16:00:00
2016-2017,30,1,2,3,5,1,6,2,2,0,0,8,5,11,5,19,10,10,19,65,35,Estadi Municipal de Montilivi,"Avenida Montlivi 141, Girona",2,2,1.79,3.43,5.68,0,0,0,0,0,0,0,0,0,0,0,0,0,3,0,2,1,0,1,2,1489942800,310,0,55,0,8308,-1,1,-1,-1,-1,-1,-1,-1,2,0,0,2,2,2,-1,0,0,0,0,0,0,0,0,0,0,0,0,0,1,1,0,0,-1,-1,1,0,-1,-1,-1,-1,-1,-1,-1,-1,-1,52,72,38,52,Girona FC,Cádiz,2.0,1.18,2.47,1.14,2.0,1.62,49,28,0,0,0,42,True,True,True,False,False,False,True,Spain_Segunda_División,2017-03-19 17:00:00
2016-2017,30,2,0,2,2,3,5,2,4,0,0,4,3,5,5,9,8,20,23,55,45,Estadio del Rayo Vallecano (de Vallecas Teresa Rivero) (Madrid),"Calle Payaso Fofó, Madrid",2,4,2.2,3.15,3.93,0,0,0,0,0,0,0,0,0,0,0,0,0,2,1,0,1,0,1,1,1489951800,291,0,38,0,8151,-1,1,-1,-1,-1,-1,-1,-1,1,1,1,3,2,4,-1,0,0,0,0,0,0,0,1,0,1,0,0,0,1,1,0,0,-1,-1,0,0,-1,-1,-1,-1,-1,-1,-1,-1,-1,38,62,21,59,Rayo Vallecano,Real Oviedo,1.76,0.81,1.6,0.93,1.0,1.59,62,38,0,0,0,42,True,True,False,False,False,False,False,Spain_Segunda_División,2017-03-19 19:30:00
2016-2017,31,1,2,3,7,1,8,1,4,0,0,7,5,9,3,16,8,10,12,60,40,Estadio Municipal José Zorrilla,"Avenida del Mundial 82, Valladolid",1,4,1.85,3.46,5.12,0,0,0,0,0,0,0,0,0,0,0,0,0,3,0,1,1,1,2,1,1490454000,303,0,41,0,7289,-1,1,-1,-1,-1,-1,-1,-1,0,1,1,3,1,4,-1,0,0,0,0,0,0,0,1,0,1,0,0,0,1,1,0,0,-1,-1,0,0,-1,-1,-1,-1,-1,-1,-1,-1,-1,42,62,28,59,Real Valladolid,Gimnàstic de Tarragona,1.95,1.05,1.79,0.87,1.4,1.1,59,38,0,0,0,42,True,True,True,False,False,False,True,Spain_Segunda_División,2017-03-25 15:00:00
2016-2017,31,0,0,0,3,8,11,1,3,0,0,3,4,4,3,7,7,15,15,46,54,Nuevo Estadio Los Pajaritos,"Avenida Mariano Vicen 16, Soria",1,3,2.19,3.26,3.82,0,0,0,0,0,0,0,0,0,0,0,0,0,0,0,0,0,0,0,0,1490461200,-1,0,45,0,3280,-1,1,-1,-1,-1,-1,-1,-1,0,1,1,2,1,3,-1,0,0,0,0,0,0,0,0,0,0,0,0,0,1,1,0,0,-1,-1,0,1,-1,-1,-1,-1,-1,-1,-1,-1,-1,42,59,35,76,CD Numancia,Rayo Vallecano,1.48,0.76,1.73,0.36,1.27,1.07,59,42,0,0,0,42,False,False,False,False,False,False,False,Spain_Segunda_División,2017-03-25 17:00:00
2016-2017,31,3,1,4,3,3,6,4,3,0,0,5,2,3,8,8,10,20,17,50,50,Estadio de los Juegos Mediterráneos,"Calle de Belladona, Almería",4,3,2.24,3.09,3.92,0,0,0,0,0,0,0,0,0,0,0,0,0,4,1,0,2,1,3,1,1490461200,296,0,35,0,6419,-1,1,-1,-1,-1,-1,-1,-1,1,1,3,2,2,5,-1,0,0,0,0,0,0,0,0,0,0,0,0,0,1,1,0,0,-1,-1,0,0,-1,-1,-1,-1,-1,-1,-1,-1,-1,32,62,28,52,Almería,AD Alcorcón,1.86,0.71,1.64,0.47,0.97,1.1,68,38,0,0,0,42,True,True,True,True,False,False,True,Spain_Segunda_División,2017-03-25 17:00:00
2016-2017,31,1,1,2,4,6,10,3,2,0,1,9,5,9,5,18,10,15,9,56,44,Iberostar Estadi,"Camí dels Reis, Palma de Mallorca",3,3,2.89,3.14,2.77,0,0,0,0,0,0,0,0,0,0,0,0,0,2,0,1,1,0,1,1,1490470200,-1,0,32,0,7153,-1,1,-1,-1,-1,-1,-1,-1,0,1,3,2,1,5,-1,0,0,0,0,0,0,0,0,0,0,0,0,0,1,1,0,0,-1,-1,0,0,-1,-1,-1,-1,-1,-1,-1,-1,-1,35,62,17,59,RCD Mallorca,Levante UD,1.52,1.43,1.5,1.8,1.0,2.27,65,38,0,0,0,42,True,True,False,False,False,False,True,Spain_Segunda_División,2017-03-25 19:30:00
2016-2017,31,2,0,2,5,4,9,1,5,0,0,6,9,7,6,13,15,18,10,43,57,Estadio Nuevo Carlos Tartiere,"Calle de Ricardo Vázquez Prada, Barrio de la Ería, Oviedo",1,5,3.05,3.14,2.64,0,0,0,0,0,0,0,0,0,0,0,0,0,2,0,0,2,0,2,0,1490471100,309,0,42,0,16048,-1,1,-1,-1,-1,-1,-1,-1,0,3,1,2,3,3,-1,0,0,0,0,0,0,0,0,0,0,0,0,0,1,1,0,0,-1,-1,0,0,-1,-1,-1,-1,-1,-1,-1,-1,-1,38,65,21,55,Real Oviedo,Girona FC,2.1,1.33,2.2,1.5,1.53,1.93,62,35,0,0,0,42,True,True,False,False,False,False,False,Spain_Segunda_División,2017-03-25 19:45:00
2016-2017,31,2,0,2,5,7,12,2,3,0,1,8,2,7,1,15,3,10,15,41,59,Coliseum Alfonso Pérez,"Avenida de Teresa de Calcuta, Getafe",2,5,1.85,3.44,5.13,0,0,0,0,0,0,0,0,0,0,0,0,0,2,1,0,1,0,1,1,1490522400,293,0,66,0,5680,-1,1,-1,-1,-1,-1,-1,-1,0,2,2,2,2,4,-1,0,0,0,0,0,0,0,0,0,0,0,0,0,1,1,0,0,-1,-1,0,0,-1,-1,-1,-1,-1,-1,-1,-1,-1,39,80,32,59,Getafe CF,CD Lugo,2.26,0.9,2.0,1.07,1.47,1.37,62,21,0,0,0,42,True,True,False,False,False,False,False,Spain_Segunda_División,2017-03-26 10:00:00
2016-2017,31,0,1,1,2,0,2,2,6,0,0,3,5,8,8,11,13,23,20,48,52,Estadio Ramón de Carranza,"Plaza de Madrid, Cádiz",2,6,2.16,3.15,4.08,0,0,0,0,0,0,0,0,0,0,0,0,0,1,0,0,0,1,1,0,1490536800,311,0,42,0,15056,-1,1,-1,-1,-1,-1,-1,-1,1,3,1,3,4,4,-1,0,0,0,0,0,0,0,0,0,0,0,0,0,1,1,0,0,-1,-1,0,0,-1,-1,-1,-1,-1,-1,-1,-1,-1,38,55,21,66,Cádiz,CD Tenerife,1.86,1.17,2.07,1.07,1.67,1.53,62,45,0,0,0,44,True,False,False,False,False,False,False,Spain_Segunda_División,2017-03-26 14:00:00
2016-2017,31,0,0,0,10,2,12,4,2,0,0,6,2,10,4,16,6,13,15,69,31,Estadio Camp Nou Municipal,"Calle Recasens i Mercadé 8, Reus",4,2,2.37,3.04,3.64,0,0,0,0,0,0,0,0,0,0,0,0,0,0,0,0,0,0,0,0,1490544000,-1,0,62,0,4129,-1,1,-1,-1,-1,-1,-1,-1,2,1,2,1,3,3,-1,0,0,0,0,0,0,0,1,0,0,0,1,0,1,1,0,0,-1,-1,0,0,-1,-1,-1,-1,-1,-1,-1,-1,-1,28,66,25,52,CF Reus Deportiu,UCAM Murcia CF,1.43,1.0,1.27,1.14,1.3,1.2,72,35,0,0,0,42,False,False,False,False,False,False,False,Spain_Segunda_División,2017-03-26 16:00:00
2016-2017,31,1,3,4,4,5,9,2,1,1,0,2,6,3,5,5,11,11,11,44,56,Estadio Municipal de Anduva,"Camino de Anduva, Miranda de Ebro",3,1,2.67,3.19,2.96,0,0,0,0,0,0,0,0,0,0,0,0,0,4,1,2,0,1,1,3,1490544000,301,0,50,0,3092,-1,1,-1,-1,-1,-1,-1,-1,0,0,3,1,0,4,-1,0,0,0,0,0,0,0,0,0,0,0,0,0,1,1,0,1,-1,-1,0,0,-1,-1,-1,-1,-1,-1,-1,-1,-1,34,74,20,50,Mirandés,SD Huesca,1.19,1.14,1.33,1.0,0.97,1.43,67,27,0,0,0,42,True,True,True,True,False,False,True,Spain_Segunda_División,2017-03-26 16:00:00
2016-2017,31,1,0,1,3,6,9,2,1,0,0,2,5,11,11,13,16,11,16,51,49,Estadio Ramón Sánchez Pizjuán,"Avenida de Eduardo Dato, Sevilla",2,1,2.11,3.25,4.1,0,0,0,0,0,0,0,0,0,0,0,0,0,1,1,0,0,0,0,1,1490544000,305,0,62,0,5512,-1,1,-1,-1,-1,-1,-1,-1,1,0,1,1,1,2,-1,0,0,0,0,0,0,0,0,0,0,0,0,0,1,1,0,0,-1,-1,0,0,-1,-1,-1,-1,-1,-1,-1,-1,-1,35,79,20,65,Sevilla II,Córdoba,1.71,0.9,1.79,0.93,1.3,1.13,66,21,0,0,0,42,True,False,False,False,False,False,False,Spain_Segunda_División,2017-03-26 16:00:00
2016-2017,31,0,3,3,4,2,6,1,1,0,0,6,5,14,2,20,7,5,11,68,32,Estadio Manuel Martínez Valero,"Avenida Manuel Martínez Valero 3, Elche",1,1,2.19,3.28,3.79,0,0,0,0,0,0,0,0,0,0,0,0,0,3,0,3,0,0,0,3,1490553000,299,0,59,0,8215,-1,1,-1,-1,-1,-1,-1,-1,0,0,1,1,0,2,-1,0,0,0,0,0,0,0,0,0,0,0,0,0,1,1,0,0,-1,-1,0,0,-1,-1,-1,-1,-1,-1,-1,-1,-1,52,69,28,59,Elche CF,Real Zaragoza,1.19,0.95,1.5,0.73,1.3,1.17,49,31,0,0,0,42,True,True,True,False,False,False,False,Spain_Segunda_División,2017-03-26 18:30:00
2016-2017,32,1,0,1,7,6,13,0,3,0,0,3,2,6,7,9,9,-1,-1,-1,-1,Estadio Santo Domingo,"Avenida de Pablo Iglesias, Alcorcón",0,3,2.28,3.04,3.86,0,0,0,0,0,0,0,0,0,0,0,0,0,1,0,0,1,0,1,0,1490983200,302,0,51,0,3549,-1,1,-1,-1,-1,-1,-1,-1,0,0,0,3,0,3,-1,0,0,0,0,0,0,0,0,0,0,0,0,0,1,1,0,0,-1,-1,0,0,-1,-1,-1,-1,-1,-1,-1,-1,-1,36,58,29,48,AD Alcorcón,RCD Mallorca,1.67,0.62,1.73,0.56,1.06,1.0,65,43,0,0,0,42,True,False,False,False,False,False,False,Spain_Segunda_División,2017-03-31 18:00:00
2016-2017,32,2,1,3,4,2,6,1,4,0,1,5,2,3,2,8,4,13,18,61,39,Estadio Ciudad de Valencia,"Calle San Vicente de Paúl 44, Valencia",1,6,1.46,4.43,8.89,0,0,0,0,0,0,0,0,0,0,0,0,0,3,1,0,1,1,2,1,1491055200,292,0,50,0,12378,-1,1,-1,-1,-1,-1,-1,-1,1,0,0,5,1,5,-1,0,0,0,0,0,0,0,2,0,1,0,1,0,1,1,1,0,-1,-1,0,0,-1,-1,-1,-1,-1,-1,-1,-1,-1,40,67,40,64,Levante UD,Mirandés,2.57,0.76,2.73,0.6,2.23,0.94,60,34,0,0,0,42,True,True,True,False,False,False,True,Spain_Segunda_División,2017-04-01 14:00:00
2016-2017,32,1,1,2,5,5,10,0,2,0,0,6,5,3,5,9,10,16,17,54,46,Estadio de La Condomina,"Ronda de Garay 14, Murcia",0,2,2.42,3.07,3.49,0,0,0,0,0,0,0,0,0,0,0,0,0,2,1,1,0,0,0,2,1491062400,-1,0,52,0,5530,-1,1,-1,-1,-1,-1,-1,-1,0,1,0,1,1,1,-1,0,0,0,0,0,0,0,0,0,0,0,0,0,1,1,0,0,-1,-1,0,0,-1,-1,-1,-1,-1,-1,-1,-1,-1,42,71,32,61,UCAM Murcia CF,Cádiz,1.29,1.18,1.25,1.27,1.19,1.61,58,29,0,0,0,42,True,True,False,False,False,False,True,Spain_Segunda_División,2017-04-01 16:00:00
2016-2017,32,0,0,0,3,2,5,4,3,0,0,2,0,4,9,6,9,22,19,54,46,Estadio El Alcoraz,"Camino del Alto Cocorón, Huesca",4,3,2.44,3.12,3.39,0,0,0,0,0,0,0,0,0,0,0,0,0,0,0,0,0,0,0,0,1491062400,-1,0,47,0,4312,-1,1,-1,-1,-1,-1,-1,-1,2,0,2,3,2,5,-1,0,0,0,0,0,0,0,0,0,0,0,0,0,1,1,0,0,-1,-1,0,0,-1,-1,-1,-1,-1,-1,-1,-1,-1,50,80,30,67,SD Huesca,Getafe CF,1.77,1.0,1.87,0.93,1.48,1.52,50,20,0,0,0,44,False,False,False,False,False,False,False,Spain_Segunda_División,2017-04-01 16:00:00
2016-2017,32,1,3,4,6,5,11,1,4,0,0,6,8,7,1,13,9,11,11,56,44,Estadi Municipal de Montilivi,"Avenida Montlivi 141, Girona",1,4,1.85,3.43,5.13,0,0,0,0,0,0,0,0,0,0,0,0,0,4,1,2,0,1,1,3,1491071400,291,0,52,0,6653,-1,1,-1,-1,-1,-1,-1,-1,0,1,1,3,1,4,-1,0,0,0,0,0,0,0,0,0,0,0,0,0,1,1,0,1,-1,-1,0,0,-1,-1,-1,-1,-1,-1,-1,-1,-1,48,67,42,71,Girona FC,Rayo Vallecano,2.0,0.76,2.31,0.4,1.87,1.06,52,33,0,0,0,42,True,True,True,True,False,False,True,Spain_Segunda_División,2017-04-01 18:30:00
2016-2017,32,0,1,1,3,7,10,2,4,0,0,5,4,5,3,10,7,21,20,50,50,Nou Estadi de Tarragona,"Camí del Llorito, Tarragona",2,4,2.31,3.15,3.64,0,0,0,0,0,0,0,0,0,0,0,0,0,1,0,0,0,1,1,0,1491127200,296,0,43,0,6357,-1,1,-1,-1,-1,-1,-1,-1,0,2,2,2,2,4,-1,0,0,0,0,0,0,0,0,0,0,0,0,0,1,1,0,0,-1,-1,0,0,-1,-1,-1,-1,-1,-1,-1,-1,-1,32,56,23,65,Gimnàstic de Tarragona,Almería,1.43,0.57,1.33,0.38,1.16,1.03,68,45,0,0,0,42,True,False,False,False,False,False,False,Spain_Segunda_División,2017-04-02 10:00:00
2016-2017,32,1,0,1,5,0,5,2,0,0,0,8,3,4,1,12,4,15,12,57,43,Estadio Anxo Carro,"Avenida de los deportes, Lugo",2,0,2.15,3.09,4.24,0,0,0,0,0,0,0,0,0,0,0,0,0,1,0,0,1,0,1,0,1491141600,304,0,42,0,3654,-1,1,-1,-1,-1,-1,-1,-1,0,0,2,0,0,2,-1,0,0,0,0,0,0,0,0,0,0,0,0,0,1,1,0,0,-1,-1,0,0,-1,-1,-1,-1,-1,-1,-1,-1,-1,32,45,19,55,CD Lugo,CF Reus Deportiu,1.71,1.19,1.63,1.33,1.32,1.29,69,56,0,0,0,42,True,False,False,False,False,False,False,Spain_Segunda_División,2017-04-02 14:00:00
2016-2017,32,1,0,1,1,7,8,3,6,0,0,2,7,0,5,2,12,20,21,50,50,Estadio Heliodoro Rodríguez Lopéz,"Avenida de San Sebastián, Tenerife",3,6,2.04,3.18,4.53,0,0,0,0,0,0,0,0,0,0,0,0,0,1,1,0,0,0,0,1,1491148800,311,0,39,0,17353,-1,1,-1,-1,-1,-1,-1,-1,0,1,3,5,1,8,-1,0,0,0,0,0,0,0,1,0,1,0,0,0,1,1,0,0,-1,-1,0,0,-1,-1,-1,-1,-1,-1,-1,-1,-1,27,65,23,71,CD Tenerife,Real Oviedo,1.96,0.81,1.94,0.87,1.58,1.58,74,36,0,0,0,42,True,False,False,False,False,False,False,Spain_Segunda_División,2017-04-02 16:00:00
2016-2017,32,1,0,1,5,3,8,5,3,0,0,2,4,2,6,4,10,14,14,-1,-1,Estadio Nuevo Arcángel,"Avenida del Arcángel, Córdoba",5,3,2.66,3.01,3.15,0,0,0,0,0,0,0,0,0,0,0,0,0,1,0,0,1,0,1,0,1491148800,294,0,52,0,10236,-1,1,-1,-1,-1,-1,-1,-1,1,1,4,2,2,6,-1,0,0,0,0,0,0,0,0,0,0,0,0,0,1,1,0,0,-1,-1,0,0,-1,-1,-1,-1,-1,-1,-1,-1,-1,42,71,26,61,Córdoba,Elche CF,1.71,0.86,1.33,1.13,1.1,1.26,59,30,0,0,0,42,True,False,False,False,False,False,False,Spain_Segunda_División,2017-04-02 16:00:00
2016-2017,32,1,1,2,4,2,6,2,3,0,0,6,4,8,7,14,11,14,14,66,34,Estadio de la Romareda,"Calle de Eduardo Ibarra 6, Zaragoza",2,3,2.57,3.14,3.14,0,0,0,0,0,0,0,0,0,0,0,0,0,2,1,1,0,0,0,2,1491157800,-1,0,55,0,15222,-1,1,-1,-1,-1,-1,-1,-1,0,1,2,2,1,4,-1,0,0,0,0,0,0,0,0,0,0,0,0,0,1,1,0,0,-1,-1,0,0,-1,-1,-1,-1,-1,-1,-1,-1,-1,52,75,36,78,Real Zaragoza,Real Valladolid,1.43,1.05,1.6,1.06,1.23,1.35,49,26,0,0,0,42,True,True,False,False,False,False,True,Spain_Segunda_División,2017-04-02 18:30:00
2016-2017,32,1,1,2,0,2,2,0,1,0,0,6,6,5,7,11,13,8,17,53,47,Estadio Ramón Sánchez Pizjuán,"Avenida de Eduardo Dato, Sevilla",0,1,2.23,3.18,3.82,0,0,0,0,0,0,0,0,0,0,0,0,0,2,1,1,0,0,0,2,1491242400,-1,0,50,0,2603,-1,1,-1,-1,-1,-1,-1,-1,0,0,0,1,0,1,-1,0,0,0,0,0,0,0,0,1,0,1,0,0,1,1,0,0,-1,-1,0,0,-1,-1,-1,-1,-1,-1,-1,-1,-1,40,70,24,60,Sevilla II,CD Numancia,1.71,0.9,1.87,0.8,1.35,1.26,60,30,0,0,0,42,True,True,False,False,False,False,True,Spain_Segunda_División,2017-04-03 18:00:00
2016-2017,33,2,0,2,5,4,9,3,0,0,0,7,5,7,6,14,11,-1,-1,-1,-1,Estadio Municipal de Anduva,"Camino de Anduva, Miranda de Ebro",3,0,2.63,3.06,3.14,0,0,0,0,0,0,0,0,0,0,0,0,0,2,0,0,2,0,2,0,1491588000,300,0,47,0,3213,-1,1,-1,-1,-1,-1,-1,-1,2,0,1,0,2,1,-1,0,0,0,0,0,0,0,0,0,0,0,0,0,1,1,0,0,-1,-1,0,0,-1,-1,-1,-1,-1,-1,-1,-1,-1,32,76,28,63,Mirandés,AD Alcorcón,1.19,0.71,1.25,0.44,0.91,1.13,69,26,0,0,0,42,True,True,False,False,False,False,False,Spain_Segunda_División,2017-04-07 18:00:00
2016-2017,33,0,0,0,4,5,9,3,3,0,0,2,3,9,2,11,5,-1,-1,-1,-1,Iberostar Estadi,"Camí dels Reis, Palma de Mallorca",3,3,1.93,3.33,4.87,0,0,0,0,0,0,0,0,0,0,0,0,0,0,0,0,0,0,0,0,1491660000,-1,0,48,0,9842,-1,1,-1,-1,-1,-1,-1,-1,1,1,2,2,2,4,-1,0,0,0,0,0,0,0,0,0,0,0,0,0,1,1,0,0,-1,-1,0,0,-1,-1,-1,-1,-1,-1,-1,-1,-1,45,65,20,61,RCD Mallorca,Gimnàstic de Tarragona,1.52,1.05,1.47,1.0,0.97,1.13,55,36,0,0,0,42,False,False,False,False,False,False,False,Spain_Segunda_División,2017-04-08 14:00:00
2016-2017,33,1,1,2,2,6,8,0,1,1,0,4,3,1,5,5,8,-1,-1,-1,-1,Estadio Ramón de Carranza,"Plaza de Madrid, Cádiz",2,1,2.01,3.28,4.5,0,0,0,0,0,0,0,0,0,0,0,0,0,2,1,1,0,0,0,2,1491667200,-1,0,52,0,12848,-1,1,-1,-1,-1,-1,-1,-1,0,1,1,0,1,1,-1,0,0,0,0,0,0,0,0,0,0,0,0,0,1,1,0,1,-1,-1,0,0,-1,-1,-1,-1,-1,-1,-1,-1,-1,43,69,36,68,Cádiz,CD Lugo,1.86,0.9,1.94,1.0,1.59,1.38,58,32,0,0,0,42,True,True,False,False,False,False,True,Spain_Segunda_División,2017-04-08 16:00:00
2016-2017,33,2,0,2,5,4,9,2,2,0,0,6,4,10,7,16,11,-1,-1,-1,-1,Coliseum Alfonso Pérez,"Avenida de Teresa de Calcuta, Getafe",2,2,2.67,3.07,3.08,0,0,0,0,0,0,0,0,0,0,0,0,0,2,2,0,0,0,0,2,1491667200,293,0,41,0,5617,-1,1,-1,-1,-1,-1,-1,-1,0,1,2,1,1,3,-1,0,0,0,0,0,0,0,0,0,0,0,0,0,1,1,1,0,-1,-1,0,0,-1,-1,-1,-1,-1,-1,-1,-1,-1,25,72,10,60,Getafe CF,Levante UD,2.26,1.43,2.06,1.75,1.5,2.25,75,28,0,0,0,42,True,True,False,False,False,False,False,Spain_Segunda_División,2017-04-08 16:00:00
2016-2017,33,1,1,2,4,3,7,3,1,0,0,5,5,3,3,8,8,-1,-1,-1,-1,Estadio del Rayo Vallecano (de Vallecas Teresa Rivero) (Madrid),"Calle Payaso Fofó, Madrid",3,1,2.2,3.12,3.99,0,0,0,0,0,0,0,0,0,0,0,0,0,2,1,1,0,0,0,2,1491676200,-1,0,43,0,9374,-1,1,-1,-1,-1,-1,-1,-1,0,0,3,1,0,4,-1,0,0,0,0,0,0,0,0,0,0,0,0,0,1,1,0,1,-1,-1,0,0,-1,-1,-1,-1,-1,-1,-1,-1,-1,32,58,17,55,Rayo Vallecano,CD Tenerife,1.76,1.17,1.69,1.2,1.13,1.63,68,43,0,0,0,42,True,True,False,False,False,False,True,Spain_Segunda_División,2017-04-08 18:30:00
2016-2017,33,2,1,3,10,6,16,0,2,0,0,7,5,8,8,15,13,19,12,42,58,Estadio Municipal José Zorrilla,"Avenida del Mundial 82, Valladolid",0,2,1.77,3.52,5.67,0,0,0,0,0,0,0,0,0,0,0,0,0,3,1,0,1,1,2,1,1491732000,297,0,48,0,6690,-1,1,-1,-1,-1,-1,-1,-1,0,1,0,1,1,1,-1,0,0,0,0,0,0,0,0,0,0,0,0,0,1,1,0,0,-1,-1,0,0,-1,-1,-1,-1,-1,-1,-1,-1,-1,39,71,32,67,Real Valladolid,Córdoba,1.95,0.9,1.67,0.88,1.34,1.16,62,30,0,0,0,42,True,True,True,False,False,False,True,Spain_Segunda_División,2017-04-09 10:00:00
2016-2017,33,3,2,5,1,11,12,3,3,0,0,10,5,6,7,16,12,9,14,48,52,Estadio Manuel Martínez Valero,"Avenida Manuel Martínez Valero 3, Elche",3,3,1.93,3.33,4.84,0,0,0,0,0,0,0,0,0,0,0,0,0,5,1,1,2,1,3,2,1491746400,295,0,52,0,5432,-1,1,-1,-1,-1,-1,-1,-1,0,2,3,1,2,4,-1,0,0,0,0,0,0,0,0,0,0,0,0,0,1,1,1,0,-1,-1,0,0,-1,-1,-1,-1,-1,-1,-1,-1,-1,39,71,33,65,Elche CF,Sevilla II,1.19,0.81,1.4,0.88,1.22,1.34,61,29,0,0,0,42,True,True,True,True,True,False,True,Spain_Segunda_División,2017-04-09 14:00:00
2016-2017,33,0,2,2,8,4,12,3,2,0,0,4,5,9,4,13,9,13,17,54,46,Nuevo Estadio Los Pajaritos,"Avenida Mariano Vicen 16, Soria",3,2,2.81,3.06,2.91,0,0,0,0,0,0,0,0,0,0,0,0,0,2,0,0,0,2,2,0,1491753600,312,0,39,0,2977,-1,1,-1,-1,-1,-1,-1,-1,0,1,3,1,1,4,-1,0,0,0,0,0,0,0,0,0,0,0,0,0,1,1,0,0,-1,-1,0,0,-1,-1,-1,-1,-1,-1,-1,-1,-1,36,58,26,55,CD Numancia,Girona FC,1.48,1.33,1.69,1.4,1.25,1.81,65,42,0,0,0,42,True,True,False,False,False,False,False,Spain_Segunda_División,2017-04-09 16:00:00
2016-2017,33,2,0,2,4,6,10,3,3,0,0,6,2,2,6,8,8,14,9,52,48,Estadio Nuevo Carlos Tartiere,"Calle de Ricardo Vázquez Prada, Barrio de la Ería, Oviedo",3,3,2.08,3.16,4.39,0,0,0,0,0,0,0,0,0,0,0,0,0,2,1,0,1,0,1,1,1491753600,309,0,52,0,14795,-1,1,-1,-1,-1,-1,-1,-1,1,2,2,1,3,3,-1,0,0,0,0,0,0,0,0,0,0,0,0,0,1,1,1,0,-1,-1,0,0,-1,-1,-1,-1,-1,-1,-1,-1,-1,36,71,26,55,Real Oviedo,UCAM Murcia CF,2.1,1.0,2.25,1.13,1.53,1.19,65,29,0,0,0,42,True,True,False,False,False,False,False,Spain_Segunda_División,2017-04-09 16:00:00
2016-2017,33,0,1,1,4,6,10,2,5,0,0,5,2,4,4,9,6,-1,-1,-1,-1,Estadio Camp Nou Municipal,"Calle Recasens i Mercadé 8, Reus",2,5,2.76,2.94,3.11,0,0,0,0,0,0,0,0,0,0,0,0,0,1,0,0,0,1,1,0,1491753600,301,0,50,0,4098,-1,1,-1,-1,-1,-1,-1,-1,0,1,2,4,1,6,-1,0,0,0,0,0,0,0,0,0,0,0,0,0,1,1,0,0,-1,-1,0,0,-1,-1,-1,-1,-1,-1,-1,-1,-1,22,60,16,44,CF Reus Deportiu,SD Huesca,1.43,1.14,1.25,1.13,1.25,1.47,78,41,0,0,0,42,True,False,False,False,False,False,False,Spain_Segunda_División,2017-04-09 16:00:00
2016-2017,33,2,2,4,7,5,12,3,1,1,0,5,6,4,3,9,9,12,15,53,47,Estadio de los Juegos Mediterráneos,"Calle de Belladona, Almería",4,1,2.27,3.19,3.7,0,0,0,0,0,0,0,0,0,0,0,0,0,4,2,2,0,0,0,4,1491762600,-1,0,52,0,7520,-1,1,-1,-1,-1,-1,-1,-1,2,0,2,1,2,3,-1,0,0,0,0,0,0,0,0,0,0,0,0,0,1,1,0,2,-1,-1,0,0,-1,-1,-1,-1,-1,-1,-1,-1,-1,62,68,26,52,Almería,Real Zaragoza,1.86,0.95,1.73,0.88,1.09,1.22,39,32,0,0,0,42,True,True,True,True,False,False,True,Spain_Segunda_División,2017-04-09 18:30:00
2016-2017,34,1,3,4,4,2,6,1,4,1,0,5,7,3,7,8,14,-1,-1,-1,-1,Estadio Manuel Martínez Valero,"Avenida Manuel Martínez Valero 3, Elche",2,4,2.05,3.28,4.32,0,0,0,0,0,0,0,0,0,0,0,0,0,4,0,1,1,2,3,1,1492264800,306,0,53,0,5743,-1,1,-1,-1,-1,-1,-1,-1,0,1,2,3,1,5,-1,0,0,0,0,0,0,0,0,1,0,1,0,0,1,1,0,0,-1,-1,0,1,-1,-1,-1,-1,-1,-1,-1,-1,-1,50,75,44,72,Elche CF,CD Numancia,1.19,0.9,1.5,0.81,1.27,1.21,50,25,0,0,0,42,True,True,True,True,False,False,True,Spain_Segunda_División,2017-04-15 14:00:00
2016-2017,34,3,3,6,10,0,10,6,4,0,1,7,4,8,4,15,8,18,16,61,39,Estadio Heliodoro Rodríguez Lopéz,"Avenida de San Sebastián, Tenerife",6,6,2.6,3.07,3.17,0,0,0,0,0,0,0,0,0,0,0,0,0,6,1,2,2,1,3,3,1492272000,-1,0,36,0,19395,-1,1,-1,-1,-1,-1,-1,-1,2,1,4,4,3,8,-1,0,0,0,0,0,0,0,1,0,1,0,0,0,1,1,0,0,-1,-1,0,0,-1,-1,-1,-1,-1,-1,-1,-1,-1,22,61,19,55,CD Tenerife,Girona FC,1.96,1.33,2.0,1.5,1.61,1.85,79,40,0,0,0,42,True,True,True,True,True,True,True,Spain_Segunda_División,2017-04-15 16:00:00
2016-2017,34,4,1,5,13,1,14,1,2,0,0,9,2,10,6,19,8,-1,-1,-1,-1,Nou Estadi de Tarragona,"Camí del Llorito, Tarragona",1,2,1.85,3.49,5.07,0,0,0,0,0,0,0,0,0,0,0,0,0,5,1,1,3,0,3,2,1492272000,303,0,56,0,4587,-1,1,-1,-1,-1,-1,-1,-1,1,2,0,0,3,0,-1,0,0,0,0,0,0,0,1,0,1,0,0,0,1,1,0,0,-1,-1,0,1,-1,-1,-1,-1,-1,-1,-1,-1,-1,38,72,38,60,Gimnàstic de Tarragona,Mirandés,1.43,0.76,1.25,0.56,1.12,0.97,63,29,0,0,0,42,True,True,True,True,True,False,True,Spain_Segunda_División,2017-04-15 16:00:00
2016-2017,34,1,1,2,3,1,4,1,5,0,0,4,4,4,4,8,8,11,18,60,40,Estadio El Alcoraz,"Camino del Alto Cocorón, Huesca",1,5,2.29,3.15,3.69,0,0,0,0,0,0,0,0,0,0,0,0,0,2,0,0,1,1,2,0,1492281000,-1,0,50,0,4098,-1,1,-1,-1,-1,-1,-1,-1,0,1,1,4,1,5,-1,0,0,0,0,0,0,0,1,0,1,0,0,0,1,1,0,0,-1,-1,0,0,-1,-1,-1,-1,-1,-1,-1,-1,-1,57,75,35,50,SD Huesca,Cádiz,1.77,1.18,1.81,1.25,1.52,1.58,44,25,0,0,0,44,True,True,False,False,False,False,True,Spain_Segunda_División,2017-04-15 18:30:00
2016-2017,34,6,2,8,5,2,7,1,1,0,0,8,7,9,4,17,11,20,12,44,56,Estadio Ramón Sánchez Pizjuán,"Avenida de Eduardo Dato, Sevilla",1,1,2.78,3.08,2.93,0,0,0,0,0,0,0,0,0,0,0,0,0,8,4,0,2,2,4,4,1492336800,305,0,55,0,2725,-1,1,-1,-1,-1,-1,-1,-1,0,0,1,1,0,2,-1,0,0,0,0,0,0,0,0,1,0,1,0,0,1,1,1,0,-1,-1,0,0,-1,-1,-1,-1,-1,-1,-1,-1,-1,36,67,24,66,Sevilla II,Real Valladolid,1.71,1.05,1.81,1.06,1.3,1.39,64,33,0,0,0,42,True,True,True,True,True,True,True,Spain_Segunda_División,2017-04-16 10:00:00
2016-2017,34,0,3,3,3,3,6,2,2,0,0,3,5,6,4,9,9,12,20,59,41,Estadio Santo Domingo,"Avenida de Pablo Iglesias, Alcorcón",2,2,2.43,3.02,3.54,0,0,0,0,0,0,0,0,0,0,0,0,0,3,0,2,0,1,1,2,1492351200,293,0,38,0,3328,-1,1,-1,-1,-1,-1,-1,-1,1,0,1,2,1,3,-1,0,0,0,0,0,0,0,0,0,0,0,0,0,1,1,0,0,-1,-1,0,0,-1,-1,-1,-1,-1,-1,-1,-1,-1,28,54,28,50,AD Alcorcón,Getafe CF,1.67,1.0,1.81,0.94,1.09,1.55,72,47,0,0,0,42,True,True,True,False,False,False,False,Spain_Segunda_División,2017-04-16 14:00:00
2016-2017,34,0,1,1,12,1,13,1,2,0,0,10,3,11,6,21,9,14,20,52,48,Estadio de La Condomina,"Ronda de Garay 14, Murcia",1,2,2.6,3.04,3.22,0,0,0,0,0,0,0,0,0,0,0,0,0,1,0,1,0,0,0,1,1492358400,291,0,49,0,4694,-1,1,-1,-1,-1,-1,-1,-1,0,0,1,2,0,3,-1,0,0,0,0,0,0,0,0,0,0,0,0,0,1,1,0,0,-1,-1,0,0,-1,-1,-1,-1,-1,-1,-1,-1,-1,37,66,37,79,UCAM Murcia CF,Rayo Vallecano,1.29,0.76,1.24,0.56,1.15,1.12,64,34,0,0,0,42,True,False,False,False,False,False,False,Spain_Segunda_División,2017-04-16 16:00:00
2016-2017,34,2,1,3,1,3,4,2,2,0,0,7,6,3,8,10,14,-1,-1,-1,-1,Estadio Anxo Carro,"Avenida de los deportes, Lugo",2,2,2.04,3.25,4.41,0,0,0,0,0,0,0,0,0,0,0,0,0,3,1,1,1,0,1,2,1492358400,304,0,42,0,5987,-1,1,-1,-1,-1,-1,-1,-1,1,1,1,1,2,2,-1,0,0,0,0,0,0,0,0,0,0,0,0,0,1,1,0,1,-1,-1,1,0,-1,-1,-1,-1,-1,-1,-1,-1,-1,43,58,27,70,CD Lugo,Real Oviedo,1.71,0.81,1.71,0.81,1.36,1.58,58,43,0,0,0,42,True,True,True,False,False,False,True,Spain_Segunda_División,2017-04-16 16:00:00
2016-2017,34,1,0,1,6,4,10,2,2,0,0,3,2,10,4,13,6,19,13,48,52,Estadio Nuevo Arcángel,"Avenida del Arcángel, Córdoba",2,2,2.16,3.21,4.01,0,0,0,0,0,0,0,0,0,0,0,0,0,1,1,0,0,0,0,1,1492358400,294,0,31,0,11286,-1,1,-1,-1,-1,-1,-1,-1,1,0,1,2,1,3,-1,0,0,0,0,0,0,0,0,0,0,0,0,0,1,1,0,0,-1,-1,1,0,-1,-1,-1,-1,-1,-1,-1,-1,-1,27,49,10,58,Córdoba,Almería,1.71,0.57,1.44,0.53,1.12,1.09,73,52,0,0,0,42,True,False,False,False,False,False,False,Spain_Segunda_División,2017-04-16 16:00:00
2016-2017,34,1,0,1,6,5,11,0,1,0,0,6,2,7,2,13,4,8,7,50,50,Estadio de la Romareda,"Calle de Eduardo Ibarra 6, Zaragoza",0,1,2.3,3.19,3.61,0,0,0,0,0,0,0,0,0,0,0,0,0,1,1,0,0,0,0,1,1492367400,299,0,64,0,15196,-1,1,-1,-1,-1,-1,-1,-1,0,1,0,0,1,0,-1,0,0,0,0,0,0,0,0,0,0,0,0,0,1,1,0,0,-1,-1,0,0,-1,-1,-1,-1,-1,-1,-1,-1,-1,46,80,34,70,Real Zaragoza,RCD Mallorca,1.43,0.62,1.56,0.53,1.21,0.97,55,21,0,0,0,42,True,False,False,False,False,False,False,Spain_Segunda_División,2017-04-16 18:30:00
2016-2017,34,0,0,0,6,4,10,1,2,0,0,5,4,4,4,9,8,15,15,55,45,Estadio Ciudad de Valencia,"Calle San Vicente de Paúl 44, Valencia",1,2,1.79,3.41,5.8,0,0,0,0,0,0,0,0,0,0,0,0,0,0,0,0,0,0,0,0,1492452000,-1,0,38,0,14034,-1,1,-1,-1,-1,-1,-1,-1,0,0,1,2,0,3,-1,0,0,0,0,0,0,0,0,0,0,0,0,0,1,1,0,0,-1,-1,0,0,-1,-1,-1,-1,-1,-1,-1,-1,-1,29,44,22,54,Levante UD,CF Reus Deportiu,2.57,1.19,2.75,1.25,2.18,1.21,72,57,0,0,0,42,False,False,False,False,False,False,False,Spain_Segunda_División,2017-04-17 18:00:00
2016-2017,35,1,1,2,6,5,11,3,5,1,0,3,3,3,5,6,8,-1,-1,-1,-1,Estadio Nuevo Carlos Tartiere,"Calle de Ricardo Vázquez Prada, Barrio de la Ería, Oviedo",5,5,2.27,3.16,3.73,0,0,0,0,0,0,0,0,0,0,0,0,0,2,1,0,0,1,1,1,1492797600,-1,0,41,0,15727,-1,1,-1,-1,-1,-1,-1,-1,3,2,1,3,5,4,-1,0,0,0,0,0,0,0,0,0,0,0,0,0,1,1,0,0,-1,-1,1,0,-1,-1,-1,-1,-1,-1,-1,-1,-1,30,68,18,50,Real Oviedo,SD Huesca,2.1,1.14,2.29,1.24,1.53,1.5,71,33,0,0,0,42,True,True,False,False,False,False,True,Spain_Segunda_División,2017-04-21 18:00:00
2016-2017,35,2,1,3,7,3,10,3,3,0,0,8,2,5,1,13,3,-1,-1,-1,-1,Estadio Municipal José Zorrilla,"Avenida del Mundial 82, Valladolid",3,3,1.88,3.48,4.87,0,0,0,0,0,0,0,0,0,0,0,0,0,3,1,1,1,0,1,2,1492869600,297,0,49,0,6451,-1,1,-1,-1,-1,-1,-1,-1,1,1,2,2,2,4,-1,0,0,0,0,0,0,0,0,0,0,0,0,0,1,1,1,1,-1,-1,0,0,-1,-1,-1,-1,-1,-1,-1,-1,-1,49,70,33,61,Real Valladolid,Elche CF,1.95,0.86,1.75,1.06,1.35,1.24,52,31,0,0,0,42,True,True,True,False,False,False,True,Spain_Segunda_División,2017-04-22 14:00:00
2016-2017,35,2,0,2,6,2,8,3,2,0,0,10,3,15,2,25,5,-1,-1,-1,-1,Estadio del Rayo Vallecano (de Vallecas Teresa Rivero) (Madrid),"Calle Payaso Fofó, Madrid",3,2,1.85,3.43,5.13,0,0,0,0,0,0,0,0,0,0,0,0,0,2,0,0,2,0,2,0,1492876800,291,0,58,0,8739,-1,1,-1,-1,-1,-1,-1,-1,0,1,3,1,1,4,-1,0,0,0,0,0,0,0,1,0,1,0,0,0,1,1,0,0,-1,-1,0,0,-1,-1,-1,-1,-1,-1,-1,-1,-1,37,77,37,64,Rayo Vallecano,CD Lugo,1.76,0.9,1.65,1.0,1.18,1.41,64,24,0,0,0,42,True,True,False,False,False,False,False,Spain_Segunda_División,2017-04-22 16:00:00
2016-2017,35,1,1,2,8,2,10,0,3,0,0,4,3,4,3,8,6,-1,-1,-1,-1,Estadio Ramón de Carranza,"Plaza de Madrid, Cádiz",0,3,2.78,3.07,2.94,0,0,0,0,0,0,0,0,0,0,0,0,0,2,0,1,1,0,1,1,1492876800,-1,0,32,0,13716,-1,1,-1,-1,-1,-1,-1,-1,0,1,0,2,1,2,-1,0,0,0,0,0,0,0,0,1,0,1,0,0,1,1,0,0,-1,-1,0,0,-1,-1,-1,-1,-1,-1,-1,-1,-1,30,62,21,68,Cádiz,Levante UD,1.86,1.43,1.88,1.65,1.56,2.15,71,38,0,0,0,42,True,True,False,False,False,False,True,Spain_Segunda_División,2017-04-22 16:00:00
2016-2017,35,1,1,2,7,1,8,4,2,0,0,6,3,4,0,10,3,-1,-1,-1,-1,Coliseum Alfonso Pérez,"Avenida de Teresa de Calcuta, Getafe",4,2,1.77,3.53,5.68,0,0,0,0,0,0,0,0,0,0,0,0,0,2,1,0,0,1,1,1,1492876800,-1,0,50,0,10175,-1,1,-1,-1,-1,-1,-1,-1,0,1,4,1,1,5,-1,0,0,0,0,0,0,0,0,0,0,0,0,0,1,1,0,0,-1,-1,0,0,-1,-1,-1,-1,-1,-1,-1,-1,-1,36,71,15,59,Getafe CF,Gimnàstic de Tarragona,2.26,1.05,2.12,1.0,1.59,1.18,65,30,0,0,0,42,True,True,False,False,False,False,True,Spain_Segunda_División,2017-04-22 16:00:00
2016-2017,35,1,2,3,5,3,8,1,5,1,1,5,8,4,5,9,13,-1,-1,-1,-1,Estadi Municipal de Montilivi,"Avenida Montlivi 141, Girona",2,6,1.53,3.97,8.28,0,0,0,0,0,0,0,0,0,0,0,0,0,3,1,1,0,1,1,2,1492885800,308,0,61,0,6746,-1,1,-1,-1,-1,-1,-1,-1,0,1,2,5,1,7,-1,0,0,0,0,0,0,0,0,0,0,0,0,0,1,1,0,0,-1,-1,0,0,-1,-1,-1,-1,-1,-1,-1,-1,-1,45,76,42,61,Girona FC,UCAM Murcia CF,2.0,1.0,2.18,1.06,1.82,1.12,55,25,0,0,0,42,True,True,True,False,False,False,True,Spain_Segunda_División,2017-04-22 18:30:00
2016-2017,35,1,1,2,4,5,9,3,2,0,0,4,2,7,3,11,5,13,12,53,47,Nuevo Estadio Los Pajaritos,"Avenida Mariano Vicen 16, Soria",3,2,2.6,2.98,3.27,0,0,0,0,0,0,0,0,0,0,0,0,0,2,0,0,1,1,2,0,1492941600,-1,0,46,0,2540,-1,1,-1,-1,-1,-1,-1,-1,2,0,1,2,2,3,-1,0,0,0,0,0,0,0,0,0,0,0,0,0,1,1,0,0,-1,-1,0,0,-1,-1,-1,-1,-1,-1,-1,-1,-1,33,58,27,64,CD Numancia,CD Tenerife,1.48,1.17,1.59,1.19,1.26,1.59,67,43,0,0,0,42,True,True,False,False,False,False,True,Spain_Segunda_División,2017-04-23 10:00:00
2016-2017,35,0,1,1,3,2,5,2,3,0,0,5,5,10,4,15,9,-1,-1,-1,-1,Estadio Municipal de Anduva,"Camino de Anduva, Miranda de Ebro",2,3,3.09,3.2,2.57,0,0,0,0,0,0,0,0,0,0,0,0,0,1,0,1,0,0,0,1,1492956000,299,0,59,0,4094,-1,1,-1,-1,-1,-1,-1,-1,2,0,0,3,2,3,-1,0,0,0,0,0,0,0,0,0,0,0,0,0,1,1,0,0,-1,-1,0,0,-1,-1,-1,-1,-1,-1,-1,-1,-1,56,80,29,59,Mirandés,Real Zaragoza,1.19,0.95,1.35,0.88,0.94,1.26,44,21,0,0,0,42,True,False,False,False,False,False,False,Spain_Segunda_División,2017-04-23 14:00:00
2016-2017,35,1,1,2,10,5,15,1,4,0,0,6,3,11,3,17,6,-1,-1,-1,-1,Iberostar Estadi,"Camí dels Reis, Palma de Mallorca",1,4,2.02,3.32,4.37,0,0,0,0,0,0,0,0,0,0,0,0,0,2,1,1,0,0,0,2,1492956000,-1,0,52,0,10828,-1,1,-1,-1,-1,-1,-1,-1,0,0,1,4,0,5,-1,0,0,0,0,0,0,0,0,0,0,0,0,0,1,1,1,0,-1,-1,0,0,-1,-1,-1,-1,-1,-1,-1,-1,-1,40,69,24,66,RCD Mallorca,Córdoba,1.52,0.9,1.44,0.82,0.94,1.18,61,31,0,0,0,42,True,True,False,False,False,False,True,Spain_Segunda_División,2017-04-23 14:00:00
2016-2017,35,0,0,0,10,1,11,0,3,0,1,10,4,4,3,14,7,11,20,58,42,Estadio Camp Nou Municipal,"Calle Recasens i Mercadé 8, Reus",0,4,2.16,2.99,4.37,0,0,0,0,0,0,0,0,0,0,0,0,0,0,0,0,0,0,0,0,1492963200,-1,0,41,0,3851,-1,1,-1,-1,-1,-1,-1,-1,0,2,0,2,2,2,-1,0,0,0,0,0,0,0,0,0,0,0,0,0,1,1,0,0,-1,-1,0,0,-1,-1,-1,-1,-1,-1,-1,-1,-1,15,59,18,50,CF Reus Deportiu,AD Alcorcón,1.43,0.71,1.18,0.41,1.21,1.06,85,41,0,0,0,42,False,False,False,False,False,False,False,Spain_Segunda_División,2017-04-23 16:00:00
2016-2017,35,2,1,3,8,7,15,2,1,0,0,5,2,5,8,10,10,-1,-1,-1,-1,Estadio de los Juegos Mediterráneos,"Calle de Belladona, Almería",2,1,2.08,3.31,4.12,0,0,0,0,0,0,0,0,0,0,0,0,0,3,1,0,1,1,2,1,1492963200,296,0,52,0,7314,-1,1,-1,-1,-1,-1,-1,-1,1,0,1,1,1,2,-1,0,0,0,0,0,0,0,0,0,0,0,0,0,1,1,0,0,-1,-1,0,0,-1,-1,-1,-1,-1,-1,-1,-1,-1,49,70,30,58,Almería,Sevilla II,1.86,0.81,1.69,0.82,1.06,1.35,52,30,0,0,0,42,True,True,True,False,False,False,True,Spain_Segunda_División,2017-04-23 16:00:00
2016-2017,36,2,3,5,3,4,7,4,5,0,0,5,5,5,1,10,6,-1,-1,-1,-1,Estadio Manuel Martínez Valero,"Avenida Manuel Martínez Valero 3, Elche",4,5,2.06,3.32,4.19,0,0,0,0,0,0,0,0,0,0,0,0,0,5,0,1,2,2,4,1,1493402400,296,0,41,0,8004,-1,1,-1,-1,-1,-1,-1,-1,2,2,2,3,4,5,-1,0,0,0,0,0,0,0,0,0,0,0,0,0,1,1,0,0,-1,-1,0,0,-1,-1,-1,-1,-1,-1,-1,-1,-1,41,58,24,72,Elche CF,Almería,1.19,0.57,1.41,0.5,1.2,1.11,60,43,0,0,0,42,True,True,True,True,True,False,True,Spain_Segunda_División,2017-04-28 18:00:00
2016-2017,36,1,0,1,3,5,8,3,3,1,0,4,0,5,7,9,7,-1,-1,-1,-1,Estadio de La Condomina,"Ronda de Garay 14, Murcia",4,3,3.04,2.99,2.76,0,0,0,0,0,0,0,0,0,0,0,0,0,1,1,0,0,0,0,1,1493474400,308,0,52,0,3404,-1,1,-1,-1,-1,-1,-1,-1,3,2,1,1,5,2,-1,0,0,0,0,0,0,0,0,0,0,0,0,0,1,1,0,0,-1,-1,0,0,-1,-1,-1,-1,-1,-1,-1,-1,-1,29,66,29,71,UCAM Murcia CF,CD Tenerife,1.29,1.17,1.17,1.18,1.17,1.57,72,35,0,0,0,42,True,False,False,False,False,False,False,Spain_Segunda_División,2017-04-29 14:00:00
2016-2017,36,1,0,1,7,9,16,3,3,0,0,7,5,10,7,17,12,-1,-1,-1,-1,Estadio Ciudad de Valencia,"Calle San Vicente de Paúl 44, Valencia",3,3,1.83,3.37,5.54,0,0,0,0,0,0,0,0,0,0,0,0,0,1,0,0,1,0,1,0,1493481600,292,0,41,0,18381,-1,1,-1,-1,-1,-1,-1,-1,0,0,3,3,0,6,-1,0,0,0,0,0,0,0,0,0,0,0,0,0,1,1,0,0,-1,-1,0,0,-1,-1,-1,-1,-1,-1,-1,-1,-1,41,59,32,71,Levante UD,Real Oviedo,2.57,0.81,2.65,0.76,2.11,1.51,59,41,0,0,0,42,True,False,False,False,False,False,False,Spain_Segunda_División,2017-04-29 16:00:00
2016-2017,36,1,1,2,10,5,15,1,3,0,0,5,4,8,6,13,10,-1,-1,-1,-1,Estadio Municipal José Zorrilla,"Avenida del Mundial 82, Valladolid",1,3,1.83,3.46,5.29,0,0,0,0,0,0,0,0,0,0,0,0,0,2,0,0,1,1,2,0,1493481600,-1,0,47,0,7755,-1,1,-1,-1,-1,-1,-1,-1,0,0,1,3,0,4,-1,0,0,0,0,0,0,0,0,0,0,0,0,0,1,1,0,0,-1,-1,0,0,-1,-1,-1,-1,-1,-1,-1,-1,-1,50,71,38,65,Real Valladolid,CD Numancia,1.95,0.9,1.82,0.94,1.4,1.26,50,30,0,0,0,42,True,True,False,False,False,False,True,Spain_Segunda_División,2017-04-29 16:00:00
2016-2017,36,1,2,3,3,8,11,1,5,0,0,7,5,8,8,15,13,-1,-1,-1,-1,Estadio de la Romareda,"Calle de Eduardo Ibarra 6, Zaragoza",1,5,2.37,3.13,3.53,0,0,0,0,0,0,0,0,0,0,0,0,0,3,1,0,0,2,2,1,1493490600,293,0,50,0,17600,-1,1,-1,-1,-1,-1,-1,-1,0,4,1,1,4,2,-1,0,0,0,0,0,0,0,0,0,0,0,0,0,1,1,0,0,-1,-1,0,0,-1,-1,-1,-1,-1,-1,-1,-1,-1,41,77,35,77,Real Zaragoza,Getafe CF,1.43,1.0,1.65,1.06,1.31,1.57,59,24,0,0,0,42,True,True,True,False,False,False,True,Spain_Segunda_División,2017-04-29 18:30:00
2016-2017,36,0,2,2,4,4,8,2,3,0,0,3,7,11,4,14,11,12,20,58,42,Estadio Santo Domingo,"Avenida de Pablo Iglesias, Alcorcón",2,3,2.35,2.99,3.76,0,0,0,0,0,0,0,0,0,0,0,0,0,2,0,1,0,1,1,1,1493546400,310,0,44,0,3101,-1,1,-1,-1,-1,-1,-1,-1,2,0,0,3,2,3,-1,0,0,0,0,0,0,0,0,0,0,0,0,0,1,1,0,0,-1,-1,0,0,-1,-1,-1,-1,-1,-1,-1,-1,-1,38,56,35,38,AD Alcorcón,Cádiz,1.67,1.18,1.71,1.24,1.06,1.54,62,44,0,0,0,42,True,True,False,False,False,False,False,Spain_Segunda_División,2017-04-30 10:00:00
2016-2017,36,1,2,3,9,6,15,5,3,0,1,3,4,4,9,7,13,14,27,64,36,Estadio Anxo Carro,"Avenida de los deportes, Lugo",5,4,2.86,3.13,2.81,0,0,0,0,0,0,0,0,0,0,0,0,0,3,0,2,1,0,1,2,1493560800,312,0,46,0,3385,-1,1,-1,-1,-1,-1,-1,-1,2,0,3,4,2,7,-1,0,0,0,0,0,0,0,1,1,1,1,0,0,1,1,0,1,-1,-1,1,0,-1,-1,-1,-1,-1,-1,-1,-1,-1,43,61,29,54,CD Lugo,Girona FC,1.71,1.33,1.78,1.47,1.37,1.77,58,40,0,0,0,42,True,True,True,False,False,False,True,Spain_Segunda_División,2017-04-30 14:00:00
2016-2017,36,1,1,2,9,3,12,2,4,0,0,8,4,5,6,13,10,10,16,53,47,Estadio Nuevo Arcángel,"Avenida del Arcángel, Córdoba",2,4,1.88,3.47,4.91,0,0,0,0,0,0,0,0,0,0,0,0,0,2,0,0,1,1,2,0,1493568000,-1,0,47,0,10399,-1,1,-1,-1,-1,-1,-1,-1,1,0,1,4,1,5,-1,0,0,0,0,0,0,0,0,0,0,0,0,0,1,1,0,0,-1,-1,0,0,-1,-1,-1,-1,-1,-1,-1,-1,-1,36,68,27,59,Córdoba,Mirandés,1.71,0.76,1.53,0.53,1.17,0.91,65,33,0,0,0,42,True,True,False,False,False,False,True,Spain_Segunda_División,2017-04-30 16:00:00
2016-2017,36,2,3,5,6,5,11,2,5,0,0,5,4,4,5,9,9,15,19,49,51,Estadio Ramón Sánchez Pizjuán,"Avenida de Eduardo Dato, Sevilla",2,5,2.39,3.18,3.42,0,0,0,0,0,0,0,0,0,0,0,0,0,5,0,1,2,2,4,1,1493575200,298,0,60,0,2264,-1,1,-1,-1,-1,-1,-1,-1,2,1,0,4,3,4,-1,0,0,0,0,0,0,0,1,1,1,1,0,0,1,1,0,0,-1,-1,0,1,-1,-1,-1,-1,-1,-1,-1,-1,-1,34,69,20,60,Sevilla II,RCD Mallorca,1.71,0.62,1.88,0.5,1.31,0.94,66,31,0,0,0,42,True,True,True,True,True,False,True,Spain_Segunda_División,2017-04-30 18:00:00
2016-2017,36,2,0,2,6,2,8,3,5,0,1,8,0,9,8,17,8,14,15,49,51,Estadio El Alcoraz,"Camino del Alto Cocorón, Huesca",3,6,2.22,3.19,3.83,0,0,0,0,0,0,0,0,0,0,0,0,0,2,0,0,2,0,2,0,1493650800,301,0,44,0,4731,-1,1,-1,-1,-1,-1,-1,-1,2,2,1,4,4,5,-1,0,0,0,0,0,0,0,1,0,1,0,0,0,1,1,0,0,-1,-1,0,0,-1,-1,-1,-1,-1,-1,-1,-1,-1,50,68,32,65,SD Huesca,Rayo Vallecano,1.77,0.76,1.76,0.71,1.49,1.23,50,33,0,0,0,42,True,True,False,False,False,False,False,Spain_Segunda_División,2017-05-01 15:00:00
2016-2017,36,0,1,1,5,2,7,3,3,0,0,5,2,7,2,12,4,20,15,62,38,Nou Estadi de Tarragona,"Camí del Llorito, Tarragona",3,3,2.42,2.98,3.62,0,0,0,0,0,0,0,0,0,0,0,0,0,1,0,0,0,1,1,0,1493658000,307,0,42,0,9409,-1,1,-1,-1,-1,-1,-1,-1,2,0,1,3,2,4,-1,0,0,0,0,0,0,0,0,0,0,0,0,0,1,1,0,0,-1,-1,0,0,-1,-1,-1,-1,-1,-1,-1,-1,-1,24,47,24,47,Gimnàstic de Tarragona,CF Reus Deportiu,1.43,1.19,1.35,1.24,1.17,1.2,77,53,0,0,0,42,True,False,False,False,False,False,False,Spain_Segunda_División,2017-05-01 17:00:00
2016-2017,37,0,1,1,3,0,3,3,3,0,0,6,4,12,2,18,6,-1,-1,-1,-1,Estadio Nuevo Carlos Tartiere,"Calle de Ricardo Vázquez Prada, Barrio de la Ería, Oviedo",3,3,2.07,3.11,4.53,0,0,0,0,0,0,0,0,0,0,0,0,0,1,0,0,0,1,1,0,1494007200,302,0,36,0,14731,-1,1,-1,-1,-1,-1,-1,-1,0,1,3,2,1,5,-1,0,0,0,0,0,0,0,0,0,0,0,0,0,1,1,0,0,-1,-1,0,0,-1,-1,-1,-1,-1,-1,-1,-1,-1,22,70,20,59,Real Oviedo,AD Alcorcón,2.1,0.71,2.22,0.44,1.47,1.03,78,31,0,0,0,42,True,False,False,False,False,False,False,Spain_Segunda_División,2017-05-05 18:00:00
2016-2017,37,1,0,1,6,4,10,2,1,0,0,6,0,9,11,15,11,9,12,56,44,Iberostar Estadi,"Camí dels Reis, Palma de Mallorca",2,1,2.07,3.29,4.2,0,0,0,0,0,0,0,0,0,0,0,0,0,1,0,0,1,0,1,0,1494079200,298,0,51,0,12487,-1,1,-1,-1,-1,-1,-1,-1,2,1,0,0,3,0,-1,0,0,0,0,0,0,0,0,0,0,0,0,0,1,1,0,0,-1,-1,0,0,-1,-1,-1,-1,-1,-1,-1,-1,-1,46,69,32,60,RCD Mallorca,Elche CF,1.52,0.86,1.41,1.0,1.0,1.17,55,32,0,0,0,42,True,False,False,False,False,False,False,Spain_Segunda_División,2017-05-06 14:00:00
2016-2017,37,1,0,1,9,2,11,3,3,0,0,4,7,8,3,12,10,20,18,60,40,Nuevo Estadio Los Pajaritos,"Avenida Mariano Vicen 16, Soria",3,3,2.15,3.17,4.09,0,0,0,0,0,0,0,0,0,0,0,0,0,1,1,0,0,0,0,1,1494086400,306,0,52,0,4542,-1,1,-1,-1,-1,-1,-1,-1,0,1,3,2,1,5,-1,0,0,0,0,0,0,0,0,0,0,0,0,0,1,1,0,0,-1,-1,0,0,-1,-1,-1,-1,-1,-1,-1,-1,-1,34,66,32,57,CD Numancia,UCAM Murcia CF,1.48,1.0,1.56,1.18,1.25,1.22,66,34,0,0,0,42,True,False,False,False,False,False,False,Spain_Segunda_División,2017-05-06 16:00:00
2016-2017,37,2,1,3,6,4,10,1,2,1,0,10,5,7,4,17,9,11,17,57,43,Estadio del Rayo Vallecano (de Vallecas Teresa Rivero) (Madrid),"Calle Payaso Fofó, Madrid",2,2,2.04,3.45,4.08,0,0,0,0,0,0,0,0,0,0,0,0,0,3,1,1,1,0,1,2,1494086400,291,0,36,0,8869,-1,1,-1,-1,-1,-1,-1,-1,0,0,2,2,0,4,-1,0,0,0,0,0,0,0,0,0,0,0,0,0,1,1,0,0,-1,-1,0,0,-1,-1,-1,-1,-1,-1,-1,-1,-1,25,70,17,61,Rayo Vallecano,Levante UD,1.76,1.43,1.72,1.61,1.19,2.14,75,31,0,0,0,42,True,True,True,False,False,False,True,Spain_Segunda_División,2017-05-06 16:00:00
2016-2017,37,3,1,4,5,4,9,2,5,0,0,5,3,5,5,10,8,17,16,51,49,Estadi Municipal de Montilivi,"Avenida Montlivi 141, Girona",2,5,2.02,3.37,4.28,0,0,0,0,0,0,0,0,0,0,0,0,0,4,2,1,1,0,1,3,1494095400,312,0,56,0,7005,-1,1,-1,-1,-1,-1,-1,-1,0,1,2,4,1,6,-1,0,0,0,0,0,0,0,1,0,1,0,0,0,1,1,0,0,-1,-1,0,0,-1,-1,-1,-1,-1,-1,-1,-1,-1,42,72,37,56,Girona FC,SD Huesca,2.0,1.14,2.06,1.22,1.81,1.53,59,28,0,0,0,42,True,True,True,True,False,False,True,Spain_Segunda_División,2017-05-06 18:30:00
2016-2017,37,2,1,3,3,5,8,5,3,0,0,7,5,6,2,13,7,14,22,54,46,Estadio Heliodoro Rodríguez Lopéz,"Avenida de San Sebastián, Tenerife",5,3,1.88,3.35,5.16,0,0,0,0,0,0,0,0,0,0,0,0,0,3,1,0,1,1,2,1,1494154800,311,0,58,0,12829,-1,1,-1,-1,-1,-1,-1,-1,2,1,3,2,3,5,-1,0,0,0,0,0,0,0,0,0,0,0,0,0,1,1,0,0,-1,-1,0,1,-1,-1,-1,-1,-1,-1,-1,-1,-1,29,75,38,72,CD Tenerife,CD Lugo,1.96,0.9,1.94,0.94,1.53,1.33,71,26,0,0,0,42,True,True,True,False,False,False,True,Spain_Segunda_División,2017-05-07 11:00:00
2016-2017,37,0,1,1,6,0,6,2,2,0,0,7,5,6,3,13,8,15,18,61,39,Estadio Municipal de Anduva,"Camino de Anduva, Miranda de Ebro",2,2,2.67,3.26,2.91,0,0,0,0,0,0,0,0,0,0,0,0,0,1,0,0,0,1,1,0,1494165600,305,0,56,0,2802,-1,1,-1,-1,-1,-1,-1,-1,1,0,1,2,1,3,-1,0,0,0,0,0,0,0,0,0,0,0,0,0,1,1,0,0,-1,-1,0,0,-1,-1,-1,-1,-1,-1,-1,-1,-1,42,78,28,64,Mirandés,Sevilla II,1.19,0.81,1.28,0.78,0.92,1.28,59,23,0,0,0,42,True,False,False,False,False,False,False,Spain_Segunda_División,2017-05-07 14:00:00
2016-2017,37,0,0,0,5,2,7,1,4,0,1,5,5,8,3,13,8,11,12,54,46,Estadio Ramón de Carranza,"Plaza de Madrid, Cádiz",1,5,1.76,3.5,5.87,0,0,0,0,0,0,0,0,0,0,0,0,0,0,0,0,0,0,0,0,1494172800,-1,0,48,0,13278,-1,1,-1,-1,-1,-1,-1,-1,1,3,0,2,4,2,-1,0,0,0,0,0,0,0,0,0,0,0,0,0,1,1,0,0,-1,-1,0,0,-1,-1,-1,-1,-1,-1,-1,-1,-1,39,62,20,67,Cádiz,Gimnàstic de Tarragona,1.86,1.05,1.83,1.0,1.58,1.14,62,39,0,0,0,42,False,False,False,False,False,False,False,Spain_Segunda_División,2017-05-07 16:00:00
2016-2017,37,2,0,2,5,3,8,1,1,0,0,6,2,4,4,10,6,-1,-1,-1,-1,Coliseum Alfonso Pérez,"Avenida de Teresa de Calcuta, Getafe",1,1,1.74,3.54,5.94,0,0,0,0,0,0,0,0,0,0,0,0,0,2,1,0,1,0,1,1,1494172800,293,0,59,0,10655,-1,1,-1,-1,-1,-1,-1,-1,0,0,1,1,0,2,-1,0,0,0,0,0,0,0,0,0,0,0,0,0,1,1,0,0,-1,-1,0,0,-1,-1,-1,-1,-1,-1,-1,-1,-1,31,81,22,70,Getafe CF,Córdoba,2.26,0.9,2.06,0.83,1.61,1.17,70,20,0,0,0,42,True,True,False,False,False,False,False,Spain_Segunda_División,2017-05-07 16:00:00
2016-2017,37,0,3,3,4,4,8,2,1,0,0,2,7,5,5,7,12,-1,-1,-1,-1,Estadio de los Juegos Mediterráneos,"Calle de Belladona, Almería",2,1,2.31,3.25,3.51,0,0,0,0,0,0,0,0,0,0,0,0,0,3,0,1,0,2,2,1,1494172800,297,0,55,0,8934,-1,1,-1,-1,-1,-1,-1,-1,0,0,2,1,0,3,-1,0,0,0,0,0,0,0,0,1,0,1,0,0,1,1,0,0,-1,-1,0,0,-1,-1,-1,-1,-1,-1,-1,-1,-1,58,69,34,69,Almería,Real Valladolid,1.86,1.05,1.76,1.0,1.17,1.39,43,31,0,0,0,42,True,True,True,False,False,False,False,Spain_Segunda_División,2017-05-07 16:00:00
2016-2017,37,1,0,1,0,8,8,3,7,0,1,4,7,4,7,8,14,8,17,45,55,Estadio Camp Nou Municipal,"Calle Recasens i Mercadé 8, Reus",3,8,2.53,3.04,3.32,0,0,0,0,0,0,0,0,0,0,0,0,0,1,1,0,0,0,0,1,1494181800,307,0,53,0,3992,-1,1,-1,-1,-1,-1,-1,-1,2,3,1,5,5,6,-1,0,0,0,0,0,0,0,0,0,0,0,0,0,1,1,0,0,-1,-1,0,0,-1,-1,-1,-1,-1,-1,-1,-1,-1,39,59,20,50,CF Reus Deportiu,Real Zaragoza,1.43,0.95,1.17,1.0,1.25,1.28,61,42,0,0,0,42,True,False,False,False,False,False,False,Spain_Segunda_División,2017-05-07 18:30:00
2016-2017,38,2,1,3,5,2,7,5,2,0,1,8,7,4,4,12,11,20,16,44,56,Estadio Ramón Sánchez Pizjuán,"Avenida de Eduardo Dato, Sevilla",5,4,3.24,3.15,2.51,0,0,0,0,0,0,0,0,0,0,0,0,0,3,1,0,1,1,2,1,1494612000,305,0,53,0,3579,-1,1,-1,-1,-1,-1,-1,-1,1,1,4,2,2,6,-1,0,0,0,0,0,0,0,0,0,0,0,0,0,1,1,0,0,-1,-1,0,0,-1,-1,-1,-1,-1,-1,-1,-1,-1,36,72,23,67,Sevilla II,Getafe CF,1.71,1.0,1.78,1.17,1.32,1.65,64,28,0,0,0,42,True,True,True,False,False,False,True,Spain_Segunda_División,2017-05-12 18:00:00
2016-2017,38,1,1,2,8,7,15,1,2,0,0,3,5,10,8,13,13,11,9,54,46,Estadio de la Romareda,"Calle de Eduardo Ibarra 6, Zaragoza",1,2,2.5,3.14,3.25,0,0,0,0,0,0,0,0,0,0,0,0,0,2,1,0,0,1,1,1,1494615600,-1,0,59,0,17341,-1,1,-1,-1,-1,-1,-1,-1,0,0,1,2,0,3,-1,0,0,0,0,0,0,0,0,0,0,0,0,0,1,1,0,0,-1,-1,0,0,-1,-1,-1,-1,-1,-1,-1,-1,-1,47,78,36,64,Real Zaragoza,Cádiz,1.43,1.18,1.56,1.33,1.24,1.57,53,23,0,0,0,42,True,True,False,False,False,False,True,Spain_Segunda_División,2017-05-12 19:00:00
2016-2017,38,2,1,3,2,3,5,2,2,0,0,5,4,5,3,10,7,13,9,43,57,Estadio Municipal José Zorrilla,"Avenida del Mundial 82, Valladolid",2,2,2.06,3.28,4.26,0,0,0,0,0,0,0,0,0,0,0,0,0,3,1,0,1,1,2,1,1494673200,297,0,54,0,8807,-1,1,-1,-1,-1,-1,-1,-1,0,0,2,2,0,4,-1,0,0,0,0,0,0,0,1,0,1,0,0,0,1,1,0,0,-1,-1,0,0,-1,-1,-1,-1,-1,-1,-1,-1,-1,43,68,27,60,Real Valladolid,RCD Mallorca,1.95,0.62,1.78,0.63,1.43,1.05,57,33,0,0,0,42,True,True,True,False,False,False,True,Spain_Segunda_División,2017-05-13 11:00:00
2016-2017,38,2,2,4,5,1,6,4,3,1,0,6,7,8,4,14,11,20,15,56,44,Estadio El Alcoraz,"Camino del Alto Cocorón, Huesca",5,3,2.39,3.12,3.49,0,0,0,0,0,0,0,0,0,0,0,0,0,4,0,2,2,0,2,2,1494684900,-1,0,47,0,4474,-1,1,-1,-1,-1,-1,-1,-1,2,0,3,3,2,6,-1,0,0,0,0,0,0,0,1,0,1,0,0,0,1,1,0,1,-1,-1,0,0,-1,-1,-1,-1,-1,-1,-1,-1,-1,42,70,25,56,SD Huesca,CD Tenerife,1.77,1.17,1.83,1.11,1.49,1.57,58,31,0,0,0,44,True,True,True,True,False,False,True,Spain_Segunda_División,2017-05-13 14:15:00
2016-2017,38,0,1,1,6,4,10,3,5,0,2,7,5,7,5,14,10,11,19,57,43,Estadio Manuel Martínez Valero,"Avenida Manuel Martínez Valero 3, Elche",3,8,1.81,3.53,5.25,0,0,0,0,0,0,0,0,0,0,0,0,0,1,0,0,0,1,1,0,1494684900,300,0,61,0,14482,-1,1,-1,-1,-1,-1,-1,-1,1,2,2,5,3,7,-1,0,0,0,0,0,0,0,0,0,0,0,0,0,1,1,0,0,-1,-1,0,0,-1,-1,-1,-1,-1,-1,-1,-1,-1,50,81,39,70,Elche CF,Mirandés,1.19,0.76,1.33,0.56,1.14,0.89,50,20,0,0,0,42,True,False,False,False,False,False,False,Spain_Segunda_División,2017-05-13 14:15:00
2016-2017,38,2,1,3,4,6,10,2,3,0,0,9,7,4,9,13,16,9,12,47,53,Estadio Ciudad de Valencia,"Calle San Vicente de Paúl 44, Valencia",2,3,2.99,3.12,2.7,0,0,0,0,0,0,0,0,0,0,0,0,0,3,1,0,1,1,2,1,1494691200,292,0,42,0,12518,-1,1,-1,-1,-1,-1,-1,-1,1,1,1,2,2,3,-1,0,0,0,0,0,0,0,0,0,0,0,0,0,1,1,1,0,-1,-1,0,0,-1,-1,-1,-1,-1,-1,-1,-1,-1,39,59,31,53,Levante UD,Girona FC,2.57,1.33,2.67,1.56,2.08,1.84,61,42,0,0,0,42,True,True,True,False,False,False,True,Spain_Segunda_División,2017-05-13 16:00:00
2016-2017,38,2,0,2,3,5,8,0,1,1,0,4,4,2,3,6,7,7,19,33,67,Estadio Santo Domingo,"Avenida de Pablo Iglesias, Alcorcón",2,1,2.47,3.07,3.39,0,0,0,0,0,0,0,0,0,0,0,0,0,2,0,0,2,0,2,0,1494693000,302,0,34,0,3829,-1,1,-1,-1,-1,-1,-1,-1,0,0,1,1,0,2,-1,0,0,0,0,0,0,0,0,0,0,0,0,0,1,1,0,0,-1,-1,0,0,-1,-1,-1,-1,-1,-1,-1,-1,-1,34,50,33,56,AD Alcorcón,Rayo Vallecano,1.67,0.76,1.61,0.67,1.08,1.24,67,50,0,0,0,42,True,True,False,False,False,False,False,Spain_Segunda_División,2017-05-13 16:30:00
2016-2017,38,1,0,1,6,2,8,2,4,0,0,7,4,11,7,18,11,14,10,54,46,Estadio Nuevo Arcángel,"Avenida del Arcángel, Córdoba",2,4,2.37,3.06,3.62,0,0,0,0,0,0,0,0,0,0,0,0,0,1,0,0,1,0,1,0,1494693000,294,0,31,0,13830,-1,1,-1,-1,-1,-1,-1,-1,0,0,2,4,0,6,-1,0,0,0,0,0,0,0,0,0,0,0,0,0,1,1,0,0,-1,-1,0,0,-1,-1,-1,-1,-1,-1,-1,-1,-1,17,42,9,42,Córdoba,CF Reus Deportiu,1.71,1.19,1.5,1.33,1.14,1.3,84,58,0,0,0,42,True,False,False,False,False,False,False,Spain_Segunda_División,2017-05-13 16:30:00
2016-2017,38,2,0,2,3,2,5,4,3,0,0,4,6,2,5,6,11,20,15,48,52,Estadio de los Juegos Mediterráneos,"Calle de Belladona, Almería",4,3,2.12,3.23,4.1,0,0,0,0,0,0,0,0,0,0,0,0,0,2,2,0,0,0,0,2,1494693000,296,0,53,0,8005,-1,1,-1,-1,-1,-1,-1,-1,2,1,2,2,3,4,-1,0,0,0,0,0,0,0,0,0,0,0,0,0,1,1,1,0,-1,-1,0,0,-1,-1,-1,-1,-1,-1,-1,-1,-1,59,75,34,64,Almería,CD Numancia,1.86,0.9,1.67,0.94,1.14,1.3,42,25,0,0,0,42,True,True,False,False,False,False,False,Spain_Segunda_División,2017-05-13 16:30:00
2016-2017,38,2,2,4,5,2,7,4,1,0,0,5,5,13,6,18,11,15,17,63,37,Nou Estadi de Tarragona,"Camí del Llorito, Tarragona",4,1,2.33,3.06,3.71,0,0,0,0,0,0,0,0,0,0,0,0,0,4,0,2,2,0,2,2,1494701100,-1,0,45,0,5413,-1,1,-1,-1,-1,-1,-1,-1,1,0,3,1,1,4,-1,0,0,0,0,0,0,0,0,0,0,0,0,0,1,1,0,0,-1,-1,0,0,-1,-1,-1,-1,-1,-1,-1,-1,-1,36,61,34,64,Gimnàstic de Tarragona,Real Oviedo,1.43,0.81,1.28,0.72,1.14,1.43,64,39,0,0,0,42,True,True,True,True,False,False,True,Spain_Segunda_División,2017-05-13 18:45:00
2016-2017,38,0,0,0,15,1,16,1,4,0,1,4,3,8,1,12,4,16,15,65,35,Estadio Anxo Carro,"Avenida de los deportes, Lugo",1,6,2.22,3.23,3.77,0,0,0,0,0,0,0,0,0,0,0,0,0,0,0,0,0,0,0,0,1494756000,-1,0,57,0,2796,-1,1,-1,-1,-1,-1,-1,-1,0,2,1,3,2,4,-1,0,0,0,0,0,0,0,0,0,0,0,0,0,1,1,0,0,-1,-1,0,0,-1,-1,-1,-1,-1,-1,-1,-1,-1,43,63,35,62,CD Lugo,UCAM Murcia CF,1.71,1.0,1.68,1.11,1.3,1.19,57,38,0,0,0,42,False,False,False,False,False,False,False,Spain_Segunda_División,2017-05-14 10:00:00
2016-2017,39,2,0,2,2,3,5,5,1,0,0,4,2,6,7,10,9,-1,-1,-1,-1,Estadio del Rayo Vallecano (de Vallecas Teresa Rivero) (Madrid),"Calle Payaso Fofó, Madrid",5,1,1.85,3.47,5.05,0,0,0,0,0,0,0,0,0,0,0,0,0,2,0,0,2,0,2,0,1495216800,291,0,48,0,9662,-1,1,-1,-1,-1,-1,-1,-1,1,0,4,1,1,5,-1,0,0,0,0,0,0,0,0,0,0,0,0,0,1,1,0,0,-1,-1,0,0,-1,-1,-1,-1,-1,-1,-1,-1,-1,37,66,19,58,Rayo Vallecano,Gimnàstic de Tarragona,1.76,1.05,1.79,1.0,1.21,1.13,63,35,0,0,0,42,True,True,False,False,False,False,False,Spain_Segunda_División,2017-05-19 18:00:00
2016-2017,39,2,0,2,6,0,6,3,3,0,0,7,0,6,8,13,8,-1,-1,50,50,Coliseum Alfonso Pérez,"Avenida de Teresa de Calcuta, Getafe",3,3,1.66,3.66,6.65,0,0,0,0,0,0,0,0,0,0,0,0,0,2,1,0,1,0,1,1,1495220400,293,0,53,0,10887,-1,1,-1,-1,-1,-1,-1,-1,1,0,2,3,1,5,-1,0,0,0,0,0,0,0,0,0,0,0,0,0,1,1,0,0,-1,-1,0,0,-1,-1,-1,-1,-1,-1,-1,-1,-1,37,77,24,61,Getafe CF,Elche CF,2.26,0.86,2.11,0.95,1.61,1.11,63,24,0,0,0,42,True,True,False,False,False,False,False,Spain_Segunda_División,2017-05-19 19:00:00
2016-2017,39,3,1,4,9,3,12,4,3,0,0,7,5,10,5,17,10,21,17,44,56,Estadio de La Condomina,"Ronda de Garay 14, Murcia",4,3,2.66,3.09,3.07,0,0,0,0,0,0,0,0,0,0,0,0,0,4,2,0,1,1,2,2,1495299600,308,0,47,0,5877,-1,1,-1,-1,-1,-1,-1,-1,0,1,4,2,1,6,-1,0,0,0,0,0,0,0,0,0,0,0,0,0,1,1,0,0,-1,-1,0,0,-1,-1,-1,-1,-1,-1,-1,-1,-1,26,66,27,63,UCAM Murcia CF,SD Huesca,1.29,1.14,1.26,1.16,1.18,1.47,74,35,0,0,0,42,True,True,True,True,False,False,True,Spain_Segunda_División,2017-05-20 17:00:00
2016-2017,39,0,0,0,1,2,3,0,2,0,0,4,3,4,5,8,8,4,16,50,50,Estadio Heliodoro Rodríguez Lopéz,"Avenida de San Sebastián, Tenerife",0,2,1.78,3.5,5.61,0,0,0,0,0,0,0,0,0,0,0,0,0,0,0,0,0,0,0,0,1495299600,-1,0,42,0,15226,-1,1,-1,-1,-1,-1,-1,-1,0,0,0,2,0,2,-1,0,0,0,0,0,0,0,0,0,0,0,0,0,1,1,0,0,-1,-1,0,0,-1,-1,-1,-1,-1,-1,-1,-1,-1,24,69,21,74,CD Tenerife,Levante UD,1.96,1.43,2.0,1.53,1.55,2.11,77,32,0,0,0,42,False,False,False,False,False,False,False,Spain_Segunda_División,2017-05-20 17:00:00
2016-2017,39,0,0,0,11,1,12,2,4,0,0,5,3,9,3,14,6,17,14,65,35,Estadi Municipal de Montilivi,"Avenida Montlivi 141, Girona",2,4,1.68,3.61,6.61,0,0,0,0,0,0,0,0,0,0,0,0,0,0,0,0,0,0,0,0,1495299600,-1,0,47,0,8157,-1,1,-1,-1,-1,-1,-1,-1,1,2,1,2,3,3,-1,0,0,0,0,0,0,0,0,0,0,0,0,0,1,1,0,0,-1,-1,1,0,-1,-1,-1,-1,-1,-1,-1,-1,-1,37,71,40,61,Girona FC,AD Alcorcón,2.0,0.71,2.11,0.58,1.79,1.13,63,29,0,0,0,42,False,False,False,False,False,False,False,Spain_Segunda_División,2017-05-20 17:00:00
2016-2017,39,2,1,3,6,3,9,1,3,0,0,5,6,5,7,10,13,15,18,46,54,Estadio Camp Nou Municipal,"Calle Recasens i Mercadé 8, Reus",1,3,2.19,3.09,4.08,0,0,0,0,0,0,0,0,0,0,0,0,0,3,1,0,1,1,2,1,1495299600,307,0,50,0,3988,-1,1,-1,-1,-1,-1,-1,-1,1,0,0,3,1,3,-1,0,0,0,0,0,0,0,0,0,0,0,0,0,1,1,1,0,-1,-1,0,0,-1,-1,-1,-1,-1,-1,-1,-1,-1,27,58,19,53,CF Reus Deportiu,Sevilla II,1.43,0.81,1.26,0.89,1.26,1.37,74,43,0,0,0,42,True,True,True,False,False,False,True,Spain_Segunda_División,2017-05-20 17:00:00
2016-2017,39,1,0,1,9,4,13,1,2,0,0,4,2,6,3,10,5,12,12,58,42,Iberostar Estadi,"Camí dels Reis, Palma de Mallorca",1,2,1.93,3.37,4.78,0,0,0,0,0,0,0,0,0,0,0,0,0,1,1,0,0,0,0,1,1495299600,298,0,33,0,12830,-1,1,-1,-1,-1,-1,-1,-1,0,1,1,1,1,2,-1,0,0,0,0,0,0,0,0,0,0,0,0,0,1,1,0,0,-1,-1,0,0,-1,-1,-1,-1,-1,-1,-1,-1,-1,33,49,14,59,RCD Mallorca,Almería,1.52,0.57,1.5,0.63,1.03,1.18,68,51,0,0,0,42,True,False,False,False,False,False,False,Spain_Segunda_División,2017-05-20 17:00:00
2016-2017,39,0,0,0,6,3,9,4,3,0,1,8,2,10,6,18,8,15,15,54,46,Estadio Nuevo Carlos Tartiere,"Calle de Ricardo Vázquez Prada, Barrio de la Ería, Oviedo",4,4,2.18,3.21,3.92,0,0,0,0,0,0,0,0,0,0,0,0,0,0,0,0,0,0,0,0,1495306800,-1,0,48,0,15285,-1,1,-1,-1,-1,-1,-1,-1,0,0,4,4,0,8,-1,0,0,0,0,0,0,0,0,0,0,0,0,0,1,1,0,0,-1,-1,0,0,-1,-1,-1,-1,-1,-1,-1,-1,-1,45,69,21,61,Real Oviedo,Real Zaragoza,2.1,0.95,2.11,0.95,1.42,1.24,55,32,0,0,0,42,False,False,False,False,False,False,False,Spain_Segunda_División,2017-05-20 19:00:00
2016-2017,39,1,1,2,6,3,9,0,3,0,0,5,2,3,3,8,5,18,14,55,45,Estadio Ramón de Carranza,"Plaza de Madrid, Cádiz",0,3,1.98,3.26,4.68,0,0,0,0,0,0,0,0,0,0,0,0,0,2,0,0,1,1,2,0,1495306800,-1,0,50,0,14175,-1,1,-1,-1,-1,-1,-1,-1,0,1,0,2,1,2,-1,0,0,0,0,0,0,0,0,0,0,0,0,0,1,1,0,0,-1,-1,0,0,-1,-1,-1,-1,-1,-1,-1,-1,-1,35,69,27,74,Cádiz,Córdoba,1.86,0.9,1.79,0.79,1.55,1.18,66,32,0,0,0,42,True,True,False,False,False,False,True,Spain_Segunda_División,2017-05-20 19:00:00
2016-2017,39,2,2,4,3,4,7,7,2,1,0,7,10,7,6,14,16,15,13,55,45,Estadio Municipal de Anduva,"Camino de Anduva, Miranda de Ebro",8,2,3.28,3.22,2.44,0,0,0,0,0,0,0,0,0,0,0,0,0,4,0,2,2,0,2,2,1495360800,-1,0,53,0,3986,-1,1,-1,-1,-1,-1,-1,-1,3,1,5,1,4,6,-1,0,0,0,0,0,0,0,1,1,1,1,0,0,1,1,0,0,-1,-1,0,0,-1,-1,-1,-1,-1,-1,-1,-1,-1,48,74,32,71,Mirandés,Real Valladolid,1.19,1.05,1.21,1.11,0.95,1.47,53,27,0,0,0,42,True,True,True,True,False,False,True,Spain_Segunda_División,2017-05-21 10:00:00
2016-2017,39,0,1,1,6,8,14,1,2,0,0,6,4,5,1,11,5,12,13,47,53,Nuevo Estadio Los Pajaritos,"Avenida Mariano Vicen 16, Soria",1,2,2.2,3.18,3.9,0,0,0,0,0,0,0,0,0,0,0,0,0,1,0,0,0,1,1,0,1495378800,304,0,57,0,3194,-1,1,-1,-1,-1,-1,-1,-1,1,0,0,2,1,2,-1,0,0,0,0,0,0,0,0,0,0,0,0,0,1,1,0,0,-1,-1,0,0,-1,-1,-1,-1,-1,-1,-1,-1,-1,38,74,38,68,CD Numancia,CD Lugo,1.48,0.9,1.63,0.89,1.26,1.29,62,27,0,0,0,42,True,False,False,False,False,False,False,Spain_Segunda_División,2017-05-21 15:00:00
2016-2017,40,3,1,4,2,7,9,4,5,0,0,7,7,4,8,11,15,-1,-1,-1,-1,Estadio Ciudad de Valencia,"Calle San Vicente de Paúl 44, Valencia",4,5,2.21,3.32,3.7,0,0,0,0,0,0,0,0,0,0,0,0,0,4,1,1,2,0,2,2,1495821600,292,0,50,0,9980,-1,1,-1,-1,-1,-1,-1,-1,0,2,4,3,2,7,-1,0,0,0,0,0,0,0,0,0,0,0,0,0,1,1,0,0,-1,-1,0,0,-1,-1,-1,-1,-1,-1,-1,-1,-1,37,58,32,58,Levante UD,UCAM Murcia CF,2.57,1.0,2.68,1.11,2.08,1.23,63,42,0,0,0,42,True,True,True,True,False,False,True,Spain_Segunda_División,2017-05-26 18:00:00
2016-2017,40,1,0,1,9,3,12,1,2,0,0,5,2,12,1,17,3,15,24,54,46,Estadio El Alcoraz,"Camino del Alto Cocorón, Huesca",1,2,1.95,3.49,4.42,0,0,0,0,0,0,0,0,0,0,0,0,0,1,1,0,0,0,0,1,1495893600,301,0,58,0,3638,-1,1,-1,-1,-1,-1,-1,-1,0,1,1,1,1,2,-1,0,0,0,0,0,0,0,0,0,0,0,0,0,1,1,1,0,-1,-1,0,0,-1,-1,-1,-1,-1,-1,-1,-1,-1,50,84,40,61,SD Huesca,CD Lugo,1.77,0.9,1.79,1.0,1.44,1.33,50,16,0,0,0,42,True,False,False,False,False,False,False,Spain_Segunda_División,2017-05-27 14:00:00
2016-2017,40,3,3,6,4,6,10,5,3,0,0,9,7,3,7,12,14,16,15,55,45,Estadio Ramón Sánchez Pizjuán,"Avenida de Eduardo Dato, Sevilla",5,3,6.56,3.86,1.63,0,0,0,0,0,0,0,0,0,0,0,0,0,6,2,0,1,3,4,2,1495900800,-1,0,61,0,18170,-1,1,-1,-1,-1,-1,-1,-1,2,0,3,3,2,6,-1,0,0,0,0,0,0,0,1,0,1,0,0,0,1,1,0,0,-1,-1,0,0,-1,-1,-1,-1,-1,-1,-1,-1,-1,40,74,24,55,Sevilla II,Cádiz,1.71,1.18,1.84,1.32,1.33,1.54,61,26,0,0,0,42,True,True,True,True,True,True,True,Spain_Segunda_División,2017-05-27 16:00:00
2016-2017,40,1,0,1,4,3,7,4,2,0,0,4,3,4,8,8,11,16,13,46,54,Estadio Municipal José Zorrilla,"Avenida del Mundial 82, Valladolid",4,2,2.52,3.31,3.07,0,0,0,0,0,0,0,0,0,0,0,0,0,1,0,0,1,0,1,0,1495900800,297,0,47,0,11076,-1,1,-1,-1,-1,-1,-1,-1,0,2,4,0,2,4,-1,0,0,0,0,0,0,0,0,0,0,0,0,0,1,1,0,0,-1,-1,0,0,-1,-1,-1,-1,-1,-1,-1,-1,-1,45,71,29,66,Real Valladolid,Getafe CF,1.95,1.0,1.84,1.11,1.46,1.64,56,29,0,0,0,42,True,False,False,False,False,False,False,Spain_Segunda_División,2017-05-27 16:00:00
2016-2017,40,2,0,2,9,4,13,1,2,0,0,10,3,5,6,15,9,11,10,48,52,Estadio de los Juegos Mediterráneos,"Calle de Belladona, Almería",1,2,1.64,3.95,6.16,0,0,0,0,0,0,0,0,0,0,0,0,0,2,1,0,1,0,1,1,1495900800,296,0,53,0,7550,-1,1,-1,-1,-1,-1,-1,-1,0,0,1,2,0,3,-1,0,0,0,0,0,0,0,0,0,0,0,0,0,1,1,0,0,-1,-1,0,0,-1,-1,-1,-1,-1,-1,-1,-1,-1,53,77,35,61,Almería,Mirandés,1.86,0.76,1.74,0.68,1.15,0.95,48,24,0,0,0,42,True,True,False,False,False,False,False,Spain_Segunda_División,2017-05-27 16:00:00
2016-2017,40,1,3,4,4,2,6,2,3,0,1,6,5,6,6,12,11,9,16,55,45,Estadio Santo Domingo,"Avenida de Pablo Iglesias, Alcorcón",2,4,3.01,3.11,2.69,0,0,0,0,0,0,0,0,0,0,0,0,0,4,0,2,1,1,2,2,1495965600,311,0,40,0,3793,-1,1,-1,-1,-1,-1,-1,-1,0,1,2,3,1,5,-1,0,0,0,0,0,0,0,0,0,0,0,0,0,1,1,0,1,-1,-1,0,0,-1,-1,-1,-1,-1,-1,-1,-1,-1,29,53,29,50,AD Alcorcón,CD Tenerife,1.67,1.17,1.68,1.11,1.13,1.54,71,48,0,0,0,42,True,True,True,True,False,False,True,Spain_Segunda_División,2017-05-28 10:00:00
2016-2017,40,1,1,2,3,11,14,0,0,0,0,2,2,9,16,11,18,9,9,43,57,Estadio de la Romareda,"Calle de Eduardo Ibarra 6, Zaragoza",0,0,2.68,3.22,2.93,0,0,0,0,0,0,0,0,0,0,0,0,0,2,1,0,0,1,1,1,1495980000,-1,0,50,0,16287,-1,-1,-1,-1,-1,-1,-1,-1,0,0,0,0,0,0,-1,0,0,0,0,0,0,0,0,0,0,0,0,0,1,1,0,0,-1,-1,-1,-1,-1,-1,-1,-1,-1,-1,-1,-1,-1,42,71,35,76,Real Zaragoza,Rayo Vallecano,1.43,0.76,1.53,0.63,1.23,1.26,58,29,0,0,0,42,True,True,False,False,False,False,True,Spain_Segunda_División,2017-05-28 14:00:00
2016-2017,40,3,1,4,5,3,8,3,1,0,0,7,4,3,7,10,11,9,12,50,50,Nou Estadi de Tarragona,"Camí del Llorito, Tarragona",3,1,3.14,3.28,2.49,0,0,0,0,0,0,0,0,0,0,0,0,0,4,0,1,3,0,3,1,1495987200,303,0,50,0,8179,-1,1,-1,-1,-1,-1,-1,-1,0,0,3,1,0,4,-1,0,0,0,0,0,0,0,0,0,0,0,0,0,1,1,0,1,-1,-1,0,0,-1,-1,-1,-1,-1,-1,-1,-1,-1,40,66,34,53,Gimnàstic de Tarragona,Girona FC,1.43,1.33,1.26,1.47,1.1,1.77,61,35,0,0,0,42,True,True,True,True,False,False,True,Spain_Segunda_División,2017-05-28 16:00:00
2016-2017,40,1,1,2,5,1,6,1,2,0,0,6,4,13,3,19,7,13,16,56,44,Estadio Manuel Martínez Valero,"Avenida Manuel Martínez Valero 3, Elche",1,2,2.05,3.14,4.58,0,0,0,0,0,0,0,0,0,0,0,0,0,2,0,0,1,1,2,0,1495987200,-1,0,40,0,9859,-1,1,-1,-1,-1,-1,-1,-1,0,0,1,2,0,3,-1,0,0,0,0,0,0,0,0,0,0,0,0,0,1,1,0,0,-1,-1,0,0,-1,-1,-1,-1,-1,-1,-1,-1,-1,32,50,21,53,Elche CF,CF Reus Deportiu,1.19,1.19,1.26,1.26,1.08,1.31,68,50,0,0,0,42,True,True,False,False,False,False,True,Spain_Segunda_División,2017-05-28 16:00:00
2016-2017,40,0,0,0,11,2,13,3,3,0,1,7,3,4,3,11,6,14,16,61,39,Iberostar Estadi,"Camí dels Reis, Palma de Mallorca",3,5,1.93,3.41,4.7,0,0,0,0,0,0,0,0,0,0,0,0,0,0,0,0,0,0,0,0,1495987200,-1,0,45,0,14016,-1,1,-1,-1,-1,-1,-1,-1,2,2,1,2,4,3,-1,0,0,0,0,0,0,0,0,0,0,0,0,0,1,1,0,0,-1,-1,0,0,-1,-1,-1,-1,-1,-1,-1,-1,-1,40,66,32,61,RCD Mallorca,CD Numancia,1.52,0.9,1.58,0.89,1.08,1.23,61,34,0,0,0,42,False,False,False,False,False,False,False,Spain_Segunda_División,2017-05-28 16:00:00
2016-2017,40,4,2,6,3,9,12,4,5,0,0,8,9,4,9,12,18,15,20,41,59,Estadio Nuevo Arcángel,"Avenida del Arcángel, Córdoba",4,5,2.31,3.21,3.56,0,0,0,0,0,0,0,0,0,0,0,0,0,6,3,0,1,2,3,3,1495996200,294,0,37,0,14820,-1,1,-1,-1,-1,-1,-1,-1,1,1,3,4,2,7,-1,0,0,0,0,0,0,0,0,1,0,1,0,0,1,1,1,0,-1,-1,0,0,-1,-1,-1,-1,-1,-1,-1,-1,-1,32,58,22,61,Córdoba,Real Oviedo,1.71,0.81,1.58,0.74,1.18,1.41,69,42,0,0,0,42,True,True,True,True,True,True,True,Spain_Segunda_División,2017-05-28 18:30:00
2016-2017,41,1,0,1,7,3,10,0,3,0,0,9,3,6,8,15,11,-1,-1,-1,-1,Estadio Anxo Carro,"Avenida de los deportes, Lugo",0,3,2.9,3.32,2.64,0,0,0,0,0,0,0,0,0,0,0,0,0,1,0,0,1,0,1,0,1496430000,304,0,45,0,3304,-1,1,-1,-1,-1,-1,-1,-1,0,1,0,2,1,2,-1,0,0,0,0,0,0,0,0,0,0,0,0,0,1,1,0,0,-1,-1,0,0,-1,-1,-1,-1,-1,-1,-1,-1,-1,38,63,28,68,CD Lugo,Levante UD,1.71,1.43,1.65,1.5,1.3,2.1,63,38,0,0,0,42,True,False,False,False,False,False,False,Spain_Segunda_División,2017-06-02 19:00:00
2016-2017,41,0,0,0,12,2,14,2,3,0,0,3,2,10,5,13,7,-1,-1,-1,-1,Estadio El Alcoraz,"Camino del Alto Cocorón, Huesca",2,3,1.88,3.43,4.96,0,0,0,0,0,0,0,0,0,0,0,0,0,0,0,0,0,0,0,0,1496599200,-1,0,48,0,4413,-1,1,-1,-1,-1,-1,-1,-1,1,1,1,2,2,3,-1,0,0,0,0,0,0,0,0,0,0,0,0,0,1,1,0,0,-1,-1,0,0,-1,-1,-1,-1,-1,-1,-1,-1,-1,50,78,35,60,SD Huesca,CD Numancia,1.77,0.9,1.85,0.9,1.48,1.23,50,23,0,0,0,42,False,False,False,False,False,False,False,Spain_Segunda_División,2017-06-04 18:00:00
2016-2017,41,0,1,1,5,1,6,3,2,1,0,5,2,11,4,16,6,17,19,61,39,Estadio de La Condomina,"Ronda de Garay 14, Murcia",4,2,2.46,3.05,3.44,0,0,0,0,0,0,0,0,0,0,0,0,0,1,0,1,0,0,0,1,1496599200,302,0,38,0,5742,-1,1,-1,-1,-1,-1,-1,-1,0,1,4,1,1,5,-1,0,0,0,0,0,0,0,0,0,0,0,0,0,1,1,0,0,-1,-1,0,0,-1,-1,-1,-1,-1,-1,-1,-1,-1,20,63,28,65,UCAM Murcia CF,AD Alcorcón,1.29,0.71,1.35,0.6,1.2,1.1,80,38,0,0,0,42,True,False,False,False,False,False,False,Spain_Segunda_División,2017-06-04 18:00:00
2016-2017,41,0,1,1,5,0,5,2,7,0,0,7,4,9,2,16,6,15,18,69,31,Estadio Heliodoro Rodríguez Lopéz,"Avenida de San Sebastián, Tenerife",2,7,2.0,3.28,4.54,0,0,0,0,0,0,0,0,0,0,0,0,0,1,0,0,0,1,1,0,1496599200,303,0,48,0,19348,-1,1,-1,-1,-1,-1,-1,-1,0,0,2,7,0,9,-1,0,0,0,0,0,0,0,0,0,0,0,0,0,1,1,0,0,-1,-1,0,0,-1,-1,-1,-1,-1,-1,-1,-1,-1,30,63,18,65,CD Tenerife,Gimnàstic de Tarragona,1.96,1.05,1.95,0.95,1.58,1.15,70,38,0,0,0,42,True,False,False,False,False,False,False,Spain_Segunda_División,2017-06-04 18:00:00
2016-2017,41,0,0,0,1,0,1,0,0,0,0,0,0,0,3,0,3,6,15,49,51,Estadi Municipal de Montilivi,"Avenida Montlivi 141, Girona",0,0,0.0,0.0,0.0,0,0,0,0,0,0,0,0,0,0,0,0,0,0,0,0,0,0,0,0,1496599200,-1,0,58,0,8824,-1,-1,-1,-1,-1,-1,-1,-1,0,0,0,0,0,0,-1,0,0,0,0,0,0,0,0,0,0,0,0,0,1,1,0,0,-1,-1,-1,-1,-1,-1,-1,-1,-1,-1,-1,-1,-1,58,70,40,63,Girona FC,Real Zaragoza,2.0,0.95,2.05,0.95,1.73,1.23,43,30,0,0,0,42,False,False,False,False,False,False,False,Spain_Segunda_División,2017-06-04 18:00:00
2016-2017,41,1,2,3,6,0,6,2,2,0,0,5,4,13,7,18,11,-1,-1,-1,-1,Estadio del Rayo Vallecano (de Vallecas Teresa Rivero) (Madrid),"Calle Payaso Fofó, Madrid",2,2,2.55,2.84,3.56,0,0,0,0,0,0,0,0,0,0,0,0,0,3,1,1,0,1,1,2,1496599200,294,0,53,0,8063,-1,1,-1,-1,-1,-1,-1,-1,0,0,2,2,0,4,-1,0,0,0,0,0,0,0,0,0,0,0,0,0,1,1,1,1,-1,-1,0,0,-1,-1,-1,-1,-1,-1,-1,-1,-1,33,78,25,65,Rayo Vallecano,Córdoba,1.76,0.9,1.85,0.8,1.25,1.23,68,23,0,0,0,42,True,True,True,False,False,False,True,Spain_Segunda_División,2017-06-04 18:00:00
2016-2017,41,1,0,1,5,7,12,1,1,0,0,7,4,13,3,20,7,-1,-1,-1,-1,Estadio Nuevo Carlos Tartiere,"Calle de Ricardo Vázquez Prada, Barrio de la Ería, Oviedo",1,1,1.79,3.63,5.2,0,0,0,0,0,0,0,0,0,0,0,0,0,1,1,0,0,0,0,1,1496599200,309,0,48,0,8098,-1,1,-1,-1,-1,-1,-1,-1,1,0,0,1,1,1,-1,0,0,0,0,0,0,0,0,0,0,0,0,0,1,1,0,0,-1,-1,0,0,-1,-1,-1,-1,-1,-1,-1,-1,-1,35,70,20,60,Real Oviedo,Sevilla II,2.1,0.81,2.05,0.85,1.38,1.33,65,30,0,0,0,42,True,False,False,False,False,False,False,Spain_Segunda_División,2017-06-04 18:00:00
2016-2017,41,2,1,3,9,3,12,4,2,0,0,6,2,5,6,11,8,15,13,47,53,Estadio Ramón de Carranza,"Plaza de Madrid, Cádiz",4,2,1.85,3.49,5.01,0,0,0,0,0,0,0,0,0,0,0,0,0,3,0,0,2,1,3,0,1496599200,310,0,48,0,16324,-1,1,-1,-1,-1,-1,-1,-1,1,0,3,2,1,5,-1,0,0,0,0,0,0,0,0,0,0,0,0,0,1,1,0,0,-1,-1,0,0,-1,-1,-1,-1,-1,-1,-1,-1,-1,40,65,28,63,Cádiz,Elche CF,1.86,0.86,1.75,0.9,1.53,1.08,60,35,0,0,0,42,True,True,True,False,False,False,True,Spain_Segunda_División,2017-06-04 18:00:00
2016-2017,41,2,0,2,5,5,10,2,2,0,0,4,4,4,8,8,12,15,14,52,48,Estadio Camp Nou Municipal,"Calle Recasens i Mercadé 8, Reus",2,2,6.59,3.55,1.69,0,0,0,0,0,0,0,0,0,0,0,0,0,2,2,0,0,0,0,2,1496599200,307,0,53,0,3869,-1,1,-1,-1,-1,-1,-1,-1,0,0,2,2,0,4,-1,0,0,0,0,0,0,0,0,0,0,0,0,0,1,1,0,0,-1,-1,0,0,-1,-1,-1,-1,-1,-1,-1,-1,-1,38,60,25,65,CF Reus Deportiu,Real Valladolid,1.43,1.05,1.35,1.1,1.3,1.5,63,40,0,0,0,42,True,True,False,False,False,False,False,Spain_Segunda_División,2017-06-04 18:00:00
2016-2017,41,4,0,4,3,7,10,1,0,0,0,7,4,6,7,13,11,17,12,47,53,Coliseum Alfonso Pérez,"Avenida de Teresa de Calcuta, Getafe",1,0,1.65,3.76,6.56,0,0,0,0,0,0,0,0,0,0,0,0,0,4,2,0,2,0,2,2,1496599200,293,0,35,0,10426,-1,1,-1,-1,-1,-1,-1,-1,0,0,1,0,0,1,-1,0,0,0,0,0,0,0,0,0,0,0,0,0,1,1,1,0,-1,-1,0,0,-1,-1,-1,-1,-1,-1,-1,-1,-1,25,60,8,65,Getafe CF,Almería,2.26,0.57,2.15,0.6,1.6,1.2,75,40,0,0,0,42,True,True,True,True,False,False,False,Spain_Segunda_División,2017-06-04 18:00:00
2016-2017,41,2,2,4,2,12,14,3,1,0,0,7,7,5,14,12,21,10,8,42,58,Estadio Municipal de Anduva,"Camino de Anduva, Miranda de Ebro",3,1,6.57,4.02,1.6,0,0,0,0,0,0,0,0,0,0,0,0,0,4,2,1,0,1,1,3,1496599200,-1,0,60,0,1534,-1,1,-1,-1,-1,-1,-1,-1,1,0,2,1,1,3,-1,0,0,0,0,0,0,0,0,0,0,0,0,0,1,1,1,0,-1,-1,0,0,-1,-1,-1,-1,-1,-1,-1,-1,-1,45,75,25,65,Mirandés,RCD Mallorca,1.19,0.62,1.2,0.6,0.93,1.08,55,25,0,0,0,42,True,True,True,True,False,False,True,Spain_Segunda_División,2017-06-04 18:00:00
2016-2017,42,1,2,3,4,7,11,1,1,0,0,6,9,5,9,11,18,10,11,49,51,Estadio Ramón Sánchez Pizjuán,"Avenida de Eduardo Dato, Sevilla",1,1,2.15,3.42,3.73,0,0,0,0,0,0,0,0,0,0,0,0,0,3,0,1,1,1,2,1,1497034800,291,0,53,0,4359,-1,1,-1,-1,-1,-1,-1,-1,1,1,0,0,2,0,-1,0,0,0,0,0,0,0,0,0,0,0,0,0,1,1,0,0,-1,-1,1,0,-1,-1,-1,-1,-1,-1,-1,-1,-1,38,68,25,68,Sevilla II,Rayo Vallecano,1.71,0.76,1.8,0.65,1.29,1.22,63,33,0,0,0,42,True,True,True,False,False,False,True,Spain_Segunda_División,2017-06-09 19:00:00
2016-2017,42,1,2,3,5,12,17,1,1,1,0,4,7,5,7,9,14,14,10,46,54,Estadio Ciudad de Valencia,"Calle San Vicente de Paúl 44, Valencia",2,1,3.65,3.33,2.22,0,0,0,0,0,0,0,0,0,0,0,0,0,3,0,0,1,2,3,0,1497119400,301,0,50,0,11681,-1,1,-1,-1,-1,-1,-1,-1,1,1,1,0,2,1,-1,0,0,0,0,0,0,0,0,0,0,0,0,0,1,1,0,0,-1,-1,0,0,-1,-1,-1,-1,-1,-1,-1,-1,-1,38,60,30,55,Levante UD,SD Huesca,2.57,1.14,2.7,1.1,2.05,1.46,63,40,0,0,0,42,True,True,True,False,False,False,True,Spain_Segunda_División,2017-06-10 18:30:00
2016-2017,42,3,0,3,4,5,9,1,1,0,0,5,3,7,5,12,8,7,12,45,55,Estadio Santo Domingo,"Avenida de Pablo Iglesias, Alcorcón",1,1,1.47,4.39,8.75,0,0,0,0,0,0,0,0,0,0,0,0,0,3,1,0,2,0,2,1,1497119400,302,0,48,0,4077,-1,1,-1,-1,-1,-1,-1,-1,0,1,1,0,1,1,-1,0,0,0,0,0,0,0,0,0,0,0,0,0,1,1,0,0,-1,-1,0,0,-1,-1,-1,-1,-1,-1,-1,-1,-1,35,65,40,55,AD Alcorcón,CD Lugo,1.67,0.9,1.6,0.95,1.15,1.34,65,35,0,0,0,42,True,True,True,False,False,False,False,Spain_Segunda_División,2017-06-10 18:30:00
2016-2017,42,1,0,1,10,6,16,2,2,0,0,5,5,7,3,12,8,12,22,48,52,Nou Estadi de Tarragona,"Camí del Llorito, Tarragona",2,2,2.29,3.28,3.52,0,0,0,0,0,0,0,0,0,0,0,0,0,1,0,0,1,0,1,0,1497119400,303,0,58,0,8894,-1,1,-1,-1,-1,-1,-1,-1,1,1,1,1,2,2,-1,0,0,0,0,0,0,0,0,0,0,0,0,0,1,1,0,0,-1,-1,0,0,-1,-1,-1,-1,-1,-1,-1,-1,-1,38,65,38,58,Gimnàstic de Tarragona,UCAM Murcia CF,1.43,1.0,1.35,1.05,1.2,1.17,63,35,0,0,0,42,True,False,False,False,False,False,False,Spain_Segunda_División,2017-06-10 18:30:00
2016-2017,42,1,2,3,6,3,9,2,0,0,0,8,6,12,7,20,13,18,11,47,53,Estadio de la Romareda,"Calle de Eduardo Ibarra 6, Zaragoza",2,0,3.35,3.22,2.4,0,0,0,0,0,0,0,0,0,0,0,0,0,3,0,1,1,1,2,1,1497119400,311,0,60,0,11847,-1,1,-1,-1,-1,-1,-1,-1,1,0,1,0,1,1,-1,0,0,0,0,0,0,0,0,0,0,0,0,0,1,1,0,0,-1,-1,0,0,-1,-1,-1,-1,-1,-1,-1,-1,-1,40,73,33,75,Real Zaragoza,CD Tenerife,1.43,1.17,1.5,1.2,1.22,1.54,60,28,0,0,0,42,True,True,True,False,False,False,True,Spain_Segunda_División,2017-06-10 18:30:00
2016-2017,42,2,1,3,6,3,9,0,0,0,0,6,4,5,4,11,8,14,15,54,46,Estadio Nuevo Arcángel,"Avenida del Arcángel, Córdoba",0,0,0.0,0.0,0.0,0,0,0,0,0,0,0,0,0,0,0,0,0,3,0,0,2,1,3,0,1497119400,294,0,43,0,9237,-1,-1,-1,-1,-1,-1,-1,-1,0,0,0,0,0,0,-1,0,0,0,0,0,0,0,1,0,1,0,0,0,1,1,0,0,-1,-1,-1,-1,-1,-1,-1,-1,-1,-1,-1,-1,-1,35,63,20,50,Córdoba,Girona FC,1.71,1.33,1.65,1.4,1.27,1.71,65,38,0,0,0,42,True,True,True,False,False,False,True,Spain_Segunda_División,2017-06-10 18:30:00
2016-2017,42,0,2,2,1,3,4,1,1,0,0,0,7,8,9,8,16,-1,-1,-1,-1,Estadio Manuel Martínez Valero,"Avenida Manuel Martínez Valero 3, Elche",1,1,6.24,4.1,1.61,0,0,0,0,0,0,0,0,0,0,0,0,0,2,0,0,0,2,2,0,1497119400,309,0,50,0,2560,-1,1,-1,-1,-1,-1,-1,-1,1,0,0,1,1,1,-1,0,0,0,0,0,0,0,0,0,0,0,0,0,1,1,0,0,-1,-1,0,0,-1,-1,-1,-1,-1,-1,-1,-1,-1,48,70,35,73,Elche CF,Real Oviedo,1.19,0.81,1.25,0.7,1.05,1.41,53,30,0,0,0,42,True,True,False,False,False,False,False,Spain_Segunda_División,2017-06-10 18:30:00
2016-2017,42,1,0,1,6,1,7,1,0,0,0,14,3,9,3,23,6,7,12,56,44,Estadio Municipal José Zorrilla,"Avenida del Mundial 82, Valladolid",1,0,1.54,4.15,7.39,0,0,0,0,0,0,0,0,0,0,0,0,0,1,0,0,1,0,1,0,1497119400,297,0,53,0,12812,-1,1,-1,-1,-1,-1,-1,-1,1,0,0,0,1,0,-1,0,0,0,0,0,0,0,0,0,0,0,0,0,1,1,0,0,-1,-1,0,0,-1,-1,-1,-1,-1,-1,-1,-1,-1,45,70,33,53,Real Valladolid,Cádiz,1.95,1.18,1.9,1.3,1.46,1.56,55,30,0,0,0,42,True,False,False,False,False,False,False,Spain_Segunda_División,2017-06-10 18:30:00
2016-2017,42,1,0,1,5,2,7,0,1,0,0,5,2,11,2,16,4,-1,-1,-1,-1,Estadio de los Juegos Mediterráneos,"Calle de Belladona, Almería",0,1,1.4,4.69,9.99,0,0,0,0,0,0,0,0,0,0,0,0,0,1,1,0,0,0,0,1,1497119400,296,0,35,0,11121,-1,1,-1,-1,-1,-1,-1,-1,0,0,0,1,0,1,-1,0,0,0,0,0,0,0,0,0,0,0,0,0,1,1,0,0,-1,-1,0,0,-1,-1,-1,-1,-1,-1,-1,-1,-1,35,53,18,48,Almería,CF Reus Deportiu,1.86,1.19,1.8,1.25,1.17,1.34,65,48,0,0,0,42,True,False,False,False,False,False,False,Spain_Segunda_División,2017-06-10 18:30:00
2016-2017,42,3,3,6,5,4,9,0,1,0,0,7,7,4,8,11,15,9,13,54,46,Iberostar Estadi,"Camí dels Reis, Palma de Mallorca",0,1,2.94,3.25,2.65,0,0,0,0,0,0,0,0,0,0,0,0,0,6,1,1,2,2,4,2,1497119400,-1,0,40,0,3618,-1,1,-1,-1,-1,-1,-1,-1,0,1,0,0,1,0,-1,0,0,0,0,0,0,0,0,0,0,0,0,0,1,1,0,1,-1,-1,0,0,-1,-1,-1,-1,-1,-1,-1,-1,-1,35,60,23,60,RCD Mallorca,Getafe CF,1.52,1.0,1.55,1.05,1.07,1.63,65,40,0,0,0,42,True,True,True,True,True,True,True,Spain_Segunda_División,2017-06-10 18:30:00
2016-2017,42,0,2,2,8,3,11,0,1,0,0,6,6,12,5,18,11,6,13,55,45,Nuevo Estadio Los Pajaritos,"Avenida Mariano Vicen 16, Soria",0,1,1.91,3.5,4.63,0,0,0,0,0,0,0,0,0,0,0,0,0,2,0,0,0,2,2,0,1497196800,300,0,48,0,2110,-1,1,-1,-1,-1,-1,-1,-1,0,1,0,0,1,0,-1,0,0,0,0,0,0,0,0,0,0,0,0,0,1,1,0,0,-1,-1,0,0,-1,-1,-1,-1,-1,-1,-1,-1,-1,35,68,30,60,CD Numancia,Mirandés,1.48,0.76,1.55,0.65,1.22,0.93,65,33,0,0,0,42,True,True,False,False,False,False,False,Spain_Segunda_División,2017-06-11 16:00:00
2016-2017,0,2,2,4,5,2,7,5,4,0,0,6,5,2,1,8,6,-1,-1,-1,-1,Estadio El Alcoraz,"Camino del Alto Cocorón, Huesca",5,4,2.61,3.1,3.13,0,0,0,0,0,0,0,0,0,0,0,0,0,4,0,0,2,2,4,0,1497466800,-1,1,47,0,4867,-1,1,-1,-1,-1,-1,-1,-1,1,2,4,2,3,6,-1,0,0,0,0,0,0,0,0,1,0,1,0,0,1,1,0,0,-1,-1,0,0,-1,-1,-1,-1,-1,-1,-1,-1,-1,38,74,24,58,SD Huesca,Getafe CF,1.45,1.63,1.5,1.62,1.5,1.62,62,27,0,0,0,44,True,True,True,True,False,False,True,Spain_Segunda_División,2017-06-14 19:00:00
2016-2017,0,1,0,1,7,7,14,2,5,0,0,4,0,9,4,13,4,18,13,55,45,Estadio Ramón de Carranza,"Plaza de Madrid, Cádiz",2,5,2.4,3.06,3.56,0,0,0,0,0,0,0,0,0,0,0,0,0,1,0,0,1,0,1,0,1497553200,310,1,50,0,16493,-1,1,-1,-1,-1,-1,-1,-1,0,1,2,4,1,6,-1,0,0,0,0,0,0,0,0,0,0,0,0,0,1,1,0,0,-1,-1,0,0,-1,-1,-1,-1,-1,-1,-1,-1,-1,34,62,25,60,Cádiz,CD Tenerife,1.52,1.57,1.52,1.57,1.52,1.57,67,38,0,0,0,44,True,False,False,False,False,False,False,Spain_Segunda_División,2017-06-15 19:00:00
2016-2017,0,3,0,3,5,2,7,5,5,1,0,8,0,3,5,11,5,16,25,48,52,Coliseum Alfonso Pérez,"Avenida de Teresa de Calcuta, Getafe",7,5,1.85,3.52,5.0,0,0,0,0,0,0,0,0,0,0,0,0,0,3,1,0,2,0,2,1,1497726000,293,1,48,0,13013,-1,1,-1,-1,-1,-1,-1,-1,1,1,5,4,2,9,-1,0,0,0,0,0,0,0,0,0,0,0,0,0,1,1,0,0,-1,-1,1,0,-1,-1,-1,-1,-1,-1,-1,-1,-1,40,75,24,56,Getafe CF,SD Huesca,1.63,1.45,1.6,1.49,1.6,1.49,61,26,0,0,0,44,True,True,True,False,False,False,False,Spain_Segunda_División,2017-06-17 19:00:00
2016-2017,0,1,0,1,3,9,12,4,3,0,0,5,10,9,5,14,15,14,20,51,49,Estadio Heliodoro Rodríguez Lopéz,"Avenida de San Sebastián, Tenerife",4,3,1.99,3.28,4.59,0,0,0,0,0,0,0,0,0,0,0,0,0,1,1,0,0,0,0,1,1497812400,311,1,49,0,20761,-1,1,-1,-1,-1,-1,-1,-1,2,1,2,2,3,4,-1,0,0,0,0,0,0,0,0,0,0,0,0,0,1,1,0,0,-1,-1,0,0,-1,-1,-1,-1,-1,-1,-1,-1,-1,33,61,25,58,CD Tenerife,Cádiz,1.57,1.52,1.53,1.56,1.53,1.56,68,40,0,0,0,44,True,False,False,False,False,False,False,Spain_Segunda_División,2017-06-18 19:00:00
2016-2017,0,1,0,1,4,4,8,1,4,0,0,4,0,4,6,8,6,9,16,46,54,Estadio Heliodoro Rodríguez Lopéz,"Avenida de San Sebastián, Tenerife",1,4,1.99,3.28,4.59,0,0,0,0,0,0,0,0,0,0,0,0,0,1,1,0,0,0,0,1,1498071600,311,1,47,0,21450,-1,1,-1,-1,-1,-1,-1,-1,0,1,1,3,1,4,-1,0,0,0,0,0,0,0,0,0,0,0,0,0,1,1,0,0,-1,-1,0,0,-1,-1,-1,-1,-1,-1,-1,-1,-1,32,67,22,66,CD Tenerife,Getafe CF,1.57,1.63,1.57,1.64,1.57,1.64,69,33,0,0,0,46,True,False,False,False,False,False,False,Spain_Segunda_División,2017-06-21 19:00:00
2016-2017,0,3,1,4,4,3,7,2,5,0,0,8,2,5,6,13,8,6,10,49,51,Coliseum Alfonso Pérez,"Avenida de Teresa de Calcuta, Getafe",2,5,0.0,0.0,0.0,0,0,0,0,0,0,0,0,0,0,0,0,0,4,3,1,0,0,0,4,1498330800,293,1,46,0,15380,-1,1,-1,-1,-1,-1,-1,-1,0,1,2,4,1,6,-1,0,0,0,0,0,0,0,0,0,0,0,0,0,1,1,1,0,-1,-1,0,0,-1,-1,-1,-1,-1,-1,-1,-1,-1,32,66,21,67,Getafe CF,CD Tenerife,1.63,1.57,1.6,1.6,1.6,1.6,69,34,0,0,0,46,True,True,True,True,False,False,True,Spain_Segunda_División,2017-06-24 19:00:00
