season,game_week,homeGoalCount,awayGoalCount,totalGoalCount,team_a_corners,team_b_corners,totalCornerCount,team_a_yellow_cards,team_b_yellow_cards,team_a_red_cards,team_b_red_cards,team_a_shotsOnTarget,team_b_shotsOnTarget,team_a_shotsOffTarget,team_b_shotsOffTarget,team_a_shots,team_b_shots,team_a_fouls,team_b_fouls,team_a_possession,team_b_possession,stadium_name,stadium_location,team_a_cards_num,team_b_cards_num,avg_odds_ft_1,avg_odds_ft_x,avg_odds_ft_2,avg_odds_ft_over15,avg_odds_ft_over25,avg_odds_ft_over35,avg_odds_btts_yes,avg_odds_btts_no,avg_odds_corners_over_85,avg_odds_corners_over_95,avg_odds_corners_under_85,avg_odds_corners_under_95,avg_odds_1st_half_over05,avg_odds_1st_half_over15,avg_odds_1st_half_under05,avg_odds_1st_half_under15,overallGoalCount,ht_goals_team_a,ht_goals_team_b,goals_2hg_team_a,goals_2hg_team_b,GoalCount_2hg,HTGoalCount,date_unix,winningTeam,no_home_away,btts_potential,goalTimingDisabled,attendance,corner_timings_recorded,card_timings_recorded,team_a_fh_corners,team_b_fh_corners,team_a_2h_corners,team_b_2h_corners,corner_fh_count,corner_2h_count,team_a_fh_cards,team_b_fh_cards,team_a_2h_cards,team_b_2h_cards,total_fh_cards,total_2h_cards,attacks_recorded,team_a_dangerous_attacks,team_b_dangerous_attacks,team_a_attacks,team_b_attacks,team_a_xg,team_b_xg,total_xg,team_a_penalties_won,team_b_penalties_won,team_a_penalty_goals,team_b_penalty_goals,team_a_penalty_missed,team_b_penalty_missed,pens_recorded,goal_timings_recorded,team_a_0_10_min_goals,team_b_0_10_min_goals,team_a_corners_0_10_min,team_b_corners_0_10_min,team_a_cards_0_10_min,team_b_cards_0_10_min,throwins_recorded,team_a_throwins,team_b_throwins,freekicks_recorded,team_a_freekicks,team_b_freekicks,goalkicks_recorded,team_a_goalkicks,team_b_goalkicks,o25_potential,o15_potential,o15HT_potential,o05HT_potential,home_name,away_name,home_ppg,away_ppg,pre_match_home_ppg,pre_match_away_ppg,pre_match_teamA_overall_ppg,pre_match_teamB_overall_ppg,u25_potential,u15_potential,team_a_xg_prematch,team_b_xg_prematch,total_xg_prematch,matches_completed_minimum,over05,over15,over25,over35,over45,over55,btts,league,date
2016-2017,1,1,1,2,5,3,8,2,3,0,0,4,3,7,2,11,5,11,23,55,45,Estadio La Rosaleda (Málaga),,2,3,1.65,3.86,6.26,0.0,0.0,0.0,0.0,0.0,0.0,0.0,0.0,0.0,0.0,0.0,0.0,0.0,2,0,0,1,1,2,0,1471632300,-1,0,0,0,-1,-1,1,-1,-1,-1,-1,-1,-1,1,1,1,2,2,3,-1,0,0,0,0,0.0,0.0,0.0,0,0,0,0,0,0,1,1,0,0,-1,-1,0,0,-1,-1,-1,-1,-1,-1,-1,-1,-1,0,0,0,0,Málaga CF,CA Osasuna,1.68,0.47,0.0,0.0,0.0,0.0,0,0,0.0,0.0,0.0,38,True,True,False,False,False,False,True,Spain_La_Liga,2016-08-19 18:45:00
2016-2017,1,2,1,3,1,8,9,3,3,0,0,5,7,5,4,10,11,14,16,52,48,Estadio Abanca-Riazor (A Coruña (La Coruña)),,3,3,2.08,3.42,3.97,0.0,0.0,0.0,0.0,0.0,0.0,0.0,0.0,0.0,0.0,0.0,0.0,0.0,3,0,0,2,1,3,0,1471636800,286,0,0,0,-1,-1,1,-1,-1,-1,-1,-1,-1,0,0,3,3,0,6,-1,0,0,0,0,0.0,0.0,0.0,1,0,1,0,0,0,1,1,0,0,-1,-1,0,0,-1,-1,-1,-1,-1,-1,-1,-1,-1,0,0,0,0,Deportivo La Coruña,SD Eibar,1.37,1.11,0.0,0.0,0.0,0.0,0,0,0.0,0.0,0.0,38,True,True,True,False,False,False,True,Spain_La_Liga,2016-08-19 20:00:00
2016-2017,1,6,2,8,10,2,12,1,3,0,0,7,0,8,3,15,3,15,12,70,30,Camp Nou (Barcelona),,1,3,1.12,9.99,9.99,0.0,0.0,0.0,0.0,0.0,0.0,0.0,0.0,0.0,0.0,0.0,0.0,0.0,8,3,1,3,1,4,4,1471709700,83,0,0,0,-1,-1,1,-1,-1,-1,-1,-1,-1,0,1,1,2,1,3,-1,0,0,0,0,0.0,0.0,0.0,0,0,0,0,0,0,1,1,1,0,-1,-1,0,0,-1,-1,-1,-1,-1,-1,-1,-1,-1,0,0,0,0,FC Barcelona,Real Betis,2.53,0.74,0.0,0.0,0.0,0.0,0,0,0.0,0.0,0.0,38,True,True,True,True,True,True,True,Spain_La_Liga,2016-08-20 16:15:00
2016-2017,1,1,1,2,7,3,10,2,3,0,0,2,3,4,4,6,7,13,10,59,41,Estadio Nuevo Los Cármenes (Granada),,2,3,3.07,3.31,2.52,0.0,0.0,0.0,0.0,0.0,0.0,0.0,0.0,0.0,0.0,0.0,0.0,0.0,2,0,0,1,1,2,0,1471716900,-1,0,0,0,-1,-1,1,-1,-1,-1,-1,-1,-1,1,1,1,2,2,3,-1,0,0,0,0,0.0,0.0,0.0,0,0,0,0,0,0,1,1,0,0,-1,-1,0,0,-1,-1,-1,-1,-1,-1,-1,-1,-1,0,0,0,0,Granada CF,Villarreal,0.84,1.58,0.0,0.0,0.0,0.0,0,0,0.0,0.0,0.0,38,True,True,False,False,False,False,True,Spain_La_Liga,2016-08-20 18:15:00
2016-2017,1,6,4,10,8,2,10,2,2,0,0,7,4,1,1,8,5,10,15,68,32,Estadio Ramón Sánchez Pizjuán (Sevilla),,2,2,1.53,4.44,6.85,0.0,0.0,0.0,0.0,0.0,0.0,0.0,0.0,0.0,0.0,0.0,0.0,0.0,10,3,3,3,1,4,6,1471724100,98,0,0,0,-1,-1,1,-1,-1,-1,-1,-1,-1,1,2,1,0,3,1,-1,0,0,0,0,0.0,0.0,0.0,0,0,0,0,0,0,1,1,0,1,-1,-1,0,0,-1,-1,-1,-1,-1,-1,-1,-1,-1,0,0,0,0,Sevilla FC,RCD Espanyol,2.42,1.42,0.0,0.0,0.0,0.0,0,0,0.0,0.0,0.0,38,True,True,True,True,True,True,True,Spain_La_Liga,2016-08-20 20:15:00
2016-2017,1,2,1,3,2,5,7,3,3,0,0,4,4,5,8,9,12,17,14,33,67,Estadio Municipal El Molinón (Gijón),,3,3,0.0,0.0,0.0,0.0,0.0,0.0,0.0,0.0,0.0,0.0,0.0,0.0,0.0,0.0,0.0,0.0,3,0,0,2,1,3,0,1471796100,289,0,0,0,-1,-1,1,-1,-1,-1,-1,-1,-1,2,0,1,3,2,4,-1,0,0,0,0,0.0,0.0,0.0,1,0,0,0,1,0,1,1,0,0,-1,-1,0,0,-1,-1,-1,-1,-1,-1,-1,-1,-1,0,0,0,0,Sporting Gijón,Athletic Club Bilbao,1.0,1.05,0.0,0.0,0.0,0.0,0,0,0.0,0.0,0.0,38,True,True,True,False,False,False,True,Spain_La_Liga,2016-08-21 16:15:00
2016-2017,1,0,3,3,4,7,11,2,3,0,0,3,6,4,5,7,11,21,9,48,52,Reale Arena (Donostia-San Sebastián),,2,3,5.88,4.32,1.6,0.0,0.0,0.0,0.0,0.0,0.0,0.0,0.0,0.0,0.0,0.0,0.0,0.0,3,0,2,0,1,1,2,1471803300,84,0,0,0,-1,-1,1,-1,-1,-1,-1,-1,-1,0,0,2,3,0,5,-1,0,0,0,0,0.0,0.0,0.0,0,0,0,0,0,0,1,1,0,1,-1,-1,0,0,-1,-1,-1,-1,-1,-1,-1,-1,-1,0,0,0,0,Real Sociedad,Real Madrid,1.84,2.47,0.0,0.0,0.0,0.0,0,0,0.0,0.0,0.0,38,True,True,True,False,False,False,False,Spain_La_Liga,2016-08-21 18:15:00
2016-2017,1,1,1,2,20,2,22,0,4,0,0,11,0,9,0,20,0,6,14,63,37,Estadio Vicente Calderón (Madrid),"Paseo Virgen del Puerto 67, Madrid",0,4,1.25,6.3,9.99,0.0,0.0,0.0,0.0,0.0,0.0,0.0,0.0,0.0,0.0,0.0,0.0,0.0,2,0,0,1,1,2,0,1471810500,-1,0,0,0,-1,-1,1,-1,-1,-1,-1,-1,-1,0,0,0,4,0,4,-1,0,0,0,0,0.0,0.0,0.0,1,0,1,0,0,0,1,1,0,0,-1,-1,0,0,-1,-1,-1,-1,-1,-1,-1,-1,-1,0,0,0,0,Atlético Madrid,Deportivo Alavés,2.32,1.37,0.0,0.0,0.0,0.0,0,0,0.0,0.0,0.0,38,True,True,False,False,False,False,True,Spain_La_Liga,2016-08-21 20:15:00
2016-2017,1,0,1,1,8,4,12,4,1,0,1,4,6,4,4,8,10,5,13,61,39,Estadio de Balaídos (Vigo),"Avenida de Balaídos, Vigo",4,3,1.5,4.42,7.68,0.0,0.0,0.0,0.0,0.0,0.0,0.0,0.0,0.0,0.0,0.0,0.0,0.0,1,0,0,0,1,1,0,1471888800,278,0,0,0,16578,-1,1,-1,-1,-1,-1,-1,-1,1,0,3,2,1,5,-1,0,0,0,0,0.0,0.0,0.0,0,0,0,0,0,0,1,1,0,0,-1,-1,0,0,-1,-1,-1,-1,-1,-1,-1,-1,-1,0,0,0,0,Celta de Vigo,Leganés,1.53,0.74,0.0,0.0,0.0,0.0,0,0,0.0,0.0,0.0,38,True,False,False,False,False,False,False,Spain_La_Liga,2016-08-22 18:00:00
2016-2017,1,2,4,6,12,1,13,2,2,0,0,8,0,6,2,14,2,14,18,61,39,Estadio de Mestalla,"Avenida de Suecia, Valencia",2,2,1.63,4.07,6.1,0.0,0.0,0.0,0.0,0.0,0.0,0.0,0.0,0.0,0.0,0.0,0.0,0.0,6,2,3,0,1,1,5,1471896000,276,0,0,0,37144,-1,1,-1,-1,-1,-1,-1,-1,1,1,1,1,2,2,-1,0,0,0,0,0.0,0.0,0.0,0,1,0,1,0,0,1,1,1,0,-1,-1,0,0,-1,-1,-1,-1,-1,-1,-1,-1,-1,0,0,0,0,Valencia CF,UD Las Palmas,1.47,0.32,0.0,0.0,0.0,0.0,0,0,0.0,0.0,0.0,38,True,True,True,True,True,True,True,Spain_La_Liga,2016-08-22 20:00:00
2016-2017,2,0,0,0,13,2,15,0,2,0,0,6,3,8,8,14,11,20,15,54,46,Estadio Benito Villamarín,"Avenida de Heliópolis, Sevilla",0,2,2.46,3.3,3.21,0.0,0.0,0.0,0.0,0.0,0.0,0.0,0.0,0.0,0.0,0.0,0.0,0.0,0,0,0,0,0,0,0,1472237100,-1,0,0,0,33172,-1,1,-1,-1,-1,-1,-1,-1,0,0,0,2,0,2,-1,0,0,0,0,0.0,0.0,0.0,0,0,0,0,0,0,1,1,0,0,-1,-1,0,0,-1,-1,-1,-1,-1,-1,-1,-1,-1,0,0,0,0,Real Betis,Deportivo La Coruña,1.32,0.53,0.0,0.0,0.0,3.0,0,0,0.0,0.0,0.0,38,False,False,False,False,False,False,False,Spain_La_Liga,2016-08-26 18:45:00
2016-2017,2,2,2,4,3,4,7,2,4,0,0,0,3,5,5,5,8,20,20,48,52,RCDE Stadium,"Avenida Baix Llobregat 100, Cornella de Llobregat",2,4,2.51,3.19,3.24,0.0,0.0,0.0,0.0,0.0,0.0,0.0,0.0,0.0,0.0,0.0,0.0,0.0,4,1,0,1,2,3,1,1472241600,-1,0,0,0,17304,-1,1,-1,-1,-1,-1,-1,-1,0,1,2,3,1,5,-1,0,0,0,0,0.0,0.0,0.0,0,0,0,0,0,0,1,1,0,0,-1,-1,0,1,-1,-1,-1,-1,-1,-1,-1,-1,-1,0,0,0,0,RCD Espanyol,Málaga CF,1.53,0.74,0.0,0.0,0.0,1.0,0,0,0.0,0.0,0.0,38,True,True,True,True,False,False,True,Spain_La_Liga,2016-08-26 20:00:00
2016-2017,2,0,2,2,10,1,11,2,1,0,0,3,6,7,1,10,7,15,13,49,51,Estadio El Sadar,"Carretera El Sadar, Iruñea",2,1,2.85,3.17,2.82,0.0,0.0,0.0,0.0,0.0,0.0,0.0,0.0,0.0,0.0,0.0,0.0,0.0,2,0,1,0,1,1,1,1472314500,290,0,0,0,16343,-1,1,-1,-1,-1,-1,-1,-1,2,0,0,1,2,1,-1,0,0,0,0,0.0,0.0,0.0,0,0,0,0,0,0,1,1,0,0,-1,-1,0,0,-1,-1,-1,-1,-1,-1,-1,-1,-1,0,0,0,0,CA Osasuna,Real Sociedad,0.68,1.53,0.0,0.0,1.0,0.0,0,0,0.0,0.0,0.0,38,True,True,False,False,False,False,False,Spain_La_Liga,2016-08-27 16:15:00
2016-2017,2,1,0,1,6,10,16,2,2,0,0,5,8,8,8,13,16,13,9,50,50,Estadio Municipal de Ipurúa,"Calle de Ipurúa, Eibar",2,2,2.8,3.27,2.8,0.0,0.0,0.0,0.0,0.0,0.0,0.0,0.0,0.0,0.0,0.0,0.0,0.0,1,0,0,1,0,1,0,1472314500,279,0,0,0,3576,-1,1,-1,-1,-1,-1,-1,-1,1,1,1,1,2,2,-1,0,0,0,0,0.0,0.0,0.0,1,0,0,0,1,0,1,1,0,0,-1,-1,0,0,-1,-1,-1,-1,-1,-1,-1,-1,-1,0,0,0,0,SD Eibar,Valencia CF,1.74,0.95,0.0,0.0,0.0,0.0,0,0,0.0,0.0,0.0,38,True,False,False,False,False,False,False,Spain_La_Liga,2016-08-27 16:15:00
2016-2017,2,2,1,3,7,2,9,0,2,0,0,7,3,9,4,16,7,6,11,57,43,Estadio Santiago Bernabéu,"Avenida de Concha Espina 1, Chamartín, Madrid",0,2,1.25,7.23,9.99,0.0,0.0,0.0,0.0,0.0,0.0,0.0,0.0,0.0,0.0,0.0,0.0,0.0,3,0,0,2,1,3,0,1472321700,84,0,0,0,61568,-1,1,-1,-1,-1,-1,-1,-1,0,0,0,2,0,2,-1,0,0,0,0,0.0,0.0,0.0,0,0,0,0,0,0,1,1,0,0,-1,-1,0,0,-1,-1,-1,-1,-1,-1,-1,-1,-1,0,0,0,0,Real Madrid,Celta de Vigo,2.42,0.84,0.0,0.0,3.0,0.0,0,0,0.0,0.0,0.0,38,True,True,True,False,False,False,True,Spain_La_Liga,2016-08-27 18:15:00
2016-2017,2,0,0,0,1,8,9,3,1,0,0,4,7,1,9,5,16,19,5,33,67,Estadio Municipal de Butarque,"Calle Arquitectura, Leganés",3,1,6.74,3.73,1.66,0.0,0.0,0.0,0.0,0.0,0.0,0.0,0.0,0.0,0.0,0.0,0.0,0.0,0,0,0,0,0,0,0,1472328900,-1,0,0,0,10958,-1,1,-1,-1,-1,-1,-1,-1,0,1,3,0,1,3,-1,0,0,0,0,0.0,0.0,0.0,0,0,0,0,0,0,1,1,0,0,-1,-1,0,0,-1,-1,-1,-1,-1,-1,-1,-1,-1,0,0,0,0,Leganés,Atlético Madrid,1.11,1.79,0.0,0.0,3.0,1.0,0,0,0.0,0.0,0.0,38,False,False,False,False,False,False,False,Spain_La_Liga,2016-08-27 20:15:00
2016-2017,2,5,1,6,6,4,10,5,1,0,0,8,3,3,7,11,10,11,9,51,49,Estadio de Gran Canaria,"Avenida Pío XII 29, Las Palmas de Gran Canaria",5,1,2.07,3.39,4.13,0.0,0.0,0.0,0.0,0.0,0.0,0.0,0.0,0.0,0.0,0.0,0.0,0.0,6,1,1,4,0,4,2,1472400900,276,0,0,0,18529,1,1,1,3,5,1,4,6,2,0,3,1,2,4,1,0,0,0,0,1.74,1.32,3.06,0,0,0,0,0,0,1,1,0,0,1,1,0,0,-1,-1,-1,-1,-1,-1,-1,-1,-1,0,0,0,0,UD Las Palmas,Granada CF,1.74,0.21,0.0,0.0,3.0,1.0,0,0,0.0,0.0,0.0,38,True,True,True,True,True,True,True,Spain_La_Liga,2016-08-28 16:15:00
2016-2017,2,0,0,0,4,6,10,1,1,0,0,4,2,10,5,14,7,11,12,52,48,Estadio de Mendizorroza,"Paseo de Cervantes, Vitoria-Gasteiz",1,1,0.0,0.0,0.0,0.0,0.0,0.0,0.0,0.0,0.0,0.0,0.0,0.0,0.0,0.0,0.0,0.0,0,0,0,0,0,0,0,1472400900,-1,0,0,0,14030,1,1,1,4,3,2,5,5,1,0,0,1,1,1,1,0,0,0,0,1.57,1.0,2.57,0,0,0,0,0,0,1,1,0,0,0,0,0,0,-1,-1,-1,-1,-1,-1,-1,-1,-1,0,0,0,0,Deportivo Alavés,Sporting Gijón,1.53,0.63,0.0,0.0,1.0,3.0,0,0,0.0,0.0,0.0,38,False,False,False,False,False,False,False,Spain_La_Liga,2016-08-28 16:15:00
2016-2017,2,0,1,1,4,4,8,5,4,0,0,5,4,5,7,10,11,20,14,42,58,San Mamés Barria,"Rafael Moreno Pitxitxi Kalea, Bilbao",5,4,7.18,5.1,1.46,0.0,0.0,0.0,0.0,0.0,0.0,0.0,0.0,0.0,0.0,0.0,0.0,0.0,1,0,1,0,0,0,1,1472408100,83,0,0,0,46724,1,1,2,0,2,4,2,6,1,3,4,1,4,5,1,0,0,0,0,1.44,1.43,2.88,0,0,0,0,0,0,1,1,0,0,1,0,0,1,-1,-1,-1,-1,-1,-1,-1,-1,-1,0,0,0,0,Athletic Club Bilbao,FC Barcelona,2.26,2.21,0.0,0.0,0.0,3.0,0,0,0.0,0.0,0.0,38,True,False,False,False,False,False,False,Spain_La_Liga,2016-08-28 18:15:00
2016-2017,2,0,0,0,5,1,6,1,3,0,0,6,0,6,7,12,7,15,13,-1,-1,Estadio de la Cerámica,"Plaza Labrador, Villarreal",1,3,2.5,3.5,2.99,0.0,0.0,0.0,0.0,0.0,0.0,0.0,0.0,0.0,0.0,0.0,0.0,0.0,0,0,0,0,0,0,0,1472415300,-1,0,0,0,17530,1,1,4,0,1,1,4,2,0,1,1,2,1,3,1,0,0,0,0,1.6,0.87,2.48,0,0,0,0,0,0,1,1,0,0,2,0,0,0,-1,-1,-1,-1,-1,-1,-1,-1,-1,0,0,0,0,Villarreal,Sevilla FC,1.95,1.37,0.0,0.0,1.0,3.0,0,0,0.0,0.0,0.0,38,False,False,False,False,False,False,False,Spain_La_Liga,2016-08-28 20:15:00
2016-2017,3,1,1,2,11,1,12,2,3,0,1,4,2,6,2,10,4,8,9,68,32,Estadio Municipal de Anoeta,"Paseo de Anoeta 1, Donostia-San Sebastián",2,4,1.9,3.55,4.7,0.0,0.0,0.0,0.0,0.0,0.0,0.0,0.0,0.0,0.0,0.0,0.0,0.0,2,0,0,1,1,2,0,1473446700,-1,0,50,0,19595,1,1,6,0,5,1,6,6,1,1,1,3,2,4,1,0,0,0,0,1.77,0.69,2.45,0,0,0,0,0,0,1,1,0,0,1,0,0,0,-1,-1,-1,-1,-1,-1,-1,-1,-1,100,100,100,100,Real Sociedad,RCD Espanyol,1.84,1.42,0.0,0.0,1.5,0.5,0,0,0.0,0.0,0.0,38,True,True,False,False,False,False,True,Spain_La_Liga,2016-09-09 18:45:00
2016-2017,3,0,4,4,6,4,10,1,2,0,0,2,8,8,8,10,16,13,12,55,45,Estadio de Balaídos (Vigo),"Avenida de Balaídos, Vigo",1,2,4.31,3.3,2.06,0.0,0.0,0.0,0.0,0.0,0.0,0.0,0.0,0.0,0.0,0.0,0.0,0.0,4,0,0,0,4,4,0,1473505200,117,0,0,0,18100,1,1,3,3,3,1,6,4,1,1,0,1,2,1,1,0,0,0,0,1.17,2.06,3.23,0,0,0,0,0,0,1,1,0,0,1,1,0,0,-1,-1,-1,-1,-1,-1,-1,-1,-1,0,0,0,0,Celta de Vigo,Atlético Madrid,1.53,1.79,0.0,1.0,0.0,1.0,100,100,0.0,0.0,0.0,38,True,True,True,True,False,False,False,Spain_La_Liga,2016-09-10 11:00:00
2016-2017,3,5,2,7,6,7,13,2,3,0,1,10,3,13,4,23,7,13,13,55,45,Estadio Santiago Bernabéu,"Avenida de Concha Espina 1, Chamartín, Madrid",2,4,1.07,9.99,9.99,0.0,0.0,0.0,0.0,0.0,0.0,0.0,0.0,0.0,0.0,0.0,0.0,0.0,7,3,0,2,2,4,3,1473516000,84,0,100,0,64275,1,1,3,3,3,4,6,7,0,2,2,2,2,4,1,0,0,0,0,2.59,1.08,3.67,0,1,0,0,0,1,1,1,1,0,0,1,0,0,-1,-1,-1,-1,-1,-1,-1,-1,-1,50,100,0,0,Real Madrid,CA Osasuna,2.42,0.47,3.0,1.0,3.0,0.5,50,0,0.0,0.0,0.0,38,True,True,True,True,True,True,True,Spain_La_Liga,2016-09-10 14:00:00
2016-2017,3,0,2,2,9,7,16,2,1,0,0,3,6,11,5,14,11,7,14,51,49,Estadio La Rosaleda,"Avenida de la Palmilla / Paseo de Martiricos, Málaga",2,1,2.37,3.25,3.44,0.0,0.0,0.0,0.0,0.0,0.0,0.0,0.0,0.0,0.0,0.0,0.0,0.0,2,0,2,0,0,0,2,1473524100,76,0,100,0,21867,1,1,2,5,7,2,7,9,1,0,1,1,1,2,1,0,0,0,0,1.77,1.59,3.36,0,1,0,0,0,1,1,1,0,0,1,0,0,0,-1,-1,-1,-1,-1,-1,-1,-1,-1,0,100,0,0,Málaga CF,Villarreal,1.68,1.58,1.0,1.0,1.0,1.0,100,0,0.0,0.0,0.0,38,True,True,False,False,False,False,False,Spain_La_Liga,2016-09-10 16:15:00
2016-2017,3,2,1,3,10,1,11,2,5,0,1,6,5,6,2,12,7,15,12,66,34,Estadio Ramón Sánchez Pizjuán,"Avenida de Eduardo Dato, Sevilla",2,6,1.69,4.37,5.03,0.0,0.0,0.0,0.0,0.0,0.0,0.0,0.0,0.0,0.0,0.0,0.0,0.0,3,0,1,2,0,2,1,1473524100,98,0,100,0,34112,1,1,2,1,8,0,3,8,1,1,1,5,2,6,1,0,0,0,0,1.8,1.09,2.89,1,0,1,0,0,0,1,1,0,0,1,1,1,0,-1,-1,-1,-1,-1,-1,-1,-1,-1,100,100,100,100,Sevilla FC,UD Las Palmas,2.42,0.32,3.0,3.0,2.0,3.0,0,0,0.0,0.0,0.0,38,True,True,True,False,False,False,True,Spain_La_Liga,2016-09-10 16:15:00
2016-2017,3,1,2,3,13,0,13,1,1,0,0,4,5,14,0,18,5,15,12,73,27,Camp Nou,"Carrer d'Arístides Maillol, Barcelona",1,1,1.08,9.99,9.99,0.0,0.0,0.0,0.0,0.0,0.0,0.0,0.0,0.0,0.0,0.0,0.0,0.0,3,0,1,1,1,2,1,1473532200,277,0,100,0,72303,1,1,4,0,9,0,4,9,0,0,1,1,0,2,1,0,0,0,0,2.27,0.98,3.25,0,0,0,0,0,0,1,1,0,0,0,0,0,0,-1,-1,-1,-1,-1,-1,-1,-1,-1,50,100,50,50,FC Barcelona,Deportivo Alavés,2.53,1.37,3.0,1.0,3.0,1.0,50,0,0.0,0.0,0.0,38,True,True,True,False,False,False,True,Spain_La_Liga,2016-09-10 18:30:00
2016-2017,3,2,1,3,3,5,8,0,2,0,0,5,4,4,8,9,12,12,14,51,49,Estadio Municipal El Molinón,"Parque de Isabel la Católica, Gijón",0,2,2.32,3.22,3.58,0.0,0.0,0.0,0.0,0.0,0.0,0.0,0.0,0.0,0.0,0.0,0.0,0.0,3,2,0,0,1,1,2,1473588000,289,0,50,0,22364,1,1,1,2,2,3,3,5,0,0,0,2,0,2,1,0,0,0,0,1.19,1.4,2.59,1,0,1,0,0,0,1,1,0,0,1,0,0,0,-1,-1,-1,-1,-1,-1,-1,-1,-1,50,50,0,0,Sporting Gijón,Leganés,1.0,0.74,3.0,3.0,2.0,2.0,50,50,0.0,0.0,0.0,38,True,True,True,False,False,False,True,Spain_La_Liga,2016-09-11 10:00:00
2016-2017,3,2,3,5,5,5,10,2,4,1,0,11,7,12,7,23,14,15,20,53,47,Estadio de Mestalla,"Avenida de Suecia, Valencia",4,4,1.77,3.9,5.06,0.0,0.0,0.0,0.0,0.0,0.0,0.0,0.0,0.0,0.0,0.0,0.0,0.0,5,0,1,2,2,4,1,1473602400,284,0,100,0,36854,1,1,3,2,2,3,5,5,1,0,2,4,1,6,1,0,0,0,0,2.75,1.86,4.61,0,0,0,0,0,0,1,1,0,0,1,0,0,0,-1,-1,-1,-1,-1,-1,-1,-1,-1,100,100,100,100,Valencia CF,Real Betis,1.47,0.74,0.0,0.0,0.0,0.5,0,0,0.0,0.0,0.0,38,True,True,True,True,True,False,True,Spain_La_Liga,2016-09-11 14:00:00
2016-2017,3,1,2,3,6,7,13,2,0,0,1,6,8,10,1,16,9,7,8,63,37,Estadio Nuevo Los Cármenes,"Calle Pintor Manuel Maldonado, Granada",2,2,2.3,3.38,3.44,0.0,0.0,0.0,0.0,0.0,0.0,0.0,0.0,0.0,0.0,0.0,0.0,0.0,3,0,1,1,1,2,1,1473610500,279,0,100,0,15916,1,1,0,3,6,4,3,10,0,1,2,0,1,2,1,0,0,0,0,2.01,1.59,3.6,0,0,0,0,0,0,1,1,0,0,0,1,0,0,-1,-1,-1,-1,-1,-1,-1,-1,-1,50,100,0,0,Granada CF,SD Eibar,0.84,1.11,1.0,0.0,0.5,1.5,50,0,0.0,0.0,0.0,38,True,True,True,False,False,False,True,Spain_La_Liga,2016-09-11 16:15:00
2016-2017,3,0,1,1,7,6,13,2,3,0,0,4,4,11,4,15,8,14,15,58,42,Estadio Municipal de Riazor (A Coruña (La Coruña)),"Calle Manuel Murguía, A Coruña (La Coruña)",2,3,3.31,3.28,2.42,0.0,0.0,0.0,0.0,0.0,0.0,0.0,0.0,0.0,0.0,0.0,0.0,0.0,1,0,1,0,0,0,1,1473618600,285,0,100,0,22317,1,1,4,4,3,2,8,5,0,1,2,2,1,4,1,0,0,0,0,1.89,1.31,3.2,0,0,0,0,0,0,1,1,0,0,0,0,0,0,-1,-1,-1,-1,-1,-1,-1,-1,-1,100,100,0,0,Deportivo La Coruña,Athletic Club Bilbao,1.37,1.05,3.0,0.0,2.0,0.0,0,0,0.0,0.0,0.0,38,True,False,False,False,False,False,False,Spain_La_Liga,2016-09-11 18:30:00
2016-2017,4,2,2,4,7,3,10,5,4,1,1,10,6,12,6,22,12,11,17,66,34,Estadio Benito Villamarín,"Avenida de Heliópolis, Sevilla",6,5,2.11,3.47,3.72,0.0,0.0,0.0,0.0,0.0,0.0,0.0,0.0,0.0,0.0,0.0,0.0,0.0,4,1,2,1,0,1,3,1474051500,-1,0,50,0,34236,1,1,2,2,5,1,4,6,0,0,6,5,0,11,1,0,0,0,0,2.68,1.49,4.16,0,1,0,0,0,1,1,1,0,0,1,2,0,0,-1,-1,-1,-1,-1,-1,-1,-1,-1,50,50,50,50,Real Betis,Granada CF,1.32,0.21,1.0,0.0,1.33,0.33,50,50,0.0,1.32,1.32,38,True,True,True,True,False,False,True,Spain_La_Liga,2016-09-16 18:45:00
2016-2017,4,1,5,6,2,5,7,4,2,0,0,8,8,8,3,16,11,26,7,37,63,Estadio Municipal de Butarque,"Calle Arquitectura, Leganés",4,2,9.99,8.05,1.17,0.0,0.0,0.0,0.0,0.0,0.0,0.0,0.0,0.0,0.0,0.0,0.0,0.0,6,0,3,1,2,3,3,1474110000,83,0,0,0,10422,1,1,1,2,1,3,3,4,2,1,2,1,3,3,1,0,0,0,0,2.02,1.66,3.68,0,1,0,1,0,0,1,1,0,0,0,0,0,0,-1,-1,-1,-1,-1,-1,-1,-1,-1,0,0,0,50,Leganés,FC Barcelona,1.11,2.21,1.0,3.0,1.33,2.0,100,100,0.0,1.43,1.43,38,True,True,True,True,True,True,True,Spain_La_Liga,2016-09-17 11:00:00
2016-2017,4,5,0,5,1,4,5,0,2,0,0,9,3,10,6,19,9,12,8,48,52,Estadio Vicente Calderón (Madrid),"Paseo Virgen del Puerto 67, Madrid",0,2,0.0,0.0,0.0,0.0,0.0,0.0,0.0,0.0,0.0,0.0,0.0,0.0,0.0,0.0,0.0,0.0,5,3,0,2,0,2,3,1474121700,117,0,50,0,45700,1,1,1,1,0,3,2,3,0,1,0,1,1,1,1,0,0,0,0,2.29,1.22,3.5,1,0,1,0,0,0,1,1,2,0,0,0,0,0,-1,-1,-1,-1,-1,-1,-1,-1,-1,0,50,0,0,Atlético Madrid,Sporting Gijón,2.32,0.63,1.0,1.0,1.67,2.33,100,50,0.0,1.0,1.0,38,True,True,True,True,True,False,False,Spain_La_Liga,2016-09-17 14:15:00
2016-2017,4,1,1,2,4,2,6,1,1,2,0,3,4,6,4,9,8,19,10,51,49,Estadio Municipal de Ipurúa,"Calle de Ipurúa, Eibar",5,1,3.18,3.57,2.32,0.0,0.0,0.0,0.0,0.0,0.0,0.0,0.0,0.0,0.0,0.0,0.0,0.0,2,0,1,1,0,1,1,1474129800,-1,0,0,0,4270,1,1,3,0,1,2,3,3,2,0,1,1,2,2,1,0,0,0,0,1.24,1.17,2.41,0,0,0,0,0,0,1,1,0,0,1,0,0,0,-1,-1,-1,-1,-1,-1,-1,-1,-1,0,0,0,0,SD Eibar,Sevilla FC,1.74,1.37,3.0,1.0,2.0,2.33,100,100,0.0,0.87,0.87,38,True,True,False,False,False,False,True,Spain_La_Liga,2016-09-17 16:30:00
2016-2017,4,1,0,1,2,2,4,3,1,0,0,4,5,7,8,11,13,11,16,60,40,Estadio de Gran Canaria,"Avenida Pío XII 29, Las Palmas de Gran Canaria",3,1,2.28,3.4,3.42,0.0,0.0,0.0,0.0,0.0,0.0,0.0,0.0,0.0,0.0,0.0,0.0,0.0,1,1,0,0,0,0,1,1474137900,276,0,100,0,18904,1,1,0,1,2,1,1,3,0,1,3,0,1,3,1,0,0,0,0,1.37,1.66,3.03,1,0,1,0,0,0,1,1,1,0,0,0,0,1,-1,-1,-1,-1,-1,-1,-1,-1,-1,100,100,50,100,UD Las Palmas,Málaga CF,1.74,0.74,3.0,1.0,2.0,0.67,0,0,1.74,0.0,1.74,38,True,False,False,False,False,False,False,Spain_La_Liga,2016-09-17 18:45:00
2016-2017,4,0,0,0,3,5,8,4,1,0,0,3,6,5,8,8,14,18,15,46,54,Estadio El Sadar,"Carretera El Sadar, Iruñea",4,1,3.26,3.27,2.42,0.0,0.0,0.0,0.0,0.0,0.0,0.0,0.0,0.0,0.0,0.0,0.0,0.0,0,0,0,0,0,0,0,1474192800,-1,0,50,0,14854,1,1,1,3,2,2,4,4,3,1,1,0,4,1,1,0,0,0,0,1.12,1.82,2.95,0,0,0,0,0,0,1,1,0,0,0,0,0,0,-1,-1,-1,-1,-1,-1,-1,-1,-1,50,100,0,50,CA Osasuna,Celta de Vigo,0.68,0.84,0.0,0.0,0.33,0.0,50,0,0.0,0.0,0.0,38,False,False,False,False,False,False,False,Spain_La_Liga,2016-09-18 10:00:00
2016-2017,4,2,1,3,7,1,8,4,4,0,0,6,3,7,8,13,11,11,16,57,43,San Mamés Barria,"Rafael Moreno Pitxitxi Kalea, Bilbao",4,4,2.0,3.57,4.07,0.0,0.0,0.0,0.0,0.0,0.0,0.0,0.0,0.0,0.0,0.0,0.0,0.0,3,2,1,0,0,0,3,1474208100,285,0,0,0,40907,1,1,3,0,4,1,3,5,2,1,2,3,3,5,1,0,0,0,0,1.78,1.3,3.08,0,0,0,0,0,0,1,1,0,1,0,0,0,0,-1,-1,-1,-1,-1,-1,-1,-1,-1,0,0,0,50,Athletic Club Bilbao,Valencia CF,2.26,0.95,0.0,0.0,1.0,0.0,100,100,1.44,0.0,1.44,38,True,True,True,False,False,False,True,Spain_La_Liga,2016-09-18 14:15:00
2016-2017,4,2,1,3,3,6,9,2,4,0,1,5,3,4,13,9,16,1,7,-1,-1,Estadio de la Cerámica,"Plaza Labrador, Villarreal",2,5,1.96,3.51,4.34,0.0,0.0,0.0,0.0,0.0,0.0,0.0,0.0,0.0,0.0,0.0,0.0,0.0,3,2,1,0,0,0,3,1474216200,76,0,0,0,18692,1,1,0,5,3,1,5,4,1,3,1,2,4,3,1,0,0,0,0,1.26,1.7,2.96,1,0,0,0,1,0,1,1,0,0,0,2,0,0,-1,-1,-1,-1,-1,-1,-1,-1,-1,0,50,0,50,Villarreal,Real Sociedad,1.95,1.53,1.0,3.0,1.67,1.33,100,50,1.6,0.0,1.6,38,True,True,True,False,False,False,True,Spain_La_Liga,2016-09-18 16:30:00
2016-2017,4,0,2,2,4,5,9,4,2,0,0,4,8,7,6,11,14,19,9,-1,-1,RCDE Stadium,"Avenida Baix Llobregat 100, Cornella de Llobregat",4,2,9.99,5.74,1.33,0.0,0.0,0.0,0.0,0.0,0.0,0.0,0.0,0.0,0.0,0.0,0.0,0.0,2,0,1,0,1,1,1,1474224300,84,0,50,0,30153,1,1,3,3,1,2,6,3,2,1,2,1,3,3,1,0,0,0,0,1.36,1.93,3.29,0,0,0,0,0,0,1,1,0,0,0,2,0,1,-1,-1,-1,-1,-1,-1,-1,-1,-1,100,100,50,100,RCD Espanyol,Real Madrid,1.53,2.47,1.0,3.0,0.67,3.0,0,0,0.0,0.0,0.0,38,True,True,False,False,False,False,False,Spain_La_Liga,2016-09-18 18:45:00
2016-2017,4,0,0,0,4,5,9,3,4,0,0,2,3,7,14,9,17,17,8,53,47,Estadio de Mendizorroza,"Paseo de Cervantes, Vitoria-Gasteiz",3,4,2.5,3.26,3.14,0.0,0.0,0.0,0.0,0.0,0.0,0.0,0.0,0.0,0.0,0.0,0.0,0.0,0,0,0,0,0,0,0,1474310700,-1,0,0,0,14637,1,1,0,3,4,2,3,6,1,1,2,3,2,5,1,0,0,0,0,1.2,1.74,2.94,0,0,0,0,0,0,1,1,0,0,0,1,1,0,-1,-1,-1,-1,-1,-1,-1,-1,-1,0,0,0,0,Deportivo Alavés,Deportivo La Coruña,1.53,0.53,1.0,1.0,1.67,1.33,100,100,1.57,0.0,1.57,38,False,False,False,False,False,False,False,Spain_La_Liga,2016-09-19 18:45:00
2016-2017,5,2,1,3,7,5,12,2,4,0,0,5,2,5,7,10,9,6,13,51,49,Estadio La Rosaleda,"Avenida de la Palmilla / Paseo de Martiricos, Málaga",2,4,1.83,3.56,4.91,0.0,0.0,0.0,0.0,0.0,0.0,0.0,0.0,0.0,0.0,0.0,0.0,0.0,3,1,1,1,0,1,2,1474394400,283,0,75,0,19670,1,1,2,3,5,2,5,7,0,2,2,2,2,4,1,0,0,0,0,1.67,1.16,2.83,0,0,0,0,0,0,1,1,0,0,0,0,0,0,-1,-1,-1,-1,-1,-1,-1,-1,-1,50,100,25,50,Málaga CF,SD Eibar,1.68,1.11,0.5,1.5,0.5,1.75,50,0,1.77,1.59,3.36,38,True,True,True,False,False,False,True,Spain_La_Liga,2016-09-20 18:00:00
2016-2017,5,1,0,1,6,2,8,5,4,0,0,4,3,8,3,12,6,24,16,57,43,Estadio Ramón Sánchez Pizjuán,"Avenida de Eduardo Dato, Sevilla",5,4,1.51,4.62,6.55,0.0,0.0,0.0,0.0,0.0,0.0,0.0,0.0,0.0,0.0,0.0,0.0,0.0,1,0,0,1,0,1,0,1474401600,98,0,100,0,39870,1,1,2,1,4,1,3,5,2,3,3,1,5,4,1,0,0,0,0,1.49,0.94,2.43,0,0,0,0,0,0,1,1,0,0,0,0,0,1,-1,-1,-1,-1,-1,-1,-1,-1,-1,100,100,50,100,Sevilla FC,Real Betis,2.42,0.74,3.0,1.5,2.0,1.25,0,0,1.8,1.86,3.66,38,True,False,False,False,False,False,False,Spain_La_Liga,2016-09-20 20:00:00
2016-2017,5,1,1,2,17,3,20,4,1,0,0,8,4,8,2,16,6,8,7,62,38,Estadio Santiago Bernabéu,"Avenida de Concha Espina 1, Chamartín, Madrid",4,1,1.21,7.26,9.99,0.0,0.0,0.0,0.0,0.0,0.0,0.0,0.0,0.0,0.0,0.0,0.0,0.0,2,0,1,1,0,1,1,1474480800,-1,0,75,0,64582,1,1,8,2,9,1,10,10,1,0,3,1,1,4,1,0,0,0,0,2.43,0.95,3.38,0,1,0,1,0,0,1,1,0,0,4,0,0,0,-1,-1,-1,-1,-1,-1,-1,-1,-1,50,100,50,50,Real Madrid,Villarreal,2.42,1.58,3.0,2.0,3.0,2.0,50,0,2.59,1.59,4.18,38,True,True,False,False,False,False,True,Spain_La_Liga,2016-09-21 18:00:00
2016-2017,5,2,1,3,8,0,8,2,3,0,0,5,2,11,3,16,5,15,7,66,34,Estadio de Balaídos (Vigo),"Avenida de Balaídos, Vigo",2,3,1.73,3.79,5.3,0.0,0.0,0.0,0.0,0.0,0.0,0.0,0.0,0.0,0.0,0.0,0.0,0.0,3,0,0,2,1,3,0,1474480800,281,0,0,0,14999,1,1,5,0,3,0,5,3,0,1,2,2,1,4,1,0,0,0,0,2.03,0.73,2.75,1,1,1,1,0,0,1,1,0,0,1,0,0,0,-1,-1,-1,-1,-1,-1,-1,-1,-1,50,50,25,25,Celta de Vigo,Sporting Gijón,1.53,0.63,0.0,0.5,0.25,1.75,50,50,1.17,1.11,2.28,38,True,True,True,False,False,False,True,Spain_La_Liga,2016-09-21 18:00:00
2016-2017,5,4,1,5,7,4,11,1,2,0,1,7,5,12,3,19,8,4,4,58,42,Estadio Municipal de Anoeta,"Paseo de Anoeta 1, Donostia-San Sebastián",1,4,2.04,3.59,3.82,0.0,0.0,0.0,0.0,0.0,0.0,0.0,0.0,0.0,0.0,0.0,0.0,0.0,5,3,0,1,1,2,3,1474488000,290,0,75,0,10927,1,1,5,3,2,1,8,3,0,1,1,2,1,3,1,0,0,0,0,2.32,1.15,3.47,2,0,2,0,0,0,1,1,1,0,1,0,0,0,-1,-1,-1,-1,-1,-1,-1,-1,-1,75,100,50,75,Real Sociedad,UD Las Palmas,1.84,0.32,0.5,1.5,1.0,2.25,25,0,1.77,1.09,2.86,38,True,True,True,True,True,False,True,Spain_La_Liga,2016-09-21 20:00:00
2016-2017,5,1,2,3,6,3,9,1,0,0,0,5,5,2,3,7,8,8,9,53,47,Estadio Nuevo Los Cármenes,"Calle Pintor Manuel Maldonado, Granada",1,0,4.12,3.51,1.99,0.0,0.0,0.0,0.0,0.0,0.0,0.0,0.0,0.0,0.0,0.0,0.0,0.0,3,1,1,0,1,1,2,1474488000,285,0,75,0,14662,1,1,3,0,3,3,3,6,1,0,0,0,1,0,1,0,0,0,0,1.3,1.38,2.68,0,0,0,0,0,0,1,1,0,0,1,0,0,0,-1,-1,-1,-1,-1,-1,-1,-1,-1,50,75,0,50,Granada CF,Athletic Club Bilbao,0.84,1.05,0.5,1.5,0.5,1.5,50,25,2.01,1.31,3.32,38,True,True,True,False,False,False,True,Spain_La_Liga,2016-09-21 20:00:00
2016-2017,5,1,1,2,8,2,10,2,4,0,0,7,5,12,5,19,10,13,16,71,29,Camp Nou,"Carrer d'Arístides Maillol, Barcelona",2,4,1.58,4.23,6.19,0.0,0.0,0.0,0.0,0.0,0.0,0.0,0.0,0.0,0.0,0.0,0.0,0.0,2,1,0,0,1,1,1,1474488000,-1,0,50,0,87315,1,1,4,0,4,2,4,6,0,0,2,4,0,6,1,0,0,0,0,2.29,1.19,3.48,0,0,0,0,0,0,1,1,0,0,0,0,0,0,-1,-1,-1,-1,-1,-1,-1,-1,-1,75,75,25,50,FC Barcelona,Atlético Madrid,2.53,1.79,1.5,2.0,2.25,2.0,25,25,2.27,2.06,4.33,38,True,True,False,False,False,False,True,Spain_La_Liga,2016-09-21 20:00:00
2016-2017,5,1,2,3,7,1,8,2,1,0,0,13,3,6,7,19,10,16,16,51,49,Estadio El Sadar,"Carretera El Sadar, Iruñea",2,1,2.58,3.29,2.95,0.0,0.0,0.0,0.0,0.0,0.0,0.0,0.0,0.0,0.0,0.0,0.0,0.0,3,0,1,1,1,2,1,1474567200,280,0,50,0,14597,1,1,3,1,4,0,4,4,1,0,1,1,1,2,1,0,0,0,0,2.66,1.12,3.78,0,0,0,0,0,0,1,1,0,0,1,0,0,0,-1,-1,-1,-1,-1,-1,-1,-1,-1,25,75,25,50,CA Osasuna,RCD Espanyol,0.68,1.42,0.5,0.5,0.5,0.5,75,25,1.12,0.69,1.81,38,True,True,True,False,False,False,True,Spain_La_Liga,2016-09-22 18:00:00
2016-2017,5,1,2,3,7,1,8,0,3,0,0,7,3,6,6,13,9,19,18,59,41,Estadio Municipal de Riazor (A Coruña (La Coruña)),"Calle Manuel Murguía, A Coruña (La Coruña)",0,3,2.1,3.34,3.92,0.0,0.0,0.0,0.0,0.0,0.0,0.0,0.0,0.0,0.0,0.0,0.0,0.0,3,1,0,0,2,2,1,1474567200,278,0,50,0,18466,1,1,4,0,3,1,4,4,0,1,0,2,1,2,1,0,0,0,0,2.03,1.24,3.27,0,0,0,0,0,0,1,1,0,0,0,0,0,0,-1,-1,-1,-1,-1,-1,-1,-1,-1,50,50,25,50,Deportivo La Coruña,Leganés,1.37,0.74,1.5,1.5,1.25,1.0,50,50,1.89,1.4,3.29,38,True,True,True,False,False,False,True,Spain_La_Liga,2016-09-22 18:00:00
2016-2017,5,2,1,3,6,4,10,2,4,0,0,5,2,8,7,13,9,14,12,51,49,Estadio de Mestalla,"Avenida de Suecia, Valencia",2,4,1.58,4.13,6.42,0.0,0.0,0.0,0.0,0.0,0.0,0.0,0.0,0.0,0.0,0.0,0.0,0.0,3,1,1,1,0,1,2,1474574400,288,0,100,0,32347,1,1,2,4,4,0,6,4,0,0,2,4,0,6,1,0,0,0,0,1.7,1.06,2.77,1,0,1,0,0,0,1,1,0,0,1,0,0,0,-1,-1,-1,-1,-1,-1,-1,-1,-1,75,100,25,75,Valencia CF,Deportivo Alavés,1.47,1.37,0.0,2.0,0.0,1.5,25,0,2.75,0.98,3.73,38,True,True,True,False,False,False,True,Spain_La_Liga,2016-09-22 20:00:00
2016-2017,6,1,0,1,6,5,11,4,6,0,0,6,8,5,8,11,16,21,15,53,47,Estadio Benito Villamarín,"Avenida de Heliópolis, Sevilla",4,6,2.41,3.21,3.28,0.0,0.0,0.0,0.0,0.0,0.0,0.0,0.0,0.0,0.0,0.0,0.0,0.0,1,1,0,0,0,0,1,1474656300,284,0,50,0,33322,1,1,4,1,2,4,5,6,0,3,4,3,3,7,1,0,0,0,0,1.58,2.09,3.67,0,0,0,0,0,0,1,1,0,0,1,0,0,0,-1,-1,-1,-1,-1,-1,-1,-1,-1,50,50,25,75,Real Betis,Málaga CF,1.32,0.74,1.0,0.5,1.0,1.0,50,50,2.68,1.66,4.34,38,True,False,False,False,False,False,False,Spain_La_Liga,2016-09-23 18:45:00
2016-2017,6,2,0,2,5,3,8,4,2,0,1,6,0,13,4,19,4,15,13,56,44,Estadio Municipal de Ipurúa,"Calle de Ipurúa, Eibar",4,4,2.57,3.32,2.94,0.0,0.0,0.0,0.0,0.0,0.0,0.0,0.0,0.0,0.0,0.0,0.0,0.0,2,0,0,2,0,2,0,1474714800,279,0,50,0,4829,1,1,1,1,4,2,2,6,1,3,3,0,4,3,1,0,0,0,0,2.18,0.7,2.88,1,0,0,0,1,0,1,1,0,0,1,0,0,0,-1,-1,-1,-1,-1,-1,-1,-1,-1,25,75,25,75,SD Eibar,Real Sociedad,1.74,1.53,2.0,1.5,1.4,1.4,75,25,1.24,1.7,2.94,38,True,True,False,False,False,False,False,Spain_La_Liga,2016-09-24 11:00:00
2016-2017,6,0,5,5,4,3,7,2,0,1,0,4,7,6,7,10,14,15,10,44,56,Estadio Municipal El Molinón,"Parque de Isabel la Católica, Gijón",3,0,9.99,7.44,1.21,0.0,0.0,0.0,0.0,0.0,0.0,0.0,0.0,0.0,0.0,0.0,0.0,0.0,5,0,2,0,3,3,2,1474726500,83,0,75,0,25899,1,1,1,3,3,0,4,3,1,0,2,0,1,2,1,0,0,0,0,1.26,1.85,3.11,0,0,0,0,0,0,1,1,0,0,0,0,1,0,-1,-1,-1,-1,-1,-1,-1,-1,-1,75,75,50,75,Sporting Gijón,FC Barcelona,1.0,2.21,3.0,3.0,1.4,2.0,25,25,1.19,1.55,2.74,38,True,True,True,True,True,False,False,Spain_La_Liga,2016-09-24 14:15:00
2016-2017,6,3,1,4,4,5,9,2,2,0,1,0,0,0,0,0,0,10,6,-1,-1,San Mamés Barria,"Rafael Moreno Pitxitxi Kalea, Bilbao",2,4,2.11,3.56,3.63,0.0,0.0,0.0,0.0,0.0,0.0,0.0,0.0,0.0,0.0,0.0,0.0,0.0,4,1,0,2,1,3,1,1474734600,285,0,50,0,42650,-1,1,-1,-1,-1,-1,-1,-1,1,0,1,3,1,4,-1,0,0,0,0,0.0,0.0,0.0,1,0,1,0,0,0,1,1,0,0,-1,-1,0,0,-1,-1,-1,-1,-1,-1,-1,-1,-1,25,50,25,75,Athletic Club Bilbao,Sevilla FC,2.26,1.37,1.5,1.0,1.8,2.2,75,50,1.61,1.02,2.63,38,True,True,True,True,False,False,True,Spain_La_Liga,2016-09-24 16:30:00
2016-2017,6,2,2,4,0,5,5,3,2,0,0,6,14,2,10,8,24,8,18,46,54,Estadio de Gran Canaria,"Avenida Pío XII 29, Las Palmas de Gran Canaria",3,2,8.28,5.41,1.38,0.0,0.0,0.0,0.0,0.0,0.0,0.0,0.0,0.0,0.0,0.0,0.0,0.0,4,1,1,1,1,2,2,1474742700,-1,0,25,0,22364,1,1,0,2,0,3,2,3,1,0,2,2,1,4,1,0,0,0,0,1.17,2.99,4.16,0,0,0,0,0,0,1,1,0,0,0,1,0,0,-1,-1,-1,-1,-1,-1,-1,-1,-1,50,75,50,100,UD Las Palmas,Real Madrid,1.74,2.47,3.0,3.0,1.8,2.6,50,25,1.55,1.93,3.48,38,True,True,True,True,False,False,True,Spain_La_Liga,2016-09-24 18:45:00
2016-2017,6,1,2,3,1,5,6,4,4,0,0,3,5,4,6,7,11,18,17,46,54,Estadio Municipal de Butarque,"Calle Arquitectura, Leganés",4,4,3.02,3.3,2.52,0.0,0.0,0.0,0.0,0.0,0.0,0.0,0.0,0.0,0.0,0.0,0.0,0.0,3,1,1,0,1,1,2,1474797600,288,0,50,0,9809,1,1,0,2,1,3,2,4,1,2,3,2,3,5,1,0,0,0,0,0.97,1.39,2.36,1,0,0,0,1,0,1,1,0,0,0,0,0,0,-1,-1,-1,-1,-1,-1,-1,-1,-1,50,50,50,50,Leganés,Valencia CF,1.11,0.95,0.5,0.0,1.4,0.6,50,50,2.02,1.3,3.32,38,True,True,True,False,False,False,True,Spain_La_Liga,2016-09-25 10:00:00
2016-2017,6,1,0,1,10,0,10,1,3,0,1,2,2,14,7,16,9,12,19,67,33,Estadio Vicente Calderón (Madrid),"Paseo Virgen del Puerto 67, Madrid",1,4,1.19,7.17,9.99,0.0,0.0,0.0,0.0,0.0,0.0,0.0,0.0,0.0,0.0,0.0,0.0,0.0,1,0,0,1,0,1,0,1474812900,117,0,25,0,45653,1,1,4,0,6,0,4,6,1,2,0,2,3,2,1,0,0,0,0,1.76,0.97,2.73,0,0,0,0,0,0,1,1,0,0,1,0,0,0,-1,-1,-1,-1,-1,-1,-1,-1,-1,25,50,25,25,Atlético Madrid,Deportivo La Coruña,2.32,0.53,2.0,1.0,1.8,1.0,75,50,2.29,1.74,4.03,38,True,False,False,False,False,False,False,Spain_La_Liga,2016-09-25 14:15:00
2016-2017,6,3,1,4,5,5,10,0,2,0,0,6,5,7,6,13,11,6,15,56,44,Estadio de la Cerámica,"Plaza Labrador, Villarreal",0,2,1.48,4.29,8.19,0.0,0.0,0.0,0.0,0.0,0.0,0.0,0.0,0.0,0.0,0.0,0.0,0.0,4,3,1,0,0,0,4,1474821000,76,0,75,0,17679,1,1,1,1,4,4,2,8,0,1,0,1,1,1,1,0,0,0,0,1.66,1.43,3.09,1,1,1,1,0,0,1,1,1,0,0,0,0,0,-1,-1,-1,-1,-1,-1,-1,-1,-1,50,75,50,50,Villarreal,CA Osasuna,1.95,0.47,2.0,0.5,1.8,0.4,50,25,1.43,1.08,2.51,38,True,True,True,True,False,False,True,Spain_La_Liga,2016-09-25 16:30:00
2016-2017,6,0,2,2,4,7,11,2,3,0,0,3,5,8,6,11,11,15,13,47,53,RCDE Stadium,"Avenida Baix Llobregat 100, Cornella de Llobregat",2,3,2.44,3.35,3.1,0.0,0.0,0.0,0.0,0.0,0.0,0.0,0.0,0.0,0.0,0.0,0.0,0.0,2,0,0,0,2,2,0,1474829100,281,0,50,0,16656,1,1,2,6,2,1,8,3,1,1,1,2,2,3,1,0,0,0,0,1.2,1.43,2.63,0,0,0,0,0,0,1,1,0,0,0,0,0,0,-1,-1,-1,-1,-1,-1,-1,-1,-1,50,75,0,50,RCD Espanyol,Celta de Vigo,1.53,0.84,0.5,0.5,1.0,0.8,50,25,1.36,1.82,3.18,38,True,True,False,False,False,False,False,Spain_La_Liga,2016-09-25 18:45:00
2016-2017,6,3,1,4,5,6,11,3,3,0,0,7,4,10,9,17,13,15,17,47,53,Estadio de Mendizorroza,"Paseo de Cervantes, Vitoria-Gasteiz",3,3,2.1,3.32,3.95,0.0,0.0,0.0,0.0,0.0,0.0,0.0,0.0,0.0,0.0,0.0,0.0,0.0,4,0,0,3,1,4,0,1474915500,277,0,50,0,16371,1,1,3,2,2,4,5,6,1,1,2,2,2,4,1,0,0,0,0,2.06,1.51,3.57,0,0,0,0,0,0,1,1,0,0,2,0,0,0,-1,-1,-1,-1,-1,-1,-1,-1,-1,50,50,50,50,Deportivo Alavés,Granada CF,1.53,0.21,1.0,0.5,1.2,0.4,50,50,1.39,1.41,2.8,38,True,True,True,True,False,False,True,Spain_La_Liga,2016-09-26 18:45:00
2016-2017,7,1,0,1,4,2,6,2,3,0,0,9,3,8,3,17,6,17,21,59,41,Estadio Municipal de Anoeta,"Paseo de Anoeta 1, Donostia-San Sebastián",2,3,1.86,3.62,4.6,0.0,0.0,0.0,0.0,0.0,0.0,0.0,0.0,0.0,0.0,0.0,0.0,0.0,1,0,0,1,0,1,0,1475261100,290,0,67,0,18289,1,1,3,2,1,0,5,1,1,0,1,3,1,4,1,0,0,0,0,2.22,0.82,3.04,0,0,0,0,0,0,1,1,0,0,1,0,0,0,-1,-1,-1,-1,-1,-1,-1,-1,-1,67,84,50,67,Real Sociedad,Real Betis,1.84,0.74,1.33,1.0,1.17,1.33,33,17,2.04,1.4,3.44,38,True,False,False,False,False,False,False,Spain_La_Liga,2016-09-30 18:45:00
2016-2017,7,0,1,1,6,4,10,1,0,0,0,2,4,6,3,8,7,13,20,44,56,Estadio Nuevo Los Cármenes,"Calle Pintor Manuel Maldonado, Granada",1,0,2.45,3.29,3.14,0.0,0.0,0.0,0.0,0.0,0.0,0.0,0.0,0.0,0.0,0.0,0.0,0.0,1,0,0,0,1,1,0,1475319600,278,0,84,0,15196,1,1,3,3,3,1,6,4,0,0,1,0,0,1,1,0,0,0,0,1.19,1.32,2.51,0,0,0,0,0,0,1,1,0,0,1,0,0,0,-1,-1,-1,-1,-1,-1,-1,-1,-1,67,84,33,67,Granada CF,Leganés,0.84,0.74,0.33,2.0,0.33,1.17,33,17,1.66,1.32,2.98,38,True,False,False,False,False,False,False,Spain_La_Liga,2016-10-01 11:00:00
2016-2017,7,2,1,3,9,2,11,2,6,0,0,13,2,6,4,19,6,11,11,63,37,Estadio Ramón Sánchez Pizjuán,"Avenida de Eduardo Dato, Sevilla",2,6,1.46,4.63,7.65,0.0,0.0,0.0,0.0,0.0,0.0,0.0,0.0,0.0,0.0,0.0,0.0,0.0,3,0,0,2,1,3,0,1475331300,98,0,84,0,32144,1,1,3,1,6,1,4,7,1,2,1,4,3,5,1,0,0,0,0,2.82,0.76,3.58,0,0,0,0,0,0,1,1,0,0,0,0,0,0,-1,-1,-1,-1,-1,-1,-1,-1,-1,67,84,33,67,Sevilla FC,Deportivo Alavés,2.42,1.37,3.0,1.33,1.83,1.5,33,17,1.64,1.02,2.66,38,True,True,True,False,False,False,True,Spain_La_Liga,2016-10-01 14:15:00
2016-2017,7,2,2,4,1,12,13,3,4,0,0,4,5,0,9,4,14,17,6,-1,-1,Estadio El Sadar,"Carretera El Sadar, Iruñea",3,4,2.92,3.31,2.59,0.0,0.0,0.0,0.0,0.0,0.0,0.0,0.0,0.0,0.0,0.0,0.0,0.0,4,2,0,0,2,2,2,1475339400,-1,0,67,0,15208,1,1,1,7,0,5,8,5,0,1,3,3,1,6,1,0,0,0,0,0.76,1.91,2.67,1,0,1,0,0,0,1,1,1,0,1,0,0,0,-1,-1,-1,-1,-1,-1,-1,-1,-1,67,84,34,84,CA Osasuna,UD Las Palmas,0.68,0.32,0.33,1.0,0.33,1.67,34,17,1.89,1.12,3.01,38,True,True,True,True,False,False,True,Spain_La_Liga,2016-10-01 16:30:00
2016-2017,7,2,1,3,11,4,15,0,4,0,0,7,3,16,2,23,5,17,26,60,40,Estadio Municipal de Riazor (A Coruña (La Coruña)),"Calle Manuel Murguía, A Coruña (La Coruña)",0,4,0.0,0.0,0.0,0.0,0.0,0.0,0.0,0.0,0.0,0.0,0.0,0.0,0.0,0.0,0.0,0.0,3,1,0,1,1,2,1,1475347500,286,0,50,0,23957,1,1,4,3,7,1,7,8,0,1,0,3,1,3,1,0,0,0,0,2.6,0.87,3.47,0,0,0,0,0,0,1,1,0,0,0,2,0,0,-1,-1,-1,-1,-1,-1,-1,-1,-1,67,67,17,50,Deportivo La Coruña,Sporting Gijón,1.37,0.63,1.0,0.33,0.83,1.17,33,33,1.96,0.98,2.94,38,True,True,True,False,False,False,True,Spain_La_Liga,2016-10-01 18:45:00
2016-2017,7,0,2,2,6,5,11,1,3,0,0,6,11,3,3,9,14,7,17,43,57,Estadio de Mestalla,"Avenida de Suecia, Valencia",1,3,4.76,3.64,1.83,0.0,0.0,0.0,0.0,0.0,0.0,0.0,0.0,0.0,0.0,0.0,0.0,0.0,2,0,0,0,2,2,0,1475402400,117,0,67,0,43327,1,1,2,4,4,1,6,5,0,1,1,2,1,3,1,0,0,0,0,1.28,2.01,3.28,0,2,0,0,0,2,1,1,0,0,0,0,0,0,-1,-1,-1,-1,-1,-1,-1,-1,-1,67,84,34,67,Valencia CF,Atlético Madrid,1.47,1.79,1.0,1.67,1.0,2.0,34,17,2.23,1.63,3.86,38,True,True,False,False,False,False,False,Spain_La_Liga,2016-10-02 10:00:00
2016-2017,7,1,1,2,7,5,12,4,5,0,0,0,0,0,0,0,0,8,15,-1,-1,Estadio Santiago Bernabéu,"Avenida de Concha Espina 1, Chamartín, Madrid",4,5,1.13,9.99,9.99,0.0,0.0,0.0,0.0,0.0,0.0,0.0,0.0,0.0,0.0,0.0,0.0,0.0,2,1,1,0,0,0,2,1475417700,-1,0,100,0,67554,1,1,3,3,2,1,6,3,2,1,2,4,3,6,-1,0,0,0,0,0.0,0.0,0.0,0,0,0,0,0,0,1,1,0,1,1,0,0,0,-1,-1,-1,-1,-1,-1,-1,-1,-1,84,100,33,67,Real Madrid,SD Eibar,2.42,1.11,2.33,1.0,2.33,1.67,17,0,2.51,1.37,3.88,38,True,True,False,False,False,False,True,Spain_La_Liga,2016-10-02 14:15:00
2016-2017,7,0,0,0,3,1,4,2,2,0,0,2,2,4,5,6,7,13,10,44,56,RCDE Stadium,"Avenida Baix Llobregat 100, Cornella de Llobregat",2,2,2.93,3.22,2.64,0.0,0.0,0.0,0.0,0.0,0.0,0.0,0.0,0.0,0.0,0.0,0.0,0.0,0,0,0,0,0,0,0,1475425800,-1,0,50,0,19666,1,1,2,0,1,1,2,2,0,0,2,2,0,4,1,0,0,0,0,0.88,1.05,1.93,0,0,0,0,0,0,1,1,0,0,0,0,0,0,-1,-1,-1,-1,-1,-1,-1,-1,-1,17,100,17,67,RCD Espanyol,Villarreal,1.53,1.58,0.33,1.67,0.83,2.0,84,0,1.28,1.27,2.55,38,False,False,False,False,False,False,False,Spain_La_Liga,2016-10-02 16:30:00
2016-2017,7,2,1,3,7,2,9,8,3,1,1,4,3,10,4,14,7,19,13,56,44,Estadio La Rosaleda,"Avenida de la Palmilla / Paseo de Martiricos, Málaga",9,5,2.99,3.2,2.61,0.0,0.0,0.0,0.0,0.0,0.0,0.0,0.0,0.0,0.0,0.0,0.0,0.0,3,0,1,2,0,2,1,1475425800,283,0,67,0,23188,1,1,4,2,3,0,6,3,2,1,7,3,3,10,1,0,0,0,0,1.76,1.01,2.77,0,0,0,0,0,0,1,1,0,1,0,0,0,0,-1,-1,-1,-1,-1,-1,-1,-1,-1,50,84,50,67,Málaga CF,Athletic Club Bilbao,1.68,1.05,1.33,2.0,0.83,2.0,50,17,1.72,1.35,3.07,38,True,True,True,False,False,False,True,Spain_La_Liga,2016-10-02 16:30:00
2016-2017,7,4,3,7,3,6,9,1,3,0,0,12,6,3,10,15,16,14,11,32,68,Estadio de Balaídos (Vigo),"Avenida de Balaídos, Vigo",1,3,6.78,4.9,1.47,0.0,0.0,0.0,0.0,0.0,0.0,0.0,0.0,0.0,0.0,0.0,0.0,0.0,7,3,0,1,3,4,3,1475433900,281,0,33,0,20034,1,1,2,3,1,3,5,4,0,1,1,2,1,3,1,0,0,0,0,2.11,1.96,4.07,0,1,0,1,0,0,1,1,0,0,0,2,0,0,-1,-1,-1,-1,-1,-1,-1,-1,-1,67,67,34,50,Celta de Vigo,FC Barcelona,1.53,2.21,1.0,3.0,1.17,2.17,33,33,1.6,1.65,3.25,38,True,True,True,True,True,True,True,Spain_La_Liga,2016-10-02 18:45:00
2016-2017,8,0,0,0,8,4,12,2,3,0,0,9,2,4,2,13,4,13,21,63,37,Estadio de Gran Canaria,"Avenida Pío XII 29, Las Palmas de Gran Canaria",2,3,2.19,3.44,3.53,0.0,0.0,0.0,0.0,0.0,0.0,0.0,0.0,0.0,0.0,0.0,0.0,0.0,0,0,0,0,0,0,0,1476470700,-1,0,84,0,20542,1,1,5,3,3,1,8,4,0,1,2,2,1,4,1,0,0,0,0,2.01,0.78,2.79,0,0,0,0,0,0,1,1,0,0,0,0,0,0,-1,-1,-1,-1,-1,-1,-1,-1,-1,67,84,50,84,UD Las Palmas,RCD Espanyol,1.74,1.42,2.33,1.33,1.57,0.86,33,17,1.43,0.91,2.34,38,False,False,False,False,False,False,False,Spain_La_Liga,2016-10-14 18:45:00
2016-2017,8,2,3,5,5,2,7,2,5,0,0,8,5,9,1,17,6,15,23,46,54,Estadio Municipal de Butarque,"Calle Arquitectura, Leganés",2,5,3.86,3.5,2.06,0.0,0.0,0.0,0.0,0.0,0.0,0.0,0.0,0.0,0.0,0.0,0.0,0.0,5,0,1,2,2,4,1,1476529200,98,0,67,0,9886,1,1,2,1,3,1,3,4,1,3,1,2,4,3,1,0,0,0,0,2.14,1.04,3.18,0,0,0,0,0,0,1,1,0,0,2,0,0,0,-1,-1,-1,-1,-1,-1,-1,-1,-1,50,67,34,67,Leganés,Sevilla FC,1.11,1.37,0.33,0.67,1.43,2.0,50,33,1.49,1.02,2.51,38,True,True,True,True,True,False,True,Spain_La_Liga,2016-10-15 11:00:00
2016-2017,8,4,0,4,8,2,10,1,2,0,1,10,0,16,7,26,7,4,15,67,33,Camp Nou,"Carrer d'Arístides Maillol, Barcelona",1,4,1.11,9.99,9.99,0.0,0.0,0.0,0.0,0.0,0.0,0.0,0.0,0.0,0.0,0.0,0.0,0.0,4,3,0,1,0,1,3,1476540900,83,0,50,0,81595,1,1,2,1,6,1,3,7,0,0,1,3,0,4,1,0,0,0,0,3.16,0.74,3.9,0,0,0,0,0,0,1,1,0,0,0,0,0,0,-1,-1,-1,-1,-1,-1,-1,-1,-1,34,50,17,50,FC Barcelona,Deportivo La Coruña,2.53,0.53,1.33,0.67,1.86,1.14,67,50,2.28,1.36,3.64,38,True,True,True,True,False,False,False,Spain_La_Liga,2016-10-15 14:15:00
2016-2017,8,7,1,8,11,3,14,1,1,0,0,13,3,5,6,18,9,14,7,62,38,Estadio Vicente Calderón (Madrid),"Paseo Virgen del Puerto 67, Madrid",1,1,1.18,7.43,9.99,0.0,0.0,0.0,0.0,0.0,0.0,0.0,0.0,0.0,0.0,0.0,0.0,0.0,8,2,1,5,0,5,3,1476549000,117,0,67,0,48278,1,1,5,2,6,1,7,7,0,0,1,1,0,2,1,0,0,0,0,2.85,1.09,3.95,0,0,0,0,0,0,1,1,0,0,0,0,0,0,-1,-1,-1,-1,-1,-1,-1,-1,-1,67,84,50,50,Atlético Madrid,Granada CF,2.32,0.21,2.33,0.33,2.14,0.29,34,17,2.02,1.44,3.46,38,True,True,True,True,True,True,True,Spain_La_Liga,2016-10-15 16:30:00
2016-2017,8,1,6,7,2,5,7,4,1,0,0,4,14,11,11,15,25,12,7,47,53,Estadio Benito Villamarín,"Avenida de Heliópolis, Sevilla",4,1,8.82,5.6,1.35,0.0,0.0,0.0,0.0,0.0,0.0,0.0,0.0,0.0,0.0,0.0,0.0,0.0,7,0,4,1,2,3,4,1476557100,84,0,33,0,37209,1,1,1,5,1,0,6,1,0,1,4,0,1,4,1,0,0,0,0,1.67,3.06,4.73,0,0,0,0,0,0,1,1,0,1,0,0,0,0,-1,-1,-1,-1,-1,-1,-1,-1,-1,50,67,50,84,Real Betis,Real Madrid,1.32,2.47,1.67,2.33,1.14,2.14,50,34,2.13,2.46,4.59,38,True,True,True,True,True,True,True,Spain_La_Liga,2016-10-15 18:45:00
2016-2017,8,1,1,2,6,6,12,3,4,1,1,5,5,4,7,9,12,15,14,47,53,Estadio de Mendizorroza,"Paseo de Cervantes, Vitoria-Gasteiz",5,5,2.88,3.15,2.73,0.0,0.0,0.0,0.0,0.0,0.0,0.0,0.0,0.0,0.0,0.0,0.0,0.0,2,1,0,0,1,1,1,1476612000,-1,0,33,0,14420,1,1,5,3,1,3,8,4,0,0,4,5,0,9,1,0,0,0,0,1.24,1.57,2.81,0,0,0,0,0,0,1,1,1,0,0,1,0,0,-1,-1,-1,-1,-1,-1,-1,-1,-1,33,33,0,50,Deportivo Alavés,Málaga CF,1.53,0.74,1.67,0.33,1.29,1.14,67,67,1.61,1.87,3.48,38,True,True,False,False,False,False,True,Spain_La_Liga,2016-10-16 10:00:00
2016-2017,8,3,2,5,7,4,11,3,3,0,0,12,4,4,4,16,8,19,19,52,48,San Mamés Barria,"Rafael Moreno Pitxitxi Kalea, Bilbao",3,3,1.76,3.66,5.27,0.0,0.0,0.0,0.0,0.0,0.0,0.0,0.0,0.0,0.0,0.0,0.0,0.0,5,0,1,3,1,4,1,1476627300,285,0,50,0,47428,1,1,4,1,3,3,5,6,3,3,0,0,6,0,1,0,0,0,0,2.4,1.12,3.52,0,0,0,0,0,0,1,1,0,0,0,0,1,1,-1,-1,-1,-1,-1,-1,-1,-1,-1,50,84,33,84,Athletic Club Bilbao,Real Sociedad,2.26,1.53,2.0,1.0,1.71,1.43,50,17,1.61,1.2,2.81,38,True,True,True,True,True,False,True,Spain_La_Liga,2016-10-16 14:15:00
2016-2017,8,1,2,3,4,4,8,5,1,0,0,3,4,7,6,10,10,21,11,50,50,Estadio Municipal El Molinón,"Parque de Isabel la Católica, Gijón",5,1,3.09,3.45,2.4,0.0,0.0,0.0,0.0,0.0,0.0,0.0,0.0,0.0,0.0,0.0,0.0,0.0,3,1,1,0,1,1,2,1476635400,288,0,67,0,23915,1,1,0,3,4,1,3,5,2,0,3,1,2,4,1,0,0,0,0,1.4,1.39,2.79,0,0,0,0,0,0,1,1,0,1,0,1,0,0,-1,-1,-1,-1,-1,-1,-1,-1,-1,84,84,67,67,Sporting Gijón,Valencia CF,1.0,0.95,2.0,1.0,1.0,0.86,17,17,1.23,1.34,2.57,38,True,True,True,False,False,False,True,Spain_La_Liga,2016-10-16 16:30:00
2016-2017,8,5,0,5,3,5,8,1,5,0,1,7,2,4,5,11,7,17,13,46,54,Estadio de la Cerámica,"Plaza Labrador, Villarreal",1,6,1.79,3.63,5.06,0.0,0.0,0.0,0.0,0.0,0.0,0.0,0.0,0.0,0.0,0.0,0.0,0.0,5,3,0,2,0,2,3,1476643500,76,0,50,0,17551,1,1,1,2,2,3,3,5,0,2,1,4,2,5,1,0,0,0,0,1.54,1.08,2.62,0,0,0,0,0,0,1,1,1,0,0,2,0,0,-1,-1,-1,-1,-1,-1,-1,-1,-1,50,67,34,34,Villarreal,Celta de Vigo,1.95,0.84,2.33,1.33,1.86,1.43,50,33,1.51,1.63,3.14,38,True,True,True,True,True,False,False,Spain_La_Liga,2016-10-16 18:45:00
2016-2017,8,2,3,5,5,0,5,1,2,0,0,7,6,6,3,13,9,15,12,60,40,Estadio Municipal de Ipurúa,"Calle de Ipurúa, Eibar",1,2,1.76,3.62,5.34,0.0,0.0,0.0,0.0,0.0,0.0,0.0,0.0,0.0,0.0,0.0,0.0,0.0,5,2,2,0,1,1,4,1476729900,287,0,67,0,5216,1,1,2,0,3,0,2,3,0,1,1,1,1,2,1,0,0,0,0,1.84,1.32,3.16,0,0,0,0,0,0,1,1,1,0,0,0,0,0,-1,-1,-1,-1,-1,-1,-1,-1,-1,34,84,34,50,SD Eibar,CA Osasuna,1.74,0.47,2.33,0.33,1.57,0.43,67,17,1.71,1.25,2.96,38,True,True,True,True,True,False,True,Spain_La_Liga,2016-10-17 18:45:00
2016-2017,9,1,2,3,6,4,10,3,2,1,0,5,4,9,5,14,9,21,13,45,55,Estadio El Sadar,"Carretera El Sadar, Iruñea",5,2,2.67,3.34,2.81,0.0,0.0,0.0,0.0,0.0,0.0,0.0,0.0,0.0,0.0,0.0,0.0,0.0,3,0,1,1,1,2,1,1477075500,284,0,50,0,15105,1,1,5,1,1,3,6,4,1,0,3,2,1,5,1,0,0,0,0,1.75,1.28,3.02,0,0,0,0,0,0,1,1,0,0,2,1,0,0,-1,-1,-1,-1,-1,-1,-1,-1,-1,50,63,25,63,CA Osasuna,Real Betis,0.68,0.74,0.5,0.75,0.75,1.0,50,38,1.51,1.2,2.71,38,True,True,True,False,False,False,True,Spain_La_Liga,2016-10-21 18:45:00
2016-2017,9,3,3,6,7,6,13,2,6,1,0,6,5,7,5,13,10,10,13,49,51,RCDE Stadium,"Avenida Baix Llobregat 100, Cornella de Llobregat",3,6,1.85,3.55,4.77,0.0,0.0,0.0,0.0,0.0,0.0,0.0,0.0,0.0,0.0,0.0,0.0,0.0,6,0,3,3,0,3,3,1477134000,-1,0,63,0,17072,1,1,5,3,2,3,8,5,0,3,3,3,3,6,1,0,0,0,0,1.65,1.34,2.98,0,0,0,0,0,0,1,1,0,0,3,0,0,0,-1,-1,-1,-1,-1,-1,-1,-1,-1,50,88,25,63,RCD Espanyol,SD Eibar,1.53,1.11,0.5,1.0,0.88,1.38,50,13,1.15,1.37,2.52,38,True,True,True,True,True,True,True,Spain_La_Liga,2016-10-22 11:00:00
2016-2017,9,2,3,5,3,1,4,5,4,0,0,6,8,1,7,7,15,14,14,31,69,Estadio de Mestalla,"Avenida de Suecia, Valencia",5,4,7.86,5.21,1.41,0.0,0.0,0.0,0.0,0.0,0.0,0.0,0.0,0.0,0.0,0.0,0.0,0.0,5,0,1,2,2,4,1,1477145700,83,0,63,0,46804,1,1,1,0,2,1,1,3,2,1,3,3,3,6,1,0,0,0,0,1.13,1.97,3.1,0,1,0,1,0,0,1,1,0,0,1,0,0,0,-1,-1,-1,-1,-1,-1,-1,-1,-1,75,88,63,88,Valencia CF,FC Barcelona,1.47,2.21,0.75,2.25,1.13,2.0,25,13,1.91,1.73,3.64,38,True,True,True,True,True,False,True,Spain_La_Liga,2016-10-22 14:15:00
2016-2017,9,3,0,3,4,2,6,3,5,0,0,6,4,8,7,14,11,14,19,57,43,Estadio Municipal de Anoeta,"Paseo de Anoeta 1, Donostia-San Sebastián",3,5,1.83,3.54,4.94,0.0,0.0,0.0,0.0,0.0,0.0,0.0,0.0,0.0,0.0,0.0,0.0,0.0,3,1,0,2,0,2,1,1477153800,290,0,75,0,24121,1,1,4,0,0,2,4,2,3,3,0,2,6,2,1,0,0,0,0,1.94,1.3,3.24,0,0,0,0,0,0,1,1,0,0,1,0,0,0,-1,-1,-1,-1,-1,-1,-1,-1,-1,63,88,38,50,Real Sociedad,Deportivo Alavés,1.84,1.37,1.75,1.0,1.25,1.25,38,13,2.1,0.94,3.04,38,True,True,True,False,False,False,False,Spain_La_Liga,2016-10-22 16:30:00
2016-2017,9,0,0,0,3,3,6,4,1,0,0,2,4,11,1,13,5,9,10,47,53,Estadio Nuevo Los Cármenes,"Calle Pintor Manuel Maldonado, Granada",4,1,2.33,3.37,3.28,0.0,0.0,0.0,0.0,0.0,0.0,0.0,0.0,0.0,0.0,0.0,0.0,0.0,0,0,0,0,0,0,0,1477161900,-1,0,63,0,14692,1,1,1,1,2,2,2,4,0,0,4,1,0,5,1,0,0,0,0,1.47,0.99,2.46,0,0,0,0,0,0,1,1,0,0,1,0,0,0,-1,-1,-1,-1,-1,-1,-1,-1,-1,63,75,25,50,Granada CF,Sporting Gijón,0.84,0.63,0.25,0.25,0.25,0.88,38,25,1.5,0.95,2.45,38,False,False,False,False,False,False,False,Spain_La_Liga,2016-10-22 18:45:00
2016-2017,9,4,1,5,5,4,9,3,5,0,0,7,2,1,9,8,11,16,14,48,52,Estadio de Balaídos (Vigo),"Avenida de Balaídos, Vigo",3,5,1.74,3.8,5.24,0.0,0.0,0.0,0.0,0.0,0.0,0.0,0.0,0.0,0.0,0.0,0.0,0.0,5,1,1,3,0,3,2,1477216800,281,0,25,0,21024,1,1,2,1,3,3,3,6,1,1,2,4,2,6,1,0,0,0,0,1.3,1.26,2.56,1,0,1,0,0,0,1,1,0,0,1,0,0,0,-1,-1,-1,-1,-1,-1,-1,-1,-1,50,50,25,25,Celta de Vigo,Deportivo La Coruña,1.53,0.53,1.5,0.5,1.25,1.0,50,50,1.77,1.15,2.92,38,True,True,True,True,True,False,True,Spain_La_Liga,2016-10-23 10:00:00
2016-2017,9,1,0,1,4,5,9,4,3,0,1,6,4,5,6,11,10,15,11,56,44,Estadio Ramón Sánchez Pizjuán,"Avenida de Eduardo Dato, Sevilla",4,4,3.76,3.44,2.11,0.0,0.0,0.0,0.0,0.0,0.0,0.0,0.0,0.0,0.0,0.0,0.0,0.0,1,0,0,1,0,1,0,1477232100,98,0,50,0,34571,1,1,2,3,2,2,5,4,3,2,1,2,5,3,1,0,0,0,0,1.59,1.44,3.03,0,0,0,0,0,0,1,1,0,0,0,1,1,0,-1,-1,-1,-1,-1,-1,-1,-1,-1,50,75,13,38,Sevilla FC,Atlético Madrid,2.42,1.79,3.0,2.0,2.13,2.25,50,25,2.04,1.75,3.79,38,True,False,False,False,False,False,False,Spain_La_Liga,2016-10-23 14:15:00
2016-2017,9,2,1,3,2,1,3,2,5,0,0,6,5,7,3,13,8,15,12,56,44,Estadio de la Cerámica,"Plaza Labrador, Villarreal",2,5,1.6,4.15,6.11,0.0,0.0,0.0,0.0,0.0,0.0,0.0,0.0,0.0,0.0,0.0,0.0,0.0,3,0,1,2,0,2,1,1477240200,76,0,75,0,18312,1,1,1,1,1,0,2,1,0,0,2,5,0,7,1,0,0,0,0,1.77,1.14,2.91,1,0,1,0,0,0,1,1,0,0,0,0,0,0,-1,-1,-1,-1,-1,-1,-1,-1,-1,88,88,75,88,Villarreal,UD Las Palmas,1.95,0.32,2.5,1.0,2.0,1.5,13,13,1.51,1.38,2.89,38,True,True,True,False,False,False,True,Spain_La_Liga,2016-10-23 16:30:00
2016-2017,9,4,0,4,5,8,13,1,3,0,0,9,6,9,7,18,13,12,14,52,48,Estadio La Rosaleda,"Avenida de la Palmilla / Paseo de Martiricos, Málaga",1,3,1.75,3.6,5.56,0.0,0.0,0.0,0.0,0.0,0.0,0.0,0.0,0.0,0.0,0.0,0.0,0.0,4,2,0,2,0,2,2,1477240200,283,0,63,0,19065,1,1,4,3,1,5,7,6,0,1,1,2,1,3,1,0,0,0,0,2.12,1.72,3.84,1,0,1,0,0,0,1,1,0,0,0,1,0,0,-1,-1,-1,-1,-1,-1,-1,-1,-1,50,75,38,63,Málaga CF,Leganés,1.68,0.74,1.75,2.25,1.13,1.25,50,25,1.73,1.32,3.05,38,True,True,True,True,False,False,False,Spain_La_Liga,2016-10-23 16:30:00
2016-2017,9,2,1,3,6,4,10,2,3,0,0,9,4,11,6,20,10,9,16,63,37,Estadio Santiago Bernabéu,"Avenida de Concha Espina 1, Chamartín, Madrid",2,3,1.27,6.48,9.99,0.0,0.0,0.0,0.0,0.0,0.0,0.0,0.0,0.0,0.0,0.0,0.0,0.0,3,1,1,1,0,1,2,1477248300,84,0,88,0,72910,1,1,2,3,4,1,5,5,0,1,2,2,1,4,1,0,0,0,0,2.48,1.23,3.7,0,0,0,0,0,0,1,1,1,0,0,2,0,0,-1,-1,-1,-1,-1,-1,-1,-1,-1,63,88,38,75,Real Madrid,Athletic Club Bilbao,2.42,1.05,2.0,1.5,2.25,1.88,38,13,2.51,1.24,3.75,38,True,True,True,False,False,False,True,Spain_La_Liga,2016-10-23 18:45:00
2016-2017,10,0,2,2,1,4,5,5,2,0,0,5,5,3,5,8,10,19,14,43,57,Estadio Municipal de Butarque,"Calle Arquitectura, Leganés",5,2,2.89,3.13,2.74,0.0,0.0,0.0,0.0,0.0,0.0,0.0,0.0,0.0,0.0,0.0,0.0,0.0,2,0,1,0,1,1,1,1477680300,290,0,63,0,10922,1,1,0,2,1,2,2,3,3,0,2,2,3,4,1,0,0,0,0,1.18,1.43,2.61,0,0,0,0,0,0,1,1,0,0,0,1,0,0,-1,-1,-1,-1,-1,-1,-1,-1,-1,63,88,38,75,Leganés,Real Sociedad,1.11,1.53,0.25,0.75,1.11,1.44,38,13,1.71,1.17,2.88,38,True,True,False,False,False,False,False,Spain_La_Liga,2016-10-28 18:45:00
2016-2017,10,1,1,2,3,4,7,6,2,0,0,4,6,4,14,8,20,17,9,36,64,Estadio Municipal El Molinón,"Parque de Isabel la Católica, Gijón",6,2,3.86,3.62,2.02,0.0,0.0,0.0,0.0,0.0,0.0,0.0,0.0,0.0,0.0,0.0,0.0,0.0,2,1,1,0,0,0,2,1477738800,-1,0,75,0,22803,1,1,2,1,1,3,3,4,4,1,2,1,5,3,1,0,0,0,0,1.12,2.2,3.32,0,0,0,0,0,0,1,1,0,1,1,0,1,0,-1,-1,-1,-1,-1,-1,-1,-1,-1,75,88,38,75,Sporting Gijón,Sevilla FC,1.0,1.37,1.5,1.25,0.89,2.22,25,13,1.28,1.03,2.31,38,True,True,False,False,False,False,True,Spain_La_Liga,2016-10-29 11:00:00
2016-2017,10,1,4,5,4,3,7,5,1,0,0,4,6,5,8,9,14,13,5,43,57,Estadio de Mendizorroza,"Paseo de Cervantes, Vitoria-Gasteiz",5,1,9.99,6.05,1.3,0.0,0.0,0.0,0.0,0.0,0.0,0.0,0.0,0.0,0.0,0.0,0.0,0.0,5,1,2,0,2,2,3,1477750500,84,0,50,0,19840,1,1,3,0,1,3,3,4,2,0,3,1,2,4,1,0,0,0,0,1.25,1.77,3.03,0,2,0,1,0,1,1,1,1,0,0,0,0,0,-1,-1,-1,-1,-1,-1,-1,-1,-1,50,75,38,63,Deportivo Alavés,Real Madrid,1.53,2.47,1.5,2.5,1.11,2.33,50,25,1.52,2.66,4.18,38,True,True,True,True,True,False,True,Spain_La_Liga,2016-10-29 14:15:00
2016-2017,10,4,2,6,7,2,9,3,5,1,1,8,4,6,3,14,7,10,10,56,44,Estadio Vicente Calderón (Madrid),"Paseo Virgen del Puerto 67, Madrid",4,6,1.27,5.65,9.99,0.0,0.0,0.0,0.0,0.0,0.0,0.0,0.0,0.0,0.0,0.0,0.0,0.0,6,3,1,1,1,2,4,1477758600,117,0,50,0,47471,1,1,4,0,3,2,4,5,0,1,4,5,1,9,1,0,0,0,0,2.15,1.2,3.35,0,0,0,0,0,0,1,1,1,0,2,0,0,0,-1,-1,-1,-1,-1,-1,-1,-1,-1,38,63,25,75,Atlético Madrid,Málaga CF,2.32,0.74,2.5,0.5,2.0,1.33,63,38,2.3,1.77,4.07,38,True,True,True,True,True,True,True,Spain_La_Liga,2016-10-29 16:30:00
2016-2017,10,1,0,1,8,1,9,1,4,0,0,0,0,0,0,0,0,7,16,-1,-1,Camp Nou,"Carrer d'Arístides Maillol, Barcelona",1,4,1.05,9.99,9.99,0.0,0.0,0.0,0.0,0.0,0.0,0.0,0.0,0.0,0.0,0.0,0.0,0.0,1,0,0,1,0,1,0,1477766700,83,0,88,0,82914,1,1,6,0,2,1,6,3,0,1,1,3,1,4,-1,0,0,0,0,0.0,0.0,0.0,0,0,0,0,0,0,1,1,0,0,0,0,0,0,-1,-1,-1,-1,-1,-1,-1,-1,-1,88,100,63,88,FC Barcelona,Granada CF,2.53,0.21,1.75,0.25,2.11,0.33,13,0,2.57,1.35,3.92,38,True,False,False,False,False,False,False,Spain_La_Liga,2016-10-29 18:45:00
2016-2017,10,2,1,3,3,7,10,2,3,0,0,10,2,5,5,15,7,15,12,49,51,Estadio Municipal de Ipurúa,"Calle de Ipurúa, Eibar",2,3,3.06,3.23,2.54,0.0,0.0,0.0,0.0,0.0,0.0,0.0,0.0,0.0,0.0,0.0,0.0,0.0,3,0,1,2,0,2,1,1477825200,279,0,50,0,4678,1,1,1,4,2,3,5,5,2,2,0,1,4,1,1,0,0,0,0,2.1,1.0,3.1,0,1,0,1,0,0,1,1,0,0,0,0,0,1,-1,-1,-1,-1,-1,-1,-1,-1,-1,13,75,25,50,SD Eibar,Villarreal,1.74,1.58,1.75,1.5,1.33,2.11,88,25,1.75,1.2,2.95,38,True,True,True,False,False,False,True,Spain_La_Liga,2016-10-30 11:00:00
2016-2017,10,1,1,2,9,2,11,2,1,0,0,0,0,0,0,0,0,9,11,-1,-1,San Mamés Barria,"Rafael Moreno Pitxitxi Kalea, Bilbao",2,1,1.34,5.18,9.99,0.0,0.0,0.0,0.0,0.0,0.0,0.0,0.0,0.0,0.0,0.0,0.0,0.0,2,1,1,0,0,0,2,1477840500,-1,0,88,0,43696,-1,1,-1,-1,-1,-1,-1,-1,0,0,2,1,0,3,-1,0,0,0,0,0.0,0.0,0.0,0,0,0,0,0,0,1,1,0,0,-1,-1,0,0,-1,-1,-1,-1,-1,-1,-1,-1,-1,75,88,50,88,Athletic Club Bilbao,CA Osasuna,2.26,0.47,2.25,1.0,1.67,0.67,25,13,1.87,1.28,3.15,38,True,True,False,False,False,False,True,Spain_La_Liga,2016-10-30 15:15:00
2016-2017,10,0,1,1,8,3,11,3,3,0,0,6,6,7,5,13,11,15,15,62,38,Estadio Benito Villamarín,"Avenida de Heliópolis, Sevilla",3,3,2.21,3.35,3.58,0.0,0.0,0.0,0.0,0.0,0.0,0.0,0.0,0.0,0.0,0.0,0.0,0.0,1,0,0,0,1,1,0,1477848600,280,0,63,0,38282,1,1,1,1,7,2,2,9,1,0,2,3,1,5,1,0,0,0,0,1.83,1.51,3.34,0,0,0,0,0,0,1,1,0,0,0,0,0,0,-1,-1,-1,-1,-1,-1,-1,-1,-1,50,63,38,63,Real Betis,RCD Espanyol,1.32,1.42,1.25,1.25,1.22,0.89,50,38,1.98,0.86,2.84,38,True,False,False,False,False,False,False,Spain_La_Liga,2016-10-30 17:30:00
2016-2017,10,3,3,6,8,1,9,2,7,0,1,9,6,5,2,14,8,13,20,72,28,Estadio de Gran Canaria,"Avenida Pío XII 29, Las Palmas de Gran Canaria",2,8,2.52,3.39,2.95,0.0,0.0,0.0,0.0,0.0,0.0,0.0,0.0,0.0,0.0,0.0,0.0,0.0,6,0,3,3,0,3,3,1477856700,-1,0,38,0,21194,1,1,3,1,5,0,4,5,0,4,2,4,4,6,1,0,0,0,0,2.06,1.2,3.27,1,0,1,0,0,0,1,1,0,1,1,0,0,0,-1,-1,-1,-1,-1,-1,-1,-1,-1,50,63,38,50,UD Las Palmas,Celta de Vigo,1.74,0.84,2.0,1.0,1.33,1.44,50,38,1.57,1.44,3.01,38,True,True,True,True,True,True,True,Spain_La_Liga,2016-10-30 19:45:00
2016-2017,10,1,1,2,5,6,11,1,5,0,0,5,5,14,8,19,13,13,21,44,56,Estadio Municipal de Riazor (A Coruña (La Coruña)),"Calle Manuel Murguía, A Coruña (La Coruña)",1,5,3.1,3.39,2.42,0.0,0.0,0.0,0.0,0.0,0.0,0.0,0.0,0.0,0.0,0.0,0.0,0.0,2,1,0,0,1,1,1,1477943100,-1,0,75,0,23492,1,1,3,2,2,4,5,6,0,1,1,4,1,5,1,0,0,0,0,2.01,1.66,3.67,0,0,0,0,0,0,1,1,0,0,1,0,0,0,-1,-1,-1,-1,-1,-1,-1,-1,-1,75,75,38,75,Deportivo La Coruña,Valencia CF,1.37,0.95,1.5,1.5,0.89,1.0,25,25,2.18,1.36,3.54,38,True,True,False,False,False,False,True,Spain_La_Liga,2016-10-31 19:45:00
2016-2017,11,3,2,5,9,2,11,5,5,0,1,8,5,11,3,19,8,12,19,58,42,Estadio La Rosaleda,"Avenida de la Palmilla / Paseo de Martiricos, Málaga",5,6,0.0,0.0,0.0,0.0,0.0,0.0,0.0,0.0,0.0,0.0,0.0,0.0,0.0,0.0,0.0,0.0,5,1,1,2,1,3,2,1478288700,283,0,50,0,20558,1,1,3,0,6,2,3,8,1,5,4,1,6,5,1,0,0,0,0,2.34,1.21,3.54,0,0,0,0,0,0,1,1,0,0,1,0,0,0,-1,-1,-1,-1,-1,-1,-1,-1,-1,60,80,40,60,Málaga CF,Sporting Gijón,1.68,0.63,2.0,0.4,1.2,0.9,40,20,1.83,0.96,2.79,38,True,True,True,True,True,False,True,Spain_La_Liga,2016-11-04 19:45:00
2016-2017,11,1,1,2,7,7,14,1,2,0,0,6,6,8,6,14,12,16,7,58,42,Estadio Nuevo Los Cármenes,"Calle Pintor Manuel Maldonado, Granada",1,2,2.48,3.28,3.1,0.0,0.0,0.0,0.0,0.0,0.0,0.0,0.0,0.0,0.0,0.0,0.0,0.0,2,0,0,1,1,2,0,1478347200,-1,0,40,0,13328,1,1,2,0,5,6,2,11,1,1,0,1,2,1,1,0,0,0,0,1.91,1.54,3.45,0,0,0,0,0,0,1,1,0,0,0,0,0,0,-1,-1,-1,-1,-1,-1,-1,-1,-1,40,50,30,40,Granada CF,Deportivo La Coruña,0.84,0.53,0.4,0.4,0.3,0.9,60,50,1.49,1.18,2.67,38,True,True,False,False,False,False,True,Spain_La_Liga,2016-11-05 12:00:00
2016-2017,11,2,0,2,6,6,12,2,4,0,0,4,3,10,6,14,9,17,17,57,43,Estadio Municipal de Anoeta,"Paseo de Anoeta 1, Donostia-San Sebastián",2,4,5.13,3.78,1.75,0.0,0.0,0.0,0.0,0.0,0.0,0.0,0.0,0.0,0.0,0.0,0.0,0.0,2,0,0,2,0,2,0,1478358900,290,0,30,0,24013,1,1,3,3,3,3,6,6,0,0,2,4,0,6,1,0,0,0,0,1.67,1.21,2.88,2,0,2,0,0,0,1,1,0,0,0,1,0,0,-1,-1,-1,-1,-1,-1,-1,-1,-1,40,70,20,40,Real Sociedad,Atlético Madrid,1.84,1.79,2.0,1.6,1.6,2.1,60,30,2.06,1.68,3.74,38,True,True,False,False,False,False,False,Spain_La_Liga,2016-11-05 15:15:00
2016-2017,11,0,1,1,3,4,7,5,2,0,0,4,4,4,6,8,10,17,10,45,55,Estadio El Sadar,"Carretera El Sadar, Iruñea",5,2,2.56,3.23,3.02,0.0,0.0,0.0,0.0,0.0,0.0,0.0,0.0,0.0,0.0,0.0,0.0,0.0,1,0,0,0,1,1,0,1478367000,277,0,70,0,15929,1,1,1,2,2,2,3,4,1,0,4,2,1,6,1,0,0,0,0,1.26,1.42,2.68,0,1,0,1,0,0,1,1,0,0,0,0,0,0,-1,-1,-1,-1,-1,-1,-1,-1,-1,70,90,20,70,CA Osasuna,Deportivo Alavés,0.68,1.37,0.4,0.8,0.7,1.0,30,10,1.57,1.03,2.6,38,True,False,False,False,False,False,False,Spain_La_Liga,2016-11-05 17:30:00
2016-2017,11,1,0,1,7,4,11,1,5,0,0,8,7,11,8,19,15,10,19,56,44,Estadio de Gran Canaria,"Avenida Pío XII 29, Las Palmas de Gran Canaria",1,5,2.0,3.56,4.03,0.0,0.0,0.0,0.0,0.0,0.0,0.0,0.0,0.0,0.0,0.0,0.0,0.0,1,0,0,1,0,1,0,1478375100,276,0,80,0,19361,1,1,4,1,3,3,5,6,1,2,0,3,3,3,1,0,0,0,0,2.26,1.89,4.14,1,0,1,0,0,0,1,1,0,0,0,0,0,0,-1,-1,-1,-1,-1,-1,-1,-1,-1,70,80,60,80,UD Las Palmas,SD Eibar,1.74,1.11,1.8,1.0,1.3,1.5,30,20,1.67,1.36,3.03,38,True,False,False,False,False,False,False,Spain_La_Liga,2016-11-05 19:45:00
2016-2017,11,3,0,3,2,2,4,3,5,0,0,8,3,10,4,18,7,7,20,63,37,Estadio Santiago Bernabéu,"Avenida de Concha Espina 1, Chamartín, Madrid",3,5,1.09,9.99,9.99,0.0,0.0,0.0,0.0,0.0,0.0,0.0,0.0,0.0,0.0,0.0,0.0,0.0,3,2,0,1,0,1,2,1478430000,84,0,70,0,70007,1,1,1,1,1,1,2,2,3,2,0,3,5,3,1,0,0,0,0,2.15,0.91,3.07,0,0,0,0,0,0,1,1,0,0,0,0,0,1,-1,-1,-1,-1,-1,-1,-1,-1,-1,60,80,50,70,Real Madrid,Leganés,2.42,0.74,2.2,1.8,2.4,1.0,40,20,2.5,1.42,3.92,38,True,True,True,False,False,False,False,Spain_La_Liga,2016-11-06 11:00:00
2016-2017,11,0,0,0,5,3,8,1,2,0,0,4,0,3,5,7,5,13,11,50,50,RCDE Stadium,"Avenida Baix Llobregat 100, Cornella de Llobregat",1,2,3.52,3.38,2.22,0.0,0.0,0.0,0.0,0.0,0.0,0.0,0.0,0.0,0.0,0.0,0.0,0.0,0,0,0,0,0,0,0,1478445300,-1,0,60,0,21904,1,1,3,2,2,1,5,3,1,2,0,0,3,0,1,0,0,0,0,1.1,0.65,1.76,0,0,0,0,0,0,1,1,0,0,0,1,0,1,-1,-1,-1,-1,-1,-1,-1,-1,-1,60,80,30,70,RCD Espanyol,Athletic Club Bilbao,1.53,1.05,0.6,1.2,1.1,1.6,40,20,1.27,1.23,2.5,38,False,False,False,False,False,False,False,Spain_La_Liga,2016-11-06 15:15:00
2016-2017,11,2,1,3,4,3,7,6,1,0,0,5,4,4,7,9,11,17,14,49,51,Estadio de Balaídos (Vigo),"Avenida de Balaídos, Vigo",6,1,2.28,3.54,3.23,0.0,0.0,0.0,0.0,0.0,0.0,0.0,0.0,0.0,0.0,0.0,0.0,0.0,3,1,1,1,0,1,2,1478445300,281,0,70,0,17892,1,1,1,2,3,1,3,4,3,0,3,1,3,4,1,0,0,0,0,1.35,1.38,2.73,0,1,0,1,0,0,1,1,0,0,0,0,0,0,-1,-1,-1,-1,-1,-1,-1,-1,-1,70,80,50,60,Celta de Vigo,Valencia CF,1.53,0.95,1.8,1.4,1.4,1.0,30,20,1.65,1.43,3.08,38,True,True,True,False,False,False,True,Spain_La_Liga,2016-11-06 15:15:00
2016-2017,11,2,0,2,10,1,11,0,2,0,0,2,0,4,2,6,2,15,12,56,44,Estadio de la Cerámica,"Plaza Labrador, Villarreal",0,2,1.55,4.19,6.77,0.0,0.0,0.0,0.0,0.0,0.0,0.0,0.0,0.0,0.0,0.0,0.0,0.0,2,1,0,1,0,1,1,1478453400,76,0,60,0,18343,1,1,8,0,2,1,8,3,0,0,0,2,0,2,1,0,0,0,0,0.77,0.26,1.03,0,0,0,0,0,0,1,1,0,0,0,0,0,0,-1,-1,-1,-1,-1,-1,-1,-1,-1,70,70,40,70,Villarreal,Real Betis,1.95,0.74,2.6,1.2,1.9,1.1,30,30,1.57,1.22,2.79,38,True,True,False,False,False,False,False,Spain_La_Liga,2016-11-06 17:30:00
2016-2017,11,1,2,3,3,5,8,4,6,0,0,6,7,10,8,16,15,17,12,45,55,Estadio Ramón Sánchez Pizjuán,"Avenida de Eduardo Dato, Sevilla",4,6,5.39,4.51,1.61,0.0,0.0,0.0,0.0,0.0,0.0,0.0,0.0,0.0,0.0,0.0,0.0,0.0,3,1,1,0,1,1,2,1478461500,83,0,60,0,40835,1,1,1,2,2,3,3,5,1,2,3,4,3,7,1,0,0,0,0,1.8,1.88,3.68,0,0,0,0,0,0,1,1,0,0,1,1,0,1,-1,-1,-1,-1,-1,-1,-1,-1,-1,70,70,40,70,Sevilla FC,FC Barcelona,2.42,2.21,3.0,2.4,2.1,2.2,30,30,1.92,1.78,3.7,38,True,True,True,False,False,False,True,Spain_La_Liga,2016-11-06 19:45:00
2016-2017,12,2,0,2,4,5,9,0,1,0,0,4,5,7,5,11,10,22,9,43,57,Estadio Benito Villamarín,"Avenida de Heliópolis, Sevilla",0,1,2.28,3.37,3.39,0.0,0.0,0.0,0.0,0.0,0.0,0.0,0.0,0.0,0.0,0.0,0.0,0.0,2,2,0,0,0,0,2,1479498300,284,0,70,0,31388,1,1,4,1,0,4,5,4,0,0,0,1,0,1,1,0,0,0,0,1.38,1.42,2.79,0,0,0,0,0,0,1,1,0,0,2,0,0,0,-1,-1,-1,-1,-1,-1,-1,-1,-1,70,70,50,80,Real Betis,UD Las Palmas,1.32,0.32,1.0,0.8,1.0,1.45,30,30,1.94,1.32,3.26,38,True,True,False,False,False,False,False,Spain_La_Liga,2016-11-18 19:45:00
2016-2017,12,2,3,5,3,14,17,3,2,0,0,4,6,1,8,5,14,15,12,29,71,Estadio Municipal de Riazor (A Coruña (La Coruña)),"Calle Manuel Murguía, A Coruña (La Coruña)",3,2,3.43,3.42,2.24,0.0,0.0,0.0,0.0,0.0,0.0,0.0,0.0,0.0,0.0,0.0,0.0,0.0,5,2,1,0,2,2,3,1479556800,98,0,80,0,20277,1,1,3,4,0,10,7,10,0,0,3,2,0,5,1,0,0,0,0,0.85,2.01,2.86,0,0,0,0,0,0,1,1,1,0,0,0,0,0,-1,-1,-1,-1,-1,-1,-1,-1,-1,50,80,10,80,Deportivo La Coruña,Sevilla FC,1.37,1.37,1.4,1.2,0.91,1.91,50,20,2.13,1.32,3.45,38,True,True,True,True,True,False,True,Spain_La_Liga,2016-11-19 12:00:00
2016-2017,12,0,0,0,14,1,15,0,2,0,2,8,2,19,3,27,5,13,10,82,18,Camp Nou,"Carrer d'Arístides Maillol, Barcelona",0,6,1.1,9.99,9.99,0.0,0.0,0.0,0.0,0.0,0.0,0.0,0.0,0.0,0.0,0.0,0.0,0.0,0,0,0,0,0,0,0,1479568500,-1,0,60,0,83439,1,1,6,0,8,1,6,9,0,1,0,3,1,3,1,0,0,0,0,3.21,0.58,3.8,0,0,0,0,0,0,1,1,0,0,0,0,0,0,-1,-1,-1,-1,-1,-1,-1,-1,-1,50,70,30,90,FC Barcelona,Málaga CF,2.53,0.74,2.0,0.4,2.27,1.36,50,30,2.57,1.63,4.2,38,False,False,False,False,False,False,False,Spain_La_Liga,2016-11-19 15:15:00
2016-2017,12,1,0,1,7,0,7,2,5,0,2,9,3,4,1,13,4,9,14,50,50,Estadio Municipal de Ipurúa,"Calle de Ipurúa, Eibar",2,9,2.58,3.35,2.9,0.0,0.0,0.0,0.0,0.0,0.0,0.0,0.0,0.0,0.0,0.0,0.0,0.0,1,1,0,0,0,0,1,1479576600,279,0,50,0,5503,1,1,3,0,4,0,3,4,0,1,2,6,1,8,1,0,0,0,0,2.18,0.98,3.16,0,0,0,0,0,0,1,1,1,0,1,0,0,0,-1,-1,-1,-1,-1,-1,-1,-1,-1,50,80,30,50,SD Eibar,Celta de Vigo,1.74,0.84,2.0,1.0,1.36,1.55,50,20,1.84,1.38,3.22,38,True,False,False,False,False,False,False,Spain_La_Liga,2016-11-19 17:30:00
2016-2017,12,0,3,3,8,6,14,4,2,0,0,7,8,7,4,14,12,21,14,48,52,Estadio Vicente Calderón (Madrid),"Paseo Virgen del Puerto 67, Madrid",4,2,2.82,3.4,2.62,0.0,0.0,0.0,0.0,0.0,0.0,0.0,0.0,0.0,0.0,0.0,0.0,0.0,3,0,1,0,2,2,1,1479584700,84,0,60,0,53741,1,1,2,4,6,2,6,8,1,0,3,2,1,5,1,0,0,0,0,1.95,1.68,3.63,0,1,0,1,0,0,1,1,0,0,0,1,0,0,-1,-1,-1,-1,-1,-1,-1,-1,-1,70,90,70,80,Atlético Madrid,Real Madrid,2.32,2.47,2.6,2.6,1.91,2.45,30,10,2.26,2.44,4.7,38,True,True,True,False,False,False,False,Spain_La_Liga,2016-11-19 19:45:00
2016-2017,12,0,1,1,2,5,7,5,2,0,0,0,0,0,0,0,0,12,11,-1,-1,Estadio de Mendizorroza,"Paseo de Cervantes, Vitoria-Gasteiz",5,2,2.51,3.16,3.17,0.0,0.0,0.0,0.0,0.0,0.0,0.0,0.0,0.0,0.0,0.0,0.0,0.0,1,0,0,0,1,1,0,1479639600,280,0,60,0,19550,-1,1,-1,-1,-1,-1,-1,-1,1,1,4,1,2,5,-1,0,0,0,0,0.0,0.0,0.0,0,1,0,0,0,1,1,1,0,0,-1,-1,0,0,-1,-1,-1,-1,-1,-1,-1,-1,-1,40,60,20,40,Deportivo Alavés,RCD Espanyol,1.53,1.42,1.2,1.6,1.18,1.09,60,40,1.46,1.02,2.48,38,True,False,False,False,False,False,False,Spain_La_Liga,2016-11-20 11:00:00
2016-2017,12,1,1,2,11,2,13,1,5,0,0,10,6,8,4,18,10,7,15,61,39,Estadio de Mestalla,"Avenida de Suecia, Valencia",1,5,1.37,5.25,9.28,0.0,0.0,0.0,0.0,0.0,0.0,0.0,0.0,0.0,0.0,0.0,0.0,0.0,2,0,1,1,0,1,1,1479654900,-1,0,80,0,34884,1,1,4,1,7,1,5,8,1,1,0,4,2,4,1,0,0,0,0,2.59,1.38,3.97,0,0,0,0,0,0,1,1,0,0,1,0,1,0,-1,-1,-1,-1,-1,-1,-1,-1,-1,80,90,50,70,Valencia CF,Granada CF,1.47,0.21,0.6,0.2,0.91,0.36,20,10,1.72,1.35,3.07,38,True,True,False,False,False,False,True,Spain_La_Liga,2016-11-20 15:15:00
2016-2017,12,1,3,4,3,5,8,2,1,0,0,3,10,3,10,6,20,18,8,42,58,Estadio Municipal El Molinón,"Parque de Isabel la Católica, Gijón",2,1,3.06,3.33,2.48,0.0,0.0,0.0,0.0,0.0,0.0,0.0,0.0,0.0,0.0,0.0,0.0,0.0,4,1,1,0,2,2,2,1479663000,290,0,60,0,23439,1,1,0,3,3,2,3,5,1,0,1,1,1,2,1,0,0,0,0,0.93,2.51,3.45,0,0,0,0,0,0,1,1,0,0,0,1,0,0,-1,-1,-1,-1,-1,-1,-1,-1,-1,60,100,50,80,Sporting Gijón,Real Sociedad,1.0,1.53,1.4,1.2,0.82,1.73,40,0,1.24,1.24,2.48,38,True,True,True,True,False,False,True,Spain_La_Liga,2016-11-20 17:30:00
2016-2017,12,1,0,1,6,5,11,0,2,0,0,7,3,8,1,15,4,13,17,53,47,San Mamés Barria,"Rafael Moreno Pitxitxi Kalea, Bilbao",0,2,2.05,3.31,4.15,0.0,0.0,0.0,0.0,0.0,0.0,0.0,0.0,0.0,0.0,0.0,0.0,0.0,1,0,0,1,0,1,0,1479671100,285,0,70,0,38399,1,1,4,4,2,1,8,3,0,1,0,1,1,1,1,0,0,0,0,1.98,0.74,2.72,0,0,0,0,0,0,1,1,0,0,1,0,0,0,-1,-1,-1,-1,-1,-1,-1,-1,-1,40,80,30,80,Athletic Club Bilbao,Villarreal,2.26,1.58,2.0,1.2,1.55,2.0,60,20,1.87,1.15,3.02,38,True,False,False,False,False,False,False,Spain_La_Liga,2016-11-20 19:45:00
2016-2017,12,2,0,2,3,2,5,2,3,0,0,6,3,6,2,12,5,13,17,54,46,Estadio Municipal de Butarque,"Calle Arquitectura, Leganés",2,3,1.97,3.42,4.35,0.0,0.0,0.0,0.0,0.0,0.0,0.0,0.0,0.0,0.0,0.0,0.0,0.0,2,1,0,1,0,1,1,1479757500,278,0,80,0,8827,1,1,0,0,3,2,0,5,1,1,1,2,2,3,1,0,0,0,0,1.67,0.84,2.5,0,0,0,0,0,0,1,1,1,0,0,0,0,0,-1,-1,-1,-1,-1,-1,-1,-1,-1,60,90,60,80,Leganés,CA Osasuna,1.11,0.47,0.2,1.0,0.91,0.64,40,10,1.58,1.28,2.86,38,True,True,False,False,False,False,False,Spain_La_Liga,2016-11-21 19:45:00
2016-2017,13,3,1,4,5,1,6,0,1,0,1,8,4,8,3,16,7,9,6,60,40,Estadio Municipal de Ipurúa,"Calle de Ipurúa, Eibar",0,3,2.1,3.42,3.82,0.0,0.0,0.0,0.0,0.0,0.0,0.0,0.0,0.0,0.0,0.0,0.0,0.0,4,2,0,1,1,2,2,1480103100,279,0,50,0,5146,1,1,5,0,0,1,5,1,0,1,0,1,1,1,1,0,0,0,0,2.22,1.13,3.35,0,0,0,0,0,0,1,1,0,0,1,0,0,0,-1,-1,-1,-1,-1,-1,-1,-1,-1,42,67,17,67,SD Eibar,Real Betis,1.74,0.74,2.17,1.0,1.5,1.17,59,33,1.91,1.03,2.94,38,True,True,True,True,False,False,True,Spain_La_Liga,2016-11-25 19:45:00
2016-2017,13,4,3,7,2,5,7,3,1,0,0,6,7,5,9,11,16,11,12,41,59,Estadio La Rosaleda,"Avenida de la Palmilla / Paseo de Martiricos, Málaga",3,1,1.9,3.52,4.54,0.0,0.0,0.0,0.0,0.0,0.0,0.0,0.0,0.0,0.0,0.0,0.0,0.0,7,2,1,2,2,4,3,1480161600,283,0,50,0,12996,1,1,0,1,2,4,1,6,0,1,3,0,1,3,1,0,0,0,0,1.5,2.1,3.61,1,1,1,1,0,0,1,1,0,1,0,0,0,1,-1,-1,-1,-1,-1,-1,-1,-1,-1,50,75,50,58,Málaga CF,Deportivo La Coruña,1.68,0.53,2.17,0.5,1.33,0.83,50,25,1.93,1.25,3.18,38,True,True,True,True,True,True,True,Spain_La_Liga,2016-11-26 12:00:00
2016-2017,13,2,1,3,5,6,11,1,3,0,0,8,4,9,5,17,9,9,15,50,50,Estadio Santiago Bernabéu,"Avenida de Concha Espina 1, Chamartín, Madrid",1,3,1.07,9.99,9.99,0.0,0.0,0.0,0.0,0.0,0.0,0.0,0.0,0.0,0.0,0.0,0.0,0.0,3,2,1,0,0,0,3,1480173300,84,0,67,0,67118,1,1,3,5,2,1,8,3,0,1,1,2,1,3,1,0,0,0,0,2.04,1.27,3.31,1,1,1,0,0,1,1,1,1,0,0,0,0,0,-1,-1,-1,-1,-1,-1,-1,-1,-1,67,84,50,67,Real Madrid,Sporting Gijón,2.42,0.63,2.33,0.33,2.5,0.75,33,17,2.41,1.0,3.41,38,True,True,True,False,False,False,True,Spain_La_Liga,2016-11-26 15:15:00
2016-2017,13,3,0,3,3,4,7,1,2,0,0,5,4,4,4,9,8,19,14,43,57,RCDE Stadium,"Avenida Baix Llobregat 100, Cornella de Llobregat",1,2,2.03,3.28,4.3,0.0,0.0,0.0,0.0,0.0,0.0,0.0,0.0,0.0,0.0,0.0,0.0,0.0,3,0,0,3,0,3,0,1480181400,280,0,33,0,17137,1,1,3,2,0,2,5,2,0,1,1,1,1,2,1,0,0,0,0,1.23,1.21,2.45,0,0,0,0,0,0,1,1,0,0,0,2,0,0,-1,-1,-1,-1,-1,-1,-1,-1,-1,50,67,34,59,RCD Espanyol,Leganés,1.53,0.74,0.67,1.5,1.25,1.08,50,33,1.24,1.32,2.56,38,True,True,True,False,False,False,False,Spain_La_Liga,2016-11-26 17:30:00
2016-2017,13,2,1,3,3,6,9,0,1,0,0,3,4,5,6,8,10,19,14,49,51,Estadio Ramón Sánchez Pizjuán,"Avenida de Eduardo Dato, Sevilla",0,1,1.87,3.79,4.32,0.0,0.0,0.0,0.0,0.0,0.0,0.0,0.0,0.0,0.0,0.0,0.0,0.0,3,0,0,2,1,3,0,1480189500,98,0,75,0,31988,1,1,1,4,2,2,5,4,0,0,0,1,0,1,1,0,0,0,0,1.19,1.44,2.63,0,0,0,0,0,0,1,1,0,0,0,0,0,0,-1,-1,-1,-1,-1,-1,-1,-1,-1,67,75,50,67,Sevilla FC,Valencia CF,2.42,0.95,2.5,1.17,2.0,0.92,33,25,1.9,1.42,3.32,38,True,True,True,False,False,False,True,Spain_La_Liga,2016-11-26 19:45:00
2016-2017,13,0,2,2,12,1,13,2,3,0,0,8,6,11,2,19,8,11,19,62,38,Estadio de la Cerámica,"Plaza Labrador, Villarreal",2,3,1.54,4.13,7.14,0.0,0.0,0.0,0.0,0.0,0.0,0.0,0.0,0.0,0.0,0.0,0.0,0.0,2,0,2,0,0,0,2,1480244400,277,0,59,0,15226,1,1,6,1,6,0,7,6,2,0,0,3,2,3,1,0,0,0,0,2.48,1.2,3.68,0,0,0,0,0,0,1,1,0,1,0,0,0,0,-1,-1,-1,-1,-1,-1,-1,-1,-1,67,83,34,67,Villarreal,Deportivo Alavés,1.95,1.37,2.67,1.17,1.83,1.08,33,17,1.43,1.11,2.54,38,True,True,False,False,False,False,False,Spain_La_Liga,2016-11-27 11:00:00
2016-2017,13,0,3,3,7,4,11,2,2,0,0,0,6,8,1,8,7,12,6,57,43,Estadio El Sadar,"Carretera El Sadar, Iruñea",2,2,9.99,5.31,1.3,0.0,0.0,0.0,0.0,0.0,0.0,0.0,0.0,0.0,0.0,0.0,0.0,0.0,3,0,2,0,1,1,2,1480259700,117,0,34,0,16385,1,1,5,3,2,1,8,3,2,2,0,0,4,0,1,0,0,0,0,1.07,1.28,2.35,1,0,0,0,1,0,1,1,0,0,1,0,1,0,-1,-1,-1,-1,-1,-1,-1,-1,-1,34,67,9,42,CA Osasuna,Atlético Madrid,0.68,1.79,0.33,1.33,0.58,1.75,67,33,1.51,1.58,3.09,38,True,True,True,False,False,False,False,Spain_La_Liga,2016-11-27 15:15:00
2016-2017,13,3,1,4,5,0,5,0,3,0,0,7,2,12,6,19,8,4,10,62,38,Estadio de Balaídos (Vigo),"Avenida de Balaídos, Vigo",0,3,1.4,4.98,8.6,0.0,0.0,0.0,0.0,0.0,0.0,0.0,0.0,0.0,0.0,0.0,0.0,0.0,4,2,0,1,1,2,2,1480267800,281,0,75,0,15697,1,1,0,0,5,0,0,5,0,2,0,1,2,1,1,0,0,0,0,2.27,0.93,3.19,0,0,0,0,0,0,1,1,0,0,0,0,0,0,-1,-1,-1,-1,-1,-1,-1,-1,-1,75,83,50,59,Celta de Vigo,Granada CF,1.53,0.21,2.0,0.33,1.42,0.42,25,17,1.59,1.36,2.95,38,True,True,True,True,False,False,True,Spain_La_Liga,2016-11-27 17:30:00
2016-2017,13,1,1,2,8,6,14,2,4,0,0,7,3,11,8,18,11,15,16,58,42,Estadio Municipal de Anoeta,"Paseo de Anoeta 1, Donostia-San Sebastián",2,4,8.18,5.36,1.39,0.0,0.0,0.0,0.0,0.0,0.0,0.0,0.0,0.0,0.0,0.0,0.0,0.0,2,0,0,1,1,2,0,1480275900,-1,0,50,0,27639,1,1,8,2,0,4,10,4,0,1,2,3,1,5,1,0,0,0,0,2.15,1.26,3.41,0,0,0,0,0,0,1,1,0,0,2,0,0,0,-1,-1,-1,-1,-1,-1,-1,-1,-1,67,83,50,75,Real Sociedad,FC Barcelona,1.84,2.21,2.17,2.5,1.83,2.17,34,17,1.98,1.79,3.77,38,True,True,False,False,False,False,True,Spain_La_Liga,2016-11-27 19:45:00
2016-2017,13,3,1,4,5,3,8,3,5,0,1,5,4,6,7,11,11,16,20,48,52,Estadio de Gran Canaria,"Avenida Pío XII 29, Las Palmas de Gran Canaria",3,6,2.47,3.37,3.04,0.0,0.0,0.0,0.0,0.0,0.0,0.0,0.0,0.0,0.0,0.0,0.0,0.0,4,1,0,2,1,3,1,1480362300,276,0,59,0,20717,1,1,3,1,2,2,4,4,0,2,3,4,2,7,1,0,0,0,0,1.34,1.4,2.74,0,1,0,1,0,0,1,1,0,0,0,0,0,0,-1,-1,-1,-1,-1,-1,-1,-1,-1,59,59,42,67,UD Las Palmas,Athletic Club Bilbao,1.74,1.05,2.0,1.17,1.33,1.67,42,42,1.77,1.12,2.89,38,True,True,True,True,False,False,True,Spain_La_Liga,2016-11-28 19:45:00
2016-2017,14,2,1,3,4,8,12,5,2,0,0,7,5,2,4,9,9,17,17,38,62,Estadio Nuevo Los Cármenes,"Calle Pintor Manuel Maldonado, Granada",5,2,4.9,3.8,1.78,0.0,0.0,0.0,0.0,0.0,0.0,0.0,0.0,0.0,0.0,0.0,0.0,0.0,3,1,0,1,1,2,1,1480766400,282,0,75,0,15832,1,1,1,6,3,2,7,5,3,1,2,1,4,3,1,0,0,0,0,1.16,1.09,2.25,0,1,0,1,0,0,1,1,0,0,1,3,0,0,-1,-1,-1,-1,-1,-1,-1,-1,-1,42,75,25,58,Granada CF,Sevilla FC,0.84,1.37,0.5,1.5,0.38,2.08,59,25,1.58,1.46,3.04,38,True,True,True,False,False,False,True,Spain_La_Liga,2016-12-03 12:00:00
2016-2017,14,1,1,2,5,7,12,4,2,0,0,3,6,9,7,12,13,18,15,55,45,Camp Nou,"Carrer d'Arístides Maillol, Barcelona",4,2,1.93,3.9,3.92,0.0,0.0,0.0,0.0,0.0,0.0,0.0,0.0,0.0,0.0,0.0,0.0,0.0,2,0,0,1,1,2,0,1480778100,-1,0,50,0,98485,1,1,3,3,2,4,6,6,1,1,3,1,2,4,1,0,0,0,0,1.54,1.76,3.3,0,0,0,0,0,0,1,1,0,0,1,0,0,0,-1,-1,-1,-1,-1,-1,-1,-1,-1,67,84,50,84,FC Barcelona,Real Madrid,2.53,2.47,1.83,2.67,2.08,2.54,34,17,2.73,2.29,5.02,38,True,True,False,False,False,False,True,Spain_La_Liga,2016-12-03 15:15:00
2016-2017,14,0,0,0,2,4,6,6,3,0,0,4,5,4,3,8,8,21,14,48,52,Estadio Municipal de Butarque,"Calle Arquitectura, Leganés",6,3,3.37,3.32,2.31,0.0,0.0,0.0,0.0,0.0,0.0,0.0,0.0,0.0,0.0,0.0,0.0,0.0,0,0,0,0,0,0,0,1480786200,-1,0,50,0,8526,1,1,1,0,1,4,1,5,3,2,3,1,5,4,1,0,0,0,0,0.92,1.0,1.92,0,0,0,0,0,0,1,1,0,0,0,0,0,0,-1,-1,-1,-1,-1,-1,-1,-1,-1,34,75,25,67,Leganés,Villarreal,1.11,1.58,0.67,1.0,1.0,1.69,67,25,1.6,1.07,2.67,38,False,False,False,False,False,False,False,Spain_La_Liga,2016-12-03 17:30:00
2016-2017,14,0,0,0,9,2,11,2,2,0,0,4,4,5,1,9,5,11,18,73,27,Estadio Vicente Calderón (Madrid),"Paseo Virgen del Puerto 67, Madrid",2,2,1.25,6.2,9.99,0.0,0.0,0.0,0.0,0.0,0.0,0.0,0.0,0.0,0.0,0.0,0.0,0.0,0,0,0,0,0,0,0,1480794300,-1,0,50,0,39707,1,1,4,0,5,2,4,7,1,1,1,1,2,2,1,0,0,0,0,1.73,0.81,2.54,0,0,0,0,0,0,1,1,0,0,1,0,0,0,-1,-1,-1,-1,-1,-1,-1,-1,-1,50,67,34,50,Atlético Madrid,RCD Espanyol,2.32,1.42,2.17,1.83,1.85,1.38,50,34,2.2,1.02,3.22,38,False,False,False,False,False,False,False,Spain_La_Liga,2016-12-03 19:45:00
2016-2017,14,3,3,6,4,3,7,5,1,1,0,8,7,7,5,15,12,24,13,46,54,Estadio Benito Villamarín,"Avenida de Heliópolis, Sevilla",6,1,2.33,3.46,3.2,0.0,0.0,0.0,0.0,0.0,0.0,0.0,0.0,0.0,0.0,0.0,0.0,0.0,6,1,1,2,2,4,2,1480849200,-1,0,33,0,27241,1,1,0,1,4,2,1,6,2,0,4,1,2,5,1,0,0,0,0,1.94,1.66,3.6,1,0,1,0,0,0,1,1,0,0,0,0,0,0,-1,-1,-1,-1,-1,-1,-1,-1,-1,42,59,42,59,Real Betis,Celta de Vigo,1.32,0.84,1.33,0.83,1.08,1.54,59,42,1.83,1.3,3.13,38,True,True,True,True,True,True,True,Spain_La_Liga,2016-12-04 11:00:00
2016-2017,14,3,1,4,2,2,4,1,4,0,0,5,4,4,3,9,7,8,16,47,53,San Mamés Barria,"Rafael Moreno Pitxitxi Kalea, Bilbao",1,4,1.7,3.86,5.48,0.0,0.0,0.0,0.0,0.0,0.0,0.0,0.0,0.0,0.0,0.0,0.0,0.0,4,1,0,2,1,3,1,1480864500,285,0,75,0,42831,1,1,2,1,0,1,3,1,0,3,1,1,3,2,1,0,0,0,0,1.27,1.14,2.41,0,0,0,0,0,0,1,1,0,0,0,0,0,0,-1,-1,-1,-1,-1,-1,-1,-1,-1,59,75,42,75,Athletic Club Bilbao,SD Eibar,2.26,1.11,2.17,0.83,1.54,1.62,42,25,1.9,1.49,3.39,38,True,True,True,True,False,False,True,Spain_La_Liga,2016-12-04 15:15:00
2016-2017,14,1,1,2,3,5,8,3,3,0,0,2,4,5,5,7,9,13,11,37,63,Estadio de Mendizorroza,"Paseo de Cervantes, Vitoria-Gasteiz",3,3,2.59,3.38,2.87,0.0,0.0,0.0,0.0,0.0,0.0,0.0,0.0,0.0,0.0,0.0,0.0,0.0,2,1,0,0,1,1,1,1480872600,-1,0,67,0,18724,1,1,3,2,0,3,5,3,1,2,2,1,3,3,1,0,0,0,0,0.9,1.29,2.2,0,0,0,0,0,0,1,1,1,0,3,0,0,1,-1,-1,-1,-1,-1,-1,-1,-1,-1,58,75,42,67,Deportivo Alavés,UD Las Palmas,1.53,0.32,1.0,0.67,1.23,1.46,42,25,1.46,1.34,2.8,38,True,True,False,False,False,False,True,Spain_La_Liga,2016-12-04 17:30:00
2016-2017,14,3,1,4,2,5,7,3,1,0,0,6,3,4,12,10,15,17,13,57,43,Estadio Municipal El Molinón,"Parque de Isabel la Católica, Gijón",3,1,2.03,3.48,3.99,0.0,0.0,0.0,0.0,0.0,0.0,0.0,0.0,0.0,0.0,0.0,0.0,0.0,4,1,0,2,1,3,1,1480872600,289,0,83,0,25800,1,1,1,0,1,5,1,6,1,1,2,0,2,2,1,0,0,0,0,1.4,1.59,3.0,0,0,0,0,0,0,1,1,0,0,0,0,0,0,-1,-1,-1,-1,-1,-1,-1,-1,-1,67,100,75,83,Sporting Gijón,CA Osasuna,1.0,0.47,1.17,0.83,0.69,0.54,34,0,1.18,1.17,2.35,38,True,True,True,True,False,False,True,Spain_La_Liga,2016-12-04 17:30:00
2016-2017,14,2,2,4,2,13,15,5,1,0,0,0,0,0,0,0,0,15,7,-1,-1,Estadio de Mestalla,"Avenida de Suecia, Valencia",5,1,1.83,3.74,4.6,0.0,0.0,0.0,0.0,0.0,0.0,0.0,0.0,0.0,0.0,0.0,0.0,0.0,4,2,1,0,1,1,3,1480880700,-1,0,67,0,23121,-1,1,-1,-1,-1,-1,-1,-1,1,1,4,0,2,4,-1,0,0,0,0,0.0,0.0,0.0,0,0,0,0,0,0,1,1,1,1,-1,-1,0,1,-1,-1,-1,-1,-1,-1,-1,-1,-1,50,75,25,83,Valencia CF,Málaga CF,1.47,0.74,0.67,0.5,0.85,1.46,50,25,1.89,1.42,3.31,38,True,True,True,True,False,False,True,Spain_La_Liga,2016-12-04 19:45:00
2016-2017,14,5,1,6,8,6,14,1,4,0,0,11,4,4,9,15,13,15,8,45,55,Estadio Municipal de Riazor (A Coruña (La Coruña)),"Calle Manuel Murguía, A Coruña (La Coruña)",1,4,2.63,3.32,2.87,0.0,0.0,0.0,0.0,0.0,0.0,0.0,0.0,0.0,0.0,0.0,0.0,0.0,6,3,0,2,1,3,3,1480967100,286,0,67,0,20548,1,1,5,3,3,3,8,6,0,0,1,4,0,5,1,0,0,0,0,2.17,1.51,3.69,1,0,0,0,1,0,1,1,0,0,3,3,0,0,-1,-1,-1,-1,-1,-1,-1,-1,-1,59,92,25,83,Deportivo La Coruña,Real Sociedad,1.37,1.53,1.17,1.5,0.77,1.77,42,9,1.88,1.49,3.37,38,True,True,True,True,True,True,True,Spain_La_Liga,2016-12-05 19:45:00
2016-2017,15,1,1,2,6,2,8,3,5,0,0,8,3,9,6,17,9,18,13,44,56,Estadio La Rosaleda,"Avenida de la Palmilla / Paseo de Martiricos, Málaga",3,5,1.55,4.16,6.87,0.0,0.0,0.0,0.0,0.0,0.0,0.0,0.0,0.0,0.0,0.0,0.0,0.0,2,1,0,0,1,1,1,1481312700,-1,0,79,0,20299,1,1,2,1,4,1,3,5,1,1,2,4,2,6,1,0,0,0,0,2.05,1.16,3.21,0,0,0,0,0,0,1,1,0,0,1,0,0,0,-1,-1,-1,-1,-1,-1,-1,-1,-1,71,93,64,79,Málaga CF,Granada CF,1.68,0.21,2.29,0.29,1.43,0.57,29,7,1.86,1.29,3.15,38,True,True,False,False,False,False,True,Spain_La_Liga,2016-12-09 19:45:00
2016-2017,15,0,3,3,2,5,7,3,0,0,0,2,7,4,9,6,16,17,6,24,76,Estadio El Sadar,"Carretera El Sadar, Iruñea",3,0,9.99,7.14,1.22,0.0,0.0,0.0,0.0,0.0,0.0,0.0,0.0,0.0,0.0,0.0,0.0,0.0,3,0,0,0,3,3,0,1481371200,83,0,57,0,17349,1,1,1,3,1,2,4,3,1,0,2,0,1,2,1,0,0,0,0,0.8,2.19,2.99,0,0,0,0,0,0,1,1,0,0,1,0,0,0,-1,-1,-1,-1,-1,-1,-1,-1,-1,64,79,43,79,CA Osasuna,FC Barcelona,0.68,2.21,0.29,2.29,0.5,2.0,36,22,1.44,1.72,3.16,38,True,True,True,False,False,False,False,Spain_La_Liga,2016-12-10 12:00:00
2016-2017,15,3,2,5,8,4,12,4,5,0,1,6,4,8,3,14,7,15,18,63,37,Estadio Municipal de Anoeta,"Paseo de Anoeta 1, Donostia-San Sebastián",4,6,2.02,3.64,3.83,0.0,0.0,0.0,0.0,0.0,0.0,0.0,0.0,0.0,0.0,0.0,0.0,0.0,5,2,1,1,1,2,3,1481382900,290,0,65,0,22817,1,1,4,3,4,1,7,5,1,0,3,6,1,9,1,0,0,0,0,1.91,1.12,3.03,1,1,0,1,1,0,1,1,1,0,1,0,0,0,-1,-1,-1,-1,-1,-1,-1,-1,-1,57,86,43,57,Real Sociedad,Valencia CF,1.84,0.95,2.0,1.0,1.64,0.86,43,14,2.01,1.43,3.44,38,True,True,True,True,True,False,True,Spain_La_Liga,2016-12-10 15:15:00
2016-2017,15,1,1,2,6,4,10,3,3,0,0,3,6,4,4,7,10,15,14,62,38,Estadio de Gran Canaria,"Avenida Pío XII 29, Las Palmas de Gran Canaria",3,3,1.78,3.77,4.95,0.0,0.0,0.0,0.0,0.0,0.0,0.0,0.0,0.0,0.0,0.0,0.0,0.0,2,1,0,0,1,1,1,1481391000,-1,0,43,0,19131,-1,1,-1,-1,-1,-1,-1,-1,0,3,3,0,3,3,1,0,0,0,0,1.27,1.59,2.86,0,1,0,1,0,0,1,1,0,0,-1,-1,0,1,-1,-1,-1,-1,-1,-1,-1,-1,-1,64,64,43,64,UD Las Palmas,Leganés,1.74,0.74,2.14,1.29,1.43,1.0,36,36,1.71,1.3,3.01,38,True,True,False,False,False,False,True,Spain_La_Liga,2016-12-10 17:30:00
2016-2017,15,3,2,5,10,3,13,3,4,0,0,8,3,13,2,21,5,17,16,62,38,Estadio Santiago Bernabéu,"Avenida de Concha Espina 1, Chamartín, Madrid",3,4,1.12,9.99,9.99,0.0,0.0,0.0,0.0,0.0,0.0,0.0,0.0,0.0,0.0,0.0,0.0,0.0,5,0,0,3,2,5,0,1481399100,84,0,65,0,67174,1,1,7,2,3,1,9,4,0,2,3,2,2,5,1,0,0,0,0,2.54,0.77,3.31,0,0,0,0,0,0,1,1,0,0,0,0,0,0,-1,-1,-1,-1,-1,-1,-1,-1,-1,57,79,57,65,Real Madrid,Deportivo La Coruña,2.42,0.53,2.43,0.43,2.43,0.93,43,22,2.34,1.39,3.73,38,True,True,True,True,True,False,True,Spain_La_Liga,2016-12-10 19:45:00
2016-2017,15,0,0,0,7,2,9,1,1,0,0,2,3,6,0,8,3,13,9,63,37,Estadio Municipal de Ipurúa,"Calle de Ipurúa, Eibar",1,1,1.96,3.46,4.32,0.0,0.0,0.0,0.0,0.0,0.0,0.0,0.0,0.0,0.0,0.0,0.0,0.0,0,0,0,0,0,0,0,1481454000,-1,0,57,0,5666,1,1,1,0,6,2,1,8,1,1,0,0,2,0,1,0,0,0,0,1.23,0.68,1.9,0,0,0,0,0,0,1,1,0,0,0,0,0,0,-1,-1,-1,-1,-1,-1,-1,-1,-1,50,79,29,64,SD Eibar,Deportivo Alavés,1.74,1.37,2.29,1.43,1.5,1.21,50,22,1.96,1.12,3.08,38,False,False,False,False,False,False,False,Spain_La_Liga,2016-12-11 11:00:00
2016-2017,15,0,3,3,4,6,10,3,3,0,0,6,5,7,5,13,10,13,13,51,49,Estadio de Balaídos (Vigo),"Avenida de Balaídos, Vigo",3,3,2.89,3.52,2.5,0.0,0.0,0.0,0.0,0.0,0.0,0.0,0.0,0.0,0.0,0.0,0.0,0.0,3,0,0,0,3,3,0,1481469300,98,0,79,0,19350,1,1,2,4,2,2,6,4,1,0,2,3,1,5,1,0,0,0,0,1.82,1.49,3.31,0,1,0,1,0,0,1,1,0,0,0,1,0,0,-1,-1,-1,-1,-1,-1,-1,-1,-1,72,86,43,72,Celta de Vigo,Sevilla FC,1.53,1.37,2.14,1.29,1.5,1.93,29,14,1.7,1.4,3.1,38,True,True,True,False,False,False,False,Spain_La_Liga,2016-12-11 15:15:00
2016-2017,15,2,1,3,4,3,7,1,2,0,0,7,7,6,5,13,12,12,10,45,55,RCDE Stadium,"Avenida Baix Llobregat 100, Cornella de Llobregat",1,2,1.75,3.7,5.28,0.0,0.0,0.0,0.0,0.0,0.0,0.0,0.0,0.0,0.0,0.0,0.0,0.0,3,0,0,2,1,3,0,1481477400,280,0,43,0,19353,1,1,2,3,2,0,5,2,0,0,1,2,0,3,1,0,0,0,0,1.7,1.69,3.39,0,0,0,0,0,0,1,1,0,0,0,0,0,0,-1,-1,-1,-1,-1,-1,-1,-1,-1,57,71,29,50,RCD Espanyol,Sporting Gijón,1.53,0.63,1.0,0.29,1.36,0.86,43,29,1.24,1.04,2.28,38,True,True,True,False,False,False,True,Spain_La_Liga,2016-12-11 17:30:00
2016-2017,15,1,0,1,3,7,10,3,2,0,0,2,4,5,8,7,12,13,12,41,59,Estadio Benito Villamarín,"Avenida de Heliópolis, Sevilla",3,2,3.07,3.39,2.44,0.0,0.0,0.0,0.0,0.0,0.0,0.0,0.0,0.0,0.0,0.0,0.0,0.0,1,1,0,0,0,0,1,1481485500,284,0,57,0,33024,-1,1,-1,-1,-1,-1,-1,-1,2,1,1,1,3,2,1,0,0,0,0,0.88,1.53,2.41,0,0,0,0,0,0,1,1,0,0,-1,-1,0,1,-1,-1,-1,-1,-1,-1,-1,-1,-1,57,64,43,71,Real Betis,Athletic Club Bilbao,1.32,1.05,1.29,1.0,1.07,1.64,43,36,1.85,1.16,3.01,38,True,False,False,False,False,False,False,Spain_La_Liga,2016-12-11 19:45:00
2016-2017,15,3,0,3,2,7,9,3,3,0,0,5,3,3,9,8,12,13,13,46,54,Estadio de la Cerámica,"Plaza Labrador, Villarreal",3,3,4.29,3.39,1.99,0.0,0.0,0.0,0.0,0.0,0.0,0.0,0.0,0.0,0.0,0.0,0.0,0.0,3,2,0,1,0,1,2,1481571900,76,0,29,0,19370,1,1,1,3,1,4,4,5,2,1,1,2,3,3,1,0,0,0,0,1.25,1.53,2.78,0,0,0,0,0,0,1,1,0,0,0,0,0,0,-1,-1,-1,-1,-1,-1,-1,-1,-1,43,79,36,58,Villarreal,Atlético Madrid,1.95,1.79,2.29,1.57,1.64,1.79,57,22,1.58,1.53,3.11,38,True,True,True,False,False,False,False,Spain_La_Liga,2016-12-12 19:45:00
2016-2017,16,1,0,1,6,4,10,6,1,0,0,3,4,7,3,10,7,19,6,45,55,Estadio de Mendizorroza,"Paseo de Cervantes, Vitoria-Gasteiz",6,1,2.26,3.18,3.66,0.0,0.0,0.0,0.0,0.0,0.0,0.0,0.0,0.0,0.0,0.0,0.0,0.0,1,0,0,1,0,1,0,1481917500,277,0,57,0,13265,1,1,3,2,3,2,5,5,2,0,4,1,2,5,1,0,0,0,0,1.28,1.09,2.37,0,0,0,0,0,0,1,1,0,0,0,0,0,0,-1,-1,-1,-1,-1,-1,-1,-1,-1,43,64,22,57,Deportivo Alavés,Real Betis,1.53,0.74,1.0,0.86,1.2,1.2,57,36,1.37,1.05,2.42,38,True,False,False,False,False,False,False,Spain_La_Liga,2016-12-16 19:45:00
2016-2017,16,1,3,4,12,2,14,2,1,0,0,7,8,7,4,14,12,14,16,51,49,Estadio Municipal El Molinón,"Parque de Isabel la Católica, Gijón",2,1,3.6,3.33,2.21,0.0,0.0,0.0,0.0,0.0,0.0,0.0,0.0,0.0,0.0,0.0,0.0,0.0,4,0,2,1,1,2,2,1481976000,76,0,65,0,19662,1,1,4,0,8,2,4,10,0,1,2,0,1,2,1,0,0,0,0,1.98,1.68,3.66,0,0,0,0,0,0,1,1,0,0,1,0,0,0,-1,-1,-1,-1,-1,-1,-1,-1,-1,50,79,43,65,Sporting Gijón,Villarreal,1.0,1.58,1.43,1.0,0.8,1.73,50,22,1.22,1.05,2.27,38,True,True,True,True,False,False,True,Spain_La_Liga,2016-12-17 12:00:00
2016-2017,16,1,0,1,8,5,13,2,1,0,0,3,4,13,7,16,11,13,11,47,53,Estadio Vicente Calderón (Madrid),"Paseo Virgen del Puerto 67, Madrid",2,1,1.23,6.35,9.99,0.0,0.0,0.0,0.0,0.0,0.0,0.0,0.0,0.0,0.0,0.0,0.0,0.0,1,0,0,1,0,1,0,1481987700,117,0,65,0,39388,1,1,5,2,3,3,7,6,1,0,1,1,1,2,1,0,0,0,0,1.69,1.4,3.09,0,0,0,0,0,0,1,1,0,0,1,0,0,0,-1,-1,-1,-1,-1,-1,-1,-1,-1,64,86,50,79,Atlético Madrid,UD Las Palmas,2.32,0.32,2.0,0.71,1.67,1.4,36,15,2.12,1.33,3.45,38,True,False,False,False,False,False,False,Spain_La_Liga,2016-12-17 15:15:00
2016-2017,16,0,2,2,5,9,14,0,1,0,0,4,6,7,9,11,15,8,11,38,62,Estadio Nuevo Los Cármenes,"Calle Pintor Manuel Maldonado, Granada",0,1,4.14,3.52,1.98,0.0,0.0,0.0,0.0,0.0,0.0,0.0,0.0,0.0,0.0,0.0,0.0,0.0,2,0,0,0,2,2,0,1481995800,290,0,64,0,12812,1,1,3,6,2,3,9,5,0,0,0,1,0,1,1,0,0,0,0,1.35,1.9,3.25,0,0,0,0,0,0,1,1,0,0,0,1,0,0,-1,-1,-1,-1,-1,-1,-1,-1,-1,50,86,29,65,Granada CF,Real Sociedad,0.84,1.53,0.86,1.29,0.6,1.73,50,15,1.51,1.49,3.0,38,True,True,False,False,False,False,False,Spain_La_Liga,2016-12-17 17:30:00
2016-2017,16,4,1,5,3,6,9,3,3,1,0,5,5,4,12,9,17,16,12,51,49,Estadio Ramón Sánchez Pizjuán,"Avenida de Eduardo Dato, Sevilla",4,3,1.53,4.42,6.6,0.0,0.0,0.0,0.0,0.0,0.0,0.0,0.0,0.0,0.0,0.0,0.0,0.0,5,4,0,0,1,1,4,1482003900,98,0,64,0,30394,1,1,2,2,1,4,4,5,1,0,3,3,1,6,1,0,0,0,0,1.31,1.97,3.28,0,0,0,0,0,0,1,1,0,0,2,0,0,0,-1,-1,-1,-1,-1,-1,-1,-1,-1,57,64,29,65,Sevilla FC,Málaga CF,2.42,0.74,2.57,0.57,2.0,1.4,43,36,1.78,1.42,3.2,38,True,True,True,True,True,False,True,Spain_La_Liga,2016-12-17 19:45:00
2016-2017,16,1,1,2,3,6,9,2,2,1,0,3,5,5,11,8,16,8,11,37,63,Estadio Municipal de Butarque,"Calle Arquitectura, Leganés",4,2,2.49,3.19,3.17,0.0,0.0,0.0,0.0,0.0,0.0,0.0,0.0,0.0,0.0,0.0,0.0,0.0,2,1,0,0,1,1,1,1482074100,-1,0,65,0,8392,1,1,2,3,1,3,5,4,1,1,2,1,2,3,1,0,0,0,0,0.99,2.06,3.05,0,0,0,0,0,0,1,1,0,0,2,0,0,0,-1,-1,-1,-1,-1,-1,-1,-1,-1,57,79,36,71,Leganés,SD Eibar,1.11,1.11,0.71,0.71,1.0,1.47,43,22,1.48,1.42,2.9,38,True,True,False,False,False,False,True,Spain_La_Liga,2016-12-18 15:15:00
2016-2017,16,2,0,2,5,1,6,1,3,0,0,5,4,4,6,9,10,9,15,60,40,Estadio Municipal de Riazor (A Coruña (La Coruña)),"Calle Manuel Murguía, A Coruña (La Coruña)",1,3,1.8,3.55,5.19,0.0,0.0,0.0,0.0,0.0,0.0,0.0,0.0,0.0,0.0,0.0,0.0,0.0,2,2,0,0,0,0,2,1482082200,286,0,86,0,22966,1,1,2,1,3,0,3,3,0,0,1,3,0,4,1,0,0,0,0,1.38,1.17,2.55,0,0,0,0,0,0,1,1,1,0,2,0,0,0,-1,-1,-1,-1,-1,-1,-1,-1,-1,64,93,43,86,Deportivo La Coruña,CA Osasuna,1.37,0.47,1.43,0.71,0.87,0.47,36,7,1.93,1.25,3.18,38,True,True,False,False,False,False,False,Spain_La_Liga,2016-12-18 17:30:00
2016-2017,16,4,1,5,5,2,7,0,3,0,0,8,2,6,3,14,5,11,16,69,31,Camp Nou,"Carrer d'Arístides Maillol, Barcelona",0,3,1.13,9.99,9.99,0.0,0.0,0.0,0.0,0.0,0.0,0.0,0.0,0.0,0.0,0.0,0.0,0.0,5,1,0,3,1,4,1,1482090300,83,0,50,0,79370,1,1,2,2,3,0,4,3,0,2,0,1,2,1,1,0,0,0,0,2.03,0.71,2.74,0,0,0,0,0,0,1,1,0,0,0,1,0,1,-1,-1,-1,-1,-1,-1,-1,-1,-1,36,57,22,43,FC Barcelona,RCD Espanyol,2.53,1.42,1.71,1.71,2.07,1.47,64,43,2.49,0.98,3.47,38,True,True,True,True,True,False,True,Spain_La_Liga,2016-12-18 19:45:00
2016-2017,16,2,1,3,9,7,16,4,3,0,1,9,5,6,3,15,8,16,12,53,47,San Mamés Barria,"Rafael Moreno Pitxitxi Kalea, Bilbao",4,4,1.9,3.54,4.51,0.0,0.0,0.0,0.0,0.0,0.0,0.0,0.0,0.0,0.0,0.0,0.0,0.0,3,0,0,2,1,3,0,1482176700,285,0,57,0,35808,1,1,3,6,6,1,9,7,1,2,3,2,3,5,1,0,0,0,0,2.1,1.37,3.46,1,0,1,0,0,0,1,1,0,0,0,0,1,0,-1,-1,-1,-1,-1,-1,-1,-1,-1,57,71,36,72,Athletic Club Bilbao,Celta de Vigo,2.26,0.84,2.29,0.86,1.53,1.4,43,29,1.78,1.36,3.14,38,True,True,True,False,False,False,True,Spain_La_Liga,2016-12-19 19:45:00
2016-2017,17,1,1,2,2,8,10,1,2,0,1,6,4,4,6,10,10,13,14,50,50,RCDE Stadium,"Avenida Baix Llobregat 100, Cornella de Llobregat",1,3,2.11,3.33,3.91,0.0,0.0,0.0,0.0,0.0,0.0,0.0,0.0,0.0,0.0,0.0,0.0,0.0,2,0,0,1,1,2,0,1483731900,-1,0,44,0,16087,1,1,0,2,2,6,2,8,1,2,0,1,3,1,1,0,0,0,0,1.4,1.24,2.63,0,0,0,0,0,0,1,1,0,0,0,0,0,0,-1,-1,-1,-1,-1,-1,-1,-1,-1,50,69,26,38,RCD Espanyol,Deportivo La Coruña,1.53,0.53,1.25,0.38,1.38,1.0,50,32,1.3,1.3,2.6,38,True,True,False,False,False,False,True,Spain_La_Liga,2017-01-06 19:45:00
2016-2017,17,5,0,5,9,1,10,1,4,0,0,10,0,3,2,13,2,12,11,61,39,Estadio Santiago Bernabéu,"Avenida de Concha Espina 1, Chamartín, Madrid",1,4,1.07,9.99,9.99,0.0,0.0,0.0,0.0,0.0,0.0,0.0,0.0,0.0,0.0,0.0,0.0,0.0,5,4,0,1,0,1,4,1483790400,84,0,88,0,67839,1,1,5,0,4,1,5,5,0,1,1,3,1,4,1,0,0,0,0,1.8,0.17,1.97,0,0,0,0,0,0,1,1,0,0,0,0,0,0,-1,-1,-1,-1,-1,-1,-1,-1,-1,69,94,57,75,Real Madrid,Granada CF,2.42,0.21,2.5,0.38,2.47,0.56,32,7,2.37,1.27,3.64,38,True,True,True,True,True,False,False,Spain_La_Liga,2017-01-07 12:00:00
2016-2017,17,0,2,2,6,3,9,2,2,0,0,5,4,4,3,9,7,13,15,57,43,Estadio Municipal de Ipurúa,"Calle de Ipurúa, Eibar",2,2,7.02,4.05,1.56,0.0,0.0,0.0,0.0,0.0,0.0,0.0,0.0,0.0,0.0,0.0,0.0,0.0,2,0,0,0,2,2,0,1483802100,117,0,32,0,5780,1,1,5,1,1,2,6,3,1,1,1,1,2,2,1,0,0,0,0,1.13,0.93,2.06,0,0,0,0,0,0,1,1,0,0,1,1,0,0,-1,-1,-1,-1,-1,-1,-1,-1,-1,38,69,25,51,SD Eibar,Atlético Madrid,1.74,1.79,2.13,1.38,1.44,1.75,63,32,1.85,1.53,3.38,38,True,True,False,False,False,False,False,Spain_La_Liga,2017-01-07 15:15:00
2016-2017,17,1,0,1,8,3,11,2,3,0,0,10,3,7,4,17,7,10,17,60,40,Estadio de Gran Canaria,"Avenida Pío XII 29, Las Palmas de Gran Canaria",2,3,1.82,3.71,4.74,0.0,0.0,0.0,0.0,0.0,0.0,0.0,0.0,0.0,0.0,0.0,0.0,0.0,1,0,0,1,0,1,0,1483810200,276,0,63,0,21663,1,1,4,2,4,1,6,5,0,0,2,3,0,5,1,0,0,0,0,2.36,1.05,3.42,0,0,0,0,0,0,1,1,0,0,2,0,0,0,-1,-1,-1,-1,-1,-1,-1,-1,-1,63,69,38,63,UD Las Palmas,Sporting Gijón,1.74,0.63,2.0,0.25,1.31,0.75,38,32,1.65,1.12,2.77,38,True,False,False,False,False,False,False,Spain_La_Liga,2017-01-07 17:30:00
2016-2017,17,0,4,4,7,4,11,2,3,0,0,7,11,6,2,13,13,15,19,54,46,Estadio Municipal de Anoeta,"Paseo de Anoeta 1, Donostia-San Sebastián",2,3,2.43,3.55,2.97,0.0,0.0,0.0,0.0,0.0,0.0,0.0,0.0,0.0,0.0,0.0,0.0,0.0,4,0,2,0,2,2,2,1483818300,98,0,63,0,22374,1,1,2,1,5,3,3,8,1,2,1,1,3,2,1,0,0,0,0,1.85,2.0,3.85,0,0,0,0,0,0,1,1,0,0,0,1,0,1,-1,-1,-1,-1,-1,-1,-1,-1,-1,57,88,32,63,Real Sociedad,Sevilla FC,1.84,1.37,2.13,1.5,1.81,2.06,44,13,2.0,1.41,3.41,38,True,True,True,True,False,False,False,Spain_La_Liga,2017-01-07 19:45:00
2016-2017,17,0,0,0,13,4,17,2,4,0,0,5,5,9,7,14,12,10,13,63,37,San Mamés Barria,"Rafael Moreno Pitxitxi Kalea, Bilbao",2,4,1.53,4.13,7.32,0.0,0.0,0.0,0.0,0.0,0.0,0.0,0.0,0.0,0.0,0.0,0.0,0.0,0,0,0,0,0,0,0,1483873200,-1,0,63,0,42366,1,1,3,1,10,3,4,13,2,0,0,4,2,4,1,0,0,0,0,1.88,1.42,3.3,0,0,0,0,0,0,1,1,0,0,0,0,0,0,-1,-1,-1,-1,-1,-1,-1,-1,-1,57,75,25,63,Athletic Club Bilbao,Deportivo Alavés,2.26,1.37,2.38,1.38,1.63,1.31,44,25,1.83,1.06,2.89,38,False,False,False,False,False,False,False,Spain_La_Liga,2017-01-08 11:00:00
2016-2017,17,2,0,2,4,2,6,2,6,0,0,4,3,12,3,16,6,10,23,58,42,Estadio Benito Villamarín,"Avenida de Heliópolis, Sevilla",2,6,2.0,3.35,4.32,0.0,0.0,0.0,0.0,0.0,0.0,0.0,0.0,0.0,0.0,0.0,0.0,0.0,2,0,0,2,0,2,0,1483888500,284,0,38,0,33011,1,1,1,2,3,0,3,3,1,2,1,4,3,5,1,0,0,0,0,1.76,0.99,2.75,0,0,0,0,0,0,1,1,0,0,0,0,0,0,-1,-1,-1,-1,-1,-1,-1,-1,-1,51,63,44,69,Real Betis,Leganés,1.32,0.74,1.5,1.25,1.13,1.0,51,38,1.71,1.34,3.05,38,True,True,False,False,False,False,False,Spain_La_Liga,2017-01-08 15:15:00
2016-2017,17,3,1,4,2,7,9,1,4,0,0,5,5,1,6,6,11,18,12,49,51,Estadio de Balaídos (Vigo),"Avenida de Balaídos, Vigo",1,4,1.94,3.68,4.1,0.0,0.0,0.0,0.0,0.0,0.0,0.0,0.0,0.0,0.0,0.0,0.0,0.0,4,1,0,2,1,3,1,1483896600,281,0,63,0,17890,1,1,2,3,0,4,5,4,0,1,1,3,1,4,1,0,0,0,0,1.1,1.61,2.71,0,0,0,0,0,0,1,1,1,0,1,0,0,0,-1,-1,-1,-1,-1,-1,-1,-1,-1,69,76,44,69,Celta de Vigo,Málaga CF,1.53,0.74,1.88,0.5,1.31,1.31,32,26,1.72,1.51,3.23,38,True,True,True,True,False,False,True,Spain_La_Liga,2017-01-08 17:30:00
2016-2017,17,1,1,2,2,4,6,2,2,1,0,4,9,2,14,6,23,12,14,26,74,Estadio de la Cerámica,"Plaza Labrador, Villarreal",3,2,7.42,4.81,1.45,0.0,0.0,0.0,0.0,0.0,0.0,0.0,0.0,0.0,0.0,0.0,0.0,0.0,2,0,0,1,1,2,0,1483904700,-1,0,51,0,22110,1,1,1,2,1,2,3,3,0,0,3,2,0,5,1,0,0,0,0,0.95,2.99,3.94,0,0,0,0,0,0,1,1,0,0,1,0,0,0,-1,-1,-1,-1,-1,-1,-1,-1,-1,69,88,57,82,Villarreal,FC Barcelona,1.95,2.21,2.38,2.38,1.81,2.13,32,13,1.54,1.78,3.32,38,True,True,False,False,False,False,True,Spain_La_Liga,2017-01-08 19:45:00
2016-2017,17,3,3,6,7,3,10,2,5,0,0,5,4,15,3,20,7,17,12,55,45,Estadio El Sadar,"Carretera El Sadar, Iruñea",2,5,3.62,3.48,2.14,0.0,0.0,0.0,0.0,0.0,0.0,0.0,0.0,0.0,0.0,0.0,0.0,0.0,6,1,2,2,1,3,3,1483991100,-1,0,63,0,12239,1,1,2,2,5,1,4,6,1,3,1,2,4,3,1,0,0,0,0,2.29,1.27,3.56,0,1,0,0,0,1,1,1,1,1,0,0,0,1,-1,-1,-1,-1,-1,-1,-1,-1,-1,69,82,44,69,CA Osasuna,Valencia CF,0.68,0.95,0.25,0.88,0.44,0.8,32,19,1.34,1.38,2.72,38,True,True,True,True,True,True,True,Spain_La_Liga,2017-01-09 19:45:00
2016-2017,18,0,0,0,4,8,12,3,3,0,0,6,2,9,6,15,8,20,11,42,58,Estadio Municipal de Butarque,"Calle Arquitectura, Leganés",3,3,3.73,3.21,2.22,0.0,0.0,0.0,0.0,0.0,0.0,0.0,0.0,0.0,0.0,0.0,0.0,0.0,0,0,0,0,0,0,0,1484395200,-1,0,57,0,10922,1,1,2,2,2,6,4,8,0,0,3,3,0,6,1,0,0,0,0,1.79,1.11,2.9,0,0,0,0,0,0,1,1,0,0,1,0,0,0,-1,-1,-1,-1,-1,-1,-1,-1,-1,51,69,25,75,Leganés,Athletic Club Bilbao,1.11,1.05,0.75,0.88,0.94,1.59,51,32,1.41,1.22,2.63,38,False,False,False,False,False,False,False,Spain_La_Liga,2017-01-14 12:00:00
2016-2017,18,5,0,5,5,1,6,3,4,0,0,11,2,11,3,22,5,13,10,65,35,Camp Nou,"Carrer d'Arístides Maillol, Barcelona",3,4,1.11,9.99,9.99,0.0,0.0,0.0,0.0,0.0,0.0,0.0,0.0,0.0,0.0,0.0,0.0,0.0,5,1,0,4,0,4,1,1484406900,83,0,69,0,81480,1,1,4,0,1,1,4,2,3,2,0,2,5,2,1,0,0,0,0,2.64,0.64,3.28,0,0,0,0,0,0,1,1,0,0,1,0,0,1,-1,-1,-1,-1,-1,-1,-1,-1,-1,57,82,38,76,FC Barcelona,UD Las Palmas,2.53,0.32,1.88,0.63,2.06,1.41,44,19,2.42,1.34,3.76,38,True,True,True,True,True,False,False,Spain_La_Liga,2017-01-14 15:15:00
2016-2017,18,1,0,1,9,2,11,1,3,0,0,4,7,3,1,7,8,8,16,52,48,Estadio Vicente Calderón (Madrid),"Paseo Virgen del Puerto 67, Madrid",1,3,1.25,6.15,9.99,0.0,0.0,0.0,0.0,0.0,0.0,0.0,0.0,0.0,0.0,0.0,0.0,0.0,1,1,0,0,0,0,1,1484415000,117,0,44,0,46043,1,1,3,2,6,0,5,6,0,0,1,3,0,4,1,0,0,0,0,1.33,1.42,2.74,0,0,0,0,0,0,1,1,1,0,0,1,0,0,-1,-1,-1,-1,-1,-1,-1,-1,-1,50,63,32,57,Atlético Madrid,Real Betis,2.32,0.74,2.13,0.75,1.82,1.24,50,38,2.06,1.05,3.11,38,True,False,False,False,False,False,False,Spain_La_Liga,2017-01-14 17:30:00
2016-2017,18,0,0,0,10,0,10,0,1,0,0,4,2,10,3,14,5,13,8,48,52,Estadio Municipal de Riazor (A Coruña (La Coruña)),"Calle Manuel Murguía, A Coruña (La Coruña)",0,1,3.22,3.23,2.44,0.0,0.0,0.0,0.0,0.0,0.0,0.0,0.0,0.0,0.0,0.0,0.0,0.0,0,0,0,0,0,0,0,1484423100,-1,0,63,0,19807,1,1,6,0,4,0,6,4,0,0,0,1,0,1,1,0,0,0,0,1.71,0.9,2.62,0,0,0,0,0,0,1,1,0,0,0,0,0,0,-1,-1,-1,-1,-1,-1,-1,-1,-1,44,76,32,69,Deportivo La Coruña,Villarreal,1.37,1.58,1.63,1.25,1.0,1.76,57,26,1.85,1.14,2.99,38,False,False,False,False,False,False,False,Spain_La_Liga,2017-01-14 19:45:00
2016-2017,18,2,1,3,6,3,9,5,0,0,0,4,3,5,3,9,6,14,13,56,44,Estadio de Mestalla,"Avenida de Suecia, Valencia",5,0,1.75,3.88,4.97,0.0,0.0,0.0,0.0,0.0,0.0,0.0,0.0,0.0,0.0,0.0,0.0,0.0,3,1,0,1,1,2,1,1484478000,288,0,68,0,33932,1,1,4,1,2,2,5,4,0,0,5,0,0,5,1,0,0,0,0,1.48,0.87,2.36,0,0,0,0,0,0,1,1,0,0,2,1,0,0,-1,-1,-1,-1,-1,-1,-1,-1,-1,55,75,28,62,Valencia CF,RCD Espanyol,1.47,1.42,0.71,1.5,0.81,1.35,46,25,1.89,0.94,2.83,38,True,True,True,False,False,False,True,Spain_La_Liga,2017-01-15 11:00:00
2016-2017,18,1,0,1,7,4,11,3,5,0,1,5,2,4,5,9,7,19,10,56,44,Estadio de Balaídos (Vigo),"Avenida de Balaídos, Vigo",3,6,1.75,3.74,5.25,0.0,0.0,0.0,0.0,0.0,0.0,0.0,0.0,0.0,0.0,0.0,0.0,0.0,1,0,0,1,0,1,0,1484493300,281,0,56,0,15723,1,1,3,0,4,4,3,8,1,2,2,4,3,6,1,0,0,0,0,1.58,1.04,2.63,0,0,0,0,0,0,1,1,0,0,0,0,0,0,-1,-1,-1,-1,-1,-1,-1,-1,-1,67,78,33,50,Celta de Vigo,Deportivo Alavés,1.53,1.37,2.0,1.33,1.41,1.29,34,22,1.64,1.1,2.74,38,True,False,False,False,False,False,False,Spain_La_Liga,2017-01-15 15:15:00
2016-2017,18,2,3,5,2,4,6,4,1,0,0,5,10,2,8,7,18,8,12,57,43,Estadio Municipal El Molinón,"Parque de Isabel la Católica, Gijón",4,1,2.66,3.24,2.89,0.0,0.0,0.0,0.0,0.0,0.0,0.0,0.0,0.0,0.0,0.0,0.0,0.0,5,1,3,1,0,1,4,1484501400,279,0,88,0,20050,1,1,1,2,1,2,3,3,2,1,2,0,3,2,1,0,0,0,0,1.29,2.28,3.56,0,1,0,1,0,0,1,1,1,1,0,0,0,0,-1,-1,-1,-1,-1,-1,-1,-1,-1,76,94,57,82,Sporting Gijón,SD Eibar,1.0,1.11,1.25,0.75,0.71,1.35,26,7,1.33,1.53,2.86,38,True,True,True,True,True,False,True,Spain_La_Liga,2017-01-15 17:30:00
2016-2017,18,1,1,2,3,5,8,3,4,2,0,6,5,4,11,10,16,14,24,52,48,Estadio Nuevo Los Cármenes,"Calle Pintor Manuel Maldonado, Granada",6,4,1.98,3.45,4.25,0.0,0.0,0.0,0.0,0.0,0.0,0.0,0.0,0.0,0.0,0.0,0.0,0.0,2,0,1,1,0,1,1,1484501400,-1,0,69,0,14328,1,1,2,3,1,2,5,3,1,1,4,3,2,7,1,0,0,0,0,1.49,1.8,3.29,0,0,0,0,0,0,1,1,0,0,0,1,0,0,-1,-1,-1,-1,-1,-1,-1,-1,-1,44,88,38,63,Granada CF,CA Osasuna,0.84,0.47,0.75,0.63,0.53,0.47,57,13,1.48,1.24,2.72,38,True,True,False,False,False,False,True,Spain_La_Liga,2017-01-15 17:30:00
2016-2017,18,2,1,3,6,1,7,3,1,0,0,6,4,5,8,11,12,12,11,54,46,Estadio Ramón Sánchez Pizjuán,"Avenida de Eduardo Dato, Sevilla",3,1,4.06,3.91,1.89,0.0,0.0,0.0,0.0,0.0,0.0,0.0,0.0,0.0,0.0,0.0,0.0,0.0,3,0,0,2,1,3,0,1484509500,98,0,66,0,40386,1,1,2,1,4,0,3,4,1,0,2,1,1,3,1,0,0,0,0,1.59,1.38,2.97,0,1,0,1,0,0,1,1,0,0,0,0,0,0,-1,-1,-1,-1,-1,-1,-1,-1,-1,73,88,48,68,Sevilla FC,Real Madrid,2.42,2.47,2.63,2.43,2.12,2.5,27,13,1.71,2.2,3.91,38,True,True,True,False,False,False,True,Spain_La_Liga,2017-01-15 19:45:00
2016-2017,18,0,2,2,7,8,15,0,2,0,0,3,6,8,6,11,12,22,12,43,57,Estadio La Rosaleda,"Avenida de la Palmilla / Paseo de Martiricos, Málaga",0,2,2.67,3.43,2.78,0.0,0.0,0.0,0.0,0.0,0.0,0.0,0.0,0.0,0.0,0.0,0.0,0.0,2,0,0,0,2,2,0,1484595900,290,0,63,0,18057,-1,1,-1,-1,-1,-1,-1,-1,0,0,0,2,0,2,1,0,0,0,0,1.48,1.8,3.28,0,0,0,0,0,0,1,1,0,0,-1,-1,0,0,-1,-1,-1,-1,-1,-1,-1,-1,-1,57,100,51,82,Málaga CF,Real Sociedad,1.68,1.53,2.13,1.5,1.24,1.71,44,0,1.89,1.55,3.44,38,True,True,False,False,False,False,False,Spain_La_Liga,2017-01-16 19:45:00
2016-2017,19,1,1,2,4,5,9,1,1,1,0,6,2,6,6,12,8,13,8,55,45,Estadio de Gran Canaria,"Avenida Pío XII 29, Las Palmas de Gran Canaria",2,1,1.89,3.61,4.46,0.0,0.0,0.0,0.0,0.0,0.0,0.0,0.0,0.0,0.0,0.0,0.0,0.0,2,1,0,0,1,1,1,1484941500,-1,0,56,0,18051,1,1,3,4,1,1,7,2,0,0,2,1,0,3,1,0,0,0,0,1.68,1.1,2.78,0,0,0,0,0,0,1,1,0,0,1,0,0,0,-1,-1,-1,-1,-1,-1,-1,-1,-1,44,62,33,50,UD Las Palmas,Deportivo La Coruña,1.74,0.53,2.11,0.44,1.33,1.0,56,39,1.73,1.29,3.02,38,True,True,False,False,False,False,True,Spain_La_Liga,2017-01-20 19:45:00
2016-2017,19,3,1,4,10,5,15,0,3,0,0,11,5,6,3,17,8,17,17,51,49,RCDE Stadium,"Avenida Baix Llobregat 100, Cornella de Llobregat",0,3,1.72,3.84,5.28,0.0,0.0,0.0,0.0,0.0,0.0,0.0,0.0,0.0,0.0,0.0,0.0,0.0,4,2,1,1,0,1,3,1485000000,280,0,61,0,14813,1,1,7,0,3,5,7,8,0,1,0,2,1,2,1,0,0,0,0,2.34,1.26,3.61,0,0,0,0,0,0,1,1,0,0,2,0,0,0,-1,-1,-1,-1,-1,-1,-1,-1,-1,56,84,34,56,RCD Espanyol,Granada CF,1.53,0.21,1.22,0.33,1.28,0.56,45,17,1.31,1.13,2.44,38,True,True,True,True,False,False,True,Spain_La_Liga,2017-01-21 12:00:00
2016-2017,19,2,1,3,5,4,9,2,3,0,0,9,6,7,6,16,12,7,20,53,47,Estadio Santiago Bernabéu,"Avenida de Concha Espina 1, Chamartín, Madrid",2,3,1.11,9.99,9.99,0.0,0.0,0.0,0.0,0.0,0.0,0.0,0.0,0.0,0.0,0.0,0.0,0.0,3,2,0,0,1,1,2,1485011700,84,0,73,0,68708,1,1,2,2,3,2,4,5,1,1,1,2,2,3,1,0,0,0,0,2.33,1.69,4.02,0,0,0,0,0,0,1,1,0,0,0,0,0,0,-1,-1,-1,-1,-1,-1,-1,-1,-1,67,84,50,84,Real Madrid,Málaga CF,2.42,0.74,2.56,0.44,2.35,1.17,33,17,2.29,1.53,3.82,38,True,True,True,False,False,False,True,Spain_La_Liga,2017-01-21 15:15:00
2016-2017,19,2,2,4,4,3,7,3,2,0,0,3,5,2,6,5,11,9,20,58,42,Estadio de Mendizorroza,"Paseo de Cervantes, Vitoria-Gasteiz",3,2,2.15,3.27,3.86,0.0,0.0,0.0,0.0,0.0,0.0,0.0,0.0,0.0,0.0,0.0,0.0,0.0,4,1,1,1,1,2,2,1485019800,-1,0,42,0,13928,1,1,1,1,3,2,2,5,2,0,1,2,2,3,1,0,0,0,0,1.02,1.42,2.44,0,0,0,0,0,0,1,1,0,0,1,0,1,0,-1,-1,-1,-1,-1,-1,-1,-1,-1,41,64,23,47,Deportivo Alavés,Leganés,1.53,0.74,1.25,1.11,1.22,0.94,60,36,1.36,1.3,2.66,38,True,True,True,True,False,False,True,Spain_La_Liga,2017-01-21 17:30:00
2016-2017,19,0,2,2,7,2,9,2,2,0,0,5,6,10,8,15,14,13,18,61,39,Estadio de la Cerámica,"Plaza Labrador, Villarreal",2,2,1.79,3.76,4.84,0.0,0.0,0.0,0.0,0.0,0.0,0.0,0.0,0.0,0.0,0.0,0.0,0.0,2,0,2,0,0,0,2,1485027900,288,0,67,0,17148,1,1,2,1,5,1,3,6,0,1,2,1,1,3,1,0,0,0,0,2.16,1.74,3.9,0,0,0,0,0,0,1,1,0,0,0,0,0,0,-1,-1,-1,-1,-1,-1,-1,-1,-1,67,89,62,78,Villarreal,Valencia CF,1.95,0.95,2.22,0.89,1.72,0.94,33,11,1.48,1.37,2.85,38,True,True,False,False,False,False,False,Spain_La_Liga,2017-01-21 19:45:00
2016-2017,19,3,4,7,3,6,9,5,3,0,0,8,8,5,3,13,11,12,12,47,53,Estadio El Sadar,"Carretera El Sadar, Iruñea",5,3,5.48,4.04,1.67,0.0,0.0,0.0,0.0,0.0,0.0,0.0,0.0,0.0,0.0,0.0,0.0,0.0,7,1,1,2,3,5,2,1485082800,98,0,56,0,15273,1,1,2,2,1,2,4,3,2,3,3,0,5,3,1,0,0,0,0,1.87,1.68,3.56,0,0,0,0,0,0,1,1,0,0,0,1,1,0,-1,-1,-1,-1,-1,-1,-1,-1,-1,67,84,33,73,CA Osasuna,Sevilla FC,0.68,1.37,0.33,1.67,0.5,2.17,33,17,1.46,1.48,2.94,38,True,True,True,True,True,True,True,Spain_La_Liga,2017-01-22 11:00:00
2016-2017,19,2,2,4,2,5,7,2,3,0,0,6,6,3,5,9,11,12,9,55,45,San Mamés Barria,"Rafael Moreno Pitxitxi Kalea, Bilbao",2,3,3.81,3.34,2.14,0.0,0.0,0.0,0.0,0.0,0.0,0.0,0.0,0.0,0.0,0.0,0.0,0.0,4,1,1,1,1,2,2,1485098100,-1,0,39,0,44457,1,1,1,0,1,5,1,6,1,0,1,3,1,4,1,0,0,0,0,1.35,1.58,2.93,0,0,0,0,0,0,1,1,0,1,0,0,0,0,-1,-1,-1,-1,-1,-1,-1,-1,-1,45,73,22,50,Athletic Club Bilbao,Atlético Madrid,2.26,1.79,2.22,1.56,1.56,1.89,56,28,1.84,1.46,3.3,38,True,True,True,True,False,False,True,Spain_La_Liga,2017-01-22 15:15:00
2016-2017,19,0,0,0,9,5,14,2,2,0,0,5,2,11,5,16,7,13,21,59,41,Estadio Benito Villamarín,"Avenida de Heliópolis, Sevilla",2,2,0.0,0.0,0.0,0.0,0.0,0.0,0.0,0.0,0.0,0.0,0.0,0.0,0.0,0.0,0.0,0.0,0,0,0,0,0,0,0,1485106200,-1,0,45,0,32822,1,1,6,4,3,1,10,4,0,1,2,1,1,3,1,0,0,0,0,1.92,1.0,2.92,0,0,0,0,0,0,1,1,0,0,1,2,0,0,-1,-1,-1,-1,-1,-1,-1,-1,-1,50,62,39,56,Real Betis,Sporting Gijón,1.32,0.63,1.67,0.22,1.17,0.67,50,39,1.71,1.11,2.82,38,False,False,False,False,False,False,False,Spain_La_Liga,2017-01-22 17:30:00
2016-2017,19,1,0,1,4,3,7,2,2,0,0,6,4,6,3,12,7,12,13,58,42,Estadio Municipal de Anoeta,"Paseo de Anoeta 1, Donostia-San Sebastián",2,2,2.03,3.61,3.84,0.0,0.0,0.0,0.0,0.0,0.0,0.0,0.0,0.0,0.0,0.0,0.0,0.0,1,0,0,1,0,1,0,1485106200,290,0,47,0,19845,1,1,2,1,2,2,3,4,0,1,2,1,1,3,1,0,0,0,0,1.81,1.2,3.01,0,0,0,0,0,0,1,1,0,0,1,0,0,0,-1,-1,-1,-1,-1,-1,-1,-1,-1,60,82,41,53,Real Sociedad,Celta de Vigo,1.84,0.84,1.89,0.75,1.78,1.5,41,18,1.98,1.36,3.34,38,True,False,False,False,False,False,False,Spain_La_Liga,2017-01-22 17:30:00
2016-2017,19,0,4,4,8,5,13,3,1,0,0,9,9,8,6,17,15,12,3,49,51,Estadio Municipal de Ipurúa,"Calle de Ipurúa, Eibar",3,1,9.99,6.36,1.27,0.0,0.0,0.0,0.0,0.0,0.0,0.0,0.0,0.0,0.0,0.0,0.0,0.0,4,0,1,0,3,3,1,1485114300,83,0,56,0,6291,1,1,2,3,6,2,5,8,3,1,0,0,4,0,1,0,0,0,0,2.28,1.97,4.25,0,0,0,0,0,0,1,1,0,0,1,1,0,0,-1,-1,-1,-1,-1,-1,-1,-1,-1,50,78,33,62,SD Eibar,FC Barcelona,1.74,2.21,1.89,2.22,1.44,2.11,50,22,1.76,1.91,3.67,38,True,True,True,True,False,False,False,Spain_La_Liga,2017-01-22 19:45:00
2016-2017,20,1,1,2,4,6,10,1,0,0,0,3,5,12,9,15,14,8,16,49,51,Estadio El Sadar,"Carretera El Sadar, Iruñea",1,0,3.62,3.46,2.15,0.0,0.0,0.0,0.0,0.0,0.0,0.0,0.0,0.0,0.0,0.0,0.0,0.0,2,0,0,1,1,2,0,1485546300,-1,0,60,0,14327,1,1,2,3,2,3,5,5,1,0,0,0,1,0,1,0,0,0,0,1.76,1.76,3.52,0,1,0,0,0,1,1,1,0,0,1,0,0,0,-1,-1,-1,-1,-1,-1,-1,-1,-1,65,75,40,80,CA Osasuna,Málaga CF,0.68,0.74,0.3,0.4,0.47,1.11,35,25,1.51,1.55,3.06,38,True,True,False,False,False,False,True,Spain_La_Liga,2017-01-27 19:45:00
2016-2017,20,2,0,2,7,4,11,3,2,0,0,7,0,10,8,17,8,11,17,63,37,Estadio de la Cerámica,"Plaza Labrador, Villarreal",3,2,1.4,4.89,8.85,0.0,0.0,0.0,0.0,0.0,0.0,0.0,0.0,0.0,0.0,0.0,0.0,0.0,2,1,0,1,0,1,1,1485604800,76,0,60,0,14757,1,1,4,2,3,2,6,5,2,0,1,2,2,3,1,0,0,0,0,2.1,0.87,2.97,0,0,0,0,0,0,1,1,0,0,2,0,0,0,-1,-1,-1,-1,-1,-1,-1,-1,-1,60,90,60,80,Villarreal,Granada CF,1.95,0.21,2.0,0.3,1.63,0.53,40,10,1.54,1.15,2.69,38,True,True,False,False,False,False,False,Spain_La_Liga,2017-01-28 12:00:00
2016-2017,20,0,0,0,7,2,9,3,2,0,0,4,3,15,5,19,8,20,17,61,39,Estadio de Mendizorroza,"Paseo de Cervantes, Vitoria-Gasteiz",3,2,7.72,4.03,1.53,0.0,0.0,0.0,0.0,0.0,0.0,0.0,0.0,0.0,0.0,0.0,0.0,0.0,0,0,0,0,0,0,0,1485616500,-1,0,38,0,16255,1,1,2,0,5,2,2,7,0,1,3,1,1,4,1,0,0,0,0,1.9,1.03,2.93,0,0,0,0,0,0,1,1,0,0,1,0,0,0,-1,-1,-1,-1,-1,-1,-1,-1,-1,37,68,26,42,Deportivo Alavés,Atlético Madrid,1.53,1.79,1.22,1.5,1.21,1.84,64,32,1.31,1.47,2.78,38,False,False,False,False,False,False,False,Spain_La_Liga,2017-01-28 15:15:00
2016-2017,20,3,1,4,9,10,19,0,2,0,0,8,7,5,9,13,16,12,7,47,53,Estadio Municipal de Ipurúa,"Calle de Ipurúa, Eibar",0,2,2.15,3.36,3.88,0.0,0.0,0.0,0.0,0.0,0.0,0.0,0.0,0.0,0.0,0.0,0.0,0.0,4,2,1,1,0,1,3,1485624600,279,0,50,0,5694,-1,1,-1,-1,-1,-1,-1,-1,0,1,0,1,1,1,1,0,0,0,0,1.91,2.07,3.97,0,0,0,0,0,0,1,1,1,0,-1,-1,0,0,-1,-1,-1,-1,-1,-1,-1,-1,-1,40,70,25,50,SD Eibar,Deportivo La Coruña,1.74,0.53,1.7,0.5,1.37,1.0,60,30,1.82,1.27,3.09,38,True,True,True,True,False,False,True,Spain_La_Liga,2017-01-28 17:30:00
2016-2017,20,0,2,2,8,0,8,1,1,0,0,0,3,7,0,7,3,16,15,54,46,Estadio Municipal de Butarque,"Calle Arquitectura, Leganés",1,1,2.69,3.26,2.84,0.0,0.0,0.0,0.0,0.0,0.0,0.0,0.0,0.0,0.0,0.0,0.0,0.0,2,0,1,0,1,1,1,1485632700,281,0,44,0,8901,1,1,3,0,5,0,3,5,0,1,1,0,1,1,1,0,0,0,0,0.9,0.72,1.61,0,1,0,1,0,0,1,1,0,0,0,0,0,0,-1,-1,-1,-1,-1,-1,-1,-1,-1,45,67,28,56,Leganés,Celta de Vigo,1.11,0.84,0.78,0.67,0.95,1.42,56,33,1.46,1.34,2.8,38,True,True,False,False,False,False,False,Spain_La_Liga,2017-01-28 19:45:00
2016-2017,20,1,1,2,8,2,10,2,3,0,0,8,5,9,6,17,11,17,12,41,59,Estadio Benito Villamarín,"Avenida de Heliópolis, Sevilla",2,3,9.99,7.15,1.23,0.0,0.0,0.0,0.0,0.0,0.0,0.0,0.0,0.0,0.0,0.0,0.0,0.0,2,0,0,1,1,2,0,1485687600,-1,0,45,0,37620,1,1,5,1,3,1,6,4,0,1,2,2,1,4,1,0,0,0,0,2.23,1.6,3.83,0,0,0,0,0,0,1,1,0,0,1,1,0,0,-1,-1,-1,-1,-1,-1,-1,-1,-1,50,70,40,65,Real Betis,FC Barcelona,1.32,2.21,1.6,2.3,1.16,2.16,50,30,1.74,1.92,3.66,38,True,True,False,False,False,False,True,Spain_La_Liga,2017-01-29 11:00:00
2016-2017,20,3,1,4,7,4,11,2,2,0,1,7,6,10,6,17,12,18,13,46,54,RCDE Stadium,"Avenida Baix Llobregat 100, Cornella de Llobregat",2,4,3.5,3.58,2.15,0.0,0.0,0.0,0.0,0.0,0.0,0.0,0.0,0.0,0.0,0.0,0.0,0.0,4,2,1,1,0,1,3,1485702900,280,0,60,0,22280,1,1,6,0,1,4,6,5,1,1,1,2,2,3,1,0,0,0,0,2.02,1.58,3.59,1,0,1,0,0,0,1,1,1,0,0,0,0,1,-1,-1,-1,-1,-1,-1,-1,-1,-1,60,85,30,60,RCD Espanyol,Sevilla FC,1.53,1.37,1.4,1.8,1.37,2.21,40,15,1.43,1.51,2.94,38,True,True,True,True,False,False,True,Spain_La_Liga,2017-01-29 15:15:00
2016-2017,20,2,1,3,5,0,5,4,5,0,0,7,4,5,2,12,6,11,20,62,38,San Mamés Barria,"Rafael Moreno Pitxitxi Kalea, Bilbao",4,5,0.0,0.0,0.0,0.0,0.0,0.0,0.0,0.0,0.0,0.0,0.0,0.0,0.0,0.0,0.0,0.0,3,0,1,2,0,2,1,1485711000,285,0,60,0,41812,1,1,2,0,3,0,2,3,0,1,4,4,1,8,1,0,0,0,0,1.92,1.04,2.96,1,1,1,1,0,0,1,1,0,0,0,0,0,0,-1,-1,-1,-1,-1,-1,-1,-1,-1,60,65,30,55,Athletic Club Bilbao,Sporting Gijón,2.26,0.63,2.1,0.3,1.53,0.68,40,35,1.78,1.1,2.88,38,True,True,True,False,False,False,True,Spain_La_Liga,2017-01-29 17:30:00
2016-2017,20,3,0,3,0,3,3,2,2,0,1,5,4,2,6,7,10,15,12,41,59,Estadio Santiago Bernabéu,"Avenida de Concha Espina 1, Chamartín, Madrid",2,3,1.21,8.05,9.99,0.0,0.0,0.0,0.0,0.0,0.0,0.0,0.0,0.0,0.0,0.0,0.0,0.0,3,1,0,2,0,2,1,1485719100,84,0,62,0,62462,1,1,0,1,0,2,1,2,1,1,1,2,2,3,1,0,0,0,0,1.16,1.29,2.45,0,0,0,0,0,0,1,1,0,0,0,0,0,1,-1,-1,-1,-1,-1,-1,-1,-1,-1,62,100,52,74,Real Madrid,Real Sociedad,2.42,1.53,2.6,1.67,2.39,1.84,38,0,2.3,1.58,3.88,38,True,True,True,False,False,False,False,Spain_La_Liga,2017-01-29 19:45:00
2016-2017,20,3,1,4,6,3,9,1,4,0,1,5,5,4,5,9,10,19,13,60,40,Estadio de Gran Canaria,"Avenida Pío XII 29, Las Palmas de Gran Canaria",1,5,2.36,3.54,3.09,0.0,0.0,0.0,0.0,0.0,0.0,0.0,0.0,0.0,0.0,0.0,0.0,0.0,4,1,1,2,0,2,2,1485805500,276,0,70,0,20370,1,1,3,0,3,3,3,6,0,2,1,3,2,4,1,0,0,0,0,1.52,1.41,2.92,0,0,0,0,0,0,1,1,0,0,1,0,0,0,-1,-1,-1,-1,-1,-1,-1,-1,-1,55,75,50,75,UD Las Palmas,Valencia CF,1.74,0.95,2.0,1.1,1.32,1.06,45,25,1.73,1.41,3.14,38,True,True,True,True,False,False,True,Spain_La_Liga,2017-01-30 19:45:00
2016-2017,21,0,1,1,17,2,19,1,4,0,0,6,4,13,1,19,5,9,17,67,33,Estadio La Rosaleda,"Avenida de la Palmilla / Paseo de Martiricos, Málaga",1,4,2.16,3.31,3.77,0.0,0.0,0.0,0.0,0.0,0.0,0.0,0.0,0.0,0.0,0.0,0.0,0.0,1,0,1,0,0,0,1,1486209600,280,0,62,0,21886,1,1,1,2,16,0,3,16,1,1,0,3,2,3,1,0,0,0,0,2.34,0.87,3.21,0,0,0,0,0,0,1,1,0,0,0,0,0,0,-1,-1,-1,-1,-1,-1,-1,-1,-1,50,78,34,61,Málaga CF,RCD Espanyol,1.68,1.42,1.89,1.33,1.1,1.45,50,22,1.84,0.93,2.77,38,True,False,False,False,False,False,False,Spain_La_Liga,2017-02-04 12:00:00
2016-2017,21,3,0,3,7,2,9,1,3,0,0,7,4,10,8,17,12,10,17,54,46,Camp Nou,"Carrer d'Arístides Maillol, Barcelona",1,3,1.18,8.35,9.99,0.0,0.0,0.0,0.0,0.0,0.0,0.0,0.0,0.0,0.0,0.0,0.0,0.0,3,2,0,1,0,1,2,1486221300,83,0,56,0,83884,1,1,0,1,7,1,1,8,1,2,0,1,3,1,1,0,0,0,0,2.03,1.44,3.47,0,0,0,0,0,0,1,1,0,0,0,0,0,0,-1,-1,-1,-1,-1,-1,-1,-1,-1,56,67,22,67,FC Barcelona,Athletic Club Bilbao,2.53,1.05,2.0,0.89,2.1,1.6,44,33,2.45,1.2,3.65,38,True,True,True,False,False,False,False,Spain_La_Liga,2017-02-04 15:15:00
2016-2017,21,2,0,2,3,6,9,1,1,0,0,5,4,7,7,12,11,10,13,56,44,Estadio Vicente Calderón (Madrid),"Paseo Virgen del Puerto 67, Madrid",1,1,1.23,6.27,9.99,0.0,0.0,0.0,0.0,0.0,0.0,0.0,0.0,0.0,0.0,0.0,0.0,0.0,2,1,0,1,0,1,1,1486229400,117,0,37,0,37421,-1,1,-1,-1,-1,-1,-1,-1,1,1,0,0,2,0,-1,0,0,0,0,0.0,0.0,0.0,1,0,0,0,1,0,1,1,0,0,-1,-1,0,0,-1,-1,-1,-1,-1,-1,-1,-1,-1,52,68,37,58,Atlético Madrid,Leganés,2.32,0.74,2.22,1.1,1.8,0.9,48,32,1.97,1.31,3.28,38,True,True,False,False,False,False,False,Spain_La_Liga,2017-02-04 17:30:00
2016-2017,21,0,4,4,2,6,8,2,1,1,0,2,8,6,4,8,12,13,11,43,57,Estadio de Mestalla,"Avenida de Suecia, Valencia",4,1,1.78,3.8,4.86,0.0,0.0,0.0,0.0,0.0,0.0,0.0,0.0,0.0,0.0,0.0,0.0,0.0,4,0,2,0,2,2,2,1486237500,279,0,89,0,32571,1,1,0,3,2,3,3,5,1,0,2,1,1,3,1,0,0,0,0,0.83,1.73,2.56,0,1,0,1,0,0,1,1,0,0,0,0,0,0,-1,-1,-1,-1,-1,-1,-1,-1,-1,71,95,41,83,Valencia CF,SD Eibar,1.47,1.11,1.0,1.0,1.0,1.45,29,6,1.82,1.64,3.46,38,True,True,True,True,False,False,False,Spain_La_Liga,2017-02-04 19:45:00
2016-2017,21,0,0,0,9,0,9,2,2,0,0,7,4,9,7,16,11,14,13,64,36,Estadio Ramón Sánchez Pizjuán,"Avenida de Eduardo Dato, Sevilla",2,2,1.74,3.83,5.14,0.0,0.0,0.0,0.0,0.0,0.0,0.0,0.0,0.0,0.0,0.0,0.0,0.0,0,0,0,0,0,0,0,1486292400,-1,0,61,0,33401,-1,1,-1,-1,-1,-1,-1,-1,2,1,0,1,3,1,1,0,0,0,0,2.21,1.23,3.44,1,0,0,0,1,0,1,1,0,0,-1,-1,0,0,-1,-1,-1,-1,-1,-1,-1,-1,-1,50,67,28,44,Sevilla FC,Villarreal,2.42,1.58,2.67,1.22,2.1,1.7,50,33,1.7,1.11,2.81,38,False,False,False,False,False,False,False,Spain_La_Liga,2017-02-05 11:00:00
2016-2017,21,2,4,6,8,4,12,7,3,0,0,4,8,7,6,11,14,18,20,60,40,Estadio Municipal El Molinón,"Parque de Isabel la Católica, Gijón",7,3,0.0,0.0,0.0,0.0,0.0,0.0,0.0,0.0,0.0,0.0,0.0,0.0,0.0,0.0,0.0,0.0,6,0,1,2,3,5,1,1486307700,277,0,65,0,21752,1,1,3,3,5,1,6,6,2,3,5,0,5,5,1,0,0,0,0,1.63,1.91,3.53,0,2,0,2,0,0,1,1,0,1,0,1,0,0,-1,-1,-1,-1,-1,-1,-1,-1,-1,65,80,49,65,Sporting Gijón,Deportivo Alavés,1.0,1.37,1.11,1.2,0.65,1.2,36,20,1.32,1.1,2.42,38,True,True,True,True,True,True,True,Spain_La_Liga,2017-02-05 15:15:00
2016-2017,21,3,2,5,3,2,5,2,2,0,0,7,4,5,4,12,8,8,20,58,42,Estadio Municipal de Anoeta,"Paseo de Anoeta 1, Donostia-San Sebastián",2,2,1.29,5.71,9.99,0.0,0.0,0.0,0.0,0.0,0.0,0.0,0.0,0.0,0.0,0.0,0.0,0.0,5,0,1,3,1,4,1,1486315800,290,0,59,0,21893,-1,1,-1,-1,-1,-1,-1,-1,1,0,1,2,1,3,-1,0,0,0,0,0.0,0.0,0.0,0,0,0,0,0,0,1,1,0,0,-1,-1,1,0,-1,-1,-1,-1,-1,-1,-1,-1,-1,47,90,48,70,Real Sociedad,CA Osasuna,1.84,0.47,2.0,0.67,1.75,0.5,53,10,1.96,1.32,3.28,38,True,True,True,True,True,False,True,Spain_La_Liga,2017-02-05 17:30:00
2016-2017,21,1,0,1,6,5,11,5,3,0,0,7,7,5,9,12,16,28,9,42,58,Estadio Nuevo Los Cármenes,"Calle Pintor Manuel Maldonado, Granada",5,3,3.04,3.35,2.48,0.0,0.0,0.0,0.0,0.0,0.0,0.0,0.0,0.0,0.0,0.0,0.0,0.0,1,1,0,0,0,0,1,1486410300,282,0,67,0,14001,1,1,1,1,5,4,2,9,1,0,4,3,1,7,1,0,0,0,0,1.64,1.95,3.59,0,0,0,0,0,0,1,1,0,0,0,0,0,0,-1,-1,-1,-1,-1,-1,-1,-1,-1,50,84,28,67,Granada CF,UD Las Palmas,0.84,0.32,0.78,0.56,0.5,1.4,50,17,1.48,1.25,2.73,38,True,False,False,False,False,False,False,Spain_La_Liga,2017-02-06 19:45:00
2016-2017,22,1,2,3,5,6,11,3,2,0,0,3,6,3,9,6,15,16,14,39,61,RCDE Stadium,"Avenida Baix Llobregat 100, Cornella de Llobregat",3,2,2.63,3.25,2.92,0.0,0.0,0.0,0.0,0.0,0.0,0.0,0.0,0.0,0.0,0.0,0.0,0.0,3,1,1,0,1,1,2,1486755900,290,0,48,0,17849,-1,1,-1,-1,-1,-1,-1,-1,1,0,2,2,1,4,-1,0,0,0,0,0.0,0.0,0.0,0,0,0,0,0,0,1,1,0,0,-1,-1,0,0,-1,-1,-1,-1,-1,-1,-1,-1,-1,53,91,29,58,RCD Espanyol,Real Sociedad,1.53,1.53,1.55,1.5,1.52,1.81,48,9,1.49,1.55,3.04,38,True,True,True,False,False,False,True,Spain_La_Liga,2017-02-10 19:45:00
2016-2017,22,0,0,0,4,6,10,4,3,0,0,3,5,11,3,14,8,15,17,50,50,Estadio Benito Villamarín,"Avenida de Heliópolis, Sevilla",4,3,2.85,3.31,2.64,0.0,0.0,0.0,0.0,0.0,0.0,0.0,0.0,0.0,0.0,0.0,0.0,0.0,0,0,0,0,0,0,0,1486814400,-1,0,59,0,30567,-1,1,-1,-1,-1,-1,-1,-1,0,1,4,2,1,6,-1,0,0,0,0,0.0,0.0,0.0,0,0,0,0,0,0,1,1,0,0,-1,-1,0,0,-1,-1,-1,-1,-1,-1,-1,-1,-1,50,73,55,69,Real Betis,Valencia CF,1.32,0.95,1.55,1.0,1.15,0.95,50,27,1.79,1.41,3.2,38,False,False,False,False,False,False,False,Spain_La_Liga,2017-02-11 12:00:00
2016-2017,22,0,6,6,3,9,12,1,3,0,0,4,10,3,12,7,22,16,9,31,69,Estadio de Mendizorroza,"Paseo de Cervantes, Vitoria-Gasteiz",1,3,9.99,6.25,1.28,0.0,0.0,0.0,0.0,0.0,0.0,0.0,0.0,0.0,0.0,0.0,0.0,0.0,6,0,2,0,4,4,2,1486826100,83,0,57,0,19840,-1,1,-1,-1,-1,-1,-1,-1,0,1,1,2,1,3,-1,0,0,0,0,0.0,0.0,0.0,0,0,0,0,0,0,1,1,0,0,-1,-1,0,1,-1,-1,-1,-1,-1,-1,-1,-1,-1,47,71,28,52,Deportivo Alavés,FC Barcelona,1.53,2.21,1.2,2.18,1.29,2.14,53,30,1.38,1.89,3.27,38,True,True,True,True,True,True,False,Spain_La_Liga,2017-02-11 15:15:00
2016-2017,22,2,1,3,3,2,5,1,2,0,0,6,4,7,5,13,9,10,11,53,47,San Mamés Barria,"Rafael Moreno Pitxitxi Kalea, Bilbao",1,2,1.58,4.15,6.42,0.0,0.0,0.0,0.0,0.0,0.0,0.0,0.0,0.0,0.0,0.0,0.0,0.0,3,0,1,2,0,2,1,1486834200,285,0,69,0,41469,-1,1,-1,-1,-1,-1,-1,-1,0,0,1,2,0,3,-1,0,0,0,0,0.0,0.0,0.0,0,0,0,0,0,0,1,1,0,0,-1,-1,0,0,-1,-1,-1,-1,-1,-1,-1,-1,-1,55,73,32,59,Athletic Club Bilbao,Deportivo La Coruña,2.26,0.53,2.18,0.45,1.52,0.95,46,27,1.79,1.35,3.14,38,True,True,True,False,False,False,True,Spain_La_Liga,2017-02-11 17:30:00
2016-2017,22,1,3,4,3,2,5,3,2,0,0,9,7,2,6,11,13,10,8,40,60,Estadio El Sadar,"Carretera El Sadar, Iruñea",3,2,9.99,7.13,1.23,0.0,0.0,0.0,0.0,0.0,0.0,0.0,0.0,0.0,0.0,0.0,0.0,0.0,4,1,1,0,2,2,2,1486842300,84,0,59,0,17770,-1,1,-1,-1,-1,-1,-1,-1,2,1,1,1,3,2,-1,0,0,0,0,0.0,0.0,0.0,0,0,0,0,0,0,1,1,0,0,-1,-1,1,0,-1,-1,-1,-1,-1,-1,-1,-1,-1,70,91,43,70,CA Osasuna,Real Madrid,0.68,2.47,0.36,2.13,0.48,2.42,31,9,1.53,2.08,3.61,38,True,True,True,True,False,False,True,Spain_La_Liga,2017-02-11 19:45:00
2016-2017,22,1,1,2,9,9,18,0,5,1,0,6,7,7,4,13,11,14,10,-1,-1,Estadio de la Cerámica,"Plaza Labrador, Villarreal",2,5,1.65,3.93,5.92,0.0,0.0,0.0,0.0,0.0,0.0,0.0,0.0,0.0,0.0,0.0,0.0,0.0,2,0,1,1,0,1,1,1486897200,-1,0,55,0,17120,-1,1,-1,-1,-1,-1,-1,-1,0,0,1,5,0,6,-1,0,0,0,0,0.0,0.0,0.0,1,0,1,0,0,0,1,1,0,0,-1,-1,0,0,-1,-1,-1,-1,-1,-1,-1,-1,-1,50,82,46,82,Villarreal,Málaga CF,1.95,0.74,2.09,0.45,1.67,1.05,50,18,1.59,1.57,3.16,38,True,True,False,False,False,False,True,Spain_La_Liga,2017-02-12 11:00:00
2016-2017,22,0,2,2,4,3,7,3,6,0,1,3,3,3,1,6,4,16,19,-1,-1,Estadio Municipal de Butarque,"Calle Arquitectura, Leganés",3,8,1.89,3.49,4.67,0.0,0.0,0.0,0.0,0.0,0.0,0.0,0.0,0.0,0.0,0.0,0.0,0.0,2,0,0,0,2,2,0,1486912500,289,0,48,0,9124,-1,1,-1,-1,-1,-1,-1,-1,1,2,2,5,3,7,-1,0,0,0,0,0.0,0.0,0.0,0,0,0,0,0,0,1,1,0,0,-1,-1,0,1,-1,-1,-1,-1,-1,-1,-1,-1,-1,47,67,24,58,Leganés,Sporting Gijón,1.11,0.63,0.7,0.27,0.86,0.62,53,33,1.4,1.1,2.5,38,True,True,False,False,False,False,False,Spain_La_Liga,2017-02-12 15:15:00
2016-2017,22,0,1,1,1,4,5,2,4,0,0,7,4,6,8,13,12,16,16,57,43,Estadio de Gran Canaria,"Avenida Pío XII 29, Las Palmas de Gran Canaria",2,4,3.57,3.66,2.1,0.0,0.0,0.0,0.0,0.0,0.0,0.0,0.0,0.0,0.0,0.0,0.0,0.0,1,0,0,0,1,1,0,1486920600,98,0,69,0,27843,-1,1,-1,-1,-1,-1,-1,-1,0,2,2,2,2,4,-1,0,0,0,0,0.0,0.0,0.0,0,0,0,0,0,0,1,1,0,0,-1,-1,0,0,-1,-1,-1,-1,-1,-1,-1,-1,-1,59,78,41,78,UD Las Palmas,Sevilla FC,1.74,1.37,2.09,1.64,1.33,2.05,41,23,1.71,1.51,3.22,38,True,False,False,False,False,False,False,Spain_La_Liga,2017-02-12 17:30:00
2016-2017,22,3,2,5,3,3,6,1,2,0,0,8,7,7,8,15,15,11,12,51,49,Estadio Vicente Calderón (Madrid),"Paseo Virgen del Puerto 67, Madrid",1,2,1.34,5.16,9.99,0.0,0.0,0.0,0.0,0.0,0.0,0.0,0.0,0.0,0.0,0.0,0.0,0.0,5,1,1,2,1,3,2,1486928700,117,0,35,0,30323,-1,1,-1,-1,-1,-1,-1,-1,0,1,1,1,1,2,-1,0,0,0,0,0.0,0.0,0.0,1,0,0,0,1,0,1,1,0,1,-1,-1,0,0,-1,-1,-1,-1,-1,-1,-1,-1,-1,45,65,30,55,Atlético Madrid,Celta de Vigo,2.32,0.84,2.3,0.9,1.86,1.5,55,35,1.97,1.27,3.24,38,True,True,True,True,True,False,True,Spain_La_Liga,2017-02-12 19:45:00
2016-2017,22,4,0,4,7,8,15,2,2,0,0,9,5,14,7,23,12,10,13,54,46,Estadio Municipal de Ipurúa,"Calle de Ipurúa, Eibar",2,2,1.62,3.94,6.26,0.0,0.0,0.0,0.0,0.0,0.0,0.0,0.0,0.0,0.0,0.0,0.0,0.0,4,2,0,2,0,2,2,1487015100,279,0,59,0,4855,-1,1,-1,-1,-1,-1,-1,-1,1,0,1,2,1,3,-1,0,0,0,0,0.0,0.0,0.0,1,0,1,0,0,0,1,1,0,0,-1,-1,0,0,-1,-1,-1,-1,-1,-1,-1,-1,-1,55,82,41,73,SD Eibar,Granada CF,1.74,0.21,1.82,0.27,1.52,0.62,46,18,1.83,1.12,2.95,38,True,True,True,True,False,False,False,Spain_La_Liga,2017-02-13 19:45:00
2016-2017,23,4,1,5,4,7,11,4,1,1,1,7,4,2,3,9,7,17,10,44,56,Estadio Nuevo Los Cármenes,"Calle Pintor Manuel Maldonado, Granada",6,3,2.43,3.3,3.17,0.0,0.0,0.0,0.0,0.0,0.0,0.0,0.0,0.0,0.0,0.0,0.0,0.0,5,3,0,1,1,2,3,1487360700,282,0,52,0,16208,-1,1,-1,-1,-1,-1,-1,-1,1,0,4,2,1,6,-1,0,0,0,0,0.0,0.0,0.0,0,0,0,0,0,0,1,1,0,0,-1,-1,0,0,-1,-1,-1,-1,-1,-1,-1,-1,-1,37,63,16,59,Granada CF,Real Betis,0.84,0.74,1.0,0.67,0.59,1.14,63,37,1.5,1.1,2.6,38,True,True,True,True,True,False,True,Spain_La_Liga,2017-02-17 19:45:00
2016-2017,23,1,4,5,12,3,15,1,1,0,0,2,6,9,4,11,10,12,11,58,42,Estadio Municipal El Molinón,"Parque de Isabel la Católica, Gijón",1,1,0.0,0.0,0.0,0.0,0.0,0.0,0.0,0.0,0.0,0.0,0.0,0.0,0.0,0.0,0.0,0.0,5,0,0,1,4,5,0,1487419200,117,0,54,0,24013,-1,1,-1,-1,-1,-1,-1,-1,0,0,1,1,0,2,-1,0,0,0,0,0.0,0.0,0.0,0,0,0,0,0,0,1,1,0,0,-1,-1,0,0,-1,-1,-1,-1,-1,-1,-1,-1,-1,63,87,49,63,Sporting Gijón,Atlético Madrid,1.0,1.79,1.0,1.45,0.73,1.91,37,14,1.36,1.43,2.79,38,True,True,True,True,True,False,True,Spain_La_Liga,2017-02-18 12:00:00
2016-2017,23,2,0,2,13,2,15,3,4,0,0,5,2,11,1,16,3,13,14,72,28,Estadio Santiago Bernabéu,"Avenida de Concha Espina 1, Chamartín, Madrid",3,4,1.21,7.72,9.99,0.0,0.0,0.0,0.0,0.0,0.0,0.0,0.0,0.0,0.0,0.0,0.0,0.0,2,1,0,1,0,1,1,1487430900,84,0,62,0,72234,-1,1,-1,-1,-1,-1,-1,-1,1,1,2,3,2,5,-1,0,0,0,0,0.0,0.0,0.0,0,0,0,0,0,0,1,1,0,0,-1,-1,0,0,-1,-1,-1,-1,-1,-1,-1,-1,-1,61,75,37,66,Real Madrid,RCD Espanyol,2.42,1.42,2.64,1.5,2.45,1.45,39,25,2.17,0.92,3.09,38,True,True,False,False,False,False,False,Spain_La_Liga,2017-02-18 15:15:00
2016-2017,23,0,1,1,10,6,16,5,3,0,0,4,5,5,2,9,7,12,13,58,42,Estadio Municipal de Riazor (A Coruña (La Coruña)),"Calle Manuel Murguía, A Coruña (La Coruña)",5,3,2.12,3.25,3.99,0.0,0.0,0.0,0.0,0.0,0.0,0.0,0.0,0.0,0.0,0.0,0.0,0.0,1,0,0,0,1,1,0,1487439000,277,0,56,0,19753,-1,1,-1,-1,-1,-1,-1,-1,1,1,4,2,2,6,-1,0,0,0,0,0.0,0.0,0.0,0,1,0,1,0,0,1,1,0,0,-1,-1,0,0,-1,-1,-1,-1,-1,-1,-1,-1,-1,51,71,26,62,Deportivo La Coruña,Deportivo Alavés,1.37,1.37,1.56,1.36,0.9,1.23,50,29,1.83,1.18,3.01,38,True,False,False,False,False,False,False,Spain_La_Liga,2017-02-18 17:30:00
2016-2017,23,2,0,2,5,2,7,2,3,0,0,6,5,5,7,11,12,14,12,52,48,Estadio Ramón Sánchez Pizjuán,"Avenida de Eduardo Dato, Sevilla",2,3,1.39,5.04,8.8,0.0,0.0,0.0,0.0,0.0,0.0,0.0,0.0,0.0,0.0,0.0,0.0,0.0,2,1,0,1,0,1,1,1487447100,98,0,75,0,33895,-1,1,-1,-1,-1,-1,-1,-1,0,0,2,3,0,5,-1,0,0,0,0,0.0,0.0,0.0,0,0,0,0,0,0,1,1,0,0,-1,-1,0,0,-1,-1,-1,-1,-1,-1,-1,-1,-1,70,80,40,60,Sevilla FC,SD Eibar,2.42,1.11,2.5,1.2,2.09,1.59,30,20,1.76,1.65,3.41,38,True,True,False,False,False,False,False,Spain_La_Liga,2017-02-18 19:45:00
2016-2017,23,0,1,1,7,4,11,2,4,0,0,3,3,15,4,18,7,6,16,67,33,Estadio Municipal de Anoeta,"Paseo de Anoeta 1, Donostia-San Sebastián",2,4,2.31,3.35,3.34,0.0,0.0,0.0,0.0,0.0,0.0,0.0,0.0,0.0,0.0,0.0,0.0,0.0,1,0,0,0,1,1,0,1487502000,76,0,43,0,21649,-1,1,-1,-1,-1,-1,-1,-1,0,1,2,3,1,5,-1,0,0,0,0,0.0,0.0,0.0,0,0,0,0,0,0,1,1,0,0,-1,-1,0,0,-1,-1,-1,-1,-1,-1,-1,-1,-1,38,66,28,48,Real Sociedad,Villarreal,1.84,1.58,2.09,1.2,1.86,1.64,63,34,1.96,1.13,3.09,38,True,False,False,False,False,False,False,Spain_La_Liga,2017-02-19 11:00:00
2016-2017,23,2,0,2,3,1,4,0,1,0,0,5,6,7,4,12,10,16,9,57,43,Estadio de Mestalla,"Avenida de Suecia, Valencia",0,1,2.48,3.39,3.01,0.0,0.0,0.0,0.0,0.0,0.0,0.0,0.0,0.0,0.0,0.0,0.0,0.0,2,2,0,0,0,0,2,1487517300,288,0,64,0,36396,-1,1,-1,-1,-1,-1,-1,-1,0,1,0,0,1,0,-1,0,0,0,0,0.0,0.0,0.0,0,0,0,0,0,0,1,1,0,0,-1,-1,0,0,-1,-1,-1,-1,-1,-1,-1,-1,-1,69,80,37,80,Valencia CF,Athletic Club Bilbao,1.47,1.05,0.89,0.8,0.95,1.59,31,20,1.68,1.23,2.91,38,True,True,False,False,False,False,False,Spain_La_Liga,2017-02-19 15:15:00
2016-2017,23,3,0,3,3,5,8,1,0,0,0,5,4,7,5,12,9,20,17,57,43,Estadio de Balaídos (Vigo),"Avenida de Balaídos, Vigo",1,0,1.46,4.57,7.81,0.0,0.0,0.0,0.0,0.0,0.0,0.0,0.0,0.0,0.0,0.0,0.0,0.0,3,1,0,2,0,2,1,1487525400,281,0,70,0,15391,-1,1,-1,-1,-1,-1,-1,-1,0,0,1,0,0,1,-1,0,0,0,0,0.0,0.0,0.0,0,0,0,0,0,0,1,1,0,0,-1,-1,0,0,-1,-1,-1,-1,-1,-1,-1,-1,-1,65,90,45,70,Celta de Vigo,CA Osasuna,1.53,0.47,2.1,0.6,1.43,0.45,35,10,1.63,1.32,2.95,38,True,True,True,False,False,False,False,Spain_La_Liga,2017-02-19 17:30:00
2016-2017,23,2,1,3,4,4,8,1,3,0,0,6,7,8,5,14,12,6,17,67,33,Camp Nou,"Carrer d'Arístides Maillol, Barcelona",1,3,1.11,9.99,9.99,0.0,0.0,0.0,0.0,0.0,0.0,0.0,0.0,0.0,0.0,0.0,0.0,0.0,3,1,0,1,1,2,1,1487533500,83,0,43,0,63378,-1,1,-1,-1,-1,-1,-1,-1,0,0,1,3,0,4,-1,0,0,0,0,0.0,0.0,0.0,1,0,1,0,0,0,1,1,1,0,-1,-1,0,0,-1,-1,-1,-1,-1,-1,-1,-1,-1,58,81,33,67,FC Barcelona,Leganés,2.53,0.74,2.1,1.0,2.18,0.82,43,19,2.4,1.31,3.71,38,True,True,True,False,False,False,True,Spain_La_Liga,2017-02-19 19:45:00
2016-2017,23,2,1,3,3,5,8,4,3,1,0,7,5,6,8,13,13,23,12,44,56,Estadio La Rosaleda,"Avenida de la Palmilla / Paseo de Martiricos, Málaga",5,3,2.05,3.49,3.91,0.0,0.0,0.0,0.0,0.0,0.0,0.0,0.0,0.0,0.0,0.0,0.0,0.0,3,2,1,0,0,0,3,1487619900,283,0,60,0,20787,-1,1,-1,-1,-1,-1,-1,-1,2,0,3,3,2,6,-1,0,0,0,0,0.0,0.0,0.0,0,0,0,0,0,0,1,1,0,0,-1,-1,0,0,-1,-1,-1,-1,-1,-1,-1,-1,-1,55,85,45,85,Málaga CF,UD Las Palmas,1.68,0.32,1.7,0.5,1.05,1.27,45,15,1.89,1.33,3.22,38,True,True,True,False,False,False,True,Spain_La_Liga,2017-02-20 19:45:00
2016-2017,16,2,1,3,3,11,14,5,2,0,0,4,7,1,14,5,21,11,15,32,68,Estadio de Mestalla,"Avenida de Suecia, Valencia",5,2,6.68,5.09,1.46,0.0,0.0,0.0,0.0,0.0,0.0,0.0,0.0,0.0,0.0,0.0,0.0,0.0,3,2,1,0,0,0,3,1487785500,288,0,69,0,45833,-1,1,-1,-1,-1,-1,-1,-1,2,1,3,1,3,4,-1,0,0,0,0,0.0,0.0,0.0,0,0,0,0,0,0,1,1,2,0,-1,-1,0,0,-1,-1,-1,-1,-1,-1,-1,-1,-1,74,100,53,84,Valencia CF,Real Madrid,1.47,2.47,1.1,2.22,1.05,2.48,26,0,1.68,2.08,3.76,38,True,True,True,False,False,False,True,Spain_La_Liga,2017-02-22 17:45:00
2016-2017,24,0,1,1,6,1,7,2,2,0,0,8,2,9,6,17,8,14,19,56,44,Estadio de Gran Canaria,"Avenida Pío XII 29, Las Palmas de Gran Canaria",2,2,2.82,3.42,2.61,0.0,0.0,0.0,0.0,0.0,0.0,0.0,0.0,0.0,0.0,0.0,0.0,0.0,1,0,0,0,1,1,0,1487965500,290,0,52,0,19059,-1,1,-1,-1,-1,-1,-1,-1,2,1,0,1,3,1,-1,0,0,0,0,0.0,0.0,0.0,0,0,0,0,0,0,1,1,0,0,-1,-1,0,0,-1,-1,-1,-1,-1,-1,-1,-1,-1,49,79,35,70,UD Las Palmas,Real Sociedad,1.74,1.53,1.92,1.64,1.22,1.78,52,21,1.71,1.55,3.26,38,True,False,False,False,False,False,False,Spain_La_Liga,2017-02-24 19:45:00
2016-2017,24,2,1,3,2,1,3,4,3,0,1,6,3,2,0,8,3,14,15,51,49,Estadio de Mendizorroza,"Paseo de Cervantes, Vitoria-Gasteiz",4,4,2.8,3.2,2.77,0.0,0.0,0.0,0.0,0.0,0.0,0.0,0.0,0.0,0.0,0.0,0.0,0.0,3,0,0,2,1,3,0,1488024000,277,0,60,0,15268,-1,1,-1,-1,-1,-1,-1,-1,3,1,1,3,4,4,-1,0,0,0,0,0.0,0.0,0.0,0,0,0,0,0,0,1,1,0,0,-1,-1,0,0,-1,-1,-1,-1,-1,-1,-1,-1,-1,52,69,47,60,Deportivo Alavés,Valencia CF,1.53,0.95,1.09,1.0,1.3,1.13,49,31,1.38,1.41,2.79,38,True,True,True,False,False,False,True,Spain_La_Liga,2017-02-25 12:00:00
2016-2017,24,1,2,3,4,4,8,3,3,0,0,6,4,10,5,16,9,19,17,52,48,Estadio Benito Villamarín,"Avenida de Heliópolis, Sevilla",3,3,3.92,3.65,2.0,0.0,0.0,0.0,0.0,0.0,0.0,0.0,0.0,0.0,0.0,0.0,0.0,0.0,3,1,0,0,2,2,1,1488035700,98,0,50,0,37110,-1,1,-1,-1,-1,-1,-1,-1,1,2,2,1,3,3,-1,0,0,0,0,0.0,0.0,0.0,0,0,0,0,0,0,1,1,0,0,-1,-1,0,0,-1,-1,-1,-1,-1,-1,-1,-1,-1,46,67,38,63,Real Betis,Sevilla FC,1.32,1.37,1.5,1.75,1.09,2.13,54,34,1.79,1.51,3.3,38,True,True,True,False,False,False,True,Spain_La_Liga,2017-02-25 15:15:00
2016-2017,24,4,0,4,2,7,9,2,5,0,1,5,3,4,6,9,9,18,14,48,52,Estadio Municipal de Butarque,"Calle Arquitectura, Leganés",2,7,2.45,3.15,3.28,0.0,0.0,0.0,0.0,0.0,0.0,0.0,0.0,0.0,0.0,0.0,0.0,0.0,4,2,0,2,0,2,2,1488043800,278,0,52,0,9524,-1,1,-1,-1,-1,-1,-1,-1,0,0,2,6,0,8,-1,0,0,0,0,0.0,0.0,0.0,0,0,0,0,0,0,1,1,0,0,-1,-1,0,0,-1,-1,-1,-1,-1,-1,-1,-1,-1,39,74,26,57,Leganés,Deportivo La Coruña,1.11,0.53,0.64,0.42,0.78,0.86,62,26,1.4,1.35,2.75,38,True,True,True,True,False,False,False,Spain_La_Liga,2017-02-25 17:30:00
2016-2017,24,3,0,3,2,2,4,2,5,0,1,4,4,5,2,9,6,11,17,-1,-1,Estadio Municipal de Ipurúa,"Calle de Ipurúa, Eibar",2,6,2.06,3.42,3.95,0.0,0.0,0.0,0.0,0.0,0.0,0.0,0.0,0.0,0.0,0.0,0.0,0.0,3,1,0,2,0,2,1,1488051900,279,0,59,0,4904,-1,1,-1,-1,-1,-1,-1,-1,0,0,2,6,0,8,-1,0,0,0,0,0.0,0.0,0.0,1,0,1,0,0,0,1,1,0,0,-1,-1,0,0,-1,-1,-1,-1,-1,-1,-1,-1,-1,50,75,33,75,SD Eibar,Málaga CF,1.74,0.74,1.92,0.5,1.52,1.13,50,25,1.83,1.57,3.4,38,True,True,True,False,False,False,False,Spain_La_Liga,2017-02-25 19:45:00
2016-2017,24,3,0,3,10,2,12,1,4,0,1,7,2,5,3,12,5,14,9,70,30,RCDE Stadium,"Avenida Baix Llobregat 100, Cornella de Llobregat",1,6,1.58,4.14,6.46,0.0,0.0,0.0,0.0,0.0,0.0,0.0,0.0,0.0,0.0,0.0,0.0,0.0,3,1,0,2,0,2,1,1488106800,280,0,66,0,18766,-1,1,-1,-1,-1,-1,-1,-1,1,3,0,2,4,2,-1,0,0,0,0,0.0,0.0,0.0,1,0,0,0,1,0,1,1,0,0,-1,-1,0,0,-1,-1,-1,-1,-1,-1,-1,-1,-1,57,92,39,71,RCD Espanyol,CA Osasuna,1.53,0.47,1.42,0.55,1.39,0.43,44,9,1.49,1.32,2.81,38,True,True,True,False,False,False,False,Spain_La_Liga,2017-02-26 11:00:00
2016-2017,24,1,2,3,6,5,11,4,2,0,0,7,6,7,8,14,14,24,14,42,58,Estadio Vicente Calderón (Madrid),"Paseo Virgen del Puerto 67, Madrid",4,2,3.16,3.47,2.35,0.0,0.0,0.0,0.0,0.0,0.0,0.0,0.0,0.0,0.0,0.0,0.0,0.0,3,0,0,1,2,3,0,1488122100,83,0,47,0,52440,-1,1,-1,-1,-1,-1,-1,-1,0,0,4,2,0,6,-1,0,0,0,0,0.0,0.0,0.0,0,0,0,0,0,0,1,1,0,0,-1,-1,0,0,-1,-1,-1,-1,-1,-1,-1,-1,-1,56,78,39,66,Atlético Madrid,FC Barcelona,2.32,2.21,2.36,2.25,1.96,2.22,44,22,1.97,1.89,3.86,38,True,True,True,False,False,False,True,Spain_La_Liga,2017-02-26 15:15:00
2016-2017,24,3,1,4,0,3,3,1,5,0,0,8,3,0,0,8,3,14,16,48,52,San Mamés Barria,"Rafael Moreno Pitxitxi Kalea, Bilbao",1,5,1.37,5.13,9.61,0.0,0.0,0.0,0.0,0.0,0.0,0.0,0.0,0.0,0.0,0.0,0.0,0.0,4,2,1,1,0,1,3,1488130200,285,0,71,0,37563,-1,1,-1,-1,-1,-1,-1,-1,0,0,1,5,0,6,-1,0,0,0,0,0.0,0.0,0.0,0,0,0,0,0,0,1,1,0,0,-1,-1,0,0,-1,-1,-1,-1,-1,-1,-1,-1,-1,67,84,42,79,Athletic Club Bilbao,Granada CF,2.26,0.21,2.25,0.25,1.52,0.7,33,17,1.79,1.12,2.91,38,True,True,True,True,False,False,True,Spain_La_Liga,2017-02-26 17:30:00
2016-2017,24,1,1,2,7,5,12,2,4,1,0,9,7,14,10,23,17,9,13,46,54,Estadio Municipal El Molinón,"Parque de Isabel la Católica, Gijón",4,4,2.9,3.39,2.56,0.0,0.0,0.0,0.0,0.0,0.0,0.0,0.0,0.0,0.0,0.0,0.0,0.0,2,0,0,1,1,2,0,1488130200,-1,0,68,0,23797,-1,1,-1,-1,-1,-1,-1,-1,0,0,3,4,0,7,-1,0,0,0,0,0.0,0.0,0.0,1,0,1,0,0,0,1,1,0,0,-1,-1,0,0,-1,-1,-1,-1,-1,-1,-1,-1,-1,73,87,50,69,Sporting Gijón,Celta de Vigo,1.0,0.84,0.91,0.82,0.7,1.5,27,14,1.36,1.27,2.63,38,True,True,False,False,False,False,True,Spain_La_Liga,2017-02-26 17:30:00
2016-2017,24,2,3,5,5,5,10,4,2,0,0,5,8,8,15,13,23,14,6,46,54,Estadio de la Cerámica,"Plaza Labrador, Villarreal",4,2,5.14,4.21,1.67,0.0,0.0,0.0,0.0,0.0,0.0,0.0,0.0,0.0,0.0,0.0,0.0,0.0,5,0,0,2,3,5,0,1488138300,84,0,56,0,20878,-1,1,-1,-1,-1,-1,-1,-1,0,0,4,2,0,6,-1,0,0,0,0,0.0,0.0,0.0,0,1,0,1,0,0,1,1,0,0,-1,-1,0,0,-1,-1,-1,-1,-1,-1,-1,-1,-1,61,96,55,82,Villarreal,Real Madrid,1.95,2.47,2.0,2.0,1.7,2.36,39,4,1.59,2.08,3.67,38,True,True,True,True,True,False,True,Spain_La_Liga,2017-02-26 19:45:00
2016-2017,25,2,2,4,3,5,8,4,5,1,1,9,8,7,5,16,13,10,17,51,49,Estadio Municipal de Anoeta,"Paseo de Anoeta 1, Donostia-San Sebastián",5,6,1.8,3.69,4.9,0.0,0.0,0.0,0.0,0.0,0.0,0.0,0.0,0.0,0.0,0.0,0.0,0.0,4,1,1,1,1,2,2,1488306600,-1,0,58,0,20189,-1,1,-1,-1,-1,-1,-1,-1,2,2,3,4,4,7,-1,0,0,0,0,0.0,0.0,0.0,1,0,1,0,0,0,1,1,0,0,-1,-1,1,1,-1,-1,-1,-1,-1,-1,-1,-1,-1,57,83,39,66,Real Sociedad,SD Eibar,1.84,1.11,1.92,1.09,1.83,1.58,43,17,1.96,1.65,3.61,38,True,True,True,True,False,False,True,Spain_La_Liga,2017-02-28 18:30:00
2016-2017,25,1,2,3,7,5,12,3,5,0,0,8,4,7,6,15,10,8,16,54,46,Estadio La Rosaleda,"Avenida de la Palmilla / Paseo de Martiricos, Málaga",3,5,2.12,3.35,4.0,0.0,0.0,0.0,0.0,0.0,0.0,0.0,0.0,0.0,0.0,0.0,0.0,0.0,3,1,0,0,2,2,1,1488313800,284,0,57,0,24343,-1,1,-1,-1,-1,-1,-1,-1,0,1,3,4,1,7,-1,0,0,0,0,0.0,0.0,0.0,0,0,0,0,0,0,1,1,0,0,-1,-1,0,0,-1,-1,-1,-1,-1,-1,-1,-1,-1,53,76,43,76,Málaga CF,Real Betis,1.68,0.74,1.82,0.6,1.08,1.04,48,25,1.89,1.1,2.99,38,True,True,True,False,False,False,True,Spain_La_Liga,2017-02-28 20:30:00
2016-2017,25,1,0,1,7,3,10,3,3,0,1,5,0,4,4,9,4,12,28,59,41,Estadio de Mestalla,"Avenida de Suecia, Valencia",3,4,1.63,3.81,6.43,0.0,0.0,0.0,0.0,0.0,0.0,0.0,0.0,0.0,0.0,0.0,0.0,0.0,1,1,0,0,0,0,1,1488313800,288,0,58,0,26809,-1,1,-1,-1,-1,-1,-1,-1,0,1,3,3,1,6,-1,0,0,0,0,0.0,0.0,0.0,0,0,0,0,0,0,1,1,0,0,-1,-1,0,1,-1,-1,-1,-1,-1,-1,-1,-1,-1,66,92,44,79,Valencia CF,Leganés,1.47,0.74,1.27,0.92,1.08,0.88,35,9,1.68,1.31,2.99,38,True,False,False,False,False,False,False,Spain_La_Liga,2017-02-28 20:30:00
2016-2017,25,1,4,5,8,3,11,3,3,0,0,6,6,6,5,12,11,9,12,52,48,Estadio El Sadar,"Carretera El Sadar, Iruñea",3,3,4.12,3.5,1.99,0.0,0.0,0.0,0.0,0.0,0.0,0.0,0.0,0.0,0.0,0.0,0.0,0.0,5,0,2,1,2,3,2,1488393000,76,0,47,0,13409,-1,1,-1,-1,-1,-1,-1,-1,1,2,2,1,3,3,-1,0,0,0,0,0.0,0.0,0.0,1,1,1,1,0,0,1,1,0,1,-1,-1,0,0,-1,-1,-1,-1,-1,-1,-1,-1,-1,43,64,30,52,CA Osasuna,Villarreal,0.68,1.58,0.33,1.36,0.42,1.63,58,36,1.53,1.13,2.66,38,True,True,True,True,True,False,True,Spain_La_Liga,2017-03-01 18:30:00
2016-2017,25,6,1,7,10,3,13,1,3,0,0,11,4,10,1,21,5,13,12,71,29,Camp Nou,"Carrer d'Arístides Maillol, Barcelona",1,3,1.09,9.99,9.99,0.0,0.0,0.0,0.0,0.0,0.0,0.0,0.0,0.0,0.0,0.0,0.0,0.0,7,3,1,3,0,3,4,1488393000,83,0,53,0,56605,-1,1,-1,-1,-1,-1,-1,-1,1,2,0,1,3,1,-1,0,0,0,0,0.0,0.0,0.0,0,0,0,0,0,0,1,1,1,0,-1,-1,0,0,-1,-1,-1,-1,-1,-1,-1,-1,-1,61,75,26,58,FC Barcelona,Sporting Gijón,2.53,0.63,2.18,0.5,2.25,0.71,39,26,2.4,1.1,3.5,38,True,True,True,True,True,True,True,Spain_La_Liga,2017-03-01 18:30:00
2016-2017,25,2,2,4,1,2,3,3,2,1,0,6,3,2,5,8,8,15,8,50,50,Estadio de Balaídos (Vigo),"Avenida de Balaídos, Vigo",4,2,1.95,3.51,4.29,0.0,0.0,0.0,0.0,0.0,0.0,0.0,0.0,0.0,0.0,0.0,0.0,0.0,4,2,2,0,0,0,4,1488400200,-1,0,50,0,11526,-1,1,-1,-1,-1,-1,-1,-1,3,0,1,2,3,3,-1,0,0,0,0,0.0,0.0,0.0,0,0,0,0,0,0,1,1,0,0,-1,-1,0,0,-1,-1,-1,-1,-1,-1,-1,-1,-1,59,69,23,55,Celta de Vigo,RCD Espanyol,1.53,1.42,2.18,1.36,1.48,1.46,41,32,1.63,0.92,2.55,38,True,True,True,True,False,False,True,Spain_La_Liga,2017-03-01 20:30:00
2016-2017,25,3,3,6,7,4,11,5,3,1,0,9,8,10,8,19,16,15,15,46,54,Estadio Santiago Bernabéu,"Avenida de Concha Espina 1, Chamartín, Madrid",7,3,1.17,8.57,9.99,0.0,0.0,0.0,0.0,0.0,0.0,0.0,0.0,0.0,0.0,0.0,0.0,0.0,6,1,1,2,2,4,2,1488400200,-1,0,66,0,63789,-1,1,-1,-1,-1,-1,-1,-1,1,1,5,2,2,7,-1,0,0,0,0,0.0,0.0,0.0,1,1,1,1,0,0,1,1,1,1,-1,-1,0,0,-1,-1,-1,-1,-1,-1,-1,-1,-1,70,91,52,87,Real Madrid,UD Las Palmas,2.42,0.32,2.67,0.45,2.39,1.17,31,9,2.17,1.33,3.5,38,True,True,True,True,True,True,True,Spain_La_Liga,2017-03-01 20:30:00
2016-2017,25,2,1,3,4,4,8,6,6,0,2,8,5,4,3,12,8,19,15,49,51,Estadio Nuevo Los Cármenes,"Calle Pintor Manuel Maldonado, Granada",6,9,2.85,3.17,2.75,0.0,0.0,0.0,0.0,0.0,0.0,0.0,0.0,0.0,0.0,0.0,0.0,0.0,3,1,0,1,1,2,1,1488400200,282,0,53,0,14038,-1,1,-1,-1,-1,-1,-1,-1,1,3,5,5,4,10,-1,0,0,0,0,0.0,0.0,0.0,0,0,0,0,0,0,1,1,0,0,-1,-1,0,0,-1,-1,-1,-1,-1,-1,-1,-1,-1,39,66,18,49,Granada CF,Deportivo Alavés,0.84,1.37,1.18,1.5,0.67,1.38,61,35,1.5,1.18,2.68,38,True,True,True,False,False,False,True,Spain_La_Liga,2017-03-01 20:30:00
2016-2017,25,1,1,2,7,2,9,3,1,0,0,2,5,11,6,13,11,14,10,50,50,Estadio Municipal de Riazor (A Coruña (La Coruña)),"Calle Manuel Murguía, A Coruña (La Coruña)",3,1,6.52,3.93,1.61,0.0,0.0,0.0,0.0,0.0,0.0,0.0,0.0,0.0,0.0,0.0,0.0,0.0,2,1,0,0,1,1,1,1488483900,-1,0,43,0,19992,-1,1,-1,-1,-1,-1,-1,-1,2,0,1,1,2,2,-1,0,0,0,0,0.0,0.0,0.0,0,0,0,0,0,0,1,1,0,0,-1,-1,0,0,-1,-1,-1,-1,-1,-1,-1,-1,-1,46,73,28,52,Deportivo La Coruña,Atlético Madrid,1.37,1.79,1.4,1.58,0.83,1.88,54,28,1.83,1.43,3.26,38,True,True,False,False,False,False,True,Spain_La_Liga,2017-03-02 19:45:00
2016-2017,25,1,0,1,6,9,15,6,2,0,0,4,4,11,8,15,12,15,10,42,58,Estadio Ramón Sánchez Pizjuán,"Avenida de Eduardo Dato, Sevilla",6,2,1.71,3.89,5.27,0.0,0.0,0.0,0.0,0.0,0.0,0.0,0.0,0.0,0.0,0.0,0.0,0.0,1,1,0,0,0,0,1,1488486600,98,0,55,0,34012,-1,1,-1,-1,-1,-1,-1,-1,1,0,5,2,1,7,-1,0,0,0,0,0.0,0.0,0.0,1,0,0,0,1,0,1,1,0,0,-1,-1,0,0,-1,-1,-1,-1,-1,-1,-1,-1,-1,60,69,32,59,Sevilla FC,Athletic Club Bilbao,2.42,1.05,2.55,0.73,2.17,1.58,41,32,1.76,1.23,2.99,38,True,False,False,False,False,False,False,Spain_La_Liga,2017-03-02 20:30:00
2016-2017,26,2,3,5,7,6,13,4,2,0,0,6,7,3,1,9,8,18,14,52,48,Estadio Benito Villamarín,"Avenida de Heliópolis, Sevilla",4,2,2.82,3.32,2.67,0.0,0.0,0.0,0.0,0.0,0.0,0.0,0.0,0.0,0.0,0.0,0.0,0.0,5,1,2,1,1,2,3,1488570300,290,0,40,0,24043,-1,1,-1,-1,-1,-1,-1,-1,0,1,4,1,1,5,-1,0,0,0,0,0.0,0.0,0.0,0,0,0,0,0,0,1,1,0,1,-1,-1,0,0,-1,-1,-1,-1,-1,-1,-1,-1,-1,41,73,32,61,Real Betis,Real Sociedad,1.32,1.53,1.38,1.75,1.13,1.8,60,27,1.79,1.55,3.34,38,True,True,True,True,True,False,True,Spain_La_Liga,2017-03-03 19:45:00
2016-2017,26,1,0,1,7,4,11,3,2,0,0,5,2,10,0,15,2,16,19,56,44,Estadio Municipal de Butarque,"Calle Arquitectura, Leganés",3,2,1.78,3.59,5.31,0.0,0.0,0.0,0.0,0.0,0.0,0.0,0.0,0.0,0.0,0.0,0.0,0.0,1,0,0,1,0,1,0,1488628800,278,0,51,0,9472,-1,1,-1,-1,-1,-1,-1,-1,0,1,3,1,1,4,-1,0,0,0,0,0.0,0.0,0.0,0,0,0,0,0,0,1,1,0,0,-1,-1,0,0,-1,-1,-1,-1,-1,-1,-1,-1,-1,51,84,44,76,Leganés,Granada CF,1.11,0.21,0.83,0.23,0.84,0.76,49,17,1.4,1.12,2.52,38,True,False,False,False,False,False,False,Spain_La_Liga,2017-03-04 12:00:00
2016-2017,26,1,4,5,4,4,8,1,1,0,0,3,7,5,4,8,11,12,15,58,42,Estadio Municipal de Ipurúa,"Calle de Ipurúa, Eibar",1,1,7.55,4.86,1.44,0.0,0.0,0.0,0.0,0.0,0.0,0.0,0.0,0.0,0.0,0.0,0.0,0.0,5,0,3,1,1,2,3,1488640500,84,0,56,0,6740,-1,1,-1,-1,-1,-1,-1,-1,1,0,0,1,1,1,-1,0,0,0,0,0.0,0.0,0.0,0,0,0,0,0,0,1,1,0,0,-1,-1,0,0,-1,-1,-1,-1,-1,-1,-1,-1,-1,68,89,43,71,SD Eibar,Real Madrid,1.74,2.47,2.0,2.09,1.56,2.33,32,12,1.83,2.08,3.91,38,True,True,True,True,True,False,True,Spain_La_Liga,2017-03-04 15:15:00
2016-2017,26,2,0,2,1,1,2,2,2,0,0,5,2,4,6,9,8,14,17,50,50,Estadio de la Cerámica,"Plaza Labrador, Villarreal",2,2,1.73,3.68,5.52,0.0,0.0,0.0,0.0,0.0,0.0,0.0,0.0,0.0,0.0,0.0,0.0,0.0,2,1,0,1,0,1,1,1488648600,76,0,48,0,17315,-1,1,-1,-1,-1,-1,-1,-1,1,1,1,1,2,2,-1,0,0,0,0,0.0,0.0,0.0,0,0,0,0,0,0,1,1,0,0,-1,-1,1,0,-1,-1,-1,-1,-1,-1,-1,-1,-1,44,75,32,68,Villarreal,RCD Espanyol,1.95,1.42,1.85,1.33,1.68,1.44,56,25,1.59,0.92,2.51,38,True,True,False,False,False,False,False,Spain_La_Liga,2017-03-04 17:30:00
2016-2017,26,5,0,5,10,1,11,1,3,0,0,12,3,6,4,18,7,10,16,62,38,Camp Nou,"Carrer d'Arístides Maillol, Barcelona",1,3,1.19,8.06,9.99,0.0,0.0,0.0,0.0,0.0,0.0,0.0,0.0,0.0,0.0,0.0,0.0,0.0,5,2,0,3,0,3,2,1488656700,83,0,54,0,77117,-1,1,-1,-1,-1,-1,-1,-1,1,2,0,1,3,1,-1,0,0,0,0,0.0,0.0,0.0,0,0,0,0,0,0,1,1,0,0,-1,-1,0,0,-1,-1,-1,-1,-1,-1,-1,-1,-1,59,79,33,63,FC Barcelona,Celta de Vigo,2.53,0.84,2.25,0.83,2.28,1.46,42,21,2.4,1.27,3.67,38,True,True,True,True,True,False,False,Spain_La_Liga,2017-03-04 19:45:00
2016-2017,26,0,1,1,6,4,10,4,5,0,0,3,3,10,3,13,6,13,10,53,47,Estadio Municipal El Molinón,"Parque de Isabel la Católica, Gijón",4,5,0.0,0.0,0.0,0.0,0.0,0.0,0.0,0.0,0.0,0.0,0.0,0.0,0.0,0.0,0.0,0.0,1,0,1,0,0,0,1,1488711600,286,0,77,0,24307,-1,1,-1,-1,-1,-1,-1,-1,1,1,3,4,2,7,-1,0,0,0,0,0.0,0.0,0.0,0,1,0,0,0,1,1,1,0,0,-1,-1,0,0,-1,-1,-1,-1,-1,-1,-1,-1,-1,69,89,48,65,Sporting Gijón,Deportivo La Coruña,1.0,0.53,0.92,0.38,0.68,0.83,32,12,1.36,1.35,2.71,38,True,False,False,False,False,False,False,Spain_La_Liga,2017-03-05 11:00:00
2016-2017,26,3,0,3,6,2,8,1,2,0,0,11,3,8,3,19,6,17,10,48,52,Estadio Vicente Calderón (Madrid),"Paseo Virgen del Puerto 67, Madrid",1,2,1.42,4.7,8.94,0.0,0.0,0.0,0.0,0.0,0.0,0.0,0.0,0.0,0.0,0.0,0.0,0.0,3,1,0,2,0,2,1,1488726900,117,0,60,0,46473,-1,1,-1,-1,-1,-1,-1,-1,1,1,0,1,2,1,-1,0,0,0,0,0.0,0.0,0.0,0,0,0,0,0,0,1,1,1,0,-1,-1,0,0,-1,-1,-1,-1,-1,-1,-1,-1,-1,60,76,48,64,Atlético Madrid,Valencia CF,2.32,0.95,2.17,0.92,1.84,1.16,41,24,1.97,1.41,3.38,38,True,True,True,False,False,False,False,Spain_La_Liga,2017-03-05 15:15:00
2016-2017,26,5,2,7,5,1,6,4,4,0,0,11,5,5,4,16,9,8,21,68,32,Estadio de Gran Canaria,"Avenida Pío XII 29, Las Palmas de Gran Canaria",4,4,1.63,3.96,6.11,0.0,0.0,0.0,0.0,0.0,0.0,0.0,0.0,0.0,0.0,0.0,0.0,0.0,7,1,2,4,0,4,3,1488735000,276,0,61,0,19911,-1,1,-1,-1,-1,-1,-1,-1,4,1,0,3,5,3,-1,0,0,0,0,0.0,0.0,0.0,0,0,0,0,0,0,1,1,1,0,-1,-1,0,0,-1,-1,-1,-1,-1,-1,-1,-1,-1,48,77,37,77,UD Las Palmas,CA Osasuna,1.74,0.47,1.77,0.5,1.16,0.4,52,23,1.71,1.32,3.03,38,True,True,True,True,True,True,True,Spain_La_Liga,2017-03-05 17:30:00
2016-2017,26,1,0,1,8,2,10,3,5,0,0,3,3,7,3,10,6,13,16,62,38,San Mamés Barria,"Rafael Moreno Pitxitxi Kalea, Bilbao",3,5,1.76,3.79,5.02,0.0,0.0,0.0,0.0,0.0,0.0,0.0,0.0,0.0,0.0,0.0,0.0,0.0,1,0,0,1,0,1,0,1488743100,285,0,73,0,33438,-1,1,-1,-1,-1,-1,-1,-1,0,0,3,5,0,8,-1,0,0,0,0,0.0,0.0,0.0,1,0,1,0,0,0,1,1,0,0,-1,-1,0,0,-1,-1,-1,-1,-1,-1,-1,-1,-1,62,77,31,81,Athletic Club Bilbao,Málaga CF,2.26,0.74,2.31,0.46,1.52,1.04,39,23,1.79,1.57,3.36,38,True,False,False,False,False,False,False,Spain_La_Liga,2017-03-05 19:45:00
2016-2017,26,1,1,2,2,2,4,2,5,0,0,3,2,10,7,13,9,11,14,49,51,Estadio de Mendizorroza,"Paseo de Cervantes, Vitoria-Gasteiz",2,5,4.21,3.56,1.95,0.0,0.0,0.0,0.0,0.0,0.0,0.0,0.0,0.0,0.0,0.0,0.0,0.0,2,0,1,1,0,1,1,1488829500,-1,0,60,0,18479,-1,1,-1,-1,-1,-1,-1,-1,1,2,1,3,3,4,-1,0,0,0,0,0.0,0.0,0.0,0,0,0,0,0,0,1,1,0,0,-1,-1,0,0,-1,-1,-1,-1,-1,-1,-1,-1,-1,56,72,32,60,Deportivo Alavés,Sevilla FC,1.53,1.37,1.25,1.85,1.32,2.2,45,29,1.38,1.51,2.89,38,True,True,False,False,False,False,True,Spain_La_Liga,2017-03-06 19:45:00
2016-2017,21,1,1,2,6,4,10,4,7,0,0,6,4,6,3,12,7,22,16,49,51,Estadio Municipal de Riazor (A Coruña (La Coruña)),"Calle Manuel Murguía, A Coruña (La Coruña)",4,7,2.14,3.32,3.82,0.0,0.0,0.0,0.0,0.0,0.0,0.0,0.0,0.0,0.0,0.0,0.0,0.0,2,0,0,1,1,2,0,1488995100,-1,0,60,0,21450,-1,1,-1,-1,-1,-1,-1,-1,2,2,2,5,4,7,-1,0,0,0,0,0.0,0.0,0.0,1,0,1,0,0,0,1,1,0,0,-1,-1,0,0,-1,-1,-1,-1,-1,-1,-1,-1,-1,50,69,27,73,Deportivo La Coruña,Real Betis,1.37,0.74,1.36,0.82,0.92,1.08,50,32,1.83,1.1,2.93,38,True,True,False,False,False,False,True,Spain_La_Liga,2017-03-08 17:45:00
2016-2017,27,4,3,7,2,5,7,2,4,0,0,7,6,6,5,13,11,20,11,36,64,RCDE Stadium,"Avenida Baix Llobregat 100, Cornella de Llobregat",2,4,2.08,3.35,3.97,0.0,0.0,0.0,0.0,0.0,0.0,0.0,0.0,0.0,0.0,0.0,0.0,0.0,7,2,1,2,2,4,3,1489175100,280,0,61,0,17669,-1,1,-1,-1,-1,-1,-1,-1,0,0,2,4,0,6,-1,0,0,0,0,0.0,0.0,0.0,1,0,1,0,0,0,1,1,1,0,-1,-1,0,0,-1,-1,-1,-1,-1,-1,-1,-1,-1,65,84,41,73,RCD Espanyol,UD Las Palmas,1.53,0.32,1.54,0.5,1.38,1.23,36,16,1.49,1.33,2.82,38,True,True,True,True,True,True,True,Spain_La_Liga,2017-03-10 19:45:00
2016-2017,27,1,1,2,7,8,15,3,5,0,0,9,5,9,5,18,10,15,19,55,45,Estadio de Mestalla,"Avenida de Suecia, Valencia",3,5,1.53,4.45,6.5,0.0,0.0,0.0,0.0,0.0,0.0,0.0,0.0,0.0,0.0,0.0,0.0,0.0,2,0,0,1,1,2,0,1489233600,-1,0,61,0,28921,-1,1,-1,-1,-1,-1,-1,-1,2,1,1,4,3,5,-1,0,0,0,0,0.0,0.0,0.0,1,0,0,0,1,0,1,1,0,0,-1,-1,1,0,-1,-1,-1,-1,-1,-1,-1,-1,-1,65,81,41,69,Valencia CF,Sporting Gijón,1.47,0.63,1.42,0.46,1.12,0.65,36,20,1.68,1.1,2.78,38,True,True,False,False,False,False,True,Spain_La_Liga,2017-03-11 12:00:00
2016-2017,27,1,1,2,4,1,5,2,3,0,0,6,6,7,8,13,14,20,20,60,40,Estadio Ramón Sánchez Pizjuán,"Avenida de Eduardo Dato, Sevilla",2,3,1.47,4.64,7.35,0.0,0.0,0.0,0.0,0.0,0.0,0.0,0.0,0.0,0.0,0.0,0.0,0.0,2,1,1,0,0,0,2,1489245300,-1,0,48,0,31823,-1,1,-1,-1,-1,-1,-1,-1,0,0,2,3,0,5,-1,0,0,0,0,0.0,0.0,0.0,0,0,0,0,0,0,1,1,0,1,-1,-1,0,0,-1,-1,-1,-1,-1,-1,-1,-1,-1,56,72,28,60,Sevilla FC,Leganés,2.42,0.74,2.58,0.85,2.15,0.92,44,28,1.76,1.31,3.07,38,True,True,False,False,False,False,True,Spain_La_Liga,2017-03-11 15:15:00
2016-2017,27,1,2,3,5,3,8,2,2,0,1,9,4,8,2,17,6,17,12,51,49,Estadio La Rosaleda,"Avenida de la Palmilla / Paseo de Martiricos, Málaga",2,3,1.95,3.4,4.48,0.0,0.0,0.0,0.0,0.0,0.0,0.0,0.0,0.0,0.0,0.0,0.0,0.0,3,0,1,1,1,2,1,1489253400,277,0,57,0,23867,-1,1,-1,-1,-1,-1,-1,-1,0,0,2,3,0,5,-1,0,0,0,0,0.0,0.0,0.0,0,0,0,0,0,0,1,1,0,0,-1,-1,0,0,-1,-1,-1,-1,-1,-1,-1,-1,-1,52,77,33,65,Málaga CF,Deportivo Alavés,1.68,1.37,1.67,1.38,1.0,1.31,48,23,1.89,1.18,3.07,38,True,True,True,False,False,False,True,Spain_La_Liga,2017-03-11 17:30:00
2016-2017,27,0,1,1,4,9,13,4,3,1,0,3,7,9,10,12,17,13,15,52,48,Estadio Nuevo Los Cármenes,"Calle Pintor Manuel Maldonado, Granada",5,3,8.0,4.33,1.48,0.0,0.0,0.0,0.0,0.0,0.0,0.0,0.0,0.0,0.0,0.0,0.0,0.0,1,0,0,0,1,1,0,1489261500,117,0,49,0,18960,-1,1,-1,-1,-1,-1,-1,-1,1,0,4,3,1,7,-1,0,0,0,0,0.0,0.0,0.0,0,0,0,0,0,0,1,1,0,0,-1,-1,0,0,-1,-1,-1,-1,-1,-1,-1,-1,-1,40,76,20,48,Granada CF,Atlético Madrid,0.84,1.79,1.33,1.54,0.73,1.88,60,24,1.5,1.43,2.93,38,True,False,False,False,False,False,False,Spain_La_Liga,2017-03-11 19:45:00
2016-2017,27,0,2,2,8,3,11,3,6,0,0,5,6,10,3,15,9,14,22,53,47,Estadio Municipal de Anoeta,"Paseo de Anoeta 1, Donostia-San Sebastián",3,6,2.07,3.49,3.84,0.0,0.0,0.0,0.0,0.0,0.0,0.0,0.0,0.0,0.0,0.0,0.0,0.0,2,0,1,0,1,1,1,1489316400,285,0,44,0,25557,-1,1,-1,-1,-1,-1,-1,-1,1,1,2,5,2,7,-1,0,0,0,0,0.0,0.0,0.0,0,1,0,1,0,0,1,1,0,0,-1,-1,0,0,-1,-1,-1,-1,-1,-1,-1,-1,-1,52,68,36,65,Real Sociedad,Athletic Club Bilbao,1.84,1.05,1.85,0.67,1.85,1.58,48,33,1.96,1.23,3.19,38,True,True,False,False,False,False,False,Spain_La_Liga,2017-03-12 11:00:00
2016-2017,27,2,1,3,4,8,12,2,0,0,0,9,6,1,3,10,9,8,8,33,67,Estadio Municipal de Riazor (A Coruña (La Coruña)),"Calle Manuel Murguía, A Coruña (La Coruña)",2,0,9.99,6.55,1.25,0.0,0.0,0.0,0.0,0.0,0.0,0.0,0.0,0.0,0.0,0.0,0.0,0.0,3,1,0,1,1,2,1,1489331700,286,0,65,0,28474,-1,1,-1,-1,-1,-1,-1,-1,2,0,0,0,2,0,-1,0,0,0,0,0.0,0.0,0.0,0,0,0,0,0,0,1,1,0,0,-1,-1,0,0,-1,-1,-1,-1,-1,-1,-1,-1,-1,56,84,32,65,Deportivo La Coruña,FC Barcelona,1.37,2.21,1.33,2.31,0.92,2.31,45,17,1.83,1.89,3.72,38,True,True,True,False,False,False,True,Spain_La_Liga,2017-03-12 15:15:00
2016-2017,27,0,1,1,3,3,6,4,5,0,0,0,4,8,2,8,6,9,10,59,41,Estadio de Balaídos (Vigo),"Avenida de Balaídos, Vigo",4,5,2.46,3.25,3.17,0.0,0.0,0.0,0.0,0.0,0.0,0.0,0.0,0.0,0.0,0.0,0.0,0.0,1,0,1,0,0,0,1,1489339800,76,0,50,0,16651,-1,1,-1,-1,-1,-1,-1,-1,1,1,3,4,2,7,-1,0,0,0,0,0.0,0.0,0.0,0,0,0,0,0,0,1,1,0,0,-1,-1,0,1,-1,-1,-1,-1,-1,-1,-1,-1,-1,54,67,34,50,Celta de Vigo,Villarreal,1.53,1.58,2.08,1.5,1.4,1.73,46,34,1.63,1.13,2.76,38,True,False,False,False,False,False,False,Spain_La_Liga,2017-03-12 17:30:00
2016-2017,27,2,1,3,8,4,12,1,1,0,1,6,5,7,4,13,9,9,15,62,38,Estadio Santiago Bernabéu,"Avenida de Concha Espina 1, Chamartín, Madrid",1,2,1.13,9.99,9.99,0.0,0.0,0.0,0.0,0.0,0.0,0.0,0.0,0.0,0.0,0.0,0.0,0.0,3,1,1,1,0,1,2,1489347900,84,0,64,0,69206,-1,1,-1,-1,-1,-1,-1,-1,0,1,1,1,1,2,-1,0,0,0,0,0.0,0.0,0.0,0,0,0,0,0,0,1,1,0,0,-1,-1,0,0,-1,-1,-1,-1,-1,-1,-1,-1,-1,64,84,44,76,Real Madrid,Real Betis,2.42,0.74,2.54,0.83,2.36,1.08,37,17,2.17,1.1,3.27,38,True,True,True,False,False,False,True,Spain_La_Liga,2017-03-12 19:45:00
2016-2017,27,1,1,2,6,6,12,4,4,0,0,7,7,3,9,10,16,15,13,44,56,Estadio El Sadar,"Carretera El Sadar, Iruñea",4,4,3.1,3.35,2.44,0.0,0.0,0.0,0.0,0.0,0.0,0.0,0.0,0.0,0.0,0.0,0.0,0.0,2,0,0,1,1,2,0,1489434300,-1,0,69,0,11332,1,1,3,4,3,2,7,5,1,0,3,4,1,7,1,0,0,0,0,1.56,2.13,3.69,0,0,0,0,0,0,1,1,0,0,1,1,0,0,-1,-1,-1,-1,-1,-1,-1,-1,-1,68,89,48,76,CA Osasuna,SD Eibar,0.68,1.11,0.31,1.08,0.38,1.5,32,12,1.53,1.65,3.18,38,True,True,False,False,False,False,True,Spain_La_Liga,2017-03-13 19:45:00
2016-2017,28,1,0,1,8,5,13,3,2,0,1,11,5,8,3,19,8,13,14,61,39,Estadio de Gran Canaria,"Avenida Pío XII 29, Las Palmas de Gran Canaria",3,4,2.62,3.28,2.91,0.0,0.0,0.0,0.0,0.0,0.0,0.0,0.0,0.0,0.0,0.0,0.0,0.0,1,1,0,0,0,0,1,1489779900,276,0,48,0,18729,-1,1,-1,-1,-1,-1,-1,-1,0,2,3,1,2,4,-1,0,0,0,0,0.0,0.0,0.0,0,0,0,0,0,0,1,1,1,0,-1,-1,0,0,-1,-1,-1,-1,-1,-1,-1,-1,-1,33,52,30,55,UD Las Palmas,Villarreal,1.74,1.58,1.86,1.62,1.19,1.78,67,49,1.71,1.13,2.84,38,True,False,False,False,False,False,False,Spain_La_Liga,2017-03-17 19:45:00
2016-2017,28,1,1,2,6,2,8,2,4,0,0,4,2,10,3,14,5,12,13,65,35,Estadio Municipal de Ipurúa,"Calle de Ipurúa, Eibar",2,4,1.99,3.44,4.21,0.0,0.0,0.0,0.0,0.0,0.0,0.0,0.0,0.0,0.0,0.0,0.0,0.0,2,1,0,0,1,1,1,1489838400,-1,0,45,0,5325,-1,1,-1,-1,-1,-1,-1,-1,1,1,1,3,2,4,-1,0,0,0,0,0.0,0.0,0.0,0,0,0,0,0,0,1,1,0,0,-1,-1,1,0,-1,-1,-1,-1,-1,-1,-1,-1,-1,48,71,26,67,SD Eibar,RCD Espanyol,1.74,1.42,1.86,1.23,1.48,1.44,53,30,1.83,0.92,2.75,38,True,True,False,False,False,False,True,Spain_La_Liga,2017-03-18 12:00:00
2016-2017,28,1,2,3,5,5,10,1,4,0,0,6,5,8,5,14,10,18,13,56,44,San Mamés Barria,"Rafael Moreno Pitxitxi Kalea, Bilbao",1,4,5.32,4.26,1.65,0.0,0.0,0.0,0.0,0.0,0.0,0.0,0.0,0.0,0.0,0.0,0.0,0.0,3,0,1,1,1,2,1,1489850100,84,0,73,0,49164,-1,1,-1,-1,-1,-1,-1,-1,1,2,0,2,3,2,-1,0,0,0,0,0.0,0.0,0.0,0,0,0,0,0,0,1,1,0,0,-1,-1,0,0,-1,-1,-1,-1,-1,-1,-1,-1,-1,74,86,44,73,Athletic Club Bilbao,Real Madrid,2.26,2.47,2.36,2.17,1.63,2.38,27,15,1.79,2.08,3.87,38,True,True,True,False,False,False,True,Spain_La_Liga,2017-03-18 15:15:00
2016-2017,28,1,0,1,5,8,13,3,4,0,1,3,2,5,2,8,4,13,12,37,63,Estadio de Mendizorroza,"Paseo de Cervantes, Vitoria-Gasteiz",3,5,3.13,3.21,2.51,0.0,0.0,0.0,0.0,0.0,0.0,0.0,0.0,0.0,0.0,0.0,0.0,0.0,1,1,0,0,0,0,1,1489858200,277,0,50,0,17284,-1,1,-1,-1,-1,-1,-1,-1,1,0,2,5,1,7,-1,0,0,0,0,0.0,0.0,0.0,0,0,0,0,0,0,1,1,0,0,-1,-1,0,0,-1,-1,-1,-1,-1,-1,-1,-1,-1,46,77,31,58,Deportivo Alavés,Real Sociedad,1.53,1.53,1.23,1.85,1.37,1.78,54,23,1.38,1.55,2.93,38,True,False,False,False,False,False,False,Spain_La_Liga,2017-03-18 17:30:00
2016-2017,28,2,0,2,5,0,5,0,3,0,0,6,7,7,6,13,13,12,15,58,42,Estadio Benito Villamarín,"Avenida de Heliópolis, Sevilla",0,3,1.56,4.15,6.76,0.0,0.0,0.0,0.0,0.0,0.0,0.0,0.0,0.0,0.0,0.0,0.0,0.0,2,2,0,0,0,0,2,1489866300,284,0,56,0,32572,-1,1,-1,-1,-1,-1,-1,-1,0,1,0,2,1,2,-1,0,0,0,0,0.0,0.0,0.0,0,0,0,0,0,0,1,1,1,0,-1,-1,0,1,-1,-1,-1,-1,-1,-1,-1,-1,-1,49,79,41,75,Real Betis,CA Osasuna,1.32,0.47,1.29,0.46,1.04,0.41,51,22,1.79,1.32,3.11,38,True,True,False,False,False,False,False,Spain_La_Liga,2017-03-18 19:45:00
2016-2017,28,0,0,0,6,7,13,4,2,0,0,2,2,11,6,13,8,10,15,54,46,Estadio Municipal de Butarque,"Calle Arquitectura, Leganés",4,2,2.49,3.18,3.19,0.0,0.0,0.0,0.0,0.0,0.0,0.0,0.0,0.0,0.0,0.0,0.0,0.0,0,0,0,0,0,0,0,1489921200,-1,0,48,0,9382,-1,1,-1,-1,-1,-1,-1,-1,2,1,2,1,3,3,-1,0,0,0,0,0.0,0.0,0.0,0,0,0,0,0,0,1,1,0,0,-1,-1,0,0,-1,-1,-1,-1,-1,-1,-1,-1,-1,41,70,26,71,Leganés,Málaga CF,1.11,0.74,1.0,0.43,0.93,0.96,60,30,1.4,1.57,2.97,38,False,False,False,False,False,False,False,Spain_La_Liga,2017-03-19 11:00:00
2016-2017,28,3,1,4,2,2,4,4,3,0,0,9,4,6,5,15,9,15,15,42,58,Estadio Vicente Calderón (Madrid),"Paseo Virgen del Puerto 67, Madrid",4,3,1.8,3.73,4.84,0.0,0.0,0.0,0.0,0.0,0.0,0.0,0.0,0.0,0.0,0.0,0.0,0.0,4,1,0,2,1,3,1,1489936500,117,0,55,0,49544,-1,1,-1,-1,-1,-1,-1,-1,1,1,3,2,2,5,-1,0,0,0,0,0.0,0.0,0.0,0,0,0,0,0,0,1,1,0,0,-1,-1,0,0,-1,-1,-1,-1,-1,-1,-1,-1,-1,59,78,34,71,Atlético Madrid,Sevilla FC,2.32,1.37,2.23,1.79,1.93,2.11,41,23,1.97,1.51,3.48,38,True,True,True,True,False,False,True,Spain_La_Liga,2017-03-19 15:15:00
2016-2017,28,3,1,4,6,3,9,2,4,0,0,12,6,3,5,15,11,11,12,50,50,Estadio Municipal El Molinón,"Parque de Isabel la Católica, Gijón",2,4,2.13,3.42,3.73,0.0,0.0,0.0,0.0,0.0,0.0,0.0,0.0,0.0,0.0,0.0,0.0,0.0,4,0,0,3,1,4,0,1489944600,289,0,75,0,24129,-1,1,-1,-1,-1,-1,-1,-1,0,1,2,3,1,5,-1,0,0,0,0,0.0,0.0,0.0,1,0,0,0,1,0,1,1,0,0,-1,-1,0,0,-1,-1,-1,-1,-1,-1,-1,-1,-1,71,89,56,78,Sporting Gijón,Granada CF,1.0,0.21,0.85,0.21,0.67,0.7,30,11,1.36,1.12,2.48,38,True,True,True,True,False,False,True,Spain_La_Liga,2017-03-19 17:30:00
2016-2017,28,0,1,1,3,1,4,4,4,0,0,2,3,7,6,9,9,20,13,46,54,Estadio Municipal de Riazor (A Coruña (La Coruña)),"Calle Manuel Murguía, A Coruña (La Coruña)",4,4,2.44,3.32,3.13,0.0,0.0,0.0,0.0,0.0,0.0,0.0,0.0,0.0,0.0,0.0,0.0,0.0,1,0,0,0,1,1,0,1489944600,281,0,58,0,30810,-1,1,-1,-1,-1,-1,-1,-1,0,1,4,3,1,7,-1,0,0,0,0,0.0,0.0,0.0,0,0,0,0,0,0,1,1,0,0,-1,-1,0,0,-1,-1,-1,-1,-1,-1,-1,-1,-1,50,77,31,62,Deportivo La Coruña,Celta de Vigo,1.37,0.84,1.46,0.77,1.0,1.35,50,23,1.83,1.27,3.1,38,True,False,False,False,False,False,False,Spain_La_Liga,2017-03-19 17:30:00
2016-2017,28,4,2,6,6,3,9,3,4,0,1,13,6,16,1,29,7,4,11,72,28,Camp Nou,"Carrer d'Arístides Maillol, Barcelona",3,6,1.13,9.99,9.99,0.0,0.0,0.0,0.0,0.0,0.0,0.0,0.0,0.0,0.0,0.0,0.0,0.0,6,2,2,2,0,2,4,1489952700,83,0,63,0,77058,-1,1,-1,-1,-1,-1,-1,-1,0,4,3,1,4,4,-1,0,0,0,0,0.0,0.0,0.0,1,0,1,0,0,0,1,1,0,0,-1,-1,0,0,-1,-1,-1,-1,-1,-1,-1,-1,-1,70,86,48,74,FC Barcelona,Valencia CF,2.53,0.95,2.31,0.86,2.22,1.11,30,15,2.4,1.41,3.81,38,True,True,True,True,True,True,True,Spain_La_Liga,2017-03-19 19:45:00
2016-2017,29,2,1,3,4,4,8,3,2,0,0,6,4,1,5,7,9,16,14,49,51,RCDE Stadium,"Avenida Baix Llobregat 100, Cornella de Llobregat",3,2,2.05,3.39,4.05,0.0,0.0,0.0,0.0,0.0,0.0,0.0,0.0,0.0,0.0,0.0,0.0,0.0,3,0,0,2,1,3,0,1490985900,280,0,60,0,21090,-1,1,-1,-1,-1,-1,-1,-1,0,0,3,2,0,5,-1,0,0,0,0,0.0,0.0,0.0,0,1,0,1,0,0,1,1,0,0,-1,-1,0,0,-1,-1,-1,-1,-1,-1,-1,-1,-1,59,78,34,63,RCD Espanyol,Real Betis,1.53,0.74,1.64,0.77,1.43,1.11,41,23,1.49,1.1,2.59,38,True,True,True,False,False,False,True,Spain_La_Liga,2017-03-31 18:45:00
2016-2017,29,2,3,5,11,5,16,4,3,0,0,8,6,6,8,14,14,8,9,58,42,Estadio de la Cerámica,"Plaza Labrador, Villarreal",4,3,1.79,3.65,5.1,0.0,0.0,0.0,0.0,0.0,0.0,0.0,0.0,0.0,0.0,0.0,0.0,0.0,5,1,0,1,3,4,1,1491044400,279,0,60,0,15574,-1,1,-1,-1,-1,-1,-1,-1,2,1,2,2,3,4,-1,0,0,0,0,0.0,0.0,0.0,0,1,0,1,0,0,1,1,0,0,-1,-1,1,0,-1,-1,-1,-1,-1,-1,-1,-1,-1,53,93,45,78,Villarreal,SD Eibar,1.95,1.11,1.93,1.08,1.71,1.46,48,8,1.59,1.7,3.29,38,True,True,True,True,True,False,True,Spain_La_Liga,2017-04-01 11:00:00
2016-2017,29,1,2,3,6,3,9,4,2,0,0,7,5,2,5,9,10,15,10,46,54,Estadio El Sadar,"Carretera El Sadar, Iruñea",4,2,5.25,4.12,1.68,0.0,0.0,0.0,0.0,0.0,0.0,0.0,0.0,0.0,0.0,0.0,0.0,0.0,3,0,2,1,0,1,2,1491056100,285,0,51,0,15755,-1,1,-1,-1,-1,-1,-1,-1,2,1,2,1,3,3,-1,0,0,0,0,0.0,0.0,0.0,0,0,0,0,0,0,1,1,0,0,-1,-1,0,0,-1,-1,-1,-1,-1,-1,-1,-1,-1,55,74,37,71,CA Osasuna,Athletic Club Bilbao,0.68,1.05,0.36,0.85,0.39,1.57,45,26,1.54,1.23,2.77,38,True,True,True,False,False,False,True,Spain_La_Liga,2017-04-01 14:15:00
2016-2017,29,1,1,2,7,0,7,2,3,0,0,5,5,7,1,12,6,10,16,71,29,Estadio Municipal de Anoeta,"Paseo de Anoeta 1, Donostia-San Sebastián",2,3,1.77,3.59,5.39,0.0,0.0,0.0,0.0,0.0,0.0,0.0,0.0,0.0,0.0,0.0,0.0,0.0,2,0,1,1,0,1,1,1491064200,-1,0,43,0,18869,-1,1,-1,-1,-1,-1,-1,-1,1,1,1,2,2,3,-1,0,0,0,0,0.0,0.0,0.0,0,0,0,0,0,0,1,1,0,0,-1,-1,0,0,-1,-1,-1,-1,-1,-1,-1,-1,-1,50,79,36,64,Real Sociedad,Leganés,1.84,0.74,1.71,0.86,1.71,0.93,50,21,1.96,1.31,3.27,38,True,True,False,False,False,False,True,Spain_La_Liga,2017-04-01 16:30:00
2016-2017,29,0,2,2,6,0,6,2,2,0,0,6,7,6,1,12,8,9,12,64,36,Estadio La Rosaleda,"Avenida de la Palmilla / Paseo de Martiricos, Málaga",2,2,5.17,3.76,1.75,0.0,0.0,0.0,0.0,0.0,0.0,0.0,0.0,0.0,0.0,0.0,0.0,0.0,2,0,1,0,1,1,1,1491072300,117,0,49,0,27082,-1,1,-1,-1,-1,-1,-1,-1,0,2,2,0,2,2,-1,0,0,0,0,0.0,0.0,0.0,0,0,0,0,0,0,1,1,0,0,-1,-1,0,0,-1,-1,-1,-1,-1,-1,-1,-1,-1,49,82,34,61,Málaga CF,Atlético Madrid,1.68,1.79,1.54,1.64,0.96,1.96,51,19,1.89,1.43,3.32,38,True,True,False,False,False,False,False,Spain_La_Liga,2017-04-01 18:45:00
2016-2017,29,0,0,0,9,5,14,3,4,0,0,7,2,11,4,18,6,12,12,64,36,Estadio Ramón Sánchez Pizjuán,"Avenida de Eduardo Dato, Sevilla",3,4,1.3,5.93,9.99,0.0,0.0,0.0,0.0,0.0,0.0,0.0,0.0,0.0,0.0,0.0,0.0,0.0,0,0,0,0,0,0,0,1491127200,-1,0,60,0,31382,-1,1,-1,-1,-1,-1,-1,-1,0,1,3,3,1,6,-1,0,0,0,0,0.0,0.0,0.0,0,0,0,0,0,0,1,1,0,0,-1,-1,0,0,-1,-1,-1,-1,-1,-1,-1,-1,-1,56,70,30,49,Sevilla FC,Sporting Gijón,2.42,0.63,2.46,0.5,2.04,0.75,45,30,1.76,1.1,2.86,38,False,False,False,False,False,False,False,Spain_La_Liga,2017-04-02 10:00:00
2016-2017,29,3,0,3,3,3,6,0,2,0,0,6,3,10,7,16,10,12,15,55,45,Estadio Santiago Bernabéu,"Avenida de Concha Espina 1, Chamartín, Madrid",0,2,1.14,9.99,9.99,0.0,0.0,0.0,0.0,0.0,0.0,0.0,0.0,0.0,0.0,0.0,0.0,0.0,3,1,0,2,0,2,1,1491142500,84,0,61,0,69586,-1,1,-1,-1,-1,-1,-1,-1,0,1,0,1,1,1,-1,0,0,0,0,0.0,0.0,0.0,0,0,0,0,0,0,1,1,0,0,-1,-1,0,0,-1,-1,-1,-1,-1,-1,-1,-1,-1,65,82,39,68,Real Madrid,Deportivo Alavés,2.42,1.37,2.57,1.5,2.41,1.43,36,18,2.17,1.18,3.35,38,True,True,True,False,False,False,False,Spain_La_Liga,2017-04-02 14:15:00
2016-2017,29,3,0,3,3,6,9,3,1,0,0,9,6,4,6,13,12,17,13,43,57,Estadio de Mestalla,"Avenida de Suecia, Valencia",3,1,1.79,3.75,4.88,0.0,0.0,0.0,0.0,0.0,0.0,0.0,0.0,0.0,0.0,0.0,0.0,0.0,3,2,0,1,0,1,2,1491150600,288,0,63,0,34724,-1,1,-1,-1,-1,-1,-1,-1,1,1,2,0,2,2,-1,0,0,0,0,0.0,0.0,0.0,0,1,0,0,0,1,1,1,1,0,-1,-1,1,0,-1,-1,-1,-1,-1,-1,-1,-1,-1,56,82,41,71,Valencia CF,Deportivo La Coruña,1.47,0.53,1.38,0.57,1.07,0.96,44,19,1.68,1.35,3.03,38,True,True,True,False,False,False,False,Spain_La_Liga,2017-04-02 16:30:00
2016-2017,29,1,4,5,1,9,10,2,3,1,0,6,13,2,10,8,23,15,10,36,64,Estadio Nuevo Los Cármenes,"Calle Pintor Manuel Maldonado, Granada",3,3,9.99,8.52,1.17,0.0,0.0,0.0,0.0,0.0,0.0,0.0,0.0,0.0,0.0,0.0,0.0,0.0,5,0,1,1,3,4,1,1491158700,83,0,63,0,18717,-1,1,-1,-1,-1,-1,-1,-1,0,1,3,2,1,5,-1,0,0,0,0,0.0,0.0,0.0,0,0,0,0,0,0,1,1,0,0,-1,-1,0,0,-1,-1,-1,-1,-1,-1,-1,-1,-1,55,81,26,59,Granada CF,FC Barcelona,0.84,2.21,1.23,2.14,0.68,2.25,46,19,1.5,1.89,3.39,38,True,True,True,True,True,False,True,Spain_La_Liga,2017-04-02 18:45:00
2016-2017,29,3,1,4,4,6,10,3,3,0,0,6,7,5,4,11,11,16,11,47,53,Estadio de Balaídos (Vigo),"Avenida de Balaídos, Vigo",3,3,2.07,3.65,3.65,0.0,0.0,0.0,0.0,0.0,0.0,0.0,0.0,0.0,0.0,0.0,0.0,0.0,4,2,0,1,1,2,2,1491245100,281,0,62,0,14212,-1,1,-1,-1,-1,-1,-1,-1,2,1,1,2,3,3,-1,0,0,0,0,0.0,0.0,0.0,0,0,0,0,0,0,1,1,0,0,-1,-1,0,0,-1,-1,-1,-1,-1,-1,-1,-1,-1,73,81,46,77,Celta de Vigo,UD Las Palmas,1.53,0.32,1.92,0.46,1.41,1.25,27,19,1.63,1.33,2.96,38,True,True,True,True,False,False,True,Spain_La_Liga,2017-04-03 18:45:00
2016-2017,30,2,0,2,5,1,6,1,3,0,0,6,3,8,3,14,6,19,15,61,39,San Mamés Barria,"Rafael Moreno Pitxitxi Kalea, Bilbao",1,3,1.75,3.8,5.14,0.0,0.0,0.0,0.0,0.0,0.0,0.0,0.0,0.0,0.0,0.0,0.0,0.0,2,2,0,0,0,0,2,1491327000,285,0,62,0,38586,-1,1,-1,-1,-1,-1,-1,-1,1,2,0,1,3,1,-1,0,0,0,0,0.0,0.0,0.0,1,0,1,0,0,0,1,1,0,0,-1,-1,0,0,-1,-1,-1,-1,-1,-1,-1,-1,-1,52,69,21,69,Athletic Club Bilbao,RCD Espanyol,2.26,1.42,2.2,1.21,1.62,1.48,49,32,1.79,0.92,2.71,38,True,True,False,False,False,False,False,Spain_La_Liga,2017-04-04 17:30:00
2016-2017,30,0,1,1,5,2,7,2,2,0,0,4,3,5,3,9,6,11,16,60,40,Estadio Benito Villamarín,"Avenida de Heliópolis, Sevilla",2,2,3.08,3.4,2.43,0.0,0.0,0.0,0.0,0.0,0.0,0.0,0.0,0.0,0.0,0.0,0.0,0.0,1,0,0,0,1,1,0,1491334200,76,0,38,0,25392,-1,1,-1,-1,-1,-1,-1,-1,1,0,1,2,1,3,-1,0,0,0,0,0.0,0.0,0.0,0,0,0,0,0,0,1,1,0,0,-1,-1,0,0,-1,-1,-1,-1,-1,-1,-1,-1,-1,27,52,31,55,Real Betis,Villarreal,1.32,1.58,1.4,1.5,1.07,1.66,73,49,1.79,1.13,2.92,38,True,False,False,False,False,False,False,Spain_La_Liga,2017-04-04 19:30:00
2016-2017,30,1,0,1,6,4,10,0,4,0,0,8,2,12,8,20,10,16,14,42,58,Estadio Vicente Calderón (Madrid),"Paseo Virgen del Puerto 67, Madrid",0,4,1.4,4.8,9.15,0.0,0.0,0.0,0.0,0.0,0.0,0.0,0.0,0.0,0.0,0.0,0.0,0.0,1,1,0,0,0,0,1,1491334200,117,0,43,0,43130,-1,1,-1,-1,-1,-1,-1,-1,0,0,0,4,0,4,-1,0,0,0,0,0.0,0.0,0.0,0,0,0,0,0,0,1,1,0,0,-1,-1,0,0,-1,-1,-1,-1,-1,-1,-1,-1,-1,54,79,33,68,Atlético Madrid,Real Sociedad,2.32,1.53,2.29,1.71,2.0,1.69,47,22,1.97,1.55,3.52,38,True,False,False,False,False,False,False,Spain_La_Liga,2017-04-04 19:30:00
2016-2017,30,3,0,3,4,4,8,4,2,0,1,8,4,8,4,16,8,13,13,55,45,Camp Nou,"Carrer d'Arístides Maillol, Barcelona",4,3,1.28,6.66,9.99,0.0,0.0,0.0,0.0,0.0,0.0,0.0,0.0,0.0,0.0,0.0,0.0,0.0,3,3,0,0,0,0,3,1491413400,83,0,65,0,83980,-1,1,-1,-1,-1,-1,-1,-1,1,1,3,2,2,5,-1,0,0,0,0,0.0,0.0,0.0,0,0,0,0,0,0,1,1,0,0,-1,-1,0,0,-1,-1,-1,-1,-1,-1,-1,-1,-1,69,87,38,80,FC Barcelona,Sevilla FC,2.53,1.37,2.36,1.67,2.28,2.0,31,14,2.4,1.51,3.91,38,True,True,True,False,False,False,False,Spain_La_Liga,2017-04-05 17:30:00
2016-2017,30,0,1,1,5,1,6,5,1,0,0,5,6,9,1,14,7,20,11,63,37,Estadio de Mendizorroza,"Paseo de Cervantes, Vitoria-Gasteiz",5,1,1.42,4.8,8.44,0.0,0.0,0.0,0.0,0.0,0.0,0.0,0.0,0.0,0.0,0.0,0.0,0.0,1,0,0,0,1,1,0,1491417000,287,0,57,0,14034,-1,1,-1,-1,-1,-1,-1,-1,1,1,4,0,2,4,-1,0,0,0,0,0.0,0.0,0.0,0,0,0,0,0,0,1,1,0,0,-1,-1,0,0,-1,-1,-1,-1,-1,-1,-1,-1,-1,47,79,36,72,Deportivo Alavés,CA Osasuna,1.53,0.47,1.36,0.43,1.38,0.38,54,22,1.38,1.32,2.7,38,True,False,False,False,False,False,False,Spain_La_Liga,2017-04-05 18:30:00
2016-2017,30,0,1,1,7,1,8,2,5,0,0,6,4,7,6,13,10,12,20,57,43,Estadio Municipal El Molinón,"Parque de Isabel la Católica, Gijón",2,5,0.0,0.0,0.0,0.0,0.0,0.0,0.0,0.0,0.0,0.0,0.0,0.0,0.0,0.0,0.0,0.0,1,0,1,0,0,0,1,1491417000,283,0,73,0,23729,-1,1,-1,-1,-1,-1,-1,-1,0,2,2,3,2,5,-1,0,0,0,0,0.0,0.0,0.0,0,0,0,0,0,0,1,1,0,0,-1,-1,0,0,-1,-1,-1,-1,-1,-1,-1,-1,-1,63,80,39,72,Sporting Gijón,Málaga CF,1.0,0.74,1.0,0.47,0.76,0.93,37,20,1.36,1.57,2.93,38,True,False,False,False,False,False,False,Spain_La_Liga,2017-04-05 18:30:00
2016-2017,30,0,0,0,6,3,9,1,4,0,0,4,3,9,7,13,10,12,9,54,46,Estadio Municipal de Riazor (A Coruña (La Coruña)),"Calle Manuel Murguía, A Coruña (La Coruña)",1,4,1.68,3.96,5.48,0.0,0.0,0.0,0.0,0.0,0.0,0.0,0.0,0.0,0.0,0.0,0.0,0.0,0,0,0,0,0,0,0,1491417000,-1,0,66,0,19303,-1,1,-1,-1,-1,-1,-1,-1,0,1,1,3,1,4,-1,0,0,0,0,0.0,0.0,0.0,1,0,0,0,1,0,1,1,0,0,-1,-1,0,0,-1,-1,-1,-1,-1,-1,-1,-1,-1,55,79,37,69,Deportivo La Coruña,Granada CF,1.37,0.21,1.36,0.2,0.93,0.66,45,21,1.83,1.12,2.95,38,False,False,False,False,False,False,False,Spain_La_Liga,2017-04-05 18:30:00
2016-2017,30,2,4,6,4,4,8,2,1,0,0,6,8,10,8,16,16,15,16,40,60,Estadio Municipal de Butarque,"Calle Arquitectura, Leganés",2,1,9.99,6.29,1.27,0.0,0.0,0.0,0.0,0.0,0.0,0.0,0.0,0.0,0.0,0.0,0.0,0.0,6,2,3,0,1,1,5,1491420600,84,0,53,0,10599,-1,1,-1,-1,-1,-1,-1,-1,0,0,2,1,0,3,-1,0,0,0,0,0.0,0.0,0.0,0,0,0,0,0,0,1,1,0,0,-1,-1,0,0,-1,-1,-1,-1,-1,-1,-1,-1,-1,57,82,38,67,Leganés,Real Madrid,1.11,2.47,1.0,2.23,0.93,2.43,43,18,1.4,2.08,3.48,38,True,True,True,True,True,True,True,Spain_La_Liga,2017-04-05 19:30:00
2016-2017,30,3,1,4,9,2,11,2,5,0,0,7,4,4,2,11,6,14,11,55,45,Estadio Municipal de Ipurúa,"Calle de Ipurúa, Eibar",2,5,1.91,3.83,4.08,0.0,0.0,0.0,0.0,0.0,0.0,0.0,0.0,0.0,0.0,0.0,0.0,0.0,4,2,0,1,1,2,2,1491499800,279,0,59,0,5204,-1,1,-1,-1,-1,-1,-1,-1,0,1,2,4,1,6,-1,0,0,0,0,0.0,0.0,0.0,1,0,1,0,0,0,1,1,0,0,-1,-1,0,1,-1,-1,-1,-1,-1,-1,-1,-1,-1,62,83,45,83,SD Eibar,UD Las Palmas,1.74,0.32,1.8,0.43,1.52,1.21,38,17,1.83,1.33,3.16,38,True,True,True,True,False,False,True,Spain_La_Liga,2017-04-06 17:30:00
2016-2017,30,3,2,5,6,2,8,1,1,0,0,10,4,6,7,16,11,15,9,50,50,Estadio de Mestalla,"Avenida de Suecia, Valencia",1,1,2.07,3.69,3.62,0.0,0.0,0.0,0.0,0.0,0.0,0.0,0.0,0.0,0.0,0.0,0.0,0.0,5,1,1,2,1,3,2,1491507000,288,0,54,0,29307,1,1,6,1,0,1,7,1,1,1,0,0,2,0,1,0,0,0,0,2.23,1.38,3.61,0,1,0,1,0,0,1,1,0,0,5,0,0,0,-1,-1,-1,-1,-1,-1,-1,-1,-1,57,82,43,68,Valencia CF,Celta de Vigo,1.47,0.84,1.5,0.93,1.14,1.46,43,18,1.68,1.27,2.95,38,True,True,True,True,True,False,True,Spain_La_Liga,2017-04-06 19:30:00
2016-2017,31,3,1,4,4,5,9,6,3,1,0,5,5,5,4,10,9,16,16,49,51,Estadio de la Cerámica,"Plaza Labrador, Villarreal",8,3,2.11,3.41,3.78,0.0,0.0,0.0,0.0,0.0,0.0,0.0,0.0,0.0,0.0,0.0,0.0,0.0,4,1,1,2,0,2,2,1491590700,76,0,45,0,17948,-1,1,-1,-1,-1,-1,-1,-1,0,2,7,1,2,8,-1,0,0,0,0,0.0,0.0,0.0,0,0,0,0,0,0,1,1,0,0,-1,-1,0,0,-1,-1,-1,-1,-1,-1,-1,-1,-1,49,79,38,80,Villarreal,Athletic Club Bilbao,1.95,1.05,1.8,1.0,1.7,1.67,52,22,1.59,1.23,2.82,38,True,True,True,True,False,False,True,Spain_La_Liga,2017-04-07 18:45:00
2016-2017,31,1,0,1,5,3,8,3,3,0,0,7,0,9,9,16,9,11,9,44,56,RCDE Stadium,"Avenida Baix Llobregat 100, Cornella de Llobregat",3,3,2.02,3.31,4.28,0.0,0.0,0.0,0.0,0.0,0.0,0.0,0.0,0.0,0.0,0.0,0.0,0.0,1,0,0,1,0,1,0,1491649200,280,0,54,0,17049,-1,1,-1,-1,-1,-1,-1,-1,0,0,3,3,0,6,-1,0,0,0,0,0.0,0.0,0.0,0,0,0,0,0,0,1,1,0,0,-1,-1,0,0,-1,-1,-1,-1,-1,-1,-1,-1,-1,60,77,23,53,RCD Espanyol,Deportivo Alavés,1.53,1.37,1.73,1.4,1.43,1.33,40,23,1.49,1.18,2.67,38,True,False,False,False,False,False,False,Spain_La_Liga,2017-04-08 11:00:00
2016-2017,31,1,1,2,6,2,8,2,3,0,0,6,5,14,4,20,9,12,13,60,40,Estadio Santiago Bernabéu,"Avenida de Concha Espina 1, Chamartín, Madrid",2,3,1.82,3.74,4.66,0.0,0.0,0.0,0.0,0.0,0.0,0.0,0.0,0.0,0.0,0.0,0.0,0.0,2,0,0,1,1,2,0,1491660900,-1,0,47,0,80000,-1,1,-1,-1,-1,-1,-1,-1,1,0,1,3,1,4,-1,0,0,0,0,0.0,0.0,0.0,0,0,0,0,0,0,1,1,0,0,-1,-1,0,0,-1,-1,-1,-1,-1,-1,-1,-1,-1,57,87,40,64,Real Madrid,Atlético Madrid,2.42,1.79,2.6,1.73,2.45,2.03,44,14,2.17,1.43,3.6,38,True,True,False,False,False,False,True,Spain_La_Liga,2017-04-08 14:15:00
2016-2017,31,4,2,6,4,2,6,3,3,0,0,12,3,4,4,16,7,19,15,56,44,Estadio Ramón Sánchez Pizjuán,"Avenida de Eduardo Dato, Sevilla",3,3,1.46,4.7,7.55,0.0,0.0,0.0,0.0,0.0,0.0,0.0,0.0,0.0,0.0,0.0,0.0,0.0,6,3,2,1,0,1,5,1491669000,98,0,55,0,33099,-1,1,-1,-1,-1,-1,-1,-1,2,1,1,2,3,3,-1,0,0,0,0,0.0,0.0,0.0,0,0,0,0,0,0,1,1,2,1,-1,-1,0,0,-1,-1,-1,-1,-1,-1,-1,-1,-1,52,69,35,55,Sevilla FC,Deportivo La Coruña,2.42,0.53,2.36,0.53,1.93,0.93,49,32,1.76,1.35,3.11,38,True,True,True,True,True,True,True,Spain_La_Liga,2017-04-08 16:30:00
2016-2017,31,2,0,2,2,3,5,4,4,0,1,5,3,4,9,9,12,26,20,31,69,Estadio La Rosaleda,"Avenida de la Palmilla / Paseo de Martiricos, Málaga",4,5,9.36,5.81,1.33,0.0,0.0,0.0,0.0,0.0,0.0,0.0,0.0,0.0,0.0,0.0,0.0,0.0,2,1,0,1,0,1,1,1491677100,283,0,66,0,28486,-1,1,-1,-1,-1,-1,-1,-1,2,3,2,2,5,4,-1,0,0,0,0,0.0,0.0,0.0,0,0,0,0,0,0,1,1,0,0,-1,-1,0,1,-1,-1,-1,-1,-1,-1,-1,-1,-1,65,93,38,77,Málaga CF,FC Barcelona,1.68,2.21,1.43,2.2,1.0,2.3,35,7,1.89,1.89,3.78,38,True,True,False,False,False,False,False,Spain_La_Liga,2017-04-08 18:45:00
2016-2017,31,1,3,4,5,2,7,2,2,0,0,8,9,11,7,19,16,9,13,51,49,Estadio Nuevo Los Cármenes,"Calle Pintor Manuel Maldonado, Granada",2,2,2.97,3.59,2.41,0.0,0.0,0.0,0.0,0.0,0.0,0.0,0.0,0.0,0.0,0.0,0.0,0.0,4,0,2,1,1,2,2,1491732000,288,0,69,0,15159,-1,1,-1,-1,-1,-1,-1,-1,1,0,1,2,1,3,-1,0,0,0,0,0.0,0.0,0.0,0,0,0,0,0,0,1,1,0,0,-1,-1,0,0,-1,-1,-1,-1,-1,-1,-1,-1,-1,58,79,37,65,Granada CF,Valencia CF,0.84,0.95,1.14,0.8,0.67,1.2,42,21,1.5,1.41,2.91,38,True,True,True,True,False,False,True,Spain_La_Liga,2017-04-09 10:00:00
2016-2017,31,0,2,2,0,3,3,1,3,0,0,4,6,6,3,10,9,10,16,59,41,Estadio de Balaídos (Vigo),"Avenida de Balaídos, Vigo",1,3,2.32,3.53,3.17,0.0,0.0,0.0,0.0,0.0,0.0,0.0,0.0,0.0,0.0,0.0,0.0,0.0,2,0,1,0,1,1,1,1491747300,279,0,68,0,15566,-1,1,-1,-1,-1,-1,-1,-1,0,2,1,1,2,2,-1,0,0,0,0,0.0,0.0,0.0,0,0,0,0,0,0,1,1,0,0,-1,-1,0,0,-1,-1,-1,-1,-1,-1,-1,-1,-1,72,86,43,72,Celta de Vigo,SD Eibar,1.53,1.11,2.0,1.21,1.41,1.57,29,14,1.63,1.7,3.33,38,True,True,False,False,False,False,False,Spain_La_Liga,2017-04-09 14:15:00
2016-2017,31,2,1,3,4,8,12,3,4,0,0,5,3,5,13,10,16,14,13,45,55,Estadio El Sadar,"Carretera El Sadar, Iruñea",3,4,3.51,3.37,2.23,0.0,0.0,0.0,0.0,0.0,0.0,0.0,0.0,0.0,0.0,0.0,0.0,0.0,3,1,1,1,0,1,2,1491755400,287,0,57,0,14511,-1,1,-1,-1,-1,-1,-1,-1,1,3,2,1,4,3,-1,0,0,0,0,0.0,0.0,0.0,1,0,1,0,0,0,1,1,0,0,-1,-1,0,0,-1,-1,-1,-1,-1,-1,-1,-1,-1,57,84,40,70,CA Osasuna,Leganés,0.68,0.74,0.33,0.87,0.47,0.9,43,17,1.54,1.31,2.85,38,True,True,True,False,False,False,True,Spain_La_Liga,2017-04-09 16:30:00
2016-2017,31,4,1,5,2,6,8,3,4,0,0,7,6,3,4,10,10,18,18,52,48,Estadio de Gran Canaria,"Avenida Pío XII 29, Las Palmas de Gran Canaria",3,4,2.0,3.62,3.96,0.0,0.0,0.0,0.0,0.0,0.0,0.0,0.0,0.0,0.0,0.0,0.0,0.0,5,1,0,3,1,4,1,1491763500,276,0,59,0,19678,-1,1,-1,-1,-1,-1,-1,-1,3,0,0,4,3,4,-1,0,0,0,0,0.0,0.0,0.0,1,0,1,0,0,0,1,1,0,0,-1,-1,0,0,-1,-1,-1,-1,-1,-1,-1,-1,-1,49,62,31,66,UD Las Palmas,Real Betis,1.74,0.74,1.93,0.71,1.17,1.03,52,38,1.71,1.1,2.81,38,True,True,True,True,True,False,True,Spain_La_Liga,2017-04-09 18:45:00
2016-2017,31,3,1,4,7,4,11,1,5,0,0,8,4,11,3,19,7,21,17,60,40,Estadio Municipal de Anoeta,"Paseo de Anoeta 1, Donostia-San Sebastián",1,5,1.45,4.66,7.83,0.0,0.0,0.0,0.0,0.0,0.0,0.0,0.0,0.0,0.0,0.0,0.0,0.0,4,2,0,1,1,2,2,1491849900,290,0,50,0,18894,-1,1,-1,-1,-1,-1,-1,-1,0,3,1,2,3,3,-1,0,0,0,0,0.0,0.0,0.0,0,0,0,0,0,0,1,1,1,0,-1,-1,0,0,-1,-1,-1,-1,-1,-1,-1,-1,-1,50,74,30,50,Real Sociedad,Sporting Gijón,1.84,0.63,1.67,0.53,1.63,0.73,50,27,1.96,1.1,3.06,38,True,True,True,True,False,False,True,Spain_La_Liga,2017-04-10 18:45:00
2016-2017,32,5,1,6,14,5,19,1,2,0,0,9,3,9,6,18,9,21,10,58,42,San Mamés Barria,"Rafael Moreno Pitxitxi Kalea, Bilbao",1,2,1.61,4.26,5.74,0.0,0.0,0.0,0.0,0.0,0.0,0.0,0.0,0.0,0.0,0.0,0.0,0.0,6,3,1,2,0,2,4,1492195500,285,0,71,0,36502,-1,1,-1,-1,-1,-1,-1,-1,0,0,1,2,0,3,-1,0,0,0,0,0.0,0.0,0.0,0,0,0,0,0,0,1,1,2,0,-1,-1,0,0,-1,-1,-1,-1,-1,-1,-1,-1,-1,68,81,46,84,Athletic Club Bilbao,UD Las Palmas,2.26,0.32,2.25,0.4,1.61,1.23,33,19,1.79,1.33,3.12,38,True,True,True,True,True,True,True,Spain_La_Liga,2017-04-14 18:45:00
2016-2017,32,2,0,2,1,4,5,3,4,0,0,5,4,5,8,10,12,14,17,44,56,Estadio Municipal de Riazor (A Coruña (La Coruña)),"Calle Manuel Murguía, A Coruña (La Coruña)",3,4,2.14,3.43,3.69,0.0,0.0,0.0,0.0,0.0,0.0,0.0,0.0,0.0,0.0,0.0,0.0,0.0,2,0,0,2,0,2,0,1492254000,286,0,58,0,20300,-1,1,-1,-1,-1,-1,-1,-1,1,2,2,2,3,4,-1,0,0,0,0,0.0,0.0,0.0,0,0,0,0,0,0,1,1,0,0,-1,-1,0,0,-1,-1,-1,-1,-1,-1,-1,-1,-1,42,65,23,68,Deportivo La Coruña,Málaga CF,1.37,0.74,1.33,0.63,0.9,1.06,58,36,1.83,1.57,3.4,38,True,True,False,False,False,False,False,Spain_La_Liga,2017-04-15 11:00:00
2016-2017,32,2,3,5,4,8,12,5,1,0,0,3,6,1,13,4,19,16,11,32,68,Estadio Municipal El Molinón,"Parque de Isabel la Católica, Gijón",5,1,9.12,5.78,1.34,0.0,0.0,0.0,0.0,0.0,0.0,0.0,0.0,0.0,0.0,0.0,0.0,0.0,5,1,1,1,2,3,2,1492265700,84,0,80,0,23745,-1,1,-1,-1,-1,-1,-1,-1,1,0,4,1,1,5,-1,0,0,0,0,0.0,0.0,0.0,0,0,0,0,0,0,1,1,0,0,-1,-1,0,0,-1,-1,-1,-1,-1,-1,-1,-1,-1,80,94,52,76,Sporting Gijón,Real Madrid,1.0,2.47,0.93,2.29,0.71,2.4,21,7,1.36,2.08,3.44,38,True,True,True,True,True,False,True,Spain_La_Liga,2017-04-15 14:15:00
2016-2017,32,3,0,3,5,2,7,1,5,0,0,7,0,9,2,16,2,11,12,58,42,Estadio Vicente Calderón (Madrid),"Paseo Virgen del Puerto 67, Madrid",1,5,1.19,7.5,9.99,0.0,0.0,0.0,0.0,0.0,0.0,0.0,0.0,0.0,0.0,0.0,0.0,0.0,3,1,0,2,0,2,1,1492273800,117,0,50,0,44113,-1,1,-1,-1,-1,-1,-1,-1,1,1,0,4,2,4,-1,0,0,0,0,0.0,0.0,0.0,2,0,0,0,2,0,1,1,0,0,-1,-1,0,0,-1,-1,-1,-1,-1,-1,-1,-1,-1,53,80,37,77,Atlético Madrid,CA Osasuna,2.32,0.47,2.33,0.6,2.0,0.55,47,20,1.97,1.32,3.29,38,True,True,True,False,False,False,False,Spain_La_Liga,2017-04-15 16:30:00
2016-2017,32,3,2,5,5,4,9,3,2,0,0,8,6,5,6,13,12,15,17,-1,-1,Camp Nou,"Carrer d'Arístides Maillol, Barcelona",3,2,1.12,9.99,9.99,0.0,0.0,0.0,0.0,0.0,0.0,0.0,0.0,0.0,0.0,0.0,0.0,0.0,5,3,2,0,0,0,5,1492281900,83,0,47,0,81704,-1,1,-1,-1,-1,-1,-1,-1,1,1,2,1,2,3,-1,0,0,0,0,0.0,0.0,0.0,0,0,0,0,0,0,1,1,0,0,-1,-1,0,1,-1,-1,-1,-1,-1,-1,-1,-1,-1,60,84,40,77,FC Barcelona,Real Sociedad,2.53,1.53,2.4,1.6,2.23,1.68,40,17,2.4,1.55,3.95,38,True,True,True,True,True,False,True,Spain_La_Liga,2017-04-15 18:45:00
2016-2017,32,0,1,1,5,1,6,1,1,0,0,6,4,6,3,12,7,19,14,52,48,Estadio Municipal de Butarque,"Calle Arquitectura, Leganés",1,1,2.19,3.29,3.71,0.0,0.0,0.0,0.0,0.0,0.0,0.0,0.0,0.0,0.0,0.0,0.0,0.0,1,0,0,0,1,1,0,1492336800,280,0,40,0,9127,-1,1,-1,-1,-1,-1,-1,-1,0,0,1,1,0,2,-1,0,0,0,0,0.0,0.0,0.0,0,0,0,0,0,0,1,1,0,0,-1,-1,0,0,-1,-1,-1,-1,-1,-1,-1,-1,-1,33,67,24,64,Leganés,RCD Espanyol,1.11,1.42,0.93,1.13,0.87,1.48,67,33,1.4,0.92,2.32,38,True,False,False,False,False,False,False,Spain_La_Liga,2017-04-16 10:00:00
2016-2017,32,0,0,0,4,2,6,3,2,0,0,3,0,7,8,10,8,15,22,46,54,Estadio de Mestalla,"Avenida de Suecia, Valencia",3,2,2.59,3.59,2.73,0.0,0.0,0.0,0.0,0.0,0.0,0.0,0.0,0.0,0.0,0.0,0.0,0.0,0,0,0,0,0,0,0,1492352100,-1,0,68,0,36748,-1,1,-1,-1,-1,-1,-1,-1,2,0,1,2,2,3,-1,0,0,0,0,0.0,0.0,0.0,0,0,0,0,0,0,1,1,0,0,-1,-1,0,0,-1,-1,-1,-1,-1,-1,-1,-1,-1,68,91,46,84,Valencia CF,Sevilla FC,1.47,1.37,1.6,1.56,1.26,1.97,32,10,1.75,1.51,3.26,38,False,False,False,False,False,False,False,Spain_La_Liga,2017-04-16 14:15:00
2016-2017,32,2,0,2,4,6,10,4,4,0,0,4,4,4,6,8,10,15,18,36,64,Estadio Benito Villamarín,"Avenida de Heliópolis, Sevilla",4,4,2.45,3.37,3.08,0.0,0.0,0.0,0.0,0.0,0.0,0.0,0.0,0.0,0.0,0.0,0.0,0.0,2,1,0,1,0,1,1,1492360200,284,0,56,0,30331,-1,1,-1,-1,-1,-1,-1,-1,2,1,2,3,3,5,-1,0,0,0,0,0.0,0.0,0.0,0,0,0,0,0,0,1,1,1,0,-1,-1,0,0,-1,-1,-1,-1,-1,-1,-1,-1,-1,46,75,39,68,Real Betis,SD Eibar,1.32,1.11,1.31,1.33,1.0,1.61,55,26,1.79,1.7,3.49,38,True,True,False,False,False,False,False,Spain_La_Liga,2017-04-16 16:30:00
2016-2017,32,0,3,3,8,1,9,5,2,0,0,4,5,10,9,14,14,16,10,40,60,Estadio Nuevo Los Cármenes,"Calle Pintor Manuel Maldonado, Granada",5,2,3.12,3.46,2.38,0.0,0.0,0.0,0.0,0.0,0.0,0.0,0.0,0.0,0.0,0.0,0.0,0.0,3,0,1,0,2,2,1,1492368300,281,0,57,0,13442,-1,1,-1,-1,-1,-1,-1,-1,3,0,2,2,3,4,-1,0,0,0,0,0.0,0.0,0.0,0,0,0,0,0,0,1,1,0,0,-1,-1,0,0,-1,-1,-1,-1,-1,-1,-1,-1,-1,50,73,30,57,Granada CF,Celta de Vigo,0.84,0.84,1.07,0.87,0.65,1.37,50,27,1.5,1.28,2.78,38,True,True,True,False,False,False,False,Spain_La_Liga,2017-04-16 18:45:00
2016-2017,32,2,1,3,5,11,16,2,4,0,0,6,6,6,7,12,13,8,13,46,54,Estadio de Mendizorroza,"Paseo de Cervantes, Vitoria-Gasteiz",2,4,3.0,3.25,2.57,0.0,0.0,0.0,0.0,0.0,0.0,0.0,0.0,0.0,0.0,0.0,0.0,0.0,3,2,0,0,1,1,2,1492454700,277,0,40,0,17831,-1,1,-1,-1,-1,-1,-1,-1,0,2,2,2,2,4,-1,0,0,0,0,0.0,0.0,0.0,0,0,0,0,0,0,1,1,0,0,-1,-1,0,0,-1,-1,-1,-1,-1,-1,-1,-1,-1,27,47,20,47,Deportivo Alavés,Villarreal,1.53,1.58,1.27,1.6,1.29,1.74,74,54,1.38,1.13,2.51,38,True,True,True,False,False,False,True,Spain_La_Liga,2017-04-17 18:45:00
2016-2017,33,2,0,2,7,2,9,1,2,0,0,14,3,14,7,28,10,18,11,58,42,Estadio Ramón Sánchez Pizjuán,"Avenida de Eduardo Dato, Sevilla",1,2,1.29,6.45,9.99,0.0,0.0,0.0,0.0,0.0,0.0,0.0,0.0,0.0,0.0,0.0,0.0,0.0,2,1,0,1,0,1,1,1492801200,98,0,62,0,31074,-1,1,-1,-1,-1,-1,-1,-1,0,1,1,1,1,2,-1,0,0,0,0,0.0,0.0,0.0,0,0,0,0,0,0,1,1,1,0,-1,-1,0,0,-1,-1,-1,-1,-1,-1,-1,-1,-1,58,74,42,61,Sevilla FC,Granada CF,2.42,0.21,2.4,0.25,1.94,0.63,43,26,1.76,1.12,2.88,38,True,True,False,False,False,False,False,Spain_La_Liga,2017-04-21 19:00:00
2016-2017,33,2,0,2,7,6,13,3,3,0,0,4,4,7,8,11,12,14,12,51,49,Estadio La Rosaleda,"Avenida de la Palmilla / Paseo de Martiricos, Málaga",3,3,2.31,3.43,3.26,0.0,0.0,0.0,0.0,0.0,0.0,0.0,0.0,0.0,0.0,0.0,0.0,0.0,2,2,0,0,0,0,2,1492858800,283,0,68,0,23089,-1,1,-1,-1,-1,-1,-1,-1,2,1,1,2,3,3,-1,0,0,0,0,0.0,0.0,0.0,0,0,0,0,0,0,1,1,0,0,-1,-1,0,0,-1,-1,-1,-1,-1,-1,-1,-1,-1,64,91,52,81,Málaga CF,Valencia CF,1.68,0.95,1.53,0.94,1.03,1.25,36,10,1.89,1.41,3.3,38,True,True,False,False,False,False,False,Spain_La_Liga,2017-04-22 11:00:00
2016-2017,33,2,1,3,3,8,11,1,3,0,0,7,5,6,3,13,8,9,18,54,46,Estadio de la Cerámica,"Plaza Labrador, Villarreal",1,3,1.58,3.93,7.0,0.0,0.0,0.0,0.0,0.0,0.0,0.0,0.0,0.0,0.0,0.0,0.0,0.0,3,0,0,2,1,3,0,1492870500,76,0,50,0,16829,-1,1,-1,-1,-1,-1,-1,-1,0,0,1,3,0,4,-1,0,0,0,0,0.0,0.0,0.0,0,0,0,0,0,0,1,1,0,0,-1,-1,0,0,-1,-1,-1,-1,-1,-1,-1,-1,-1,50,88,41,78,Villarreal,Leganés,1.95,0.74,1.88,0.81,1.69,0.84,50,13,1.59,1.31,2.9,38,True,True,True,False,False,False,True,Spain_La_Liga,2017-04-22 14:15:00
2016-2017,33,2,2,4,1,5,6,3,4,0,0,2,6,4,5,6,11,25,9,42,58,Estadio El Sadar,"Carretera El Sadar, Iruñea",3,4,2.43,3.4,3.08,0.0,0.0,0.0,0.0,0.0,0.0,0.0,0.0,0.0,0.0,0.0,0.0,0.0,4,1,0,1,2,3,1,1492878600,-1,0,63,0,14964,-1,1,-1,-1,-1,-1,-1,-1,0,2,3,2,2,5,-1,0,0,0,0,0.0,0.0,0.0,0,0,0,0,0,0,1,1,0,0,-1,-1,0,0,-1,-1,-1,-1,-1,-1,-1,-1,-1,63,79,41,57,CA Osasuna,Sporting Gijón,0.68,0.63,0.5,0.5,0.53,0.69,38,22,1.54,1.1,2.64,38,True,True,True,True,False,False,True,Spain_La_Liga,2017-04-22 16:30:00
2016-2017,33,0,1,1,5,3,8,3,2,0,0,3,4,7,8,10,12,13,9,49,51,RCDE Stadium,"Avenida Baix Llobregat 100, Cornella de Llobregat",3,2,5.74,3.84,1.68,0.0,0.0,0.0,0.0,0.0,0.0,0.0,0.0,0.0,0.0,0.0,0.0,0.0,1,0,0,0,1,1,0,1492886700,117,0,44,0,27777,-1,1,-1,-1,-1,-1,-1,-1,1,1,2,1,2,3,-1,0,0,0,0,0.0,0.0,0.0,0,0,0,0,0,0,1,1,0,0,-1,-1,0,0,-1,-1,-1,-1,-1,-1,-1,-1,-1,47,78,25,44,RCD Espanyol,Atlético Madrid,1.53,1.79,1.81,1.69,1.53,2.03,54,22,1.49,1.43,2.92,38,True,False,False,False,False,False,False,Spain_La_Liga,2017-04-22 18:45:00
2016-2017,33,1,0,1,11,1,12,1,3,0,0,4,2,12,3,16,5,17,14,57,43,Estadio Municipal de Anoeta,"Paseo de Anoeta 1, Donostia-San Sebastián",1,3,1.84,3.61,4.77,0.0,0.0,0.0,0.0,0.0,0.0,0.0,0.0,0.0,0.0,0.0,0.0,0.0,1,1,0,0,0,0,1,1492941600,290,0,53,0,19925,-1,1,-1,-1,-1,-1,-1,-1,1,1,0,2,2,2,-1,0,0,0,0,0.0,0.0,0.0,0,0,0,0,0,0,1,1,0,0,-1,-1,0,0,-1,-1,-1,-1,-1,-1,-1,-1,-1,53,78,41,63,Real Sociedad,Deportivo La Coruña,1.84,0.53,1.75,0.5,1.63,0.97,47,22,1.96,1.35,3.31,38,True,False,False,False,False,False,False,Spain_La_Liga,2017-04-23 10:00:00
2016-2017,33,0,1,1,5,6,11,3,5,0,0,5,7,3,10,8,17,17,11,46,54,Estadio de Balaídos (Vigo),"Avenida de Balaídos, Vigo",3,5,1.83,3.7,4.72,0.0,0.0,0.0,0.0,0.0,0.0,0.0,0.0,0.0,0.0,0.0,0.0,0.0,1,0,0,0,1,1,0,1492956900,284,0,60,0,15851,-1,1,-1,-1,-1,-1,-1,-1,0,1,3,4,1,7,-1,0,0,0,0,0.0,0.0,0.0,0,0,0,0,0,0,1,1,0,0,-1,-1,0,0,-1,-1,-1,-1,-1,-1,-1,-1,-1,67,77,34,67,Celta de Vigo,Real Betis,1.53,0.74,1.87,0.67,1.42,1.06,34,24,1.63,1.1,2.73,38,True,False,False,False,False,False,False,Spain_La_Liga,2017-04-23 14:15:00
2016-2017,33,1,1,2,3,9,12,4,1,1,0,3,7,10,4,13,11,15,13,56,44,Estadio de Gran Canaria,"Avenida Pío XII 29, Las Palmas de Gran Canaria",6,1,2.04,3.53,3.89,0.0,0.0,0.0,0.0,0.0,0.0,0.0,0.0,0.0,0.0,0.0,0.0,0.0,2,1,0,0,1,1,1,1492965000,-1,0,50,0,16007,-1,1,-1,-1,-1,-1,-1,-1,1,0,4,1,1,5,-1,0,0,0,0,0.0,0.0,0.0,0,0,0,0,0,0,1,1,0,0,-1,-1,0,0,-1,-1,-1,-1,-1,-1,-1,-1,-1,47,60,22,60,UD Las Palmas,Deportivo Alavés,1.74,1.37,2.0,1.31,1.19,1.34,53,41,1.71,1.18,2.89,38,True,True,False,False,False,False,True,Spain_La_Liga,2017-04-23 16:30:00
2016-2017,33,2,3,5,7,4,11,3,2,1,0,14,10,8,6,22,16,14,7,43,57,Estadio Santiago Bernabéu,"Avenida de Concha Espina 1, Chamartín, Madrid",5,2,2.31,3.82,2.97,0.0,0.0,0.0,0.0,0.0,0.0,0.0,0.0,0.0,0.0,0.0,0.0,0.0,5,1,1,1,2,3,2,1492973100,83,0,66,0,81044,-1,1,-1,-1,-1,-1,-1,-1,1,1,3,1,2,4,-1,0,0,0,0,0.0,0.0,0.0,0,0,0,0,0,0,1,1,0,0,-1,-1,0,0,-1,-1,-1,-1,-1,-1,-1,-1,-1,72,97,44,75,Real Madrid,FC Barcelona,2.42,2.21,2.5,2.06,2.42,2.25,28,3,2.17,1.89,4.06,38,True,True,True,True,True,False,True,Spain_La_Liga,2017-04-23 18:45:00
2016-2017,33,0,1,1,5,5,10,4,2,1,0,2,2,5,7,7,9,15,9,51,49,Estadio Municipal de Ipurúa,"Calle de Ipurúa, Eibar",6,2,2.37,3.43,3.15,0.0,0.0,0.0,0.0,0.0,0.0,0.0,0.0,0.0,0.0,0.0,0.0,0.0,1,0,0,0,1,1,0,1493059500,285,0,49,0,6598,-1,1,-1,-1,-1,-1,-1,-1,1,0,4,2,1,6,-1,0,0,0,0,0.0,0.0,0.0,0,0,0,0,0,0,1,1,0,0,-1,-1,0,0,-1,-1,-1,-1,-1,-1,-1,-1,-1,55,74,39,78,SD Eibar,Athletic Club Bilbao,1.74,1.05,1.88,0.93,1.56,1.66,46,26,1.83,1.23,3.06,38,True,False,False,False,False,False,False,Spain_La_Liga,2017-04-24 18:45:00
2016-2017,34,1,1,2,7,2,9,1,2,0,0,7,6,8,8,15,14,9,11,55,45,Estadio Municipal El Molinón,"Parque de Isabel la Católica, Gijón",1,2,2.43,3.42,3.07,0.0,0.0,0.0,0.0,0.0,0.0,0.0,0.0,0.0,0.0,0.0,0.0,0.0,2,1,0,0,1,1,1,1493141400,-1,0,63,0,20608,-1,1,-1,-1,-1,-1,-1,-1,1,1,0,1,2,1,-1,0,0,0,0,0.0,0.0,0.0,0,0,0,0,0,0,1,1,0,0,-1,-1,0,0,-1,-1,-1,-1,-1,-1,-1,-1,-1,53,76,35,69,Sporting Gijón,RCD Espanyol,1.0,1.42,0.88,1.25,0.7,1.48,47,26,1.36,0.92,2.28,38,True,True,False,False,False,False,True,Spain_La_Liga,2017-04-25 17:30:00
2016-2017,34,0,2,2,2,4,6,5,0,0,0,2,7,2,12,4,19,22,12,51,49,Estadio Nuevo Los Cármenes,"Calle Pintor Manuel Maldonado, Granada",5,0,2.99,3.37,2.51,0.0,0.0,0.0,0.0,0.0,0.0,0.0,0.0,0.0,0.0,0.0,0.0,0.0,2,0,0,0,2,2,0,1493145000,283,0,58,0,12099,-1,1,-1,-1,-1,-1,-1,-1,2,0,3,0,2,3,-1,0,0,0,0,0.0,0.0,0.0,0,0,0,0,0,0,1,1,0,0,-1,-1,1,0,-1,-1,-1,-1,-1,-1,-1,-1,-1,46,70,22,67,Granada CF,Málaga CF,0.84,0.74,1.0,0.59,0.61,1.09,55,30,1.5,1.57,3.07,38,True,True,False,False,False,False,False,Spain_La_Liga,2017-04-25 18:30:00
2016-2017,34,0,1,1,5,1,6,2,6,0,0,9,3,12,3,21,6,13,16,55,45,Estadio Vicente Calderón (Madrid),"Paseo Virgen del Puerto 67, Madrid",2,6,1.45,4.46,8.72,0.0,0.0,0.0,0.0,0.0,0.0,0.0,0.0,0.0,0.0,0.0,0.0,0.0,1,0,0,0,1,1,0,1493148600,76,0,38,0,44090,-1,1,-1,-1,-1,-1,-1,-1,0,0,2,6,0,8,-1,0,0,0,0,0.0,0.0,0.0,0,0,0,0,0,0,1,1,0,0,-1,-1,0,0,-1,-1,-1,-1,-1,-1,-1,-1,-1,41,57,25,60,Atlético Madrid,Villarreal,2.32,1.58,2.38,1.5,2.06,1.73,60,44,1.97,1.13,3.1,38,True,False,False,False,False,False,False,Spain_La_Liga,2017-04-25 19:30:00
2016-2017,34,7,1,8,10,1,11,0,0,0,0,11,4,10,0,21,4,4,6,75,25,Camp Nou,"Carrer d'Arístides Maillol, Barcelona",0,0,1.1,9.99,9.99,0.0,0.0,0.0,0.0,0.0,0.0,0.0,0.0,0.0,0.0,0.0,0.0,0.0,8,2,0,5,1,6,2,1493227800,83,0,56,0,62453,-1,-1,-1,-1,-1,-1,-1,-1,0,0,0,0,0,0,-1,0,0,0,0,0.0,0.0,0.0,1,0,1,0,0,0,1,1,0,0,-1,-1,-1,-1,-1,-1,-1,-1,-1,-1,-1,-1,-1,66,91,47,85,FC Barcelona,CA Osasuna,2.53,0.47,2.44,0.56,2.27,0.55,35,10,2.4,1.32,3.72,38,True,True,True,True,True,True,True,Spain_La_Liga,2017-04-26 17:30:00
2016-2017,34,3,0,3,6,3,9,1,0,0,0,7,0,6,6,13,6,14,16,53,47,Estadio Municipal de Butarque,"Calle Arquitectura, Leganés",1,0,2.06,3.48,3.88,0.0,0.0,0.0,0.0,0.0,0.0,0.0,0.0,0.0,0.0,0.0,0.0,0.0,3,0,0,3,0,3,0,1493231400,278,0,53,0,9193,-1,1,-1,-1,-1,-1,-1,-1,1,0,0,0,1,0,-1,0,0,0,0,0.0,0.0,0.0,1,0,1,0,0,0,1,1,0,0,-1,-1,0,0,-1,-1,-1,-1,-1,-1,-1,-1,-1,53,76,44,75,Leganés,UD Las Palmas,1.11,0.32,0.88,0.38,0.82,1.18,47,26,1.4,1.33,2.73,38,True,True,True,False,False,False,False,Spain_La_Liga,2017-04-26 18:30:00
2016-2017,34,2,3,5,2,3,5,4,3,0,0,4,3,9,6,13,9,14,20,49,51,Estadio de Mestalla,"Avenida de Suecia, Valencia",4,3,2.12,3.62,3.55,0.0,0.0,0.0,0.0,0.0,0.0,0.0,0.0,0.0,0.0,0.0,0.0,0.0,5,0,2,2,1,3,2,1493231400,290,0,54,0,26236,-1,1,-1,-1,-1,-1,-1,-1,2,2,2,1,4,3,-1,0,0,0,0,0.0,0.0,0.0,1,1,1,1,0,0,1,1,0,1,-1,-1,0,0,-1,-1,-1,-1,-1,-1,-1,-1,-1,57,85,44,78,Valencia CF,Real Sociedad,1.47,1.53,1.56,1.5,1.21,1.67,44,16,1.75,1.55,3.3,38,True,True,True,True,True,False,True,Spain_La_Liga,2017-04-26 18:30:00
2016-2017,34,2,6,8,4,5,9,3,1,0,0,8,13,8,10,16,23,12,6,47,53,Estadio Municipal de Riazor (A Coruña (La Coruña)),"Calle Manuel Murguía, A Coruña (La Coruña)",3,1,7.75,5.38,1.4,0.0,0.0,0.0,0.0,0.0,0.0,0.0,0.0,0.0,0.0,0.0,0.0,0.0,8,1,3,1,3,4,4,1493235000,84,0,68,0,26788,-1,1,-1,-1,-1,-1,-1,-1,0,0,3,1,0,4,-1,0,0,0,0,0.0,0.0,0.0,0,0,0,0,0,0,1,1,0,1,-1,-1,0,0,-1,-1,-1,-1,-1,-1,-1,-1,-1,63,85,40,68,Deportivo La Coruña,Real Madrid,1.37,2.47,1.44,2.33,0.94,2.34,38,16,1.83,2.08,3.91,38,True,True,True,True,True,True,True,Spain_La_Liga,2017-04-26 19:30:00
2016-2017,34,0,0,0,3,1,4,4,2,0,1,4,5,12,2,16,7,12,13,62,38,Estadio de Mendizorroza,"Paseo de Cervantes, Vitoria-Gasteiz",4,4,2.65,3.29,2.87,0.0,0.0,0.0,0.0,0.0,0.0,0.0,0.0,0.0,0.0,0.0,0.0,0.0,0,0,0,0,0,0,0,1493314200,-1,0,60,0,13519,-1,1,-1,-1,-1,-1,-1,-1,2,3,2,0,5,2,-1,0,0,0,0,0.0,0.0,0.0,0,0,0,0,0,0,1,1,0,0,-1,-1,0,0,-1,-1,-1,-1,-1,-1,-1,-1,-1,47,75,32,66,Deportivo Alavés,SD Eibar,1.53,1.11,1.38,1.25,1.33,1.52,54,25,1.38,1.7,3.08,38,False,False,False,False,False,False,False,Spain_La_Liga,2017-04-27 17:30:00
2016-2017,34,2,1,3,5,1,6,1,3,0,1,6,3,12,7,18,10,19,18,59,41,Estadio Ramón Sánchez Pizjuán,"Avenida de Eduardo Dato, Sevilla",1,4,1.45,5.05,7.04,0.0,0.0,0.0,0.0,0.0,0.0,0.0,0.0,0.0,0.0,0.0,0.0,0.0,3,0,0,2,1,3,0,1493317800,98,0,50,0,26100,-1,1,-1,-1,-1,-1,-1,-1,1,2,0,2,3,2,-1,0,0,0,0,0.0,0.0,0.0,0,1,0,1,0,0,1,1,0,0,-1,-1,0,0,-1,-1,-1,-1,-1,-1,-1,-1,-1,53,72,35,56,Sevilla FC,Celta de Vigo,2.42,0.84,2.44,1.0,1.97,1.38,47,28,1.76,1.28,3.04,38,True,True,True,False,False,False,True,Spain_La_Liga,2017-04-27 18:30:00
2016-2017,34,2,1,3,11,1,12,1,3,0,0,11,3,4,6,15,9,10,16,55,45,San Mamés Barria,"Rafael Moreno Pitxitxi Kalea, Bilbao",1,3,1.4,5.0,8.85,0.0,0.0,0.0,0.0,0.0,0.0,0.0,0.0,0.0,0.0,0.0,0.0,0.0,3,0,0,2,1,3,0,1493321400,285,0,67,0,34301,-1,1,-1,-1,-1,-1,-1,-1,1,1,0,2,2,2,-1,0,0,0,0,0.0,0.0,0.0,1,0,1,0,0,0,1,1,0,0,-1,-1,1,0,-1,-1,-1,-1,-1,-1,-1,-1,-1,61,73,30,70,Athletic Club Bilbao,Real Betis,2.26,0.74,2.29,0.81,1.7,1.12,40,28,1.79,1.1,2.89,38,True,True,True,False,False,False,True,Spain_La_Liga,2017-04-27 19:30:00
2016-2017,35,3,1,4,4,7,11,2,1,0,0,7,8,9,4,16,12,10,11,52,48,Estadio de la Cerámica,"Plaza Labrador, Villarreal",2,1,1.41,4.94,8.42,0.0,0.0,0.0,0.0,0.0,0.0,0.0,0.0,0.0,0.0,0.0,0.0,0.0,4,1,0,2,1,3,1,1493405100,76,0,56,0,14903,-1,1,-1,-1,-1,-1,-1,-1,0,1,2,0,1,2,-1,0,0,0,0,0.0,0.0,0.0,0,0,0,0,0,0,1,1,0,0,-1,-1,0,0,-1,-1,-1,-1,-1,-1,-1,-1,-1,56,83,35,62,Villarreal,Sporting Gijón,1.95,0.63,1.94,0.53,1.76,0.71,44,18,1.59,1.1,2.69,38,True,True,True,True,False,False,True,Spain_La_Liga,2017-04-28 18:45:00
2016-2017,35,2,1,3,7,1,8,0,3,0,0,5,3,10,1,15,4,14,16,57,43,Estadio Municipal de Anoeta,"Paseo de Anoeta 1, Donostia-San Sebastián",0,3,1.29,6.16,9.99,0.0,0.0,0.0,0.0,0.0,0.0,0.0,0.0,0.0,0.0,0.0,0.0,0.0,3,1,0,1,1,2,1,1493463600,290,0,53,0,17968,-1,1,-1,-1,-1,-1,-1,-1,0,1,0,2,1,2,-1,0,0,0,0,0.0,0.0,0.0,0,0,0,0,0,0,1,1,0,0,-1,-1,0,0,-1,-1,-1,-1,-1,-1,-1,-1,-1,53,79,41,68,Real Sociedad,Granada CF,1.84,0.21,1.82,0.24,1.71,0.59,47,21,1.96,1.12,3.08,38,True,True,True,False,False,False,True,Spain_La_Liga,2017-04-29 11:00:00
2016-2017,35,2,1,3,2,3,5,3,4,0,0,5,3,13,7,18,10,13,8,64,36,Estadio Santiago Bernabéu,"Avenida de Concha Espina 1, Chamartín, Madrid",3,4,1.19,9.09,9.99,0.0,0.0,0.0,0.0,0.0,0.0,0.0,0.0,0.0,0.0,0.0,0.0,0.0,3,1,0,1,1,2,1,1493475300,84,0,71,0,71784,-1,1,-1,-1,-1,-1,-1,-1,0,2,3,2,2,5,-1,0,0,0,0,0.0,0.0,0.0,1,0,0,0,1,0,1,1,0,0,-1,-1,0,0,-1,-1,-1,-1,-1,-1,-1,-1,-1,74,94,62,79,Real Madrid,Valencia CF,2.42,0.95,2.35,0.88,2.36,1.18,27,6,2.17,1.41,3.58,38,True,True,True,False,False,False,True,Spain_La_Liga,2017-04-29 14:15:00
2016-2017,35,0,5,5,7,1,8,3,4,1,0,3,8,9,1,12,9,6,13,59,41,Estadio de Gran Canaria,"Avenida Pío XII 29, Las Palmas de Gran Canaria",4,4,4.85,3.88,1.76,0.0,0.0,0.0,0.0,0.0,0.0,0.0,0.0,0.0,0.0,0.0,0.0,0.0,5,0,3,0,2,2,3,1493483400,117,0,44,0,23523,1,1,3,1,4,0,4,4,2,2,2,2,4,4,1,0,0,0,0,1.42,1.47,2.89,0,0,0,0,0,0,1,1,0,1,1,0,1,0,-1,-1,-1,-1,-1,-1,-1,-1,-1,35,65,24,53,UD Las Palmas,Atlético Madrid,1.74,1.79,1.94,1.76,1.15,2.0,65,35,1.71,1.43,3.14,38,True,True,True,True,True,False,False,Spain_La_Liga,2017-04-29 16:30:00
2016-2017,35,0,3,3,4,5,9,3,0,0,0,4,10,4,5,8,15,18,17,39,61,RCDE Stadium,"Avenida Baix Llobregat 100, Cornella de Llobregat",3,0,9.99,6.61,1.26,0.0,0.0,0.0,0.0,0.0,0.0,0.0,0.0,0.0,0.0,0.0,0.0,0.0,3,0,0,0,3,3,0,1493491500,83,0,59,0,31082,-1,1,-1,-1,-1,-1,-1,-1,1,0,2,0,1,2,-1,0,0,0,0,0.0,0.0,0.0,0,0,0,0,0,0,1,1,0,0,-1,-1,0,0,-1,-1,-1,-1,-1,-1,-1,-1,-1,65,85,32,59,RCD Espanyol,FC Barcelona,1.53,2.21,1.71,2.12,1.47,2.29,35,15,1.49,1.89,3.38,38,True,True,True,False,False,False,False,Spain_La_Liga,2017-04-29 18:45:00
2016-2017,35,2,2,4,7,7,14,2,3,0,0,5,4,8,8,13,12,9,10,46,54,Estadio El Sadar,"Carretera El Sadar, Iruñea",2,3,3.4,3.55,2.2,0.0,0.0,0.0,0.0,0.0,0.0,0.0,0.0,0.0,0.0,0.0,0.0,0.0,4,1,1,1,1,2,2,1493546400,-1,0,62,0,12373,-1,1,-1,-1,-1,-1,-1,-1,2,1,0,2,3,2,-1,0,0,0,0,0.0,0.0,0.0,0,0,0,0,0,0,1,1,1,0,-1,-1,0,1,-1,-1,-1,-1,-1,-1,-1,-1,-1,62,80,44,68,CA Osasuna,Deportivo La Coruña,0.68,0.53,0.53,0.47,0.53,0.91,38,21,1.54,1.35,2.89,38,True,True,True,True,False,False,True,Spain_La_Liga,2017-04-30 10:00:00
2016-2017,35,1,4,5,4,0,4,1,5,0,0,4,6,7,4,11,10,14,15,59,41,Estadio Benito Villamarín,"Avenida de Heliópolis, Sevilla",1,5,2.24,3.23,3.65,0.0,0.0,0.0,0.0,0.0,0.0,0.0,0.0,0.0,0.0,0.0,0.0,0.0,5,1,0,0,4,4,1,1493561700,277,0,41,0,22270,-1,1,-1,-1,-1,-1,-1,-1,0,3,1,2,3,3,-1,0,0,0,0,0.0,0.0,0.0,0,0,0,0,0,0,1,1,0,0,-1,-1,0,0,-1,-1,-1,-1,-1,-1,-1,-1,-1,38,62,24,56,Real Betis,Deportivo Alavés,1.32,1.37,1.41,1.29,1.09,1.32,62,38,1.79,1.18,2.97,38,True,True,True,True,True,False,True,Spain_La_Liga,2017-04-30 14:15:00
2016-2017,35,2,0,2,2,11,13,1,1,0,0,6,2,5,11,11,13,11,9,45,55,Estadio Municipal de Ipurúa,"Calle de Ipurúa, Eibar",1,1,1.84,3.49,5.02,0.0,0.0,0.0,0.0,0.0,0.0,0.0,0.0,0.0,0.0,0.0,0.0,0.0,2,0,0,2,0,2,0,1493569800,279,0,50,0,5256,-1,1,-1,-1,-1,-1,-1,-1,0,1,1,0,1,1,-1,0,0,0,0,0.0,0.0,0.0,0,0,0,0,0,0,1,1,0,0,-1,-1,0,0,-1,-1,-1,-1,-1,-1,-1,-1,-1,53,79,35,71,SD Eibar,Leganés,1.74,0.74,1.76,0.76,1.5,0.88,47,21,1.83,1.31,3.14,38,True,True,False,False,False,False,False,Spain_La_Liga,2017-04-30 16:30:00
2016-2017,35,0,3,3,0,11,11,1,1,0,0,2,12,3,8,5,20,8,10,44,56,Estadio de Balaídos (Vigo),"Avenida de Balaídos, Vigo",1,1,3.56,3.51,2.15,0.0,0.0,0.0,0.0,0.0,0.0,0.0,0.0,0.0,0.0,0.0,0.0,0.0,3,0,1,0,2,2,1,1493577900,285,0,47,0,17054,-1,1,-1,-1,-1,-1,-1,-1,0,0,1,1,0,2,-1,0,0,0,0,0.0,0.0,0.0,0,0,0,0,0,0,1,1,0,0,-1,-1,0,0,-1,-1,-1,-1,-1,-1,-1,-1,-1,60,69,38,69,Celta de Vigo,Athletic Club Bilbao,1.53,1.05,1.75,1.06,1.33,1.74,41,32,1.63,1.23,2.86,38,True,True,True,False,False,False,False,Spain_La_Liga,2017-04-30 18:45:00
2016-2017,35,4,2,6,1,3,4,3,5,0,0,5,6,5,5,10,11,14,18,33,67,Estadio La Rosaleda,"Avenida de la Palmilla / Paseo de Martiricos, Málaga",3,5,4.05,4.0,1.88,0.0,0.0,0.0,0.0,0.0,0.0,0.0,0.0,0.0,0.0,0.0,0.0,0.0,6,1,1,3,1,4,2,1493665200,283,0,61,0,23109,-1,1,-1,-1,-1,-1,-1,-1,1,4,2,1,5,3,-1,0,0,0,0,0.0,0.0,0.0,1,0,0,0,1,0,1,1,0,0,-1,-1,0,1,-1,-1,-1,-1,-1,-1,-1,-1,-1,58,88,40,82,Málaga CF,Sevilla FC,1.68,1.37,1.63,1.53,1.15,2.0,43,12,1.89,1.51,3.4,38,True,True,True,True,True,True,True,Spain_La_Liga,2017-05-01 19:00:00
2016-2017,36,1,1,2,10,3,13,4,4,0,1,5,3,7,6,12,9,20,10,55,45,Estadio Ramón Sánchez Pizjuán,"Avenida de Eduardo Dato, Sevilla",4,5,1.65,4.2,5.43,0.0,0.0,0.0,0.0,0.0,0.0,0.0,0.0,0.0,0.0,0.0,0.0,0.0,2,1,0,0,1,1,1,1494010800,-1,0,53,0,28706,-1,1,-1,-1,-1,-1,-1,-1,2,1,2,4,3,6,1,0,0,0,0,1.74,1.14,2.88,0,0,0,0,0,0,1,1,0,0,-1,-1,1,0,-1,-1,-1,-1,-1,-1,-1,-1,-1,53,77,35,65,Sevilla FC,Real Sociedad,2.42,1.53,2.47,1.59,1.94,1.74,47,24,1.76,1.55,3.31,38,True,True,False,False,False,False,True,Spain_La_Liga,2017-05-05 19:00:00
2016-2017,36,1,0,1,5,4,9,4,3,0,0,4,5,12,5,16,10,17,15,44,56,Estadio Municipal El Molinón,"Parque de Isabel la Católica, Gijón",4,3,1.8,4.1,4.34,0.0,0.0,0.0,0.0,0.0,0.0,0.0,0.0,0.0,0.0,0.0,0.0,0.0,1,0,0,1,0,1,0,1494068400,289,0,77,0,20942,-1,1,-1,-1,-1,-1,-1,-1,1,1,3,2,2,5,-1,0,0,0,0,0.0,0.0,0.0,0,0,0,0,0,0,1,1,0,0,-1,-1,0,0,-1,-1,-1,-1,-1,-1,-1,-1,-1,74,88,53,82,Sporting Gijón,UD Las Palmas,1.0,0.32,0.88,0.35,0.69,1.11,27,12,1.36,1.33,2.69,38,True,False,False,False,False,False,False,Spain_La_Liga,2017-05-06 11:00:00
2016-2017,36,1,0,1,6,5,11,4,3,1,0,5,4,7,4,12,8,6,9,49,51,Estadio Vicente Calderón (Madrid),"Paseo Virgen del Puerto 67, Madrid",5,3,1.34,5.12,9.99,0.0,0.0,0.0,0.0,0.0,0.0,0.0,0.0,0.0,0.0,0.0,0.0,0.0,1,0,0,1,0,1,0,1494080100,117,0,50,0,46699,1,1,3,1,3,4,4,7,1,1,4,2,2,6,1,0,0,0,0,1.57,1.24,2.81,0,0,0,0,0,0,1,1,0,0,0,1,0,0,-1,-1,-1,-1,-1,-1,-1,-1,-1,53,77,30,71,Atlético Madrid,SD Eibar,2.32,1.11,2.24,1.24,2.03,1.54,47,24,1.97,1.7,3.67,38,True,False,False,False,False,False,False,Spain_La_Liga,2017-05-06 14:15:00
2016-2017,36,4,1,5,4,3,7,2,4,0,0,9,5,9,5,18,10,10,13,69,31,Camp Nou,"Carrer d'Arístides Maillol, Barcelona",2,4,1.17,8.85,9.99,0.0,0.0,0.0,0.0,0.0,0.0,0.0,0.0,0.0,0.0,0.0,0.0,0.0,5,2,1,2,0,2,3,1494088200,83,0,47,0,88268,1,1,3,1,1,2,4,3,1,1,1,3,2,4,1,0,0,0,0,2.37,1.23,3.6,1,0,1,0,0,0,1,1,0,0,0,0,0,0,-1,-1,-1,-1,-1,-1,-1,-1,-1,50,65,39,65,FC Barcelona,Villarreal,2.53,1.58,2.47,1.59,2.31,1.8,50,36,2.4,1.13,3.53,38,True,True,True,True,True,False,True,Spain_La_Liga,2017-05-06 16:30:00
2016-2017,36,0,4,4,6,3,9,1,0,0,0,3,8,8,8,11,16,13,8,-1,-1,Estadio Nuevo Los Cármenes,"Calle Pintor Manuel Maldonado, Granada",1,0,9.99,8.59,1.17,0.0,0.0,0.0,0.0,0.0,0.0,0.0,0.0,0.0,0.0,0.0,0.0,0.0,4,0,4,0,0,0,4,1494096300,84,0,70,0,19161,1,1,1,0,5,3,1,8,0,0,1,0,0,1,1,0,0,0,0,1.32,2.0,3.32,0,0,0,0,0,0,1,1,0,1,0,0,0,0,-1,-1,-1,-1,-1,-1,-1,-1,-1,68,88,41,70,Granada CF,Real Madrid,0.84,2.47,0.94,2.38,0.57,2.38,33,12,1.5,2.08,3.58,38,True,True,True,True,False,False,False,Spain_La_Liga,2017-05-06 18:45:00
2016-2017,36,1,0,1,3,10,13,1,4,0,0,5,7,6,12,11,19,15,11,39,61,Estadio de Mendizorroza,"Paseo de Cervantes, Vitoria-Gasteiz",1,4,3.87,3.49,2.06,0.0,0.0,0.0,0.0,0.0,0.0,0.0,0.0,0.0,0.0,0.0,0.0,0.0,1,0,0,1,0,1,0,1494151200,277,0,44,0,16003,1,1,2,5,1,5,7,6,1,2,0,2,3,2,1,0,0,0,0,1.43,2.34,3.76,0,0,0,0,0,0,1,1,0,0,1,0,0,0,-1,-1,-1,-1,-1,-1,-1,-1,-1,44,59,30,62,Deportivo Alavés,Athletic Club Bilbao,1.53,1.05,1.35,1.18,1.37,1.77,56,41,1.38,1.23,2.61,38,True,False,False,False,False,False,False,Spain_La_Liga,2017-05-07 10:00:00
2016-2017,36,4,1,5,9,2,11,3,2,0,0,9,4,9,6,18,10,14,11,60,40,Estadio de Mestalla,"Avenida de Suecia, Valencia",3,2,1.29,6.25,9.99,0.0,0.0,0.0,0.0,0.0,0.0,0.0,0.0,0.0,0.0,0.0,0.0,0.0,5,2,0,2,1,3,2,1494166500,288,0,62,0,24860,1,1,8,1,1,1,9,2,0,0,3,2,0,5,1,0,0,0,0,2.31,1.14,3.44,0,0,0,0,0,0,1,1,0,0,0,0,0,0,-1,-1,-1,-1,-1,-1,-1,-1,-1,62,91,50,85,Valencia CF,CA Osasuna,1.47,0.47,1.47,0.53,1.14,0.54,38,9,1.75,1.32,3.07,38,True,True,True,True,True,False,True,Spain_La_Liga,2017-05-07 14:15:00
2016-2017,36,1,2,3,12,4,16,1,2,0,0,9,6,13,3,22,9,9,14,62,38,Estadio Municipal de Riazor (A Coruña (La Coruña)),"Calle Manuel Murguía, A Coruña (La Coruña)",1,2,2.09,3.44,3.84,0.0,0.0,0.0,0.0,0.0,0.0,0.0,0.0,0.0,0.0,0.0,0.0,0.0,3,0,2,1,0,1,2,1494174600,280,0,53,0,22803,1,1,4,2,8,2,6,10,0,0,1,2,0,3,1,0,0,0,0,2.61,1.25,3.86,0,0,0,0,0,0,1,1,0,0,1,1,0,0,-1,-1,-1,-1,-1,-1,-1,-1,-1,35,68,21,62,Deportivo La Coruña,RCD Espanyol,1.37,1.42,1.35,1.24,0.91,1.43,65,32,1.83,0.92,2.75,38,True,True,True,False,False,False,True,Spain_La_Liga,2017-05-07 16:30:00
2016-2017,36,3,0,3,2,1,3,2,4,0,0,9,3,5,3,14,6,13,17,43,57,Estadio La Rosaleda,"Avenida de la Palmilla / Paseo de Martiricos, Málaga",2,4,1.78,3.9,4.72,0.0,0.0,0.0,0.0,0.0,0.0,0.0,0.0,0.0,0.0,0.0,0.0,0.0,3,1,0,2,0,2,1,1494182700,283,0,53,0,21141,-1,1,-1,-1,-1,-1,-1,-1,0,2,2,2,2,4,-1,0,0,0,0,0.0,0.0,0.0,1,0,1,0,0,0,1,1,0,0,-1,-1,0,0,-1,-1,-1,-1,-1,-1,-1,-1,-1,56,85,41,71,Málaga CF,Celta de Vigo,1.68,0.84,1.71,0.94,1.2,1.29,44,15,1.89,1.28,3.17,38,True,True,True,False,False,False,False,Spain_La_Liga,2017-05-07 18:45:00
2016-2017,36,4,0,4,2,2,4,3,0,0,0,5,5,2,8,7,13,16,12,36,64,Estadio Municipal de Butarque,"Calle Arquitectura, Leganés",3,0,1.77,3.7,5.14,0.0,0.0,0.0,0.0,0.0,0.0,0.0,0.0,0.0,0.0,0.0,0.0,0.0,4,2,0,2,0,2,2,1494269100,278,0,47,0,9443,1,1,1,0,1,2,1,3,1,0,2,0,1,2,1,0,0,0,0,1.09,1.67,2.76,1,0,1,0,0,0,1,1,1,0,0,0,0,0,-1,-1,-1,-1,-1,-1,-1,-1,-1,47,68,24,56,Leganés,Real Betis,1.11,0.74,1.0,0.76,0.86,1.06,53,32,1.4,1.1,2.5,38,True,True,True,True,False,False,False,Spain_La_Liga,2017-05-08 18:45:00
2016-2017,37,0,1,1,7,2,9,0,4,0,0,8,3,8,5,16,8,18,14,54,46,RCDE Stadium,"Avenida Baix Llobregat 100, Cornella de Llobregat",0,4,2.26,3.72,3.24,0.0,0.0,0.0,0.0,0.0,0.0,0.0,0.0,0.0,0.0,0.0,0.0,0.0,1,0,0,0,1,1,0,1494684000,288,0,61,0,19540,-1,1,-1,-1,-1,-1,-1,-1,0,1,0,3,1,3,-1,0,0,0,0,0.0,0.0,0.0,0,0,0,0,0,0,1,1,0,0,-1,-1,0,0,-1,-1,-1,-1,-1,-1,-1,-1,-1,67,84,45,61,RCD Espanyol,Valencia CF,1.53,0.95,1.61,0.83,1.47,1.19,34,17,1.49,1.41,2.9,38,True,False,False,False,False,False,False,Spain_La_Liga,2017-05-13 14:00:00
2016-2017,37,2,1,3,8,3,11,1,3,0,0,6,4,6,4,12,8,11,9,43,57,Estadio El Sadar,"Carretera El Sadar, Iruñea",1,3,1.95,3.93,3.95,0.0,0.0,0.0,0.0,0.0,0.0,0.0,0.0,0.0,0.0,0.0,0.0,0.0,3,1,1,1,0,1,2,1494693000,287,0,67,0,13434,-1,1,-1,-1,-1,-1,-1,-1,0,0,1,3,0,4,-1,0,0,0,0,0.0,0.0,0.0,0,0,0,0,0,0,1,1,0,0,-1,-1,0,0,-1,-1,-1,-1,-1,-1,-1,-1,-1,67,86,47,72,CA Osasuna,Granada CF,0.68,0.21,0.56,0.22,0.53,0.56,34,14,1.54,1.12,2.66,38,True,True,True,False,False,False,True,Spain_La_Liga,2017-05-13 16:30:00
2016-2017,37,3,1,4,4,4,8,1,3,0,0,7,6,5,10,12,16,9,13,38,62,Estadio de Mendizorroza,"Paseo de Cervantes, Vitoria-Gasteiz",1,3,1.77,3.76,5.28,0.0,0.0,0.0,0.0,0.0,0.0,0.0,0.0,0.0,0.0,0.0,0.0,0.0,4,3,0,0,1,1,3,1494770400,277,0,44,0,19540,-1,1,-1,-1,-1,-1,-1,-1,0,0,1,3,0,4,-1,0,0,0,0,0.0,0.0,0.0,0,1,0,1,0,0,1,1,1,0,-1,-1,0,0,-1,-1,-1,-1,-1,-1,-1,-1,-1,47,64,28,50,Deportivo Alavés,Celta de Vigo,1.53,0.84,1.44,0.89,1.42,1.26,53,36,1.38,1.28,2.66,38,True,True,True,True,False,False,True,Spain_La_Liga,2017-05-14 14:00:00
2016-2017,37,1,1,2,10,1,11,3,7,0,0,6,2,6,2,12,4,10,9,59,41,San Mamés Barria,"Rafael Moreno Pitxitxi Kalea, Bilbao",3,7,1.49,4.61,7.49,0.0,0.0,0.0,0.0,0.0,0.0,0.0,0.0,0.0,0.0,0.0,0.0,0.0,2,1,0,0,1,1,1,1494784800,-1,0,61,0,42292,-1,1,-1,-1,-1,-1,-1,-1,1,3,2,4,4,6,-1,0,0,0,0,0.0,0.0,0.0,0,0,0,0,0,0,1,1,0,0,-1,-1,0,0,-1,-1,-1,-1,-1,-1,-1,-1,-1,59,81,33,70,Athletic Club Bilbao,Leganés,2.26,0.74,2.33,0.72,1.72,0.92,42,20,1.79,1.31,3.1,38,True,True,False,False,False,False,True,Spain_La_Liga,2017-05-14 18:00:00
2016-2017,37,1,1,2,3,5,8,4,4,0,0,5,3,10,3,15,6,7,16,59,41,Estadio Benito Villamarín,"Avenida de Heliópolis, Sevilla",4,4,7.16,4.38,1.53,0.0,0.0,0.0,0.0,0.0,0.0,0.0,0.0,0.0,0.0,0.0,0.0,0.0,2,0,0,1,1,2,0,1494784800,-1,0,34,0,27228,-1,1,-1,-1,-1,-1,-1,-1,1,2,3,2,3,5,-1,0,0,0,0,0.0,0.0,0.0,0,0,0,0,0,0,1,1,0,0,-1,-1,0,0,-1,-1,-1,-1,-1,-1,-1,-1,-1,33,67,28,50,Real Betis,Atlético Madrid,1.32,1.79,1.33,1.83,1.03,2.06,67,34,1.79,1.43,3.22,38,True,True,False,False,False,False,True,Spain_La_Liga,2017-05-14 18:00:00
2016-2017,37,0,1,1,5,6,11,2,2,0,0,4,4,8,7,12,11,9,10,57,43,Estadio Municipal de Ipurúa,"Calle de Ipurúa, Eibar",2,2,2.59,3.84,2.67,0.0,0.0,0.0,0.0,0.0,0.0,0.0,0.0,0.0,0.0,0.0,0.0,0.0,1,0,1,0,0,0,1,1494784800,289,0,53,0,5549,-1,1,-1,-1,-1,-1,-1,-1,0,0,2,2,0,4,-1,0,0,0,0,0.0,0.0,0.0,0,0,0,0,0,0,1,1,0,0,-1,-1,0,0,-1,-1,-1,-1,-1,-1,-1,-1,-1,56,75,31,59,SD Eibar,Sporting Gijón,1.74,0.63,1.83,0.5,1.5,0.75,45,25,1.83,1.1,2.93,38,True,False,False,False,False,False,False,Spain_La_Liga,2017-05-14 18:00:00
2016-2017,37,1,4,5,3,5,8,0,1,0,0,7,6,6,8,13,14,14,15,37,63,Estadio de Gran Canaria,"Avenida Pío XII 29, Las Palmas de Gran Canaria",0,1,9.99,9.99,1.11,0.0,0.0,0.0,0.0,0.0,0.0,0.0,0.0,0.0,0.0,0.0,0.0,0.0,5,0,2,1,2,3,2,1494784800,83,0,59,0,22204,-1,1,-1,-1,-1,-1,-1,-1,0,1,0,0,1,0,-1,0,0,0,0,0.0,0.0,0.0,0,0,0,0,0,0,1,1,0,0,-1,-1,0,1,-1,-1,-1,-1,-1,-1,-1,-1,-1,58,78,33,70,UD Las Palmas,FC Barcelona,1.74,2.21,1.83,2.17,1.08,2.33,42,23,1.68,1.89,3.57,38,True,True,True,True,True,False,True,Spain_La_Liga,2017-05-14 18:00:00
2016-2017,37,0,0,0,11,3,14,2,4,0,0,5,2,12,2,17,4,17,22,67,33,Estadio de la Cerámica,"Plaza Labrador, Villarreal",2,4,1.52,4.75,6.51,0.0,0.0,0.0,0.0,0.0,0.0,0.0,0.0,0.0,0.0,0.0,0.0,0.0,0,0,0,0,0,0,0,1494784800,-1,0,56,0,16071,-1,1,-1,-1,-1,-1,-1,-1,2,1,0,3,3,3,-1,0,0,0,0,0.0,0.0,0.0,0,0,0,0,0,0,1,1,0,0,-1,-1,0,0,-1,-1,-1,-1,-1,-1,-1,-1,-1,56,83,42,73,Villarreal,Deportivo La Coruña,1.95,0.53,2.0,0.5,1.75,0.89,44,17,1.59,1.35,2.94,38,False,False,False,False,False,False,False,Spain_La_Liga,2017-05-14 18:00:00
2016-2017,37,4,1,5,4,5,9,4,2,0,0,7,7,7,5,14,12,13,19,50,50,Estadio Santiago Bernabéu,"Avenida de Concha Espina 1, Chamartín, Madrid",4,2,1.17,9.99,9.99,0.0,0.0,0.0,0.0,0.0,0.0,0.0,0.0,0.0,0.0,0.0,0.0,0.0,5,2,0,2,1,3,2,1494784800,84,0,70,0,66456,-1,1,-1,-1,-1,-1,-1,-1,1,0,3,2,1,5,-1,0,0,0,0,0.0,0.0,0.0,0,0,0,0,0,0,1,1,1,0,-1,-1,0,0,-1,-1,-1,-1,-1,-1,-1,-1,-1,73,92,48,81,Real Madrid,Sevilla FC,2.42,1.37,2.39,1.44,2.4,1.92,28,9,2.17,1.51,3.68,38,True,True,True,True,True,False,True,Spain_La_Liga,2017-05-14 18:00:00
2016-2017,37,2,2,4,11,3,14,1,2,0,0,6,5,11,3,17,8,13,16,59,41,Estadio Municipal de Anoeta,"Paseo de Anoeta 1, Donostia-San Sebastián",1,2,1.49,4.74,7.18,0.0,0.0,0.0,0.0,0.0,0.0,0.0,0.0,0.0,0.0,0.0,0.0,0.0,4,1,1,1,1,2,2,1494784800,-1,0,50,0,24959,-1,1,-1,-1,-1,-1,-1,-1,0,0,1,2,0,3,-1,0,0,0,0,0.0,0.0,0.0,1,0,1,0,0,0,1,1,0,0,-1,-1,0,0,-1,-1,-1,-1,-1,-1,-1,-1,-1,45,73,28,67,Real Sociedad,Málaga CF,1.84,0.74,1.89,0.72,1.72,1.25,56,28,1.96,1.57,3.53,38,True,True,True,True,False,False,True,Spain_La_Liga,2017-05-14 18:00:00
2016-2017,21,1,4,5,4,6,10,5,2,1,0,10,10,8,3,18,13,16,9,54,46,Estadio de Balaídos (Vigo),"Avenida de Balaídos, Vigo",6,2,5.25,4.56,1.61,0.0,0.0,0.0,0.0,0.0,0.0,0.0,0.0,0.0,0.0,0.0,0.0,0.0,5,0,1,1,3,4,1,1495047600,84,0,62,0,18740,-1,1,-1,-1,-1,-1,-1,-1,1,1,5,1,2,6,-1,0,0,0,0,0.0,0.0,0.0,0,0,0,0,0,0,1,1,0,1,-1,-1,0,0,-1,-1,-1,-1,-1,-1,-1,-1,-1,80,88,50,74,Celta de Vigo,Real Madrid,1.53,2.47,1.65,2.41,1.22,2.42,21,12,1.63,2.07,3.7,38,True,True,True,True,True,False,True,Spain_La_Liga,2017-05-17 19:00:00
2016-2017,38,1,2,3,3,3,6,0,3,0,0,8,3,7,2,15,5,13,7,48,52,Estadio Nuevo Los Cármenes,"Calle Pintor Manuel Maldonado, Granada",0,3,4.02,3.79,1.97,0.0,0.0,0.0,0.0,0.0,0.0,0.0,0.0,0.0,0.0,0.0,0.0,0.0,3,1,2,0,0,0,3,1495219500,280,0,53,0,10706,-1,1,-1,-1,-1,-1,-1,-1,0,0,0,3,0,3,-1,0,0,0,0,0.0,0.0,0.0,0,0,0,0,0,0,1,1,0,2,-1,-1,0,0,-1,-1,-1,-1,-1,-1,-1,-1,-1,42,73,22,64,Granada CF,RCD Espanyol,0.84,1.42,0.89,1.33,0.54,1.43,59,28,1.48,0.96,2.44,38,True,True,True,False,False,False,True,Spain_La_Liga,2017-05-19 18:45:00
2016-2017,38,2,2,4,2,3,5,0,2,0,0,5,10,6,10,11,20,15,14,48,52,Estadio Municipal El Molinón,"Parque de Isabel la Católica, Gijón",0,2,0.0,0.0,0.0,0.0,0.0,0.0,0.0,0.0,0.0,0.0,0.0,0.0,0.0,0.0,0.0,0.0,4,1,1,1,1,2,2,1495292400,-1,0,70,0,15365,-1,1,-1,-1,-1,-1,-1,-1,0,1,0,1,1,1,-1,0,0,0,0,0.0,0.0,0.0,0,0,0,0,0,0,1,1,1,0,-1,-1,0,0,-1,-1,-1,-1,-1,-1,-1,-1,-1,64,78,36,67,Sporting Gijón,Real Betis,1.0,0.74,1.0,0.72,0.81,1.03,36,23,1.36,1.16,2.52,38,True,True,True,True,False,False,True,Spain_La_Liga,2017-05-20 15:00:00
2016-2017,38,1,1,2,8,4,12,0,1,0,0,6,6,8,12,14,18,9,13,50,50,Estadio Municipal de Butarque,"Calle Arquitectura, Leganés",0,1,2.14,3.44,3.81,0.0,0.0,0.0,0.0,0.0,0.0,0.0,0.0,0.0,0.0,0.0,0.0,0.0,2,0,0,1,1,2,0,1495299600,-1,0,39,0,9491,-1,1,-1,-1,-1,-1,-1,-1,0,1,0,0,1,0,-1,0,0,0,0,0.0,0.0,0.0,0,0,0,0,0,0,1,1,0,0,-1,-1,0,0,-1,-1,-1,-1,-1,-1,-1,-1,-1,45,67,20,56,Leganés,Deportivo Alavés,1.11,1.37,1.11,1.39,0.92,1.46,56,33,1.37,1.18,2.55,38,True,True,False,False,False,False,True,Spain_La_Liga,2017-05-20 17:00:00
2016-2017,38,3,0,3,0,9,9,4,3,0,1,6,6,4,9,10,15,25,14,36,64,Estadio Municipal de Riazor (A Coruña (La Coruña)),"Calle Manuel Murguía, A Coruña (La Coruña)",4,4,1.82,4.04,4.48,0.0,0.0,0.0,0.0,0.0,0.0,0.0,0.0,0.0,0.0,0.0,0.0,0.0,3,3,0,0,0,0,3,1495299600,286,0,64,0,21764,-1,1,-1,-1,-1,-1,-1,-1,2,1,2,3,3,5,-1,0,0,0,0,0.0,0.0,0.0,0,0,0,0,0,0,1,1,1,0,-1,-1,0,0,-1,-1,-1,-1,-1,-1,-1,-1,-1,58,78,42,72,Deportivo La Coruña,UD Las Palmas,1.37,0.32,1.28,0.33,0.89,1.05,42,23,1.92,1.33,3.25,38,True,True,True,False,False,False,False,Spain_La_Liga,2017-05-20 17:00:00
2016-2017,38,5,0,5,1,1,2,3,1,0,0,9,3,11,3,20,6,10,8,67,33,Estadio Ramón Sánchez Pizjuán,"Avenida de Eduardo Dato, Sevilla",3,1,1.15,9.99,9.99,0.0,0.0,0.0,0.0,0.0,0.0,0.0,0.0,0.0,0.0,0.0,0.0,0.0,5,3,0,2,0,2,3,1495306800,98,0,61,0,26472,-1,1,-1,-1,-1,-1,-1,-1,1,0,2,1,1,3,-1,0,0,0,0,0.0,0.0,0.0,0,0,0,0,0,0,1,1,1,0,-1,-1,0,0,-1,-1,-1,-1,-1,-1,-1,-1,-1,56,83,39,73,Sevilla FC,CA Osasuna,2.42,0.47,2.39,0.5,1.86,0.59,45,17,1.75,1.3,3.05,38,True,True,True,True,True,False,False,Spain_La_Liga,2017-05-20 19:00:00
2016-2017,38,3,1,4,2,5,7,2,0,0,0,5,3,5,12,10,15,15,12,40,60,Estadio Vicente Calderón (Madrid),"Paseo Virgen del Puerto 67, Madrid",2,0,1.77,3.92,5.02,0.0,0.0,0.0,0.0,0.0,0.0,0.0,0.0,0.0,0.0,0.0,0.0,0.0,4,2,0,1,1,2,2,1495377900,117,0,36,0,52155,-1,1,-1,-1,-1,-1,-1,-1,2,0,0,0,2,0,-1,0,0,0,0,0.0,0.0,0.0,0,0,0,0,0,0,1,1,1,0,-1,-1,0,0,-1,-1,-1,-1,-1,-1,-1,-1,-1,50,61,28,67,Atlético Madrid,Athletic Club Bilbao,2.32,1.05,2.28,1.11,2.03,1.7,50,39,1.92,1.34,3.26,38,True,True,True,True,False,False,True,Spain_La_Liga,2017-05-21 14:45:00
2016-2017,38,1,3,4,9,0,9,2,2,0,0,7,7,8,7,15,14,15,10,52,48,Estadio de Mestalla,"Avenida de Suecia, Valencia",2,2,2.84,3.66,2.53,0.0,0.0,0.0,0.0,0.0,0.0,0.0,0.0,0.0,0.0,0.0,0.0,0.0,4,0,1,1,2,3,1,1495377900,76,0,53,0,33659,-1,1,-1,-1,-1,-1,-1,-1,1,1,1,1,2,2,-1,0,0,0,0,0.0,0.0,0.0,0,0,0,0,0,0,1,1,0,1,-1,-1,0,1,-1,-1,-1,-1,-1,-1,-1,-1,-1,48,67,42,67,Valencia CF,Villarreal,1.47,1.58,1.56,1.5,1.24,1.73,53,34,1.81,1.14,2.95,38,True,True,True,True,False,False,True,Spain_La_Liga,2017-05-21 14:45:00
2016-2017,38,2,2,4,3,7,10,2,1,0,0,6,7,8,7,14,14,8,15,55,45,Estadio de Balaídos (Vigo),"Avenida de Balaídos, Vigo",2,1,4.3,3.95,1.87,0.0,0.0,0.0,0.0,0.0,0.0,0.0,0.0,0.0,0.0,0.0,0.0,0.0,4,0,0,2,2,4,0,1495377900,-1,0,50,0,14062,-1,1,-1,-1,-1,-1,-1,-1,2,0,0,1,2,1,-1,0,0,0,0,0.0,0.0,0.0,1,0,1,0,0,0,1,1,0,0,-1,-1,0,0,-1,-1,-1,-1,-1,-1,-1,-1,-1,61,81,36,73,Celta de Vigo,Real Sociedad,1.53,1.53,1.56,1.56,1.19,1.7,39,20,1.63,1.51,3.14,38,True,True,True,True,False,False,True,Spain_La_Liga,2017-05-21 14:45:00
2016-2017,38,4,2,6,10,4,14,1,3,0,1,12,5,6,2,18,7,3,14,68,32,Camp Nou,"Carrer d'Arístides Maillol, Barcelona",1,4,1.08,9.99,9.99,0.0,0.0,0.0,0.0,0.0,0.0,0.0,0.0,0.0,0.0,0.0,0.0,0.0,6,0,1,4,1,5,1,1495389600,83,0,61,0,73093,-1,1,-1,-1,-1,-1,-1,-1,1,2,0,2,3,2,-1,0,0,0,0,0.0,0.0,0.0,2,0,1,0,1,0,1,1,0,1,-1,-1,0,0,-1,-1,-1,-1,-1,-1,-1,-1,-1,64,86,45,78,FC Barcelona,SD Eibar,2.53,1.11,2.5,1.17,2.35,1.46,36,14,2.39,1.65,4.04,38,True,True,True,True,True,True,True,Spain_La_Liga,2017-05-21 18:00:00
2016-2017,38,0,2,2,9,7,16,2,0,0,0,7,9,16,8,23,17,6,10,56,44,Estadio La Rosaleda,"Avenida de la Palmilla / Paseo de Martiricos, Málaga",2,0,9.99,7.7,1.23,0.0,0.0,0.0,0.0,0.0,0.0,0.0,0.0,0.0,0.0,0.0,0.0,0.0,2,0,1,0,1,1,1,1495389600,84,0,67,0,27867,-1,1,-1,-1,-1,-1,-1,-1,0,0,2,0,0,2,-1,0,0,0,0,0.0,0.0,0.0,0,0,0,0,0,0,1,1,0,1,-1,-1,0,0,-1,-1,-1,-1,-1,-1,-1,-1,-1,73,97,53,86,Málaga CF,Real Madrid,1.68,2.47,1.78,2.44,1.24,2.43,28,3,1.89,2.07,3.96,38,True,True,False,False,False,False,False,Spain_La_Liga,2017-05-21 18:00:00
2017-2018,1,1,0,1,4,2,6,0,1,0,0,4,6,6,3,10,9,17,17,52,48,Estadio Municipal de Butarque,"Calle Arquitectura, Leganés",0,1,2.19,3.22,3.8,1.61,2.89,6.0,2.27,1.61,1.67,0.0,2.1,0.0,0.0,0.0,0.0,0.0,1,1,0,0,0,0,1,1503080100,278,0,0,0,9231,-1,1,-1,-1,-1,-1,-1,-1,0,1,0,0,1,0,-1,0,0,0,0,0.0,0.0,0.0,0,1,0,0,0,1,1,1,0,0,-1,-1,0,0,-1,-1,-1,-1,-1,-1,-1,-1,-1,0,0,0,0,Leganés,Deportivo Alavés,1.63,1.0,0.0,0.0,0.0,0.0,0,0,0.0,0.0,0.0,38,True,False,False,False,False,False,False,Spain_La_Liga,2017-08-18 18:15:00
2017-2018,1,1,0,1,5,2,7,3,3,0,1,7,5,10,1,17,6,25,13,47,53,Estadio de Mestalla,"Avenida de Suecia, Valencia",3,5,1.83,3.8,4.55,1.2,1.72,2.73,1.59,2.29,0.0,1.73,0.0,2.0,0.0,0.0,0.0,0.0,1,1,0,0,0,0,1,1503087300,288,0,0,0,36019,1,1,2,1,3,1,3,4,2,1,1,3,3,4,1,65,49,88,87,2.03,1.09,3.12,0,0,0,0,0,0,1,1,0,0,0,0,1,0,-1,-1,-1,-1,-1,-1,-1,-1,-1,0,0,0,0,Valencia CF,UD Las Palmas,2.21,0.42,0.0,0.0,0.0,0.0,0,0,0.0,0.0,0.0,38,True,False,False,False,False,False,False,Spain_La_Liga,2017-08-18 20:15:00
2017-2018,1,2,3,5,5,4,9,3,1,0,0,6,7,4,6,10,13,12,11,51,49,Estadio de Balaídos (Vigo),"Avenida de Balaídos, Vigo",3,1,2.47,3.4,3.02,1.29,1.98,3.4,1.75,2.0,1.45,1.71,2.71,2.11,0.0,0.0,0.0,0.0,5,1,1,1,2,3,2,1503159300,290,0,0,0,16207,1,1,2,1,3,3,3,6,0,0,3,1,0,4,1,73,43,98,77,1.58,1.62,3.2,0,1,0,1,0,0,1,1,0,0,0,1,0,0,-1,-1,-1,-1,-1,-1,-1,-1,-1,0,0,0,0,Celta de Vigo,Real Sociedad,1.68,0.84,0.0,0.0,0.0,0.0,0,0,0.0,0.0,0.0,38,True,True,True,True,True,False,True,Spain_La_Liga,2017-08-19 16:15:00
2017-2018,1,2,2,4,6,0,6,2,4,0,1,7,4,7,4,14,8,15,15,53,47,Estadi Municipal de Montilivi,"Avenida Montlivi 141, Girona",2,6,9.04,4.69,1.42,1.33,2.34,3.7,2.23,1.63,0.0,1.91,0.0,1.8,0.0,0.0,0.0,0.0,4,2,0,0,2,2,2,1503166500,-1,0,0,0,11342,-1,1,-1,-1,-1,-1,-1,-1,1,1,1,4,2,5,1,67,67,85,91,1.85,1.27,3.12,0,0,0,0,0,0,1,1,0,0,-1,-1,0,0,-1,-1,-1,-1,-1,-1,-1,-1,-1,0,0,0,0,Girona FC,Atlético Madrid,1.42,1.95,0.0,0.0,0.0,0.0,0,0,0.0,0.0,0.0,38,True,True,True,True,False,False,True,Spain_La_Liga,2017-08-19 18:15:00
2017-2018,1,1,1,2,7,3,10,2,4,1,0,5,7,4,2,9,9,14,12,58,42,Estadio Ramón Sánchez Pizjuán,"Avenida de Eduardo Dato, Sevilla",4,4,1.52,4.39,7.0,1.22,1.68,2.8,1.88,1.94,0.0,1.83,0.0,1.83,0.0,0.0,0.0,0.0,2,1,1,0,0,0,2,1503173700,-1,0,0,0,30506,1,1,3,0,4,3,3,7,0,1,3,3,1,6,1,91,72,102,80,1.58,1.58,3.15,0,0,0,0,0,0,1,1,0,0,0,0,0,0,-1,-1,-1,-1,-1,-1,-1,-1,-1,0,0,0,0,Sevilla FC,RCD Espanyol,2.0,1.0,0.0,0.0,0.0,0.0,0,0,0.0,0.0,0.0,38,True,True,False,False,False,False,True,Spain_La_Liga,2017-08-19 20:15:00
2017-2018,1,0,0,0,7,6,13,1,4,0,1,3,3,8,4,11,7,16,15,63,37,San Mamés Barria,"Rafael Moreno Pitxitxi Kalea, Bilbao",1,5,1.51,4.26,7.46,1.29,1.73,3.5,1.92,1.9,0.0,1.83,0.0,1.83,0.0,0.0,0.0,0.0,0,0,0,0,0,0,0,1503245700,-1,0,0,0,38110,1,1,3,3,4,3,6,7,0,2,1,3,2,4,1,72,35,110,85,1.43,0.91,2.34,0,0,0,0,0,0,1,1,0,0,1,0,0,0,-1,-1,-1,-1,-1,-1,-1,-1,-1,0,0,0,0,Athletic Club Bilbao,Getafe CF,1.37,1.26,0.0,0.0,0.0,0.0,0,0,0.0,0.0,0.0,38,False,False,False,False,False,False,False,Spain_La_Liga,2017-08-20 16:15:00
2017-2018,1,2,0,2,8,0,8,2,1,0,0,3,0,8,3,11,3,16,15,60,40,Camp Nou,"Carrer d'Arístides Maillol, Barcelona",2,1,1.12,9.99,9.99,1.11,1.38,1.74,1.81,2.01,0.0,1.73,0.0,2.0,0.0,0.0,0.0,0.0,2,2,0,0,0,0,2,1503252900,83,0,0,0,54560,-1,1,-1,-1,-1,-1,-1,-1,0,0,2,1,0,3,1,86,36,111,69,1.53,0.46,1.99,0,0,0,0,0,0,1,1,0,0,-1,-1,0,0,-1,-1,-1,-1,-1,-1,-1,-1,-1,0,0,0,0,FC Barcelona,Real Betis,2.68,1.37,0.0,0.0,0.0,0.0,0,0,0.0,0.0,0.0,38,True,True,False,False,False,False,False,Spain_La_Liga,2017-08-20 18:15:00
2017-2018,1,0,3,3,4,4,8,5,2,0,1,7,9,5,4,12,13,16,12,44,56,Estadio Municipal de Riazor (A Coruña (La Coruña)),"Calle Manuel Murguía, A Coruña (La Coruña)",5,3,9.99,6.0,1.3,1.14,1.5,2.03,1.84,1.98,0.0,1.83,0.0,1.83,0.0,0.0,0.0,0.0,3,0,2,0,1,1,2,1503260100,84,0,0,0,27801,1,1,1,1,3,3,2,6,1,0,4,3,1,7,1,61,79,91,105,1.69,2.02,3.71,1,0,0,0,1,0,1,1,0,0,1,1,0,0,-1,-1,-1,-1,-1,-1,-1,-1,-1,0,0,0,0,Deportivo La Coruña,Real Madrid,0.95,1.89,0.0,0.0,0.0,0.0,0,0,0.0,0.0,0.0,38,True,True,True,False,False,False,False,Spain_La_Liga,2017-08-20 20:15:00
2017-2018,1,1,0,1,11,6,17,1,3,0,0,4,2,7,2,11,4,18,14,52,48,Estadio Ciudad de Valencia,"Calle San Vicente de Paúl 44, Valencia",1,3,3.71,3.29,2.19,1.43,2.37,4.5,2.05,1.77,0.0,1.83,0.0,1.83,0.0,0.0,0.0,0.0,1,0,0,1,0,1,0,1503339300,292,0,0,0,12942,1,1,7,3,4,3,10,7,1,1,0,2,2,2,1,68,51,84,88,1.46,0.77,2.23,1,0,1,0,0,0,1,1,0,0,2,1,0,0,-1,-1,-1,-1,-1,-1,-1,-1,-1,0,0,0,0,Levante UD,Villarreal,1.42,1.32,0.0,0.0,0.0,0.0,0,0,0.0,0.0,0.0,38,True,False,False,False,False,False,False,Spain_La_Liga,2017-08-21 18:15:00
2017-2018,1,0,1,1,3,7,10,2,3,0,0,5,7,3,4,8,11,16,15,47,53,Estadio La Rosaleda,"Avenida de la Palmilla / Paseo de Martiricos, Málaga",2,3,2.13,3.37,3.81,1.37,2.22,3.8,1.92,1.9,0.0,1.8,0.0,1.91,0.0,0.0,0.0,0.0,1,0,0,0,1,1,0,1503345600,279,0,0,0,24838,1,1,0,4,3,3,4,6,1,2,1,1,3,2,1,50,94,107,114,1.23,1.86,3.09,0,0,0,0,0,0,1,1,0,0,0,0,0,1,-1,-1,-1,-1,-1,-1,-1,-1,-1,0,0,0,0,Málaga CF,SD Eibar,0.79,1.21,0.0,0.0,0.0,0.0,0,0,0.0,0.0,0.0,38,True,False,False,False,False,False,False,Spain_La_Liga,2017-08-21 20:00:00
2017-2018,2,3,0,3,9,4,13,2,2,0,0,10,2,4,3,14,5,12,22,60,40,Estadio Municipal de Anoeta,"Paseo de Anoeta 1, Donostia-San Sebastián",2,2,2.26,3.31,3.56,1.39,2.14,4.0,1.9,1.9,0.0,0.0,0.0,0.0,0.0,0.0,0.0,0.0,3,3,0,0,0,0,3,1503684900,290,0,0,0,19792,1,1,5,1,4,3,6,7,2,1,0,1,3,1,1,80,42,98,77,2.16,0.77,2.92,0,0,0,0,0,0,1,1,0,0,1,1,0,1,-1,-1,-1,-1,-1,-1,-1,-1,-1,0,0,0,0,Real Sociedad,Villarreal,1.74,1.32,0.0,0.0,3.0,0.0,50,50,0.0,0.77,0.77,38,True,True,True,False,False,False,False,Spain_La_Liga,2017-08-25 18:15:00
2017-2018,2,2,1,3,4,6,10,2,2,0,0,4,3,7,7,11,10,13,9,46,54,Estadio Benito Villamarín,"Avenida de Heliópolis, Sevilla",2,2,2.55,3.38,2.96,1.32,2.04,3.6,1.67,2.1,0.0,2.0,0.0,1.73,0.0,0.0,0.0,0.0,3,1,1,1,0,1,2,1503691200,284,0,0,0,43801,1,1,1,4,3,2,5,5,0,0,2,2,0,4,1,49,57,74,81,1.33,1.25,2.58,0,0,0,0,0,0,1,1,0,1,0,1,0,0,-1,-1,-1,-1,-1,-1,-1,-1,-1,0,0,0,0,Real Betis,Celta de Vigo,1.79,0.89,0.0,0.0,0.0,0.0,0,0,0.0,0.0,0.0,38,True,True,True,False,False,False,True,Spain_La_Liga,2017-08-25 20:00:00
2017-2018,2,0,2,2,1,14,15,2,3,0,0,3,12,3,5,6,17,12,10,26,74,Estadio de Mendizorroza,"Paseo de Cervantes, Vitoria-Gasteiz",2,3,9.99,5.88,1.31,1.2,1.63,2.58,1.91,1.83,0.0,0.0,0.0,0.0,0.0,0.0,0.0,0.0,2,0,0,0,2,2,0,1503764100,83,0,0,0,14934,-1,1,-1,-1,-1,-1,-1,-1,2,3,0,0,5,0,-1,0,0,0,0,0.0,0.0,0.0,0,1,0,0,0,1,1,1,0,0,-1,-1,0,0,-1,-1,-1,-1,-1,-1,-1,-1,-1,0,0,0,0,Deportivo Alavés,FC Barcelona,1.47,2.21,0.0,0.0,0.0,3.0,0,0,0.0,0.0,0.0,38,True,True,False,False,False,False,False,Spain_La_Liga,2017-08-26 16:15:00
2017-2018,2,2,2,4,6,5,11,1,2,1,0,6,5,13,5,19,10,11,12,57,43,Estadio Ciudad de Valencia,"Calle San Vicente de Paúl 44, Valencia",2,2,2.32,3.3,3.49,1.41,2.2,4.3,1.83,1.9,0.0,0.0,0.0,0.0,0.0,0.0,0.0,0.0,4,1,2,1,0,1,3,1503771300,-1,0,0,0,16345,1,1,4,2,2,3,6,5,0,1,2,1,1,3,1,83,36,85,75,2.2,1.24,3.45,1,0,1,0,0,0,1,1,0,1,2,0,0,0,-1,-1,-1,-1,-1,-1,-1,-1,-1,0,0,0,0,Levante UD,Deportivo La Coruña,1.42,0.58,3.0,0.0,3.0,0.0,50,50,1.46,0.0,1.46,38,True,True,True,True,False,False,True,Spain_La_Liga,2017-08-26 18:15:00
2017-2018,2,1,0,1,2,3,5,3,4,0,0,5,3,7,3,12,6,11,15,46,54,Estadi Municipal de Montilivi,"Avenida Montlivi 141, Girona",3,4,2.24,3.31,3.67,1.4,2.2,4.2,1.91,1.83,0.0,0.0,0.0,0.0,0.0,0.0,0.0,0.0,1,1,0,0,0,0,1,1503771300,312,0,50,0,9748,1,1,2,1,0,2,3,2,1,0,2,4,1,6,1,64,47,108,96,1.57,0.94,2.51,0,0,0,0,0,0,1,1,0,0,0,0,0,0,-1,-1,-1,-1,-1,-1,-1,-1,-1,50,50,50,50,Girona FC,Málaga CF,1.42,0.26,1.0,0.0,1.0,0.0,0,0,1.85,0.0,1.85,38,True,False,False,False,False,False,False,Spain_La_Liga,2017-08-26 18:15:00
2017-2018,2,1,5,6,4,2,6,4,1,0,0,5,7,5,2,10,9,11,9,59,41,Estadio de Gran Canaria,"Avenida Pío XII 29, Las Palmas de Gran Canaria",4,1,4.72,3.63,1.88,1.39,2.16,4.2,2.1,1.67,0.0,0.0,0.0,0.0,0.0,0.0,0.0,0.0,6,0,2,1,3,4,2,1503778500,117,0,50,0,20310,1,1,3,1,1,1,4,2,3,1,1,0,4,1,1,70,47,101,88,1.49,1.4,2.89,1,0,0,0,1,0,1,1,0,2,1,0,0,0,-1,-1,-1,-1,-1,-1,-1,-1,-1,50,50,50,50,UD Las Palmas,Atlético Madrid,0.74,1.95,0.0,1.0,0.0,1.0,0,0,0.0,1.27,1.27,38,True,True,True,True,True,True,True,Spain_La_Liga,2017-08-26 20:15:00
2017-2018,2,0,1,1,9,1,10,3,3,0,0,3,9,9,3,12,12,10,14,60,40,RCDE Stadium,"Avenida Baix Llobregat 100, Cornella de Llobregat",3,3,2.21,3.21,3.9,1.56,2.72,5.5,2.1,1.67,1.67,0.0,2.1,0.0,0.0,0.0,0.0,0.0,1,0,1,0,0,0,1,1503850500,278,0,0,0,17895,1,1,2,1,7,0,3,7,0,0,3,3,0,6,1,73,48,101,84,1.5,1.74,3.23,0,0,0,0,0,0,1,1,0,0,0,0,0,0,-1,-1,-1,-1,-1,-1,-1,-1,-1,0,0,0,0,RCD Espanyol,Leganés,1.58,0.63,0.0,0.0,1.0,3.0,0,0,0.0,0.0,0.0,38,True,False,False,False,False,False,False,Spain_La_Liga,2017-08-27 16:15:00
2017-2018,2,0,1,1,4,3,7,2,1,1,0,6,5,4,3,10,8,14,11,56,44,Estadio Municipal de Ipurúa,"Calle de Ipurúa, Eibar",3,1,2.95,3.28,2.66,1.4,2.26,4.2,1.8,2.0,1.52,1.82,2.5,1.99,0.0,0.0,0.0,0.0,1,0,1,0,0,0,1,1503850500,285,0,0,0,5948,1,1,1,2,3,1,3,4,1,0,2,1,1,3,1,72,74,102,82,1.57,1.39,2.96,0,0,0,0,0,0,1,1,0,0,0,0,0,0,-1,-1,-1,-1,-1,-1,-1,-1,-1,0,0,0,0,SD Eibar,Athletic Club Bilbao,1.47,0.89,0.0,0.0,3.0,1.0,0,0,0.0,0.0,0.0,38,True,False,False,False,False,False,False,Spain_La_Liga,2017-08-27 16:15:00
2017-2018,2,0,1,1,7,5,12,0,1,0,0,4,4,8,3,12,7,20,10,51,49,Coliseum Alfonso Pérez,"Avenida de Teresa de Calcuta, Getafe",0,1,3.84,3.61,2.07,1.31,1.97,3.35,1.67,2.1,0.0,1.91,0.0,1.8,0.0,0.0,0.0,0.0,1,0,0,0,1,1,0,1503857700,98,0,0,0,9427,1,1,4,2,3,3,6,6,0,0,0,1,0,1,1,74,56,97,82,1.57,1.13,2.7,0,0,0,0,0,0,1,1,0,0,1,1,0,0,-1,-1,-1,-1,-1,-1,-1,-1,-1,0,0,0,0,Getafe CF,Sevilla FC,1.63,1.05,0.0,0.0,1.0,1.0,0,0,0.0,0.0,0.0,38,True,False,False,False,False,False,False,Spain_La_Liga,2017-08-27 18:15:00
2017-2018,2,2,2,4,13,4,17,3,5,0,0,7,4,12,2,19,6,12,12,61,39,Estadio Santiago Bernabéu,"Avenida de Concha Espina 1, Chamartín, Madrid",3,5,1.22,7.8,9.99,1.07,1.24,1.63,1.67,2.1,0.0,0.0,0.0,0.0,0.0,0.0,0.0,0.0,4,1,1,1,1,2,2,1503864900,-1,0,0,0,61739,1,1,7,2,6,2,9,8,0,0,3,5,0,8,1,93,48,94,75,2.35,1.01,3.36,0,0,0,0,0,0,1,1,1,0,2,0,0,0,-1,-1,-1,-1,-1,-1,-1,-1,-1,0,0,0,0,Real Madrid,Valencia CF,2.11,1.63,0.0,0.0,3.0,3.0,0,0,0.0,0.0,0.0,38,True,True,True,True,False,False,True,Spain_La_Liga,2017-08-27 20:15:00
2017-2018,3,1,2,3,2,4,6,1,2,0,0,8,4,4,5,12,9,14,20,61,39,Estadio Municipal de Butarque,"Calle Arquitectura, Leganés",1,2,1.96,3.3,4.84,1.53,2.62,5.3,2.05,1.78,0.0,1.83,0.0,1.83,0.0,0.0,0.0,0.0,3,0,1,1,1,2,1,1504897200,293,0,0,0,11454,1,1,1,3,1,1,4,2,0,0,1,2,0,3,1,69,53,93,80,1.81,1.23,3.05,1,0,0,0,1,0,1,1,0,0,0,0,0,0,-1,-1,-1,-1,-1,-1,-1,-1,-1,0,0,0,50,Leganés,Getafe CF,1.63,1.26,3.0,1.0,3.0,0.5,100,100,0.0,0.91,0.91,38,True,True,True,False,False,False,True,Spain_La_Liga,2017-09-08 19:00:00
2017-2018,3,1,1,2,13,3,16,2,3,1,0,11,3,7,1,18,4,9,16,62,38,Estadio Santiago Bernabéu,"Avenida de Concha Espina 1, Chamartín, Madrid",4,3,1.1,9.99,9.99,1.03,1.16,1.42,1.8,1.8,0.0,0.0,0.0,0.0,0.0,0.0,0.0,0.0,2,1,1,0,0,0,2,1504954800,-1,0,50,0,67789,1,1,6,1,7,2,7,9,0,1,3,2,1,5,1,101,34,99,73,2.62,0.72,3.34,0,0,0,0,0,0,1,1,0,0,1,0,0,0,-1,-1,-1,-1,-1,-1,-1,-1,-1,50,50,50,50,Real Madrid,Levante UD,2.11,1.0,1.0,0.0,2.0,2.0,0,0,2.35,0.0,2.35,38,True,True,False,False,False,False,True,Spain_La_Liga,2017-09-09 11:00:00
2017-2018,3,0,0,0,4,3,7,1,0,0,0,0,5,6,6,6,11,16,14,49,51,Estadio de Mestalla,"Avenida de Suecia, Valencia",1,0,3.85,3.5,2.11,1.33,2.12,3.7,1.8,2.0,0.0,1.91,0.0,1.8,0.0,0.0,0.0,0.0,0,0,0,0,0,0,0,1504966500,-1,0,50,0,43859,-1,1,-1,-1,-1,-1,-1,-1,1,0,0,0,1,0,1,51,57,64,62,0.75,1.45,2.2,0,0,0,0,0,0,1,1,0,0,-1,-1,0,0,-1,-1,-1,-1,-1,-1,-1,-1,-1,50,50,50,100,Valencia CF,Atlético Madrid,2.21,1.95,3.0,2.0,2.0,2.0,50,50,2.03,1.34,3.37,38,False,False,False,False,False,False,False,Spain_La_Liga,2017-09-09 14:15:00
2017-2018,3,3,0,3,6,5,11,1,1,0,0,7,3,5,2,12,5,14,18,59,41,Estadio Ramón Sánchez Pizjuán,"Avenida de Eduardo Dato, Sevilla",1,1,1.71,3.99,5.38,1.2,1.72,2.7,1.87,1.93,1.54,1.86,2.45,1.94,0.0,0.0,0.0,0.0,3,0,0,3,0,3,0,1504974600,98,0,50,0,32469,1,1,5,2,1,3,7,4,1,1,0,0,2,0,1,64,53,100,99,1.71,0.92,2.63,0,0,0,0,0,0,1,1,0,0,0,0,1,0,-1,-1,-1,-1,-1,-1,-1,-1,-1,0,50,50,50,Sevilla FC,SD Eibar,2.0,1.21,1.0,3.0,2.0,1.5,100,50,1.58,1.86,3.44,38,True,True,True,False,False,False,False,Spain_La_Liga,2017-09-09 16:30:00
2017-2018,3,5,0,5,8,7,15,1,5,0,0,10,2,6,5,16,7,11,18,68,32,Camp Nou,"Carrer d'Arístides Maillol, Barcelona",1,5,1.2,7.75,9.99,1.1,1.33,1.88,1.9,1.9,0.0,1.67,0.0,2.1,0.0,0.0,0.0,0.0,5,2,0,3,0,3,2,1504982700,83,0,50,0,72857,1,1,5,2,3,5,7,8,1,1,0,4,2,4,1,73,49,124,77,2.24,0.94,3.18,0,0,0,0,0,0,1,1,0,0,2,0,0,0,-1,-1,-1,-1,-1,-1,-1,-1,-1,0,100,100,100,FC Barcelona,RCD Espanyol,2.68,1.0,3.0,1.0,3.0,0.5,100,0,1.53,1.58,3.11,38,True,True,True,True,True,False,False,Spain_La_Liga,2017-09-09 18:45:00
2017-2018,3,2,4,6,5,7,12,1,3,0,0,5,5,4,7,9,12,18,14,43,57,Estadio Municipal de Riazor (A Coruña (La Coruña)),"Calle Manuel Murguía, A Coruña (La Coruña)",1,3,2.96,3.43,2.56,1.29,2.02,3.2,1.65,2.25,0.0,1.67,0.0,2.1,0.0,0.0,0.0,0.0,6,1,2,1,2,3,3,1505037600,290,0,50,0,21942,1,1,3,4,2,3,7,5,0,1,1,2,1,3,1,58,62,87,97,1.34,1.56,2.9,0,0,0,0,0,0,1,1,0,2,1,1,0,0,-1,-1,-1,-1,-1,-1,-1,-1,-1,100,100,100,100,Deportivo La Coruña,Real Sociedad,0.95,0.84,0.0,3.0,0.5,3.0,0,0,1.69,1.62,3.31,38,True,True,True,True,True,True,True,Spain_La_Liga,2017-09-10 10:00:00
2017-2018,3,2,0,2,6,4,10,4,6,0,0,5,8,2,3,7,11,19,18,48,52,San Mamés Barria,"Rafael Moreno Pitxitxi Kalea, Bilbao",4,6,1.84,3.72,4.81,1.29,1.95,3.3,1.91,1.87,0.0,0.0,0.0,0.0,0.0,0.0,0.0,0.0,2,1,0,1,0,1,1,1505052900,285,0,0,0,39952,1,1,2,2,4,2,4,6,1,3,3,3,4,6,1,69,79,89,100,1.29,1.83,3.12,0,0,0,0,0,0,1,1,0,0,0,0,0,0,-1,-1,-1,-1,-1,-1,-1,-1,-1,0,0,0,0,Athletic Club Bilbao,Girona FC,1.37,1.26,1.0,0.0,2.0,2.0,50,50,1.43,0.0,1.43,38,True,True,False,False,False,False,False,Spain_La_Liga,2017-09-10 14:15:00
2017-2018,3,1,0,1,9,4,13,4,4,0,0,4,4,10,2,14,6,17,17,66,34,Estadio de Balaídos (Vigo),"Avenida de Balaídos, Vigo",4,4,1.84,3.63,4.95,1.3,2.0,3.5,2.0,1.75,0.0,1.83,0.0,1.83,0.0,0.0,0.0,0.0,1,1,0,0,0,0,1,1505061000,281,0,50,0,6133,-1,1,-1,-1,-1,-1,-1,-1,1,0,3,4,1,7,-1,0,0,0,0,0.0,0.0,0.0,0,0,0,0,0,0,1,1,0,0,-1,-1,0,0,-1,-1,-1,-1,-1,-1,-1,-1,-1,50,50,50,100,Celta de Vigo,Deportivo Alavés,1.68,1.0,0.0,0.0,0.0,0.0,50,50,1.58,0.0,1.58,38,True,False,False,False,False,False,False,Spain_La_Liga,2017-09-10 16:30:00
2017-2018,3,3,1,4,4,3,7,3,0,0,0,8,4,5,1,13,5,9,9,48,52,Estadio de la Cerámica,"Plaza Labrador, Villarreal",3,0,1.89,3.62,4.67,1.31,2.0,3.4,1.8,2.0,0.0,1.83,0.0,1.83,0.0,0.0,0.0,0.0,4,1,1,2,0,2,2,1505069100,76,0,0,0,18638,1,1,3,2,1,1,5,2,2,0,1,0,2,1,1,74,56,89,89,1.91,1.01,2.92,0,0,0,0,0,0,1,1,0,0,1,0,1,0,-1,-1,-1,-1,-1,-1,-1,-1,-1,0,50,50,50,Villarreal,Real Betis,1.89,1.37,0.0,0.0,0.0,1.5,50,0,0.0,0.46,0.46,38,True,True,True,True,False,False,True,Spain_La_Liga,2017-09-10 18:45:00
2017-2018,3,1,3,4,3,2,5,4,2,0,0,7,9,6,2,13,11,22,11,51,49,Estadio La Rosaleda,"Avenida de la Palmilla / Paseo de Martiricos, Málaga",4,2,2.04,3.66,3.89,0.0,0.0,0.0,0.0,0.0,0.0,0.0,0.0,0.0,0.0,0.0,0.0,0.0,4,0,1,1,2,3,1,1505156400,276,0,0,0,22697,1,1,3,1,0,1,4,1,1,0,3,2,1,5,1,73,48,98,88,1.84,1.67,3.51,0,0,0,0,0,0,1,1,0,0,1,0,0,0,-1,-1,-1,-1,-1,-1,-1,-1,-1,0,0,0,50,Málaga CF,UD Las Palmas,0.79,0.42,0.0,0.0,0.0,0.0,100,100,1.23,1.09,2.32,38,True,True,True,True,False,False,True,Spain_La_Liga,2017-09-11 19:00:00
2017-2018,4,1,0,1,8,1,9,2,5,0,0,5,3,4,1,9,4,15,20,59,41,Estadio Municipal de Ipurúa,"Calle de Ipurúa, Eibar",2,5,2.08,3.23,4.17,1.47,2.47,5.2,2.05,1.78,0.0,1.8,0.0,1.91,0.0,0.0,0.0,0.0,1,0,0,1,0,1,0,1505502000,279,0,0,0,4967,1,1,2,1,6,0,3,6,1,2,1,3,3,4,1,79,47,77,74,1.48,0.81,2.29,0,0,0,0,0,0,1,1,0,0,0,0,0,1,-1,-1,-1,-1,-1,-1,-1,-1,-1,0,0,0,100,SD Eibar,Leganés,1.47,0.63,0.0,3.0,1.0,2.0,100,100,1.57,1.74,3.31,38,True,False,False,False,False,False,False,Spain_La_Liga,2017-09-15 19:00:00
2017-2018,4,1,1,2,1,3,4,2,1,0,0,3,6,2,6,5,12,21,11,50,50,Estadio Ciudad de Valencia,"Calle San Vicente de Paúl 44, Valencia",2,1,3.19,3.43,2.35,1.35,2.06,3.69,1.8,2.03,0.0,0.0,0.0,0.0,0.0,0.0,0.0,0.0,2,1,1,0,0,0,2,1505559600,-1,0,75,0,21770,1,1,1,0,0,3,1,3,2,1,0,0,3,0,1,50,59,75,94,0.89,1.61,2.5,0,0,0,0,0,0,1,1,0,0,0,0,1,0,-1,-1,-1,-1,-1,-1,-1,-1,-1,75,75,75,75,Levante UD,Valencia CF,1.42,1.63,2.0,1.0,1.67,1.67,25,25,1.83,1.01,2.84,38,True,True,False,False,False,False,True,Spain_La_Liga,2017-09-16 11:00:00
2017-2018,4,1,2,3,3,4,7,2,4,0,0,5,6,7,1,12,7,15,14,37,63,Coliseum Alfonso Pérez,"Avenida de Teresa de Calcuta, Getafe",2,4,9.82,5.95,1.32,1.11,1.39,2.04,1.7,2.17,0.0,1.67,0.0,2.1,0.0,0.0,0.0,0.0,3,1,0,0,2,2,1,1505571300,83,0,0,0,14922,1,1,0,2,3,2,2,5,1,1,1,3,2,4,1,71,99,74,119,1.61,1.58,3.2,0,0,0,0,0,0,1,1,0,0,0,0,0,1,-1,-1,-1,-1,-1,-1,-1,-1,-1,0,50,0,0,Getafe CF,FC Barcelona,1.63,2.21,0.0,3.0,1.33,3.0,100,50,1.57,0.0,1.57,38,True,True,True,False,False,False,True,Spain_La_Liga,2017-09-16 14:15:00
2017-2018,4,2,1,3,6,4,10,2,3,0,0,8,4,5,5,13,9,13,19,63,37,Estadio Benito Villamarín,"Avenida de Heliópolis, Sevilla",2,3,1.89,3.66,4.39,1.29,1.88,3.19,1.79,2.04,0.0,1.73,0.0,2.0,0.0,0.0,0.0,0.0,3,1,1,1,0,1,2,1505579400,284,0,100,0,46267,1,1,2,1,4,3,3,7,0,1,2,2,1,4,1,93,61,116,86,2.05,1.29,3.34,0,0,0,0,0,0,1,1,0,0,1,0,0,0,-1,-1,-1,-1,-1,-1,-1,-1,-1,100,100,100,100,Real Betis,Deportivo La Coruña,1.79,0.58,3.0,1.0,1.0,0.33,0,0,1.33,1.24,2.57,38,True,True,True,False,False,False,True,Spain_La_Liga,2017-09-16 16:30:00
2017-2018,4,1,0,1,8,4,12,2,2,0,0,5,5,9,2,14,7,9,15,61,39,Estadio Wanda Metropolitano,"Rosas, Madrid",2,2,1.29,5.57,9.99,1.26,1.75,2.96,2.59,1.51,0.0,1.83,0.0,1.83,0.0,0.0,0.0,0.0,1,0,0,1,0,1,0,1505587500,117,0,0,0,62906,1,1,2,0,6,4,2,10,0,0,2,2,0,4,1,89,30,148,94,1.89,1.02,2.91,0,0,0,0,0,0,1,1,0,0,1,0,0,0,-1,-1,-1,-1,-1,-1,-1,-1,-1,0,0,0,50,Atlético Madrid,Málaga CF,2.21,0.26,0.0,0.0,1.67,0.0,50,50,0.0,0.94,0.94,38,True,False,False,False,False,False,False,Spain_La_Liga,2017-09-16 18:45:00
2017-2018,4,0,3,3,2,3,5,2,2,0,0,3,8,7,4,10,12,12,25,48,52,Estadio de Mendizorroza,"Paseo de Cervantes, Vitoria-Gasteiz",2,2,2.86,3.18,2.74,1.45,2.35,4.58,2.0,1.82,0.0,0.0,0.0,0.0,0.0,0.0,0.0,0.0,3,0,1,0,2,2,1,1505642400,76,0,0,0,13887,-1,1,-1,-1,-1,-1,-1,-1,0,1,2,1,1,3,-1,0,0,0,0,0.0,0.0,0.0,0,0,0,0,0,0,1,1,0,0,-1,-1,0,0,-1,-1,-1,-1,-1,-1,-1,-1,-1,25,75,25,25,Deportivo Alavés,Villarreal,1.47,1.32,0.0,0.0,0.0,1.0,75,25,0.0,0.77,0.77,38,True,True,True,False,False,False,False,Spain_La_Liga,2017-09-17 10:00:00
2017-2018,4,0,1,1,8,1,9,2,5,0,0,0,9,10,3,10,12,14,19,51,49,Estadi Municipal de Montilivi,"Avenida Montlivi 141, Girona",2,5,3.62,3.58,2.11,1.3,1.94,3.28,1.71,2.15,0.0,1.83,0.0,1.83,0.0,0.0,0.0,0.0,1,0,0,0,1,1,0,1505657700,98,0,25,0,10872,1,1,4,0,4,1,4,5,1,2,1,3,3,4,1,62,40,91,79,1.08,1.68,2.76,1,0,0,0,1,0,1,1,0,0,2,0,0,0,-1,-1,-1,-1,-1,-1,-1,-1,-1,25,25,25,50,Girona FC,Sevilla FC,1.42,1.05,2.0,3.0,1.33,2.33,75,75,1.71,1.13,2.84,38,True,False,False,False,False,False,False,Spain_La_Liga,2017-09-17 14:15:00
2017-2018,4,1,0,1,7,6,13,2,3,0,0,4,6,8,3,12,9,12,19,53,47,Estadio de Gran Canaria,"Avenida Pío XII 29, Las Palmas de Gran Canaria",2,3,2.86,3.53,2.52,1.29,1.95,3.25,1.72,2.14,1.67,0.0,2.1,0.0,0.0,0.0,0.0,0.0,1,0,0,1,0,1,0,1505665800,276,0,50,0,19149,1,1,5,2,2,4,7,6,0,0,2,3,0,5,1,60,60,82,90,1.47,1.43,2.89,0,0,0,0,0,0,1,1,0,0,1,0,0,0,-1,-1,-1,-1,-1,-1,-1,-1,-1,50,50,50,100,UD Las Palmas,Athletic Club Bilbao,0.74,0.89,0.0,3.0,1.0,2.33,50,50,1.49,1.39,2.88,38,True,False,False,False,False,False,False,Spain_La_Liga,2017-09-17 16:30:00
2017-2018,4,1,3,4,4,6,10,3,2,0,0,6,7,5,7,11,14,12,15,50,50,Estadio Municipal de Anoeta,"Paseo de Anoeta 1, Donostia-San Sebastián",3,2,4.91,4.38,1.67,1.1,1.4,1.94,1.42,2.9,0.0,0.0,0.0,0.0,0.0,0.0,0.0,0.0,4,1,2,0,1,1,3,1505673900,84,0,0,0,24675,1,1,1,4,3,2,5,5,3,1,0,1,4,1,1,54,71,95,117,1.51,1.89,3.4,0,0,0,0,0,0,1,1,0,0,0,1,0,0,-1,-1,-1,-1,-1,-1,-1,-1,-1,100,100,100,100,Real Sociedad,Real Madrid,1.74,1.89,3.0,3.0,3.0,1.67,0,0,2.16,2.02,4.18,38,True,True,True,True,False,False,True,Spain_La_Liga,2017-09-17 18:45:00
2017-2018,4,2,1,3,3,5,8,1,4,0,0,4,2,3,6,7,8,12,14,39,61,RCDE Stadium,"Avenida Baix Llobregat 100, Cornella de Llobregat",1,4,2.37,3.35,3.22,1.34,2.07,3.6,1.78,2.04,1.67,1.83,2.1,1.83,0.0,0.0,0.0,0.0,3,2,0,0,1,1,2,1505761200,280,0,50,0,14853,1,1,1,2,2,3,3,5,0,0,1,4,0,5,1,64,60,97,111,1.19,1.09,2.28,0,0,0,0,0,0,1,1,1,0,1,0,0,0,-1,-1,-1,-1,-1,-1,-1,-1,-1,50,50,50,100,RCD Espanyol,Celta de Vigo,1.58,0.89,0.0,0.0,0.33,1.0,50,50,1.5,1.25,2.75,38,True,True,True,False,False,False,True,Spain_La_Liga,2017-09-18 19:00:00
2017-2018,5,5,0,5,4,9,13,0,1,0,0,12,3,2,6,14,9,9,10,56,44,Estadio de Mestalla,"Avenida de Suecia, Valencia",0,1,1.68,4.03,5.4,1.25,1.86,3.12,1.97,1.84,0.0,1.67,0.0,2.1,0.0,0.0,0.0,0.0,5,1,0,4,0,4,1,1505844000,288,0,0,0,36467,1,1,2,6,2,3,8,5,0,0,0,1,0,1,1,73,70,117,98,2.25,1.29,3.54,0,0,0,0,0,0,1,1,0,0,0,2,0,0,-1,-1,-1,-1,-1,-1,-1,-1,-1,0,0,0,50,Valencia CF,Málaga CF,2.21,0.26,2.0,0.0,1.5,0.0,100,100,1.39,0.98,2.37,38,True,True,True,True,True,False,False,Spain_La_Liga,2017-09-19 18:00:00
2017-2018,5,6,1,7,7,7,14,0,2,0,0,11,5,1,6,12,11,4,9,58,42,Camp Nou,"Carrer d'Arístides Maillol, Barcelona",0,2,1.12,9.99,9.99,1.05,1.22,1.64,2.04,1.79,0.0,1.73,0.0,2.0,0.0,0.0,0.0,0.0,7,2,0,4,1,5,2,1505851200,83,0,0,0,49693,1,1,5,3,2,4,8,6,0,1,0,1,1,1,1,61,68,88,84,1.97,1.53,3.5,1,0,1,0,0,0,1,1,0,0,0,1,0,1,-1,-1,-1,-1,-1,-1,-1,-1,-1,50,75,50,50,FC Barcelona,SD Eibar,2.68,1.21,3.0,1.5,3.0,1.5,50,25,1.88,1.39,3.27,38,True,True,True,True,True,True,True,Spain_La_Liga,2017-09-19 20:00:00
2017-2018,5,1,2,3,6,0,6,0,2,0,0,8,10,5,5,13,15,12,12,56,44,San Mamés Barria,"Rafael Moreno Pitxitxi Kalea, Bilbao",0,2,3.4,3.28,2.32,1.47,2.42,4.33,2.06,1.77,0.0,1.91,0.0,1.8,0.0,0.0,0.0,0.0,3,0,0,1,2,3,0,1505930400,117,0,34,0,43499,-1,1,-1,-1,-1,-1,-1,-1,0,2,0,0,2,0,-1,0,0,0,0,0.0,0.0,0.0,1,0,0,0,1,0,1,1,0,0,-1,-1,0,0,-1,-1,-1,-1,-1,-1,-1,-1,-1,34,59,34,59,Athletic Club Bilbao,Atlético Madrid,1.37,1.95,2.0,1.67,1.75,2.0,67,42,1.36,1.38,2.74,38,True,True,True,False,False,False,True,Spain_La_Liga,2017-09-20 18:00:00
2017-2018,5,0,0,0,6,3,9,2,3,0,0,2,0,7,8,9,8,19,20,58,42,Estadio Municipal de Butarque,"Calle Arquitectura, Leganés",2,3,2.14,3.31,3.83,1.5,2.53,5.0,2.23,1.66,0.0,1.83,0.0,1.83,0.0,0.0,0.0,0.0,0,0,0,0,0,0,0,1505930400,-1,0,25,0,9090,-1,1,-1,-1,-1,-1,-1,-1,0,1,2,2,1,4,-1,0,0,0,0,0.0,0.0,0.0,0,0,0,0,0,0,1,1,0,0,-1,-1,0,0,-1,-1,-1,-1,-1,-1,-1,-1,-1,25,75,0,100,Leganés,Girona FC,1.63,1.26,1.5,0.0,1.5,1.0,75,25,1.81,1.83,3.64,38,False,False,False,False,False,False,False,Spain_La_Liga,2017-09-20 18:00:00
2017-2018,5,1,0,1,5,2,7,0,2,0,0,4,4,8,4,12,8,16,19,57,43,Estadio Municipal de Riazor (A Coruña (La Coruña)),"Calle Manuel Murguía, A Coruña (La Coruña)",0,2,2.04,3.36,4.12,1.37,2.12,3.5,1.95,1.86,0.0,1.67,0.0,2.1,0.0,0.0,0.0,0.0,1,1,0,0,0,0,1,1505934000,286,0,25,0,18611,-1,1,-1,-1,-1,-1,-1,-1,0,0,0,2,0,2,-1,0,0,0,0,0.0,0.0,0.0,0,0,0,0,0,0,1,1,0,0,-1,-1,0,0,-1,-1,-1,-1,-1,-1,-1,-1,-1,50,50,50,100,Deportivo La Coruña,Deportivo Alavés,0.95,1.0,0.0,0.0,0.25,0.0,50,50,1.51,0.0,1.51,38,True,False,False,False,False,False,False,Spain_La_Liga,2017-09-20 19:00:00
2017-2018,5,1,0,1,12,0,12,2,2,0,0,10,0,3,7,13,7,21,8,59,41,Estadio Ramón Sánchez Pizjuán,"Avenida de Eduardo Dato, Sevilla",2,2,1.52,4.7,6.33,1.13,1.48,2.28,1.74,2.1,0.0,1.91,0.0,1.8,0.0,0.0,0.0,0.0,1,0,0,1,0,1,0,1505937600,98,0,50,0,35351,-1,1,-1,-1,-1,-1,-1,-1,1,1,1,1,2,2,-1,0,0,0,0,0.0,0.0,0.0,0,0,0,0,0,0,1,1,0,0,-1,-1,0,1,-1,-1,-1,-1,-1,-1,-1,-1,-1,50,75,25,75,Sevilla FC,UD Las Palmas,2.0,0.42,2.0,1.5,2.5,1.5,50,25,1.64,1.38,3.02,38,True,False,False,False,False,False,False,Spain_La_Liga,2017-09-20 20:00:00
2017-2018,5,0,1,1,12,3,15,0,3,0,0,8,5,14,5,22,10,13,11,60,40,Estadio Santiago Bernabéu,"Avenida de Concha Espina 1, Chamartín, Madrid",0,3,1.13,9.99,9.99,1.03,1.14,1.43,1.86,1.95,0.0,0.0,0.0,0.0,0.0,0.0,0.0,0.0,1,0,0,0,1,1,0,1505937600,284,0,75,0,61757,-1,1,-1,-1,-1,-1,-1,-1,0,2,0,1,2,1,-1,0,0,0,0,0.0,0.0,0.0,0,0,0,0,0,0,1,1,0,0,-1,-1,0,0,-1,-1,-1,-1,-1,-1,-1,-1,-1,50,100,100,100,Real Madrid,Real Betis,2.11,1.37,1.0,0.0,2.0,1.5,50,0,2.48,0.73,3.21,38,True,False,False,False,False,False,False,Spain_La_Liga,2017-09-20 20:00:00
2017-2018,5,0,0,0,5,5,10,5,2,0,0,6,4,7,7,13,11,17,10,52,48,Estadio de la Cerámica,"Plaza Labrador, Villarreal",5,2,1.8,3.77,4.77,1.3,1.95,3.7,1.87,1.94,0.0,1.73,0.0,2.0,0.0,0.0,0.0,0.0,0,0,0,0,0,0,0,1506016800,-1,0,75,0,17071,1,1,2,4,3,1,6,4,2,0,3,2,2,5,1,45,42,84,78,1.57,1.28,2.85,0,0,0,0,0,0,1,1,0,0,1,0,0,0,-1,-1,-1,-1,-1,-1,-1,-1,-1,75,100,100,100,Villarreal,RCD Espanyol,1.89,1.0,3.0,0.5,1.5,1.0,25,0,1.91,1.26,3.17,38,False,False,False,False,False,False,False,Spain_La_Liga,2017-09-21 18:00:00
2017-2018,5,1,1,2,3,2,5,2,4,0,0,5,4,3,3,8,7,9,21,57,43,Estadio de Balaídos (Vigo),"Avenida de Balaídos, Vigo",2,4,1.76,3.84,4.92,1.29,1.99,3.25,1.87,1.94,0.0,1.91,0.0,1.8,0.0,0.0,0.0,0.0,2,1,0,0,1,1,1,1506020400,-1,0,50,0,14700,1,1,2,1,1,1,3,2,0,1,2,3,1,5,1,48,46,73,64,1.2,1.06,2.26,0,0,0,0,0,0,1,1,0,0,1,0,0,0,-1,-1,-1,-1,-1,-1,-1,-1,-1,50,50,25,75,Celta de Vigo,Getafe CF,1.68,1.26,1.5,2.0,0.75,1.0,50,50,1.58,1.07,2.65,38,True,True,False,False,False,False,True,Spain_La_Liga,2017-09-21 19:00:00
2017-2018,5,3,0,3,3,6,9,2,1,0,1,10,4,3,9,13,13,13,11,40,60,Estadio Ciudad de Valencia,"Calle San Vicente de Paúl 44, Valencia",2,2,3.2,3.46,2.33,1.29,1.91,3.25,1.72,2.13,0.0,0.0,0.0,0.0,0.0,0.0,0.0,0.0,3,1,0,2,0,2,1,1506024000,292,0,84,0,17415,1,1,2,2,1,4,4,5,2,1,0,1,3,1,1,62,98,87,114,1.97,1.81,3.77,1,0,1,0,0,0,1,1,0,0,0,0,1,0,-1,-1,-1,-1,-1,-1,-1,-1,-1,67,84,84,84,Levante UD,Real Sociedad,1.42,0.84,1.67,3.0,1.5,2.25,34,17,1.52,1.59,3.11,38,True,True,True,False,False,False,False,Spain_La_Liga,2017-09-21 20:00:00
2017-2018,6,2,0,2,7,6,13,4,3,0,0,5,0,4,6,9,6,11,17,45,55,Estadio Wanda Metropolitano,"Rosas, Madrid",4,3,1.61,4.08,6.12,1.29,1.95,3.25,2.0,1.82,0.0,1.8,0.0,1.91,0.0,0.0,0.0,0.0,2,0,0,2,0,2,0,1506164400,117,0,0,0,60823,1,1,3,3,4,3,6,7,1,0,3,3,1,6,1,55,62,88,93,1.32,0.83,2.15,0,0,0,0,0,0,1,1,0,0,2,1,0,0,-1,-1,-1,-1,-1,-1,-1,-1,-1,0,0,0,0,Atlético Madrid,Sevilla FC,2.21,1.05,3.0,3.0,2.2,2.6,100,100,1.89,1.4,3.29,38,True,True,False,False,False,False,False,Spain_La_Liga,2017-09-23 11:00:00
2017-2018,6,1,2,3,5,13,18,5,2,0,0,4,9,3,8,7,17,19,19,32,68,Estadio de Mendizorroza,"Paseo de Cervantes, Vitoria-Gasteiz",5,2,9.99,7.19,1.21,1.08,1.29,1.84,1.97,1.85,0.0,1.83,0.0,1.83,0.0,0.0,0.0,0.0,3,1,2,0,0,0,3,1506176100,84,0,25,0,19159,-1,1,-1,-1,-1,-1,-1,-1,2,1,3,1,3,4,-1,0,0,0,0,0.0,0.0,0.0,0,0,0,0,0,0,1,1,0,1,-1,-1,0,0,-1,-1,-1,-1,-1,-1,-1,-1,-1,75,100,50,75,Deportivo Alavés,Real Madrid,1.47,1.89,0.0,3.0,0.0,1.6,25,0,0.0,1.96,1.96,38,True,True,True,False,False,False,True,Spain_La_Liga,2017-09-23 14:15:00
2017-2018,6,3,3,6,6,1,7,6,2,1,0,8,8,5,0,13,8,16,8,44,56,Estadio La Rosaleda,"Avenida de la Palmilla / Paseo de Martiricos, Málaga",7,2,2.95,3.25,2.61,1.42,2.26,4.24,1.94,1.87,0.0,0.0,0.0,0.0,0.0,0.0,0.0,0.0,6,1,1,2,2,4,2,1506184200,-1,0,25,0,23425,1,1,6,1,0,0,7,0,1,0,6,2,1,8,1,88,69,113,126,2.02,1.58,3.59,0,1,0,1,0,0,1,1,0,1,1,0,1,0,-1,-1,-1,-1,-1,-1,-1,-1,-1,25,25,0,50,Málaga CF,Athletic Club Bilbao,0.79,0.89,0.0,1.5,0.0,1.4,75,75,1.53,1.41,2.94,38,True,True,True,True,True,True,True,Spain_La_Liga,2017-09-23 16:30:00
2017-2018,6,0,3,3,9,3,12,3,0,0,0,3,6,8,4,11,10,21,5,44,56,Estadi Municipal de Montilivi,"Avenida Montlivi 141, Girona",3,0,9.99,5.86,1.31,1.1,1.4,2.04,1.88,1.93,0.0,0.0,0.0,0.0,0.0,0.0,0.0,0.0,3,0,1,0,2,2,1,1506192300,83,0,42,0,13305,1,1,1,3,8,0,4,8,2,0,1,0,2,1,1,72,74,76,98,1.42,1.59,3.01,0,0,0,0,0,0,1,1,0,0,0,0,0,0,-1,-1,-1,-1,-1,-1,-1,-1,-1,42,67,17,59,Girona FC,FC Barcelona,1.42,2.21,1.33,3.0,1.0,3.0,59,34,1.5,1.58,3.08,38,True,True,True,False,False,False,False,Spain_La_Liga,2017-09-23 18:45:00
2017-2018,6,4,1,5,4,6,10,1,2,0,0,6,7,10,10,16,17,16,7,37,63,RCDE Stadium,"Avenida Baix Llobregat 100, Cornella de Llobregat",1,2,2.11,3.41,3.81,1.29,2.04,3.5,1.83,1.98,0.0,0.0,0.0,0.0,0.0,0.0,0.0,0.0,5,2,0,2,1,3,2,1506247200,280,0,75,0,19585,1,1,3,2,1,4,5,5,0,1,1,1,1,2,1,44,59,64,95,1.74,1.99,3.72,1,0,1,0,0,0,1,1,1,0,1,0,0,0,-1,-1,-1,-1,-1,-1,-1,-1,-1,75,75,75,100,RCD Espanyol,Deportivo La Coruña,1.58,0.58,1.5,0.5,1.0,0.8,25,25,1.34,1.27,2.61,38,True,True,True,True,True,False,True,Spain_La_Liga,2017-09-24 10:00:00
2017-2018,6,4,0,4,7,4,11,1,4,0,0,9,2,8,4,17,6,11,16,44,56,Coliseum Alfonso Pérez,"Avenida de Teresa de Calcuta, Getafe",1,4,3.1,3.29,2.48,1.42,2.26,4.0,1.91,1.9,0.0,1.73,0.0,2.0,0.0,0.0,0.0,0.0,4,0,0,4,0,4,0,1506262500,293,0,25,0,10874,1,1,4,2,3,2,6,5,1,1,0,3,2,3,1,51,45,91,105,2.07,0.86,2.93,0,0,0,0,0,0,1,1,0,0,1,0,0,0,-1,-1,-1,-1,-1,-1,-1,-1,-1,59,59,17,59,Getafe CF,Villarreal,1.63,1.32,0.0,1.0,1.0,1.4,42,42,1.59,0.77,2.36,38,True,True,True,True,False,False,False,Spain_La_Liga,2017-09-24 14:15:00
2017-2018,6,0,2,2,3,2,5,1,3,0,0,4,4,2,3,6,7,10,15,65,35,Estadio de Gran Canaria,"Avenida Pío XII 29, Las Palmas de Gran Canaria",1,3,2.08,3.41,3.91,1.42,2.24,4.29,1.94,1.87,1.67,0.0,2.1,0.0,0.0,0.0,0.0,0.0,2,0,0,0,2,2,0,1506270600,278,0,25,0,17560,1,1,1,1,2,1,2,3,0,1,1,2,1,3,1,59,40,107,88,1.1,1.02,2.12,0,0,0,0,0,0,1,1,0,0,0,1,0,0,-1,-1,-1,-1,-1,-1,-1,-1,-1,25,25,25,50,UD Las Palmas,Leganés,0.74,0.63,1.5,1.5,1.2,1.4,75,75,1.48,1.27,2.75,38,True,True,False,False,False,False,False,Spain_La_Liga,2017-09-24 16:30:00
2017-2018,6,0,4,4,4,4,8,2,1,0,0,0,7,5,3,5,10,14,5,55,45,Estadio Municipal de Ipurúa,"Calle de Ipurúa, Eibar",2,1,2.29,3.42,3.33,1.34,2.02,3.5,1.8,2.02,0.0,2.0,0.0,1.73,0.0,0.0,0.0,0.0,4,0,3,0,1,1,3,1506270600,281,0,50,0,5345,1,1,2,1,2,3,3,5,2,1,0,0,3,0,1,88,61,129,95,0.96,1.57,2.53,0,0,0,0,0,0,1,1,0,0,0,0,0,0,-1,-1,-1,-1,-1,-1,-1,-1,-1,50,50,50,75,SD Eibar,Celta de Vigo,1.47,0.89,1.5,0.0,1.2,0.8,50,50,1.53,1.17,2.7,38,True,True,True,True,False,False,False,Spain_La_Liga,2017-09-24 16:30:00
2017-2018,6,2,3,5,7,6,13,2,6,1,1,7,5,8,4,15,9,11,13,62,38,Estadio Municipal de Anoeta,"Paseo de Anoeta 1, Donostia-San Sebastián",3,7,2.02,3.63,3.86,1.2,1.65,2.54,1.5,2.62,0.0,0.0,0.0,0.0,0.0,0.0,0.0,0.0,5,1,1,1,2,3,2,1506278700,288,0,75,0,20266,1,1,3,4,4,2,7,6,0,3,3,4,3,7,1,105,61,110,85,2.19,1.36,3.55,0,0,0,0,0,0,1,1,0,0,0,3,0,1,-1,-1,-1,-1,-1,-1,-1,-1,-1,75,100,100,100,Real Sociedad,Valencia CF,1.74,1.63,1.5,1.0,1.8,1.8,25,0,1.83,1.31,3.14,38,True,True,True,True,True,False,True,Spain_La_Liga,2017-09-24 18:45:00
2017-2018,6,4,0,4,6,3,9,1,0,0,0,7,2,7,6,14,8,9,5,66,34,Estadio Benito Villamarín,"Avenida de Heliópolis, Sevilla",1,0,1.9,3.54,4.53,1.35,2.05,3.6,1.94,1.87,0.0,0.0,0.0,0.0,0.0,0.0,0.0,0.0,4,0,0,4,0,4,0,1506366000,284,0,100,0,48237,1,1,1,2,5,1,3,6,0,0,1,0,0,1,1,68,48,100,83,1.86,1.0,2.86,0,0,0,0,0,0,1,1,0,0,0,0,0,0,-1,-1,-1,-1,-1,-1,-1,-1,-1,50,100,100,100,Real Betis,Levante UD,1.79,1.0,3.0,1.0,1.8,1.8,50,0,1.69,0.72,2.41,38,True,True,True,True,False,False,False,Spain_La_Liga,2017-09-25 19:00:00
2017-2018,7,3,2,5,2,8,10,3,4,0,0,7,7,2,8,9,15,18,16,45,55,Estadio de Mestalla,"Avenida de Suecia, Valencia",3,4,2.05,3.56,3.83,1.27,1.74,3.01,1.72,2.14,0.0,1.83,0.0,1.83,0.0,0.0,0.0,0.0,5,2,0,1,2,3,2,1506875400,288,0,17,0,42070,1,1,1,5,1,3,6,4,1,1,2,3,2,5,1,48,84,96,109,1.41,2.04,3.45,1,0,1,0,0,0,1,1,0,0,0,2,0,0,-1,-1,-1,-1,-1,-1,-1,-1,-1,33,33,17,67,Valencia CF,Athletic Club Bilbao,2.21,0.89,2.33,1.33,2.0,1.33,67,67,1.68,1.46,3.14,38,True,True,True,True,True,False,True,Spain_La_Liga,2017-10-01 16:30:00
2017-2018,7,2,0,2,10,3,13,2,2,0,0,9,4,10,4,19,8,8,10,61,39,Estadio Santiago Bernabéu,"Avenida de Concha Espina 1, Chamartín, Madrid",2,2,1.11,9.99,9.99,1.04,1.2,1.53,1.84,1.97,0.0,0.0,0.0,0.0,0.0,0.0,0.0,0.0,2,1,0,1,0,1,1,1506883500,84,0,50,0,71205,1,1,6,0,4,3,6,7,1,0,1,2,1,3,1,113,42,141,82,2.64,1.09,3.74,0,0,0,0,0,0,1,1,0,0,2,0,0,0,-1,-1,-1,-1,-1,-1,-1,-1,-1,33,67,67,67,Real Madrid,RCD Espanyol,2.11,1.0,0.67,0.67,1.83,1.33,67,33,2.48,1.27,3.75,38,True,True,False,False,False,False,False,Spain_La_Liga,2017-10-01 18:45:00
2017-2018,7,0,0,0,2,6,8,2,1,0,0,4,3,2,4,6,7,13,13,38,62,Estadio Municipal de Butarque,"Calle Arquitectura, Leganés",2,1,9.0,4.25,1.46,1.55,2.58,5.0,2.45,1.56,1.83,0.0,1.83,0.0,0.0,0.0,0.0,0.0,0,0,0,0,0,0,0,1506797100,-1,0,54,0,11454,1,1,0,4,2,2,4,4,0,0,2,1,0,3,1,42,69,78,115,0.97,1.16,2.13,0,0,0,0,0,0,1,1,0,0,0,2,0,0,-1,-1,-1,-1,-1,-1,-1,-1,-1,54,54,25,59,Leganés,Atlético Madrid,1.63,1.95,1.33,2.0,1.67,2.33,46,46,1.81,1.38,3.19,38,False,False,False,False,False,False,False,Spain_La_Liga,2017-09-30 18:45:00
2017-2018,7,4,4,8,12,5,17,3,3,0,0,7,7,5,3,12,10,9,17,62,38,Estadio Municipal de Anoeta,"Paseo de Anoeta 1, Donostia-San Sebastián",3,3,1.75,3.88,4.97,0.0,0.0,0.0,1.64,2.31,0.0,0.0,0.0,0.0,0.0,0.0,0.0,0.0,8,2,2,2,2,4,4,1506852000,-1,0,50,0,19669,1,1,3,3,9,2,6,11,0,1,3,2,1,5,1,103,45,124,88,1.99,1.45,3.44,0,0,0,0,0,0,1,1,0,1,0,1,0,0,-1,-1,-1,-1,-1,-1,-1,-1,-1,67,84,84,84,Real Sociedad,Real Betis,1.74,1.37,1.0,1.0,1.5,2.0,34,17,1.95,0.73,2.68,38,True,True,True,True,True,True,True,Spain_La_Liga,2017-10-01 10:00:00
2017-2018,7,3,3,6,5,6,11,2,5,0,0,10,6,6,4,16,10,9,17,64,36,Estadio de Balaídos (Vigo),"Avenida de Balaídos, Vigo",2,5,1.81,3.7,4.84,1.33,2.03,3.85,1.97,1.85,0.0,1.91,0.0,1.8,0.0,0.0,0.0,0.0,6,2,2,1,1,2,4,1506711600,-1,0,34,0,16126,-1,1,-1,-1,-1,-1,-1,-1,1,2,1,3,3,4,-1,0,0,0,0,0.0,0.0,0.0,0,0,0,0,0,0,1,1,1,1,-1,-1,0,0,-1,-1,-1,-1,-1,-1,-1,-1,-1,17,59,17,75,Celta de Vigo,Girona FC,1.68,1.26,1.33,0.5,1.17,0.83,84,42,1.39,1.83,3.22,38,True,True,True,True,True,True,True,Spain_La_Liga,2017-09-29 19:00:00
2017-2018,7,2,0,2,4,6,10,2,1,0,0,6,5,7,4,13,9,11,12,59,41,Estadio Ramón Sánchez Pizjuán,"Avenida de Eduardo Dato, Sevilla",2,1,1.33,5.64,9.78,1.17,1.65,2.61,1.82,1.99,0.0,1.73,0.0,2.0,0.0,0.0,0.0,0.0,2,0,0,2,0,2,0,1506780900,98,0,17,0,34430,1,1,3,1,1,5,4,6,0,1,2,0,1,2,1,66,47,113,88,1.72,1.26,2.99,1,0,1,0,0,0,1,1,0,0,0,0,0,0,-1,-1,-1,-1,-1,-1,-1,-1,-1,33,50,17,50,Sevilla FC,Málaga CF,2.0,0.26,2.33,0.0,2.17,0.17,67,50,1.64,1.08,2.72,38,True,True,False,False,False,False,False,Spain_La_Liga,2017-09-30 14:15:00
2017-2018,7,0,2,2,8,4,12,2,4,0,0,0,4,9,5,9,9,11,18,63,37,Estadio Ciudad de Valencia,"Calle San Vicente de Paúl 44, Valencia",2,4,1.97,3.47,4.27,1.43,2.31,4.0,2.08,1.75,0.0,0.0,0.0,0.0,0.0,0.0,0.0,0.0,2,0,1,0,1,1,1,1506789000,277,0,25,0,18528,-1,1,-1,-1,-1,-1,-1,-1,0,1,2,3,1,5,-1,0,0,0,0,0.0,0.0,0.0,0,0,0,0,0,0,1,1,0,0,-1,-1,0,1,-1,-1,-1,-1,-1,-1,-1,-1,-1,25,38,25,88,Levante UD,Deportivo Alavés,1.42,1.0,2.0,0.0,1.5,0.0,75,63,1.63,0.0,1.63,38,True,True,False,False,False,False,False,Spain_La_Liga,2017-09-30 16:30:00
2017-2018,7,3,0,3,8,3,11,5,1,0,0,11,2,6,8,17,10,10,11,51,49,Camp Nou,"Carrer d'Arístides Maillol, Barcelona",5,1,1.1,9.99,9.99,1.03,1.11,1.37,1.85,1.97,0.0,1.8,0.0,1.91,0.0,0.0,0.0,0.0,3,0,0,3,0,3,0,1506867300,83,0,33,0,-1,1,1,4,1,4,2,5,6,4,0,1,1,4,2,1,108,51,116,94,2.61,1.15,3.76,0,0,0,0,0,0,1,1,0,0,1,0,0,0,-1,-1,-1,-1,-1,-1,-1,-1,-1,50,67,50,84,FC Barcelona,UD Las Palmas,2.68,0.42,3.0,1.0,3.0,1.0,50,34,1.91,1.38,3.29,38,True,True,True,False,False,False,False,Spain_La_Liga,2017-10-01 14:15:00
2017-2018,7,3,0,3,6,3,9,2,1,0,0,7,2,5,6,12,8,15,9,56,44,Estadio de la Cerámica,"Plaza Labrador, Villarreal",2,1,1.81,3.72,4.8,1.29,1.97,3.5,1.88,1.93,0.0,1.8,0.0,1.91,0.0,0.0,0.0,0.0,3,1,0,2,0,2,1,1506875400,76,0,42,0,17090,1,1,4,3,2,0,7,2,1,0,1,1,1,2,1,83,62,98,85,1.84,1.1,2.94,1,0,1,0,0,0,1,1,0,0,1,1,0,0,-1,-1,-1,-1,-1,-1,-1,-1,-1,59,59,42,42,Villarreal,SD Eibar,1.89,1.21,2.0,1.0,1.17,1.0,42,42,1.74,1.44,3.18,38,True,True,True,False,False,False,False,Spain_La_Liga,2017-10-01 16:30:00
2017-2018,7,2,1,3,8,5,13,6,3,0,0,10,4,4,5,14,9,16,21,56,44,Estadio Municipal de Riazor (A Coruña (La Coruña)),"Calle Manuel Murguía, A Coruña (La Coruña)",6,3,1.93,3.59,4.3,1.29,2.02,3.5,1.77,2.06,0.0,1.73,0.0,2.0,0.0,0.0,0.0,0.0,3,0,0,2,1,3,0,1506769200,286,0,50,0,19329,1,1,4,2,4,3,6,7,1,1,5,2,2,7,1,65,54,84,84,2.05,1.24,3.29,0,0,0,0,0,0,1,1,0,0,1,0,0,0,-1,-1,-1,-1,-1,-1,-1,-1,-1,50,67,34,84,Deportivo La Coruña,Getafe CF,0.95,1.26,1.0,1.67,0.67,1.33,50,33,1.51,1.07,2.58,38,True,True,True,False,False,False,True,Spain_La_Liga,2017-09-30 11:00:00
2017-2018,8,1,2,3,8,1,9,4,4,0,0,6,4,13,4,19,8,12,20,58,42,Estadi Municipal de Montilivi,"Avenida Montlivi 141, Girona",4,4,3.02,3.21,2.58,1.41,2.15,3.75,1.86,1.95,0.0,0.0,0.0,0.0,0.0,0.0,0.0,0.0,3,1,2,0,0,0,3,1508076900,76,0,13,0,9935,1,1,1,0,7,1,1,8,1,0,3,4,1,7,1,77,37,119,90,2.17,1.06,3.23,0,0,0,0,0,0,1,1,0,1,0,0,0,0,-1,-1,-1,-1,-1,-1,-1,-1,-1,63,63,25,63,Girona FC,Villarreal,1.42,1.32,1.0,0.75,0.86,1.43,38,38,1.48,0.8,2.28,38,True,True,True,False,False,False,True,Spain_La_Liga,2017-10-15 14:15:00
2017-2018,8,1,2,3,4,7,11,2,3,0,0,4,7,5,6,9,13,23,8,37,63,Coliseum Alfonso Pérez,"Avenida de Teresa de Calcuta, Getafe",2,3,9.99,7.07,1.22,1.11,1.36,2.01,1.68,2.2,0.0,1.73,0.0,2.0,0.0,0.0,0.0,0.0,3,0,1,1,1,2,1,1507990500,84,0,50,0,15350,1,1,1,6,3,1,7,4,1,0,1,3,1,4,1,48,99,80,117,1.2,2.02,3.22,0,0,0,0,0,0,1,1,0,0,0,2,0,0,-1,-1,-1,-1,-1,-1,-1,-1,-1,84,84,50,67,Getafe CF,Real Madrid,1.63,1.89,1.0,3.0,1.14,2.0,17,17,1.75,1.96,3.71,38,True,True,True,False,False,False,True,Spain_La_Liga,2017-10-14 14:15:00
2017-2018,8,3,6,9,7,5,12,1,4,0,0,7,10,6,3,13,13,11,11,57,43,Estadio Benito Villamarín,"Avenida de Heliópolis, Sevilla",1,4,2.77,3.48,2.62,1.17,1.68,2.59,1.52,2.55,0.0,1.73,0.0,2.0,0.0,0.0,0.0,0.0,9,0,2,3,4,7,2,1508093100,288,0,84,0,48792,1,1,3,3,4,2,6,6,1,0,0,4,1,4,1,68,54,78,72,1.8,1.91,3.7,1,0,0,0,1,0,1,1,0,0,1,1,0,0,-1,-1,-1,-1,-1,-1,-1,-1,-1,84,100,84,84,Real Betis,Valencia CF,1.79,1.63,3.0,1.67,1.86,2.14,17,0,1.75,1.33,3.08,38,True,True,True,True,True,True,True,Spain_La_Liga,2017-10-15 18:45:00
2017-2018,8,0,0,0,10,1,11,2,2,0,0,4,3,5,6,9,9,9,11,55,45,Estadio Municipal de Ipurúa,"Calle de Ipurúa, Eibar",2,2,1.9,3.59,4.44,1.25,1.85,3.27,1.74,2.11,0.0,0.0,0.0,0.0,0.0,0.0,0.0,0.0,0,0,0,0,0,0,0,1508061600,-1,0,50,0,5125,1,1,3,1,7,0,4,7,1,0,1,2,1,3,1,104,58,128,112,1.6,1.21,2.81,0,0,0,0,0,0,1,1,0,0,1,1,0,0,-1,-1,-1,-1,-1,-1,-1,-1,-1,67,67,67,84,SD Eibar,Deportivo La Coruña,1.47,0.58,1.0,0.33,0.86,1.0,34,34,1.34,1.51,2.85,38,False,False,False,False,False,False,False,Spain_La_Liga,2017-10-15 10:00:00
2017-2018,8,1,0,1,6,6,12,6,5,0,0,3,7,5,7,8,14,18,9,46,54,San Mamés Barria,"Rafael Moreno Pitxitxi Kalea, Bilbao",6,5,2.43,3.36,3.11,1.29,1.99,3.5,1.73,2.12,0.0,1.73,0.0,2.0,0.0,0.0,0.0,0.0,1,1,0,0,0,0,1,1507978800,285,0,17,0,40197,1,1,2,5,4,1,7,5,3,0,3,5,3,8,1,63,47,61,65,1.17,1.71,2.87,0,0,0,0,0,0,1,1,0,0,0,0,0,0,-1,-1,-1,-1,-1,-1,-1,-1,-1,17,50,0,17,Athletic Club Bilbao,Sevilla FC,1.37,1.05,1.33,2.0,1.14,2.29,84,50,1.36,1.21,2.57,38,True,False,False,False,False,False,False,Spain_La_Liga,2017-10-14 11:00:00
2017-2018,8,0,2,2,4,9,13,1,1,0,0,0,7,7,3,7,10,11,7,26,74,Estadio de Mendizorroza,"Paseo de Cervantes, Vitoria-Gasteiz",1,1,3.35,3.4,2.15,1.25,1.84,3.0,1.66,2.23,0.0,1.73,0.0,2.0,0.0,0.0,0.0,0.0,2,0,0,0,2,2,0,1507998600,290,0,50,0,19840,-1,1,-1,-1,-1,-1,-1,-1,0,1,1,0,1,1,-1,0,0,0,0,0.0,0.0,0.0,0,0,0,0,0,0,1,1,0,0,-1,-1,0,0,-1,-1,-1,-1,-1,-1,-1,-1,-1,84,100,50,84,Deportivo Alavés,Real Sociedad,1.47,0.84,0.0,2.0,0.43,1.43,17,0,0.0,1.66,1.66,38,True,True,False,False,False,False,False,Spain_La_Liga,2017-10-14 16:30:00
2017-2018,8,0,2,2,4,2,6,3,3,1,0,6,10,5,8,11,18,21,21,54,46,Estadio La Rosaleda,"Avenida de la Palmilla / Paseo de Martiricos, Málaga",4,3,2.23,3.14,3.81,1.51,2.4,4.5,2.03,1.79,0.0,2.1,0.0,1.67,0.0,0.0,0.0,0.0,2,0,0,0,2,2,0,1508085000,278,0,34,0,23951,1,1,1,1,3,1,2,4,2,1,2,2,3,4,1,63,64,103,96,1.57,2.29,3.87,0,0,0,0,0,0,1,1,0,0,1,0,0,0,-1,-1,-1,-1,-1,-1,-1,-1,-1,34,50,17,50,Málaga CF,Leganés,0.79,0.63,0.33,2.0,0.14,1.57,67,50,1.69,1.19,2.88,38,True,True,False,False,False,False,False,Spain_La_Liga,2017-10-15 16:30:00
2017-2018,8,0,0,0,9,4,13,2,3,0,0,7,4,9,8,16,12,9,13,58,42,RCDE Stadium,"Avenida Baix Llobregat 100, Cornella de Llobregat",2,3,2.11,3.3,3.94,1.38,2.06,3.86,1.95,1.87,0.0,0.0,0.0,0.0,0.0,0.0,0.0,0.0,0,0,0,0,0,0,0,1507921200,-1,0,59,0,19365,-1,1,-1,-1,-1,-1,-1,-1,0,2,2,1,2,3,-1,0,0,0,0,0.0,0.0,0.0,0,0,0,0,0,0,1,1,0,0,-1,-1,0,0,-1,-1,-1,-1,-1,-1,-1,-1,-1,59,84,59,75,RCD Espanyol,Levante UD,1.58,1.0,2.0,0.5,1.14,1.29,42,17,1.48,0.86,2.34,38,False,False,False,False,False,False,False,Spain_La_Liga,2017-10-13 19:00:00
2017-2018,8,1,1,2,2,1,3,3,2,0,0,5,8,1,5,6,13,12,10,31,69,Estadio Wanda Metropolitano,"Rosas, Madrid",3,2,3.31,3.48,2.27,1.25,2.4,3.33,1.7,2.16,0.0,0.0,0.0,0.0,0.0,0.0,0.0,0.0,2,1,0,0,1,1,1,1508006700,-1,0,17,0,64393,1,1,1,1,1,0,2,1,1,2,2,0,3,2,1,33,93,71,95,0.97,2.05,3.02,0,0,0,0,0,0,1,1,0,0,1,1,0,0,-1,-1,-1,-1,-1,-1,-1,-1,-1,34,75,0,34,Atlético Madrid,FC Barcelona,2.21,2.21,3.0,3.0,2.14,3.0,67,25,1.6,1.59,3.19,38,True,True,False,False,False,False,True,Spain_La_Liga,2017-10-14 18:45:00
2017-2018,8,2,5,7,14,3,17,2,1,0,1,12,8,10,4,22,12,13,12,65,35,Estadio de Gran Canaria,"Avenida Pío XII 29, Las Palmas de Gran Canaria",2,3,2.49,3.45,2.95,1.22,1.73,2.75,1.63,2.29,1.67,0.0,2.1,0.0,0.0,0.0,0.0,0.0,7,0,2,2,3,5,2,1508180400,281,0,50,0,15799,1,1,7,1,7,2,8,9,0,1,2,1,1,3,1,87,47,93,78,2.84,1.66,4.5,0,0,0,0,0,0,1,1,0,0,2,0,0,0,-1,-1,-1,-1,-1,-1,-1,-1,-1,67,84,67,67,UD Las Palmas,Celta de Vigo,0.74,0.89,1.0,1.0,0.86,1.14,34,17,1.35,1.3,2.65,38,True,True,True,True,True,True,True,Spain_La_Liga,2017-10-16 19:00:00
2017-2018,9,1,1,2,3,2,5,1,3,0,0,2,6,2,2,4,8,18,16,52,48,Estadio Ciudad de Valencia,"Calle San Vicente de Paúl 44, Valencia",1,3,2.36,3.25,3.35,1.44,2.25,4.75,2.05,1.78,0.0,1.83,0.0,1.83,0.0,0.0,0.0,0.0,2,0,0,1,1,2,0,1508583600,-1,0,58,0,17287,1,1,0,1,3,1,1,4,1,2,0,1,3,1,1,57,56,110,100,0.82,1.34,2.16,0,0,0,0,0,0,1,1,0,0,0,0,0,1,-1,-1,-1,-1,-1,-1,-1,-1,-1,45,78,20,65,Levante UD,Getafe CF,1.42,1.26,1.6,1.25,1.25,1.0,55,23,1.63,1.11,2.74,38,True,True,False,False,False,False,True,Spain_La_Liga,2017-10-21 11:00:00
2017-2018,9,2,0,2,4,3,7,1,4,0,0,5,6,5,5,10,11,10,11,65,35,Camp Nou,"Carrer d'Arístides Maillol, Barcelona",1,4,1.08,9.99,9.99,1.04,1.19,1.5,2.25,1.67,0.0,0.0,0.0,0.0,0.0,0.0,0.0,0.0,2,1,0,1,0,1,1,1508611500,83,0,13,0,69872,1,1,1,2,3,1,3,4,0,3,1,1,3,2,1,68,43,123,74,1.48,1.43,2.91,0,0,0,0,0,0,1,1,1,0,0,1,0,0,-1,-1,-1,-1,-1,-1,-1,-1,-1,50,75,38,63,FC Barcelona,Málaga CF,2.68,0.26,3.0,0.0,2.75,0.13,50,25,2.09,1.13,3.22,38,True,True,False,False,False,False,False,Spain_La_Liga,2017-10-21 18:45:00
2017-2018,9,4,0,4,9,6,15,1,5,0,0,10,6,9,8,19,14,14,9,52,48,Estadio de la Cerámica,"Plaza Labrador, Villarreal",1,5,1.66,3.97,5.74,1.19,1.66,2.62,1.75,2.0,0.0,1.8,0.0,1.9,0.0,0.0,0.0,0.0,4,0,0,4,0,4,0,1508666400,76,0,29,0,16709,1,1,6,3,3,3,9,6,1,2,0,3,3,3,1,79,52,101,84,2.46,1.68,4.14,0,0,0,0,0,0,1,1,0,0,1,0,0,0,-1,-1,-1,-1,-1,-1,-1,-1,-1,59,59,17,59,Villarreal,UD Las Palmas,1.89,0.42,2.33,0.75,1.63,0.75,42,42,1.77,1.3,3.07,38,True,True,True,True,False,False,False,Spain_La_Liga,2017-10-22 10:00:00
2017-2018,9,1,2,3,9,7,16,3,8,0,0,7,7,6,5,13,12,9,16,60,40,Estadio Municipal de Riazor (A Coruña (La Coruña)),"Calle Manuel Murguía, A Coruña (La Coruña)",3,8,1.98,3.51,4.16,1.22,1.89,2.75,1.7,2.04,0.0,1.83,0.0,1.83,0.0,0.0,0.0,0.0,3,0,1,1,1,2,1,1508785200,312,0,42,0,17588,1,1,3,1,6,6,4,12,1,1,2,7,2,9,1,83,52,124,82,1.91,1.62,3.54,1,1,1,1,0,0,1,1,0,0,0,0,0,0,-1,-1,-1,-1,-1,-1,-1,-1,-1,54,71,42,71,Deportivo La Coruña,Girona FC,0.95,1.26,1.5,0.67,1.0,0.75,46,29,1.69,1.83,3.52,38,True,True,True,False,False,False,True,Spain_La_Liga,2017-10-23 19:00:00
2017-2018,9,4,0,4,7,10,17,2,4,0,0,9,6,5,6,14,12,15,21,55,45,Estadio de Mestalla,"Avenida de Suecia, Valencia",2,4,2.18,3.66,3.35,1.18,1.57,2.5,1.53,2.37,0.0,1.72,0.0,2.0,0.0,0.0,0.0,0.0,4,1,0,3,0,3,1,1508603400,288,0,13,0,44375,1,1,6,3,1,7,9,8,0,4,2,0,4,2,1,61,62,89,82,1.95,1.62,3.57,0,0,0,0,0,0,1,1,0,0,2,0,0,1,-1,-1,-1,-1,-1,-1,-1,-1,-1,25,38,13,50,Valencia CF,Sevilla FC,2.21,1.05,2.5,1.5,2.25,2.0,75,63,1.61,1.34,2.95,38,True,True,True,True,False,False,False,Spain_La_Liga,2017-10-21 16:30:00
2017-2018,9,3,0,3,5,2,7,1,1,0,0,8,3,5,7,13,10,9,7,51,49,Estadio Santiago Bernabéu,"Avenida de Concha Espina 1, Chamartín, Madrid",1,1,1.12,9.99,9.99,1.05,1.19,1.5,2.04,1.7,0.0,0.0,0.0,0.0,0.0,0.0,0.0,0.0,3,2,0,1,0,1,2,1508697900,84,0,38,0,63705,1,1,2,0,3,2,2,5,1,1,0,0,2,0,1,70,84,101,118,1.89,1.45,3.34,0,0,0,0,0,0,1,1,0,0,0,0,0,0,-1,-1,-1,-1,-1,-1,-1,-1,-1,50,75,38,63,Real Madrid,SD Eibar,2.11,1.21,1.25,0.75,2.13,0.88,50,25,2.54,1.35,3.89,38,True,True,True,False,False,False,False,Spain_La_Liga,2017-10-22 18:45:00
2017-2018,9,2,0,2,6,5,11,2,2,0,0,6,4,6,4,12,8,18,9,68,32,Estadio Benito Villamarín,"Avenida de Heliópolis, Sevilla",2,2,1.69,3.8,5.71,1.25,1.8,3.25,1.9,1.9,0.0,0.0,0.0,0.0,0.0,0.0,0.0,0.0,2,1,0,1,0,1,1,1508595300,284,0,38,0,49304,-1,1,-1,-1,-1,-1,-1,-1,1,1,1,1,2,2,-1,0,0,0,0,0.0,0.0,0.0,0,0,0,0,0,0,1,1,0,0,-1,-1,0,0,-1,-1,-1,-1,-1,-1,-1,-1,-1,50,63,38,88,Real Betis,Deportivo Alavés,1.79,1.0,2.25,0.75,1.63,0.38,50,38,1.76,0.0,1.76,38,True,True,False,False,False,False,False,Spain_La_Liga,2017-10-21 14:15:00
2017-2018,9,1,0,1,4,3,7,3,4,0,0,5,2,7,5,12,7,15,16,43,57,Estadio Municipal de Butarque,"Calle Arquitectura, Leganés",3,4,2.73,3.12,2.91,1.5,2.6,5.5,2.1,1.66,0.0,1.9,0.0,1.8,0.0,0.0,0.0,0.0,1,0,0,1,0,1,0,1508689800,278,0,38,0,10509,1,1,2,1,2,2,3,4,2,2,1,2,4,3,1,48,53,101,118,1.46,0.98,2.44,0,0,0,0,0,0,1,1,0,0,1,0,0,0,-1,-1,-1,-1,-1,-1,-1,-1,-1,38,38,25,63,Leganés,Athletic Club Bilbao,1.63,0.89,1.25,1.0,1.75,1.38,63,63,1.39,1.61,3.0,38,True,False,False,False,False,False,False,Spain_La_Liga,2017-10-22 16:30:00
2017-2018,9,1,1,2,10,1,11,4,4,1,0,6,2,6,1,12,3,11,15,61,39,Estadio Municipal de Anoeta,"Paseo de Anoeta 1, Donostia-San Sebastián",5,4,1.81,3.86,4.59,1.22,1.72,2.75,1.75,2.0,0.0,0.0,0.0,0.0,0.0,0.0,0.0,0.0,2,0,1,1,0,1,1,1508781600,-1,0,50,0,18434,1,1,3,0,7,1,3,8,0,1,5,3,1,8,1,85,31,101,86,1.79,0.57,2.36,0,0,0,0,0,0,1,1,0,1,0,0,0,0,-1,-1,-1,-1,-1,-1,-1,-1,-1,63,88,75,88,Real Sociedad,RCD Espanyol,1.74,1.0,1.0,0.5,1.63,1.13,38,13,1.96,1.22,3.18,38,True,True,False,False,False,False,True,Spain_La_Liga,2017-10-23 18:00:00
2017-2018,9,0,1,1,4,4,8,3,5,0,0,9,3,6,2,15,5,13,19,67,33,Estadio de Balaídos (Vigo),"Avenida de Balaídos, Vigo",3,5,4.9,3.44,1.87,1.36,2.14,3.75,1.95,1.8,0.0,2.1,0.0,1.66,0.0,0.0,0.0,0.0,1,0,1,0,0,0,1,1508681700,117,0,68,0,13031,1,1,1,1,3,3,2,6,0,2,3,3,2,6,1,87,40,143,105,2.21,0.83,3.04,0,0,0,0,0,0,1,1,0,0,0,0,0,0,-1,-1,-1,-1,-1,-1,-1,-1,-1,55,68,45,70,Celta de Vigo,Atlético Madrid,1.68,1.95,1.25,1.8,1.38,2.0,45,33,1.39,1.32,2.71,38,True,False,False,False,False,False,False,Spain_La_Liga,2017-10-22 14:15:00
2017-2018,10,1,2,3,6,4,10,5,1,0,0,8,4,7,3,15,7,18,18,47,53,Estadio de Mendizorroza,"Paseo de Cervantes, Vitoria-Gasteiz",5,1,4.75,3.9,1.78,1.22,1.71,2.8,1.77,2.0,0.0,0.0,0.0,0.0,0.0,0.0,0.0,0.0,3,0,1,1,1,2,1,1509228000,288,0,63,0,14936,-1,1,-1,-1,-1,-1,-1,-1,2,1,3,0,3,3,-1,0,0,0,0,0.0,0.0,0.0,0,1,0,1,0,0,1,1,0,0,-1,-1,0,0,-1,-1,-1,-1,-1,-1,-1,-1,-1,63,100,63,75,Deportivo Alavés,Valencia CF,1.47,1.63,0.0,2.0,0.33,2.33,38,0,0.0,1.47,1.47,38,True,True,True,False,False,False,True,Spain_La_Liga,2017-10-28 22:00:00
2017-2018,10,2,1,3,5,6,11,0,3,0,0,6,2,3,4,9,6,14,18,55,45,Estadio Ramón Sánchez Pizjuán,"Avenida de Eduardo Dato, Sevilla",0,3,1.54,4.26,6.86,1.27,1.87,3.2,2.05,1.77,0.0,0.0,0.0,0.0,0.0,0.0,0.0,0.0,3,1,0,1,1,2,1,1509228000,98,0,13,0,32146,-1,1,-1,-1,-1,-1,-1,-1,0,1,0,2,1,2,-1,0,0,0,0,0.0,0.0,0.0,0,1,0,1,0,0,1,1,0,0,-1,-1,0,0,-1,-1,-1,-1,-1,-1,-1,-1,-1,13,63,13,25,Sevilla FC,Leganés,2.0,0.63,2.5,2.25,1.78,1.89,88,38,1.67,1.46,3.13,38,True,True,True,False,False,False,True,Spain_La_Liga,2017-10-28 22:00:00
2017-2018,10,2,1,3,4,1,5,2,3,0,0,2,2,5,4,7,6,20,10,49,51,Estadio La Rosaleda,"Avenida de la Palmilla / Paseo de Martiricos, Málaga",2,3,2.8,3.38,2.65,0.0,0.0,0.0,0.0,0.0,0.0,0.0,0.0,0.0,0.0,0.0,0.0,0.0,3,1,0,1,1,2,1,1509228000,283,0,63,0,17454,-1,1,-1,-1,-1,-1,-1,-1,1,1,1,2,2,3,-1,0,0,0,0,0.0,0.0,0.0,1,0,1,0,0,0,1,1,0,0,-1,-1,0,0,-1,-1,-1,-1,-1,-1,-1,-1,-1,75,88,63,75,Málaga CF,Celta de Vigo,0.79,0.89,0.25,1.5,0.11,1.22,25,13,1.66,1.39,3.05,38,True,True,True,False,False,False,True,Spain_La_Liga,2017-10-28 22:00:00
2017-2018,10,1,0,1,5,3,8,2,5,0,0,4,5,5,0,9,5,10,16,42,58,RCDE Stadium,"Avenida Baix Llobregat 100, Cornella de Llobregat",2,5,0.0,0.0,0.0,0.0,0.0,0.0,0.0,0.0,0.0,0.0,0.0,0.0,0.0,0.0,0.0,0.0,1,0,0,1,0,1,0,1509228000,280,0,50,0,17545,-1,1,-1,-1,-1,-1,-1,-1,0,1,2,4,1,6,-1,0,0,0,0,0.0,0.0,0.0,0,0,0,0,0,0,1,1,0,0,-1,-1,0,1,-1,-1,-1,-1,-1,-1,-1,-1,-1,50,63,63,75,RCD Espanyol,Real Betis,1.58,1.37,1.75,1.0,1.11,1.78,50,38,1.48,0.97,2.45,38,True,False,False,False,False,False,False,Spain_La_Liga,2017-10-28 22:00:00
2017-2018,10,1,1,2,11,6,17,0,4,0,0,6,6,12,7,18,13,13,20,50,50,Estadio Wanda Metropolitano,"Rosas, Madrid",0,4,1.44,4.54,8.51,1.27,1.87,3.15,2.15,1.67,0.0,0.0,0.0,0.0,0.0,0.0,0.0,0.0,2,0,0,1,1,2,0,1509228000,-1,0,27,0,61455,-1,1,-1,-1,-1,-1,-1,-1,0,1,0,3,1,3,-1,0,0,0,0,0.0,0.0,0.0,0,0,0,0,0,0,1,1,0,0,-1,-1,0,0,-1,-1,-1,-1,-1,-1,-1,-1,-1,40,74,20,47,Atlético Madrid,Villarreal,2.21,1.32,2.33,1.2,2.11,1.78,60,27,1.39,0.86,2.25,38,True,True,False,False,False,False,True,Spain_La_Liga,2017-10-28 22:00:00
2017-2018,10,1,3,4,8,5,13,1,1,0,0,2,3,5,4,7,7,10,15,55,45,Estadio de Gran Canaria,"Avenida Pío XII 29, Las Palmas de Gran Canaria",1,1,0.0,0.0,0.0,0.0,0.0,0.0,0.0,0.0,0.0,0.0,0.0,0.0,0.0,0.0,0.0,0.0,4,1,1,0,2,2,2,1509228000,286,0,63,0,14769,-1,1,-1,-1,-1,-1,-1,-1,1,0,0,1,1,1,-1,0,0,0,0,0.0,0.0,0.0,0,1,0,1,0,0,1,1,1,0,-1,-1,0,0,-1,-1,-1,-1,-1,-1,-1,-1,-1,63,75,63,63,UD Las Palmas,Deportivo La Coruña,0.74,0.58,0.75,0.5,0.67,0.89,38,25,1.72,1.43,3.15,38,True,True,True,True,False,False,True,Spain_La_Liga,2017-10-28 22:00:00
2017-2018,10,2,1,3,2,7,9,2,1,0,0,2,5,6,6,8,11,20,12,46,54,Estadi Municipal de Montilivi,"Avenida Montlivi 141, Girona",2,1,9.99,6.9,1.24,0.0,0.0,0.0,0.0,0.0,0.0,0.0,0.0,0.0,0.0,0.0,0.0,0.0,3,0,1,2,0,2,1,1509228000,312,0,58,0,12743,-1,1,-1,-1,-1,-1,-1,-1,0,1,2,0,1,2,-1,0,0,0,0,0.0,0.0,0.0,0,0,0,0,0,0,1,1,0,0,-1,-1,0,0,-1,-1,-1,-1,-1,-1,-1,-1,-1,80,80,58,90,Girona FC,Real Madrid,1.42,1.89,0.8,3.0,1.0,2.22,20,20,1.62,1.98,3.6,38,True,True,True,False,False,False,True,Spain_La_Liga,2017-10-28 22:00:00
2017-2018,10,2,1,3,8,7,15,3,2,0,0,7,5,2,6,9,11,19,16,48,52,Coliseum Alfonso Pérez,"Avenida de Teresa de Calcuta, Getafe",3,2,2.74,3.47,2.65,0.0,0.0,0.0,0.0,0.0,0.0,0.0,0.0,0.0,0.0,0.0,0.0,0.0,3,0,1,2,0,2,1,1509228000,293,0,50,0,10798,-1,1,-1,-1,-1,-1,-1,-1,0,0,3,2,0,5,-1,0,0,0,0,0.0,0.0,0.0,1,0,1,0,0,0,1,1,0,1,-1,-1,0,0,-1,-1,-1,-1,-1,-1,-1,-1,-1,75,88,25,63,Getafe CF,Real Sociedad,1.63,0.84,0.75,2.25,1.0,1.56,25,13,1.61,1.66,3.27,38,True,True,True,False,False,False,True,Spain_La_Liga,2017-10-28 22:00:00
2017-2018,10,2,2,4,6,2,8,1,3,0,0,7,2,14,3,21,5,8,16,66,34,Estadio Municipal de Ipurúa,"Calle de Ipurúa, Eibar",1,3,1.95,3.47,4.35,0.0,0.0,0.0,0.0,0.0,0.0,0.0,0.0,0.0,0.0,0.0,0.0,0.0,4,0,2,2,0,2,2,1509228000,-1,0,17,0,5098,-1,1,-1,-1,-1,-1,-1,-1,0,1,1,2,1,3,-1,0,0,0,0,0.0,0.0,0.0,0,0,0,0,0,0,1,1,0,0,-1,-1,0,0,-1,-1,-1,-1,-1,-1,-1,-1,-1,29,46,29,42,SD Eibar,Levante UD,1.47,1.0,1.0,0.67,0.78,1.22,71,54,1.41,0.86,2.27,38,True,True,True,True,False,False,True,Spain_La_Liga,2017-10-28 22:00:00
2017-2018,10,0,2,2,6,4,10,1,4,0,0,6,6,9,11,15,17,15,12,45,55,San Mamés Barria,"Rafael Moreno Pitxitxi Kalea, Bilbao",1,4,7.01,4.75,1.48,1.16,1.54,2.35,1.71,2.1,0.0,0.0,0.0,0.0,0.0,0.0,0.0,0.0,2,0,1,0,1,1,1,1509228000,83,0,38,0,43579,-1,1,-1,-1,-1,-1,-1,-1,1,0,0,4,1,4,-1,0,0,0,0,0.0,0.0,0.0,0,0,0,0,0,0,1,1,0,0,-1,-1,0,0,-1,-1,-1,-1,-1,-1,-1,-1,-1,38,75,0,63,Athletic Club Bilbao,FC Barcelona,1.37,2.21,1.75,2.5,1.22,2.78,63,25,1.3,1.74,3.04,38,True,True,False,False,False,False,False,Spain_La_Liga,2017-10-28 22:00:00
2017-2018,11,2,2,4,4,6,10,2,6,0,0,5,0,6,6,11,6,9,13,67,33,Estadio Benito Villamarín,"Avenida de Heliópolis, Sevilla",2,6,1.98,3.55,4.1,0.0,0.0,0.0,0.0,0.0,0.0,0.0,0.0,0.0,0.0,0.0,0.0,0.0,4,0,2,2,0,2,2,1509836400,-1,0,70,0,39631,-1,1,-1,-1,-1,-1,-1,-1,1,4,1,2,5,3,-1,0,0,0,0,0.0,0.0,0.0,0,0,0,0,0,0,1,1,0,0,-1,-1,0,0,-1,-1,-1,-1,-1,-1,-1,-1,-1,60,90,30,60,Real Betis,Getafe CF,1.79,1.26,2.4,1.2,1.6,1.2,40,10,1.76,1.16,2.92,38,True,True,True,True,False,False,True,Spain_La_Liga,2017-11-04 23:00:00
2017-2018,11,3,1,4,3,6,9,0,3,0,0,3,5,3,2,6,7,10,17,52,48,Estadio Municipal de Anoeta,"Paseo de Anoeta 1, Donostia-San Sebastián",0,3,1.73,3.96,5.0,0.0,0.0,0.0,0.0,0.0,0.0,0.0,0.0,0.0,0.0,0.0,0.0,0.0,4,2,0,1,1,2,2,1509836400,290,0,50,0,20328,-1,1,-1,-1,-1,-1,-1,-1,0,1,0,2,1,2,-1,0,0,0,0,0.0,0.0,0.0,0,0,0,0,0,0,1,1,0,0,-1,-1,0,0,-1,-1,-1,-1,-1,-1,-1,-1,-1,80,90,60,80,Real Sociedad,SD Eibar,1.74,1.21,1.0,0.6,1.4,0.8,20,10,1.93,1.37,3.3,38,True,True,True,True,False,False,True,Spain_La_Liga,2017-11-04 23:00:00
2017-2018,11,3,1,4,3,6,9,2,3,0,0,4,8,4,5,8,13,13,17,42,58,Estadio de Balaídos (Vigo),"Avenida de Balaídos, Vigo",2,3,2.23,3.45,3.42,0.0,0.0,0.0,0.0,0.0,0.0,0.0,0.0,0.0,0.0,0.0,0.0,0.0,4,3,1,0,0,0,4,1509836400,281,0,50,0,19876,-1,1,-1,-1,-1,-1,-1,-1,1,1,1,2,2,3,-1,0,0,0,0,0.0,0.0,0.0,0,0,0,0,0,0,1,1,0,0,-1,-1,0,0,-1,-1,-1,-1,-1,-1,-1,-1,-1,40,50,40,80,Celta de Vigo,Athletic Club Bilbao,1.68,0.89,1.0,0.8,1.1,1.1,60,50,1.67,1.48,3.15,38,True,True,True,True,False,False,True,Spain_La_Liga,2017-11-04 23:00:00
2017-2018,11,1,0,1,3,8,11,7,1,0,1,6,4,9,6,15,10,29,9,36,64,Estadio de Mendizorroza,"Paseo de Cervantes, Vitoria-Gasteiz",7,2,2.78,3.18,2.81,0.0,0.0,0.0,0.0,0.0,0.0,0.0,0.0,0.0,0.0,0.0,0.0,0.0,1,1,0,0,0,0,1,1509836400,277,0,40,0,14785,-1,1,-1,-1,-1,-1,-1,-1,2,2,5,0,4,5,-1,0,0,0,0,0.0,0.0,0.0,0,0,0,0,0,0,1,1,1,0,-1,-1,0,0,-1,-1,-1,-1,-1,-1,-1,-1,-1,40,90,30,70,Deportivo Alavés,RCD Espanyol,1.47,1.0,0.0,0.6,0.3,1.3,60,10,0.0,1.09,1.09,38,True,False,False,False,False,False,False,Spain_La_Liga,2017-11-04 23:00:00
2017-2018,11,1,2,3,7,2,9,3,4,0,0,5,6,4,5,9,11,10,16,50,50,Estadio Ciudad de Valencia,"Calle San Vicente de Paúl 44, Valencia",3,4,2.23,3.33,3.55,0.0,0.0,0.0,0.0,0.0,0.0,0.0,0.0,0.0,0.0,0.0,0.0,0.0,3,0,0,1,2,3,0,1509836400,312,0,50,0,17624,-1,1,-1,-1,-1,-1,-1,-1,1,2,2,2,3,4,-1,0,0,0,0,0.0,0.0,0.0,0,0,0,0,0,0,1,1,0,0,-1,-1,0,0,-1,-1,-1,-1,-1,-1,-1,-1,-1,42,79,29,71,Levante UD,Girona FC,1.42,1.26,1.5,1.25,1.2,1.2,59,21,1.47,1.72,3.19,38,True,True,True,False,False,False,True,Spain_La_Liga,2017-11-04 23:00:00
2017-2018,11,2,1,3,3,3,6,1,0,0,0,6,4,13,5,19,9,10,12,54,46,Camp Nou,"Carrer d'Arístides Maillol, Barcelona",1,0,1.23,7.75,9.99,0.0,0.0,0.0,0.0,0.0,0.0,0.0,0.0,0.0,0.0,0.0,0.0,0.0,3,1,0,1,1,2,1,1509836400,83,0,10,0,69069,-1,1,-1,-1,-1,-1,-1,-1,0,0,1,0,0,1,-1,0,0,0,0,0.0,0.0,0.0,0,0,0,0,0,0,1,1,0,0,-1,-1,0,0,-1,-1,-1,-1,-1,-1,-1,-1,-1,40,70,30,60,FC Barcelona,Sevilla FC,2.68,1.05,3.0,1.2,2.8,1.9,60,30,1.97,1.39,3.36,38,True,True,True,False,False,False,True,Spain_La_Liga,2017-11-04 23:00:00
2017-2018,11,2,0,2,6,4,10,2,5,0,0,4,4,7,3,11,7,18,11,52,48,Estadio de la Cerámica,"Plaza Labrador, Villarreal",2,5,1.49,4.61,7.09,0.0,0.0,0.0,0.0,0.0,0.0,0.0,0.0,0.0,0.0,0.0,0.0,0.0,2,0,0,2,0,2,0,1509836400,76,0,13,0,17522,-1,1,-1,-1,-1,-1,-1,-1,1,2,1,3,3,4,-1,0,0,0,0,0.0,0.0,0.0,0,0,0,0,0,0,1,1,0,0,-1,-1,0,0,-1,-1,-1,-1,-1,-1,-1,-1,-1,48,68,13,55,Villarreal,Málaga CF,1.89,0.26,2.5,0.0,1.7,0.4,53,33,1.95,1.19,3.14,38,True,True,False,False,False,False,False,Spain_La_Liga,2017-11-04 23:00:00
2017-2018,11,0,1,1,4,4,8,4,2,0,0,2,4,9,7,11,11,17,10,52,48,Estadio Municipal de Riazor (A Coruña (La Coruña)),"Calle Manuel Murguía, A Coruña (La Coruña)",4,2,6.35,4.08,1.59,0.0,0.0,0.0,0.0,0.0,0.0,0.0,0.0,0.0,0.0,0.0,0.0,0.0,1,0,0,0,1,1,0,1509836400,117,0,55,0,22807,-1,1,-1,-1,-1,-1,-1,-1,0,2,4,0,2,4,-1,0,0,0,0,0.0,0.0,0.0,0,0,0,0,0,0,1,1,0,0,-1,-1,0,1,-1,-1,-1,-1,-1,-1,-1,-1,-1,65,65,37,65,Deportivo La Coruña,Atlético Madrid,0.95,1.95,1.2,2.0,1.1,2.0,35,35,1.75,1.22,2.97,38,True,False,False,False,False,False,False,Spain_La_Liga,2017-11-04 23:00:00
2017-2018,11,3,0,3,4,7,11,1,2,0,0,8,6,6,3,14,9,12,11,55,45,Estadio de Mestalla,"Avenida de Suecia, Valencia",1,2,1.48,4.58,7.26,0.0,0.0,0.0,0.0,0.0,0.0,0.0,0.0,0.0,0.0,0.0,0.0,0.0,3,1,0,2,0,2,1,1509836400,288,0,20,0,39840,-1,1,-1,-1,-1,-1,-1,-1,0,1,1,1,1,2,-1,0,0,0,0,0.0,0.0,0.0,1,0,1,0,0,0,1,1,0,0,-1,-1,0,0,-1,-1,-1,-1,-1,-1,-1,-1,-1,40,60,10,60,Valencia CF,Leganés,2.21,0.63,2.6,1.8,2.4,1.7,60,40,1.68,1.46,3.14,38,True,True,True,False,False,False,False,Spain_La_Liga,2017-11-04 23:00:00
2017-2018,11,3,0,3,9,2,11,2,1,0,0,7,4,11,1,18,5,9,9,61,39,Estadio Santiago Bernabéu,"Avenida de Concha Espina 1, Chamartín, Madrid",2,1,1.08,9.99,9.99,0.0,0.0,0.0,0.0,0.0,0.0,0.0,0.0,0.0,0.0,0.0,0.0,0.0,3,1,0,2,0,2,1,1509836400,84,0,30,0,63326,-1,1,-1,-1,-1,-1,-1,-1,1,0,1,1,1,2,-1,0,0,0,0,0.0,0.0,0.0,0,0,0,0,0,0,1,1,0,0,-1,-1,0,0,-1,-1,-1,-1,-1,-1,-1,-1,-1,50,70,30,60,Real Madrid,UD Las Palmas,2.11,0.42,1.6,0.6,2.0,0.6,50,30,2.37,1.4,3.77,38,True,True,True,False,False,False,False,Spain_La_Liga,2017-11-04 23:00:00
2017-2018,12,0,3,3,6,3,9,1,2,0,0,10,7,10,4,20,11,25,10,41,59,Estadio Municipal de Butarque,"Calle Arquitectura, Leganés",1,2,9.99,6.57,1.26,0.0,0.0,0.0,0.0,0.0,0.0,0.0,0.0,0.0,0.0,0.0,0.0,0.0,3,0,1,0,2,2,1,1511046000,83,0,30,0,11017,-1,1,-1,-1,-1,-1,-1,-1,0,1,1,1,1,2,-1,0,0,0,0,0.0,0.0,0.0,0,0,0,0,0,0,1,1,0,0,-1,-1,0,0,-1,-1,-1,-1,-1,-1,-1,-1,-1,30,60,0,60,Leganés,FC Barcelona,1.63,2.21,1.6,2.6,1.55,2.82,70,40,1.41,1.74,3.15,38,True,True,True,False,False,False,False,Spain_La_Liga,2017-11-18 23:00:00
2017-2018,12,5,0,5,5,2,7,2,2,0,1,5,0,12,6,17,6,9,8,46,54,Estadio Municipal de Ipurúa,"Calle de Ipurúa, Eibar",2,4,0.0,0.0,0.0,0.0,0.0,0.0,0.0,0.0,0.0,0.0,0.0,0.0,0.0,0.0,0.0,0.0,5,2,0,3,0,3,2,1511046000,279,0,30,0,4341,-1,1,-1,-1,-1,-1,-1,-1,2,1,0,2,3,2,-1,0,0,0,0,0.0,0.0,0.0,1,0,1,0,0,0,1,1,1,0,-1,-1,0,0,-1,-1,-1,-1,-1,-1,-1,-1,-1,40,50,50,60,SD Eibar,Real Betis,1.47,1.37,1.0,0.8,0.73,1.55,60,50,1.41,0.97,2.38,38,True,True,True,True,True,False,False,Spain_La_Liga,2017-11-18 23:00:00
2017-2018,12,1,1,2,9,7,16,1,3,0,0,7,4,9,4,16,8,10,16,58,42,San Mamés Barria,"Rafael Moreno Pitxitxi Kalea, Bilbao",1,3,2.36,3.18,3.55,0.0,0.0,0.0,0.0,0.0,0.0,0.0,0.0,0.0,0.0,0.0,0.0,0.0,2,0,1,1,0,1,1,1511046000,-1,0,27,0,36728,-1,1,-1,-1,-1,-1,-1,-1,1,2,0,1,3,1,-1,0,0,0,0,0.0,0.0,0.0,0,1,0,0,0,1,1,1,0,0,-1,-1,0,1,-1,-1,-1,-1,-1,-1,-1,-1,-1,44,72,17,55,Athletic Club Bilbao,Villarreal,1.37,1.32,1.4,1.17,1.0,1.82,57,29,1.3,0.86,2.16,38,True,True,False,False,False,False,True,Spain_La_Liga,2017-11-18 23:00:00
2017-2018,12,2,1,3,1,2,3,3,2,0,0,5,6,5,5,10,11,19,14,50,50,Estadio Ramón Sánchez Pizjuán,"Avenida de Eduardo Dato, Sevilla",3,2,1.64,4.38,5.22,0.0,0.0,0.0,0.0,0.0,0.0,0.0,0.0,0.0,0.0,0.0,0.0,0.0,3,1,1,1,0,1,2,1511046000,98,0,60,0,35092,-1,1,-1,-1,-1,-1,-1,-1,1,0,2,2,1,4,-1,0,0,0,0,0.0,0.0,0.0,0,0,0,0,0,0,1,1,0,0,-1,-1,0,0,-1,-1,-1,-1,-1,-1,-1,-1,-1,70,90,50,70,Sevilla FC,Celta de Vigo,2.0,0.89,2.6,1.2,1.73,1.27,30,10,1.67,1.39,3.06,38,True,True,True,False,False,False,True,Spain_La_Liga,2017-11-18 23:00:00
2017-2018,12,3,2,5,5,4,9,4,5,0,0,7,6,6,5,13,11,16,15,48,52,Estadio La Rosaleda,"Avenida de la Palmilla / Paseo de Martiricos, Málaga",4,5,2.22,3.28,3.63,0.0,0.0,0.0,0.0,0.0,0.0,0.0,0.0,0.0,0.0,0.0,0.0,0.0,5,1,1,2,1,3,2,1511046000,283,0,70,0,24878,-1,1,-1,-1,-1,-1,-1,-1,2,1,2,4,3,6,-1,0,0,0,0,0.0,0.0,0.0,0,0,0,0,0,0,1,1,0,0,-1,-1,0,0,-1,-1,-1,-1,-1,-1,-1,-1,-1,70,80,50,70,Málaga CF,Deportivo La Coruña,0.79,0.58,0.8,1.0,0.36,1.0,30,20,1.66,1.43,3.09,38,True,True,True,True,True,False,True,Spain_La_Liga,2017-11-18 23:00:00
2017-2018,12,0,2,2,3,4,7,0,4,0,0,5,3,6,4,11,7,11,16,51,49,RCDE Stadium,"Avenida Baix Llobregat 100, Cornella de Llobregat",0,4,3.5,3.43,2.21,0.0,0.0,0.0,0.0,0.0,0.0,0.0,0.0,0.0,0.0,0.0,0.0,0.0,2,0,0,0,2,2,0,1511046000,288,0,70,0,24836,-1,1,-1,-1,-1,-1,-1,-1,0,1,0,3,1,3,-1,0,0,0,0,0.0,0.0,0.0,0,0,0,0,0,0,1,1,0,0,-1,-1,0,0,-1,-1,-1,-1,-1,-1,-1,-1,-1,60,70,60,80,RCD Espanyol,Valencia CF,1.58,1.63,2.0,2.2,1.18,2.45,40,30,1.48,1.47,2.95,38,True,True,False,False,False,False,False,Spain_La_Liga,2017-11-18 23:00:00
2017-2018,12,0,0,0,7,9,16,6,2,0,0,0,4,5,8,5,12,21,5,35,65,Estadio Wanda Metropolitano,"Rosas, Madrid",6,2,3.2,3.48,2.38,0.0,0.0,0.0,0.0,0.0,0.0,0.0,0.0,0.0,0.0,0.0,0.0,0.0,0,0,0,0,0,0,0,1511046000,-1,0,65,0,66591,-1,1,-1,-1,-1,-1,-1,-1,1,1,5,1,2,6,-1,0,0,0,0,0.0,0.0,0.0,0,0,0,0,0,0,1,1,0,0,-1,-1,0,0,-1,-1,-1,-1,-1,-1,-1,-1,-1,50,88,30,63,Atlético Madrid,Real Madrid,2.21,1.89,2.0,2.4,2.09,2.09,50,13,1.39,1.98,3.37,38,False,False,False,False,False,False,False,Spain_La_Liga,2017-11-18 23:00:00
2017-2018,12,0,2,2,3,5,8,1,4,0,0,7,6,4,5,11,11,9,22,57,43,Estadio de Gran Canaria,"Avenida Pío XII 29, Las Palmas de Gran Canaria",1,4,2.11,3.38,3.85,0.0,0.0,0.0,0.0,0.0,0.0,0.0,0.0,0.0,0.0,0.0,0.0,0.0,2,0,0,0,2,2,0,1511046000,292,0,55,0,26163,-1,1,-1,-1,-1,-1,-1,-1,0,1,1,3,1,4,-1,0,0,0,0,0.0,0.0,0.0,0,0,0,0,0,0,1,1,0,0,-1,-1,0,0,-1,-1,-1,-1,-1,-1,-1,-1,-1,55,78,55,55,UD Las Palmas,Levante UD,0.74,1.0,0.6,0.75,0.55,1.09,45,23,1.72,0.86,2.58,38,True,True,False,False,False,False,False,Spain_La_Liga,2017-11-18 23:00:00
2017-2018,12,1,1,2,3,6,9,4,2,0,0,4,4,5,5,9,9,27,10,51,49,Estadi Municipal de Montilivi,"Avenida Montlivi 141, Girona",4,2,2.51,3.37,2.99,0.0,0.0,0.0,0.0,0.0,0.0,0.0,0.0,0.0,0.0,0.0,0.0,0.0,2,0,1,1,0,1,1,1511046000,-1,0,55,0,9890,-1,1,-1,-1,-1,-1,-1,-1,3,1,1,1,4,2,-1,0,0,0,0,0.0,0.0,0.0,0,0,0,0,0,0,1,1,0,1,-1,-1,0,0,-1,-1,-1,-1,-1,-1,-1,-1,-1,74,84,37,82,Girona FC,Real Sociedad,1.42,0.84,1.17,1.8,1.36,1.55,27,17,1.62,1.66,3.28,38,True,True,False,False,False,False,True,Spain_La_Liga,2017-11-18 23:00:00
2017-2018,12,4,1,5,4,5,9,3,3,0,0,9,6,6,4,15,10,18,13,49,51,Coliseum Alfonso Pérez,"Avenida de Teresa de Calcuta, Getafe",3,3,1.67,3.55,6.77,0.0,0.0,0.0,0.0,0.0,0.0,0.0,0.0,0.0,0.0,0.0,0.0,0.0,5,2,0,2,1,3,2,1511046000,293,0,30,0,9893,-1,1,-1,-1,-1,-1,-1,-1,2,2,1,1,4,2,-1,0,0,0,0,0.0,0.0,0.0,1,0,1,0,0,0,1,1,2,0,-1,-1,0,1,-1,-1,-1,-1,-1,-1,-1,-1,-1,40,60,0,80,Getafe CF,Deportivo Alavés,1.63,1.0,1.2,0.6,1.18,0.55,60,40,1.61,0.0,1.61,38,True,True,True,True,True,False,True,Spain_La_Liga,2017-11-18 23:00:00
2017-2018,13,1,0,1,6,4,10,3,7,0,0,6,5,5,3,11,8,11,18,51,49,RCDE Stadium,"Avenida Baix Llobregat 100, Cornella de Llobregat",3,7,2.11,3.28,4.14,1.41,2.2,4.15,2.05,1.8,0.0,1.83,0.0,1.83,0.0,0.0,0.0,0.0,1,0,0,1,0,1,0,1511812800,280,0,58,0,11756,1,1,4,1,2,3,5,5,1,2,2,5,3,7,1,57,48,126,136,1.54,1.22,2.76,0,0,0,0,0,0,1,1,0,0,2,0,0,0,-1,-1,-1,-1,-1,-1,-1,-1,-1,42,67,25,50,RCD Espanyol,Getafe CF,1.58,1.26,1.67,1.17,1.08,1.33,59,34,1.48,1.16,2.64,38,True,False,False,False,False,False,False,Spain_La_Liga,2017-11-27 20:00:00
2017-2018,13,0,5,5,2,3,5,2,1,0,0,3,12,11,3,14,15,11,14,51,49,Estadio Ciudad de Valencia,"Calle San Vicente de Paúl 44, Valencia",2,1,6.3,3.98,1.61,1.43,2.3,4.35,2.45,1.57,1.72,0.0,2.0,0.0,0.0,0.0,0.0,0.0,5,0,2,0,3,3,2,1511639100,117,0,50,0,20452,1,1,2,2,0,1,4,1,0,0,2,1,0,3,1,52,46,76,81,1.46,2.12,3.58,0,0,0,0,0,0,1,1,0,1,1,1,0,0,-1,-1,-1,-1,-1,-1,-1,-1,-1,43,65,29,50,Levante UD,Atlético Madrid,1.42,1.95,1.29,2.14,1.25,2.0,57,36,1.47,1.22,2.69,38,True,True,True,True,True,False,False,Spain_La_Liga,2017-11-25 19:45:00
2017-2018,13,2,3,5,6,6,12,3,3,1,0,5,5,11,3,16,8,9,17,48,52,Estadio de la Cerámica,"Plaza Labrador, Villarreal",4,3,2.48,3.49,3.03,1.27,1.83,3.05,1.74,2.15,0.0,1.83,0.0,1.83,0.0,0.0,0.0,0.0,5,1,0,1,3,4,1,1511717400,98,0,19,0,18515,1,1,3,4,3,2,7,5,1,0,3,3,1,6,1,64,67,94,113,1.82,1.35,3.17,0,1,0,1,0,0,1,1,0,0,1,1,0,0,-1,-1,-1,-1,-1,-1,-1,-1,-1,47,65,10,45,Villarreal,Sevilla FC,1.89,1.05,2.6,1.0,1.75,1.83,54,35,1.95,1.39,3.34,38,True,True,True,True,True,False,True,Spain_La_Liga,2017-11-26 17:30:00
2017-2018,13,2,2,4,5,2,7,4,1,0,0,5,4,9,6,14,10,11,14,49,51,Estadio Municipal de Riazor (A Coruña (La Coruña)),"Calle Manuel Murguía, A Coruña (La Coruña)",4,1,2.96,3.2,2.7,1.32,1.95,3.45,1.87,2.0,0.0,1.72,0.0,2.0,0.0,0.0,0.0,0.0,4,1,1,1,1,2,2,1511694000,-1,0,50,0,20879,1,1,3,2,2,0,5,2,2,0,2,1,2,3,1,52,47,86,98,1.61,1.26,2.87,0,0,0,0,0,0,1,1,0,0,1,1,0,0,-1,-1,-1,-1,-1,-1,-1,-1,-1,59,59,42,67,Deportivo La Coruña,Athletic Club Bilbao,0.95,0.89,1.0,0.67,0.92,1.0,42,42,1.75,1.48,3.23,38,True,True,True,True,False,False,True,Spain_La_Liga,2017-11-26 11:00:00
2017-2018,13,1,1,2,3,9,12,4,0,0,0,2,9,5,2,7,11,12,11,38,62,Estadio de Mestalla,"Avenida de Suecia, Valencia",4,0,4.6,4.0,1.78,1.11,1.4,2.0,1.47,2.8,0.0,1.72,0.0,2.0,0.0,0.0,0.0,0.0,2,0,0,1,1,2,0,1511725500,-1,0,25,0,47794,1,1,2,6,1,3,8,4,2,0,2,0,2,2,1,39,84,67,105,0.87,1.93,2.8,0,0,0,0,0,0,1,1,0,0,2,2,0,0,-1,-1,-1,-1,-1,-1,-1,-1,-1,59,84,9,83,Valencia CF,FC Barcelona,2.21,2.21,2.67,2.67,2.5,2.83,42,17,1.68,1.74,3.42,38,True,True,False,False,False,False,True,Spain_La_Liga,2017-11-26 19:45:00
2017-2018,13,3,2,5,6,0,6,1,2,0,0,10,4,6,4,16,8,15,13,55,45,Estadio Santiago Bernabéu,"Avenida de Concha Espina 1, Chamartín, Madrid",1,2,1.08,9.99,9.99,1.03,1.18,1.48,1.91,1.91,0.0,0.0,0.0,0.0,0.0,0.0,0.0,0.0,5,2,1,1,1,2,3,1511622900,84,0,17,0,75671,-1,1,-1,-1,-1,-1,-1,-1,1,2,0,0,3,0,1,82,51,99,75,2.3,1.16,3.45,1,0,0,0,1,0,1,1,1,0,-1,-1,0,0,-1,-1,-1,-1,-1,-1,-1,-1,-1,34,75,25,67,Real Madrid,Málaga CF,2.11,0.26,1.83,0.0,2.0,0.58,67,25,2.37,1.19,3.56,38,True,True,True,True,True,False,True,Spain_La_Liga,2017-11-25 15:15:00
2017-2018,13,2,2,4,3,5,8,2,1,0,0,7,8,6,6,13,14,9,16,50,50,Estadio Benito Villamarín,"Avenida de Heliópolis, Sevilla",2,1,1.98,3.72,3.9,1.21,1.67,2.65,1.65,2.3,0.0,0.0,0.0,0.0,0.0,0.0,0.0,0.0,4,0,1,2,1,3,1,1511631000,-1,0,64,0,45681,1,1,1,2,2,3,3,5,0,0,2,1,0,3,1,51,68,100,106,1.68,1.94,3.62,0,0,0,0,0,0,1,1,0,0,0,0,0,0,-1,-1,-1,-1,-1,-1,-1,-1,-1,72,90,44,72,Real Betis,Girona FC,1.79,1.26,2.17,1.6,1.42,1.33,29,10,1.76,1.72,3.48,38,True,True,True,True,False,False,True,Spain_La_Liga,2017-11-25 17:30:00
2017-2018,13,2,2,4,11,3,14,3,3,1,0,4,8,11,1,15,9,22,14,65,35,Estadio Municipal de Anoeta,"Paseo de Anoeta 1, Donostia-San Sebastián",4,3,1.51,5.05,6.31,1.13,1.44,2.1,1.67,2.25,0.0,0.0,0.0,0.0,0.0,0.0,0.0,0.0,4,1,1,1,1,2,2,1511709300,-1,0,50,0,19745,1,1,7,2,4,1,9,5,0,1,4,2,1,6,1,100,34,111,75,1.94,1.38,3.32,0,0,0,0,0,0,1,1,0,0,2,0,0,0,-1,-1,-1,-1,-1,-1,-1,-1,-1,75,84,42,75,Real Sociedad,UD Las Palmas,1.74,0.42,1.33,0.5,1.5,0.5,25,17,1.93,1.4,3.33,38,True,True,True,True,False,False,True,Spain_La_Liga,2017-11-26 15:15:00
2017-2018,13,1,0,1,3,4,7,2,3,0,0,8,3,7,5,15,8,13,16,52,48,Estadio de Balaídos (Vigo),"Avenida de Balaídos, Vigo",2,3,1.86,3.38,5.36,1.34,2.05,3.7,1.95,1.91,1.72,2.1,2.0,1.66,0.0,0.0,0.0,0.0,1,1,0,0,0,0,1,1511553600,281,0,42,0,10840,1,1,2,2,1,2,4,3,0,1,2,2,1,4,1,66,59,123,103,1.99,1.15,3.14,1,0,1,0,0,0,1,1,0,0,1,0,0,0,-1,-1,-1,-1,-1,-1,-1,-1,-1,42,67,25,75,Celta de Vigo,Leganés,1.68,0.63,1.33,1.5,1.17,1.42,59,33,1.67,1.46,3.13,38,True,False,False,False,False,False,False,Spain_La_Liga,2017-11-24 20:00:00
2017-2018,13,1,2,3,2,5,7,6,3,1,1,3,7,3,2,6,9,18,19,40,60,Estadio de Mendizorroza,"Paseo de Cervantes, Vitoria-Gasteiz",7,5,2.51,3.0,3.35,1.47,2.4,4.6,2.15,1.74,0.0,1.8,0.0,1.9,0.0,0.0,0.0,0.0,3,0,1,1,1,2,1,1511611200,279,0,33,0,14685,1,1,0,2,2,3,2,5,4,2,3,2,6,5,1,50,68,102,127,0.96,1.56,2.52,0,0,0,0,0,0,1,1,0,0,0,1,0,0,-1,-1,-1,-1,-1,-1,-1,-1,-1,67,83,34,67,Deportivo Alavés,SD Eibar,1.47,1.21,0.5,0.5,0.5,0.92,34,17,0.0,1.37,1.37,38,True,True,True,False,False,False,True,Spain_La_Liga,2017-11-25 12:00:00
2017-2018,14,2,0,2,6,7,13,1,3,0,0,7,4,4,7,11,11,12,16,56,44,Estadio Ramón Sánchez Pizjuán,"Avenida de Eduardo Dato, Sevilla",1,3,1.44,4.94,7.59,1.12,1.44,2.1,1.61,2.2,0.0,1.72,0.0,2.0,0.0,0.0,0.0,0.0,2,1,0,1,0,1,1,1512235800,98,0,67,0,32136,1,1,3,0,3,7,3,10,1,1,0,2,2,2,1,71,54,110,86,1.7,1.37,3.07,0,0,0,0,0,0,1,1,0,0,2,0,0,0,-1,-1,-1,-1,-1,-1,-1,-1,-1,67,83,58,67,Sevilla FC,Deportivo La Coruña,2.0,0.58,2.67,0.83,1.92,0.92,34,17,1.67,1.43,3.1,38,True,True,False,False,False,False,False,Spain_La_Liga,2017-12-02 17:30:00
2017-2018,14,0,0,0,7,2,9,1,3,0,0,3,4,11,0,14,4,13,15,58,42,Estadio La Rosaleda,"Avenida de la Palmilla / Paseo de Martiricos, Málaga",1,3,1.92,3.54,4.42,1.33,2.0,3.5,1.91,1.8,0.0,1.83,0.0,1.83,0.0,0.0,0.0,0.0,0,0,0,0,0,0,0,1512158400,-1,0,54,0,18172,1,1,4,0,3,2,4,5,1,1,0,2,2,2,1,87,45,123,98,1.72,0.87,2.6,0,0,0,0,0,0,1,1,0,0,0,0,0,0,-1,-1,-1,-1,-1,-1,-1,-1,-1,54,82,37,54,Málaga CF,Levante UD,0.79,1.0,1.17,1.2,0.54,1.15,47,19,1.66,0.86,2.52,38,False,False,False,False,False,False,False,Spain_La_Liga,2017-12-01 20:00:00
2017-2018,14,2,1,3,5,6,11,1,2,0,0,11,3,6,5,17,8,12,10,54,46,Estadio Wanda Metropolitano,"Rosas, Madrid",1,2,1.59,3.96,6.75,1.22,1.89,2.75,1.95,1.8,0.0,0.0,0.0,0.0,0.0,0.0,0.0,0.0,3,0,1,2,0,2,1,1512227700,117,0,54,0,57453,1,1,1,3,4,3,4,7,1,0,0,2,1,2,1,75,40,101,79,2.38,1.01,3.39,0,1,0,1,0,0,1,1,0,0,0,0,0,0,-1,-1,-1,-1,-1,-1,-1,-1,-1,34,80,17,52,Atlético Madrid,Real Sociedad,2.21,0.84,1.8,1.67,2.08,1.46,67,20,1.39,1.66,3.05,38,True,True,True,False,False,False,True,Spain_La_Liga,2017-12-02 15:15:00
2017-2018,14,2,2,4,4,1,5,3,6,0,0,8,6,8,3,16,9,11,12,63,37,Camp Nou,"Carrer d'Arístides Maillol, Barcelona",3,6,1.13,9.99,9.99,1.06,2.25,1.61,1.95,1.8,0.0,1.8,0.0,1.9,0.0,0.0,0.0,0.0,4,1,1,1,1,2,2,1512216000,-1,0,58,0,61632,1,1,3,0,1,1,3,2,1,0,2,6,1,8,1,105,48,114,73,2.32,1.34,3.66,0,0,0,0,0,0,1,1,0,0,1,0,1,0,-1,-1,-1,-1,-1,-1,-1,-1,-1,84,100,67,92,FC Barcelona,Celta de Vigo,2.68,0.89,3.0,1.0,2.69,1.31,17,0,1.97,1.39,3.36,38,True,True,True,True,False,False,True,Spain_La_Liga,2017-12-02 12:00:00
2017-2018,14,1,0,1,6,4,10,1,6,0,1,8,3,4,5,12,8,12,21,60,40,Estadio de Gran Canaria,"Avenida Pío XII 29, Las Palmas de Gran Canaria",1,7,2.34,3.65,3.04,1.18,1.57,2.4,1.51,2.4,0.0,1.83,0.0,1.83,0.0,0.0,0.0,0.0,1,1,0,0,0,0,1,1512330300,276,0,42,0,16215,1,1,3,2,3,2,5,5,1,2,0,5,3,5,1,58,35,99,86,1.74,0.98,2.72,0,0,0,0,0,0,1,1,0,0,2,1,0,0,-1,-1,-1,-1,-1,-1,-1,-1,-1,50,75,59,59,UD Las Palmas,Real Betis,0.74,1.37,0.5,0.67,0.54,1.38,50,25,1.72,0.97,2.69,38,True,False,False,False,False,False,False,Spain_La_Liga,2017-12-03 19:45:00
2017-2018,14,2,3,5,6,5,11,1,2,0,0,4,5,5,1,9,6,8,13,55,45,Estadi Municipal de Montilivi,"Avenida Montlivi 141, Girona",1,2,1.81,3.58,5.05,1.34,2.0,3.6,2.05,1.69,0.0,1.72,0.0,2.0,0.0,0.0,0.0,0.0,5,0,0,2,3,5,0,1512417600,277,0,37,0,7316,1,1,1,1,5,4,2,9,0,1,1,1,1,2,1,80,62,124,115,1.44,1.19,2.63,0,1,0,1,0,0,1,1,0,0,1,0,0,0,-1,-1,-1,-1,-1,-1,-1,-1,-1,37,61,23,93,Girona FC,Deportivo Alavés,1.42,1.0,1.14,0.5,1.31,0.46,63,40,1.62,0.0,1.62,38,True,True,True,True,True,False,True,Spain_La_Liga,2017-12-04 20:00:00
2017-2018,14,1,0,1,5,12,17,7,4,1,0,4,7,3,6,7,13,18,11,36,64,Coliseum Alfonso Pérez,"Avenida de Teresa de Calcuta, Getafe",8,4,3.26,3.48,2.29,1.22,1.8,2.75,1.61,2.2,0.0,1.72,0.0,2.0,0.0,0.0,0.0,0.0,1,0,0,1,0,1,0,1512314100,293,0,75,0,12213,1,1,4,2,1,10,6,11,3,1,5,3,4,8,1,41,83,93,118,1.03,1.91,2.94,0,0,0,0,0,0,1,1,0,0,1,0,0,0,-1,-1,-1,-1,-1,-1,-1,-1,-1,75,92,42,75,Getafe CF,Valencia CF,1.63,1.63,1.5,2.33,1.23,2.38,25,9,1.61,1.47,3.08,38,True,False,False,False,False,False,False,Spain_La_Liga,2017-12-03 15:15:00
2017-2018,14,3,1,4,5,6,11,2,4,0,0,6,5,4,6,10,11,11,17,42,58,Estadio Municipal de Butarque,"Calle Arquitectura, Leganés",2,4,2.65,3.14,2.99,1.36,2.35,3.75,1.8,1.95,0.0,1.83,0.0,1.83,0.0,0.0,0.0,0.0,4,0,0,3,1,4,0,1512298800,278,0,30,0,9233,1,1,1,3,4,3,4,7,1,3,1,1,4,2,1,61,59,91,102,1.49,1.48,2.97,0,0,0,0,0,0,1,1,0,0,1,0,0,0,-1,-1,-1,-1,-1,-1,-1,-1,-1,45,60,15,54,Leganés,Villarreal,1.63,1.32,1.33,1.14,1.31,1.62,55,41,1.41,0.86,2.27,38,True,True,True,True,False,False,True,Spain_La_Liga,2017-12-03 11:00:00
2017-2018,14,3,1,4,2,3,5,3,3,0,0,6,4,4,2,10,6,13,16,60,40,Estadio Municipal de Ipurúa,"Calle de Ipurúa, Eibar",3,3,2.51,3.23,3.11,1.41,2.25,4.2,1.87,1.77,0.0,1.83,0.0,1.83,0.0,0.0,0.0,0.0,4,2,0,1,1,2,2,1512322200,279,0,25,0,4724,1,1,1,2,1,1,3,2,2,1,1,2,3,3,1,56,45,150,98,1.48,1.0,2.47,1,0,1,0,0,0,1,1,1,0,0,0,0,0,-1,-1,-1,-1,-1,-1,-1,-1,-1,34,59,42,75,SD Eibar,RCD Espanyol,1.47,1.0,1.33,0.5,1.08,1.23,67,42,1.41,1.09,2.5,38,True,True,True,True,False,False,True,Spain_La_Liga,2017-12-03 17:30:00
2017-2018,14,0,0,0,3,5,8,2,4,0,1,5,5,4,10,9,15,20,13,41,59,San Mamés Barria,"Rafael Moreno Pitxitxi Kalea, Bilbao",2,5,6.53,4.79,1.5,1.15,1.5,2.25,1.67,2.1,0.0,0.0,0.0,0.0,0.0,0.0,0.0,0.0,0,0,0,0,0,0,0,1512243900,-1,0,50,0,44992,1,1,1,2,2,3,3,5,1,1,1,4,2,5,1,47,75,98,115,1.27,1.84,3.11,0,0,0,0,0,0,1,1,0,0,0,0,0,0,-1,-1,-1,-1,-1,-1,-1,-1,-1,50,75,25,75,Athletic Club Bilbao,Real Madrid,1.37,1.89,1.33,2.17,1.0,2.08,50,25,1.3,1.98,3.28,38,False,False,False,False,False,False,False,Spain_La_Liga,2017-12-02 19:45:00
2017-2018,15,0,2,2,5,0,5,1,1,0,0,3,6,13,2,16,8,10,12,61,39,Estadio Municipal de Anoeta,"Paseo de Anoeta 1, Donostia-San Sebastián",1,1,1.49,4.66,6.95,1.21,1.69,2.7,1.8,1.91,0.0,0.0,0.0,0.0,0.0,0.0,0.0,0.0,2,0,1,0,1,1,1,1512903600,283,0,50,0,16834,-1,1,-1,-1,-1,-1,-1,-1,1,1,0,0,2,0,1,93,42,124,97,1.89,1.24,3.13,0,2,0,1,0,1,1,1,0,0,-1,-1,0,1,-1,-1,-1,-1,-1,-1,-1,-1,-1,58,86,50,79,Real Sociedad,Málaga CF,1.74,0.26,1.29,0.0,1.36,0.57,43,15,1.93,1.18,3.11,38,True,True,False,False,False,False,False,Spain_La_Liga,2017-12-10 11:00:00
2017-2018,15,2,0,2,8,3,11,2,0,0,0,10,2,12,3,22,5,23,12,39,61,Estadio de Mendizorroza,"Paseo de Cervantes, Vitoria-Gasteiz",2,0,2.39,3.35,3.19,1.28,1.99,3.39,1.75,2.0,0.0,1.8,0.0,1.9,0.0,0.0,0.0,0.0,2,1,0,1,0,1,1,1512763200,277,0,36,0,18567,1,1,6,2,2,1,8,3,0,0,2,0,0,2,1,69,38,88,85,2.57,0.74,3.31,0,0,0,0,0,0,1,1,0,0,1,0,0,0,-1,-1,-1,-1,-1,-1,-1,-1,-1,64,79,14,64,Deportivo Alavés,UD Las Palmas,1.47,0.42,0.43,0.57,0.64,0.71,36,22,0.96,1.39,2.35,38,True,True,False,False,False,False,False,Spain_La_Liga,2017-12-08 20:00:00
2017-2018,15,0,1,1,8,6,14,1,3,0,0,4,6,4,6,8,12,9,17,50,50,RCDE Stadium,"Avenida Baix Llobregat 100, Cornella de Llobregat",1,3,2.03,3.47,4.17,1.33,2.05,3.65,1.87,1.83,0.0,1.8,0.0,1.9,0.0,0.0,0.0,0.0,1,0,1,0,0,0,1,1513022400,312,0,48,0,13846,1,1,4,5,4,1,9,5,0,0,1,3,0,4,1,82,69,106,127,1.38,1.69,3.07,0,0,0,0,0,0,1,1,0,0,0,2,0,0,-1,-1,-1,-1,-1,-1,-1,-1,-1,48,63,23,55,RCD Espanyol,Girona FC,1.58,1.26,1.86,1.5,1.14,1.21,52,37,1.49,1.79,3.28,38,True,False,False,False,False,False,False,Spain_La_Liga,2017-12-11 20:00:00
2017-2018,15,1,2,3,8,6,14,3,3,0,0,4,4,5,8,9,12,11,14,58,42,Estadio Ciudad de Valencia,"Calle San Vicente de Paúl 44, Valencia",3,3,3.34,3.33,2.32,1.39,2.2,4.15,1.95,1.74,0.0,1.83,0.0,1.83,0.0,0.0,0.0,0.0,3,0,1,1,1,2,1,1512927000,285,0,54,0,18005,1,1,5,5,3,1,10,4,1,1,2,2,2,4,1,65,57,90,86,1.32,1.45,2.77,0,1,0,1,0,0,1,1,0,1,1,2,1,0,-1,-1,-1,-1,-1,-1,-1,-1,-1,54,73,48,67,Levante UD,Athletic Club Bilbao,1.42,0.89,1.13,0.71,1.14,1.0,47,28,1.47,1.44,2.91,38,True,True,True,False,False,False,True,Spain_La_Liga,2017-12-10 17:30:00
2017-2018,15,0,2,2,2,4,6,2,1,1,0,6,7,3,8,9,15,18,13,31,69,Estadio de la Cerámica,"Plaza Labrador, Villarreal",4,1,6.34,4.73,1.51,1.14,1.49,2.2,1.57,2.2,0.0,1.72,0.0,2.0,0.0,0.0,0.0,0.0,2,0,0,0,2,2,0,1512935100,83,0,38,0,21087,1,1,1,3,1,1,4,2,0,1,3,0,1,3,1,40,76,86,111,1.28,1.99,3.27,0,0,0,0,0,0,1,1,0,0,0,1,0,0,-1,-1,-1,-1,-1,-1,-1,-1,-1,55,92,9,61,Villarreal,FC Barcelona,1.89,2.21,2.17,2.43,1.5,2.57,45,9,1.92,1.79,3.71,38,True,True,False,False,False,False,False,Spain_La_Liga,2017-12-10 19:45:00
2017-2018,15,1,0,1,6,1,7,4,4,0,0,5,0,8,3,13,3,16,21,62,38,Estadio Municipal de Riazor (A Coruña (La Coruña)),"Calle Manuel Murguía, A Coruña (La Coruña)",4,4,2.27,3.3,3.49,1.39,2.2,4.15,1.95,1.77,0.0,1.9,0.0,1.8,0.0,0.0,0.0,0.0,1,1,0,0,0,0,1,1512840600,286,0,36,0,18366,1,1,2,1,4,0,3,4,1,1,3,3,2,6,1,72,30,135,95,1.7,0.42,2.13,0,0,0,0,0,0,1,1,0,0,0,0,0,0,-1,-1,-1,-1,-1,-1,-1,-1,-1,50,64,22,64,Deportivo La Coruña,Leganés,0.95,0.63,1.0,1.29,0.86,1.43,50,36,1.72,1.4,3.12,38,True,False,False,False,False,False,False,Spain_La_Liga,2017-12-09 17:30:00
2017-2018,15,2,1,3,10,2,12,2,6,0,0,8,6,2,5,10,11,16,12,38,62,Estadio de Mestalla,"Avenida de Suecia, Valencia",2,6,1.6,4.3,5.86,1.15,1.51,2.3,1.53,2.3,0.0,1.83,0.0,1.83,0.0,0.0,0.0,0.0,3,1,0,1,1,2,1,1512848700,288,0,58,0,35633,1,1,7,1,3,1,8,4,0,0,2,6,0,8,1,81,60,103,138,1.78,1.56,3.34,1,0,1,0,0,0,1,1,0,0,1,1,0,0,-1,-1,-1,-1,-1,-1,-1,-1,-1,79,86,50,86,Valencia CF,Celta de Vigo,2.21,0.89,2.43,1.0,2.21,1.29,22,15,1.54,1.38,2.92,38,True,True,True,False,False,False,True,Spain_La_Liga,2017-12-09 19:45:00
2017-2018,15,5,0,5,9,3,12,0,2,0,0,9,4,9,5,18,9,12,11,59,41,Estadio Santiago Bernabéu,"Avenida de Concha Espina 1, Chamartín, Madrid",0,2,1.23,7.75,9.99,1.06,1.22,1.57,1.59,2.3,0.0,1.72,0.0,2.0,0.0,0.0,0.0,0.0,5,5,0,0,0,0,5,1512832500,84,0,36,0,76924,1,1,5,2,4,1,7,5,0,2,0,0,2,0,1,69,45,86,82,2.25,1.18,3.43,1,0,1,0,0,0,1,1,1,0,2,0,0,0,-1,-1,-1,-1,-1,-1,-1,-1,-1,50,72,29,72,Real Madrid,Sevilla FC,2.11,1.05,2.0,1.29,2.0,2.0,50,29,2.36,1.39,3.75,38,True,True,True,True,True,False,False,Spain_La_Liga,2017-12-09 15:15:00
2017-2018,15,0,0,0,9,7,16,1,4,0,0,4,3,3,4,7,7,14,13,44,56,Coliseum Alfonso Pérez,"Avenida de Teresa de Calcuta, Getafe",1,4,1.95,3.47,4.34,1.38,2.15,4.0,2.0,1.71,0.0,1.72,0.0,2.0,0.0,0.0,0.0,0.0,0,0,0,0,0,0,0,1512820800,-1,0,50,0,9317,1,1,3,4,6,3,7,9,0,0,1,4,0,5,1,42,61,110,128,1.04,1.11,2.15,0,1,0,0,0,1,1,1,0,0,1,1,0,0,-1,-1,-1,-1,-1,-1,-1,-1,-1,79,79,29,64,Getafe CF,SD Eibar,1.63,1.21,1.71,0.86,1.36,1.21,22,22,1.5,1.4,2.9,38,False,False,False,False,False,False,False,Spain_La_Liga,2017-12-09 12:00:00
2017-2018,15,0,1,1,3,2,5,4,3,0,0,5,3,1,2,6,5,15,19,69,31,Estadio Benito Villamarín,"Avenida de Heliópolis, Sevilla",4,3,5.25,3.75,1.75,1.3,2.0,3.39,1.95,1.8,1.72,1.9,2.0,1.8,0.0,0.0,0.0,0.0,1,0,1,0,0,0,1,1512918900,117,0,55,0,45517,1,1,1,0,2,2,1,4,2,1,2,2,3,4,1,82,43,138,90,1.34,0.85,2.19,0,0,0,0,0,0,1,1,0,0,0,0,1,0,-1,-1,-1,-1,-1,-1,-1,-1,-1,68,75,48,68,Real Betis,Atlético Madrid,1.79,1.95,2.0,2.25,1.29,2.14,32,25,1.74,1.37,3.11,38,True,False,False,False,False,False,False,Spain_La_Liga,2017-12-10 15:15:00
2017-2018,16,2,1,3,5,6,11,1,4,0,0,4,4,9,3,13,7,13,13,55,45,Estadio Municipal de Ipurúa,"Calle de Ipurúa, Eibar",1,4,3.67,3.7,2.05,1.29,1.91,3.3,1.74,1.95,0.0,1.72,0.0,2.0,0.0,0.0,0.0,0.0,3,0,0,2,1,3,0,1513445400,279,0,50,0,5226,1,1,4,4,1,2,8,3,0,0,1,4,0,5,1,62,42,138,96,1.56,1.04,2.6,0,0,0,0,0,0,1,1,0,0,0,1,0,0,-1,-1,-1,-1,-1,-1,-1,-1,-1,57,72,57,71,SD Eibar,Valencia CF,1.47,1.63,1.57,2.0,1.2,2.27,43,29,1.42,1.56,2.98,38,True,True,True,False,False,False,True,Spain_La_Liga,2017-12-16 17:30:00
2017-2018,16,0,1,1,2,2,4,1,3,0,0,4,6,7,2,11,8,11,19,64,36,Estadio de Balaídos (Vigo),"Avenida de Balaídos, Vigo",1,3,2.54,3.33,2.97,1.26,1.83,3.1,1.69,2.05,0.0,1.83,0.0,1.83,0.0,0.0,0.0,0.0,1,0,1,0,0,0,1,1513523700,76,0,54,0,18315,1,1,2,1,0,1,3,1,0,1,1,2,1,3,1,81,42,134,68,1.57,1.23,2.8,0,0,0,0,0,0,1,1,0,0,0,1,0,0,-1,-1,-1,-1,-1,-1,-1,-1,-1,53,73,34,75,Celta de Vigo,Villarreal,1.68,1.32,1.57,1.0,1.2,1.4,48,28,1.75,0.99,2.74,38,True,False,False,False,False,False,False,Spain_La_Liga,2017-12-17 15:15:00
2017-2018,16,0,0,0,6,6,12,3,0,0,0,3,3,4,5,7,8,14,9,43,57,San Mamés Barria,"Rafael Moreno Pitxitxi Kalea, Bilbao",3,0,2.11,3.41,3.8,1.25,1.91,3.25,1.66,2.1,0.0,0.0,0.0,0.0,0.0,0.0,0.0,0.0,0,0,0,0,0,0,0,1513437300,-1,0,50,0,45761,1,1,3,2,3,4,5,7,0,0,3,0,0,3,1,47,52,86,94,1.0,1.1,2.1,0,0,0,0,0,0,1,1,0,0,0,1,0,0,-1,-1,-1,-1,-1,-1,-1,-1,-1,43,79,15,72,Athletic Club Bilbao,Real Sociedad,1.37,0.84,1.29,1.43,1.13,1.27,58,22,1.29,1.5,2.79,38,False,False,False,False,False,False,False,Spain_La_Liga,2017-12-16 15:15:00
2017-2018,16,0,0,0,8,5,13,2,3,0,0,7,3,6,6,13,9,22,14,58,42,Estadio Ramón Sánchez Pizjuán,"Avenida de Eduardo Dato, Sevilla",2,3,1.23,6.9,9.99,1.16,1.54,2.35,1.87,1.8,0.0,0.0,0.0,0.0,0.0,0.0,0.0,0.0,0,0,0,0,0,0,0,1513368000,-1,0,38,0,25934,1,1,7,5,1,0,12,1,0,0,2,3,0,5,1,74,50,94,81,1.84,1.14,2.98,0,0,0,0,0,0,1,1,0,0,0,0,0,0,-1,-1,-1,-1,-1,-1,-1,-1,-1,38,77,31,45,Sevilla FC,Levante UD,2.0,1.0,2.71,1.17,1.87,1.07,62,24,1.68,0.86,2.54,38,False,False,False,False,False,False,False,Spain_La_Liga,2017-12-15 20:00:00
2017-2018,16,0,2,2,3,4,7,2,2,1,0,3,5,9,3,12,8,15,15,45,55,Estadio La Rosaleda,"Avenida de la Palmilla / Paseo de Martiricos, Málaga",4,2,2.41,3.38,3.13,1.28,1.87,3.2,1.74,1.95,0.0,1.83,0.0,1.83,0.0,0.0,0.0,0.0,2,0,1,0,1,1,1,1513627200,284,0,43,0,22742,1,1,2,2,1,2,4,3,1,0,2,2,1,4,1,85,72,101,90,1.58,1.38,2.96,0,0,0,0,0,0,1,1,0,0,1,0,0,0,-1,-1,-1,-1,-1,-1,-1,-1,-1,50,64,43,64,Málaga CF,Real Betis,0.79,1.37,1.14,0.57,0.73,1.2,50,36,1.68,0.97,2.65,38,True,True,False,False,False,False,False,Spain_La_Liga,2017-12-18 20:00:00
2017-2018,16,1,0,1,4,4,8,3,4,0,0,5,0,3,7,8,7,14,16,63,37,Estadio Wanda Metropolitano,"Rosas, Madrid",3,4,1.16,8.1,9.99,1.24,1.77,2.9,2.6,1.43,0.0,0.0,0.0,0.0,0.0,0.0,0.0,0.0,1,0,0,1,0,1,0,1513453500,117,0,40,0,49884,1,1,1,2,3,2,3,5,2,1,1,3,3,4,1,94,59,141,99,1.55,0.88,2.42,0,0,0,0,0,0,1,1,0,0,0,2,0,0,-1,-1,-1,-1,-1,-1,-1,-1,-1,23,62,7,60,Atlético Madrid,Deportivo Alavés,2.21,1.0,2.0,0.86,2.2,0.8,77,38,1.64,1.19,2.83,38,True,False,False,False,False,False,False,Spain_La_Liga,2017-12-16 19:45:00
2017-2018,16,4,0,4,6,3,9,0,1,0,0,12,4,9,4,21,8,12,10,56,44,Camp Nou,"Carrer d'Arístides Maillol, Barcelona",0,1,1.09,9.99,9.99,1.04,1.2,1.53,2.0,1.71,0.0,0.0,0.0,0.0,0.0,0.0,0.0,0.0,4,2,0,2,0,2,2,1513539900,83,0,57,0,51756,1,1,5,1,1,2,6,3,0,1,0,0,1,0,1,67,41,116,105,2.65,1.09,3.74,1,0,0,0,1,0,1,1,0,0,2,0,0,0,-1,-1,-1,-1,-1,-1,-1,-1,-1,71,93,64,86,FC Barcelona,Deportivo La Coruña,2.68,0.58,2.71,0.71,2.6,1.0,29,7,2.03,1.42,3.45,38,True,True,True,True,False,False,False,Spain_La_Liga,2017-12-17 19:45:00
2017-2018,16,2,2,4,9,2,11,3,3,0,0,6,4,6,2,12,6,6,25,61,39,Estadio de Gran Canaria,"Avenida Pío XII 29, Las Palmas de Gran Canaria",3,3,2.66,3.35,2.81,1.28,1.91,3.25,1.74,1.95,0.0,1.8,0.0,1.9,0.0,0.0,0.0,0.0,4,0,2,2,0,2,2,1513531800,-1,0,43,0,13976,1,1,5,0,4,2,5,6,2,2,1,1,4,2,1,89,54,124,92,1.82,1.06,2.88,1,0,0,0,1,0,1,1,0,0,0,0,0,0,-1,-1,-1,-1,-1,-1,-1,-1,-1,36,71,43,72,UD Las Palmas,RCD Espanyol,0.74,1.0,0.86,0.43,0.67,1.07,64,29,1.73,1.08,2.81,38,True,True,True,True,False,False,True,Spain_La_Liga,2017-12-17 17:30:00
2017-2018,16,1,0,1,1,7,8,2,6,0,0,3,0,3,4,6,4,20,25,44,56,Estadi Municipal de Montilivi,"Avenida Montlivi 141, Girona",2,6,2.0,3.49,4.11,1.32,2.0,3.5,1.77,1.95,0.0,1.8,0.0,1.9,0.0,0.0,0.0,0.0,1,1,0,0,0,0,1,1513508400,312,0,67,0,9917,1,1,0,4,1,3,4,4,0,2,2,4,2,6,1,64,95,114,114,1.06,0.95,2.01,0,0,0,0,0,0,1,1,1,0,0,1,0,0,-1,-1,-1,-1,-1,-1,-1,-1,-1,53,73,20,59,Girona FC,Getafe CF,1.42,1.26,1.0,1.0,1.33,1.33,48,27,1.59,1.17,2.76,38,True,False,False,False,False,False,False,Spain_La_Liga,2017-12-17 11:00:00
2017-2018,16,1,3,4,6,5,11,3,1,0,0,4,8,3,4,7,12,18,7,39,61,Estadio Municipal de Butarque,"Calle Arquitectura, Leganés",3,1,8.28,6.26,1.33,1.17,1.56,2.4,1.83,1.87,1.41,1.66,2.82,2.19,0.0,0.0,0.0,0.0,4,1,2,0,1,1,3,1519235100,84,0,52,0,11423,1,1,3,2,3,3,5,6,0,0,3,1,0,4,1,73,83,78,109,1.25,1.92,3.17,0,1,0,1,0,0,1,1,1,0,1,1,0,0,-1,-1,-1,-1,-1,-1,-1,-1,-1,61,61,32,61,Leganés,Real Madrid,1.63,1.89,1.7,2.0,1.26,1.96,39,39,1.23,2.04,3.27,38,True,True,True,True,False,False,True,Spain_La_Liga,2018-02-21 17:45:00
2017-2018,17,0,0,0,6,5,11,5,5,1,1,4,3,4,6,8,9,20,17,56,44,Estadio Ciudad de Valencia,"Calle San Vicente de Paúl 44, Valencia",6,6,2.65,3.13,3.0,1.51,2.55,5.1,2.05,1.69,1.66,0.0,2.1,0.0,0.0,0.0,0.0,0.0,0,0,0,0,0,0,0,1513715400,-1,0,35,0,14270,1,1,3,4,3,1,7,4,1,1,5,5,2,10,1,63,44,106,73,1.25,1.1,2.35,0,0,0,0,0,0,1,1,0,0,2,0,0,0,-1,-1,-1,-1,-1,-1,-1,-1,-1,41,70,17,65,Levante UD,Leganés,1.42,0.63,1.0,1.13,1.06,1.33,60,31,1.45,1.24,2.69,38,False,False,False,False,False,False,False,Spain_La_Liga,2017-12-19 20:30:00
2017-2018,17,1,3,4,3,1,4,2,2,0,0,5,4,7,4,12,8,20,16,54,46,Estadio Municipal de Riazor (A Coruña (La Coruña)),"Calle Manuel Murguía, A Coruña (La Coruña)",2,2,2.5,3.44,2.95,1.25,1.8,3.05,1.67,2.05,0.0,1.83,0.0,1.83,0.0,0.0,0.0,0.0,4,0,2,1,1,2,2,1514050200,281,0,69,0,27877,1,1,2,0,1,1,2,2,1,0,1,2,1,3,1,62,45,112,124,1.56,1.13,2.69,0,0,0,0,0,0,1,1,0,1,0,0,0,0,-1,-1,-1,-1,-1,-1,-1,-1,-1,82,82,57,88,Deportivo La Coruña,Celta de Vigo,0.95,0.89,1.25,0.88,0.94,1.13,19,19,1.72,1.41,3.13,38,True,True,True,True,False,False,True,Spain_La_Liga,2017-12-23 17:30:00
2017-2018,17,0,1,1,14,1,15,6,4,1,1,4,4,12,6,16,10,11,21,55,45,Estadio de Mestalla,"Avenida de Suecia, Valencia",7,5,1.8,3.92,4.55,1.18,1.61,2.5,1.56,2.25,0.0,0.0,0.0,0.0,0.0,0.0,0.0,0.0,1,0,1,0,0,0,1,1514042100,76,0,41,0,39267,1,1,7,0,7,1,7,8,2,2,5,3,4,8,1,81,37,98,88,1.87,1.19,3.05,0,0,0,0,0,0,1,1,0,0,2,0,0,0,-1,-1,-1,-1,-1,-1,-1,-1,-1,60,77,18,66,Valencia CF,Villarreal,2.21,1.32,2.5,1.22,2.13,1.5,41,24,1.58,1.03,2.61,38,True,False,False,False,False,False,False,Spain_La_Liga,2017-12-23 15:15:00
2017-2018,17,0,3,3,7,7,14,2,2,1,0,6,12,6,3,12,15,14,10,44,56,Estadio Santiago Bernabéu,"Avenida de Concha Espina 1, Chamartín, Madrid",4,2,2.17,3.94,3.17,1.1,1.37,1.95,1.37,2.8,0.0,0.0,0.0,0.0,0.0,0.0,0.0,0.0,3,0,0,0,3,3,0,1514030400,83,0,38,0,80737,1,1,4,3,3,4,7,7,0,1,3,1,1,4,1,60,51,91,97,1.61,2.16,3.77,0,1,0,1,0,0,1,1,0,0,1,0,0,0,1,16,8,1,11,18,1,3,8,51,94,32,76,Real Madrid,FC Barcelona,2.11,2.21,2.13,2.5,2.07,2.63,51,7,2.34,1.83,4.17,38,True,True,True,False,False,False,False,Spain_La_Liga,2017-12-23 12:00:00
2017-2018,17,2,0,2,3,1,4,3,1,0,0,8,7,6,9,14,16,23,11,32,68,Coliseum Alfonso Pérez,"Avenida de Teresa de Calcuta, Getafe",3,1,1.83,3.74,4.6,1.26,1.83,3.15,1.8,1.91,0.0,0.0,0.0,0.0,0.0,0.0,0.0,0.0,2,2,0,0,0,0,2,1513794600,293,0,38,0,8908,1,1,1,1,2,0,2,2,1,0,2,1,1,3,1,39,49,100,99,1.73,1.85,3.59,0,0,0,0,0,0,1,1,1,0,1,0,0,0,-1,-1,-1,-1,-1,-1,-1,-1,-1,63,69,13,57,Getafe CF,UD Las Palmas,1.63,0.42,1.63,0.5,1.25,0.69,38,32,1.42,1.28,2.7,38,True,True,False,False,False,False,False,Spain_La_Liga,2017-12-20 18:30:00
2017-2018,17,0,2,2,6,9,15,1,2,1,0,7,8,6,9,13,17,7,6,52,48,Estadio Benito Villamarín,"Avenida de Heliópolis, Sevilla",3,2,2.63,3.46,2.77,1.26,1.83,3.1,1.69,2.05,0.0,1.72,0.0,2.0,0.0,0.0,0.0,0.0,2,0,1,0,1,1,1,1513967400,285,0,63,0,42819,1,1,4,6,2,3,10,5,1,2,1,0,3,1,1,66,83,99,112,1.79,2.23,4.02,0,1,0,1,0,0,1,1,0,0,2,2,0,0,-1,-1,-1,-1,-1,-1,-1,-1,-1,69,76,50,82,Real Betis,Athletic Club Bilbao,1.79,0.89,1.75,1.0,1.31,1.13,32,26,1.68,1.45,3.13,38,True,True,False,False,False,False,False,Spain_La_Liga,2017-12-22 18:30:00
2017-2018,17,4,1,5,3,2,5,1,2,0,0,7,2,9,3,16,5,14,18,50,50,Estadio Municipal de Ipurúa,"Calle de Ipurúa, Eibar",1,2,2.08,3.52,3.76,1.33,2.05,3.65,1.87,1.83,0.0,1.72,0.0,2.0,0.0,0.0,0.0,0.0,5,2,1,2,0,2,3,1513881000,279,0,48,0,4893,1,1,3,1,0,1,4,1,1,2,0,0,3,0,1,70,43,103,101,2.0,0.78,2.78,0,0,0,0,0,0,1,1,2,0,0,0,0,0,-1,-1,-1,-1,-1,-1,-1,-1,-1,60,67,32,67,SD Eibar,Girona FC,1.47,1.26,1.75,1.71,1.31,1.44,41,34,1.44,1.77,3.21,38,True,True,True,True,True,False,True,Spain_La_Liga,2017-12-21 18:30:00
2017-2018,17,3,1,4,3,5,8,1,5,0,0,6,5,7,4,13,9,9,18,49,51,Estadio Municipal de Anoeta,"Paseo de Anoeta 1, Donostia-San Sebastián",1,5,2.42,3.58,2.96,1.16,1.56,2.4,1.5,2.4,0.0,0.0,0.0,0.0,0.0,0.0,0.0,0.0,4,1,1,2,0,2,2,1513801800,290,0,50,0,17182,-1,1,-1,-1,-1,-1,-1,-1,0,1,1,4,1,5,1,53,46,115,79,1.63,1.25,2.89,0,0,0,0,0,0,1,1,0,0,-1,-1,0,0,-1,-1,-1,-1,-1,-1,-1,-1,-1,63,82,44,82,Real Sociedad,Sevilla FC,1.74,1.05,1.13,1.13,1.25,1.81,38,19,1.92,1.36,3.28,38,True,True,True,True,False,False,True,Spain_La_Liga,2017-12-20 20:30:00
2017-2018,17,1,0,1,4,4,8,3,4,0,0,6,4,4,5,10,9,14,18,41,59,Estadio de Mendizorroza,"Paseo de Cervantes, Vitoria-Gasteiz",3,4,2.34,3.23,3.4,1.43,2.3,4.4,2.05,1.69,0.0,2.0,0.0,1.72,0.0,0.0,0.0,0.0,1,0,0,1,0,1,0,1513888200,277,0,26,0,12594,1,1,1,0,3,4,1,7,2,2,1,2,4,3,1,49,60,83,103,1.41,1.29,2.7,0,0,0,0,0,0,1,1,0,0,0,0,0,0,-1,-1,-1,-1,-1,-1,-1,-1,-1,38,82,13,69,Deportivo Alavés,Málaga CF,1.47,0.26,0.75,0.38,0.75,0.69,63,19,1.77,1.19,2.96,38,True,False,False,False,False,False,False,Spain_La_Liga,2017-12-21 20:30:00
2017-2018,17,1,0,1,2,3,5,2,5,0,0,5,2,2,3,7,5,19,22,45,55,RCDE Stadium,"Avenida Baix Llobregat 100, Cornella de Llobregat",2,5,5.18,3.69,1.76,1.44,2.39,5.0,2.2,1.61,1.72,0.0,2.0,0.0,0.0,0.0,0.0,0.0,1,0,0,1,0,1,0,1513974600,280,0,29,0,19023,1,1,1,1,1,2,2,3,0,0,2,5,0,7,1,64,81,107,102,1.26,1.05,2.31,0,0,0,0,0,0,1,1,0,0,0,0,0,0,-1,-1,-1,-1,-1,-1,-1,-1,-1,35,41,29,53,RCD Espanyol,Atlético Madrid,1.58,1.95,1.63,2.33,1.06,2.25,66,60,1.47,1.3,2.77,38,True,False,False,False,False,False,False,Spain_La_Liga,2017-12-22 20:30:00
2017-2018,18,3,0,3,3,6,9,0,4,0,0,9,3,5,5,14,8,10,22,71,29,Camp Nou,"Carrer d'Arístides Maillol, Barcelona",0,4,1.06,9.99,9.99,1.02,1.14,1.41,2.2,1.61,0.0,1.72,0.0,2.0,0.0,0.0,0.0,0.0,3,2,0,1,0,1,2,1515338100,83,0,34,0,54617,1,1,1,3,2,3,4,5,0,2,0,2,2,2,1,75,37,100,69,2.05,0.99,3.04,0,0,0,0,0,0,1,1,0,0,0,2,0,1,-1,-1,-1,-1,-1,-1,-1,-1,-1,52,79,46,59,FC Barcelona,Levante UD,2.68,1.0,2.75,1.14,2.65,1.06,48,22,2.11,0.93,3.04,38,True,True,True,False,False,False,False,Spain_La_Liga,2018-01-07 15:15:00
2017-2018,18,1,2,3,4,3,7,3,3,0,0,3,6,1,4,4,10,13,17,54,46,Estadio de Gran Canaria,"Avenida Pío XII 29, Las Palmas de Gran Canaria",3,3,2.2,3.53,3.42,1.21,1.69,2.75,1.59,2.2,0.0,1.8,0.0,1.9,0.0,0.0,0.0,0.0,3,1,0,0,2,2,1,1515259800,279,0,44,0,11987,1,1,2,3,2,0,5,2,1,2,2,1,3,3,1,47,58,80,88,0.81,1.47,2.28,1,0,1,0,0,0,1,1,0,0,0,1,0,0,-1,-1,-1,-1,-1,-1,-1,-1,-1,63,75,44,63,UD Las Palmas,SD Eibar,0.74,1.21,0.88,0.88,0.65,1.41,38,25,1.74,1.36,3.1,38,True,True,True,False,False,False,True,Spain_La_Liga,2018-01-06 17:30:00
2017-2018,18,1,1,2,7,5,12,4,3,0,0,6,4,3,3,9,7,19,12,56,44,Estadio de la Cerámica,"Plaza Labrador, Villarreal",4,3,1.48,4.44,7.64,1.23,1.74,2.85,1.8,1.91,0.0,0.0,0.0,0.0,0.0,0.0,0.0,0.0,2,1,0,0,1,1,1,1515346200,-1,0,46,0,15441,1,1,3,3,4,2,6,6,1,0,3,3,1,6,1,74,59,129,82,1.53,1.15,2.69,0,0,0,0,0,0,1,1,0,0,1,0,0,0,-1,-1,-1,-1,-1,-1,-1,-1,-1,66,87,45,66,Villarreal,Deportivo La Coruña,1.89,0.58,1.86,0.63,1.59,0.88,34,14,1.81,1.36,3.17,38,True,True,False,False,False,False,True,Spain_La_Liga,2018-01-07 17:30:00
2017-2018,18,1,0,1,5,6,11,0,1,0,0,5,6,2,2,7,8,14,11,31,69,Estadio Municipal de Butarque,"Calle Arquitectura, Leganés",0,1,2.46,3.34,3.08,1.38,2.15,4.0,1.87,1.83,0.0,1.9,0.0,1.8,0.0,0.0,0.0,0.0,1,0,0,1,0,1,0,1515322800,278,0,46,0,6671,1,1,1,3,4,3,4,7,0,1,0,0,1,0,1,47,71,79,134,1.14,1.45,2.59,0,0,0,0,0,0,1,1,0,0,1,0,0,0,-1,-1,-1,-1,-1,-1,-1,-1,-1,53,66,13,59,Leganés,Real Sociedad,1.63,0.84,1.57,1.38,1.31,1.35,48,35,1.43,1.42,2.85,38,True,False,False,False,False,False,False,Spain_La_Liga,2018-01-07 11:00:00
2017-2018,18,2,1,3,9,7,16,5,5,0,0,8,6,6,3,14,9,16,14,59,41,Estadio de Mestalla,"Avenida de Suecia, Valencia",5,5,1.61,4.26,5.81,1.19,1.65,2.6,1.74,1.95,0.0,0.0,0.0,0.0,0.0,0.0,0.0,0.0,3,1,1,1,0,1,2,1515251700,288,0,48,0,27930,1,1,8,4,1,3,12,4,2,2,3,3,4,6,1,85,47,99,94,2.05,1.34,3.39,1,0,1,0,0,0,1,1,0,1,0,2,0,0,-1,-1,-1,-1,-1,-1,-1,-1,-1,60,71,18,77,Valencia CF,Girona FC,2.21,1.26,2.22,1.5,2.0,1.35,41,29,1.61,1.57,3.18,38,True,True,True,False,False,False,True,Spain_La_Liga,2018-01-06 15:15:00
2017-2018,18,2,2,4,3,7,10,2,2,0,0,6,9,5,9,11,18,10,15,50,50,Estadio de Balaídos (Vigo),"Avenida de Balaídos, Vigo",2,2,6.64,4.95,1.48,1.1,1.35,1.91,1.48,2.5,0.0,1.72,0.0,2.0,0.0,0.0,0.0,0.0,4,1,2,1,0,1,3,1515354300,-1,0,54,0,20895,1,1,0,4,3,3,4,6,0,1,2,1,1,3,1,60,62,113,89,1.56,2.21,3.76,1,0,0,0,1,0,1,1,0,0,0,0,0,0,-1,-1,-1,-1,-1,-1,-1,-1,-1,55,61,41,86,Celta de Vigo,Real Madrid,1.68,1.89,1.38,2.0,1.24,1.94,46,40,1.71,1.94,3.65,38,True,True,True,True,False,False,True,Spain_La_Liga,2018-01-07 19:45:00
2017-2018,18,2,0,2,4,1,5,2,4,0,0,9,2,4,5,13,7,23,20,59,41,San Mamés Barria,"Rafael Moreno Pitxitxi Kalea, Bilbao",2,4,1.58,4.0,6.81,1.33,2.0,3.65,2.0,1.71,0.0,0.0,0.0,0.0,0.0,0.0,0.0,0.0,2,1,0,1,0,1,1,1515346200,285,0,25,0,41070,1,1,2,0,2,1,2,3,0,2,2,2,2,4,1,45,31,71,49,1.77,0.81,2.58,1,0,1,0,0,0,1,1,1,0,1,0,0,0,-1,-1,-1,-1,-1,-1,-1,-1,-1,19,50,7,63,Athletic Club Bilbao,Deportivo Alavés,1.37,1.0,1.25,0.75,1.24,0.88,82,50,1.23,1.03,2.26,38,True,True,False,False,False,False,False,Spain_La_Liga,2018-01-07 17:30:00
2017-2018,18,3,5,8,12,0,12,3,6,0,0,4,6,7,2,11,8,16,18,49,51,Estadio Ramón Sánchez Pizjuán,"Avenida de Eduardo Dato, Sevilla",3,6,1.52,4.46,6.68,1.16,1.53,2.35,1.65,2.1,0.0,1.8,0.0,1.9,0.0,0.0,0.0,0.0,8,2,2,1,3,4,4,1515267900,284,0,32,0,40385,-1,1,-1,-1,-1,-1,-1,-1,1,1,2,5,2,7,1,84,35,90,81,1.58,1.19,2.76,0,0,0,0,0,0,1,1,0,1,-1,-1,0,0,-1,-1,-1,-1,-1,-1,-1,-1,-1,38,69,38,63,Sevilla FC,Real Betis,2.0,1.37,2.5,0.88,1.71,1.24,63,32,1.71,1.05,2.76,38,True,True,True,True,True,True,True,Spain_La_Liga,2018-01-06 19:45:00
2017-2018,18,0,1,1,6,5,11,2,3,0,0,3,4,12,2,15,6,18,11,60,40,Estadio La Rosaleda,"Avenida de la Palmilla / Paseo de Martiricos, Málaga",2,3,2.32,3.33,3.34,1.47,2.4,4.7,2.05,1.67,0.0,2.1,0.0,1.66,0.0,0.0,0.0,0.0,1,0,1,0,0,0,1,1515441600,280,0,50,0,12357,1,1,2,1,4,4,3,8,1,2,1,1,3,2,1,78,40,123,89,1.72,0.96,2.68,0,0,0,0,0,0,1,1,0,1,0,0,1,1,-1,-1,-1,-1,-1,-1,-1,-1,-1,44,75,38,76,Málaga CF,RCD Espanyol,0.79,1.0,1.0,0.5,0.65,1.18,57,25,1.66,1.07,2.73,38,True,False,False,False,False,False,False,Spain_La_Liga,2018-01-08 20:00:00
2017-2018,18,2,0,2,5,0,5,6,3,1,0,6,6,4,1,10,7,11,17,61,39,Estadio Wanda Metropolitano,"Rosas, Madrid",7,3,1.38,4.81,9.96,1.34,2.05,3.75,2.65,1.42,0.0,0.0,0.0,0.0,0.0,0.0,0.0,0.0,2,1,0,1,0,1,1,1515240000,117,0,53,0,47106,-1,1,-1,-1,-1,-1,-1,-1,5,2,2,1,7,3,1,71,51,128,91,1.58,1.24,2.81,0,0,0,0,0,0,1,1,0,0,-1,-1,0,0,-1,-1,-1,-1,-1,-1,-1,-1,-1,26,60,7,40,Atlético Madrid,Getafe CF,2.21,1.26,2.14,0.88,2.12,1.35,75,41,1.62,1.14,2.76,38,True,True,False,False,False,False,False,Spain_La_Liga,2018-01-06 12:00:00
2017-2018,19,6,0,6,5,2,7,2,5,0,0,9,2,4,1,13,3,25,20,42,58,Estadi Municipal de Montilivi,"Avenida Montlivi 141, Girona",2,5,1.84,3.88,4.57,1.21,1.69,2.75,1.69,2.05,0.0,1.83,0.0,1.83,0.0,0.0,0.0,0.0,6,1,0,5,0,5,1,1515844800,312,0,39,0,9805,1,1,1,1,4,1,2,5,0,1,2,4,1,6,1,70,58,84,101,1.95,0.76,2.71,1,0,1,0,0,0,1,1,0,0,1,0,0,0,-1,-1,-1,-1,-1,-1,-1,-1,-1,56,73,22,73,Girona FC,UD Las Palmas,1.42,0.42,1.22,0.44,1.28,0.61,44,28,1.51,1.37,2.88,38,True,True,True,True,True,True,False,Spain_La_Liga,2018-01-13 12:00:00
2017-2018,19,1,0,1,5,4,9,4,2,1,0,4,2,3,10,7,12,18,12,37,63,Estadio de Mendizorroza,"Paseo de Cervantes, Vitoria-Gasteiz",5,2,3.8,3.45,2.09,1.3,1.95,3.4,1.8,1.91,0.0,1.8,0.0,1.9,0.0,0.0,0.0,0.0,1,0,0,1,0,1,0,1515942900,277,0,33,0,14920,1,1,2,3,3,1,5,4,1,0,4,2,1,6,1,74,79,108,130,1.26,1.48,2.74,0,0,0,0,0,0,1,1,0,0,0,1,0,0,-1,-1,-1,-1,-1,-1,-1,-1,-1,50,73,17,67,Deportivo Alavés,Sevilla FC,1.47,1.05,1.0,1.0,0.83,1.61,50,28,1.65,1.34,2.99,38,True,False,False,False,False,False,False,Spain_La_Liga,2018-01-14 15:15:00
2017-2018,19,1,1,2,4,2,6,2,4,0,0,4,4,4,5,8,9,14,16,44,56,RCDE Stadium,"Avenida Baix Llobregat 100, Cornella de Llobregat",2,4,2.77,3.2,2.8,1.44,2.39,4.33,1.95,1.8,0.0,1.83,0.0,1.83,0.0,0.0,0.0,0.0,2,1,1,0,0,0,2,1515951000,-1,0,39,0,19827,1,1,1,1,3,1,2,4,0,0,2,4,0,6,1,59,52,73,90,1.21,1.23,2.44,0,0,0,0,0,0,1,1,0,0,0,1,0,0,-1,-1,-1,-1,-1,-1,-1,-1,-1,39,50,33,61,RCD Espanyol,Athletic Club Bilbao,1.58,0.89,1.78,1.22,1.28,1.33,61,50,1.44,1.54,2.98,38,True,True,False,False,False,False,True,Spain_La_Liga,2018-01-14 17:30:00
2017-2018,19,0,1,1,6,2,8,4,3,0,0,6,3,7,1,13,4,19,7,37,63,Estadio Ciudad de Valencia,"Calle San Vicente de Paúl 44, Valencia",4,3,3.26,3.46,2.3,1.29,1.91,3.3,1.77,1.95,0.0,2.0,0.0,1.72,0.0,0.0,0.0,0.0,1,0,1,0,0,0,1,1515927600,281,0,70,0,16732,1,1,4,1,2,1,5,3,1,0,3,3,1,6,1,64,31,91,114,1.7,0.71,2.41,0,0,0,0,0,0,1,1,0,0,2,0,0,0,-1,-1,-1,-1,-1,-1,-1,-1,-1,75,90,54,80,Levante UD,Celta de Vigo,1.42,0.89,1.0,1.11,1.0,1.22,25,10,1.42,1.37,2.79,38,True,False,False,False,False,False,False,Spain_La_Liga,2018-01-14 11:00:00
2017-2018,19,1,2,3,8,10,18,1,2,0,0,3,6,7,4,10,10,13,8,52,48,Estadio Municipal de Riazor (A Coruña (La Coruña)),"Calle Manuel Murguía, A Coruña (La Coruña)",1,2,3.16,3.55,2.31,1.21,1.69,2.75,1.59,2.2,0.0,1.72,0.0,2.0,0.0,0.0,0.0,0.0,3,0,1,1,1,2,1,1515872700,288,0,66,0,19096,1,1,4,8,4,2,12,6,0,0,1,2,0,3,-1,0,0,0,0,0.0,0.0,0.0,0,0,0,0,0,0,1,1,0,0,1,2,0,0,-1,-1,-1,-1,-1,-1,-1,-1,-1,65,78,47,71,Deportivo La Coruña,Valencia CF,0.95,1.63,1.11,1.75,0.89,2.06,36,23,1.69,1.47,3.16,38,True,True,True,False,False,False,True,Spain_La_Liga,2018-01-13 19:45:00
2017-2018,19,0,1,1,11,0,11,2,1,0,0,8,5,11,3,19,8,11,12,58,42,Estadio Santiago Bernabéu,"Avenida de Concha Espina 1, Chamartín, Madrid",2,1,1.25,7.15,9.99,1.07,1.27,1.69,1.57,2.25,0.0,0.0,0.0,0.0,0.0,0.0,0.0,0.0,1,0,0,0,1,1,0,1515856500,76,0,37,0,63477,-1,1,-1,-1,-1,-1,-1,-1,0,1,2,0,1,2,1,100,49,100,96,2.47,1.22,3.69,0,0,0,0,0,0,1,1,0,0,-1,-1,0,0,-1,-1,-1,-1,-1,-1,-1,-1,-1,59,80,38,69,Real Madrid,Villarreal,2.11,1.32,1.89,1.4,1.88,1.56,42,21,2.24,1.05,3.29,38,True,False,False,False,False,False,False,Spain_La_Liga,2018-01-13 15:15:00
2017-2018,19,1,0,1,5,2,7,3,1,0,0,3,3,4,7,7,10,19,16,42,58,Coliseum Alfonso Pérez,"Avenida de Teresa de Calcuta, Getafe",3,1,1.83,3.4,5.2,1.39,2.2,4.15,2.1,1.65,0.0,1.8,0.0,1.9,0.0,0.0,0.0,0.0,1,0,0,1,0,1,0,1515787200,293,0,28,0,9288,1,1,2,1,3,1,3,4,2,0,1,1,2,2,1,77,65,99,71,1.21,1.31,2.52,0,0,0,0,0,0,1,1,0,0,1,0,1,0,-1,-1,-1,-1,-1,-1,-1,-1,-1,39,67,17,56,Getafe CF,Málaga CF,1.63,0.26,1.78,0.33,1.28,0.61,61,33,1.46,1.2,2.66,38,True,False,False,False,False,False,False,Spain_La_Liga,2018-01-12 20:00:00
2017-2018,19,3,2,5,1,1,2,2,3,0,0,10,7,4,4,14,11,12,15,74,26,Estadio Benito Villamarín,"Avenida de Heliópolis, Sevilla",2,3,2.29,3.3,3.44,1.37,2.2,4.2,1.95,1.8,0.0,2.0,0.0,1.72,0.0,0.0,0.0,0.0,5,2,1,1,1,2,3,1516046400,284,0,34,0,41837,1,1,0,1,1,0,1,1,0,0,2,3,0,5,1,55,36,84,64,1.98,1.44,3.42,1,0,1,0,0,0,1,1,0,0,0,0,0,0,-1,-1,-1,-1,-1,-1,-1,-1,-1,45,67,22,73,Real Betis,Leganés,1.79,0.63,1.56,1.11,1.33,1.41,56,34,1.69,1.22,2.91,38,True,True,True,True,True,False,True,Spain_La_Liga,2018-01-15 20:00:00
2017-2018,19,0,1,1,9,1,10,2,1,0,0,5,4,3,4,8,8,12,9,66,34,Estadio Municipal de Ipurúa,"Calle de Ipurúa, Eibar",2,1,5.12,3.55,1.81,1.47,2.4,4.7,2.15,1.61,1.72,2.0,2.0,1.72,0.0,0.0,0.0,0.0,1,0,1,0,0,0,1,1515864600,117,0,37,0,6172,1,1,6,0,3,1,6,4,2,0,0,1,2,1,1,59,27,119,77,1.29,0.99,2.28,0,0,0,0,0,0,1,1,0,0,4,0,1,0,-1,-1,-1,-1,-1,-1,-1,-1,-1,54,54,43,59,SD Eibar,Atlético Madrid,1.47,1.95,1.89,2.1,1.5,2.17,47,47,1.52,1.27,2.79,38,True,False,False,False,False,False,False,Spain_La_Liga,2018-01-13 17:30:00
2017-2018,19,2,4,6,7,3,10,2,2,0,0,7,6,4,3,11,9,15,13,49,51,Estadio Municipal de Anoeta,"Paseo de Anoeta 1, Donostia-San Sebastián",2,2,6.51,4.53,1.55,1.12,1.42,2.05,1.57,2.25,0.0,1.8,0.0,1.9,0.0,0.0,0.0,0.0,6,2,1,0,3,3,3,1515959100,83,0,56,0,23212,1,1,3,1,4,2,4,6,0,0,2,2,0,4,1,65,45,90,77,1.65,1.32,2.97,0,0,0,0,0,0,1,1,0,0,0,0,0,0,-1,-1,-1,-1,-1,-1,-1,-1,-1,61,100,39,78,Real Sociedad,FC Barcelona,1.74,2.21,1.33,2.56,1.28,2.67,39,0,1.89,1.88,3.77,38,True,True,True,True,True,True,True,Spain_La_Liga,2018-01-14 19:45:00
2017-2018,20,7,1,8,6,1,7,0,2,0,0,6,4,7,2,13,6,7,11,57,43,Estadio Santiago Bernabéu,"Avenida de Concha Espina 1, Chamartín, Madrid",0,2,1.13,9.99,9.99,1.05,1.21,1.56,1.71,2.0,0.0,0.0,0.0,0.0,0.0,0.0,0.0,0.0,8,2,1,5,0,5,3,1516489200,84,0,49,0,63468,-1,1,-1,-1,-1,-1,-1,-1,0,1,0,1,1,1,-1,0,0,0,0,0.0,0.0,0.0,0,0,0,0,0,0,1,1,0,0,-1,-1,0,0,-1,-1,-1,-1,-1,-1,-1,-1,-1,64,85,59,80,Real Madrid,Deportivo La Coruña,2.11,0.58,1.7,0.67,1.78,0.84,37,16,2.27,1.33,3.6,38,True,True,True,True,True,True,True,Spain_La_Liga,2018-01-20 23:00:00
2017-2018,20,2,2,4,6,2,8,5,1,0,0,4,6,5,1,9,7,16,11,60,40,Coliseum Alfonso Pérez,"Avenida de Teresa de Calcuta, Getafe",5,1,2.62,3.25,2.94,1.39,2.2,4.15,1.95,1.77,0.0,0.0,0.0,0.0,0.0,0.0,0.0,0.0,4,1,1,1,1,2,2,1516489200,-1,0,50,0,11103,-1,1,-1,-1,-1,-1,-1,-1,1,1,4,0,2,4,-1,0,0,0,0,0.0,0.0,0.0,2,1,1,1,1,0,1,1,0,0,-1,-1,0,0,-1,-1,-1,-1,-1,-1,-1,-1,-1,50,65,35,65,Getafe CF,Athletic Club Bilbao,1.63,0.89,1.9,1.2,1.37,1.32,50,35,1.43,1.51,2.94,38,True,True,True,True,False,False,True,Spain_La_Liga,2018-01-20 23:00:00
2017-2018,20,0,5,5,4,2,6,2,2,0,0,3,5,4,4,7,9,13,9,47,53,Estadio Benito Villamarín,"Avenida de Heliópolis, Sevilla",2,2,9.99,6.27,1.27,0.0,0.0,0.0,0.0,0.0,0.0,0.0,0.0,0.0,0.0,0.0,0.0,0.0,5,0,0,0,5,5,0,1516489200,83,0,50,0,55316,-1,1,-1,-1,-1,-1,-1,-1,0,1,2,1,1,3,-1,0,0,0,0,0.0,0.0,0.0,0,0,0,0,0,0,1,1,0,0,-1,-1,0,0,-1,-1,-1,-1,-1,-1,-1,-1,-1,60,95,30,75,Real Betis,FC Barcelona,1.79,2.21,1.7,2.6,1.42,2.68,40,5,1.73,1.8,3.53,38,True,True,True,True,True,False,False,Spain_La_Liga,2018-01-20 23:00:00
2017-2018,20,1,1,2,8,3,11,1,2,0,1,10,4,12,9,22,13,12,12,70,30,Estadio Municipal de Ipurúa,"Calle de Ipurúa, Eibar",1,3,0.0,0.0,0.0,0.0,0.0,0.0,0.0,0.0,0.0,0.0,0.0,0.0,0.0,0.0,0.0,0.0,2,0,1,1,0,1,1,1516489200,-1,0,25,0,4514,-1,1,-1,-1,-1,-1,-1,-1,0,1,1,2,1,3,-1,0,0,0,0,0.0,0.0,0.0,0,0,0,0,0,0,1,1,0,0,-1,-1,0,0,-1,-1,-1,-1,-1,-1,-1,-1,-1,40,60,30,60,SD Eibar,Málaga CF,1.47,0.26,1.7,0.3,1.42,0.58,60,40,1.5,1.21,2.71,38,True,True,False,False,False,False,True,Spain_La_Liga,2018-01-20 23:00:00
2017-2018,20,1,2,3,8,3,11,1,2,0,0,4,2,4,3,8,5,9,6,56,44,Estadio Municipal de Anoeta,"Paseo de Anoeta 1, Donostia-San Sebastián",1,2,1.83,3.92,4.43,0.0,0.0,0.0,0.0,0.0,0.0,0.0,0.0,0.0,0.0,0.0,0.0,0.0,3,1,1,0,1,1,2,1516489200,281,0,80,0,18936,-1,1,-1,-1,-1,-1,-1,-1,0,2,1,0,2,1,-1,0,0,0,0,0.0,0.0,0.0,1,1,0,1,1,0,1,1,1,0,-1,-1,0,0,-1,-1,-1,-1,-1,-1,-1,-1,-1,85,95,75,100,Real Sociedad,Celta de Vigo,1.74,0.89,1.2,1.3,1.21,1.32,15,5,1.86,1.29,3.15,38,True,True,True,False,False,False,True,Spain_La_Liga,2018-01-20 23:00:00
2017-2018,20,1,1,2,2,1,3,4,3,0,0,5,4,6,2,11,6,12,15,50,50,Estadio Wanda Metropolitano,"Rosas, Madrid",4,3,1.33,5.04,9.99,1.26,1.83,3.15,2.2,1.59,0.0,0.0,0.0,0.0,0.0,0.0,0.0,0.0,2,1,0,0,1,1,1,1516489200,-1,0,53,0,54910,-1,1,-1,-1,-1,-1,-1,-1,1,2,3,1,3,4,-1,0,0,0,0,0.0,0.0,0.0,0,0,0,0,0,0,1,1,0,0,-1,-1,0,0,-1,-1,-1,-1,-1,-1,-1,-1,-1,40,71,17,58,Atlético Madrid,Girona FC,2.21,1.26,2.25,1.33,2.21,1.37,61,30,1.61,1.53,3.14,38,True,True,False,False,False,False,True,Spain_La_Liga,2018-01-20 23:00:00
2017-2018,20,2,1,3,3,6,9,2,7,0,2,7,8,10,7,17,15,20,14,57,43,Estadio de Gran Canaria,"Avenida Pío XII 29, Las Palmas de Gran Canaria",2,9,3.72,3.74,2.02,1.14,1.49,2.25,1.5,2.4,0.0,0.0,0.0,0.0,0.0,0.0,0.0,0.0,3,1,1,1,0,1,2,1516489200,276,0,67,0,20183,-1,1,-1,-1,-1,-1,-1,-1,0,2,2,7,2,9,-1,0,0,0,0,0.0,0.0,0.0,1,0,1,0,0,0,1,1,0,1,-1,-1,0,0,-1,-1,-1,-1,-1,-1,-1,-1,-1,62,84,44,67,UD Las Palmas,Valencia CF,0.74,1.63,0.78,1.89,0.58,2.11,39,17,1.61,1.47,3.08,38,True,True,True,False,False,False,True,Spain_La_Liga,2018-01-20 23:00:00
2017-2018,20,2,1,3,6,4,10,2,2,0,0,6,5,8,5,14,10,13,13,59,41,Estadio de la Cerámica,"Plaza Labrador, Villarreal",2,2,1.39,4.87,9.41,1.26,1.83,3.1,2.0,1.69,0.0,0.0,0.0,0.0,0.0,0.0,0.0,0.0,3,1,0,1,1,2,1,1516489200,76,0,32,0,16810,-1,1,-1,-1,-1,-1,-1,-1,1,1,1,1,2,2,-1,0,0,0,0,0.0,0.0,0.0,1,1,1,1,0,0,1,1,0,0,-1,-1,0,0,-1,-1,-1,-1,-1,-1,-1,-1,-1,44,76,26,44,Villarreal,Levante UD,1.89,1.0,1.75,1.0,1.63,0.95,57,26,1.77,0.94,2.71,38,True,True,True,False,False,False,True,Spain_La_Liga,2018-01-20 23:00:00
2017-2018,20,2,2,4,4,6,10,2,3,1,0,7,5,5,3,12,8,13,13,52,48,Estadio de Mendizorroza,"Paseo de Cervantes, Vitoria-Gasteiz",3,3,2.67,3.09,3.03,1.54,2.65,5.35,2.25,1.57,0.0,0.0,0.0,0.0,0.0,0.0,0.0,0.0,4,0,0,2,2,4,0,1516489200,-1,0,25,0,15002,-1,1,-1,-1,-1,-1,-1,-1,0,1,3,2,1,5,-1,0,0,0,0,0.0,0.0,0.0,0,1,0,1,0,0,1,1,0,0,-1,-1,0,0,-1,-1,-1,-1,-1,-1,-1,-1,-1,35,60,10,60,Deportivo Alavés,Leganés,1.47,0.63,1.2,1.0,0.95,1.33,65,40,1.55,1.25,2.8,38,True,True,True,True,False,False,True,Spain_La_Liga,2018-01-20 23:00:00
2017-2018,20,0,3,3,8,2,10,4,2,0,0,0,8,5,4,5,12,17,14,54,46,RCDE Stadium,"Avenida Baix Llobregat 100, Cornella de Llobregat",4,2,2.77,3.42,2.65,1.32,2.0,3.55,1.8,1.91,0.0,0.0,0.0,0.0,0.0,0.0,0.0,0.0,3,0,2,0,1,1,2,1516489200,98,0,30,0,19110,-1,1,-1,-1,-1,-1,-1,-1,2,0,2,2,2,4,-1,0,0,0,0,0.0,0.0,0.0,0,0,0,0,0,0,1,1,0,0,-1,-1,0,0,-1,-1,-1,-1,-1,-1,-1,-1,-1,35,50,25,55,RCD Espanyol,Sevilla FC,1.58,1.05,1.7,0.9,1.26,1.53,65,50,1.4,1.36,2.76,38,True,True,True,False,False,False,False,Spain_La_Liga,2018-01-20 23:00:00
2017-2018,21,2,2,4,4,7,11,6,5,1,0,3,4,3,7,6,11,13,14,44,56,Estadio Municipal de Riazor (A Coruña (La Coruña)),"Calle Manuel Murguía, A Coruña (La Coruña)",7,5,1.9,3.37,4.73,0.0,0.0,0.0,0.0,0.0,0.0,0.0,0.0,0.0,0.0,0.0,0.0,0.0,4,2,0,0,2,2,2,1517094000,-1,0,47,0,20160,-1,1,-1,-1,-1,-1,-1,-1,3,2,4,3,5,7,-1,0,0,0,0,0.0,0.0,0.0,0,0,0,0,0,0,1,1,0,0,-1,-1,1,0,-1,-1,-1,-1,-1,-1,-1,-1,-1,57,69,37,62,Deportivo La Coruña,Levante UD,0.95,1.0,1.0,0.89,0.8,0.9,43,32,1.69,0.94,2.63,38,True,True,True,True,False,False,True,Spain_La_Liga,2018-01-27 23:00:00
2017-2018,21,1,4,5,4,4,8,2,3,0,0,5,8,7,6,12,14,18,22,47,53,Estadio de Mestalla,"Avenida de Suecia, Valencia",2,3,4.48,3.93,1.79,0.0,0.0,0.0,0.0,0.0,0.0,0.0,0.0,0.0,0.0,0.0,0.0,0.0,5,0,2,1,2,3,2,1517094000,84,0,52,0,47076,-1,1,-1,-1,-1,-1,-1,-1,0,0,2,3,0,5,-1,0,0,0,0,0.0,0.0,0.0,0,2,0,2,0,0,1,1,0,0,-1,-1,0,0,-1,-1,-1,-1,-1,-1,-1,-1,-1,68,73,35,78,Valencia CF,Real Madrid,2.21,1.89,2.3,1.88,2.0,1.84,33,28,1.66,2.0,3.66,38,True,True,True,True,True,False,True,Spain_La_Liga,2018-01-27 23:00:00
2017-2018,21,3,2,5,7,2,9,1,5,0,0,3,0,4,6,7,6,12,8,44,56,Estadio de Balaídos (Vigo),"Avenida de Balaídos, Vigo",1,5,0.0,0.0,0.0,0.0,0.0,0.0,0.0,0.0,0.0,0.0,0.0,0.0,0.0,0.0,0.0,0.0,5,1,0,2,2,4,1,1517094000,281,0,45,0,14888,-1,1,-1,-1,-1,-1,-1,-1,0,2,1,3,2,4,-1,0,0,0,0,0.0,0.0,0.0,0,1,0,1,0,0,1,1,0,0,-1,-1,0,0,-1,-1,-1,-1,-1,-1,-1,-1,-1,44,62,50,89,Celta de Vigo,Real Betis,1.68,1.37,1.33,1.11,1.4,1.35,56,39,1.69,1.08,2.77,38,True,True,True,True,True,False,True,Spain_La_Liga,2018-01-27 23:00:00
2017-2018,21,1,1,2,3,7,10,0,0,0,0,3,3,5,7,8,10,15,14,43,57,San Mamés Barria,"Rafael Moreno Pitxitxi Kalea, Bilbao",0,0,1.81,3.49,5.12,0.0,0.0,0.0,0.0,0.0,0.0,0.0,0.0,0.0,0.0,0.0,0.0,0.0,2,0,0,1,1,2,0,1517094000,-1,0,33,0,39440,-1,-1,-1,-1,-1,-1,-1,-1,0,0,0,0,0,0,-1,0,0,0,0,0.0,0.0,0.0,0,0,0,0,0,0,1,1,0,0,-1,-1,-1,-1,-1,-1,-1,-1,-1,-1,-1,-1,-1,45,67,17,62,Athletic Club Bilbao,SD Eibar,1.37,1.21,1.44,1.11,1.3,1.4,56,33,1.32,1.38,2.7,38,True,True,False,False,False,False,True,Spain_La_Liga,2018-01-27 23:00:00
2017-2018,21,1,1,2,3,4,7,3,3,0,0,4,3,9,3,13,6,12,15,66,34,Estadio Ramón Sánchez Pizjuán,"Avenida de Eduardo Dato, Sevilla",3,3,1.63,4.28,5.39,0.0,0.0,0.0,0.0,0.0,0.0,0.0,0.0,0.0,0.0,0.0,0.0,0.0,2,0,0,1,1,2,0,1517094000,-1,0,50,0,34115,-1,1,-1,-1,-1,-1,-1,-1,0,0,3,3,0,6,-1,0,0,0,0,0.0,0.0,0.0,0,0,0,0,0,0,1,1,0,0,-1,-1,0,0,-1,-1,-1,-1,-1,-1,-1,-1,-1,39,73,22,56,Sevilla FC,Getafe CF,2.0,1.26,2.22,0.78,1.6,1.35,62,28,1.69,1.15,2.84,38,True,True,False,False,False,False,True,Spain_La_Liga,2018-01-27 23:00:00
2017-2018,21,0,0,0,5,4,9,1,1,1,0,2,3,6,7,8,10,16,7,44,56,Estadio La Rosaleda,"Avenida de la Palmilla / Paseo de Martiricos, Málaga",2,1,2.62,3.09,3.03,0.0,0.0,0.0,0.0,0.0,0.0,0.0,0.0,0.0,0.0,0.0,0.0,0.0,0,0,0,0,0,0,0,1517094000,-1,0,57,0,22260,-1,1,-1,-1,-1,-1,-1,-1,0,1,2,0,1,2,-1,0,0,0,0,0.0,0.0,0.0,0,0,0,0,0,0,1,1,0,0,-1,-1,0,0,-1,-1,-1,-1,-1,-1,-1,-1,-1,52,74,26,74,Málaga CF,Girona FC,0.79,1.26,0.89,1.3,0.6,1.35,48,27,1.67,1.53,3.2,38,False,False,False,False,False,False,False,Spain_La_Liga,2018-01-27 23:00:00
2017-2018,21,2,1,3,8,1,9,0,2,0,0,10,4,5,2,15,6,6,19,74,26,Camp Nou,"Carrer d'Arístides Maillol, Barcelona",0,2,1.08,9.99,9.99,0.0,0.0,0.0,0.0,0.0,0.0,0.0,0.0,0.0,0.0,0.0,0.0,0.0,3,0,1,2,0,2,1,1517094000,83,0,28,0,62369,-1,1,-1,-1,-1,-1,-1,-1,0,2,0,0,2,0,-1,0,0,0,0,0.0,0.0,0.0,0,0,0,0,0,0,1,1,0,0,-1,-1,0,0,-1,-1,-1,-1,-1,-1,-1,-1,-1,50,78,39,84,FC Barcelona,Deportivo Alavés,2.68,1.0,2.78,0.67,2.7,0.95,50,22,2.11,0.96,3.07,38,True,True,True,False,False,False,True,Spain_La_Liga,2018-01-27 23:00:00
2017-2018,21,3,0,3,4,1,5,1,2,0,0,7,4,7,4,14,8,16,10,47,53,Estadio Wanda Metropolitano,"Rosas, Madrid",1,2,1.15,8.22,9.99,0.0,0.0,0.0,0.0,0.0,0.0,0.0,0.0,0.0,0.0,0.0,0.0,0.0,3,0,0,3,0,3,0,1517094000,117,0,32,0,55241,-1,1,-1,-1,-1,-1,-1,-1,0,0,1,2,0,3,-1,0,0,0,0,0.0,0.0,0.0,0,0,0,0,0,0,1,1,0,0,-1,-1,0,0,-1,-1,-1,-1,-1,-1,-1,-1,-1,36,74,10,57,Atlético Madrid,UD Las Palmas,2.21,0.42,2.11,0.4,2.15,0.7,65,27,1.61,1.29,2.9,38,True,True,True,False,False,False,False,Spain_La_Liga,2018-01-27 23:00:00
2017-2018,21,3,2,5,1,7,8,2,4,0,0,8,4,4,10,12,14,20,18,48,52,Estadio Municipal de Butarque,"Calle Arquitectura, Leganés",2,4,2.51,2.84,3.51,0.0,0.0,0.0,0.0,0.0,0.0,0.0,0.0,0.0,0.0,0.0,0.0,0.0,5,1,0,2,2,4,1,1517094000,278,0,35,0,9467,-1,1,-1,-1,-1,-1,-1,-1,0,1,2,3,1,5,-1,0,0,0,0,0.0,0.0,0.0,0,0,0,0,0,0,1,1,0,0,-1,-1,0,0,-1,-1,-1,-1,-1,-1,-1,-1,-1,36,53,22,64,Leganés,RCD Espanyol,1.63,1.0,1.75,0.78,1.32,1.2,65,48,1.38,1.06,2.44,38,True,True,True,True,True,False,True,Spain_La_Liga,2018-01-27 23:00:00
2017-2018,21,4,2,6,2,9,11,1,1,0,0,8,7,3,7,11,14,16,7,38,62,Estadio de la Cerámica,"Plaza Labrador, Villarreal",1,1,2.12,3.62,3.47,0.0,0.0,0.0,0.0,0.0,0.0,0.0,0.0,0.0,0.0,0.0,0.0,0.0,6,4,1,0,1,1,5,1517094000,76,0,50,0,14918,-1,1,-1,-1,-1,-1,-1,-1,0,0,1,1,0,2,-1,0,0,0,0,0.0,0.0,0.0,0,0,0,0,0,0,1,1,1,0,-1,-1,0,0,-1,-1,-1,-1,-1,-1,-1,-1,-1,56,84,17,62,Villarreal,Real Sociedad,1.89,0.84,1.89,1.22,1.7,1.15,44,17,1.77,1.42,3.19,38,True,True,True,True,True,True,True,Spain_La_Liga,2018-01-27 23:00:00
2017-2018,22,2,1,3,2,1,3,3,2,0,0,4,5,2,8,6,13,13,11,26,74,Estadio de Mendizorroza,"Paseo de Cervantes, Vitoria-Gasteiz",3,2,2.77,3.34,2.67,1.38,2.18,3.55,1.8,1.95,1.8,2.1,1.9,1.66,0.0,0.0,0.0,0.0,3,2,0,0,1,1,2,1517679000,277,0,59,0,14496,1,1,2,1,0,0,3,0,0,1,3,1,1,4,1,38,62,63,83,0.94,1.61,2.55,0,0,0,0,0,0,1,1,1,0,0,1,0,0,-1,-1,-1,-1,-1,-1,-1,-1,-1,68,82,41,78,Deportivo Alavés,Celta de Vigo,1.47,0.89,1.18,1.45,0.9,1.48,32,18,1.55,1.29,2.84,38,True,True,True,False,False,False,True,Spain_La_Liga,2018-02-03 17:30:00
2017-2018,22,1,1,2,0,7,7,5,3,0,0,3,3,2,5,5,8,15,12,26,74,RCDE Stadium,"Avenida Baix Llobregat 100, Cornella de Llobregat",5,3,9.99,6.0,1.28,1.19,1.65,2.6,2.0,1.71,0.0,2.0,0.0,1.72,0.0,0.0,0.0,0.0,2,0,0,1,1,2,0,1517757300,-1,0,32,0,23329,-1,1,-1,-1,-1,-1,-1,-1,1,1,4,2,2,6,1,44,77,81,114,0.85,1.28,2.13,0,0,0,0,0,0,1,1,0,0,-1,-1,0,0,-1,-1,-1,-1,-1,-1,-1,-1,-1,41,73,23,55,RCD Espanyol,FC Barcelona,1.58,2.21,1.55,2.64,1.14,2.71,59,28,1.4,1.8,3.2,38,True,True,False,False,False,False,True,Spain_La_Liga,2018-02-04 15:15:00
2017-2018,22,1,0,1,9,1,10,1,1,0,0,5,0,7,7,12,7,18,4,49,51,Estadio Wanda Metropolitano,"Rosas, Madrid",1,1,1.66,3.94,5.6,1.25,1.8,3.0,1.87,1.8,0.0,0.0,0.0,0.0,0.0,0.0,0.0,0.0,1,0,0,1,0,1,0,1517773500,117,0,60,0,49353,1,1,5,1,4,0,6,4,0,0,1,1,0,2,1,91,62,121,119,1.77,0.9,2.67,0,0,0,0,0,0,1,1,0,0,2,0,0,0,-1,-1,-1,-1,-1,-1,-1,-1,-1,45,80,25,55,Atlético Madrid,Valencia CF,2.21,1.63,2.2,1.7,2.19,1.9,55,20,1.61,1.47,3.08,38,True,False,False,False,False,False,False,Spain_La_Liga,2018-02-04 19:45:00
2017-2018,22,0,0,0,5,2,7,2,6,0,0,2,2,8,1,10,3,17,20,50,50,Coliseum Alfonso Pérez,"Avenida de Teresa de Calcuta, Getafe",2,6,2.06,3.15,4.3,1.5,2.56,5.6,2.21,1.67,0.0,2.0,0.0,1.72,0.0,0.0,0.0,0.0,0,0,0,0,0,0,0,1517742000,-1,0,36,0,10657,1,1,2,0,3,2,2,5,0,2,2,4,2,6,1,77,67,85,82,1.32,0.82,2.14,0,0,0,0,0,0,1,1,0,0,1,0,0,0,-1,-1,-1,-1,-1,-1,-1,-1,-1,46,60,18,55,Getafe CF,Leganés,1.63,0.63,1.82,1.0,1.33,1.4,55,41,1.43,1.25,2.68,38,False,False,False,False,False,False,False,Spain_La_Liga,2018-02-04 11:00:00
2017-2018,22,2,0,2,2,4,6,1,1,0,0,4,0,4,9,8,9,13,14,39,61,Estadi Municipal de Montilivi,"Avenida Montlivi 141, Girona",1,1,2.74,3.34,2.7,1.33,2.05,3.7,1.83,1.87,0.0,1.83,0.0,1.83,0.0,0.0,0.0,0.0,2,1,0,1,0,1,1,1517765400,312,0,57,0,9362,1,1,2,2,0,2,4,2,0,0,1,1,0,2,1,61,82,94,106,1.23,1.16,2.4,1,0,1,0,0,0,1,1,1,0,2,0,0,0,-1,-1,-1,-1,-1,-1,-1,-1,-1,58,72,38,81,Girona FC,Athletic Club Bilbao,1.42,0.89,1.4,1.18,1.33,1.29,43,29,1.57,1.51,3.08,38,True,True,False,False,False,False,False,Spain_La_Liga,2018-02-04 17:30:00
2017-2018,22,2,1,3,2,6,8,1,2,0,1,5,4,4,6,9,10,11,12,54,46,Estadio Benito Villamarín,"Avenida de Heliópolis, Sevilla",1,4,2.6,3.46,2.77,1.2,1.96,2.45,3.4,1.29,0.0,1.8,0.0,1.9,0.0,0.0,0.0,0.0,3,1,0,1,1,2,1,1517670900,284,0,46,0,49066,1,1,1,3,1,3,4,4,0,3,1,0,3,1,1,68,62,113,95,1.42,1.36,2.78,0,1,0,1,0,0,1,1,0,0,1,1,0,0,-1,-1,-1,-1,-1,-1,-1,-1,-1,59,78,32,69,Real Betis,Villarreal,1.79,1.32,1.55,1.55,1.29,1.76,41,23,1.73,1.07,2.8,38,True,True,True,False,False,False,True,Spain_La_Liga,2018-02-03 15:15:00
2017-2018,22,5,1,6,5,3,8,0,3,0,0,8,5,6,5,14,10,11,20,44,56,Estadio Municipal de Ipurúa,"Calle de Ipurúa, Eibar",0,3,2.7,3.37,2.72,1.28,1.85,3.1,1.75,2.0,0.0,1.83,0.0,1.83,0.0,0.0,0.0,0.0,6,3,1,2,0,2,4,1517659200,279,0,36,0,5274,1,1,2,1,3,2,3,5,0,1,0,2,1,2,1,65,38,117,102,1.92,1.27,3.18,0,1,0,1,0,0,1,1,1,0,1,0,0,0,-1,-1,-1,-1,-1,-1,-1,-1,-1,55,64,36,69,SD Eibar,Sevilla FC,1.47,1.05,1.64,1.09,1.38,1.57,45,36,1.5,1.36,2.86,38,True,True,True,True,True,True,True,Spain_La_Liga,2018-02-03 12:00:00
2017-2018,22,5,0,5,9,5,14,0,1,0,0,9,2,8,2,17,4,11,11,63,37,Estadio Municipal de Anoeta,"Paseo de Anoeta 1, Donostia-San Sebastián",0,1,1.62,4.49,5.16,1.13,1.8,2.1,4.2,1.2,0.0,0.0,0.0,0.0,0.0,0.0,0.0,0.0,5,1,0,4,0,4,1,1517601600,290,0,76,0,15562,1,1,6,2,3,3,8,6,0,1,0,0,1,0,1,57,43,69,63,2.1,0.71,2.81,0,0,0,0,0,0,1,1,0,0,3,0,0,0,-1,-1,-1,-1,-1,-1,-1,-1,-1,76,95,76,95,Real Sociedad,Deportivo La Coruña,1.74,0.58,1.09,0.6,1.1,0.81,24,5,1.86,1.33,3.19,38,True,True,True,True,True,False,False,Spain_La_Liga,2018-02-02 20:00:00
2017-2018,22,2,2,4,4,6,10,3,3,0,0,5,10,3,6,8,16,14,7,28,72,Estadio Ciudad de Valencia,"Calle San Vicente de Paúl 44, Valencia",3,3,9.99,7.9,1.17,1.08,1.3,2.18,2.4,1.53,0.0,0.0,0.0,0.0,0.0,0.0,0.0,0.0,4,1,1,1,1,2,2,1517687100,-1,0,56,0,23542,1,1,2,1,2,5,3,7,2,1,1,2,3,3,1,36,75,74,112,1.12,2.25,3.37,0,0,0,0,0,0,1,1,0,0,0,0,0,0,-1,-1,-1,-1,-1,-1,-1,-1,-1,62,76,42,71,Levante UD,Real Madrid,1.42,1.89,0.91,2.0,0.9,1.9,39,25,1.45,2.0,3.45,38,True,True,True,True,False,False,True,Spain_La_Liga,2018-02-03 19:45:00
2017-2018,22,1,0,1,4,2,6,2,3,0,0,5,4,6,3,11,7,11,17,65,35,Estadio de Gran Canaria,"Avenida Pío XII 29, Las Palmas de Gran Canaria",2,3,2.24,3.5,3.3,1.29,1.91,3.3,1.77,1.95,0.0,1.9,0.0,1.8,0.0,0.0,0.0,0.0,1,0,0,1,0,1,0,1517860800,276,0,39,0,17331,1,1,3,1,1,1,4,2,1,2,1,1,3,2,1,86,64,138,114,1.68,1.2,2.87,0,0,0,0,0,0,1,1,0,0,1,0,0,0,-1,-1,-1,-1,-1,-1,-1,-1,-1,39,72,30,63,UD Las Palmas,Málaga CF,0.74,0.26,1.0,0.36,0.67,0.62,61,28,1.61,1.21,2.82,38,True,False,False,False,False,False,False,Spain_La_Liga,2018-02-05 20:00:00
2017-2018,23,0,1,1,1,10,11,3,2,1,0,0,7,3,11,3,18,14,6,43,57,Estadio Municipal de Butarque,"Calle Arquitectura, Leganés",4,2,2.58,2.97,3.21,1.5,2.5,5.0,2.05,1.69,0.0,2.1,0.0,1.66,0.0,0.0,0.0,0.0,1,0,0,0,1,1,0,1518283800,279,0,42,0,8694,1,1,1,5,0,5,6,5,0,0,4,2,0,6,1,42,64,101,129,0.51,2.09,2.6,0,0,0,0,0,0,1,1,0,0,1,1,0,0,-1,-1,-1,-1,-1,-1,-1,-1,-1,57,62,15,52,Leganés,SD Eibar,1.63,1.21,1.89,1.1,1.38,1.45,43,38,1.38,1.38,2.76,38,True,False,False,False,False,False,False,Spain_La_Liga,2018-02-10 17:30:00
2017-2018,23,1,2,3,13,2,15,4,4,0,0,7,5,15,1,22,6,16,15,70,30,Estadio de la Cerámica,"Plaza Labrador, Villarreal",4,4,1.57,4.1,6.51,1.32,2.0,3.55,1.95,1.74,0.0,0.0,0.0,0.0,0.0,0.0,0.0,0.0,3,0,1,1,1,2,1,1518264000,277,0,40,0,15161,1,1,3,2,10,0,5,10,1,1,3,3,2,6,1,119,44,116,74,2.72,1.05,3.77,0,0,0,0,0,0,1,1,0,0,0,0,0,0,-1,-1,-1,-1,-1,-1,-1,-1,-1,45,75,15,70,Villarreal,Deportivo Alavés,1.89,1.0,2.0,0.6,1.68,1.0,55,25,1.77,0.96,2.73,38,True,True,True,False,False,False,True,Spain_La_Liga,2018-02-10 12:00:00
2017-2018,23,0,1,1,8,1,9,2,0,0,0,3,5,7,2,10,7,19,7,38,62,Estadio Municipal de Riazor (A Coruña (La Coruña)),"Calle Manuel Murguía, A Coruña (La Coruña)",2,0,2.36,3.69,2.93,1.17,1.56,2.4,1.51,2.4,0.0,0.0,0.0,0.0,0.0,0.0,0.0,0.0,1,0,0,0,1,1,0,1518465600,284,0,52,0,20611,1,1,5,0,3,1,5,4,1,0,1,0,1,1,1,66,54,76,78,1.31,1.19,2.5,0,0,0,0,0,0,1,1,0,0,1,0,0,0,-1,-1,-1,-1,-1,-1,-1,-1,-1,62,72,48,81,Deportivo La Coruña,Real Betis,0.95,1.37,1.0,1.0,0.77,1.36,39,29,1.69,1.08,2.77,38,True,False,False,False,False,False,False,Spain_La_Liga,2018-02-12 20:00:00
2017-2018,23,3,1,4,7,9,16,3,4,0,0,9,2,8,1,17,3,10,19,59,41,Estadio de Mestalla,"Avenida de Suecia, Valencia",3,4,1.43,4.83,7.79,1.17,1.57,2.45,1.67,2.05,0.0,0.0,0.0,0.0,0.0,0.0,0.0,0.0,4,1,1,2,0,2,2,1518378300,288,0,43,0,38280,1,1,6,4,1,5,10,6,0,1,3,3,1,6,1,66,42,80,71,2.17,0.64,2.81,1,0,1,0,0,0,1,1,0,0,0,1,0,0,-1,-1,-1,-1,-1,-1,-1,-1,-1,57,72,34,66,Valencia CF,Levante UD,2.21,1.0,2.09,0.9,1.82,0.91,43,29,1.66,0.94,2.6,38,True,True,True,True,False,False,True,Spain_La_Liga,2018-02-11 19:45:00
2017-2018,23,5,2,7,5,3,8,2,1,0,0,10,4,6,5,16,9,11,10,52,48,Estadio Santiago Bernabéu,"Avenida de Concha Espina 1, Chamartín, Madrid",2,1,1.2,8.39,9.99,1.05,1.21,1.57,1.44,2.55,0.0,0.0,0.0,0.0,0.0,0.0,0.0,0.0,7,4,0,1,2,3,4,1518291900,84,0,48,0,63800,1,1,5,0,0,3,5,3,0,0,2,1,0,3,1,53,41,70,62,2.08,1.14,3.23,0,0,0,0,0,0,1,1,1,0,2,0,0,0,-1,-1,-1,-1,-1,-1,-1,-1,-1,62,81,43,72,Real Madrid,Real Sociedad,2.11,0.84,1.82,1.1,1.86,1.18,38,19,2.27,1.42,3.69,38,True,True,True,True,True,True,True,Spain_La_Liga,2018-02-10 19:45:00
2017-2018,23,2,2,4,9,1,10,3,4,0,0,8,3,5,0,13,3,9,16,71,29,Estadio de Balaídos (Vigo),"Avenida de Balaídos, Vigo",3,4,1.78,3.72,4.89,1.31,1.95,3.45,1.87,1.83,1.72,2.1,2.0,1.66,0.0,0.0,0.0,0.0,4,1,1,1,1,2,2,1518370200,-1,0,55,0,15750,1,1,5,1,4,0,6,4,0,1,3,3,1,6,1,92,30,105,70,2.04,0.63,2.67,0,0,0,0,0,0,1,1,0,1,2,0,0,0,-1,-1,-1,-1,-1,-1,-1,-1,-1,45,65,40,95,Celta de Vigo,RCD Espanyol,1.68,1.0,1.5,0.7,1.41,1.14,55,35,1.69,1.06,2.75,38,True,True,True,True,False,False,True,Spain_La_Liga,2018-02-11 17:30:00
2017-2018,23,0,0,0,5,2,7,4,4,0,0,6,3,5,5,11,8,20,29,53,47,San Mamés Barria,"Rafael Moreno Pitxitxi Kalea, Bilbao",4,4,1.46,4.72,7.24,1.2,1.67,2.7,1.83,1.83,0.0,1.72,0.0,2.0,0.0,0.0,0.0,0.0,0,0,0,0,0,0,0,1518206400,-1,0,24,0,33839,1,1,3,0,2,2,3,4,1,2,3,2,3,5,1,76,33,123,92,1.67,0.96,2.64,0,0,0,0,0,0,1,1,0,0,0,0,0,0,-1,-1,-1,-1,-1,-1,-1,-1,-1,37,71,9,57,Athletic Club Bilbao,UD Las Palmas,1.37,0.42,1.4,0.36,1.23,0.77,63,29,1.32,1.29,2.61,38,False,False,False,False,False,False,False,Spain_La_Liga,2018-02-09 20:00:00
2017-2018,23,1,0,1,7,2,9,2,2,0,0,5,7,6,4,11,11,13,19,54,46,Estadio Ramón Sánchez Pizjuán,"Avenida de Eduardo Dato, Sevilla",2,2,1.54,4.36,6.4,1.21,1.69,2.75,1.69,2.0,0.0,0.0,0.0,0.0,0.0,0.0,0.0,0.0,1,0,0,1,0,1,0,1518346800,98,0,57,0,33303,1,1,2,1,5,1,3,6,2,2,0,0,4,0,1,74,72,123,113,1.59,1.71,3.3,0,1,0,0,0,1,1,1,0,0,2,0,0,0,-1,-1,-1,-1,-1,-1,-1,-1,-1,48,77,29,62,Sevilla FC,Girona FC,2.0,1.26,2.1,1.27,1.5,1.41,53,24,1.69,1.53,3.22,38,True,False,False,False,False,False,False,Spain_La_Liga,2018-02-11 11:00:00
2017-2018,23,0,1,1,3,3,6,3,2,0,0,4,2,8,3,12,5,22,19,47,53,Estadio La Rosaleda,"Avenida de la Palmilla / Paseo de Martiricos, Málaga",3,2,7.55,3.94,1.54,1.49,2.5,4.9,2.5,1.47,1.83,0.0,1.83,0.0,0.0,0.0,0.0,0.0,1,0,1,0,0,0,1,1518275700,117,0,34,0,25651,1,1,1,3,2,0,4,2,1,1,2,1,2,3,1,73,40,117,97,1.57,0.76,2.33,0,0,0,0,0,0,1,1,0,1,1,1,0,0,-1,-1,-1,-1,-1,-1,-1,-1,-1,38,48,24,58,Málaga CF,Atlético Madrid,0.79,1.95,0.9,2.18,0.59,2.23,62,52,1.67,1.24,2.91,38,True,False,False,False,False,False,False,Spain_La_Liga,2018-02-10 15:15:00
2017-2018,23,0,0,0,9,3,12,2,3,0,0,7,2,3,6,10,8,7,13,79,21,Camp Nou,"Carrer d'Arístides Maillol, Barcelona",2,3,1.11,9.99,9.99,1.08,1.29,1.77,2.2,1.59,0.0,1.72,0.0,2.0,0.0,0.0,0.0,0.0,0,0,0,0,0,0,0,1518362100,-1,0,50,0,74079,1,1,2,1,7,2,3,9,0,1,2,2,1,4,1,101,34,120,63,1.85,0.89,2.75,0,0,0,0,0,0,1,1,0,0,0,0,0,0,-1,-1,-1,-1,-1,-1,-1,-1,-1,55,85,35,70,FC Barcelona,Getafe CF,2.68,1.26,2.8,0.8,2.64,1.32,45,15,2.11,1.15,3.26,38,False,False,False,False,False,False,False,Spain_La_Liga,2018-02-11 15:15:00
2017-2018,24,3,0,3,5,5,10,4,3,0,0,6,2,2,2,8,4,21,16,31,69,Coliseum Alfonso Pérez,"Avenida de Teresa de Calcuta, Getafe",4,3,2.49,3.31,3.02,1.33,2.05,3.7,1.83,1.87,0.0,2.0,0.0,1.72,0.0,0.0,0.0,0.0,3,1,0,2,0,2,1,1519070400,293,0,63,0,7929,1,1,3,3,2,2,6,4,2,0,2,3,2,5,1,48,55,79,83,1.28,0.8,2.07,0,0,0,0,0,0,1,1,0,0,0,1,1,0,-1,-1,-1,-1,-1,-1,-1,-1,-1,71,75,50,75,Getafe CF,Celta de Vigo,1.63,0.89,1.75,1.33,1.3,1.39,29,25,1.42,1.32,2.74,38,True,True,True,False,False,False,False,Spain_La_Liga,2018-02-19 20:00:00
2017-2018,24,3,0,3,4,4,8,3,5,0,0,6,6,5,4,11,10,12,10,52,48,Estadi Municipal de Montilivi,"Avenida Montlivi 141, Girona",3,5,1.98,3.2,4.6,1.48,2.45,4.8,2.2,1.59,1.72,2.0,2.0,1.72,0.0,0.0,0.0,0.0,3,2,0,1,0,1,2,1518811200,312,0,35,0,8923,1,1,2,2,2,2,4,4,1,1,2,4,2,6,1,36,46,95,98,1.38,1.39,2.77,1,0,1,0,0,0,1,1,0,0,0,0,0,0,-1,-1,-1,-1,-1,-1,-1,-1,-1,44,62,13,66,Girona FC,Leganés,1.42,0.63,1.55,1.0,1.35,1.32,56,39,1.53,1.2,2.73,38,True,True,True,False,False,False,False,Spain_La_Liga,2018-02-16 20:00:00
2017-2018,24,3,5,8,7,5,12,3,5,0,0,6,10,9,2,15,12,7,15,57,43,Estadio Benito Villamarín,"Avenida de Heliópolis, Sevilla",3,5,8.28,6.26,1.33,1.04,1.2,1.53,1.41,2.7,0.0,0.0,0.0,0.0,0.0,0.0,0.0,0.0,8,2,1,1,4,5,3,1518983100,84,0,64,0,53533,1,1,6,4,1,1,10,2,1,1,2,4,2,6,1,78,82,128,102,1.93,2.05,3.98,0,0,0,0,0,0,1,1,0,0,0,1,0,1,-1,-1,-1,-1,-1,-1,-1,-1,-1,78,86,51,82,Real Betis,Real Madrid,1.79,1.89,1.67,1.9,1.43,1.91,23,14,1.69,2.04,3.73,38,True,True,True,True,True,True,True,Spain_La_Liga,2018-02-18 19:45:00
2017-2018,24,0,2,2,6,0,6,2,1,1,0,4,7,8,3,12,10,13,6,46,54,Estadio Municipal de Ipurúa,"Calle de Ipurúa, Eibar",3,1,7.58,5.15,1.41,1.18,1.59,2.5,1.77,1.95,0.0,1.83,0.0,1.83,0.0,0.0,0.0,0.0,2,0,1,0,1,1,1,1518880500,83,0,46,0,6725,-1,1,-1,-1,-1,-1,-1,-1,0,0,3,1,0,4,1,81,43,163,132,1.64,1.45,3.09,0,0,0,0,0,0,1,1,0,0,-1,-1,0,0,-1,-1,-1,-1,-1,-1,-1,-1,-1,54,84,29,63,SD Eibar,FC Barcelona,1.47,2.21,1.75,2.5,1.52,2.57,46,17,1.54,1.74,3.28,38,True,True,False,False,False,False,False,Spain_La_Liga,2018-02-17 15:15:00
2017-2018,24,1,2,3,7,2,9,2,4,1,0,4,4,6,5,10,9,19,18,33,67,Estadio La Rosaleda,"Avenida de la Palmilla / Paseo de Martiricos, Málaga",4,4,3.7,3.56,2.06,1.33,2.05,3.65,1.87,1.83,0.0,1.8,0.0,1.9,0.0,0.0,0.0,0.0,3,1,0,0,2,2,1,1518896700,288,0,55,0,21276,1,1,4,1,3,1,5,4,0,1,3,3,1,6,1,54,47,75,84,1.3,1.19,2.49,0,1,0,1,0,0,1,1,0,0,1,0,0,0,-1,-1,-1,-1,-1,-1,-1,-1,-1,50,69,32,64,Málaga CF,Valencia CF,0.79,1.63,0.82,1.55,0.57,1.87,50,32,1.66,1.39,3.05,38,True,True,True,False,False,False,True,Spain_La_Liga,2018-02-17 19:45:00
2017-2018,24,3,0,3,2,4,6,0,2,0,0,4,2,5,4,9,6,12,13,68,32,Estadio Municipal de Anoeta,"Paseo de Anoeta 1, Donostia-San Sebastián",0,2,1.44,4.94,7.29,1.18,1.61,2.5,1.67,2.05,0.0,0.0,0.0,0.0,0.0,0.0,0.0,0.0,3,2,0,1,0,1,2,1518951600,290,0,60,0,18173,1,1,1,1,1,3,2,4,0,1,0,1,1,1,1,66,64,113,93,1.33,0.99,2.32,1,0,1,0,0,0,1,1,1,0,1,0,0,1,-1,-1,-1,-1,-1,-1,-1,-1,-1,69,87,60,78,Real Sociedad,Levante UD,1.74,1.0,1.25,0.82,1.13,0.87,31,14,1.89,0.89,2.78,38,True,True,True,False,False,False,False,Spain_La_Liga,2018-02-18 11:00:00
2017-2018,24,1,2,3,7,5,12,2,3,0,0,4,7,2,4,6,11,15,18,55,45,Estadio de Gran Canaria,"Avenida Pío XII 29, Las Palmas de Gran Canaria",2,3,3.87,3.97,1.9,1.18,1.59,2.45,1.54,2.3,1.66,2.0,2.1,1.72,0.0,0.0,0.0,0.0,3,0,1,1,1,2,1,1518868800,98,0,44,0,19120,1,1,2,3,5,2,5,7,1,1,1,2,2,3,1,74,44,98,72,1.2,1.5,2.7,1,0,1,0,0,0,1,1,0,0,2,1,0,0,-1,-1,-1,-1,-1,-1,-1,-1,-1,57,70,39,66,UD Las Palmas,Sevilla FC,0.74,1.05,1.18,1.0,0.78,1.57,44,30,1.62,1.35,2.97,38,True,True,True,False,False,False,True,Spain_La_Liga,2018-02-17 12:00:00
2017-2018,24,1,0,1,9,3,12,2,3,0,0,4,0,7,4,11,4,17,14,48,52,Estadio de Mendizorroza,"Paseo de Cervantes, Vitoria-Gasteiz",2,3,1.9,3.48,4.52,1.32,2.0,3.55,1.87,1.8,0.0,1.72,0.0,2.0,0.0,0.0,0.0,0.0,1,0,0,1,0,1,0,1518888600,277,0,53,0,15820,1,1,4,1,5,2,5,7,0,1,2,2,1,4,1,76,53,119,130,1.53,0.66,2.19,0,0,0,0,0,0,1,1,0,0,1,0,0,0,-1,-1,-1,-1,-1,-1,-1,-1,-1,62,83,41,75,Deportivo Alavés,Deportivo La Coruña,1.47,0.58,1.33,0.55,1.09,0.74,39,17,1.43,1.26,2.69,38,True,False,False,False,False,False,False,Spain_La_Liga,2018-02-17 17:30:00
2017-2018,24,1,1,2,2,5,7,1,7,0,0,4,4,10,3,14,7,7,19,51,49,RCDE Stadium,"Avenida Baix Llobregat 100, Cornella de Llobregat",1,7,2.67,3.14,2.92,1.34,2.05,3.7,1.91,1.8,0.0,1.72,0.0,2.0,0.0,0.0,0.0,0.0,2,0,1,1,0,1,1,1518975000,-1,0,38,0,19308,1,1,0,1,2,4,1,6,1,2,0,5,3,5,1,53,31,97,104,1.55,0.96,2.51,0,0,0,0,0,0,1,1,0,0,0,0,0,1,-1,-1,-1,-1,-1,-1,-1,-1,-1,38,59,25,54,RCD Espanyol,Villarreal,1.58,1.32,1.5,1.42,1.13,1.61,63,42,1.33,1.1,2.43,38,True,True,False,False,False,False,True,Spain_La_Liga,2018-02-18 17:30:00
2017-2018,24,2,0,2,5,2,7,3,2,0,0,5,0,6,4,11,4,6,12,57,43,Estadio Wanda Metropolitano,"Rosas, Madrid",3,2,1.5,4.07,8.21,1.36,2.1,3.85,2.35,1.51,0.0,2.1,0.0,1.66,0.0,0.0,0.0,0.0,2,0,0,2,0,2,0,1518966900,117,0,47,0,59699,1,1,2,1,3,1,3,4,2,1,1,1,3,2,1,61,20,127,84,1.5,0.41,1.91,0,0,0,0,0,0,1,1,0,0,0,0,0,0,-1,-1,-1,-1,-1,-1,-1,-1,-1,34,70,25,60,Atlético Madrid,Athletic Club Bilbao,2.21,0.89,2.27,1.08,2.26,1.22,66,31,1.64,1.47,3.11,38,True,True,False,False,False,False,False,Spain_La_Liga,2018-02-18 15:15:00
2017-2018,25,2,1,3,6,4,10,3,3,0,1,7,5,3,4,10,9,12,18,59,41,San Mamés Barria,"Rafael Moreno Pitxitxi Kalea, Bilbao",3,4,1.56,3.92,7.22,1.13,1.47,2.2,1.69,2.15,0.0,2.0,0.0,1.72,0.0,0.0,0.0,0.0,3,2,1,0,0,0,3,1519571700,285,0,22,0,37734,1,1,4,1,2,3,5,5,1,1,2,3,2,5,1,55,39,108,80,1.53,1.21,2.73,0,1,0,0,0,1,1,1,0,0,1,0,0,0,-1,-1,-1,-1,-1,-1,-1,-1,-1,13,57,4,48,Athletic Club Bilbao,Málaga CF,1.37,0.26,1.36,0.33,1.17,0.54,87,44,1.37,1.21,2.58,38,True,True,True,False,False,False,True,Spain_La_Liga,2018-02-25 15:15:00
2017-2018,25,2,5,7,5,4,9,3,3,0,0,6,9,5,3,11,12,10,24,59,41,Estadio Ramón Sánchez Pizjuán,"Avenida de Eduardo Dato, Sevilla",3,3,3.07,3.17,2.54,1.37,2.15,3.95,1.91,1.8,0.0,2.1,0.0,1.66,0.0,0.0,0.0,0.0,7,0,2,2,3,5,2,1519587900,117,0,35,0,37916,1,1,1,2,4,2,3,6,1,1,2,2,2,4,1,86,63,106,84,1.74,1.84,3.58,0,1,0,1,0,0,1,1,0,0,0,0,0,0,-1,-1,-1,-1,-1,-1,-1,-1,-1,35,53,26,52,Sevilla FC,Atlético Madrid,2.0,1.95,2.18,2.25,1.63,2.29,66,47,1.67,1.19,2.86,38,True,True,True,True,True,True,True,Spain_La_Liga,2018-02-25 19:45:00
2017-2018,25,0,2,2,5,5,10,5,2,0,0,3,8,7,5,10,13,17,8,30,70,Estadio Ciudad de Valencia,"Calle San Vicente de Paúl 44, Valencia",5,2,2.53,3.37,2.91,1.25,1.8,3.05,1.67,2.05,0.0,1.83,0.0,1.83,0.0,0.0,0.0,0.0,2,0,0,0,2,2,0,1519675200,284,0,43,0,15768,1,1,1,1,4,4,2,8,1,1,4,1,2,5,1,46,47,78,108,1.18,1.73,2.9,0,0,0,0,0,0,1,1,0,0,1,0,0,0,-1,-1,-1,-1,-1,-1,-1,-1,-1,48,70,39,70,Levante UD,Real Betis,1.42,1.37,0.92,1.18,0.83,1.38,53,31,1.42,1.09,2.51,38,True,True,False,False,False,False,False,Spain_La_Liga,2018-02-26 20:00:00
2017-2018,25,6,1,7,5,3,8,1,1,0,0,15,7,8,5,23,12,11,11,62,38,Camp Nou,"Carrer d'Arístides Maillol, Barcelona",1,1,1.14,9.68,9.99,1.09,1.33,1.83,2.0,1.71,0.0,1.72,0.0,2.0,0.0,0.0,0.0,0.0,7,4,1,2,0,2,5,1519501500,83,0,47,0,83839,1,1,2,1,3,2,3,5,0,0,1,1,0,2,1,75,56,99,87,3.03,1.65,4.68,0,0,0,0,0,0,1,1,1,1,0,0,0,0,-1,-1,-1,-1,-1,-1,-1,-1,-1,62,79,40,75,FC Barcelona,Girona FC,2.68,1.26,2.64,1.17,2.58,1.42,39,21,2.08,1.56,3.64,38,True,True,True,True,True,True,True,Spain_La_Liga,2018-02-24 19:45:00
2017-2018,25,0,0,0,6,5,11,4,5,0,0,3,2,8,3,11,5,22,17,43,57,Estadio Municipal de Butarque,"Calle Arquitectura, Leganés",4,5,1.94,3.4,4.42,1.38,2.2,4.1,2.05,1.69,1.72,0.0,2.0,0.0,0.0,0.0,0.0,0.0,0,0,0,0,0,0,0,1519493400,-1,0,27,0,8817,1,1,4,3,2,2,7,4,0,1,4,4,1,8,1,65,52,88,85,1.37,0.84,2.21,0,0,0,0,0,0,1,1,0,0,2,0,0,0,-1,-1,-1,-1,-1,-1,-1,-1,-1,52,60,13,52,Leganés,UD Las Palmas,1.63,0.42,1.55,0.42,1.21,0.75,49,40,1.23,1.25,2.48,38,False,False,False,False,False,False,False,Spain_La_Liga,2018-02-24 17:30:00
2017-2018,25,1,0,1,2,8,10,5,3,0,0,5,4,3,2,8,6,16,21,53,47,Estadio de la Cerámica,"Plaza Labrador, Villarreal",5,3,1.79,3.61,5.04,1.35,2.1,3.8,1.87,1.8,0.0,1.83,0.0,1.83,0.0,0.0,0.0,0.0,1,1,0,0,0,0,1,1519556400,76,0,55,0,15632,1,1,1,3,1,5,4,6,1,1,4,2,2,6,1,45,64,90,110,1.19,1.13,2.32,0,2,0,0,0,2,1,1,1,0,0,1,0,0,-1,-1,-1,-1,-1,-1,-1,-1,-1,46,78,14,55,Villarreal,Getafe CF,1.89,1.26,1.82,0.82,1.58,1.38,55,23,1.89,1.12,3.01,38,True,False,False,False,False,False,False,Spain_La_Liga,2018-02-25 11:00:00
2017-2018,25,0,0,0,4,2,6,5,1,0,0,5,2,13,6,18,8,9,10,51,49,Estadio Municipal de Riazor (A Coruña (La Coruña)),"Calle Manuel Murguía, A Coruña (La Coruña)",5,1,2.51,3.23,3.06,1.36,2.1,3.85,1.87,1.83,0.0,0.0,0.0,0.0,0.0,0.0,0.0,0.0,0,0,0,0,0,0,0,1519416000,-1,0,57,0,18148,1,1,2,1,2,1,3,3,2,1,3,0,3,3,1,62,54,111,87,1.93,1.04,2.97,1,0,0,0,1,0,1,1,0,0,1,0,0,0,-1,-1,-1,-1,-1,-1,-1,-1,-1,56,70,44,83,Deportivo La Coruña,RCD Espanyol,0.95,1.0,0.92,0.73,0.71,1.13,44,30,1.65,1.01,2.66,38,False,False,False,False,False,False,False,Spain_La_Liga,2018-02-23 20:00:00
2017-2018,25,2,1,3,4,4,8,2,3,0,0,5,4,2,6,7,10,12,9,35,65,Estadio de Mestalla,"Avenida de Suecia, Valencia",2,3,1.82,4.11,4.12,1.14,1.49,2.2,1.51,2.35,0.0,0.0,0.0,0.0,0.0,0.0,0.0,0.0,3,1,0,1,1,2,1,1519579800,288,0,57,0,37282,1,1,3,1,1,3,4,4,0,3,2,0,3,2,1,66,73,89,104,1.27,1.44,2.71,0,0,0,0,0,0,1,1,0,0,0,0,0,0,-1,-1,-1,-1,-1,-1,-1,-1,-1,66,79,35,78,Valencia CF,Real Sociedad,2.21,0.84,2.17,1.0,1.92,1.21,35,22,1.71,1.38,3.09,38,True,True,True,False,False,False,True,Spain_La_Liga,2018-02-25 17:30:00
2017-2018,25,4,0,4,9,5,14,1,2,0,0,12,7,15,5,27,12,9,14,63,37,Estadio Santiago Bernabéu,"Avenida de Concha Espina 1, Chamartín, Madrid",1,2,1.12,9.99,9.99,1.07,1.27,1.71,1.83,1.83,0.0,0.0,0.0,0.0,0.0,0.0,0.0,0.0,4,1,0,3,0,3,1,1519485300,84,0,39,0,65228,1,1,3,4,6,1,7,7,0,2,1,0,2,1,1,86,53,100,88,3.15,1.63,4.78,1,0,1,0,0,0,1,1,0,0,1,0,0,1,-1,-1,-1,-1,-1,-1,-1,-1,-1,52,74,34,79,Real Madrid,Deportivo Alavés,2.11,1.0,1.92,0.82,2.0,1.17,49,27,2.25,0.98,3.23,38,True,True,True,True,False,False,False,Spain_La_Liga,2018-02-24 15:15:00
2017-2018,25,2,0,2,3,9,12,2,3,0,0,4,3,6,11,10,14,11,16,50,50,Estadio de Balaídos (Vigo),"Avenida de Balaídos, Vigo",2,3,2.09,3.45,3.75,1.26,1.83,3.1,1.71,2.0,0.0,2.1,0.0,1.66,0.0,0.0,0.0,0.0,2,0,0,2,0,2,0,1519473600,281,0,55,0,15572,1,1,0,7,3,2,7,5,2,2,0,1,4,1,1,32,63,88,104,1.15,1.55,2.7,0,0,0,0,0,0,1,1,0,0,0,1,0,0,-1,-1,-1,-1,-1,-1,-1,-1,-1,60,69,36,78,Celta de Vigo,SD Eibar,1.68,1.21,1.45,1.27,1.33,1.46,41,32,1.74,1.46,3.2,38,True,True,False,False,False,False,False,Spain_La_Liga,2018-02-24 12:00:00
2017-2018,26,1,0,1,5,3,8,3,4,1,1,6,2,8,3,14,5,14,17,63,37,Estadio de Mendizorroza,"Paseo de Cervantes, Vitoria-Gasteiz",4,6,1.78,3.54,5.27,1.4,2.25,4.2,2.05,1.67,0.0,1.72,0.0,2.0,0.0,0.0,0.0,0.0,1,0,0,1,0,1,0,1519936200,277,0,40,0,16812,1,1,2,1,3,2,3,5,2,3,2,2,5,4,1,83,49,117,91,1.9,0.82,2.72,1,0,0,0,1,0,1,1,0,0,1,1,0,0,-1,-1,-1,-1,-1,-1,-1,-1,-1,52,72,33,56,Deportivo Alavés,Levante UD,1.47,1.0,1.46,0.75,1.12,0.8,48,28,1.45,0.91,2.36,38,True,False,False,False,False,False,False,Spain_La_Liga,2018-03-01 20:30:00
2017-2018,26,1,0,1,3,8,11,1,1,0,0,8,6,7,7,15,13,15,10,38,62,RCDE Stadium,"Avenida Baix Llobregat 100, Cornella de Llobregat",1,1,7.43,5.29,1.4,1.14,1.49,2.25,1.69,2.0,0.0,1.8,0.0,1.9,0.0,0.0,0.0,0.0,1,0,0,1,0,1,0,1519758000,280,0,57,0,19805,1,1,1,6,2,2,7,4,0,1,1,0,1,1,1,39,64,91,103,1.79,1.7,3.5,0,0,0,0,0,0,1,1,0,0,0,1,0,0,-1,-1,-1,-1,-1,-1,-1,-1,-1,53,69,49,69,RCD Espanyol,Real Madrid,1.58,1.89,1.46,2.08,1.12,2.04,47,32,1.36,2.02,3.38,38,True,False,False,False,False,False,False,Spain_La_Liga,2018-02-27 19:00:00
2017-2018,26,4,0,4,5,1,6,1,3,0,0,10,4,5,6,15,10,10,10,65,35,Estadio Wanda Metropolitano,"Rosas, Madrid",1,3,1.24,5.54,9.99,1.36,2.1,3.9,3.25,1.29,0.0,1.83,0.0,1.83,0.0,0.0,0.0,0.0,4,2,0,2,0,2,2,1519849800,117,0,28,0,35033,1,1,3,0,2,1,3,3,0,0,1,3,0,4,1,60,43,122,67,2.09,1.22,3.31,0,0,0,0,0,0,1,1,0,0,0,0,0,0,-1,-1,-1,-1,-1,-1,-1,-1,-1,28,61,8,44,Atlético Madrid,Leganés,2.21,0.63,2.33,0.92,2.32,1.2,73,40,1.62,1.22,2.84,38,True,True,True,True,False,False,False,Spain_La_Liga,2018-02-28 20:30:00
2017-2018,26,3,0,3,10,6,16,2,4,0,0,7,2,7,7,14,9,6,9,41,59,Coliseum Alfonso Pérez,"Avenida de Teresa de Calcuta, Getafe",2,4,1.85,3.5,4.78,1.33,2.05,3.7,1.95,1.77,0.0,0.0,0.0,0.0,0.0,0.0,0.0,0.0,3,2,0,1,0,1,2,1519842600,293,0,48,0,5097,1,1,4,1,6,5,5,11,1,2,1,2,3,3,1,58,67,71,82,1.79,1.19,2.98,0,0,0,0,0,0,1,1,0,0,2,0,0,0,-1,-1,-1,-1,-1,-1,-1,-1,-1,61,73,41,69,Getafe CF,Deportivo La Coruña,1.63,0.58,1.85,0.5,1.32,0.72,40,28,1.41,1.19,2.6,38,True,True,True,False,False,False,False,Spain_La_Liga,2018-02-28 18:30:00
2017-2018,26,1,1,2,6,1,7,1,2,0,0,5,5,6,2,11,7,16,16,48,52,San Mamés Barria,"Rafael Moreno Pitxitxi Kalea, Bilbao",1,2,2.57,3.4,2.84,1.28,1.87,3.2,1.71,2.0,0.0,0.0,0.0,0.0,0.0,0.0,0.0,0.0,2,0,1,1,0,1,1,1519842600,-1,0,54,0,34382,1,1,3,0,3,1,3,4,1,1,0,1,2,1,1,57,51,87,94,1.46,1.17,2.63,1,0,0,0,1,0,1,1,0,0,0,0,0,0,-1,-1,-1,-1,-1,-1,-1,-1,-1,42,71,25,59,Athletic Club Bilbao,Valencia CF,1.37,1.63,1.5,1.67,1.24,1.96,58,30,1.39,1.37,2.76,38,True,True,False,False,False,False,True,Spain_La_Liga,2018-02-28 18:30:00
2017-2018,26,1,0,1,6,4,10,3,2,0,0,3,3,6,9,9,12,9,10,44,56,Estadi Municipal de Montilivi,"Avenida Montlivi 141, Girona",3,2,2.14,3.54,3.5,1.25,1.8,3.05,1.69,2.05,1.83,0.0,1.83,0.0,0.0,0.0,0.0,0.0,1,1,0,0,0,0,1,1519763400,312,0,60,0,6392,1,1,4,2,2,2,6,4,1,0,2,2,1,4,1,72,79,118,113,1.31,1.54,2.85,0,0,0,0,0,0,1,1,0,0,0,1,0,0,-1,-1,-1,-1,-1,-1,-1,-1,-1,75,84,47,92,Girona FC,Celta de Vigo,1.42,0.89,1.67,1.23,1.36,1.4,25,17,1.52,1.27,2.79,38,True,False,False,False,False,False,False,Spain_La_Liga,2018-02-27 20:30:00
2017-2018,26,0,0,0,4,10,14,2,0,0,0,6,6,4,8,10,14,11,7,50,50,Estadio Benito Villamarín,"Avenida de Heliópolis, Sevilla",2,0,2.49,3.84,2.68,1.14,1.49,2.2,1.44,2.55,0.0,1.72,0.0,2.0,0.0,0.0,0.0,0.0,0,0,0,0,0,0,0,1519929000,-1,0,65,0,40288,1,1,2,5,2,5,7,7,1,0,1,0,1,1,1,52,68,86,94,1.43,1.79,3.22,0,0,0,0,0,0,1,1,0,0,1,1,0,0,-1,-1,-1,-1,-1,-1,-1,-1,-1,72,88,40,80,Real Betis,Real Sociedad,1.79,0.84,1.54,0.92,1.44,1.16,28,13,1.72,1.39,3.11,38,False,False,False,False,False,False,False,Spain_La_Liga,2018-03-01 18:30:00
2017-2018,26,1,0,1,6,4,10,4,2,0,0,3,6,6,5,9,11,18,8,49,51,Estadio Municipal de Ipurúa,"Calle de Ipurúa, Eibar",4,2,2.31,3.31,3.33,1.33,2.0,3.65,1.83,1.87,0.0,1.72,0.0,2.0,0.0,0.0,0.0,0.0,1,1,0,0,0,0,1,1519849800,279,0,46,0,4056,1,1,2,2,4,2,4,6,0,1,4,1,1,5,1,89,70,107,83,1.42,1.62,3.04,0,0,0,0,0,0,1,1,0,0,0,0,0,0,-1,-1,-1,-1,-1,-1,-1,-1,-1,50,69,31,70,SD Eibar,Villarreal,1.47,1.32,1.62,1.38,1.4,1.64,50,31,1.55,1.09,2.64,38,True,False,False,False,False,False,False,Spain_La_Liga,2018-02-28 20:30:00
2017-2018,26,0,1,1,9,4,13,2,2,0,0,2,5,6,2,8,7,19,14,48,52,Estadio La Rosaleda,"Avenida de la Palmilla / Paseo de Martiricos, Málaga",2,2,3.88,3.54,2.02,1.32,2.0,3.6,1.87,1.83,0.0,2.1,0.0,1.66,0.0,0.0,0.0,0.0,1,0,1,0,0,0,1,1519842600,98,0,40,0,15516,1,1,2,2,7,2,4,9,1,1,1,1,2,2,1,64,53,123,112,1.12,1.19,2.31,0,0,0,0,0,0,1,1,0,0,0,0,0,0,-1,-1,-1,-1,-1,-1,-1,-1,-1,52,64,24,68,Málaga CF,Sevilla FC,0.79,1.05,0.75,1.15,0.52,1.56,48,37,1.62,1.36,2.98,38,True,False,False,False,False,False,False,Spain_La_Liga,2018-02-28 18:30:00
2017-2018,26,1,1,2,6,6,12,6,3,0,0,2,7,9,5,11,12,18,13,35,65,Estadio de Gran Canaria,"Avenida Pío XII 29, Las Palmas de Gran Canaria",6,3,9.99,7.56,1.21,1.07,1.29,1.74,1.95,1.77,0.0,1.9,0.0,1.8,0.0,0.0,0.0,0.0,2,0,1,1,0,1,1,1519934400,-1,0,48,0,23778,1,1,3,4,3,2,7,5,3,2,3,1,5,4,1,38,79,76,107,1.11,1.82,2.93,1,0,1,0,0,0,1,1,0,0,0,1,2,0,-1,-1,-1,-1,-1,-1,-1,-1,-1,52,88,25,61,UD Las Palmas,FC Barcelona,0.74,2.21,1.08,2.54,0.76,2.6,48,13,1.57,1.7,3.27,38,True,True,False,False,False,False,True,Spain_La_Liga,2018-03-01 20:00:00
2017-2018,27,2,0,2,6,1,7,1,1,0,0,5,2,7,3,12,5,11,14,59,41,Estadio Municipal de Butarque,"Calle Arquitectura, Leganés",1,1,2.0,3.12,4.68,1.59,2.8,5.65,2.35,1.53,1.72,2.1,2.0,1.66,0.0,0.0,0.0,0.0,2,0,0,2,0,2,0,1520098200,278,0,28,0,5970,1,1,4,1,2,0,5,2,1,0,0,1,1,1,1,79,42,145,113,1.69,0.78,2.47,0,0,0,0,0,0,1,1,0,0,1,1,0,0,-1,-1,-1,-1,-1,-1,-1,-1,-1,33,52,12,48,Leganés,Málaga CF,1.63,0.26,1.5,0.31,1.15,0.5,68,48,1.25,1.21,2.46,38,True,True,False,False,False,False,False,Spain_La_Liga,2018-03-03 17:30:00
2017-2018,27,0,2,2,7,2,9,4,1,0,0,6,4,7,2,13,6,14,18,62,38,Estadio de la Cerámica,"Plaza Labrador, Villarreal",4,1,1.86,3.61,4.51,1.29,1.95,3.35,1.87,1.83,0.0,1.72,0.0,2.0,0.0,0.0,0.0,0.0,2,0,1,0,1,1,1,1520078400,312,0,56,0,14599,1,1,3,0,4,2,3,6,3,1,1,0,4,1,1,92,39,119,82,1.91,0.95,2.86,0,0,0,0,0,0,1,1,0,0,1,0,1,0,-1,-1,-1,-1,-1,-1,-1,-1,-1,56,76,24,68,Villarreal,Girona FC,1.89,1.26,1.92,1.08,1.58,1.42,44,24,1.81,1.57,3.38,38,True,True,False,False,False,False,False,Spain_La_Liga,2018-03-03 12:00:00
2017-2018,27,1,1,2,2,9,11,1,2,1,0,4,4,4,11,8,15,6,8,29,71,Estadio Municipal de Riazor (A Coruña (La Coruña)),"Calle Manuel Murguía, A Coruña (La Coruña)",3,2,2.62,3.37,2.8,1.32,2.0,3.5,1.74,1.95,0.0,1.72,0.0,2.0,0.0,0.0,0.0,0.0,2,1,1,0,0,0,2,1520098200,-1,0,48,0,19437,1,1,1,6,1,3,7,4,1,0,1,2,1,3,1,50,108,79,137,1.15,2.01,3.16,0,0,0,0,0,0,1,1,0,0,1,0,0,0,-1,-1,-1,-1,-1,-1,-1,-1,-1,60,69,32,60,Deportivo La Coruña,SD Eibar,0.95,1.21,0.92,1.17,0.69,1.46,40,32,1.68,1.47,3.15,38,True,True,False,False,False,False,True,Spain_La_Liga,2018-03-03 17:30:00
2017-2018,27,2,0,2,7,0,7,1,4,0,0,7,5,4,3,11,8,14,11,39,61,Estadio de Mestalla,"Avenida de Suecia, Valencia",1,4,1.5,4.99,6.02,1.13,1.44,2.15,1.61,2.15,0.0,0.0,0.0,0.0,0.0,0.0,0.0,0.0,2,1,0,1,0,1,1,1520192700,288,0,44,0,35565,-1,1,-1,-1,-1,-1,-1,-1,1,1,0,3,2,3,1,50,44,98,102,1.55,1.18,2.74,0,0,0,0,0,0,1,1,0,0,-1,-1,0,0,-1,-1,-1,-1,-1,-1,-1,-1,-1,56,72,37,76,Valencia CF,Real Betis,2.21,1.37,2.23,1.33,1.92,1.42,45,28,1.67,1.17,2.84,38,True,True,False,False,False,False,False,Spain_La_Liga,2018-03-04 19:45:00
2017-2018,27,3,1,4,8,0,8,1,2,0,1,7,5,4,0,11,5,13,18,76,24,Estadio Santiago Bernabéu,"Avenida de Concha Espina 1, Chamartín, Madrid",1,3,1.19,8.32,9.99,1.09,1.33,1.87,1.77,1.95,0.0,0.0,0.0,0.0,0.0,0.0,0.0,0.0,4,2,0,1,1,2,2,1520106300,84,0,44,0,55143,-1,1,-1,-1,-1,-1,-1,-1,1,1,0,2,2,2,1,35,14,50,34,1.43,0.77,2.2,0,1,0,1,0,0,1,1,0,0,-1,-1,0,0,-1,-1,-1,-1,-1,-1,-1,-1,-1,47,72,31,64,Real Madrid,Getafe CF,2.11,1.26,2.0,0.75,1.96,1.38,53,29,2.34,1.12,3.46,38,True,True,True,True,False,False,True,Spain_La_Liga,2018-03-03 19:45:00
2017-2018,27,2,1,3,10,7,17,1,2,0,0,7,4,7,8,14,12,13,15,58,42,Estadio de Balaídos (Vigo),"Avenida de Balaídos, Vigo",1,2,1.47,4.87,6.76,1.18,1.59,2.45,1.8,1.91,0.0,2.1,0.0,1.66,0.0,0.0,0.0,0.0,3,0,0,2,1,3,0,1520280000,281,0,37,0,11458,1,1,4,5,6,2,9,8,0,1,1,1,1,2,1,94,72,139,94,2.06,1.56,3.61,0,0,0,0,0,0,1,1,0,0,0,1,0,0,-1,-1,-1,-1,-1,-1,-1,-1,-1,52,68,29,73,Celta de Vigo,UD Las Palmas,1.68,0.42,1.58,0.46,1.35,0.77,48,32,1.66,1.21,2.87,38,True,True,True,False,False,False,True,Spain_La_Liga,2018-03-05 20:00:00
2017-2018,27,2,0,2,8,4,12,2,3,0,0,10,4,7,6,17,10,14,13,49,51,Estadio Ramón Sánchez Pizjuán,"Avenida de Eduardo Dato, Sevilla",2,3,1.66,3.91,5.69,1.28,1.9,3.1,8.0,1.06,0.0,1.83,0.0,1.83,0.0,0.0,0.0,0.0,2,2,0,0,0,0,2,1520090100,98,0,52,0,25185,1,1,4,2,4,2,6,6,0,0,2,3,0,5,1,64,60,87,100,2.23,1.35,3.58,0,0,0,0,0,0,1,1,0,0,1,0,0,0,-1,-1,-1,-1,-1,-1,-1,-1,-1,44,76,40,64,Sevilla FC,Athletic Club Bilbao,2.0,0.89,2.0,1.0,1.62,1.23,56,24,1.68,1.38,3.06,38,True,True,False,False,False,False,False,Spain_La_Liga,2018-03-03 15:15:00
2017-2018,27,2,1,3,8,4,12,0,1,0,0,6,2,8,3,14,5,10,13,60,40,Estadio Municipal de Anoeta,"Paseo de Anoeta 1, Donostia-San Sebastián",0,1,1.78,3.96,4.52,1.26,1.83,3.1,1.87,1.8,0.0,0.0,0.0,0.0,0.0,0.0,0.0,0.0,3,2,1,0,0,0,3,1520184600,290,0,51,0,21334,1,1,2,2,6,2,4,8,0,0,0,1,0,1,1,69,47,126,97,1.81,0.81,2.62,0,0,0,0,0,0,1,1,1,0,1,0,0,0,-1,-1,-1,-1,-1,-1,-1,-1,-1,64,84,43,92,Real Sociedad,Deportivo Alavés,1.74,1.0,1.38,0.75,1.15,1.19,37,17,1.84,1.11,2.95,38,True,True,True,False,False,False,True,Spain_La_Liga,2018-03-04 17:30:00
2017-2018,27,1,1,2,2,1,3,0,3,0,0,5,4,6,9,11,13,14,13,31,69,Estadio Ciudad de Valencia,"Calle San Vicente de Paúl 44, Valencia",0,3,2.64,3.16,2.94,1.48,2.45,4.75,2.1,1.67,0.0,1.83,0.0,1.83,0.0,0.0,0.0,0.0,2,0,0,1,1,2,0,1520161200,-1,0,48,0,16854,1,1,1,0,1,1,1,2,0,2,0,1,2,1,1,46,70,92,118,1.38,1.61,2.99,1,0,1,0,0,0,1,1,0,0,0,0,0,0,-1,-1,-1,-1,-1,-1,-1,-1,-1,44,72,37,73,Levante UD,RCD Espanyol,1.42,1.0,0.85,0.75,0.77,1.19,56,28,1.4,1.01,2.41,38,True,True,False,False,False,False,True,Spain_La_Liga,2018-03-04 11:00:00
2017-2018,27,1,0,1,12,1,13,2,2,0,0,8,2,8,5,16,7,16,20,58,42,Camp Nou,"Carrer d'Arístides Maillol, Barcelona",2,2,1.66,3.98,5.51,1.29,1.91,3.3,1.91,1.8,0.0,2.0,0.0,1.72,0.0,0.0,0.0,0.0,1,1,0,0,0,0,1,1520176500,83,0,37,0,88564,1,1,7,0,5,1,7,6,1,1,1,1,2,2,1,73,50,83,84,2.09,0.95,3.04,0,0,0,0,0,0,1,1,0,0,3,0,0,0,-1,-1,-1,-1,-1,-1,-1,-1,-1,57,65,45,73,FC Barcelona,Atlético Madrid,2.68,1.95,2.67,2.31,2.54,2.35,44,35,2.17,1.25,3.42,38,True,False,False,False,False,False,False,Spain_La_Liga,2018-03-04 15:15:00
2017-2018,28,1,2,3,8,6,14,1,1,0,0,6,7,6,7,12,14,12,7,45,55,Estadio Municipal de Ipurúa,"Calle de Ipurúa, Eibar",1,1,6.13,4.51,1.56,1.12,1.43,2.1,1.59,2.2,0.0,1.8,0.0,1.9,0.0,0.0,0.0,0.0,3,0,1,1,1,2,1,1520683200,84,0,56,0,6707,1,1,4,5,4,1,9,5,1,1,0,0,2,0,1,68,47,103,77,1.67,1.71,3.38,0,0,0,0,0,0,1,1,0,0,1,1,0,0,-1,-1,-1,-1,-1,-1,-1,-1,-1,64,71,53,78,SD Eibar,Real Madrid,1.47,1.89,1.71,1.92,1.44,2.0,37,30,1.54,1.99,3.53,38,True,True,True,False,False,False,True,Spain_La_Liga,2018-03-10 12:00:00
2017-2018,28,0,2,2,7,3,10,4,2,0,0,7,7,11,4,18,11,15,15,61,39,Estadio Ramón Sánchez Pizjuán,"Avenida de Eduardo Dato, Sevilla",4,2,2.09,3.64,3.67,1.19,1.62,2.55,1.57,2.25,0.0,0.0,0.0,0.0,0.0,0.0,0.0,0.0,2,0,1,0,1,1,1,1520694900,288,0,62,0,33419,1,1,5,0,2,3,5,5,3,0,1,2,3,3,1,90,40,107,76,2.27,1.47,3.74,0,0,0,0,0,0,1,1,0,0,0,0,0,0,-1,-1,-1,-1,-1,-1,-1,-1,-1,50,81,38,62,Sevilla FC,Valencia CF,2.0,1.63,2.08,1.62,1.67,1.96,50,19,1.74,1.34,3.08,38,True,True,False,False,False,False,False,Spain_La_Liga,2018-03-10 15:15:00
2017-2018,28,0,2,2,2,5,7,1,1,1,0,3,10,4,10,7,20,15,9,24,76,Estadio La Rosaleda,"Avenida de la Palmilla / Paseo de Martiricos, Málaga",3,1,9.99,5.74,1.31,1.22,1.74,2.85,2.15,1.62,0.0,2.1,0.0,1.66,0.0,0.0,0.0,0.0,2,0,2,0,0,0,2,1520711100,83,0,41,0,26936,1,1,0,2,2,3,2,5,1,0,1,1,1,2,1,29,67,79,131,0.87,2.45,3.32,0,0,0,0,0,0,1,1,0,0,0,0,0,0,-1,-1,-1,-1,-1,-1,-1,-1,-1,41,77,11,63,Málaga CF,FC Barcelona,0.79,2.21,0.69,2.43,0.48,2.56,60,23,1.57,1.72,3.29,38,True,True,False,False,False,False,False,Spain_La_Liga,2018-03-10 19:45:00
2017-2018,28,0,2,2,7,3,10,1,1,1,0,4,5,3,6,7,11,15,17,55,45,Estadio de Gran Canaria,"Avenida Pío XII 29, Las Palmas de Gran Canaria",3,1,3.35,3.49,2.27,1.25,1.8,3.0,1.69,2.05,0.0,1.72,0.0,2.0,0.0,0.0,0.0,0.0,2,0,0,0,2,2,0,1520789400,76,0,53,0,18855,1,1,3,0,4,3,3,7,0,1,2,0,1,2,1,65,50,114,96,1.2,1.41,2.61,0,1,0,1,0,0,1,1,0,0,0,0,0,0,-1,-1,-1,-1,-1,-1,-1,-1,-1,49,71,26,67,UD Las Palmas,Villarreal,0.74,1.32,1.08,1.29,0.74,1.52,52,30,1.53,1.14,2.67,38,True,True,False,False,False,False,False,Spain_La_Liga,2018-03-11 17:30:00
2017-2018,28,1,3,4,6,2,8,2,3,0,0,2,5,7,5,9,10,18,17,48,52,Estadio de Mendizorroza,"Paseo de Cervantes, Vitoria-Gasteiz",2,3,2.11,3.54,3.71,1.29,1.95,3.35,1.8,1.91,0.0,2.0,0.0,1.72,0.0,0.0,0.0,0.0,4,0,2,1,1,2,2,1520884800,284,0,34,0,17239,1,1,1,2,5,0,3,5,1,0,1,3,1,4,1,74,38,94,77,1.24,1.26,2.5,0,0,0,0,0,0,1,1,0,0,0,0,0,0,-1,-1,-1,-1,-1,-1,-1,-1,-1,41,67,26,60,Deportivo Alavés,Real Betis,1.47,1.37,1.57,1.23,1.15,1.37,60,34,1.51,1.17,2.68,38,True,True,True,True,False,False,True,Spain_La_Liga,2018-03-12 20:00:00
2017-2018,28,2,1,3,6,4,10,0,2,0,0,8,6,10,4,18,10,18,14,47,53,RCDE Stadium,"Avenida Baix Llobregat 100, Cornella de Llobregat",0,2,2.63,3.35,2.88,1.38,2.15,4.05,1.83,1.87,0.0,0.0,0.0,0.0,0.0,0.0,0.0,0.0,3,0,1,2,0,2,1,1520766000,280,0,49,0,19932,-1,1,-1,-1,-1,-1,-1,-1,0,1,0,1,1,1,1,76,57,113,92,2.24,1.47,3.71,1,0,0,0,1,0,1,1,0,0,-1,-1,0,0,-1,-1,-1,-1,-1,-1,-1,-1,-1,42,64,30,60,RCD Espanyol,Real Sociedad,1.58,0.84,1.57,0.92,1.19,1.22,59,37,1.4,1.44,2.84,38,True,True,True,False,False,False,True,Spain_La_Liga,2018-03-11 11:00:00
2017-2018,28,3,0,3,6,4,10,1,2,0,0,5,3,3,4,8,7,14,10,45,55,Estadio Wanda Metropolitano,"Rosas, Madrid",1,2,1.44,4.67,8.6,1.27,1.83,3.15,2.3,1.53,0.0,2.1,0.0,1.66,0.0,0.0,0.0,0.0,3,1,0,2,0,2,1,1520781300,117,0,51,0,54896,1,1,3,2,3,2,5,5,0,0,1,2,0,3,1,71,58,55,70,1.36,1.07,2.43,0,0,0,0,0,0,1,1,0,0,0,0,0,0,-1,-1,-1,-1,-1,-1,-1,-1,-1,55,78,36,69,Atlético Madrid,Celta de Vigo,2.21,0.89,2.38,1.14,2.26,1.41,46,23,1.67,1.3,2.97,38,True,True,True,False,False,False,False,Spain_La_Liga,2018-03-11 15:15:00
2017-2018,28,0,1,1,4,7,11,4,7,0,1,4,4,9,6,13,10,14,16,44,56,Coliseum Alfonso Pérez,"Avenida de Teresa de Calcuta, Getafe",4,9,1.72,3.65,5.84,1.39,2.2,4.15,2.15,1.61,0.0,0.0,0.0,0.0,0.0,0.0,0.0,0.0,1,0,0,0,1,1,0,1520703000,292,0,37,0,8006,1,1,2,3,2,4,5,6,1,5,3,3,6,6,1,62,60,76,78,1.54,1.34,2.89,0,0,0,0,0,0,1,1,0,0,1,0,0,1,-1,-1,-1,-1,-1,-1,-1,-1,-1,56,67,38,56,Getafe CF,Levante UD,1.63,1.0,1.93,0.69,1.33,0.78,45,34,1.44,0.9,2.34,38,True,False,False,False,False,False,False,Spain_La_Liga,2018-03-10 17:30:00
2017-2018,28,2,0,2,3,6,9,2,5,0,0,6,2,7,10,13,12,12,14,44,56,San Mamés Barria,"Rafael Moreno Pitxitxi Kalea, Bilbao",2,5,1.87,3.42,5.05,1.56,2.7,5.5,2.4,1.49,0.0,2.1,0.0,1.66,0.0,0.0,0.0,0.0,2,2,0,0,0,0,2,1520797500,285,0,30,0,30896,1,1,1,3,2,3,4,5,1,2,1,3,3,4,1,62,84,99,93,1.69,1.5,3.19,0,0,0,0,0,0,1,1,1,0,0,0,0,0,-1,-1,-1,-1,-1,-1,-1,-1,-1,29,60,15,56,Athletic Club Bilbao,Leganés,1.37,0.63,1.46,0.86,1.19,1.22,71,41,1.4,1.22,2.62,38,True,True,False,False,False,False,False,Spain_La_Liga,2018-03-11 19:45:00
2017-2018,28,2,0,2,2,2,4,1,4,0,0,7,5,3,6,10,11,17,16,48,52,Estadi Municipal de Montilivi,"Avenida Montlivi 141, Girona",1,4,1.63,4.17,5.86,1.26,1.83,3.1,1.83,1.83,0.0,1.8,0.0,1.9,0.0,0.0,0.0,0.0,2,1,0,1,0,1,1,1520625600,312,0,46,0,10461,1,1,1,1,1,1,2,2,0,1,1,3,1,4,1,50,62,89,106,1.49,1.5,2.98,0,0,0,0,0,0,1,1,0,0,1,0,0,0,-1,-1,-1,-1,-1,-1,-1,-1,-1,62,77,43,85,Girona FC,Deportivo La Coruña,1.42,0.58,1.77,0.46,1.48,0.7,39,23,1.5,1.19,2.69,38,True,True,False,False,False,False,False,Spain_La_Liga,2018-03-09 20:00:00
2017-2018,29,1,2,3,7,1,8,3,7,0,0,3,6,2,3,5,9,13,21,67,33,Estadio Municipal de Anoeta,"Paseo de Anoeta 1, Donostia-San Sebastián",3,7,1.65,3.89,5.75,1.3,1.95,3.4,1.87,1.83,0.0,1.72,0.0,2.0,0.0,0.0,0.0,0.0,3,1,1,0,1,1,2,1521307800,293,0,63,0,17487,1,1,5,1,2,0,6,2,1,1,2,6,2,8,1,69,51,55,45,1.02,1.35,2.37,0,0,0,0,0,0,1,1,0,0,2,0,0,0,-1,-1,-1,-1,-1,-1,-1,-1,-1,59,81,47,77,Real Sociedad,Getafe CF,1.74,1.26,1.5,0.69,1.18,1.29,42,19,1.83,1.09,2.92,38,True,True,True,False,False,False,True,Spain_La_Liga,2018-03-17 17:30:00
2017-2018,29,2,1,3,4,5,9,4,3,0,0,4,6,4,8,8,14,11,11,32,68,Estadio Ciudad de Valencia,"Calle San Vicente de Paúl 44, Valencia",4,3,3.3,3.24,2.36,1.39,2.2,4.15,1.91,1.77,0.0,1.8,0.0,1.9,0.0,0.0,0.0,0.0,3,1,0,1,1,2,1,1521230400,292,0,48,0,15405,1,1,1,3,3,2,4,5,2,1,2,2,3,4,1,44,73,76,102,1.11,1.83,2.94,0,0,0,0,0,0,1,1,0,0,1,0,0,0,-1,-1,-1,-1,-1,-1,-1,-1,-1,49,78,30,56,Levante UD,SD Eibar,1.42,1.21,0.86,1.15,0.86,1.39,52,22,1.4,1.51,2.91,38,True,True,True,False,False,False,True,Spain_La_Liga,2018-03-16 20:00:00
2017-2018,29,2,0,2,6,5,11,2,2,0,0,11,4,7,5,18,9,7,14,59,41,Camp Nou,"Carrer d'Arístides Maillol, Barcelona",2,2,1.13,9.9,9.99,1.11,1.4,2.0,2.15,1.61,0.0,1.83,0.0,1.83,0.0,0.0,0.0,0.0,2,2,0,0,0,0,2,1521386100,83,0,44,0,82312,1,1,3,1,3,4,4,7,2,2,0,0,4,0,1,46,65,72,100,2.23,1.32,3.55,0,0,0,0,0,0,1,1,1,0,1,0,0,0,-1,-1,-1,-1,-1,-1,-1,-1,-1,56,82,52,82,FC Barcelona,Athletic Club Bilbao,2.68,0.89,2.69,0.93,2.57,1.25,44,18,2.17,1.38,3.55,38,True,True,False,False,False,False,False,Spain_La_Liga,2018-03-18 15:15:00
2017-2018,29,2,1,3,5,4,9,2,3,0,1,7,7,6,4,13,11,14,11,35,65,Estadio Municipal de Butarque,"Calle Arquitectura, Leganés",2,4,3.21,3.2,2.43,1.35,2.1,3.85,1.91,1.8,0.0,1.9,0.0,1.8,0.0,0.0,0.0,0.0,3,1,0,1,1,2,1,1521370800,278,0,34,0,9204,1,1,4,3,1,1,7,2,0,1,2,3,1,5,1,68,87,107,146,1.8,1.82,3.63,0,0,0,0,0,0,1,1,0,0,1,0,0,0,-1,-1,-1,-1,-1,-1,-1,-1,-1,48,55,19,55,Leganés,Sevilla FC,1.63,1.05,1.62,1.29,1.18,1.61,53,45,1.3,1.35,2.65,38,True,True,True,False,False,False,True,Spain_La_Liga,2018-03-18 11:00:00
2017-2018,29,2,1,3,5,4,9,5,3,0,1,6,4,10,6,16,10,13,16,62,38,Estadio de la Cerámica,"Plaza Labrador, Villarreal",5,5,3.77,3.25,2.16,1.41,2.25,4.25,2.0,1.71,0.0,2.1,0.0,1.66,0.0,0.0,0.0,0.0,3,0,1,2,0,2,1,1521394200,76,0,38,0,19070,1,1,2,2,3,2,4,5,2,1,3,3,3,6,1,74,39,127,84,1.97,1.2,3.17,0,1,0,1,0,0,1,1,0,0,0,1,0,0,-1,-1,-1,-1,-1,-1,-1,-1,-1,45,61,22,67,Villarreal,Atlético Madrid,1.89,1.95,1.77,2.14,1.57,2.29,55,40,1.82,1.22,3.04,38,True,True,True,False,False,False,True,Spain_La_Liga,2018-03-18 17:30:00
2017-2018,29,1,1,2,9,2,11,3,3,0,0,7,2,10,7,17,9,24,12,46,54,Estadio Municipal de Riazor (A Coruña (La Coruña)),"Calle Manuel Murguía, A Coruña (La Coruña)",3,3,1.98,3.68,3.87,1.22,1.71,2.8,1.71,2.0,0.0,1.72,0.0,2.0,0.0,0.0,0.0,0.0,2,1,1,0,0,0,2,1521288000,-1,0,39,0,18966,1,1,5,0,4,2,5,6,1,1,2,2,2,4,1,54,36,96,87,1.95,0.98,2.93,0,0,0,0,0,0,1,1,0,1,0,0,0,0,-1,-1,-1,-1,-1,-1,-1,-1,-1,57,68,29,61,Deportivo La Coruña,UD Las Palmas,0.95,0.42,0.93,0.43,0.68,0.71,43,33,1.63,1.24,2.87,38,True,True,False,False,False,False,True,Spain_La_Liga,2018-03-17 12:00:00
2017-2018,29,0,0,0,4,5,9,3,2,0,0,4,2,5,4,9,6,16,24,53,47,Estadio de Balaídos (Vigo),"Avenida de Balaídos, Vigo",3,2,1.52,4.3,6.82,1.31,1.95,3.45,2.1,1.67,0.0,2.1,0.0,1.66,0.0,0.0,0.0,0.0,0,0,0,0,0,0,0,1521394200,-1,0,42,0,17353,1,1,0,4,4,1,4,5,1,2,2,0,3,2,1,59,63,45,52,1.26,0.97,2.23,0,0,0,0,0,0,1,1,0,0,0,0,0,0,-1,-1,-1,-1,-1,-1,-1,-1,-1,38,67,26,68,Celta de Vigo,Málaga CF,1.68,0.26,1.69,0.29,1.36,0.46,63,34,1.71,1.18,2.89,38,False,False,False,False,False,False,False,Spain_La_Liga,2018-03-18 17:30:00
2017-2018,29,3,1,4,9,2,11,1,1,0,0,12,6,13,8,25,14,8,14,60,40,Estadio de Mestalla,"Avenida de Suecia, Valencia",1,1,1.47,4.38,7.78,1.25,1.8,3.0,1.91,1.8,0.0,0.0,0.0,0.0,0.0,0.0,0.0,0.0,4,2,0,1,1,2,2,1521299700,288,0,44,0,35413,1,1,5,1,4,1,6,5,1,0,0,1,1,1,1,71,38,122,93,2.92,1.58,4.51,0,0,0,0,0,0,1,1,0,0,0,0,0,0,-1,-1,-1,-1,-1,-1,-1,-1,-1,55,74,22,86,Valencia CF,Deportivo Alavés,2.21,1.0,2.29,0.69,2.0,1.11,45,26,1.66,1.06,2.72,38,True,True,True,True,False,False,True,Spain_La_Liga,2018-03-17 15:15:00
2017-2018,29,6,3,9,6,7,13,1,2,0,0,15,7,5,4,20,11,13,13,65,35,Estadio Santiago Bernabéu,"Avenida de Concha Espina 1, Chamartín, Madrid",1,2,1.19,7.8,9.99,1.05,1.22,1.61,1.74,1.95,0.0,0.0,0.0,0.0,0.0,0.0,0.0,0.0,9,1,1,5,2,7,2,1521402300,84,0,50,0,59205,-1,1,-1,-1,-1,-1,-1,-1,0,1,1,1,1,2,1,60,59,85,82,2.74,1.61,4.35,0,0,0,0,0,0,1,1,0,0,-1,-1,0,0,-1,-1,-1,-1,-1,-1,-1,-1,-1,61,79,43,75,Real Madrid,Girona FC,2.11,1.26,2.07,1.21,2.04,1.54,40,22,2.25,1.5,3.75,38,True,True,True,True,True,True,True,Spain_La_Liga,2018-03-18 19:45:00
2017-2018,29,3,0,3,3,5,8,1,3,0,0,5,2,5,2,10,4,15,11,69,31,Estadio Benito Villamarín,"Avenida de Heliópolis, Sevilla",1,3,2.31,3.35,3.29,1.29,1.91,3.3,1.77,1.95,0.0,1.9,0.0,1.8,0.0,0.0,0.0,0.0,3,1,0,2,0,2,1,1521315900,284,0,56,0,31311,1,1,2,0,1,5,2,6,0,1,1,2,1,3,1,42,25,155,101,1.31,0.59,1.9,0,0,0,0,0,0,1,1,0,0,1,0,0,0,-1,-1,-1,-1,-1,-1,-1,-1,-1,55,78,41,78,Real Betis,RCD Espanyol,1.79,1.0,1.5,0.77,1.43,1.25,46,23,1.69,1.07,2.76,38,True,True,True,False,False,False,False,Spain_La_Liga,2018-03-17 19:45:00
2017-2018,30,0,0,0,6,5,11,3,2,0,0,4,5,5,8,9,13,18,12,57,43,RCDE Stadium,"Avenida Baix Llobregat 100, Cornella de Llobregat",3,2,2.03,3.32,4.14,1.47,2.4,4.7,2.15,1.61,0.0,2.0,0.0,1.72,0.0,0.0,0.0,0.0,0,0,0,0,0,0,0,1522576800,-1,0,42,0,15100,1,1,3,2,3,3,5,6,1,0,2,2,1,4,1,57,54,93,88,1.26,1.56,2.83,0,0,0,0,0,0,1,1,0,0,0,0,0,0,-1,-1,-1,-1,-1,-1,-1,-1,-1,39,62,24,70,RCD Espanyol,Deportivo Alavés,1.58,1.0,1.67,0.64,1.21,1.07,62,38,1.48,1.14,2.62,38,False,False,False,False,False,False,False,Spain_La_Liga,2018-04-01 10:00:00
2017-2018,30,1,0,1,9,7,16,2,3,0,0,5,3,7,6,12,9,14,15,52,48,Estadio Wanda Metropolitano,"Rosas, Madrid",2,3,1.18,7.45,9.99,1.25,1.8,3.05,2.2,1.59,0.0,1.8,0.0,1.9,0.0,0.0,0.0,0.0,1,1,0,0,0,0,1,1522608300,117,0,40,0,49007,1,1,6,4,3,3,10,6,1,2,1,1,3,2,1,83,66,100,82,1.71,1.25,2.96,1,0,1,0,0,0,1,1,0,0,3,0,0,0,-1,-1,-1,-1,-1,-1,-1,-1,-1,47,79,32,65,Atlético Madrid,Deportivo La Coruña,2.21,0.58,2.43,0.43,2.21,0.69,54,22,1.64,1.22,2.86,38,True,False,False,False,False,False,False,Spain_La_Liga,2018-04-01 18:45:00
2017-2018,30,0,1,1,5,2,7,3,4,0,0,2,2,5,2,7,4,14,17,48,52,Estadio Municipal de Butarque,"Calle Arquitectura, Leganés",3,4,3.73,3.36,2.13,1.37,2.15,3.95,1.95,1.74,0.0,1.9,0.0,1.8,0.0,0.0,0.0,0.0,1,0,0,0,1,1,0,1522592100,288,0,54,0,9377,1,1,3,0,2,2,3,4,1,1,2,3,2,5,1,81,46,106,97,1.17,0.74,1.91,0,0,0,0,0,0,1,1,0,0,1,0,0,0,-1,-1,-1,-1,-1,-1,-1,-1,-1,50,68,22,57,Leganés,Valencia CF,1.63,1.63,1.71,1.71,1.24,2.03,50,32,1.35,1.36,2.71,38,True,False,False,False,False,False,False,Spain_La_Liga,2018-04-01 14:15:00
2017-2018,30,0,1,1,4,0,4,4,2,0,0,5,5,5,3,10,8,21,9,33,67,Coliseum Alfonso Pérez,"Avenida de Teresa de Calcuta, Getafe",4,2,2.01,3.48,4.0,1.32,2.0,3.6,1.77,1.95,0.0,1.83,0.0,1.83,0.0,0.0,0.0,0.0,1,0,0,0,1,1,0,1522695600,284,0,35,0,10466,-1,1,-1,-1,-1,-1,-1,-1,4,0,0,2,4,2,1,44,37,69,69,1.3,1.13,2.42,1,0,0,0,1,0,1,1,0,0,-1,-1,0,0,-1,-1,-1,-1,-1,-1,-1,-1,-1,48,66,35,62,Getafe CF,Real Betis,1.63,1.37,1.8,1.36,1.34,1.48,52,35,1.45,1.18,2.63,38,True,False,False,False,False,False,False,Spain_La_Liga,2018-04-02 19:00:00
2017-2018,30,1,1,2,4,5,9,3,1,0,0,3,4,8,9,11,13,10,10,44,56,San Mamés Barria,"Rafael Moreno Pitxitxi Kalea, Bilbao",3,1,2.22,3.35,3.48,1.34,2.05,3.7,1.8,1.91,0.0,2.1,0.0,1.66,0.0,0.0,0.0,0.0,2,0,0,1,1,2,0,1522505700,-1,0,52,0,33881,1,1,2,2,2,3,4,5,2,1,1,0,3,1,1,65,58,106,109,1.38,1.52,2.9,0,0,0,0,0,0,1,1,0,0,0,0,0,0,-1,-1,-1,-1,-1,-1,-1,-1,-1,51,76,37,79,Athletic Club Bilbao,Celta de Vigo,1.37,0.89,1.57,1.07,1.21,1.34,50,25,1.43,1.28,2.71,38,True,True,False,False,False,False,True,Spain_La_Liga,2018-03-31 14:15:00
2017-2018,30,1,1,2,5,7,12,1,3,0,0,7,7,6,7,13,14,13,12,48,52,Estadi Municipal de Montilivi,"Avenida Montlivi 141, Girona",1,3,1.61,3.96,6.28,1.33,2.05,3.65,2.05,1.69,1.72,1.83,2.0,1.83,0.0,0.0,0.0,0.0,2,0,0,1,1,2,0,1522494000,-1,0,36,0,11159,1,1,4,5,1,2,9,3,0,2,1,1,2,2,1,54,70,73,69,1.7,1.87,3.56,0,0,0,0,0,0,1,1,0,0,3,1,0,0,-1,-1,-1,-1,-1,-1,-1,-1,-1,50,68,32,68,Girona FC,Levante UD,1.42,1.0,1.86,0.86,1.48,0.93,50,33,1.5,0.95,2.45,38,True,True,False,False,False,False,True,Spain_La_Liga,2018-03-31 11:00:00
2017-2018,30,0,0,0,8,1,9,4,2,0,0,4,0,10,6,14,6,14,10,51,49,Estadio Municipal de Ipurúa,"Calle de Ipurúa, Eibar",4,2,2.37,3.47,3.08,1.27,1.87,3.2,1.71,2.0,0.0,1.83,0.0,1.83,0.0,0.0,0.0,0.0,0,0,0,0,0,0,0,1522600200,-1,0,56,0,6192,1,1,6,0,2,1,6,3,1,0,3,2,1,5,1,87,32,149,94,1.8,0.62,2.43,0,0,0,0,0,0,1,1,0,0,1,0,0,0,-1,-1,-1,-1,-1,-1,-1,-1,-1,59,73,35,76,SD Eibar,Real Sociedad,1.47,0.84,1.6,0.86,1.34,1.14,42,27,1.55,1.44,2.99,38,False,False,False,False,False,False,False,Spain_La_Liga,2018-04-01 16:30:00
2017-2018,30,2,2,4,5,9,14,2,0,0,0,7,10,13,13,20,23,11,7,39,61,Estadio Ramón Sánchez Pizjuán,"Avenida de Eduardo Dato, Sevilla",2,0,5.01,4.17,1.68,1.18,1.59,2.45,1.62,2.1,0.0,1.72,0.0,2.0,0.0,0.0,0.0,0.0,4,1,0,1,2,3,1,1522521900,-1,0,42,0,37638,1,1,4,5,1,4,9,5,2,0,0,0,2,0,1,52,87,90,86,2.12,2.76,4.88,0,0,0,0,0,0,1,1,0,0,0,0,0,0,-1,-1,-1,-1,-1,-1,-1,-1,-1,38,90,25,59,Sevilla FC,FC Barcelona,2.0,2.21,1.93,2.47,1.55,2.59,62,11,1.79,1.78,3.57,38,True,True,True,True,False,False,True,Spain_La_Liga,2018-03-31 18:45:00
2017-2018,30,1,0,1,3,6,9,2,3,0,0,4,2,8,7,12,9,17,13,41,59,Estadio La Rosaleda,"Avenida de la Palmilla / Paseo de Martiricos, Málaga",2,3,3.48,3.25,2.27,1.42,2.25,4.3,2.05,1.69,0.0,2.0,0.0,1.72,0.0,0.0,0.0,0.0,1,1,0,0,0,0,1,1522600200,283,0,38,0,19345,1,1,0,4,3,2,4,5,0,2,2,1,2,3,1,55,75,96,113,1.44,1.26,2.69,1,0,1,0,0,0,1,1,0,0,0,0,0,0,-1,-1,-1,-1,-1,-1,-1,-1,-1,38,62,17,66,Málaga CF,Villarreal,0.79,1.32,0.64,1.4,0.48,1.62,62,38,1.5,1.16,2.66,38,True,False,False,False,False,False,False,Spain_La_Liga,2018-04-01 16:30:00
2017-2018,30,0,3,3,3,4,7,3,0,0,0,4,8,11,9,15,17,11,17,50,50,Estadio de Gran Canaria,"Avenida Pío XII 29, Las Palmas de Gran Canaria",3,0,9.99,6.95,1.23,1.09,1.34,1.87,1.61,2.15,0.0,0.0,0.0,0.0,0.0,0.0,0.0,0.0,3,0,2,0,1,1,2,1522513800,84,0,64,0,22785,1,1,0,1,3,3,1,6,2,0,1,0,2,1,1,74,61,107,80,1.76,2.07,3.83,0,2,0,2,0,0,1,1,0,0,0,0,0,0,-1,-1,-1,-1,-1,-1,-1,-1,-1,65,79,47,72,UD Las Palmas,Real Madrid,0.74,1.89,1.0,2.0,0.72,2.07,36,21,1.5,1.96,3.46,38,True,True,True,False,False,False,False,Spain_La_Liga,2018-03-31 16:30:00
2017-2018,31,1,3,4,3,6,9,4,5,1,0,3,14,4,3,7,17,17,11,49,51,Estadio de la Cerámica,"Plaza Labrador, Villarreal",5,5,2.05,3.44,3.91,1.34,2.05,3.75,2.0,1.71,0.0,1.72,0.0,2.0,0.0,0.0,0.0,0.0,4,0,1,1,2,3,1,1523300400,285,0,49,0,14869,1,1,1,4,2,2,5,4,2,2,3,3,4,6,1,72,96,97,111,1.18,2.74,3.92,0,0,0,0,0,0,1,1,0,1,0,1,0,0,-1,-1,-1,-1,-1,-1,-1,-1,-1,49,83,34,76,Villarreal,Athletic Club Bilbao,1.89,0.89,1.86,0.87,1.57,1.2,52,17,1.84,1.37,3.21,38,True,True,True,True,False,False,True,Spain_La_Liga,2018-04-09 19:00:00
2017-2018,31,3,2,5,7,6,13,4,3,0,0,7,5,8,7,15,12,16,14,47,53,Estadio Municipal de Riazor (A Coruña (La Coruña)),"Calle Manuel Murguía, A Coruña (La Coruña)",4,3,1.85,3.54,4.72,1.43,2.3,4.35,2.0,1.71,0.0,1.83,0.0,1.83,0.0,0.0,0.0,0.0,5,1,1,2,1,3,2,1523041200,286,0,40,0,17066,1,1,6,5,1,1,11,2,1,2,3,1,3,4,1,70,68,94,106,1.94,1.6,3.54,1,0,1,0,0,0,1,1,1,0,2,1,0,0,-1,-1,-1,-1,-1,-1,-1,-1,-1,37,64,30,60,Deportivo La Coruña,Málaga CF,0.95,0.26,0.93,0.33,0.67,0.57,64,37,1.66,1.16,2.82,38,True,True,True,True,True,False,True,Spain_La_Liga,2018-04-06 19:00:00
2017-2018,31,4,0,4,3,10,13,1,2,0,0,8,7,5,9,13,16,8,12,46,54,Estadio de Balaídos (Vigo),"Avenida de Balaídos, Vigo",1,2,2.48,3.46,2.91,1.23,1.74,2.9,1.65,2.1,0.0,1.83,0.0,1.83,0.0,0.0,0.0,0.0,4,1,0,3,0,3,1,1523110500,281,0,49,0,17132,1,1,2,4,1,6,6,7,1,1,0,1,2,1,1,61,75,108,87,1.83,2.03,3.86,0,0,0,0,0,0,1,1,0,0,0,0,0,0,-1,-1,-1,-1,-1,-1,-1,-1,-1,55,66,32,76,Celta de Vigo,Sevilla FC,1.68,1.05,1.64,1.2,1.33,1.53,45,35,1.66,1.39,3.05,38,True,True,True,True,False,False,False,Spain_La_Liga,2018-04-07 14:15:00
2017-2018,31,1,0,1,4,3,7,3,2,0,0,7,8,8,13,15,21,17,10,46,54,Estadio de Mestalla,"Avenida de Suecia, Valencia",3,2,1.5,4.35,7.32,1.28,1.91,3.25,2.0,1.71,0.0,0.0,0.0,0.0,0.0,0.0,0.0,0.0,1,1,0,0,0,0,1,1523213100,288,0,52,0,36370,1,1,3,1,1,2,4,3,0,1,3,1,1,4,1,43,49,54,61,1.74,2.22,3.96,0,0,0,0,0,0,1,1,1,0,0,1,0,0,-1,-1,-1,-1,-1,-1,-1,-1,-1,55,76,35,83,Valencia CF,RCD Espanyol,2.21,1.0,2.33,0.71,2.07,1.2,45,25,1.76,1.03,2.79,38,True,False,False,False,False,False,False,Spain_La_Liga,2018-04-08 18:45:00
2017-2018,31,1,1,2,11,2,13,2,3,0,0,9,6,17,4,26,10,12,17,69,31,Estadio Santiago Bernabéu,"Avenida de Concha Espina 1, Chamartín, Madrid",2,3,1.84,3.7,4.53,1.2,1.65,2.65,1.67,2.05,0.0,1.72,0.0,2.0,0.0,0.0,0.0,0.0,2,0,0,1,1,2,0,1523196900,-1,0,40,0,78536,1,1,9,2,2,0,11,2,1,2,1,1,3,2,1,51,27,59,50,2.62,1.24,3.86,0,0,0,0,0,0,1,1,0,0,3,0,0,0,-1,-1,-1,-1,-1,-1,-1,-1,-1,57,64,44,74,Real Madrid,Atlético Madrid,2.11,1.95,2.13,2.0,2.1,2.23,44,37,2.29,1.22,3.51,38,True,True,False,False,False,False,True,Spain_La_Liga,2018-04-08 14:15:00
2017-2018,31,2,0,2,7,8,15,2,2,0,0,6,3,6,3,12,6,10,11,47,53,Estadio Benito Villamarín,"Avenida de Heliópolis, Sevilla",2,2,2.37,3.35,3.18,1.26,1.83,3.1,1.69,2.0,0.0,1.83,0.0,1.83,0.0,0.0,0.0,0.0,2,1,0,1,0,1,1,1523118600,284,0,52,0,47983,1,1,6,4,1,4,10,5,0,0,2,2,0,4,1,47,79,79,121,1.52,1.17,2.69,0,0,0,0,0,0,1,1,0,0,1,0,0,0,-1,-1,-1,-1,-1,-1,-1,-1,-1,65,83,35,69,Real Betis,SD Eibar,1.79,1.21,1.6,1.07,1.53,1.33,35,17,1.66,1.54,3.2,38,True,True,False,False,False,False,False,Spain_La_Liga,2018-04-07 16:30:00
2017-2018,31,5,0,5,4,5,9,2,2,0,0,8,2,6,7,14,9,8,20,49,51,Estadio Municipal de Anoeta,"Paseo de Anoeta 1, Donostia-San Sebastián",2,2,1.79,3.83,4.61,1.28,1.87,3.2,1.77,1.95,0.0,1.72,0.0,2.0,0.0,0.0,0.0,0.0,5,2,0,3,0,3,2,1523205000,290,0,67,0,18007,1,1,2,2,2,3,4,5,1,0,1,2,1,3,1,52,57,77,80,1.82,1.12,2.94,0,0,0,0,0,0,1,1,0,0,0,0,0,0,-1,-1,-1,-1,-1,-1,-1,-1,-1,70,87,57,87,Real Sociedad,Girona FC,1.74,1.26,1.4,1.13,1.13,1.47,30,14,1.77,1.51,3.28,38,True,True,True,True,True,False,False,Spain_La_Liga,2018-04-08 16:30:00
2017-2018,31,2,1,3,4,5,9,5,3,2,0,6,6,6,10,12,16,19,10,41,59,Estadio Ciudad de Valencia,"Calle San Vicente de Paúl 44, Valencia",8,3,2.13,3.37,3.71,1.28,1.91,3.25,1.8,1.87,0.0,1.83,0.0,1.83,0.0,0.0,0.0,0.0,3,1,0,1,1,2,1,1523181600,292,0,40,0,17895,1,1,1,2,3,3,3,6,2,2,5,1,4,6,1,48,34,67,69,1.52,1.67,3.19,0,0,0,0,0,0,1,1,0,0,0,1,0,0,-1,-1,-1,-1,-1,-1,-1,-1,-1,50,77,24,57,Levante UD,UD Las Palmas,1.42,0.42,1.0,0.47,0.93,0.7,50,24,1.37,1.22,2.59,38,True,True,True,False,False,False,True,Spain_La_Liga,2018-04-08 10:00:00
2017-2018,31,3,1,4,5,3,8,2,4,0,0,8,2,7,9,15,11,14,12,68,32,Camp Nou,"Carrer d'Arístides Maillol, Barcelona",2,4,1.13,9.3,9.99,1.12,1.42,2.05,2.5,1.47,0.0,1.83,0.0,1.83,0.0,0.0,0.0,0.0,4,2,0,1,1,2,2,1523126700,83,0,28,0,72126,1,1,2,2,3,1,4,4,0,0,2,4,0,6,1,70,37,105,78,2.01,1.1,3.12,0,0,0,0,0,0,1,1,0,0,0,0,0,0,-1,-1,-1,-1,-1,-1,-1,-1,-1,52,73,42,73,FC Barcelona,Leganés,2.68,0.63,2.71,0.8,2.53,1.2,48,27,2.17,1.24,3.41,38,True,True,True,True,False,False,True,Spain_La_Liga,2018-04-07 18:45:00
2017-2018,31,2,0,2,1,3,4,2,3,0,0,3,2,8,4,11,6,17,22,48,52,Estadio de Mendizorroza,"Paseo de Cervantes, Vitoria-Gasteiz",2,3,2.39,3.17,3.31,1.51,2.55,5.1,2.15,1.61,0.0,2.0,0.0,1.72,0.0,0.0,0.0,0.0,2,0,0,2,0,2,0,1523098800,277,0,49,0,13255,1,1,1,3,0,0,4,0,1,1,1,2,2,3,1,54,48,99,112,1.3,0.88,2.18,0,1,0,0,0,1,1,1,0,0,0,1,1,0,-1,-1,-1,-1,-1,-1,-1,-1,-1,42,66,21,55,Deportivo Alavés,Getafe CF,1.47,1.26,1.47,0.86,1.07,1.3,59,35,1.48,1.11,2.59,38,True,True,False,False,False,False,False,Spain_La_Liga,2018-04-07 11:00:00
2017-2018,32,2,1,3,6,5,11,2,2,0,0,8,7,5,11,13,18,9,11,62,38,Camp Nou,"Carrer d'Arístides Maillol, Barcelona",2,2,1.25,6.76,9.99,1.1,1.37,1.95,1.69,2.0,0.0,0.0,0.0,0.0,0.0,0.0,0.0,0.0,3,1,0,1,1,2,1,1523715300,83,0,54,0,67954,1,1,2,3,4,2,5,6,1,1,1,1,2,2,1,73,50,98,67,1.91,1.98,3.88,0,1,0,1,0,0,1,1,0,0,1,0,1,0,-1,-1,-1,-1,-1,-1,-1,-1,-1,60,84,47,77,FC Barcelona,Valencia CF,2.68,1.63,2.73,1.8,2.55,2.1,40,17,2.16,1.3,3.46,38,True,True,True,False,False,False,True,Spain_La_Liga,2018-04-14 14:15:00
2017-2018,32,0,1,1,4,6,10,0,2,0,0,0,12,7,10,7,22,6,17,48,52,Estadio de Gran Canaria,"Avenida Pío XII 29, Las Palmas de Gran Canaria",0,2,3.6,3.67,2.06,1.19,1.62,2.6,1.59,2.2,0.0,0.0,0.0,0.0,0.0,0.0,0.0,0.0,1,0,1,0,0,0,1,1523723400,290,0,57,0,10480,1,1,1,4,3,2,5,5,0,0,0,2,0,2,1,48,61,80,80,0.79,2.66,3.45,0,0,0,0,0,0,1,1,0,0,0,1,0,0,-1,-1,-1,-1,-1,-1,-1,-1,-1,57,77,34,67,UD Las Palmas,Real Sociedad,0.74,0.84,0.93,0.87,0.68,1.19,44,24,1.52,1.36,2.88,38,True,False,False,False,False,False,False,Spain_La_Liga,2018-04-14 16:30:00
2017-2018,32,3,0,3,8,3,11,2,1,0,0,6,4,7,6,13,10,9,13,56,44,Estadio Wanda Metropolitano,"Rosas, Madrid",2,1,1.2,6.34,9.99,1.26,1.83,3.15,2.65,1.43,0.0,1.83,0.0,1.83,0.0,0.0,0.0,0.0,3,1,0,2,0,2,1,1523801700,117,0,34,0,57885,1,1,4,1,4,2,5,6,2,1,0,0,3,0,1,76,65,118,107,1.79,1.39,3.18,0,0,0,0,0,0,1,1,0,0,1,0,0,0,-1,-1,-1,-1,-1,-1,-1,-1,-1,37,67,24,47,Atlético Madrid,Levante UD,2.21,1.0,2.47,0.87,2.19,1.0,63,33,1.65,1.04,2.69,38,True,True,True,False,False,False,False,Spain_La_Liga,2018-04-15 14:15:00
2017-2018,32,1,0,1,8,3,11,3,3,0,0,8,3,8,2,16,5,22,17,40,60,Estadio Municipal de Butarque,"Calle Arquitectura, Leganés",3,3,2.74,3.18,2.81,1.43,2.35,4.45,2.0,1.71,1.83,0.0,1.83,0.0,0.0,0.0,0.0,0.0,1,0,0,1,0,1,0,1523723400,278,0,51,0,9147,1,1,4,0,4,3,4,7,0,0,3,3,0,6,1,68,45,80,85,2.05,0.86,2.91,0,0,0,0,0,0,1,1,0,0,1,0,0,0,-1,-1,-1,-1,-1,-1,-1,-1,-1,61,68,32,67,Leganés,Celta de Vigo,1.63,0.89,1.6,1.06,1.16,1.39,40,33,1.33,1.3,2.63,38,True,False,False,False,False,False,False,Spain_La_Liga,2018-04-14 16:30:00
2017-2018,32,1,0,1,4,3,7,5,2,1,0,6,0,5,7,11,7,19,13,37,63,Coliseum Alfonso Pérez,"Avenida de Teresa de Calcuta, Getafe",6,2,2.13,3.12,4.08,1.51,2.6,5.2,2.25,1.57,0.0,1.9,0.0,1.8,0.0,0.0,0.0,0.0,1,0,0,1,0,1,0,1523809800,293,0,39,0,10363,1,1,4,0,0,3,4,3,1,0,5,2,1,7,1,42,61,82,104,1.42,0.89,2.31,0,0,0,0,0,0,1,1,0,0,1,0,0,0,-1,-1,-1,-1,-1,-1,-1,-1,-1,45,62,29,65,Getafe CF,RCD Espanyol,1.63,1.0,1.69,0.67,1.26,1.16,55,39,1.44,1.12,2.56,38,True,False,False,False,False,False,False,Spain_La_Liga,2018-04-15 16:30:00
2017-2018,32,2,3,5,11,6,17,2,1,0,0,5,4,8,3,13,7,5,9,61,39,San Mamés Barria,"Rafael Moreno Pitxitxi Kalea, Bilbao",2,1,1.68,3.75,5.73,1.23,1.74,2.9,1.8,1.91,0.0,0.0,0.0,0.0,0.0,0.0,0.0,0.0,5,0,2,2,1,3,2,1523731500,286,0,44,0,37976,1,1,1,2,10,4,3,14,0,0,2,1,0,3,1,58,43,95,63,1.59,1.03,2.62,0,0,0,0,0,0,1,1,0,1,0,1,0,0,-1,-1,-1,-1,-1,-1,-1,-1,-1,37,74,33,70,Athletic Club Bilbao,Deportivo La Coruña,1.37,0.58,1.53,0.4,1.26,0.74,64,27,1.42,1.22,2.64,38,True,True,True,True,True,False,True,Spain_La_Liga,2018-04-14 18:45:00
2017-2018,32,0,1,1,6,4,10,7,5,0,0,6,3,3,7,9,10,24,18,41,59,Estadi Municipal de Montilivi,"Avenida Montlivi 141, Girona",7,5,2.05,3.58,3.73,1.24,1.77,2.9,1.67,2.05,1.83,0.0,1.83,0.0,0.0,0.0,0.0,0.0,1,0,1,0,0,0,1,1523646000,284,0,37,0,10991,1,1,3,3,3,1,6,4,2,1,5,4,3,9,1,83,70,109,114,1.59,1.35,2.95,0,0,0,0,0,0,1,1,0,0,1,0,1,0,-1,-1,-1,-1,-1,-1,-1,-1,-1,44,70,30,74,Girona FC,Real Betis,1.42,1.37,1.8,1.47,1.42,1.58,57,30,1.51,1.18,2.69,38,True,False,False,False,False,False,False,Spain_La_Liga,2018-04-13 19:00:00
2017-2018,32,0,1,1,12,1,13,2,1,0,0,5,2,11,1,16,3,11,18,67,33,Estadio Municipal de Ipurúa,"Calle de Ipurúa, Eibar",2,1,1.79,3.52,5.22,1.38,2.15,4.0,2.0,1.71,0.0,1.72,0.0,2.0,0.0,0.0,0.0,0.0,1,0,1,0,0,0,1,1523786400,277,0,42,0,5814,1,1,2,0,10,1,2,11,1,0,1,1,1,2,1,101,47,127,86,2.09,0.68,2.77,0,0,0,0,0,0,1,1,0,1,0,0,0,0,-1,-1,-1,-1,-1,-1,-1,-1,-1,49,65,29,78,SD Eibar,Deportivo Alavés,1.47,1.0,1.56,0.67,1.29,1.13,52,36,1.57,1.19,2.76,38,True,False,False,False,False,False,False,Spain_La_Liga,2018-04-15 10:00:00
2017-2018,32,2,2,4,10,2,12,4,2,1,1,5,5,8,3,13,8,11,23,58,42,Estadio Ramón Sánchez Pizjuán,"Avenida de Eduardo Dato, Sevilla",5,3,1.95,3.63,4.04,1.2,1.65,2.65,1.65,2.1,0.0,0.0,0.0,0.0,0.0,0.0,0.0,0.0,4,0,1,2,1,3,1,1523703600,-1,0,43,0,32356,1,1,4,1,6,1,5,7,1,1,4,2,2,6,1,91,36,87,92,1.82,1.13,2.94,1,0,0,0,1,0,1,1,0,0,0,0,0,0,-1,-1,-1,-1,-1,-1,-1,-1,-1,39,72,23,62,Sevilla FC,Villarreal,2.0,1.32,1.87,1.31,1.48,1.52,62,29,1.82,1.17,2.99,38,True,True,True,True,False,False,True,Spain_La_Liga,2018-04-14 11:00:00
2017-2018,32,1,2,3,4,7,11,4,0,0,0,5,7,7,8,12,15,12,9,38,62,Estadio La Rosaleda,"Avenida de la Palmilla / Paseo de Martiricos, Málaga",4,0,9.99,5.95,1.3,1.14,1.49,2.25,1.74,2.0,0.0,1.8,0.0,1.9,0.0,0.0,0.0,0.0,3,0,1,1,1,2,1,1523817900,84,0,50,0,27117,-1,1,-1,-1,-1,-1,-1,-1,1,0,3,0,1,3,1,38,60,71,83,1.38,1.86,3.25,0,0,0,0,0,0,1,1,0,0,-1,-1,0,0,-1,-1,-1,-1,-1,-1,-1,-1,-1,57,67,40,77,Málaga CF,Real Madrid,0.79,1.89,0.8,2.07,0.55,2.06,44,34,1.5,1.97,3.47,38,True,True,True,False,False,False,True,Spain_La_Liga,2018-04-15 18:45:00
2017-2018,33,3,0,3,6,6,12,1,0,0,0,5,3,7,6,12,9,13,13,57,43,Estadio Municipal de Anoeta,"Paseo de Anoeta 1, Donostia-San Sebastián",1,0,3.91,3.4,2.06,1.34,2.05,3.7,1.8,1.87,0.0,1.8,0.0,1.9,0.0,0.0,0.0,0.0,3,1,0,2,0,2,1,1524159000,290,0,54,0,21222,1,1,1,2,5,4,3,9,0,0,1,0,0,1,1,46,47,61,62,1.43,1.12,2.55,0,0,0,0,0,0,1,1,0,0,0,1,0,0,-1,-1,-1,-1,-1,-1,-1,-1,-1,63,72,53,82,Real Sociedad,Atlético Madrid,1.74,1.95,1.5,1.94,1.25,2.22,38,28,1.77,1.22,2.99,38,True,True,True,False,False,False,False,Spain_La_Liga,2018-04-19 17:30:00
2017-2018,33,1,0,1,4,3,7,1,1,0,0,3,3,10,6,13,9,9,17,51,49,Estadio Ciudad de Valencia,"Calle San Vicente de Paúl 44, Valencia",1,1,1.9,3.37,4.71,1.43,2.35,4.45,2.1,1.62,1.72,1.9,2.0,1.8,0.0,0.0,0.0,0.0,1,0,0,1,0,1,0,1524166200,292,0,41,0,16710,1,1,2,3,2,0,5,2,1,0,0,1,1,1,1,53,44,88,66,1.41,1.1,2.51,0,0,0,0,0,0,1,1,0,0,0,1,0,0,-1,-1,-1,-1,-1,-1,-1,-1,-1,38,72,22,57,Levante UD,Málaga CF,1.42,0.26,1.13,0.31,0.97,0.53,63,29,1.38,1.19,2.57,38,True,False,False,False,False,False,False,Spain_La_Liga,2018-04-19 19:30:00
2017-2018,33,1,2,3,3,6,9,4,4,0,0,6,6,7,5,13,11,15,12,50,50,Estadio de Mendizorroza,"Paseo de Cervantes, Vitoria-Gasteiz",4,4,2.44,3.22,3.19,1.43,2.35,4.45,2.05,1.69,1.72,1.83,2.0,1.83,0.0,0.0,0.0,0.0,3,0,0,1,2,3,0,1524159000,312,0,47,0,14109,1,1,2,3,1,3,5,4,0,0,4,4,0,8,1,52,39,69,51,1.61,1.39,3.0,0,1,0,1,0,0,1,1,0,0,1,0,0,0,-1,-1,-1,-1,-1,-1,-1,-1,-1,50,72,29,63,Deportivo Alavés,Girona FC,1.47,1.26,1.56,1.06,1.19,1.38,50,28,1.46,1.48,2.94,38,True,True,True,False,False,False,True,Spain_La_Liga,2018-04-19 17:30:00
2017-2018,33,0,1,1,3,6,9,3,2,0,0,5,2,4,5,9,7,17,17,53,47,RCDE Stadium,"Avenida Baix Llobregat 100, Cornella de Llobregat",3,2,2.41,3.19,3.26,1.49,2.5,4.9,2.15,1.61,0.0,1.9,0.0,1.8,0.0,0.0,0.0,0.0,1,0,1,0,0,0,1,1524072600,279,0,43,0,11862,1,1,0,3,3,3,3,6,1,0,2,2,1,4,1,62,73,110,105,1.38,1.12,2.49,0,0,0,0,0,0,1,1,0,0,0,1,0,0,-1,-1,-1,-1,-1,-1,-1,-1,-1,39,65,26,55,RCD Espanyol,SD Eibar,1.58,1.21,1.63,1.0,1.13,1.25,61,35,1.46,1.51,2.97,38,True,False,False,False,False,False,False,Spain_La_Liga,2018-04-18 17:30:00
2017-2018,33,2,1,3,10,4,14,1,1,0,0,8,2,9,5,17,7,14,14,57,43,Estadio de la Cerámica,"Plaza Labrador, Villarreal",1,1,1.6,3.93,6.44,1.37,2.15,3.95,2.15,1.61,0.0,1.83,0.0,1.83,0.0,0.0,0.0,0.0,3,1,0,1,1,2,1,1523993400,76,0,39,0,12398,1,1,6,0,4,4,6,8,1,1,0,0,2,0,1,71,43,103,84,2.14,0.9,3.04,0,0,0,0,0,0,1,1,0,0,2,0,0,0,-1,-1,-1,-1,-1,-1,-1,-1,-1,52,75,22,68,Villarreal,Leganés,1.89,0.63,1.73,0.75,1.5,1.22,48,26,1.78,1.23,3.01,38,True,True,True,False,False,False,True,Spain_La_Liga,2018-04-17 19:30:00
2017-2018,33,0,0,0,7,9,16,0,2,0,0,7,8,14,17,21,25,8,8,37,63,Estadio Municipal de Riazor (A Coruña (La Coruña)),"Calle Manuel Murguía, A Coruña (La Coruña)",0,2,3.2,3.49,2.29,1.18,1.61,2.5,1.54,2.3,0.0,0.0,0.0,0.0,0.0,0.0,0.0,0.0,0,0,0,0,0,0,0,1523986200,-1,0,51,0,24671,1,1,3,5,4,4,8,8,0,1,0,1,1,1,1,67,60,80,80,2.29,2.55,4.84,0,0,0,0,0,0,1,1,0,0,1,0,0,0,-1,-1,-1,-1,-1,-1,-1,-1,-1,60,69,38,75,Deportivo La Coruña,Sevilla FC,0.95,1.05,1.06,1.13,0.81,1.47,41,31,1.68,1.43,3.11,38,False,False,False,False,False,False,False,Spain_La_Liga,2018-04-17 17:30:00
2017-2018,33,2,2,4,6,4,10,3,0,0,1,9,7,10,7,19,14,9,7,47,53,Estadio de Balaídos (Vigo),"Avenida de Balaídos, Vigo",3,2,6.22,4.63,1.52,1.18,1.61,2.5,1.57,2.25,0.0,1.9,0.0,1.8,0.0,0.0,0.0,0.0,4,1,1,1,1,2,2,1523991600,-1,0,49,0,20347,1,1,4,3,2,1,7,3,0,0,3,1,0,4,1,66,47,85,102,2.3,1.72,4.01,0,0,0,0,0,0,1,1,0,0,0,0,0,0,-1,-1,-1,-1,-1,-1,-1,-1,-1,49,84,23,72,Celta de Vigo,FC Barcelona,1.68,2.21,1.73,2.38,1.34,2.56,52,17,1.68,1.86,3.54,38,True,True,True,True,False,False,True,Spain_La_Liga,2018-04-17 19:00:00
2017-2018,33,1,2,3,7,5,12,1,7,1,0,4,5,5,3,9,8,10,14,64,36,Estadio de Mestalla,"Avenida de Suecia, Valencia",3,7,1.49,4.34,7.52,1.28,1.87,3.2,1.91,1.8,0.0,1.83,0.0,1.83,0.0,0.0,0.0,0.0,3,0,1,1,1,2,1,1524072600,293,0,52,0,36075,1,1,4,4,3,1,8,4,0,0,2,7,0,9,1,86,64,116,114,1.47,1.33,2.8,0,0,0,0,0,0,1,1,0,0,1,0,0,0,-1,-1,-1,-1,-1,-1,-1,-1,-1,48,71,26,71,Valencia CF,Getafe CF,2.21,1.26,2.38,0.8,2.03,1.31,53,29,1.76,1.09,2.85,38,True,True,True,False,False,False,True,Spain_La_Liga,2018-04-18 17:30:00
2017-2018,33,1,1,2,16,2,18,2,4,0,0,11,3,16,2,27,5,6,19,65,35,Estadio Santiago Bernabéu,"Avenida de Concha Espina 1, Chamartín, Madrid",2,4,1.22,7.34,9.99,1.06,1.25,1.67,1.71,2.0,0.0,0.0,0.0,0.0,0.0,0.0,0.0,0.0,2,0,1,1,0,1,1,1524079800,-1,0,50,0,59293,1,1,7,1,9,1,8,10,1,1,1,3,2,4,1,100,36,107,87,3.18,0.8,3.97,0,0,0,0,0,0,1,1,0,0,0,1,0,0,-1,-1,-1,-1,-1,-1,-1,-1,-1,57,85,53,78,Real Madrid,Athletic Club Bilbao,2.11,0.89,2.06,1.0,2.09,1.22,44,16,2.32,1.47,3.79,38,True,True,False,False,False,False,True,Spain_La_Liga,2018-04-18 19:30:00
2017-2018,33,1,0,1,6,3,9,3,4,0,1,9,2,7,1,16,3,18,17,56,44,Estadio Benito Villamarín,"Avenida de Heliópolis, Sevilla",3,5,1.56,4.28,6.16,1.14,1.49,2.25,1.77,1.95,0.0,1.72,0.0,2.0,0.0,0.0,0.0,0.0,1,0,0,1,0,1,0,1524166200,284,0,41,0,45210,1,1,3,2,3,1,5,4,0,2,3,3,2,6,1,73,49,92,68,2.16,0.69,2.85,0,0,0,0,0,0,1,1,0,0,0,0,0,0,-1,-1,-1,-1,-1,-1,-1,-1,-1,63,82,29,69,Real Betis,UD Las Palmas,1.79,0.42,1.69,0.44,1.63,0.66,38,19,1.65,1.26,2.91,38,True,False,False,False,False,False,False,Spain_La_Liga,2018-04-19 19:30:00
2017-2018,34,1,1,2,4,3,7,1,2,0,0,5,8,7,8,12,16,14,19,60,40,Estadio de Balaídos (Vigo),"Avenida de Balaídos, Vigo",1,2,2.52,3.45,2.87,1.19,1.65,2.6,1.56,2.25,0.0,1.8,0.0,1.9,0.0,0.0,0.0,0.0,2,0,0,1,1,2,0,1524320100,-1,0,63,0,17426,1,1,1,1,3,2,2,5,1,0,0,2,1,2,1,68,55,146,112,1.61,1.97,3.58,0,0,0,0,0,0,1,1,0,0,0,0,0,0,-1,-1,-1,-1,-1,-1,-1,-1,-1,56,75,35,75,Celta de Vigo,Valencia CF,1.68,1.63,1.69,1.69,1.33,1.97,44,25,1.73,1.36,3.09,38,True,True,False,False,False,False,True,Spain_La_Liga,2018-04-21 14:15:00
2017-2018,34,1,3,4,2,9,11,3,3,0,0,6,8,7,3,13,11,14,14,53,47,San Mamés Barria,"Rafael Moreno Pitxitxi Kalea, Bilbao",3,3,1.83,3.53,4.9,1.32,2.0,3.55,1.91,1.8,0.0,1.8,0.0,1.9,0.0,0.0,0.0,0.0,4,1,2,0,1,1,3,1524510000,292,0,41,0,24749,1,1,0,6,2,3,6,5,1,1,2,2,2,4,1,57,55,104,97,1.66,1.66,3.31,0,0,0,0,0,0,1,1,1,0,0,1,0,0,-1,-1,-1,-1,-1,-1,-1,-1,-1,35,69,29,53,Athletic Club Bilbao,Levante UD,1.37,1.0,1.44,0.81,1.21,1.03,66,31,1.44,1.07,2.51,38,True,True,True,True,False,False,True,Spain_La_Liga,2018-04-23 19:00:00
2017-2018,34,0,2,2,10,0,10,1,2,0,0,8,5,12,1,20,6,18,18,59,41,Estadi Municipal de Montilivi,"Avenida Montlivi 141, Girona",1,2,2.08,3.39,3.83,1.44,2.35,4.55,2.05,1.67,1.72,0.0,2.0,0.0,0.0,0.0,0.0,0.0,2,0,1,0,1,1,1,1524391200,280,0,41,0,12034,-1,1,-1,-1,-1,-1,-1,-1,0,1,1,1,1,2,1,85,28,109,73,2.43,0.94,3.37,0,0,0,0,0,0,1,1,0,0,-1,-1,0,0,-1,-1,-1,-1,-1,-1,-1,-1,-1,41,66,25,78,Girona FC,RCD Espanyol,1.42,1.0,1.69,0.63,1.42,1.09,60,35,1.52,1.1,2.62,38,True,True,False,False,False,False,False,Spain_La_Liga,2018-04-22 10:00:00
2017-2018,34,0,1,1,8,3,11,4,1,0,0,4,5,8,1,12,6,15,16,65,35,Estadio Municipal de Ipurúa,"Calle de Ipurúa, Eibar",4,1,2.22,3.21,3.64,1.49,2.5,4.9,2.15,1.62,0.0,1.8,0.0,1.9,0.0,0.0,0.0,0.0,1,0,1,0,0,0,1,1524308400,293,0,49,0,4868,1,1,1,1,7,2,2,9,1,0,3,1,1,4,1,89,52,120,87,1.68,1.11,2.8,0,0,0,0,0,0,1,1,0,0,0,1,0,0,-1,-1,-1,-1,-1,-1,-1,-1,-1,43,64,27,66,SD Eibar,Getafe CF,1.47,1.26,1.47,0.94,1.3,1.36,58,36,1.61,1.11,2.72,38,True,False,False,False,False,False,False,Spain_La_Liga,2018-04-21 11:00:00
2017-2018,34,3,2,5,2,3,5,3,1,0,0,8,5,6,10,14,15,19,8,45,55,Estadio Ramón Sánchez Pizjuán,"Avenida de Eduardo Dato, Sevilla",3,1,2.39,4.07,2.65,1.08,1.32,1.83,1.33,3.05,0.0,0.0,0.0,0.0,1.18,1.83,4.5,1.83,5,2,0,1,2,3,2,1525894200,98,0,59,0,38524,-1,1,-1,-1,-1,-1,-1,-1,1,0,2,1,1,3,-1,0,0,0,0,0.0,0.0,0.0,0,2,0,1,0,1,1,1,0,0,-1,-1,0,0,-1,-1,-1,-1,-1,-1,-1,-1,-1,62,79,44,71,Sevilla FC,Real Madrid,2.0,1.89,1.88,2.06,1.46,2.06,39,21,1.82,1.96,3.78,38,True,True,True,True,True,False,True,Spain_La_Liga,2018-05-09 19:30:00
2017-2018,34,2,0,2,5,3,8,4,1,0,0,5,3,1,11,6,14,16,0,33,67,Estadio La Rosaleda,"Avenida de la Palmilla / Paseo de Martiricos, Málaga",4,1,4.04,3.46,2.01,1.34,2.05,3.75,1.91,1.8,0.0,2.0,0.0,1.72,0.0,0.0,0.0,0.0,2,2,0,0,0,0,2,1524406500,283,0,47,0,14487,1,1,3,0,2,3,3,5,2,1,2,0,3,2,1,35,81,65,106,0.99,1.68,2.66,0,0,0,0,0,0,1,1,0,0,1,0,0,0,-1,-1,-1,-1,-1,-1,-1,-1,-1,47,63,22,72,Málaga CF,Real Sociedad,0.79,0.84,0.75,1.0,0.52,1.3,54,38,1.49,1.47,2.96,38,True,True,False,False,False,False,False,Spain_La_Liga,2018-04-22 14:15:00
2017-2018,34,5,1,6,4,4,8,0,3,0,0,7,8,5,10,12,18,6,16,53,47,Camp Nou,"Carrer d'Arístides Maillol, Barcelona",0,3,1.25,6.59,9.99,1.08,1.3,1.8,1.5,2.4,0.0,0.0,0.0,0.0,1.18,1.83,4.5,1.83,6,3,0,2,1,3,3,1525888800,83,0,44,0,54743,-1,1,-1,-1,-1,-1,-1,-1,0,1,0,2,1,2,-1,0,0,0,0,0.0,0.0,0.0,0,0,0,0,0,0,1,1,0,0,-1,-1,0,0,-1,-1,-1,-1,-1,-1,-1,-1,-1,56,77,36,77,FC Barcelona,Villarreal,2.68,1.32,2.65,1.29,2.49,1.63,44,24,2.09,1.16,3.25,38,True,True,True,True,True,True,True,Spain_La_Liga,2018-05-09 18:00:00
2017-2018,34,0,4,4,3,3,6,2,2,0,0,2,8,10,3,12,11,14,19,67,33,Estadio de Gran Canaria,"Avenida Pío XII 29, Las Palmas de Gran Canaria",2,2,2.52,3.29,2.98,1.29,1.95,3.35,1.77,1.95,0.0,1.8,0.0,1.9,0.0,0.0,0.0,0.0,4,0,0,0,4,4,0,1524414600,277,0,44,0,7083,1,1,1,2,2,1,3,3,1,1,1,1,2,2,1,63,35,112,88,1.36,1.51,2.87,0,0,0,0,0,0,1,1,0,0,0,2,0,0,-1,-1,-1,-1,-1,-1,-1,-1,-1,47,69,29,75,UD Las Palmas,Deportivo Alavés,0.74,1.0,0.88,0.81,0.64,1.15,53,32,1.46,1.13,2.59,38,True,True,True,True,False,False,False,Spain_La_Liga,2018-04-22 16:30:00
2017-2018,34,0,0,0,8,3,11,2,5,0,0,3,5,8,5,11,10,17,14,32,68,Estadio Wanda Metropolitano,"Rosas, Madrid",2,5,1.39,4.8,9.44,1.32,2.0,3.55,2.1,1.65,0.0,2.0,0.0,1.72,0.0,0.0,0.0,0.0,0,0,0,0,0,0,0,1524422700,-1,0,28,0,54522,1,1,3,2,5,1,5,6,0,1,2,4,1,6,1,73,62,94,118,1.43,1.44,2.87,0,0,0,0,0,0,1,1,0,0,1,0,0,0,-1,-1,-1,-1,-1,-1,-1,-1,-1,35,66,22,60,Atlético Madrid,Real Betis,2.21,1.37,2.5,1.56,2.15,1.67,66,35,1.66,1.19,2.85,38,False,False,False,False,False,False,False,Spain_La_Liga,2018-04-22 18:45:00
2017-2018,34,0,0,0,9,4,13,0,2,0,0,2,3,11,6,13,9,12,13,53,47,Estadio Municipal de Butarque,"Calle Arquitectura, Leganés",0,2,2.35,3.29,3.27,1.34,2.05,3.75,1.87,1.83,0.0,1.8,0.0,1.9,0.0,0.0,0.0,0.0,0,0,0,0,0,0,0,1524250800,-1,0,41,0,9366,1,1,5,3,4,1,8,5,0,1,0,1,1,1,1,53,40,62,50,1.34,1.06,2.4,0,0,0,0,0,0,1,1,0,0,0,1,0,0,-1,-1,-1,-1,-1,-1,-1,-1,-1,51,63,31,63,Leganés,Deportivo La Coruña,1.63,0.58,1.69,0.56,1.18,0.82,51,38,1.39,1.21,2.6,38,False,False,False,False,False,False,False,Spain_La_Liga,2018-04-20 19:00:00
2017-2018,35,4,1,5,5,7,12,2,0,0,0,8,6,6,6,14,12,14,8,37,63,Estadio de la Cerámica,"Plaza Labrador, Villarreal",2,0,1.92,3.75,4.22,1.22,1.71,2.8,1.74,1.95,0.0,1.83,0.0,1.83,0.0,0.0,0.0,0.0,5,3,1,1,0,1,4,1524941100,76,0,61,0,14135,1,1,4,1,1,6,5,7,0,0,2,0,0,2,1,54,73,86,96,1.83,1.7,3.54,0,0,0,0,0,0,1,1,0,0,3,1,0,0,-1,-1,-1,-1,-1,-1,-1,-1,-1,70,85,33,82,Villarreal,Celta de Vigo,1.89,0.89,1.81,1.0,1.55,1.32,31,16,1.81,1.27,3.08,38,True,True,True,True,True,False,True,Spain_La_Liga,2018-04-28 18:45:00
2017-2018,35,2,4,6,6,7,13,1,1,0,0,6,10,9,9,15,19,9,9,37,63,Estadio Municipal de Riazor (A Coruña (La Coruña)),"Calle Manuel Murguía, A Coruña (La Coruña)",1,1,9.25,5.7,1.35,1.06,1.25,1.67,1.61,2.2,0.0,2.0,0.0,1.72,0.0,0.0,0.0,0.0,6,1,2,1,2,3,3,1525027500,83,0,53,0,25721,1,1,2,5,4,2,7,6,1,0,0,1,1,1,1,69,76,83,93,1.86,2.44,4.3,0,0,0,0,0,0,1,1,0,1,0,0,0,0,-1,-1,-1,-1,-1,-1,-1,-1,-1,50,83,33,68,Deportivo La Coruña,FC Barcelona,0.95,2.21,1.06,2.29,0.82,2.52,50,18,1.73,1.85,3.58,38,True,True,True,True,True,True,True,Spain_La_Liga,2018-04-29 18:45:00
2017-2018,35,0,0,0,8,2,10,2,3,0,0,6,3,9,2,15,5,12,19,59,41,Estadio de Mestalla,"Avenida de Suecia, Valencia",2,3,1.53,4.35,7.14,1.22,1.71,2.75,1.8,1.91,0.0,0.0,0.0,0.0,0.0,0.0,0.0,0.0,0,0,0,0,0,0,0,1525019400,-1,0,49,0,40328,1,1,2,1,6,1,3,7,1,1,1,2,2,3,1,102,70,122,99,2.1,1.04,3.14,0,0,0,0,0,0,1,1,0,0,1,0,0,0,-1,-1,-1,-1,-1,-1,-1,-1,-1,58,76,27,76,Valencia CF,SD Eibar,2.21,1.21,2.24,1.13,1.94,1.26,43,25,1.74,1.48,3.22,38,False,False,False,False,False,False,False,Spain_La_Liga,2018-04-29 16:30:00
2017-2018,35,2,1,3,3,2,5,0,1,0,1,6,8,6,7,12,15,16,15,59,41,Estadio Santiago Bernabéu,"Avenida de Concha Espina 1, Chamartín, Madrid",0,3,1.25,6.71,9.99,1.17,1.57,2.45,1.71,2.0,0.0,1.72,0.0,2.0,0.0,0.0,0.0,0.0,3,2,0,0,1,1,2,1524933000,84,0,41,0,59905,1,1,3,1,0,1,4,1,0,0,0,2,0,2,1,46,66,105,97,1.52,1.98,3.5,0,0,0,0,0,0,1,1,1,0,0,0,0,0,-1,-1,-1,-1,-1,-1,-1,-1,-1,56,77,41,71,Real Madrid,Leganés,2.11,0.63,2.0,0.71,2.06,1.18,44,24,2.38,1.21,3.59,38,True,True,True,False,False,False,True,Spain_La_Liga,2018-04-28 16:30:00
2017-2018,35,1,1,2,4,4,8,6,4,1,0,3,3,5,10,8,13,19,21,39,61,Coliseum Alfonso Pérez,"Avenida de Teresa de Calcuta, Getafe",8,4,2.0,3.36,4.39,1.47,2.4,4.7,2.1,1.65,0.0,1.83,0.0,1.83,0.0,0.0,0.0,0.0,2,1,1,0,0,0,2,1524996000,-1,0,44,0,8011,1,1,2,1,2,3,3,5,3,2,4,2,5,6,1,46,62,84,75,1.05,1.47,2.53,1,1,0,1,1,0,1,1,0,0,1,0,0,0,-1,-1,-1,-1,-1,-1,-1,-1,-1,53,65,30,59,Getafe CF,Girona FC,1.63,1.26,1.76,1.18,1.41,1.38,47,36,1.44,1.47,2.91,38,True,True,False,False,False,False,True,Spain_La_Liga,2018-04-29 10:00:00
2017-2018,35,2,1,3,6,4,10,1,4,0,0,4,6,9,6,13,12,9,17,63,37,Estadio Benito Villamarín,"Avenida de Heliópolis, Sevilla",1,4,1.43,5.03,8.01,1.24,1.77,2.95,2.1,1.65,0.0,2.0,0.0,1.72,0.0,0.0,0.0,0.0,3,1,1,1,0,1,2,1525114800,284,0,36,0,53163,1,1,3,3,3,1,6,4,0,1,1,3,1,4,1,64,53,99,79,1.56,1.56,3.12,0,0,0,0,0,0,1,1,0,0,1,0,0,1,-1,-1,-1,-1,-1,-1,-1,-1,-1,45,71,27,62,Real Betis,Málaga CF,1.79,0.26,1.76,0.29,1.65,0.59,56,30,1.69,1.18,2.87,38,True,True,True,False,False,False,True,Spain_La_Liga,2018-04-30 19:00:00
2017-2018,35,3,1,4,3,7,10,3,6,1,0,8,4,8,4,16,8,16,16,51,49,Estadio Municipal de Anoeta,"Paseo de Anoeta 1, Donostia-San Sebastián",5,6,1.94,3.67,4.2,1.26,1.83,3.15,1.74,1.95,0.0,1.72,0.0,2.0,0.0,0.0,0.0,0.0,4,2,0,1,1,2,2,1524924900,290,0,59,0,23972,1,1,2,4,1,3,6,4,1,2,3,4,3,7,1,49,58,83,96,1.92,1.21,3.13,0,1,0,1,0,0,1,1,0,0,0,0,0,0,-1,-1,-1,-1,-1,-1,-1,-1,-1,65,91,62,91,Real Sociedad,Athletic Club Bilbao,1.74,0.89,1.59,1.0,1.26,1.18,36,9,1.75,1.42,3.17,38,True,True,True,True,False,False,True,Spain_La_Liga,2018-04-28 14:15:00
2017-2018,35,2,1,3,4,8,12,1,1,0,0,8,5,7,17,15,22,4,15,43,57,Estadio Ciudad de Valencia,"Calle San Vicente de Paúl 44, Valencia",1,1,3.69,3.63,2.09,1.18,1.61,2.5,1.59,2.2,0.0,1.72,0.0,2.0,0.0,0.0,0.0,0.0,3,1,1,1,0,1,2,1524855600,292,0,44,0,17240,1,1,2,5,2,3,7,5,0,0,1,1,0,2,1,43,51,68,71,1.81,2.09,3.9,0,0,0,0,0,0,1,1,0,0,0,2,0,0,-1,-1,-1,-1,-1,-1,-1,-1,-1,53,71,24,65,Levante UD,Sevilla FC,1.42,1.05,1.24,1.12,1.09,1.45,47,30,1.39,1.51,2.9,38,True,True,True,False,False,False,True,Spain_La_Liga,2018-04-27 19:00:00
2017-2018,35,0,1,1,3,4,7,5,5,0,1,4,7,3,6,7,13,14,12,40,60,Estadio de Mendizorroza,"Paseo de Cervantes, Vitoria-Gasteiz",5,6,4.57,3.37,1.96,1.45,2.4,4.6,2.1,1.67,1.72,0.0,2.0,0.0,0.0,0.0,0.0,0.0,1,0,0,0,1,1,0,1525011300,117,0,38,0,18944,1,1,0,2,3,2,2,5,4,2,1,4,6,5,1,64,90,108,122,1.19,1.96,3.16,0,2,0,1,0,1,1,1,0,0,0,0,0,0,-1,-1,-1,-1,-1,-1,-1,-1,-1,44,59,21,56,Deportivo Alavés,Atlético Madrid,1.47,1.95,1.47,1.82,1.21,2.12,56,41,1.47,1.21,2.68,38,True,False,False,False,False,False,False,Spain_La_Liga,2018-04-29 14:15:00
2017-2018,35,1,1,2,6,7,13,2,4,0,0,8,4,8,7,16,11,18,22,54,46,RCDE Stadium,"Avenida Baix Llobregat 100, Cornella de Llobregat",2,4,1.42,4.64,9.47,1.26,1.83,3.1,2.05,1.67,0.0,1.9,0.0,1.8,0.0,0.0,0.0,0.0,2,0,1,1,0,1,1,1524913200,-1,0,32,0,13589,1,1,1,2,5,5,3,10,2,2,0,2,4,2,1,67,54,90,75,2.05,1.36,3.41,0,1,0,1,0,0,1,1,0,0,0,1,0,0,-1,-1,-1,-1,-1,-1,-1,-1,-1,39,59,21,53,RCD Espanyol,UD Las Palmas,1.58,0.42,1.53,0.41,1.15,0.62,62,41,1.45,1.22,2.67,38,True,True,False,False,False,False,True,Spain_La_Liga,2018-04-28 11:00:00
2017-2018,36,0,1,1,9,4,13,0,2,0,0,5,2,14,7,19,9,8,28,68,32,Estadio de Gran Canaria,"Avenida Pío XII 29, Las Palmas de Gran Canaria",0,2,3.38,3.34,2.27,1.31,1.95,3.45,1.77,1.91,1.72,0.0,2.0,0.0,0.0,0.0,0.0,0.0,1,0,0,0,1,1,0,1525624200,293,0,50,0,4624,1,1,4,2,5,2,6,7,0,1,0,1,1,1,1,81,40,93,81,2.12,1.0,3.13,0,0,0,0,0,0,1,1,0,0,2,0,0,0,-1,-1,-1,-1,-1,-1,-1,-1,-1,44,71,27,62,UD Las Palmas,Getafe CF,0.74,1.26,0.82,1.06,0.63,1.4,56,30,1.46,1.11,2.57,38,True,False,False,False,False,False,False,Spain_La_Liga,2018-05-06 16:30:00
2017-2018,36,0,2,2,6,3,9,1,3,0,0,4,7,4,5,8,12,9,13,44,56,Estadio Wanda Metropolitano,"Rosas, Madrid",1,3,1.44,4.37,8.79,1.39,2.2,4.15,2.3,1.56,0.0,2.1,0.0,1.66,0.0,0.0,0.0,0.0,2,0,0,0,2,2,0,1525616100,280,0,33,0,49834,1,1,2,2,4,1,4,5,0,0,1,3,0,4,1,72,56,97,106,1.31,1.66,2.97,0,0,0,0,0,0,1,1,0,0,0,2,0,0,-1,-1,-1,-1,-1,-1,-1,-1,-1,32,65,18,62,Atlético Madrid,RCD Espanyol,2.21,1.0,2.41,0.76,2.14,1.14,68,35,1.64,1.09,2.73,38,True,True,False,False,False,False,False,Spain_La_Liga,2018-05-06 14:15:00
2017-2018,36,0,3,3,6,5,11,5,1,1,0,3,4,10,6,13,10,15,11,42,58,Estadio Municipal de Butarque,"Calle Arquitectura, Leganés",7,1,2.11,3.33,3.83,1.35,2.1,3.8,1.83,1.87,1.66,1.9,2.1,1.8,0.0,0.0,0.0,0.0,3,0,0,0,3,3,0,1525719600,292,0,35,0,7832,1,1,5,5,1,0,10,1,2,1,4,0,3,4,1,40,52,47,59,1.31,1.28,2.59,0,0,0,0,0,0,1,1,0,0,1,0,0,0,-1,-1,-1,-1,-1,-1,-1,-1,-1,44,56,24,44,Leganés,Levante UD,1.63,1.0,1.65,0.94,1.14,1.14,56,44,1.39,1.12,2.51,38,True,True,True,False,False,False,False,Spain_La_Liga,2018-05-07 19:00:00
2017-2018,36,1,0,1,7,3,10,5,3,0,0,6,3,9,4,15,7,18,18,56,44,Estadio de la Cerámica,"Plaza Labrador, Villarreal",5,3,2.15,3.61,3.41,1.19,1.65,2.6,1.57,2.25,0.0,0.0,0.0,0.0,0.0,0.0,0.0,0.0,1,0,0,1,0,1,0,1525545900,76,0,65,0,19079,1,1,3,3,4,0,6,4,3,2,2,1,5,3,1,76,41,94,80,1.91,0.96,2.87,0,0,0,0,0,0,1,1,0,0,1,1,0,0,-1,-1,-1,-1,-1,-1,-1,-1,-1,59,85,24,71,Villarreal,Valencia CF,1.89,1.63,1.88,1.65,1.59,1.91,41,15,1.81,1.4,3.21,38,True,False,False,False,False,False,False,Spain_La_Liga,2018-05-05 18:45:00
2017-2018,36,1,1,2,4,10,14,4,2,0,0,5,3,5,5,10,8,6,11,52,48,Estadio de Balaídos (Vigo),"Avenida de Balaídos, Vigo",4,2,1.43,4.97,7.47,1.18,1.59,2.45,1.59,2.2,0.0,1.72,0.0,2.0,0.0,0.0,0.0,0.0,2,1,0,0,1,1,1,1525537800,-1,0,53,0,20816,1,1,3,5,1,5,8,6,0,1,4,1,1,5,1,56,65,85,67,1.39,1.18,2.57,0,0,0,0,0,0,1,1,0,0,1,0,0,1,-1,-1,-1,-1,-1,-1,-1,-1,-1,56,74,44,79,Celta de Vigo,Deportivo La Coruña,1.68,0.58,1.65,0.59,1.29,0.8,44,27,1.72,1.2,2.92,38,True,True,False,False,False,False,True,Spain_La_Liga,2018-05-05 16:30:00
2017-2018,36,2,0,2,4,5,9,0,2,0,0,9,5,8,3,17,8,13,12,42,58,San Mamés Barria,"Rafael Moreno Pitxitxi Kalea, Bilbao",0,2,2.18,3.57,3.38,1.26,1.83,3.1,1.71,2.0,0.0,1.9,0.0,1.8,0.0,0.0,0.0,0.0,2,0,0,2,0,2,0,1525529700,285,0,38,0,34491,1,1,2,2,2,3,4,5,0,1,0,1,1,1,1,87,62,132,103,2.33,1.31,3.64,0,0,0,0,0,0,1,1,0,0,1,0,0,0,-1,-1,-1,-1,-1,-1,-1,-1,-1,30,65,30,62,Athletic Club Bilbao,Real Betis,1.37,1.37,1.35,1.53,1.14,1.69,71,35,1.45,1.21,2.66,38,True,True,False,False,False,False,False,Spain_La_Liga,2018-05-05 14:15:00
2017-2018,36,1,4,5,6,5,11,2,5,0,0,6,7,8,8,14,15,11,13,57,43,Estadi Municipal de Montilivi,"Avenida Montlivi 141, Girona",2,5,2.08,3.39,3.85,1.38,2.2,4.1,1.95,1.74,1.72,2.0,2.0,1.72,0.0,0.0,0.0,0.0,5,0,2,1,2,3,2,1525518000,279,0,38,0,9706,1,1,4,4,2,1,8,3,1,0,1,5,1,6,1,64,57,79,89,1.76,1.85,3.61,0,0,0,0,0,0,1,1,0,1,0,0,0,0,-1,-1,-1,-1,-1,-1,-1,-1,-1,44,71,21,71,Girona FC,SD Eibar,1.42,1.21,1.59,1.12,1.37,1.26,56,29,1.58,1.45,3.03,38,True,True,True,True,True,False,True,Spain_La_Liga,2018-05-05 11:00:00
2017-2018,36,1,0,1,6,4,10,4,2,0,0,7,2,7,9,14,11,17,13,41,59,Estadio Ramón Sánchez Pizjuán,"Avenida de Eduardo Dato, Sevilla",4,2,1.77,4.07,4.46,1.15,1.5,2.25,1.48,2.5,0.0,1.72,0.0,2.0,0.0,0.0,0.0,0.0,1,0,0,1,0,1,0,1525460400,98,0,52,0,34733,1,1,3,1,3,3,4,6,1,0,3,2,1,5,1,50,41,60,57,1.73,1.13,2.85,1,0,1,0,0,0,1,1,0,0,0,0,0,0,-1,-1,-1,-1,-1,-1,-1,-1,-1,49,76,30,67,Sevilla FC,Real Sociedad,2.0,0.84,1.81,0.94,1.41,1.31,52,24,1.82,1.49,3.31,38,True,False,False,False,False,False,False,Spain_La_Liga,2018-05-04 19:00:00
2017-2018,36,0,3,3,6,7,13,2,1,0,0,5,8,7,3,12,11,15,13,53,47,Estadio La Rosaleda,"Avenida de la Palmilla / Paseo de Martiricos, Málaga",2,1,2.84,3.28,2.64,1.38,2.15,4.0,1.91,1.8,0.0,1.9,0.0,1.8,0.0,0.0,0.0,0.0,3,0,1,0,2,2,1,1525600800,277,0,35,0,14024,1,1,1,4,5,3,5,8,0,1,2,0,1,2,1,65,55,83,79,1.57,1.65,3.22,0,0,0,0,0,0,1,1,0,1,0,1,0,0,-1,-1,-1,-1,-1,-1,-1,-1,-1,41,62,21,76,Málaga CF,Deportivo Alavés,0.79,1.0,0.88,0.94,0.57,1.17,59,38,1.45,1.17,2.62,38,True,True,True,False,False,False,False,Spain_La_Liga,2018-05-06 10:00:00
2017-2018,36,2,2,4,6,5,11,3,5,1,0,5,6,6,10,11,16,8,20,50,50,Camp Nou,"Carrer d'Arístides Maillol, Barcelona",5,5,1.72,4.28,4.5,1.07,1.28,1.71,1.32,3.1,0.0,0.0,0.0,0.0,0.0,0.0,0.0,0.0,4,1,1,1,1,2,2,1525632300,-1,0,57,0,97939,1,1,2,0,4,5,2,9,3,3,1,2,6,3,1,52,63,97,86,1.43,1.88,3.3,0,0,0,0,0,0,1,1,1,0,1,0,0,0,1,13,9,1,21,13,1,11,6,75,85,56,85,FC Barcelona,Real Madrid,2.68,1.89,2.75,2.13,2.53,2.09,25,16,2.14,1.96,4.1,38,True,True,True,True,False,False,True,Spain_La_Liga,2018-05-06 18:45:00
2017-2018,37,0,1,1,6,2,8,2,3,0,0,6,7,7,4,13,11,15,11,57,43,Estadi Municipal de Montilivi,"Avenida Montlivi 141, Girona",2,3,2.74,3.69,2.5,1.22,1.71,2.8,1.65,2.1,0.0,1.83,0.0,1.83,0.0,0.0,0.0,0.0,1,0,0,0,1,1,0,1526142600,288,0,53,0,10850,-1,1,-1,-1,-1,-1,-1,-1,1,1,1,2,2,3,-1,0,0,0,0,0.0,0.0,0.0,0,0,0,0,0,0,1,1,0,0,-1,-1,0,0,-1,-1,-1,-1,-1,-1,-1,-1,-1,47,75,25,72,Girona FC,Valencia CF,1.42,1.63,1.5,1.56,1.33,1.86,53,25,1.59,1.37,2.96,38,True,False,False,False,False,False,False,Spain_La_Liga,2018-05-12 16:30:00
2017-2018,37,3,1,4,0,8,8,2,5,0,0,4,4,2,5,6,9,17,13,43,57,Estadio de Mendizorroza,"Paseo de Cervantes, Vitoria-Gasteiz",2,5,2.55,3.25,2.96,1.34,2.05,3.75,1.83,1.83,0.0,1.83,0.0,1.83,0.0,0.0,0.0,0.0,4,1,0,2,1,3,1,1526142600,277,0,48,0,19458,-1,1,-1,-1,-1,-1,-1,-1,2,2,0,3,4,3,-1,0,0,0,0,0.0,0.0,0.0,0,0,0,0,0,0,1,1,0,0,-1,-1,0,0,-1,-1,-1,-1,-1,-1,-1,-1,-1,44,75,34,64,Deportivo Alavés,Athletic Club Bilbao,1.47,0.89,1.39,0.94,1.22,1.19,56,25,1.45,1.41,2.86,38,True,True,True,True,False,False,True,Spain_La_Liga,2018-05-12 16:30:00
2017-2018,37,4,1,5,5,3,8,0,2,0,0,7,4,10,5,17,9,11,19,57,43,RCDE Stadium,"Avenida Baix Llobregat 100, Cornella de Llobregat",0,2,1.67,3.93,5.85,1.33,2.05,3.65,2.05,1.67,0.0,2.1,0.0,1.66,0.0,0.0,0.0,0.0,5,3,1,1,0,1,4,1526220900,280,0,34,0,15004,-1,1,-1,-1,-1,-1,-1,-1,0,0,0,2,0,2,-1,0,0,0,0,0.0,0.0,0.0,1,1,1,1,0,0,1,1,1,0,-1,-1,0,0,-1,-1,-1,-1,-1,-1,-1,-1,-1,25,56,22,53,RCD Espanyol,Málaga CF,1.58,0.26,1.5,0.28,1.19,0.56,75,45,1.5,1.21,2.71,38,True,True,True,True,True,False,True,Spain_La_Liga,2018-05-13 14:15:00
2017-2018,37,2,4,6,11,0,11,3,0,0,0,8,8,8,3,16,11,14,5,54,46,Estadio Municipal de Riazor (A Coruña (La Coruña)),"Calle Manuel Murguía, A Coruña (La Coruña)",3,0,3.8,3.84,1.95,1.17,1.57,2.45,1.57,2.25,0.0,0.0,0.0,0.0,0.0,0.0,0.0,0.0,6,0,3,2,1,3,3,1526142600,76,0,53,0,12789,-1,1,-1,-1,-1,-1,-1,-1,1,0,2,0,1,2,-1,0,0,0,0,0.0,0.0,0.0,0,0,0,0,0,0,1,1,0,1,-1,-1,0,0,-1,-1,-1,-1,-1,-1,-1,-1,-1,50,67,34,70,Deportivo La Coruña,Villarreal,0.95,1.32,1.0,1.22,0.81,1.58,50,33,1.74,1.16,2.9,38,True,True,True,True,True,True,True,Spain_La_Liga,2018-05-12 16:30:00
2017-2018,37,6,0,6,4,2,6,0,1,0,0,12,2,4,3,16,5,5,10,56,44,Estadio Santiago Bernabéu,"Avenida de Concha Espina 1, Chamartín, Madrid",0,1,1.28,6.54,9.53,1.04,1.21,1.56,1.47,2.5,0.0,1.72,0.0,2.0,0.0,0.0,0.0,0.0,6,3,0,3,0,3,3,1526150700,84,0,62,0,56474,-1,1,-1,-1,-1,-1,-1,-1,0,0,0,1,0,1,-1,0,0,0,0,0.0,0.0,0.0,0,0,0,0,0,0,1,1,0,0,-1,-1,0,0,-1,-1,-1,-1,-1,-1,-1,-1,-1,73,86,56,84,Real Madrid,Celta de Vigo,2.11,0.89,2.06,0.94,2.0,1.28,28,14,2.32,1.29,3.61,38,True,True,True,True,True,True,False,Spain_La_Liga,2018-05-12 18:45:00
2017-2018,37,0,1,1,8,2,10,3,2,0,0,4,4,6,2,10,6,12,16,53,47,Coliseum Alfonso Pérez,"Avenida de Teresa de Calcuta, Getafe",3,2,3.08,3.15,2.54,1.54,2.7,5.4,2.25,1.57,0.0,2.1,0.0,1.66,0.0,0.0,0.0,0.0,1,0,1,0,0,0,1,1526142600,117,0,33,0,12187,-1,1,-1,-1,-1,-1,-1,-1,1,1,2,1,2,3,-1,0,0,0,0,0.0,0.0,0.0,1,0,0,0,1,0,1,1,0,1,-1,-1,0,0,-1,-1,-1,-1,-1,-1,-1,-1,-1,42,50,25,56,Getafe CF,Atlético Madrid,1.63,1.95,1.72,1.89,1.44,2.08,59,50,1.41,1.26,2.67,38,True,False,False,False,False,False,False,Spain_La_Liga,2018-05-12 16:30:00
2017-2018,37,2,2,4,4,5,9,1,4,0,0,6,6,3,8,9,14,9,20,48,52,Estadio Benito Villamarín,"Avenida de Heliópolis, Sevilla",1,4,2.9,3.78,2.34,1.16,1.53,2.35,1.48,2.45,0.0,1.8,0.0,1.9,0.0,0.0,0.0,0.0,4,1,0,1,2,3,1,1526142600,-1,0,45,0,55588,-1,1,-1,-1,-1,-1,-1,-1,1,2,0,2,3,2,-1,0,0,0,0,0.0,0.0,0.0,0,0,0,0,0,0,1,1,1,0,-1,-1,0,0,-1,-1,-1,-1,-1,-1,-1,-1,-1,64,75,34,75,Real Betis,Sevilla FC,1.79,1.05,1.83,1.06,1.64,1.5,36,25,1.68,1.54,3.22,38,True,True,True,True,False,False,True,Spain_La_Liga,2018-05-12 16:30:00
2017-2018,37,1,0,1,3,11,14,3,1,0,0,5,3,4,2,9,5,13,12,52,48,Estadio Municipal de Ipurúa,"Calle de Ipurúa, Eibar",3,1,1.45,4.7,7.41,1.16,1.53,2.35,1.74,1.95,0.0,1.83,0.0,1.83,0.0,0.0,0.0,0.0,1,1,0,0,0,0,1,1526142600,279,0,36,0,5107,-1,1,-1,-1,-1,-1,-1,-1,2,1,1,0,3,1,-1,0,0,0,0,0.0,0.0,0.0,0,0,0,0,0,0,1,1,1,0,-1,-1,0,0,-1,-1,-1,-1,-1,-1,-1,-1,-1,47,64,25,67,SD Eibar,UD Las Palmas,1.47,0.42,1.39,0.44,1.31,0.61,53,36,1.61,1.23,2.84,38,True,False,False,False,False,False,False,Spain_La_Liga,2018-05-12 16:30:00
2017-2018,37,3,2,5,5,1,6,1,2,0,0,9,3,5,5,14,8,8,11,59,41,Estadio Municipal de Anoeta,"Paseo de Anoeta 1, Donostia-San Sebastián",1,2,1.6,4.12,5.93,1.19,1.65,2.6,1.91,1.8,0.0,1.8,0.0,1.9,0.0,0.0,0.0,0.0,5,2,1,1,1,2,3,1526134500,290,0,50,0,19981,-1,1,-1,-1,-1,-1,-1,-1,0,0,1,2,0,3,-1,0,0,0,0,0.0,0.0,0.0,1,0,1,0,0,0,1,1,0,0,-1,-1,0,0,-1,-1,-1,-1,-1,-1,-1,-1,-1,70,84,56,84,Real Sociedad,Leganés,1.74,0.63,1.67,0.67,1.28,1.11,31,17,1.76,1.26,3.02,38,True,True,True,True,True,False,True,Spain_La_Liga,2018-05-12 14:15:00
2017-2018,37,5,4,9,3,8,11,6,7,0,0,8,8,3,8,11,16,17,12,38,62,Estadio Ciudad de Valencia,"Calle San Vicente de Paúl 44, Valencia",6,7,9.99,6.05,1.31,1.08,1.32,1.83,1.51,2.35,1.72,2.0,2.0,1.72,0.0,0.0,0.0,0.0,9,2,1,3,3,6,3,1526237100,292,0,53,0,22384,-1,1,-1,-1,-1,-1,-1,-1,2,1,4,6,3,10,-1,0,0,0,0,0.0,0.0,0.0,0,1,0,1,0,0,1,1,1,0,-1,-1,0,0,-1,-1,-1,-1,-1,-1,-1,-1,-1,50,89,25,64,Levante UD,FC Barcelona,1.42,2.21,1.33,2.33,1.19,2.5,50,11,1.41,1.89,3.3,38,True,True,True,True,True,True,True,Spain_La_Liga,2018-05-13 18:45:00
2017-2018,38,4,2,6,5,3,8,1,3,0,0,8,4,11,3,19,7,9,15,63,37,Estadio de Balaídos (Vigo),"Avenida de Balaídos, Vigo",1,3,1.83,4.13,4.21,1.11,1.4,2.0,1.48,2.5,0.0,1.8,0.0,1.9,0.0,0.0,0.0,0.0,6,2,1,2,1,3,3,1526727600,281,0,50,0,10480,-1,1,-1,-1,-1,-1,-1,-1,0,3,1,0,3,1,-1,0,0,0,0,0.0,0.0,0.0,0,0,0,0,0,0,1,1,0,0,-1,-1,0,0,-1,-1,-1,-1,-1,-1,-1,-1,-1,53,72,36,64,Celta de Vigo,Levante UD,1.68,1.0,1.61,1.06,1.24,1.24,47,28,1.7,1.13,2.83,38,True,True,True,True,True,True,True,Spain_La_Liga,2018-05-19 11:00:00
2017-2018,38,0,1,1,7,7,14,0,1,0,0,5,5,7,8,12,13,3,11,51,49,San Mamés Barria,"Rafael Moreno Pitxitxi Kalea, Bilbao",0,1,1.89,3.86,4.2,1.21,1.69,2.7,1.61,2.15,0.0,1.83,0.0,1.83,0.0,0.0,0.0,0.0,1,0,1,0,0,0,1,1526825700,280,0,42,0,28492,-1,1,-1,-1,-1,-1,-1,-1,0,0,0,1,0,1,-1,0,0,0,0,0.0,0.0,0.0,0,0,0,0,0,0,1,1,0,1,-1,-1,0,0,-1,-1,-1,-1,-1,-1,-1,-1,-1,28,70,25,64,Athletic Club Bilbao,RCD Espanyol,1.37,1.0,1.44,0.89,1.16,1.24,73,31,1.52,1.13,2.65,38,True,False,False,False,False,False,False,Spain_La_Liga,2018-05-20 14:15:00
2017-2018,38,1,0,1,8,3,11,2,2,0,0,11,5,11,6,22,11,15,11,57,43,Estadio Ramón Sánchez Pizjuán,"Avenida de Eduardo Dato, Sevilla",2,2,1.49,4.89,6.71,1.08,1.3,1.8,1.57,2.25,0.0,0.0,0.0,0.0,0.0,0.0,0.0,0.0,1,1,0,0,0,0,1,1526747400,98,0,42,0,22513,-1,1,-1,-1,-1,-1,-1,-1,0,0,2,2,0,4,-1,0,0,0,0,0.0,0.0,0.0,0,0,0,0,0,0,1,1,0,0,-1,-1,0,0,-1,-1,-1,-1,-1,-1,-1,-1,-1,47,73,25,70,Sevilla FC,Deportivo Alavés,2.0,1.0,1.94,1.06,1.49,1.27,53,28,1.82,1.21,3.03,38,True,False,False,False,False,False,False,Spain_La_Liga,2018-05-19 16:30:00
2017-2018,38,0,1,1,2,9,11,4,1,0,0,2,4,4,5,6,9,18,13,42,58,Estadio La Rosaleda,"Avenida de la Palmilla / Paseo de Martiricos, Málaga",4,1,3.09,3.62,2.35,1.27,1.87,3.2,1.69,2.05,1.8,0.0,1.9,0.0,0.0,0.0,0.0,0.0,1,0,0,0,1,1,0,1526747400,293,0,42,0,10064,-1,1,-1,-1,-1,-1,-1,-1,1,0,3,1,1,4,-1,0,0,0,0,0.0,0.0,0.0,0,1,0,1,0,0,1,1,0,0,-1,-1,0,0,-1,-1,-1,-1,-1,-1,-1,-1,-1,36,61,20,67,Málaga CF,Getafe CF,0.79,1.26,0.83,1.17,0.54,1.41,64,39,1.46,1.1,2.56,38,True,False,False,False,False,False,False,Spain_La_Liga,2018-05-19 16:30:00
2017-2018,38,1,0,1,3,8,11,3,2,0,0,6,3,8,9,14,12,13,14,58,42,Camp Nou,"Carrer d'Arístides Maillol, Barcelona",3,2,1.24,7.5,9.99,1.04,1.19,1.53,1.43,2.6,0.0,0.0,0.0,0.0,0.0,0.0,0.0,0.0,1,0,0,1,0,1,0,1526841900,83,0,50,0,84168,-1,1,-1,-1,-1,-1,-1,-1,1,1,2,1,2,3,-1,0,0,0,0,0.0,0.0,0.0,0,0,0,0,0,0,1,1,0,0,-1,-1,0,0,-1,-1,-1,-1,-1,-1,-1,-1,-1,61,78,45,78,FC Barcelona,Real Sociedad,2.68,0.84,2.67,0.89,2.43,1.32,39,22,2.09,1.46,3.55,38,True,False,False,False,False,False,False,Spain_La_Liga,2018-05-20 18:45:00
2017-2018,38,1,2,3,4,3,7,1,2,0,0,8,6,6,6,14,12,7,18,57,43,Estadio de Gran Canaria,"Avenida Pío XII 29, Las Palmas de Gran Canaria",1,2,2.88,3.72,2.44,1.15,1.5,2.25,1.48,2.45,0.0,2.0,0.0,1.72,0.0,0.0,0.0,0.0,3,1,2,0,0,0,3,1526747400,312,0,53,0,6326,-1,1,-1,-1,-1,-1,-1,-1,0,2,1,0,2,1,-1,0,0,0,0,0.0,0.0,0.0,1,0,1,0,0,0,1,1,0,1,-1,-1,0,0,-1,-1,-1,-1,-1,-1,-1,-1,-1,53,75,36,67,UD Las Palmas,Girona FC,0.74,1.26,0.78,1.17,0.59,1.3,47,25,1.5,1.47,2.97,38,True,True,True,False,False,False,True,Spain_La_Liga,2018-05-19 16:30:00
2017-2018,38,2,1,3,8,4,12,0,0,0,0,6,8,16,5,22,13,8,10,58,42,Estadio de Mestalla,"Avenida de Suecia, Valencia",0,0,1.43,5.2,7.35,1.09,1.34,1.87,1.65,2.1,0.0,0.0,0.0,0.0,0.0,0.0,0.0,0.0,3,1,0,1,1,2,1,1526810400,288,0,50,0,35376,-1,-1,-1,-1,-1,-1,-1,-1,0,0,0,0,0,0,-1,0,0,0,0,0.0,0.0,0.0,0,0,0,0,0,0,1,1,0,0,-1,-1,-1,-1,-1,-1,-1,-1,-1,-1,-1,-1,-1,59,75,39,83,Valencia CF,Deportivo La Coruña,2.21,0.58,2.17,0.61,1.89,0.78,42,25,1.76,1.2,2.96,38,True,True,True,False,False,False,True,Spain_La_Liga,2018-05-20 10:00:00
2017-2018,38,2,2,4,2,2,4,5,2,1,0,5,6,4,8,9,14,14,14,45,55,Estadio Wanda Metropolitano,"Rosas, Madrid",6,2,1.66,4.05,5.66,1.21,1.69,2.75,1.87,1.83,0.0,1.83,0.0,1.83,0.0,0.0,0.0,0.0,4,1,1,1,1,2,2,1526833800,-1,0,33,0,63229,-1,1,-1,-1,-1,-1,-1,-1,2,0,4,2,2,6,-1,0,0,0,0,0.0,0.0,0.0,0,0,0,0,0,0,1,1,0,0,-1,-1,1,0,-1,-1,-1,-1,-1,-1,-1,-1,-1,39,70,17,53,Atlético Madrid,SD Eibar,2.21,1.21,2.28,1.22,2.11,1.35,61,31,1.62,1.48,3.1,38,True,True,True,True,False,False,True,Spain_La_Liga,2018-05-20 16:30:00
2017-2018,38,3,2,5,6,4,10,1,0,1,0,4,8,5,7,9,15,9,9,35,65,Estadio Municipal de Butarque,"Calle Arquitectura, Leganés",2,0,2.93,3.69,2.42,1.18,1.61,2.5,1.53,2.3,0.0,1.83,0.0,1.83,0.0,0.0,0.0,0.0,5,1,1,2,1,3,2,1526739300,278,0,28,0,10813,-1,1,-1,-1,-1,-1,-1,-1,2,0,0,0,2,0,-1,0,0,0,0,0.0,0.0,0.0,0,0,0,0,0,0,1,1,0,0,-1,-1,0,0,-1,-1,-1,-1,-1,-1,-1,-1,-1,36,53,20,47,Leganés,Real Betis,1.63,1.37,1.56,1.44,1.08,1.62,64,48,1.38,1.22,2.6,38,True,True,True,True,True,False,True,Spain_La_Liga,2018-05-19 14:15:00
2017-2018,38,2,2,4,4,5,9,4,3,0,0,5,8,7,7,12,15,13,9,43,57,Estadio de la Cerámica,"Plaza Labrador, Villarreal",4,3,2.68,4.07,2.46,1.06,1.26,1.69,1.3,3.25,0.0,0.0,0.0,0.0,0.0,0.0,0.0,0.0,4,0,2,2,0,2,2,1526755500,-1,0,64,0,18891,-1,1,-1,-1,-1,-1,-1,-1,0,0,4,3,0,7,-1,0,0,0,0,0.0,0.0,0.0,0,0,0,0,0,0,1,1,0,0,-1,-1,0,0,-1,-1,-1,-1,-1,-1,-1,-1,-1,72,83,39,78,Villarreal,Real Madrid,1.89,1.89,1.94,1.94,1.62,2.03,28,17,1.82,1.96,3.78,38,True,True,True,True,False,False,True,Spain_La_Liga,2018-05-19 18:45:00
