league,full_name,team,position,age,height,weight,nationality,appearances_away,appearances_home,appearances_overall,assists_away,assists_home,assists_overall,assists_per_90_overall,birthday,cards_overall,cards_per_90_overall,clean_sheets_away,clean_sheets_home,clean_sheets_overall,clean_sheets_per_overall,conceded_away,conceded_home,conceded_overall,conceded_per_90_overall,continent,detailed,detailed_accurate_crosses_per90_percentile_overall,detailed_accurate_crosses_per_90_overall,detailed_accurate_crosses_per_game_overall,detailed_accurate_crosses_total_overall,detailed_aerial_duels_won_per90_percentile_overall,detailed_aerial_duels_won_per_90_overall,detailed_aerial_duels_won_per_game_overall,detailed_aerial_duels_won_percentage_overall,detailed_aerial_duels_won_total_overall,detailed_annual_salary_eur,detailed_annual_salary_eur_percentile,detailed_assists_per90_percentile_overall,detailed_assists_per_game_overall,detailed_average_rating_overall,detailed_average_rating_percentile_overall,detailed_blocks_per90_percentile_overall,detailed_blocks_per_90_overall,detailed_blocks_per_game_overall,detailed_blocks_total_overall,detailed_booked_over05_overall,detailed_booked_over05_percentage_overall,detailed_booked_over05_percentage_percentile_overall,detailed_cards_per90_percentile_overall,detailed_clean_sheets_percentage_percentile_overall,detailed_clearances_per90_percentile_overall,detailed_clearances_per_90_overall,detailed_clearances_per_game_overall,detailed_clearances_total_overall,detailed_conceded_per90_percentile_overall,detailed_cross_completion_rate_overall,detailed_cross_completion_rate_percentile_overall,detailed_crosses_per90_percentile_overall,detailed_crosses_per_90_overall,detailed_crosses_per_game_overall,detailed_crosses_total_overall,detailed_detailed_matches_played_recorded_overall,detailed_detailed_minutes_played_recorded_overall,detailed_dispossesed_per90_percentile_overall,detailed_dispossesed_per_90_overall,detailed_dispossesed_per_game_overall,detailed_dispossesed_total_overall,detailed_dribbled_past_per90_percentile_overall,detailed_dribbled_past_per_90_overall,detailed_dribbled_past_per_game_overall,detailed_dribbled_past_total_overall,detailed_dribbles_per90_percentile_overall,detailed_dribbles_per_90_overall,detailed_dribbles_per_game_overall,detailed_dribbles_successful_per90_percentile_overall,detailed_dribbles_successful_per_90_overall,detailed_dribbles_successful_per_game_overall,detailed_dribbles_successful_percentage_overall,detailed_dribbles_successful_percentage_percentile_overall,detailed_dribbles_successful_total_overall,detailed_dribbles_total_overall,detailed_duels_per90_percentile_overall,detailed_duels_per_90_overall,detailed_duels_per_game_overall,detailed_duels_total_overall,detailed_duels_won_per90_percentile_overall,detailed_duels_won_per_90_overall,detailed_duels_won_per_game_overall,detailed_duels_won_percentage_overall,detailed_duels_won_total_overall,detailed_fouls_committed_per90_percentile_overall,detailed_fouls_committed_per_90_overall,detailed_fouls_committed_per_game_overall,detailed_fouls_committed_total_overall,detailed_fouls_drawn_per90_percentile_overall,detailed_fouls_drawn_per_90_overall,detailed_fouls_drawn_per_game_overall,detailed_fouls_drawn_total_overall,detailed_games_started,detailed_games_started_percentile_overall,detailed_games_subbed_in,detailed_games_subbed_in_percentile_overall,detailed_games_subbed_out,detailed_games_subbed_out_percentile_overall,detailed_goals_involved_per90_percentile_overall,detailed_goals_per90_percentile_away,detailed_goals_per90_percentile_home,detailed_goals_per90_percentile_overall,detailed_hattricks_total_overall,detailed_hit_woodwork_per90_percentile_overall,detailed_hit_woodwork_per_90_overall,detailed_hit_woodwork_per_game_overall,detailed_hit_woodwork_total_overall,detailed_interceptions_per90_percentile_overall,detailed_interceptions_per_90_overall,detailed_interceptions_per_game_overall,detailed_interceptions_total_overall,detailed_key_passes_per90_percentile_overall,detailed_key_passes_per_90_overall,detailed_key_passes_per_game_overall,detailed_key_passes_total_overall,detailed_long_passes_per_game_overall,detailed_matches_played_percentile_overall,detailed_min_per_card_percentile_overall,detailed_min_per_conceded_percentile_overall,detailed_min_per_goal_percentile_overall,detailed_minutes_played_percentile_overall,detailed_npxg_per90_percentile_overall,detailed_npxg_per_90_overall,detailed_npxg_per_game_overall,detailed_npxg_total_overall,detailed_pass_completion_rate_overall,detailed_pass_completion_rate_percentile_overall,detailed_passes_completed_per90_percentile_overall,detailed_passes_completed_per_90_overall,detailed_passes_completed_per_game_overall,detailed_passes_completed_total_overall,detailed_passes_per90_percentile_overall,detailed_passes_per_90_overall,detailed_passes_per_game_overall,detailed_passes_total_overall,detailed_pen_committed_per90_percentile_overall,detailed_pen_committed_per_90_overall,detailed_pen_committed_per_game_overall,detailed_pen_committed_total_overall,detailed_pen_missed_total_overall,detailed_pen_save_percentage_overall,detailed_pen_scored_total_overall,detailed_penalties_won_total_overall,detailed_pens_saved_total_overall,detailed_pens_taken_total_overall,detailed_progressive_passes_total_overall,detailed_punches_per90_percentile_overall,detailed_punches_per_90_overall,detailed_punches_per_game_overall,detailed_punches_total_overall,detailed_ratings_total_overall,detailed_save_percentage_overall,detailed_save_percentage_percentile_overall,detailed_saves_per90_percentile_overall,detailed_saves_per_90_overall,detailed_saves_per_game_overall,detailed_saves_total_overall,detailed_shirt_number,detailed_short_passes_per_game_overall,detailed_shot_accuraccy_percentage_overall,detailed_shot_accuraccy_percentage_percentile_overall,detailed_shot_conversion_rate_overall,detailed_shot_conversion_rate_percentile_overall,detailed_shots_faced_per90_percentile_overall,detailed_shots_faced_per_90_overall,detailed_shots_faced_per_game_overall,detailed_shots_faced_total_overall,detailed_shots_off_target_per90_percentile_overall,detailed_shots_off_target_per_90_overall,detailed_shots_off_target_per_game_overall,detailed_shots_off_target_total_overall,detailed_shots_on_target_per90_percentile_overall,detailed_shots_on_target_per_90_overall,detailed_shots_on_target_per_game_overall,detailed_shots_on_target_total_overall,detailed_shots_per90_percentile_overall,detailed_shots_per_90_overall,detailed_shots_per_game_overall,detailed_shots_per_goal_conceded_overall,detailed_shots_per_goal_scored_overall,detailed_shots_total_overall,detailed_tackles_per90_percentile_overall,detailed_tackles_per_90_overall,detailed_tackles_per_game_overall,detailed_tackles_successful_per90_percentile_overall,detailed_tackles_successful_per_90_overall,detailed_tackles_successful_per_game_overall,detailed_tackles_successful_total_overall,detailed_tackles_total_overall,detailed_three_goals_in_a_game_percentage_overall,detailed_three_goals_in_a_game_total_overall,detailed_two_goals_in_a_game_percentage_overall,detailed_two_goals_in_a_game_total_overall,detailed_xa_per90_percentile_overall,detailed_xa_per_90_overall,detailed_xa_per_game_overall,detailed_xa_total_overall,detailed_xg_per90_percentile_overall,detailed_xg_per_90_overall,detailed_xg_per_game_overall,detailed_xg_total_overall,ending_year,goals_away,goals_home,goals_involved_per_90_overall,goals_overall,goals_per_90_away,goals_per_90_home,goals_per_90_overall,last_match_timestamp,league_type,min_per_assist_overall,min_per_card_overall,min_per_conceded_overall,min_per_goal_overall,min_per_match,minutes_played_away,minutes_played_home,minutes_played_overall,penalty_goals,penalty_misses,penalty_success,rank_in_club_top_scorer,rank_in_league_top_attackers,rank_in_league_top_defenders,red_cards_overall,season,starting_year,yellow_cards_overall
Italy_Serie_A_2025-2026,Josh Doig,Sassuolo,Defender,23,189,0,Scotland,5,5,10,0,0,0,0.0,2002-01-01,4,0.48,3,1,4,40,4,5,9,1.07,eu,,95.0,53.71,40.91,450.0,76.0,1.91,1.45,0.0,16.0,1920000.0,50.0,64.0,0.0,6.1,44.0,93.0,0.84,0.64,7.0,4.0,40.0,98.0,94.0,64.0,72.0,2.63,2.0,22.0,47.0,4090.91,91.0,63.0,1.31,1.0,11.0,11.0,754.0,44.0,0.72,0.55,6.0,64.0,0.36,0.27,3.0,71.0,1.55,1.18,36.0,0.24,0.18,15.0,21.0,2.0,13.0,62.0,9.91,7.55,83.0,65.0,5.13,3.91,51.0,43.0,42.0,1.07,0.82,9.0,57.0,1.19,0.91,10.0,9.0,73.0,1.0,51.0,3.0,86.0,42.0,76.0,70.0,57.0,0.0,80.0,0.0,0.0,0.0,96.0,1.67,1.27,14.0,54.0,0.84,0.64,7.0,0.0,65.0,37.0,47.0,57.0,64.0,22.0,0.02,0.02,0.18,81.0,46.0,48.0,26.98,20.55,226.0,47.0,33.3,25.36,279.0,99.0,0.0,0.0,0.0,0.0,0.0,0.0,0.0,0.0,0.0,0.0,0.0,0.0,0.0,0.0,67.11,0.0,0.0,0.0,0.0,0.0,0.0,3,0.0,50.0,89.0,0.0,58.0,47.0,1.07,0.82,9.0,15.0,0.12,0.09,1.0,32.0,0.12,0.09,1.0,16.0,0.24,0.18,0.0,0.0,2.0,69.0,1.79,1.36,99.0,0.0,0.0,0.0,15.0,0.0,0.0,0.0,0.0,44.0,0.1,0.07,0.82,22.0,0.02,0.02,0.18,2026,0,0,0.0,0,0.0,0.0,0.0,2025-11-03 17:30:00,Domestic League,0,189,84,0,75,325,429,754,0,0,-1,9,210,72,0,2025/2026,2025,4
Italy_Serie_A_2025-2026,Sebastian Walukiewicz,Sassuolo,Defender,25,188,85,Poland,5,5,10,0,0,0,0.0,1970-01-12,1,0.11,3,1,4,40,3,5,8,0.85,eu,,66.0,20.21,19.0,190.0,39.0,0.85,0.8,0.0,8.0,1390000.0,39.0,64.0,0.0,6.71,67.0,39.0,0.11,0.1,1.0,1.0,10.0,52.0,42.0,64.0,76.0,2.98,2.8,28.0,66.0,1187.5,69.0,66.0,1.7,1.6,16.0,10.0,846.0,39.0,0.85,0.8,8.0,66.0,0.32,0.3,3.0,61.0,1.28,1.2,72.0,0.74,0.7,58.0,76.0,7.0,12.0,23.0,7.02,6.6,66.0,27.0,3.51,3.3,50.0,33.0,32.0,0.96,0.9,9.0,15.0,0.32,0.3,3.0,10.0,83.0,0.0,34.0,2.0,69.0,42.0,76.0,70.0,57.0,0.0,80.0,0.0,0.0,0.0,54.0,0.64,0.6,6.0,62.0,0.96,0.9,9.0,0.0,65.0,92.0,66.0,57.0,75.0,15.0,0.01,0.01,0.05,84.97,67.0,58.0,31.28,29.4,294.0,55.0,36.81,34.6,346.0,99.0,0.0,0.0,0.0,0.0,0.0,0.0,0.0,0.0,0.0,0.0,0.0,0.0,0.0,0.0,67.08,0.0,0.0,0.0,0.0,0.0,0.0,6,0.0,0.0,25.0,0.0,58.0,46.0,1.06,1.0,10.0,14.0,0.11,0.1,1.0,25.0,0.0,0.0,0.0,11.0,0.11,0.1,0.0,0.0,1.0,62.0,1.6,1.5,99.0,0.0,0.0,0.0,15.0,0.0,0.0,0.0,0.0,44.0,0.1,0.09,0.91,15.0,0.01,0.01,0.05,2026,0,0,0.0,0,0.0,0.0,0.0,2025-11-09 11:30:00,Domestic League,0,846,106,0,85,450,396,846,0,0,-1,19,273,45,0,2025/2026,2025,1
Italy_Serie_A_2025-2026,Domenico Berardi,Sassuolo,Forward,31,183,72,Italy,4,5,9,2,1,3,0.36,1970-01-09,2,0.24,2,1,3,33,4,5,9,1.07,eu,,70.0,21.7,20.33,183.0,28.0,0.59,0.56,0.0,5.0,6950000.0,92.0,96.0,0.33,7.25,96.0,35.0,0.0,0.0,0.0,2.0,22.0,83.0,66.0,50.0,44.0,1.19,1.11,10.0,47.0,1016.67,66.0,71.0,2.13,2.0,18.0,9.0,759.0,51.0,0.59,0.56,5.0,13.0,1.07,1.0,9.0,76.0,1.78,1.67,58.0,0.47,0.44,26.0,31.0,4.0,15.0,54.0,9.37,8.78,79.0,43.0,4.15,3.89,44.0,35.0,62.0,1.42,1.33,12.0,77.0,1.78,1.67,15.0,9.0,73.0,0.0,34.0,1.0,46.0,97.0,98.0,78.0,96.0,0.0,80.0,0.0,0.0,0.0,75.0,0.95,0.89,8.0,76.0,1.3,1.22,11.0,0.0,45.0,65.0,47.0,62.0,65.0,82.0,0.27,0.25,2.28,78.51,37.0,36.0,22.53,21.11,190.0,34.0,28.7,26.89,242.0,99.0,0.0,0.0,0.0,0.0,0.0,2.0,0.0,0.0,2.0,0.0,0.0,0.0,0.0,0.0,65.29,0.0,0.0,0.0,0.0,0.0,0.0,10,0.0,57.14,93.0,28.57,94.0,56.0,1.19,1.11,10.0,58.0,0.71,0.67,6.0,88.0,0.95,0.89,8.0,73.0,1.66,1.56,0.0,3.5,14.0,51.0,1.42,1.33,99.0,0.0,0.0,0.0,12.0,0.0,0.0,0.0,0.0,93.0,0.3,0.28,2.54,92.0,0.44,0.41,3.68,2026,3,1,0.83,4,0.75,0.23,0.47,2025-11-09 11:30:00,Domestic League,253,380,84,190,84,360,399,759,2,0,100,2,16,-1,0,2025/2026,2025,2
Italy_Serie_A_2025-2026,Daniel Boloca,Sassuolo,Midfielder,26,185,80,Romania,1,1,2,0,0,0,0.0,1970-01-11,0,0.0,0,0,0,0,2,2,4,2.65,eu,,41.0,0.0,0.0,0.0,3.0,0.0,0.0,0.0,0.0,1390000.0,39.0,64.0,0.0,2.24,0.0,35.0,0.0,0.0,0.0,0.0,0.0,31.0,30.0,1.0,51.0,1.32,0.33,2.0,0.0,0.0,41.0,47.0,0.66,0.17,1.0,6.0,136.0,99.0,0.0,0.0,0.0,37.0,0.66,0.17,1.0,63.0,1.32,0.33,68.0,0.66,0.17,50.0,69.0,1.0,2.0,14.0,5.96,1.5,9.0,12.0,2.65,0.67,44.0,4.0,6.0,0.0,0.0,0.0,31.0,0.66,0.17,1.0,2.0,4.0,0.0,34.0,2.0,69.0,42.0,76.0,70.0,57.0,0.0,80.0,0.0,0.0,0.0,88.0,1.32,0.33,2.0,45.0,0.66,0.17,1.0,0.0,0.0,30.0,0.0,57.0,0.0,44.0,0.07,0.02,0.1,94.64,99.0,66.0,35.07,8.83,53.0,56.0,37.06,9.33,56.0,99.0,0.0,0.0,0.0,0.0,0.0,0.0,0.0,0.0,0.0,0.0,0.0,0.0,0.0,0.0,13.45,0.0,0.0,0.0,0.0,0.0,0.0,11,0.0,0.0,25.0,0.0,58.0,93.0,2.65,0.67,4.0,80.0,1.32,0.33,2.0,25.0,0.0,0.0,0.0,65.0,1.32,0.33,0.0,0.0,2.0,47.0,1.32,0.33,99.0,0.0,0.0,0.0,2.0,0.0,0.0,0.0,0.0,38.0,0.09,0.02,0.14,43.0,0.07,0.02,0.1,2026,0,0,0.0,0,0.0,0.0,0.0,2025-08-29 16:30:00,Domestic League,0,0,34,0,68,46,90,136,0,0,-1,24,-1,-1,0,2025/2026,2025,0
Italy_Serie_A_2025-2026,Stefano Turati,Sassuolo,Goalkeeper,24,188,79,Italy,0,1,1,0,0,0,0.0,1970-01-12,0,0.0,0,0,0,0,0,2,2,2.0,eu,,41.0,0.0,0.0,0.0,46.0,1.0,0.09,0.0,1.0,1060000.0,25.0,64.0,0.0,0.57,0.0,35.0,0.0,0.0,0.0,0.0,0.0,31.0,30.0,1.0,62.0,2.0,0.18,2.0,1.0,0.0,41.0,18.0,0.0,0.0,0.0,11.0,90.0,99.0,0.0,0.0,0.0,99.0,0.0,0.0,0.0,13.0,0.0,0.0,20.0,0.0,0.0,0.0,20.0,0.0,0.0,7.0,1.0,0.09,1.0,7.0,1.0,0.09,100.0,1.0,6.0,0.0,0.0,0.0,2.0,0.0,0.0,0.0,1.0,0.0,0.0,34.0,0.0,17.0,42.0,76.0,70.0,57.0,0.0,80.0,0.0,0.0,0.0,15.0,0.0,0.0,0.0,12.0,0.0,0.0,0.0,0.0,0.0,30.0,1.0,57.0,0.0,11.0,0.0,0.0,0.0,27.27,0.0,1.0,6.0,0.55,6.0,16.0,22.0,2.0,22.0,99.0,0.0,0.0,0.0,0.0,0.0,0.0,0.0,0.0,0.0,0.0,99.0,2.0,0.18,2.0,6.25,50.0,4.0,20.0,2.0,0.18,2.0,13,0.0,0.0,25.0,0.0,58.0,96.0,4.0,0.36,4.0,12.0,0.0,0.0,0.0,25.0,0.0,0.0,0.0,10.0,0.0,0.0,0.0,0.0,0.0,7.0,0.0,0.0,99.0,0.0,0.0,0.0,0.0,0.0,0.0,0.0,0.0,0.0,0.01,0.0,0.01,11.0,0.0,0.0,0.0,2026,0,0,0.0,0,0.0,0.0,0.0,2025-08-23 16:30:00,Domestic League,0,0,45,0,90,0,90,90,0,0,-1,23,-1,-1,0,2025/2026,2025,0
Italy_Serie_A_2025-2026,Filippo Romagna,Sassuolo,Defender,28,186,75,Italy,1,2,3,0,0,0,0.0,1970-01-11,0,0.0,1,0,1,33,0,3,3,1.33,eu,,41.0,0.0,0.0,0.0,60.0,1.33,0.38,0.0,3.0,930000.0,23.0,64.0,0.0,2.49,0.0,99.0,1.33,0.38,3.0,0.0,0.0,31.0,30.0,50.0,58.0,1.77,0.5,4.0,22.0,0.0,41.0,18.0,0.0,0.0,0.0,8.0,203.0,99.0,0.0,0.0,0.0,6.0,1.33,0.38,3.0,13.0,0.0,0.0,20.0,0.0,0.0,0.0,20.0,0.0,0.0,8.0,4.43,1.25,10.0,10.0,2.22,0.62,50.0,5.0,6.0,0.0,0.0,0.0,20.0,0.44,0.12,1.0,3.0,9.0,0.0,34.0,1.0,46.0,42.0,76.0,70.0,57.0,0.0,80.0,0.0,0.0,0.0,98.0,1.77,0.5,4.0,12.0,0.0,0.0,0.0,0.0,0.0,30.0,23.0,57.0,0.0,22.0,0.02,0.01,0.05,86.67,75.0,84.0,46.11,13.0,104.0,84.0,53.2,15.0,120.0,99.0,0.0,0.0,0.0,0.0,0.0,0.0,0.0,0.0,0.0,0.0,0.0,0.0,0.0,0.0,19.93,0.0,0.0,0.0,0.0,0.0,0.0,19,0.0,0.0,25.0,0.0,58.0,67.0,1.33,0.38,3.0,38.0,0.44,0.12,1.0,25.0,0.0,0.0,0.0,26.0,0.44,0.12,0.0,0.0,1.0,16.0,0.44,0.12,99.0,0.0,0.0,0.0,1.0,0.0,0.0,0.0,0.0,51.0,0.11,0.03,0.25,22.0,0.02,0.01,0.05,2026,0,0,0.0,0,0.0,0.0,0.0,2025-10-26 14:00:00,Domestic League,0,0,68,0,68,74,129,203,0,0,-1,22,-1,-1,0,2025/2026,2025,0
Italy_Serie_A_2025-2026,Luca Lipani,Sassuolo,Midfielder,20,0,0,Italy,1,1,2,0,0,0,0.0,2005-05-18,0,0.0,0,0,0,0,0,2,2,1.91,eu,,41.0,0.0,0.0,0.0,3.0,0.0,0.0,0.0,0.0,212000.0,9.0,64.0,0.0,1.14,0.0,35.0,0.0,0.0,0.0,0.0,0.0,31.0,30.0,1.0,35.0,0.96,0.09,1.0,1.0,0.0,41.0,55.0,0.96,0.09,1.0,11.0,94.0,1.0,2.87,0.27,3.0,1.0,1.91,0.18,2.0,50.0,0.96,0.09,81.0,0.96,0.09,100.0,99.0,1.0,1.0,94.0,15.32,1.45,16.0,15.0,2.87,0.27,18.0,3.0,99.0,6.7,0.64,7.0,2.0,0.0,0.0,0.0,1.0,0.0,1.0,51.0,4.0,94.0,42.0,76.0,70.0,57.0,0.0,80.0,0.0,0.0,0.0,76.0,0.96,0.09,1.0,62.0,0.96,0.09,1.0,0.0,0.0,30.0,1.0,57.0,0.0,11.0,0.0,0.0,0.0,76.92,32.0,73.0,38.3,3.64,40.0,80.0,49.79,4.73,52.0,99.0,0.0,0.0,0.0,0.0,0.0,0.0,0.0,0.0,0.0,0.0,0.0,0.0,0.0,0.0,12.53,0.0,0.0,0.0,0.0,0.0,0.0,35,0.0,0.0,25.0,0.0,58.0,94.0,2.87,0.27,3.0,12.0,0.0,0.0,0.0,25.0,0.0,0.0,0.0,10.0,0.0,0.0,0.0,0.0,0.0,76.0,1.91,0.18,99.0,0.0,0.0,0.0,2.0,0.0,0.0,0.0,0.0,51.0,0.11,0.01,0.12,11.0,0.0,0.0,0.0,2026,0,0,0.0,0,0.0,0.0,0.0,2025-08-23 16:30:00,Domestic League,0,0,47,0,47,21,73,94,0,0,-1,21,-1,-1,0,2025/2026,2025,0
Italy_Serie_A_2025-2026,Armand Lauriente,Sassuolo,Forward,26,171,59,France,6,5,11,0,1,1,0.14,1970-01-11,0,0.0,3,1,4,36,4,4,8,1.14,eu,,62.0,18.91,12.09,133.0,26.0,0.57,0.36,0.0,4.0,1440000.0,39.0,79.0,0.09,6.74,71.0,35.0,0.0,0.0,0.0,0.0,0.0,31.0,30.0,55.0,21.0,0.57,0.36,4.0,40.0,604.55,51.0,83.0,3.13,2.0,22.0,11.0,633.0,9.0,1.99,1.27,14.0,33.0,0.71,0.45,5.0,77.0,1.85,1.18,40.0,0.28,0.18,15.0,21.0,2.0,13.0,56.0,9.53,6.09,67.0,15.0,2.84,1.82,29.0,20.0,62.0,1.42,0.91,10.0,54.0,1.14,0.73,8.0,9.0,73.0,2.0,66.0,1.0,46.0,87.0,84.0,84.0,86.0,0.0,80.0,0.0,0.0,0.0,18.0,0.14,0.09,1.0,65.0,1.0,0.64,7.0,0.0,87.0,30.0,40.0,72.0,50.0,89.0,0.34,0.22,2.37,85.29,69.0,31.0,20.62,13.18,145.0,21.0,24.17,15.45,170.0,99.0,0.0,0.0,0.0,0.0,0.0,0.0,0.0,0.0,0.0,0.0,0.0,0.0,0.0,0.0,74.18,0.0,0.0,0.0,0.0,0.0,0.0,45,0.0,31.25,50.0,12.5,77.0,51.0,1.14,0.73,8.0,88.0,1.56,1.0,11.0,79.0,0.71,0.45,5.0,85.0,2.27,1.45,0.0,8.0,16.0,28.0,0.85,0.55,99.0,0.0,0.0,0.0,6.0,0.0,0.0,0.0,0.0,70.0,0.16,0.1,1.14,87.0,0.34,0.22,2.37,2026,1,1,0.43,2,0.25,0.33,0.28,2025-11-03 17:30:00,Domestic League,633,0,79,317,58,357,276,633,0,0,-1,3,49,-1,0,2025/2026,2025,0
Italy_Serie_A_2025-2026,Tarik Muharemovic,Sassuolo,Defender,22,187,0,Slovenia,4,4,8,0,1,1,0.13,2003-02-28,3,0.38,2,1,3,38,4,4,8,1.0,eu,,41.0,0.0,0.0,0.0,89.0,2.75,2.44,0.0,22.0,580000.0,15.0,76.0,0.12,6.21,50.0,98.0,1.12,1.0,9.0,3.0,38.0,97.0,88.0,57.0,94.0,5.75,5.11,46.0,54.0,0.0,41.0,30.0,0.25,0.22,2.0,9.0,720.0,99.0,0.0,0.0,0.0,61.0,0.38,0.33,3.0,28.0,0.38,0.33,50.0,0.38,0.33,100.0,99.0,3.0,3.0,53.0,9.25,8.22,74.0,83.0,6.0,5.33,64.0,48.0,46.0,1.12,1.0,9.0,60.0,1.25,1.11,10.0,8.0,63.0,0.0,34.0,0.0,17.0,72.0,84.0,70.0,69.0,0.0,80.0,0.0,0.0,0.0,89.0,1.38,1.22,11.0,24.0,0.25,0.22,2.0,0.0,30.0,43.0,54.0,89.0,61.0,28.0,0.03,0.03,0.23,84.25,64.0,82.0,44.12,39.22,353.0,83.0,52.38,46.56,419.0,99.0,0.0,0.0,0.0,0.0,0.0,0.0,0.0,0.0,0.0,0.0,0.0,0.0,0.0,0.0,55.86,0.0,0.0,0.0,0.0,0.0,0.0,80,0.0,33.33,61.0,0.0,58.0,61.0,1.25,1.11,10.0,24.0,0.25,0.22,2.0,32.0,0.12,0.11,1.0,24.0,0.38,0.33,0.0,0.0,3.0,78.0,2.0,1.78,99.0,0.0,0.0,0.0,16.0,0.0,0.0,0.0,0.0,73.0,0.17,0.15,1.34,28.0,0.03,0.03,0.23,2026,1,0,0.25,1,0.25,0.0,0.13,2025-11-09 11:30:00,Domestic League,720,240,90,720,90,360,360,720,0,0,-1,5,105,66,0,2025/2026,2025,3
Italy_Serie_A_2025-2026,Ismael Konu00e9,Sassuolo,Midfielder,23,188,76,Ivory Coast,4,5,9,0,0,0,0.0,2002-06-06,2,0.25,2,1,3,33,2,5,7,0.88,eu,,51.0,12.53,10.0,100.0,17.0,0.38,0.3,0.0,3.0,1740000.0,45.0,64.0,0.0,6.11,46.0,44.0,0.13,0.1,1.0,1.0,11.0,57.0,70.0,50.0,37.0,1.0,0.8,8.0,64.0,9999.99,99.0,23.0,0.13,0.1,1.0,10.0,718.0,55.0,0.5,0.4,4.0,40.0,0.63,0.5,5.0,65.0,1.38,1.1,73.0,0.75,0.6,54.0,72.0,6.0,11.0,25.0,7.14,5.7,57.0,36.0,3.89,3.1,54.0,31.0,46.0,1.13,0.9,9.0,81.0,1.88,1.5,15.0,9.0,73.0,0.0,34.0,1.0,46.0,55.0,76.0,78.0,69.0,0.0,80.0,0.0,0.0,0.0,25.0,0.25,0.2,2.0,70.0,1.13,0.9,9.0,0.0,45.0,62.0,64.0,89.0,60.0,60.0,0.12,0.1,0.99,89.84,90.0,51.0,27.7,22.1,221.0,39.0,30.84,24.6,246.0,99.0,0.0,0.0,0.0,0.0,0.0,0.0,0.0,0.0,0.0,0.0,0.0,0.0,0.0,0.0,61.12,0.0,0.0,0.0,0.0,0.0,0.0,90,0.0,40.0,72.0,20.0,88.0,31.0,0.88,0.7,7.0,33.0,0.38,0.3,3.0,50.0,0.25,0.2,2.0,37.0,0.63,0.5,0.0,5.0,5.0,31.0,0.88,0.7,99.0,0.0,0.0,0.0,7.0,0.0,0.0,0.0,0.0,51.0,0.11,0.09,0.86,59.0,0.12,0.1,0.99,2026,0,1,0.13,1,0.0,0.23,0.13,2025-11-09 11:30:00,Domestic League,0,359,103,718,80,325,393,718,0,0,-1,6,104,-1,1,2025/2026,2025,2
Italy_Serie_A_2025-2026,Andrea Pinamonti,Sassuolo,Forward,26,185,72,Italy,6,5,11,0,0,0,0.0,1970-01-11,1,0.1,3,1,4,36,4,5,9,0.87,eu,,43.0,4.86,4.55,50.0,75.0,1.85,1.73,0.0,19.0,5550000.0,85.0,64.0,0.0,6.9,81.0,37.0,0.1,0.09,1.0,1.0,9.0,45.0,38.0,55.0,17.0,0.49,0.45,5.0,65.0,1250.0,73.0,39.0,0.39,0.36,4.0,11.0,926.0,32.0,1.07,1.0,11.0,84.0,0.1,0.09,1.0,40.0,0.68,0.64,20.0,0.0,0.0,0.0,20.0,0.0,7.0,54.0,9.33,8.73,96.0,24.0,3.4,3.18,36.0,35.0,10.0,0.39,0.36,4.0,60.0,1.26,1.18,13.0,11.0,96.0,0.0,34.0,1.0,46.0,83.0,98.0,70.0,92.0,0.0,85.0,0.1,0.09,1.0,15.0,0.0,0.0,0.0,42.0,0.58,0.55,6.0,0.0,87.0,94.0,64.0,65.0,85.0,93.0,0.4,0.37,4.07,66.67,9.0,4.0,10.3,9.64,106.0,4.0,15.45,14.45,159.0,99.0,0.0,0.0,0.0,1.0,0.0,0.0,1.0,0.0,1.0,0.0,0.0,0.0,0.0,0.0,75.95,0.0,0.0,0.0,0.0,0.0,0.0,99,0.0,53.85,90.0,15.38,81.0,39.0,0.97,0.91,10.0,76.0,1.17,1.09,12.0,96.0,1.36,1.27,14.0,89.0,2.53,2.36,0.0,6.5,26.0,15.0,0.39,0.36,99.0,0.0,0.0,0.0,4.0,0.0,0.0,0.0,0.0,12.0,0.05,0.04,0.48,94.0,0.46,0.43,4.77,2026,4,0,0.39,4,0.73,0.0,0.39,2025-11-09 11:30:00,Domestic League,0,926,103,232,84,493,433,926,0,0,-1,1,27,-1,0,2025/2026,2025,1
Italy_Serie_A_2025-2026,Filippo Missori,Sassuolo,Defender,21,182,72,Italy,0,0,0,0,0,0,0.0,2004-03-24,0,0.0,0,0,0,0,0,0,0,0.0,eu,,,,,,,,,,,,,,,,,,,,,,,,,,,,,,,,,,,,,,,,,,,,,,,,,,,,,,,,,,,,,,,,,,,,,,,,,,,,,,,,,,,,,,,,,,,,,,,,,,,,,,,,,,,,,,,,,,,,,,,,,,,,,,,,,,,,,,,,,,,,,,,,,,,,,,,,,,,,,,,,,,,,,,,,,,,,,,,,,,,,,,,2026,0,0,0.0,0,0.0,0.0,0.0,1970-01-01 00:00:00,Domestic League,0,0,0,0,0,0,0,0,0,0,-1,-1,-1,-1,0,2025/2026,2025,0
Italy_Serie_A_2025-2026,Fali Candé,Sassuolo,Defender,27,184,75,Guinea-Bissau,4,2,6,0,0,0,0.0,1970-01-11,1,0.31,2,0,2,33,1,0,1,0.31,eu,,41.0,0.0,0.0,0.0,65.0,1.55,0.45,0.0,5.0,810000.0,20.0,64.0,0.0,3.58,4.0,67.0,0.31,0.09,1.0,1.0,17.0,67.0,80.0,50.0,94.0,5.88,1.73,19.0,98.0,0.0,41.0,35.0,0.31,0.09,1.0,11.0,291.0,67.0,0.31,0.09,1.0,68.0,0.31,0.09,1.0,13.0,0.0,0.0,20.0,0.0,0.0,0.0,20.0,0.0,0.0,29.0,7.42,2.18,24.0,24.0,3.4,1.0,45.0,11.0,72.0,1.55,0.45,5.0,59.0,1.24,0.36,4.0,2.0,4.0,4.0,86.0,2.0,69.0,42.0,76.0,70.0,57.0,0.0,80.0,0.0,0.0,0.0,32.0,0.31,0.09,1.0,28.0,0.31,0.09,1.0,0.0,9.0,51.0,98.0,57.0,2.0,33.0,0.04,0.01,0.12,78.45,37.0,52.0,28.14,8.27,91.0,54.0,35.88,10.55,116.0,99.0,0.0,0.0,0.0,0.0,0.0,0.0,0.0,0.0,0.0,0.0,0.0,0.0,0.0,0.0,39.33,0.0,0.0,0.0,0.0,0.0,0.0,5,0.0,0.0,25.0,0.0,58.0,15.0,0.62,0.18,2.0,53.0,0.62,0.18,2.0,25.0,0.0,0.0,0.0,36.0,0.62,0.18,0.0,0.0,2.0,21.0,0.62,0.18,99.0,0.0,0.0,0.0,2.0,0.0,0.0,0.0,0.0,28.0,0.07,0.02,0.22,32.0,0.04,0.01,0.12,2026,0,0,0.0,0,0.0,0.0,0.0,2025-11-09 11:30:00,Domestic League,0,291,291,0,49,231,60,291,0,0,-1,20,243,3,0,2025/2026,2025,1
Italy_Serie_A_2025-2026,Cristian Volpato,Sassuolo,Midfielder,22,187,75,Italy,4,2,6,2,0,2,0.68,2003-11-15,2,0.68,1,1,2,33,2,0,2,0.68,eu,,71.0,22.75,7.44,67.0,15.0,0.34,0.11,0.0,1.0,1620000.0,43.0,99.0,0.33,4.54,11.0,69.0,0.34,0.11,1.0,2.0,33.0,95.0,99.0,50.0,26.0,0.68,0.22,2.0,77.0,609.09,52.0,86.0,3.74,1.22,11.0,9.0,265.0,33.0,1.02,0.33,3.0,36.0,0.68,0.22,2.0,99.0,8.49,2.78,99.0,4.08,1.33,48.0,59.0,12.0,25.0,91.0,13.92,4.56,41.0,78.0,5.77,1.89,41.0,17.0,77.0,1.7,0.56,5.0,16.0,0.34,0.11,1.0,2.0,4.0,4.0,86.0,1.0,46.0,95.0,76.0,70.0,57.0,0.0,98.0,0.34,0.11,1.0,34.0,0.34,0.11,1.0,89.0,1.7,0.56,5.0,0.0,9.0,31.0,77.0,57.0,0.0,62.0,0.13,0.04,0.37,76.77,30.0,45.0,25.81,8.44,76.0,48.0,33.62,11.0,99.0,99.0,0.0,0.0,0.0,0.0,0.0,0.0,0.0,0.0,0.0,0.0,0.0,0.0,0.0,0.0,40.82,0.0,0.0,0.0,0.0,0.0,0.0,7,0.0,20.0,35.0,0.0,58.0,43.0,1.02,0.33,3.0,82.0,1.36,0.44,4.0,57.0,0.34,0.11,1.0,74.0,1.7,0.56,0.0,0.0,5.0,35.0,1.02,0.33,99.0,0.0,0.0,0.0,3.0,0.0,0.0,0.0,0.0,99.0,0.48,0.16,1.42,61.0,0.13,0.04,0.37,2026,0,0,0.68,0,0.0,0.0,0.0,2025-10-30 17:30:00,Domestic League,133,133,133,0,44,209,56,265,0,0,-1,16,-1,-1,0,2025/2026,2025,2
Italy_Serie_A_2025-2026,Andrea Ghion,Sassuolo,Midfielder,25,174,70,Italy,0,1,1,0,0,0,0.0,1970-01-12,0,0.0,0,0,0,0,0,0,0,0.0,eu,,99.0,1000.0,50.0,100.0,3.0,0.0,0.0,0.0,0.0,264297.0,9.0,64.0,0.0,3.33,2.0,35.0,0.0,0.0,0.0,0.0,0.0,31.0,30.0,1.0,3.0,0.0,0.0,0.0,99.0,9999.99,99.0,99.0,10.0,0.5,1.0,2.0,9.0,99.0,0.0,0.0,0.0,99.0,0.0,0.0,0.0,13.0,0.0,0.0,20.0,0.0,0.0,0.0,20.0,0.0,0.0,63.0,10.0,0.5,1.0,99.0,10.0,0.5,100.0,1.0,6.0,0.0,0.0,0.0,2.0,0.0,0.0,0.0,0.0,0.0,1.0,51.0,0.0,17.0,42.0,76.0,70.0,57.0,0.0,80.0,0.0,0.0,0.0,15.0,0.0,0.0,0.0,12.0,0.0,0.0,0.0,0.0,0.0,30.0,0.0,57.0,0.0,11.0,0.0,0.0,0.0,100.0,99.0,3.0,10.0,0.5,1.0,1.0,10.0,0.5,1.0,99.0,0.0,0.0,0.0,0.0,0.0,0.0,0.0,0.0,0.0,0.0,0.0,0.0,0.0,0.0,6.65,0.0,0.0,0.0,0.0,0.0,0.0,8,0.0,0.0,25.0,0.0,58.0,0.0,0.0,0.0,0.0,12.0,0.0,0.0,0.0,25.0,0.0,0.0,0.0,10.0,0.0,0.0,0.0,0.0,0.0,99.0,10.0,0.5,99.0,0.0,0.0,0.0,1.0,0.0,0.0,0.0,0.0,0.0,0.0,0.0,0.0,11.0,0.0,0.0,0.0,2026,0,0,0.0,0,0.0,0.0,0.0,1970-01-01 00:00:00,Domestic League,0,0,0,0,9,0,9,9,0,0,-1,18,-1,-1,0,2025/2026,2025,0
Italy_Serie_A_2025-2026,Samuele Mulattieri,Sassuolo,Forward,25,183,77,Italy,0,0,0,0,0,0,0.0,1970-01-12,0,0.0,0,0,0,0,0,0,0,0.0,eu,,,,,,,,,,,,,,,,,,,,,,,,,,,,,,,,,,,,,,,,,,,,,,,,,,,,,,,,,,,,,,,,,,,,,,,,,,,,,,,,,,,,,,,,,,,,,,,,,,,,,,,,,,,,,,,,,,,,,,,,,,,,,,,,,,,,,,,,,,,,,,,,,,,,,,,,,,,,,,,,,,,,,,,,,,,,,,,,,,,,,,,2026,0,0,0.0,0,0.0,0.0,0.0,1970-01-01 00:00:00,Domestic League,0,0,0,0,0,0,0,0,0,0,-1,-1,-1,-1,0,2025/2026,2025,0
Italy_Serie_A_2025-2026,Giacomo Satalino,Sassuolo,Goalkeeper,26,188,75,Italy,0,0,0,0,0,0,0.0,1970-01-11,0,0.0,0,0,0,0,0,0,0,0.0,eu,,,,,,,,,,,,,,,,,,,,,,,,,,,,,,,,,,,,,,,,,,,,,,,,,,,,,,,,,,,,,,,,,,,,,,,,,,,,,,,,,,,,,,,,,,,,,,,,,,,,,,,,,,,,,,,,,,,,,,,,,,,,,,,,,,,,,,,,,,,,,,,,,,,,,,,,,,,,,,,,,,,,,,,,,,,,,,,,,,,,,,,2026,0,0,0.0,0,0.0,0.0,0.0,1970-01-01 00:00:00,Domestic League,0,0,0,0,0,0,0,0,0,0,-1,-1,-1,-1,0,2025/2026,2025,0
Italy_Serie_A_2025-2026,Edoardo Pieragnolo,Sassuolo,Defender,22,184,0,Italy,0,0,0,0,0,0,0.0,2003-01-03,0,0.0,0,0,0,0,0,0,0,0.0,eu,,,,,,,,,,,,,,,,,,,,,,,,,,,,,,,,,,,,,,,,,,,,,,,,,,,,,,,,,,,,,,,,,,,,,,,,,,,,,,,,,,,,,,,,,,,,,,,,,,,,,,,,,,,,,,,,,,,,,,,,,,,,,,,,,,,,,,,,,,,,,,,,,,,,,,,,,,,,,,,,,,,,,,,,,,,,,,,,,,,,,,,2026,0,0,0.0,0,0.0,0.0,0.0,1970-01-01 00:00:00,Domestic League,0,0,0,0,0,0,0,0,0,0,-1,-1,-1,-1,0,2025/2026,2025,0
Italy_Serie_A_2025-2026,Gioele Zacchi,Sassuolo,Goalkeeper,22,185,0,Italy,0,0,0,0,0,0,0.0,2003-07-10,0,0.0,0,0,0,0,0,0,0,0.0,eu,,,,,,,,,,,,,,,,,,,,,,,,,,,,,,,,,,,,,,,,,,,,,,,,,,,,,,,,,,,,,,,,,,,,,,,,,,,,,,,,,,,,,,,,,,,,,,,,,,,,,,,,,,,,,,,,,,,,,,,,,,,,,,,,,,,,,,,,,,,,,,,,,,,,,,,,,,,,,,,,,,,,,,,,,,,,,,,,,,,,,,,2026,0,0,0.0,0,0.0,0.0,0.0,1970-01-01 00:00:00,Domestic League,0,0,0,0,0,0,0,0,0,0,-1,-1,-1,-1,0,2025/2026,2025,0
Italy_Serie_A_2025-2026,Alieu Fadera,Sassuolo,Forward,24,182,0,Gambia,5,5,10,0,1,1,0.27,2001-11-03,1,0.27,2,1,3,30,1,1,2,0.54,eu,,98.0,72.38,24.27,267.0,49.0,1.08,0.36,0.0,4.0,1040000.0,25.0,92.0,0.1,6.14,47.0,35.0,0.0,0.0,0.0,1.0,10.0,52.0,74.0,45.0,7.0,0.27,0.09,1.0,86.0,2966.67,88.0,73.0,2.44,0.82,9.0,11.0,332.0,5.0,2.17,0.73,8.0,1.0,1.9,0.64,7.0,90.0,2.98,1.0,83.0,1.08,0.36,36.0,44.0,4.0,11.0,99.0,21.42,7.18,79.0,99.0,10.3,3.45,48.0,38.0,99.0,4.07,1.36,15.0,99.0,4.61,1.55,17.0,2.0,4.0,8.0,99.0,3.0,86.0,91.0,76.0,93.0,85.0,0.0,80.0,0.0,0.0,0.0,47.0,0.54,0.18,2.0,39.0,0.54,0.18,2.0,0.0,65.0,57.0,85.0,73.0,7.0,82.0,0.27,0.09,0.99,83.75,61.0,22.0,18.16,6.09,67.0,16.0,21.69,7.27,80.0,1.0,0.27,0.09,1.0,0.0,0.0,0.0,2.0,0.0,0.0,0.0,0.0,0.0,0.0,0.0,67.54,0.0,0.0,0.0,0.0,0.0,0.0,20,0.0,40.0,72.0,20.0,88.0,48.0,1.08,0.36,4.0,61.0,0.81,0.27,3.0,71.0,0.54,0.18,2.0,66.0,1.36,0.45,0.0,5.0,5.0,99.0,3.8,1.27,99.0,0.0,0.0,0.0,14.0,0.0,0.0,0.0,0.0,83.0,0.21,0.07,0.78,79.0,0.27,0.09,0.99,2026,0,1,0.54,1,0.0,0.49,0.27,2025-11-09 11:30:00,Domestic League,332,332,166,332,33,150,182,332,0,0,-1,8,50,-1,0,2025/2026,2025,1
Italy_Serie_A_2025-2026,Jay Idzes,Sassuolo,Defender,25,190,0,Netherlands,6,4,10,0,0,0,0.0,1970-01-12,0,0.0,3,1,4,40,5,3,8,0.8,eu,,41.0,0.0,0.0,0.0,73.0,1.8,1.64,0.0,18.0,1390000.0,39.0,64.0,0.0,6.1,44.0,87.0,0.6,0.55,6.0,0.0,0.0,31.0,30.0,64.0,94.0,5.8,5.27,58.0,71.0,0.0,41.0,18.0,0.0,0.0,0.0,11.0,900.0,83.0,0.1,0.09,1.0,42.0,0.6,0.55,6.0,16.0,0.1,0.09,24.0,0.1,0.09,100.0,99.0,1.0,1.0,27.0,7.3,6.64,73.0,22.0,3.3,3.0,45.0,33.0,37.0,1.0,0.91,10.0,18.0,0.4,0.36,4.0,10.0,83.0,0.0,34.0,0.0,17.0,42.0,76.0,70.0,57.0,0.0,80.0,0.0,0.0,0.0,64.0,0.8,0.73,8.0,12.0,0.0,0.0,0.0,0.0,65.0,30.0,71.0,57.0,82.0,15.0,0.01,0.0,0.05,90.07,91.0,72.0,38.1,34.64,381.0,67.0,42.3,38.45,423.0,99.0,0.0,0.0,0.0,0.0,0.0,0.0,0.0,0.0,0.0,0.0,0.0,0.0,0.0,0.0,67.08,0.0,0.0,0.0,0.0,0.0,0.0,21,0.0,0.0,25.0,0.0,58.0,42.0,1.0,0.91,10.0,13.0,0.1,0.09,1.0,25.0,0.0,0.0,0.0,10.0,0.1,0.09,0.0,0.0,1.0,34.0,1.0,0.91,99.0,0.0,0.0,0.0,10.0,0.0,0.0,0.0,0.0,28.0,0.07,0.06,0.7,15.0,0.01,0.0,0.05,2026,0,0,0.0,0,0.0,0.0,0.0,2025-11-09 11:30:00,Domestic League,0,0,113,0,90,540,360,900,0,0,-1,17,244,39,0,2025/2026,2025,0
Italy_Serie_A_2025-2026,Luca Moro,Sassuolo,Forward,24,189,0,Italy,1,2,3,0,0,0,0.0,1970-01-12,0,0.0,0,0,0,0,0,0,0,0.0,eu,,41.0,0.0,0.0,0.0,99.0,12.86,0.27,0.0,3.0,276000.0,9.0,64.0,0.0,0.62,0.0,35.0,0.0,0.0,0.0,0.0,0.0,31.0,30.0,1.0,3.0,0.0,0.0,0.0,99.0,0.0,41.0,18.0,0.0,0.0,0.0,11.0,21.0,0.0,4.29,0.09,1.0,99.0,0.0,0.0,0.0,13.0,0.0,0.0,20.0,0.0,0.0,0.0,20.0,0.0,0.0,99.0,47.14,1.0,11.0,99.0,30.0,0.64,63.0,7.0,99.0,8.57,0.18,2.0,99.0,12.86,0.27,3.0,0.0,0.0,3.0,78.0,0.0,17.0,42.0,76.0,70.0,57.0,0.0,80.0,0.0,0.0,0.0,15.0,0.0,0.0,0.0,12.0,0.0,0.0,0.0,0.0,0.0,30.0,0.0,57.0,0.0,75.0,0.21,0.0,0.05,100.0,99.0,32.0,21.43,0.45,5.0,14.0,21.43,0.45,5.0,99.0,0.0,0.0,0.0,0.0,0.0,0.0,0.0,0.0,0.0,0.0,0.0,0.0,0.0,0.0,6.86,0.0,0.0,0.0,0.0,0.0,0.0,24,0.0,0.0,25.0,0.0,58.0,97.0,4.29,0.09,1.0,99.0,4.29,0.09,1.0,25.0,0.0,0.0,0.0,99.0,4.29,0.09,0.0,0.0,1.0,99.0,4.29,0.09,99.0,0.0,0.0,0.0,1.0,0.0,0.0,0.0,0.0,7.0,0.04,0.0,0.01,73.0,0.21,0.0,0.05,2026,0,0,0.0,0,0.0,0.0,0.0,1970-01-01 00:00:00,Domestic League,0,0,0,0,7,16,4,20,0,0,-1,10,-1,-1,0,2025/2026,2025,0
Italy_Serie_A_2025-2026,Agustín Álvarez Martínez,Sassuolo,Forward,24,177,75,Uruguay,0,0,0,0,0,0,0.0,1970-01-12,0,0.0,0,0,0,0,0,0,0,0.0,eu,,,,,,,,,,,,,,,,,,,,,,,,,,,,,,,,,,,,,,,,,,,,,,,,,,,,,,,,,,,,,,,,,,,,,,,,,,,,,,,,,,,,,,,,,,,,,,,,,,,,,,,,,,,,,,,,,,,,,,,,,,,,,,,,,,,,,,,,,,,,,,,,,,,,,,,,,,,,,,,,,,,,,,,,,,,,,,,,,,,,,,,2026,0,0,0.0,0,0.0,0.0,0.0,1970-01-01 00:00:00,Domestic League,0,0,0,0,0,0,0,0,0,0,-1,-1,-1,-1,0,2025/2026,2025,0
Italy_Serie_A_2025-2026,Arijanet Muric,Sassuolo,Goalkeeper,27,198,93,Montenegro,6,4,10,0,0,0,0.0,1970-01-11,2,0.2,3,1,4,40,5,3,8,0.8,eu,,41.0,0.0,0.0,,28.0,0.6,0.55,0.0,6.0,2660000.0,62.0,64.0,0.0,6.61,60.0,35.0,0.0,0.0,,2.0,20.0,79.0,60.0,64.0,53.0,1.4,1.27,14.0,71.0,0.0,41.0,18.0,0.0,0.0,,11.0,900.0,99.0,0.0,0.0,,99.0,0.0,0.0,,13.0,0.0,0.0,20.0,0.0,0.0,0.0,20.0,,,6.0,0.7,0.64,7.0,6.0,0.7,0.64,100.0,7.0,6.0,0.0,0.0,,8.0,0.2,0.18,2.0,10.0,83.0,,34.0,,17.0,42.0,76.0,70.0,57.0,,80.0,0.0,0.0,,15.0,0.0,0.0,,12.0,0.0,0.0,,0.0,65.0,72.0,71.0,57.0,82.0,11.0,0.0,0.0,0.0,61.89,5.0,30.0,20.3,18.45,203.0,46.0,32.8,29.82,328.0,99.0,0.0,0.0,,,0.0,,,,,,86.0,0.8,0.73,8.0,72.7,78.26,80.0,88.0,3.6,3.27,36.0,49,0.0,0.0,25.0,0.0,58.0,98.0,4.6,4.18,46.0,12.0,0.0,0.0,,25.0,0.0,0.0,,10.0,0.0,0.0,0.0,0.0,,7.0,0.0,0.0,99.0,0.0,0.0,,,,,,,7.0,0.04,0.03,0.36,11.0,0.0,0.0,0.0,2026,0,0,0.0,0,0.0,0.0,0.0,2025-11-09 11:30:00,Domestic League,0,450,113,0,90,540,360,900,0,0,-1,15,245,38,0,2025/2026,2025,2
Italy_Serie_A_2025-2026,Nicholas Pierini,Sassuolo,Forward,27,176,70,Italy,4,1,5,0,0,0,0.0,1970-01-11,1,1.41,3,0,3,60,0,0,0,0.0,eu,,99.0,134.33,10.0,100.0,60.0,1.34,0.1,0.0,1.0,1500000.0,40.0,64.0,0.0,2.67,1.0,35.0,0.0,0.0,,1.0,20.0,79.0,99.0,97.0,3.0,0.0,0.0,,99.0,3333.33,90.0,87.0,4.03,0.3,3.0,10.0,67.0,99.0,0.0,0.0,,99.0,0.0,0.0,,87.0,2.69,0.2,90.0,1.34,0.1,50.0,69.0,1.0,2.0,72.0,10.75,0.8,8.0,97.0,8.06,0.6,75.0,6.0,55.0,1.34,0.1,1.0,98.0,4.03,0.3,3.0,,,5.0,90.0,,17.0,42.0,76.0,70.0,57.0,,80.0,0.0,0.0,,15.0,0.0,0.0,,99.0,4.03,0.3,3.0,0.0,4.0,30.0,,57.0,,57.0,0.11,0.01,0.08,84.21,63.0,33.0,21.49,1.6,16.0,27.0,25.52,1.9,19.0,99.0,0.0,0.0,,,0.0,,,,,,,0.0,0.0,,26.66,0.0,,,0.0,0.0,,77,0.0,0.0,25.0,0.0,58.0,,0.0,0.0,,98.0,2.69,0.2,2.0,25.0,0.0,0.0,,91.0,2.69,0.2,0.0,0.0,2.0,49.0,1.34,0.1,99.0,0.0,0.0,,1.0,,,,,80.0,0.19,0.01,0.14,56.0,0.11,0.01,0.08,2026,0,0,0.0,0,0.0,0.0,0.0,1970-01-01 00:00:00,Domestic League,0,64,0,0,13,64,0,64,0,0,-1,14,-1,-1,0,2025/2026,2025,1
Italy_Serie_A_2025-2026,Alex Meret,Napoli,Goalkeeper,28,190,82,Italy,2,2,4,0,0,0,0.0,1970-01-10,0,0.0,1,1,2,50,2,1,3,0.75,eu,,41.0,0.0,0.0,,11.0,0.25,0.17,0.0,1.0,5790000.0,87.0,64.0,0.0,4.49,10.0,35.0,0.0,0.0,,,,31.0,30.0,90.0,6.0,0.25,0.17,1.0,74.0,0.0,41.0,18.0,0.0,0.0,,6.0,360.0,99.0,0.0,0.0,,99.0,0.0,0.0,,13.0,0.0,0.0,20.0,0.0,0.0,0.0,20.0,,,2.0,0.25,0.17,1.0,2.0,0.25,0.17,100.0,1.0,6.0,0.0,0.0,,10.0,0.25,0.17,1.0,4.0,22.0,,34.0,,17.0,42.0,76.0,70.0,57.0,,80.0,0.0,0.0,,15.0,0.0,0.0,,12.0,0.0,0.0,,0.0,2.0,30.0,74.0,57.0,14.0,11.0,0.0,0.0,0.0,88.66,84.0,33.0,21.5,14.33,86.0,22.0,24.25,16.17,97.0,99.0,0.0,0.0,,,0.0,,,,,,,0.0,0.0,,26.94,66.67,36.0,20.0,2.0,1.33,8.0,1,0.0,0.0,25.0,0.0,58.0,94.0,3.0,2.0,12.0,12.0,0.0,0.0,,25.0,0.0,0.0,,10.0,0.0,0.0,0.0,0.0,,7.0,0.0,0.0,99.0,0.0,0.0,,,,,,,12.0,0.05,0.03,0.19,11.0,0.0,0.0,0.0,2026,0,0,0.0,0,0.0,0.0,0.0,2025-09-28 18:45:00,Domestic League,0,0,120,0,90,180,180,360,0,0,-1,16,246,37,0,2025/2026,2025,0
Italy_Serie_A_2025-2026,Juan Guilherme Nunes Jesus,Napoli,Defender,34,185,83,Brazil,5,5,10,0,0,0,0.0,1970-01-08,3,0.43,2,1,3,30,3,2,5,0.72,eu,,41.0,0.0,0.0,,77.0,2.0,1.17,0.0,14.0,1850000.0,48.0,64.0,0.0,5.58,27.0,65.0,0.29,0.17,2.0,3.0,30.0,92.0,92.0,45.0,83.0,3.72,2.17,26.0,76.0,0.0,41.0,18.0,0.0,0.0,,12.0,629.0,99.0,0.0,0.0,,56.0,0.43,0.25,3.0,13.0,0.0,0.0,20.0,0.0,0.0,0.0,20.0,,,41.0,8.3,4.83,58.0,40.0,4.01,2.33,48.0,28.0,94.0,2.43,1.42,17.0,5.0,0.14,0.08,1.0,7.0,54.0,3.0,78.0,2.0,69.0,42.0,76.0,70.0,57.0,,80.0,0.0,0.0,,94.0,1.57,0.92,11.0,17.0,0.14,0.08,1.0,0.0,65.0,39.0,76.0,57.0,49.0,15.0,0.01,0.01,0.08,92.42,98.0,99.0,71.54,41.67,500.0,99.0,77.41,45.08,541.0,6.0,0.14,0.08,1.0,,0.0,,,,,,,0.0,0.0,,66.92,0.0,,,0.0,0.0,,5,0.0,0.0,25.0,0.0,58.0,28.0,0.86,0.5,6.0,28.0,0.29,0.17,2.0,25.0,0.0,0.0,,19.0,0.29,0.17,0.0,0.0,2.0,74.0,1.86,1.08,99.0,0.0,0.0,,13.0,,,,,63.0,0.14,0.08,0.97,15.0,0.01,0.01,0.08,2026,0,0,0.0,0,0.0,0.0,0.0,2025-10-28 17:30:00,Domestic League,0,210,126,0,63,346,283,629,0,0,-1,19,247,32,0,2025/2026,2025,3
Italy_Serie_A_2025-2026,Scott Francis McTominay,Napoli,Midfielder,28,191,88,Scotland,5,6,11,0,2,2,0.2,1970-01-10,0,0.0,2,2,4,36,5,4,9,0.9,eu,,43.0,4.98,4.55,50.0,59.0,1.3,1.18,0.0,13.0,6950000.0,92.0,88.0,0.18,7.0,88.0,66.0,0.3,0.27,3.0,,,31.0,30.0,55.0,41.0,1.1,1.0,11.0,62.0,1666.67,79.0,34.0,0.3,0.27,3.0,11.0,903.0,2.0,2.49,2.27,25.0,59.0,0.4,0.36,4.0,74.0,1.69,1.55,75.0,0.8,0.73,47.0,58.0,8.0,17.0,79.0,11.56,10.55,116.0,77.0,5.68,5.18,49.0,57.0,37.0,1.0,0.91,10.0,94.0,2.79,2.55,28.0,10.0,83.0,1.0,51.0,1.0,46.0,84.0,84.0,72.0,79.0,,85.0,0.1,0.09,1.0,77.0,1.0,0.91,10.0,47.0,0.7,0.64,7.0,0.0,87.0,30.0,62.0,81.0,82.0,91.0,0.37,0.34,3.73,83.1,57.0,39.0,23.52,21.45,236.0,32.0,28.31,25.82,284.0,99.0,0.0,0.0,,,0.0,,,,,,,0.0,0.0,,77.01,0.0,,,0.0,0.0,,8,0.0,44.44,78.0,7.41,64.0,42.0,1.0,0.91,10.0,87.0,1.5,1.36,15.0,95.0,1.2,1.09,12.0,91.0,2.69,2.45,0.0,13.5,27.0,43.0,1.2,1.09,99.0,0.0,0.0,,12.0,,,,,80.0,0.19,0.17,1.92,89.0,0.37,0.34,3.73,2026,1,1,0.4,2,0.25,0.17,0.2,2025-11-22 19:45:00,Domestic League,452,0,100,452,82,363,540,903,0,0,-1,4,77,-1,0,2025/2026,2025,0
Italy_Serie_A_2025-2026,Kevin De Bruyne,Napoli,Midfielder,34,181,68,Belgium,4,4,8,0,0,0,0.0,1970-01-08,1,0.16,1,1,2,25,3,1,4,0.63,eu,,57.0,15.18,12.0,96.0,14.0,0.32,0.25,0.0,2.0,13890000.0,99.0,64.0,0.0,7.29,97.0,35.0,0.0,0.0,,1.0,12.0,60.0,50.0,37.0,3.0,0.0,0.0,,80.0,369.23,44.0,87.0,4.11,3.25,26.0,8.0,569.0,25.0,1.27,1.0,8.0,4.0,1.58,1.25,10.0,56.0,1.11,0.88,67.0,0.63,0.5,57.0,74.0,4.0,7.0,24.0,7.12,5.62,45.0,9.0,2.06,1.62,28.0,13.0,25.0,0.79,0.62,5.0,15.0,0.32,0.25,2.0,7.0,54.0,1.0,51.0,3.0,86.0,93.0,99.0,87.0,98.0,,91.0,0.16,0.12,1.0,64.0,0.79,0.62,5.0,96.0,2.37,1.88,15.0,0.0,30.0,81.0,80.0,60.0,43.0,79.0,0.25,0.2,1.61,86.98,76.0,91.0,52.83,41.75,334.0,93.0,60.74,48.0,384.0,99.0,0.0,0.0,,,0.0,3.0,,,3.0,,,0.0,0.0,,58.3,0.0,,,0.0,0.0,,11,0.0,43.75,76.0,25.0,92.0,22.0,0.79,0.62,5.0,84.0,1.42,1.12,9.0,93.0,1.11,0.88,7.0,89.0,2.53,2.0,0.0,4.0,16.0,26.0,0.79,0.62,99.0,0.0,0.0,,5.0,,,,,85.0,0.22,0.17,1.36,98.0,0.59,0.46,3.71,2026,3,1,0.63,4,0.84,0.36,0.63,2025-10-25 16:00:00,Domestic League,0,569,142,142,71,321,248,569,3,0,100,2,8,-1,0,2025/2026,2025,1
Italy_Serie_A_2025-2026,Amir Rrahmani,Napoli,Defender,31,192,87,Kosovo,2,3,5,0,0,0,0.0,1970-01-09,0,0.0,1,2,3,60,2,1,3,0.64,eu,,41.0,0.0,0.0,,97.0,4.25,2.86,0.0,20.0,4010000.0,76.0,64.0,0.0,5.1,19.0,94.0,0.85,0.57,4.0,,,31.0,30.0,97.0,78.0,3.4,2.29,16.0,79.0,0.0,41.0,28.0,0.21,0.14,1.0,7.0,424.0,48.0,0.64,0.43,3.0,99.0,0.0,0.0,,29.0,0.42,0.29,34.0,0.21,0.14,50.0,69.0,1.0,2.0,69.0,10.4,7.0,49.0,91.0,6.79,4.57,65.0,32.0,41.0,1.06,0.71,5.0,50.0,1.06,0.71,5.0,5.0,32.0,,34.0,3.0,86.0,42.0,76.0,70.0,57.0,,80.0,0.0,0.0,,69.0,0.85,0.57,4.0,33.0,0.42,0.29,2.0,0.0,4.0,30.0,79.0,57.0,22.0,28.0,0.03,0.02,0.13,92.49,98.0,99.0,75.78,51.0,357.0,99.0,81.93,55.14,386.0,99.0,0.0,0.0,,,0.0,,,,,,,0.0,0.0,,35.7,0.0,,,0.0,0.0,,13,0.0,0.0,25.0,0.0,58.0,16.0,0.64,0.43,3.0,54.0,0.64,0.43,3.0,25.0,0.0,0.0,,39.0,0.64,0.43,0.0,0.0,3.0,46.0,1.27,0.86,99.0,0.0,0.0,,6.0,,,,,77.0,0.18,0.12,0.83,28.0,0.03,0.02,0.13,2026,0,0,0.0,0,0.0,0.0,0.0,2025-11-22 19:45:00,Domestic League,0,0,141,0,85,180,244,424,0,0,-1,25,248,26,0,2025/2026,2025,0
Italy_Serie_A_2025-2026,Mathías Olivera Miramontes,Napoli,Defender,28,185,78,Uruguay,5,3,8,0,0,0,0.0,1970-01-11,1,0.25,2,1,3,38,2,2,4,1.0,eu,,41.0,0.0,0.0,,56.0,1.25,0.45,0.0,5.0,3200000.0,67.0,64.0,0.0,4.74,14.0,62.0,0.25,0.09,1.0,1.0,12.0,60.0,70.0,57.0,47.0,1.25,0.45,5.0,54.0,0.0,41.0,18.0,0.0,0.0,,11.0,359.0,99.0,0.0,0.0,,72.0,0.25,0.09,1.0,33.0,0.5,0.18,37.0,0.25,0.09,50.0,69.0,1.0,2.0,20.0,6.77,2.45,27.0,40.0,4.01,1.45,59.0,16.0,37.0,1.0,0.36,4.0,24.0,0.5,0.18,2.0,4.0,22.0,4.0,86.0,5.0,98.0,42.0,76.0,70.0,57.0,,80.0,0.0,0.0,,77.0,1.0,0.36,4.0,24.0,0.25,0.09,1.0,0.0,30.0,62.0,54.0,57.0,13.0,44.0,0.07,0.02,0.26,88.32,82.0,80.0,43.62,15.82,174.0,80.0,49.39,17.91,197.0,99.0,0.0,0.0,,,0.0,,,,,,,0.0,0.0,,52.17,0.0,,,0.0,0.0,,17,0.0,33.33,61.0,0.0,58.0,42.0,1.0,0.36,4.0,46.0,0.5,0.18,2.0,50.0,0.25,0.09,1.0,46.0,0.75,0.27,0.0,0.0,3.0,78.0,2.01,0.73,99.0,0.0,0.0,,8.0,,,,,51.0,0.11,0.04,0.43,43.0,0.07,0.02,0.26,2026,0,0,0.0,0,0.0,0.0,0.0,2025-10-28 17:30:00,Domestic League,0,359,90,0,45,247,112,359,0,0,-1,24,249,65,0,2025/2026,2025,1
Italy_Serie_A_2025-2026,Matteo Politano,Napoli,Forward,32,171,67,Italy,6,6,12,1,0,1,0.11,1970-01-09,1,0.11,2,2,4,33,4,3,7,0.8,eu,,88.0,39.8,29.0,348.0,9.0,0.23,0.17,0.0,2.0,8100000.0,95.0,71.0,0.08,7.03,90.0,39.0,0.11,0.08,1.0,1.0,8.0,37.0,42.0,50.0,33.0,0.91,0.67,8.0,71.0,535.38,49.0,98.0,7.43,5.42,65.0,12.0,787.0,46.0,0.69,0.5,6.0,55.0,0.46,0.33,4.0,94.0,3.43,2.5,98.0,2.06,1.5,60.0,80.0,18.0,30.0,45.0,8.58,6.25,75.0,57.0,4.8,3.5,56.0,42.0,21.0,0.69,0.5,6.0,72.0,1.6,1.17,14.0,10.0,83.0,2.0,66.0,4.0,94.0,50.0,76.0,70.0,57.0,,98.0,0.34,0.25,3.0,34.0,0.34,0.25,3.0,92.0,1.94,1.42,17.0,0.0,99.0,88.0,69.0,57.0,69.0,67.0,0.15,0.11,1.31,81.7,51.0,54.0,28.59,20.83,250.0,52.0,34.99,25.5,306.0,99.0,0.0,0.0,,,0.0,,,,,,,0.0,0.0,,84.41,0.0,,,0.0,0.0,,21,0.0,13.04,27.0,0.0,58.0,34.0,0.91,0.67,8.0,96.0,2.29,1.67,20.0,57.0,0.34,0.25,3.0,91.0,2.63,1.92,0.0,0.0,23.0,36.0,1.03,0.75,99.0,0.0,0.0,,9.0,,,,,80.0,0.19,0.14,1.65,66.0,0.15,0.11,1.31,2026,0,0,0.11,0,0.0,0.0,0.0,2025-11-09 14:00:00,Domestic League,786,786,112,0,66,366,420,786,0,0,-1,23,250,-1,0,2025/2026,2025,1
Italy_Serie_A_2025-2026,Giovanni Di Lorenzo,Napoli,Defender,32,183,83,Italy,6,6,12,0,1,1,0.08,1970-01-09,1,0.08,2,2,4,33,6,4,10,0.83,eu,,50.0,11.08,11.08,133.0,62.0,1.42,1.42,0.0,17.0,6490000.0,90.0,65.0,0.08,7.0,88.0,62.0,0.25,0.25,3.0,1.0,8.0,37.0,32.0,50.0,56.0,1.67,1.67,20.0,68.0,738.89,57.0,65.0,1.5,1.5,18.0,12.0,1080.0,71.0,0.25,0.25,3.0,50.0,0.5,0.5,6.0,55.0,1.08,1.08,54.0,0.42,0.42,38.0,47.0,5.0,13.0,43.0,8.42,8.42,101.0,50.0,4.5,4.5,53.0,54.0,76.0,1.67,1.67,20.0,37.0,0.75,0.75,9.0,12.0,99.0,,34.0,,17.0,44.0,76.0,70.0,57.0,,81.0,0.08,0.08,1.0,33.0,0.33,0.33,4.0,36.0,0.5,0.5,6.0,0.0,99.0,99.0,67.0,57.0,99.0,54.0,0.1,0.1,1.22,83.28,57.0,83.0,44.83,44.83,538.0,85.0,53.83,53.83,646.0,99.0,0.0,0.0,,,0.0,,2.0,,,,,0.0,0.0,,83.98,0.0,,,0.0,0.0,,22,0.0,54.55,91.0,0.0,58.0,36.0,0.92,0.92,11.0,36.0,0.42,0.42,5.0,68.0,0.5,0.5,6.0,51.0,0.92,0.92,0.0,0.0,11.0,76.0,1.92,1.92,99.0,0.0,0.0,,23.0,,,,,66.0,0.15,0.15,1.82,53.0,0.1,0.1,1.22,2026,0,0,0.08,0,0.0,0.0,0.0,2025-11-22 19:45:00,Domestic League,1080,1080,108,0,90,540,540,1080,0,0,-1,22,251,43,0,2025/2026,2025,1
Italy_Serie_A_2025-2026,Lorenzo Lucca,Napoli,Forward,25,201,0,Italy,6,5,11,0,0,0,0.0,1970-01-12,1,0.24,2,2,4,36,2,0,2,0.48,eu,,41.0,0.0,0.0,,70.0,1.69,0.58,0.0,7.0,4630000.0,83.0,64.0,0.0,5.5,26.0,35.0,0.0,0.0,,1.0,9.0,45.0,66.0,55.0,6.0,0.24,0.08,1.0,90.0,0.0,41.0,18.0,0.0,0.0,,12.0,373.0,11.0,1.93,0.67,8.0,74.0,0.24,0.08,1.0,67.0,1.45,0.5,81.0,0.97,0.33,66.0,86.0,4.0,6.0,90.0,13.51,4.67,56.0,59.0,4.83,1.67,35.0,20.0,99.0,3.86,1.33,16.0,87.0,2.17,0.75,9.0,4.0,22.0,7.0,98.0,5.0,98.0,71.0,76.0,98.0,83.0,,80.0,0.0,0.0,,15.0,0.0,0.0,,23.0,0.24,0.08,1.0,0.0,87.0,65.0,90.0,76.0,16.0,91.0,0.36,0.12,1.5,79.31,40.0,5.0,11.1,3.83,46.0,3.0,13.99,4.83,58.0,99.0,0.0,0.0,,,0.0,,,,,,,0.0,0.0,,65.95,0.0,,,0.0,0.0,,27,0.0,41.67,73.0,8.33,66.0,19.0,0.72,0.25,3.0,90.0,1.69,0.58,7.0,95.0,1.21,0.42,5.0,93.0,2.9,1.0,0.0,12.0,12.0,7.0,0.0,0.0,99.0,0.0,0.0,,,,,,,3.0,0.03,0.01,0.13,88.0,0.36,0.12,1.5,2026,0,1,0.24,1,0.0,0.79,0.24,2025-10-28 17:30:00,Domestic League,0,373,187,373,34,259,114,373,0,0,-1,8,59,-1,0,2025/2026,2025,1
Italy_Serie_A_2025-2026,Stanislav Lobotka,Napoli,Midfielder,30,168,64,Slovakia,4,5,9,0,1,1,0.15,1970-01-10,0,0.0,1,2,3,33,5,3,8,1.18,eu,,57.0,14.73,11.11,100.0,6.0,0.15,0.11,0.0,1.0,4230000.0,79.0,80.0,0.11,6.11,46.0,46.0,0.15,0.11,1.0,,,31.0,30.0,50.0,23.0,0.59,0.44,4.0,37.0,9999.99,99.0,24.0,0.15,0.11,1.0,9.0,611.0,69.0,0.29,0.22,2.0,31.0,0.74,0.56,5.0,13.0,0.0,0.0,20.0,0.0,0.0,0.0,20.0,,,12.0,5.45,4.11,37.0,28.0,3.54,2.67,64.0,24.0,15.0,0.59,0.44,4.0,85.0,2.06,1.56,14.0,7.0,54.0,2.0,66.0,3.0,86.0,57.0,76.0,70.0,57.0,,80.0,0.0,0.0,,19.0,0.15,0.11,1.0,67.0,1.03,0.78,7.0,0.0,45.0,30.0,36.0,57.0,47.0,11.0,0.0,0.0,0.0,92.92,98.0,97.0,61.87,46.67,420.0,96.0,66.58,50.22,452.0,99.0,0.0,0.0,,,0.0,,,,,,,0.0,0.0,,54.95,0.0,,,0.0,0.0,,68,0.0,0.0,25.0,0.0,58.0,67.0,1.33,1.0,9.0,12.0,0.0,0.0,,25.0,0.0,0.0,,10.0,0.0,0.0,0.0,0.0,,55.0,1.47,1.11,99.0,0.0,0.0,,10.0,,,,,90.0,0.25,0.19,1.73,11.0,0.0,0.0,0.0,2026,0,0,0.15,0,0.0,0.0,0.0,2025-11-22 19:45:00,Domestic League,611,0,76,0,68,352,259,611,0,0,-1,21,252,-1,0,2025/2026,2025,0
Italy_Serie_A_2025-2026,André-Frank Zambo Anguissa,Napoli,Midfielder,30,184,78,Cameroon,6,5,11,1,0,1,0.1,1970-01-10,1,0.1,2,2,4,36,6,3,9,0.87,eu,,63.0,19.31,18.18,200.0,90.0,2.9,2.73,0.0,30.0,,8.0,69.0,0.09,7.24,96.0,51.0,0.19,0.18,2.0,1.0,9.0,45.0,38.0,55.0,39.0,1.06,1.0,11.0,65.0,1333.33,73.0,64.0,1.45,1.36,15.0,11.0,932.0,21.0,1.45,1.36,15.0,18.0,0.97,0.91,10.0,64.0,1.35,1.27,70.0,0.68,0.64,50.0,69.0,7.0,14.0,79.0,11.59,10.91,120.0,85.0,6.18,5.82,53.0,64.0,33.0,0.97,0.91,10.0,54.0,1.16,1.09,12.0,10.0,83.0,1.0,51.0,,17.0,89.0,77.0,98.0,92.0,,85.0,0.1,0.09,1.0,80.0,1.06,1.0,11.0,62.0,0.97,0.91,10.0,0.0,87.0,95.0,65.0,66.0,85.0,92.0,0.38,0.35,3.89,84.16,63.0,76.0,39.5,37.18,409.0,76.0,46.93,44.18,486.0,99.0,0.0,0.0,,,0.0,,1.0,,,,,0.0,0.0,,79.62,0.0,,,0.0,0.0,,99,0.0,42.11,74.0,21.05,88.0,39.0,0.97,0.91,10.0,72.0,1.06,1.0,11.0,82.0,0.77,0.73,8.0,76.0,1.83,1.73,0.0,4.75,19.0,54.0,1.45,1.36,99.0,0.0,0.0,,15.0,,,,,70.0,0.16,0.15,1.7,89.0,0.38,0.35,3.89,2026,1,3,0.48,4,0.17,0.69,0.39,2025-11-09 14:00:00,Domestic League,932,932,104,233,85,540,392,932,0,0,-1,1,26,-1,0,2025/2026,2025,1
Italy_Serie_A_2025-2026,Alessandro Buongiorno,Napoli,Defender,26,190,80,Italy,4,5,9,0,1,1,0.14,1970-01-11,0,0.0,1,2,3,33,3,3,6,0.82,eu,,54.0,13.7,10.0,100.0,81.0,2.33,1.7,0.0,17.0,5790000.0,87.0,79.0,0.11,6.13,47.0,64.0,0.27,0.2,2.0,,,31.0,30.0,50.0,90.0,5.07,3.7,37.0,69.0,5000.0,94.0,31.0,0.27,0.2,2.0,10.0,657.0,79.0,0.14,0.1,1.0,70.0,0.27,0.2,2.0,18.0,0.14,0.1,20.0,0.0,0.0,0.0,20.0,,1.0,35.0,7.95,5.8,58.0,51.0,4.52,3.3,56.0,33.0,74.0,1.64,1.2,12.0,52.0,1.1,0.8,8.0,7.0,54.0,2.0,66.0,1.0,46.0,57.0,76.0,70.0,57.0,,80.0,0.0,0.0,,76.0,0.96,0.7,7.0,17.0,0.14,0.1,1.0,0.0,45.0,30.0,69.0,57.0,53.0,33.0,0.04,0.03,0.26,90.53,93.0,92.0,53.7,39.2,392.0,91.0,59.32,43.3,433.0,6.0,0.14,0.1,1.0,,0.0,,,,,,,0.0,0.0,,61.3,0.0,,,0.0,0.0,,4,0.0,33.33,61.0,0.0,58.0,25.0,0.82,0.6,6.0,26.0,0.27,0.2,2.0,34.0,0.14,0.1,1.0,25.0,0.41,0.3,0.0,0.0,3.0,39.0,1.1,0.8,99.0,0.0,0.0,,8.0,,,,,81.0,0.2,0.14,1.45,32.0,0.04,0.03,0.26,2026,0,0,0.14,0,0.0,0.0,0.0,2025-11-22 19:45:00,Domestic League,657,0,110,0,73,284,373,657,0,0,-1,20,253,41,0,2025/2026,2025,0
Italy_Serie_A_2025-2026,Billy Clifford Gilmour,Napoli,Midfielder,24,170,60,Scotland,5,4,9,0,0,0,0.0,1970-01-12,1,0.22,2,1,3,33,1,1,2,0.44,eu,,41.0,0.0,0.0,,31.0,0.65,0.3,0.0,3.0,4160000.0,79.0,64.0,0.0,5.6,28.0,56.0,0.22,0.1,1.0,1.0,11.0,57.0,63.0,50.0,40.0,1.09,0.5,5.0,92.0,0.0,41.0,42.0,0.43,0.2,2.0,10.0,414.0,59.0,0.43,0.2,2.0,38.0,0.65,0.3,3.0,69.0,1.52,0.7,90.0,1.3,0.6,85.0,94.0,6.0,7.0,45.0,8.48,3.9,39.0,69.0,5.22,2.4,61.0,24.0,43.0,1.09,0.5,5.0,63.0,1.3,0.6,6.0,5.0,32.0,4.0,86.0,2.0,69.0,68.0,76.0,88.0,81.0,,80.0,0.0,0.0,,93.0,1.52,0.7,7.0,56.0,0.87,0.4,4.0,0.0,45.0,69.0,92.0,78.0,20.0,74.0,0.2,0.09,0.9,88.95,86.0,99.0,68.26,31.4,314.0,99.0,76.74,35.3,353.0,99.0,0.0,0.0,,,0.0,,,,,,,0.0,0.0,,55.98,0.0,,,0.0,0.0,,6,0.0,20.0,35.0,20.0,88.0,4.0,0.43,0.2,2.0,65.0,0.87,0.4,4.0,44.0,0.22,0.1,1.0,58.0,1.09,0.5,0.0,5.0,5.0,77.0,1.96,0.9,99.0,0.0,0.0,,9.0,,,,,81.0,0.2,0.09,0.92,72.0,0.2,0.09,0.9,2026,0,1,0.22,1,0.0,0.39,0.22,2025-11-01 17:00:00,Domestic League,0,412,206,412,46,180,232,412,0,0,-1,10,64,-1,0,2025/2026,2025,1
Italy_Serie_A_2025-2026,David Neres Campos,Napoli,Forward,28,176,66,Brazil,6,4,10,1,1,2,0.36,1970-01-10,2,0.36,2,1,3,30,2,3,5,0.91,eu,,89.0,43.27,21.64,238.0,25.0,0.55,0.27,0.0,3.0,6490000.0,90.0,96.0,0.2,6.19,49.0,84.0,0.55,0.27,3.0,2.0,20.0,79.0,87.0,45.0,9.0,0.36,0.18,2.0,61.0,881.48,61.0,94.0,4.91,2.45,27.0,11.0,495.0,25.0,1.27,0.64,7.0,80.0,0.18,0.09,1.0,99.0,5.27,2.64,88.0,1.27,0.64,24.0,24.0,7.0,29.0,87.0,12.73,6.36,70.0,35.0,3.82,1.91,30.0,21.0,93.0,2.36,1.18,13.0,27.0,0.55,0.27,3.0,5.0,32.0,5.0,90.0,3.0,86.0,96.0,76.0,96.0,90.0,,93.0,0.18,0.09,1.0,15.0,0.0,0.0,,87.0,1.64,0.82,9.0,0.0,65.0,45.0,61.0,68.0,34.0,90.0,0.35,0.18,1.94,81.61,50.0,45.0,25.82,12.91,142.0,42.0,31.64,15.82,174.0,99.0,0.0,0.0,,,0.0,,,,,,,0.0,0.0,,68.09,0.0,,,0.0,0.0,,7,0.0,27.27,46.0,18.18,85.0,34.0,0.91,0.45,5.0,85.0,1.45,0.73,8.0,72.0,0.55,0.27,3.0,79.0,2.0,1.0,0.0,5.5,11.0,54.0,1.45,0.73,99.0,0.0,0.0,,8.0,,,10.0,1.0,95.0,0.33,0.16,1.8,88.0,0.35,0.18,1.94,2026,0,2,0.73,2,0.0,0.59,0.36,2025-11-22 19:45:00,Domestic League,248,248,99,248,50,191,305,496,0,0,-1,3,34,-1,0,2025/2026,2025,2
Italy_Serie_A_2025-2026,Nikita Contini Baranovsky,Napoli,Goalkeeper,29,190,82,Italy,0,0,0,0,0,0,0.0,1970-01-10,0,0.0,0,0,0,0,0,0,0,0.0,eu,,,,,,,,,,,,,,,,,,,,,,,,,,,,,,,,,,,,,,,,,,,,,,,,,,,,,,,,,,,,,,,,,,,,,,,,,,,,,,,,,,,,,,,,,,,,,,,,,,,,,,,,,,,,,,,,,,,,,,,,,,,,,,,,,,,,,,,,,,,,,,,,,,,,,,,,,,,,,,,,,,,,,,,,,,,,,,,,,,,,,,,2026,0,0,0.0,0,0.0,0.0,0.0,1970-01-01 00:00:00,Domestic League,0,0,0,0,0,0,0,0,0,0,-1,-1,-1,-1,0,2025/2026,2025,0
Italy_Serie_A_2025-2026,Antonio Vergara,Napoli,Midfielder,22,182,82,Italy,1,0,1,0,0,0,0.0,2003-01-16,0,0.0,1,0,1,100,0,0,0,0.0,eu,,,,,,,,,,,,,,,,,,,,,,,,,,,,,,,,,,,,,,,,,,,,,,,,,,,,,,,,,,,,,,,,,,,,,,,,,,,,,,,,,,,,,,,,,,,,,,,,,,,,,,,,,,,,,,,,,,,,,,,,,,,,,,,,,,,,,,,,,,,,,,,,,,,,,,,,,,,,,,,,,,,,,,,,,,,,,,,,,,,,,,,2026,0,0,0.0,0,0.0,0.0,0.0,1970-01-01 00:00:00,Domestic League,0,0,0,0,1,1,0,1,0,0,-1,18,-1,-1,0,2025/2026,2025,0
Italy_Serie_A_2025-2026,Luis Hasa,Napoli,Midfielder,21,0,0,Italy,0,0,0,0,0,0,0.0,2004-01-06,0,0.0,0,0,0,0,0,0,0,0.0,eu,,,,,,,,,,,,,,,,,,,,,,,,,,,,,,,,,,,,,,,,,,,,,,,,,,,,,,,,,,,,,,,,,,,,,,,,,,,,,,,,,,,,,,,,,,,,,,,,,,,,,,,,,,,,,,,,,,,,,,,,,,,,,,,,,,,,,,,,,,,,,,,,,,,,,,,,,,,,,,,,,,,,,,,,,,,,,,,,,,,,,,,2026,0,0,0.0,0,0.0,0.0,0.0,1970-01-01 00:00:00,Domestic League,0,0,0,0,0,0,0,0,0,0,-1,-1,-1,-1,0,2025/2026,2025,0
Italy_Serie_A_2025-2026,Pasquale Mazzocchi,Napoli,Defender,30,183,78,Italy,0,1,1,0,0,0,0.0,1970-01-10,0,0.0,0,0,0,0,0,0,0,0.0,eu,,41.0,0.0,0.0,,97.0,4.29,0.09,0.0,1.0,2310000.0,58.0,64.0,0.0,0.6,,35.0,0.0,0.0,,,,31.0,30.0,1.0,87.0,4.29,0.09,1.0,99.0,0.0,41.0,18.0,0.0,0.0,,11.0,21.0,99.0,0.0,0.0,,,4.29,0.09,1.0,13.0,0.0,0.0,20.0,0.0,0.0,0.0,20.0,,,45.0,8.57,0.18,2.0,45.0,4.29,0.09,50.0,1.0,6.0,0.0,0.0,,2.0,0.0,0.0,,,,1.0,51.0,,17.0,42.0,76.0,70.0,57.0,,80.0,0.0,0.0,,99.0,8.57,0.18,2.0,12.0,0.0,0.0,,0.0,,30.0,,57.0,,11.0,0.0,0.0,0.0,80.0,44.0,19.0,17.14,0.36,4.0,14.0,21.43,0.45,5.0,99.0,0.0,0.0,,,0.0,,,,,,,0.0,0.0,,6.57,0.0,,,0.0,0.0,,30,0.0,0.0,25.0,0.0,58.0,,0.0,0.0,,12.0,0.0,0.0,,25.0,0.0,0.0,,10.0,0.0,0.0,0.0,0.0,,7.0,0.0,0.0,99.0,0.0,0.0,,,,,,,7.0,0.04,0.0,0.01,11.0,0.0,0.0,0.0,2026,0,0,0.0,0,0.0,0.0,0.0,1970-01-01 00:00:00,Domestic League,0,0,0,0,21,0,21,21,0,0,-1,17,-1,-1,0,2025/2026,2025,0
Italy_Serie_A_2025-2026,Sam Beukema,Napoli,Defender,27,188,0,Netherlands,2,4,6,0,0,0,0.0,1970-01-11,0,0.0,0,0,0,0,2,3,5,1.0,eu,,41.0,0.0,0.0,,67.0,1.6,0.67,0.0,8.0,4010000.0,76.0,64.0,0.0,2.93,2.0,92.0,0.8,0.33,4.0,,,31.0,30.0,1.0,85.0,3.99,1.67,20.0,54.0,0.0,41.0,18.0,0.0,0.0,,12.0,451.0,75.0,0.2,0.08,1.0,78.0,0.2,0.08,1.0,22.0,0.2,0.08,33.0,0.2,0.08,100.0,99.0,1.0,1.0,16.0,6.19,2.58,31.0,19.0,3.19,1.33,51.0,16.0,37.0,1.0,0.42,5.0,18.0,0.4,0.17,2.0,5.0,32.0,1.0,51.0,,17.0,66.0,93.0,70.0,79.0,,80.0,0.0,0.0,,85.0,1.2,0.5,6.0,21.0,0.2,0.08,1.0,0.0,9.0,30.0,54.0,80.0,26.0,72.0,0.19,0.08,0.94,94.68,99.0,98.0,67.45,28.17,338.0,98.0,71.24,29.75,357.0,3.0,0.2,0.08,1.0,,0.0,,,,,,,0.0,0.0,,35.12,0.0,,,0.0,0.0,,31,0.0,50.0,89.0,25.0,92.0,57.0,1.2,0.5,6.0,35.0,0.4,0.17,2.0,62.0,0.4,0.17,2.0,47.0,0.8,0.33,0.0,4.0,4.0,34.0,1.0,0.42,99.0,0.0,0.0,,5.0,,,,,73.0,0.17,0.07,0.86,71.0,0.19,0.08,0.94,2026,1,0,0.2,1,0.5,0.0,0.2,2025-11-22 19:45:00,Domestic League,0,0,90,450,75,180,270,450,0,0,-1,6,72,64,0,2025/2026,2025,0
Italy_Serie_A_2025-2026,Vanja Milinković-Savić,Napoli,Goalkeeper,28,202,92,Serbia,4,4,8,0,0,0,0.0,1970-01-10,0,0.0,1,1,2,25,4,3,7,0.88,eu,,41.0,0.0,0.0,,4.0,0.12,0.08,0.0,1.0,3940000.0,74.0,64.0,0.0,4.47,10.0,35.0,0.0,0.0,,,,31.0,30.0,37.0,24.0,0.62,0.42,5.0,64.0,0.0,41.0,18.0,0.0,0.0,,12.0,720.0,99.0,0.0,0.0,,83.0,0.12,0.08,1.0,13.0,0.0,0.0,20.0,0.0,0.0,0.0,20.0,,,4.0,0.5,0.33,4.0,2.0,0.25,0.17,50.0,2.0,8.0,0.12,0.08,1.0,3.0,0.12,0.08,1.0,8.0,63.0,,34.0,,17.0,42.0,76.0,70.0,57.0,,80.0,0.0,0.0,,15.0,0.0,0.0,,15.0,0.12,0.08,1.0,0.0,30.0,30.0,64.0,57.0,61.0,11.0,0.0,0.0,0.0,69.03,12.0,47.0,26.75,17.83,214.0,60.0,38.75,25.83,310.0,7.0,0.12,0.08,1.0,,0.0,,,2.0,,,10.0,0.12,0.08,1.0,53.59,65.0,24.0,8.0,1.62,1.08,13.0,32,0.0,0.0,25.0,0.0,58.0,92.0,2.5,1.67,20.0,12.0,0.0,0.0,,25.0,0.0,0.0,,10.0,0.0,0.0,0.0,0.0,,7.0,0.0,0.0,99.0,0.0,0.0,,,,,,,20.0,0.06,0.04,0.44,11.0,0.0,0.0,0.0,2026,0,0,0.0,0,0.0,0.0,0.0,2025-11-22 19:45:00,Domestic League,0,0,103,0,90,360,360,720,0,0,-1,15,242,49,0,2025/2026,2025,0
Italy_Serie_A_2025-2026,Luca Marianucci,Napoli,Defender,0,0,0,Italy,1,0,1,0,0,0,0.0,1970-01-01,0,0.0,0,0,0,0,2,0,2,2.0,eu,,41.0,0.0,0.0,,3.0,0.0,0.0,0.0,,2310000.0,58.0,64.0,0.0,0.58,,35.0,0.0,0.0,,,,31.0,30.0,1.0,37.0,1.0,0.08,1.0,1.0,0.0,41.0,18.0,0.0,0.0,,12.0,90.0,99.0,0.0,0.0,,16.0,1.0,0.08,1.0,13.0,0.0,0.0,20.0,0.0,0.0,0.0,20.0,,,8.0,4.0,0.33,4.0,9.0,2.0,0.17,50.0,2.0,37.0,1.0,0.08,1.0,2.0,0.0,0.0,,1.0,,,34.0,,17.0,42.0,76.0,70.0,57.0,,80.0,0.0,0.0,,77.0,1.0,0.08,1.0,65.0,1.0,0.08,1.0,0.0,,30.0,1.0,57.0,,39.0,0.05,0.0,0.05,98.04,99.0,99.0,100.0,8.33,100.0,99.0,102.0,8.5,102.0,99.0,0.0,0.0,,,0.0,,,,,,,0.0,0.0,,6.96,0.0,,,0.0,0.0,,35,0.0,0.0,25.0,0.0,58.0,91.0,2.0,0.17,2.0,69.0,1.0,0.08,1.0,25.0,0.0,0.0,,54.0,1.0,0.08,0.0,0.0,1.0,78.0,2.0,0.17,99.0,0.0,0.0,,2.0,,,,,89.0,0.24,0.02,0.24,38.0,0.05,0.0,0.05,2026,0,0,0.0,0,0.0,0.0,0.0,2025-09-28 18:45:00,Domestic League,0,0,45,0,90,90,0,90,0,0,-1,14,-1,-1,0,2025/2026,2025,0
Italy_Serie_A_2025-2026,Leonardo Spinazzola,Napoli,Defender,32,186,75,Italy,4,5,9,1,2,3,0.5,1970-01-09,1,0.17,2,2,4,44,1,2,3,0.5,eu,,72.0,23.51,15.56,140.0,6.0,0.17,0.11,0.0,1.0,4160000.0,79.0,98.0,0.33,6.85,79.0,69.0,0.34,0.22,2.0,1.0,11.0,57.0,53.0,71.0,51.0,1.34,0.89,8.0,89.0,560.0,51.0,89.0,4.2,2.78,25.0,9.0,536.0,47.0,0.67,0.44,4.0,65.0,0.34,0.22,2.0,83.0,2.35,1.56,76.0,0.84,0.56,35.0,43.0,5.0,14.0,11.0,5.37,3.56,32.0,9.0,2.01,1.33,37.0,12.0,12.0,0.5,0.33,3.0,16.0,0.34,0.22,2.0,6.0,42.0,3.0,78.0,6.0,99.0,95.0,76.0,80.0,73.0,,80.0,0.0,0.0,,56.0,0.67,0.44,4.0,95.0,2.18,1.44,13.0,0.0,45.0,80.0,88.0,85.0,40.0,75.0,0.21,0.14,1.26,79.15,39.0,65.0,34.42,22.78,205.0,69.0,43.49,28.78,259.0,99.0,0.0,0.0,,,0.0,,,,,,,0.0,0.0,,61.61,0.0,,,0.0,0.0,,37,0.0,57.14,93.0,14.29,80.0,17.0,0.67,0.44,4.0,46.0,0.5,0.33,3.0,77.0,0.67,0.44,4.0,62.0,1.18,0.78,0.0,7.0,7.0,22.0,0.67,0.44,99.0,0.0,0.0,,4.0,,,,,96.0,0.35,0.23,2.08,73.0,0.21,0.14,1.26,2026,0,1,0.67,1,0.0,0.26,0.17,2025-11-01 17:00:00,Domestic League,179,536,179,536,60,189,347,536,0,0,-1,9,93,14,0,2025/2026,2025,1
Italy_Serie_A_2025-2026,Alessandro Zanoli,Napoli,Defender,25,188,0,Italy,4,5,9,1,0,1,0.16,1970-01-12,0,0.0,0,1,1,11,5,2,7,1.12,eu,,93.0,50.43,28.73,316.0,50.0,1.12,0.64,0.0,7.0,930000.0,23.0,80.0,0.11,5.47,25.0,79.0,0.48,0.27,3.0,,,31.0,30.0,5.0,71.0,2.55,1.45,16.0,42.0,1755.56,80.0,78.0,2.87,1.64,18.0,11.0,564.0,66.0,0.32,0.18,2.0,27.0,0.8,0.45,5.0,89.0,2.87,1.64,85.0,1.12,0.64,38.0,47.0,7.0,18.0,51.0,9.1,5.18,57.0,50.0,4.47,2.55,49.0,28.0,63.0,1.44,0.82,9.0,23.0,0.48,0.27,3.0,6.0,42.0,3.0,78.0,2.0,69.0,58.0,76.0,70.0,57.0,,80.0,0.0,0.0,,15.0,0.0,0.0,,69.0,1.12,0.64,7.0,0.0,45.0,30.0,43.0,57.0,43.0,11.0,0.0,0.0,0.0,82.14,54.0,35.0,22.02,12.55,138.0,28.0,26.81,15.27,168.0,99.0,0.0,0.0,,,0.0,,,,,,,0.0,0.0,,60.22,0.0,,,0.0,0.0,,59,0.0,0.0,25.0,0.0,58.0,73.0,1.44,0.82,9.0,12.0,0.0,0.0,,25.0,0.0,0.0,,10.0,0.0,0.0,0.0,0.0,,67.0,1.76,1.0,99.0,0.0,0.0,,11.0,,,,,77.0,0.18,0.1,1.14,11.0,0.0,0.0,0.0,2026,0,0,0.16,0,0.0,0.0,0.0,2025-11-09 17:00:00,Domestic League,564,0,81,0,63,259,305,564,0,0,-1,9,254,78,0,2025/2026,2025,0
Italy_Serie_A_2025-2026,Giuseppe Ambrosino Di Bruttopilo,Napoli,Forward,22,187,72,Italy,1,1,2,0,0,0,0.0,2003-09-10,0,0.0,0,1,1,50,0,0,0,0.0,eu,,41.0,0.0,0.0,,90.0,2.9,0.08,0.0,1.0,1160000.0,30.0,64.0,0.0,1.09,,99.0,2.9,0.08,1.0,,,31.0,30.0,90.0,3.0,0.0,0.0,,99.0,0.0,41.0,18.0,0.0,0.0,,12.0,31.0,1.0,2.9,0.08,1.0,99.0,0.0,0.0,,89.0,2.9,0.08,99.0,2.9,0.08,100.0,99.0,1.0,1.0,97.0,17.42,0.5,6.0,98.0,8.71,0.25,50.0,3.0,98.0,2.9,0.08,1.0,95.0,2.9,0.08,1.0,,,2.0,66.0,,17.0,42.0,76.0,70.0,57.0,,80.0,0.0,0.0,,15.0,0.0,0.0,,12.0,0.0,0.0,,0.0,,30.0,,57.0,,11.0,0.0,0.0,0.0,25.0,,,2.9,0.08,1.0,1.0,11.61,0.33,4.0,99.0,0.0,0.0,,,0.0,,,,,,,0.0,0.0,,13.06,0.0,,,0.0,0.0,,69,0.0,0.0,25.0,0.0,58.0,,0.0,0.0,,12.0,0.0,0.0,,25.0,0.0,0.0,,10.0,0.0,0.0,0.0,0.0,,7.0,0.0,0.0,99.0,0.0,0.0,,,,,,,,0.0,0.0,0.0,11.0,0.0,0.0,0.0,2026,0,0,0.0,0,0.0,0.0,0.0,1970-01-01 00:00:00,Domestic League,0,0,0,0,16,16,15,31,0,0,-1,13,-1,-1,0,2025/2026,2025,0
Italy_Serie_A_2025-2026,Noa Lang,Napoli,Forward,26,170,68,Netherlands,5,4,9,0,0,0,0.0,1970-01-11,2,0.81,2,2,4,44,0,1,1,0.4,eu,,95.0,57.16,11.75,141.0,55.0,1.22,0.25,0.0,3.0,5190000.0,83.0,64.0,0.0,5.06,18.0,35.0,0.0,0.0,,2.0,22.0,83.0,99.0,71.0,12.0,0.41,0.08,1.0,94.0,742.11,57.0,98.0,7.7,1.58,19.0,12.0,222.0,60.0,0.41,0.08,1.0,99.0,0.0,0.0,,91.0,3.24,0.67,87.0,1.22,0.25,37.0,46.0,3.0,8.0,65.0,10.14,2.08,25.0,83.0,6.08,1.25,60.0,15.0,26.0,0.81,0.17,2.0,57.0,1.22,0.25,3.0,2.0,4.0,7.0,98.0,4.0,94.0,84.0,76.0,99.0,93.0,,80.0,0.0,0.0,,15.0,0.0,0.0,,87.0,1.62,0.33,4.0,0.0,45.0,31.0,94.0,65.0,,92.0,0.39,0.08,0.97,77.98,35.0,65.0,34.46,7.08,85.0,72.0,44.19,9.08,109.0,99.0,0.0,0.0,,,0.0,,,,,,,0.0,0.0,,60.75,0.0,,,0.0,0.0,,70,0.0,100.0,99.0,33.33,97.0,4.0,0.41,0.08,1.0,12.0,0.0,0.0,,95.0,1.22,0.25,3.0,63.0,1.22,0.25,0.0,3.0,3.0,88.0,2.43,0.5,99.0,0.0,0.0,,6.0,,,,,59.0,0.13,0.03,0.33,90.0,0.39,0.08,0.97,2026,0,1,0.4,1,0.0,0.87,0.4,2025-11-22 19:45:00,Domestic League,0,112,223,223,25,119,104,223,0,0,-1,7,-1,-1,0,2025/2026,2025,2
Italy_Serie_A_2025-2026,Walid Cheddira,Napoli,Forward,27,187,80,Morocco,5,4,9,0,0,0,0.0,1970-01-11,1,1.29,3,1,4,44,1,0,1,1.29,eu,,99.0,126.76,9.09,100.0,99.0,5.07,0.36,0.0,4.0,349000.0,11.0,64.0,0.0,4.21,8.0,35.0,0.0,0.0,,1.0,11.0,57.0,99.0,71.0,49.0,1.27,0.09,1.0,24.0,5000.0,94.0,73.0,2.54,0.18,2.0,11.0,71.0,,5.07,0.36,4.0,8.0,1.27,0.09,1.0,95.0,3.8,0.27,99.0,2.54,0.18,66.0,86.0,2.0,3.0,99.0,27.89,2.0,22.0,99.0,13.94,1.0,50.0,11.0,96.0,2.54,0.18,2.0,99.0,5.07,0.36,4.0,,,9.0,99.0,,17.0,99.0,99.0,70.0,99.0,,80.0,0.0,0.0,,15.0,0.0,0.0,,97.0,2.54,0.18,2.0,0.0,45.0,30.0,24.0,57.0,,99.0,1.32,0.09,1.04,76.19,28.0,30.0,20.28,1.45,16.0,28.0,26.62,1.91,21.0,99.0,0.0,0.0,,,0.0,,,,,,,0.0,0.0,,46.35,0.0,,,0.0,0.0,,9,0.0,33.33,61.0,16.67,84.0,93.0,2.54,0.18,2.0,99.0,5.07,0.36,4.0,99.0,2.54,0.18,2.0,99.0,7.61,0.55,0.0,6.0,6.0,46.0,1.27,0.09,99.0,0.0,0.0,,1.0,,,,,63.0,0.14,0.01,0.11,99.0,1.32,0.09,1.04,2026,1,0,1.29,1,2.5,0.0,1.29,1970-01-01 00:00:00,Domestic League,0,70,70,70,8,36,34,70,0,0,-1,7,-1,-1,0,2025/2026,2025,1
Italy_Serie_A_2025-2026,Nicola Leali,Genoa,Goalkeeper,32,193,80,Italy,6,6,12,0,0,0,0.0,1970-01-09,1,0.08,0,2,2,17,9,8,17,1.42,eu,,41.0,0.0,0.0,,11.0,0.25,0.25,0.0,3.0,580000.0,15.0,64.0,0.0,6.57,58.0,35.0,0.0,0.0,,1.0,8.0,37.0,32.0,17.0,25.0,0.67,0.67,8.0,16.0,0.0,41.0,18.0,0.0,0.0,,12.0,1080.0,99.0,0.0,0.0,,99.0,0.0,0.0,,13.0,0.0,0.0,20.0,0.0,0.0,0.0,20.0,,,4.0,0.5,0.5,6.0,4.0,0.42,0.42,83.0,5.0,7.0,0.08,0.08,1.0,5.0,0.17,0.17,2.0,12.0,99.0,,34.0,,17.0,42.0,76.0,70.0,57.0,,80.0,0.0,0.0,,16.0,0.08,0.08,1.0,12.0,0.08,0.08,1.0,0.0,99.0,99.0,17.0,57.0,99.0,11.0,0.0,0.0,0.0,61.15,5.0,11.0,14.17,14.17,170.0,19.0,23.17,23.17,278.0,99.0,0.0,0.0,,,0.0,,,,,,19.0,0.25,0.25,3.0,78.8,58.7,8.0,24.0,2.25,2.25,27.0,1,0.0,0.0,25.0,0.0,58.0,96.0,3.83,3.83,46.0,12.0,0.0,0.0,,25.0,0.0,0.0,,10.0,0.0,0.0,0.0,0.0,,8.0,0.08,0.08,99.0,0.0,0.0,,1.0,,,,,3.0,0.03,0.03,0.39,11.0,0.0,0.0,0.0,2026,0,0,0.0,0,0.0,0.0,0.0,2025-11-22 14:00:00,Domestic League,0,1080,64,0,90,540,540,1080,0,0,-1,14,256,110,0,2025/2026,2025,1
Italy_Serie_A_2025-2026,Aarón Martín Caricol,Genoa,Defender,28,178,72,Spain,4,5,9,1,1,2,0.24,1970-01-10,2,0.24,0,1,1,11,6,8,14,1.65,eu,,80.0,31.85,22.5,270.0,10.0,0.24,0.17,0.0,2.0,1600000.0,42.0,91.0,0.22,5.41,24.0,70.0,0.35,0.25,3.0,2.0,22.0,83.0,66.0,5.0,61.0,1.89,1.33,16.0,7.0,409.09,45.0,98.0,7.79,5.5,66.0,12.0,763.0,40.0,0.83,0.58,7.0,64.0,0.35,0.25,3.0,62.0,1.3,0.92,80.0,0.94,0.67,72.0,88.0,8.0,11.0,30.0,7.43,5.25,63.0,31.0,3.66,2.58,49.0,31.0,54.0,1.3,0.92,11.0,50.0,1.06,0.75,9.0,9.0,73.0,,34.0,1.0,46.0,80.0,84.0,70.0,68.0,,80.0,0.0,0.0,,51.0,0.59,0.42,5.0,99.0,3.3,2.33,28.0,0.0,45.0,66.0,7.0,91.0,66.0,60.0,0.12,0.09,1.02,76.53,30.0,46.0,26.54,18.75,225.0,51.0,34.68,24.5,294.0,99.0,0.0,0.0,,,0.0,,,,,,,0.0,0.0,,64.93,0.0,,,0.0,0.0,,3,0.0,75.0,98.0,25.0,92.0,89.0,1.77,1.25,15.0,15.0,0.12,0.08,1.0,58.0,0.35,0.25,3.0,28.0,0.47,0.33,0.0,4.0,4.0,51.0,1.42,1.0,99.0,0.0,0.0,,12.0,,,,,95.0,0.33,0.23,2.8,59.0,0.12,0.09,1.02,2026,1,0,0.35,1,0.25,0.0,0.12,2025-11-22 14:00:00,Domestic League,382,382,55,763,85,360,403,763,0,0,-1,10,108,124,0,2025/2026,2025,2
Italy_Serie_A_2025-2026,Nicolae Claudiu Stanciu,Genoa,Midfielder,32,170,69,Romania,0,3,3,0,0,0,0.0,1970-01-09,0,0.0,0,1,1,33,0,0,0,0.0,eu,,76.0,26.01,6.25,50.0,24.0,0.52,0.12,0.0,1.0,1480000.0,39.0,64.0,0.0,2.58,1.0,35.0,0.0,0.0,,,,31.0,30.0,50.0,38.0,1.04,0.25,2.0,99.0,555.56,50.0,93.0,4.68,1.12,9.0,8.0,173.0,32.0,1.04,0.25,2.0,99.0,0.0,0.0,,54.0,1.04,0.25,63.0,0.52,0.12,50.0,69.0,1.0,2.0,13.0,5.72,1.38,11.0,30.0,3.64,0.88,63.0,7.0,13.0,0.52,0.12,1.0,49.0,1.04,0.25,2.0,2.0,4.0,1.0,51.0,2.0,69.0,42.0,76.0,70.0,57.0,,80.0,0.0,0.0,,94.0,1.56,0.38,3.0,67.0,1.04,0.25,2.0,0.0,,30.0,,57.0,,54.0,0.1,0.03,0.2,74.68,24.0,57.0,30.69,7.38,59.0,64.0,41.1,9.88,79.0,99.0,0.0,0.0,,,0.0,,,,,,,0.0,0.0,,20.66,0.0,,,0.0,0.0,,8,0.0,0.0,25.0,0.0,58.0,,0.0,0.0,,95.0,2.08,0.5,4.0,25.0,0.0,0.0,,82.0,2.08,0.5,0.0,0.0,4.0,60.0,1.56,0.38,99.0,0.0,0.0,,3.0,,,,,54.0,0.12,0.03,0.24,53.0,0.1,0.03,0.2,2026,0,0,0.0,0,0.0,0.0,0.0,2025-08-31 16:30:00,Domestic League,0,0,0,0,58,0,173,173,0,0,-1,23,-1,-1,0,2025/2026,2025,0
Italy_Serie_A_2025-2026,Albert Grønbæk Erlykke,Genoa,Midfielder,24,181,65,Denmark,2,1,3,0,0,0,0.0,1970-01-12,1,1.01,0,1,1,33,0,0,0,0.0,eu,,41.0,0.0,0.0,,46.0,1.01,0.08,0.0,1.0,1390000.0,39.0,64.0,0.0,1.63,,35.0,0.0,0.0,,1.0,33.0,95.0,99.0,50.0,63.0,2.02,0.17,2.0,99.0,0.0,41.0,55.0,1.01,0.08,1.0,12.0,89.0,33.0,1.01,0.08,1.0,99.0,0.0,0.0,,99.0,6.07,0.5,97.0,2.02,0.17,33.0,42.0,2.0,6.0,83.0,12.13,1.0,12.0,91.0,7.08,0.58,58.0,7.0,38.0,1.01,0.08,1.0,47.0,1.01,0.08,1.0,1.0,,2.0,66.0,1.0,46.0,42.0,76.0,70.0,57.0,,80.0,0.0,0.0,,15.0,0.0,0.0,,93.0,2.02,0.17,2.0,0.0,,30.0,,57.0,,11.0,0.0,0.0,0.0,75.0,25.0,6.0,12.13,1.0,12.0,4.0,16.18,1.33,16.0,99.0,0.0,0.0,,,0.0,,,,,,,0.0,0.0,,19.52,0.0,,,0.0,0.0,,11,0.0,0.0,25.0,0.0,58.0,,0.0,0.0,,12.0,0.0,0.0,,25.0,0.0,0.0,,10.0,0.0,0.0,0.0,0.0,,97.0,3.03,0.25,99.0,0.0,0.0,,3.0,,,,,38.0,0.09,0.01,0.09,11.0,0.0,0.0,0.0,2026,0,0,0.0,0,0.0,0.0,0.0,2025-08-23 16:30:00,Domestic League,0,89,0,0,30,29,60,89,0,0,-1,22,-1,-1,0,2025/2026,2025,1
Italy_Serie_A_2025-2026,Brooke Norton-Cuffy,Genoa,Defender,21,181,76,England,6,6,12,1,0,1,0.08,2004-01-12,4,0.33,0,2,2,17,9,8,17,1.42,eu,,69.0,21.42,21.42,257.0,35.0,0.75,0.75,0.0,9.0,1160000.0,30.0,65.0,0.08,6.73,70.0,62.0,0.25,0.25,3.0,3.0,25.0,88.0,83.0,17.0,54.0,1.5,1.5,18.0,16.0,713.89,55.0,80.0,3.0,3.0,36.0,12.0,1080.0,43.0,0.75,0.75,9.0,65.0,0.33,0.33,4.0,86.0,2.58,2.58,93.0,1.58,1.58,61.0,81.0,19.0,31.0,52.0,9.17,9.17,110.0,59.0,4.83,4.83,52.0,58.0,67.0,1.5,1.5,18.0,37.0,0.75,0.75,9.0,12.0,99.0,,34.0,,17.0,44.0,76.0,70.0,57.0,,81.0,0.08,0.08,1.0,61.0,0.75,0.75,9.0,46.0,0.67,0.67,8.0,0.0,99.0,48.0,17.0,57.0,99.0,28.0,0.03,0.03,0.34,82.96,56.0,51.0,27.58,27.58,331.0,46.0,33.25,33.25,399.0,99.0,0.0,0.0,,,0.0,,,,,,,0.0,0.0,,80.74,0.0,,,0.0,0.0,,15,0.0,50.0,89.0,0.0,58.0,81.0,1.58,1.58,19.0,18.0,0.17,0.17,2.0,37.0,0.17,0.17,2.0,21.0,0.33,0.33,0.0,0.0,4.0,67.0,1.75,1.75,99.0,0.0,0.0,,21.0,,,,,59.0,0.13,0.13,1.53,28.0,0.03,0.03,0.34,2026,0,0,0.08,0,0.0,0.0,0.0,2025-11-22 14:00:00,Domestic League,1080,270,64,0,90,540,540,1080,0,0,-1,21,257,111,1,2025/2026,2025,4
Italy_Serie_A_2025-2026,Johan Felipe Vásquez Ibarra,Genoa,Defender,27,185,71,Mexico,6,6,12,0,0,0,0.0,1970-01-11,1,0.08,0,2,2,17,9,8,17,1.42,eu,,45.0,8.33,8.33,100.0,71.0,1.75,1.75,0.0,21.0,1600000.0,42.0,64.0,0.0,6.76,72.0,81.0,0.5,0.5,6.0,1.0,8.0,37.0,32.0,17.0,89.0,4.83,4.83,58.0,16.0,9999.99,99.0,19.0,0.08,0.08,1.0,12.0,1080.0,59.0,0.42,0.42,5.0,57.0,0.42,0.42,5.0,33.0,0.5,0.5,30.0,0.17,0.17,33.0,42.0,2.0,6.0,29.0,7.42,7.42,89.0,39.0,4.0,4.0,53.0,48.0,27.0,0.83,0.83,10.0,41.0,0.83,0.83,10.0,12.0,99.0,,34.0,,17.0,42.0,76.0,70.0,57.0,,80.0,0.0,0.0,,82.0,1.08,1.08,13.0,18.0,0.17,0.17,2.0,0.0,99.0,99.0,17.0,57.0,99.0,50.0,0.09,0.09,1.07,85.19,68.0,86.0,47.92,47.92,575.0,87.0,56.25,56.25,675.0,99.0,0.0,0.0,,,0.0,,,,,,,0.0,0.0,,81.08,0.0,,,0.0,0.0,,22,0.0,20.0,35.0,0.0,58.0,81.0,1.58,1.58,19.0,69.0,1.0,1.0,12.0,50.0,0.25,0.25,3.0,65.0,1.25,1.25,0.0,0.0,15.0,49.0,1.33,1.33,99.0,0.0,0.0,,16.0,,,,,54.0,0.12,0.12,1.42,49.0,0.09,0.09,1.07,2026,0,0,0.0,0,0.0,0.0,0.0,2025-11-22 14:00:00,Domestic League,0,1080,64,0,90,540,540,1080,0,0,-1,20,258,112,0,2025/2026,2025,1
Italy_Serie_A_2025-2026,Valentín Carboni,Genoa,Midfielder,20,185,0,Argentina,4,6,10,0,0,0,0.0,2005-03-05,2,0.52,0,2,2,20,1,2,3,0.78,eu,,41.0,0.0,0.0,,35.0,0.78,0.25,0.0,3.0,3470000.0,69.0,64.0,0.0,5.42,24.0,35.0,0.0,0.0,,2.0,20.0,79.0,95.0,25.0,50.0,1.3,0.42,5.0,72.0,0.0,41.0,68.0,1.82,0.58,7.0,12.0,347.0,7.0,2.07,0.67,8.0,14.0,1.04,0.33,4.0,98.0,4.67,1.5,99.0,2.33,0.75,50.0,69.0,9.0,18.0,96.0,16.86,5.42,65.0,95.0,7.52,2.42,44.0,29.0,98.0,2.85,0.92,11.0,63.0,1.3,0.42,5.0,3.0,9.0,7.0,98.0,5.0,98.0,42.0,76.0,70.0,57.0,,80.0,0.0,0.0,,46.0,0.52,0.17,2.0,67.0,1.04,0.33,4.0,0.0,65.0,35.0,72.0,57.0,10.0,64.0,0.14,0.05,0.54,81.68,51.0,52.0,27.75,8.92,107.0,49.0,33.98,10.92,131.0,1.0,0.26,0.08,1.0,,0.0,,,,,,,0.0,0.0,,65.08,0.0,,,0.0,0.0,,23,0.0,33.33,61.0,0.0,58.0,45.0,1.04,0.33,4.0,71.0,1.04,0.33,4.0,69.0,0.52,0.17,2.0,70.0,1.56,0.5,0.0,0.0,6.0,97.0,3.11,1.0,99.0,0.0,0.0,,12.0,,,,,51.0,0.11,0.04,0.43,62.0,0.14,0.05,0.54,2026,0,0,0.0,0,0.0,0.0,0.0,2025-10-29 19:45:00,Domestic League,0,174,116,0,35,66,281,347,0,0,-1,19,259,-1,0,2025/2026,2025,2
Italy_Serie_A_2025-2026,Alessandro Marcandalli,Genoa,Defender,23,190,0,Italy,4,2,6,0,0,0,0.0,2002-10-25,2,0.43,0,1,1,17,5,2,7,1.51,eu,,41.0,0.0,0.0,,49.0,1.08,0.5,0.0,5.0,810000.0,20.0,64.0,0.0,3.72,5.0,35.0,0.0,0.0,,2.0,33.0,95.0,92.0,17.0,79.0,3.45,1.6,16.0,10.0,0.0,41.0,18.0,0.0,0.0,,10.0,417.0,73.0,0.22,0.1,1.0,99.0,0.0,0.0,,30.0,0.43,0.2,35.0,0.22,0.1,50.0,69.0,1.0,2.0,9.0,4.75,2.2,22.0,8.0,1.94,0.9,40.0,9.0,42.0,1.08,0.5,5.0,20.0,0.43,0.2,2.0,5.0,32.0,1.0,51.0,3.0,86.0,42.0,76.0,70.0,57.0,,80.0,0.0,0.0,,24.0,0.22,0.1,1.0,12.0,0.0,0.0,,0.0,9.0,39.0,10.0,57.0,21.0,28.0,0.03,0.01,0.15,83.55,59.0,50.0,27.41,12.7,127.0,46.0,32.81,15.2,152.0,99.0,0.0,0.0,,,0.0,,,,,,,0.0,0.0,,37.24,0.0,,,0.0,0.0,,27,0.0,100.0,99.0,0.0,58.0,87.0,1.73,0.8,8.0,12.0,0.0,0.0,,44.0,0.22,0.1,1.0,15.0,0.22,0.1,0.0,0.0,1.0,10.0,0.22,0.1,99.0,0.0,0.0,,1.0,,,,,20.0,0.06,0.03,0.3,28.0,0.03,0.01,0.15,2026,0,0,0.0,0,0.0,0.0,0.0,2025-11-22 14:00:00,Domestic League,0,208,59,0,69,236,180,416,0,0,-1,18,260,119,0,2025/2026,2025,2
Italy_Serie_A_2025-2026,Lorenzo Colombo,Genoa,Forward,23,183,74,Italy,6,6,12,1,0,1,0.14,2002-03-08,1,0.14,0,2,2,17,5,6,11,1.54,eu,,41.0,0.0,0.0,,85.0,2.51,1.5,0.0,18.0,1160000.0,30.0,79.0,0.08,5.97,38.0,45.0,0.14,0.08,1.0,1.0,8.0,37.0,48.0,17.0,28.0,0.7,0.42,5.0,9.0,0.0,41.0,46.0,0.56,0.33,4.0,12.0,645.0,6.0,2.09,1.25,15.0,35.0,0.7,0.42,5.0,79.0,2.09,1.25,82.0,0.98,0.58,46.0,58.0,7.0,15.0,96.0,16.88,10.08,121.0,85.0,6.14,3.67,36.0,44.0,88.0,2.09,1.25,15.0,90.0,2.37,1.42,17.0,8.0,63.0,4.0,86.0,4.0,94.0,76.0,76.0,80.0,70.0,,80.0,0.0,0.0,,15.0,0.0,0.0,,26.0,0.28,0.17,2.0,0.0,99.0,84.0,10.0,87.0,51.0,72.0,0.19,0.12,1.39,66.15,9.0,6.0,12.0,7.17,86.0,8.0,18.14,10.83,130.0,6.0,0.14,0.08,1.0,1.0,0.0,,,,1.0,,,0.0,0.0,,71.63,0.0,,,0.0,0.0,,29,0.0,31.82,50.0,4.55,59.0,85.0,1.67,1.0,12.0,95.0,2.09,1.25,15.0,89.0,0.98,0.58,7.0,95.0,3.07,1.83,0.0,22.0,22.0,20.0,0.56,0.33,99.0,0.0,0.0,,4.0,,,,,51.0,0.11,0.07,0.82,81.0,0.29,0.17,2.09,2026,0,1,0.28,1,0.0,0.27,0.14,2025-11-22 14:00:00,Domestic League,644,644,59,644,54,306,338,644,0,0,-1,6,102,-1,0,2025/2026,2025,1
Italy_Serie_A_2025-2026,Morten Wetche Frendrup,Genoa,Midfielder,24,178,63,Denmark,6,6,12,0,0,0,0.0,1970-01-12,1,0.09,0,2,2,17,9,6,15,1.4,eu,,41.0,0.0,0.0,,61.0,1.4,1.25,0.0,15.0,1290000.0,32.0,64.0,0.0,6.74,71.0,51.0,0.19,0.17,2.0,1.0,8.0,37.0,35.0,17.0,64.0,2.05,1.83,22.0,17.0,0.0,41.0,32.0,0.28,0.25,3.0,12.0,966.0,57.0,0.47,0.42,5.0,30.0,0.75,0.67,8.0,28.0,0.37,0.33,40.0,0.28,0.25,75.0,91.0,3.0,4.0,51.0,9.04,8.08,97.0,71.0,5.31,4.75,58.0,57.0,78.0,1.77,1.58,19.0,45.0,0.93,0.83,10.0,11.0,96.0,1.0,51.0,4.0,94.0,42.0,76.0,70.0,57.0,,80.0,0.0,0.0,,86.0,1.21,1.08,13.0,35.0,0.47,0.42,5.0,0.0,99.0,96.0,17.0,57.0,88.0,22.0,0.02,0.02,0.22,80.36,44.0,42.0,24.78,22.17,266.0,39.0,30.84,27.58,331.0,99.0,0.0,0.0,,,0.0,,,,,,,0.0,0.0,,80.93,0.0,,,0.0,0.0,,32,0.0,33.33,61.0,0.0,58.0,76.0,1.49,1.33,16.0,19.0,0.19,0.17,2.0,27.0,0.09,0.08,1.0,18.0,0.28,0.25,0.0,0.0,3.0,95.0,2.89,2.58,99.0,0.0,0.0,,31.0,,,,,28.0,0.07,0.06,0.74,22.0,0.02,0.02,0.22,2026,0,0,0.0,0,0.0,0.0,0.0,2025-11-22 14:00:00,Domestic League,0,966,64,0,81,528,438,966,0,0,-1,17,261,-1,0,2025/2026,2025,1
Italy_Serie_A_2025-2026,Patrizio Masini,Genoa,Midfielder,24,182,0,Italy,6,6,12,0,0,0,0.0,1970-01-12,3,0.32,0,2,2,17,5,6,11,1.18,eu,,45.0,7.11,5.5,66.0,52.0,1.18,0.92,0.0,11.0,410000.0,12.0,64.0,0.0,6.35,54.0,68.0,0.32,0.25,3.0,3.0,25.0,88.0,82.0,17.0,77.0,3.12,2.42,29.0,37.0,733.33,57.0,55.0,0.97,0.75,9.0,12.0,836.0,31.0,1.08,0.83,10.0,38.0,0.65,0.5,6.0,30.0,0.43,0.33,25.0,0.11,0.08,25.0,29.0,1.0,4.0,93.0,15.07,11.67,140.0,99.0,8.83,6.83,58.0,82.0,73.0,1.61,1.25,15.0,95.0,2.8,2.17,26.0,9.0,73.0,3.0,78.0,1.0,46.0,42.0,76.0,70.0,57.0,,86.0,0.11,0.08,1.0,90.0,1.4,1.08,13.0,35.0,0.43,0.33,4.0,0.0,99.0,49.0,36.0,57.0,74.0,41.0,0.06,0.05,0.58,74.51,24.0,54.0,28.64,22.17,266.0,59.0,38.43,29.75,357.0,99.0,0.0,0.0,,,0.0,,,,,,,0.0,0.0,,76.21,0.0,,,0.0,0.0,,73,0.0,33.33,61.0,0.0,58.0,69.0,1.4,1.08,13.0,55.0,0.65,0.5,6.0,56.0,0.32,0.25,3.0,54.0,0.97,0.75,0.0,0.0,9.0,99.0,4.74,3.67,99.0,0.0,0.0,,44.0,,,,,32.0,0.08,0.06,0.74,41.0,0.06,0.05,0.58,2026,0,0,0.0,0,0.0,0.0,0.0,2025-10-29 19:45:00,Domestic League,0,279,76,0,70,393,443,836,0,0,-1,16,262,-1,0,2025/2026,2025,3
Italy_Serie_A_2025-2026,Morten Thorsby,Genoa,Midfielder,29,188,72,Norway,4,3,7,1,0,1,0.23,1970-01-10,0,0.0,0,1,1,14,6,3,9,2.1,eu,,72.0,23.38,8.33,100.0,94.0,3.51,1.25,0.0,15.0,1300000.0,32.0,90.0,0.14,3.33,2.0,35.0,0.0,0.0,,,,31.0,30.0,9.0,65.0,2.1,0.75,9.0,1.0,3333.33,90.0,48.0,0.7,0.25,3.0,12.0,385.0,46.0,0.7,0.25,3.0,75.0,0.23,0.08,1.0,22.0,0.23,0.08,35.0,0.23,0.08,100.0,99.0,1.0,1.0,74.0,10.99,3.92,47.0,49.0,4.44,1.58,40.0,19.0,88.0,2.1,0.75,9.0,22.0,0.47,0.17,2.0,4.0,22.0,3.0,78.0,1.0,46.0,89.0,87.0,70.0,81.0,,80.0,0.0,0.0,,24.0,0.23,0.08,1.0,47.0,0.7,0.25,3.0,0.0,18.0,30.0,1.0,76.0,17.0,74.0,0.2,0.07,0.87,68.13,11.0,13.0,14.49,5.17,62.0,13.0,21.27,7.58,91.0,99.0,0.0,0.0,,,0.0,,,,,,,0.0,0.0,,39.9,0.0,,,0.0,0.0,,2,0.0,25.0,44.0,25.0,92.0,92.0,2.1,0.75,9.0,57.0,0.7,0.25,3.0,45.0,0.23,0.08,1.0,52.0,0.94,0.33,0.0,4.0,4.0,10.0,0.23,0.08,99.0,0.0,0.0,,1.0,,,,,80.0,0.19,0.07,0.82,72.0,0.2,0.07,0.87,2026,1,0,0.47,1,0.34,0.0,0.23,2025-11-22 14:00:00,Domestic League,385,0,43,385,55,267,118,385,0,0,-1,9,63,-1,0,2025/2026,2025,0
Italy_Serie_A_2025-2026,Leo Skiri Oestigaard,Genoa,Defender,25,183,80,Norway,5,5,10,0,1,1,0.11,1970-01-11,4,0.42,0,1,1,10,6,8,14,1.47,eu,,41.0,0.0,0.0,,96.0,3.68,3.18,0.0,35.0,,8.0,71.0,0.1,6.47,57.0,91.0,0.74,0.64,7.0,4.0,40.0,98.0,91.0,3.0,99.0,7.36,6.36,70.0,12.0,0.0,41.0,18.0,0.0,0.0,,11.0,856.0,82.0,0.11,0.09,1.0,99.0,0.0,0.0,,13.0,0.0,0.0,20.0,0.0,0.0,0.0,20.0,,,48.0,8.83,7.64,84.0,66.0,5.15,4.45,58.0,49.0,76.0,1.68,1.45,16.0,18.0,0.42,0.36,4.0,10.0,83.0,,34.0,2.0,69.0,85.0,90.0,75.0,89.0,,80.0,0.0,0.0,,68.0,0.84,0.73,8.0,29.0,0.32,0.27,3.0,0.0,65.0,40.0,12.0,69.0,77.0,82.0,0.27,0.24,2.6,87.41,78.0,89.0,51.1,44.18,486.0,91.0,58.46,50.55,556.0,99.0,0.0,0.0,,,0.0,,,,,,,0.0,0.0,,71.16,0.0,,,0.0,0.0,,5,0.0,55.56,92.0,33.33,97.0,81.0,1.58,1.36,15.0,36.0,0.42,0.36,4.0,70.0,0.53,0.45,5.0,52.0,0.95,0.82,0.0,3.0,9.0,42.0,1.16,1.0,99.0,0.0,0.0,,11.0,,,,,73.0,0.17,0.15,1.62,79.0,0.27,0.24,2.6,2026,2,1,0.42,3,0.44,0.2,0.32,2025-11-22 14:00:00,Domestic League,856,214,61,285,86,406,450,856,0,0,-1,1,38,114,0,2025/2026,2025,4
Italy_Serie_A_2025-2026,Vítor Manuel Carvalho Oliveira,Genoa,Forward,25,178,74,Portugal,5,6,11,0,0,0,0.0,1970-01-12,2,0.33,0,2,2,18,6,5,11,1.83,eu,,69.0,21.67,10.83,130.0,85.0,2.5,1.25,0.0,15.0,,8.0,64.0,0.0,5.59,27.0,48.0,0.17,0.08,1.0,2.0,18.0,72.0,83.0,21.0,66.0,2.17,1.08,13.0,2.0,481.48,48.0,92.0,4.5,2.25,27.0,12.0,540.0,19.0,1.5,0.75,9.0,26.0,0.83,0.42,5.0,98.0,4.67,2.33,94.0,1.67,0.83,35.0,43.0,10.0,28.0,98.0,17.5,8.75,105.0,97.0,8.0,4.0,45.0,48.0,67.0,1.5,0.75,9.0,92.0,2.5,1.25,15.0,7.0,54.0,4.0,86.0,3.0,86.0,60.0,86.0,70.0,73.0,,80.0,0.0,0.0,,84.0,1.17,0.58,7.0,65.0,1.0,0.5,6.0,0.0,87.0,48.0,2.0,86.0,42.0,83.0,0.28,0.14,1.71,67.89,11.0,7.0,12.33,6.17,74.0,8.0,18.17,9.08,109.0,99.0,0.0,0.0,,,0.0,,,,,,,0.0,0.0,,67.09,0.0,,,0.0,0.0,,9,0.0,33.33,61.0,6.67,63.0,91.0,2.0,1.0,12.0,90.0,1.67,0.83,10.0,85.0,0.83,0.42,5.0,87.0,2.5,1.25,0.0,15.0,15.0,49.0,1.33,0.67,99.0,0.0,0.0,,8.0,,,,,20.0,0.06,0.03,0.36,80.0,0.28,0.14,1.71,2026,1,0,0.17,1,0.32,0.0,0.17,2025-11-22 14:00:00,Domestic League,0,270,49,540,49,285,255,540,0,0,-1,2,94,-1,0,2025/2026,2025,2
Italy_Serie_A_2025-2026,Junior Messias,Genoa,Forward,34,174,0,Brazil,2,1,3,0,0,0,0.0,1970-01-08,0,0.0,0,1,1,33,0,0,0,0.0,eu,,41.0,0.0,0.0,,76.0,1.91,0.25,0.0,2.0,1300000.0,32.0,64.0,0.0,2.54,,35.0,0.0,0.0,,,,31.0,30.0,50.0,35.0,0.96,0.12,1.0,99.0,0.0,41.0,55.0,0.96,0.12,1.0,8.0,94.0,35.0,0.96,0.12,1.0,99.0,0.0,0.0,,99.0,12.45,1.62,99.0,6.7,0.88,53.0,71.0,7.0,13.0,99.0,23.94,3.12,25.0,99.0,14.36,1.88,60.0,15.0,98.0,2.87,0.38,3.0,99.0,4.79,0.62,5.0,,,3.0,78.0,,17.0,42.0,76.0,70.0,57.0,,80.0,0.0,0.0,,76.0,0.96,0.12,1.0,12.0,0.0,0.0,,0.0,,30.0,,57.0,,62.0,0.13,0.02,0.14,73.08,20.0,23.0,18.19,2.38,19.0,24.0,24.89,3.25,26.0,99.0,0.0,0.0,,,0.0,,,,,,,0.0,0.0,,20.34,0.0,,,0.0,0.0,,10,0.0,0.0,25.0,0.0,58.0,,0.0,0.0,,99.0,2.87,0.38,3.0,25.0,0.0,0.0,,93.0,2.87,0.38,0.0,0.0,3.0,76.0,1.91,0.25,99.0,0.0,0.0,,2.0,,,,,7.0,0.04,0.01,0.04,61.0,0.13,0.02,0.14,2026,0,0,0.0,0,0.0,0.0,0.0,1970-01-01 00:00:00,Domestic League,0,0,0,0,31,64,30,94,0,0,-1,15,-1,-1,0,2025/2026,2025,0
Italy_Serie_A_2025-2026,Ruslan Malinovskiy,Genoa,Midfielder,32,181,74,Ukraine,6,4,10,1,0,1,0.13,1970-01-09,5,0.64,0,1,1,10,7,6,13,1.67,eu,,73.0,23.53,16.64,183.0,41.0,0.9,0.64,0.0,7.0,1600000.0,42.0,76.0,0.1,6.31,54.0,44.0,0.13,0.09,1.0,5.0,50.0,99.0,99.0,3.0,6.0,0.26,0.18,2.0,6.0,1220.0,71.0,69.0,1.93,1.36,15.0,11.0,700.0,22.0,1.41,1.0,11.0,29.0,0.77,0.55,6.0,71.0,1.54,1.09,73.0,0.77,0.55,50.0,69.0,6.0,12.0,67.0,10.29,7.27,80.0,44.0,4.24,3.0,41.0,33.0,61.0,1.41,1.0,11.0,65.0,1.41,1.0,11.0,9.0,73.0,1.0,51.0,6.0,99.0,73.0,80.0,70.0,69.0,,80.0,0.0,0.0,,72.0,0.9,0.64,7.0,88.0,1.67,1.18,13.0,0.0,65.0,32.0,6.0,89.0,58.0,75.0,0.21,0.15,1.66,83.14,57.0,69.0,36.13,25.55,281.0,69.0,43.46,30.73,338.0,99.0,0.0,0.0,,,0.0,,,,,,,0.0,0.0,,69.38,0.0,,,0.0,0.0,,17,0.0,25.0,44.0,6.25,62.0,85.0,1.67,1.18,13.0,87.0,1.54,1.09,12.0,69.0,0.51,0.36,4.0,81.0,2.06,1.45,0.0,16.0,16.0,42.0,1.16,0.82,99.0,0.0,0.0,,9.0,,,,,88.0,0.23,0.16,1.79,73.0,0.21,0.15,1.66,2026,1,0,0.26,1,0.21,0.0,0.13,2025-11-22 14:00:00,Domestic League,700,140,54,700,70,435,265,700,0,0,-1,8,103,-1,0,2025/2026,2025,5
Italy_Serie_A_2025-2026,Stefano Sabelli,Genoa,Defender,32,176,74,Italy,3,1,4,0,0,0,0.0,1970-01-09,0,0.0,0,1,1,25,4,0,4,1.4,eu,,41.0,0.0,0.0,,3.0,0.0,0.0,0.0,,810000.0,20.0,64.0,0.0,2.22,,97.0,1.05,0.25,3.0,,,31.0,30.0,37.0,74.0,2.8,0.67,8.0,17.0,0.0,41.0,56.0,1.05,0.25,3.0,12.0,257.0,65.0,0.35,0.08,1.0,35.0,0.7,0.17,2.0,13.0,0.0,0.0,20.0,0.0,0.0,0.0,20.0,,,19.0,6.65,1.58,19.0,60.0,4.9,1.17,73.0,14.0,9.0,0.35,0.08,1.0,76.0,1.75,0.42,5.0,4.0,22.0,,34.0,1.0,46.0,80.0,90.0,70.0,89.0,,80.0,0.0,0.0,,34.0,0.35,0.08,1.0,47.0,0.7,0.17,2.0,0.0,2.0,30.0,17.0,68.0,,11.0,0.0,0.0,0.0,69.3,13.0,51.0,27.67,6.58,79.0,62.0,39.92,9.5,114.0,99.0,0.0,0.0,,,0.0,,,,,,,0.0,0.0,,26.64,0.0,,,0.0,0.0,,20,0.0,0.0,25.0,0.0,58.0,69.0,1.4,0.33,4.0,12.0,0.0,0.0,,25.0,0.0,0.0,,10.0,0.0,0.0,0.0,0.0,,97.0,3.15,0.75,99.0,0.0,0.0,,9.0,,,,,32.0,0.08,0.02,0.23,11.0,0.0,0.0,0.0,2026,1,0,0.35,1,0.43,0.0,0.35,2025-10-26 11:30:00,Domestic League,0,0,64,257,64,211,46,257,0,0,-1,7,-1,-1,0,2025/2026,2025,0
Italy_Serie_A_2025-2026,Jeff Ekhator,Genoa,Midfielder,19,0,0,Italy,4,6,10,0,0,0,0.0,2006-11-11,2,0.6,0,2,2,20,2,2,4,1.19,eu,,41.0,0.0,0.0,,84.0,2.38,0.67,0.0,8.0,390000.0,11.0,64.0,0.0,5.45,24.0,35.0,0.0,0.0,,2.0,20.0,79.0,98.0,25.0,8.0,0.3,0.08,1.0,34.0,0.0,41.0,52.0,0.89,0.25,3.0,12.0,302.0,6.0,2.09,0.58,7.0,22.0,0.89,0.25,3.0,79.0,2.09,0.58,78.0,0.89,0.25,42.0,56.0,3.0,7.0,99.0,17.88,5.0,60.0,87.0,6.26,1.75,35.0,21.0,88.0,2.09,0.58,7.0,93.0,2.68,0.75,9.0,3.0,9.0,7.0,98.0,3.0,86.0,78.0,95.0,70.0,87.0,,80.0,0.0,0.0,,30.0,0.3,0.08,1.0,58.0,0.89,0.25,3.0,0.0,65.0,33.0,36.0,71.0,4.0,89.0,0.34,0.09,1.14,58.73,4.0,4.0,11.03,3.08,37.0,9.0,18.77,5.25,63.0,99.0,0.0,0.0,,,0.0,,1.0,,,,,0.0,0.0,,65.34,0.0,,,0.0,0.0,,21,0.0,25.0,44.0,12.5,77.0,76.0,1.49,0.42,5.0,91.0,1.79,0.5,6.0,74.0,0.6,0.17,2.0,86.0,2.38,0.67,0.0,8.0,8.0,13.0,0.3,0.08,99.0,0.0,0.0,,1.0,,,,,20.0,0.06,0.02,0.19,87.0,0.34,0.09,1.14,2026,1,0,0.3,1,0.59,0.0,0.3,2025-10-29 19:45:00,Domestic League,0,151,76,302,30,152,150,302,0,0,-1,5,45,-1,0,2025/2026,2025,2
Italy_Serie_A_2025-2026,Hugo Cuenca,Genoa,Midfielder,20,0,0,Paraguay,0,0,0,0,0,0,0.0,2005-01-08,0,0.0,0,0,0,0,0,0,0,0.0,eu,,,,,,,,,,,,,,,,,,,,,,,,,,,,,,,,,,,,,,,,,,,,,,,,,,,,,,,,,,,,,,,,,,,,,,,,,,,,,,,,,,,,,,,,,,,,,,,,,,,,,,,,,,,,,,,,,,,,,,,,,,,,,,,,,,,,,,,,,,,,,,,,,,,,,,,,,,,,,,,,,,,,,,,,,,,,,,,,,,,,,,,2026,0,0,0.0,0,0.0,0.0,0.0,1970-01-01 00:00:00,Domestic League,0,0,0,0,0,0,0,0,0,0,-1,-1,-1,-1,0,2025/2026,2025,0
Italy_Serie_A_2025-2026,Benjamin Siegrist,Genoa,Goalkeeper,33,196,97,Switzerland,0,0,0,0,0,0,0.0,1970-01-09,0,0.0,0,0,0,0,0,0,0,0.0,eu,,,,,,,,,,,,,,,,,,,,,,,,,,,,,,,,,,,,,,,,,,,,,,,,,,,,,,,,,,,,,,,,,,,,,,,,,,,,,,,,,,,,,,,,,,,,,,,,,,,,,,,,,,,,,,,,,,,,,,,,,,,,,,,,,,,,,,,,,,,,,,,,,,,,,,,,,,,,,,,,,,,,,,,,,,,,,,,,,,,,,,,2026,0,0,0.0,0,0.0,0.0,0.0,1970-01-01 00:00:00,Domestic League,0,0,0,0,0,0,0,0,0,0,-1,-1,-1,-1,0,2025/2026,2025,0
Italy_Serie_A_2025-2026,Daniele Sommariva,Genoa,Goalkeeper,28,185,76,Italy,0,0,0,0,0,0,0.0,1970-01-11,0,0.0,0,0,0,0,0,0,0,0.0,eu,,,,,,,,,,,,,,,,,,,,,,,,,,,,,,,,,,,,,,,,,,,,,,,,,,,,,,,,,,,,,,,,,,,,,,,,,,,,,,,,,,,,,,,,,,,,,,,,,,,,,,,,,,,,,,,,,,,,,,,,,,,,,,,,,,,,,,,,,,,,,,,,,,,,,,,,,,,,,,,,,,,,,,,,,,,,,,,,,,,,,,,2026,0,0,0.0,0,0.0,0.0,0.0,1970-01-01 00:00:00,Domestic League,0,0,0,0,0,0,0,0,0,0,-1,-1,-1,-1,0,2025/2026,2025,0
Italy_Serie_A_2025-2026,Seydou Fini,Genoa,Forward,0,0,0,Italy,0,0,0,0,0,0,0.0,1970-01-01,0,0.0,0,0,0,0,0,0,0,0.0,eu,,,,,,,,,,,,,,,,,,,,,,,,,,,,,,,,,,,,,,,,,,,,,,,,,,,,,,,,,,,,,,,,,,,,,,,,,,,,,,,,,,,,,,,,,,,,,,,,,,,,,,,,,,,,,,,,,,,,,,,,,,,,,,,,,,,,,,,,,,,,,,,,,,,,,,,,,,,,,,,,,,,,,,,,,,,,,,,,,,,,,,,2026,0,0,0.0,0,0.0,0.0,0.0,1970-01-01 00:00:00,Domestic League,0,0,0,0,0,0,0,0,0,0,-1,-1,-1,-1,0,2025/2026,2025,0
Italy_Serie_A_2025-2026,Lorenzo Venturino,Genoa,Midfielder,19,0,0,Italy,0,2,2,0,0,0,0.0,2006-06-22,0,0.0,0,1,1,50,0,0,0,0.0,eu,,99.0,94.74,3.33,40.0,83.0,2.37,0.08,0.0,1.0,236000.0,9.0,64.0,0.0,1.12,0.0,35.0,0.0,0.0,0.0,0.0,0.0,31.0,30.0,90.0,69.0,2.37,0.08,1.0,99.0,500.0,49.0,99.0,18.95,0.67,8.0,12.0,38.0,2.0,2.37,0.08,1.0,99.0,0.0,0.0,0.0,98.0,4.74,0.17,99.0,2.37,0.08,50.0,69.0,1.0,2.0,92.0,14.21,0.5,6.0,55.0,4.74,0.17,33.0,2.0,93.0,2.37,0.08,1.0,2.0,0.0,0.0,0.0,0.0,0.0,2.0,66.0,0.0,17.0,42.0,76.0,70.0,57.0,0.0,80.0,0.0,0.0,0.0,15.0,0.0,0.0,0.0,96.0,2.37,0.08,1.0,0.0,0.0,30.0,0.0,57.0,0.0,83.0,0.28,0.01,0.12,87.5,78.0,88.0,49.74,1.75,21.0,88.0,56.84,2.0,24.0,99.0,0.0,0.0,0.0,0.0,0.0,0.0,0.0,0.0,0.0,0.0,0.0,0.0,0.0,0.0,13.49,0.0,0.0,0.0,0.0,0.0,0.0,76,0.0,100.0,99.0,0.0,58.0,0.0,0.0,0.0,0.0,12.0,0.0,0.0,0.0,99.0,2.37,0.08,1.0,86.0,2.37,0.08,0.0,0.0,1.0,7.0,0.0,0.0,99.0,0.0,0.0,0.0,0.0,0.0,0.0,0.0,0.0,89.0,0.24,0.01,0.1,80.0,0.28,0.01,0.12,2026,0,0,0.0,0,0.0,0.0,0.0,1970-01-01 00:00:00,Domestic League,0,0,0,0,19,0,38,38,0,0,-1,13,-1,-1,0,2025/2026,2025,0
Italy_Serie_A_2025-2026,Mikael Egill Ellertsson,Genoa,Midfielder,23,182,74,Iceland,6,6,12,0,0,0,0.0,2002-03-11,1,0.11,0,2,2,17,5,8,13,1.43,eu,,50.0,11.0,8.33,100.0,32.0,0.66,0.5,0.0,6.0,1390000.0,39.0,64.0,0.0,6.01,39.0,39.0,0.11,0.08,1.0,1.0,8.0,37.0,42.0,17.0,31.0,0.88,0.67,8.0,14.0,2000.0,81.0,44.0,0.55,0.42,5.0,12.0,818.0,73.0,0.22,0.17,2.0,29.0,0.77,0.58,7.0,56.0,1.1,0.83,56.0,0.44,0.33,40.0,52.0,4.0,10.0,28.0,7.37,5.58,67.0,24.0,3.41,2.58,46.0,31.0,44.0,1.1,0.83,10.0,46.0,0.99,0.75,9.0,9.0,73.0,3.0,78.0,3.0,86.0,50.0,84.0,70.0,65.0,0.0,80.0,0.0,0.0,0.0,54.0,0.66,0.5,6.0,40.0,0.55,0.42,5.0,0.0,99.0,91.0,14.0,94.0,72.0,67.0,0.15,0.11,1.33,73.82,22.0,15.0,15.51,11.75,141.0,13.0,21.01,15.92,191.0,99.0,0.0,0.0,0.0,0.0,0.0,0.0,0.0,0.0,0.0,0.0,0.0,0.0,0.0,0.0,72.15,0.0,0.0,0.0,0.0,0.0,0.0,77,0.0,44.44,78.0,11.11,73.0,83.0,1.65,1.25,15.0,49.0,0.55,0.42,5.0,65.0,0.44,0.33,4.0,54.0,0.99,0.75,0.0,9.0,9.0,52.0,1.43,1.08,99.0,0.0,0.0,0.0,13.0,0.0,0.0,0.0,0.0,20.0,0.06,0.05,0.56,66.0,0.15,0.11,1.33,2026,1,0,0.11,1,0.25,0.0,0.11,2025-11-09 14:00:00,Domestic League,0,820,63,820,68,366,454,820,0,0,-1,4,120,-1,0,2025/2026,2025,1
Italy_Serie_A_2025-2026,,Lecce,Midfielder,0,0,0,,5,6,11,0,0,0,0.0,1970-01-01,4,0.36,3,2,5,45,7,7,14,1.27,eu,,41.0,0.0,0.0,0.0,86.0,2.55,2.55,0.0,28.0,0.0,8.0,64.0,0.0,6.73,70.0,95.0,0.91,0.91,10.0,4.0,36.0,96.0,87.0,80.0,91.0,5.09,5.09,56.0,27.0,0.0,41.0,18.0,0.0,0.0,0.0,11.0,990.0,99.0,0.0,0.0,0.0,80.0,0.18,0.18,2.0,21.0,0.18,0.18,22.0,0.09,0.09,50.0,69.0,1.0,2.0,34.0,7.91,7.91,87.0,64.0,5.09,5.09,64.0,56.0,18.0,0.64,0.64,7.0,61.0,1.27,1.27,14.0,11.0,96.0,0.0,34.0,0.0,17.0,42.0,76.0,70.0,57.0,0.0,80.0,0.0,0.0,0.0,54.0,0.64,0.64,7.0,12.0,0.0,0.0,0.0,0.0,87.0,45.0,28.0,57.0,93.0,28.0,0.03,0.03,0.29,84.79,66.0,65.0,34.45,34.45,379.0,64.0,40.64,40.64,447.0,99.0,0.0,0.0,0.0,0.0,0.0,0.0,0.0,0.0,0.0,0.0,0.0,0.0,0.0,0.0,73.98,0.0,0.0,0.0,0.0,0.0,0.0,4,0.0,20.0,35.0,0.0,58.0,64.0,1.27,1.27,14.0,31.0,0.36,0.36,4.0,27.0,0.09,0.09,1.0,27.0,0.45,0.45,0.0,0.0,5.0,46.0,1.27,1.27,99.0,0.0,0.0,0.0,14.0,0.0,0.0,0.0,0.0,38.0,0.09,0.09,0.94,28.0,0.03,0.03,0.29,2026,0,0,0.0,0,0.0,0.0,0.0,2025-11-08 14:00:00,Domestic League,0,248,71,0,90,450,540,990,0,0,-1,7,263,-1,0,2025/2026,2025,4
Italy_Serie_A_2025-2026,José Antonio Morente Oliva,Lecce,Forward,28,184,76,Spain,4,6,10,1,0,1,0.13,1970-01-10,1,0.13,2,2,4,40,6,5,11,1.42,eu,,53.0,12.89,10.0,100.0,41.0,0.9,0.7,0.0,7.0,930000.0,23.0,76.0,0.1,6.66,62.0,63.0,0.26,0.2,2.0,1.0,10.0,52.0,46.0,64.0,55.0,1.55,1.2,12.0,16.0,434.78,46.0,80.0,2.97,2.3,23.0,10.0,698.0,18.0,1.55,1.2,12.0,7.0,1.29,1.0,10.0,91.0,3.09,2.4,86.0,1.16,0.9,37.0,46.0,9.0,24.0,82.0,11.86,9.2,92.0,60.0,4.9,3.8,41.0,38.0,54.0,1.29,1.0,10.0,70.0,1.55,1.2,12.0,8.0,63.0,2.0,66.0,3.0,86.0,55.0,76.0,70.0,57.0,0.0,90.0,0.13,0.1,1.0,26.0,0.26,0.2,2.0,67.0,1.03,0.8,8.0,0.0,65.0,85.0,14.0,57.0,58.0,57.0,0.11,0.08,0.85,75.0,25.0,34.0,21.66,16.8,168.0,35.0,28.88,22.4,224.0,99.0,0.0,0.0,0.0,0.0,0.0,0.0,0.0,0.0,0.0,0.0,0.0,0.0,0.0,0.0,66.55,0.0,0.0,0.0,0.0,0.0,0.0,7,0.0,15.38,29.0,0.0,58.0,70.0,1.42,1.1,11.0,84.0,1.42,1.1,11.0,51.0,0.26,0.2,2.0,74.0,1.68,1.3,0.0,0.0,13.0,46.0,1.29,1.0,99.0,0.0,0.0,0.0,10.0,0.0,0.0,0.0,0.0,70.0,0.16,0.12,1.22,56.0,0.11,0.08,0.85,2026,0,0,0.13,0,0.0,0.0,0.0,2025-11-08 14:00:00,Domestic League,698,698,63,0,70,315,383,698,0,0,-1,17,264,-1,0,2025/2026,2025,1
Italy_Serie_A_2025-2026,,Lecce,Midfielder,0,0,0,,4,5,9,0,1,1,0.14,1970-01-01,0,0.0,3,2,5,56,2,5,7,0.95,eu,,88.0,40.29,27.64,304.0,43.0,0.93,0.64,0.0,7.0,0.0,8.0,79.0,0.11,5.9,36.0,44.0,0.13,0.09,1.0,0.0,0.0,31.0,30.0,95.0,18.0,0.53,0.36,4.0,57.0,675.56,54.0,96.0,5.96,4.09,45.0,11.0,679.0,28.0,1.19,0.82,9.0,70.0,0.27,0.18,2.0,29.0,0.4,0.27,38.0,0.27,0.18,66.0,86.0,2.0,3.0,31.0,7.69,5.27,58.0,44.0,4.24,2.91,55.0,32.0,41.0,1.06,0.73,8.0,39.0,0.8,0.55,6.0,8.0,63.0,1.0,51.0,3.0,86.0,85.0,95.0,70.0,85.0,0.0,80.0,0.0,0.0,0.0,46.0,0.53,0.36,4.0,91.0,1.86,1.27,14.0,0.0,45.0,30.0,57.0,73.0,55.0,86.0,0.32,0.22,2.45,79.51,42.0,56.0,29.82,20.45,225.0,56.0,37.51,25.73,283.0,99.0,0.0,0.0,0.0,0.0,0.0,0.0,0.0,0.0,0.0,0.0,0.0,0.0,0.0,0.0,64.88,0.0,0.0,0.0,0.0,0.0,0.0,10,0.0,21.05,35.0,10.53,70.0,37.0,0.93,0.64,7.0,94.0,1.99,1.36,15.0,70.0,0.53,0.36,4.0,88.0,2.52,1.73,0.0,9.5,19.0,85.0,2.25,1.55,99.0,0.0,0.0,0.0,17.0,0.0,0.0,0.0,0.0,85.0,0.22,0.15,1.69,85.0,0.32,0.22,2.45,2026,2,0,0.41,2,0.6,0.0,0.27,2025-11-08 14:00:00,Domestic League,665,0,95,333,74,299,366,665,0,0,-1,2,54,-1,0,2025/2026,2025,0
Italy_Serie_A_2025-2026,Danilo Filipe Melo Veiga,Lecce,Defender,23,183,0,Portugal,5,5,10,1,0,1,0.12,2002-09-25,3,0.35,3,2,5,50,4,4,8,0.95,eu,,97.0,63.51,48.82,537.0,59.0,1.3,1.0,0.0,11.0,460000.0,13.0,73.0,0.1,6.01,39.0,60.0,0.24,0.18,2.0,3.0,30.0,92.0,85.0,90.0,83.0,3.78,2.91,32.0,57.0,2237.5,83.0,77.0,2.84,2.18,24.0,11.0,761.0,51.0,0.59,0.45,5.0,26.0,0.83,0.64,7.0,84.0,2.48,1.91,65.0,0.59,0.45,23.0,23.0,5.0,21.0,81.0,11.83,9.09,100.0,79.0,5.8,4.45,49.0,49.0,49.0,1.18,0.91,10.0,63.0,1.3,1.0,11.0,8.0,63.0,2.0,66.0,2.0,69.0,53.0,76.0,70.0,57.0,0.0,80.0,0.0,0.0,0.0,80.0,1.06,0.82,9.0,48.0,0.71,0.55,6.0,0.0,65.0,46.0,57.0,57.0,66.0,22.0,0.02,0.02,0.2,73.41,21.0,38.0,23.18,17.82,196.0,42.0,31.58,24.27,267.0,99.0,0.0,0.0,0.0,0.0,0.0,0.0,0.0,0.0,0.0,0.0,0.0,0.0,0.0,0.0,66.12,0.0,0.0,0.0,0.0,0.0,0.0,17,0.0,50.0,89.0,0.0,58.0,38.0,0.95,0.73,8.0,15.0,0.12,0.09,1.0,32.0,0.12,0.09,1.0,16.0,0.24,0.18,0.0,0.0,2.0,93.0,2.72,2.09,99.0,0.0,0.0,0.0,23.0,0.0,0.0,0.0,0.0,63.0,0.14,0.11,1.21,22.0,0.02,0.02,0.2,2026,0,0,0.12,0,0.0,0.0,0.0,2025-11-08 14:00:00,Domestic League,761,254,95,0,76,357,404,761,0,0,-1,22,265,57,0,2025/2026,2025,3
Italy_Serie_A_2025-2026,Lameck Banda,Lecce,Forward,24,169,0,Zambia,4,4,8,0,0,0,0.0,1970-01-12,2,0.49,3,2,5,63,1,0,1,0.24,eu,,61.0,18.29,6.82,75.0,55.0,1.22,0.45,0.0,5.0,800000.0,18.0,64.0,0.0,4.76,14.0,35.0,0.0,0.0,0.0,2.0,25.0,88.0,94.0,98.0,28.0,0.73,0.27,3.0,99.0,468.75,48.0,87.0,3.9,1.45,16.0,11.0,369.0,14.0,1.71,0.64,7.0,17.0,0.98,0.36,4.0,94.0,3.41,1.27,72.0,0.73,0.27,21.0,22.0,3.0,14.0,96.0,16.34,6.09,67.0,90.0,6.59,2.45,40.0,27.0,98.0,3.17,1.18,13.0,98.0,3.41,1.27,14.0,4.0,22.0,4.0,86.0,2.0,69.0,42.0,76.0,70.0,57.0,0.0,80.0,0.0,0.0,0.0,60.0,0.73,0.27,3.0,35.0,0.49,0.18,2.0,0.0,30.0,36.0,99.0,57.0,15.0,62.0,0.13,0.05,0.52,85.0,67.0,18.0,16.59,6.18,68.0,10.0,19.51,7.27,80.0,99.0,0.0,0.0,0.0,0.0,0.0,0.0,0.0,0.0,0.0,0.0,0.0,0.0,0.0,0.0,52.37,0.0,0.0,0.0,0.0,0.0,0.0,19,0.0,60.0,95.0,0.0,58.0,1.0,0.24,0.09,1.0,43.0,0.49,0.18,2.0,81.0,0.73,0.27,3.0,63.0,1.22,0.45,0.0,0.0,5.0,54.0,1.46,0.55,99.0,0.0,0.0,0.0,6.0,0.0,0.0,0.0,0.0,20.0,0.06,0.02,0.23,61.0,0.13,0.05,0.52,2026,0,0,0.0,0,0.0,0.0,0.0,2025-11-08 14:00:00,Domestic League,0,185,369,0,46,198,171,369,0,0,-1,21,266,-1,0,2025/2026,2025,2
Italy_Serie_A_2025-2026,Ylber Ramadani,Lecce,Midfielder,29,185,0,Albania,5,6,11,0,0,0,0.0,1970-01-10,2,0.19,3,2,5,45,7,6,13,1.21,eu,,41.0,0.0,0.0,0.0,54.0,1.21,1.18,0.0,13.0,720000.0,18.0,64.0,0.0,6.76,72.0,36.0,0.09,0.09,1.0,2.0,18.0,72.0,58.0,80.0,57.0,1.68,1.64,18.0,31.0,0.0,41.0,43.0,0.47,0.45,5.0,11.0,964.0,63.0,0.37,0.36,4.0,10.0,1.12,1.09,12.0,43.0,0.75,0.73,31.0,0.19,0.18,25.0,29.0,2.0,8.0,55.0,9.43,9.18,101.0,75.0,5.51,5.36,58.0,59.0,60.0,1.4,1.36,15.0,72.0,1.59,1.55,17.0,11.0,96.0,0.0,34.0,2.0,69.0,42.0,76.0,70.0,57.0,0.0,80.0,0.0,0.0,0.0,88.0,1.31,1.27,14.0,26.0,0.28,0.27,3.0,0.0,87.0,73.0,31.0,57.0,87.0,41.0,0.06,0.06,0.61,81.95,52.0,68.0,36.04,35.09,386.0,71.0,43.97,42.82,471.0,99.0,0.0,0.0,0.0,0.0,0.0,0.0,0.0,0.0,0.0,0.0,0.0,0.0,0.0,0.0,74.33,0.0,0.0,0.0,0.0,0.0,0.0,20,0.0,22.22,37.0,0.0,58.0,58.0,1.21,1.18,13.0,55.0,0.65,0.64,7.0,40.0,0.19,0.18,2.0,47.0,0.84,0.82,0.0,0.0,9.0,91.0,2.61,2.55,99.0,0.0,0.0,0.0,28.0,0.0,0.0,0.0,0.0,38.0,0.09,0.09,0.95,41.0,0.06,0.06,0.61,2026,0,0,0.0,0,0.0,0.0,0.0,2025-11-08 14:00:00,Domestic League,0,482,74,0,88,450,514,964,0,0,-1,20,267,-1,0,2025/2026,2025,2
Italy_Serie_A_2025-2026,Francesco Camarda,Lecce,Midfielder,17,0,0,Italy,5,6,11,0,0,0,0.0,2008-03-10,1,0.26,3,2,5,45,2,2,4,1.04,eu,,41.0,0.0,0.0,0.0,75.0,1.82,0.64,0.0,7.0,1850000.0,48.0,64.0,0.0,5.96,37.0,63.0,0.26,0.09,1.0,1.0,9.0,45.0,71.0,80.0,3.0,0.0,0.0,0.0,50.0,0.0,41.0,31.0,0.26,0.09,1.0,11.0,347.0,17.0,1.56,0.55,6.0,28.0,0.78,0.27,3.0,72.0,1.56,0.55,74.0,0.78,0.27,50.0,69.0,3.0,6.0,76.0,11.15,3.91,43.0,22.0,3.37,1.18,30.0,13.0,72.0,1.56,0.55,6.0,39.0,0.78,0.27,3.0,3.0,9.0,8.0,99.0,1.0,46.0,73.0,76.0,90.0,83.0,0.0,80.0,0.0,0.0,0.0,15.0,0.0,0.0,0.0,12.0,0.0,0.0,0.0,0.0,87.0,60.0,50.0,74.0,10.0,64.0,0.14,0.05,0.54,73.91,22.0,2.0,8.82,3.09,34.0,2.0,11.93,4.18,46.0,99.0,0.0,0.0,0.0,1.0,0.0,0.0,1.0,0.0,1.0,0.0,0.0,0.0,0.0,0.0,65.54,0.0,0.0,0.0,0.0,0.0,0.0,22,0.0,37.5,68.0,12.5,77.0,45.0,1.04,0.36,4.0,80.0,1.3,0.45,5.0,83.0,0.78,0.27,3.0,82.0,2.07,0.73,0.0,8.0,8.0,12.0,0.26,0.09,99.0,0.0,0.0,0.0,1.0,0.0,0.0,0.0,0.0,1.0,0.02,0.01,0.07,85.0,0.32,0.11,1.24,2026,0,1,0.26,1,0.0,0.44,0.26,2025-10-28 17:30:00,Domestic League,0,347,87,347,32,141,206,347,0,0,-1,3,55,-1,0,2025/2026,2025,1
Italy_Serie_A_2025-2026,Antonino Gallo,Lecce,Defender,25,183,69,Italy,5,6,11,1,0,1,0.1,1970-01-11,1,0.1,3,2,5,45,7,5,12,1.17,eu,,90.0,43.67,41.73,459.0,47.0,1.05,1.0,0.0,11.0,1200000.0,31.0,69.0,0.09,6.7,66.0,35.0,0.0,0.0,0.0,1.0,9.0,45.0,38.0,80.0,72.0,2.66,2.55,28.0,38.0,1207.89,70.0,85.0,3.62,3.45,38.0,11.0,946.0,75.0,0.19,0.18,2.0,13.0,1.05,1.0,11.0,57.0,1.14,1.09,69.0,0.67,0.64,58.0,76.0,7.0,12.0,21.0,6.85,6.55,72.0,45.0,4.28,4.09,62.0,45.0,9.0,0.29,0.27,3.0,23.0,0.48,0.45,5.0,11.0,96.0,0.0,34.0,1.0,46.0,47.0,76.0,70.0,57.0,0.0,85.0,0.1,0.09,1.0,29.0,0.29,0.27,3.0,74.0,1.24,1.18,13.0,0.0,87.0,94.0,39.0,57.0,84.0,22.0,0.02,0.02,0.21,70.67,15.0,43.0,25.21,24.09,265.0,54.0,35.68,34.09,375.0,99.0,0.0,0.0,0.0,0.0,0.0,0.0,0.0,0.0,0.0,0.0,0.0,0.0,0.0,0.0,73.71,0.0,0.0,0.0,0.0,0.0,0.0,25,0.0,50.0,89.0,0.0,58.0,60.0,1.24,1.18,13.0,13.0,0.1,0.09,1.0,29.0,0.1,0.09,1.0,14.0,0.19,0.18,0.0,0.0,2.0,82.0,2.09,2.0,99.0,0.0,0.0,0.0,22.0,0.0,0.0,0.0,0.0,70.0,0.16,0.16,1.72,22.0,0.02,0.02,0.21,2026,0,0,0.1,0,0.0,0.0,0.0,2025-11-08 14:00:00,Domestic League,925,925,77,0,84,450,475,925,0,0,-1,19,255,82,0,2025/2026,2025,1
Italy_Serie_A_2025-2026,Lassana Coulibaly,Lecce,Midfielder,29,183,75,Mali,4,6,10,0,0,0,0.0,1970-01-10,2,0.21,3,2,5,50,4,7,11,1.18,eu,,41.0,0.0,0.0,0.0,45.0,0.97,0.82,0.0,9.0,960000.0,25.0,64.0,0.0,6.07,43.0,54.0,0.21,0.18,2.0,2.0,20.0,79.0,61.0,90.0,44.0,1.18,1.0,11.0,37.0,0.0,41.0,42.0,0.43,0.36,4.0,11.0,839.0,43.0,0.75,0.64,7.0,13.0,1.07,0.91,10.0,51.0,0.97,0.82,55.0,0.43,0.36,44.0,56.0,4.0,9.0,39.0,8.15,6.91,76.0,35.0,3.86,3.27,47.0,36.0,42.0,1.07,0.91,10.0,62.0,1.29,1.09,12.0,10.0,83.0,0.0,34.0,1.0,46.0,50.0,76.0,73.0,65.0,0.0,86.0,0.11,0.09,1.0,23.0,0.21,0.18,2.0,50.0,0.75,0.64,7.0,0.0,65.0,70.0,36.0,95.0,74.0,57.0,0.11,0.1,1.06,78.11,35.0,28.0,19.52,16.55,182.0,24.0,24.99,21.18,233.0,99.0,0.0,0.0,0.0,0.0,0.0,0.0,0.0,0.0,0.0,0.0,0.0,0.0,0.0,0.0,66.77,0.0,0.0,0.0,0.0,0.0,0.0,29,0.0,60.0,95.0,20.0,88.0,54.0,1.18,1.0,11.0,21.0,0.21,0.18,2.0,56.0,0.32,0.27,3.0,31.0,0.54,0.45,0.0,5.0,5.0,43.0,1.18,1.0,99.0,0.0,0.0,0.0,11.0,0.0,0.0,0.0,0.0,28.0,0.07,0.06,0.66,56.0,0.11,0.1,1.06,2026,0,1,0.11,1,0.0,0.18,0.11,2025-11-08 14:00:00,Domestic League,0,420,76,839,84,351,488,839,0,0,-1,4,123,-1,0,2025/2026,2025,2
Italy_Serie_A_2025-2026,Wladimiro Falcone,Lecce,Goalkeeper,30,195,85,Italy,5,6,11,0,0,0,0.0,1970-01-10,1,0.09,3,2,5,45,7,7,14,1.27,eu,,41.0,0.0,0.0,0.0,17.0,0.36,0.36,0.0,4.0,1390000.0,39.0,64.0,0.0,6.76,72.0,35.0,0.0,0.0,0.0,1.0,9.0,45.0,35.0,80.0,40.0,1.09,1.09,12.0,27.0,0.0,41.0,18.0,0.0,0.0,0.0,11.0,990.0,99.0,0.0,0.0,0.0,99.0,0.0,0.0,0.0,13.0,0.0,0.0,20.0,0.0,0.0,0.0,20.0,0.0,0.0,6.0,0.73,0.73,8.0,6.0,0.64,0.64,87.0,7.0,6.0,0.0,0.0,0.0,7.0,0.18,0.18,2.0,11.0,96.0,0.0,34.0,0.0,17.0,42.0,76.0,70.0,57.0,0.0,80.0,0.0,0.0,0.0,15.0,0.0,0.0,0.0,12.0,0.0,0.0,0.0,0.0,87.0,98.0,28.0,57.0,93.0,11.0,0.0,0.0,0.0,44.33,0.0,5.0,11.73,11.73,129.0,28.0,26.45,26.45,291.0,99.0,0.0,0.0,0.0,0.0,0.0,0.0,0.0,0.0,0.0,0.0,76.0,0.64,0.64,7.0,74.36,68.18,52.0,48.0,2.73,2.73,30.0,30,0.0,0.0,25.0,0.0,58.0,96.0,4.0,4.0,44.0,12.0,0.0,0.0,0.0,25.0,0.0,0.0,0.0,10.0,0.0,0.0,0.0,0.0,0.0,9.0,0.09,0.09,99.0,0.0,0.0,0.0,1.0,0.0,0.0,0.0,0.0,1.0,0.02,0.02,0.24,11.0,0.0,0.0,0.0,2026,0,0,0.0,0,0.0,0.0,0.0,2025-11-08 14:00:00,Domestic League,0,990,71,0,90,450,540,990,0,0,-1,18,240,96,0,2025/2026,2025,1
Italy_Serie_A_2025-2026,Tiago Gabriel Coelho Oliveira,Lecce,Defender,55,194,0,,5,6,11,0,0,0,0.0,1970-01-01,1,0.1,3,2,5,45,3,7,10,0.99,eu,,41.0,0.0,0.0,0.0,97.0,4.25,3.91,0.0,43.0,330000.0,10.0,64.0,0.0,7.13,94.0,94.0,0.89,0.82,9.0,1.0,9.0,45.0,38.0,80.0,96.0,6.13,5.64,62.0,54.0,0.0,41.0,20.0,0.1,0.09,1.0,11.0,911.0,75.0,0.2,0.18,2.0,69.0,0.3,0.27,3.0,16.0,0.1,0.09,24.0,0.1,0.09,100.0,99.0,1.0,1.0,77.0,11.26,10.36,114.0,96.0,7.61,7.0,67.0,77.0,29.0,0.89,0.82,9.0,43.0,0.89,0.82,9.0,10.0,83.0,1.0,51.0,0.0,17.0,47.0,76.0,72.0,61.0,0.0,80.0,0.0,0.0,0.0,91.0,1.48,1.36,15.0,12.0,0.0,0.0,0.0,0.0,87.0,94.0,54.0,98.0,83.0,54.0,0.1,0.1,1.05,90.69,93.0,71.0,37.54,34.55,380.0,66.0,41.39,38.09,419.0,9.0,0.1,0.09,1.0,0.0,0.0,0.0,0.0,0.0,0.0,0.0,0.0,0.0,0.0,0.0,78.39,0.0,0.0,0.0,0.0,0.0,0.0,44,0.0,12.5,27.0,12.5,77.0,40.0,0.99,0.91,10.0,56.0,0.69,0.64,7.0,29.0,0.1,0.09,1.0,47.0,0.79,0.73,0.0,8.0,8.0,89.0,2.47,2.27,99.0,0.0,0.0,0.0,25.0,0.0,0.0,0.0,0.0,32.0,0.08,0.07,0.8,53.0,0.1,0.1,1.05,2026,0,1,0.1,1,0.0,0.17,0.1,2025-11-08 14:00:00,Domestic League,0,911,91,911,83,371,540,911,0,0,-1,5,131,60,0,2025/2026,2025,1
Italy_Serie_A_2025-2026,Christian Früchtl,Lecce,Goalkeeper,25,193,84,Germany,0,0,0,0,0,0,0.0,1970-01-11,0,0.0,0,0,0,0,0,0,0,0.0,eu,,,,,,,,,,,,,,,,,,,,,,,,,,,,,,,,,,,,,,,,,,,,,,,,,,,,,,,,,,,,,,,,,,,,,,,,,,,,,,,,,,,,,,,,,,,,,,,,,,,,,,,,,,,,,,,,,,,,,,,,,,,,,,,,,,,,,,,,,,,,,,,,,,,,,,,,,,,,,,,,,,,,,,,,,,,,,,,,,,,,,,,2026,0,0,0.0,0,0.0,0.0,0.0,1970-01-01 00:00:00,Domestic League,0,0,0,0,0,0,0,0,0,0,-1,-1,-1,-1,0,2025/2026,2025,0
Italy_Serie_A_2025-2026,Corrie Ndaba,Lecce,Defender,25,188,83,Republic of Ireland,1,2,3,0,0,0,0.0,1970-01-11,0,0.0,1,0,1,33,0,2,2,2.69,eu,,41.0,0.0,0.0,0.0,60.0,1.34,0.09,0.0,1.0,410000.0,12.0,64.0,0.0,1.18,0.0,35.0,0.0,0.0,0.0,0.0,0.0,31.0,30.0,50.0,99.0,9.4,0.64,7.0,0.0,0.0,41.0,63.0,1.34,0.09,1.0,11.0,67.0,99.0,0.0,0.0,0.0,99.0,0.0,0.0,0.0,87.0,2.69,0.18,99.0,2.69,0.18,100.0,99.0,2.0,2.0,38.0,8.06,0.55,6.0,73.0,5.37,0.36,66.0,4.0,55.0,1.34,0.09,1.0,2.0,0.0,0.0,0.0,0.0,0.0,3.0,78.0,0.0,17.0,42.0,76.0,70.0,57.0,0.0,80.0,0.0,0.0,0.0,88.0,1.34,0.09,1.0,12.0,0.0,0.0,0.0,0.0,0.0,30.0,0.0,57.0,0.0,11.0,0.0,0.0,0.0,92.0,97.0,57.0,30.9,2.09,23.0,48.0,33.58,2.27,25.0,99.0,0.0,0.0,0.0,0.0,0.0,0.0,0.0,0.0,0.0,0.0,0.0,0.0,0.0,0.0,12.96,0.0,0.0,0.0,0.0,0.0,0.0,3,0.0,0.0,25.0,0.0,58.0,93.0,2.69,0.18,2.0,12.0,0.0,0.0,0.0,25.0,0.0,0.0,0.0,10.0,0.0,0.0,0.0,0.0,0.0,49.0,1.34,0.09,99.0,0.0,0.0,0.0,1.0,0.0,0.0,0.0,0.0,32.0,0.08,0.01,0.06,11.0,0.0,0.0,0.0,2026,0,0,0.0,0,0.0,0.0,0.0,1970-01-01 00:00:00,Domestic League,0,0,34,0,22,2,65,67,0,0,-1,14,-1,-1,0,2025/2026,2025,0
Italy_Serie_A_2025-2026,Jamil Siebert,Lecce,Defender,23,193,0,Germany,1,0,1,0,0,0,0.0,2002-04-02,0,0.0,0,0,0,0,4,0,4,4.56,eu,,41.0,0.0,0.0,0.0,3.0,0.0,0.0,0.0,0.0,1160000.0,30.0,64.0,0.0,0.5,0.0,98.0,1.14,0.09,1.0,0.0,0.0,31.0,30.0,1.0,98.0,6.84,0.55,6.0,0.0,0.0,41.0,18.0,0.0,0.0,0.0,11.0,79.0,28.0,1.14,0.09,1.0,99.0,0.0,0.0,0.0,13.0,0.0,0.0,20.0,0.0,0.0,0.0,20.0,0.0,0.0,7.0,3.42,0.27,3.0,1.0,0.0,0.0,0.0,0.0,92.0,2.28,0.18,2.0,2.0,0.0,0.0,0.0,1.0,0.0,0.0,34.0,1.0,46.0,42.0,76.0,70.0,57.0,0.0,80.0,0.0,0.0,0.0,15.0,0.0,0.0,0.0,12.0,0.0,0.0,0.0,0.0,0.0,30.0,0.0,57.0,0.0,11.0,0.0,0.0,0.0,97.3,99.0,77.0,41.01,3.27,36.0,66.0,42.15,3.36,37.0,99.0,0.0,0.0,0.0,0.0,0.0,0.0,0.0,0.0,0.0,0.0,0.0,0.0,0.0,0.0,5.49,0.0,0.0,0.0,0.0,0.0,0.0,5,0.0,0.0,25.0,0.0,58.0,98.0,4.56,0.36,4.0,12.0,0.0,0.0,0.0,25.0,0.0,0.0,0.0,10.0,0.0,0.0,0.0,0.0,0.0,7.0,0.0,0.0,99.0,0.0,0.0,0.0,0.0,0.0,0.0,0.0,0.0,32.0,0.08,0.01,0.07,11.0,0.0,0.0,0.0,2026,0,0,0.0,0,0.0,0.0,0.0,2025-09-14 13:00:00,Domestic League,0,0,20,0,79,79,0,79,0,0,-1,16,-1,-1,0,2025/2026,2025,0
Italy_Serie_A_2025-2026,Hamza Rafia,Lecce,Midfielder,26,181,0,France,0,0,0,0,0,0,0.0,1970-01-11,0,0.0,0,0,0,0,0,0,0,0.0,eu,,,,,,,,,,,,,,,,,,,,,,,,,,,,,,,,,,,,,,,,,,,,,,,,,,,,,,,,,,,,,,,,,,,,,,,,,,,,,,,,,,,,,,,,,,,,,,,,,,,,,,,,,,,,,,,,,,,,,,,,,,,,,,,,,,,,,,,,,,,,,,,,,,,,,,,,,,,,,,,,,,,,,,,,,,,,,,,,,,,,,,,2026,0,0,0.0,0,0.0,0.0,0.0,1970-01-01 00:00:00,Domestic League,0,0,0,0,0,0,0,0,0,0,-1,-1,-1,-1,0,2025/2026,2025,0
Italy_Serie_A_2025-2026,Konan Ignace Jocelyn Nu2019dri,Lecce,Midfielder,25,0,0,Ivory Coast,3,5,8,0,0,0,0.0,1970-01-12,1,0.64,1,1,2,25,3,2,5,3.19,eu,,41.0,0.0,0.0,0.0,57.0,1.28,0.18,0.0,2.0,560000.0,14.0,64.0,0.0,4.25,8.0,35.0,0.0,0.0,0.0,1.0,12.0,60.0,99.0,37.0,3.0,0.0,0.0,0.0,0.0,0.0,41.0,69.0,1.91,0.27,3.0,11.0,141.0,2.0,2.55,0.36,4.0,0.0,2.55,0.36,4.0,99.0,6.38,0.91,88.0,1.28,0.18,20.0,22.0,2.0,10.0,99.0,22.98,3.27,36.0,99.0,9.57,1.36,41.0,15.0,83.0,1.91,0.27,3.0,98.0,3.83,0.55,6.0,0.0,0.0,8.0,99.0,0.0,17.0,99.0,99.0,70.0,99.0,0.0,80.0,0.0,0.0,0.0,15.0,0.0,0.0,0.0,12.0,0.0,0.0,0.0,0.0,30.0,32.0,0.0,57.0,0.0,99.0,1.1,0.16,1.73,78.05,35.0,30.0,20.43,2.91,32.0,28.0,26.17,3.73,41.0,99.0,0.0,0.0,0.0,0.0,0.0,0.0,0.0,0.0,0.0,0.0,0.0,0.0,0.0,0.0,46.72,0.0,0.0,0.0,0.0,0.0,0.0,11,0.0,50.0,89.0,33.33,97.0,94.0,3.19,0.45,5.0,94.0,1.91,0.27,3.0,99.0,1.91,0.27,3.0,98.0,3.83,0.55,0.0,3.0,6.0,97.0,3.19,0.45,99.0,0.0,0.0,0.0,5.0,0.0,0.0,0.0,0.0,7.0,0.04,0.01,0.07,99.0,1.1,0.16,1.73,2026,2,0,1.28,2,2.22,0.0,1.28,1970-01-01 00:00:00,Domestic League,0,141,28,71,18,81,60,141,0,0,-1,1,-1,-1,0,2025/2026,2025,1
Italy_Serie_A_2025-2026,Matías Rodrigo Pérez Sepúlveda,Lecce,Midfielder,20,190,0,Chile,0,0,0,0,0,0,0.0,2005-04-13,0,0.0,0,0,0,0,0,0,0,0.0,eu,,,,,,,,,,,,,,,,,,,,,,,,,,,,,,,,,,,,,,,,,,,,,,,,,,,,,,,,,,,,,,,,,,,,,,,,,,,,,,,,,,,,,,,,,,,,,,,,,,,,,,,,,,,,,,,,,,,,,,,,,,,,,,,,,,,,,,,,,,,,,,,,,,,,,,,,,,,,,,,,,,,,,,,,,,,,,,,,,,,,,,,2026,0,0,0.0,0,0.0,0.0,0.0,1970-01-01 00:00:00,Domestic League,0,0,0,0,0,0,0,0,0,0,-1,-1,-1,-1,0,2025/2026,2025,0
Italy_Serie_A_2025-2026,Þórir Jóhann Helgason,Lecce,Midfielder,25,187,0,Iceland,1,2,3,0,0,0,0.0,1970-01-12,0,0.0,0,1,1,33,2,1,3,3.33,eu,,99.0,166.67,13.64,150.0,3.0,0.0,0.0,0.0,0.0,76000.0,8.0,64.0,0.0,1.79,0.0,35.0,0.0,0.0,0.0,0.0,0.0,31.0,30.0,50.0,3.0,0.0,0.0,0.0,0.0,5000.0,94.0,84.0,3.33,0.27,3.0,11.0,81.0,30.0,1.11,0.09,1.0,99.0,0.0,0.0,0.0,56.0,1.11,0.09,84.0,1.11,0.09,100.0,99.0,1.0,1.0,8.0,4.44,0.36,4.0,7.0,1.11,0.09,25.0,1.0,6.0,0.0,0.0,0.0,2.0,0.0,0.0,0.0,1.0,0.0,2.0,66.0,1.0,46.0,42.0,76.0,70.0,57.0,0.0,80.0,0.0,0.0,0.0,15.0,0.0,0.0,0.0,95.0,2.22,0.18,2.0,0.0,0.0,30.0,0.0,57.0,0.0,64.0,0.14,0.01,0.13,83.33,58.0,18.0,16.67,1.36,15.0,10.0,20.0,1.64,18.0,99.0,0.0,0.0,0.0,0.0,0.0,0.0,0.0,0.0,0.0,0.0,0.0,0.0,0.0,0.0,19.67,0.0,0.0,0.0,0.0,0.0,0.0,14,0.0,100.0,99.0,0.0,58.0,94.0,3.33,0.27,3.0,12.0,0.0,0.0,0.0,93.0,1.11,0.09,1.0,59.0,1.11,0.09,0.0,0.0,1.0,7.0,0.0,0.0,99.0,0.0,0.0,0.0,0.0,0.0,0.0,0.0,0.0,54.0,0.12,0.01,0.11,62.0,0.14,0.01,0.13,2026,0,0,0.0,0,0.0,0.0,0.0,2025-10-25 13:00:00,Domestic League,0,0,27,0,27,46,35,81,0,0,-1,15,-1,-1,0,2025/2026,2025,0
Italy_Serie_A_2025-2026,Christ-Owen Kouassi Bathele,Lecce,Midfielder,22,184,78,France,2,2,4,0,0,0,0.0,2003-04-15,0,0.0,1,0,1,25,3,3,6,2.36,eu,,87.0,39.3,9.09,100.0,52.0,1.18,0.27,0.0,3.0,370000.0,11.0,64.0,0.0,2.33,0.0,35.0,0.0,0.0,0.0,0.0,0.0,31.0,30.0,37.0,77.0,3.14,0.73,8.0,0.0,5000.0,94.0,50.0,0.79,0.18,2.0,11.0,229.0,61.0,0.39,0.09,1.0,99.0,0.0,0.0,0.0,28.0,0.39,0.09,20.0,0.0,0.0,0.0,20.0,0.0,1.0,40.0,8.25,1.91,21.0,90.0,6.68,1.55,80.0,17.0,10.0,0.39,0.09,1.0,56.0,1.18,0.27,3.0,3.0,9.0,1.0,51.0,3.0,86.0,42.0,76.0,70.0,57.0,0.0,80.0,0.0,0.0,0.0,37.0,0.39,0.09,1.0,12.0,0.0,0.0,0.0,0.0,2.0,30.0,0.0,57.0,0.0,11.0,0.0,0.0,0.0,80.0,44.0,43.0,25.15,5.82,64.0,40.0,31.44,7.27,80.0,0.0,0.39,0.09,1.0,0.0,0.0,0.0,0.0,0.0,0.0,0.0,0.0,0.0,0.0,0.0,25.65,0.0,0.0,0.0,0.0,0.0,0.0,21,0.0,0.0,25.0,0.0,58.0,92.0,2.36,0.55,6.0,12.0,0.0,0.0,0.0,25.0,0.0,0.0,0.0,10.0,0.0,0.0,0.0,0.0,0.0,99.0,4.32,1.0,99.0,0.0,0.0,0.0,11.0,0.0,0.0,0.0,0.0,12.0,0.05,0.01,0.12,11.0,0.0,0.0,0.0,2026,0,0,0.0,0,0.0,0.0,0.0,2025-09-28 16:00:00,Domestic League,0,0,38,0,57,93,136,229,0,0,-1,13,-1,-1,0,2025/2026,2025,0
Italy_Serie_A_2025-2026,Riccardo Sottil,Lecce,Forward,26,180,70,Italy,3,3,6,0,1,1,0.35,1970-01-11,0,0.0,2,1,3,50,2,3,5,1.74,eu,,95.0,57.34,20.62,165.0,3.0,0.0,0.0,0.0,0.0,1390000.0,39.0,95.0,0.17,5.01,18.0,35.0,0.0,0.0,0.0,0.0,0.0,31.0,30.0,90.0,3.0,0.0,0.0,0.0,3.0,1269.23,73.0,92.0,4.52,1.62,13.0,8.0,259.0,46.0,0.69,0.25,2.0,36.0,0.69,0.25,2.0,98.0,4.52,1.62,70.0,0.69,0.25,15.0,21.0,2.0,13.0,72.0,10.77,3.88,31.0,26.0,3.47,1.25,32.0,10.0,21.0,0.69,0.25,2.0,94.0,2.78,1.0,8.0,3.0,9.0,3.0,78.0,5.0,98.0,95.0,94.0,70.0,89.0,0.0,80.0,0.0,0.0,0.0,15.0,0.0,0.0,0.0,67.0,1.04,0.38,3.0,0.0,9.0,30.0,4.0,68.0,0.0,84.0,0.3,0.11,0.87,84.06,62.0,29.0,20.15,7.25,58.0,20.0,23.98,8.62,69.0,99.0,0.0,0.0,0.0,0.0,0.0,0.0,0.0,0.0,0.0,0.0,0.0,0.0,0.0,0.0,40.07,0.0,0.0,0.0,0.0,0.0,0.0,23,0.0,66.67,97.0,33.33,97.0,88.0,1.74,0.62,5.0,30.0,0.35,0.12,1.0,78.0,0.69,0.25,2.0,56.0,1.04,0.38,0.0,3.0,3.0,7.0,0.0,0.0,99.0,0.0,0.0,0.0,0.0,0.0,0.0,0.0,0.0,91.0,0.28,0.1,0.8,82.0,0.3,0.11,0.87,2026,1,0,0.69,1,0.57,0.0,0.35,2025-10-04 13:00:00,Domestic League,259,0,52,259,43,158,101,259,0,0,-1,6,-1,-1,0,2025/2026,2025,0
Italy_Serie_A_2025-2026,Olaf Gorter,Lecce,Midfielder,20,0,0,Netherlands,0,0,0,0,0,0,0.0,2005-01-31,0,0.0,0,0,0,0,0,0,0,0.0,eu,,,,,,,,,,,,,,,,,,,,,,,,,,,,,,,,,,,,,,,,,,,,,,,,,,,,,,,,,,,,,,,,,,,,,,,,,,,,,,,,,,,,,,,,,,,,,,,,,,,,,,,,,,,,,,,,,,,,,,,,,,,,,,,,,,,,,,,,,,,,,,,,,,,,,,,,,,,,,,,,,,,,,,,,,,,,,,,,,,,,,,,2026,0,0,0.0,0,0.0,0.0,0.0,1970-01-01 00:00:00,Domestic League,0,0,0,0,0,0,0,0,0,0,-1,-1,-1,-1,0,2025/2026,2025,0
Italy_Serie_A_2025-2026,Jasper Samooja,Lecce,Goalkeeper,22,193,0,Finland,0,0,0,0,0,0,0.0,2003-07-21,0,0.0,0,0,0,0,0,0,0,0.0,eu,,,,,,,,,,,,,,,,,,,,,,,,,,,,,,,,,,,,,,,,,,,,,,,,,,,,,,,,,,,,,,,,,,,,,,,,,,,,,,,,,,,,,,,,,,,,,,,,,,,,,,,,,,,,,,,,,,,,,,,,,,,,,,,,,,,,,,,,,,,,,,,,,,,,,,,,,,,,,,,,,,,,,,,,,,,,,,,,,,,,,,,2026,0,0,0.0,0,0.0,0.0,0.0,1970-01-01 00:00:00,Domestic League,0,0,0,0,0,0,0,0,0,0,-1,-1,-1,-1,0,2025/2026,2025,0
Italy_Serie_A_2025-2026,Balthazar Pierret,Lecce,Midfielder,0,0,0,France,1,2,3,0,0,0,0.0,1970-01-01,0,0.0,1,1,2,67,0,0,0,0.0,eu,,41.0,0.0,0.0,0.0,99.0,7.5,0.5,0.0,2.0,460000.0,13.0,64.0,0.0,3.35,2.0,35.0,0.0,0.0,0.0,0.0,0.0,31.0,30.0,99.0,99.0,11.25,0.75,3.0,99.0,0.0,41.0,18.0,0.0,0.0,0.0,4.0,24.0,99.0,0.0,0.0,0.0,99.0,0.0,0.0,0.0,13.0,0.0,0.0,20.0,0.0,0.0,0.0,20.0,0.0,0.0,99.0,18.75,1.25,5.0,99.0,18.75,1.25,100.0,5.0,6.0,0.0,0.0,0.0,99.0,7.5,0.5,2.0,0.0,0.0,3.0,78.0,0.0,17.0,42.0,76.0,70.0,57.0,0.0,80.0,0.0,0.0,0.0,15.0,0.0,0.0,0.0,12.0,0.0,0.0,0.0,0.0,0.0,30.0,0.0,57.0,0.0,11.0,0.0,0.0,0.0,75.0,25.0,83.0,45.0,3.0,12.0,91.0,60.0,4.0,16.0,99.0,0.0,0.0,0.0,0.0,0.0,0.0,0.0,0.0,0.0,0.0,0.0,0.0,0.0,0.0,13.39,0.0,0.0,0.0,0.0,0.0,0.0,75,0.0,0.0,25.0,0.0,58.0,0.0,0.0,0.0,0.0,12.0,0.0,0.0,0.0,25.0,0.0,0.0,0.0,10.0,0.0,0.0,0.0,0.0,0.0,99.0,7.5,0.5,99.0,0.0,0.0,0.0,2.0,0.0,0.0,0.0,0.0,32.0,0.08,0.01,0.02,11.0,0.0,0.0,0.0,2026,0,0,0.0,0,0.0,0.0,0.0,1970-01-01 00:00:00,Domestic League,0,0,0,0,8,7,17,24,0,0,-1,12,-1,-1,0,2025/2026,2025,0
Italy_Serie_A_2025-2026,Mohamed Kaba,Lecce,Midfielder,0,0,0,France,3,3,6,0,0,0,0.0,1970-01-01,0,0.0,3,1,4,67,0,1,1,0.62,eu,,99.0,93.1,15.0,150.0,92.0,3.1,0.5,0.0,5.0,400000.0,11.0,64.0,0.0,1.99,0.0,35.0,0.0,0.0,0.0,0.0,0.0,31.0,30.0,99.0,46.0,1.24,0.2,2.0,80.0,5000.0,94.0,69.0,1.86,0.3,3.0,10.0,145.0,2.0,2.48,0.4,4.0,40.0,0.62,0.1,1.0,61.0,1.24,0.2,67.0,0.62,0.1,50.0,69.0,1.0,2.0,91.0,13.66,2.2,22.0,76.0,5.59,0.9,40.0,9.0,82.0,1.86,0.3,3.0,92.0,2.48,0.4,4.0,1.0,0.0,5.0,90.0,2.0,69.0,42.0,76.0,70.0,57.0,0.0,80.0,0.0,0.0,0.0,15.0,0.0,0.0,0.0,43.0,0.62,0.1,1.0,0.0,9.0,30.0,80.0,57.0,0.0,70.0,0.17,0.03,0.28,74.07,23.0,42.0,24.83,4.0,40.0,47.0,33.52,5.4,54.0,99.0,0.0,0.0,0.0,0.0,0.0,0.0,0.0,0.0,0.0,0.0,0.0,0.0,0.0,0.0,19.92,0.0,0.0,0.0,0.0,0.0,0.0,77,0.0,66.67,97.0,0.0,58.0,15.0,0.62,0.1,1.0,53.0,0.62,0.1,1.0,95.0,1.24,0.2,2.0,76.0,1.86,0.3,0.0,0.0,3.0,7.0,0.0,0.0,99.0,0.0,0.0,0.0,0.0,0.0,0.0,0.0,0.0,20.0,0.06,0.01,0.1,69.0,0.17,0.03,0.28,2026,0,0,0.0,0,0.0,0.0,0.0,2025-08-29 18:45:00,Domestic League,0,0,145,0,24,34,111,145,0,0,-1,11,-1,-1,0,2025/2026,2025,0
Italy_Serie_A_2025-2026,Youssef Maleh,Lecce,Midfielder,27,179,70,Italy,2,1,3,0,0,0,0.0,1970-01-11,0,0.0,1,0,1,33,1,0,1,2.2,eu,,99.0,219.51,14.29,100.0,3.0,0.0,0.0,0.0,0.0,1300000.0,32.0,64.0,0.0,2.79,1.0,35.0,0.0,0.0,0.0,0.0,0.0,31.0,30.0,50.0,3.0,0.0,0.0,0.0,0.0,5000.0,94.0,90.0,4.39,0.29,2.0,7.0,41.0,99.0,0.0,0.0,0.0,99.0,0.0,0.0,0.0,13.0,0.0,0.0,20.0,0.0,0.0,0.0,20.0,0.0,0.0,99.0,21.95,1.43,10.0,99.0,10.98,0.71,50.0,5.0,99.0,8.78,0.57,4.0,87.0,2.2,0.14,1.0,0.0,0.0,3.0,78.0,0.0,17.0,42.0,76.0,70.0,57.0,0.0,80.0,0.0,0.0,0.0,15.0,0.0,0.0,0.0,95.0,2.2,0.14,1.0,0.0,0.0,30.0,0.0,57.0,0.0,11.0,0.0,0.0,0.0,77.78,34.0,57.0,30.73,2.0,14.0,61.0,39.51,2.57,18.0,99.0,0.0,0.0,0.0,0.0,0.0,0.0,0.0,0.0,0.0,0.0,0.0,0.0,0.0,0.0,19.53,0.0,0.0,0.0,0.0,0.0,0.0,93,0.0,0.0,25.0,0.0,58.0,92.0,2.2,0.14,1.0,12.0,0.0,0.0,0.0,25.0,0.0,0.0,0.0,10.0,0.0,0.0,0.0,0.0,0.0,99.0,8.78,0.57,99.0,0.0,0.0,0.0,4.0,0.0,0.0,0.0,0.0,66.0,0.15,0.01,0.07,11.0,0.0,0.0,0.0,2026,0,0,0.0,0,0.0,0.0,0.0,1970-01-01 00:00:00,Domestic League,0,0,41,0,14,28,13,41,0,0,-1,10,-1,-1,0,2025/2026,2025,0
Italy_Serie_A_2025-2026,Pervis Josué Estupiñán Tenorio,AC Milan,Defender,27,175,73,Ecuador,3,3,6,0,1,1,0.2,1970-01-11,3,0.61,2,1,3,50,2,1,3,0.61,eu,,48.0,10.16,7.14,50.0,8.0,0.2,0.14,0.0,1.0,5790000.0,87.0,88.0,0.17,5.83,35.0,76.0,0.41,0.29,2.0,1.0,17.0,67.0,98.0,90.0,38.0,1.02,0.71,5.0,81.0,1250.0,73.0,50.0,0.81,0.57,4.0,7.0,443.0,50.0,0.61,0.43,3.0,8.0,1.22,0.86,6.0,45.0,0.81,0.57,54.0,0.41,0.29,50.0,69.0,2.0,4.0,13.0,5.69,4.0,28.0,11.0,2.44,1.71,42.0,12.0,38.0,1.02,0.71,5.0,47.0,1.02,0.71,5.0,6.0,42.0,0.0,34.0,1.0,46.0,66.0,76.0,70.0,57.0,0.0,96.0,0.2,0.14,1.0,78.0,1.02,0.71,5.0,73.0,1.22,0.86,6.0,0.0,9.0,32.0,81.0,57.0,24.0,39.0,0.05,0.04,0.27,86.93,76.0,67.0,35.15,24.71,173.0,63.0,40.43,28.43,199.0,3.0,0.2,0.14,1.0,0.0,0.0,0.0,0.0,0.0,0.0,0.0,0.0,0.0,0.0,0.0,40.78,0.0,0.0,0.0,0.0,0.0,0.0,2,0.0,0.0,25.0,0.0,58.0,14.0,0.61,0.43,3.0,69.0,1.02,0.71,5.0,25.0,0.0,0.0,0.0,55.0,1.02,0.71,0.0,0.0,5.0,27.0,0.81,0.57,99.0,0.0,0.0,0.0,4.0,0.0,0.0,0.0,0.0,89.0,0.24,0.17,1.17,38.0,0.05,0.04,0.27,2026,0,0,0.2,0,0.0,0.0,0.0,2025-11-08 19:45:00,Domestic League,443,148,148,0,74,250,193,443,0,0,-1,15,226,24,1,2025/2026,2025,2
Italy_Serie_A_2025-2026,Santiago Tomás Giménez,AC Milan,Forward,24,183,60,Mexico,4,5,9,0,0,0,0.0,1970-01-12,1,0.14,3,1,4,44,1,4,5,0.72,eu,,55.0,14.35,11.11,100.0,26.0,0.57,0.44,0.0,4.0,5790000.0,87.0,64.0,0.0,6.61,60.0,45.0,0.14,0.11,1.0,1.0,11.0,57.0,48.0,71.0,4.0,0.14,0.11,1.0,76.0,9999.99,99.0,24.0,0.14,0.11,1.0,9.0,627.0,28.0,1.15,0.89,8.0,99.0,0.0,0.0,0.0,79.0,2.15,1.67,64.0,0.57,0.44,26.0,31.0,4.0,15.0,32.0,7.75,6.0,54.0,22.0,3.3,2.56,42.0,23.0,37.0,1.0,0.78,7.0,66.0,1.44,1.11,10.0,8.0,63.0,1.0,51.0,3.0,86.0,42.0,76.0,70.0,57.0,0.0,99.0,0.43,0.33,3.0,18.0,0.14,0.11,1.0,35.0,0.43,0.33,3.0,0.0,45.0,83.0,76.0,57.0,49.0,76.0,0.22,0.17,1.5,79.31,40.0,3.0,9.9,7.67,69.0,2.0,12.49,9.67,87.0,99.0,0.0,0.0,0.0,0.0,0.0,0.0,2.0,0.0,0.0,0.0,0.0,0.0,0.0,0.0,59.51,0.0,0.0,0.0,0.0,0.0,0.0,7,0.0,33.33,61.0,0.0,58.0,19.0,0.72,0.56,5.0,94.0,2.01,1.56,14.0,89.0,1.0,0.78,7.0,94.0,3.01,2.33,0.0,0.0,21.0,24.0,0.72,0.56,99.0,0.0,0.0,0.0,5.0,0.0,0.0,0.0,0.0,3.0,0.03,0.03,0.23,74.0,0.22,0.17,1.5,2026,0,0,0.0,0,0.0,0.0,0.0,2025-10-28 19:45:00,Domestic League,0,627,125,0,70,274,353,627,0,0,-1,19,239,-1,0,2025/2026,2025,1
Italy_Serie_A_2025-2026,Ruben Ira Loftus-Cheek,AC Milan,Midfielder,29,191,88,England,5,4,9,0,0,0,0.0,1970-01-10,0,0.0,3,2,5,56,1,2,3,0.75,eu,,41.0,0.0,0.0,,93.0,3.25,1.44,0.0,13.0,6410000.0,88.0,64.0,0.0,6.67,64.0,62.0,0.25,0.11,1.0,,,31.0,30.0,95.0,68.0,2.25,1.0,9.0,74.0,0.0,41.0,55.0,1.0,0.44,4.0,9.0,360.0,34.0,1.0,0.44,4.0,72.0,0.25,0.11,1.0,77.0,2.0,0.89,62.0,0.5,0.22,25.0,29.0,2.0,8.0,84.0,12.25,5.44,49.0,69.0,5.25,2.33,42.0,21.0,51.0,1.25,0.56,5.0,60.0,1.25,0.56,5.0,3.0,9.0,6.0,95.0,1.0,46.0,72.0,92.0,70.0,83.0,,80.0,0.0,0.0,,15.0,0.0,0.0,,65.0,1.0,0.44,4.0,0.0,45.0,30.0,74.0,75.0,13.0,89.0,0.34,0.15,1.37,85.52,70.0,58.0,31.0,13.78,124.0,55.0,36.25,16.11,145.0,99.0,0.0,0.0,,,0.0,,,,,,,0.0,0.0,,60.02,0.0,,,0.0,0.0,,8,0.0,16.67,31.0,8.33,66.0,20.0,0.75,0.33,3.0,97.0,2.5,1.11,10.0,68.0,0.5,0.22,2.0,94.0,3.0,1.33,0.0,12.0,12.0,11.0,0.25,0.11,99.0,0.0,0.0,,1.0,,,,,54.0,0.12,0.05,0.49,87.0,0.34,0.15,1.37,2026,1,0,0.25,1,0.48,0.0,0.25,2025-09-14 18:45:00,Domestic League,0,0,120,359,40,188,171,359,0,0,-1,6,56,-1,0,2025/2026,2025,0
Italy_Serie_A_2025-2026,Christian Mate Puliu0161iu0107,AC Milan,Forward,27,177,69,USA,4,3,7,1,1,2,0.52,1970-01-11,0,0.0,3,1,4,56,0,2,2,0.52,eu,,87.0,39.13,21.43,150.0,24.0,0.52,0.29,0.0,2.0,6410000.0,88.0,98.0,0.29,7.55,99.0,35.0,0.0,0.0,,,,31.0,30.0,95.0,38.0,1.04,0.57,4.0,87.0,1500.0,76.0,74.0,2.61,1.43,10.0,7.0,345.0,32.0,1.04,0.57,4.0,71.0,0.26,0.14,1.0,96.0,3.91,2.14,93.0,1.57,0.86,40.0,52.0,6.0,15.0,76.0,11.22,6.14,43.0,73.0,5.48,3.0,48.0,21.0,13.0,0.52,0.29,2.0,79.0,1.83,1.0,7.0,4.0,22.0,3.0,78.0,1.0,46.0,99.0,99.0,95.0,99.0,,80.0,0.0,0.0,,46.0,0.52,0.29,2.0,99.0,3.65,2.0,14.0,0.0,18.0,30.0,87.0,57.0,9.0,99.0,0.73,0.4,2.81,89.12,87.0,64.0,34.17,18.71,131.0,59.0,38.35,21.0,147.0,99.0,0.0,0.0,,1.0,0.0,,,,1.0,,,0.0,0.0,,52.85,0.0,,,0.0,0.0,,11,0.0,80.0,98.0,40.0,98.0,7.0,0.52,0.29,2.0,47.0,0.52,0.29,2.0,99.0,2.09,1.14,8.0,90.0,2.61,1.43,0.0,2.5,10.0,61.0,1.57,0.86,99.0,0.0,0.0,,6.0,,,14.0,1.0,99.0,0.51,0.28,1.96,99.0,0.92,0.5,3.51,2026,3,1,1.57,4,1.59,0.52,1.05,2025-10-05 18:45:00,Domestic League,172,0,172,86,49,170,174,344,0,0,-1,2,1,-1,0,2025/2026,2025,0
Italy_Serie_A_2025-2026,Luka Modrić,AC Milan,Midfielder,40,172,66,Croatia,5,6,11,1,1,2,0.19,1970-01-06,2,0.19,3,2,5,45,3,6,9,0.84,eu,,86.0,37.59,36.64,403.0,4.0,0.09,0.09,0.0,1.0,7410000.0,94.0,86.0,0.18,7.52,99.0,72.0,0.37,0.36,4.0,2.0,18.0,72.0,58.0,80.0,29.0,0.75,0.73,8.0,67.0,839.58,60.0,91.0,4.48,4.36,48.0,11.0,965.0,57.0,0.47,0.45,5.0,20.0,0.93,0.91,10.0,63.0,1.31,1.27,68.0,0.65,0.64,50.0,69.0,7.0,14.0,21.0,6.9,6.73,74.0,38.0,3.92,3.82,56.0,42.0,8.0,0.28,0.27,3.0,54.0,1.12,1.09,12.0,11.0,96.0,,34.0,1.0,46.0,76.0,76.0,72.0,59.0,,80.0,0.0,0.0,,86.0,1.21,1.18,13.0,94.0,2.15,2.09,23.0,0.0,87.0,73.0,67.0,98.0,88.0,60.0,0.12,0.12,1.27,90.94,95.0,98.0,64.63,63.0,693.0,98.0,71.07,69.27,762.0,99.0,0.0,0.0,,,0.0,,,,,,,0.0,0.0,,82.73,0.0,,,0.0,0.0,,14,0.0,50.0,89.0,12.5,77.0,27.0,0.84,0.82,9.0,32.0,0.37,0.36,4.0,61.0,0.37,0.36,4.0,46.0,0.75,0.73,0.0,8.0,8.0,80.0,2.05,2.0,99.0,0.0,0.0,,22.0,,,,,95.0,0.33,0.32,3.49,59.0,0.12,0.12,1.27,2026,0,1,0.28,1,0.0,0.17,0.09,2025-11-08 19:45:00,Domestic League,483,483,107,965,88,441,524,965,0,0,-1,7,136,-1,0,2025/2026,2025,2
Italy_Serie_A_2025-2026,Mike Maignan,AC Milan,Goalkeeper,30,191,80,France,4,6,10,0,0,0,0.0,1970-01-10,0,0.0,2,2,4,40,3,6,9,0.94,eu,,41.0,0.0,0.0,,8.0,0.21,0.2,0.0,2.0,4490000.0,79.0,64.0,0.0,7.02,89.0,35.0,0.0,0.0,,,,31.0,30.0,64.0,17.0,0.52,0.5,5.0,58.0,0.0,41.0,18.0,0.0,0.0,,10.0,866.0,99.0,0.0,0.0,,99.0,0.0,0.0,,16.0,0.1,0.1,24.0,0.1,0.1,100.0,99.0,1.0,1.0,5.0,0.52,0.5,5.0,5.0,0.52,0.5,100.0,5.0,6.0,0.0,0.0,,9.0,0.21,0.2,2.0,10.0,83.0,,34.0,1.0,46.0,42.0,76.0,70.0,57.0,,80.0,0.0,0.0,,15.0,0.0,0.0,,12.0,0.0,0.0,,0.0,65.0,30.0,58.0,57.0,78.0,11.0,0.0,0.0,0.0,74.06,23.0,42.0,24.63,23.7,237.0,47.0,33.26,32.0,320.0,99.0,0.0,0.0,,,0.0,,,1.0,,,5.0,0.1,0.1,1.0,70.24,73.53,76.0,36.0,2.6,2.5,25.0,16,0.0,0.0,25.0,0.0,58.0,95.0,3.53,3.4,34.0,12.0,0.0,0.0,,25.0,0.0,0.0,,10.0,0.0,0.0,0.0,0.0,,7.0,0.0,0.0,99.0,0.0,0.0,,,,,,,20.0,0.06,0.06,0.57,11.0,0.0,0.0,0.0,2026,0,0,0.0,0,0.0,0.0,0.0,2025-11-08 19:45:00,Domestic League,0,0,96,0,87,360,506,866,0,0,-1,22,214,56,0,2025/2026,2025,0
Italy_Serie_A_2025-2026,Youssouf Fofana,AC Milan,Midfielder,26,185,75,France,5,6,11,0,1,1,0.1,1970-01-11,3,0.3,3,2,5,45,3,6,9,0.89,eu,,65.0,19.87,18.18,200.0,28.0,0.6,0.55,0.0,6.0,6950000.0,92.0,69.0,0.09,6.88,81.0,37.0,0.1,0.09,1.0,3.0,27.0,90.0,79.0,80.0,28.0,0.7,0.64,7.0,63.0,6666.67,95.0,34.0,0.3,0.27,3.0,11.0,906.0,46.0,0.7,0.64,7.0,35.0,0.7,0.64,7.0,69.0,1.49,1.36,53.0,0.4,0.36,26.0,31.0,4.0,15.0,35.0,7.95,7.27,80.0,21.0,3.28,3.0,41.0,33.0,60.0,1.39,1.27,14.0,33.0,0.7,0.64,7.0,11.0,96.0,,34.0,1.0,46.0,66.0,81.0,70.0,61.0,,80.0,0.0,0.0,,43.0,0.5,0.45,5.0,84.0,1.49,1.36,15.0,0.0,87.0,53.0,62.0,97.0,83.0,76.0,0.22,0.2,2.22,84.93,66.0,55.0,29.11,26.64,293.0,49.0,34.27,31.36,345.0,9.0,0.1,0.09,1.0,,0.0,,,,,,,0.0,0.0,,75.67,0.0,,,0.0,0.0,,19,0.0,35.0,62.0,5.0,60.0,32.0,0.89,0.82,9.0,79.0,1.29,1.18,13.0,79.0,0.7,0.64,7.0,78.0,1.99,1.82,0.0,20.0,20.0,61.0,1.59,1.45,99.0,0.0,0.0,,16.0,,,,,73.0,0.17,0.16,1.71,74.0,0.22,0.2,2.22,2026,1,0,0.2,1,0.22,0.0,0.1,2025-11-08 19:45:00,Domestic League,906,302,101,906,82,401,505,906,0,0,-1,8,132,-1,0,2025/2026,2025,3
Italy_Serie_A_2025-2026,Fikayo Tomori,AC Milan,Defender,27,185,75,England,4,5,9,0,0,0,0.0,1970-01-11,2,0.26,3,2,5,56,1,4,5,0.66,eu,,41.0,0.0,0.0,,32.0,0.66,0.45,0.0,5.0,5610000.0,85.0,64.0,0.0,5.07,19.0,90.0,0.66,0.45,5.0,2.0,22.0,83.0,71.0,95.0,81.0,3.54,2.45,27.0,78.0,0.0,41.0,47.0,0.66,0.45,5.0,11.0,686.0,99.0,0.0,0.0,,71.0,0.26,0.18,2.0,13.0,0.0,0.0,20.0,0.0,0.0,0.0,20.0,,,9.0,4.85,3.36,37.0,12.0,2.62,1.82,54.0,20.0,40.0,1.05,0.73,8.0,4.0,0.13,0.09,1.0,8.0,63.0,1.0,51.0,1.0,46.0,42.0,76.0,70.0,57.0,,80.0,0.0,0.0,,73.0,0.92,0.64,7.0,16.0,0.13,0.09,1.0,0.0,45.0,60.0,78.0,57.0,57.0,33.0,0.04,0.02,0.27,90.0,90.0,89.0,51.95,36.0,396.0,90.0,57.73,40.0,440.0,99.0,0.0,0.0,,,0.0,,,,,,,0.0,0.0,,55.79,0.0,,,0.0,0.0,,23,0.0,25.0,44.0,0.0,58.0,17.0,0.66,0.45,5.0,33.0,0.39,0.27,3.0,33.0,0.13,0.09,1.0,31.0,0.52,0.36,0.0,0.0,4.0,71.0,1.84,1.27,99.0,0.0,0.0,,14.0,,,,,54.0,0.12,0.09,0.94,32.0,0.04,0.02,0.27,2026,0,0,0.0,0,0.0,0.0,0.0,2025-10-28 19:45:00,Domestic League,0,343,137,0,76,360,325,685,0,0,-1,21,215,28,0,2025/2026,2025,2
Italy_Serie_A_2025-2026,Strahinja Pavlović,AC Milan,Defender,24,194,0,Serbia,5,6,11,0,1,1,0.1,1970-01-12,0,0.0,3,2,5,45,3,6,9,0.88,eu,,63.0,19.48,18.18,200.0,82.0,2.34,2.18,0.0,24.0,3940000.0,74.0,69.0,0.09,7.03,90.0,74.0,0.39,0.36,4.0,,,31.0,30.0,80.0,87.0,4.29,4.0,44.0,64.0,2857.14,87.0,48.0,0.68,0.64,7.0,11.0,924.0,61.0,0.39,0.36,4.0,69.0,0.29,0.27,3.0,43.0,0.78,0.73,60.0,0.49,0.45,62.0,82.0,5.0,8.0,30.0,7.5,7.0,77.0,52.0,4.58,4.27,61.0,47.0,20.0,0.68,0.64,7.0,24.0,0.49,0.45,5.0,11.0,96.0,,34.0,1.0,46.0,77.0,76.0,87.0,76.0,,80.0,0.0,0.0,,42.0,0.49,0.45,5.0,46.0,0.68,0.64,7.0,0.0,87.0,30.0,64.0,81.0,84.0,67.0,0.15,0.14,1.55,90.47,92.0,94.0,54.55,50.91,560.0,92.0,60.29,56.27,619.0,99.0,0.0,0.0,,,0.0,,,,,,,0.0,0.0,,77.3,0.0,,,0.0,0.0,,31,0.0,40.0,72.0,40.0,98.0,31.0,0.88,0.82,9.0,28.0,0.29,0.27,3.0,40.0,0.19,0.18,2.0,29.0,0.49,0.45,0.0,2.5,5.0,50.0,1.36,1.27,99.0,0.0,0.0,,14.0,,,,,83.0,0.21,0.19,2.14,66.0,0.15,0.14,1.55,2026,0,2,0.29,2,0.0,0.36,0.19,2025-11-08 19:45:00,Domestic League,924,0,103,462,84,428,496,924,0,0,-1,3,83,48,0,2025/2026,2025,0
Italy_Serie_A_2025-2026,Matteo Gabbia,AC Milan,Defender,26,185,78,Italy,5,6,11,0,0,0,0.0,1970-01-11,1,0.09,3,2,5,45,3,6,9,0.82,eu,,41.0,0.0,0.0,,86.0,2.55,2.55,0.0,28.0,4070000.0,77.0,64.0,0.0,6.91,82.0,84.0,0.55,0.55,6.0,1.0,9.0,45.0,35.0,80.0,97.0,6.18,6.18,68.0,69.0,0.0,41.0,20.0,0.09,0.09,1.0,11.0,990.0,99.0,0.0,0.0,,99.0,0.0,0.0,,13.0,0.0,0.0,20.0,0.0,0.0,0.0,20.0,,,8.0,4.64,4.64,51.0,17.0,3.09,3.09,66.0,34.0,22.0,0.73,0.73,8.0,12.0,0.27,0.27,3.0,11.0,96.0,,34.0,,17.0,42.0,76.0,70.0,57.0,,80.0,0.0,0.0,,27.0,0.27,0.27,3.0,19.0,0.18,0.18,2.0,0.0,87.0,98.0,69.0,57.0,93.0,39.0,0.05,0.05,0.56,93.45,99.0,84.0,45.36,45.36,499.0,79.0,48.55,48.55,534.0,99.0,0.0,0.0,,,0.0,,,,,,,0.0,0.0,,75.99,0.0,,,0.0,0.0,,46,0.0,28.57,49.0,0.0,58.0,25.0,0.82,0.82,9.0,40.0,0.45,0.45,5.0,39.0,0.18,0.18,2.0,39.0,0.64,0.64,0.0,0.0,7.0,17.0,0.45,0.45,99.0,0.0,0.0,,5.0,,,,,44.0,0.1,0.1,1.09,38.0,0.05,0.05,0.56,2026,0,0,0.0,0,0.0,0.0,0.0,2025-11-08 19:45:00,Domestic League,0,990,110,0,90,450,540,990,0,0,-1,20,216,42,0,2025/2026,2025,1
Italy_Serie_A_2025-2026,Alexis Saelemaekers,AC Milan,Forward,26,180,72,Belgium,5,6,11,0,1,1,0.09,1970-01-11,1,0.09,3,2,5,45,3,6,9,0.85,eu,,48.0,10.4,10.0,110.0,21.0,0.47,0.45,0.0,5.0,1660000.0,44.0,67.0,0.09,7.44,99.0,51.0,0.19,0.18,2.0,1.0,9.0,45.0,35.0,80.0,10.0,0.38,0.36,4.0,66.0,458.33,47.0,72.0,2.27,2.18,24.0,11.0,952.0,52.0,0.57,0.55,6.0,30.0,0.76,0.73,8.0,97.0,4.16,4.0,99.0,2.84,2.73,68.0,86.0,30.0,44.0,80.0,11.72,11.27,124.0,97.0,8.04,7.73,68.0,85.0,14.0,0.57,0.55,6.0,86.0,2.08,2.0,22.0,11.0,96.0,,34.0,2.0,69.0,76.0,80.0,72.0,76.0,,82.0,0.09,0.09,1.0,54.0,0.66,0.64,7.0,77.0,1.32,1.27,14.0,0.0,87.0,95.0,66.0,82.0,86.0,76.0,0.22,0.21,2.33,83.92,61.0,68.0,36.02,34.64,381.0,68.0,42.92,41.27,454.0,99.0,0.0,0.0,,,0.0,,1.0,,,,,0.0,0.0,,81.87,0.0,,,0.0,0.0,,56,0.0,31.25,50.0,12.5,77.0,28.0,0.85,0.82,9.0,71.0,1.04,1.0,11.0,66.0,0.47,0.45,5.0,69.0,1.51,1.45,0.0,8.0,16.0,94.0,2.74,2.64,99.0,0.0,0.0,,29.0,,,,,77.0,0.18,0.17,1.87,74.0,0.22,0.21,2.33,2026,1,1,0.28,2,0.21,0.17,0.19,2025-11-08 19:45:00,Domestic League,953,953,106,477,87,437,516,953,0,0,-1,4,84,-1,0,2025/2026,2025,1
Italy_Serie_A_2025-2026,Pietro Terracciano,AC Milan,Goalkeeper,35,193,85,Italy,1,1,2,0,0,0,0.0,1970-01-08,0,0.0,1,1,2,100,0,0,0,0.0,eu,,41.0,0.0,0.0,,3.0,0.0,0.0,0.0,,1850000.0,48.0,64.0,0.0,1.29,,35.0,0.0,0.0,,,,31.0,30.0,99.0,28.0,0.73,0.09,1.0,99.0,0.0,41.0,18.0,0.0,0.0,,11.0,124.0,99.0,0.0,0.0,,99.0,0.0,0.0,,13.0,0.0,0.0,20.0,0.0,0.0,0.0,20.0,,,,0.0,0.0,,1.0,0.0,0.0,0.0,,6.0,0.0,0.0,,2.0,0.0,0.0,,1.0,,1.0,51.0,,17.0,42.0,76.0,70.0,57.0,,80.0,0.0,0.0,,15.0,0.0,0.0,,12.0,0.0,0.0,,0.0,,30.0,,57.0,,11.0,0.0,0.0,0.0,93.55,99.0,32.0,21.05,2.64,29.0,17.0,22.5,2.82,31.0,99.0,0.0,0.0,,,0.0,,,,,,81.0,0.73,0.09,1.0,14.22,100.0,99.0,52.0,2.9,0.36,4.0,1,0.0,0.0,25.0,0.0,58.0,94.0,2.9,0.36,4.0,12.0,0.0,0.0,,25.0,0.0,0.0,,10.0,0.0,0.0,0.0,0.0,,7.0,0.0,0.0,99.0,0.0,0.0,,,,,,,7.0,0.04,0.01,0.06,11.0,0.0,0.0,0.0,2026,0,0,0.0,0,0.0,0.0,0.0,2025-09-20 18:45:00,Domestic League,0,0,0,0,62,90,34,124,0,0,-1,23,-1,-1,0,2025/2026,2025,0
Italy_Serie_A_2025-2026,Samuele Ricci,AC Milan,Midfielder,24,181,59,Italy,4,4,8,0,1,1,0.18,1970-01-12,0,0.0,2,2,4,50,3,3,6,1.1,eu,,61.0,18.37,9.09,100.0,7.0,0.18,0.09,0.0,1.0,5790000.0,87.0,84.0,0.12,5.08,19.0,72.0,0.37,0.18,2.0,,,31.0,30.0,90.0,74.0,2.76,1.36,15.0,44.0,5000.0,94.0,39.0,0.37,0.18,2.0,11.0,490.0,63.0,0.37,0.18,2.0,99.0,0.0,0.0,,42.0,0.73,0.36,49.0,0.37,0.18,50.0,69.0,2.0,4.0,10.0,5.33,2.64,29.0,22.0,3.31,1.64,62.0,18.0,8.0,0.18,0.09,1.0,80.0,1.84,0.91,10.0,5.0,32.0,3.0,78.0,2.0,69.0,82.0,91.0,70.0,74.0,,93.0,0.18,0.09,1.0,35.0,0.37,0.18,2.0,61.0,0.92,0.45,5.0,0.0,30.0,30.0,45.0,84.0,33.0,79.0,0.25,0.12,1.34,92.02,97.0,77.0,40.22,19.91,219.0,69.0,43.71,21.64,238.0,99.0,0.0,0.0,,,0.0,,,,,,,0.0,0.0,,55.88,0.0,,,0.0,0.0,,4,0.0,44.44,78.0,11.11,73.0,49.0,1.1,0.55,6.0,66.0,0.92,0.45,5.0,81.0,0.73,0.36,4.0,72.0,1.65,0.82,0.0,9.0,9.0,39.0,1.1,0.55,99.0,0.0,0.0,,6.0,,,,,88.0,0.23,0.11,1.24,77.0,0.25,0.12,1.34,2026,1,0,0.37,1,0.46,0.0,0.18,2025-11-08 19:45:00,Domestic League,491,0,82,491,61,196,295,491,0,0,-1,9,89,-1,0,2025/2026,2025,0
Italy_Serie_A_2025-2026,Koni De Winter,AC Milan,Defender,23,191,0,Belgium,2,5,7,0,0,0,0.0,2002-06-12,0,0.0,1,2,3,43,2,2,4,1.05,eu,,53.0,12.82,4.55,50.0,95.0,3.59,1.27,0.0,14.0,3940000.0,74.0,64.0,0.0,4.2,8.0,82.0,0.51,0.18,2.0,,,31.0,30.0,66.0,94.0,5.9,2.09,23.0,49.0,2500.0,86.0,44.0,0.51,0.18,2.0,11.0,351.0,55.0,0.51,0.18,2.0,99.0,0.0,0.0,,23.0,0.26,0.09,38.0,0.26,0.09,100.0,99.0,1.0,1.0,44.0,8.46,3.0,33.0,73.0,5.38,1.91,63.0,21.0,96.0,2.56,0.91,10.0,25.0,0.51,0.18,2.0,3.0,9.0,4.0,86.0,2.0,69.0,42.0,76.0,70.0,57.0,,80.0,0.0,0.0,,44.0,0.51,0.18,2.0,24.0,0.26,0.09,1.0,0.0,18.0,30.0,49.0,57.0,9.0,28.0,0.03,0.01,0.11,85.92,71.0,85.0,46.92,16.64,183.0,87.0,54.62,19.36,213.0,1.0,0.26,0.09,1.0,,0.0,,,,,,,0.0,0.0,,46.22,0.0,,,0.0,0.0,,5,0.0,0.0,25.0,0.0,58.0,43.0,1.03,0.36,4.0,46.0,0.51,0.18,2.0,25.0,0.0,0.0,,30.0,0.51,0.18,0.0,0.0,2.0,36.0,1.03,0.36,99.0,0.0,0.0,,4.0,,,,,51.0,0.11,0.04,0.41,28.0,0.03,0.01,0.11,2026,0,0,0.0,0,0.0,0.0,0.0,2025-11-08 19:45:00,Domestic League,0,0,86,0,49,109,234,343,0,0,-1,18,217,69,0,2025/2026,2025,0
Italy_Serie_A_2025-2026,Alejandro Jiménez Sánchez,AC Milan,Defender,20,0,0,Spain,0,1,1,0,0,0,0.0,2005-05-08,1,2.05,0,0,0,0,0,1,1,2.05,eu,,41.0,0.0,0.0,,3.0,0.0,0.0,0.0,,1059594.0,25.0,64.0,0.0,6.51,57.0,35.0,0.0,0.0,,1.0,100.0,99.0,99.0,1.0,3.0,0.0,0.0,,1.0,0.0,41.0,70.0,2.05,1.0,1.0,1.0,44.0,8.0,2.05,1.0,1.0,1.0,2.05,1.0,1.0,99.0,14.32,7.0,99.0,8.18,4.0,57.0,74.0,4.0,7.0,99.0,18.41,9.0,9.0,99.0,10.23,5.0,55.0,5.0,6.0,0.0,0.0,,85.0,2.05,1.0,1.0,,,1.0,51.0,,17.0,42.0,76.0,70.0,57.0,,80.0,0.0,0.0,,15.0,0.0,0.0,,99.0,4.09,2.0,2.0,0.0,,30.0,1.0,57.0,,11.0,0.0,0.0,0.0,95.0,99.0,74.0,38.86,19.0,19.0,64.0,40.91,20.0,20.0,99.0,0.0,0.0,,,0.0,,,,,,,0.0,0.0,,6.51,0.0,,,0.0,0.0,,20,0.0,0.0,25.0,0.0,58.0,91.0,2.05,1.0,1.0,12.0,0.0,0.0,,25.0,0.0,0.0,,10.0,0.0,0.0,0.0,0.0,,7.0,0.0,0.0,99.0,0.0,0.0,,,,,,,81.0,0.2,0.1,0.1,11.0,0.0,0.0,0.0,2026,0,0,0.0,0,0.0,0.0,0.0,1970-01-01 00:00:00,Domestic League,0,44,44,0,44,0,44,44,0,0,-1,17,-1,-1,0,2025/2026,2025,1
Italy_Serie_A_2025-2026,Samuel Chimerenka Chukwueze,AC Milan,Forward,26,172,70,Nigeria,0,1,1,0,0,0,0.0,1970-01-11,0,0.0,0,0,0,0,0,0,0,0.0,eu,,99.0,118.8,16.5,33.0,3.0,0.0,0.0,0.0,,,8.0,64.0,0.0,3.4,2.0,35.0,0.0,0.0,,,,31.0,30.0,1.0,3.0,0.0,0.0,,99.0,1100.0,68.0,99.0,10.8,1.5,3.0,2.0,25.0,99.0,0.0,0.0,,,3.6,0.5,1.0,95.0,3.6,0.5,99.0,3.6,0.5,100.0,99.0,1.0,1.0,99.0,18.0,2.5,5.0,99.0,14.4,2.0,80.0,4.0,6.0,0.0,0.0,,99.0,10.8,1.5,3.0,,,1.0,51.0,,17.0,42.0,76.0,70.0,57.0,,80.0,0.0,0.0,,15.0,0.0,0.0,,12.0,0.0,0.0,,0.0,,30.0,,57.0,,11.0,0.0,0.0,0.0,84.62,65.0,76.0,39.6,5.5,11.0,76.0,46.8,6.5,13.0,99.0,0.0,0.0,,,0.0,,,,,,,0.0,0.0,,6.79,0.0,,,0.0,0.0,,21,0.0,0.0,25.0,0.0,58.0,,0.0,0.0,,12.0,0.0,0.0,,25.0,0.0,0.0,,10.0,0.0,0.0,0.0,0.0,,7.0,0.0,0.0,99.0,0.0,0.0,,,,,,,28.0,0.07,0.01,0.02,11.0,0.0,0.0,0.0,2026,0,0,0.0,0,0.0,0.0,0.0,1970-01-01 00:00:00,Domestic League,0,0,0,0,25,0,25,25,0,0,-1,16,-1,-1,0,2025/2026,2025,0
Italy_Serie_A_2025-2026,Zachary Athekame,AC Milan,Defender,20,180,74,Switzerland,3,4,7,0,0,0,0.0,2004-12-13,2,1.68,1,1,2,28,0,2,2,1.68,eu,,89.0,41.67,4.55,50.0,94.0,3.33,0.36,0.0,4.0,2310000.0,58.0,64.0,0.0,2.4,,35.0,0.0,0.0,,2.0,29.0,91.0,99.0,43.0,56.0,1.67,0.18,2.0,5.0,1000.0,66.0,88.0,4.17,0.45,5.0,11.0,108.0,40.0,0.83,0.09,1.0,3.0,1.67,0.18,2.0,46.0,0.83,0.09,20.0,0.0,0.0,0.0,20.0,,1.0,86.0,12.5,1.36,15.0,80.0,5.83,0.64,46.0,7.0,95.0,2.5,0.27,3.0,41.0,0.83,0.09,1.0,1.0,,6.0,95.0,1.0,46.0,97.0,76.0,99.0,99.0,,80.0,0.0,0.0,,67.0,0.83,0.09,1.0,54.0,0.83,0.09,1.0,0.0,18.0,30.0,6.0,58.0,,99.0,0.67,0.07,0.8,80.39,44.0,64.0,34.17,3.73,41.0,67.0,42.5,4.64,51.0,99.0,0.0,0.0,,,0.0,,,,,,,0.0,0.0,,26.44,0.0,,,0.0,0.0,,24,0.0,50.0,89.0,50.0,99.0,85.0,1.67,0.18,2.0,62.0,0.83,0.09,1.0,85.0,0.83,0.09,1.0,73.0,1.67,0.18,0.0,2.0,2.0,64.0,1.67,0.18,99.0,0.0,0.0,,2.0,,,,,38.0,0.09,0.01,0.11,99.0,0.67,0.07,0.8,2026,0,1,0.84,1,0.0,0.95,0.84,2025-10-19 18:45:00,Domestic League,0,54,54,107,15,12,95,107,0,0,-1,5,-1,-1,0,2025/2026,2025,2
Italy_Serie_A_2025-2026,Ardon Jasari,AC Milan,Midfielder,23,181,82,Switzerland,0,1,1,0,0,0,0.0,2002-07-30,0,0.0,0,0,0,0,0,0,0,0.0,eu,,41.0,0.0,0.0,,3.0,0.0,0.0,0.0,,5790000.0,87.0,64.0,0.0,2.27,,35.0,0.0,0.0,,,,31.0,30.0,1.0,3.0,0.0,0.0,,99.0,0.0,41.0,18.0,0.0,0.0,,3.0,16.0,99.0,0.0,0.0,,99.0,0.0,0.0,,13.0,0.0,0.0,20.0,0.0,0.0,0.0,20.0,,,99.0,33.75,2.0,6.0,99.0,22.5,1.33,66.0,4.0,99.0,11.25,0.67,2.0,99.0,16.88,1.0,3.0,,,1.0,51.0,,17.0,42.0,76.0,70.0,57.0,,80.0,0.0,0.0,,15.0,0.0,0.0,,12.0,0.0,0.0,,0.0,,30.0,,57.0,,83.0,0.28,0.02,0.05,95.0,99.0,99.0,106.88,6.33,19.0,99.0,112.5,6.67,20.0,99.0,0.0,0.0,,,0.0,,,,,,,0.0,0.0,,6.81,0.0,,,0.0,0.0,,30,0.0,0.0,25.0,0.0,58.0,,0.0,0.0,,99.0,5.62,0.33,1.0,25.0,0.0,0.0,,99.0,5.62,0.33,0.0,0.0,1.0,99.0,5.62,0.33,99.0,0.0,0.0,,1.0,,,,,88.0,0.23,0.01,0.04,80.0,0.28,0.02,0.05,2026,0,0,0.0,0,0.0,0.0,0.0,1970-01-01 00:00:00,Domestic League,0,0,0,0,16,0,16,16,0,0,-1,14,-1,-1,0,2025/2026,2025,0
Italy_Serie_A_2025-2026,Davide Bartesaghi,AC Milan,Defender,19,0,0,Italy,3,4,7,0,0,0,0.0,2005-12-29,1,0.18,1,1,2,28,1,3,4,0.74,eu,,82.0,34.37,16.91,186.0,17.0,0.37,0.18,0.0,2.0,1390000.0,39.0,64.0,0.0,4.34,9.0,72.0,0.37,0.18,2.0,1.0,14.0,63.0,57.0,43.0,56.0,1.66,0.82,9.0,74.0,808.7,58.0,89.0,4.25,2.09,23.0,11.0,487.0,53.0,0.55,0.27,3.0,45.0,0.55,0.27,3.0,50.0,0.92,0.45,49.0,0.37,0.18,40.0,52.0,2.0,5.0,19.0,6.65,3.27,36.0,18.0,3.14,1.55,47.0,17.0,45.0,1.11,0.55,6.0,27.0,0.55,0.27,3.0,5.0,32.0,2.0,66.0,2.0,69.0,42.0,76.0,70.0,57.0,,80.0,0.0,0.0,,20.0,0.18,0.09,1.0,83.0,1.48,0.73,8.0,0.0,18.0,74.0,74.0,57.0,31.0,41.0,0.06,0.03,0.35,83.52,58.0,49.0,27.17,13.36,147.0,44.0,32.53,16.0,176.0,99.0,0.0,0.0,,,0.0,,,,,,,0.0,0.0,,47.69,0.0,,,0.0,0.0,,33,0.0,50.0,89.0,0.0,58.0,20.0,0.74,0.36,4.0,32.0,0.37,0.18,2.0,61.0,0.37,0.18,2.0,45.0,0.74,0.36,0.0,0.0,4.0,72.0,1.85,0.91,99.0,0.0,0.0,,10.0,,,,,51.0,0.11,0.05,0.57,41.0,0.06,0.03,0.35,2026,0,0,0.0,0,0.0,0.0,0.0,2025-11-02 19:45:00,Domestic League,0,487,122,0,70,200,287,487,0,0,-1,13,218,34,0,2025/2026,2025,1
Italy_Serie_A_2025-2026,Matteo Pittarella,AC Milan,Midfielder,17,0,0,Italy,0,0,0,0,0,0,0.0,2008-05-26,0,0.0,0,0,0,0,0,0,0,0.0,eu,,,,,,,,,,,,,,,,,,,,,,,,,,,,,,,,,,,,,,,,,,,,,,,,,,,,,,,,,,,,,,,,,,,,,,,,,,,,,,,,,,,,,,,,,,,,,,,,,,,,,,,,,,,,,,,,,,,,,,,,,,,,,,,,,,,,,,,,,,,,,,,,,,,,,,,,,,,,,,,,,,,,,,,,,,,,,,,,,,,,,,,2026,0,0,0.0,0,0.0,0.0,0.0,1970-01-01 00:00:00,Domestic League,0,0,0,0,0,0,0,0,0,0,-1,-1,-1,-1,0,2025/2026,2025,0
Italy_Serie_A_2025-2026,Yunus Musah,AC Milan,Midfielder,22,183,73,England,3,3,6,0,0,0,0.0,2002-11-29,0,0.0,2,0,2,33,1,1,2,1.23,eu,,41.0,0.0,0.0,0.0,3.0,0.0,0.0,0.0,0.0,3200000.0,67.0,64.0,0.0,2.79,1.0,98.0,1.24,0.17,2.0,0.0,0.0,31.0,30.0,50.0,24.0,0.62,0.08,1.0,30.0,0.0,41.0,46.0,0.62,0.08,1.0,12.0,145.0,2.0,2.48,0.33,4.0,40.0,0.62,0.08,1.0,99.0,6.21,0.83,99.0,4.34,0.58,70.0,86.0,7.0,10.0,96.0,16.76,2.25,27.0,99.0,9.31,1.25,55.0,15.0,82.0,1.86,0.25,3.0,97.0,3.1,0.42,5.0,1.0,0.0,5.0,90.0,0.0,17.0,42.0,76.0,70.0,57.0,0.0,80.0,0.0,0.0,0.0,15.0,0.0,0.0,0.0,74.0,1.24,0.17,2.0,0.0,9.0,30.0,30.0,57.0,0.0,28.0,0.03,0.0,0.05,82.61,54.0,67.0,35.38,4.75,57.0,67.0,42.83,5.75,69.0,99.0,0.0,0.0,0.0,0.0,0.0,0.0,0.0,0.0,0.0,0.0,0.0,0.0,0.0,0.0,33.44,0.0,0.0,0.0,0.0,0.0,0.0,80,0.0,0.0,25.0,0.0,58.0,60.0,1.24,0.17,2.0,53.0,0.62,0.08,1.0,25.0,0.0,0.0,0.0,36.0,0.62,0.08,0.0,0.0,1.0,74.0,1.86,0.25,99.0,0.0,0.0,0.0,3.0,0.0,0.0,0.0,0.0,63.0,0.14,0.02,0.22,28.0,0.03,0.0,0.05,2026,0,0,0.0,0,0.0,0.0,0.0,2025-08-29 18:45:00,Domestic League,0,0,73,0,24,107,39,146,0,0,-1,15,-1,-1,0,2025/2026,2025,0
Italy_Serie_A_2025-2026,Emilio Audero Mulyadi,Cremonese,Goalkeeper,28,192,83,Italy,4,4,8,0,0,0,0.0,1970-01-10,0,0.0,2,1,3,38,2,7,9,1.13,eu,,41.0,0.0,0.0,0.0,40.0,0.86,0.67,0.0,6.0,2090000.0,54.0,64.0,0.0,5.61,30.0,35.0,0.0,0.0,0.0,0.0,0.0,31.0,30.0,57.0,31.0,0.86,0.67,6.0,41.0,0.0,41.0,18.0,0.0,0.0,0.0,9.0,630.0,99.0,0.0,0.0,0.0,99.0,0.0,0.0,0.0,13.0,0.0,0.0,20.0,0.0,0.0,0.0,20.0,0.0,0.0,7.0,1.0,0.78,7.0,7.0,0.86,0.67,85.0,6.0,6.0,0.0,0.0,0.0,20.0,0.43,0.33,3.0,7.0,54.0,0.0,34.0,0.0,17.0,42.0,76.0,70.0,57.0,0.0,80.0,0.0,0.0,0.0,15.0,0.0,0.0,0.0,12.0,0.0,0.0,0.0,0.0,30.0,30.0,42.0,57.0,61.0,11.0,0.0,0.0,0.0,58.58,4.0,36.0,22.43,17.44,157.0,58.0,38.29,29.78,268.0,99.0,0.0,0.0,0.0,0.0,0.0,0.0,0.0,0.0,0.0,0.0,43.0,0.43,0.33,3.0,50.51,82.86,88.0,99.0,4.14,3.22,29.0,1,0.0,0.0,25.0,0.0,58.0,99.0,5.0,3.89,35.0,12.0,0.0,0.0,0.0,25.0,0.0,0.0,0.0,10.0,0.0,0.0,0.0,0.0,0.0,7.0,0.0,0.0,99.0,0.0,0.0,0.0,0.0,0.0,0.0,0.0,0.0,7.0,0.04,0.03,0.28,11.0,0.0,0.0,0.0,2026,0,0,0.0,0,0.0,0.0,0.0,2025-11-23 14:00:00,Domestic League,0,0,80,0,90,360,360,720,0,0,-1,8,219,79,0,2025/2026,2025,0
Italy_Serie_A_2025-2026,Giuseppe Pezzella,Cremonese,Defender,27,187,81,Italy,4,4,8,1,0,1,0.14,1970-01-11,2,0.27,1,1,2,25,6,5,11,1.49,eu,,77.0,27.71,27.71,194.0,58.0,1.29,1.29,0.0,9.0,1390000.0,39.0,79.0,0.12,6.56,58.0,86.0,0.57,0.57,4.0,2.0,25.0,88.0,74.0,37.0,82.0,3.57,3.57,25.0,11.0,881.82,61.0,83.0,3.14,3.14,22.0,7.0,630.0,59.0,0.43,0.43,3.0,33.0,0.71,0.71,5.0,52.0,1.0,1.0,28.0,0.14,0.14,14.0,21.0,1.0,7.0,32.0,7.71,7.71,54.0,32.0,3.71,3.71,48.0,26.0,47.0,1.14,1.14,8.0,28.0,0.57,0.57,4.0,7.0,54.0,0.0,34.0,0.0,17.0,57.0,76.0,70.0,57.0,0.0,80.0,0.0,0.0,0.0,18.0,0.14,0.14,1.0,35.0,0.43,0.43,3.0,0.0,30.0,57.0,11.0,57.0,54.0,22.0,0.02,0.02,0.16,70.62,14.0,16.0,16.14,16.14,113.0,18.0,22.86,22.86,160.0,99.0,0.0,0.0,0.0,0.0,0.0,0.0,0.0,0.0,0.0,0.0,0.0,0.0,0.0,0.0,45.89,0.0,0.0,0.0,0.0,0.0,0.0,3,0.0,0.0,25.0,0.0,58.0,65.0,1.29,1.29,9.0,37.0,0.43,0.43,3.0,25.0,0.0,0.0,0.0,26.0,0.43,0.43,0.0,0.0,3.0,65.0,1.71,1.71,99.0,0.0,0.0,0.0,12.0,0.0,0.0,0.0,0.0,59.0,0.13,0.13,0.94,22.0,0.02,0.02,0.16,2026,0,0,0.14,0,0.0,0.0,0.0,2025-10-20 18:45:00,Domestic League,663,332,60,0,83,360,303,663,0,0,-1,19,220,116,0,2025/2026,2025,2
Italy_Serie_A_2025-2026,Federico Baschirotto,Cremonese,Defender,29,187,0,Italy,6,6,12,0,0,0,0.0,1970-01-10,1,0.08,2,1,3,25,7,9,16,1.33,eu,,41.0,0.0,0.0,0.0,77.0,2.0,2.0,0.0,22.0,2310000.0,58.0,64.0,0.0,6.87,80.0,95.0,0.91,0.91,10.0,1.0,8.0,37.0,32.0,37.0,99.0,7.0,7.0,77.0,22.0,0.0,41.0,26.0,0.18,0.18,2.0,11.0,990.0,83.0,0.09,0.09,1.0,70.0,0.27,0.27,3.0,15.0,0.09,0.09,20.0,0.0,0.0,0.0,20.0,0.0,1.0,12.0,5.64,5.64,62.0,15.0,2.91,2.91,51.0,32.0,37.0,1.0,1.0,11.0,7.0,0.18,0.18,2.0,11.0,96.0,0.0,34.0,0.0,17.0,60.0,87.0,70.0,73.0,0.0,80.0,0.0,0.0,0.0,66.0,0.82,0.82,9.0,12.0,0.0,0.0,0.0,0.0,99.0,99.0,23.0,86.0,99.0,70.0,0.16,0.16,1.8,87.55,78.0,75.0,39.0,39.0,429.0,73.0,44.55,44.55,490.0,99.0,0.0,0.0,0.0,0.0,0.0,0.0,0.0,0.0,0.0,0.0,0.0,0.0,0.0,0.0,75.6,0.0,0.0,0.0,0.0,0.0,0.0,6,0.0,57.14,93.0,28.57,94.0,54.0,1.18,1.18,13.0,26.0,0.27,0.27,3.0,59.0,0.36,0.36,4.0,39.0,0.64,0.64,0.0,3.5,7.0,31.0,0.91,0.91,99.0,0.0,0.0,0.0,10.0,0.0,0.0,0.0,0.0,38.0,0.09,0.09,1.01,69.0,0.16,0.16,1.8,2026,2,0,0.17,2,0.33,0.0,0.17,2025-11-23 14:00:00,Domestic League,0,1080,68,540,90,540,540,1080,0,0,-1,3,92,101,0,2025/2026,2025,1
Italy_Serie_A_2025-2026,Alessio Zerbin,Cremonese,Midfielder,26,182,77,Italy,3,4,7,1,0,1,0.17,1970-01-11,1,0.17,1,1,2,28,2,4,6,1.03,eu,,46.0,8.56,6.25,50.0,23.0,0.51,0.38,0.0,3.0,410000.0,12.0,81.0,0.14,5.71,33.0,35.0,0.0,0.0,0.0,1.0,14.0,63.0,53.0,43.0,57.0,1.71,1.25,10.0,51.0,833.33,60.0,56.0,1.03,0.75,6.0,8.0,526.0,39.0,0.86,0.62,5.0,4.0,1.54,1.12,9.0,84.0,2.4,1.75,70.0,0.68,0.5,28.0,32.0,4.0,14.0,86.0,12.49,9.12,73.0,71.0,5.3,3.88,42.0,31.0,50.0,1.2,0.88,7.0,48.0,1.03,0.75,6.0,7.0,54.0,0.0,34.0,2.0,69.0,60.0,76.0,70.0,57.0,0.0,80.0,0.0,0.0,0.0,15.0,0.0,0.0,0.0,37.0,0.51,0.38,3.0,0.0,18.0,78.0,51.0,57.0,38.0,47.0,0.08,0.06,0.48,72.46,18.0,31.0,20.7,15.12,121.0,34.0,28.57,20.88,167.0,99.0,0.0,0.0,0.0,0.0,0.0,0.0,0.0,0.0,0.0,0.0,0.0,0.0,0.0,0.0,45.69,0.0,0.0,0.0,0.0,0.0,0.0,7,0.0,33.33,61.0,0.0,58.0,43.0,1.03,0.75,6.0,55.0,0.68,0.5,4.0,57.0,0.34,0.25,2.0,55.0,1.03,0.75,0.0,0.0,6.0,97.0,3.25,2.38,99.0,0.0,0.0,0.0,19.0,0.0,0.0,0.0,0.0,70.0,0.16,0.12,0.94,46.0,0.08,0.06,0.48,2026,0,0,0.17,0,0.0,0.0,0.0,2025-10-25 18:45:00,Domestic League,526,526,88,0,75,222,304,526,0,0,-1,26,221,-1,0,2025/2026,2025,1
Italy_Serie_A_2025-2026,Matteo Bianchetti,Cremonese,Defender,32,189,81,Italy,6,6,12,1,0,1,0.09,1970-01-09,1,0.09,2,1,3,25,7,9,16,1.5,eu,,41.0,0.0,0.0,0.0,79.0,2.15,1.91,0.0,21.0,930000.0,23.0,67.0,0.08,6.71,67.0,87.0,0.62,0.55,6.0,1.0,8.0,37.0,35.0,37.0,93.0,5.54,4.91,54.0,11.0,0.0,41.0,35.0,0.31,0.27,3.0,11.0,878.0,99.0,0.0,0.0,0.0,49.0,0.51,0.45,5.0,16.0,0.1,0.09,20.0,0.0,0.0,0.0,20.0,0.0,1.0,39.0,8.1,7.18,79.0,58.0,4.82,4.27,59.0,47.0,30.0,0.92,0.82,9.0,40.0,0.82,0.73,8.0,10.0,83.0,1.0,51.0,4.0,94.0,45.0,76.0,70.0,57.0,0.0,80.0,0.0,0.0,0.0,44.0,0.51,0.45,5.0,14.0,0.1,0.09,1.0,0.0,99.0,96.0,11.0,57.0,87.0,28.0,0.03,0.02,0.26,83.58,60.0,76.0,40.18,35.64,392.0,78.0,48.08,42.64,469.0,99.0,0.0,0.0,0.0,0.0,0.0,0.0,0.0,0.0,0.0,0.0,0.0,0.0,0.0,0.0,73.83,0.0,0.0,0.0,0.0,0.0,0.0,15,0.0,33.33,61.0,0.0,58.0,67.0,1.33,1.18,13.0,21.0,0.21,0.18,2.0,29.0,0.1,0.09,1.0,20.0,0.31,0.27,0.0,0.0,3.0,72.0,1.85,1.64,99.0,0.0,0.0,0.0,18.0,0.0,0.0,0.0,0.0,63.0,0.14,0.13,1.4,28.0,0.03,0.02,0.26,2026,0,0,0.09,0,0.0,0.0,0.0,2025-11-23 14:00:00,Domestic League,958,958,60,0,80,533,425,958,0,0,-1,25,222,117,0,2025/2026,2025,1
Italy_Serie_A_2025-2026,Michele Collocolo,Cremonese,Midfielder,26,188,0,Italy,2,2,4,0,0,0,0.0,1970-01-11,1,0.31,1,1,2,50,1,2,3,0.94,eu,,41.0,0.0,0.0,0.0,44.0,0.94,0.75,0.0,3.0,700000.0,17.0,64.0,0.0,6.62,61.0,67.0,0.31,0.25,1.0,1.0,25.0,88.0,80.0,90.0,24.0,0.63,0.5,2.0,58.0,0.0,41.0,65.0,1.57,1.25,5.0,4.0,286.0,25.0,1.26,1.0,4.0,40.0,0.63,0.5,2.0,25.0,0.31,0.25,44.0,0.31,0.25,100.0,99.0,1.0,1.0,14.0,5.98,4.75,19.0,14.0,2.83,2.25,47.0,9.0,18.0,0.63,0.5,2.0,30.0,0.63,0.5,2.0,4.0,22.0,0.0,34.0,1.0,46.0,42.0,76.0,70.0,57.0,0.0,80.0,0.0,0.0,0.0,32.0,0.31,0.25,1.0,44.0,0.63,0.5,2.0,0.0,2.0,50.0,57.0,57.0,1.0,33.0,0.04,0.03,0.13,84.0,62.0,46.0,26.43,21.0,84.0,41.0,31.47,25.0,100.0,99.0,0.0,0.0,0.0,0.0,0.0,0.0,0.0,0.0,0.0,0.0,0.0,0.0,0.0,0.0,26.47,0.0,0.0,0.0,0.0,0.0,0.0,18,0.0,100.0,99.0,0.0,58.0,37.0,0.94,0.75,3.0,12.0,0.0,0.0,0.0,55.0,0.31,0.25,1.0,20.0,0.31,0.25,0.0,0.0,1.0,32.0,0.94,0.75,99.0,0.0,0.0,0.0,3.0,0.0,0.0,0.0,0.0,32.0,0.08,0.07,0.26,32.0,0.04,0.03,0.13,2026,0,0,0.0,0,0.0,0.0,0.0,2025-09-21 13:00:00,Domestic League,0,286,95,0,72,180,106,286,0,0,-1,24,223,-1,0,2025/2026,2025,1
Italy_Serie_A_2025-2026,Filippo Terracciano,Cremonese,Defender,22,186,0,Italy,5,6,11,0,0,0,0.0,2003-02-08,2,0.18,2,1,3,27,3,9,12,1.1,eu,,41.0,0.0,0.0,0.0,71.0,1.72,1.7,0.0,17.0,1850000.0,48.0,64.0,0.0,7.04,91.0,97.0,1.01,1.0,10.0,2.0,18.0,72.0,57.0,39.0,84.0,3.84,3.8,38.0,44.0,0.0,41.0,59.0,1.21,1.2,12.0,10.0,891.0,99.0,0.0,0.0,0.0,59.0,0.4,0.4,4.0,29.0,0.4,0.4,42.0,0.3,0.3,75.0,91.0,3.0,4.0,13.0,5.66,5.6,56.0,30.0,3.64,3.6,64.0,36.0,10.0,0.4,0.4,4.0,53.0,1.11,1.1,11.0,10.0,83.0,0.0,34.0,3.0,86.0,62.0,76.0,85.0,74.0,0.0,80.0,0.0,0.0,0.0,95.0,1.62,1.6,16.0,21.0,0.2,0.2,2.0,0.0,87.0,75.0,45.0,84.0,89.0,70.0,0.16,0.16,1.56,84.71,65.0,81.0,43.64,43.2,432.0,83.0,51.52,51.0,510.0,99.0,0.0,0.0,0.0,0.0,0.0,0.0,0.0,0.0,0.0,0.0,0.0,0.0,0.0,0.0,70.41,0.0,0.0,0.0,0.0,0.0,0.0,24,0.0,33.33,61.0,33.33,97.0,34.0,0.91,0.9,9.0,35.0,0.4,0.4,4.0,42.0,0.2,0.2,2.0,35.0,0.61,0.6,0.0,3.0,6.0,18.0,0.51,0.5,99.0,0.0,0.0,0.0,5.0,0.0,0.0,0.0,0.0,51.0,0.11,0.11,1.08,69.0,0.16,0.16,1.56,2026,0,2,0.18,2,0.0,0.34,0.18,2025-11-23 14:00:00,Domestic League,0,491,82,491,89,450,531,981,0,0,-1,2,87,75,0,2025/2026,2025,2
Italy_Serie_A_2025-2026,Jari Vandeputte,Cremonese,Midfielder,29,177,0,Belgium,6,6,12,2,2,4,0.45,1970-01-10,1,0.11,2,1,3,25,4,9,13,1.45,eu,,96.0,61.22,45.64,502.0,10.0,0.24,0.18,0.0,2.0,1390000.0,39.0,97.0,0.33,7.0,88.0,41.0,0.12,0.09,1.0,1.0,8.0,37.0,42.0,37.0,67.0,2.2,1.64,18.0,13.0,1115.56,68.0,95.0,5.49,4.09,45.0,11.0,738.0,30.0,1.1,0.82,9.0,17.0,0.98,0.73,8.0,47.0,0.85,0.64,60.0,0.49,0.36,57.0,74.0,4.0,7.0,31.0,7.56,5.64,62.0,31.0,3.66,2.73,48.0,30.0,34.0,0.98,0.73,8.0,57.0,1.22,0.91,10.0,9.0,73.0,2.0,66.0,1.0,46.0,87.0,76.0,70.0,57.0,0.0,80.0,0.0,0.0,0.0,69.0,0.85,0.64,7.0,97.0,2.68,2.0,22.0,0.0,99.0,89.0,13.0,57.0,70.0,39.0,0.05,0.04,0.44,76.4,29.0,59.0,31.59,23.55,259.0,65.0,41.34,30.82,339.0,99.0,0.0,0.0,0.0,0.0,0.0,0.0,0.0,0.0,0.0,0.0,0.0,0.0,0.0,0.0,77.02,0.0,0.0,0.0,0.0,0.0,0.0,27,0.0,28.57,49.0,0.0,58.0,59.0,1.22,0.91,10.0,52.0,0.61,0.45,5.0,47.0,0.24,0.18,2.0,48.0,0.85,0.64,0.0,0.0,7.0,65.0,1.71,1.27,99.0,0.0,0.0,0.0,14.0,0.0,0.0,0.0,0.0,98.0,0.45,0.34,3.69,38.0,0.05,0.04,0.44,2026,0,0,0.45,0,0.0,0.0,0.0,2025-11-23 14:00:00,Domestic League,202,808,62,0,67,352,456,808,0,0,-1,23,224,-1,0,2025/2026,2025,1
Italy_Serie_A_2025-2026,Alberto Grassi,Cremonese,Midfielder,30,183,75,Italy,4,3,7,0,0,0,0.0,1970-01-10,2,0.47,1,1,2,28,6,1,7,1.64,eu,,41.0,0.0,0.0,0.0,22.0,0.49,0.29,0.0,2.0,1620000.0,43.0,64.0,0.0,5.57,27.0,62.0,0.25,0.14,1.0,2.0,29.0,91.0,94.0,43.0,73.0,2.71,1.57,11.0,7.0,0.0,41.0,18.0,0.0,0.0,0.0,7.0,365.0,43.0,0.74,0.43,3.0,51.0,0.49,0.29,2.0,52.0,0.99,0.57,72.0,0.74,0.43,75.0,91.0,3.0,4.0,28.0,7.4,4.29,30.0,49.0,4.44,2.57,60.0,18.0,23.0,0.74,0.43,3.0,76.0,1.73,1.0,7.0,3.0,9.0,3.0,78.0,2.0,69.0,42.0,76.0,70.0,57.0,0.0,80.0,0.0,0.0,0.0,91.0,1.48,0.86,6.0,12.0,0.0,0.0,0.0,0.0,18.0,37.0,7.0,57.0,17.0,28.0,0.03,0.02,0.12,84.15,62.0,72.0,37.97,22.0,154.0,74.0,45.12,26.14,183.0,2.0,0.25,0.14,1.0,0.0,0.0,0.0,0.0,0.0,0.0,0.0,0.0,0.0,0.0,0.0,38.99,0.0,0.0,0.0,0.0,0.0,0.0,33,0.0,100.0,99.0,0.0,58.0,87.0,1.73,1.0,7.0,12.0,0.0,0.0,0.0,50.0,0.25,0.14,1.0,16.0,0.25,0.14,0.0,0.0,1.0,56.0,1.48,0.86,99.0,0.0,0.0,0.0,6.0,0.0,0.0,0.0,0.0,32.0,0.08,0.05,0.32,28.0,0.03,0.02,0.12,2026,0,0,0.0,0,0.0,0.0,0.0,2025-10-04 16:00:00,Domestic League,0,193,55,0,55,268,117,385,0,0,-1,22,213,-1,0,2025/2026,2025,2
Italy_Serie_A_2025-2026,David Chidozie Okereke,Cremonese,Forward,28,181,75,Nigeria,1,1,2,0,0,0,0.0,1970-01-11,0,0.0,0,0,0,0,1,0,1,1.11,eu,,41.0,0.0,0.0,0.0,99.0,5.56,2.5,0.0,5.0,960000.0,25.0,64.0,0.0,6.54,57.0,98.0,1.11,0.5,1.0,0.0,0.0,31.0,30.0,1.0,67.0,2.22,1.0,2.0,43.0,0.0,41.0,18.0,0.0,0.0,0.0,2.0,81.0,30.0,1.11,0.5,1.0,11.0,1.11,0.5,1.0,56.0,1.11,0.5,20.0,0.0,0.0,0.0,20.0,0.0,1.0,99.0,20.0,9.0,18.0,90.0,6.67,3.0,33.0,6.0,6.0,0.0,0.0,0.0,2.0,0.0,0.0,0.0,1.0,0.0,1.0,51.0,2.0,69.0,42.0,76.0,70.0,57.0,0.0,80.0,0.0,0.0,0.0,15.0,0.0,0.0,0.0,12.0,0.0,0.0,0.0,0.0,0.0,30.0,43.0,57.0,0.0,54.0,0.1,0.04,0.09,55.56,2.0,1.0,5.56,2.5,5.0,1.0,10.0,4.5,9.0,99.0,0.0,0.0,0.0,0.0,0.0,0.0,0.0,0.0,0.0,0.0,0.0,0.0,0.0,0.0,13.09,0.0,0.0,0.0,0.0,0.0,0.0,77,0.0,0.0,25.0,0.0,58.0,50.0,1.11,0.5,1.0,0.0,-1.11,-0.5,,93.0,1.11,0.5,1.0,10.0,0.0,0.0,0.0,0.0,0.0,39.0,1.11,0.5,99.0,0.0,0.0,0.0,1.0,0.0,0.0,0.0,0.0,0.0,0.01,0.01,0.01,53.0,0.1,0.04,0.09,2026,0,0,0.0,0,0.0,0.0,0.0,2025-08-23 18:45:00,Domestic League,0,0,81,0,41,65,16,81,0,0,-1,21,-1,-1,0,2025/2026,2025,0
Italy_Serie_A_2025-2026,Federico Bonazzoli,Cremonese,Forward,28,185,79,Italy,6,3,9,0,0,0,0.0,1970-01-11,0,0.0,2,0,2,22,2,6,8,1.27,eu,,41.0,0.0,0.0,0.0,7.0,0.19,0.1,0.0,1.0,2310000.0,58.0,64.0,0.0,5.7,32.0,35.0,0.0,0.0,0.0,0.0,0.0,31.0,30.0,29.0,21.0,0.56,0.3,3.0,27.0,0.0,41.0,39.0,0.37,0.2,2.0,10.0,485.0,12.0,1.86,1.0,10.0,62.0,0.37,0.2,2.0,42.0,0.74,0.4,49.0,0.37,0.2,50.0,69.0,2.0,4.0,33.0,7.79,4.2,42.0,37.0,3.9,2.1,50.0,21.0,30.0,0.93,0.5,5.0,93.0,2.6,1.4,14.0,6.0,42.0,2.0,66.0,1.0,46.0,93.0,99.0,70.0,98.0,0.0,94.0,0.19,0.1,1.0,35.0,0.37,0.2,2.0,19.0,0.19,0.1,1.0,0.0,45.0,30.0,28.0,59.0,43.0,99.0,0.67,0.36,3.59,80.67,46.0,36.0,22.45,12.1,121.0,31.0,27.84,15.0,150.0,99.0,0.0,0.0,0.0,0.0,0.0,0.0,0.0,0.0,0.0,0.0,0.0,0.0,0.0,0.0,56.99,0.0,0.0,0.0,0.0,0.0,0.0,90,0.0,61.54,95.0,30.77,94.0,37.0,0.93,0.5,5.0,66.0,0.93,0.5,5.0,98.0,1.48,0.8,8.0,87.0,2.41,1.3,0.0,3.25,13.0,25.0,0.74,0.4,99.0,0.0,0.0,0.0,4.0,0.0,0.0,11.0,1.0,12.0,0.05,0.03,0.26,99.0,0.67,0.36,3.59,2026,4,0,0.64,4,1.06,0.0,0.64,2025-11-23 14:00:00,Domestic League,0,0,71,141,63,339,226,565,0,0,-1,1,7,-1,0,2025/2026,2025,0
Italy_Serie_A_2025-2026,Manuel De Luca,Cremonese,Forward,27,192,75,Italy,1,1,2,0,0,0,0.0,1970-01-11,0,0.0,0,0,0,0,0,0,0,0.0,eu,,41.0,0.0,0.0,0.0,99.0,6.43,0.5,0.0,1.0,810000.0,20.0,64.0,0.0,6.8,74.0,35.0,0.0,0.0,0.0,0.0,0.0,31.0,30.0,1.0,3.0,0.0,0.0,0.0,99.0,0.0,41.0,18.0,0.0,0.0,0.0,2.0,14.0,99.0,0.0,0.0,0.0,0.0,6.43,0.5,1.0,13.0,0.0,0.0,20.0,0.0,0.0,0.0,20.0,0.0,0.0,99.0,45.0,3.5,7.0,99.0,12.86,1.0,28.0,2.0,99.0,6.43,0.5,1.0,99.0,6.43,0.5,1.0,0.0,0.0,2.0,66.0,0.0,17.0,99.0,76.0,99.0,99.0,0.0,80.0,0.0,0.0,0.0,15.0,0.0,0.0,0.0,12.0,0.0,0.0,0.0,0.0,0.0,30.0,0.0,57.0,0.0,99.0,0.84,0.07,0.13,20.0,0.0,1.0,6.43,0.5,1.0,42.0,32.14,2.5,5.0,99.0,0.0,0.0,0.0,0.0,0.0,1.0,0.0,0.0,1.0,0.0,0.0,0.0,0.0,0.0,13.61,0.0,0.0,0.0,0.0,0.0,0.0,9,0.0,100.0,99.0,50.0,99.0,0.0,0.0,0.0,0.0,12.0,0.0,0.0,0.0,99.0,12.86,1.0,2.0,99.0,12.86,1.0,0.0,2.0,2.0,7.0,0.0,0.0,99.0,0.0,0.0,0.0,0.0,0.0,0.0,0.0,0.0,0.0,0.0,0.0,0.0,99.0,5.34,0.41,0.83,2026,0,1,6.43,1,0.0,11.25,6.43,1970-01-01 00:00:00,Domestic League,0,0,0,14,7,6,8,14,1,0,100,6,-1,-1,0,2025/2026,2025,0
Italy_Serie_A_2025-2026,Marco Silvestri,Cremonese,Goalkeeper,34,191,80,Italy,2,2,4,0,0,0,0.0,1970-01-08,0,0.0,0,0,0,0,5,2,7,1.75,eu,,41.0,0.0,0.0,,23.0,0.5,0.18,0.0,2.0,1160000.0,30.0,64.0,0.0,2.47,,35.0,0.0,0.0,,,,31.0,30.0,1.0,37.0,1.0,0.36,4.0,3.0,0.0,41.0,18.0,0.0,0.0,,11.0,360.0,99.0,0.0,0.0,,99.0,0.0,0.0,,13.0,0.0,0.0,20.0,0.0,0.0,0.0,20.0,,,4.0,0.5,0.18,2.0,5.0,0.5,0.18,100.0,2.0,6.0,0.0,0.0,,2.0,0.0,0.0,,4.0,22.0,,34.0,,17.0,42.0,76.0,70.0,57.0,,80.0,0.0,0.0,,15.0,0.0,0.0,,12.0,0.0,0.0,,0.0,2.0,30.0,3.0,57.0,14.0,11.0,0.0,0.0,0.0,56.83,2.0,28.0,19.75,7.18,79.0,51.0,34.75,12.64,139.0,99.0,0.0,0.0,,,0.0,,,,,,62.0,0.5,0.18,2.0,27.17,68.18,52.0,92.0,3.75,1.36,15.0,16,0.0,0.0,25.0,0.0,58.0,99.0,5.5,2.0,22.0,12.0,0.0,0.0,,25.0,0.0,0.0,,10.0,0.0,0.0,0.0,0.0,,7.0,0.0,0.0,99.0,0.0,0.0,,,,,,,7.0,0.04,0.02,0.17,11.0,0.0,0.0,0.0,2026,0,0,0.0,0,0.0,0.0,0.0,2025-10-25 18:45:00,Domestic League,0,0,51,0,90,180,180,360,0,0,-1,20,225,129,0,2025/2026,2025,0
Italy_Serie_A_2025-2026,Leonardo Sernicola,Cremonese,Defender,28,187,81,Italy,0,0,0,0,0,0,0.0,1970-01-11,0,0.0,0,0,0,0,0,0,0,0.0,eu,,,,,,,,,,,,,,,,,,,,,,,,,,,,,,,,,,,,,,,,,,,,,,,,,,,,,,,,,,,,,,,,,,,,,,,,,,,,,,,,,,,,,,,,,,,,,,,,,,,,,,,,,,,,,,,,,,,,,,,,,,,,,,,,,,,,,,,,,,,,,,,,,,,,,,,,,,,,,,,,,,,,,,,,,,,,,,,,,,,,,,,2026,0,0,0.0,0,0.0,0.0,0.0,1970-01-01 00:00:00,Domestic League,0,0,0,0,0,0,0,0,0,0,-1,-1,-1,-1,0,2025/2026,2025,0
Italy_Serie_A_2025-2026,Michele Castagnetti,Cremonese,Midfielder,35,180,71,Italy,0,0,0,0,0,0,0.0,1970-01-08,0,0.0,0,0,0,0,0,0,0,0.0,eu,,,,,,,,,,,,,,,,,,,,,,,,,,,,,,,,,,,,,,,,,,,,,,,,,,,,,,,,,,,,,,,,,,,,,,,,,,,,,,,,,,,,,,,,,,,,,,,,,,,,,,,,,,,,,,,,,,,,,,,,,,,,,,,,,,,,,,,,,,,,,,,,,,,,,,,,,,,,,,,,,,,,,,,,,,,,,,,,,,,,,,,2026,0,0,0.0,0,0.0,0.0,0.0,1970-01-01 00:00:00,Domestic League,0,0,0,0,0,0,0,0,0,0,-1,-1,-1,-1,0,2025/2026,2025,0
Italy_Serie_A_2025-2026,Romano Floriani,Cremonese,Defender,22,188,0,Italy,5,5,10,0,0,0,0.0,2003-01-27,2,0.38,2,1,3,30,4,4,8,1.53,eu,,52.0,12.64,5.27,58.0,80.0,2.18,0.91,0.0,10.0,190000.0,9.0,64.0,0.0,4.68,13.0,56.0,0.22,0.09,1.0,2.0,20.0,79.0,88.0,45.0,83.0,3.7,1.55,17.0,10.0,446.15,47.0,77.0,2.83,1.18,13.0,11.0,413.0,38.0,0.87,0.36,4.0,76.0,0.22,0.09,1.0,75.0,1.74,0.73,20.0,0.0,0.0,0.0,20.0,,8.0,57.0,9.59,4.0,44.0,27.0,3.49,1.45,36.0,16.0,69.0,1.53,0.64,7.0,31.0,0.65,0.27,3.0,4.0,22.0,5.0,90.0,1.0,46.0,42.0,76.0,70.0,57.0,,80.0,0.0,0.0,,15.0,0.0,0.0,,45.0,0.65,0.27,3.0,0.0,65.0,42.0,10.0,57.0,30.0,22.0,0.02,0.01,0.11,72.73,20.0,16.0,15.69,6.55,72.0,15.0,21.57,9.0,99.0,99.0,0.0,0.0,,,0.0,,1.0,,,,,0.0,0.0,,51.51,0.0,,,0.0,0.0,,22,0.0,0.0,25.0,0.0,58.0,77.0,1.53,0.64,7.0,38.0,0.44,0.18,2.0,25.0,0.0,0.0,,26.0,0.44,0.18,0.0,0.0,2.0,38.0,1.09,0.45,99.0,0.0,0.0,,5.0,,,,,20.0,0.06,0.02,0.26,22.0,0.02,0.01,0.11,2026,0,0,0.0,0,0.0,0.0,0.0,2025-11-23 14:00:00,Domestic League,0,235,59,0,47,212,258,470,0,0,-1,16,227,120,0,2025/2026,2025,2
Italy_Serie_A_2025-2026,Federico Ceccherini,Cremonese,Defender,33,187,72,Italy,2,1,3,0,0,0,0.0,1970-01-09,0,0.0,0,1,1,33,4,0,4,3.3,eu,,41.0,0.0,0.0,,69.0,1.65,0.18,0.0,2.0,1270000.0,31.0,64.0,0.0,1.78,,99.0,1.65,0.18,2.0,,,31.0,30.0,50.0,98.0,6.61,0.73,8.0,,0.0,41.0,18.0,0.0,0.0,,11.0,109.0,99.0,0.0,0.0,,99.0,0.0,0.0,,13.0,0.0,0.0,20.0,0.0,0.0,0.0,20.0,,,30.0,7.43,0.82,9.0,61.0,4.95,0.55,66.0,6.0,74.0,1.65,0.18,2.0,74.0,1.65,0.18,2.0,1.0,,2.0,66.0,3.0,86.0,42.0,76.0,70.0,57.0,,80.0,0.0,0.0,,99.0,2.48,0.27,3.0,12.0,0.0,0.0,,0.0,,30.0,,57.0,,11.0,0.0,0.0,0.0,84.62,65.0,49.0,27.25,3.0,33.0,43.0,32.2,3.55,39.0,99.0,0.0,0.0,,,0.0,,,,,,,0.0,0.0,,19.53,0.0,,,0.0,0.0,,23,0.0,0.0,25.0,0.0,58.0,94.0,3.3,0.36,4.0,12.0,0.0,0.0,,25.0,0.0,0.0,,10.0,0.0,0.0,0.0,0.0,,89.0,2.48,0.27,99.0,0.0,0.0,,3.0,,,,,12.0,0.05,0.01,0.06,11.0,0.0,0.0,0.0,2026,0,0,0.0,0,0.0,0.0,0.0,2025-10-04 16:00:00,Domestic League,0,0,27,0,36,65,44,109,0,0,-1,18,-1,-1,0,2025/2026,2025,0
Italy_Serie_A_2025-2026,Martín Ismael Payero,Cremonese,Midfielder,27,182,80,Argentina,4,5,9,0,0,0,0.0,1970-01-11,4,0.64,1,0,1,11,2,4,6,0.96,eu,,42.0,4.46,2.78,25.0,33.0,0.71,0.44,0.0,4.0,1920000.0,50.0,64.0,0.0,5.71,33.0,50.0,0.18,0.11,1.0,3.0,33.0,95.0,99.0,5.0,47.0,1.25,0.78,7.0,56.0,357.14,43.0,61.0,1.25,0.78,7.0,9.0,504.0,17.0,1.61,1.0,9.0,46.0,0.54,0.33,3.0,85.0,2.5,1.56,78.0,0.89,0.56,35.0,43.0,5.0,14.0,91.0,13.57,8.44,76.0,68.0,5.18,3.22,38.0,29.0,99.0,3.39,2.11,19.0,86.0,2.14,1.33,12.0,6.0,42.0,2.0,66.0,1.0,46.0,42.0,76.0,70.0,57.0,,80.0,0.0,0.0,,59.0,0.71,0.44,4.0,39.0,0.54,0.33,3.0,0.0,45.0,32.0,56.0,57.0,42.0,33.0,0.04,0.02,0.2,76.79,30.0,38.0,23.04,14.33,129.0,37.0,30.0,18.67,168.0,99.0,0.0,0.0,,,0.0,,,,,,,0.0,0.0,,51.43,0.0,,,0.0,0.0,,32,0.0,0.0,25.0,0.0,58.0,32.0,0.89,0.56,5.0,58.0,0.71,0.44,4.0,25.0,0.0,0.0,,43.0,0.71,0.44,0.0,0.0,4.0,63.0,1.61,1.0,99.0,0.0,0.0,,9.0,,,,,28.0,0.07,0.05,0.41,32.0,0.04,0.02,0.2,2026,0,0,0.0,0,0.0,0.0,0.0,2025-11-23 14:00:00,Domestic League,0,140,94,0,62,263,298,561,0,0,-1,17,228,-1,0,2025/2026,2025,4
Italy_Serie_A_2025-2026,Warren Bondo,Cremonese,Midfielder,22,177,63,France,6,5,11,0,0,0,0.0,2003-09-15,2,0.21,2,1,3,27,6,6,12,1.27,eu,,41.0,0.0,0.0,,17.0,0.36,0.3,0.0,3.0,2400000.0,60.0,64.0,0.0,6.7,66.0,41.0,0.12,0.1,1.0,1.0,9.0,45.0,61.0,39.0,6.0,0.24,0.2,2.0,27.0,0.0,41.0,22.0,0.12,0.1,1.0,10.0,759.0,45.0,0.71,0.6,6.0,64.0,0.36,0.3,3.0,71.0,1.54,1.3,80.0,0.95,0.8,61.0,81.0,8.0,13.0,60.0,9.72,8.2,82.0,72.0,5.34,4.5,54.0,45.0,79.0,1.78,1.5,15.0,77.0,1.78,1.5,15.0,9.0,73.0,1.0,51.0,3.0,86.0,42.0,76.0,70.0,57.0,,80.0,0.0,0.0,,40.0,0.47,0.4,4.0,31.0,0.36,0.3,3.0,0.0,87.0,70.0,28.0,57.0,76.0,22.0,0.02,0.01,0.14,89.31,88.0,63.0,33.68,28.4,284.0,57.0,37.71,31.8,318.0,99.0,0.0,0.0,,,0.0,,,,,,,0.0,0.0,,66.96,0.0,,,0.0,0.0,,38,0.0,0.0,25.0,0.0,58.0,47.0,1.07,0.9,9.0,31.0,0.36,0.3,3.0,25.0,0.0,0.0,,23.0,0.36,0.3,0.0,0.0,3.0,85.0,2.25,1.9,99.0,0.0,0.0,,19.0,,,,,28.0,0.07,0.06,0.62,22.0,0.02,0.01,0.14,2026,0,0,0.0,0,0.0,0.0,0.0,2025-11-23 14:00:00,Domestic League,0,425,71,0,77,450,399,849,0,0,-1,9,229,-1,0,2025/2026,2025,2
Italy_Serie_A_2025-2026,Dachi Lordkipanidze,Cremonese,Midfielder,20,0,0,Georgia,0,1,1,0,0,0,0.0,2005-03-08,0,0.0,0,0,0,0,0,0,0,0.0,eu,,41.0,0.0,0.0,,93.0,3.21,0.09,0.0,1.0,162000.0,8.0,64.0,0.0,0.58,,35.0,0.0,0.0,,,,31.0,30.0,1.0,77.0,3.21,0.09,1.0,99.0,0.0,41.0,18.0,0.0,0.0,,11.0,28.0,,6.43,0.18,2.0,99.0,0.0,0.0,,13.0,0.0,0.0,20.0,0.0,0.0,0.0,20.0,,,88.0,12.86,0.36,4.0,20.0,3.21,0.09,25.0,1.0,6.0,0.0,0.0,,2.0,0.0,0.0,,,,1.0,51.0,,17.0,42.0,76.0,70.0,57.0,,80.0,0.0,0.0,,15.0,0.0,0.0,,12.0,0.0,0.0,,0.0,,30.0,,57.0,,11.0,0.0,0.0,0.0,71.43,17.0,16.0,16.07,0.45,5.0,17.0,22.5,0.64,7.0,99.0,0.0,0.0,,,0.0,,,,,,,0.0,0.0,,6.37,0.0,,,0.0,0.0,,48,0.0,0.0,25.0,0.0,58.0,,0.0,0.0,,12.0,0.0,0.0,,25.0,0.0,0.0,,10.0,0.0,0.0,0.0,0.0,,7.0,0.0,0.0,99.0,0.0,0.0,,,,,,,3.0,0.03,0.0,0.01,11.0,0.0,0.0,0.0,2026,0,0,0.0,0,0.0,0.0,0.0,1970-01-01 00:00:00,Domestic League,0,0,0,0,28,0,28,28,0,0,-1,15,-1,-1,0,2025/2026,2025,0
Italy_Serie_A_2025-2026,Francesco Folino,Cremonese,Defender,23,0,0,Italy,1,2,3,0,0,0,0.0,2002-01-23,0,0.0,1,0,1,33,0,1,1,3.1,eu,,41.0,0.0,0.0,,99.0,9.47,0.18,0.0,2.0,700000.0,17.0,64.0,0.0,0.57,,99.0,4.74,0.09,1.0,,,31.0,30.0,50.0,99.0,14.21,0.27,3.0,,0.0,41.0,18.0,0.0,0.0,,11.0,19.0,99.0,0.0,0.0,,99.0,0.0,0.0,,13.0,0.0,0.0,20.0,0.0,0.0,0.0,20.0,,,92.0,14.21,0.27,3.0,99.0,9.47,0.18,66.0,2.0,99.0,4.74,0.09,1.0,2.0,0.0,0.0,,,,2.0,66.0,,17.0,99.0,76.0,99.0,99.0,,80.0,0.0,0.0,,15.0,0.0,0.0,,12.0,0.0,0.0,,0.0,,30.0,,57.0,,11.0,0.0,0.0,0.0,100.0,99.0,40.0,23.68,0.45,5.0,20.0,23.68,0.45,5.0,99.0,0.0,0.0,,,0.0,,,,,,,0.0,0.0,,6.32,0.0,,,0.0,0.0,,55,0.0,0.0,25.0,0.0,58.0,98.0,4.74,0.09,1.0,12.0,0.0,0.0,,25.0,0.0,0.0,,10.0,0.0,0.0,0.0,0.0,,7.0,0.0,0.0,99.0,0.0,0.0,,,,,,,12.0,0.05,0.0,0.01,11.0,0.0,0.0,0.0,2026,0,1,3.1,1,0.0,3.33,3.1,1970-01-01 00:00:00,Domestic League,0,0,29,29,10,2,27,29,0,0,-1,7,-1,-1,0,2025/2026,2025,0
Italy_Serie_A_2025-2026,Lapo Francesco Maria Nava,Cremonese,Goalkeeper,21,197,0,Italy,0,0,0,0,0,0,0.0,2004-01-22,0,0.0,0,0,0,0,0,0,0,0.0,eu,,,,,,,,,,,,,,,,,,,,,,,,,,,,,,,,,,,,,,,,,,,,,,,,,,,,,,,,,,,,,,,,,,,,,,,,,,,,,,,,,,,,,,,,,,,,,,,,,,,,,,,,,,,,,,,,,,,,,,,,,,,,,,,,,,,,,,,,,,,,,,,,,,,,,,,,,,,,,,,,,,,,,,,,,,,,,,,,,,,,,,,2026,0,0,0.0,0,0.0,0.0,0.0,1970-01-01 00:00:00,Domestic League,0,0,0,0,0,0,0,0,0,0,-1,-1,-1,-1,0,2025/2026,2025,0
Italy_Serie_A_2025-2026,Arnaldo Antonio Sanabria Ayala,Cremonese,Forward,29,180,70,Paraguay,4,4,8,0,1,1,0.23,1970-01-10,2,0.46,1,1,2,25,3,2,5,1.16,eu,,41.0,0.0,0.0,,84.0,2.38,1.25,0.0,10.0,3700000.0,72.0,90.0,0.12,5.61,30.0,35.0,0.0,0.0,,2.0,25.0,88.0,93.0,37.0,72.0,2.62,1.38,11.0,39.0,0.0,41.0,29.0,0.24,0.12,1.0,8.0,378.0,36.0,0.95,0.5,4.0,53.0,0.48,0.25,2.0,58.0,1.19,0.62,71.0,0.71,0.38,60.0,80.0,3.0,5.0,83.0,12.14,6.38,51.0,41.0,4.05,2.12,33.0,17.0,83.0,1.9,1.0,8.0,46.0,0.95,0.5,4.0,5.0,32.0,2.0,66.0,3.0,86.0,69.0,76.0,70.0,57.0,,80.0,0.0,0.0,,15.0,0.0,0.0,,23.0,0.24,0.12,1.0,0.0,30.0,38.0,39.0,57.0,18.0,39.0,0.05,0.03,0.23,83.67,60.0,3.0,9.76,5.12,41.0,1.0,11.67,6.12,49.0,99.0,0.0,0.0,,,0.0,,,,,,,0.0,0.0,,44.92,0.0,,,0.0,0.0,,99,0.0,33.33,61.0,0.0,58.0,71.0,1.43,0.75,6.0,43.0,0.48,0.25,2.0,47.0,0.24,0.12,1.0,43.0,0.71,0.38,0.0,0.0,3.0,7.0,0.0,0.0,99.0,0.0,0.0,,,,,,,70.0,0.16,0.08,0.67,38.0,0.05,0.03,0.23,2026,0,0,0.23,0,0.0,0.0,0.0,2025-10-25 18:45:00,Domestic League,388,194,78,0,49,174,214,388,0,0,-1,14,230,-1,0,2025/2026,2025,2
Italy_Serie_A_2025-2026,José Ángel Esmoris Tasende,Roma,Defender,28,171,69,Spain,2,3,5,0,0,0,0.0,1970-01-10,1,0.23,2,2,4,80,0,1,1,0.23,eu,,53.0,13.32,11.6,58.0,50.0,1.15,1.0,0.0,5.0,,8.0,64.0,0.0,6.81,76.0,35.0,0.0,0.0,,1.0,20.0,79.0,64.0,99.0,56.0,1.61,1.4,7.0,99.0,414.29,45.0,84.0,3.21,2.8,14.0,5.0,392.0,57.0,0.46,0.4,2.0,10.0,1.15,1.0,5.0,41.0,0.69,0.6,20.0,0.0,0.0,0.0,20.0,,3.0,27.0,7.35,6.4,32.0,20.0,3.21,2.8,43.0,14.0,30.0,0.92,0.8,4.0,22.0,0.46,0.4,2.0,5.0,32.0,,34.0,1.0,46.0,42.0,76.0,70.0,57.0,,80.0,0.0,0.0,,40.0,0.46,0.4,2.0,46.0,0.69,0.6,3.0,0.0,4.0,67.0,99.0,57.0,18.0,44.0,0.07,0.06,0.32,76.96,32.0,63.0,33.75,29.4,147.0,71.0,43.85,38.2,191.0,99.0,0.0,0.0,,,0.0,,,,,,,0.0,0.0,,34.04,0.0,,,0.0,0.0,,3,0.0,50.0,89.0,0.0,58.0,1.0,0.23,0.2,1.0,41.0,0.46,0.4,2.0,66.0,0.46,0.4,2.0,51.0,0.92,0.8,0.0,0.0,4.0,71.0,1.84,1.6,99.0,0.0,0.0,,8.0,,,,,51.0,0.11,0.09,0.46,43.0,0.07,0.06,0.32,2026,0,0,0.0,0,0.0,0.0,0.0,2025-09-28 13:00:00,Domestic League,0,392,392,0,78,171,221,392,0,0,-1,10,231,1,0,2025/2026,2025,1
Italy_Serie_A_2025-2026,Bryan Cristante,Roma,Midfielder,30,186,80,Italy,6,6,12,0,0,0,0.0,1970-01-10,2,0.18,3,3,6,50,2,3,5,0.44,eu,,63.0,19.31,18.18,200.0,79.0,2.12,2.0,0.0,22.0,6490000.0,90.0,64.0,0.0,7.01,89.0,35.0,0.0,0.0,,2.0,17.0,67.0,57.0,90.0,48.0,1.26,1.18,13.0,92.0,2500.0,86.0,49.0,0.77,0.73,8.0,11.0,932.0,38.0,0.87,0.82,9.0,53.0,0.48,0.45,5.0,38.0,0.58,0.55,59.0,0.48,0.45,83.0,94.0,5.0,6.0,69.0,10.43,9.82,108.0,52.0,4.54,4.27,43.0,47.0,72.0,1.55,1.45,16.0,13.0,0.29,0.27,3.0,11.0,96.0,,34.0,1.0,46.0,45.0,78.0,70.0,59.0,,94.0,0.19,0.18,2.0,41.0,0.48,0.45,5.0,68.0,1.06,1.0,11.0,0.0,99.0,77.0,92.0,99.0,94.0,74.0,0.2,0.19,2.1,83.0,57.0,87.0,48.57,45.73,503.0,91.0,58.52,55.09,606.0,99.0,0.0,0.0,,,0.0,,,,,,,0.0,0.0,,77.15,0.0,,,0.0,0.0,,4,0.0,25.0,44.0,5.0,60.0,6.0,0.48,0.45,5.0,85.0,1.45,1.36,15.0,67.0,0.48,0.45,5.0,78.0,1.93,1.82,0.0,20.0,20.0,70.0,1.83,1.73,99.0,0.0,0.0,,19.0,,,,,59.0,0.13,0.12,1.35,72.0,0.2,0.19,2.1,2026,1,0,0.09,1,0.18,0.0,0.09,2025-11-23 14:00:00,Domestic League,0,511,204,1022,85,507,515,1022,0,0,-1,9,135,-1,0,2025/2026,2025,2
Italy_Serie_A_2025-2026,Obite Evan N'Dicka,Roma,Defender,26,192,82,France,6,6,12,0,0,0,0.0,1970-01-11,2,0.18,3,3,6,50,2,3,5,0.44,eu,,41.0,0.0,0.0,,96.0,3.75,3.55,0.0,39.0,,8.0,64.0,0.0,6.91,82.0,79.0,0.48,0.45,5.0,2.0,17.0,67.0,57.0,90.0,84.0,3.85,3.64,40.0,92.0,0.0,41.0,27.0,0.19,0.18,2.0,11.0,936.0,56.0,0.48,0.45,5.0,53.0,0.48,0.45,5.0,32.0,0.48,0.45,42.0,0.29,0.27,60.0,80.0,3.0,5.0,65.0,10.1,9.55,105.0,86.0,6.25,5.91,61.0,65.0,48.0,1.15,1.09,12.0,70.0,1.54,1.45,16.0,11.0,96.0,,34.0,1.0,46.0,42.0,76.0,70.0,57.0,,80.0,0.0,0.0,,80.0,1.06,1.0,11.0,19.0,0.19,0.18,2.0,0.0,99.0,77.0,92.0,57.0,94.0,39.0,0.05,0.05,0.52,90.88,94.0,92.0,53.65,50.73,558.0,91.0,59.04,55.82,614.0,99.0,0.0,0.0,,,0.0,,,,,,,0.0,0.0,,75.96,0.0,,,0.0,0.0,,5,0.0,0.0,25.0,0.0,58.0,6.0,0.48,0.45,5.0,65.0,0.87,0.82,9.0,25.0,0.0,0.0,,49.0,0.87,0.82,0.0,0.0,9.0,22.0,0.67,0.64,99.0,0.0,0.0,,7.0,,,,,51.0,0.11,0.1,1.1,38.0,0.05,0.05,0.52,2026,0,0,0.0,0,0.0,0.0,0.0,2025-11-23 14:00:00,Domestic League,0,513,205,0,86,540,486,1026,0,0,-1,22,232,10,0,2025/2026,2025,2
Italy_Serie_A_2025-2026,Evan Ferguson,Roma,Forward,21,182,77,Republic of Ireland,3,5,8,1,0,1,0.27,2004-10-19,1,0.27,2,2,4,50,0,1,1,0.27,eu,,78.0,29.61,11.11,100.0,72.0,1.78,0.67,0.0,6.0,4160000.0,79.0,92.0,0.12,5.3,22.0,35.0,0.0,0.0,,1.0,12.0,60.0,74.0,90.0,8.0,0.3,0.11,1.0,98.0,9999.99,99.0,34.0,0.3,0.11,1.0,9.0,304.0,7.0,2.07,0.78,7.0,69.0,0.3,0.11,1.0,68.0,1.48,0.56,65.0,0.59,0.22,40.0,52.0,2.0,5.0,93.0,15.1,5.67,51.0,77.0,5.62,2.11,37.0,19.0,87.0,2.07,0.78,7.0,77.0,1.78,0.67,6.0,4.0,22.0,3.0,78.0,4.0,94.0,91.0,93.0,70.0,85.0,,80.0,0.0,0.0,,15.0,0.0,0.0,,96.0,2.37,0.89,8.0,0.0,30.0,58.0,98.0,73.0,8.0,70.0,0.17,0.06,0.57,76.39,29.0,17.0,16.28,6.11,55.0,14.0,21.32,8.0,72.0,99.0,0.0,0.0,,,0.0,,,,,,,0.0,0.0,,47.7,0.0,,,0.0,0.0,,11,0.0,37.5,68.0,0.0,58.0,2.0,0.3,0.11,1.0,86.0,1.48,0.56,5.0,86.0,0.89,0.33,3.0,86.0,2.37,0.89,0.0,0.0,8.0,56.0,1.48,0.56,99.0,0.0,0.0,,5.0,,,,,93.0,0.3,0.11,1.0,69.0,0.17,0.06,0.57,2026,1,0,0.54,1,0.53,0.0,0.27,2025-10-29 17:30:00,Domestic League,334,334,334,334,42,169,165,334,0,0,-1,6,52,-1,0,2025/2026,2025,1
Italy_Serie_A_2025-2026,Kouadio Kone,Roma,Midfielder,24,185,0,France,6,6,12,1,0,1,0.08,1970-01-12,0,0.0,3,3,6,50,2,3,5,0.42,eu,,41.0,0.0,0.0,,37.0,0.82,0.82,0.0,9.0,6490000.0,90.0,65.0,0.08,6.98,85.0,50.0,0.18,0.18,2.0,,,31.0,30.0,90.0,33.0,0.91,0.91,10.0,94.0,0.0,41.0,18.0,0.0,0.0,,11.0,990.0,23.0,1.36,1.36,15.0,26.0,0.82,0.82,9.0,75.0,1.73,1.73,88.0,1.27,1.27,73.0,88.0,14.0,19.0,76.0,11.09,11.09,122.0,80.0,5.82,5.82,52.0,64.0,72.0,1.55,1.55,17.0,91.0,2.45,2.45,27.0,11.0,96.0,,34.0,,17.0,44.0,76.0,70.0,57.0,,80.0,0.0,0.0,,54.0,0.64,0.64,7.0,65.0,1.0,1.0,11.0,0.0,99.0,30.0,94.0,57.0,99.0,33.0,0.04,0.04,0.48,91.65,96.0,81.0,43.91,43.91,483.0,78.0,47.91,47.91,527.0,99.0,0.0,0.0,,,0.0,,,,,,,0.0,0.0,,76.77,0.0,,,0.0,0.0,,17,0.0,14.29,28.0,0.0,58.0,5.0,0.45,0.45,5.0,49.0,0.55,0.55,6.0,27.0,0.09,0.09,1.0,39.0,0.64,0.64,0.0,0.0,7.0,63.0,1.64,1.64,99.0,0.0,0.0,,18.0,,,,,59.0,0.13,0.13,1.38,32.0,0.04,0.04,0.48,2026,0,0,0.08,0,0.0,0.0,0.0,2025-11-23 14:00:00,Domestic League,1080,0,216,0,90,540,540,1080,0,0,-1,21,233,-1,0,2025/2026,2025,0
Italy_Serie_A_2025-2026,Matìas Soulè Malvano,Roma,Forward,22,182,0,Italy,6,6,12,2,0,2,0.21,2003-04-15,0,0.0,3,3,6,50,2,2,4,0.41,eu,,83.0,35.45,28.36,312.0,20.0,0.45,0.36,0.0,4.0,4630000.0,83.0,88.0,0.17,7.22,95.0,39.0,0.11,0.09,1.0,,,31.0,30.0,90.0,9.0,0.34,0.27,3.0,94.0,780.0,58.0,92.0,4.55,3.64,40.0,11.0,792.0,12.0,1.82,1.45,16.0,42.0,0.57,0.45,5.0,89.0,2.95,2.36,87.0,1.25,1.0,42.0,54.0,11.0,26.0,55.0,9.43,7.55,83.0,46.0,4.32,3.45,45.0,38.0,9.0,0.34,0.27,3.0,88.0,2.27,1.82,20.0,10.0,83.0,1.0,51.0,6.0,99.0,93.0,97.0,73.0,93.0,,80.0,0.0,0.0,,39.0,0.45,0.36,4.0,94.0,2.05,1.64,18.0,0.0,99.0,30.0,94.0,65.0,80.0,93.0,0.4,0.32,3.56,86.22,72.0,62.0,33.41,26.73,294.0,60.0,38.75,31.0,341.0,99.0,0.0,0.0,,,0.0,,,,,,,0.0,0.0,,79.43,0.0,,,0.0,0.0,,18,0.0,36.36,65.0,13.64,78.0,5.0,0.45,0.36,4.0,88.0,1.59,1.27,14.0,87.0,0.91,0.73,8.0,87.0,2.5,2.0,0.0,7.33,22.0,13.0,0.34,0.27,99.0,0.0,0.0,,3.0,,,,,91.0,0.27,0.22,2.4,90.0,0.4,0.32,3.56,2026,3,1,0.62,4,0.67,0.19,0.41,2025-11-23 14:00:00,Domestic League,439,0,219,219,73,404,473,877,0,0,-1,1,23,-1,0,2025/2026,2025,0
Italy_Serie_A_2025-2026,Mario Hermoso Canseco,Roma,Defender,30,184,74,Spain,3,6,9,0,0,0,0.0,1970-01-10,2,0.27,2,3,5,56,1,3,4,0.54,eu,,41.0,0.0,0.0,,72.0,1.76,1.3,0.0,13.0,8100000.0,95.0,64.0,0.0,6.12,46.0,45.0,0.14,0.1,1.0,2.0,22.0,83.0,74.0,95.0,80.0,3.52,2.6,26.0,86.0,0.0,41.0,48.0,0.68,0.5,5.0,10.0,664.0,79.0,0.14,0.1,1.0,46.0,0.54,0.4,4.0,23.0,0.27,0.2,28.0,0.14,0.1,50.0,69.0,1.0,2.0,21.0,6.91,5.1,51.0,18.0,3.12,2.3,45.0,23.0,78.0,1.76,1.3,13.0,12.0,0.27,0.2,2.0,7.0,54.0,2.0,66.0,2.0,69.0,57.0,76.0,75.0,70.0,,80.0,0.0,0.0,,82.0,1.08,0.8,8.0,17.0,0.14,0.1,1.0,0.0,45.0,57.0,85.0,88.0,54.0,67.0,0.15,0.11,1.08,86.62,75.0,86.0,48.25,35.6,356.0,87.0,55.71,41.1,411.0,99.0,0.0,0.0,,,0.0,,,,,,,0.0,0.0,,61.16,0.0,,,0.0,0.0,,22,0.0,60.0,95.0,20.0,88.0,10.0,0.54,0.4,4.0,26.0,0.27,0.2,2.0,63.0,0.41,0.3,3.0,41.0,0.68,0.5,0.0,5.0,5.0,37.0,1.08,0.8,99.0,0.0,0.0,,8.0,,,,,51.0,0.11,0.08,0.84,66.0,0.15,0.11,1.08,2026,0,1,0.14,1,0.0,0.2,0.14,2025-11-09 17:00:00,Domestic League,0,332,166,663,74,210,453,663,0,0,-1,7,98,19,0,2025/2026,2025,2
Italy_Serie_A_2025-2026,Gianluca Mancini,Roma,Defender,29,190,77,Italy,6,6,12,0,1,1,0.08,1970-01-10,3,0.25,3,3,6,50,2,2,4,0.33,eu,,54.0,13.71,13.64,150.0,87.0,2.56,2.55,0.0,28.0,7410000.0,94.0,65.0,0.08,7.2,95.0,89.0,0.64,0.64,7.0,3.0,25.0,88.0,70.0,90.0,84.0,3.84,3.82,42.0,98.0,1666.67,79.0,51.0,0.82,0.82,9.0,11.0,985.0,77.0,0.18,0.18,2.0,45.0,0.55,0.55,6.0,21.0,0.18,0.18,31.0,0.18,0.18,100.0,99.0,2.0,2.0,75.0,11.06,11.0,121.0,87.0,6.4,6.36,57.0,70.0,77.0,1.74,1.73,19.0,74.0,1.64,1.64,18.0,11.0,96.0,,34.0,1.0,46.0,44.0,76.0,70.0,57.0,,80.0,0.0,0.0,,99.0,2.1,2.09,23.0,35.0,0.46,0.45,5.0,0.0,99.0,61.0,98.0,57.0,96.0,33.0,0.04,0.04,0.44,86.82,75.0,82.0,43.95,43.73,481.0,81.0,50.62,50.36,554.0,99.0,0.0,0.0,,,0.0,,,,,,,0.0,0.0,,79.19,0.0,,,0.0,0.0,,23,0.0,33.33,61.0,0.0,58.0,2.0,0.37,0.36,4.0,32.0,0.37,0.36,4.0,39.0,0.18,0.18,2.0,32.0,0.55,0.55,0.0,0.0,6.0,82.0,2.1,2.09,99.0,0.0,0.0,,23.0,,,,,77.0,0.18,0.17,1.92,32.0,0.04,0.04,0.44,2026,0,0,0.08,0,0.0,0.0,0.0,2025-11-23 14:00:00,Domestic League,1075,358,269,0,90,540,535,1075,0,0,-1,20,234,4,0,2025/2026,2025,3
Italy_Serie_A_2025-2026,Wesley Vinicius França Lima,Roma,Defender,22,178,0,Brazil,5,6,11,0,0,0,0.0,2003-09-06,3,0.29,2,3,5,45,2,2,4,0.39,eu,,84.0,35.66,33.8,338.0,30.0,0.63,0.6,0.0,6.0,,8.0,64.0,0.0,6.87,80.0,39.0,0.11,0.1,1.0,3.0,27.0,90.0,77.0,80.0,58.0,1.79,1.7,17.0,95.0,938.89,62.0,86.0,3.8,3.6,36.0,10.0,853.0,32.0,1.06,1.0,10.0,13.0,1.06,1.0,10.0,87.0,2.64,2.5,67.0,0.63,0.6,24.0,23.0,6.0,25.0,80.0,11.71,11.1,111.0,67.0,5.17,4.9,44.0,49.0,65.0,1.48,1.4,14.0,82.0,1.9,1.8,18.0,10.0,83.0,,34.0,1.0,46.0,64.0,80.0,73.0,76.0,,80.0,0.0,0.0,,38.0,0.42,0.4,4.0,71.0,1.16,1.1,11.0,0.0,87.0,54.0,95.0,82.0,86.0,71.0,0.18,0.17,1.75,81.18,47.0,59.0,31.86,30.2,302.0,61.0,39.25,37.2,372.0,99.0,0.0,0.0,,,0.0,,,,,,,0.0,0.0,,68.65,0.0,,,0.0,0.0,,43,0.0,50.0,89.0,8.33,66.0,8.0,0.53,0.5,5.0,53.0,0.63,0.6,6.0,76.0,0.63,0.6,6.0,65.0,1.27,1.2,0.0,12.0,12.0,78.0,2.0,1.9,99.0,0.0,0.0,,19.0,,,,,51.0,0.11,0.11,1.05,69.0,0.18,0.17,1.75,2026,1,1,0.19,2,0.21,0.18,0.19,2025-11-23 14:00:00,Domestic League,0,311,233,467,85,428,505,933,0,0,-1,2,81,7,0,2025/2026,2025,3
Italy_Serie_A_2025-2026,Stephan Kareem El Shaarawy,Roma,Forward,33,178,72,Italy,2,4,6,1,0,1,0.53,1970-01-09,0,0.0,1,3,4,67,0,0,0,0.0,eu,,41.0,0.0,0.0,,57.0,1.27,0.18,0.0,2.0,7410000.0,94.0,98.0,0.17,2.99,2.0,35.0,0.0,0.0,,,,31.0,30.0,99.0,24.0,0.63,0.09,1.0,99.0,0.0,41.0,83.0,3.17,0.45,5.0,11.0,142.0,25.0,1.27,0.18,2.0,40.0,0.63,0.09,1.0,61.0,1.27,0.18,20.0,0.0,0.0,0.0,20.0,,2.0,87.0,12.68,1.82,20.0,49.0,4.44,0.64,35.0,7.0,96.0,2.54,0.36,4.0,61.0,1.27,0.18,2.0,2.0,4.0,3.0,78.0,4.0,94.0,90.0,76.0,70.0,57.0,,80.0,0.0,0.0,,53.0,0.63,0.09,1.0,12.0,0.0,0.0,,0.0,9.0,30.0,,57.0,,90.0,0.35,0.05,0.56,79.03,39.0,58.0,31.06,4.45,49.0,61.0,39.3,5.64,62.0,99.0,0.0,0.0,,,0.0,,,,,,,0.0,0.0,,32.93,0.0,,,0.0,0.0,,92,0.0,50.0,89.0,0.0,58.0,,0.0,0.0,,94.0,1.9,0.27,3.0,99.0,1.9,0.27,3.0,98.0,3.8,0.55,0.0,0.0,6.0,75.0,1.9,0.27,99.0,0.0,0.0,,3.0,,,,,32.0,0.08,0.01,0.12,88.0,0.35,0.05,0.56,2026,0,0,0.53,0,0.0,0.0,0.0,2025-08-30 18:45:00,Domestic League,171,0,0,0,29,76,95,171,0,0,-1,19,-1,-1,0,2025/2026,2025,0
Italy_Serie_A_2025-2026,Mile Svilar,Roma,Goalkeeper,26,189,80,Serbia,6,6,12,0,0,0,0.0,1970-01-11,0,0.0,3,3,6,50,2,3,5,0.42,eu,,41.0,0.0,0.0,,7.0,0.18,0.18,0.0,2.0,5130000.0,83.0,64.0,0.0,7.14,94.0,35.0,0.0,0.0,,,,31.0,30.0,90.0,4.0,0.18,0.18,2.0,94.0,0.0,41.0,18.0,0.0,0.0,,11.0,990.0,99.0,0.0,0.0,,99.0,0.0,0.0,,13.0,0.0,0.0,20.0,0.0,0.0,0.0,20.0,,,3.0,0.36,0.36,4.0,2.0,0.27,0.27,75.0,3.0,6.0,0.0,0.0,,7.0,0.18,0.18,2.0,11.0,96.0,,34.0,,17.0,42.0,76.0,70.0,57.0,,80.0,0.0,0.0,,15.0,0.0,0.0,,12.0,0.0,0.0,,0.0,99.0,30.0,94.0,57.0,99.0,11.0,0.0,0.0,0.0,71.07,16.0,38.0,23.0,23.0,253.0,44.0,32.36,32.36,356.0,99.0,0.0,0.0,,,0.0,,,,,,,0.0,0.0,,78.57,86.49,99.0,56.0,2.91,2.91,32.0,99,0.0,0.0,25.0,0.0,58.0,94.0,3.36,3.36,37.0,12.0,0.0,0.0,,25.0,0.0,0.0,,10.0,0.0,0.0,0.0,0.0,,9.0,0.09,0.09,99.0,0.0,0.0,,1.0,,,,,12.0,0.05,0.05,0.56,11.0,0.0,0.0,0.0,2026,0,0,0.0,0,0.0,0.0,0.0,2025-11-23 14:00:00,Domestic League,0,0,216,0,90,540,540,1080,0,0,-1,18,235,8,0,2025/2026,2025,0
Italy_Serie_A_2025-2026,Devyne Rensch,Roma,Defender,22,181,79,Netherlands,4,2,6,0,0,0,0.0,2003-01-18,0,0.0,3,1,4,67,0,0,0,0.0,eu,,41.0,0.0,0.0,,62.0,1.42,0.18,0.0,2.0,2780000.0,64.0,64.0,0.0,1.81,,35.0,0.0,0.0,,,,31.0,30.0,99.0,93.0,5.67,0.73,8.0,99.0,0.0,41.0,64.0,1.42,0.18,2.0,11.0,127.0,21.0,1.42,0.18,2.0,33.0,0.71,0.09,1.0,13.0,0.0,0.0,20.0,0.0,0.0,0.0,20.0,,,82.0,12.05,1.55,17.0,98.0,8.5,1.09,70.0,12.0,21.0,0.71,0.09,1.0,95.0,2.83,0.36,4.0,1.0,,5.0,90.0,,17.0,42.0,76.0,70.0,57.0,,80.0,0.0,0.0,,15.0,0.0,0.0,,12.0,0.0,0.0,,0.0,9.0,30.0,,57.0,,54.0,0.1,0.01,0.14,67.27,9.0,45.0,26.22,3.36,37.0,60.0,38.98,5.0,55.0,99.0,0.0,0.0,,,0.0,,,,,,,0.0,0.0,,19.89,0.0,,,0.0,0.0,,2,0.0,100.0,99.0,0.0,58.0,,0.0,0.0,,12.0,0.0,0.0,,79.0,0.71,0.09,1.0,43.0,0.71,0.09,0.0,0.0,1.0,99.0,4.25,0.55,99.0,0.0,0.0,,6.0,,,,,20.0,0.06,0.01,0.09,53.0,0.1,0.01,0.14,2026,0,0,0.0,0,0.0,0.0,0.0,2025-09-21 10:30:00,Domestic League,0,0,0,0,21,116,11,127,0,0,-1,15,-1,-1,0,2025/2026,2025,0
Italy_Serie_A_2025-2026,Neil El Aynaoui,Roma,Midfielder,24,185,78,France,6,4,10,1,0,1,0.27,1970-01-12,2,0.53,3,2,5,50,1,1,2,0.53,eu,,41.0,0.0,0.0,,3.0,0.0,0.0,0.0,,3470000.0,69.0,92.0,0.1,4.84,15.0,67.0,0.31,0.09,1.0,1.0,10.0,52.0,97.0,90.0,34.0,0.92,0.27,3.0,87.0,0.0,41.0,46.0,0.61,0.18,2.0,11.0,295.0,50.0,0.61,0.18,2.0,68.0,0.31,0.09,1.0,50.0,0.92,0.27,44.0,0.31,0.09,33.0,42.0,1.0,3.0,17.0,6.41,1.91,21.0,11.0,2.44,0.73,38.0,8.0,81.0,1.83,0.55,6.0,14.0,0.31,0.09,1.0,3.0,9.0,6.0,95.0,5.0,98.0,74.0,76.0,70.0,57.0,,80.0,0.0,0.0,,93.0,1.53,0.45,5.0,61.0,0.92,0.27,3.0,0.0,65.0,34.0,87.0,57.0,9.0,54.0,0.1,0.03,0.32,88.03,80.0,73.0,38.14,11.36,125.0,68.0,43.32,12.91,142.0,99.0,0.0,0.0,,,0.0,,,,,,,0.0,0.0,,53.21,0.0,,,0.0,0.0,,8,0.0,66.67,97.0,0.0,58.0,14.0,0.61,0.18,2.0,29.0,0.31,0.09,1.0,75.0,0.61,0.18,2.0,51.0,0.92,0.27,0.0,0.0,3.0,70.0,1.83,0.55,99.0,0.0,0.0,,6.0,,,,,51.0,0.11,0.03,0.36,53.0,0.1,0.03,0.32,2026,0,0,0.27,0,0.0,0.0,0.0,2025-11-02 19:45:00,Domestic League,339,170,170,0,34,203,136,339,0,0,-1,17,236,-1,0,2025/2026,2025,2
Italy_Serie_A_2025-2026,Artem Dovbyk,Roma,Forward,28,189,76,Ukraine,5,5,10,1,0,1,0.28,1970-01-11,0,0.0,3,3,6,60,1,1,2,0.56,eu,,41.0,0.0,0.0,,94.0,3.34,1.09,0.0,12.0,7410000.0,94.0,93.0,0.1,6.13,47.0,35.0,0.0,0.0,,,,31.0,30.0,97.0,31.0,0.84,0.27,3.0,84.0,0.0,41.0,18.0,0.0,0.0,,11.0,323.0,4.0,2.23,0.73,8.0,99.0,0.0,0.0,,46.0,0.84,0.27,40.0,0.28,0.09,33.0,42.0,1.0,3.0,86.0,12.54,4.09,45.0,71.0,5.29,1.73,42.0,19.0,97.0,2.79,0.91,10.0,53.0,1.11,0.36,4.0,3.0,9.0,7.0,98.0,3.0,86.0,97.0,76.0,99.0,97.0,,80.0,0.0,0.0,,15.0,0.0,0.0,,98.0,2.79,0.91,10.0,0.0,65.0,30.0,84.0,61.0,6.0,98.0,0.56,0.18,2.01,70.59,14.0,9.0,13.37,4.36,48.0,10.0,18.95,6.18,68.0,99.0,0.0,0.0,,,0.0,,,,,,,0.0,0.0,,67.48,0.0,,,0.0,0.0,,9,0.0,55.56,92.0,22.22,89.0,11.0,0.56,0.18,2.0,74.0,1.11,0.36,4.0,97.0,1.39,0.45,5.0,88.0,2.51,0.82,0.0,4.5,9.0,20.0,0.56,0.18,99.0,0.0,0.0,,2.0,,,,,93.0,0.3,0.1,1.07,97.0,0.56,0.18,2.01,2026,0,2,0.84,2,0.0,1.06,0.56,2025-11-09 17:00:00,Domestic League,323,0,162,162,32,153,170,323,0,0,-1,4,11,-1,0,2025/2026,2025,0
Italy_Serie_A_2025-2026,Paulo Exequiel Dybala,Roma,Forward,32,177,75,Argentina,4,4,8,0,1,1,0.2,1970-01-09,1,0.2,2,1,3,38,1,2,3,0.6,eu,,90.0,43.9,27.5,220.0,61.0,1.4,0.88,0.0,7.0,14810000.0,99.0,88.0,0.12,6.98,85.0,35.0,0.0,0.0,,1.0,12.0,60.0,60.0,57.0,3.0,0.0,0.0,,82.0,550.0,50.0,99.0,7.98,5.0,40.0,8.0,451.0,23.0,1.4,0.88,7.0,27.0,0.8,0.5,4.0,91.0,3.19,2.0,75.0,0.8,0.5,25.0,29.0,4.0,16.0,68.0,10.38,6.5,52.0,43.0,4.19,2.62,40.0,21.0,16.0,0.6,0.38,3.0,78.0,1.8,1.12,9.0,5.0,32.0,3.0,78.0,3.0,86.0,84.0,89.0,70.0,79.0,,80.0,0.0,0.0,,37.0,0.4,0.25,2.0,99.0,3.59,2.25,18.0,0.0,30.0,72.0,82.0,80.0,26.0,82.0,0.27,0.17,1.34,82.72,55.0,59.0,31.53,19.75,158.0,57.0,38.12,23.88,191.0,99.0,0.0,0.0,,1.0,0.0,,,,1.0,,,0.0,0.0,,55.85,0.0,,,0.0,0.0,,21,0.0,47.06,79.0,5.88,61.0,13.0,0.6,0.38,3.0,92.0,1.8,1.12,9.0,99.0,1.6,1.0,8.0,97.0,3.39,2.12,0.0,17.0,17.0,16.0,0.4,0.25,99.0,0.0,0.0,,2.0,,,,,93.0,0.3,0.19,1.52,91.0,0.41,0.26,2.04,2026,1,0,0.4,1,0.4,0.0,0.2,2025-11-02 19:45:00,Domestic League,450,450,150,450,56,225,225,450,0,0,-1,5,74,-1,0,2025/2026,2025,1
Italy_Serie_A_2025-2026,Devis Stiven Vásquez Llach,Roma,Goalkeeper,27,195,82,Colombia,0,0,0,0,0,0,0.0,1970-01-11,0,0.0,0,0,0,0,0,0,0,0.0,eu,,,,,,,,,,,,,,,,,,,,,,,,,,,,,,,,,,,,,,,,,,,,,,,,,,,,,,,,,,,,,,,,,,,,,,,,,,,,,,,,,,,,,,,,,,,,,,,,,,,,,,,,,,,,,,,,,,,,,,,,,,,,,,,,,,,,,,,,,,,,,,,,,,,,,,,,,,,,,,,,,,,,,,,,,,,,,,,,,,,,,,,2026,0,0,0.0,0,0.0,0.0,0.0,1970-01-01 00:00:00,Domestic League,0,0,0,0,0,0,0,0,0,0,-1,-1,-1,-1,0,2025/2026,2025,0
Italy_Serie_A_2025-2026,Tommaso Baldanzi,Roma,Midfielder,22,170,65,Italy,4,3,7,0,0,0,0.0,2003-03-23,1,0.36,1,1,2,28,1,1,2,0.72,eu,,98.0,71.05,13.64,150.0,21.0,0.47,0.09,0.0,1.0,2500000.0,60.0,64.0,0.0,3.6,4.0,35.0,0.0,0.0,,1.0,14.0,63.0,87.0,43.0,16.0,0.47,0.09,1.0,76.0,2500.0,86.0,77.0,2.84,0.55,6.0,11.0,190.0,11.0,1.89,0.36,4.0,18.0,0.95,0.18,2.0,77.0,1.89,0.36,20.0,0.0,0.0,0.0,20.0,,4.0,91.0,13.74,2.64,29.0,85.0,6.16,1.18,44.0,13.0,93.0,2.37,0.45,5.0,99.0,4.74,0.91,10.0,1.0,,5.0,90.0,2.0,69.0,42.0,76.0,70.0,57.0,,80.0,0.0,0.0,,75.0,0.95,0.18,2.0,91.0,1.89,0.36,4.0,0.0,18.0,45.0,76.0,57.0,,62.0,0.13,0.03,0.28,90.12,91.0,65.0,34.58,6.64,73.0,59.0,38.37,7.36,81.0,99.0,0.0,0.0,,,0.0,,,,,,,0.0,0.0,,39.59,0.0,,,0.0,0.0,,35,0.0,0.0,25.0,0.0,58.0,38.0,0.95,0.18,2.0,97.0,2.37,0.45,5.0,25.0,0.0,0.0,,86.0,2.37,0.45,0.0,0.0,5.0,32.0,0.95,0.18,99.0,0.0,0.0,,2.0,,,,,54.0,0.12,0.02,0.26,61.0,0.13,0.03,0.28,2026,0,0,0.0,0,0.0,0.0,0.0,2025-11-23 14:00:00,Domestic League,0,251,126,0,36,142,109,251,0,0,-1,16,-1,-1,0,2025/2026,2025,1
Italy_Serie_A_2025-2026,Niccolò Pisilli,Roma,Midfielder,0,0,0,Italy,2,1,3,0,0,0,0.0,1970-01-01,0,0.0,1,0,1,33,0,0,0,0.0,eu,,41.0,0.0,0.0,,3.0,0.0,0.0,0.0,,4160000.0,79.0,64.0,0.0,1.22,,35.0,0.0,0.0,,,,31.0,30.0,50.0,65.0,2.14,0.09,1.0,99.0,0.0,41.0,71.0,2.14,0.09,1.0,11.0,42.0,99.0,0.0,0.0,,99.0,0.0,0.0,,79.0,2.14,0.09,20.0,0.0,0.0,0.0,20.0,,1.0,45.0,8.57,0.36,4.0,9.0,2.14,0.09,25.0,1.0,6.0,0.0,0.0,,2.0,0.0,0.0,,,,2.0,66.0,,17.0,42.0,76.0,70.0,57.0,,80.0,0.0,0.0,,15.0,0.0,0.0,,99.0,4.29,0.18,2.0,0.0,,30.0,,57.0,,79.0,0.26,0.01,0.12,90.0,90.0,99.0,77.14,3.27,36.0,99.0,85.71,3.64,40.0,99.0,0.0,0.0,,,0.0,,,,,,,0.0,0.0,,13.4,0.0,,,0.0,0.0,,61,0.0,100.0,99.0,0.0,58.0,,0.0,0.0,,12.0,0.0,0.0,,99.0,2.14,0.09,1.0,82.0,2.14,0.09,0.0,0.0,1.0,83.0,2.14,0.09,99.0,0.0,0.0,,1.0,,,,,91.0,0.28,0.01,0.13,77.0,0.26,0.01,0.12,2026,0,0,0.0,0,0.0,0.0,0.0,1970-01-01 00:00:00,Domestic League,0,0,0,0,16,22,25,47,0,0,-1,14,-1,-1,0,2025/2026,2025,0
Italy_Serie_A_2025-2026,Daniele Ghilardi,Roma,Defender,22,189,0,Italy,0,2,2,0,0,0,0.0,2003-01-06,0,0.0,0,1,1,50,0,1,1,18.0,eu,,41.0,0.0,0.0,,3.0,0.0,0.0,0.0,,2310000.0,58.0,64.0,0.0,0.58,,35.0,0.0,0.0,,,,31.0,30.0,90.0,99.0,30.0,0.18,2.0,1.0,0.0,41.0,18.0,0.0,0.0,,11.0,6.0,99.0,0.0,0.0,,99.0,0.0,0.0,,13.0,0.0,0.0,20.0,0.0,0.0,0.0,20.0,,,92.0,15.0,0.09,1.0,1.0,0.0,0.0,0.0,,99.0,15.0,0.09,1.0,2.0,0.0,0.0,,,,2.0,66.0,,17.0,42.0,76.0,70.0,57.0,,80.0,0.0,0.0,,99.0,15.0,0.09,1.0,12.0,0.0,0.0,,0.0,,30.0,,57.0,,11.0,0.0,0.0,0.0,100.0,99.0,83.0,45.0,0.27,3.0,73.0,45.0,0.27,3.0,99.0,0.0,0.0,,,0.0,,,,,,,0.0,0.0,,6.33,0.0,,,0.0,0.0,,87,0.0,0.0,25.0,0.0,58.0,99.0,15.0,0.09,1.0,12.0,0.0,0.0,,25.0,0.0,0.0,,10.0,0.0,0.0,0.0,0.0,,7.0,0.0,0.0,99.0,0.0,0.0,,,,,,,66.0,0.15,0.0,0.01,11.0,0.0,0.0,0.0,2026,0,0,0.0,0,0.0,0.0,0.0,1970-01-01 00:00:00,Domestic League,0,0,5,0,3,0,5,5,0,0,-1,13,-1,-1,0,2025/2026,2025,0
Italy_Serie_A_2025-2026,Radosław Dominik Żelezny,Roma,Midfielder,19,0,0,Poland,0,0,0,0,0,0,0.0,2006-09-06,0,0.0,0,0,0,0,0,0,0,0.0,eu,,,,,,,,,,,,,,,,,,,,,,,,,,,,,,,,,,,,,,,,,,,,,,,,,,,,,,,,,,,,,,,,,,,,,,,,,,,,,,,,,,,,,,,,,,,,,,,,,,,,,,,,,,,,,,,,,,,,,,,,,,,,,,,,,,,,,,,,,,,,,,,,,,,,,,,,,,,,,,,,,,,,,,,,,,,,,,,,,,,,,,,2026,0,0,0.0,0,0.0,0.0,0.0,1970-01-01 00:00:00,Domestic League,0,0,0,0,0,0,0,0,0,0,-1,-1,-1,-1,0,2025/2026,2025,0
Italy_Serie_A_2025-2026,Łukasz Skorupski,Bologna,Goalkeeper,34,188,83,Poland,5,5,10,0,0,0,0.0,1970-01-08,1,0.11,0,4,4,40,5,1,6,0.66,eu,,41.0,0.0,0.0,,9.0,0.22,0.18,0.0,2.0,2780000.0,64.0,64.0,0.0,6.11,46.0,35.0,0.0,0.0,,1.0,10.0,52.0,42.0,64.0,55.0,1.54,1.27,14.0,78.0,0.0,41.0,18.0,0.0,0.0,,11.0,818.0,99.0,0.0,0.0,,99.0,0.0,0.0,,13.0,0.0,0.0,20.0,0.0,0.0,0.0,20.0,,,2.0,0.33,0.27,3.0,2.0,0.33,0.27,100.0,3.0,6.0,0.0,0.0,,15.0,0.33,0.27,3.0,10.0,83.0,,34.0,1.0,46.0,42.0,76.0,70.0,57.0,,80.0,0.0,0.0,,15.0,0.0,0.0,,12.0,0.0,0.0,,0.0,65.0,90.0,77.0,57.0,72.0,11.0,0.0,0.0,0.0,77.04,32.0,60.0,32.13,26.55,292.0,66.0,41.7,34.45,379.0,99.0,0.0,0.0,,,0.0,,,,,,95.0,0.99,0.82,9.0,67.26,69.23,56.0,16.0,1.98,1.64,18.0,1,0.0,0.0,25.0,0.0,58.0,94.0,2.86,2.36,26.0,12.0,0.0,0.0,,25.0,0.0,0.0,,10.0,0.0,0.0,0.0,0.0,,7.0,0.0,0.0,99.0,0.0,0.0,,,,,,,20.0,0.06,0.05,0.56,11.0,0.0,0.0,0.0,2026,0,0,0.0,0,0.0,0.0,0.0,2025-11-09 14:00:00,Domestic League,0,818,136,0,82,450,368,818,0,0,-1,27,237,29,0,2025/2026,2025,1
Italy_Serie_A_2025-2026,Tommaso Pobega,Bologna,Midfielder,26,188,79,Italy,5,3,8,0,0,0,0.0,1970-01-11,1,0.21,2,3,5,63,2,0,2,0.43,eu,,41.0,0.0,0.0,,58.0,1.29,0.6,0.0,6.0,2310000.0,58.0,64.0,0.0,5.49,26.0,89.0,0.64,0.3,3.0,1.0,12.0,60.0,61.0,98.0,50.0,1.29,0.6,6.0,93.0,0.0,41.0,28.0,0.21,0.1,1.0,10.0,419.0,59.0,0.43,0.2,2.0,5.0,1.5,0.7,7.0,39.0,0.64,0.3,55.0,0.43,0.2,66.0,86.0,2.0,3.0,45.0,8.59,4.0,40.0,30.0,3.65,1.7,42.0,17.0,67.0,1.5,0.7,7.0,20.0,0.43,0.2,2.0,4.0,22.0,4.0,86.0,1.0,46.0,87.0,96.0,70.0,94.0,,80.0,0.0,0.0,,92.0,1.5,0.7,7.0,35.0,0.43,0.2,2.0,0.0,30.0,69.0,93.0,64.0,21.0,92.0,0.39,0.18,1.82,79.03,39.0,32.0,21.05,9.8,98.0,28.0,26.63,12.4,124.0,99.0,0.0,0.0,,,0.0,,,,,,,0.0,0.0,,54.86,0.0,,,0.0,0.0,,4,0.0,57.14,93.0,28.57,94.0,16.0,0.64,0.3,3.0,54.0,0.64,0.3,3.0,85.0,0.86,0.4,4.0,69.0,1.5,0.7,0.0,3.5,7.0,57.0,1.5,0.7,99.0,0.0,0.0,,7.0,,,12.0,1.0,28.0,0.07,0.03,0.32,90.0,0.39,0.18,1.82,2026,2,0,0.43,2,0.61,0.0,0.43,2025-11-22 14:00:00,Domestic League,0,419,210,210,52,296,123,419,0,0,-1,4,20,-1,0,2025/2026,2025,1
Italy_Serie_A_2025-2026,Riccardo Orsolini,Bologna,Forward,28,183,73,Italy,7,5,12,1,0,1,0.11,1970-01-10,1,0.11,2,4,6,50,5,1,6,0.66,eu,,43.0,5.46,4.17,50.0,71.0,1.75,1.33,0.0,16.0,4630000.0,83.0,71.0,0.08,7.09,93.0,35.0,0.0,0.0,,1.0,8.0,37.0,42.0,90.0,13.0,0.44,0.33,4.0,78.0,294.12,43.0,69.0,1.86,1.42,17.0,12.0,824.0,24.0,1.31,1.0,12.0,76.0,0.22,0.17,2.0,87.0,2.73,2.08,91.0,1.53,1.17,56.0,72.0,14.0,25.0,65.0,10.05,7.67,92.0,79.0,5.79,4.42,57.0,53.0,34.0,0.98,0.75,9.0,74.0,1.64,1.25,15.0,10.0,83.0,2.0,66.0,4.0,94.0,94.0,88.0,98.0,97.0,,98.0,0.33,0.25,3.0,49.0,0.55,0.42,5.0,56.0,0.87,0.67,8.0,0.0,99.0,91.0,78.0,61.0,73.0,92.0,0.38,0.29,3.46,64.68,7.0,11.0,14.2,10.83,130.0,16.0,21.95,16.75,201.0,99.0,0.0,0.0,,1.0,0.0,2.0,,,3.0,,,0.0,0.0,,85.12,0.0,,,0.0,0.0,,7,0.0,48.39,79.0,16.13,81.0,17.0,0.66,0.5,6.0,91.0,1.75,1.33,16.0,99.0,1.64,1.25,15.0,97.0,3.39,2.58,0.0,6.2,31.0,30.0,0.87,0.67,99.0,0.0,0.0,,8.0,,,,,59.0,0.13,0.1,1.15,98.0,0.61,0.46,5.56,2026,2,3,0.66,5,0.36,0.82,0.55,2025-11-22 14:00:00,Domestic League,824,824,137,165,69,494,330,824,2,0,100,1,12,-1,0,2025/2026,2025,1
Italy_Serie_A_2025-2026,Remo Marco Freuler,Bologna,Midfielder,33,180,77,Switzerland,5,4,9,0,0,0,0.0,1970-01-09,2,0.26,1,3,4,44,4,1,5,0.66,eu,,41.0,0.0,0.0,,24.0,0.52,0.4,0.0,4.0,2310000.0,58.0,64.0,0.0,6.15,48.0,44.0,0.13,0.1,1.0,2.0,22.0,83.0,71.0,71.0,30.0,0.79,0.6,6.0,78.0,0.0,41.0,47.0,0.66,0.5,5.0,10.0,686.0,61.0,0.39,0.3,3.0,60.0,0.39,0.3,3.0,50.0,0.92,0.7,38.0,0.26,0.2,28.0,32.0,2.0,7.0,48.0,8.79,6.7,67.0,61.0,4.99,3.8,56.0,38.0,40.0,1.05,0.8,8.0,49.0,1.05,0.8,8.0,8.0,63.0,1.0,51.0,6.0,99.0,42.0,76.0,70.0,57.0,,80.0,0.0,0.0,,46.0,0.52,0.4,4.0,38.0,0.52,0.4,4.0,0.0,45.0,60.0,78.0,57.0,57.0,15.0,0.01,0.01,0.11,85.29,69.0,84.0,45.66,34.8,348.0,84.0,53.53,40.8,408.0,99.0,0.0,0.0,,,0.0,,,,,,,0.0,0.0,,61.49,0.0,,,0.0,0.0,,8,0.0,0.0,25.0,0.0,58.0,22.0,0.79,0.6,6.0,24.0,0.26,0.2,2.0,25.0,0.0,0.0,,17.0,0.26,0.2,0.0,0.0,2.0,98.0,3.28,2.5,99.0,0.0,0.0,,25.0,,,,,51.0,0.11,0.08,0.85,15.0,0.01,0.01,0.11,2026,0,0,0.0,0,0.0,0.0,0.0,2025-11-02 17:00:00,Domestic League,0,343,137,0,76,393,293,686,0,0,-1,14,238,-1,0,2025/2026,2025,2
Italy_Serie_A_2025-2026,Nicolò Casale,Bologna,Defender,27,191,84,Italy,3,1,4,0,0,0,0.0,1970-01-11,0,0.0,1,1,2,50,0,0,0,0.0,eu,,41.0,0.0,0.0,,91.0,3.02,0.62,0.0,5.0,2310000.0,58.0,64.0,0.0,2.48,,35.0,0.0,0.0,,,,31.0,30.0,90.0,99.0,9.06,1.88,15.0,99.0,0.0,41.0,18.0,0.0,0.0,,8.0,149.0,27.0,1.21,0.25,2.0,42.0,0.6,0.12,1.0,13.0,0.0,0.0,20.0,0.0,0.0,0.0,20.0,,,73.0,10.87,2.25,18.0,59.0,4.83,1.0,44.0,8.0,80.0,1.81,0.38,3.0,57.0,1.21,0.25,2.0,2.0,4.0,2.0,66.0,2.0,69.0,42.0,76.0,70.0,57.0,,80.0,0.0,0.0,,86.0,1.21,0.25,2.0,12.0,0.0,0.0,,0.0,2.0,30.0,,57.0,,11.0,0.0,0.0,0.0,75.38,26.0,56.0,29.6,6.12,49.0,61.0,39.26,8.12,65.0,99.0,0.0,0.0,,,0.0,,,,,,,0.0,0.0,,19.85,0.0,,,0.0,0.0,,16,0.0,0.0,25.0,0.0,58.0,13.0,0.6,0.12,1.0,12.0,0.0,0.0,,25.0,0.0,0.0,,10.0,0.0,0.0,0.0,0.0,,20.0,0.6,0.12,99.0,0.0,0.0,,1.0,,,,,28.0,0.07,0.01,0.11,11.0,0.0,0.0,0.0,2026,0,0,0.0,0,0.0,0.0,0.0,2025-11-22 14:00:00,Domestic League,0,0,0,0,37,140,9,149,0,0,-1,19,-1,-1,0,2025/2026,2025,0
Italy_Serie_A_2025-2026,Ciro Immobile,Bologna,Forward,35,185,78,Italy,1,0,1,0,0,0,0.0,1970-01-08,0,0.0,0,0,0,0,0,0,0,0.0,eu,,41.0,0.0,0.0,,91.0,3.0,1.0,0.0,1.0,4630000.0,83.0,64.0,0.0,6.36,54.0,35.0,0.0,0.0,,,,31.0,30.0,1.0,3.0,0.0,0.0,,99.0,0.0,41.0,18.0,0.0,0.0,,1.0,30.0,1.0,3.0,1.0,1.0,99.0,0.0,0.0,,13.0,0.0,0.0,20.0,0.0,0.0,0.0,20.0,,,82.0,12.0,4.0,4.0,16.0,3.0,1.0,25.0,1.0,6.0,0.0,0.0,,2.0,0.0,0.0,,1.0,,,34.0,6.0,99.0,42.0,76.0,70.0,57.0,,80.0,0.0,0.0,,15.0,0.0,0.0,,12.0,0.0,0.0,,0.0,,30.0,,57.0,,11.0,0.0,0.0,0.0,44.44,,6.0,12.0,4.0,4.0,29.0,27.0,9.0,9.0,99.0,0.0,0.0,,,0.0,,,,,,,0.0,0.0,,6.36,0.0,,,0.0,0.0,,17,0.0,0.0,25.0,0.0,58.0,,0.0,0.0,,12.0,0.0,0.0,,25.0,0.0,0.0,,10.0,0.0,0.0,0.0,0.0,,7.0,0.0,0.0,99.0,0.0,0.0,,,,,,,3.0,0.03,0.01,0.01,11.0,0.0,0.0,0.0,2026,0,0,0.0,0,0.0,0.0,0.0,2025-08-23 18:45:00,Domestic League,0,0,0,0,30,30,0,30,0,0,-1,25,-1,-1,0,2025/2026,2025,0
Italy_Serie_A_2025-2026,Jens Odgaard,Bologna,Midfielder,26,188,82,Denmark,6,4,10,1,0,1,0.18,1970-01-11,1,0.18,2,4,6,60,2,0,2,0.36,eu,,44.0,5.94,3.0,33.0,63.0,1.44,0.73,0.0,8.0,1390000.0,39.0,84.0,0.1,6.03,40.0,35.0,0.0,0.0,0.0,1.0,10.0,52.0,57.0,97.0,32.0,0.9,0.45,5.0,96.0,660.0,54.0,53.0,0.9,0.45,5.0,11.0,500.0,3.0,2.34,1.18,13.0,46.0,0.54,0.27,3.0,76.0,1.8,0.91,63.0,0.54,0.27,30.0,35.0,3.0,10.0,89.0,13.32,6.73,74.0,59.0,4.86,2.45,36.0,27.0,84.0,1.98,1.0,11.0,73.0,1.62,0.82,9.0,6.0,42.0,4.0,86.0,5.0,98.0,91.0,87.0,89.0,90.0,0.0,80.0,0.0,0.0,0.0,20.0,0.18,0.09,1.0,48.0,0.72,0.36,4.0,0.0,65.0,76.0,96.0,68.0,35.0,91.0,0.36,0.18,1.98,76.84,31.0,9.0,13.14,6.64,73.0,6.0,17.1,8.64,95.0,99.0,0.0,0.0,0.0,0.0,0.0,0.0,0.0,0.0,0.0,0.0,0.0,0.0,0.0,0.0,66.31,0.0,0.0,0.0,0.0,0.0,0.0,21,0.0,40.0,72.0,20.0,88.0,10.0,0.54,0.27,3.0,73.0,1.08,0.55,6.0,80.0,0.72,0.36,4.0,76.0,1.8,0.91,0.0,5.0,10.0,52.0,1.44,0.73,99.0,0.0,0.0,0.0,8.0,0.0,0.0,0.0,0.0,66.0,0.15,0.08,0.86,88.0,0.36,0.18,1.98,2026,1,1,0.54,2,0.33,0.4,0.36,2025-11-09 14:00:00,Domestic League,500,500,250,250,50,276,224,500,0,0,-1,5,35,-1,0,2025/2026,2025,1
Italy_Serie_A_2025-2026,Charalampos Lykogiannis,Bologna,Defender,32,191,82,Greece,3,2,5,0,0,0,0.0,1970-01-09,2,0.51,1,2,3,60,2,0,2,0.51,eu,,78.0,29.24,9.58,115.0,46.0,1.02,0.33,0.0,4.0,1160000.0,30.0,64.0,0.0,2.88,1.0,82.0,0.51,0.17,2.0,2.0,40.0,98.0,95.0,97.0,71.0,2.54,0.83,10.0,87.0,396.55,44.0,98.0,7.37,2.42,29.0,12.0,354.0,42.0,0.76,0.25,3.0,72.0,0.25,0.08,1.0,54.0,1.02,0.33,73.0,0.76,0.25,75.0,91.0,3.0,4.0,46.0,8.64,2.83,34.0,41.0,4.07,1.33,47.0,16.0,79.0,1.78,0.58,7.0,2.0,0.0,0.0,0.0,4.0,22.0,1.0,51.0,2.0,69.0,42.0,76.0,70.0,57.0,0.0,80.0,0.0,0.0,0.0,78.0,1.02,0.33,4.0,85.0,1.53,0.5,6.0,0.0,4.0,35.0,87.0,57.0,12.0,41.0,0.06,0.02,0.23,80.0,44.0,67.0,35.59,11.67,140.0,72.0,44.49,14.58,175.0,99.0,0.0,0.0,0.0,0.0,0.0,0.0,0.0,0.0,0.0,0.0,0.0,0.0,0.0,0.0,34.59,0.0,0.0,0.0,0.0,0.0,0.0,22,0.0,25.0,44.0,0.0,58.0,7.0,0.51,0.17,2.0,60.0,0.76,0.25,3.0,50.0,0.25,0.08,1.0,55.0,1.02,0.33,0.0,0.0,4.0,86.0,2.29,0.75,99.0,0.0,0.0,0.0,9.0,0.0,0.0,0.0,0.0,63.0,0.14,0.05,0.55,41.0,0.06,0.02,0.23,2026,0,0,0.0,0,0.0,0.0,0.0,2025-10-29 19:45:00,Domestic League,0,177,177,0,71,182,172,354,0,0,-1,26,268,18,0,2025/2026,2025,2
Italy_Serie_A_2025-2026,Jhon Janer Lucumí Bonilla,Bologna,Defender,27,187,78,Colombia,5,5,10,0,0,0,0.0,1970-01-11,2,0.23,0,4,4,40,5,0,5,0.59,eu,,51.0,11.7,8.33,100.0,51.0,1.17,0.83,0.0,10.0,1200000.0,31.0,64.0,0.0,5.71,33.0,86.0,0.59,0.42,5.0,2.0,20.0,79.0,64.0,64.0,88.0,4.33,3.08,37.0,82.0,9999.99,99.0,22.0,0.12,0.08,1.0,12.0,769.0,72.0,0.23,0.17,2.0,54.0,0.47,0.33,4.0,26.0,0.35,0.25,35.0,0.23,0.17,66.0,86.0,2.0,3.0,20.0,6.79,4.83,58.0,35.0,3.86,2.75,56.0,33.0,31.0,0.94,0.67,8.0,49.0,1.05,0.75,9.0,8.0,63.0,2.0,66.0,0.0,17.0,53.0,76.0,82.0,68.0,0.0,80.0,0.0,0.0,0.0,80.0,1.05,0.75,9.0,30.0,0.35,0.25,3.0,0.0,65.0,67.0,82.0,92.0,67.0,50.0,0.09,0.07,0.8,89.64,89.0,95.0,58.75,41.83,502.0,95.0,65.54,46.67,560.0,99.0,0.0,0.0,0.0,0.0,0.0,0.0,0.0,0.0,0.0,0.0,0.0,0.0,0.0,0.0,68.48,0.0,0.0,0.0,0.0,0.0,0.0,26,0.0,33.33,61.0,33.33,97.0,25.0,0.82,0.58,7.0,23.0,0.23,0.17,2.0,32.0,0.12,0.08,1.0,22.0,0.35,0.25,0.0,3.0,3.0,58.0,1.52,1.08,99.0,0.0,0.0,0.0,13.0,0.0,0.0,0.0,0.0,66.0,0.15,0.11,1.29,49.0,0.09,0.07,0.8,2026,0,1,0.12,1,0.0,0.28,0.12,2025-11-09 14:00:00,Domestic League,0,385,154,769,77,450,319,769,0,0,-1,11,116,23,0,2025/2026,2025,2
Italy_Serie_A_2025-2026,Nicolò Cambiaghi,Bologna,Forward,24,173,0,Italy,6,5,11,1,3,4,0.58,1970-01-12,2,0.29,1,4,5,45,2,1,3,0.43,eu,,99.0,75.7,47.64,524.0,5.0,0.14,0.09,0.0,1.0,1390000.0,39.0,99.0,0.36,7.09,93.0,35.0,0.0,0.0,0.0,2.0,18.0,72.0,77.0,80.0,7.0,0.29,0.18,2.0,93.0,2381.82,84.0,83.0,3.18,2.0,22.0,11.0,623.0,44.0,0.72,0.45,5.0,2.0,1.88,1.18,13.0,80.0,2.17,1.36,86.0,1.16,0.73,53.0,70.0,8.0,15.0,88.0,13.0,8.18,90.0,93.0,7.22,4.55,55.0,50.0,85.0,2.02,1.27,14.0,99.0,5.06,3.18,35.0,7.0,54.0,4.0,86.0,2.0,69.0,98.0,85.0,83.0,86.0,0.0,80.0,0.0,0.0,0.0,29.0,0.29,0.18,2.0,91.0,1.88,1.18,13.0,0.0,87.0,55.0,93.0,72.0,48.0,85.0,0.31,0.19,2.13,83.92,61.0,20.0,17.34,10.91,120.0,12.0,20.66,13.0,143.0,99.0,0.0,0.0,0.0,0.0,0.0,0.0,0.0,0.0,0.0,0.0,0.0,0.0,0.0,0.0,77.94,0.0,0.0,0.0,0.0,0.0,0.0,28,0.0,30.77,50.0,15.38,81.0,11.0,0.58,0.36,4.0,80.0,1.3,0.82,9.0,73.0,0.58,0.36,4.0,77.0,1.88,1.18,0.0,6.5,13.0,35.0,1.01,0.64,99.0,0.0,0.0,0.0,7.0,0.0,0.0,0.0,0.0,99.0,0.46,0.29,3.2,83.0,0.31,0.19,2.13,2026,1,1,0.87,2,0.27,0.31,0.29,2025-10-29 19:45:00,Domestic League,156,312,208,312,57,335,288,623,0,0,-1,3,47,-1,0,2025/2026,2025,2
Italy_Serie_A_2025-2026,Lorenzo De Silvestri,Bologna,Defender,37,187,84,Italy,4,1,5,0,0,0,0.0,1970-01-07,1,0.44,2,0,2,40,1,0,1,0.44,eu,,99.0,88.67,16.67,200.0,19.0,0.44,0.08,0.0,1.0,460000.0,13.0,64.0,0.0,2.19,0.0,77.0,0.44,0.08,1.0,1.0,20.0,79.0,92.0,64.0,94.0,5.76,1.08,13.0,92.0,6666.67,95.0,63.0,1.33,0.25,3.0,12.0,203.0,99.0,0.0,0.0,0.0,99.0,0.0,0.0,0.0,13.0,0.0,0.0,20.0,0.0,0.0,0.0,20.0,0.0,0.0,7.0,2.22,0.42,5.0,7.0,0.89,0.17,40.0,2.0,55.0,1.33,0.25,3.0,20.0,0.44,0.08,1.0,3.0,9.0,2.0,66.0,1.0,46.0,42.0,76.0,70.0,57.0,0.0,80.0,0.0,0.0,0.0,88.0,1.33,0.25,3.0,78.0,1.33,0.25,3.0,0.0,4.0,38.0,91.0,57.0,0.0,11.0,0.0,0.0,0.0,80.0,44.0,32.0,21.28,4.0,48.0,28.0,26.6,5.0,60.0,99.0,0.0,0.0,0.0,0.0,0.0,0.0,0.0,0.0,0.0,0.0,0.0,0.0,0.0,0.0,26.3,0.0,0.0,0.0,0.0,0.0,0.0,29,0.0,0.0,25.0,0.0,58.0,32.0,0.89,0.17,2.0,12.0,0.0,0.0,0.0,25.0,0.0,0.0,0.0,10.0,0.0,0.0,0.0,0.0,0.0,7.0,0.0,0.0,99.0,0.0,0.0,0.0,0.0,0.0,0.0,0.0,0.0,44.0,0.1,0.02,0.22,11.0,0.0,0.0,0.0,2026,0,0,0.0,0,0.0,0.0,0.0,2025-11-22 14:00:00,Domestic League,0,203,203,0,41,144,59,203,0,0,-1,12,-1,-1,0,2025/2026,2025,1
Italy_Serie_A_2025-2026,Stefan Posch,Bologna,Defender,28,190,76,Austria,3,3,6,0,0,0,0.0,1970-01-10,0,0.0,1,1,2,33,0,2,2,0.89,eu,,91.0,44.55,9.09,100.0,72.0,1.78,0.36,0.0,4.0,1250000.0,31.0,64.0,0.0,3.08,2.0,77.0,0.45,0.09,1.0,0.0,0.0,31.0,30.0,50.0,92.0,5.35,1.09,12.0,63.0,2500.0,86.0,67.0,1.78,0.36,4.0,11.0,202.0,13.0,1.78,0.36,4.0,55.0,0.45,0.09,1.0,13.0,0.0,0.0,20.0,0.0,0.0,0.0,20.0,0.0,0.0,88.0,12.92,2.64,29.0,92.0,7.13,1.45,55.0,16.0,11.0,0.45,0.09,1.0,63.0,1.34,0.27,3.0,2.0,4.0,4.0,86.0,4.0,94.0,87.0,76.0,95.0,95.0,0.0,80.0,0.0,0.0,0.0,71.0,0.89,0.18,2.0,35.0,0.45,0.09,1.0,0.0,9.0,30.0,62.0,62.0,0.0,93.0,0.4,0.08,0.89,78.63,38.0,77.0,40.99,8.36,92.0,83.0,52.13,10.64,117.0,99.0,0.0,0.0,0.0,0.0,0.0,0.0,0.0,0.0,0.0,0.0,0.0,0.0,0.0,0.0,33.89,0.0,0.0,0.0,0.0,0.0,0.0,27,0.0,66.67,97.0,33.33,97.0,32.0,0.89,0.18,2.0,40.0,0.45,0.09,1.0,86.0,0.89,0.18,2.0,66.0,1.34,0.27,0.0,3.0,3.0,99.0,4.01,0.82,99.0,0.0,0.0,0.0,9.0,0.0,0.0,0.0,0.0,54.0,0.12,0.02,0.26,90.0,0.4,0.08,0.89,2026,0,1,0.45,1,0.0,0.53,0.45,2025-10-29 17:30:00,Domestic League,0,0,101,202,34,31,171,202,0,0,-1,4,-1,-1,0,2025/2026,2025,0
Italy_Serie_A_2025-2026,Nikola Moro,Bologna,Midfielder,27,184,77,Croatia,3,5,8,0,0,0,0.0,1970-01-11,0,0.0,1,4,5,63,1,1,2,0.34,eu,,71.0,22.89,11.08,133.0,53.0,1.2,0.58,0.0,7.0,1550000.0,40.0,64.0,0.0,4.68,13.0,48.0,0.17,0.08,1.0,0.0,0.0,31.0,30.0,98.0,61.0,1.89,0.92,11.0,97.0,950.0,63.0,72.0,2.41,1.17,14.0,12.0,523.0,65.0,0.34,0.17,2.0,9.0,1.2,0.58,7.0,54.0,1.03,0.5,63.0,0.52,0.25,50.0,69.0,3.0,6.0,55.0,9.46,4.58,55.0,66.0,5.16,2.5,54.0,30.0,59.0,1.38,0.67,8.0,64.0,1.38,0.67,8.0,6.0,42.0,2.0,66.0,2.0,69.0,60.0,76.0,83.0,73.0,0.0,80.0,0.0,0.0,0.0,69.0,0.86,0.42,5.0,67.0,1.03,0.5,6.0,0.0,30.0,30.0,97.0,85.0,38.0,67.0,0.15,0.07,0.86,86.41,73.0,94.0,54.72,26.5,318.0,94.0,63.33,30.67,368.0,99.0,0.0,0.0,0.0,0.0,0.0,0.0,0.0,0.0,0.0,0.0,0.0,0.0,0.0,0.0,56.12,0.0,0.0,0.0,0.0,0.0,0.0,6,0.0,25.0,44.0,25.0,92.0,7.0,0.52,0.25,3.0,47.0,0.52,0.25,3.0,37.0,0.17,0.08,1.0,41.0,0.69,0.33,0.0,4.0,4.0,85.0,2.24,1.08,99.0,0.0,0.0,0.0,13.0,0.0,0.0,0.0,0.0,66.0,0.15,0.07,0.86,66.0,0.15,0.07,0.86,2026,0,1,0.17,1,0.0,0.29,0.17,2025-11-22 14:00:00,Domestic League,0,0,262,523,65,214,309,523,0,0,-1,9,91,-1,0,2025/2026,2025,0
Italy_Serie_A_2025-2026,Santiago Thomas Castro,Bologna,Forward,21,179,76,Argentina,7,3,10,0,1,1,0.13,2004-09-18,1,0.13,2,2,4,40,3,1,4,0.53,eu,,41.0,0.0,0.0,0.0,67.0,1.58,1.0,0.0,12.0,0.0,8.0,76.0,0.1,5.8,34.0,35.0,0.0,0.0,0.0,1.0,10.0,52.0,46.0,64.0,60.0,1.85,1.17,14.0,87.0,0.0,41.0,23.0,0.13,0.08,1.0,12.0,682.0,6.0,2.11,1.33,16.0,37.0,0.66,0.42,5.0,39.0,0.66,0.42,53.0,0.4,0.25,60.0,80.0,3.0,5.0,76.0,11.22,7.08,85.0,38.0,3.96,2.5,35.0,30.0,89.0,2.11,1.33,16.0,71.0,1.58,1.0,12.0,7.0,54.0,3.0,78.0,5.0,98.0,94.0,94.0,90.0,96.0,0.0,90.0,0.13,0.08,1.0,15.0,0.0,0.0,0.0,77.0,1.32,0.83,10.0,0.0,65.0,85.0,87.0,61.0,56.0,97.0,0.49,0.31,3.7,71.0,16.0,2.0,9.37,5.92,71.0,2.0,13.2,8.33,100.0,99.0,0.0,0.0,0.0,0.0,0.0,0.0,0.0,0.0,0.0,0.0,0.0,0.0,0.0,0.0,69.57,0.0,0.0,0.0,0.0,0.0,0.0,9,0.0,43.75,76.0,25.0,92.0,17.0,0.66,0.42,5.0,77.0,1.19,0.75,9.0,87.0,0.92,0.58,7.0,82.0,2.11,1.33,0.0,4.0,16.0,16.0,0.4,0.25,99.0,0.0,0.0,0.0,3.0,0.0,0.0,10.0,1.0,66.0,0.15,0.09,1.1,95.0,0.49,0.31,3.7,2026,3,1,0.66,4,0.57,0.43,0.53,2025-11-22 14:00:00,Domestic League,682,682,171,171,68,475,207,682,0,0,-1,2,13,-1,0,2025/2026,2025,1
Italy_Serie_A_2025-2026,Federico Bernardeschi,Bologna,Forward,31,183,77,Italy,7,4,11,0,0,0,0.0,1970-01-09,2,0.49,2,3,5,45,0,1,1,0.24,eu,,99.0,94.88,32.42,389.0,34.0,0.73,0.25,0.0,3.0,4160000.0,79.0,64.0,0.0,6.26,53.0,60.0,0.24,0.08,1.0,2.0,18.0,72.0,94.0,80.0,17.0,0.49,0.17,2.0,99.0,2161.11,82.0,90.0,4.39,1.5,18.0,12.0,369.0,5.0,2.2,0.75,9.0,51.0,0.49,0.17,2.0,94.0,3.41,1.17,98.0,2.2,0.75,64.0,83.0,9.0,14.0,74.0,10.98,3.75,45.0,65.0,5.12,1.75,46.0,21.0,64.0,1.46,0.5,6.0,68.0,1.46,0.5,6.0,3.0,9.0,8.0,99.0,5.0,98.0,71.0,94.0,70.0,83.0,0.0,80.0,0.0,0.0,0.0,42.0,0.49,0.17,2.0,99.0,3.9,1.33,16.0,0.0,87.0,36.0,99.0,75.0,15.0,90.0,0.35,0.12,1.42,85.55,70.0,69.0,36.1,12.33,148.0,66.0,42.2,14.42,173.0,2.0,0.24,0.08,1.0,0.0,0.0,0.0,0.0,0.0,0.0,0.0,0.0,0.0,0.0,0.0,75.08,0.0,0.0,0.0,0.0,0.0,0.0,10,0.0,36.36,65.0,9.09,67.0,19.0,0.73,0.25,3.0,91.0,1.71,0.58,7.0,89.0,0.98,0.33,4.0,91.0,2.68,0.92,0.0,11.0,11.0,25.0,0.73,0.25,99.0,0.0,0.0,0.0,3.0,0.0,0.0,0.0,0.0,83.0,0.21,0.07,0.85,88.0,0.35,0.12,1.42,2026,1,0,0.24,1,0.57,0.0,0.24,2025-10-29 19:45:00,Domestic League,0,185,369,369,34,157,212,369,0,0,-1,10,60,-1,0,2025/2026,2025,2
Italy_Serie_A_2025-2026,Federico Ravaglia,Bologna,Goalkeeper,26,196,75,Italy,2,0,2,0,0,0,0.0,1970-01-11,0,0.0,2,0,2,100,0,0,0,0.0,eu,,41.0,0.0,0.0,0.0,23.0,0.5,0.09,0.0,1.0,930000.0,23.0,64.0,0.0,1.31,0.0,35.0,0.0,0.0,0.0,0.0,0.0,31.0,30.0,99.0,62.0,2.0,0.36,4.0,99.0,0.0,41.0,18.0,0.0,0.0,0.0,11.0,180.0,99.0,0.0,0.0,0.0,99.0,0.0,0.0,0.0,33.0,0.5,0.09,62.0,0.5,0.09,100.0,99.0,1.0,1.0,7.0,1.0,0.18,2.0,7.0,1.0,0.18,100.0,2.0,6.0,0.0,0.0,0.0,24.0,0.5,0.09,1.0,2.0,4.0,0.0,34.0,0.0,17.0,42.0,76.0,70.0,57.0,0.0,80.0,0.0,0.0,0.0,15.0,0.0,0.0,0.0,12.0,0.0,0.0,0.0,0.0,0.0,30.0,0.0,57.0,0.0,11.0,0.0,0.0,0.0,71.88,17.0,65.0,34.5,6.27,69.0,78.0,48.0,8.73,96.0,99.0,0.0,0.0,0.0,0.0,0.0,0.0,0.0,0.0,0.0,0.0,99.0,1.0,0.18,2.0,14.38,100.0,99.0,68.0,3.0,0.55,6.0,13,0.0,0.0,25.0,0.0,58.0,94.0,3.0,0.55,6.0,12.0,0.0,0.0,0.0,25.0,0.0,0.0,0.0,10.0,0.0,0.0,0.0,0.0,0.0,7.0,0.0,0.0,99.0,0.0,0.0,0.0,0.0,0.0,0.0,0.0,0.0,28.0,0.07,0.01,0.13,11.0,0.0,0.0,0.0,2026,0,0,0.0,0,0.0,0.0,0.0,2025-11-22 14:00:00,Domestic League,0,0,0,0,90,180,0,180,0,0,-1,24,-1,-1,0,2025/2026,2025,0
Italy_Serie_A_2025-2026,Torbjørn Heggem,Bologna,Defender,26,192,0,Norway,6,4,10,0,0,0,0.0,1970-01-11,0,0.0,2,3,5,50,4,1,5,0.5,eu,,48.0,10.06,8.33,100.0,60.0,1.31,1.08,0.0,13.0,1270000.0,31.0,64.0,0.0,5.74,34.0,75.0,0.4,0.33,4.0,0.0,0.0,31.0,30.0,90.0,87.0,4.32,3.58,43.0,89.0,9999.99,99.0,20.0,0.1,0.08,1.0,12.0,895.0,83.0,0.1,0.08,1.0,84.0,0.1,0.08,1.0,38.0,0.6,0.5,62.0,0.5,0.42,83.0,94.0,5.0,6.0,38.0,8.04,6.67,80.0,35.0,3.82,3.17,47.0,38.0,80.0,1.81,1.5,18.0,18.0,0.4,0.33,4.0,10.0,83.0,0.0,34.0,1.0,46.0,42.0,76.0,70.0,57.0,0.0,80.0,0.0,0.0,0.0,59.0,0.7,0.58,7.0,21.0,0.2,0.17,2.0,0.0,65.0,30.0,88.0,57.0,81.0,22.0,0.02,0.02,0.23,91.26,95.0,79.0,43.04,35.67,428.0,77.0,47.16,39.08,469.0,99.0,0.0,0.0,0.0,0.0,0.0,0.0,0.0,0.0,0.0,0.0,0.0,0.0,0.0,0.0,68.87,0.0,0.0,0.0,0.0,0.0,0.0,14,0.0,25.0,44.0,0.0,58.0,18.0,0.7,0.58,7.0,28.0,0.3,0.25,3.0,29.0,0.1,0.08,1.0,24.0,0.4,0.33,0.0,0.0,4.0,63.0,1.61,1.33,99.0,0.0,0.0,0.0,16.0,0.0,0.0,0.0,0.0,38.0,0.09,0.07,0.85,22.0,0.02,0.02,0.23,2026,0,0,0.0,0,0.0,0.0,0.0,2025-11-22 14:00:00,Domestic League,0,0,179,0,90,540,355,895,0,0,-1,23,241,15,0,2025/2026,2025,0
Italy_Serie_A_2025-2026,Lewis Ferguson,Bologna,Midfielder,26,181,75,Scotland,4,3,7,0,0,0,0.0,1970-01-11,1,0.17,1,2,3,43,3,0,3,0.5,eu,,87.0,39.2,19.42,233.0,70.0,1.68,0.83,0.0,10.0,1600000.0,42.0,64.0,0.0,4.0,7.0,81.0,0.5,0.25,3.0,1.0,14.0,63.0,53.0,66.0,63.0,2.02,1.0,12.0,89.0,2912.5,87.0,64.0,1.35,0.67,8.0,12.0,535.0,78.0,0.17,0.08,1.0,24.0,0.84,0.42,5.0,19.0,0.17,0.08,20.0,0.0,0.0,0.0,20.0,,1.0,50.0,8.92,4.42,53.0,40.0,4.04,2.0,45.0,24.0,93.0,2.36,1.17,14.0,75.0,1.68,0.83,10.0,6.0,42.0,1.0,51.0,3.0,86.0,42.0,76.0,70.0,57.0,,80.0,0.0,0.0,,43.0,0.5,0.25,3.0,46.0,0.67,0.33,4.0,0.0,18.0,80.0,88.0,57.0,40.0,39.0,0.05,0.02,0.29,90.1,91.0,97.0,61.23,30.33,364.0,97.0,67.96,33.67,404.0,5.0,0.17,0.08,1.0,,0.0,,,,,,,0.0,0.0,,48.05,0.0,,,0.0,0.0,,19,0.0,25.0,44.0,0.0,58.0,27.0,0.84,0.42,5.0,46.0,0.5,0.25,3.0,37.0,0.17,0.08,1.0,40.0,0.67,0.33,0.0,0.0,4.0,28.0,0.84,0.42,99.0,0.0,0.0,,5.0,,,,,63.0,0.14,0.07,0.81,38.0,0.05,0.02,0.29,2026,0,0,0.0,0,0.0,0.0,0.0,2025-11-09 14:00:00,Domestic League,0,535,178,0,76,360,175,535,0,0,-1,22,269,-1,0,2025/2026,2025,1
Italy_Serie_A_2025-2026,Nadir Zortea,Bologna,Midfielder,26,187,65,Italy,3,4,7,0,0,0,0.0,1970-01-11,0,0.0,1,3,4,56,1,1,2,0.41,eu,,94.0,51.61,20.83,250.0,56.0,1.24,0.5,0.0,6.0,1850000.0,48.0,64.0,0.0,3.96,7.0,76.0,0.41,0.17,2.0,,,31.0,30.0,95.0,60.0,1.86,0.75,9.0,94.0,2272.73,83.0,72.0,2.27,0.92,11.0,12.0,436.0,26.0,1.24,0.5,6.0,26.0,0.83,0.33,4.0,91.0,3.1,1.25,91.0,1.44,0.58,46.0,58.0,7.0,15.0,80.0,11.77,4.75,57.0,78.0,5.78,2.33,49.0,28.0,27.0,0.83,0.33,4.0,48.0,1.03,0.42,5.0,4.0,22.0,3.0,78.0,,17.0,42.0,76.0,70.0,57.0,,80.0,0.0,0.0,,79.0,1.03,0.42,5.0,81.0,1.44,0.58,7.0,0.0,18.0,30.0,94.0,57.0,23.0,39.0,0.05,0.02,0.23,80.0,44.0,61.0,33.03,13.33,160.0,65.0,41.28,16.67,200.0,99.0,0.0,0.0,,,0.0,,,,,,,0.0,0.0,,47.51,0.0,,,0.0,0.0,,20,0.0,0.0,25.0,0.0,58.0,4.0,0.41,0.17,2.0,70.0,1.03,0.42,5.0,25.0,0.0,0.0,,55.0,1.03,0.42,0.0,0.0,5.0,80.0,2.06,0.83,99.0,0.0,0.0,,10.0,,,,,59.0,0.13,0.05,0.64,38.0,0.05,0.02,0.23,2026,0,0,0.0,0,0.0,0.0,0.0,2025-10-29 19:45:00,Domestic League,0,0,218,0,62,135,301,436,0,0,-1,21,299,-1,0,2025/2026,2025,0
Italy_Serie_A_2025-2026,Jesper Karlsson,Bologna,Forward,27,179,70,Sweden,0,0,0,0,0,0,0.0,1970-01-11,0,0.0,0,0,0,0,0,0,0,0.0,eu,,,,,,,,,,,,,,,,,,,,,,,,,,,,,,,,,,,,,,,,,,,,,,,,,,,,,,,,,,,,,,,,,,,,,,,,,,,,,,,,,,,,,,,,,,,,,,,,,,,,,,,,,,,,,,,,,,,,,,,,,,,,,,,,,,,,,,,,,,,,,,,,,,,,,,,,,,,,,,,,,,,,,,,,,,,,,,,,,,,,,,,2026,0,0,0.0,0,0.0,0.0,0.0,1970-01-01 00:00:00,Domestic League,0,0,0,0,0,0,0,0,0,0,-1,-1,-1,-1,0,2025/2026,2025,0
Italy_Serie_A_2025-2026,Thijs Dallinga,Bologna,Forward,25,190,0,Netherlands,5,5,10,0,2,2,0.49,1970-01-12,1,0.24,1,4,5,50,2,0,2,0.49,eu,,74.0,24.26,8.33,100.0,84.0,2.43,0.83,0.0,10.0,3700000.0,72.0,98.0,0.2,5.68,31.0,80.0,0.49,0.17,2.0,1.0,10.0,52.0,66.0,90.0,46.0,1.21,0.42,5.0,89.0,3333.33,90.0,49.0,0.73,0.25,3.0,12.0,371.0,27.0,1.21,0.42,5.0,99.0,0.0,0.0,,60.0,1.21,0.42,60.0,0.49,0.17,40.0,52.0,2.0,5.0,83.0,12.13,4.17,50.0,72.0,5.34,1.83,44.0,22.0,97.0,2.67,0.92,11.0,68.0,1.46,0.5,6.0,4.0,22.0,6.0,95.0,4.0,94.0,96.0,76.0,87.0,83.0,,80.0,0.0,0.0,,15.0,0.0,0.0,,82.0,1.46,0.5,6.0,0.0,65.0,64.0,89.0,75.0,15.0,85.0,0.31,0.1,1.26,73.79,22.0,24.0,18.44,6.33,76.0,24.0,24.99,8.58,103.0,99.0,0.0,0.0,,,0.0,,1.0,,,,,0.0,0.0,,68.16,0.0,,,0.0,0.0,,24,0.0,33.33,61.0,11.11,73.0,19.0,0.73,0.25,3.0,86.0,1.46,0.5,6.0,81.0,0.73,0.25,3.0,84.0,2.18,0.75,0.0,9.0,9.0,33.0,0.97,0.33,99.0,0.0,0.0,,4.0,,,,,97.0,0.39,0.13,1.59,83.0,0.31,0.1,1.26,2026,0,1,0.73,1,0.0,0.37,0.24,2025-11-09 14:00:00,Domestic League,186,371,186,371,37,125,246,371,0,0,-1,8,61,-1,0,2025/2026,2025,1
Italy_Serie_A_2025-2026,Massimo Pessina,Bologna,Midfielder,17,0,0,Italy,0,1,1,0,0,0,0.0,2007-12-25,0,0.0,0,1,1,100,0,0,0,0.0,eu,,41.0,0.0,0.0,,3.0,0.0,0.0,0.0,,138000.0,8.0,64.0,0.0,0.63,,35.0,0.0,0.0,,,,31.0,30.0,99.0,41.0,1.1,0.09,1.0,99.0,0.0,41.0,18.0,0.0,0.0,,11.0,82.0,99.0,0.0,0.0,,99.0,0.0,0.0,,13.0,0.0,0.0,20.0,0.0,0.0,0.0,20.0,,,,0.0,0.0,,1.0,0.0,0.0,0.0,,6.0,0.0,0.0,,2.0,0.0,0.0,,,,1.0,51.0,,17.0,42.0,76.0,70.0,57.0,,80.0,0.0,0.0,,15.0,0.0,0.0,,12.0,0.0,0.0,,0.0,,30.0,,57.0,,11.0,0.0,0.0,0.0,58.62,4.0,24.0,18.66,1.55,17.0,42.0,31.83,2.64,29.0,99.0,0.0,0.0,,,0.0,,,,,,,0.0,0.0,,6.88,100.0,99.0,4.0,1.1,0.09,1.0,25,0.0,0.0,25.0,0.0,58.0,49.0,1.1,0.09,1.0,12.0,0.0,0.0,,25.0,0.0,0.0,,10.0,0.0,0.0,0.0,0.0,,7.0,0.0,0.0,99.0,0.0,0.0,,,,,,,7.0,0.04,0.0,0.04,11.0,0.0,0.0,0.0,2026,0,0,0.0,0,0.0,0.0,0.0,1970-01-01 00:00:00,Domestic League,0,0,0,0,82,0,82,82,0,0,-1,20,-1,-1,0,2025/2026,2025,0
Italy_Serie_A_2025-2026,Benjamín Domínguez,Bologna,Forward,0,0,0,Argentina,2,3,5,1,0,1,0.46,1970-01-01,0,0.0,2,2,4,80,0,0,0,0.0,eu,,41.0,0.0,0.0,,42.0,0.92,0.17,0.0,2.0,930000.0,23.0,97.0,0.2,2.71,1.0,35.0,0.0,0.0,,,,31.0,30.0,99.0,3.0,0.0,0.0,,99.0,0.0,41.0,43.0,0.46,0.08,1.0,12.0,195.0,1.0,2.77,0.5,6.0,99.0,0.0,0.0,,97.0,4.15,0.75,57.0,0.46,0.08,11.0,20.0,1.0,9.0,96.0,16.62,3.0,36.0,88.0,6.46,1.17,38.0,14.0,59.0,1.38,0.25,3.0,94.0,2.77,0.5,6.0,2.0,4.0,3.0,78.0,1.0,46.0,88.0,76.0,70.0,57.0,,80.0,0.0,0.0,,40.0,0.46,0.08,1.0,61.0,0.92,0.17,2.0,0.0,4.0,30.0,,57.0,,47.0,0.08,0.01,0.18,79.17,39.0,20.0,17.54,3.17,38.0,16.0,22.15,4.0,48.0,99.0,0.0,0.0,,,0.0,,,,,,,0.0,0.0,,32.58,0.0,,,0.0,0.0,,30,0.0,0.0,25.0,0.0,58.0,,0.0,0.0,,93.0,1.85,0.33,4.0,25.0,0.0,0.0,,76.0,1.85,0.33,0.0,0.0,4.0,86.0,2.31,0.42,99.0,0.0,0.0,,5.0,,,,,95.0,0.33,0.06,0.71,46.0,0.08,0.01,0.18,2026,0,0,0.46,0,0.0,0.0,0.0,2025-11-22 14:00:00,Domestic League,195,0,0,0,39,98,97,195,0,0,-1,18,-1,-1,0,2025/2026,2025,0
Italy_Serie_A_2025-2026,Tommaso Corazza,Bologna,Defender,21,0,0,Italy,0,0,0,0,0,0,0.0,2004-06-29,0,0.0,0,0,0,0,0,0,0,0.0,eu,,,,,,,,,,,,,,,,,,,,,,,,,,,,,,,,,,,,,,,,,,,,,,,,,,,,,,,,,,,,,,,,,,,,,,,,,,,,,,,,,,,,,,,,,,,,,,,,,,,,,,,,,,,,,,,,,,,,,,,,,,,,,,,,,,,,,,,,,,,,,,,,,,,,,,,,,,,,,,,,,,,,,,,,,,,,,,,,,,,,,,,2026,0,0,0.0,0,0.0,0.0,0.0,1970-01-01 00:00:00,Domestic League,0,0,0,0,0,0,0,0,0,0,-1,-1,-1,-1,0,2025/2026,2025,0
Italy_Serie_A_2025-2026,Martin Vitík,Bologna,Defender,22,193,0,Czech Republic,2,3,5,0,0,0,0.0,2003-01-21,1,0.25,1,2,3,60,1,1,2,0.5,eu,,41.0,0.0,0.0,,98.0,4.5,1.5,0.0,18.0,1390000.0,39.0,64.0,0.0,2.83,1.0,35.0,0.0,0.0,,1.0,20.0,79.0,70.0,97.0,95.0,6.0,2.0,24.0,89.0,0.0,41.0,30.0,0.25,0.08,1.0,12.0,360.0,99.0,0.0,0.0,,99.0,0.0,0.0,,13.0,0.0,0.0,20.0,0.0,0.0,0.0,20.0,,,63.0,10.0,3.33,40.0,86.0,6.25,2.08,62.0,25.0,67.0,1.5,0.5,6.0,24.0,0.5,0.17,2.0,4.0,22.0,1.0,51.0,1.0,46.0,42.0,76.0,70.0,57.0,,80.0,0.0,0.0,,25.0,0.25,0.08,1.0,36.0,0.5,0.17,2.0,0.0,4.0,63.0,89.0,57.0,14.0,28.0,0.03,0.01,0.1,83.57,59.0,80.0,43.25,14.42,173.0,83.0,51.75,17.25,207.0,99.0,0.0,0.0,,,0.0,,,,,,,0.0,0.0,,34.0,0.0,,,0.0,0.0,,41,0.0,0.0,25.0,0.0,58.0,6.0,0.5,0.17,2.0,46.0,0.5,0.17,2.0,25.0,0.0,0.0,,30.0,0.5,0.17,0.0,0.0,2.0,45.0,1.25,0.42,99.0,0.0,0.0,,5.0,,,,,44.0,0.1,0.03,0.39,28.0,0.03,0.01,0.1,2026,0,0,0.0,0,0.0,0.0,0.0,2025-10-29 19:45:00,Domestic League,0,360,180,0,72,134,226,360,0,0,-1,17,301,17,0,2025/2026,2025,1
Italy_Serie_A_2025-2026,Giovanni Fabbian,Bologna,Midfielder,22,186,0,Italy,6,3,9,0,0,0,0.0,2003-01-14,0,0.0,1,3,4,44,3,0,3,0.63,eu,,65.0,19.96,8.33,100.0,67.0,1.6,0.67,0.0,8.0,930000.0,23.0,64.0,0.0,4.9,16.0,35.0,0.0,0.0,,,,31.0,30.0,71.0,3.0,0.0,0.0,,80.0,3333.33,90.0,46.0,0.6,0.25,3.0,12.0,451.0,23.0,1.4,0.58,7.0,59.0,0.4,0.17,2.0,44.0,0.8,0.33,33.0,0.2,0.08,25.0,29.0,1.0,4.0,63.0,9.98,4.17,50.0,68.0,5.19,2.17,52.0,26.0,73.0,1.6,0.67,8.0,94.0,2.79,1.17,14.0,5.0,32.0,4.0,86.0,4.0,94.0,42.0,76.0,70.0,57.0,,80.0,0.0,0.0,,37.0,0.4,0.17,2.0,21.0,0.2,0.08,1.0,0.0,45.0,30.0,80.0,57.0,22.0,47.0,0.08,0.03,0.38,81.55,49.0,18.0,16.76,7.0,84.0,11.0,20.55,8.58,103.0,99.0,0.0,0.0,,,0.0,,,,,,,0.0,0.0,,58.8,0.0,,,0.0,0.0,,80,0.0,0.0,25.0,0.0,58.0,24.0,0.8,0.33,4.0,89.0,1.6,0.67,8.0,25.0,0.0,0.0,,71.0,1.6,0.67,0.0,0.0,8.0,20.0,0.6,0.25,99.0,0.0,0.0,,3.0,,,,,12.0,0.05,0.02,0.23,46.0,0.08,0.03,0.38,2026,0,0,0.0,0,0.0,0.0,0.0,2025-11-22 14:00:00,Domestic League,0,0,143,0,48,323,107,430,0,0,-1,16,302,-1,0,2025/2026,2025,0
Italy_Serie_A_2025-2026,Elia Caprile,Cagliari,Goalkeeper,24,191,74,Italy,6,6,12,0,0,0,0.0,1970-01-12,1,0.08,1,1,2,17,5,10,15,1.25,eu,,41.0,0.0,0.0,,49.0,1.08,1.08,0.0,13.0,1760000.0,45.0,64.0,0.0,7.04,91.0,35.0,0.0,0.0,,1.0,8.0,37.0,32.0,17.0,34.0,0.92,0.92,11.0,29.0,0.0,41.0,18.0,0.0,0.0,,12.0,1080.0,84.0,0.08,0.08,1.0,99.0,0.0,0.0,,13.0,0.0,0.0,20.0,0.0,0.0,0.0,20.0,,,7.0,1.42,1.42,17.0,7.0,1.17,1.17,82.0,14.0,6.0,0.0,0.0,,24.0,0.5,0.5,6.0,12.0,99.0,,34.0,,17.0,42.0,76.0,70.0,57.0,,80.0,0.0,0.0,,15.0,0.0,0.0,,12.0,0.0,0.0,,0.0,99.0,99.0,30.0,57.0,99.0,11.0,0.0,0.0,0.0,63.74,6.0,23.0,18.17,18.17,218.0,34.0,28.5,28.5,342.0,99.0,0.0,0.0,,,0.0,,,,,,19.0,0.25,0.25,3.0,84.53,71.67,60.0,84.0,3.58,3.58,43.0,1,0.0,0.0,25.0,0.0,58.0,99.0,5.0,5.0,60.0,12.0,0.0,0.0,,25.0,0.0,0.0,,10.0,0.0,0.0,0.0,0.0,,7.0,0.0,0.0,99.0,0.0,0.0,,,,,,,7.0,0.04,0.04,0.48,11.0,0.0,0.0,0.0,2026,0,0,0.0,0,0.0,0.0,0.0,2025-11-22 14:00:00,Domestic League,0,1080,72,0,90,540,540,1080,0,0,-1,8,303,90,0,2025/2026,2025,1
Italy_Serie_A_2025-2026,Sebastiano Luperto,Cagliari,Defender,29,191,75,Italy,4,5,9,0,0,0,0.0,1970-01-10,1,0.11,1,1,2,22,2,8,10,1.11,eu,,41.0,0.0,0.0,,19.0,0.44,0.33,0.0,4.0,2310000.0,58.0,64.0,0.0,4.98,17.0,85.0,0.56,0.42,5.0,1.0,11.0,57.0,42.0,29.0,82.0,3.56,2.67,32.0,43.0,0.0,41.0,18.0,0.0,0.0,,12.0,810.0,99.0,0.0,0.0,,84.0,0.11,0.08,1.0,13.0,0.0,0.0,20.0,0.0,0.0,0.0,20.0,,,8.0,3.89,2.92,35.0,8.0,1.89,1.42,48.0,17.0,37.0,1.0,0.75,9.0,39.0,0.78,0.58,7.0,9.0,73.0,,34.0,,17.0,50.0,76.0,75.0,65.0,,80.0,0.0,0.0,,77.0,1.0,0.75,9.0,12.0,0.0,0.0,,0.0,45.0,90.0,43.0,94.0,71.0,54.0,0.1,0.07,0.9,88.68,84.0,69.0,36.56,27.42,329.0,65.0,41.22,30.92,371.0,99.0,0.0,0.0,,,0.0,,,,,,,0.0,0.0,,59.77,7.69,4.0,4.0,0.11,0.08,1.0,6,0.0,66.67,97.0,33.33,97.0,73.0,1.44,1.08,13.0,14.0,0.11,0.08,1.0,44.0,0.22,0.17,2.0,21.0,0.33,0.25,0.0,3.0,3.0,22.0,0.67,0.5,99.0,0.0,0.0,,6.0,,,,,28.0,0.07,0.05,0.6,53.0,0.1,0.07,0.9,2026,0,1,0.11,1,0.0,0.2,0.11,2025-11-22 14:00:00,Domestic League,0,810,81,810,90,360,450,810,0,0,-1,7,122,77,0,2025/2026,2025,1
Italy_Serie_A_2025-2026,Michel Ndary Adopo,Cagliari,Midfielder,0,187,0,France,6,6,12,1,0,1,0.1,1970-01-01,0,0.0,1,1,2,17,4,8,12,1.23,eu,,66.0,20.52,16.67,200.0,37.0,0.82,0.67,0.0,8.0,1390000.0,39.0,69.0,0.08,6.58,58.0,54.0,0.21,0.17,2.0,,,31.0,30.0,17.0,46.0,1.23,1.0,12.0,30.0,4000.0,91.0,44.0,0.51,0.42,5.0,12.0,877.0,19.0,1.54,1.25,15.0,31.0,0.72,0.58,7.0,63.0,1.33,1.08,67.0,0.62,0.5,46.0,57.0,6.0,13.0,41.0,8.31,6.75,81.0,19.0,3.18,2.58,38.0,31.0,50.0,1.23,1.0,12.0,18.0,0.41,0.33,4.0,8.0,63.0,4.0,86.0,1.0,46.0,47.0,76.0,70.0,57.0,,85.0,0.1,0.08,1.0,73.0,0.92,0.75,9.0,61.0,0.92,0.75,9.0,0.0,99.0,30.0,30.0,57.0,79.0,44.0,0.07,0.06,0.69,81.72,51.0,41.0,24.32,19.75,237.0,36.0,29.76,24.17,290.0,99.0,0.0,0.0,,,0.0,,,,,,,0.0,0.0,,78.98,0.0,,,0.0,0.0,,8,0.0,42.86,75.0,0.0,58.0,73.0,1.44,1.17,14.0,35.0,0.41,0.33,4.0,55.0,0.31,0.25,3.0,44.0,0.72,0.58,0.0,0.0,7.0,49.0,1.33,1.08,99.0,0.0,0.0,,13.0,,,,,66.0,0.15,0.12,1.48,43.0,0.07,0.06,0.69,2026,0,0,0.1,0,0.0,0.0,0.0,2025-11-03 19:45:00,Domestic League,876,0,73,0,73,400,476,876,0,0,-1,23,304,-1,0,2025/2026,2025,0
Italy_Serie_A_2025-2026,Alessandro Deiola,Cagliari,Midfielder,30,189,85,Italy,3,4,7,0,1,1,0.18,1970-01-10,2,0.35,0,1,1,14,2,4,6,1.06,eu,,41.0,0.0,0.0,,15.0,0.35,0.25,0.0,2.0,930000.0,23.0,84.0,0.14,5.87,35.0,83.0,0.53,0.38,3.0,2.0,29.0,91.0,85.0,9.0,70.0,2.47,1.75,14.0,48.0,0.0,41.0,26.0,0.18,0.12,1.0,8.0,511.0,77.0,0.18,0.12,1.0,3.0,1.59,1.12,9.0,35.0,0.53,0.38,31.0,0.18,0.12,33.0,42.0,1.0,3.0,48.0,8.81,6.25,50.0,48.0,4.4,3.12,50.0,25.0,61.0,1.41,1.0,8.0,50.0,1.06,0.75,6.0,6.0,42.0,1.0,51.0,2.0,69.0,62.0,76.0,70.0,57.0,,80.0,0.0,0.0,,59.0,0.7,0.5,4.0,39.0,0.53,0.38,3.0,0.0,18.0,46.0,48.0,57.0,37.0,41.0,0.06,0.04,0.33,79.37,41.0,45.0,26.42,18.75,150.0,47.0,33.29,23.62,189.0,99.0,0.0,0.0,,,0.0,,,,,,,0.0,0.0,,46.92,0.0,,,0.0,0.0,,14,0.0,66.67,97.0,0.0,58.0,59.0,1.23,0.88,7.0,19.0,0.18,0.12,1.0,58.0,0.35,0.25,2.0,31.0,0.53,0.38,0.0,0.0,3.0,94.0,2.82,2.0,99.0,0.0,0.0,,16.0,,,,,77.0,0.18,0.13,1.01,41.0,0.06,0.04,0.33,2026,0,0,0.18,0,0.0,0.0,0.0,2025-11-22 14:00:00,Domestic League,511,256,85,0,73,267,244,511,0,0,-1,22,305,-1,0,2025/2026,2025,2
Italy_Serie_A_2025-2026,Matteo Prati,Cagliari,Midfielder,21,0,0,Italy,6,6,12,0,0,0,0.0,2003-12-28,3,0.31,1,1,2,17,5,6,11,1.12,eu,,60.0,17.45,14.25,171.0,30.0,0.61,0.5,0.0,6.0,550000.0,14.0,64.0,0.0,6.72,68.0,76.0,0.41,0.33,4.0,3.0,25.0,88.0,80.0,17.0,74.0,2.76,2.25,27.0,42.0,1425.0,75.0,59.0,1.22,1.0,12.0,12.0,882.0,99.0,0.0,0.0,,49.0,0.51,0.42,5.0,25.0,0.31,0.25,24.0,0.1,0.08,33.0,42.0,1.0,3.0,8.0,4.29,3.5,42.0,9.0,2.04,1.67,47.0,20.0,46.0,1.12,0.92,11.0,14.0,0.31,0.25,3.0,11.0,96.0,1.0,51.0,3.0,86.0,42.0,76.0,70.0,57.0,,80.0,0.0,0.0,,83.0,1.12,0.92,11.0,53.0,0.82,0.67,8.0,0.0,99.0,51.0,42.0,57.0,80.0,41.0,0.06,0.05,0.6,78.93,39.0,49.0,27.14,22.17,266.0,50.0,34.39,28.08,337.0,99.0,0.0,0.0,,,0.0,,,,,,,0.0,0.0,,80.59,0.0,,,0.0,0.0,,16,0.0,0.0,25.0,0.0,58.0,59.0,1.22,1.0,12.0,81.0,1.33,1.08,13.0,25.0,0.0,0.0,,66.0,1.33,1.08,0.0,0.0,13.0,35.0,1.02,0.83,99.0,0.0,0.0,,10.0,,,,,63.0,0.14,0.11,1.38,41.0,0.06,0.05,0.6,2026,0,0,0.0,0,0.0,0.0,0.0,2025-11-22 14:00:00,Domestic League,0,294,80,0,74,470,412,882,0,0,-1,21,306,-1,0,2025/2026,2025,3
Italy_Serie_A_2025-2026,Yerry Fernando Mina González,Cagliari,Defender,31,195,94,Colombia,5,5,10,0,0,0,0.0,1970-01-10,1,0.11,1,1,2,20,2,7,9,1.0,eu,,41.0,0.0,0.0,,82.0,2.34,1.91,0.0,21.0,2400000.0,60.0,64.0,0.0,6.23,51.0,85.0,0.56,0.45,5.0,1.0,10.0,52.0,42.0,25.0,91.0,5.12,4.18,46.0,54.0,0.0,41.0,18.0,0.0,0.0,,11.0,808.0,73.0,0.22,0.18,2.0,65.0,0.33,0.27,3.0,25.0,0.33,0.27,35.0,0.22,0.18,66.0,86.0,2.0,3.0,55.0,9.47,7.73,85.0,80.0,5.9,4.82,62.0,53.0,55.0,1.34,1.09,12.0,82.0,1.89,1.55,17.0,10.0,83.0,,34.0,2.0,69.0,50.0,76.0,76.0,65.0,,80.0,0.0,0.0,,83.0,1.11,0.91,10.0,14.0,0.11,0.09,1.0,0.0,65.0,89.0,54.0,93.0,70.0,57.0,0.11,0.09,0.95,89.1,87.0,78.0,41.88,34.18,376.0,77.0,47.0,38.36,422.0,99.0,0.0,0.0,,,0.0,,,,,,,0.0,0.0,,68.51,0.0,,,0.0,0.0,,26,0.0,50.0,89.0,25.0,92.0,59.0,1.23,1.0,11.0,22.0,0.22,0.18,2.0,44.0,0.22,0.18,2.0,27.0,0.45,0.36,0.0,4.0,4.0,54.0,1.45,1.18,99.0,0.0,0.0,,13.0,,,,,51.0,0.11,0.09,0.96,56.0,0.11,0.09,0.95,2026,0,1,0.11,1,0.0,0.21,0.11,2025-11-22 14:00:00,Domestic League,0,808,90,808,81,380,428,808,0,0,-1,5,126,62,0,2025/2026,2025,1
Italy_Serie_A_2025-2026,Gabriele Zappa,Cagliari,Defender,25,180,78,Italy,5,5,10,0,1,1,0.13,1970-01-11,2,0.26,1,1,2,20,3,6,9,1.16,eu,,81.0,32.33,25.0,250.0,58.0,1.29,1.0,0.0,10.0,1390000.0,39.0,76.0,0.1,6.65,62.0,44.0,0.13,0.1,1.0,2.0,20.0,79.0,71.0,25.0,78.0,3.36,2.6,26.0,39.0,2500.0,86.0,62.0,1.29,1.0,10.0,10.0,696.0,70.0,0.26,0.2,2.0,28.0,0.78,0.6,6.0,43.0,0.78,0.6,51.0,0.39,0.3,50.0,69.0,3.0,6.0,23.0,6.98,5.4,54.0,36.0,3.88,3.0,55.0,30.0,39.0,1.03,0.8,8.0,31.0,0.65,0.5,5.0,9.0,73.0,1.0,51.0,2.0,69.0,55.0,76.0,70.0,57.0,,90.0,0.13,0.1,1.0,72.0,0.91,0.7,7.0,38.0,0.52,0.4,4.0,0.0,65.0,61.0,39.0,57.0,57.0,15.0,0.01,0.01,0.08,85.35,69.0,81.0,43.71,33.8,338.0,82.0,51.21,39.6,396.0,99.0,0.0,0.0,,,0.0,,,,,,,0.0,0.0,,66.5,0.0,,,0.0,0.0,,28,0.0,0.0,25.0,0.0,58.0,65.0,1.29,1.0,10.0,24.0,0.26,0.2,2.0,25.0,0.0,0.0,,17.0,0.26,0.2,0.0,0.0,2.0,60.0,1.55,1.2,99.0,0.0,0.0,,12.0,,,,,77.0,0.18,0.14,1.4,15.0,0.01,0.01,0.08,2026,0,0,0.13,0,0.0,0.0,0.0,2025-11-22 14:00:00,Domestic League,696,348,77,0,70,345,351,696,0,0,-1,20,307,81,0,2025/2026,2025,2
Italy_Serie_A_2025-2026,Gennaro Borrelli,Cagliari,Forward,25,194,0,Italy,5,6,11,0,0,0,0.0,1970-01-12,2,0.32,1,1,2,18,4,7,11,1.73,eu,,41.0,0.0,0.0,,95.0,3.63,1.92,0.0,23.0,930000.0,23.0,64.0,0.0,6.27,53.0,47.0,0.16,0.08,1.0,2.0,18.0,72.0,82.0,21.0,57.0,1.74,0.92,11.0,4.0,0.0,41.0,24.0,0.16,0.08,1.0,12.0,570.0,14.0,1.74,0.92,11.0,66.0,0.32,0.17,2.0,56.0,1.11,0.58,44.0,0.32,0.17,28.0,32.0,2.0,7.0,99.0,19.26,10.17,122.0,98.0,8.68,4.58,45.0,55.0,99.0,3.79,2.0,24.0,97.0,3.32,1.75,21.0,6.0,42.0,5.0,90.0,1.0,46.0,89.0,86.0,96.0,96.0,,80.0,0.0,0.0,,33.0,0.32,0.17,2.0,51.0,0.79,0.42,5.0,0.0,87.0,50.0,4.0,62.0,44.0,94.0,0.44,0.23,2.76,68.69,12.0,4.0,10.74,5.67,68.0,4.0,15.63,8.25,99.0,99.0,0.0,0.0,,,0.0,,,,,,,0.0,0.0,,75.26,0.0,,,0.0,0.0,,29,0.0,38.46,69.0,23.08,89.0,90.0,1.89,1.0,12.0,78.0,1.26,0.67,8.0,83.0,0.79,0.42,5.0,81.0,2.05,1.08,0.0,4.33,13.0,61.0,1.58,0.83,99.0,0.0,0.0,,10.0,,,9.0,1.0,12.0,0.05,0.02,0.3,92.0,0.44,0.23,2.76,2026,1,2,0.47,3,0.32,0.61,0.47,2025-11-22 14:00:00,Domestic League,0,286,52,190,52,278,293,571,0,0,-1,1,15,-1,0,2025/2026,2025,2
Italy_Serie_A_2025-2026,Adam Obert,Cagliari,Defender,23,186,76,Slovakia,5,5,10,1,0,1,0.11,2002-08-23,5,0.53,1,1,2,20,4,6,10,1.06,eu,,85.0,36.93,31.82,350.0,64.0,1.48,1.27,0.0,14.0,1160000.0,30.0,71.0,0.1,6.23,51.0,88.0,0.63,0.55,6.0,5.0,50.0,99.0,97.0,25.0,82.0,3.69,3.18,35.0,48.0,4375.0,92.0,52.0,0.84,0.73,8.0,11.0,853.0,82.0,0.11,0.09,1.0,47.0,0.53,0.45,5.0,25.0,0.32,0.27,25.0,0.11,0.09,33.0,42.0,1.0,3.0,47.0,8.76,7.55,83.0,52.0,4.54,3.91,51.0,43.0,91.0,2.22,1.91,21.0,26.0,0.53,0.45,5.0,10.0,83.0,,34.0,1.0,46.0,50.0,76.0,70.0,57.0,,80.0,0.0,0.0,,97.0,1.69,1.45,16.0,39.0,0.53,0.45,5.0,0.0,65.0,35.0,48.0,57.0,77.0,11.0,0.0,0.0,0.04,82.04,53.0,66.0,34.71,29.91,329.0,67.0,42.31,36.45,401.0,99.0,0.0,0.0,,,0.0,,,,,,,0.0,0.0,,68.58,0.0,,,0.0,0.0,,33,0.0,0.0,25.0,0.0,58.0,53.0,1.16,1.0,11.0,14.0,0.11,0.09,1.0,25.0,0.0,0.0,,11.0,0.11,0.09,0.0,0.0,1.0,88.0,2.43,2.09,99.0,0.0,0.0,,23.0,,,,,70.0,0.16,0.14,1.49,11.0,0.0,0.0,0.04,2026,0,0,0.11,0,0.0,0.0,0.0,2025-11-08 14:00:00,Domestic League,853,171,85,0,85,431,422,853,0,0,-1,19,308,70,0,2025/2026,2025,5
Italy_Serie_A_2025-2026,Michael Ijemuan Folorunsho,Cagliari,Midfielder,27,185,75,Italy,6,6,12,0,0,0,0.0,1970-01-11,1,0.09,1,1,2,17,5,8,13,1.18,eu,,43.0,4.54,4.17,50.0,41.0,0.91,0.83,0.0,10.0,2780000.0,64.0,64.0,0.0,6.48,57.0,36.0,0.09,0.08,1.0,1.0,8.0,37.0,35.0,17.0,52.0,1.36,1.25,15.0,37.0,357.14,43.0,62.0,1.27,1.17,14.0,12.0,991.0,12.0,1.82,1.67,20.0,21.0,0.91,0.83,10.0,81.0,2.27,2.08,76.0,0.82,0.75,36.0,43.0,9.0,25.0,84.0,12.26,11.25,135.0,68.0,5.18,4.75,42.0,57.0,64.0,1.45,1.33,16.0,87.0,2.18,2.0,24.0,12.0,99.0,0.0,34.0,2.0,69.0,42.0,76.0,70.0,57.0,0.0,82.0,0.09,0.08,1.0,39.0,0.45,0.42,5.0,49.0,0.73,0.67,8.0,0.0,99.0,98.0,36.0,57.0,93.0,47.0,0.08,0.07,0.87,67.52,10.0,12.0,14.35,13.17,158.0,13.0,21.25,19.5,234.0,99.0,0.0,0.0,0.0,0.0,0.0,0.0,0.0,0.0,0.0,0.0,0.0,0.0,0.0,0.0,77.75,0.0,0.0,0.0,0.0,0.0,0.0,90,0.0,21.43,35.0,0.0,58.0,54.0,1.18,1.08,13.0,69.0,1.0,0.92,11.0,52.0,0.27,0.25,3.0,65.0,1.27,1.17,0.0,0.0,14.0,50.0,1.36,1.25,99.0,0.0,0.0,0.0,15.0,0.0,0.0,0.0,0.0,12.0,0.05,0.05,0.58,46.0,0.08,0.07,0.87,2026,0,0,0.0,0,0.0,0.0,0.0,2025-11-22 14:00:00,Domestic League,0,991,76,0,83,494,497,991,0,0,-1,18,309,-1,0,2025/2026,2025,1
Italy_Serie_A_2025-2026,Sebastiano Esposito,Cagliari,Forward,23,188,75,Italy,5,6,11,0,0,0,0.0,2002-07-02,3,0.34,1,1,2,18,3,7,10,1.12,eu,,81.0,33.33,24.75,297.0,41.0,0.9,0.67,0.0,8.0,1390000.0,39.0,64.0,0.0,6.37,55.0,39.0,0.11,0.08,1.0,3.0,27.0,90.0,84.0,21.0,25.0,0.67,0.5,6.0,42.0,958.06,64.0,85.0,3.48,2.58,31.0,12.0,802.0,26.0,1.23,0.92,11.0,15.0,1.01,0.75,9.0,67.0,1.46,1.08,74.0,0.79,0.58,53.0,71.0,7.0,13.0,79.0,11.56,8.58,103.0,70.0,5.27,3.92,45.0,47.0,91.0,2.24,1.67,20.0,71.0,1.57,1.17,14.0,11.0,96.0,0.0,34.0,2.0,69.0,68.0,76.0,88.0,81.0,0.0,96.0,0.22,0.17,2.0,34.0,0.34,0.25,3.0,82.0,1.46,1.08,13.0,0.0,87.0,47.0,42.0,77.0,69.0,77.0,0.24,0.18,2.13,72.6,19.0,21.0,17.84,13.25,159.0,23.0,24.58,18.25,219.0,99.0,0.0,0.0,0.0,0.0,0.0,0.0,0.0,0.0,0.0,0.0,0.0,0.0,0.0,0.0,76.48,0.0,0.0,0.0,0.0,0.0,0.0,94,0.0,20.0,35.0,13.33,77.0,50.0,1.12,0.83,10.0,82.0,1.35,1.0,12.0,57.0,0.34,0.25,3.0,74.0,1.68,1.25,0.0,7.5,15.0,79.0,2.02,1.5,99.0,0.0,0.0,0.0,18.0,0.0,0.0,0.0,0.0,38.0,0.09,0.07,0.83,76.0,0.24,0.18,2.13,2026,0,2,0.22,2,0.0,0.39,0.22,2025-11-22 14:00:00,Domestic League,0,267,80,401,73,344,457,801,0,0,-1,4,68,-1,0,2025/2026,2025,3
Italy_Serie_A_2025-2026,Riyad Idrissi,Cagliari,Midfielder,22,0,0,Morocco,4,4,8,0,0,0,0.0,2003-03-31,1,0.33,1,0,1,13,2,4,6,2.0,eu,,75.0,25.0,6.25,75.0,14.0,0.33,0.08,0.0,1.0,349000.0,11.0,64.0,0.0,4.35,9.0,68.0,0.33,0.08,1.0,1.0,12.0,60.0,83.0,7.0,85.0,4.0,1.0,12.0,1.0,576.92,51.0,90.0,4.33,1.08,13.0,12.0,270.0,66.0,0.33,0.08,1.0,3.0,1.67,0.42,5.0,63.0,1.33,0.33,69.0,0.67,0.17,50.0,69.0,2.0,4.0,41.0,8.33,2.08,25.0,31.0,3.67,0.92,44.0,11.0,20.0,0.67,0.17,2.0,15.0,0.33,0.08,1.0,2.0,4.0,6.0,95.0,0.0,17.0,80.0,98.0,70.0,89.0,0.0,80.0,0.0,0.0,0.0,77.0,1.0,0.25,3.0,78.0,1.33,0.33,4.0,0.0,30.0,48.0,1.0,68.0,0.0,76.0,0.22,0.06,0.67,75.0,25.0,35.0,22.0,5.5,66.0,36.0,29.33,7.33,88.0,99.0,0.0,0.0,0.0,0.0,0.0,0.0,0.0,0.0,0.0,0.0,0.0,0.0,0.0,0.0,52.26,0.0,0.0,0.0,0.0,0.0,0.0,3,0.0,100.0,99.0,100.0,99.0,93.0,2.67,0.67,8.0,12.0,0.0,0.0,0.0,56.0,0.33,0.08,1.0,21.0,0.33,0.08,0.0,1.0,1.0,86.0,2.33,0.58,99.0,0.0,0.0,0.0,7.0,0.0,0.0,0.0,0.0,51.0,0.11,0.03,0.34,74.0,0.22,0.06,0.67,2026,1,0,0.33,1,0.76,0.0,0.33,2025-10-30 17:30:00,Domestic League,0,270,45,270,34,119,151,270,0,0,-1,6,-1,-1,0,2025/2026,2025,1
Italy_Serie_A_2025-2026,Luca Mazzitelli,Cagliari,Midfielder,30,184,76,Italy,3,2,5,0,0,0,0.0,1970-01-10,2,3.33,1,0,1,20,0,1,1,1.67,eu,,99.0,169.81,9.09,100.0,99.0,5.09,0.27,0.0,3.0,3240000.0,67.0,64.0,0.0,2.36,0.0,35.0,0.0,0.0,0.0,2.0,40.0,98.0,99.0,25.0,78.0,3.4,0.18,2.0,6.0,9999.99,99.0,66.0,1.7,0.09,1.0,11.0,53.0,14.0,1.7,0.09,1.0,2.0,1.7,0.09,1.0,13.0,0.0,0.0,20.0,0.0,0.0,0.0,20.0,0.0,0.0,94.0,15.28,0.82,9.0,91.0,6.79,0.36,44.0,4.0,99.0,5.09,0.27,3.0,76.0,1.7,0.09,1.0,0.0,0.0,5.0,90.0,0.0,17.0,42.0,76.0,70.0,57.0,0.0,80.0,0.0,0.0,0.0,15.0,0.0,0.0,0.0,89.0,1.7,0.09,1.0,0.0,4.0,30.0,6.0,57.0,0.0,11.0,0.0,0.0,0.0,78.38,36.0,87.0,49.25,2.64,29.0,94.0,62.83,3.36,37.0,99.0,0.0,0.0,0.0,0.0,0.0,0.0,0.0,0.0,0.0,0.0,0.0,0.0,0.0,0.0,26.01,0.0,0.0,0.0,0.0,0.0,0.0,4,0.0,0.0,25.0,0.0,58.0,86.0,1.7,0.09,1.0,12.0,0.0,0.0,0.0,25.0,0.0,0.0,0.0,10.0,0.0,0.0,0.0,0.0,0.0,65.0,1.7,0.09,99.0,0.0,0.0,0.0,1.0,0.0,0.0,0.0,0.0,80.0,0.19,0.01,0.11,11.0,0.0,0.0,0.0,2026,0,0,0.0,0,0.0,0.0,0.0,1970-01-01 00:00:00,Domestic League,0,27,54,0,11,18,36,54,0,0,-1,15,-1,-1,0,2025/2026,2025,2
Italy_Serie_A_2025-2026,Semih Kılıçsoy,Cagliari,Forward,20,0,0,Turkey,2,2,4,0,0,0,0.0,2005-08-15,1,1.53,0,0,0,0,0,1,1,1.53,eu,,99.0,150.0,8.33,100.0,3.0,0.0,0.0,0.0,0.0,700000.0,17.0,64.0,0.0,2.16,0.0,35.0,0.0,0.0,0.0,1.0,25.0,88.0,99.0,1.0,3.0,0.0,0.0,0.0,10.0,9999.99,99.0,65.0,1.5,0.08,1.0,12.0,60.0,1.0,3.0,0.17,2.0,99.0,0.0,0.0,0.0,90.0,3.0,0.17,91.0,1.5,0.08,50.0,69.0,1.0,2.0,99.0,18.0,1.0,12.0,16.0,3.0,0.17,16.0,2.0,98.0,3.0,0.17,2.0,69.0,1.5,0.08,1.0,0.0,0.0,4.0,86.0,0.0,17.0,42.0,76.0,70.0,57.0,0.0,80.0,0.0,0.0,0.0,15.0,0.0,0.0,0.0,99.0,4.5,0.25,3.0,0.0,2.0,30.0,10.0,57.0,0.0,11.0,0.0,0.0,0.0,70.0,13.0,4.0,10.5,0.58,7.0,3.0,15.0,0.83,10.0,99.0,0.0,0.0,0.0,0.0,0.0,0.0,0.0,0.0,0.0,0.0,0.0,0.0,0.0,0.0,25.94,0.0,0.0,0.0,0.0,0.0,0.0,9,0.0,0.0,25.0,0.0,58.0,94.0,3.0,0.17,2.0,12.0,0.0,0.0,0.0,25.0,0.0,0.0,0.0,10.0,0.0,0.0,0.0,0.0,0.0,7.0,0.0,0.0,99.0,0.0,0.0,0.0,0.0,0.0,0.0,0.0,0.0,73.0,0.17,0.01,0.11,11.0,0.0,0.0,0.0,2026,0,0,0.0,0,0.0,0.0,0.0,1970-01-01 00:00:00,Domestic League,0,59,59,0,15,38,21,59,0,0,-1,17,-1,-1,0,2025/2026,2025,1
Italy_Serie_A_2025-2026,Gianluca Gaetano,Cagliari,Midfielder,25,175,74,Italy,5,6,11,0,1,1,0.23,1970-01-12,1,0.23,1,1,2,18,2,4,6,1.36,eu,,78.0,28.27,11.36,125.0,33.0,0.68,0.27,0.0,3.0,1160000.0,30.0,90.0,0.09,6.67,64.0,35.0,0.0,0.0,0.0,1.0,9.0,45.0,64.0,21.0,26.0,0.68,0.27,3.0,20.0,961.54,65.0,79.0,2.94,1.18,13.0,11.0,398.0,8.0,2.04,0.82,9.0,6.0,1.36,0.55,6.0,76.0,1.81,0.73,70.0,0.68,0.27,37.0,46.0,3.0,8.0,75.0,11.08,4.45,49.0,51.0,4.52,1.82,40.0,20.0,86.0,2.04,0.82,9.0,85.0,2.04,0.82,9.0,4.0,22.0,7.0,98.0,3.0,86.0,69.0,76.0,70.0,57.0,0.0,80.0,0.0,0.0,0.0,72.0,0.9,0.36,4.0,70.0,1.13,0.45,5.0,0.0,87.0,68.0,20.0,57.0,19.0,75.0,0.21,0.08,0.91,78.24,35.0,64.0,34.15,13.73,151.0,69.0,43.64,17.55,193.0,99.0,0.0,0.0,0.0,0.0,0.0,0.0,0.0,0.0,0.0,0.0,0.0,0.0,0.0,0.0,73.42,0.0,0.0,0.0,0.0,0.0,0.0,10,0.0,38.46,69.0,0.0,58.0,81.0,1.58,0.64,7.0,93.0,1.81,0.73,8.0,94.0,1.13,0.45,5.0,93.0,2.94,1.18,0.0,0.0,13.0,41.0,1.13,0.45,99.0,0.0,0.0,0.0,5.0,0.0,0.0,0.0,0.0,90.0,0.25,0.1,1.09,73.0,0.21,0.08,0.91,2026,0,0,0.23,0,0.0,0.0,0.0,2025-11-08 14:00:00,Domestic League,398,398,66,0,36,232,166,398,0,0,-1,16,310,-1,0,2025/2026,2025,1
Italy_Serie_A_2025-2026,Velizar-Iliasv Svetozarov Iliev,Cagliari,Midfielder,20,0,0,Bulgaria,0,0,0,0,0,0,0.0,2005-07-20,0,0.0,0,0,0,0,0,0,0,0.0,eu,,,,,,,,,,,,,,,,,,,,,,,,,,,,,,,,,,,,,,,,,,,,,,,,,,,,,,,,,,,,,,,,,,,,,,,,,,,,,,,,,,,,,,,,,,,,,,,,,,,,,,,,,,,,,,,,,,,,,,,,,,,,,,,,,,,,,,,,,,,,,,,,,,,,,,,,,,,,,,,,,,,,,,,,,,,,,,,,,,,,,,,2026,0,0,0.0,0,0.0,0.0,0.0,1970-01-01 00:00:00,Domestic League,0,0,0,0,0,0,0,0,0,0,-1,-1,-1,-1,0,2025/2026,2025,0
Italy_Serie_A_2025-2026,Mattia Felici,Cagliari,Midfielder,24,180,74,Italy,5,5,10,0,1,1,0.23,1970-01-12,2,0.46,1,1,2,20,1,5,6,1.39,eu,,93.0,50.34,18.08,217.0,9.0,0.23,0.08,0.0,1.0,580000.0,15.0,90.0,0.1,5.61,30.0,35.0,0.0,0.0,0.0,2.0,20.0,79.0,93.0,25.0,16.0,0.46,0.17,2.0,17.0,986.36,65.0,95.0,5.1,1.83,22.0,12.0,388.0,16.0,1.62,0.58,7.0,35.0,0.7,0.25,3.0,95.0,3.71,1.33,86.0,1.16,0.42,31.0,36.0,5.0,16.0,86.0,12.53,4.5,54.0,60.0,4.87,1.75,38.0,21.0,88.0,2.09,0.75,9.0,64.0,1.39,0.5,6.0,4.0,22.0,6.0,95.0,1.0,46.0,95.0,91.0,93.0,95.0,0.0,80.0,0.0,0.0,0.0,84.0,1.16,0.42,5.0,91.0,1.86,0.67,8.0,0.0,65.0,38.0,18.0,62.0,18.0,95.0,0.45,0.16,1.96,67.39,9.0,12.0,14.38,5.17,62.0,14.0,21.34,7.67,92.0,99.0,0.0,0.0,0.0,0.0,0.0,0.0,0.0,0.0,0.0,0.0,0.0,0.0,0.0,0.0,67.35,0.0,0.0,0.0,0.0,0.0,0.0,17,0.0,62.5,95.0,25.0,92.0,82.0,1.62,0.58,7.0,57.0,0.7,0.25,3.0,94.0,1.16,0.42,5.0,76.0,1.86,0.67,0.0,4.0,8.0,82.0,2.09,0.75,99.0,0.0,0.0,0.0,9.0,0.0,0.0,0.0,0.0,88.0,0.23,0.08,1.01,93.0,0.45,0.16,1.96,2026,1,1,0.7,2,0.45,0.48,0.46,2025-11-22 14:00:00,Domestic League,388,194,65,194,39,200,188,388,0,0,-1,2,17,-1,0,2025/2026,2025,2
Italy_Serie_A_2025-2026,Alessandro Di Pardo,Cagliari,Defender,26,182,76,Italy,2,0,2,0,0,0,0.0,1970-01-11,0,0.0,0,0,0,0,1,0,1,1.76,eu,,41.0,0.0,0.0,0.0,3.0,0.0,0.0,0.0,0.0,349000.0,11.0,64.0,0.0,1.27,0.0,99.0,1.76,0.1,1.0,0.0,0.0,31.0,30.0,1.0,92.0,5.29,0.3,3.0,3.0,0.0,41.0,18.0,0.0,0.0,0.0,10.0,51.0,99.0,0.0,0.0,0.0,0.0,3.53,0.2,2.0,13.0,0.0,0.0,20.0,0.0,0.0,0.0,20.0,0.0,0.0,10.0,5.29,0.3,3.0,7.0,1.76,0.1,33.0,1.0,6.0,0.0,0.0,0.0,2.0,0.0,0.0,0.0,0.0,0.0,2.0,66.0,0.0,17.0,42.0,76.0,70.0,57.0,0.0,80.0,0.0,0.0,0.0,15.0,0.0,0.0,0.0,12.0,0.0,0.0,0.0,0.0,0.0,30.0,3.0,57.0,0.0,57.0,0.11,0.01,0.06,75.0,25.0,32.0,21.18,1.2,12.0,32.0,28.24,1.6,16.0,99.0,0.0,0.0,0.0,0.0,0.0,0.0,0.0,0.0,0.0,0.0,0.0,0.0,0.0,0.0,12.72,0.0,0.0,0.0,0.0,0.0,0.0,18,0.0,0.0,25.0,0.0,58.0,95.0,3.53,0.2,2.0,91.0,1.76,0.1,1.0,25.0,0.0,0.0,0.0,75.0,1.76,0.1,0.0,0.0,1.0,67.0,1.76,0.1,99.0,0.0,0.0,0.0,1.0,0.0,0.0,0.0,0.0,12.0,0.05,0.0,0.03,56.0,0.11,0.01,0.06,2026,0,0,0.0,0,0.0,0.0,0.0,1970-01-01 00:00:00,Domestic League,0,0,51,0,26,51,0,51,0,0,-1,14,-1,-1,0,2025/2026,2025,0
Italy_Serie_A_2025-2026,Nicolò Cavuoti,Cagliari,Midfielder,22,177,0,Italy,1,0,1,0,0,0,0.0,2003-04-04,0,0.0,0,0,0,0,0,0,0,0.0,eu,,41.0,0.0,0.0,0.0,3.0,0.0,0.0,0.0,0.0,460000.0,13.0,64.0,0.0,0.51,0.0,35.0,0.0,0.0,0.0,0.0,0.0,31.0,30.0,1.0,99.0,11.25,0.08,1.0,99.0,0.0,41.0,18.0,0.0,0.0,0.0,12.0,8.0,0.0,22.5,0.17,2.0,99.0,0.0,0.0,0.0,99.0,11.25,0.08,20.0,0.0,0.0,0.0,20.0,0.0,1.0,99.0,45.0,0.33,4.0,1.0,0.0,0.0,0.0,0.0,99.0,11.25,0.08,1.0,2.0,0.0,0.0,0.0,0.0,0.0,1.0,51.0,0.0,17.0,42.0,76.0,70.0,57.0,0.0,80.0,0.0,0.0,0.0,15.0,0.0,0.0,0.0,12.0,0.0,0.0,0.0,0.0,0.0,30.0,0.0,57.0,0.0,11.0,0.0,0.0,0.0,100.0,99.0,5.0,11.25,0.08,1.0,1.0,11.25,0.08,1.0,99.0,0.0,0.0,0.0,0.0,0.0,0.0,0.0,0.0,0.0,0.0,0.0,0.0,0.0,0.0,6.15,0.0,0.0,0.0,0.0,0.0,0.0,21,0.0,0.0,25.0,0.0,58.0,0.0,0.0,0.0,0.0,12.0,0.0,0.0,0.0,25.0,0.0,0.0,0.0,10.0,0.0,0.0,0.0,0.0,0.0,7.0,0.0,0.0,99.0,0.0,0.0,0.0,0.0,0.0,0.0,0.0,0.0,0.0,0.0,0.0,0.0,11.0,0.0,0.0,0.0,2026,0,0,0.0,0,0.0,0.0,0.0,1970-01-01 00:00:00,Domestic League,0,0,0,0,8,8,0,8,0,0,-1,13,-1,-1,0,2025/2026,2025,0
Italy_Serie_A_2025-2026,Alessandro Vinciguerra,Cagliari,Forward,20,0,0,Italy,0,0,0,0,0,0,0.0,2005-08-18,0,0.0,0,0,0,0,0,0,0,0.0,eu,,,,,,,,,,,,,,,,,,,,,,,,,,,,,,,,,,,,,,,,,,,,,,,,,,,,,,,,,,,,,,,,,,,,,,,,,,,,,,,,,,,,,,,,,,,,,,,,,,,,,,,,,,,,,,,,,,,,,,,,,,,,,,,,,,,,,,,,,,,,,,,,,,,,,,,,,,,,,,,,,,,,,,,,,,,,,,,,,,,,,,,2026,0,0,0.0,0,0.0,0.0,0.0,1970-01-01 00:00:00,Domestic League,0,0,0,0,0,0,0,0,0,0,-1,-1,-1,-1,0,2025/2026,2025,0
Italy_Serie_A_2025-2026,Giuseppe Ciocci,Cagliari,Goalkeeper,23,0,0,Italy,0,0,0,0,0,0,0.0,2002-01-24,0,0.0,0,0,0,0,0,0,0,0.0,eu,,,,,,,,,,,,,,,,,,,,,,,,,,,,,,,,,,,,,,,,,,,,,,,,,,,,,,,,,,,,,,,,,,,,,,,,,,,,,,,,,,,,,,,,,,,,,,,,,,,,,,,,,,,,,,,,,,,,,,,,,,,,,,,,,,,,,,,,,,,,,,,,,,,,,,,,,,,,,,,,,,,,,,,,,,,,,,,,,,,,,,,2026,0,0,0.0,0,0.0,0.0,0.0,1970-01-01 00:00:00,Domestic League,0,0,0,0,0,0,0,0,0,0,-1,-1,-1,-1,0,2025/2026,2025,0
Italy_Serie_A_2025-2026,Zito André Sebastião Luvumbo,Cagliari,Forward,23,171,65,Angola,5,4,9,0,0,0,0.0,2002-03-09,0,0.0,1,0,1,11,0,3,3,1.35,eu,,99.0,90.45,22.22,200.0,20.0,0.45,0.11,0.0,1.0,1390000.0,39.0,64.0,0.0,6.53,57.0,35.0,0.0,0.0,0.0,0.0,0.0,31.0,30.0,5.0,14.0,0.45,0.11,1.0,20.0,6666.67,95.0,64.0,1.36,0.33,3.0,9.0,199.0,3.0,2.26,0.56,5.0,21.0,0.9,0.22,2.0,87.0,2.71,0.67,56.0,0.45,0.11,16.0,21.0,1.0,6.0,91.0,13.57,3.33,30.0,87.0,6.33,1.56,46.0,14.0,56.0,1.36,0.33,3.0,99.0,5.43,1.33,12.0,0.0,0.0,9.0,99.0,0.0,17.0,42.0,76.0,70.0,57.0,0.0,80.0,0.0,0.0,0.0,39.0,0.45,0.11,1.0,59.0,0.9,0.22,2.0,0.0,45.0,30.0,21.0,57.0,0.0,87.0,0.33,0.08,0.73,75.0,25.0,4.0,10.85,2.67,24.0,3.0,14.47,3.56,32.0,99.0,0.0,0.0,0.0,0.0,0.0,0.0,0.0,0.0,0.0,0.0,0.0,0.0,0.0,0.0,58.73,0.0,0.0,0.0,0.0,0.0,0.0,77,0.0,57.14,93.0,0.0,58.0,92.0,2.26,0.56,5.0,82.0,1.36,0.33,3.0,99.0,1.81,0.44,4.0,95.0,3.17,0.78,0.0,0.0,7.0,7.0,0.0,0.0,99.0,0.0,0.0,0.0,0.0,0.0,0.0,0.0,0.0,20.0,0.06,0.01,0.13,86.0,0.33,0.08,0.73,2026,0,0,0.0,0,0.0,0.0,0.0,1970-01-01 00:00:00,Domestic League,0,0,67,0,22,110,90,200,0,0,-1,12,-1,-1,0,2025/2026,2025,0
Italy_Serie_A_2025-2026,Domilson Cordeiro dos Santos,Fiorentina,Defender,27,0,0,Brazil,6,6,12,0,0,0,0.0,1970-01-11,2,0.18,2,0,2,17,7,10,17,1.49,eu,,66.0,20.16,19.17,230.0,19.0,0.44,0.42,0.0,5.0,2400000.0,60.0,64.0,0.0,6.74,71.0,35.0,0.0,0.0,0.0,2.0,17.0,67.0,57.0,17.0,43.0,1.14,1.08,13.0,11.0,489.36,48.0,88.0,4.12,3.92,47.0,12.0,1027.0,50.0,0.61,0.58,7.0,47.0,0.53,0.5,6.0,83.0,2.37,2.25,85.0,1.14,1.08,48.0,59.0,13.0,27.0,34.0,7.89,7.5,90.0,50.0,4.47,4.25,56.0,51.0,17.0,0.61,0.58,7.0,83.0,1.93,1.83,22.0,12.0,99.0,0.0,34.0,2.0,69.0,42.0,76.0,70.0,57.0,0.0,80.0,0.0,0.0,0.0,76.0,0.96,0.92,11.0,57.0,0.88,0.83,10.0,0.0,99.0,78.0,11.0,57.0,94.0,44.0,0.07,0.06,0.76,77.59,33.0,40.0,23.66,22.5,270.0,38.0,30.5,29.0,348.0,99.0,0.0,0.0,0.0,0.0,0.0,0.0,0.0,0.0,0.0,0.0,0.0,0.0,0.0,0.0,80.84,0.0,0.0,0.0,0.0,0.0,0.0,2,0.0,15.38,29.0,0.0,58.0,85.0,1.67,1.58,19.0,67.0,0.96,0.92,11.0,39.0,0.18,0.17,2.0,60.0,1.14,1.08,0.0,0.0,13.0,32.0,0.96,0.92,99.0,0.0,0.0,0.0,11.0,0.0,0.0,0.0,0.0,32.0,0.08,0.08,0.92,43.0,0.07,0.06,0.76,2026,0,0,0.0,0,0.0,0.0,0.0,2025-11-22 17:00:00,Domestic League,0,514,60,0,86,540,487,1027,0,0,-1,14,311,115,0,2025/2026,2025,2
Italy_Serie_A_2025-2026,Marin Pongracic,Fiorentina,Defender,28,189,85,Germany,5,6,11,0,0,0,0.0,1970-01-11,4,0.36,2,0,2,18,4,10,14,1.27,eu,,41.0,0.0,0.0,0.0,52.0,1.18,1.08,0.0,13.0,3360000.0,67.0,64.0,0.0,6.17,48.0,89.0,0.64,0.58,7.0,4.0,36.0,96.0,87.0,21.0,72.0,2.64,2.42,29.0,27.0,0.0,41.0,26.0,0.18,0.17,2.0,12.0,990.0,77.0,0.18,0.17,2.0,85.0,0.09,0.08,1.0,45.0,0.82,0.75,68.0,0.64,0.58,77.0,92.0,7.0,9.0,28.0,7.36,6.75,81.0,33.0,3.73,3.42,50.0,41.0,95.0,2.45,2.25,27.0,56.0,1.18,1.08,13.0,11.0,96.0,0.0,34.0,1.0,46.0,42.0,76.0,70.0,57.0,0.0,80.0,0.0,0.0,0.0,94.0,1.55,1.42,17.0,31.0,0.36,0.33,4.0,0.0,87.0,45.0,28.0,57.0,93.0,28.0,0.03,0.02,0.28,88.98,86.0,86.0,47.73,43.75,525.0,85.0,53.64,49.17,590.0,99.0,0.0,0.0,0.0,0.0,0.0,0.0,0.0,0.0,0.0,0.0,0.0,0.0,0.0,0.0,73.99,0.0,0.0,0.0,0.0,0.0,0.0,5,0.0,0.0,25.0,0.0,58.0,74.0,1.45,1.33,16.0,40.0,0.45,0.42,5.0,25.0,0.0,0.0,0.0,27.0,0.45,0.42,0.0,0.0,5.0,25.0,0.73,0.67,99.0,0.0,0.0,0.0,8.0,0.0,0.0,0.0,0.0,51.0,0.11,0.1,1.23,28.0,0.03,0.02,0.28,2026,0,0,0.0,0,0.0,0.0,0.0,2025-11-22 17:00:00,Domestic League,0,248,71,0,90,450,540,990,0,0,-1,17,312,98,0,2025/2026,2025,4
Italy_Serie_A_2025-2026,Luca Ranieri,Fiorentina,Defender,32,187,74,Italy,5,6,11,0,0,0,0.0,1970-01-09,4,0.4,2,0,2,18,4,10,14,1.41,eu,,57.0,15.07,12.5,150.0,69.0,1.61,1.33,0.0,16.0,2780000.0,64.0,64.0,0.0,6.2,49.0,52.0,0.2,0.17,2.0,4.0,36.0,96.0,89.0,21.0,85.0,4.02,3.33,40.0,16.0,1153.85,69.0,63.0,1.31,1.08,13.0,12.0,896.0,83.0,0.1,0.08,1.0,50.0,0.5,0.42,5.0,44.0,0.8,0.67,62.0,0.5,0.42,62.0,82.0,5.0,8.0,38.0,8.04,6.67,80.0,69.0,5.22,4.33,65.0,52.0,44.0,1.1,0.92,11.0,65.0,1.41,1.17,14.0,11.0,96.0,0.0,34.0,1.0,46.0,47.0,76.0,73.0,61.0,0.0,80.0,0.0,0.0,0.0,52.0,0.6,0.5,6.0,27.0,0.3,0.25,3.0,0.0,87.0,42.0,17.0,97.0,81.0,57.0,0.11,0.09,1.08,84.18,63.0,78.0,41.69,34.58,415.0,80.0,49.52,41.08,493.0,9.0,0.1,0.08,1.0,0.0,0.0,0.0,0.0,0.0,0.0,0.0,0.0,0.0,0.0,0.0,74.4,0.0,0.0,0.0,0.0,0.0,0.0,6,0.0,28.57,49.0,14.29,80.0,70.0,1.41,1.17,14.0,46.0,0.5,0.42,5.0,42.0,0.2,0.17,2.0,43.0,0.7,0.58,0.0,7.0,7.0,69.0,1.81,1.5,99.0,0.0,0.0,0.0,18.0,0.0,0.0,0.0,0.0,44.0,0.1,0.08,0.95,56.0,0.11,0.09,1.08,2026,0,1,0.1,1,0.0,0.18,0.1,2025-11-22 17:00:00,Domestic League,0,224,64,896,81,382,514,896,0,0,-1,4,129,108,0,2025/2026,2025,4
Italy_Serie_A_2025-2026,Simon Solomon Junior Sohm,Fiorentina,Midfielder,24,188,85,Switzerland,6,4,10,1,0,1,0.19,1970-01-12,2,0.37,2,0,2,20,2,5,7,1.3,eu,,62.0,18.6,9.09,100.0,59.0,1.3,0.64,0.0,7.0,2090000.0,54.0,86.0,0.1,5.49,26.0,72.0,0.37,0.18,2.0,2.0,20.0,79.0,87.0,25.0,21.0,0.56,0.27,3.0,24.0,5000.0,94.0,39.0,0.37,0.18,2.0,11.0,484.0,43.0,0.74,0.36,4.0,79.0,0.19,0.09,1.0,69.0,1.49,0.73,85.0,1.12,0.55,75.0,91.0,6.0,8.0,80.0,11.71,5.73,63.0,62.0,5.02,2.45,42.0,27.0,87.0,2.05,1.0,11.0,80.0,1.86,0.91,10.0,6.0,42.0,4.0,86.0,2.0,69.0,64.0,76.0,70.0,57.0,0.0,80.0,0.0,0.0,0.0,50.0,0.56,0.27,3.0,76.0,1.3,0.64,7.0,0.0,65.0,43.0,24.0,57.0,31.0,22.0,0.02,0.01,0.12,88.57,83.0,66.0,34.59,16.91,186.0,61.0,39.05,19.09,210.0,99.0,0.0,0.0,0.0,0.0,0.0,0.0,0.0,0.0,0.0,0.0,0.0,0.0,0.0,0.0,60.39,0.0,0.0,0.0,0.0,0.0,0.0,7,0.0,0.0,25.0,0.0,58.0,85.0,1.67,0.82,9.0,32.0,0.37,0.18,2.0,25.0,0.0,0.0,0.0,23.0,0.37,0.18,0.0,0.0,2.0,40.0,1.12,0.55,99.0,0.0,0.0,0.0,6.0,0.0,0.0,0.0,0.0,88.0,0.23,0.11,1.21,22.0,0.02,0.01,0.12,2026,0,0,0.19,0,0.0,0.0,0.0,2025-11-22 17:00:00,Domestic League,484,242,69,0,48,287,197,484,0,0,-1,22,300,-1,0,2025/2026,2025,2
Italy_Serie_A_2025-2026,Albert Guðmundsson,Fiorentina,Forward,28,177,80,Iceland,6,4,10,1,0,1,0.15,1970-01-11,2,0.3,2,0,2,20,3,4,7,1.06,eu,,83.0,35.18,21.18,233.0,20.0,0.45,0.27,0.0,3.0,3530000.0,69.0,80.0,0.1,6.04,41.0,46.0,0.15,0.09,1.0,2.0,20.0,79.0,79.0,25.0,23.0,0.6,0.36,4.0,48.0,3328.57,88.0,57.0,1.06,0.64,7.0,11.0,596.0,13.0,1.81,1.09,12.0,42.0,0.6,0.36,4.0,60.0,1.21,0.73,42.0,0.3,0.18,25.0,29.0,2.0,8.0,22.0,6.95,4.18,46.0,9.0,1.96,1.18,28.0,13.0,68.0,1.51,0.91,10.0,43.0,0.91,0.55,6.0,7.0,54.0,3.0,78.0,2.0,69.0,87.0,82.0,90.0,87.0,0.0,80.0,0.0,0.0,0.0,15.0,0.0,0.0,0.0,43.0,0.6,0.36,4.0,0.0,65.0,52.0,48.0,70.0,46.0,28.0,0.03,0.02,0.19,87.01,76.0,30.0,20.23,12.18,134.0,20.0,23.26,14.0,154.0,99.0,0.0,0.0,0.0,0.0,0.0,2.0,0.0,0.0,2.0,0.0,0.0,0.0,0.0,0.0,66.44,0.0,0.0,0.0,0.0,0.0,0.0,10,0.0,40.0,72.0,40.0,98.0,46.0,1.06,0.64,7.0,40.0,0.45,0.27,3.0,54.0,0.3,0.18,2.0,46.0,0.76,0.45,0.0,2.5,5.0,13.0,0.3,0.18,99.0,0.0,0.0,0.0,2.0,0.0,0.0,0.0,0.0,66.0,0.15,0.09,1.01,76.0,0.24,0.14,1.59,2026,1,1,0.45,2,0.23,0.43,0.3,2025-11-09 14:00:00,Domestic League,596,298,85,298,60,386,210,596,2,0,100,2,43,-1,0,2025/2026,2025,2
Italy_Serie_A_2025-2026,Pietro Comuzzo,Fiorentina,Midfielder,20,0,0,Italy,3,3,6,0,0,0,0.0,2005-02-20,0,0.0,1,0,1,17,3,4,7,1.68,eu,,41.0,0.0,0.0,0.0,75.0,1.85,0.67,0.0,8.0,2410000.0,60.0,64.0,0.0,3.31,2.0,90.0,0.69,0.25,3.0,0.0,0.0,31.0,30.0,17.0,95.0,6.0,2.17,26.0,5.0,0.0,41.0,18.0,0.0,0.0,0.0,12.0,390.0,72.0,0.23,0.08,1.0,20.0,0.92,0.33,4.0,13.0,0.0,0.0,20.0,0.0,0.0,0.0,20.0,0.0,0.0,25.0,7.15,2.58,31.0,38.0,3.92,1.42,54.0,17.0,59.0,1.38,0.5,6.0,9.0,0.23,0.08,1.0,5.0,32.0,1.0,51.0,3.0,86.0,42.0,76.0,70.0,57.0,0.0,80.0,0.0,0.0,0.0,99.0,2.08,0.75,9.0,22.0,0.23,0.08,1.0,0.0,9.0,30.0,6.0,57.0,16.0,28.0,0.03,0.01,0.14,88.24,81.0,66.0,34.62,12.5,150.0,61.0,39.23,14.17,170.0,2.0,0.23,0.08,1.0,0.0,0.0,0.0,0.0,0.0,0.0,0.0,0.0,0.0,0.0,0.0,39.77,0.0,0.0,0.0,0.0,0.0,0.0,15,0.0,0.0,25.0,0.0,58.0,82.0,1.62,0.58,7.0,56.0,0.69,0.25,3.0,25.0,0.0,0.0,0.0,41.0,0.69,0.25,0.0,0.0,3.0,72.0,1.85,0.67,99.0,0.0,0.0,0.0,8.0,0.0,0.0,0.0,0.0,28.0,0.07,0.03,0.32,28.0,0.03,0.01,0.14,2026,0,0,0.0,0,0.0,0.0,0.0,2025-11-02 14:00:00,Domestic League,0,0,54,0,63,198,178,376,0,0,-1,21,313,-1,0,2025/2026,2025,0
Italy_Serie_A_2025-2026,Moise Bioty Kean,Fiorentina,Forward,25,182,67,Italy,5,6,11,0,1,1,0.09,1970-01-12,2,0.18,2,0,2,18,4,10,14,1.29,eu,,41.0,0.0,0.0,0.0,42.0,0.92,0.91,0.0,10.0,6150000.0,87.0,67.0,0.09,6.67,64.0,36.0,0.09,0.09,1.0,2.0,18.0,72.0,57.0,21.0,16.0,0.46,0.45,5.0,24.0,0.0,41.0,32.0,0.28,0.27,3.0,11.0,977.0,13.0,1.75,1.73,19.0,85.0,0.09,0.09,1.0,91.0,3.13,3.09,84.0,1.11,1.09,35.0,42.0,12.0,34.0,73.0,10.87,10.73,118.0,57.0,4.79,4.73,44.0,52.0,45.0,1.11,1.09,12.0,91.0,2.4,2.36,26.0,11.0,96.0,0.0,34.0,1.0,46.0,76.0,76.0,84.0,74.0,0.0,93.0,0.18,0.18,2.0,35.0,0.37,0.36,4.0,13.0,0.09,0.09,1.0,0.0,87.0,74.0,24.0,83.0,89.0,89.0,0.34,0.34,3.71,73.26,21.0,1.0,5.8,5.73,63.0,0.0,7.92,7.82,86.0,99.0,0.0,0.0,0.0,0.0,0.0,1.0,0.0,0.0,1.0,0.0,0.0,0.0,0.0,0.0,73.36,0.0,0.0,0.0,0.0,0.0,0.0,20,0.0,26.83,44.0,4.88,59.0,75.0,1.47,1.45,16.0,98.0,2.76,2.73,30.0,90.0,1.01,1.0,11.0,98.0,3.78,3.73,0.0,20.5,41.0,14.0,0.37,0.36,99.0,0.0,0.0,0.0,4.0,0.0,0.0,0.0,0.0,28.0,0.07,0.07,0.75,91.0,0.41,0.4,4.41,2026,0,2,0.28,2,0.0,0.33,0.18,2025-11-22 17:00:00,Domestic League,977,489,70,489,89,437,540,977,1,0,100,3,86,-1,0,2025/2026,2025,2
Italy_Serie_A_2025-2026,Robin Gosens,Fiorentina,Midfielder,31,183,76,Germany,5,4,9,0,0,0,0.0,1970-01-09,1,0.12,2,0,2,22,3,8,11,1.36,eu,,74.0,24.76,22.22,200.0,83.0,2.35,2.11,0.0,19.0,4630000.0,83.0,64.0,0.0,6.82,76.0,81.0,0.5,0.44,4.0,1.0,11.0,57.0,44.0,29.0,68.0,2.23,2.0,18.0,20.0,1176.47,69.0,70.0,2.1,1.89,17.0,9.0,727.0,63.0,0.37,0.33,3.0,40.0,0.62,0.56,5.0,33.0,0.5,0.44,27.0,0.12,0.11,25.0,29.0,1.0,4.0,61.0,9.9,8.89,80.0,54.0,4.7,4.22,47.0,38.0,28.0,0.87,0.78,7.0,53.0,1.11,1.0,9.0,9.0,73.0,0.0,34.0,2.0,69.0,53.0,81.0,70.0,68.0,0.0,80.0,0.0,0.0,0.0,69.0,0.87,0.78,7.0,56.0,0.87,0.78,7.0,0.0,45.0,87.0,20.0,90.0,62.0,62.0,0.13,0.12,1.04,70.93,15.0,29.0,19.93,17.89,161.0,32.0,28.1,25.22,227.0,99.0,0.0,0.0,0.0,0.0,0.0,0.0,0.0,0.0,0.0,0.0,0.0,0.0,0.0,0.0,61.39,0.0,0.0,0.0,0.0,0.0,0.0,21,0.0,33.33,61.0,16.67,84.0,76.0,1.49,1.33,12.0,46.0,0.5,0.44,4.0,50.0,0.25,0.22,2.0,45.0,0.74,0.67,0.0,6.0,6.0,57.0,1.49,1.33,99.0,0.0,0.0,0.0,12.0,0.0,0.0,0.0,0.0,28.0,0.07,0.07,0.6,61.0,0.13,0.12,1.04,2026,1,0,0.12,1,0.22,0.0,0.12,2025-10-29 19:45:00,Domestic League,0,727,66,727,81,404,323,727,0,0,-1,6,111,-1,0,2025/2026,2025,1
Italy_Serie_A_2025-2026,Cher Ndour,Fiorentina,Midfielder,21,190,0,Italy,4,4,8,0,0,0,0.0,2004-07-27,0,0.0,1,0,1,13,3,1,4,1.16,eu,,41.0,0.0,0.0,0.0,51.0,1.16,0.33,0.0,4.0,1390000.0,39.0,64.0,0.0,4.29,8.0,94.0,0.87,0.25,3.0,0.0,0.0,31.0,30.0,7.0,43.0,1.16,0.33,4.0,39.0,0.0,41.0,70.0,2.03,0.58,7.0,12.0,310.0,21.0,1.45,0.42,5.0,99.0,0.0,0.0,0.0,82.0,2.32,0.67,42.0,0.29,0.08,12.0,20.0,1.0,8.0,61.0,9.87,2.83,34.0,34.0,3.77,1.08,38.0,13.0,28.0,0.87,0.25,3.0,67.0,1.45,0.42,5.0,3.0,9.0,5.0,90.0,2.0,69.0,42.0,76.0,70.0,57.0,0.0,80.0,0.0,0.0,0.0,91.0,1.45,0.42,5.0,12.0,0.0,0.0,0.0,0.0,30.0,30.0,39.0,57.0,5.0,22.0,0.02,0.01,0.06,74.07,23.0,39.0,23.23,6.67,80.0,40.0,31.35,9.0,108.0,99.0,0.0,0.0,0.0,0.0,0.0,0.0,0.0,0.0,0.0,0.0,0.0,0.0,0.0,0.0,51.47,0.0,0.0,0.0,0.0,0.0,0.0,27,0.0,0.0,25.0,0.0,58.0,53.0,1.16,0.33,4.0,28.0,0.29,0.08,1.0,25.0,0.0,0.0,0.0,19.0,0.29,0.08,0.0,0.0,1.0,30.0,0.87,0.25,99.0,0.0,0.0,0.0,3.0,0.0,0.0,0.0,0.0,20.0,0.06,0.02,0.19,22.0,0.02,0.01,0.06,2026,0,0,0.0,0,0.0,0.0,0.0,2025-11-02 14:00:00,Domestic League,0,0,78,0,39,175,135,310,0,0,-1,20,315,-1,0,2025/2026,2025,0
Italy_Serie_A_2025-2026,David de Gea Quintana,Fiorentina,Goalkeeper,35,192,76,Spain,6,6,12,0,0,0,0.0,1970-01-08,0,0.0,2,0,2,17,7,10,17,1.42,eu,,41.0,0.0,0.0,0.0,18.0,0.42,0.42,0.0,5.0,6950000.0,92.0,64.0,0.0,6.81,76.0,35.0,0.0,0.0,0.0,0.0,0.0,31.0,30.0,17.0,25.0,0.67,0.67,8.0,16.0,0.0,41.0,18.0,0.0,0.0,0.0,12.0,1080.0,99.0,0.0,0.0,0.0,99.0,0.0,0.0,0.0,13.0,0.0,0.0,20.0,0.0,0.0,0.0,20.0,0.0,0.0,5.0,0.58,0.58,7.0,5.0,0.5,0.5,85.0,6.0,6.0,0.0,0.0,0.0,10.0,0.25,0.25,3.0,12.0,99.0,0.0,34.0,0.0,17.0,42.0,76.0,70.0,57.0,0.0,80.0,0.0,0.0,0.0,15.0,0.0,0.0,0.0,12.0,0.0,0.0,0.0,0.0,99.0,30.0,17.0,57.0,99.0,11.0,0.0,0.0,0.0,68.14,11.0,27.0,19.25,19.25,231.0,32.0,28.25,28.25,339.0,99.0,0.0,0.0,0.0,0.0,0.0,0.0,0.0,1.0,0.0,0.0,38.0,0.42,0.42,5.0,81.76,67.24,40.0,72.0,3.25,3.25,39.0,43,0.0,0.0,25.0,0.0,58.0,99.0,4.83,4.83,58.0,12.0,0.0,0.0,0.0,25.0,0.0,0.0,0.0,10.0,0.0,0.0,0.0,0.0,0.0,7.0,0.0,0.0,99.0,0.0,0.0,0.0,0.0,0.0,0.0,0.0,0.0,7.0,0.04,0.04,0.43,11.0,0.0,0.0,0.0,2026,0,0,0.0,0,0.0,0.0,0.0,2025-11-22 17:00:00,Domestic League,0,0,64,0,90,540,540,1080,0,0,-1,19,316,109,0,2025/2026,2025,0
Italy_Serie_A_2025-2026,Nicolò Fagioli,Fiorentina,Midfielder,24,178,73,Italy,4,5,9,0,0,0,0.0,1970-01-12,2,0.34,1,0,1,11,5,8,13,2.19,eu,,82.0,33.71,16.67,200.0,3.0,0.0,0.0,0.0,0.0,4160000.0,79.0,64.0,0.0,5.04,18.0,69.0,0.34,0.17,2.0,2.0,22.0,83.0,84.0,5.0,31.0,0.84,0.42,5.0,0.0,1111.11,68.0,81.0,3.03,1.5,18.0,12.0,534.0,33.0,1.01,0.5,6.0,15.0,1.01,0.5,6.0,39.0,0.67,0.33,46.0,0.34,0.17,50.0,69.0,2.0,4.0,19.0,6.74,3.33,40.0,17.0,3.03,1.5,45.0,18.0,49.0,1.18,0.58,7.0,56.0,1.18,0.58,7.0,6.0,42.0,3.0,78.0,3.0,86.0,42.0,76.0,70.0,57.0,0.0,80.0,0.0,0.0,0.0,56.0,0.67,0.33,4.0,84.0,1.52,0.75,9.0,0.0,45.0,47.0,0.0,57.0,39.0,22.0,0.02,0.01,0.09,89.41,89.0,87.0,48.37,23.92,287.0,86.0,54.1,26.75,321.0,99.0,0.0,0.0,0.0,0.0,0.0,0.0,0.0,0.0,0.0,0.0,0.0,0.0,0.0,0.0,60.53,0.0,0.0,0.0,0.0,0.0,0.0,44,0.0,0.0,25.0,0.0,58.0,93.0,2.53,1.25,15.0,30.0,0.34,0.17,2.0,25.0,0.0,0.0,0.0,21.0,0.34,0.17,0.0,0.0,2.0,58.0,1.52,0.75,99.0,0.0,0.0,0.0,9.0,0.0,0.0,0.0,0.0,73.0,0.17,0.08,1.01,22.0,0.02,0.01,0.09,2026,0,0,0.0,0,0.0,0.0,0.0,2025-11-22 17:00:00,Domestic League,0,267,41,0,59,251,283,534,0,0,-1,18,317,-1,0,2025/2026,2025,2
Italy_Serie_A_2025-2026,Luca Lezzerini,Fiorentina,Goalkeeper,30,195,86,Italy,0,0,0,0,0,0,0.0,1970-01-10,0,0.0,0,0,0,0,0,0,0,0.0,eu,,,,,,,,,,,,,,,,,,,,,,,,,,,,,,,,,,,,,,,,,,,,,,,,,,,,,,,,,,,,,,,,,,,,,,,,,,,,,,,,,,,,,,,,,,,,,,,,,,,,,,,,,,,,,,,,,,,,,,,,,,,,,,,,,,,,,,,,,,,,,,,,,,,,,,,,,,,,,,,,,,,,,,,,,,,,,,,,,,,,,,,2026,0,0,0.0,0,0.0,0.0,0.0,1970-01-01 00:00:00,Domestic League,0,0,0,0,0,0,0,0,0,0,-1,-1,-1,-1,0,2025/2026,2025,0
Italy_Serie_A_2025-2026,Rolando Mandragora,Fiorentina,Midfielder,28,183,76,Italy,6,6,12,0,0,0,0.0,1970-01-11,1,0.1,2,0,2,17,6,8,14,1.45,eu,,69.0,21.54,17.33,208.0,69.0,1.66,1.33,0.0,16.0,3700000.0,72.0,64.0,0.0,6.97,84.0,54.0,0.21,0.17,2.0,1.0,8.0,37.0,38.0,17.0,52.0,1.35,1.08,13.0,13.0,670.97,54.0,84.0,3.21,2.58,31.0,12.0,869.0,49.0,0.62,0.5,6.0,48.0,0.52,0.42,5.0,34.0,0.52,0.42,34.0,0.21,0.17,40.0,52.0,2.0,5.0,58.0,9.63,7.75,93.0,83.0,6.01,4.83,62.0,58.0,78.0,1.76,1.42,17.0,89.0,2.28,1.83,22.0,10.0,83.0,2.0,66.0,3.0,86.0,79.0,80.0,90.0,88.0,0.0,80.0,0.0,0.0,0.0,67.0,0.83,0.67,8.0,74.0,1.24,1.0,12.0,0.0,99.0,93.0,13.0,70.0,78.0,87.0,0.33,0.26,3.16,78.24,35.0,50.0,27.55,22.17,266.0,53.0,35.21,28.33,340.0,99.0,0.0,0.0,0.0,0.0,0.0,0.0,0.0,0.0,0.0,0.0,0.0,0.0,0.0,0.0,83.66,0.0,0.0,0.0,0.0,0.0,0.0,8,0.0,41.18,73.0,17.65,84.0,78.0,1.55,1.25,15.0,71.0,1.04,0.83,10.0,80.0,0.72,0.58,7.0,75.0,1.76,1.42,0.0,5.67,17.0,81.0,2.07,1.67,99.0,0.0,0.0,0.0,20.0,0.0,0.0,0.0,0.0,38.0,0.09,0.08,0.91,86.0,0.33,0.26,3.16,2026,1,2,0.31,3,0.2,0.43,0.31,2025-11-22 17:00:00,Domestic League,0,869,62,290,72,454,415,869,0,0,-1,1,41,-1,0,2025/2026,2025,1
Italy_Serie_A_2025-2026,Edin Džeko,Fiorentina,Forward,39,193,80,Bosnia and Herzegovina,5,5,10,0,0,0,0.0,1970-01-06,1,0.41,2,0,2,20,1,3,4,1.66,eu,,89.0,41.47,8.33,100.0,99.0,7.47,1.5,0.0,18.0,3700000.0,72.0,64.0,0.0,4.93,17.0,35.0,0.0,0.0,0.0,1.0,10.0,52.0,90.0,25.0,70.0,2.49,0.5,6.0,6.0,9999.99,99.0,40.0,0.41,0.08,1.0,12.0,217.0,26.0,1.24,0.25,3.0,99.0,0.0,0.0,0.0,78.0,2.07,0.42,76.0,0.83,0.17,40.0,52.0,2.0,5.0,97.0,17.42,3.5,42.0,99.0,10.78,2.17,61.0,26.0,27.0,0.83,0.17,2.0,85.0,2.07,0.42,5.0,2.0,4.0,8.0,99.0,6.0,99.0,42.0,76.0,70.0,57.0,0.0,80.0,0.0,0.0,0.0,37.0,0.41,0.08,1.0,54.0,0.83,0.17,2.0,0.0,65.0,40.0,6.0,57.0,0.0,60.0,0.12,0.02,0.28,72.73,20.0,39.0,23.23,4.67,56.0,42.0,31.94,6.42,77.0,99.0,0.0,0.0,0.0,0.0,0.0,0.0,0.0,0.0,0.0,0.0,0.0,0.0,0.0,0.0,59.19,0.0,0.0,0.0,0.0,0.0,0.0,9,0.0,25.0,44.0,0.0,58.0,92.0,2.07,0.42,5.0,77.0,1.24,0.25,3.0,63.0,0.41,0.08,1.0,73.0,1.66,0.33,0.0,0.0,4.0,16.0,0.41,0.08,99.0,0.0,0.0,0.0,1.0,0.0,0.0,0.0,0.0,44.0,0.1,0.02,0.23,59.0,0.12,0.02,0.28,2026,0,0,0.0,0,0.0,0.0,0.0,2025-11-02 14:00:00,Domestic League,0,217,54,0,22,48,169,217,0,0,-1,16,-1,-1,0,2025/2026,2025,1
Italy_Serie_A_2025-2026,Abdelhamid Sabiri,Fiorentina,Midfielder,28,183,80,Morocco,0,1,1,0,0,0,0.0,1970-01-10,0,0.0,0,0,0,0,0,0,0,0.0,eu,,99.0,173.08,7.14,50.0,3.0,0.0,0.0,0.0,0.0,1850000.0,48.0,64.0,0.0,0.99,0.0,35.0,0.0,0.0,0.0,0.0,0.0,31.0,30.0,1.0,3.0,0.0,0.0,0.0,99.0,1250.0,73.0,99.0,13.85,0.57,4.0,7.0,26.0,0.0,3.46,0.14,1.0,0.0,3.46,0.14,1.0,13.0,0.0,0.0,20.0,0.0,0.0,0.0,20.0,0.0,0.0,99.0,20.77,0.86,6.0,99.0,10.38,0.43,50.0,3.0,99.0,3.46,0.14,1.0,98.0,3.46,0.14,1.0,0.0,0.0,1.0,51.0,0.0,17.0,42.0,76.0,70.0,57.0,0.0,80.0,0.0,0.0,0.0,15.0,0.0,0.0,0.0,99.0,10.38,0.43,3.0,0.0,0.0,30.0,0.0,57.0,0.0,75.0,0.21,0.01,0.06,68.42,12.0,83.0,45.0,1.86,13.0,96.0,65.77,2.71,19.0,99.0,0.0,0.0,0.0,0.0,0.0,0.0,0.0,0.0,0.0,0.0,0.0,0.0,0.0,0.0,6.96,0.0,0.0,0.0,0.0,0.0,0.0,11,0.0,0.0,25.0,0.0,58.0,0.0,0.0,0.0,0.0,99.0,3.46,0.14,1.0,25.0,0.0,0.0,0.0,97.0,3.46,0.14,0.0,0.0,1.0,99.0,6.92,0.29,99.0,0.0,0.0,0.0,2.0,0.0,0.0,0.0,0.0,99.0,0.52,0.02,0.15,73.0,0.21,0.01,0.06,2026,0,0,0.0,0,0.0,0.0,0.0,1970-01-01 00:00:00,Domestic League,0,0,0,0,26,0,26,26,0,0,-1,15,-1,-1,0,2025/2026,2025,0
Italy_Serie_A_2025-2026,Pablo Marí Villar,Fiorentina,Defender,32,191,87,Spain,5,3,8,0,0,0,0.0,1970-01-09,2,0.28,1,0,1,13,7,5,12,1.68,eu,,41.0,0.0,0.0,0.0,75.0,1.82,1.08,0.0,13.0,2560000.0,62.0,64.0,0.0,4.4,9.0,93.0,0.84,0.5,6.0,2.0,25.0,88.0,76.0,7.0,88.0,4.62,2.75,33.0,5.0,0.0,41.0,18.0,0.0,0.0,0.0,12.0,643.0,99.0,0.0,0.0,0.0,57.0,0.42,0.25,3.0,18.0,0.14,0.08,20.0,0.0,0.0,0.0,20.0,0.0,1.0,39.0,8.12,4.83,58.0,43.0,4.2,2.5,51.0,30.0,80.0,1.82,1.08,13.0,54.0,1.12,0.67,8.0,7.0,54.0,1.0,51.0,1.0,46.0,42.0,76.0,70.0,57.0,0.0,80.0,0.0,0.0,0.0,99.0,2.52,1.5,18.0,17.0,0.14,0.08,1.0,0.0,30.0,55.0,6.0,57.0,51.0,15.0,0.01,0.01,0.06,91.46,96.0,78.0,41.99,25.0,300.0,75.0,45.91,27.33,328.0,6.0,0.14,0.08,1.0,0.0,0.0,0.0,0.0,0.0,0.0,0.0,0.0,0.0,0.0,0.0,52.77,0.0,0.0,0.0,0.0,0.0,0.0,18,0.0,0.0,25.0,0.0,58.0,90.0,1.82,1.08,13.0,17.0,0.14,0.08,1.0,25.0,0.0,0.0,0.0,13.0,0.14,0.08,0.0,0.0,1.0,45.0,1.26,0.75,99.0,0.0,0.0,0.0,9.0,0.0,0.0,0.0,0.0,38.0,0.09,0.06,0.66,15.0,0.01,0.01,0.06,2026,0,0,0.0,0,0.0,0.0,0.0,2025-11-22 17:00:00,Domestic League,0,322,54,0,80,388,255,643,0,0,-1,7,318,126,0,2025/2026,2025,2
Italy_Serie_A_2025-2026,Jacopo Fazzini,Fiorentina,Midfielder,22,0,0,Italy,6,4,10,0,0,0,0.0,2003-03-16,0,0.0,2,0,2,20,4,2,6,1.41,eu,,98.0,70.5,25.0,300.0,51.0,1.17,0.42,0.0,5.0,2780000.0,64.0,64.0,0.0,5.48,25.0,35.0,0.0,0.0,0.0,0.0,0.0,31.0,30.0,25.0,16.0,0.47,0.17,2.0,16.0,6000.0,94.0,58.0,1.17,0.42,5.0,12.0,383.0,3.0,2.35,0.83,10.0,35.0,0.7,0.25,3.0,88.0,2.82,1.0,80.0,0.94,0.33,33.0,42.0,4.0,12.0,94.0,15.51,5.5,66.0,93.0,7.28,2.58,46.0,31.0,31.0,0.94,0.33,4.0,90.0,2.35,0.83,10.0,4.0,22.0,6.0,95.0,1.0,46.0,42.0,76.0,70.0,57.0,0.0,80.0,0.0,0.0,0.0,74.0,0.94,0.33,4.0,79.0,1.41,0.5,6.0,0.0,65.0,30.0,17.0,57.0,17.0,57.0,0.11,0.04,0.46,76.86,31.0,35.0,21.85,7.75,93.0,33.0,28.43,10.08,121.0,99.0,0.0,0.0,0.0,0.0,0.0,0.0,0.0,0.0,0.0,0.0,0.0,0.0,0.0,0.0,65.74,0.0,0.0,0.0,0.0,0.0,0.0,22,0.0,14.29,28.0,0.0,58.0,83.0,1.64,0.58,7.0,83.0,1.41,0.5,6.0,45.0,0.23,0.08,1.0,72.0,1.64,0.58,0.0,0.0,7.0,94.0,2.82,1.0,99.0,0.0,0.0,0.0,12.0,0.0,0.0,0.0,0.0,38.0,0.09,0.03,0.38,56.0,0.11,0.04,0.46,2026,0,0,0.0,0,0.0,0.0,0.0,2025-10-19 18:45:00,Domestic League,0,0,64,0,38,215,168,383,0,0,-1,13,319,-1,0,2025/2026,2025,0
Italy_Serie_A_2025-2026,Eman Košpo,Fiorentina,Midfielder,18,191,0,Switzerland,0,0,0,0,0,0,0.0,2007-05-17,0,0.0,0,0,0,0,0,0,0,0.0,eu,,,,,,,,,,,,,,,,,,,,,,,,,,,,,,,,,,,,,,,,,,,,,,,,,,,,,,,,,,,,,,,,,,,,,,,,,,,,,,,,,,,,,,,,,,,,,,,,,,,,,,,,,,,,,,,,,,,,,,,,,,,,,,,,,,,,,,,,,,,,,,,,,,,,,,,,,,,,,,,,,,,,,,,,,,,,,,,,,,,,,,,2026,0,0,0.0,0,0.0,0.0,0.0,1970-01-01 00:00:00,Domestic League,0,0,0,0,0,0,0,0,0,0,-1,-1,-1,-1,0,2025/2026,2025,0
Italy_Serie_A_2025-2026,Amir Richardson,Fiorentina,Midfielder,23,195,0,France,0,0,0,0,0,0,0.0,2002-01-24,0,0.0,0,0,0,0,0,0,0,0.0,eu,,,,,,,,,,,,,,,,,,,,,,,,,,,,,,,,,,,,,,,,,,,,,,,,,,,,,,,,,,,,,,,,,,,,,,,,,,,,,,,,,,,,,,,,,,,,,,,,,,,,,,,,,,,,,,,,,,,,,,,,,,,,,,,,,,,,,,,,,,,,,,,,,,,,,,,,,,,,,,,,,,,,,,,,,,,,,,,,,,,,,,,2026,0,0,0.0,0,0.0,0.0,0.0,1970-01-01 00:00:00,Domestic League,0,0,0,0,0,0,0,0,0,0,-1,-1,-1,-1,0,2025/2026,2025,0
Italy_Serie_A_2025-2026,,Fiorentina,Midfielder,0,0,0,,3,3,6,0,0,0,0.0,1970-01-01,2,1.03,0,0,0,0,2,0,2,1.03,eu,,41.0,0.0,0.0,0.0,78.0,2.05,0.36,0.0,4.0,0.0,8.0,64.0,0.0,2.87,1.0,82.0,0.51,0.09,1.0,1.0,17.0,67.0,99.0,1.0,85.0,4.09,0.73,8.0,51.0,0.0,41.0,18.0,0.0,0.0,0.0,11.0,176.0,99.0,0.0,0.0,0.0,15.0,1.02,0.18,2.0,34.0,0.51,0.09,20.0,0.0,0.0,0.0,20.0,0.0,1.0,92.0,14.32,2.55,28.0,92.0,7.16,1.27,50.0,14.0,98.0,3.07,0.55,6.0,47.0,1.02,0.18,2.0,1.0,0.0,5.0,90.0,0.0,17.0,42.0,76.0,70.0,57.0,0.0,80.0,0.0,0.0,0.0,44.0,0.51,0.09,1.0,12.0,0.0,0.0,0.0,0.0,9.0,30.0,51.0,57.0,0.0,11.0,0.0,0.0,0.0,83.33,58.0,73.0,38.35,6.82,75.0,75.0,46.02,8.18,90.0,0.0,0.51,0.09,1.0,0.0,0.0,0.0,0.0,0.0,0.0,0.0,0.0,0.0,0.0,0.0,31.55,0.0,0.0,0.0,0.0,0.0,0.0,26,0.0,0.0,25.0,0.0,58.0,91.0,2.05,0.36,4.0,12.0,0.0,0.0,0.0,25.0,0.0,0.0,0.0,10.0,0.0,0.0,0.0,0.0,0.0,99.0,4.09,0.73,99.0,0.0,0.0,0.0,8.0,0.0,0.0,0.0,0.0,32.0,0.08,0.01,0.16,11.0,0.0,0.0,0.0,2026,0,0,0.0,0,0.0,0.0,0.0,2025-10-29 19:45:00,Domestic League,0,88,88,0,29,154,21,175,0,0,-1,12,-1,-1,1,2025/2026,2025,2
Italy_Serie_A_2025-2026,Niccolò Fortini,Fiorentina,Midfielder,19,185,0,Italy,2,5,7,0,0,0,0.0,2006-02-13,0,0.0,0,0,0,0,3,2,5,1.38,eu,,91.0,46.1,13.92,167.0,49.0,1.1,0.33,0.0,4.0,212000.0,9.0,64.0,0.0,3.88,6.0,65.0,0.28,0.08,1.0,0.0,0.0,31.0,30.0,1.0,41.0,1.1,0.33,4.0,18.0,1043.75,67.0,91.0,4.42,1.33,16.0,12.0,326.0,53.0,0.55,0.17,2.0,1.0,1.93,0.58,7.0,93.0,3.31,1.0,90.0,1.38,0.42,41.0,53.0,5.0,12.0,95.0,16.01,4.83,58.0,99.0,9.11,2.75,56.0,33.0,44.0,1.1,0.33,4.0,94.0,2.76,0.83,10.0,2.0,4.0,5.0,90.0,1.0,46.0,42.0,76.0,70.0,57.0,0.0,80.0,0.0,0.0,0.0,49.0,0.55,0.17,2.0,54.0,0.83,0.25,3.0,0.0,18.0,30.0,18.0,57.0,6.0,47.0,0.08,0.02,0.28,87.27,77.0,46.0,26.5,8.0,96.0,38.0,30.37,9.17,110.0,99.0,0.0,0.0,0.0,0.0,0.0,0.0,0.0,0.0,0.0,0.0,0.0,0.0,0.0,0.0,46.59,0.0,0.0,0.0,0.0,0.0,0.0,29,0.0,25.0,44.0,0.0,58.0,84.0,1.66,0.5,6.0,62.0,0.83,0.25,3.0,53.0,0.28,0.08,1.0,59.0,1.1,0.33,0.0,0.0,4.0,99.0,4.14,1.25,99.0,0.0,0.0,0.0,15.0,0.0,0.0,0.0,0.0,28.0,0.07,0.02,0.27,46.0,0.08,0.02,0.28,2026,0,0,0.0,0,0.0,0.0,0.0,2025-11-09 14:00:00,Domestic League,0,0,65,0,47,78,248,326,0,0,-1,11,320,-1,0,2025/2026,2025,0
Italy_Serie_A_2025-2026,Tommaso Martinelli,Fiorentina,Midfielder,19,0,0,Italy,0,0,0,0,0,0,0.0,2006-01-06,0,0.0,0,0,0,0,0,0,0,0.0,eu,,,,,,,,,,,,,,,,,,,,,,,,,,,,,,,,,,,,,,,,,,,,,,,,,,,,,,,,,,,,,,,,,,,,,,,,,,,,,,,,,,,,,,,,,,,,,,,,,,,,,,,,,,,,,,,,,,,,,,,,,,,,,,,,,,,,,,,,,,,,,,,,,,,,,,,,,,,,,,,,,,,,,,,,,,,,,,,,,,,,,,,2026,0,0,0.0,0,0.0,0.0,0.0,1970-01-01 00:00:00,Domestic League,0,0,0,0,0,0,0,0,0,0,-1,-1,-1,-1,0,2025/2026,2025,0
Italy_Serie_A_2025-2026,Eddy Nda Konan Kouadio,Fiorentina,Midfielder,19,0,0,Ivory Coast,1,1,2,0,0,0,0.0,2006-05-30,0,0.0,1,0,1,50,0,0,0,0.0,eu,,41.0,0.0,0.0,0.0,3.0,0.0,0.0,0.0,0.0,110000.0,8.0,64.0,0.0,1.19,0.0,35.0,0.0,0.0,0.0,0.0,0.0,31.0,30.0,90.0,52.0,1.38,0.09,1.0,99.0,0.0,41.0,64.0,1.38,0.09,1.0,11.0,65.0,99.0,0.0,0.0,0.0,99.0,0.0,0.0,0.0,88.0,2.77,0.18,90.0,1.38,0.09,50.0,69.0,1.0,2.0,41.0,8.31,0.55,6.0,76.0,5.54,0.36,66.0,4.0,59.0,1.38,0.09,1.0,64.0,1.38,0.09,1.0,0.0,0.0,2.0,66.0,0.0,17.0,42.0,76.0,70.0,57.0,0.0,80.0,0.0,0.0,0.0,15.0,0.0,0.0,0.0,12.0,0.0,0.0,0.0,0.0,0.0,30.0,0.0,57.0,0.0,11.0,0.0,0.0,0.0,83.33,58.0,31.0,20.77,1.36,15.0,24.0,24.92,1.64,18.0,99.0,0.0,0.0,0.0,0.0,0.0,0.0,0.0,0.0,0.0,0.0,0.0,0.0,0.0,0.0,13.07,0.0,0.0,0.0,0.0,0.0,0.0,60,0.0,0.0,25.0,0.0,58.0,0.0,0.0,0.0,0.0,12.0,0.0,0.0,0.0,25.0,0.0,0.0,0.0,10.0,0.0,0.0,0.0,0.0,0.0,94.0,2.77,0.18,99.0,0.0,0.0,0.0,2.0,0.0,0.0,0.0,0.0,7.0,0.04,0.0,0.03,11.0,0.0,0.0,0.0,2026,0,0,0.0,0,0.0,0.0,0.0,1970-01-01 00:00:00,Domestic League,0,0,0,0,33,44,21,65,0,0,-1,10,-1,-1,0,2025/2026,2025,0
Italy_Serie_A_2025-2026,Riccardo Braschi,Fiorentina,Midfielder,19,0,0,Italy,0,0,0,0,0,0,0.0,2006-08-24,0,0.0,0,0,0,0,0,0,0,0.0,eu,,,,,,,,,,,,,,,,,,,,,,,,,,,,,,,,,,,,,,,,,,,,,,,,,,,,,,,,,,,,,,,,,,,,,,,,,,,,,,,,,,,,,,,,,,,,,,,,,,,,,,,,,,,,,,,,,,,,,,,,,,,,,,,,,,,,,,,,,,,,,,,,,,,,,,,,,,,,,,,,,,,,,,,,,,,,,,,,,,,,,,,2026,0,0,0.0,0,0.0,0.0,0.0,1970-01-01 00:00:00,Domestic League,0,0,0,0,0,0,0,0,0,0,-1,-1,-1,-1,0,2025/2026,2025,0
Italy_Serie_A_2025-2026,Fabiano Parisi,Fiorentina,Defender,25,178,72,Italy,3,1,4,0,0,0,0.0,1970-01-12,2,1.42,0,0,0,0,1,1,2,1.42,eu,,41.0,0.0,0.0,0.0,79.0,2.13,0.25,0.0,3.0,3710000.0,72.0,64.0,0.0,2.13,0.0,91.0,0.71,0.08,1.0,2.0,50.0,99.0,99.0,1.0,81.0,3.54,0.42,5.0,16.0,0.0,41.0,77.0,2.83,0.33,4.0,12.0,127.0,21.0,1.42,0.17,2.0,99.0,0.0,0.0,0.0,79.0,2.13,0.25,90.0,1.42,0.17,66.0,86.0,2.0,3.0,77.0,11.34,1.33,16.0,96.0,7.8,0.92,68.0,11.0,21.0,0.71,0.08,1.0,98.0,3.54,0.42,5.0,1.0,0.0,3.0,78.0,1.0,46.0,42.0,76.0,70.0,57.0,0.0,80.0,0.0,0.0,0.0,99.0,2.13,0.25,3.0,12.0,0.0,0.0,0.0,0.0,2.0,30.0,17.0,57.0,0.0,41.0,0.06,0.01,0.08,81.63,50.0,53.0,28.35,3.33,40.0,51.0,34.72,4.08,49.0,0.0,0.71,0.08,1.0,0.0,0.0,0.0,0.0,0.0,0.0,0.0,0.0,0.0,0.0,0.0,25.54,0.0,0.0,0.0,0.0,0.0,0.0,65,0.0,0.0,25.0,0.0,58.0,92.0,2.13,0.25,3.0,84.0,1.42,0.17,2.0,25.0,0.0,0.0,0.0,67.0,1.42,0.17,0.0,0.0,2.0,23.0,0.71,0.08,99.0,0.0,0.0,0.0,1.0,0.0,0.0,0.0,0.0,12.0,0.05,0.01,0.07,41.0,0.06,0.01,0.08,2026,0,0,0.0,0,0.0,0.0,0.0,2025-11-22 17:00:00,Domestic League,0,64,64,0,32,58,69,127,0,0,-1,9,-1,-1,0,2025/2026,2025,2
Italy_Serie_A_2025-2026,Jean Butez,Como,Goalkeeper,30,188,70,France,5,6,11,0,0,0,0.0,1970-01-10,0,0.0,2,3,5,45,3,2,5,0.45,eu,,41.0,0.0,0.0,0.0,31.0,0.64,0.64,0.0,7.0,1160000.0,30.0,64.0,0.0,7.27,97.0,35.0,0.0,0.0,0.0,0.0,0.0,31.0,30.0,80.0,53.0,1.45,1.45,16.0,91.0,0.0,41.0,18.0,0.0,0.0,0.0,11.0,990.0,99.0,0.0,0.0,0.0,99.0,0.0,0.0,0.0,13.0,0.0,0.0,20.0,0.0,0.0,0.0,20.0,0.0,0.0,6.0,0.91,0.91,10.0,6.0,0.82,0.82,90.0,9.0,6.0,0.0,0.0,0.0,17.0,0.36,0.36,4.0,11.0,96.0,0.0,34.0,0.0,17.0,42.0,76.0,70.0,57.0,0.0,80.0,0.0,0.0,0.0,15.0,0.0,0.0,0.0,12.0,0.0,0.0,0.0,0.0,87.0,30.0,91.0,57.0,93.0,11.0,0.0,0.0,0.0,81.56,50.0,53.0,28.55,28.55,314.0,52.0,35.0,35.0,385.0,99.0,0.0,0.0,0.0,0.0,0.0,0.0,0.0,0.0,0.0,0.0,52.0,0.45,0.45,5.0,80.02,84.62,96.0,68.0,3.0,3.0,33.0,1,0.0,0.0,25.0,0.0,58.0,95.0,3.55,3.55,39.0,12.0,0.0,0.0,0.0,25.0,0.0,0.0,0.0,10.0,0.0,0.0,0.0,0.0,0.0,9.0,0.09,0.09,99.0,0.0,0.0,0.0,1.0,0.0,0.0,0.0,0.0,20.0,0.06,0.06,0.62,11.0,0.0,0.0,0.0,2026,0,0,0.0,0,0.0,0.0,0.0,2025-11-08 14:00:00,Domestic League,0,0,198,0,90,450,540,990,0,0,-1,17,321,12,0,2025/2026,2025,0
Italy_Serie_A_2025-2026,Marc-Oliver Kempf,Como,Defender,30,186,87,Germany,5,5,10,0,0,0,0.0,1970-01-10,1,0.15,2,2,4,40,2,1,3,0.45,eu,,41.0,0.0,0.0,,91.0,2.98,1.82,0.0,20.0,1390000.0,39.0,64.0,0.0,5.67,31.0,98.0,1.19,0.73,8.0,1.0,10.0,52.0,49.0,64.0,92.0,5.36,3.27,36.0,91.0,0.0,41.0,18.0,0.0,0.0,,11.0,605.0,99.0,0.0,0.0,,31.0,0.74,0.45,5.0,19.0,0.15,0.09,20.0,0.0,0.0,0.0,20.0,,1.0,45.0,8.48,5.18,57.0,49.0,4.46,2.73,52.0,30.0,50.0,1.19,0.73,8.0,35.0,0.74,0.45,5.0,7.0,54.0,3.0,78.0,3.0,86.0,78.0,86.0,82.0,87.0,,80.0,0.0,0.0,,19.0,0.15,0.09,1.0,12.0,0.0,0.0,,0.0,65.0,82.0,91.0,71.0,46.0,79.0,0.25,0.15,1.66,89.66,90.0,93.0,54.15,33.09,364.0,92.0,60.4,36.91,406.0,99.0,0.0,0.0,,,0.0,,,,,,,0.0,0.0,,62.33,0.0,,,0.0,0.0,,2,0.0,50.0,89.0,33.33,97.0,13.0,0.6,0.36,4.0,40.0,0.45,0.27,3.0,65.0,0.45,0.27,3.0,49.0,0.89,0.55,0.0,3.0,6.0,25.0,0.74,0.45,99.0,0.0,0.0,,5.0,,,,,54.0,0.12,0.07,0.81,77.0,0.25,0.15,1.66,2026,1,1,0.3,2,0.32,0.28,0.3,2025-11-01 17:00:00,Domestic League,0,605,202,303,61,279,326,605,0,0,-1,2,44,11,0,2025/2026,2025,1
Italy_Serie_A_2025-2026,Álex Valle Gómez,Como,Defender,21,178,73,Spain,4,6,10,0,1,1,0.12,2004-04-25,1,0.12,1,3,4,40,2,2,4,0.48,eu,,46.0,8.94,6.82,75.0,34.0,0.72,0.55,0.0,6.0,,8.0,73.0,0.1,6.22,50.0,79.0,0.48,0.36,4.0,1.0,10.0,52.0,44.0,64.0,68.0,2.26,1.73,19.0,90.0,535.71,50.0,66.0,1.67,1.27,14.0,11.0,755.0,81.0,0.12,0.09,1.0,5.0,1.43,1.09,12.0,58.0,1.19,0.91,47.0,0.36,0.27,30.0,35.0,3.0,10.0,59.0,9.66,7.36,81.0,61.0,5.01,3.82,51.0,42.0,92.0,2.26,1.73,19.0,63.0,1.31,1.0,11.0,8.0,63.0,2.0,66.0,1.0,46.0,53.0,76.0,70.0,57.0,,80.0,0.0,0.0,,85.0,1.19,0.91,10.0,31.0,0.36,0.27,3.0,0.0,65.0,87.0,90.0,57.0,64.0,28.0,0.03,0.02,0.22,84.22,63.0,76.0,39.46,30.09,331.0,76.0,46.85,35.73,393.0,99.0,0.0,0.0,,,0.0,,,,,,,0.0,0.0,,68.37,0.0,,,0.0,0.0,,3,0.0,0.0,25.0,0.0,58.0,13.0,0.6,0.45,5.0,51.0,0.6,0.45,5.0,25.0,0.0,0.0,,35.0,0.6,0.45,0.0,0.0,5.0,91.0,2.62,2.0,99.0,0.0,0.0,,22.0,,,,,70.0,0.16,0.12,1.35,28.0,0.03,0.02,0.22,2026,0,0,0.12,0,0.0,0.0,0.0,2025-11-08 14:00:00,Domestic League,755,755,189,0,76,283,472,755,0,0,-1,21,322,13,0,2025/2026,2025,1
Italy_Serie_A_2025-2026,Nicolás Paz Martínez,Como,Midfielder,21,0,0,Argentina,5,6,11,2,2,4,0.37,2004-09-08,2,0.18,2,3,5,45,3,2,5,0.46,eu,,68.0,20.96,20.73,228.0,38.0,0.83,0.82,0.0,9.0,1120000.0,27.0,96.0,0.36,7.75,99.0,50.0,0.18,0.18,2.0,2.0,18.0,72.0,57.0,80.0,16.0,0.46,0.45,5.0,90.0,760.0,58.0,76.0,2.76,2.73,30.0,11.0,979.0,16.0,1.65,1.64,18.0,9.0,1.2,1.18,13.0,96.0,3.95,3.91,97.0,1.93,1.91,48.0,59.0,21.0,43.0,95.0,16.0,15.82,174.0,95.0,7.54,7.45,47.0,82.0,97.0,2.67,2.64,29.0,80.0,1.84,1.82,20.0,11.0,96.0,,34.0,2.0,69.0,96.0,76.0,97.0,91.0,,82.0,0.09,0.09,1.0,67.0,0.83,0.82,9.0,97.0,2.48,2.45,27.0,0.0,87.0,75.0,90.0,67.0,89.0,96.0,0.48,0.48,5.25,80.58,45.0,67.0,35.49,35.09,386.0,72.0,44.03,43.55,479.0,99.0,0.0,0.0,,,0.0,,,,,,,0.0,0.0,,85.23,0.0,,,0.0,0.0,,10,0.0,37.84,68.0,10.81,70.0,10.0,0.55,0.55,6.0,95.0,2.11,2.09,23.0,96.0,1.29,1.27,14.0,97.0,3.4,3.36,0.0,9.25,37.0,97.0,3.03,3.0,99.0,0.0,0.0,,33.0,,,,,97.0,0.38,0.38,4.18,94.0,0.48,0.48,5.25,2026,0,4,0.74,4,0.0,0.68,0.37,2025-11-08 14:00:00,Domestic League,245,490,196,245,89,450,529,979,0,0,-1,1,29,-1,0,2025/2026,2025,2
Italy_Serie_A_2025-2026,Anastasios Douvikas,Como,Forward,26,184,78,Greece,5,6,11,0,0,0,0.0,1970-01-11,0,0.0,2,3,5,45,1,1,2,0.39,eu,,41.0,0.0,0.0,,83.0,2.36,1.09,0.0,12.0,1850000.0,48.0,64.0,0.0,6.82,76.0,74.0,0.39,0.18,2.0,,,31.0,30.0,80.0,11.0,0.39,0.18,2.0,95.0,0.0,41.0,18.0,0.0,0.0,,11.0,457.0,10.0,1.97,0.91,10.0,99.0,0.0,0.0,,83.0,2.36,1.09,82.0,0.98,0.45,41.0,53.0,5.0,12.0,91.0,13.79,6.36,70.0,92.0,7.09,3.27,51.0,36.0,59.0,1.38,0.64,7.0,92.0,2.56,1.18,13.0,5.0,32.0,6.0,95.0,6.0,99.0,83.0,76.0,96.0,92.0,,80.0,0.0,0.0,,37.0,0.39,0.18,2.0,51.0,0.79,0.36,4.0,0.0,87.0,30.0,94.0,65.0,28.0,96.0,0.46,0.21,2.34,75.28,26.0,9.0,13.19,6.09,67.0,7.0,17.53,8.09,89.0,99.0,0.0,0.0,,,0.0,,,,,,,0.0,0.0,,75.03,0.0,,,0.0,0.0,,11,0.0,46.15,78.0,15.38,81.0,12.0,0.59,0.27,3.0,83.0,1.38,0.64,7.0,95.0,1.18,0.55,6.0,89.0,2.56,1.18,0.0,6.5,13.0,43.0,1.18,0.55,99.0,0.0,0.0,,6.0,,,,,20.0,0.06,0.03,0.28,94.0,0.46,0.21,2.34,2026,0,2,0.39,2,0.0,0.6,0.39,2025-10-29 17:30:00,Domestic League,0,0,229,229,42,158,299,457,0,0,-1,3,28,-1,0,2025/2026,2025,0
Italy_Serie_A_2025-2026,Jacobo Ramón Naveros,Como,Defender,20,0,0,Spain,3,6,9,0,0,0,0.0,2005-01-06,4,0.5,1,3,4,44,2,1,3,0.38,eu,,41.0,0.0,0.0,,99.0,5.01,4.0,0.0,40.0,300000.0,9.0,64.0,0.0,6.37,55.0,73.0,0.38,0.3,3.0,2.0,22.0,83.0,95.0,71.0,91.0,5.26,4.2,42.0,96.0,0.0,41.0,23.0,0.13,0.1,1.0,10.0,718.0,71.0,0.25,0.2,2.0,72.0,0.25,0.2,2.0,33.0,0.5,0.4,50.0,0.38,0.3,75.0,91.0,3.0,4.0,82.0,12.03,9.6,96.0,96.0,7.9,6.3,65.0,63.0,59.0,1.38,1.1,11.0,4.0,0.13,0.1,1.0,8.0,63.0,1.0,51.0,1.0,46.0,42.0,76.0,70.0,57.0,,80.0,0.0,0.0,,87.0,1.25,1.0,10.0,31.0,0.38,0.3,3.0,0.0,45.0,36.0,95.0,57.0,60.0,50.0,0.09,0.07,0.69,90.84,94.0,96.0,59.67,47.6,476.0,96.0,65.68,52.4,524.0,99.0,0.0,0.0,,,0.0,,,,,,,0.0,0.0,,63.66,0.0,,,0.0,0.0,,14,0.0,9.09,26.0,0.0,58.0,3.0,0.38,0.3,3.0,78.0,1.25,1.0,10.0,33.0,0.13,0.1,1.0,67.0,1.38,1.1,0.0,0.0,11.0,87.0,2.38,1.9,99.0,0.0,0.0,,19.0,,,,,63.0,0.14,0.11,1.08,49.0,0.09,0.07,0.69,2026,0,0,0.0,0,0.0,0.0,0.0,2025-11-08 14:00:00,Domestic League,0,180,239,0,80,270,448,718,0,0,-1,20,323,6,1,2025/2026,2025,3
Italy_Serie_A_2025-2026,Jesús Rodríguez Caraballo,Como,Midfielder,0,0,0,Spain,3,5,8,0,2,2,0.38,1970-01-01,2,0.38,1,2,3,38,1,1,2,0.38,eu,,47.0,9.39,6.25,50.0,44.0,0.94,0.62,0.0,5.0,1110000.0,26.0,96.0,0.25,6.69,65.0,35.0,0.0,0.0,,,,31.0,88.0,57.0,21.0,0.56,0.38,3.0,96.0,833.33,60.0,58.0,1.13,0.75,6.0,8.0,479.0,1.0,3.38,2.25,18.0,61.0,0.38,0.25,2.0,98.0,4.7,3.12,95.0,1.69,1.12,36.0,43.0,9.0,25.0,87.0,12.59,8.38,67.0,70.0,5.26,3.5,41.0,28.0,14.0,0.56,0.38,3.0,69.0,1.5,1.0,8.0,4.0,22.0,4.0,86.0,5.0,98.0,82.0,76.0,70.0,57.0,,80.0,0.0,0.0,,21.0,0.19,0.12,1.0,91.0,1.88,1.25,10.0,0.0,30.0,43.0,96.0,57.0,30.0,70.0,0.16,0.1,0.83,75.69,28.0,31.0,20.48,13.62,109.0,29.0,27.06,18.0,144.0,99.0,0.0,0.0,,,0.0,,,,,,,0.0,0.0,,53.51,0.0,,,0.0,0.0,,17,0.0,25.0,44.0,0.0,58.0,3.0,0.38,0.25,2.0,90.0,1.69,1.12,9.0,72.0,0.56,0.38,3.0,85.0,2.25,1.5,0.0,0.0,12.0,41.0,1.13,0.75,99.0,0.0,0.0,,6.0,,,,,95.0,0.33,0.22,1.74,69.0,0.16,0.1,0.83,2026,0,0,0.38,0,0.0,0.0,0.0,2025-09-27 13:00:00,Domestic League,240,240,240,0,60,142,337,479,0,0,-1,19,324,-1,1,2025/2026,2025,1
Italy_Serie_A_2025-2026,Maximo Perrone,Como,Midfielder,22,177,64,Argentina,5,5,10,0,1,1,0.12,2003-01-07,4,0.46,2,3,5,50,2,1,3,0.35,eu,,41.0,0.0,0.0,,27.0,0.58,0.45,0.0,5.0,2310000.0,58.0,73.0,0.1,6.31,54.0,41.0,0.12,0.09,1.0,4.0,40.0,98.0,93.0,90.0,34.0,0.92,0.73,8.0,97.0,0.0,41.0,22.0,0.12,0.09,1.0,11.0,779.0,81.0,0.12,0.09,1.0,9.0,1.16,0.91,10.0,31.0,0.46,0.36,27.0,0.12,0.09,25.0,29.0,1.0,4.0,31.0,7.63,6.0,66.0,26.0,3.47,2.73,45.0,30.0,91.0,2.2,1.73,19.0,40.0,0.81,0.64,7.0,9.0,73.0,1.0,51.0,3.0,86.0,69.0,81.0,70.0,68.0,,80.0,0.0,0.0,,79.0,1.04,0.82,9.0,42.0,0.58,0.45,5.0,0.0,65.0,38.0,97.0,92.0,68.0,50.0,0.09,0.07,0.82,90.92,95.0,97.0,61.35,48.27,531.0,97.0,67.47,53.09,584.0,99.0,0.0,0.0,,,0.0,,,,,,,0.0,0.0,,69.42,0.0,,,0.0,0.0,,23,0.0,33.33,61.0,33.33,97.0,5.0,0.46,0.36,4.0,23.0,0.23,0.18,2.0,32.0,0.12,0.09,1.0,22.0,0.35,0.27,0.0,3.0,3.0,77.0,1.96,1.55,99.0,0.0,0.0,,17.0,,,,,85.0,0.22,0.17,1.89,49.0,0.09,0.07,0.82,2026,1,0,0.23,1,0.22,0.0,0.12,2025-11-08 14:00:00,Domestic League,779,195,260,779,78,406,373,779,0,0,-1,6,106,-1,0,2025/2026,2025,4
Italy_Serie_A_2025-2026,Mërgim Vojvoda,Como,Defender,30,187,78,Kosovo,4,5,9,0,0,0,0.0,1970-01-10,1,0.18,1,3,4,44,2,0,2,0.36,eu,,77.0,27.72,14.0,154.0,17.0,0.36,0.18,0.0,2.0,1740000.0,45.0,64.0,0.0,5.01,18.0,50.0,0.18,0.09,1.0,1.0,11.0,57.0,57.0,71.0,62.0,1.98,1.0,11.0,96.0,905.88,62.0,82.0,3.06,1.55,17.0,11.0,500.0,64.0,0.36,0.18,2.0,46.0,0.54,0.27,3.0,48.0,0.9,0.45,63.0,0.54,0.27,60.0,80.0,3.0,5.0,10.0,5.22,2.64,29.0,8.0,1.8,0.91,34.0,10.0,63.0,1.44,0.73,8.0,26.0,0.54,0.27,3.0,7.0,54.0,2.0,66.0,1.0,46.0,62.0,76.0,84.0,74.0,,93.0,0.18,0.09,1.0,60.0,0.72,0.36,4.0,75.0,1.26,0.64,7.0,0.0,45.0,76.0,96.0,84.0,35.0,79.0,0.25,0.13,1.38,81.13,47.0,57.0,30.96,15.64,172.0,58.0,38.16,19.27,212.0,99.0,0.0,0.0,,,0.0,,,,,,,0.0,0.0,,55.08,0.0,,,0.0,0.0,,31,0.0,55.56,92.0,11.11,73.0,10.0,0.54,0.27,3.0,59.0,0.72,0.36,4.0,87.0,0.9,0.45,5.0,72.0,1.62,0.82,0.0,9.0,9.0,14.0,0.36,0.18,99.0,0.0,0.0,,2.0,,,,,54.0,0.12,0.06,0.69,77.0,0.25,0.13,1.38,2026,0,1,0.18,1,0.0,0.32,0.18,2025-10-25 13:00:00,Domestic League,0,500,250,500,56,218,282,500,0,0,-1,7,88,5,0,2025/2026,2025,1
Italy_Serie_A_2025-2026,Lucas Da Cunha,Como,Midfielder,24,0,0,France,4,5,9,0,0,0,0.0,1970-01-12,1,0.14,2,2,4,44,2,2,4,0.54,eu,,81.0,32.75,22.0,242.0,24.0,0.54,0.36,0.0,4.0,960000.0,25.0,64.0,0.0,5.61,30.0,35.0,0.0,0.0,,1.0,11.0,57.0,48.0,71.0,18.0,0.54,0.36,4.0,86.0,1210.0,71.0,75.0,2.71,1.82,20.0,11.0,665.0,36.0,0.95,0.64,7.0,18.0,0.95,0.64,7.0,69.0,1.49,1.0,75.0,0.81,0.55,54.0,72.0,6.0,11.0,36.0,7.98,5.36,59.0,23.0,3.38,2.27,42.0,25.0,56.0,1.35,0.91,10.0,40.0,0.81,0.55,6.0,7.0,54.0,2.0,66.0,3.0,86.0,42.0,76.0,70.0,57.0,,80.0,0.0,0.0,,47.0,0.54,0.36,4.0,73.0,1.22,0.82,9.0,0.0,45.0,84.0,85.0,57.0,55.0,54.0,0.1,0.07,0.74,91.8,96.0,91.0,53.05,35.64,392.0,90.0,57.79,38.82,427.0,99.0,0.0,0.0,,,0.0,,,,,,,0.0,0.0,,61.74,0.0,,,0.0,0.0,,33,0.0,50.0,89.0,0.0,58.0,10.0,0.54,0.36,4.0,48.0,0.54,0.36,4.0,71.0,0.54,0.36,4.0,57.0,1.08,0.73,0.0,0.0,8.0,44.0,1.22,0.82,99.0,0.0,0.0,,9.0,,,,,73.0,0.17,0.12,1.29,53.0,0.1,0.07,0.74,2026,0,0,0.0,0,0.0,0.0,0.0,2025-10-29 17:30:00,Domestic League,0,665,166,0,74,261,404,665,0,0,-1,18,325,-1,0,2025/2026,2025,1
Italy_Serie_A_2025-2026,Ignace Van Der Brempt,Como,Defender,23,0,0,Belgium,1,2,3,0,0,0,0.0,2002-04-01,1,0.93,0,2,2,67,0,0,0,0.0,eu,,41.0,0.0,0.0,,42.0,0.92,0.14,0.0,1.0,580000.0,15.0,64.0,0.0,1.9,,35.0,0.0,0.0,,1.0,33.0,95.0,99.0,99.0,3.0,0.0,0.0,,99.0,0.0,41.0,18.0,0.0,0.0,,7.0,98.0,99.0,0.0,0.0,,20.0,0.92,0.14,1.0,13.0,0.0,0.0,20.0,0.0,0.0,0.0,20.0,,,88.0,12.86,2.0,14.0,94.0,7.35,1.14,57.0,8.0,99.0,4.59,0.71,5.0,80.0,1.84,0.29,2.0,2.0,4.0,1.0,51.0,3.0,86.0,42.0,76.0,70.0,57.0,,80.0,0.0,0.0,,99.0,2.76,0.43,3.0,12.0,0.0,0.0,,0.0,,31.0,,57.0,,11.0,0.0,0.0,0.0,81.58,50.0,53.0,28.47,4.43,31.0,52.0,34.9,5.43,38.0,99.0,0.0,0.0,,,0.0,,,,,,,0.0,0.0,,13.31,0.0,,,0.0,0.0,,77,0.0,0.0,25.0,0.0,58.0,,0.0,0.0,,12.0,0.0,0.0,,25.0,0.0,0.0,,10.0,0.0,0.0,0.0,0.0,,99.0,4.59,0.71,99.0,0.0,0.0,,5.0,,,,,28.0,0.07,0.01,0.08,11.0,0.0,0.0,0.0,2026,0,0,0.0,0,0.0,0.0,0.0,2025-08-30 16:30:00,Domestic League,0,97,0,0,32,27,70,97,0,0,-1,14,-1,-1,0,2025/2026,2025,1
Italy_Serie_A_2025-2026,Edoardo Goldaniga,Como,Defender,32,193,87,Italy,1,0,1,0,0,0,0.0,1970-01-09,0,0.0,0,0,0,0,0,0,0,0.0,eu,,,,,,,,,,,,,,,,,,,,,,,,,,,,,,,,,,,,,,,,,,,,,,,,,,,,,,,,,,,,,,,,,,,,,,,,,,,,,,,,,,,,,,,,,,,,,,,,,,,,,,,,,,,,,,,,,,,,,,,,,,,,,,,,,,,,,,,,,,,,,,,,,,,,,,,,,,,,,,,,,,,,,,,,,,,,,,,,,,,,,,,2026,0,0,0.0,0,0.0,0.0,0.0,1970-01-01 00:00:00,Domestic League,0,0,0,0,0,0,0,0,0,0,-1,-1,-1,-1,0,2025/2026,2025,0
Italy_Serie_A_2025-2026,Maxence Caqueret,Como,Midfielder,25,174,63,France,3,6,9,0,1,1,0.19,1970-01-12,0,0.0,2,3,5,56,0,2,2,0.38,eu,,91.0,44.23,20.91,230.0,35.0,0.77,0.36,0.0,4.0,8340000.0,95.0,86.0,0.11,5.68,31.0,86.0,0.58,0.27,3.0,,,31.0,30.0,95.0,5.0,0.19,0.09,1.0,96.0,1642.86,77.0,75.0,2.69,1.27,14.0,11.0,468.0,19.0,1.54,0.73,8.0,6.0,1.35,0.64,7.0,82.0,2.31,1.09,95.0,1.73,0.82,75.0,91.0,9.0,12.0,74.0,10.96,5.18,57.0,87.0,6.35,3.0,57.0,33.0,24.0,0.77,0.36,4.0,83.0,1.92,0.91,10.0,6.0,42.0,3.0,78.0,2.0,69.0,64.0,76.0,70.0,57.0,,80.0,0.0,0.0,,76.0,0.96,0.45,5.0,92.0,1.92,0.91,10.0,0.0,45.0,30.0,95.0,57.0,29.0,44.0,0.07,0.03,0.38,87.84,79.0,88.0,50.0,23.64,260.0,88.0,56.92,26.91,296.0,99.0,0.0,0.0,,,0.0,,,,,,,0.0,0.0,,62.45,0.0,,,0.0,0.0,,6,0.0,20.0,35.0,0.0,58.0,3.0,0.38,0.18,2.0,60.0,0.77,0.36,4.0,40.0,0.19,0.09,1.0,53.0,0.96,0.45,0.0,0.0,5.0,86.0,2.31,1.09,99.0,0.0,0.0,,12.0,,,,,91.0,0.28,0.13,1.48,43.0,0.07,0.03,0.38,2026,0,0,0.19,0,0.0,0.0,0.0,2025-11-08 14:00:00,Domestic League,468,0,234,0,52,138,330,468,0,0,-1,16,326,-1,0,2025/2026,2025,0
Italy_Serie_A_2025-2026,Álvaro Borja Morata Martín,Como,Forward,33,189,85,Spain,5,6,11,0,1,1,0.17,1970-01-09,1,0.17,2,3,5,45,2,0,2,0.34,eu,,59.0,16.92,9.09,100.0,65.0,1.52,0.82,0.0,9.0,10410000.0,97.0,81.0,0.09,6.1,44.0,35.0,0.0,0.0,,1.0,9.0,45.0,53.0,80.0,17.0,0.51,0.27,3.0,97.0,1666.67,79.0,56.0,1.02,0.55,6.0,11.0,532.0,23.0,1.35,0.73,8.0,49.0,0.51,0.27,3.0,40.0,0.68,0.36,46.0,0.34,0.18,50.0,69.0,2.0,4.0,90.0,13.36,7.18,79.0,92.0,7.11,3.82,53.0,42.0,91.0,2.2,1.18,13.0,98.0,3.38,1.82,20.0,6.0,42.0,5.0,90.0,5.0,98.0,60.0,76.0,70.0,57.0,,80.0,0.0,0.0,,20.0,0.17,0.09,1.0,65.0,1.02,0.55,6.0,0.0,87.0,80.0,97.0,57.0,39.0,44.0,0.07,0.04,0.39,75.84,28.0,26.0,19.12,10.27,113.0,26.0,25.21,13.55,149.0,99.0,0.0,0.0,,1.0,0.0,,1.0,,1.0,,,0.0,0.0,,67.06,0.0,,,0.0,0.0,,7,0.0,33.33,61.0,0.0,58.0,2.0,0.34,0.18,2.0,82.0,1.35,0.73,8.0,78.0,0.68,0.36,4.0,80.0,2.03,1.09,0.0,0.0,12.0,74.0,1.86,1.0,99.0,0.0,0.0,,11.0,,,,,77.0,0.18,0.1,1.05,69.0,0.18,0.1,1.09,2026,0,0,0.17,0,0.0,0.0,0.0,2025-11-08 14:00:00,Domestic League,531,531,266,0,48,292,239,531,0,0,-1,15,314,-1,0,2025/2026,2025,1
Italy_Serie_A_2025-2026,Sergi Roberto Carnicer,Como,Defender,33,178,68,Spain,2,3,5,0,0,0,0.0,1970-01-09,2,0.98,0,1,1,20,2,0,2,0.98,eu,,99.0,98.36,40.0,200.0,45.0,0.98,0.4,0.0,2.0,2780000.0,64.0,64.0,0.0,6.63,61.0,80.0,0.49,0.2,1.0,2.0,40.0,98.0,99.0,25.0,54.0,1.48,0.6,3.0,55.0,9999.99,99.0,55.0,0.98,0.4,2.0,5.0,183.0,35.0,0.98,0.4,2.0,17.0,0.98,0.4,2.0,84.0,2.46,1.0,82.0,0.98,0.4,40.0,52.0,2.0,5.0,48.0,8.85,3.6,18.0,24.0,3.44,1.4,38.0,7.0,84.0,1.97,0.8,4.0,68.0,1.48,0.6,3.0,2.0,4.0,3.0,78.0,1.0,46.0,42.0,76.0,70.0,57.0,,80.0,0.0,0.0,,42.0,0.49,0.2,1.0,93.0,1.97,0.8,4.0,0.0,4.0,31.0,55.0,57.0,,64.0,0.14,0.06,0.28,90.07,91.0,97.0,62.46,25.4,127.0,97.0,69.34,28.2,141.0,99.0,0.0,0.0,,,0.0,,,,,,,0.0,0.0,,33.16,0.0,,,0.0,0.0,,8,0.0,20.0,35.0,0.0,58.0,75.0,1.48,0.6,3.0,94.0,1.97,0.8,4.0,67.0,0.49,0.2,1.0,87.0,2.46,1.0,0.0,0.0,5.0,7.0,0.0,0.0,99.0,0.0,0.0,,,,,,,89.0,0.24,0.1,0.49,62.0,0.14,0.06,0.28,2026,0,0,0.0,0,0.0,0.0,0.0,2025-09-27 13:00:00,Domestic League,0,92,92,0,37,134,49,183,0,0,-1,8,-1,-1,0,2025/2026,2025,2
Italy_Serie_A_2025-2026,Alessandro Gabrielloni,Como,Forward,31,178,70,Italy,0,0,0,0,0,0,0.0,1970-01-09,0,0.0,0,0,0,0,0,0,0,0.0,eu,,,,,,,,,,,,,,,,,,,,,,,,,,,,,,,,,,,,,,,,,,,,,,,,,,,,,,,,,,,,,,,,,,,,,,,,,,,,,,,,,,,,,,,,,,,,,,,,,,,,,,,,,,,,,,,,,,,,,,,,,,,,,,,,,,,,,,,,,,,,,,,,,,,,,,,,,,,,,,,,,,,,,,,,,,,,,,,,,,,,,,,2026,0,0,0.0,0,0.0,0.0,0.0,1970-01-01 00:00:00,Domestic League,0,0,0,0,0,0,0,0,0,0,-1,-1,-1,-1,0,2025/2026,2025,0
Italy_Serie_A_2025-2026,Henrique Menke Lopes,Como,Midfielder,18,0,0,Brazil,0,0,0,0,0,0,0.0,2007-01-12,0,0.0,0,0,0,0,0,0,0,0.0,eu,,,,,,,,,,,,,,,,,,,,,,,,,,,,,,,,,,,,,,,,,,,,,,,,,,,,,,,,,,,,,,,,,,,,,,,,,,,,,,,,,,,,,,,,,,,,,,,,,,,,,,,,,,,,,,,,,,,,,,,,,,,,,,,,,,,,,,,,,,,,,,,,,,,,,,,,,,,,,,,,,,,,,,,,,,,,,,,,,,,,,,,2026,0,0,0.0,0,0.0,0.0,0.0,1970-01-01 00:00:00,Domestic League,0,0,0,0,0,0,0,0,0,0,-1,-1,-1,-1,0,2025/2026,2025,0
Italy_Serie_A_2025-2026,Fellipe Jack Ozilio Moreira Pacheco,Como,Midfielder,19,0,0,Brazil,0,0,0,0,0,0,0.0,2006-01-12,0,0.0,0,0,0,0,0,0,0,0.0,eu,,,,,,,,,,,,,,,,,,,,,,,,,,,,,,,,,,,,,,,,,,,,,,,,,,,,,,,,,,,,,,,,,,,,,,,,,,,,,,,,,,,,,,,,,,,,,,,,,,,,,,,,,,,,,,,,,,,,,,,,,,,,,,,,,,,,,,,,,,,,,,,,,,,,,,,,,,,,,,,,,,,,,,,,,,,,,,,,,,,,,,,2026,0,0,0.0,0,0.0,0.0,0.0,1970-01-01 00:00:00,Domestic League,0,0,0,0,0,0,0,0,0,0,-1,-1,-1,-1,0,2025/2026,2025,0
Italy_Serie_A_2025-2026,Alberto Moreno Pérez,Como,Defender,33,171,65,Spain,1,1,2,0,0,0,0.0,1970-01-09,1,0.57,1,1,2,100,0,0,0,0.0,eu,,95.0,56.96,9.09,100.0,50.0,1.14,0.18,0.0,2.0,1620000.0,43.0,64.0,0.0,1.22,,35.0,0.0,0.0,,1.0,50.0,99.0,98.0,99.0,78.0,3.42,0.55,6.0,99.0,1666.67,79.0,85.0,3.42,0.55,6.0,11.0,158.0,99.0,0.0,0.0,,42.0,0.57,0.09,1.0,57.0,1.14,0.18,20.0,0.0,0.0,0.0,20.0,,2.0,10.0,5.13,0.82,9.0,7.0,1.71,0.27,33.0,3.0,77.0,1.71,0.27,3.0,2.0,0.0,0.0,,2.0,4.0,,34.0,2.0,69.0,42.0,76.0,70.0,57.0,,80.0,0.0,0.0,,15.0,0.0,0.0,,41.0,0.57,0.09,1.0,0.0,,33.0,,57.0,,41.0,0.06,0.01,0.11,90.91,94.0,64.0,34.18,5.45,60.0,56.0,37.59,6.0,66.0,99.0,0.0,0.0,,,0.0,,,,,,,0.0,0.0,,13.45,0.0,,,0.0,0.0,,18,0.0,100.0,99.0,0.0,58.0,,0.0,0.0,,12.0,0.0,0.0,,72.0,0.57,0.09,1.0,33.0,0.57,0.09,0.0,0.0,1.0,20.0,0.57,0.09,99.0,0.0,0.0,,1.0,,,,,32.0,0.08,0.01,0.14,41.0,0.06,0.01,0.11,2026,0,0,0.0,0,0.0,0.0,0.0,2025-10-25 13:00:00,Domestic League,0,158,0,0,79,90,68,158,0,0,-1,13,-1,-1,0,2025/2026,2025,1
Italy_Serie_A_2025-2026,Nikolas-Gerrit Kühn,Como,Forward,25,166,0,Germany,3,5,8,0,0,0,0.0,1970-01-11,0,0.0,1,2,3,38,2,1,3,0.77,eu,,52.0,12.78,5.0,50.0,11.0,0.26,0.1,0.0,1.0,1900000.0,49.0,64.0,0.0,4.58,11.0,35.0,0.0,0.0,0.0,0.0,0.0,31.0,30.0,57.0,3.0,0.0,0.0,0.0,72.0,714.29,56.0,68.0,1.79,0.7,7.0,10.0,352.0,13.0,1.79,0.7,7.0,29.0,0.77,0.3,3.0,90.0,3.07,1.2,88.0,1.28,0.5,41.0,53.0,5.0,12.0,62.0,9.97,3.9,39.0,28.0,3.58,1.4,35.0,14.0,24.0,0.77,0.3,3.0,25.0,0.51,0.2,2.0,4.0,22.0,4.0,86.0,4.0,94.0,42.0,76.0,70.0,57.0,0.0,80.0,0.0,0.0,0.0,44.0,0.51,0.2,2.0,90.0,1.79,0.7,7.0,0.0,30.0,30.0,72.0,57.0,11.0,39.0,0.05,0.02,0.21,75.68,27.0,33.0,21.48,8.4,84.0,33.0,28.38,11.1,111.0,99.0,0.0,0.0,0.0,0.0,0.0,0.0,0.0,0.0,0.0,0.0,0.0,0.0,0.0,0.0,45.84,0.0,0.0,0.0,0.0,0.0,0.0,19,0.0,33.33,61.0,0.0,58.0,21.0,0.77,0.3,3.0,46.0,0.51,0.2,2.0,51.0,0.26,0.1,1.0,46.0,0.77,0.3,0.0,0.0,3.0,59.0,1.53,0.6,99.0,0.0,0.0,0.0,6.0,0.0,0.0,0.0,0.0,51.0,0.11,0.04,0.44,38.0,0.05,0.02,0.21,2026,0,0,0.0,0,0.0,0.0,0.0,2025-10-29 17:30:00,Domestic League,0,0,117,0,44,138,213,351,0,0,-1,12,298,-1,0,2025/2026,2025,0
Italy_Serie_A_2025-2026,Martin Baturina,Como,Midfielder,22,0,0,Croatia,3,2,5,0,0,0,0.0,2003-02-16,0,0.0,1,1,2,40,1,0,1,0.7,eu,,99.0,123.05,15.91,175.0,3.0,0.0,0.0,0.0,0.0,1160000.0,30.0,64.0,0.0,2.98,2.0,35.0,0.0,0.0,0.0,0.0,0.0,31.0,30.0,64.0,3.0,0.0,0.0,0.0,76.0,2500.0,86.0,94.0,4.92,0.64,7.0,11.0,128.0,6.0,2.11,0.27,3.0,0.0,2.11,0.27,3.0,79.0,2.11,0.27,20.0,0.0,0.0,0.0,20.0,0.0,3.0,92.0,14.06,1.82,20.0,60.0,4.92,0.64,35.0,7.0,6.0,0.0,0.0,0.0,95.0,2.81,0.36,4.0,1.0,0.0,4.0,86.0,1.0,46.0,42.0,76.0,70.0,57.0,0.0,80.0,0.0,0.0,0.0,15.0,0.0,0.0,0.0,99.0,3.52,0.45,5.0,0.0,4.0,30.0,76.0,57.0,0.0,28.0,0.03,0.0,0.04,89.83,90.0,70.0,37.27,4.82,53.0,66.0,41.48,5.36,59.0,99.0,0.0,0.0,0.0,0.0,0.0,0.0,0.0,0.0,0.0,0.0,0.0,0.0,0.0,0.0,32.73,0.0,0.0,0.0,0.0,0.0,0.0,20,0.0,0.0,25.0,0.0,58.0,70.0,1.41,0.18,2.0,57.0,0.7,0.09,1.0,25.0,0.0,0.0,0.0,43.0,0.7,0.09,0.0,0.0,1.0,82.0,2.11,0.27,99.0,0.0,0.0,0.0,3.0,0.0,0.0,0.0,0.0,81.0,0.2,0.03,0.29,28.0,0.03,0.0,0.04,2026,0,0,0.0,0,0.0,0.0,0.0,2025-10-04 18:45:00,Domestic League,0,0,128,0,26,96,32,128,0,0,-1,11,-1,-1,0,2025/2026,2025,0
Italy_Serie_A_2025-2026,Mauro Vigorito,Como,Goalkeeper,35,187,81,Italy,0,0,0,0,0,0,0.0,1970-01-08,0,0.0,0,0,0,0,0,0,0,0.0,eu,,,,,,,,,,,,,,,,,,,,,,,,,,,,,,,,,,,,,,,,,,,,,,,,,,,,,,,,,,,,,,,,,,,,,,,,,,,,,,,,,,,,,,,,,,,,,,,,,,,,,,,,,,,,,,,,,,,,,,,,,,,,,,,,,,,,,,,,,,,,,,,,,,,,,,,,,,,,,,,,,,,,,,,,,,,,,,,,,,,,,,,2026,0,0,0.0,0,0.0,0.0,0.0,1970-01-01 00:00:00,Domestic League,0,0,0,0,0,0,0,0,0,0,-1,-1,-1,-1,0,2025/2026,2025,0
Italy_Serie_A_2025-2026,Ivan Smolčić,Como,Midfielder,25,181,0,Croatia,5,4,9,0,0,0,0.0,1970-01-12,4,0.6,2,3,5,56,3,0,3,0.45,eu,,65.0,20.05,12.09,133.0,54.0,1.21,0.73,0.0,8.0,560000.0,14.0,64.0,0.0,5.11,20.0,91.0,0.75,0.45,5.0,4.0,44.0,99.0,98.0,95.0,80.0,3.47,2.09,23.0,91.0,1209.09,70.0,65.0,1.66,1.0,11.0,11.0,597.0,68.0,0.3,0.18,2.0,13.0,1.06,0.64,7.0,13.0,0.0,0.0,20.0,0.0,0.0,0.0,20.0,0.0,0.0,58.0,9.65,5.82,64.0,78.0,5.73,3.45,59.0,38.0,56.0,1.36,0.82,9.0,78.0,1.81,1.09,12.0,6.0,42.0,3.0,78.0,2.0,69.0,42.0,76.0,70.0,57.0,0.0,80.0,0.0,0.0,0.0,92.0,1.51,0.91,10.0,59.0,0.9,0.55,6.0,0.0,45.0,32.0,91.0,57.0,46.0,22.0,0.02,0.01,0.14,87.11,77.0,71.0,37.69,22.73,250.0,68.0,43.27,26.09,287.0,99.0,0.0,0.0,0.0,0.0,0.0,0.0,0.0,0.0,0.0,0.0,0.0,0.0,0.0,0.0,56.21,0.0,0.0,0.0,0.0,0.0,0.0,28,0.0,0.0,25.0,0.0,58.0,5.0,0.45,0.27,3.0,40.0,0.45,0.27,3.0,25.0,0.0,0.0,0.0,27.0,0.45,0.27,0.0,0.0,3.0,93.0,2.71,1.64,99.0,0.0,0.0,0.0,18.0,0.0,0.0,0.0,0.0,59.0,0.13,0.08,0.83,22.0,0.02,0.01,0.14,2026,0,0,0.0,0,0.0,0.0,0.0,2025-11-08 14:00:00,Domestic League,0,149,199,0,66,400,196,596,0,0,-1,10,284,-1,0,2025/2026,2025,4
Italy_Serie_A_2025-2026,Patrick Cutrone,Como,Forward,27,183,75,Italy,5,6,11,0,0,0,0.0,1970-01-11,0,0.0,2,1,3,27,3,4,7,0.83,eu,,41.0,0.0,0.0,0.0,47.0,1.05,0.73,0.0,8.0,800000.0,18.0,64.0,0.0,6.02,39.0,44.0,0.13,0.09,1.0,0.0,0.0,31.0,30.0,39.0,11.0,0.39,0.27,3.0,68.0,0.0,41.0,66.0,1.71,1.18,13.0,11.0,684.0,70.0,0.26,0.18,2.0,60.0,0.39,0.27,3.0,54.0,1.05,0.73,38.0,0.26,0.18,25.0,29.0,2.0,8.0,18.0,6.58,4.55,50.0,17.0,3.03,2.09,46.0,23.0,19.0,0.66,0.45,5.0,67.0,1.45,1.0,11.0,8.0,63.0,2.0,66.0,1.0,46.0,53.0,76.0,78.0,68.0,0.0,90.0,0.13,0.09,1.0,26.0,0.26,0.18,2.0,32.0,0.39,0.27,3.0,0.0,87.0,30.0,68.0,91.0,65.0,79.0,0.26,0.18,1.97,65.71,8.0,6.0,12.11,8.36,92.0,9.0,18.42,12.73,140.0,99.0,0.0,0.0,0.0,0.0,0.0,0.0,0.0,0.0,0.0,0.0,0.0,0.0,0.0,0.0,66.22,0.0,0.0,0.0,0.0,0.0,0.0,32,0.0,25.0,44.0,5.0,60.0,36.0,0.92,0.64,7.0,94.0,1.97,1.36,15.0,77.0,0.66,0.45,5.0,91.0,2.63,1.82,0.0,20.0,20.0,12.0,0.26,0.18,99.0,0.0,0.0,0.0,2.0,0.0,0.0,0.0,0.0,3.0,0.03,0.02,0.26,77.0,0.26,0.18,1.97,2026,0,1,0.12,1,0.0,0.24,0.12,2025-11-23 11:30:00,Domestic League,0,0,109,760,69,388,372,760,0,0,-1,3,109,-1,0,2025/2026,2025,0
Italy_Serie_A_2025-2026,Ivan Azón Monzón,Como,Forward,22,181,0,Spain,0,0,0,0,0,0,0.0,2002-12-24,0,0.0,0,0,0,0,0,0,0,0.0,eu,,,,,,,,,,,,,,,,,,,,,,,,,,,,,,,,,,,,,,,,,,,,,,,,,,,,,,,,,,,,,,,,,,,,,,,,,,,,,,,,,,,,,,,,,,,,,,,,,,,,,,,,,,,,,,,,,,,,,,,,,,,,,,,,,,,,,,,,,,,,,,,,,,,,,,,,,,,,,,,,,,,,,,,,,,,,,,,,,,,,,,,2026,0,0,0.0,0,0.0,0.0,0.0,1970-01-01 00:00:00,Domestic League,0,0,0,0,0,0,0,0,0,0,-1,-1,-1,-1,0,2025/2026,2025,0
Italy_Serie_A_2025-2026,Fisayo Dele-Bashiru,Lazio,Defender,24,176,70,England,2,2,4,0,0,0,0.0,1970-01-12,0,0.0,0,1,1,25,2,0,2,0.85,eu,,41.0,0.0,0.0,0.0,3.0,0.0,0.0,0.0,0.0,3010000.0,65.0,64.0,0.0,6.56,58.0,35.0,0.0,0.0,0.0,0.0,0.0,31.0,30.0,37.0,12.0,0.42,0.25,1.0,66.0,0.0,41.0,18.0,0.0,0.0,0.0,4.0,213.0,25.0,1.27,0.75,3.0,99.0,0.0,0.0,0.0,74.0,1.69,1.0,54.0,0.42,0.25,25.0,29.0,1.0,4.0,19.0,6.76,4.0,16.0,11.0,2.54,1.5,37.0,6.0,10.0,0.42,0.25,1.0,2.0,0.0,0.0,0.0,4.0,22.0,0.0,34.0,2.0,69.0,42.0,76.0,70.0,57.0,0.0,80.0,0.0,0.0,0.0,38.0,0.42,0.25,1.0,55.0,0.85,0.5,2.0,0.0,2.0,30.0,67.0,57.0,0.0,11.0,0.0,0.0,0.0,92.77,98.0,61.0,32.54,19.25,77.0,52.0,35.07,20.75,83.0,99.0,0.0,0.0,0.0,0.0,0.0,0.0,0.0,0.0,0.0,0.0,0.0,0.0,0.0,0.0,26.23,0.0,0.0,0.0,0.0,0.0,0.0,7,0.0,0.0,25.0,0.0,58.0,28.0,0.85,0.5,2.0,12.0,0.0,0.0,0.0,25.0,0.0,0.0,0.0,10.0,0.0,0.0,0.0,0.0,0.0,82.0,2.11,1.25,99.0,0.0,0.0,0.0,5.0,0.0,0.0,0.0,0.0,44.0,0.1,0.06,0.24,11.0,0.0,0.0,0.0,2026,0,0,0.0,0,0.0,0.0,0.0,2025-09-21 10:30:00,Domestic League,0,0,107,0,53,121,92,213,0,0,-1,9,-1,-1,0,2025/2026,2025,0
Italy_Serie_A_2025-2026,Mattéo Guendouzi Olié,Lazio,Midfielder,26,185,68,France,5,4,9,0,1,1,0.11,1970-01-11,5,0.56,2,3,5,56,5,1,6,0.68,eu,,59.0,16.88,16.67,150.0,20.0,0.45,0.44,0.0,4.0,2090000.0,54.0,71.0,0.11,6.96,84.0,57.0,0.23,0.22,2.0,3.0,33.0,95.0,98.0,95.0,21.0,0.56,0.56,5.0,77.0,1875.0,80.0,53.0,0.9,0.89,8.0,9.0,800.0,52.0,0.56,0.56,5.0,37.0,0.67,0.67,6.0,30.0,0.45,0.44,35.0,0.23,0.22,50.0,69.0,2.0,4.0,14.0,5.85,5.78,52.0,17.0,3.04,3.0,51.0,27.0,38.0,1.01,1.0,9.0,59.0,1.24,1.22,11.0,9.0,73.0,0.0,34.0,3.0,86.0,69.0,76.0,79.0,65.0,0.0,80.0,0.0,0.0,0.0,50.0,0.56,0.56,5.0,65.0,1.01,1.0,9.0,0.0,45.0,33.0,77.0,93.0,69.0,64.0,0.14,0.14,1.23,88.21,80.0,77.0,40.39,39.89,359.0,74.0,45.79,45.22,407.0,99.0,0.0,0.0,0.0,0.0,0.0,0.0,0.0,0.0,0.0,0.0,0.0,0.0,0.0,0.0,62.61,0.0,0.0,0.0,0.0,0.0,0.0,8,0.0,37.5,68.0,12.5,77.0,17.0,0.67,0.67,6.0,50.0,0.56,0.56,5.0,57.0,0.34,0.33,3.0,50.0,0.9,0.89,0.0,8.0,8.0,40.0,1.12,1.11,99.0,0.0,0.0,0.0,10.0,0.0,0.0,0.0,0.0,77.0,0.18,0.18,1.64,62.0,0.14,0.14,1.23,2026,0,1,0.23,1,0.0,0.25,0.11,2025-11-09 19:45:00,Domestic League,800,160,133,800,89,440,360,800,0,0,-1,8,118,-1,1,2025/2026,2025,4
Italy_Serie_A_2025-2026,Mattia Zaccagni,Lazio,Midfielder,30,177,63,Italy,6,4,10,0,0,0,0.0,1970-01-10,2,0.21,3,3,6,60,5,1,6,0.63,eu,,76.0,26.13,25.0,250.0,34.0,0.73,0.7,0.0,7.0,6490000.0,90.0,64.0,0.0,7.13,94.0,35.0,0.0,0.0,0.0,2.0,20.0,79.0,61.0,97.0,12.0,0.42,0.4,4.0,80.0,1785.71,80.0,65.0,1.46,1.4,14.0,10.0,861.0,20.0,1.46,1.4,14.0,19.0,0.94,0.9,9.0,85.0,2.51,2.4,72.0,0.73,0.7,29.0,33.0,7.0,24.0,90.0,13.48,12.9,129.0,94.0,7.32,7.0,54.0,70.0,31.0,0.94,0.9,9.0,99.0,4.29,4.1,41.0,10.0,83.0,0.0,34.0,2.0,69.0,79.0,77.0,95.0,88.0,0.0,80.0,0.0,0.0,0.0,87.0,1.25,1.2,12.0,68.0,1.05,1.0,10.0,0.0,65.0,70.0,80.0,69.0,77.0,86.0,0.32,0.3,3.02,82.65,54.0,43.0,25.4,24.3,243.0,39.0,30.73,29.4,294.0,99.0,0.0,0.0,0.0,0.0,0.0,0.0,0.0,0.0,0.0,0.0,0.0,0.0,0.0,0.0,71.3,0.0,0.0,0.0,0.0,0.0,0.0,10,0.0,37.5,68.0,18.75,86.0,15.0,0.63,0.6,6.0,72.0,1.05,1.0,10.0,76.0,0.63,0.6,6.0,73.0,1.67,1.6,0.0,5.33,16.0,61.0,1.57,1.5,99.0,0.0,0.0,0.0,15.0,0.0,0.0,0.0,0.0,38.0,0.09,0.08,0.82,85.0,0.32,0.3,3.02,2026,1,2,0.31,3,0.17,0.54,0.31,2025-11-09 19:45:00,Domestic League,0,431,144,287,86,526,336,862,0,0,-1,1,40,-1,0,2025/2026,2025,2
Italy_Serie_A_2025-2026,Valentín Mariano José Castellanos Giménez,Lazio,Forward,27,178,70,Argentina,3,3,6,1,2,3,0.63,1970-01-11,2,0.42,1,1,2,33,2,2,4,0.84,eu,,41.0,0.0,0.0,0.0,64.0,1.47,1.17,0.0,7.0,2890000.0,65.0,99.0,0.5,7.29,97.0,35.0,0.0,0.0,0.0,2.0,33.0,95.0,91.0,50.0,48.0,1.26,1.0,6.0,67.0,0.0,41.0,61.0,1.26,1.0,6.0,6.0,430.0,20.0,1.47,1.17,7.0,77.0,0.21,0.17,1.0,81.0,2.3,1.83,76.0,0.84,0.67,36.0,44.0,4.0,11.0,65.0,10.05,8.0,48.0,62.0,5.02,4.0,50.0,24.0,28.0,0.84,0.67,4.0,81.0,1.88,1.5,9.0,5.0,32.0,1.0,51.0,2.0,69.0,99.0,88.0,92.0,94.0,0.0,80.0,0.0,0.0,0.0,23.0,0.21,0.17,1.0,68.0,1.05,0.83,5.0,0.0,9.0,40.0,67.0,64.0,22.0,95.0,0.45,0.36,2.15,67.82,10.0,7.0,12.35,9.83,59.0,9.0,18.21,14.5,87.0,99.0,0.0,0.0,0.0,0.0,0.0,0.0,0.0,0.0,0.0,0.0,0.0,0.0,0.0,0.0,43.73,0.0,0.0,0.0,0.0,0.0,0.0,11,0.0,41.67,73.0,16.67,84.0,45.0,1.05,0.83,5.0,86.0,1.47,1.17,7.0,91.0,1.05,0.83,5.0,88.0,2.51,2.0,0.0,6.0,12.0,28.0,0.84,0.67,99.0,0.0,0.0,0.0,4.0,0.0,0.0,0.0,0.0,98.0,0.41,0.33,1.98,93.0,0.45,0.36,2.15,2026,1,1,1.05,2,0.38,0.46,0.42,2025-10-04 13:00:00,Domestic League,143,215,108,215,72,234,196,430,0,0,-1,3,22,-1,0,2025/2026,2025,2
Italy_Serie_A_2025-2026,Nuno Albertino Varela Tavares,Lazio,Defender,25,183,74,Portugal,4,3,7,0,0,0,0.0,1970-01-11,0,0.0,2,1,3,43,2,3,5,0.97,eu,,80.0,30.97,22.86,160.0,7.0,0.19,0.14,0.0,1.0,5090000.0,83.0,64.0,0.0,6.87,80.0,51.0,0.19,0.14,1.0,0.0,0.0,31.0,30.0,66.0,43.0,1.16,0.86,6.0,55.0,500.0,49.0,97.0,6.19,4.57,32.0,7.0,465.0,51.0,0.58,0.43,3.0,18.0,0.97,0.71,5.0,98.0,4.26,3.14,99.0,2.52,1.86,59.0,77.0,13.0,22.0,78.0,11.42,8.43,59.0,83.0,6.0,4.43,52.0,31.0,72.0,1.55,1.14,8.0,86.0,2.13,1.57,11.0,6.0,42.0,1.0,51.0,3.0,86.0,42.0,76.0,70.0,57.0,0.0,80.0,0.0,0.0,0.0,62.0,0.77,0.57,4.0,78.0,1.35,1.0,7.0,0.0,18.0,30.0,55.0,57.0,28.0,41.0,0.06,0.04,0.29,87.87,80.0,85.0,46.26,34.14,239.0,83.0,52.65,38.86,272.0,99.0,0.0,0.0,0.0,0.0,0.0,0.0,0.0,0.0,0.0,0.0,0.0,0.0,0.0,0.0,48.08,0.0,0.0,0.0,0.0,0.0,0.0,17,0.0,0.0,25.0,0.0,58.0,53.0,1.16,0.86,6.0,76.0,1.16,0.86,6.0,25.0,0.0,0.0,0.0,61.0,1.16,0.86,0.0,0.0,6.0,42.0,1.16,0.86,99.0,0.0,0.0,0.0,6.0,0.0,0.0,0.0,0.0,63.0,0.14,0.1,0.7,41.0,0.06,0.04,0.29,2026,0,0,0.0,0,0.0,0.0,0.0,2025-10-19 16:00:00,Domestic League,0,0,93,0,66,263,202,465,0,0,-1,23,297,58,0,2025/2026,2025,0
Italy_Serie_A_2025-2026,Matteo Cancellieri,Lazio,Forward,23,173,62,Italy,4,2,6,0,0,0,0.0,2002-02-12,0,0.0,2,1,3,50,1,2,3,0.65,eu,,41.0,0.0,0.0,0.0,87.0,2.62,1.71,0.0,12.0,1850000.0,48.0,64.0,0.0,6.12,46.0,56.0,0.22,0.14,1.0,0.0,0.0,31.0,30.0,90.0,13.0,0.44,0.29,2.0,79.0,0.0,41.0,29.0,0.22,0.14,1.0,7.0,413.0,24.0,1.31,0.86,6.0,23.0,0.87,0.57,4.0,80.0,2.18,1.43,68.0,0.65,0.43,30.0,35.0,3.0,10.0,98.0,17.87,11.71,82.0,99.0,9.59,6.29,53.0,44.0,96.0,2.62,1.71,12.0,98.0,3.7,2.43,17.0,6.0,42.0,0.0,34.0,2.0,69.0,94.0,88.0,99.0,99.0,0.0,96.0,0.22,0.14,1.0,98.0,1.74,1.14,8.0,56.0,0.87,0.57,4.0,0.0,9.0,30.0,79.0,59.0,20.0,98.0,0.59,0.38,2.69,75.42,27.0,27.0,19.39,12.71,89.0,27.0,25.71,16.86,118.0,99.0,0.0,0.0,0.0,0.0,0.0,0.0,0.0,0.0,0.0,0.0,0.0,0.0,0.0,0.0,42.84,0.0,0.0,0.0,0.0,0.0,0.0,22,0.0,45.45,78.0,27.27,93.0,29.0,0.87,0.57,4.0,80.0,1.31,0.86,6.0,92.0,1.09,0.71,5.0,87.0,2.4,1.57,0.0,3.67,11.0,91.0,2.62,1.71,99.0,0.0,0.0,0.0,12.0,0.0,0.0,17.0,1.0,28.0,0.07,0.05,0.34,98.0,0.59,0.38,2.69,2026,1,2,0.65,3,0.39,1.0,0.65,2025-10-19 16:00:00,Domestic League,0,0,138,138,69,233,180,413,0,0,-1,2,5,-1,0,2025/2026,2025,0
Italy_Serie_A_2025-2026,Oliver Provstgaard Nielsen,Lazio,Defender,22,0,0,Denmark,5,2,7,0,0,0,0.0,2003-06-04,0,0.0,3,2,5,71,2,0,2,0.65,eu,,41.0,0.0,0.0,0.0,90.0,2.91,0.82,0.0,9.0,0.0,8.0,64.0,0.0,3.74,5.0,96.0,0.97,0.27,3.0,0.0,0.0,31.0,30.0,99.0,84.0,3.88,1.09,12.0,79.0,0.0,41.0,35.0,0.32,0.09,1.0,11.0,278.0,66.0,0.32,0.09,1.0,66.0,0.32,0.09,1.0,13.0,0.0,0.0,20.0,0.0,0.0,0.0,20.0,0.0,0.0,15.0,6.15,1.73,19.0,36.0,3.88,1.09,63.0,12.0,19.0,0.65,0.18,2.0,31.0,0.65,0.18,2.0,2.0,4.0,5.0,90.0,0.0,17.0,42.0,76.0,70.0,57.0,0.0,80.0,0.0,0.0,0.0,95.0,1.62,0.45,5.0,45.0,0.65,0.18,2.0,0.0,18.0,30.0,79.0,57.0,0.0,11.0,0.0,0.0,0.0,93.68,99.0,90.0,52.77,14.82,163.0,88.0,56.33,15.82,174.0,99.0,0.0,0.0,0.0,0.0,0.0,0.0,0.0,0.0,0.0,0.0,0.0,0.0,0.0,0.0,41.15,0.0,0.0,0.0,0.0,0.0,0.0,25,0.0,0.0,25.0,0.0,58.0,16.0,0.65,0.18,2.0,12.0,0.0,0.0,0.0,25.0,0.0,0.0,0.0,10.0,0.0,0.0,0.0,0.0,0.0,13.0,0.32,0.09,99.0,0.0,0.0,0.0,1.0,0.0,0.0,0.0,0.0,59.0,0.13,0.04,0.41,11.0,0.0,0.0,0.0,2026,0,0,0.0,0,0.0,0.0,0.0,2025-08-31 18:45:00,Domestic League,0,0,139,0,40,144,134,278,0,0,-1,22,272,27,0,2025/2026,2025,0
Italy_Serie_A_2025-2026,Manuel Lazzari,Lazio,Midfielder,31,174,67,Italy,4,3,7,0,0,0,0.0,1970-01-09,1,0.31,2,2,4,56,3,0,3,0.92,eu,,87.0,39.12,16.62,133.0,28.0,0.59,0.25,0.0,2.0,3940000.0,74.0,64.0,0.0,4.95,17.0,35.0,0.0,0.0,0.0,1.0,14.0,63.0,80.0,95.0,81.0,3.53,1.5,12.0,60.0,2216.67,83.0,67.0,1.76,0.75,6.0,8.0,306.0,69.0,0.29,0.12,1.0,99.0,0.0,0.0,0.0,58.0,1.18,0.5,42.0,0.29,0.12,25.0,29.0,1.0,4.0,19.0,6.76,2.88,23.0,48.0,4.41,1.88,65.0,15.0,9.0,0.29,0.12,1.0,90.0,2.35,1.0,8.0,4.0,22.0,3.0,78.0,2.0,69.0,42.0,76.0,70.0,57.0,0.0,80.0,0.0,0.0,0.0,70.0,0.88,0.38,3.0,27.0,0.29,0.12,1.0,0.0,18.0,51.0,60.0,57.0,3.0,11.0,0.0,0.0,0.0,85.22,69.0,55.0,28.82,12.25,98.0,49.0,33.82,14.38,115.0,99.0,0.0,0.0,0.0,0.0,0.0,0.0,0.0,0.0,0.0,0.0,0.0,0.0,0.0,0.0,39.56,0.0,0.0,0.0,0.0,0.0,0.0,29,0.0,0.0,25.0,0.0,58.0,31.0,0.88,0.38,3.0,12.0,0.0,0.0,0.0,25.0,0.0,0.0,0.0,10.0,0.0,0.0,0.0,0.0,0.0,55.0,1.47,0.62,99.0,0.0,0.0,0.0,5.0,0.0,0.0,0.0,0.0,32.0,0.08,0.03,0.26,11.0,0.0,0.0,0.0,2026,0,0,0.0,0,0.0,0.0,0.0,2025-11-09 19:45:00,Domestic League,0,293,98,0,42,165,128,293,0,0,-1,21,211,-1,0,2025/2026,2025,1
Italy_Serie_A_2025-2026,Danilo Cataldi,Lazio,Midfielder,31,180,70,Italy,6,4,10,0,1,1,0.12,1970-01-09,2,0.24,3,2,5,50,4,2,6,0.71,eu,,69.0,21.56,16.64,183.0,44.0,0.94,0.73,0.0,8.0,3710000.0,72.0,73.0,0.1,6.19,49.0,60.0,0.24,0.18,2.0,2.0,20.0,79.0,66.0,90.0,65.0,2.12,1.64,18.0,76.0,1830.0,80.0,58.0,1.18,0.91,10.0,11.0,764.0,65.0,0.35,0.27,3.0,33.0,0.71,0.55,6.0,65.0,1.41,1.09,58.0,0.47,0.36,33.0,42.0,4.0,12.0,22.0,6.95,5.36,59.0,27.0,3.53,2.73,50.0,30.0,54.0,1.3,1.0,11.0,34.0,0.71,0.55,6.0,8.0,63.0,2.0,66.0,3.0,86.0,71.0,76.0,83.0,68.0,0.0,87.0,0.12,0.09,1.0,90.0,1.41,1.09,12.0,53.0,0.82,0.64,7.0,0.0,65.0,66.0,76.0,92.0,67.0,41.0,0.06,0.04,0.48,79.9,43.0,68.0,36.05,27.82,306.0,74.0,45.12,34.82,383.0,99.0,0.0,0.0,0.0,0.0,0.0,1.0,0.0,0.0,1.0,0.0,0.0,0.0,0.0,0.0,68.14,0.0,0.0,0.0,0.0,0.0,0.0,32,0.0,22.22,37.0,11.11,73.0,25.0,0.82,0.64,7.0,62.0,0.82,0.64,7.0,47.0,0.24,0.18,2.0,57.0,1.06,0.82,0.0,9.0,9.0,50.0,1.41,1.09,99.0,0.0,0.0,0.0,12.0,0.0,0.0,0.0,0.0,77.0,0.18,0.14,1.53,62.0,0.14,0.11,1.18,2026,0,1,0.24,1,0.0,0.29,0.12,2025-11-09 19:45:00,Domestic League,764,382,127,764,76,450,314,764,1,0,100,6,114,-1,0,2025/2026,2025,2
Italy_Serie_A_2025-2026,Mario Gila Fuentes,Lazio,Defender,25,185,74,Spain,6,5,11,0,0,0,0.0,1970-01-12,1,0.09,3,3,6,55,5,3,8,0.75,eu,,62.0,18.85,18.18,200.0,80.0,2.26,2.18,0.0,24.0,1600000.0,42.0,64.0,0.0,7.04,91.0,73.0,0.38,0.36,4.0,1.0,9.0,45.0,35.0,91.0,86.0,4.24,4.09,45.0,74.0,9999.99,99.0,27.0,0.19,0.18,2.0,11.0,955.0,69.0,0.28,0.27,3.0,54.0,0.47,0.45,5.0,21.0,0.19,0.18,22.0,0.09,0.09,50.0,69.0,1.0,2.0,35.0,7.92,7.64,84.0,64.0,5.09,4.91,64.0,54.0,11.0,0.47,0.45,5.0,49.0,1.04,1.0,11.0,11.0,96.0,0.0,34.0,1.0,46.0,42.0,76.0,70.0,57.0,0.0,82.0,0.09,0.09,1.0,74.0,0.94,0.91,10.0,13.0,0.09,0.09,1.0,0.0,87.0,96.0,73.0,57.0,87.0,28.0,0.03,0.03,0.31,89.29,88.0,89.0,51.08,49.27,542.0,89.0,57.2,55.18,607.0,99.0,0.0,0.0,0.0,0.0,0.0,0.0,0.0,0.0,0.0,0.0,0.0,0.0,0.0,0.0,77.44,0.0,0.0,0.0,0.0,0.0,0.0,34,0.0,16.67,31.0,0.0,58.0,28.0,0.85,0.82,9.0,42.0,0.47,0.45,5.0,27.0,0.09,0.09,1.0,33.0,0.57,0.55,0.0,0.0,6.0,69.0,1.79,1.73,99.0,0.0,0.0,0.0,19.0,0.0,0.0,0.0,0.0,44.0,0.1,0.1,1.1,28.0,0.03,0.03,0.31,2026,0,0,0.0,0,0.0,0.0,0.0,2025-11-09 19:45:00,Domestic League,0,955,119,0,87,505,450,955,0,0,-1,20,274,35,0,2025/2026,2025,1
Italy_Serie_A_2025-2026,Ivan Provedel,Lazio,Goalkeeper,31,192,82,Italy,6,5,11,0,0,0,0.0,1970-01-09,0,0.0,3,3,6,55,5,3,8,0.73,eu,,41.0,0.0,0.0,0.0,17.0,0.36,0.36,0.0,4.0,4630000.0,83.0,64.0,0.0,7.38,98.0,35.0,0.0,0.0,0.0,0.0,0.0,31.0,30.0,91.0,49.0,1.27,1.27,14.0,75.0,0.0,41.0,18.0,0.0,0.0,0.0,11.0,990.0,99.0,0.0,0.0,0.0,99.0,0.0,0.0,0.0,13.0,0.0,0.0,20.0,0.0,0.0,0.0,20.0,0.0,0.0,3.0,0.45,0.45,5.0,4.0,0.45,0.45,100.0,5.0,6.0,0.0,0.0,0.0,7.0,0.18,0.18,2.0,11.0,96.0,0.0,34.0,0.0,17.0,42.0,76.0,70.0,57.0,0.0,80.0,0.0,0.0,0.0,15.0,0.0,0.0,0.0,12.0,0.0,0.0,0.0,0.0,87.0,30.0,75.0,57.0,93.0,11.0,0.0,0.0,0.0,67.32,9.0,34.0,21.73,21.73,239.0,43.0,32.27,32.27,355.0,99.0,0.0,0.0,0.0,0.0,0.0,0.0,0.0,0.0,0.0,0.0,76.0,0.64,0.64,7.0,81.14,83.02,92.0,96.0,4.0,4.0,44.0,94,0.0,0.0,25.0,0.0,58.0,98.0,4.82,4.82,53.0,12.0,0.0,0.0,0.0,25.0,0.0,0.0,0.0,10.0,0.0,0.0,0.0,0.0,0.0,7.0,0.0,0.0,99.0,0.0,0.0,0.0,0.0,0.0,0.0,0.0,0.0,12.0,0.05,0.05,0.54,11.0,0.0,0.0,0.0,2026,0,0,0.0,0,0.0,0.0,0.0,2025-11-09 19:45:00,Domestic League,0,0,124,0,90,540,450,990,0,0,-1,19,275,33,0,2025/2026,2025,0
Italy_Serie_A_2025-2026,Luca Pellegrini,Lazio,Defender,26,178,72,Italy,4,4,8,0,0,0,0.0,1970-01-11,0,0.0,2,3,5,63,1,0,1,0.31,eu,,98.0,69.11,25.0,225.0,55.0,1.23,0.44,0.0,4.0,3010000.0,65.0,64.0,0.0,5.83,35.0,87.0,0.61,0.22,2.0,0.0,0.0,31.0,30.0,98.0,66.0,2.15,0.78,7.0,98.0,2250.0,83.0,82.0,3.07,1.11,10.0,9.0,293.0,19.0,1.54,0.56,5.0,20.0,0.92,0.33,3.0,50.0,0.92,0.33,20.0,0.0,0.0,0.0,20.0,0.0,3.0,69.0,10.44,3.78,34.0,52.0,4.61,1.67,44.0,15.0,89.0,2.15,0.78,7.0,58.0,1.23,0.44,4.0,2.0,4.0,6.0,95.0,2.0,69.0,42.0,76.0,70.0,57.0,0.0,80.0,0.0,0.0,0.0,86.0,1.23,0.44,4.0,61.0,0.92,0.33,3.0,0.0,30.0,30.0,98.0,57.0,3.0,60.0,0.12,0.04,0.38,73.08,20.0,56.0,29.18,10.56,95.0,62.0,39.93,14.44,130.0,99.0,0.0,0.0,0.0,0.0,0.0,0.0,0.0,0.0,0.0,0.0,0.0,0.0,0.0,0.0,52.51,0.0,0.0,0.0,0.0,0.0,0.0,3,0.0,50.0,89.0,0.0,58.0,2.0,0.31,0.11,1.0,52.0,0.61,0.22,2.0,75.0,0.61,0.22,2.0,64.0,1.23,0.44,0.0,0.0,4.0,83.0,2.15,0.78,99.0,0.0,0.0,0.0,7.0,0.0,0.0,0.0,0.0,44.0,0.1,0.04,0.33,59.0,0.12,0.04,0.38,2026,0,0,0.0,0,0.0,0.0,0.0,2025-10-30 19:45:00,Domestic League,0,0,293,0,37,173,120,293,0,0,-1,18,276,2,0,2025/2026,2025,0
Italy_Serie_A_2025-2026,Nicolò Rovella,Lazio,Midfielder,23,179,66,Italy,2,2,4,0,1,1,0.45,2001-12-04,1,0.45,0,1,1,25,1,1,2,0.9,eu,,75.0,25.52,14.25,57.0,41.0,0.9,0.5,0.0,2.0,4630000.0,83.0,97.0,0.25,7.37,98.0,77.0,0.45,0.25,1.0,1.0,25.0,88.0,92.0,37.0,32.0,0.9,0.5,2.0,62.0,814.29,58.0,83.0,3.13,1.75,7.0,4.0,201.0,57.0,0.45,0.25,1.0,55.0,0.45,0.25,1.0,63.0,1.34,0.75,90.0,1.34,0.75,100.0,99.0,3.0,3.0,38.0,8.06,4.5,18.0,87.0,6.27,3.5,77.0,14.0,29.0,0.9,0.5,2.0,94.0,2.69,1.5,6.0,3.0,9.0,1.0,51.0,2.0,69.0,87.0,76.0,70.0,57.0,0.0,80.0,0.0,0.0,0.0,99.0,2.24,1.25,5.0,99.0,4.03,2.25,9.0,0.0,2.0,38.0,62.0,57.0,0.0,22.0,0.02,0.01,0.04,92.34,97.0,99.0,86.42,48.25,193.0,99.0,93.58,52.25,209.0,99.0,0.0,0.0,0.0,0.0,0.0,0.0,0.0,0.0,0.0,0.0,0.0,0.0,0.0,0.0,29.47,0.0,0.0,0.0,0.0,0.0,0.0,6,0.0,0.0,25.0,0.0,58.0,32.0,0.9,0.5,2.0,40.0,0.45,0.25,1.0,25.0,0.0,0.0,0.0,27.0,0.45,0.25,0.0,0.0,1.0,49.0,1.34,0.75,99.0,0.0,0.0,0.0,3.0,0.0,0.0,0.0,0.0,99.0,0.6,0.34,1.34,22.0,0.02,0.01,0.04,2026,0,0,0.45,0,0.0,0.0,0.0,2025-09-21 10:30:00,Domestic League,201,201,101,0,50,65,136,201,0,0,-1,15,-1,-1,0,2025/2026,2025,1
Italy_Serie_A_2025-2026,Pedro Eliezer Rodríguez Ledesma,Lazio,Forward,38,169,65,Spain,6,5,11,0,1,1,0.27,1970-01-07,1,0.27,3,3,6,55,2,2,4,1.09,eu,,89.0,40.66,13.64,150.0,13.0,0.27,0.09,0.0,1.0,0.0,8.0,92.0,0.09,6.79,73.0,35.0,0.0,0.0,0.0,1.0,9.0,45.0,74.0,91.0,7.0,0.27,0.09,1.0,45.0,1363.64,74.0,80.0,2.98,1.0,11.0,11.0,332.0,31.0,1.08,0.36,4.0,12.0,1.08,0.36,4.0,90.0,2.98,1.0,98.0,2.17,0.73,72.0,88.0,8.0,11.0,67.0,10.3,3.45,38.0,88.0,6.51,2.18,63.0,24.0,13.0,0.54,0.18,2.0,96.0,2.98,1.0,11.0,2.0,4.0,9.0,99.0,1.0,46.0,74.0,76.0,70.0,57.0,0.0,80.0,0.0,0.0,0.0,27.0,0.27,0.09,1.0,94.0,2.17,0.73,8.0,0.0,87.0,56.0,45.0,57.0,7.0,57.0,0.11,0.04,0.4,87.04,76.0,73.0,38.22,12.82,141.0,71.0,43.92,14.73,162.0,99.0,0.0,0.0,0.0,0.0,0.0,0.0,0.0,0.0,0.0,0.0,0.0,0.0,0.0,0.0,74.72,0.0,0.0,0.0,0.0,0.0,0.0,9,0.0,12.5,27.0,0.0,58.0,48.0,1.08,0.36,4.0,94.0,1.9,0.64,7.0,52.0,0.27,0.09,1.0,83.0,2.17,0.73,0.0,0.0,8.0,50.0,1.36,0.45,99.0,0.0,0.0,0.0,5.0,0.0,0.0,0.0,0.0,94.0,0.31,0.11,1.16,56.0,0.11,0.04,0.4,2026,0,0,0.27,0,0.0,0.0,0.0,2025-10-04 13:00:00,Domestic League,331,331,83,0,30,148,183,331,0,0,-1,17,277,-1,0,2025/2026,2025,1
Italy_Serie_A_2025-2026,Tijanni Noslin,Lazio,Forward,26,0,0,Netherlands,2,4,6,0,0,0,0.0,1970-01-11,0,0.0,1,2,3,50,0,0,0,0.0,eu,,41.0,0.0,0.0,0.0,99.0,6.62,0.45,0.0,5.0,3150000.0,65.0,64.0,0.0,3.61,4.0,35.0,0.0,0.0,0.0,0.0,0.0,31.0,30.0,90.0,3.0,0.0,0.0,0.0,99.0,0.0,41.0,18.0,0.0,0.0,0.0,11.0,68.0,0.0,3.97,0.27,3.0,99.0,0.0,0.0,0.0,63.0,1.32,0.09,20.0,0.0,0.0,0.0,20.0,0.0,1.0,99.0,22.5,1.55,17.0,99.0,11.91,0.82,52.0,9.0,96.0,2.65,0.18,2.0,98.0,3.97,0.27,3.0,0.0,0.0,6.0,95.0,0.0,17.0,42.0,76.0,70.0,57.0,0.0,80.0,0.0,0.0,0.0,15.0,0.0,0.0,0.0,77.0,1.32,0.09,1.0,0.0,9.0,30.0,0.0,57.0,0.0,72.0,0.19,0.01,0.14,78.26,35.0,40.0,23.82,1.64,18.0,38.0,30.44,2.09,23.0,99.0,0.0,0.0,0.0,0.0,0.0,0.0,1.0,0.0,0.0,0.0,0.0,0.0,0.0,0.0,39.68,0.0,0.0,0.0,0.0,0.0,0.0,14,0.0,100.0,99.0,0.0,58.0,65.0,1.32,0.09,1.0,12.0,0.0,0.0,0.0,96.0,1.32,0.09,1.0,65.0,1.32,0.09,0.0,0.0,1.0,47.0,1.32,0.09,99.0,0.0,0.0,0.0,1.0,0.0,0.0,0.0,0.0,38.0,0.09,0.01,0.07,71.0,0.19,0.01,0.14,2026,0,0,0.0,0,0.0,0.0,0.0,1970-01-01 00:00:00,Domestic League,0,0,0,0,11,34,34,68,0,0,-1,16,-1,-1,0,2025/2026,2025,0
Italy_Serie_A_2025-2026,Boulaye Dia,Lazio,Midfielder,29,180,75,France,6,5,11,0,0,0,0.0,1970-01-10,0,0.0,3,3,6,55,3,3,6,0.82,eu,,41.0,0.0,0.0,0.0,45.0,0.96,0.64,0.0,7.0,3200000.0,67.0,64.0,0.0,6.59,59.0,64.0,0.27,0.18,2.0,0.0,0.0,31.0,30.0,91.0,54.0,1.51,1.0,11.0,69.0,0.0,41.0,18.0,0.0,0.0,0.0,11.0,657.0,16.0,1.64,1.09,12.0,45.0,0.55,0.36,4.0,40.0,0.68,0.45,54.0,0.41,0.27,60.0,80.0,3.0,5.0,60.0,9.73,6.45,71.0,28.0,3.56,2.36,36.0,26.0,57.0,1.37,0.91,10.0,46.0,0.96,0.64,7.0,8.0,63.0,3.0,78.0,1.0,46.0,57.0,76.0,82.0,70.0,0.0,80.0,0.0,0.0,0.0,18.0,0.14,0.09,1.0,25.0,0.27,0.18,2.0,0.0,87.0,30.0,69.0,88.0,53.0,67.0,0.15,0.1,1.13,80.79,46.0,18.0,16.71,11.09,122.0,12.0,20.68,13.73,151.0,99.0,0.0,0.0,0.0,0.0,0.0,0.0,0.0,0.0,0.0,0.0,0.0,0.0,0.0,0.0,72.48,0.0,0.0,0.0,0.0,0.0,0.0,19,0.0,80.0,98.0,20.0,88.0,25.0,0.82,0.55,6.0,17.0,0.14,0.09,1.0,72.0,0.55,0.36,4.0,41.0,0.68,0.45,0.0,5.0,5.0,44.0,1.23,0.82,99.0,0.0,0.0,0.0,9.0,0.0,0.0,0.0,0.0,7.0,0.04,0.03,0.31,66.0,0.15,0.1,1.13,2026,0,1,0.14,1,0.0,0.28,0.14,2025-11-09 19:45:00,Domestic League,0,0,110,657,60,336,321,657,0,0,-1,4,100,-1,0,2025/2026,2025,0
Italy_Serie_A_2025-2026,Reda Belahyane,Lazio,Midfielder,21,0,0,France,1,3,4,0,1,1,0.58,2004-06-01,3,1.74,0,1,1,25,1,2,3,1.74,eu,,41.0,0.0,0.0,0.0,3.0,0.0,0.0,0.0,0.0,2090000.0,54.0,99.0,0.25,2.68,1.0,35.0,0.0,0.0,0.0,1.0,25.0,88.0,99.0,37.0,58.0,1.79,0.3,3.0,3.0,0.0,41.0,18.0,0.0,0.0,0.0,10.0,151.0,13.0,1.79,0.3,3.0,99.0,0.0,0.0,0.0,76.0,1.79,0.3,87.0,1.19,0.2,66.0,86.0,2.0,3.0,65.0,10.13,1.7,17.0,43.0,4.17,0.7,41.0,7.0,99.0,3.58,0.6,6.0,2.0,0.0,0.0,0.0,0.0,0.0,4.0,86.0,0.0,17.0,92.0,76.0,70.0,57.0,0.0,80.0,0.0,0.0,0.0,85.0,1.19,0.2,2.0,90.0,1.79,0.3,3.0,0.0,2.0,30.0,4.0,57.0,0.0,11.0,0.0,0.0,0.0,87.1,76.0,60.0,32.19,5.4,54.0,56.0,36.95,6.2,62.0,99.0,0.0,0.0,0.0,0.0,0.0,0.0,0.0,0.0,0.0,0.0,0.0,0.0,0.0,0.0,26.83,0.0,0.0,0.0,0.0,0.0,0.0,21,0.0,0.0,25.0,0.0,58.0,92.0,2.38,0.4,4.0,12.0,0.0,0.0,0.0,25.0,0.0,0.0,0.0,10.0,0.0,0.0,0.0,0.0,0.0,96.0,2.98,0.5,99.0,0.0,0.0,0.0,5.0,0.0,0.0,0.0,0.0,99.0,0.49,0.08,0.82,11.0,0.0,0.0,0.0,2026,0,0,0.58,0,0.0,0.0,0.0,1970-01-01 00:00:00,Domestic League,155,52,52,0,39,44,111,155,0,0,-1,14,-1,-1,1,2025/2026,2025,2
Italy_Serie_A_2025-2026,Elseid Gëzim Hysaj,Lazio,Defender,31,182,75,Albania,1,2,3,0,0,0,0.0,1970-01-09,0,0.0,1,1,2,67,0,2,2,1.18,eu,,78.0,29.61,5.0,50.0,52.0,1.18,0.2,0.0,2.0,6490000.0,90.0,64.0,0.0,1.28,0.0,35.0,0.0,0.0,0.0,0.0,0.0,31.0,30.0,99.0,81.0,3.55,0.6,6.0,37.0,2500.0,86.0,58.0,1.18,0.2,2.0,10.0,152.0,99.0,0.0,0.0,0.0,42.0,0.59,0.1,1.0,38.0,0.59,0.1,20.0,0.0,0.0,0.0,20.0,0.0,1.0,8.0,4.14,0.7,7.0,10.0,2.37,0.4,57.0,4.0,6.0,0.0,0.0,0.0,28.0,0.59,0.1,1.0,1.0,0.0,2.0,66.0,0.0,17.0,42.0,76.0,70.0,57.0,0.0,80.0,0.0,0.0,0.0,84.0,1.18,0.2,2.0,12.0,0.0,0.0,0.0,0.0,0.0,30.0,36.0,57.0,0.0,11.0,0.0,0.0,0.0,76.12,28.0,57.0,30.2,5.1,51.0,62.0,39.67,6.7,67.0,99.0,0.0,0.0,0.0,0.0,0.0,0.0,0.0,0.0,0.0,0.0,0.0,0.0,0.0,0.0,12.76,0.0,0.0,0.0,0.0,0.0,0.0,23,0.0,0.0,25.0,0.0,58.0,89.0,1.78,0.3,3.0,12.0,0.0,0.0,0.0,25.0,0.0,0.0,0.0,10.0,0.0,0.0,0.0,0.0,0.0,20.0,0.59,0.1,99.0,0.0,0.0,0.0,1.0,0.0,0.0,0.0,0.0,20.0,0.06,0.01,0.1,11.0,0.0,0.0,0.0,2026,0,0,0.0,0,0.0,0.0,0.0,2025-10-04 13:00:00,Domestic League,0,0,76,0,51,58,94,152,0,0,-1,13,-1,-1,0,2025/2026,2025,0
Italy_Serie_A_2025-2026,Toma Bašić,Lazio,Midfielder,28,189,80,Croatia,4,3,7,0,1,1,0.18,1970-01-10,0,0.0,3,2,5,71,2,1,3,0.54,eu,,46.0,8.93,5.56,50.0,69.0,1.61,1.0,0.0,9.0,2560000.0,62.0,84.0,0.14,5.46,24.0,50.0,0.18,0.11,1.0,0.0,0.0,31.0,30.0,99.0,61.0,1.96,1.22,11.0,86.0,454.55,47.0,69.0,1.96,1.22,11.0,9.0,504.0,54.0,0.54,0.33,3.0,33.0,0.71,0.44,4.0,21.0,0.18,0.11,20.0,0.0,0.0,0.0,20.0,0.0,1.0,38.0,8.04,5.0,45.0,45.0,4.29,2.67,53.0,24.0,62.0,1.43,0.89,8.0,73.0,1.61,1.0,9.0,7.0,54.0,0.0,34.0,1.0,46.0,81.0,76.0,92.0,74.0,0.0,93.0,0.18,0.11,1.0,35.0,0.36,0.22,2.0,31.0,0.36,0.22,2.0,0.0,18.0,30.0,86.0,84.0,36.0,82.0,0.27,0.17,1.51,87.26,77.0,61.0,33.04,20.56,185.0,57.0,37.86,23.56,212.0,99.0,0.0,0.0,0.0,0.0,0.0,0.0,0.0,0.0,0.0,0.0,0.0,0.0,0.0,0.0,49.16,0.0,0.0,0.0,0.0,0.0,0.0,26,0.0,50.0,89.0,10.0,69.0,10.0,0.54,0.33,3.0,65.0,0.89,0.56,5.0,86.0,0.89,0.56,5.0,75.0,1.79,1.11,0.0,10.0,10.0,37.0,1.07,0.67,99.0,0.0,0.0,0.0,6.0,0.0,0.0,0.0,0.0,80.0,0.19,0.12,1.04,79.0,0.27,0.17,1.51,2026,0,1,0.36,1,0.0,0.46,0.18,2025-11-09 19:45:00,Domestic League,503,0,168,503,72,307,196,503,0,0,-1,7,85,-1,0,2025/2026,2025,0
Italy_Serie_A_2025-2026,Christos Mandas,Lazio,Goalkeeper,24,185,75,Greece,0,0,0,0,0,0,0.0,2001-09-17,0,0.0,0,0,0,0,0,0,0,0.0,eu,,,,,,,,,,,,,,,,,,,,,,,,,,,,,,,,,,,,,,,,,,,,,,,,,,,,,,,,,,,,,,,,,,,,,,,,,,,,,,,,,,,,,,,,,,,,,,,,,,,,,,,,,,,,,,,,,,,,,,,,,,,,,,,,,,,,,,,,,,,,,,,,,,,,,,,,,,,,,,,,,,,,,,,,,,,,,,,,,,,,,,,2026,0,0,0.0,0,0.0,0.0,0.0,1970-01-01 00:00:00,Domestic League,0,0,0,0,0,0,0,0,0,0,-1,-1,-1,-1,0,2025/2026,2025,0
Italy_Serie_A_2025-2026,Alessio Furlanetto,Lazio,Goalkeeper,23,191,0,Italy,0,0,0,0,0,0,0.0,2002-02-07,0,0.0,0,0,0,0,0,0,0,0.0,eu,,,,,,,,,,,,,,,,,,,,,,,,,,,,,,,,,,,,,,,,,,,,,,,,,,,,,,,,,,,,,,,,,,,,,,,,,,,,,,,,,,,,,,,,,,,,,,,,,,,,,,,,,,,,,,,,,,,,,,,,,,,,,,,,,,,,,,,,,,,,,,,,,,,,,,,,,,,,,,,,,,,,,,,,,,,,,,,,,,,,,,,2026,0,0,0.0,0,0.0,0.0,0.0,1970-01-01 00:00:00,Domestic League,0,0,0,0,0,0,0,0,0,0,-1,-1,-1,-1,0,2025/2026,2025,0
Italy_Serie_A_2025-2026,Adam Marušić,Lazio,Defender,33,185,76,Montenegro,6,4,10,1,0,1,0.12,1970-01-09,1,0.12,3,3,6,60,4,1,5,0.58,eu,,41.0,0.0,0.0,0.0,37.0,0.82,0.7,0.0,7.0,0.0,8.0,73.0,0.1,6.79,73.0,57.0,0.23,0.2,2.0,1.0,10.0,52.0,44.0,97.0,58.0,1.75,1.5,15.0,83.0,0.0,41.0,37.0,0.35,0.3,3.0,10.0,773.0,81.0,0.12,0.1,1.0,83.0,0.12,0.1,1.0,38.0,0.58,0.5,27.0,0.12,0.1,20.0,22.0,1.0,5.0,14.0,6.05,5.2,52.0,20.0,3.26,2.8,53.0,28.0,26.0,0.82,0.7,7.0,28.0,0.58,0.5,5.0,9.0,73.0,1.0,51.0,1.0,46.0,53.0,76.0,70.0,57.0,0.0,80.0,0.0,0.0,0.0,66.0,0.82,0.7,7.0,15.0,0.12,0.1,1.0,0.0,65.0,88.0,83.0,57.0,67.0,22.0,0.02,0.02,0.21,87.56,79.0,83.0,45.06,38.7,387.0,82.0,51.46,44.2,442.0,99.0,0.0,0.0,0.0,0.0,0.0,0.0,0.0,0.0,0.0,0.0,0.0,0.0,0.0,0.0,67.89,0.0,0.0,0.0,0.0,0.0,0.0,77,0.0,50.0,89.0,0.0,58.0,11.0,0.58,0.5,5.0,15.0,0.12,0.1,1.0,32.0,0.12,0.1,1.0,15.0,0.23,0.2,0.0,0.0,2.0,74.0,1.86,1.6,99.0,0.0,0.0,0.0,16.0,0.0,0.0,0.0,0.0,73.0,0.17,0.15,1.5,22.0,0.02,0.02,0.21,2026,0,0,0.12,0,0.0,0.0,0.0,2025-11-09 19:45:00,Domestic League,773,773,155,0,77,417,356,773,0,0,-1,12,278,22,0,2025/2026,2025,1
Italy_Serie_A_2025-2026,Gleison Bremer Silva Nascimento,Juventus,Defender,28,188,80,Brazil,1,3,4,0,2,2,0.52,1970-01-10,0,0.0,1,1,2,50,0,4,4,1.04,eu,,41.0,0.0,0.0,0.0,75.0,1.82,1.4,0.0,7.0,0.0,8.0,98.0,0.5,5.72,33.0,83.0,0.52,0.4,2.0,0.0,0.0,31.0,30.0,90.0,93.0,5.72,4.4,22.0,50.0,0.0,41.0,31.0,0.26,0.2,1.0,5.0,346.0,99.0,0.0,0.0,0.0,99.0,0.0,0.0,0.0,23.0,0.26,0.2,20.0,0.0,0.0,0.0,20.0,0.0,1.0,18.0,6.5,5.0,25.0,18.0,3.12,2.4,48.0,12.0,13.0,0.52,0.4,2.0,39.0,0.78,0.6,3.0,4.0,22.0,0.0,34.0,1.0,46.0,90.0,76.0,70.0,57.0,0.0,80.0,0.0,0.0,0.0,46.0,0.52,0.4,2.0,50.0,0.78,0.6,3.0,0.0,2.0,30.0,50.0,57.0,10.0,47.0,0.08,0.06,0.29,86.29,73.0,82.0,44.22,34.0,170.0,82.0,51.24,39.4,197.0,99.0,0.0,0.0,0.0,0.0,0.0,0.0,0.0,0.0,0.0,0.0,0.0,0.0,0.0,0.0,28.61,0.0,0.0,0.0,0.0,0.0,0.0,3,0.0,25.0,44.0,0.0,58.0,45.0,1.04,0.8,4.0,61.0,0.78,0.6,3.0,51.0,0.26,0.2,1.0,56.0,1.04,0.8,0.0,0.0,4.0,18.0,0.52,0.4,99.0,0.0,0.0,0.0,2.0,0.0,0.0,0.0,0.0,98.0,0.43,0.33,1.67,46.0,0.08,0.06,0.29,2026,0,0,0.52,0,0.0,0.0,0.0,2025-09-27 16:00:00,Domestic League,173,0,87,0,87,90,256,346,0,0,-1,17,279,68,0,2025/2026,2025,0
Italy_Serie_A_2025-2026,Federico Gatti,Juventus,Defender,27,190,0,Italy,4,6,10,0,0,0,0.0,1970-01-11,3,0.35,1,3,4,40,3,5,8,0.92,eu,,41.0,0.0,0.0,0.0,76.0,1.96,1.42,0.0,17.0,6480000.0,89.0,64.0,0.0,5.68,31.0,57.0,0.23,0.17,2.0,3.0,30.0,92.0,85.0,64.0,91.0,5.19,3.75,45.0,60.0,0.0,41.0,22.0,0.12,0.08,1.0,12.0,780.0,81.0,0.12,0.08,1.0,64.0,0.35,0.25,3.0,17.0,0.12,0.08,27.0,0.12,0.08,100.0,99.0,1.0,1.0,17.0,6.46,4.67,56.0,31.0,3.69,2.67,57.0,32.0,59.0,1.38,1.0,12.0,32.0,0.69,0.5,6.0,9.0,73.0,1.0,51.0,5.0,98.0,53.0,76.0,76.0,68.0,0.0,80.0,0.0,0.0,0.0,65.0,0.81,0.58,7.0,15.0,0.12,0.08,1.0,0.0,65.0,46.0,60.0,93.0,68.0,70.0,0.16,0.12,1.41,90.7,93.0,88.0,49.5,35.75,429.0,86.0,54.58,39.42,473.0,99.0,0.0,0.0,0.0,0.0,0.0,0.0,0.0,0.0,0.0,0.0,0.0,0.0,0.0,0.0,68.11,0.0,0.0,0.0,0.0,0.0,0.0,4,0.0,40.0,72.0,10.0,69.0,36.0,0.92,0.67,8.0,56.0,0.69,0.5,6.0,66.0,0.46,0.33,4.0,61.0,1.15,0.83,0.0,10.0,10.0,31.0,0.92,0.67,99.0,0.0,0.0,0.0,8.0,0.0,0.0,0.0,0.0,44.0,0.1,0.07,0.86,69.0,0.16,0.12,1.41,2026,0,1,0.12,1,0.0,0.21,0.12,2025-11-01 19:45:00,Domestic League,0,260,98,780,78,356,424,780,0,0,-1,10,107,51,0,2025/2026,2025,3
Italy_Serie_A_2025-2026,Manuel Locatelli,Juventus,Midfielder,27,185,75,Italy,6,5,11,0,0,0,0.0,1970-01-11,3,0.32,1,3,4,36,5,3,8,0.85,eu,,49.0,10.56,8.33,100.0,73.0,1.8,1.42,0.0,17.0,7640000.0,94.0,64.0,0.0,6.62,61.0,54.0,0.21,0.17,2.0,3.0,27.0,90.0,82.0,55.0,69.0,2.43,1.92,23.0,66.0,3333.33,90.0,35.0,0.32,0.25,3.0,12.0,852.0,48.0,0.63,0.5,6.0,40.0,0.63,0.5,6.0,35.0,0.53,0.42,34.0,0.21,0.17,40.0,52.0,2.0,5.0,66.0,10.25,8.08,97.0,89.0,6.55,5.17,63.0,62.0,77.0,1.69,1.33,16.0,84.0,2.01,1.58,19.0,11.0,96.0,0.0,34.0,3.0,86.0,42.0,76.0,70.0,57.0,0.0,86.0,0.11,0.08,1.0,91.0,1.48,1.17,14.0,76.0,1.27,1.0,12.0,0.0,87.0,50.0,67.0,57.0,76.0,54.0,0.1,0.08,0.96,88.37,82.0,99.0,68.24,53.83,646.0,99.0,77.22,60.92,731.0,99.0,0.0,0.0,0.0,0.0,0.0,0.0,0.0,0.0,0.0,0.0,0.0,0.0,0.0,0.0,79.49,0.0,0.0,0.0,0.0,0.0,0.0,5,0.0,26.67,44.0,0.0,58.0,28.0,0.85,0.67,8.0,76.0,1.16,0.92,11.0,64.0,0.42,0.33,4.0,71.0,1.58,1.25,0.0,0.0,15.0,94.0,2.75,2.17,99.0,0.0,0.0,0.0,26.0,0.0,0.0,0.0,0.0,80.0,0.19,0.15,1.83,53.0,0.1,0.08,0.96,2026,0,0,0.0,0,0.0,0.0,0.0,2025-11-22 17:00:00,Domestic League,0,284,107,0,77,455,397,852,0,0,-1,23,280,-1,0,2025/2026,2025,3
Italy_Serie_A_2025-2026,Lloyd Casius Kelly,Juventus,Defender,27,190,70,England,5,5,10,0,0,0,0.0,1970-01-11,3,0.3,1,2,3,30,5,5,10,1.0,eu,,41.0,0.0,0.0,0.0,87.0,2.6,2.6,0.0,26.0,5550000.0,85.0,64.0,0.0,6.88,81.0,81.0,0.5,0.5,5.0,3.0,30.0,92.0,79.0,45.0,86.0,4.2,4.2,42.0,54.0,0.0,41.0,43.0,0.5,0.5,5.0,10.0,900.0,61.0,0.4,0.4,4.0,78.0,0.2,0.2,2.0,38.0,0.6,0.6,62.0,0.5,0.5,83.0,94.0,5.0,6.0,53.0,9.3,9.3,93.0,61.0,5.0,5.0,53.0,50.0,73.0,1.6,1.6,16.0,29.0,0.6,0.6,6.0,10.0,83.0,0.0,34.0,0.0,17.0,47.0,76.0,75.0,61.0,0.0,80.0,0.0,0.0,0.0,43.0,0.5,0.5,5.0,27.0,0.3,0.3,3.0,0.0,65.0,52.0,54.0,97.0,82.0,57.0,0.11,0.11,1.09,88.69,85.0,91.0,53.3,53.3,533.0,92.0,60.1,60.1,601.0,9.0,0.1,0.1,1.0,0.0,0.0,0.0,0.0,0.0,0.0,0.0,0.0,0.0,0.0,0.0,68.79,0.0,0.0,0.0,0.0,0.0,0.0,6,0.0,28.57,49.0,14.29,80.0,42.0,1.0,1.0,10.0,46.0,0.5,0.5,5.0,42.0,0.2,0.2,2.0,43.0,0.7,0.7,0.0,7.0,7.0,47.0,1.3,1.3,99.0,0.0,0.0,0.0,13.0,0.0,0.0,0.0,0.0,51.0,0.11,0.11,1.15,56.0,0.11,0.11,1.09,2026,0,1,0.1,1,0.0,0.2,0.1,2025-11-22 17:00:00,Domestic League,0,300,90,900,90,450,450,900,0,0,-1,4,130,61,0,2025/2026,2025,3
Italy_Serie_A_2025-2026,Francisco Fernandes Conceição,Juventus,Forward,22,173,68,Portugal,6,3,9,0,0,0,0.0,2002-12-14,0,0.0,1,3,4,44,5,0,5,0.77,eu,,61.0,18.25,11.9,119.0,3.0,0.0,0.0,0.0,0.0,8800000.0,96.0,64.0,0.0,6.26,53.0,35.0,0.0,0.0,0.0,0.0,0.0,31.0,30.0,71.0,4.0,0.15,0.1,1.0,72.0,396.67,44.0,93.0,4.6,3.0,30.0,10.0,587.0,15.0,1.69,1.1,11.0,55.0,0.46,0.3,3.0,99.0,5.06,3.3,99.0,2.91,1.9,57.0,74.0,19.0,33.0,89.0,13.03,8.5,85.0,84.0,6.13,4.0,47.0,40.0,69.0,1.53,1.0,10.0,80.0,1.84,1.2,12.0,7.0,54.0,2.0,66.0,1.0,46.0,57.0,83.0,70.0,71.0,0.0,91.0,0.15,0.1,1.0,40.0,0.46,0.3,3.0,79.0,1.38,0.9,9.0,0.0,45.0,30.0,72.0,87.0,45.0,77.0,0.23,0.15,1.5,89.5,89.0,57.0,30.05,19.6,196.0,48.0,33.58,21.9,219.0,99.0,0.0,0.0,0.0,0.0,0.0,0.0,0.0,0.0,0.0,0.0,0.0,0.0,0.0,0.0,62.61,0.0,0.0,0.0,0.0,0.0,0.0,7,0.0,20.0,35.0,6.67,63.0,21.0,0.77,0.5,5.0,93.0,1.84,1.2,12.0,66.0,0.46,0.3,3.0,86.0,2.3,1.5,0.0,15.0,15.0,59.0,1.53,1.0,99.0,0.0,0.0,0.0,10.0,0.0,0.0,0.0,0.0,54.0,0.12,0.08,0.8,75.0,0.23,0.15,1.5,2026,1,0,0.15,1,0.24,0.0,0.15,2025-11-08 17:00:00,Domestic League,0,0,117,587,65,373,214,587,0,0,-1,5,97,-1,0,2025/2026,2025,0
Italy_Serie_A_2025-2026,Kenan Yildiz,Juventus,Midfielder,20,0,0,Germany,5,6,11,0,3,3,0.3,2005-05-04,0,0.0,1,3,4,36,4,5,9,0.89,eu,,75.0,25.7,23.73,261.0,28.0,0.59,0.55,0.0,6.0,2960000.0,65.0,94.0,0.27,7.31,98.0,35.0,0.0,0.0,0.0,0.0,0.0,31.0,30.0,55.0,11.0,0.39,0.36,4.0,63.0,652.5,53.0,87.0,3.94,3.64,40.0,11.0,914.0,13.0,1.77,1.64,18.0,36.0,0.69,0.64,7.0,92.0,3.25,3.0,91.0,1.48,1.36,45.0,57.0,15.0,33.0,58.0,9.65,8.91,98.0,46.0,4.33,4.0,44.0,44.0,25.0,0.79,0.73,8.0,75.0,1.67,1.55,17.0,10.0,83.0,1.0,51.0,4.0,94.0,89.0,76.0,86.0,79.0,0.0,85.0,0.1,0.09,1.0,30.0,0.3,0.27,3.0,97.0,2.46,2.27,25.0,0.0,87.0,30.0,63.0,81.0,83.0,79.0,0.25,0.23,2.52,83.67,60.0,54.0,28.75,26.55,292.0,50.0,34.37,31.73,349.0,99.0,0.0,0.0,0.0,0.0,0.0,1.0,1.0,0.0,1.0,0.0,0.0,0.0,0.0,0.0,80.42,0.0,0.0,0.0,0.0,0.0,0.0,10,0.0,40.74,72.0,7.41,64.0,32.0,0.89,0.82,9.0,88.0,1.58,1.45,16.0,91.0,1.08,1.0,11.0,91.0,2.66,2.45,0.0,13.5,27.0,20.0,0.59,0.55,99.0,0.0,0.0,0.0,6.0,0.0,0.0,0.0,0.0,94.0,0.32,0.3,3.26,85.0,0.32,0.29,3.22,2026,0,2,0.49,2,0.0,0.35,0.2,2025-11-22 17:00:00,Domestic League,305,0,102,457,83,402,512,914,1,0,100,2,75,-1,0,2025/2026,2025,0
Italy_Serie_A_2025-2026,Pierre Kalulu Kyatengwa,Juventus,Defender,25,179,69,France,6,6,12,0,0,0,0.0,1970-01-12,0,0.0,1,3,4,33,6,5,11,0.92,eu,,56.0,14.42,14.42,173.0,42.0,0.92,0.92,0.0,11.0,3850000.0,72.0,64.0,0.0,6.95,83.0,62.0,0.25,0.25,3.0,0.0,0.0,31.0,30.0,50.0,64.0,2.08,2.08,25.0,60.0,665.38,54.0,71.0,2.17,2.17,26.0,12.0,1080.0,78.0,0.17,0.17,2.0,82.0,0.17,0.17,2.0,38.0,0.58,0.58,37.0,0.25,0.25,42.0,56.0,3.0,7.0,13.0,5.75,5.75,69.0,14.0,2.83,2.83,49.0,34.0,27.0,0.83,0.83,10.0,15.0,0.33,0.33,4.0,12.0,99.0,0.0,34.0,0.0,17.0,42.0,76.0,70.0,57.0,0.0,81.0,0.08,0.08,1.0,50.0,0.58,0.58,7.0,65.0,1.0,1.0,12.0,0.0,99.0,30.0,60.0,57.0,99.0,28.0,0.03,0.03,0.38,88.23,81.0,93.0,54.33,54.33,652.0,94.0,61.58,61.58,739.0,99.0,0.0,0.0,0.0,0.0,0.0,0.0,0.0,0.0,0.0,0.0,0.0,0.0,0.0,0.0,83.4,0.0,0.0,0.0,0.0,0.0,0.0,15,0.0,14.29,28.0,0.0,58.0,36.0,0.92,0.92,11.0,46.0,0.5,0.5,6.0,25.0,0.08,0.08,1.0,34.0,0.58,0.58,0.0,0.0,7.0,49.0,1.33,1.33,99.0,0.0,0.0,0.0,16.0,0.0,0.0,0.0,0.0,73.0,0.17,0.17,2.08,28.0,0.03,0.03,0.38,2026,0,0,0.0,0,0.0,0.0,0.0,2025-11-22 17:00:00,Domestic League,0,0,98,0,90,540,540,1080,0,0,-1,22,281,52,0,2025/2026,2025,0
Italy_Serie_A_2025-2026,Michele Di Gregorio,Juventus,Goalkeeper,28,187,79,Italy,5,6,11,0,0,0,0.0,1970-01-11,1,0.09,1,3,4,36,5,5,10,0.91,eu,,41.0,0.0,0.0,0.0,4.0,0.09,0.08,0.0,1.0,4630000.0,83.0,64.0,0.0,6.24,51.0,35.0,0.0,0.0,0.0,1.0,9.0,45.0,35.0,55.0,14.0,0.45,0.42,5.0,61.0,0.0,41.0,18.0,0.0,0.0,0.0,12.0,990.0,99.0,0.0,0.0,0.0,99.0,0.0,0.0,0.0,15.0,0.09,0.08,22.0,0.09,0.08,100.0,99.0,1.0,1.0,3.0,0.36,0.33,4.0,3.0,0.36,0.33,100.0,4.0,6.0,0.0,0.0,0.0,12.0,0.27,0.25,3.0,11.0,96.0,0.0,34.0,0.0,17.0,42.0,76.0,70.0,57.0,0.0,80.0,0.0,0.0,0.0,15.0,0.0,0.0,0.0,12.0,0.0,0.0,0.0,0.0,87.0,98.0,61.0,57.0,93.0,11.0,0.0,0.0,0.0,79.6,42.0,33.0,21.64,19.83,238.0,29.0,27.18,24.92,299.0,99.0,0.0,0.0,0.0,0.0,0.0,0.0,0.0,0.0,0.0,0.0,33.0,0.27,0.25,3.0,74.84,67.74,44.0,12.0,1.91,1.75,21.0,16,0.0,0.0,25.0,0.0,58.0,93.0,2.82,2.58,31.0,12.0,0.0,0.0,0.0,25.0,0.0,0.0,0.0,10.0,0.0,0.0,0.0,0.0,0.0,7.0,0.0,0.0,99.0,0.0,0.0,0.0,0.0,0.0,0.0,0.0,0.0,12.0,0.05,0.04,0.5,11.0,0.0,0.0,0.0,2026,0,0,0.0,0,0.0,0.0,0.0,2025-11-22 17:00:00,Domestic League,0,990,99,0,90,450,540,990,0,0,-1,21,282,50,0,2025/2026,2025,1
Italy_Serie_A_2025-2026,Khéphren Thuram-Ulie,Juventus,Midfielder,24,192,81,France,6,5,11,1,0,1,0.12,1970-01-12,0,0.0,1,3,4,36,4,4,8,0.95,eu,,44.0,5.96,4.55,50.0,63.0,1.43,1.09,0.0,12.0,4630000.0,83.0,73.0,0.09,7.02,89.0,60.0,0.24,0.18,2.0,0.0,0.0,31.0,30.0,55.0,51.0,1.31,1.0,11.0,57.0,1250.0,73.0,43.0,0.48,0.36,4.0,11.0,755.0,50.0,0.6,0.45,5.0,74.0,0.24,0.18,2.0,74.0,1.67,1.27,87.0,1.19,0.91,71.0,87.0,10.0,14.0,63.0,10.01,7.64,84.0,69.0,5.25,4.0,52.0,44.0,83.0,1.91,1.45,16.0,35.0,0.72,0.55,6.0,9.0,73.0,2.0,66.0,1.0,46.0,71.0,76.0,80.0,68.0,0.0,80.0,0.0,0.0,0.0,52.0,0.6,0.45,5.0,54.0,0.83,0.64,7.0,0.0,87.0,30.0,56.0,91.0,64.0,75.0,0.21,0.16,1.8,87.78,79.0,85.0,47.09,35.91,395.0,85.0,53.64,40.91,450.0,99.0,0.0,0.0,0.0,0.0,0.0,0.0,0.0,0.0,0.0,0.0,0.0,0.0,0.0,0.0,77.2,0.0,0.0,0.0,0.0,0.0,0.0,19,0.0,35.29,63.0,5.88,61.0,38.0,0.95,0.73,8.0,80.0,1.31,1.0,11.0,80.0,0.72,0.55,6.0,80.0,2.03,1.55,0.0,17.0,17.0,83.0,2.15,1.64,99.0,0.0,0.0,0.0,18.0,0.0,0.0,0.0,0.0,81.0,0.2,0.15,1.67,73.0,0.21,0.16,1.8,2026,0,1,0.24,1,0.0,0.26,0.12,2025-11-22 17:00:00,Domestic League,755,0,94,755,69,406,349,755,0,0,-1,7,110,-1,0,2025/2026,2025,0
Italy_Serie_A_2025-2026,Andrea Cambiaso,Juventus,Defender,25,181,73,Italy,5,5,10,0,1,1,0.11,1970-01-12,2,0.22,0,3,3,30,6,2,8,0.87,eu,,84.0,36.2,33.3,333.0,14.0,0.33,0.3,0.0,3.0,5550000.0,85.0,71.0,0.1,7.15,95.0,83.0,0.54,0.5,5.0,,,31.0,63.0,45.0,18.0,0.54,0.5,5.0,65.0,740.0,57.0,93.0,4.89,4.5,45.0,10.0,828.0,66.0,0.33,0.3,3.0,23.0,0.87,0.8,8.0,55.0,1.09,1.0,45.0,0.33,0.3,30.0,35.0,3.0,10.0,13.0,5.76,5.3,53.0,11.0,2.5,2.3,43.0,23.0,34.0,0.98,0.9,9.0,20.0,0.43,0.4,4.0,10.0,83.0,,34.0,4.0,94.0,68.0,82.0,70.0,65.0,,80.0,0.0,0.0,,61.0,0.76,0.7,7.0,93.0,1.96,1.8,18.0,0.0,65.0,69.0,65.0,94.0,73.0,60.0,0.12,0.11,1.12,88.69,85.0,80.0,43.48,40.0,400.0,80.0,49.02,45.1,451.0,99.0,0.0,0.0,,,0.0,,,,,,,0.0,0.0,,71.47,0.0,,,0.0,0.0,,27,0.0,50.0,89.0,16.67,84.0,29.0,0.87,0.8,8.0,29.0,0.33,0.3,3.0,56.0,0.33,0.3,3.0,39.0,0.65,0.6,0.0,6.0,6.0,50.0,1.41,1.3,99.0,0.0,0.0,,13.0,,,,,89.0,0.24,0.22,2.17,59.0,0.12,0.11,1.12,2026,1,0,0.22,1,0.23,0.0,0.11,2025-11-22 17:00:00,Domestic League,828,414,104,828,83,385,443,828,0,0,-1,8,125,46,1,2025/2026,2025,1
Italy_Serie_A_2025-2026,Jonathan Christian David,Juventus,Forward,25,177,70,Canada,6,5,11,0,1,1,0.2,1970-01-11,0,0.0,1,3,4,36,3,0,3,0.61,eu,,41.0,0.0,0.0,,55.0,1.22,0.5,0.0,6.0,14810000.0,99.0,88.0,0.09,5.52,26.0,35.0,0.0,0.0,,,,31.0,30.0,55.0,3.0,0.0,0.0,,81.0,0.0,41.0,40.0,0.41,0.17,2.0,12.0,443.0,33.0,1.02,0.42,5.0,41.0,0.61,0.25,3.0,54.0,1.02,0.42,66.0,0.61,0.25,60.0,80.0,3.0,5.0,54.0,9.35,3.83,46.0,41.0,4.06,1.67,43.0,20.0,26.0,0.81,0.33,4.0,65.0,1.42,0.58,7.0,5.0,32.0,6.0,95.0,4.0,94.0,85.0,76.0,91.0,79.0,,80.0,0.0,0.0,,22.0,0.2,0.08,1.0,93.0,2.03,0.83,10.0,0.0,87.0,30.0,81.0,79.0,24.0,83.0,0.28,0.12,1.39,77.69,34.0,26.0,19.1,7.83,94.0,23.0,24.58,10.08,121.0,99.0,0.0,0.0,,,0.0,,,,,,,0.0,0.0,,66.3,0.0,,,0.0,0.0,,30,0.0,36.36,65.0,9.09,67.0,14.0,0.61,0.25,3.0,84.0,1.42,0.58,7.0,84.0,0.81,0.33,4.0,84.0,2.23,0.92,0.0,11.0,11.0,27.0,0.81,0.33,99.0,0.0,0.0,,4.0,,,,,89.0,0.24,0.1,1.16,80.0,0.28,0.12,1.39,2026,0,1,0.41,1,0.0,0.45,0.2,2025-10-26 19:45:00,Domestic League,443,0,148,443,40,245,198,443,0,0,-1,9,73,-1,0,2025/2026,2025,0
Italy_Serie_A_2025-2026,Teun Koopmeiners,Juventus,Midfielder,27,183,77,Netherlands,6,5,11,0,0,0,0.0,1970-01-11,4,0.53,1,2,3,27,4,3,7,0.92,eu,,67.0,20.72,13.08,157.0,67.0,1.58,1.0,0.0,12.0,7210000.0,92.0,64.0,0.0,5.71,33.0,90.0,0.66,0.42,5.0,4.0,36.0,96.0,97.0,39.0,65.0,2.11,1.33,16.0,60.0,713.64,55.0,79.0,2.9,1.83,22.0,12.0,682.0,79.0,0.13,0.08,1.0,20.0,0.92,0.58,7.0,35.0,0.53,0.33,27.0,0.13,0.08,25.0,29.0,1.0,4.0,38.0,8.05,5.08,61.0,22.0,3.3,2.08,40.0,25.0,81.0,1.85,1.17,14.0,4.0,0.13,0.08,1.0,7.0,54.0,4.0,86.0,2.0,69.0,42.0,76.0,70.0,57.0,,80.0,0.0,0.0,,73.0,0.92,0.58,7.0,77.0,1.32,0.83,10.0,0.0,87.0,35.0,59.0,57.0,56.0,60.0,0.12,0.08,0.91,90.34,92.0,87.0,49.35,31.17,374.0,87.0,54.63,34.5,414.0,99.0,0.0,0.0,,,0.0,,,,,,,0.0,0.0,,68.47,0.0,,,0.0,0.0,,8,0.0,27.27,46.0,0.0,58.0,36.0,0.92,0.58,7.0,72.0,1.06,0.67,8.0,62.0,0.4,0.25,3.0,68.0,1.45,0.92,0.0,0.0,11.0,54.0,1.45,0.92,99.0,0.0,0.0,,11.0,,,,,59.0,0.13,0.08,0.99,59.0,0.12,0.08,0.91,2026,0,0,0.0,0,0.0,0.0,0.0,2025-11-22 17:00:00,Domestic League,0,171,97,0,62,395,287,682,0,0,-1,20,271,-1,0,2025/2026,2025,4
Italy_Serie_A_2025-2026,Dušan Vlahović,Juventus,Forward,25,190,75,Serbia,6,6,12,1,0,1,0.14,1970-01-11,0,0.0,1,3,4,33,5,3,8,1.11,eu,,54.0,13.82,8.33,100.0,80.0,2.21,1.33,0.0,16.0,27780000.0,99.0,79.0,0.08,6.84,77.0,65.0,0.28,0.17,2.0,,,31.0,30.0,50.0,12.0,0.41,0.25,3.0,43.0,3333.33,90.0,40.0,0.41,0.25,3.0,12.0,651.0,15.0,1.66,1.0,12.0,99.0,0.0,0.0,,36.0,0.55,0.33,40.0,0.28,0.17,50.0,69.0,2.0,4.0,70.0,10.51,6.33,76.0,59.0,4.84,2.92,46.0,35.0,33.0,0.97,0.58,7.0,83.0,1.94,1.17,14.0,7.0,54.0,5.0,90.0,3.0,86.0,91.0,84.0,97.0,93.0,,80.0,0.0,0.0,,28.0,0.28,0.17,2.0,62.0,0.97,0.58,7.0,0.0,99.0,30.0,43.0,64.0,52.0,94.0,0.43,0.26,3.14,69.11,13.0,5.0,11.75,7.08,85.0,6.0,17.0,10.25,123.0,99.0,0.0,0.0,,,0.0,1.0,1.0,,1.0,,,0.0,0.0,,82.03,0.0,,,0.0,0.0,,9,0.0,34.48,62.0,10.34,69.0,50.0,1.11,0.67,8.0,98.0,2.63,1.58,19.0,97.0,1.38,0.83,10.0,99.0,4.01,2.42,0.0,9.67,29.0,16.0,0.41,0.25,99.0,0.0,0.0,,3.0,,,,,63.0,0.14,0.09,1.02,96.0,0.53,0.32,3.84,2026,1,2,0.55,3,0.25,0.62,0.41,2025-11-22 17:00:00,Domestic League,651,0,81,217,54,361,290,651,1,0,100,1,24,-1,0,2025/2026,2025,0
Italy_Serie_A_2025-2026,Nicolás González,Juventus,Midfielder,27,180,72,Argentina,1,1,2,0,0,0,0.0,1970-01-11,0,0.0,1,1,2,100,0,0,0,0.0,eu,,41.0,0.0,0.0,,99.0,15.88,1.5,0.0,3.0,,8.0,64.0,0.0,6.71,67.0,35.0,0.0,0.0,,,,31.0,30.0,99.0,92.0,5.29,0.5,1.0,99.0,0.0,41.0,18.0,0.0,0.0,,2.0,17.0,99.0,0.0,0.0,,99.0,0.0,0.0,,13.0,0.0,0.0,20.0,0.0,0.0,0.0,20.0,,,99.0,26.47,2.5,5.0,99.0,26.47,2.5,100.0,5.0,6.0,0.0,0.0,,99.0,15.88,1.5,3.0,,,2.0,66.0,,17.0,42.0,76.0,70.0,57.0,,80.0,0.0,0.0,,15.0,0.0,0.0,,99.0,5.29,0.5,1.0,0.0,,30.0,,57.0,,98.0,0.58,0.06,0.11,40.0,,4.0,10.59,1.0,2.0,28.0,26.47,2.5,5.0,99.0,0.0,0.0,,,0.0,,,,,,,0.0,0.0,,13.43,0.0,,,0.0,0.0,,11,0.0,0.0,25.0,0.0,58.0,,0.0,0.0,,99.0,10.59,1.0,2.0,25.0,0.0,0.0,,99.0,10.59,1.0,0.0,0.0,2.0,7.0,0.0,0.0,99.0,0.0,0.0,,,,,,,83.0,0.21,0.02,0.04,97.0,0.58,0.06,0.11,2026,0,0,0.0,0,0.0,0.0,0.0,1970-01-01 00:00:00,Domestic League,0,0,0,0,9,7,10,17,0,0,-1,19,-1,-1,0,2025/2026,2025,0
Italy_Serie_A_2025-2026,Vasilije Adžić,Juventus,Midfielder,19,0,0,Montenegro,2,3,5,0,0,0,0.0,2006-05-12,0,0.0,0,1,1,20,1,2,3,2.2,eu,,41.0,0.0,0.0,,34.0,0.73,0.08,0.0,1.0,930000.0,23.0,64.0,0.0,2.22,,35.0,0.0,0.0,,,,31.0,30.0,25.0,67.0,2.2,0.25,3.0,,0.0,41.0,65.0,1.46,0.17,2.0,12.0,123.0,20.0,1.46,0.17,2.0,31.0,0.73,0.08,1.0,98.0,4.39,0.5,72.0,0.73,0.08,16.0,21.0,1.0,6.0,92.0,14.63,1.67,20.0,47.0,4.39,0.5,30.0,6.0,64.0,1.46,0.17,2.0,35.0,0.73,0.08,1.0,1.0,,4.0,86.0,3.0,86.0,96.0,76.0,99.0,99.0,,80.0,0.0,0.0,,91.0,1.46,0.17,2.0,98.0,2.93,0.33,4.0,0.0,4.0,30.0,,58.0,,99.0,0.83,0.09,1.13,81.54,49.0,74.0,38.78,4.42,53.0,78.0,47.56,5.42,65.0,99.0,0.0,0.0,,,0.0,,,,,,,0.0,0.0,,26.62,0.0,,,0.0,0.0,,17,0.0,80.0,98.0,20.0,88.0,92.0,2.2,0.25,3.0,59.0,0.73,0.08,1.0,99.0,2.93,0.33,4.0,98.0,3.66,0.42,0.0,5.0,5.0,84.0,2.2,0.25,99.0,0.0,0.0,,3.0,,,,,73.0,0.17,0.02,0.23,99.0,0.83,0.09,1.13,2026,0,1,0.73,1,0.0,1.14,0.73,2025-09-27 16:00:00,Domestic League,0,0,41,123,25,44,79,123,0,0,-1,11,-1,-1,0,2025/2026,2025,0
Italy_Serie_A_2025-2026,Filip Kostić,Juventus,Midfielder,33,184,82,Serbia,5,2,7,1,0,1,0.3,1970-01-09,0,0.0,1,1,2,28,1,1,2,0.61,eu,,87.0,38.48,10.58,127.0,13.0,0.3,0.08,0.0,1.0,4010000.0,76.0,94.0,0.14,3.61,4.0,66.0,0.3,0.08,1.0,,,31.0,30.0,43.0,46.0,1.21,0.33,4.0,81.0,317.5,43.0,99.0,12.12,3.33,40.0,12.0,297.0,27.0,1.21,0.33,4.0,21.0,0.91,0.25,3.0,60.0,1.21,0.33,78.0,0.91,0.25,75.0,91.0,3.0,4.0,51.0,9.09,2.5,30.0,66.0,5.15,1.42,56.0,17.0,50.0,1.21,0.33,4.0,13.0,0.3,0.08,1.0,3.0,9.0,4.0,86.0,3.0,86.0,98.0,99.0,70.0,98.0,,80.0,0.0,0.0,,30.0,0.3,0.08,1.0,98.0,2.73,0.75,9.0,0.0,18.0,30.0,81.0,60.0,3.0,96.0,0.46,0.13,1.53,84.33,65.0,65.0,34.24,9.42,113.0,63.0,40.61,11.17,134.0,99.0,0.0,0.0,,,0.0,,,,,,,0.0,0.0,,43.35,0.0,,,0.0,0.0,,18,0.0,75.0,98.0,50.0,99.0,14.0,0.61,0.17,2.0,28.0,0.3,0.08,1.0,87.0,0.91,0.25,3.0,63.0,1.21,0.33,0.0,2.0,4.0,99.0,3.64,1.0,99.0,0.0,0.0,,12.0,,,,,96.0,0.36,0.1,1.18,94.0,0.46,0.13,1.53,2026,2,0,0.91,2,0.88,0.0,0.61,2025-11-22 17:00:00,Domestic League,297,0,149,149,42,204,93,297,0,0,-1,3,9,-1,0,2025/2026,2025,0
Italy_Serie_A_2025-2026,Weston James Earl McKennie,Juventus,Midfielder,27,183,84,USA,5,6,11,0,0,0,0.0,1970-01-11,2,0.28,1,3,4,36,4,4,8,1.11,eu,,41.0,0.0,0.0,,65.0,1.53,0.92,0.0,11.0,3590000.0,69.0,64.0,0.0,5.12,20.0,77.0,0.42,0.25,3.0,2.0,18.0,72.0,76.0,55.0,47.0,1.25,0.75,9.0,43.0,0.0,41.0,57.0,1.11,0.67,8.0,12.0,649.0,46.0,0.69,0.42,5.0,45.0,0.55,0.33,4.0,46.0,0.83,0.5,40.0,0.28,0.17,33.0,42.0,2.0,6.0,44.0,8.46,5.08,61.0,33.0,3.74,2.25,44.0,27.0,80.0,1.8,1.08,13.0,12.0,0.28,0.17,2.0,7.0,54.0,4.0,86.0,3.0,86.0,42.0,76.0,70.0,57.0,,80.0,0.0,0.0,,57.0,0.69,0.42,5.0,85.0,1.53,0.92,11.0,0.0,87.0,56.0,43.0,57.0,52.0,62.0,0.13,0.08,0.94,85.16,68.0,62.0,33.42,20.08,241.0,61.0,39.24,23.58,283.0,99.0,0.0,0.0,,,0.0,,,,,,,0.0,0.0,,61.39,0.0,,,0.0,0.0,,22,0.0,33.33,61.0,0.0,58.0,50.0,1.11,0.67,8.0,74.0,1.11,0.67,8.0,72.0,0.55,0.33,4.0,73.0,1.66,1.0,0.0,0.0,12.0,64.0,1.66,1.0,99.0,0.0,0.0,,12.0,,,,,66.0,0.15,0.09,1.09,61.0,0.13,0.08,0.94,2026,0,0,0.0,0,0.0,0.0,0.0,2025-11-22 17:00:00,Domestic League,0,324,81,0,59,266,382,648,0,0,-1,18,283,-1,0,2025/2026,2025,2
Italy_Serie_A_2025-2026,Carlo Pinsoglio,Juventus,Goalkeeper,35,192,72,Italy,0,0,0,0,0,0,0.0,1970-01-08,0,0.0,0,0,0,0,0,0,0,0.0,eu,,,,,,,,,,,,,,,,,,,,,,,,,,,,,,,,,,,,,,,,,,,,,,,,,,,,,,,,,,,,,,,,,,,,,,,,,,,,,,,,,,,,,,,,,,,,,,,,,,,,,,,,,,,,,,,,,,,,,,,,,,,,,,,,,,,,,,,,,,,,,,,,,,,,,,,,,,,,,,,,,,,,,,,,,,,,,,,,,,,,,,,2026,0,0,0.0,0,0.0,0.0,0.0,1970-01-01 00:00:00,Domestic League,0,0,0,0,0,0,0,0,0,0,-1,-1,-1,-1,0,2025/2026,2025,0
Italy_Serie_A_2025-2026,Daniele Rugani,Juventus,Defender,31,190,82,Italy,2,3,5,0,0,0,0.0,1970-01-09,0,0.0,0,2,2,40,2,0,2,0.81,eu,,41.0,0.0,0.0,,89.0,2.85,0.64,0.0,7.0,4160000.0,79.0,64.0,0.0,2.41,,76.0,0.41,0.09,1.0,,,31.0,30.0,64.0,77.0,3.26,0.73,8.0,69.0,0.0,41.0,18.0,0.0,0.0,,11.0,221.0,99.0,0.0,0.0,,99.0,0.0,0.0,,13.0,0.0,0.0,20.0,0.0,0.0,0.0,20.0,,,15.0,6.11,1.36,15.0,41.0,4.07,0.91,66.0,10.0,26.0,0.81,0.18,2.0,2.0,0.0,0.0,,3.0,9.0,2.0,66.0,4.0,94.0,42.0,76.0,70.0,57.0,,80.0,0.0,0.0,,98.0,2.04,0.45,5.0,12.0,0.0,0.0,,0.0,4.0,30.0,69.0,57.0,,11.0,0.0,0.0,0.0,90.91,94.0,91.0,52.94,11.82,130.0,90.0,58.24,13.0,143.0,99.0,0.0,0.0,,,0.0,,,,,,,0.0,0.0,,26.51,0.0,,,0.0,0.0,,24,0.0,0.0,25.0,0.0,58.0,24.0,0.81,0.18,2.0,12.0,0.0,0.0,,25.0,0.0,0.0,,10.0,0.0,0.0,0.0,0.0,,44.0,1.22,0.27,99.0,0.0,0.0,,3.0,,,,,51.0,0.11,0.03,0.28,11.0,0.0,0.0,0.0,2026,0,0,0.0,0,0.0,0.0,0.0,2025-11-08 17:00:00,Domestic League,0,0,111,0,44,88,133,221,0,0,-1,12,-1,-1,0,2025/2026,2025,0
Italy_Serie_A_2025-2026,João Mário Neto Lopes,Juventus,Defender,25,178,62,Portugal,5,3,8,0,0,0,0.0,1970-01-11,1,0.38,1,1,2,25,2,0,2,0.76,eu,,91.0,44.43,9.75,117.0,35.0,0.76,0.17,0.0,2.0,4630000.0,83.0,64.0,0.0,4.39,9.0,91.0,0.76,0.17,2.0,1.0,12.0,60.0,88.0,37.0,29.0,0.76,0.17,2.0,72.0,2340.0,83.0,69.0,1.9,0.42,5.0,12.0,237.0,99.0,0.0,0.0,,99.0,0.0,0.0,,97.0,4.18,0.92,97.0,1.9,0.42,45.0,57.0,5.0,11.0,80.0,11.77,2.58,31.0,96.0,7.97,1.75,67.0,21.0,68.0,1.52,0.33,4.0,98.0,3.8,0.83,10.0,2.0,4.0,6.0,95.0,4.0,94.0,42.0,76.0,70.0,57.0,,80.0,0.0,0.0,,83.0,1.14,0.25,3.0,70.0,1.14,0.25,3.0,0.0,30.0,42.0,73.0,57.0,,33.0,0.04,0.01,0.1,73.08,20.0,55.0,28.86,6.33,76.0,61.0,39.49,8.67,104.0,,0.38,0.08,1.0,,0.0,,,,,,,0.0,0.0,,52.69,0.0,,,0.0,0.0,,25,0.0,0.0,25.0,0.0,58.0,20.0,0.76,0.17,2.0,60.0,0.76,0.17,2.0,25.0,0.0,0.0,,46.0,0.76,0.17,0.0,0.0,2.0,58.0,1.52,0.33,99.0,0.0,0.0,,4.0,,,,,44.0,0.1,0.02,0.27,32.0,0.04,0.01,0.1,2026,0,0,0.0,0,0.0,0.0,0.0,2025-09-20 16:00:00,Domestic League,0,237,119,0,30,167,70,237,0,0,-1,16,-1,-1,0,2025/2026,2025,1
Italy_Serie_A_2025-2026,Jonas Jakob Rouhi,Juventus,Defender,21,0,0,Sweden,0,0,0,0,0,0,0.0,2004-01-07,0,0.0,0,0,0,0,0,0,0,0.0,eu,,,,,,,,,,,,,,,,,,,,,,,,,,,,,,,,,,,,,,,,,,,,,,,,,,,,,,,,,,,,,,,,,,,,,,,,,,,,,,,,,,,,,,,,,,,,,,,,,,,,,,,,,,,,,,,,,,,,,,,,,,,,,,,,,,,,,,,,,,,,,,,,,,,,,,,,,,,,,,,,,,,,,,,,,,,,,,,,,,,,,,,2026,0,0,0.0,0,0.0,0.0,0.0,1970-01-01 00:00:00,Domestic League,0,0,0,0,0,0,0,0,0,0,-1,-1,-1,-1,0,2025/2026,2025,0
Italy_Serie_A_2025-2026,Matteo Fuscaldo,Juventus,Midfielder,20,0,0,Italy,0,0,0,0,0,0,0.0,2005-02-25,0,0.0,0,0,0,0,0,0,0,0.0,eu,,,,,,,,,,,,,,,,,,,,,,,,,,,,,,,,,,,,,,,,,,,,,,,,,,,,,,,,,,,,,,,,,,,,,,,,,,,,,,,,,,,,,,,,,,,,,,,,,,,,,,,,,,,,,,,,,,,,,,,,,,,,,,,,,,,,,,,,,,,,,,,,,,,,,,,,,,,,,,,,,,,,,,,,,,,,,,,,,,,,,,,2026,0,0,0.0,0,0.0,0.0,0.0,1970-01-01 00:00:00,Domestic League,0,0,0,0,0,0,0,0,0,0,-1,-1,-1,-1,0,2025/2026,2025,0
Italy_Serie_A_2025-2026,Lautaro Rodrigo Valenti,Parma,Defender,26,188,80,Argentina,4,4,8,0,0,0,0.0,1970-01-11,2,0.27,1,1,2,25,5,5,10,1.33,eu,,41.0,0.0,0.0,,42.0,0.92,0.86,0.0,6.0,960000.0,25.0,64.0,0.0,6.62,61.0,78.0,0.46,0.43,3.0,2.0,25.0,88.0,74.0,37.0,90.0,4.91,4.57,32.0,22.0,0.0,41.0,54.0,0.92,0.86,6.0,7.0,587.0,57.0,0.46,0.43,3.0,55.0,0.46,0.43,3.0,19.0,0.15,0.14,20.0,0.0,0.0,0.0,20.0,,1.0,16.0,6.29,5.86,41.0,12.0,2.61,2.43,41.0,17.0,24.0,0.77,0.71,5.0,22.0,0.46,0.43,3.0,6.0,42.0,1.0,51.0,,17.0,42.0,76.0,70.0,57.0,,80.0,0.0,0.0,,81.0,1.07,1.0,7.0,61.0,0.92,0.86,6.0,0.0,30.0,59.0,23.0,57.0,56.0,39.0,0.05,0.05,0.32,76.85,31.0,44.0,25.45,23.71,166.0,46.0,33.12,30.86,216.0,99.0,0.0,0.0,,,0.0,,,,,,,0.0,0.0,,46.35,0.0,,,0.0,0.0,,5,0.0,25.0,44.0,0.0,58.0,77.0,1.53,1.43,10.0,41.0,0.46,0.43,3.0,35.0,0.15,0.14,1.0,35.0,0.61,0.57,0.0,0.0,4.0,50.0,1.38,1.29,99.0,0.0,0.0,,9.0,,,,,38.0,0.09,0.08,0.58,38.0,0.05,0.05,0.32,2026,0,0,0.0,0,0.0,0.0,0.0,2025-11-23 11:30:00,Domestic League,0,339,68,0,85,317,360,677,0,0,-1,18,285,103,0,2025/2026,2025,2
Italy_Serie_A_2025-2026,Mateo Pellegrino Casalanguila,Parma,Forward,24,193,80,Argentina,6,6,12,0,0,0,0.0,1970-01-12,3,0.27,2,1,3,25,6,7,13,1.15,eu,,41.0,0.0,0.0,,99.0,4.86,4.55,0.0,50.0,560000.0,14.0,64.0,0.0,6.81,76.0,74.0,0.39,0.36,4.0,2.0,17.0,67.0,74.0,37.0,39.0,1.07,1.0,11.0,39.0,0.0,41.0,32.0,0.29,0.27,3.0,11.0,925.0,1.0,2.82,2.64,29.0,69.0,0.29,0.27,3.0,55.0,1.07,1.0,70.0,0.68,0.64,63.0,82.0,7.0,11.0,98.0,17.81,16.64,183.0,97.0,7.98,7.45,44.0,82.0,98.0,3.02,2.82,31.0,85.0,2.04,1.91,21.0,11.0,96.0,,34.0,2.0,69.0,80.0,88.0,86.0,89.0,,94.0,0.19,0.18,2.0,16.0,0.1,0.09,1.0,57.0,0.88,0.82,9.0,0.0,99.0,59.0,39.0,68.0,94.0,70.0,0.17,0.16,1.76,57.52,2.0,2.0,8.56,8.0,88.0,3.0,14.89,13.91,153.0,99.0,0.0,0.0,,,0.0,1.0,,,1.0,,,0.0,0.0,,74.95,0.0,,,0.0,0.0,,9,0.0,50.0,89.0,14.29,80.0,53.0,1.17,1.09,12.0,55.0,0.68,0.64,7.0,78.0,0.68,0.64,7.0,66.0,1.36,1.27,0.0,7.0,14.0,17.0,0.49,0.45,99.0,0.0,0.0,,5.0,,,,,20.0,0.06,0.06,0.62,76.0,0.24,0.22,2.46,2026,2,2,0.35,4,0.36,0.35,0.35,2025-11-23 11:30:00,Domestic League,0,339,78,254,85,502,514,1016,1,0,100,1,36,-1,0,2025/2026,2025,3
Italy_Serie_A_2025-2026,Adrián Bernabé García,Parma,Midfielder,24,170,65,Spain,6,6,12,0,0,0,0.0,1970-01-12,0,0.0,2,1,3,25,6,7,13,1.22,eu,,64.0,19.83,17.55,193.0,3.0,0.0,0.0,0.0,,,8.0,64.0,0.0,6.95,83.0,54.0,0.21,0.18,2.0,,,31.0,30.0,37.0,24.0,0.62,0.55,6.0,31.0,714.81,56.0,76.0,2.77,2.45,27.0,11.0,876.0,44.0,0.72,0.64,7.0,14.0,1.03,0.91,10.0,71.0,1.54,1.36,54.0,0.41,0.36,26.0,31.0,4.0,15.0,39.0,8.12,7.18,79.0,34.0,3.8,3.36,46.0,37.0,17.0,0.62,0.55,6.0,80.0,1.85,1.64,18.0,11.0,96.0,,34.0,3.0,86.0,64.0,76.0,87.0,76.0,,80.0,0.0,0.0,,32.0,0.31,0.27,3.0,73.0,1.23,1.09,12.0,0.0,99.0,30.0,31.0,83.0,87.0,82.0,0.27,0.23,2.58,83.79,61.0,65.0,34.52,30.55,336.0,65.0,41.2,36.45,401.0,99.0,0.0,0.0,,,0.0,,,,,,,0.0,0.0,,76.46,0.0,,,0.0,0.0,,10,0.0,28.57,49.0,9.52,67.0,67.0,1.34,1.18,13.0,87.0,1.54,1.36,15.0,75.0,0.62,0.55,6.0,83.0,2.16,1.91,0.0,10.5,21.0,60.0,1.54,1.36,99.0,0.0,0.0,,15.0,,,,,63.0,0.14,0.12,1.32,79.0,0.27,0.23,2.58,2026,0,2,0.19,2,0.0,0.36,0.19,2025-11-23 11:30:00,Domestic League,0,0,74,481,80,459,502,961,0,0,-1,2,80,-1,0,2025/2026,2025,0
Italy_Serie_A_2025-2026,Pontus Almqvist,Parma,Midfielder,26,178,67,Sweden,5,2,7,0,0,0,0.0,1970-01-11,0,0.0,2,0,2,28,3,0,3,0.77,eu,,99.0,76.92,37.5,300.0,57.0,1.28,0.62,0.0,5.0,1390000.0,39.0,64.0,0.0,5.82,35.0,35.0,0.0,0.0,,,,31.0,30.0,43.0,17.0,0.51,0.25,2.0,72.0,7500.0,95.0,56.0,1.03,0.5,4.0,8.0,351.0,8.0,2.05,1.0,8.0,7.0,1.28,0.62,5.0,93.0,3.33,1.62,83.0,1.03,0.5,30.0,35.0,4.0,13.0,93.0,15.13,7.38,59.0,92.0,7.18,3.5,47.0,28.0,70.0,1.54,0.75,6.0,97.0,3.08,1.5,12.0,4.0,22.0,3.0,78.0,2.0,69.0,42.0,76.0,70.0,57.0,,80.0,0.0,0.0,,62.0,0.77,0.38,3.0,90.0,1.79,0.88,7.0,0.0,18.0,30.0,72.0,57.0,11.0,15.0,0.01,0.01,0.05,75.0,25.0,13.0,14.62,7.12,57.0,10.0,19.49,9.5,76.0,99.0,0.0,0.0,,,0.0,,,,,,,0.0,0.0,,46.55,0.0,,,0.0,0.0,,11,0.0,0.0,25.0,0.0,58.0,21.0,0.77,0.38,3.0,24.0,0.26,0.12,1.0,25.0,0.0,0.0,,17.0,0.26,0.12,0.0,0.0,1.0,80.0,2.05,1.0,99.0,0.0,0.0,,8.0,,,,,51.0,0.11,0.05,0.42,15.0,0.01,0.01,0.05,2026,0,0,0.0,0,0.0,0.0,0.0,2025-10-19 13:00:00,Domestic League,0,0,117,0,50,251,100,351,0,0,-1,15,286,-1,0,2025/2026,2025,0
Italy_Serie_A_2025-2026,Emanuele Valeri,Parma,Defender,26,180,78,Italy,4,4,8,0,1,1,0.18,1970-01-11,0,0.0,1,0,1,13,4,2,6,1.06,eu,,95.0,56.93,45.0,315.0,17.0,0.36,0.29,0.0,2.0,1850000.0,48.0,84.0,0.12,6.85,79.0,35.0,0.0,0.0,,,,31.0,30.0,7.0,59.0,1.81,1.43,10.0,48.0,617.65,53.0,99.0,9.22,7.29,51.0,7.0,498.0,37.0,0.9,0.71,5.0,8.0,1.27,1.0,7.0,48.0,0.9,0.71,47.0,0.36,0.29,40.0,52.0,2.0,5.0,29.0,7.41,5.86,41.0,24.0,3.43,2.71,46.0,19.0,9.0,0.36,0.29,2.0,26.0,0.54,0.43,3.0,6.0,42.0,1.0,51.0,1.0,46.0,62.0,76.0,70.0,57.0,,80.0,0.0,0.0,,47.0,0.54,0.43,3.0,96.0,2.35,1.86,13.0,0.0,30.0,30.0,48.0,57.0,37.0,33.0,0.04,0.03,0.21,68.42,12.0,11.0,14.1,11.14,78.0,11.0,20.6,16.29,114.0,99.0,0.0,0.0,,,0.0,,,,,,,0.0,0.0,,47.98,0.0,,,0.0,0.0,,14,0.0,0.0,25.0,0.0,58.0,48.0,1.08,0.86,6.0,59.0,0.72,0.57,4.0,25.0,0.0,0.0,,44.0,0.72,0.57,0.0,0.0,4.0,84.0,2.17,1.71,99.0,0.0,0.0,,12.0,,,,,85.0,0.22,0.17,1.2,32.0,0.04,0.03,0.21,2026,0,0,0.18,0,0.0,0.0,0.0,2025-10-04 13:00:00,Domestic League,511,0,85,0,64,283,228,511,0,0,-1,6,287,71,0,2025/2026,2025,0
Italy_Serie_A_2025-2026,Enrico Del Prato,Parma,Midfielder,26,183,76,Italy,6,6,12,0,0,0,0.0,1970-01-11,3,0.25,2,1,3,25,7,7,14,1.17,eu,,45.0,7.55,7.55,83.0,52.0,1.18,1.18,0.0,13.0,2090000.0,54.0,64.0,0.0,6.72,68.0,70.0,0.36,0.36,4.0,2.0,17.0,67.0,70.0,37.0,75.0,2.82,2.82,31.0,38.0,1660.0,77.0,43.0,0.45,0.45,5.0,11.0,990.0,77.0,0.18,0.18,2.0,39.0,0.64,0.64,7.0,21.0,0.18,0.18,22.0,0.09,0.09,50.0,69.0,1.0,2.0,15.0,6.09,6.09,67.0,25.0,3.45,3.45,56.0,38.0,18.0,0.64,0.64,7.0,21.0,0.45,0.45,5.0,11.0,96.0,0.0,34.0,0.0,17.0,44.0,76.0,72.0,58.0,0.0,80.0,0.0,0.0,0.0,49.0,0.55,0.55,6.0,13.0,0.09,0.09,1.0,0.0,99.0,63.0,39.0,99.0,99.0,70.0,0.16,0.16,1.77,86.16,72.0,51.0,27.73,27.73,305.0,43.0,32.18,32.18,354.0,99.0,0.0,0.0,0.0,0.0,0.0,0.0,0.0,0.0,0.0,0.0,0.0,0.0,0.0,0.0,73.96,0.0,0.0,0.0,0.0,0.0,0.0,15,0.0,58.33,94.0,8.33,66.0,64.0,1.27,1.27,14.0,40.0,0.45,0.45,5.0,76.0,0.64,0.64,7.0,58.0,1.09,1.09,0.0,12.0,12.0,66.0,1.73,1.73,99.0,0.0,0.0,0.0,19.0,0.0,0.0,0.0,0.0,20.0,0.06,0.06,0.65,69.0,0.16,0.16,1.77,2026,0,1,0.08,1,0.0,0.17,0.08,2025-11-23 11:30:00,Domestic League,0,360,77,1080,90,540,540,1080,0,0,-1,4,140,-1,0,2025/2026,2025,3
Italy_Serie_A_2025-2026,Mandela Keita,Parma,Midfielder,23,0,0,Belgium,5,6,11,0,0,0,0.0,2002-05-10,0,0.0,2,1,3,27,3,7,10,1.01,eu,,41.0,0.0,0.0,0.0,25.0,0.56,0.5,0.0,5.0,1740000.0,45.0,64.0,0.0,6.8,74.0,69.0,0.34,0.3,3.0,0.0,0.0,31.0,30.0,39.0,32.0,0.9,0.8,8.0,51.0,0.0,41.0,18.0,0.0,0.0,0.0,10.0,804.0,37.0,0.9,0.8,8.0,43.0,0.56,0.5,5.0,72.0,1.57,1.4,78.0,0.9,0.8,57.0,74.0,8.0,14.0,41.0,8.28,7.4,74.0,73.0,5.37,4.8,64.0,48.0,20.0,0.67,0.6,6.0,68.0,1.46,1.3,13.0,9.0,73.0,1.0,51.0,1.0,46.0,42.0,76.0,70.0,57.0,0.0,80.0,0.0,0.0,0.0,83.0,1.12,1.0,10.0,29.0,0.34,0.3,3.0,0.0,87.0,30.0,51.0,57.0,80.0,22.0,0.02,0.01,0.15,86.12,72.0,48.0,27.09,24.2,242.0,41.0,31.46,28.1,281.0,99.0,0.0,0.0,0.0,0.0,0.0,0.0,0.0,0.0,0.0,0.0,0.0,0.0,0.0,0.0,67.96,0.0,0.0,0.0,0.0,0.0,0.0,16,0.0,0.0,25.0,0.0,58.0,50.0,1.12,1.0,10.0,30.0,0.34,0.3,3.0,25.0,0.0,0.0,0.0,21.0,0.34,0.3,0.0,0.0,3.0,89.0,2.46,2.2,99.0,0.0,0.0,0.0,22.0,0.0,0.0,0.0,0.0,20.0,0.06,0.05,0.53,22.0,0.02,0.01,0.15,2026,0,0,0.0,0,0.0,0.0,0.0,2025-11-23 11:30:00,Domestic League,0,0,89,0,81,363,531,894,0,0,-1,22,288,-1,0,2025/2026,2025,0
Italy_Serie_A_2025-2026,Mathias Fjörtoft Lövik,Parma,Defender,21,0,0,Norway,4,3,7,0,0,0,0.0,2003-12-06,0,0.0,1,0,1,14,4,4,8,1.56,eu,,79.0,30.24,11.36,125.0,10.0,0.24,0.09,0.0,1.0,930000.0,23.0,64.0,0.0,3.54,3.0,35.0,0.0,0.0,0.0,0.0,0.0,31.0,30.0,9.0,53.0,1.45,0.55,6.0,8.0,1041.67,67.0,79.0,2.9,1.09,12.0,11.0,372.0,99.0,0.0,0.0,0.0,18.0,0.97,0.36,4.0,80.0,2.18,0.82,72.0,0.73,0.27,33.0,42.0,3.0,9.0,36.0,7.98,3.0,33.0,13.0,2.66,1.0,33.0,11.0,22.0,0.73,0.27,3.0,23.0,0.48,0.18,2.0,4.0,22.0,2.0,66.0,3.0,86.0,42.0,76.0,70.0,57.0,0.0,80.0,0.0,0.0,0.0,97.0,1.69,0.64,7.0,23.0,0.24,0.09,1.0,0.0,18.0,30.0,8.0,57.0,28.0,22.0,0.02,0.01,0.08,79.81,43.0,29.0,20.08,7.55,83.0,25.0,25.16,9.45,104.0,99.0,0.0,0.0,0.0,0.0,0.0,0.0,0.0,0.0,0.0,0.0,0.0,0.0,0.0,0.0,38.92,0.0,0.0,0.0,0.0,0.0,0.0,18,0.0,0.0,25.0,0.0,58.0,86.0,1.69,0.64,7.0,43.0,0.48,0.18,2.0,25.0,0.0,0.0,0.0,28.0,0.48,0.18,0.0,0.0,2.0,54.0,1.45,0.55,99.0,0.0,0.0,0.0,6.0,0.0,0.0,0.0,0.0,12.0,0.05,0.02,0.21,22.0,0.02,0.01,0.08,2026,0,0,0.0,0,0.0,0.0,0.0,2025-11-23 11:30:00,Domestic League,0,0,58,0,66,246,216,462,0,0,-1,21,289,122,0,2025/2026,2025,0
Italy_Serie_A_2025-2026,Christian Nahuel Ordoñez,Parma,Midfielder,21,177,65,Argentina,5,3,8,0,0,0,0.0,2004-07-24,4,1.0,2,1,3,38,3,1,4,1.0,eu,,41.0,0.0,0.0,0.0,46.0,1.0,0.4,0.0,4.0,930000.0,23.0,64.0,0.0,5.06,18.0,91.0,0.75,0.3,3.0,3.0,38.0,97.0,99.0,57.0,37.0,1.0,0.4,4.0,54.0,0.0,41.0,67.0,1.75,0.7,7.0,10.0,359.0,34.0,1.0,0.4,4.0,2.0,1.75,0.7,7.0,61.0,1.25,0.5,62.0,0.5,0.2,40.0,52.0,2.0,5.0,70.0,10.53,4.2,42.0,20.0,3.26,1.3,30.0,13.0,92.0,2.26,0.9,9.0,37.0,0.75,0.3,3.0,5.0,32.0,3.0,78.0,6.0,99.0,42.0,76.0,70.0,57.0,0.0,80.0,0.0,0.0,0.0,43.0,0.5,0.2,2.0,24.0,0.25,0.1,1.0,0.0,30.0,31.0,54.0,57.0,13.0,39.0,0.05,0.02,0.18,80.6,45.0,10.0,13.54,5.4,54.0,5.0,16.8,6.7,67.0,99.0,0.0,0.0,0.0,0.0,0.0,0.0,0.0,0.0,0.0,0.0,0.0,0.0,0.0,0.0,50.61,0.0,0.0,0.0,0.0,0.0,0.0,24,0.0,50.0,89.0,0.0,58.0,42.0,1.0,0.4,4.0,24.0,0.25,0.1,1.0,50.0,0.25,0.1,1.0,30.0,0.5,0.2,0.0,0.0,2.0,34.0,1.0,0.4,99.0,0.0,0.0,0.0,4.0,0.0,0.0,0.0,0.0,7.0,0.04,0.02,0.17,38.0,0.05,0.02,0.18,2026,0,0,0.0,0,0.0,0.0,0.0,2025-11-02 17:00:00,Domestic League,0,90,90,0,45,243,116,359,0,0,-1,20,290,-1,1,2025/2026,2025,4
Italy_Serie_A_2025-2026,Zion Suzuki,Parma,Goalkeeper,23,189,91,Japan,5,6,11,0,0,0,0.0,2002-08-21,1,0.09,2,1,3,27,6,7,13,1.18,eu,,41.0,0.0,0.0,0.0,13.0,0.27,0.27,0.0,3.0,1160000.0,30.0,64.0,0.0,7.01,89.0,35.0,0.0,0.0,0.0,1.0,9.0,45.0,35.0,39.0,37.0,1.0,1.0,11.0,37.0,0.0,41.0,18.0,0.0,0.0,0.0,11.0,990.0,99.0,0.0,0.0,0.0,85.0,0.09,0.09,1.0,13.0,0.0,0.0,20.0,0.0,0.0,0.0,20.0,0.0,0.0,5.0,0.55,0.55,6.0,4.0,0.45,0.45,83.0,5.0,6.0,0.0,0.0,0.0,7.0,0.18,0.18,2.0,11.0,96.0,0.0,34.0,0.0,17.0,42.0,76.0,70.0,57.0,0.0,80.0,0.0,0.0,0.0,15.0,0.0,0.0,0.0,12.0,0.0,0.0,0.0,0.0,87.0,98.0,36.0,57.0,93.0,11.0,0.0,0.0,0.0,62.03,6.0,37.0,22.73,22.73,250.0,55.0,36.64,36.64,403.0,99.0,0.0,0.0,0.0,0.0,0.0,0.0,0.0,1.0,0.0,0.0,33.0,0.27,0.27,3.0,77.06,72.0,68.0,76.0,3.27,3.27,36.0,31,0.0,0.0,25.0,0.0,58.0,98.0,4.55,4.55,50.0,12.0,0.0,0.0,0.0,25.0,0.0,0.0,0.0,10.0,0.0,0.0,0.0,0.0,0.0,7.0,0.0,0.0,99.0,0.0,0.0,0.0,0.0,0.0,0.0,0.0,0.0,12.0,0.05,0.05,0.57,11.0,0.0,0.0,0.0,2026,0,0,0.0,0,0.0,0.0,0.0,2025-11-08 19:45:00,Domestic League,0,990,76,0,90,450,540,990,0,0,-1,19,291,87,0,2025/2026,2025,1
Italy_Serie_A_2025-2026,,Parma,Midfielder,0,0,0,,5,5,10,0,0,0,0.0,1970-01-01,0,0.0,2,1,3,30,6,4,10,1.06,eu,,41.0,0.0,0.0,0.0,90.0,2.96,2.8,0.0,28.0,0.0,8.0,64.0,0.0,6.99,87.0,99.0,1.27,1.2,12.0,0.0,0.0,31.0,30.0,45.0,92.0,5.29,5.0,50.0,48.0,0.0,41.0,18.0,0.0,0.0,0.0,10.0,851.0,99.0,0.0,0.0,0.0,84.0,0.11,0.1,1.0,13.0,0.0,0.0,20.0,0.0,0.0,0.0,20.0,0.0,0.0,23.0,6.98,6.6,66.0,53.0,4.65,4.4,66.0,44.0,23.0,0.74,0.7,7.0,30.0,0.63,0.6,6.0,10.0,83.0,0.0,34.0,1.0,46.0,50.0,80.0,70.0,65.0,0.0,80.0,0.0,0.0,0.0,84.0,1.16,1.1,11.0,29.0,0.32,0.3,3.0,0.0,65.0,30.0,48.0,96.0,76.0,44.0,0.07,0.07,0.67,85.13,68.0,75.0,39.34,37.2,372.0,75.0,46.22,43.7,437.0,99.0,0.0,0.0,0.0,0.0,0.0,0.0,0.0,0.0,0.0,0.0,0.0,0.0,0.0,0.0,69.92,0.0,0.0,0.0,0.0,0.0,0.0,39,0.0,100.0,99.0,100.0,99.0,46.0,1.06,1.0,10.0,12.0,0.0,0.0,0.0,31.0,0.11,0.1,1.0,11.0,0.11,0.1,0.0,1.0,1.0,36.0,1.06,1.0,99.0,0.0,0.0,0.0,10.0,0.0,0.0,0.0,0.0,38.0,0.09,0.08,0.82,43.0,0.07,0.07,0.67,2026,1,0,0.11,1,0.2,0.0,0.11,2025-11-02 17:00:00,Domestic League,0,0,85,851,85,450,401,851,0,0,-1,5,124,-1,0,2025/2026,2025,0
Italy_Serie_A_2025-2026,Adrian Dawid Benedyczak,Parma,Forward,24,190,0,Poland,3,4,7,1,1,2,0.9,1970-01-12,0,0.0,0,1,1,14,3,2,5,2.25,eu,,41.0,0.0,0.0,0.0,99.0,5.29,1.0,0.0,11.0,960000.0,25.0,99.0,0.29,3.58,4.0,35.0,0.0,0.0,0.0,0.0,0.0,31.0,30.0,9.0,35.0,0.96,0.18,2.0,0.0,0.0,41.0,69.0,1.93,0.36,4.0,11.0,187.0,99.0,0.0,0.0,0.0,53.0,0.48,0.09,1.0,67.0,1.44,0.27,20.0,0.0,0.0,0.0,20.0,0.0,3.0,98.0,17.81,3.36,37.0,96.0,7.7,1.45,43.0,16.0,98.0,2.89,0.55,6.0,46.0,0.96,0.18,2.0,1.0,0.0,5.0,90.0,1.0,46.0,98.0,76.0,70.0,57.0,0.0,80.0,0.0,0.0,0.0,15.0,0.0,0.0,0.0,81.0,1.44,0.27,3.0,0.0,18.0,30.0,0.0,57.0,0.0,47.0,0.08,0.02,0.17,52.63,1.0,2.0,9.63,1.82,20.0,9.0,18.29,3.45,38.0,99.0,0.0,0.0,0.0,0.0,0.0,0.0,0.0,0.0,0.0,0.0,0.0,0.0,0.0,0.0,39.34,0.0,0.0,0.0,0.0,0.0,0.0,7,0.0,0.0,25.0,0.0,58.0,92.0,2.41,0.45,5.0,85.0,1.44,0.27,3.0,25.0,0.0,0.0,0.0,68.0,1.44,0.27,0.0,0.0,3.0,52.0,1.44,0.27,99.0,0.0,0.0,0.0,3.0,0.0,0.0,0.0,0.0,95.0,0.34,0.06,0.7,46.0,0.08,0.02,0.17,2026,0,0,0.9,0,0.0,0.0,0.0,2025-11-02 17:00:00,Domestic League,100,0,40,0,29,53,147,200,0,0,-1,17,-1,-1,0,2025/2026,2025,0
Italy_Serie_A_2025-2026,Nahuel Estévez Álvarez,Parma,Midfielder,30,181,77,Argentina,5,5,10,0,0,0,0.0,1970-01-10,1,0.29,1,1,2,20,1,1,2,0.58,eu,,70.0,22.06,7.5,75.0,93.0,3.24,1.1,0.0,11.0,1390000.0,39.0,64.0,0.0,4.71,13.0,35.0,0.0,0.0,0.0,1.0,10.0,52.0,77.0,25.0,81.0,3.53,1.2,12.0,83.0,1071.43,68.0,70.0,2.06,0.7,7.0,10.0,306.0,51.0,0.59,0.2,2.0,1.0,2.06,0.7,7.0,13.0,0.0,0.0,20.0,0.0,0.0,0.0,20.0,0.0,0.0,78.0,11.47,3.9,39.0,91.0,7.06,2.4,61.0,24.0,65.0,1.47,0.5,5.0,56.0,1.18,0.4,4.0,4.0,22.0,5.0,90.0,2.0,69.0,42.0,76.0,70.0,57.0,0.0,80.0,0.0,0.0,0.0,70.0,0.88,0.3,3.0,83.0,1.47,0.5,5.0,0.0,65.0,54.0,83.0,57.0,5.0,28.0,0.03,0.01,0.1,70.43,14.0,40.0,23.82,8.1,81.0,49.0,33.82,11.5,115.0,99.0,0.0,0.0,0.0,0.0,0.0,0.0,0.0,0.0,0.0,0.0,0.0,0.0,0.0,0.0,47.09,0.0,0.0,0.0,0.0,0.0,0.0,8,0.0,0.0,25.0,0.0,58.0,12.0,0.59,0.2,2.0,51.0,0.59,0.2,2.0,25.0,0.0,0.0,0.0,34.0,0.59,0.2,0.0,0.0,2.0,92.0,2.65,0.9,99.0,0.0,0.0,0.0,9.0,0.0,0.0,0.0,0.0,44.0,0.1,0.03,0.35,28.0,0.03,0.01,0.1,2026,0,0,0.0,0,0.0,0.0,0.0,2025-11-02 17:00:00,Domestic League,0,310,155,0,31,181,129,310,0,0,-1,16,292,-1,0,2025/2026,2025,1
Italy_Serie_A_2025-2026,Tjaš Begić,Parma,Midfielder,22,175,0,Slovenia,1,0,1,0,0,0,0.0,2003-06-30,0,0.0,0,0,0,0,0,0,0,0.0,eu,,,,,,,,,,,,,,,,,,,,,,,,,,,,,,,,,,,,,,,,,,,,,,,,,,,,,,,,,,,,,,,,,,,,,,,,,,,,,,,,,,,,,,,,,,,,,,,,,,,,,,,,,,,,,,,,,,,,,,,,,,,,,,,,,,,,,,,,,,,,,,,,,,,,,,,,,,,,,,,,,,,,,,,,,,,,,,,,,,,,,,,2026,0,0,0.0,0,0.0,0.0,0.0,1970-01-01 00:00:00,Domestic League,0,0,0,0,0,0,0,0,0,0,-1,-1,-1,-1,0,2025/2026,2025,0
Italy_Serie_A_2025-2026,Antoine Joujou,Parma,Midfielder,22,0,0,France,0,0,0,0,0,0,0.0,2003-03-12,0,0.0,0,0,0,0,0,0,0,0.0,eu,,,,,,,,,,,,,,,,,,,,,,,,,,,,,,,,,,,,,,,,,,,,,,,,,,,,,,,,,,,,,,,,,,,,,,,,,,,,,,,,,,,,,,,,,,,,,,,,,,,,,,,,,,,,,,,,,,,,,,,,,,,,,,,,,,,,,,,,,,,,,,,,,,,,,,,,,,,,,,,,,,,,,,,,,,,,,,,,,,,,,,,2026,0,0,0.0,0,0.0,0.0,0.0,1970-01-01 00:00:00,Domestic League,0,0,0,0,0,0,0,0,0,0,-1,-1,-1,-1,0,2025/2026,2025,0
Italy_Serie_A_2025-2026,Oliver Sørensen Jensen,Parma,Midfielder,23,184,78,Denmark,6,6,12,0,0,0,0.0,2002-03-10,2,0.25,2,1,3,25,7,5,12,1.48,eu,,55.0,14.06,9.09,100.0,39.0,0.84,0.55,0.0,6.0,1500000.0,40.0,64.0,0.0,6.41,56.0,35.0,0.0,0.0,0.0,2.0,17.0,67.0,70.0,37.0,61.0,1.97,1.27,14.0,12.0,2500.0,86.0,46.0,0.56,0.36,4.0,11.0,640.0,29.0,1.12,0.73,8.0,35.0,0.7,0.45,5.0,65.0,1.41,0.91,40.0,0.28,0.18,20.0,22.0,2.0,10.0,37.0,8.02,5.18,57.0,10.0,2.25,1.45,28.0,16.0,61.0,1.41,0.91,10.0,28.0,0.56,0.36,4.0,6.0,42.0,5.0,90.0,5.0,98.0,42.0,76.0,70.0,57.0,0.0,80.0,0.0,0.0,0.0,59.0,0.7,0.45,5.0,33.0,0.42,0.27,3.0,0.0,99.0,64.0,12.0,57.0,62.0,39.0,0.05,0.03,0.38,81.03,47.0,35.0,22.22,14.36,158.0,31.0,27.42,17.73,195.0,99.0,0.0,0.0,0.0,0.0,0.0,0.0,0.0,0.0,0.0,0.0,0.0,0.0,0.0,0.0,70.49,0.0,0.0,0.0,0.0,0.0,0.0,22,0.0,40.0,72.0,0.0,58.0,86.0,1.69,1.09,12.0,36.0,0.42,0.27,3.0,53.0,0.28,0.18,2.0,43.0,0.7,0.45,0.0,0.0,5.0,23.0,0.7,0.45,99.0,0.0,0.0,0.0,5.0,0.0,0.0,0.0,0.0,28.0,0.07,0.05,0.5,38.0,0.05,0.03,0.38,2026,0,0,0.0,0,0.0,0.0,0.0,2025-11-23 11:30:00,Domestic League,0,365,61,0,61,399,331,730,0,0,-1,14,293,-1,0,2025/2026,2025,2
Italy_Serie_A_2025-2026,Milan Đurić,Parma,Forward,35,198,94,Bosnia and Herzegovina,5,4,9,0,0,0,0.0,1970-01-08,0,0.0,2,1,3,33,1,0,1,2.05,eu,,41.0,0.0,0.0,0.0,99.0,20.0,0.91,0.0,10.0,0.0,8.0,64.0,0.0,3.52,2.0,35.0,0.0,0.0,0.0,0.0,0.0,31.0,30.0,50.0,62.0,2.0,0.09,1.0,1.0,0.0,41.0,18.0,0.0,0.0,0.0,11.0,45.0,99.0,0.0,0.0,0.0,99.0,0.0,0.0,0.0,13.0,0.0,0.0,20.0,0.0,0.0,0.0,20.0,0.0,0.0,99.0,32.0,1.45,16.0,99.0,22.0,1.0,68.0,11.0,99.0,4.0,0.18,2.0,83.0,2.0,0.09,1.0,0.0,0.0,9.0,99.0,0.0,17.0,42.0,76.0,70.0,57.0,0.0,80.0,0.0,0.0,0.0,15.0,0.0,0.0,0.0,12.0,0.0,0.0,0.0,0.0,45.0,30.0,1.0,57.0,0.0,79.0,0.26,0.01,0.13,26.32,0.0,3.0,10.0,0.45,5.0,57.0,38.0,1.73,19.0,99.0,0.0,0.0,0.0,0.0,0.0,0.0,0.0,0.0,0.0,0.0,0.0,0.0,0.0,0.0,38.68,0.0,0.0,0.0,0.0,0.0,0.0,30,0.0,0.0,25.0,0.0,58.0,96.0,4.0,0.18,2.0,99.0,6.0,0.27,3.0,25.0,0.0,0.0,0.0,99.0,6.0,0.27,0.0,0.0,3.0,7.0,0.0,0.0,99.0,0.0,0.0,0.0,0.0,0.0,0.0,0.0,0.0,1.0,0.02,0.0,0.01,77.0,0.26,0.01,0.13,2026,0,0,0.0,0,0.0,0.0,0.0,1970-01-01 00:00:00,Domestic League,0,0,44,0,5,26,18,44,0,0,-1,7,-1,-1,0,2025/2026,2025,0
Italy_Serie_A_2025-2026,Edoardo Corvi,Parma,Goalkeeper,24,183,0,Italy,1,0,1,0,0,0,0.0,1970-01-12,0,0.0,0,0,0,0,1,0,1,1.0,eu,,,,,,,,,,,,,,,,,,,,,,,,,,,,,,,,,,,,,,,,,,,,,,,,,,,,,,,,,,,,,,,,,,,,,,,,,,,,,,,,,,,,,,,,,,,,,,,,,,,,,,,,,,,,,,,,,,,,,,,,,,,,,,,,,,,,,,,,,,,,,,,,,,,,,,,,,,,,,,,,,,,,,,,,,,,,,,,,,,,,,,,2026,0,0,0.0,0,0.0,0.0,0.0,2025-11-23 11:30:00,Domestic League,0,0,90,0,90,90,0,90,0,0,-1,13,-1,-1,0,2025/2026,2025,0
Italy_Serie_A_2025-2026,Peter Amoran,Parma,Midfielder,21,0,0,Sweden,0,0,0,0,0,0,0.0,2004-05-22,0,0.0,0,0,0,0,0,0,0,0.0,eu,,,,,,,,,,,,,,,,,,,,,,,,,,,,,,,,,,,,,,,,,,,,,,,,,,,,,,,,,,,,,,,,,,,,,,,,,,,,,,,,,,,,,,,,,,,,,,,,,,,,,,,,,,,,,,,,,,,,,,,,,,,,,,,,,,,,,,,,,,,,,,,,,,,,,,,,,,,,,,,,,,,,,,,,,,,,,,,,,,,,,,,2026,0,0,0.0,0,0.0,0.0,0.0,1970-01-01 00:00:00,Domestic League,0,0,0,0,0,0,0,0,0,0,-1,-1,-1,-1,0,2025/2026,2025,0
Italy_Serie_A_2025-2026,Elia Plicco,Parma,Midfielder,18,0,0,Italy,0,0,0,0,0,0,0.0,2007-02-01,0,0.0,0,0,0,0,0,0,0,0.0,eu,,,,,,,,,,,,,,,,,,,,,,,,,,,,,,,,,,,,,,,,,,,,,,,,,,,,,,,,,,,,,,,,,,,,,,,,,,,,,,,,,,,,,,,,,,,,,,,,,,,,,,,,,,,,,,,,,,,,,,,,,,,,,,,,,,,,,,,,,,,,,,,,,,,,,,,,,,,,,,,,,,,,,,,,,,,,,,,,,,,,,,,2026,0,0,0.0,0,0.0,0.0,0.0,1970-01-01 00:00:00,Domestic League,0,0,0,0,0,0,0,0,0,0,-1,-1,-1,-1,0,2025/2026,2025,0
Italy_Serie_A_2025-2026,Filippo Rinaldi,Parma,Goalkeeper,22,188,0,Italy,0,0,0,0,0,0,0.0,2002-12-04,0,0.0,0,0,0,0,0,0,0,0.0,eu,,,,,,,,,,,,,,,,,,,,,,,,,,,,,,,,,,,,,,,,,,,,,,,,,,,,,,,,,,,,,,,,,,,,,,,,,,,,,,,,,,,,,,,,,,,,,,,,,,,,,,,,,,,,,,,,,,,,,,,,,,,,,,,,,,,,,,,,,,,,,,,,,,,,,,,,,,,,,,,,,,,,,,,,,,,,,,,,,,,,,,,2026,0,0,0.0,0,0.0,0.0,0.0,1970-01-01 00:00:00,Domestic League,0,0,0,0,0,0,0,0,0,0,-1,-1,-1,-1,0,2025/2026,2025,0
Italy_Serie_A_2025-2026,Dario Sits,Parma,Forward,21,0,0,Latvia,0,0,0,0,0,0,0.0,2004-02-04,0,0.0,0,0,0,0,0,0,0,0.0,eu,,,,,,,,,,,,,,,,,,,,,,,,,,,,,,,,,,,,,,,,,,,,,,,,,,,,,,,,,,,,,,,,,,,,,,,,,,,,,,,,,,,,,,,,,,,,,,,,,,,,,,,,,,,,,,,,,,,,,,,,,,,,,,,,,,,,,,,,,,,,,,,,,,,,,,,,,,,,,,,,,,,,,,,,,,,,,,,,,,,,,,,2026,0,0,0.0,0,0.0,0.0,0.0,1970-01-01 00:00:00,Domestic League,0,0,0,0,0,0,0,0,0,0,-1,-1,-1,-1,0,2025/2026,2025,0
Italy_Serie_A_2025-2026,Isak Hien,Atalanta,Midfielder,26,0,0,Sweden,5,6,11,0,0,0,0.0,1970-01-11,2,0.19,1,1,2,18,6,7,13,1.26,eu,,41.0,0.0,0.0,,81.0,2.33,2.18,0.0,24.0,2090000.0,54.0,64.0,0.0,6.78,72.0,80.0,0.49,0.45,5.0,2.0,18.0,72.0,58.0,21.0,87.0,4.27,4.0,44.0,28.0,0.0,41.0,18.0,0.0,0.0,,11.0,927.0,55.0,0.49,0.45,5.0,51.0,0.49,0.45,5.0,38.0,0.58,0.55,51.0,0.39,0.36,66.0,86.0,4.0,6.0,66.0,10.19,9.55,105.0,75.0,5.53,5.18,54.0,57.0,72.0,1.55,1.45,16.0,43.0,0.87,0.82,9.0,11.0,96.0,,34.0,1.0,46.0,47.0,76.0,72.0,61.0,,80.0,0.0,0.0,,57.0,0.68,0.64,7.0,14.0,0.1,0.09,1.0,0.0,87.0,72.0,28.0,98.0,85.0,15.0,0.01,0.01,0.13,91.85,97.0,90.0,52.52,49.18,541.0,89.0,57.18,53.55,589.0,99.0,0.0,0.0,,,0.0,,,,,,,0.0,0.0,,74.53,0.0,,,0.0,0.0,,4,0.0,0.0,25.0,0.0,58.0,62.0,1.26,1.18,13.0,28.0,0.29,0.27,3.0,25.0,0.0,0.0,,19.0,0.29,0.27,0.0,0.0,3.0,76.0,1.94,1.82,99.0,0.0,0.0,,20.0,,,,,54.0,0.12,0.11,1.19,15.0,0.01,0.01,0.13,2026,0,1,0.1,1,0.0,0.17,0.1,2025-11-22 19:45:00,Domestic League,0,464,71,927,84,387,540,927,0,0,-1,10,128,-1,0,2025/2026,2025,2
Italy_Serie_A_2025-2026,Mario Pašalić,Atalanta,Midfielder,30,188,78,Croatia,6,6,12,0,2,2,0.19,1970-01-10,1,0.1,1,1,2,17,7,6,13,1.24,eu,,41.0,0.0,0.0,,56.0,1.24,1.08,0.0,13.0,4630000.0,83.0,86.0,0.17,7.11,94.0,51.0,0.19,0.17,2.0,1.0,8.0,37.0,38.0,17.0,43.0,1.14,1.0,12.0,30.0,0.0,41.0,32.0,0.29,0.25,3.0,12.0,947.0,56.0,0.48,0.42,5.0,37.0,0.67,0.58,7.0,39.0,0.67,0.58,59.0,0.48,0.42,71.0,87.0,5.0,7.0,32.0,7.7,6.75,81.0,29.0,3.61,3.17,46.0,38.0,31.0,0.95,0.83,10.0,13.0,0.29,0.25,3.0,12.0,99.0,,34.0,3.0,86.0,77.0,78.0,70.0,61.0,,80.0,0.0,0.0,,36.0,0.38,0.33,4.0,90.0,1.81,1.58,19.0,0.0,99.0,95.0,30.0,98.0,86.0,62.0,0.13,0.12,1.41,89.07,87.0,95.0,56.55,49.58,595.0,94.0,63.48,55.67,668.0,99.0,0.0,0.0,,,0.0,,,,,,,0.0,0.0,,85.33,0.0,,,0.0,0.0,,8,0.0,44.44,78.0,11.11,73.0,60.0,1.24,1.08,13.0,43.0,0.48,0.42,5.0,61.0,0.38,0.33,4.0,48.0,0.86,0.75,0.0,9.0,9.0,65.0,1.71,1.5,99.0,0.0,0.0,,18.0,,,,,92.0,0.29,0.25,3.01,61.0,0.13,0.12,1.41,2026,1,0,0.29,1,0.18,0.0,0.1,2025-11-22 19:45:00,Domestic League,474,947,73,947,79,488,459,947,0,0,-1,7,134,-1,0,2025/2026,2025,1
Italy_Serie_A_2025-2026,Gianluca Scamacca,Atalanta,Forward,26,195,85,Italy,4,2,6,0,0,0,0.0,1970-01-11,1,0.3,0,0,0,0,2,2,4,1.19,eu,,41.0,0.0,0.0,,64.0,1.49,0.56,0.0,5.0,7410000.0,94.0,64.0,0.0,4.72,13.0,35.0,0.0,0.0,,1.0,17.0,67.0,79.0,1.0,3.0,0.0,0.0,,34.0,0.0,41.0,18.0,0.0,0.0,,9.0,303.0,19.0,1.49,0.56,5.0,69.0,0.3,0.11,1.0,83.0,2.38,0.89,96.0,1.78,0.67,75.0,91.0,6.0,8.0,65.0,10.1,3.78,34.0,82.0,5.94,2.22,58.0,20.0,29.0,0.89,0.33,3.0,90.0,2.38,0.89,8.0,3.0,9.0,3.0,78.0,4.0,94.0,92.0,91.0,99.0,97.0,,99.0,0.59,0.22,2.0,30.0,0.3,0.11,1.0,42.0,0.59,0.22,2.0,0.0,9.0,53.0,36.0,60.0,4.0,99.0,0.81,0.3,2.74,72.73,20.0,25.0,19.01,7.11,64.0,28.0,26.14,9.78,88.0,99.0,0.0,0.0,,,0.0,,,,,,,0.0,0.0,,42.44,0.0,,,0.0,0.0,,9,0.0,36.84,65.0,10.53,70.0,56.0,1.19,0.44,4.0,99.0,3.56,1.33,12.0,99.0,2.08,0.78,7.0,99.0,5.64,2.11,0.0,9.5,19.0,13.0,0.3,0.11,99.0,0.0,0.0,,1.0,,,,,28.0,0.07,0.02,0.22,99.0,0.81,0.3,2.74,2026,1,1,0.59,2,0.45,0.87,0.59,2025-11-01 14:00:00,Domestic League,0,303,76,152,51,199,104,303,0,0,-1,1,10,-1,0,2025/2026,2025,1
Italy_Serie_A_2025-2026,Marten de Roon,Atalanta,Midfielder,34,185,76,Netherlands,5,4,9,0,0,0,0.0,1970-01-08,4,0.56,1,1,2,22,6,2,8,1.13,eu,,68.0,21.16,15.0,150.0,45.0,0.99,0.7,0.0,7.0,2310000.0,58.0,64.0,0.0,6.15,48.0,77.0,0.42,0.3,3.0,3.0,33.0,95.0,98.0,29.0,71.0,2.54,1.8,18.0,41.0,3750.0,91.0,46.0,0.56,0.4,4.0,10.0,638.0,79.0,0.14,0.1,1.0,33.0,0.71,0.5,5.0,24.0,0.28,0.2,20.0,0.0,0.0,0.0,20.0,,2.0,18.0,6.63,4.7,47.0,31.0,3.67,2.6,55.0,26.0,35.0,0.99,0.7,7.0,12.0,0.28,0.2,2.0,8.0,63.0,1.0,51.0,1.0,46.0,42.0,76.0,70.0,57.0,,80.0,0.0,0.0,,28.0,0.28,0.2,2.0,55.0,0.85,0.6,6.0,0.0,45.0,33.0,42.0,57.0,50.0,44.0,0.07,0.05,0.53,88.87,85.0,96.0,59.67,42.3,423.0,97.0,67.15,47.6,476.0,99.0,0.0,0.0,,,0.0,,,,,,,0.0,0.0,,61.5,0.0,,,0.0,0.0,,15,0.0,22.22,37.0,0.0,58.0,51.0,1.13,0.8,8.0,68.0,0.99,0.7,7.0,53.0,0.28,0.2,2.0,65.0,1.27,0.9,0.0,0.0,9.0,90.0,2.54,1.8,99.0,0.0,0.0,,18.0,,,,,73.0,0.17,0.12,1.23,43.0,0.07,0.05,0.53,2026,0,0,0.0,0,0.0,0.0,0.0,2025-11-22 19:45:00,Domestic League,0,160,80,0,71,429,209,638,0,0,-1,21,294,-1,1,2025/2026,2025,4
Italy_Serie_A_2025-2026,Raoul Bellanova,Atalanta,Defender,25,188,82,Italy,6,4,10,1,0,1,0.12,1970-01-12,0,0.0,1,0,1,10,6,5,11,1.33,eu,,76.0,27.29,22.5,225.0,30.0,0.61,0.5,0.0,5.0,4160000.0,79.0,73.0,0.1,6.99,87.0,60.0,0.24,0.2,2.0,,,31.0,30.0,3.0,54.0,1.46,1.2,12.0,22.0,416.67,46.0,97.0,6.55,5.4,54.0,10.0,742.0,81.0,0.12,0.1,1.0,74.0,0.24,0.2,2.0,32.0,0.49,0.4,36.0,0.24,0.2,50.0,69.0,2.0,4.0,10.0,5.09,4.2,42.0,20.0,3.27,2.7,64.0,27.0,8.0,0.12,0.1,1.0,35.0,0.73,0.6,6.0,7.0,54.0,3.0,78.0,,17.0,53.0,76.0,70.0,57.0,,80.0,0.0,0.0,,53.0,0.61,0.5,5.0,92.0,1.94,1.6,16.0,0.0,65.0,30.0,21.0,57.0,63.0,47.0,0.08,0.07,0.66,90.14,91.0,60.0,32.14,26.5,265.0,54.0,35.66,29.4,294.0,99.0,0.0,0.0,,,0.0,,,,,,,0.0,0.0,,69.89,0.0,,,0.0,0.0,,16,0.0,22.22,37.0,0.0,58.0,67.0,1.33,1.1,11.0,63.0,0.85,0.7,7.0,47.0,0.24,0.2,2.0,58.0,1.09,0.9,0.0,0.0,9.0,65.0,1.7,1.4,99.0,0.0,0.0,,14.0,,,,,85.0,0.22,0.18,1.85,46.0,0.08,0.07,0.66,2026,0,0,0.12,0,0.0,0.0,0.0,2025-11-22 19:45:00,Domestic League,742,0,67,0,74,453,289,742,0,0,-1,20,295,102,0,2025/2026,2025,0
Italy_Serie_A_2025-2026,Charles De Ketelaere,Atalanta,Midfielder,24,192,74,Belgium,5,5,10,0,0,0,0.0,1970-01-12,2,0.28,0,1,1,10,5,4,9,1.26,eu,,92.0,47.8,31.0,341.0,39.0,0.84,0.55,0.0,6.0,4010000.0,76.0,64.0,0.0,6.4,56.0,35.0,0.0,0.0,,2.0,20.0,79.0,76.0,3.0,3.0,0.0,0.0,,28.0,1420.83,74.0,85.0,3.36,2.18,24.0,11.0,642.0,2.0,2.38,1.55,17.0,24.0,0.84,0.55,6.0,90.0,3.08,2.0,96.0,1.82,1.18,59.0,77.0,13.0,22.0,81.0,11.78,7.64,84.0,72.0,5.33,3.45,45.0,38.0,34.0,0.98,0.64,7.0,70.0,1.54,1.0,11.0,7.0,54.0,3.0,78.0,2.0,69.0,76.0,76.0,93.0,86.0,,80.0,0.0,0.0,,18.0,0.14,0.09,1.0,94.0,2.1,1.36,15.0,0.0,65.0,55.0,28.0,72.0,51.0,82.0,0.27,0.18,1.94,82.01,53.0,61.0,33.22,21.55,237.0,63.0,40.51,26.27,289.0,99.0,0.0,0.0,,,0.0,,,,,,,0.0,0.0,,70.38,0.0,,,0.0,0.0,,17,0.0,27.27,46.0,18.18,85.0,62.0,1.26,0.82,9.0,75.0,1.12,0.73,8.0,64.0,0.42,0.27,3.0,70.0,1.54,1.0,0.0,5.5,11.0,40.0,1.12,0.73,99.0,0.0,0.0,,8.0,,,10.0,1.0,73.0,0.17,0.11,1.19,79.0,0.27,0.18,1.94,2026,0,2,0.28,2,0.0,0.48,0.28,2025-11-22 19:45:00,Domestic League,0,321,71,321,64,267,374,641,0,0,-1,3,48,-1,0,2025/2026,2025,2
Italy_Serie_A_2025-2026,Berat Djimsiti,Atalanta,Defender,32,190,83,Albania,6,5,11,0,0,0,0.0,1970-01-09,1,0.1,1,1,2,18,7,4,11,1.14,eu,,41.0,0.0,0.0,,94.0,3.3,2.67,0.0,32.0,1850000.0,48.0,64.0,0.0,6.25,52.0,83.0,0.52,0.42,5.0,1.0,9.0,45.0,38.0,21.0,95.0,5.99,4.83,58.0,40.0,0.0,41.0,28.0,0.21,0.17,2.0,12.0,872.0,74.0,0.21,0.17,2.0,58.0,0.41,0.33,4.0,16.0,0.1,0.08,24.0,0.1,0.08,100.0,99.0,1.0,1.0,42.0,8.36,6.75,81.0,53.0,4.64,3.75,55.0,45.0,13.0,0.52,0.42,5.0,2.0,0.1,0.08,1.0,9.0,73.0,2.0,66.0,,17.0,42.0,76.0,70.0,57.0,,80.0,0.0,0.0,,60.0,0.72,0.58,7.0,28.0,0.31,0.25,3.0,0.0,87.0,93.0,40.0,57.0,79.0,28.0,0.03,0.02,0.28,88.38,82.0,93.0,54.19,43.75,525.0,93.0,61.31,49.5,594.0,99.0,0.0,0.0,,,0.0,,,,,,,0.0,0.0,,75.02,0.0,,,0.0,0.0,,19,0.0,20.0,35.0,0.0,58.0,51.0,1.14,0.92,11.0,35.0,0.41,0.33,4.0,29.0,0.1,0.08,1.0,31.0,0.52,0.42,0.0,0.0,5.0,41.0,1.14,0.92,99.0,0.0,0.0,,11.0,,,,,54.0,0.12,0.1,1.2,28.0,0.03,0.02,0.28,2026,0,0,0.0,0,0.0,0.0,0.0,2025-11-22 19:45:00,Domestic League,0,872,79,0,79,540,332,872,0,0,-1,19,296,80,0,2025/2026,2025,1
Italy_Serie_A_2025-2026,Marco Carnesecchi,Atalanta,Goalkeeper,25,191,83,Italy,6,6,12,0,0,0,0.0,1970-01-12,0,0.0,1,1,2,17,7,7,14,1.17,eu,,41.0,0.0,0.0,,27.0,0.58,0.58,0.0,7.0,1850000.0,48.0,64.0,0.0,6.99,87.0,35.0,0.0,0.0,,,,31.0,30.0,17.0,44.0,1.17,1.17,14.0,38.0,0.0,41.0,19.0,0.08,0.08,1.0,12.0,1080.0,99.0,0.0,0.0,,99.0,0.0,0.0,,13.0,0.08,0.08,20.0,0.08,0.08,100.0,99.0,1.0,1.0,6.0,0.92,0.92,11.0,6.0,0.83,0.83,90.0,10.0,7.0,0.08,0.08,1.0,5.0,0.17,0.17,2.0,12.0,99.0,,34.0,,17.0,42.0,76.0,70.0,57.0,,80.0,0.0,0.0,,15.0,0.0,0.0,,12.0,0.0,0.0,,0.0,99.0,30.0,39.0,57.0,99.0,11.0,0.0,0.0,0.0,73.13,20.0,39.0,23.58,23.58,283.0,43.0,32.25,32.25,387.0,9.0,0.08,0.08,1.0,,0.0,,,1.0,,,67.0,0.58,0.58,7.0,83.9,72.0,68.0,68.0,3.0,3.0,36.0,29,0.0,0.0,25.0,0.0,58.0,97.0,4.17,4.17,50.0,12.0,0.0,0.0,,25.0,0.0,0.0,,10.0,0.0,0.0,0.0,0.0,,7.0,0.0,0.0,99.0,0.0,0.0,,,,,,,20.0,0.06,0.06,0.68,11.0,0.0,0.0,0.0,2026,0,0,0.0,0,0.0,0.0,0.0,2025-11-22 19:45:00,Domestic League,0,0,77,0,90,540,540,1080,0,0,-1,18,270,83,0,2025/2026,2025,0
Italy_Serie_A_2025-2026,Giorgio Scalvini,Atalanta,Defender,21,194,76,Italy,1,3,4,0,0,0,0.0,2003-12-11,0,0.0,0,1,1,25,1,2,3,0.93,eu,,41.0,0.0,0.0,,80.0,2.18,1.4,0.0,7.0,3470000.0,69.0,64.0,0.0,5.41,24.0,67.0,0.31,0.2,1.0,,,31.0,30.0,37.0,79.0,3.43,2.2,11.0,59.0,0.0,41.0,18.0,0.0,0.0,,5.0,289.0,67.0,0.31,0.2,1.0,20.0,0.93,0.6,3.0,72.0,1.56,1.0,79.0,0.93,0.6,60.0,80.0,3.0,5.0,71.0,10.59,6.8,34.0,54.0,4.67,3.0,44.0,15.0,95.0,2.49,1.6,8.0,14.0,0.31,0.2,1.0,3.0,9.0,1.0,51.0,2.0,69.0,79.0,76.0,91.0,88.0,,80.0,0.0,0.0,,94.0,1.56,1.0,5.0,43.0,0.62,0.4,2.0,0.0,2.0,30.0,58.0,69.0,2.0,76.0,0.22,0.14,0.72,86.6,75.0,94.0,56.37,36.2,181.0,95.0,65.09,41.8,209.0,99.0,0.0,0.0,,,0.0,,,,,,,0.0,0.0,,27.07,0.0,,,0.0,0.0,,42,0.0,50.0,89.0,50.0,99.0,37.0,0.93,0.6,3.0,29.0,0.31,0.2,1.0,55.0,0.31,0.2,1.0,36.0,0.62,0.4,0.0,2.0,2.0,75.0,1.87,1.2,99.0,0.0,0.0,,6.0,,,,,59.0,0.13,0.08,0.41,74.0,0.22,0.14,0.72,2026,0,1,0.31,1,0.0,0.45,0.31,2025-09-14 13:00:00,Domestic League,0,0,96,289,72,88,201,289,0,0,-1,8,42,54,0,2025/2026,2025,0
Italy_Serie_A_2025-2026,Nicola Zalewski,Atalanta,Forward,23,164,68,Poland,5,3,8,0,1,1,0.2,2002-01-23,0,0.0,1,0,1,13,2,2,4,0.8,eu,,84.0,35.92,18.0,180.0,36.0,0.8,0.4,0.0,4.0,3700000.0,72.0,88.0,0.12,5.61,30.0,35.0,0.0,0.0,,,,31.0,30.0,7.0,62.0,2.0,1.0,10.0,71.0,439.02,46.0,99.0,8.18,4.1,41.0,10.0,451.0,40.0,0.8,0.4,4.0,78.0,0.2,0.1,1.0,95.0,3.59,1.8,97.0,2.0,1.0,55.0,72.0,10.0,18.0,66.0,10.18,5.1,51.0,90.0,6.59,3.3,64.0,33.0,10.0,0.4,0.2,2.0,83.0,2.0,1.0,10.0,6.0,42.0,2.0,66.0,2.0,69.0,84.0,76.0,93.0,79.0,,96.0,0.2,0.1,1.0,52.0,0.6,0.3,3.0,65.0,1.0,0.5,5.0,0.0,30.0,30.0,71.0,81.0,27.0,72.0,0.19,0.1,0.95,72.84,20.0,39.0,23.55,11.8,118.0,43.0,32.33,16.2,162.0,99.0,0.0,0.0,,,0.0,,,,,,,0.0,0.0,,56.12,0.0,,,0.0,0.0,,59,0.0,16.67,31.0,16.67,84.0,24.0,0.8,0.4,4.0,69.0,1.0,0.5,5.0,42.0,0.2,0.1,1.0,63.0,1.2,0.6,0.0,6.0,6.0,69.0,1.8,0.9,99.0,0.0,0.0,,9.0,,,,,81.0,0.2,0.1,1.02,71.0,0.19,0.1,0.95,2026,0,1,0.4,1,0.0,0.49,0.2,2025-11-01 14:00:00,Domestic League,452,0,113,452,57,270,182,452,0,0,-1,9,71,-1,0,2025/2026,2025,0
Italy_Serie_A_2025-2026,Daniel Maldini,Atalanta,Forward,24,188,83,Italy,3,4,7,0,0,0,0.0,2001-10-11,1,0.48,1,1,2,28,0,2,2,0.97,eu,,74.0,24.19,4.55,50.0,45.0,0.97,0.18,0.0,2.0,2780000.0,64.0,64.0,0.0,3.62,4.0,35.0,0.0,0.0,,1.0,14.0,63.0,94.0,43.0,35.0,0.97,0.18,2.0,55.0,1250.0,73.0,69.0,1.94,0.36,4.0,11.0,186.0,35.0,0.97,0.18,2.0,99.0,0.0,0.0,,99.0,6.29,1.18,99.0,3.39,0.64,53.0,71.0,7.0,13.0,79.0,11.61,2.18,24.0,90.0,6.77,1.27,58.0,14.0,33.0,0.97,0.18,2.0,83.0,1.94,0.36,4.0,2.0,4.0,5.0,90.0,5.0,98.0,42.0,76.0,70.0,57.0,,80.0,0.0,0.0,,15.0,0.0,0.0,,62.0,0.97,0.18,2.0,0.0,18.0,36.0,55.0,57.0,,83.0,0.29,0.05,0.59,74.24,23.0,40.0,23.71,4.45,49.0,42.0,31.94,6.0,66.0,99.0,0.0,0.0,,,0.0,,,,,,,0.0,0.0,,39.79,0.0,,,0.0,0.0,,70,0.0,28.57,49.0,0.0,58.0,39.0,0.97,0.18,2.0,97.0,2.42,0.45,5.0,88.0,0.97,0.18,2.0,97.0,3.39,0.64,0.0,0.0,7.0,17.0,0.48,0.09,99.0,0.0,0.0,,1.0,,,,,32.0,0.08,0.02,0.17,81.0,0.29,0.05,0.59,2026,0,0,0.0,0,0.0,0.0,0.0,2025-08-30 16:30:00,Domestic League,0,186,93,0,27,76,110,186,0,0,-1,22,-1,-1,0,2025/2026,2025,1
Italy_Serie_A_2025-2026,Kossonou Odilon,Atalanta,Defender,24,191,72,Ivory Coast,4,4,8,0,0,0,0.0,1970-01-12,0,0.0,1,0,1,13,2,3,5,0.84,eu,,59.0,16.76,10.0,100.0,39.0,0.84,0.5,0.0,5.0,,8.0,64.0,0.0,4.63,12.0,81.0,0.5,0.3,3.0,,,31.0,30.0,7.0,76.0,3.02,1.8,18.0,67.0,5000.0,94.0,36.0,0.34,0.2,2.0,10.0,537.0,65.0,0.34,0.2,2.0,65.0,0.34,0.2,2.0,46.0,0.84,0.5,62.0,0.5,0.3,60.0,80.0,3.0,5.0,16.0,6.37,3.8,38.0,19.0,3.18,1.9,50.0,19.0,68.0,1.51,0.9,9.0,16.0,0.34,0.2,2.0,6.0,42.0,2.0,66.0,1.0,46.0,42.0,76.0,70.0,57.0,,80.0,0.0,0.0,,56.0,0.67,0.4,4.0,18.0,0.17,0.1,1.0,0.0,30.0,30.0,67.0,57.0,40.0,11.0,0.0,0.0,0.0,93.47,99.0,90.0,52.79,31.5,315.0,88.0,56.48,33.7,337.0,5.0,0.17,0.1,1.0,,0.0,,,,,,,0.0,0.0,,46.29,0.0,,,0.0,0.0,,3,0.0,0.0,25.0,0.0,58.0,27.0,0.84,0.5,5.0,12.0,0.0,0.0,,25.0,0.0,0.0,,10.0,0.0,0.0,0.0,0.0,,64.0,1.68,1.0,99.0,0.0,0.0,,10.0,,,,,44.0,0.1,0.06,0.62,11.0,0.0,0.0,0.0,2026,0,0,0.0,0,0.0,0.0,0.0,2025-11-09 11:30:00,Domestic League,0,0,107,0,67,309,228,537,0,0,-1,17,212,44,0,2025/2026,2025,0
Italy_Serie_A_2025-2026,Kamal Deen Sulemana,Atalanta,Forward,0,0,0,Denmark,5,5,10,1,0,1,0.18,1970-01-01,2,0.37,1,1,2,20,2,1,3,0.55,eu,,85.0,37.04,16.67,200.0,43.0,0.93,0.42,0.0,5.0,3700000.0,72.0,84.0,0.1,5.63,30.0,35.0,0.0,0.0,,2.0,20.0,79.0,87.0,25.0,28.0,0.74,0.33,4.0,84.0,4000.0,91.0,54.0,0.93,0.42,5.0,12.0,486.0,30.0,1.11,0.5,6.0,43.0,0.56,0.25,3.0,99.0,5.0,2.25,91.0,1.48,0.67,29.0,33.0,8.0,27.0,84.0,12.22,5.5,66.0,57.0,4.81,2.17,39.0,26.0,54.0,1.3,0.58,7.0,68.0,1.48,0.67,8.0,6.0,42.0,4.0,86.0,4.0,94.0,91.0,98.0,70.0,91.0,,80.0,0.0,0.0,,15.0,0.0,0.0,,49.0,0.74,0.33,4.0,0.0,65.0,44.0,84.0,66.0,32.0,89.0,0.34,0.15,1.86,84.31,64.0,41.0,23.89,10.75,129.0,33.0,28.33,12.75,153.0,99.0,0.0,0.0,,,0.0,,,,,,,0.0,0.0,,67.6,0.0,,,0.0,0.0,,7,0.0,50.0,89.0,25.0,92.0,11.0,0.56,0.25,3.0,59.0,0.74,0.33,4.0,82.0,0.74,0.33,4.0,69.0,1.48,0.67,0.0,4.0,8.0,32.0,0.93,0.42,99.0,0.0,0.0,,5.0,,,,,80.0,0.19,0.08,1.0,87.0,0.34,0.15,1.86,2026,2,0,0.55,2,0.75,0.0,0.37,2025-11-01 14:00:00,Domestic League,488,244,163,244,49,241,247,488,0,0,-1,4,32,-1,0,2025/2026,2025,2
Italy_Serie_A_2025-2026,Lazar Vujadin Samardžić,Atalanta,Midfielder,23,177,70,Germany,5,5,10,1,0,1,0.19,2002-02-24,0,0.0,1,0,1,10,2,5,7,1.34,eu,,96.0,59.87,26.0,312.0,27.0,0.58,0.25,0.0,3.0,2400000.0,60.0,86.0,0.1,5.75,34.0,35.0,0.0,0.0,,,,31.0,30.0,3.0,29.0,0.77,0.33,4.0,20.0,1040.0,66.0,96.0,5.76,2.5,30.0,12.0,469.0,14.0,1.73,0.75,9.0,18.0,0.96,0.42,5.0,92.0,3.26,1.42,92.0,1.54,0.67,47.0,58.0,8.0,17.0,73.0,10.94,4.75,57.0,15.0,2.88,1.25,26.0,15.0,70.0,1.54,0.67,8.0,8.0,0.19,0.08,1.0,5.0,32.0,5.0,90.0,1.0,46.0,82.0,76.0,94.0,76.0,,94.0,0.19,0.08,1.0,36.0,0.38,0.17,2.0,98.0,2.69,1.17,14.0,0.0,65.0,30.0,21.0,82.0,29.0,77.0,0.23,0.1,1.21,82.85,55.0,72.0,38.0,16.5,198.0,75.0,45.86,19.92,239.0,99.0,0.0,0.0,,,0.0,,,,,,,0.0,0.0,,69.03,0.0,,,0.0,0.0,,10,0.0,37.5,68.0,12.5,77.0,67.0,1.34,0.58,7.0,67.0,0.96,0.42,5.0,73.0,0.58,0.25,3.0,70.0,1.54,0.67,0.0,8.0,8.0,26.0,0.77,0.33,99.0,0.0,0.0,,4.0,,,,,92.0,0.29,0.12,1.49,75.0,0.23,0.1,1.21,2026,0,1,0.38,1,0.0,0.5,0.19,2025-11-09 11:30:00,Domestic League,469,0,67,469,47,288,181,469,0,0,-1,6,79,-1,0,2025/2026,2025,0
Italy_Serie_A_2025-2026,Ederson Jose dos Santos Lourenco da Silva,Atalanta,Midfielder,26,183,0,Brazil,3,5,8,0,0,0,0.0,1970-01-11,1,0.15,0,1,1,13,5,3,8,1.22,eu,,41.0,0.0,0.0,,30.0,0.61,0.44,0.0,4.0,3200000.0,67.0,64.0,0.0,6.07,43.0,46.0,0.15,0.11,1.0,1.0,12.0,60.0,49.0,7.0,34.0,0.92,0.67,6.0,31.0,0.0,41.0,35.0,0.31,0.22,2.0,9.0,589.0,15.0,1.68,1.22,11.0,13.0,1.07,0.78,7.0,31.0,0.46,0.33,44.0,0.31,0.22,66.0,86.0,2.0,3.0,61.0,9.78,7.11,64.0,55.0,4.74,3.44,48.0,31.0,59.0,1.38,1.0,9.0,69.0,1.53,1.11,10.0,7.0,54.0,1.0,51.0,2.0,69.0,42.0,76.0,70.0,57.0,,80.0,0.0,0.0,,53.0,0.61,0.44,4.0,50.0,0.76,0.56,5.0,0.0,30.0,82.0,31.0,57.0,45.0,54.0,0.1,0.07,0.64,90.76,94.0,96.0,60.05,43.67,393.0,96.0,66.16,48.11,433.0,99.0,0.0,0.0,,,0.0,,,,,,,0.0,0.0,,54.62,0.0,,,0.0,0.0,,13,0.0,42.86,75.0,0.0,58.0,59.0,1.22,0.89,8.0,52.0,0.61,0.44,4.0,66.0,0.46,0.33,3.0,57.0,1.07,0.78,0.0,0.0,7.0,86.0,2.29,1.67,99.0,0.0,0.0,,15.0,,,,,59.0,0.13,0.1,0.88,53.0,0.1,0.07,0.64,2026,0,0,0.0,0,0.0,0.0,0.0,2025-11-22 19:45:00,Domestic League,0,589,74,0,74,270,319,589,0,0,-1,16,148,-1,0,2025/2026,2025,1
Italy_Serie_A_2025-2026,Francesco Rossi,Atalanta,Goalkeeper,34,193,83,Italy,0,0,0,0,0,0,0.0,1970-01-08,0,0.0,0,0,0,0,0,0,0,0.0,eu,,,,,,,,,,,,,,,,,,,,,,,,,,,,,,,,,,,,,,,,,,,,,,,,,,,,,,,,,,,,,,,,,,,,,,,,,,,,,,,,,,,,,,,,,,,,,,,,,,,,,,,,,,,,,,,,,,,,,,,,,,,,,,,,,,,,,,,,,,,,,,,,,,,,,,,,,,,,,,,,,,,,,,,,,,,,,,,,,,,,,,,2026,0,0,0.0,0,0.0,0.0,0.0,1970-01-01 00:00:00,Domestic League,0,0,0,0,0,0,0,0,0,0,-1,-1,-1,-1,0,2025/2026,2025,0
Italy_Serie_A_2025-2026,Marco Brescianini,Atalanta,Midfielder,25,188,63,Italy,4,3,7,0,0,0,0.0,1970-01-11,1,0.59,0,0,0,0,0,1,1,0.59,eu,,64.0,19.54,2.75,33.0,3.0,0.0,0.0,0.0,,2310000.0,58.0,64.0,0.0,3.35,2.0,86.0,0.59,0.08,1.0,1.0,14.0,63.0,98.0,1.0,69.0,2.37,0.33,4.0,82.0,550.0,50.0,85.0,3.55,0.5,6.0,12.0,152.0,13.0,1.78,0.25,3.0,9.0,1.18,0.17,2.0,76.0,1.78,0.25,65.0,0.59,0.08,33.0,42.0,1.0,3.0,85.0,12.43,1.75,21.0,81.0,5.92,0.83,47.0,10.0,93.0,2.37,0.33,4.0,56.0,1.18,0.17,2.0,,,7.0,98.0,,17.0,92.0,99.0,70.0,97.0,,80.0,0.0,0.0,,84.0,1.18,0.17,2.0,72.0,1.18,0.17,2.0,0.0,18.0,33.0,82.0,60.0,,96.0,0.46,0.07,0.78,87.01,76.0,76.0,39.67,5.58,67.0,74.0,45.59,6.42,77.0,99.0,0.0,0.0,,,0.0,,,,,,,0.0,0.0,,40.22,0.0,,,0.0,0.0,,44,0.0,50.0,89.0,50.0,99.0,12.0,0.59,0.08,1.0,51.0,0.59,0.08,1.0,73.0,0.59,0.08,1.0,62.0,1.18,0.17,0.0,2.0,2.0,99.0,4.14,0.58,99.0,0.0,0.0,,7.0,,,,,54.0,0.12,0.02,0.2,94.0,0.46,0.07,0.78,2026,1,0,0.59,1,3.91,0.0,0.59,1970-01-01 00:00:00,Domestic League,0,152,152,152,22,23,129,152,0,0,-1,11,-1,-1,0,2025/2026,2025,1
Italy_Serie_A_2025-2026,Lorenzo Bernasconi,Atalanta,Defender,22,0,0,Italy,0,4,4,0,0,0,0.0,2003-11-16,0,0.0,0,1,1,25,0,2,2,0.7,eu,,80.0,31.29,7.42,89.0,15.0,0.35,0.08,0.0,1.0,294331.0,9.0,64.0,0.0,2.35,,91.0,0.7,0.17,2.0,,,31.0,30.0,37.0,65.0,2.11,0.5,6.0,76.0,423.81,46.0,98.0,7.38,1.75,21.0,12.0,256.0,65.0,0.35,0.08,1.0,6.0,1.41,0.33,4.0,26.0,0.35,0.08,20.0,0.0,0.0,0.0,20.0,,1.0,24.0,7.03,1.67,20.0,35.0,3.87,0.92,55.0,11.0,21.0,0.7,0.17,2.0,2.0,0.0,0.0,,3.0,9.0,1.0,51.0,1.0,46.0,42.0,76.0,70.0,57.0,,80.0,0.0,0.0,,98.0,1.76,0.42,5.0,89.0,1.76,0.42,5.0,0.0,2.0,30.0,76.0,57.0,,47.0,0.08,0.02,0.23,85.93,71.0,77.0,40.78,9.67,116.0,77.0,47.46,11.25,135.0,99.0,0.0,0.0,,,0.0,,,,,,,0.0,0.0,,28.2,0.0,,,0.0,0.0,,47,0.0,0.0,25.0,0.0,58.0,18.0,0.7,0.17,2.0,83.0,1.41,0.33,4.0,25.0,0.0,0.0,,67.0,1.41,0.33,0.0,0.0,4.0,98.0,3.52,0.83,99.0,0.0,0.0,,10.0,,,,,63.0,0.14,0.03,0.41,46.0,0.08,0.02,0.23,2026,0,0,0.0,0,0.0,0.0,0.0,2025-10-28 19:45:00,Domestic League,0,0,128,0,64,0,256,256,0,0,-1,14,-1,-1,0,2025/2026,2025,0
Italy_Serie_A_2025-2026,Marco Sportiello,Atalanta,Goalkeeper,33,192,87,Italy,0,0,0,0,0,0,0.0,1970-01-09,0,0.0,0,0,0,0,0,0,0,0.0,eu,,,,,,,,,,,,,,,,,,,,,,,,,,,,,,,,,,,,,,,,,,,,,,,,,,,,,,,,,,,,,,,,,,,,,,,,,,,,,,,,,,,,,,,,,,,,,,,,,,,,,,,,,,,,,,,,,,,,,,,,,,,,,,,,,,,,,,,,,,,,,,,,,,,,,,,,,,,,,,,,,,,,,,,,,,,,,,,,,,,,,,,2026,0,0,0.0,0,0.0,0.0,0.0,1970-01-01 00:00:00,Domestic League,0,0,0,0,0,0,0,0,0,0,-1,-1,-1,-1,0,2025/2026,2025,0
Italy_Serie_A_2025-2026,Honest Ahanor,Atalanta,Midfielder,17,0,0,Italy,3,4,7,0,0,0,0.0,2008-02-23,0,0.0,1,1,2,28,4,5,9,1.56,eu,,41.0,0.0,0.0,,66.0,1.56,0.75,0.0,9.0,1160000.0,30.0,64.0,0.0,3.87,6.0,90.0,0.69,0.33,4.0,,,31.0,30.0,43.0,64.0,2.08,1.0,12.0,8.0,0.0,41.0,25.0,0.17,0.08,1.0,12.0,518.0,65.0,0.35,0.17,2.0,36.0,0.69,0.33,4.0,41.0,0.69,0.33,30.0,0.17,0.08,25.0,29.0,1.0,4.0,42.0,8.34,4.0,48.0,76.0,5.56,2.67,66.0,32.0,13.0,0.52,0.25,3.0,82.0,1.91,0.92,11.0,6.0,42.0,1.0,51.0,1.0,46.0,42.0,76.0,70.0,57.0,,80.0,0.0,0.0,,94.0,1.56,0.75,9.0,12.0,0.0,0.0,,0.0,18.0,30.0,8.0,57.0,37.0,33.0,0.04,0.02,0.25,90.31,91.0,84.0,45.35,21.75,261.0,81.0,50.21,24.08,289.0,99.0,0.0,0.0,,,0.0,,,,,,,0.0,0.0,,46.39,0.0,,,0.0,0.0,,69,0.0,0.0,25.0,0.0,58.0,79.0,1.56,0.75,9.0,65.0,0.87,0.42,5.0,25.0,0.0,0.0,,49.0,0.87,0.42,0.0,0.0,5.0,76.0,1.91,0.92,99.0,0.0,0.0,,11.0,,,,,44.0,0.1,0.05,0.59,32.0,0.04,0.02,0.25,2026,0,0,0.0,0,0.0,0.0,0.0,2025-11-22 19:45:00,Domestic League,0,0,58,0,74,199,319,518,0,0,-1,13,144,-1,0,2025/2026,2025,0
Italy_Serie_A_2025-2026,Davide Zappacosta,Atalanta,Defender,33,185,70,Italy,5,4,9,1,0,1,0.13,1970-01-09,2,0.25,1,1,2,22,6,5,11,1.39,eu,,64.0,19.49,12.83,154.0,5.0,0.13,0.08,0.0,1.0,2090000.0,54.0,76.0,0.11,5.12,20.0,35.0,0.0,0.0,,2.0,22.0,83.0,70.0,29.0,43.0,1.14,0.75,9.0,17.0,641.67,53.0,81.0,3.04,2.0,24.0,12.0,711.0,48.0,0.63,0.42,5.0,72.0,0.25,0.17,2.0,73.0,1.65,1.08,78.0,0.89,0.58,53.0,71.0,7.0,13.0,9.0,4.94,3.25,39.0,10.0,2.15,1.42,43.0,17.0,23.0,0.76,0.5,6.0,38.0,0.76,0.5,6.0,8.0,63.0,1.0,51.0,2.0,69.0,55.0,76.0,70.0,57.0,,90.0,0.13,0.08,1.0,71.0,0.89,0.58,7.0,76.0,1.27,0.83,10.0,0.0,45.0,61.0,18.0,57.0,59.0,54.0,0.1,0.07,0.79,85.92,71.0,74.0,38.61,25.42,305.0,73.0,44.94,29.58,355.0,99.0,0.0,0.0,,,0.0,,,,,,,0.0,0.0,,61.4,0.0,,,0.0,0.0,,77,0.0,13.33,28.0,0.0,58.0,69.0,1.39,0.92,11.0,89.0,1.65,1.08,13.0,50.0,0.25,0.17,2.0,77.0,1.9,1.25,0.0,0.0,15.0,15.0,0.38,0.25,99.0,0.0,0.0,,3.0,,,,,85.0,0.22,0.14,1.71,53.0,0.1,0.07,0.79,2026,0,0,0.13,0,0.0,0.0,0.0,2025-11-22 19:45:00,Domestic League,710,355,65,0,79,357,353,710,0,0,-1,12,152,107,0,2025/2026,2025,2
Italy_Serie_A_2025-2026,Nikola Krstović,Atalanta,Forward,25,185,0,Montenegro,5,5,10,1,2,3,0.55,1970-01-12,1,0.18,1,1,2,20,2,3,5,0.92,eu,,41.0,0.0,0.0,,80.0,2.2,1.0,0.0,12.0,2560000.0,62.0,99.0,0.3,5.91,37.0,50.0,0.18,0.08,1.0,1.0,10.0,52.0,57.0,25.0,9.0,0.37,0.17,2.0,60.0,0.0,41.0,39.0,0.37,0.17,2.0,12.0,490.0,53.0,0.55,0.25,3.0,80.0,0.18,0.08,1.0,50.0,0.92,0.42,49.0,0.37,0.17,40.0,52.0,2.0,5.0,57.0,9.55,4.33,52.0,35.0,3.86,1.75,40.0,21.0,54.0,1.29,0.58,7.0,44.0,0.92,0.42,5.0,5.0,32.0,5.0,90.0,3.0,86.0,98.0,97.0,70.0,91.0,,93.0,0.18,0.08,1.0,20.0,0.18,0.08,1.0,88.0,1.65,0.75,9.0,0.0,65.0,74.0,60.0,67.0,32.0,98.0,0.57,0.26,3.08,77.94,35.0,27.0,19.47,8.83,106.0,24.0,24.98,11.33,136.0,99.0,0.0,0.0,,,0.0,,,,,,,0.0,0.0,,70.93,0.0,,,0.0,0.0,,90,0.0,28.57,49.0,7.14,63.0,36.0,0.92,0.42,5.0,99.0,3.67,1.67,20.0,98.0,1.47,0.67,8.0,99.0,5.14,2.33,0.0,14.0,28.0,19.0,0.55,0.25,99.0,0.0,0.0,,3.0,,,10.0,1.0,98.0,0.43,0.19,2.34,97.0,0.57,0.26,3.08,2026,2,0,0.92,2,0.64,0.0,0.37,2025-11-09 11:30:00,Domestic League,163,489,98,245,49,283,206,489,0,0,-1,2,30,-1,0,2025/2026,2025,1
Italy_Serie_A_2025-2026,Giovanni Bonfanti,Atalanta,Defender,22,0,0,Italy,3,3,6,0,0,0,0.0,2003-01-17,0,0.0,0,2,2,33,6,0,6,1.66,eu,,72.0,22.98,7.55,83.0,61.0,1.38,0.45,0.0,5.0,410000.0,12.0,64.0,0.0,3.56,4.0,84.0,0.55,0.18,2.0,,,31.0,30.0,50.0,88.0,4.43,1.45,16.0,6.0,922.22,62.0,73.0,2.49,0.82,9.0,11.0,325.0,40.0,0.83,0.27,3.0,45.0,0.55,0.18,2.0,88.0,2.77,0.91,84.0,1.11,0.36,40.0,52.0,4.0,10.0,77.0,11.35,3.73,41.0,76.0,5.54,1.82,48.0,20.0,75.0,1.66,0.55,6.0,27.0,0.55,0.18,2.0,4.0,22.0,2.0,66.0,4.0,94.0,42.0,76.0,70.0,57.0,,80.0,0.0,0.0,,67.0,0.83,0.27,3.0,54.0,0.83,0.27,3.0,0.0,9.0,30.0,6.0,57.0,6.0,50.0,0.09,0.03,0.33,65.66,8.0,22.0,18.0,5.91,65.0,31.0,27.42,9.0,99.0,99.0,0.0,0.0,,,0.0,,,,,,,0.0,0.0,,39.19,0.0,,,0.0,0.0,,94,0.0,20.0,35.0,0.0,58.0,84.0,1.66,0.55,6.0,74.0,1.11,0.36,4.0,53.0,0.28,0.09,1.0,67.0,1.38,0.45,0.0,0.0,5.0,90.0,2.49,0.82,99.0,0.0,0.0,,9.0,,,,,32.0,0.08,0.03,0.28,49.0,0.09,0.03,0.33,2026,0,0,0.0,0,0.0,0.0,0.0,2025-10-24 18:45:00,Domestic League,0,0,54,0,54,166,159,325,0,0,-1,14,157,125,0,2025/2026,2025,0
Italy_Serie_A_2025-2026,Adrian Šemper,Pisa,Goalkeeper,27,194,89,Croatia,5,6,11,0,0,0,0.0,1970-01-11,0,0.0,0,4,4,36,11,2,13,1.18,eu,,41.0,0.0,0.0,,13.0,0.27,0.27,0.0,3.0,1390000.0,39.0,64.0,0.0,7.01,89.0,35.0,0.0,0.0,,,,31.0,30.0,55.0,37.0,1.0,1.0,11.0,37.0,0.0,41.0,18.0,0.0,0.0,,11.0,990.0,99.0,0.0,0.0,,99.0,0.0,0.0,,13.0,0.0,0.0,20.0,0.0,0.0,0.0,20.0,,,3.0,0.45,0.45,5.0,3.0,0.36,0.36,80.0,4.0,6.0,0.0,0.0,,2.0,0.09,0.09,1.0,11.0,96.0,,34.0,,17.0,42.0,76.0,70.0,57.0,,80.0,0.0,0.0,,15.0,0.0,0.0,,12.0,0.0,0.0,,0.0,87.0,30.0,36.0,57.0,93.0,11.0,0.0,0.0,0.0,60.38,5.0,20.0,17.45,17.45,192.0,35.0,28.91,28.91,318.0,99.0,0.0,0.0,,,0.0,,,,,,33.0,0.27,0.27,3.0,77.12,72.55,72.0,80.0,3.36,3.36,37.0,1,0.0,0.0,25.0,0.0,58.0,98.0,4.64,4.64,51.0,12.0,0.0,0.0,,25.0,0.0,0.0,,10.0,0.0,0.0,0.0,0.0,,7.0,0.0,0.0,99.0,0.0,0.0,,,,,,,3.0,0.03,0.03,0.35,11.0,0.0,0.0,0.0,2026,0,0,0.0,0,0.0,0.0,0.0,2025-11-07 19:45:00,Domestic League,0,0,76,0,90,450,540,990,0,0,-1,16,161,88,0,2025/2026,2025,0
Italy_Serie_A_2025-2026,Samuele Angori,Pisa,Defender,22,0,0,Italy,4,4,8,1,0,1,0.2,2003-10-07,0,0.0,0,2,2,25,3,2,5,0.98,eu,,91.0,44.21,20.45,225.0,17.0,0.39,0.18,0.0,2.0,349000.0,11.0,88.0,0.12,4.91,16.0,74.0,0.39,0.18,2.0,,,31.0,30.0,37.0,73.0,2.75,1.27,14.0,55.0,978.26,65.0,92.0,4.52,2.09,23.0,11.0,458.0,35.0,0.98,0.45,5.0,28.0,0.79,0.36,4.0,22.0,0.2,0.09,33.0,0.2,0.09,100.0,99.0,1.0,1.0,51.0,9.04,4.18,46.0,60.0,4.91,2.27,54.0,25.0,15.0,0.59,0.27,3.0,76.0,1.77,0.82,9.0,5.0,32.0,3.0,78.0,2.0,69.0,66.0,76.0,70.0,57.0,,80.0,0.0,0.0,,64.0,0.79,0.36,4.0,72.0,1.18,0.55,6.0,0.0,30.0,30.0,54.0,57.0,28.0,15.0,0.01,0.0,0.04,62.39,6.0,12.0,14.34,6.64,73.0,19.0,22.99,10.64,117.0,99.0,0.0,0.0,,,0.0,,,,,,,0.0,0.0,,54.05,0.0,,,0.0,0.0,,3,0.0,0.0,25.0,0.0,58.0,40.0,0.98,0.45,5.0,20.0,0.2,0.09,1.0,25.0,0.0,0.0,,14.0,0.2,0.09,0.0,0.0,1.0,91.0,2.55,1.18,99.0,0.0,0.0,,13.0,,,,,80.0,0.19,0.09,0.96,15.0,0.01,0.0,0.04,2026,0,0,0.2,0,0.0,0.0,0.0,2025-10-30 19:45:00,Domestic League,457,0,91,0,57,174,283,457,0,0,-1,24,143,59,0,2025/2026,2025,0
Italy_Serie_A_2025-2026,Antonio Aldo Caracciolo,Pisa,Defender,35,181,73,Italy,5,6,11,0,0,0,0.0,1970-01-08,2,0.18,0,4,4,36,11,2,13,1.18,eu,,41.0,0.0,0.0,,77.0,2.0,2.0,0.0,22.0,349000.0,11.0,64.0,0.0,6.8,74.0,96.0,1.0,1.0,11.0,2.0,18.0,72.0,57.0,55.0,97.0,6.27,6.27,69.0,37.0,0.0,41.0,18.0,0.0,0.0,,11.0,990.0,77.0,0.18,0.18,2.0,16.0,1.0,1.0,11.0,27.0,0.36,0.36,22.0,0.09,0.09,25.0,29.0,1.0,4.0,46.0,8.73,8.73,96.0,53.0,4.64,4.64,53.0,51.0,52.0,1.27,1.27,14.0,21.0,0.45,0.45,5.0,11.0,96.0,,34.0,,17.0,42.0,76.0,70.0,57.0,,80.0,0.0,0.0,,89.0,1.36,1.36,15.0,12.0,0.0,0.0,,0.0,87.0,76.0,36.0,57.0,93.0,39.0,0.05,0.05,0.54,82.73,55.0,56.0,29.18,29.18,321.0,53.0,35.27,35.27,388.0,99.0,0.0,0.0,,,0.0,,,,,,,0.0,0.0,,74.76,0.0,,,0.0,0.0,,4,0.0,33.33,61.0,0.0,58.0,64.0,1.27,1.27,14.0,31.0,0.36,0.36,4.0,39.0,0.18,0.18,2.0,32.0,0.55,0.55,0.0,0.0,6.0,82.0,2.09,2.09,99.0,0.0,0.0,,23.0,,,,,20.0,0.06,0.06,0.61,38.0,0.05,0.05,0.54,2026,0,0,0.0,0,0.0,0.0,0.0,2025-11-07 19:45:00,Domestic League,0,495,76,0,90,450,540,990,0,0,-1,23,150,84,0,2025/2026,2025,2
Italy_Serie_A_2025-2026,Simone Canestrelli,Pisa,Defender,25,192,85,Italy,5,6,11,0,0,0,0.0,1970-01-12,1,0.09,0,4,4,36,11,2,13,1.18,eu,,41.0,0.0,0.0,,91.0,3.0,3.0,0.0,33.0,440000.0,13.0,64.0,0.0,6.73,70.0,95.0,0.91,0.91,10.0,1.0,9.0,45.0,35.0,55.0,92.0,5.36,5.36,59.0,37.0,0.0,41.0,37.0,0.36,0.36,4.0,11.0,990.0,64.0,0.36,0.36,4.0,55.0,0.45,0.45,5.0,27.0,0.36,0.36,31.0,0.18,0.18,50.0,69.0,2.0,4.0,42.0,8.36,8.36,92.0,58.0,4.82,4.82,57.0,53.0,22.0,0.73,0.73,8.0,7.0,0.18,0.18,2.0,11.0,96.0,,34.0,,17.0,42.0,76.0,70.0,57.0,,80.0,0.0,0.0,,49.0,0.55,0.55,6.0,31.0,0.36,0.36,4.0,0.0,87.0,98.0,36.0,57.0,93.0,22.0,0.02,0.02,0.23,80.66,45.0,55.0,28.82,28.82,317.0,54.0,35.73,35.73,393.0,99.0,0.0,0.0,,,0.0,,,,,,,0.0,0.0,,74.07,0.0,,,0.0,0.0,,5,0.0,25.0,44.0,0.0,58.0,64.0,1.27,1.27,14.0,26.0,0.27,0.27,3.0,27.0,0.09,0.09,1.0,23.0,0.36,0.36,0.0,0.0,4.0,54.0,1.45,1.45,99.0,0.0,0.0,,16.0,,,,,28.0,0.07,0.07,0.8,22.0,0.02,0.02,0.23,2026,0,0,0.0,0,0.0,0.0,0.0,2025-11-07 19:45:00,Domestic League,0,990,76,0,90,450,540,990,0,0,-1,22,153,86,0,2025/2026,2025,1
Italy_Serie_A_2025-2026,Marius Mihai Marin,Pisa,Midfielder,27,180,70,Romania,4,5,9,0,0,0,0.0,1970-01-11,2,0.32,0,4,4,44,7,1,8,1.29,eu,,41.0,0.0,0.0,,36.0,0.8,0.45,0.0,5.0,,8.0,64.0,0.0,5.36,23.0,68.0,0.32,0.18,2.0,2.0,22.0,83.0,82.0,71.0,56.0,1.61,0.91,10.0,24.0,0.0,41.0,57.0,1.12,0.64,7.0,11.0,560.0,48.0,0.64,0.36,4.0,10.0,1.12,0.64,7.0,32.0,0.48,0.27,29.0,0.16,0.09,33.0,42.0,1.0,3.0,52.0,9.16,5.18,57.0,65.0,5.14,2.91,56.0,32.0,78.0,1.77,1.0,11.0,67.0,1.45,0.82,9.0,7.0,54.0,2.0,66.0,1.0,46.0,42.0,76.0,70.0,57.0,,80.0,0.0,0.0,,64.0,0.8,0.45,5.0,12.0,0.0,0.0,,0.0,45.0,49.0,24.0,57.0,42.0,11.0,0.0,0.0,0.0,72.05,18.0,24.0,18.64,10.55,116.0,27.0,25.87,14.64,161.0,99.0,0.0,0.0,,,0.0,,,,,,,0.0,0.0,,58.92,0.0,,,0.0,0.0,,6,0.0,0.0,25.0,0.0,58.0,65.0,1.29,0.73,8.0,12.0,0.0,0.0,,25.0,0.0,0.0,,10.0,0.0,0.0,0.0,0.0,,95.0,2.89,1.64,99.0,0.0,0.0,,18.0,,,,,7.0,0.04,0.03,0.28,11.0,0.0,0.0,0.0,2026,0,0,0.0,0,0.0,0.0,0.0,2025-10-30 19:45:00,Domestic League,0,280,70,0,62,255,305,560,0,0,-1,21,158,-1,0,2025/2026,2025,2
Italy_Serie_A_2025-2026,Henrik Wendel Meister,Pisa,Midfielder,0,0,0,Denmark,5,4,9,0,0,0,0.0,1970-01-01,1,0.18,0,2,2,22,7,2,9,1.65,eu,,41.0,0.0,0.0,,78.0,2.02,1.0,0.0,11.0,830000.0,20.0,64.0,0.0,4.63,12.0,35.0,0.0,0.0,,1.0,11.0,57.0,57.0,29.0,19.0,0.55,0.27,3.0,7.0,0.0,41.0,18.0,0.0,0.0,,11.0,491.0,20.0,1.47,0.73,8.0,62.0,0.37,0.18,2.0,86.0,2.57,1.27,84.0,1.1,0.55,42.0,56.0,6.0,14.0,71.0,10.63,5.27,58.0,44.0,4.22,2.09,39.0,23.0,65.0,1.47,0.73,8.0,44.0,0.92,0.45,5.0,5.0,32.0,4.0,86.0,2.0,69.0,42.0,76.0,70.0,57.0,,80.0,0.0,0.0,,15.0,0.0,0.0,,12.0,0.0,0.0,,0.0,45.0,75.0,6.0,57.0,32.0,50.0,0.09,0.04,0.48,47.83,1.0,,4.03,2.0,22.0,1.0,8.43,4.18,46.0,99.0,0.0,0.0,,,0.0,,,,,,,0.0,0.0,,50.89,0.0,,,0.0,0.0,,9,0.0,40.0,72.0,0.0,58.0,83.0,1.65,0.82,9.0,49.0,0.55,0.27,3.0,61.0,0.37,0.18,2.0,51.0,0.92,0.45,0.0,0.0,5.0,9.0,0.18,0.09,99.0,0.0,0.0,,1.0,,,,,,0.01,0.0,0.05,49.0,0.09,0.04,0.48,2026,0,0,0.0,0,0.0,0.0,0.0,2025-11-02 14:00:00,Domestic League,0,490,54,0,54,288,202,490,0,0,-1,20,142,-1,0,2025/2026,2025,1
Italy_Serie_A_2025-2026,Mattéo Tramoni,Pisa,Midfielder,25,175,72,France,4,6,10,0,1,1,0.17,1970-01-11,1,0.17,0,4,4,40,6,2,8,1.36,eu,,83.0,34.58,18.55,204.0,23.0,0.51,0.27,0.0,3.0,460000.0,13.0,81.0,0.1,6.03,40.0,35.0,0.0,0.0,,1.0,10.0,52.0,53.0,64.0,26.0,0.68,0.36,4.0,20.0,816.0,59.0,89.0,4.24,2.27,25.0,11.0,531.0,55.0,0.51,0.27,3.0,6.0,1.36,0.73,8.0,65.0,1.36,0.73,30.0,0.17,0.09,12.0,20.0,1.0,8.0,36.0,7.97,4.27,47.0,11.0,2.54,1.36,31.0,15.0,77.0,1.69,0.91,10.0,31.0,0.68,0.36,4.0,7.0,54.0,3.0,78.0,4.0,94.0,60.0,76.0,70.0,57.0,,80.0,0.0,0.0,,57.0,0.68,0.36,4.0,78.0,1.36,0.73,8.0,0.0,65.0,79.0,20.0,57.0,39.0,64.0,0.14,0.07,0.82,72.55,19.0,8.0,12.54,6.73,74.0,6.0,17.29,9.27,102.0,99.0,0.0,0.0,,,0.0,,,,,,,0.0,0.0,,66.38,0.0,,,0.0,0.0,,10,0.0,27.27,46.0,0.0,58.0,68.0,1.36,0.73,8.0,82.0,1.36,0.73,8.0,69.0,0.51,0.27,3.0,76.0,1.86,1.0,0.0,0.0,11.0,43.0,1.19,0.64,99.0,0.0,0.0,,7.0,,,,,77.0,0.18,0.09,1.04,62.0,0.14,0.07,0.82,2026,0,0,0.17,0,0.0,0.0,0.0,2025-10-30 19:45:00,Domestic League,529,529,66,0,53,193,336,529,0,0,-1,19,162,-1,0,2025/2026,2025,1
Italy_Serie_A_2025-2026,Idrissa Touré,Pisa,Midfielder,27,188,76,Germany,4,5,9,0,0,0,0.0,1970-01-11,2,0.25,0,3,3,33,5,2,7,0.86,eu,,90.0,43.4,39.22,353.0,99.0,5.16,4.67,0.0,42.0,276000.0,9.0,64.0,0.0,6.85,79.0,62.0,0.25,0.22,2.0,,,31.0,70.0,50.0,73.0,2.7,2.44,22.0,65.0,1470.83,76.0,80.0,2.95,2.67,24.0,9.0,732.0,30.0,1.11,1.0,9.0,11.0,1.11,1.0,9.0,64.0,1.35,1.22,66.0,0.61,0.56,45.0,57.0,5.0,11.0,95.0,15.61,14.11,127.0,99.0,8.85,8.0,56.0,72.0,34.0,0.98,0.89,8.0,64.0,1.35,1.22,11.0,9.0,73.0,,34.0,1.0,46.0,53.0,76.0,75.0,68.0,,80.0,0.0,0.0,,98.0,1.72,1.56,14.0,69.0,1.11,1.0,9.0,0.0,45.0,64.0,65.0,91.0,62.0,70.0,0.16,0.14,1.3,64.25,7.0,15.0,15.25,13.78,124.0,20.0,23.73,21.44,193.0,99.0,0.0,0.0,,,0.0,,,,,,,0.0,0.0,,61.64,0.0,,,0.0,0.0,,15,0.0,16.67,31.0,8.33,66.0,40.0,0.98,0.89,8.0,77.0,1.23,1.11,10.0,50.0,0.25,0.22,2.0,69.0,1.48,1.33,0.0,12.0,12.0,66.0,1.72,1.56,99.0,0.0,0.0,,14.0,,,,,20.0,0.06,0.06,0.51,69.0,0.16,0.14,1.3,2026,0,1,0.12,1,0.0,0.2,0.12,2025-11-07 19:45:00,Domestic League,0,366,105,732,81,282,450,732,0,0,-1,3,112,-1,1,2025/2026,2025,1
Italy_Serie_A_2025-2026,Michel Aebischer,Pisa,Midfielder,28,183,76,Switzerland,4,6,10,0,0,0,0.0,1970-01-10,2,0.22,0,4,4,40,5,2,7,0.78,eu,,50.0,11.12,10.0,100.0,9.0,0.22,0.2,0.0,2.0,1290000.0,32.0,64.0,0.0,6.91,82.0,68.0,0.33,0.3,3.0,2.0,20.0,79.0,63.0,64.0,37.0,1.0,0.9,9.0,72.0,2500.0,86.0,42.0,0.44,0.4,4.0,10.0,809.0,58.0,0.44,0.4,4.0,22.0,0.89,0.8,8.0,36.0,0.56,0.5,56.0,0.44,0.4,80.0,93.0,4.0,5.0,30.0,7.45,6.7,67.0,54.0,4.67,4.2,62.0,42.0,45.0,1.11,1.0,10.0,46.0,1.0,0.9,9.0,9.0,73.0,1.0,51.0,1.0,46.0,42.0,76.0,70.0,57.0,,80.0,0.0,0.0,,71.0,0.89,0.8,8.0,58.0,0.89,0.8,8.0,0.0,65.0,68.0,72.0,57.0,70.0,28.0,0.03,0.03,0.29,86.5,74.0,79.0,42.05,37.8,378.0,79.0,48.62,43.7,437.0,99.0,0.0,0.0,,,0.0,,,,,,,0.0,0.0,,69.15,0.0,,,0.0,0.0,,20,0.0,0.0,25.0,0.0,58.0,32.0,0.89,0.8,8.0,50.0,0.56,0.5,5.0,25.0,0.0,0.0,,33.0,0.56,0.5,0.0,0.0,5.0,96.0,3.0,2.7,99.0,0.0,0.0,,27.0,,,,,51.0,0.11,0.1,0.97,28.0,0.03,0.03,0.29,2026,0,0,0.0,0,0.0,0.0,0.0,2025-11-07 19:45:00,Domestic League,0,405,116,0,81,314,495,809,0,0,-1,18,159,-1,0,2025/2026,2025,2
Italy_Serie_A_2025-2026,Stefano Moreo,Pisa,Forward,32,191,86,Italy,4,6,10,0,0,0,0.0,1970-01-09,0,0.0,0,4,4,40,4,2,6,1.1,eu,,61.0,18.29,9.09,100.0,96.0,4.02,2.0,0.0,22.0,2090000.0,54.0,64.0,0.0,5.63,30.0,72.0,0.37,0.18,2.0,,,31.0,30.0,64.0,63.0,2.01,1.0,11.0,44.0,2000.0,81.0,53.0,0.91,0.45,5.0,11.0,492.0,99.0,0.0,0.0,,45.0,0.55,0.27,3.0,42.0,0.73,0.36,31.0,0.18,0.09,25.0,29.0,1.0,4.0,72.0,10.79,5.36,59.0,83.0,6.04,3.0,55.0,33.0,22.0,0.73,0.36,4.0,52.0,1.1,0.55,6.0,7.0,54.0,3.0,78.0,2.0,69.0,82.0,99.0,70.0,91.0,,80.0,0.0,0.0,,49.0,0.55,0.27,3.0,49.0,0.73,0.36,4.0,0.0,65.0,30.0,45.0,67.0,33.0,77.0,0.24,0.12,1.33,59.46,4.0,6.0,12.07,6.0,66.0,11.0,20.3,10.09,111.0,99.0,0.0,0.0,,,0.0,1.0,,,1.0,,,0.0,0.0,,61.92,0.0,,,0.0,0.0,,32,0.0,36.36,65.0,18.18,85.0,64.0,1.28,0.64,7.0,79.0,1.28,0.64,7.0,81.0,0.73,0.36,4.0,79.0,2.01,1.0,0.0,5.5,11.0,25.0,0.73,0.36,99.0,0.0,0.0,,4.0,,,,,20.0,0.06,0.03,0.32,89.0,0.37,0.18,2.03,2026,2,0,0.37,2,0.87,0.0,0.37,2025-11-07 19:45:00,Domestic League,0,0,82,247,49,208,285,493,1,0,100,1,31,-1,0,2025/2026,2025,0
Italy_Serie_A_2025-2026,Daniel Denoon,Pisa,Defender,55,187,85,,1,1,2,0,0,0,0.0,1970-01-01,1,0.73,0,1,1,50,1,0,1,0.73,eu,,41.0,0.0,0.0,,34.0,0.73,0.14,0.0,1.0,162000.0,8.0,64.0,0.0,1.85,,35.0,0.0,0.0,,1.0,50.0,99.0,99.0,90.0,66.0,2.18,0.43,3.0,75.0,0.0,41.0,18.0,0.0,0.0,,7.0,124.0,43.0,0.73,0.14,1.0,99.0,0.0,0.0,,13.0,0.0,0.0,20.0,0.0,0.0,0.0,20.0,,,55.0,9.44,1.86,13.0,47.0,4.35,0.86,46.0,6.0,98.0,2.9,0.57,4.0,87.0,2.18,0.43,3.0,2.0,4.0,,34.0,1.0,46.0,42.0,76.0,70.0,57.0,,80.0,0.0,0.0,,60.0,0.73,0.14,1.0,12.0,0.0,0.0,,0.0,,31.0,75.0,57.0,,11.0,0.0,0.0,0.0,84.38,65.0,28.0,19.6,3.86,27.0,19.0,23.23,4.57,32.0,99.0,0.0,0.0,,,0.0,,,,,,,0.0,0.0,,12.93,0.0,,,0.0,0.0,,44,0.0,0.0,25.0,0.0,58.0,19.0,0.73,0.14,1.0,12.0,0.0,0.0,,25.0,0.0,0.0,,10.0,0.0,0.0,0.0,0.0,,84.0,2.18,0.43,99.0,0.0,0.0,,3.0,,,,,7.0,0.04,0.01,0.06,11.0,0.0,0.0,0.0,2026,0,0,0.0,0,0.0,0.0,0.0,2025-10-30 19:45:00,Domestic League,0,124,124,0,62,78,46,124,0,0,-1,17,-1,-1,0,2025/2026,2025,1
Italy_Serie_A_2025-2026,Mehdi Pascal Marcel Léris,Pisa,Midfielder,27,186,83,Algeria,3,6,9,1,0,1,0.19,1970-01-11,0,0.0,0,4,4,44,7,0,7,1.33,eu,,96.0,58.41,27.91,307.0,44.0,0.95,0.45,0.0,5.0,1500000.0,40.0,86.0,0.11,5.61,30.0,86.0,0.57,0.27,3.0,,,31.0,30.0,71.0,69.0,2.28,1.09,12.0,22.0,959.38,65.0,97.0,6.09,2.91,32.0,11.0,473.0,42.0,0.76,0.36,4.0,79.0,0.19,0.09,1.0,69.0,1.52,0.73,50.0,0.38,0.18,25.0,29.0,2.0,8.0,47.0,8.75,4.18,46.0,78.0,5.71,2.73,65.0,30.0,31.0,0.95,0.45,5.0,46.0,0.95,0.45,5.0,5.0,32.0,4.0,86.0,1.0,46.0,64.0,76.0,70.0,57.0,,80.0,0.0,0.0,,88.0,1.33,0.64,7.0,89.0,1.71,0.82,9.0,0.0,45.0,30.0,23.0,57.0,30.0,44.0,0.07,0.03,0.38,76.38,29.0,24.0,18.46,8.82,97.0,21.0,24.16,11.55,127.0,99.0,0.0,0.0,,,0.0,,,,,,,0.0,0.0,,61.71,0.0,,,0.0,0.0,,7,0.0,20.0,35.0,0.0,58.0,67.0,1.33,0.64,7.0,60.0,0.76,0.36,4.0,40.0,0.19,0.09,1.0,52.0,0.95,0.45,0.0,0.0,5.0,98.0,3.42,1.64,99.0,0.0,0.0,,18.0,,,,,83.0,0.21,0.1,1.12,43.0,0.07,0.03,0.38,2026,0,0,0.19,0,0.0,0.0,0.0,2025-11-02 14:00:00,Domestic League,474,0,68,0,53,221,253,474,0,0,-1,25,154,-1,0,2025/2026,2025,0
Italy_Serie_A_2025-2026,Malthe Höjholt,Pisa,Midfielder,24,182,0,Denmark,1,1,2,0,0,0,0.0,1970-01-12,1,1.03,0,1,1,50,2,0,2,2.07,eu,,41.0,0.0,0.0,,78.0,2.07,0.18,0.0,2.0,349000.0,11.0,64.0,0.0,1.16,,35.0,0.0,0.0,,1.0,50.0,99.0,99.0,90.0,38.0,1.03,0.09,1.0,1.0,0.0,41.0,18.0,0.0,0.0,,11.0,87.0,7.0,2.07,0.18,2.0,,3.1,0.27,3.0,13.0,0.0,0.0,20.0,0.0,0.0,0.0,20.0,,,77.0,11.38,1.0,11.0,67.0,5.17,0.45,45.0,5.0,39.0,1.03,0.09,1.0,2.0,0.0,0.0,,1.0,,1.0,51.0,1.0,46.0,42.0,76.0,70.0,57.0,,80.0,0.0,0.0,,15.0,0.0,0.0,,12.0,0.0,0.0,,0.0,,30.0,1.0,57.0,,11.0,0.0,0.0,0.0,81.58,50.0,59.0,32.07,2.82,31.0,61.0,39.31,3.45,38.0,99.0,0.0,0.0,,,0.0,,,,,,,0.0,0.0,,12.72,0.0,,,0.0,0.0,,8,0.0,0.0,25.0,0.0,58.0,92.0,2.07,0.18,2.0,12.0,0.0,0.0,,25.0,0.0,0.0,,10.0,0.0,0.0,0.0,0.0,,97.0,3.1,0.27,99.0,0.0,0.0,,3.0,,,,,28.0,0.07,0.01,0.07,11.0,0.0,0.0,0.0,2026,0,0,0.0,0,0.0,0.0,0.0,2025-11-02 14:00:00,Domestic League,0,87,44,0,44,46,41,87,0,0,-1,15,-1,-1,0,2025/2026,2025,1
Italy_Serie_A_2025-2026,Juan Guillermo Cuadrado Bello,Pisa,Midfielder,37,179,72,Colombia,5,5,10,0,0,0,0.0,1970-01-07,2,0.56,0,4,4,40,2,0,2,0.56,eu,,99.0,107.44,38.2,382.0,13.0,0.28,0.1,0.0,1.0,2310000.0,58.0,64.0,0.0,6.69,65.0,85.0,0.56,0.2,2.0,2.0,20.0,79.0,98.0,64.0,42.0,1.12,0.4,4.0,84.0,2122.22,82.0,94.0,5.06,1.8,18.0,10.0,320.0,4.0,2.25,0.8,8.0,3.0,1.69,0.6,6.0,99.0,6.19,2.2,98.0,2.25,0.8,36.0,44.0,8.0,22.0,99.0,18.0,6.4,64.0,98.0,8.16,2.9,45.0,29.0,46.0,1.12,0.4,4.0,88.0,2.25,0.8,8.0,2.0,4.0,8.0,99.0,3.0,86.0,42.0,76.0,70.0,57.0,,97.0,0.28,0.1,1.0,68.0,0.84,0.3,3.0,95.0,2.25,0.8,8.0,0.0,65.0,34.0,83.0,57.0,6.0,54.0,0.1,0.03,0.34,78.45,37.0,45.0,25.59,9.1,91.0,45.0,32.62,11.6,116.0,99.0,0.0,0.0,,,0.0,1.0,,,1.0,,,0.0,0.0,,66.85,0.0,,,0.0,0.0,,11,0.0,33.33,61.0,16.67,84.0,27.0,0.84,0.3,3.0,75.0,1.12,0.4,4.0,72.0,0.56,0.2,2.0,74.0,1.69,0.6,0.0,6.0,6.0,98.0,3.38,1.2,99.0,0.0,0.0,,12.0,,,,,59.0,0.13,0.05,0.46,81.0,0.29,0.1,1.04,2026,0,0,0.0,0,0.0,0.0,0.0,2025-11-07 19:45:00,Domestic League,0,161,161,0,32,136,185,321,0,0,-1,5,146,-1,0,2025/2026,2025,2
Italy_Serie_A_2025-2026,Nícolas David Andrade,Pisa,Goalkeeper,37,190,85,Brazil,0,0,0,0,0,0,0.0,1970-01-07,0,0.0,0,0,0,0,0,0,0,0.0,eu,,,,,,,,,,,,,,,,,,,,,,,,,,,,,,,,,,,,,,,,,,,,,,,,,,,,,,,,,,,,,,,,,,,,,,,,,,,,,,,,,,,,,,,,,,,,,,,,,,,,,,,,,,,,,,,,,,,,,,,,,,,,,,,,,,,,,,,,,,,,,,,,,,,,,,,,,,,,,,,,,,,,,,,,,,,,,,,,,,,,,,,2026,0,0,0.0,0,0.0,0.0,0.0,1970-01-01 00:00:00,Domestic League,0,0,0,0,0,0,0,0,0,0,-1,-1,-1,-1,0,2025/2026,2025,0
Italy_Serie_A_2025-2026,Ebenezer Akinsanmiro,Pisa,Midfielder,20,0,0,Nigeria,5,5,10,1,0,1,0.12,2004-11-25,1,0.12,0,4,4,40,10,1,11,1.32,eu,,73.0,23.97,18.18,200.0,34.0,0.72,0.55,0.0,6.0,930000.0,23.0,73.0,0.1,6.28,53.0,60.0,0.24,0.18,2.0,1.0,10.0,52.0,44.0,64.0,45.0,1.2,0.91,10.0,23.0,2500.0,86.0,55.0,0.96,0.73,8.0,11.0,751.0,31.0,1.08,0.82,9.0,53.0,0.48,0.36,4.0,87.0,2.64,2.0,92.0,1.56,1.18,59.0,77.0,13.0,22.0,79.0,11.62,8.82,97.0,84.0,6.11,4.64,52.0,51.0,94.0,2.4,1.82,20.0,75.0,1.68,1.27,14.0,8.0,63.0,2.0,66.0,1.0,46.0,53.0,76.0,70.0,57.0,,87.0,0.12,0.09,1.0,76.0,0.96,0.73,8.0,54.0,0.84,0.64,7.0,0.0,65.0,87.0,23.0,57.0,63.0,50.0,0.09,0.07,0.79,87.28,78.0,40.0,23.85,18.09,199.0,30.0,27.32,20.73,228.0,99.0,0.0,0.0,,,0.0,,,,,,,0.0,0.0,,69.05,0.0,,,0.0,0.0,,14,0.0,30.0,49.0,0.0,58.0,73.0,1.44,1.09,12.0,63.0,0.84,0.64,7.0,59.0,0.36,0.27,3.0,63.0,1.2,0.91,0.0,0.0,10.0,83.0,2.16,1.64,99.0,0.0,0.0,,18.0,,,,,66.0,0.15,0.11,1.26,49.0,0.09,0.07,0.79,2026,0,0,0.12,0,0.0,0.0,0.0,2025-11-07 19:45:00,Domestic League,750,750,68,0,75,388,362,750,0,0,-1,13,141,-1,0,2025/2026,2025,1
Italy_Serie_A_2025-2026,Louis Buffon,Pisa,Midfielder,17,0,0,Italy,1,0,1,0,0,0,0.0,2007-12-28,0,0.0,0,0,0,0,0,0,0,0.0,eu,,41.0,0.0,0.0,,3.0,0.0,0.0,0.0,,800000.0,18.0,64.0,0.0,0.72,,35.0,0.0,0.0,,,,31.0,30.0,1.0,3.0,0.0,0.0,,99.0,0.0,41.0,18.0,0.0,0.0,,9.0,13.0,,6.92,0.11,1.0,99.0,0.0,0.0,,13.0,0.0,0.0,20.0,0.0,0.0,0.0,20.0,,,99.0,20.77,0.33,3.0,91.0,6.92,0.11,33.0,1.0,6.0,0.0,0.0,,99.0,6.92,0.11,1.0,,,1.0,51.0,,17.0,42.0,76.0,70.0,57.0,,80.0,0.0,0.0,,15.0,0.0,0.0,,12.0,0.0,0.0,,0.0,,30.0,,57.0,,11.0,0.0,0.0,0.0,0.0,,,0.0,0.0,,,6.92,0.11,1.0,99.0,0.0,0.0,,,0.0,,,,,,,0.0,0.0,,6.46,0.0,,,0.0,0.0,,16,0.0,0.0,25.0,0.0,58.0,,0.0,0.0,,12.0,0.0,0.0,,25.0,0.0,0.0,,10.0,0.0,0.0,0.0,0.0,,7.0,0.0,0.0,99.0,0.0,0.0,,,,,,,,0.0,0.0,0.0,11.0,0.0,0.0,0.0,2026,0,0,0.0,0,0.0,0.0,0.0,1970-01-01 00:00:00,Domestic League,0,0,0,0,13,13,0,13,0,0,-1,12,-1,-1,0,2025/2026,2025,0
Italy_Serie_A_2025-2026,M'Bala Nzola,Pisa,Forward,29,185,82,Angola,5,6,11,0,0,0,0.0,1970-01-10,1,0.13,0,4,4,36,7,0,7,0.89,eu,,52.0,12.71,9.09,100.0,89.0,2.8,2.0,0.0,22.0,,8.0,64.0,0.0,6.82,76.0,44.0,0.13,0.09,1.0,1.0,9.0,45.0,46.0,55.0,10.0,0.38,0.27,3.0,63.0,3333.33,90.0,39.0,0.38,0.27,3.0,11.0,708.0,9.0,2.03,1.45,16.0,61.0,0.38,0.27,3.0,76.0,1.78,1.27,82.0,1.02,0.73,57.0,74.0,8.0,14.0,87.0,12.71,9.09,100.0,80.0,5.85,4.18,46.0,46.0,74.0,1.65,1.18,13.0,74.0,1.65,1.18,13.0,7.0,54.0,4.0,86.0,1.0,46.0,72.0,95.0,70.0,83.0,,90.0,0.13,0.09,1.0,17.0,0.13,0.09,1.0,85.0,1.53,1.09,12.0,0.0,87.0,86.0,62.0,74.0,59.0,74.0,0.2,0.15,1.6,79.39,41.0,9.0,13.22,9.45,104.0,5.0,16.65,11.91,131.0,99.0,0.0,0.0,,,0.0,1.0,,,1.0,,,0.0,0.0,,75.01,0.0,,,0.0,0.0,,18,0.0,25.0,44.0,12.5,77.0,43.0,1.02,0.73,8.0,87.0,1.53,1.09,12.0,69.0,0.51,0.36,4.0,80.0,2.03,1.45,0.0,8.0,16.0,15.0,0.38,0.27,99.0,0.0,0.0,,3.0,,,,,28.0,0.07,0.05,0.57,81.0,0.29,0.21,2.3,2026,2,0,0.25,2,0.6,0.0,0.25,2025-11-07 19:45:00,Domestic League,0,709,101,355,64,302,407,709,1,0,100,2,57,-1,0,2025/2026,2025,1
Italy_Serie_A_2025-2026,Simone Scuffet,Pisa,Goalkeeper,29,193,75,Italy,0,0,0,0,0,0,0.0,1970-01-10,0,0.0,0,0,0,0,0,0,0,0.0,eu,,,,,,,,,,,,,,,,,,,,,,,,,,,,,,,,,,,,,,,,,,,,,,,,,,,,,,,,,,,,,,,,,,,,,,,,,,,,,,,,,,,,,,,,,,,,,,,,,,,,,,,,,,,,,,,,,,,,,,,,,,,,,,,,,,,,,,,,,,,,,,,,,,,,,,,,,,,,,,,,,,,,,,,,,,,,,,,,,,,,,,,2026,0,0,0.0,0,0.0,0.0,0.0,1970-01-01 00:00:00,Domestic League,0,0,0,0,0,0,0,0,0,0,-1,-1,-1,-1,0,2025/2026,2025,0
Italy_Serie_A_2025-2026,Arturo Calabresi,Pisa,Defender,29,186,75,Italy,4,3,7,0,0,0,0.0,1970-01-10,0,0.0,0,2,2,28,2,0,2,0.56,eu,,41.0,0.0,0.0,,76.0,1.97,0.64,0.0,7.0,550000.0,14.0,64.0,0.0,4.14,8.0,65.0,0.28,0.09,1.0,,,31.0,30.0,43.0,98.0,6.77,2.18,24.0,84.0,0.0,41.0,52.0,0.85,0.27,3.0,11.0,319.0,99.0,0.0,0.0,,,2.82,0.91,10.0,57.0,1.13,0.36,40.0,0.28,0.09,25.0,29.0,1.0,4.0,65.0,10.16,3.27,36.0,31.0,3.67,1.18,36.0,13.0,46.0,1.13,0.36,4.0,76.0,1.69,0.55,6.0,2.0,4.0,5.0,90.0,,17.0,42.0,76.0,70.0,57.0,,80.0,0.0,0.0,,69.0,0.85,0.27,3.0,26.0,0.28,0.09,1.0,0.0,18.0,30.0,83.0,57.0,5.0,33.0,0.04,0.01,0.15,84.31,64.0,41.0,24.26,7.82,86.0,35.0,28.78,9.27,102.0,99.0,0.0,0.0,,,0.0,,,,,,,0.0,0.0,,45.5,0.0,,,0.0,0.0,,33,0.0,50.0,89.0,0.0,58.0,28.0,0.85,0.27,3.0,26.0,0.28,0.09,1.0,53.0,0.28,0.09,1.0,33.0,0.56,0.18,0.0,0.0,2.0,28.0,0.85,0.27,99.0,0.0,0.0,,3.0,,,,,28.0,0.07,0.02,0.25,32.0,0.04,0.01,0.15,2026,0,0,0.0,0,0.0,0.0,0.0,2025-11-07 19:45:00,Domestic League,0,0,160,0,46,159,160,319,0,0,-1,11,149,21,0,2025/2026,2025,0
Italy_Serie_A_2025-2026,,Pisa,Midfielder,0,0,0,,1,3,4,0,0,0,0.0,1970-01-01,2,2.86,0,2,2,50,0,0,0,0.0,eu,,41.0,0.0,0.0,,3.0,0.0,0.0,0.0,,,8.0,64.0,0.0,1.74,,35.0,0.0,0.0,,2.0,50.0,99.0,99.0,90.0,53.0,1.43,0.09,1.0,99.0,0.0,41.0,64.0,1.43,0.09,1.0,11.0,63.0,1.0,2.86,0.18,2.0,,4.29,0.27,3.0,66.0,1.43,0.09,20.0,0.0,0.0,0.0,20.0,,1.0,88.0,12.86,0.82,9.0,15.0,2.86,0.18,22.0,2.0,62.0,1.43,0.09,1.0,65.0,1.43,0.09,1.0,,,4.0,86.0,,17.0,42.0,76.0,70.0,57.0,,80.0,0.0,0.0,,15.0,0.0,0.0,,98.0,2.86,0.18,2.0,0.0,2.0,30.0,,57.0,,11.0,0.0,0.0,0.0,85.0,67.0,41.0,24.29,1.55,17.0,34.0,28.57,1.82,20.0,99.0,0.0,0.0,,,0.0,,,,,,,0.0,0.0,,19.17,0.0,,,0.0,0.0,,36,0.0,0.0,25.0,0.0,58.0,,0.0,0.0,,12.0,0.0,0.0,,25.0,0.0,0.0,,10.0,0.0,0.0,0.0,0.0,,52.0,1.43,0.09,99.0,0.0,0.0,,1.0,,,,,63.0,0.14,0.01,0.1,11.0,0.0,0.0,0.0,2026,0,0,0.0,0,0.0,0.0,0.0,1970-01-01 00:00:00,Domestic League,0,32,0,0,16,12,51,63,0,0,-1,10,-1,-1,0,2025/2026,2025,2
Italy_Serie_A_2025-2026,Giacomo Maucci,Pisa,Midfielder,18,0,0,Italy,0,0,0,0,0,0,0.0,2007-03-16,0,0.0,0,0,0,0,0,0,0,0.0,eu,,,,,,,,,,,,,,,,,,,,,,,,,,,,,,,,,,,,,,,,,,,,,,,,,,,,,,,,,,,,,,,,,,,,,,,,,,,,,,,,,,,,,,,,,,,,,,,,,,,,,,,,,,,,,,,,,,,,,,,,,,,,,,,,,,,,,,,,,,,,,,,,,,,,,,,,,,,,,,,,,,,,,,,,,,,,,,,,,,,,,,,2026,0,0,0.0,0,0.0,0.0,0.0,1970-01-01 00:00:00,Domestic League,0,0,0,0,0,0,0,0,0,0,-1,-1,-1,-1,0,2025/2026,2025,0
Italy_Serie_A_2025-2026,Jeremy Kandje Mbambi,Pisa,Defender,55,0,0,,0,0,0,0,0,0,0.0,1970-01-01,0,0.0,0,0,0,0,0,0,0,0.0,eu,,,,,,,,,,,,,,,,,,,,,,,,,,,,,,,,,,,,,,,,,,,,,,,,,,,,,,,,,,,,,,,,,,,,,,,,,,,,,,,,,,,,,,,,,,,,,,,,,,,,,,,,,,,,,,,,,,,,,,,,,,,,,,,,,,,,,,,,,,,,,,,,,,,,,,,,,,,,,,,,,,,,,,,,,,,,,,,,,,,,,,,2026,0,0,0.0,0,0.0,0.0,0.0,1970-01-01 00:00:00,Domestic League,0,0,0,0,0,0,0,0,0,0,-1,-1,-1,-1,0,2025/2026,2025,0
Italy_Serie_A_2025-2026,Mert Myuslyum Durmush,Pisa,Midfielder,0,0,0,Bulgaria,0,0,0,0,0,0,0.0,1970-01-01,0,0.0,0,0,0,0,0,0,0,0.0,eu,,,,,,,,,,,,,,,,,,,,,,,,,,,,,,,,,,,,,,,,,,,,,,,,,,,,,,,,,,,,,,,,,,,,,,,,,,,,,,,,,,,,,,,,,,,,,,,,,,,,,,,,,,,,,,,,,,,,,,,,,,,,,,,,,,,,,,,,,,,,,,,,,,,,,,,,,,,,,,,,,,,,,,,,,,,,,,,,,,,,,,,2026,0,0,0.0,0,0.0,0.0,0.0,1970-01-01 00:00:00,Domestic League,0,0,0,0,0,0,0,0,0,0,-1,-1,-1,-1,0,2025/2026,2025,0
Italy_Serie_A_2025-2026,Sandi Lovrić,Udinese,Midfielder,27,180,70,Slovenia,2,1,3,0,1,1,0.87,1970-01-11,1,0.87,0,0,0,0,2,0,2,1.75,eu,,99.0,122.33,14.0,140.0,40.0,0.87,0.1,0.0,1.0,1120000.0,27.0,99.0,0.33,2.03,,35.0,0.0,0.0,,1.0,33.0,95.0,99.0,1.0,31.0,0.87,0.1,1.0,3.0,1555.56,76.0,98.0,7.86,0.9,9.0,10.0,103.0,13.0,1.75,0.2,2.0,,2.62,0.3,3.0,47.0,0.87,0.1,20.0,0.0,0.0,0.0,20.0,,1.0,89.0,13.11,1.5,15.0,47.0,4.37,0.5,33.0,5.0,77.0,1.75,0.2,2.0,2.0,0.0,0.0,,1.0,,2.0,66.0,1.0,46.0,98.0,76.0,70.0,57.0,,80.0,0.0,0.0,,98.0,1.75,0.2,2.0,89.0,1.75,0.2,2.0,0.0,,31.0,4.0,57.0,,39.0,0.05,0.01,0.06,83.33,58.0,81.0,43.69,5.0,50.0,83.0,52.43,6.0,60.0,99.0,0.0,0.0,,,0.0,,,,,,,0.0,0.0,,20.29,0.0,,,0.0,0.0,,4,0.0,0.0,25.0,0.0,58.0,93.0,2.62,0.3,3.0,65.0,0.87,0.1,1.0,25.0,0.0,0.0,,49.0,0.87,0.1,0.0,0.0,1.0,98.0,3.5,0.4,99.0,0.0,0.0,,4.0,,,,,99.0,0.67,0.08,0.77,38.0,0.05,0.01,0.06,2026,0,0,0.87,0,0.0,0.0,0.0,2025-08-25 16:30:00,Domestic League,103,103,52,0,34,42,61,103,0,0,-1,19,-1,-1,0,2025/2026,2025,1
Italy_Serie_A_2025-2026,Jesper Karlström,Udinese,Midfielder,30,182,81,Sweden,6,6,12,0,0,0,0.0,1970-01-10,2,0.17,1,1,2,17,9,8,17,1.44,eu,,41.0,0.0,0.0,,39.0,0.85,0.83,0.0,10.0,1390000.0,39.0,64.0,0.0,6.69,65.0,77.0,0.42,0.42,5.0,2.0,17.0,67.0,53.0,17.0,65.0,2.12,2.08,25.0,13.0,0.0,41.0,41.0,0.42,0.42,5.0,12.0,1062.0,55.0,0.51,0.5,6.0,24.0,0.85,0.83,10.0,47.0,0.85,0.83,54.0,0.42,0.42,50.0,69.0,5.0,10.0,24.0,7.03,6.92,83.0,43.0,4.15,4.08,59.0,49.0,15.0,0.59,0.58,7.0,57.0,1.19,1.17,14.0,12.0,99.0,,34.0,2.0,69.0,44.0,76.0,72.0,58.0,,80.0,0.0,0.0,,82.0,1.1,1.08,13.0,42.0,0.59,0.58,7.0,0.0,99.0,80.0,13.0,99.0,96.0,54.0,0.1,0.1,1.19,79.2,40.0,57.0,30.34,29.83,358.0,58.0,38.31,37.67,452.0,99.0,0.0,0.0,,,0.0,,,,,,,0.0,0.0,,80.25,0.0,,,0.0,0.0,,8,0.0,22.22,37.0,11.11,73.0,86.0,1.69,1.67,20.0,51.0,0.59,0.58,7.0,37.0,0.17,0.17,2.0,46.0,0.76,0.75,0.0,9.0,9.0,74.0,1.86,1.83,99.0,0.0,0.0,,22.0,,,,,44.0,0.1,0.1,1.2,53.0,0.1,0.1,1.19,2026,0,1,0.08,1,0.0,0.17,0.08,2025-11-22 14:00:00,Domestic League,0,531,62,1062,89,522,540,1062,0,0,-1,3,139,-1,0,2025/2026,2025,2
Italy_Serie_A_2025-2026,Keinan Davis,Udinese,Midfielder,27,178,68,England,6,5,11,1,0,1,0.14,1970-01-11,2,0.29,1,0,1,9,5,7,12,1.73,eu,,41.0,0.0,0.0,,88.0,2.74,1.73,0.0,19.0,1120000.0,27.0,79.0,0.09,6.98,85.0,35.0,0.0,0.0,,2.0,18.0,72.0,77.0,2.0,22.0,0.58,0.36,4.0,4.0,0.0,41.0,24.0,0.14,0.09,1.0,11.0,624.0,28.0,1.15,0.73,8.0,56.0,0.43,0.27,3.0,82.0,2.31,1.45,90.0,1.3,0.82,56.0,72.0,9.0,16.0,92.0,15.0,9.45,104.0,94.0,7.36,4.64,49.0,51.0,85.0,2.02,1.27,14.0,91.0,2.45,1.55,17.0,9.0,73.0,2.0,66.0,2.0,69.0,92.0,96.0,80.0,94.0,,80.0,0.0,0.0,,15.0,0.0,0.0,,81.0,1.44,0.91,10.0,0.0,87.0,55.0,4.0,63.0,48.0,92.0,0.38,0.24,2.62,78.38,36.0,8.0,12.55,7.91,87.0,4.0,16.01,10.09,111.0,99.0,0.0,0.0,,,0.0,1.0,,,1.0,,,0.0,0.0,,76.78,0.0,,,0.0,0.0,,9,0.0,44.44,78.0,16.67,84.0,87.0,1.73,1.09,12.0,85.0,1.44,0.91,10.0,94.0,1.15,0.73,8.0,90.0,2.6,1.64,0.0,6.0,18.0,30.0,0.87,0.55,99.0,0.0,0.0,,6.0,,,,,70.0,0.16,0.1,1.13,94.0,0.48,0.3,3.32,2026,2,1,0.58,3,0.62,0.27,0.43,2025-11-22 14:00:00,Domestic League,624,312,52,208,57,292,332,624,1,0,100,2,21,-1,0,2025/2026,2025,2
Italy_Serie_A_2025-2026,Nicolò Bertola,Udinese,Defender,22,185,79,Italy,3,5,8,0,0,0,0.0,2003-03-23,2,0.35,1,1,2,25,3,3,6,1.04,eu,,41.0,0.0,0.0,,61.0,1.38,0.67,0.0,8.0,930000.0,23.0,64.0,0.0,4.55,11.0,97.0,1.04,0.5,6.0,2.0,25.0,88.0,85.0,37.0,89.0,4.85,2.33,28.0,50.0,0.0,41.0,25.0,0.17,0.08,1.0,12.0,520.0,78.0,0.17,0.08,1.0,48.0,0.52,0.25,3.0,34.0,0.52,0.25,46.0,0.35,0.17,66.0,86.0,2.0,3.0,35.0,7.96,3.83,46.0,62.0,5.02,2.42,63.0,29.0,39.0,1.04,0.5,6.0,43.0,0.87,0.42,5.0,6.0,42.0,2.0,66.0,1.0,46.0,42.0,76.0,70.0,57.0,,80.0,0.0,0.0,,79.0,1.04,0.5,6.0,38.0,0.52,0.25,3.0,0.0,30.0,46.0,50.0,57.0,37.0,28.0,0.03,0.01,0.18,81.61,50.0,70.0,36.87,17.75,213.0,74.0,45.17,21.75,261.0,99.0,0.0,0.0,,,0.0,,,,,,,0.0,0.0,,54.62,0.0,,,0.0,0.0,,13,0.0,50.0,89.0,0.0,58.0,69.0,1.38,0.67,8.0,18.0,0.17,0.08,1.0,37.0,0.17,0.08,1.0,22.0,0.35,0.17,0.0,0.0,2.0,88.0,2.42,1.17,99.0,0.0,0.0,,14.0,,,,,38.0,0.09,0.04,0.5,28.0,0.03,0.01,0.18,2026,0,0,0.0,0,0.0,0.0,0.0,2025-11-22 14:00:00,Domestic League,0,260,87,0,65,211,309,520,0,0,-1,25,167,67,0,2025/2026,2025,2
Italy_Serie_A_2025-2026,Arthur Atta,Udinese,Forward,22,0,0,France,6,6,12,0,2,2,0.17,2003-01-14,1,0.09,1,1,2,17,8,8,16,1.38,eu,,89.0,43.05,41.5,498.0,30.0,0.61,0.58,0.0,7.0,700000.0,17.0,81.0,0.17,7.1,93.0,36.0,0.09,0.08,1.0,1.0,8.0,37.0,35.0,17.0,35.0,0.95,0.92,11.0,18.0,1606.45,77.0,74.0,2.68,2.58,31.0,12.0,1041.0,7.0,2.07,2.0,24.0,23.0,0.86,0.83,10.0,99.0,4.84,4.67,99.0,3.03,2.92,62.0,82.0,35.0,56.0,83.0,12.19,11.75,141.0,85.0,6.14,5.92,50.0,71.0,21.0,0.69,0.67,8.0,74.0,1.64,1.58,19.0,12.0,99.0,,34.0,1.0,46.0,73.0,78.0,70.0,59.0,,91.0,0.17,0.17,2.0,57.0,0.69,0.67,8.0,87.0,1.64,1.58,19.0,0.0,99.0,98.0,18.0,99.0,95.0,74.0,0.2,0.19,2.28,81.36,48.0,52.0,27.93,26.92,323.0,50.0,34.32,33.08,397.0,99.0,0.0,0.0,,,0.0,,,,,,,0.0,0.0,,85.19,0.0,,,0.0,0.0,,14,0.0,37.5,68.0,4.17,59.0,79.0,1.56,1.5,18.0,80.0,1.3,1.25,15.0,83.0,0.78,0.75,9.0,82.0,2.07,2.0,0.0,24.0,24.0,36.0,1.04,1.0,99.0,0.0,0.0,,12.0,,,,,85.0,0.22,0.22,2.6,72.0,0.2,0.19,2.28,2026,1,0,0.26,1,0.18,0.0,0.09,2025-11-22 14:00:00,Domestic League,521,1041,65,1041,87,510,531,1041,0,0,-1,4,138,-1,0,2025/2026,2025,1
Italy_Serie_A_2025-2026,Iker Bravo Solanilla,Udinese,Forward,20,184,78,Spain,1,2,3,0,0,0,0.0,2005-01-13,1,0.54,1,0,1,33,0,1,1,0.54,eu,,60.0,17.68,4.12,33.0,3.0,0.0,0.0,0.0,0.0,0.0,8.0,64.0,0.0,2.5,0.0,35.0,0.0,0.0,0.0,1.0,33.0,95.0,97.0,50.0,3.0,0.0,0.0,0.0,86.0,1100.0,68.0,65.0,1.61,0.38,3.0,8.0,168.0,17.0,1.61,0.38,3.0,13.0,1.07,0.25,2.0,35.0,0.54,0.12,20.0,0.0,0.0,0.0,20.0,0.0,1.0,30.0,7.5,1.75,14.0,7.0,1.07,0.25,14.0,2.0,73.0,1.61,0.38,3.0,26.0,0.54,0.12,1.0,3.0,9.0,0.0,34.0,4.0,94.0,91.0,99.0,70.0,96.0,0.0,80.0,0.0,0.0,0.0,15.0,0.0,0.0,0.0,87.0,1.61,0.38,3.0,0.0,0.0,34.0,86.0,61.0,0.0,93.0,0.42,0.1,0.78,77.14,32.0,12.0,14.46,3.38,27.0,9.0,18.75,4.38,35.0,99.0,0.0,0.0,0.0,0.0,0.0,0.0,0.0,0.0,0.0,0.0,0.0,0.0,0.0,0.0,20.01,0.0,0.0,0.0,0.0,0.0,0.0,17,0.0,33.33,61.0,33.33,97.0,47.0,1.07,0.25,2.0,72.0,1.07,0.25,2.0,71.0,0.54,0.12,1.0,71.0,1.61,0.38,0.0,3.0,3.0,18.0,0.54,0.12,99.0,0.0,0.0,0.0,1.0,0.0,0.0,0.0,0.0,44.0,0.1,0.02,0.19,91.0,0.42,0.1,0.78,2026,1,0,0.54,1,1.48,0.0,0.54,2025-09-20 18:45:00,Domestic League,0,168,168,168,56,61,107,168,0,0,-1,5,-1,-1,0,2025/2026,2025,1
Italy_Serie_A_2025-2026,Kingsley Osezele Ehizibue,Udinese,Defender,30,189,78,Netherlands,5,6,11,0,0,0,0.0,1970-01-10,1,0.17,1,1,2,18,4,6,10,1.71,eu,,42.0,3.42,1.67,20.0,33.0,0.68,0.33,0.0,4.0,1120000.0,27.0,64.0,0.0,4.83,15.0,35.0,0.0,0.0,0.0,1.0,9.0,45.0,53.0,21.0,75.0,2.9,1.42,17.0,5.0,111.11,42.0,82.0,3.07,1.5,18.0,12.0,527.0,47.0,0.68,0.33,4.0,82.0,0.17,0.08,1.0,54.0,1.02,0.5,46.0,0.34,0.17,33.0,42.0,2.0,6.0,40.0,8.2,4.0,48.0,42.0,4.1,2.0,50.0,24.0,87.0,2.05,1.0,12.0,76.0,1.71,0.83,10.0,6.0,42.0,5.0,90.0,1.0,46.0,42.0,76.0,70.0,57.0,0.0,80.0,0.0,0.0,0.0,57.0,0.68,0.33,4.0,12.0,0.0,0.0,0.0,0.0,87.0,79.0,5.0,57.0,38.0,15.0,0.01,0.01,0.06,77.69,34.0,19.0,17.25,8.42,101.0,17.0,22.2,10.83,130.0,5.0,0.17,0.08,1.0,0.0,0.0,0.0,0.0,0.0,0.0,0.0,0.0,0.0,0.0,0.0,57.97,0.0,0.0,0.0,0.0,0.0,0.0,19,0.0,0.0,25.0,0.0,58.0,90.0,1.88,0.92,11.0,18.0,0.17,0.08,1.0,25.0,0.0,0.0,0.0,13.0,0.17,0.08,0.0,0.0,1.0,60.0,1.54,0.75,99.0,0.0,0.0,0.0,9.0,0.0,0.0,0.0,0.0,7.0,0.04,0.02,0.21,15.0,0.01,0.01,0.06,2026,0,0,0.0,0,0.0,0.0,0.0,2025-11-22 14:00:00,Domestic League,0,527,53,0,48,292,235,527,0,0,-1,24,189,128,0,2025/2026,2025,1
Italy_Serie_A_2025-2026,Oumar Solet Bomawoko,Udinese,Defender,25,192,81,France,6,6,12,0,1,1,0.09,1970-01-11,0,0.0,1,1,2,17,9,8,17,1.46,eu,,41.0,0.0,0.0,0.0,70.0,1.71,1.67,0.0,20.0,1620000.0,43.0,67.0,0.08,7.0,88.0,82.0,0.51,0.5,6.0,0.0,0.0,31.0,30.0,17.0,85.0,4.11,4.0,48.0,12.0,0.0,41.0,36.0,0.34,0.33,4.0,12.0,1050.0,65.0,0.34,0.33,4.0,36.0,0.69,0.67,8.0,73.0,1.63,1.58,80.0,0.94,0.92,57.0,75.0,11.0,19.0,62.0,9.94,9.67,116.0,87.0,6.26,6.08,62.0,73.0,39.0,1.03,1.0,12.0,57.0,1.2,1.17,14.0,12.0,99.0,0.0,34.0,4.0,94.0,45.0,76.0,70.0,57.0,0.0,80.0,0.0,0.0,0.0,88.0,1.29,1.25,15.0,37.0,0.51,0.5,6.0,0.0,99.0,30.0,13.0,57.0,95.0,39.0,0.05,0.04,0.53,88.42,83.0,92.0,53.66,52.17,626.0,93.0,60.69,59.0,708.0,99.0,0.0,0.0,0.0,0.0,0.0,0.0,0.0,0.0,0.0,0.0,0.0,0.0,0.0,0.0,84.06,0.0,0.0,0.0,0.0,0.0,0.0,28,0.0,0.0,25.0,0.0,58.0,82.0,1.63,1.58,19.0,63.0,0.86,0.83,10.0,25.0,0.0,0.0,0.0,48.0,0.86,0.83,0.0,0.0,10.0,90.0,2.49,2.42,99.0,0.0,0.0,0.0,29.0,0.0,0.0,0.0,0.0,81.0,0.2,0.19,2.33,38.0,0.05,0.04,0.53,2026,0,0,0.09,0,0.0,0.0,0.0,2025-11-22 14:00:00,Domestic League,1050,0,62,0,88,540,510,1050,0,0,-1,23,192,113,0,2025/2026,2025,0
Italy_Serie_A_2025-2026,Thomas Kristensen,Udinese,Defender,23,0,0,Denmark,3,2,5,0,0,0,0.0,2002-01-17,0,0.0,1,0,1,20,4,4,8,1.6,eu,,65.0,20.0,20.0,100.0,98.0,4.4,4.4,0.0,22.0,400000.0,11.0,64.0,0.0,7.11,94.0,96.0,1.0,1.0,5.0,0.0,0.0,31.0,30.0,25.0,99.0,9.0,9.0,45.0,7.0,9999.99,99.0,27.0,0.2,0.2,1.0,5.0,450.0,99.0,0.0,0.0,0.0,27.0,0.8,0.8,4.0,13.0,0.0,0.0,20.0,0.0,0.0,0.0,20.0,0.0,0.0,52.0,9.2,9.2,46.0,79.0,5.8,5.8,63.0,29.0,16.0,0.6,0.6,3.0,29.0,0.6,0.6,3.0,5.0,32.0,0.0,34.0,0.0,17.0,66.0,76.0,94.0,79.0,0.0,80.0,0.0,0.0,0.0,77.0,1.0,1.0,5.0,32.0,0.4,0.4,2.0,0.0,4.0,30.0,7.0,80.0,26.0,70.0,0.16,0.16,0.79,88.54,83.0,83.0,44.8,44.8,224.0,81.0,50.6,50.6,253.0,99.0,0.0,0.0,0.0,0.0,0.0,0.0,0.0,0.0,0.0,0.0,0.0,0.0,0.0,0.0,35.56,0.0,0.0,0.0,0.0,0.0,0.0,31,0.0,33.33,61.0,33.33,97.0,81.0,1.6,1.6,8.0,35.0,0.4,0.4,2.0,42.0,0.2,0.2,1.0,35.0,0.6,0.6,0.0,3.0,3.0,27.0,0.8,0.8,99.0,0.0,0.0,0.0,4.0,0.0,0.0,0.0,0.0,44.0,0.1,0.1,0.52,69.0,0.16,0.16,0.79,2026,0,1,0.2,1,0.0,0.5,0.2,2025-09-28 10:30:00,Domestic League,0,0,56,450,90,270,180,450,0,0,-1,6,76,123,0,2025/2026,2025,0
Italy_Serie_A_2025-2026,Jordan Zemura,Udinese,Defender,26,173,75,England,4,3,7,0,0,0,0.0,1970-01-11,1,0.23,1,0,1,14,4,4,8,1.84,eu,,86.0,38.44,13.92,167.0,20.0,0.46,0.17,0.0,2.0,640000.0,16.0,64.0,0.0,3.78,5.0,35.0,0.0,0.0,0.0,1.0,14.0,63.0,64.0,9.0,74.0,2.76,1.0,12.0,2.0,835.0,60.0,93.0,4.6,1.67,20.0,12.0,391.0,28.0,1.15,0.42,5.0,3.0,1.61,0.58,7.0,78.0,2.07,0.75,57.0,0.46,0.17,22.0,23.0,2.0,9.0,61.0,9.9,3.58,43.0,25.0,3.45,1.25,34.0,15.0,48.0,1.15,0.42,5.0,44.0,0.92,0.33,4.0,4.0,22.0,3.0,78.0,2.0,69.0,42.0,76.0,70.0,57.0,0.0,80.0,0.0,0.0,0.0,73.0,0.92,0.33,4.0,71.0,1.15,0.42,5.0,0.0,18.0,67.0,2.0,57.0,18.0,22.0,0.02,0.01,0.1,74.17,23.0,31.0,20.49,7.42,89.0,31.0,27.62,10.0,120.0,99.0,0.0,0.0,0.0,0.0,0.0,0.0,0.0,0.0,0.0,0.0,0.0,0.0,0.0,0.0,45.31,0.0,0.0,0.0,0.0,0.0,0.0,33,0.0,0.0,25.0,0.0,58.0,92.0,2.07,0.75,9.0,41.0,0.46,0.17,2.0,25.0,0.0,0.0,0.0,28.0,0.46,0.17,0.0,0.0,2.0,63.0,1.61,0.58,99.0,0.0,0.0,0.0,7.0,0.0,0.0,0.0,0.0,38.0,0.09,0.03,0.4,22.0,0.02,0.01,0.1,2026,0,0,0.0,0,0.0,0.0,0.0,2025-09-28 10:30:00,Domestic League,0,391,49,0,56,203,188,391,0,0,-1,22,194,132,0,2025/2026,2025,1
Italy_Serie_A_2025-2026,Razvan Sava,Udinese,Goalkeeper,23,194,79,Romania,3,3,6,0,0,0,0.0,2002-06-21,1,0.17,1,0,1,17,4,5,9,1.5,eu,,41.0,0.0,0.0,0.0,3.0,0.0,0.0,0.0,0.0,810000.0,20.0,64.0,0.0,3.56,4.0,35.0,0.0,0.0,0.0,1.0,17.0,67.0,53.0,17.0,44.0,1.17,0.64,7.0,11.0,0.0,41.0,18.0,0.0,0.0,0.0,11.0,540.0,99.0,0.0,0.0,0.0,82.0,0.17,0.09,1.0,13.0,0.0,0.0,20.0,0.0,0.0,0.0,20.0,0.0,0.0,1.0,0.17,0.09,1.0,1.0,0.0,0.0,0.0,0.0,6.0,0.0,0.0,0.0,2.0,0.0,0.0,0.0,6.0,42.0,0.0,34.0,0.0,17.0,42.0,76.0,70.0,57.0,0.0,80.0,0.0,0.0,0.0,15.0,0.0,0.0,0.0,12.0,0.0,0.0,0.0,0.0,9.0,80.0,11.0,57.0,42.0,11.0,0.0,0.0,0.0,75.5,27.0,25.0,19.0,10.36,114.0,25.0,25.17,13.73,151.0,99.0,0.0,0.0,0.0,0.0,0.0,0.0,0.0,0.0,0.0,0.0,62.0,0.5,0.27,3.0,39.21,60.87,16.0,32.0,2.33,1.27,14.0,90,0.0,0.0,25.0,0.0,58.0,96.0,3.83,2.09,23.0,12.0,0.0,0.0,0.0,25.0,0.0,0.0,0.0,10.0,0.0,0.0,0.0,0.0,0.0,7.0,0.0,0.0,99.0,0.0,0.0,0.0,0.0,0.0,0.0,0.0,0.0,3.0,0.03,0.02,0.21,11.0,0.0,0.0,0.0,2026,0,0,0.0,0,0.0,0.0,0.0,2025-10-05 10:30:00,Domestic League,0,540,60,0,90,270,270,540,0,0,-1,21,195,118,0,2025/2026,2025,1
Italy_Serie_A_2025-2026,Alessandro Nunziante,Udinese,Midfielder,18,0,0,Italy,0,0,0,0,0,0,0.0,2007-03-14,0,0.0,0,0,0,0,0,0,0,0.0,eu,,,,,,,,,,,,,,,,,,,,,,,,,,,,,,,,,,,,,,,,,,,,,,,,,,,,,,,,,,,,,,,,,,,,,,,,,,,,,,,,,,,,,,,,,,,,,,,,,,,,,,,,,,,,,,,,,,,,,,,,,,,,,,,,,,,,,,,,,,,,,,,,,,,,,,,,,,,,,,,,,,,,,,,,,,,,,,,,,,,,,,,2026,0,0,0.0,0,0.0,0.0,0.0,1970-01-01 00:00:00,Domestic League,0,0,0,0,0,0,0,0,0,0,-1,-1,-1,-1,0,2025/2026,2025,0
Italy_Serie_A_2025-2026,Saba Goglichidze,Udinese,Midfielder,21,0,0,Georgia,4,2,6,0,0,0,0.0,2004-06-25,2,0.43,1,0,1,17,3,2,5,1.07,eu,,49.0,10.74,4.17,50.0,48.0,1.07,0.42,0.0,5.0,930000.0,23.0,64.0,0.0,3.34,2.0,54.0,0.21,0.08,1.0,2.0,33.0,95.0,92.0,17.0,79.0,3.44,1.33,16.0,47.0,2500.0,86.0,42.0,0.43,0.17,2.0,12.0,419.0,74.0,0.21,0.08,1.0,56.0,0.43,0.17,2.0,13.0,0.0,0.0,20.0,0.0,0.0,0.0,20.0,0.0,0.0,24.0,7.09,2.75,33.0,46.0,4.3,1.67,60.0,20.0,42.0,1.07,0.42,5.0,41.0,0.86,0.33,4.0,4.0,22.0,2.0,66.0,0.0,17.0,42.0,76.0,70.0,57.0,0.0,80.0,0.0,0.0,0.0,98.0,1.72,0.67,8.0,35.0,0.43,0.17,2.0,0.0,9.0,39.0,47.0,57.0,21.0,33.0,0.04,0.02,0.2,81.52,49.0,60.0,32.22,12.5,150.0,62.0,39.52,15.33,184.0,0.0,0.43,0.17,2.0,0.0,0.0,0.0,0.0,0.0,0.0,0.0,0.0,0.0,0.0,0.0,40.08,0.0,0.0,0.0,0.0,0.0,0.0,2,0.0,33.33,61.0,0.0,58.0,76.0,1.5,0.58,7.0,37.0,0.43,0.17,2.0,43.0,0.21,0.08,1.0,39.0,0.64,0.25,0.0,0.0,3.0,87.0,2.36,0.92,99.0,0.0,0.0,0.0,11.0,0.0,0.0,0.0,0.0,32.0,0.08,0.03,0.35,32.0,0.04,0.02,0.2,2026,0,0,0.0,0,0.0,0.0,0.0,2025-10-29 17:30:00,Domestic League,0,210,84,0,70,239,180,419,0,0,-1,20,196,-1,0,2025/2026,2025,2
Italy_Serie_A_2025-2026,Oier Zarraga Egaña,Udinese,Midfielder,26,175,76,Spain,2,4,6,0,0,0,0.0,1970-01-11,1,0.51,1,1,2,33,0,4,4,2.03,eu,,41.0,0.0,0.0,0.0,78.0,2.05,0.33,0.0,4.0,560000.0,14.0,64.0,0.0,2.16,0.0,82.0,0.51,0.08,1.0,1.0,17.0,67.0,95.0,50.0,71.0,2.56,0.42,5.0,1.0,0.0,41.0,70.0,2.05,0.33,4.0,12.0,176.0,19.0,1.53,0.25,3.0,4.0,1.53,0.25,3.0,34.0,0.51,0.08,62.0,0.51,0.08,100.0,99.0,1.0,1.0,66.0,10.23,1.67,20.0,41.0,4.09,0.67,40.0,8.0,87.0,2.05,0.33,4.0,25.0,0.51,0.08,1.0,1.0,0.0,5.0,90.0,0.0,17.0,42.0,76.0,70.0,57.0,0.0,99.0,0.51,0.08,1.0,44.0,0.51,0.08,1.0,37.0,0.51,0.08,1.0,0.0,9.0,35.0,1.0,57.0,0.0,28.0,0.03,0.0,0.05,89.71,90.0,58.0,31.19,5.08,61.0,51.0,34.77,5.67,68.0,99.0,0.0,0.0,0.0,0.0,0.0,0.0,0.0,0.0,0.0,0.0,0.0,0.0,0.0,0.0,25.97,0.0,0.0,0.0,0.0,0.0,0.0,6,0.0,0.0,25.0,0.0,58.0,91.0,2.05,0.33,4.0,46.0,0.51,0.08,1.0,25.0,0.0,0.0,0.0,30.0,0.51,0.08,0.0,0.0,1.0,35.0,1.02,0.17,99.0,0.0,0.0,0.0,2.0,0.0,0.0,0.0,0.0,38.0,0.09,0.01,0.17,28.0,0.03,0.0,0.05,2026,0,0,0.0,0,0.0,0.0,0.0,2025-09-20 18:45:00,Domestic League,0,177,44,0,30,49,128,177,0,0,-1,16,-1,-1,0,2025/2026,2025,1
Italy_Serie_A_2025-2026,Hassane Kamara,Udinese,Midfielder,31,168,67,Gambia,4,5,9,0,1,1,0.13,1970-01-09,2,0.26,1,1,2,22,5,4,9,1.18,eu,,71.0,22.6,14.42,173.0,35.0,0.78,0.5,0.0,6.0,1440000.0,39.0,76.0,0.11,5.17,21.0,44.0,0.13,0.08,1.0,2.0,22.0,83.0,71.0,29.0,76.0,3.0,1.92,23.0,37.0,540.62,50.0,88.0,4.18,2.67,32.0,12.0,689.0,61.0,0.39,0.25,3.0,60.0,0.39,0.25,3.0,48.0,0.91,0.58,51.0,0.39,0.25,42.0,56.0,3.0,7.0,17.0,6.4,4.08,49.0,41.0,4.05,2.58,63.0,31.0,19.0,0.65,0.42,5.0,39.0,0.78,0.5,6.0,8.0,63.0,1.0,51.0,3.0,86.0,55.0,76.0,70.0,57.0,0.0,90.0,0.13,0.08,1.0,90.0,1.44,0.92,11.0,72.0,1.18,0.75,9.0,0.0,45.0,60.0,39.0,57.0,57.0,57.0,0.11,0.07,0.81,82.87,56.0,49.0,27.17,17.33,208.0,45.0,32.79,20.92,251.0,6.0,0.13,0.08,1.0,0.0,0.0,0.0,0.0,0.0,0.0,0.0,0.0,0.0,0.0,0.0,62.09,0.0,0.0,0.0,0.0,0.0,0.0,11,0.0,27.27,46.0,0.0,58.0,73.0,1.44,0.92,11.0,71.0,1.04,0.67,8.0,61.0,0.39,0.25,3.0,68.0,1.44,0.92,0.0,0.0,11.0,82.0,2.09,1.33,99.0,0.0,0.0,0.0,16.0,0.0,0.0,0.0,0.0,77.0,0.18,0.11,1.35,56.0,0.11,0.07,0.81,2026,0,0,0.13,0,0.0,0.0,0.0,2025-11-22 14:00:00,Domestic League,689,345,77,0,77,337,352,689,0,0,-1,18,197,-1,0,2025/2026,2025,2
Italy_Serie_A_2025-2026,Vakoun Issouf Bayo,Udinese,Forward,28,184,72,Ivory Coast,4,5,9,0,1,1,0.32,1970-01-10,0,0.0,0,1,1,11,3,1,4,1.27,eu,,41.0,0.0,0.0,0.0,97.0,4.05,1.56,0.0,14.0,1160000.0,30.0,95.0,0.11,6.63,61.0,35.0,0.0,0.0,0.0,0.0,0.0,31.0,30.0,5.0,22.0,0.58,0.22,2.0,27.0,0.0,41.0,18.0,0.0,0.0,0.0,9.0,311.0,38.0,0.87,0.33,3.0,99.0,0.0,0.0,0.0,47.0,0.87,0.33,20.0,0.0,0.0,0.0,20.0,0.0,3.0,88.0,13.02,5.0,45.0,74.0,5.5,2.11,42.0,19.0,64.0,1.45,0.56,5.0,43.0,0.87,0.33,3.0,2.0,4.0,7.0,98.0,2.0,69.0,80.0,76.0,70.0,57.0,0.0,80.0,0.0,0.0,0.0,15.0,0.0,0.0,0.0,42.0,0.58,0.22,2.0,0.0,45.0,30.0,28.0,57.0,1.0,70.0,0.16,0.06,0.55,77.65,34.0,26.0,19.1,7.33,66.0,23.0,24.6,9.44,85.0,99.0,0.0,0.0,0.0,0.0,0.0,0.0,0.0,0.0,0.0,0.0,0.0,0.0,0.0,0.0,59.69,0.0,0.0,0.0,0.0,0.0,0.0,15,0.0,9.09,26.0,0.0,58.0,91.0,2.03,0.78,7.0,99.0,2.89,1.11,10.0,54.0,0.29,0.11,1.0,95.0,3.18,1.22,0.0,0.0,11.0,20.0,0.58,0.22,99.0,0.0,0.0,0.0,2.0,0.0,0.0,0.0,0.0,88.0,0.23,0.09,0.81,69.0,0.16,0.06,0.55,2026,0,0,0.32,0,0.0,0.0,0.0,2025-10-20 18:45:00,Domestic League,284,0,71,0,32,165,119,284,0,0,-1,17,198,-1,0,2025/2026,2025,0
Italy_Serie_A_2025-2026,Jakub Piotrowski,Udinese,Midfielder,28,187,84,Poland,6,5,11,0,0,0,0.0,1970-01-11,2,0.41,1,1,2,18,4,1,5,1.03,eu,,67.0,20.59,8.33,100.0,47.0,1.03,0.42,0.0,5.0,1390000.0,39.0,64.0,0.0,6.04,41.0,35.0,0.0,0.0,0.0,2.0,18.0,72.0,90.0,21.0,60.0,1.85,0.75,9.0,51.0,1666.67,79.0,60.0,1.24,0.5,6.0,12.0,437.0,60.0,0.41,0.17,2.0,14.0,1.03,0.42,5.0,67.0,1.44,0.58,54.0,0.41,0.17,28.0,32.0,2.0,7.0,59.0,9.68,3.92,47.0,66.0,5.15,2.08,53.0,25.0,63.0,1.44,0.58,7.0,48.0,1.03,0.42,5.0,5.0,32.0,6.0,95.0,1.0,46.0,42.0,76.0,70.0,57.0,0.0,80.0,0.0,0.0,0.0,53.0,0.62,0.25,3.0,67.0,1.03,0.42,5.0,0.0,87.0,41.0,50.0,57.0,23.0,54.0,0.1,0.04,0.47,84.35,65.0,44.0,25.54,10.33,124.0,38.0,30.27,12.25,147.0,99.0,0.0,0.0,0.0,0.0,0.0,0.0,0.0,0.0,0.0,0.0,0.0,0.0,0.0,0.0,72.53,0.0,0.0,0.0,0.0,0.0,0.0,24,0.0,28.57,49.0,0.0,58.0,73.0,1.44,0.58,7.0,70.0,1.03,0.42,5.0,63.0,0.41,0.17,2.0,68.0,1.44,0.58,0.0,0.0,7.0,95.0,2.88,1.17,99.0,0.0,0.0,0.0,14.0,0.0,0.0,0.0,0.0,38.0,0.09,0.04,0.45,53.0,0.1,0.04,0.47,2026,0,0,0.0,0,0.0,0.0,0.0,2025-10-29 17:30:00,Domestic League,0,218,87,0,40,281,155,436,0,0,-1,10,190,-1,0,2025/2026,2025,2
Italy_Serie_A_2025-2026,Christian Kabasele,Udinese,Defender,34,188,84,Belgium,3,4,7,0,0,0,0.0,1970-01-08,1,0.16,0,1,1,14,4,4,8,1.26,eu,,41.0,0.0,0.0,0.0,83.0,2.37,1.25,0.0,15.0,2090000.0,54.0,64.0,0.0,3.91,6.0,98.0,1.11,0.58,7.0,1.0,14.0,63.0,50.0,9.0,97.0,6.32,3.33,40.0,28.0,0.0,41.0,18.0,0.0,0.0,0.0,12.0,570.0,57.0,0.47,0.25,3.0,54.0,0.47,0.25,3.0,13.0,0.0,0.0,20.0,0.0,0.0,0.0,20.0,0.0,0.0,27.0,7.26,3.83,46.0,26.0,3.47,1.83,47.0,22.0,51.0,1.26,0.67,8.0,53.0,1.11,0.58,7.0,7.0,54.0,0.0,34.0,3.0,86.0,58.0,76.0,80.0,71.0,0.0,80.0,0.0,0.0,0.0,64.0,0.79,0.42,5.0,17.0,0.16,0.08,1.0,0.0,18.0,81.0,28.0,87.0,43.0,62.0,0.13,0.07,0.8,89.01,86.0,48.0,26.84,14.17,170.0,37.0,30.16,15.92,191.0,99.0,0.0,0.0,0.0,0.0,0.0,0.0,0.0,0.0,0.0,0.0,0.0,0.0,0.0,0.0,46.92,0.0,0.0,0.0,0.0,0.0,0.0,27,0.0,50.0,89.0,50.0,99.0,88.0,1.74,0.92,11.0,17.0,0.16,0.08,1.0,36.0,0.16,0.08,1.0,20.0,0.32,0.17,0.0,2.0,2.0,13.0,0.32,0.17,99.0,0.0,0.0,0.0,2.0,0.0,0.0,0.0,0.0,20.0,0.06,0.03,0.4,61.0,0.13,0.07,0.8,2026,0,1,0.16,1,0.0,0.27,0.16,2025-11-22 14:00:00,Domestic League,0,570,71,570,81,233,337,570,0,0,-1,8,96,94,0,2025/2026,2025,1
Italy_Serie_A_2025-2026,Abdoulaye Camara,Udinese,Midfielder,55,0,0,,0,0,0,0,0,0,0.0,1970-01-01,0,0.0,0,0,0,0,0,0,0,0.0,eu,,,,,,,,,,,,,,,,,,,,,,,,,,,,,,,,,,,,,,,,,,,,,,,,,,,,,,,,,,,,,,,,,,,,,,,,,,,,,,,,,,,,,,,,,,,,,,,,,,,,,,,,,,,,,,,,,,,,,,,,,,,,,,,,,,,,,,,,,,,,,,,,,,,,,,,,,,,,,,,,,,,,,,,,,,,,,,,,,,,,,,,2026,0,0,0.0,0,0.0,0.0,0.0,1970-01-01 00:00:00,Domestic League,0,0,0,0,0,0,0,0,0,0,-1,-1,-1,-1,0,2025/2026,2025,0
Italy_Serie_A_2025-2026,Jurgen Ekkelenkamp,Udinese,Midfielder,25,188,83,Netherlands,4,4,8,0,0,0,0.0,1970-01-12,0,0.0,0,1,1,13,4,6,10,1.91,eu,,41.0,0.0,0.0,,45.0,0.96,0.42,0.0,5.0,1620000.0,43.0,64.0,0.0,4.42,9.0,73.0,0.38,0.17,2.0,,,31.0,30.0,7.0,51.0,1.34,0.58,7.0,1.0,0.0,41.0,69.0,1.91,0.83,10.0,12.0,470.0,41.0,0.77,0.33,4.0,99.0,0.0,0.0,,43.0,0.77,0.33,50.0,0.38,0.17,50.0,69.0,2.0,4.0,40.0,8.23,3.58,43.0,48.0,4.4,1.92,53.0,23.0,48.0,1.15,0.5,6.0,28.0,0.57,0.25,3.0,6.0,42.0,2.0,66.0,2.0,69.0,42.0,76.0,70.0,57.0,,80.0,0.0,0.0,,50.0,0.57,0.25,3.0,41.0,0.57,0.25,3.0,0.0,30.0,30.0,1.0,57.0,30.0,54.0,0.1,0.04,0.5,75.22,26.0,17.0,16.28,7.08,85.0,15.0,21.64,9.42,113.0,99.0,0.0,0.0,,,0.0,,,,,,,0.0,0.0,,53.07,0.0,,,0.0,0.0,,32,0.0,60.0,95.0,0.0,58.0,91.0,1.91,0.83,10.0,33.0,0.38,0.17,2.0,72.0,0.57,0.25,3.0,53.0,0.96,0.42,0.0,0.0,5.0,90.0,2.49,1.08,99.0,0.0,0.0,,13.0,,,,,12.0,0.05,0.02,0.28,53.0,0.1,0.04,0.5,2026,0,0,0.0,0,0.0,0.0,0.0,2025-11-22 14:00:00,Domestic League,0,0,47,0,59,195,275,470,0,0,-1,15,202,-1,0,2025/2026,2025,0
Italy_Serie_A_2025-2026,Lennon Miller,Udinese,Midfielder,19,0,0,Scotland,3,1,4,0,0,0,0.0,2006-08-25,1,1.23,0,0,0,0,1,0,1,1.23,eu,,99.0,123.29,9.09,100.0,96.0,3.7,0.27,0.0,3.0,930000.0,23.0,64.0,0.0,2.37,,35.0,0.0,0.0,,1.0,25.0,88.0,99.0,1.0,46.0,1.23,0.09,1.0,30.0,3333.33,90.0,86.0,3.7,0.27,3.0,11.0,73.0,26.0,1.23,0.09,1.0,99.0,0.0,0.0,,84.0,2.47,0.18,87.0,1.23,0.09,50.0,69.0,1.0,2.0,92.0,14.79,1.09,12.0,94.0,7.4,0.55,50.0,6.0,99.0,4.93,0.36,4.0,58.0,1.23,0.09,1.0,,,4.0,86.0,,17.0,42.0,76.0,70.0,57.0,,80.0,0.0,0.0,,15.0,0.0,0.0,,97.0,2.47,0.18,2.0,0.0,2.0,30.0,30.0,57.0,,79.0,0.25,0.02,0.2,62.5,6.0,7.0,12.33,0.91,10.0,10.0,19.73,1.45,16.0,99.0,0.0,0.0,,,0.0,,,,,,,0.0,0.0,,26.04,0.0,,,0.0,0.0,,38,0.0,50.0,89.0,0.0,58.0,92.0,2.47,0.18,2.0,77.0,1.23,0.09,1.0,95.0,1.23,0.09,1.0,87.0,2.47,0.18,0.0,0.0,2.0,44.0,1.23,0.09,99.0,0.0,0.0,,1.0,,,,,54.0,0.12,0.01,0.1,77.0,0.25,0.02,0.2,2026,0,0,0.0,0,0.0,0.0,0.0,1970-01-01 00:00:00,Domestic League,0,73,73,0,18,64,9,73,0,0,-1,14,-1,-1,0,2025/2026,2025,1
Italy_Serie_A_2025-2026,Giulio Vinciati,Udinese,Midfielder,18,0,0,Italy,0,0,0,0,0,0,0.0,2007-08-29,0,0.0,0,0,0,0,0,0,0,0.0,eu,,,,,,,,,,,,,,,,,,,,,,,,,,,,,,,,,,,,,,,,,,,,,,,,,,,,,,,,,,,,,,,,,,,,,,,,,,,,,,,,,,,,,,,,,,,,,,,,,,,,,,,,,,,,,,,,,,,,,,,,,,,,,,,,,,,,,,,,,,,,,,,,,,,,,,,,,,,,,,,,,,,,,,,,,,,,,,,,,,,,,,,2026,0,0,0.0,0,0.0,0.0,0.0,1970-01-01 00:00:00,Domestic League,0,0,0,0,0,0,0,0,0,0,-1,-1,-1,-1,0,2025/2026,2025,0
Italy_Serie_A_2025-2026,Rui Manuel Muati Modesto,Udinese,Forward,26,0,0,Portugal,1,1,2,0,0,0,0.0,1970-01-11,0,0.0,0,0,0,0,0,0,0,0.0,eu,,99.0,219.51,9.09,100.0,3.0,0.0,0.0,0.0,,,8.0,64.0,0.0,1.18,,35.0,0.0,0.0,,,,31.0,30.0,1.0,67.0,2.2,0.09,1.0,99.0,5000.0,94.0,90.0,4.39,0.18,2.0,11.0,41.0,99.0,0.0,0.0,,99.0,0.0,0.0,,80.0,2.2,0.09,20.0,0.0,0.0,0.0,20.0,,1.0,18.0,6.59,0.27,3.0,1.0,0.0,0.0,0.0,,6.0,0.0,0.0,,2.0,0.0,0.0,,,,2.0,66.0,,17.0,42.0,76.0,70.0,57.0,,80.0,0.0,0.0,,99.0,2.2,0.09,1.0,12.0,0.0,0.0,,0.0,,30.0,,57.0,,11.0,0.0,0.0,0.0,100.0,99.0,15.0,15.37,0.64,7.0,3.0,15.37,0.64,7.0,99.0,0.0,0.0,,,0.0,,,,,,,0.0,0.0,,12.93,0.0,,,0.0,0.0,,77,0.0,0.0,25.0,0.0,58.0,,0.0,0.0,,12.0,0.0,0.0,,25.0,0.0,0.0,,10.0,0.0,0.0,0.0,0.0,,7.0,0.0,0.0,99.0,0.0,0.0,,,,,,,1.0,0.02,0.0,0.01,11.0,0.0,0.0,0.0,2026,0,0,0.0,0,0.0,0.0,0.0,1970-01-01 00:00:00,Domestic League,0,0,0,0,21,10,31,41,0,0,-1,13,-1,-1,0,2025/2026,2025,0
Italy_Serie_A_2025-2026,David Pejičić,Udinese,Midfielder,18,0,0,Slovenia,0,0,0,0,0,0,0.0,2007-06-14,0,0.0,0,0,0,0,0,0,0,0.0,eu,,,,,,,,,,,,,,,,,,,,,,,,,,,,,,,,,,,,,,,,,,,,,,,,,,,,,,,,,,,,,,,,,,,,,,,,,,,,,,,,,,,,,,,,,,,,,,,,,,,,,,,,,,,,,,,,,,,,,,,,,,,,,,,,,,,,,,,,,,,,,,,,,,,,,,,,,,,,,,,,,,,,,,,,,,,,,,,,,,,,,,,2026,0,0,0.0,0,0.0,0.0,0.0,1970-01-01 00:00:00,Domestic League,0,0,0,0,0,0,0,0,0,0,-1,-1,-1,-1,0,2025/2026,2025,0
Italy_Serie_A_2025-2026,Daniele Padelli,Udinese,Goalkeeper,40,191,82,Italy,0,0,0,0,0,0,0.0,1970-01-06,0,0.0,0,0,0,0,0,0,0,0.0,eu,,,,,,,,,,,,,,,,,,,,,,,,,,,,,,,,,,,,,,,,,,,,,,,,,,,,,,,,,,,,,,,,,,,,,,,,,,,,,,,,,,,,,,,,,,,,,,,,,,,,,,,,,,,,,,,,,,,,,,,,,,,,,,,,,,,,,,,,,,,,,,,,,,,,,,,,,,,,,,,,,,,,,,,,,,,,,,,,,,,,,,,2026,0,0,0.0,0,0.0,0.0,0.0,1970-01-01 00:00:00,Domestic League,0,0,0,0,0,0,0,0,0,0,-1,-1,-1,-1,0,2025/2026,2025,0
Italy_Serie_A_2025-2026,Lorenzo Montipò,Hellas Verona,Goalkeeper,29,191,82,Italy,6,6,12,0,0,0,0.0,1970-01-10,0,0.0,2,1,3,25,9,6,15,1.25,eu,,41.0,0.0,0.0,,4.0,0.09,0.09,0.0,1.0,1160000.0,30.0,64.0,0.0,6.68,64.0,35.0,0.0,0.0,,,,31.0,30.0,37.0,19.0,0.55,0.55,6.0,29.0,0.0,41.0,18.0,0.0,0.0,,11.0,990.0,99.0,0.0,0.0,,99.0,0.0,0.0,,15.0,0.09,0.09,22.0,0.09,0.09,100.0,99.0,1.0,1.0,3.0,0.36,0.36,4.0,3.0,0.36,0.36,100.0,4.0,6.0,0.0,0.0,,7.0,0.18,0.18,2.0,11.0,96.0,,34.0,,17.0,42.0,76.0,70.0,57.0,,80.0,0.0,0.0,,15.0,0.0,0.0,,13.0,0.09,0.09,1.0,0.0,99.0,30.0,30.0,57.0,99.0,11.0,0.0,0.0,0.0,45.67,1.0,8.0,12.45,12.45,137.0,30.0,27.27,27.27,300.0,99.0,0.0,0.0,,,0.0,,,1.0,,,52.0,0.45,0.45,5.0,73.51,65.22,28.0,48.0,2.73,2.73,30.0,1,0.0,0.0,25.0,0.0,58.0,97.0,4.18,4.18,46.0,12.0,0.0,0.0,,25.0,0.0,0.0,,10.0,0.0,0.0,0.0,0.0,,7.0,0.0,0.0,99.0,0.0,0.0,,,,,,,3.0,0.03,0.03,0.3,11.0,0.0,0.0,0.0,2026,0,0,0.0,0,0.0,0.0,0.0,2025-11-23 11:30:00,Domestic League,0,0,72,0,90,540,540,1080,0,0,-1,6,203,92,0,2025/2026,2025,0
Italy_Serie_A_2025-2026,Martin Frese,Hellas Verona,Midfielder,27,0,0,Denmark,6,5,11,0,0,0,0.0,1970-01-11,3,0.32,2,1,3,27,6,5,11,1.17,eu,,94.0,50.53,38.64,425.0,69.0,1.66,1.27,0.0,14.0,650000.0,16.0,64.0,0.0,6.25,52.0,41.0,0.12,0.09,1.0,2.0,18.0,72.0,82.0,39.0,77.0,3.21,2.45,27.0,38.0,1370.97,74.0,86.0,3.69,2.82,31.0,11.0,757.0,99.0,0.0,0.0,,42.0,0.59,0.45,5.0,27.0,0.36,0.27,20.0,0.0,0.0,0.0,20.0,,3.0,53.0,9.27,7.09,78.0,82.0,5.94,4.55,64.0,50.0,79.0,1.78,1.36,15.0,34.0,0.71,0.55,6.0,8.0,63.0,2.0,66.0,1.0,46.0,50.0,76.0,76.0,65.0,,80.0,0.0,0.0,,75.0,0.95,0.73,8.0,80.0,1.43,1.09,12.0,0.0,87.0,49.0,39.0,96.0,75.0,54.0,0.1,0.08,0.86,73.66,21.0,37.0,22.95,17.55,193.0,40.0,31.15,23.82,262.0,99.0,0.0,0.0,,,0.0,,,,,,,0.0,0.0,,68.74,0.0,,,0.0,0.0,,3,0.0,44.44,78.0,0.0,58.0,56.0,1.19,0.91,10.0,51.0,0.59,0.45,5.0,67.0,0.48,0.36,4.0,57.0,1.07,0.82,0.0,0.0,9.0,98.0,3.57,2.73,99.0,0.0,0.0,,30.0,,,,,51.0,0.11,0.09,0.94,53.0,0.1,0.08,0.86,2026,0,1,0.11,1,0.0,0.21,0.11,2025-11-23 11:30:00,Domestic League,0,282,77,847,77,417,430,847,0,0,-1,5,121,-1,0,2025/2026,2025,3
Italy_Serie_A_2025-2026,Unai Núñez Gestoso,Hellas Verona,Defender,28,186,80,Spain,4,5,9,0,0,0,0.0,1970-01-10,3,0.41,1,1,2,22,7,3,10,1.35,eu,,55.0,14.06,11.11,100.0,86.0,2.53,2.0,0.0,18.0,1900000.0,49.0,64.0,0.0,6.04,41.0,91.0,0.7,0.56,5.0,2.0,22.0,83.0,90.0,29.0,86.0,4.22,3.33,30.0,20.0,2500.0,86.0,46.0,0.56,0.44,4.0,9.0,640.0,99.0,0.0,0.0,,57.0,0.42,0.33,3.0,51.0,0.98,0.78,70.0,0.7,0.56,71.0,87.0,5.0,7.0,72.0,10.69,8.44,76.0,81.0,5.91,4.67,55.0,42.0,84.0,1.97,1.56,14.0,33.0,0.7,0.56,5.0,8.0,63.0,,34.0,1.0,46.0,42.0,76.0,70.0,57.0,,80.0,0.0,0.0,,94.0,1.55,1.22,11.0,26.0,0.28,0.22,2.0,0.0,45.0,41.0,21.0,57.0,55.0,28.0,0.03,0.02,0.22,77.54,33.0,57.0,30.09,23.78,214.0,60.0,38.81,30.67,276.0,99.0,0.0,0.0,,,0.0,,,,,,,0.0,0.0,,54.39,0.0,,,0.0,0.0,,5,0.0,0.0,25.0,0.0,58.0,64.0,1.27,1.0,9.0,57.0,0.7,0.56,5.0,25.0,0.0,0.0,,43.0,0.7,0.56,0.0,0.0,5.0,77.0,1.97,1.56,99.0,0.0,0.0,,14.0,,,,,28.0,0.07,0.06,0.5,28.0,0.03,0.02,0.22,2026,0,0,0.0,0,0.0,0.0,0.0,2025-10-26 14:00:00,Domestic League,0,222,67,0,74,354,312,666,0,0,-1,23,204,105,0,2025/2026,2025,3
Italy_Serie_A_2025-2026,Suat Serdar,Hellas Verona,Midfielder,28,183,75,Germany,5,4,9,0,0,0,0.0,1970-01-10,2,0.24,1,1,2,22,9,3,12,1.42,eu,,44.0,5.91,5.56,50.0,38.0,0.83,0.78,0.0,7.0,2560000.0,62.0,64.0,0.0,7.09,93.0,70.0,0.35,0.33,3.0,2.0,22.0,83.0,66.0,29.0,35.0,0.94,0.89,8.0,16.0,714.29,56.0,51.0,0.83,0.78,7.0,9.0,762.0,45.0,0.71,0.67,6.0,19.0,0.94,0.89,8.0,62.0,1.3,1.22,80.0,0.94,0.89,72.0,88.0,8.0,11.0,68.0,10.39,9.78,88.0,81.0,5.91,5.56,56.0,50.0,83.0,1.89,1.78,16.0,56.0,1.18,1.11,10.0,9.0,73.0,,34.0,2.0,69.0,71.0,90.0,70.0,83.0,,87.0,0.12,0.11,1.0,74.0,0.94,0.89,8.0,72.0,1.18,1.11,10.0,0.0,45.0,66.0,17.0,76.0,66.0,85.0,0.31,0.29,2.65,71.54,17.0,32.0,21.38,20.11,181.0,36.0,29.88,28.11,253.0,7.0,0.12,0.11,1.0,,0.0,,,,,,,0.0,0.0,,63.84,0.0,,,0.0,0.0,,8,0.0,41.18,73.0,11.76,74.0,78.0,1.54,1.44,13.0,76.0,1.18,1.11,10.0,85.0,0.83,0.78,7.0,79.0,2.01,1.89,0.0,8.5,17.0,96.0,2.95,2.78,99.0,0.0,0.0,,25.0,,,,,51.0,0.11,0.1,0.89,83.0,0.31,0.29,2.65,2026,2,0,0.24,2,0.43,0.0,0.24,2025-10-29 17:30:00,Domestic League,0,381,64,381,85,416,346,762,0,0,-1,2,58,-1,0,2025/2026,2025,2
Italy_Serie_A_2025-2026,Amin Sarr,Hellas Verona,Forward,24,188,83,Sweden,6,6,12,0,0,0,0.0,1970-01-12,0,0.0,2,1,3,25,5,1,6,1.73,eu,,97.0,62.72,18.18,200.0,99.0,4.7,1.36,0.0,15.0,2090000.0,54.0,64.0,0.0,6.56,58.0,35.0,0.0,0.0,,,,31.0,30.0,37.0,47.0,1.25,0.36,4.0,4.0,9999.99,99.0,46.0,0.63,0.18,2.0,11.0,287.0,11.0,1.88,0.55,6.0,40.0,0.63,0.18,2.0,94.0,3.45,1.0,44.0,0.31,0.09,9.0,20.0,1.0,11.0,99.0,22.89,6.64,73.0,98.0,8.47,2.45,36.0,27.0,91.0,2.2,0.64,7.0,87.0,2.2,0.64,7.0,2.0,4.0,9.0,99.0,1.0,46.0,42.0,76.0,70.0,57.0,,80.0,0.0,0.0,,32.0,0.31,0.09,1.0,86.0,1.57,0.45,5.0,0.0,99.0,30.0,4.0,57.0,5.0,62.0,0.13,0.04,0.4,69.14,13.0,21.0,17.56,5.09,56.0,27.0,25.4,7.36,81.0,99.0,0.0,0.0,,,0.0,,,,,,,0.0,0.0,,72.12,0.0,,,0.0,0.0,,9,0.0,33.33,61.0,0.0,58.0,93.0,2.51,0.73,8.0,78.0,1.25,0.36,4.0,76.0,0.63,0.18,2.0,77.0,1.88,0.55,0.0,0.0,6.0,45.0,1.25,0.36,99.0,0.0,0.0,,4.0,,,,,44.0,0.1,0.03,0.31,61.0,0.13,0.04,0.4,2026,0,0,0.0,0,0.0,0.0,0.0,2025-08-31 18:45:00,Domestic League,0,0,52,0,26,214,99,313,0,0,-1,22,206,-1,0,2025/2026,2025,0
Italy_Serie_A_2025-2026,Domagoj Bradarić,Hellas Verona,Defender,25,178,69,Croatia,5,6,11,0,0,0,0.0,1970-01-11,1,0.1,1,1,2,18,7,6,13,1.33,eu,,72.0,22.99,18.27,201.0,15.0,0.34,0.27,0.0,3.0,2310000.0,58.0,64.0,0.0,6.05,42.0,57.0,0.23,0.18,2.0,1.0,9.0,45.0,38.0,21.0,57.0,1.72,1.36,15.0,22.0,558.33,51.0,88.0,4.12,3.27,36.0,11.0,787.0,82.0,0.11,0.09,1.0,75.0,0.23,0.18,2.0,57.0,1.14,0.91,57.0,0.46,0.36,40.0,52.0,4.0,10.0,9.0,4.69,3.73,41.0,13.0,2.74,2.18,58.0,24.0,11.0,0.46,0.36,4.0,22.0,0.46,0.36,4.0,9.0,73.0,1.0,51.0,1.0,46.0,42.0,76.0,70.0,57.0,,80.0,0.0,0.0,,40.0,0.46,0.36,4.0,52.0,0.8,0.64,7.0,0.0,87.0,93.0,21.0,57.0,80.0,33.0,0.04,0.03,0.33,78.57,38.0,24.0,18.87,15.0,165.0,21.0,24.02,19.09,210.0,99.0,0.0,0.0,,,0.0,,,,,,,0.0,0.0,,66.55,0.0,,,0.0,0.0,,12,0.0,50.0,89.0,0.0,58.0,81.0,1.6,1.27,14.0,23.0,0.23,0.18,2.0,45.0,0.23,0.18,2.0,28.0,0.46,0.36,0.0,0.0,4.0,57.0,1.49,1.18,99.0,0.0,0.0,,13.0,,,,,20.0,0.06,0.05,0.56,32.0,0.04,0.03,0.33,2026,0,0,0.0,0,0.0,0.0,0.0,2025-11-23 11:30:00,Domestic League,0,877,67,0,80,342,535,877,0,0,-1,21,207,104,0,2025/2026,2025,1
Italy_Serie_A_2025-2026,Victor Enok Nelsson,Hellas Verona,Defender,27,185,78,Denmark,6,6,12,0,0,0,0.0,1970-01-11,2,0.17,2,1,3,25,9,5,14,1.2,eu,,41.0,0.0,0.0,,81.0,2.27,2.27,0.0,25.0,2550000.0,61.0,64.0,0.0,6.8,74.0,93.0,0.82,0.82,9.0,2.0,17.0,67.0,53.0,37.0,99.0,7.55,7.55,83.0,32.0,0.0,41.0,18.0,0.0,0.0,,11.0,990.0,99.0,0.0,0.0,,55.0,0.45,0.45,5.0,15.0,0.09,0.09,22.0,0.09,0.09,100.0,99.0,1.0,1.0,24.0,7.09,7.09,78.0,33.0,3.73,3.73,52.0,41.0,56.0,1.36,1.36,15.0,17.0,0.36,0.36,4.0,11.0,96.0,,34.0,,17.0,42.0,76.0,70.0,57.0,,80.0,0.0,0.0,,89.0,1.36,1.36,15.0,12.0,0.0,0.0,,0.0,99.0,79.0,33.0,57.0,95.0,22.0,0.02,0.02,0.21,86.6,75.0,43.0,25.27,25.27,278.0,36.0,29.18,29.18,321.0,99.0,0.0,0.0,,,0.0,,,,,,,0.0,0.0,,74.85,0.0,,,0.0,0.0,,15,0.0,33.33,61.0,0.0,58.0,74.0,1.45,1.45,16.0,19.0,0.18,0.18,2.0,27.0,0.09,0.09,1.0,17.0,0.27,0.27,0.0,0.0,3.0,38.0,1.09,1.09,99.0,0.0,0.0,,12.0,,,,,12.0,0.05,0.05,0.5,22.0,0.02,0.02,0.21,2026,0,0,0.0,0,0.0,0.0,0.0,2025-11-23 11:30:00,Domestic League,0,527,75,0,88,540,514,1054,0,0,-1,20,209,89,0,2025/2026,2025,2
Italy_Serie_A_2025-2026,,Hellas Verona,Midfielder,0,0,0,,6,6,12,1,2,3,0.28,1970-01-01,2,0.19,2,1,3,25,8,6,14,1.3,eu,,68.0,21.25,18.91,208.0,83.0,2.35,2.09,0.0,23.0,,8.0,93.0,0.25,6.99,87.0,37.0,0.1,0.09,1.0,1.0,8.0,37.0,58.0,37.0,28.0,0.72,0.64,7.0,24.0,1155.56,69.0,68.0,1.84,1.64,18.0,11.0,881.0,4.0,2.25,2.0,22.0,78.0,0.2,0.18,2.0,92.0,3.27,2.91,96.0,1.74,1.55,53.0,70.0,17.0,32.0,97.0,17.47,15.55,171.0,75.0,5.52,4.91,31.0,54.0,55.0,1.33,1.18,13.0,47.0,1.02,0.91,10.0,11.0,96.0,,34.0,2.0,69.0,88.0,76.0,87.0,76.0,,85.0,0.1,0.09,1.0,22.0,0.2,0.18,2.0,87.0,1.63,1.45,16.0,0.0,99.0,73.0,24.0,83.0,88.0,84.0,0.3,0.26,2.9,65.3,7.0,13.0,14.61,13.0,143.0,17.0,22.37,19.91,219.0,99.0,0.0,0.0,,,0.0,,,,,,,0.0,0.0,,76.84,0.0,,,0.0,0.0,,17,0.0,53.57,90.0,3.57,58.0,67.0,1.33,1.18,13.0,81.0,1.33,1.18,13.0,98.0,1.53,1.36,15.0,93.0,2.86,2.55,0.0,28.0,28.0,18.0,0.51,0.45,99.0,0.0,0.0,,5.0,,,,,91.0,0.27,0.24,2.64,82.0,0.3,0.26,2.9,2026,0,2,0.46,2,0.0,0.37,0.19,2025-11-23 11:30:00,Domestic League,324,486,69,486,81,485,486,971,0,0,-1,3,82,-1,0,2025/2026,2025,2
Italy_Serie_A_2025-2026,Antoine Bernede,Hellas Verona,Midfielder,26,177,74,France,6,6,12,0,0,0,0.0,1970-01-11,1,0.11,2,1,3,25,8,5,13,1.37,eu,,82.0,33.79,27.27,300.0,15.0,0.34,0.27,0.0,3.0,1740000.0,45.0,64.0,0.0,6.45,57.0,69.0,0.34,0.27,3.0,1.0,8.0,37.0,42.0,37.0,14.0,0.45,0.36,4.0,19.0,2727.27,87.0,60.0,1.24,1.0,11.0,11.0,799.0,41.0,0.79,0.64,7.0,3.0,1.69,1.36,15.0,64.0,1.35,1.09,64.0,0.56,0.45,41.0,53.0,5.0,12.0,57.0,9.57,7.73,85.0,29.0,3.6,2.91,37.0,32.0,86.0,2.03,1.64,18.0,31.0,0.68,0.55,6.0,9.0,73.0,2.0,66.0,1.0,46.0,42.0,76.0,70.0,57.0,,86.0,0.11,0.09,1.0,50.0,0.56,0.45,5.0,51.0,0.79,0.64,7.0,0.0,99.0,92.0,20.0,57.0,76.0,33.0,0.04,0.03,0.38,74.81,24.0,35.0,22.42,18.09,199.0,37.0,29.96,24.18,266.0,99.0,0.0,0.0,,,0.0,,,,,,,0.0,0.0,,70.95,0.0,,,0.0,0.0,,24,0.0,20.0,35.0,0.0,58.0,81.0,1.58,1.27,14.0,40.0,0.45,0.36,4.0,31.0,0.11,0.09,1.0,33.0,0.56,0.45,0.0,0.0,5.0,79.0,2.03,1.64,99.0,0.0,0.0,,18.0,,,,,28.0,0.07,0.06,0.66,32.0,0.04,0.03,0.38,2026,0,0,0.0,0,0.0,0.0,0.0,2025-11-23 11:30:00,Domestic League,0,852,66,0,71,435,417,852,0,0,-1,19,188,-1,0,2025/2026,2025,1
Italy_Serie_A_2025-2026,Cheikh Ahmet Tidian Niasse,Hellas Verona,Forward,25,188,69,Senegal,3,4,7,0,0,0,0.0,1970-01-11,0,0.0,1,1,2,28,1,0,1,0.62,eu,,41.0,0.0,0.0,,3.0,0.0,0.0,0.0,,1390000.0,39.0,64.0,0.0,3.59,4.0,99.0,1.86,0.27,3.0,,,31.0,30.0,43.0,46.0,1.24,0.18,2.0,80.0,0.0,41.0,60.0,1.24,0.18,2.0,11.0,145.0,26.0,1.24,0.18,2.0,40.0,0.62,0.09,1.0,38.0,0.62,0.09,67.0,0.62,0.09,100.0,99.0,1.0,1.0,62.0,9.93,1.45,16.0,47.0,4.34,0.64,43.0,7.0,82.0,1.86,0.27,3.0,92.0,2.48,0.36,4.0,1.0,,6.0,95.0,1.0,46.0,42.0,76.0,70.0,57.0,,80.0,0.0,0.0,,98.0,1.86,0.27,3.0,74.0,1.24,0.18,2.0,0.0,18.0,30.0,80.0,57.0,,41.0,0.06,0.01,0.1,77.78,34.0,57.0,30.41,4.45,49.0,61.0,39.1,5.73,63.0,99.0,0.0,0.0,,,0.0,,,,,,,0.0,0.0,,39.47,0.0,,,0.0,0.0,,36,0.0,0.0,25.0,0.0,58.0,90.0,1.86,0.27,3.0,77.0,1.24,0.18,2.0,25.0,0.0,0.0,,64.0,1.24,0.18,0.0,0.0,2.0,44.0,1.24,0.18,99.0,0.0,0.0,,2.0,,,,,44.0,0.1,0.01,0.16,41.0,0.06,0.01,0.1,2026,0,0,0.0,0,0.0,0.0,0.0,2025-08-25 16:30:00,Domestic League,0,0,145,0,21,92,53,145,0,0,-1,18,-1,-1,0,2025/2026,2025,0
Italy_Serie_A_2025-2026,Fallou Cham,Hellas Verona,Defender,55,0,0,Gambia,4,1,5,0,0,0,0.0,1970-01-01,0,0.0,1,0,1,20,4,1,5,2.09,eu,,48.0,10.47,2.78,25.0,39.0,0.84,0.22,0.0,2.0,138000.0,8.0,64.0,0.0,3.76,5.0,35.0,0.0,0.0,,,,31.0,30.0,25.0,56.0,1.67,0.44,4.0,1.0,277.78,42.0,86.0,3.77,1.0,9.0,9.0,215.0,99.0,0.0,0.0,,3.0,1.67,0.44,4.0,46.0,0.84,0.22,54.0,0.42,0.11,50.0,69.0,1.0,2.0,92.0,14.23,3.78,34.0,98.0,8.79,2.33,61.0,21.0,95.0,2.51,0.67,6.0,86.0,2.09,0.56,5.0,3.0,9.0,2.0,66.0,1.0,46.0,42.0,76.0,70.0,57.0,,80.0,0.0,0.0,,96.0,1.67,0.44,4.0,88.0,1.67,0.44,4.0,0.0,4.0,30.0,1.0,57.0,,71.0,0.18,0.05,0.43,59.18,4.0,6.0,12.14,3.22,29.0,11.0,20.51,5.44,49.0,99.0,0.0,0.0,,,0.0,,,,,,,0.0,0.0,,33.8,0.0,,,0.0,0.0,,70,0.0,40.0,72.0,0.0,58.0,93.0,2.51,0.67,6.0,78.0,1.26,0.33,3.0,85.0,0.84,0.22,2.0,82.0,2.09,0.56,0.0,0.0,5.0,99.0,5.44,1.44,99.0,0.0,0.0,,13.0,,,,,32.0,0.08,0.02,0.18,69.0,0.18,0.05,0.43,2026,0,0,0.0,0,0.0,0.0,0.0,2025-10-18 13:00:00,Domestic League,0,0,43,0,43,195,20,215,0,0,-1,17,-1,-1,0,2025/2026,2025,0
Italy_Serie_A_2025-2026,Daniel Oyegoke,Hellas Verona,Forward,22,0,0,England,1,0,1,0,0,0,0.0,2003-01-03,0,0.0,0,0,0,0,0,0,0,0.0,eu,,41.0,0.0,0.0,0.0,3.0,0.0,0.0,0.0,0.0,325000.0,9.0,64.0,0.0,2.19,0.0,35.0,0.0,0.0,0.0,0.0,0.0,31.0,30.0,1.0,99.0,11.25,0.33,1.0,99.0,0.0,41.0,18.0,0.0,0.0,0.0,3.0,8.0,99.0,0.0,0.0,0.0,99.0,0.0,0.0,0.0,99.0,11.25,0.33,99.0,11.25,0.33,100.0,99.0,1.0,1.0,76.0,11.25,0.33,1.0,99.0,11.25,0.33,100.0,1.0,6.0,0.0,0.0,0.0,2.0,0.0,0.0,0.0,0.0,0.0,1.0,51.0,0.0,17.0,42.0,76.0,70.0,57.0,0.0,80.0,0.0,0.0,0.0,15.0,0.0,0.0,0.0,12.0,0.0,0.0,0.0,0.0,0.0,30.0,0.0,57.0,0.0,11.0,0.0,0.0,0.0,100.0,99.0,36.0,22.5,0.67,2.0,17.0,22.5,0.67,2.0,99.0,0.0,0.0,0.0,0.0,0.0,0.0,0.0,0.0,0.0,0.0,0.0,0.0,0.0,0.0,6.57,0.0,0.0,0.0,0.0,0.0,0.0,2,0.0,0.0,25.0,0.0,58.0,0.0,0.0,0.0,0.0,12.0,0.0,0.0,0.0,25.0,0.0,0.0,0.0,10.0,0.0,0.0,0.0,0.0,0.0,7.0,0.0,0.0,99.0,0.0,0.0,0.0,0.0,0.0,0.0,0.0,0.0,0.0,0.0,0.0,0.0,11.0,0.0,0.0,0.0,2026,0,0,0.0,0,0.0,0.0,0.0,1970-01-01 00:00:00,Domestic League,0,0,0,0,8,8,0,8,0,0,-1,16,-1,-1,0,2025/2026,2025,0
Italy_Serie_A_2025-2026,Rafik Belghali,Hellas Verona,Midfielder,22,186,73,Morocco,6,6,12,0,0,0,0.0,2002-12-08,4,0.43,2,1,3,25,5,5,10,1.07,eu,,76.0,26.98,20.55,226.0,22.0,0.48,0.36,0.0,4.0,700000.0,17.0,64.0,0.0,6.61,60.0,35.0,0.0,0.0,0.0,4.0,33.0,95.0,92.0,37.0,35.0,0.95,0.73,8.0,47.0,941.67,63.0,78.0,2.86,2.18,24.0,11.0,754.0,32.0,1.07,0.82,9.0,53.0,0.48,0.36,4.0,93.0,3.34,2.55,94.0,1.67,1.27,50.0,69.0,14.0,28.0,46.0,8.71,6.64,73.0,28.0,3.58,2.73,41.0,30.0,28.0,0.84,0.64,7.0,9.0,0.24,0.18,2.0,8.0,63.0,3.0,78.0,3.0,86.0,42.0,76.0,70.0,57.0,0.0,80.0,0.0,0.0,0.0,85.0,1.19,0.91,10.0,88.0,1.67,1.27,14.0,0.0,99.0,39.0,47.0,57.0,74.0,39.0,0.05,0.04,0.44,75.76,28.0,22.0,17.9,13.64,150.0,20.0,23.63,18.0,198.0,99.0,0.0,0.0,0.0,0.0,0.0,0.0,0.0,0.0,0.0,0.0,0.0,0.0,0.0,0.0,72.7,0.0,0.0,0.0,0.0,0.0,0.0,7,0.0,33.33,61.0,0.0,58.0,56.0,1.19,0.91,10.0,43.0,0.48,0.36,4.0,47.0,0.24,0.18,2.0,44.0,0.72,0.55,0.0,0.0,6.0,43.0,1.19,0.91,99.0,0.0,0.0,0.0,10.0,0.0,0.0,0.0,0.0,32.0,0.08,0.06,0.71,38.0,0.05,0.04,0.44,2026,0,0,0.0,0,0.0,0.0,0.0,2025-11-23 11:30:00,Domestic League,0,211,84,0,70,337,507,844,0,0,-1,14,178,-1,0,2025/2026,2025,4
Italy_Serie_A_2025-2026,Dailon Rocha Livramento do Rosario,Hellas Verona,Forward,24,0,0,Netherlands,0,0,0,0,0,0,0.0,1970-01-12,0,0.0,0,0,0,0,0,0,0,0.0,eu,,,,,,,,,,,,,,,,,,,,,,,,,,,,,,,,,,,,,,,,,,,,,,,,,,,,,,,,,,,,,,,,,,,,,,,,,,,,,,,,,,,,,,,,,,,,,,,,,,,,,,,,,,,,,,,,,,,,,,,,,,,,,,,,,,,,,,,,,,,,,,,,,,,,,,,,,,,,,,,,,,,,,,,,,,,,,,,,,,,,,,,2026,0,0,0.0,0,0.0,0.0,0.0,1970-01-01 00:00:00,Domestic League,0,0,0,0,0,0,0,0,0,0,-1,-1,-1,-1,0,2025/2026,2025,0
Italy_Serie_A_2025-2026,Charlys Matheus Lima Pontes,Hellas Verona,Midfielder,21,0,0,Brazil,0,0,0,0,0,0,0.0,2004-02-19,0,0.0,0,0,0,0,0,0,0,0.0,eu,,,,,,,,,,,,,,,,,,,,,,,,,,,,,,,,,,,,,,,,,,,,,,,,,,,,,,,,,,,,,,,,,,,,,,,,,,,,,,,,,,,,,,,,,,,,,,,,,,,,,,,,,,,,,,,,,,,,,,,,,,,,,,,,,,,,,,,,,,,,,,,,,,,,,,,,,,,,,,,,,,,,,,,,,,,,,,,,,,,,,,,2026,0,0,0.0,0,0.0,0.0,0.0,1970-01-01 00:00:00,Domestic League,0,0,0,0,0,0,0,0,0,0,-1,-1,-1,-1,0,2025/2026,2025,0
Italy_Serie_A_2025-2026,Tobias Slotsager,Hellas Verona,Defender,19,0,0,Denmark,0,0,0,0,0,0,0.0,2006-01-01,0,0.0,0,0,0,0,0,0,0,0.0,eu,,,,,,,,,,,,,,,,,,,,,,,,,,,,,,,,,,,,,,,,,,,,,,,,,,,,,,,,,,,,,,,,,,,,,,,,,,,,,,,,,,,,,,,,,,,,,,,,,,,,,,,,,,,,,,,,,,,,,,,,,,,,,,,,,,,,,,,,,,,,,,,,,,,,,,,,,,,,,,,,,,,,,,,,,,,,,,,,,,,,,,,2026,0,0,0.0,0,0.0,0.0,0.0,1970-01-01 00:00:00,Domestic League,0,0,0,0,0,0,0,0,0,0,-1,-1,-1,-1,0,2025/2026,2025,0
Italy_Serie_A_2025-2026,Grigoris Kastanos,Hellas Verona,Midfielder,27,176,71,Cyprus,1,2,3,0,0,0,0.0,1970-01-11,0,0.0,0,0,0,0,0,0,0,0.0,eu,,99.0,346.15,11.11,100.0,94.0,3.46,0.11,0.0,1.0,1040000.0,25.0,64.0,0.0,2.21,0.0,35.0,0.0,0.0,0.0,0.0,0.0,31.0,30.0,1.0,79.0,3.46,0.11,1.0,99.0,5000.0,94.0,98.0,6.92,0.22,2.0,9.0,26.0,0.0,3.46,0.11,1.0,99.0,0.0,0.0,0.0,94.0,3.46,0.11,20.0,0.0,0.0,0.0,20.0,0.0,1.0,99.0,38.08,1.22,11.0,99.0,20.77,0.67,54.0,6.0,99.0,3.46,0.11,1.0,98.0,3.46,0.11,1.0,0.0,0.0,3.0,78.0,0.0,17.0,42.0,76.0,70.0,57.0,0.0,80.0,0.0,0.0,0.0,99.0,6.92,0.22,2.0,99.0,3.46,0.11,1.0,0.0,0.0,30.0,0.0,57.0,0.0,70.0,0.17,0.01,0.05,44.44,0.0,10.0,13.85,0.44,4.0,40.0,31.15,1.0,9.0,99.0,0.0,0.0,0.0,0.0,0.0,0.0,0.0,0.0,0.0,0.0,0.0,0.0,0.0,0.0,19.93,0.0,0.0,0.0,0.0,0.0,0.0,20,0.0,0.0,25.0,0.0,58.0,0.0,0.0,0.0,0.0,99.0,3.46,0.11,1.0,25.0,0.0,0.0,0.0,97.0,3.46,0.11,0.0,0.0,1.0,99.0,13.85,0.44,99.0,0.0,0.0,0.0,4.0,0.0,0.0,0.0,0.0,73.0,0.17,0.01,0.05,69.0,0.17,0.01,0.05,2026,0,0,0.0,0,0.0,0.0,0.0,1970-01-01 00:00:00,Domestic League,0,0,0,0,6,1,18,19,0,0,-1,15,-1,-1,0,2025/2026,2025,0
Italy_Serie_A_2025-2026,Abdoulrahmane Harroui,Hellas Verona,Midfielder,27,182,76,Morocco,3,3,6,0,0,0,0.0,1970-01-11,0,0.0,1,0,1,17,3,0,3,1.91,eu,,41.0,0.0,0.0,0.0,3.0,0.0,0.0,0.0,0.0,960000.0,25.0,64.0,0.0,3.65,4.0,35.0,0.0,0.0,0.0,0.0,0.0,31.0,30.0,17.0,24.0,0.65,0.14,1.0,1.0,0.0,41.0,73.0,2.59,0.57,4.0,7.0,139.0,47.0,0.65,0.14,1.0,99.0,0.0,0.0,0.0,77.0,1.94,0.43,68.0,0.65,0.14,33.0,42.0,1.0,3.0,75.0,11.01,2.43,17.0,51.0,4.53,1.0,41.0,7.0,96.0,2.59,0.57,4.0,31.0,0.65,0.14,1.0,2.0,4.0,3.0,78.0,1.0,46.0,42.0,76.0,70.0,57.0,0.0,80.0,0.0,0.0,0.0,15.0,0.0,0.0,0.0,12.0,0.0,0.0,0.0,0.0,9.0,30.0,1.0,57.0,0.0,64.0,0.14,0.03,0.22,80.0,44.0,39.0,23.31,5.14,36.0,35.0,29.14,6.43,45.0,99.0,0.0,0.0,0.0,0.0,0.0,0.0,0.0,0.0,0.0,0.0,0.0,0.0,0.0,0.0,25.54,0.0,0.0,0.0,0.0,0.0,0.0,21,0.0,33.33,61.0,0.0,58.0,94.0,3.24,0.71,5.0,79.0,1.29,0.29,2.0,76.0,0.65,0.14,1.0,78.0,1.94,0.43,0.0,0.0,3.0,97.0,3.24,0.71,99.0,0.0,0.0,0.0,5.0,0.0,0.0,0.0,0.0,7.0,0.04,0.01,0.06,62.0,0.14,0.03,0.22,2026,0,0,0.0,0,0.0,0.0,0.0,2025-11-08 14:00:00,Domestic League,0,0,47,0,24,125,16,141,0,0,-1,7,-1,-1,0,2025/2026,2025,0
Italy_Serie_A_2025-2026,Adi Kurti,Hellas Verona,Midfielder,19,0,0,Albania,0,0,0,0,0,0,0.0,2006-01-17,0,0.0,0,0,0,0,0,0,0,0.0,eu,,,,,,,,,,,,,,,,,,,,,,,,,,,,,,,,,,,,,,,,,,,,,,,,,,,,,,,,,,,,,,,,,,,,,,,,,,,,,,,,,,,,,,,,,,,,,,,,,,,,,,,,,,,,,,,,,,,,,,,,,,,,,,,,,,,,,,,,,,,,,,,,,,,,,,,,,,,,,,,,,,,,,,,,,,,,,,,,,,,,,,,2026,0,0,0.0,0,0.0,0.0,0.0,1970-01-01 00:00:00,Domestic League,0,0,0,0,0,0,0,0,0,0,-1,-1,-1,-1,0,2025/2026,2025,0
Italy_Serie_A_2025-2026,Enzo Jacques Rodolphe Ebosse,Hellas Verona,Defender,26,185,74,Cameroon,2,0,2,0,0,0,0.0,1970-01-11,1,1.67,0,0,0,0,3,0,3,5.0,eu,,41.0,0.0,0.0,0.0,3.0,0.0,0.0,0.0,0.0,640000.0,16.0,64.0,0.0,1.06,0.0,35.0,0.0,0.0,0.0,1.0,50.0,99.0,99.0,1.0,56.0,1.67,0.09,1.0,0.0,0.0,41.0,18.0,0.0,0.0,0.0,11.0,54.0,99.0,0.0,0.0,0.0,99.0,0.0,0.0,0.0,13.0,0.0,0.0,20.0,0.0,0.0,0.0,20.0,0.0,0.0,9.0,5.0,0.27,3.0,1.0,0.0,0.0,0.0,0.0,99.0,5.0,0.27,3.0,2.0,0.0,0.0,0.0,1.0,0.0,1.0,51.0,2.0,69.0,42.0,76.0,70.0,57.0,0.0,80.0,0.0,0.0,0.0,15.0,0.0,0.0,0.0,12.0,0.0,0.0,0.0,0.0,0.0,30.0,0.0,57.0,0.0,11.0,0.0,0.0,0.0,86.67,75.0,80.0,43.33,2.36,26.0,80.0,50.0,2.73,30.0,99.0,0.0,0.0,0.0,0.0,0.0,0.0,0.0,0.0,0.0,0.0,0.0,0.0,0.0,0.0,11.68,0.0,0.0,0.0,0.0,0.0,0.0,23,0.0,0.0,25.0,0.0,58.0,99.0,5.0,0.27,3.0,12.0,0.0,0.0,0.0,25.0,0.0,0.0,0.0,10.0,0.0,0.0,0.0,0.0,0.0,7.0,0.0,0.0,99.0,0.0,0.0,0.0,0.0,0.0,0.0,0.0,0.0,32.0,0.08,0.0,0.05,11.0,0.0,0.0,0.0,2026,0,0,0.0,0,0.0,0.0,0.0,2025-08-31 18:45:00,Domestic League,0,54,18,0,27,54,0,54,0,0,-1,13,-1,-1,0,2025/2026,2025,1
Italy_Serie_A_2025-2026,Daniel Fernando Mosquera Bonilla,Hellas Verona,Forward,26,0,0,Colombia,4,3,7,0,1,1,0.75,1970-01-11,0,0.0,1,0,1,14,1,1,2,1.5,eu,,41.0,0.0,0.0,0.0,99.0,7.5,0.88,0.0,7.0,0.0,8.0,99.0,0.14,4.04,7.0,97.0,1.07,0.12,1.0,0.0,0.0,31.0,30.0,9.0,77.0,3.21,0.38,3.0,11.0,0.0,41.0,57.0,1.07,0.12,1.0,8.0,84.0,5.0,2.14,0.25,2.0,0.0,2.14,0.25,2.0,79.0,2.14,0.25,20.0,0.0,0.0,0.0,20.0,0.0,2.0,99.0,35.36,4.12,33.0,99.0,11.79,1.38,33.0,11.0,99.0,4.29,0.5,4.0,86.0,2.14,0.25,2.0,0.0,0.0,6.0,95.0,0.0,17.0,96.0,76.0,70.0,57.0,0.0,80.0,0.0,0.0,0.0,15.0,0.0,0.0,0.0,68.0,1.07,0.12,1.0,0.0,18.0,30.0,11.0,57.0,0.0,85.0,0.31,0.04,0.29,62.5,6.0,16.0,16.07,1.88,15.0,27.0,25.71,3.0,24.0,99.0,0.0,0.0,0.0,0.0,0.0,0.0,0.0,0.0,0.0,0.0,0.0,0.0,0.0,0.0,32.35,0.0,0.0,0.0,0.0,0.0,0.0,25,0.0,100.0,99.0,0.0,58.0,94.0,3.21,0.38,3.0,12.0,0.0,0.0,0.0,99.0,2.14,0.25,2.0,82.0,2.14,0.25,0.0,0.0,2.0,83.0,2.14,0.25,99.0,0.0,0.0,0.0,2.0,0.0,0.0,0.0,0.0,32.0,0.08,0.01,0.07,83.0,0.31,0.04,0.29,2026,0,0,0.75,0,0.0,0.0,0.0,1970-01-01 00:00:00,Domestic League,120,0,60,0,17,62,58,120,0,0,-1,12,-1,-1,0,2025/2026,2025,0
Italy_Serie_A_2025-2026,Simone Perilli,Hellas Verona,Goalkeeper,30,0,0,Italy,0,0,0,0,0,0,0.0,1970-01-10,0,0.0,0,0,0,0,0,0,0,0.0,eu,,,,,,,,,,,,,,,,,,,,,,,,,,,,,,,,,,,,,,,,,,,,,,,,,,,,,,,,,,,,,,,,,,,,,,,,,,,,,,,,,,,,,,,,,,,,,,,,,,,,,,,,,,,,,,,,,,,,,,,,,,,,,,,,,,,,,,,,,,,,,,,,,,,,,,,,,,,,,,,,,,,,,,,,,,,,,,,,,,,,,,,2026,0,0,0.0,0,0.0,0.0,0.0,1970-01-01 00:00:00,Domestic League,0,0,0,0,0,0,0,0,0,0,-1,-1,-1,-1,0,2025/2026,2025,0
Italy_Serie_A_2025-2026,Mathis Lambourde,Hellas Verona,Forward,19,0,0,France,0,0,0,0,0,0,0.0,2006-01-09,0,0.0,0,0,0,0,0,0,0,0.0,eu,,,,,,,,,,,,,,,,,,,,,,,,,,,,,,,,,,,,,,,,,,,,,,,,,,,,,,,,,,,,,,,,,,,,,,,,,,,,,,,,,,,,,,,,,,,,,,,,,,,,,,,,,,,,,,,,,,,,,,,,,,,,,,,,,,,,,,,,,,,,,,,,,,,,,,,,,,,,,,,,,,,,,,,,,,,,,,,,,,,,,,,2026,0,0,0.0,0,0.0,0.0,0.0,1970-01-01 00:00:00,Domestic League,0,0,0,0,0,0,0,0,0,0,-1,-1,-1,-1,0,2025/2026,2025,0
Italy_Serie_A_2025-2026,Junior Ajayi,Hellas Verona,Midfielder,0,0,0,Italy,0,1,1,0,0,0,0.0,1970-01-01,0,0.0,0,0,0,0,0,0,0,0.0,eu,,41.0,0.0,0.0,0.0,99.0,90.0,0.09,0.0,1.0,236000.0,9.0,64.0,0.0,0.58,0.0,35.0,0.0,0.0,0.0,0.0,0.0,31.0,30.0,1.0,3.0,0.0,0.0,0.0,99.0,0.0,41.0,18.0,0.0,0.0,0.0,11.0,1.0,0.0,90.0,0.09,1.0,99.0,0.0,0.0,0.0,13.0,0.0,0.0,20.0,0.0,0.0,0.0,20.0,0.0,0.0,99.0,180.0,0.18,2.0,99.0,90.0,0.09,50.0,1.0,6.0,0.0,0.0,0.0,2.0,0.0,0.0,0.0,0.0,0.0,1.0,51.0,0.0,17.0,42.0,76.0,70.0,57.0,0.0,80.0,0.0,0.0,0.0,15.0,0.0,0.0,0.0,12.0,0.0,0.0,0.0,0.0,0.0,30.0,0.0,57.0,0.0,11.0,0.0,0.0,0.0,100.0,99.0,99.0,90.0,0.09,1.0,99.0,90.0,0.09,1.0,99.0,0.0,0.0,0.0,0.0,0.0,0.0,0.0,0.0,0.0,0.0,0.0,0.0,0.0,0.0,6.43,0.0,0.0,0.0,0.0,0.0,0.0,72,0.0,0.0,25.0,0.0,58.0,0.0,0.0,0.0,0.0,12.0,0.0,0.0,0.0,25.0,0.0,0.0,0.0,10.0,0.0,0.0,0.0,0.0,0.0,7.0,0.0,0.0,99.0,0.0,0.0,0.0,0.0,0.0,0.0,0.0,0.0,0.0,0.0,0.0,0.0,11.0,0.0,0.0,0.0,2026,0,0,0.0,0,0.0,0.0,0.0,1970-01-01 00:00:00,Domestic League,0,0,0,0,0,0,0,0,0,0,-1,-1,-1,-1,0,2025/2026,2025,0
Italy_Serie_A_2025-2026,Stefan Mitrović,Hellas Verona,Forward,23,0,0,Serbia,0,0,0,0,0,0,0.0,2002-08-15,0,0.0,0,0,0,0,0,0,0,0.0,eu,,,,,,,,,,,,,,,,,,,,,,,,,,,,,,,,,,,,,,,,,,,,,,,,,,,,,,,,,,,,,,,,,,,,,,,,,,,,,,,,,,,,,,,,,,,,,,,,,,,,,,,,,,,,,,,,,,,,,,,,,,,,,,,,,,,,,,,,,,,,,,,,,,,,,,,,,,,,,,,,,,,,,,,,,,,,,,,,,,,,,,,2026,0,0,0.0,0,0.0,0.0,0.0,1970-01-01 00:00:00,Domestic League,0,0,0,0,0,0,0,0,0,0,-1,-1,-1,-1,0,2025/2026,2025,0
Italy_Serie_A_2025-2026,Giacomo Toniolo,Hellas Verona,Midfielder,21,0,0,Italy,0,0,0,0,0,0,0.0,2004-04-01,0,0.0,0,0,0,0,0,0,0,0.0,eu,,,,,,,,,,,,,,,,,,,,,,,,,,,,,,,,,,,,,,,,,,,,,,,,,,,,,,,,,,,,,,,,,,,,,,,,,,,,,,,,,,,,,,,,,,,,,,,,,,,,,,,,,,,,,,,,,,,,,,,,,,,,,,,,,,,,,,,,,,,,,,,,,,,,,,,,,,,,,,,,,,,,,,,,,,,,,,,,,,,,,,,2026,0,0,0.0,0,0.0,0.0,0.0,1970-01-01 00:00:00,Domestic League,0,0,0,0,0,0,0,0,0,0,-1,-1,-1,-1,0,2025/2026,2025,0
Italy_Serie_A_2025-2026,Yann Sommer,Inter Milan,Goalkeeper,36,183,79,Switzerland,4,5,9,0,0,0,0.0,1970-01-07,0,0.0,1,3,4,44,7,3,10,1.11,eu,,41.0,0.0,0.0,0.0,3.0,0.0,0.0,0.0,0.0,4010000.0,76.0,64.0,0.0,5.61,30.0,35.0,0.0,0.0,0.0,0.0,0.0,31.0,30.0,71.0,5.0,0.22,0.18,2.0,43.0,0.0,41.0,18.0,0.0,0.0,0.0,11.0,810.0,99.0,0.0,0.0,0.0,99.0,0.0,0.0,0.0,13.0,0.0,0.0,20.0,0.0,0.0,0.0,20.0,0.0,0.0,0.0,0.0,0.0,0.0,1.0,0.0,0.0,0.0,0.0,6.0,0.0,0.0,0.0,2.0,0.0,0.0,0.0,9.0,73.0,0.0,34.0,0.0,17.0,42.0,76.0,70.0,57.0,0.0,80.0,0.0,0.0,0.0,15.0,0.0,0.0,0.0,12.0,0.0,0.0,0.0,0.0,45.0,30.0,43.0,57.0,71.0,11.0,0.0,0.0,0.0,85.67,71.0,56.0,29.89,24.45,269.0,52.0,34.89,28.55,314.0,99.0,0.0,0.0,0.0,0.0,0.0,0.0,0.0,0.0,0.0,0.0,0.0,0.0,0.0,0.0,61.74,65.62,32.0,32.0,2.33,1.91,21.0,1,0.0,0.0,25.0,0.0,58.0,95.0,3.56,2.91,32.0,12.0,0.0,0.0,0.0,25.0,0.0,0.0,0.0,10.0,0.0,0.0,0.0,0.0,0.0,7.0,0.0,0.0,99.0,0.0,0.0,0.0,0.0,0.0,0.0,0.0,0.0,20.0,0.06,0.05,0.53,11.0,0.0,0.0,0.0,2026,0,0,0.0,0,0.0,0.0,0.0,2025-11-09 19:45:00,Domestic League,0,0,81,0,90,360,450,810,0,0,-1,16,187,76,0,2025/2026,2025,0
Italy_Serie_A_2025-2026,Denzel Dumfries,Inter Milan,Defender,29,188,80,Aruba,5,6,11,0,0,0,0.0,1970-01-10,1,0.12,2,3,5,45,5,2,7,0.87,eu,,76.0,25.86,18.91,208.0,76.0,1.86,1.36,0.0,15.0,5770000.0,85.0,64.0,0.0,6.7,66.0,35.0,0.0,0.0,0.0,1.0,9.0,45.0,44.0,80.0,42.0,1.12,0.82,9.0,65.0,945.45,63.0,76.0,2.73,2.0,22.0,11.0,724.0,71.0,0.25,0.18,2.0,50.0,0.5,0.36,4.0,61.0,1.24,0.91,49.0,0.37,0.27,30.0,35.0,3.0,10.0,43.0,8.45,6.18,68.0,39.0,3.98,2.91,47.0,32.0,66.0,1.49,1.09,12.0,37.0,0.75,0.55,6.0,9.0,73.0,2.0,66.0,5.0,98.0,53.0,76.0,76.0,68.0,0.0,87.0,0.12,0.09,1.0,43.0,0.5,0.36,4.0,69.0,1.12,0.82,9.0,0.0,87.0,86.0,64.0,90.0,61.0,70.0,0.16,0.12,1.32,78.34,36.0,32.0,21.13,15.45,170.0,29.0,26.98,19.73,217.0,7.0,0.12,0.09,1.0,0.0,0.0,0.0,0.0,0.0,0.0,0.0,0.0,0.0,0.0,0.0,73.65,0.0,0.0,0.0,0.0,0.0,0.0,2,0.0,33.33,61.0,11.11,73.0,29.0,0.87,0.64,7.0,59.0,0.75,0.55,6.0,61.0,0.37,0.27,3.0,60.0,1.12,0.82,0.0,9.0,9.0,33.0,0.99,0.73,99.0,0.0,0.0,0.0,8.0,0.0,0.0,0.0,0.0,38.0,0.09,0.07,0.76,69.0,0.16,0.12,1.32,2026,0,1,0.12,1,0.0,0.21,0.12,2025-11-09 19:45:00,Domestic League,0,724,103,724,66,293,431,724,0,0,-1,11,113,47,0,2025/2026,2025,1
Italy_Serie_A_2025-2026,Benjamin Pavard,Inter Milan,Defender,29,186,76,France,0,1,1,0,0,0,0.0,1970-01-10,0,0.0,0,1,1,100,0,0,0,0.0,eu,,41.0,0.0,0.0,0.0,3.0,0.0,0.0,0.0,0.0,0.0,8.0,64.0,0.0,3.71,4.0,99.0,2.0,1.0,2.0,0.0,0.0,31.0,30.0,99.0,62.0,2.0,1.0,2.0,99.0,0.0,41.0,18.0,0.0,0.0,0.0,2.0,90.0,99.0,0.0,0.0,0.0,99.0,0.0,0.0,0.0,13.0,0.0,0.0,20.0,0.0,0.0,0.0,20.0,0.0,0.0,8.0,4.0,2.0,4.0,9.0,2.0,1.0,50.0,2.0,37.0,1.0,0.5,1.0,2.0,0.0,0.0,0.0,1.0,0.0,0.0,34.0,0.0,17.0,42.0,76.0,70.0,57.0,0.0,80.0,0.0,0.0,0.0,98.0,2.0,1.0,2.0,65.0,1.0,0.5,1.0,0.0,0.0,30.0,0.0,57.0,0.0,60.0,0.12,0.06,0.12,95.24,99.0,99.0,80.0,40.0,80.0,99.0,84.0,42.0,84.0,99.0,0.0,0.0,0.0,0.0,0.0,0.0,0.0,0.0,0.0,0.0,0.0,0.0,0.0,0.0,7.42,0.0,0.0,0.0,0.0,0.0,0.0,5,0.0,100.0,99.0,0.0,58.0,0.0,0.0,0.0,0.0,12.0,0.0,0.0,0.0,89.0,1.0,0.5,1.0,54.0,1.0,0.5,0.0,0.0,1.0,78.0,2.0,1.0,99.0,0.0,0.0,0.0,2.0,0.0,0.0,0.0,0.0,81.0,0.2,0.1,0.2,59.0,0.12,0.06,0.12,2026,0,0,0.0,0,0.0,0.0,0.0,2025-08-25 18:45:00,Domestic League,0,0,0,0,90,0,90,90,0,0,-1,23,-1,-1,0,2025/2026,2025,0
Italy_Serie_A_2025-2026,Petar Sučić,Inter Milan,Midfielder,21,0,0,Croatia,4,6,10,0,2,2,0.33,2004-11-10,2,0.33,1,3,4,40,2,4,6,1.0,eu,,73.0,23.89,13.64,150.0,36.0,0.8,0.45,0.0,5.0,4030000.0,76.0,95.0,0.2,6.23,51.0,47.0,0.16,0.09,1.0,2.0,20.0,79.0,83.0,64.0,49.0,1.27,0.73,8.0,54.0,2142.86,82.0,57.0,1.12,0.64,7.0,11.0,565.0,35.0,0.96,0.55,6.0,5.0,1.43,0.82,9.0,66.0,1.43,0.82,81.0,0.96,0.55,66.0,86.0,6.0,9.0,70.0,10.51,6.0,66.0,61.0,4.94,2.82,46.0,31.0,94.0,2.39,1.36,15.0,61.0,1.27,0.73,8.0,6.0,42.0,4.0,86.0,2.0,69.0,90.0,76.0,77.0,73.0,0.0,80.0,0.0,0.0,0.0,33.0,0.32,0.18,2.0,86.0,1.59,0.91,10.0,0.0,65.0,48.0,54.0,86.0,41.0,72.0,0.19,0.11,1.19,88.48,83.0,71.0,37.91,21.64,238.0,67.0,42.85,24.45,269.0,99.0,0.0,0.0,0.0,0.0,0.0,0.0,0.0,0.0,0.0,0.0,0.0,0.0,0.0,0.0,68.56,0.0,0.0,0.0,0.0,0.0,0.0,8,0.0,42.86,75.0,14.29,80.0,39.0,0.96,0.55,6.0,54.0,0.64,0.36,4.0,67.0,0.48,0.27,3.0,60.0,1.12,0.64,0.0,7.0,7.0,81.0,2.07,1.18,99.0,0.0,0.0,0.0,13.0,0.0,0.0,0.0,0.0,94.0,0.32,0.18,2.03,71.0,0.19,0.11,1.19,2026,0,1,0.5,1,0.0,0.22,0.17,2025-11-09 19:45:00,Domestic League,269,269,90,538,54,135,403,538,0,0,-1,8,90,-1,0,2025/2026,2025,2
Italy_Serie_A_2025-2026,Marcus Thuram,Inter Milan,Forward,28,189,79,France,2,4,6,0,1,1,0.23,1970-01-11,0,0.0,1,2,3,50,3,2,5,1.14,eu,,97.0,68.53,50.0,300.0,88.0,2.74,2.0,0.0,12.0,8330000.0,95.0,90.0,0.17,7.32,98.0,57.0,0.23,0.17,1.0,0.0,0.0,31.0,30.0,90.0,16.0,0.46,0.33,2.0,40.0,5000.0,94.0,64.0,1.37,1.0,6.0,6.0,394.0,7.0,2.06,1.5,9.0,99.0,0.0,0.0,0.0,78.0,2.06,1.5,94.0,1.6,1.17,77.0,92.0,7.0,9.0,91.0,13.71,10.0,60.0,85.0,6.17,4.5,45.0,27.0,95.0,2.51,1.83,11.0,72.0,1.6,1.17,7.0,5.0,32.0,1.0,51.0,4.0,94.0,98.0,94.0,98.0,99.0,0.0,80.0,0.0,0.0,0.0,15.0,0.0,0.0,0.0,87.0,1.6,1.17,7.0,0.0,9.0,30.0,40.0,58.0,19.0,99.0,0.7,0.51,3.06,75.0,25.0,16.0,15.76,11.5,69.0,13.0,21.02,15.33,92.0,99.0,0.0,0.0,0.0,0.0,0.0,0.0,0.0,0.0,0.0,0.0,0.0,0.0,0.0,0.0,43.89,0.0,0.0,0.0,0.0,0.0,0.0,9,0.0,35.29,63.0,17.65,84.0,68.0,1.37,1.0,6.0,98.0,2.51,1.83,11.0,96.0,1.37,1.0,6.0,99.0,3.88,2.83,0.0,5.67,17.0,10.0,0.23,0.17,99.0,0.0,0.0,0.0,1.0,0.0,0.0,17.0,1.0,88.0,0.23,0.17,0.99,99.0,0.7,0.51,3.06,2026,1,2,0.91,3,0.58,0.75,0.69,2025-09-27 18:45:00,Domestic League,394,0,79,131,66,154,240,394,0,0,-1,4,4,-1,0,2025/2026,2025,0
Italy_Serie_A_2025-2026,Lautaro Javier Martínez,Inter Milan,Forward,28,179,72,Argentina,5,6,11,0,2,2,0.22,1970-01-11,2,0.22,2,3,5,45,6,3,9,0.98,eu,,50.0,10.92,9.09,100.0,53.0,1.2,1.0,0.0,11.0,20370000.0,99.0,89.0,0.18,7.05,92.0,35.0,0.0,0.0,0.0,2.0,18.0,72.0,63.0,80.0,19.0,0.55,0.45,5.0,55.0,1428.57,76.0,49.0,0.76,0.64,7.0,11.0,824.0,30.0,1.09,0.91,10.0,76.0,0.22,0.18,2.0,66.0,1.42,1.18,64.0,0.55,0.45,38.0,47.0,5.0,13.0,56.0,9.5,7.91,87.0,50.0,4.48,3.73,47.0,41.0,82.0,1.86,1.55,17.0,86.0,2.08,1.73,19.0,10.0,83.0,1.0,51.0,4.0,94.0,94.0,82.0,97.0,95.0,0.0,80.0,0.0,0.0,0.0,16.0,0.11,0.09,1.0,80.0,1.42,1.18,13.0,0.0,87.0,69.0,55.0,63.0,73.0,97.0,0.5,0.41,4.55,76.81,31.0,20.0,17.37,14.45,159.0,17.0,22.61,18.82,207.0,99.0,0.0,0.0,0.0,0.0,0.0,0.0,0.0,0.0,0.0,0.0,0.0,0.0,0.0,0.0,77.6,0.0,0.0,0.0,0.0,0.0,0.0,10,0.0,23.53,38.0,11.76,74.0,40.0,0.98,0.82,9.0,99.0,2.84,2.36,26.0,85.0,0.87,0.73,8.0,98.0,3.71,3.09,0.0,8.5,34.0,26.0,0.76,0.64,99.0,0.0,0.0,0.0,7.0,0.0,0.0,0.0,0.0,85.0,0.22,0.18,1.99,95.0,0.5,0.41,4.55,2026,1,3,0.66,4,0.23,0.63,0.44,2025-11-09 19:45:00,Domestic League,412,412,92,206,75,394,430,824,0,0,-1,3,18,-1,0,2025/2026,2025,2
Italy_Serie_A_2025-2026,Francesco Acerbi,Inter Milan,Defender,37,192,88,Italy,3,4,7,0,0,0,0.0,1970-01-07,1,0.14,1,2,3,43,6,3,9,1.3,eu,,56.0,14.45,9.09,100.0,94.0,3.32,2.09,0.0,23.0,3470000.0,69.0,64.0,0.0,4.45,10.0,99.0,1.3,0.82,9.0,1.0,14.0,63.0,48.0,66.0,90.0,5.06,3.18,35.0,24.0,9999.99,99.0,24.0,0.14,0.09,1.0,11.0,623.0,99.0,0.0,0.0,0.0,82.0,0.14,0.09,1.0,18.0,0.14,0.09,28.0,0.14,0.09,100.0,99.0,1.0,1.0,31.0,7.66,4.82,53.0,64.0,5.06,3.18,66.0,35.0,48.0,1.16,0.73,8.0,43.0,0.87,0.55,6.0,7.0,54.0,0.0,34.0,4.0,94.0,42.0,76.0,70.0,57.0,0.0,80.0,0.0,0.0,0.0,95.0,1.59,1.0,11.0,27.0,0.29,0.18,2.0,0.0,18.0,82.0,24.0,57.0,48.0,22.0,0.02,0.01,0.15,95.48,99.0,96.0,60.96,38.36,422.0,94.0,63.85,40.18,442.0,99.0,0.0,0.0,0.0,0.0,0.0,0.0,0.0,0.0,0.0,0.0,0.0,0.0,0.0,0.0,48.96,0.0,0.0,0.0,0.0,0.0,0.0,15,0.0,100.0,99.0,0.0,58.0,73.0,1.44,0.91,10.0,12.0,0.0,0.0,0.0,34.0,0.14,0.09,1.0,13.0,0.14,0.09,0.0,0.0,1.0,24.0,0.72,0.45,99.0,0.0,0.0,0.0,5.0,0.0,0.0,0.0,0.0,70.0,0.16,0.1,1.12,22.0,0.02,0.01,0.15,2026,0,0,0.0,0,0.0,0.0,0.0,2025-11-09 19:45:00,Domestic League,0,623,69,0,89,270,353,623,0,0,-1,22,172,99,0,2025/2026,2025,1
Italy_Serie_A_2025-2026,Henrikh Mkhitaryan,Inter Milan,Midfielder,36,177,75,Armenia,4,3,7,0,0,0,0.0,1970-01-07,2,0.37,2,1,3,43,3,0,3,0.56,eu,,56.0,14.69,9.88,79.0,43.0,0.93,0.62,0.0,5.0,6090000.0,87.0,64.0,0.0,6.01,39.0,72.0,0.37,0.25,2.0,2.0,29.0,91.0,87.0,66.0,21.0,0.56,0.38,3.0,84.0,607.69,52.0,73.0,2.42,1.62,13.0,8.0,484.0,37.0,0.93,0.62,5.0,7.0,1.3,0.88,7.0,74.0,1.67,1.12,90.0,1.3,0.88,77.0,92.0,7.0,9.0,59.0,9.67,6.5,52.0,59.0,4.83,3.25,50.0,26.0,76.0,1.67,1.12,9.0,35.0,0.74,0.5,4.0,6.0,42.0,1.0,51.0,3.0,86.0,42.0,76.0,70.0,57.0,0.0,99.0,0.37,0.25,2.0,96.0,1.67,1.12,9.0,40.0,0.56,0.38,3.0,0.0,18.0,43.0,83.0,57.0,31.0,57.0,0.11,0.08,0.61,85.56,70.0,79.0,42.95,28.88,231.0,81.0,50.21,33.75,270.0,3.0,0.19,0.12,1.0,0.0,0.0,0.0,0.0,0.0,0.0,0.0,0.0,0.0,0.0,0.0,48.05,0.0,0.0,0.0,0.0,0.0,0.0,22,0.0,18.18,31.0,0.0,58.0,20.0,0.74,0.5,4.0,90.0,1.67,1.12,9.0,61.0,0.37,0.25,2.0,81.0,2.05,1.38,0.0,0.0,11.0,74.0,1.86,1.25,99.0,0.0,0.0,0.0,10.0,0.0,0.0,0.0,0.0,59.0,0.13,0.09,0.7,56.0,0.11,0.08,0.61,2026,0,0,0.0,0,0.0,0.0,0.0,2025-10-25 16:00:00,Domestic League,0,242,161,0,69,302,182,484,0,0,-1,21,173,-1,0,2025/2026,2025,2
Italy_Serie_A_2025-2026,Nicolò Barella,Inter Milan,Midfielder,28,175,68,Italy,5,6,11,1,2,3,0.32,1970-01-10,1,0.11,2,3,5,45,5,4,9,0.96,eu,,86.0,38.3,32.73,360.0,24.0,0.53,0.45,0.0,5.0,12970000.0,98.0,95.0,0.27,7.34,98.0,39.0,0.11,0.09,1.0,1.0,9.0,45.0,42.0,80.0,24.0,0.64,0.55,6.0,56.0,900.0,61.0,90.0,4.26,3.64,40.0,11.0,846.0,43.0,0.74,0.64,7.0,24.0,0.85,0.73,8.0,75.0,1.7,1.45,77.0,0.85,0.73,50.0,69.0,8.0,16.0,40.0,8.19,7.0,77.0,45.0,4.26,3.64,51.0,40.0,41.0,1.06,0.91,10.0,30.0,0.64,0.55,6.0,10.0,83.0,1.0,51.0,1.0,46.0,87.0,76.0,72.0,65.0,0.0,80.0,0.0,0.0,0.0,33.0,0.32,0.27,3.0,98.0,2.77,2.36,26.0,0.0,87.0,92.0,56.0,95.0,75.0,62.0,0.13,0.11,1.21,84.69,65.0,94.0,55.32,47.27,520.0,95.0,65.32,55.82,614.0,99.0,0.0,0.0,0.0,0.0,0.0,0.0,0.0,0.0,0.0,0.0,0.0,0.0,0.0,0.0,80.71,0.0,0.0,0.0,0.0,0.0,0.0,23,0.0,9.09,26.0,9.09,67.0,39.0,0.96,0.82,9.0,72.0,1.06,0.91,10.0,31.0,0.11,0.09,1.0,61.0,1.17,1.0,0.0,11.0,11.0,84.0,2.23,1.91,99.0,0.0,0.0,0.0,21.0,0.0,0.0,0.0,0.0,97.0,0.4,0.34,3.77,61.0,0.13,0.11,1.21,2026,0,1,0.43,1,0.0,0.17,0.11,2025-11-09 19:45:00,Domestic League,282,846,94,846,77,318,528,846,0,0,-1,9,117,-1,0,2025/2026,2025,1
Italy_Serie_A_2025-2026,Federico Dimarco,Inter Milan,Defender,28,174,75,Italy,5,6,11,2,2,4,0.46,1970-01-11,1,0.12,2,3,5,45,4,4,8,0.93,eu,,94.0,51.96,40.73,448.0,4.0,0.12,0.09,0.0,1.0,8710000.0,96.0,97.0,0.36,7.43,99.0,70.0,0.35,0.27,3.0,1.0,9.0,45.0,44.0,80.0,52.0,1.39,1.09,12.0,59.0,503.37,49.0,99.0,10.32,8.09,89.0,11.0,776.0,72.0,0.23,0.18,2.0,55.0,0.46,0.36,4.0,26.0,0.35,0.27,27.0,0.12,0.09,33.0,42.0,1.0,3.0,11.0,5.34,4.18,46.0,13.0,2.78,2.18,52.0,24.0,60.0,1.39,1.09,12.0,33.0,0.7,0.55,6.0,8.0,63.0,3.0,78.0,3.0,86.0,95.0,76.0,86.0,81.0,0.0,80.0,0.0,0.0,0.0,65.0,0.81,0.64,7.0,99.0,3.71,2.91,32.0,0.0,87.0,88.0,59.0,76.0,68.0,83.0,0.29,0.22,2.47,81.4,48.0,61.0,32.47,25.45,280.0,62.0,39.9,31.27,344.0,99.0,0.0,0.0,0.0,0.0,0.0,0.0,0.0,0.0,0.0,0.0,0.0,0.0,0.0,0.0,81.73,0.0,0.0,0.0,0.0,0.0,0.0,32,0.0,35.29,63.0,11.76,74.0,45.0,1.04,0.82,9.0,79.0,1.28,1.0,11.0,79.0,0.7,0.55,6.0,78.0,1.97,1.55,0.0,8.5,17.0,74.0,1.86,1.45,99.0,0.0,0.0,0.0,16.0,0.0,0.0,0.0,0.0,99.0,0.48,0.38,4.14,81.0,0.29,0.22,2.47,2026,0,2,0.7,2,0.0,0.35,0.23,2025-11-09 19:45:00,Domestic League,194,776,97,388,71,267,509,776,0,0,-1,5,62,53,0,2025/2026,2025,1
Italy_Serie_A_2025-2026,Alessandro Bastoni,Inter Milan,Defender,26,190,75,Italy,5,5,10,1,2,3,0.31,1970-01-11,1,0.1,2,3,5,50,7,2,9,0.94,eu,,80.0,31.91,27.91,307.0,72.0,1.77,1.55,0.0,17.0,12040000.0,98.0,94.0,0.3,6.7,66.0,35.0,0.0,0.0,0.0,1.0,10.0,52.0,38.0,90.0,71.0,2.6,2.27,25.0,58.0,959.38,65.0,84.0,3.33,2.91,32.0,11.0,866.0,83.0,0.1,0.09,1.0,68.0,0.31,0.27,3.0,25.0,0.31,0.27,24.0,0.1,0.09,33.0,42.0,1.0,3.0,43.0,8.42,7.36,81.0,54.0,4.68,4.09,55.0,45.0,87.0,2.08,1.82,20.0,45.0,0.94,0.82,9.0,10.0,83.0,0.0,34.0,5.0,98.0,85.0,76.0,77.0,61.0,0.0,85.0,0.1,0.09,1.0,60.0,0.73,0.64,7.0,61.0,0.94,0.82,9.0,0.0,65.0,92.0,58.0,96.0,78.0,67.0,0.15,0.13,1.44,88.32,82.0,98.0,64.43,56.36,620.0,98.0,72.96,63.82,702.0,99.0,0.0,0.0,0.0,0.0,0.0,0.0,0.0,0.0,0.0,0.0,0.0,0.0,0.0,0.0,73.72,0.0,0.0,0.0,0.0,0.0,0.0,95,0.0,40.0,72.0,10.0,69.0,45.0,1.04,0.91,10.0,53.0,0.62,0.55,6.0,64.0,0.42,0.36,4.0,56.0,1.04,0.91,0.0,10.0,10.0,75.0,1.87,1.64,99.0,0.0,0.0,0.0,18.0,0.0,0.0,0.0,0.0,96.0,0.36,0.31,3.43,66.0,0.15,0.13,1.44,2026,0,1,0.42,1,0.0,0.22,0.1,2025-11-09 19:45:00,Domestic League,289,866,96,866,87,450,416,866,0,0,-1,10,133,55,0,2025/2026,2025,1
Italy_Serie_A_2025-2026,Stefan de Vrij,Inter Milan,Defender,33,189,78,Netherlands,1,1,2,0,0,0,0.0,1970-01-09,0,0.0,1,0,1,50,0,1,1,0.5,eu,,41.0,0.0,0.0,0.0,85.0,2.5,0.45,0.0,5.0,8800000.0,96.0,64.0,0.0,1.29,0.0,35.0,0.0,0.0,0.0,0.0,0.0,31.0,30.0,90.0,85.0,4.0,0.73,8.0,89.0,0.0,41.0,18.0,0.0,0.0,0.0,11.0,180.0,99.0,0.0,0.0,0.0,99.0,0.0,0.0,0.0,33.0,0.5,0.09,62.0,0.5,0.09,100.0,99.0,1.0,1.0,18.0,6.5,1.18,13.0,61.0,5.0,0.91,76.0,10.0,6.0,0.0,0.0,0.0,2.0,0.0,0.0,0.0,2.0,4.0,0.0,34.0,0.0,17.0,42.0,76.0,70.0,57.0,0.0,80.0,0.0,0.0,0.0,15.0,0.0,0.0,0.0,36.0,0.5,0.09,1.0,0.0,0.0,30.0,89.0,57.0,0.0,41.0,0.06,0.01,0.12,93.98,99.0,97.0,62.5,11.36,125.0,96.0,66.5,12.09,133.0,99.0,0.0,0.0,0.0,0.0,0.0,0.0,0.0,0.0,0.0,0.0,0.0,0.0,0.0,0.0,14.17,0.0,0.0,0.0,0.0,0.0,0.0,6,0.0,100.0,99.0,0.0,58.0,6.0,0.5,0.09,1.0,12.0,0.0,0.0,0.0,68.0,0.5,0.09,1.0,30.0,0.5,0.09,0.0,0.0,1.0,78.0,2.0,0.36,99.0,0.0,0.0,0.0,4.0,0.0,0.0,0.0,0.0,73.0,0.17,0.03,0.35,41.0,0.06,0.01,0.12,2026,0,0,0.0,0,0.0,0.0,0.0,2025-10-04 16:00:00,Domestic League,0,0,180,0,90,90,90,180,0,0,-1,20,-1,-1,0,2025/2026,2025,0
Italy_Serie_A_2025-2026,Piotr Zieliński,Inter Milan,Midfielder,31,177,64,Poland,4,4,8,1,0,1,0.44,1970-01-09,0,0.0,1,3,4,50,5,0,5,2.21,eu,,41.0,0.0,0.0,0.0,72.0,1.76,0.36,0.0,4.0,10180000.0,97.0,97.0,0.12,4.88,16.0,35.0,0.0,0.0,0.0,0.0,0.0,31.0,30.0,90.0,58.0,1.76,0.36,4.0,0.0,0.0,41.0,42.0,0.44,0.09,1.0,11.0,204.0,99.0,0.0,0.0,0.0,22.0,0.88,0.18,2.0,30.0,0.44,0.09,20.0,0.0,0.0,0.0,20.0,0.0,1.0,9.0,4.85,1.0,11.0,17.0,3.09,0.64,63.0,7.0,6.0,0.0,0.0,0.0,43.0,0.88,0.18,2.0,1.0,0.0,7.0,98.0,2.0,69.0,98.0,96.0,70.0,95.0,0.0,80.0,0.0,0.0,0.0,15.0,0.0,0.0,0.0,89.0,1.76,0.36,4.0,0.0,30.0,30.0,0.0,62.0,0.0,96.0,0.47,0.1,1.07,87.29,78.0,84.0,45.44,9.36,103.0,83.0,52.06,10.73,118.0,99.0,0.0,0.0,0.0,0.0,0.0,0.0,0.0,0.0,0.0,0.0,0.0,0.0,0.0,0.0,53.63,0.0,0.0,0.0,0.0,0.0,0.0,7,0.0,60.0,95.0,20.0,88.0,93.0,2.65,0.55,6.0,65.0,0.88,0.18,2.0,96.0,1.32,0.27,3.0,84.0,2.21,0.45,0.0,5.0,5.0,31.0,0.88,0.18,99.0,0.0,0.0,0.0,2.0,0.0,0.0,0.0,0.0,98.0,0.41,0.09,0.94,94.0,0.47,0.1,1.07,2026,1,0,0.88,1,0.61,0.0,0.44,2025-11-02 11:30:00,Domestic League,204,0,41,204,26,147,57,204,0,0,-1,6,-1,-1,0,2025/2026,2025,0
Italy_Serie_A_2025-2026,Luis Henrique Tomaz de Lima,Inter Milan,Forward,23,181,78,Brazil,3,4,7,0,0,0,0.0,2001-12-14,0,0.0,1,2,3,43,1,2,3,1.28,eu,,99.0,85.31,18.18,200.0,3.0,0.0,0.0,0.0,0.0,0.0,8.0,64.0,0.0,3.06,2.0,35.0,0.0,0.0,0.0,0.0,0.0,31.0,30.0,66.0,31.0,0.85,0.18,2.0,24.0,6666.67,95.0,62.0,1.28,0.27,3.0,11.0,211.0,59.0,0.43,0.09,1.0,99.0,0.0,0.0,0.0,61.0,1.28,0.27,55.0,0.43,0.09,33.0,42.0,1.0,3.0,7.0,2.99,0.64,7.0,7.0,1.71,0.36,57.0,4.0,6.0,0.0,0.0,0.0,2.0,0.0,0.0,0.0,2.0,4.0,5.0,90.0,4.0,94.0,42.0,76.0,70.0,57.0,0.0,80.0,0.0,0.0,0.0,38.0,0.43,0.09,1.0,89.0,1.71,0.36,4.0,0.0,18.0,30.0,24.0,57.0,0.0,62.0,0.13,0.03,0.3,86.79,75.0,75.0,39.24,8.36,92.0,74.0,45.21,9.64,106.0,99.0,0.0,0.0,0.0,0.0,0.0,0.0,0.0,0.0,0.0,0.0,0.0,0.0,0.0,0.0,33.67,0.0,0.0,0.0,0.0,0.0,0.0,11,0.0,25.0,44.0,0.0,58.0,64.0,1.28,0.27,3.0,79.0,1.28,0.27,3.0,64.0,0.43,0.09,1.0,74.0,1.71,0.36,0.0,0.0,4.0,46.0,1.28,0.27,99.0,0.0,0.0,0.0,3.0,0.0,0.0,0.0,0.0,63.0,0.14,0.03,0.33,61.0,0.13,0.03,0.3,2026,0,0,0.0,0,0.0,0.0,0.0,2025-11-02 11:30:00,Domestic League,0,0,70,0,30,144,67,211,0,0,-1,19,-1,-1,0,2025/2026,2025,0
Italy_Serie_A_2025-2026,Raffaele Di Gennaro,Inter Milan,Goalkeeper,32,186,80,Italy,0,0,0,0,0,0,0.0,1970-01-09,0,0.0,0,0,0,0,0,0,0,0.0,eu,,,,,,,,,,,,,,,,,,,,,,,,,,,,,,,,,,,,,,,,,,,,,,,,,,,,,,,,,,,,,,,,,,,,,,,,,,,,,,,,,,,,,,,,,,,,,,,,,,,,,,,,,,,,,,,,,,,,,,,,,,,,,,,,,,,,,,,,,,,,,,,,,,,,,,,,,,,,,,,,,,,,,,,,,,,,,,,,,,,,,,,2026,0,0,0.0,0,0.0,0.0,0.0,1970-01-01 00:00:00,Domestic League,0,0,0,0,0,0,0,0,0,0,-1,-1,-1,-1,0,2025/2026,2025,0
Italy_Serie_A_2025-2026,Josep Martínez Riera,Inter Milan,Goalkeeper,27,191,78,Spain,1,1,2,0,0,0,0.0,1970-01-11,0,0.0,1,0,1,50,0,1,1,0.5,eu,,41.0,0.0,0.0,0.0,3.0,0.0,0.0,0.0,0.0,3470000.0,69.0,64.0,0.0,1.36,0.0,35.0,0.0,0.0,0.0,0.0,0.0,31.0,30.0,90.0,3.0,0.0,0.0,0.0,89.0,0.0,41.0,18.0,0.0,0.0,0.0,10.0,180.0,99.0,0.0,0.0,0.0,99.0,0.0,0.0,0.0,13.0,0.0,0.0,20.0,0.0,0.0,0.0,20.0,0.0,0.0,0.0,0.0,0.0,0.0,1.0,0.0,0.0,0.0,0.0,6.0,0.0,0.0,0.0,2.0,0.0,0.0,0.0,2.0,4.0,0.0,34.0,0.0,17.0,42.0,76.0,70.0,57.0,0.0,80.0,0.0,0.0,0.0,15.0,0.0,0.0,0.0,12.0,0.0,0.0,0.0,0.0,0.0,30.0,89.0,57.0,0.0,11.0,0.0,0.0,0.0,77.78,34.0,41.0,24.5,4.9,49.0,41.0,31.5,6.3,63.0,99.0,0.0,0.0,0.0,0.0,0.0,0.0,0.0,0.0,0.0,0.0,0.0,0.0,0.0,0.0,13.65,80.0,84.0,20.0,2.0,0.4,4.0,13,0.0,0.0,25.0,0.0,58.0,92.0,2.5,0.5,5.0,12.0,0.0,0.0,0.0,25.0,0.0,0.0,0.0,10.0,0.0,0.0,0.0,0.0,0.0,7.0,0.0,0.0,99.0,0.0,0.0,0.0,0.0,0.0,0.0,0.0,0.0,7.0,0.04,0.01,0.09,11.0,0.0,0.0,0.0,2026,0,0,0.0,0,0.0,0.0,0.0,2025-09-27 18:45:00,Domestic League,0,0,180,0,90,90,90,180,0,0,-1,18,-1,-1,0,2025/2026,2025,0
Italy_Serie_A_2025-2026,Ange-Yoan Bonny,Inter Milan,Defender,0,0,0,France,5,6,11,0,3,3,0.66,1970-01-01,0,0.0,2,3,5,45,4,1,5,1.09,eu,,41.0,0.0,0.0,0.0,65.0,1.53,0.64,0.0,7.0,4630000.0,83.0,99.0,0.27,6.42,56.0,35.0,0.0,0.0,0.0,0.0,0.0,31.0,30.0,80.0,13.0,0.44,0.18,2.0,45.0,0.0,41.0,18.0,0.0,0.0,0.0,11.0,411.0,10.0,1.97,0.82,9.0,99.0,0.0,0.0,0.0,70.0,1.53,0.64,56.0,0.44,0.18,28.0,32.0,2.0,7.0,81.0,11.82,4.91,54.0,81.0,5.91,2.45,50.0,27.0,69.0,1.53,0.64,7.0,97.0,3.07,1.27,14.0,5.0,32.0,6.0,95.0,3.0,86.0,99.0,89.0,99.0,99.0,0.0,80.0,0.0,0.0,0.0,15.0,0.0,0.0,0.0,93.0,1.97,0.82,9.0,0.0,87.0,30.0,45.0,58.0,20.0,99.0,0.67,0.28,3.06,79.8,43.0,20.0,17.3,7.18,79.0,16.0,21.68,9.0,99.0,99.0,0.0,0.0,0.0,0.0,0.0,0.0,1.0,0.0,0.0,0.0,0.0,0.0,0.0,0.0,70.57,0.0,0.0,0.0,0.0,0.0,0.0,14,0.0,50.0,89.0,50.0,99.0,65.0,1.31,0.55,6.0,65.0,0.88,0.36,4.0,86.0,0.88,0.36,4.0,75.0,1.75,0.73,0.0,2.0,8.0,31.0,0.88,0.36,99.0,0.0,0.0,0.0,4.0,0.0,0.0,0.0,0.0,99.0,0.5,0.21,2.28,99.0,0.67,0.28,3.06,2026,1,3,1.53,4,0.42,1.36,0.88,2025-11-09 19:45:00,Domestic League,137,0,82,103,37,213,198,411,0,0,-1,2,2,74,0,2025/2026,2025,0
Italy_Serie_A_2025-2026,Davide Frattesi,Inter Milan,Midfielder,26,178,74,Italy,4,4,8,0,0,0,0.0,1970-01-11,0,0.0,2,2,4,50,0,2,2,0.9,eu,,41.0,0.0,0.0,0.0,60.0,1.36,0.27,0.0,3.0,6490000.0,90.0,64.0,0.0,3.6,4.0,77.0,0.45,0.09,1.0,0.0,0.0,31.0,30.0,90.0,52.0,1.36,0.27,3.0,62.0,0.0,41.0,18.0,0.0,0.0,0.0,11.0,198.0,12.0,1.82,0.36,4.0,99.0,0.0,0.0,0.0,48.0,0.91,0.18,56.0,0.45,0.09,50.0,69.0,1.0,2.0,63.0,10.0,2.0,22.0,87.0,6.36,1.27,63.0,14.0,29.0,0.91,0.18,2.0,88.0,2.27,0.45,5.0,1.0,0.0,7.0,98.0,0.0,17.0,42.0,76.0,70.0,57.0,0.0,80.0,0.0,0.0,0.0,15.0,0.0,0.0,0.0,90.0,1.82,0.36,4.0,0.0,30.0,30.0,62.0,57.0,0.0,83.0,0.28,0.06,0.61,75.61,27.0,10.0,14.09,2.82,31.0,9.0,18.64,3.73,41.0,99.0,0.0,0.0,0.0,0.0,0.0,0.0,0.0,0.0,0.0,0.0,0.0,0.0,0.0,0.0,39.63,0.0,0.0,0.0,0.0,0.0,0.0,16,0.0,42.86,75.0,0.0,58.0,34.0,0.91,0.18,2.0,93.0,1.82,0.36,4.0,96.0,1.36,0.27,3.0,95.0,3.18,0.64,0.0,0.0,7.0,85.0,2.27,0.45,99.0,0.0,0.0,0.0,5.0,0.0,0.0,0.0,0.0,38.0,0.09,0.02,0.2,80.0,0.28,0.06,0.61,2026,0,0,0.0,0,0.0,0.0,0.0,2025-10-04 16:00:00,Domestic League,0,0,100,0,25,73,126,199,0,0,-1,17,-1,-1,0,2025/2026,2025,0
Italy_Serie_A_2025-2026,Andy Diouf,Inter Milan,Midfielder,22,175,62,France,0,2,2,0,0,0,0.0,2003-05-17,0,0.0,0,1,1,50,0,1,1,3.46,eu,,41.0,0.0,0.0,0.0,3.0,0.0,0.0,0.0,0.0,4630000.0,83.0,64.0,0.0,1.13,0.0,35.0,0.0,0.0,0.0,0.0,0.0,31.0,30.0,90.0,3.0,0.0,0.0,0.0,0.0,0.0,41.0,18.0,0.0,0.0,0.0,11.0,26.0,0.0,6.92,0.18,2.0,0.0,10.38,0.27,3.0,94.0,3.46,0.09,20.0,0.0,0.0,0.0,20.0,0.0,1.0,99.0,27.69,0.73,8.0,91.0,6.92,0.18,25.0,2.0,6.0,0.0,0.0,0.0,98.0,3.46,0.09,1.0,0.0,0.0,2.0,66.0,0.0,17.0,42.0,76.0,70.0,57.0,0.0,80.0,0.0,0.0,0.0,99.0,3.46,0.09,1.0,12.0,0.0,0.0,0.0,0.0,0.0,30.0,0.0,57.0,0.0,11.0,0.0,0.0,0.0,86.67,75.0,83.0,45.0,1.18,13.0,83.0,51.92,1.36,15.0,99.0,0.0,0.0,0.0,0.0,0.0,0.0,0.0,0.0,0.0,0.0,0.0,0.0,0.0,0.0,12.43,0.0,0.0,0.0,0.0,0.0,0.0,17,0.0,0.0,25.0,0.0,58.0,94.0,3.46,0.09,1.0,12.0,0.0,0.0,0.0,25.0,0.0,0.0,0.0,10.0,0.0,0.0,0.0,0.0,0.0,98.0,3.46,0.09,99.0,0.0,0.0,0.0,1.0,0.0,0.0,0.0,0.0,44.0,0.1,0.0,0.03,11.0,0.0,0.0,0.0,2026,0,0,0.0,0,0.0,0.0,0.0,1970-01-01 00:00:00,Domestic League,0,0,26,0,13,0,26,26,0,0,-1,15,-1,-1,0,2025/2026,2025,0
Italy_Serie_A_2025-2026,Carlos Augusto Zopalato Neves,Inter Milan,Defender,26,184,78,Brazil,4,6,10,1,0,1,0.24,1970-01-11,1,0.24,2,3,5,50,3,2,5,1.18,eu,,58.0,15.63,6.0,66.0,92.0,3.08,1.18,0.0,13.0,3530000.0,69.0,91.0,0.1,6.09,43.0,78.0,0.47,0.18,2.0,1.0,10.0,52.0,66.0,90.0,77.0,3.08,1.18,13.0,37.0,550.0,50.0,77.0,2.84,1.09,12.0,11.0,380.0,72.0,0.24,0.09,1.0,74.0,0.24,0.09,1.0,50.0,0.95,0.36,58.0,0.47,0.18,50.0,69.0,2.0,4.0,71.0,10.66,4.09,45.0,87.0,6.39,2.45,60.0,27.0,62.0,1.42,0.55,6.0,34.0,0.71,0.27,3.0,4.0,22.0,6.0,95.0,4.0,94.0,71.0,76.0,70.0,57.0,0.0,80.0,0.0,0.0,0.0,40.0,0.47,0.18,2.0,48.0,0.71,0.27,3.0,0.0,65.0,65.0,36.0,57.0,16.0,67.0,0.15,0.06,0.64,88.71,85.0,75.0,39.08,15.0,165.0,72.0,44.05,16.91,186.0,99.0,0.0,0.0,0.0,0.0,0.0,0.0,0.0,0.0,0.0,0.0,0.0,0.0,0.0,0.0,66.97,0.0,0.0,0.0,0.0,0.0,0.0,30,0.0,42.86,75.0,0.0,58.0,54.0,1.18,0.45,5.0,67.0,0.95,0.36,4.0,79.0,0.71,0.27,3.0,73.0,1.66,0.64,0.0,0.0,7.0,83.0,2.13,0.82,99.0,0.0,0.0,0.0,9.0,0.0,0.0,0.0,0.0,90.0,0.25,0.09,1.04,66.0,0.15,0.06,0.64,2026,0,0,0.24,0,0.0,0.0,0.0,2025-11-02 11:30:00,Domestic League,380,380,76,0,38,183,197,380,0,0,-1,14,175,85,0,2025/2026,2025,1
Italy_Serie_A_2025-2026,Yann Aurel Bisseck,Inter Milan,Defender,24,194,0,Germany,1,2,3,0,0,0,0.0,1970-01-12,1,0.33,0,1,1,33,1,2,3,1.0,eu,,58.0,16.67,4.55,50.0,96.0,4.0,1.09,0.0,12.0,2300000.0,54.0,64.0,0.0,1.95,0.0,68.0,0.33,0.09,1.0,1.0,33.0,95.0,83.0,50.0,88.0,4.67,1.27,14.0,54.0,2500.0,86.0,47.0,0.67,0.18,2.0,11.0,270.0,66.0,0.33,0.09,1.0,65.0,0.33,0.09,1.0,25.0,0.33,0.09,45.0,0.33,0.09,100.0,99.0,1.0,1.0,67.0,10.33,2.82,31.0,87.0,6.33,1.73,61.0,19.0,76.0,1.67,0.45,5.0,46.0,1.0,0.27,3.0,3.0,9.0,0.0,34.0,0.0,17.0,42.0,76.0,70.0,57.0,0.0,80.0,0.0,0.0,0.0,88.0,1.33,0.36,4.0,12.0,0.0,0.0,0.0,0.0,0.0,48.0,54.0,57.0,0.0,67.0,0.15,0.04,0.45,94.15,99.0,97.0,64.33,17.55,193.0,97.0,68.33,18.64,205.0,99.0,0.0,0.0,0.0,0.0,0.0,0.0,0.0,0.0,0.0,0.0,0.0,0.0,0.0,0.0,21.43,0.0,0.0,0.0,0.0,0.0,0.0,31,0.0,40.0,72.0,0.0,58.0,42.0,1.0,0.27,3.0,69.0,1.0,0.27,3.0,77.0,0.67,0.18,2.0,73.0,1.67,0.45,0.0,0.0,5.0,49.0,1.33,0.36,99.0,0.0,0.0,0.0,4.0,0.0,0.0,0.0,0.0,70.0,0.16,0.04,0.47,66.0,0.15,0.04,0.45,2026,0,0,0.0,0,0.0,0.0,0.0,2025-11-02 11:30:00,Domestic League,0,270,90,0,90,90,180,270,0,0,-1,13,-1,-1,0,2025/2026,2025,1
Italy_Serie_A_2025-2026,Matteo Darmian,Inter Milan,Defender,35,182,70,Italy,1,0,1,0,0,0,0.0,1970-01-08,0,0.0,0,0,0,0,1,0,1,6.92,eu,,41.0,0.0,0.0,0.0,3.0,0.0,0.0,0.0,0.0,4010000.0,76.0,64.0,0.0,0.99,0.0,35.0,0.0,0.0,0.0,0.0,0.0,31.0,30.0,1.0,3.0,0.0,0.0,0.0,0.0,0.0,41.0,98.0,6.92,0.17,1.0,6.0,13.0,99.0,0.0,0.0,0.0,99.0,0.0,0.0,0.0,99.0,6.92,0.17,20.0,0.0,0.0,0.0,20.0,0.0,1.0,21.0,6.92,0.17,1.0,1.0,0.0,0.0,0.0,0.0,6.0,0.0,0.0,0.0,2.0,0.0,0.0,0.0,0.0,0.0,1.0,51.0,0.0,17.0,42.0,76.0,70.0,57.0,0.0,80.0,0.0,0.0,0.0,15.0,0.0,0.0,0.0,12.0,0.0,0.0,0.0,0.0,0.0,30.0,0.0,57.0,0.0,11.0,0.0,0.0,0.0,100.0,99.0,1.0,6.92,0.17,1.0,0.0,6.92,0.17,1.0,99.0,0.0,0.0,0.0,0.0,0.0,0.0,0.0,0.0,0.0,0.0,0.0,0.0,0.0,0.0,5.92,0.0,0.0,0.0,0.0,0.0,0.0,36,0.0,0.0,25.0,0.0,58.0,99.0,13.85,0.33,2.0,12.0,0.0,0.0,0.0,25.0,0.0,0.0,0.0,10.0,0.0,0.0,0.0,0.0,0.0,7.0,0.0,0.0,99.0,0.0,0.0,0.0,0.0,0.0,0.0,0.0,0.0,0.0,0.0,0.0,0.0,11.0,0.0,0.0,0.0,2026,0,0,0.0,0,0.0,0.0,0.0,1970-01-01 00:00:00,Domestic League,0,0,13,0,13,13,0,13,0,0,-1,12,-1,-1,0,2025/2026,2025,0
Italy_Serie_A_2025-2026,Tiago Tomás Palacios,Inter Milan,Defender,22,195,80,Argentina,0,0,0,0,0,0,0.0,2003-04-28,0,0.0,0,0,0,0,0,0,0,0.0,eu,,,,,,,,,,,,,,,,,,,,,,,,,,,,,,,,,,,,,,,,,,,,,,,,,,,,,,,,,,,,,,,,,,,,,,,,,,,,,,,,,,,,,,,,,,,,,,,,,,,,,,,,,,,,,,,,,,,,,,,,,,,,,,,,,,,,,,,,,,,,,,,,,,,,,,,,,,,,,,,,,,,,,,,,,,,,,,,,,,,,,,,2026,0,0,0.0,0,0.0,0.0,0.0,1970-01-01 00:00:00,Domestic League,0,0,0,0,0,0,0,0,0,0,-1,-1,-1,-1,0,2025/2026,2025,0
Italy_Serie_A_2025-2026,Adam Masina,Torino,Defender,31,189,78,Morocco,2,0,2,1,0,1,0.82,1970-01-09,0,0.0,0,0,0,0,5,0,5,4.09,eu,,41.0,0.0,0.0,0.0,37.0,0.82,0.11,0.0,1.0,1600000.0,42.0,99.0,0.5,1.34,0.0,35.0,0.0,0.0,0.0,0.0,0.0,31.0,30.0,1.0,69.0,2.45,0.33,3.0,0.0,0.0,41.0,18.0,0.0,0.0,0.0,9.0,110.0,99.0,0.0,0.0,0.0,99.0,0.0,0.0,0.0,73.0,1.64,0.22,20.0,0.0,0.0,0.0,20.0,0.0,2.0,61.0,9.82,1.33,12.0,41.0,4.09,0.56,41.0,5.0,95.0,2.45,0.33,3.0,40.0,0.82,0.11,1.0,1.0,0.0,1.0,51.0,0.0,17.0,97.0,76.0,70.0,57.0,0.0,80.0,0.0,0.0,0.0,66.0,0.82,0.11,1.0,87.0,1.64,0.22,2.0,0.0,0.0,30.0,0.0,57.0,0.0,11.0,0.0,0.0,0.0,87.93,80.0,78.0,41.73,5.67,51.0,77.0,47.45,6.44,58.0,99.0,0.0,0.0,0.0,0.0,0.0,0.0,0.0,0.0,0.0,0.0,0.0,0.0,0.0,0.0,12.04,0.0,0.0,0.0,0.0,0.0,0.0,5,0.0,0.0,25.0,0.0,58.0,99.0,4.91,0.67,6.0,12.0,0.0,0.0,0.0,25.0,0.0,0.0,0.0,10.0,0.0,0.0,0.0,0.0,0.0,88.0,2.45,0.33,99.0,0.0,0.0,0.0,3.0,0.0,0.0,0.0,0.0,99.0,0.61,0.08,0.75,11.0,0.0,0.0,0.0,2026,0,0,0.82,0,0.0,0.0,0.0,2025-08-25 18:45:00,Domestic League,110,0,22,0,55,110,0,110,0,0,-1,6,-1,-1,0,2025/2026,2025,0
Italy_Serie_A_2025-2026,Emirhan İlkhan,Torino,Midfielder,21,175,0,Turkey,1,0,1,0,0,0,0.0,2004-06-01,0,0.0,0,0,0,0,3,0,3,4.66,eu,,41.0,0.0,0.0,0.0,3.0,0.0,0.0,0.0,0.0,440000.0,13.0,64.0,0.0,0.58,0.0,99.0,1.55,0.09,1.0,0.0,0.0,31.0,30.0,1.0,3.0,0.0,0.0,0.0,0.0,0.0,41.0,18.0,0.0,0.0,0.0,11.0,58.0,18.0,1.55,0.09,1.0,99.0,0.0,0.0,0.0,13.0,0.0,0.0,20.0,0.0,0.0,0.0,20.0,0.0,0.0,8.0,4.66,0.27,3.0,17.0,3.1,0.18,66.0,2.0,6.0,0.0,0.0,0.0,97.0,3.1,0.18,2.0,1.0,0.0,0.0,34.0,4.0,94.0,42.0,76.0,70.0,57.0,0.0,80.0,0.0,0.0,0.0,15.0,0.0,0.0,0.0,12.0,0.0,0.0,0.0,0.0,0.0,30.0,0.0,57.0,0.0,11.0,0.0,0.0,0.0,90.91,94.0,85.0,46.55,2.73,30.0,82.0,51.21,3.0,33.0,99.0,0.0,0.0,0.0,0.0,0.0,0.0,0.0,0.0,0.0,0.0,0.0,0.0,0.0,0.0,6.41,0.0,0.0,0.0,0.0,0.0,0.0,6,0.0,0.0,25.0,0.0,58.0,98.0,4.66,0.27,3.0,12.0,0.0,0.0,0.0,25.0,0.0,0.0,0.0,10.0,0.0,0.0,0.0,0.0,0.0,7.0,0.0,0.0,99.0,0.0,0.0,0.0,0.0,0.0,0.0,0.0,0.0,51.0,0.11,0.01,0.07,11.0,0.0,0.0,0.0,2026,0,0,0.0,0,0.0,0.0,0.0,2025-08-25 18:45:00,Domestic League,0,0,19,0,58,58,0,58,0,0,-1,17,-1,-1,0,2025/2026,2025,0
Italy_Serie_A_2025-2026,Nikola Vlašić,Torino,Midfielder,28,178,72,Croatia,6,5,11,0,0,0,0.0,1970-01-11,2,0.24,3,2,5,45,7,6,13,1.54,eu,,83.0,35.43,27.27,300.0,21.0,0.47,0.36,0.0,4.0,3200000.0,67.0,64.0,0.0,6.69,65.0,60.0,0.24,0.18,2.0,2.0,18.0,72.0,66.0,80.0,23.0,0.59,0.45,5.0,9.0,4285.71,92.0,51.0,0.83,0.64,7.0,11.0,762.0,4.0,2.24,1.73,19.0,26.0,0.83,0.64,7.0,66.0,1.42,1.09,76.0,0.83,0.64,58.0,76.0,7.0,12.0,57.0,9.57,7.36,81.0,37.0,3.9,3.0,40.0,33.0,41.0,1.06,0.82,9.0,50.0,1.06,0.82,9.0,10.0,83.0,1.0,51.0,1.0,46.0,42.0,76.0,70.0,57.0,0.0,87.0,0.12,0.09,1.0,24.0,0.24,0.18,2.0,80.0,1.42,1.09,12.0,0.0,87.0,66.0,10.0,57.0,66.0,47.0,0.08,0.06,0.69,85.02,67.0,47.0,26.81,20.64,227.0,42.0,31.54,24.27,267.0,99.0,0.0,0.0,0.0,0.0,0.0,0.0,0.0,0.0,0.0,0.0,0.0,0.0,0.0,0.0,73.64,0.0,0.0,0.0,0.0,0.0,0.0,10,0.0,33.33,61.0,0.0,58.0,78.0,1.54,1.18,13.0,58.0,0.71,0.55,6.0,58.0,0.35,0.27,3.0,57.0,1.06,0.82,0.0,0.0,9.0,60.0,1.54,1.18,99.0,0.0,0.0,0.0,13.0,0.0,0.0,0.0,0.0,44.0,0.1,0.08,0.86,46.0,0.08,0.06,0.69,2026,0,0,0.0,0,0.0,0.0,0.0,2025-11-08 17:00:00,Domestic League,0,381,59,0,69,409,352,761,0,0,-1,24,176,-1,0,2025/2026,2025,2
Italy_Serie_A_2025-2026,Giovanni Pablo Simeone,Torino,Forward,30,180,81,Argentina,6,5,11,0,0,0,0.0,1970-01-10,0,0.0,3,2,5,45,8,6,14,1.66,eu,,41.0,0.0,0.0,0.0,62.0,1.42,1.09,0.0,12.0,3940000.0,74.0,64.0,0.0,6.88,81.0,35.0,0.0,0.0,0.0,0.0,0.0,31.0,30.0,80.0,35.0,0.95,0.73,8.0,6.0,0.0,41.0,22.0,0.12,0.09,1.0,11.0,760.0,2.0,2.61,2.0,22.0,74.0,0.24,0.18,2.0,81.0,2.25,1.73,90.0,1.3,1.0,57.0,75.0,11.0,19.0,92.0,13.97,10.73,118.0,68.0,5.21,4.0,37.0,44.0,75.0,1.66,1.27,14.0,84.0,2.01,1.55,17.0,10.0,83.0,1.0,51.0,3.0,86.0,89.0,90.0,94.0,96.0,0.0,80.0,0.0,0.0,0.0,15.0,0.0,0.0,0.0,61.0,0.95,0.73,8.0,0.0,87.0,30.0,6.0,62.0,65.0,98.0,0.52,0.4,4.4,75.16,26.0,10.0,13.62,10.45,115.0,8.0,18.12,13.91,153.0,99.0,0.0,0.0,0.0,0.0,0.0,0.0,0.0,0.0,0.0,0.0,0.0,0.0,0.0,0.0,75.64,0.0,0.0,0.0,0.0,0.0,0.0,18,0.0,33.33,61.0,14.81,80.0,84.0,1.66,1.27,14.0,96.0,2.13,1.64,18.0,91.0,1.07,0.82,9.0,96.0,3.2,2.45,0.0,6.75,27.0,17.0,0.47,0.36,99.0,0.0,0.0,0.0,4.0,0.0,0.0,0.0,0.0,28.0,0.07,0.05,0.56,96.0,0.52,0.4,4.4,2026,2,2,0.47,4,0.44,0.51,0.47,2025-11-08 17:00:00,Domestic League,0,0,54,190,69,406,354,760,0,0,-1,1,14,-1,0,2025/2026,2025,0
Italy_Serie_A_2025-2026,Valentino Lando Lazaro,Torino,Defender,29,180,75,Austria,6,4,10,0,1,1,0.13,1970-01-10,1,0.13,3,1,4,40,9,5,14,1.78,eu,,95.0,54.46,39.0,429.0,5.0,0.13,0.09,0.0,1.0,2400000.0,60.0,76.0,0.1,6.05,42.0,62.0,0.25,0.18,2.0,1.0,10.0,52.0,46.0,64.0,75.0,2.92,2.09,23.0,3.0,1225.71,71.0,91.0,4.44,3.18,35.0,11.0,709.0,71.0,0.25,0.18,2.0,30.0,0.76,0.55,6.0,54.0,1.02,0.73,50.0,0.38,0.27,37.0,46.0,3.0,8.0,23.0,6.98,5.0,55.0,14.0,2.79,2.0,40.0,22.0,52.0,1.27,0.91,10.0,10.0,0.25,0.18,2.0,8.0,63.0,2.0,66.0,1.0,46.0,55.0,76.0,70.0,57.0,0.0,80.0,0.0,0.0,0.0,44.0,0.51,0.36,4.0,70.0,1.14,0.82,9.0,0.0,65.0,86.0,3.0,57.0,59.0,15.0,0.01,0.0,0.05,84.05,62.0,50.0,27.42,19.64,216.0,45.0,32.62,23.36,257.0,99.0,0.0,0.0,0.0,0.0,0.0,0.0,0.0,0.0,0.0,0.0,0.0,0.0,0.0,0.0,66.5,0.0,0.0,0.0,0.0,0.0,0.0,20,0.0,0.0,25.0,0.0,58.0,89.0,1.78,1.27,14.0,16.0,0.13,0.09,1.0,25.0,0.0,0.0,0.0,12.0,0.13,0.09,0.0,0.0,1.0,79.0,2.03,1.45,99.0,0.0,0.0,0.0,16.0,0.0,0.0,0.0,0.0,73.0,0.17,0.12,1.36,15.0,0.01,0.0,0.05,2026,0,0,0.13,0,0.0,0.0,0.0,2025-11-08 17:00:00,Domestic League,709,709,51,0,71,502,207,709,0,0,-1,23,182,130,0,2025/2026,2025,1
Italy_Serie_A_2025-2026,Cesare Casadei,Torino,Midfielder,22,185,0,Italy,6,5,11,0,0,0,0.0,2003-01-10,3,0.29,3,2,5,45,9,3,12,1.18,eu,,41.0,0.0,0.0,0.0,98.0,4.61,4.27,0.0,47.0,3470000.0,69.0,64.0,0.0,6.65,62.0,52.0,0.2,0.18,2.0,3.0,27.0,90.0,77.0,80.0,49.0,1.27,1.18,13.0,37.0,0.0,41.0,18.0,0.0,0.0,0.0,11.0,918.0,35.0,0.98,0.91,10.0,36.0,0.69,0.64,7.0,51.0,0.98,0.91,65.0,0.59,0.55,60.0,80.0,6.0,10.0,88.0,12.75,11.82,130.0,91.0,6.96,6.45,54.0,71.0,93.0,2.35,2.18,24.0,32.0,0.69,0.64,7.0,10.0,83.0,1.0,51.0,4.0,94.0,42.0,76.0,70.0,57.0,0.0,80.0,0.0,0.0,0.0,42.0,0.49,0.45,5.0,50.0,0.78,0.73,8.0,0.0,87.0,53.0,39.0,57.0,84.0,54.0,0.1,0.09,0.99,78.59,38.0,50.0,27.35,25.36,279.0,51.0,34.8,32.27,355.0,9.0,0.1,0.09,1.0,0.0,0.0,0.0,0.0,0.0,0.0,0.0,0.0,0.0,0.0,0.0,73.19,0.0,0.0,0.0,0.0,0.0,0.0,22,0.0,42.86,75.0,0.0,58.0,64.0,1.27,1.18,13.0,61.0,0.78,0.73,8.0,73.0,0.59,0.55,6.0,67.0,1.37,1.27,0.0,0.0,14.0,37.0,1.08,1.0,99.0,0.0,0.0,0.0,11.0,0.0,0.0,0.0,0.0,38.0,0.09,0.08,0.93,53.0,0.1,0.09,0.99,2026,0,0,0.0,0,0.0,0.0,0.0,2025-11-08 17:00:00,Domestic League,0,306,77,0,84,515,404,919,0,0,-1,22,184,-1,0,2025/2026,2025,3
Italy_Serie_A_2025-2026,Saúl Basilio Coco-Bassey Oubiña,Torino,Defender,26,0,0,Equatorial Guinea,6,5,11,1,0,1,0.09,1970-01-11,0,0.0,3,2,5,45,9,6,15,1.36,eu,,47.0,9.09,9.09,100.0,78.0,2.09,2.09,0.0,23.0,2090000.0,54.0,67.0,0.09,7.04,91.0,97.0,1.09,1.09,12.0,0.0,0.0,31.0,30.0,80.0,93.0,5.55,5.55,61.0,20.0,9999.99,99.0,20.0,0.09,0.09,1.0,11.0,990.0,64.0,0.36,0.36,4.0,64.0,0.36,0.36,4.0,13.0,0.0,0.0,20.0,0.0,0.0,0.0,20.0,0.0,0.0,49.0,8.91,8.91,98.0,70.0,5.27,5.27,59.0,58.0,43.0,1.09,1.09,12.0,61.0,1.27,1.27,14.0,11.0,96.0,0.0,34.0,0.0,17.0,62.0,77.0,70.0,59.0,0.0,80.0,0.0,0.0,0.0,87.0,1.27,1.27,14.0,25.0,0.27,0.27,3.0,0.0,87.0,30.0,20.0,99.0,93.0,54.0,0.1,0.1,1.1,89.16,88.0,70.0,36.64,36.64,403.0,64.0,41.09,41.09,452.0,9.0,0.09,0.09,1.0,0.0,0.0,0.0,1.0,0.0,0.0,0.0,0.0,0.0,0.0,0.0,77.39,0.0,0.0,0.0,0.0,0.0,0.0,23,0.0,28.57,49.0,14.29,80.0,74.0,1.45,1.45,16.0,40.0,0.45,0.45,5.0,39.0,0.18,0.18,2.0,39.0,0.64,0.64,0.0,7.0,7.0,76.0,1.91,1.91,99.0,0.0,0.0,0.0,21.0,0.0,0.0,0.0,0.0,63.0,0.14,0.14,1.51,53.0,0.1,0.1,1.1,2026,1,0,0.18,1,0.17,0.0,0.09,2025-11-08 17:00:00,Domestic League,990,0,66,990,90,540,450,990,0,0,-1,4,137,106,0,2025/2026,2025,0
Italy_Serie_A_2025-2026,Cyril Ngonge,Torino,Forward,25,177,0,Belgium,6,4,10,1,0,1,0.14,1970-01-12,1,0.14,3,2,5,50,9,0,9,1.27,eu,,75.0,25.73,16.64,183.0,50.0,1.12,0.73,0.0,8.0,1920000.0,50.0,79.0,0.1,6.2,49.0,35.0,0.0,0.0,0.0,1.0,10.0,52.0,48.0,90.0,28.0,0.7,0.45,5.0,27.0,2033.33,81.0,62.0,1.27,0.82,9.0,11.0,640.0,18.0,1.55,1.0,11.0,57.0,0.42,0.27,3.0,85.0,2.53,1.64,92.0,1.55,1.0,61.0,80.0,11.0,18.0,72.0,10.69,6.91,76.0,56.0,4.78,3.09,44.0,34.0,81.0,1.83,1.18,13.0,65.0,1.41,0.91,10.0,7.0,54.0,3.0,78.0,3.0,86.0,76.0,80.0,70.0,70.0,0.0,80.0,0.0,0.0,0.0,28.0,0.28,0.18,2.0,76.0,1.27,0.82,9.0,0.0,65.0,83.0,28.0,87.0,50.0,83.0,0.29,0.19,2.07,71.17,17.0,17.0,16.31,10.55,116.0,18.0,22.92,14.82,163.0,99.0,0.0,0.0,0.0,0.0,0.0,0.0,0.0,0.0,0.0,0.0,0.0,0.0,0.0,0.0,68.21,0.0,0.0,0.0,0.0,0.0,0.0,26,0.0,50.0,89.0,6.25,62.0,70.0,1.41,0.91,10.0,75.0,1.12,0.73,8.0,93.0,1.12,0.73,8.0,85.0,2.25,1.45,0.0,16.0,16.0,23.0,0.7,0.45,99.0,0.0,0.0,0.0,5.0,0.0,0.0,0.0,0.0,73.0,0.17,0.11,1.19,81.0,0.29,0.19,2.07,2026,1,0,0.28,1,0.2,0.0,0.14,2025-11-08 17:00:00,Domestic League,639,639,71,639,64,456,183,639,0,0,-1,5,99,-1,0,2025/2026,2025,1
Italy_Serie_A_2025-2026,Cristiano Biraghi,Torino,Defender,33,185,78,Italy,3,5,8,0,0,0,0.0,1970-01-09,0,0.0,1,2,3,38,6,4,10,1.97,eu,,92.0,47.36,21.91,241.0,28.0,0.59,0.27,0.0,3.0,3940000.0,74.0,64.0,0.0,4.8,15.0,35.0,0.0,0.0,0.0,0.0,0.0,31.0,30.0,57.0,69.0,2.36,1.09,12.0,1.0,708.82,55.0,98.0,6.68,3.09,34.0,11.0,458.0,99.0,0.0,0.0,0.0,28.0,0.79,0.36,4.0,28.0,0.39,0.18,33.0,0.2,0.09,50.0,69.0,1.0,2.0,17.0,6.48,3.0,33.0,33.0,3.73,1.73,57.0,19.0,59.0,1.38,0.64,7.0,56.0,1.18,0.55,6.0,5.0,32.0,3.0,78.0,2.0,69.0,42.0,76.0,70.0,57.0,0.0,80.0,0.0,0.0,0.0,37.0,0.39,0.18,2.0,86.0,1.57,0.73,8.0,0.0,30.0,30.0,1.0,57.0,28.0,22.0,0.02,0.01,0.11,79.05,39.0,37.0,22.99,10.64,117.0,35.0,29.08,13.45,148.0,99.0,0.0,0.0,0.0,0.0,0.0,0.0,0.0,0.0,0.0,0.0,0.0,0.0,0.0,0.0,52.75,0.0,0.0,0.0,0.0,0.0,0.0,34,0.0,0.0,25.0,0.0,58.0,91.0,1.97,0.91,10.0,33.0,0.39,0.18,2.0,25.0,0.0,0.0,0.0,24.0,0.39,0.18,0.0,0.0,2.0,68.0,1.77,0.82,99.0,0.0,0.0,0.0,9.0,0.0,0.0,0.0,0.0,44.0,0.1,0.05,0.53,22.0,0.02,0.01,0.11,2026,0,0,0.0,0,0.0,0.0,0.0,2025-10-26 11:30:00,Domestic League,0,0,46,0,57,200,258,458,0,0,-1,21,166,133,0,2025/2026,2025,0
Italy_Serie_A_2025-2026,Gvidas Gineitis,Torino,Midfielder,21,187,61,Lithuania,3,4,7,0,0,0,0.0,2004-04-15,0,0.0,1,2,3,43,5,0,5,1.97,eu,,87.0,39.3,9.09,100.0,52.0,1.18,0.27,0.0,3.0,1850000.0,48.0,64.0,0.0,4.12,7.0,91.0,0.79,0.18,2.0,0.0,0.0,31.0,30.0,66.0,55.0,1.57,0.36,4.0,1.0,1111.11,68.0,85.0,3.54,0.82,9.0,11.0,229.0,99.0,0.0,0.0,0.0,28.0,0.79,0.18,2.0,83.0,2.36,0.55,97.0,1.97,0.45,83.0,94.0,5.0,6.0,88.0,12.97,3.0,33.0,94.0,7.47,1.73,57.0,19.0,98.0,3.14,0.73,8.0,90.0,2.36,0.55,6.0,2.0,4.0,5.0,90.0,2.0,69.0,42.0,76.0,70.0,57.0,0.0,80.0,0.0,0.0,0.0,64.0,0.79,0.18,2.0,32.0,0.39,0.09,1.0,0.0,18.0,30.0,1.0,57.0,0.0,22.0,0.02,0.0,0.04,69.12,13.0,24.0,18.47,4.27,47.0,28.0,26.72,6.18,68.0,99.0,0.0,0.0,0.0,0.0,0.0,0.0,0.0,0.0,0.0,0.0,0.0,0.0,0.0,0.0,45.31,0.0,0.0,0.0,0.0,0.0,0.0,66,0.0,0.0,25.0,0.0,58.0,92.0,2.36,0.55,6.0,33.0,0.39,0.09,1.0,25.0,0.0,0.0,0.0,24.0,0.39,0.09,0.0,0.0,1.0,77.0,1.97,0.45,99.0,0.0,0.0,0.0,5.0,0.0,0.0,0.0,0.0,12.0,0.05,0.01,0.12,22.0,0.02,0.0,0.04,2026,0,0,0.0,0,0.0,0.0,0.0,2025-10-29 19:45:00,Domestic League,0,0,46,0,33,159,70,229,0,0,-1,20,-1,-1,0,2025/2026,2025,0
Italy_Serie_A_2025-2026,Franco Israel Wibmer,Torino,Goalkeeper,25,186,76,Uruguay,4,3,7,0,0,0,0.0,1970-01-12,1,0.14,1,2,3,43,9,3,12,1.71,eu,,41.0,0.0,0.0,0.0,19.0,0.43,0.43,0.0,3.0,1850000.0,48.0,64.0,0.0,6.73,70.0,35.0,0.0,0.0,0.0,1.0,14.0,63.0,48.0,66.0,50.0,1.29,1.29,9.0,5.0,0.0,41.0,18.0,0.0,0.0,0.0,7.0,630.0,99.0,0.0,0.0,0.0,99.0,0.0,0.0,0.0,13.0,0.0,0.0,20.0,0.0,0.0,0.0,20.0,0.0,0.0,7.0,1.0,1.0,7.0,7.0,0.86,0.86,85.0,6.0,6.0,0.0,0.0,0.0,20.0,0.43,0.43,3.0,7.0,54.0,0.0,34.0,0.0,17.0,42.0,76.0,70.0,57.0,0.0,80.0,0.0,0.0,0.0,15.0,0.0,0.0,0.0,12.0,0.0,0.0,0.0,0.0,18.0,83.0,5.0,57.0,50.0,11.0,0.0,0.0,0.0,58.3,3.0,28.0,19.57,19.57,137.0,48.0,33.57,33.57,235.0,99.0,0.0,0.0,0.0,0.0,0.0,0.0,0.0,0.0,0.0,0.0,81.0,0.71,0.71,5.0,47.12,61.76,20.0,68.0,3.0,3.0,21.0,81,0.0,0.0,25.0,0.0,58.0,99.0,4.86,4.86,34.0,12.0,0.0,0.0,0.0,25.0,0.0,0.0,0.0,10.0,0.0,0.0,0.0,0.0,0.0,7.0,0.0,0.0,99.0,0.0,0.0,0.0,0.0,0.0,0.0,0.0,0.0,12.0,0.05,0.05,0.32,11.0,0.0,0.0,0.0,2026,0,0,0.0,0,0.0,0.0,0.0,2025-10-18 16:00:00,Domestic League,0,630,53,0,90,360,270,630,0,0,-1,19,186,127,0,2025/2026,2025,1
Italy_Serie_A_2025-2026,Alberto Andrea Paleari,Torino,Goalkeeper,33,193,88,Italy,2,2,4,0,0,0,0.0,1970-01-09,0,0.0,2,0,2,50,0,3,3,0.75,eu,,41.0,0.0,0.0,0.0,3.0,0.0,0.0,0.0,0.0,700000.0,17.0,64.0,0.0,2.57,1.0,35.0,0.0,0.0,0.0,0.0,0.0,31.0,30.0,90.0,54.0,1.5,0.55,6.0,74.0,0.0,41.0,18.0,0.0,0.0,0.0,11.0,360.0,99.0,0.0,0.0,0.0,99.0,0.0,0.0,0.0,13.0,0.0,0.0,20.0,0.0,0.0,0.0,20.0,0.0,0.0,2.0,0.25,0.09,1.0,1.0,0.0,0.0,0.0,0.0,6.0,0.0,0.0,0.0,2.0,0.0,0.0,0.0,4.0,22.0,0.0,34.0,0.0,17.0,42.0,76.0,70.0,57.0,0.0,80.0,0.0,0.0,0.0,15.0,0.0,0.0,0.0,12.0,0.0,0.0,0.0,0.0,2.0,30.0,74.0,57.0,14.0,11.0,0.0,0.0,0.0,57.94,2.0,23.0,18.25,6.64,73.0,41.0,31.5,11.45,126.0,99.0,0.0,0.0,0.0,0.0,0.0,0.0,0.0,0.0,0.0,0.0,99.0,1.0,0.36,4.0,28.27,78.57,84.0,52.0,2.75,1.0,11.0,1,0.0,0.0,25.0,0.0,58.0,94.0,3.5,1.27,14.0,12.0,0.0,0.0,0.0,25.0,0.0,0.0,0.0,10.0,0.0,0.0,0.0,0.0,0.0,7.0,0.0,0.0,99.0,0.0,0.0,0.0,0.0,0.0,0.0,0.0,0.0,7.0,0.04,0.01,0.15,11.0,0.0,0.0,0.0,2026,0,0,0.0,0,0.0,0.0,0.0,2025-11-08 17:00:00,Domestic League,0,0,120,0,90,180,180,360,0,0,-1,18,185,36,0,2025/2026,2025,0
Italy_Serie_A_2025-2026,Zakaria Aboukhlal,Torino,Forward,25,179,73,Netherlands,3,2,5,0,0,0,0.0,1970-01-12,1,0.77,1,1,2,40,2,3,5,3.85,eu,,98.0,73.77,12.5,100.0,34.0,0.74,0.12,0.0,1.0,2550000.0,61.0,64.0,0.0,4.12,7.0,35.0,0.0,0.0,0.0,1.0,20.0,79.0,99.0,64.0,3.0,0.0,0.0,0.0,0.0,5000.0,94.0,65.0,1.48,0.25,2.0,8.0,122.0,43.0,0.74,0.12,1.0,31.0,0.74,0.12,1.0,98.0,4.43,0.75,91.0,1.48,0.25,33.0,42.0,2.0,6.0,99.0,19.18,3.25,26.0,99.0,9.59,1.62,50.0,13.0,91.0,2.21,0.38,3.0,95.0,2.95,0.5,4.0,1.0,0.0,4.0,86.0,2.0,69.0,42.0,76.0,70.0,57.0,0.0,80.0,0.0,0.0,0.0,15.0,0.0,0.0,0.0,12.0,0.0,0.0,0.0,0.0,4.0,31.0,0.0,57.0,0.0,74.0,0.2,0.03,0.27,68.18,11.0,4.0,11.07,1.88,15.0,4.0,16.23,2.75,22.0,99.0,0.0,0.0,0.0,0.0,0.0,0.0,0.0,0.0,0.0,0.0,0.0,0.0,0.0,0.0,32.98,0.0,0.0,0.0,0.0,0.0,0.0,7,0.0,100.0,99.0,0.0,58.0,95.0,3.69,0.62,5.0,12.0,0.0,0.0,0.0,98.0,1.48,0.25,2.0,69.0,1.48,0.25,0.0,0.0,2.0,99.0,4.43,0.75,99.0,0.0,0.0,0.0,6.0,0.0,0.0,0.0,0.0,3.0,0.03,0.01,0.04,72.0,0.2,0.03,0.27,2026,0,0,0.0,0,0.0,0.0,0.0,2025-09-21 13:00:00,Domestic League,0,117,23,0,23,62,55,117,0,0,-1,15,-1,-1,0,2025/2026,2025,1
Italy_Serie_A_2025-2026,Ivan Ilić,Torino,Midfielder,24,182,77,Serbia,3,3,6,0,0,0,0.0,1970-01-12,1,0.25,3,1,4,67,0,5,5,1.24,eu,,75.0,24.86,10.0,100.0,11.0,0.25,0.1,0.0,1.0,1920000.0,50.0,64.0,0.0,3.94,6.0,35.0,0.0,0.0,0.0,1.0,17.0,67.0,70.0,99.0,46.0,1.24,0.5,5.0,30.0,9999.99,99.0,30.0,0.25,0.1,1.0,10.0,362.0,9.0,1.99,0.8,8.0,50.0,0.5,0.2,2.0,43.0,0.75,0.3,62.0,0.5,0.2,66.0,86.0,2.0,3.0,50.0,8.95,3.6,36.0,16.0,2.98,1.2,33.0,12.0,84.0,1.99,0.8,8.0,37.0,0.75,0.3,3.0,5.0,32.0,1.0,51.0,3.0,86.0,42.0,76.0,70.0,57.0,0.0,80.0,0.0,0.0,0.0,86.0,1.24,0.5,5.0,84.0,1.49,0.6,6.0,0.0,9.0,63.0,30.0,57.0,14.0,11.0,0.0,0.0,0.0,82.95,56.0,69.0,36.3,14.6,146.0,70.0,43.76,17.6,176.0,99.0,0.0,0.0,0.0,0.0,0.0,0.0,0.0,0.0,0.0,0.0,0.0,0.0,0.0,0.0,39.43,0.0,0.0,0.0,0.0,0.0,0.0,8,0.0,0.0,25.0,0.0,58.0,60.0,1.24,0.5,5.0,12.0,0.0,0.0,0.0,25.0,0.0,0.0,0.0,10.0,0.0,0.0,0.0,0.0,0.0,57.0,1.49,0.6,99.0,0.0,0.0,0.0,6.0,0.0,0.0,0.0,0.0,51.0,0.11,0.05,0.46,11.0,0.0,0.0,0.0,2026,0,0,0.0,0,0.0,0.0,0.0,2025-11-08 17:00:00,Domestic League,0,362,72,0,60,150,212,362,0,0,-1,16,183,-1,0,2025/2026,2025,1
Italy_Serie_A_2025-2026,Guillermo Alfonso Maripán Loaysa,Torino,Defender,31,190,84,Chile,5,5,10,0,0,0,0.0,1970-01-09,1,0.11,3,2,5,50,4,6,10,1.08,eu,,49.0,10.8,9.09,100.0,85.0,2.48,2.09,0.0,23.0,3940000.0,74.0,64.0,0.0,6.32,54.0,99.0,1.4,1.18,13.0,1.0,10.0,52.0,42.0,90.0,98.0,6.59,5.55,61.0,46.0,9999.99,99.0,20.0,0.11,0.09,1.0,11.0,833.0,54.0,0.54,0.45,5.0,30.0,0.76,0.64,7.0,17.0,0.11,0.09,25.0,0.11,0.09,100.0,99.0,1.0,1.0,49.0,8.86,7.45,82.0,43.0,4.21,3.55,47.0,39.0,33.0,0.97,0.82,9.0,3.0,0.11,0.09,1.0,10.0,83.0,0.0,34.0,2.0,69.0,50.0,76.0,78.0,65.0,0.0,80.0,0.0,0.0,0.0,92.0,1.51,1.27,14.0,21.0,0.22,0.18,2.0,0.0,65.0,91.0,45.0,95.0,73.0,67.0,0.15,0.13,1.4,86.59,74.0,63.0,33.49,28.18,310.0,59.0,38.68,32.55,358.0,99.0,0.0,0.0,0.0,0.0,0.0,0.0,0.0,0.0,0.0,0.0,0.0,0.0,0.0,0.0,69.48,0.0,0.0,0.0,0.0,0.0,0.0,13,0.0,55.56,92.0,11.11,73.0,56.0,1.19,1.0,11.0,37.0,0.43,0.36,4.0,71.0,0.54,0.45,5.0,54.0,0.97,0.82,0.0,9.0,9.0,63.0,1.62,1.36,99.0,0.0,0.0,0.0,15.0,0.0,0.0,0.0,0.0,28.0,0.07,0.06,0.67,66.0,0.15,0.13,1.4,2026,0,1,0.11,1,0.0,0.23,0.11,2025-11-08 17:00:00,Domestic League,0,833,83,833,83,450,383,833,0,0,-1,3,119,73,0,2025/2026,2025,1
Italy_Serie_A_2025-2026,Faustino Anjorin,Torino,Defender,24,0,0,England,3,1,4,0,0,0,0.0,2001-11-23,0,0.0,2,0,2,50,0,0,0,0.0,eu,,41.0,0.0,0.0,0.0,84.0,2.43,0.14,0.0,1.0,0.0,8.0,64.0,0.0,3.76,5.0,35.0,0.0,0.0,0.0,0.0,0.0,31.0,30.0,90.0,69.0,2.43,0.14,1.0,99.0,0.0,41.0,18.0,0.0,0.0,0.0,7.0,37.0,2.0,2.43,0.14,1.0,99.0,0.0,0.0,0.0,99.0,4.86,0.29,99.0,4.86,0.29,100.0,99.0,2.0,2.0,96.0,17.03,1.0,7.0,99.0,9.73,0.57,57.0,4.0,94.0,2.43,0.14,1.0,91.0,2.43,0.14,1.0,0.0,0.0,4.0,86.0,0.0,17.0,42.0,76.0,70.0,57.0,0.0,80.0,0.0,0.0,0.0,99.0,4.86,0.29,2.0,12.0,0.0,0.0,0.0,0.0,2.0,30.0,0.0,57.0,0.0,54.0,0.1,0.01,0.04,70.59,14.0,56.0,29.19,1.71,12.0,65.0,41.35,2.43,17.0,99.0,0.0,0.0,0.0,0.0,0.0,0.0,0.0,0.0,0.0,0.0,0.0,0.0,0.0,0.0,26.3,0.0,0.0,0.0,0.0,0.0,0.0,14,0.0,0.0,25.0,0.0,58.0,0.0,0.0,0.0,0.0,97.0,2.43,0.14,1.0,25.0,0.0,0.0,0.0,87.0,2.43,0.14,0.0,0.0,1.0,7.0,0.0,0.0,99.0,0.0,0.0,0.0,0.0,0.0,0.0,0.0,0.0,12.0,0.05,0.0,0.02,53.0,0.1,0.01,0.04,2026,0,0,0.0,0,0.0,0.0,0.0,1970-01-01 00:00:00,Domestic League,0,0,0,0,9,28,9,37,0,0,-1,14,-1,-1,0,2025/2026,2025,0
Italy_Serie_A_2025-2026,Marcus Holmgren Pedersen,Torino,Defender,25,178,76,Norway,4,4,8,0,0,0,0.0,1970-01-12,1,0.14,2,2,4,50,2,3,5,0.72,eu,,79.0,30.81,19.55,215.0,19.0,0.43,0.27,0.0,3.0,1620000.0,43.0,64.0,0.0,4.78,14.0,45.0,0.14,0.09,1.0,1.0,12.0,60.0,48.0,90.0,50.0,1.29,0.82,9.0,76.0,614.29,52.0,94.0,5.02,3.18,35.0,11.0,628.0,21.0,1.43,0.91,10.0,10.0,1.15,0.73,8.0,62.0,1.29,0.82,82.0,1.0,0.64,77.0,92.0,7.0,9.0,26.0,7.17,4.55,50.0,12.0,2.58,1.64,36.0,18.0,37.0,1.0,0.64,7.0,5.0,0.14,0.09,1.0,7.0,54.0,1.0,51.0,1.0,46.0,42.0,76.0,70.0,57.0,0.0,80.0,0.0,0.0,0.0,29.0,0.29,0.18,2.0,65.0,1.0,0.64,7.0,0.0,30.0,83.0,76.0,57.0,49.0,33.0,0.04,0.02,0.27,75.71,28.0,26.0,19.2,12.18,134.0,26.0,25.37,16.09,177.0,99.0,0.0,0.0,0.0,0.0,0.0,0.0,0.0,0.0,0.0,0.0,0.0,0.0,0.0,0.0,52.62,0.0,0.0,0.0,0.0,0.0,0.0,16,0.0,33.33,61.0,0.0,58.0,19.0,0.72,0.45,5.0,28.0,0.29,0.18,2.0,34.0,0.14,0.09,1.0,26.0,0.43,0.27,0.0,0.0,3.0,34.0,1.0,0.64,99.0,0.0,0.0,0.0,7.0,0.0,0.0,0.0,0.0,32.0,0.08,0.05,0.56,32.0,0.04,0.02,0.27,2026,0,0,0.0,0,0.0,0.0,0.0,2025-11-08 17:00:00,Domestic League,0,628,126,0,79,268,360,628,0,0,-1,13,181,30,0,2025/2026,2025,1
Italy_Serie_A_2025-2026,Ché Zach Everton Fred Adams,Torino,Forward,29,175,70,Scotland,6,5,11,0,0,0,0.0,1970-01-10,0,0.0,3,2,5,45,1,3,4,0.75,eu,,41.0,0.0,0.0,0.0,60.0,1.31,0.64,0.0,7.0,0.0,8.0,64.0,0.0,6.77,72.0,35.0,0.0,0.0,0.0,0.0,0.0,31.0,30.0,80.0,21.0,0.56,0.27,3.0,74.0,0.0,41.0,54.0,0.94,0.45,5.0,11.0,481.0,36.0,0.94,0.45,5.0,62.0,0.37,0.18,2.0,84.0,2.43,1.18,90.0,1.31,0.64,53.0,71.0,7.0,13.0,56.0,9.54,4.64,51.0,42.0,4.12,2.0,43.0,22.0,14.0,0.56,0.27,3.0,54.0,1.12,0.55,6.0,4.0,22.0,7.0,98.0,2.0,69.0,82.0,92.0,83.0,91.0,0.0,99.0,0.37,0.18,2.0,21.0,0.19,0.09,1.0,40.0,0.56,0.27,3.0,0.0,87.0,30.0,74.0,66.0,31.0,96.0,0.46,0.22,2.46,76.67,30.0,19.0,17.21,8.36,92.0,17.0,22.45,10.91,120.0,99.0,0.0,0.0,0.0,0.0,0.0,0.0,0.0,0.0,0.0,0.0,0.0,0.0,0.0,0.0,74.49,0.0,0.0,0.0,0.0,0.0,0.0,19,0.0,35.29,63.0,11.76,74.0,37.0,0.94,0.45,5.0,95.0,2.06,1.0,11.0,93.0,1.12,0.55,6.0,95.0,3.18,1.55,0.0,8.5,17.0,20.0,0.56,0.27,99.0,0.0,0.0,0.0,3.0,0.0,0.0,0.0,0.0,20.0,0.06,0.03,0.33,94.0,0.46,0.22,2.46,2026,1,1,0.37,2,0.48,0.31,0.37,2025-11-02 14:00:00,Domestic League,0,0,120,241,44,186,295,481,0,0,-1,2,33,-1,0,2025/2026,2025,0
Italy_Serie_A_2025-2026,Ali Dembélé,Torino,Midfielder,21,185,69,France,1,0,1,0,0,0,0.0,2004-01-05,0,0.0,0,0,0,0,0,0,0,0.0,eu,,41.0,0.0,0.0,0.0,99.0,7.5,0.09,0.0,1.0,700000.0,17.0,64.0,0.0,0.57,0.0,35.0,0.0,0.0,0.0,0.0,0.0,31.0,30.0,1.0,99.0,7.5,0.09,1.0,99.0,0.0,41.0,18.0,0.0,0.0,0.0,11.0,12.0,99.0,0.0,0.0,0.0,99.0,0.0,0.0,0.0,99.0,7.5,0.09,20.0,0.0,0.0,0.0,20.0,0.0,1.0,92.0,15.0,0.18,2.0,94.0,7.5,0.09,50.0,1.0,6.0,0.0,0.0,0.0,2.0,0.0,0.0,0.0,0.0,0.0,1.0,51.0,0.0,17.0,42.0,76.0,70.0,57.0,0.0,80.0,0.0,0.0,0.0,15.0,0.0,0.0,0.0,12.0,0.0,0.0,0.0,0.0,0.0,30.0,0.0,57.0,0.0,95.0,0.45,0.01,0.06,66.67,9.0,14.0,15.0,0.18,2.0,17.0,22.5,0.27,3.0,99.0,0.0,0.0,0.0,0.0,0.0,0.0,0.0,0.0,0.0,0.0,0.0,0.0,0.0,0.0,6.24,0.0,0.0,0.0,0.0,0.0,0.0,21,0.0,0.0,25.0,0.0,58.0,99.0,7.5,0.09,1.0,99.0,7.5,0.09,1.0,25.0,0.0,0.0,0.0,99.0,7.5,0.09,0.0,0.0,1.0,7.0,0.0,0.0,99.0,0.0,0.0,0.0,0.0,0.0,0.0,0.0,0.0,0.0,0.0,0.0,0.0,93.0,0.45,0.01,0.06,2026,0,0,0.0,0,0.0,0.0,0.0,1970-01-01 00:00:00,Domestic League,0,0,0,0,12,12,0,12,0,0,-1,12,-1,-1,0,2025/2026,2025,0
Italy_Serie_A_2025-2026,Adrien Fidele Tamèze Aoutsa,Torino,Midfielder,31,180,78,France,6,5,11,0,0,0,0.0,1970-01-09,1,0.2,3,2,5,45,5,1,6,1.21,eu,,41.0,0.0,0.0,0.0,69.0,1.61,0.73,0.0,8.0,1600000.0,42.0,64.0,0.0,5.89,36.0,52.0,0.2,0.09,1.0,1.0,9.0,45.0,60.0,80.0,79.0,3.43,1.55,17.0,31.0,0.0,41.0,59.0,1.21,0.55,6.0,11.0,446.0,75.0,0.2,0.09,1.0,59.0,0.4,0.18,2.0,29.0,0.4,0.18,20.0,0.0,0.0,0.0,20.0,0.0,2.0,27.0,7.26,3.27,36.0,29.0,3.63,1.64,50.0,18.0,38.0,1.01,0.45,5.0,47.0,1.01,0.45,5.0,4.0,22.0,7.0,98.0,3.0,86.0,42.0,76.0,70.0,57.0,0.0,80.0,0.0,0.0,0.0,98.0,1.82,0.82,9.0,32.0,0.4,0.18,2.0,0.0,87.0,71.0,31.0,57.0,25.0,11.0,0.0,0.0,0.0,81.68,51.0,62.0,33.3,15.0,165.0,64.0,40.76,18.36,202.0,99.0,0.0,0.0,0.0,0.0,0.0,0.0,0.0,0.0,0.0,0.0,0.0,0.0,0.0,0.0,64.79,0.0,0.0,0.0,0.0,0.0,0.0,61,0.0,0.0,25.0,0.0,58.0,58.0,1.21,0.55,6.0,12.0,0.0,0.0,0.0,25.0,0.0,0.0,0.0,10.0,0.0,0.0,0.0,0.0,0.0,35.0,1.01,0.45,99.0,0.0,0.0,0.0,5.0,0.0,0.0,0.0,0.0,38.0,0.09,0.04,0.44,11.0,0.0,0.0,0.0,2026,0,0,0.0,0,0.0,0.0,0.0,2025-10-29 19:45:00,Domestic League,0,446,74,0,41,190,256,446,0,0,-1,11,180,-1,0,2025/2026,2025,1
Italy_Serie_A_2025-2026,Mihai Popa,Torino,Goalkeeper,25,0,0,Romania,0,0,0,0,0,0,0.0,1970-01-12,0,0.0,0,0,0,0,0,0,0,0.0,eu,,,,,,,,,,,,,,,,,,,,,,,,,,,,,,,,,,,,,,,,,,,,,,,,,,,,,,,,,,,,,,,,,,,,,,,,,,,,,,,,,,,,,,,,,,,,,,,,,,,,,,,,,,,,,,,,,,,,,,,,,,,,,,,,,,,,,,,,,,,,,,,,,,,,,,,,,,,,,,,,,,,,,,,,,,,,,,,,,,,,,,,2026,0,0,0.0,0,0.0,0.0,0.0,1970-01-01 00:00:00,Domestic League,0,0,0,0,0,0,0,0,0,0,-1,-1,-1,-1,0,2025/2026,2025,0
Italy_Serie_A_2025-2026,Côme Bianay Balcot,Torino,Midfielder,20,0,0,France,0,0,0,0,0,0,0.0,2005-05-13,0,0.0,0,0,0,0,0,0,0,0.0,eu,,,,,,,,,,,,,,,,,,,,,,,,,,,,,,,,,,,,,,,,,,,,,,,,,,,,,,,,,,,,,,,,,,,,,,,,,,,,,,,,,,,,,,,,,,,,,,,,,,,,,,,,,,,,,,,,,,,,,,,,,,,,,,,,,,,,,,,,,,,,,,,,,,,,,,,,,,,,,,,,,,,,,,,,,,,,,,,,,,,,,,,2026,0,0,0.0,0,0.0,0.0,0.0,1970-01-01 00:00:00,Domestic League,0,0,0,0,0,0,0,0,0,0,-1,-1,-1,-1,0,2025/2026,2025,0
Italy_Serie_A_2025-2026,Sergiu Perciun,Torino,Midfielder,19,0,0,Moldova,0,0,0,0,0,0,0.0,2006-04-23,0,0.0,0,0,0,0,0,0,0,0.0,eu,,,,,,,,,,,,,,,,,,,,,,,,,,,,,,,,,,,,,,,,,,,,,,,,,,,,,,,,,,,,,,,,,,,,,,,,,,,,,,,,,,,,,,,,,,,,,,,,,,,,,,,,,,,,,,,,,,,,,,,,,,,,,,,,,,,,,,,,,,,,,,,,,,,,,,,,,,,,,,,,,,,,,,,,,,,,,,,,,,,,,,,2026,0,0,0.0,0,0.0,0.0,0.0,1970-01-01 00:00:00,Domestic League,0,0,0,0,0,0,0,0,0,0,-1,-1,-1,-1,0,2025/2026,2025,0
Italy_Serie_A_2025-2026,Duván Esteban Zapata Banguera,Torino,Forward,34,186,80,Colombia,2,4,6,0,0,0,0.0,1970-01-08,0,0.0,2,1,3,50,0,0,0,0.0,eu,,41.0,0.0,0.0,0.0,99.0,7.38,0.45,0.0,5.0,6250000.0,87.0,64.0,0.0,2.91,1.0,35.0,0.0,0.0,0.0,0.0,0.0,31.0,30.0,90.0,94.0,5.9,0.36,4.0,99.0,0.0,41.0,65.0,1.48,0.09,1.0,11.0,61.0,1.0,2.95,0.18,2.0,0.0,2.95,0.18,2.0,98.0,4.43,0.27,20.0,0.0,0.0,0.0,20.0,0.0,3.0,99.0,25.08,1.55,17.0,94.0,7.38,0.45,29.0,5.0,98.0,2.95,0.18,2.0,2.0,0.0,0.0,0.0,0.0,0.0,6.0,95.0,0.0,17.0,42.0,76.0,70.0,57.0,0.0,80.0,0.0,0.0,0.0,15.0,0.0,0.0,0.0,12.0,0.0,0.0,0.0,0.0,9.0,30.0,0.0,57.0,0.0,0.0,-0.43,-0.03,-0.29,64.71,7.0,16.0,16.23,1.0,11.0,24.0,25.08,1.55,17.0,99.0,0.0,0.0,0.0,1.0,0.0,0.0,0.0,0.0,1.0,0.0,0.0,0.0,0.0,0.0,31.96,0.0,0.0,0.0,0.0,0.0,0.0,91,0.0,33.33,61.0,0.0,58.0,0.0,0.0,0.0,0.0,99.0,5.9,0.36,4.0,99.0,2.95,0.18,2.0,99.0,8.85,0.55,0.0,0.0,6.0,7.0,0.0,0.0,99.0,0.0,0.0,0.0,0.0,0.0,0.0,0.0,0.0,7.0,0.04,0.0,0.03,98.0,0.6,0.04,0.41,2026,0,0,0.0,0,0.0,0.0,0.0,1970-01-01 00:00:00,Domestic League,0,0,0,0,10,15,46,61,0,0,-1,10,-1,-1,0,2025/2026,2025,0
Italy_Serie_A_2025-2026,Alieu Eybi Njie,Torino,Midfielder,20,0,0,Sweden,1,0,1,0,0,0,0.0,2005-05-14,1,30.0,0,0,0,0,0,0,0,0.0,eu,,41.0,0.0,0.0,0.0,99.0,10.0,0.09,0.0,1.0,560000.0,14.0,64.0,0.0,0.58,0.0,35.0,0.0,0.0,0.0,1.0,100.0,99.0,99.0,1.0,3.0,0.0,0.0,0.0,99.0,0.0,41.0,99.0,10.0,0.09,1.0,11.0,9.0,99.0,0.0,0.0,0.0,99.0,0.0,0.0,0.0,13.0,0.0,0.0,20.0,0.0,0.0,0.0,20.0,0.0,0.0,99.0,30.0,0.27,3.0,99.0,10.0,0.09,33.0,1.0,99.0,20.0,0.18,2.0,2.0,0.0,0.0,0.0,0.0,0.0,1.0,51.0,0.0,17.0,42.0,76.0,70.0,57.0,0.0,80.0,0.0,0.0,0.0,15.0,0.0,0.0,0.0,12.0,0.0,0.0,0.0,0.0,0.0,30.0,0.0,57.0,0.0,11.0,0.0,0.0,0.0,0.0,0.0,0.0,0.0,0.0,0.0,0.0,0.0,0.0,0.0,99.0,0.0,0.0,0.0,0.0,0.0,0.0,0.0,0.0,0.0,0.0,0.0,0.0,0.0,0.0,6.4,0.0,0.0,0.0,0.0,0.0,0.0,92,0.0,0.0,25.0,0.0,58.0,0.0,0.0,0.0,0.0,12.0,0.0,0.0,0.0,25.0,0.0,0.0,0.0,10.0,0.0,0.0,0.0,0.0,0.0,7.0,0.0,0.0,99.0,0.0,0.0,0.0,0.0,0.0,0.0,0.0,0.0,0.0,0.0,0.0,0.0,11.0,0.0,0.0,0.0,2026,0,0,0.0,0,0.0,0.0,0.0,1970-01-01 00:00:00,Domestic League,0,3,0,0,3,3,0,3,0,0,-1,9,-1,-1,0,2025/2026,2025,1
Italy_Serie_A_2025-2026,Franco Damián Vázquez,Cremonese,Forward,36,187,82,Argentina,5,6,11,1,1,2,0.41,1970-01-07,1,0.21,2,1,3,27,5,4,9,1.85,eu,,77.0,27.78,12.5,125.0,66.0,1.56,0.7,0.0,7.0,2780000.0,64.0,97.0,0.18,6.79,73.0,56.0,0.22,0.1,1.0,1.0,9.0,45.0,61.0,39.0,13.0,0.44,0.2,2.0,2.0,1041.67,67.0,74.0,2.67,1.2,12.0,10.0,405.0,2.0,2.67,1.2,12.0,4.0,1.56,0.7,7.0,77.0,2.0,0.9,69.0,0.67,0.3,33.0,42.0,3.0,9.0,98.0,17.78,8.0,80.0,95.0,7.56,3.4,42.0,34.0,72.0,1.56,0.7,7.0,93.0,2.67,1.2,12.0,4.0,22.0,6.0,95.0,2.0,69.0,93.0,76.0,88.0,79.0,0.0,99.0,0.44,0.2,2.0,24.0,0.22,0.1,1.0,78.0,1.33,0.6,6.0,0.0,87.0,71.0,2.0,79.0,24.0,87.0,0.33,0.15,1.48,76.92,32.0,47.0,26.67,12.0,120.0,50.0,34.67,15.6,156.0,99.0,0.0,0.0,0.0,0.0,0.0,0.0,0.0,0.0,0.0,0.0,0.0,0.0,0.0,0.0,67.94,0.0,0.0,0.0,0.0,0.0,0.0,20,0.0,50.0,89.0,10.0,69.0,79.0,1.56,0.7,7.0,74.0,1.11,0.5,5.0,93.0,1.11,0.5,5.0,84.0,2.22,1.0,0.0,10.0,10.0,92.0,2.67,1.2,99.0,0.0,0.0,0.0,12.0,0.0,0.0,0.0,0.0,88.0,0.23,0.11,1.05,86.0,0.33,0.15,1.48,2026,0,1,0.62,1,0.0,0.38,0.21,2025-11-07 19:45:00,Domestic League,219,438,49,438,40,202,236,438,0,0,-1,5,69,-1,0,2025/2026,2025,1
Italy_Serie_A_2025-2026,Mattia Valoti,Cremonese,Midfielder,32,187,62,Italy,0,0,0,0,0,0,0.0,1970-01-09,0,0.0,0,0,0,0,0,0,0,0.0,eu,,,,,,,,,,,,,,,,,,,,,,,,,,,,,,,,,,,,,,,,,,,,,,,,,,,,,,,,,,,,,,,,,,,,,,,,,,,,,,,,,,,,,,,,,,,,,,,,,,,,,,,,,,,,,,,,,,,,,,,,,,,,,,,,,,,,,,,,,,,,,,,,,,,,,,,,,,,,,,,,,,,,,,,,,,,,,,,,,,,,,,,2026,0,0,0.0,0,0.0,0.0,0.0,1970-01-01 00:00:00,Domestic League,0,0,0,0,0,0,0,0,0,0,-1,-1,-1,-1,0,2025/2026,2025,0
Italy_Serie_A_2025-2026,Nemanja Matić,Sassuolo,Midfielder,37,194,85,Serbia,6,4,10,0,0,0,0.0,1970-01-07,1,0.1,3,1,4,40,5,3,8,0.81,eu,,41.0,0.0,0.0,0.0,60.0,1.31,1.3,0.0,13.0,4630000.0,83.0,64.0,0.0,6.85,79.0,75.0,0.4,0.4,4.0,1.0,10.0,52.0,38.0,64.0,63.0,2.02,2.0,20.0,69.0,0.0,41.0,34.0,0.3,0.3,3.0,10.0,892.0,30.0,1.11,1.1,11.0,33.0,0.71,0.7,7.0,53.0,1.01,1.0,53.0,0.4,0.4,40.0,52.0,4.0,10.0,46.0,8.68,8.6,86.0,55.0,4.74,4.7,54.0,47.0,17.0,0.61,0.6,6.0,63.0,1.31,1.3,13.0,10.0,83.0,0.0,34.0,1.0,46.0,42.0,76.0,70.0,57.0,0.0,80.0,0.0,0.0,0.0,65.0,0.81,0.8,8.0,48.0,0.71,0.7,7.0,0.0,65.0,94.0,69.0,57.0,80.0,22.0,0.02,0.01,0.15,82.59,54.0,83.0,45.0,44.6,446.0,86.0,54.48,54.0,540.0,99.0,0.0,0.0,0.0,0.0,0.0,0.0,0.0,0.0,0.0,0.0,0.0,0.0,0.0,0.0,68.53,0.0,0.0,0.0,0.0,0.0,0.0,18,0.0,50.0,89.0,0.0,58.0,34.0,0.91,0.9,9.0,13.0,0.1,0.1,1.0,29.0,0.1,0.1,1.0,14.0,0.2,0.2,0.0,0.0,2.0,70.0,1.82,1.8,99.0,0.0,0.0,0.0,18.0,0.0,0.0,0.0,0.0,54.0,0.12,0.12,1.16,22.0,0.02,0.01,0.15,2026,0,0,0.0,0,0.0,0.0,0.0,2025-11-09 11:30:00,Domestic League,0,892,112,0,89,532,360,892,0,0,-1,13,179,-1,0,2025/2026,2025,1
Italy_Serie_A_2025-2026,Aster Vranckx,Sassuolo,Midfielder,23,183,78,Belgium,5,4,9,0,0,0,0.0,2002-10-04,1,0.2,2,1,3,33,3,1,4,0.8,eu,,88.0,40.18,20.0,200.0,18.0,0.4,0.2,0.0,2.0,4630000.0,83.0,64.0,0.0,5.9,36.0,35.0,0.0,0.0,0.0,1.0,11.0,57.0,60.0,50.0,46.0,1.21,0.6,6.0,71.0,5000.0,94.0,50.0,0.8,0.4,4.0,10.0,448.0,40.0,0.8,0.4,4.0,8.0,1.21,0.6,6.0,52.0,1.0,0.5,53.0,0.4,0.2,40.0,52.0,2.0,5.0,69.0,10.45,5.2,52.0,77.0,5.62,2.8,53.0,28.0,91.0,2.21,1.1,11.0,95.0,2.81,1.4,14.0,6.0,42.0,3.0,78.0,2.0,69.0,42.0,76.0,70.0,57.0,0.0,80.0,0.0,0.0,0.0,15.0,0.0,0.0,0.0,21.0,0.2,0.1,1.0,0.0,45.0,72.0,69.0,57.0,25.0,22.0,0.02,0.01,0.09,83.55,59.0,44.0,25.51,12.7,127.0,39.0,30.54,15.2,152.0,99.0,0.0,0.0,0.0,0.0,0.0,0.0,0.0,0.0,0.0,0.0,0.0,0.0,0.0,0.0,58.98,0.0,0.0,0.0,0.0,0.0,0.0,40,0.0,0.0,25.0,0.0,58.0,42.0,1.0,0.5,5.0,35.0,0.4,0.2,2.0,25.0,0.0,0.0,0.0,24.0,0.4,0.2,0.0,0.0,2.0,78.0,2.01,1.0,99.0,0.0,0.0,0.0,10.0,0.0,0.0,0.0,0.0,20.0,0.06,0.03,0.31,22.0,0.02,0.01,0.09,2026,0,0,0.0,0,0.0,0.0,0.0,2025-10-18 13:00:00,Domestic League,0,448,112,0,50,270,178,448,0,0,-1,12,177,-1,0,2025/2026,2025,1
Italy_Serie_A_2025-2026,Yeferson Paz Blandón,Sassuolo,Defender,23,176,67,Colombia,0,0,0,0,0,0,0.0,2002-06-13,0,0.0,0,0,0,0,0,0,0,0.0,eu,,,,,,,,,,,,,,,,,,,,,,,,,,,,,,,,,,,,,,,,,,,,,,,,,,,,,,,,,,,,,,,,,,,,,,,,,,,,,,,,,,,,,,,,,,,,,,,,,,,,,,,,,,,,,,,,,,,,,,,,,,,,,,,,,,,,,,,,,,,,,,,,,,,,,,,,,,,,,,,,,,,,,,,,,,,,,,,,,,,,,,,2026,0,0,0.0,0,0.0,0.0,0.0,1970-01-01 00:00:00,Domestic League,0,0,0,0,0,0,0,0,0,0,-1,-1,-1,-1,0,2025/2026,2025,0
Italy_Serie_A_2025-2026,Edoardo Iannoni,Sassuolo,Midfielder,24,0,0,Italy,5,1,6,0,0,0,0.0,1970-01-12,2,2.77,3,0,3,50,0,0,0,0.0,eu,,41.0,0.0,0.0,0.0,97.0,4.09,0.3,0.0,3.0,1040000.0,25.0,64.0,0.0,3.27,2.0,35.0,0.0,0.0,0.0,2.0,33.0,95.0,99.0,90.0,3.0,0.0,0.0,0.0,99.0,0.0,41.0,18.0,0.0,0.0,0.0,10.0,66.0,99.0,0.0,0.0,0.0,99.0,0.0,0.0,0.0,87.0,2.73,0.2,20.0,0.0,0.0,0.0,20.0,0.0,2.0,96.0,16.36,1.2,12.0,41.0,4.09,0.3,25.0,3.0,99.0,9.55,0.7,7.0,2.0,0.0,0.0,0.0,0.0,0.0,6.0,95.0,0.0,17.0,99.0,76.0,99.0,99.0,0.0,80.0,0.0,0.0,0.0,89.0,1.36,0.1,1.0,12.0,0.0,0.0,0.0,0.0,9.0,30.0,0.0,57.0,0.0,99.0,1.01,0.07,0.74,84.85,66.0,73.0,38.18,2.8,28.0,73.0,45.0,3.3,33.0,99.0,0.0,0.0,0.0,0.0,0.0,0.0,0.0,0.0,0.0,0.0,0.0,0.0,0.0,0.0,32.69,0.0,0.0,0.0,0.0,0.0,0.0,44,0.0,50.0,89.0,50.0,99.0,68.0,1.36,0.1,1.0,82.0,1.36,0.1,1.0,96.0,1.36,0.1,1.0,92.0,2.73,0.2,0.0,2.0,2.0,7.0,0.0,0.0,99.0,0.0,0.0,0.0,0.0,0.0,0.0,0.0,0.0,32.0,0.08,0.01,0.06,99.0,1.01,0.07,0.74,2026,0,1,1.38,1,0.0,8.18,1.38,1970-01-01 00:00:00,Domestic League,0,33,0,65,11,54,11,65,0,0,-1,4,-1,-1,0,2025/2026,2025,2
Italy_Serie_A_2025-2026,Santiago Pierotti,Lecce,Forward,24,189,80,Argentina,4,6,10,0,0,0,0.0,1970-01-12,0,0.0,2,2,4,40,4,4,8,1.2,eu,,57.0,14.95,10.0,100.0,78.0,2.09,1.4,0.0,14.0,700000.0,17.0,64.0,0.0,6.6,59.0,66.0,0.3,0.2,2.0,0.0,0.0,31.0,30.0,64.0,14.0,0.45,0.3,3.0,32.0,3333.33,90.0,43.0,0.45,0.3,3.0,10.0,602.0,1.0,2.84,1.9,19.0,42.0,0.6,0.4,4.0,97.0,4.04,2.7,94.0,1.64,1.1,40.0,52.0,11.0,27.0,97.0,17.34,11.6,116.0,88.0,6.43,4.3,37.0,43.0,96.0,2.54,1.7,17.0,37.0,0.75,0.5,5.0,7.0,54.0,3.0,78.0,4.0,94.0,42.0,76.0,70.0,57.0,0.0,91.0,0.15,0.1,1.0,19.0,0.15,0.1,1.0,59.0,0.9,0.6,6.0,0.0,65.0,30.0,33.0,57.0,46.0,47.0,0.08,0.06,0.56,70.63,15.0,14.0,15.1,10.1,101.0,14.0,21.38,14.3,143.0,99.0,0.0,0.0,0.0,0.0,0.0,0.0,0.0,0.0,0.0,0.0,0.0,0.0,0.0,0.0,65.98,0.0,0.0,0.0,0.0,0.0,0.0,50,0.0,25.0,44.0,0.0,58.0,57.0,1.2,0.8,8.0,66.0,0.9,0.6,6.0,54.0,0.3,0.2,2.0,63.0,1.2,0.8,0.0,0.0,8.0,85.0,2.24,1.5,99.0,0.0,0.0,0.0,15.0,0.0,0.0,0.0,0.0,28.0,0.07,0.05,0.5,46.0,0.08,0.06,0.56,2026,0,0,0.0,0,0.0,0.0,0.0,2025-10-28 17:30:00,Domestic League,0,0,75,0,60,224,378,602,0,0,-1,9,168,-1,0,2025/2026,2025,0
Italy_Serie_A_2025-2026,Álex Sala Herrero,Lecce,Midfielder,24,185,0,Spain,2,1,3,1,0,1,0.82,1970-01-12,0,0.0,0,0,0,0,3,1,4,3.27,eu,,99.0,122.73,15.0,150.0,3.0,0.0,0.0,0.0,0.0,460000.0,13.0,99.0,0.33,1.98,0.0,35.0,0.0,0.0,0.0,0.0,0.0,31.0,30.0,1.0,30.0,0.82,0.1,1.0,0.0,5000.0,94.0,73.0,2.45,0.3,3.0,10.0,110.0,40.0,0.82,0.1,1.0,3.0,1.64,0.2,2.0,45.0,0.82,0.1,20.0,0.0,0.0,0.0,20.0,0.0,1.0,78.0,11.45,1.4,14.0,20.0,3.27,0.4,28.0,4.0,98.0,3.27,0.4,4.0,40.0,0.82,0.1,1.0,2.0,4.0,1.0,51.0,1.0,46.0,97.0,76.0,70.0,57.0,0.0,80.0,0.0,0.0,0.0,99.0,2.45,0.3,3.0,53.0,0.82,0.1,1.0,0.0,0.0,30.0,0.0,57.0,0.0,70.0,0.16,0.02,0.2,87.5,78.0,54.0,28.64,3.5,35.0,45.0,32.73,4.0,40.0,99.0,0.0,0.0,0.0,0.0,0.0,0.0,0.0,0.0,0.0,0.0,0.0,0.0,0.0,0.0,19.79,0.0,0.0,0.0,0.0,0.0,0.0,6,0.0,33.33,61.0,0.0,58.0,94.0,3.27,0.4,4.0,89.0,1.64,0.2,2.0,84.0,0.82,0.1,1.0,87.0,2.45,0.3,0.0,0.0,3.0,88.0,2.45,0.3,99.0,0.0,0.0,0.0,3.0,0.0,0.0,0.0,0.0,99.0,0.59,0.07,0.72,69.0,0.16,0.02,0.2,2026,0,0,0.82,0,0.0,0.0,0.0,2025-09-19 18:45:00,Domestic League,110,0,28,0,37,64,46,110,0,0,-1,8,-1,-1,0,2025/2026,2025,0
Italy_Serie_A_2025-2026,Nikola Štulić,Lecce,Forward,24,0,0,Serbia,4,6,10,0,0,0,0.0,1970-01-12,1,0.14,2,2,4,40,5,5,10,1.38,eu,,41.0,0.0,0.0,0.0,92.0,3.17,2.3,0.0,23.0,1110000.0,26.0,64.0,0.0,6.73,70.0,45.0,0.14,0.1,1.0,1.0,10.0,52.0,48.0,64.0,26.0,0.69,0.5,5.0,18.0,0.0,41.0,18.0,0.0,0.0,0.0,10.0,653.0,40.0,0.83,0.6,6.0,82.0,0.14,0.1,1.0,36.0,0.55,0.4,28.0,0.14,0.1,25.0,29.0,1.0,4.0,89.0,13.23,9.6,96.0,75.0,5.51,4.0,41.0,40.0,59.0,1.38,1.0,10.0,59.0,1.24,0.9,9.0,8.0,63.0,2.0,66.0,2.0,69.0,42.0,76.0,70.0,57.0,0.0,80.0,0.0,0.0,0.0,15.0,0.0,0.0,0.0,74.0,1.24,0.9,9.0,0.0,65.0,84.0,18.0,57.0,53.0,50.0,0.09,0.07,0.68,65.41,8.0,6.0,11.99,8.7,87.0,9.0,18.33,13.3,133.0,99.0,0.0,0.0,0.0,0.0,0.0,0.0,0.0,0.0,0.0,0.0,0.0,0.0,0.0,0.0,67.34,0.0,0.0,0.0,0.0,0.0,0.0,9,0.0,33.33,61.0,0.0,58.0,69.0,1.38,1.0,10.0,62.0,0.83,0.6,6.0,63.0,0.41,0.3,3.0,64.0,1.24,0.9,0.0,0.0,9.0,39.0,1.1,0.8,99.0,0.0,0.0,0.0,8.0,0.0,0.0,0.0,0.0,28.0,0.07,0.05,0.53,49.0,0.09,0.07,0.68,2026,0,0,0.0,0,0.0,0.0,0.0,2025-11-08 14:00:00,Domestic League,0,653,65,0,65,302,351,653,0,0,-1,23,174,-1,0,2025/2026,2025,1
Italy_Serie_A_2025-2026,Cheveyo Mul-Balentien,AC Milan,Forward,55,189,0,Netherlands,1,1,2,0,0,0,0.0,1970-01-01,0,0.0,1,0,1,50,0,0,0,0.0,eu,,,,,,,,,,,,,,,,,,,,,,,,,,,,,,,,,,,,,,,,,,,,,,,,,,,,,,,,,,,,,,,,,,,,,,,,,,,,,,,,,,,,,,,,,,,,,,,,,,,,,,,,,,,,,,,,,,,,,,,,,,,,,,,,,,,,,,,,,,,,,,,,,,,,,,,,,,,,,,,,,,,,,,,,,,,,,,,,,,,,,,,2026,0,0,0.0,0,0.0,0.0,0.0,1970-01-01 00:00:00,Domestic League,0,0,0,0,2,3,0,3,0,0,-1,12,-1,-1,0,2025/2026,2025,0
Italy_Serie_A_2025-2026,Jon Rowe,Bologna,Defender,0,0,0,England,4,2,6,0,0,0,0.0,1970-01-01,1,0.34,0,2,2,33,3,0,3,1.01,eu,,60.0,17.8,5.3,53.0,15.0,0.34,0.1,0.0,1.0,0.0,8.0,64.0,0.0,4.0,7.0,35.0,0.0,0.0,0.0,1.0,17.0,67.0,84.0,50.0,9.0,0.34,0.1,1.0,51.0,530.0,49.0,85.0,3.36,1.0,10.0,10.0,268.0,23.0,1.34,0.4,4.0,99.0,0.0,0.0,0.0,98.0,4.7,1.4,99.0,2.35,0.7,50.0,69.0,7.0,14.0,88.0,12.76,3.8,38.0,90.0,6.72,2.0,52.0,20.0,55.0,1.34,0.4,4.0,90.0,2.35,0.7,7.0,3.0,9.0,3.0,78.0,1.0,46.0,42.0,76.0,70.0,57.0,0.0,80.0,0.0,0.0,0.0,56.0,0.67,0.2,2.0,46.0,0.67,0.2,2.0,0.0,9.0,47.0,51.0,57.0,0.0,70.0,0.17,0.05,0.52,90.36,92.0,43.0,25.19,7.5,75.0,31.0,27.87,8.3,83.0,99.0,0.0,0.0,0.0,0.0,0.0,0.0,0.0,0.0,0.0,0.0,0.0,0.0,0.0,0.0,40.03,0.0,0.0,0.0,0.0,0.0,0.0,11,0.0,22.22,37.0,0.0,58.0,67.0,1.34,0.4,4.0,97.0,2.35,0.7,7.0,77.0,0.67,0.2,2.0,94.0,3.02,0.9,0.0,0.0,9.0,64.0,1.68,0.5,99.0,0.0,0.0,0.0,5.0,0.0,0.0,0.0,0.0,28.0,0.07,0.02,0.2,69.0,0.17,0.05,0.52,2026,0,0,0.0,0,0.0,0.0,0.0,2025-11-09 14:00:00,Domestic League,0,268,89,0,45,188,80,268,0,0,-1,15,-1,-1,0,2025/2026,2025,1
Italy_Serie_A_2025-2026,Juan Miranda González,Bologna,Defender,25,185,71,Spain,6,4,10,0,0,0,0.0,1970-01-11,2,0.25,2,3,5,50,3,1,4,0.5,eu,,55.0,14.26,10.45,115.0,69.0,1.61,1.18,0.0,13.0,2960000.0,65.0,64.0,0.0,6.38,55.0,41.0,0.12,0.09,1.0,2.0,20.0,79.0,70.0,90.0,70.0,2.48,1.82,20.0,89.0,267.44,42.0,95.0,5.33,3.91,43.0,11.0,726.0,71.0,0.25,0.18,2.0,62.0,0.37,0.27,3.0,47.0,0.87,0.64,49.0,0.37,0.27,42.0,56.0,3.0,7.0,20.0,6.82,5.0,55.0,47.0,4.34,3.18,63.0,35.0,23.0,0.74,0.55,6.0,59.0,1.24,0.91,10.0,8.0,63.0,2.0,66.0,1.0,46.0,53.0,80.0,70.0,68.0,0.0,80.0,0.0,0.0,0.0,61.0,0.74,0.55,6.0,84.0,1.49,1.09,12.0,0.0,65.0,63.0,89.0,90.0,61.0,60.0,0.12,0.09,0.95,81.2,48.0,74.0,38.55,28.27,311.0,77.0,47.48,34.82,383.0,99.0,0.0,0.0,0.0,0.0,0.0,0.0,0.0,0.0,0.0,0.0,0.0,0.0,0.0,0.0,70.18,0.0,0.0,0.0,0.0,0.0,0.0,33,0.0,50.0,89.0,25.0,92.0,20.0,0.74,0.55,6.0,24.0,0.25,0.18,2.0,50.0,0.25,0.18,2.0,30.0,0.5,0.36,0.0,4.0,4.0,40.0,1.12,0.82,99.0,0.0,0.0,0.0,9.0,0.0,0.0,0.0,0.0,54.0,0.12,0.09,0.96,59.0,0.12,0.09,0.95,2026,1,0,0.12,1,0.2,0.0,0.12,2025-11-22 14:00:00,Domestic League,0,363,182,726,73,448,278,726,0,0,-1,7,115,16,0,2025/2026,2025,2
Italy_Serie_A_2025-2026,Jayden Addai,Como,Forward,0,0,0,Ghana,3,3,6,0,0,0,0.0,1970-01-01,2,0.53,1,1,2,33,1,1,2,0.53,eu,,60.0,17.89,7.44,67.0,3.0,0.0,0.0,0.0,0.0,1040000.0,25.0,64.0,0.0,4.31,9.0,35.0,0.0,0.0,0.0,2.0,33.0,95.0,97.0,50.0,7.0,0.27,0.11,1.0,87.0,1340.0,73.0,63.0,1.34,0.56,5.0,9.0,337.0,0.0,3.74,1.56,14.0,47.0,0.53,0.22,2.0,95.0,3.74,1.56,83.0,1.07,0.44,28.0,32.0,4.0,14.0,85.0,12.28,5.11,46.0,19.0,3.2,1.33,26.0,12.0,89.0,2.14,0.89,8.0,72.0,1.6,0.67,6.0,3.0,9.0,3.0,78.0,3.0,86.0,74.0,91.0,70.0,85.0,0.0,80.0,0.0,0.0,0.0,27.0,0.27,0.11,1.0,52.0,0.8,0.33,3.0,0.0,9.0,34.0,86.0,74.0,8.0,84.0,0.3,0.12,1.12,74.42,24.0,19.0,17.09,7.11,64.0,18.0,22.97,9.56,86.0,99.0,0.0,0.0,0.0,0.0,0.0,0.0,0.0,0.0,0.0,0.0,0.0,0.0,0.0,0.0,38.75,0.0,0.0,0.0,0.0,0.0,0.0,42,0.0,50.0,89.0,16.67,84.0,24.0,0.8,0.33,3.0,61.0,0.8,0.33,3.0,84.0,0.8,0.33,3.0,71.0,1.6,0.67,0.0,6.0,6.0,18.0,0.53,0.22,99.0,0.0,0.0,0.0,2.0,0.0,0.0,0.0,0.0,20.0,0.06,0.02,0.21,82.0,0.3,0.12,1.12,2026,1,0,0.27,1,0.45,0.0,0.27,2025-11-08 14:00:00,Domestic League,0,169,169,337,56,201,136,337,0,0,-1,5,51,-1,0,2025/2026,2025,2
Italy_Serie_A_2025-2026,Nikola Čavlina,Como,Goalkeeper,23,0,0,Croatia,0,0,0,0,0,0,0.0,2002-06-02,0,0.0,0,0,0,0,0,0,0,0.0,eu,,,,,,,,,,,,,,,,,,,,,,,,,,,,,,,,,,,,,,,,,,,,,,,,,,,,,,,,,,,,,,,,,,,,,,,,,,,,,,,,,,,,,,,,,,,,,,,,,,,,,,,,,,,,,,,,,,,,,,,,,,,,,,,,,,,,,,,,,,,,,,,,,,,,,,,,,,,,,,,,,,,,,,,,,,,,,,,,,,,,,,,2026,0,0,0.0,0,0.0,0.0,0.0,1970-01-01 00:00:00,Domestic League,0,0,0,0,0,0,0,0,0,0,-1,-1,-1,-1,0,2025/2026,2025,0
Italy_Serie_A_2025-2026,Abdoulaye Niakhate N'Diaye,Parma,Defender,23,185,75,Senegal,3,4,7,0,0,0,0.0,2002-04-10,4,0.72,2,0,2,28,2,5,7,1.27,eu,,41.0,0.0,0.0,0.0,95.0,3.62,2.22,0.0,20.0,0.0,8.0,64.0,0.0,5.01,18.0,50.0,0.18,0.11,1.0,3.0,43.0,99.0,99.0,43.0,89.0,4.71,2.89,26.0,27.0,0.0,41.0,18.0,0.0,0.0,0.0,9.0,497.0,77.0,0.18,0.11,1.0,11.0,1.09,0.67,6.0,13.0,0.0,0.0,20.0,0.0,0.0,0.0,20.0,0.0,0.0,86.0,12.49,7.67,69.0,93.0,7.24,4.44,57.0,40.0,80.0,1.81,1.11,10.0,61.0,1.27,0.78,7.0,6.0,42.0,1.0,51.0,1.0,46.0,42.0,76.0,70.0,57.0,0.0,80.0,0.0,0.0,0.0,96.0,1.63,1.0,9.0,19.0,0.18,0.11,1.0,0.0,18.0,31.0,28.0,57.0,34.0,39.0,0.05,0.03,0.26,81.51,49.0,80.0,43.1,26.44,238.0,84.0,52.88,32.44,292.0,4.0,0.18,0.11,1.0,0.0,0.0,0.0,0.0,0.0,0.0,0.0,0.0,0.0,0.0,0.0,45.1,0.0,0.0,0.0,0.0,0.0,0.0,3,0.0,25.0,44.0,0.0,58.0,74.0,1.45,0.89,8.0,48.0,0.54,0.33,3.0,39.0,0.18,0.11,1.0,44.0,0.72,0.44,0.0,0.0,4.0,87.0,2.35,1.44,99.0,0.0,0.0,0.0,13.0,0.0,0.0,0.0,0.0,54.0,0.12,0.07,0.64,38.0,0.05,0.03,0.26,2026,0,0,0.0,0,0.0,0.0,0.0,2025-11-08 19:45:00,Domestic League,0,124,71,0,71,222,275,497,0,0,-1,12,171,95,1,2025/2026,2025,4
Italy_Serie_A_2025-2026,Botond Balogh,Parma,Defender,23,189,76,Hungary,0,0,0,0,0,0,0.0,2002-06-06,0,0.0,0,0,0,0,0,0,0,0.0,eu,,,,,,,,,,,,,,,,,,,,,,,,,,,,,,,,,,,,,,,,,,,,,,,,,,,,,,,,,,,,,,,,,,,,,,,,,,,,,,,,,,,,,,,,,,,,,,,,,,,,,,,,,,,,,,,,,,,,,,,,,,,,,,,,,,,,,,,,,,,,,,,,,,,,,,,,,,,,,,,,,,,,,,,,,,,,,,,,,,,,,,,2026,0,0,0.0,0,0.0,0.0,0.0,1970-01-01 00:00:00,Domestic League,0,0,0,0,0,0,0,0,0,0,-1,-1,-1,-1,0,2025/2026,2025,0
Italy_Serie_A_2025-2026,Gaetano Pio Oristanio,Parma,Forward,23,178,73,Italy,2,2,4,0,0,0,0.0,2002-09-28,1,0.57,1,0,1,25,1,2,3,1.71,eu,,99.0,75.76,33.25,133.0,50.0,1.14,0.5,0.0,2.0,930000.0,23.0,64.0,0.0,6.64,61.0,35.0,0.0,0.0,0.0,1.0,25.0,88.0,98.0,37.0,3.0,0.0,0.0,0.0,5.0,2660.0,86.0,77.0,2.85,1.25,5.0,4.0,158.0,28.0,1.14,0.5,2.0,99.0,0.0,0.0,0.0,81.0,2.28,1.0,85.0,1.14,0.5,50.0,69.0,2.0,4.0,89.0,13.1,5.75,23.0,99.0,9.11,4.0,69.0,16.0,92.0,2.28,1.0,4.0,99.0,5.7,2.5,10.0,1.0,0.0,3.0,78.0,2.0,69.0,42.0,76.0,70.0,57.0,0.0,99.0,0.57,0.25,1.0,15.0,0.0,0.0,0.0,70.0,1.14,0.5,2.0,0.0,2.0,33.0,5.0,57.0,0.0,60.0,0.12,0.05,0.21,80.0,44.0,5.0,11.39,5.0,20.0,3.0,14.24,6.25,25.0,99.0,0.0,0.0,0.0,0.0,0.0,0.0,0.0,0.0,0.0,0.0,0.0,0.0,0.0,0.0,26.56,0.0,0.0,0.0,0.0,0.0,0.0,21,0.0,0.0,25.0,0.0,58.0,86.0,1.71,0.75,3.0,96.0,2.28,1.0,4.0,25.0,0.0,0.0,0.0,85.0,2.28,1.0,0.0,0.0,4.0,41.0,1.14,0.5,99.0,0.0,0.0,0.0,2.0,0.0,0.0,0.0,0.0,28.0,0.07,0.03,0.12,59.0,0.12,0.05,0.21,2026,0,0,0.0,0,0.0,0.0,0.0,2025-09-29 16:30:00,Domestic League,0,158,53,0,40,66,92,158,0,0,-1,11,-1,-1,0,2025/2026,2025,1
Italy_Serie_A_2025-2026,Sascha Britschgi,Parma,Midfielder,19,182,78,Switzerland,3,5,8,0,2,2,0.28,2006-08-27,2,0.28,1,1,2,25,3,6,9,1.24,eu,,67.0,20.85,13.3,133.0,21.0,0.47,0.3,0.0,3.0,162000.0,8.0,93.0,0.25,4.65,12.0,47.0,0.16,0.1,1.0,1.0,12.0,60.0,76.0,37.0,67.0,2.2,1.4,14.0,30.0,1209.09,70.0,67.0,1.72,1.1,11.0,10.0,574.0,36.0,0.94,0.6,6.0,2.0,1.72,1.1,11.0,31.0,0.47,0.3,29.0,0.16,0.1,33.0,42.0,1.0,3.0,33.0,7.84,5.0,50.0,25.0,3.45,2.2,44.0,22.0,24.0,0.78,0.5,5.0,52.0,1.1,0.7,7.0,7.0,54.0,0.0,34.0,1.0,46.0,76.0,76.0,70.0,57.0,0.0,91.0,0.16,0.1,1.0,19.0,0.16,0.1,1.0,44.0,0.63,0.4,4.0,0.0,30.0,56.0,30.0,57.0,52.0,39.0,0.05,0.03,0.3,71.53,17.0,15.0,15.37,9.8,98.0,15.0,21.48,13.7,137.0,99.0,0.0,0.0,0.0,0.0,0.0,0.0,0.0,0.0,0.0,0.0,0.0,0.0,0.0,0.0,46.55,0.0,0.0,0.0,0.0,0.0,0.0,27,0.0,25.0,44.0,0.0,58.0,61.0,1.25,0.8,8.0,42.0,0.47,0.3,3.0,36.0,0.16,0.1,1.0,37.0,0.63,0.4,0.0,0.0,4.0,66.0,1.72,1.1,99.0,0.0,0.0,0.0,11.0,0.0,0.0,0.0,0.0,88.0,0.23,0.15,1.48,38.0,0.05,0.03,0.3,2026,0,0,0.28,0,0.0,0.0,0.0,2025-11-23 11:30:00,Domestic League,326,326,72,0,81,257,394,651,0,0,-1,10,170,-1,0,2025/2026,2025,2
Italy_Serie_A_2025-2026,Mariano Troilo,Parma,Midfielder,22,0,0,Argentina,2,1,3,0,0,0,0.0,2003-06-22,2,1.31,1,0,1,33,1,0,1,0.66,eu,,41.0,0.0,0.0,0.0,76.0,1.91,0.1,0.0,1.0,1040000.0,25.0,64.0,0.0,1.83,0.0,35.0,0.0,0.0,0.0,1.0,33.0,95.0,99.0,50.0,99.0,9.57,0.5,5.0,78.0,0.0,41.0,18.0,0.0,0.0,0.0,10.0,47.0,99.0,0.0,0.0,0.0,1.0,1.91,0.1,1.0,77.0,1.91,0.1,97.0,1.91,0.1,100.0,99.0,1.0,1.0,90.0,13.4,0.7,7.0,78.0,5.74,0.3,42.0,3.0,99.0,3.83,0.2,2.0,98.0,3.83,0.2,2.0,0.0,0.0,2.0,66.0,0.0,17.0,42.0,76.0,70.0,57.0,0.0,80.0,0.0,0.0,0.0,15.0,0.0,0.0,0.0,12.0,0.0,0.0,0.0,0.0,0.0,30.0,78.0,57.0,0.0,11.0,0.0,0.0,0.0,96.15,99.0,86.0,47.87,2.5,25.0,80.0,49.79,2.6,26.0,0.0,1.91,0.1,1.0,0.0,0.0,0.0,0.0,0.0,0.0,0.0,0.0,0.0,0.0,0.0,18.27,0.0,0.0,0.0,0.0,0.0,0.0,37,0.0,0.0,25.0,0.0,58.0,0.0,0.0,0.0,0.0,12.0,0.0,0.0,0.0,25.0,0.0,0.0,0.0,10.0,0.0,0.0,0.0,0.0,0.0,7.0,0.0,0.0,99.0,0.0,0.0,0.0,0.0,0.0,0.0,0.0,0.0,44.0,0.1,0.01,0.05,11.0,0.0,0.0,0.0,2026,0,0,0.0,0,0.0,0.0,0.0,2025-11-23 11:30:00,Domestic League,0,69,137,0,46,93,44,137,0,0,-1,9,-1,-1,0,2025/2026,2025,2
Italy_Serie_A_2025-2026,Ibrahim Sulemana,Atalanta,Midfielder,22,0,0,Ghana,1,0,1,0,0,0,0.0,2003-05-22,0,0.0,1,0,1,100,0,0,0,0.0,eu,,41.0,0.0,0.0,,3.0,0.0,0.0,0.0,,1160000.0,30.0,64.0,0.0,0.94,,35.0,0.0,0.0,,,,31.0,30.0,99.0,3.0,0.0,0.0,,99.0,0.0,41.0,18.0,0.0,0.0,,7.0,12.0,99.0,0.0,0.0,,99.0,0.0,0.0,,99.0,7.5,0.14,99.0,7.5,0.14,100.0,99.0,1.0,1.0,92.0,15.0,0.29,2.0,94.0,7.5,0.14,50.0,1.0,6.0,0.0,0.0,,2.0,0.0,0.0,,,,1.0,51.0,,17.0,42.0,76.0,70.0,57.0,,80.0,0.0,0.0,,15.0,0.0,0.0,,12.0,0.0,0.0,,0.0,,30.0,,57.0,,11.0,0.0,0.0,0.0,83.33,58.0,70.0,37.5,0.71,5.0,73.0,45.0,0.86,6.0,99.0,0.0,0.0,,,0.0,,,,,,,0.0,0.0,,6.57,0.0,,,0.0,0.0,,77,0.0,0.0,25.0,0.0,58.0,,0.0,0.0,,12.0,0.0,0.0,,25.0,0.0,0.0,,10.0,0.0,0.0,0.0,0.0,,7.0,0.0,0.0,99.0,0.0,0.0,,,,,,,32.0,0.08,0.0,0.01,11.0,0.0,0.0,0.0,2026,0,0,0.0,0,0.0,0.0,0.0,1970-01-01 00:00:00,Domestic League,0,0,0,0,12,12,0,12,0,0,-1,13,-1,-1,0,2025/2026,2025,0
Italy_Serie_A_2025-2026,Mateus Henrique Vanelli Lusuardi,Pisa,Midfielder,21,190,0,Brazil,1,2,3,0,0,0,0.0,2004-01-08,1,0.45,0,0,0,0,3,2,5,2.25,eu,,41.0,0.0,0.0,,95.0,3.6,1.6,0.0,8.0,370000.0,11.0,64.0,0.0,3.97,7.0,99.0,2.7,1.2,6.0,1.0,33.0,95.0,92.0,1.0,92.0,5.4,2.4,12.0,,0.0,41.0,43.0,0.45,0.2,1.0,5.0,200.0,99.0,0.0,0.0,,6.0,1.35,0.6,3.0,48.0,0.9,0.4,56.0,0.45,0.2,50.0,69.0,1.0,2.0,55.0,9.45,4.2,21.0,61.0,4.95,2.2,52.0,11.0,80.0,1.8,0.8,4.0,2.0,0.0,0.0,,3.0,9.0,,34.0,1.0,46.0,42.0,76.0,70.0,57.0,,80.0,0.0,0.0,,15.0,0.0,0.0,,35.0,0.45,0.2,1.0,0.0,,38.0,,57.0,,44.0,0.07,0.03,0.16,82.28,54.0,56.0,29.25,13.0,65.0,53.0,35.55,15.8,79.0,99.0,0.0,0.0,,,0.0,,,,,,,0.0,0.0,,19.87,0.0,,,0.0,0.0,,47,0.0,0.0,25.0,0.0,58.0,92.0,2.25,1.0,5.0,92.0,1.8,0.8,4.0,25.0,0.0,0.0,,76.0,1.8,0.8,0.0,0.0,4.0,31.0,0.9,0.4,99.0,0.0,0.0,,2.0,,,,,28.0,0.07,0.03,0.15,43.0,0.07,0.03,0.16,2026,0,0,0.0,0,0.0,0.0,0.0,2025-09-22 18:45:00,Domestic League,0,200,40,0,67,90,110,200,0,0,-1,9,-1,-1,0,2025/2026,2025,1
Italy_Serie_A_2025-2026,Calvin Stengs,Pisa,Forward,26,182,68,Netherlands,0,2,2,0,0,0,0.0,1970-01-11,0,0.0,0,0,0,0,0,0,0,0.0,eu,,41.0,0.0,0.0,,99.0,8.18,0.5,0.0,1.0,2890000.0,65.0,64.0,0.0,3.33,2.0,35.0,0.0,0.0,,,,31.0,30.0,1.0,3.0,0.0,0.0,,99.0,0.0,41.0,99.0,24.55,1.5,3.0,2.0,11.0,,16.36,1.0,2.0,99.0,0.0,0.0,,13.0,0.0,0.0,20.0,0.0,0.0,0.0,20.0,,,99.0,57.27,3.5,7.0,99.0,32.73,2.0,57.0,4.0,6.0,0.0,0.0,,99.0,16.36,1.0,2.0,,,2.0,66.0,,17.0,42.0,76.0,70.0,57.0,,80.0,0.0,0.0,,15.0,0.0,0.0,,12.0,0.0,0.0,,0.0,,30.0,,57.0,,99.0,1.47,0.09,0.18,86.67,75.0,99.0,106.36,6.5,13.0,99.0,122.73,7.5,15.0,99.0,0.0,0.0,,,0.0,,,,,,,0.0,0.0,,6.67,0.0,,,0.0,0.0,,23,0.0,50.0,89.0,0.0,58.0,,0.0,0.0,,99.0,8.18,0.5,1.0,99.0,8.18,0.5,1.0,99.0,16.36,1.0,0.0,0.0,2.0,99.0,8.18,0.5,99.0,0.0,0.0,,1.0,,,,,90.0,0.25,0.01,0.03,99.0,1.47,0.09,0.18,2026,0,0,0.0,0,0.0,0.0,0.0,1970-01-01 00:00:00,Domestic League,0,0,0,0,6,0,11,11,0,0,-1,8,-1,-1,0,2025/2026,2025,0
Italy_Serie_A_2025-2026,Lorenzo Pellegrini,Roma,Midfielder,29,186,77,Italy,5,3,8,0,0,0,0.0,1970-01-10,1,0.2,2,2,4,50,0,1,1,0.2,eu,,94.0,53.63,23.0,230.0,61.0,1.4,0.6,0.0,6.0,7410000.0,94.0,64.0,0.0,4.93,17.0,57.0,0.23,0.1,1.0,1.0,12.0,60.0,60.0,90.0,28.0,0.7,0.3,3.0,99.0,958.33,64.0,96.0,5.6,2.4,24.0,10.0,386.0,23.0,1.4,0.6,6.0,35.0,0.7,0.3,3.0,57.0,1.17,0.5,58.0,0.47,0.2,40.0,52.0,2.0,5.0,74.0,10.96,4.7,47.0,72.0,5.36,2.3,48.0,23.0,49.0,1.17,0.5,5.0,96.0,3.03,1.3,13.0,4.0,22.0,3.0,78.0,3.0,86.0,84.0,89.0,89.0,93.0,,97.0,0.23,0.1,1.0,59.0,0.7,0.3,3.0,79.0,1.4,0.6,6.0,0.0,30.0,71.0,99.0,65.0,25.0,90.0,0.35,0.15,1.52,78.43,36.0,70.0,37.31,16.0,160.0,78.0,47.56,20.4,204.0,99.0,0.0,0.0,,,0.0,1.0,,,1.0,,,0.0,0.0,,49.35,0.0,,,0.0,0.0,,7,0.0,50.0,89.0,16.67,84.0,1.0,0.23,0.1,1.0,83.0,1.4,0.6,6.0,97.0,1.4,0.6,6.0,92.0,2.8,1.2,0.0,6.0,12.0,23.0,0.7,0.3,99.0,0.0,0.0,,3.0,,,,,59.0,0.13,0.06,0.56,96.0,0.52,0.22,2.22,2026,1,1,0.4,2,0.4,0.41,0.4,2025-11-23 14:00:00,Domestic League,0,446,446,223,56,227,219,446,1,0,100,3,25,-1,0,2025/2026,2025,1
Italy_Serie_A_2025-2026,Mehmet Zeki Çelik,Roma,Defender,28,180,78,Turkey,6,5,11,0,1,1,0.11,1970-01-10,1,0.11,3,2,5,45,2,2,4,0.44,eu,,64.0,19.59,15.8,158.0,69.0,1.61,1.3,0.0,13.0,,8.0,71.0,0.09,6.87,80.0,35.0,0.0,0.0,,1.0,9.0,45.0,42.0,80.0,68.0,2.23,1.8,18.0,92.0,607.69,52.0,84.0,3.22,2.6,26.0,10.0,726.0,63.0,0.37,0.3,3.0,83.0,0.12,0.1,1.0,73.0,1.61,1.3,62.0,0.5,0.4,30.0,35.0,4.0,13.0,38.0,8.06,6.5,65.0,39.0,3.97,3.2,49.0,32.0,66.0,1.49,1.2,12.0,17.0,0.37,0.3,3.0,8.0,63.0,2.0,66.0,1.0,46.0,68.0,76.0,78.0,65.0,,80.0,0.0,0.0,,61.0,0.74,0.6,6.0,56.0,0.87,0.7,7.0,0.0,87.0,90.0,92.0,94.0,72.0,67.0,0.15,0.12,1.21,84.92,66.0,76.0,39.79,32.1,321.0,76.0,46.86,37.8,378.0,99.0,0.0,0.0,,,0.0,,,,,,,0.0,0.0,,68.69,0.0,,,0.0,0.0,,19,0.0,22.22,37.0,11.11,73.0,6.0,0.5,0.4,4.0,65.0,0.87,0.7,7.0,50.0,0.25,0.2,2.0,60.0,1.12,0.9,0.0,9.0,9.0,57.0,1.49,1.2,99.0,0.0,0.0,,12.0,,,,,80.0,0.19,0.15,1.55,66.0,0.15,0.12,1.21,2026,0,1,0.22,1,0.0,0.24,0.11,2025-11-23 14:00:00,Domestic League,816,816,204,816,74,445,371,816,0,0,-1,8,127,9,0,2025/2026,2025,1
Italy_Serie_A_2025-2026,Antonio Arena,Roma,Midfielder,0,0,0,Australia,0,0,0,0,0,0,0.0,1970-01-01,0,0.0,0,0,0,0,0,0,0,0.0,eu,,,,,,,,,,,,,,,,,,,,,,,,,,,,,,,,,,,,,,,,,,,,,,,,,,,,,,,,,,,,,,,,,,,,,,,,,,,,,,,,,,,,,,,,,,,,,,,,,,,,,,,,,,,,,,,,,,,,,,,,,,,,,,,,,,,,,,,,,,,,,,,,,,,,,,,,,,,,,,,,,,,,,,,,,,,,,,,,,,,,,,,2026,0,0,0.0,0,0.0,0.0,0.0,1970-01-01 00:00:00,Domestic League,0,0,0,0,0,0,0,0,0,0,-1,-1,-1,-1,0,2025/2026,2025,0
Italy_Serie_A_2025-2026,Coli Saco,Napoli,Midfielder,23,0,0,France,0,0,0,0,0,0,0.0,2002-05-15,0,0.0,0,0,0,0,0,0,0,0.0,eu,,,,,,,,,,,,,,,,,,,,,,,,,,,,,,,,,,,,,,,,,,,,,,,,,,,,,,,,,,,,,,,,,,,,,,,,,,,,,,,,,,,,,,,,,,,,,,,,,,,,,,,,,,,,,,,,,,,,,,,,,,,,,,,,,,,,,,,,,,,,,,,,,,,,,,,,,,,,,,,,,,,,,,,,,,,,,,,,,,,,,,,2026,0,0,0.0,0,0.0,0.0,0.0,1970-01-01 00:00:00,Domestic League,0,0,0,0,0,0,0,0,0,0,-1,-1,-1,-1,0,2025/2026,2025,0
Italy_Serie_A_2025-2026,Marco Palestra,Cagliari,Midfielder,20,0,0,Italy,6,5,11,1,1,2,0.2,2005-03-03,0,0.0,1,1,2,18,5,9,14,1.39,eu,,92.0,48.03,43.91,483.0,23.0,0.5,0.45,0.0,5.0,349000.0,11.0,88.0,0.18,6.93,83.0,37.0,0.1,0.09,1.0,,,31.0,30.0,21.0,58.0,1.79,1.64,18.0,17.0,1725.0,79.0,76.0,2.78,2.55,28.0,11.0,905.0,68.0,0.3,0.27,3.0,78.0,0.2,0.18,2.0,87.0,2.69,2.45,93.0,1.59,1.45,59.0,77.0,16.0,27.0,64.0,10.04,9.18,101.0,89.0,6.56,6.0,65.0,66.0,54.0,1.29,1.18,13.0,94.0,2.69,2.45,27.0,10.0,83.0,1.0,51.0,1.0,46.0,66.0,76.0,70.0,57.0,,80.0,0.0,0.0,,59.0,0.7,0.64,7.0,59.0,0.9,0.82,9.0,0.0,87.0,30.0,18.0,57.0,83.0,28.0,0.03,0.02,0.26,83.33,58.0,30.0,20.39,18.64,205.0,22.0,24.46,22.36,246.0,99.0,0.0,0.0,,,0.0,,,,,,,0.0,0.0,,76.18,0.0,,,0.0,0.0,,2,0.0,33.33,61.0,0.0,58.0,69.0,1.39,1.27,14.0,20.0,0.2,0.18,2.0,29.0,0.1,0.09,1.0,19.0,0.3,0.27,0.0,0.0,3.0,69.0,1.79,1.64,99.0,0.0,0.0,,18.0,,,,,80.0,0.19,0.18,1.94,28.0,0.03,0.02,0.26,2026,0,0,0.2,0,0.0,0.0,0.0,2025-11-22 14:00:00,Domestic League,453,0,65,0,82,510,395,905,0,0,-1,11,169,-1,0,2025/2026,2025,0
Italy_Serie_A_2025-2026,Marko Rog,Cagliari,Midfielder,30,180,73,Croatia,0,0,0,0,0,0,0.0,1970-01-10,0,0.0,0,0,0,0,0,0,0,0.0,eu,,,,,,,,,,,,,,,,,,,,,,,,,,,,,,,,,,,,,,,,,,,,,,,,,,,,,,,,,,,,,,,,,,,,,,,,,,,,,,,,,,,,,,,,,,,,,,,,,,,,,,,,,,,,,,,,,,,,,,,,,,,,,,,,,,,,,,,,,,,,,,,,,,,,,,,,,,,,,,,,,,,,,,,,,,,,,,,,,,,,,,,2026,0,0,0.0,0,0.0,0.0,0.0,1970-01-01 00:00:00,Domestic League,0,0,0,0,0,0,0,0,0,0,-1,-1,-1,-1,0,2025/2026,2025,0
Italy_Serie_A_2025-2026,Vincenzo Sarno,Cagliari,Goalkeeper,55,189,0,,0,0,0,0,0,0,0.0,1970-01-01,0,0.0,0,0,0,0,0,0,0,0.0,eu,,,,,,,,,,,,,,,,,,,,,,,,,,,,,,,,,,,,,,,,,,,,,,,,,,,,,,,,,,,,,,,,,,,,,,,,,,,,,,,,,,,,,,,,,,,,,,,,,,,,,,,,,,,,,,,,,,,,,,,,,,,,,,,,,,,,,,,,,,,,,,,,,,,,,,,,,,,,,,,,,,,,,,,,,,,,,,,,,,,,,,,2026,0,0,0.0,0,0.0,0.0,0.0,1970-01-01 00:00:00,Domestic League,0,0,0,0,0,0,0,0,0,0,-1,-1,-1,-1,0,2025/2026,2025,0
Italy_Serie_A_2025-2026,Caleb Ansah Ekuban,Genoa,Forward,31,188,80,Ghana,6,4,10,0,0,0,0.0,1970-01-09,0,0.0,0,1,1,10,3,0,3,0.95,eu,,41.0,0.0,0.0,,92.0,3.17,0.91,0.0,10.0,960000.0,25.0,64.0,0.0,6.06,42.0,35.0,0.0,0.0,,,,31.0,30.0,3.0,49.0,1.27,0.36,4.0,57.0,0.0,41.0,54.0,0.95,0.27,3.0,11.0,284.0,17.0,1.58,0.45,5.0,99.0,0.0,0.0,,80.0,2.22,0.64,80.0,0.95,0.27,42.0,56.0,3.0,7.0,87.0,12.68,3.64,40.0,91.0,6.97,2.0,55.0,22.0,52.0,1.27,0.36,4.0,95.0,2.85,0.82,9.0,1.0,,9.0,99.0,2.0,69.0,80.0,96.0,70.0,89.0,,80.0,0.0,0.0,,33.0,0.32,0.09,1.0,86.0,1.58,0.45,5.0,0.0,65.0,30.0,57.0,69.0,1.0,94.0,0.44,0.13,1.39,69.64,13.0,7.0,12.36,3.55,39.0,7.0,17.75,5.09,56.0,99.0,0.0,0.0,,,0.0,,,,,,,0.0,0.0,,66.68,0.0,,,0.0,0.0,,18,0.0,27.27,46.0,9.09,67.0,81.0,1.58,0.45,5.0,98.0,2.54,0.73,8.0,88.0,0.95,0.27,3.0,97.0,3.49,1.0,0.0,11.0,11.0,7.0,0.0,0.0,99.0,0.0,0.0,,,,,,,32.0,0.08,0.02,0.26,92.0,0.44,0.13,1.39,2026,1,0,0.32,1,0.61,0.0,0.32,2025-10-19 13:00:00,Domestic League,0,0,95,284,28,148,136,284,0,0,-1,3,37,-1,0,2025/2026,2025,0
Italy_Serie_A_2025-2026,Kristjan Asllani,Torino,Midfielder,23,175,63,Albania,5,4,9,0,0,0,0.0,2002-03-09,3,0.44,3,2,5,56,3,4,7,1.03,eu,,85.0,37.41,25.4,254.0,13.0,0.29,0.2,0.0,2.0,4050000.0,76.0,64.0,0.0,6.1,44.0,35.0,0.0,0.0,,3.0,33.0,95.0,92.0,95.0,38.0,1.03,0.7,7.0,51.0,875.86,61.0,90.0,4.27,2.9,29.0,10.0,611.0,69.0,0.29,0.2,2.0,22.0,0.88,0.6,6.0,24.0,0.29,0.2,42.0,0.29,0.2,100.0,99.0,2.0,2.0,12.0,5.45,3.7,37.0,16.0,2.95,2.0,54.0,20.0,11.0,0.44,0.3,3.0,56.0,1.18,0.8,8.0,7.0,54.0,2.0,66.0,4.0,94.0,42.0,76.0,70.0,57.0,,80.0,0.0,0.0,,79.0,1.03,0.7,7.0,72.0,1.18,0.8,8.0,0.0,45.0,38.0,50.0,57.0,47.0,41.0,0.06,0.04,0.4,86.24,73.0,77.0,41.54,28.2,282.0,79.0,48.17,32.7,327.0,99.0,0.0,0.0,,,0.0,,,,,,,0.0,0.0,,60.97,0.0,,,0.0,0.0,,32,0.0,12.5,27.0,0.0,58.0,54.0,1.18,0.8,8.0,70.0,1.03,0.7,7.0,35.0,0.15,0.1,1.0,62.0,1.18,0.8,0.0,0.0,8.0,49.0,1.33,0.9,99.0,0.0,0.0,,9.0,,,,,66.0,0.15,0.1,1.0,41.0,0.06,0.04,0.4,2026,0,0,0.0,0,0.0,0.0,0.0,2025-10-26 11:30:00,Domestic League,0,204,87,0,68,296,315,611,0,0,-1,8,200,-1,0,2025/2026,2025,3
Italy_Serie_A_2025-2026,Roberto Piccoli,Fiorentina,Forward,24,187,78,Italy,4,6,10,0,0,0,0.0,1970-01-12,0,0.0,2,0,2,20,3,3,6,1.2,eu,,41.0,0.0,0.0,,98.0,4.59,2.09,0.0,23.0,3700000.0,72.0,64.0,0.0,6.11,46.0,35.0,0.0,0.0,,,,31.0,30.0,25.0,11.0,0.4,0.18,2.0,32.0,0.0,41.0,40.0,0.4,0.18,2.0,11.0,451.0,34.0,1.0,0.45,5.0,99.0,0.0,0.0,,59.0,1.2,0.55,66.0,0.6,0.27,50.0,69.0,3.0,6.0,94.0,15.37,7.0,77.0,94.0,7.38,3.36,48.0,37.0,73.0,1.6,0.73,8.0,78.0,1.8,0.82,9.0,4.0,22.0,6.0,95.0,5.0,98.0,66.0,92.0,70.0,79.0,,96.0,0.2,0.09,1.0,52.0,0.6,0.27,3.0,52.0,0.8,0.36,4.0,0.0,65.0,30.0,33.0,80.0,26.0,90.0,0.35,0.16,1.76,54.1,2.0,1.0,6.59,3.0,33.0,2.0,12.17,5.55,61.0,99.0,0.0,0.0,,,0.0,,,,,,,0.0,0.0,,67.25,0.0,,,0.0,0.0,,91,0.0,35.71,64.0,7.14,63.0,57.0,1.2,0.55,6.0,92.0,1.8,0.82,9.0,89.0,1.0,0.45,5.0,92.0,2.79,1.27,0.0,14.0,14.0,16.0,0.4,0.18,99.0,0.0,0.0,,2.0,,,,,7.0,0.04,0.02,0.22,88.0,0.35,0.16,1.76,2026,1,0,0.2,1,0.47,0.0,0.2,2025-11-22 17:00:00,Domestic League,0,0,75,451,45,190,261,451,0,0,-1,5,78,-1,0,2025/2026,2025,0
Italy_Serie_A_2025-2026,Hans Nicolussi Caviglia,Fiorentina,Midfielder,25,180,71,Italy,3,5,8,0,1,1,0.16,1970-01-12,2,0.31,1,0,1,13,4,6,10,1.57,eu,,80.0,31.94,18.45,203.0,30.0,0.63,0.36,0.0,4.0,2090000.0,54.0,80.0,0.12,4.87,16.0,35.0,0.0,0.0,,2.0,25.0,88.0,80.0,7.0,41.0,1.1,0.64,7.0,8.0,725.0,57.0,91.0,4.41,2.55,28.0,11.0,572.0,8.0,2.05,1.18,13.0,40.0,0.63,0.36,4.0,50.0,0.94,0.55,44.0,0.31,0.18,33.0,42.0,2.0,6.0,68.0,10.38,6.0,66.0,63.0,5.03,2.91,48.0,32.0,91.0,2.2,1.27,14.0,87.0,2.2,1.27,14.0,7.0,54.0,1.0,51.0,2.0,69.0,58.0,76.0,70.0,57.0,,80.0,0.0,0.0,,32.0,0.31,0.18,2.0,80.0,1.42,0.82,9.0,0.0,30.0,50.0,8.0,57.0,44.0,33.0,0.04,0.02,0.25,81.76,52.0,72.0,38.08,22.0,242.0,76.0,46.57,26.91,296.0,99.0,0.0,0.0,,,0.0,,,,,,,0.0,0.0,,53.6,0.0,,,0.0,0.0,,14,0.0,25.0,44.0,0.0,58.0,87.0,1.73,1.0,11.0,42.0,0.47,0.27,3.0,36.0,0.16,0.09,1.0,37.0,0.63,0.36,0.0,0.0,4.0,75.0,1.89,1.09,99.0,0.0,0.0,,12.0,,,,,88.0,0.23,0.13,1.44,32.0,0.04,0.02,0.25,2026,0,0,0.16,0,0.0,0.0,0.0,2025-11-09 14:00:00,Domestic League,572,286,57,0,72,257,315,572,0,0,-1,8,208,-1,0,2025/2026,2025,2
Italy_Serie_A_2025-2026,Armel Bella-Kotchap,Hellas Verona,Defender,23,190,87,Germany,4,4,8,0,0,0,0.0,2001-12-11,1,0.18,1,1,2,25,3,4,7,1.25,eu,,41.0,0.0,0.0,,89.0,2.83,1.44,0.0,13.0,1620000.0,43.0,64.0,0.0,5.12,20.0,99.0,1.3,0.67,6.0,1.0,12.0,60.0,57.0,37.0,98.0,6.52,3.33,30.0,29.0,0.0,41.0,29.0,0.22,0.11,1.0,9.0,414.0,99.0,0.0,0.0,,99.0,0.0,0.0,,13.0,0.0,0.0,20.0,0.0,0.0,0.0,20.0,,,28.0,7.39,3.78,34.0,56.0,4.78,2.44,64.0,22.0,83.0,1.96,1.0,9.0,69.0,1.52,0.78,7.0,3.0,9.0,4.0,86.0,,17.0,42.0,76.0,70.0,57.0,,80.0,0.0,0.0,,98.0,1.74,0.89,8.0,21.0,0.22,0.11,1.0,0.0,30.0,77.0,30.0,57.0,35.0,15.0,0.01,0.0,0.04,80.99,46.0,43.0,25.0,12.78,115.0,40.0,30.87,15.78,142.0,2.0,0.22,0.11,1.0,,0.0,,,,,,,0.0,0.0,,46.04,0.0,,,0.0,0.0,,37,0.0,0.0,25.0,0.0,58.0,88.0,1.74,0.89,8.0,22.0,0.22,0.11,1.0,25.0,0.0,0.0,,15.0,0.22,0.11,0.0,0.0,1.0,21.0,0.65,0.33,99.0,0.0,0.0,,3.0,,,,,12.0,0.05,0.03,0.25,15.0,0.01,0.0,0.04,2026,0,0,0.0,0,0.0,0.0,0.0,2025-11-23 11:30:00,Domestic League,0,502,72,0,63,230,272,502,0,0,-1,11,205,91,0,2025/2026,2025,1
Italy_Serie_A_2025-2026,Almoatasembellah Ali Mohamed Al musrati,Hellas Verona,Midfielder,29,193,80,Libya,1,2,3,0,0,0,0.0,1970-01-10,1,0.92,0,1,1,33,1,1,2,1.84,eu,,41.0,0.0,0.0,,3.0,0.0,0.0,0.0,,,8.0,64.0,0.0,2.62,1.0,99.0,1.67,0.2,1.0,,,31.0,99.0,50.0,77.0,3.33,0.4,2.0,2.0,0.0,41.0,18.0,0.0,0.0,,5.0,54.0,15.0,1.67,0.2,1.0,3.0,1.67,0.2,1.0,13.0,0.0,0.0,20.0,0.0,0.0,0.0,20.0,,,41.0,8.33,1.0,5.0,7.0,1.67,0.2,20.0,1.0,98.0,3.33,0.4,2.0,2.0,0.0,0.0,,,,2.0,66.0,,17.0,42.0,76.0,70.0,57.0,,80.0,0.0,0.0,,96.0,1.67,0.2,1.0,88.0,1.67,0.2,1.0,0.0,,31.0,2.0,57.0,,11.0,0.0,0.0,0.0,85.19,68.0,73.0,38.33,4.6,23.0,73.0,45.0,5.4,27.0,99.0,0.0,0.0,,,0.0,,,,,,,0.0,0.0,,13.12,0.0,,,0.0,0.0,,73,0.0,0.0,25.0,0.0,58.0,85.0,1.67,0.2,1.0,12.0,0.0,0.0,,25.0,0.0,0.0,,10.0,0.0,0.0,0.0,0.0,,64.0,1.67,0.2,99.0,0.0,0.0,,1.0,,,,,73.0,0.17,0.02,0.1,11.0,0.0,0.0,0.0,2026,0,0,0.0,0,0.0,0.0,0.0,1970-01-01 00:00:00,Domestic League,0,98,49,0,33,44,54,98,0,0,-1,10,-1,-1,0,2025/2026,2025,1
Italy_Serie_A_2025-2026,Ioan Vermesan,Hellas Verona,Forward,19,0,0,Romania,0,0,0,0,0,0,0.0,2006-10-18,0,0.0,0,0,0,0,0,0,0,0.0,eu,,,,,,,,,,,,,,,,,,,,,,,,,,,,,,,,,,,,,,,,,,,,,,,,,,,,,,,,,,,,,,,,,,,,,,,,,,,,,,,,,,,,,,,,,,,,,,,,,,,,,,,,,,,,,,,,,,,,,,,,,,,,,,,,,,,,,,,,,,,,,,,,,,,,,,,,,,,,,,,,,,,,,,,,,,,,,,,,,,,,,,,2026,0,0,0.0,0,0.0,0.0,0.0,1970-01-01 00:00:00,Domestic League,0,0,0,0,0,0,0,0,0,0,-1,-1,-1,-1,0,2025/2026,2025,0
Italy_Serie_A_2025-2026,Hakan Çalhanoğlu,Inter Milan,Midfielder,31,178,76,Turkey,5,4,9,1,0,1,0.13,1970-01-09,1,0.13,2,2,4,44,6,2,8,1.03,eu,,93.0,49.81,38.8,388.0,31.0,0.64,0.5,0.0,5.0,12040000.0,98.0,76.0,0.11,6.97,84.0,44.0,0.13,0.1,1.0,1.0,11.0,57.0,46.0,71.0,29.0,0.77,0.6,6.0,51.0,994.87,66.0,94.0,5.01,3.9,39.0,10.0,701.0,55.0,0.51,0.4,4.0,39.0,0.64,0.5,5.0,34.0,0.51,0.4,51.0,0.39,0.3,75.0,91.0,3.0,4.0,15.0,6.16,4.8,48.0,26.0,3.47,2.7,56.0,27.0,48.0,1.16,0.9,9.0,38.0,0.77,0.6,6.0,9.0,73.0,,34.0,3.0,86.0,97.0,97.0,96.0,98.0,,90.0,0.13,0.1,1.0,72.0,0.9,0.7,7.0,95.0,2.18,1.7,17.0,0.0,45.0,85.0,50.0,59.0,58.0,94.0,0.43,0.34,3.36,90.51,92.0,99.0,71.0,55.3,553.0,99.0,78.45,61.1,611.0,99.0,0.0,0.0,,,0.0,2.0,,,2.0,,,0.0,0.0,,69.75,0.0,,,0.0,0.0,,20,0.0,32.0,51.0,20.0,88.0,53.0,1.16,0.9,9.0,96.0,2.18,1.7,17.0,90.0,1.03,0.8,8.0,96.0,3.21,2.5,0.0,5.0,25.0,64.0,1.67,1.3,99.0,0.0,0.0,,13.0,,,11.0,1.0,91.0,0.28,0.22,2.19,98.0,0.61,0.48,4.76,2026,3,2,0.77,5,0.68,0.59,0.64,2025-11-09 19:45:00,Domestic League,699,699,87,140,78,396,303,699,2,0,100,1,6,-1,0,2025/2026,2025,1
Italy_Serie_A_2025-2026,Francesco Pio Esposito,Inter Milan,Forward,0,0,0,Italy,4,5,9,0,0,0,0.0,1970-01-01,1,0.27,2,2,4,44,1,1,2,0.54,eu,,41.0,0.0,0.0,0.0,91.0,2.98,1.1,0.0,11.0,2310000.0,58.0,64.0,0.0,6.01,39.0,35.0,0.0,0.0,0.0,1.0,11.0,57.0,74.0,71.0,30.0,0.81,0.3,3.0,86.0,0.0,41.0,18.0,0.0,0.0,0.0,10.0,332.0,11.0,1.9,0.7,7.0,99.0,0.0,0.0,0.0,45.0,0.81,0.3,38.0,0.27,0.1,33.0,42.0,1.0,3.0,94.0,15.18,5.6,56.0,96.0,7.59,2.8,50.0,28.0,94.0,2.44,0.9,9.0,99.0,4.34,1.6,16.0,2.0,4.0,7.0,98.0,2.0,69.0,74.0,98.0,70.0,85.0,0.0,80.0,0.0,0.0,0.0,47.0,0.54,0.2,2.0,69.0,1.08,0.4,4.0,0.0,45.0,57.0,85.0,73.0,7.0,93.0,0.4,0.15,1.46,69.89,13.0,21.0,17.62,6.5,65.0,26.0,25.21,9.3,93.0,99.0,0.0,0.0,0.0,0.0,0.0,0.0,0.0,0.0,0.0,0.0,0.0,0.0,0.0,0.0,60.13,0.0,0.0,0.0,0.0,0.0,0.0,94,0.0,30.77,50.0,7.69,64.0,10.0,0.54,0.2,2.0,97.0,2.44,0.9,9.0,91.0,1.08,0.4,4.0,98.0,3.52,1.3,0.0,13.0,13.0,7.0,0.0,0.0,99.0,0.0,0.0,0.0,0.0,0.0,0.0,0.0,0.0,32.0,0.08,0.03,0.28,90.0,0.4,0.15,1.46,2026,1,0,0.27,1,0.76,0.0,0.27,2025-10-29 19:45:00,Domestic League,0,332,166,332,37,118,214,332,0,0,-1,7,53,-1,0,2025/2026,2025,1
Italy_Serie_A_2025-2026,Adam Buksa,Udinese,Forward,29,193,78,Poland,5,4,9,0,0,0,0.0,1970-01-10,1,0.22,1,1,2,22,3,2,5,1.1,eu,,41.0,0.0,0.0,0.0,99.0,5.5,2.5,0.0,25.0,2090000.0,54.0,64.0,0.0,6.03,40.0,35.0,0.0,0.0,0.0,1.0,11.0,57.0,63.0,29.0,62.0,1.98,0.9,9.0,44.0,0.0,41.0,29.0,0.22,0.1,1.0,10.0,409.0,24.0,1.32,0.6,6.0,37.0,0.66,0.3,3.0,22.0,0.22,0.1,20.0,0.0,0.0,0.0,20.0,0.0,1.0,97.0,17.16,7.8,78.0,98.0,8.36,3.8,48.0,38.0,70.0,1.54,0.7,7.0,91.0,2.42,1.1,11.0,2.0,4.0,7.0,98.0,3.0,86.0,68.0,76.0,91.0,81.0,0.0,80.0,0.0,0.0,0.0,24.0,0.22,0.1,1.0,57.0,0.88,0.4,4.0,0.0,45.0,68.0,45.0,77.0,19.0,72.0,0.19,0.09,0.87,58.44,3.0,3.0,9.9,4.5,45.0,5.0,16.94,7.7,77.0,99.0,0.0,0.0,0.0,0.0,0.0,0.0,0.0,0.0,0.0,0.0,0.0,0.0,0.0,0.0,60.29,0.0,0.0,0.0,0.0,0.0,0.0,18,0.0,66.67,97.0,33.33,97.0,88.0,1.76,0.8,8.0,22.0,0.22,0.1,1.0,65.0,0.44,0.2,2.0,39.0,0.66,0.3,0.0,3.0,3.0,31.0,0.88,0.4,99.0,0.0,0.0,0.0,4.0,0.0,0.0,0.0,0.0,20.0,0.06,0.03,0.26,71.0,0.19,0.09,0.87,2026,0,1,0.22,1,0.0,0.45,0.22,2025-11-09 17:00:00,Domestic League,0,409,82,409,45,208,201,409,0,0,-1,7,67,-1,0,2025/2026,2025,1
Italy_Serie_A_2025-2026,Gioele Venuti,Udinese,Goalkeeper,55,0,0,,0,0,0,0,0,0,0.0,1970-01-01,0,0.0,0,0,0,0,0,0,0,0.0,eu,,,,,,,,,,,,,,,,,,,,,,,,,,,,,,,,,,,,,,,,,,,,,,,,,,,,,,,,,,,,,,,,,,,,,,,,,,,,,,,,,,,,,,,,,,,,,,,,,,,,,,,,,,,,,,,,,,,,,,,,,,,,,,,,,,,,,,,,,,,,,,,,,,,,,,,,,,,,,,,,,,,,,,,,,,,,,,,,,,,,,,,2026,0,0,0.0,0,0.0,0.0,0.0,1970-01-01 00:00:00,Domestic League,0,0,0,0,0,0,0,0,0,0,-1,-1,-1,-1,0,2025/2026,2025,0
Italy_Serie_A_2025-2026,Andrea Belotti,Cagliari,Forward,31,181,72,Italy,1,2,3,0,0,0,0.0,1970-01-09,0,0.0,0,1,1,33,1,1,2,0.94,eu,,41.0,0.0,0.0,0.0,89.0,2.83,2.0,0.0,6.0,3470000.0,69.0,64.0,0.0,7.22,95.0,35.0,0.0,0.0,0.0,0.0,0.0,31.0,30.0,50.0,35.0,0.94,0.67,2.0,58.0,0.0,41.0,43.0,0.47,0.33,1.0,3.0,191.0,22.0,1.41,1.0,3.0,54.0,0.47,0.33,1.0,50.0,0.94,0.67,58.0,0.47,0.33,50.0,69.0,1.0,2.0,92.0,14.61,10.33,31.0,84.0,6.13,4.33,41.0,13.0,61.0,1.41,1.0,3.0,97.0,3.3,2.33,7.0,3.0,9.0,0.0,34.0,2.0,69.0,98.0,99.0,70.0,99.0,0.0,80.0,0.0,0.0,0.0,90.0,1.41,1.0,3.0,35.0,0.47,0.33,1.0,0.0,0.0,30.0,58.0,57.0,0.0,97.0,0.5,0.35,1.06,75.0,25.0,3.0,9.9,7.0,21.0,2.0,13.19,9.33,28.0,99.0,0.0,0.0,0.0,0.0,0.0,1.0,1.0,0.0,1.0,0.0,0.0,0.0,0.0,0.0,21.66,0.0,0.0,0.0,0.0,0.0,0.0,19,0.0,66.67,97.0,33.33,97.0,37.0,0.94,0.67,2.0,66.0,0.94,0.67,2.0,99.0,1.88,1.33,4.0,92.0,2.83,2.0,0.0,3.0,6.0,7.0,0.0,0.0,99.0,0.0,0.0,0.0,0.0,0.0,0.0,0.0,0.0,7.0,0.04,0.03,0.08,99.0,0.83,0.59,1.76,2026,2,0,0.94,2,2.47,0.0,0.94,2025-09-27 18:45:00,Domestic League,0,0,96,96,64,73,118,191,1,0,100,3,-1,-1,0,2025/2026,2025,0
Italy_Serie_A_2025-2026,Nicola Pintus,Cagliari,Midfielder,20,0,0,Italy,0,0,0,0,0,0,0.0,2005-05-25,0,0.0,0,0,0,0,0,0,0,0.0,eu,,,,,,,,,,,,,,,,,,,,,,,,,,,,,,,,,,,,,,,,,,,,,,,,,,,,,,,,,,,,,,,,,,,,,,,,,,,,,,,,,,,,,,,,,,,,,,,,,,,,,,,,,,,,,,,,,,,,,,,,,,,,,,,,,,,,,,,,,,,,,,,,,,,,,,,,,,,,,,,,,,,,,,,,,,,,,,,,,,,,,,,2026,0,0,0.0,0,0.0,0.0,0.0,1970-01-01 00:00:00,Domestic League,0,0,0,0,0,0,0,0,0,0,-1,-1,-1,-1,0,2025/2026,2025,0
Italy_Serie_A_2025-2026,Joseph Liteta,Cagliari,Midfielder,19,0,0,Zambia,1,0,1,0,0,0,0.0,2006-02-22,0,0.0,0,0,0,0,1,0,1,1.96,eu,,41.0,0.0,0.0,0.0,96.0,3.91,0.33,0.0,2.0,52718.0,8.0,64.0,0.0,1.06,0.0,35.0,0.0,0.0,0.0,0.0,0.0,31.0,30.0,1.0,3.0,0.0,0.0,0.0,1.0,0.0,41.0,18.0,0.0,0.0,0.0,6.0,46.0,10.0,1.96,0.17,1.0,1.0,1.96,0.17,1.0,13.0,0.0,0.0,20.0,0.0,0.0,0.0,20.0,0.0,0.0,61.0,9.78,0.83,5.0,37.0,3.91,0.33,40.0,2.0,6.0,0.0,0.0,0.0,2.0,0.0,0.0,0.0,1.0,0.0,0.0,34.0,2.0,69.0,42.0,76.0,70.0,57.0,0.0,80.0,0.0,0.0,0.0,98.0,1.96,0.17,1.0,12.0,0.0,0.0,0.0,0.0,0.0,30.0,1.0,57.0,0.0,11.0,0.0,0.0,0.0,81.25,48.0,88.0,50.87,4.33,26.0,94.0,62.61,5.33,32.0,99.0,0.0,0.0,0.0,0.0,0.0,0.0,0.0,0.0,0.0,0.0,0.0,0.0,0.0,0.0,6.35,0.0,0.0,0.0,0.0,0.0,0.0,27,0.0,0.0,25.0,0.0,58.0,91.0,1.96,0.17,1.0,12.0,0.0,0.0,0.0,25.0,0.0,0.0,0.0,10.0,0.0,0.0,0.0,0.0,0.0,7.0,0.0,0.0,99.0,0.0,0.0,0.0,0.0,0.0,0.0,0.0,0.0,44.0,0.1,0.01,0.05,11.0,0.0,0.0,0.0,2026,0,0,0.0,0,0.0,0.0,0.0,2025-10-26 14:00:00,Domestic League,0,0,46,0,46,46,0,46,0,0,-1,10,-1,-1,0,2025/2026,2025,0
Italy_Serie_A_2025-2026,José Pedro da Silva Figueiredo Freitas,Cagliari,Defender,28,187,73,Portugal,2,4,6,0,0,0,0.0,1970-01-11,0,0.0,0,1,1,17,3,4,7,1.79,eu,,41.0,0.0,0.0,0.0,72.0,1.79,0.78,0.0,7.0,0.0,8.0,64.0,0.0,3.54,3.0,99.0,1.28,0.56,5.0,0.0,0.0,31.0,30.0,17.0,96.0,6.14,2.67,24.0,2.0,0.0,41.0,18.0,0.0,0.0,0.0,9.0,352.0,99.0,0.0,0.0,0.0,15.0,1.02,0.44,4.0,13.0,0.0,0.0,20.0,0.0,0.0,0.0,20.0,0.0,0.0,50.0,8.95,3.89,35.0,47.0,4.35,1.89,48.0,17.0,53.0,1.28,0.56,5.0,69.0,1.53,0.67,6.0,4.0,22.0,2.0,66.0,1.0,46.0,42.0,76.0,70.0,57.0,0.0,80.0,0.0,0.0,0.0,62.0,0.77,0.33,3.0,12.0,0.0,0.0,0.0,0.0,9.0,30.0,2.0,57.0,11.0,11.0,0.0,0.0,0.0,88.0,80.0,88.0,50.62,22.0,198.0,90.0,57.53,25.0,225.0,99.0,0.0,0.0,0.0,0.0,0.0,0.0,0.0,0.0,0.0,0.0,0.0,0.0,0.0,0.0,31.86,0.0,0.0,0.0,0.0,0.0,0.0,32,0.0,0.0,25.0,0.0,58.0,89.0,1.79,0.78,7.0,12.0,0.0,0.0,0.0,25.0,0.0,0.0,0.0,10.0,0.0,0.0,0.0,0.0,0.0,46.0,1.28,0.56,99.0,0.0,0.0,0.0,5.0,0.0,0.0,0.0,0.0,51.0,0.11,0.05,0.42,11.0,0.0,0.0,0.0,2026,0,0,0.0,0,0.0,0.0,0.0,2025-10-30 17:30:00,Domestic League,0,0,50,0,59,180,172,352,0,0,-1,9,201,131,0,2025/2026,2025,0
Italy_Serie_A_2025-2026,Benjamin Cremaschi,Parma,Forward,20,0,0,USA,1,1,2,0,0,0,0.0,2005-03-02,0,0.0,0,0,0,0,1,0,1,6.92,eu,,41.0,0.0,0.0,0.0,3.0,0.0,0.0,0.0,0.0,162000.0,8.0,64.0,0.0,0.92,0.0,99.0,6.43,0.14,1.0,0.0,0.0,31.0,30.0,1.0,98.0,6.43,0.14,1.0,0.0,0.0,41.0,18.0,0.0,0.0,0.0,7.0,14.0,99.0,0.0,0.0,0.0,0.0,6.43,0.14,1.0,13.0,0.0,0.0,20.0,0.0,0.0,0.0,20.0,0.0,0.0,99.0,19.29,0.43,3.0,88.0,6.43,0.14,33.0,1.0,6.0,0.0,0.0,0.0,2.0,0.0,0.0,0.0,0.0,0.0,2.0,66.0,0.0,17.0,42.0,76.0,70.0,57.0,0.0,80.0,0.0,0.0,0.0,15.0,0.0,0.0,0.0,12.0,0.0,0.0,0.0,0.0,0.0,30.0,0.0,57.0,0.0,11.0,0.0,0.0,0.0,100.0,99.0,1.0,6.43,0.14,1.0,0.0,6.43,0.14,1.0,99.0,0.0,0.0,0.0,0.0,0.0,0.0,0.0,0.0,0.0,0.0,0.0,0.0,0.0,0.0,6.46,0.0,0.0,0.0,0.0,0.0,0.0,25,0.0,0.0,25.0,0.0,58.0,99.0,6.43,0.14,1.0,12.0,0.0,0.0,0.0,25.0,0.0,0.0,0.0,10.0,0.0,0.0,0.0,0.0,0.0,99.0,6.43,0.14,99.0,0.0,0.0,0.0,1.0,0.0,0.0,0.0,0.0,0.0,0.0,0.0,0.0,11.0,0.0,0.0,0.0,2026,0,0,0.0,0,0.0,0.0,0.0,1970-01-01 00:00:00,Domestic League,0,0,13,0,7,13,0,13,0,0,-1,8,-1,-1,0,2025/2026,2025,0
Italy_Serie_A_2025-2026,Nicolas Trabucchi,Parma,Midfielder,18,0,0,Italy,0,0,0,0,0,0,0.0,2007-08-17,0,0.0,0,0,0,0,0,0,0,0.0,eu,,,,,,,,,,,,,,,,,,,,,,,,,,,,,,,,,,,,,,,,,,,,,,,,,,,,,,,,,,,,,,,,,,,,,,,,,,,,,,,,,,,,,,,,,,,,,,,,,,,,,,,,,,,,,,,,,,,,,,,,,,,,,,,,,,,,,,,,,,,,,,,,,,,,,,,,,,,,,,,,,,,,,,,,,,,,,,,,,,,,,,,2026,0,0,0.0,0,0.0,0.0,0.0,1970-01-01 00:00:00,Domestic League,0,0,0,0,0,0,0,0,0,0,-1,-1,-1,-1,0,2025/2026,2025,0
Italy_Serie_A_2025-2026,Mattia Perin,Juventus,Goalkeeper,33,188,74,Italy,1,0,1,0,0,0,0.0,1970-01-09,0,0.0,0,0,0,0,1,0,1,1.0,eu,,41.0,0.0,0.0,0.0,3.0,0.0,0.0,0.0,0.0,3470000.0,69.0,64.0,0.0,0.67,0.0,35.0,0.0,0.0,0.0,0.0,0.0,31.0,30.0,1.0,3.0,0.0,0.0,0.0,54.0,0.0,41.0,18.0,0.0,0.0,0.0,10.0,90.0,99.0,0.0,0.0,0.0,99.0,0.0,0.0,0.0,13.0,0.0,0.0,20.0,0.0,0.0,0.0,20.0,0.0,0.0,0.0,0.0,0.0,0.0,1.0,0.0,0.0,0.0,0.0,6.0,0.0,0.0,0.0,2.0,0.0,0.0,0.0,1.0,0.0,0.0,34.0,0.0,17.0,42.0,76.0,70.0,57.0,0.0,80.0,0.0,0.0,0.0,15.0,0.0,0.0,0.0,12.0,0.0,0.0,0.0,0.0,0.0,30.0,54.0,57.0,0.0,11.0,0.0,0.0,0.0,100.0,99.0,14.0,15.0,1.5,15.0,3.0,15.0,1.5,15.0,99.0,0.0,0.0,0.0,0.0,0.0,0.0,0.0,0.0,0.0,0.0,0.0,0.0,0.0,0.0,6.69,66.67,36.0,20.0,2.0,0.2,2.0,1,0.0,0.0,25.0,0.0,58.0,94.0,3.0,0.3,3.0,12.0,0.0,0.0,0.0,25.0,0.0,0.0,0.0,10.0,0.0,0.0,0.0,0.0,0.0,7.0,0.0,0.0,99.0,0.0,0.0,0.0,0.0,0.0,0.0,0.0,0.0,3.0,0.03,0.0,0.03,11.0,0.0,0.0,0.0,2026,0,0,0.0,0,0.0,0.0,0.0,2025-10-26 19:45:00,Domestic League,0,0,90,0,90,90,0,90,0,0,-1,15,-1,-1,0,2025/2026,2025,0
Italy_Serie_A_2025-2026,Lois Openda,Juventus,Forward,25,177,0,Belgium,4,5,9,0,0,0,0.0,1970-01-12,0,0.0,0,2,2,22,0,3,3,0.91,eu,,79.0,30.41,10.0,100.0,55.0,1.22,0.4,0.0,4.0,9260000.0,97.0,64.0,0.0,5.37,23.0,35.0,0.0,0.0,0.0,0.0,0.0,31.0,30.0,29.0,8.0,0.3,0.1,1.0,61.0,1428.57,76.0,71.0,2.13,0.7,7.0,10.0,296.0,26.0,1.22,0.4,4.0,99.0,0.0,0.0,0.0,79.0,2.13,0.7,87.0,1.22,0.4,57.0,74.0,4.0,7.0,82.0,11.86,3.9,39.0,90.0,6.69,2.2,56.0,22.0,17.0,0.61,0.2,2.0,98.0,3.34,1.1,11.0,3.0,9.0,6.0,95.0,2.0,69.0,42.0,76.0,70.0,57.0,0.0,80.0,0.0,0.0,0.0,30.0,0.3,0.1,1.0,59.0,0.91,0.3,3.0,0.0,45.0,30.0,61.0,57.0,3.0,83.0,0.28,0.09,0.93,72.29,18.0,23.0,18.24,6.0,60.0,26.0,25.24,8.3,83.0,99.0,0.0,0.0,0.0,0.0,0.0,0.0,0.0,0.0,0.0,0.0,0.0,0.0,0.0,0.0,53.74,0.0,0.0,0.0,0.0,0.0,0.0,20,0.0,15.38,29.0,0.0,58.0,34.0,0.91,0.3,3.0,99.0,3.34,1.1,11.0,75.0,0.61,0.2,2.0,99.0,3.95,1.3,0.0,0.0,13.0,44.0,1.22,0.4,99.0,0.0,0.0,0.0,4.0,0.0,0.0,0.0,0.0,38.0,0.09,0.03,0.28,80.0,0.28,0.09,0.93,2026,0,0,0.0,0,0.0,0.0,0.0,2025-11-01 19:45:00,Domestic League,0,0,99,0,33,111,185,296,0,0,-1,14,199,-1,0,2025/2026,2025,0
Italy_Serie_A_2025-2026,Juan David Cabal Murillo,Juventus,Defender,24,0,0,Colombia,1,2,3,0,0,0,0.0,1970-01-12,1,1.67,0,0,0,0,0,1,1,1.67,eu,,41.0,0.0,0.0,0.0,3.0,0.0,0.0,0.0,0.0,0.0,8.0,64.0,0.0,4.97,17.0,35.0,0.0,0.0,0.0,1.0,33.0,95.0,99.0,1.0,77.0,3.33,0.5,2.0,6.0,0.0,41.0,18.0,0.0,0.0,0.0,4.0,54.0,99.0,0.0,0.0,0.0,99.0,0.0,0.0,0.0,13.0,0.0,0.0,20.0,0.0,0.0,0.0,20.0,0.0,0.0,41.0,8.33,1.25,5.0,7.0,1.67,0.25,20.0,1.0,98.0,3.33,0.5,2.0,2.0,0.0,0.0,0.0,0.0,0.0,3.0,78.0,0.0,17.0,99.0,76.0,99.0,99.0,0.0,80.0,0.0,0.0,0.0,96.0,1.67,0.25,1.0,12.0,0.0,0.0,0.0,0.0,0.0,30.0,6.0,57.0,0.0,99.0,1.27,0.19,0.76,81.82,52.0,56.0,30.0,4.5,18.0,55.0,36.67,5.5,22.0,99.0,0.0,0.0,0.0,0.0,0.0,0.0,0.0,0.0,0.0,0.0,0.0,0.0,0.0,0.0,19.87,0.0,0.0,0.0,0.0,0.0,0.0,32,0.0,50.0,89.0,50.0,99.0,85.0,1.67,0.25,1.0,90.0,1.67,0.25,1.0,99.0,1.67,0.25,1.0,96.0,3.33,0.5,0.0,2.0,2.0,64.0,1.67,0.25,99.0,0.0,0.0,0.0,1.0,0.0,0.0,0.0,0.0,28.0,0.07,0.01,0.04,99.0,1.27,0.19,0.76,2026,0,1,1.67,1,0.0,3.0,1.67,1970-01-01 00:00:00,Domestic League,0,54,54,54,18,24,30,54,0,0,-1,6,-1,-1,0,2025/2026,2025,1
Italy_Serie_A_2025-2026,Manuel Obafemi Akanji,Inter Milan,Defender,30,188,91,Switzerland,5,4,9,0,0,0,0.0,1970-01-10,1,0.11,2,2,4,44,7,2,9,1.0,eu,,58.0,16.67,16.67,150.0,50.0,1.11,1.11,0.0,10.0,7750000.0,94.0,64.0,0.0,7.03,90.0,77.0,0.44,0.44,4.0,1.0,11.0,57.0,42.0,71.0,82.0,3.56,3.56,32.0,54.0,5000.0,94.0,36.0,0.33,0.33,3.0,9.0,810.0,82.0,0.11,0.11,1.0,76.0,0.22,0.22,2.0,17.0,0.11,0.11,25.0,0.11,0.11,100.0,99.0,1.0,1.0,12.0,5.56,5.56,50.0,24.0,3.44,3.44,62.0,31.0,20.0,0.67,0.67,6.0,20.0,0.44,0.44,4.0,9.0,73.0,0.0,34.0,0.0,17.0,42.0,76.0,70.0,57.0,0.0,80.0,0.0,0.0,0.0,63.0,0.78,0.78,7.0,29.0,0.33,0.33,3.0,0.0,45.0,90.0,54.0,57.0,71.0,39.0,0.05,0.05,0.44,90.8,94.0,98.0,68.0,68.0,612.0,98.0,74.89,74.89,674.0,99.0,0.0,0.0,0.0,0.0,0.0,0.0,0.0,0.0,0.0,0.0,0.0,0.0,0.0,0.0,63.3,0.0,0.0,0.0,0.0,0.0,0.0,25,0.0,16.67,31.0,0.0,58.0,50.0,1.11,1.11,10.0,50.0,0.56,0.56,5.0,31.0,0.11,0.11,1.0,40.0,0.67,0.67,0.0,0.0,6.0,68.0,1.78,1.78,99.0,0.0,0.0,0.0,16.0,0.0,0.0,0.0,0.0,63.0,0.14,0.14,1.23,38.0,0.05,0.05,0.44,2026,0,0,0.0,0,0.0,0.0,0.0,2025-11-09 19:45:00,Domestic League,0,810,90,0,90,450,360,810,0,0,-1,24,193,63,0,2025/2026,2025,1
Italy_Serie_A_2025-2026,Tariq Kwame Nii-Lante Lamptey,Fiorentina,Defender,25,163,55,Ghana,0,2,2,0,0,0,0.0,1970-01-12,0,0.0,0,0,0,0,0,0,0,0.0,eu,,99.0,360.0,50.0,100.0,3.0,0.0,0.0,0.0,,2890000.0,65.0,64.0,0.0,6.67,64.0,35.0,0.0,0.0,,,,31.0,30.0,1.0,3.0,0.0,0.0,,99.0,9999.99,99.0,85.0,3.6,0.5,1.0,2.0,25.0,99.0,0.0,0.0,,99.0,0.0,0.0,,13.0,0.0,0.0,20.0,0.0,0.0,0.0,20.0,,,72.0,10.8,1.5,3.0,92.0,7.2,1.0,66.0,2.0,6.0,0.0,0.0,,2.0,0.0,0.0,,1.0,,1.0,51.0,2.0,69.0,42.0,76.0,70.0,57.0,,80.0,0.0,0.0,,15.0,0.0,0.0,,99.0,7.2,1.0,2.0,0.0,,30.0,,57.0,,11.0,0.0,0.0,0.0,70.0,13.0,43.0,25.2,3.5,7.0,54.0,36.0,5.0,10.0,99.0,0.0,0.0,,,0.0,,,,,,,0.0,0.0,,13.34,0.0,,,0.0,0.0,,48,0.0,0.0,25.0,0.0,58.0,,0.0,0.0,,12.0,0.0,0.0,,25.0,0.0,0.0,,10.0,0.0,0.0,0.0,0.0,,99.0,7.2,1.0,99.0,0.0,0.0,,2.0,,,,,94.0,0.32,0.04,0.09,11.0,0.0,0.0,0.0,2026,0,0,0.0,0,0.0,0.0,0.0,2025-09-21 16:00:00,Domestic League,0,0,0,0,13,0,25,25,0,0,-1,23,-1,-1,0,2025/2026,2025,0
Italy_Serie_A_2025-2026,Rasmus Winther Højlund,Napoli,Forward,22,191,0,Denmark,4,4,8,0,1,1,0.15,2003-02-04,1,0.15,1,1,2,25,4,3,7,1.08,eu,,41.0,0.0,0.0,,61.0,1.38,1.12,0.0,9.0,11570000.0,98.0,80.0,0.12,6.67,64.0,35.0,0.0,0.0,,1.0,12.0,60.0,49.0,37.0,23.0,0.61,0.5,4.0,46.0,0.0,41.0,18.0,0.0,0.0,,8.0,586.0,5.0,2.15,1.75,14.0,99.0,0.0,0.0,,61.0,1.23,1.0,57.0,0.46,0.38,37.0,46.0,3.0,8.0,85.0,12.29,10.0,80.0,46.0,4.3,3.5,35.0,28.0,85.0,2.0,1.62,13.0,92.0,2.46,2.0,16.0,7.0,54.0,1.0,51.0,6.0,99.0,88.0,87.0,82.0,88.0,,80.0,0.0,0.0,,15.0,0.0,0.0,,43.0,0.61,0.5,4.0,0.0,30.0,81.0,47.0,70.0,44.0,82.0,0.27,0.22,1.77,79.46,41.0,10.0,13.67,11.12,89.0,6.0,17.2,14.0,112.0,99.0,0.0,0.0,,,0.0,,,,,,,0.0,0.0,,53.37,0.0,,,0.0,0.0,,19,0.0,66.67,97.0,33.33,97.0,48.0,1.08,0.88,7.0,29.0,0.31,0.25,2.0,75.0,0.61,0.5,4.0,51.0,0.92,0.75,0.0,3.0,6.0,9.0,0.15,0.12,99.0,0.0,0.0,,1.0,,,,,63.0,0.14,0.12,0.92,79.0,0.27,0.22,1.77,2026,1,1,0.46,2,0.34,0.28,0.31,2025-11-22 19:45:00,Domestic League,586,586,84,293,73,265,321,586,0,0,-1,5,39,-1,0,2025/2026,2025,1
Italy_Serie_A_2025-2026,Miguel Gutiérrez Ortega,Napoli,Defender,24,180,73,Spain,3,4,7,0,0,0,0.0,1970-01-12,0,0.0,1,1,2,28,4,1,5,1.54,eu,,51.0,12.24,4.0,40.0,55.0,1.22,0.4,0.0,4.0,5320000.0,84.0,64.0,0.0,4.06,7.0,35.0,0.0,0.0,,,,31.0,30.0,43.0,34.0,0.92,0.3,3.0,9.0,400.0,45.0,82.0,3.06,1.0,10.0,10.0,294.0,50.0,0.61,0.2,2.0,68.0,0.31,0.1,1.0,60.0,1.22,0.4,44.0,0.31,0.1,25.0,29.0,1.0,4.0,49.0,8.88,2.9,29.0,75.0,5.51,1.8,62.0,18.0,30.0,0.92,0.3,3.0,80.0,1.84,0.6,6.0,3.0,9.0,4.0,86.0,1.0,46.0,42.0,76.0,70.0,57.0,,98.0,0.31,0.1,1.0,73.0,0.92,0.3,3.0,90.0,1.84,0.6,6.0,0.0,18.0,30.0,10.0,57.0,3.0,44.0,0.07,0.02,0.23,86.21,72.0,73.0,38.27,12.5,125.0,72.0,44.39,14.5,145.0,99.0,0.0,0.0,,,0.0,,,,,,,0.0,0.0,,40.56,0.0,,,0.0,0.0,,3,0.0,33.33,61.0,0.0,58.0,77.0,1.53,0.5,5.0,52.0,0.61,0.2,2.0,55.0,0.31,0.1,1.0,51.0,0.92,0.3,0.0,0.0,3.0,88.0,2.45,0.8,99.0,0.0,0.0,,8.0,,,,,70.0,0.16,0.05,0.53,43.0,0.07,0.02,0.23,2026,0,0,0.0,0,0.0,0.0,0.0,2025-11-22 19:45:00,Domestic League,0,0,59,0,42,172,121,293,0,0,-1,12,191,121,0,2025/2026,2025,0
Italy_Serie_A_2025-2026,Eljif Elmas,Napoli,Midfielder,26,184,68,FYR Macedonia,5,4,9,0,0,0,0.0,1970-01-11,1,0.27,1,1,2,22,3,0,3,0.8,eu,,98.0,70.62,26.6,266.0,13.0,0.27,0.1,0.0,1.0,6950000.0,92.0,64.0,0.0,6.01,39.0,35.0,0.0,0.0,,1.0,11.0,57.0,74.0,29.0,39.0,1.06,0.4,4.0,71.0,2955.56,87.0,72.0,2.39,0.9,9.0,10.0,339.0,24.0,1.33,0.5,5.0,47.0,0.53,0.2,2.0,72.0,1.59,0.6,75.0,0.8,0.3,50.0,69.0,3.0,6.0,26.0,7.17,2.7,27.0,32.0,3.72,1.4,51.0,14.0,25.0,0.8,0.3,3.0,12.0,0.27,0.1,1.0,3.0,9.0,6.0,95.0,2.0,69.0,42.0,76.0,70.0,57.0,,80.0,0.0,0.0,,46.0,0.53,0.2,2.0,78.0,1.33,0.5,5.0,0.0,45.0,58.0,71.0,57.0,9.0,64.0,0.14,0.05,0.54,81.97,52.0,46.0,26.55,10.0,100.0,44.0,32.39,12.2,122.0,99.0,0.0,0.0,,,0.0,,,,,,,0.0,0.0,,60.09,0.0,,,0.0,0.0,,20,0.0,37.5,68.0,0.0,58.0,24.0,0.8,0.3,3.0,81.0,1.33,0.5,5.0,84.0,0.8,0.3,3.0,82.0,2.12,0.8,0.0,0.0,8.0,87.0,2.39,0.9,99.0,0.0,0.0,,9.0,,,,,44.0,0.1,0.04,0.38,62.0,0.14,0.05,0.54,2026,0,0,0.0,0,0.0,0.0,0.0,2025-11-09 14:00:00,Domestic League,0,338,113,0,38,199,139,338,0,0,-1,11,163,-1,0,2025/2026,2025,1
Italy_Serie_A_2025-2026,Mathias Ferrante,Napoli,Goalkeeper,55,0,0,Italy,0,0,0,0,0,0,0.0,1970-01-01,0,0.0,0,0,0,0,0,0,0,0.0,eu,,,,,,,,,,,,,,,,,,,,,,,,,,,,,,,,,,,,,,,,,,,,,,,,,,,,,,,,,,,,,,,,,,,,,,,,,,,,,,,,,,,,,,,,,,,,,,,,,,,,,,,,,,,,,,,,,,,,,,,,,,,,,,,,,,,,,,,,,,,,,,,,,,,,,,,,,,,,,,,,,,,,,,,,,,,,,,,,,,,,,,,2026,0,0,0.0,0,0.0,0.0,0.0,1970-01-01 00:00:00,Domestic League,0,0,0,0,0,0,0,0,0,0,-1,-1,-1,-1,0,2025/2026,2025,0
Italy_Serie_A_2025-2026,Konstantinos Tsimikas,Roma,Defender,29,179,70,Greece,5,1,6,0,0,0,0.0,1970-01-10,1,0.53,2,1,3,50,1,0,1,0.53,eu,,41.0,0.0,0.0,,25.0,0.56,0.11,0.0,1.0,5790000.0,87.0,64.0,0.0,3.61,4.0,85.0,0.56,0.11,1.0,1.0,17.0,67.0,97.0,90.0,21.0,0.56,0.11,1.0,87.0,0.0,41.0,94.0,5.06,1.0,9.0,9.0,160.0,52.0,0.56,0.11,1.0,3.0,1.69,0.33,3.0,36.0,0.56,0.11,20.0,0.0,0.0,0.0,20.0,,1.0,43.0,8.44,1.67,15.0,38.0,3.94,0.78,46.0,7.0,46.0,1.12,0.22,2.0,54.0,1.12,0.22,2.0,2.0,4.0,3.0,78.0,3.0,86.0,42.0,76.0,70.0,57.0,,80.0,0.0,0.0,,83.0,1.12,0.22,2.0,12.0,0.0,0.0,,0.0,9.0,34.0,86.0,57.0,,28.0,0.03,0.01,0.05,75.76,28.0,52.0,28.12,5.56,50.0,56.0,37.12,7.33,66.0,99.0,0.0,0.0,,,0.0,,,,,,,0.0,0.0,,32.48,0.0,,,0.0,0.0,,12,0.0,0.0,25.0,0.0,58.0,11.0,0.56,0.11,1.0,50.0,0.56,0.11,1.0,25.0,0.0,0.0,,33.0,0.56,0.11,0.0,0.0,1.0,85.0,2.25,0.44,99.0,0.0,0.0,,4.0,,,,,20.0,0.06,0.01,0.11,28.0,0.03,0.01,0.05,2026,0,0,0.0,0,0.0,0.0,0.0,2025-10-26 14:00:00,Domestic League,0,169,169,0,28,138,31,169,0,0,-1,12,-1,-1,0,2025/2026,2025,1
Italy_Serie_A_2025-2026,Jan Ziółkowski,Roma,Midfielder,20,0,0,Poland,2,3,5,0,0,0,0.0,2005-06-05,2,1.65,0,2,2,40,0,0,0,0.0,eu,,41.0,0.0,0.0,,99.0,5.62,0.44,0.0,4.0,1300000.0,32.0,64.0,0.0,2.18,,35.0,0.0,0.0,,1.0,20.0,79.0,99.0,64.0,99.0,8.44,0.67,6.0,99.0,0.0,41.0,18.0,0.0,0.0,,9.0,64.0,99.0,0.0,0.0,,99.0,0.0,0.0,,13.0,0.0,0.0,20.0,0.0,0.0,0.0,20.0,,,99.0,26.72,2.11,19.0,99.0,15.47,1.22,57.0,11.0,99.0,4.22,0.33,3.0,99.0,5.62,0.44,4.0,,,4.0,86.0,,17.0,42.0,76.0,70.0,57.0,,80.0,0.0,0.0,,15.0,0.0,0.0,,12.0,0.0,0.0,,0.0,4.0,30.0,,57.0,,11.0,0.0,0.0,0.0,69.23,13.0,72.0,37.97,3.0,27.0,87.0,54.84,4.33,39.0,99.0,0.0,0.0,,,0.0,,,,,,,0.0,0.0,,19.64,0.0,,,0.0,0.0,,24,0.0,0.0,25.0,0.0,58.0,,0.0,0.0,,12.0,0.0,0.0,,25.0,0.0,0.0,,10.0,0.0,0.0,0.0,0.0,,99.0,4.22,0.33,99.0,0.0,0.0,,3.0,,,,,32.0,0.08,0.01,0.06,11.0,0.0,0.0,0.0,2026,0,0,0.0,0,0.0,0.0,0.0,2025-11-23 14:00:00,Domestic League,0,55,0,0,22,55,54,109,0,0,-1,11,-1,-1,0,2025/2026,2025,2
Italy_Serie_A_2025-2026,Pierluigi Gollini,Roma,Goalkeeper,30,188,80,Italy,0,0,0,0,0,0,0.0,1970-01-10,0,0.0,0,0,0,0,0,0,0,0.0,eu,,,,,,,,,,,,,,,,,,,,,,,,,,,,,,,,,,,,,,,,,,,,,,,,,,,,,,,,,,,,,,,,,,,,,,,,,,,,,,,,,,,,,,,,,,,,,,,,,,,,,,,,,,,,,,,,,,,,,,,,,,,,,,,,,,,,,,,,,,,,,,,,,,,,,,,,,,,,,,,,,,,,,,,,,,,,,,,,,,,,,,,2026,0,0,0.0,0,0.0,0.0,0.0,1970-01-01 00:00:00,Domestic League,0,0,0,0,0,0,0,0,0,0,-1,-1,-1,-1,0,2025/2026,2025,0
Italy_Serie_A_2025-2026,Ardian Ilmi Ismajli,Torino,Defender,29,185,76,Albania,4,4,8,0,1,1,0.18,1970-01-10,2,0.36,3,1,4,50,2,5,7,1.25,eu,,60.0,17.86,12.5,100.0,93.0,3.21,2.25,0.0,18.0,2780000.0,64.0,84.0,0.12,6.71,67.0,94.0,0.89,0.62,5.0,2.0,25.0,88.0,87.0,90.0,96.0,6.07,4.25,34.0,29.0,1428.57,76.0,61.0,1.25,0.88,7.0,8.0,504.0,99.0,0.0,0.0,,99.0,0.0,0.0,,21.0,0.18,0.12,20.0,0.0,0.0,0.0,20.0,,1.0,34.0,7.86,5.5,44.0,78.0,5.71,4.0,72.0,32.0,51.0,1.25,0.88,7.0,60.0,1.25,0.88,7.0,5.0,32.0,3.0,78.0,2.0,69.0,62.0,76.0,70.0,57.0,,80.0,0.0,0.0,,81.0,1.07,0.75,6.0,39.0,0.54,0.38,3.0,0.0,30.0,45.0,30.0,57.0,36.0,15.0,0.01,0.01,0.05,83.41,58.0,58.0,31.43,22.0,176.0,57.0,37.68,26.38,211.0,4.0,0.18,0.12,1.0,,0.0,,,,,,,0.0,0.0,,53.69,0.0,,,0.0,0.0,,44,0.0,0.0,25.0,0.0,58.0,61.0,1.25,0.88,7.0,19.0,0.18,0.12,1.0,25.0,0.0,0.0,,13.0,0.18,0.12,0.0,0.0,1.0,52.0,1.43,1.0,99.0,0.0,0.0,,8.0,,,,,38.0,0.09,0.06,0.51,15.0,0.01,0.01,0.05,2026,0,0,0.18,0,0.0,0.0,0.0,2025-11-08 17:00:00,Domestic League,504,252,72,0,63,288,216,504,0,0,-1,7,147,93,0,2025/2026,2025,2
Italy_Serie_A_2025-2026,Niels Nkounkou,Torino,Defender,25,180,79,France,2,1,3,1,0,1,0.52,1970-01-12,1,0.52,0,1,1,33,1,0,1,0.52,eu,,84.0,36.63,11.67,70.0,47.0,1.05,0.33,0.0,2.0,860000.0,20.0,98.0,0.33,3.48,2.0,35.0,0.0,0.0,,1.0,33.0,95.0,95.0,50.0,91.0,5.23,1.67,10.0,87.0,875.0,60.0,88.0,4.19,1.33,8.0,6.0,172.0,32.0,1.05,0.33,2.0,48.0,0.52,0.17,1.0,86.0,2.62,0.83,99.0,2.62,0.83,100.0,99.0,5.0,5.0,69.0,10.47,3.33,20.0,91.0,6.8,2.17,65.0,13.0,6.0,0.0,0.0,,49.0,1.05,0.33,2.0,2.0,4.0,1.0,51.0,1.0,46.0,90.0,76.0,70.0,57.0,,80.0,0.0,0.0,,94.0,1.57,0.5,3.0,86.0,1.57,0.5,3.0,0.0,,35.0,87.0,57.0,,11.0,0.0,0.0,0.0,85.19,68.0,41.0,24.07,7.67,46.0,32.0,28.26,9.0,54.0,99.0,0.0,0.0,,,0.0,,,,,,,0.0,0.0,,20.89,0.0,,,0.0,0.0,,25,0.0,0.0,25.0,0.0,58.0,45.0,1.05,0.33,2.0,12.0,0.0,0.0,,25.0,0.0,0.0,,10.0,0.0,0.0,0.0,0.0,,91.0,2.62,0.83,99.0,0.0,0.0,,5.0,,,,,97.0,0.4,0.13,0.77,11.0,0.0,0.0,0.0,2026,0,0,0.52,0,0.0,0.0,0.0,2025-10-18 16:00:00,Domestic League,172,172,172,0,57,97,75,172,0,0,-1,25,-1,-1,0,2025/2026,2025,1
Italy_Serie_A_2025-2026,Relja Obrić,Atalanta,Midfielder,19,0,0,Slovenia,0,0,0,0,0,0,0.0,2006-04-11,0,0.0,0,0,0,0,0,0,0,0.0,eu,,,,,,,,,,,,,,,,,,,,,,,,,,,,,,,,,,,,,,,,,,,,,,,,,,,,,,,,,,,,,,,,,,,,,,,,,,,,,,,,,,,,,,,,,,,,,,,,,,,,,,,,,,,,,,,,,,,,,,,,,,,,,,,,,,,,,,,,,,,,,,,,,,,,,,,,,,,,,,,,,,,,,,,,,,,,,,,,,,,,,,,2026,0,0,0.0,0,0.0,0.0,0.0,1970-01-01 00:00:00,Domestic League,0,0,0,0,0,0,0,0,0,0,-1,-1,-1,-1,0,2025/2026,2025,0
Italy_Serie_A_2025-2026,Henry Naby Juni Camara,Atalanta,Midfielder,19,0,0,France,0,0,0,0,0,0,0.0,2006-05-06,0,0.0,0,0,0,0,0,0,0,0.0,eu,,,,,,,,,,,,,,,,,,,,,,,,,,,,,,,,,,,,,,,,,,,,,,,,,,,,,,,,,,,,,,,,,,,,,,,,,,,,,,,,,,,,,,,,,,,,,,,,,,,,,,,,,,,,,,,,,,,,,,,,,,,,,,,,,,,,,,,,,,,,,,,,,,,,,,,,,,,,,,,,,,,,,,,,,,,,,,,,,,,,,,,2026,0,0,0.0,0,0.0,0.0,0.0,1970-01-01 00:00:00,Domestic League,0,0,0,0,0,0,0,0,0,0,-1,-1,-1,-1,0,2025/2026,2025,0
Italy_Serie_A_2025-2026,Niko Kovac,Lecce,Midfielder,20,0,0,Bosnia and Herzegovina,0,0,0,0,0,0,0.0,2005-04-08,0,0.0,0,0,0,0,0,0,0,0.0,eu,,,,,,,,,,,,,,,,,,,,,,,,,,,,,,,,,,,,,,,,,,,,,,,,,,,,,,,,,,,,,,,,,,,,,,,,,,,,,,,,,,,,,,,,,,,,,,,,,,,,,,,,,,,,,,,,,,,,,,,,,,,,,,,,,,,,,,,,,,,,,,,,,,,,,,,,,,,,,,,,,,,,,,,,,,,,,,,,,,,,,,,2026,0,0,0.0,0,0.0,0.0,0.0,1970-01-01 00:00:00,Domestic League,0,0,0,0,0,0,0,0,0,0,-1,-1,-1,-1,0,2025/2026,2025,0
Italy_Serie_A_2025-2026,Tomás do Lago Pontes Esteves,Pisa,Defender,23,180,72,Portugal,0,0,0,0,0,0,0.0,2002-04-03,0,0.0,0,0,0,0,0,0,0,0.0,eu,,,,,,,,,,,,,,,,,,,,,,,,,,,,,,,,,,,,,,,,,,,,,,,,,,,,,,,,,,,,,,,,,,,,,,,,,,,,,,,,,,,,,,,,,,,,,,,,,,,,,,,,,,,,,,,,,,,,,,,,,,,,,,,,,,,,,,,,,,,,,,,,,,,,,,,,,,,,,,,,,,,,,,,,,,,,,,,,,,,,,,,2026,0,0,0.0,0,0.0,0.0,0.0,1970-01-01 00:00:00,Domestic League,0,0,0,0,0,0,0,0,0,0,-1,-1,-1,-1,0,2025/2026,2025,0
Italy_Serie_A_2025-2026,İsak Vural,Pisa,Midfielder,19,0,0,Sweden,3,2,5,0,0,0,0.0,2006-05-28,2,0.71,0,2,2,40,6,0,6,2.13,eu,,50.0,11.69,3.67,33.0,47.0,1.06,0.33,0.0,3.0,580000.0,15.0,64.0,0.0,3.7,4.0,97.0,1.06,0.33,3.0,2.0,40.0,98.0,99.0,64.0,53.0,1.42,0.44,4.0,,825.0,59.0,64.0,1.42,0.44,4.0,9.0,254.0,45.0,0.71,0.22,2.0,13.0,1.06,0.33,3.0,88.0,2.83,0.89,90.0,1.42,0.44,50.0,69.0,4.0,8.0,92.0,14.88,4.67,42.0,97.0,8.15,2.56,54.0,23.0,95.0,2.48,0.78,7.0,99.0,4.96,1.56,14.0,3.0,9.0,2.0,66.0,2.0,69.0,42.0,76.0,70.0,57.0,,80.0,0.0,0.0,,34.0,0.35,0.11,1.0,48.0,0.71,0.22,2.0,0.0,4.0,31.0,,57.0,,22.0,0.02,0.01,0.06,81.67,50.0,20.0,17.36,5.44,49.0,13.0,21.26,6.67,60.0,99.0,0.0,0.0,,,0.0,,1.0,,,,,0.0,0.0,,33.27,0.0,,,0.0,0.0,,21,0.0,0.0,25.0,0.0,58.0,92.0,2.48,0.78,7.0,30.0,0.35,0.11,1.0,25.0,0.0,0.0,,22.0,0.35,0.11,0.0,0.0,1.0,23.0,0.71,0.22,99.0,0.0,0.0,,2.0,,,,,12.0,0.05,0.02,0.15,22.0,0.02,0.01,0.06,2026,0,0,0.0,0,0.0,0.0,0.0,2025-11-07 19:45:00,Domestic League,0,127,42,0,51,165,89,254,0,0,-1,7,-1,-1,0,2025/2026,2025,2
Italy_Serie_A_2025-2026,Raúl Albiol Tortajada,Pisa,Defender,40,190,82,Spain,1,1,2,0,0,0,0.0,1970-01-06,0,0.0,0,1,1,50,1,0,1,0.66,eu,,41.0,0.0,0.0,,94.0,3.31,0.62,0.0,5.0,1160000.0,30.0,64.0,0.0,1.81,,90.0,0.66,0.12,1.0,,,31.0,30.0,90.0,99.0,13.24,2.5,20.0,78.0,0.0,41.0,18.0,0.0,0.0,,8.0,136.0,47.0,0.66,0.12,1.0,37.0,0.66,0.12,1.0,13.0,0.0,0.0,20.0,0.0,0.0,0.0,20.0,,,62.0,9.93,1.88,15.0,71.0,5.29,1.0,53.0,8.0,19.0,0.66,0.12,1.0,31.0,0.66,0.12,1.0,2.0,4.0,,34.0,1.0,46.0,42.0,76.0,70.0,57.0,,80.0,0.0,0.0,,98.0,1.99,0.38,3.0,45.0,0.66,0.12,1.0,0.0,,30.0,77.0,57.0,,11.0,0.0,0.0,0.0,93.33,98.0,98.0,64.85,12.25,98.0,97.0,69.49,13.12,105.0,99.0,0.0,0.0,,,0.0,,,,,,,0.0,0.0,,14.52,0.0,,,0.0,0.0,,39,0.0,0.0,25.0,0.0,58.0,17.0,0.66,0.12,1.0,12.0,0.0,0.0,,25.0,0.0,0.0,,10.0,0.0,0.0,0.0,0.0,,47.0,1.32,0.25,99.0,0.0,0.0,,2.0,,,,,66.0,0.15,0.03,0.23,11.0,0.0,0.0,0.0,2026,0,0,0.0,0,0.0,0.0,0.0,2025-10-24 18:45:00,Domestic League,0,0,136,0,68,46,90,136,0,0,-1,6,-1,-1,0,2025/2026,2025,0
Italy_Serie_A_2025-2026,Lorran Lucas Pereira de Sousa,Pisa,Midfielder,19,0,0,Brazil,1,0,1,0,0,0,0.0,2006-07-04,0,0.0,0,0,0,0,1,0,1,9.0,eu,,41.0,0.0,0.0,,3.0,0.0,0.0,0.0,,610000.0,15.0,64.0,0.0,0.78,,35.0,0.0,0.0,,,,31.0,30.0,1.0,3.0,0.0,0.0,,,0.0,41.0,18.0,0.0,0.0,,9.0,10.0,99.0,0.0,0.0,,99.0,0.0,0.0,,99.0,9.0,0.11,20.0,0.0,0.0,0.0,20.0,,1.0,50.0,9.0,0.11,1.0,1.0,0.0,0.0,0.0,,6.0,0.0,0.0,,2.0,0.0,0.0,,,,1.0,51.0,,17.0,99.0,99.0,70.0,99.0,,80.0,0.0,0.0,,99.0,9.0,0.11,1.0,12.0,0.0,0.0,,0.0,,30.0,,57.0,,99.0,5.94,0.07,0.66,77.78,34.0,97.0,63.0,0.78,7.0,99.0,81.0,1.0,9.0,99.0,0.0,0.0,,,0.0,,,,,,,0.0,0.0,,7.04,0.0,,,0.0,0.0,,99,0.0,100.0,99.0,100.0,99.0,99.0,9.0,0.11,1.0,12.0,0.0,0.0,,99.0,9.0,0.11,1.0,99.0,9.0,0.11,0.0,1.0,1.0,7.0,0.0,0.0,99.0,0.0,0.0,,,,,,,38.0,0.09,0.0,0.01,99.0,5.94,0.07,0.66,2026,1,0,9.0,1,9.0,0.0,9.0,1970-01-01 00:00:00,Domestic League,0,0,10,10,10,10,0,10,0,0,-1,4,-1,-1,0,2025/2026,2025,0
Italy_Serie_A_2025-2026,Nicolò Zaniolo,Udinese,Midfielder,26,190,79,Italy,5,5,10,0,0,0,0.0,1970-01-11,2,0.29,1,1,2,20,6,4,10,1.45,eu,,58.0,16.67,11.5,115.0,46.0,1.01,0.7,0.0,7.0,3700000.0,72.0,64.0,0.0,6.93,83.0,35.0,0.0,0.0,,2.0,20.0,79.0,77.0,25.0,3.0,0.0,0.0,,13.0,425.93,46.0,87.0,3.91,2.7,27.0,10.0,621.0,9.0,2.03,1.4,14.0,69.0,0.29,0.2,2.0,97.0,4.06,2.8,96.0,1.74,1.2,42.0,56.0,12.0,28.0,94.0,15.22,10.5,105.0,82.0,5.94,4.1,39.0,41.0,99.0,3.48,2.4,24.0,81.0,1.88,1.3,13.0,8.0,63.0,2.0,66.0,3.0,86.0,87.0,94.0,83.0,94.0,,98.0,0.29,0.2,2.0,38.0,0.43,0.3,3.0,82.0,1.45,1.0,10.0,0.0,65.0,54.0,13.0,63.0,47.0,97.0,0.49,0.34,3.41,82.4,54.0,14.0,14.93,10.3,103.0,8.0,18.12,12.5,125.0,99.0,0.0,0.0,,,0.0,,,,,,,0.0,0.0,,69.29,0.0,,,0.0,0.0,,10,0.0,38.1,68.0,14.29,80.0,74.0,1.45,1.0,10.0,93.0,1.88,1.3,13.0,94.0,1.16,0.8,8.0,94.0,3.04,2.1,0.0,7.0,21.0,47.0,1.3,0.9,99.0,0.0,0.0,,9.0,,,,,44.0,0.1,0.07,0.66,95.0,0.49,0.34,3.41,2026,2,1,0.43,3,0.56,0.3,0.43,2025-11-22 14:00:00,Domestic League,0,311,62,207,62,320,301,621,0,0,-1,1,19,-1,0,2025/2026,2025,2
Italy_Serie_A_2025-2026,Matteo Palma,Udinese,Midfielder,17,0,0,Italy,2,1,3,0,0,0,0.0,2008-03-13,0,0.0,0,1,1,33,3,0,3,2.78,eu,,41.0,0.0,0.0,,98.0,4.64,0.5,0.0,5.0,236000.0,9.0,64.0,0.0,1.93,,95.0,0.93,0.1,1.0,,,31.0,30.0,50.0,83.0,3.71,0.4,4.0,,0.0,41.0,18.0,0.0,0.0,,10.0,97.0,99.0,0.0,0.0,,20.0,0.93,0.1,1.0,13.0,0.0,0.0,20.0,0.0,0.0,0.0,20.0,,,53.0,9.28,1.0,10.0,88.0,6.49,0.7,70.0,7.0,82.0,1.86,0.2,2.0,2.0,0.0,0.0,,1.0,,2.0,66.0,2.0,69.0,42.0,76.0,70.0,57.0,,80.0,0.0,0.0,,99.0,2.78,0.3,3.0,12.0,0.0,0.0,,0.0,,30.0,,57.0,,11.0,0.0,0.0,0.0,80.0,44.0,62.0,33.4,3.6,36.0,66.0,41.75,4.5,45.0,99.0,0.0,0.0,,,0.0,,,,,,,0.0,0.0,,19.29,0.0,,,0.0,0.0,,16,0.0,0.0,25.0,0.0,58.0,93.0,2.78,0.3,3.0,12.0,0.0,0.0,,25.0,0.0,0.0,,10.0,0.0,0.0,0.0,0.0,,74.0,1.86,0.2,99.0,0.0,0.0,,2.0,,,,,28.0,0.07,0.01,0.08,11.0,0.0,0.0,0.0,2026,0,0,0.0,0,0.0,0.0,0.0,2025-09-28 10:30:00,Domestic League,0,0,32,0,32,83,14,97,0,0,-1,12,-1,-1,0,2025/2026,2025,0
Italy_Serie_A_2025-2026,Woyo Coulibaly,Sassuolo,Defender,26,185,77,France,2,3,5,0,0,0,0.0,1970-01-11,0,0.0,0,1,1,20,3,0,3,1.1,eu,,61.0,18.29,5.56,50.0,17.0,0.37,0.11,0.0,1.0,1210000.0,31.0,64.0,0.0,3.6,4.0,72.0,0.37,0.11,1.0,,,31.0,30.0,25.0,28.0,0.73,0.22,2.0,44.0,1666.67,79.0,57.0,1.1,0.33,3.0,9.0,246.0,12.0,1.83,0.56,5.0,31.0,0.73,0.22,2.0,28.0,0.37,0.11,49.0,0.37,0.11,100.0,99.0,1.0,1.0,56.0,9.51,2.89,26.0,47.0,4.39,1.33,46.0,12.0,91.0,2.2,0.67,6.0,52.0,1.1,0.33,3.0,2.0,4.0,3.0,78.0,1.0,46.0,42.0,76.0,70.0,57.0,,80.0,0.0,0.0,,82.0,1.1,0.33,3.0,49.0,0.73,0.22,2.0,0.0,4.0,30.0,45.0,57.0,,11.0,0.0,0.0,0.0,89.41,89.0,52.0,27.8,8.44,76.0,40.0,31.1,9.44,85.0,99.0,0.0,0.0,,,0.0,,,,,,,0.0,0.0,,32.4,0.0,,,0.0,0.0,,25,0.0,0.0,25.0,0.0,58.0,74.0,1.46,0.44,4.0,12.0,0.0,0.0,,25.0,0.0,0.0,,10.0,0.0,0.0,0.0,0.0,,91.0,2.56,0.78,99.0,0.0,0.0,,7.0,,,,,38.0,0.09,0.03,0.25,11.0,0.0,0.0,0.0,2026,0,0,0.0,0,0.0,0.0,0.0,2025-10-30 17:30:00,Domestic League,0,0,82,0,49,180,66,246,0,0,-1,11,-1,-1,0,2025/2026,2025,0
Italy_Serie_A_2025-2026,Kristian Thorstvedt,Sassuolo,Midfielder,26,189,84,Norway,5,4,9,1,0,1,0.18,1970-01-11,2,0.36,3,1,4,44,2,2,4,0.72,eu,,41.0,0.0,0.0,,57.0,1.27,0.78,0.0,7.0,960000.0,25.0,84.0,0.11,6.75,71.0,35.0,0.0,0.0,,2.0,22.0,83.0,87.0,71.0,66.0,2.17,1.33,12.0,76.0,0.0,41.0,37.0,0.36,0.22,2.0,9.0,498.0,64.0,0.36,0.22,2.0,80.0,0.18,0.11,1.0,27.0,0.36,0.22,31.0,0.18,0.11,50.0,69.0,1.0,2.0,60.0,9.76,6.0,54.0,64.0,5.06,3.11,51.0,28.0,74.0,1.63,1.0,9.0,90.0,2.35,1.44,13.0,5.0,32.0,4.0,86.0,2.0,69.0,62.0,76.0,70.0,57.0,,80.0,0.0,0.0,,87.0,1.27,0.78,7.0,82.0,1.45,0.89,8.0,0.0,45.0,45.0,76.0,57.0,35.0,60.0,0.12,0.08,0.68,75.0,25.0,53.0,28.19,17.33,156.0,56.0,37.59,23.11,208.0,99.0,0.0,0.0,,,0.0,,,,,,,0.0,0.0,,60.78,0.0,,,0.0,0.0,,42,0.0,16.67,31.0,0.0,58.0,32.0,0.9,0.56,5.0,93.0,1.81,1.11,10.0,59.0,0.36,0.22,2.0,83.0,2.17,1.33,0.0,0.0,12.0,54.0,1.45,0.89,99.0,0.0,0.0,,8.0,,,,,85.0,0.22,0.14,1.24,59.0,0.12,0.08,0.68,2026,0,0,0.18,0,0.0,0.0,0.0,2025-11-09 11:30:00,Domestic League,498,249,125,0,55,307,191,498,0,0,-1,25,151,-1,0,2025/2026,2025,2
Italy_Serie_A_2025-2026,Alessio Romagnoli,Lazio,Defender,30,185,75,Italy,5,4,9,0,0,0,0.0,1970-01-10,1,0.12,3,2,5,56,3,3,6,0.72,eu,,41.0,0.0,0.0,,73.0,1.8,1.67,0.0,15.0,6300000.0,88.0,64.0,0.0,6.81,76.0,87.0,0.6,0.56,5.0,1.0,11.0,57.0,44.0,95.0,87.0,4.31,4.0,36.0,76.0,0.0,41.0,18.0,0.0,0.0,,9.0,751.0,99.0,0.0,0.0,,64.0,0.36,0.33,3.0,13.0,0.0,0.0,20.0,0.0,0.0,0.0,20.0,,,20.0,6.83,6.33,57.0,38.0,3.95,3.67,57.0,33.0,16.0,0.6,0.56,5.0,35.0,0.72,0.67,6.0,9.0,73.0,,34.0,1.0,46.0,42.0,76.0,70.0,57.0,,80.0,0.0,0.0,,82.0,1.08,1.0,9.0,15.0,0.12,0.11,1.0,0.0,45.0,87.0,76.0,57.0,63.0,11.0,0.0,0.0,0.04,92.15,97.0,87.0,49.25,45.67,411.0,84.0,53.45,49.56,446.0,99.0,0.0,0.0,,,0.0,,,,,,,0.0,0.0,,61.26,0.0,,,0.0,0.0,,13,0.0,0.0,25.0,0.0,58.0,27.0,0.84,0.78,7.0,15.0,0.12,0.11,1.0,25.0,0.0,0.0,,12.0,0.12,0.11,0.0,0.0,1.0,60.0,1.56,1.44,99.0,0.0,0.0,,13.0,,,,,51.0,0.11,0.1,0.9,11.0,0.0,0.0,0.04,2026,0,0,0.0,0,0.0,0.0,0.0,2025-11-09 19:45:00,Domestic League,0,751,125,0,83,435,316,751,0,0,-1,11,155,31,0,2025/2026,2025,1
Italy_Serie_A_2025-2026,Gustav Tang Isaksen,Lazio,Forward,24,178,68,Denmark,4,3,7,0,0,0,0.0,1970-01-12,0,0.0,2,2,4,56,2,1,3,0.65,eu,,70.0,21.74,11.11,100.0,31.0,0.65,0.33,0.0,3.0,2400000.0,60.0,64.0,0.0,5.23,22.0,35.0,0.0,0.0,,,,31.0,30.0,95.0,12.0,0.43,0.22,2.0,79.0,1666.67,79.0,62.0,1.3,0.67,6.0,9.0,414.0,10.0,1.96,1.0,9.0,23.0,0.87,0.44,4.0,88.0,2.83,1.44,83.0,1.09,0.56,38.0,47.0,5.0,13.0,91.0,13.91,7.11,64.0,90.0,6.74,3.44,48.0,31.0,68.0,1.52,0.78,7.0,99.0,4.13,2.11,19.0,4.0,22.0,3.0,78.0,2.0,69.0,68.0,76.0,92.0,81.0,,80.0,0.0,0.0,,38.0,0.43,0.22,2.0,45.0,0.65,0.33,3.0,0.0,18.0,30.0,79.0,78.0,20.0,86.0,0.32,0.16,1.47,79.65,43.0,28.0,19.57,10.0,90.0,22.0,24.57,12.56,113.0,99.0,0.0,0.0,,,0.0,,,,,,,0.0,0.0,,47.11,0.0,,,0.0,0.0,,18,0.0,50.0,89.0,10.0,69.0,29.0,0.87,0.44,4.0,73.0,1.09,0.56,5.0,92.0,1.09,0.56,5.0,83.0,2.17,1.11,0.0,10.0,10.0,30.0,0.87,0.44,99.0,0.0,0.0,,4.0,,,,,28.0,0.07,0.04,0.34,85.0,0.32,0.16,1.47,2026,0,1,0.22,1,0.0,0.47,0.22,2025-11-09 19:45:00,Domestic League,0,0,138,414,59,224,190,414,0,0,-1,5,66,-1,0,2025/2026,2025,0
Italy_Serie_A_2025-2026,Adrien Rabiot,AC Milan,Midfielder,30,188,71,France,2,2,4,1,0,1,0.25,1970-01-10,1,0.25,2,1,3,75,0,1,1,0.25,eu,,41.0,0.0,0.0,,46.0,1.0,1.0,0.0,4.0,11570000.0,98.0,91.0,0.25,6.94,83.0,62.0,0.25,0.25,1.0,1.0,25.0,88.0,70.0,99.0,62.0,2.0,2.0,8.0,99.0,0.0,41.0,61.0,1.25,1.25,5.0,4.0,360.0,43.0,0.75,0.75,3.0,16.0,1.0,1.0,4.0,69.0,1.5,1.5,73.0,0.75,0.75,50.0,69.0,3.0,6.0,75.0,11.0,11.0,44.0,56.0,4.75,4.75,43.0,19.0,92.0,2.25,2.25,9.0,69.0,1.5,1.5,6.0,4.0,22.0,,34.0,,17.0,72.0,76.0,70.0,57.0,,80.0,0.0,0.0,,25.0,0.25,0.25,1.0,50.0,0.75,0.75,3.0,0.0,2.0,63.0,99.0,57.0,14.0,39.0,0.05,0.05,0.19,89.14,87.0,75.0,39.0,39.0,156.0,70.0,43.75,43.75,175.0,99.0,0.0,0.0,,,0.0,,,,,,,0.0,0.0,,27.76,0.0,,,0.0,0.0,,12,0.0,0.0,25.0,0.0,58.0,1.0,0.25,0.25,1.0,69.0,1.0,1.0,4.0,25.0,0.0,0.0,,54.0,1.0,1.0,0.0,0.0,4.0,67.0,1.75,1.75,99.0,0.0,0.0,,7.0,,,,,90.0,0.26,0.26,1.02,38.0,0.05,0.05,0.19,2026,0,0,0.25,0,0.0,0.0,0.0,2025-10-05 18:45:00,Domestic League,360,360,360,0,90,180,180,360,0,0,-1,11,160,-1,0,2025/2026,2025,1
Italy_Serie_A_2025-2026,Christopher Nkunku,AC Milan,Midfielder,28,177,68,France,4,3,7,1,0,1,0.36,1970-01-11,0,0.0,2,2,4,56,1,1,2,0.72,eu,,84.0,35.86,12.5,100.0,49.0,1.08,0.38,0.0,3.0,11570000.0,98.0,96.0,0.14,5.79,34.0,35.0,0.0,0.0,,,,31.0,30.0,95.0,28.0,0.72,0.25,2.0,76.0,9999.99,99.0,37.0,0.36,0.12,1.0,8.0,251.0,44.0,0.72,0.25,2.0,99.0,0.0,0.0,,76.0,1.79,0.62,71.0,0.72,0.25,40.0,52.0,2.0,5.0,53.0,9.32,3.25,26.0,38.0,3.94,1.38,42.0,11.0,62.0,1.43,0.5,4.0,86.0,2.15,0.75,6.0,2.0,4.0,5.0,90.0,2.0,69.0,81.0,76.0,70.0,57.0,,98.0,0.36,0.12,1.0,35.0,0.36,0.12,1.0,69.0,1.08,0.38,3.0,0.0,18.0,30.0,76.0,57.0,,70.0,0.17,0.06,0.48,90.14,91.0,37.0,22.95,8.0,64.0,27.0,25.46,8.88,71.0,99.0,0.0,0.0,,,0.0,,,,,,,0.0,0.0,,46.31,0.0,,,0.0,0.0,,18,0.0,40.0,72.0,0.0,58.0,19.0,0.72,0.25,2.0,73.0,1.08,0.38,3.0,80.0,0.72,0.25,2.0,75.0,1.79,0.62,0.0,0.0,5.0,7.0,0.0,0.0,99.0,0.0,0.0,,,,,,,92.0,0.29,0.1,0.8,69.0,0.17,0.06,0.48,2026,0,0,0.36,0,0.0,0.0,0.0,2025-11-08 19:45:00,Domestic League,251,0,126,0,36,148,103,251,0,0,-1,10,-1,-1,0,2025/2026,2025,0
Italy_Serie_A_2025-2026,David Uyoyo Odogu,AC Milan,Defender,19,0,0,Germany,0,0,0,0,0,0,0.0,2006-06-03,0,0.0,0,0,0,0,0,0,0,0.0,eu,,,,,,,,,,,,,,,,,,,,,,,,,,,,,,,,,,,,,,,,,,,,,,,,,,,,,,,,,,,,,,,,,,,,,,,,,,,,,,,,,,,,,,,,,,,,,,,,,,,,,,,,,,,,,,,,,,,,,,,,,,,,,,,,,,,,,,,,,,,,,,,,,,,,,,,,,,,,,,,,,,,,,,,,,,,,,,,,,,,,,,,2026,0,0,0.0,0,0.0,0.0,0.0,1970-01-01 00:00:00,Domestic League,0,0,0,0,0,0,0,0,0,0,-1,-1,-1,-1,0,2025/2026,2025,0
Italy_Serie_A_2025-2026,Bodin Tomašević,Bologna,Midfielder,19,0,0,Montenegro,0,0,0,0,0,0,0.0,2006-05-12,0,0.0,0,0,0,0,0,0,0,0.0,eu,,,,,,,,,,,,,,,,,,,,,,,,,,,,,,,,,,,,,,,,,,,,,,,,,,,,,,,,,,,,,,,,,,,,,,,,,,,,,,,,,,,,,,,,,,,,,,,,,,,,,,,,,,,,,,,,,,,,,,,,,,,,,,,,,,,,,,,,,,,,,,,,,,,,,,,,,,,,,,,,,,,,,,,,,,,,,,,,,,,,,,,2026,0,0,0.0,0,0.0,0.0,0.0,1970-01-01 00:00:00,Domestic League,0,0,0,0,0,0,0,0,0,0,-1,-1,-1,-1,0,2025/2026,2025,0
Italy_Serie_A_2025-2026,Ukko Happonen,Bologna,Midfielder,18,0,0,Finland,0,0,0,0,0,0,0.0,2007-03-13,0,0.0,0,0,0,0,0,0,0,0.0,eu,,,,,,,,,,,,,,,,,,,,,,,,,,,,,,,,,,,,,,,,,,,,,,,,,,,,,,,,,,,,,,,,,,,,,,,,,,,,,,,,,,,,,,,,,,,,,,,,,,,,,,,,,,,,,,,,,,,,,,,,,,,,,,,,,,,,,,,,,,,,,,,,,,,,,,,,,,,,,,,,,,,,,,,,,,,,,,,,,,,,,,,2026,0,0,0.0,0,0.0,0.0,0.0,1970-01-01 00:00:00,Domestic League,0,0,0,0,0,0,0,0,0,0,-1,-1,-1,-1,0,2025/2026,2025,0
Italy_Serie_A_2025-2026,Gift Emmanuel Orban,Hellas Verona,Forward,23,0,0,Norway,4,6,10,0,1,1,0.11,2002-07-17,3,0.33,2,1,3,30,4,5,9,1.0,eu,,74.0,24.19,22.22,200.0,74.0,1.81,1.67,0.0,15.0,2550000.0,61.0,71.0,0.1,6.72,68.0,35.0,0.0,0.0,,3.0,30.0,92.0,83.0,45.0,3.0,0.12,0.11,1.0,54.0,9999.99,99.0,29.0,0.24,0.22,2.0,9.0,744.0,21.0,1.45,1.33,12.0,74.0,0.24,0.22,2.0,60.0,1.21,1.11,47.0,0.36,0.33,30.0,35.0,3.0,10.0,44.0,8.47,7.78,70.0,13.0,2.78,2.56,32.0,23.0,43.0,1.09,1.0,9.0,23.0,0.48,0.44,4.0,9.0,73.0,,34.0,2.0,69.0,80.0,76.0,88.0,81.0,,97.0,0.24,0.22,2.0,24.0,0.24,0.22,2.0,72.0,1.21,1.11,10.0,0.0,65.0,48.0,54.0,77.0,70.0,87.0,0.33,0.3,2.7,58.54,3.0,2.0,8.71,8.0,72.0,3.0,14.88,13.67,123.0,99.0,0.0,0.0,,,0.0,1.0,,,1.0,,,0.0,0.0,,60.52,0.0,,,0.0,0.0,,16,0.0,38.71,69.0,6.45,62.0,48.0,1.09,1.0,9.0,97.0,2.3,2.11,19.0,98.0,1.45,1.33,12.0,98.0,3.75,3.44,0.0,15.5,31.0,11.0,0.24,0.22,99.0,0.0,0.0,,2.0,,,,,59.0,0.13,0.12,1.1,91.0,0.41,0.38,3.4,2026,0,2,0.33,2,0.0,0.38,0.22,2025-11-23 11:30:00,Domestic League,808,269,90,404,81,333,475,808,1,0,100,1,65,-1,0,2025/2026,2025,3
Italy_Serie_A_2025-2026,Roberto Gagliardini,Hellas Verona,Midfielder,31,190,77,Italy,4,5,9,0,0,0,0.0,1970-01-09,3,0.41,2,1,3,33,3,4,7,0.95,eu,,41.0,0.0,0.0,,62.0,1.41,1.12,0.0,9.0,2310000.0,58.0,64.0,0.0,6.83,77.0,88.0,0.63,0.5,4.0,3.0,33.0,95.0,90.0,50.0,76.0,2.98,2.38,19.0,57.0,0.0,41.0,35.0,0.31,0.25,2.0,8.0,574.0,67.0,0.31,0.25,2.0,6.0,1.41,1.12,9.0,19.0,0.16,0.12,20.0,0.0,0.0,0.0,20.0,,1.0,64.0,10.03,8.0,64.0,67.0,5.17,4.12,51.0,33.0,82.0,1.88,1.5,12.0,52.0,1.1,0.88,7.0,7.0,54.0,1.0,51.0,4.0,94.0,57.0,76.0,79.0,70.0,,80.0,0.0,0.0,,99.0,2.2,1.75,14.0,28.0,0.31,0.25,2.0,0.0,45.0,41.0,57.0,88.0,54.0,60.0,0.12,0.1,0.77,77.42,33.0,64.0,33.87,27.0,216.0,70.0,43.75,34.88,279.0,99.0,0.0,0.0,,,0.0,,,,,,,0.0,0.0,,54.65,0.0,,,0.0,0.0,,63,0.0,50.0,89.0,50.0,99.0,49.0,1.1,0.88,7.0,17.0,0.16,0.12,1.0,36.0,0.16,0.12,1.0,20.0,0.31,0.25,0.0,2.0,2.0,92.0,2.67,2.12,99.0,0.0,0.0,,17.0,,,,,32.0,0.08,0.06,0.49,59.0,0.12,0.1,0.77,2026,0,1,0.14,1,0.0,0.25,0.14,2025-11-23 11:30:00,Domestic League,0,221,95,664,74,299,365,664,0,0,-1,4,101,-1,0,2025/2026,2025,3
Italy_Serie_A_2025-2026,Jesús Santiago,Hellas Verona,Midfielder,21,0,0,Spain,1,1,2,0,0,0,0.0,2004-05-25,0,0.0,1,0,1,50,0,0,0,0.0,eu,,41.0,0.0,0.0,,3.0,0.0,0.0,0.0,,,,64.0,0.0,1.91,,35.0,0.0,0.0,,,,31.0,30.0,90.0,3.0,0.0,0.0,,99.0,0.0,41.0,18.0,0.0,0.0,,7.0,5.0,99.0,0.0,0.0,,99.0,0.0,0.0,,99.0,18.0,0.14,99.0,18.0,0.14,100.0,99.0,1.0,1.0,99.0,90.0,0.71,5.0,99.0,72.0,0.57,80.0,4.0,6.0,0.0,0.0,,99.0,18.0,0.14,1.0,,,2.0,66.0,,17.0,42.0,76.0,70.0,57.0,,80.0,0.0,0.0,,15.0,0.0,0.0,,99.0,18.0,0.14,1.0,0.0,,30.0,,57.0,,99.0,0.9,0.01,0.05,57.14,2.0,99.0,72.0,0.57,4.0,99.0,126.0,1.0,7.0,99.0,0.0,0.0,,,0.0,,,,,,,0.0,0.0,,13.37,0.0,,,0.0,0.0,,4,0.0,0.0,25.0,0.0,58.0,,0.0,0.0,,99.0,18.0,0.14,1.0,25.0,0.0,0.0,,99.0,18.0,0.14,0.0,0.0,1.0,99.0,36.0,0.29,99.0,0.0,0.0,,2.0,,,,,99.0,0.9,0.01,0.05,99.0,0.9,0.01,0.05,2026,0,0,0.0,0,0.0,0.0,0.0,1970-01-01 00:00:00,Domestic League,0,0,0,0,2,4,0,4,0,0,-1,9,-1,-1,0,2025/2026,2025,0
Italy_Serie_A_2025-2026,Jean-Daniel Akpa Akpro,Hellas Verona,Midfielder,33,180,71,Ivory Coast,3,6,9,0,0,0,0.0,1970-01-09,4,0.72,2,1,3,33,1,4,5,0.9,eu,,41.0,0.0,0.0,,84.0,2.39,1.5,0.0,12.0,,8.0,64.0,0.0,6.65,62.0,75.0,0.4,0.25,2.0,4.0,44.0,99.0,99.0,50.0,69.0,2.39,1.5,12.0,62.0,0.0,41.0,40.0,0.4,0.25,2.0,8.0,452.0,61.0,0.4,0.25,2.0,16.0,1.0,0.62,5.0,72.0,1.59,1.0,66.0,0.6,0.38,37.0,46.0,3.0,8.0,92.0,14.14,8.88,71.0,82.0,5.97,3.75,42.0,30.0,98.0,3.38,2.12,17.0,8.0,0.2,0.12,1.0,5.0,32.0,3.0,78.0,2.0,69.0,42.0,76.0,70.0,57.0,,80.0,0.0,0.0,,99.0,2.39,1.5,12.0,43.0,0.6,0.38,3.0,0.0,45.0,31.0,62.0,57.0,35.0,39.0,0.05,0.03,0.26,71.43,17.0,14.0,14.93,9.38,75.0,12.0,20.91,13.12,105.0,99.0,0.0,0.0,,,0.0,,,,,,,0.0,0.0,,53.19,0.0,,,0.0,0.0,,11,0.0,33.33,61.0,0.0,58.0,24.0,0.8,0.5,4.0,35.0,0.4,0.25,2.0,42.0,0.2,0.12,1.0,35.0,0.6,0.38,0.0,0.0,3.0,96.0,2.99,1.88,99.0,0.0,0.0,,15.0,,,,,12.0,0.05,0.03,0.27,38.0,0.05,0.03,0.26,2026,0,0,0.0,0,0.0,0.0,0.0,2025-11-23 11:30:00,Domestic League,0,125,100,0,55,165,333,498,0,0,-1,8,165,-1,0,2025/2026,2025,4
Italy_Serie_A_2025-2026,Jamie Richard Vardy,Cremonese,Forward,38,179,74,England,4,4,8,0,0,0,0.0,1970-01-07,2,0.3,2,0,2,25,1,7,8,1.19,eu,,46.0,8.77,6.25,50.0,91.0,2.98,2.12,0.0,17.0,2310000.0,58.0,64.0,0.0,5.95,37.0,35.0,0.0,0.0,,2.0,25.0,88.0,79.0,37.0,31.0,0.88,0.62,5.0,34.0,1250.0,73.0,48.0,0.7,0.5,4.0,8.0,513.0,46.0,0.7,0.5,4.0,80.0,0.18,0.12,1.0,35.0,0.53,0.38,20.0,0.0,0.0,0.0,20.0,,3.0,67.0,10.35,7.38,59.0,55.0,4.74,3.38,45.0,27.0,40.0,1.05,0.75,6.0,43.0,0.88,0.62,5.0,5.0,32.0,2.0,66.0,,17.0,78.0,76.0,94.0,87.0,,80.0,0.0,0.0,,15.0,0.0,0.0,,39.0,0.53,0.38,3.0,0.0,30.0,53.0,33.0,71.0,46.0,86.0,0.32,0.23,1.81,50.82,1.0,1.0,5.44,3.88,31.0,1.0,10.7,7.62,61.0,99.0,0.0,0.0,,,0.0,,,,,,,0.0,0.0,,47.59,0.0,,,0.0,0.0,,10,0.0,57.14,93.0,28.57,94.0,31.0,0.88,0.62,5.0,47.0,0.53,0.38,3.0,79.0,0.7,0.5,4.0,64.0,1.23,0.88,0.0,3.5,7.0,31.0,0.88,0.62,99.0,0.0,0.0,,5.0,,,,,3.0,0.03,0.02,0.18,85.0,0.32,0.23,1.81,2026,0,2,0.3,2,0.0,0.5,0.3,2025-11-23 14:00:00,Domestic League,0,302,75,302,75,243,360,603,0,0,-1,4,46,-1,0,2025/2026,2025,2
Italy_Serie_A_2025-2026,Dennis Tørset Johnsen,Cremonese,Forward,27,185,72,Norway,3,2,5,0,1,1,0.68,1970-01-11,0,0.0,0,1,1,20,3,0,3,2.03,eu,,95.0,55.75,9.22,83.0,99.0,4.7,0.78,0.0,7.0,1160000.0,30.0,99.0,0.2,2.92,1.0,35.0,0.0,0.0,,,,31.0,30.0,25.0,25.0,0.67,0.11,1.0,1.0,1660.0,77.0,85.0,3.36,0.56,5.0,9.0,134.0,23.0,1.34,0.22,2.0,99.0,0.0,0.0,,96.0,4.03,0.67,69.0,0.67,0.11,16.0,21.0,1.0,6.0,78.0,11.42,1.89,17.0,73.0,5.37,0.89,47.0,8.0,20.0,0.67,0.11,1.0,2.0,0.0,0.0,,2.0,4.0,3.0,78.0,2.0,69.0,95.0,76.0,70.0,57.0,,80.0,0.0,0.0,,15.0,0.0,0.0,,78.0,1.34,0.22,2.0,0.0,4.0,30.0,1.0,57.0,,28.0,0.03,0.01,0.05,43.24,,4.0,10.75,1.78,16.0,24.0,24.85,4.11,37.0,99.0,0.0,0.0,,,0.0,,,,,,,0.0,0.0,,26.29,0.0,,,0.0,0.0,,11,0.0,0.0,25.0,0.0,58.0,91.0,2.01,0.33,3.0,55.0,0.67,0.11,1.0,25.0,0.0,0.0,,40.0,0.67,0.11,0.0,0.0,1.0,7.0,0.0,0.0,99.0,0.0,0.0,,,,,,,99.0,0.48,0.08,0.72,28.0,0.03,0.01,0.05,2026,0,0,0.68,0,0.0,0.0,0.0,2025-10-04 16:00:00,Domestic League,133,0,44,0,27,110,23,133,0,0,-1,13,-1,-1,0,2025/2026,2025,0
Italy_Serie_A_2025-2026,Faris Pemi Moumbagna,Cremonese,Forward,25,183,77,Cameroon,0,1,1,0,0,0,0.0,1970-01-12,0,0.0,0,1,1,100,0,0,0,0.0,eu,,41.0,0.0,0.0,,99.0,6.43,0.5,0.0,1.0,,8.0,64.0,0.0,3.26,2.0,35.0,0.0,0.0,,,,31.0,30.0,99.0,3.0,0.0,0.0,,99.0,0.0,41.0,18.0,0.0,0.0,,2.0,14.0,99.0,0.0,0.0,,99.0,0.0,0.0,,13.0,0.0,0.0,20.0,0.0,0.0,0.0,20.0,,,17.0,6.43,0.5,1.0,88.0,6.43,0.5,100.0,1.0,6.0,0.0,0.0,,2.0,0.0,0.0,,,,1.0,51.0,,17.0,42.0,76.0,70.0,57.0,,80.0,0.0,0.0,,15.0,0.0,0.0,,12.0,0.0,0.0,,0.0,,30.0,,57.0,,86.0,0.32,0.03,0.05,0.0,,,0.0,0.0,,,6.43,0.5,1.0,99.0,0.0,0.0,,,0.0,,,,,,,0.0,0.0,,6.52,0.0,,,0.0,0.0,,14,0.0,0.0,25.0,0.0,58.0,,0.0,0.0,,99.0,6.43,0.5,1.0,25.0,0.0,0.0,,99.0,6.43,0.5,0.0,0.0,1.0,7.0,0.0,0.0,99.0,0.0,0.0,,,,,,,,0.0,0.0,0.0,85.0,0.32,0.03,0.05,2026,0,0,0.0,0,0.0,0.0,0.0,1970-01-01 00:00:00,Domestic League,0,0,0,0,14,0,14,14,0,0,-1,12,-1,-1,0,2025/2026,2025,0
Italy_Serie_A_2025-2026,Jeremy Sarmiento,Cremonese,Midfielder,23,0,0,England,4,3,7,0,0,0,0.0,2002-06-16,0,0.0,2,0,2,28,0,2,2,1.34,eu,,97.0,66.67,12.5,100.0,3.0,0.0,0.0,0.0,,1500000.0,40.0,64.0,0.0,4.93,17.0,35.0,0.0,0.0,,,,31.0,30.0,43.0,25.0,0.67,0.12,1.0,20.0,5000.0,94.0,63.0,1.33,0.25,2.0,8.0,135.0,1.0,3.33,0.62,5.0,37.0,0.67,0.12,1.0,99.0,5.33,1.0,99.0,3.33,0.62,62.0,82.0,5.0,8.0,92.0,14.0,2.62,21.0,97.0,8.0,1.5,57.0,12.0,6.0,0.0,0.0,,31.0,0.67,0.12,1.0,,,7.0,98.0,,17.0,42.0,76.0,70.0,57.0,,80.0,0.0,0.0,,88.0,1.33,0.25,2.0,93.0,2.0,0.38,3.0,0.0,18.0,30.0,21.0,57.0,,70.0,0.16,0.03,0.24,91.23,95.0,66.0,34.67,6.5,52.0,57.0,38.0,7.12,57.0,99.0,0.0,0.0,,,0.0,,,,,,,0.0,0.0,,39.46,0.0,,,0.0,0.0,,19,0.0,100.0,99.0,0.0,58.0,67.0,1.33,0.25,2.0,12.0,0.0,0.0,,96.0,1.33,0.25,2.0,66.0,1.33,0.25,0.0,0.0,2.0,99.0,4.0,0.75,99.0,0.0,0.0,,6.0,,,,,70.0,0.16,0.03,0.24,69.0,0.16,0.03,0.24,2026,0,0,0.0,0,0.0,0.0,0.0,1970-01-01 00:00:00,Domestic League,0,0,67,0,19,46,88,134,0,0,-1,11,-1,-1,0,2025/2026,2025,0
Italy_Serie_A_2025-2026,Mikayil Ngor Faye,Cremonese,Defender,21,0,0,Senegal,3,2,5,0,0,0,0.0,2004-07-14,1,0.45,1,0,1,20,1,0,1,0.45,eu,,41.0,0.0,0.0,,72.0,1.78,0.44,0.0,4.0,,8.0,64.0,0.0,3.79,5.0,94.0,0.89,0.22,2.0,1.0,20.0,79.0,92.0,25.0,82.0,3.56,0.89,8.0,91.0,0.0,41.0,67.0,1.78,0.44,4.0,9.0,202.0,57.0,0.45,0.11,1.0,22.0,0.89,0.22,2.0,47.0,0.89,0.22,78.0,0.89,0.22,100.0,99.0,2.0,2.0,76.0,11.14,2.78,25.0,90.0,6.68,1.67,60.0,15.0,11.0,0.45,0.11,1.0,63.0,1.34,0.33,3.0,2.0,4.0,3.0,78.0,2.0,69.0,42.0,76.0,70.0,57.0,,80.0,0.0,0.0,,99.0,2.23,0.56,5.0,35.0,0.45,0.11,1.0,0.0,4.0,38.0,91.0,57.0,,33.0,0.04,0.01,0.09,80.25,44.0,55.0,28.96,7.22,65.0,54.0,36.09,9.0,81.0,99.0,0.0,0.0,,,0.0,,,,,,,0.0,0.0,,34.15,0.0,,,0.0,0.0,,30,0.0,0.0,25.0,0.0,58.0,5.0,0.45,0.11,1.0,65.0,0.89,0.22,2.0,25.0,0.0,0.0,,49.0,0.89,0.22,0.0,0.0,2.0,92.0,2.67,0.67,99.0,0.0,0.0,,6.0,,,,,28.0,0.07,0.02,0.15,32.0,0.04,0.01,0.09,2026,0,0,0.0,0,0.0,0.0,0.0,2025-11-07 19:45:00,Domestic League,0,202,202,0,40,122,80,202,0,0,-1,10,-1,-1,0,2025/2026,2025,1
Italy_Serie_A_2025-2026,Diego Carlos Santos Silva,Como,Defender,32,185,79,Brazil,4,4,8,0,0,0,0.0,1970-01-09,3,0.4,2,2,4,50,2,2,4,0.54,eu,,41.0,0.0,0.0,0.0,88.0,2.69,2.22,0.0,20.0,4630000.0,83.0,64.0,0.0,6.23,51.0,92.0,0.81,0.67,6.0,3.0,38.0,97.0,89.0,90.0,99.0,7.68,6.33,57.0,86.0,0.0,41.0,18.0,0.0,0.0,0.0,9.0,668.0,99.0,0.0,0.0,0.0,99.0,0.0,0.0,0.0,13.0,0.0,0.0,20.0,0.0,0.0,0.0,20.0,0.0,0.0,25.0,7.14,5.89,53.0,49.0,4.45,3.67,62.0,33.0,65.0,1.48,1.22,11.0,12.0,0.27,0.22,2.0,7.0,54.0,1.0,51.0,2.0,69.0,42.0,76.0,70.0,57.0,0.0,80.0,0.0,0.0,0.0,65.0,0.81,0.67,6.0,16.0,0.13,0.11,1.0,0.0,30.0,42.0,86.0,57.0,55.0,15.0,0.01,0.0,0.04,92.49,98.0,91.0,53.08,43.78,394.0,89.0,57.4,47.33,426.0,99.0,0.0,0.0,0.0,0.0,0.0,0.0,0.0,0.0,0.0,0.0,0.0,0.0,0.0,0.0,56.09,0.0,0.0,0.0,0.0,0.0,0.0,34,0.0,0.0,25.0,0.0,58.0,10.0,0.54,0.44,4.0,16.0,0.13,0.11,1.0,25.0,0.0,0.0,0.0,12.0,0.13,0.11,0.0,0.0,1.0,56.0,1.48,1.22,99.0,0.0,0.0,0.0,11.0,0.0,0.0,0.0,0.0,59.0,0.13,0.1,0.94,15.0,0.01,0.0,0.04,2026,0,0,0.0,0,0.0,0.0,0.0,2025-11-08 14:00:00,Domestic League,0,223,167,0,84,352,316,668,0,0,-1,9,164,20,0,2025/2026,2025,3
Italy_Serie_A_2025-2026,Alberto Cerri,Como,Forward,29,194,92,Italy,0,0,0,0,0,0,0.0,1970-01-10,0,0.0,0,0,0,0,0,0,0,0.0,eu,,,,,,,,,,,,,,,,,,,,,,,,,,,,,,,,,,,,,,,,,,,,,,,,,,,,,,,,,,,,,,,,,,,,,,,,,,,,,,,,,,,,,,,,,,,,,,,,,,,,,,,,,,,,,,,,,,,,,,,,,,,,,,,,,,,,,,,,,,,,,,,,,,,,,,,,,,,,,,,,,,,,,,,,,,,,,,,,,,,,,,,2026,0,0,0.0,0,0.0,0.0,0.0,1970-01-01 00:00:00,Domestic League,0,0,0,0,0,0,0,0,0,0,-1,-1,-1,-1,0,2025/2026,2025,0
Italy_Serie_A_2025-2026,Sebastian Otoa,Genoa,Defender,21,0,0,Denmark,1,0,1,0,0,0,0.0,2004-05-13,1,2.05,0,0,0,0,2,0,2,4.09,eu,,41.0,0.0,0.0,0.0,99.0,6.14,0.43,0.0,3.0,349000.0,11.0,64.0,0.0,0.89,0.0,35.0,0.0,0.0,0.0,1.0,100.0,99.0,99.0,1.0,96.0,6.14,0.43,3.0,0.0,0.0,41.0,18.0,0.0,0.0,0.0,7.0,44.0,99.0,0.0,0.0,0.0,99.0,0.0,0.0,0.0,13.0,0.0,0.0,20.0,0.0,0.0,0.0,20.0,0.0,0.0,66.0,10.23,0.71,5.0,98.0,8.18,0.57,80.0,4.0,87.0,2.05,0.14,1.0,2.0,0.0,0.0,0.0,0.0,0.0,1.0,51.0,0.0,17.0,42.0,76.0,70.0,57.0,0.0,80.0,0.0,0.0,0.0,98.0,2.05,0.14,1.0,12.0,0.0,0.0,0.0,0.0,0.0,30.0,0.0,57.0,0.0,11.0,0.0,0.0,0.0,85.71,71.0,6.0,12.27,0.86,6.0,3.0,14.32,1.0,7.0,99.0,0.0,0.0,0.0,0.0,0.0,0.0,0.0,0.0,0.0,0.0,0.0,0.0,0.0,0.0,6.25,0.0,0.0,0.0,0.0,0.0,0.0,34,0.0,0.0,25.0,0.0,58.0,96.0,4.09,0.29,2.0,12.0,0.0,0.0,0.0,25.0,0.0,0.0,0.0,10.0,0.0,0.0,0.0,0.0,0.0,80.0,2.05,0.14,99.0,0.0,0.0,0.0,1.0,0.0,0.0,0.0,0.0,1.0,0.02,0.0,0.01,11.0,0.0,0.0,0.0,2026,0,0,0.0,0,0.0,0.0,0.0,1970-01-01 00:00:00,Domestic League,0,44,22,0,44,44,0,44,0,0,-1,12,-1,-1,0,2025/2026,2025,1
Italy_Serie_A_2025-2026,Juan Martín Rodríguez Camejo,Cagliari,Midfielder,20,0,0,Uruguay,0,0,0,0,0,0,0.0,2005-05-30,0,0.0,0,0,0,0,0,0,0,0.0,eu,,,,,,,,,,,,,,,,,,,,,,,,,,,,,,,,,,,,,,,,,,,,,,,,,,,,,,,,,,,,,,,,,,,,,,,,,,,,,,,,,,,,,,,,,,,,,,,,,,,,,,,,,,,,,,,,,,,,,,,,,,,,,,,,,,,,,,,,,,,,,,,,,,,,,,,,,,,,,,,,,,,,,,,,,,,,,,,,,,,,,,,2026,0,0,0.0,0,0.0,0.0,0.0,1970-01-01 00:00:00,Domestic League,0,0,0,0,0,0,0,0,0,0,-1,-1,-1,-1,0,2025/2026,2025,0
Italy_Serie_A_2025-2026,Leonardo Pavoletti,Cagliari,Forward,36,188,80,Italy,3,2,5,1,0,1,1.14,1970-01-07,1,1.14,0,0,0,0,0,1,1,1.14,eu,,41.0,0.0,0.0,0.0,98.0,4.56,0.44,0.0,4.0,1620000.0,43.0,99.0,0.2,3.62,4.0,35.0,0.0,0.0,0.0,1.0,20.0,79.0,99.0,1.0,3.0,0.0,0.0,0.0,40.0,0.0,41.0,18.0,0.0,0.0,0.0,9.0,79.0,99.0,0.0,0.0,0.0,99.0,0.0,0.0,0.0,13.0,0.0,0.0,20.0,0.0,0.0,0.0,20.0,0.0,0.0,96.0,17.09,1.67,15.0,77.0,5.7,0.56,33.0,5.0,99.0,4.56,0.44,4.0,2.0,0.0,0.0,0.0,0.0,0.0,5.0,90.0,0.0,17.0,99.0,76.0,70.0,57.0,0.0,80.0,0.0,0.0,0.0,83.0,1.14,0.11,1.0,70.0,1.14,0.11,1.0,0.0,4.0,30.0,40.0,57.0,0.0,57.0,0.11,0.01,0.1,52.0,1.0,13.0,14.81,1.44,13.0,33.0,28.48,2.78,25.0,99.0,0.0,0.0,0.0,0.0,0.0,0.0,0.0,0.0,0.0,0.0,0.0,0.0,0.0,0.0,32.6,0.0,0.0,0.0,0.0,0.0,0.0,30,0.0,0.0,25.0,0.0,58.0,92.0,2.28,0.22,2.0,96.0,2.28,0.22,2.0,25.0,0.0,0.0,0.0,85.0,2.28,0.22,0.0,0.0,2.0,41.0,1.14,0.11,99.0,0.0,0.0,0.0,1.0,0.0,0.0,0.0,0.0,99.0,0.77,0.08,0.68,56.0,0.11,0.01,0.1,2026,0,0,1.14,0,0.0,0.0,0.0,1970-01-01 00:00:00,Domestic League,79,79,79,0,16,46,33,79,0,0,-1,24,-1,-1,0,2025/2026,2025,1
Italy_Serie_A_2025-2026,Emil Alfons Holm,Bologna,Defender,25,191,83,Sweden,4,1,5,3,1,4,0.83,1970-01-12,2,0.41,1,1,2,40,3,0,3,0.62,eu,,91.0,44.79,30.86,216.0,63.0,1.45,1.0,0.0,7.0,1290000.0,32.0,99.0,0.8,5.23,22.0,54.0,0.21,0.14,1.0,1.0,20.0,79.0,90.0,64.0,81.0,3.53,2.43,17.0,80.0,1542.86,76.0,79.0,2.9,2.0,14.0,7.0,434.0,60.0,0.41,0.29,2.0,77.0,0.21,0.14,1.0,46.0,0.83,0.57,34.0,0.21,0.14,25.0,29.0,1.0,4.0,72.0,10.78,7.43,52.0,88.0,6.43,4.43,59.0,31.0,75.0,1.66,1.14,8.0,89.0,2.28,1.57,11.0,5.0,32.0,0.0,34.0,2.0,69.0,99.0,85.0,70.0,79.0,0.0,80.0,0.0,0.0,0.0,67.0,0.83,0.57,4.0,67.0,1.04,0.71,5.0,0.0,4.0,40.0,80.0,78.0,23.0,67.0,0.15,0.1,0.72,79.53,42.0,53.0,28.2,19.43,136.0,53.0,35.46,24.43,171.0,99.0,0.0,0.0,0.0,0.0,0.0,0.0,0.0,0.0,0.0,0.0,0.0,0.0,0.0,0.0,36.59,0.0,0.0,0.0,0.0,0.0,0.0,2,0.0,50.0,89.0,50.0,99.0,15.0,0.62,0.43,3.0,21.0,0.21,0.14,1.0,43.0,0.21,0.14,1.0,25.0,0.41,0.29,0.0,2.0,2.0,93.0,2.7,1.86,99.0,0.0,0.0,0.0,13.0,0.0,0.0,0.0,0.0,99.0,0.61,0.42,2.92,66.0,0.15,0.1,0.72,2026,1,0,1.04,1,0.26,0.0,0.21,2025-11-09 14:00:00,Domestic League,109,217,145,434,87,344,90,434,0,0,-1,6,70,25,1,2025/2026,2025,2
Italy_Serie_A_2025-2026,Ernestas Lysionok,Genoa,Goalkeeper,55,0,0,Lithuania,0,0,0,0,0,0,0.0,1970-01-01,0,0.0,0,0,0,0,0,0,0,0.0,eu,,,,,,,,,,,,,,,,,,,,,,,,,,,,,,,,,,,,,,,,,,,,,,,,,,,,,,,,,,,,,,,,,,,,,,,,,,,,,,,,,,,,,,,,,,,,,,,,,,,,,,,,,,,,,,,,,,,,,,,,,,,,,,,,,,,,,,,,,,,,,,,,,,,,,,,,,,,,,,,,,,,,,,,,,,,,,,,,,,,,,,,2026,0,0,0.0,0,0.0,0.0,0.0,1970-01-01 00:00:00,Domestic League,0,0,0,0,0,0,0,0,0,0,-1,-1,-1,-1,0,2025/2026,2025,0
Italy_Serie_A_2025-2026,Davide De Battisti,Hellas Verona,Midfielder,19,0,0,Italy,0,0,0,0,0,0,0.0,2006-03-21,0,0.0,0,0,0,0,0,0,0,0.0,eu,,,,,,,,,,,,,,,,,,,,,,,,,,,,,,,,,,,,,,,,,,,,,,,,,,,,,,,,,,,,,,,,,,,,,,,,,,,,,,,,,,,,,,,,,,,,,,,,,,,,,,,,,,,,,,,,,,,,,,,,,,,,,,,,,,,,,,,,,,,,,,,,,,,,,,,,,,,,,,,,,,,,,,,,,,,,,,,,,,,,,,,2026,0,0,0.0,0,0.0,0.0,0.0,1970-01-01 00:00:00,Domestic League,0,0,0,0,0,0,0,0,0,0,-1,-1,-1,-1,0,2025/2026,2025,0
Italy_Serie_A_2025-2026,Edon Zhegrova,Juventus,Forward,26,181,66,Kosovo,1,2,3,0,0,0,0.0,1970-01-11,0,0.0,0,1,1,33,0,0,0,0.0,eu,,98.0,69.83,5.62,45.0,3.0,0.0,0.0,0.0,0.0,5790000.0,87.0,64.0,0.0,2.58,1.0,35.0,0.0,0.0,0.0,0.0,0.0,31.0,30.0,50.0,3.0,0.0,0.0,0.0,99.0,450.0,47.0,99.0,15.52,1.25,10.0,8.0,58.0,18.0,1.55,0.12,1.0,99.0,0.0,0.0,0.0,99.0,21.72,1.75,99.0,12.41,1.0,57.0,74.0,8.0,14.0,99.0,29.48,2.38,19.0,99.0,17.07,1.38,57.0,11.0,72.0,1.55,0.12,1.0,70.0,1.55,0.12,1.0,0.0,0.0,3.0,78.0,0.0,17.0,42.0,76.0,70.0,57.0,0.0,80.0,0.0,0.0,0.0,15.0,0.0,0.0,0.0,99.0,4.66,0.38,3.0,0.0,0.0,30.0,0.0,57.0,0.0,97.0,0.5,0.04,0.32,76.19,28.0,88.0,49.66,4.0,32.0,95.0,65.17,5.25,42.0,99.0,0.0,0.0,0.0,0.0,0.0,0.0,0.0,0.0,0.0,0.0,0.0,0.0,0.0,0.0,20.68,0.0,0.0,0.0,0.0,0.0,0.0,11,0.0,25.0,44.0,0.0,58.0,0.0,0.0,0.0,0.0,99.0,4.66,0.38,3.0,98.0,1.55,0.12,1.0,99.0,6.21,0.5,0.0,0.0,4.0,97.0,3.1,0.25,99.0,0.0,0.0,0.0,2.0,0.0,0.0,0.0,0.0,92.0,0.29,0.02,0.19,95.0,0.5,0.04,0.32,2026,0,0,0.0,0,0.0,0.0,0.0,1970-01-01 00:00:00,Domestic League,0,0,0,0,19,7,51,58,0,0,-1,13,-1,-1,0,2025/2026,2025,0
Italy_Serie_A_2025-2026,Idrissa Gueye,Udinese,Midfielder,22,0,0,Senegal,1,0,1,0,0,0,0.0,2003-09-16,0,0.0,0,0,0,0,1,0,1,6.43,eu,,41.0,0.0,0.0,0.0,3.0,0.0,0.0,0.0,0.0,162000.0,8.0,64.0,0.0,0.71,0.0,35.0,0.0,0.0,0.0,0.0,0.0,31.0,30.0,1.0,3.0,0.0,0.0,0.0,0.0,0.0,41.0,18.0,0.0,0.0,0.0,9.0,14.0,99.0,0.0,0.0,0.0,99.0,0.0,0.0,0.0,13.0,0.0,0.0,20.0,0.0,0.0,0.0,20.0,0.0,0.0,0.0,0.0,0.0,0.0,1.0,0.0,0.0,0.0,0.0,99.0,12.86,0.22,2.0,2.0,0.0,0.0,0.0,0.0,0.0,1.0,51.0,0.0,17.0,42.0,76.0,70.0,57.0,0.0,80.0,0.0,0.0,0.0,15.0,0.0,0.0,0.0,12.0,0.0,0.0,0.0,0.0,0.0,30.0,0.0,57.0,0.0,11.0,0.0,0.0,0.0,50.0,1.0,1.0,6.43,0.11,1.0,2.0,12.86,0.22,2.0,99.0,0.0,0.0,0.0,0.0,0.0,0.0,0.0,0.0,0.0,0.0,0.0,0.0,0.0,0.0,6.42,0.0,0.0,0.0,0.0,0.0,0.0,7,0.0,0.0,25.0,0.0,58.0,99.0,6.43,0.11,1.0,12.0,0.0,0.0,0.0,25.0,0.0,0.0,0.0,10.0,0.0,0.0,0.0,0.0,0.0,7.0,0.0,0.0,99.0,0.0,0.0,0.0,0.0,0.0,0.0,0.0,0.0,0.0,0.0,0.0,0.0,11.0,0.0,0.0,0.0,2026,0,0,0.0,0,0.0,0.0,0.0,1970-01-01 00:00:00,Domestic League,0,0,14,0,14,14,0,14,0,0,-1,11,-1,-1,0,2025/2026,2025,0
Italy_Serie_A_2025-2026,Lorenzo Torriani,AC Milan,Midfielder,20,0,0,Italy,0,0,0,0,0,0,0.0,2005-01-31,0,0.0,0,0,0,0,0,0,0,0.0,eu,,,,,,,,,,,,,,,,,,,,,,,,,,,,,,,,,,,,,,,,,,,,,,,,,,,,,,,,,,,,,,,,,,,,,,,,,,,,,,,,,,,,,,,,,,,,,,,,,,,,,,,,,,,,,,,,,,,,,,,,,,,,,,,,,,,,,,,,,,,,,,,,,,,,,,,,,,,,,,,,,,,,,,,,,,,,,,,,,,,,,,,2026,0,0,0.0,0,0.0,0.0,0.0,1970-01-01 00:00:00,Domestic League,0,0,0,0,0,0,0,0,0,0,-1,-1,-1,-1,0,2025/2026,2025,0
Italy_Serie_A_2025-2026,Patricio Gabarrón Gil,Lazio,Defender,32,184,72,Spain,1,0,1,0,0,0,0.0,1970-01-09,0,0.0,1,0,1,100,0,0,0,0.0,eu,,41.0,0.0,0.0,0.0,3.0,0.0,0.0,0.0,0.0,0.0,8.0,64.0,0.0,0.8,0.0,35.0,0.0,0.0,0.0,0.0,0.0,31.0,30.0,99.0,99.0,15.0,0.12,1.0,99.0,0.0,41.0,18.0,0.0,0.0,0.0,8.0,6.0,99.0,0.0,0.0,0.0,99.0,0.0,0.0,0.0,13.0,0.0,0.0,20.0,0.0,0.0,0.0,20.0,0.0,0.0,92.0,15.0,0.12,1.0,1.0,0.0,0.0,0.0,0.0,99.0,15.0,0.12,1.0,2.0,0.0,0.0,0.0,0.0,0.0,1.0,51.0,0.0,17.0,42.0,76.0,70.0,57.0,0.0,80.0,0.0,0.0,0.0,15.0,0.0,0.0,0.0,12.0,0.0,0.0,0.0,0.0,0.0,30.0,0.0,57.0,0.0,11.0,0.0,0.0,0.0,71.43,17.0,99.0,75.0,0.62,5.0,99.0,105.0,0.88,7.0,99.0,0.0,0.0,0.0,0.0,0.0,0.0,0.0,0.0,0.0,0.0,0.0,0.0,0.0,0.0,6.37,0.0,0.0,0.0,0.0,0.0,0.0,4,0.0,0.0,25.0,0.0,58.0,0.0,0.0,0.0,0.0,12.0,0.0,0.0,0.0,25.0,0.0,0.0,0.0,10.0,0.0,0.0,0.0,0.0,0.0,7.0,0.0,0.0,99.0,0.0,0.0,0.0,0.0,0.0,0.0,0.0,0.0,66.0,0.15,0.0,0.01,11.0,0.0,0.0,0.0,2026,0,0,0.0,0,0.0,0.0,0.0,1970-01-01 00:00:00,Domestic League,0,0,0,0,6,6,0,6,0,0,-1,10,-1,-1,0,2025/2026,2025,0
Italy_Serie_A_2025-2026,Pietro Pinelli,Lazio,Midfielder,55,0,0,,0,0,0,0,0,0,0.0,1970-01-01,0,0.0,0,0,0,0,0,0,0,0.0,eu,,,,,,,,,,,,,,,,,,,,,,,,,,,,,,,,,,,,,,,,,,,,,,,,,,,,,,,,,,,,,,,,,,,,,,,,,,,,,,,,,,,,,,,,,,,,,,,,,,,,,,,,,,,,,,,,,,,,,,,,,,,,,,,,,,,,,,,,,,,,,,,,,,,,,,,,,,,,,,,,,,,,,,,,,,,,,,,,,,,,,,,2026,0,0,0.0,0,0.0,0.0,0.0,1970-01-01 00:00:00,Domestic League,0,0,0,0,0,0,0,0,0,0,-1,-1,-1,-1,0,2025/2026,2025,0
Italy_Serie_A_2025-2026,Valerio Farcomeni,Lazio,Midfielder,19,176,0,Italy,0,0,0,0,0,0,0.0,2006-01-18,0,0.0,0,0,0,0,0,0,0,0.0,eu,,,,,,,,,,,,,,,,,,,,,,,,,,,,,,,,,,,,,,,,,,,,,,,,,,,,,,,,,,,,,,,,,,,,,,,,,,,,,,,,,,,,,,,,,,,,,,,,,,,,,,,,,,,,,,,,,,,,,,,,,,,,,,,,,,,,,,,,,,,,,,,,,,,,,,,,,,,,,,,,,,,,,,,,,,,,,,,,,,,,,,,2026,0,0,0.0,0,0.0,0.0,0.0,1970-01-01 00:00:00,Domestic League,0,0,0,0,0,0,0,0,0,0,-1,-1,-1,-1,0,2025/2026,2025,0
Italy_Serie_A_2025-2026,Aboubacar Sangaré Traoré,Roma,Midfielder,18,0,0,Spain,0,0,0,0,0,0,0.0,2007-08-06,0,0.0,0,0,0,0,0,0,0,0.0,eu,,,,,,,,,,,,,,,,,,,,,,,,,,,,,,,,,,,,,,,,,,,,,,,,,,,,,,,,,,,,,,,,,,,,,,,,,,,,,,,,,,,,,,,,,,,,,,,,,,,,,,,,,,,,,,,,,,,,,,,,,,,,,,,,,,,,,,,,,,,,,,,,,,,,,,,,,,,,,,,,,,,,,,,,,,,,,,,,,,,,,,,2026,0,0,0.0,0,0.0,0.0,0.0,1970-01-01 00:00:00,Domestic League,0,0,0,0,0,0,0,0,0,0,-1,-1,-1,-1,0,2025/2026,2025,0
Italy_Serie_A_2025-2026,Tommaso Barbieri,Cremonese,Defender,0,0,0,Italy,3,4,7,0,0,0,0.0,1970-01-01,1,0.18,1,0,1,14,1,6,7,1.27,eu,,42.0,3.11,1.75,14.0,50.0,1.11,0.62,0.0,5.0,810000.0,20.0,64.0,0.0,5.16,21.0,98.0,1.11,0.62,5.0,1.0,14.0,63.0,57.0,9.0,41.0,1.11,0.62,5.0,27.0,82.35,42.0,86.0,3.78,2.12,17.0,8.0,405.0,58.0,0.44,0.25,2.0,11.0,1.11,0.62,5.0,63.0,1.33,0.75,56.0,0.44,0.25,33.0,42.0,2.0,6.0,84.0,12.22,6.88,55.0,94.0,7.33,4.12,60.0,33.0,55.0,1.33,0.75,6.0,71.0,1.56,0.88,7.0,4.0,22.0,2.0,66.0,0.0,17.0,42.0,76.0,70.0,57.0,0.0,80.0,0.0,0.0,0.0,56.0,0.67,0.38,3.0,58.0,0.89,0.5,4.0,0.0,18.0,76.0,28.0,57.0,33.0,47.0,0.08,0.05,0.37,71.15,16.0,17.0,16.44,9.25,74.0,19.0,23.11,13.0,104.0,99.0,0.0,0.0,0.0,0.0,0.0,0.0,0.0,0.0,0.0,0.0,0.0,0.0,0.0,0.0,41.25,0.0,0.0,0.0,0.0,0.0,0.0,4,0.0,20.0,35.0,0.0,58.0,32.0,0.89,0.5,4.0,65.0,0.89,0.5,4.0,44.0,0.22,0.12,1.0,59.0,1.11,0.62,0.0,0.0,5.0,99.0,4.22,2.38,99.0,0.0,0.0,0.0,19.0,0.0,0.0,0.0,0.0,32.0,0.08,0.04,0.35,46.0,0.08,0.05,0.37,2026,0,0,0.0,0,0.0,0.0,0.0,2025-11-23 14:00:00,Domestic League,0,495,71,0,71,196,299,495,0,0,-1,27,156,97,0,2025/2026,2025,1
Italy_Serie_A_2025-2026,Ademola Lookman,Atalanta,Forward,28,174,78,England,4,4,8,0,0,0,0.0,1970-01-11,0,0.0,1,1,2,25,4,5,9,1.53,eu,,71.0,22.58,14.78,133.0,3.0,0.0,0.0,0.0,0.0,2890000.0,65.0,64.0,0.0,5.33,22.0,35.0,0.0,0.0,0.0,0.0,0.0,31.0,30.0,37.0,3.0,0.0,0.0,0.0,10.0,831.25,59.0,75.0,2.72,1.78,16.0,9.0,530.0,28.0,1.19,0.78,7.0,82.0,0.17,0.11,1.0,96.0,3.91,2.56,97.0,1.87,1.22,47.0,59.0,11.0,23.0,33.0,7.81,5.11,46.0,24.0,3.4,2.22,43.0,20.0,12.0,0.51,0.33,3.0,41.0,0.85,0.56,5.0,6.0,42.0,2.0,66.0,3.0,86.0,60.0,76.0,82.0,73.0,0.0,80.0,0.0,0.0,0.0,34.0,0.34,0.22,2.0,89.0,1.7,1.11,10.0,0.0,30.0,30.0,10.0,85.0,39.0,87.0,0.33,0.21,1.92,82.07,53.0,29.0,20.21,13.22,119.0,24.0,24.62,16.11,145.0,99.0,0.0,0.0,0.0,0.0,0.0,0.0,0.0,0.0,0.0,0.0,0.0,0.0,0.0,0.0,48.01,0.0,0.0,0.0,0.0,0.0,0.0,11,0.0,37.5,68.0,6.25,62.0,77.0,1.53,1.0,9.0,91.0,1.7,1.11,10.0,90.0,1.02,0.67,6.0,92.0,2.72,1.78,0.0,16.0,16.0,22.0,0.68,0.44,99.0,0.0,0.0,0.0,4.0,0.0,0.0,0.0,0.0,38.0,0.09,0.06,0.53,86.0,0.33,0.21,1.92,2026,0,1,0.17,1,0.0,0.28,0.17,2025-11-22 19:45:00,Domestic League,0,0,59,529,66,206,323,529,0,0,-1,5,95,-1,0,2025/2026,2025,0
Italy_Serie_A_2025-2026,Cas Odenthal,Sassuolo,Defender,25,190,79,Netherlands,0,0,0,0,0,0,0.0,1970-01-12,0,0.0,0,0,0,0,0,0,0,0.0,eu,,,,,,,,,,,,,,,,,,,,,,,,,,,,,,,,,,,,,,,,,,,,,,,,,,,,,,,,,,,,,,,,,,,,,,,,,,,,,,,,,,,,,,,,,,,,,,,,,,,,,,,,,,,,,,,,,,,,,,,,,,,,,,,,,,,,,,,,,,,,,,,,,,,,,,,,,,,,,,,,,,,,,,,,,,,,,,,,,,,,,,,2026,0,0,0.0,0,0.0,0.0,0.0,1970-01-01 00:00:00,Domestic League,0,0,0,0,0,0,0,0,0,0,-1,-1,-1,-1,0,2025/2026,2025,0
Italy_Serie_A_2025-2026,Laurs Skjellerup,Sassuolo,Midfielder,23,0,0,Denmark,0,0,0,0,0,0,0.0,2002-08-12,0,0.0,0,0,0,0,0,0,0,0.0,eu,,,,,,,,,,,,,,,,,,,,,,,,,,,,,,,,,,,,,,,,,,,,,,,,,,,,,,,,,,,,,,,,,,,,,,,,,,,,,,,,,,,,,,,,,,,,,,,,,,,,,,,,,,,,,,,,,,,,,,,,,,,,,,,,,,,,,,,,,,,,,,,,,,,,,,,,,,,,,,,,,,,,,,,,,,,,,,,,,,,,,,,2026,0,0,0.0,0,0.0,0.0,0.0,1970-01-01 00:00:00,Domestic League,0,0,0,0,0,0,0,0,0,0,-1,-1,-1,-1,0,2025/2026,2025,0
Italy_Serie_A_2025-2026,Mirko Castagnini,Hellas Verona,Goalkeeper,55,0,0,,0,0,0,0,0,0,0.0,1970-01-01,0,0.0,0,0,0,0,0,0,0,0.0,eu,,,,,,,,,,,,,,,,,,,,,,,,,,,,,,,,,,,,,,,,,,,,,,,,,,,,,,,,,,,,,,,,,,,,,,,,,,,,,,,,,,,,,,,,,,,,,,,,,,,,,,,,,,,,,,,,,,,,,,,,,,,,,,,,,,,,,,,,,,,,,,,,,,,,,,,,,,,,,,,,,,,,,,,,,,,,,,,,,,,,,,,2026,0,0,0.0,0,0.0,0.0,0.0,1970-01-01 00:00:00,Domestic League,0,0,0,0,0,0,0,0,0,0,-1,-1,-1,-1,0,2025/2026,2025,0
Italy_Serie_A_2025-2026,Luca Monticelli,Hellas Verona,Midfielder,20,0,0,Belgium,0,0,0,0,0,0,0.0,2005-02-12,0,0.0,0,0,0,0,0,0,0,0.0,eu,,,,,,,,,,,,,,,,,,,,,,,,,,,,,,,,,,,,,,,,,,,,,,,,,,,,,,,,,,,,,,,,,,,,,,,,,,,,,,,,,,,,,,,,,,,,,,,,,,,,,,,,,,,,,,,,,,,,,,,,,,,,,,,,,,,,,,,,,,,,,,,,,,,,,,,,,,,,,,,,,,,,,,,,,,,,,,,,,,,,,,,2026,0,0,0.0,0,0.0,0.0,0.0,1970-01-01 00:00:00,Domestic League,0,0,0,0,0,0,0,0,0,0,-1,-1,-1,-1,0,2025/2026,2025,0
Italy_Serie_A_2025-2026,Rafael Alexandre Conceição Leão,AC Milan,Forward,26,188,81,Portugal,3,4,7,0,1,1,0.2,1970-01-11,0,0.0,1,1,2,28,3,3,6,1.19,eu,,47.0,9.91,7.14,50.0,53.0,1.19,0.86,0.0,6.0,8970000.0,96.0,88.0,0.14,7.24,96.0,35.0,0.0,0.0,0.0,0.0,0.0,31.0,30.0,43.0,11.0,0.4,0.29,2.0,34.0,1250.0,73.0,50.0,0.79,0.57,4.0,7.0,454.0,34.0,0.99,0.71,5.0,59.0,0.4,0.29,2.0,86.0,2.58,1.86,87.0,1.19,0.86,46.0,57.0,6.0,13.0,77.0,11.3,8.14,57.0,76.0,5.55,4.0,49.0,28.0,60.0,1.39,1.0,7.0,96.0,2.97,2.14,15.0,5.0,32.0,2.0,66.0,2.0,69.0,99.0,93.0,99.0,99.0,0.0,96.0,0.2,0.14,1.0,22.0,0.2,0.14,1.0,63.0,0.99,0.71,5.0,0.0,18.0,30.0,36.0,58.0,27.0,96.0,0.46,0.33,2.3,78.57,38.0,34.0,21.81,15.71,110.0,31.0,27.75,20.0,140.0,99.0,0.0,0.0,0.0,0.0,0.0,2.0,0.0,0.0,2.0,0.0,0.0,0.0,0.0,0.0,50.7,0.0,0.0,0.0,0.0,0.0,0.0,10,0.0,53.33,90.0,26.67,92.0,56.0,1.19,0.86,6.0,83.0,1.39,1.0,7.0,99.0,1.59,1.14,8.0,94.0,2.97,2.14,0.0,3.75,15.0,9.0,0.2,0.14,99.0,0.0,0.0,0.0,1.0,0.0,0.0,0.0,0.0,81.0,0.2,0.14,1.0,99.0,0.73,0.53,3.7,2026,1,3,0.99,4,0.55,0.93,0.79,2025-11-08 19:45:00,Domestic League,454,0,76,114,65,163,291,454,2,0,100,1,3,-1,0,2025/2026,2025,0
Italy_Serie_A_2025-2026,Gnaly Albert Maxwel Cornet,Genoa,Forward,29,179,69,Ivory Coast,1,2,3,0,0,0,0.0,1970-01-10,0,0.0,0,1,1,33,0,2,2,2.43,eu,,74.0,24.32,3.33,20.0,84.0,2.43,0.33,0.0,2.0,1740000.0,45.0,64.0,0.0,3.13,2.0,35.0,0.0,0.0,0.0,0.0,0.0,31.0,30.0,50.0,46.0,1.22,0.17,1.0,0.0,333.33,43.0,98.0,7.3,1.0,6.0,6.0,74.0,2.0,2.43,0.33,2.0,99.0,0.0,0.0,0.0,60.0,1.22,0.17,20.0,0.0,0.0,0.0,20.0,0.0,1.0,95.0,15.81,2.17,13.0,83.0,6.08,0.83,38.0,5.0,99.0,3.65,0.5,3.0,57.0,1.22,0.17,1.0,1.0,0.0,2.0,66.0,2.0,69.0,42.0,76.0,70.0,57.0,0.0,80.0,0.0,0.0,0.0,15.0,0.0,0.0,0.0,99.0,3.65,0.5,3.0,0.0,0.0,30.0,0.0,57.0,0.0,0.0,-0.45,-0.06,-0.37,66.67,9.0,18.0,17.03,2.33,14.0,27.0,25.54,3.5,21.0,99.0,0.0,0.0,0.0,1.0,0.0,0.0,0.0,0.0,1.0,0.0,0.0,0.0,0.0,0.0,18.77,0.0,0.0,0.0,0.0,0.0,0.0,70,0.0,66.67,97.0,0.0,58.0,95.0,3.65,0.5,3.0,77.0,1.22,0.17,1.0,99.0,2.43,0.33,2.0,98.0,3.65,0.5,0.0,0.0,3.0,88.0,2.43,0.33,99.0,0.0,0.0,0.0,2.0,0.0,0.0,0.0,0.0,73.0,0.17,0.02,0.14,90.0,0.4,0.06,0.33,2026,0,0,0.0,0,0.0,0.0,0.0,2025-10-29 19:45:00,Domestic League,0,0,37,0,25,12,62,74,0,0,-1,11,-1,-1,0,2025/2026,2025,0
Italy_Serie_A_2025-2026,Nicolás Valentini,Hellas Verona,Defender,24,184,79,Argentina,3,1,4,0,0,0,0.0,1970-01-12,1,0.27,2,0,2,50,2,1,3,0.8,eu,,99.0,79.88,50.0,300.0,87.0,2.66,1.67,0.0,10.0,2310000.0,58.0,64.0,0.0,4.53,11.0,92.0,0.8,0.5,3.0,1.0,25.0,88.0,74.0,90.0,98.0,6.39,4.0,24.0,71.0,9999.99,99.0,50.0,0.8,0.5,3.0,6.0,338.0,99.0,0.0,0.0,0.0,47.0,0.53,0.33,2.0,13.0,0.0,0.0,20.0,0.0,0.0,0.0,20.0,0.0,0.0,48.0,8.79,5.5,33.0,64.0,5.06,3.17,57.0,19.0,82.0,1.86,1.17,7.0,26.0,0.53,0.33,2.0,4.0,22.0,0.0,34.0,2.0,69.0,42.0,76.0,70.0,57.0,0.0,80.0,0.0,0.0,0.0,15.0,0.0,0.0,0.0,25.0,0.27,0.17,1.0,0.0,2.0,58.0,71.0,57.0,9.0,57.0,0.11,0.07,0.41,63.64,6.0,13.0,14.91,9.33,56.0,20.0,23.43,14.67,88.0,99.0,0.0,0.0,0.0,0.0,0.0,0.0,0.0,0.0,0.0,0.0,0.0,0.0,0.0,0.0,27.2,0.0,0.0,0.0,0.0,0.0,0.0,6,0.0,150.0,99.0,0.0,58.0,47.0,1.07,0.67,4.0,0.0,-0.27,-0.17,,84.0,0.8,0.5,3.0,31.0,0.53,0.33,0.0,0.0,2.0,74.0,1.86,1.17,99.0,0.0,0.0,0.0,7.0,0.0,0.0,0.0,0.0,7.0,0.04,0.02,0.15,56.0,0.11,0.07,0.41,2026,0,0,0.0,0,0.0,0.0,0.0,2025-11-08 14:00:00,Domestic League,0,338,113,0,85,248,90,338,0,0,-1,24,145,40,0,2025/2026,2025,1
Italy_Serie_A_2025-2026,Adrián Malovec,Cremonese,Goalkeeper,55,0,0,Slovakia,0,0,0,0,0,0,0.0,1970-01-01,0,0.0,0,0,0,0,0,0,0,0.0,eu,,,,,,,,,,,,,,,,,,,,,,,,,,,,,,,,,,,,,,,,,,,,,,,,,,,,,,,,,,,,,,,,,,,,,,,,,,,,,,,,,,,,,,,,,,,,,,,,,,,,,,,,,,,,,,,,,,,,,,,,,,,,,,,,,,,,,,,,,,,,,,,,,,,,,,,,,,,,,,,,,,,,,,,,,,,,,,,,,,,,,,,2026,0,0,0.0,0,0.0,0.0,0.0,1970-01-01 00:00:00,Domestic League,0,0,0,0,0,0,0,0,0,0,-1,-1,-1,-1,0,2025/2026,2025,0
Italy_Serie_A_2025-2026,Lorenzo Bonsignori Goggi,Como,Midfielder,18,0,0,Italy,0,0,0,0,0,0,0.0,2007-03-28,0,0.0,0,0,0,0,0,0,0,0.0,eu,,,,,,,,,,,,,,,,,,,,,,,,,,,,,,,,,,,,,,,,,,,,,,,,,,,,,,,,,,,,,,,,,,,,,,,,,,,,,,,,,,,,,,,,,,,,,,,,,,,,,,,,,,,,,,,,,,,,,,,,,,,,,,,,,,,,,,,,,,,,,,,,,,,,,,,,,,,,,,,,,,,,,,,,,,,,,,,,,,,,,,,2026,0,0,0.0,0,0.0,0.0,0.0,1970-01-01 00:00:00,Domestic League,0,0,0,0,0,0,0,0,0,0,-1,-1,-1,-1,0,2025/2026,2025,0
Italy_Serie_A_2025-2026,Jean Emile Junior Onana Onana,Genoa,Midfielder,25,189,0,Cameroon,1,0,1,0,0,0,0.0,1970-01-11,0,0.0,0,0,0,0,0,0,0,0.0,eu,,41.0,0.0,0.0,0.0,3.0,0.0,0.0,0.0,0.0,3470000.0,69.0,64.0,0.0,1.26,0.0,99.0,7.5,0.2,1.0,0.0,0.0,31.0,30.0,1.0,3.0,0.0,0.0,0.0,99.0,0.0,41.0,18.0,0.0,0.0,0.0,5.0,12.0,0.0,15.0,0.4,2.0,99.0,0.0,0.0,0.0,13.0,0.0,0.0,20.0,0.0,0.0,0.0,20.0,0.0,0.0,99.0,30.0,0.8,4.0,1.0,0.0,0.0,0.0,0.0,99.0,15.0,0.4,2.0,2.0,0.0,0.0,0.0,0.0,0.0,1.0,51.0,0.0,17.0,42.0,76.0,70.0,57.0,0.0,80.0,0.0,0.0,0.0,15.0,0.0,0.0,0.0,99.0,7.5,0.2,1.0,0.0,0.0,30.0,0.0,57.0,0.0,11.0,0.0,0.0,0.0,57.14,2.0,56.0,30.0,0.8,4.0,83.0,52.5,1.4,7.0,99.0,0.0,0.0,0.0,0.0,0.0,0.0,0.0,0.0,0.0,0.0,0.0,0.0,0.0,0.0,6.31,0.0,0.0,0.0,0.0,0.0,0.0,14,0.0,0.0,25.0,0.0,58.0,99.0,7.5,0.2,1.0,12.0,0.0,0.0,0.0,25.0,0.0,0.0,0.0,10.0,0.0,0.0,0.0,0.0,0.0,7.0,0.0,0.0,99.0,0.0,0.0,0.0,0.0,0.0,0.0,0.0,0.0,93.0,0.3,0.01,0.04,11.0,0.0,0.0,0.0,2026,0,0,0.0,0,0.0,0.0,0.0,1970-01-01 00:00:00,Domestic League,0,0,0,0,12,12,0,12,0,0,-1,24,-1,-1,0,2025/2026,2025,0
Italy_Serie_A_2025-2026,Pedro Felipe de Jesus Gomes,Juventus,Midfielder,21,189,84,Brazil,0,0,0,0,0,0,0.0,2004-05-23,0,0.0,0,0,0,0,0,0,0,0.0,eu,,,,,,,,,,,,,,,,,,,,,,,,,,,,,,,,,,,,,,,,,,,,,,,,,,,,,,,,,,,,,,,,,,,,,,,,,,,,,,,,,,,,,,,,,,,,,,,,,,,,,,,,,,,,,,,,,,,,,,,,,,,,,,,,,,,,,,,,,,,,,,,,,,,,,,,,,,,,,,,,,,,,,,,,,,,,,,,,,,,,,,,2026,0,0,0.0,0,0.0,0.0,0.0,1970-01-01 00:00:00,Domestic League,0,0,0,0,0,0,0,0,0,0,-1,-1,-1,-1,0,2025/2026,2025,0
Italy_Serie_A_2025-2026,Francesco Coppola,Pisa,Midfielder,20,0,0,Italy,0,0,0,0,0,0,0.0,2005-04-11,0,0.0,0,0,0,0,0,0,0,0.0,eu,,,,,,,,,,,,,,,,,,,,,,,,,,,,,,,,,,,,,,,,,,,,,,,,,,,,,,,,,,,,,,,,,,,,,,,,,,,,,,,,,,,,,,,,,,,,,,,,,,,,,,,,,,,,,,,,,,,,,,,,,,,,,,,,,,,,,,,,,,,,,,,,,,,,,,,,,,,,,,,,,,,,,,,,,,,,,,,,,,,,,,,2026,0,0,0.0,0,0.0,0.0,0.0,1970-01-01 00:00:00,Domestic League,0,0,0,0,0,0,0,0,0,0,-1,-1,-1,-1,0,2025/2026,2025,0
Italy_Serie_A_2025-2026,Leon Patrick Bailey Butler,Roma,Forward,28,178,79,Jamaica,2,2,4,0,0,0,0.0,1970-01-11,0,0.0,1,0,1,25,0,1,1,0.62,eu,,77.0,28.12,11.25,45.0,56.0,1.25,0.5,0.0,2.0,8100000.0,95.0,64.0,0.0,6.53,57.0,35.0,0.0,0.0,,,,31.0,30.0,37.0,3.0,0.0,0.0,,80.0,409.09,45.0,98.0,6.88,2.75,11.0,4.0,144.0,49.0,0.62,0.25,1.0,99.0,0.0,0.0,,91.0,3.12,1.25,67.0,0.62,0.25,20.0,22.0,1.0,5.0,54.0,9.38,3.75,15.0,33.0,3.75,1.5,40.0,6.0,17.0,0.62,0.25,1.0,29.0,0.62,0.25,1.0,1.0,,3.0,78.0,3.0,86.0,42.0,76.0,70.0,57.0,,80.0,0.0,0.0,,15.0,0.0,0.0,,74.0,1.25,0.5,2.0,0.0,2.0,30.0,80.0,57.0,,28.0,0.03,0.01,0.05,81.82,52.0,36.0,22.5,9.0,36.0,31.0,27.5,11.0,44.0,99.0,0.0,0.0,,,0.0,,,,,,,0.0,0.0,,26.1,0.0,,,0.0,0.0,,31,0.0,0.0,25.0,0.0,58.0,15.0,0.62,0.25,1.0,53.0,0.62,0.25,1.0,25.0,0.0,0.0,,36.0,0.62,0.25,0.0,0.0,1.0,45.0,1.25,0.5,99.0,0.0,0.0,,2.0,,,,,38.0,0.09,0.04,0.15,28.0,0.03,0.01,0.05,2026,0,0,0.0,0,0.0,0.0,0.0,2025-10-26 14:00:00,Domestic League,0,0,145,0,36,89,56,145,0,0,-1,23,-1,-1,0,2025/2026,2025,0
Italy_Serie_A_2025-2026,,Inter Milan,Midfielder,0,0,0,,0,0,0,0,0,0,0.0,1970-01-01,0,0.0,0,0,0,0,0,0,0,0.0,eu,,,,,,,,,,,,,,,,,,,,,,,,,,,,,,,,,,,,,,,,,,,,,,,,,,,,,,,,,,,,,,,,,,,,,,,,,,,,,,,,,,,,,,,,,,,,,,,,,,,,,,,,,,,,,,,,,,,,,,,,,,,,,,,,,,,,,,,,,,,,,,,,,,,,,,,,,,,,,,,,,,,,,,,,,,,,,,,,,,,,,,,2026,0,0,0.0,0,0.0,0.0,0.0,1970-01-01 00:00:00,Domestic League,0,0,0,0,0,0,0,0,0,0,-1,-1,-1,-1,0,2025/2026,2025,0
Italy_Serie_A_2025-2026,Assane Diao Diaoune,Como,Midfielder,0,0,0,Spain,2,2,4,0,0,0,0.0,1970-01-01,0,0.0,2,1,3,75,0,1,1,0.38,eu,,41.0,0.0,0.0,,17.0,0.38,0.2,0.0,1.0,930000.0,23.0,64.0,0.0,5.07,19.0,35.0,0.0,0.0,,,,31.0,30.0,99.0,29.0,0.77,0.4,2.0,96.0,0.0,41.0,69.0,1.92,1.0,5.0,5.0,234.0,1.0,2.69,1.4,7.0,29.0,0.77,0.4,2.0,97.0,4.23,2.2,85.0,1.15,0.6,27.0,31.0,3.0,11.0,92.0,14.23,7.4,37.0,52.0,4.62,2.4,32.0,12.0,83.0,1.92,1.0,5.0,97.0,3.08,1.6,8.0,3.0,9.0,1.0,51.0,1.0,46.0,42.0,76.0,70.0,57.0,,80.0,0.0,0.0,,15.0,0.0,0.0,,12.0,0.0,0.0,,0.0,2.0,30.0,95.0,57.0,,33.0,0.04,0.02,0.1,76.83,31.0,41.0,24.23,12.6,63.0,42.0,31.54,16.4,82.0,99.0,0.0,0.0,,,0.0,,,,,,,0.0,0.0,,25.34,0.0,,,0.0,0.0,,38,0.0,0.0,25.0,0.0,58.0,3.0,0.38,0.2,1.0,60.0,0.77,0.4,2.0,25.0,0.0,0.0,,46.0,0.77,0.4,0.0,0.0,2.0,15.0,0.38,0.2,99.0,0.0,0.0,,1.0,,,,,12.0,0.05,0.03,0.13,32.0,0.04,0.02,0.1,2026,0,0,0.0,0,0.0,0.0,0.0,2025-11-08 14:00:00,Domestic League,0,0,234,0,59,134,100,234,0,0,-1,22,-1,-1,0,2025/2026,2025,0
Italy_Serie_A_2025-2026,Simone Scaglia,Juventus,Goalkeeper,21,0,0,Italy,0,0,0,0,0,0,0.0,2004-07-12,0,0.0,0,0,0,0,0,0,0,0.0,eu,,,,,,,,,,,,,,,,,,,,,,,,,,,,,,,,,,,,,,,,,,,,,,,,,,,,,,,,,,,,,,,,,,,,,,,,,,,,,,,,,,,,,,,,,,,,,,,,,,,,,,,,,,,,,,,,,,,,,,,,,,,,,,,,,,,,,,,,,,,,,,,,,,,,,,,,,,,,,,,,,,,,,,,,,,,,,,,,,,,,,,,2026,0,0,0.0,0,0.0,0.0,0.0,1970-01-01 00:00:00,Domestic League,0,0,0,0,0,0,0,0,0,0,-1,-1,-1,-1,0,2025/2026,2025,0
Italy_Serie_A_2025-2026,Hernani Azevedo Júnior,Parma,Midfielder,31,188,77,Brazil,0,3,3,0,0,0,0.0,1970-01-09,0,0.0,0,1,1,33,0,0,0,0.0,eu,,41.0,0.0,0.0,,99.0,5.14,0.4,0.0,2.0,2780000.0,64.0,64.0,0.0,3.92,6.0,35.0,0.0,0.0,,,,31.0,30.0,50.0,91.0,5.14,0.4,2.0,99.0,0.0,41.0,95.0,5.14,0.4,2.0,5.0,35.0,99.0,0.0,0.0,,99.0,0.0,0.0,,86.0,2.57,0.2,20.0,0.0,0.0,0.0,20.0,,1.0,88.0,12.86,1.0,5.0,96.0,7.71,0.6,60.0,3.0,96.0,2.57,0.2,1.0,92.0,2.57,0.2,1.0,,,3.0,78.0,,17.0,42.0,76.0,70.0,57.0,,80.0,0.0,0.0,,99.0,2.57,0.2,1.0,97.0,2.57,0.2,1.0,0.0,,30.0,,57.0,,62.0,0.13,0.01,0.05,80.0,44.0,57.0,30.86,2.4,12.0,59.0,38.57,3.0,15.0,99.0,0.0,0.0,,,0.0,,,,,,,0.0,0.0,,19.6,0.0,,,0.0,0.0,,23,0.0,0.0,25.0,0.0,58.0,93.0,2.57,0.2,1.0,98.0,2.57,0.2,1.0,25.0,0.0,0.0,,89.0,2.57,0.2,0.0,0.0,1.0,7.0,0.0,0.0,99.0,0.0,0.0,,,,,,,77.0,0.18,0.01,0.07,61.0,0.13,0.01,0.05,2026,0,0,0.0,0,0.0,0.0,0.0,1970-01-01 00:00:00,Domestic League,0,0,0,0,12,0,35,35,0,0,-1,23,-1,-1,0,2025/2026,2025,0
Italy_Serie_A_2025-2026,Matías Vecino Falero,Lazio,Midfielder,34,187,81,Uruguay,3,2,5,0,0,0,0.0,1970-01-08,0,0.0,2,2,4,80,0,0,0,0.0,eu,,41.0,0.0,0.0,,64.0,1.48,0.4,0.0,2.0,4260000.0,79.0,64.0,0.0,6.58,58.0,35.0,0.0,0.0,,,,31.0,30.0,99.0,91.0,5.16,1.4,7.0,99.0,0.0,41.0,18.0,0.0,0.0,,5.0,122.0,99.0,0.0,0.0,,99.0,0.0,0.0,,42.0,0.74,0.2,20.0,0.0,0.0,0.0,20.0,,1.0,48.0,8.85,2.4,12.0,31.0,3.69,1.0,41.0,5.0,65.0,1.48,0.4,2.0,35.0,0.74,0.2,1.0,,,5.0,90.0,,17.0,42.0,76.0,70.0,57.0,,80.0,0.0,0.0,,61.0,0.74,0.2,1.0,12.0,0.0,0.0,,0.0,4.0,30.0,,57.0,,44.0,0.07,0.02,0.1,91.04,95.0,83.0,45.0,12.2,61.0,80.0,49.43,13.4,67.0,99.0,0.0,0.0,,,0.0,,,,,,,0.0,0.0,,32.91,0.0,,,0.0,0.0,,5,0.0,0.0,25.0,0.0,58.0,,0.0,0.0,,86.0,1.48,0.4,2.0,25.0,0.0,0.0,,69.0,1.48,0.4,0.0,0.0,2.0,56.0,1.48,0.4,99.0,0.0,0.0,,2.0,,,,,44.0,0.1,0.03,0.13,43.0,0.07,0.02,0.1,2026,0,0,0.0,0,0.0,0.0,0.0,1970-01-01 00:00:00,Domestic League,0,0,0,0,25,72,51,123,0,0,-1,24,-1,-1,0,2025/2026,2025,0
Italy_Serie_A_2025-2026,Emanuele Sala,AC Milan,Midfielder,17,0,0,Italy,0,0,0,0,0,0,0.0,2007-11-28,0,0.0,0,0,0,0,0,0,0,0.0,eu,,,,,,,,,,,,,,,,,,,,,,,,,,,,,,,,,,,,,,,,,,,,,,,,,,,,,,,,,,,,,,,,,,,,,,,,,,,,,,,,,,,,,,,,,,,,,,,,,,,,,,,,,,,,,,,,,,,,,,,,,,,,,,,,,,,,,,,,,,,,,,,,,,,,,,,,,,,,,,,,,,,,,,,,,,,,,,,,,,,,,,,2026,0,0,0.0,0,0.0,0.0,0.0,1970-01-01 00:00:00,Domestic League,0,0,0,0,0,0,0,0,0,0,-1,-1,-1,-1,0,2025/2026,2025,0
Italy_Serie_A_2025-2026,Maduka Okoye,Udinese,Goalkeeper,26,197,0,Germany,3,3,6,0,0,0,0.0,1970-01-11,0,0.0,0,1,1,17,5,3,8,1.33,eu,,41.0,0.0,0.0,,6.0,0.17,0.17,0.0,1.0,,8.0,64.0,0.0,6.84,77.0,35.0,0.0,0.0,,,,31.0,30.0,17.0,59.0,1.83,1.83,11.0,22.0,0.0,41.0,18.0,0.0,0.0,,6.0,540.0,99.0,0.0,0.0,,99.0,0.0,0.0,,13.0,0.0,0.0,20.0,0.0,0.0,0.0,20.0,,,1.0,0.17,0.17,1.0,1.0,0.17,0.17,100.0,1.0,6.0,0.0,0.0,,2.0,0.0,0.0,,6.0,42.0,,34.0,,17.0,42.0,76.0,70.0,57.0,,80.0,0.0,0.0,,15.0,0.0,0.0,,12.0,0.0,0.0,,0.0,9.0,30.0,23.0,57.0,42.0,11.0,0.0,0.0,0.0,67.87,10.0,43.0,25.0,25.0,150.0,56.0,36.83,36.83,221.0,99.0,0.0,0.0,,,0.0,,,1.0,,,90.0,0.83,0.83,5.0,41.02,59.26,12.0,40.0,2.67,2.67,16.0,40,0.0,0.0,25.0,0.0,58.0,97.0,4.5,4.5,27.0,12.0,0.0,0.0,,25.0,0.0,0.0,,10.0,0.0,0.0,0.0,0.0,,7.0,0.0,0.0,99.0,0.0,0.0,,,,,,,20.0,0.06,0.06,0.35,11.0,0.0,0.0,0.0,2026,0,0,0.0,0,0.0,0.0,0.0,2025-11-22 14:00:00,Domestic League,0,0,68,0,90,270,270,540,0,0,-1,26,327,100,0,2025/2026,2025,0
Italy_Serie_A_2025-2026,Andréa Le Borgne,Como,Midfielder,55,189,0,France,0,0,0,0,0,0,0.0,1970-01-01,0,0.0,0,0,0,0,0,0,0,0.0,eu,,,,,,,,,,,,,,,,,,,,,,,,,,,,,,,,,,,,,,,,,,,,,,,,,,,,,,,,,,,,,,,,,,,,,,,,,,,,,,,,,,,,,,,,,,,,,,,,,,,,,,,,,,,,,,,,,,,,,,,,,,,,,,,,,,,,,,,,,,,,,,,,,,,,,,,,,,,,,,,,,,,,,,,,,,,,,,,,,,,,,,,2026,0,0,0.0,0,0.0,0.0,0.0,1970-01-01 00:00:00,Domestic League,0,0,0,0,0,0,0,0,0,0,-1,-1,-1,-1,0,2025/2026,2025,0
Italy_Serie_A_2025-2026,Lapo Siviero,Torino,Midfielder,19,0,0,Italy,0,0,0,0,0,0,0.0,2006-11-23,0,0.0,0,0,0,0,0,0,0,0.0,eu,,,,,,,,,,,,,,,,,,,,,,,,,,,,,,,,,,,,,,,,,,,,,,,,,,,,,,,,,,,,,,,,,,,,,,,,,,,,,,,,,,,,,,,,,,,,,,,,,,,,,,,,,,,,,,,,,,,,,,,,,,,,,,,,,,,,,,,,,,,,,,,,,,,,,,,,,,,,,,,,,,,,,,,,,,,,,,,,,,,,,,,2026,0,0,0.0,0,0.0,0.0,0.0,1970-01-01 00:00:00,Domestic League,0,0,0,0,0,0,0,0,0,0,-1,-1,-1,-1,0,2025/2026,2025,0
Italy_Serie_A_2025-2026,Lorenzo Nyarko,Sassuolo,Goalkeeper,55,0,0,,0,0,0,0,0,0,0.0,1970-01-01,0,0.0,0,0,0,0,0,0,0,0.0,eu,,,,,,,,,,,,,,,,,,,,,,,,,,,,,,,,,,,,,,,,,,,,,,,,,,,,,,,,,,,,,,,,,,,,,,,,,,,,,,,,,,,,,,,,,,,,,,,,,,,,,,,,,,,,,,,,,,,,,,,,,,,,,,,,,,,,,,,,,,,,,,,,,,,,,,,,,,,,,,,,,,,,,,,,,,,,,,,,,,,,,,,2026,0,0,0.0,0,0.0,0.0,0.0,1970-01-01 00:00:00,Domestic League,0,0,0,0,0,0,0,0,0,0,-1,-1,-1,-1,0,2025/2026,2025,0
Italy_Serie_A_2025-2026,Fabio Miretti,Juventus,Midfielder,22,173,58,Italy,1,0,1,0,0,0,0.0,2003-08-03,1,3.75,0,0,0,0,0,0,0,0.0,eu,,99.0,251.25,13.4,67.0,3.0,0.0,0.0,0.0,,2310000.0,58.0,64.0,0.0,1.37,,35.0,0.0,0.0,,1.0,100.0,99.0,99.0,1.0,3.0,0.0,0.0,,99.0,2233.33,83.0,99.0,11.25,0.6,3.0,5.0,24.0,,3.75,0.2,1.0,99.0,0.0,0.0,,13.0,0.0,0.0,20.0,0.0,0.0,0.0,20.0,,,99.0,18.75,1.0,5.0,99.0,11.25,0.6,60.0,3.0,99.0,7.5,0.4,2.0,98.0,3.75,0.2,1.0,,,1.0,51.0,,17.0,42.0,76.0,70.0,57.0,,80.0,0.0,0.0,,15.0,0.0,0.0,,99.0,7.5,0.4,2.0,0.0,,30.0,,57.0,,72.0,0.19,0.01,0.05,80.95,46.0,97.0,63.75,3.4,17.0,99.0,78.75,4.2,21.0,99.0,0.0,0.0,,,0.0,,,,,,,0.0,0.0,,6.84,0.0,,,0.0,0.0,,21,0.0,0.0,25.0,0.0,58.0,,0.0,0.0,,99.0,3.75,0.2,1.0,25.0,0.0,0.0,,98.0,3.75,0.2,0.0,0.0,1.0,99.0,7.5,0.4,99.0,0.0,0.0,,2.0,,,,,97.0,0.38,0.02,0.1,71.0,0.19,0.01,0.05,2026,0,0,0.0,0,0.0,0.0,0.0,1970-01-01 00:00:00,Domestic League,0,24,0,0,24,24,0,24,0,0,-1,24,-1,-1,0,2025/2026,2025,1
Italy_Serie_A_2025-2026,Sead Kolašinac,Atalanta,Defender,32,183,85,Bosnia and Herzegovina,0,0,0,0,0,0,0.0,1970-01-09,0,0.0,0,0,0,0,0,0,0,0.0,eu,,,,,,,,,,,,,,,,,,,,,,,,,,,,,,,,,,,,,,,,,,,,,,,,,,,,,,,,,,,,,,,,,,,,,,,,,,,,,,,,,,,,,,,,,,,,,,,,,,,,,,,,,,,,,,,,,,,,,,,,,,,,,,,,,,,,,,,,,,,,,,,,,,,,,,,,,,,,,,,,,,,,,,,,,,,,,,,,,,,,,,,2026,0,0,0.0,0,0.0,0.0,0.0,1970-01-01 00:00:00,Domestic League,0,0,0,0,0,0,0,0,0,0,-1,-1,-1,-1,0,2025/2026,2025,0
Italy_Serie_A_2025-2026,Stefano Mangiapoco,Juventus,Midfielder,21,0,0,Italy,0,0,0,0,0,0,0.0,2004-01-27,0,0.0,0,0,0,0,0,0,0,0.0,eu,,,,,,,,,,,,,,,,,,,,,,,,,,,,,,,,,,,,,,,,,,,,,,,,,,,,,,,,,,,,,,,,,,,,,,,,,,,,,,,,,,,,,,,,,,,,,,,,,,,,,,,,,,,,,,,,,,,,,,,,,,,,,,,,,,,,,,,,,,,,,,,,,,,,,,,,,,,,,,,,,,,,,,,,,,,,,,,,,,,,,,,2026,0,0,0.0,0,0.0,0.0,0.0,1970-01-01 00:00:00,Domestic League,0,0,0,0,0,0,0,0,0,0,-1,-1,-1,-1,0,2025/2026,2025,0
Italy_Serie_A_2025-2026,Alessandro Cardinali,Parma,Midfielder,19,0,0,Italy,0,0,0,0,0,0,0.0,2006-03-02,0,0.0,0,0,0,0,0,0,0,0.0,eu,,,,,,,,,,,,,,,,,,,,,,,,,,,,,,,,,,,,,,,,,,,,,,,,,,,,,,,,,,,,,,,,,,,,,,,,,,,,,,,,,,,,,,,,,,,,,,,,,,,,,,,,,,,,,,,,,,,,,,,,,,,,,,,,,,,,,,,,,,,,,,,,,,,,,,,,,,,,,,,,,,,,,,,,,,,,,,,,,,,,,,,2026,0,0,0.0,0,0.0,0.0,0.0,1970-01-01 00:00:00,Domestic League,0,0,0,0,0,0,0,0,0,0,-1,-1,-1,-1,0,2025/2026,2025,0
Italy_Serie_A_2025-2026,Alessandro Ciardi,Parma,Midfielder,55,0,0,Italy,0,0,0,0,0,0,0.0,1970-01-01,0,0.0,0,0,0,0,0,0,0,0.0,eu,,,,,,,,,,,,,,,,,,,,,,,,,,,,,,,,,,,,,,,,,,,,,,,,,,,,,,,,,,,,,,,,,,,,,,,,,,,,,,,,,,,,,,,,,,,,,,,,,,,,,,,,,,,,,,,,,,,,,,,,,,,,,,,,,,,,,,,,,,,,,,,,,,,,,,,,,,,,,,,,,,,,,,,,,,,,,,,,,,,,,,,2026,0,0,0.0,0,0.0,0.0,0.0,1970-01-01 00:00:00,Domestic League,0,0,0,0,0,0,0,0,0,0,-1,-1,-1,-1,0,2025/2026,2025,0
Italy_Serie_A_2025-2026,Mattia Mosconi,Inter Milan,Midfielder,18,0,0,Italy,0,0,0,0,0,0,0.0,2007-03-26,0,0.0,0,0,0,0,0,0,0,0.0,eu,,,,,,,,,,,,,,,,,,,,,,,,,,,,,,,,,,,,,,,,,,,,,,,,,,,,,,,,,,,,,,,,,,,,,,,,,,,,,,,,,,,,,,,,,,,,,,,,,,,,,,,,,,,,,,,,,,,,,,,,,,,,,,,,,,,,,,,,,,,,,,,,,,,,,,,,,,,,,,,,,,,,,,,,,,,,,,,,,,,,,,,2026,0,0,0.0,0,0.0,0.0,0.0,1970-01-01 00:00:00,Domestic League,0,0,0,0,0,0,0,0,0,0,-1,-1,-1,-1,0,2025/2026,2025,0
Italy_Serie_A_2025-2026,Christos Alexiou,Inter Milan,Midfielder,20,0,0,Greece,0,0,0,0,0,0,0.0,2005-06-30,0,0.0,0,0,0,0,0,0,0,0.0,eu,,,,,,,,,,,,,,,,,,,,,,,,,,,,,,,,,,,,,,,,,,,,,,,,,,,,,,,,,,,,,,,,,,,,,,,,,,,,,,,,,,,,,,,,,,,,,,,,,,,,,,,,,,,,,,,,,,,,,,,,,,,,,,,,,,,,,,,,,,,,,,,,,,,,,,,,,,,,,,,,,,,,,,,,,,,,,,,,,,,,,,,2026,0,0,0.0,0,0.0,0.0,0.0,1970-01-01 00:00:00,Domestic League,0,0,0,0,0,0,0,0,0,0,-1,-1,-1,-1,0,2025/2026,2025,0
Italy_Serie_A_2025-2026,Matteo Lavelli,Inter Milan,Midfielder,18,0,0,Italy,0,0,0,0,0,0,0.0,2006-12-08,0,0.0,0,0,0,0,0,0,0,0.0,eu,,,,,,,,,,,,,,,,,,,,,,,,,,,,,,,,,,,,,,,,,,,,,,,,,,,,,,,,,,,,,,,,,,,,,,,,,,,,,,,,,,,,,,,,,,,,,,,,,,,,,,,,,,,,,,,,,,,,,,,,,,,,,,,,,,,,,,,,,,,,,,,,,,,,,,,,,,,,,,,,,,,,,,,,,,,,,,,,,,,,,,,2026,0,0,0.0,0,0.0,0.0,0.0,1970-01-01 00:00:00,Domestic League,0,0,0,0,0,0,0,0,0,0,-1,-1,-1,-1,0,2025/2026,2025,0
Italy_Serie_A_2025-2026,Alain Taho,Inter Milan,Midfielder,18,0,0,Albania,0,0,0,0,0,0,0.0,2007-04-30,0,0.0,0,0,0,0,0,0,0,0.0,eu,,,,,,,,,,,,,,,,,,,,,,,,,,,,,,,,,,,,,,,,,,,,,,,,,,,,,,,,,,,,,,,,,,,,,,,,,,,,,,,,,,,,,,,,,,,,,,,,,,,,,,,,,,,,,,,,,,,,,,,,,,,,,,,,,,,,,,,,,,,,,,,,,,,,,,,,,,,,,,,,,,,,,,,,,,,,,,,,,,,,,,,2026,0,0,0.0,0,0.0,0.0,0.0,1970-01-01 00:00:00,Domestic League,0,0,0,0,0,0,0,0,0,0,-1,-1,-1,-1,0,2025/2026,2025,0
Italy_Serie_A_2025-2026,Adrian Lickūnas,Cremonese,Midfielder,19,0,0,Lithuania,0,0,0,0,0,0,0.0,2006-03-28,0,0.0,0,0,0,0,0,0,0,0.0,eu,,,,,,,,,,,,,,,,,,,,,,,,,,,,,,,,,,,,,,,,,,,,,,,,,,,,,,,,,,,,,,,,,,,,,,,,,,,,,,,,,,,,,,,,,,,,,,,,,,,,,,,,,,,,,,,,,,,,,,,,,,,,,,,,,,,,,,,,,,,,,,,,,,,,,,,,,,,,,,,,,,,,,,,,,,,,,,,,,,,,,,,2026,0,0,0.0,0,0.0,0.0,0.0,1970-01-01 00:00:00,Domestic League,0,0,0,0,0,0,0,0,0,0,-1,-1,-1,-1,0,2025/2026,2025,0
Italy_Serie_A_2025-2026,Alex Castiello,AC Milan,Midfielder,18,0,0,Italy,0,0,0,0,0,0,0.0,2007-02-13,0,0.0,0,0,0,0,0,0,0,0.0,eu,,,,,,,,,,,,,,,,,,,,,,,,,,,,,,,,,,,,,,,,,,,,,,,,,,,,,,,,,,,,,,,,,,,,,,,,,,,,,,,,,,,,,,,,,,,,,,,,,,,,,,,,,,,,,,,,,,,,,,,,,,,,,,,,,,,,,,,,,,,,,,,,,,,,,,,,,,,,,,,,,,,,,,,,,,,,,,,,,,,,,,,2026,0,0,0.0,0,0.0,0.0,0.0,1970-01-01 00:00:00,Domestic League,0,0,0,0,0,0,0,0,0,0,-1,-1,-1,-1,0,2025/2026,2025,0
Italy_Serie_A_2025-2026,Boris Radunović,Cagliari,Goalkeeper,29,194,84,Serbia,0,0,0,0,0,0,0.0,1970-01-10,0,0.0,0,0,0,0,0,0,0,0.0,eu,,,,,,,,,,,,,,,,,,,,,,,,,,,,,,,,,,,,,,,,,,,,,,,,,,,,,,,,,,,,,,,,,,,,,,,,,,,,,,,,,,,,,,,,,,,,,,,,,,,,,,,,,,,,,,,,,,,,,,,,,,,,,,,,,,,,,,,,,,,,,,,,,,,,,,,,,,,,,,,,,,,,,,,,,,,,,,,,,,,,,,,2026,0,0,0.0,0,0.0,0.0,0.0,1970-01-01 00:00:00,Domestic League,0,0,0,0,0,0,0,0,0,0,-1,-1,-1,-1,0,2025/2026,2025,0
Italy_Serie_A_2025-2026,Alin Kumer Čelik,Genoa,Defender,18,0,0,Slovenia,0,0,0,0,0,0,0.0,2007-02-22,0,0.0,0,0,0,0,0,0,0,0.0,eu,,,,,,,,,,,,,,,,,,,,,,,,,,,,,,,,,,,,,,,,,,,,,,,,,,,,,,,,,,,,,,,,,,,,,,,,,,,,,,,,,,,,,,,,,,,,,,,,,,,,,,,,,,,,,,,,,,,,,,,,,,,,,,,,,,,,,,,,,,,,,,,,,,,,,,,,,,,,,,,,,,,,,,,,,,,,,,,,,,,,,,,2026,0,0,0.0,0,0.0,0.0,0.0,1970-01-01 00:00:00,Domestic League,0,0,0,0,0,0,0,0,0,0,-1,-1,-1,-1,0,2025/2026,2025,0
Italy_Serie_A_2025-2026,Arda Yazıcı,Napoli,Goalkeeper,0,0,0,Turkey,0,0,0,0,0,0,0.0,1970-01-01,0,0.0,0,0,0,0,0,0,0,0.0,eu,,,,,,,,,,,,,,,,,,,,,,,,,,,,,,,,,,,,,,,,,,,,,,,,,,,,,,,,,,,,,,,,,,,,,,,,,,,,,,,,,,,,,,,,,,,,,,,,,,,,,,,,,,,,,,,,,,,,,,,,,,,,,,,,,,,,,,,,,,,,,,,,,,,,,,,,,,,,,,,,,,,,,,,,,,,,,,,,,,,,,,,2026,0,0,0.0,0,0.0,0.0,0.0,1970-01-01 00:00:00,Domestic League,0,0,0,0,0,0,0,0,0,0,-1,-1,-1,-1,0,2025/2026,2025,0
Italy_Serie_A_2025-2026,Vicente Guaita Panadero,Parma,Goalkeeper,38,190,81,Spain,0,0,0,0,0,0,0.0,1970-01-07,0,0.0,0,0,0,0,0,0,0,0.0,eu,,,,,,,,,,,,,,,,,,,,,,,,,,,,,,,,,,,,,,,,,,,,,,,,,,,,,,,,,,,,,,,,,,,,,,,,,,,,,,,,,,,,,,,,,,,,,,,,,,,,,,,,,,,,,,,,,,,,,,,,,,,,,,,,,,,,,,,,,,,,,,,,,,,,,,,,,,,,,,,,,,,,,,,,,,,,,,,,,,,,,,,2026,0,0,0.0,0,0.0,0.0,0.0,1970-01-01 00:00:00,Domestic League,0,0,0,0,0,0,0,0,0,0,-1,-1,-1,-1,0,2025/2026,2025,0
Italy_Serie_A_2025-2026,Jacob Ondrejka,Parma,Midfielder,23,0,0,Sweden,0,0,0,0,0,0,0.0,2002-09-02,0,0.0,0,0,0,0,0,0,0,0.0,eu,,,,,,,,,,,,,,,,,,,,,,,,,,,,,,,,,,,,,,,,,,,,,,,,,,,,,,,,,,,,,,,,,,,,,,,,,,,,,,,,,,,,,,,,,,,,,,,,,,,,,,,,,,,,,,,,,,,,,,,,,,,,,,,,,,,,,,,,,,,,,,,,,,,,,,,,,,,,,,,,,,,,,,,,,,,,,,,,,,,,,,,2026,0,0,0.0,0,0.0,0.0,0.0,1970-01-01 00:00:00,Domestic League,0,0,0,0,0,0,0,0,0,0,-1,-1,-1,-1,0,2025/2026,2025,0
