league,full_name,team,position,age,height,weight,nationality,appearances_away,appearances_home,appearances_overall,assists_away,assists_home,assists_overall,assists_per_90_overall,birthday,cards_overall,cards_per_90_overall,clean_sheets_away,clean_sheets_home,clean_sheets_overall,clean_sheets_per_overall,conceded_away,conceded_home,conceded_overall,conceded_per_90_overall,continent,detailed,detailed_accurate_crosses_per90_percentile_overall,detailed_accurate_crosses_per_90_overall,detailed_accurate_crosses_per_game_overall,detailed_accurate_crosses_total_overall,detailed_aerial_duels_won_per90_percentile_overall,detailed_aerial_duels_won_per_90_overall,detailed_aerial_duels_won_per_game_overall,detailed_aerial_duels_won_percentage_overall,detailed_aerial_duels_won_total_overall,detailed_annual_salary_eur,detailed_annual_salary_eur_percentile,detailed_assists_per90_percentile_overall,detailed_assists_per_game_overall,detailed_average_rating_overall,detailed_average_rating_percentile_overall,detailed_blocks_per90_percentile_overall,detailed_blocks_per_90_overall,detailed_blocks_per_game_overall,detailed_blocks_total_overall,detailed_booked_over05_overall,detailed_booked_over05_percentage_overall,detailed_booked_over05_percentage_percentile_overall,detailed_cards_per90_percentile_overall,detailed_clean_sheets_percentage_percentile_overall,detailed_clearances_per90_percentile_overall,detailed_clearances_per_90_overall,detailed_clearances_per_game_overall,detailed_clearances_total_overall,detailed_conceded_per90_percentile_overall,detailed_cross_completion_rate_overall,detailed_cross_completion_rate_percentile_overall,detailed_crosses_per90_percentile_overall,detailed_crosses_per_90_overall,detailed_crosses_per_game_overall,detailed_crosses_total_overall,detailed_detailed_matches_played_recorded_overall,detailed_detailed_minutes_played_recorded_overall,detailed_dispossesed_per90_percentile_overall,detailed_dispossesed_per_90_overall,detailed_dispossesed_per_game_overall,detailed_dispossesed_total_overall,detailed_dribbled_past_per90_percentile_overall,detailed_dribbled_past_per_90_overall,detailed_dribbled_past_per_game_overall,detailed_dribbled_past_total_overall,detailed_dribbles_per90_percentile_overall,detailed_dribbles_per_90_overall,detailed_dribbles_per_game_overall,detailed_dribbles_successful_per90_percentile_overall,detailed_dribbles_successful_per_90_overall,detailed_dribbles_successful_per_game_overall,detailed_dribbles_successful_percentage_overall,detailed_dribbles_successful_percentage_percentile_overall,detailed_dribbles_successful_total_overall,detailed_dribbles_total_overall,detailed_duels_per90_percentile_overall,detailed_duels_per_90_overall,detailed_duels_per_game_overall,detailed_duels_total_overall,detailed_duels_won_per90_percentile_overall,detailed_duels_won_per_90_overall,detailed_duels_won_per_game_overall,detailed_duels_won_percentage_overall,detailed_duels_won_total_overall,detailed_fouls_committed_per90_percentile_overall,detailed_fouls_committed_per_90_overall,detailed_fouls_committed_per_game_overall,detailed_fouls_committed_total_overall,detailed_fouls_drawn_per90_percentile_overall,detailed_fouls_drawn_per_90_overall,detailed_fouls_drawn_per_game_overall,detailed_fouls_drawn_total_overall,detailed_games_started,detailed_games_started_percentile_overall,detailed_games_subbed_in,detailed_games_subbed_in_percentile_overall,detailed_games_subbed_out,detailed_games_subbed_out_percentile_overall,detailed_goals_involved_per90_percentile_overall,detailed_goals_per90_percentile_away,detailed_goals_per90_percentile_home,detailed_goals_per90_percentile_overall,detailed_hattricks_total_overall,detailed_hit_woodwork_per90_percentile_overall,detailed_hit_woodwork_per_90_overall,detailed_hit_woodwork_per_game_overall,detailed_hit_woodwork_total_overall,detailed_interceptions_per90_percentile_overall,detailed_interceptions_per_90_overall,detailed_interceptions_per_game_overall,detailed_interceptions_total_overall,detailed_key_passes_per90_percentile_overall,detailed_key_passes_per_90_overall,detailed_key_passes_per_game_overall,detailed_key_passes_total_overall,detailed_long_passes_per_game_overall,detailed_matches_played_percentile_overall,detailed_min_per_card_percentile_overall,detailed_min_per_conceded_percentile_overall,detailed_min_per_goal_percentile_overall,detailed_minutes_played_percentile_overall,detailed_npxg_per90_percentile_overall,detailed_npxg_per_90_overall,detailed_npxg_per_game_overall,detailed_npxg_total_overall,detailed_pass_completion_rate_overall,detailed_pass_completion_rate_percentile_overall,detailed_passes_completed_per90_percentile_overall,detailed_passes_completed_per_90_overall,detailed_passes_completed_per_game_overall,detailed_passes_completed_total_overall,detailed_passes_per90_percentile_overall,detailed_passes_per_90_overall,detailed_passes_per_game_overall,detailed_passes_total_overall,detailed_pen_committed_per90_percentile_overall,detailed_pen_committed_per_90_overall,detailed_pen_committed_per_game_overall,detailed_pen_committed_total_overall,detailed_pen_missed_total_overall,detailed_pen_save_percentage_overall,detailed_pen_scored_total_overall,detailed_penalties_won_total_overall,detailed_pens_saved_total_overall,detailed_pens_taken_total_overall,detailed_progressive_passes_total_overall,detailed_punches_per90_percentile_overall,detailed_punches_per_90_overall,detailed_punches_per_game_overall,detailed_punches_total_overall,detailed_ratings_total_overall,detailed_save_percentage_overall,detailed_save_percentage_percentile_overall,detailed_saves_per90_percentile_overall,detailed_saves_per_90_overall,detailed_saves_per_game_overall,detailed_saves_total_overall,detailed_shirt_number,detailed_short_passes_per_game_overall,detailed_shot_accuraccy_percentage_overall,detailed_shot_accuraccy_percentage_percentile_overall,detailed_shot_conversion_rate_overall,detailed_shot_conversion_rate_percentile_overall,detailed_shots_faced_per90_percentile_overall,detailed_shots_faced_per_90_overall,detailed_shots_faced_per_game_overall,detailed_shots_faced_total_overall,detailed_shots_off_target_per90_percentile_overall,detailed_shots_off_target_per_90_overall,detailed_shots_off_target_per_game_overall,detailed_shots_off_target_total_overall,detailed_shots_on_target_per90_percentile_overall,detailed_shots_on_target_per_90_overall,detailed_shots_on_target_per_game_overall,detailed_shots_on_target_total_overall,detailed_shots_per90_percentile_overall,detailed_shots_per_90_overall,detailed_shots_per_game_overall,detailed_shots_per_goal_conceded_overall,detailed_shots_per_goal_scored_overall,detailed_shots_total_overall,detailed_tackles_per90_percentile_overall,detailed_tackles_per_90_overall,detailed_tackles_per_game_overall,detailed_tackles_successful_per90_percentile_overall,detailed_tackles_successful_per_90_overall,detailed_tackles_successful_per_game_overall,detailed_tackles_successful_total_overall,detailed_tackles_total_overall,detailed_three_goals_in_a_game_percentage_overall,detailed_three_goals_in_a_game_total_overall,detailed_two_goals_in_a_game_percentage_overall,detailed_two_goals_in_a_game_total_overall,detailed_xa_per90_percentile_overall,detailed_xa_per_90_overall,detailed_xa_per_game_overall,detailed_xa_total_overall,detailed_xg_per90_percentile_overall,detailed_xg_per_90_overall,detailed_xg_per_game_overall,detailed_xg_total_overall,ending_year,goals_away,goals_home,goals_involved_per_90_overall,goals_overall,goals_per_90_away,goals_per_90_home,goals_per_90_overall,last_match_timestamp,league_type,min_per_assist_overall,min_per_card_overall,min_per_conceded_overall,min_per_goal_overall,min_per_match,minutes_played_away,minutes_played_home,minutes_played_overall,penalty_goals,penalty_misses,penalty_success,rank_in_club_top_scorer,rank_in_league_top_attackers,rank_in_league_top_defenders,red_cards_overall,season,starting_year,yellow_cards_overall
France_Ligue_1_2025-2026,Seko Fofana,Rennes,Midfielder,30,185,74,Ivory Coast,5,6,11,0,0,0,0.0,1970-01-10,0,0.0,1,2,3,27,7,4,11,1.52,eu,,71.0,20.67,12.5,150.0,60.0,1.1,0.67,0.0,8.0,6810000.0,95.0,50.0,0.0,6.3,39.0,46.0,0.14,0.08,1.0,,,26.0,23.0,55.0,31.0,0.83,0.5,6.0,29.0,2142.86,86.0,54.0,0.96,0.58,7.0,12.0,653.0,24.0,1.24,0.75,9.0,53.0,0.55,0.33,4.0,87.0,2.89,1.75,95.0,1.79,1.08,61.0,79.0,13.0,21.0,53.0,8.55,5.17,62.0,71.0,5.1,3.08,59.0,37.0,13.0,0.41,0.25,3.0,79.0,1.65,1.0,12.0,7.0,29.0,4.0,81.0,4.0,87.0,48.0,68.0,75.0,63.0,,92.0,0.14,0.08,1.0,26.0,0.41,0.25,3.0,84.0,1.52,0.92,11.0,0.0,31.0,23.0,29.0,81.0,30.0,67.0,0.18,0.11,1.32,91.01,87.0,76.0,44.66,27.0,324.0,72.0,49.07,29.67,356.0,99.0,0.0,0.0,,,0.0,,,,,,,0.0,0.0,,75.6,0.0,,,0.0,0.0,,8,0.0,33.33,57.0,11.11,61.0,68.0,1.65,1.0,12.0,65.0,0.83,0.5,6.0,64.0,0.41,0.25,3.0,63.0,1.24,0.75,0.0,9.0,9.0,16.0,0.55,0.33,99.0,0.0,0.0,,4.0,,,,,64.0,0.17,0.1,1.21,64.0,0.18,0.11,1.32,2026,0,1,0.14,1,0.0,0.25,0.14,2025-10-26 16:15:00,Domestic League,0,0,59,653,59,297,356,653,0,0,-1,8,122,-1,0,2025/2026,2025,0
France_Ligue_1_2025-2026,Moussa Al Tamari,Rennes,Defender,28,175,70,Jordan,7,8,15,0,3,3,0.3,1970-01-11,3,0.3,2,2,4,27,6,1,7,0.7,eu,,89.0,30.46,20.47,307.0,16.0,0.3,0.2,0.0,3.0,1460000.0,46.0,94.0,0.2,6.91,79.0,39.0,0.1,0.07,1.0,3.0,20.0,77.0,76.0,55.0,9.0,0.3,0.2,3.0,91.0,697.73,53.0,90.0,4.37,2.93,44.0,15.0,907.0,18.0,1.39,0.93,14.0,66.0,0.4,0.27,4.0,93.0,3.37,2.27,71.0,0.79,0.53,23.0,14.0,8.0,34.0,64.0,9.82,6.6,99.0,37.0,3.87,2.6,39.0,39.0,45.0,1.09,0.73,11.0,70.0,1.39,0.93,14.0,9.0,46.0,6.0,89.0,3.0,74.0,87.0,79.0,68.0,72.0,,76.0,0.0,0.0,,49.0,0.69,0.47,7.0,88.0,1.69,1.13,17.0,0.0,91.0,49.0,91.0,72.0,55.0,85.0,0.32,0.21,3.19,82.25,41.0,18.0,18.85,12.67,190.0,15.0,22.92,15.4,231.0,99.0,0.0,0.0,,,0.0,,,,,,,0.0,0.0,,103.62,0.0,,,0.0,0.0,,11,0.0,47.83,80.0,8.7,54.0,7.0,0.79,0.53,8.0,80.0,1.19,0.8,12.0,91.0,1.09,0.73,11.0,86.0,2.28,1.53,0.0,11.5,23.0,56.0,1.59,1.07,99.0,0.0,0.0,,16.0,,,,,89.0,0.28,0.19,2.78,80.0,0.32,0.21,3.19,2026,1,1,0.5,2,0.21,0.19,0.2,2025-12-13 16:00:00,Domestic League,302,302,129,453,60,437,469,906,0,0,-1,5,93,11,0,2025/2026,2025,3
France_Ligue_1_2025-2026,Valentin Rongier,Rennes,Midfielder,31,172,66,France,8,7,15,1,1,2,0.14,1970-01-10,2,0.14,2,1,3,20,13,7,20,1.38,eu,,39.0,6.89,6.25,100.0,44.0,0.69,0.62,0.0,10.0,5000000.0,90.0,73.0,0.13,6.71,55.0,79.0,0.48,0.44,7.0,2.0,13.0,54.0,41.0,38.0,62.0,1.72,1.56,25.0,40.0,2000.0,85.0,33.0,0.34,0.31,5.0,16.0,1306.0,47.0,0.69,0.62,10.0,38.0,0.69,0.62,10.0,45.0,0.96,0.88,53.0,0.55,0.5,57.0,73.0,8.0,14.0,43.0,7.86,7.12,114.0,45.0,4.07,3.69,51.0,59.0,79.0,1.58,1.44,23.0,48.0,0.96,0.88,14.0,15.0,96.0,,25.0,6.0,97.0,58.0,69.0,57.0,48.0,,78.0,0.07,0.06,1.0,75.0,1.1,1.0,16.0,78.0,1.31,1.19,19.0,0.0,91.0,86.0,40.0,99.0,92.0,56.0,0.12,0.11,1.73,88.03,74.0,87.0,54.72,49.62,794.0,89.0,62.16,56.38,902.0,99.0,0.0,0.0,,,0.0,,,,,,,0.0,0.0,,107.4,0.0,,,0.0,0.0,,21,0.0,35.71,60.0,7.14,51.0,62.0,1.52,1.38,22.0,52.0,0.62,0.56,9.0,59.0,0.34,0.31,5.0,53.0,0.96,0.88,0.0,14.0,14.0,70.0,1.86,1.69,99.0,0.0,0.0,,27.0,,,,,83.0,0.24,0.22,3.47,55.0,0.12,0.11,1.73,2026,1,0,0.21,1,0.13,0.0,0.07,2025-12-13 16:00:00,Domestic League,653,653,65,1306,87,676,630,1306,0,0,-1,10,174,-1,0,2025/2026,2025,2
France_Ligue_1_2025-2026,Anthony Rouault,Rennes,Defender,24,186,0,France,6,5,11,0,0,0,0.0,1970-01-12,2,0.21,2,2,4,36,7,4,11,1.16,eu,,33.0,0.0,0.0,,89.0,2.32,1.47,0.0,22.0,2270000.0,65.0,50.0,0.0,5.03,11.0,96.0,1.06,0.67,10.0,2.0,18.0,69.0,59.0,77.0,92.0,4.96,3.13,47.0,59.0,0.0,33.0,17.0,0.0,0.0,,15.0,852.0,72.0,0.32,0.2,3.0,22.0,0.85,0.53,8.0,9.0,0.0,0.0,11.0,0.0,0.0,0.0,11.0,,,51.0,8.35,5.27,79.0,55.0,4.44,2.8,53.0,42.0,62.0,1.27,0.8,12.0,30.0,0.63,0.4,6.0,9.0,46.0,2.0,63.0,,18.0,42.0,68.0,70.0,59.0,,76.0,0.0,0.0,,72.0,1.06,0.67,10.0,27.0,0.32,0.2,3.0,0.0,31.0,67.0,59.0,86.0,49.0,51.0,0.1,0.06,0.91,88.71,77.0,85.0,53.13,33.53,503.0,86.0,59.89,37.8,567.0,7.0,0.11,0.07,1.0,,0.0,,,,,,,0.0,0.0,,75.48,0.0,,,0.0,0.0,,24,0.0,20.0,31.0,20.0,87.0,51.0,1.37,0.87,13.0,36.0,0.42,0.27,4.0,28.0,0.11,0.07,1.0,32.0,0.53,0.33,0.0,5.0,5.0,55.0,1.58,1.0,99.0,0.0,0.0,,15.0,,,,,47.0,0.13,0.08,1.25,49.0,0.1,0.06,0.91,2026,0,1,0.11,1,0.0,0.2,0.11,2025-12-13 16:00:00,Domestic League,0,427,78,853,78,403,450,853,0,0,-1,9,133,47,0,2025/2026,2025,2
France_Ligue_1_2025-2026,Quentin Merlin,Rennes,Midfielder,23,173,70,France,7,8,15,1,2,3,0.26,2002-05-16,0,0.0,2,2,4,27,10,6,16,1.41,eu,,53.0,12.45,8.81,141.0,25.0,0.44,0.31,0.0,5.0,3410000.0,80.0,90.0,0.2,6.35,40.0,82.0,0.53,0.38,6.0,,,26.0,23.0,55.0,71.0,2.38,1.69,27.0,36.0,207.35,34.0,97.0,6.01,4.25,68.0,16.0,1019.0,24.0,1.24,0.88,14.0,49.0,0.62,0.44,7.0,64.0,1.41,1.0,60.0,0.62,0.44,43.0,49.0,7.0,16.0,27.0,6.71,4.75,76.0,24.0,3.44,2.44,51.0,39.0,9.0,0.26,0.19,3.0,67.0,1.32,0.94,15.0,10.0,56.0,5.0,85.0,1.0,44.0,65.0,68.0,57.0,43.0,,76.0,0.0,0.0,,55.0,0.79,0.56,9.0,80.0,1.32,0.94,15.0,0.0,91.0,23.0,37.0,43.0,64.0,36.0,0.05,0.04,0.59,80.98,37.0,59.0,36.48,25.81,413.0,64.0,45.04,31.88,510.0,99.0,0.0,0.0,,,0.0,,,,,,,0.0,0.0,,101.57,0.0,,,0.0,0.0,,26,0.0,33.33,57.0,0.0,46.0,70.0,1.68,1.19,19.0,46.0,0.53,0.38,6.0,51.0,0.26,0.19,3.0,49.0,0.79,0.56,0.0,0.0,9.0,37.0,1.15,0.81,99.0,0.0,0.0,,13.0,,,,,89.0,0.28,0.2,3.2,35.0,0.05,0.04,0.59,2026,0,0,0.26,0,0.0,0.0,0.0,2025-11-07 19:45:00,Domestic League,340,0,64,0,68,522,498,1020,0,0,-1,19,176,-1,0,2025/2026,2025,0
France_Ligue_1_2025-2026,Brice Samba,Rennes,Goalkeeper,31,187,79,France,8,8,16,0,0,0,0.0,1970-01-09,3,0.19,2,2,4,25,14,7,21,1.31,eu,,33.0,0.0,0.0,,5.0,0.12,0.12,0.0,2.0,6360000.0,95.0,50.0,0.0,6.85,71.0,31.0,0.0,0.0,,3.0,19.0,71.0,52.0,49.0,24.0,0.62,0.62,10.0,44.0,0.0,33.0,17.0,0.0,0.0,,16.0,1440.0,99.0,0.0,0.0,,99.0,0.0,0.0,,9.0,0.0,0.0,11.0,0.0,0.0,0.0,11.0,,,2.0,0.38,0.38,6.0,2.0,0.38,0.38,100.0,6.0,7.0,0.0,0.0,,6.0,0.19,0.19,3.0,16.0,99.0,,25.0,,18.0,28.0,68.0,57.0,43.0,,76.0,0.0,0.0,,7.0,0.0,0.0,,13.0,0.12,0.12,2.0,0.0,99.0,72.0,45.0,43.0,99.0,10.0,0.0,0.0,0.0,75.5,18.0,40.0,28.31,28.31,453.0,47.0,37.5,37.5,600.0,99.0,0.0,0.0,,,0.0,,,1.0,,,14.0,0.19,0.19,3.0,109.67,65.71,57.0,71.0,2.88,2.88,46.0,30,0.0,0.0,21.0,0.0,46.0,98.0,4.38,4.38,70.0,10.0,0.0,0.0,,21.0,0.0,0.0,,8.0,0.0,0.0,0.0,0.0,,5.0,0.06,0.06,99.0,0.0,0.0,,1.0,,,,,14.0,0.07,0.07,1.14,9.0,0.0,0.0,0.0,2026,0,0,0.0,0,0.0,0.0,0.0,2025-12-13 16:00:00,Domestic League,0,480,69,0,90,720,720,1440,0,0,-1,22,208,64,0,2025/2026,2025,3
France_Ligue_1_2025-2026,Fabian Rieder,Rennes,Midfielder,23,173,75,Switzerland,2,1,3,0,0,0,0.0,2002-02-16,0,0.0,0,1,1,33,2,0,2,1.34,eu,,33.0,0.0,0.0,,42.0,0.67,0.33,0.0,1.0,,1.0,50.0,0.0,6.38,41.0,89.0,0.67,0.33,1.0,,,26.0,23.0,73.0,52.0,1.34,0.67,2.0,43.0,0.0,33.0,46.0,0.67,0.33,1.0,3.0,134.0,20.0,1.34,0.67,2.0,,3.36,1.67,5.0,32.0,0.67,0.33,11.0,0.0,0.0,0.0,11.0,,1.0,86.0,12.09,6.0,18.0,22.0,3.36,1.67,27.0,5.0,66.0,1.34,0.67,2.0,33.0,0.67,0.33,1.0,2.0,,1.0,48.0,3.0,74.0,28.0,68.0,57.0,43.0,,76.0,0.0,0.0,,89.0,1.34,0.67,2.0,80.0,1.34,0.67,2.0,0.0,,23.0,43.0,43.0,,32.0,0.04,0.02,0.06,82.35,42.0,17.0,18.81,9.33,28.0,15.0,22.84,11.33,34.0,99.0,0.0,0.0,,,0.0,,,,,,,0.0,0.0,,19.13,0.0,,,0.0,0.0,,32,0.0,0.0,21.0,0.0,46.0,48.0,1.34,0.67,2.0,56.0,0.67,0.33,1.0,21.0,0.0,0.0,,41.0,0.67,0.33,0.0,0.0,1.0,75.0,2.01,1.0,99.0,0.0,0.0,,3.0,,,,,32.0,0.1,0.05,0.15,30.0,0.04,0.02,0.06,2026,0,0,0.0,0,0.0,0.0,0.0,2025-08-24 13:00:00,Domestic League,0,0,67,0,45,70,64,134,0,0,-1,11,-1,-1,0,2025/2026,2025,0
France_Ligue_1_2025-2026,Mohamed Kade Meïté,Rennes,Midfielder,18,0,0,France,7,7,14,0,2,2,0.43,2007-10-11,0,0.0,2,2,4,28,2,0,2,0.43,eu,,33.0,0.0,0.0,,99.0,4.5,1.31,0.0,21.0,690000.0,17.0,98.0,0.14,5.95,26.0,57.0,0.21,0.06,1.0,,,26.0,23.0,60.0,61.0,1.71,0.5,8.0,99.0,0.0,33.0,46.0,0.64,0.19,3.0,16.0,420.0,11.0,1.71,0.5,8.0,83.0,0.21,0.06,1.0,69.0,1.71,0.5,62.0,0.64,0.19,37.0,39.0,3.0,8.0,87.0,12.43,3.62,58.0,92.0,6.43,1.88,51.0,30.0,89.0,1.93,0.56,9.0,42.0,0.86,0.25,4.0,5.0,13.0,9.0,99.0,1.0,44.0,99.0,68.0,99.0,97.0,,97.0,0.21,0.06,1.0,14.0,0.21,0.06,1.0,56.0,0.86,0.25,4.0,0.0,76.0,23.0,99.0,46.0,5.0,99.0,0.65,0.19,3.02,67.12,3.0,4.0,10.5,3.06,49.0,4.0,15.64,4.56,73.0,99.0,0.0,0.0,,,0.0,,,,,,,0.0,0.0,,95.27,0.0,,,0.0,0.0,,39,0.0,37.5,64.0,18.75,83.0,13.0,0.86,0.25,4.0,98.0,2.14,0.62,10.0,95.0,1.29,0.38,6.0,97.0,3.43,1.0,0.0,5.33,16.0,12.0,0.43,0.12,99.0,0.0,0.0,,2.0,,,,,91.0,0.29,0.08,1.34,98.0,0.65,0.19,3.02,2026,0,3,1.07,3,0.0,1.3,0.64,2025-11-07 19:45:00,Domestic League,210,0,210,140,30,212,208,420,0,0,-1,4,10,-1,0,2025/2026,2025,0
France_Ligue_1_2025-2026,Abdelhamid Ait Boudlal,Rennes,Defender,55,190,0,Morocco,3,6,9,0,1,1,0.14,1970-01-01,4,0.55,1,1,2,22,6,3,9,1.25,eu,,56.0,13.87,10.0,100.0,88.0,2.22,1.6,0.0,16.0,800000.0,22.0,73.0,0.11,5.92,25.0,91.0,0.69,0.5,5.0,2.0,22.0,81.0,96.0,42.0,90.0,4.58,3.3,33.0,49.0,5000.0,97.0,30.0,0.28,0.2,2.0,10.0,649.0,65.0,0.42,0.3,3.0,24.0,0.83,0.6,6.0,40.0,0.83,0.6,32.0,0.28,0.2,33.0,30.0,2.0,6.0,47.0,8.18,5.9,59.0,55.0,4.44,3.2,54.0,32.0,30.0,0.83,0.6,6.0,11.0,0.28,0.2,2.0,8.0,36.0,1.0,48.0,3.0,74.0,80.0,68.0,90.0,83.0,,76.0,0.0,0.0,,49.0,0.69,0.5,5.0,15.0,0.14,0.1,1.0,0.0,15.0,27.0,49.0,62.0,29.0,70.0,0.2,0.14,1.45,85.23,55.0,69.0,41.6,30.0,300.0,72.0,48.81,35.2,352.0,99.0,0.0,0.0,,,0.0,,,,,,,0.0,0.0,,59.24,0.0,,,0.0,0.0,,48,0.0,66.67,95.0,66.67,99.0,63.0,1.53,1.1,11.0,16.0,0.14,0.1,1.0,53.0,0.28,0.2,2.0,26.0,0.42,0.3,0.0,1.5,3.0,59.0,1.66,1.2,99.0,0.0,0.0,,12.0,,,,,64.0,0.17,0.13,1.26,67.0,0.2,0.14,1.45,2026,0,2,0.42,2,0.0,0.47,0.28,2025-12-13 16:00:00,Domestic League,649,162,72,325,72,270,379,649,0,0,-1,6,55,57,1,2025/2026,2025,3
France_Ligue_1_2025-2026,Przemysław Frankowski,Rennes,Midfielder,30,175,70,Poland,6,6,12,0,2,2,0.22,1970-01-10,4,0.44,2,1,3,25,8,3,11,1.21,eu,,96.0,43.13,30.15,392.0,25.0,0.44,0.31,0.0,4.0,3860000.0,84.0,85.0,0.17,5.9,24.0,31.0,0.0,0.0,,4.0,33.0,95.0,93.0,49.0,80.0,2.97,2.08,27.0,54.0,834.04,57.0,95.0,5.17,3.62,47.0,13.0,818.0,48.0,0.66,0.46,6.0,5.0,1.43,1.0,13.0,50.0,1.1,0.77,45.0,0.44,0.31,40.0,43.0,4.0,10.0,53.0,8.58,6.0,78.0,64.0,4.73,3.31,55.0,43.0,38.0,0.99,0.69,9.0,44.0,0.88,0.62,8.0,10.0,56.0,2.0,63.0,2.0,60.0,60.0,68.0,57.0,43.0,,76.0,0.0,0.0,,31.0,0.44,0.31,4.0,94.0,1.98,1.38,18.0,0.0,44.0,31.0,53.0,43.0,44.0,32.0,0.04,0.03,0.35,78.83,30.0,55.0,34.0,23.77,309.0,59.0,43.13,30.15,392.0,99.0,0.0,0.0,,,0.0,,,,,,,0.0,0.0,,76.76,0.0,,,0.0,0.0,,95,0.0,20.0,31.0,0.0,46.0,46.0,1.32,0.92,12.0,38.0,0.44,0.31,4.0,28.0,0.11,0.08,1.0,34.0,0.55,0.38,0.0,0.0,5.0,96.0,3.08,2.15,99.0,0.0,0.0,,28.0,,,,,87.0,0.27,0.19,2.42,30.0,0.04,0.03,0.35,2026,0,0,0.22,0,0.0,0.0,0.0,2025-12-13 16:00:00,Domestic League,409,204,74,0,68,411,406,817,0,0,-1,18,211,-1,0,2025/2026,2025,4
France_Ligue_1_2025-2026,Jérémy Jacquet,Rennes,Defender,20,0,0,France,8,7,15,0,0,0,0.0,2005-07-13,5,0.34,2,2,4,27,13,6,19,1.28,eu,,33.0,0.0,0.0,,84.0,1.96,1.93,0.0,29.0,1140000.0,38.0,50.0,0.0,6.88,76.0,93.0,0.81,0.8,12.0,4.0,27.0,88.0,82.0,55.0,93.0,5.06,5.0,75.0,46.0,0.0,33.0,17.0,0.0,0.0,,15.0,1334.0,87.0,0.07,0.07,1.0,89.0,0.13,0.13,2.0,25.0,0.47,0.47,30.0,0.27,0.27,57.0,73.0,4.0,7.0,28.0,6.75,6.67,100.0,59.0,4.52,4.47,67.0,67.0,49.0,1.15,1.13,17.0,47.0,0.94,0.93,14.0,15.0,96.0,,25.0,,18.0,28.0,68.0,57.0,43.0,,76.0,0.0,0.0,,78.0,1.15,1.13,17.0,24.0,0.27,0.27,4.0,0.0,91.0,43.0,46.0,43.0,93.0,32.0,0.04,0.04,0.66,90.74,86.0,83.0,51.54,50.93,764.0,82.0,56.81,56.13,842.0,17.0,0.07,0.07,1.0,,0.0,,,,,,,0.0,0.0,,103.14,0.0,,,0.0,0.0,,97,0.0,42.86,75.0,0.0,46.0,54.0,1.42,1.4,21.0,25.0,0.27,0.27,4.0,40.0,0.2,0.2,3.0,29.0,0.47,0.47,0.0,0.0,7.0,57.0,1.62,1.6,99.0,0.0,0.0,,24.0,,,,,32.0,0.1,0.1,1.53,30.0,0.04,0.04,0.66,2026,0,0,0.0,0,0.0,0.0,0.0,2025-12-06 20:05:00,Domestic League,0,267,70,0,89,704,630,1334,0,0,-1,25,213,63,1,2025/2026,2025,5
France_Ligue_1_2025-2026,Christopher Maurice Wooh,Rennes,Defender,24,191,85,Cameroon,1,1,2,0,0,0,0.0,2001-09-18,2,2.81,0,1,1,50,0,0,0,0.0,eu,,33.0,0.0,0.0,,2.0,0.0,0.0,0.0,,,1.0,50.0,0.0,5.91,24.0,31.0,0.0,0.0,,,,26.0,99.0,94.0,99.0,8.44,3.0,6.0,99.0,0.0,33.0,17.0,0.0,0.0,,2.0,64.0,99.0,0.0,0.0,,99.0,0.0,0.0,,64.0,1.41,0.5,94.0,1.41,0.5,100.0,99.0,1.0,1.0,7.0,2.81,1.0,2.0,8.0,1.41,0.5,50.0,1.0,69.0,1.41,0.5,1.0,2.0,0.0,0.0,,1.0,,1.0,48.0,,18.0,28.0,68.0,57.0,43.0,,76.0,0.0,0.0,,7.0,0.0,0.0,,7.0,0.0,0.0,,0.0,,23.0,,43.0,,10.0,0.0,0.0,0.0,94.74,98.0,33.0,25.31,9.0,18.0,21.0,26.72,9.5,19.0,99.0,0.0,0.0,,,0.0,,,,,,,0.0,0.0,,11.82,0.0,,,0.0,0.0,,,0.0,0.0,21.0,0.0,46.0,,0.0,0.0,,10.0,0.0,0.0,,21.0,0.0,0.0,,8.0,0.0,0.0,0.0,0.0,,5.0,0.0,0.0,99.0,0.0,0.0,,,,,,,4.0,0.04,0.01,0.03,9.0,0.0,0.0,0.0,2026,0,0,0.0,0,0.0,0.0,0.0,2025-08-24 13:00:00,Domestic League,0,32,0,0,32,11,53,64,0,0,-1,24,-1,-1,1,2025/2026,2025,1
France_Ligue_1_2025-2026,Djaoui Cisse,Rennes,Midfielder,0,0,0,France,8,6,14,0,0,0,0.0,1970-01-01,2,0.25,2,1,3,21,7,2,9,1.13,eu,,42.0,7.78,4.13,62.0,30.0,0.5,0.27,0.0,4.0,1250000.0,40.0,50.0,0.0,6.27,38.0,80.0,0.5,0.27,4.0,2.0,14.0,60.0,70.0,41.0,17.0,0.5,0.27,4.0,62.0,248.0,35.0,83.0,3.14,1.67,25.0,15.0,717.0,15.0,1.51,0.8,12.0,29.0,0.75,0.4,6.0,82.0,2.51,1.33,74.0,0.88,0.47,35.0,31.0,7.0,20.0,78.0,11.05,5.87,88.0,81.0,5.52,2.93,50.0,44.0,75.0,1.51,0.8,12.0,51.0,1.0,0.53,8.0,10.0,56.0,4.0,81.0,2.0,60.0,28.0,68.0,57.0,43.0,,76.0,0.0,0.0,,17.0,0.25,0.13,2.0,77.0,1.26,0.67,10.0,0.0,76.0,55.0,63.0,43.0,35.0,63.0,0.16,0.08,1.27,79.61,31.0,58.0,35.77,19.0,285.0,63.0,44.94,23.87,358.0,99.0,0.0,0.0,,,0.0,,,,,,,0.0,0.0,,94.06,0.0,,,0.0,0.0,,6,0.0,21.05,32.0,0.0,46.0,43.0,1.26,0.67,10.0,95.0,1.88,1.0,15.0,68.0,0.5,0.27,4.0,88.0,2.38,1.27,0.0,0.0,19.0,97.0,3.26,1.73,99.0,0.0,0.0,,26.0,,,,,41.0,0.12,0.06,0.93,62.0,0.16,0.08,1.27,2026,0,0,0.0,0,0.0,0.0,0.0,2025-12-13 16:00:00,Domestic League,0,358,80,0,51,386,330,716,0,0,-1,23,215,-1,0,2025/2026,2025,2
France_Ligue_1_2025-2026,Ludovic Régis Arsène Blas,Rennes,Midfielder,27,180,70,France,6,8,14,0,1,1,0.13,1970-01-11,0,0.0,2,2,4,28,5,6,11,1.47,eu,,99.0,53.49,26.67,400.0,5.0,0.13,0.07,0.0,1.0,5690000.0,94.0,69.0,0.07,6.49,47.0,44.0,0.13,0.07,1.0,,,26.0,23.0,60.0,27.0,0.67,0.33,5.0,32.0,1481.48,77.0,86.0,3.61,1.8,27.0,15.0,673.0,24.0,1.2,0.6,9.0,9.0,1.2,0.6,9.0,85.0,2.67,1.33,91.0,1.34,0.67,50.0,65.0,10.0,20.0,74.0,10.56,5.27,79.0,54.0,4.41,2.2,41.0,33.0,66.0,1.34,0.67,10.0,97.0,2.54,1.27,19.0,7.0,29.0,7.0,94.0,1.0,44.0,88.0,86.0,89.0,92.0,,76.0,0.0,0.0,,55.0,0.8,0.4,6.0,95.0,2.14,1.07,16.0,0.0,76.0,23.0,32.0,52.0,31.0,76.0,0.25,0.13,1.9,86.88,67.0,51.0,32.76,16.33,245.0,47.0,37.71,18.8,282.0,99.0,0.0,0.0,,,0.0,2.0,,,2.0,,,0.0,0.0,,97.35,0.0,,,0.0,0.0,,,0.0,33.33,57.0,14.29,72.0,74.0,1.74,0.87,13.0,95.0,1.87,0.93,14.0,85.0,0.94,0.47,7.0,94.0,2.81,1.4,0.0,7.0,21.0,11.0,0.4,0.2,99.0,0.0,0.0,,3.0,,,,,83.0,0.24,0.12,1.78,92.0,0.44,0.22,3.3,2026,1,2,0.54,3,0.32,0.46,0.4,2025-10-26 16:15:00,Domestic League,672,0,61,224,48,280,392,672,2,0,100,3,30,-1,0,2025/2026,2025,0
France_Ligue_1_2025-2026,Doğan Alemdar,Rennes,Goalkeeper,23,192,0,Turkey,0,0,0,0,0,0,0.0,2002-10-29,0,0.0,0,0,0,0,0,0,0,0.0,eu,,,,,,,,,,,,,,,,,,,,,,,,,,,,,,,,,,,,,,,,,,,,,,,,,,,,,,,,,,,,,,,,,,,,,,,,,,,,,,,,,,,,,,,,,,,,,,,,,,,,,,,,,,,,,,,,,,,,,,,,,,,,,,,,,,,,,,,,,,,,,,,,,,,,,,,,,,,,,,,,,,,,,,,,,,,,,,,,,,,,,,,2026,0,0,0.0,0,0.0,0.0,0.0,1970-01-01 00:00:00,Domestic League,0,0,0,0,0,0,0,0,0,0,-1,-1,-1,-1,0,2025/2026,2025,0
France_Ligue_1_2025-2026,Jordan James,Rennes,Midfielder,21,174,69,Wales,0,0,0,0,0,0,0.0,2004-04-27,0,0.0,0,0,0,0,0,0,0,0.0,eu,,,,,,,,,,,,,,,,,,,,,,,,,,,,,,,,,,,,,,,,,,,,,,,,,,,,,,,,,,,,,,,,,,,,,,,,,,,,,,,,,,,,,,,,,,,,,,,,,,,,,,,,,,,,,,,,,,,,,,,,,,,,,,,,,,,,,,,,,,,,,,,,,,,,,,,,,,,,,,,,,,,,,,,,,,,,,,,,,,,,,,,2026,0,0,0.0,0,0.0,0.0,0.0,1970-01-01 00:00:00,Domestic League,0,0,0,0,0,0,0,0,0,0,-1,-1,-1,-1,0,2025/2026,2025,0
France_Ligue_1_2025-2026,Mahamadou Aboubakar Nagida,Rennes,Defender,20,0,0,Cameroon,2,3,5,0,0,0,0.0,2005-06-28,1,1.1,0,2,2,40,5,0,5,5.49,eu,,99.0,108.43,6.25,100.0,86.0,2.17,0.12,0.0,2.0,450000.0,9.0,50.0,0.0,1.52,,99.0,2.17,0.12,2.0,1.0,20.0,77.0,99.0,83.0,98.0,6.51,0.38,6.0,,2500.0,89.0,89.0,4.34,0.25,4.0,16.0,83.0,99.0,0.0,0.0,,1.0,2.17,0.12,2.0,77.0,2.17,0.12,97.0,2.17,0.12,100.0,99.0,2.0,2.0,95.0,14.1,0.81,13.0,98.0,7.59,0.44,53.0,7.0,99.0,3.25,0.19,3.0,55.0,1.08,0.06,1.0,,,5.0,85.0,3.0,74.0,28.0,68.0,57.0,43.0,,76.0,0.0,0.0,,74.0,1.08,0.06,1.0,67.0,1.08,0.06,1.0,0.0,1.0,23.0,,43.0,,74.0,0.24,0.01,0.22,83.33,46.0,49.0,32.53,1.88,30.0,51.0,39.04,2.25,36.0,,1.08,0.06,1.0,,0.0,,,,,,,0.0,0.0,,24.38,0.0,,,0.0,0.0,,,0.0,33.33,57.0,0.0,46.0,99.0,5.42,0.31,5.0,98.0,2.17,0.12,2.0,90.0,1.08,0.06,1.0,96.0,3.25,0.19,0.0,0.0,3.0,79.0,2.17,0.12,99.0,0.0,0.0,,2.0,,,,,41.0,0.12,0.01,0.11,71.0,0.24,0.01,0.22,2026,0,0,0.0,0,0.0,0.0,0.0,1970-01-01 00:00:00,Domestic League,0,82,16,0,16,67,15,82,0,0,-1,21,-1,-1,0,2025/2026,2025,1
France_Ligue_1_2025-2026,Ibrahim Salah,Rennes,Forward,24,185,0,Belgium,1,1,2,0,0,0,0.0,1970-01-12,0,0.0,0,1,1,50,2,0,2,5.45,eu,,33.0,0.0,0.0,,92.0,2.73,0.5,0.0,1.0,,1.0,50.0,0.0,6.56,49.0,31.0,0.0,0.0,,,,26.0,23.0,94.0,76.0,2.73,0.5,1.0,,0.0,33.0,17.0,0.0,0.0,,2.0,33.0,,5.45,1.0,2.0,99.0,0.0,0.0,,9.0,0.0,0.0,11.0,0.0,0.0,0.0,11.0,,,99.0,19.09,3.5,7.0,99.0,10.91,2.0,57.0,4.0,7.0,0.0,0.0,,99.0,5.45,1.0,2.0,,,2.0,63.0,,18.0,28.0,68.0,57.0,43.0,,76.0,0.0,0.0,,7.0,0.0,0.0,,7.0,0.0,0.0,,0.0,,23.0,,43.0,,10.0,0.0,0.0,0.0,100.0,99.0,90.0,60.0,11.0,22.0,86.0,60.0,11.0,22.0,99.0,0.0,0.0,,,0.0,,,,,,,0.0,0.0,,13.12,0.0,,,0.0,0.0,,,0.0,0.0,21.0,0.0,46.0,99.0,5.45,1.0,2.0,10.0,0.0,0.0,,21.0,0.0,0.0,,8.0,0.0,0.0,0.0,0.0,,91.0,2.73,0.5,99.0,0.0,0.0,,1.0,,,,,50.0,0.14,0.03,0.05,9.0,0.0,0.0,0.0,2026,0,0,0.0,0,0.0,0.0,0.0,1970-01-01 00:00:00,Domestic League,0,0,17,0,17,27,6,33,0,0,-1,20,-1,-1,0,2025/2026,2025,0
France_Ligue_1_2025-2026,Mahdi Camara,Rennes,Midfielder,27,178,60,France,7,7,14,0,1,1,0.08,1970-01-11,5,0.42,2,2,4,28,8,6,14,1.18,eu,,72.0,20.99,17.86,250.0,42.0,0.67,0.57,0.0,8.0,3640000.0,82.0,58.0,0.07,6.89,78.0,50.0,0.17,0.14,2.0,3.0,21.0,79.0,91.0,60.0,52.0,1.34,1.14,16.0,57.0,1785.71,81.0,59.0,1.18,1.0,14.0,14.0,1072.0,54.0,0.59,0.5,7.0,70.0,0.34,0.29,4.0,61.0,1.34,1.14,68.0,0.76,0.64,56.0,71.0,9.0,16.0,55.0,8.82,7.5,105.0,74.0,5.21,4.43,59.0,62.0,85.0,1.68,1.43,20.0,67.0,1.34,1.14,16.0,13.0,79.0,1.0,48.0,5.0,94.0,52.0,68.0,67.0,52.0,,76.0,0.0,0.0,,71.0,1.01,0.86,12.0,60.0,0.92,0.79,11.0,0.0,76.0,34.0,58.0,92.0,69.0,51.0,0.1,0.09,1.22,89.58,80.0,49.0,32.49,27.64,387.0,44.0,36.27,30.86,432.0,99.0,0.0,0.0,,,0.0,,1.0,,,,,0.0,0.0,,96.51,0.0,,,0.0,0.0,,,0.0,66.67,95.0,16.67,79.0,48.0,1.34,1.14,16.0,17.0,0.17,0.14,2.0,59.0,0.34,0.29,4.0,31.0,0.5,0.43,0.0,6.0,6.0,86.0,2.43,2.07,99.0,0.0,0.0,,29.0,,,,,54.0,0.15,0.13,1.82,49.0,0.1,0.09,1.22,2026,0,1,0.17,1,0.0,0.17,0.08,2025-12-13 16:00:00,Domestic League,1072,214,77,1072,77,538,534,1072,0,0,-1,7,153,-1,1,2025/2026,2025,4
France_Ligue_1_2025-2026,Bertuğ Özgür Yıldırım,Rennes,Forward,23,186,0,Turkey,1,0,1,0,0,0,0.0,2002-07-12,0,0.0,0,0,0,0,0,0,0,0.0,eu,,33.0,0.0,0.0,,2.0,0.0,0.0,0.0,,,1.0,50.0,0.0,3.29,1.0,31.0,0.0,0.0,,,,26.0,23.0,2.0,2.0,0.0,0.0,,99.0,0.0,33.0,17.0,0.0,0.0,,2.0,2.0,99.0,0.0,0.0,,99.0,0.0,0.0,,9.0,0.0,0.0,11.0,0.0,0.0,0.0,11.0,,,,0.0,0.0,,,0.0,0.0,0.0,,7.0,0.0,0.0,,2.0,0.0,0.0,,,,1.0,48.0,,18.0,28.0,68.0,57.0,43.0,,76.0,0.0,0.0,,7.0,0.0,0.0,,99.0,45.0,0.5,1.0,0.0,,23.0,,43.0,,10.0,0.0,0.0,0.0,50.0,,99.0,90.0,1.0,2.0,99.0,180.0,2.0,4.0,99.0,0.0,0.0,,,0.0,,,,,,,0.0,0.0,,6.57,0.0,,,0.0,0.0,,,0.0,0.0,21.0,0.0,46.0,,0.0,0.0,,10.0,0.0,0.0,,21.0,0.0,0.0,,8.0,0.0,0.0,0.0,0.0,,5.0,0.0,0.0,99.0,0.0,0.0,,,,,,,99.0,2.25,0.03,0.05,9.0,0.0,0.0,0.0,2026,0,0,0.0,0,0.0,0.0,0.0,1970-01-01 00:00:00,Domestic League,0,0,0,0,2,2,0,2,0,0,-1,17,-1,-1,0,2025/2026,2025,0
France_Ligue_1_2025-2026,Gerónimo Rulli,Olympique Marseille,Goalkeeper,33,189,84,Argentina,7,5,12,0,0,0,0.0,1970-01-09,1,0.08,2,2,4,33,5,4,9,0.75,eu,,33.0,0.0,0.0,,30.0,0.5,0.4,0.0,6.0,2540000.0,67.0,50.0,0.0,6.12,32.0,37.0,0.08,0.07,1.0,,,26.0,28.0,73.0,46.0,1.17,0.93,14.0,87.0,0.0,33.0,17.0,0.0,0.0,,15.0,1080.0,99.0,0.0,0.0,,99.0,0.0,0.0,,9.0,0.0,0.0,11.0,0.0,0.0,0.0,11.0,,,7.0,1.17,0.93,14.0,8.0,1.17,0.93,100.0,14.0,7.0,0.0,0.0,,45.0,0.92,0.73,11.0,12.0,70.0,,25.0,,18.0,28.0,68.0,57.0,43.0,,76.0,0.0,0.0,,7.0,0.0,0.0,,7.0,0.0,0.0,,0.0,44.0,95.0,87.0,43.0,71.0,10.0,0.0,0.0,0.0,80.71,36.0,31.0,24.75,19.8,297.0,30.0,30.67,24.53,368.0,99.0,0.0,0.0,,,0.0,,,,,,10.0,0.17,0.13,2.0,91.84,73.33,90.0,62.0,2.75,2.2,33.0,1,0.0,0.0,21.0,0.0,46.0,95.0,3.75,3.0,45.0,10.0,0.0,0.0,,21.0,0.0,0.0,,8.0,0.0,0.0,0.0,0.0,,7.0,0.08,0.07,99.0,0.0,0.0,,1.0,,,,,11.0,0.06,0.05,0.72,9.0,0.0,0.0,0.0,2026,0,0,0.0,0,0.0,0.0,0.0,2025-12-05 20:00:00,Domestic League,0,1080,120,0,90,630,450,1080,0,0,-1,19,216,16,0,2025/2026,2025,1
France_Ligue_1_2025-2026,Conrad Jonathan Egan Riley,Olympique Marseille,Defender,22,183,0,England,4,4,8,0,0,0,0.0,2003-01-02,2,0.44,1,1,2,25,0,3,3,0.65,eu,,33.0,0.0,0.0,,67.0,1.3,0.43,0.0,6.0,1820000.0,56.0,50.0,0.0,3.27,1.0,89.0,0.65,0.21,3.0,,,26.0,93.0,49.0,87.0,4.13,1.36,19.0,94.0,0.0,33.0,29.0,0.22,0.07,1.0,14.0,414.0,77.0,0.22,0.07,1.0,43.0,0.65,0.21,3.0,32.0,0.65,0.21,26.0,0.22,0.07,33.0,30.0,1.0,3.0,18.0,6.09,2.0,28.0,25.0,3.48,1.14,57.0,16.0,13.0,0.43,0.14,2.0,32.0,0.65,0.21,3.0,5.0,13.0,3.0,72.0,,18.0,28.0,68.0,57.0,43.0,,76.0,0.0,0.0,,15.0,0.22,0.07,1.0,31.0,0.43,0.14,2.0,0.0,9.0,32.0,94.0,43.0,5.0,10.0,0.0,0.0,0.0,93.42,95.0,98.0,80.22,26.36,369.0,98.0,85.87,28.21,395.0,99.0,0.0,0.0,,,0.0,,,,,,,0.0,0.0,,45.84,0.0,,,0.0,0.0,,4,0.0,0.0,21.0,0.0,46.0,16.0,0.87,0.29,4.0,10.0,0.0,0.0,,21.0,0.0,0.0,,8.0,0.0,0.0,0.0,0.0,,43.0,1.3,0.43,99.0,0.0,0.0,,6.0,,,,,68.0,0.18,0.06,0.82,9.0,0.0,0.0,0.0,2026,0,0,0.0,0,0.0,0.0,0.0,2025-11-01 20:05:00,Domestic League,0,207,138,0,52,222,191,413,0,0,-1,24,217,9,1,2025/2026,2025,1
France_Ligue_1_2025-2026,Leonardo Balerdi Rossa,Olympique Marseille,Defender,26,187,85,Argentina,7,4,11,1,0,1,0.11,1970-01-11,3,0.34,1,1,2,18,5,3,8,0.92,eu,,33.0,0.0,0.0,,83.0,1.92,1.42,0.0,17.0,4200000.0,87.0,66.0,0.09,6.4,43.0,70.0,0.34,0.25,3.0,3.0,27.0,88.0,82.0,31.0,89.0,4.4,3.25,39.0,74.0,0.0,33.0,22.0,0.11,0.08,1.0,12.0,798.0,85.0,0.11,0.08,1.0,27.0,0.79,0.58,7.0,33.0,0.68,0.5,47.0,0.45,0.33,66.0,87.0,4.0,6.0,66.0,9.92,7.33,88.0,90.0,6.2,4.58,62.0,55.0,34.0,0.9,0.67,8.0,68.0,1.35,1.0,12.0,8.0,36.0,3.0,72.0,1.0,44.0,62.0,74.0,57.0,59.0,,76.0,0.0,0.0,,77.0,1.13,0.83,10.0,28.0,0.34,0.25,3.0,0.0,31.0,42.0,74.0,84.0,40.0,43.0,0.07,0.05,0.58,94.31,98.0,95.0,72.97,53.92,647.0,95.0,77.37,57.17,686.0,99.0,0.0,0.0,,,0.0,,,,,,,0.0,0.0,,76.82,0.0,,,0.0,0.0,,5,0.0,28.57,44.0,0.0,46.0,32.0,1.13,0.83,10.0,49.0,0.56,0.42,5.0,46.0,0.23,0.17,2.0,49.0,0.79,0.58,0.0,0.0,7.0,88.0,2.48,1.83,99.0,0.0,0.0,,22.0,,,,,85.0,0.25,0.19,2.22,41.0,0.07,0.05,0.58,2026,1,0,0.23,1,0.18,0.0,0.11,2025-12-05 20:00:00,Domestic League,785,262,98,785,71,501,284,785,0,0,-1,13,129,26,0,2025/2026,2025,3
France_Ligue_1_2025-2026,Angel Gomes,Olympique Marseille,Midfielder,25,168,61,England,7,6,13,0,0,0,0.0,1970-01-12,4,0.41,2,2,4,31,3,5,8,0.81,eu,,55.0,13.51,8.87,133.0,22.0,0.41,0.27,0.0,4.0,4000000.0,84.0,50.0,0.0,6.01,29.0,31.0,0.0,0.0,,4.0,31.0,93.0,88.0,67.0,5.0,0.2,0.13,2.0,82.0,1900.0,82.0,47.0,0.71,0.47,7.0,15.0,886.0,67.0,0.41,0.27,4.0,56.0,0.51,0.33,5.0,38.0,0.81,0.53,59.0,0.61,0.4,75.0,90.0,6.0,8.0,33.0,7.21,4.73,71.0,22.0,3.35,2.2,46.0,33.0,89.0,1.93,1.27,19.0,64.0,1.22,0.8,12.0,12.0,70.0,1.0,48.0,4.0,87.0,69.0,76.0,88.0,85.0,,76.0,0.0,0.0,,26.0,0.41,0.27,4.0,91.0,1.83,1.2,18.0,0.0,57.0,35.0,81.0,58.0,53.0,80.0,0.27,0.18,2.68,90.42,85.0,84.0,52.72,34.6,519.0,83.0,58.31,38.27,574.0,99.0,0.0,0.0,,,0.0,,,,,,,0.0,0.0,,90.22,0.0,,,0.0,0.0,,8,0.0,45.45,78.0,27.27,93.0,9.0,0.81,0.53,8.0,51.0,0.61,0.4,6.0,69.0,0.51,0.33,5.0,59.0,1.12,0.73,0.0,3.67,11.0,36.0,1.12,0.73,99.0,0.0,0.0,,11.0,,,,,72.0,0.19,0.13,1.88,77.0,0.27,0.18,2.68,2026,1,2,0.3,3,0.19,0.44,0.3,2025-11-29 20:05:00,Domestic League,0,222,111,295,68,479,407,886,0,0,-1,4,50,-1,0,2025/2026,2025,4
France_Ligue_1_2025-2026,Amine Ferid Gouiri,Olympique Marseille,Forward,25,181,72,France,3,3,6,1,0,1,0.24,1970-01-12,0,0.0,1,2,3,50,1,2,3,0.71,eu,,98.0,47.47,28.86,202.0,14.0,0.23,0.14,0.0,1.0,4550000.0,89.0,88.0,0.17,5.77,21.0,31.0,0.0,0.0,,,,26.0,23.0,94.0,2.0,0.0,0.0,,90.0,1553.85,78.0,82.0,3.05,1.86,13.0,7.0,383.0,61.0,0.47,0.29,2.0,81.0,0.23,0.14,1.0,83.0,2.58,1.57,76.0,0.94,0.57,36.0,35.0,4.0,11.0,9.0,4.93,3.0,21.0,11.0,2.35,1.43,47.0,10.0,7.0,0.0,0.0,,21.0,0.47,0.29,2.0,5.0,13.0,1.0,48.0,1.0,44.0,85.0,94.0,57.0,79.0,,99.0,0.23,0.14,1.0,16.0,0.23,0.14,1.0,86.0,1.64,1.0,7.0,0.0,3.0,23.0,90.0,66.0,2.0,86.0,0.33,0.2,1.42,83.96,48.0,23.0,20.91,12.71,89.0,20.0,24.91,15.14,106.0,99.0,0.0,0.0,,,0.0,,,,,,,0.0,0.0,,40.36,0.0,,,0.0,0.0,,9,0.0,62.5,93.0,12.5,67.0,4.0,0.7,0.43,3.0,58.0,0.7,0.43,3.0,92.0,1.17,0.71,5.0,78.0,1.88,1.14,0.0,8.0,8.0,20.0,0.7,0.43,99.0,0.0,0.0,,3.0,,,,,83.0,0.24,0.15,1.03,83.0,0.33,0.2,1.42,2026,1,0,0.47,1,0.53,0.0,0.24,2025-09-26 18:45:00,Domestic League,382,0,127,382,64,170,212,382,0,0,-1,12,75,-1,0,2025/2026,2025,0
France_Ligue_1_2025-2026,Mason Greenwood,Olympique Marseille,Midfielder,24,181,76,England,7,7,14,0,3,3,0.24,2001-10-01,0,0.0,1,3,4,28,4,5,9,0.71,eu,,89.0,30.77,25.87,388.0,2.0,0.08,0.07,0.0,1.0,5450000.0,92.0,88.0,0.21,7.16,95.0,37.0,0.08,0.07,1.0,,,26.0,23.0,60.0,3.0,0.16,0.13,2.0,90.0,680.7,52.0,90.0,4.52,3.8,57.0,15.0,1135.0,41.0,0.79,0.67,10.0,33.0,0.71,0.6,9.0,91.0,3.25,2.73,95.0,1.59,1.33,48.0,57.0,20.0,41.0,30.0,6.98,5.87,88.0,18.0,3.17,2.67,45.0,40.0,17.0,0.56,0.47,7.0,56.0,1.11,0.93,14.0,13.0,79.0,1.0,48.0,5.0,94.0,98.0,93.0,98.0,99.0,1.0,94.0,0.16,0.13,2.0,17.0,0.24,0.2,3.0,97.0,2.22,1.87,28.0,0.0,76.0,23.0,90.0,44.0,73.0,95.0,0.5,0.42,6.28,82.33,42.0,72.0,42.11,35.4,531.0,75.0,51.15,43.0,645.0,99.0,0.0,0.0,,1.0,0.0,4.0,,,5.0,,,0.0,0.0,,107.4,0.0,,,0.0,0.0,,10,0.0,50.0,87.0,22.73,89.0,16.0,0.87,0.73,11.0,93.0,1.74,1.47,22.0,98.0,1.74,1.47,22.0,97.0,3.49,2.93,0.0,4.4,44.0,11.0,0.4,0.33,99.0,0.0,0.0,,5.0,7.0,1.0,14.0,2.0,94.0,0.31,0.26,3.97,99.0,0.78,0.65,9.78,2026,3,7,1.03,10,0.51,1.04,0.79,2025-12-05 20:00:00,Domestic League,378,0,126,114,81,528,607,1135,4,0,100,1,5,-1,0,2025/2026,2025,0
France_Ligue_1_2025-2026,Jon Rowe,Olympique Marseille,Defender,0,0,0,England,1,0,1,0,0,0,0.0,1970-01-01,0,0.0,0,0,0,0,0,0,0,0.0,eu,,33.0,0.0,0.0,,2.0,0.0,0.0,0.0,,,1.0,50.0,0.0,6.3,39.0,31.0,0.0,0.0,,,,26.0,23.0,2.0,2.0,0.0,0.0,,99.0,0.0,33.0,97.0,5.71,4.0,4.0,1.0,63.0,99.0,0.0,0.0,,5.0,1.43,1.0,1.0,64.0,1.43,1.0,11.0,0.0,0.0,0.0,11.0,,1.0,67.0,10.0,7.0,7.0,14.0,2.86,2.0,28.0,2.0,99.0,2.86,2.0,2.0,98.0,2.86,2.0,2.0,1.0,,,25.0,1.0,44.0,28.0,68.0,57.0,43.0,,76.0,0.0,0.0,,90.0,1.43,1.0,1.0,7.0,0.0,0.0,,0.0,,23.0,,43.0,,82.0,0.29,0.2,0.2,79.17,30.0,37.0,27.14,19.0,19.0,38.0,34.29,24.0,24.0,99.0,0.0,0.0,,,0.0,,,,,,,0.0,0.0,,6.3,0.0,,,0.0,0.0,,17,0.0,0.0,21.0,0.0,46.0,,0.0,0.0,,99.0,5.71,4.0,4.0,21.0,0.0,0.0,,99.0,5.71,4.0,0.0,0.0,4.0,5.0,0.0,0.0,99.0,0.0,0.0,,,,,,,11.0,0.06,0.04,0.04,77.0,0.29,0.2,0.2,2026,0,0,0.0,0,0.0,0.0,0.0,2025-08-15 18:45:00,Domestic League,0,0,0,0,63,63,0,63,0,0,-1,30,-1,-1,0,2025/2026,2025,0
France_Ligue_1_2025-2026,Geoffrey Kondogbia,Olympique Marseille,Midfielder,32,188,80,France,3,2,5,0,0,0,0.0,1970-01-09,1,0.33,0,1,1,20,2,0,2,0.67,eu,,33.0,0.0,0.0,,78.0,1.67,0.83,0.0,5.0,5450000.0,92.0,50.0,0.0,5.79,21.0,99.0,1.33,0.67,4.0,1.0,20.0,77.0,79.0,38.0,80.0,3.0,1.5,9.0,93.0,0.0,33.0,17.0,0.0,0.0,,6.0,270.0,47.0,0.67,0.33,2.0,71.0,0.33,0.17,1.0,47.0,1.0,0.5,79.0,1.0,0.5,100.0,99.0,3.0,3.0,59.0,9.33,4.67,28.0,77.0,5.33,2.67,57.0,16.0,84.0,1.67,0.83,5.0,33.0,0.67,0.33,2.0,4.0,7.0,1.0,48.0,2.0,60.0,28.0,68.0,57.0,43.0,,76.0,0.0,0.0,,87.0,1.33,0.67,4.0,7.0,0.0,0.0,,0.0,1.0,44.0,93.0,43.0,,43.0,0.07,0.03,0.21,90.54,85.0,93.0,67.0,33.5,201.0,93.0,74.0,37.0,222.0,99.0,0.0,0.0,,,0.0,,,,,,,0.0,0.0,,34.73,0.0,,,0.0,0.0,,19,0.0,50.0,87.0,0.0,46.0,25.0,1.0,0.5,3.0,30.0,0.33,0.17,1.0,58.0,0.33,0.17,1.0,41.0,0.67,0.33,0.0,0.0,2.0,75.0,2.0,1.0,99.0,0.0,0.0,,6.0,,,,,41.0,0.12,0.06,0.37,41.0,0.07,0.03,0.21,2026,0,0,0.0,0,0.0,0.0,0.0,2025-12-05 20:00:00,Domestic League,0,270,135,0,54,196,74,270,0,0,-1,29,-1,-1,0,2025/2026,2025,1
France_Ligue_1_2025-2026,Pierre-Emile Kordt Højbjerg,Olympique Marseille,Midfielder,30,185,84,Denmark,6,7,13,0,0,0,0.0,1970-01-10,2,0.17,2,3,5,38,2,5,7,0.61,eu,,36.0,4.36,3.85,50.0,57.0,1.05,0.92,0.0,12.0,5450000.0,92.0,50.0,0.0,7.21,97.0,31.0,0.0,0.0,,2.0,15.0,65.0,48.0,80.0,36.0,0.96,0.85,11.0,97.0,833.33,57.0,42.0,0.52,0.46,6.0,13.0,1031.0,59.0,0.52,0.46,6.0,27.0,0.79,0.69,9.0,51.0,1.13,1.0,71.0,0.79,0.69,69.0,87.0,9.0,13.0,35.0,7.33,6.46,84.0,44.0,4.02,3.54,54.0,46.0,56.0,1.22,1.08,14.0,57.0,1.13,1.0,13.0,11.0,61.0,2.0,63.0,1.0,44.0,52.0,68.0,78.0,67.0,,82.0,0.09,0.08,1.0,38.0,0.52,0.46,6.0,52.0,0.79,0.69,9.0,0.0,57.0,75.0,96.0,76.0,65.0,76.0,0.25,0.22,2.81,93.59,95.0,97.0,77.69,68.46,890.0,97.0,83.02,73.15,951.0,99.0,0.0,0.0,,,0.0,,,,,,,0.0,0.0,,93.71,0.0,,,0.0,0.0,,23,0.0,40.0,70.0,10.0,58.0,16.0,0.87,0.77,10.0,73.0,1.05,0.92,12.0,77.0,0.7,0.62,8.0,74.0,1.75,1.54,0.0,10.0,20.0,31.0,1.05,0.92,99.0,0.0,0.0,,12.0,,,,,68.0,0.18,0.16,2.11,73.0,0.25,0.22,2.81,2026,0,2,0.17,2,0.0,0.32,0.17,2025-11-29 20:05:00,Domestic League,0,516,147,516,79,466,565,1031,0,0,-1,8,108,-1,0,2025/2026,2025,2
France_Ligue_1_2025-2026,Adrien Rabiot,Olympique Marseille,Midfielder,30,188,71,France,1,0,1,0,0,0,0.0,1970-01-10,1,1.0,0,0,0,0,0,0,0,0.0,eu,,34.0,3.0,3.0,3.0,2.0,0.0,0.0,0.0,,,1.0,50.0,0.0,6.42,43.0,31.0,0.0,0.0,,1.0,100.0,99.0,99.0,2.0,39.0,1.0,1.0,1.0,99.0,33.33,34.0,99.0,9.0,9.0,9.0,1.0,90.0,99.0,0.0,0.0,,99.0,0.0,0.0,,47.0,1.0,1.0,11.0,0.0,0.0,0.0,11.0,,1.0,10.0,5.0,5.0,5.0,7.0,1.0,1.0,20.0,1.0,91.0,2.0,2.0,2.0,51.0,1.0,1.0,1.0,1.0,,,25.0,,18.0,28.0,68.0,57.0,43.0,,99.0,1.0,1.0,1.0,7.0,0.0,0.0,,99.0,4.0,4.0,4.0,0.0,,23.0,,43.0,,32.0,0.04,0.04,0.04,95.12,99.0,64.0,39.0,39.0,39.0,56.0,41.0,41.0,41.0,99.0,0.0,0.0,,,0.0,,,,,,,0.0,0.0,,6.42,0.0,,,0.0,0.0,,25,0.0,0.0,21.0,0.0,46.0,,0.0,0.0,,71.0,1.0,1.0,1.0,21.0,0.0,0.0,,53.0,1.0,1.0,0.0,0.0,1.0,5.0,0.0,0.0,99.0,0.0,0.0,,,,,,,83.0,0.24,0.24,0.24,30.0,0.04,0.04,0.04,2026,0,0,0.0,0,0.0,0.0,0.0,2025-08-15 18:45:00,Domestic League,0,90,0,0,90,90,0,90,0,0,-1,28,-1,-1,0,2025/2026,2025,1
France_Ligue_1_2025-2026,Michael Amir Murillo Bermudez,Olympique Marseille,Defender,29,183,75,Panama,6,6,12,0,0,0,0.0,1970-01-10,4,0.46,2,3,5,42,4,3,7,0.8,eu,,65.0,18.66,12.54,163.0,53.0,0.92,0.62,0.0,8.0,2730000.0,72.0,50.0,0.0,6.29,38.0,59.0,0.23,0.15,2.0,4.0,33.0,95.0,94.0,86.0,65.0,2.06,1.38,18.0,83.0,708.7,54.0,77.0,2.63,1.77,23.0,13.0,786.0,40.0,0.8,0.54,7.0,60.0,0.46,0.31,4.0,70.0,1.72,1.15,75.0,0.92,0.62,53.0,68.0,8.0,15.0,69.0,10.08,6.77,88.0,67.0,4.92,3.31,48.0,43.0,95.0,2.18,1.46,19.0,66.0,1.26,0.85,11.0,9.0,46.0,3.0,72.0,4.0,87.0,62.0,79.0,75.0,77.0,,86.0,0.11,0.08,1.0,32.0,0.46,0.31,4.0,71.0,1.15,0.77,10.0,0.0,44.0,30.0,83.0,67.0,41.0,68.0,0.19,0.13,1.64,85.98,61.0,60.0,37.21,25.0,325.0,60.0,43.28,29.08,378.0,99.0,0.0,0.0,,,0.0,,1.0,,,,,0.0,0.0,,81.8,0.0,,,0.0,0.0,,62,0.0,33.33,57.0,33.33,97.0,20.0,0.92,0.62,8.0,41.0,0.46,0.31,4.0,46.0,0.23,0.15,2.0,42.0,0.69,0.46,0.0,3.0,6.0,69.0,1.83,1.23,99.0,0.0,0.0,,16.0,,,,,37.0,0.11,0.07,0.97,66.0,0.19,0.13,1.64,2026,1,1,0.23,2,0.21,0.25,0.23,2025-11-08 16:00:00,Domestic League,0,197,112,393,66,433,353,786,0,0,-1,6,78,21,0,2025/2026,2025,4
France_Ligue_1_2025-2026,Ulisses Alexandre Garcia Lopes,Olympique Marseille,Defender,29,183,78,Switzerland,3,1,4,0,0,0,0.0,1970-01-10,3,1.28,1,0,1,25,1,2,3,1.28,eu,,33.0,0.0,0.0,,24.0,0.43,0.1,0.0,1.0,900000.0,23.0,50.0,0.0,2.53,,94.0,0.85,0.2,2.0,1.0,25.0,86.0,99.0,49.0,74.0,2.56,0.6,6.0,46.0,0.0,33.0,39.0,0.43,0.1,1.0,10.0,211.0,99.0,0.0,0.0,,22.0,0.85,0.2,2.0,59.0,1.28,0.3,44.0,0.43,0.1,33.0,30.0,1.0,3.0,33.0,7.25,1.7,17.0,15.0,2.99,0.7,41.0,7.0,85.0,1.71,0.4,4.0,41.0,0.85,0.2,2.0,2.0,,2.0,63.0,1.0,44.0,28.0,68.0,57.0,43.0,,76.0,0.0,0.0,,7.0,0.0,0.0,,31.0,0.43,0.1,1.0,0.0,,23.0,46.0,43.0,,47.0,0.09,0.02,0.21,91.67,90.0,51.0,32.84,7.7,77.0,42.0,35.83,8.4,84.0,99.0,0.0,0.0,,,0.0,,,,,,,0.0,0.0,,25.28,0.0,,,0.0,0.0,,,0.0,50.0,87.0,0.0,46.0,44.0,1.28,0.3,3.0,37.0,0.43,0.1,1.0,65.0,0.43,0.1,1.0,50.0,0.85,0.2,0.0,0.0,2.0,42.0,1.28,0.3,99.0,0.0,0.0,,3.0,,,,,32.0,0.1,0.02,0.24,45.0,0.09,0.02,0.21,2026,0,0,0.0,0,0.0,0.0,0.0,2025-11-01 20:05:00,Domestic League,0,70,70,0,53,121,90,211,0,0,-1,27,-1,-1,1,2025/2026,2025,2
France_Ligue_1_2025-2026,Amine Harit,Olympique Marseille,Midfielder,28,180,67,France,0,0,0,0,0,0,0.0,1970-01-11,0,0.0,0,0,0,0,0,0,0,0.0,eu,,,,,,,,,,,,,,,,,,,,,,,,,,,,,,,,,,,,,,,,,,,,,,,,,,,,,,,,,,,,,,,,,,,,,,,,,,,,,,,,,,,,,,,,,,,,,,,,,,,,,,,,,,,,,,,,,,,,,,,,,,,,,,,,,,,,,,,,,,,,,,,,,,,,,,,,,,,,,,,,,,,,,,,,,,,,,,,,,,,,,,,2026,0,0,0.0,0,0.0,0.0,0.0,1970-01-01 00:00:00,Domestic League,0,0,0,0,0,0,0,0,0,0,-1,-1,-1,-1,0,2025/2026,2025,0
France_Ligue_1_2025-2026,Jeffrey de Lange,Olympique Marseille,Goalkeeper,27,188,0,Netherlands,1,2,3,0,0,0,0.0,1970-01-11,0,0.0,0,1,1,33,1,1,2,0.67,eu,,33.0,0.0,0.0,,2.0,0.0,0.0,0.0,,640000.0,15.0,50.0,0.0,1.47,,31.0,0.0,0.0,,,,26.0,23.0,73.0,10.0,0.33,0.07,1.0,93.0,0.0,33.0,17.0,0.0,0.0,,14.0,270.0,99.0,0.0,0.0,,99.0,0.0,0.0,,9.0,0.0,0.0,11.0,0.0,0.0,0.0,11.0,,,,0.0,0.0,,,0.0,0.0,0.0,,7.0,0.0,0.0,,2.0,0.0,0.0,,3.0,2.0,,25.0,,18.0,28.0,68.0,57.0,43.0,,76.0,0.0,0.0,,7.0,0.0,0.0,,27.0,0.33,0.07,1.0,0.0,,23.0,93.0,43.0,,10.0,0.0,0.0,0.0,85.37,56.0,28.0,23.33,5.0,70.0,22.0,27.33,5.86,82.0,99.0,0.0,0.0,,,0.0,,,,,,48.0,0.33,0.07,1.0,20.61,72.73,86.0,52.0,2.67,0.57,8.0,,0.0,0.0,21.0,0.0,46.0,94.0,3.67,0.79,11.0,10.0,0.0,0.0,,21.0,0.0,0.0,,8.0,0.0,0.0,0.0,0.0,,5.0,0.0,0.0,99.0,0.0,0.0,,,,,,,8.0,0.05,0.01,0.16,9.0,0.0,0.0,0.0,2026,0,0,0.0,0,0.0,0.0,0.0,2025-11-21 19:45:00,Domestic League,0,0,135,0,90,90,180,270,0,0,-1,26,-1,-1,0,2025/2026,2025,0
France_Ligue_1_2025-2026,Derek Cornelius,Olympique Marseille,Forward,28,187,86,Canada,1,1,2,0,0,0,0.0,1970-01-11,0,0.0,0,0,0,0,1,0,1,1.61,eu,,33.0,0.0,0.0,,2.0,0.0,0.0,0.0,,,1.0,50.0,0.0,3.36,1.0,99.0,3.16,1.0,2.0,,,26.0,23.0,2.0,98.0,6.32,2.0,4.0,22.0,0.0,33.0,17.0,0.0,0.0,,2.0,57.0,99.0,0.0,0.0,,99.0,0.0,0.0,,67.0,1.58,0.5,11.0,0.0,0.0,0.0,11.0,,1.0,8.0,4.74,1.5,3.0,17.0,3.16,1.0,66.0,2.0,7.0,0.0,0.0,,99.0,3.16,1.0,2.0,,,2.0,63.0,,18.0,28.0,68.0,57.0,43.0,,76.0,0.0,0.0,,94.0,1.58,0.5,1.0,7.0,0.0,0.0,,0.0,,23.0,23.0,43.0,,10.0,0.0,0.0,0.0,85.71,60.0,18.0,18.95,6.0,12.0,14.0,22.11,7.0,14.0,99.0,0.0,0.0,,,0.0,,,,,,,0.0,0.0,,6.72,0.0,,,0.0,0.0,,,0.0,0.0,21.0,0.0,46.0,64.0,1.58,0.5,1.0,10.0,0.0,0.0,,21.0,0.0,0.0,,8.0,0.0,0.0,0.0,0.0,,5.0,0.0,0.0,99.0,0.0,0.0,,,,,,,,0.03,0.01,0.02,9.0,0.0,0.0,0.0,2026,0,0,0.0,0,0.0,0.0,0.0,1970-01-01 00:00:00,Domestic League,0,0,56,0,28,56,0,56,0,0,-1,25,-1,-1,0,2025/2026,2025,0
France_Ligue_1_2025-2026,Timothy Tarpeh Weah,Olympique Marseille,Forward,25,183,66,USA,7,5,12,1,0,1,0.11,1970-01-12,1,0.11,1,2,3,25,4,3,7,0.79,eu,,62.0,16.84,11.62,151.0,51.0,0.89,0.62,0.0,8.0,4550000.0,89.0,66.0,0.08,6.2,35.0,31.0,0.0,0.0,,1.0,8.0,40.0,33.0,49.0,49.0,1.23,0.85,11.0,85.0,794.74,55.0,71.0,2.12,1.46,19.0,13.0,807.0,71.0,0.33,0.23,3.0,41.0,0.67,0.46,6.0,67.0,1.56,1.08,54.0,0.56,0.38,35.0,33.0,5.0,14.0,38.0,7.47,5.15,67.0,42.0,4.01,2.77,53.0,36.0,46.0,1.12,0.77,10.0,20.0,0.45,0.31,4.0,10.0,56.0,2.0,63.0,2.0,60.0,62.0,76.0,57.0,59.0,,76.0,0.0,0.0,,46.0,0.67,0.46,6.0,76.0,1.23,0.85,11.0,0.0,44.0,91.0,84.0,85.0,42.0,58.0,0.13,0.09,1.17,88.05,74.0,53.0,33.68,23.23,302.0,50.0,38.25,26.38,343.0,99.0,0.0,0.0,,,0.0,,,,,,,0.0,0.0,,80.59,0.0,,,0.0,0.0,,,0.0,42.86,75.0,14.29,72.0,25.0,1.0,0.69,9.0,39.0,0.45,0.31,4.0,58.0,0.33,0.23,3.0,48.0,0.78,0.54,0.0,7.0,7.0,78.0,2.12,1.46,99.0,0.0,0.0,,19.0,,,,,72.0,0.19,0.13,1.7,56.0,0.13,0.09,1.17,2026,1,0,0.23,1,0.19,0.0,0.11,2025-12-05 20:00:00,Domestic League,796,796,114,796,66,485,311,796,0,0,-1,10,134,-1,0,2025/2026,2025,1
France_Ligue_1_2025-2026,Bilal Nadir,Olympique Marseille,Forward,22,172,0,France,5,6,11,0,4,4,1.04,2003-11-28,1,0.26,1,2,3,27,0,1,1,0.26,eu,,91.0,32.51,10.42,125.0,47.0,0.78,0.25,0.0,3.0,270000.0,4.0,99.0,0.36,6.21,36.0,63.0,0.26,0.08,1.0,1.0,9.0,40.0,71.0,55.0,20.0,0.52,0.17,2.0,99.0,1388.89,74.0,75.0,2.34,0.75,9.0,12.0,346.0,14.0,1.56,0.5,6.0,8.0,1.3,0.42,5.0,59.0,1.3,0.42,51.0,0.52,0.17,40.0,43.0,2.0,5.0,70.0,10.14,3.25,39.0,16.0,3.12,1.0,30.0,12.0,98.0,2.6,0.83,10.0,37.0,0.78,0.25,3.0,3.0,2.0,8.0,97.0,1.0,44.0,99.0,68.0,57.0,43.0,,76.0,0.0,0.0,,38.0,0.52,0.17,2.0,97.0,2.34,0.75,9.0,0.0,31.0,53.0,99.0,43.0,,51.0,0.1,0.03,0.4,88.41,76.0,78.0,47.6,15.25,183.0,79.0,53.84,17.25,207.0,99.0,0.0,0.0,,,0.0,,,,,,,0.0,0.0,,74.52,0.0,,,0.0,0.0,,,0.0,16.67,26.0,0.0,46.0,6.0,0.78,0.25,3.0,83.0,1.3,0.42,5.0,51.0,0.26,0.08,1.0,71.0,1.56,0.5,0.0,0.0,6.0,54.0,1.56,0.5,99.0,0.0,0.0,,6.0,,,,,99.0,0.81,0.26,3.13,49.0,0.1,0.03,0.4,2026,0,0,1.04,0,0.0,0.0,0.0,2025-11-29 20:05:00,Domestic League,87,347,347,0,32,103,244,347,0,0,-1,20,218,-1,0,2025/2026,2025,1
France_Ligue_1_2025-2026,Robinio Vaz,Olympique Marseille,Midfielder,18,0,0,France,8,6,14,1,1,2,0.49,2007-02-17,2,0.49,2,2,4,28,2,0,2,0.49,eu,,33.0,0.0,0.0,,79.0,1.7,0.5,0.0,7.0,450000.0,9.0,99.0,0.14,5.94,26.0,31.0,0.0,0.0,,2.0,14.0,60.0,94.0,60.0,29.0,0.73,0.21,3.0,99.0,0.0,33.0,54.0,0.97,0.29,4.0,14.0,370.0,17.0,1.46,0.43,6.0,4.0,1.46,0.43,6.0,57.0,1.22,0.36,49.0,0.49,0.14,40.0,43.0,2.0,5.0,87.0,12.65,3.71,52.0,77.0,5.35,1.57,42.0,22.0,90.0,1.95,0.57,8.0,92.0,2.19,0.64,9.0,3.0,2.0,11.0,99.0,4.0,87.0,99.0,68.0,99.0,99.0,,99.0,0.24,0.07,1.0,52.0,0.73,0.21,3.0,83.0,1.46,0.43,6.0,0.0,76.0,29.0,99.0,43.0,1.0,99.0,0.77,0.23,3.17,75.71,19.0,8.0,12.89,3.79,53.0,7.0,17.03,5.0,70.0,99.0,0.0,0.0,,,0.0,,1.0,,,,,0.0,0.0,,83.13,0.0,,,0.0,0.0,,34,0.0,75.0,97.0,50.0,99.0,39.0,1.22,0.36,5.0,44.0,0.49,0.14,2.0,97.0,1.46,0.43,6.0,79.0,1.95,0.57,0.0,2.0,8.0,39.0,1.22,0.36,99.0,0.0,0.0,,5.0,,,7.0,1.0,97.0,0.35,0.1,1.43,99.0,0.77,0.23,3.17,2026,0,4,1.46,4,0.0,2.55,0.97,2025-11-01 20:05:00,Domestic League,186,186,186,93,27,230,141,371,0,0,-1,3,2,-1,0,2025/2026,2025,2
France_Ligue_1_2025-2026,Darryl Bakola,Olympique Marseille,Midfielder,18,0,0,France,3,3,6,0,0,0,0.0,2007-11-30,0,0.0,0,1,1,17,1,0,1,1.91,eu,,33.0,0.0,0.0,,81.0,1.84,0.1,0.0,1.0,270000.0,4.0,50.0,0.0,2.56,,31.0,0.0,0.0,,,,26.0,23.0,29.0,2.0,0.0,0.0,,9.0,0.0,33.0,69.0,1.84,0.1,1.0,10.0,49.0,,3.67,0.2,2.0,1.0,1.84,0.1,1.0,71.0,1.84,0.1,95.0,1.84,0.1,100.0,99.0,1.0,1.0,99.0,20.2,1.1,11.0,99.0,11.02,0.6,54.0,6.0,99.0,3.67,0.2,2.0,99.0,5.51,0.3,3.0,,,6.0,89.0,,18.0,28.0,68.0,57.0,43.0,,76.0,0.0,0.0,,7.0,0.0,0.0,,7.0,0.0,0.0,,0.0,3.0,23.0,9.0,43.0,,93.0,0.46,0.03,0.25,86.49,65.0,89.0,58.78,3.2,32.0,90.0,67.96,3.7,37.0,99.0,0.0,0.0,,,0.0,,,,,,,0.0,0.0,,25.61,0.0,,,0.0,0.0,,,0.0,33.33,57.0,0.0,46.0,94.0,3.67,0.2,2.0,99.0,3.67,0.2,2.0,99.0,1.84,0.1,1.0,99.0,5.51,0.3,0.0,0.0,3.0,99.0,3.67,0.2,99.0,0.0,0.0,,2.0,,,,,37.0,0.11,0.01,0.06,92.0,0.46,0.03,0.25,2026,0,0,0.0,0,0.0,0.0,0.0,1970-01-01 00:00:00,Domestic League,0,0,47,0,8,32,15,47,0,0,-1,23,-1,-1,0,2025/2026,2025,0
France_Ligue_1_2025-2026,Pierre-Emerick Emiliano François Aubameyang,Olympique Marseille,Forward,36,187,80,Gabon,7,6,13,2,3,5,0.52,1970-01-08,0,0.0,1,2,3,23,3,5,8,0.84,eu,,61.0,15.64,10.0,150.0,40.0,0.63,0.4,0.0,6.0,4200000.0,87.0,99.0,0.38,6.23,37.0,31.0,0.0,0.0,,,,26.0,23.0,45.0,14.0,0.42,0.27,4.0,80.0,1000.0,66.0,66.0,1.56,1.0,15.0,15.0,863.0,51.0,0.63,0.4,6.0,64.0,0.42,0.27,4.0,40.0,0.83,0.53,33.0,0.31,0.2,37.0,39.0,3.0,8.0,10.0,5.11,3.27,49.0,8.0,1.88,1.2,36.0,18.0,24.0,0.73,0.47,7.0,30.0,0.63,0.4,6.0,9.0,46.0,4.0,81.0,1.0,44.0,99.0,92.0,94.0,94.0,,84.0,0.1,0.07,1.0,28.0,0.42,0.27,4.0,80.0,1.36,0.87,13.0,0.0,57.0,23.0,80.0,49.0,51.0,95.0,0.51,0.33,4.92,82.83,46.0,14.0,17.1,10.93,164.0,11.0,20.65,13.2,198.0,99.0,0.0,0.0,,,0.0,,1.0,,,,,0.0,0.0,,93.38,0.0,,,0.0,0.0,,,0.0,47.83,80.0,21.74,89.0,34.0,1.15,0.73,11.0,83.0,1.25,0.8,12.0,92.0,1.15,0.73,11.0,89.0,2.4,1.53,0.0,4.6,23.0,10.0,0.31,0.2,99.0,0.0,0.0,,3.0,,,8.0,1.0,97.0,0.37,0.24,3.57,93.0,0.51,0.33,4.92,2026,2,3,1.04,5,0.45,0.59,0.52,2025-12-05 20:00:00,Domestic League,172,0,108,172,66,403,459,862,0,0,-1,2,22,-1,0,2025/2026,2025,0
France_Ligue_1_2025-2026,Ruben Aguilar,Lens,Defender,32,170,70,France,8,7,15,1,0,1,0.08,1970-01-09,3,0.23,1,3,4,27,8,4,12,0.93,eu,,73.0,21.44,18.47,277.0,50.0,0.85,0.73,0.0,11.0,2950000.0,74.0,58.0,0.07,7.01,86.0,86.0,0.62,0.53,8.0,3.0,20.0,77.0,65.0,55.0,61.0,1.7,1.47,22.0,74.0,426.15,40.0,95.0,5.03,4.33,65.0,15.0,1163.0,68.0,0.39,0.33,5.0,54.0,0.54,0.47,7.0,29.0,0.54,0.47,28.0,0.23,0.2,42.0,48.0,3.0,7.0,23.0,6.42,5.53,83.0,36.0,3.79,3.27,59.0,49.0,51.0,1.16,1.0,15.0,24.0,0.54,0.47,7.0,14.0,89.0,1.0,48.0,1.0,44.0,36.0,68.0,57.0,43.0,,76.0,0.0,0.0,,86.0,1.32,1.13,17.0,76.0,1.24,1.07,16.0,0.0,91.0,58.0,74.0,43.0,76.0,32.0,0.04,0.03,0.47,85.16,55.0,61.0,37.3,32.13,482.0,61.0,43.8,37.73,566.0,99.0,0.0,0.0,,,0.0,,,,,,,0.0,0.0,,105.19,0.0,,,0.0,0.0,,2,0.0,14.29,24.0,0.0,46.0,21.0,0.93,0.8,12.0,41.0,0.46,0.4,6.0,24.0,0.08,0.07,1.0,33.0,0.54,0.47,0.0,0.0,7.0,79.0,2.17,1.87,99.0,0.0,0.0,,28.0,,,,,60.0,0.16,0.14,2.03,30.0,0.04,0.03,0.47,2026,0,0,0.08,0,0.0,0.0,0.0,2025-12-06 16:00:00,Domestic League,1163,388,97,0,78,603,560,1163,0,0,-1,14,219,28,0,2025/2026,2025,3
France_Ligue_1_2025-2026,Deiver Andrés Machado Mena,Lens,Defender,32,180,70,Colombia,4,2,6,0,0,0,0.0,1970-01-09,1,0.25,0,0,0,0,3,2,5,1.26,eu,,33.0,0.0,0.0,,46.0,0.75,0.33,0.0,3.0,2270000.0,65.0,50.0,0.0,3.61,2.0,31.0,0.0,0.0,,1.0,17.0,67.0,70.0,2.0,55.0,1.51,0.67,6.0,48.0,0.0,33.0,61.0,1.26,0.56,5.0,9.0,358.0,10.0,1.76,0.78,7.0,58.0,0.5,0.22,2.0,57.0,1.26,0.56,51.0,0.5,0.22,40.0,43.0,2.0,5.0,78.0,11.06,4.89,44.0,65.0,4.78,2.11,43.0,19.0,75.0,1.51,0.67,6.0,98.0,2.77,1.22,11.0,5.0,13.0,1.0,48.0,1.0,44.0,28.0,68.0,57.0,43.0,,76.0,0.0,0.0,,71.0,1.01,0.44,4.0,7.0,0.0,0.0,,0.0,3.0,54.0,47.0,43.0,,54.0,0.11,0.05,0.42,85.37,56.0,36.0,26.4,11.67,105.0,31.0,30.92,13.67,123.0,99.0,0.0,0.0,,,0.0,,,,,,,0.0,0.0,,32.52,0.0,,,0.0,0.0,,3,0.0,16.67,26.0,0.0,46.0,25.0,1.01,0.44,4.0,83.0,1.26,0.56,5.0,50.0,0.25,0.11,1.0,69.0,1.51,0.67,0.0,0.0,6.0,29.0,1.01,0.44,99.0,0.0,0.0,,4.0,,,,,11.0,0.06,0.03,0.25,52.0,0.11,0.05,0.42,2026,0,0,0.0,0,0.0,0.0,0.0,2025-12-12 19:45:00,Domestic League,0,357,71,0,60,235,122,357,0,0,-1,15,221,61,0,2025/2026,2025,1
France_Ligue_1_2025-2026,Samson Baidoo,Lens,Defender,21,187,86,Austria,7,7,14,1,0,1,0.07,2004-03-31,2,0.15,1,3,4,28,7,3,10,0.74,eu,,33.0,0.0,0.0,,83.0,1.93,1.73,0.0,26.0,2270000.0,65.0,54.0,0.07,6.68,53.0,99.0,1.33,1.2,18.0,2.0,14.0,60.0,44.0,60.0,86.0,3.86,3.47,52.0,88.0,0.0,33.0,17.0,0.0,0.0,,15.0,1214.0,87.0,0.07,0.07,1.0,55.0,0.52,0.47,7.0,22.0,0.37,0.33,39.0,0.37,0.33,100.0,99.0,5.0,5.0,44.0,7.93,7.13,107.0,53.0,4.37,3.93,55.0,59.0,29.0,0.82,0.73,11.0,15.0,0.37,0.33,5.0,13.0,79.0,1.0,48.0,,18.0,60.0,68.0,78.0,66.0,,76.0,0.0,0.0,,82.0,1.19,1.07,16.0,20.0,0.22,0.2,3.0,0.0,76.0,81.0,87.0,79.0,82.0,63.0,0.16,0.14,2.14,93.37,94.0,76.0,44.93,40.4,606.0,70.0,48.11,43.27,649.0,99.0,0.0,0.0,,,0.0,,,,,,,0.0,0.0,,100.14,0.0,,,0.0,0.0,,6,0.0,30.77,49.0,15.38,74.0,6.0,0.74,0.67,10.0,56.0,0.67,0.6,9.0,56.0,0.3,0.27,4.0,53.0,0.96,0.87,0.0,6.5,13.0,63.0,1.71,1.53,99.0,0.0,0.0,,23.0,,,,,54.0,0.15,0.14,2.06,62.0,0.16,0.14,2.14,2026,0,2,0.22,2,0.0,0.31,0.15,2025-12-06 16:00:00,Domestic League,1214,607,121,607,87,630,584,1214,0,0,-1,5,115,13,0,2025/2026,2025,2
France_Ligue_1_2025-2026,Matthieu Udol,Lens,Defender,29,178,79,France,8,7,15,1,2,3,0.2,1970-01-10,1,0.07,1,3,4,27,8,4,12,0.81,eu,,93.0,36.34,36.07,541.0,57.0,1.01,1.0,0.0,15.0,2500000.0,67.0,82.0,0.2,7.08,89.0,70.0,0.34,0.33,5.0,1.0,7.0,33.0,26.0,55.0,68.0,2.22,2.2,33.0,82.0,1202.22,70.0,81.0,3.02,3.0,45.0,15.0,1340.0,52.0,0.6,0.6,9.0,30.0,0.74,0.73,11.0,59.0,1.28,1.27,48.0,0.47,0.47,36.0,36.0,7.0,19.0,52.0,8.53,8.47,127.0,47.0,4.1,4.07,48.0,61.0,55.0,1.21,1.2,18.0,52.0,1.01,1.0,15.0,15.0,96.0,,25.0,3.0,74.0,56.0,68.0,57.0,43.0,,76.0,0.0,0.0,,99.0,1.95,1.93,29.0,83.0,1.48,1.47,22.0,0.0,91.0,99.0,83.0,43.0,93.0,51.0,0.1,0.1,1.51,82.69,45.0,51.0,33.04,32.8,492.0,53.0,39.96,39.67,595.0,99.0,0.0,0.0,,,0.0,,,,,,,0.0,0.0,,106.16,0.0,,,0.0,0.0,,14,0.0,37.5,64.0,0.0,46.0,9.0,0.81,0.8,12.0,56.0,0.67,0.67,10.0,63.0,0.4,0.4,6.0,57.0,1.07,1.07,0.0,0.0,16.0,57.0,1.61,1.6,99.0,0.0,0.0,,24.0,,,,,83.0,0.24,0.24,3.63,49.0,0.1,0.1,1.51,2026,0,0,0.2,0,0.0,0.0,0.0,2025-12-06 16:00:00,Domestic League,447,1340,112,0,89,710,630,1340,0,0,-1,20,222,22,0,2025/2026,2025,1
France_Ligue_1_2025-2026,Andy Diouf,Lens,Midfielder,22,175,62,France,0,1,1,0,0,0,0.0,2003-05-17,0,0.0,0,0,0,0,0,1,1,1.0,eu,,33.0,0.0,0.0,,2.0,0.0,0.0,0.0,,,1.0,50.0,0.0,7.24,98.0,31.0,0.0,0.0,,,,26.0,23.0,2.0,2.0,0.0,0.0,,72.0,0.0,33.0,17.0,0.0,0.0,,1.0,90.0,6.0,2.0,2.0,2.0,99.0,0.0,0.0,,97.0,5.0,5.0,99.0,3.0,3.0,60.0,77.0,3.0,5.0,57.0,9.0,9.0,9.0,69.0,5.0,5.0,55.0,5.0,7.0,0.0,0.0,,51.0,1.0,1.0,1.0,1.0,,,25.0,,18.0,28.0,68.0,57.0,43.0,,76.0,0.0,0.0,,7.0,0.0,0.0,,7.0,0.0,0.0,,0.0,,23.0,72.0,43.0,,67.0,0.18,0.18,0.18,82.5,43.0,51.0,33.0,33.0,33.0,53.0,40.0,40.0,40.0,99.0,0.0,0.0,,,0.0,,,,,,,0.0,0.0,,7.24,0.0,,,0.0,0.0,,18,0.0,50.0,87.0,0.0,46.0,,0.0,0.0,,71.0,1.0,1.0,1.0,87.0,1.0,1.0,1.0,80.0,2.0,2.0,0.0,0.0,2.0,29.0,1.0,1.0,99.0,0.0,0.0,,1.0,,,,,14.0,0.07,0.07,0.07,64.0,0.18,0.18,0.18,2026,0,0,0.0,0,0.0,0.0,0.0,2025-08-16 15:00:00,Domestic League,0,0,90,0,90,0,90,90,0,0,-1,19,-1,-1,0,2025/2026,2025,0
France_Ligue_1_2025-2026,Malang Mamadou William Georges Sarr,Lens,Defender,26,183,70,France,7,7,14,0,0,0,0.0,1970-01-11,2,0.14,1,3,4,28,7,4,11,0.79,eu,,40.0,7.14,7.14,100.0,82.0,1.86,1.86,0.0,26.0,2730000.0,72.0,50.0,0.0,7.04,87.0,88.0,0.64,0.64,9.0,2.0,14.0,60.0,41.0,60.0,90.0,4.5,4.5,63.0,85.0,3333.33,92.0,28.0,0.21,0.21,3.0,14.0,1260.0,82.0,0.14,0.14,2.0,62.0,0.43,0.43,6.0,14.0,0.14,0.14,18.0,0.14,0.14,100.0,99.0,2.0,2.0,24.0,6.5,6.5,91.0,55.0,4.43,4.43,68.0,62.0,19.0,0.64,0.64,9.0,20.0,0.43,0.43,6.0,14.0,89.0,,25.0,,18.0,28.0,68.0,57.0,43.0,,78.0,0.07,0.07,1.0,98.0,1.93,1.93,27.0,9.0,0.07,0.07,1.0,0.0,76.0,83.0,85.0,43.0,88.0,32.0,0.04,0.04,0.52,87.84,72.0,81.0,49.0,49.0,686.0,80.0,55.79,55.79,781.0,17.0,0.07,0.07,1.0,,0.0,,,,,,,0.0,0.0,,98.53,0.0,,,0.0,0.0,,20,0.0,25.0,41.0,0.0,46.0,5.0,0.71,0.71,10.0,37.0,0.43,0.43,6.0,32.0,0.14,0.14,2.0,36.0,0.57,0.57,0.0,0.0,8.0,75.0,2.0,2.0,99.0,0.0,0.0,,28.0,,,,,41.0,0.12,0.12,1.72,30.0,0.04,0.04,0.52,2026,0,0,0.0,0,0.0,0.0,0.0,2025-12-06 16:00:00,Domestic League,0,630,115,0,90,630,630,1260,0,0,-1,18,223,17,0,2025/2026,2025,2
France_Ligue_1_2025-2026,Wesley Saïd,Lens,Forward,30,171,65,France,8,7,15,1,1,2,0.18,1970-01-10,0,0.0,1,3,4,27,5,3,8,0.7,eu,,55.0,13.18,10.0,150.0,56.0,0.97,0.73,0.0,11.0,2500000.0,67.0,79.0,0.13,7.12,93.0,31.0,0.0,0.0,,,,26.0,23.0,55.0,36.0,0.97,0.73,11.0,91.0,1363.64,74.0,54.0,0.97,0.73,11.0,15.0,1024.0,26.0,1.14,0.87,13.0,76.0,0.26,0.2,3.0,69.0,1.67,1.27,74.0,0.88,0.67,52.0,68.0,10.0,19.0,39.0,7.73,5.87,88.0,15.0,2.9,2.2,37.0,33.0,74.0,1.49,1.13,17.0,9.0,0.26,0.2,3.0,12.0,70.0,3.0,72.0,1.0,44.0,95.0,98.0,81.0,95.0,,76.0,0.0,0.0,,42.0,0.62,0.47,7.0,57.0,0.88,0.67,10.0,0.0,91.0,23.0,91.0,48.0,64.0,93.0,0.46,0.35,5.19,81.53,40.0,27.0,22.5,17.07,256.0,23.0,27.6,20.93,314.0,99.0,0.0,0.0,,,0.0,1.0,,,1.0,,,0.0,0.0,,106.8,0.0,,,0.0,0.0,,22,0.0,53.85,90.0,23.08,90.0,4.0,0.7,0.53,8.0,73.0,1.05,0.8,12.0,93.0,1.23,0.93,14.0,86.0,2.29,1.73,0.0,4.33,26.0,21.0,0.79,0.6,99.0,0.0,0.0,,9.0,,,7.0,1.0,68.0,0.18,0.14,2.08,93.0,0.52,0.39,5.89,2026,4,2,0.7,6,0.7,0.36,0.53,2025-12-06 16:00:00,Domestic League,512,0,128,171,68,517,507,1024,1,0,100,1,21,-1,0,2025/2026,2025,0
France_Ligue_1_2025-2026,Adrien Thomasson,Lens,Midfielder,32,177,70,France,7,7,14,2,3,5,0.36,1970-01-09,5,0.36,1,3,4,28,7,4,11,0.79,eu,,94.0,39.47,39.29,550.0,15.0,0.29,0.29,0.0,4.0,3640000.0,82.0,97.0,0.36,7.15,94.0,46.0,0.14,0.14,2.0,5.0,36.0,97.0,84.0,60.0,50.0,1.29,1.29,18.0,85.0,982.14,64.0,88.0,4.02,4.0,56.0,14.0,1254.0,24.0,1.22,1.21,17.0,2.0,1.72,1.71,24.0,62.0,1.36,1.36,37.0,0.36,0.36,26.0,16.0,5.0,19.0,85.0,11.99,11.93,167.0,73.0,5.17,5.14,43.0,72.0,93.0,2.08,2.07,29.0,86.0,1.87,1.86,26.0,14.0,89.0,,25.0,1.0,44.0,82.0,68.0,62.0,48.0,,78.0,0.07,0.07,1.0,61.0,0.86,0.86,12.0,99.0,2.66,2.64,37.0,0.0,76.0,40.0,84.0,98.0,85.0,61.0,0.14,0.14,1.94,82.83,46.0,62.0,37.75,37.57,526.0,65.0,45.57,45.36,635.0,99.0,0.0,0.0,,,0.0,,,,,,,0.0,0.0,,100.05,0.0,,,0.0,0.0,,28,0.0,29.41,45.0,5.88,48.0,7.0,0.79,0.79,11.0,67.0,0.86,0.86,12.0,61.0,0.36,0.36,5.0,63.0,1.22,1.21,0.0,17.0,17.0,91.0,2.73,2.71,99.0,0.0,0.0,,38.0,,,,,98.0,0.39,0.39,5.43,59.0,0.14,0.14,1.94,2026,0,1,0.43,1,0.0,0.14,0.07,2025-11-30 16:15:00,Domestic League,251,251,114,1254,90,624,630,1254,0,0,-1,8,167,-1,0,2025/2026,2025,5
France_Ligue_1_2025-2026,Morgan Bono Guilavogui,Lens,Forward,27,188,81,Guinea,6,7,13,0,0,0,0.0,1970-01-11,4,0.84,1,3,4,31,2,2,4,0.84,eu,,48.0,10.49,3.85,50.0,82.0,1.89,0.69,0.0,9.0,2500000.0,67.0,50.0,0.0,6.75,63.0,31.0,0.0,0.0,,2.0,15.0,65.0,99.0,67.0,41.0,1.05,0.38,5.0,80.0,1250.0,72.0,51.0,0.84,0.31,4.0,13.0,429.0,99.0,0.0,0.0,,23.0,0.84,0.31,4.0,88.0,2.94,1.08,88.0,1.26,0.46,42.0,48.0,6.0,14.0,97.0,14.9,5.46,71.0,99.0,8.81,3.23,59.0,42.0,97.0,2.31,0.85,11.0,97.0,2.52,0.92,12.0,3.0,2.0,10.0,99.0,1.0,44.0,58.0,68.0,80.0,73.0,,76.0,0.0,0.0,,28.0,0.42,0.15,2.0,92.0,1.89,0.69,9.0,0.0,57.0,23.0,79.0,71.0,7.0,72.0,0.22,0.08,1.07,78.36,28.0,40.0,28.11,10.31,134.0,43.0,35.87,13.15,171.0,99.0,0.0,0.0,,,0.0,,1.0,,,,,0.0,0.0,,87.81,0.0,,,0.0,0.0,,29,0.0,12.5,24.0,12.5,67.0,12.0,0.84,0.31,4.0,89.0,1.47,0.54,7.0,41.0,0.21,0.08,1.0,74.0,1.68,0.62,0.0,8.0,8.0,97.0,3.15,1.15,99.0,0.0,0.0,,15.0,,,,,41.0,0.12,0.04,0.55,70.0,0.22,0.08,1.07,2026,0,1,0.21,1,0.0,0.34,0.21,2025-10-19 13:00:00,Domestic League,0,107,107,429,33,163,266,429,0,0,-1,9,91,-1,1,2025/2026,2025,3
France_Ligue_1_2025-2026,Rayan Fofana,Lens,Midfielder,19,0,0,France,7,5,12,0,0,0,0.0,2006-02-12,0,0.0,1,2,3,25,2,2,4,0.81,eu,,33.0,0.0,0.0,,85.0,2.02,0.67,0.0,10.0,201000.0,3.0,50.0,0.0,4.94,10.0,56.0,0.2,0.07,1.0,,,26.0,23.0,49.0,48.0,1.21,0.4,6.0,82.0,0.0,33.0,37.0,0.4,0.13,2.0,15.0,445.0,9.0,1.82,0.6,9.0,66.0,0.4,0.13,2.0,81.0,2.43,0.8,80.0,1.01,0.33,41.0,45.0,5.0,12.0,97.0,15.17,5.0,75.0,98.0,7.69,2.53,50.0,38.0,70.0,1.42,0.47,7.0,99.0,3.84,1.27,19.0,4.0,7.0,8.0,97.0,4.0,87.0,78.0,91.0,84.0,92.0,,76.0,0.0,0.0,,25.0,0.4,0.13,2.0,54.0,0.81,0.27,4.0,0.0,44.0,23.0,81.0,51.0,9.0,97.0,0.55,0.18,2.7,71.95,8.0,5.0,11.93,3.93,59.0,7.0,16.58,5.47,82.0,99.0,0.0,0.0,,,0.0,,1.0,,,,,0.0,0.0,,74.11,0.0,,,0.0,0.0,,38,0.0,36.84,62.0,10.53,59.0,9.0,0.81,0.27,4.0,99.0,2.43,0.8,12.0,96.0,1.42,0.47,7.0,99.0,3.84,1.27,0.0,9.5,19.0,22.0,0.81,0.27,99.0,0.0,0.0,,4.0,,,,,8.0,0.05,0.02,0.26,94.0,0.55,0.18,2.7,2026,1,1,0.4,2,0.42,0.39,0.4,2025-09-20 19:05:00,Domestic League,0,0,111,223,37,216,229,445,0,0,-1,4,31,-1,0,2025/2026,2025,0
France_Ligue_1_2025-2026,Robin Risser,Lens,Goalkeeper,21,0,0,France,8,7,15,0,0,0,0.0,2004-12-02,1,0.07,1,3,4,27,8,4,12,0.8,eu,,33.0,0.0,0.0,,11.0,0.2,0.2,0.0,3.0,910000.0,29.0,50.0,0.0,7.01,86.0,31.0,0.0,0.0,,1.0,7.0,33.0,26.0,55.0,13.0,0.4,0.4,6.0,83.0,0.0,33.0,17.0,0.0,0.0,,15.0,1350.0,99.0,0.0,0.0,,99.0,0.0,0.0,,9.0,0.0,0.0,11.0,0.0,0.0,0.0,11.0,,,1.0,0.33,0.33,5.0,2.0,0.33,0.33,100.0,5.0,7.0,0.0,0.0,,7.0,0.2,0.2,3.0,15.0,96.0,,25.0,,18.0,28.0,68.0,57.0,43.0,,76.0,0.0,0.0,,7.0,0.0,0.0,,9.0,0.07,0.07,1.0,0.0,91.0,99.0,83.0,43.0,96.0,10.0,0.0,0.0,0.0,73.71,13.0,20.0,20.0,20.0,300.0,22.0,27.13,27.13,407.0,99.0,0.0,0.0,,,0.0,,,2.0,,,5.0,0.13,0.13,2.0,105.09,76.36,95.0,67.0,2.8,2.8,42.0,40,0.0,0.0,21.0,0.0,46.0,94.0,3.67,3.67,55.0,10.0,0.0,0.0,,21.0,0.0,0.0,,8.0,0.0,0.0,0.0,0.0,,5.0,0.0,0.0,99.0,0.0,0.0,,,,,,,8.0,0.05,0.05,0.78,9.0,0.0,0.0,0.0,2026,0,0,0.0,0,0.0,0.0,0.0,2025-12-06 16:00:00,Domestic League,0,1350,113,0,90,720,630,1350,0,0,-1,17,224,20,0,2025/2026,2025,1
France_Ligue_1_2025-2026,Régis Gurtner,Lens,Goalkeeper,39,183,80,France,0,0,0,0,0,0,0.0,1970-01-07,0,0.0,0,0,0,0,0,0,0,0.0,eu,,,,,,,,,,,,,,,,,,,,,,,,,,,,,,,,,,,,,,,,,,,,,,,,,,,,,,,,,,,,,,,,,,,,,,,,,,,,,,,,,,,,,,,,,,,,,,,,,,,,,,,,,,,,,,,,,,,,,,,,,,,,,,,,,,,,,,,,,,,,,,,,,,,,,,,,,,,,,,,,,,,,,,,,,,,,,,,,,,,,,,,2026,0,0,0.0,0,0.0,0.0,0.0,1970-01-01 00:00:00,Domestic League,0,0,0,0,0,0,0,0,0,0,-1,-1,-1,-1,0,2025/2026,2025,0
France_Ligue_1_2025-2026,Andrija Bulatović,Lens,Midfielder,18,0,0,Montenegro,4,1,5,0,1,1,0.6,2006-12-27,0,0.0,0,1,1,20,1,0,1,0.6,eu,,98.0,47.09,6.08,79.0,37.0,0.6,0.08,0.0,1.0,450000.0,9.0,99.0,0.2,1.58,,85.0,0.6,0.08,1.0,,,26.0,23.0,38.0,47.0,1.19,0.15,2.0,97.0,877.78,59.0,96.0,5.36,0.69,9.0,13.0,151.0,52.0,0.6,0.08,1.0,,2.38,0.31,4.0,80.0,2.38,0.31,58.0,0.6,0.08,25.0,16.0,1.0,4.0,99.0,20.86,2.69,35.0,99.0,11.32,1.46,54.0,19.0,99.0,3.58,0.46,6.0,99.0,3.58,0.46,6.0,1.0,,4.0,81.0,,18.0,91.0,68.0,57.0,43.0,,76.0,0.0,0.0,,82.0,1.19,0.15,2.0,74.0,1.19,0.15,2.0,0.0,1.0,23.0,97.0,43.0,,26.0,0.03,0.0,0.05,83.12,46.0,62.0,38.15,4.92,64.0,66.0,45.89,5.92,77.0,,0.6,0.08,1.0,,0.0,,,,,,,0.0,0.0,,20.55,0.0,,,0.0,0.0,,5,0.0,0.0,21.0,0.0,46.0,37.0,1.19,0.15,2.0,51.0,0.6,0.08,1.0,21.0,0.0,0.0,,37.0,0.6,0.08,0.0,0.0,1.0,99.0,6.56,0.85,99.0,0.0,0.0,,11.0,,,,,99.0,0.45,0.06,0.76,25.0,0.03,0.0,0.05,2026,0,0,0.6,0,0.0,0.0,0.0,2025-12-06 16:00:00,Domestic League,151,0,151,0,30,120,31,151,0,0,-1,21,-1,-1,0,2025/2026,2025,0
France_Ligue_1_2025-2026,Florian Sotoca,Lens,Forward,35,187,81,France,4,6,10,0,0,0,0.0,1970-01-08,1,1.41,0,3,3,30,1,0,1,1.41,eu,,33.0,0.0,0.0,,92.0,2.69,0.13,0.0,2.0,2270000.0,65.0,50.0,0.0,2.62,,31.0,0.0,0.0,,1.0,10.0,44.0,99.0,62.0,52.0,1.34,0.07,1.0,36.0,0.0,33.0,78.0,2.69,0.13,2.0,15.0,67.0,,2.69,0.13,2.0,,4.03,0.2,3.0,61.0,1.34,0.07,91.0,1.34,0.07,100.0,99.0,1.0,1.0,99.0,24.18,1.2,18.0,94.0,6.72,0.33,27.0,5.0,99.0,2.69,0.13,2.0,98.0,2.69,0.13,2.0,,,10.0,99.0,,18.0,28.0,68.0,57.0,43.0,,99.0,1.34,0.07,1.0,99.0,2.69,0.13,2.0,99.0,2.69,0.13,2.0,0.0,23.0,23.0,37.0,43.0,,43.0,0.07,0.0,0.05,72.22,8.0,57.0,34.93,1.73,26.0,70.0,48.36,2.4,36.0,99.0,0.0,0.0,,,0.0,,,,,,,0.0,0.0,,39.29,0.0,,,0.0,0.0,,7,0.0,0.0,21.0,0.0,46.0,48.0,1.34,0.07,1.0,84.0,1.34,0.07,1.0,21.0,0.0,0.0,,65.0,1.34,0.07,0.0,0.0,1.0,5.0,0.0,0.0,99.0,0.0,0.0,,,,,,,72.0,0.19,0.01,0.14,41.0,0.07,0.0,0.05,2026,0,0,0.0,0,0.0,0.0,0.0,1970-01-01 00:00:00,Domestic League,0,64,64,0,6,43,21,64,0,0,-1,16,-1,-1,0,2025/2026,2025,1
France_Ligue_1_2025-2026,Florian Thauvin,Lens,Midfielder,32,179,70,France,8,7,15,2,0,2,0.15,1970-01-09,3,0.23,1,3,4,27,8,3,11,0.84,eu,,90.0,31.5,27.47,412.0,8.0,0.15,0.13,0.0,2.0,4090000.0,86.0,76.0,0.13,7.24,98.0,31.0,0.0,0.0,,3.0,20.0,77.0,65.0,55.0,10.0,0.31,0.27,4.0,80.0,443.01,41.0,99.0,7.11,6.2,93.0,15.0,1177.0,2.0,2.22,1.93,29.0,38.0,0.69,0.6,9.0,97.0,4.51,3.93,96.0,1.99,1.73,44.0,50.0,26.0,59.0,79.0,11.16,9.73,146.0,61.0,4.59,4.0,41.0,60.0,16.0,0.54,0.47,7.0,70.0,1.38,1.2,18.0,14.0,89.0,1.0,48.0,3.0,74.0,88.0,89.0,81.0,90.0,,76.0,0.0,0.0,,21.0,0.31,0.27,4.0,99.0,2.6,2.27,34.0,0.0,91.0,59.0,79.0,53.0,79.0,85.0,0.32,0.28,4.22,78.03,26.0,48.0,32.04,27.93,419.0,56.0,41.06,35.8,537.0,99.0,0.0,0.0,,1.0,0.0,1.0,,,2.0,,,0.0,0.0,,108.61,0.0,,,0.0,0.0,,10,0.0,43.75,75.0,15.62,75.0,12.0,0.84,0.73,11.0,86.0,1.38,1.2,18.0,90.0,1.07,0.93,14.0,89.0,2.45,2.13,0.0,6.4,32.0,32.0,1.07,0.93,99.0,0.0,0.0,,14.0,,,7.0,1.0,86.0,0.26,0.23,3.42,91.0,0.43,0.37,5.62,2026,3,2,0.54,5,0.4,0.36,0.38,2025-12-06 16:00:00,Domestic League,589,392,107,235,78,683,494,1177,1,0,100,3,37,-1,0,2025/2026,2025,3
France_Ligue_1_2025-2026,Hamzat Basit Ojediran,Lens,Midfielder,22,0,0,Nigeria,0,0,0,0,0,0,0.0,2003-11-14,0,0.0,0,0,0,0,0,0,0,0.0,eu,,,,,,,,,,,,,,,,,,,,,,,,,,,,,,,,,,,,,,,,,,,,,,,,,,,,,,,,,,,,,,,,,,,,,,,,,,,,,,,,,,,,,,,,,,,,,,,,,,,,,,,,,,,,,,,,,,,,,,,,,,,,,,,,,,,,,,,,,,,,,,,,,,,,,,,,,,,,,,,,,,,,,,,,,,,,,,,,,,,,,,,2026,0,0,0.0,0,0.0,0.0,0.0,1970-01-01 00:00:00,Domestic League,0,0,0,0,0,0,0,0,0,0,-1,-1,-1,-1,0,2025/2026,2025,0
France_Ligue_1_2025-2026,Saud Abdullah Abdul Hamid,Lens,Defender,26,0,0,Saudi Arabia,4,6,10,0,1,1,0.43,1970-01-11,0,0.0,1,2,3,30,1,0,1,0.43,eu,,73.0,21.63,3.57,50.0,50.0,0.87,0.14,0.0,2.0,1820000.0,56.0,98.0,0.1,4.69,7.0,77.0,0.43,0.07,1.0,,,26.0,23.0,62.0,62.0,1.73,0.29,4.0,99.0,500.0,45.0,89.0,4.33,0.71,10.0,14.0,208.0,64.0,0.43,0.07,1.0,1.0,1.73,0.29,4.0,77.0,2.16,0.36,44.0,0.43,0.07,20.0,13.0,1.0,5.0,87.0,12.55,2.07,29.0,93.0,6.49,1.07,51.0,15.0,64.0,1.3,0.21,3.0,43.0,0.87,0.14,2.0,1.0,,9.0,99.0,,18.0,82.0,68.0,57.0,43.0,,76.0,0.0,0.0,,30.0,0.43,0.07,1.0,57.0,0.87,0.14,2.0,0.0,23.0,23.0,99.0,43.0,,21.0,0.02,0.0,0.05,87.83,71.0,74.0,43.7,7.21,101.0,73.0,49.76,8.21,115.0,,0.43,0.07,1.0,,0.0,,,,,,,0.0,0.0,,65.67,0.0,,,0.0,0.0,,23,0.0,0.0,21.0,0.0,46.0,16.0,0.87,0.14,2.0,37.0,0.43,0.07,1.0,21.0,0.0,0.0,,27.0,0.43,0.07,0.0,0.0,1.0,99.0,4.33,0.71,99.0,0.0,0.0,,10.0,,,,,97.0,0.37,0.06,0.85,20.0,0.02,0.0,0.05,2026,0,0,0.43,0,0.0,0.0,0.0,2025-10-29 18:00:00,Domestic League,208,0,208,0,21,138,70,208,0,0,-1,15,-1,-1,0,2025/2026,2025,0
France_Ligue_1_2025-2026,Fodé Sylla,Lens,Midfielder,19,0,0,France,1,1,2,0,0,0,0.0,2006-04-16,0,0.0,0,1,1,50,1,0,1,1.43,eu,,33.0,0.0,0.0,,94.0,2.86,0.4,0.0,2.0,560000.0,13.0,50.0,0.0,1.4,,31.0,0.0,0.0,,,,26.0,23.0,94.0,78.0,2.86,0.4,2.0,34.0,0.0,33.0,17.0,0.0,0.0,,5.0,63.0,99.0,0.0,0.0,,5.0,1.43,0.2,1.0,64.0,1.43,0.2,11.0,0.0,0.0,0.0,11.0,,1.0,99.0,17.14,2.4,12.0,99.0,11.43,1.6,66.0,8.0,99.0,2.86,0.4,2.0,2.0,0.0,0.0,,1.0,,1.0,48.0,2.0,60.0,28.0,68.0,57.0,43.0,,76.0,0.0,0.0,,90.0,1.43,0.2,1.0,7.0,0.0,0.0,,0.0,,23.0,34.0,43.0,,10.0,0.0,0.0,0.0,80.49,35.0,78.0,47.14,6.6,33.0,84.0,58.57,8.2,41.0,99.0,0.0,0.0,,,0.0,,,,,,,0.0,0.0,,6.98,0.0,,,0.0,0.0,,33,0.0,0.0,21.0,0.0,46.0,55.0,1.43,0.2,1.0,10.0,0.0,0.0,,21.0,0.0,0.0,,8.0,0.0,0.0,0.0,0.0,,99.0,8.57,1.2,99.0,0.0,0.0,,6.0,,,,,24.0,0.09,0.01,0.06,9.0,0.0,0.0,0.0,2026,0,0,0.0,0,0.0,0.0,0.0,2025-08-24 15:15:00,Domestic League,0,0,63,0,32,59,4,63,0,0,-1,11,-1,-1,0,2025/2026,2025,0
France_Ligue_1_2025-2026,Anthony Bermont,Lens,Forward,20,0,54,France,2,2,4,0,0,0,0.0,2005-02-10,0,0.0,0,0,0,0,0,0,0,0.0,eu,,34.0,2.05,0.1,1.0,99.0,4.09,0.2,0.0,2.0,314000.0,5.0,50.0,0.0,2.67,,31.0,0.0,0.0,,,,26.0,23.0,2.0,2.0,0.0,0.0,,99.0,33.33,34.0,97.0,6.14,0.3,3.0,10.0,44.0,6.0,2.05,0.1,1.0,99.0,0.0,0.0,,95.0,4.09,0.2,99.0,4.09,0.2,100.0,99.0,2.0,2.0,95.0,14.32,0.7,7.0,98.0,8.18,0.4,57.0,4.0,92.0,2.05,0.1,1.0,2.0,0.0,0.0,,,,4.0,81.0,,18.0,28.0,68.0,57.0,43.0,,76.0,0.0,0.0,,99.0,4.09,0.2,2.0,7.0,0.0,0.0,,0.0,,23.0,,43.0,,45.0,0.08,0.0,0.04,75.61,18.0,91.0,63.41,3.1,31.0,97.0,83.86,4.1,41.0,99.0,0.0,0.0,,,0.0,,,,,,,0.0,0.0,,26.68,0.0,,,0.0,0.0,,35,0.0,0.0,21.0,0.0,46.0,,0.0,0.0,,97.0,2.05,0.1,1.0,21.0,0.0,0.0,,81.0,2.05,0.1,0.0,0.0,1.0,76.0,2.05,0.1,99.0,0.0,0.0,,1.0,,,,,41.0,0.12,0.01,0.06,43.0,0.08,0.0,0.04,2026,0,0,0.0,0,0.0,0.0,0.0,1970-01-01 00:00:00,Domestic League,0,0,0,0,11,16,28,44,0,0,-1,13,-1,-1,0,2025/2026,2025,0
France_Ligue_1_2025-2026,Pierre Ismaelo Ganiou,Lens,Midfielder,0,0,0,France,3,1,4,0,0,0,0.0,1970-01-01,2,0.52,0,1,1,25,3,0,3,0.79,eu,,33.0,0.0,0.0,,92.0,2.62,0.91,0.0,10.0,450000.0,9.0,50.0,0.0,2.49,,95.0,1.05,0.36,4.0,1.0,25.0,86.0,95.0,49.0,82.0,3.41,1.18,13.0,85.0,0.0,33.0,29.0,0.26,0.09,1.0,11.0,343.0,74.0,0.26,0.09,1.0,99.0,0.0,0.0,,28.0,0.52,0.18,11.0,0.0,0.0,0.0,11.0,,2.0,63.0,9.71,3.36,37.0,80.0,5.51,1.91,56.0,21.0,93.0,2.1,0.73,8.0,37.0,0.79,0.27,3.0,4.0,7.0,,25.0,,18.0,65.0,68.0,97.0,80.0,,76.0,0.0,0.0,,85.0,1.31,0.45,5.0,23.0,0.26,0.09,1.0,0.0,,28.0,84.0,62.0,,72.0,0.22,0.08,0.84,88.21,74.0,84.0,53.0,18.36,202.0,86.0,60.09,20.82,229.0,,0.26,0.09,1.0,,0.0,,,,,,,0.0,0.0,,27.39,0.0,,,0.0,0.0,,25,0.0,25.0,41.0,25.0,91.0,7.0,0.79,0.27,3.0,63.0,0.79,0.27,3.0,51.0,0.26,0.09,1.0,56.0,1.05,0.36,0.0,4.0,4.0,77.0,2.1,0.73,99.0,0.0,0.0,,8.0,,,,,37.0,0.11,0.04,0.42,70.0,0.22,0.08,0.84,2026,0,1,0.26,1,0.0,1.0,0.26,2025-12-06 16:00:00,Domestic League,0,172,114,343,86,253,90,343,0,0,-1,10,62,-1,1,2025/2026,2025,2
France_Ligue_1_2025-2026,Tanner Tessmann,Olympique Lyonnais,Midfielder,24,192,86,USA,7,7,14,0,0,0,0.0,2001-09-24,0,0.0,4,4,8,56,3,4,7,0.61,eu,,54.0,12.98,10.71,150.0,47.0,0.78,0.64,0.0,9.0,2180000.0,60.0,50.0,0.0,6.94,82.0,91.0,0.69,0.57,8.0,,,26.0,23.0,99.0,78.0,2.86,2.36,33.0,97.0,2142.86,86.0,45.0,0.61,0.5,7.0,14.0,1040.0,47.0,0.69,0.57,8.0,28.0,0.78,0.64,9.0,45.0,0.95,0.79,36.0,0.35,0.29,36.0,35.0,4.0,11.0,32.0,7.1,5.86,82.0,28.0,3.55,2.93,50.0,41.0,26.0,0.78,0.64,9.0,47.0,0.95,0.79,11.0,12.0,70.0,2.0,63.0,3.0,74.0,39.0,68.0,62.0,55.0,,82.0,0.09,0.07,1.0,61.0,0.87,0.71,10.0,51.0,0.78,0.64,9.0,0.0,76.0,23.0,97.0,90.0,65.0,62.0,0.15,0.12,1.7,87.46,70.0,77.0,45.87,37.86,530.0,77.0,52.44,43.29,606.0,99.0,0.0,0.0,,,0.0,,,,,,,0.0,0.0,,97.17,0.0,,,0.0,0.0,,6,0.0,31.25,50.0,6.25,49.0,16.0,0.87,0.71,10.0,70.0,0.95,0.79,11.0,65.0,0.43,0.36,5.0,66.0,1.38,1.14,0.0,16.0,16.0,49.0,1.47,1.21,99.0,0.0,0.0,,17.0,,,,,41.0,0.12,0.1,1.44,61.0,0.15,0.12,1.7,2026,0,1,0.09,1,0.0,0.14,0.09,2025-11-30 19:45:00,Domestic League,0,0,149,1040,74,410,630,1040,0,0,-1,6,148,-1,0,2025/2026,2025,0
France_Ligue_1_2025-2026,Corentin Tolisso,Olympique Lyonnais,Midfielder,31,181,81,France,8,8,16,0,0,0,0.0,1970-01-09,3,0.21,4,5,9,56,6,2,8,0.55,eu,,51.0,11.66,10.53,158.0,85.0,2.07,1.87,0.0,28.0,5450000.0,92.0,50.0,0.0,7.05,88.0,58.0,0.22,0.2,3.0,3.0,20.0,77.0,62.0,95.0,55.0,1.48,1.33,20.0,97.0,929.41,61.0,61.0,1.25,1.13,17.0,15.0,1220.0,26.0,1.18,1.07,16.0,17.0,0.96,0.87,13.0,30.0,0.59,0.53,26.0,0.22,0.2,37.0,39.0,3.0,8.0,76.0,10.7,9.67,145.0,70.0,5.09,4.6,47.0,69.0,82.0,1.62,1.47,22.0,87.0,1.92,1.73,26.0,14.0,89.0,1.0,48.0,1.0,44.0,60.0,82.0,67.0,74.0,,76.0,0.0,0.0,,62.0,0.89,0.8,12.0,64.0,1.03,0.93,14.0,0.0,91.0,63.0,97.0,69.0,83.0,80.0,0.27,0.25,3.71,85.44,57.0,72.0,42.42,38.33,575.0,73.0,49.65,44.87,673.0,99.0,0.0,0.0,,1.0,0.0,,1.0,,1.0,,,0.0,0.0,,105.72,0.0,,,0.0,0.0,,8,0.0,51.85,87.0,11.11,61.0,17.0,0.89,0.8,12.0,70.0,0.96,0.87,13.0,89.0,1.03,0.93,14.0,80.0,1.99,1.8,0.0,9.0,27.0,41.0,1.25,1.13,99.0,0.0,0.0,,17.0,,,,,41.0,0.12,0.11,1.64,83.0,0.33,0.29,4.41,2026,2,1,0.21,3,0.26,0.15,0.21,2025-12-14 14:00:00,Domestic League,0,437,164,437,82,692,618,1310,0,0,-1,2,90,-1,0,2025/2026,2025,3
France_Ligue_1_2025-2026,Malick Martin Fofana,Olympique Lyonnais,Forward,20,169,61,Belgium,4,5,9,1,0,1,0.12,2005-03-31,1,0.12,2,3,5,56,4,2,6,0.74,eu,,87.0,28.77,25.89,233.0,2.0,0.0,0.0,0.0,,1000000.0,29.0,67.0,0.11,6.94,82.0,31.0,0.0,0.0,,1.0,11.0,46.0,34.0,99.0,8.0,0.25,0.22,2.0,88.0,970.83,64.0,80.0,2.96,2.67,24.0,9.0,729.0,60.0,0.49,0.44,4.0,78.0,0.25,0.22,2.0,79.0,2.35,2.11,78.0,0.99,0.89,42.0,45.0,8.0,19.0,46.0,8.15,7.33,66.0,45.0,4.07,3.67,50.0,33.0,67.0,1.36,1.22,11.0,95.0,2.47,2.22,20.0,9.0,46.0,,25.0,4.0,87.0,74.0,68.0,90.0,80.0,,76.0,0.0,0.0,,24.0,0.37,0.33,3.0,69.0,1.11,1.0,9.0,0.0,15.0,89.0,88.0,63.0,36.0,88.0,0.35,0.32,2.84,80.39,34.0,21.0,20.25,18.22,164.0,20.0,25.19,22.67,204.0,99.0,0.0,0.0,,,0.0,,,,,,,0.0,0.0,,62.45,0.0,,,0.0,0.0,,11,0.0,50.0,87.0,11.11,61.0,13.0,0.86,0.78,7.0,76.0,1.11,1.0,9.0,91.0,1.11,1.0,9.0,83.0,2.22,2.0,0.0,9.0,18.0,35.0,1.11,1.0,99.0,0.0,0.0,,9.0,,,,,60.0,0.16,0.14,1.29,86.0,0.35,0.32,2.84,2026,0,2,0.37,2,0.0,0.47,0.25,2025-10-26 19:45:00,Domestic League,729,729,122,365,81,342,387,729,0,0,-1,3,69,-1,0,2025/2026,2025,1
France_Ligue_1_2025-2026,Abner Vinicius Da Silva Santos,Olympique Lyonnais,Defender,26,181,0,Brazil,6,4,10,0,0,0,0.0,1970-01-11,4,0.44,2,4,6,60,5,0,5,0.55,eu,,45.0,8.7,7.0,70.0,30.0,0.5,0.4,0.0,4.0,1460000.0,46.0,50.0,0.0,6.0,27.0,41.0,0.12,0.1,1.0,2.0,22.0,81.0,94.0,99.0,59.0,1.62,1.3,13.0,95.0,318.18,36.0,78.0,2.73,2.2,22.0,10.0,724.0,36.0,0.87,0.7,7.0,68.0,0.37,0.3,3.0,42.0,0.87,0.7,39.0,0.37,0.3,42.0,48.0,3.0,7.0,13.0,5.47,4.4,44.0,10.0,2.11,1.7,38.0,17.0,57.0,1.24,1.0,10.0,8.0,0.25,0.2,2.0,9.0,46.0,,25.0,2.0,60.0,44.0,68.0,83.0,59.0,,76.0,0.0,0.0,,36.0,0.5,0.4,4.0,48.0,0.75,0.6,6.0,0.0,15.0,29.0,95.0,84.0,36.0,61.0,0.14,0.12,1.16,86.18,63.0,50.0,32.57,26.2,262.0,48.0,37.79,30.4,304.0,99.0,0.0,0.0,,,0.0,,,,,,,0.0,0.0,,59.95,0.0,,,0.0,0.0,,16,0.0,25.0,41.0,12.5,67.0,16.0,0.87,0.7,7.0,60.0,0.75,0.6,6.0,50.0,0.25,0.2,2.0,53.0,0.99,0.8,0.0,8.0,8.0,36.0,1.12,0.9,99.0,0.0,0.0,,9.0,,,,,32.0,0.1,0.08,0.78,59.0,0.14,0.12,1.16,2026,0,1,0.11,1,0.0,0.28,0.11,2025-12-14 14:00:00,Domestic League,0,204,163,814,81,489,325,814,0,0,-1,12,132,2,1,2025/2026,2025,3
France_Ligue_1_2025-2026,Moussa Niakhaté,Olympique Lyonnais,Defender,29,190,80,Senegal,8,8,16,0,2,2,0.13,1970-01-10,3,0.2,4,5,9,56,5,4,9,0.59,eu,,40.0,7.07,6.67,100.0,94.0,2.83,2.67,0.0,40.0,3640000.0,82.0,73.0,0.13,7.02,86.0,92.0,0.71,0.67,10.0,2.0,13.0,54.0,41.0,95.0,93.0,5.23,4.93,74.0,94.0,9999.99,99.0,20.0,0.07,0.07,1.0,15.0,1273.0,87.0,0.07,0.07,1.0,64.0,0.42,0.4,6.0,19.0,0.28,0.27,25.0,0.21,0.2,75.0,90.0,3.0,4.0,52.0,8.41,7.93,119.0,75.0,5.3,5.0,63.0,75.0,62.0,1.27,1.2,18.0,45.0,0.92,0.87,13.0,14.0,89.0,1.0,48.0,,18.0,48.0,68.0,57.0,43.0,,76.0,0.0,0.0,,51.0,0.71,0.67,10.0,35.0,0.49,0.47,7.0,0.0,91.0,84.0,94.0,43.0,90.0,16.0,0.01,0.01,0.11,89.97,83.0,92.0,63.42,59.8,897.0,92.0,70.49,66.47,997.0,17.0,0.07,0.07,1.0,,0.0,,,,,,,0.0,0.0,,105.32,0.0,,,0.0,0.0,,19,0.0,0.0,21.0,0.0,46.0,20.0,0.92,0.87,13.0,16.0,0.14,0.13,2.0,21.0,0.0,0.0,,12.0,0.14,0.13,0.0,0.0,2.0,45.0,1.34,1.27,99.0,0.0,0.0,,19.0,,,,,83.0,0.24,0.23,3.44,16.0,0.01,0.01,0.11,2026,0,0,0.13,0,0.0,0.0,0.0,2025-12-14 14:00:00,Domestic League,682,454,151,0,85,643,720,1363,0,0,-1,16,234,5,0,2025/2026,2025,3
France_Ligue_1_2025-2026,Sael Kumbedi Nseke,Olympique Lyonnais,Defender,20,175,0,France,1,0,1,0,0,0,0.0,2005-03-26,1,1.36,1,0,1,100,0,0,0,0.0,eu,,33.0,0.0,0.0,,70.0,1.36,0.5,0.0,1.0,,1.0,50.0,0.0,3.3,1.0,31.0,0.0,0.0,,1.0,100.0,99.0,99.0,99.0,76.0,2.73,1.0,2.0,99.0,0.0,33.0,62.0,1.36,0.5,1.0,2.0,66.0,20.0,1.36,0.5,1.0,7.0,1.36,0.5,1.0,62.0,1.36,0.5,11.0,0.0,0.0,0.0,11.0,,1.0,97.0,15.0,5.5,11.0,79.0,5.45,2.0,36.0,4.0,99.0,5.45,2.0,4.0,98.0,2.73,1.0,2.0,1.0,,,25.0,3.0,74.0,28.0,68.0,57.0,43.0,,76.0,0.0,0.0,,89.0,1.36,0.5,1.0,7.0,0.0,0.0,,0.0,,23.0,,43.0,,45.0,0.08,0.03,0.06,53.85,,2.0,9.55,3.5,7.0,8.0,17.73,6.5,13.0,99.0,0.0,0.0,,,0.0,,,,,,,0.0,0.0,,6.6,0.0,,,0.0,0.0,,20,0.0,0.0,21.0,0.0,46.0,,0.0,0.0,,85.0,1.36,0.5,1.0,21.0,0.0,0.0,,65.0,1.36,0.5,0.0,0.0,1.0,46.0,1.36,0.5,99.0,0.0,0.0,,1.0,,,,,,0.03,0.01,0.02,43.0,0.08,0.03,0.06,2026,0,0,0.0,0,0.0,0.0,0.0,2025-08-16 15:00:00,Domestic League,0,66,0,0,66,66,0,66,0,0,-1,15,-1,-1,0,2025/2026,2025,1
France_Ligue_1_2025-2026,Clinton Mukoni Mata Pedro Lourenço,Olympique Lyonnais,Midfielder,33,180,72,Angola,8,7,15,0,0,0,0.0,1970-01-09,3,0.21,4,4,8,53,8,4,12,0.83,eu,,41.0,7.4,7.14,100.0,54.0,0.96,0.93,0.0,13.0,1100000.0,33.0,50.0,0.0,6.86,73.0,98.0,1.18,1.14,16.0,3.0,21.0,79.0,62.0,94.0,85.0,3.7,3.57,50.0,76.0,2000.0,85.0,35.0,0.37,0.36,5.0,14.0,1216.0,80.0,0.15,0.14,2.0,61.0,0.44,0.43,6.0,22.0,0.37,0.36,19.0,0.15,0.14,40.0,43.0,2.0,5.0,19.0,6.14,5.93,83.0,23.0,3.4,3.29,55.0,46.0,40.0,1.04,1.0,14.0,61.0,1.18,1.14,16.0,14.0,89.0,,25.0,1.0,44.0,28.0,68.0,57.0,43.0,,76.0,0.0,0.0,,53.0,0.74,0.71,10.0,9.0,0.07,0.07,1.0,0.0,76.0,62.0,76.0,43.0,83.0,16.0,0.01,0.01,0.17,90.46,85.0,89.0,56.18,54.21,759.0,89.0,62.1,59.93,839.0,99.0,0.0,0.0,,,0.0,,,,,,,0.0,0.0,,96.01,0.0,,,0.0,0.0,,22,0.0,0.0,21.0,0.0,46.0,36.0,1.18,1.14,16.0,21.0,0.22,0.21,3.0,21.0,0.0,0.0,,16.0,0.22,0.21,0.0,0.0,3.0,42.0,1.26,1.21,99.0,0.0,0.0,,17.0,,,,,47.0,0.13,0.12,1.71,16.0,0.01,0.01,0.17,2026,0,0,0.0,0,0.0,0.0,0.0,2025-12-14 14:00:00,Domestic League,0,435,109,0,87,680,626,1306,0,0,-1,14,240,-1,0,2025/2026,2025,3
France_Ligue_1_2025-2026,Tyler Morton,Olympique Lyonnais,Midfielder,23,0,0,England,7,7,14,0,1,1,0.07,2002-10-31,5,0.37,3,4,7,50,7,4,11,0.81,eu,,80.0,26.2,25.46,331.0,22.0,0.4,0.38,0.0,5.0,1270000.0,41.0,58.0,0.08,7.14,94.0,82.0,0.55,0.54,7.0,2.0,15.0,65.0,79.0,90.0,47.0,1.19,1.15,15.0,76.0,551.67,48.0,92.0,4.75,4.62,60.0,13.0,1137.0,57.0,0.55,0.54,7.0,86.0,0.16,0.15,2.0,37.0,0.79,0.77,53.0,0.55,0.54,70.0,87.0,7.0,10.0,21.0,6.33,6.15,80.0,19.0,3.25,3.15,51.0,41.0,74.0,1.5,1.46,19.0,30.0,0.63,0.62,8.0,13.0,79.0,,25.0,1.0,44.0,50.0,71.0,57.0,52.0,,79.0,0.08,0.08,1.0,55.0,0.79,0.77,10.0,77.0,1.27,1.23,16.0,0.0,57.0,45.0,76.0,93.0,74.0,54.0,0.11,0.11,1.43,86.2,63.0,71.0,42.03,40.85,531.0,71.0,48.76,47.38,616.0,99.0,0.0,0.0,,,0.0,,,,,,,0.0,0.0,,92.79,0.0,,,0.0,0.0,,23,0.0,23.08,35.0,7.69,52.0,27.0,1.03,1.0,13.0,63.0,0.79,0.77,10.0,48.0,0.24,0.23,3.0,55.0,1.03,1.0,0.0,13.0,13.0,59.0,1.66,1.62,99.0,0.0,0.0,,21.0,,,,,72.0,0.19,0.18,2.35,52.0,0.11,0.11,1.43,2026,1,0,0.15,1,0.15,0.0,0.07,2025-12-14 14:00:00,Domestic League,1227,245,112,1227,88,602,625,1227,0,0,-1,11,172,-1,1,2025/2026,2025,4
France_Ligue_1_2025-2026,Rémy Descamps,Olympique Lyonnais,Goalkeeper,29,196,74,France,2,2,4,0,0,0,0.0,1970-01-10,0,0.0,1,2,3,75,1,0,1,0.25,eu,,33.0,0.0,0.0,,2.0,0.0,0.0,0.0,,270000.0,4.0,50.0,0.0,2.87,,31.0,0.0,0.0,,,,26.0,23.0,99.0,29.0,0.75,0.3,3.0,99.0,0.0,33.0,17.0,0.0,0.0,,10.0,360.0,99.0,0.0,0.0,,78.0,0.25,0.1,1.0,9.0,0.0,0.0,11.0,0.0,0.0,0.0,11.0,,,,0.25,0.1,1.0,,0.0,0.0,0.0,,7.0,0.0,0.0,,2.0,0.0,0.0,,4.0,7.0,,25.0,,18.0,64.0,93.0,57.0,80.0,,76.0,0.0,0.0,,7.0,0.0,0.0,,7.0,0.0,0.0,,0.0,,23.0,99.0,63.0,,10.0,0.0,0.0,0.0,70.91,6.0,20.0,19.5,7.8,78.0,23.0,27.5,11.0,110.0,99.0,0.0,0.0,,,0.0,,,,,,86.0,0.5,0.2,2.0,28.72,76.92,95.0,38.0,2.5,1.0,10.0,40,0.0,0.0,21.0,0.0,46.0,93.0,3.25,1.3,13.0,10.0,0.0,0.0,,21.0,0.0,0.0,,8.0,0.0,0.0,0.0,0.0,,5.0,0.0,0.0,99.0,0.0,0.0,,,,,,,4.0,0.04,0.02,0.17,9.0,0.0,0.0,0.0,2026,1,0,0.25,1,0.5,0.0,0.25,2025-09-14 18:45:00,Domestic League,0,0,360,360,90,180,180,360,0,0,-1,10,70,1,0,2025/2026,2025,0
France_Ligue_1_2025-2026,Georges Mikautadze,Olympique Lyonnais,Forward,25,176,71,Georgia,1,1,2,0,0,0,0.0,1970-01-12,0,0.0,1,1,2,100,0,0,0,0.0,eu,,33.0,0.0,0.0,,2.0,0.0,0.0,0.0,,,1.0,50.0,0.0,7.51,99.0,31.0,0.0,0.0,,,,26.0,23.0,99.0,2.0,0.0,0.0,,99.0,0.0,33.0,17.0,0.0,0.0,,2.0,180.0,15.0,1.5,1.5,3.0,58.0,0.5,0.5,1.0,93.0,3.5,3.5,98.0,2.5,2.5,71.0,89.0,5.0,7.0,31.0,7.0,7.0,14.0,15.0,3.0,3.0,42.0,6.0,7.0,0.0,0.0,,22.0,0.5,0.5,1.0,2.0,,,25.0,2.0,60.0,87.0,99.0,57.0,94.0,,76.0,0.0,0.0,,36.0,0.5,0.5,1.0,7.0,0.0,0.0,,0.0,,23.0,,49.0,,99.0,0.65,0.65,1.3,84.38,51.0,9.0,13.5,13.5,27.0,5.0,16.0,16.0,32.0,99.0,0.0,0.0,,,0.0,,,,,,,0.0,0.0,,15.02,0.0,,,0.0,0.0,,69,0.0,44.44,75.0,11.11,61.0,,0.0,0.0,,99.0,2.5,2.5,5.0,99.0,2.0,2.0,4.0,99.0,4.5,4.5,0.0,9.0,9.0,5.0,0.0,0.0,99.0,0.0,0.0,,,,,,,,0.03,0.03,0.06,98.0,0.65,0.65,1.3,2026,1,0,0.5,1,1.0,0.0,0.5,2025-08-23 19:05:00,Domestic League,0,0,0,180,90,90,90,180,0,0,-1,7,-1,-1,0,2025/2026,2025,0
France_Ligue_1_2025-2026,Ainsley Cory Maitland-Niles,Olympique Lyonnais,Midfielder,28,177,71,England,8,7,15,1,1,2,0.15,1970-01-11,3,0.22,4,4,8,53,8,4,12,0.89,eu,,52.0,11.93,10.73,161.0,33.0,0.52,0.47,0.0,7.0,2200000.0,61.0,76.0,0.13,6.75,63.0,46.0,0.15,0.13,2.0,2.0,13.0,54.0,62.0,95.0,69.0,2.3,2.07,31.0,76.0,555.17,48.0,72.0,2.15,1.93,29.0,15.0,1215.0,40.0,0.81,0.73,11.0,41.0,0.67,0.6,9.0,50.0,1.11,1.0,58.0,0.59,0.53,53.0,68.0,8.0,15.0,46.0,8.15,7.33,110.0,40.0,3.93,3.53,48.0,53.0,77.0,1.56,1.4,21.0,27.0,0.59,0.53,8.0,13.0,79.0,2.0,63.0,,18.0,60.0,68.0,64.0,48.0,,76.0,0.0,0.0,,87.0,1.33,1.2,18.0,44.0,0.67,0.6,9.0,0.0,91.0,62.0,76.0,96.0,82.0,32.0,0.04,0.03,0.49,86.27,64.0,56.0,34.44,31.0,465.0,53.0,39.93,35.93,539.0,99.0,0.0,0.0,,1.0,0.0,,,,1.0,,,0.0,0.0,,101.3,0.0,,,0.0,0.0,,98,0.0,37.5,64.0,12.5,67.0,37.0,1.19,1.07,16.0,32.0,0.37,0.33,5.0,45.0,0.22,0.2,3.0,37.0,0.59,0.53,0.0,8.0,8.0,86.0,2.44,2.2,99.0,0.0,0.0,,33.0,,,,,68.0,0.18,0.16,2.43,45.0,0.09,0.08,1.19,2026,0,1,0.22,1,0.0,0.16,0.07,2025-12-07 19:45:00,Domestic League,608,405,101,1215,81,657,558,1215,0,0,-1,8,173,-1,1,2025/2026,2025,3
France_Ligue_1_2025-2026,Nicolás Tagliafico,Olympique Lyonnais,Defender,33,172,65,Argentina,5,7,12,1,0,1,0.11,1970-01-09,3,0.34,2,4,6,50,3,4,7,0.79,eu,,86.0,28.23,19.23,250.0,70.0,1.36,0.92,0.0,12.0,1820000.0,56.0,66.0,0.08,6.21,36.0,70.0,0.34,0.23,3.0,2.0,17.0,67.0,82.0,94.0,67.0,2.15,1.46,19.0,85.0,1923.08,82.0,64.0,1.47,1.0,13.0,13.0,797.0,76.0,0.23,0.15,2.0,39.0,0.68,0.46,6.0,33.0,0.68,0.46,28.0,0.23,0.15,33.0,30.0,2.0,6.0,81.0,11.52,7.85,102.0,81.0,5.53,3.77,48.0,49.0,98.0,2.6,1.77,23.0,93.0,2.26,1.54,20.0,8.0,36.0,4.0,81.0,2.0,60.0,42.0,68.0,57.0,43.0,,99.0,0.23,0.15,2.0,94.0,1.58,1.08,14.0,45.0,0.68,0.46,6.0,0.0,44.0,43.0,84.0,43.0,43.0,40.0,0.06,0.04,0.52,85.75,60.0,62.0,38.06,25.92,337.0,62.0,44.38,30.23,393.0,99.0,0.0,0.0,,,0.0,,,,,,,0.0,0.0,,80.67,0.0,,,0.0,0.0,,3,0.0,28.57,44.0,0.0,46.0,18.0,0.9,0.62,8.0,49.0,0.56,0.38,5.0,46.0,0.23,0.15,2.0,49.0,0.79,0.54,0.0,0.0,7.0,68.0,1.81,1.23,99.0,0.0,0.0,,16.0,,,,,64.0,0.17,0.12,1.5,39.0,0.06,0.04,0.52,2026,0,0,0.11,0,0.0,0.0,0.0,2025-12-07 19:45:00,Domestic League,797,266,114,0,66,294,503,797,0,0,-1,13,228,19,1,2025/2026,2025,3
France_Ligue_1_2025-2026,Adam Karabec,Olympique Lyonnais,Midfielder,22,186,0,Czech Republic,6,8,14,0,0,0,0.0,2003-07-02,2,0.24,3,5,8,56,4,1,5,0.59,eu,,95.0,40.47,22.33,335.0,28.0,0.48,0.27,0.0,4.0,910000.0,29.0,50.0,0.0,5.39,14.0,41.0,0.12,0.07,1.0,2.0,15.0,65.0,68.0,96.0,7.0,0.24,0.13,2.0,97.0,620.37,49.0,98.0,6.52,3.6,54.0,15.0,745.0,69.0,0.36,0.2,3.0,50.0,0.6,0.33,5.0,77.0,2.17,1.2,78.0,0.97,0.53,44.0,51.0,8.0,18.0,36.0,7.37,4.07,61.0,33.0,3.74,2.07,50.0,31.0,65.0,1.33,0.73,11.0,87.0,1.93,1.07,16.0,9.0,46.0,4.0,81.0,1.0,44.0,44.0,68.0,72.0,59.0,,76.0,0.0,0.0,,10.0,0.12,0.07,1.0,86.0,1.57,0.87,13.0,0.0,57.0,57.0,97.0,84.0,37.0,61.0,0.14,0.08,1.14,79.81,32.0,22.0,20.54,11.33,170.0,21.0,25.73,14.2,213.0,99.0,0.0,0.0,,,0.0,,,,,,,0.0,0.0,,80.82,0.0,,,0.0,0.0,,7,0.0,42.86,75.0,14.29,72.0,5.0,0.72,0.4,6.0,43.0,0.48,0.27,4.0,61.0,0.36,0.2,3.0,50.0,0.85,0.47,0.0,7.0,7.0,10.0,0.36,0.2,99.0,0.0,0.0,,3.0,,,,,37.0,0.11,0.06,0.92,59.0,0.14,0.08,1.14,2026,0,1,0.12,1,0.0,0.23,0.12,2025-11-23 14:00:00,Domestic League,0,381,152,762,54,363,399,762,0,0,-1,9,128,-1,0,2025/2026,2025,2
France_Ligue_1_2025-2026,Pavel Šulc,Olympique Lyonnais,Midfielder,24,177,0,Czech Republic,8,7,15,0,2,2,0.22,1970-01-12,2,0.22,4,5,9,60,8,1,9,1.01,eu,,79.0,25.14,14.29,200.0,51.0,0.88,0.5,0.0,7.0,2730000.0,72.0,89.0,0.14,5.94,26.0,31.0,0.0,0.0,,2.0,14.0,60.0,70.0,99.0,25.0,0.63,0.36,5.0,62.0,3333.33,92.0,49.0,0.75,0.43,6.0,14.0,716.0,36.0,0.88,0.5,7.0,7.0,1.38,0.79,11.0,67.0,1.63,0.93,80.0,1.01,0.57,61.0,79.0,8.0,13.0,76.0,10.68,6.07,85.0,44.0,4.02,2.29,37.0,32.0,94.0,2.14,1.21,17.0,57.0,1.13,0.64,9.0,7.0,29.0,7.0,94.0,3.0,74.0,95.0,99.0,57.0,94.0,,76.0,0.0,0.0,,44.0,0.63,0.36,5.0,57.0,0.88,0.5,7.0,0.0,76.0,55.0,60.0,49.0,34.0,95.0,0.5,0.29,4.01,77.16,23.0,19.0,19.11,10.86,152.0,18.0,24.76,14.07,197.0,99.0,0.0,0.0,,,0.0,,,,,,,0.0,0.0,,83.21,0.0,,,0.0,0.0,,10,0.0,38.1,65.0,19.05,84.0,53.0,1.38,0.79,11.0,91.0,1.63,0.93,13.0,88.0,1.01,0.57,8.0,93.0,2.64,1.5,0.0,5.25,21.0,46.0,1.38,0.79,99.0,0.0,0.0,,11.0,,,14.0,2.0,77.0,0.22,0.13,1.77,93.0,0.5,0.29,4.01,2026,4,1,0.78,5,0.84,0.24,0.56,2025-12-14 14:00:00,Domestic League,402,402,89,161,54,429,375,804,0,0,-1,1,18,-1,0,2025/2026,2025,2
France_Ligue_1_2025-2026,Afonso Bastardo Moreira,Olympique Lyonnais,Midfielder,20,0,0,Portugal,6,8,14,2,2,4,0.65,2005-03-19,2,0.32,3,5,8,56,1,3,4,0.65,eu,,97.0,45.96,17.07,239.0,20.0,0.38,0.14,0.0,2.0,640000.0,15.0,99.0,0.23,5.49,15.0,31.0,0.0,0.0,,2.0,15.0,65.0,86.0,96.0,44.0,1.15,0.43,6.0,86.0,531.11,46.0,99.0,8.65,3.21,45.0,14.0,468.0,8.0,1.92,0.71,10.0,67.0,0.38,0.14,2.0,94.0,3.65,1.36,85.0,1.15,0.43,31.0,24.0,6.0,19.0,91.0,13.27,4.93,69.0,89.0,6.15,2.29,46.0,32.0,76.0,1.54,0.57,8.0,96.0,2.5,0.93,13.0,4.0,7.0,9.0,99.0,1.0,44.0,98.0,68.0,98.0,91.0,,76.0,0.0,0.0,,40.0,0.58,0.21,3.0,93.0,1.92,0.71,10.0,0.0,57.0,39.0,86.0,53.0,11.0,92.0,0.42,0.16,2.21,88.0,73.0,24.0,21.15,7.86,110.0,17.0,24.04,8.93,125.0,99.0,0.0,0.0,,,0.0,,,,,,,0.0,0.0,,76.88,0.0,,,0.0,0.0,,17,0.0,38.46,66.0,15.38,74.0,34.0,1.15,0.43,6.0,90.0,1.54,0.57,8.0,85.0,0.96,0.36,5.0,91.0,2.5,0.93,0.0,6.5,13.0,84.0,2.31,0.86,99.0,0.0,0.0,,12.0,,,,,99.0,0.43,0.16,2.24,91.0,0.42,0.16,2.21,2026,0,2,0.97,2,0.0,0.71,0.32,2025-12-14 14:00:00,Domestic League,139,279,139,279,40,302,255,557,0,0,-1,5,44,-1,0,2025/2026,2025,2
France_Ligue_1_2025-2026,Ruben Kluivert,Olympique Lyonnais,Defender,24,0,0,Netherlands,2,4,6,1,0,1,0.46,1970-01-12,0,0.0,0,3,3,50,3,2,5,2.32,eu,,98.0,47.37,9.09,100.0,98.0,3.79,0.73,0.0,8.0,1090000.0,33.0,98.0,0.2,2.35,,79.0,0.47,0.09,1.0,,,26.0,23.0,83.0,82.0,3.32,0.64,7.0,2.0,5000.0,97.0,53.0,0.95,0.18,2.0,11.0,190.0,99.0,0.0,0.0,,1.0,1.89,0.36,4.0,25.0,0.47,0.09,48.0,0.47,0.09,100.0,99.0,1.0,1.0,26.0,6.63,1.27,14.0,20.0,3.32,0.64,50.0,7.0,97.0,2.37,0.45,5.0,21.0,0.47,0.09,1.0,2.0,,3.0,72.0,,18.0,86.0,68.0,57.0,43.0,,76.0,0.0,0.0,,90.0,1.42,0.27,3.0,34.0,0.47,0.09,1.0,0.0,1.0,23.0,2.0,43.0,,10.0,0.0,0.0,0.0,85.47,57.0,78.0,47.37,9.09,100.0,79.0,55.42,10.64,117.0,99.0,0.0,0.0,,,0.0,,,,,,,0.0,0.0,,25.86,0.0,,,0.0,0.0,,21,0.0,0.0,21.0,0.0,46.0,95.0,3.79,0.73,8.0,10.0,0.0,0.0,,21.0,0.0,0.0,,8.0,0.0,0.0,0.0,0.0,,85.0,2.37,0.45,99.0,0.0,0.0,,5.0,,,,,98.0,0.39,0.08,0.83,9.0,0.0,0.0,0.0,2026,0,0,0.46,0,0.0,0.0,0.0,2025-11-09 19:45:00,Domestic League,194,0,39,0,32,95,99,194,0,0,-1,17,-1,-1,0,2025/2026,2025,0
France_Ligue_1_2025-2026,Alejandro Gomes Rodriguez,Olympique Lyonnais,Forward,0,0,0,England,0,0,0,0,0,0,0.0,1970-01-01,0,0.0,0,0,0,0,0,0,0,0.0,eu,,,,,,,,,,,,,,,,,,,,,,,,,,,,,,,,,,,,,,,,,,,,,,,,,,,,,,,,,,,,,,,,,,,,,,,,,,,,,,,,,,,,,,,,,,,,,,,,,,,,,,,,,,,,,,,,,,,,,,,,,,,,,,,,,,,,,,,,,,,,,,,,,,,,,,,,,,,,,,,,,,,,,,,,,,,,,,,,,,,,,,,2026,0,0,0.0,0,0.0,0.0,0.0,1970-01-01 00:00:00,Domestic League,0,0,0,0,0,0,0,0,0,0,-1,-1,-1,-1,0,2025/2026,2025,0
France_Ligue_1_2025-2026,Mathys de Carvalho,Olympique Lyonnais,Midfielder,20,0,0,Portugal,5,4,9,0,0,0,0.0,2005-05-01,1,0.34,3,3,6,67,4,0,4,1.35,eu,,33.0,0.0,0.0,,72.0,1.43,0.29,0.0,4.0,170324.0,2.0,50.0,0.0,2.92,,71.0,0.36,0.07,1.0,1.0,12.0,50.0,84.0,99.0,66.0,2.14,0.43,6.0,34.0,0.0,33.0,47.0,0.71,0.14,2.0,14.0,252.0,29.0,1.07,0.21,3.0,33.0,0.71,0.14,2.0,21.0,0.36,0.07,37.0,0.36,0.07,100.0,99.0,1.0,1.0,62.0,9.64,1.93,27.0,87.0,6.07,1.21,62.0,17.0,11.0,0.36,0.07,1.0,84.0,1.79,0.36,5.0,3.0,2.0,5.0,85.0,2.0,60.0,28.0,68.0,57.0,43.0,,76.0,0.0,0.0,,90.0,1.43,0.29,4.0,29.0,0.36,0.07,1.0,0.0,9.0,40.0,34.0,43.0,,63.0,0.16,0.03,0.45,94.25,97.0,89.0,58.57,11.71,164.0,89.0,62.14,12.43,174.0,99.0,0.0,0.0,,,0.0,,,,,,,0.0,0.0,,40.89,0.0,,,0.0,0.0,,39,0.0,40.0,70.0,0.0,46.0,55.0,1.43,0.29,4.0,74.0,1.07,0.21,3.0,77.0,0.71,0.14,2.0,76.0,1.79,0.36,0.0,0.0,5.0,88.0,2.5,0.5,99.0,0.0,0.0,,7.0,,,,,54.0,0.15,0.03,0.42,62.0,0.16,0.03,0.45,2026,0,0,0.0,0,0.0,0.0,0.0,2025-12-07 19:45:00,Domestic League,0,267,67,0,30,169,98,267,0,0,-1,18,-1,-1,0,2025/2026,2025,1
France_Ligue_1_2025-2026,Khalis Merah,Olympique Lyonnais,Midfielder,18,0,0,France,4,6,10,0,0,0,0.0,2007-02-24,2,0.35,3,5,8,80,0,2,2,0.35,eu,,33.0,0.0,0.0,,2.0,0.0,0.0,0.0,,910000.0,29.0,50.0,0.0,3.91,3.0,31.0,0.0,0.0,,2.0,22.0,81.0,88.0,99.0,13.0,0.39,0.13,2.0,99.0,0.0,33.0,45.0,0.59,0.2,3.0,15.0,458.0,54.0,0.59,0.2,3.0,7.0,1.38,0.47,7.0,54.0,1.18,0.4,71.0,0.79,0.27,66.0,87.0,4.0,6.0,43.0,7.86,2.67,40.0,21.0,3.34,1.13,42.0,17.0,86.0,1.77,0.6,9.0,84.0,1.77,0.6,9.0,6.0,21.0,3.0,72.0,2.0,60.0,28.0,68.0,57.0,43.0,,76.0,0.0,0.0,,14.0,0.2,0.07,1.0,73.0,1.18,0.4,6.0,0.0,15.0,36.0,99.0,43.0,9.0,40.0,0.06,0.02,0.31,88.37,75.0,44.0,29.87,10.13,152.0,38.0,33.8,11.47,172.0,99.0,0.0,0.0,,,0.0,,,,,,,0.0,0.0,,58.67,0.0,,,0.0,0.0,,44,0.0,100.0,99.0,0.0,46.0,,0.39,0.13,2.0,10.0,0.0,0.0,,63.0,0.39,0.13,2.0,23.0,0.39,0.13,0.0,0.0,2.0,29.0,0.98,0.33,99.0,0.0,0.0,,5.0,,,,,37.0,0.11,0.04,0.56,39.0,0.06,0.02,0.31,2026,0,0,0.0,0,0.0,0.0,0.0,2025-12-14 14:00:00,Domestic League,0,261,261,0,52,220,301,521,0,0,-1,19,227,-1,0,2025/2026,2025,2
France_Ligue_1_2025-2026,Lassine Diarra,Olympique Lyonnais,Midfielder,0,0,0,France,0,0,0,0,0,0,0.0,1970-01-01,0,0.0,0,0,0,0,0,0,0,0.0,eu,,,,,,,,,,,,,,,,,,,,,,,,,,,,,,,,,,,,,,,,,,,,,,,,,,,,,,,,,,,,,,,,,,,,,,,,,,,,,,,,,,,,,,,,,,,,,,,,,,,,,,,,,,,,,,,,,,,,,,,,,,,,,,,,,,,,,,,,,,,,,,,,,,,,,,,,,,,,,,,,,,,,,,,,,,,,,,,,,,,,,,,2026,0,0,0.0,0,0.0,0.0,0.0,1970-01-01 00:00:00,Domestic League,0,0,0,0,0,0,0,0,0,0,-1,-1,-1,-1,0,2025/2026,2025,0
France_Ligue_1_2025-2026,Lukáš Hrádecký,Monaco,Goalkeeper,36,192,85,Finland,3,3,6,0,0,0,0.0,1970-01-08,0,0.0,0,1,1,17,5,3,8,1.36,eu,,33.0,0.0,0.0,,31.0,0.51,0.5,0.0,3.0,1490000.0,48.0,50.0,0.0,6.72,56.0,31.0,0.0,0.0,,,,26.0,23.0,29.0,39.0,1.02,1.0,6.0,41.0,0.0,33.0,17.0,0.0,0.0,,6.0,529.0,99.0,0.0,0.0,,99.0,0.0,0.0,,9.0,0.0,0.0,11.0,0.0,0.0,0.0,11.0,,,5.0,0.68,0.67,4.0,6.0,0.68,0.67,100.0,4.0,7.0,0.0,0.0,,2.0,0.0,0.0,,6.0,21.0,,25.0,1.0,44.0,28.0,68.0,57.0,43.0,,76.0,0.0,0.0,,7.0,0.0,0.0,,7.0,0.0,0.0,,0.0,3.0,23.0,42.0,43.0,16.0,10.0,0.0,0.0,0.0,74.7,17.0,23.0,21.1,20.67,124.0,24.0,28.24,27.67,166.0,99.0,0.0,0.0,,,0.0,,,,,,90.0,0.51,0.5,3.0,40.34,62.5,33.0,43.0,2.55,2.5,15.0,1,0.0,0.0,21.0,0.0,46.0,97.0,4.08,4.0,24.0,10.0,0.0,0.0,,21.0,0.0,0.0,,8.0,0.0,0.0,0.0,0.0,,8.0,0.17,0.17,99.0,0.0,0.0,,1.0,,,,,8.0,0.05,0.05,0.3,9.0,0.0,0.0,0.0,2026,0,0,0.0,0,0.0,0.0,0.0,2025-12-05 18:00:00,Domestic League,0,0,66,0,88,270,259,529,0,0,-1,11,225,66,0,2025/2026,2025,0
France_Ligue_1_2025-2026,Eric Jeremy Edgar Dier,Monaco,Defender,31,191,88,England,2,4,6,0,0,0,0.0,1970-01-09,0,0.0,0,0,0,0,3,7,10,1.67,eu,,33.0,0.0,0.0,,78.0,1.67,1.25,0.0,10.0,4310000.0,87.0,50.0,0.0,5.5,15.0,99.0,1.5,1.12,9.0,,,26.0,23.0,2.0,89.0,4.33,3.25,26.0,20.0,0.0,33.0,32.0,0.33,0.25,2.0,8.0,540.0,99.0,0.0,0.0,,41.0,0.67,0.5,4.0,9.0,0.0,0.0,11.0,0.0,0.0,0.0,11.0,,,14.0,5.67,4.25,34.0,13.0,2.67,2.0,47.0,16.0,38.0,1.0,0.75,6.0,22.0,0.5,0.38,3.0,6.0,21.0,,25.0,,18.0,52.0,68.0,75.0,67.0,,76.0,0.0,0.0,,87.0,1.33,1.0,8.0,16.0,0.17,0.12,1.0,0.0,3.0,23.0,20.0,76.0,18.0,62.0,0.15,0.11,0.88,93.21,93.0,97.0,75.5,56.62,453.0,96.0,81.0,60.75,486.0,99.0,0.0,0.0,,,0.0,,,,,,,0.0,0.0,,44.02,0.0,,,0.0,0.0,,3,0.0,66.67,95.0,33.33,97.0,69.0,1.67,1.25,10.0,17.0,0.17,0.12,1.0,58.0,0.33,0.25,2.0,31.0,0.5,0.38,0.0,3.0,3.0,18.0,0.67,0.5,99.0,0.0,0.0,,4.0,,,,,64.0,0.17,0.13,1.02,61.0,0.15,0.11,0.88,2026,0,1,0.17,1,0.0,0.25,0.17,2025-10-05 15:15:00,Domestic League,0,0,54,540,90,180,360,540,0,0,-1,10,106,92,0,2025/2026,2025,0
France_Ligue_1_2025-2026,Jordan Teze,Monaco,Defender,26,183,68,Netherlands,6,8,14,0,0,0,0.0,1970-01-11,5,0.4,0,2,2,14,11,11,22,1.74,eu,,81.0,26.22,22.07,331.0,61.0,1.11,0.93,0.0,14.0,2730000.0,72.0,50.0,0.0,6.45,45.0,62.0,0.24,0.2,3.0,5.0,36.0,97.0,88.0,21.0,63.0,1.9,1.6,24.0,14.0,919.44,61.0,79.0,2.85,2.4,36.0,15.0,1136.0,51.0,0.63,0.53,8.0,9.0,1.19,1.0,15.0,22.0,0.4,0.33,15.0,0.08,0.07,20.0,13.0,1.0,5.0,54.0,8.64,7.27,109.0,63.0,4.67,3.93,54.0,59.0,62.0,1.27,1.07,16.0,62.0,1.19,1.0,15.0,13.0,79.0,1.0,48.0,4.0,87.0,28.0,68.0,57.0,43.0,,76.0,0.0,0.0,,82.0,1.19,1.0,15.0,82.0,1.43,1.2,18.0,0.0,76.0,37.0,17.0,43.0,74.0,26.0,0.03,0.03,0.41,85.4,56.0,74.0,43.57,36.67,550.0,74.0,51.02,42.93,644.0,99.0,0.0,0.0,,,0.0,,,,,,,0.0,0.0,,96.72,0.0,,,0.0,0.0,,4,0.0,33.33,57.0,0.0,46.0,74.0,1.74,1.47,22.0,30.0,0.32,0.27,4.0,35.0,0.16,0.13,2.0,30.0,0.48,0.4,0.0,0.0,6.0,89.0,2.54,2.13,99.0,0.0,0.0,,32.0,,,,,54.0,0.15,0.12,1.86,25.0,0.03,0.03,0.41,2026,0,0,0.0,0,0.0,0.0,0.0,2025-12-05 18:00:00,Domestic League,0,227,52,0,81,518,618,1136,0,0,-1,27,206,101,0,2025/2026,2025,5
France_Ligue_1_2025-2026,Denis Lemi Zakaria Lako Lado,Monaco,Midfielder,29,189,81,Switzerland,3,3,6,0,1,1,0.21,1970-01-10,4,0.82,0,0,0,0,3,3,6,1.24,eu,,70.0,20.59,16.67,100.0,39.0,0.62,0.5,0.0,3.0,5750000.0,94.0,85.0,0.17,6.78,66.0,74.0,0.41,0.33,2.0,2.0,33.0,95.0,99.0,2.0,40.0,1.03,0.83,5.0,50.0,5000.0,97.0,38.0,0.41,0.33,2.0,6.0,437.0,39.0,0.82,0.67,4.0,49.0,0.62,0.5,3.0,39.0,0.82,0.67,60.0,0.62,0.5,75.0,90.0,3.0,4.0,22.0,6.38,5.17,31.0,15.0,2.88,2.33,45.0,14.0,83.0,1.65,1.33,8.0,18.0,0.41,0.33,2.0,5.0,13.0,1.0,48.0,,18.0,58.0,68.0,57.0,43.0,,76.0,0.0,0.0,,91.0,1.44,1.17,7.0,54.0,0.82,0.67,4.0,0.0,3.0,24.0,51.0,43.0,8.0,16.0,0.01,0.01,0.06,92.67,92.0,75.0,44.28,35.83,215.0,69.0,47.78,38.67,232.0,99.0,0.0,0.0,,,0.0,,,,,,,0.0,0.0,,40.66,0.0,,,0.0,0.0,,6,0.0,0.0,21.0,0.0,46.0,41.0,1.24,1.0,6.0,20.0,0.21,0.17,1.0,21.0,0.0,0.0,,15.0,0.21,0.17,0.0,0.0,1.0,40.0,1.24,1.0,99.0,0.0,0.0,,6.0,,,,,85.0,0.25,0.2,1.21,16.0,0.01,0.01,0.06,2026,0,0,0.21,0,0.0,0.0,0.0,2025-11-22 18:00:00,Domestic League,437,109,73,0,73,246,191,437,0,0,-1,26,178,-1,1,2025/2026,2025,3
France_Ligue_1_2025-2026,Aleksandr Golovin,Monaco,Midfielder,29,178,69,Russia,3,6,9,0,1,1,0.15,1970-01-10,1,0.15,0,2,2,22,2,7,9,1.37,eu,,33.0,0.0,0.0,,8.0,0.15,0.09,0.0,1.0,5460000.0,92.0,76.0,0.11,5.61,17.0,46.0,0.15,0.09,1.0,1.0,11.0,46.0,44.0,42.0,23.0,0.59,0.36,4.0,40.0,0.0,33.0,56.0,1.03,0.64,7.0,11.0,614.0,36.0,0.88,0.55,6.0,3.0,1.47,0.91,10.0,70.0,1.76,1.09,82.0,1.03,0.64,58.0,74.0,7.0,12.0,63.0,9.67,6.0,66.0,54.0,4.4,2.73,45.0,30.0,81.0,1.61,1.0,11.0,60.0,1.17,0.73,8.0,8.0,36.0,1.0,48.0,6.0,97.0,84.0,99.0,57.0,85.0,,76.0,0.0,0.0,,92.0,1.47,0.91,10.0,47.0,0.73,0.45,5.0,0.0,15.0,80.0,42.0,59.0,22.0,83.0,0.3,0.19,2.06,79.18,31.0,41.0,28.44,17.64,194.0,43.0,35.91,22.27,245.0,99.0,0.0,0.0,,,0.0,,,,,,,0.0,0.0,,61.72,0.0,,,0.0,0.0,,10,0.0,50.0,87.0,20.0,87.0,35.0,1.17,0.73,8.0,59.0,0.73,0.45,5.0,78.0,0.73,0.45,5.0,69.0,1.47,0.91,0.0,5.0,10.0,76.0,2.05,1.27,99.0,0.0,0.0,,14.0,,,11.0,1.0,64.0,0.17,0.11,1.18,79.0,0.3,0.19,2.06,2026,2,0,0.46,2,1.1,0.0,0.3,2025-12-05 18:00:00,Domestic League,593,593,66,297,66,164,429,593,0,0,-1,5,52,-1,0,2025/2026,2025,1
France_Ligue_1_2025-2026,Maghnes Akliouche,Monaco,Midfielder,23,166,59,France,6,8,14,1,1,2,0.16,2002-02-25,2,0.16,0,2,2,14,7,12,19,1.53,eu,,84.0,27.35,24.29,340.0,9.0,0.16,0.14,0.0,2.0,4020000.0,85.0,77.0,0.14,6.94,82.0,37.0,0.08,0.07,1.0,2.0,14.0,60.0,46.0,21.0,21.0,0.56,0.5,7.0,29.0,1619.05,79.0,67.0,1.69,1.5,21.0,14.0,1119.0,14.0,1.61,1.43,20.0,16.0,0.97,0.86,12.0,77.0,2.17,1.93,66.0,0.72,0.64,33.0,30.0,9.0,27.0,61.0,9.41,8.36,117.0,30.0,3.62,3.21,38.0,45.0,47.0,1.13,1.0,14.0,66.0,1.29,1.14,16.0,13.0,79.0,1.0,48.0,3.0,74.0,78.0,74.0,77.0,79.0,,79.0,0.08,0.07,1.0,55.0,0.8,0.71,10.0,75.0,1.21,1.07,15.0,0.0,76.0,78.0,29.0,65.0,73.0,82.0,0.29,0.25,3.55,83.73,47.0,54.0,33.94,30.14,422.0,55.0,40.54,36.0,504.0,99.0,0.0,0.0,,,0.0,,,,,,,0.0,0.0,,97.16,0.0,,,0.0,0.0,,11,0.0,36.36,61.0,13.64,69.0,63.0,1.53,1.36,19.0,77.0,1.13,1.0,14.0,75.0,0.64,0.57,8.0,75.0,1.77,1.57,0.0,7.33,22.0,48.0,1.45,1.29,99.0,0.0,0.0,,18.0,,,,,75.0,0.2,0.18,2.53,77.0,0.29,0.25,3.55,2026,1,2,0.4,3,0.18,0.29,0.24,2025-12-05 18:00:00,Domestic League,560,560,59,373,80,505,614,1119,0,0,-1,3,77,-1,0,2025/2026,2025,2
France_Ligue_1_2025-2026,Caio Henrique Oliveira Silva,Monaco,Defender,28,178,69,Brazil,5,7,12,0,0,0,0.0,1970-01-11,2,0.21,0,1,1,8,6,8,14,1.46,eu,,87.0,28.99,21.38,278.0,33.0,0.52,0.38,0.0,5.0,3740000.0,83.0,50.0,0.0,6.1,31.0,67.0,0.31,0.23,3.0,2.0,17.0,67.0,59.0,6.0,64.0,1.98,1.46,19.0,33.0,534.62,47.0,96.0,5.42,4.0,52.0,13.0,863.0,51.0,0.63,0.46,6.0,74.0,0.31,0.23,3.0,40.0,0.83,0.62,33.0,0.31,0.23,37.0,39.0,3.0,8.0,13.0,5.63,4.15,54.0,16.0,3.13,2.31,55.0,30.0,24.0,0.73,0.54,7.0,47.0,0.94,0.69,9.0,9.0,46.0,3.0,72.0,2.0,60.0,28.0,68.0,57.0,43.0,,76.0,0.0,0.0,,66.0,0.94,0.69,9.0,71.0,1.15,0.85,11.0,0.0,44.0,69.0,34.0,43.0,51.0,16.0,0.01,0.0,0.05,81.0,38.0,67.0,40.46,29.85,388.0,73.0,49.95,36.85,479.0,9.0,0.1,0.08,1.0,,0.0,,,,,,,0.0,0.0,,79.27,0.0,,,0.0,0.0,,12,0.0,0.0,21.0,0.0,46.0,51.0,1.36,1.0,13.0,14.0,0.1,0.08,1.0,21.0,0.0,0.0,,11.0,0.1,0.08,0.0,0.0,1.0,49.0,1.46,1.08,99.0,0.0,0.0,,14.0,,,,,41.0,0.12,0.09,1.18,16.0,0.01,0.0,0.05,2026,0,0,0.0,0,0.0,0.0,0.0,2025-12-05 18:00:00,Domestic League,0,432,62,0,72,382,481,863,0,0,-1,25,180,78,0,2025/2026,2025,2
France_Ligue_1_2025-2026,Christian Mawissa Elebi,Monaco,Defender,20,0,0,France,3,3,6,0,0,0,0.0,2005-04-18,1,0.17,0,1,1,17,5,3,8,1.39,eu,,33.0,0.0,0.0,,86.0,2.08,1.71,0.0,12.0,1580000.0,49.0,50.0,0.0,5.87,23.0,91.0,0.69,0.57,4.0,1.0,17.0,67.0,48.0,29.0,97.0,5.72,4.71,33.0,38.0,0.0,33.0,25.0,0.17,0.14,1.0,7.0,519.0,70.0,0.35,0.29,2.0,20.0,0.87,0.71,5.0,56.0,1.21,1.0,65.0,0.69,0.57,57.0,73.0,4.0,7.0,59.0,9.36,7.71,54.0,84.0,5.72,4.71,61.0,33.0,22.0,0.69,0.57,4.0,63.0,1.21,1.0,7.0,6.0,21.0,,25.0,1.0,44.0,28.0,68.0,57.0,43.0,,76.0,0.0,0.0,,94.0,1.56,1.29,9.0,7.0,0.0,0.0,,0.0,3.0,76.0,40.0,43.0,15.0,10.0,0.0,0.0,0.0,93.63,96.0,93.0,68.84,56.71,397.0,93.0,73.53,60.57,424.0,3.0,0.17,0.14,1.0,,0.0,,,,,,,0.0,0.0,,41.07,0.0,,,0.0,0.0,,13,0.0,0.0,21.0,0.0,46.0,53.0,1.39,1.14,8.0,10.0,0.0,0.0,,21.0,0.0,0.0,,8.0,0.0,0.0,0.0,0.0,,65.0,1.73,1.43,99.0,0.0,0.0,,10.0,,,,,60.0,0.16,0.13,0.9,9.0,0.0,0.0,0.0,2026,0,0,0.0,0,0.0,0.0,0.0,2025-10-29 20:05:00,Domestic League,0,519,65,0,87,249,270,519,0,0,-1,24,181,72,0,2025/2026,2025,1
France_Ligue_1_2025-2026,Mika Bieveth,Monaco,Midfielder,22,187,69,England,7,7,14,0,0,0,0.0,2003-02-08,0,0.0,0,1,1,7,6,11,17,2.05,eu,,79.0,24.13,13.33,200.0,63.0,1.21,0.67,0.0,10.0,3590000.0,80.0,50.0,0.0,6.09,30.0,41.0,0.12,0.07,1.0,,,26.0,23.0,3.0,16.0,0.48,0.27,4.0,4.0,3333.33,92.0,48.0,0.72,0.4,6.0,15.0,746.0,8.0,1.93,1.07,16.0,32.0,0.72,0.4,6.0,41.0,0.84,0.47,28.0,0.24,0.13,28.0,21.0,2.0,7.0,74.0,10.38,5.73,86.0,17.0,3.14,1.73,30.0,26.0,55.0,1.21,0.67,10.0,56.0,1.09,0.6,9.0,10.0,56.0,4.0,81.0,6.0,97.0,63.0,83.0,71.0,79.0,,76.0,0.0,0.0,,7.0,0.0,0.0,,68.0,1.09,0.6,9.0,0.0,76.0,23.0,5.0,65.0,38.0,81.0,0.28,0.15,2.3,61.36,2.0,2.0,9.77,5.4,81.0,5.0,15.92,8.8,132.0,99.0,0.0,0.0,,,0.0,,,,,,,0.0,0.0,,91.3,0.0,,,0.0,0.0,,14,0.0,33.33,57.0,13.33,68.0,84.0,2.05,1.13,17.0,80.0,1.21,0.67,10.0,74.0,0.6,0.33,5.0,76.0,1.81,1.0,0.0,7.5,15.0,20.0,0.72,0.4,99.0,0.0,0.0,,6.0,,,,,11.0,0.06,0.03,0.48,77.0,0.28,0.15,2.3,2026,1,1,0.24,2,0.27,0.22,0.24,2025-12-05 18:00:00,Domestic League,0,0,44,373,53,338,408,746,0,0,-1,6,74,-1,0,2025/2026,2025,0
France_Ligue_1_2025-2026,Lamine Camara,Monaco,Midfielder,21,0,0,Senegal,4,4,8,0,3,3,0.52,2004-01-01,2,0.35,0,1,1,13,3,4,7,1.21,eu,,87.0,29.08,21.0,168.0,44.0,0.69,0.5,0.0,4.0,1720000.0,53.0,99.0,0.38,7.12,93.0,31.0,0.0,0.0,,2.0,25.0,86.0,83.0,15.0,20.0,0.52,0.38,3.0,54.0,884.21,59.0,84.0,3.29,2.38,19.0,8.0,520.0,59.0,0.52,0.38,3.0,38.0,0.69,0.5,4.0,86.0,2.77,2.0,92.0,1.38,1.0,50.0,65.0,8.0,16.0,84.0,11.94,8.62,69.0,97.0,7.27,5.25,60.0,42.0,32.0,0.87,0.62,5.0,99.0,3.46,2.5,20.0,6.0,21.0,2.0,63.0,2.0,60.0,88.0,68.0,57.0,43.0,,76.0,0.0,0.0,,99.0,2.25,1.62,13.0,95.0,2.08,1.5,12.0,0.0,9.0,41.0,53.0,43.0,15.0,32.0,0.04,0.03,0.21,86.03,61.0,85.0,53.31,38.5,308.0,88.0,61.96,44.75,358.0,99.0,0.0,0.0,,,0.0,,,,,,,0.0,0.0,,56.98,0.0,,,0.0,0.0,,15,0.0,0.0,21.0,0.0,46.0,53.0,1.38,1.0,8.0,67.0,0.87,0.62,5.0,21.0,0.0,0.0,,51.0,0.87,0.62,0.0,0.0,5.0,72.0,1.9,1.38,99.0,0.0,0.0,,11.0,,,,,99.0,0.49,0.35,2.83,30.0,0.04,0.03,0.21,2026,0,0,0.52,0,0.0,0.0,0.0,2025-12-05 18:00:00,Domestic League,173,260,74,0,65,199,321,520,0,0,-1,23,183,-1,0,2025/2026,2025,2
France_Ligue_1_2025-2026,Takumi Minamino,Monaco,Forward,30,172,68,Japan,7,7,14,1,1,2,0.21,1970-01-10,4,0.42,0,2,2,14,8,5,13,1.35,eu,,47.0,10.42,6.67,100.0,33.0,0.52,0.33,0.0,5.0,5460000.0,92.0,85.0,0.14,6.23,37.0,57.0,0.21,0.13,2.0,4.0,29.0,90.0,91.0,21.0,20.0,0.52,0.33,5.0,43.0,1428.57,76.0,49.0,0.73,0.47,7.0,15.0,864.0,44.0,0.73,0.47,7.0,14.0,1.04,0.67,10.0,53.0,1.15,0.73,43.0,0.42,0.27,36.0,35.0,4.0,11.0,20.0,6.15,3.93,59.0,9.0,2.08,1.33,33.0,20.0,36.0,0.94,0.6,9.0,36.0,0.73,0.47,7.0,10.0,56.0,4.0,81.0,5.0,94.0,88.0,79.0,85.0,86.0,,76.0,0.0,0.0,,21.0,0.31,0.2,3.0,47.0,0.73,0.47,7.0,0.0,76.0,35.0,42.0,57.0,51.0,84.0,0.31,0.2,2.99,72.6,10.0,24.0,21.25,13.6,204.0,26.0,29.27,18.73,281.0,9.0,0.1,0.07,1.0,,0.0,,,,,,,0.0,0.0,,93.5,0.0,,,0.0,0.0,,18,0.0,29.41,45.0,17.65,80.0,42.0,1.25,0.8,12.0,83.0,1.25,0.8,12.0,70.0,0.52,0.33,5.0,75.0,1.77,1.13,0.0,5.67,17.0,11.0,0.42,0.27,99.0,0.0,0.0,,4.0,,,,,72.0,0.19,0.12,1.85,80.0,0.31,0.2,2.99,2026,1,2,0.52,3,0.21,0.41,0.31,2025-12-05 18:00:00,Domestic League,432,216,66,288,62,424,440,864,0,0,-1,4,46,-1,0,2025/2026,2025,4
France_Ligue_1_2025-2026,Vanderson de Oliveira Campos,Monaco,Defender,24,180,74,Brazil,5,2,7,2,0,2,0.52,1970-01-12,2,0.52,0,1,1,14,5,1,6,1.56,eu,,99.0,63.54,35.0,245.0,67.0,1.3,0.71,0.0,5.0,3000000.0,74.0,99.0,0.29,6.7,55.0,31.0,0.0,0.0,,2.0,29.0,90.0,95.0,21.0,87.0,4.15,2.29,16.0,26.0,1441.18,76.0,90.0,4.41,2.43,17.0,7.0,347.0,20.0,1.3,0.71,5.0,14.0,1.04,0.57,4.0,84.0,2.59,1.43,70.0,0.78,0.43,30.0,22.0,3.0,10.0,82.0,11.67,6.43,45.0,73.0,5.19,2.86,44.0,20.0,92.0,2.07,1.14,8.0,23.0,0.52,0.29,2.0,4.0,7.0,3.0,72.0,3.0,74.0,88.0,68.0,57.0,43.0,,76.0,0.0,0.0,,99.0,2.33,1.29,9.0,90.0,1.82,1.0,7.0,0.0,6.0,28.0,27.0,43.0,,26.0,0.03,0.01,0.1,82.14,41.0,70.0,41.76,23.0,161.0,74.0,50.84,28.0,196.0,99.0,0.0,0.0,,,0.0,,,,,,,0.0,0.0,,46.87,0.0,,,0.0,0.0,,2,0.0,0.0,21.0,0.0,46.0,64.0,1.56,0.86,6.0,46.0,0.52,0.29,2.0,21.0,0.0,0.0,,32.0,0.52,0.29,0.0,0.0,2.0,90.0,2.59,1.43,99.0,0.0,0.0,,10.0,,,,,99.0,0.45,0.25,1.75,25.0,0.03,0.01,0.1,2026,0,0,0.52,0,0.0,0.0,0.0,2025-12-05 18:00:00,Domestic League,174,174,58,0,50,255,92,347,0,0,-1,22,186,84,0,2025/2026,2025,2
France_Ligue_1_2025-2026,Jan Thilo Kehrer,Monaco,Defender,29,186,76,Germany,5,5,10,0,0,0,0.0,1970-01-10,6,0.64,0,2,2,20,9,7,16,1.72,eu,,33.0,0.0,0.0,,95.0,2.9,2.25,0.0,27.0,4600000.0,89.0,50.0,0.0,5.63,17.0,98.0,1.18,0.92,11.0,3.0,30.0,92.0,98.0,38.0,85.0,3.65,2.83,34.0,17.0,0.0,33.0,22.0,0.11,0.08,1.0,12.0,838.0,99.0,0.0,0.0,,45.0,0.64,0.5,6.0,13.0,0.11,0.08,16.0,0.11,0.08,100.0,99.0,1.0,1.0,67.0,9.99,7.75,93.0,94.0,6.87,5.33,68.0,64.0,43.0,1.07,0.83,10.0,75.0,1.5,1.17,14.0,10.0,56.0,,25.0,,18.0,28.0,68.0,57.0,43.0,,86.0,0.11,0.08,1.0,74.0,1.07,0.83,10.0,13.0,0.11,0.08,1.0,0.0,23.0,26.0,17.0,43.0,47.0,43.0,0.07,0.06,0.67,85.44,57.0,91.0,61.11,47.42,569.0,92.0,71.53,55.5,666.0,99.0,0.0,0.0,,,0.0,,,,,,,0.0,0.0,,67.58,0.0,,,0.0,0.0,,5,0.0,9.09,22.0,0.0,46.0,72.0,1.72,1.33,16.0,74.0,1.07,0.83,10.0,28.0,0.11,0.08,1.0,62.0,1.18,0.92,0.0,0.0,11.0,85.0,2.36,1.83,99.0,0.0,0.0,,22.0,,,,,47.0,0.13,0.1,1.22,41.0,0.07,0.06,0.67,2026,0,0,0.0,0,0.0,0.0,0.0,2025-11-29 16:00:00,Domestic League,0,140,52,0,84,398,440,838,0,0,-1,21,187,98,2,2025/2026,2025,5
France_Ligue_1_2025-2026,Eliesse Ben Seghir,Monaco,Midfielder,20,0,0,France,1,1,2,0,0,0,0.0,2005-02-16,0,0.0,0,0,0,0,0,1,1,2.09,eu,,33.0,0.0,0.0,,2.0,0.0,0.0,0.0,,,1.0,50.0,0.0,6.26,37.0,31.0,0.0,0.0,,,,26.0,23.0,2.0,2.0,0.0,0.0,,3.0,0.0,33.0,70.0,2.09,0.5,1.0,2.0,43.0,5.0,2.09,0.5,1.0,1.0,2.09,0.5,1.0,76.0,2.09,0.5,97.0,2.09,0.5,100.0,99.0,1.0,1.0,96.0,14.65,3.5,7.0,99.0,8.37,2.0,57.0,4.0,93.0,2.09,0.5,1.0,91.0,2.09,0.5,1.0,,,2.0,63.0,,18.0,28.0,68.0,57.0,43.0,,76.0,0.0,0.0,,7.0,0.0,0.0,,7.0,0.0,0.0,,0.0,,23.0,4.0,43.0,,51.0,0.1,0.03,0.05,76.0,20.0,66.0,39.77,9.5,19.0,77.0,52.33,12.5,25.0,99.0,0.0,0.0,,,0.0,,,,,,,0.0,0.0,,12.51,0.0,,,0.0,0.0,,7,0.0,0.0,21.0,0.0,46.0,86.0,2.09,0.5,1.0,97.0,2.09,0.5,1.0,21.0,0.0,0.0,,81.0,2.09,0.5,0.0,0.0,1.0,99.0,4.19,1.0,99.0,0.0,0.0,,2.0,,,,,11.0,0.06,0.01,0.03,49.0,0.1,0.03,0.05,2026,0,0,0.0,0,0.0,0.0,0.0,1970-01-01 00:00:00,Domestic League,0,0,43,0,22,16,27,43,0,0,-1,20,-1,-1,0,2025/2026,2025,0
France_Ligue_1_2025-2026,Philipp Köhn,Monaco,Goalkeeper,27,191,75,Switzerland,4,6,10,0,0,0,0.0,1970-01-11,1,0.11,0,1,1,10,8,9,17,1.86,eu,,33.0,0.0,0.0,,25.0,0.44,0.29,0.0,4.0,2150000.0,60.0,50.0,0.0,4.72,7.0,31.0,0.0,0.0,,1.0,10.0,44.0,33.0,9.0,10.0,0.33,0.21,3.0,9.0,0.0,33.0,17.0,0.0,0.0,,14.0,821.0,85.0,0.11,0.07,1.0,99.0,0.0,0.0,,9.0,0.0,0.0,11.0,0.0,0.0,0.0,11.0,,,5.0,0.66,0.43,6.0,3.0,0.44,0.29,66.0,4.0,7.0,0.0,0.0,,3.0,0.11,0.07,1.0,9.0,46.0,1.0,48.0,,18.0,28.0,68.0,57.0,43.0,,76.0,0.0,0.0,,9.0,0.11,0.07,1.0,7.0,0.0,0.0,,0.0,23.0,92.0,9.0,43.0,45.0,10.0,0.0,0.0,0.0,81.94,41.0,21.0,20.39,13.29,186.0,19.0,24.88,16.21,227.0,99.0,0.0,0.0,,,0.0,,,,,,24.0,0.22,0.14,2.0,66.11,56.41,10.0,33.0,2.41,1.57,22.0,16,0.0,0.0,21.0,0.0,46.0,97.0,4.28,2.79,39.0,10.0,0.0,0.0,,21.0,0.0,0.0,,8.0,0.0,0.0,0.0,0.0,,5.0,0.0,0.0,99.0,0.0,0.0,,,,,,,4.0,0.04,0.03,0.37,9.0,0.0,0.0,0.0,2026,0,0,0.0,0,0.0,0.0,0.0,2025-11-08 20:05:00,Domestic League,0,821,48,0,82,360,461,821,0,0,-1,17,189,106,0,2025/2026,2025,1
France_Ligue_1_2025-2026,Wilfried Stu00e9phane Singo,Monaco,Defender,24,182,79,Ivory Coast,0,0,0,0,0,0,0.0,1970-01-12,0,0.0,0,0,0,0,0,0,0,0.0,eu,,,,,,,,,,,,,,,,,,,,,,,,,,,,,,,,,,,,,,,,,,,,,,,,,,,,,,,,,,,,,,,,,,,,,,,,,,,,,,,,,,,,,,,,,,,,,,,,,,,,,,,,,,,,,,,,,,,,,,,,,,,,,,,,,,,,,,,,,,,,,,,,,,,,,,,,,,,,,,,,,,,,,,,,,,,,,,,,,,,,,,,2026,0,0,0.0,0,0.0,0.0,0.0,1970-01-01 00:00:00,Domestic League,0,0,0,0,0,0,0,0,0,0,-1,-1,-1,-1,0,2025/2026,2025,0
France_Ligue_1_2025-2026,George Ilenikhena,Monaco,Forward,19,0,0,France,4,7,11,0,0,0,0.0,2006-08-16,0,0.0,0,1,1,9,4,0,4,1.31,eu,,33.0,0.0,0.0,,84.0,1.97,0.43,0.0,6.0,1440000.0,44.0,50.0,0.0,5.24,13.0,68.0,0.33,0.07,1.0,,,26.0,23.0,7.0,10.0,0.33,0.07,1.0,44.0,0.0,33.0,17.0,0.0,0.0,,14.0,274.0,12.0,1.64,0.36,5.0,71.0,0.33,0.07,1.0,89.0,2.96,0.64,34.0,0.33,0.07,11.0,11.0,1.0,9.0,77.0,10.84,2.36,33.0,40.0,3.94,0.86,36.0,12.0,11.0,0.33,0.07,1.0,66.0,1.31,0.29,4.0,2.0,,9.0,99.0,5.0,94.0,93.0,98.0,95.0,98.0,,76.0,0.0,0.0,,7.0,0.0,0.0,,63.0,0.99,0.21,3.0,0.0,31.0,23.0,45.0,45.0,,99.0,0.74,0.16,2.24,81.08,38.0,2.0,9.85,2.14,30.0,,12.15,2.64,37.0,99.0,0.0,0.0,,,0.0,,,,,,,0.0,0.0,,73.38,0.0,,,0.0,0.0,,19,0.0,50.0,87.0,16.67,79.0,45.0,1.31,0.29,4.0,97.0,1.97,0.43,6.0,99.0,1.97,0.43,6.0,99.0,3.94,0.86,0.0,6.0,12.0,10.0,0.33,0.07,99.0,0.0,0.0,,1.0,,,,,11.0,0.06,0.01,0.17,98.0,0.74,0.16,2.24,2026,1,1,0.66,2,0.63,0.69,0.66,2025-11-22 18:00:00,Domestic League,0,0,69,137,25,144,130,274,0,0,-1,8,9,-1,0,2025/2026,2025,0
France_Ligue_1_2025-2026,Kassoum Ouattara,Monaco,Defender,21,0,0,Ivory Coast,5,5,10,2,1,3,0.39,2004-10-14,2,0.26,0,1,1,10,7,8,15,1.95,eu,,64.0,17.79,9.79,137.0,72.0,1.43,0.79,0.0,11.0,1150000.0,38.0,97.0,0.3,4.72,7.0,31.0,0.0,0.0,,2.0,20.0,77.0,71.0,9.0,51.0,1.3,0.71,10.0,8.0,351.28,37.0,95.0,5.06,2.79,39.0,14.0,693.0,18.0,1.43,0.79,11.0,14.0,1.04,0.57,8.0,94.0,3.77,2.07,82.0,1.04,0.57,27.0,18.0,8.0,29.0,94.0,13.77,7.57,106.0,86.0,5.97,3.29,43.0,46.0,77.0,1.56,0.86,12.0,54.0,1.04,0.57,8.0,9.0,46.0,1.0,48.0,1.0,44.0,77.0,68.0,57.0,43.0,,89.0,0.13,0.07,1.0,80.0,1.17,0.64,9.0,85.0,1.56,0.86,12.0,0.0,23.0,53.0,8.0,43.0,33.0,40.0,0.06,0.03,0.45,74.8,17.0,29.0,23.9,13.14,184.0,33.0,31.95,17.57,246.0,6.0,0.13,0.07,1.0,,0.0,,,,,,,0.0,0.0,,66.14,0.0,,,0.0,0.0,,20,0.0,0.0,21.0,0.0,46.0,85.0,2.08,1.14,16.0,79.0,1.17,0.64,9.0,21.0,0.0,0.0,,61.0,1.17,0.64,0.0,0.0,9.0,87.0,2.47,1.36,99.0,0.0,0.0,,19.0,,,,,96.0,0.34,0.19,2.62,39.0,0.06,0.03,0.45,2026,0,0,0.39,0,0.0,0.0,0.0,2025-11-22 18:00:00,Domestic League,231,347,46,0,69,318,375,693,0,0,-1,19,191,111,0,2025/2026,2025,2
France_Ligue_1_2025-2026,Aladji Bamba,Monaco,Midfielder,19,0,0,France,2,3,5,0,0,0,0.0,2006-07-14,1,0.69,0,0,0,0,2,1,3,2.08,eu,,33.0,0.0,0.0,,99.0,4.85,0.88,0.0,7.0,430000.0,8.0,50.0,0.0,4.24,4.0,31.0,0.0,0.0,,1.0,20.0,77.0,99.0,2.0,65.0,2.08,0.38,3.0,4.0,0.0,33.0,17.0,0.0,0.0,,8.0,130.0,,3.46,0.62,5.0,38.0,0.69,0.12,1.0,34.0,0.69,0.12,11.0,0.0,0.0,0.0,11.0,,1.0,99.0,21.46,3.88,31.0,99.0,13.85,2.5,64.0,20.0,99.0,2.77,0.5,4.0,98.0,2.77,0.5,4.0,2.0,,3.0,72.0,1.0,44.0,28.0,68.0,57.0,43.0,,76.0,0.0,0.0,,99.0,2.08,0.38,3.0,7.0,0.0,0.0,,0.0,1.0,24.0,4.0,43.0,,10.0,0.0,0.0,0.0,91.13,87.0,97.0,78.23,14.12,113.0,98.0,85.85,15.5,124.0,99.0,0.0,0.0,,,0.0,,,,,,,0.0,0.0,,33.9,0.0,,,0.0,0.0,,23,0.0,0.0,21.0,0.0,46.0,85.0,2.08,0.38,3.0,10.0,0.0,0.0,,21.0,0.0,0.0,,8.0,0.0,0.0,0.0,0.0,,99.0,6.23,1.12,99.0,0.0,0.0,,9.0,,,,,50.0,0.14,0.03,0.2,9.0,0.0,0.0,0.0,2026,0,0,0.0,0,0.0,0.0,0.0,2025-09-21 15:15:00,Domestic League,0,130,43,0,26,84,46,130,0,0,-1,18,-1,-1,0,2025/2026,2025,1
France_Ligue_1_2025-2026,Paris Josua Brunner,Monaco,Forward,19,0,0,Germany,2,2,4,0,0,0,0.0,2006-02-15,1,0.94,0,0,0,0,1,1,2,1.88,eu,,33.0,0.0,0.0,,82.0,1.88,0.29,0.0,2.0,520000.0,10.0,50.0,0.0,3.71,3.0,31.0,0.0,0.0,,1.0,25.0,86.0,99.0,2.0,2.0,0.0,0.0,,9.0,0.0,33.0,53.0,0.94,0.14,1.0,7.0,96.0,34.0,0.94,0.14,1.0,1.0,1.88,0.29,2.0,87.0,2.81,0.43,76.0,0.94,0.14,33.0,30.0,1.0,3.0,99.0,15.94,2.43,17.0,63.0,4.69,0.71,29.0,5.0,99.0,6.56,1.0,7.0,47.0,0.94,0.14,1.0,1.0,,3.0,72.0,3.0,74.0,28.0,68.0,57.0,43.0,,76.0,0.0,0.0,,66.0,0.94,0.14,1.0,7.0,0.0,0.0,,0.0,,23.0,9.0,43.0,,45.0,0.08,0.01,0.09,64.71,2.0,3.0,10.31,1.57,11.0,5.0,15.94,2.43,17.0,99.0,0.0,0.0,,,0.0,,,,,,,0.0,0.0,,25.94,0.0,,,0.0,0.0,,29,0.0,0.0,21.0,0.0,46.0,81.0,1.88,0.29,2.0,95.0,1.88,0.29,2.0,21.0,0.0,0.0,,78.0,1.88,0.29,0.0,0.0,2.0,28.0,0.94,0.14,99.0,0.0,0.0,,1.0,,,,,,0.02,0.0,0.02,43.0,0.08,0.01,0.09,2026,0,0,0.0,0,0.0,0.0,0.0,2025-09-21 15:15:00,Domestic League,0,96,48,0,24,40,56,96,0,0,-1,12,-1,-1,0,2025/2026,2025,1
France_Ligue_1_2025-2026,Gautier Lloris,Le Havre,Defender,30,188,77,France,7,8,15,0,1,1,0.07,1970-01-10,3,0.21,2,2,4,27,7,8,15,1.04,eu,,33.0,0.0,0.0,,92.0,2.62,2.5,0.0,35.0,1810000.0,55.0,54.0,0.07,6.88,76.0,85.0,0.6,0.57,8.0,1.0,7.0,33.0,62.0,60.0,92.0,4.86,4.64,65.0,69.0,0.0,33.0,17.0,0.0,0.0,,14.0,1204.0,73.0,0.3,0.29,4.0,82.0,0.22,0.21,3.0,10.0,0.07,0.07,14.0,0.07,0.07,100.0,99.0,1.0,1.0,37.0,7.4,7.07,99.0,62.0,4.63,4.43,62.0,62.0,62.0,1.27,1.21,17.0,28.0,0.6,0.57,8.0,14.0,89.0,,25.0,,18.0,60.0,76.0,59.0,66.0,,76.0,0.0,0.0,,98.0,1.94,1.86,26.0,20.0,0.22,0.21,3.0,0.0,76.0,62.0,69.0,78.0,81.0,47.0,0.09,0.09,1.2,93.27,94.0,87.0,54.94,52.5,735.0,84.0,58.9,56.29,788.0,17.0,0.07,0.07,1.0,,0.0,,,,,,,0.0,0.0,,96.39,0.0,,,0.0,0.0,,4,0.0,42.86,75.0,14.29,72.0,18.0,0.9,0.86,12.0,27.0,0.3,0.29,4.0,45.0,0.22,0.21,3.0,32.0,0.52,0.5,0.0,7.0,7.0,45.0,1.35,1.29,99.0,0.0,0.0,,18.0,,,,,64.0,0.17,0.16,2.28,45.0,0.09,0.09,1.2,2026,1,1,0.21,2,0.16,0.13,0.14,2025-12-14 14:00:00,Domestic League,1294,431,86,647,86,574,720,1294,0,0,-1,3,117,35,1,2025/2026,2025,2
France_Ligue_1_2025-2026,Étienne Youte Kinkoue,Le Havre,Defender,23,195,0,France,5,2,7,0,0,0,0.0,2002-01-14,2,0.56,2,2,4,56,7,0,7,1.95,eu,,33.0,0.0,0.0,,61.0,1.11,0.27,0.0,4.0,540000.0,10.0,50.0,0.0,2.66,,99.0,1.94,0.47,7.0,2.0,29.0,90.0,97.0,99.0,99.0,7.5,1.8,27.0,8.0,0.0,33.0,17.0,0.0,0.0,,15.0,324.0,99.0,0.0,0.0,,75.0,0.28,0.07,1.0,9.0,0.0,0.0,11.0,0.0,0.0,0.0,11.0,,,10.0,5.0,1.2,18.0,14.0,2.78,0.67,55.0,10.0,30.0,0.83,0.2,3.0,11.0,0.28,0.07,1.0,3.0,2.0,4.0,81.0,1.0,44.0,28.0,68.0,57.0,43.0,,76.0,0.0,0.0,,7.0,0.0,0.0,,24.0,0.28,0.07,1.0,0.0,6.0,27.0,8.0,43.0,,10.0,0.0,0.0,0.0,84.08,49.0,59.0,36.67,8.8,132.0,61.0,43.61,10.47,157.0,99.0,0.0,0.0,,,0.0,,,,,,,0.0,0.0,,39.86,0.0,,,0.0,0.0,,6,0.0,0.0,21.0,0.0,46.0,53.0,1.39,0.33,5.0,10.0,0.0,0.0,,21.0,0.0,0.0,,8.0,0.0,0.0,0.0,0.0,,60.0,1.67,0.4,99.0,0.0,0.0,,6.0,,,,,14.0,0.07,0.02,0.26,9.0,0.0,0.0,0.0,2026,0,0,0.0,0,0.0,0.0,0.0,2025-10-26 16:15:00,Domestic League,0,162,46,0,46,310,13,323,0,0,-1,17,193,110,0,2025/2026,2025,2
France_Ligue_1_2025-2026,Yassine Kechta,Le Havre,Midfielder,23,0,0,France,7,8,15,1,0,1,0.1,2002-02-25,2,0.19,2,2,4,27,10,6,16,1.56,eu,,44.0,8.67,5.93,83.0,17.0,0.31,0.21,0.0,3.0,1020000.0,33.0,63.0,0.07,6.53,48.0,76.0,0.42,0.29,4.0,2.0,14.0,60.0,59.0,60.0,40.0,1.04,0.71,10.0,26.0,518.75,46.0,67.0,1.67,1.14,16.0,14.0,862.0,17.0,1.46,1.0,14.0,1.0,2.3,1.57,22.0,53.0,1.15,0.79,43.0,0.42,0.29,36.0,35.0,4.0,11.0,80.0,11.38,7.79,109.0,28.0,3.55,2.43,31.0,34.0,98.0,2.61,1.79,25.0,59.0,1.15,0.79,11.0,10.0,56.0,4.0,81.0,3.0,74.0,58.0,76.0,57.0,57.0,,76.0,0.0,0.0,,57.0,0.84,0.57,8.0,61.0,0.94,0.64,9.0,0.0,76.0,68.0,26.0,86.0,50.0,67.0,0.18,0.12,1.7,77.7,25.0,25.0,21.82,14.93,209.0,24.0,28.09,19.21,269.0,99.0,0.0,0.0,,,0.0,,,,,,,0.0,0.0,,91.38,0.0,,,0.0,0.0,,8,0.0,33.33,57.0,6.67,49.0,51.0,1.36,0.93,13.0,72.0,1.04,0.71,10.0,70.0,0.52,0.36,5.0,72.0,1.57,1.07,0.0,15.0,15.0,66.0,1.77,1.21,99.0,0.0,0.0,,17.0,,,,,54.0,0.15,0.1,1.42,64.0,0.18,0.12,1.7,2026,1,0,0.19,1,0.16,0.0,0.1,2025-12-14 14:00:00,Domestic League,924,462,58,924,62,546,378,924,0,0,-1,6,141,-1,0,2025/2026,2025,2
France_Ligue_1_2025-2026,Rassoul Ndiaye,Le Havre,Midfielder,24,179,70,Senegal,8,8,16,0,0,0,0.0,2001-12-11,1,0.08,3,2,5,31,7,6,13,1.07,eu,,61.0,15.99,11.87,178.0,26.0,0.45,0.33,0.0,5.0,690000.0,17.0,50.0,0.0,6.95,82.0,52.0,0.18,0.13,2.0,,,26.0,23.0,73.0,31.0,0.81,0.6,9.0,65.0,481.08,43.0,84.0,3.32,2.47,37.0,15.0,1002.0,74.0,0.27,0.2,3.0,8.0,1.35,1.0,15.0,54.0,1.17,0.87,61.0,0.63,0.47,53.0,69.0,7.0,13.0,47.0,8.17,6.07,91.0,51.0,4.31,3.2,52.0,48.0,18.0,0.63,0.47,7.0,60.0,1.17,0.87,13.0,12.0,70.0,3.0,72.0,3.0,74.0,65.0,74.0,81.0,81.0,,82.0,0.09,0.07,1.0,32.0,0.45,0.33,5.0,54.0,0.81,0.6,9.0,0.0,91.0,23.0,66.0,62.0,62.0,80.0,0.27,0.2,3.02,86.04,62.0,29.0,23.8,17.67,265.0,24.0,27.66,20.53,308.0,99.0,0.0,0.0,,,0.0,,,,,,,0.0,0.0,,104.31,0.0,,,0.0,0.0,,14,0.0,37.5,64.0,18.75,83.0,9.0,0.81,0.6,9.0,68.0,0.9,0.67,10.0,72.0,0.54,0.4,6.0,68.0,1.44,1.07,0.0,5.33,16.0,76.0,2.07,1.53,99.0,0.0,0.0,,23.0,,,,,18.0,0.08,0.06,0.84,77.0,0.27,0.2,3.02,2026,1,2,0.25,3,0.15,0.35,0.25,2025-12-14 14:00:00,Domestic League,0,1092,84,364,68,584,508,1092,0,0,-1,2,67,-1,0,2025/2026,2025,1
France_Ligue_1_2025-2026,Ayumu Seko,Le Havre,Defender,25,183,72,Japan,8,8,16,0,0,0,0.0,1970-01-12,3,0.2,3,2,5,31,11,8,19,1.25,eu,,40.0,7.06,6.67,100.0,65.0,1.27,1.2,0.0,18.0,910000.0,29.0,50.0,0.0,6.75,63.0,33.0,0.07,0.07,1.0,2.0,13.0,54.0,41.0,73.0,75.0,2.61,2.47,37.0,47.0,3333.33,92.0,28.0,0.21,0.2,3.0,15.0,1275.0,82.0,0.14,0.13,2.0,52.0,0.56,0.53,8.0,17.0,0.21,0.2,14.0,0.07,0.07,33.0,30.0,1.0,3.0,23.0,6.42,6.07,91.0,44.0,4.02,3.8,62.0,57.0,62.0,1.27,1.2,18.0,49.0,0.99,0.93,14.0,14.0,89.0,1.0,48.0,3.0,74.0,28.0,68.0,57.0,43.0,,76.0,0.0,0.0,,82.0,1.2,1.13,17.0,37.0,0.56,0.53,8.0,0.0,91.0,85.0,47.0,43.0,90.0,32.0,0.04,0.04,0.62,80.21,33.0,36.0,26.61,25.13,377.0,36.0,33.18,31.33,470.0,99.0,0.0,0.0,,,0.0,,,,,,,0.0,0.0,,101.19,0.0,,,0.0,0.0,,15,0.0,22.22,34.0,0.0,46.0,32.0,1.13,1.07,16.0,44.0,0.49,0.47,7.0,32.0,0.14,0.13,2.0,39.0,0.64,0.6,0.0,0.0,9.0,62.0,1.69,1.6,99.0,0.0,0.0,,24.0,,,,,18.0,0.08,0.08,1.16,30.0,0.04,0.04,0.62,2026,0,0,0.0,0,0.0,0.0,0.0,2025-12-14 14:00:00,Domestic League,0,455,72,0,85,645,720,1365,0,0,-1,23,194,59,0,2025/2026,2025,3
France_Ligue_1_2025-2026,Yanis Zouaoui,Le Havre,Midfielder,31,0,0,France,8,7,15,0,1,1,0.07,1970-01-09,4,0.29,3,2,5,33,12,7,19,1.38,eu,,75.0,22.32,20.29,284.0,40.0,0.63,0.57,0.0,8.0,690000.0,17.0,58.0,0.07,6.73,58.0,62.0,0.24,0.21,3.0,4.0,29.0,90.0,77.0,77.0,64.0,1.97,1.79,25.0,36.0,281.19,36.0,99.0,7.94,7.21,101.0,14.0,1145.0,41.0,0.79,0.71,10.0,47.0,0.63,0.57,8.0,75.0,2.04,1.86,76.0,0.94,0.86,46.0,54.0,12.0,26.0,43.0,7.86,7.14,100.0,34.0,3.77,3.43,48.0,48.0,36.0,0.94,0.86,12.0,36.0,0.71,0.64,9.0,13.0,79.0,1.0,48.0,2.0,60.0,36.0,68.0,57.0,43.0,,76.0,0.0,0.0,,66.0,0.94,0.86,12.0,83.0,1.49,1.36,19.0,0.0,76.0,46.0,37.0,43.0,75.0,40.0,0.06,0.05,0.76,77.59,24.0,42.0,29.4,26.71,374.0,48.0,37.89,34.43,482.0,99.0,0.0,0.0,,,0.0,,,,,,,0.0,0.0,,94.17,0.0,,,0.0,0.0,,18,0.0,33.33,57.0,0.0,46.0,48.0,1.34,1.21,17.0,41.0,0.47,0.43,6.0,48.0,0.24,0.21,3.0,43.0,0.71,0.64,0.0,0.0,9.0,54.0,1.57,1.43,99.0,0.0,0.0,,20.0,,,,,64.0,0.17,0.15,2.15,39.0,0.06,0.05,0.76,2026,0,0,0.07,0,0.0,0.0,0.0,2025-12-14 14:00:00,Domestic League,1235,309,65,0,82,693,542,1235,0,0,-1,22,196,-1,0,2025/2026,2025,4
France_Ligue_1_2025-2026,Younes Namli,Le Havre,Midfielder,31,175,70,Denmark,6,6,12,1,0,1,0.27,1970-01-09,2,0.54,2,1,3,25,4,2,6,1.62,eu,,99.0,66.3,12.79,179.0,61.0,1.11,0.21,0.0,3.0,1590000.0,51.0,97.0,0.09,4.72,7.0,31.0,0.0,0.0,,1.0,9.0,40.0,84.0,55.0,43.0,1.11,0.21,3.0,10.0,895.0,60.0,99.0,7.41,1.43,20.0,14.0,243.0,28.0,1.11,0.21,3.0,1.0,2.22,0.43,6.0,65.0,1.48,0.29,67.0,0.74,0.14,50.0,65.0,2.0,4.0,96.0,14.81,2.86,40.0,91.0,6.3,1.21,42.0,17.0,98.0,2.59,0.5,7.0,73.0,1.48,0.29,4.0,2.0,,9.0,99.0,2.0,60.0,74.0,68.0,57.0,43.0,,76.0,0.0,0.0,,92.0,1.48,0.29,4.0,69.0,1.11,0.21,3.0,0.0,31.0,39.0,11.0,43.0,,32.0,0.04,0.01,0.12,68.48,4.0,28.0,23.33,4.5,63.0,38.0,34.07,6.57,92.0,99.0,0.0,0.0,,,0.0,,,,,,,0.0,0.0,,66.04,0.0,,,0.0,0.0,,21,0.0,0.0,21.0,0.0,46.0,79.0,1.85,0.36,5.0,76.0,1.11,0.21,3.0,21.0,0.0,0.0,,58.0,1.11,0.21,0.0,0.0,3.0,94.0,2.96,0.57,99.0,0.0,0.0,,8.0,,,,,94.0,0.31,0.06,0.84,30.0,0.04,0.01,0.12,2026,0,0,0.27,0,0.0,0.0,0.0,2025-12-14 14:00:00,Domestic League,333,167,56,0,28,192,141,333,0,0,-1,21,200,-1,0,2025/2026,2025,2
France_Ligue_1_2025-2026,Simon Ebonog,Le Havre,Midfielder,21,0,0,France,7,6,13,0,0,0,0.0,2004-08-16,2,0.33,3,2,5,38,8,2,10,1.63,eu,,33.0,0.0,0.0,,56.0,0.97,0.4,0.0,6.0,338000.0,6.0,50.0,0.0,5.73,20.0,89.0,0.65,0.27,4.0,2.0,15.0,65.0,79.0,80.0,59.0,1.62,0.67,10.0,21.0,0.0,33.0,46.0,0.65,0.27,4.0,15.0,554.0,10.0,1.79,0.73,11.0,99.0,0.0,0.0,,67.0,1.62,0.67,63.0,0.65,0.27,40.0,43.0,4.0,10.0,81.0,11.53,4.73,71.0,89.0,6.17,2.53,53.0,38.0,71.0,1.46,0.6,9.0,72.0,1.46,0.6,9.0,7.0,29.0,6.0,89.0,4.0,87.0,28.0,68.0,57.0,43.0,,76.0,0.0,0.0,,67.0,0.97,0.4,6.0,27.0,0.32,0.13,2.0,0.0,57.0,44.0,21.0,43.0,19.0,54.0,0.11,0.04,0.67,77.7,25.0,15.0,17.55,7.2,108.0,14.0,22.58,9.27,139.0,99.0,0.0,0.0,,,0.0,,,,,,,0.0,0.0,,85.89,0.0,,,0.0,0.0,,26,0.0,42.86,75.0,0.0,46.0,75.0,1.79,0.73,11.0,55.0,0.65,0.27,4.0,68.0,0.49,0.2,3.0,60.0,1.14,0.47,0.0,0.0,7.0,96.0,3.09,1.27,99.0,0.0,0.0,,19.0,,,,,8.0,0.05,0.02,0.33,52.0,0.11,0.04,0.67,2026,0,0,0.0,0,0.0,0.0,0.0,2025-12-07 16:15:00,Domestic League,0,277,55,0,43,284,269,553,0,0,-1,20,202,-1,0,2025/2026,2025,2
France_Ligue_1_2025-2026,Issa Soumaré,Le Havre,Forward,25,182,0,Senegal,8,8,16,1,1,2,0.13,1970-01-12,1,0.06,3,2,5,31,12,8,20,1.25,eu,,70.0,20.33,20.33,305.0,99.0,3.8,3.8,0.0,57.0,690000.0,17.0,69.0,0.13,7.11,92.0,56.0,0.2,0.2,3.0,1.0,7.0,33.0,26.0,73.0,52.0,1.33,1.33,20.0,47.0,871.43,59.0,75.0,2.33,2.33,35.0,15.0,1350.0,12.0,1.67,1.67,25.0,50.0,0.6,0.6,9.0,75.0,2.07,2.07,72.0,0.8,0.8,38.0,40.0,12.0,31.0,99.0,15.87,15.87,238.0,98.0,8.07,8.07,50.0,121.0,80.0,1.6,1.6,24.0,95.0,2.4,2.4,36.0,15.0,96.0,,25.0,,18.0,71.0,68.0,83.0,72.0,,96.0,0.2,0.2,3.0,23.0,0.33,0.33,5.0,67.0,1.07,1.07,16.0,0.0,91.0,99.0,47.0,72.0,96.0,74.0,0.23,0.23,3.48,73.83,13.0,12.0,15.8,15.8,237.0,13.0,21.4,21.4,321.0,99.0,0.0,0.0,,1.0,0.0,1.0,2.0,,2.0,,,0.0,0.0,,106.67,0.0,,,0.0,0.0,,45,0.0,34.21,58.0,7.89,53.0,38.0,1.2,1.2,18.0,92.0,1.67,1.67,25.0,82.0,0.87,0.87,13.0,91.0,2.53,2.53,0.0,12.67,38.0,39.0,1.2,1.2,99.0,0.0,0.0,,18.0,,,,,54.0,0.15,0.15,2.29,83.0,0.33,0.33,4.88,2026,0,3,0.31,3,0.0,0.38,0.19,2025-12-14 14:00:00,Domestic League,720,1440,72,480,90,720,720,1440,1,0,100,1,97,-1,0,2025/2026,2025,1
France_Ligue_1_2025-2026,Arouna Sangante,Le Havre,Defender,23,189,0,Senegal,7,8,15,0,0,0,0.0,2002-04-12,3,0.2,2,2,4,27,12,8,20,1.36,eu,,41.0,7.32,7.14,100.0,85.0,2.05,2.0,0.0,28.0,1140000.0,38.0,50.0,0.0,6.75,63.0,85.0,0.59,0.57,8.0,3.0,21.0,79.0,62.0,60.0,93.0,4.98,4.86,68.0,38.0,3333.33,92.0,29.0,0.22,0.21,3.0,14.0,1229.0,77.0,0.22,0.21,3.0,56.0,0.51,0.5,7.0,17.0,0.22,0.21,19.0,0.15,0.14,66.0,87.0,2.0,3.0,48.0,8.2,8.0,112.0,64.0,4.76,4.64,58.0,65.0,57.0,1.24,1.21,17.0,72.0,1.46,1.43,20.0,14.0,89.0,,25.0,2.0,60.0,33.0,68.0,59.0,48.0,,76.0,0.0,0.0,,80.0,1.17,1.14,16.0,20.0,0.22,0.21,3.0,0.0,76.0,63.0,40.0,97.0,84.0,45.0,0.08,0.07,1.03,88.27,75.0,84.0,52.36,51.07,715.0,85.0,59.32,57.86,810.0,17.0,0.07,0.07,1.0,,0.0,,,,,,,0.0,0.0,,94.45,0.0,,,0.0,0.0,,93,0.0,75.0,97.0,25.0,91.0,46.0,1.32,1.29,18.0,12.0,0.07,0.07,1.0,45.0,0.22,0.21,3.0,18.0,0.29,0.29,0.0,4.0,4.0,34.0,1.1,1.07,99.0,0.0,0.0,,15.0,,,,,37.0,0.11,0.11,1.54,43.0,0.08,0.07,1.03,2026,0,1,0.07,1,0.0,0.13,0.07,2025-12-14 14:00:00,Domestic League,0,440,66,1319,88,618,701,1319,0,0,-1,7,166,67,0,2025/2026,2025,3
France_Ligue_1_2025-2026,Mory Diaw,Le Havre,Goalkeeper,32,195,88,France,8,8,16,0,1,1,0.06,1970-01-09,0,0.0,3,2,5,31,12,8,20,1.25,eu,,33.0,0.0,0.0,,11.0,0.2,0.2,0.0,3.0,1140000.0,38.0,54.0,0.07,6.9,78.0,31.0,0.0,0.0,,,,26.0,23.0,73.0,27.0,0.67,0.67,10.0,47.0,0.0,33.0,17.0,0.0,0.0,,15.0,1350.0,99.0,0.0,0.0,,92.0,0.07,0.07,1.0,9.0,0.0,0.0,11.0,0.0,0.0,0.0,11.0,,,3.0,0.47,0.47,7.0,3.0,0.4,0.4,85.0,6.0,7.0,0.0,0.0,,3.0,0.13,0.13,2.0,15.0,96.0,,25.0,,18.0,33.0,68.0,57.0,43.0,,76.0,0.0,0.0,,11.0,0.13,0.13,2.0,18.0,0.2,0.2,3.0,0.0,91.0,23.0,47.0,43.0,96.0,10.0,0.0,0.0,0.0,72.78,11.0,30.0,24.07,24.07,361.0,36.0,33.07,33.07,496.0,99.0,0.0,0.0,,,0.0,,,,,,33.0,0.27,0.27,4.0,103.51,63.79,48.0,38.0,2.47,2.47,37.0,99,0.0,0.0,21.0,0.0,46.0,95.0,3.87,3.87,58.0,10.0,0.0,0.0,,21.0,0.0,0.0,,8.0,0.0,0.0,0.0,0.0,,6.0,0.07,0.07,99.0,0.0,0.0,,1.0,,,,,32.0,0.1,0.1,1.52,9.0,0.0,0.0,0.0,2026,0,0,0.06,0,0.0,0.0,0.0,2025-12-14 14:00:00,Domestic League,1440,0,72,0,90,720,720,1440,0,0,-1,19,243,58,0,2025/2026,2025,0
France_Ligue_1_2025-2026,Felix Khonde Mambimbi,Le Havre,Forward,24,170,0,Switzerland,5,6,11,0,0,0,0.0,1970-01-12,0,0.0,2,0,2,18,1,4,5,1.67,eu,,33.0,0.0,0.0,,42.0,0.66,0.13,0.0,2.0,560000.0,13.0,50.0,0.0,4.39,5.0,31.0,0.0,0.0,,,,26.0,23.0,31.0,39.0,1.0,0.2,3.0,20.0,0.0,33.0,62.0,1.33,0.27,4.0,15.0,271.0,48.0,0.66,0.13,2.0,42.0,0.66,0.13,2.0,78.0,2.32,0.47,79.0,1.0,0.2,42.0,48.0,3.0,7.0,84.0,11.96,2.4,36.0,51.0,4.32,0.87,36.0,13.0,99.0,2.99,0.6,9.0,32.0,0.66,0.13,2.0,3.0,2.0,8.0,97.0,5.0,94.0,28.0,68.0,57.0,43.0,,76.0,0.0,0.0,,87.0,1.33,0.27,4.0,80.0,1.33,0.27,4.0,0.0,31.0,23.0,20.0,43.0,,51.0,0.1,0.02,0.29,72.41,9.0,9.0,13.95,2.8,42.0,9.0,19.26,3.87,58.0,99.0,0.0,0.0,,,0.0,,,,,,,0.0,0.0,,65.82,0.0,,,0.0,0.0,,10,0.0,25.0,41.0,0.0,46.0,68.0,1.66,0.33,5.0,71.0,1.0,0.2,3.0,58.0,0.33,0.07,1.0,65.0,1.33,0.27,0.0,0.0,4.0,74.0,1.99,0.4,99.0,0.0,0.0,,6.0,,,,,14.0,0.07,0.01,0.22,49.0,0.1,0.02,0.29,2026,0,0,0.0,0,0.0,0.0,0.0,2025-11-08 18:00:00,Domestic League,0,0,54,0,25,89,181,270,0,0,-1,18,-1,-1,0,2025/2026,2025,0
France_Ligue_1_2025-2026,Godson Kyeremeh,Le Havre,Midfielder,25,175,60,France,3,6,9,0,1,1,0.27,1970-01-12,0,0.0,0,2,2,22,1,0,1,0.27,eu,,98.0,49.57,12.92,168.0,16.0,0.3,0.08,0.0,1.0,690000.0,17.0,94.0,0.12,4.18,4.0,31.0,0.0,0.0,,,,26.0,23.0,49.0,33.0,0.89,0.23,3.0,99.0,1120.0,69.0,90.0,4.43,1.15,15.0,13.0,305.0,26.0,1.18,0.31,4.0,74.0,0.3,0.08,1.0,84.0,2.66,0.69,74.0,0.89,0.23,33.0,30.0,3.0,9.0,91.0,13.28,3.46,45.0,94.0,6.79,1.77,51.0,23.0,86.0,1.77,0.46,6.0,99.0,4.43,1.15,15.0,3.0,2.0,5.0,85.0,5.0,94.0,69.0,68.0,57.0,43.0,,76.0,0.0,0.0,,7.0,0.0,0.0,,73.0,1.18,0.31,4.0,0.0,9.0,23.0,99.0,43.0,,47.0,0.09,0.02,0.32,84.21,51.0,10.0,14.16,3.69,48.0,7.0,16.82,4.38,57.0,99.0,0.0,0.0,,,0.0,,,,,,,0.0,0.0,,54.31,0.0,,,0.0,0.0,,11,0.0,25.0,41.0,0.0,46.0,1.0,0.59,0.15,2.0,68.0,0.89,0.23,3.0,56.0,0.3,0.08,1.0,62.0,1.18,0.31,0.0,0.0,4.0,50.0,1.48,0.38,99.0,0.0,0.0,,5.0,,,,,83.0,0.24,0.06,0.81,45.0,0.09,0.02,0.32,2026,0,0,0.27,0,0.0,0.0,0.0,2025-12-07 16:15:00,Domestic League,332,0,332,0,37,45,287,332,0,0,-1,15,242,-1,0,2025/2026,2025,0
France_Ligue_1_2025-2026,Fodé Doucouré,Le Havre,Defender,24,172,60,Mali,7,8,15,0,1,1,0.14,1970-01-12,0,0.0,2,2,4,27,4,4,8,1.08,eu,,77.0,23.11,11.33,170.0,54.0,0.95,0.47,0.0,7.0,560000.0,13.0,73.0,0.07,6.34,40.0,46.0,0.14,0.07,1.0,,,26.0,23.0,60.0,53.0,1.36,0.67,10.0,62.0,346.94,37.0,98.0,6.66,3.27,49.0,15.0,662.0,39.0,0.82,0.4,6.0,39.0,0.68,0.33,5.0,57.0,1.22,0.6,30.0,0.27,0.13,22.0,14.0,2.0,9.0,47.0,8.16,4.0,60.0,46.0,4.08,2.0,50.0,30.0,29.0,0.82,0.4,6.0,10.0,0.27,0.13,2.0,7.0,29.0,7.0,94.0,4.0,87.0,80.0,68.0,86.0,83.0,,76.0,0.0,0.0,,47.0,0.68,0.33,5.0,89.0,1.77,0.87,13.0,0.0,76.0,23.0,63.0,61.0,27.0,83.0,0.3,0.15,2.18,84.0,49.0,35.0,25.69,12.6,189.0,30.0,30.59,15.0,225.0,99.0,0.0,0.0,,,0.0,,,,,,,0.0,0.0,,95.08,0.0,,,0.0,0.0,,13,0.0,38.46,66.0,15.38,74.0,60.0,1.5,0.73,11.0,75.0,1.09,0.53,8.0,76.0,0.68,0.33,5.0,75.0,1.77,0.87,0.0,6.5,13.0,90.0,2.72,1.33,99.0,0.0,0.0,,20.0,,,,,75.0,0.2,0.1,1.47,79.0,0.3,0.15,2.18,2026,0,2,0.41,2,0.0,0.43,0.27,2025-11-30 16:15:00,Domestic League,664,0,83,332,44,249,415,664,0,0,-1,5,61,40,0,2025/2026,2025,0
France_Ligue_1_2025-2026,Guy Noël Prince Zohouri,Le Havre,Midfielder,18,0,0,France,0,0,0,0,0,0,0.0,2007-02-01,0,0.0,0,0,0,0,0,0,0,0.0,eu,,,,,,,,,,,,,,,,,,,,,,,,,,,,,,,,,,,,,,,,,,,,,,,,,,,,,,,,,,,,,,,,,,,,,,,,,,,,,,,,,,,,,,,,,,,,,,,,,,,,,,,,,,,,,,,,,,,,,,,,,,,,,,,,,,,,,,,,,,,,,,,,,,,,,,,,,,,,,,,,,,,,,,,,,,,,,,,,,,,,,,,2026,0,0,0.0,0,0.0,0.0,0.0,1970-01-01 00:00:00,Domestic League,0,0,0,0,0,0,0,0,0,0,-1,-1,-1,-1,0,2025/2026,2025,0
France_Ligue_1_2025-2026,Georges Gomis,Le Havre,Defender,55,0,0,Senegal,0,0,0,0,0,0,0.0,1970-01-01,0,0.0,0,0,0,0,0,0,0,0.0,eu,,,,,,,,,,,,,,,,,,,,,,,,,,,,,,,,,,,,,,,,,,,,,,,,,,,,,,,,,,,,,,,,,,,,,,,,,,,,,,,,,,,,,,,,,,,,,,,,,,,,,,,,,,,,,,,,,,,,,,,,,,,,,,,,,,,,,,,,,,,,,,,,,,,,,,,,,,,,,,,,,,,,,,,,,,,,,,,,,,,,,,,2026,0,0,0.0,0,0.0,0.0,0.0,1970-01-01 00:00:00,Domestic League,0,0,0,0,0,0,0,0,0,0,-1,-1,-1,-1,0,2025/2026,2025,0
France_Ligue_1_2025-2026,Ismail Bouneb,Le Havre,Midfielder,19,0,0,France,0,0,0,0,0,0,0.0,2006-06-07,0,0.0,0,0,0,0,0,0,0,0.0,eu,,,,,,,,,,,,,,,,,,,,,,,,,,,,,,,,,,,,,,,,,,,,,,,,,,,,,,,,,,,,,,,,,,,,,,,,,,,,,,,,,,,,,,,,,,,,,,,,,,,,,,,,,,,,,,,,,,,,,,,,,,,,,,,,,,,,,,,,,,,,,,,,,,,,,,,,,,,,,,,,,,,,,,,,,,,,,,,,,,,,,,,2026,0,0,0.0,0,0.0,0.0,0.0,1970-01-01 00:00:00,Domestic League,0,0,0,0,0,0,0,0,0,0,-1,-1,-1,-1,0,2025/2026,2025,0
France_Ligue_1_2025-2026,Mbwana Ally Samatta,Le Havre,Forward,33,180,75,Tanzania,6,5,11,0,0,0,0.0,1970-01-09,3,0.39,2,1,3,27,4,5,9,1.17,eu,,33.0,0.0,0.0,,87.0,2.19,1.5,0.0,15.0,910000.0,29.0,50.0,0.0,6.47,46.0,31.0,0.0,0.0,,3.0,30.0,92.0,93.0,62.0,2.0,0.0,0.0,,57.0,0.0,33.0,31.0,0.29,0.2,2.0,10.0,617.0,8.0,1.9,1.3,13.0,31.0,0.73,0.5,5.0,54.0,1.17,0.8,57.0,0.58,0.4,50.0,65.0,4.0,8.0,88.0,12.69,8.7,87.0,40.0,3.94,2.7,31.0,27.0,95.0,2.19,1.5,15.0,44.0,0.88,0.6,6.0,8.0,36.0,2.0,63.0,1.0,44.0,28.0,68.0,57.0,43.0,,99.0,0.44,0.3,3.0,19.0,0.29,0.2,2.0,72.0,1.17,0.8,8.0,0.0,23.0,31.0,58.0,43.0,24.0,61.0,0.14,0.1,0.97,71.29,6.0,4.0,10.5,7.2,72.0,3.0,14.73,10.1,101.0,99.0,0.0,0.0,,,0.0,,,,,,,0.0,0.0,,64.69,0.0,,,0.0,0.0,,70,0.0,25.0,41.0,0.0,46.0,26.0,1.02,0.7,7.0,94.0,1.75,1.2,12.0,73.0,0.58,0.4,4.0,87.0,2.33,1.6,0.0,0.0,16.0,9.0,0.29,0.2,99.0,0.0,0.0,,2.0,,,,,11.0,0.06,0.04,0.4,59.0,0.14,0.1,0.97,2026,0,0,0.0,0,0.0,0.0,0.0,2025-12-14 14:00:00,Domestic League,0,232,77,0,63,361,334,695,0,0,-1,16,293,-1,0,2025/2026,2025,3
France_Ligue_1_2025-2026,Lionel Mpasi-Nzau,Le Havre,Goalkeeper,31,182,78,France,0,0,0,0,0,0,0.0,1970-01-09,0,0.0,0,0,0,0,0,0,0,0.0,eu,,,,,,,,,,,,,,,,,,,,,,,,,,,,,,,,,,,,,,,,,,,,,,,,,,,,,,,,,,,,,,,,,,,,,,,,,,,,,,,,,,,,,,,,,,,,,,,,,,,,,,,,,,,,,,,,,,,,,,,,,,,,,,,,,,,,,,,,,,,,,,,,,,,,,,,,,,,,,,,,,,,,,,,,,,,,,,,,,,,,,,,2026,0,0,0.0,0,0.0,0.0,0.0,1970-01-01 00:00:00,Domestic League,0,0,0,0,0,0,0,0,0,0,-1,-1,-1,-1,0,2025/2026,2025,0
France_Ligue_1_2025-2026,Daren Nbenbege Mosengo,Le Havre,Midfielder,55,0,0,,1,0,1,0,0,0,0.0,1970-01-01,0,0.0,0,0,0,0,0,0,0,0.0,eu,,33.0,0.0,0.0,,2.0,0.0,0.0,0.0,,160000.0,2.0,50.0,0.0,0.93,,31.0,0.0,0.0,,,,26.0,23.0,2.0,2.0,0.0,0.0,,99.0,0.0,33.0,17.0,0.0,0.0,,7.0,11.0,99.0,0.0,0.0,,99.0,0.0,0.0,,9.0,0.0,0.0,11.0,0.0,0.0,0.0,11.0,,,99.0,16.36,0.29,2.0,98.0,8.18,0.14,50.0,1.0,7.0,0.0,0.0,,2.0,0.0,0.0,,,,1.0,48.0,,18.0,28.0,68.0,57.0,43.0,,76.0,0.0,0.0,,7.0,0.0,0.0,,7.0,0.0,0.0,,0.0,,23.0,,43.0,,10.0,0.0,0.0,0.0,85.71,60.0,81.0,49.09,0.86,6.0,82.0,57.27,1.0,7.0,99.0,0.0,0.0,,,0.0,,,,,,,0.0,0.0,,6.5,0.0,,,0.0,0.0,,78,0.0,0.0,21.0,0.0,46.0,,0.0,0.0,,10.0,0.0,0.0,,21.0,0.0,0.0,,8.0,0.0,0.0,0.0,0.0,,99.0,8.18,0.14,99.0,0.0,0.0,,1.0,,,,,18.0,0.08,0.0,0.01,9.0,0.0,0.0,0.0,2026,0,0,0.0,0,0.0,0.0,0.0,1970-01-01 00:00:00,Domestic League,0,0,0,0,11,11,0,11,0,0,-1,8,-1,-1,0,2025/2026,2025,0
France_Ligue_1_2025-2026,Hichem Boudaoui,Nice,Midfielder,26,175,61,Algeria,5,7,12,2,0,2,0.21,1970-01-11,3,0.32,0,2,2,17,9,3,12,1.28,eu,,72.0,21.28,15.38,200.0,40.0,0.64,0.46,0.0,6.0,2270000.0,65.0,85.0,0.17,6.27,38.0,77.0,0.43,0.31,4.0,3.0,25.0,86.0,79.0,29.0,54.0,1.38,1.0,13.0,46.0,2000.0,85.0,57.0,1.06,0.77,10.0,13.0,846.0,19.0,1.38,1.0,13.0,62.0,0.43,0.31,4.0,72.0,1.91,1.38,77.0,0.96,0.69,50.0,65.0,9.0,18.0,50.0,8.3,6.0,78.0,57.0,4.47,3.23,53.0,42.0,52.0,1.17,0.85,11.0,85.0,1.81,1.31,17.0,9.0,46.0,3.0,72.0,4.0,87.0,70.0,68.0,70.0,59.0,,76.0,0.0,0.0,,85.0,1.28,0.92,12.0,66.0,1.06,0.77,10.0,0.0,44.0,45.0,47.0,86.0,48.0,65.0,0.17,0.12,1.56,85.15,55.0,44.0,29.89,21.62,281.0,42.0,35.11,25.38,330.0,99.0,0.0,0.0,,,0.0,,,,,,,0.0,0.0,,81.52,0.0,,,0.0,0.0,,6,0.0,50.0,87.0,8.33,54.0,66.0,1.6,1.15,15.0,54.0,0.64,0.46,6.0,75.0,0.64,0.46,6.0,64.0,1.28,0.92,0.0,12.0,12.0,32.0,1.06,0.77,99.0,0.0,0.0,,10.0,,,,,79.0,0.23,0.16,2.14,63.0,0.17,0.12,1.56,2026,0,1,0.32,1,0.0,0.21,0.11,2025-11-09 16:15:00,Domestic League,423,282,71,846,71,414,432,846,0,0,-1,7,130,-1,0,2025/2026,2025,3
France_Ligue_1_2025-2026,Teremas Igoboras Moffi,Nice,Forward,26,188,89,Nigeria,5,5,10,0,0,0,0.0,1970-01-11,0,0.0,0,1,1,10,6,4,10,1.84,eu,,33.0,0.0,0.0,,60.0,1.1,0.6,0.0,6.0,3410000.0,80.0,50.0,0.0,6.7,55.0,52.0,0.18,0.1,1.0,,,26.0,23.0,9.0,4.0,0.18,0.1,1.0,11.0,0.0,33.0,17.0,0.0,0.0,,10.0,489.0,16.0,1.47,0.8,8.0,53.0,0.55,0.3,3.0,59.0,1.29,0.7,39.0,0.37,0.2,28.0,21.0,2.0,7.0,29.0,6.81,3.7,37.0,9.0,2.02,1.1,29.0,11.0,12.0,0.37,0.2,2.0,15.0,0.37,0.2,2.0,6.0,21.0,4.0,81.0,3.0,74.0,74.0,89.0,80.0,88.0,,96.0,0.18,0.1,1.0,7.0,0.0,0.0,,60.0,0.92,0.5,5.0,0.0,23.0,23.0,11.0,55.0,13.0,94.0,0.49,0.27,2.67,71.43,7.0,3.0,10.12,5.5,55.0,2.0,14.17,7.7,77.0,99.0,0.0,0.0,,,0.0,,,,,,,0.0,0.0,,66.98,0.0,,,0.0,0.0,,9,0.0,50.0,87.0,12.5,67.0,83.0,2.02,1.1,11.0,89.0,1.47,0.8,8.0,97.0,1.47,0.8,8.0,94.0,2.94,1.6,0.0,8.0,16.0,9.0,0.18,0.1,99.0,0.0,0.0,,1.0,,,,,14.0,0.07,0.04,0.36,92.0,0.49,0.27,2.67,2026,1,1,0.37,2,0.4,0.34,0.37,2025-11-30 16:15:00,Domestic League,0,0,49,245,49,225,264,489,0,0,-1,3,40,-1,0,2025/2026,2025,0
France_Ligue_1_2025-2026,Badredine Bouanani,Nice,Forward,21,0,0,France,0,2,2,0,0,0,0.0,2004-12-08,0,0.0,0,0,0,0,0,0,0,0.0,eu,,34.0,0.97,0.5,1.0,2.0,0.0,0.0,0.0,,,1.0,50.0,0.0,6.75,63.0,31.0,0.0,0.0,,,,26.0,23.0,2.0,2.0,0.0,0.0,,99.0,20.0,34.0,93.0,4.84,2.5,5.0,2.0,93.0,99.0,0.0,0.0,,16.0,0.97,0.5,1.0,95.0,3.87,2.0,78.0,0.97,0.5,25.0,16.0,1.0,4.0,54.0,8.71,4.5,9.0,15.0,2.9,1.5,33.0,3.0,7.0,0.0,0.0,,87.0,1.94,1.0,2.0,1.0,,1.0,48.0,2.0,60.0,28.0,68.0,57.0,43.0,,76.0,0.0,0.0,,67.0,0.97,0.5,1.0,63.0,0.97,0.5,1.0,0.0,,23.0,,43.0,,36.0,0.05,0.03,0.05,78.72,30.0,58.0,35.81,18.5,37.0,64.0,45.48,23.5,47.0,99.0,0.0,0.0,,,0.0,,,,,,,0.0,0.0,,13.51,0.0,,,0.0,0.0,,19,0.0,0.0,21.0,0.0,46.0,,0.0,0.0,,71.0,0.97,0.5,1.0,21.0,0.0,0.0,,53.0,0.97,0.5,0.0,0.0,1.0,5.0,0.0,0.0,99.0,0.0,0.0,,,,,,,32.0,0.1,0.05,0.1,35.0,0.05,0.03,0.05,2026,0,0,0.0,0,0.0,0.0,0.0,2025-08-16 19:05:00,Domestic League,0,0,0,0,47,0,93,93,0,0,-1,14,-1,-1,0,2025/2026,2025,0
France_Ligue_1_2025-2026,Tom Alexis Louchet,Nice,Midfielder,22,176,65,France,6,6,12,0,2,2,0.29,2003-05-04,3,0.44,0,2,2,17,7,2,9,1.31,eu,,93.0,35.39,17.36,243.0,45.0,0.73,0.36,0.0,5.0,1020000.0,33.0,93.0,0.17,5.81,23.0,84.0,0.58,0.29,4.0,1.0,8.0,40.0,93.0,29.0,72.0,2.48,1.21,17.0,44.0,1012.5,67.0,85.0,3.5,1.71,24.0,14.0,618.0,55.0,0.58,0.29,4.0,51.0,0.58,0.29,4.0,65.0,1.46,0.71,57.0,0.58,0.29,40.0,43.0,4.0,10.0,56.0,8.88,4.36,61.0,53.0,4.37,2.14,49.0,30.0,80.0,1.6,0.79,11.0,43.0,0.87,0.43,6.0,6.0,21.0,6.0,89.0,1.0,44.0,68.0,68.0,57.0,43.0,,93.0,0.15,0.07,1.0,80.0,1.17,0.57,8.0,92.0,1.89,0.93,13.0,0.0,44.0,31.0,45.0,43.0,24.0,26.0,0.03,0.02,0.23,78.17,28.0,41.0,28.69,14.07,197.0,45.0,36.7,18.0,252.0,99.0,0.0,0.0,,,0.0,,,,,,,0.0,0.0,,81.34,0.0,,,0.0,0.0,,20,0.0,0.0,21.0,0.0,46.0,57.0,1.46,0.71,10.0,59.0,0.73,0.36,5.0,21.0,0.0,0.0,,44.0,0.73,0.36,0.0,0.0,5.0,80.0,2.18,1.07,99.0,0.0,0.0,,15.0,,,,,93.0,0.3,0.15,2.07,25.0,0.03,0.02,0.23,2026,0,0,0.29,0,0.0,0.0,0.0,2025-12-07 14:00:00,Domestic League,309,206,69,0,52,351,267,618,0,0,-1,23,292,-1,1,2025/2026,2025,2
France_Ligue_1_2025-2026,Isak Alexander Jansson,Nice,Midfielder,23,0,0,Sweden,4,7,11,0,0,0,0.0,2002-01-31,2,0.45,0,2,2,18,3,2,5,1.13,eu,,99.0,56.25,16.67,250.0,26.0,0.45,0.13,0.0,2.0,1700000.0,53.0,50.0,0.0,4.87,10.0,31.0,0.0,0.0,,2.0,18.0,69.0,93.0,31.0,16.0,0.45,0.13,2.0,62.0,4166.67,94.0,62.0,1.35,0.4,6.0,15.0,400.0,28.0,1.12,0.33,5.0,8.0,1.35,0.4,6.0,74.0,2.02,0.6,64.0,0.67,0.2,33.0,30.0,3.0,9.0,75.0,10.57,3.13,47.0,29.0,3.6,1.07,34.0,16.0,66.0,1.35,0.4,6.0,57.0,1.12,0.33,5.0,4.0,7.0,7.0,94.0,7.0,98.0,62.0,68.0,83.0,77.0,,76.0,0.0,0.0,,63.0,0.9,0.27,4.0,69.0,1.12,0.33,5.0,0.0,31.0,30.0,63.0,68.0,3.0,89.0,0.38,0.11,1.71,69.23,5.0,11.0,14.18,4.2,63.0,11.0,20.48,6.07,91.0,99.0,0.0,0.0,,,0.0,,,,,,,0.0,0.0,,73.02,0.0,,,0.0,0.0,,21,0.0,70.0,96.0,10.0,58.0,31.0,1.12,0.33,5.0,56.0,0.67,0.2,3.0,98.0,1.58,0.47,7.0,84.0,2.25,0.67,0.0,10.0,10.0,45.0,1.35,0.4,99.0,0.0,0.0,,6.0,,,,,11.0,0.06,0.02,0.27,87.0,0.38,0.11,1.71,2026,0,1,0.23,1,0.0,0.38,0.23,2025-11-01 16:00:00,Domestic League,0,200,80,400,36,163,237,400,0,0,-1,9,83,-1,0,2025/2026,2025,2
France_Ligue_1_2025-2026,Melvin Bard,Nice,Defender,25,173,65,France,7,8,15,0,0,0,0.0,1970-01-12,2,0.14,0,2,2,13,14,10,24,1.72,eu,,61.0,15.81,14.73,221.0,59.0,1.07,1.0,0.0,15.0,4090000.0,86.0,50.0,0.0,6.73,58.0,83.0,0.57,0.53,8.0,2.0,13.0,54.0,41.0,15.0,82.0,3.29,3.07,46.0,17.0,502.27,45.0,83.0,3.15,2.93,44.0,15.0,1258.0,37.0,0.86,0.8,12.0,27.0,0.79,0.73,11.0,57.0,1.22,1.13,71.0,0.79,0.73,64.0,81.0,11.0,17.0,38.0,7.51,7.0,105.0,42.0,4.01,3.73,53.0,56.0,27.0,0.79,0.73,11.0,51.0,1.0,0.93,14.0,13.0,79.0,2.0,63.0,,18.0,33.0,68.0,59.0,48.0,,76.0,0.0,0.0,,70.0,1.0,0.93,14.0,37.0,0.57,0.53,8.0,0.0,91.0,82.0,17.0,98.0,86.0,51.0,0.1,0.09,1.34,80.97,37.0,57.0,34.7,32.33,485.0,58.0,42.85,39.93,599.0,99.0,0.0,0.0,,,0.0,,,,,,,0.0,0.0,,100.96,0.0,,,0.0,0.0,,26,0.0,30.0,47.0,10.0,58.0,80.0,1.86,1.73,26.0,45.0,0.5,0.47,7.0,41.0,0.21,0.2,3.0,44.0,0.72,0.67,0.0,10.0,10.0,46.0,1.36,1.27,99.0,0.0,0.0,,19.0,,,,,32.0,0.1,0.1,1.44,49.0,0.1,0.09,1.34,2026,0,1,0.07,1,0.0,0.13,0.07,2025-12-07 14:00:00,Domestic League,0,629,52,1258,84,584,674,1258,0,0,-1,8,168,96,0,2025/2026,2025,2
France_Ligue_1_2025-2026,Abdulay Juma Bah,Nice,Midfielder,19,0,0,Sierra Leone,5,7,12,0,0,0,0.0,2006-04-11,4,0.4,0,2,2,17,8,8,16,1.6,eu,,33.0,0.0,0.0,,91.0,2.5,1.79,0.0,25.0,730000.0,18.0,50.0,0.0,5.8,22.0,98.0,1.2,0.86,12.0,4.0,33.0,95.0,88.0,29.0,99.0,6.61,4.71,66.0,23.0,0.0,33.0,17.0,0.0,0.0,,14.0,899.0,78.0,0.2,0.14,2.0,85.0,0.2,0.14,2.0,27.0,0.5,0.36,51.0,0.5,0.36,100.0,99.0,5.0,5.0,48.0,8.21,5.86,82.0,50.0,4.3,3.07,52.0,43.0,68.0,1.4,1.0,14.0,17.0,0.4,0.29,4.0,10.0,56.0,2.0,63.0,1.0,44.0,28.0,68.0,57.0,43.0,,76.0,0.0,0.0,,63.0,0.9,0.64,9.0,25.0,0.3,0.21,3.0,0.0,44.0,36.0,23.0,43.0,54.0,26.0,0.03,0.02,0.3,93.65,96.0,85.0,53.16,37.93,531.0,82.0,56.76,40.5,567.0,9.0,0.1,0.07,1.0,,0.0,,,,,,,0.0,0.0,,81.24,0.0,,,0.0,0.0,,28,0.0,25.0,41.0,0.0,46.0,76.0,1.8,1.29,18.0,27.0,0.3,0.21,3.0,26.0,0.1,0.07,1.0,24.0,0.4,0.29,0.0,0.0,4.0,27.0,0.9,0.64,99.0,0.0,0.0,,9.0,,,,,37.0,0.11,0.08,1.13,25.0,0.03,0.02,0.3,2026,0,0,0.0,0,0.0,0.0,0.0,2025-12-07 14:00:00,Domestic League,0,225,56,0,75,379,520,899,0,0,-1,19,291,-1,0,2025/2026,2025,4
France_Ligue_1_2025-2026,Antoine Mendy,Nice,Defender,21,187,62,France,6,7,13,0,0,0,0.0,2004-05-27,5,0.39,0,1,1,8,10,10,20,1.57,eu,,33.0,0.0,0.0,,95.0,2.91,2.47,0.0,37.0,910000.0,29.0,50.0,0.0,5.8,22.0,97.0,1.1,0.93,14.0,5.0,38.0,99.0,86.0,6.0,98.0,6.38,5.4,81.0,26.0,0.0,33.0,51.0,0.87,0.73,11.0,15.0,1143.0,68.0,0.39,0.33,5.0,11.0,1.1,0.93,14.0,35.0,0.71,0.6,40.0,0.39,0.33,55.0,71.0,5.0,9.0,75.0,10.63,9.0,135.0,91.0,6.3,5.33,59.0,80.0,70.0,1.42,1.2,18.0,52.0,1.02,0.87,13.0,13.0,79.0,,25.0,4.0,87.0,28.0,68.0,57.0,43.0,,76.0,0.0,0.0,,34.0,0.47,0.4,6.0,11.0,0.08,0.07,1.0,0.0,57.0,38.0,26.0,43.0,75.0,36.0,0.05,0.05,0.68,85.31,56.0,78.0,47.56,40.27,604.0,80.0,55.75,47.2,708.0,13.0,0.08,0.07,1.0,,0.0,,,,,,,0.0,0.0,,86.97,0.0,,,0.0,0.0,,33,0.0,42.86,75.0,0.0,46.0,68.0,1.65,1.4,21.0,28.0,0.31,0.27,4.0,48.0,0.24,0.2,3.0,34.0,0.55,0.47,0.0,0.0,7.0,78.0,2.13,1.8,99.0,0.0,0.0,,27.0,,,,,24.0,0.09,0.08,1.2,35.0,0.05,0.05,0.68,2026,0,0,0.0,0,0.0,0.0,0.0,2025-12-07 14:00:00,Domestic League,0,229,57,0,88,513,630,1143,0,0,-1,10,290,85,0,2025/2026,2025,5
France_Ligue_1_2025-2026,Kojo Peprah Oppong,Nice,Midfielder,0,0,0,Ghana,7,7,14,0,0,0,0.0,1970-01-01,1,0.08,0,2,2,14,14,8,22,1.69,eu,,60.0,15.37,13.33,200.0,76.0,1.61,1.4,0.0,21.0,800000.0,22.0,50.0,0.0,6.43,43.0,94.0,0.85,0.73,11.0,1.0,7.0,33.0,28.0,21.0,86.0,3.84,3.33,50.0,18.0,4000.0,94.0,36.0,0.38,0.33,5.0,15.0,1171.0,63.0,0.46,0.4,6.0,54.0,0.54,0.47,7.0,44.0,0.92,0.8,69.0,0.77,0.67,83.0,92.0,10.0,12.0,51.0,8.38,7.27,109.0,70.0,5.07,4.4,60.0,66.0,49.0,1.15,1.0,15.0,51.0,1.0,0.87,13.0,13.0,79.0,1.0,48.0,2.0,60.0,36.0,72.0,57.0,52.0,,76.0,0.0,0.0,,78.0,1.15,1.0,15.0,33.0,0.46,0.4,6.0,0.0,76.0,97.0,18.0,94.0,78.0,47.0,0.09,0.08,1.16,91.86,90.0,79.0,47.73,41.4,621.0,76.0,51.96,45.07,676.0,99.0,0.0,0.0,,,0.0,,,,,,,0.0,0.0,,96.41,0.0,,,0.0,0.0,,37,0.0,25.0,41.0,12.5,67.0,78.0,1.84,1.6,24.0,41.0,0.46,0.4,6.0,34.0,0.15,0.13,2.0,38.0,0.61,0.53,0.0,8.0,8.0,62.0,1.69,1.47,99.0,0.0,0.0,,22.0,,,,,32.0,0.1,0.09,1.28,45.0,0.09,0.08,1.16,2026,1,0,0.08,1,0.16,0.0,0.08,2025-11-30 16:15:00,Domestic League,0,1171,53,1171,84,563,608,1171,0,0,-1,5,156,-1,0,2025/2026,2025,1
France_Ligue_1_2025-2026,Yehvann Diouf,Nice,Goalkeeper,26,184,74,France,7,8,15,0,0,0,0.0,1970-01-11,0,0.0,0,2,2,13,14,10,24,1.6,eu,,33.0,0.0,0.0,,22.0,0.4,0.4,0.0,6.0,3640000.0,82.0,50.0,0.0,7.09,91.0,31.0,0.0,0.0,,,,26.0,23.0,15.0,34.0,0.93,0.93,14.0,23.0,0.0,33.0,17.0,0.0,0.0,,15.0,1350.0,99.0,0.0,0.0,,99.0,0.0,0.0,,9.0,0.0,0.0,11.0,0.0,0.0,0.0,11.0,,,3.0,0.47,0.47,7.0,3.0,0.4,0.4,85.0,6.0,7.0,0.0,0.0,,2.0,0.07,0.07,1.0,15.0,96.0,,25.0,,18.0,28.0,68.0,57.0,43.0,,76.0,0.0,0.0,,7.0,0.0,0.0,,7.0,0.0,0.0,,0.0,91.0,23.0,23.0,43.0,96.0,10.0,0.0,0.0,0.0,74.57,16.0,21.0,20.13,20.13,302.0,22.0,27.0,27.0,405.0,99.0,0.0,0.0,,,0.0,,,1.0,,,99.0,0.6,0.6,9.0,106.34,67.44,67.0,95.0,3.87,3.87,58.0,80,0.0,0.0,21.0,0.0,46.0,99.0,5.73,5.73,86.0,10.0,0.0,0.0,,21.0,0.0,0.0,,8.0,0.0,0.0,0.0,0.0,,5.0,0.0,0.0,99.0,0.0,0.0,,,,,,,4.0,0.04,0.04,0.59,9.0,0.0,0.0,0.0,2026,0,0,0.0,0,0.0,0.0,0.0,2025-12-07 14:00:00,Domestic League,0,0,56,0,90,630,720,1350,0,0,-1,24,289,89,0,2025/2026,2025,0
France_Ligue_1_2025-2026,Jonathan Clauss,Nice,Defender,33,178,69,France,6,6,12,1,1,2,0.18,1970-01-09,0,0.0,0,1,1,8,12,9,21,1.94,eu,,85.0,27.48,24.83,298.0,15.0,0.28,0.25,0.0,3.0,5690000.0,94.0,79.0,0.17,7.13,94.0,52.0,0.18,0.17,2.0,,,26.0,23.0,6.0,69.0,2.31,2.08,25.0,8.0,350.59,37.0,99.0,7.84,7.08,85.0,12.0,976.0,57.0,0.55,0.5,6.0,24.0,0.83,0.75,9.0,55.0,1.2,1.08,75.0,0.92,0.83,76.0,91.0,10.0,13.0,24.0,6.55,5.92,71.0,37.0,3.87,3.5,59.0,42.0,39.0,1.01,0.92,11.0,32.0,0.65,0.58,7.0,11.0,61.0,1.0,48.0,1.0,44.0,67.0,79.0,57.0,55.0,,76.0,0.0,0.0,,76.0,1.11,1.0,12.0,97.0,2.4,2.17,26.0,0.0,44.0,23.0,8.0,90.0,60.0,54.0,0.11,0.1,1.18,82.44,42.0,62.0,38.08,34.42,413.0,67.0,46.2,41.75,501.0,99.0,0.0,0.0,,,0.0,,,,,,,0.0,0.0,,85.59,0.0,,,0.0,0.0,,92,0.0,22.22,34.0,11.11,61.0,84.0,2.03,1.83,22.0,55.0,0.65,0.58,7.0,37.0,0.18,0.17,2.0,49.0,0.83,0.75,0.0,9.0,9.0,75.0,2.03,1.83,99.0,0.0,0.0,,22.0,,,,,91.0,0.29,0.26,3.15,52.0,0.11,0.1,1.18,2026,1,0,0.28,1,0.21,0.0,0.09,2025-12-07 14:00:00,Domestic League,488,0,46,976,81,436,540,976,0,0,-1,6,142,108,0,2025/2026,2025,0
France_Ligue_1_2025-2026,Jeremie Boga,Nice,Midfielder,28,172,68,Ivory Coast,7,7,14,1,1,2,0.28,1970-01-10,0,0.0,0,2,2,14,8,5,13,1.81,eu,,51.0,11.72,6.0,84.0,7.0,0.14,0.07,0.0,1.0,2780000.0,72.0,92.0,0.14,6.85,71.0,31.0,0.0,0.0,,,,26.0,23.0,21.0,3.0,0.14,0.07,1.0,12.0,700.0,53.0,67.0,1.67,0.86,12.0,14.0,645.0,32.0,0.98,0.5,7.0,88.0,0.14,0.07,1.0,92.0,3.35,1.71,95.0,1.81,0.93,54.0,69.0,13.0,24.0,37.0,7.4,3.79,53.0,49.0,4.19,2.14,56.0,30.0,10.0,0.28,0.14,2.0,76.0,1.53,0.79,11.0,7.0,29.0,7.0,94.0,3.0,74.0,89.0,68.0,92.0,83.0,,76.0,0.0,0.0,,28.0,0.42,0.21,3.0,90.0,1.81,0.93,13.0,0.0,76.0,23.0,13.0,61.0,28.0,85.0,0.32,0.16,2.29,83.76,48.0,28.0,23.02,11.79,165.0,23.0,27.49,14.07,197.0,99.0,0.0,0.0,,,0.0,,,,,,,0.0,0.0,,95.97,0.0,,,0.0,0.0,,7,0.0,33.33,57.0,13.33,68.0,77.0,1.81,0.93,13.0,87.0,1.4,0.71,10.0,77.0,0.7,0.36,5.0,81.0,2.09,1.07,0.0,7.5,15.0,20.0,0.7,0.36,99.0,0.0,0.0,,5.0,,,,,89.0,0.28,0.14,2.0,80.0,0.32,0.16,2.29,2026,0,2,0.56,2,0.0,0.53,0.28,2025-10-29 18:00:00,Domestic League,323,0,50,323,46,305,340,645,0,0,-1,4,57,-1,0,2025/2026,2025,0
France_Ligue_1_2025-2026,Sofiane Diop,Nice,Forward,25,175,50,France,7,8,15,0,2,2,0.2,1970-01-12,3,0.3,0,2,2,13,12,9,21,2.08,eu,,59.0,14.98,10.07,151.0,11.0,0.2,0.13,0.0,2.0,4090000.0,86.0,82.0,0.13,7.05,88.0,39.0,0.1,0.07,1.0,3.0,20.0,77.0,76.0,15.0,5.0,0.2,0.13,2.0,4.0,1258.33,72.0,60.0,1.19,0.8,12.0,15.0,907.0,6.0,1.98,1.33,20.0,50.0,0.6,0.4,6.0,78.0,2.28,1.53,86.0,1.19,0.8,52.0,67.0,12.0,23.0,68.0,10.02,6.73,101.0,45.0,4.07,2.73,40.0,41.0,53.0,1.19,0.8,12.0,94.0,2.38,1.6,24.0,11.0,61.0,4.0,81.0,6.0,97.0,96.0,97.0,93.0,97.0,,84.0,0.1,0.07,1.0,41.0,0.6,0.4,6.0,78.0,1.29,0.87,13.0,0.0,91.0,49.0,4.0,47.0,55.0,91.0,0.39,0.26,3.91,78.51,28.0,37.0,27.19,18.27,274.0,40.0,34.63,23.27,349.0,99.0,0.0,0.0,,,0.0,2.0,,,2.0,,,0.0,0.0,,105.82,0.0,,,0.0,0.0,,10,0.0,30.77,49.0,23.08,90.0,89.0,2.18,1.47,22.0,95.0,1.79,1.2,18.0,80.0,0.79,0.53,8.0,92.0,2.58,1.73,0.0,4.33,26.0,15.0,0.5,0.33,99.0,0.0,0.0,,5.0,,,,,77.0,0.22,0.15,2.2,94.0,0.53,0.35,5.31,2026,3,3,0.79,6,0.62,0.57,0.6,2025-12-07 14:00:00,Domestic League,454,302,43,151,60,433,474,907,2,0,100,1,16,-1,0,2025/2026,2025,3
France_Ligue_1_2025-2026,Bilal Brahimi,Nice,Forward,25,183,72,England,0,1,1,0,0,0,0.0,1970-01-12,0,0.0,0,0,0,0,0,0,0,0.0,eu,,33.0,0.0,0.0,,2.0,0.0,0.0,0.0,,,1.0,50.0,0.0,3.36,1.0,31.0,0.0,0.0,,,,26.0,23.0,2.0,2.0,0.0,0.0,,99.0,0.0,33.0,17.0,0.0,1.0,2.0,2.0,,99.0,0.0,0.0,,99.0,0.0,0.0,,9.0,0.0,0.0,11.0,0.0,0.0,0.0,11.0,,,,0.0,0.0,,,0.0,0.0,0.0,,7.0,0.0,0.0,,2.0,0.0,0.0,,,,1.0,48.0,,18.0,28.0,68.0,57.0,43.0,,76.0,0.0,0.0,,7.0,0.0,0.0,,7.0,0.0,0.5,1.0,0.0,,23.0,,43.0,,10.0,0.0,0.0,0.0,100.0,99.0,,0.0,1.5,3.0,,0.0,1.5,3.0,99.0,0.0,0.0,,,0.0,,,,,,,0.0,0.0,,6.72,0.0,,,0.0,0.0,,14,0.0,0.0,21.0,0.0,46.0,,0.0,0.0,,10.0,0.0,0.0,,21.0,0.0,0.0,,8.0,0.0,0.0,0.0,0.0,,5.0,0.0,0.0,99.0,0.0,0.0,,,,,,,,0.0,0.02,0.04,9.0,0.0,0.0,0.0,2026,0,0,0.0,0,0.0,0.0,0.0,1970-01-01 00:00:00,Domestic League,0,0,0,0,0,0,0,0,0,0,-1,-1,-1,-1,0,2025/2026,2025,0
France_Ligue_1_2025-2026,Gabin Bernardeau,Nice,Midfielder,19,0,0,France,0,0,0,0,0,0,0.0,2006-01-24,0,0.0,0,0,0,0,0,0,0,0.0,eu,,,,,,,,,,,,,,,,,,,,,,,,,,,,,,,,,,,,,,,,,,,,,,,,,,,,,,,,,,,,,,,,,,,,,,,,,,,,,,,,,,,,,,,,,,,,,,,,,,,,,,,,,,,,,,,,,,,,,,,,,,,,,,,,,,,,,,,,,,,,,,,,,,,,,,,,,,,,,,,,,,,,,,,,,,,,,,,,,,,,,,,2026,0,0,0.0,0,0.0,0.0,0.0,1970-01-01 00:00:00,Domestic League,0,0,0,0,0,0,0,0,0,0,-1,-1,-1,-1,0,2025/2026,2025,0
France_Ligue_1_2025-2026,Maxime Dupé,Nice,Goalkeeper,32,188,87,France,0,0,0,0,0,0,0.0,1970-01-09,0,0.0,0,0,0,0,0,0,0,0.0,eu,,,,,,,,,,,,,,,,,,,,,,,,,,,,,,,,,,,,,,,,,,,,,,,,,,,,,,,,,,,,,,,,,,,,,,,,,,,,,,,,,,,,,,,,,,,,,,,,,,,,,,,,,,,,,,,,,,,,,,,,,,,,,,,,,,,,,,,,,,,,,,,,,,,,,,,,,,,,,,,,,,,,,,,,,,,,,,,,,,,,,,,2026,0,0,0.0,0,0.0,0.0,0.0,1970-01-01 00:00:00,Domestic League,0,0,0,0,0,0,0,0,0,0,-1,-1,-1,-1,0,2025/2026,2025,0
France_Ligue_1_2025-2026,Hamza Koutoune,Nice,Defender,55,177,0,Morocco,0,1,1,0,0,0,0.0,1970-01-01,0,0.0,0,0,0,0,0,0,0,0.0,eu,,,,,,,,,,,,,,,,,,,,,,,,,,,,,,,,,,,,,,,,,,,,,,,,,,,,,,,,,,,,,,,,,,,,,,,,,,,,,,,,,,,,,,,,,,,,,,,,,,,,,,,,,,,,,,,,,,,,,,,,,,,,,,,,,,,,,,,,,,,,,,,,,,,,,,,,,,,,,,,,,,,,,,,,,,,,,,,,,,,,,,,2026,0,0,0.0,0,0.0,0.0,0.0,1970-01-01 00:00:00,Domestic League,0,0,0,0,0,0,0,0,0,0,-1,-1,-1,-1,0,2025/2026,2025,0
France_Ligue_1_2025-2026,Djibril Coulibaly,Nice,Midfielder,55,0,0,,0,0,0,0,0,0,0.0,1970-01-01,0,0.0,0,0,0,0,0,0,0,0.0,eu,,,,,,,,,,,,,,,,,,,,,,,,,,,,,,,,,,,,,,,,,,,,,,,,,,,,,,,,,,,,,,,,,,,,,,,,,,,,,,,,,,,,,,,,,,,,,,,,,,,,,,,,,,,,,,,,,,,,,,,,,,,,,,,,,,,,,,,,,,,,,,,,,,,,,,,,,,,,,,,,,,,,,,,,,,,,,,,,,,,,,,,2026,0,0,0.0,0,0.0,0.0,0.0,1970-01-01 00:00:00,Domestic League,0,0,0,0,0,0,0,0,0,0,-1,-1,-1,-1,0,2025/2026,2025,0
France_Ligue_1_2025-2026,Bernard Nguene,Nice,Forward,55,178,0,,2,3,5,0,0,0,0.0,1970-01-01,1,0.73,0,0,0,0,1,1,2,1.46,eu,,33.0,0.0,0.0,,99.0,4.39,0.75,0.0,6.0,201000.0,3.0,50.0,0.0,4.1,4.0,31.0,0.0,0.0,,1.0,20.0,77.0,99.0,2.0,54.0,1.46,0.25,2.0,33.0,0.0,33.0,49.0,0.73,0.12,1.0,8.0,123.0,2.0,2.2,0.38,3.0,31.0,0.73,0.12,1.0,77.0,2.2,0.38,66.0,0.73,0.12,33.0,30.0,1.0,3.0,99.0,16.1,2.75,22.0,99.0,9.51,1.62,59.0,13.0,96.0,2.2,0.38,3.0,36.0,0.73,0.12,1.0,,,5.0,85.0,,18.0,28.0,68.0,57.0,43.0,,76.0,0.0,0.0,,99.0,2.2,0.38,3.0,7.0,0.0,0.0,,0.0,1.0,24.0,34.0,43.0,,45.0,0.08,0.01,0.11,75.0,17.0,11.0,15.37,2.62,21.0,11.0,20.49,3.5,28.0,99.0,0.0,0.0,,,0.0,,,,,,,0.0,0.0,,32.77,0.0,,,0.0,0.0,,49,0.0,0.0,21.0,0.0,46.0,57.0,1.46,0.25,2.0,88.0,1.46,0.25,2.0,21.0,0.0,0.0,,68.0,1.46,0.25,0.0,0.0,2.0,99.0,3.66,0.62,99.0,0.0,0.0,,5.0,,,,,,0.03,0.01,0.04,43.0,0.08,0.01,0.11,2026,0,0,0.0,0,0.0,0.0,0.0,1970-01-01 00:00:00,Domestic League,0,123,62,0,25,52,71,123,0,0,-1,22,-1,-1,0,2025/2026,2025,1
France_Ligue_1_2025-2026,Salis Abdul Samed,Nice,Midfielder,25,179,61,Ghana,5,5,10,0,0,0,0.0,1970-01-12,1,0.18,0,1,1,10,5,6,11,2.02,eu,,33.0,0.0,0.0,,44.0,0.7,0.27,0.0,4.0,1480000.0,47.0,50.0,0.0,4.75,8.0,31.0,0.0,0.0,,1.0,10.0,44.0,50.0,9.0,20.0,0.52,0.2,3.0,6.0,0.0,33.0,25.0,0.17,0.07,1.0,15.0,516.0,45.0,0.7,0.27,4.0,55.0,0.52,0.2,3.0,28.0,0.52,0.2,21.0,0.17,0.07,33.0,30.0,1.0,3.0,30.0,6.98,2.67,40.0,20.0,3.31,1.27,47.0,19.0,78.0,1.57,0.6,9.0,55.0,1.05,0.4,6.0,7.0,29.0,3.0,72.0,1.0,44.0,28.0,68.0,57.0,43.0,,76.0,0.0,0.0,,90.0,1.4,0.53,8.0,16.0,0.17,0.07,1.0,0.0,23.0,74.0,5.0,43.0,13.0,10.0,0.0,0.0,0.0,93.82,97.0,72.0,42.38,16.2,243.0,64.0,45.17,17.27,259.0,99.0,0.0,0.0,,,0.0,,,,,,,0.0,0.0,,71.19,0.0,,,0.0,0.0,,99,0.0,0.0,21.0,0.0,46.0,89.0,2.27,0.87,13.0,10.0,0.0,0.0,,21.0,0.0,0.0,,8.0,0.0,0.0,0.0,0.0,,46.0,1.4,0.53,99.0,0.0,0.0,,8.0,,,,,32.0,0.1,0.04,0.57,9.0,0.0,0.0,0.0,2026,0,0,0.0,0,0.0,0.0,0.0,2025-11-30 16:15:00,Domestic League,0,489,44,0,49,230,259,489,0,0,-1,21,287,-1,0,2025/2026,2025,1
France_Ligue_1_2025-2026,Guillaume Restes,Toulouse,Goalkeeper,20,186,82,France,8,8,16,0,0,0,0.0,2005-03-11,2,0.13,2,4,6,38,6,11,17,1.06,eu,,33.0,0.0,0.0,,5.0,0.12,0.12,0.0,2.0,640000.0,15.0,50.0,0.0,6.69,54.0,31.0,0.0,0.0,,2.0,12.0,50.0,37.0,80.0,39.0,1.0,1.0,16.0,68.0,0.0,33.0,17.0,0.0,0.0,,16.0,1440.0,99.0,0.0,0.0,,92.0,0.06,0.06,1.0,9.0,0.0,0.0,11.0,0.0,0.0,0.0,11.0,,,2.0,0.44,0.44,7.0,2.0,0.38,0.38,85.0,6.0,7.0,0.0,0.0,,15.0,0.38,0.38,6.0,16.0,99.0,,25.0,,18.0,28.0,68.0,57.0,43.0,,76.0,0.0,0.0,,8.0,0.06,0.06,1.0,7.0,0.06,0.06,1.0,0.0,99.0,89.0,68.0,43.0,99.0,10.0,0.0,0.0,0.0,67.9,4.0,14.0,17.19,17.19,275.0,20.0,25.31,25.31,405.0,99.0,0.0,0.0,,,0.0,,,,,,76.0,0.44,0.44,7.0,107.05,60.42,24.0,5.0,1.81,1.81,29.0,1,0.0,0.0,21.0,0.0,46.0,93.0,3.0,3.0,48.0,10.0,0.0,0.0,,21.0,0.0,0.0,,8.0,0.0,0.0,0.0,0.0,,5.0,0.0,0.0,99.0,0.0,0.0,,,,,,,4.0,0.04,0.04,0.62,9.0,0.0,0.0,0.0,2026,0,0,0.0,0,0.0,0.0,0.0,2025-12-13 20:05:00,Domestic League,0,720,85,0,90,720,720,1440,0,0,-1,14,286,37,0,2025/2026,2025,2
France_Ligue_1_2025-2026,Mark McKenzie,Toulouse,Defender,26,180,83,USA,8,7,15,1,0,1,0.07,1970-01-11,3,0.21,2,3,5,33,6,11,17,1.21,eu,,33.0,0.0,0.0,,66.0,1.28,1.2,0.0,18.0,1540000.0,48.0,54.0,0.07,6.77,65.0,92.0,0.71,0.67,10.0,3.0,20.0,77.0,59.0,73.0,84.0,3.62,3.4,51.0,54.0,0.0,33.0,20.0,0.07,0.07,1.0,15.0,1268.0,87.0,0.07,0.07,1.0,83.0,0.21,0.2,3.0,10.0,0.07,0.07,14.0,0.07,0.07,100.0,99.0,1.0,1.0,22.0,6.39,6.0,90.0,21.0,3.34,3.13,52.0,47.0,48.0,1.14,1.07,16.0,11.0,0.28,0.27,4.0,14.0,89.0,1.0,48.0,1.0,44.0,33.0,68.0,57.0,43.0,,76.0,0.0,0.0,,59.0,0.85,0.8,12.0,36.0,0.5,0.47,7.0,0.0,91.0,66.0,55.0,43.0,89.0,16.0,0.01,0.01,0.2,84.63,52.0,55.0,34.0,31.93,479.0,54.0,40.17,37.73,566.0,99.0,0.0,0.0,,,0.0,,,,,,,0.0,0.0,,101.48,0.0,,,0.0,0.0,,3,0.0,0.0,21.0,0.0,46.0,50.0,1.35,1.27,19.0,26.0,0.28,0.27,4.0,21.0,0.0,0.0,,18.0,0.28,0.27,0.0,0.0,4.0,66.0,1.77,1.67,99.0,0.0,0.0,,25.0,,,,,50.0,0.14,0.13,1.97,16.0,0.01,0.01,0.2,2026,0,0,0.07,0,0.0,0.0,0.0,2025-12-13 20:05:00,Domestic League,1268,423,75,0,85,710,558,1268,0,0,-1,17,284,54,0,2025/2026,2025,3
France_Ligue_1_2025-2026,Charlie Cresswell,Toulouse,Defender,23,182,77,England,8,8,16,0,1,1,0.06,2002-12-07,3,0.19,2,4,6,38,6,11,17,1.06,eu,,33.0,0.0,0.0,,99.0,4.19,4.19,0.0,67.0,720000.0,18.0,51.0,0.06,7.27,98.0,98.0,1.19,1.19,19.0,3.0,19.0,71.0,52.0,80.0,99.0,6.56,6.56,105.0,68.0,0.0,33.0,18.0,0.06,0.06,1.0,16.0,1440.0,79.0,0.19,0.19,3.0,61.0,0.44,0.44,7.0,9.0,0.0,0.0,11.0,0.0,0.0,0.0,11.0,,,66.0,9.88,9.88,158.0,85.0,5.81,5.81,58.0,93.0,42.0,1.06,1.06,17.0,37.0,0.75,0.75,12.0,16.0,99.0,,25.0,,18.0,64.0,68.0,83.0,70.0,,87.0,0.12,0.12,2.0,66.0,0.94,0.94,15.0,32.0,0.44,0.44,7.0,0.0,99.0,72.0,68.0,73.0,99.0,71.0,0.21,0.21,3.43,86.28,64.0,69.0,40.88,40.88,654.0,69.0,47.38,47.38,758.0,99.0,0.0,0.0,,,0.0,,,,,,,0.0,0.0,,116.39,0.0,,,0.0,0.0,,4,0.0,31.82,51.0,13.64,69.0,37.0,1.19,1.19,19.0,69.0,0.94,0.94,15.0,65.0,0.44,0.44,7.0,66.0,1.38,1.38,0.0,7.33,22.0,28.0,0.94,0.94,99.0,0.0,0.0,,15.0,,,,,47.0,0.13,0.13,2.07,69.0,0.21,0.21,3.43,2026,0,3,0.25,3,0.0,0.38,0.19,2025-12-13 20:05:00,Domestic League,1440,480,85,480,90,720,720,1440,0,0,-1,4,98,36,0,2025/2026,2025,3
France_Ligue_1_2025-2026,Frank Magri,Toulouse,Forward,26,178,75,France,8,8,16,0,0,0,0.0,1970-01-11,3,0.23,2,4,6,38,6,10,16,1.22,eu,,50.0,11.41,9.38,150.0,89.0,2.43,2.0,0.0,32.0,500000.0,10.0,50.0,0.0,6.79,67.0,37.0,0.08,0.06,1.0,3.0,19.0,71.0,65.0,80.0,33.0,0.91,0.75,12.0,52.0,1071.43,69.0,57.0,1.07,0.88,14.0,16.0,1183.0,20.0,1.37,1.12,18.0,67.0,0.38,0.31,5.0,69.0,1.67,1.38,68.0,0.76,0.62,45.0,53.0,10.0,22.0,90.0,13.01,10.69,171.0,71.0,5.1,4.19,39.0,67.0,93.0,2.13,1.75,28.0,75.0,1.52,1.25,20.0,15.0,96.0,1.0,48.0,9.0,99.0,69.0,71.0,90.0,85.0,,76.0,0.0,0.0,,16.0,0.23,0.19,3.0,58.0,0.91,0.75,12.0,0.0,99.0,60.0,53.0,58.0,80.0,81.0,0.28,0.23,3.65,74.09,14.0,4.0,10.88,8.94,143.0,3.0,14.68,12.06,193.0,99.0,0.0,0.0,,1.0,0.0,,,,1.0,,,0.0,0.0,,108.63,0.0,,,0.0,0.0,,9,0.0,45.83,78.0,16.67,79.0,39.0,1.22,1.0,16.0,71.0,0.99,0.81,13.0,81.0,0.84,0.69,11.0,77.0,1.83,1.5,0.0,6.0,24.0,14.0,0.46,0.38,99.0,0.0,0.0,,6.0,,,6.0,1.0,14.0,0.07,0.06,0.89,83.0,0.33,0.27,4.35,2026,1,3,0.3,4,0.15,0.47,0.3,2025-12-06 18:00:00,Domestic League,0,394,74,296,74,605,578,1183,0,0,-1,3,51,-1,0,2025/2026,2025,3
France_Ligue_1_2025-2026,Yann Gboho,Toulouse,Midfielder,24,173,0,France,7,8,15,1,1,2,0.14,1970-01-12,0,0.0,2,4,6,40,4,10,14,1.0,eu,,82.0,26.4,24.73,371.0,2.0,0.07,0.07,0.0,1.0,400000.0,7.0,73.0,0.13,7.16,95.0,31.0,0.0,0.0,,,,26.0,23.0,83.0,2.0,0.07,0.07,1.0,72.0,1766.67,80.0,64.0,1.49,1.4,21.0,15.0,1265.0,4.0,2.13,2.0,30.0,45.0,0.64,0.6,9.0,98.0,5.05,4.73,98.0,2.63,2.47,52.0,66.0,37.0,71.0,82.0,11.6,10.87,163.0,83.0,5.62,5.27,48.0,79.0,17.0,0.57,0.53,8.0,94.0,2.35,2.2,33.0,14.0,89.0,1.0,48.0,4.0,87.0,87.0,84.0,85.0,87.0,,78.0,0.07,0.07,1.0,30.0,0.43,0.4,6.0,95.0,2.13,2.0,30.0,0.0,91.0,23.0,72.0,56.0,88.0,87.0,0.34,0.31,4.72,78.72,30.0,20.0,19.21,18.0,270.0,18.0,24.4,22.87,343.0,99.0,0.0,0.0,,,0.0,,,,,,,0.0,0.0,,107.46,0.0,,,0.0,0.0,,10,0.0,34.78,59.0,21.74,89.0,33.0,1.14,1.07,16.0,74.0,1.07,1.0,15.0,72.0,0.57,0.53,8.0,73.0,1.64,1.53,0.0,4.6,23.0,17.0,0.57,0.53,99.0,0.0,0.0,,8.0,,,7.0,1.0,83.0,0.24,0.23,3.42,84.0,0.34,0.31,4.72,2026,2,3,0.5,5,0.29,0.42,0.36,2025-12-13 20:05:00,Domestic League,632,0,90,253,84,616,648,1264,0,0,-1,1,41,-1,0,2025/2026,2025,0
France_Ligue_1_2025-2026,Aron Dønnum,Toulouse,Midfielder,27,179,73,Norway,6,7,13,0,2,2,0.15,1970-01-11,5,0.38,1,3,4,31,5,11,16,1.23,eu,,88.0,29.62,29.62,385.0,14.0,0.23,0.23,0.0,3.0,600000.0,14.0,76.0,0.15,7.51,99.0,37.0,0.08,0.08,1.0,5.0,38.0,99.0,85.0,67.0,24.0,0.62,0.62,8.0,51.0,463.86,42.0,98.0,6.38,6.38,83.0,13.0,1170.0,13.0,1.62,1.62,21.0,12.0,1.08,1.08,14.0,85.0,2.69,2.69,87.0,1.23,1.23,45.0,53.0,16.0,35.0,67.0,10.0,10.0,130.0,69.0,5.0,5.0,50.0,65.0,44.0,1.08,1.08,14.0,84.0,1.77,1.77,23.0,13.0,79.0,,25.0,,18.0,75.0,68.0,86.0,77.0,,99.0,0.23,0.23,3.0,89.0,1.38,1.38,18.0,98.0,2.46,2.46,32.0,0.0,57.0,39.0,51.0,67.0,78.0,47.0,0.09,0.09,1.12,78.79,30.0,36.0,26.0,26.0,338.0,35.0,33.0,33.0,429.0,99.0,0.0,0.0,,,0.0,3.0,2.0,,3.0,,,0.0,0.0,,97.69,0.0,,,0.0,0.0,,15,0.0,38.89,66.0,16.67,79.0,53.0,1.38,1.38,18.0,66.0,0.85,0.85,11.0,72.0,0.54,0.54,7.0,66.0,1.38,1.38,0.0,6.0,18.0,66.0,1.77,1.77,99.0,0.0,0.0,,23.0,,,,,89.0,0.28,0.28,3.59,73.0,0.25,0.25,3.22,2026,0,3,0.38,3,0.0,0.43,0.23,2025-11-29 20:05:00,Domestic League,585,234,73,390,90,540,630,1170,3,0,100,5,79,-1,0,2025/2026,2025,5
France_Ligue_1_2025-2026,Djibril Sidibé,Toulouse,Defender,33,182,71,France,8,8,16,3,0,3,0.27,1970-01-09,1,0.09,2,4,6,38,4,9,13,1.16,eu,,63.0,17.34,12.12,194.0,51.0,0.89,0.62,0.0,10.0,1460000.0,46.0,91.0,0.19,6.44,45.0,52.0,0.18,0.12,2.0,1.0,6.0,27.0,30.0,80.0,68.0,2.23,1.56,25.0,59.0,646.67,51.0,78.0,2.68,1.88,30.0,16.0,1007.0,63.0,0.45,0.31,5.0,47.0,0.63,0.44,7.0,35.0,0.71,0.5,47.0,0.45,0.31,62.0,79.0,5.0,8.0,35.0,7.33,5.12,82.0,53.0,4.38,3.06,59.0,49.0,51.0,1.16,0.81,13.0,38.0,0.8,0.56,9.0,12.0,70.0,4.0,81.0,4.0,87.0,83.0,88.0,57.0,69.0,,76.0,0.0,0.0,,44.0,0.63,0.44,7.0,42.0,0.63,0.44,7.0,0.0,99.0,95.0,58.0,75.0,63.0,21.0,0.02,0.02,0.25,76.9,22.0,33.0,25.29,17.69,283.0,35.0,32.89,23.0,368.0,2.0,0.18,0.12,2.0,1.0,0.0,1.0,,,2.0,,,0.0,0.0,,103.09,0.0,,,0.0,0.0,,19,0.0,60.0,93.0,40.0,98.0,48.0,1.34,0.94,15.0,17.0,0.18,0.12,2.0,52.0,0.27,0.19,3.0,28.0,0.45,0.31,0.0,2.5,5.0,85.0,2.32,1.62,99.0,0.0,0.0,,26.0,,,,,79.0,0.23,0.16,2.54,61.0,0.15,0.1,1.65,2026,2,0,0.45,2,0.39,0.0,0.18,2025-12-13 20:05:00,Domestic League,336,1007,77,504,63,465,542,1007,1,0,100,6,102,49,0,2025/2026,2025,1
France_Ligue_1_2025-2026,Dayann Methalie,Toulouse,Midfielder,19,0,0,France,8,8,16,0,0,0,0.0,2006-02-15,4,0.31,2,4,6,38,5,9,14,1.08,eu,,67.0,19.25,15.62,250.0,27.0,0.46,0.38,0.0,6.0,550000.0,11.0,50.0,0.0,6.51,48.0,67.0,0.31,0.25,4.0,4.0,25.0,86.0,77.0,80.0,62.0,1.77,1.44,23.0,65.0,961.54,63.0,69.0,2.0,1.62,26.0,16.0,1169.0,13.0,1.62,1.31,21.0,81.0,0.23,0.19,3.0,93.0,3.62,2.94,94.0,1.46,1.19,40.0,44.0,19.0,47.0,83.0,11.86,9.62,154.0,68.0,4.93,4.0,41.0,64.0,98.0,2.54,2.06,33.0,28.0,0.62,0.5,8.0,14.0,89.0,2.0,63.0,1.0,44.0,28.0,68.0,57.0,43.0,,76.0,0.0,0.0,,64.0,0.92,0.75,12.0,33.0,0.46,0.38,6.0,0.0,99.0,47.0,66.0,43.0,77.0,45.0,0.08,0.06,1.01,77.39,23.0,11.0,15.55,12.62,202.0,10.0,20.09,16.31,261.0,99.0,0.0,0.0,,,0.0,,1.0,,,,,0.0,0.0,,104.16,0.0,,,0.0,0.0,,24,0.0,50.0,87.0,0.0,46.0,29.0,1.08,0.88,14.0,33.0,0.38,0.31,5.0,62.0,0.38,0.31,5.0,47.0,0.77,0.62,0.0,0.0,10.0,87.0,2.46,2.0,99.0,0.0,0.0,,32.0,,,,,8.0,0.05,0.04,0.67,43.0,0.08,0.06,1.01,2026,0,0,0.0,0,0.0,0.0,0.0,2025-12-13 20:05:00,Domestic League,0,292,84,0,73,586,583,1169,0,0,-1,21,283,-1,0,2025/2026,2025,4
France_Ligue_1_2025-2026,Jaydee Canvot,Toulouse,Midfielder,19,0,0,France,1,1,2,0,0,0,0.0,2006-07-29,1,0.5,1,1,2,100,0,0,0,0.0,eu,,33.0,0.0,0.0,,74.0,1.5,1.5,0.0,3.0,,1.0,50.0,0.0,6.98,83.0,95.0,1.0,1.0,2.0,1.0,50.0,99.0,94.0,99.0,86.0,4.0,4.0,8.0,99.0,0.0,33.0,17.0,0.0,0.0,,2.0,180.0,99.0,0.0,0.0,,58.0,0.5,0.5,1.0,65.0,1.5,1.5,79.0,1.0,1.0,66.0,87.0,2.0,3.0,17.0,6.0,6.0,12.0,26.0,3.5,3.5,58.0,7.0,15.0,0.5,0.5,1.0,2.0,0.0,0.0,,2.0,,,25.0,,18.0,28.0,68.0,57.0,43.0,,76.0,0.0,0.0,,7.0,0.0,0.0,,7.0,0.0,0.0,,0.0,,29.0,,43.0,,40.0,0.06,0.06,0.12,91.51,89.0,80.0,48.5,48.5,97.0,78.0,53.0,53.0,106.0,99.0,0.0,0.0,,,0.0,,,,,,,0.0,0.0,,13.97,0.0,,,0.0,0.0,,29,0.0,0.0,21.0,0.0,46.0,,0.0,0.0,,71.0,1.0,1.0,2.0,21.0,0.0,0.0,,53.0,1.0,1.0,0.0,0.0,2.0,29.0,1.0,1.0,99.0,0.0,0.0,,2.0,,,,,24.0,0.09,0.09,0.18,39.0,0.06,0.06,0.12,2026,0,0,0.0,0,0.0,0.0,0.0,2025-08-24 15:15:00,Domestic League,0,180,0,0,90,90,90,180,0,0,-1,20,-1,-1,0,2025/2026,2025,1
France_Ligue_1_2025-2026,Noah Edjouma,Toulouse,Forward,20,181,0,France,4,6,10,0,0,0,0.0,2005-10-04,0,0.0,2,2,4,40,1,1,2,0.8,eu,,91.0,32.73,5.25,84.0,21.0,0.39,0.06,0.0,1.0,360000.0,7.0,50.0,0.0,4.09,4.0,31.0,0.0,0.0,,,,26.0,23.0,83.0,64.0,1.95,0.31,5.0,83.0,763.64,54.0,89.0,4.29,0.69,11.0,16.0,231.0,,2.73,0.44,7.0,2.0,1.56,0.25,4.0,99.0,7.79,1.25,99.0,2.73,0.44,35.0,31.0,7.0,20.0,99.0,17.53,2.81,45.0,90.0,6.23,1.0,35.0,16.0,52.0,1.17,0.19,3.0,76.0,1.56,0.25,4.0,2.0,,8.0,97.0,3.0,74.0,28.0,68.0,57.0,43.0,,76.0,0.0,0.0,,80.0,1.17,0.19,3.0,93.0,1.95,0.31,5.0,0.0,23.0,23.0,83.0,43.0,,67.0,0.18,0.03,0.46,74.55,15.0,13.0,15.97,2.56,41.0,13.0,21.43,3.44,55.0,99.0,0.0,0.0,,,0.0,,,,,,,0.0,0.0,,65.4,0.0,,,0.0,0.0,,31,0.0,50.0,87.0,0.0,46.0,6.0,0.78,0.12,2.0,79.0,1.17,0.19,3.0,92.0,1.17,0.19,3.0,87.0,2.34,0.38,0.0,0.0,6.0,54.0,1.56,0.25,99.0,0.0,0.0,,4.0,,,,,32.0,0.1,0.02,0.25,64.0,0.18,0.03,0.46,2026,0,0,0.0,0,0.0,0.0,0.0,2025-09-21 15:15:00,Domestic League,0,0,112,0,22,135,89,224,0,0,-1,19,-1,-1,0,2025/2026,2025,0
France_Ligue_1_2025-2026,Mário Sauer,Toulouse,Midfielder,21,0,0,Slovakia,6,6,12,0,0,0,0.0,2004-05-15,1,0.19,1,3,4,33,1,7,8,1.54,eu,,67.0,19.34,7.77,101.0,62.0,1.15,0.46,0.0,6.0,550000.0,11.0,50.0,0.0,5.13,13.0,54.0,0.19,0.08,1.0,1.0,8.0,40.0,52.0,73.0,56.0,1.53,0.62,8.0,28.0,2020.0,85.0,54.0,0.96,0.38,5.0,13.0,470.0,99.0,0.0,0.0,,17.0,0.96,0.38,5.0,37.0,0.77,0.31,39.0,0.38,0.15,50.0,65.0,2.0,4.0,26.0,6.7,2.69,35.0,36.0,3.83,1.54,57.0,20.0,49.0,1.15,0.46,6.0,26.0,0.57,0.23,3.0,6.0,21.0,6.0,89.0,7.0,98.0,28.0,68.0,57.0,43.0,,76.0,0.0,0.0,,93.0,1.53,0.62,8.0,30.0,0.38,0.15,2.0,0.0,44.0,71.0,29.0,43.0,11.0,51.0,0.1,0.04,0.5,81.37,39.0,32.0,25.09,10.08,131.0,31.0,30.83,12.38,161.0,99.0,0.0,0.0,,,0.0,,,,,,,0.0,0.0,,66.65,0.0,,,0.0,0.0,,77,0.0,12.5,24.0,0.0,46.0,82.0,1.91,0.77,10.0,84.0,1.34,0.54,7.0,38.0,0.19,0.08,1.0,70.0,1.53,0.62,0.0,0.0,8.0,64.0,1.72,0.69,99.0,0.0,0.0,,9.0,,,,,11.0,0.06,0.02,0.32,49.0,0.1,0.04,0.5,2026,0,0,0.0,0,0.0,0.0,0.0,2025-11-02 16:15:00,Domestic League,0,469,59,0,39,141,328,469,0,0,-1,18,282,-1,0,2025/2026,2025,1
France_Ligue_1_2025-2026,Rasmus Nicolaisen,Toulouse,Defender,28,191,0,Denmark,8,8,16,0,0,0,0.0,1970-01-10,2,0.15,2,4,6,38,6,10,16,1.18,eu,,33.0,0.0,0.0,,96.0,2.94,2.5,0.0,40.0,550000.0,11.0,50.0,0.0,6.7,55.0,85.0,0.59,0.5,8.0,2.0,12.0,50.0,44.0,80.0,96.0,5.51,4.69,75.0,57.0,0.0,33.0,24.0,0.15,0.12,2.0,16.0,1224.0,99.0,0.0,0.0,,68.0,0.37,0.31,5.0,20.0,0.29,0.25,26.0,0.22,0.19,75.0,90.0,3.0,4.0,34.0,7.28,6.19,99.0,61.0,4.56,3.88,62.0,62.0,68.0,1.4,1.19,19.0,32.0,0.66,0.56,9.0,14.0,89.0,2.0,63.0,3.0,74.0,28.0,68.0,57.0,43.0,,76.0,0.0,0.0,,90.0,1.4,1.19,19.0,9.0,0.07,0.06,1.0,0.0,99.0,81.0,58.0,43.0,84.0,26.0,0.03,0.02,0.37,84.9,53.0,54.0,33.9,28.81,461.0,53.0,39.93,33.94,543.0,17.0,0.07,0.06,1.0,,0.0,,,,,,,0.0,0.0,,107.13,0.0,,,0.0,0.0,,2,0.0,14.29,24.0,0.0,46.0,46.0,1.32,1.12,18.0,38.0,0.44,0.38,6.0,23.0,0.07,0.06,1.0,32.0,0.51,0.44,0.0,0.0,7.0,22.0,0.81,0.69,99.0,0.0,0.0,,11.0,,,,,11.0,0.06,0.05,0.85,25.0,0.03,0.02,0.37,2026,0,0,0.0,0,0.0,0.0,0.0,2025-12-13 20:05:00,Domestic League,0,612,77,0,77,601,623,1224,0,0,-1,22,281,51,0,2025/2026,2025,2
France_Ligue_1_2025-2026,Santiago Hidalgo Massa,Toulouse,Forward,20,174,71,Argentina,8,4,12,1,1,2,0.77,2005-02-17,1,0.39,2,3,5,42,0,1,1,0.39,eu,,67.0,19.31,3.12,50.0,83.0,1.93,0.31,0.0,5.0,640000.0,15.0,99.0,0.17,4.96,10.0,73.0,0.39,0.06,1.0,1.0,8.0,40.0,86.0,86.0,45.0,1.16,0.19,3.0,99.0,1250.0,72.0,65.0,1.55,0.25,4.0,16.0,233.0,1.0,2.32,0.38,6.0,2.0,1.55,0.25,4.0,96.0,4.25,0.69,69.0,0.77,0.12,18.0,13.0,2.0,11.0,99.0,20.47,3.31,53.0,95.0,6.95,1.12,33.0,18.0,97.0,2.32,0.38,6.0,87.0,1.93,0.31,5.0,2.0,,10.0,99.0,8.0,98.0,99.0,99.0,57.0,98.0,,76.0,0.0,0.0,,25.0,0.39,0.06,1.0,71.0,1.16,0.19,3.0,0.0,44.0,38.0,99.0,44.0,,98.0,0.62,0.1,1.61,75.38,18.0,18.0,18.93,3.06,49.0,20.0,25.11,4.06,65.0,99.0,0.0,0.0,,,0.0,,,,,,,0.0,0.0,,79.3,0.0,,,0.0,0.0,,11,0.0,40.0,70.0,40.0,98.0,,0.39,0.06,1.0,78.0,1.16,0.19,3.0,79.0,0.77,0.12,2.0,78.0,1.93,0.31,0.0,2.5,5.0,85.0,2.32,0.38,99.0,0.0,0.0,,6.0,,,,,99.0,0.5,0.08,1.29,97.0,0.62,0.1,1.61,2026,2,0,1.55,2,1.0,0.0,0.77,2025-12-13 20:05:00,Domestic League,117,233,233,117,19,180,53,233,0,0,-1,7,-1,-1,0,2025/2026,2025,1
France_Ligue_1_2025-2026,Warren Kamanzi,Toulouse,Defender,25,177,71,Norway,7,5,12,0,0,0,0.0,1970-01-12,0,0.0,2,3,5,42,1,3,4,1.11,eu,,45.0,9.2,2.06,33.0,15.0,0.28,0.06,0.0,1.0,550000.0,11.0,50.0,0.0,4.92,10.0,65.0,0.28,0.06,1.0,,,26.0,23.0,86.0,77.0,2.79,0.62,10.0,63.0,660.0,52.0,62.0,1.39,0.31,5.0,16.0,323.0,28.0,1.11,0.25,4.0,75.0,0.28,0.06,1.0,89.0,3.07,0.69,96.0,1.95,0.44,63.0,80.0,7.0,11.0,75.0,10.59,2.38,38.0,69.0,5.02,1.12,47.0,18.0,45.0,1.11,0.25,4.0,41.0,0.84,0.19,3.0,2.0,,10.0,99.0,6.0,97.0,28.0,68.0,57.0,43.0,,76.0,0.0,0.0,,18.0,0.28,0.06,1.0,81.0,1.39,0.31,5.0,0.0,44.0,23.0,63.0,43.0,,47.0,0.09,0.02,0.33,88.99,78.0,37.0,27.03,6.06,97.0,29.0,30.37,6.81,109.0,99.0,0.0,0.0,,,0.0,,1.0,,,,,0.0,0.0,,78.75,0.0,,,0.0,0.0,,12,0.0,16.67,26.0,0.0,46.0,69.0,1.67,0.38,6.0,86.0,1.39,0.31,5.0,53.0,0.28,0.06,1.0,73.0,1.67,0.38,0.0,0.0,6.0,74.0,1.95,0.44,99.0,0.0,0.0,,7.0,,,,,24.0,0.09,0.02,0.34,45.0,0.09,0.02,0.33,2026,0,0,0.0,0,0.0,0.0,0.0,2025-10-05 13:00:00,Domestic League,0,0,81,0,27,166,158,324,0,0,-1,16,295,42,0,2025/2026,2025,0
France_Ligue_1_2025-2026,Christian Kjetil Haug,Toulouse,Goalkeeper,27,191,80,Norway,0,0,0,0,0,0,0.0,1970-01-11,0,0.0,0,0,0,0,0,0,0,0.0,eu,,,,,,,,,,,,,,,,,,,,,,,,,,,,,,,,,,,,,,,,,,,,,,,,,,,,,,,,,,,,,,,,,,,,,,,,,,,,,,,,,,,,,,,,,,,,,,,,,,,,,,,,,,,,,,,,,,,,,,,,,,,,,,,,,,,,,,,,,,,,,,,,,,,,,,,,,,,,,,,,,,,,,,,,,,,,,,,,,,,,,,,2026,0,0,0.0,0,0.0,0.0,0.0,1970-01-01 00:00:00,Domestic League,0,0,0,0,0,0,0,0,0,0,-1,-1,-1,-1,0,2025/2026,2025,0
France_Ligue_1_2025-2026,Enzo Faty,Toulouse,Midfielder,18,0,0,France,0,0,0,0,0,0,0.0,2007-03-09,0,0.0,0,0,0,0,0,0,0,0.0,eu,,,,,,,,,,,,,,,,,,,,,,,,,,,,,,,,,,,,,,,,,,,,,,,,,,,,,,,,,,,,,,,,,,,,,,,,,,,,,,,,,,,,,,,,,,,,,,,,,,,,,,,,,,,,,,,,,,,,,,,,,,,,,,,,,,,,,,,,,,,,,,,,,,,,,,,,,,,,,,,,,,,,,,,,,,,,,,,,,,,,,,,2026,0,0,0.0,0,0.0,0.0,0.0,1970-01-01 00:00:00,Domestic League,0,0,0,0,0,0,0,0,0,0,-1,-1,-1,-1,0,2025/2026,2025,0
France_Ligue_1_2025-2026,Seny Koumbassa,Toulouse,Defender,55,0,0,,0,1,1,0,0,0,0.0,1970-01-01,0,0.0,0,0,0,0,0,0,0,0.0,eu,,33.0,0.0,0.0,,2.0,0.0,0.0,0.0,,160000.0,2.0,50.0,0.0,0.47,,31.0,0.0,0.0,,,,26.0,23.0,2.0,99.0,8.18,0.07,1.0,99.0,0.0,33.0,17.0,0.0,0.0,,14.0,11.0,99.0,0.0,0.0,,99.0,0.0,0.0,,9.0,0.0,0.0,11.0,0.0,0.0,0.0,11.0,,,47.0,8.18,0.07,1.0,98.0,8.18,0.07,100.0,1.0,7.0,0.0,0.0,,2.0,0.0,0.0,,,,1.0,48.0,,18.0,28.0,68.0,57.0,43.0,,76.0,0.0,0.0,,7.0,0.0,0.0,,7.0,0.0,0.0,,0.0,,23.0,,43.0,,10.0,0.0,0.0,0.0,100.0,99.0,13.0,16.36,0.14,2.0,6.0,16.36,0.14,2.0,99.0,0.0,0.0,,,0.0,,,,,,,0.0,0.0,,6.6,0.0,,,0.0,0.0,,35,0.0,0.0,21.0,0.0,46.0,,0.0,0.0,,10.0,0.0,0.0,,21.0,0.0,0.0,,8.0,0.0,0.0,0.0,0.0,,99.0,8.18,0.07,99.0,0.0,0.0,,1.0,,,,,,0.0,0.0,0.0,9.0,0.0,0.0,0.0,2026,0,0,0.0,0,0.0,0.0,0.0,1970-01-01 00:00:00,Domestic League,0,0,0,0,11,0,11,11,0,0,-1,15,-1,-1,0,2025/2026,2025,0
France_Ligue_1_2025-2026,Mathis Saka,Toulouse,Midfielder,19,0,0,France,0,1,1,0,0,0,0.0,2006-09-20,0,0.0,0,1,1,100,0,0,0,0.0,eu,,33.0,0.0,0.0,,2.0,0.0,0.0,0.0,,,1.0,50.0,0.0,3.21,1.0,31.0,0.0,0.0,,,,26.0,23.0,99.0,2.0,0.0,0.0,,99.0,0.0,33.0,17.0,0.0,0.0,,2.0,7.0,99.0,0.0,0.0,,99.0,0.0,0.0,,9.0,0.0,0.0,11.0,0.0,0.0,0.0,11.0,,,89.0,12.86,0.5,1.0,,0.0,0.0,0.0,,99.0,12.86,0.5,1.0,2.0,0.0,0.0,,,,1.0,48.0,,18.0,28.0,68.0,57.0,43.0,,76.0,0.0,0.0,,7.0,0.0,0.0,,7.0,0.0,0.0,,0.0,,23.0,,43.0,,10.0,0.0,0.0,0.0,40.0,,35.0,25.71,1.0,2.0,90.0,64.29,2.5,5.0,99.0,0.0,0.0,,,0.0,,,,,,,0.0,0.0,,6.41,0.0,,,0.0,0.0,,39,0.0,0.0,21.0,0.0,46.0,,0.0,0.0,,10.0,0.0,0.0,,21.0,0.0,0.0,,8.0,0.0,0.0,0.0,0.0,,5.0,0.0,0.0,99.0,0.0,0.0,,,,,,,,0.0,0.0,0.0,9.0,0.0,0.0,0.0,2026,0,0,0.0,0,0.0,0.0,0.0,1970-01-01 00:00:00,Domestic League,0,0,0,0,7,0,7,7,0,0,-1,9,-1,-1,0,2025/2026,2025,0
France_Ligue_1_2025-2026,Thibaud-Dorian Garondo,Toulouse,Defender,55,0,0,France,0,0,0,0,0,0,0.0,1970-01-01,0,0.0,0,0,0,0,0,0,0,0.0,eu,,,,,,,,,,,,,,,,,,,,,,,,,,,,,,,,,,,,,,,,,,,,,,,,,,,,,,,,,,,,,,,,,,,,,,,,,,,,,,,,,,,,,,,,,,,,,,,,,,,,,,,,,,,,,,,,,,,,,,,,,,,,,,,,,,,,,,,,,,,,,,,,,,,,,,,,,,,,,,,,,,,,,,,,,,,,,,,,,,,,,,,2026,0,0,0.0,0,0.0,0.0,0.0,1970-01-01 00:00:00,Domestic League,0,0,0,0,0,0,0,0,0,0,-1,-1,-1,-1,0,2025/2026,2025,0
France_Ligue_1_2025-2026,Alexis Vossah,Toulouse,Midfielder,55,181,69,France,7,5,12,1,0,1,0.18,1970-01-01,3,0.55,2,2,4,33,2,2,4,0.73,eu,,93.0,37.11,14.29,200.0,67.0,1.3,0.5,0.0,7.0,150000.0,2.0,79.0,0.08,5.57,16.0,54.0,0.19,0.07,1.0,1.0,8.0,40.0,96.0,73.0,60.0,1.67,0.64,9.0,89.0,4000.0,94.0,53.0,0.93,0.36,5.0,14.0,485.0,28.0,1.11,0.43,6.0,30.0,0.74,0.29,4.0,44.0,0.93,0.36,54.0,0.56,0.21,60.0,77.0,3.0,5.0,39.0,7.61,2.93,41.0,26.0,3.53,1.36,46.0,19.0,73.0,1.48,0.57,8.0,25.0,0.56,0.21,3.0,4.0,7.0,8.0,97.0,4.0,87.0,73.0,68.0,84.0,69.0,,76.0,0.0,0.0,,38.0,0.56,0.21,3.0,37.0,0.56,0.21,3.0,0.0,44.0,28.0,89.0,74.0,14.0,70.0,0.2,0.08,1.1,74.1,14.0,28.0,22.82,8.79,123.0,30.0,30.8,11.86,166.0,99.0,0.0,0.0,,,0.0,,,,,,,0.0,0.0,,77.92,0.0,,,0.0,0.0,,45,0.0,28.57,44.0,14.29,72.0,6.0,0.74,0.29,4.0,69.0,0.93,0.36,5.0,62.0,0.37,0.14,2.0,65.0,1.3,0.5,0.0,7.0,7.0,35.0,1.11,0.43,99.0,0.0,0.0,,6.0,,,,,68.0,0.18,0.07,0.95,67.0,0.2,0.08,1.1,2026,0,1,0.36,1,0.0,0.39,0.18,2025-12-13 20:05:00,Domestic League,495,165,124,495,41,266,229,495,0,0,-1,8,100,-1,1,2025/2026,2025,2
France_Ligue_1_2025-2026,Radosław Majecki,Brest,Goalkeeper,26,192,75,Poland,6,4,10,0,0,0,0.0,1970-01-11,2,0.21,1,2,3,30,9,5,14,1.46,eu,,33.0,0.0,0.0,,12.0,0.21,0.18,0.0,2.0,2730000.0,72.0,50.0,0.0,6.04,30.0,31.0,0.0,0.0,,,,26.0,59.0,62.0,20.0,0.52,0.45,5.0,33.0,0.0,33.0,17.0,0.0,0.0,,11.0,865.0,99.0,0.0,0.0,,90.0,0.1,0.09,1.0,9.0,0.0,0.0,11.0,0.0,0.0,0.0,11.0,,,3.0,0.52,0.45,5.0,1.0,0.31,0.27,60.0,3.0,8.0,0.1,0.09,1.0,3.0,0.1,0.09,1.0,10.0,56.0,,25.0,,18.0,28.0,68.0,57.0,43.0,,76.0,0.0,0.0,,7.0,0.0,0.0,,7.0,0.0,0.0,,0.0,23.0,69.0,34.0,43.0,52.0,10.0,0.0,0.0,0.0,67.79,4.0,23.0,21.02,18.36,202.0,31.0,31.01,27.09,298.0,9.0,0.1,0.09,1.0,,0.0,,,,,,43.0,0.31,0.27,3.0,66.41,63.41,43.0,57.0,2.71,2.36,26.0,1,0.0,0.0,21.0,0.0,46.0,97.0,4.27,3.73,41.0,10.0,0.0,0.0,,21.0,0.0,0.0,,8.0,0.0,0.0,0.0,0.0,,5.0,0.0,0.0,99.0,0.0,0.0,,,,,,,8.0,0.05,0.04,0.49,9.0,0.0,0.0,0.0,2026,0,0,0.0,0,0.0,0.0,0.0,2025-11-08 16:00:00,Domestic League,0,433,62,0,87,505,360,865,0,0,-1,12,288,79,1,2025/2026,2025,1
France_Ligue_1_2025-2026,Bradley Locko,Brest,Defender,23,180,65,France,7,6,13,1,0,1,0.1,2002-05-06,0,0.0,1,2,3,23,8,8,16,1.55,eu,,66.0,18.93,14.0,196.0,36.0,0.58,0.43,0.0,6.0,800000.0,22.0,63.0,0.08,5.67,18.0,31.0,0.0,0.0,,,,26.0,23.0,45.0,59.0,1.64,1.21,17.0,27.0,852.17,58.0,74.0,2.22,1.64,23.0,14.0,932.0,42.0,0.77,0.57,8.0,9.0,1.26,0.93,13.0,71.0,1.83,1.36,78.0,0.97,0.71,52.0,68.0,10.0,19.0,73.0,10.33,7.64,107.0,80.0,5.5,4.07,53.0,57.0,20.0,0.68,0.5,7.0,34.0,0.68,0.5,7.0,11.0,61.0,2.0,63.0,3.0,74.0,41.0,68.0,57.0,43.0,,76.0,0.0,0.0,,47.0,0.68,0.5,7.0,45.0,0.68,0.5,7.0,0.0,57.0,23.0,27.0,43.0,58.0,16.0,0.01,0.01,0.15,78.68,29.0,33.0,25.3,18.71,262.0,33.0,32.16,23.79,333.0,99.0,0.0,0.0,,,0.0,,,,,,,0.0,0.0,,79.36,0.0,,,0.0,0.0,,2,0.0,50.0,87.0,0.0,46.0,43.0,1.26,0.93,13.0,14.0,0.1,0.07,1.0,26.0,0.1,0.07,1.0,13.0,0.19,0.14,0.0,0.0,2.0,99.0,3.38,2.5,99.0,0.0,0.0,,35.0,,,,,47.0,0.13,0.1,1.34,16.0,0.01,0.01,0.15,2026,0,0,0.1,0,0.0,0.0,0.0,2025-11-08 16:00:00,Domestic League,932,0,58,0,72,407,525,932,0,0,-1,20,296,82,0,2025/2026,2025,0
France_Ligue_1_2025-2026,Brendan Chardonnet,Brest,Defender,30,184,74,France,7,7,14,0,1,1,0.08,1970-01-10,3,0.23,1,3,4,28,13,8,21,1.58,eu,,50.0,11.27,10.0,150.0,90.0,2.48,2.2,0.0,33.0,3410000.0,80.0,58.0,0.07,6.44,45.0,99.0,1.35,1.2,18.0,3.0,21.0,79.0,65.0,60.0,95.0,5.41,4.8,72.0,24.0,3750.0,93.0,31.0,0.3,0.27,4.0,15.0,1198.0,99.0,0.0,0.0,,67.0,0.38,0.33,5.0,11.0,0.08,0.07,11.0,0.0,0.0,0.0,11.0,,1.0,31.0,6.99,6.2,93.0,44.0,4.06,3.6,58.0,54.0,47.0,1.13,1.0,15.0,40.0,0.83,0.73,11.0,14.0,89.0,,25.0,1.0,44.0,36.0,68.0,57.0,43.0,,76.0,0.0,0.0,,72.0,1.05,0.93,14.0,25.0,0.3,0.27,4.0,0.0,76.0,60.0,26.0,43.0,80.0,36.0,0.05,0.04,0.65,84.1,49.0,74.0,43.72,38.8,582.0,76.0,51.99,46.13,692.0,99.0,0.0,0.0,,,0.0,,1.0,,,,,0.0,0.0,,96.65,0.0,,,0.0,0.0,,5,0.0,83.33,98.0,0.0,46.0,50.0,1.35,1.2,18.0,13.0,0.08,0.07,1.0,62.0,0.38,0.33,5.0,28.0,0.45,0.4,0.0,0.0,6.0,31.0,1.05,0.93,99.0,0.0,0.0,,14.0,,,,,54.0,0.15,0.13,1.95,35.0,0.05,0.04,0.65,2026,0,0,0.08,0,0.0,0.0,0.0,2025-12-13 16:00:00,Domestic League,1198,399,57,0,86,568,630,1198,0,0,-1,24,312,87,0,2025/2026,2025,3
France_Ligue_1_2025-2026,Hugo Magnetti,Brest,Midfielder,27,180,75,France,8,7,15,0,0,0,0.0,1970-01-11,2,0.15,1,3,4,27,13,7,20,1.49,eu,,58.0,14.85,13.33,200.0,13.0,0.22,0.2,0.0,3.0,2270000.0,65.0,50.0,0.0,6.78,66.0,31.0,0.0,0.0,,2.0,13.0,54.0,44.0,55.0,47.0,1.19,1.07,16.0,31.0,4000.0,94.0,35.0,0.37,0.33,5.0,15.0,1212.0,54.0,0.59,0.53,8.0,20.0,0.89,0.8,12.0,32.0,0.67,0.6,47.0,0.45,0.4,66.0,87.0,6.0,9.0,29.0,6.76,6.07,91.0,26.0,3.49,3.13,51.0,47.0,74.0,1.49,1.33,20.0,27.0,0.59,0.53,8.0,14.0,89.0,1.0,48.0,3.0,74.0,33.0,69.0,57.0,48.0,,76.0,0.0,0.0,,92.0,1.49,1.33,20.0,39.0,0.59,0.53,8.0,0.0,91.0,80.0,32.0,96.0,81.0,56.0,0.12,0.11,1.64,85.58,59.0,51.0,33.04,29.67,445.0,50.0,38.61,34.67,520.0,99.0,0.0,0.0,,,0.0,,,,,,,0.0,0.0,,101.69,0.0,,,0.0,0.0,,8,0.0,20.0,31.0,6.67,49.0,48.0,1.34,1.2,18.0,68.0,0.89,0.8,12.0,45.0,0.22,0.2,3.0,58.0,1.11,1.0,0.0,15.0,15.0,82.0,2.23,2.0,99.0,0.0,0.0,,30.0,,,,,32.0,0.1,0.09,1.37,55.0,0.12,0.11,1.64,2026,1,0,0.07,1,0.13,0.0,0.07,2025-12-13 16:00:00,Domestic League,0,606,61,1212,81,677,535,1212,0,0,-1,6,169,-1,0,2025/2026,2025,2
France_Ligue_1_2025-2026,Romain Del Castillo,Brest,Midfielder,29,172,56,France,8,7,15,1,1,2,0.14,1970-01-10,0,0.0,1,2,3,20,12,10,22,1.56,eu,,82.0,26.5,24.93,374.0,56.0,0.99,0.93,0.0,14.0,3410000.0,80.0,73.0,0.13,7.2,97.0,33.0,0.07,0.07,1.0,,,26.0,23.0,38.0,15.0,0.43,0.4,6.0,26.0,328.07,36.0,99.0,8.08,7.6,114.0,15.0,1270.0,13.0,1.63,1.53,23.0,8.0,1.28,1.2,18.0,92.0,3.26,3.07,84.0,1.13,1.07,34.0,31.0,16.0,46.0,88.0,12.76,12.0,180.0,85.0,5.81,5.47,45.0,82.0,54.0,1.2,1.13,17.0,62.0,1.2,1.13,17.0,15.0,96.0,,25.0,3.0,74.0,90.0,89.0,88.0,93.0,,76.0,0.0,0.0,,59.0,0.85,0.8,12.0,99.0,2.55,2.4,36.0,0.0,91.0,23.0,27.0,51.0,90.0,16.0,0.01,0.01,0.19,73.55,13.0,33.0,25.23,23.73,356.0,38.0,34.3,32.27,484.0,99.0,0.0,0.0,,2.0,0.0,5.0,,,7.0,,,0.0,0.0,,107.97,0.0,,,0.0,0.0,,10,0.0,45.0,76.0,30.0,94.0,50.0,1.35,1.27,19.0,62.0,0.78,0.73,11.0,75.0,0.64,0.6,9.0,67.0,1.42,1.33,0.0,3.33,20.0,88.0,2.48,2.33,99.0,0.0,0.0,,35.0,,,,,83.0,0.24,0.22,3.35,86.0,0.36,0.34,5.09,2026,3,3,0.57,6,0.41,0.44,0.43,2025-12-13 16:00:00,Domestic League,635,0,58,212,85,652,618,1270,5,0,100,1,27,-1,0,2025/2026,2025,0
France_Ligue_1_2025-2026,Mama Samba Baldé,Brest,Forward,30,176,75,Guinea-Bissau,6,6,12,1,1,2,0.29,1970-01-10,0,0.0,0,2,2,17,8,6,14,2.02,eu,,57.0,14.45,8.33,100.0,93.0,2.74,1.58,0.0,19.0,2950000.0,74.0,93.0,0.17,6.78,66.0,31.0,0.0,0.0,,,,26.0,23.0,29.0,28.0,0.72,0.42,5.0,6.0,2000.0,85.0,48.0,0.72,0.42,5.0,12.0,623.0,10.0,1.73,1.0,12.0,88.0,0.14,0.08,1.0,82.0,2.46,1.42,66.0,0.72,0.42,29.0,21.0,5.0,17.0,92.0,13.58,7.83,94.0,90.0,6.21,3.58,45.0,43.0,86.0,1.73,1.0,12.0,77.0,1.59,0.92,11.0,7.0,29.0,5.0,85.0,4.0,87.0,91.0,95.0,57.0,84.0,,92.0,0.14,0.08,1.0,30.0,0.43,0.25,3.0,57.0,0.87,0.5,6.0,0.0,44.0,23.0,6.0,60.0,25.0,91.0,0.39,0.23,2.71,69.7,5.0,9.0,13.29,7.67,92.0,9.0,19.07,11.0,132.0,99.0,0.0,0.0,,,0.0,,,,,,,0.0,0.0,,81.31,0.0,,,0.0,0.0,,17,0.0,20.0,31.0,8.0,53.0,74.0,1.73,1.0,12.0,99.0,2.89,1.67,20.0,78.0,0.72,0.42,5.0,98.0,3.61,2.08,0.0,12.5,25.0,48.0,1.44,0.83,99.0,0.0,0.0,,10.0,,,,,79.0,0.23,0.13,1.61,89.0,0.39,0.23,2.71,2026,2,0,0.58,2,0.56,0.0,0.29,2025-12-13 16:00:00,Domestic League,312,0,45,312,52,322,301,623,0,0,-1,3,53,-1,0,2025/2026,2025,0
France_Ligue_1_2025-2026,Ludovic Ajorque,Brest,Forward,31,196,82,France,7,8,15,0,4,4,0.27,1970-01-09,6,0.41,1,3,4,27,12,10,22,1.51,eu,,33.0,0.0,0.0,,99.0,5.89,5.73,0.0,86.0,3190000.0,75.0,91.0,0.27,7.06,89.0,33.0,0.07,0.07,1.0,4.0,27.0,88.0,88.0,55.0,45.0,1.16,1.13,17.0,30.0,0.0,33.0,30.0,0.27,0.27,4.0,15.0,1315.0,39.0,0.82,0.8,12.0,49.0,0.62,0.6,9.0,33.0,0.68,0.67,53.0,0.55,0.53,80.0,92.0,8.0,10.0,99.0,15.6,15.2,228.0,99.0,8.62,8.4,55.0,126.0,87.0,1.85,1.8,27.0,77.0,1.57,1.53,23.0,15.0,96.0,,25.0,3.0,74.0,72.0,68.0,59.0,48.0,,78.0,0.07,0.07,1.0,26.0,0.41,0.4,6.0,76.0,1.23,1.2,18.0,0.0,91.0,35.0,30.0,99.0,92.0,63.0,0.16,0.15,2.32,70.88,6.0,15.0,17.66,17.2,258.0,20.0,24.91,24.27,364.0,99.0,0.0,0.0,,,0.0,,1.0,,,,,0.0,0.0,,105.87,0.0,,,0.0,0.0,,19,0.0,23.08,35.0,3.85,46.0,55.0,1.44,1.4,21.0,85.0,1.37,1.33,20.0,64.0,0.41,0.4,6.0,76.0,1.78,1.73,0.0,26.0,26.0,19.0,0.68,0.67,99.0,0.0,0.0,,10.0,,,,,83.0,0.24,0.23,3.47,62.0,0.16,0.15,2.32,2026,0,1,0.34,1,0.0,0.13,0.07,2025-12-05 18:00:00,Domestic League,329,219,60,1315,88,630,685,1315,0,0,-1,7,170,-1,1,2025/2026,2025,5
France_Ligue_1_2025-2026,Pierre Lees Melou,Brest,Midfielder,32,185,67,France,6,7,13,0,1,1,0.08,1970-01-09,2,0.17,1,1,2,15,7,12,19,1.6,eu,,38.0,6.31,5.77,75.0,37.0,0.59,0.54,0.0,7.0,2950000.0,74.0,58.0,0.08,6.89,78.0,76.0,0.42,0.38,5.0,2.0,15.0,65.0,48.0,24.0,58.0,1.6,1.46,19.0,23.0,625.0,50.0,55.0,1.01,0.92,12.0,13.0,1069.0,60.0,0.51,0.46,6.0,3.0,1.52,1.38,18.0,48.0,1.01,0.92,51.0,0.51,0.46,50.0,65.0,6.0,12.0,64.0,9.77,8.92,116.0,72.0,5.14,4.69,52.0,61.0,80.0,1.6,1.46,19.0,68.0,1.35,1.23,16.0,12.0,70.0,1.0,48.0,2.0,60.0,52.0,73.0,57.0,52.0,,76.0,0.0,0.0,,46.0,0.67,0.62,8.0,49.0,0.76,0.69,9.0,0.0,57.0,77.0,23.0,91.0,68.0,62.0,0.15,0.13,1.75,85.1,54.0,71.0,41.84,38.23,497.0,72.0,49.17,44.92,584.0,3.0,0.17,0.15,2.0,,0.0,,,,,,,0.0,0.0,,89.57,0.0,,,0.0,0.0,,20,0.0,22.22,34.0,5.56,48.0,50.0,1.35,1.23,16.0,79.0,1.18,1.08,14.0,59.0,0.34,0.31,4.0,70.0,1.52,1.38,0.0,18.0,18.0,93.0,2.86,2.62,99.0,0.0,0.0,,34.0,,,,,64.0,0.17,0.16,2.03,61.0,0.15,0.13,1.75,2026,1,0,0.17,1,0.17,0.0,0.08,2025-11-23 19:45:00,Domestic League,1069,535,56,1069,82,516,553,1069,0,0,-1,5,160,-1,0,2025/2026,2025,2
France_Ligue_1_2025-2026,Kamory Doumbia,Brest,Midfielder,22,170,53,Mali,6,6,12,2,0,2,0.2,2003-02-18,4,0.39,1,2,3,25,8,7,15,1.46,eu,,34.0,1.72,1.5,18.0,47.0,0.76,0.67,0.0,8.0,910000.0,29.0,82.0,0.17,7.09,91.0,31.0,0.0,0.0,,4.0,33.0,95.0,86.0,49.0,5.0,0.19,0.17,2.0,33.0,112.5,34.0,65.0,1.53,1.33,16.0,12.0,944.0,24.0,1.24,1.08,13.0,5.0,1.43,1.25,15.0,80.0,2.38,2.08,64.0,0.67,0.58,28.0,18.0,7.0,25.0,82.0,11.63,10.17,122.0,77.0,5.34,4.67,45.0,56.0,70.0,1.43,1.25,15.0,59.0,1.14,1.0,12.0,12.0,70.0,,25.0,1.0,44.0,91.0,68.0,96.0,91.0,,84.0,0.1,0.08,1.0,53.0,0.76,0.67,8.0,65.0,1.05,0.92,11.0,0.0,44.0,38.0,34.0,52.0,57.0,91.0,0.39,0.34,4.06,84.81,53.0,34.0,25.55,22.33,268.0,29.0,30.13,26.33,316.0,99.0,0.0,0.0,,,0.0,,,,,,,0.0,0.0,,85.02,0.0,,,0.0,0.0,,23,0.0,36.36,61.0,18.18,82.0,33.0,1.14,1.0,12.0,84.0,1.33,1.17,14.0,79.0,0.76,0.67,8.0,82.0,2.1,1.83,0.0,5.5,22.0,92.0,2.76,2.42,99.0,0.0,0.0,,29.0,,,8.0,1.0,75.0,0.2,0.18,2.13,89.0,0.39,0.34,4.06,2026,0,4,0.59,4,0.0,0.76,0.39,2025-12-13 16:00:00,Domestic League,462,231,62,231,77,450,473,923,0,0,-1,2,32,-1,0,2025/2026,2025,4
France_Ligue_1_2025-2026,Julien Le Cardinal,Brest,Defender,28,184,0,France,4,1,5,0,0,0,0.0,1970-01-11,1,0.28,0,0,0,0,5,3,8,2.21,eu,,33.0,0.0,0.0,,99.0,3.87,0.88,0.0,14.0,910000.0,29.0,50.0,0.0,2.11,,97.0,1.1,0.25,4.0,1.0,20.0,77.0,73.0,2.0,98.0,6.35,1.44,23.0,2.0,0.0,33.0,17.0,0.0,0.0,,16.0,326.0,99.0,0.0,0.0,,24.0,0.83,0.19,3.0,19.0,0.28,0.06,11.0,0.0,0.0,0.0,11.0,,1.0,78.0,11.04,2.5,40.0,92.0,6.35,1.44,57.0,23.0,16.0,0.55,0.12,2.0,56.0,1.1,0.25,4.0,3.0,2.0,2.0,63.0,,18.0,67.0,68.0,97.0,83.0,,76.0,0.0,0.0,,56.0,0.83,0.19,3.0,24.0,0.28,0.06,1.0,0.0,1.0,50.0,3.0,62.0,,80.0,0.27,0.06,0.99,81.94,41.0,50.0,32.58,7.38,118.0,52.0,39.75,9.0,144.0,99.0,0.0,0.0,,,0.0,,,,,,,0.0,0.0,,33.81,0.0,,,0.0,0.0,,26,0.0,40.0,70.0,20.0,87.0,68.0,1.66,0.38,6.0,65.0,0.83,0.19,3.0,72.0,0.55,0.12,2.0,66.0,1.38,0.31,0.0,5.0,5.0,46.0,1.38,0.31,99.0,0.0,0.0,,5.0,,,,,14.0,0.07,0.01,0.24,77.0,0.27,0.06,0.99,2026,0,1,0.28,1,0.0,1.0,0.28,2025-08-29 18:45:00,Domestic League,0,326,41,326,65,236,90,326,0,0,-1,8,56,115,0,2025/2026,2025,1
France_Ligue_1_2025-2026,Kenny Lala,Brest,Defender,34,178,78,France,8,8,16,0,1,1,0.06,1970-01-08,3,0.19,1,3,4,25,14,10,24,1.51,eu,,94.0,38.76,38.44,615.0,35.0,0.57,0.56,0.0,9.0,2270000.0,65.0,51.0,0.06,6.62,50.0,73.0,0.38,0.38,6.0,3.0,19.0,71.0,52.0,49.0,74.0,2.58,2.56,41.0,30.0,1138.89,69.0,85.0,3.4,3.38,54.0,16.0,1428.0,69.0,0.38,0.38,6.0,18.0,0.95,0.94,15.0,39.0,0.82,0.81,29.0,0.25,0.25,30.0,23.0,4.0,13.0,15.0,5.74,5.69,91.0,14.0,2.77,2.75,48.0,44.0,14.0,0.44,0.44,7.0,44.0,0.88,0.88,14.0,16.0,99.0,,25.0,1.0,44.0,29.0,68.0,57.0,43.0,,76.0,0.0,0.0,,44.0,0.63,0.62,10.0,62.0,0.95,0.94,15.0,0.0,99.0,72.0,30.0,43.0,98.0,16.0,0.01,0.01,0.19,78.64,29.0,50.0,32.71,32.44,519.0,57.0,41.6,41.25,660.0,17.0,0.06,0.06,1.0,,0.0,,,,,,,0.0,0.0,,105.89,0.0,,,0.0,0.0,,77,0.0,0.0,21.0,0.0,46.0,55.0,1.45,1.44,23.0,24.0,0.25,0.25,4.0,21.0,0.0,0.0,,17.0,0.25,0.25,0.0,0.0,4.0,39.0,1.2,1.19,99.0,0.0,0.0,,19.0,,,,,47.0,0.13,0.13,2.14,16.0,0.01,0.01,0.19,2026,0,0,0.06,0,0.0,0.0,0.0,2025-12-13 16:00:00,Domestic League,1428,476,60,0,89,708,720,1428,0,0,-1,23,307,80,0,2025/2026,2025,3
France_Ligue_1_2025-2026,Michel Diaz,Brest,Midfielder,22,193,0,France,4,4,8,0,0,0,0.0,2003-07-23,0,0.0,1,1,2,25,3,5,8,1.11,eu,,33.0,0.0,0.0,,71.0,1.39,0.67,0.0,10.0,,1.0,50.0,0.0,3.67,2.0,91.0,0.69,0.33,5.0,,,26.0,23.0,49.0,94.0,5.28,2.53,38.0,63.0,0.0,33.0,17.0,0.0,0.0,,15.0,648.0,99.0,0.0,0.0,,75.0,0.28,0.13,2.0,23.0,0.42,0.2,32.0,0.28,0.13,66.0,87.0,2.0,3.0,15.0,5.83,2.8,42.0,20.0,3.33,1.6,57.0,24.0,10.0,0.28,0.13,2.0,18.0,0.42,0.2,3.0,7.0,29.0,1.0,48.0,,18.0,28.0,68.0,57.0,43.0,,76.0,0.0,0.0,,90.0,1.39,0.67,10.0,15.0,0.14,0.07,1.0,0.0,9.0,23.0,63.0,43.0,29.0,21.0,0.02,0.01,0.16,85.56,58.0,53.0,33.75,16.2,243.0,51.0,39.44,18.93,284.0,99.0,0.0,0.0,,,0.0,,1.0,,,,,0.0,0.0,,55.0,0.0,,,0.0,0.0,,4,0.0,0.0,21.0,0.0,46.0,53.0,1.39,0.67,10.0,36.0,0.42,0.2,3.0,21.0,0.0,0.0,,26.0,0.42,0.2,0.0,0.0,3.0,41.0,1.25,0.6,99.0,0.0,0.0,,9.0,,,,,14.0,0.07,0.03,0.48,20.0,0.02,0.01,0.16,2026,0,0,0.0,0,0.0,0.0,0.0,2025-11-30 14:00:00,Domestic League,0,0,81,0,81,288,360,648,0,0,-1,22,298,-1,0,2025/2026,2025,0
France_Ligue_1_2025-2026,Axel Camblan,Brest,Midfielder,22,168,0,France,1,0,1,0,0,0,0.0,2003-06-18,0,0.0,0,0,0,0,0,0,0,0.0,eu,,33.0,0.0,0.0,,2.0,0.0,0.0,0.0,,,1.0,50.0,0.0,3.29,1.0,31.0,0.0,0.0,,,,26.0,23.0,2.0,2.0,0.0,0.0,,99.0,0.0,33.0,17.0,0.0,0.0,,2.0,11.0,99.0,0.0,0.0,,99.0,0.0,0.0,,9.0,0.0,0.0,11.0,0.0,0.0,0.0,11.0,,,47.0,8.18,0.5,1.0,,0.0,0.0,0.0,,7.0,0.0,0.0,,2.0,0.0,0.0,,,,1.0,48.0,,18.0,28.0,68.0,57.0,43.0,,76.0,0.0,0.0,,7.0,0.0,0.0,,99.0,8.18,0.5,1.0,0.0,,23.0,,43.0,,10.0,0.0,0.0,0.0,100.0,99.0,31.0,24.55,1.5,3.0,18.0,24.55,1.5,3.0,99.0,0.0,0.0,,,0.0,,,,,,,0.0,0.0,,6.58,0.0,,,0.0,0.0,,11,0.0,0.0,21.0,0.0,46.0,,0.0,0.0,,10.0,0.0,0.0,,21.0,0.0,0.0,,8.0,0.0,0.0,0.0,0.0,,5.0,0.0,0.0,99.0,0.0,0.0,,,,,,,95.0,0.33,0.02,0.04,9.0,0.0,0.0,0.0,2026,0,0,0.0,0,0.0,0.0,0.0,1970-01-01 00:00:00,Domestic League,0,0,0,0,11,11,0,11,0,0,-1,21,-1,-1,0,2025/2026,2025,0
France_Ligue_1_2025-2026,Tolikpaley Luc Evrad Zogbe,Brest,Defender,20,0,0,Ivory Coast,1,2,3,0,0,0,0.0,2005-03-24,0,0.0,1,0,1,33,0,0,0,0.0,eu,,,,,,,,,,,,,,,,,,,,,,,,,,,,,,,,,,,,,,,,,,,,,,,,,,,,,,,,,,,,,,,,,,,,,,,,,,,,,,,,,,,,,,,,,,,,,,,,,,,,,,,,,,,,,,,,,,,,,,,,,,,,,,,,,,,,,,,,,,,,,,,,,,,,,,,,,,,,,,,,,,,,,,,,,,,,,,,,,,,,,,,2026,0,0,0.0,0,0.0,0.0,0.0,1970-01-01 00:00:00,Domestic League,0,0,0,0,0,1,0,1,0,0,-1,16,-1,-1,0,2025/2026,2025,0
France_Ligue_1_2025-2026,Justin Bourgault,Brest,Midfielder,0,0,0,France,1,0,1,0,0,0,0.0,1970-01-01,0,0.0,0,0,0,0,1,0,1,6.0,eu,,33.0,0.0,0.0,,99.0,6.0,0.12,0.0,1.0,225000.0,3.0,50.0,0.0,0.79,,31.0,0.0,0.0,,,,26.0,23.0,2.0,98.0,6.0,0.12,1.0,,0.0,33.0,17.0,0.0,0.0,,8.0,15.0,99.0,0.0,0.0,,99.0,0.0,0.0,,99.0,6.0,0.12,99.0,6.0,0.12,100.0,99.0,1.0,1.0,99.0,24.0,0.5,4.0,99.0,12.0,0.25,50.0,2.0,7.0,0.0,0.0,,2.0,0.0,0.0,,,,1.0,48.0,,18.0,28.0,68.0,57.0,43.0,,76.0,0.0,0.0,,99.0,6.0,0.12,1.0,7.0,0.0,0.0,,0.0,,23.0,,43.0,,89.0,0.36,0.01,0.06,100.0,99.0,29.0,24.0,0.5,4.0,17.0,24.0,0.5,4.0,99.0,0.0,0.0,,,0.0,,,,,,,0.0,0.0,,6.28,0.0,,,0.0,0.0,,18,0.0,0.0,21.0,0.0,46.0,99.0,12.0,0.25,2.0,99.0,6.0,0.12,1.0,21.0,0.0,0.0,,99.0,6.0,0.12,0.0,0.0,1.0,5.0,0.0,0.0,99.0,0.0,0.0,,,,,,,11.0,0.06,0.0,0.01,86.0,0.36,0.01,0.06,2026,0,0,0.0,0,0.0,0.0,0.0,1970-01-01 00:00:00,Domestic League,0,0,15,0,15,15,0,15,0,0,-1,19,-1,-1,0,2025/2026,2025,0
France_Ligue_1_2025-2026,Hiang'a Mananga Mbock,Brest,Midfielder,25,186,82,France,0,0,0,0,0,0,0.0,1970-01-11,0,0.0,0,0,0,0,0,0,0,0.0,eu,,,,,,,,,,,,,,,,,,,,,,,,,,,,,,,,,,,,,,,,,,,,,,,,,,,,,,,,,,,,,,,,,,,,,,,,,,,,,,,,,,,,,,,,,,,,,,,,,,,,,,,,,,,,,,,,,,,,,,,,,,,,,,,,,,,,,,,,,,,,,,,,,,,,,,,,,,,,,,,,,,,,,,,,,,,,,,,,,,,,,,,2026,0,0,0.0,0,0.0,0.0,0.0,1970-01-01 00:00:00,Domestic League,0,0,0,0,0,0,0,0,0,0,-1,-1,-1,-1,0,2025/2026,2025,0
France_Ligue_1_2025-2026,Serigne Diop,Brest,Forward,55,0,0,,2,0,2,0,0,0,0.0,1970-01-01,0,0.0,0,0,0,0,0,0,0,0.0,eu,,99.0,900.0,33.33,100.0,99.0,18.0,0.67,0.0,2.0,150000.0,2.0,50.0,0.0,2.2,,31.0,0.0,0.0,,,,26.0,23.0,2.0,2.0,0.0,0.0,,99.0,9999.99,99.0,99.0,9.0,0.33,1.0,3.0,10.0,,9.0,0.33,1.0,99.0,0.0,0.0,,99.0,9.0,0.33,99.0,9.0,0.33,100.0,99.0,1.0,1.0,99.0,36.0,1.33,4.0,99.0,27.0,1.0,75.0,3.0,7.0,0.0,0.0,,2.0,0.0,0.0,,,,2.0,63.0,,18.0,28.0,68.0,57.0,43.0,,76.0,0.0,0.0,,7.0,0.0,0.0,,7.0,0.0,0.0,,0.0,,23.0,,43.0,,93.0,0.45,0.02,0.05,50.0,,1.0,9.0,0.33,1.0,8.0,18.0,0.67,2.0,99.0,0.0,0.0,,,0.0,,,,,,,0.0,0.0,,6.59,0.0,,,0.0,0.0,,29,0.0,0.0,21.0,0.0,46.0,99.0,9.0,0.33,1.0,99.0,9.0,0.33,1.0,21.0,0.0,0.0,,99.0,9.0,0.33,0.0,0.0,1.0,5.0,0.0,0.0,99.0,0.0,0.0,,,,,,,,0.0,0.0,0.0,92.0,0.45,0.02,0.05,2026,0,0,0.0,0,0.0,0.0,0.0,1970-01-01 00:00:00,Domestic League,0,0,0,0,5,10,0,10,0,0,-1,18,-1,-1,0,2025/2026,2025,0
France_Ligue_1_2025-2026,Grégoire Coudert,Brest,Goalkeeper,26,188,80,France,3,4,7,0,0,0,0.0,1970-01-11,0,0.0,0,1,1,14,6,5,11,1.73,eu,,33.0,0.0,0.0,,40.0,0.63,0.27,0.0,4.0,450000.0,9.0,50.0,0.0,3.12,1.0,31.0,0.0,0.0,,,,26.0,23.0,21.0,43.0,1.1,0.47,7.0,15.0,0.0,33.0,17.0,0.0,0.0,,15.0,571.0,99.0,0.0,0.0,,99.0,0.0,0.0,,9.0,0.0,0.0,11.0,0.0,0.0,0.0,11.0,,,4.0,0.63,0.27,4.0,5.0,0.63,0.27,100.0,4.0,7.0,0.0,0.0,,13.0,0.32,0.13,2.0,6.0,21.0,1.0,48.0,,18.0,28.0,68.0,57.0,43.0,,76.0,0.0,0.0,,7.0,0.0,0.0,,7.0,0.0,0.0,,0.0,6.0,23.0,17.0,43.0,20.0,10.0,0.0,0.0,0.0,54.64,,13.0,16.71,7.07,106.0,29.0,30.58,12.93,194.0,99.0,0.0,0.0,,,0.0,,,,,,86.0,0.47,0.2,3.0,46.8,62.5,33.0,76.0,3.15,1.33,20.0,30,0.0,0.0,21.0,0.0,46.0,99.0,5.04,2.13,32.0,10.0,0.0,0.0,,21.0,0.0,0.0,,8.0,0.0,0.0,0.0,0.0,,5.0,0.0,0.0,99.0,0.0,0.0,,,,,,,4.0,0.04,0.02,0.26,9.0,0.0,0.0,0.0,2026,0,0,0.0,0,0.0,0.0,0.0,2025-12-13 16:00:00,Domestic League,0,0,52,0,82,211,360,571,0,0,-1,17,299,100,0,2025/2026,2025,0
France_Ligue_1_2025-2026,Hamidou Makalou,Brest,Midfielder,55,164,0,Mali,4,5,9,0,0,0,0.0,1970-01-01,0,0.0,0,1,1,11,2,2,4,2.43,eu,,79.0,24.32,2.67,40.0,2.0,0.0,0.0,0.0,,225000.0,3.0,50.0,0.0,3.46,1.0,85.0,0.61,0.07,1.0,,,26.0,23.0,10.0,23.0,0.61,0.07,1.0,2.0,666.67,52.0,86.0,3.65,0.4,6.0,15.0,148.0,9.0,1.82,0.2,3.0,99.0,0.0,0.0,,57.0,1.22,0.13,11.0,0.0,0.0,0.0,11.0,,2.0,13.0,5.47,0.6,9.0,8.0,1.82,0.2,33.0,3.0,17.0,0.61,0.07,1.0,64.0,1.22,0.13,2.0,1.0,,8.0,97.0,2.0,60.0,28.0,68.0,57.0,43.0,,76.0,0.0,0.0,,97.0,1.82,0.2,3.0,90.0,1.82,0.2,3.0,0.0,15.0,23.0,2.0,43.0,,40.0,0.06,0.01,0.1,74.19,14.0,38.0,27.97,3.07,46.0,47.0,37.7,4.13,62.0,99.0,0.0,0.0,,,0.0,,,,,,,0.0,0.0,,51.96,0.0,,,0.0,0.0,,33,0.0,0.0,21.0,0.0,46.0,94.0,3.65,0.4,6.0,80.0,1.22,0.13,2.0,21.0,0.0,0.0,,63.0,1.22,0.13,0.0,0.0,2.0,17.0,0.61,0.07,99.0,0.0,0.0,,1.0,,,,,50.0,0.14,0.02,0.23,39.0,0.06,0.01,0.1,2026,0,0,0.0,0,0.0,0.0,0.0,2025-09-14 15:15:00,Domestic League,0,0,37,0,16,51,97,148,0,0,-1,13,-1,-1,0,2025/2026,2025,0
France_Ligue_1_2025-2026,Raphaël Marc Le Guen,Brest,Defender,55,0,0,,1,0,1,0,0,0,0.0,1970-01-01,0,0.0,0,0,0,0,0,0,0,0.0,eu,,,,,,,,,,,,,,,,,,,,,,,,,,,,,,,,,,,,,,,,,,,,,,,,,,,,,,,,,,,,,,,,,,,,,,,,,,,,,,,,,,,,,,,,,,,,,,,,,,,,,,,,,,,,,,,,,,,,,,,,,,,,,,,,,,,,,,,,,,,,,,,,,,,,,,,,,,,,,,,,,,,,,,,,,,,,,,,,,,,,,,,2026,0,0,0.0,0,0.0,0.0,0.0,1970-01-01 00:00:00,Domestic League,0,0,0,0,4,4,0,4,0,0,-1,15,-1,-1,0,2025/2026,2025,0
France_Ligue_1_2025-2026,Berke Özer,Lille,Goalkeeper,25,190,73,Turkey,6,7,13,1,0,1,0.08,1970-01-12,1,0.08,2,3,5,38,9,4,13,1.0,eu,,33.0,0.0,0.0,,34.0,0.54,0.54,0.0,7.0,2050000.0,60.0,58.0,0.08,7.0,85.0,31.0,0.0,0.0,,1.0,8.0,40.0,28.0,80.0,39.0,1.0,1.0,13.0,72.0,0.0,33.0,17.0,0.0,0.0,,13.0,1170.0,99.0,0.0,0.0,,91.0,0.08,0.08,1.0,9.0,0.0,0.0,11.0,0.0,0.0,0.0,11.0,,,7.0,1.15,1.15,15.0,7.0,0.92,0.92,80.0,12.0,7.0,0.0,0.0,,24.0,0.54,0.54,7.0,13.0,79.0,,25.0,,18.0,36.0,68.0,57.0,43.0,,76.0,0.0,0.0,,7.0,0.0,0.0,,11.0,0.08,0.08,1.0,0.0,57.0,97.0,72.0,43.0,78.0,10.0,0.0,0.0,0.0,80.58,36.0,38.0,27.77,27.77,361.0,39.0,34.46,34.46,448.0,99.0,0.0,0.0,,,0.0,,,1.0,,,62.0,0.38,0.38,5.0,91.02,68.89,76.0,29.0,2.38,2.38,31.0,1,0.0,0.0,21.0,0.0,46.0,94.0,3.46,3.46,45.0,10.0,0.0,0.0,,21.0,0.0,0.0,,8.0,0.0,0.0,0.0,0.0,,7.0,0.08,0.08,99.0,0.0,0.0,,1.0,,,,,32.0,0.1,0.1,1.34,9.0,0.0,0.0,0.0,2026,0,0,0.08,0,0.0,0.0,0.0,2025-12-05 20:00:00,Domestic League,1170,1170,90,0,90,540,630,1170,0,0,-1,18,297,34,0,2025/2026,2025,1
France_Ligue_1_2025-2026,Nathan Ngoy,Lille,Defender,22,0,0,Belgium,6,7,13,1,0,1,0.09,2003-06-10,2,0.18,1,2,3,23,11,3,14,1.24,eu,,45.0,8.86,7.14,100.0,75.0,1.51,1.21,0.0,17.0,1140000.0,38.0,60.0,0.08,5.85,23.0,78.0,0.44,0.36,5.0,2.0,15.0,65.0,50.0,45.0,89.0,4.34,3.5,49.0,50.0,2000.0,85.0,39.0,0.44,0.36,5.0,14.0,1016.0,99.0,0.0,0.0,,49.0,0.62,0.5,7.0,21.0,0.35,0.29,22.0,0.18,0.14,50.0,65.0,2.0,4.0,19.0,6.11,4.93,69.0,27.0,3.54,2.86,57.0,40.0,37.0,0.97,0.79,11.0,10.0,0.27,0.21,3.0,11.0,61.0,2.0,63.0,,18.0,39.0,68.0,57.0,43.0,,82.0,0.09,0.07,1.0,95.0,1.59,1.29,18.0,24.0,0.27,0.21,3.0,0.0,57.0,75.0,51.0,43.0,63.0,40.0,0.06,0.05,0.72,90.84,86.0,86.0,54.48,43.93,615.0,86.0,59.97,48.36,677.0,99.0,0.0,0.0,,,0.0,,,,,,,0.0,0.0,,81.92,0.0,,,0.0,0.0,,3,0.0,25.0,41.0,0.0,46.0,28.0,1.06,0.86,12.0,63.0,0.8,0.64,9.0,52.0,0.27,0.21,3.0,56.0,1.06,0.86,0.0,0.0,12.0,56.0,1.59,1.29,99.0,0.0,0.0,,18.0,,,,,60.0,0.16,0.13,1.86,39.0,0.06,0.05,0.72,2026,0,0,0.09,0,0.0,0.0,0.0,2025-12-05 20:00:00,Domestic League,1016,508,73,0,78,540,476,1016,0,0,-1,24,278,56,0,2025/2026,2025,2
France_Ligue_1_2025-2026,Alexsandro Victor Souza Ribeiro,Lille,Defender,26,189,82,Brazil,2,2,4,0,0,0,0.0,1970-01-11,0,0.0,0,1,1,25,4,0,4,1.14,eu,,33.0,0.0,0.0,,94.0,2.86,2.5,0.0,10.0,910000.0,29.0,50.0,0.0,7.09,91.0,31.0,0.0,0.0,,,,26.0,23.0,49.0,98.0,6.0,5.25,21.0,60.0,0.0,33.0,17.0,0.0,0.0,,4.0,315.0,99.0,0.0,0.0,,75.0,0.29,0.25,1.0,30.0,0.57,0.5,55.0,0.57,0.5,100.0,99.0,2.0,2.0,58.0,9.14,8.0,32.0,90.0,6.29,5.5,68.0,22.0,70.0,1.43,1.25,5.0,59.0,1.14,1.0,4.0,4.0,7.0,,25.0,1.0,44.0,28.0,68.0,57.0,43.0,,76.0,0.0,0.0,,99.0,2.57,2.25,9.0,7.0,0.0,0.0,,0.0,,23.0,60.0,43.0,,54.0,0.11,0.1,0.39,89.61,80.0,95.0,71.43,62.5,250.0,96.0,79.71,69.75,279.0,99.0,0.0,0.0,,,0.0,,,,,,,0.0,0.0,,28.37,0.0,,,0.0,0.0,,4,0.0,50.0,87.0,0.0,46.0,,0.29,0.25,1.0,50.0,0.57,0.5,2.0,72.0,0.57,0.5,2.0,60.0,1.14,1.0,0.0,0.0,4.0,63.0,1.71,1.5,99.0,0.0,0.0,,6.0,,,,,68.0,0.18,0.15,0.62,52.0,0.11,0.1,0.39,2026,0,0,0.0,0,0.0,0.0,0.0,2025-09-14 13:00:00,Domestic League,0,0,79,0,79,180,135,315,0,0,-1,27,277,45,0,2025/2026,2025,0
France_Ligue_1_2025-2026,Olivier Giroud,Lille,Forward,39,192,88,France,6,7,13,1,0,1,0.09,1970-01-07,1,0.09,2,3,5,38,9,5,14,1.32,eu,,33.0,0.0,0.0,,98.0,3.12,2.54,0.0,33.0,3410000.0,80.0,60.0,0.08,6.85,71.0,54.0,0.19,0.15,2.0,1.0,8.0,40.0,30.0,80.0,35.0,0.94,0.77,10.0,43.0,0.0,33.0,21.0,0.09,0.08,1.0,13.0,953.0,56.0,0.57,0.46,6.0,67.0,0.38,0.31,4.0,19.0,0.28,0.23,22.0,0.19,0.15,66.0,87.0,2.0,3.0,70.0,10.1,8.23,107.0,75.0,5.29,4.31,52.0,56.0,81.0,1.61,1.31,17.0,78.0,1.61,1.31,17.0,11.0,61.0,2.0,63.0,3.0,74.0,85.0,81.0,91.0,90.0,,76.0,0.0,0.0,,18.0,0.28,0.23,3.0,76.0,1.23,1.0,13.0,0.0,57.0,94.0,43.0,55.0,59.0,81.0,0.28,0.23,2.95,69.12,5.0,10.0,14.17,11.54,150.0,11.0,20.49,16.69,217.0,99.0,0.0,0.0,,1.0,0.0,1.0,,,2.0,,,0.0,0.0,,89.05,0.0,,,0.0,0.0,,9,0.0,41.67,71.0,16.67,79.0,27.0,1.04,0.85,11.0,83.0,1.32,1.08,14.0,85.0,0.94,0.77,10.0,85.0,2.27,1.85,0.0,6.0,24.0,14.0,0.47,0.38,99.0,0.0,0.0,,5.0,,,,,47.0,0.13,0.1,1.34,90.0,0.41,0.33,4.35,2026,1,3,0.47,4,0.23,0.48,0.38,2025-11-30 16:15:00,Domestic League,953,953,68,238,73,386,567,953,1,0,100,2,38,-1,0,2025/2026,2025,1
France_Ligue_1_2025-2026,Hákon Arnar Haraldsson,Lille,Forward,22,182,76,Iceland,7,7,14,0,1,1,0.09,2003-04-10,3,0.26,2,3,5,36,10,2,12,1.03,eu,,69.0,20.24,16.79,235.0,14.0,0.26,0.21,0.0,3.0,1700000.0,53.0,60.0,0.07,7.16,95.0,31.0,0.0,0.0,,3.0,21.0,79.0,71.0,77.0,4.0,0.17,0.14,2.0,70.0,522.22,46.0,87.0,3.88,3.21,45.0,14.0,1045.0,37.0,0.86,0.71,10.0,38.0,0.69,0.57,8.0,78.0,2.24,1.86,70.0,0.78,0.64,34.0,31.0,9.0,26.0,59.0,9.22,7.64,107.0,36.0,3.79,3.14,41.0,44.0,83.0,1.64,1.36,19.0,79.0,1.64,1.36,19.0,12.0,70.0,2.0,63.0,1.0,44.0,82.0,94.0,67.0,87.0,,95.0,0.17,0.14,2.0,30.0,0.43,0.36,5.0,98.0,2.41,2.0,28.0,0.0,76.0,53.0,70.0,56.0,66.0,88.0,0.35,0.29,4.04,85.54,58.0,59.0,36.69,30.43,426.0,59.0,42.89,35.57,498.0,99.0,0.0,0.0,,,0.0,,1.0,,,,,0.0,0.0,,100.21,0.0,,,0.0,0.0,,10,0.0,24.0,36.0,16.0,76.0,22.0,0.95,0.79,11.0,91.0,1.64,1.36,19.0,70.0,0.52,0.43,6.0,82.0,2.15,1.79,0.0,6.25,25.0,36.0,1.12,0.93,99.0,0.0,0.0,,13.0,,,,,77.0,0.21,0.17,2.41,86.0,0.35,0.29,4.04,2026,3,1,0.43,4,0.52,0.17,0.34,2025-12-05 20:00:00,Domestic League,1045,348,87,261,75,517,528,1045,0,0,-1,3,42,-1,0,2025/2026,2025,3
France_Ligue_1_2025-2026,Marius Sivertsen Broholm,Lille,Midfielder,20,0,0,Norway,4,2,6,0,0,0,0.0,2004-12-26,0,0.0,0,0,0,0,2,1,3,1.8,eu,,99.0,60.0,11.11,100.0,2.0,0.0,0.0,0.0,,910000.0,29.0,50.0,0.0,4.48,6.0,31.0,0.0,0.0,,,,26.0,23.0,2.0,47.0,1.2,0.22,2.0,12.0,1666.67,80.0,85.0,3.6,0.67,6.0,9.0,150.0,24.0,1.2,0.22,2.0,1.0,1.8,0.33,3.0,93.0,3.6,0.67,98.0,2.4,0.44,66.0,87.0,4.0,6.0,85.0,12.0,2.22,20.0,93.0,6.6,1.22,55.0,11.0,54.0,1.2,0.22,2.0,62.0,1.2,0.22,2.0,2.0,,4.0,81.0,2.0,60.0,91.0,68.0,99.0,97.0,,76.0,0.0,0.0,,7.0,0.0,0.0,,90.0,1.8,0.33,3.0,0.0,3.0,23.0,13.0,47.0,,68.0,0.19,0.04,0.32,77.94,26.0,48.0,31.8,5.89,53.0,55.0,40.8,7.56,68.0,99.0,0.0,0.0,,,0.0,1.0,,,1.0,,,0.0,0.0,,40.34,0.0,,,0.0,0.0,,14,0.0,75.0,97.0,25.0,91.0,76.0,1.8,0.33,3.0,51.0,0.6,0.11,1.0,98.0,1.8,0.33,3.0,89.0,2.4,0.44,0.0,4.0,4.0,95.0,3.0,0.56,99.0,0.0,0.0,,5.0,,,,,47.0,0.13,0.02,0.22,97.0,0.61,0.11,1.02,2026,0,1,0.6,1,0.0,3.75,0.6,2025-08-30 15:00:00,Domestic League,0,0,50,150,25,126,24,150,1,0,100,13,-1,-1,0,2025/2026,2025,0
France_Ligue_1_2025-2026,Romain Paul Jean-Michel Perraud,Lille,Defender,28,173,68,France,7,6,13,1,1,2,0.17,1970-01-11,3,0.25,2,2,4,31,7,4,11,0.93,eu,,78.0,23.87,20.21,283.0,31.0,0.51,0.43,0.0,6.0,2950000.0,74.0,78.0,0.15,6.64,52.0,50.0,0.17,0.14,2.0,3.0,23.0,82.0,70.0,67.0,64.0,1.94,1.64,23.0,74.0,435.38,41.0,97.0,5.48,4.64,65.0,14.0,1067.0,65.0,0.42,0.36,5.0,14.0,1.01,0.86,12.0,30.0,0.59,0.5,21.0,0.17,0.14,28.0,21.0,2.0,7.0,52.0,8.52,7.21,101.0,60.0,4.55,3.86,53.0,54.0,62.0,1.27,1.07,15.0,86.0,1.86,1.57,22.0,13.0,79.0,,25.0,1.0,44.0,72.0,73.0,67.0,67.0,,76.0,0.0,0.0,,57.0,0.84,0.71,10.0,88.0,1.69,1.43,20.0,0.0,57.0,54.0,74.0,76.0,68.0,70.0,0.2,0.17,2.41,87.05,68.0,65.0,39.14,33.14,464.0,63.0,44.96,38.07,533.0,99.0,0.0,0.0,,,0.0,,,,,,,0.0,0.0,,93.01,0.0,,,0.0,0.0,,15,0.0,46.67,79.0,13.33,68.0,12.0,0.84,0.71,10.0,56.0,0.67,0.57,8.0,73.0,0.59,0.5,7.0,63.0,1.27,1.07,0.0,7.5,15.0,75.0,2.02,1.71,99.0,0.0,0.0,,24.0,,,,,85.0,0.25,0.21,2.94,67.0,0.2,0.17,2.41,2026,1,1,0.34,2,0.17,0.17,0.17,2025-12-05 20:00:00,Domestic League,534,356,97,534,82,527,540,1067,0,0,-1,6,107,29,0,2025/2026,2025,3
France_Ligue_1_2025-2026,Ngal'ayel Mukau,Lille,Midfielder,21,0,0,Belgium,5,7,12,0,0,0,0.0,2004-11-03,1,0.19,1,3,4,33,4,3,7,1.31,eu,,33.0,0.0,0.0,,19.0,0.37,0.15,0.0,2.0,1250000.0,40.0,50.0,0.0,6.12,32.0,31.0,0.0,0.0,,1.0,8.0,40.0,52.0,73.0,12.0,0.37,0.15,2.0,44.0,0.0,33.0,26.0,0.19,0.08,1.0,13.0,481.0,43.0,0.75,0.31,4.0,29.0,0.75,0.31,4.0,44.0,0.94,0.38,39.0,0.37,0.15,40.0,43.0,2.0,5.0,45.0,8.05,3.31,43.0,22.0,3.37,1.38,41.0,18.0,85.0,1.68,0.69,9.0,47.0,0.94,0.38,5.0,5.0,13.0,7.0,94.0,7.0,98.0,54.0,92.0,57.0,70.0,,76.0,0.0,0.0,,24.0,0.37,0.15,2.0,48.0,0.75,0.31,4.0,0.0,44.0,73.0,45.0,73.0,12.0,68.0,0.19,0.08,1.04,91.58,90.0,49.0,32.56,13.38,174.0,42.0,35.55,14.62,190.0,99.0,0.0,0.0,,,0.0,,,,,,,0.0,0.0,,79.53,0.0,,,0.0,0.0,,17,0.0,33.33,57.0,16.67,79.0,21.0,0.94,0.38,5.0,60.0,0.75,0.31,4.0,62.0,0.37,0.15,2.0,59.0,1.12,0.46,0.0,6.0,6.0,61.0,1.68,0.69,99.0,0.0,0.0,,9.0,,,,,24.0,0.09,0.04,0.46,66.0,0.19,0.08,1.04,2026,1,0,0.19,1,0.45,0.0,0.19,2025-11-30 16:15:00,Domestic League,0,481,69,481,40,199,282,481,0,0,-1,12,96,-1,0,2025/2026,2025,1
France_Ligue_1_2025-2026,Benjamin André,Lille,Midfielder,35,180,76,France,6,6,12,1,0,1,0.08,1970-01-08,5,0.42,2,3,5,42,7,2,9,0.76,eu,,37.0,5.63,5.58,67.0,92.0,2.69,2.67,0.0,32.0,5690000.0,94.0,58.0,0.08,7.02,86.0,62.0,0.25,0.25,3.0,5.0,42.0,99.0,91.0,86.0,52.0,1.34,1.33,16.0,86.0,957.14,63.0,45.0,0.59,0.58,7.0,12.0,1071.0,26.0,1.18,1.17,14.0,41.0,0.67,0.67,8.0,41.0,0.84,0.83,43.0,0.42,0.42,50.0,65.0,5.0,10.0,85.0,12.02,11.92,143.0,87.0,6.05,6.0,50.0,72.0,86.0,1.76,1.75,21.0,52.0,1.01,1.0,12.0,12.0,70.0,,25.0,4.0,87.0,52.0,68.0,67.0,52.0,,76.0,0.0,0.0,,57.0,0.84,0.83,10.0,49.0,0.76,0.75,9.0,0.0,44.0,34.0,86.0,92.0,69.0,56.0,0.12,0.11,1.37,84.03,49.0,75.0,44.2,43.83,526.0,78.0,52.61,52.17,626.0,99.0,0.0,0.0,,,0.0,,,,,,,0.0,0.0,,84.23,0.0,,,0.0,0.0,,21,0.0,16.67,26.0,8.33,54.0,1.0,0.59,0.58,7.0,66.0,0.84,0.83,10.0,36.0,0.17,0.17,2.0,54.0,1.01,1.0,0.0,12.0,12.0,77.0,2.1,2.08,99.0,0.0,0.0,,25.0,,,,,60.0,0.16,0.15,1.86,55.0,0.12,0.11,1.37,2026,0,1,0.17,1,0.0,0.17,0.08,2025-12-05 20:00:00,Domestic League,1071,214,119,1071,89,531,540,1071,0,0,-1,11,151,-1,0,2025/2026,2025,5
France_Ligue_1_2025-2026,Felix Alexandre Andrade Sanches Correia,Lille,Forward,24,180,74,Portugal,7,8,15,3,1,4,0.35,1970-01-12,0,0.0,2,3,5,33,9,4,13,1.13,eu,,95.0,40.24,31.0,465.0,38.0,0.61,0.47,0.0,7.0,1590000.0,51.0,96.0,0.27,7.11,92.0,38.0,0.09,0.07,1.0,,,26.0,23.0,73.0,20.0,0.52,0.4,6.0,62.0,801.72,55.0,94.0,5.02,3.87,58.0,15.0,1040.0,34.0,0.95,0.73,11.0,38.0,0.69,0.53,8.0,74.0,1.99,1.53,59.0,0.61,0.47,30.0,22.0,7.0,23.0,33.0,7.27,5.6,84.0,16.0,3.12,2.4,42.0,36.0,15.0,0.52,0.4,6.0,54.0,1.04,0.8,12.0,13.0,79.0,2.0,63.0,4.0,87.0,92.0,68.0,92.0,80.0,,82.0,0.09,0.07,1.0,77.0,1.12,0.87,13.0,94.0,1.99,1.53,23.0,0.0,91.0,23.0,63.0,63.0,65.0,78.0,0.26,0.2,2.98,78.67,29.0,43.0,29.68,22.87,343.0,47.0,37.73,29.07,436.0,99.0,0.0,0.0,,,0.0,,,,,,,0.0,0.0,,106.72,0.0,,,0.0,0.0,,27,0.0,29.41,45.0,17.65,80.0,16.0,0.87,0.67,10.0,72.0,1.04,0.8,12.0,65.0,0.43,0.33,5.0,69.0,1.47,1.13,0.0,5.67,17.0,28.0,0.95,0.73,99.0,0.0,0.0,,11.0,,,7.0,1.0,96.0,0.34,0.26,3.92,75.0,0.26,0.2,2.98,2026,0,3,0.61,3,0.0,0.5,0.26,2025-11-30 16:15:00,Domestic League,260,0,80,347,69,502,538,1040,0,0,-1,4,64,-1,0,2025/2026,2025,0
France_Ligue_1_2025-2026,Ousmane Touré,Lille,Defender,20,0,0,France,1,0,1,0,0,0,0.0,2005-02-18,0,0.0,0,0,0,0,2,0,2,3.46,eu,,33.0,0.0,0.0,,98.0,3.46,2.0,0.0,2.0,338000.0,6.0,50.0,0.0,6.34,40.0,31.0,0.0,0.0,,,,26.0,23.0,2.0,99.0,8.65,5.0,5.0,,0.0,33.0,17.0,0.0,0.0,,1.0,52.0,10.0,1.73,1.0,1.0,99.0,0.0,0.0,,93.0,3.46,2.0,11.0,0.0,0.0,0.0,11.0,,2.0,86.0,12.12,7.0,7.0,73.0,5.19,3.0,42.0,3.0,7.0,0.0,0.0,,2.0,0.0,0.0,,1.0,,,25.0,1.0,44.0,28.0,68.0,57.0,43.0,,76.0,0.0,0.0,,99.0,3.46,2.0,2.0,7.0,0.0,0.0,,0.0,,23.0,,43.0,,10.0,0.0,0.0,0.0,85.71,60.0,46.0,31.15,18.0,18.0,44.0,36.35,21.0,21.0,99.0,0.0,0.0,,,0.0,,,,,,,0.0,0.0,,6.34,0.0,,,0.0,0.0,,36,0.0,0.0,21.0,0.0,46.0,,0.0,0.0,,10.0,0.0,0.0,,21.0,0.0,0.0,,8.0,0.0,0.0,0.0,0.0,,65.0,1.73,1.0,99.0,0.0,0.0,,1.0,,,,,8.0,0.05,0.03,0.03,9.0,0.0,0.0,0.0,2026,0,0,0.0,0,0.0,0.0,0.0,2025-08-17 13:00:00,Domestic League,0,0,26,0,52,52,0,52,0,0,-1,26,-1,-1,0,2025/2026,2025,0
France_Ligue_1_2025-2026,Nabil Bentaleb,Lille,Midfielder,31,187,78,Algeria,5,8,13,0,1,1,0.21,1970-01-10,1,0.21,1,3,4,31,4,1,5,1.06,eu,,53.0,12.52,4.21,59.0,79.0,1.7,0.57,0.0,8.0,2270000.0,65.0,85.0,0.08,6.36,41.0,76.0,0.42,0.14,2.0,1.0,8.0,40.0,59.0,67.0,80.0,2.97,1.0,14.0,68.0,421.43,39.0,80.0,2.97,1.0,14.0,14.0,424.0,16.0,1.49,0.5,7.0,45.0,0.64,0.21,3.0,23.0,0.42,0.14,43.0,0.42,0.14,100.0,99.0,2.0,2.0,62.0,9.55,3.21,45.0,63.0,4.67,1.57,48.0,22.0,31.0,0.85,0.29,4.0,80.0,1.7,0.57,8.0,4.0,7.0,9.0,99.0,3.0,74.0,80.0,68.0,77.0,73.0,,76.0,0.0,0.0,,28.0,0.42,0.14,2.0,66.0,1.06,0.36,5.0,0.0,57.0,66.0,68.0,70.0,6.0,62.0,0.15,0.05,0.7,86.67,66.0,93.0,66.23,22.29,312.0,94.0,76.42,25.71,360.0,99.0,0.0,0.0,,,0.0,1.0,,,1.0,,,0.0,0.0,,89.1,0.0,,,0.0,0.0,,6,0.0,36.36,61.0,9.09,55.0,59.0,1.49,0.5,7.0,89.0,1.49,0.5,7.0,81.0,0.85,0.29,4.0,87.0,2.33,0.79,0.0,11.0,11.0,32.0,1.06,0.36,99.0,0.0,0.0,,5.0,,,,,94.0,0.31,0.1,1.45,79.0,0.3,0.1,1.4,2026,0,1,0.42,1,0.0,0.3,0.21,2025-12-05 20:00:00,Domestic League,425,425,85,425,33,128,297,425,1,0,100,8,89,-1,0,2025/2026,2025,1
France_Ligue_1_2025-2026,Matias Fernandez-Pardo,Lille,Forward,20,183,0,Belgium,5,6,11,0,3,3,0.34,2005-02-03,2,0.22,1,2,3,27,8,3,11,1.24,eu,,90.0,31.89,22.54,293.0,13.0,0.22,0.15,0.0,2.0,1480000.0,47.0,96.0,0.27,6.06,30.0,31.0,0.0,0.0,,2.0,18.0,69.0,62.0,55.0,2.0,0.11,0.08,1.0,50.0,1010.34,67.0,83.0,3.16,2.23,29.0,13.0,827.0,32.0,0.98,0.69,9.0,71.0,0.33,0.23,3.0,85.0,2.72,1.92,89.0,1.31,0.92,48.0,56.0,12.0,25.0,34.0,7.29,5.15,67.0,48.0,4.14,2.92,56.0,38.0,11.0,0.33,0.23,3.0,75.0,1.52,1.08,14.0,9.0,46.0,2.0,63.0,6.0,97.0,89.0,93.0,57.0,74.0,,86.0,0.11,0.08,1.0,15.0,0.22,0.15,2.0,91.0,1.85,1.31,17.0,0.0,31.0,62.0,51.0,69.0,43.0,84.0,0.31,0.22,2.86,84.47,51.0,30.0,24.27,17.15,223.0,25.0,28.73,20.31,264.0,99.0,0.0,0.0,,,0.0,,1.0,,,,,0.0,0.0,,78.82,0.0,,,0.0,0.0,,7,0.0,40.91,71.0,9.09,55.0,24.0,0.98,0.69,9.0,87.0,1.41,1.0,13.0,86.0,0.98,0.69,9.0,89.0,2.39,1.69,0.0,11.0,22.0,33.0,1.09,0.77,99.0,0.0,0.0,,10.0,,,9.0,1.0,94.0,0.31,0.22,2.83,80.0,0.31,0.22,2.86,2026,2,0,0.56,2,0.48,0.0,0.22,2025-11-02 16:15:00,Domestic League,267,401,73,401,73,373,428,801,0,0,-1,7,86,-1,0,2025/2026,2025,2
France_Ligue_1_2025-2026,Arnaud Bodart,Lille,Goalkeeper,27,184,75,Belgium,1,1,2,0,0,0,0.0,1970-01-11,0,0.0,0,0,0,0,2,1,3,1.5,eu,,33.0,0.0,0.0,,2.0,0.0,0.0,0.0,,1590000.0,51.0,50.0,0.0,0.91,,31.0,0.0,0.0,,,,26.0,23.0,2.0,17.0,0.5,0.07,1.0,30.0,0.0,33.0,17.0,0.0,0.0,,14.0,180.0,99.0,0.0,0.0,,99.0,0.0,0.0,,9.0,0.0,0.0,11.0,0.0,0.0,0.0,11.0,,,3.0,0.5,0.07,1.0,,0.0,0.0,0.0,,15.0,0.5,0.07,1.0,2.0,0.0,0.0,,2.0,,,25.0,,18.0,28.0,68.0,57.0,43.0,,76.0,0.0,0.0,,7.0,0.0,0.0,,7.0,0.0,0.0,,0.0,,23.0,30.0,43.0,,10.0,0.0,0.0,0.0,76.47,21.0,36.0,26.0,3.71,52.0,38.0,34.0,4.86,68.0,,0.5,0.07,1.0,,0.0,,,,,,86.0,0.5,0.07,1.0,12.7,50.0,,,1.5,0.21,3.0,16,0.0,0.0,21.0,0.0,46.0,93.0,3.0,0.43,6.0,10.0,0.0,0.0,,21.0,0.0,0.0,,8.0,0.0,0.0,0.0,0.0,,5.0,0.0,0.0,99.0,0.0,0.0,,,,,,,11.0,0.06,0.01,0.12,9.0,0.0,0.0,0.0,2026,0,0,0.0,0,0.0,0.0,0.0,2025-10-29 18:00:00,Domestic League,0,0,60,0,90,90,90,180,0,0,-1,25,-1,-1,0,2025/2026,2025,0
France_Ligue_1_2025-2026,Ugo Raghouber,Lille,Midfielder,22,0,0,France,1,0,1,0,0,0,0.0,2003-07-13,0,0.0,0,0,0,0,0,0,0,0.0,eu,,,,,,,,,,,,,,,,,,,,,,,,,,,,,,,,,,,,,,,,,,,,,,,,,,,,,,,,,,,,,,,,,,,,,,,,,,,,,,,,,,,,,,,,,,,,,,,,,,,,,,,,,,,,,,,,,,,,,,,,,,,,,,,,,,,,,,,,,,,,,,,,,,,,,,,,,,,,,,,,,,,,,,,,,,,,,,,,,,,,,,,2026,0,0,0.0,0,0.0,0.0,0.0,1970-01-01 00:00:00,Domestic League,0,0,0,0,2,2,0,2,0,0,-1,19,-1,-1,0,2025/2026,2025,0
France_Ligue_1_2025-2026,Ayyoub Bouaddi,Lille,Midfielder,18,0,0,France,7,7,14,0,1,1,0.09,2007-10-02,6,0.52,2,2,4,28,7,5,12,1.04,eu,,33.0,0.0,0.0,,54.0,0.95,0.79,0.0,11.0,1360000.0,44.0,60.0,0.07,6.74,60.0,77.0,0.43,0.36,5.0,4.0,29.0,90.0,95.0,60.0,44.0,1.12,0.93,13.0,69.0,0.0,33.0,42.0,0.52,0.43,6.0,14.0,1044.0,37.0,0.86,0.71,10.0,70.0,0.34,0.29,4.0,74.0,1.98,1.64,86.0,1.21,1.0,60.0,78.0,14.0,23.0,62.0,9.66,8.0,112.0,69.0,5.0,4.14,51.0,58.0,94.0,2.16,1.79,25.0,53.0,1.03,0.86,12.0,13.0,79.0,1.0,48.0,3.0,74.0,39.0,68.0,57.0,43.0,,76.0,0.0,0.0,,61.0,0.86,0.71,10.0,62.0,0.95,0.79,11.0,0.0,76.0,28.0,70.0,43.0,66.0,40.0,0.06,0.05,0.66,85.34,56.0,45.0,30.6,25.36,355.0,43.0,35.86,29.71,416.0,10.0,0.09,0.07,1.0,,0.0,,,,,,,0.0,0.0,,94.36,0.0,,,0.0,0.0,,32,0.0,20.0,31.0,0.0,46.0,27.0,1.03,0.86,12.0,57.0,0.69,0.57,8.0,36.0,0.17,0.14,2.0,51.0,0.86,0.71,0.0,0.0,10.0,68.0,1.81,1.5,99.0,0.0,0.0,,21.0,,,,,50.0,0.14,0.12,1.65,39.0,0.06,0.05,0.66,2026,0,0,0.09,0,0.0,0.0,0.0,2025-11-30 16:15:00,Domestic League,1043,174,87,0,75,478,565,1043,0,0,-1,23,258,-1,1,2025/2026,2025,5
France_Ligue_1_2025-2026,Vincent Burlet,Lille,Defender,20,0,0,Belgium,1,0,1,0,0,0,0.0,2005-09-23,0,0.0,0,0,0,0,1,0,1,5.0,eu,,36.0,5.0,0.33,1.0,2.0,0.0,0.0,0.0,,,1.0,50.0,0.0,2.14,,31.0,0.0,0.0,,,,26.0,23.0,2.0,2.0,0.0,0.0,,,100.0,34.0,94.0,5.0,0.33,1.0,3.0,18.0,99.0,0.0,0.0,,,10.0,0.67,2.0,97.0,5.0,0.33,11.0,0.0,0.0,0.0,11.0,,1.0,97.0,15.0,1.0,3.0,,0.0,0.0,0.0,,7.0,0.0,0.0,,2.0,0.0,0.0,,,,1.0,48.0,,18.0,28.0,68.0,57.0,43.0,,76.0,0.0,0.0,,7.0,0.0,0.0,,99.0,5.0,0.33,1.0,0.0,,23.0,,43.0,,10.0,0.0,0.0,0.0,92.86,93.0,92.0,65.0,4.33,13.0,91.0,70.0,4.67,14.0,99.0,0.0,0.0,,,0.0,,,,,,,0.0,0.0,,6.41,0.0,,,0.0,0.0,,41,0.0,0.0,21.0,0.0,46.0,,0.0,0.0,,10.0,0.0,0.0,,21.0,0.0,0.0,,8.0,0.0,0.0,0.0,0.0,,5.0,0.0,0.0,99.0,0.0,0.0,,,,,,,93.0,0.3,0.02,0.06,9.0,0.0,0.0,0.0,2026,0,0,0.0,0,0.0,0.0,0.0,1970-01-01 00:00:00,Domestic League,0,0,18,0,18,18,0,18,0,0,-1,22,-1,-1,0,2025/2026,2025,0
France_Ligue_1_2025-2026,Isaac Cossier,Lille,Midfielder,19,0,0,France,0,0,0,0,0,0,0.0,2006-11-30,0,0.0,0,0,0,0,0,0,0,0.0,eu,,,,,,,,,,,,,,,,,,,,,,,,,,,,,,,,,,,,,,,,,,,,,,,,,,,,,,,,,,,,,,,,,,,,,,,,,,,,,,,,,,,,,,,,,,,,,,,,,,,,,,,,,,,,,,,,,,,,,,,,,,,,,,,,,,,,,,,,,,,,,,,,,,,,,,,,,,,,,,,,,,,,,,,,,,,,,,,,,,,,,,,2026,0,0,0.0,0,0.0,0.0,0.0,1970-01-01 00:00:00,Domestic League,0,0,0,0,0,0,0,0,0,0,-1,-1,-1,-1,0,2025/2026,2025,0
France_Ligue_1_2025-2026,Soriba Diaoune,Lille,Forward,55,0,0,,0,1,1,0,1,1,0.0,1970-01-01,0,0.0,0,0,0,0,0,0,0,0.0,eu,,33.0,0.0,0.0,,2.0,0.0,0.0,0.0,,201000.0,3.0,50.0,1.0,1.78,,31.0,0.0,0.0,,,,26.0,23.0,2.0,2.0,0.0,0.0,,99.0,0.0,33.0,17.0,0.0,0.0,,4.0,11.0,99.0,0.0,0.0,,99.0,0.0,0.0,,99.0,8.18,0.25,99.0,8.18,0.25,100.0,99.0,1.0,1.0,99.0,16.36,0.5,2.0,98.0,8.18,0.25,50.0,1.0,99.0,8.18,0.25,1.0,2.0,0.0,0.0,,,,1.0,48.0,,18.0,28.0,68.0,57.0,43.0,,99.0,8.18,0.25,1.0,7.0,0.0,0.0,,99.0,8.18,0.25,1.0,0.0,,23.0,,43.0,,92.0,0.41,0.01,0.05,100.0,99.0,50.0,32.73,1.0,4.0,34.0,32.73,1.0,4.0,99.0,0.0,0.0,,,0.0,,,,,,,0.0,0.0,,7.11,0.0,,,0.0,0.0,,35,0.0,0.0,21.0,0.0,46.0,,0.0,0.0,,99.0,8.18,0.25,1.0,21.0,0.0,0.0,,99.0,8.18,0.25,0.0,0.0,1.0,5.0,0.0,0.0,99.0,0.0,0.0,,,,,,,99.0,4.75,0.14,0.58,90.0,0.41,0.01,0.05,2026,0,0,0.0,0,0.0,0.0,0.0,1970-01-01 00:00:00,Domestic League,0,0,0,0,0,0,0,0,0,0,-1,-1,-1,-1,0,2025/2026,2025,0
France_Ligue_1_2025-2026,Maxima Adeagan Goffi,Lille,Defender,55,0,0,,1,0,1,0,0,0,0.0,1970-01-01,0,0.0,0,0,0,0,1,0,1,2.37,eu,,34.0,2.37,0.12,1.0,99.0,4.74,0.25,0.0,2.0,112065.0,2.0,50.0,0.0,0.82,,31.0,0.0,0.0,,,,26.0,23.0,2.0,70.0,2.37,0.12,1.0,2.0,100.0,34.0,75.0,2.37,0.12,1.0,8.0,38.0,99.0,0.0,0.0,,99.0,0.0,0.0,,79.0,2.37,0.12,98.0,2.37,0.12,100.0,99.0,1.0,1.0,95.0,14.21,0.75,6.0,99.0,9.47,0.5,66.0,4.0,97.0,2.37,0.12,1.0,2.0,0.0,0.0,,,,1.0,48.0,,18.0,28.0,68.0,57.0,43.0,,76.0,0.0,0.0,,7.0,0.0,0.0,,7.0,0.0,0.0,,0.0,,23.0,2.0,43.0,,10.0,0.0,0.0,0.0,86.36,64.0,76.0,45.0,2.38,19.0,76.0,52.11,2.75,22.0,99.0,0.0,0.0,,,0.0,,,,,,,0.0,0.0,,6.55,0.0,,,0.0,0.0,,44,0.0,0.0,21.0,0.0,46.0,,0.0,0.0,,10.0,0.0,0.0,,21.0,0.0,0.0,,8.0,0.0,0.0,0.0,0.0,,85.0,2.37,0.12,99.0,0.0,0.0,,1.0,,,,,14.0,0.07,0.0,0.03,9.0,0.0,0.0,0.0,2026,0,0,0.0,0,0.0,0.0,0.0,1970-01-01 00:00:00,Domestic League,0,0,38,0,38,38,0,38,0,0,-1,21,-1,-1,0,2025/2026,2025,0
France_Ligue_1_2025-2026,Carlens Jean Fedlaire Ruby Arcus,Angers SCO,Defender,29,176,73,Haiti,7,8,15,1,0,1,0.07,1970-01-10,3,0.21,1,3,4,27,11,6,17,1.2,eu,,65.0,18.79,16.69,267.0,56.0,0.99,0.88,0.0,14.0,2270000.0,65.0,54.0,0.07,6.3,39.0,33.0,0.07,0.06,1.0,3.0,20.0,77.0,59.0,55.0,76.0,2.74,2.44,39.0,55.0,1907.14,82.0,55.0,0.99,0.88,14.0,16.0,1279.0,70.0,0.35,0.31,5.0,59.0,0.49,0.44,7.0,19.0,0.28,0.25,14.0,0.07,0.06,25.0,16.0,1.0,4.0,29.0,6.76,6.0,96.0,26.0,3.52,3.12,52.0,50.0,73.0,1.48,1.31,21.0,30.0,0.63,0.56,9.0,15.0,96.0,,25.0,1.0,44.0,33.0,68.0,57.0,43.0,,76.0,0.0,0.0,,69.0,0.99,0.88,14.0,29.0,0.35,0.31,5.0,0.0,91.0,67.0,55.0,43.0,91.0,26.0,0.03,0.02,0.38,88.38,76.0,70.0,41.73,37.06,593.0,68.0,47.22,41.94,671.0,17.0,0.07,0.06,1.0,,0.0,,,,,,,0.0,0.0,,100.76,0.0,,,0.0,0.0,,2,0.0,20.0,31.0,0.0,46.0,38.0,1.2,1.06,17.0,26.0,0.28,0.25,4.0,23.0,0.07,0.06,1.0,21.0,0.35,0.31,0.0,0.0,5.0,69.0,1.83,1.62,99.0,0.0,0.0,,26.0,,,,,54.0,0.15,0.14,2.18,25.0,0.03,0.02,0.38,2026,0,0,0.07,0,0.0,0.0,0.0,2025-12-12 19:45:00,Domestic League,1279,426,75,0,85,595,684,1279,0,0,-1,14,257,53,0,2025/2026,2025,3
France_Ligue_1_2025-2026,Ousmane Camara,Angers SCO,Midfielder,0,0,0,France,8,8,16,0,0,0,0.0,1970-01-01,1,0.07,2,3,5,31,6,7,13,0.88,eu,,33.0,0.0,0.0,,76.0,1.56,1.44,0.0,23.0,560000.0,13.0,50.0,0.0,6.92,80.0,97.0,1.09,1.0,16.0,1.0,6.0,27.0,26.0,67.0,98.0,5.98,5.5,88.0,76.0,0.0,33.0,20.0,0.07,0.06,1.0,16.0,1325.0,99.0,0.0,0.0,,70.0,0.34,0.31,5.0,18.0,0.27,0.25,18.0,0.14,0.12,50.0,65.0,2.0,4.0,16.0,5.98,5.5,88.0,25.0,3.46,3.19,57.0,51.0,20.0,0.68,0.62,10.0,7.0,0.2,0.19,3.0,15.0,96.0,1.0,48.0,2.0,60.0,33.0,70.0,57.0,48.0,,76.0,0.0,0.0,,74.0,1.09,1.0,16.0,15.0,0.14,0.12,2.0,0.0,99.0,99.0,76.0,99.0,93.0,36.0,0.05,0.05,0.76,89.16,79.0,64.0,39.12,36.0,576.0,61.0,43.88,40.38,646.0,99.0,0.0,0.0,,,0.0,,,,,,,0.0,0.0,,110.73,0.0,,,0.0,0.0,,4,0.0,50.0,87.0,50.0,99.0,16.0,0.88,0.81,13.0,12.0,0.07,0.06,1.0,23.0,0.07,0.06,1.0,12.0,0.14,0.12,0.0,2.0,2.0,54.0,1.56,1.44,99.0,0.0,0.0,,23.0,,,,,32.0,0.1,0.09,1.45,35.0,0.05,0.05,0.76,2026,1,0,0.07,1,0.14,0.0,0.07,2025-12-12 19:45:00,Domestic League,0,1325,102,1325,83,649,676,1325,0,0,-1,7,171,-1,0,2025/2026,2025,1
France_Ligue_1_2025-2026,Louis Mouton,Angers SCO,Midfielder,23,0,0,France,7,8,15,0,1,1,0.09,2002-06-03,2,0.18,2,3,5,33,4,4,8,0.73,eu,,57.0,14.39,10.53,158.0,45.0,0.73,0.53,0.0,8.0,910000.0,29.0,60.0,0.07,6.65,52.0,63.0,0.27,0.2,3.0,,,26.0,50.0,73.0,39.0,1.0,0.73,11.0,89.0,987.5,65.0,63.0,1.46,1.07,16.0,15.0,988.0,10.0,1.73,1.27,19.0,7.0,1.37,1.0,15.0,47.0,1.0,0.73,30.0,0.27,0.2,27.0,17.0,3.0,11.0,60.0,9.38,6.87,103.0,31.0,3.64,2.67,38.0,40.0,35.0,0.91,0.67,10.0,31.0,0.64,0.47,7.0,13.0,79.0,2.0,63.0,2.0,60.0,39.0,68.0,57.0,43.0,,76.0,0.0,0.0,,24.0,0.36,0.27,4.0,68.0,1.09,0.8,12.0,0.0,91.0,74.0,89.0,43.0,61.0,54.0,0.11,0.08,1.2,75.35,18.0,31.0,24.78,18.13,272.0,34.0,32.88,24.07,361.0,99.0,0.0,0.0,,,0.0,,,,,,,0.0,0.0,,99.73,0.0,,,0.0,0.0,,6,0.0,23.53,35.0,0.0,46.0,6.0,0.73,0.53,8.0,79.0,1.18,0.87,13.0,61.0,0.36,0.27,4.0,71.0,1.55,1.13,0.0,0.0,17.0,75.0,2.0,1.47,99.0,0.0,0.0,,22.0,,,,,60.0,0.16,0.11,1.71,52.0,0.11,0.08,1.2,2026,0,0,0.09,0,0.0,0.0,0.0,2025-12-12 19:45:00,Domestic League,988,494,124,0,66,478,510,988,0,0,-1,23,256,-1,1,2025/2026,2025,1
France_Ligue_1_2025-2026,Sidiki Cherif,Angers SCO,Midfielder,0,0,0,France,8,8,16,0,0,0,0.0,1970-01-01,3,0.27,2,3,5,31,7,6,13,1.19,eu,,34.0,3.01,2.06,33.0,73.0,1.46,1.0,0.0,16.0,410000.0,8.0,50.0,0.0,6.67,53.0,31.0,0.0,0.0,,3.0,19.0,71.0,72.0,67.0,2.0,0.0,0.0,,56.0,550.0,47.0,43.0,0.55,0.38,6.0,16.0,986.0,17.0,1.46,1.0,16.0,85.0,0.18,0.12,2.0,88.0,2.92,2.0,75.0,0.91,0.62,31.0,24.0,10.0,32.0,78.0,10.95,7.5,120.0,49.0,4.29,2.94,39.0,47.0,62.0,1.28,0.88,14.0,69.0,1.37,0.94,15.0,12.0,70.0,4.0,81.0,1.0,44.0,74.0,77.0,92.0,88.0,,76.0,0.0,0.0,,32.0,0.46,0.31,5.0,33.0,0.46,0.31,5.0,0.0,99.0,51.0,56.0,55.0,61.0,92.0,0.42,0.29,4.61,74.87,17.0,8.0,12.78,8.75,140.0,8.0,17.07,11.69,187.0,99.0,0.0,0.0,,,0.0,,,,,,,0.0,0.0,,106.75,0.0,,,0.0,0.0,,11,0.0,52.0,87.0,16.0,76.0,37.0,1.19,0.81,13.0,75.0,1.1,0.75,12.0,93.0,1.19,0.81,13.0,86.0,2.28,1.56,0.0,6.25,25.0,18.0,0.64,0.44,99.0,0.0,0.0,,7.0,,,,,4.0,0.04,0.03,0.48,91.0,0.42,0.29,4.61,2026,1,3,0.37,4,0.2,0.5,0.37,2025-12-12 19:45:00,Domestic League,0,329,76,247,62,449,537,986,0,0,-1,1,39,-1,0,2025/2026,2025,3
France_Ligue_1_2025-2026,Kouakou Herve Koffi,Angers SCO,Goalkeeper,29,186,81,Burkina Faso,8,7,15,0,0,0,0.0,1970-01-10,0,0.0,2,3,5,33,11,5,16,1.07,eu,,33.0,0.0,0.0,,14.0,0.27,0.27,0.0,4.0,1590000.0,51.0,50.0,0.0,7.38,99.0,31.0,0.0,0.0,,,,26.0,23.0,73.0,52.0,1.33,1.33,20.0,67.0,0.0,33.0,17.0,0.0,0.0,,15.0,1350.0,99.0,0.0,0.0,,99.0,0.0,0.0,,9.0,0.0,0.0,11.0,0.0,0.0,0.0,11.0,,,6.0,0.73,0.73,11.0,5.0,0.6,0.6,81.0,9.0,7.0,0.07,0.07,1.0,13.0,0.33,0.33,5.0,15.0,96.0,,25.0,,18.0,28.0,68.0,57.0,43.0,,76.0,0.0,0.0,,7.0,0.0,0.0,,7.0,0.0,0.0,,0.0,91.0,23.0,66.0,43.0,96.0,10.0,0.0,0.0,0.0,67.73,3.0,20.0,19.87,19.87,298.0,27.0,29.33,29.33,440.0,17.0,0.07,0.07,1.0,,0.0,,,2.0,,,86.0,0.47,0.47,7.0,110.63,79.49,99.0,99.0,4.13,4.13,62.0,12,0.0,0.0,21.0,0.0,46.0,99.0,5.2,5.2,78.0,10.0,0.0,0.0,,21.0,0.0,0.0,,8.0,0.0,0.0,0.0,0.0,,6.0,0.07,0.07,99.0,0.0,0.0,,1.0,,,,,4.0,0.04,0.04,0.6,9.0,0.0,0.0,0.0,2026,0,0,0.0,0,0.0,0.0,0.0,2025-12-12 19:45:00,Domestic League,0,0,84,0,90,720,630,1350,0,0,-1,22,255,39,0,2025/2026,2025,0
France_Ligue_1_2025-2026,Yassine Belkdim,Angers SCO,Midfielder,0,0,0,France,8,8,16,0,2,2,0.14,1970-01-01,2,0.14,2,3,5,31,9,6,15,1.06,eu,,66.0,18.85,16.62,266.0,24.0,0.43,0.38,0.0,6.0,800000.0,22.0,73.0,0.12,7.0,85.0,57.0,0.21,0.19,3.0,2.0,12.0,50.0,41.0,67.0,49.0,1.28,1.12,18.0,68.0,1064.0,68.0,69.0,1.77,1.56,25.0,16.0,1270.0,49.0,0.64,0.56,9.0,58.0,0.5,0.44,7.0,27.0,0.5,0.44,18.0,0.14,0.12,28.0,21.0,2.0,7.0,40.0,7.8,6.88,110.0,61.0,4.61,4.06,59.0,65.0,42.0,1.06,0.94,15.0,68.0,1.35,1.19,19.0,15.0,96.0,1.0,48.0,1.0,44.0,67.0,84.0,57.0,63.0,,76.0,0.0,0.0,,82.0,1.2,1.06,17.0,51.0,0.78,0.69,11.0,0.0,99.0,83.0,68.0,80.0,90.0,68.0,0.19,0.17,2.68,82.59,43.0,32.0,24.87,21.94,351.0,29.0,30.12,26.56,425.0,99.0,0.0,0.0,,,0.0,,,,,,,0.0,0.0,,111.98,0.0,,,0.0,0.0,,14,0.0,38.89,66.0,11.11,61.0,28.0,1.06,0.94,15.0,62.0,0.78,0.69,11.0,68.0,0.5,0.44,7.0,64.0,1.28,1.12,0.0,9.0,18.0,93.0,2.83,2.5,99.0,0.0,0.0,,40.0,,,,,60.0,0.16,0.14,2.28,66.0,0.19,0.17,2.68,2026,2,0,0.28,2,0.29,0.0,0.14,2025-12-12 19:45:00,Domestic League,635,635,85,635,79,620,650,1270,0,0,-1,4,120,-1,0,2025/2026,2025,2
France_Ligue_1_2025-2026,Esteban Lepaul,Angers SCO,Forward,25,177,67,France,8,8,16,2,1,3,0.21,1970-01-12,0,0.0,2,2,4,25,9,7,16,1.11,eu,,39.0,6.91,6.25,100.0,69.0,1.31,1.19,0.0,19.0,3410000.0,80.0,85.0,0.19,7.13,94.0,31.0,0.0,0.0,,,,26.0,23.0,49.0,24.0,0.62,0.56,9.0,63.0,1428.57,76.0,40.0,0.48,0.44,7.0,16.0,1302.0,67.0,0.41,0.38,6.0,69.0,0.35,0.31,5.0,36.0,0.76,0.69,25.0,0.21,0.19,27.0,17.0,3.0,11.0,20.0,6.15,5.56,89.0,10.0,2.28,2.06,37.0,33.0,30.0,0.83,0.75,12.0,21.0,0.48,0.44,7.0,16.0,99.0,,25.0,2.0,60.0,96.0,95.0,96.0,97.0,1.0,92.0,0.14,0.12,2.0,11.0,0.14,0.12,2.0,49.0,0.76,0.69,11.0,0.0,99.0,23.0,63.0,46.0,91.0,98.0,0.56,0.51,8.17,74.69,16.0,7.0,12.44,11.25,180.0,7.0,16.66,15.06,241.0,99.0,0.0,0.0,,,0.0,,,,,,,0.0,0.0,,114.08,0.0,,,0.0,0.0,,19,0.0,41.67,71.0,25.0,91.0,30.0,1.11,1.0,16.0,88.0,1.45,1.31,21.0,89.0,1.04,0.94,15.0,90.0,2.49,2.25,0.0,4.0,36.0,9.0,0.28,0.25,99.0,0.0,0.0,,4.0,6.0,1.0,6.0,1.0,64.0,0.17,0.16,2.53,95.0,0.56,0.51,8.17,2026,4,5,0.83,9,0.55,0.7,0.62,2025-12-13 16:00:00,Domestic League,434,0,81,145,81,658,644,1302,0,0,-1,1,12,-1,0,2025/2026,2025,0
France_Ligue_1_2025-2026,Jordan Lefort,Angers SCO,Defender,32,184,81,France,8,8,16,0,1,1,0.06,1970-01-09,2,0.13,2,3,5,31,11,7,18,1.13,eu,,46.0,9.38,9.38,150.0,69.0,1.31,1.31,0.0,21.0,2270000.0,65.0,51.0,0.06,6.89,78.0,83.0,0.56,0.56,9.0,2.0,12.0,50.0,37.0,67.0,94.0,5.31,5.31,85.0,62.0,2500.0,89.0,36.0,0.38,0.38,6.0,16.0,1440.0,83.0,0.12,0.12,2.0,58.0,0.5,0.5,8.0,14.0,0.12,0.12,12.0,0.06,0.06,50.0,65.0,1.0,2.0,11.0,5.19,5.19,83.0,16.0,3.06,3.06,59.0,49.0,22.0,0.69,0.69,11.0,25.0,0.56,0.56,9.0,16.0,99.0,,25.0,,18.0,29.0,68.0,57.0,43.0,,76.0,0.0,0.0,,92.0,1.5,1.5,24.0,22.0,0.25,0.25,4.0,0.0,99.0,89.0,63.0,43.0,99.0,21.0,0.02,0.02,0.3,88.05,74.0,82.0,50.19,50.19,803.0,82.0,57.0,57.0,912.0,99.0,0.0,0.0,,,0.0,,,,,,,0.0,0.0,,110.18,0.0,,,0.0,0.0,,21,0.0,20.0,31.0,0.0,46.0,31.0,1.12,1.12,18.0,24.0,0.25,0.25,4.0,21.0,0.06,0.06,1.0,19.0,0.31,0.31,0.0,0.0,5.0,38.0,1.19,1.19,99.0,0.0,0.0,,19.0,,,,,50.0,0.14,0.14,2.29,20.0,0.02,0.02,0.3,2026,0,0,0.06,0,0.0,0.0,0.0,2025-12-12 19:45:00,Domestic League,1440,720,80,0,90,720,720,1440,0,0,-1,21,253,44,0,2025/2026,2025,2
France_Ligue_1_2025-2026,Florent Olivier Sylvain Hanin,Angers SCO,Defender,35,177,73,France,4,7,11,0,0,0,0.0,1970-01-08,0,0.0,1,3,4,36,3,2,5,1.12,eu,,98.0,50.25,14.06,225.0,69.0,1.34,0.38,0.0,6.0,1140000.0,38.0,50.0,0.0,3.7,3.0,78.0,0.45,0.12,2.0,,,26.0,23.0,77.0,71.0,2.46,0.69,11.0,63.0,2250.0,86.0,74.0,2.23,0.62,10.0,16.0,403.0,63.0,0.45,0.12,2.0,11.0,1.12,0.31,5.0,24.0,0.45,0.12,26.0,0.22,0.06,50.0,65.0,1.0,2.0,41.0,7.82,2.19,35.0,44.0,4.02,1.12,51.0,18.0,34.0,0.89,0.25,4.0,45.0,0.89,0.25,4.0,4.0,7.0,7.0,94.0,5.0,94.0,28.0,68.0,57.0,43.0,,76.0,0.0,0.0,,97.0,1.79,0.5,8.0,32.0,0.45,0.12,2.0,0.0,31.0,23.0,63.0,43.0,3.0,21.0,0.02,0.01,0.11,77.91,26.0,41.0,28.36,7.94,127.0,45.0,36.4,10.19,163.0,99.0,0.0,0.0,,,0.0,,,,,,,0.0,0.0,,59.22,0.0,,,0.0,0.0,,26,0.0,0.0,21.0,0.0,46.0,31.0,1.12,0.31,5.0,39.0,0.45,0.12,2.0,21.0,0.0,0.0,,28.0,0.45,0.12,0.0,0.0,2.0,67.0,1.79,0.5,99.0,0.0,0.0,,8.0,,,,,18.0,0.08,0.02,0.37,20.0,0.02,0.01,0.11,2026,0,0,0.0,0,0.0,0.0,0.0,2025-10-26 16:15:00,Domestic League,0,0,80,0,36,102,299,401,0,0,-1,20,249,43,0,2025/2026,2025,0
France_Ligue_1_2025-2026,Lillian Rao-Lisoa,Angers SCO,Defender,0,0,0,France,8,7,15,0,1,1,0.11,1970-01-01,1,0.11,2,3,5,33,8,3,11,1.23,eu,,78.0,23.73,14.2,213.0,80.0,1.78,1.07,0.0,16.0,270000.0,4.0,66.0,0.07,6.76,64.0,40.0,0.11,0.07,1.0,1.0,7.0,33.0,33.0,73.0,70.0,2.34,1.4,21.0,51.0,507.14,45.0,91.0,4.68,2.8,42.0,15.0,808.0,20.0,1.34,0.8,12.0,41.0,0.67,0.4,6.0,69.0,1.67,1.0,54.0,0.56,0.33,33.0,30.0,5.0,15.0,78.0,11.03,6.6,99.0,86.0,6.01,3.6,54.0,54.0,56.0,1.23,0.73,11.0,45.0,0.89,0.53,8.0,9.0,46.0,6.0,89.0,2.0,60.0,60.0,68.0,80.0,59.0,,76.0,0.0,0.0,,54.0,0.78,0.47,7.0,64.0,1.0,0.6,9.0,0.0,91.0,91.0,51.0,85.0,43.0,54.0,0.11,0.07,0.99,74.56,15.0,29.0,23.5,14.07,211.0,32.0,31.52,18.87,283.0,99.0,0.0,0.0,,,0.0,,,,,,,0.0,0.0,,101.4,0.0,,,0.0,0.0,,27,0.0,40.0,70.0,20.0,87.0,40.0,1.23,0.73,11.0,30.0,0.33,0.2,3.0,45.0,0.22,0.13,2.0,35.0,0.56,0.33,0.0,5.0,5.0,92.0,2.78,1.67,99.0,0.0,0.0,,25.0,,,,,54.0,0.15,0.09,1.36,52.0,0.11,0.07,0.99,2026,0,1,0.22,1,0.0,0.34,0.11,2025-11-23 16:15:00,Domestic League,808,808,73,808,54,545,263,808,0,0,-1,6,135,55,0,2025/2026,2025,1
France_Ligue_1_2025-2026,Haris Belkebla,Angers SCO,Midfielder,31,177,68,Algeria,8,8,16,0,0,0,0.0,1970-01-09,5,0.32,2,3,5,31,11,7,18,1.14,eu,,33.0,0.0,0.0,,40.0,0.63,0.62,0.0,10.0,2730000.0,72.0,50.0,0.0,6.8,67.0,78.0,0.44,0.44,7.0,5.0,31.0,93.0,79.0,67.0,49.0,1.26,1.25,20.0,60.0,0.0,33.0,26.0,0.19,0.19,3.0,16.0,1425.0,60.0,0.51,0.5,8.0,25.0,0.82,0.81,13.0,60.0,1.33,1.31,61.0,0.63,0.62,47.0,56.0,10.0,21.0,53.0,8.59,8.5,136.0,76.0,5.31,5.25,61.0,84.0,22.0,0.69,0.69,11.0,89.0,1.96,1.94,31.0,16.0,99.0,,25.0,1.0,44.0,28.0,68.0,57.0,43.0,,76.0,0.0,0.0,,66.0,0.95,0.94,15.0,30.0,0.38,0.38,6.0,0.0,99.0,46.0,60.0,43.0,98.0,16.0,0.01,0.01,0.21,87.58,71.0,56.0,34.29,33.94,543.0,51.0,39.16,38.75,620.0,99.0,0.0,0.0,,,0.0,,1.0,,,,,0.0,0.0,,108.88,0.0,,,0.0,0.0,,93,0.0,0.0,21.0,0.0,46.0,33.0,1.14,1.12,18.0,24.0,0.25,0.25,4.0,21.0,0.0,0.0,,17.0,0.25,0.25,0.0,0.0,4.0,82.0,2.21,2.19,99.0,0.0,0.0,,35.0,,,,,32.0,0.1,0.1,1.62,16.0,0.01,0.01,0.21,2026,0,0,0.0,0,0.0,0.0,0.0,2025-12-12 19:45:00,Domestic League,0,285,79,0,89,705,720,1425,0,0,-1,19,252,-1,0,2025/2026,2025,5
France_Ligue_1_2025-2026,Jacques Ekomie,Angers SCO,Midfielder,0,0,0,Falkland Islands (Malvinas),8,8,16,0,0,0,0.0,1970-01-01,2,0.17,2,3,5,31,10,6,16,1.34,eu,,54.0,12.81,9.56,153.0,60.0,1.09,0.81,0.0,13.0,560000.0,13.0,50.0,0.0,6.75,63.0,50.0,0.17,0.12,2.0,2.0,12.0,50.0,48.0,67.0,66.0,2.09,1.56,25.0,43.0,493.55,44.0,77.0,2.6,1.94,31.0,16.0,1075.0,43.0,0.75,0.56,9.0,58.0,0.5,0.38,6.0,54.0,1.17,0.88,43.0,0.42,0.31,35.0,33.0,5.0,14.0,66.0,9.88,7.38,118.0,86.0,6.03,4.5,61.0,72.0,60.0,1.26,0.94,15.0,66.0,1.26,0.94,15.0,12.0,70.0,4.0,81.0,6.0,97.0,28.0,68.0,57.0,43.0,,76.0,0.0,0.0,,89.0,1.34,1.0,16.0,55.0,0.84,0.62,10.0,0.0,99.0,77.0,43.0,43.0,70.0,36.0,0.05,0.04,0.58,81.17,38.0,35.0,25.62,19.12,306.0,32.0,31.56,23.56,377.0,13.0,0.08,0.06,1.0,,0.0,,,,,,,0.0,0.0,,107.94,0.0,,,0.0,0.0,,3,0.0,50.0,87.0,0.0,46.0,48.0,1.34,1.0,16.0,24.0,0.25,0.19,3.0,50.0,0.25,0.19,3.0,31.0,0.5,0.38,0.0,0.0,6.0,98.0,3.27,2.44,99.0,0.0,0.0,,39.0,,,,,32.0,0.1,0.07,1.19,35.0,0.05,0.04,0.58,2026,0,0,0.0,0,0.0,0.0,0.0,2025-12-12 19:45:00,Domestic League,0,538,67,0,67,645,430,1075,0,0,-1,18,270,-1,0,2025/2026,2025,2
France_Ligue_1_2025-2026,Marius Courcoul,Angers SCO,Midfielder,18,0,0,France,5,7,12,0,0,0,0.0,2007-01-01,0,0.0,1,3,4,33,0,1,1,0.6,eu,,33.0,0.0,0.0,,37.0,0.59,0.06,0.0,1.0,275000.0,5.0,50.0,0.0,4.04,4.0,31.0,0.0,0.0,,,,26.0,23.0,73.0,70.0,2.37,0.25,4.0,97.0,0.0,33.0,17.0,0.0,0.0,,16.0,152.0,26.0,1.18,0.12,2.0,9.0,1.18,0.12,2.0,70.0,1.78,0.19,58.0,0.59,0.06,33.0,30.0,1.0,3.0,87.0,12.43,1.31,21.0,95.0,7.11,0.75,57.0,12.0,52.0,1.18,0.12,2.0,94.0,2.37,0.25,4.0,1.0,,11.0,99.0,1.0,44.0,28.0,68.0,57.0,43.0,,76.0,0.0,0.0,,80.0,1.18,0.12,2.0,89.0,1.78,0.19,3.0,0.0,44.0,23.0,97.0,43.0,,10.0,0.0,0.0,0.0,75.0,17.0,41.0,28.42,3.0,48.0,48.0,37.89,4.0,64.0,,0.59,0.06,1.0,,0.0,,,,,,,0.0,0.0,,64.65,0.0,,,0.0,0.0,,5,0.0,0.0,21.0,0.0,46.0,1.0,0.59,0.06,1.0,10.0,0.0,0.0,,21.0,0.0,0.0,,8.0,0.0,0.0,0.0,0.0,,99.0,4.14,0.44,99.0,0.0,0.0,,7.0,,,,,41.0,0.12,0.01,0.21,9.0,0.0,0.0,0.0,2026,0,0,0.0,0,0.0,0.0,0.0,2025-08-22 18:45:00,Domestic League,0,0,151,0,13,71,80,151,0,0,-1,17,-1,-1,0,2025/2026,2025,0
France_Ligue_1_2025-2026,Pierrick Capelle,Angers SCO,Midfielder,38,181,73,France,3,0,3,0,0,0,0.0,1970-01-07,0,0.0,1,0,1,33,1,0,1,1.53,eu,,99.0,152.54,7.14,100.0,2.0,0.0,0.0,0.0,,910000.0,29.0,50.0,0.0,1.4,,31.0,0.0,0.0,,,,26.0,23.0,73.0,80.0,3.05,0.14,2.0,29.0,2500.0,89.0,97.0,6.1,0.29,4.0,14.0,59.0,14.0,1.53,0.07,1.0,2.0,1.53,0.07,1.0,9.0,0.0,0.0,11.0,0.0,0.0,0.0,11.0,,,18.0,6.1,0.29,4.0,8.0,1.53,0.07,25.0,1.0,7.0,0.0,0.0,,2.0,0.0,0.0,,,,3.0,72.0,,18.0,28.0,68.0,57.0,43.0,,76.0,0.0,0.0,,93.0,1.53,0.07,1.0,99.0,3.05,0.14,2.0,0.0,,23.0,29.0,43.0,,10.0,0.0,0.0,0.0,83.33,46.0,45.0,30.51,1.43,20.0,45.0,36.61,1.71,24.0,99.0,0.0,0.0,,,0.0,,,,,,,0.0,0.0,,19.65,0.0,,,0.0,0.0,,15,0.0,0.0,21.0,0.0,46.0,63.0,1.53,0.07,1.0,10.0,0.0,0.0,,21.0,0.0,0.0,,8.0,0.0,0.0,0.0,0.0,,52.0,1.53,0.07,99.0,0.0,0.0,,1.0,,,,,75.0,0.2,0.01,0.13,9.0,0.0,0.0,0.0,2026,0,0,0.0,0,0.0,0.0,0.0,1970-01-01 00:00:00,Domestic League,0,0,59,0,20,59,0,59,0,0,-1,24,-1,-1,0,2025/2026,2025,0
France_Ligue_1_2025-2026,Jim Allevinah,Angers SCO,Midfielder,30,172,69,France,2,2,4,0,0,0,0.0,1970-01-10,0,0.0,1,1,2,50,0,0,0,0.0,eu,,33.0,0.0,0.0,,2.0,0.0,0.0,0.0,,2050000.0,60.0,50.0,0.0,5.31,14.0,96.0,1.07,0.2,1.0,,,26.0,23.0,94.0,41.0,1.07,0.2,1.0,99.0,0.0,33.0,57.0,1.07,0.2,1.0,5.0,84.0,29.0,1.07,0.2,1.0,99.0,0.0,0.0,,99.0,6.43,1.2,83.0,1.07,0.2,16.0,12.0,1.0,6.0,89.0,12.86,2.4,12.0,92.0,6.43,1.2,50.0,6.0,7.0,0.0,0.0,,99.0,3.21,0.6,3.0,,,4.0,81.0,,18.0,28.0,68.0,57.0,43.0,,76.0,0.0,0.0,,7.0,0.0,0.0,,7.0,0.0,0.0,,0.0,,23.0,,43.0,,36.0,0.05,0.01,0.05,88.89,78.0,14.0,17.14,3.2,16.0,9.0,19.29,3.6,18.0,99.0,0.0,0.0,,,0.0,,,,,,,0.0,0.0,,26.54,0.0,,,0.0,0.0,,18,0.0,0.0,21.0,0.0,46.0,,0.0,0.0,,74.0,1.07,0.2,1.0,21.0,0.0,0.0,,57.0,1.07,0.2,0.0,0.0,1.0,79.0,2.14,0.4,99.0,0.0,0.0,,2.0,,,,,4.0,0.04,0.01,0.04,35.0,0.05,0.01,0.05,2026,0,0,0.0,0,0.0,0.0,0.0,1970-01-01 00:00:00,Domestic League,0,0,0,0,21,35,49,84,0,0,-1,16,-1,-1,0,2025/2026,2025,0
France_Ligue_1_2025-2026,Emmanuel Junior Biumla Bayiha,Angers SCO,Midfielder,20,0,0,France,2,1,3,0,0,0,0.0,2005-05-08,0,0.0,0,0,0,0,5,0,5,3.52,eu,,33.0,0.0,0.0,,72.0,1.41,0.33,0.0,2.0,360000.0,7.0,50.0,0.0,3.02,,31.0,0.0,0.0,,,,26.0,23.0,2.0,92.0,4.92,1.17,7.0,,0.0,33.0,17.0,0.0,0.0,,6.0,128.0,45.0,0.7,0.17,1.0,1.0,2.11,0.5,3.0,9.0,0.0,0.0,11.0,0.0,0.0,0.0,11.0,,,64.0,9.84,2.33,14.0,67.0,4.92,1.17,50.0,7.0,7.0,0.0,0.0,,35.0,0.7,0.17,1.0,1.0,,2.0,63.0,1.0,44.0,28.0,68.0,57.0,43.0,,76.0,0.0,0.0,,50.0,0.7,0.17,1.0,7.0,0.0,0.0,,0.0,,23.0,,43.0,,10.0,0.0,0.0,0.0,84.93,53.0,74.0,43.59,10.33,62.0,75.0,51.33,12.17,73.0,99.0,0.0,0.0,,,0.0,,,,,,,0.0,0.0,,18.12,0.0,,,0.0,0.0,,24,0.0,0.0,21.0,0.0,46.0,94.0,3.52,0.83,5.0,10.0,0.0,0.0,,21.0,0.0,0.0,,8.0,0.0,0.0,0.0,0.0,,92.0,2.81,0.67,99.0,0.0,0.0,,4.0,,,,,18.0,0.08,0.02,0.12,9.0,0.0,0.0,0.0,2026,0,0,0.0,0,0.0,0.0,0.0,2025-10-05 15:15:00,Domestic League,0,0,26,0,43,84,44,128,0,0,-1,15,-1,-1,0,2025/2026,2025,0
France_Ligue_1_2025-2026,Abdoulaye Bamba,Angers SCO,Defender,35,182,72,Ivory Coast,1,0,1,0,0,0,0.0,1970-01-08,0,0.0,0,0,0,0,0,0,0,0.0,eu,,33.0,0.0,0.0,,2.0,0.0,0.0,0.0,,1020000.0,33.0,50.0,0.0,0.46,,31.0,0.0,0.0,,,,26.0,23.0,2.0,99.0,10.0,0.07,1.0,99.0,0.0,33.0,99.0,10.0,0.07,1.0,14.0,9.0,99.0,0.0,0.0,,99.0,0.0,0.0,,9.0,0.0,0.0,11.0,0.0,0.0,0.0,11.0,,,67.0,10.0,0.07,1.0,,0.0,0.0,0.0,,99.0,10.0,0.07,1.0,2.0,0.0,0.0,,,,1.0,48.0,,18.0,28.0,68.0,57.0,43.0,,76.0,0.0,0.0,,7.0,0.0,0.0,,7.0,0.0,0.0,,0.0,,23.0,,43.0,,10.0,0.0,0.0,0.0,80.0,33.0,67.0,40.0,0.29,4.0,73.0,50.0,0.36,5.0,99.0,0.0,0.0,,,0.0,,,,,,,0.0,0.0,,6.44,0.0,,,0.0,0.0,,25,0.0,0.0,21.0,0.0,46.0,,0.0,0.0,,10.0,0.0,0.0,,21.0,0.0,0.0,,8.0,0.0,0.0,0.0,0.0,,5.0,0.0,0.0,99.0,0.0,0.0,,,,,,,32.0,0.1,0.0,0.01,9.0,0.0,0.0,0.0,2026,0,0,0.0,0,0.0,0.0,0.0,1970-01-01 00:00:00,Domestic League,0,0,0,0,9,9,0,9,0,0,-1,8,-1,-1,0,2025/2026,2025,0
France_Ligue_1_2025-2026,Prosper Peter,Angers SCO,Midfielder,18,0,0,France,6,8,14,0,0,0,0.0,2007-08-09,0,0.0,2,3,5,36,7,5,12,1.71,eu,,33.0,0.0,0.0,,84.0,1.99,0.93,0.0,14.0,201000.0,3.0,50.0,0.0,6.2,35.0,31.0,0.0,0.0,,,,26.0,23.0,77.0,15.0,0.43,0.2,3.0,17.0,0.0,33.0,17.0,0.0,0.0,,15.0,633.0,31.0,1.0,0.47,7.0,88.0,0.14,0.07,1.0,64.0,1.42,0.67,44.0,0.43,0.2,30.0,22.0,3.0,10.0,91.0,13.36,6.27,94.0,66.0,4.83,2.27,36.0,34.0,99.0,2.99,1.4,21.0,90.0,1.99,0.93,14.0,7.0,29.0,7.0,94.0,1.0,44.0,82.0,68.0,97.0,93.0,,76.0,0.0,0.0,,18.0,0.28,0.13,2.0,56.0,0.85,0.4,6.0,0.0,76.0,23.0,18.0,50.0,26.0,93.0,0.45,0.21,3.16,71.43,7.0,1.0,9.24,4.33,65.0,1.0,12.94,6.07,91.0,99.0,0.0,0.0,,,0.0,,1.0,,,,,0.0,0.0,,93.03,0.0,,,0.0,0.0,,35,0.0,64.29,93.0,21.43,88.0,72.0,1.71,0.8,12.0,58.0,0.71,0.33,5.0,95.0,1.28,0.6,9.0,80.0,1.99,0.93,0.0,4.67,14.0,12.0,0.43,0.2,99.0,0.0,0.0,,3.0,,,,,8.0,0.05,0.02,0.33,92.0,0.45,0.21,3.16,2026,0,3,0.43,3,0.0,0.89,0.43,2025-10-26 16:15:00,Domestic League,0,0,53,211,45,328,305,633,0,0,-1,2,28,-1,0,2025/2026,2025,0
France_Ligue_1_2025-2026,Lanroy Machine,Angers SCO,Midfielder,20,0,0,France,5,5,10,0,0,0,0.0,2005-10-13,0,0.0,0,2,2,20,1,0,1,0.51,eu,,33.0,0.0,0.0,,91.0,2.56,0.42,0.0,5.0,275000.0,5.0,50.0,0.0,4.84,9.0,31.0,0.0,0.0,,,,26.0,23.0,38.0,17.0,0.51,0.08,1.0,99.0,0.0,33.0,55.0,1.02,0.17,2.0,12.0,176.0,,3.58,0.58,7.0,2.0,1.53,0.25,3.0,89.0,3.07,0.5,51.0,0.51,0.08,16.0,12.0,1.0,6.0,99.0,17.39,2.83,34.0,83.0,5.62,0.92,32.0,11.0,98.0,2.56,0.42,5.0,52.0,1.02,0.17,2.0,,,10.0,99.0,,18.0,28.0,68.0,57.0,43.0,,99.0,0.51,0.08,1.0,7.0,0.0,0.0,,7.0,0.0,0.0,,0.0,23.0,23.0,99.0,43.0,,84.0,0.31,0.05,0.61,84.09,49.0,18.0,18.92,3.08,37.0,14.0,22.5,3.67,44.0,99.0,0.0,0.0,,,0.0,,,,,,,0.0,0.0,,58.13,0.0,,,0.0,0.0,,36,0.0,25.0,41.0,0.0,46.0,,0.51,0.08,1.0,99.0,3.07,0.5,6.0,89.0,1.02,0.17,2.0,99.0,4.09,0.67,0.0,0.0,8.0,52.0,1.53,0.25,99.0,0.0,0.0,,3.0,,,,,4.0,0.04,0.01,0.08,80.0,0.31,0.05,0.61,2026,0,0,0.0,0,0.0,0.0,0.0,1970-01-01 00:00:00,Domestic League,0,0,175,0,18,70,105,175,0,0,-1,13,-1,-1,0,2025/2026,2025,0
France_Ligue_1_2025-2026,Oumar Kalifa Pona,Angers SCO,Midfielder,0,0,0,France,0,0,0,0,0,0,0.0,1970-01-01,0,0.0,0,0,0,0,0,0,0,0.0,eu,,,,,,,,,,,,,,,,,,,,,,,,,,,,,,,,,,,,,,,,,,,,,,,,,,,,,,,,,,,,,,,,,,,,,,,,,,,,,,,,,,,,,,,,,,,,,,,,,,,,,,,,,,,,,,,,,,,,,,,,,,,,,,,,,,,,,,,,,,,,,,,,,,,,,,,,,,,,,,,,,,,,,,,,,,,,,,,,,,,,,,,2026,0,0,0.0,0,0.0,0.0,0.0,1970-01-01 00:00:00,Domestic League,0,0,0,0,0,0,0,0,0,0,-1,-1,-1,-1,0,2025/2026,2025,0
France_Ligue_1_2025-2026,Moustapha Mbow,Paris,Defender,25,0,0,Senegal,7,8,15,0,0,0,0.0,1970-01-12,2,0.13,2,1,3,20,10,15,25,1.67,eu,,38.0,6.67,6.25,100.0,90.0,2.47,2.31,0.0,37.0,406974.0,8.0,50.0,0.0,6.44,45.0,92.0,0.73,0.69,11.0,2.0,13.0,54.0,37.0,38.0,91.0,4.73,4.44,71.0,20.0,9999.99,99.0,20.0,0.07,0.06,1.0,16.0,1350.0,83.0,0.13,0.12,2.0,66.0,0.4,0.38,6.0,16.0,0.2,0.19,23.0,0.2,0.19,100.0,99.0,3.0,3.0,44.0,7.93,7.44,119.0,77.0,5.33,5.0,67.0,80.0,32.0,0.87,0.81,13.0,38.0,0.8,0.75,12.0,15.0,96.0,,25.0,,18.0,28.0,68.0,57.0,43.0,,76.0,0.0,0.0,,84.0,1.27,1.19,19.0,14.0,0.13,0.12,2.0,0.0,91.0,87.0,20.0,43.0,96.0,26.0,0.03,0.03,0.5,92.7,92.0,87.0,55.07,51.62,826.0,85.0,59.4,55.69,891.0,6.0,0.13,0.12,2.0,,0.0,,,,,,,0.0,0.0,,103.08,0.0,,,0.0,0.0,,5,0.0,33.33,57.0,0.0,46.0,74.0,1.73,1.62,26.0,25.0,0.27,0.25,4.0,30.0,0.13,0.12,2.0,24.0,0.4,0.38,0.0,0.0,6.0,74.0,1.93,1.81,99.0,0.0,0.0,,29.0,,,,,37.0,0.11,0.11,1.7,25.0,0.03,0.03,0.5,2026,0,0,0.0,0,0.0,0.0,0.0,2025-12-13 20:05:00,Domestic League,0,675,54,0,90,630,720,1350,0,0,-1,19,276,93,0,2025/2026,2025,2
France_Ligue_1_2025-2026,Lohann Doucet,Paris,Midfielder,23,180,0,France,4,1,5,0,0,0,0.0,2002-09-14,2,1.53,1,0,1,20,3,0,3,2.29,eu,,33.0,0.0,0.0,,2.0,0.0,0.0,0.0,,560000.0,13.0,50.0,0.0,4.53,6.0,93.0,0.76,0.14,1.0,2.0,40.0,99.0,99.0,38.0,68.0,2.27,0.43,3.0,2.0,0.0,33.0,17.0,0.0,0.0,,7.0,119.0,15.0,1.51,0.29,2.0,28.0,0.76,0.14,1.0,78.0,2.27,0.43,94.0,1.51,0.29,66.0,87.0,2.0,3.0,64.0,9.83,1.86,13.0,15.0,3.03,0.57,30.0,4.0,99.0,3.03,0.57,4.0,37.0,0.76,0.14,1.0,1.0,,4.0,81.0,2.0,60.0,95.0,99.0,57.0,98.0,,76.0,0.0,0.0,,7.0,0.0,0.0,,99.0,3.03,0.57,4.0,0.0,1.0,23.0,2.0,44.0,,98.0,0.58,0.11,0.77,91.07,87.0,64.0,38.57,7.29,51.0,58.0,42.35,8.0,56.0,99.0,0.0,0.0,,,0.0,,,,,,,0.0,0.0,,31.68,0.0,,,0.0,0.0,,8,0.0,50.0,87.0,50.0,99.0,93.0,3.03,0.57,4.0,61.0,0.76,0.14,1.0,79.0,0.76,0.14,1.0,69.0,1.51,0.29,0.0,2.0,2.0,21.0,0.76,0.14,99.0,0.0,0.0,,1.0,,,,,79.0,0.23,0.04,0.3,95.0,0.58,0.11,0.77,2026,1,0,0.76,1,1.01,0.0,0.76,2025-08-17 15:15:00,Domestic League,0,59,39,118,24,89,29,118,0,0,-1,7,-1,-1,0,2025/2026,2025,2
France_Ligue_1_2025-2026,Ilan Kais Kebbal,Paris,Midfielder,27,169,60,Algeria,8,8,16,2,2,4,0.26,1970-01-11,2,0.13,2,1,3,19,12,15,27,1.72,eu,,83.0,27.34,26.75,428.0,5.0,0.13,0.12,0.0,2.0,2270000.0,65.0,90.0,0.25,7.63,99.0,31.0,0.0,0.0,,2.0,12.0,50.0,37.0,33.0,10.0,0.32,0.31,5.0,17.0,648.48,52.0,89.0,4.22,4.12,66.0,16.0,1409.0,12.0,1.66,1.62,26.0,45.0,0.64,0.62,10.0,86.0,2.75,2.69,86.0,1.21,1.19,44.0,50.0,19.0,43.0,64.0,9.77,9.56,153.0,75.0,5.3,5.19,54.0,83.0,11.0,0.32,0.31,5.0,98.0,2.62,2.56,41.0,16.0,99.0,,25.0,1.0,44.0,92.0,69.0,94.0,90.0,,76.0,0.0,0.0,,22.0,0.32,0.31,5.0,99.0,2.56,2.5,40.0,0.0,99.0,87.0,17.0,53.0,97.0,83.0,0.3,0.29,4.64,87.06,68.0,82.0,50.72,49.62,794.0,83.0,58.25,57.0,912.0,99.0,0.0,0.0,,,0.0,2.0,1.0,,2.0,,,0.0,0.0,,122.03,0.0,,,0.0,0.0,,10,0.0,37.5,64.0,18.75,83.0,75.0,1.79,1.75,28.0,83.0,1.28,1.25,20.0,79.0,0.77,0.75,12.0,81.0,2.04,2.0,0.0,5.33,32.0,47.0,1.41,1.38,99.0,0.0,0.0,,22.0,,,,,96.0,0.34,0.33,5.3,89.0,0.39,0.38,6.04,2026,1,5,0.64,6,0.13,0.63,0.38,2025-12-13 20:05:00,Domestic League,352,705,52,235,88,694,715,1409,2,0,100,1,36,-1,0,2025/2026,2025,2
France_Ligue_1_2025-2026,Jean-Philippe Krasso,Paris,Forward,28,0,0,Ivory Coast,8,8,16,1,1,2,0.25,1970-01-11,0,0.0,2,1,3,19,6,3,9,1.13,eu,,33.0,0.0,0.0,,91.0,2.5,1.25,0.0,20.0,1810000.0,55.0,89.0,0.12,6.76,64.0,44.0,0.13,0.06,1.0,,,26.0,23.0,33.0,25.0,0.63,0.31,5.0,62.0,0.0,33.0,36.0,0.38,0.19,3.0,16.0,719.0,31.0,1.0,0.5,8.0,78.0,0.25,0.12,2.0,90.0,3.13,1.56,84.0,1.13,0.56,36.0,33.0,9.0,25.0,96.0,14.52,7.25,116.0,83.0,5.63,2.81,38.0,45.0,67.0,1.38,0.69,11.0,82.0,1.75,0.88,14.0,8.0,36.0,8.0,97.0,2.0,60.0,75.0,68.0,75.0,61.0,,89.0,0.13,0.06,1.0,11.0,0.13,0.06,1.0,94.0,2.0,1.0,16.0,0.0,99.0,23.0,63.0,83.0,35.0,74.0,0.24,0.12,1.94,72.26,9.0,10.0,14.02,7.0,112.0,10.0,19.4,9.69,155.0,99.0,0.0,0.0,,,0.0,1.0,,,1.0,,,0.0,0.0,,108.22,0.0,,,0.0,0.0,,11,0.0,53.33,90.0,13.33,68.0,42.0,1.25,0.62,10.0,68.0,0.88,0.44,7.0,87.0,1.0,0.5,8.0,78.0,1.88,0.94,0.0,7.5,15.0,26.0,0.88,0.44,99.0,0.0,0.0,,7.0,,,,,85.0,0.25,0.12,2.0,83.0,0.33,0.17,2.64,2026,0,1,0.38,1,0.0,0.26,0.13,2025-12-07 16:15:00,Domestic League,360,0,80,720,45,369,351,720,0,0,-1,8,123,-1,0,2025/2026,2025,0
France_Ligue_1_2025-2026,Timothée Kolodziejczak,Paris,Defender,34,185,75,France,5,0,5,0,0,0,0.0,1970-01-08,0,0.0,2,0,2,40,3,0,3,2.27,eu,,33.0,0.0,0.0,,44.0,0.71,0.06,0.0,1.0,1140000.0,38.0,50.0,0.0,1.13,,92.0,0.71,0.06,1.0,,,26.0,23.0,83.0,97.0,5.67,0.5,8.0,2.0,0.0,33.0,17.0,0.0,0.0,,16.0,127.0,99.0,0.0,0.0,,99.0,0.0,0.0,,9.0,0.0,0.0,11.0,0.0,0.0,0.0,11.0,,,10.0,4.96,0.44,7.0,8.0,1.42,0.12,28.0,2.0,23.0,0.71,0.06,1.0,36.0,0.71,0.06,1.0,1.0,,4.0,81.0,1.0,44.0,28.0,68.0,57.0,43.0,,76.0,0.0,0.0,,90.0,1.42,0.12,2.0,46.0,0.71,0.06,1.0,0.0,1.0,23.0,2.0,43.0,,10.0,0.0,0.0,0.0,88.89,78.0,95.0,73.7,6.5,104.0,97.0,82.91,7.31,117.0,,0.71,0.06,1.0,,0.0,,,,,,,0.0,0.0,,18.08,0.0,,,0.0,0.0,,15,0.0,0.0,21.0,0.0,46.0,87.0,2.13,0.19,3.0,10.0,0.0,0.0,,21.0,0.0,0.0,,8.0,0.0,0.0,0.0,0.0,,5.0,0.0,0.0,99.0,0.0,0.0,,,,,,,72.0,0.19,0.02,0.27,9.0,0.0,0.0,0.0,2026,0,0,0.0,0,0.0,0.0,0.0,2025-08-17 15:15:00,Domestic League,0,0,40,0,24,119,0,119,0,0,-1,24,-1,-1,0,2025/2026,2025,0
France_Ligue_1_2025-2026,Obed Nkambadio,Paris,Goalkeeper,22,0,0,France,5,6,11,0,0,0,0.0,2003-02-07,0,0.0,0,1,1,9,9,10,19,1.73,eu,,33.0,0.0,0.0,,3.0,0.09,0.07,0.0,1.0,1020000.0,33.0,50.0,0.0,4.76,8.0,31.0,0.0,0.0,,,,26.0,23.0,7.0,39.0,1.0,0.73,11.0,15.0,0.0,33.0,17.0,0.0,0.0,,15.0,990.0,99.0,0.0,0.0,,90.0,0.09,0.07,1.0,9.0,0.0,0.0,11.0,0.0,0.0,0.0,11.0,,,1.0,0.27,0.2,3.0,,0.18,0.13,66.0,2.0,7.0,0.0,0.0,,2.0,0.0,0.0,,11.0,61.0,,25.0,,18.0,28.0,68.0,57.0,43.0,,76.0,0.0,0.0,,7.0,0.0,0.0,,12.0,0.09,0.07,1.0,0.0,31.0,23.0,17.0,43.0,62.0,10.0,0.0,0.0,0.0,79.91,33.0,48.0,31.82,23.33,350.0,52.0,39.82,29.2,438.0,99.0,0.0,0.0,,,0.0,,,1.0,,,57.0,0.36,0.27,4.0,71.41,53.49,5.0,14.0,2.09,1.53,23.0,16,0.0,0.0,21.0,0.0,46.0,95.0,3.91,2.87,43.0,10.0,0.0,0.0,,21.0,0.0,0.0,,8.0,0.0,0.0,0.0,0.0,,5.0,0.0,0.0,99.0,0.0,0.0,,,,,,,18.0,0.08,0.06,0.91,9.0,0.0,0.0,0.0,2026,0,0,0.0,0,0.0,0.0,0.0,2025-11-29 18:00:00,Domestic League,0,0,52,0,90,450,540,990,0,0,-1,23,275,99,0,2025/2026,2025,0
France_Ligue_1_2025-2026,Nhoa Sangui,Paris,Defender,19,0,0,France,5,4,9,0,0,0,0.0,2006-02-27,0,0.0,0,1,1,11,6,4,10,2.44,eu,,86.0,27.78,13.0,117.0,28.0,0.47,0.22,0.0,2.0,1020000.0,33.0,50.0,0.0,6.45,45.0,62.0,0.24,0.11,1.0,,,26.0,23.0,10.0,66.0,2.14,1.0,9.0,1.0,1300.0,73.0,72.0,2.14,1.0,9.0,9.0,379.0,75.0,0.24,0.11,1.0,79.0,0.24,0.11,1.0,45.0,0.95,0.44,28.0,0.24,0.11,25.0,16.0,1.0,4.0,10.0,4.99,2.33,21.0,28.0,3.56,1.67,71.0,15.0,8.0,0.24,0.11,1.0,47.0,0.95,0.44,4.0,3.0,2.0,6.0,89.0,1.0,44.0,28.0,68.0,57.0,43.0,,76.0,0.0,0.0,,34.0,0.47,0.22,2.0,74.0,1.19,0.56,5.0,0.0,15.0,23.0,2.0,43.0,,16.0,0.01,0.01,0.05,87.05,68.0,67.0,39.89,18.67,168.0,66.0,45.83,21.44,193.0,99.0,0.0,0.0,,,0.0,,,,,,,0.0,0.0,,58.03,0.0,,,0.0,0.0,,19,0.0,0.0,21.0,0.0,46.0,87.0,2.14,1.0,9.0,22.0,0.24,0.11,1.0,21.0,0.0,0.0,,16.0,0.24,0.11,0.0,0.0,1.0,72.0,1.9,0.89,99.0,0.0,0.0,,8.0,,,,,50.0,0.14,0.07,0.61,16.0,0.01,0.01,0.05,2026,0,0,0.0,0,0.0,0.0,0.0,2025-09-21 13:00:00,Domestic League,0,0,37,0,41,225,144,369,0,0,-1,22,272,117,0,2025/2026,2025,0
France_Ligue_1_2025-2026,Maxime Lopez,Paris,Midfielder,28,167,58,France,7,7,14,2,1,3,0.21,1970-01-11,6,0.43,2,1,3,21,9,14,23,1.64,eu,,91.0,32.29,32.29,452.0,7.0,0.14,0.14,0.0,2.0,2050000.0,60.0,85.0,0.21,7.11,92.0,46.0,0.14,0.14,2.0,6.0,43.0,99.0,91.0,41.0,22.0,0.57,0.57,8.0,21.0,792.98,54.0,89.0,4.07,4.07,57.0,14.0,1260.0,49.0,0.64,0.64,9.0,58.0,0.5,0.5,7.0,47.0,1.0,1.0,25.0,0.21,0.21,21.0,13.0,3.0,14.0,11.0,5.21,5.21,73.0,9.0,2.07,2.07,39.0,29.0,63.0,1.29,1.29,18.0,20.0,0.43,0.43,6.0,14.0,89.0,,25.0,,18.0,58.0,68.0,57.0,43.0,,76.0,0.0,0.0,,30.0,0.43,0.43,6.0,98.0,2.5,2.5,35.0,0.0,76.0,33.0,21.0,43.0,88.0,32.0,0.04,0.04,0.51,89.93,83.0,96.0,74.0,74.0,1036.0,97.0,82.29,82.29,1152.0,99.0,0.0,0.0,,,0.0,,,,,,,0.0,0.0,,99.53,0.0,,,0.0,0.0,,21,0.0,80.0,98.0,0.0,46.0,67.0,1.64,1.64,23.0,12.0,0.07,0.07,1.0,55.0,0.29,0.29,4.0,21.0,0.36,0.36,0.0,0.0,5.0,43.0,1.29,1.29,99.0,0.0,0.0,,18.0,,,,,98.0,0.38,0.38,5.29,30.0,0.04,0.04,0.51,2026,0,0,0.21,0,0.0,0.0,0.0,2025-12-13 20:05:00,Domestic League,420,210,55,0,90,630,630,1260,0,0,-1,21,269,-1,0,2025/2026,2025,6
France_Ligue_1_2025-2026,Moses Daddy-Ajala Simon,Paris,Forward,30,168,66,Nigeria,8,8,16,0,2,2,0.16,1970-01-10,0,0.0,2,1,3,19,8,11,19,1.48,eu,,77.0,23.63,19.0,304.0,21.0,0.39,0.31,0.0,5.0,3410000.0,80.0,77.0,0.12,6.76,64.0,37.0,0.08,0.06,1.0,,,26.0,23.0,33.0,13.0,0.39,0.31,5.0,31.0,410.81,39.0,97.0,5.75,4.62,74.0,16.0,1158.0,1.0,2.41,1.94,31.0,81.0,0.23,0.19,3.0,89.0,3.03,2.44,87.0,1.24,1.0,41.0,44.0,16.0,39.0,57.0,9.02,7.25,116.0,14.0,2.8,2.25,31.0,36.0,18.0,0.62,0.5,8.0,28.0,0.62,0.5,8.0,14.0,89.0,2.0,63.0,3.0,74.0,77.0,86.0,62.0,77.0,,76.0,0.0,0.0,,34.0,0.47,0.38,6.0,72.0,1.17,0.94,15.0,0.0,99.0,23.0,32.0,66.0,76.0,78.0,0.26,0.21,3.36,83.61,47.0,13.0,15.85,12.75,204.0,9.0,18.96,15.25,244.0,99.0,0.0,0.0,,,0.0,,,,,,,0.0,0.0,,108.2,0.0,,,0.0,0.0,,27,0.0,27.27,43.0,13.64,69.0,58.0,1.48,1.19,19.0,82.0,1.24,1.0,16.0,67.0,0.47,0.38,6.0,74.0,1.71,1.38,0.0,7.33,22.0,16.0,0.54,0.44,99.0,0.0,0.0,,7.0,,,,,64.0,0.17,0.14,2.18,75.0,0.26,0.21,3.36,2026,2,1,0.39,3,0.34,0.14,0.23,2025-12-13 20:05:00,Domestic League,579,0,61,386,72,535,623,1158,0,0,-1,2,82,-1,0,2025/2026,2025,0
France_Ligue_1_2025-2026,Pierre-Yves Hamel,Paris,Forward,31,183,65,France,2,0,2,0,0,0,0.0,1970-01-09,0,0.0,0,0,0,0,1,0,1,1.15,eu,,33.0,0.0,0.0,,88.0,2.31,0.67,0.0,2.0,1590000.0,51.0,50.0,0.0,4.22,4.0,97.0,1.15,0.33,1.0,,,26.0,23.0,2.0,2.0,0.0,0.0,,59.0,0.0,33.0,17.0,0.0,0.0,,3.0,78.0,99.0,0.0,0.0,,10.0,1.15,0.33,1.0,9.0,0.0,0.0,11.0,0.0,0.0,0.0,11.0,,,59.0,9.23,2.67,8.0,11.0,2.31,0.67,25.0,2.0,97.0,2.31,0.67,2.0,2.0,0.0,0.0,,1.0,,1.0,48.0,1.0,44.0,28.0,68.0,57.0,43.0,,76.0,0.0,0.0,,78.0,1.15,0.33,1.0,7.0,0.0,0.0,,0.0,,23.0,59.0,43.0,,10.0,0.0,0.0,0.0,66.67,2.0,,6.92,2.0,6.0,,10.38,3.0,9.0,99.0,0.0,0.0,,,0.0,,,,,,,0.0,0.0,,12.67,0.0,,,0.0,0.0,,29,0.0,0.0,21.0,0.0,46.0,34.0,1.15,0.33,1.0,10.0,0.0,0.0,,21.0,0.0,0.0,,8.0,0.0,0.0,0.0,0.0,,5.0,0.0,0.0,99.0,0.0,0.0,,,,,,,,0.01,0.0,0.01,9.0,0.0,0.0,0.0,2026,0,0,0.0,0,0.0,0.0,0.0,2025-08-17 15:15:00,Domestic League,0,0,78,0,39,78,0,78,0,0,-1,20,-1,-1,0,2025/2026,2025,0
France_Ligue_1_2025-2026,Samir Sophian Chergui,Paris,Defender,26,185,78,France,6,6,12,0,0,0,0.0,1970-01-11,1,0.09,1,1,2,17,9,11,20,1.85,eu,,46.0,9.24,7.69,100.0,77.0,1.66,1.38,0.0,18.0,910000.0,29.0,50.0,0.0,6.18,33.0,72.0,0.37,0.31,4.0,1.0,8.0,40.0,30.0,29.0,76.0,2.68,2.23,29.0,10.0,1666.67,80.0,43.0,0.55,0.46,6.0,13.0,974.0,79.0,0.18,0.15,2.0,90.0,0.09,0.08,1.0,24.0,0.46,0.38,32.0,0.28,0.23,60.0,77.0,3.0,5.0,28.0,6.75,5.62,73.0,36.0,3.79,3.15,56.0,41.0,45.0,1.11,0.92,12.0,15.0,0.37,0.31,4.0,11.0,61.0,1.0,48.0,1.0,44.0,39.0,68.0,68.0,55.0,,82.0,0.09,0.08,1.0,56.0,0.83,0.69,9.0,24.0,0.28,0.23,3.0,0.0,44.0,94.0,11.0,89.0,60.0,58.0,0.13,0.11,1.41,89.68,82.0,69.0,40.93,34.08,443.0,66.0,45.65,38.0,494.0,99.0,0.0,0.0,,,0.0,,,,,,,0.0,0.0,,80.37,0.0,,,0.0,0.0,,31,0.0,27.27,43.0,9.09,55.0,79.0,1.85,1.54,20.0,59.0,0.74,0.62,8.0,53.0,0.28,0.23,3.0,55.0,1.02,0.85,0.0,11.0,11.0,50.0,1.48,1.23,99.0,0.0,0.0,,16.0,,,,,37.0,0.11,0.1,1.24,56.0,0.13,0.11,1.41,2026,0,1,0.09,1,0.0,0.19,0.09,2025-11-23 19:45:00,Domestic League,0,974,49,974,81,502,472,974,0,0,-1,9,144,104,0,2025/2026,2025,1
France_Ligue_1_2025-2026,Rémy Riou,Paris,Goalkeeper,38,191,81,France,0,0,0,0,0,0,0.0,1970-01-07,0,0.0,0,0,0,0,0,0,0,0.0,eu,,,,,,,,,,,,,,,,,,,,,,,,,,,,,,,,,,,,,,,,,,,,,,,,,,,,,,,,,,,,,,,,,,,,,,,,,,,,,,,,,,,,,,,,,,,,,,,,,,,,,,,,,,,,,,,,,,,,,,,,,,,,,,,,,,,,,,,,,,,,,,,,,,,,,,,,,,,,,,,,,,,,,,,,,,,,,,,,,,,,,,,2026,0,0,0.0,0,0.0,0.0,0.0,1970-01-01 00:00:00,Domestic League,0,0,0,0,0,0,0,0,0,0,-1,-1,-1,-1,0,2025/2026,2025,0
France_Ligue_1_2025-2026,Tuomas Ollila,Paris,Defender,25,170,67,Finland,2,4,6,0,0,0,0.0,1970-01-12,0,0.0,2,0,2,33,0,3,3,0.99,eu,,93.0,38.71,13.0,117.0,89.0,2.32,0.78,0.0,7.0,690000.0,17.0,50.0,0.0,4.27,4.0,31.0,0.0,0.0,,,,26.0,23.0,73.0,64.0,1.99,0.67,6.0,72.0,1671.43,80.0,75.0,2.32,0.78,7.0,9.0,272.0,20.0,1.32,0.44,4.0,99.0,0.0,0.0,,60.0,1.32,0.44,63.0,0.66,0.22,50.0,65.0,2.0,4.0,59.0,9.26,3.11,28.0,75.0,5.29,1.78,57.0,16.0,38.0,0.99,0.33,3.0,90.0,1.99,0.67,6.0,3.0,2.0,3.0,72.0,2.0,60.0,28.0,68.0,57.0,43.0,,99.0,0.66,0.22,2.0,45.0,0.66,0.22,2.0,27.0,0.33,0.11,1.0,0.0,3.0,23.0,72.0,43.0,,36.0,0.05,0.02,0.15,72.57,10.0,37.0,27.13,9.11,82.0,46.0,37.39,12.56,113.0,99.0,0.0,0.0,,,0.0,,,,,,,0.0,0.0,,38.44,0.0,,,0.0,0.0,,2,0.0,0.0,21.0,0.0,46.0,24.0,0.99,0.33,3.0,71.0,0.99,0.33,3.0,21.0,0.0,0.0,,53.0,0.99,0.33,0.0,0.0,3.0,18.0,0.66,0.22,99.0,0.0,0.0,,2.0,,,,,18.0,0.08,0.03,0.24,35.0,0.05,0.02,0.15,2026,0,0,0.0,0,0.0,0.0,0.0,2025-12-13 20:05:00,Domestic League,0,0,91,0,45,162,110,272,0,0,-1,17,268,33,0,2025/2026,2025,0
France_Ligue_1_2025-2026,Vincent Marchetti,Paris,Midfielder,28,181,75,France,6,6,12,0,0,0,0.0,1970-01-11,1,0.14,1,0,1,8,7,8,15,2.12,eu,,33.0,0.0,0.0,,72.0,1.41,0.83,0.0,10.0,1140000.0,38.0,50.0,0.0,6.17,33.0,65.0,0.28,0.17,2.0,1.0,8.0,40.0,41.0,6.0,74.0,2.54,1.5,18.0,3.0,0.0,33.0,17.0,0.0,0.0,,12.0,637.0,27.0,1.13,0.67,8.0,52.0,0.57,0.33,4.0,58.0,1.27,0.75,84.0,1.13,0.67,88.0,93.0,8.0,9.0,58.0,9.18,5.42,65.0,66.0,4.8,2.83,52.0,34.0,69.0,1.41,0.83,10.0,26.0,0.57,0.33,4.0,8.0,36.0,4.0,81.0,1.0,44.0,67.0,84.0,76.0,83.0,,92.0,0.14,0.08,1.0,40.0,0.57,0.33,4.0,24.0,0.28,0.17,2.0,0.0,44.0,84.0,3.0,61.0,27.0,89.0,0.38,0.22,2.67,88.85,78.0,63.0,38.29,22.58,271.0,59.0,43.09,25.42,305.0,5.0,0.14,0.08,1.0,,0.0,,,,,,,0.0,0.0,,74.08,0.0,,,0.0,0.0,,4,0.0,36.84,62.0,10.53,59.0,87.0,2.12,1.25,15.0,92.0,1.7,1.0,12.0,87.0,0.99,0.58,7.0,93.0,2.68,1.58,0.0,9.5,19.0,63.0,1.7,1.0,99.0,0.0,0.0,,12.0,,,,,24.0,0.09,0.05,0.64,87.0,0.38,0.22,2.67,2026,1,1,0.28,2,0.29,0.28,0.28,2025-12-13 20:05:00,Domestic League,0,637,42,319,53,315,322,637,0,0,-1,4,60,-1,0,2025/2026,2025,1
France_Ligue_1_2025-2026,Alimami Gory,Paris,Forward,29,182,74,France,6,3,9,0,0,0,0.0,1970-01-10,0,0.0,1,0,1,11,5,3,8,2.75,eu,,92.0,34.35,10.0,100.0,2.0,0.0,0.0,0.0,,1140000.0,38.0,50.0,0.0,5.85,23.0,70.0,0.34,0.1,1.0,,,26.0,23.0,10.0,11.0,0.34,0.1,1.0,,3333.33,92.0,56.0,1.03,0.3,3.0,10.0,262.0,10.0,1.72,0.5,5.0,38.0,0.69,0.2,2.0,34.0,0.69,0.2,11.0,0.0,0.0,0.0,11.0,,2.0,43.0,7.9,2.3,23.0,16.0,3.09,0.9,39.0,9.0,67.0,1.37,0.4,4.0,91.0,2.06,0.6,6.0,1.0,,8.0,97.0,1.0,44.0,72.0,68.0,96.0,87.0,,76.0,0.0,0.0,,71.0,1.03,0.3,3.0,28.0,0.34,0.1,1.0,0.0,15.0,23.0,1.0,56.0,,86.0,0.33,0.1,0.95,92.73,92.0,15.0,17.52,5.1,51.0,8.0,18.89,5.5,55.0,99.0,0.0,0.0,,,0.0,,,,,,,0.0,0.0,,58.55,0.0,,,0.0,0.0,,7,0.0,16.67,26.0,16.67,79.0,93.0,3.44,1.0,10.0,93.0,1.72,0.5,5.0,59.0,0.34,0.1,1.0,81.0,2.06,0.6,0.0,6.0,6.0,30.0,1.03,0.3,99.0,0.0,0.0,,3.0,,,,,8.0,0.05,0.01,0.15,83.0,0.33,0.1,0.95,2026,0,1,0.34,1,0.0,0.82,0.34,2025-11-29 18:00:00,Domestic League,0,0,33,262,29,152,110,262,0,0,-1,10,-1,-1,0,2025/2026,2025,0
France_Ligue_1_2025-2026,Nouha Dicko,Paris,Forward,33,173,74,Mali,4,4,8,0,1,1,1.41,1970-01-09,0,0.0,2,0,2,25,0,2,2,2.81,eu,,33.0,0.0,0.0,,98.0,3.65,0.2,0.0,3.0,1360000.0,44.0,99.0,0.12,2.69,,31.0,0.0,0.0,,,,26.0,23.0,49.0,2.0,0.0,0.0,,,0.0,33.0,75.0,2.43,0.13,2.0,15.0,74.0,24.0,1.22,0.07,1.0,99.0,0.0,0.0,,9.0,0.0,0.0,11.0,0.0,0.0,0.0,11.0,,,99.0,19.46,1.07,16.0,99.0,8.51,0.47,43.0,7.0,99.0,4.86,0.27,4.0,99.0,3.65,0.2,3.0,,,8.0,97.0,,18.0,99.0,68.0,99.0,99.0,,76.0,0.0,0.0,,7.0,0.0,0.0,,75.0,1.22,0.07,1.0,0.0,9.0,23.0,,43.0,,99.0,1.14,0.06,0.94,76.92,22.0,6.0,12.16,0.67,10.0,4.0,15.81,0.87,13.0,99.0,0.0,0.0,,,0.0,,,,,,,0.0,0.0,,40.4,0.0,,,0.0,0.0,,12,0.0,50.0,87.0,25.0,91.0,91.0,2.43,0.13,2.0,99.0,2.43,0.13,2.0,99.0,2.43,0.13,2.0,99.0,4.86,0.27,0.0,4.0,4.0,39.0,1.22,0.07,99.0,0.0,0.0,,1.0,,,,,99.0,0.73,0.04,0.6,99.0,1.14,0.06,0.94,2026,0,1,2.81,1,0.0,3.1,1.41,1970-01-01 00:00:00,Domestic League,64,0,32,64,8,35,29,64,0,0,-1,11,-1,-1,0,2025/2026,2025,0
France_Ligue_1_2025-2026,Mathieu Cafaro,Paris,Midfielder,28,178,74,France,3,4,7,0,0,0,0.0,1970-01-10,0,0.0,0,0,0,0,1,2,3,2.27,eu,,99.0,70.31,7.69,100.0,44.0,0.7,0.08,0.0,1.0,1590000.0,51.0,50.0,0.0,3.56,1.0,91.0,0.7,0.08,1.0,,,26.0,23.0,2.0,28.0,0.7,0.08,1.0,2.0,1428.57,76.0,93.0,4.92,0.54,7.0,13.0,128.0,45.0,0.7,0.08,1.0,99.0,0.0,0.0,,64.0,1.41,0.15,65.0,0.7,0.08,50.0,65.0,1.0,2.0,31.0,7.03,0.77,10.0,49.0,4.22,0.46,60.0,6.0,69.0,1.41,0.15,2.0,98.0,2.81,0.31,4.0,1.0,,6.0,89.0,2.0,60.0,28.0,68.0,57.0,43.0,,76.0,0.0,0.0,,7.0,0.0,0.0,,95.0,2.11,0.23,3.0,0.0,6.0,23.0,2.0,43.0,,70.0,0.2,0.02,0.29,83.72,47.0,33.0,25.31,2.77,36.0,29.0,30.23,3.31,43.0,99.0,0.0,0.0,,,0.0,,,,,,,0.0,0.0,,46.31,0.0,,,0.0,0.0,,13,0.0,20.0,31.0,0.0,46.0,86.0,2.11,0.23,3.0,99.0,2.81,0.31,4.0,77.0,0.7,0.08,1.0,97.0,3.52,0.38,0.0,0.0,5.0,20.0,0.7,0.08,99.0,0.0,0.0,,1.0,,,,,47.0,0.13,0.01,0.18,67.0,0.2,0.02,0.29,2026,0,0,0.0,0,0.0,0.0,0.0,2025-11-23 19:45:00,Domestic League,0,0,40,0,17,78,41,119,0,0,-1,18,-1,-1,0,2025/2026,2025,0
France_Ligue_1_2025-2026,Adama Camara,Paris,Midfielder,0,0,0,France,7,7,14,0,0,0,0.0,1970-01-01,4,0.34,2,1,3,21,9,12,21,1.76,eu,,33.0,0.0,0.0,,63.0,1.17,0.93,0.0,14.0,560000.0,13.0,50.0,0.0,6.31,39.0,76.0,0.42,0.33,5.0,4.0,29.0,90.0,82.0,41.0,66.0,2.1,1.67,25.0,14.0,0.0,33.0,33.0,0.34,0.27,4.0,15.0,1073.0,38.0,0.84,0.67,10.0,51.0,0.59,0.47,7.0,36.0,0.75,0.6,51.0,0.5,0.4,66.0,87.0,6.0,9.0,56.0,8.89,7.07,106.0,60.0,4.53,3.6,50.0,54.0,45.0,1.09,0.87,13.0,33.0,0.67,0.53,8.0,13.0,79.0,1.0,48.0,1.0,44.0,36.0,68.0,67.0,52.0,,76.0,0.0,0.0,,89.0,1.34,1.07,16.0,39.0,0.59,0.47,7.0,0.0,76.0,44.0,14.0,92.0,69.0,56.0,0.12,0.09,1.42,87.64,71.0,52.0,33.3,26.47,397.0,49.0,38.0,30.2,453.0,99.0,0.0,0.0,,,0.0,,,,,,,0.0,0.0,,94.64,0.0,,,0.0,0.0,,17,0.0,23.08,35.0,7.69,52.0,79.0,1.85,1.47,22.0,66.0,0.84,0.67,10.0,50.0,0.25,0.2,3.0,57.0,1.09,0.87,0.0,13.0,13.0,83.0,2.26,1.8,99.0,0.0,0.0,,27.0,,,,,24.0,0.09,0.07,1.04,55.0,0.12,0.09,1.42,2026,0,1,0.08,1,0.0,0.17,0.08,2025-12-13 20:05:00,Domestic League,0,268,51,1073,77,533,540,1073,0,0,-1,6,155,-1,0,2025/2026,2025,4
France_Ligue_1_2025-2026,Julien Yves Rémi López Baila,Paris,Forward,33,173,68,Algeria,2,2,4,0,0,0,0.0,1970-01-09,0,0.0,0,1,1,25,0,0,0,0.0,eu,,33.0,0.0,0.0,,2.0,0.0,0.0,0.0,,910000.0,29.0,50.0,0.0,1.46,,31.0,0.0,0.0,,,,26.0,23.0,49.0,2.0,0.0,0.0,,99.0,0.0,33.0,74.0,2.25,0.08,1.0,13.0,40.0,1.0,2.25,0.08,1.0,99.0,0.0,0.0,,96.0,4.5,0.15,11.0,0.0,0.0,0.0,11.0,,2.0,28.0,6.75,0.23,3.0,,0.0,0.0,0.0,,7.0,0.0,0.0,,2.0,0.0,0.0,,,,4.0,81.0,,18.0,28.0,68.0,57.0,43.0,,76.0,0.0,0.0,,99.0,2.25,0.08,1.0,7.0,0.0,0.0,,0.0,,23.0,,43.0,,10.0,0.0,0.0,0.0,86.67,66.0,42.0,29.25,1.0,13.0,37.0,33.75,1.15,15.0,99.0,0.0,0.0,,,0.0,,,,,,,0.0,0.0,,19.02,0.0,,,0.0,0.0,,20,0.0,0.0,21.0,0.0,46.0,89.0,2.25,0.08,1.0,10.0,0.0,0.0,,21.0,0.0,0.0,,8.0,0.0,0.0,0.0,0.0,,5.0,0.0,0.0,99.0,0.0,0.0,,,,,,,14.0,0.07,0.0,0.03,9.0,0.0,0.0,0.0,2026,0,0,0.0,0,0.0,0.0,0.0,1970-01-01 00:00:00,Domestic League,0,0,0,0,10,26,13,39,0,0,-1,16,-1,-1,0,2025/2026,2025,0
France_Ligue_1_2025-2026,Yoan Koré,Paris,Defender,21,0,0,France,0,0,0,0,0,0,0.0,2004-11-16,0,0.0,0,0,0,0,0,0,0,0.0,eu,,,,,,,,,,,,,,,,,,,,,,,,,,,,,,,,,,,,,,,,,,,,,,,,,,,,,,,,,,,,,,,,,,,,,,,,,,,,,,,,,,,,,,,,,,,,,,,,,,,,,,,,,,,,,,,,,,,,,,,,,,,,,,,,,,,,,,,,,,,,,,,,,,,,,,,,,,,,,,,,,,,,,,,,,,,,,,,,,,,,,,,2026,0,0,0.0,0,0.0,0.0,0.0,1970-01-01 00:00:00,Domestic League,0,0,0,0,0,0,0,0,0,0,-1,-1,-1,-1,0,2025/2026,2025,0
France_Ligue_1_2025-2026,Jonathan Fischer,Metz,Goalkeeper,24,190,0,Denmark,8,8,16,0,0,0,0.0,2001-11-09,0,0.0,1,2,3,19,20,9,29,1.91,eu,,33.0,0.0,0.0,,37.0,0.59,0.56,0.0,9.0,1020000.0,33.0,50.0,0.0,6.93,80.0,31.0,0.0,0.0,,,,26.0,23.0,33.0,41.0,1.06,1.0,16.0,9.0,0.0,33.0,17.0,0.0,0.0,,16.0,1363.0,99.0,0.0,0.0,,92.0,0.07,0.06,1.0,9.0,0.0,0.0,11.0,0.0,0.0,0.0,11.0,,,6.0,0.79,0.75,12.0,6.0,0.66,0.62,83.0,10.0,7.0,0.0,0.0,,9.0,0.26,0.25,4.0,15.0,96.0,1.0,48.0,,18.0,28.0,68.0,57.0,43.0,,76.0,0.0,0.0,,7.0,0.0,0.0,,9.0,0.07,0.06,1.0,0.0,99.0,23.0,9.0,43.0,97.0,10.0,0.0,0.0,0.0,82.56,43.0,47.0,31.56,29.88,478.0,49.0,38.23,36.19,579.0,99.0,0.0,0.0,,,0.0,,,1.0,,,95.0,0.59,0.56,9.0,110.88,63.33,38.0,86.0,3.76,3.56,57.0,1,0.0,0.0,21.0,0.0,46.0,99.0,5.94,5.62,90.0,10.0,0.0,0.0,,21.0,0.0,0.0,,8.0,0.0,0.0,0.0,0.0,,5.0,0.0,0.0,99.0,0.0,0.0,,,,,,,14.0,0.07,0.06,1.03,9.0,0.0,0.0,0.0,2026,0,0,0.0,0,0.0,0.0,0.0,2025-12-13 18:00:00,Domestic League,0,0,47,0,85,643,720,1363,0,0,-1,13,265,107,0,2025/2026,2025,0
France_Ligue_1_2025-2026,Urie-Michel Mboula,Metz,Defender,22,0,0,Gabon,1,2,3,0,0,0,0.0,2003-04-30,0,0.0,0,1,1,33,2,1,3,1.53,eu,,33.0,0.0,0.0,,2.0,0.0,0.0,0.0,,360000.0,7.0,50.0,0.0,6.64,52.0,82.0,0.51,0.33,1.0,,,26.0,23.0,73.0,74.0,2.54,1.67,5.0,29.0,0.0,33.0,41.0,0.51,0.33,1.0,3.0,177.0,99.0,0.0,0.0,,99.0,0.0,0.0,,74.0,2.03,1.33,81.0,1.02,0.67,50.0,65.0,2.0,4.0,32.0,7.12,4.67,14.0,70.0,5.08,3.33,71.0,10.0,39.0,1.02,0.67,2.0,97.0,2.54,1.67,5.0,3.0,2.0,,25.0,3.0,74.0,28.0,68.0,57.0,43.0,,76.0,0.0,0.0,,71.0,1.02,0.67,2.0,7.0,0.0,0.0,,0.0,,23.0,29.0,43.0,,10.0,0.0,0.0,0.0,83.87,48.0,66.0,39.66,26.0,78.0,68.0,47.29,31.0,93.0,99.0,0.0,0.0,,,0.0,,,,,,,0.0,0.0,,19.91,0.0,,,0.0,0.0,,4,0.0,0.0,21.0,0.0,46.0,26.0,1.02,0.67,2.0,10.0,0.0,0.0,,21.0,0.0,0.0,,8.0,0.0,0.0,0.0,0.0,,52.0,1.53,1.0,99.0,0.0,0.0,,3.0,,,,,32.0,0.1,0.06,0.19,9.0,0.0,0.0,0.0,2026,0,0,0.0,0,0.0,0.0,0.0,2025-09-28 15:15:00,Domestic League,0,0,59,0,59,41,136,177,0,0,-1,22,-1,-1,0,2025/2026,2025,0
France_Ligue_1_2025-2026,Jean-Philippe Gbamin,Metz,Midfielder,30,186,83,Ivory Coast,8,8,16,0,1,1,0.07,1970-01-10,0,0.0,1,2,3,19,24,6,30,1.97,eu,,55.0,13.13,12.5,200.0,64.0,1.25,1.19,0.0,19.0,2050000.0,60.0,54.0,0.06,6.74,60.0,85.0,0.59,0.56,9.0,,,26.0,23.0,33.0,86.0,3.94,3.75,60.0,6.0,9999.99,99.0,23.0,0.13,0.12,2.0,16.0,1371.0,44.0,0.72,0.69,11.0,32.0,0.72,0.69,11.0,44.0,0.92,0.88,71.0,0.79,0.75,85.0,92.0,12.0,14.0,40.0,7.81,7.44,119.0,48.0,4.14,3.94,52.0,63.0,15.0,0.53,0.5,8.0,13.0,0.33,0.31,5.0,16.0,99.0,,25.0,1.0,44.0,45.0,68.0,62.0,48.0,,76.0,0.0,0.0,,64.0,0.92,0.88,14.0,36.0,0.53,0.5,8.0,0.0,99.0,23.0,8.0,99.0,97.0,43.0,0.07,0.07,1.07,88.68,77.0,90.0,60.66,57.75,924.0,90.0,68.4,65.12,1042.0,99.0,0.0,0.0,,,0.0,,,,,,,0.0,0.0,,107.77,0.0,,,0.0,0.0,,5,0.0,60.0,93.0,20.0,87.0,89.0,2.17,2.06,33.0,15.0,0.13,0.12,2.0,40.0,0.2,0.19,3.0,20.0,0.33,0.31,0.0,5.0,5.0,70.0,1.84,1.75,99.0,0.0,0.0,,28.0,,,,,68.0,0.18,0.17,2.79,41.0,0.07,0.07,1.07,2026,0,1,0.13,1,0.0,0.14,0.07,2025-12-13 18:00:00,Domestic League,1371,0,46,1371,86,720,651,1371,0,0,-1,5,165,-1,0,2025/2026,2025,0
France_Ligue_1_2025-2026,Giorgi Tsitaishvili,Metz,Midfielder,25,171,63,Georgia,8,8,16,1,0,1,0.09,1970-01-12,0,0.0,1,2,3,19,15,6,21,1.85,eu,,66.0,18.83,13.38,214.0,3.0,0.09,0.06,0.0,1.0,730000.0,18.0,60.0,0.06,6.36,41.0,52.0,0.18,0.12,2.0,,,26.0,23.0,33.0,55.0,1.5,1.06,17.0,10.0,356.67,38.0,96.0,5.28,3.75,60.0,16.0,1023.0,58.0,0.53,0.38,6.0,27.0,0.79,0.56,9.0,83.0,2.55,1.81,85.0,1.14,0.81,44.0,52.0,13.0,29.0,36.0,7.39,5.25,84.0,29.0,3.61,2.56,48.0,41.0,34.0,0.88,0.62,10.0,77.0,1.58,1.12,18.0,12.0,70.0,4.0,81.0,2.0,60.0,65.0,77.0,64.0,69.0,,82.0,0.09,0.06,1.0,42.0,0.62,0.44,7.0,89.0,1.76,1.25,20.0,0.0,99.0,23.0,11.0,75.0,64.0,68.0,0.19,0.13,2.13,76.6,22.0,16.0,17.86,12.69,203.0,16.0,23.31,16.56,265.0,99.0,0.0,0.0,,,0.0,,,,,,,0.0,0.0,,101.72,0.0,,,0.0,0.0,,7,0.0,12.5,24.0,12.5,67.0,79.0,1.85,1.31,21.0,81.0,1.23,0.88,14.0,37.0,0.18,0.12,2.0,67.0,1.41,1.0,0.0,8.0,16.0,26.0,0.88,0.62,99.0,0.0,0.0,,10.0,,,,,60.0,0.16,0.11,1.83,66.0,0.19,0.13,2.13,2026,1,1,0.26,2,0.2,0.16,0.18,2025-12-13 18:00:00,Domestic League,1022,0,49,511,64,459,563,1022,0,0,-1,3,103,-1,0,2025/2026,2025,0
France_Ligue_1_2025-2026,Boubacar Traore,Metz,Midfielder,26,0,0,Mali,3,4,7,0,0,0,0.0,1970-01-11,2,0.3,0,1,1,14,8,3,11,1.64,eu,,63.0,17.27,16.67,100.0,18.0,0.35,0.33,0.0,2.0,2050000.0,60.0,50.0,0.0,6.72,56.0,50.0,0.17,0.17,1.0,2.0,29.0,90.0,76.0,21.0,11.0,0.35,0.33,2.0,21.0,5000.0,97.0,33.0,0.35,0.33,2.0,6.0,521.0,80.0,0.17,0.17,1.0,38.0,0.69,0.67,4.0,56.0,1.21,1.17,51.0,0.52,0.5,42.0,48.0,3.0,7.0,49.0,8.29,8.0,48.0,51.0,4.32,4.17,52.0,25.0,96.0,2.25,2.17,13.0,5.0,0.17,0.17,1.0,7.0,29.0,,25.0,1.0,44.0,49.0,87.0,57.0,66.0,,76.0,0.0,0.0,,38.0,0.52,0.5,3.0,16.0,0.17,0.17,1.0,0.0,6.0,50.0,21.0,79.0,23.0,71.0,0.21,0.2,1.2,88.64,77.0,67.0,40.42,39.0,234.0,66.0,45.6,44.0,264.0,3.0,0.17,0.17,1.0,,0.0,,,,,,,0.0,0.0,,40.33,0.0,,,0.0,0.0,,8,0.0,42.86,75.0,14.29,72.0,85.0,2.07,2.0,12.0,57.0,0.69,0.67,4.0,70.0,0.52,0.5,3.0,62.0,1.21,1.17,0.0,7.0,7.0,98.0,3.28,3.17,99.0,0.0,0.0,,19.0,,,,,32.0,0.1,0.09,0.57,69.0,0.21,0.2,1.2,2026,1,0,0.15,1,0.36,0.0,0.15,2025-10-19 15:15:00,Domestic League,0,303,55,605,86,251,354,605,0,0,-1,6,111,-1,0,2025/2026,2025,2
France_Ligue_1_2025-2026,Cheikh Tidiane Sabaly,Metz,Midfielder,26,168,56,Senegal,6,8,14,2,0,2,0.19,1970-01-11,2,0.19,1,2,3,21,17,4,21,1.95,eu,,49.0,10.75,8.29,116.0,10.0,0.19,0.14,0.0,2.0,1360000.0,44.0,79.0,0.14,6.61,49.0,65.0,0.28,0.21,3.0,2.0,14.0,60.0,52.0,41.0,16.0,0.46,0.36,5.0,8.0,828.57,56.0,61.0,1.3,1.0,14.0,14.0,971.0,7.0,1.95,1.5,21.0,30.0,0.74,0.57,8.0,91.0,3.15,2.43,89.0,1.3,1.0,41.0,44.0,14.0,34.0,85.0,12.05,9.29,130.0,62.0,4.63,3.57,38.0,50.0,64.0,1.3,1.0,14.0,73.0,1.48,1.14,16.0,12.0,70.0,2.0,63.0,4.0,87.0,54.0,68.0,57.0,43.0,,76.0,0.0,0.0,,18.0,0.28,0.21,3.0,61.0,0.93,0.71,10.0,0.0,76.0,73.0,8.0,43.0,59.0,45.0,0.08,0.06,0.82,75.98,20.0,13.0,16.13,12.43,174.0,12.0,21.23,16.36,229.0,99.0,0.0,0.0,,,0.0,,,,,,,0.0,0.0,,92.48,0.0,,,0.0,0.0,,14,0.0,50.0,87.0,0.0,46.0,90.0,2.32,1.79,25.0,32.0,0.37,0.29,4.0,62.0,0.37,0.29,4.0,45.0,0.74,0.57,0.0,0.0,8.0,60.0,1.67,1.29,99.0,0.0,0.0,,18.0,,,,,68.0,0.18,0.13,1.89,43.0,0.08,0.06,0.82,2026,0,0,0.19,0,0.0,0.0,0.0,2025-12-07 16:15:00,Domestic League,486,486,46,0,69,518,453,971,0,0,-1,27,264,-1,0,2025/2026,2025,2
France_Ligue_1_2025-2026,Jessy Deminguet,Metz,Midfielder,27,178,74,France,7,8,15,0,0,0,0.0,1970-01-11,4,0.37,1,2,3,20,13,8,21,1.94,eu,,33.0,0.0,0.0,,27.0,0.46,0.33,0.0,5.0,2270000.0,65.0,50.0,0.0,6.2,35.0,52.0,0.18,0.13,2.0,4.0,27.0,88.0,84.0,38.0,21.0,0.55,0.4,6.0,8.0,0.0,33.0,52.0,0.91,0.67,10.0,15.0,984.0,21.0,1.28,0.93,14.0,60.0,0.46,0.33,5.0,48.0,1.01,0.73,62.0,0.64,0.47,63.0,80.0,7.0,11.0,52.0,8.41,6.13,92.0,47.0,4.12,3.0,48.0,45.0,67.0,1.37,1.0,15.0,62.0,1.19,0.87,13.0,12.0,70.0,3.0,72.0,5.0,94.0,39.0,68.0,64.0,55.0,,76.0,0.0,0.0,,63.0,0.91,0.67,10.0,12.0,0.09,0.07,1.0,0.0,91.0,39.0,8.0,89.0,60.0,51.0,0.1,0.08,1.14,90.17,84.0,53.0,33.57,24.47,367.0,46.0,37.23,27.13,407.0,99.0,0.0,0.0,,,0.0,,,,,,,0.0,0.0,,93.05,0.0,,,0.0,0.0,,20,0.0,50.0,87.0,16.67,79.0,86.0,2.1,1.53,23.0,25.0,0.27,0.2,3.0,52.0,0.27,0.2,3.0,34.0,0.55,0.4,0.0,6.0,6.0,73.0,1.92,1.4,99.0,0.0,0.0,,21.0,,,,,18.0,0.08,0.06,0.83,49.0,0.1,0.08,1.14,2026,0,1,0.09,1,0.0,0.16,0.09,2025-12-13 18:00:00,Domestic League,0,243,46,972,65,410,562,972,0,0,-1,7,143,-1,0,2025/2026,2025,4
France_Ligue_1_2025-2026,Benjamin Fernand Lucien Francois Stambouli,Metz,Midfielder,35,180,82,France,5,4,9,0,0,0,0.0,1970-01-08,0,0.0,1,0,1,11,15,1,16,2.67,eu,,43.0,8.3,3.85,50.0,42.0,0.66,0.31,0.0,4.0,2270000.0,65.0,50.0,0.0,3.55,1.0,50.0,0.17,0.08,1.0,,,26.0,23.0,10.0,72.0,2.49,1.15,15.0,1.0,1666.67,80.0,41.0,0.5,0.23,3.0,13.0,542.0,48.0,0.66,0.31,4.0,10.0,1.16,0.54,7.0,47.0,1.0,0.46,63.0,0.66,0.31,66.0,87.0,4.0,6.0,45.0,7.97,3.69,48.0,58.0,4.48,2.08,56.0,27.0,51.0,1.16,0.54,7.0,51.0,1.0,0.46,6.0,6.0,21.0,3.0,72.0,3.0,74.0,28.0,68.0,57.0,43.0,,76.0,0.0,0.0,,36.0,0.5,0.23,3.0,64.0,1.0,0.46,6.0,0.0,15.0,23.0,1.0,43.0,18.0,32.0,0.04,0.02,0.23,80.74,36.0,59.0,36.2,16.77,218.0,63.0,44.83,20.77,270.0,99.0,0.0,0.0,,,0.0,,,,,,,0.0,0.0,,46.13,0.0,,,0.0,0.0,,21,0.0,0.0,21.0,0.0,46.0,92.0,2.82,1.31,17.0,55.0,0.66,0.31,4.0,21.0,0.0,0.0,,41.0,0.66,0.31,0.0,0.0,4.0,79.0,2.16,1.0,99.0,0.0,0.0,,13.0,,,,,37.0,0.11,0.05,0.68,30.0,0.04,0.02,0.23,2026,0,0,0.0,0,0.0,0.0,0.0,2025-10-26 14:00:00,Domestic League,0,0,34,0,60,360,180,540,0,0,-1,26,263,-1,0,2025/2026,2025,0
France_Ligue_1_2025-2026,Brian Djomeni Madjo,Metz,Midfielder,16,186,0,Luxembourg,3,2,5,0,0,0,0.0,2009-01-12,0,0.0,0,0,0,0,3,0,3,1.73,eu,,33.0,0.0,0.0,,79.0,1.72,0.33,0.0,3.0,360000.0,7.0,50.0,0.0,2.91,,31.0,0.0,0.0,,,,26.0,23.0,2.0,44.0,1.15,0.22,2.0,15.0,0.0,33.0,17.0,0.0,0.0,,9.0,157.0,10.0,1.72,0.33,3.0,99.0,0.0,0.0,,30.0,0.57,0.11,11.0,0.0,0.0,0.0,11.0,,1.0,54.0,8.6,1.67,15.0,24.0,3.44,0.67,40.0,6.0,85.0,1.72,0.33,3.0,80.0,1.72,0.33,3.0,2.0,,3.0,72.0,2.0,60.0,28.0,68.0,57.0,43.0,,76.0,0.0,0.0,,7.0,0.0,0.0,,7.0,0.0,0.0,,0.0,1.0,23.0,17.0,43.0,,61.0,0.14,0.03,0.24,55.56,1.0,,5.73,1.11,10.0,,10.32,2.0,18.0,99.0,0.0,0.0,,,0.0,,,,,,,0.0,0.0,,26.22,0.0,,,0.0,0.0,,24,0.0,33.33,57.0,0.0,46.0,72.0,1.72,0.33,3.0,78.0,1.15,0.22,2.0,72.0,0.57,0.11,1.0,74.0,1.72,0.33,0.0,0.0,3.0,5.0,0.0,0.0,99.0,0.0,0.0,,,,,,,,0.01,0.0,0.02,59.0,0.14,0.03,0.24,2026,0,0,0.0,0,0.0,0.0,0.0,2025-08-23 19:05:00,Domestic League,0,0,52,0,31,86,70,156,0,0,-1,25,-1,-1,0,2025/2026,2025,0
France_Ligue_1_2025-2026,Sadibou Sané,Metz,Defender,21,185,0,Senegal,4,3,7,0,0,0,0.0,2004-06-10,4,0.72,0,0,0,0,11,4,15,2.69,eu,,33.0,0.0,0.0,,52.0,0.9,0.5,0.0,5.0,338000.0,6.0,50.0,0.0,4.42,5.0,71.0,0.36,0.2,2.0,1.0,14.0,60.0,99.0,2.0,92.0,4.85,2.7,27.0,1.0,0.0,33.0,17.0,0.0,0.0,,10.0,501.0,99.0,0.0,0.0,,4.0,1.44,0.8,8.0,16.0,0.18,0.1,22.0,0.18,0.1,100.0,99.0,1.0,1.0,43.0,7.9,4.4,44.0,51.0,4.31,2.4,54.0,24.0,82.0,1.62,0.9,9.0,36.0,0.72,0.4,4.0,6.0,21.0,1.0,48.0,,18.0,52.0,85.0,57.0,69.0,,76.0,0.0,0.0,,91.0,1.44,0.8,8.0,7.0,0.0,0.0,,0.0,6.0,24.0,1.0,74.0,14.0,58.0,0.13,0.07,0.7,91.18,88.0,94.0,70.6,39.3,393.0,95.0,77.43,43.1,431.0,,0.36,0.2,2.0,,0.0,,,,,,,0.0,0.0,,44.25,0.0,,,0.0,0.0,,38,0.0,100.0,99.0,100.0,99.0,91.0,2.51,1.4,14.0,10.0,0.0,0.0,,37.0,0.18,0.1,1.0,13.0,0.18,0.1,0.0,1.0,1.0,89.0,2.51,1.4,99.0,0.0,0.0,,14.0,,,,,68.0,0.18,0.1,0.98,56.0,0.13,0.07,0.7,2026,1,0,0.18,1,0.3,0.0,0.18,2025-12-07 16:15:00,Domestic League,0,125,33,501,72,305,196,501,0,0,-1,9,101,118,2,2025/2026,2025,3
France_Ligue_1_2025-2026,Koffi Franck Kouao,Metz,Defender,27,173,65,Ivory Coast,7,7,14,0,0,0,0.0,1970-01-11,4,0.3,1,2,3,21,19,7,26,1.95,eu,,42.0,8.08,6.75,108.0,16.0,0.3,0.25,0.0,4.0,1140000.0,38.0,50.0,0.0,6.01,29.0,72.0,0.37,0.31,5.0,4.0,29.0,90.0,76.0,41.0,78.0,2.84,2.38,38.0,8.0,400.0,39.0,70.0,2.02,1.69,27.0,16.0,1203.0,52.0,0.6,0.5,8.0,2.0,1.65,1.38,22.0,51.0,1.12,0.94,83.0,1.05,0.88,93.0,93.0,14.0,15.0,63.0,9.73,8.12,130.0,82.0,5.54,4.62,56.0,74.0,54.0,1.2,1.0,16.0,72.0,1.42,1.19,19.0,14.0,89.0,,25.0,1.0,44.0,33.0,72.0,57.0,48.0,,78.0,0.07,0.06,1.0,46.0,0.67,0.56,9.0,40.0,0.6,0.5,8.0,0.0,76.0,49.0,8.0,95.0,81.0,40.0,0.06,0.05,0.77,86.53,66.0,58.0,35.09,29.31,469.0,55.0,40.55,33.88,542.0,17.0,0.07,0.06,1.0,,0.0,,1.0,,,,,0.0,0.0,,96.23,0.0,,,0.0,0.0,,39,0.0,40.0,70.0,0.0,46.0,86.0,2.09,1.75,28.0,39.0,0.45,0.38,6.0,56.0,0.3,0.25,4.0,45.0,0.75,0.62,0.0,0.0,10.0,95.0,2.99,2.5,99.0,0.0,0.0,,40.0,,,,,24.0,0.09,0.08,1.23,39.0,0.06,0.05,0.77,2026,1,0,0.07,1,0.16,0.0,0.07,2025-12-13 18:00:00,Domestic League,0,301,46,1203,86,579,624,1203,0,0,-1,10,175,109,0,2025/2026,2025,4
France_Ligue_1_2025-2026,Maxime Colin,Metz,Defender,34,180,76,France,4,6,10,0,0,0,0.0,1970-01-08,0,0.0,1,1,2,20,9,9,18,2.04,eu,,33.0,0.0,0.0,,43.0,0.68,0.38,0.0,6.0,1360000.0,44.0,50.0,0.0,4.13,4.0,83.0,0.57,0.31,5.0,,,26.0,23.0,38.0,71.0,2.38,1.31,21.0,5.0,0.0,33.0,33.0,0.34,0.19,3.0,16.0,795.0,56.0,0.57,0.31,5.0,19.0,0.91,0.5,8.0,30.0,0.57,0.31,47.0,0.45,0.25,80.0,92.0,4.0,5.0,17.0,6.0,3.31,53.0,33.0,3.74,2.06,62.0,33.0,11.0,0.34,0.19,3.0,14.0,0.34,0.19,3.0,8.0,36.0,2.0,63.0,,18.0,28.0,68.0,57.0,43.0,,76.0,0.0,0.0,,84.0,1.25,0.69,11.0,21.0,0.23,0.12,2.0,0.0,23.0,23.0,5.0,43.0,42.0,32.0,0.04,0.02,0.36,89.18,80.0,71.0,42.0,23.19,371.0,68.0,47.09,26.0,416.0,99.0,0.0,0.0,,,0.0,,,,,,,0.0,0.0,,66.11,0.0,,,0.0,0.0,,2,0.0,20.0,31.0,0.0,46.0,88.0,2.15,1.19,19.0,39.0,0.45,0.25,4.0,28.0,0.11,0.06,1.0,36.0,0.57,0.31,0.0,0.0,5.0,83.0,2.26,1.25,99.0,0.0,0.0,,20.0,,,,,37.0,0.11,0.06,1.0,30.0,0.04,0.02,0.36,2026,0,0,0.0,0,0.0,0.0,0.0,2025-12-13 18:00:00,Domestic League,0,0,44,0,80,360,435,795,0,0,-1,24,241,113,0,2025/2026,2025,0
France_Ligue_1_2025-2026,Joseph N'Duquidi,Metz,Midfielder,21,185,0,France,0,1,1,0,0,0,0.0,2004-10-31,0,0.0,0,0,0,0,0,1,1,15.0,eu,,,,,,,,,,,,,,,,,,,,,,,,,,,,,,,,,,,,,,,,,,,,,,,,,,,,,,,,,,,,,,,,,,,,,,,,,,,,,,,,,,,,,,,,,,,,,,,,,,,,,,,,,,,,,,,,,,,,,,,,,,,,,,,,,,,,,,,,,,,,,,,,,,,,,,,,,,,,,,,,,,,,,,,,,,,,,,,,,,,,,,,2026,0,0,0.0,0,0.0,0.0,0.0,1970-01-01 00:00:00,Domestic League,0,0,6,0,6,0,6,6,0,0,-1,23,-1,-1,0,2025/2026,2025,0
France_Ligue_1_2025-2026,Giorgi Abuashvili,Metz,Midfielder,22,0,0,Georgia,5,5,10,0,0,0,0.0,2003-02-08,1,0.31,1,2,3,30,9,0,9,2.83,eu,,95.0,42.17,9.57,134.0,17.0,0.31,0.07,0.0,1.0,450000.0,9.0,50.0,0.0,4.26,4.0,67.0,0.31,0.07,1.0,1.0,10.0,44.0,77.0,62.0,49.0,1.26,0.29,4.0,,788.24,54.0,96.0,5.35,1.21,17.0,14.0,286.0,,3.15,0.71,10.0,9.0,1.26,0.29,4.0,93.0,3.46,0.79,76.0,0.94,0.21,27.0,17.0,3.0,11.0,95.0,13.85,3.14,44.0,70.0,5.03,1.14,36.0,16.0,36.0,0.94,0.21,3.0,47.0,0.94,0.21,3.0,4.0,7.0,6.0,89.0,1.0,44.0,69.0,87.0,57.0,86.0,,76.0,0.0,0.0,,21.0,0.31,0.07,1.0,77.0,1.26,0.29,4.0,0.0,23.0,46.0,,57.0,,92.0,0.42,0.1,1.35,86.92,67.0,42.0,29.27,6.64,93.0,37.0,33.67,7.64,107.0,99.0,0.0,0.0,,,0.0,,,,,,,0.0,0.0,,59.65,0.0,,,0.0,0.0,,9,0.0,44.44,75.0,11.11,61.0,93.0,3.15,0.71,10.0,90.0,1.57,0.36,5.0,94.0,1.26,0.29,4.0,94.0,2.83,0.64,0.0,9.0,9.0,93.0,2.83,0.64,99.0,0.0,0.0,,9.0,,,,,32.0,0.1,0.02,0.33,91.0,0.42,0.1,1.35,2026,1,0,0.31,1,0.37,0.0,0.31,2025-10-26 14:00:00,Domestic League,0,286,32,286,29,243,43,286,0,0,-1,4,47,-1,0,2025/2026,2025,1
France_Ligue_1_2025-2026,Alpha Touré,Metz,Midfielder,19,0,0,Senegal,8,8,16,0,0,0,0.0,2006-01-25,2,0.24,1,2,3,19,13,2,15,1.83,eu,,62.0,16.2,8.31,133.0,64.0,1.22,0.62,0.0,10.0,275000.0,5.0,50.0,0.0,6.19,34.0,62.0,0.24,0.12,2.0,2.0,12.0,50.0,68.0,33.0,57.0,1.58,0.81,13.0,11.0,1477.78,77.0,58.0,1.1,0.56,9.0,16.0,739.0,44.0,0.73,0.38,6.0,22.0,0.85,0.44,7.0,61.0,1.34,0.69,66.0,0.73,0.38,54.0,70.0,6.0,11.0,80.0,11.33,5.81,93.0,87.0,6.09,3.12,53.0,50.0,90.0,1.95,1.0,16.0,67.0,1.34,0.69,11.0,7.0,29.0,9.0,99.0,4.0,87.0,28.0,68.0,57.0,43.0,,76.0,0.0,0.0,,35.0,0.49,0.25,4.0,41.0,0.61,0.31,5.0,0.0,99.0,56.0,11.0,43.0,36.0,32.0,0.04,0.02,0.3,88.48,76.0,63.0,38.36,19.69,315.0,60.0,43.36,22.25,356.0,6.0,0.12,0.06,1.0,,0.0,,,,,,,0.0,0.0,,99.01,0.0,,,0.0,0.0,,12,0.0,20.0,31.0,0.0,46.0,85.0,2.07,1.06,17.0,44.0,0.49,0.25,4.0,30.0,0.12,0.06,1.0,38.0,0.61,0.31,0.0,0.0,5.0,94.0,2.92,1.5,99.0,0.0,0.0,,24.0,,,,,41.0,0.12,0.06,0.95,30.0,0.04,0.02,0.3,2026,0,0,0.0,0,0.0,0.0,0.0,2025-11-23 16:15:00,Domestic League,0,370,49,0,46,418,321,739,0,0,-1,18,294,-1,0,2025/2026,2025,2
France_Ligue_1_2025-2026,Idrissa Gueye,Metz,Midfielder,22,0,0,Senegal,2,1,3,0,0,0,0.0,2003-09-16,0,0.0,0,0,0,0,4,1,5,3.44,eu,,33.0,0.0,0.0,,70.0,1.37,0.67,0.0,2.0,,1.0,50.0,0.0,6.45,45.0,31.0,0.0,0.0,,,,26.0,23.0,2.0,87.0,4.12,2.0,6.0,,0.0,33.0,17.0,0.0,0.0,,3.0,131.0,47.0,0.69,0.33,1.0,38.0,0.69,0.33,1.0,34.0,0.69,0.33,11.0,0.0,0.0,0.0,11.0,,1.0,82.0,11.68,5.67,17.0,47.0,4.12,2.0,35.0,6.0,92.0,2.06,1.0,3.0,69.0,1.37,0.67,2.0,1.0,,2.0,63.0,1.0,44.0,28.0,68.0,57.0,43.0,,76.0,0.0,0.0,,7.0,0.0,0.0,,7.0,0.0,0.0,,0.0,,23.0,,43.0,,40.0,0.06,0.03,0.09,46.67,,,4.81,2.33,7.0,,10.31,5.0,15.0,99.0,0.0,0.0,,,0.0,,,,,,,0.0,0.0,,19.35,0.0,,,0.0,0.0,,18,0.0,0.0,21.0,0.0,46.0,92.0,2.75,1.33,4.0,85.0,1.37,0.67,2.0,21.0,0.0,0.0,,65.0,1.37,0.67,0.0,0.0,2.0,46.0,1.37,0.67,99.0,0.0,0.0,,2.0,,,,,,0.01,0.01,0.02,39.0,0.06,0.03,0.09,2026,0,0,0.0,0,0.0,0.0,0.0,2025-08-31 15:15:00,Domestic League,0,0,26,0,44,100,31,131,0,0,-1,21,-1,-1,0,2025/2026,2025,0
France_Ligue_1_2025-2026,Morgan Bokele Mputu,Metz,Forward,21,0,0,France,5,2,7,0,0,0,0.0,2004-03-13,0,0.0,0,1,1,14,4,0,4,1.78,eu,,86.0,28.18,4.79,67.0,2.0,0.0,0.0,0.0,,180000.0,2.0,50.0,0.0,3.31,1.0,76.0,0.42,0.07,1.0,,,26.0,23.0,21.0,60.0,1.68,0.29,4.0,13.0,1340.0,73.0,71.0,2.1,0.36,5.0,14.0,214.0,5.0,2.1,0.36,5.0,9.0,1.26,0.21,3.0,92.0,3.36,0.57,88.0,1.26,0.21,37.0,39.0,3.0,8.0,90.0,13.04,2.21,31.0,94.0,6.73,1.14,51.0,16.0,60.0,1.26,0.21,3.0,99.0,3.36,0.57,8.0,1.0,,6.0,89.0,2.0,60.0,28.0,68.0,57.0,43.0,,76.0,0.0,0.0,,28.0,0.42,0.07,1.0,55.0,0.84,0.14,2.0,0.0,6.0,23.0,14.0,43.0,,45.0,0.08,0.01,0.2,83.15,46.0,46.0,31.12,5.29,74.0,46.0,37.43,6.36,89.0,99.0,0.0,0.0,,,0.0,,,,,,,0.0,0.0,,46.39,0.0,,,0.0,0.0,,19,0.0,33.33,57.0,0.0,46.0,91.0,2.52,0.43,6.0,66.0,0.84,0.14,2.0,64.0,0.42,0.07,1.0,63.0,1.26,0.21,0.0,0.0,3.0,77.0,2.1,0.36,99.0,0.0,0.0,,5.0,,,,,24.0,0.09,0.02,0.22,43.0,0.08,0.01,0.2,2026,0,0,0.0,0,0.0,0.0,0.0,2025-09-28 15:15:00,Domestic League,0,0,51,0,29,107,95,202,0,0,-1,20,-1,-1,0,2025/2026,2025,0
France_Ligue_1_2025-2026,Kévin Daniel Van Den Kerkhof,Metz,Defender,29,179,76,France,0,0,0,0,0,0,0.0,1970-01-10,0,0.0,0,0,0,0,0,0,0,0.0,eu,,,,,,,,,,,,,,,,,,,,,,,,,,,,,,,,,,,,,,,,,,,,,,,,,,,,,,,,,,,,,,,,,,,,,,,,,,,,,,,,,,,,,,,,,,,,,,,,,,,,,,,,,,,,,,,,,,,,,,,,,,,,,,,,,,,,,,,,,,,,,,,,,,,,,,,,,,,,,,,,,,,,,,,,,,,,,,,,,,,,,,,2026,0,0,0.0,0,0.0,0.0,0.0,1970-01-01 00:00:00,Domestic League,0,0,0,0,0,0,0,0,0,0,-1,-1,-1,-1,0,2025/2026,2025,0
France_Ligue_1_2025-2026,Ibou Sané,Metz,Forward,20,0,0,Senegal,7,6,13,0,1,1,0.24,2005-03-28,1,0.24,1,2,3,23,4,2,6,1.45,eu,,84.0,27.42,7.31,117.0,28.0,0.47,0.12,0.0,2.0,338000.0,6.0,88.0,0.08,5.46,14.0,31.0,0.0,0.0,,1.0,8.0,40.0,68.0,45.0,28.0,0.7,0.19,3.0,34.0,900.0,60.0,82.0,3.05,0.81,13.0,16.0,384.0,18.0,1.41,0.38,6.0,81.0,0.23,0.06,1.0,68.0,1.64,0.44,28.0,0.23,0.06,14.0,12.0,1.0,7.0,60.0,9.38,2.5,40.0,56.0,4.45,1.19,47.0,19.0,83.0,1.64,0.44,7.0,97.0,2.58,0.69,11.0,3.0,2.0,10.0,99.0,3.0,74.0,86.0,93.0,57.0,79.0,,76.0,0.0,0.0,,16.0,0.23,0.06,1.0,61.0,0.94,0.25,4.0,0.0,57.0,57.0,34.0,65.0,1.0,76.0,0.25,0.07,1.08,82.65,44.0,18.0,18.98,5.06,81.0,16.0,22.97,6.12,98.0,99.0,0.0,0.0,,,0.0,,2.0,,,,,0.0,0.0,,87.32,0.0,,,0.0,0.0,,23,0.0,60.0,93.0,20.0,87.0,54.0,1.41,0.38,6.0,41.0,0.47,0.12,2.0,77.0,0.7,0.19,3.0,61.0,1.17,0.31,0.0,5.0,5.0,38.0,1.17,0.31,99.0,0.0,0.0,,5.0,,,,,77.0,0.21,0.06,0.89,73.0,0.25,0.07,1.08,2026,1,0,0.48,1,0.51,0.0,0.24,2025-11-28 19:45:00,Domestic League,373,373,62,373,29,175,198,373,0,0,-1,8,73,-1,0,2025/2026,2025,1
France_Ligue_1_2025-2026,Pape Mamadou Sy,Metz,Midfielder,28,193,0,Senegal,1,0,1,0,0,0,0.0,1970-01-10,0,0.0,0,0,0,0,4,0,4,4.68,eu,,33.0,0.0,0.0,,2.0,0.0,0.0,0.0,,360000.0,7.0,50.0,0.0,0.73,,31.0,0.0,0.0,,,,26.0,23.0,2.0,83.0,3.51,0.38,3.0,,0.0,33.0,17.0,0.0,0.0,,8.0,77.0,99.0,0.0,0.0,,99.0,0.0,0.0,,9.0,0.0,0.0,11.0,0.0,0.0,0.0,11.0,,,7.0,1.17,0.12,1.0,8.0,1.17,0.12,100.0,1.0,7.0,0.0,0.0,,60.0,1.17,0.12,1.0,1.0,,,25.0,1.0,44.0,28.0,68.0,57.0,43.0,,76.0,0.0,0.0,,7.0,0.0,0.0,,7.0,0.0,0.0,,0.0,,23.0,,43.0,,10.0,0.0,0.0,0.0,44.44,,10.0,14.03,1.5,12.0,32.0,31.56,3.38,27.0,99.0,0.0,0.0,,,0.0,,,,,,,0.0,0.0,,5.83,50.0,,99.0,4.68,0.5,4.0,61,0.0,0.0,21.0,0.0,46.0,99.0,9.35,1.0,8.0,10.0,0.0,0.0,,21.0,0.0,0.0,,8.0,0.0,0.0,0.0,0.0,,5.0,0.0,0.0,99.0,0.0,0.0,,,,,,,,0.02,0.0,0.02,9.0,0.0,0.0,0.0,2026,0,0,0.0,0,0.0,0.0,0.0,2025-10-26 14:00:00,Domestic League,0,0,19,0,77,77,0,77,0,0,-1,19,-1,-1,0,2025/2026,2025,0
France_Ligue_1_2025-2026,Joaquín Panichelli,Strasbourg,Forward,23,186,82,Argentina,8,7,15,0,0,0,0.0,2002-10-07,1,0.07,1,5,6,40,12,3,15,1.1,eu,,33.0,0.0,0.0,,96.0,2.93,2.67,0.0,40.0,2050000.0,60.0,50.0,0.0,7.18,96.0,82.0,0.51,0.47,7.0,1.0,7.0,33.0,26.0,83.0,51.0,1.32,1.2,18.0,64.0,0.0,33.0,17.0,0.0,0.0,,15.0,1228.0,34.0,0.95,0.87,13.0,51.0,0.59,0.53,8.0,65.0,1.47,1.33,45.0,0.44,0.4,30.0,22.0,6.0,20.0,92.0,13.41,12.2,183.0,89.0,6.16,5.6,45.0,84.0,88.0,1.91,1.73,26.0,83.0,1.76,1.6,24.0,14.0,89.0,1.0,48.0,4.0,87.0,93.0,98.0,95.0,98.0,,93.0,0.15,0.13,2.0,45.0,0.66,0.6,9.0,68.0,1.1,1.0,15.0,0.0,91.0,98.0,64.0,45.0,84.0,96.0,0.52,0.47,7.03,71.79,8.0,11.0,14.36,13.07,196.0,10.0,20.01,18.2,273.0,99.0,0.0,0.0,,,0.0,2.0,,,2.0,,,0.0,0.0,,107.74,0.0,,,0.0,0.0,,9,0.0,52.94,89.0,26.47,92.0,46.0,1.32,1.2,18.0,79.0,1.17,1.07,16.0,95.0,1.32,1.2,18.0,90.0,2.49,2.27,0.0,3.78,34.0,41.0,1.25,1.13,99.0,0.0,0.0,,17.0,,,13.0,2.0,14.0,0.07,0.06,0.92,97.0,0.62,0.56,8.43,2026,5,4,0.66,9,0.65,0.67,0.66,2025-12-06 18:00:00,Domestic League,0,1228,82,136,82,690,538,1228,2,0,100,1,8,-1,0,2025/2026,2025,1
France_Ligue_1_2025-2026,Emanuel Esseh Emegha,Strasbourg,Forward,22,195,63,Netherlands,3,4,7,1,1,2,0.44,2003-02-03,3,0.65,1,2,3,43,2,1,3,0.65,eu,,33.0,0.0,0.0,,60.0,1.09,0.71,0.0,5.0,1810000.0,55.0,98.0,0.29,7.18,96.0,31.0,0.0,0.0,,3.0,43.0,99.0,98.0,87.0,42.0,1.09,0.71,5.0,94.0,0.0,33.0,17.0,0.0,0.0,,7.0,413.0,77.0,0.22,0.14,1.0,99.0,0.0,0.0,,60.0,1.31,0.86,45.0,0.44,0.29,33.0,30.0,2.0,6.0,29.0,6.76,4.43,31.0,26.0,3.49,2.29,51.0,16.0,95.0,2.18,1.43,10.0,89.0,1.96,1.29,9.0,4.0,7.0,3.0,72.0,1.0,44.0,99.0,91.0,99.0,99.0,,76.0,0.0,0.0,,7.0,0.0,0.0,,44.0,0.65,0.43,3.0,0.0,6.0,25.0,94.0,44.0,5.0,99.0,0.81,0.53,3.72,83.33,46.0,,7.63,5.0,35.0,,9.15,6.0,42.0,99.0,0.0,0.0,,,0.0,,,,,,,0.0,0.0,,50.23,0.0,,,0.0,0.0,,10,0.0,53.33,90.0,26.67,93.0,16.0,0.87,0.57,4.0,90.0,1.53,1.0,7.0,98.0,1.74,1.14,8.0,96.0,3.27,2.14,0.0,3.75,15.0,5.0,0.0,0.0,99.0,0.0,0.0,,,,,14.0,1.0,91.0,0.29,0.19,1.32,99.0,0.81,0.53,3.72,2026,1,3,1.31,4,0.43,1.33,0.87,2025-11-22 16:00:00,Domestic League,207,138,138,103,59,210,203,413,0,0,-1,2,3,-1,0,2025/2026,2025,3
France_Ligue_1_2025-2026,Junior Mwanga,Strasbourg,Defender,22,184,72,France,8,6,14,0,0,0,0.0,2003-05-11,3,0.23,2,1,3,21,7,11,18,1.35,eu,,34.0,0.08,0.07,1.0,52.0,0.9,0.86,0.0,12.0,1140000.0,38.0,50.0,0.0,6.84,69.0,59.0,0.23,0.21,3.0,1.0,7.0,33.0,65.0,41.0,44.0,1.12,1.07,15.0,43.0,14.29,34.0,42.0,0.53,0.5,7.0,14.0,1200.0,52.0,0.6,0.57,8.0,41.0,0.67,0.64,9.0,58.0,1.27,1.21,67.0,0.75,0.71,58.0,75.0,10.0,17.0,58.0,9.07,8.64,121.0,67.0,4.88,4.64,53.0,65.0,54.0,1.2,1.14,16.0,48.0,0.98,0.93,13.0,14.0,89.0,,25.0,4.0,87.0,36.0,68.0,67.0,52.0,,76.0,0.0,0.0,,41.0,0.6,0.57,8.0,54.0,0.82,0.79,11.0,0.0,76.0,61.0,43.0,95.0,80.0,47.0,0.09,0.08,1.16,86.09,62.0,57.0,34.8,33.14,464.0,54.0,40.42,38.5,539.0,99.0,0.0,0.0,,,0.0,,,,,,,0.0,0.0,,95.82,0.0,,,0.0,0.0,,18,0.0,25.0,41.0,12.5,67.0,64.0,1.58,1.5,21.0,39.0,0.45,0.43,6.0,34.0,0.15,0.14,2.0,37.0,0.6,0.57,0.0,8.0,8.0,82.0,2.25,2.14,99.0,0.0,0.0,,30.0,,,,,32.0,0.1,0.09,1.27,45.0,0.09,0.08,1.16,2026,0,1,0.08,1,0.0,0.17,0.08,2025-12-12 19:45:00,Domestic League,0,400,67,1200,86,660,540,1200,0,0,-1,9,149,65,1,2025/2026,2025,2
France_Ligue_1_2025-2026,Mamadou Sarr,Strasbourg,Defender,20,0,0,France,6,6,12,0,0,0,0.0,2005-08-29,3,0.25,1,4,5,42,6,3,9,0.75,eu,,44.0,8.33,8.33,100.0,74.0,1.5,1.5,0.0,18.0,2730000.0,72.0,50.0,0.0,6.83,68.0,37.0,0.08,0.08,1.0,3.0,25.0,86.0,70.0,86.0,91.0,4.75,4.75,57.0,87.0,9999.99,99.0,20.0,0.08,0.08,1.0,12.0,1080.0,71.0,0.33,0.33,4.0,64.0,0.42,0.42,5.0,27.0,0.5,0.5,34.0,0.33,0.33,66.0,87.0,4.0,6.0,31.0,7.0,7.0,84.0,39.0,3.92,3.92,55.0,47.0,44.0,1.08,1.08,13.0,40.0,0.83,0.83,10.0,12.0,70.0,,25.0,,18.0,28.0,68.0,57.0,43.0,,76.0,0.0,0.0,,17.0,0.25,0.25,3.0,11.0,0.08,0.08,1.0,0.0,44.0,55.0,87.0,43.0,71.0,10.0,0.0,0.0,0.05,94.92,99.0,93.0,65.42,65.42,785.0,91.0,68.92,68.92,827.0,99.0,0.0,0.0,,,0.0,,,,,,,0.0,0.0,,81.91,0.0,,,0.0,0.0,,23,0.0,0.0,21.0,0.0,46.0,29.0,1.08,1.08,13.0,13.0,0.08,0.08,1.0,21.0,0.0,0.0,,10.0,0.08,0.08,0.0,0.0,1.0,41.0,1.25,1.25,99.0,0.0,0.0,,15.0,,,,,54.0,0.15,0.15,1.8,9.0,0.0,0.0,0.05,2026,0,0,0.0,0,0.0,0.0,0.0,2025-12-06 18:00:00,Domestic League,0,360,120,0,90,540,540,1080,0,0,-1,23,266,15,0,2025/2026,2025,3
France_Ligue_1_2025-2026,Lucas Høgsberg,Strasbourg,Forward,19,0,0,Denmark,6,4,10,0,0,0,0.0,2006-06-23,2,0.21,1,3,4,40,10,1,11,1.17,eu,,33.0,0.0,0.0,,33.0,0.53,0.42,0.0,5.0,1360000.0,44.0,50.0,0.0,5.57,16.0,93.0,0.75,0.58,7.0,1.0,10.0,44.0,59.0,83.0,75.0,2.67,2.08,25.0,57.0,0.0,33.0,17.0,0.0,0.0,,12.0,843.0,85.0,0.11,0.08,1.0,45.0,0.64,0.5,6.0,17.0,0.21,0.17,25.0,0.21,0.17,100.0,99.0,2.0,2.0,9.0,4.8,3.75,45.0,13.0,2.67,2.08,55.0,25.0,52.0,1.17,0.92,11.0,37.0,0.75,0.58,7.0,10.0,56.0,,25.0,1.0,44.0,28.0,68.0,57.0,43.0,,76.0,0.0,0.0,,59.0,0.85,0.67,8.0,7.0,0.0,0.0,,0.0,23.0,65.0,58.0,43.0,48.0,16.0,0.01,0.01,0.09,92.83,93.0,90.0,59.47,46.42,557.0,90.0,64.06,50.0,600.0,99.0,0.0,0.0,,,0.0,,,,,,,0.0,0.0,,66.79,0.0,,,0.0,0.0,,24,0.0,0.0,21.0,0.0,46.0,59.0,1.49,1.17,14.0,20.0,0.21,0.17,2.0,21.0,0.0,0.0,,15.0,0.21,0.17,0.0,0.0,2.0,38.0,1.17,0.92,99.0,0.0,0.0,,11.0,,,,,41.0,0.12,0.09,1.12,16.0,0.01,0.01,0.09,2026,0,0,0.0,0,0.0,0.0,0.0,2025-11-22 16:00:00,Domestic League,0,422,77,0,84,496,347,843,0,0,-1,22,267,-1,1,2025/2026,2025,2
France_Ligue_1_2025-2026,,Strasbourg,Midfielder,0,0,0,,5,5,10,1,0,1,0.24,1970-01-01,1,0.24,1,3,4,40,3,2,5,1.21,eu,,99.0,58.63,18.69,243.0,2.0,0.0,0.0,0.0,,,1.0,88.0,0.1,4.75,8.0,31.0,0.0,0.0,,1.0,10.0,44.0,68.0,83.0,2.0,0.0,0.0,,54.0,1215.0,71.0,93.0,4.83,1.54,20.0,13.0,373.0,8.0,1.93,0.62,8.0,1.0,1.93,0.62,8.0,93.0,3.62,1.15,98.0,2.41,0.77,66.0,87.0,10.0,15.0,97.0,14.96,4.77,62.0,99.0,8.45,2.69,56.0,35.0,85.0,1.69,0.54,7.0,98.0,2.65,0.85,11.0,3.0,2.0,7.0,94.0,5.0,94.0,86.0,68.0,88.0,79.0,,76.0,0.0,0.0,,17.0,0.24,0.08,1.0,75.0,1.21,0.38,5.0,0.0,23.0,56.0,53.0,64.0,1.0,71.0,0.21,0.07,0.89,91.43,89.0,45.0,30.88,9.85,128.0,37.0,33.78,10.77,140.0,1.0,0.24,0.08,1.0,,0.0,,,,,,,0.0,0.0,,61.8,0.0,,,0.0,0.0,,27,0.0,20.0,31.0,20.0,87.0,71.0,1.69,0.54,7.0,71.0,0.97,0.31,4.0,48.0,0.24,0.08,1.0,62.0,1.21,0.38,0.0,5.0,5.0,99.0,3.38,1.08,99.0,0.0,0.0,,14.0,,,,,85.0,0.25,0.08,1.04,69.0,0.21,0.07,0.89,2026,0,1,0.48,1,0.0,0.44,0.24,2025-11-30 14:00:00,Domestic League,372,372,74,372,37,166,206,372,0,0,-1,12,71,-1,0,2025/2026,2025,1
France_Ligue_1_2025-2026,Samir El Mourabet,Strasbourg,Midfielder,0,168,58,France,8,7,15,0,0,0,0.0,1970-01-01,2,0.21,1,5,6,40,7,2,9,0.97,eu,,48.0,10.74,6.67,100.0,24.0,0.43,0.27,0.0,4.0,560000.0,13.0,50.0,0.0,6.85,71.0,88.0,0.64,0.4,6.0,2.0,13.0,54.0,59.0,83.0,32.0,0.86,0.53,8.0,73.0,1428.57,76.0,49.0,0.75,0.47,7.0,15.0,838.0,43.0,0.75,0.47,7.0,72.0,0.32,0.2,3.0,54.0,1.18,0.73,62.0,0.64,0.4,54.0,70.0,6.0,11.0,55.0,8.81,5.47,82.0,68.0,4.94,3.07,56.0,46.0,63.0,1.29,0.8,12.0,61.0,1.18,0.73,11.0,10.0,56.0,5.0,85.0,3.0,74.0,28.0,68.0,57.0,43.0,,76.0,0.0,0.0,,74.0,1.07,0.67,10.0,73.0,1.18,0.73,11.0,0.0,91.0,64.0,73.0,43.0,47.0,26.0,0.03,0.02,0.26,91.39,89.0,88.0,55.85,34.67,520.0,87.0,61.11,37.93,569.0,99.0,0.0,0.0,,,0.0,,,,,,,0.0,0.0,,102.78,0.0,,,0.0,0.0,,29,0.0,0.0,21.0,0.0,46.0,36.0,1.18,0.73,11.0,47.0,0.54,0.33,5.0,21.0,0.0,0.0,,33.0,0.54,0.33,0.0,0.0,5.0,93.0,2.9,1.8,99.0,0.0,0.0,,27.0,,,,,68.0,0.18,0.11,1.65,25.0,0.03,0.02,0.26,2026,0,0,0.0,0,0.0,0.0,0.0,2025-12-06 18:00:00,Domestic League,0,419,93,0,56,509,329,838,0,0,-1,18,262,-1,0,2025/2026,2025,2
France_Ligue_1_2025-2026,,Strasbourg,Midfielder,0,0,0,,7,6,13,2,2,4,0.34,1970-01-01,4,0.34,1,5,6,46,12,1,13,1.1,eu,,80.0,25.44,23.15,301.0,37.0,0.59,0.54,0.0,7.0,,1.0,96.0,0.31,7.44,99.0,31.0,0.0,0.0,,2.0,15.0,65.0,82.0,90.0,23.0,0.59,0.54,7.0,64.0,813.51,56.0,82.0,3.13,2.85,37.0,13.0,1065.0,26.0,1.18,1.08,14.0,78.0,0.25,0.23,3.0,90.0,3.13,2.85,91.0,1.35,1.23,43.0,49.0,16.0,37.0,86.0,12.08,11.0,143.0,98.0,7.52,6.85,62.0,89.0,31.0,0.85,0.77,10.0,99.0,3.13,2.85,37.0,12.0,70.0,1.0,48.0,4.0,87.0,80.0,68.0,70.0,52.0,,76.0,0.0,0.0,,36.0,0.51,0.46,6.0,84.0,1.52,1.38,18.0,0.0,57.0,43.0,64.0,91.0,67.0,58.0,0.13,0.12,1.51,84.19,51.0,78.0,47.24,43.0,559.0,81.0,56.11,51.08,664.0,13.0,0.08,0.08,1.0,,0.0,,,,,,,0.0,0.0,,96.74,0.0,,,0.0,0.0,,32,0.0,30.77,49.0,7.69,52.0,50.0,1.35,1.23,16.0,61.0,0.76,0.69,9.0,59.0,0.34,0.31,4.0,58.0,1.1,1.0,0.0,13.0,13.0,86.0,2.45,2.23,99.0,0.0,0.0,,29.0,,,,,97.0,0.35,0.32,4.17,56.0,0.13,0.12,1.51,2026,0,1,0.42,1,0.0,0.2,0.08,2025-11-22 16:00:00,Domestic League,266,266,82,1065,82,617,448,1065,0,0,-1,11,150,-1,1,2025/2026,2025,3
France_Ligue_1_2025-2026,Mike Louis Penders,Strasbourg,Goalkeeper,20,200,95,Belgium,8,6,14,0,0,0,0.0,2005-07-31,3,0.21,1,4,5,36,13,3,16,1.14,eu,,33.0,0.0,0.0,,12.0,0.21,0.21,0.0,3.0,1250000.0,40.0,50.0,0.0,6.86,73.0,31.0,0.0,0.0,,3.0,21.0,79.0,59.0,77.0,25.0,0.64,0.64,9.0,60.0,0.0,33.0,17.0,0.0,0.0,,14.0,1260.0,99.0,0.0,0.0,,99.0,0.0,0.0,,9.0,0.0,0.0,11.0,0.0,0.0,0.0,11.0,,,1.0,0.29,0.29,4.0,1.0,0.21,0.21,75.0,3.0,7.0,0.07,0.07,1.0,2.0,0.0,0.0,,14.0,89.0,,25.0,,18.0,28.0,68.0,57.0,43.0,,76.0,0.0,0.0,,7.0,0.0,0.0,,7.0,0.0,0.0,,0.0,76.0,65.0,60.0,43.0,88.0,10.0,0.0,0.0,0.0,85.09,54.0,61.0,37.5,37.5,525.0,62.0,44.07,44.07,617.0,17.0,0.07,0.07,1.0,,0.0,,,1.0,,,19.0,0.21,0.21,3.0,96.03,64.91,52.0,52.0,2.64,2.64,37.0,39,0.0,0.0,21.0,0.0,46.0,96.0,4.07,4.07,57.0,10.0,0.0,0.0,,21.0,0.0,0.0,,8.0,0.0,0.0,0.0,0.0,,5.0,0.0,0.0,99.0,0.0,0.0,,,,,,,18.0,0.08,0.08,1.14,9.0,0.0,0.0,0.0,2026,0,0,0.0,0,0.0,0.0,0.0,2025-12-06 18:00:00,Domestic League,0,420,79,0,90,720,540,1260,0,0,-1,15,271,46,0,2025/2026,2025,3
France_Ligue_1_2025-2026,Guemissongui Ouattara,Strasbourg,Midfielder,20,0,0,France,6,6,12,0,0,0,0.0,2005-01-01,1,0.11,1,5,6,50,10,1,11,1.19,eu,,91.0,32.34,25.0,300.0,3.0,0.11,0.08,0.0,1.0,360000.0,7.0,50.0,0.0,6.65,52.0,31.0,0.0,0.0,,1.0,8.0,40.0,33.0,94.0,55.0,1.51,1.17,14.0,56.0,2727.27,89.0,60.0,1.19,0.92,11.0,12.0,835.0,58.0,0.54,0.42,5.0,54.0,0.54,0.42,5.0,63.0,1.4,1.08,34.0,0.32,0.25,23.0,14.0,3.0,13.0,11.0,5.17,4.0,48.0,8.0,1.94,1.5,37.0,18.0,32.0,0.86,0.67,8.0,13.0,0.32,0.25,3.0,10.0,56.0,2.0,63.0,1.0,44.0,60.0,68.0,88.0,74.0,,76.0,0.0,0.0,,61.0,0.86,0.67,8.0,27.0,0.32,0.25,3.0,0.0,44.0,92.0,56.0,70.0,46.0,72.0,0.22,0.17,2.07,89.13,79.0,46.0,30.93,23.92,287.0,40.0,34.71,26.83,322.0,99.0,0.0,0.0,,,0.0,,,,,,,0.0,0.0,,79.79,0.0,,,0.0,0.0,,42,0.0,33.33,57.0,16.67,79.0,61.0,1.51,1.17,14.0,67.0,0.86,0.67,8.0,65.0,0.43,0.33,4.0,64.0,1.29,1.0,0.0,6.0,12.0,43.0,1.29,1.0,99.0,0.0,0.0,,12.0,,,,,14.0,0.07,0.06,0.69,70.0,0.22,0.17,2.07,2026,0,2,0.22,2,0.0,0.45,0.22,2025-11-09 16:15:00,Domestic League,0,835,76,418,70,432,403,835,0,0,-1,5,87,-1,0,2025/2026,2025,1
France_Ligue_1_2025-2026,Félix Lemaréchal,Strasbourg,Midfielder,22,180,60,France,6,4,10,0,2,2,0.33,2003-08-07,1,0.16,1,3,4,40,4,0,4,0.66,eu,,94.0,39.49,24.0,240.0,42.0,0.66,0.4,0.0,4.0,1360000.0,44.0,94.0,0.2,6.75,63.0,31.0,0.0,0.0,,1.0,10.0,44.0,46.0,83.0,44.0,1.15,0.7,7.0,93.0,1600.0,78.0,76.0,2.47,1.5,15.0,10.0,547.0,7.0,1.97,1.2,12.0,3.0,1.48,0.9,9.0,94.0,3.78,2.3,98.0,2.3,1.4,60.0,78.0,14.0,23.0,93.0,13.66,8.3,83.0,95.0,6.91,4.2,50.0,42.0,64.0,1.32,0.8,8.0,49.0,0.99,0.6,6.0,7.0,29.0,3.0,72.0,6.0,97.0,71.0,68.0,57.0,43.0,,76.0,0.0,0.0,,35.0,0.49,0.3,3.0,71.0,1.15,0.7,7.0,0.0,23.0,78.0,93.0,43.0,19.0,51.0,0.1,0.06,0.61,77.59,24.0,43.0,29.62,18.0,180.0,49.0,38.17,23.2,232.0,99.0,0.0,0.0,,,0.0,,,,,,,0.0,0.0,,67.54,0.0,,,0.0,0.0,,80,0.0,22.22,34.0,0.0,46.0,24.0,0.99,0.6,6.0,78.0,1.15,0.7,7.0,58.0,0.33,0.2,2.0,69.0,1.48,0.9,0.0,0.0,9.0,94.0,2.96,1.8,99.0,0.0,0.0,,18.0,,,,,91.0,0.29,0.18,1.78,49.0,0.1,0.06,0.61,2026,0,0,0.33,0,0.0,0.0,0.0,2025-11-22 16:00:00,Domestic League,274,547,137,0,55,308,239,547,0,0,-1,14,273,-1,0,2025/2026,2025,1
France_Ligue_1_2025-2026,Karl-Johan Johnsson,Strasbourg,Goalkeeper,35,187,84,Sweden,0,1,1,0,0,0,0.0,1970-01-08,0,0.0,0,1,1,100,0,0,0,0.0,eu,,33.0,0.0,0.0,,56.0,1.0,0.14,0.0,1.0,1020000.0,33.0,50.0,0.0,1.04,,31.0,0.0,0.0,,,,26.0,23.0,99.0,80.0,3.0,0.43,3.0,99.0,0.0,33.0,17.0,0.0,0.0,,7.0,90.0,99.0,0.0,0.0,,99.0,0.0,0.0,,9.0,0.0,0.0,11.0,0.0,0.0,0.0,11.0,,,6.0,1.0,0.14,1.0,7.0,1.0,0.14,100.0,1.0,7.0,0.0,0.0,,2.0,0.0,0.0,,1.0,,,25.0,,18.0,28.0,68.0,57.0,43.0,,76.0,0.0,0.0,,7.0,0.0,0.0,,7.0,0.0,0.0,,0.0,,23.0,,43.0,,10.0,0.0,0.0,0.0,78.12,26.0,32.0,25.0,3.57,25.0,33.0,32.0,4.57,32.0,99.0,0.0,0.0,,,0.0,,,,,,99.0,1.0,0.14,1.0,7.25,100.0,99.0,10.0,2.0,0.29,2.0,1,0.0,0.0,21.0,0.0,46.0,83.0,2.0,0.29,2.0,10.0,0.0,0.0,,21.0,0.0,0.0,,8.0,0.0,0.0,0.0,0.0,,5.0,0.0,0.0,99.0,0.0,0.0,,,,,,,8.0,0.05,0.01,0.05,9.0,0.0,0.0,0.0,2026,0,0,0.0,0,0.0,0.0,0.0,2025-08-24 15:15:00,Domestic League,0,0,0,0,90,0,90,90,0,0,-1,13,-1,-1,0,2025/2026,2025,0
France_Ligue_1_2025-2026,Ishé Samuels-Smith,Strasbourg,Defender,0,0,0,England,0,0,0,0,0,0,0.0,1970-01-01,0,0.0,0,0,0,0,0,0,0,0.0,eu,,,,,,,,,,,,,,,,,,,,,,,,,,,,,,,,,,,,,,,,,,,,,,,,,,,,,,,,,,,,,,,,,,,,,,,,,,,,,,,,,,,,,,,,,,,,,,,,,,,,,,,,,,,,,,,,,,,,,,,,,,,,,,,,,,,,,,,,,,,,,,,,,,,,,,,,,,,,,,,,,,,,,,,,,,,,,,,,,,,,,,,2026,0,0,0.0,0,0.0,0.0,0.0,1970-01-01 00:00:00,Domestic League,0,0,0,0,0,0,0,0,0,0,-1,-1,-1,-1,0,2025/2026,2025,0
France_Ligue_1_2025-2026,Maximilano Oyedele,Strasbourg,Midfielder,21,0,0,Nigeria,0,0,0,0,0,0,0.0,2004-11-07,0,0.0,0,0,0,0,0,0,0,0.0,eu,,,,,,,,,,,,,,,,,,,,,,,,,,,,,,,,,,,,,,,,,,,,,,,,,,,,,,,,,,,,,,,,,,,,,,,,,,,,,,,,,,,,,,,,,,,,,,,,,,,,,,,,,,,,,,,,,,,,,,,,,,,,,,,,,,,,,,,,,,,,,,,,,,,,,,,,,,,,,,,,,,,,,,,,,,,,,,,,,,,,,,,2026,0,0,0.0,0,0.0,0.0,0.0,1970-01-01 00:00:00,Domestic League,0,0,0,0,0,0,0,0,0,0,-1,-1,-1,-1,0,2025/2026,2025,0
France_Ligue_1_2025-2026,Sebastian Nanasi,Strasbourg,Forward,23,178,0,Sweden,3,3,6,0,1,1,0.35,2002-05-16,0,0.0,1,2,3,50,2,0,2,0.69,eu,,92.0,34.75,9.09,100.0,18.0,0.35,0.09,0.0,1.0,1590000.0,51.0,96.0,0.17,3.88,3.0,31.0,0.0,0.0,,,,26.0,23.0,94.0,54.0,1.39,0.36,4.0,92.0,2000.0,85.0,68.0,1.74,0.45,5.0,11.0,259.0,99.0,0.0,0.0,,1.0,1.74,0.45,5.0,48.0,1.04,0.27,36.0,0.35,0.09,33.0,30.0,1.0,3.0,11.0,5.21,1.36,15.0,8.0,1.74,0.45,33.0,5.0,40.0,1.04,0.27,3.0,14.0,0.35,0.09,1.0,3.0,2.0,3.0,72.0,2.0,60.0,99.0,99.0,94.0,98.0,,76.0,0.0,0.0,,71.0,1.04,0.27,3.0,99.0,3.13,0.82,9.0,0.0,3.0,23.0,92.0,45.0,,97.0,0.55,0.14,1.59,85.71,60.0,66.0,39.61,10.36,114.0,67.0,46.22,12.09,133.0,99.0,0.0,0.0,,,0.0,,,,,,,0.0,0.0,,42.7,0.0,,,0.0,0.0,,11,0.0,60.0,93.0,40.0,98.0,3.0,0.69,0.18,2.0,57.0,0.69,0.18,2.0,89.0,1.04,0.27,3.0,74.0,1.74,0.45,0.0,2.5,5.0,19.0,0.69,0.18,99.0,0.0,0.0,,2.0,,,,,98.0,0.39,0.1,1.13,94.0,0.55,0.14,1.59,2026,1,1,1.04,2,0.77,0.63,0.69,2025-12-06 18:00:00,Domestic League,259,0,130,130,43,117,142,259,0,0,-1,3,-1,-1,0,2025/2026,2025,0
France_Ligue_1_2025-2026,Sékou Mara,Strasbourg,Forward,23,184,80,France,4,7,11,0,1,1,0.15,2002-07-30,0,0.0,0,2,2,18,3,4,7,1.03,eu,,33.0,0.0,0.0,,89.0,2.36,1.33,0.0,16.0,1550000.0,48.0,76.0,0.09,6.15,32.0,31.0,0.0,0.0,,,,26.0,23.0,31.0,9.0,0.3,0.17,2.0,70.0,0.0,33.0,17.0,0.0,0.0,,12.0,609.0,20.0,1.33,0.75,9.0,86.0,0.15,0.08,1.0,79.0,2.36,1.33,67.0,0.74,0.42,31.0,24.0,5.0,16.0,95.0,14.19,8.0,96.0,84.0,5.76,3.25,40.0,39.0,97.0,2.36,1.33,16.0,87.0,1.92,1.08,13.0,7.0,29.0,4.0,81.0,3.0,74.0,49.0,68.0,57.0,43.0,,76.0,0.0,0.0,,13.0,0.15,0.08,1.0,39.0,0.59,0.33,4.0,0.0,31.0,23.0,70.0,43.0,23.0,71.0,0.21,0.12,1.43,71.79,8.0,6.0,12.41,7.0,84.0,8.0,17.29,9.75,117.0,99.0,0.0,0.0,,,0.0,,1.0,,,,,0.0,0.0,,73.8,0.0,,,0.0,0.0,,9,0.0,40.0,70.0,0.0,46.0,36.0,1.18,0.67,8.0,84.0,1.33,0.75,9.0,82.0,0.89,0.5,6.0,83.0,2.22,1.25,0.0,0.0,15.0,30.0,1.03,0.58,99.0,0.0,0.0,,7.0,,,,,50.0,0.14,0.08,0.92,69.0,0.21,0.12,1.43,2026,0,0,0.15,0,0.0,0.0,0.0,2025-12-07 16:15:00,Domestic League,609,0,87,0,55,155,454,609,0,0,-1,14,274,-1,0,2025/2026,2025,0
France_Ligue_1_2025-2026,Ray Kendry Páez Andrade,Strasbourg,Midfielder,18,177,0,Ecuador,6,6,12,0,0,0,0.0,2007-05-04,0,0.0,1,4,5,42,1,1,2,0.46,eu,,92.0,34.35,10.71,150.0,27.0,0.46,0.14,0.0,2.0,910000.0,29.0,50.0,0.0,5.13,13.0,31.0,0.0,0.0,,,,26.0,23.0,86.0,53.0,1.37,0.43,6.0,99.0,937.5,62.0,86.0,3.66,1.14,16.0,14.0,393.0,6.0,2.06,0.64,9.0,,2.75,0.86,12.0,96.0,4.12,1.29,92.0,1.37,0.43,33.0,30.0,6.0,18.0,94.0,13.74,4.29,60.0,47.0,4.12,1.29,30.0,18.0,80.0,1.6,0.5,7.0,35.0,0.69,0.21,3.0,4.0,7.0,8.0,97.0,4.0,87.0,62.0,97.0,57.0,77.0,,76.0,0.0,0.0,,49.0,0.69,0.21,3.0,60.0,0.92,0.29,4.0,0.0,44.0,23.0,99.0,67.0,3.0,86.0,0.33,0.1,1.44,76.0,20.0,36.0,26.11,8.14,114.0,39.0,34.35,10.71,150.0,99.0,0.0,0.0,,,0.0,,,,,,,0.0,0.0,,71.85,0.0,,,0.0,0.0,,16,0.0,40.0,70.0,10.0,58.0,3.0,0.69,0.21,3.0,85.0,1.37,0.43,6.0,83.0,0.92,0.29,4.0,86.0,2.29,0.71,0.0,10.0,10.0,56.0,1.6,0.5,99.0,0.0,0.0,,7.0,,,,,32.0,0.1,0.03,0.44,83.0,0.33,0.1,1.44,2026,1,0,0.23,1,0.6,0.0,0.23,2025-11-30 14:00:00,Domestic League,0,0,196,392,33,151,241,392,0,0,-1,10,81,-1,0,2025/2026,2025,0
France_Ligue_1_2025-2026,Dilane Bakwa,Strasbourg,Forward,23,179,77,France,2,1,3,1,1,2,1.73,2002-08-26,0,0.0,1,1,2,67,1,0,1,0.87,eu,,97.0,45.87,17.67,53.0,2.0,0.0,0.0,0.0,,,1.0,99.0,0.67,7.3,98.0,31.0,0.0,0.0,,,,26.0,23.0,99.0,32.0,0.87,0.33,1.0,76.0,662.5,52.0,98.0,6.92,2.67,8.0,3.0,104.0,36.0,0.87,0.33,1.0,20.0,0.87,0.33,1.0,99.0,7.79,3.0,99.0,4.33,1.67,55.0,71.0,5.0,9.0,95.0,13.85,5.33,16.0,99.0,8.65,3.33,62.0,10.0,7.0,0.0,0.0,,99.0,3.46,1.33,4.0,,,3.0,72.0,,18.0,99.0,99.0,57.0,99.0,,76.0,0.0,0.0,,61.0,0.87,0.33,1.0,99.0,2.6,1.0,3.0,0.0,,23.0,77.0,44.0,,99.0,0.66,0.25,0.76,90.24,84.0,48.0,32.02,12.33,37.0,42.0,35.48,13.67,41.0,99.0,0.0,0.0,,,0.0,,1.0,,,,,0.0,0.0,,21.9,0.0,,,0.0,0.0,,26,0.0,50.0,87.0,50.0,99.0,74.0,1.73,0.67,2.0,67.0,0.87,0.33,1.0,82.0,0.87,0.33,1.0,74.0,1.73,0.67,0.0,2.0,2.0,25.0,0.87,0.33,99.0,0.0,0.0,,1.0,,,,,99.0,1.23,0.47,1.42,98.0,0.66,0.25,0.76,2026,1,0,2.6,1,1.14,0.0,0.87,1970-01-01 00:00:00,Domestic League,52,0,104,104,35,79,25,104,0,0,-1,9,-1,-1,0,2025/2026,2025,0
France_Ligue_1_2025-2026,Rabby Nzingoula,Strasbourg,Midfielder,0,0,0,France,3,1,4,0,0,0,0.0,1970-01-01,2,3.75,0,1,1,25,0,0,0,0.0,eu,,33.0,0.0,0.0,,2.0,0.0,0.0,0.0,,338000.0,6.0,50.0,0.0,3.49,1.0,31.0,0.0,0.0,,,,26.0,99.0,49.0,59.0,1.64,0.14,1.0,99.0,0.0,33.0,84.0,3.27,0.29,2.0,7.0,55.0,,3.27,0.29,2.0,99.0,0.0,0.0,,97.0,4.91,0.43,95.0,1.64,0.14,33.0,30.0,1.0,3.0,99.0,21.27,1.86,13.0,99.0,9.82,0.86,46.0,6.0,99.0,4.91,0.43,3.0,99.0,3.27,0.29,2.0,,,4.0,81.0,,18.0,28.0,68.0,57.0,43.0,,76.0,0.0,0.0,,95.0,1.64,0.14,1.0,86.0,1.64,0.14,1.0,0.0,,23.0,,43.0,,45.0,0.08,0.01,0.05,84.21,51.0,36.0,26.18,2.29,16.0,31.0,31.09,2.71,19.0,99.0,0.0,0.0,,,0.0,,,,,,,0.0,0.0,,24.45,0.0,,,0.0,0.0,,41,0.0,0.0,21.0,0.0,46.0,,0.0,0.0,,91.0,1.64,0.14,1.0,21.0,0.0,0.0,,73.0,1.64,0.14,0.0,0.0,1.0,99.0,4.91,0.43,99.0,0.0,0.0,,3.0,,,,,47.0,0.13,0.01,0.08,43.0,0.08,0.01,0.05,2026,0,0,0.0,0,0.0,0.0,0.0,1970-01-01 00:00:00,Domestic League,0,24,0,0,12,34,14,48,0,0,-1,16,-1,-1,1,2025/2026,2025,1
France_Ligue_1_2025-2026,Eduard Sobol,Strasbourg,Defender,30,186,73,Ukraine,0,0,0,0,0,0,0.0,1970-01-10,0,0.0,0,0,0,0,0,0,0,0.0,eu,,,,,,,,,,,,,,,,,,,,,,,,,,,,,,,,,,,,,,,,,,,,,,,,,,,,,,,,,,,,,,,,,,,,,,,,,,,,,,,,,,,,,,,,,,,,,,,,,,,,,,,,,,,,,,,,,,,,,,,,,,,,,,,,,,,,,,,,,,,,,,,,,,,,,,,,,,,,,,,,,,,,,,,,,,,,,,,,,,,,,,,2026,0,0,0.0,0,0.0,0.0,0.0,1970-01-01 00:00:00,Domestic League,0,0,0,0,0,0,0,0,0,0,-1,-1,-1,-1,0,2025/2026,2025,0
France_Ligue_1_2025-2026,Gabriel Osho,Auxerre,Defender,27,185,78,England,1,1,2,0,0,0,0.0,1970-01-11,0,0.0,0,1,1,50,2,0,2,1.33,eu,,33.0,0.0,0.0,,69.0,1.33,1.0,0.0,2.0,,1.0,50.0,0.0,6.84,69.0,99.0,1.33,1.0,2.0,,,26.0,23.0,94.0,52.0,1.33,1.0,2.0,43.0,0.0,33.0,62.0,1.33,1.0,2.0,2.0,135.0,99.0,0.0,0.0,,99.0,0.0,0.0,,9.0,0.0,0.0,11.0,0.0,0.0,0.0,11.0,,,35.0,7.33,5.5,11.0,41.0,4.0,3.0,54.0,6.0,65.0,1.33,1.0,2.0,33.0,0.67,0.5,1.0,2.0,,,25.0,1.0,44.0,28.0,68.0,57.0,43.0,,76.0,0.0,0.0,,46.0,0.67,0.5,1.0,7.0,0.0,0.0,,0.0,,23.0,43.0,43.0,,10.0,0.0,0.0,0.0,93.24,93.0,77.0,46.0,34.5,69.0,72.0,49.33,37.0,74.0,99.0,0.0,0.0,,,0.0,,,,,,,0.0,0.0,,13.68,0.0,,,0.0,0.0,,3,0.0,0.0,21.0,0.0,46.0,46.0,1.33,1.0,2.0,10.0,0.0,0.0,,21.0,0.0,0.0,,8.0,0.0,0.0,0.0,0.0,,75.0,2.0,1.5,99.0,0.0,0.0,,3.0,,,,,32.0,0.1,0.07,0.15,9.0,0.0,0.0,0.0,2026,0,0,0.0,0,0.0,0.0,0.0,2025-08-23 17:00:00,Domestic League,0,0,68,0,68,45,90,135,0,0,-1,17,-1,-1,0,2025/2026,2025,0
France_Ligue_1_2025-2026,Francisco Sierralta Carvallo,Auxerre,Forward,28,180,70,Chile,6,4,10,0,0,0,0.0,1970-01-10,2,0.21,0,2,2,20,13,2,15,1.57,eu,,33.0,0.0,0.0,,97.0,3.07,2.5,0.0,30.0,1450000.0,45.0,50.0,0.0,5.68,18.0,82.0,0.51,0.42,5.0,2.0,20.0,77.0,59.0,38.0,95.0,5.42,4.42,53.0,26.0,0.0,33.0,17.0,0.0,0.0,,12.0,880.0,99.0,0.0,0.0,,64.0,0.41,0.33,4.0,12.0,0.1,0.08,16.0,0.1,0.08,100.0,99.0,1.0,1.0,38.0,7.47,6.08,73.0,69.0,5.01,4.08,67.0,49.0,29.0,0.82,0.67,8.0,23.0,0.51,0.42,5.0,9.0,46.0,1.0,48.0,2.0,60.0,41.0,68.0,75.0,57.0,,76.0,0.0,0.0,,64.0,0.92,0.75,9.0,18.0,0.2,0.17,2.0,0.0,23.0,68.0,26.0,87.0,51.0,54.0,0.11,0.09,1.09,89.66,81.0,60.0,37.23,30.33,364.0,57.0,41.52,33.83,406.0,99.0,0.0,0.0,,,0.0,,,,,,,0.0,0.0,,68.17,0.0,,,0.0,0.0,,4,0.0,28.57,44.0,14.29,72.0,63.0,1.53,1.25,15.0,45.0,0.51,0.42,5.0,40.0,0.2,0.17,2.0,44.0,0.72,0.58,0.0,7.0,7.0,44.0,1.33,1.08,99.0,0.0,0.0,,13.0,,,,,24.0,0.09,0.07,0.9,52.0,0.11,0.09,1.09,2026,0,1,0.1,1,0.0,0.25,0.1,2025-11-09 16:15:00,Domestic League,0,431,57,862,86,508,354,862,0,0,-1,5,138,-1,0,2025/2026,2025,2
France_Ligue_1_2025-2026,Kévin Danois,Auxerre,Midfielder,21,0,0,France,7,7,14,0,0,0,0.0,2004-06-28,1,0.08,0,3,3,21,11,5,16,1.25,eu,,75.0,22.07,18.87,283.0,17.0,0.31,0.27,0.0,4.0,1250000.0,40.0,50.0,0.0,6.51,48.0,47.0,0.16,0.13,2.0,1.0,7.0,33.0,28.0,41.0,7.0,0.23,0.2,3.0,49.0,943.33,62.0,75.0,2.34,2.0,30.0,15.0,1154.0,22.0,1.25,1.07,16.0,2.0,1.64,1.4,21.0,70.0,1.72,1.47,80.0,1.01,0.87,59.0,75.0,13.0,22.0,63.0,9.67,8.27,124.0,39.0,3.9,3.33,40.0,50.0,39.0,1.01,0.87,13.0,21.0,0.47,0.4,6.0,13.0,79.0,1.0,48.0,2.0,60.0,36.0,68.0,62.0,52.0,,79.0,0.08,0.07,1.0,71.0,1.01,0.87,13.0,90.0,1.79,1.53,23.0,0.0,76.0,96.0,49.0,94.0,76.0,56.0,0.12,0.1,1.48,86.42,65.0,68.0,40.71,34.8,522.0,68.0,47.11,40.27,604.0,99.0,0.0,0.0,,,0.0,,,,,,,0.0,0.0,,97.69,0.0,,,0.0,0.0,,5,0.0,30.77,49.0,7.69,52.0,42.0,1.25,1.07,16.0,58.0,0.7,0.6,9.0,56.0,0.31,0.27,4.0,54.0,1.01,0.87,0.0,13.0,13.0,80.0,2.18,1.87,99.0,0.0,0.0,,28.0,,,,,60.0,0.16,0.14,2.08,55.0,0.12,0.1,1.48,2026,0,1,0.08,1,0.0,0.14,0.08,2025-12-07 16:15:00,Domestic League,0,1154,72,1154,82,524,630,1154,0,0,-1,6,152,-1,0,2025/2026,2025,1
France_Ligue_1_2025-2026,Josue Casimir,Auxerre,Forward,24,178,0,France,7,7,14,0,0,0,0.0,2001-09-24,3,0.31,0,2,2,14,13,4,17,1.76,eu,,76.0,22.53,15.57,218.0,77.0,1.65,1.14,0.0,16.0,1360000.0,44.0,50.0,0.0,6.48,46.0,31.0,0.0,0.0,,2.0,14.0,60.0,77.0,21.0,34.0,0.93,0.64,9.0,14.0,573.68,49.0,87.0,3.93,2.71,38.0,14.0,871.0,38.0,0.83,0.57,8.0,49.0,0.62,0.43,6.0,40.0,0.83,0.57,33.0,0.31,0.21,37.0,39.0,3.0,8.0,78.0,10.95,7.57,106.0,78.0,5.37,3.71,49.0,52.0,90.0,1.96,1.36,19.0,83.0,1.76,1.21,17.0,10.0,56.0,4.0,81.0,2.0,60.0,28.0,68.0,57.0,43.0,,97.0,0.21,0.14,2.0,38.0,0.52,0.36,5.0,30.0,0.41,0.29,4.0,0.0,76.0,47.0,14.0,43.0,52.0,26.0,0.03,0.02,0.28,77.42,24.0,26.0,22.32,15.43,216.0,25.0,28.83,19.93,279.0,99.0,0.0,0.0,,1.0,0.0,,,,1.0,,,0.0,0.0,,90.72,0.0,,,0.0,0.0,,7,0.0,45.45,78.0,0.0,46.0,80.0,1.86,1.29,18.0,52.0,0.62,0.43,6.0,70.0,0.52,0.36,5.0,60.0,1.14,0.79,0.0,0.0,11.0,58.0,1.65,1.14,99.0,0.0,0.0,,16.0,,,,,11.0,0.06,0.04,0.59,49.0,0.1,0.07,0.98,2026,0,0,0.0,0,0.0,0.0,0.0,2025-11-01 20:05:00,Domestic League,0,290,51,0,62,459,412,871,0,0,-1,23,260,-1,1,2025/2026,2025,3
France_Ligue_1_2025-2026,Lassine Sinayoko,Auxerre,Forward,26,186,0,France,7,8,15,1,1,2,0.14,1970-01-11,2,0.14,0,3,3,20,12,5,17,1.21,eu,,73.0,21.33,20.0,300.0,59.0,1.07,1.0,0.0,15.0,1480000.0,47.0,73.0,0.13,7.06,89.0,31.0,0.0,0.0,,2.0,13.0,54.0,41.0,38.0,15.0,0.43,0.4,6.0,54.0,2307.69,87.0,52.0,0.92,0.87,13.0,15.0,1266.0,9.0,1.85,1.73,26.0,75.0,0.28,0.27,4.0,83.0,2.56,2.4,85.0,1.14,1.07,44.0,51.0,16.0,36.0,84.0,11.87,11.13,167.0,58.0,4.48,4.2,37.0,63.0,36.0,0.92,0.87,13.0,76.0,1.56,1.47,22.0,15.0,96.0,,25.0,1.0,44.0,82.0,85.0,76.0,83.0,,76.0,0.0,0.0,,74.0,1.07,1.0,15.0,82.0,1.42,1.33,20.0,0.0,91.0,83.0,53.0,60.0,88.0,70.0,0.2,0.19,2.87,76.8,22.0,15.0,17.42,16.33,245.0,15.0,22.68,21.27,319.0,99.0,0.0,0.0,,1.0,0.0,2.0,1.0,,3.0,,,0.0,0.0,,105.93,0.0,,,0.0,0.0,,10,0.0,46.88,79.0,12.5,67.0,39.0,1.21,1.13,17.0,80.0,1.21,1.13,17.0,90.0,1.07,1.0,15.0,85.0,2.27,2.13,0.0,8.0,32.0,24.0,0.85,0.8,99.0,0.0,0.0,,12.0,,,,,64.0,0.17,0.16,2.43,86.0,0.35,0.33,4.97,2026,2,2,0.43,4,0.31,0.27,0.28,2025-12-07 16:15:00,Domestic League,633,633,74,317,84,588,678,1266,2,0,100,1,59,-1,0,2025/2026,2025,2
France_Ligue_1_2025-2026,Gideon Mensah,Auxerre,Defender,27,178,64,Ghana,6,8,14,0,0,0,0.0,1970-01-11,4,0.34,0,3,3,21,9,5,14,1.19,eu,,82.0,26.57,22.29,312.0,18.0,0.34,0.29,0.0,4.0,2050000.0,60.0,50.0,0.0,6.7,55.0,38.0,0.09,0.07,1.0,4.0,29.0,90.0,82.0,41.0,72.0,2.47,2.07,29.0,56.0,975.0,64.0,78.0,2.72,2.29,32.0,14.0,1057.0,52.0,0.6,0.5,7.0,28.0,0.77,0.64,9.0,55.0,1.19,1.0,69.0,0.77,0.64,64.0,81.0,9.0,14.0,54.0,8.6,7.21,101.0,66.0,4.85,4.07,56.0,57.0,71.0,1.45,1.21,17.0,78.0,1.62,1.36,19.0,12.0,70.0,2.0,63.0,3.0,74.0,28.0,68.0,57.0,43.0,,76.0,0.0,0.0,,82.0,1.19,1.0,14.0,50.0,0.77,0.64,9.0,0.0,76.0,42.0,56.0,43.0,67.0,16.0,0.01,0.0,0.06,83.78,48.0,56.0,34.31,28.79,403.0,56.0,40.96,34.36,481.0,99.0,0.0,0.0,,,0.0,,,,,,,0.0,0.0,,93.79,0.0,,,0.0,0.0,,14,0.0,0.0,21.0,0.0,46.0,44.0,1.28,1.07,15.0,13.0,0.09,0.07,1.0,21.0,0.0,0.0,,10.0,0.09,0.07,0.0,0.0,1.0,78.0,2.13,1.79,99.0,0.0,0.0,,25.0,,,,,37.0,0.11,0.09,1.28,16.0,0.01,0.0,0.06,2026,0,0,0.0,0,0.0,0.0,0.0,2025-11-29 18:00:00,Domestic League,0,264,76,0,76,440,617,1057,0,0,-1,22,259,52,0,2025/2026,2025,4
France_Ligue_1_2025-2026,Donovan Léon,Auxerre,Goalkeeper,33,187,88,French Guiana,6,7,13,0,0,0,0.0,1970-01-09,2,0.16,0,3,3,23,12,4,16,1.28,eu,,33.0,0.0,0.0,,17.0,0.32,0.31,0.0,4.0,1590000.0,51.0,50.0,0.0,6.86,73.0,31.0,0.0,0.0,,,,26.0,46.0,45.0,30.0,0.8,0.77,10.0,46.0,0.0,33.0,17.0,0.0,0.0,,13.0,1125.0,99.0,0.0,0.0,,99.0,0.0,0.0,,11.0,0.08,0.08,15.0,0.08,0.08,100.0,99.0,1.0,1.0,6.0,1.04,1.0,13.0,6.0,0.88,0.85,84.0,11.0,8.0,0.08,0.08,1.0,17.0,0.4,0.38,5.0,13.0,79.0,,25.0,,18.0,28.0,68.0,57.0,43.0,,76.0,0.0,0.0,,7.0,0.0,0.0,,11.0,0.08,0.08,1.0,0.0,57.0,79.0,46.0,43.0,73.0,10.0,0.0,0.0,0.0,55.06,1.0,12.0,15.68,15.08,196.0,25.0,28.48,27.38,356.0,99.0,0.0,0.0,,,0.0,,,1.0,,,48.0,0.32,0.31,4.0,89.24,71.67,86.0,81.0,3.44,3.31,43.0,16,0.0,0.0,21.0,0.0,46.0,98.0,4.8,4.62,60.0,10.0,0.0,0.0,,21.0,0.0,0.0,,8.0,0.0,0.0,0.0,0.0,,8.0,0.16,0.15,99.0,0.0,0.0,,2.0,,,,,4.0,0.04,0.03,0.45,9.0,0.0,0.0,0.0,2026,0,0,0.0,0,0.0,0.0,0.0,2025-12-07 16:15:00,Domestic League,0,563,70,0,87,495,630,1125,0,0,-1,21,245,62,1,2025/2026,2025,1
France_Ligue_1_2025-2026,Ibrahim Osman,Auxerre,Forward,26,0,0,Ghana,7,6,13,1,1,2,0.34,1970-01-11,0,0.0,0,2,2,15,8,0,8,1.35,eu,,44.0,8.32,3.57,50.0,49.0,0.83,0.36,0.0,5.0,1590000.0,51.0,96.0,0.15,5.71,19.0,50.0,0.17,0.07,1.0,,,26.0,23.0,24.0,4.0,0.17,0.07,1.0,43.0,625.0,50.0,62.0,1.33,0.57,8.0,14.0,541.0,3.0,2.16,0.93,13.0,58.0,0.5,0.21,3.0,92.0,3.33,1.43,79.0,1.0,0.43,30.0,22.0,6.0,20.0,89.0,12.98,5.57,78.0,72.0,5.16,2.21,39.0,31.0,51.0,1.16,0.5,7.0,90.0,2.0,0.86,12.0,6.0,21.0,7.0,94.0,3.0,74.0,72.0,68.0,57.0,43.0,,76.0,0.0,0.0,,46.0,0.67,0.29,4.0,71.0,1.16,0.5,7.0,0.0,57.0,23.0,43.0,43.0,17.0,72.0,0.22,0.1,1.35,78.17,28.0,17.0,18.47,7.93,111.0,17.0,23.62,10.14,142.0,99.0,0.0,0.0,,,0.0,,,,,,,0.0,0.0,,79.97,0.0,,,0.0,0.0,,23,0.0,40.0,70.0,0.0,46.0,60.0,1.5,0.64,9.0,89.0,1.5,0.64,9.0,87.0,1.0,0.43,6.0,91.0,2.5,1.07,0.0,0.0,15.0,44.0,1.33,0.57,99.0,0.0,0.0,,8.0,,,,,87.0,0.27,0.12,1.63,70.0,0.22,0.1,1.35,2026,0,0,0.34,0,0.0,0.0,0.0,2025-11-09 16:15:00,Domestic League,267,0,67,0,41,374,159,533,0,0,-1,20,246,-1,0,2025/2026,2025,0
France_Ligue_1_2025-2026,Marvin Senaya,Auxerre,Defender,24,181,65,France,6,6,12,0,0,0,0.0,1970-01-12,3,0.26,0,2,2,17,11,5,16,1.38,eu,,52.0,12.35,11.92,143.0,81.0,1.81,1.75,0.0,21.0,1020000.0,33.0,50.0,0.0,6.79,67.0,63.0,0.26,0.25,3.0,3.0,25.0,86.0,71.0,29.0,84.0,3.63,3.5,42.0,40.0,493.1,44.0,77.0,2.5,2.42,29.0,12.0,1042.0,70.0,0.35,0.33,4.0,69.0,0.35,0.33,4.0,51.0,1.12,1.08,36.0,0.35,0.33,30.0,23.0,4.0,13.0,73.0,10.36,10.0,120.0,93.0,6.48,6.25,62.0,75.0,46.0,1.12,1.08,13.0,86.0,1.9,1.83,22.0,12.0,70.0,,25.0,1.0,44.0,28.0,68.0,57.0,43.0,,76.0,0.0,0.0,,94.0,1.55,1.5,18.0,29.0,0.35,0.33,4.0,0.0,44.0,53.0,40.0,43.0,66.0,40.0,0.06,0.06,0.68,76.09,21.0,34.0,25.57,24.67,296.0,37.0,33.6,32.42,389.0,99.0,0.0,0.0,,,0.0,,,,,,,0.0,0.0,,81.5,0.0,,,0.0,0.0,,29,0.0,30.0,47.0,0.0,46.0,57.0,1.47,1.42,17.0,51.0,0.6,0.58,7.0,51.0,0.26,0.25,3.0,51.0,0.86,0.83,0.0,0.0,10.0,92.0,2.76,2.67,99.0,0.0,0.0,,32.0,,,,,11.0,0.06,0.06,0.75,39.0,0.06,0.06,0.68,2026,0,0,0.0,0,0.0,0.0,0.0,2025-11-09 16:15:00,Domestic League,0,347,65,0,87,516,526,1042,0,0,-1,19,247,68,0,2025/2026,2025,3
France_Ligue_1_2025-2026,Elisha Owusu,Auxerre,Midfielder,28,179,62,France,6,6,12,0,0,0,0.0,1970-01-11,4,0.39,0,2,2,17,10,4,14,1.38,eu,,46.0,9.84,8.33,100.0,21.0,0.39,0.33,0.0,4.0,1810000.0,55.0,50.0,0.0,6.74,60.0,73.0,0.39,0.33,4.0,4.0,33.0,95.0,86.0,29.0,60.0,1.67,1.42,17.0,40.0,5000.0,97.0,26.0,0.2,0.17,2.0,12.0,915.0,41.0,0.79,0.67,8.0,38.0,0.69,0.58,7.0,34.0,0.69,0.58,49.0,0.49,0.42,71.0,89.0,5.0,7.0,49.0,8.26,7.0,84.0,51.0,4.33,3.67,52.0,44.0,73.0,1.48,1.25,15.0,21.0,0.49,0.42,5.0,11.0,61.0,1.0,48.0,3.0,74.0,28.0,68.0,57.0,43.0,,76.0,0.0,0.0,,62.0,0.89,0.75,9.0,35.0,0.49,0.42,5.0,0.0,44.0,38.0,40.0,43.0,56.0,16.0,0.01,0.01,0.1,81.21,38.0,38.0,27.64,23.42,281.0,38.0,34.03,28.83,346.0,99.0,0.0,0.0,,,0.0,,,,,,,0.0,0.0,,80.87,0.0,,,0.0,0.0,,42,0.0,0.0,21.0,0.0,46.0,53.0,1.38,1.17,14.0,19.0,0.2,0.17,2.0,21.0,0.0,0.0,,14.0,0.2,0.17,0.0,0.0,2.0,94.0,2.95,2.5,99.0,0.0,0.0,,30.0,,,,,24.0,0.09,0.07,0.9,16.0,0.01,0.01,0.1,2026,0,0,0.0,0,0.0,0.0,0.0,2025-11-09 16:15:00,Domestic League,0,229,65,0,76,439,475,914,0,0,-1,18,248,-1,0,2025/2026,2025,4
France_Ligue_1_2025-2026,Clément Akpa,Auxerre,Midfielder,24,181,68,France,7,7,14,0,0,0,0.0,2001-11-24,1,0.08,0,3,3,21,14,4,18,1.38,eu,,64.0,17.77,16.5,231.0,80.0,1.77,1.64,0.0,23.0,1140000.0,38.0,50.0,0.0,6.73,58.0,79.0,0.46,0.43,6.0,1.0,7.0,33.0,28.0,41.0,87.0,4.08,3.79,53.0,40.0,1004.35,66.0,69.0,1.77,1.64,23.0,14.0,1170.0,85.0,0.08,0.07,1.0,74.0,0.31,0.29,4.0,29.0,0.54,0.5,52.0,0.54,0.5,100.0,99.0,7.0,7.0,33.0,7.23,6.71,94.0,78.0,5.38,5.0,74.0,70.0,10.0,0.31,0.29,4.0,80.0,1.69,1.57,22.0,13.0,79.0,1.0,48.0,2.0,60.0,49.0,85.0,57.0,66.0,,76.0,0.0,0.0,,59.0,0.85,0.79,11.0,36.0,0.54,0.5,7.0,0.0,76.0,97.0,40.0,78.0,78.0,21.0,0.02,0.02,0.22,82.33,42.0,73.0,43.0,39.93,559.0,77.0,52.23,48.5,679.0,13.0,0.08,0.07,1.0,,0.0,,,,,,,0.0,0.0,,94.23,0.0,,,0.0,0.0,,92,0.0,0.0,21.0,0.0,46.0,57.0,1.46,1.36,19.0,33.0,0.38,0.36,5.0,21.0,0.0,0.0,,22.0,0.38,0.36,0.0,0.0,5.0,49.0,1.46,1.36,99.0,0.0,0.0,,19.0,,,,,41.0,0.12,0.11,1.51,20.0,0.02,0.02,0.22,2026,2,0,0.15,2,0.3,0.0,0.15,2025-12-07 16:15:00,Domestic League,0,1170,65,585,84,605,565,1170,0,0,-1,3,110,-1,0,2025/2026,2025,1
France_Ligue_1_2025-2026,Saad Agouzoul,Auxerre,Defender,28,191,75,Morocco,0,0,0,0,0,0,0.0,1970-01-11,0,0.0,0,0,0,0,0,0,0,0.0,eu,,,,,,,,,,,,,,,,,,,,,,,,,,,,,,,,,,,,,,,,,,,,,,,,,,,,,,,,,,,,,,,,,,,,,,,,,,,,,,,,,,,,,,,,,,,,,,,,,,,,,,,,,,,,,,,,,,,,,,,,,,,,,,,,,,,,,,,,,,,,,,,,,,,,,,,,,,,,,,,,,,,,,,,,,,,,,,,,,,,,,,,2026,0,0,0.0,0,0.0,0.0,0.0,1970-01-01 00:00:00,Domestic League,0,0,0,0,0,0,0,0,0,0,-1,-1,-1,-1,0,2025/2026,2025,0
France_Ligue_1_2025-2026,Thelonius Bair,Auxerre,Forward,26,191,96,Canada,1,1,2,0,0,0,0.0,1970-01-11,0,0.0,0,1,1,50,0,0,0,0.0,eu,,33.0,0.0,0.0,,99.0,33.75,1.0,0.0,3.0,,1.0,50.0,0.0,4.46,6.0,31.0,0.0,0.0,,,,26.0,23.0,94.0,99.0,11.25,0.33,1.0,99.0,0.0,33.0,17.0,0.0,0.0,,3.0,8.0,,22.5,0.67,2.0,99.0,0.0,0.0,,9.0,0.0,0.0,11.0,0.0,0.0,0.0,11.0,,,99.0,56.25,1.67,5.0,99.0,33.75,1.0,60.0,3.0,7.0,0.0,0.0,,2.0,0.0,0.0,,,,2.0,63.0,,18.0,28.0,68.0,57.0,43.0,,76.0,0.0,0.0,,7.0,0.0,0.0,,7.0,0.0,0.0,,0.0,,23.0,,43.0,,10.0,0.0,0.0,0.0,75.0,17.0,53.0,33.75,1.0,3.0,63.0,45.0,1.33,4.0,99.0,0.0,0.0,,,0.0,,,,,,,0.0,0.0,,13.38,0.0,,,0.0,0.0,,9,0.0,0.0,21.0,0.0,46.0,,0.0,0.0,,10.0,0.0,0.0,,21.0,0.0,0.0,,8.0,0.0,0.0,0.0,0.0,,5.0,0.0,0.0,99.0,0.0,0.0,,,,,,,37.0,0.11,0.0,0.01,9.0,0.0,0.0,0.0,2026,0,0,0.0,0,0.0,0.0,0.0,1970-01-01 00:00:00,Domestic League,0,0,0,0,4,6,2,8,0,0,-1,24,-1,-1,0,2025/2026,2025,0
France_Ligue_1_2025-2026,Assane Dioussé El Hadji,Auxerre,Midfielder,28,175,68,Senegal,5,4,9,0,0,0,0.0,1970-01-11,1,0.61,0,2,2,22,4,1,5,3.06,eu,,99.0,60.81,7.14,100.0,81.0,1.82,0.21,0.0,3.0,800000.0,22.0,50.0,0.0,3.26,1.0,85.0,0.61,0.07,1.0,1.0,11.0,46.0,97.0,42.0,48.0,1.22,0.14,2.0,,2500.0,89.0,75.0,2.43,0.29,4.0,14.0,148.0,24.0,1.22,0.14,2.0,49.0,0.61,0.07,1.0,31.0,0.61,0.07,11.0,0.0,0.0,0.0,11.0,,1.0,73.0,10.34,1.21,17.0,49.0,4.26,0.5,41.0,7.0,99.0,3.65,0.43,6.0,85.0,1.82,0.21,3.0,1.0,,8.0,97.0,3.0,74.0,28.0,68.0,57.0,43.0,,76.0,0.0,0.0,,83.0,1.22,0.14,2.0,75.0,1.22,0.14,2.0,0.0,15.0,26.0,,43.0,,47.0,0.09,0.01,0.14,91.0,87.0,87.0,55.34,6.5,91.0,86.0,60.81,7.14,100.0,99.0,0.0,0.0,,,0.0,,,,,,,0.0,0.0,,45.69,0.0,,,0.0,0.0,,18,0.0,0.0,21.0,0.0,46.0,93.0,3.04,0.36,5.0,95.0,1.82,0.21,3.0,21.0,0.0,0.0,,76.0,1.82,0.21,0.0,0.0,3.0,17.0,0.61,0.07,99.0,0.0,0.0,,1.0,,,,,64.0,0.17,0.02,0.28,45.0,0.09,0.01,0.14,2026,0,0,0.0,0,0.0,0.0,0.0,2025-10-29 20:05:00,Domestic League,0,147,29,0,16,97,50,147,0,0,-1,16,-1,-1,0,2025/2026,2025,1
France_Ligue_1_2025-2026,Lasso Coulibaly,Auxerre,Midfielder,23,0,0,Ghana,5,4,9,0,0,0,0.0,2002-10-19,0,0.0,0,1,1,11,1,2,3,1.34,eu,,99.0,67.16,15.0,150.0,26.0,0.45,0.1,0.0,1.0,690000.0,17.0,50.0,0.0,5.99,27.0,78.0,0.45,0.1,1.0,,,26.0,23.0,10.0,2.0,0.0,0.0,,43.0,1500.0,77.0,90.0,4.48,1.0,10.0,10.0,201.0,34.0,0.9,0.2,2.0,60.0,0.45,0.1,1.0,99.0,5.82,1.3,99.0,4.03,0.9,69.0,87.0,9.0,13.0,99.0,17.46,3.9,39.0,99.0,11.19,2.5,64.0,25.0,99.0,3.13,0.7,7.0,99.0,4.03,0.9,9.0,1.0,,8.0,97.0,1.0,44.0,28.0,68.0,57.0,43.0,,76.0,0.0,0.0,,97.0,1.79,0.4,4.0,32.0,0.45,0.1,1.0,0.0,15.0,23.0,43.0,43.0,,21.0,0.02,0.0,0.04,79.1,30.0,29.0,23.73,5.3,53.0,28.0,30.0,6.7,67.0,99.0,0.0,0.0,,,0.0,,,,,,,0.0,0.0,,59.87,0.0,,,0.0,0.0,,21,0.0,0.0,21.0,0.0,46.0,48.0,1.34,0.3,3.0,39.0,0.45,0.1,1.0,21.0,0.0,0.0,,28.0,0.45,0.1,0.0,0.0,1.0,90.0,2.69,0.6,99.0,0.0,0.0,,6.0,,,,,14.0,0.07,0.01,0.15,20.0,0.02,0.0,0.04,2026,0,0,0.0,0,0.0,0.0,0.0,2025-11-01 20:05:00,Domestic League,0,0,67,0,22,103,98,201,0,0,-1,15,-1,-1,0,2025/2026,2025,0
France_Ligue_1_2025-2026,Fredrik Oppegård,Auxerre,Defender,23,175,0,Norway,4,7,11,0,0,0,0.0,2002-08-07,3,0.57,0,3,3,27,6,3,9,1.72,eu,,99.0,56.94,21.29,298.0,2.0,0.0,0.0,0.0,,410000.0,8.0,50.0,0.0,5.21,13.0,73.0,0.38,0.14,2.0,1.0,9.0,40.0,97.0,55.0,79.0,2.87,1.07,15.0,17.0,1241.67,71.0,91.0,4.59,1.71,24.0,14.0,471.0,69.0,0.38,0.14,2.0,99.0,0.0,0.0,,53.0,1.15,0.43,55.0,0.57,0.21,50.0,65.0,3.0,6.0,19.0,6.11,2.29,32.0,30.0,3.63,1.36,59.0,19.0,25.0,0.76,0.29,4.0,26.0,0.57,0.21,3.0,5.0,13.0,6.0,89.0,2.0,60.0,28.0,68.0,57.0,43.0,,76.0,0.0,0.0,,89.0,1.34,0.5,7.0,80.0,1.34,0.5,7.0,0.0,31.0,27.0,17.0,43.0,12.0,40.0,0.06,0.02,0.33,85.71,60.0,38.0,27.52,10.29,144.0,33.0,32.1,12.0,168.0,99.0,0.0,0.0,,,0.0,,,,,,,0.0,0.0,,72.93,0.0,,,0.0,0.0,,22,0.0,25.0,41.0,0.0,46.0,72.0,1.72,0.64,9.0,50.0,0.57,0.21,3.0,38.0,0.19,0.07,1.0,46.0,0.76,0.29,0.0,0.0,4.0,90.0,2.68,1.0,99.0,0.0,0.0,,14.0,,,,,32.0,0.1,0.04,0.5,39.0,0.06,0.02,0.33,2026,0,0,0.0,0,0.0,0.0,0.0,2025-12-07 16:15:00,Domestic League,0,157,52,0,43,214,257,471,0,0,-1,8,250,97,1,2025/2026,2025,2
France_Ligue_1_2025-2026,Lamine Sy,Auxerre,Midfielder,23,0,0,France,3,4,7,0,0,0,0.0,2002-08-10,0,0.0,0,1,1,14,3,1,4,1.18,eu,,58.0,14.71,3.57,50.0,37.0,0.59,0.14,0.0,2.0,450000.0,9.0,50.0,0.0,3.32,1.0,98.0,1.18,0.29,4.0,,,26.0,23.0,21.0,46.0,1.18,0.29,4.0,57.0,555.56,48.0,77.0,2.65,0.64,9.0,14.0,306.0,73.0,0.29,0.07,1.0,75.0,0.29,0.07,1.0,79.0,2.35,0.57,85.0,1.18,0.29,50.0,65.0,4.0,8.0,52.0,8.53,2.07,29.0,82.0,5.59,1.36,65.0,19.0,34.0,0.88,0.21,3.0,27.0,0.59,0.14,2.0,3.0,2.0,4.0,81.0,,18.0,28.0,68.0,57.0,43.0,,76.0,0.0,0.0,,92.0,1.47,0.36,5.0,73.0,1.18,0.29,4.0,0.0,6.0,23.0,58.0,43.0,,10.0,0.0,0.0,0.0,79.81,32.0,31.0,24.41,5.93,83.0,30.0,30.59,7.43,104.0,99.0,0.0,0.0,,,0.0,,,,,,,0.0,0.0,,46.54,0.0,,,0.0,0.0,,27,0.0,0.0,21.0,0.0,46.0,57.0,1.47,0.36,5.0,10.0,0.0,0.0,,21.0,0.0,0.0,,8.0,0.0,0.0,0.0,0.0,,97.0,3.24,0.79,99.0,0.0,0.0,,11.0,,,,,24.0,0.09,0.02,0.31,9.0,0.0,0.0,0.0,2026,0,0,0.0,0,0.0,0.0,0.0,2025-12-07 16:15:00,Domestic League,0,0,77,0,44,114,192,306,0,0,-1,13,244,-1,0,2025/2026,2025,0
France_Ligue_1_2025-2026,Rudy Matondo,Auxerre,Midfielder,55,0,0,,5,7,12,0,0,0,0.0,1970-01-01,3,0.61,0,2,2,17,2,2,4,0.81,eu,,69.0,20.32,6.67,100.0,38.0,0.61,0.2,0.0,3.0,225000.0,3.0,50.0,0.0,4.82,9.0,74.0,0.41,0.13,2.0,3.0,25.0,86.0,97.0,29.0,48.0,1.22,0.4,6.0,82.0,5000.0,97.0,38.0,0.41,0.13,2.0,15.0,443.0,51.0,0.61,0.2,3.0,6.0,1.42,0.47,7.0,38.0,0.81,0.27,40.0,0.41,0.13,50.0,65.0,2.0,4.0,62.0,9.55,3.13,47.0,57.0,4.47,1.47,46.0,22.0,87.0,1.83,0.6,9.0,72.0,1.42,0.47,7.0,4.0,7.0,8.0,97.0,2.0,60.0,28.0,68.0,57.0,43.0,,76.0,0.0,0.0,,83.0,1.22,0.4,6.0,18.0,0.2,0.07,1.0,0.0,44.0,26.0,81.0,43.0,8.0,26.0,0.03,0.01,0.16,88.95,78.0,46.0,31.08,10.2,153.0,41.0,34.94,11.47,172.0,99.0,0.0,0.0,,,0.0,,,,,,,0.0,0.0,,72.34,0.0,,,0.0,0.0,,34,0.0,50.0,87.0,0.0,46.0,26.0,1.02,0.33,5.0,19.0,0.2,0.07,1.0,40.0,0.2,0.07,1.0,25.0,0.41,0.13,0.0,0.0,2.0,69.0,1.83,0.6,99.0,0.0,0.0,,9.0,,,,,24.0,0.09,0.03,0.43,25.0,0.03,0.01,0.16,2026,0,0,0.0,0,0.0,0.0,0.0,2025-12-07 16:15:00,Domestic League,0,148,111,0,37,200,244,444,0,0,-1,12,251,-1,0,2025/2026,2025,3
France_Ligue_1_2025-2026,Théo De Percin,Auxerre,Goalkeeper,24,185,81,France,2,1,3,0,0,0,0.0,1970-01-12,0,0.0,0,0,0,0,2,2,4,1.6,eu,,33.0,0.0,0.0,,48.0,0.8,0.14,0.0,2.0,338000.0,6.0,50.0,0.0,1.4,,31.0,0.0,0.0,,,,26.0,23.0,2.0,30.0,0.8,0.14,2.0,23.0,0.0,33.0,17.0,0.0,0.0,,14.0,225.0,99.0,0.0,0.0,,99.0,0.0,0.0,,9.0,0.0,0.0,11.0,0.0,0.0,0.0,11.0,,,6.0,0.8,0.14,2.0,6.0,0.8,0.14,100.0,2.0,7.0,0.0,0.0,,17.0,0.4,0.07,1.0,2.0,,1.0,48.0,,18.0,28.0,68.0,57.0,43.0,,76.0,0.0,0.0,,7.0,0.0,0.0,,7.0,0.0,0.0,,0.0,,23.0,23.0,43.0,,10.0,0.0,0.0,0.0,51.9,,13.0,16.4,2.93,41.0,32.0,31.6,5.64,79.0,99.0,0.0,0.0,,,0.0,,,,,,71.0,0.4,0.07,1.0,19.54,63.64,43.0,67.0,2.8,0.5,7.0,40,0.0,0.0,21.0,0.0,46.0,98.0,4.4,0.79,11.0,10.0,0.0,0.0,,21.0,0.0,0.0,,8.0,0.0,0.0,0.0,0.0,,5.0,0.0,0.0,99.0,0.0,0.0,,,,,,,,0.03,0.01,0.08,9.0,0.0,0.0,0.0,2026,0,0,0.0,0,0.0,0.0,0.0,2025-09-13 19:05:00,Domestic League,0,0,56,0,75,135,90,225,0,0,-1,11,-1,-1,0,2025/2026,2025,0
France_Ligue_1_2025-2026,Ado Onaiwu,Auxerre,Forward,30,180,74,Japan,0,0,0,0,0,0,0.0,1970-01-10,0,0.0,0,0,0,0,0,0,0,0.0,eu,,,,,,,,,,,,,,,,,,,,,,,,,,,,,,,,,,,,,,,,,,,,,,,,,,,,,,,,,,,,,,,,,,,,,,,,,,,,,,,,,,,,,,,,,,,,,,,,,,,,,,,,,,,,,,,,,,,,,,,,,,,,,,,,,,,,,,,,,,,,,,,,,,,,,,,,,,,,,,,,,,,,,,,,,,,,,,,,,,,,,,,2026,0,0,0.0,0,0.0,0.0,0.0,1970-01-01 00:00:00,Domestic League,0,0,0,0,0,0,0,0,0,0,-1,-1,-1,-1,0,2025/2026,2025,0
France_Ligue_1_2025-2026,Igor Silva de Almeida,Lorient,Defender,29,173,66,Brazil,3,4,7,0,0,0,0.0,1970-01-10,1,0.15,0,1,1,14,5,7,12,1.85,eu,,60.0,15.41,7.69,100.0,53.0,0.92,0.46,0.0,6.0,1140000.0,38.0,50.0,0.0,3.59,2.0,67.0,0.31,0.15,2.0,1.0,14.0,60.0,44.0,21.0,77.0,2.77,1.38,18.0,10.0,625.0,50.0,76.0,2.47,1.23,16.0,13.0,584.0,99.0,0.0,0.0,,12.0,1.08,0.54,7.0,24.0,0.46,0.23,19.0,0.15,0.08,33.0,30.0,1.0,3.0,21.0,6.32,3.15,41.0,32.0,3.7,1.85,58.0,24.0,18.0,0.62,0.31,4.0,76.0,1.54,0.77,10.0,6.0,21.0,1.0,48.0,,18.0,49.0,68.0,75.0,66.0,,76.0,0.0,0.0,,93.0,1.54,0.77,10.0,60.0,0.92,0.46,6.0,0.0,6.0,80.0,11.0,77.0,21.0,61.0,0.14,0.07,0.92,88.42,76.0,64.0,38.84,19.38,252.0,62.0,43.92,21.92,285.0,99.0,0.0,0.0,,,0.0,,,,,,,0.0,0.0,,46.67,0.0,,,0.0,0.0,,2,0.0,20.0,31.0,20.0,87.0,83.0,2.0,1.0,13.0,52.0,0.62,0.31,4.0,34.0,0.15,0.08,1.0,47.0,0.77,0.38,0.0,5.0,5.0,33.0,1.08,0.54,99.0,0.0,0.0,,7.0,,,,,32.0,0.1,0.05,0.68,59.0,0.14,0.07,0.92,2026,0,1,0.15,1,0.0,0.25,0.15,2025-11-09 14:00:00,Domestic League,0,584,49,584,83,224,360,584,0,0,-1,8,114,105,0,2025/2026,2025,1
France_Ligue_1_2025-2026,Montassar Talbi,Lorient,Defender,27,190,81,Tunisia,7,8,15,0,0,0,0.0,1970-01-11,1,0.07,0,2,2,13,12,11,23,1.53,eu,,38.0,6.67,6.67,100.0,86.0,2.13,2.13,0.0,32.0,1360000.0,44.0,50.0,0.0,6.74,60.0,95.0,0.93,0.93,14.0,1.0,7.0,33.0,26.0,15.0,97.0,5.67,5.67,85.0,29.0,2500.0,89.0,30.0,0.27,0.27,4.0,15.0,1350.0,99.0,0.0,0.0,,26.0,0.8,0.8,12.0,16.0,0.2,0.2,17.0,0.13,0.13,66.0,87.0,2.0,3.0,23.0,6.4,6.4,96.0,36.0,3.8,3.8,59.0,57.0,9.0,0.27,0.27,4.0,33.0,0.67,0.67,10.0,15.0,96.0,,25.0,,18.0,28.0,68.0,57.0,43.0,,76.0,0.0,0.0,,52.0,0.73,0.73,11.0,24.0,0.27,0.27,4.0,0.0,91.0,99.0,29.0,43.0,96.0,21.0,0.02,0.02,0.27,89.75,82.0,68.0,40.87,40.87,613.0,65.0,45.53,45.53,683.0,99.0,0.0,0.0,,,0.0,,,,,,,0.0,0.0,,101.13,0.0,,,0.0,0.0,,3,0.0,0.0,21.0,0.0,46.0,76.0,1.8,1.8,27.0,34.0,0.4,0.4,6.0,21.0,0.0,0.0,,24.0,0.4,0.4,0.0,0.0,6.0,25.0,0.87,0.87,99.0,0.0,0.0,,13.0,,,,,24.0,0.09,0.09,1.35,20.0,0.02,0.02,0.27,2026,0,0,0.0,0,0.0,0.0,0.0,2025-12-07 19:45:00,Domestic League,0,1350,59,0,90,630,720,1350,0,0,-1,13,254,81,0,2025/2026,2025,1
France_Ligue_1_2025-2026,Formose Mendy,Lorient,Defender,24,191,75,Senegal,1,1,2,0,0,0,0.0,1970-01-12,1,0.66,0,1,1,50,1,0,1,0.66,eu,,33.0,0.0,0.0,,84.0,1.99,1.5,0.0,3.0,,1.0,50.0,0.0,6.88,76.0,31.0,0.0,0.0,,1.0,50.0,99.0,99.0,94.0,99.0,9.93,7.5,15.0,93.0,0.0,33.0,46.0,0.66,0.5,1.0,2.0,136.0,99.0,0.0,0.0,,8.0,1.32,1.0,2.0,9.0,0.0,0.0,11.0,0.0,0.0,0.0,11.0,,,66.0,9.93,7.5,15.0,85.0,5.96,4.5,60.0,9.0,64.0,1.32,1.0,2.0,90.0,1.99,1.5,3.0,2.0,,,25.0,2.0,60.0,28.0,68.0,57.0,43.0,,76.0,0.0,0.0,,99.0,1.99,1.5,3.0,7.0,0.0,0.0,,0.0,,25.0,93.0,43.0,,10.0,0.0,0.0,0.0,86.05,62.0,80.0,48.97,37.0,74.0,82.0,56.91,43.0,86.0,99.0,0.0,0.0,,,0.0,,,,,,,0.0,0.0,,13.77,0.0,,,0.0,0.0,,5,0.0,0.0,21.0,0.0,46.0,,0.0,0.0,,10.0,0.0,0.0,,21.0,0.0,0.0,,8.0,0.0,0.0,0.0,0.0,,74.0,1.99,1.5,99.0,0.0,0.0,,3.0,,,,,32.0,0.1,0.07,0.15,9.0,0.0,0.0,0.0,2026,0,0,0.0,0,0.0,0.0,0.0,2025-08-24 13:00:00,Domestic League,0,136,136,0,68,90,46,136,0,0,-1,14,-1,-1,0,2025/2026,2025,1
France_Ligue_1_2025-2026,Laurent Abergel,Lorient,Midfielder,32,170,65,France,6,8,14,0,0,0,0.0,1970-01-09,5,0.37,0,2,2,14,12,10,22,1.63,eu,,49.0,11.08,10.71,150.0,46.0,0.74,0.71,0.0,10.0,2730000.0,72.0,50.0,0.0,6.75,63.0,31.0,0.0,0.0,,5.0,36.0,97.0,84.0,21.0,62.0,1.77,1.71,24.0,21.0,3750.0,93.0,31.0,0.3,0.29,4.0,14.0,1218.0,54.0,0.59,0.57,8.0,17.0,0.96,0.93,13.0,43.0,0.89,0.86,39.0,0.37,0.36,41.0,45.0,5.0,12.0,32.0,7.09,6.86,96.0,23.0,3.4,3.29,47.0,46.0,60.0,1.26,1.21,17.0,39.0,0.81,0.79,11.0,14.0,89.0,,25.0,10.0,99.0,33.0,68.0,59.0,48.0,,76.0,0.0,0.0,,67.0,0.96,0.93,13.0,47.0,0.74,0.71,10.0,0.0,76.0,40.0,21.0,97.0,83.0,51.0,0.1,0.1,1.41,87.33,70.0,83.0,51.95,50.21,703.0,85.0,59.48,57.5,805.0,17.0,0.07,0.07,1.0,,0.0,,,,,,,0.0,0.0,,94.53,0.0,,,0.0,0.0,,6,0.0,27.27,43.0,9.09,55.0,79.0,1.85,1.79,25.0,51.0,0.59,0.57,8.0,45.0,0.22,0.21,3.0,49.0,0.81,0.79,0.0,11.0,11.0,53.0,1.55,1.5,99.0,0.0,0.0,,21.0,,,,,60.0,0.16,0.15,2.13,49.0,0.1,0.1,1.41,2026,0,1,0.07,1,0.0,0.13,0.07,2025-12-07 19:45:00,Domestic League,0,244,55,1218,87,528,690,1218,0,0,-1,10,163,-1,0,2025/2026,2025,5
France_Ligue_1_2025-2026,Muhamad Bamba,Lorient,Midfielder,24,0,0,Ivory Coast,7,6,13,0,1,1,0.15,2001-12-10,2,0.3,0,1,1,8,5,6,11,1.67,eu,,60.0,15.18,6.67,100.0,81.0,1.82,0.8,0.0,12.0,350000.0,6.0,76.0,0.08,5.71,19.0,31.0,0.0,0.0,,2.0,15.0,65.0,76.0,6.0,33.0,0.91,0.4,6.0,20.0,3333.33,92.0,40.0,0.46,0.2,3.0,15.0,593.0,63.0,0.46,0.2,3.0,74.0,0.3,0.13,2.0,31.0,0.61,0.27,32.0,0.3,0.13,50.0,65.0,2.0,4.0,74.0,10.47,4.6,69.0,31.0,3.64,1.6,34.0,24.0,91.0,1.97,0.87,13.0,63.0,1.21,0.53,8.0,7.0,29.0,6.0,89.0,9.0,99.0,69.0,68.0,79.0,66.0,,93.0,0.15,0.07,1.0,13.0,0.15,0.07,1.0,49.0,0.76,0.33,5.0,0.0,57.0,48.0,20.0,78.0,22.0,54.0,0.11,0.05,0.74,72.48,10.0,6.0,11.99,5.27,79.0,6.0,16.54,7.27,109.0,99.0,0.0,0.0,,1.0,0.0,,,,1.0,,,0.0,0.0,,85.61,0.0,,,0.0,0.0,,9,0.0,50.0,87.0,10.0,58.0,87.0,2.12,0.93,14.0,61.0,0.76,0.33,5.0,79.0,0.76,0.33,5.0,70.0,1.52,0.67,0.0,10.0,10.0,14.0,0.46,0.2,99.0,0.0,0.0,,3.0,,,,,50.0,0.14,0.06,0.92,70.0,0.22,0.1,1.44,2026,0,1,0.3,1,0.0,0.33,0.15,2025-11-02 16:15:00,Domestic League,593,297,54,593,46,324,269,593,0,0,-1,9,112,-1,0,2025/2026,2025,2
France_Ligue_1_2025-2026,Pablo Pagis,Lorient,Forward,22,181,70,France,5,7,12,0,0,0,0.0,2002-12-29,1,0.14,0,2,2,17,7,5,12,1.68,eu,,97.0,45.7,25.15,327.0,44.0,0.7,0.38,0.0,5.0,910000.0,29.0,50.0,0.0,6.5,47.0,46.0,0.14,0.08,1.0,1.0,8.0,40.0,41.0,29.0,44.0,1.12,0.62,8.0,19.0,1308.0,73.0,85.0,3.49,1.92,25.0,13.0,644.0,32.0,0.98,0.54,7.0,34.0,0.7,0.38,5.0,80.0,2.38,1.31,83.0,1.12,0.62,47.0,55.0,8.0,17.0,68.0,10.06,5.54,72.0,22.0,3.35,1.85,33.0,24.0,85.0,1.68,0.92,12.0,48.0,0.98,0.54,7.0,8.0,36.0,4.0,81.0,5.0,94.0,95.0,68.0,99.0,98.0,,92.0,0.14,0.08,1.0,77.0,1.12,0.62,8.0,81.0,1.4,0.77,10.0,0.0,44.0,85.0,20.0,45.0,27.0,97.0,0.53,0.29,3.81,73.11,11.0,25.0,21.66,11.92,155.0,28.0,29.63,16.31,212.0,99.0,0.0,0.0,,,0.0,1.0,,,1.0,,,0.0,0.0,,84.48,0.0,,,0.0,0.0,,10,0.0,52.94,89.0,29.41,94.0,77.0,1.82,1.0,13.0,76.0,1.12,0.62,8.0,94.0,1.26,0.69,9.0,88.0,2.38,1.31,0.0,3.4,17.0,16.0,0.56,0.31,99.0,0.0,0.0,,4.0,,,8.0,1.0,37.0,0.11,0.06,0.81,98.0,0.63,0.35,4.51,2026,0,5,0.7,5,0.0,1.14,0.7,2025-12-07 19:45:00,Domestic League,0,643,54,129,54,247,396,643,1,0,100,1,7,-1,0,2025/2026,2025,1
France_Ligue_1_2025-2026,Oluwatosin Aiyegun,Lorient,Forward,27,179,75,Benin,7,7,14,0,0,0,0.0,1970-01-11,1,0.13,0,2,2,14,5,4,9,1.14,eu,,33.0,0.0,0.0,,30.0,0.5,0.27,0.0,4.0,,1.0,50.0,0.0,6.19,34.0,31.0,0.0,0.0,,1.0,7.0,33.0,37.0,21.0,25.0,0.63,0.33,5.0,60.0,0.0,33.0,41.0,0.5,0.27,4.0,15.0,713.0,30.0,1.01,0.53,8.0,78.0,0.25,0.13,2.0,87.0,2.78,1.47,80.0,1.01,0.53,36.0,35.0,8.0,22.0,41.0,7.83,4.13,62.0,17.0,3.16,1.67,40.0,25.0,39.0,1.01,0.53,8.0,59.0,1.14,0.6,9.0,9.0,46.0,5.0,85.0,6.0,97.0,75.0,81.0,93.0,90.0,,89.0,0.13,0.07,1.0,11.0,0.13,0.07,1.0,64.0,1.01,0.53,8.0,0.0,76.0,88.0,60.0,54.0,34.0,87.0,0.34,0.18,2.73,77.34,23.0,7.0,12.5,6.6,99.0,5.0,16.16,8.53,128.0,99.0,0.0,0.0,,1.0,0.0,,,,1.0,,,0.0,0.0,,92.92,0.0,,,0.0,0.0,,15,0.0,50.0,87.0,16.67,79.0,33.0,1.14,0.6,9.0,77.0,1.14,0.6,9.0,92.0,1.14,0.6,9.0,85.0,2.27,1.2,0.0,6.0,18.0,15.0,0.5,0.27,99.0,0.0,0.0,,4.0,,,,,11.0,0.06,0.03,0.45,91.0,0.43,0.23,3.43,2026,1,2,0.38,3,0.23,0.57,0.38,2025-11-23 16:15:00,Domestic League,0,712,79,237,51,398,314,712,0,0,-1,3,34,-1,0,2025/2026,2025,1
France_Ligue_1_2025-2026,Bingourou Kamara,Lorient,Goalkeeper,29,195,84,France,1,2,3,0,0,0,0.0,1970-01-10,0,0.0,0,1,1,33,1,5,6,2.0,eu,,33.0,0.0,0.0,,2.0,0.0,0.0,0.0,,910000.0,29.0,50.0,0.0,1.27,,31.0,0.0,0.0,,,,26.0,23.0,73.0,27.0,0.67,0.13,2.0,6.0,0.0,33.0,17.0,0.0,0.0,,15.0,270.0,99.0,0.0,0.0,,99.0,0.0,0.0,,9.0,0.0,0.0,11.0,0.0,0.0,0.0,11.0,,,1.0,0.33,0.07,1.0,2.0,0.33,0.07,100.0,1.0,7.0,0.0,0.0,,13.0,0.33,0.07,1.0,3.0,2.0,,25.0,,18.0,28.0,68.0,57.0,43.0,,76.0,0.0,0.0,,7.0,0.0,0.0,,7.0,0.0,0.0,,0.0,,23.0,6.0,43.0,,10.0,0.0,0.0,0.0,79.1,30.0,15.0,17.67,3.53,53.0,14.0,22.33,4.47,67.0,99.0,0.0,0.0,,,0.0,,,,,,,0.0,0.0,,19.1,50.0,,52.0,2.67,0.53,8.0,21,0.0,0.0,21.0,0.0,46.0,99.0,5.33,1.07,16.0,10.0,0.0,0.0,,21.0,0.0,0.0,,8.0,0.0,0.0,0.0,0.0,,5.0,0.0,0.0,99.0,0.0,0.0,,,,,,,,0.03,0.01,0.1,9.0,0.0,0.0,0.0,2026,0,0,0.0,0,0.0,0.0,0.0,2025-08-30 15:00:00,Domestic League,0,0,45,0,90,90,180,270,0,0,-1,11,-1,-1,0,2025/2026,2025,0
France_Ligue_1_2025-2026,Kan Guy Arsu00e8ne Kouassi,Lorient,Midfielder,0,0,0,Ivory Coast,7,8,15,0,4,4,0.28,1970-01-01,2,0.14,0,2,2,13,11,9,20,1.41,eu,,90.0,32.02,30.27,454.0,23.0,0.42,0.4,0.0,6.0,640000.0,15.0,92.0,0.27,7.03,87.0,33.0,0.07,0.07,1.0,2.0,13.0,54.0,41.0,15.0,61.0,1.69,1.6,24.0,36.0,639.44,51.0,94.0,5.01,4.73,71.0,15.0,1276.0,65.0,0.42,0.4,6.0,83.0,0.21,0.2,3.0,89.0,2.96,2.8,94.0,1.41,1.33,47.0,56.0,20.0,42.0,41.0,7.83,7.4,111.0,63.0,4.66,4.4,59.0,66.0,18.0,0.63,0.6,9.0,83.0,1.76,1.67,25.0,14.0,89.0,1.0,48.0,1.0,44.0,73.0,68.0,59.0,48.0,,78.0,0.07,0.07,1.0,69.0,0.99,0.93,14.0,74.0,1.2,1.13,17.0,0.0,91.0,85.0,37.0,99.0,91.0,40.0,0.06,0.06,0.87,87.07,69.0,32.0,25.18,23.8,357.0,26.0,28.92,27.33,410.0,99.0,0.0,0.0,,,0.0,,1.0,,,,,0.0,0.0,,105.48,0.0,,,0.0,0.0,,43,0.0,25.0,41.0,25.0,91.0,64.0,1.55,1.47,22.0,20.0,0.21,0.2,3.0,23.0,0.07,0.07,1.0,18.0,0.28,0.27,0.0,4.0,4.0,32.0,1.06,1.0,99.0,0.0,0.0,,15.0,,,,,86.0,0.26,0.25,3.69,39.0,0.06,0.06,0.87,2026,0,1,0.35,1,0.0,0.13,0.07,2025-12-07 19:45:00,Domestic League,319,638,64,1276,85,588,688,1276,0,0,-1,5,162,-1,0,2025/2026,2025,2
France_Ligue_1_2025-2026,Arthur Ebong Avom,Lorient,Midfielder,20,0,0,Cameroon,7,8,15,0,1,1,0.08,2004-12-15,3,0.23,0,2,2,13,7,9,16,1.22,eu,,79.0,23.97,20.93,314.0,33.0,0.53,0.47,0.0,7.0,550000.0,11.0,58.0,0.07,7.1,91.0,37.0,0.08,0.07,1.0,3.0,20.0,77.0,65.0,15.0,28.0,0.69,0.6,9.0,52.0,1121.43,69.0,72.0,2.14,1.87,28.0,15.0,1179.0,29.0,1.07,0.93,14.0,23.0,0.84,0.73,11.0,75.0,2.06,1.8,89.0,1.3,1.13,62.0,80.0,17.0,27.0,71.0,10.23,8.93,134.0,88.0,6.11,5.33,59.0,80.0,36.0,0.92,0.8,12.0,89.0,1.98,1.73,26.0,13.0,79.0,2.0,63.0,4.0,87.0,49.0,68.0,62.0,52.0,,76.0,0.0,0.0,,91.0,1.45,1.27,19.0,85.0,1.53,1.33,20.0,0.0,91.0,59.0,53.0,95.0,79.0,36.0,0.05,0.04,0.65,85.69,59.0,74.0,43.44,37.93,569.0,74.0,50.69,44.27,664.0,13.0,0.08,0.07,1.0,,0.0,,1.0,,,,,0.0,0.0,,106.5,0.0,,,0.0,0.0,,62,0.0,7.14,21.0,0.0,46.0,44.0,1.3,1.13,17.0,71.0,0.99,0.87,13.0,24.0,0.08,0.07,1.0,57.0,1.07,0.93,0.0,0.0,14.0,89.0,2.52,2.2,99.0,0.0,0.0,,33.0,,,,,75.0,0.2,0.17,2.59,35.0,0.05,0.04,0.65,2026,0,1,0.15,1,0.0,0.14,0.08,2025-12-07 19:45:00,Domestic League,1179,393,74,1179,79,543,636,1179,0,0,-1,7,159,-1,0,2025/2026,2025,3
France_Ligue_1_2025-2026,Joel Mugisha Mvuka,Lorient,Forward,23,173,65,Norway,5,7,12,0,0,0,0.0,2002-11-12,0,0.0,0,1,1,8,6,8,14,2.86,eu,,70.0,20.41,6.67,100.0,11.0,0.2,0.07,0.0,1.0,1020000.0,33.0,50.0,0.0,5.28,14.0,56.0,0.2,0.07,1.0,,,26.0,23.0,6.0,63.0,1.84,0.6,9.0,,909.09,61.0,74.0,2.24,0.73,11.0,15.0,441.0,67.0,0.41,0.13,2.0,85.0,0.2,0.07,1.0,87.0,2.86,0.93,81.0,1.02,0.33,35.0,33.0,5.0,14.0,83.0,11.84,3.87,58.0,96.0,7.14,2.33,60.0,35.0,29.0,0.82,0.27,4.0,90.0,2.04,0.67,10.0,4.0,7.0,8.0,97.0,4.0,87.0,28.0,68.0,57.0,43.0,,76.0,0.0,0.0,,83.0,1.22,0.4,6.0,41.0,0.61,0.2,3.0,0.0,44.0,23.0,,43.0,8.0,43.0,0.07,0.02,0.34,76.47,21.0,17.0,18.57,6.07,91.0,18.0,24.29,7.93,119.0,99.0,0.0,0.0,,,0.0,,,,,,,0.0,0.0,,79.22,0.0,,,0.0,0.0,,93,0.0,20.0,31.0,0.0,46.0,93.0,3.27,1.07,16.0,64.0,0.82,0.27,4.0,40.0,0.2,0.07,1.0,55.0,1.02,0.33,0.0,0.0,5.0,99.0,3.88,1.27,99.0,0.0,0.0,,19.0,,,,,14.0,0.07,0.02,0.34,41.0,0.07,0.02,0.34,2026,0,0,0.0,0,0.0,0.0,0.0,2025-11-09 14:00:00,Domestic League,0,0,31,0,37,183,257,440,0,0,-1,12,261,-1,0,2025/2026,2025,0
France_Ligue_1_2025-2026,Benjamin Leroy,Lorient,Goalkeeper,36,184,74,France,0,0,0,0,0,0,0.0,1970-01-08,0,0.0,0,0,0,0,0,0,0,0.0,eu,,,,,,,,,,,,,,,,,,,,,,,,,,,,,,,,,,,,,,,,,,,,,,,,,,,,,,,,,,,,,,,,,,,,,,,,,,,,,,,,,,,,,,,,,,,,,,,,,,,,,,,,,,,,,,,,,,,,,,,,,,,,,,,,,,,,,,,,,,,,,,,,,,,,,,,,,,,,,,,,,,,,,,,,,,,,,,,,,,,,,,,2026,0,0,0.0,0,0.0,0.0,0.0,1970-01-01 00:00:00,Domestic League,0,0,0,0,0,0,0,0,0,0,-1,-1,-1,-1,0,2025/2026,2025,0
France_Ligue_1_2025-2026,Théo Le Bris,Lorient,Midfielder,23,170,52,France,6,8,14,0,1,1,0.11,2002-10-01,0,0.0,0,2,2,14,6,4,10,1.08,eu,,68.0,19.78,13.14,184.0,13.0,0.22,0.14,0.0,2.0,800000.0,22.0,66.0,0.07,6.92,80.0,31.0,0.0,0.0,,,,26.0,23.0,21.0,63.0,1.83,1.21,17.0,65.0,497.3,44.0,87.0,3.98,2.64,37.0,14.0,837.0,85.0,0.11,0.07,1.0,82.0,0.22,0.14,2.0,49.0,1.08,0.71,44.0,0.43,0.29,40.0,43.0,4.0,10.0,12.0,5.27,3.5,49.0,18.0,3.23,2.14,61.0,30.0,19.0,0.65,0.43,6.0,13.0,0.32,0.21,3.0,9.0,46.0,5.0,85.0,5.0,94.0,70.0,68.0,89.0,74.0,,76.0,0.0,0.0,,30.0,0.43,0.29,4.0,67.0,1.08,0.71,10.0,0.0,76.0,23.0,66.0,70.0,47.0,74.0,0.23,0.15,2.12,87.46,70.0,37.0,26.99,17.93,251.0,31.0,30.86,20.5,287.0,99.0,0.0,0.0,,,0.0,,,,,,,0.0,0.0,,96.85,0.0,,,0.0,0.0,,11,0.0,45.45,78.0,18.18,82.0,61.0,1.51,1.0,14.0,55.0,0.65,0.43,6.0,72.0,0.54,0.36,5.0,62.0,1.18,0.79,0.0,5.5,11.0,85.0,2.37,1.57,99.0,0.0,0.0,,22.0,,,,,60.0,0.16,0.11,1.52,71.0,0.23,0.15,2.12,2026,0,2,0.32,2,0.0,0.46,0.22,2025-12-07 19:45:00,Domestic League,837,0,84,419,60,447,390,837,0,0,-1,4,88,-1,0,2025/2026,2025,0
France_Ligue_1_2025-2026,Jean-Victor Makengo,Lorient,Midfielder,27,177,73,France,6,6,12,0,1,1,0.17,1970-01-11,0,0.0,0,1,1,8,8,3,11,1.82,eu,,91.0,33.03,14.29,200.0,42.0,0.66,0.29,0.0,4.0,2050000.0,60.0,78.0,0.08,5.81,23.0,50.0,0.17,0.07,1.0,,,26.0,23.0,6.0,45.0,1.16,0.5,7.0,12.0,2857.14,89.0,59.0,1.16,0.5,7.0,14.0,545.0,38.0,0.83,0.36,5.0,58.0,0.5,0.21,3.0,84.0,2.64,1.14,90.0,1.32,0.57,50.0,65.0,8.0,16.0,76.0,10.73,4.64,65.0,83.0,5.61,2.43,52.0,34.0,30.0,0.83,0.36,5.0,92.0,2.15,0.93,13.0,6.0,21.0,6.0,89.0,9.0,99.0,71.0,68.0,79.0,67.0,,95.0,0.17,0.07,1.0,36.0,0.5,0.21,3.0,80.0,1.32,0.57,8.0,0.0,44.0,23.0,13.0,77.0,18.0,70.0,0.2,0.09,1.22,82.49,43.0,30.0,24.11,10.43,146.0,26.0,29.23,12.64,177.0,99.0,0.0,0.0,,,0.0,,,,,,,0.0,0.0,,81.31,0.0,,,0.0,0.0,,17,0.0,37.5,64.0,0.0,46.0,88.0,2.15,0.93,13.0,91.0,1.65,0.71,10.0,87.0,0.99,0.43,6.0,93.0,2.64,1.14,0.0,0.0,16.0,51.0,1.49,0.64,99.0,0.0,0.0,,9.0,,,,,75.0,0.2,0.08,1.19,67.0,0.2,0.09,1.22,2026,0,1,0.33,1,0.0,0.33,0.17,2025-12-07 19:45:00,Domestic League,545,0,50,545,45,270,275,545,0,0,-1,6,105,-1,0,2025/2026,2025,0
France_Ligue_1_2025-2026,Sambou Soumano,Lorient,Midfielder,0,0,0,France,7,8,15,0,2,2,0.3,1970-01-01,2,0.3,0,2,2,13,5,4,9,1.36,eu,,33.0,0.0,0.0,,94.0,2.86,1.27,0.0,19.0,1020000.0,33.0,94.0,0.13,6.36,41.0,31.0,0.0,0.0,,2.0,13.0,54.0,76.0,15.0,53.0,1.35,0.6,9.0,41.0,0.0,33.0,17.0,0.0,0.0,,15.0,598.0,1.0,2.26,1.0,15.0,86.0,0.15,0.07,1.0,43.0,0.9,0.4,47.0,0.45,0.2,50.0,65.0,3.0,6.0,95.0,13.85,6.13,92.0,85.0,5.87,2.6,42.0,39.0,90.0,1.96,0.87,13.0,93.0,2.26,1.0,15.0,6.0,21.0,9.0,99.0,8.0,98.0,98.0,68.0,98.0,97.0,,76.0,0.0,0.0,,32.0,0.45,0.2,3.0,58.0,0.9,0.4,6.0,0.0,91.0,48.0,42.0,47.0,22.0,96.0,0.52,0.23,3.44,73.15,12.0,5.0,11.89,5.27,79.0,6.0,16.25,7.2,108.0,99.0,0.0,0.0,,1.0,0.0,,,,1.0,,,0.0,0.0,,95.47,0.0,,,0.0,0.0,,28,0.0,40.91,71.0,18.18,82.0,61.0,1.51,0.67,10.0,97.0,1.96,0.87,13.0,96.0,1.35,0.6,9.0,97.0,3.31,1.47,0.0,5.5,22.0,13.0,0.45,0.2,99.0,0.0,0.0,,3.0,,,7.0,1.0,79.0,0.23,0.1,1.54,97.0,0.62,0.28,4.14,2026,0,4,0.9,4,0.0,1.06,0.6,2025-12-07 19:45:00,Domestic League,299,299,66,149,40,256,341,597,0,0,-1,2,14,-1,0,2025/2026,2025,2
France_Ligue_1_2025-2026,Karim Dermane,Lorient,Midfielder,0,0,0,Netherlands,6,7,13,1,0,1,0.12,1970-01-01,3,0.36,0,2,2,15,6,7,13,1.55,eu,,33.0,0.0,0.0,,5.0,0.12,0.08,0.0,1.0,550000.0,11.0,67.0,0.08,6.73,58.0,62.0,0.24,0.15,2.0,3.0,23.0,82.0,84.0,24.0,7.0,0.24,0.15,2.0,27.0,0.0,33.0,57.0,1.07,0.69,9.0,13.0,754.0,14.0,1.55,1.0,13.0,18.0,0.95,0.62,8.0,80.0,2.39,1.54,77.0,0.95,0.62,40.0,43.0,8.0,20.0,84.0,11.94,7.69,100.0,74.0,5.25,3.38,44.0,44.0,70.0,1.43,0.92,12.0,96.0,2.51,1.62,21.0,9.0,46.0,4.0,81.0,4.0,87.0,44.0,68.0,57.0,43.0,,87.0,0.12,0.08,1.0,51.0,0.72,0.46,6.0,62.0,0.95,0.62,8.0,0.0,57.0,40.0,27.0,43.0,38.0,36.0,0.05,0.03,0.44,84.5,52.0,37.0,27.33,17.62,229.0,34.0,32.35,20.85,271.0,99.0,0.0,0.0,,,0.0,,1.0,,,,,0.0,0.0,,87.46,0.0,,,0.0,0.0,,29,0.0,11.11,22.0,0.0,46.0,75.0,1.79,1.15,15.0,70.0,0.95,0.62,8.0,30.0,0.12,0.08,1.0,57.0,1.07,0.69,0.0,0.0,9.0,67.0,1.79,1.15,99.0,0.0,0.0,,15.0,,,,,64.0,0.17,0.11,1.4,35.0,0.05,0.03,0.44,2026,0,0,0.12,0,0.0,0.0,0.0,2025-11-23 16:15:00,Domestic League,754,251,58,0,58,342,412,754,0,0,-1,15,300,-1,0,2025/2026,2025,3
France_Ligue_1_2025-2026,Darlin Zidane Yongwa Ngameni,Lorient,Forward,25,177,0,Cameroon,6,7,13,0,0,0,0.0,1970-01-12,4,0.51,0,2,2,15,5,5,10,1.29,eu,,59.0,14.91,8.92,116.0,63.0,1.16,0.69,0.0,9.0,800000.0,22.0,50.0,0.0,6.39,42.0,44.0,0.13,0.08,1.0,2.0,15.0,65.0,95.0,24.0,71.0,2.44,1.46,19.0,45.0,892.31,60.0,67.0,1.67,1.0,13.0,13.0,700.0,30.0,1.03,0.62,8.0,10.0,1.16,0.69,9.0,71.0,1.8,1.08,69.0,0.77,0.46,42.0,48.0,6.0,14.0,77.0,10.8,6.46,84.0,78.0,5.4,3.23,50.0,42.0,40.0,1.03,0.62,8.0,85.0,1.8,1.08,14.0,8.0,36.0,5.0,85.0,,18.0,28.0,68.0,57.0,43.0,,76.0,0.0,0.0,,79.0,1.16,0.69,9.0,43.0,0.64,0.38,5.0,0.0,57.0,29.0,46.0,43.0,34.0,32.0,0.04,0.03,0.34,80.43,34.0,64.0,38.57,23.08,300.0,70.0,47.96,28.69,373.0,6.0,0.13,0.08,1.0,,0.0,,1.0,,,,,0.0,0.0,,83.09,0.0,,,0.0,0.0,,44,0.0,20.0,31.0,0.0,46.0,69.0,1.67,1.0,13.0,45.0,0.51,0.31,4.0,30.0,0.13,0.08,1.0,39.0,0.64,0.38,0.0,0.0,5.0,60.0,1.67,1.0,99.0,0.0,0.0,,13.0,,,,,41.0,0.12,0.07,0.96,30.0,0.04,0.03,0.34,2026,0,0,0.0,0,0.0,0.0,0.0,2025-12-07 19:45:00,Domestic League,0,175,70,0,54,308,392,700,0,0,-1,16,301,-1,1,2025/2026,2025,3
France_Ligue_1_2025-2026,Panos Katseris,Lorient,Midfielder,24,0,0,Greece,1,2,3,0,0,0,0.0,1970-01-12,1,0.69,0,1,1,33,0,0,0,0.0,eu,,64.0,18.0,8.67,26.0,44.0,0.69,0.33,0.0,1.0,1020000.0,33.0,50.0,0.0,6.87,74.0,31.0,0.0,0.0,,1.0,33.0,95.0,99.0,73.0,54.0,1.38,0.67,2.0,99.0,236.36,34.0,99.0,7.62,3.67,11.0,3.0,130.0,47.0,0.69,0.33,1.0,7.0,1.38,0.67,2.0,96.0,4.15,2.0,65.0,0.69,0.33,16.0,12.0,1.0,6.0,95.0,13.85,6.67,20.0,82.0,5.54,2.67,40.0,8.0,67.0,1.38,0.67,2.0,99.0,3.46,1.67,5.0,2.0,,1.0,48.0,3.0,74.0,28.0,68.0,57.0,43.0,,76.0,0.0,0.0,,99.0,3.46,1.67,5.0,95.0,2.08,1.0,3.0,0.0,,24.0,,43.0,,62.0,0.15,0.07,0.21,82.46,42.0,49.0,32.54,15.67,47.0,51.0,39.46,19.0,57.0,99.0,0.0,0.0,,,0.0,,,,,,,0.0,0.0,,20.6,0.0,,,0.0,0.0,,77,0.0,33.33,57.0,0.0,46.0,,0.0,0.0,,86.0,1.38,0.67,2.0,76.0,0.69,0.33,1.0,81.0,2.08,1.0,0.0,0.0,3.0,19.0,0.69,0.33,99.0,0.0,0.0,,1.0,,,,,54.0,0.15,0.07,0.22,61.0,0.15,0.07,0.21,2026,0,0,0.0,0,0.0,0.0,0.0,2025-08-30 15:00:00,Domestic League,0,130,0,0,43,25,105,130,0,0,-1,17,-1,-1,0,2025/2026,2025,1
France_Ligue_1_2025-2026,Anthony Lopes,Nantes,Goalkeeper,35,184,81,Portugal,7,8,15,0,0,0,0.0,1970-01-08,2,0.13,1,1,2,13,11,13,24,1.6,eu,,33.0,0.0,0.0,,45.0,0.73,0.73,0.0,11.0,4550000.0,89.0,50.0,0.0,7.08,89.0,31.0,0.0,0.0,,2.0,13.0,54.0,37.0,15.0,54.0,1.47,1.47,22.0,23.0,0.0,33.0,17.0,0.0,0.0,,15.0,1349.0,87.0,0.07,0.07,1.0,92.0,0.07,0.07,1.0,10.0,0.07,0.07,14.0,0.07,0.07,100.0,99.0,1.0,1.0,7.0,1.13,1.13,17.0,7.0,1.0,1.0,88.0,15.0,7.0,0.0,0.0,,23.0,0.53,0.53,8.0,15.0,96.0,,25.0,1.0,44.0,28.0,68.0,57.0,43.0,,76.0,0.0,0.0,,8.0,0.07,0.07,1.0,7.0,0.0,0.0,,0.0,91.0,87.0,23.0,43.0,94.0,16.0,0.01,0.01,0.15,76.19,21.0,35.0,25.62,25.6,384.0,37.0,33.62,33.6,504.0,99.0,0.0,0.0,,,0.0,,,,,,71.0,0.4,0.4,6.0,106.16,68.67,71.0,90.0,3.8,3.8,57.0,1,0.0,100.0,99.0,0.0,46.0,99.0,5.54,5.53,83.0,10.0,0.0,0.0,,23.0,0.07,0.07,1.0,9.0,0.07,0.07,0.0,0.0,1.0,6.0,0.07,0.07,99.0,0.0,0.0,,1.0,,,,,8.0,0.05,0.05,0.68,16.0,0.01,0.01,0.15,2026,0,0,0.0,0,0.0,0.0,0.0,2025-12-12 19:45:00,Domestic League,0,675,56,0,90,630,719,1349,0,0,-1,23,302,90,0,2025/2026,2025,2
France_Ligue_1_2025-2026,Nicolas Louis Marcel Cozza,Nantes,Defender,26,178,72,France,5,7,12,0,0,0,0.0,1970-01-11,0,0.0,1,1,2,17,5,8,13,1.4,eu,,35.0,3.55,2.06,33.0,56.0,0.97,0.56,0.0,9.0,2730000.0,72.0,50.0,0.0,4.44,6.0,68.0,0.32,0.19,3.0,,,26.0,23.0,29.0,83.0,3.44,2.0,32.0,37.0,275.0,35.0,61.0,1.29,0.75,12.0,16.0,837.0,72.0,0.32,0.19,3.0,21.0,0.86,0.5,8.0,59.0,1.29,0.75,63.0,0.65,0.38,50.0,65.0,6.0,12.0,24.0,6.45,3.75,60.0,15.0,2.9,1.69,45.0,27.0,25.0,0.75,0.44,7.0,32.0,0.65,0.38,6.0,9.0,46.0,3.0,72.0,1.0,44.0,28.0,68.0,57.0,43.0,,76.0,0.0,0.0,,61.0,0.86,0.5,8.0,31.0,0.43,0.25,4.0,0.0,44.0,23.0,37.0,43.0,47.0,21.0,0.02,0.01,0.21,72.99,11.0,25.0,21.51,12.5,200.0,27.0,29.46,17.12,274.0,99.0,0.0,0.0,,,0.0,,,,,,,0.0,0.0,,71.1,0.0,,,0.0,0.0,,3,0.0,33.33,57.0,0.0,46.0,61.0,1.51,0.88,14.0,21.0,0.22,0.12,2.0,28.0,0.11,0.06,1.0,20.0,0.32,0.19,0.0,0.0,3.0,24.0,0.86,0.5,99.0,0.0,0.0,,8.0,,,,,8.0,0.05,0.03,0.5,20.0,0.02,0.01,0.21,2026,0,0,0.0,0,0.0,0.0,0.0,2025-12-06 16:00:00,Domestic League,0,0,64,0,70,283,554,837,0,0,-1,22,303,74,0,2025/2026,2025,0
France_Ligue_1_2025-2026,Hyeok-Kyu Kwon,Nantes,Midfielder,24,0,0,South Korea,6,6,12,0,0,0,0.0,1970-01-12,2,0.24,1,1,2,17,5,8,13,1.55,eu,,33.0,0.0,0.0,,58.0,1.06,0.56,0.0,9.0,910000.0,29.0,50.0,0.0,4.99,10.0,96.0,1.06,0.56,9.0,2.0,17.0,67.0,68.0,29.0,81.0,3.18,1.69,27.0,27.0,0.0,33.0,23.0,0.12,0.06,1.0,16.0,765.0,61.0,0.47,0.25,4.0,18.0,0.94,0.5,8.0,14.0,0.12,0.06,11.0,0.0,0.0,0.0,11.0,,1.0,38.0,7.53,4.0,64.0,38.0,3.88,2.06,51.0,33.0,63.0,1.29,0.69,11.0,61.0,1.18,0.62,10.0,9.0,46.0,3.0,72.0,3.0,74.0,28.0,68.0,57.0,43.0,,76.0,0.0,0.0,,56.0,0.82,0.44,7.0,7.0,0.0,0.0,,0.0,44.0,57.0,27.0,43.0,39.0,21.0,0.02,0.01,0.13,86.36,64.0,26.0,22.35,11.88,190.0,21.0,25.88,13.75,220.0,99.0,0.0,0.0,,,0.0,,,,,,,0.0,0.0,,79.87,0.0,,,0.0,0.0,,5,0.0,0.0,21.0,0.0,46.0,63.0,1.53,0.81,13.0,31.0,0.35,0.19,3.0,21.0,0.0,0.0,,21.0,0.35,0.19,0.0,0.0,3.0,65.0,1.76,0.94,99.0,0.0,0.0,,15.0,,,,,8.0,0.05,0.03,0.44,20.0,0.02,0.01,0.13,2026,0,0,0.0,0,0.0,0.0,0.0,2025-12-06 16:00:00,Domestic League,0,379,58,0,63,367,390,757,0,0,-1,21,304,-1,0,2025/2026,2025,2
France_Ligue_1_2025-2026,Chidozie Collins Awaziem,Nantes,Defender,28,188,64,Nigeria,8,8,16,0,0,0,0.0,1970-01-10,5,0.32,1,1,2,13,11,14,25,1.58,eu,,33.0,0.0,0.0,,82.0,1.89,1.88,0.0,30.0,1810000.0,55.0,50.0,0.0,6.91,79.0,93.0,0.76,0.75,12.0,5.0,31.0,93.0,79.0,15.0,99.0,7.51,7.44,119.0,24.0,0.0,33.0,17.0,0.0,0.0,,16.0,1426.0,83.0,0.13,0.12,2.0,67.0,0.38,0.38,6.0,23.0,0.44,0.44,29.0,0.25,0.25,57.0,73.0,4.0,7.0,25.0,6.56,6.5,104.0,37.0,3.85,3.81,58.0,61.0,34.0,0.88,0.88,14.0,52.0,1.01,1.0,16.0,16.0,99.0,,25.0,1.0,44.0,45.0,68.0,75.0,61.0,,76.0,0.0,0.0,,71.0,1.01,1.0,16.0,36.0,0.5,0.5,8.0,0.0,99.0,46.0,26.0,83.0,98.0,45.0,0.08,0.08,1.22,86.15,62.0,86.0,53.39,52.88,846.0,88.0,61.98,61.38,982.0,99.0,0.0,0.0,,,0.0,,,,,,,0.0,0.0,,110.51,0.0,,,0.0,0.0,,6,0.0,66.67,95.0,16.67,79.0,67.0,1.64,1.62,26.0,15.0,0.13,0.12,2.0,50.0,0.25,0.25,4.0,22.0,0.38,0.38,0.0,6.0,6.0,21.0,0.76,0.75,99.0,0.0,0.0,,12.0,,,6.0,1.0,54.0,0.15,0.15,2.36,43.0,0.08,0.08,1.22,2026,0,2,0.13,2,0.0,0.25,0.13,2025-12-12 19:45:00,Domestic League,0,285,57,713,89,720,706,1426,0,0,-1,3,126,86,0,2025/2026,2025,5
France_Ligue_1_2025-2026,Johann Lepenant,Nantes,Midfielder,23,176,0,France,5,5,10,1,0,1,0.11,2002-10-22,1,0.11,0,1,1,10,9,5,14,1.53,eu,,88.0,29.27,26.7,267.0,42.0,0.66,0.6,0.0,6.0,1020000.0,33.0,66.0,0.1,6.99,84.0,78.0,0.44,0.4,4.0,1.0,10.0,44.0,33.0,9.0,48.0,1.21,1.1,11.0,29.0,1405.26,74.0,70.0,2.08,1.9,19.0,10.0,821.0,42.0,0.77,0.7,7.0,5.0,1.43,1.3,13.0,56.0,1.21,1.1,45.0,0.44,0.4,36.0,35.0,4.0,11.0,82.0,11.73,10.7,107.0,95.0,6.91,6.3,58.0,63.0,34.0,0.88,0.8,8.0,92.0,2.19,2.0,20.0,9.0,46.0,1.0,48.0,2.0,60.0,42.0,68.0,57.0,43.0,,76.0,0.0,0.0,,69.0,0.99,0.9,9.0,80.0,1.32,1.2,12.0,0.0,23.0,92.0,29.0,43.0,45.0,40.0,0.06,0.06,0.56,84.77,52.0,39.0,28.06,25.6,256.0,36.0,33.11,30.2,302.0,99.0,0.0,0.0,,,0.0,,,,,,,0.0,0.0,,69.89,0.0,,,0.0,0.0,,8,0.0,28.57,44.0,0.0,46.0,55.0,1.43,1.3,13.0,48.0,0.55,0.5,5.0,45.0,0.22,0.2,2.0,47.0,0.77,0.7,0.0,0.0,7.0,99.0,3.73,3.4,99.0,0.0,0.0,,34.0,,,,,68.0,0.18,0.16,1.65,39.0,0.06,0.06,0.56,2026,0,0,0.11,0,0.0,0.0,0.0,2025-12-12 19:45:00,Domestic League,821,821,59,0,82,430,391,821,0,0,-1,20,305,-1,0,2025/2026,2025,1
France_Ligue_1_2025-2026,Bahereba Guirassy,Nantes,Midfielder,0,0,0,Guinea,6,7,13,0,1,1,0.13,1970-01-01,0,0.0,1,1,2,15,3,5,8,1.03,eu,,67.0,19.31,11.54,150.0,75.0,1.55,0.92,0.0,12.0,100000.0,2.0,69.0,0.08,6.77,65.0,44.0,0.13,0.08,1.0,,,26.0,23.0,24.0,50.0,1.29,0.77,10.0,70.0,882.35,59.0,73.0,2.19,1.31,17.0,13.0,699.0,21.0,1.29,0.77,10.0,45.0,0.64,0.38,5.0,95.0,3.86,2.31,82.0,1.03,0.62,26.0,17.0,8.0,30.0,92.0,13.52,8.08,105.0,79.0,5.41,3.23,40.0,42.0,40.0,1.03,0.62,8.0,31.0,0.64,0.38,5.0,9.0,46.0,4.0,81.0,2.0,60.0,77.0,68.0,88.0,80.0,,89.0,0.13,0.08,1.0,25.0,0.39,0.23,3.0,43.0,0.64,0.38,5.0,0.0,57.0,23.0,70.0,63.0,33.0,80.0,0.27,0.16,2.1,64.12,2.0,10.0,14.03,8.38,109.0,14.0,21.89,13.08,170.0,99.0,0.0,0.0,,,0.0,,,,,,,0.0,0.0,,88.07,0.0,,,0.0,0.0,,11,0.0,45.45,78.0,18.18,82.0,27.0,1.03,0.62,8.0,61.0,0.77,0.46,6.0,75.0,0.64,0.38,5.0,67.0,1.42,0.85,0.0,5.5,11.0,85.0,2.32,1.38,99.0,0.0,0.0,,18.0,,,8.0,1.0,47.0,0.13,0.08,1.0,77.0,0.27,0.16,2.1,2026,0,2,0.39,2,0.0,0.44,0.26,2025-12-06 16:00:00,Domestic League,699,0,87,350,54,293,406,699,0,0,-1,4,63,-1,0,2025/2026,2025,0
France_Ligue_1_2025-2026,Mostafa Mohamed Ahmed Abdallah,Nantes,Forward,28,185,0,Egypt,7,7,14,0,0,0,0.0,1970-01-11,1,0.12,1,1,2,14,4,6,10,1.21,eu,,33.0,0.0,0.0,,98.0,3.23,1.69,0.0,27.0,3410000.0,80.0,50.0,0.0,5.76,20.0,71.0,0.36,0.19,3.0,1.0,7.0,33.0,34.0,21.0,42.0,1.08,0.56,9.0,54.0,0.0,33.0,34.0,0.36,0.19,3.0,16.0,753.0,12.0,1.67,0.88,14.0,59.0,0.48,0.25,4.0,64.0,1.43,0.75,37.0,0.36,0.19,25.0,16.0,3.0,12.0,98.0,15.18,7.94,127.0,93.0,6.57,3.44,43.0,55.0,77.0,1.55,0.81,13.0,94.0,2.27,1.19,19.0,8.0,36.0,6.0,89.0,4.0,87.0,63.0,68.0,91.0,79.0,,76.0,0.0,0.0,,41.0,0.6,0.31,5.0,40.0,0.6,0.31,5.0,0.0,76.0,90.0,53.0,64.0,37.0,78.0,0.26,0.13,2.15,60.0,1.0,1.0,7.89,4.12,66.0,2.0,13.15,6.88,110.0,99.0,0.0,0.0,,,0.0,,,,,,,0.0,0.0,,92.14,0.0,,,0.0,0.0,,31,0.0,11.76,23.0,11.76,62.0,64.0,1.55,0.81,13.0,95.0,1.79,0.94,15.0,48.0,0.24,0.12,2.0,80.0,2.03,1.06,0.0,8.5,17.0,29.0,0.96,0.5,99.0,0.0,0.0,,8.0,,,,,4.0,0.04,0.02,0.35,75.0,0.26,0.13,2.15,2026,0,2,0.24,2,0.0,0.48,0.24,2025-12-12 19:45:00,Domestic League,0,742,74,371,53,365,377,742,0,0,-1,5,72,-1,0,2025/2026,2025,1
France_Ligue_1_2025-2026,Louis Leroux,Nantes,Midfielder,0,0,0,France,6,6,12,1,0,1,0.1,1970-01-01,1,0.1,1,1,2,17,3,11,14,1.36,eu,,74.0,21.84,18.75,225.0,29.0,0.49,0.42,0.0,5.0,910000.0,29.0,63.0,0.08,6.64,52.0,54.0,0.19,0.17,2.0,1.0,8.0,40.0,31.0,29.0,73.0,2.52,2.17,26.0,41.0,1071.43,69.0,70.0,2.04,1.75,21.0,12.0,927.0,47.0,0.68,0.58,7.0,39.0,0.68,0.58,7.0,66.0,1.55,1.33,57.0,0.58,0.5,37.0,39.0,6.0,16.0,36.0,7.38,6.33,76.0,36.0,3.79,3.25,51.0,39.0,26.0,0.78,0.67,8.0,43.0,0.87,0.75,9.0,10.0,56.0,2.0,63.0,3.0,74.0,54.0,77.0,57.0,57.0,,76.0,0.0,0.0,,19.0,0.29,0.25,3.0,63.0,0.97,0.83,10.0,0.0,44.0,93.0,42.0,88.0,57.0,47.0,0.09,0.08,0.95,74.52,15.0,27.0,22.43,19.25,231.0,28.0,30.1,25.83,310.0,99.0,0.0,0.0,,,0.0,,,,,,,0.0,0.0,,79.65,0.0,,,0.0,0.0,,66,0.0,16.67,26.0,16.67,79.0,57.0,1.46,1.25,15.0,44.0,0.49,0.42,5.0,26.0,0.1,0.08,1.0,37.0,0.58,0.5,0.0,6.0,6.0,70.0,1.84,1.58,99.0,0.0,0.0,,19.0,,,,,50.0,0.14,0.12,1.49,45.0,0.09,0.08,0.95,2026,1,0,0.19,1,0.2,0.0,0.1,2025-11-08 18:00:00,Domestic League,927,927,66,927,77,456,471,927,0,0,-1,8,140,-1,0,2025/2026,2025,1
France_Ligue_1_2025-2026,Tylel Tati,Nantes,Defender,55,0,0,,7,8,15,0,0,0,0.0,1970-01-01,4,0.27,0,1,1,7,11,14,25,1.7,eu,,39.0,6.79,6.67,100.0,28.0,0.48,0.47,0.0,7.0,910000.0,29.0,50.0,0.0,6.39,42.0,95.0,1.02,1.0,15.0,4.0,27.0,88.0,72.0,3.0,87.0,4.14,4.07,61.0,18.0,9999.99,99.0,20.0,0.07,0.07,1.0,15.0,1325.0,82.0,0.14,0.13,2.0,85.0,0.2,0.2,3.0,25.0,0.48,0.47,35.0,0.34,0.33,71.0,89.0,5.0,7.0,9.0,4.75,4.67,70.0,11.0,2.31,2.27,48.0,34.0,63.0,1.29,1.27,19.0,34.0,0.68,0.67,10.0,15.0,96.0,,25.0,5.0,94.0,28.0,68.0,57.0,43.0,,76.0,0.0,0.0,,53.0,0.75,0.73,11.0,9.0,0.07,0.07,1.0,0.0,91.0,51.0,18.0,43.0,93.0,10.0,0.0,0.0,0.05,87.11,69.0,70.0,41.77,41.0,615.0,69.0,47.95,47.07,706.0,5.0,0.14,0.13,2.0,,0.0,,,,,,,0.0,0.0,,95.8,0.0,,,0.0,0.0,,78,0.0,0.0,21.0,0.0,46.0,77.0,1.83,1.8,27.0,12.0,0.07,0.07,1.0,21.0,0.0,0.0,,9.0,0.07,0.07,0.0,0.0,1.0,26.0,0.88,0.87,99.0,0.0,0.0,,13.0,,,,,32.0,0.1,0.1,1.5,9.0,0.0,0.0,0.05,2026,0,0,0.0,0,0.0,0.0,0.0,2025-12-12 19:45:00,Domestic League,0,331,53,0,88,629,696,1325,0,0,-1,19,308,95,0,2025/2026,2025,4
France_Ligue_1_2025-2026,Yassine Benhattab,Nantes,Midfielder,0,0,0,France,5,5,10,0,0,0,0.0,1970-01-01,0,0.0,0,1,1,10,5,3,8,1.51,eu,,74.0,21.84,8.29,116.0,10.0,0.19,0.07,0.0,1.0,800000.0,22.0,50.0,0.0,4.68,7.0,31.0,0.0,0.0,,,,26.0,23.0,9.0,29.0,0.75,0.29,4.0,30.0,464.0,42.0,92.0,4.71,1.79,25.0,14.0,478.0,56.0,0.56,0.21,3.0,29.0,0.75,0.29,4.0,91.0,3.2,1.21,94.0,1.51,0.57,47.0,55.0,8.0,17.0,49.0,8.28,3.14,44.0,48.0,4.14,1.57,50.0,22.0,17.0,0.56,0.21,3.0,25.0,0.56,0.21,3.0,5.0,13.0,5.0,85.0,6.0,97.0,28.0,68.0,57.0,43.0,,76.0,0.0,0.0,,7.0,0.0,0.0,,80.0,1.32,0.5,7.0,0.0,23.0,23.0,30.0,43.0,12.0,36.0,0.05,0.02,0.24,72.34,9.0,20.0,19.21,7.29,102.0,21.0,26.55,10.07,141.0,99.0,0.0,0.0,,,0.0,,,,,,,0.0,0.0,,65.48,0.0,,,0.0,0.0,,90,0.0,25.0,41.0,0.0,46.0,71.0,1.69,0.64,9.0,49.0,0.56,0.21,3.0,38.0,0.19,0.07,1.0,45.0,0.75,0.29,0.0,0.0,4.0,71.0,1.88,0.71,99.0,0.0,0.0,,10.0,,,,,24.0,0.09,0.04,0.5,35.0,0.05,0.02,0.24,2026,0,0,0.0,0,0.0,0.0,0.0,2025-12-12 19:45:00,Domestic League,0,0,60,0,48,258,219,477,0,0,-1,18,309,-1,0,2025/2026,2025,0
France_Ligue_1_2025-2026,Kelvin Amian Adou,Nantes,Defender,27,180,78,France,8,8,16,1,0,1,0.06,1970-01-11,2,0.13,1,1,2,13,11,14,25,1.56,eu,,53.0,12.5,12.5,200.0,70.0,1.38,1.38,0.0,22.0,900000.0,23.0,51.0,0.06,6.64,52.0,86.0,0.62,0.62,10.0,2.0,12.0,50.0,37.0,15.0,83.0,3.56,3.56,57.0,26.0,1052.63,68.0,60.0,1.19,1.19,19.0,16.0,1440.0,47.0,0.69,0.69,11.0,78.0,0.25,0.25,4.0,14.0,0.12,0.12,12.0,0.06,0.06,50.0,65.0,1.0,2.0,17.0,6.06,6.06,97.0,33.0,3.75,3.75,61.0,60.0,34.0,0.88,0.88,14.0,39.0,0.81,0.81,13.0,16.0,99.0,,25.0,,18.0,29.0,68.0,57.0,43.0,,76.0,0.0,0.0,,21.0,0.31,0.31,5.0,25.0,0.31,0.31,5.0,0.0,99.0,89.0,27.0,43.0,99.0,21.0,0.02,0.02,0.26,79.59,31.0,42.0,29.25,29.25,468.0,45.0,36.75,36.75,588.0,17.0,0.06,0.06,1.0,,0.0,,,,,,,0.0,0.0,,106.32,0.0,,,0.0,0.0,,98,0.0,0.0,21.0,0.0,46.0,71.0,1.69,1.69,27.0,33.0,0.38,0.38,6.0,21.0,0.0,0.0,,22.0,0.38,0.38,0.0,0.0,6.0,51.0,1.5,1.5,99.0,0.0,0.0,,24.0,,,,,41.0,0.12,0.12,1.86,20.0,0.02,0.02,0.26,2026,0,0,0.06,0,0.0,0.0,0.0,2025-12-12 19:45:00,Domestic League,1440,720,58,0,90,720,720,1440,0,0,-1,24,310,83,0,2025/2026,2025,2
France_Ligue_1_2025-2026,Hyun-seok Hong,Nantes,Midfielder,26,177,69,South Korea,4,2,6,0,0,0,0.0,1970-01-11,0,0.0,1,1,2,33,2,1,3,0.95,eu,,64.0,18.38,4.83,58.0,17.0,0.32,0.08,0.0,1.0,1360000.0,44.0,50.0,0.0,3.31,1.0,68.0,0.32,0.08,1.0,,,26.0,23.0,73.0,49.0,1.27,0.33,4.0,73.0,414.29,39.0,90.0,4.44,1.17,14.0,12.0,284.0,21.0,1.27,0.33,4.0,72.0,0.32,0.08,1.0,31.0,0.63,0.17,61.0,0.63,0.17,100.0,99.0,2.0,2.0,30.0,6.97,1.83,22.0,47.0,4.12,1.08,59.0,13.0,7.0,0.0,0.0,,13.0,0.32,0.08,1.0,3.0,2.0,3.0,72.0,2.0,60.0,28.0,68.0,57.0,43.0,,76.0,0.0,0.0,,44.0,0.63,0.17,2.0,27.0,0.32,0.08,1.0,0.0,3.0,23.0,73.0,43.0,,56.0,0.12,0.03,0.37,77.03,22.0,16.0,18.06,4.75,57.0,16.0,23.45,6.17,74.0,99.0,0.0,0.0,,,0.0,,,,,,,0.0,0.0,,39.68,0.0,,,0.0,0.0,,7,0.0,50.0,87.0,0.0,46.0,2.0,0.63,0.17,2.0,53.0,0.63,0.17,2.0,74.0,0.63,0.17,2.0,63.0,1.27,0.33,0.0,0.0,4.0,93.0,2.85,0.75,99.0,0.0,0.0,,9.0,,,,,11.0,0.06,0.02,0.19,55.0,0.12,0.03,0.37,2026,0,0,0.0,0,0.0,0.0,0.0,2025-10-04 17:00:00,Domestic League,0,0,95,0,47,188,96,284,0,0,-1,17,311,-1,0,2025/2026,2025,0
France_Ligue_1_2025-2026,Matthis Abline,Nantes,Forward,22,182,70,France,8,8,16,0,2,2,0.14,2003-03-28,3,0.22,1,1,2,13,11,14,25,1.8,eu,,54.0,12.63,10.94,175.0,64.0,1.23,1.06,0.0,17.0,1480000.0,47.0,73.0,0.12,6.88,76.0,31.0,0.0,0.0,,3.0,19.0,71.0,62.0,15.0,17.0,0.51,0.44,7.0,12.0,1029.41,67.0,60.0,1.23,1.06,17.0,16.0,1247.0,20.0,1.37,1.19,19.0,69.0,0.36,0.31,5.0,97.0,4.62,4.0,97.0,2.24,1.94,48.0,57.0,31.0,64.0,91.0,13.28,11.5,184.0,92.0,6.35,5.5,47.0,88.0,64.0,1.3,1.12,18.0,91.0,2.09,1.81,29.0,13.0,79.0,3.0,72.0,1.0,44.0,68.0,83.0,57.0,63.0,,99.0,0.29,0.25,4.0,11.0,0.14,0.12,2.0,67.0,1.08,0.94,15.0,0.0,99.0,64.0,13.0,80.0,85.0,83.0,0.3,0.26,4.11,72.25,9.0,3.0,9.96,8.62,138.0,2.0,13.79,11.94,191.0,99.0,0.0,0.0,,1.0,0.0,,1.0,,1.0,,,0.0,0.0,,110.06,0.0,,,0.0,0.0,,10,0.0,29.55,46.0,4.55,47.0,81.0,1.88,1.62,26.0,98.0,2.24,1.94,31.0,85.0,0.94,0.81,13.0,96.0,3.18,2.75,0.0,22.0,44.0,25.0,0.87,0.75,99.0,0.0,0.0,,12.0,,,,,54.0,0.15,0.13,2.02,86.0,0.35,0.3,4.81,2026,2,0,0.29,2,0.27,0.0,0.14,2025-12-12 19:45:00,Domestic League,624,416,50,624,78,658,589,1247,0,0,-1,2,121,-1,0,2025/2026,2025,3
France_Ligue_1_2025-2026,Francis Joseph Coquelin,Nantes,Midfielder,34,177,74,France,1,3,4,0,0,0,0.0,1970-01-08,1,0.6,0,1,1,25,0,0,0,0.0,eu,,33.0,0.0,0.0,,34.0,0.54,0.2,0.0,1.0,4090000.0,86.0,50.0,0.0,5.35,14.0,82.0,0.54,0.2,1.0,1.0,25.0,86.0,97.0,49.0,41.0,1.07,0.4,2.0,99.0,0.0,33.0,17.0,0.0,0.0,,5.0,168.0,58.0,0.54,0.2,1.0,99.0,0.0,0.0,,67.0,1.61,0.6,95.0,1.61,0.6,100.0,99.0,3.0,3.0,16.0,5.89,2.2,11.0,33.0,3.75,1.4,63.0,7.0,81.0,1.61,0.6,3.0,24.0,0.54,0.2,1.0,2.0,,2.0,63.0,4.0,87.0,28.0,68.0,57.0,43.0,,76.0,0.0,0.0,,74.0,1.07,0.4,2.0,7.0,0.0,0.0,,0.0,,26.0,,43.0,,54.0,0.11,0.04,0.21,85.51,57.0,47.0,31.61,11.8,59.0,45.0,36.96,13.8,69.0,99.0,0.0,0.0,,,0.0,,,,,,,0.0,0.0,,26.74,0.0,,,0.0,0.0,,13,0.0,33.33,57.0,0.0,46.0,,0.0,0.0,,74.0,1.07,0.4,2.0,72.0,0.54,0.2,1.0,72.0,1.61,0.6,0.0,0.0,3.0,32.0,1.07,0.4,99.0,0.0,0.0,,2.0,,,,,11.0,0.06,0.02,0.11,52.0,0.11,0.04,0.21,2026,0,0,0.0,0,0.0,0.0,0.0,2025-08-30 17:00:00,Domestic League,0,150,0,0,38,56,94,150,0,0,-1,16,-1,-1,0,2025/2026,2025,1
France_Ligue_1_2025-2026,Amady Camara,Nantes,Midfielder,20,180,0,Mali,3,6,9,0,0,0,0.0,2005-05-28,0,0.0,0,1,1,11,2,1,3,1.74,eu,,58.0,14.71,1.56,25.0,37.0,0.59,0.06,0.0,1.0,690000.0,17.0,50.0,0.0,2.82,,31.0,0.0,0.0,,,,26.0,23.0,10.0,2.0,0.0,0.0,,14.0,156.25,34.0,99.0,9.41,1.0,16.0,16.0,153.0,,3.53,0.38,6.0,9.0,1.18,0.12,2.0,88.0,2.94,0.31,58.0,0.59,0.06,20.0,13.0,1.0,5.0,92.0,13.53,1.44,23.0,63.0,4.71,0.5,34.0,8.0,52.0,1.18,0.12,2.0,61.0,1.18,0.12,2.0,1.0,,8.0,97.0,2.0,60.0,28.0,68.0,57.0,43.0,,76.0,0.0,0.0,,40.0,0.59,0.06,1.0,73.0,1.18,0.12,2.0,0.0,15.0,23.0,17.0,43.0,,61.0,0.14,0.01,0.24,77.27,23.0,20.0,20.0,2.12,34.0,21.0,25.88,2.75,44.0,99.0,0.0,0.0,,,0.0,,,,,,,0.0,0.0,,45.15,0.0,,,0.0,0.0,,14,0.0,0.0,21.0,0.0,46.0,93.0,2.94,0.31,5.0,99.0,2.94,0.31,5.0,21.0,0.0,0.0,,94.0,2.94,0.31,0.0,0.0,5.0,85.0,2.35,0.25,99.0,0.0,0.0,,4.0,,,,,18.0,0.08,0.01,0.13,59.0,0.14,0.01,0.24,2026,0,0,0.0,0,0.0,0.0,0.0,2025-09-27 17:00:00,Domestic League,0,0,52,0,17,98,57,155,0,0,-1,14,-1,-1,0,2025/2026,2025,0
France_Ligue_1_2025-2026,Dehmaine Assoumani,Nantes,Midfielder,20,0,0,France,6,8,14,0,0,0,0.0,2005-04-17,2,0.28,1,1,2,14,3,6,9,1.26,eu,,77.0,23.34,11.93,167.0,34.0,0.56,0.29,0.0,4.0,270000.0,4.0,50.0,0.0,5.63,17.0,31.0,0.0,0.0,,2.0,14.0,60.0,73.0,21.0,54.0,1.4,0.71,10.0,48.0,477.14,43.0,93.0,4.89,2.5,35.0,14.0,644.0,28.0,1.12,0.57,8.0,16.0,0.98,0.5,7.0,84.0,2.66,1.36,93.0,1.4,0.71,52.0,68.0,10.0,19.0,77.0,10.9,5.57,78.0,76.0,5.31,2.71,48.0,38.0,87.0,1.82,0.93,13.0,85.0,1.82,0.93,13.0,8.0,36.0,6.0,89.0,1.0,44.0,28.0,68.0,57.0,43.0,,92.0,0.14,0.07,1.0,77.0,1.12,0.57,8.0,77.0,1.26,0.64,9.0,0.0,76.0,50.0,49.0,43.0,28.0,51.0,0.1,0.05,0.74,74.65,16.0,26.0,22.22,11.36,159.0,28.0,29.77,15.21,213.0,99.0,0.0,0.0,,,0.0,,,,,,,0.0,0.0,,78.85,0.0,,,0.0,0.0,,17,0.0,9.09,22.0,0.0,46.0,43.0,1.26,0.64,9.0,87.0,1.4,0.71,10.0,32.0,0.14,0.07,1.0,70.0,1.54,0.79,0.0,0.0,11.0,52.0,1.54,0.79,99.0,0.0,0.0,,11.0,,,,,32.0,0.1,0.05,0.75,49.0,0.1,0.05,0.74,2026,0,0,0.0,0,0.0,0.0,0.0,2025-11-23 16:15:00,Domestic League,0,322,72,0,46,302,342,644,0,0,-1,13,306,-1,0,2025/2026,2025,2
France_Ligue_1_2025-2026,Youssef El-Arabi,Nantes,Forward,38,183,70,Morocco,8,6,14,0,0,0,0.0,1970-01-07,0,0.0,1,0,1,7,3,8,11,1.78,eu,,33.0,0.0,0.0,,83.0,1.92,0.8,0.0,12.0,1140000.0,38.0,50.0,0.0,6.19,34.0,47.0,0.16,0.07,1.0,,,26.0,23.0,3.0,36.0,0.96,0.4,6.0,13.0,0.0,33.0,24.0,0.16,0.07,1.0,15.0,562.0,32.0,0.96,0.4,6.0,45.0,0.64,0.27,4.0,81.0,2.4,1.0,62.0,0.64,0.27,26.0,17.0,4.0,15.0,95.0,13.93,5.8,87.0,71.0,5.12,2.13,36.0,32.0,97.0,2.4,1.0,15.0,93.0,2.24,0.93,14.0,7.0,29.0,7.0,94.0,5.0,94.0,86.0,87.0,93.0,94.0,,94.0,0.16,0.07,1.0,22.0,0.32,0.13,2.0,69.0,1.12,0.47,7.0,0.0,76.0,23.0,13.0,49.0,20.0,81.0,0.28,0.12,1.74,61.27,1.0,9.0,13.93,5.8,87.0,15.0,22.74,9.47,142.0,99.0,0.0,0.0,,1.0,0.0,,1.0,,1.0,,,0.0,0.0,,92.88,0.0,,,0.0,0.0,,19,0.0,71.43,96.0,42.86,98.0,82.0,1.92,0.8,12.0,30.0,0.32,0.13,2.0,80.0,0.8,0.33,5.0,59.0,1.12,0.47,0.0,2.33,7.0,14.0,0.48,0.2,99.0,0.0,0.0,,3.0,,,,,18.0,0.08,0.03,0.5,89.0,0.39,0.16,2.44,2026,1,2,0.49,3,0.37,0.57,0.49,2025-12-06 16:00:00,Domestic League,0,0,50,185,40,241,314,555,0,0,-1,1,24,-1,0,2025/2026,2025,0
France_Ligue_1_2025-2026,Patrik Carlgren,Nantes,Goalkeeper,33,188,84,Sweden,1,1,2,0,0,0,0.0,1970-01-09,0,0.0,0,0,0,0,0,0,0,0.0,eu,,33.0,0.0,0.0,,56.0,0.99,0.07,0.0,1.0,800000.0,22.0,50.0,0.0,0.46,,31.0,0.0,0.0,,,,26.0,23.0,2.0,86.0,3.96,0.27,4.0,99.0,0.0,33.0,17.0,0.0,0.0,,15.0,91.0,99.0,0.0,0.0,,99.0,0.0,0.0,,9.0,0.0,0.0,11.0,0.0,0.0,0.0,11.0,,,6.0,0.99,0.07,1.0,7.0,0.99,0.07,100.0,1.0,7.0,0.0,0.0,,49.0,0.99,0.07,1.0,1.0,,1.0,48.0,,18.0,28.0,68.0,57.0,43.0,,76.0,0.0,0.0,,7.0,0.0,0.0,,7.0,0.0,0.0,,0.0,,23.0,,43.0,,10.0,0.0,0.0,0.0,40.0,,5.0,11.87,0.8,12.0,28.0,29.67,2.0,30.0,99.0,0.0,0.0,,,0.0,,,,,,99.0,3.96,0.27,4.0,6.89,60.0,19.0,71.0,2.97,0.2,3.0,30,0.0,0.0,21.0,0.0,46.0,98.0,4.95,0.33,5.0,10.0,0.0,0.0,,21.0,0.0,0.0,,8.0,0.0,0.0,0.0,0.0,,5.0,0.0,0.0,99.0,0.0,0.0,,,,,,,,0.02,0.0,0.02,9.0,0.0,0.0,0.0,2026,0,0,0.0,0,0.0,0.0,0.0,2025-11-08 18:00:00,Domestic League,0,0,0,0,46,90,1,91,0,0,-1,12,-1,-1,0,2025/2026,2025,0
France_Ligue_1_2025-2026,Sekou Doucouré,Nantes,Defender,55,0,0,France,0,0,0,0,0,0,0.0,1970-01-01,0,0.0,0,0,0,0,0,0,0,0.0,eu,,,,,,,,,,,,,,,,,,,,,,,,,,,,,,,,,,,,,,,,,,,,,,,,,,,,,,,,,,,,,,,,,,,,,,,,,,,,,,,,,,,,,,,,,,,,,,,,,,,,,,,,,,,,,,,,,,,,,,,,,,,,,,,,,,,,,,,,,,,,,,,,,,,,,,,,,,,,,,,,,,,,,,,,,,,,,,,,,,,,,,,2026,0,0,0.0,0,0.0,0.0,0.0,1970-01-01 00:00:00,Domestic League,0,0,0,0,0,0,0,0,0,0,-1,-1,-1,-1,0,2025/2026,2025,0
France_Ligue_1_2025-2026,Jean-Kevin Duverne,Nantes,Defender,28,184,71,France,0,0,0,0,0,0,0.0,1970-01-11,0,0.0,0,0,0,0,0,0,0,0.0,eu,,,,,,,,,,,,,,,,,,,,,,,,,,,,,,,,,,,,,,,,,,,,,,,,,,,,,,,,,,,,,,,,,,,,,,,,,,,,,,,,,,,,,,,,,,,,,,,,,,,,,,,,,,,,,,,,,,,,,,,,,,,,,,,,,,,,,,,,,,,,,,,,,,,,,,,,,,,,,,,,,,,,,,,,,,,,,,,,,,,,,,,2026,0,0,0.0,0,0.0,0.0,0.0,1970-01-01 00:00:00,Domestic League,0,0,0,0,0,0,0,0,0,0,-1,-1,-1,-1,0,2025/2026,2025,0
France_Ligue_1_2025-2026,Lucas Lopes Beraldo,PSG,Defender,22,182,75,Brazil,5,4,9,0,0,0,0.0,2003-11-24,0,0.0,1,3,4,44,4,3,7,0.98,eu,,33.0,0.0,0.0,,95.0,2.92,1.4,0.0,21.0,3270000.0,75.0,50.0,0.0,3.82,3.0,91.0,0.7,0.33,5.0,,,26.0,23.0,88.0,94.0,5.29,2.53,38.0,73.0,0.0,33.0,17.0,0.0,0.0,,15.0,647.0,99.0,0.0,0.0,,34.0,0.7,0.33,5.0,9.0,0.0,0.0,11.0,0.0,0.0,0.0,11.0,,,44.0,7.93,3.8,57.0,64.0,4.73,2.27,59.0,34.0,30.0,0.83,0.4,6.0,11.0,0.28,0.13,2.0,8.0,36.0,1.0,48.0,2.0,60.0,48.0,68.0,78.0,63.0,,76.0,0.0,0.0,,67.0,0.97,0.47,7.0,15.0,0.14,0.07,1.0,0.0,15.0,23.0,73.0,81.0,28.0,54.0,0.11,0.05,0.8,94.89,99.0,99.0,90.42,43.33,650.0,99.0,95.29,45.67,685.0,99.0,0.0,0.0,,,0.0,,,,,,,0.0,0.0,,57.32,0.0,,,0.0,0.0,,4,0.0,33.33,57.0,33.33,97.0,30.0,1.11,0.53,8.0,26.0,0.28,0.13,2.0,32.0,0.14,0.07,1.0,26.0,0.42,0.2,0.0,3.0,3.0,52.0,1.53,0.73,99.0,0.0,0.0,,11.0,,,,,72.0,0.19,0.09,1.34,52.0,0.11,0.05,0.8,2026,0,1,0.14,1,0.0,0.32,0.14,2025-11-22 20:05:00,Domestic League,0,0,92,645,72,360,285,645,0,0,-1,11,119,30,0,2025/2026,2025,0
France_Ligue_1_2025-2026,Illia Zabarnyi,PSG,Defender,23,189,80,Ukraine,8,5,13,0,0,0,0.0,2002-09-01,2,0.16,2,4,6,46,9,3,12,0.98,eu,,33.0,0.0,0.0,,52.0,0.9,0.73,0.0,11.0,5450000.0,92.0,50.0,0.0,5.97,26.0,68.0,0.33,0.27,4.0,2.0,15.0,65.0,46.0,90.0,82.0,3.43,2.8,42.0,73.0,0.0,33.0,17.0,0.0,0.0,,15.0,1102.0,74.0,0.25,0.2,3.0,71.0,0.33,0.27,4.0,18.0,0.25,0.2,20.0,0.16,0.13,66.0,87.0,2.0,3.0,13.0,5.47,4.47,67.0,12.0,2.45,2.0,44.0,30.0,29.0,0.82,0.67,10.0,5.0,0.16,0.13,2.0,12.0,70.0,1.0,48.0,,18.0,36.0,68.0,70.0,52.0,,76.0,0.0,0.0,,44.0,0.65,0.53,8.0,27.0,0.33,0.27,4.0,0.0,57.0,78.0,73.0,93.0,72.0,43.0,0.07,0.05,0.8,93.95,97.0,97.0,78.57,64.13,962.0,97.0,83.63,68.27,1024.0,99.0,0.0,0.0,,,0.0,,,,,,,0.0,0.0,,89.57,0.0,,,0.0,0.0,,6,0.0,200.0,99.0,100.0,99.0,28.0,1.06,0.87,13.0,,-0.08,-0.07,,35.0,0.16,0.13,2.0,10.0,0.08,0.07,0.0,1.0,1.0,39.0,1.23,1.0,99.0,0.0,0.0,,15.0,,,,,72.0,0.19,0.16,2.36,41.0,0.07,0.05,0.8,2026,0,1,0.08,1,0.0,0.2,0.08,2025-12-13 18:00:00,Domestic League,0,551,92,1102,85,652,450,1102,0,0,-1,12,158,31,0,2025/2026,2025,2
France_Ligue_1_2025-2026,Fabián Ruiz Peña,PSG,Midfielder,29,189,70,Spain,6,5,11,1,0,1,0.15,1970-01-10,1,0.15,1,5,6,55,7,0,7,1.02,eu,,58.0,14.61,9.09,100.0,8.0,0.15,0.09,0.0,1.0,5450000.0,92.0,76.0,0.09,6.88,76.0,31.0,0.0,0.0,,1.0,9.0,40.0,44.0,97.0,22.0,0.58,0.36,4.0,70.0,1000.0,66.0,63.0,1.46,0.91,10.0,11.0,616.0,64.0,0.44,0.27,3.0,14.0,1.02,0.64,7.0,36.0,0.73,0.45,11.0,0.0,0.0,0.0,11.0,,5.0,8.0,3.36,2.09,23.0,8.0,1.17,0.73,34.0,8.0,7.0,0.0,0.0,,4.0,0.15,0.09,1.0,7.0,29.0,4.0,81.0,4.0,87.0,68.0,68.0,92.0,66.0,,93.0,0.15,0.09,1.0,40.0,0.58,0.36,4.0,72.0,1.17,0.73,8.0,0.0,31.0,81.0,70.0,79.0,23.0,65.0,0.17,0.1,1.15,92.45,92.0,99.0,85.91,53.45,588.0,99.0,92.92,57.82,636.0,99.0,0.0,0.0,,,0.0,,,,,,,0.0,0.0,,75.68,0.0,,,0.0,0.0,,8,0.0,25.0,41.0,12.5,67.0,35.0,1.17,0.73,8.0,68.0,0.88,0.55,6.0,55.0,0.29,0.18,2.0,61.0,1.17,0.73,0.0,8.0,8.0,26.0,0.88,0.55,99.0,0.0,0.0,,6.0,,,,,95.0,0.33,0.21,2.26,63.0,0.17,0.1,1.15,2026,0,1,0.29,1,0.0,0.52,0.15,2025-12-13 18:00:00,Domestic League,616,616,88,616,56,444,172,616,0,0,-1,17,116,-1,0,2025/2026,2025,1
France_Ligue_1_2025-2026,Gonçalo Matias Ramos,PSG,Forward,24,185,79,Portugal,9,7,16,0,0,0,0.0,1970-01-12,2,0.23,2,6,8,50,4,3,7,0.8,eu,,33.0,0.0,0.0,,62.0,1.15,0.62,0.0,10.0,8540000.0,97.0,50.0,0.0,6.86,73.0,31.0,0.0,0.0,,2.0,12.0,50.0,65.0,94.0,11.0,0.34,0.19,3.0,83.0,0.0,33.0,17.0,0.0,0.0,,16.0,784.0,47.0,0.69,0.38,6.0,26.0,0.8,0.44,7.0,62.0,1.38,0.75,72.0,0.8,0.44,58.0,74.0,7.0,12.0,61.0,9.41,5.12,82.0,52.0,4.36,2.38,46.0,38.0,60.0,1.26,0.69,11.0,70.0,1.38,0.75,12.0,8.0,36.0,8.0,97.0,3.0,74.0,84.0,81.0,95.0,93.0,,86.0,0.11,0.06,1.0,23.0,0.34,0.19,3.0,53.0,0.8,0.44,7.0,0.0,99.0,59.0,83.0,50.0,40.0,96.0,0.52,0.28,4.49,81.91,40.0,16.0,17.68,9.62,154.0,13.0,21.58,11.75,188.0,99.0,0.0,0.0,,,0.0,1.0,,,1.0,,,0.0,0.0,,109.77,0.0,,,0.0,0.0,,9,0.0,53.12,89.0,12.5,67.0,20.0,0.92,0.5,8.0,93.0,1.72,0.94,15.0,99.0,1.95,1.06,17.0,99.0,3.67,2.0,0.0,8.0,32.0,30.0,1.03,0.56,99.0,0.0,0.0,,9.0,,,,,11.0,0.06,0.03,0.49,96.0,0.6,0.32,5.19,2026,1,3,0.46,4,0.23,0.69,0.46,2025-12-13 18:00:00,Domestic League,0,392,112,196,49,390,394,784,1,0,100,3,25,-1,0,2025/2026,2025,2
France_Ligue_1_2025-2026,Vitor Machado Ferreira,PSG,Midfielder,25,172,0,Portugal,9,6,15,3,3,6,0.49,1970-01-12,1,0.08,2,6,8,53,9,0,9,0.73,eu,,69.0,20.29,15.62,250.0,9.0,0.16,0.12,0.0,2.0,16370000.0,99.0,99.0,0.4,7.31,99.0,62.0,0.24,0.19,3.0,1.0,7.0,33.0,28.0,95.0,31.0,0.81,0.62,10.0,89.0,1785.71,81.0,58.0,1.14,0.88,14.0,16.0,1109.0,56.0,0.57,0.44,7.0,31.0,0.73,0.56,9.0,43.0,0.89,0.69,55.0,0.57,0.44,63.0,80.0,7.0,11.0,10.0,4.95,3.81,61.0,14.0,2.76,2.12,55.0,34.0,13.0,0.41,0.31,5.0,64.0,1.22,0.94,15.0,13.0,79.0,2.0,63.0,3.0,74.0,90.0,70.0,57.0,52.0,,76.0,0.0,0.0,,35.0,0.49,0.38,6.0,89.0,1.7,1.31,21.0,0.0,91.0,95.0,88.0,93.0,72.0,74.0,0.23,0.18,2.81,93.93,97.0,99.0,118.0,90.88,1454.0,99.0,125.63,96.75,1548.0,99.0,0.0,0.0,,,0.0,,,,,,,0.0,0.0,,117.0,0.0,,,0.0,0.0,,17,0.0,34.62,59.0,3.85,46.0,6.0,0.73,0.56,9.0,86.0,1.38,1.06,17.0,78.0,0.73,0.56,9.0,82.0,2.11,1.62,0.0,26.0,26.0,26.0,0.89,0.69,99.0,0.0,0.0,,11.0,,,,,99.0,0.58,0.45,7.19,71.0,0.23,0.18,2.81,2026,1,0,0.57,1,0.14,0.0,0.08,2025-12-13 18:00:00,Domestic League,185,1109,123,1109,74,661,448,1109,0,0,-1,16,154,-1,0,2025/2026,2025,1
France_Ligue_1_2025-2026,Kang-In Lee,PSG,Midfielder,24,173,68,South Korea,7,7,14,2,0,2,0.21,1970-01-12,2,0.21,2,6,8,56,5,3,8,0.83,eu,,98.0,46.82,30.07,451.0,23.0,0.42,0.27,0.0,4.0,6370000.0,95.0,85.0,0.14,6.69,54.0,39.0,0.1,0.07,1.0,2.0,14.0,60.0,59.0,99.0,10.0,0.31,0.2,3.0,80.0,939.58,62.0,94.0,4.98,3.2,48.0,15.0,867.0,34.0,0.93,0.6,9.0,31.0,0.73,0.47,7.0,78.0,2.28,1.47,82.0,1.04,0.67,45.0,53.0,10.0,22.0,39.0,7.79,5.0,75.0,23.0,3.43,2.2,44.0,33.0,58.0,1.25,0.8,12.0,59.0,1.14,0.73,11.0,11.0,61.0,3.0,72.0,3.0,74.0,69.0,68.0,72.0,57.0,,84.0,0.1,0.07,1.0,9.0,0.1,0.07,1.0,99.0,2.91,1.87,28.0,0.0,76.0,69.0,80.0,87.0,52.0,78.0,0.26,0.17,2.49,92.05,91.0,89.0,56.47,36.27,544.0,87.0,61.35,39.4,591.0,9.0,0.1,0.07,1.0,,0.0,,,,,,,0.0,0.0,,100.32,0.0,,,0.0,0.0,,19,0.0,32.0,51.0,4.0,47.0,9.0,0.83,0.53,8.0,94.0,1.76,1.13,17.0,80.0,0.83,0.53,8.0,92.0,2.6,1.67,0.0,25.0,25.0,28.0,0.93,0.6,99.0,0.0,0.0,,9.0,,,,,97.0,0.37,0.24,3.56,75.0,0.26,0.17,2.49,2026,0,1,0.31,1,0.0,0.24,0.1,2025-12-13 18:00:00,Domestic League,434,434,108,867,62,488,379,867,0,0,-1,15,136,-1,0,2025/2026,2025,2
France_Ligue_1_2025-2026,Lucas Hernández Pi,PSG,Defender,29,184,76,France,6,5,11,0,1,1,0.1,1970-01-10,2,0.21,2,4,6,55,5,3,8,0.84,eu,,33.0,0.0,0.0,,65.0,1.26,0.75,0.0,12.0,19090000.0,99.0,63.0,0.09,4.77,9.0,87.0,0.63,0.38,6.0,2.0,18.0,69.0,59.0,97.0,77.0,2.83,1.69,27.0,80.0,0.0,33.0,38.0,0.42,0.25,4.0,16.0,859.0,78.0,0.21,0.12,2.0,74.0,0.31,0.19,3.0,36.0,0.73,0.44,25.0,0.21,0.12,28.0,21.0,2.0,7.0,25.0,6.6,3.94,63.0,28.0,3.56,2.12,53.0,34.0,72.0,1.47,0.88,14.0,55.0,1.05,0.62,10.0,10.0,56.0,1.0,48.0,1.0,44.0,41.0,68.0,57.0,43.0,,76.0,0.0,0.0,,72.0,1.05,0.62,10.0,55.0,0.84,0.5,8.0,0.0,31.0,67.0,79.0,43.0,49.0,26.0,0.03,0.02,0.27,92.35,91.0,95.0,72.08,43.0,688.0,95.0,78.06,46.56,745.0,99.0,0.0,0.0,,,0.0,,,,,,,0.0,0.0,,76.27,0.0,,,0.0,0.0,,21,0.0,25.0,41.0,0.0,46.0,12.0,0.84,0.5,8.0,28.0,0.31,0.19,3.0,26.0,0.1,0.06,1.0,26.0,0.42,0.25,0.0,0.0,4.0,37.0,1.15,0.69,99.0,0.0,0.0,,11.0,,,,,85.0,0.25,0.15,2.42,25.0,0.03,0.02,0.27,2026,0,0,0.1,0,0.0,0.0,0.0,2025-12-13 18:00:00,Domestic League,859,430,107,0,78,473,386,859,0,0,-1,20,285,23,0,2025/2026,2025,2
France_Ligue_1_2025-2026,Bradley Barcola,PSG,Forward,23,186,76,France,6,7,13,0,0,0,0.0,2002-09-02,2,0.23,2,6,8,62,2,3,5,0.57,eu,,37.0,5.71,3.33,50.0,35.0,0.57,0.33,0.0,5.0,10000000.0,98.0,50.0,0.0,6.17,33.0,40.0,0.11,0.07,1.0,2.0,15.0,65.0,65.0,99.0,11.0,0.34,0.2,3.0,98.0,555.56,48.0,56.0,1.03,0.6,9.0,15.0,788.0,30.0,1.03,0.6,9.0,38.0,0.69,0.4,6.0,98.0,5.25,3.07,97.0,2.06,1.2,39.0,40.0,18.0,46.0,80.0,11.19,6.53,98.0,66.0,4.8,2.8,42.0,42.0,48.0,1.14,0.67,10.0,35.0,0.69,0.4,6.0,9.0,46.0,4.0,81.0,4.0,87.0,90.0,82.0,97.0,95.0,,76.0,0.0,0.0,,40.0,0.57,0.33,5.0,96.0,2.17,1.27,19.0,0.0,57.0,60.0,98.0,48.0,41.0,99.0,0.67,0.39,5.85,85.67,59.0,55.0,34.15,19.93,299.0,52.0,39.86,23.27,349.0,99.0,0.0,0.0,,,0.0,,1.0,,,,,0.0,0.0,,92.53,0.0,,,0.0,0.0,,29,0.0,53.12,89.0,15.62,75.0,1.0,0.57,0.33,5.0,92.0,1.71,1.0,15.0,99.0,1.94,1.13,17.0,98.0,3.65,2.13,0.0,6.4,32.0,50.0,1.48,0.87,99.0,0.0,0.0,,13.0,,,8.0,1.0,60.0,0.16,0.1,1.44,98.0,0.67,0.39,5.85,2026,1,4,0.57,5,0.25,0.83,0.57,2025-12-06 20:05:00,Domestic League,0,394,158,158,61,354,434,788,0,0,-1,2,17,-1,0,2025/2026,2025,2
France_Ligue_1_2025-2026,Lucas Chevalier,PSG,Goalkeeper,24,189,0,France,8,6,14,0,0,0,0.0,2001-11-06,0,0.0,2,5,7,50,8,3,11,0.79,eu,,33.0,0.0,0.0,,7.0,0.14,0.13,0.0,2.0,9090000.0,97.0,50.0,0.0,6.36,41.0,31.0,0.0,0.0,,,,26.0,23.0,94.0,22.0,0.57,0.53,8.0,85.0,0.0,33.0,17.0,0.0,0.0,,15.0,1260.0,99.0,0.0,0.0,,99.0,0.0,0.0,,9.0,0.0,0.0,11.0,0.0,0.0,0.0,11.0,,,,0.21,0.2,3.0,1.0,0.21,0.2,100.0,3.0,7.0,0.0,0.0,,2.0,0.07,0.07,1.0,14.0,89.0,,25.0,,18.0,28.0,68.0,57.0,43.0,,76.0,0.0,0.0,,7.0,0.0,0.0,,7.0,0.0,0.0,,0.0,76.0,23.0,85.0,43.0,88.0,10.0,0.0,0.0,0.0,88.31,75.0,22.0,20.5,19.13,287.0,16.0,23.21,21.67,325.0,99.0,0.0,0.0,,,0.0,,,1.0,,,38.0,0.29,0.27,4.0,95.43,69.23,81.0,10.0,1.93,1.8,27.0,30,0.0,0.0,21.0,0.0,46.0,92.0,2.79,2.6,39.0,10.0,0.0,0.0,,21.0,0.0,0.0,,8.0,0.0,0.0,0.0,0.0,,5.0,0.0,0.0,99.0,0.0,0.0,,,,,,,8.0,0.05,0.04,0.67,9.0,0.0,0.0,0.0,2026,0,0,0.0,0,0.0,0.0,0.0,2025-11-29 16:00:00,Domestic League,0,0,115,0,90,720,540,1260,0,0,-1,19,280,18,0,2025/2026,2025,0
France_Ligue_1_2025-2026,Warren Zaïre-Emery,PSG,Midfielder,19,178,70,France,9,7,16,1,0,1,0.07,2006-03-08,1,0.07,2,6,8,50,9,3,12,0.86,eu,,41.0,7.19,6.25,100.0,30.0,0.5,0.44,0.0,7.0,14540000.0,98.0,54.0,0.06,7.09,91.0,71.0,0.36,0.31,5.0,1.0,6.0,27.0,26.0,94.0,25.0,0.65,0.56,9.0,77.0,1250.0,72.0,44.0,0.58,0.5,8.0,16.0,1251.0,21.0,1.29,1.12,18.0,32.0,0.72,0.62,10.0,76.0,2.09,1.81,87.0,1.22,1.06,58.0,74.0,17.0,29.0,55.0,8.78,7.62,122.0,47.0,4.1,3.56,46.0,57.0,79.0,1.58,1.38,22.0,26.0,0.58,0.5,8.0,14.0,89.0,2.0,63.0,3.0,74.0,48.0,68.0,57.0,48.0,,76.0,0.0,0.0,,30.0,0.43,0.38,6.0,93.0,1.94,1.69,27.0,0.0,99.0,98.0,77.0,97.0,85.0,51.0,0.1,0.08,1.34,93.19,93.0,95.0,70.94,61.62,986.0,94.0,76.12,66.12,1058.0,99.0,0.0,0.0,,,0.0,,,,,,,0.0,0.0,,113.37,0.0,,,0.0,0.0,,33,0.0,44.44,75.0,11.11,61.0,21.0,0.94,0.81,13.0,32.0,0.36,0.31,5.0,55.0,0.29,0.25,4.0,40.0,0.65,0.56,0.0,9.0,9.0,67.0,1.8,1.56,99.0,0.0,0.0,,25.0,,,,,87.0,0.27,0.23,3.71,49.0,0.1,0.08,1.34,2026,1,0,0.14,1,0.12,0.0,0.07,2025-12-13 18:00:00,Domestic League,1250,1250,104,1250,78,734,516,1250,0,0,-1,14,161,-1,0,2025/2026,2025,1
France_Ligue_1_2025-2026,Ibrahim Mbaye,PSG,Midfielder,17,0,0,France,8,6,14,2,0,2,0.27,2008-01-24,0,0.0,1,5,6,43,3,3,6,0.82,eu,,85.0,27.48,13.33,200.0,34.0,0.55,0.27,0.0,4.0,1000000.0,29.0,91.0,0.14,5.88,24.0,31.0,0.0,0.0,,,,26.0,23.0,87.0,8.0,0.27,0.13,2.0,80.0,1666.67,80.0,66.0,1.65,0.8,12.0,15.0,655.0,10.0,1.79,0.87,13.0,88.0,0.14,0.07,1.0,99.0,5.91,2.87,97.0,2.2,1.07,37.0,37.0,16.0,43.0,89.0,12.78,6.2,93.0,74.0,5.22,2.53,40.0,38.0,57.0,1.24,0.6,9.0,69.0,1.37,0.67,10.0,7.0,29.0,7.0,94.0,3.0,74.0,78.0,68.0,75.0,63.0,,92.0,0.14,0.07,1.0,49.0,0.69,0.33,5.0,90.0,1.79,0.87,13.0,0.0,76.0,23.0,80.0,81.0,30.0,76.0,0.25,0.12,1.8,86.16,63.0,77.0,45.34,22.0,330.0,78.0,52.63,25.53,383.0,99.0,0.0,0.0,,,0.0,,,,,,,0.0,0.0,,88.23,0.0,,,0.0,0.0,,49,0.0,35.71,60.0,7.14,51.0,22.0,0.96,0.47,7.0,82.0,1.24,0.6,9.0,76.0,0.69,0.33,5.0,78.0,1.92,0.93,0.0,14.0,14.0,34.0,1.1,0.53,99.0,0.0,0.0,,8.0,,,,,94.0,0.32,0.16,2.35,73.0,0.25,0.12,1.8,2026,0,1,0.41,1,0.0,0.25,0.14,2025-12-13 18:00:00,Domestic League,328,0,109,655,47,302,353,655,0,0,-1,13,118,-1,0,2025/2026,2025,0
France_Ligue_1_2025-2026,Achraf Hakimi Mouh,PSG,Defender,27,181,65,Morocco,5,4,9,0,0,0,0.0,1970-01-11,2,0.28,2,4,6,67,4,0,4,0.55,eu,,78.0,23.81,17.3,173.0,7.0,0.14,0.1,0.0,1.0,20000000.0,99.0,50.0,0.0,6.46,46.0,31.0,0.0,0.0,,2.0,22.0,81.0,73.0,99.0,21.0,0.55,0.4,4.0,99.0,823.81,56.0,79.0,2.89,2.1,21.0,10.0,654.0,24.0,1.24,0.9,9.0,38.0,0.69,0.5,5.0,89.0,3.03,2.2,53.0,0.55,0.4,18.0,13.0,4.0,22.0,56.0,8.94,6.5,65.0,20.0,3.3,2.4,36.0,24.0,30.0,0.83,0.6,6.0,56.0,1.1,0.8,8.0,6.0,21.0,3.0,72.0,,18.0,67.0,95.0,57.0,83.0,,76.0,0.0,0.0,,49.0,0.69,0.5,5.0,81.0,1.38,1.0,10.0,0.0,15.0,51.0,99.0,62.0,30.0,80.0,0.27,0.2,1.98,92.01,91.0,98.0,79.27,57.6,576.0,99.0,86.15,62.6,626.0,99.0,0.0,0.0,,,0.0,,,,,,,0.0,0.0,,64.62,0.0,,,0.0,0.0,,2,0.0,40.0,70.0,20.0,87.0,3.0,0.69,0.5,5.0,65.0,0.83,0.6,6.0,72.0,0.55,0.4,4.0,66.0,1.38,1.0,0.0,5.0,10.0,58.0,1.65,1.2,99.0,0.0,0.0,,12.0,,,11.0,1.0,79.0,0.23,0.17,1.69,77.0,0.27,0.2,1.98,2026,2,0,0.28,2,0.55,0.0,0.28,2025-11-01 16:00:00,Domestic League,0,327,164,327,73,330,324,654,0,0,-1,5,58,4,0,2025/2026,2025,2
France_Ligue_1_2025-2026,Marcos Aoás Corrêa,PSG,Defender,31,183,75,Brazil,5,2,7,0,0,0,0.0,1970-01-09,0,0.0,1,2,3,43,3,0,3,0.55,eu,,33.0,0.0,0.0,,85.0,2.02,1.0,0.0,11.0,19630000.0,99.0,50.0,0.0,4.43,5.0,31.0,0.0,0.0,,,,26.0,23.0,87.0,76.0,2.76,1.36,15.0,99.0,0.0,33.0,25.0,0.18,0.09,1.0,11.0,489.0,79.0,0.18,0.09,1.0,99.0,0.0,0.0,,16.0,0.18,0.09,22.0,0.18,0.09,100.0,99.0,1.0,1.0,21.0,6.26,3.09,34.0,32.0,3.68,1.82,58.0,20.0,24.0,0.74,0.36,4.0,2.0,0.0,0.0,,5.0,13.0,2.0,63.0,,18.0,52.0,84.0,57.0,69.0,,76.0,0.0,0.0,,38.0,0.55,0.27,3.0,29.0,0.37,0.18,2.0,0.0,6.0,23.0,98.0,74.0,13.0,16.0,0.01,0.0,0.05,94.64,98.0,98.0,81.17,40.09,441.0,98.0,85.77,42.36,466.0,99.0,0.0,0.0,,,0.0,,,,,,,0.0,0.0,,48.76,0.0,,,0.0,0.0,,5,0.0,0.0,21.0,0.0,46.0,1.0,0.55,0.27,3.0,17.0,0.18,0.09,1.0,21.0,0.0,0.0,,13.0,0.18,0.09,0.0,0.0,1.0,49.0,1.47,0.73,99.0,0.0,0.0,,8.0,,,,,75.0,0.2,0.1,1.1,16.0,0.01,0.0,0.05,2026,1,0,0.18,1,0.29,0.0,0.18,2025-12-06 20:05:00,Domestic League,0,0,163,489,70,309,180,489,0,0,-1,10,104,3,0,2025/2026,2025,0
France_Ligue_1_2025-2026,Khvicha Kvaratskhelia,PSG,Midfielder,24,183,70,Georgia,8,6,14,1,2,3,0.39,1970-01-12,1,0.13,2,5,7,50,6,0,6,0.79,eu,,56.0,13.91,7.57,106.0,33.0,0.52,0.29,0.0,4.0,21810000.0,99.0,97.0,0.21,7.24,98.0,63.0,0.26,0.14,2.0,1.0,7.0,33.0,37.0,94.0,20.0,0.52,0.29,4.0,85.0,460.87,41.0,81.0,3.02,1.64,23.0,14.0,686.0,5.0,2.1,1.14,16.0,55.0,0.52,0.29,4.0,99.0,5.38,2.93,99.0,2.76,1.5,51.0,66.0,21.0,41.0,93.0,13.64,7.43,104.0,92.0,6.43,3.5,47.0,49.0,52.0,1.18,0.64,9.0,80.0,1.71,0.93,13.0,8.0,36.0,6.0,89.0,2.0,60.0,96.0,80.0,94.0,91.0,,76.0,0.0,0.0,,45.0,0.66,0.36,5.0,97.0,2.36,1.29,18.0,0.0,76.0,87.0,85.0,52.0,33.0,98.0,0.61,0.33,4.63,86.9,67.0,77.0,45.26,24.64,345.0,76.0,52.08,28.36,397.0,99.0,0.0,0.0,,,0.0,,,,,,,0.0,0.0,,101.37,0.0,,,0.0,0.0,,7,0.0,45.16,76.0,9.68,56.0,20.0,0.92,0.5,7.0,98.0,2.23,1.21,17.0,99.0,1.84,1.0,14.0,99.0,4.07,2.21,0.0,10.33,31.0,48.0,1.44,0.79,99.0,0.0,0.0,,11.0,,,7.0,1.0,99.0,0.41,0.22,3.12,97.0,0.61,0.33,4.63,2026,1,2,0.79,3,0.22,0.63,0.39,2025-12-06 20:05:00,Domestic League,229,687,115,229,49,402,285,687,0,0,-1,4,33,-1,0,2025/2026,2025,1
France_Ligue_1_2025-2026,Ousmane Dembélé,PSG,Forward,28,178,67,France,5,3,8,1,1,2,0.54,1970-01-10,0,0.0,2,3,5,63,3,0,3,0.81,eu,,95.0,40.3,18.75,150.0,14.0,0.27,0.12,0.0,1.0,27270000.0,99.0,99.0,0.25,7.25,98.0,31.0,0.0,0.0,,,,26.0,23.0,99.0,2.0,0.0,0.0,,82.0,789.47,54.0,95.0,5.1,2.38,19.0,8.0,335.0,20.0,1.34,0.62,5.0,99.0,0.0,0.0,,93.0,3.49,1.62,95.0,1.61,0.75,46.0,54.0,6.0,13.0,38.0,7.52,3.5,28.0,15.0,2.96,1.38,39.0,11.0,27.0,0.81,0.38,3.0,10.0,0.27,0.12,1.0,3.0,2.0,5.0,85.0,4.0,87.0,99.0,99.0,57.0,95.0,,76.0,0.0,0.0,,7.0,0.0,0.0,,99.0,4.84,2.25,18.0,0.0,9.0,23.0,81.0,48.0,,16.0,0.01,0.0,0.03,86.18,63.0,94.0,70.39,32.75,262.0,96.0,81.67,38.0,304.0,99.0,0.0,0.0,,1.0,0.0,2.0,,,3.0,,,0.0,0.0,,57.96,0.0,,,0.0,0.0,,10,0.0,30.77,49.0,15.38,74.0,9.0,0.81,0.38,3.0,99.0,2.42,1.12,9.0,90.0,1.07,0.5,4.0,97.0,3.49,1.62,0.0,6.5,13.0,22.0,0.81,0.38,99.0,0.0,0.0,,3.0,,,,,99.0,0.65,0.3,2.43,95.0,0.57,0.27,2.13,2026,2,0,1.08,2,0.86,0.0,0.54,2025-10-29 18:00:00,Domestic League,167,0,111,167,42,209,125,334,2,0,100,9,19,-1,0,2025/2026,2025,0
France_Ligue_1_2025-2026,Désiré Doué,PSG,Midfielder,20,0,0,France,5,2,7,0,1,1,0.25,2005-06-03,0,0.0,2,1,3,43,3,3,6,1.51,eu,,95.0,41.34,23.43,164.0,2.0,0.0,0.0,0.0,,9640000.0,97.0,89.0,0.14,7.03,87.0,62.0,0.25,0.14,1.0,,,26.0,23.0,87.0,8.0,0.25,0.14,1.0,30.0,1366.67,74.0,81.0,3.03,1.71,12.0,7.0,357.0,,3.28,1.86,13.0,58.0,0.5,0.29,2.0,99.0,6.81,3.86,95.0,1.76,1.0,25.0,16.0,7.0,27.0,99.0,18.15,10.29,72.0,98.0,7.82,4.43,43.0,31.0,75.0,1.51,0.86,6.0,97.0,2.52,1.43,10.0,4.0,7.0,3.0,72.0,4.0,87.0,95.0,99.0,57.0,94.0,,99.0,0.76,0.43,3.0,36.0,0.5,0.29,2.0,98.0,2.52,1.43,10.0,0.0,6.0,23.0,30.0,49.0,,95.0,0.51,0.29,2.03,84.38,51.0,78.0,47.65,27.0,189.0,81.0,56.47,32.0,224.0,99.0,0.0,0.0,,,0.0,,2.0,,,,,0.0,0.0,,49.18,0.0,,,0.0,0.0,,14,0.0,36.36,61.0,18.18,82.0,61.0,1.51,0.86,6.0,94.0,1.76,1.0,7.0,88.0,1.01,0.57,4.0,93.0,2.77,1.57,0.0,5.5,11.0,99.0,3.53,2.0,99.0,0.0,0.0,,14.0,,,,,97.0,0.36,0.2,1.41,93.0,0.51,0.29,2.03,2026,2,0,0.76,2,0.82,0.0,0.5,2025-10-29 18:00:00,Domestic League,357,0,60,179,51,219,138,357,0,0,-1,8,23,-1,0,2025/2026,2025,0
France_Ligue_1_2025-2026,Nuno Mendes,PSG,Defender,23,176,0,Portugal,5,5,10,1,1,2,0.31,2002-06-19,1,0.16,1,4,5,50,4,0,4,0.62,eu,,99.0,65.31,32.15,418.0,9.0,0.16,0.08,0.0,1.0,15460000.0,98.0,94.0,0.2,5.04,12.0,67.0,0.31,0.15,2.0,1.0,10.0,44.0,46.0,94.0,35.0,0.94,0.46,6.0,95.0,1441.38,76.0,91.0,4.53,2.23,29.0,13.0,576.0,29.0,1.09,0.54,7.0,49.0,0.62,0.31,4.0,95.0,4.06,2.0,94.0,1.41,0.69,34.0,31.0,9.0,26.0,72.0,10.31,5.08,66.0,60.0,4.53,2.23,43.0,29.0,45.0,1.09,0.54,7.0,71.0,1.41,0.69,9.0,6.0,21.0,4.0,81.0,2.0,60.0,92.0,98.0,57.0,86.0,,76.0,0.0,0.0,,54.0,0.78,0.38,5.0,96.0,2.19,1.08,14.0,0.0,23.0,79.0,95.0,58.0,21.0,89.0,0.36,0.18,2.33,89.64,81.0,91.0,62.19,30.62,398.0,91.0,69.38,34.15,444.0,3.0,0.16,0.08,1.0,,0.0,,,,,,,0.0,0.0,,65.49,0.0,,,0.0,0.0,,25,0.0,58.33,91.0,16.67,79.0,2.0,0.62,0.31,4.0,62.0,0.78,0.38,5.0,91.0,1.09,0.54,7.0,78.0,1.88,0.92,0.0,6.0,12.0,54.0,1.56,0.77,99.0,0.0,0.0,,10.0,,,,,98.0,0.4,0.19,2.53,86.0,0.36,0.18,2.33,2026,2,0,0.62,2,0.63,0.0,0.31,2025-11-22 20:05:00,Domestic League,289,577,144,289,58,286,291,577,0,0,-1,7,48,7,0,2025/2026,2025,1
France_Ligue_1_2025-2026,Matvey Safonov,PSG,Goalkeeper,26,192,82,Russia,1,1,2,0,0,0,0.0,1970-01-11,0,0.0,0,1,1,50,2,0,2,1.0,eu,,33.0,0.0,0.0,,2.0,0.0,0.0,0.0,,5090000.0,90.0,50.0,0.0,0.9,,31.0,0.0,0.0,,,,26.0,23.0,94.0,2.0,0.0,0.0,,72.0,0.0,33.0,17.0,0.0,0.0,,15.0,180.0,99.0,0.0,0.0,,99.0,0.0,0.0,,9.0,0.0,0.0,11.0,0.0,0.0,0.0,11.0,,,,0.0,0.0,,,0.0,0.0,0.0,,7.0,0.0,0.0,,2.0,0.0,0.0,,2.0,,,25.0,,18.0,28.0,68.0,57.0,43.0,,76.0,0.0,0.0,,7.0,0.0,0.0,,7.0,0.0,0.0,,0.0,,23.0,72.0,43.0,,10.0,0.0,0.0,0.0,83.02,46.0,25.0,22.0,2.93,44.0,21.0,26.5,3.53,53.0,99.0,0.0,0.0,,,0.0,,,,,,,0.0,0.0,,13.44,71.43,81.0,38.0,2.5,0.33,5.0,39,0.0,0.0,21.0,0.0,46.0,94.0,3.5,0.47,7.0,10.0,0.0,0.0,,21.0,0.0,0.0,,8.0,0.0,0.0,0.0,0.0,,5.0,0.0,0.0,99.0,0.0,0.0,,,,,,,4.0,0.04,0.01,0.09,9.0,0.0,0.0,0.0,2026,0,0,0.0,0,0.0,0.0,0.0,2025-12-13 18:00:00,Domestic League,0,0,90,0,90,90,90,180,0,0,-1,21,-1,-1,0,2025/2026,2025,0
France_Ligue_1_2025-2026,William Joel Pacho Tenorio,PSG,Defender,24,187,0,Ecuador,7,4,11,0,0,0,0.0,2001-10-16,0,0.0,1,3,4,36,8,0,8,0.86,eu,,33.0,0.0,0.0,,71.0,1.4,0.87,0.0,13.0,8000000.0,96.0,50.0,0.0,5.03,11.0,77.0,0.43,0.27,4.0,,,26.0,23.0,77.0,74.0,2.59,1.6,24.0,77.0,0.0,33.0,17.0,0.0,0.0,,15.0,834.0,72.0,0.32,0.2,3.0,72.0,0.32,0.2,3.0,9.0,0.0,0.0,11.0,0.0,0.0,0.0,11.0,,,12.0,5.29,3.27,49.0,22.0,3.35,2.07,63.0,31.0,11.0,0.32,0.2,3.0,20.0,0.43,0.27,4.0,9.0,46.0,2.0,63.0,4.0,87.0,28.0,68.0,57.0,43.0,,76.0,0.0,0.0,,74.0,1.08,0.67,10.0,20.0,0.22,0.13,2.0,0.0,31.0,23.0,77.0,43.0,45.0,21.0,0.02,0.01,0.15,94.84,99.0,96.0,75.43,46.6,699.0,96.0,79.53,49.13,737.0,99.0,0.0,0.0,,,0.0,,,,,,,0.0,0.0,,75.46,0.0,,,0.0,0.0,,51,0.0,0.0,21.0,0.0,46.0,23.0,0.97,0.6,9.0,30.0,0.32,0.2,3.0,21.0,0.0,0.0,,20.0,0.32,0.2,0.0,0.0,3.0,57.0,1.62,1.0,99.0,0.0,0.0,,15.0,,,,,72.0,0.19,0.12,1.76,20.0,0.02,0.01,0.15,2026,0,0,0.0,0,0.0,0.0,0.0,2025-12-13 18:00:00,Domestic League,0,0,104,0,76,535,299,834,0,0,-1,22,279,24,0,2025/2026,2025,0
France_Ligue_1_2025-2026,Renato Bellucci Marin,PSG,Midfielder,19,0,0,Brazil,0,0,0,0,0,0,0.0,2006-07-10,0,0.0,0,0,0,0,0,0,0,0.0,eu,,,,,,,,,,,,,,,,,,,,,,,,,,,,,,,,,,,,,,,,,,,,,,,,,,,,,,,,,,,,,,,,,,,,,,,,,,,,,,,,,,,,,,,,,,,,,,,,,,,,,,,,,,,,,,,,,,,,,,,,,,,,,,,,,,,,,,,,,,,,,,,,,,,,,,,,,,,,,,,,,,,,,,,,,,,,,,,,,,,,,,,2026,0,0,0.0,0,0.0,0.0,0.0,1970-01-01 00:00:00,Domestic League,0,0,0,0,0,0,0,0,0,0,-1,-1,-1,-1,0,2025/2026,2025,0
France_Ligue_1_2025-2026,João Pedro Gonçalves Neves,PSG,Midfielder,21,0,0,Portugal,4,5,9,0,1,1,0.14,2004-09-27,0,0.0,0,5,5,56,6,0,6,0.85,eu,,57.0,14.2,10.0,100.0,66.0,1.28,0.9,0.0,9.0,8000000.0,96.0,73.0,0.11,6.77,65.0,77.0,0.43,0.3,3.0,,,26.0,23.0,99.0,8.0,0.28,0.2,2.0,78.0,9999.99,99.0,23.0,0.14,0.1,1.0,10.0,634.0,73.0,0.28,0.2,2.0,22.0,0.85,0.6,6.0,30.0,0.57,0.4,32.0,0.28,0.2,50.0,65.0,2.0,4.0,30.0,6.96,4.9,49.0,41.0,3.97,2.8,57.0,28.0,38.0,0.99,0.7,7.0,20.0,0.43,0.3,3.0,7.0,29.0,2.0,63.0,4.0,87.0,97.0,99.0,76.0,98.0,1.0,76.0,0.0,0.0,,59.0,0.85,0.6,6.0,70.0,1.14,0.8,8.0,0.0,15.0,23.0,78.0,45.0,26.0,98.0,0.6,0.42,4.23,93.27,94.0,94.0,68.85,48.5,485.0,93.0,73.82,52.0,520.0,99.0,0.0,0.0,,,0.0,,1.0,,,,,0.0,0.0,,67.7,0.0,,,0.0,0.0,,87,0.0,31.25,50.0,31.25,95.0,24.0,0.99,0.7,7.0,90.0,1.56,1.1,11.0,77.0,0.71,0.5,5.0,85.0,2.27,1.6,0.0,3.2,16.0,84.0,2.27,1.6,99.0,0.0,0.0,,16.0,11.0,1.0,11.0,1.0,86.0,0.26,0.18,1.81,96.0,0.6,0.42,4.23,2026,4,1,0.85,5,1.15,0.28,0.71,2025-12-06 20:05:00,Domestic League,635,0,106,127,71,314,321,635,0,0,-1,1,6,-1,0,2025/2026,2025,0
France_Ligue_1_2025-2026,Noham Kamara,PSG,Defender,55,0,0,,0,0,0,0,0,0,0.0,1970-01-01,0,0.0,0,0,0,0,0,0,0,0.0,eu,,,,,,,,,,,,,,,,,,,,,,,,,,,,,,,,,,,,,,,,,,,,,,,,,,,,,,,,,,,,,,,,,,,,,,,,,,,,,,,,,,,,,,,,,,,,,,,,,,,,,,,,,,,,,,,,,,,,,,,,,,,,,,,,,,,,,,,,,,,,,,,,,,,,,,,,,,,,,,,,,,,,,,,,,,,,,,,,,,,,,,,2026,0,0,0.0,0,0.0,0.0,0.0,1970-01-01 00:00:00,Domestic League,0,0,0,0,0,0,0,0,0,0,-1,-1,-1,-1,0,2025/2026,2025,0
France_Ligue_1_2025-2026,Ilann Garin,Angers SCO,Midfielder,55,0,0,,0,0,0,0,0,0,0.0,1970-01-01,0,0.0,0,0,0,0,0,0,0,0.0,eu,,,,,,,,,,,,,,,,,,,,,,,,,,,,,,,,,,,,,,,,,,,,,,,,,,,,,,,,,,,,,,,,,,,,,,,,,,,,,,,,,,,,,,,,,,,,,,,,,,,,,,,,,,,,,,,,,,,,,,,,,,,,,,,,,,,,,,,,,,,,,,,,,,,,,,,,,,,,,,,,,,,,,,,,,,,,,,,,,,,,,,,2026,0,0,0.0,0,0.0,0.0,0.0,1970-01-01 00:00:00,Domestic League,0,0,0,0,0,0,0,0,0,0,-1,-1,-1,-1,0,2025/2026,2025,0
France_Ligue_1_2025-2026,Neal Maupay,Olympique Marseille,Forward,29,173,69,France,1,0,1,0,0,0,0.0,1970-01-10,0,0.0,0,0,0,0,0,0,0,0.0,eu,,33.0,0.0,0.0,,2.0,0.0,0.0,0.0,,3000000.0,74.0,50.0,0.0,2.17,,31.0,0.0,0.0,,,,26.0,23.0,2.0,2.0,0.0,0.0,,99.0,0.0,33.0,17.0,0.0,0.0,,3.0,13.0,99.0,0.0,0.0,,99.0,0.0,0.0,,9.0,0.0,0.0,11.0,0.0,0.0,0.0,11.0,,,,0.0,0.0,,,0.0,0.0,0.0,,7.0,0.0,0.0,,2.0,0.0,0.0,,,,1.0,48.0,,18.0,28.0,68.0,57.0,43.0,,76.0,0.0,0.0,,7.0,0.0,0.0,,7.0,0.0,0.0,,0.0,,23.0,,43.0,,10.0,0.0,0.0,0.0,100.0,99.0,,6.92,0.33,1.0,,6.92,0.33,1.0,99.0,0.0,0.0,,,0.0,,,,,,,0.0,0.0,,6.5,0.0,,,0.0,0.0,,7,0.0,0.0,21.0,0.0,46.0,,0.0,0.0,,10.0,0.0,0.0,,21.0,0.0,0.0,,8.0,0.0,0.0,0.0,0.0,,5.0,0.0,0.0,99.0,0.0,0.0,,,,,,,,0.0,0.0,0.0,9.0,0.0,0.0,0.0,2026,0,0,0.0,0,0.0,0.0,0.0,1970-01-01 00:00:00,Domestic League,0,0,0,0,1,1,0,1,0,0,-1,21,-1,-1,0,2025/2026,2025,0
France_Ligue_1_2025-2026,Pol Mikel Lirola Kosok,Olympique Marseille,Defender,28,183,70,Spain,2,1,3,0,0,0,0.0,1970-01-11,0,0.0,1,0,1,33,1,0,1,2.9,eu,,33.0,0.0,0.0,,99.0,11.61,1.0,0.0,4.0,1000000.0,29.0,50.0,0.0,3.17,1.0,31.0,0.0,0.0,,,,26.0,23.0,73.0,2.0,0.0,0.0,,,0.0,33.0,97.0,5.81,0.5,2.0,4.0,31.0,99.0,0.0,0.0,,99.0,0.0,0.0,,99.0,5.81,0.5,11.0,0.0,0.0,0.0,11.0,,2.0,99.0,34.84,3.0,12.0,99.0,14.52,1.25,41.0,5.0,99.0,2.9,0.25,1.0,99.0,5.81,0.5,2.0,,,3.0,72.0,,18.0,28.0,68.0,57.0,43.0,,76.0,0.0,0.0,,99.0,2.9,0.25,1.0,99.0,2.9,0.25,1.0,0.0,,23.0,,43.0,,10.0,0.0,0.0,0.0,83.33,46.0,41.0,29.03,2.5,10.0,40.0,34.84,3.0,12.0,99.0,0.0,0.0,,,0.0,,,,,,,0.0,0.0,,12.68,0.0,,,0.0,0.0,,29,0.0,0.0,21.0,0.0,46.0,99.0,5.81,0.5,2.0,10.0,0.0,0.0,,21.0,0.0,0.0,,8.0,0.0,0.0,0.0,0.0,,5.0,0.0,0.0,99.0,0.0,0.0,,,,,,,64.0,0.17,0.01,0.06,9.0,0.0,0.0,0.0,2026,0,0,0.0,0,0.0,0.0,0.0,1970-01-01 00:00:00,Domestic League,0,0,31,0,10,30,1,31,0,0,-1,14,-1,-1,0,2025/2026,2025,0
France_Ligue_1_2025-2026,Keyliane Hikram Abdallah,Olympique Marseille,Forward,19,185,71,Mayotte,0,0,0,0,0,0,0.0,2006-04-05,0,0.0,0,0,0,0,0,0,0,0.0,eu,,,,,,,,,,,,,,,,,,,,,,,,,,,,,,,,,,,,,,,,,,,,,,,,,,,,,,,,,,,,,,,,,,,,,,,,,,,,,,,,,,,,,,,,,,,,,,,,,,,,,,,,,,,,,,,,,,,,,,,,,,,,,,,,,,,,,,,,,,,,,,,,,,,,,,,,,,,,,,,,,,,,,,,,,,,,,,,,,,,,,,,2026,0,0,0.0,0,0.0,0.0,0.0,1970-01-01 00:00:00,Domestic League,0,0,0,0,0,0,0,0,0,0,-1,-1,-1,-1,0,2025/2026,2025,0
France_Ligue_1_2025-2026,Théo Vermot,Olympique Marseille,Goalkeeper,28,190,0,France,0,0,0,0,0,0,0.0,1970-01-10,0,0.0,0,0,0,0,0,0,0,0.0,eu,,,,,,,,,,,,,,,,,,,,,,,,,,,,,,,,,,,,,,,,,,,,,,,,,,,,,,,,,,,,,,,,,,,,,,,,,,,,,,,,,,,,,,,,,,,,,,,,,,,,,,,,,,,,,,,,,,,,,,,,,,,,,,,,,,,,,,,,,,,,,,,,,,,,,,,,,,,,,,,,,,,,,,,,,,,,,,,,,,,,,,,2026,0,0,0.0,0,0.0,0.0,0.0,1970-01-01 00:00:00,Domestic League,0,0,0,0,0,0,0,0,0,0,-1,-1,-1,-1,0,2025/2026,2025,0
France_Ligue_1_2025-2026,Otavio Ataide da Silva,Paris,Defender,23,0,0,Brazil,6,7,13,0,0,0,0.0,2002-04-21,7,0.56,2,1,3,23,8,10,18,1.45,eu,,33.0,0.0,0.0,,66.0,1.29,1.23,0.0,16.0,2730000.0,72.0,50.0,0.0,6.87,74.0,92.0,0.72,0.69,9.0,5.0,38.0,99.0,97.0,45.0,99.0,7.08,6.77,88.0,34.0,0.0,33.0,20.0,0.08,0.08,1.0,13.0,1118.0,60.0,0.48,0.46,6.0,79.0,0.24,0.23,3.0,25.0,0.48,0.46,48.0,0.48,0.46,100.0,99.0,6.0,6.0,54.0,8.61,8.23,107.0,84.0,5.64,5.38,65.0,70.0,55.0,1.21,1.15,15.0,84.0,1.77,1.69,22.0,12.0,70.0,1.0,48.0,,18.0,28.0,68.0,57.0,43.0,,76.0,0.0,0.0,,93.0,1.53,1.46,19.0,11.0,0.08,0.08,1.0,0.0,57.0,27.0,34.0,43.0,72.0,26.0,0.03,0.03,0.41,88.93,78.0,91.0,62.71,59.92,779.0,92.0,70.52,67.38,876.0,13.0,0.08,0.08,1.0,,0.0,,,,,,,0.0,0.0,,89.31,0.0,,,0.0,0.0,,6,0.0,0.0,21.0,0.0,46.0,63.0,1.53,1.46,19.0,49.0,0.56,0.54,7.0,21.0,0.0,0.0,,35.0,0.56,0.54,0.0,0.0,7.0,77.0,2.09,2.0,99.0,0.0,0.0,,26.0,,,,,47.0,0.13,0.12,1.61,25.0,0.03,0.03,0.41,2026,0,0,0.0,0,0.0,0.0,0.0,2025-12-13 20:05:00,Domestic League,0,160,62,0,86,534,584,1118,0,0,-1,15,229,77,1,2025/2026,2025,6
France_Ligue_1_2025-2026,Willem Geubbels,Paris,Forward,24,185,72,France,6,8,14,1,0,1,0.16,1970-01-12,0,0.0,1,1,2,14,6,7,13,2.04,eu,,33.0,0.0,0.0,,98.0,3.29,1.4,0.0,21.0,1810000.0,55.0,77.0,0.07,6.21,36.0,67.0,0.31,0.13,2.0,,,26.0,23.0,21.0,35.0,0.94,0.4,6.0,5.0,0.0,33.0,53.0,0.94,0.4,6.0,15.0,574.0,34.0,0.94,0.4,6.0,74.0,0.31,0.13,2.0,31.0,0.63,0.27,11.0,0.0,0.0,0.0,11.0,,4.0,83.0,11.76,5.0,75.0,34.0,3.76,1.6,32.0,24.0,96.0,2.2,0.93,14.0,11.0,0.31,0.13,2.0,7.0,29.0,7.0,94.0,2.0,60.0,85.0,96.0,57.0,86.0,,99.0,0.31,0.13,2.0,21.0,0.31,0.13,2.0,34.0,0.47,0.2,3.0,0.0,76.0,23.0,5.0,57.0,21.0,91.0,0.39,0.16,2.47,70.69,6.0,8.0,12.86,5.47,82.0,8.0,18.19,7.73,116.0,99.0,0.0,0.0,,,0.0,,,,,,,0.0,0.0,,93.1,0.0,,,0.0,0.0,,9,0.0,20.0,31.0,10.0,58.0,84.0,2.04,0.87,13.0,99.0,2.51,1.07,16.0,74.0,0.63,0.27,4.0,95.0,3.14,1.33,0.0,10.0,20.0,8.0,0.16,0.07,99.0,0.0,0.0,,1.0,,,,,4.0,0.04,0.02,0.24,89.0,0.39,0.16,2.47,2026,2,0,0.47,2,0.59,0.0,0.31,2025-11-23 19:45:00,Domestic League,574,0,44,287,41,304,270,574,0,0,-1,3,49,-1,0,2025/2026,2025,0
France_Ligue_1_2025-2026,Thibault De Smet,Paris,Defender,27,183,0,Belgium,5,8,13,0,1,1,0.1,1970-01-11,4,0.42,1,1,2,15,6,11,17,1.78,eu,,72.0,21.29,14.5,203.0,50.0,0.84,0.57,0.0,8.0,1140000.0,38.0,63.0,0.08,6.02,29.0,39.0,0.1,0.07,1.0,3.0,23.0,82.0,91.0,24.0,79.0,2.94,2.0,28.0,13.0,966.67,63.0,73.0,2.2,1.5,21.0,14.0,858.0,85.0,0.1,0.07,1.0,23.0,0.84,0.57,8.0,20.0,0.31,0.21,25.0,0.21,0.14,66.0,87.0,2.0,3.0,27.0,6.71,4.57,64.0,38.0,3.88,2.64,57.0,37.0,41.0,1.05,0.71,10.0,66.0,1.26,0.86,12.0,10.0,56.0,3.0,72.0,1.0,44.0,41.0,68.0,57.0,43.0,,84.0,0.1,0.07,1.0,44.0,0.63,0.43,6.0,31.0,0.42,0.29,4.0,0.0,57.0,34.0,13.0,43.0,49.0,21.0,0.02,0.01,0.21,85.96,61.0,70.0,41.75,28.43,398.0,71.0,48.57,33.07,463.0,99.0,0.0,0.0,,,0.0,,,,,,,0.0,0.0,,84.25,0.0,,,0.0,0.0,,28,0.0,0.0,21.0,0.0,46.0,82.0,1.89,1.29,18.0,36.0,0.42,0.29,4.0,21.0,0.0,0.0,,26.0,0.42,0.29,0.0,0.0,4.0,54.0,1.57,1.07,99.0,0.0,0.0,,15.0,,,,,64.0,0.17,0.12,1.61,20.0,0.02,0.01,0.21,2026,0,0,0.1,0,0.0,0.0,0.0,2025-11-29 18:00:00,Domestic League,858,215,50,0,66,334,524,858,0,0,-1,14,205,103,1,2025/2026,2025,4
France_Ligue_1_2025-2026,Kevin Trapp,Paris,Goalkeeper,35,189,88,Germany,3,2,5,0,0,0,0.0,1970-01-08,0,0.0,2,0,2,40,3,5,8,1.6,eu,,33.0,0.0,0.0,,22.0,0.4,0.13,0.0,2.0,3410000.0,80.0,50.0,0.0,2.23,,31.0,0.0,0.0,,,,26.0,23.0,83.0,39.0,1.0,0.33,5.0,23.0,0.0,33.0,17.0,0.0,0.0,,15.0,450.0,99.0,0.0,0.0,,99.0,0.0,0.0,,9.0,0.0,0.0,11.0,0.0,0.0,0.0,11.0,,,4.0,0.6,0.2,3.0,5.0,0.6,0.2,100.0,3.0,7.0,0.0,0.0,,17.0,0.4,0.13,2.0,5.0,13.0,,25.0,,18.0,28.0,68.0,57.0,43.0,,76.0,0.0,0.0,,14.0,0.2,0.07,1.0,7.0,0.0,0.0,,0.0,1.0,23.0,23.0,43.0,10.0,10.0,0.0,0.0,0.0,75.71,19.0,48.0,31.8,10.6,159.0,57.0,42.0,14.0,210.0,99.0,0.0,0.0,,,0.0,,,1.0,,,71.0,0.4,0.13,2.0,33.47,59.09,19.0,48.0,2.6,0.87,13.0,35,0.0,0.0,21.0,0.0,46.0,98.0,4.4,1.47,22.0,10.0,0.0,0.0,,21.0,0.0,0.0,,8.0,0.0,0.0,0.0,0.0,,5.0,0.0,0.0,99.0,0.0,0.0,,,,,,,18.0,0.08,0.03,0.39,9.0,0.0,0.0,0.0,2026,0,0,0.0,0,0.0,0.0,0.0,2025-12-13 20:05:00,Domestic League,0,0,56,0,90,270,180,450,0,0,-1,13,204,91,0,2025/2026,2025,0
France_Ligue_1_2025-2026,Kevin Carlos Omoruyi Benjamin,Nice,Forward,24,188,84,Spain,5,4,9,0,0,0,0.0,1970-01-12,1,0.18,0,2,2,22,5,1,6,1.07,eu,,64.0,17.75,7.14,100.0,97.0,3.02,1.21,0.0,17.0,1450000.0,45.0,50.0,0.0,3.7,3.0,31.0,0.0,0.0,,1.0,11.0,46.0,50.0,42.0,33.0,0.89,0.36,5.0,67.0,5000.0,97.0,34.0,0.36,0.14,2.0,14.0,507.0,24.0,1.24,0.5,7.0,69.0,0.36,0.14,2.0,57.0,1.24,0.5,37.0,0.36,0.14,28.0,21.0,2.0,7.0,90.0,13.14,5.29,74.0,72.0,5.15,2.07,39.0,29.0,99.0,3.37,1.36,19.0,84.0,1.78,0.71,10.0,6.0,21.0,3.0,72.0,4.0,87.0,28.0,68.0,57.0,43.0,,76.0,0.0,0.0,,13.0,0.18,0.07,1.0,17.0,0.18,0.07,1.0,0.0,15.0,74.0,68.0,43.0,14.0,76.0,0.25,0.1,1.4,63.1,2.0,2.0,9.41,3.79,53.0,3.0,14.91,6.0,84.0,99.0,0.0,0.0,,,0.0,,1.0,,,,,0.0,0.0,,51.77,0.0,,,0.0,0.0,,90,0.0,50.0,87.0,0.0,46.0,41.0,1.24,0.5,7.0,82.0,1.24,0.5,7.0,94.0,1.24,0.5,7.0,90.0,2.49,1.0,0.0,0.0,14.0,9.0,0.18,0.07,99.0,0.0,0.0,,1.0,,,,,,0.02,0.01,0.14,73.0,0.25,0.1,1.4,2026,0,0,0.0,0,0.0,0.0,0.0,2025-11-09 16:15:00,Domestic League,0,507,85,0,56,280,227,507,0,0,-1,20,203,-1,0,2025/2026,2025,1
France_Ligue_1_2025-2026,Pablo Paulino Rosario,Nice,Midfielder,28,185,73,Netherlands,0,1,1,0,0,0,0.0,1970-01-10,0,0.0,0,0,0,0,0,0,0,0.0,eu,,33.0,0.0,0.0,,2.0,0.0,0.0,0.0,,,1.0,50.0,0.0,6.72,56.0,31.0,0.0,0.0,,,,26.0,23.0,2.0,2.0,0.0,0.0,,99.0,0.0,33.0,17.0,0.0,0.0,,1.0,27.0,99.0,0.0,0.0,,99.0,0.0,0.0,,99.0,10.0,3.0,99.0,6.67,2.0,66.0,87.0,2.0,3.0,99.0,16.67,5.0,5.0,99.0,10.0,3.0,60.0,3.0,7.0,0.0,0.0,,2.0,0.0,0.0,,,,1.0,48.0,,18.0,28.0,68.0,57.0,43.0,,76.0,0.0,0.0,,7.0,0.0,0.0,,99.0,3.33,1.0,1.0,0.0,,23.0,,43.0,,99.0,0.7,0.21,0.21,93.75,96.0,82.0,50.0,15.0,15.0,79.0,53.33,16.0,16.0,99.0,0.0,0.0,,,0.0,,,,,,,0.0,0.0,,6.72,0.0,,,0.0,0.0,,8,0.0,50.0,87.0,0.0,46.0,,0.0,0.0,,99.0,3.33,1.0,1.0,99.0,3.33,1.0,1.0,99.0,6.67,2.0,0.0,0.0,2.0,98.0,3.33,1.0,99.0,0.0,0.0,,1.0,,,,,87.0,0.27,0.08,0.08,98.0,0.7,0.21,0.21,2026,0,0,0.0,0,0.0,0.0,0.0,1970-01-01 00:00:00,Domestic League,0,0,0,0,27,0,27,27,0,0,-1,17,-1,-1,0,2025/2026,2025,0
France_Ligue_1_2025-2026,Daniel Namaso Edi-Mesumbe Loader,Auxerre,Forward,25,182,77,England,6,7,13,0,1,1,0.08,1970-01-12,4,0.33,0,2,2,15,9,6,15,1.24,eu,,43.0,8.24,7.69,100.0,71.0,1.4,1.31,0.0,17.0,820000.0,22.0,58.0,0.08,6.74,60.0,31.0,0.0,0.0,,4.0,31.0,93.0,79.0,24.0,31.0,0.82,0.77,10.0,50.0,1428.57,76.0,44.0,0.58,0.54,7.0,13.0,1092.0,6.0,2.06,1.92,25.0,71.0,0.33,0.31,4.0,96.0,4.12,3.85,90.0,1.32,1.23,32.0,25.0,16.0,50.0,98.0,15.49,14.46,188.0,87.0,6.1,5.69,39.0,74.0,92.0,2.06,1.92,25.0,91.0,2.14,2.0,26.0,12.0,70.0,1.0,48.0,4.0,87.0,64.0,76.0,62.0,66.0,,94.0,0.16,0.15,2.0,23.0,0.33,0.31,4.0,67.0,1.07,1.0,13.0,0.0,57.0,44.0,51.0,77.0,71.0,83.0,0.3,0.28,3.69,80.42,34.0,18.0,18.96,17.69,230.0,17.0,23.57,22.0,286.0,99.0,0.0,0.0,,,0.0,,,,,,,0.0,0.0,,87.59,0.0,,,0.0,0.0,,19,0.0,31.43,50.0,5.71,48.0,46.0,1.32,1.23,16.0,97.0,1.98,1.85,24.0,83.0,0.91,0.85,11.0,94.0,2.88,2.69,0.0,17.5,35.0,40.0,1.24,1.15,99.0,0.0,0.0,,15.0,,,,,47.0,0.13,0.12,1.59,79.0,0.3,0.28,3.69,2026,1,1,0.25,2,0.19,0.14,0.16,2025-12-07 16:15:00,Domestic League,1092,273,73,546,84,462,630,1092,0,0,-1,2,109,-1,0,2025/2026,2025,4
France_Ligue_1_2025-2026,Dominik Greif,Olympique Lyonnais,Goalkeeper,28,197,82,Slovakia,6,6,12,1,0,1,0.08,1970-01-10,0,0.0,3,3,6,50,7,4,11,0.92,eu,,33.0,0.0,0.0,,19.0,0.36,0.29,0.0,4.0,1820000.0,56.0,60.0,0.09,5.47,15.0,31.0,0.0,0.0,,,,26.0,23.0,89.0,46.0,1.18,0.93,13.0,72.0,0.0,33.0,17.0,0.0,0.0,,14.0,990.0,99.0,0.0,0.0,,99.0,0.0,0.0,,9.0,0.0,0.0,11.0,0.0,0.0,0.0,11.0,,,6.0,0.73,0.57,8.0,5.0,0.64,0.5,87.0,7.0,7.0,0.0,0.0,,10.0,0.27,0.21,3.0,11.0,61.0,,25.0,,18.0,39.0,68.0,57.0,43.0,,76.0,0.0,0.0,,7.0,0.0,0.0,,12.0,0.09,0.07,1.0,0.0,31.0,23.0,72.0,43.0,62.0,10.0,0.0,0.0,0.0,81.48,39.0,39.0,28.0,22.0,308.0,39.0,34.36,27.0,378.0,99.0,0.0,0.0,,,0.0,,,1.0,,,57.0,0.36,0.29,4.0,76.54,65.79,62.0,24.0,2.27,1.79,25.0,1,0.0,0.0,21.0,0.0,46.0,94.0,3.45,2.71,38.0,10.0,0.0,0.0,,21.0,0.0,0.0,,8.0,0.0,0.0,0.0,0.0,,5.0,0.0,0.0,99.0,0.0,0.0,,,,,,,41.0,0.12,0.09,1.3,9.0,0.0,0.0,0.0,2026,0,0,0.08,0,0.0,0.0,0.0,2025-12-14 14:00:00,Domestic League,1080,0,98,0,90,540,540,1080,0,0,-1,20,201,27,0,2025/2026,2025,0
France_Ligue_1_2025-2026,Gauthier Hein,Metz,Forward,29,170,62,France,7,7,14,1,2,3,0.23,1970-01-10,3,0.23,0,2,2,14,20,8,28,2.13,eu,,71.0,20.86,19.57,274.0,20.0,0.38,0.36,0.0,5.0,2730000.0,72.0,86.0,0.21,7.2,97.0,37.0,0.08,0.07,1.0,2.0,14.0,60.0,65.0,21.0,7.0,0.23,0.21,3.0,3.0,421.54,40.0,93.0,4.95,4.64,65.0,14.0,1182.0,15.0,1.52,1.43,20.0,81.0,0.23,0.21,3.0,46.0,0.99,0.93,47.0,0.46,0.43,46.0,54.0,6.0,13.0,15.0,5.86,5.5,77.0,11.0,2.36,2.21,40.0,31.0,14.0,0.46,0.43,6.0,41.0,0.84,0.79,11.0,13.0,79.0,1.0,48.0,1.0,44.0,92.0,86.0,88.0,90.0,,76.0,0.0,0.0,,13.0,0.15,0.14,2.0,87.0,1.68,1.57,22.0,0.0,76.0,60.0,3.0,54.0,79.0,67.0,0.18,0.17,2.4,91.9,90.0,80.0,48.35,45.36,635.0,78.0,52.61,49.36,691.0,99.0,0.0,0.0,,,0.0,3.0,,,3.0,,,0.0,0.0,,100.81,0.0,,,0.0,0.0,,10,0.0,36.84,62.0,26.32,92.0,91.0,2.44,2.29,32.0,69.0,0.91,0.86,12.0,71.0,0.53,0.5,7.0,68.0,1.45,1.36,0.0,3.8,19.0,19.0,0.69,0.64,99.0,0.0,0.0,,9.0,,,,,91.0,0.29,0.27,3.83,84.0,0.34,0.32,4.5,2026,2,3,0.61,5,0.32,0.44,0.38,2025-12-13 18:00:00,Domestic League,394,394,42,236,84,562,620,1182,3,0,100,1,35,-1,1,2025/2026,2025,3
France_Ligue_1_2025-2026,Cleo Melieres,Metz,Midfielder,0,0,0,France,1,1,2,0,0,0,0.0,1970-01-01,1,3.1,0,0,0,0,2,0,2,6.21,eu,,99.0,99.0,3.67,33.0,2.0,0.0,0.0,0.0,,150000.0,2.0,50.0,0.0,0.66,,31.0,0.0,0.0,,1.0,50.0,99.0,99.0,2.0,98.0,6.0,0.22,2.0,,1100.0,69.0,99.0,9.0,0.33,3.0,9.0,30.0,99.0,0.0,0.0,,99.0,0.0,0.0,,9.0,0.0,0.0,11.0,0.0,0.0,0.0,11.0,,,7.0,3.0,0.11,1.0,,0.0,0.0,0.0,,99.0,3.0,0.11,1.0,2.0,0.0,0.0,,,,2.0,63.0,,18.0,28.0,68.0,57.0,43.0,,76.0,0.0,0.0,,7.0,0.0,0.0,,7.0,0.0,0.0,,0.0,,23.0,,43.0,,10.0,0.0,0.0,0.0,91.67,90.0,51.0,33.0,1.22,11.0,44.0,36.0,1.33,12.0,99.0,0.0,0.0,,,0.0,,,,,,,0.0,0.0,,5.93,0.0,,,0.0,0.0,,25,0.0,0.0,21.0,0.0,46.0,99.0,9.0,0.33,3.0,10.0,0.0,0.0,,21.0,0.0,0.0,,8.0,0.0,0.0,0.0,0.0,,5.0,0.0,0.0,99.0,0.0,0.0,,,,,,,24.0,0.09,0.0,0.03,9.0,0.0,0.0,0.0,2026,0,0,0.0,0,0.0,0.0,0.0,1970-01-01 00:00:00,Domestic League,0,29,15,0,15,29,0,29,0,0,-1,11,-1,-1,0,2025/2026,2025,1
France_Ligue_1_2025-2026,Ismaël Guerti,Metz,Midfielder,21,0,0,Morocco,2,1,3,0,0,0,0.0,2004-07-30,0,0.0,0,1,1,33,2,0,2,7.5,eu,,33.0,0.0,0.0,,2.0,0.0,0.0,0.0,,201000.0,3.0,50.0,0.0,2.41,,31.0,0.0,0.0,,,,26.0,23.0,73.0,2.0,0.0,0.0,,,0.0,33.0,77.0,2.57,0.12,1.0,8.0,35.0,,5.14,0.25,2.0,99.0,0.0,0.0,,98.0,5.14,0.25,98.0,2.57,0.12,50.0,65.0,1.0,2.0,98.0,15.43,0.75,6.0,98.0,7.71,0.38,50.0,3.0,98.0,2.57,0.12,1.0,97.0,2.57,0.12,1.0,,,3.0,72.0,,18.0,28.0,68.0,57.0,43.0,,76.0,0.0,0.0,,99.0,2.57,0.12,1.0,7.0,0.0,0.0,,0.0,,23.0,,43.0,,10.0,0.0,0.0,0.0,85.71,60.0,78.0,46.29,2.25,18.0,79.0,54.0,2.62,21.0,99.0,0.0,0.0,,,0.0,,,,,,,0.0,0.0,,19.26,0.0,,,0.0,0.0,,29,0.0,0.0,21.0,0.0,46.0,99.0,7.71,0.38,3.0,10.0,0.0,0.0,,21.0,0.0,0.0,,8.0,0.0,0.0,0.0,0.0,,99.0,5.14,0.25,99.0,0.0,0.0,,2.0,,,,,32.0,0.1,0.01,0.04,9.0,0.0,0.0,0.0,2026,0,0,0.0,0,0.0,0.0,0.0,1970-01-01 00:00:00,Domestic League,0,0,12,0,8,15,9,24,0,0,-1,12,-1,-1,0,2025/2026,2025,0
France_Ligue_1_2025-2026,Abdoulaye Faye,Lorient,Midfielder,0,0,0,Senegal,3,4,7,0,0,0,0.0,1970-01-01,5,0.79,0,1,1,14,6,8,14,2.2,eu,,33.0,0.0,0.0,,91.0,2.51,2.29,0.0,16.0,910000.0,29.0,50.0,0.0,6.44,45.0,87.0,0.63,0.57,4.0,5.0,71.0,99.0,99.0,21.0,91.0,4.71,4.29,30.0,3.0,0.0,33.0,17.0,0.0,0.0,,7.0,573.0,61.0,0.47,0.43,3.0,74.0,0.31,0.29,2.0,31.0,0.63,0.57,48.0,0.47,0.43,75.0,90.0,3.0,4.0,71.0,10.21,9.29,65.0,88.0,6.13,5.57,60.0,39.0,92.0,2.04,1.86,13.0,66.0,1.26,1.14,8.0,6.0,21.0,1.0,48.0,1.0,44.0,28.0,68.0,57.0,43.0,,76.0,0.0,0.0,,99.0,2.04,1.86,13.0,7.0,0.0,0.0,,0.0,6.0,24.0,3.0,43.0,20.0,36.0,0.05,0.05,0.34,87.71,71.0,81.0,49.32,44.86,314.0,81.0,56.23,51.14,358.0,3.0,0.16,0.14,1.0,,0.0,,,,,,,0.0,0.0,,45.05,0.0,,,0.0,0.0,,25,0.0,16.67,26.0,0.0,46.0,93.0,2.83,2.57,18.0,63.0,0.79,0.71,5.0,35.0,0.16,0.14,1.0,52.0,0.94,0.86,0.0,0.0,6.0,71.0,1.88,1.71,99.0,0.0,0.0,,12.0,,,,,24.0,0.09,0.09,0.6,35.0,0.05,0.05,0.34,2026,0,0,0.0,0,0.0,0.0,0.0,2025-10-19 15:15:00,Domestic League,0,115,41,0,82,259,314,573,0,0,-1,18,199,-1,0,2025/2026,2025,5
France_Ligue_1_2025-2026,Stevan Siba,Lorient,Midfielder,18,0,0,France,0,0,0,0,0,0,0.0,2006-12-31,0,0.0,0,0,0,0,0,0,0,0.0,eu,,,,,,,,,,,,,,,,,,,,,,,,,,,,,,,,,,,,,,,,,,,,,,,,,,,,,,,,,,,,,,,,,,,,,,,,,,,,,,,,,,,,,,,,,,,,,,,,,,,,,,,,,,,,,,,,,,,,,,,,,,,,,,,,,,,,,,,,,,,,,,,,,,,,,,,,,,,,,,,,,,,,,,,,,,,,,,,,,,,,,,,2026,0,0,0.0,0,0.0,0.0,0.0,1970-01-01 00:00:00,Domestic League,0,0,0,0,0,0,0,0,0,0,-1,-1,-1,-1,0,2025/2026,2025,0
France_Ligue_1_2025-2026,Mikayil Ngor Faye,Rennes,Defender,21,0,0,Senegal,1,0,1,0,0,0,0.0,2004-07-14,0,0.0,0,0,0,0,0,0,0,0.0,eu,,33.0,0.0,0.0,,99.0,12.86,0.5,0.0,1.0,,1.0,50.0,0.0,3.25,1.0,31.0,0.0,0.0,,,,26.0,23.0,2.0,2.0,0.0,0.0,,99.0,0.0,33.0,17.0,0.0,0.0,,2.0,7.0,99.0,0.0,0.0,,99.0,0.0,0.0,,9.0,0.0,0.0,11.0,0.0,0.0,0.0,11.0,,,89.0,12.86,0.5,1.0,99.0,12.86,0.5,100.0,1.0,7.0,0.0,0.0,,2.0,0.0,0.0,,,,1.0,48.0,,18.0,28.0,68.0,57.0,43.0,,76.0,0.0,0.0,,7.0,0.0,0.0,,7.0,0.0,0.0,,0.0,,23.0,,43.0,,10.0,0.0,0.0,0.0,77.78,25.0,99.0,90.0,3.5,7.0,99.0,115.71,4.5,9.0,99.0,0.0,0.0,,,0.0,,,,,,,0.0,0.0,,6.49,0.0,,,0.0,0.0,,15,0.0,0.0,21.0,0.0,46.0,,0.0,0.0,,10.0,0.0,0.0,,21.0,0.0,0.0,,8.0,0.0,0.0,0.0,0.0,,5.0,0.0,0.0,99.0,0.0,0.0,,,,,,,47.0,0.13,0.01,0.01,9.0,0.0,0.0,0.0,2026,0,0,0.0,0,0.0,0.0,0.0,1970-01-01 00:00:00,Domestic League,0,0,0,0,7,7,0,7,0,0,-1,16,-1,-1,0,2025/2026,2025,0
France_Ligue_1_2025-2026,Alidu Seidu,Rennes,Defender,25,173,68,Ivory Coast,4,6,10,1,0,1,0.2,1970-01-12,1,0.2,0,1,1,10,3,4,7,1.42,eu,,92.0,33.7,11.93,167.0,38.0,0.61,0.21,0.0,3.0,1700000.0,53.0,82.0,0.1,4.39,5.0,56.0,0.2,0.07,1.0,1.0,10.0,44.0,53.0,9.0,58.0,1.61,0.57,8.0,35.0,2385.71,87.0,63.0,1.41,0.5,7.0,14.0,446.0,14.0,1.61,0.57,8.0,25.0,0.81,0.29,4.0,64.0,1.41,0.5,59.0,0.61,0.21,42.0,48.0,3.0,7.0,86.0,12.31,4.36,61.0,97.0,7.47,2.64,60.0,37.0,12.0,0.4,0.14,2.0,95.0,2.42,0.86,12.0,5.0,13.0,5.0,85.0,2.0,60.0,56.0,68.0,57.0,43.0,,76.0,0.0,0.0,,99.0,2.42,0.86,12.0,54.0,0.81,0.29,4.0,0.0,23.0,70.0,37.0,43.0,9.0,16.0,0.01,0.0,0.06,90.58,85.0,89.0,56.3,19.93,279.0,89.0,62.15,22.0,308.0,99.0,0.0,0.0,,,0.0,,,,,,,0.0,0.0,,61.47,0.0,,,0.0,0.0,,36,0.0,0.0,21.0,0.0,46.0,54.0,1.41,0.5,7.0,19.0,0.2,0.07,1.0,21.0,0.0,0.0,,14.0,0.2,0.07,0.0,0.0,1.0,99.0,3.83,1.36,99.0,0.0,0.0,,19.0,,,,,89.0,0.28,0.1,1.37,16.0,0.01,0.0,0.06,2026,0,0,0.2,0,0.0,0.0,0.0,2025-10-26 16:15:00,Domestic League,445,445,64,0,45,164,281,445,0,0,-1,15,198,76,0,2025/2026,2025,1
France_Ligue_1_2025-2026,Mathys Silistrie,Rennes,Midfielder,20,0,0,France,0,0,0,0,0,0,0.0,2005-09-16,0,0.0,0,0,0,0,0,0,0,0.0,eu,,,,,,,,,,,,,,,,,,,,,,,,,,,,,,,,,,,,,,,,,,,,,,,,,,,,,,,,,,,,,,,,,,,,,,,,,,,,,,,,,,,,,,,,,,,,,,,,,,,,,,,,,,,,,,,,,,,,,,,,,,,,,,,,,,,,,,,,,,,,,,,,,,,,,,,,,,,,,,,,,,,,,,,,,,,,,,,,,,,,,,,2026,0,0,0.0,0,0.0,0.0,0.0,1970-01-01 00:00:00,Domestic League,0,0,0,0,0,0,0,0,0,0,-1,-1,-1,-1,0,2025/2026,2025,0
France_Ligue_1_2025-2026,Nordan Mukiele,Rennes,Forward,19,0,0,France,0,1,1,0,0,0,0.0,2006-02-12,0,0.0,0,1,1,100,0,0,0,0.0,eu,,33.0,0.0,0.0,,2.0,0.0,0.0,0.0,,225000.0,3.0,50.0,0.0,1.07,,31.0,0.0,0.0,,,,26.0,23.0,99.0,81.0,3.21,0.17,1.0,99.0,0.0,33.0,83.0,3.21,0.17,1.0,6.0,28.0,,6.43,0.33,2.0,99.0,0.0,0.0,,99.0,6.43,0.33,99.0,3.21,0.17,50.0,65.0,1.0,2.0,99.0,22.5,1.17,7.0,18.0,3.21,0.17,14.0,1.0,99.0,9.64,0.5,3.0,2.0,0.0,0.0,,,,1.0,48.0,,18.0,28.0,68.0,57.0,43.0,,76.0,0.0,0.0,,7.0,0.0,0.0,,99.0,3.21,0.17,1.0,0.0,,23.0,,43.0,,85.0,0.32,0.02,0.1,90.91,86.0,48.0,32.14,1.67,10.0,42.0,35.36,1.83,11.0,99.0,0.0,0.0,,,0.0,,,,,,,0.0,0.0,,6.45,0.0,,,0.0,0.0,,65,0.0,0.0,21.0,0.0,46.0,,0.0,0.0,,99.0,6.43,0.33,2.0,21.0,0.0,0.0,,99.0,6.43,0.33,0.0,0.0,2.0,5.0,0.0,0.0,99.0,0.0,0.0,,,,,,,79.0,0.23,0.01,0.07,80.0,0.32,0.02,0.1,2026,0,0,0.0,0,0.0,0.0,0.0,1970-01-01 00:00:00,Domestic League,0,0,0,0,28,0,28,28,0,0,-1,14,-1,-1,0,2025/2026,2025,0
France_Ligue_1_2025-2026,Cristian Sleiker Cásseres Yepes,Toulouse,Midfielder,25,176,70,Venezuela,7,8,15,0,0,0,0.0,1970-01-11,3,0.21,1,4,5,33,6,9,15,1.07,eu,,92.0,33.5,31.27,469.0,48.0,0.79,0.73,0.0,11.0,450000.0,9.0,50.0,0.0,6.95,82.0,71.0,0.36,0.33,5.0,3.0,20.0,77.0,59.0,73.0,41.0,1.07,1.0,15.0,67.0,901.92,60.0,86.0,3.71,3.47,52.0,15.0,1260.0,41.0,0.79,0.73,11.0,19.0,0.93,0.87,13.0,62.0,1.36,1.27,62.0,0.64,0.6,47.0,55.0,9.0,19.0,58.0,9.07,8.47,127.0,69.0,5.0,4.67,55.0,70.0,55.0,1.21,1.13,17.0,79.0,1.64,1.53,23.0,14.0,89.0,1.0,48.0,2.0,60.0,28.0,68.0,57.0,43.0,,76.0,0.0,0.0,,78.0,1.14,1.07,16.0,78.0,1.29,1.2,18.0,0.0,91.0,65.0,66.0,43.0,88.0,,-0.01,-0.01,-0.18,82.68,44.0,57.0,34.79,32.47,487.0,58.0,42.07,39.27,589.0,17.0,0.07,0.07,1.0,1.0,0.0,,1.0,,1.0,,,0.0,0.0,,104.27,0.0,,,0.0,0.0,,23,0.0,22.22,34.0,0.0,46.0,39.0,1.21,1.13,17.0,45.0,0.5,0.47,7.0,32.0,0.14,0.13,2.0,39.0,0.64,0.6,0.0,0.0,9.0,82.0,2.21,2.07,99.0,0.0,0.0,,31.0,,,,,37.0,0.11,0.1,1.52,30.0,0.04,0.03,0.52,2026,0,0,0.0,0,0.0,0.0,0.0,2025-12-13 20:05:00,Domestic League,0,420,84,0,84,612,648,1260,0,0,-1,13,197,-1,0,2025/2026,2025,3
France_Ligue_1_2025-2026,Julián Vignolo,Toulouse,Midfielder,0,0,0,Argentina,2,2,4,0,0,0,0.0,1970-01-01,0,0.0,1,1,2,50,0,0,0,0.0,eu,,99.0,346.15,6.67,100.0,2.0,0.0,0.0,0.0,,360000.0,7.0,50.0,0.0,1.72,,31.0,0.0,0.0,,,,26.0,23.0,94.0,2.0,0.0,0.0,,99.0,9999.99,99.0,85.0,3.46,0.07,1.0,15.0,26.0,,3.46,0.07,1.0,99.0,0.0,0.0,,93.0,3.46,0.07,11.0,0.0,0.0,0.0,11.0,,1.0,99.0,17.31,0.33,5.0,,0.0,0.0,0.0,,99.0,6.92,0.13,2.0,2.0,0.0,0.0,,,,4.0,81.0,,18.0,28.0,68.0,57.0,43.0,,76.0,0.0,0.0,,7.0,0.0,0.0,,99.0,3.46,0.07,1.0,0.0,,23.0,,43.0,,10.0,0.0,0.0,0.0,71.43,7.0,14.0,17.31,0.33,5.0,17.0,24.23,0.47,7.0,99.0,0.0,0.0,,,0.0,,,,,,,0.0,0.0,,25.8,0.0,,,0.0,0.0,,7,0.0,0.0,21.0,0.0,46.0,,0.0,0.0,,10.0,0.0,0.0,,21.0,0.0,0.0,,8.0,0.0,0.0,0.0,0.0,,5.0,0.0,0.0,99.0,0.0,0.0,,,,,,,64.0,0.17,0.0,0.05,9.0,0.0,0.0,0.0,2026,0,0,0.0,0,0.0,0.0,0.0,1970-01-01 00:00:00,Domestic League,0,0,0,0,7,11,15,26,0,0,-1,12,-1,-1,0,2025/2026,2025,0
France_Ligue_1_2025-2026,Joris Chotard,Brest,Midfielder,24,179,68,France,8,7,15,0,0,0,0.0,2001-09-24,1,0.07,1,3,4,27,13,7,20,1.43,eu,,35.0,3.57,3.33,50.0,48.0,0.79,0.73,0.0,11.0,1700000.0,53.0,50.0,0.0,6.78,66.0,65.0,0.29,0.27,4.0,1.0,7.0,33.0,26.0,55.0,68.0,2.29,2.13,32.0,34.0,384.62,38.0,53.0,0.93,0.87,13.0,15.0,1259.0,82.0,0.14,0.13,2.0,45.0,0.64,0.6,9.0,21.0,0.36,0.33,25.0,0.21,0.2,60.0,77.0,3.0,5.0,18.0,6.08,5.67,85.0,18.0,3.22,3.0,52.0,45.0,56.0,1.22,1.13,17.0,22.0,0.5,0.47,7.0,14.0,89.0,1.0,48.0,4.0,87.0,33.0,68.0,62.0,48.0,,76.0,0.0,0.0,,85.0,1.29,1.2,18.0,9.0,0.07,0.07,1.0,0.0,91.0,98.0,34.0,98.0,86.0,51.0,0.1,0.1,1.46,80.49,35.0,45.0,30.38,28.33,425.0,48.0,37.74,35.2,528.0,99.0,0.0,0.0,,,0.0,,,,,,,0.0,0.0,,101.77,0.0,,,0.0,0.0,,13,0.0,30.77,49.0,7.69,52.0,60.0,1.5,1.4,21.0,54.0,0.64,0.6,9.0,55.0,0.29,0.27,4.0,52.0,0.93,0.87,0.0,13.0,13.0,64.0,1.72,1.6,99.0,0.0,0.0,,24.0,,,,,18.0,0.08,0.07,1.1,49.0,0.1,0.1,1.46,2026,0,1,0.07,1,0.0,0.14,0.07,2025-12-13 16:00:00,Domestic League,0,1259,63,1259,84,636,623,1259,0,0,-1,11,164,-1,0,2025/2026,2025,1
France_Ligue_1_2025-2026,Andrew Omobamidele,Strasbourg,Defender,23,188,83,England,5,6,11,0,0,0,0.0,2002-06-23,0,0.0,0,4,4,36,3,2,5,1.16,eu,,33.0,0.0,0.0,,93.0,2.78,1.09,0.0,12.0,1590000.0,51.0,50.0,0.0,5.98,27.0,95.0,0.93,0.36,4.0,,,26.0,23.0,77.0,95.0,5.32,2.09,23.0,59.0,0.0,33.0,17.0,0.0,0.0,,11.0,389.0,76.0,0.23,0.09,1.0,99.0,0.0,0.0,,9.0,0.0,0.0,11.0,0.0,0.0,0.0,11.0,,,17.0,6.02,2.36,26.0,32.0,3.7,1.45,61.0,16.0,51.0,1.16,0.45,5.0,46.0,0.93,0.36,4.0,4.0,7.0,7.0,94.0,5.0,94.0,28.0,68.0,57.0,43.0,,76.0,0.0,0.0,,79.0,1.16,0.45,5.0,7.0,0.0,0.0,,0.0,31.0,23.0,59.0,43.0,2.0,36.0,0.05,0.02,0.2,97.04,99.0,99.0,83.52,32.82,361.0,98.0,86.07,33.82,372.0,99.0,0.0,0.0,,,0.0,,,,,,,0.0,0.0,,65.82,0.0,,,0.0,0.0,,2,0.0,50.0,87.0,0.0,46.0,79.0,1.85,0.73,8.0,22.0,0.23,0.09,1.0,46.0,0.23,0.09,1.0,29.0,0.46,0.18,0.0,0.0,2.0,14.0,0.46,0.18,99.0,0.0,0.0,,2.0,,,,,75.0,0.2,0.08,0.86,35.0,0.05,0.02,0.2,2026,0,0,0.0,0,0.0,0.0,0.0,2025-12-06 18:00:00,Domestic League,0,0,78,0,35,148,241,389,0,0,-1,17,195,48,0,2025/2026,2025,0
France_Ligue_1_2025-2026,Ismael Doukoure,Strasbourg,Defender,22,183,0,France,5,5,10,1,0,1,0.11,2003-07-24,4,0.43,0,3,3,30,7,3,10,1.08,eu,,33.0,0.0,0.0,,67.0,1.3,1.2,0.0,12.0,400000.0,7.0,66.0,0.1,6.75,63.0,68.0,0.32,0.3,3.0,2.0,20.0,77.0,91.0,62.0,67.0,2.16,2.0,20.0,65.0,0.0,33.0,22.0,0.11,0.1,1.0,10.0,833.0,58.0,0.54,0.5,5.0,82.0,0.22,0.2,2.0,29.0,0.54,0.5,44.0,0.43,0.4,80.0,92.0,4.0,5.0,14.0,5.73,5.3,53.0,31.0,3.67,3.4,64.0,34.0,25.0,0.76,0.7,7.0,42.0,0.86,0.8,8.0,10.0,56.0,,25.0,1.0,44.0,60.0,81.0,57.0,59.0,,76.0,0.0,0.0,,82.0,1.19,1.1,11.0,27.0,0.32,0.3,3.0,0.0,23.0,32.0,64.0,85.0,45.0,26.0,0.03,0.03,0.3,89.53,80.0,86.0,53.59,49.6,496.0,86.0,59.86,55.4,554.0,99.0,0.0,0.0,,,0.0,,,,,,,0.0,0.0,,67.48,0.0,,,0.0,0.0,,6,0.0,25.0,41.0,0.0,46.0,44.0,1.3,1.2,12.0,30.0,0.32,0.3,3.0,28.0,0.11,0.1,1.0,27.0,0.43,0.4,0.0,0.0,4.0,33.0,1.08,1.0,99.0,0.0,0.0,,10.0,,,,,72.0,0.19,0.18,1.78,25.0,0.03,0.03,0.3,2026,1,0,0.22,1,0.23,0.0,0.11,2025-12-06 18:00:00,Domestic League,833,208,83,833,83,383,450,833,0,0,-1,8,131,41,1,2025/2026,2025,3
France_Ligue_1_2025-2026,Diego Manuel Jadon da Silva Moreira,Strasbourg,Forward,21,179,73,Portugal,7,7,14,2,1,3,0.26,2004-08-06,3,0.26,0,5,5,36,12,2,14,1.2,eu,,84.0,27.45,22.79,319.0,47.0,0.77,0.64,0.0,9.0,1590000.0,51.0,90.0,0.21,6.99,84.0,70.0,0.34,0.29,4.0,3.0,21.0,79.0,71.0,77.0,56.0,1.55,1.29,18.0,55.0,625.49,51.0,90.0,4.39,3.64,51.0,14.0,1046.0,34.0,0.95,0.79,11.0,28.0,0.77,0.64,9.0,86.0,2.75,2.29,69.0,0.77,0.64,28.0,18.0,9.0,32.0,60.0,9.38,7.79,109.0,53.0,4.39,3.64,46.0,51.0,22.0,0.69,0.57,8.0,53.0,1.03,0.86,12.0,12.0,70.0,2.0,63.0,3.0,74.0,72.0,72.0,57.0,55.0,,76.0,0.0,0.0,,49.0,0.69,0.57,8.0,94.0,1.98,1.64,23.0,0.0,76.0,53.0,55.0,91.0,67.0,54.0,0.11,0.09,1.26,83.12,46.0,54.0,33.9,28.14,394.0,55.0,40.78,33.86,474.0,99.0,0.0,0.0,,,0.0,,,,,,,0.0,0.0,,97.93,0.0,,,0.0,0.0,,7,0.0,33.33,57.0,11.11,61.0,53.0,1.38,1.14,16.0,46.0,0.52,0.43,6.0,51.0,0.26,0.21,3.0,47.0,0.77,0.64,0.0,9.0,9.0,72.0,1.89,1.57,99.0,0.0,0.0,,22.0,,,,,93.0,0.3,0.25,3.45,52.0,0.11,0.09,1.26,2026,1,0,0.34,1,0.16,0.0,0.09,2025-12-06 18:00:00,Domestic League,349,349,75,1046,75,574,472,1046,0,0,-1,7,146,-1,0,2025/2026,2025,3
France_Ligue_1_2025-2026,Stefan Bajic,Strasbourg,Goalkeeper,23,187,81,France,0,0,0,0,0,0,0.0,2001-12-23,0,0.0,0,0,0,0,0,0,0,0.0,eu,,,,,,,,,,,,,,,,,,,,,,,,,,,,,,,,,,,,,,,,,,,,,,,,,,,,,,,,,,,,,,,,,,,,,,,,,,,,,,,,,,,,,,,,,,,,,,,,,,,,,,,,,,,,,,,,,,,,,,,,,,,,,,,,,,,,,,,,,,,,,,,,,,,,,,,,,,,,,,,,,,,,,,,,,,,,,,,,,,,,,,,2026,0,0,0.0,0,0.0,0.0,0.0,1970-01-01 00:00:00,Domestic League,0,0,0,0,0,0,0,0,0,0,-1,-1,-1,-1,0,2025/2026,2025,0
France_Ligue_1_2025-2026,Rafael Filipe Gonçalves Soares Luís,Strasbourg,Midfielder,20,186,0,Portugal,2,4,6,0,0,0,0.0,2005-02-18,0,0.0,0,4,4,67,2,0,2,0.76,eu,,33.0,0.0,0.0,,20.0,0.38,0.08,0.0,1.0,730000.0,18.0,50.0,0.0,2.8,,31.0,0.0,0.0,,,,26.0,23.0,99.0,55.0,1.51,0.33,4.0,86.0,0.0,33.0,36.0,0.38,0.08,1.0,12.0,239.0,69.0,0.38,0.08,1.0,29.0,0.75,0.17,2.0,71.0,1.88,0.42,39.0,0.38,0.08,20.0,13.0,1.0,5.0,49.0,8.28,1.83,22.0,59.0,4.52,1.0,54.0,12.0,47.0,1.13,0.25,3.0,15.0,0.38,0.08,1.0,3.0,2.0,3.0,72.0,5.0,94.0,28.0,68.0,57.0,43.0,,76.0,0.0,0.0,,53.0,0.75,0.17,2.0,69.0,1.13,0.25,3.0,0.0,3.0,23.0,86.0,43.0,,36.0,0.05,0.01,0.12,91.43,89.0,90.0,60.25,13.33,160.0,90.0,65.9,14.58,175.0,99.0,0.0,0.0,,,0.0,,,,,,,0.0,0.0,,33.61,0.0,,,0.0,0.0,,83,0.0,100.0,99.0,0.0,46.0,32.0,1.13,0.25,3.0,10.0,0.0,0.0,,62.0,0.38,0.08,1.0,22.0,0.38,0.08,0.0,0.0,1.0,99.0,3.39,0.75,99.0,0.0,0.0,,9.0,,,,,68.0,0.18,0.04,0.48,35.0,0.05,0.01,0.12,2026,0,0,0.0,0,0.0,0.0,0.0,2025-10-29 20:05:00,Domestic League,0,0,119,0,40,90,148,238,0,0,-1,19,-1,-1,0,2025/2026,2025,0
France_Ligue_1_2025-2026,Loïc Nego,Le Havre,Defender,34,180,64,France,7,8,15,0,0,0,0.0,1970-01-08,2,0.15,3,2,5,33,8,8,16,1.17,eu,,83.0,27.27,25.21,353.0,39.0,0.62,0.57,0.0,8.0,1140000.0,38.0,50.0,0.0,6.7,55.0,37.0,0.08,0.07,1.0,1.0,7.0,33.0,28.0,77.0,80.0,3.17,2.93,41.0,59.0,840.48,58.0,84.0,3.24,3.0,42.0,14.0,1165.0,63.0,0.46,0.43,6.0,34.0,0.7,0.64,9.0,49.0,1.08,1.0,69.0,0.77,0.71,71.0,89.0,10.0,14.0,31.0,7.03,6.5,91.0,44.0,4.02,3.71,57.0,52.0,38.0,1.0,0.93,13.0,41.0,0.85,0.79,11.0,13.0,79.0,1.0,48.0,2.0,60.0,28.0,68.0,57.0,43.0,,76.0,0.0,0.0,,84.0,1.24,1.14,16.0,46.0,0.7,0.64,9.0,0.0,76.0,96.0,59.0,43.0,77.0,32.0,0.04,0.04,0.57,78.13,27.0,49.0,32.29,29.86,418.0,56.0,41.33,38.21,535.0,13.0,0.08,0.07,1.0,,0.0,,,,,,,0.0,0.0,,93.85,0.0,,,0.0,0.0,,7,0.0,22.22,34.0,0.0,46.0,45.0,1.31,1.21,17.0,47.0,0.54,0.5,7.0,34.0,0.15,0.14,2.0,43.0,0.7,0.64,0.0,0.0,9.0,70.0,1.85,1.71,99.0,0.0,0.0,,24.0,,,,,37.0,0.11,0.1,1.36,30.0,0.04,0.04,0.57,2026,0,0,0.0,0,0.0,0.0,0.0,2025-12-14 14:00:00,Domestic League,0,615,77,0,82,597,632,1229,0,0,-1,14,190,50,0,2025/2026,2025,2
France_Ligue_1_2025-2026,Aliou Thiare,Le Havre,Defender,21,0,0,Senegal,0,0,0,0,0,0,0.0,2003-12-20,0,0.0,0,0,0,0,0,0,0,0.0,eu,,,,,,,,,,,,,,,,,,,,,,,,,,,,,,,,,,,,,,,,,,,,,,,,,,,,,,,,,,,,,,,,,,,,,,,,,,,,,,,,,,,,,,,,,,,,,,,,,,,,,,,,,,,,,,,,,,,,,,,,,,,,,,,,,,,,,,,,,,,,,,,,,,,,,,,,,,,,,,,,,,,,,,,,,,,,,,,,,,,,,,,2026,0,0,0.0,0,0.0,0.0,0.0,1970-01-01 00:00:00,Domestic League,0,0,0,0,0,0,0,0,0,0,-1,-1,-1,-1,0,2025/2026,2025,0
France_Ligue_1_2025-2026,Abdoulaye Touré,Le Havre,Midfielder,31,187,77,France,6,5,11,0,0,0,0.0,1970-01-09,2,0.24,3,1,4,36,5,2,7,0.85,eu,,45.0,9.11,6.82,75.0,56.0,0.97,0.73,0.0,8.0,1810000.0,55.0,50.0,0.0,6.84,69.0,79.0,0.49,0.36,4.0,2.0,18.0,69.0,68.0,77.0,65.0,2.06,1.55,17.0,78.0,535.71,47.0,68.0,1.7,1.27,14.0,11.0,741.0,37.0,0.85,0.64,7.0,99.0,0.0,0.0,,41.0,0.85,0.64,16.0,0.12,0.09,14.0,12.0,1.0,7.0,46.0,8.14,6.09,67.0,53.0,4.37,3.27,53.0,36.0,79.0,1.58,1.18,13.0,91.0,2.06,1.55,17.0,8.0,36.0,3.0,72.0,3.0,74.0,63.0,91.0,57.0,79.0,,87.0,0.12,0.09,1.0,83.0,1.21,0.91,10.0,29.0,0.36,0.27,3.0,0.0,31.0,56.0,78.0,64.0,37.0,65.0,0.17,0.13,1.42,87.84,72.0,47.0,31.58,23.64,260.0,44.0,35.95,26.91,296.0,99.0,0.0,0.0,,1.0,0.0,,,,1.0,,,0.0,0.0,,75.21,0.0,,,0.0,0.0,,94,0.0,30.77,49.0,15.38,74.0,23.0,0.97,0.73,8.0,75.0,1.09,0.82,9.0,68.0,0.49,0.36,4.0,72.0,1.58,1.18,0.0,6.5,13.0,45.0,1.34,1.0,99.0,0.0,0.0,,11.0,,,,,24.0,0.09,0.07,0.77,75.0,0.26,0.19,2.12,2026,2,0,0.24,2,0.42,0.0,0.24,2025-11-22 20:05:00,Domestic League,0,371,106,371,67,425,316,741,0,0,-1,4,76,-1,0,2025/2026,2025,2
France_Ligue_1_2025-2026,Jonathan Gradit,Lens,Defender,33,180,75,France,5,5,10,0,0,0,0.0,1970-01-09,4,0.44,1,2,3,30,5,3,8,0.89,eu,,49.0,11.12,10.0,100.0,78.0,1.67,1.5,0.0,15.0,3410000.0,80.0,50.0,0.0,6.86,73.0,94.0,0.89,0.8,8.0,2.0,20.0,77.0,93.0,62.0,96.0,5.45,4.9,49.0,76.0,3333.33,92.0,32.0,0.33,0.3,3.0,10.0,809.0,85.0,0.11,0.1,1.0,82.0,0.22,0.2,2.0,29.0,0.56,0.5,34.0,0.33,0.3,60.0,77.0,3.0,5.0,50.0,8.34,7.5,75.0,65.0,4.78,4.3,57.0,43.0,84.0,1.67,1.5,15.0,51.0,1.0,0.9,9.0,10.0,56.0,,25.0,1.0,44.0,28.0,68.0,57.0,43.0,,76.0,0.0,0.0,,96.0,1.78,1.6,16.0,20.0,0.22,0.2,2.0,0.0,23.0,30.0,76.0,43.0,44.0,16.0,0.01,0.01,0.09,91.14,88.0,79.0,48.06,43.2,432.0,78.0,52.73,47.4,474.0,7.0,0.11,0.1,1.0,,0.0,,,,,,,0.0,0.0,,68.57,0.0,,,0.0,0.0,,24,0.0,0.0,21.0,0.0,46.0,17.0,0.89,0.8,8.0,21.0,0.22,0.2,2.0,21.0,0.0,0.0,,16.0,0.22,0.2,0.0,0.0,2.0,72.0,1.89,1.7,99.0,0.0,0.0,,17.0,,,,,37.0,0.11,0.1,0.98,16.0,0.01,0.01,0.09,2026,0,0,0.0,0,0.0,0.0,0.0,2025-11-08 20:05:00,Domestic League,0,202,101,0,81,359,450,809,0,0,-1,12,177,25,1,2025/2026,2025,3
France_Ligue_1_2025-2026,Mamadou Sangare,Lens,Midfielder,23,0,0,Mali,8,6,14,0,1,1,0.08,2002-02-26,2,0.16,1,3,4,28,7,3,10,0.79,eu,,33.0,0.0,0.0,,72.0,1.42,1.29,0.0,18.0,2500000.0,67.0,58.0,0.07,7.13,94.0,68.0,0.32,0.29,4.0,2.0,14.0,60.0,46.0,60.0,47.0,1.19,1.07,15.0,85.0,0.0,33.0,29.0,0.24,0.21,3.0,14.0,1139.0,22.0,1.26,1.14,16.0,1.0,1.74,1.57,22.0,79.0,2.37,2.14,91.0,1.34,1.21,56.0,72.0,17.0,30.0,96.0,14.7,13.29,186.0,99.0,8.22,7.43,55.0,104.0,70.0,1.42,1.29,18.0,82.0,1.74,1.57,22.0,13.0,79.0,1.0,48.0,1.0,44.0,50.0,70.0,57.0,52.0,,79.0,0.08,0.07,1.0,76.0,1.11,1.0,14.0,52.0,0.79,0.71,10.0,0.0,76.0,79.0,84.0,94.0,74.0,67.0,0.18,0.16,2.23,86.37,65.0,75.0,44.57,40.29,564.0,75.0,51.6,46.64,653.0,13.0,0.08,0.07,1.0,,0.0,,,,,,,0.0,0.0,,99.79,0.0,,,0.0,0.0,,8,0.0,30.0,47.0,5.0,47.0,16.0,0.87,0.79,11.0,76.0,1.11,1.0,14.0,67.0,0.47,0.43,6.0,72.0,1.58,1.43,0.0,20.0,20.0,99.0,3.95,3.57,99.0,0.0,0.0,,50.0,,,,,60.0,0.16,0.14,1.97,64.0,0.18,0.16,2.23,2026,1,0,0.16,1,0.14,0.0,0.08,2025-12-06 16:00:00,Domestic League,1139,570,114,1139,81,634,505,1139,0,0,-1,7,157,-1,0,2025/2026,2025,2
France_Ligue_1_2025-2026,Thomas Meunier,Lille,Defender,34,191,82,Belgium,5,6,11,0,0,0,0.0,1970-01-08,2,0.19,2,3,5,45,5,3,8,0.74,eu,,89.0,29.94,29.36,323.0,57.0,1.02,1.0,0.0,11.0,5690000.0,94.0,50.0,0.0,6.87,74.0,38.0,0.09,0.09,1.0,2.0,18.0,69.0,52.0,89.0,79.0,2.87,2.82,31.0,88.0,1196.3,70.0,77.0,2.5,2.45,27.0,11.0,971.0,63.0,0.46,0.45,5.0,52.0,0.56,0.55,6.0,48.0,1.02,1.0,54.0,0.56,0.55,54.0,70.0,6.0,11.0,26.0,6.67,6.55,72.0,17.0,3.15,3.09,47.0,34.0,68.0,1.39,1.36,15.0,2.0,0.0,0.0,,11.0,61.0,,25.0,2.0,60.0,28.0,68.0,57.0,43.0,,76.0,0.0,0.0,,65.0,0.93,0.91,10.0,61.0,0.93,0.91,10.0,0.0,31.0,73.0,87.0,43.0,59.0,36.0,0.05,0.05,0.51,81.4,39.0,61.0,37.72,37.0,407.0,67.0,46.34,45.45,500.0,99.0,0.0,0.0,,,0.0,,,,,,,0.0,0.0,,75.54,0.0,,,0.0,0.0,,12,0.0,10.0,22.0,0.0,46.0,9.0,0.83,0.82,9.0,65.0,0.83,0.82,9.0,24.0,0.09,0.09,1.0,52.0,0.93,0.91,0.0,0.0,10.0,55.0,1.58,1.55,99.0,0.0,0.0,,17.0,,,,,47.0,0.13,0.13,1.45,35.0,0.05,0.05,0.51,2026,0,0,0.0,0,0.0,0.0,0.0,2025-12-05 20:00:00,Domestic League,0,486,121,0,88,445,526,971,0,0,-1,20,188,14,0,2025/2026,2025,2
France_Ligue_1_2025-2026,Aïssa Mandi,Lille,Defender,34,184,78,Algeria,6,7,13,0,0,0,0.0,1970-01-08,3,0.27,2,2,4,31,7,5,12,1.07,eu,,37.0,5.98,4.79,67.0,75.0,1.52,1.21,0.0,17.0,2500000.0,67.0,50.0,0.0,6.54,48.0,86.0,0.62,0.5,7.0,3.0,23.0,82.0,72.0,67.0,83.0,3.48,2.79,39.0,67.0,837.5,57.0,47.0,0.71,0.57,8.0,14.0,1008.0,99.0,0.0,0.0,,60.0,0.45,0.36,5.0,16.0,0.18,0.14,22.0,0.18,0.14,100.0,99.0,2.0,2.0,16.0,5.98,4.79,67.0,40.0,3.93,3.14,65.0,44.0,37.0,0.98,0.79,11.0,36.0,0.71,0.57,8.0,12.0,70.0,1.0,48.0,1.0,44.0,39.0,68.0,63.0,55.0,,76.0,0.0,0.0,,95.0,1.61,1.29,18.0,41.0,0.62,0.5,7.0,0.0,57.0,52.0,66.0,90.0,63.0,45.0,0.08,0.07,0.92,90.41,84.0,90.0,59.73,47.79,669.0,90.0,66.07,52.86,740.0,99.0,0.0,0.0,,,0.0,,,,,,,0.0,0.0,,91.51,0.0,,,0.0,0.0,,2,0.0,20.0,31.0,20.0,87.0,29.0,1.07,0.86,12.0,32.0,0.36,0.29,4.0,24.0,0.09,0.07,1.0,28.0,0.45,0.36,0.0,5.0,5.0,57.0,1.61,1.29,99.0,0.0,0.0,,18.0,,,,,47.0,0.13,0.1,1.43,43.0,0.08,0.07,0.92,2026,0,1,0.09,1,0.0,0.15,0.09,2025-12-05 20:00:00,Domestic League,0,336,84,1008,78,404,604,1008,0,0,-1,10,145,38,0,2025/2026,2025,3
France_Ligue_1_2025-2026,Edon Zhegrova,Lille,Forward,26,181,66,Kosovo,0,0,0,0,0,0,0.0,1970-01-11,0,0.0,0,0,0,0,0,0,0,0.0,eu,,,,,,,,,,,,,,,,,,,,,,,,,,,,,,,,,,,,,,,,,,,,,,,,,,,,,,,,,,,,,,,,,,,,,,,,,,,,,,,,,,,,,,,,,,,,,,,,,,,,,,,,,,,,,,,,,,,,,,,,,,,,,,,,,,,,,,,,,,,,,,,,,,,,,,,,,,,,,,,,,,,,,,,,,,,,,,,,,,,,,,,2026,0,0,0.0,0,0.0,0.0,0.0,1970-01-01 00:00:00,Domestic League,0,0,0,0,0,0,0,0,0,0,-1,-1,-1,-1,0,2025/2026,2025,0
France_Ligue_1_2025-2026,Folarin Balogun,Monaco,Forward,24,178,69,England,5,6,11,1,0,1,0.14,1970-01-12,2,0.27,0,2,2,18,5,5,10,1.35,eu,,33.0,0.0,0.0,,59.0,1.08,0.67,0.0,8.0,4020000.0,85.0,73.0,0.09,6.32,39.0,46.0,0.14,0.08,1.0,,,26.0,72.0,31.0,20.0,0.54,0.33,4.0,43.0,0.0,33.0,38.0,0.41,0.25,3.0,12.0,666.0,3.0,2.16,1.33,16.0,76.0,0.27,0.17,2.0,70.0,1.76,1.08,72.0,0.81,0.5,46.0,54.0,6.0,13.0,72.0,10.27,6.33,76.0,44.0,4.05,2.5,39.0,30.0,88.0,1.89,1.17,14.0,74.0,1.49,0.92,11.0,7.0,29.0,4.0,81.0,2.0,60.0,93.0,97.0,91.0,95.0,,92.0,0.14,0.08,1.0,26.0,0.41,0.25,3.0,45.0,0.68,0.42,5.0,0.0,31.0,52.0,43.0,48.0,31.0,93.0,0.47,0.29,3.48,72.54,10.0,9.0,13.92,8.58,103.0,9.0,19.19,11.83,142.0,99.0,0.0,0.0,,,0.0,1.0,2.0,,1.0,,,0.0,0.0,,75.87,0.0,,,0.0,0.0,,9,0.0,39.13,67.0,17.39,80.0,66.0,1.62,1.0,12.0,96.0,1.89,1.17,14.0,93.0,1.22,0.75,9.0,95.0,3.11,1.92,0.0,5.75,23.0,19.0,0.68,0.42,99.0,0.0,0.0,,5.0,,,,,47.0,0.13,0.08,0.99,95.0,0.56,0.35,4.18,2026,2,2,0.68,4,0.6,0.49,0.54,2025-11-29 16:00:00,Domestic League,666,333,67,167,61,298,368,666,1,0,100,2,20,-1,1,2025/2026,2025,1
France_Ligue_1_2025-2026,Daouda Guindo,Brest,Defender,23,183,0,Mali,4,6,10,0,0,0,0.0,2002-10-14,1,0.17,0,2,2,20,6,2,8,1.38,eu,,95.0,40.25,17.92,233.0,18.0,0.35,0.15,0.0,2.0,690000.0,17.0,50.0,0.0,4.55,6.0,31.0,0.0,0.0,,1.0,10.0,44.0,48.0,38.0,56.0,1.55,0.69,9.0,40.0,2118.18,85.0,69.0,1.9,0.85,11.0,13.0,521.0,99.0,0.0,0.0,,14.0,1.04,0.46,6.0,21.0,0.35,0.15,21.0,0.17,0.08,50.0,65.0,1.0,2.0,22.0,6.39,2.85,37.0,19.0,3.28,1.46,51.0,19.0,77.0,1.55,0.69,9.0,54.0,1.04,0.46,6.0,5.0,13.0,5.0,85.0,2.0,60.0,28.0,68.0,57.0,43.0,,95.0,0.17,0.08,1.0,38.0,0.52,0.23,3.0,29.0,0.35,0.15,2.0,0.0,23.0,76.0,40.0,43.0,15.0,43.0,0.07,0.03,0.38,79.8,32.0,39.0,27.98,12.46,162.0,41.0,35.07,15.62,203.0,99.0,0.0,0.0,,,0.0,,,,,,,0.0,0.0,,59.18,0.0,,,0.0,0.0,,27,0.0,40.0,70.0,0.0,46.0,74.0,1.73,0.77,10.0,46.0,0.52,0.23,3.0,60.0,0.35,0.15,2.0,51.0,0.86,0.38,0.0,0.0,5.0,65.0,1.73,0.77,99.0,0.0,0.0,,10.0,,,,,18.0,0.08,0.04,0.47,41.0,0.07,0.03,0.38,2026,0,0,0.0,0,0.0,0.0,0.0,2025-12-13 16:00:00,Domestic League,0,521,65,0,52,309,212,521,0,0,-1,14,185,69,0,2025/2026,2025,1
France_Ligue_1_2025-2026,Noah Cadiou,Lorient,Defender,0,0,0,France,4,6,10,0,0,0,0.0,1970-01-01,0,0.0,0,1,1,10,3,5,8,2.19,eu,,33.0,0.0,0.0,,70.0,1.37,0.38,0.0,5.0,1140000.0,38.0,50.0,0.0,5.09,12.0,97.0,1.1,0.31,4.0,,,26.0,23.0,9.0,63.0,1.92,0.54,7.0,3.0,0.0,33.0,17.0,0.0,0.0,,13.0,328.0,39.0,0.82,0.23,3.0,25.0,0.82,0.23,3.0,68.0,1.65,0.46,83.0,1.1,0.31,66.0,87.0,4.0,6.0,66.0,9.88,2.77,36.0,74.0,5.21,1.46,52.0,19.0,83.0,1.65,0.46,6.0,24.0,0.55,0.15,2.0,3.0,2.0,7.0,94.0,2.0,60.0,28.0,68.0,57.0,43.0,,76.0,0.0,0.0,,89.0,1.37,0.38,5.0,7.0,0.0,0.0,,0.0,23.0,23.0,3.0,43.0,,43.0,0.07,0.02,0.27,85.8,60.0,69.0,41.43,11.62,151.0,70.0,48.29,13.54,176.0,99.0,0.0,0.0,,,0.0,,,,,,,0.0,0.0,,66.14,0.0,,,0.0,0.0,,8,0.0,33.33,57.0,0.0,46.0,93.0,3.29,0.92,12.0,48.0,0.55,0.15,2.0,52.0,0.27,0.08,1.0,49.0,0.82,0.23,0.0,0.0,3.0,80.0,2.2,0.62,99.0,0.0,0.0,,8.0,,,,,18.0,0.08,0.02,0.29,41.0,0.07,0.02,0.27,2026,0,0,0.0,0,0.0,0.0,0.0,2025-11-23 16:15:00,Domestic League,0,0,41,0,33,141,188,329,0,0,-1,19,184,114,0,2025/2026,2025,0
France_Ligue_1_2025-2026,Osame Sahraoui,Lille,Midfielder,24,164,53,Norway,6,7,13,1,1,2,0.46,1970-01-12,0,0.0,2,2,4,31,2,1,3,0.69,eu,,33.0,0.0,0.0,,2.0,0.0,0.0,0.0,,1700000.0,53.0,98.0,0.15,6.75,63.0,59.0,0.23,0.08,1.0,,,26.0,23.0,67.0,7.0,0.23,0.08,1.0,92.0,0.0,33.0,40.0,0.46,0.15,2.0,13.0,390.0,,2.77,0.92,12.0,38.0,0.69,0.23,3.0,99.0,6.69,2.23,99.0,3.46,1.15,51.0,66.0,15.0,29.0,99.0,17.08,5.69,74.0,99.0,9.46,3.15,55.0,41.0,22.0,0.69,0.23,3.0,99.0,5.08,1.69,22.0,3.0,2.0,10.0,99.0,5.0,94.0,94.0,95.0,57.0,77.0,,99.0,0.23,0.08,1.0,64.0,0.92,0.31,4.0,91.0,1.85,0.62,8.0,0.0,57.0,23.0,92.0,67.0,2.0,86.0,0.33,0.11,1.42,79.9,32.0,63.0,38.54,12.85,167.0,70.0,48.23,16.08,209.0,99.0,0.0,0.0,,,0.0,,,,,,,0.0,0.0,,87.7,0.0,,,0.0,0.0,,11,0.0,40.0,70.0,10.0,58.0,20.0,0.92,0.31,4.0,86.0,1.38,0.46,6.0,83.0,0.92,0.31,4.0,87.0,2.31,0.77,0.0,10.0,10.0,27.0,0.92,0.31,99.0,0.0,0.0,,4.0,,,,,99.0,0.42,0.14,1.83,83.0,0.33,0.11,1.42,2026,1,0,0.69,1,0.55,0.0,0.23,2025-12-05 20:00:00,Domestic League,195,0,130,390,30,164,226,390,0,0,-1,9,84,-1,0,2025/2026,2025,0
France_Ligue_1_2025-2026,Igmane Hamza,Lille,Midfielder,0,0,0,Morocco,6,7,13,0,1,1,0.21,1970-01-01,2,0.42,2,2,4,31,2,1,3,0.63,eu,,48.0,10.54,3.85,50.0,86.0,2.11,0.77,0.0,10.0,1270000.0,41.0,85.0,0.08,6.99,84.0,31.0,0.0,0.0,,2.0,15.0,65.0,91.0,67.0,14.0,0.42,0.15,2.0,95.0,1000.0,66.0,56.0,1.05,0.38,5.0,13.0,427.0,4.0,2.11,0.77,10.0,64.0,0.42,0.15,2.0,97.0,4.64,1.69,99.0,2.74,1.0,59.0,75.0,13.0,22.0,98.0,15.39,5.62,73.0,95.0,6.96,2.54,45.0,33.0,60.0,1.26,0.46,6.0,30.0,0.63,0.23,3.0,4.0,7.0,9.0,99.0,4.0,87.0,99.0,99.0,84.0,99.0,,76.0,0.0,0.0,,28.0,0.42,0.15,2.0,55.0,0.84,0.31,4.0,0.0,57.0,34.0,94.0,43.0,6.0,99.0,1.01,0.37,4.8,75.78,19.0,22.0,20.44,7.46,97.0,22.0,26.98,9.85,128.0,99.0,0.0,0.0,,,0.0,,,,,,,0.0,0.0,,90.83,0.0,,,0.0,0.0,,29,0.0,37.5,64.0,20.83,87.0,2.0,0.63,0.23,3.0,99.0,3.16,1.15,15.0,99.0,1.9,0.69,9.0,99.0,5.06,1.85,0.0,4.8,24.0,62.0,1.69,0.62,99.0,0.0,0.0,,8.0,,,8.0,1.0,75.0,0.2,0.07,0.93,99.0,1.01,0.37,4.8,2026,4,1,1.26,5,1.81,0.39,1.05,2025-12-05 20:00:00,Domestic League,427,214,142,85,33,199,228,427,0,0,-1,1,1,-1,0,2025/2026,2025,2
France_Ligue_1_2025-2026,Oussama El Azzouzi,Auxerre,Midfielder,24,189,78,Netherlands,4,3,7,0,0,0,0.0,1970-01-12,1,0.19,0,1,1,14,3,2,5,0.97,eu,,33.0,0.0,0.0,,80.0,1.75,1.29,0.0,9.0,1020000.0,33.0,50.0,0.0,6.84,69.0,54.0,0.19,0.14,1.0,1.0,14.0,60.0,52.0,21.0,57.0,1.56,1.14,8.0,73.0,0.0,33.0,17.0,0.0,0.0,,7.0,463.0,55.0,0.58,0.43,3.0,10.0,1.17,0.86,6.0,62.0,1.36,1.0,57.0,0.58,0.43,42.0,48.0,3.0,7.0,70.0,10.11,7.43,52.0,57.0,4.47,3.29,44.0,23.0,99.0,2.92,2.14,15.0,37.0,0.78,0.57,4.0,6.0,21.0,1.0,48.0,4.0,87.0,54.0,68.0,79.0,70.0,,76.0,0.0,0.0,,99.0,2.33,1.71,12.0,51.0,0.78,0.57,4.0,0.0,6.0,71.0,73.0,73.0,10.0,65.0,0.17,0.12,0.86,91.03,87.0,65.0,39.46,29.0,203.0,60.0,43.35,31.86,223.0,99.0,0.0,0.0,,,0.0,,,,,,,0.0,0.0,,47.91,0.0,,,0.0,0.0,,17,0.0,25.0,41.0,25.0,91.0,23.0,0.97,0.71,5.0,50.0,0.58,0.43,3.0,38.0,0.19,0.14,1.0,48.0,0.78,0.57,0.0,4.0,4.0,54.0,1.56,1.14,99.0,0.0,0.0,,8.0,,,,,47.0,0.13,0.09,0.66,63.0,0.17,0.12,0.86,2026,0,1,0.19,1,0.0,0.33,0.19,2025-12-07 16:15:00,Domestic League,0,463,93,463,66,194,269,463,0,0,-1,7,99,-1,0,2025/2026,2025,1
France_Ligue_1_2025-2026,Tom Negrel,Auxerre,Goalkeeper,22,0,0,France,0,0,0,0,0,0,0.0,2003-04-13,0,0.0,0,0,0,0,0,0,0,0.0,eu,,,,,,,,,,,,,,,,,,,,,,,,,,,,,,,,,,,,,,,,,,,,,,,,,,,,,,,,,,,,,,,,,,,,,,,,,,,,,,,,,,,,,,,,,,,,,,,,,,,,,,,,,,,,,,,,,,,,,,,,,,,,,,,,,,,,,,,,,,,,,,,,,,,,,,,,,,,,,,,,,,,,,,,,,,,,,,,,,,,,,,,2026,0,0,0.0,0,0.0,0.0,0.0,1970-01-01 00:00:00,Domestic League,0,0,0,0,0,0,0,0,0,0,-1,-1,-1,-1,0,2025/2026,2025,0
France_Ligue_1_2025-2026,Elikya Legros,Auxerre,Defender,55,0,0,,0,0,0,0,0,0,0.0,1970-01-01,0,0.0,0,0,0,0,0,0,0,0.0,eu,,,,,,,,,,,,,,,,,,,,,,,,,,,,,,,,,,,,,,,,,,,,,,,,,,,,,,,,,,,,,,,,,,,,,,,,,,,,,,,,,,,,,,,,,,,,,,,,,,,,,,,,,,,,,,,,,,,,,,,,,,,,,,,,,,,,,,,,,,,,,,,,,,,,,,,,,,,,,,,,,,,,,,,,,,,,,,,,,,,,,,,2026,0,0,0.0,0,0.0,0.0,0.0,1970-01-01 00:00:00,Domestic League,0,0,0,0,0,0,0,0,0,0,-1,-1,-1,-1,0,2025/2026,2025,0
France_Ligue_1_2025-2026,Alejandro Domínguez Romero,Toulouse,Goalkeeper,27,187,80,Spain,0,0,0,0,0,0,0.0,1970-01-11,0,0.0,0,0,0,0,0,0,0,0.0,eu,,,,,,,,,,,,,,,,,,,,,,,,,,,,,,,,,,,,,,,,,,,,,,,,,,,,,,,,,,,,,,,,,,,,,,,,,,,,,,,,,,,,,,,,,,,,,,,,,,,,,,,,,,,,,,,,,,,,,,,,,,,,,,,,,,,,,,,,,,,,,,,,,,,,,,,,,,,,,,,,,,,,,,,,,,,,,,,,,,,,,,,2026,0,0,0.0,0,0.0,0.0,0.0,1970-01-01 00:00:00,Domestic League,0,0,0,0,0,0,0,0,0,0,-1,-1,-1,-1,0,2025/2026,2025,0
France_Ligue_1_2025-2026,Melvin Zinga,Angers SCO,Goalkeeper,23,185,0,France,0,1,1,0,0,0,0.0,2002-03-16,0,0.0,0,0,0,0,0,2,2,2.0,eu,,33.0,0.0,0.0,,2.0,0.0,0.0,0.0,,338000.0,6.0,50.0,0.0,0.71,,31.0,0.0,0.0,,,,26.0,23.0,2.0,39.0,1.0,0.1,1.0,6.0,0.0,33.0,17.0,0.0,0.0,,10.0,90.0,99.0,0.0,0.0,,99.0,0.0,0.0,,9.0,0.0,0.0,11.0,0.0,0.0,0.0,11.0,,,6.0,1.0,0.1,1.0,7.0,1.0,0.1,100.0,1.0,7.0,0.0,0.0,,2.0,0.0,0.0,,1.0,,,25.0,,18.0,28.0,68.0,57.0,43.0,,76.0,0.0,0.0,,7.0,0.0,0.0,,7.0,0.0,0.0,,0.0,,23.0,6.0,43.0,,10.0,0.0,0.0,0.0,67.74,3.0,23.0,21.0,2.1,21.0,31.0,31.0,3.1,31.0,99.0,0.0,0.0,,,0.0,,,,,,,0.0,0.0,,7.08,66.67,62.0,95.0,4.0,0.4,4.0,16,0.0,0.0,21.0,0.0,46.0,99.0,6.0,0.6,6.0,10.0,0.0,0.0,,21.0,0.0,0.0,,8.0,0.0,0.0,0.0,0.0,,29.0,1.0,0.1,99.0,0.0,0.0,,1.0,,,,,4.0,0.04,0.0,0.04,9.0,0.0,0.0,0.0,2026,0,0,0.0,0,0.0,0.0,0.0,2025-11-30 16:15:00,Domestic League,0,0,45,0,90,0,90,90,0,0,-1,12,-1,-1,0,2025/2026,2025,0
France_Ligue_1_2025-2026,Justin-Noël Kalumba,Angers SCO,Forward,20,0,0,France,3,1,4,0,0,0,0.0,2004-12-25,0,0.0,0,0,0,0,3,2,5,2.0,eu,,99.0,79.2,39.6,198.0,22.0,0.4,0.2,0.0,1.0,123338.0,2.0,50.0,0.0,5.23,13.0,31.0,0.0,0.0,,,,26.0,23.0,2.0,47.0,1.2,0.6,3.0,6.0,1320.0,73.0,97.0,6.0,3.0,15.0,5.0,225.0,14.0,1.6,0.8,4.0,66.0,0.4,0.2,1.0,99.0,5.6,2.8,95.0,1.6,0.8,28.0,21.0,4.0,14.0,99.0,16.0,8.0,40.0,82.0,5.6,2.8,35.0,14.0,54.0,1.2,0.6,3.0,62.0,1.2,0.6,3.0,3.0,2.0,1.0,48.0,2.0,60.0,28.0,68.0,57.0,43.0,,76.0,0.0,0.0,,25.0,0.4,0.2,1.0,86.0,1.6,0.8,4.0,0.0,,23.0,6.0,43.0,,21.0,0.02,0.01,0.04,76.0,20.0,27.0,22.8,11.4,57.0,28.0,30.0,15.0,75.0,99.0,0.0,0.0,,,0.0,,,,,,,0.0,0.0,,26.17,0.0,,,0.0,0.0,,17,0.0,0.0,21.0,0.0,46.0,83.0,2.0,1.0,5.0,34.0,0.4,0.2,1.0,21.0,0.0,0.0,,24.0,0.4,0.2,0.0,0.0,1.0,85.0,2.4,1.2,99.0,0.0,0.0,,6.0,,,,,32.0,0.1,0.05,0.24,20.0,0.02,0.01,0.04,2026,0,0,0.0,0,0.0,0.0,0.0,2025-10-05 15:15:00,Domestic League,0,0,45,0,56,135,90,225,0,0,-1,11,-1,-1,0,2025/2026,2025,0
France_Ligue_1_2025-2026,Lilian Brassier,Rennes,Defender,26,186,78,France,7,4,11,0,0,0,0.0,1970-01-11,0,0.0,2,0,2,18,10,4,14,1.39,eu,,36.0,4.95,3.57,50.0,44.0,0.69,0.5,0.0,7.0,3410000.0,80.0,50.0,0.0,5.24,13.0,99.0,1.39,1.0,14.0,,,26.0,23.0,31.0,79.0,2.87,2.07,29.0,38.0,500.0,45.0,55.0,0.99,0.71,10.0,14.0,909.0,35.0,0.89,0.64,9.0,90.0,0.1,0.07,1.0,46.0,0.99,0.71,51.0,0.5,0.36,50.0,65.0,5.0,10.0,26.0,6.63,4.79,67.0,31.0,3.66,2.64,55.0,37.0,15.0,0.5,0.36,5.0,56.0,1.09,0.79,11.0,10.0,56.0,1.0,48.0,2.0,60.0,28.0,68.0,57.0,43.0,,76.0,0.0,0.0,,85.0,1.29,0.93,13.0,13.0,0.1,0.07,1.0,0.0,31.0,23.0,40.0,43.0,56.0,10.0,0.0,0.0,0.05,84.11,50.0,80.0,48.22,34.79,487.0,83.0,57.33,41.36,579.0,99.0,0.0,0.0,,,0.0,,,,,,,0.0,0.0,,73.32,0.0,,,0.0,0.0,,3,0.0,0.0,21.0,0.0,46.0,70.0,1.68,1.21,17.0,14.0,0.1,0.07,1.0,21.0,0.0,0.0,,11.0,0.1,0.07,0.0,0.0,1.0,51.0,1.49,1.07,99.0,0.0,0.0,,15.0,,,,,24.0,0.09,0.07,0.93,9.0,0.0,0.0,0.05,2026,0,0,0.0,0,0.0,0.0,0.0,2025-12-13 16:00:00,Domestic League,0,0,65,0,83,549,360,909,0,0,-1,13,179,71,0,2025/2026,2025,0
France_Ligue_1_2025-2026,Mohammed Salisu Abdul Karim,Monaco,Defender,26,191,82,Ghana,5,5,10,0,0,0,0.0,1970-01-11,3,0.3,0,2,2,20,10,7,17,1.7,eu,,33.0,0.0,0.0,,97.0,3.0,2.31,0.0,30.0,4020000.0,85.0,50.0,0.0,5.51,16.0,99.0,2.0,1.54,20.0,3.0,30.0,92.0,76.0,38.0,99.0,7.5,5.77,75.0,18.0,0.0,33.0,17.0,0.0,0.0,,13.0,900.0,78.0,0.2,0.15,2.0,11.0,1.1,0.85,11.0,12.0,0.1,0.08,16.0,0.1,0.08,100.0,99.0,1.0,1.0,70.0,10.1,7.77,101.0,80.0,5.5,4.23,54.0,55.0,80.0,1.6,1.23,16.0,11.0,0.3,0.23,3.0,10.0,56.0,,25.0,,18.0,56.0,77.0,70.0,72.0,,84.0,0.1,0.08,1.0,96.0,1.7,1.31,17.0,18.0,0.2,0.15,2.0,0.0,23.0,48.0,18.0,72.0,55.0,56.0,0.12,0.09,1.19,88.01,73.0,92.0,64.6,49.69,646.0,93.0,73.4,56.46,734.0,99.0,0.0,0.0,,,0.0,,,,,,,0.0,0.0,,71.59,0.0,,,0.0,0.0,,22,0.0,42.86,75.0,14.29,72.0,71.0,1.7,1.31,17.0,34.0,0.4,0.31,4.0,56.0,0.3,0.23,3.0,43.0,0.7,0.54,0.0,7.0,7.0,77.0,2.1,1.62,99.0,0.0,0.0,,21.0,,,,,47.0,0.13,0.1,1.28,55.0,0.12,0.09,1.19,2026,1,1,0.2,2,0.2,0.2,0.2,2025-12-05 18:00:00,Domestic League,0,300,53,450,90,450,450,900,0,0,-1,7,95,94,0,2025/2026,2025,3
France_Ligue_1_2025-2026,Mamadou Coulibaly,Monaco,Midfielder,21,0,0,France,6,5,11,1,0,1,0.13,2004-04-21,4,0.54,0,1,1,9,11,7,18,2.43,eu,,83.0,26.87,15.38,200.0,49.0,0.81,0.46,0.0,6.0,710000.0,17.0,69.0,0.09,4.77,9.0,44.0,0.13,0.08,1.0,4.0,36.0,97.0,95.0,7.0,48.0,1.21,0.69,9.0,2.0,4000.0,94.0,46.0,0.67,0.38,5.0,13.0,670.0,67.0,0.4,0.23,3.0,18.0,0.94,0.54,7.0,77.0,2.15,1.23,76.0,0.94,0.54,43.0,49.0,7.0,16.0,79.0,11.15,6.38,83.0,80.0,5.51,3.15,49.0,41.0,94.0,2.15,1.23,16.0,63.0,1.21,0.69,9.0,9.0,46.0,2.0,63.0,1.0,44.0,65.0,80.0,57.0,61.0,,76.0,0.0,0.0,,95.0,1.61,0.92,12.0,67.0,1.07,0.62,8.0,0.0,31.0,28.0,2.0,82.0,31.0,56.0,0.12,0.07,0.9,87.93,72.0,76.0,45.0,25.77,335.0,75.0,51.18,29.31,381.0,99.0,0.0,0.0,,,0.0,,,,,,,0.0,0.0,,61.96,0.0,,,0.0,0.0,,28,0.0,66.67,95.0,33.33,97.0,91.0,2.42,1.38,18.0,15.0,0.13,0.08,1.0,52.0,0.27,0.15,2.0,24.0,0.4,0.23,0.0,3.0,3.0,90.0,2.55,1.46,99.0,0.0,0.0,,19.0,,,,,77.0,0.21,0.12,1.55,55.0,0.12,0.07,0.9,2026,1,0,0.27,1,0.22,0.0,0.13,2025-12-05 18:00:00,Domestic League,668,167,37,668,61,415,253,668,0,0,-1,9,127,-1,0,2025/2026,2025,4
France_Ligue_1_2025-2026,Mathis Amougou,Strasbourg,Midfielder,19,0,0,France,5,3,8,0,0,0,0.0,2006-01-18,0,0.0,0,3,3,38,5,0,5,1.74,eu,,33.0,0.0,0.0,,2.0,0.0,0.0,0.0,,1360000.0,44.0,50.0,0.0,3.86,3.0,70.0,0.35,0.08,1.0,,,26.0,23.0,80.0,11.0,0.35,0.08,1.0,14.0,0.0,33.0,17.0,0.0,0.0,,12.0,259.0,29.0,1.04,0.25,3.0,14.0,1.04,0.25,3.0,63.0,1.39,0.33,65.0,0.69,0.17,50.0,65.0,2.0,4.0,45.0,7.99,1.92,23.0,66.0,4.86,1.17,60.0,14.0,11.0,0.35,0.08,1.0,54.0,1.04,0.25,3.0,2.0,,6.0,89.0,5.0,94.0,28.0,68.0,57.0,43.0,,76.0,0.0,0.0,,23.0,0.35,0.08,1.0,45.0,0.69,0.17,2.0,0.0,9.0,23.0,17.0,43.0,,40.0,0.06,0.01,0.17,93.43,95.0,75.0,44.48,10.67,128.0,69.0,47.61,11.42,137.0,99.0,0.0,0.0,,,0.0,,,,,,,0.0,0.0,,46.33,0.0,,,0.0,0.0,,17,0.0,50.0,87.0,0.0,46.0,85.0,2.08,0.5,6.0,31.0,0.35,0.08,1.0,60.0,0.35,0.08,1.0,42.0,0.69,0.17,0.0,0.0,2.0,96.0,3.13,0.75,99.0,0.0,0.0,,9.0,,,,,37.0,0.11,0.03,0.33,39.0,0.06,0.01,0.17,2026,0,0,0.0,0,0.0,0.0,0.0,2025-09-14 15:15:00,Domestic League,0,0,52,0,32,184,74,258,0,0,-1,20,-1,-1,0,2025/2026,2025,0
France_Ligue_1_2025-2026,Thomas Delaine,Le Havre,Defender,33,180,72,France,2,3,5,0,0,0,0.0,1970-01-09,0,0.0,2,1,3,60,0,1,1,0.45,eu,,75.0,22.5,5.56,50.0,2.0,0.0,0.0,0.0,,1360000.0,44.0,50.0,0.0,3.67,2.0,31.0,0.0,0.0,,,,26.0,23.0,99.0,76.0,2.7,0.67,6.0,99.0,277.78,35.0,99.0,8.1,2.0,18.0,9.0,200.0,99.0,0.0,0.0,,19.0,0.9,0.22,2.0,43.0,0.9,0.22,74.0,0.9,0.22,100.0,99.0,2.0,2.0,8.0,4.5,1.11,10.0,10.0,2.25,0.56,50.0,5.0,34.0,0.9,0.22,2.0,20.0,0.45,0.11,1.0,2.0,,3.0,72.0,3.0,74.0,28.0,68.0,57.0,43.0,,76.0,0.0,0.0,,89.0,1.35,0.33,3.0,80.0,1.35,0.33,3.0,0.0,1.0,23.0,99.0,43.0,,40.0,0.06,0.01,0.13,73.77,13.0,67.0,40.5,10.0,90.0,79.0,54.9,13.56,122.0,99.0,0.0,0.0,,,0.0,,,,,,,0.0,0.0,,33.07,0.0,,,0.0,0.0,,23,0.0,0.0,21.0,0.0,46.0,,0.45,0.11,1.0,84.0,1.35,0.33,3.0,21.0,0.0,0.0,,65.0,1.35,0.33,0.0,0.0,3.0,27.0,0.9,0.22,99.0,0.0,0.0,,2.0,,,,,47.0,0.13,0.03,0.28,39.0,0.06,0.01,0.13,2026,0,0,0.0,0,0.0,0.0,0.0,2025-10-29 18:00:00,Domestic League,0,0,200,0,40,27,173,200,0,0,-1,13,-1,-1,0,2025/2026,2025,0
France_Ligue_1_2025-2026,Morgan Stéphane Sanson,Nice,Midfielder,31,180,73,France,7,6,13,0,1,1,0.29,1970-01-09,0,0.0,0,2,2,15,2,3,5,1.46,eu,,58.0,14.61,3.85,50.0,2.0,0.0,0.0,0.0,,6360000.0,95.0,93.0,0.08,6.5,47.0,94.0,0.88,0.23,3.0,,,26.0,23.0,24.0,2.0,0.0,0.0,,33.0,625.0,50.0,75.0,2.34,0.62,8.0,13.0,308.0,36.0,0.88,0.23,3.0,1.0,2.05,0.54,7.0,84.0,2.63,0.69,94.0,1.46,0.38,55.0,71.0,5.0,9.0,74.0,10.52,2.77,36.0,26.0,3.51,0.92,33.0,12.0,92.0,2.05,0.54,7.0,60.0,1.17,0.31,4.0,2.0,,11.0,99.0,3.0,74.0,68.0,68.0,57.0,43.0,,76.0,0.0,0.0,,19.0,0.29,0.08,1.0,72.0,1.17,0.31,4.0,0.0,57.0,23.0,34.0,43.0,,32.0,0.04,0.01,0.14,86.17,63.0,29.0,23.67,6.23,81.0,22.0,27.47,7.23,94.0,99.0,0.0,0.0,,,0.0,,,,,,,0.0,0.0,,84.53,0.0,,,0.0,0.0,,8,0.0,0.0,21.0,0.0,46.0,84.0,2.05,0.54,7.0,68.0,0.88,0.23,3.0,21.0,0.0,0.0,,51.0,0.88,0.23,0.0,0.0,3.0,26.0,0.88,0.23,99.0,0.0,0.0,,3.0,,,,,86.0,0.26,0.07,0.9,30.0,0.04,0.01,0.14,2026,0,0,0.29,0,0.0,0.0,0.0,2025-12-07 14:00:00,Domestic League,308,0,62,0,24,160,148,308,0,0,-1,18,192,-1,0,2025/2026,2025,0
France_Ligue_1_2025-2026,Terry Yegbe,Metz,Defender,24,0,0,Ghana,6,7,13,1,0,1,0.08,1970-01-12,0,0.0,1,2,3,23,16,8,24,1.97,eu,,43.0,8.22,7.14,100.0,62.0,1.15,1.0,0.0,14.0,1250000.0,40.0,58.0,0.08,6.03,29.0,89.0,0.66,0.57,8.0,,,26.0,23.0,45.0,98.0,6.08,5.29,74.0,6.0,2000.0,85.0,38.0,0.41,0.36,5.0,14.0,1095.0,80.0,0.16,0.14,2.0,78.0,0.25,0.21,3.0,15.0,0.16,0.14,15.0,0.08,0.07,50.0,65.0,1.0,2.0,8.0,4.36,3.79,53.0,10.0,2.3,2.0,52.0,28.0,24.0,0.74,0.64,9.0,18.0,0.41,0.36,5.0,12.0,70.0,1.0,48.0,1.0,44.0,36.0,68.0,57.0,43.0,,76.0,0.0,0.0,,56.0,0.82,0.71,10.0,22.0,0.25,0.21,3.0,0.0,57.0,23.0,8.0,43.0,71.0,21.0,0.02,0.02,0.27,86.52,66.0,79.0,48.0,41.71,584.0,80.0,55.48,48.21,675.0,99.0,0.0,0.0,,,0.0,,,,,,,0.0,0.0,,84.43,0.0,,,0.0,0.0,,15,0.0,25.0,41.0,0.0,46.0,90.0,2.3,2.0,28.0,24.0,0.25,0.21,3.0,24.0,0.08,0.07,1.0,20.0,0.33,0.29,0.0,0.0,4.0,22.0,0.82,0.71,99.0,0.0,0.0,,10.0,,,,,60.0,0.16,0.14,1.9,20.0,0.02,0.02,0.27,2026,0,0,0.08,0,0.0,0.0,0.0,2025-12-13 18:00:00,Domestic League,1095,0,46,0,84,481,614,1095,0,0,-1,14,207,112,0,2025/2026,2025,0
France_Ligue_1_2025-2026,Enzo Anthony Honoré Molébé,Olympique Lyonnais,Midfielder,18,0,0,France,0,1,1,0,0,0,0.0,2007-09-18,0,0.0,0,1,1,100,0,0,0,0.0,eu,,33.0,0.0,0.0,,2.0,0.0,0.0,0.0,,270000.0,4.0,50.0,0.0,0.81,,31.0,0.0,0.0,,,,26.0,23.0,99.0,2.0,0.0,0.0,,99.0,0.0,33.0,17.0,0.0,0.0,,8.0,9.0,99.0,0.0,0.0,,99.0,0.0,0.0,,9.0,0.0,0.0,11.0,0.0,0.0,0.0,11.0,,,67.0,10.0,0.12,1.0,,0.0,0.0,0.0,,7.0,0.0,0.0,,2.0,0.0,0.0,,,,1.0,48.0,,18.0,28.0,68.0,57.0,43.0,,76.0,0.0,0.0,,7.0,0.0,0.0,,7.0,0.0,0.0,,0.0,,23.0,,43.0,,10.0,0.0,0.0,0.0,60.0,1.0,44.0,30.0,0.38,3.0,73.0,50.0,0.62,5.0,99.0,0.0,0.0,,,0.0,,,,,,,0.0,0.0,,6.46,0.0,,,0.0,0.0,,29,0.0,0.0,21.0,0.0,46.0,,0.0,0.0,,10.0,0.0,0.0,,21.0,0.0,0.0,,8.0,0.0,0.0,0.0,0.0,,5.0,0.0,0.0,99.0,0.0,0.0,,,,,,,32.0,0.1,0.0,0.01,9.0,0.0,0.0,0.0,2026,0,0,0.0,0,0.0,0.0,0.0,1970-01-01 00:00:00,Domestic League,0,0,0,0,9,0,9,9,0,0,-1,21,-1,-1,0,2025/2026,2025,0
France_Ligue_1_2025-2026,Hamed Junior Traoru00e8,Olympique Marseille,Midfielder,25,177,68,Ivory Coast,1,0,1,0,0,0,0.0,1970-01-12,0,0.0,0,0,0,0,0,0,0,0.0,eu,,33.0,0.0,0.0,,86.0,2.12,1.0,0.0,2.0,2730000.0,72.0,50.0,0.0,3.46,1.0,96.0,1.06,0.5,1.0,,,26.0,23.0,2.0,2.0,0.0,0.0,,99.0,0.0,33.0,97.0,6.35,3.0,6.0,2.0,85.0,99.0,0.0,0.0,,99.0,0.0,0.0,,9.0,0.0,0.0,11.0,0.0,0.0,0.0,11.0,,,52.0,8.47,4.0,8.0,75.0,5.29,2.5,62.0,5.0,42.0,1.06,0.5,1.0,91.0,2.12,1.0,2.0,1.0,,,25.0,1.0,44.0,28.0,68.0,57.0,43.0,,76.0,0.0,0.0,,7.0,0.0,0.0,,7.0,0.0,0.0,,0.0,,23.0,,43.0,,68.0,0.19,0.09,0.18,75.0,17.0,7.0,12.71,6.0,12.0,7.0,16.94,8.0,16.0,99.0,0.0,0.0,,,0.0,,,,,,,0.0,0.0,,6.93,0.0,,,0.0,0.0,,20,0.0,50.0,87.0,0.0,46.0,,0.0,0.0,,73.0,1.06,0.5,1.0,90.0,1.06,0.5,1.0,82.0,2.12,1.0,0.0,0.0,2.0,32.0,1.06,0.5,99.0,0.0,0.0,,1.0,,,,,,0.02,0.01,0.02,66.0,0.19,0.09,0.18,2026,0,0,0.0,0,0.0,0.0,0.0,2025-08-31 18:45:00,Domestic League,0,0,0,0,86,86,0,86,0,0,-1,18,-1,-1,0,2025/2026,2025,0
France_Ligue_1_2025-2026,Nayef Aguerd,Olympique Marseille,Defender,29,190,76,Morocco,4,6,10,0,0,0,0.0,1970-01-10,2,0.21,1,3,4,40,4,3,7,0.72,eu,,33.0,0.0,0.0,,92.0,2.67,2.36,0.0,26.0,4910000.0,89.0,50.0,0.0,6.42,43.0,82.0,0.51,0.45,5.0,2.0,20.0,77.0,59.0,83.0,85.0,3.81,3.36,37.0,90.0,0.0,33.0,21.0,0.1,0.09,1.0,11.0,875.0,67.0,0.41,0.36,4.0,99.0,0.0,0.0,,12.0,0.1,0.09,11.0,0.0,0.0,0.0,11.0,,1.0,41.0,7.82,6.91,76.0,60.0,4.53,4.0,57.0,44.0,66.0,1.34,1.18,13.0,18.0,0.41,0.36,4.0,10.0,56.0,,25.0,1.0,44.0,41.0,68.0,67.0,57.0,,76.0,0.0,0.0,,89.0,1.34,1.18,13.0,18.0,0.21,0.18,2.0,0.0,23.0,70.0,90.0,87.0,53.0,62.0,0.15,0.14,1.49,95.12,99.0,99.0,90.21,79.73,877.0,99.0,94.83,83.82,922.0,99.0,0.0,0.0,,,0.0,,,,,,,0.0,0.0,,70.67,0.0,,,0.0,0.0,,21,0.0,40.0,70.0,40.0,98.0,21.0,0.93,0.82,9.0,28.0,0.31,0.27,3.0,41.0,0.21,0.18,2.0,32.0,0.51,0.45,0.0,2.5,5.0,52.0,1.54,1.36,99.0,0.0,0.0,,15.0,,,,,77.0,0.21,0.18,2.0,61.0,0.15,0.14,1.49,2026,0,1,0.1,1,0.0,0.17,0.1,2025-12-05 20:00:00,Domestic League,0,438,125,875,88,360,515,875,0,0,-1,9,139,12,0,2025/2026,2025,2
France_Ligue_1_2025-2026,Benjamin Pavard,Olympique Marseille,Defender,29,186,76,France,6,6,12,1,1,2,0.2,1970-01-10,3,0.31,2,3,5,42,4,2,6,0.61,eu,,47.0,10.18,8.33,100.0,76.0,1.63,1.33,0.0,16.0,9090000.0,97.0,82.0,0.17,6.99,84.0,74.0,0.41,0.33,4.0,3.0,25.0,86.0,77.0,86.0,81.0,3.26,2.67,32.0,97.0,2000.0,85.0,41.0,0.51,0.42,5.0,12.0,884.0,99.0,0.0,0.0,,85.0,0.2,0.17,2.0,9.0,0.0,0.0,11.0,0.0,0.0,0.0,11.0,,,14.0,5.7,4.67,56.0,25.0,3.46,2.83,60.0,34.0,23.0,0.71,0.58,7.0,23.0,0.51,0.42,5.0,10.0,56.0,2.0,63.0,1.0,44.0,78.0,80.0,68.0,72.0,,76.0,0.0,0.0,,71.0,1.02,0.83,10.0,46.0,0.71,0.58,7.0,0.0,44.0,47.0,96.0,71.0,53.0,56.0,0.12,0.1,1.18,93.46,95.0,92.0,64.04,52.42,629.0,91.0,68.52,56.08,673.0,9.0,0.1,0.08,1.0,,0.0,,,,,,,0.0,0.0,,83.85,0.0,,,0.0,0.0,,28,0.0,42.86,75.0,14.29,72.0,20.0,0.92,0.75,9.0,35.0,0.41,0.33,4.0,56.0,0.31,0.25,3.0,43.0,0.71,0.58,0.0,7.0,7.0,47.0,1.43,1.17,99.0,0.0,0.0,,14.0,,,,,91.0,0.29,0.24,2.83,55.0,0.12,0.1,1.18,2026,1,1,0.41,2,0.22,0.19,0.2,2025-12-05 20:00:00,Domestic League,442,295,147,442,74,402,482,884,0,0,-1,7,94,6,0,2025/2026,2025,3
France_Ligue_1_2025-2026,Facundo Medina,Olympique Marseille,Defender,26,184,78,Argentina,1,1,2,0,0,0,0.0,1970-01-11,0,0.0,0,1,1,50,1,0,1,0.62,eu,,99.0,61.64,33.33,100.0,39.0,0.62,0.33,0.0,1.0,1640000.0,51.0,50.0,0.0,4.62,6.0,31.0,0.0,0.0,,,,26.0,23.0,94.0,63.0,1.85,1.0,3.0,95.0,9999.99,99.0,45.0,0.62,0.33,1.0,3.0,146.0,51.0,0.62,0.33,1.0,9.0,1.23,0.67,2.0,9.0,0.0,0.0,11.0,0.0,0.0,0.0,11.0,,,45.0,8.01,4.33,13.0,68.0,4.93,2.67,61.0,8.0,87.0,1.85,1.0,3.0,85.0,1.85,1.0,3.0,2.0,,,25.0,5.0,94.0,28.0,68.0,57.0,43.0,,76.0,0.0,0.0,,83.0,1.23,0.67,2.0,7.0,0.0,0.0,,0.0,,23.0,95.0,43.0,,10.0,0.0,0.0,0.0,95.49,99.0,97.0,78.29,42.33,127.0,96.0,81.99,44.33,133.0,99.0,0.0,0.0,,,0.0,,,,,,,0.0,0.0,,13.87,0.0,,,0.0,0.0,,32,0.0,0.0,21.0,0.0,46.0,2.0,0.62,0.33,1.0,10.0,0.0,0.0,,21.0,0.0,0.0,,8.0,0.0,0.0,0.0,0.0,,87.0,2.47,1.33,99.0,0.0,0.0,,4.0,,,,,68.0,0.18,0.1,0.3,9.0,0.0,0.0,0.0,2026,0,0,0.0,0,0.0,0.0,0.0,2025-09-26 18:45:00,Domestic League,0,0,146,0,73,85,61,146,0,0,-1,15,-1,-1,0,2025/2026,2025,0
France_Ligue_1_2025-2026,Igor Guilherme Barbosa da Paixão,Olympique Marseille,Forward,25,168,65,Brazil,6,6,12,0,1,1,0.11,1970-01-12,1,0.11,2,3,5,42,5,3,8,0.86,eu,,36.0,5.43,4.17,50.0,47.0,0.76,0.58,0.0,7.0,5090000.0,90.0,66.0,0.08,6.88,76.0,40.0,0.11,0.08,1.0,1.0,8.0,40.0,33.0,86.0,37.0,0.98,0.75,9.0,77.0,384.62,38.0,63.0,1.41,1.08,13.0,12.0,829.0,25.0,1.19,0.92,11.0,16.0,0.98,0.75,9.0,95.0,3.8,2.92,94.0,1.41,1.08,37.0,36.0,13.0,35.0,79.0,11.07,8.5,102.0,56.0,4.45,3.42,40.0,41.0,16.0,0.54,0.42,5.0,71.0,1.41,1.08,13.0,10.0,56.0,2.0,63.0,1.0,44.0,82.0,91.0,71.0,86.0,,76.0,0.0,0.0,,61.0,0.87,0.67,8.0,44.0,0.65,0.5,6.0,0.0,44.0,92.0,77.0,57.0,48.0,92.0,0.4,0.31,3.71,84.83,53.0,43.0,29.75,22.83,274.0,41.0,35.07,26.92,323.0,99.0,0.0,0.0,,,0.0,,1.0,,,,,0.0,0.0,,82.6,0.0,,,0.0,0.0,,14,0.0,36.0,60.0,12.0,62.0,24.0,0.98,0.75,9.0,93.0,1.74,1.33,16.0,86.0,0.98,0.75,9.0,93.0,2.71,2.08,0.0,8.33,25.0,29.0,0.98,0.75,99.0,0.0,0.0,,9.0,,,,,54.0,0.15,0.12,1.39,90.0,0.4,0.31,3.71,2026,2,1,0.43,3,0.42,0.22,0.32,2025-12-05 20:00:00,Domestic League,841,841,105,280,70,424,417,841,0,0,-1,5,45,-1,0,2025/2026,2025,1
France_Ligue_1_2025-2026,Matthew O'Riley,Olympique Marseille,Midfielder,25,189,82,England,5,6,11,1,1,2,0.29,1970-01-12,2,0.29,2,3,5,45,3,1,4,0.58,eu,,56.0,13.95,8.33,100.0,15.0,0.28,0.17,0.0,2.0,3000000.0,74.0,93.0,0.18,5.77,21.0,65.0,0.28,0.17,2.0,2.0,18.0,69.0,73.0,89.0,37.0,0.98,0.58,7.0,98.0,2500.0,89.0,43.0,0.56,0.33,4.0,12.0,645.0,45.0,0.7,0.42,5.0,16.0,0.98,0.58,7.0,41.0,0.84,0.5,32.0,0.28,0.17,33.0,30.0,2.0,6.0,25.0,6.56,3.92,47.0,12.0,2.37,1.42,36.0,17.0,76.0,1.53,0.92,11.0,4.0,0.14,0.08,1.0,6.0,21.0,5.0,85.0,3.0,74.0,83.0,82.0,57.0,66.0,,76.0,0.0,0.0,,50.0,0.7,0.42,5.0,85.0,1.53,0.92,11.0,0.0,31.0,50.0,98.0,80.0,24.0,58.0,0.13,0.08,0.94,89.85,82.0,82.0,49.4,29.5,354.0,79.0,54.98,32.83,394.0,99.0,0.0,0.0,,,0.0,,,,,,,0.0,0.0,,69.23,0.0,,,0.0,0.0,,17,0.0,50.0,87.0,25.0,91.0,12.0,0.84,0.5,6.0,26.0,0.28,0.17,2.0,53.0,0.28,0.17,2.0,35.0,0.56,0.33,0.0,4.0,4.0,60.0,1.67,1.0,99.0,0.0,0.0,,12.0,,,,,94.0,0.32,0.19,2.3,56.0,0.13,0.08,0.94,2026,1,0,0.44,1,0.25,0.0,0.15,2025-11-01 20:05:00,Domestic League,310,310,155,619,56,354,265,619,0,0,-1,11,113,-1,0,2025/2026,2025,2
France_Ligue_1_2025-2026,Arthur Vermeeren,Olympique Marseille,Midfielder,20,0,0,Belgium,5,3,8,0,1,1,0.2,2005-02-07,1,0.2,2,2,4,50,4,1,5,1.0,eu,,33.0,0.0,0.0,,48.0,0.8,0.33,0.0,4.0,2730000.0,72.0,82.0,0.12,4.56,6.0,56.0,0.2,0.08,1.0,1.0,12.0,50.0,53.0,94.0,30.0,0.8,0.33,4.0,72.0,0.0,33.0,45.0,0.6,0.25,3.0,12.0,450.0,67.0,0.4,0.17,2.0,15.0,1.0,0.42,5.0,47.0,1.0,0.42,58.0,0.6,0.25,60.0,77.0,3.0,5.0,57.0,9.0,3.75,45.0,54.0,4.4,1.83,48.0,22.0,91.0,2.0,0.83,10.0,7.0,0.2,0.08,1.0,5.0,13.0,3.0,72.0,1.0,44.0,56.0,68.0,57.0,43.0,,76.0,0.0,0.0,,70.0,1.0,0.42,5.0,64.0,1.0,0.42,5.0,0.0,9.0,70.0,72.0,43.0,10.0,16.0,0.01,0.0,0.05,90.67,86.0,94.0,70.0,29.17,350.0,94.0,77.2,32.17,386.0,99.0,0.0,0.0,,,0.0,,,,,,,0.0,0.0,,54.72,0.0,,,0.0,0.0,,18,0.0,0.0,21.0,0.0,46.0,25.0,1.0,0.42,5.0,19.0,0.2,0.08,1.0,21.0,0.0,0.0,,14.0,0.2,0.08,0.0,0.0,1.0,92.0,2.8,1.17,99.0,0.0,0.0,,14.0,,,,,93.0,0.3,0.12,1.5,16.0,0.01,0.0,0.05,2026,0,0,0.2,0,0.0,0.0,0.0,2025-12-05 20:00:00,Domestic League,450,450,90,0,56,302,148,450,0,0,-1,16,230,-1,0,2025/2026,2025,1
France_Ligue_1_2025-2026,Emerson Palmieri dos Santos,Olympique Marseille,Defender,31,176,63,Italy,6,6,12,0,1,1,0.1,1970-01-09,1,0.1,2,3,5,42,4,3,7,0.67,eu,,75.0,22.4,19.42,233.0,54.0,0.96,0.83,0.0,10.0,3640000.0,82.0,63.0,0.08,7.09,91.0,73.0,0.38,0.33,4.0,1.0,8.0,40.0,31.0,86.0,67.0,2.21,1.92,23.0,93.0,466.0,43.0,92.0,4.81,4.17,50.0,12.0,936.0,55.0,0.58,0.5,6.0,90.0,0.1,0.08,1.0,53.0,1.15,1.0,39.0,0.38,0.33,33.0,30.0,4.0,12.0,20.0,6.25,5.42,65.0,25.0,3.46,3.0,55.0,36.0,26.0,0.77,0.67,8.0,6.0,0.19,0.17,2.0,10.0,56.0,2.0,63.0,1.0,44.0,41.0,68.0,57.0,43.0,,76.0,0.0,0.0,,98.0,1.92,1.67,20.0,82.0,1.44,1.25,15.0,0.0,44.0,93.0,93.0,43.0,58.0,26.0,0.03,0.03,0.33,91.19,89.0,88.0,55.77,48.33,580.0,87.0,61.15,53.0,636.0,99.0,0.0,0.0,,,0.0,,,,,,,0.0,0.0,,85.06,0.0,,,0.0,0.0,,33,0.0,16.67,26.0,0.0,46.0,16.0,0.87,0.75,9.0,43.0,0.48,0.42,5.0,26.0,0.1,0.08,1.0,37.0,0.58,0.5,0.0,0.0,6.0,73.0,1.92,1.67,99.0,0.0,0.0,,20.0,,,,,83.0,0.24,0.21,2.54,25.0,0.03,0.03,0.33,2026,0,0,0.1,0,0.0,0.0,0.0,2025-12-05 20:00:00,Domestic League,936,936,134,0,78,482,454,936,0,0,-1,17,231,10,0,2025/2026,2025,1
France_Ligue_1_2025-2026,Abdoul Bamo Meité,Lorient,Midfielder,0,0,0,France,5,4,9,0,1,1,0.12,1970-01-01,2,0.24,0,1,1,11,7,4,11,1.3,eu,,51.0,11.83,8.33,100.0,94.0,2.84,2.0,0.0,24.0,300000.0,5.0,67.0,0.11,5.01,11.0,85.0,0.59,0.42,5.0,2.0,22.0,81.0,68.0,10.0,88.0,4.26,3.0,36.0,45.0,1428.57,76.0,50.0,0.83,0.58,7.0,12.0,761.0,75.0,0.24,0.17,2.0,33.0,0.71,0.5,6.0,35.0,0.71,0.5,48.0,0.47,0.33,66.0,87.0,4.0,6.0,59.0,9.34,6.58,79.0,73.0,5.2,3.67,55.0,44.0,52.0,1.18,0.83,10.0,55.0,1.06,0.75,9.0,9.0,46.0,,25.0,1.0,44.0,44.0,68.0,57.0,43.0,,76.0,0.0,0.0,,51.0,0.71,0.5,6.0,21.0,0.24,0.17,2.0,0.0,15.0,58.0,45.0,43.0,39.0,26.0,0.03,0.02,0.26,87.01,67.0,66.0,39.62,27.92,335.0,65.0,45.53,32.08,385.0,1.0,0.24,0.17,2.0,,0.0,,,,,,,0.0,0.0,,60.08,0.0,,,0.0,0.0,,5,0.0,25.0,41.0,0.0,46.0,68.0,1.66,1.17,14.0,31.0,0.35,0.25,3.0,30.0,0.12,0.08,1.0,29.0,0.47,0.33,0.0,0.0,4.0,23.0,0.83,0.58,99.0,0.0,0.0,,7.0,,,,,60.0,0.16,0.11,1.33,25.0,0.03,0.02,0.26,2026,0,0,0.12,0,0.0,0.0,0.0,2025-12-07 19:45:00,Domestic League,761,381,69,0,85,406,355,761,0,0,-1,20,232,-1,0,2025/2026,2025,2
France_Ligue_1_2025-2026,Yvon Landry Mvogo,Lorient,Goalkeeper,31,189,90,Switzerland,6,6,12,0,0,0,0.0,1970-01-09,0,0.0,0,1,1,8,11,6,17,1.42,eu,,33.0,0.0,0.0,,23.0,0.42,0.42,0.0,5.0,2270000.0,65.0,50.0,0.0,6.73,58.0,31.0,0.0,0.0,,,,26.0,23.0,6.0,27.0,0.67,0.67,8.0,35.0,0.0,33.0,17.0,0.0,0.0,,12.0,1080.0,99.0,0.0,0.0,,91.0,0.08,0.08,1.0,9.0,0.0,0.0,11.0,0.0,0.0,0.0,11.0,,,3.0,0.58,0.58,7.0,4.0,0.5,0.5,85.0,6.0,7.0,0.0,0.0,,5.0,0.17,0.17,2.0,12.0,70.0,,25.0,,18.0,28.0,68.0,57.0,43.0,,76.0,0.0,0.0,,7.0,0.0,0.0,,7.0,0.0,0.0,,0.0,44.0,23.0,37.0,43.0,71.0,10.0,0.0,0.0,0.0,74.11,14.0,31.0,24.33,24.33,292.0,34.0,32.83,32.83,394.0,99.0,0.0,0.0,,,0.0,,,,,,29.0,0.25,0.25,3.0,80.72,57.45,14.0,19.0,2.25,2.25,27.0,38,0.0,0.0,21.0,0.0,46.0,96.0,3.92,3.92,47.0,10.0,0.0,0.0,,21.0,0.0,0.0,,8.0,0.0,0.0,0.0,0.0,,5.0,0.0,0.0,99.0,0.0,0.0,,,,,,,4.0,0.04,0.05,0.54,9.0,0.0,0.0,0.0,2026,0,0,0.0,0,0.0,0.0,0.0,2025-12-07 19:45:00,Domestic League,0,0,64,0,90,540,540,1080,0,0,-1,21,226,75,0,2025/2026,2025,0
France_Ligue_1_2025-2026,Cheikh Bamba Dieng,Lorient,Forward,0,0,0,France,1,3,4,0,1,1,1.55,1970-01-01,1,1.55,0,1,1,25,0,1,1,1.55,eu,,33.0,0.0,0.0,,99.0,6.21,0.5,0.0,4.0,900000.0,23.0,99.0,0.25,3.38,1.0,31.0,0.0,0.0,,1.0,25.0,86.0,99.0,49.0,56.0,1.55,0.12,1.0,27.0,0.0,33.0,17.0,0.0,0.0,,8.0,58.0,,4.66,0.38,3.0,99.0,0.0,0.0,,9.0,0.0,0.0,11.0,0.0,0.0,0.0,11.0,,,99.0,20.17,1.62,13.0,98.0,7.76,0.62,38.0,5.0,99.0,4.66,0.38,3.0,76.0,1.55,0.12,1.0,,,4.0,81.0,,18.0,99.0,68.0,57.0,43.0,,99.0,1.55,0.12,1.0,7.0,0.0,0.0,,99.0,3.1,0.25,2.0,0.0,,23.0,27.0,43.0,,99.0,0.95,0.08,0.61,33.33,,,3.1,0.25,2.0,,9.31,0.75,6.0,99.0,0.0,0.0,,,0.0,,,,,,,0.0,0.0,,27.05,0.0,,,0.0,0.0,,12,0.0,50.0,87.0,0.0,46.0,64.0,1.55,0.12,1.0,99.0,6.21,0.5,4.0,99.0,6.21,0.5,4.0,99.0,12.41,1.0,0.0,0.0,8.0,5.0,0.0,0.0,99.0,0.0,0.0,,,,,,,99.0,0.96,0.08,0.62,99.0,0.95,0.08,0.61,2026,0,0,1.55,0,0.0,0.0,0.0,1970-01-01 00:00:00,Domestic League,58,58,58,0,15,11,47,58,0,0,-1,22,-1,-1,0,2025/2026,2025,1
France_Ligue_1_2025-2026,Martin Bley,Lorient,Midfielder,19,0,0,Burkina Faso,0,0,0,0,0,0,0.0,2006-01-23,0,0.0,0,0,0,0,0,0,0,0.0,eu,,,,,,,,,,,,,,,,,,,,,,,,,,,,,,,,,,,,,,,,,,,,,,,,,,,,,,,,,,,,,,,,,,,,,,,,,,,,,,,,,,,,,,,,,,,,,,,,,,,,,,,,,,,,,,,,,,,,,,,,,,,,,,,,,,,,,,,,,,,,,,,,,,,,,,,,,,,,,,,,,,,,,,,,,,,,,,,,,,,,,,,2026,0,0,0.0,0,0.0,0.0,0.0,1970-01-01 00:00:00,Domestic League,0,0,0,0,0,0,0,0,0,0,-1,-1,-1,-1,0,2025/2026,2025,0
France_Ligue_1_2025-2026,Dante Bonfim da Costa Santos,Nice,Defender,42,188,87,Brazil,0,2,2,0,0,0,0.0,1970-01-06,0,0.0,0,1,1,50,0,1,1,0.64,eu,,33.0,0.0,0.0,,66.0,1.28,1.0,0.0,2.0,1200000.0,38.0,50.0,0.0,7.0,85.0,98.0,1.28,1.0,2.0,,,26.0,23.0,94.0,81.0,3.19,2.5,5.0,94.0,0.0,33.0,17.0,0.0,0.0,,2.0,141.0,99.0,0.0,0.0,,45.0,0.64,0.5,1.0,9.0,0.0,0.0,11.0,0.0,0.0,0.0,11.0,,,10.0,5.11,4.0,8.0,36.0,3.83,3.0,75.0,6.0,19.0,0.64,0.5,1.0,66.0,1.28,1.0,2.0,2.0,,,25.0,1.0,44.0,28.0,68.0,57.0,43.0,,76.0,0.0,0.0,,85.0,1.28,1.0,2.0,7.0,0.0,0.0,,0.0,,23.0,94.0,43.0,,51.0,0.1,0.08,0.16,90.8,86.0,82.0,50.43,39.5,79.0,80.0,55.53,43.5,87.0,99.0,0.0,0.0,,,0.0,,,,,,,0.0,0.0,,13.99,0.0,,,0.0,0.0,,4,0.0,50.0,87.0,0.0,46.0,2.0,0.64,0.5,1.0,54.0,0.64,0.5,1.0,75.0,0.64,0.5,1.0,64.0,1.28,1.0,0.0,0.0,2.0,42.0,1.28,1.0,99.0,0.0,0.0,,2.0,,,,,41.0,0.12,0.1,0.19,49.0,0.1,0.08,0.16,2026,0,0,0.0,0,0.0,0.0,0.0,2025-10-18 15:00:00,Domestic League,0,0,141,0,71,0,141,141,0,0,-1,11,-1,-1,0,2025/2026,2025,0
France_Ligue_1_2025-2026,Charles Vanhoutte,Nice,Midfielder,27,182,74,Belgium,5,6,11,1,1,2,0.2,1970-01-11,4,0.4,0,2,2,18,8,8,16,1.61,eu,,59.0,15.08,12.5,150.0,87.0,2.21,1.83,0.0,22.0,3860000.0,84.0,82.0,0.18,6.22,36.0,80.0,0.5,0.42,5.0,4.0,36.0,97.0,88.0,31.0,75.0,2.61,2.17,26.0,22.0,1875.0,81.0,50.0,0.8,0.67,8.0,12.0,895.0,73.0,0.3,0.25,3.0,34.0,0.7,0.58,7.0,37.0,0.8,0.67,32.0,0.3,0.25,37.0,39.0,3.0,8.0,48.0,8.25,6.83,82.0,60.0,4.53,3.75,54.0,45.0,75.0,1.51,1.25,15.0,7.0,0.2,0.17,2.0,10.0,56.0,1.0,48.0,5.0,94.0,56.0,68.0,57.0,43.0,,76.0,0.0,0.0,,76.0,1.11,0.92,11.0,40.0,0.6,0.5,6.0,0.0,31.0,36.0,23.0,43.0,54.0,16.0,0.01,0.01,0.1,84.13,51.0,73.0,42.64,35.33,424.0,74.0,50.68,42.0,504.0,9.0,0.1,0.08,1.0,,0.0,,,,,,,0.0,0.0,,74.67,0.0,,,0.0,0.0,,24,0.0,0.0,21.0,0.0,46.0,77.0,1.81,1.5,18.0,19.0,0.2,0.17,2.0,21.0,0.0,0.0,,14.0,0.2,0.17,0.0,0.0,2.0,82.0,2.21,1.83,99.0,0.0,0.0,,22.0,,,,,79.0,0.23,0.19,2.29,16.0,0.01,0.01,0.1,2026,0,0,0.2,0,0.0,0.0,0.0,2025-12-07 14:00:00,Domestic League,448,224,56,0,81,362,533,895,0,0,-1,16,235,-1,0,2025/2026,2025,4
France_Ligue_1_2025-2026,Tiago Maria Antunes Gouveia,Nice,Forward,24,176,70,Portugal,5,3,8,0,0,0,0.0,1970-01-12,1,0.26,0,2,2,25,5,0,5,1.28,eu,,33.0,0.0,0.0,,14.0,0.26,0.08,0.0,1.0,1360000.0,44.0,50.0,0.0,3.78,3.0,31.0,0.0,0.0,,1.0,12.0,50.0,71.0,49.0,29.0,0.77,0.25,3.0,46.0,0.0,33.0,41.0,0.51,0.17,2.0,12.0,352.0,30.0,1.02,0.33,4.0,1.0,2.05,0.67,8.0,95.0,3.84,1.25,88.0,1.28,0.42,33.0,30.0,5.0,15.0,83.0,11.76,3.83,46.0,66.0,4.86,1.58,41.0,19.0,26.0,0.77,0.25,3.0,76.0,1.53,0.5,6.0,4.0,7.0,4.0,81.0,3.0,74.0,28.0,68.0,57.0,43.0,,76.0,0.0,0.0,,85.0,1.28,0.42,5.0,23.0,0.26,0.08,1.0,0.0,9.0,53.0,46.0,43.0,,51.0,0.1,0.03,0.41,79.84,32.0,33.0,25.31,8.25,99.0,32.0,31.7,10.33,124.0,99.0,0.0,0.0,,,0.0,,,,,,,0.0,0.0,,45.31,0.0,,,0.0,0.0,,47,0.0,33.33,57.0,0.0,46.0,75.0,1.79,0.58,7.0,72.0,1.02,0.33,4.0,69.0,0.51,0.17,2.0,70.0,1.53,0.5,0.0,0.0,6.0,67.0,1.79,0.58,99.0,0.0,0.0,,7.0,,,,,14.0,0.07,0.02,0.29,49.0,0.1,0.03,0.41,2026,0,0,0.0,0,0.0,0.0,0.0,2025-11-30 16:15:00,Domestic League,0,352,70,0,44,230,122,352,0,0,-1,15,236,-1,0,2025/2026,2025,1
France_Ligue_1_2025-2026,Mayckel Lahdo,Nantes,Midfielder,22,0,0,Sweden,5,3,8,1,0,1,0.22,2003-01-01,1,0.22,1,0,1,13,4,4,8,1.73,eu,,33.0,0.0,0.0,,24.0,0.43,0.25,0.0,2.0,910000.0,29.0,85.0,0.12,6.63,51.0,31.0,0.0,0.0,,1.0,12.0,50.0,62.0,15.0,15.0,0.43,0.25,2.0,15.0,0.0,33.0,29.0,0.22,0.12,1.0,8.0,417.0,15.0,1.51,0.88,7.0,62.0,0.43,0.25,2.0,84.0,2.59,1.5,88.0,1.29,0.75,50.0,65.0,6.0,12.0,61.0,9.5,5.5,44.0,47.0,4.1,2.38,43.0,19.0,44.0,1.08,0.62,5.0,66.0,1.29,0.75,6.0,5.0,13.0,3.0,72.0,5.0,94.0,82.0,88.0,57.0,74.0,,76.0,0.0,0.0,,7.0,0.0,0.0,,56.0,0.86,0.5,4.0,0.0,9.0,64.0,17.0,69.0,5.0,67.0,0.18,0.1,0.84,85.0,54.0,16.0,18.35,10.62,85.0,13.0,21.58,12.5,100.0,99.0,0.0,0.0,,,0.0,,,,,,,0.0,0.0,,53.03,0.0,,,0.0,0.0,,15,0.0,33.33,57.0,33.33,97.0,83.0,1.94,1.12,9.0,37.0,0.43,0.25,2.0,45.0,0.22,0.12,1.0,40.0,0.65,0.38,0.0,3.0,3.0,33.0,1.08,0.62,99.0,0.0,0.0,,5.0,,,,,72.0,0.19,0.11,0.9,64.0,0.18,0.1,0.84,2026,1,0,0.43,1,0.39,0.0,0.22,2025-11-30 19:45:00,Domestic League,417,417,52,417,52,233,184,417,0,0,-1,7,85,-1,0,2025/2026,2025,1
France_Ligue_1_2025-2026,Bahmed Deuff,Nantes,Midfielder,19,0,0,France,5,4,9,0,0,0,0.0,2006-03-10,0,0.0,1,0,1,11,3,5,8,3.35,eu,,95.0,41.86,9.09,100.0,91.0,2.51,0.55,0.0,6.0,201000.0,3.0,50.0,0.0,5.28,14.0,98.0,1.26,0.27,3.0,,,26.0,23.0,10.0,73.0,2.51,0.55,6.0,,9999.99,99.0,38.0,0.42,0.09,1.0,11.0,215.0,5.0,2.09,0.45,5.0,64.0,0.42,0.09,1.0,82.0,2.51,0.55,73.0,0.84,0.18,33.0,30.0,2.0,6.0,98.0,15.49,3.36,37.0,85.0,5.86,1.27,37.0,14.0,97.0,2.51,0.55,6.0,41.0,0.84,0.18,2.0,1.0,,8.0,97.0,2.0,60.0,28.0,68.0,57.0,43.0,,76.0,0.0,0.0,,57.0,0.84,0.18,2.0,31.0,0.42,0.09,1.0,0.0,15.0,23.0,,43.0,,71.0,0.21,0.04,0.49,82.69,45.0,16.0,18.0,3.91,43.0,13.0,21.77,4.73,52.0,99.0,0.0,0.0,,,0.0,,,,,,,0.0,0.0,,58.08,0.0,,,0.0,0.0,,52,0.0,60.0,93.0,0.0,46.0,98.0,4.6,1.0,11.0,66.0,0.84,0.18,2.0,94.0,1.26,0.27,3.0,81.0,2.09,0.45,0.0,0.0,5.0,60.0,1.67,0.36,99.0,0.0,0.0,,4.0,,,,,8.0,0.05,0.01,0.13,69.0,0.21,0.04,0.49,2026,0,0,0.0,0,0.0,0.0,0.0,2025-12-06 16:00:00,Domestic League,0,0,27,0,24,96,119,215,0,0,-1,11,-1,-1,0,2025/2026,2025,0
France_Ligue_1_2025-2026,Telli Siwe,Auxerre,Midfielder,0,0,0,France,1,2,3,0,0,0,0.0,1970-01-01,0,0.0,0,1,1,33,1,2,3,1.19,eu,,33.0,0.0,0.0,,22.0,0.4,0.33,0.0,1.0,275000.0,5.0,50.0,0.0,6.42,43.0,73.0,0.4,0.33,1.0,,,26.0,23.0,73.0,71.0,2.39,2.0,6.0,56.0,0.0,33.0,17.0,0.0,0.0,,3.0,226.0,40.0,0.8,0.67,2.0,99.0,0.0,0.0,,55.0,1.19,1.0,40.0,0.4,0.33,33.0,30.0,1.0,3.0,16.0,5.97,5.0,15.0,12.0,2.39,2.0,40.0,6.0,27.0,0.8,0.67,2.0,2.0,0.0,0.0,,3.0,2.0,,25.0,5.0,94.0,28.0,68.0,57.0,43.0,,76.0,0.0,0.0,,95.0,1.59,1.33,4.0,30.0,0.4,0.33,1.0,0.0,,23.0,55.0,43.0,,21.0,0.02,0.02,0.05,83.58,47.0,26.0,22.3,18.67,56.0,21.0,26.68,22.33,67.0,,0.4,0.33,1.0,,0.0,,,,,,,0.0,0.0,,19.26,0.0,,,0.0,0.0,,13,0.0,0.0,21.0,0.0,46.0,37.0,1.19,1.0,3.0,34.0,0.4,0.33,1.0,21.0,0.0,0.0,,24.0,0.4,0.33,0.0,0.0,1.0,56.0,1.59,1.33,99.0,0.0,0.0,,4.0,,,,,11.0,0.06,0.05,0.15,20.0,0.02,0.02,0.05,2026,0,0,0.0,0,0.0,0.0,0.0,2025-09-27 19:05:00,Domestic League,0,0,75,0,75,46,180,226,0,0,-1,10,-1,-1,0,2025/2026,2025,0
France_Ligue_1_2025-2026,Alvin Petit Dol,Auxerre,Defender,55,0,0,France,0,0,0,0,0,0,0.0,1970-01-01,0,0.0,0,0,0,0,0,0,0,0.0,eu,,,,,,,,,,,,,,,,,,,,,,,,,,,,,,,,,,,,,,,,,,,,,,,,,,,,,,,,,,,,,,,,,,,,,,,,,,,,,,,,,,,,,,,,,,,,,,,,,,,,,,,,,,,,,,,,,,,,,,,,,,,,,,,,,,,,,,,,,,,,,,,,,,,,,,,,,,,,,,,,,,,,,,,,,,,,,,,,,,,,,,,2026,0,0,0.0,0,0.0,0.0,0.0,1970-01-01 00:00:00,Domestic League,0,0,0,0,0,0,0,0,0,0,-1,-1,-1,-1,0,2025/2026,2025,0
France_Ligue_1_2025-2026,Yann Lienard,Monaco,Goalkeeper,22,192,0,France,0,0,0,0,0,0,0.0,2003-03-16,0,0.0,0,0,0,0,0,0,0,0.0,eu,,,,,,,,,,,,,,,,,,,,,,,,,,,,,,,,,,,,,,,,,,,,,,,,,,,,,,,,,,,,,,,,,,,,,,,,,,,,,,,,,,,,,,,,,,,,,,,,,,,,,,,,,,,,,,,,,,,,,,,,,,,,,,,,,,,,,,,,,,,,,,,,,,,,,,,,,,,,,,,,,,,,,,,,,,,,,,,,,,,,,,,2026,0,0,0.0,0,0.0,0.0,0.0,1970-01-01 00:00:00,Domestic League,0,0,0,0,0,0,0,0,0,0,-1,-1,-1,-1,0,2025/2026,2025,0
France_Ligue_1_2025-2026,Ethan Mbappé Lottin,Lille,Midfielder,18,176,0,France,3,5,8,1,0,1,0.66,2006-12-29,0,0.0,2,1,3,38,0,0,0,0.0,eu,,99.0,64.75,12.5,100.0,2.0,0.0,0.0,0.0,,910000.0,29.0,99.0,0.12,6.05,30.0,31.0,0.0,0.0,,,,26.0,23.0,80.0,2.0,0.0,0.0,,99.0,2000.0,85.0,84.0,3.24,0.62,5.0,8.0,139.0,48.0,0.65,0.12,1.0,8.0,1.29,0.25,2.0,91.0,3.24,0.62,11.0,0.0,0.0,0.0,11.0,,5.0,73.0,10.36,2.0,16.0,38.0,3.88,0.75,37.0,6.0,19.0,0.65,0.12,1.0,32.0,0.65,0.12,1.0,1.0,,7.0,94.0,3.0,74.0,99.0,68.0,99.0,99.0,,76.0,0.0,0.0,,7.0,0.0,0.0,,99.0,3.88,0.75,6.0,0.0,9.0,23.0,,43.0,,99.0,1.58,0.3,2.44,84.29,51.0,62.0,38.2,7.38,59.0,64.0,45.32,8.75,70.0,99.0,0.0,0.0,,,0.0,,,,,,,0.0,0.0,,48.37,0.0,,,0.0,0.0,,8,0.0,66.67,95.0,50.0,99.0,,0.0,0.0,,83.0,1.29,0.25,2.0,99.0,2.59,0.5,4.0,99.0,3.88,0.75,0.0,2.0,6.0,97.0,3.24,0.62,99.0,0.0,0.0,,5.0,,,,,99.0,0.6,0.12,0.93,99.0,1.58,0.3,2.44,2026,0,3,2.63,3,0.0,2.97,1.97,2025-12-05 20:00:00,Domestic League,137,0,0,46,17,46,91,137,0,0,-1,5,-1,-1,0,2025/2026,2025,0
France_Ligue_1_2025-2026,Chancel Mbemba Mangulu,Lille,Defender,31,182,81,Congo DR,3,4,7,0,0,0,0.0,1970-01-09,1,0.16,2,1,3,43,3,3,6,0.99,eu,,33.0,0.0,0.0,,74.0,1.48,0.75,0.0,9.0,3410000.0,80.0,50.0,0.0,4.01,4.0,89.0,0.66,0.33,4.0,1.0,14.0,60.0,46.0,87.0,97.0,5.77,2.92,35.0,72.0,0.0,33.0,17.0,0.0,0.0,,12.0,546.0,48.0,0.66,0.33,4.0,42.0,0.66,0.33,4.0,26.0,0.49,0.25,20.0,0.16,0.08,33.0,30.0,1.0,3.0,43.0,7.91,4.0,48.0,62.0,4.62,2.33,58.0,28.0,49.0,1.15,0.58,7.0,39.0,0.82,0.42,5.0,5.0,13.0,2.0,63.0,,18.0,28.0,68.0,57.0,43.0,,76.0,0.0,0.0,,69.0,0.99,0.5,6.0,35.0,0.49,0.25,3.0,0.0,6.0,77.0,72.0,43.0,19.0,43.0,0.07,0.03,0.4,89.89,83.0,84.0,52.75,26.67,320.0,84.0,58.68,29.67,356.0,99.0,0.0,0.0,,,0.0,,,,,,,0.0,0.0,,48.12,0.0,,,0.0,0.0,,18,0.0,50.0,87.0,0.0,46.0,34.0,1.15,0.58,7.0,30.0,0.33,0.17,2.0,58.0,0.33,0.17,2.0,41.0,0.66,0.33,0.0,0.0,4.0,79.0,2.14,1.08,99.0,0.0,0.0,,13.0,,,,,50.0,0.14,0.07,0.83,41.0,0.07,0.03,0.4,2026,0,0,0.0,0,0.0,0.0,0.0,2025-11-23 19:45:00,Domestic League,0,546,91,0,78,231,315,546,0,0,-1,16,238,32,0,2025/2026,2025,1
France_Ligue_1_2025-2026,Tiago Santos Carvalho,Lille,Defender,23,175,0,Portugal,0,2,2,0,0,0,0.0,2002-07-23,0,0.0,0,0,0,0,0,1,1,0.87,eu,,33.0,0.0,0.0,,2.0,0.0,0.0,0.0,,2270000.0,65.0,50.0,0.0,1.63,,31.0,0.0,0.0,,,,26.0,23.0,2.0,62.0,1.73,0.25,2.0,76.0,0.0,33.0,97.0,6.06,0.88,7.0,8.0,104.0,36.0,0.87,0.12,1.0,99.0,0.0,0.0,,84.0,2.6,0.38,11.0,0.0,0.0,0.0,11.0,,3.0,89.0,12.98,1.88,15.0,95.0,6.92,1.0,53.0,8.0,98.0,2.6,0.38,3.0,99.0,5.19,0.75,6.0,1.0,,1.0,48.0,1.0,44.0,28.0,68.0,57.0,43.0,,76.0,0.0,0.0,,7.0,0.0,0.0,,57.0,0.87,0.12,1.0,0.0,,23.0,77.0,43.0,,36.0,0.05,0.01,0.06,75.0,17.0,22.0,20.77,3.0,24.0,24.0,27.69,4.0,32.0,99.0,0.0,0.0,,,0.0,,,,,,,0.0,0.0,,13.02,0.0,,,0.0,0.0,,22,0.0,0.0,21.0,0.0,46.0,16.0,0.87,0.12,1.0,67.0,0.87,0.12,1.0,21.0,0.0,0.0,,51.0,0.87,0.12,0.0,0.0,1.0,65.0,1.73,0.25,99.0,0.0,0.0,,2.0,,,,,18.0,0.08,0.01,0.09,35.0,0.05,0.01,0.06,2026,0,0,0.0,0,0.0,0.0,0.0,2025-09-28 15:15:00,Domestic League,0,0,104,0,52,0,104,104,0,0,-1,15,-1,-1,0,2025/2026,2025,0
France_Ligue_1_2025-2026,Calvin Verdonk,Lille,Defender,28,174,70,Netherlands,3,2,5,0,0,0,0.0,1970-01-10,4,1.36,1,1,2,40,3,1,4,1.36,eu,,98.0,49.25,18.12,145.0,92.0,2.72,1.0,0.0,8.0,1810000.0,55.0,50.0,0.0,4.09,4.0,70.0,0.34,0.12,1.0,2.0,40.0,99.0,99.0,83.0,71.0,2.38,0.88,7.0,41.0,1115.38,69.0,90.0,4.42,1.62,13.0,8.0,265.0,99.0,0.0,0.0,,39.0,0.68,0.25,2.0,20.0,0.34,0.12,11.0,0.0,0.0,0.0,11.0,,1.0,52.0,8.49,3.12,25.0,54.0,4.42,1.62,52.0,13.0,97.0,2.38,0.88,7.0,14.0,0.34,0.12,1.0,2.0,,3.0,72.0,,18.0,28.0,68.0,57.0,43.0,,76.0,0.0,0.0,,96.0,1.7,0.62,5.0,89.0,1.7,0.62,5.0,0.0,1.0,23.0,42.0,43.0,,16.0,0.01,0.01,0.04,82.95,46.0,82.0,49.58,18.25,146.0,85.0,59.77,22.0,176.0,99.0,0.0,0.0,,,0.0,,,,,,,0.0,0.0,,32.69,0.0,,,0.0,0.0,,24,0.0,0.0,21.0,0.0,46.0,51.0,1.36,0.5,4.0,30.0,0.34,0.12,1.0,21.0,0.0,0.0,,20.0,0.34,0.12,0.0,0.0,1.0,46.0,1.36,0.5,99.0,0.0,0.0,,4.0,,,,,54.0,0.15,0.05,0.43,16.0,0.01,0.01,0.04,2026,0,0,0.0,0,0.0,0.0,0.0,2025-11-02 16:15:00,Domestic League,0,66,66,0,53,85,180,265,0,0,-1,14,-1,-1,1,2025/2026,2025,3
France_Ligue_1_2025-2026,André Filipe Tavares Gomes,Lille,Midfielder,32,188,84,Portugal,1,1,2,0,0,0,0.0,1970-01-09,0,0.0,1,1,2,100,0,0,0,0.0,eu,,33.0,0.0,0.0,,2.0,0.0,0.0,0.0,,5690000.0,94.0,50.0,0.0,1.11,,31.0,0.0,0.0,,,,26.0,23.0,99.0,2.0,0.0,0.0,,99.0,0.0,33.0,17.0,0.0,0.0,,6.0,7.0,,12.86,0.17,1.0,,12.86,0.17,1.0,99.0,38.57,0.5,99.0,38.57,0.5,100.0,99.0,3.0,3.0,99.0,90.0,1.17,7.0,99.0,38.57,0.5,42.0,3.0,99.0,25.71,0.33,2.0,2.0,0.0,0.0,,,,2.0,63.0,,18.0,28.0,68.0,57.0,43.0,,76.0,0.0,0.0,,7.0,0.0,0.0,,7.0,0.0,0.0,,0.0,,23.0,,43.0,,10.0,0.0,0.0,0.0,100.0,99.0,99.0,90.0,1.17,7.0,99.0,90.0,1.17,7.0,99.0,0.0,0.0,,,0.0,,,,,,,0.0,0.0,,6.66,0.0,,,0.0,0.0,,26,0.0,0.0,21.0,0.0,46.0,,0.0,0.0,,10.0,0.0,0.0,,21.0,0.0,0.0,,8.0,0.0,0.0,0.0,0.0,,5.0,0.0,0.0,99.0,0.0,0.0,,,,,,,86.0,0.26,0.0,0.02,9.0,0.0,0.0,0.0,2026,0,0,0.0,0,0.0,0.0,0.0,1970-01-01 00:00:00,Domestic League,0,0,0,0,3,0,6,6,0,0,-1,17,-1,-1,0,2025/2026,2025,0
France_Ligue_1_2025-2026,Abu Francis,Toulouse,Midfielder,24,182,0,Ghana,5,3,8,0,0,0,0.0,1970-01-12,2,0.34,0,1,1,13,3,4,7,1.19,eu,,33.0,0.0,0.0,,70.0,1.36,0.89,0.0,8.0,820000.0,22.0,50.0,0.0,5.91,24.0,82.0,0.51,0.33,3.0,2.0,25.0,86.0,82.0,15.0,61.0,1.69,1.11,10.0,56.0,0.0,33.0,17.0,0.0,0.0,,9.0,531.0,47.0,0.68,0.44,4.0,39.0,0.68,0.44,4.0,27.0,0.51,0.33,35.0,0.34,0.22,66.0,87.0,2.0,3.0,46.0,8.14,5.33,48.0,79.0,5.42,3.56,66.0,32.0,31.0,0.85,0.56,5.0,34.0,0.68,0.44,4.0,7.0,29.0,1.0,48.0,2.0,60.0,28.0,68.0,57.0,43.0,,76.0,0.0,0.0,,89.0,1.36,0.89,8.0,16.0,0.17,0.11,1.0,0.0,9.0,43.0,56.0,43.0,16.0,36.0,0.05,0.03,0.27,82.7,45.0,52.0,33.22,21.78,196.0,54.0,40.17,26.33,237.0,99.0,0.0,0.0,,,0.0,,,,,,,0.0,0.0,,53.22,0.0,,,0.0,0.0,,17,0.0,0.0,21.0,0.0,46.0,37.0,1.19,0.78,7.0,72.0,1.02,0.67,6.0,21.0,0.0,0.0,,55.0,1.02,0.67,0.0,0.0,6.0,95.0,3.05,2.0,99.0,0.0,0.0,,18.0,,,,,24.0,0.09,0.06,0.52,35.0,0.05,0.03,0.27,2026,0,0,0.0,0,0.0,0.0,0.0,2025-11-09 14:00:00,Domestic League,0,266,76,0,66,318,213,531,0,0,-1,11,239,-1,0,2025/2026,2025,2
France_Ligue_1_2025-2026,Rafik Messali,Toulouse,Forward,22,0,0,Algeria,4,2,6,0,0,0,0.0,2003-04-28,2,1.41,1,1,2,33,0,0,0,0.0,eu,,33.0,0.0,0.0,,44.0,0.7,0.14,0.0,1.0,450000.0,9.0,50.0,0.0,5.57,16.0,31.0,0.0,0.0,,2.0,33.0,95.0,99.0,73.0,92.0,4.88,1.0,7.0,99.0,0.0,33.0,70.0,2.09,0.43,3.0,7.0,129.0,99.0,0.0,0.0,,34.0,0.7,0.14,1.0,34.0,0.7,0.14,11.0,0.0,0.0,0.0,11.0,,1.0,74.0,10.47,2.14,15.0,67.0,4.88,1.0,46.0,7.0,99.0,3.49,0.71,5.0,91.0,2.09,0.43,3.0,,,6.0,89.0,7.0,98.0,28.0,68.0,57.0,43.0,,76.0,0.0,0.0,,99.0,2.09,0.43,3.0,7.0,0.0,0.0,,0.0,3.0,23.0,,43.0,,10.0,0.0,0.0,0.0,67.5,3.0,17.0,18.84,3.86,27.0,24.0,27.91,5.71,40.0,99.0,0.0,0.0,,,0.0,,,,,,,0.0,0.0,,39.0,0.0,,,0.0,0.0,,22,0.0,0.0,21.0,0.0,46.0,53.0,1.4,0.29,2.0,10.0,0.0,0.0,,21.0,0.0,0.0,,8.0,0.0,0.0,0.0,0.0,,77.0,2.09,0.43,99.0,0.0,0.0,,3.0,,,,,,0.03,0.01,0.05,9.0,0.0,0.0,0.0,2026,0,0,0.0,0,0.0,0.0,0.0,1970-01-01 00:00:00,Domestic League,0,64,0,0,21,60,68,128,0,0,-1,10,-1,-1,0,2025/2026,2025,2
France_Ligue_1_2025-2026,Eric Junior Dina Ebimbe,Brest,Midfielder,25,184,0,France,5,6,11,0,0,0,0.0,1970-01-12,1,0.26,1,3,4,36,3,2,5,1.3,eu,,33.0,0.0,0.0,,67.0,1.3,0.38,0.0,5.0,720000.0,18.0,50.0,0.0,5.57,16.0,31.0,0.0,0.0,,1.0,9.0,40.0,71.0,77.0,8.0,0.26,0.08,1.0,45.0,0.0,33.0,29.0,0.26,0.08,1.0,13.0,346.0,29.0,1.04,0.31,4.0,55.0,0.52,0.15,2.0,28.0,0.52,0.15,11.0,0.0,0.0,0.0,11.0,,2.0,70.0,10.14,3.0,39.0,79.0,5.46,1.62,53.0,21.0,77.0,1.56,0.46,6.0,54.0,1.04,0.31,4.0,4.0,7.0,7.0,94.0,3.0,74.0,65.0,96.0,57.0,80.0,,76.0,0.0,0.0,,17.0,0.26,0.08,1.0,51.0,0.78,0.23,3.0,0.0,31.0,52.0,45.0,62.0,,81.0,0.28,0.08,1.08,69.7,5.0,5.0,11.97,3.54,46.0,8.0,17.17,5.08,66.0,99.0,0.0,0.0,,,0.0,,,,,,,0.0,0.0,,72.47,0.0,,,0.0,0.0,,7,0.0,28.57,44.0,14.29,72.0,44.0,1.3,0.38,5.0,83.0,1.3,0.38,5.0,70.0,0.52,0.15,2.0,76.0,1.82,0.54,0.0,7.0,7.0,96.0,3.12,0.92,99.0,0.0,0.0,,12.0,,,,,11.0,0.06,0.02,0.24,77.0,0.28,0.08,1.08,2026,1,0,0.26,1,0.59,0.0,0.26,2025-10-29 18:00:00,Domestic League,0,346,69,346,31,153,193,346,0,0,-1,10,65,-1,0,2025/2026,2025,1
France_Ligue_1_2025-2026,Rémy Labeau Lascary,Brest,Forward,22,0,0,France,5,5,10,0,0,0,0.0,2003-03-03,1,0.31,1,2,3,30,3,1,4,1.23,eu,,33.0,0.0,0.0,,53.0,0.92,0.3,0.0,3.0,560000.0,13.0,50.0,0.0,6.67,53.0,31.0,0.0,0.0,,1.0,10.0,44.0,77.0,62.0,2.0,0.0,0.0,,51.0,0.0,33.0,52.0,0.92,0.3,3.0,10.0,292.0,51.0,0.62,0.2,2.0,9.0,1.23,0.4,4.0,86.0,2.77,0.9,94.0,1.54,0.5,55.0,71.0,5.0,9.0,97.0,15.1,4.9,49.0,74.0,5.24,1.7,34.0,17.0,99.0,4.01,1.3,13.0,85.0,1.85,0.6,6.0,2.0,,8.0,97.0,3.0,74.0,92.0,93.0,96.0,97.0,,76.0,0.0,0.0,,42.0,0.62,0.2,2.0,25.0,0.31,0.1,1.0,0.0,23.0,47.0,51.0,46.0,,98.0,0.64,0.21,2.08,77.08,22.0,4.0,11.4,3.7,37.0,3.0,14.79,4.8,48.0,99.0,0.0,0.0,,,0.0,,,,,,,0.0,0.0,,66.7,0.0,,,0.0,0.0,,14,0.0,66.67,95.0,22.22,89.0,40.0,1.23,0.4,4.0,69.0,0.92,0.3,3.0,99.0,1.85,0.6,6.0,93.0,2.77,0.9,0.0,4.5,9.0,39.0,1.23,0.4,99.0,0.0,0.0,,4.0,,,,,,0.03,0.01,0.11,98.0,0.64,0.21,2.08,2026,1,1,0.62,2,0.51,0.79,0.62,2025-12-05 18:00:00,Domestic League,0,292,73,146,29,178,114,292,0,0,-1,4,13,-1,0,2025/2026,2025,1
France_Ligue_1_2025-2026,Noah Jauny,Brest,Goalkeeper,55,194,0,France,0,0,0,0,0,0,0.0,1970-01-01,0,0.0,0,0,0,0,0,0,0,0.0,eu,,,,,,,,,,,,,,,,,,,,,,,,,,,,,,,,,,,,,,,,,,,,,,,,,,,,,,,,,,,,,,,,,,,,,,,,,,,,,,,,,,,,,,,,,,,,,,,,,,,,,,,,,,,,,,,,,,,,,,,,,,,,,,,,,,,,,,,,,,,,,,,,,,,,,,,,,,,,,,,,,,,,,,,,,,,,,,,,,,,,,,,2026,0,0,0.0,0,0.0,0.0,0.0,1970-01-01 00:00:00,Domestic League,0,0,0,0,0,0,0,0,0,0,-1,-1,-1,-1,0,2025/2026,2025,0
France_Ligue_1_2025-2026,Pathé Mboup,Brest,Midfielder,0,0,0,Senegal,6,7,13,0,0,0,0.0,1970-01-01,5,0.66,1,3,4,31,7,4,11,1.46,eu,,33.0,0.0,0.0,,69.0,1.33,0.77,0.0,10.0,800000.0,22.0,50.0,0.0,6.11,31.0,31.0,0.0,0.0,,5.0,38.0,99.0,99.0,67.0,26.0,0.66,0.38,5.0,33.0,0.0,33.0,37.0,0.4,0.23,3.0,13.0,677.0,4.0,2.13,1.23,16.0,13.0,1.06,0.62,8.0,98.0,5.05,2.92,96.0,1.86,1.08,36.0,36.0,14.0,38.0,99.0,17.68,10.23,133.0,97.0,7.18,4.15,40.0,54.0,99.0,2.66,1.54,20.0,81.0,1.73,1.0,13.0,8.0,36.0,5.0,85.0,5.0,94.0,45.0,68.0,70.0,61.0,,76.0,0.0,0.0,,87.0,1.33,0.77,10.0,61.0,0.93,0.54,7.0,0.0,57.0,25.0,34.0,82.0,32.0,74.0,0.24,0.14,1.81,73.55,13.0,5.0,11.83,6.85,89.0,5.0,16.09,9.31,121.0,99.0,0.0,0.0,,,0.0,,,,,,,0.0,0.0,,79.47,0.0,,,0.0,0.0,,99,0.0,57.14,91.0,7.14,51.0,57.0,1.46,0.85,11.0,63.0,0.8,0.46,6.0,90.0,1.06,0.62,8.0,77.0,1.86,1.08,0.0,14.0,14.0,83.0,2.26,1.31,99.0,0.0,0.0,,17.0,,,,,11.0,0.06,0.04,0.47,71.0,0.24,0.14,1.81,2026,0,1,0.13,1,0.0,0.21,0.13,2025-12-13 16:00:00,Domestic League,0,135,62,677,52,246,431,677,0,0,-1,9,125,-1,0,2025/2026,2025,5
France_Ligue_1_2025-2026,Habibou Mouhamadou Diallo,Metz,Forward,30,186,75,Senegal,5,6,11,1,0,1,0.1,1970-01-10,0,0.0,1,2,3,27,13,7,20,1.95,eu,,68.0,19.46,18.18,200.0,93.0,2.82,2.64,0.0,29.0,2730000.0,72.0,63.0,0.09,6.83,68.0,39.0,0.1,0.09,1.0,,,26.0,23.0,55.0,46.0,1.17,1.09,12.0,8.0,9999.99,99.0,26.0,0.19,0.18,2.0,11.0,925.0,26.0,1.17,1.09,12.0,85.0,0.19,0.18,2.0,67.0,1.56,1.45,57.0,0.58,0.55,37.0,39.0,6.0,16.0,86.0,12.36,11.55,127.0,82.0,5.55,5.18,44.0,57.0,83.0,1.65,1.55,17.0,79.0,1.65,1.55,17.0,10.0,56.0,1.0,48.0,4.0,87.0,77.0,92.0,67.0,84.0,,84.0,0.1,0.09,1.0,9.0,0.1,0.09,1.0,51.0,0.78,0.73,8.0,0.0,31.0,23.0,8.0,59.0,57.0,80.0,0.27,0.25,2.73,66.92,3.0,1.0,8.46,7.91,87.0,1.0,12.65,11.82,130.0,99.0,0.0,0.0,,1.0,0.0,,1.0,,1.0,,,0.0,0.0,,75.08,0.0,,,0.0,0.0,,30,0.0,45.0,76.0,15.0,73.0,90.0,2.34,2.18,24.0,74.0,1.07,1.0,11.0,82.0,0.88,0.82,9.0,79.0,1.95,1.82,0.0,6.67,20.0,15.0,0.49,0.45,99.0,0.0,0.0,,5.0,,,,,32.0,0.1,0.1,1.06,83.0,0.33,0.31,3.43,2026,2,1,0.39,3,0.45,0.17,0.29,2025-12-13 18:00:00,Domestic League,925,0,46,308,84,398,527,925,0,0,-1,2,54,-1,0,2025/2026,2025,0
France_Ligue_1_2025-2026,Himad Abdelli,Angers SCO,Midfielder,26,185,0,France,7,6,13,0,0,0,0.0,1970-01-11,1,0.09,2,2,4,31,9,4,13,1.23,eu,,71.0,20.6,16.69,217.0,47.0,0.76,0.62,0.0,8.0,800000.0,22.0,50.0,0.0,6.89,78.0,65.0,0.28,0.23,3.0,1.0,8.0,40.0,30.0,67.0,40.0,1.04,0.85,11.0,51.0,2411.11,87.0,51.0,0.85,0.69,9.0,13.0,948.0,34.0,0.95,0.77,10.0,59.0,0.47,0.38,5.0,90.0,3.13,2.54,90.0,1.33,1.08,42.0,46.0,14.0,33.0,72.0,10.25,8.31,108.0,76.0,5.32,4.31,51.0,56.0,75.0,1.52,1.23,16.0,59.0,1.14,0.92,12.0,11.0,61.0,2.0,63.0,2.0,60.0,39.0,68.0,68.0,55.0,,76.0,0.0,0.0,,87.0,1.33,1.08,14.0,49.0,0.76,0.62,8.0,0.0,57.0,94.0,51.0,88.0,58.0,43.0,0.07,0.06,0.73,87.32,69.0,83.0,50.98,41.31,537.0,84.0,58.39,47.31,615.0,99.0,0.0,0.0,,,0.0,2.0,,,2.0,,,0.0,0.0,,89.6,0.0,,,0.0,0.0,,10,0.0,45.45,78.0,18.18,82.0,40.0,1.23,1.0,13.0,50.0,0.57,0.46,6.0,67.0,0.47,0.38,5.0,56.0,1.04,0.85,0.0,5.5,11.0,77.0,2.09,1.69,99.0,0.0,0.0,,22.0,,,,,47.0,0.13,0.11,1.42,67.0,0.2,0.16,2.13,2026,0,1,0.09,1,0.0,0.19,0.09,2025-12-12 19:45:00,Domestic League,0,948,73,948,73,480,468,948,1,0,100,5,147,-1,0,2025/2026,2025,1
France_Ligue_1_2025-2026,Senny Mayulu,PSG,Midfielder,19,0,0,France,6,6,12,0,2,2,0.23,2006-05-17,1,0.11,1,5,6,50,3,3,6,0.68,eu,,76.0,22.67,16.67,200.0,18.0,0.34,0.25,0.0,3.0,2000000.0,57.0,86.0,0.17,7.01,86.0,31.0,0.0,0.0,,1.0,8.0,40.0,33.0,94.0,7.0,0.23,0.17,2.0,92.0,1538.46,78.0,64.0,1.47,1.08,13.0,12.0,794.0,16.0,1.47,1.08,13.0,81.0,0.23,0.17,2.0,77.0,2.15,1.58,81.0,1.02,0.75,47.0,55.0,9.0,19.0,75.0,10.65,7.83,94.0,82.0,5.55,4.08,52.0,49.0,67.0,1.36,1.0,12.0,64.0,1.25,0.92,11.0,10.0,56.0,2.0,63.0,2.0,60.0,83.0,68.0,86.0,77.0,,86.0,0.11,0.08,1.0,40.0,0.57,0.42,5.0,86.0,1.59,1.17,14.0,0.0,44.0,90.0,92.0,68.0,42.0,78.0,0.26,0.19,2.29,89.06,79.0,52.0,33.21,24.42,293.0,46.0,37.29,27.42,329.0,99.0,0.0,0.0,,,0.0,,,,,,,0.0,0.0,,84.13,0.0,,,0.0,0.0,,24,0.0,25.0,41.0,12.5,67.0,2.0,0.68,0.5,6.0,85.0,1.36,1.0,12.0,66.0,0.45,0.33,4.0,76.0,1.81,1.33,0.0,8.0,16.0,95.0,3.06,2.25,99.0,0.0,0.0,,27.0,,,,,86.0,0.26,0.19,2.3,75.0,0.26,0.19,2.29,2026,0,2,0.45,2,0.0,0.43,0.23,2025-12-06 20:05:00,Domestic League,397,793,132,397,66,376,417,793,0,0,-1,6,80,-1,0,2025/2026,2025,1
France_Ligue_1_2025-2026,Odsonne Édouard,Lens,Forward,27,187,83,France,7,5,12,2,0,2,0.24,1970-01-11,1,0.12,1,3,4,33,5,2,7,0.84,eu,,33.0,0.0,0.0,,78.0,1.68,1.17,0.0,14.0,3860000.0,84.0,88.0,0.17,6.88,76.0,62.0,0.24,0.17,2.0,1.0,8.0,40.0,34.0,73.0,57.0,1.56,1.08,13.0,80.0,0.0,33.0,23.0,0.12,0.08,1.0,12.0,750.0,1.0,2.52,1.75,21.0,23.0,0.84,0.58,7.0,67.0,1.56,1.08,77.0,0.96,0.67,61.0,79.0,8.0,13.0,70.0,10.2,7.08,85.0,29.0,3.6,2.5,35.0,30.0,54.0,1.2,0.83,10.0,14.0,0.36,0.25,3.0,11.0,61.0,1.0,48.0,3.0,74.0,97.0,91.0,97.0,97.0,,87.0,0.12,0.08,1.0,10.0,0.12,0.08,1.0,40.0,0.6,0.42,5.0,0.0,44.0,90.0,79.0,47.0,38.0,94.0,0.49,0.34,4.1,78.03,26.0,6.0,12.36,8.58,103.0,4.0,15.84,11.0,132.0,99.0,0.0,0.0,,,0.0,1.0,1.0,,1.0,,,0.0,0.0,,82.57,0.0,,,0.0,0.0,,11,0.0,76.47,97.0,29.41,94.0,12.0,0.84,0.58,7.0,43.0,0.48,0.33,4.0,97.0,1.56,1.08,13.0,81.0,2.04,1.42,0.0,3.4,17.0,17.0,0.6,0.42,99.0,0.0,0.0,,5.0,,,,,72.0,0.19,0.13,1.56,95.0,0.58,0.4,4.8,2026,2,3,0.84,5,0.42,0.85,0.6,2025-12-06 16:00:00,Domestic League,375,750,107,150,63,433,317,750,1,0,100,2,15,-1,0,2025/2026,2025,1
France_Ligue_1_2025-2026,Abdallah Dipo Sima,Lens,Forward,24,188,0,Senegal,4,3,7,0,0,0,0.0,1970-01-12,2,1.18,0,1,1,14,1,0,1,0.59,eu,,99.0,59.21,8.33,100.0,96.0,2.96,0.42,0.0,5.0,2730000.0,72.0,50.0,0.0,3.9,3.0,31.0,0.0,0.0,,2.0,29.0,90.0,99.0,21.0,83.0,3.55,0.5,6.0,97.0,5000.0,97.0,59.0,1.18,0.17,2.0,12.0,152.0,54.0,0.59,0.08,1.0,9.0,1.18,0.17,2.0,54.0,1.18,0.17,11.0,0.0,0.0,0.0,11.0,,2.0,80.0,11.25,1.58,19.0,77.0,5.33,0.75,47.0,9.0,86.0,1.78,0.25,3.0,2.0,0.0,0.0,,1.0,,6.0,89.0,2.0,60.0,91.0,99.0,57.0,95.0,,76.0,0.0,0.0,,7.0,0.0,0.0,,73.0,1.18,0.17,2.0,0.0,6.0,23.0,97.0,47.0,,98.0,0.6,0.09,1.02,71.11,6.0,18.0,18.95,2.67,32.0,21.0,26.64,3.75,45.0,99.0,0.0,0.0,,,0.0,,,,,,,0.0,0.0,,46.82,0.0,,,0.0,0.0,,19,0.0,75.0,97.0,25.0,91.0,1.0,0.59,0.08,1.0,51.0,0.59,0.08,1.0,98.0,1.78,0.25,3.0,87.0,2.37,0.33,0.0,4.0,4.0,85.0,2.37,0.33,99.0,0.0,0.0,,4.0,,,,,18.0,0.08,0.01,0.13,96.0,0.6,0.09,1.02,2026,1,0,0.59,1,0.82,0.0,0.59,2025-10-29 18:00:00,Domestic League,0,76,152,152,22,110,42,152,0,0,-1,6,-1,-1,0,2025/2026,2025,2
France_Ligue_1_2025-2026,Benjamin James Chilwell,Strasbourg,Defender,28,180,77,England,5,5,10,0,1,1,0.12,1970-01-10,3,0.35,0,3,3,30,10,2,12,1.4,eu,,80.0,25.15,21.6,216.0,36.0,0.58,0.5,0.0,5.0,4550000.0,89.0,67.0,0.1,6.62,50.0,59.0,0.23,0.2,2.0,3.0,30.0,92.0,83.0,62.0,77.0,2.79,2.4,24.0,37.0,1200.0,70.0,71.0,2.1,1.8,18.0,10.0,773.0,70.0,0.35,0.3,3.0,25.0,0.82,0.7,7.0,49.0,1.05,0.9,65.0,0.7,0.6,66.0,87.0,6.0,9.0,32.0,7.1,6.1,61.0,41.0,3.96,3.4,55.0,34.0,23.0,0.7,0.6,6.0,70.0,1.4,1.2,12.0,9.0,46.0,1.0,48.0,2.0,60.0,44.0,68.0,57.0,43.0,,76.0,0.0,0.0,,50.0,0.7,0.6,6.0,34.0,0.47,0.4,4.0,0.0,23.0,41.0,37.0,43.0,40.0,21.0,0.02,0.01,0.14,84.12,50.0,66.0,39.47,33.9,339.0,67.0,46.92,40.3,403.0,99.0,0.0,0.0,,,0.0,,,,,,,0.0,0.0,,66.23,0.0,,,0.0,0.0,,3,0.0,100.0,99.0,0.0,46.0,66.0,1.63,1.4,14.0,10.0,0.0,0.0,,30.0,0.12,0.1,1.0,11.0,0.12,0.1,0.0,0.0,1.0,42.0,1.28,1.1,99.0,0.0,0.0,,11.0,,,,,60.0,0.16,0.14,1.39,20.0,0.02,0.01,0.14,2026,0,0,0.12,0,0.0,0.0,0.0,2025-12-06 18:00:00,Domestic League,773,258,64,0,77,450,323,773,0,0,-1,21,220,73,0,2025/2026,2025,3
France_Ligue_1_2025-2026,Martial Godo,Strasbourg,Midfielder,0,0,0,England,5,5,10,0,0,0,0.0,1970-01-01,2,0.63,0,4,4,40,1,1,2,0.63,eu,,46.0,10.07,2.75,33.0,17.0,0.31,0.08,0.0,1.0,1140000.0,38.0,50.0,0.0,4.54,6.0,31.0,0.0,0.0,,2.0,20.0,77.0,98.0,83.0,48.0,1.22,0.33,4.0,95.0,825.0,56.0,60.0,1.22,0.33,4.0,12.0,295.0,1.0,2.44,0.67,8.0,49.0,0.61,0.17,2.0,81.0,2.44,0.67,75.0,0.92,0.25,37.0,39.0,3.0,8.0,68.0,10.07,2.75,33.0,41.0,3.97,1.08,39.0,13.0,56.0,1.22,0.33,4.0,95.0,2.44,0.67,8.0,3.0,2.0,7.0,94.0,2.0,60.0,92.0,68.0,97.0,97.0,,76.0,0.0,0.0,,83.0,1.22,0.33,4.0,25.0,0.31,0.08,1.0,0.0,23.0,26.0,95.0,46.0,,98.0,0.58,0.16,1.89,88.04,74.0,31.0,24.71,6.75,81.0,24.0,28.07,7.67,92.0,99.0,0.0,0.0,,,0.0,,1.0,,,,,0.0,0.0,,54.48,0.0,,,0.0,0.0,,20,0.0,50.0,87.0,25.0,91.0,1.0,0.61,0.17,2.0,80.0,1.22,0.33,4.0,93.0,1.22,0.33,4.0,89.0,2.44,0.67,0.0,4.0,8.0,10.0,0.31,0.08,99.0,0.0,0.0,,1.0,,,10.0,1.0,14.0,0.07,0.02,0.23,95.0,0.58,0.16,1.89,2026,0,2,0.63,2,0.0,0.9,0.63,2025-10-29 20:05:00,Domestic League,0,144,144,144,29,88,199,287,0,0,-1,4,11,-1,0,2025/2026,2025,2
France_Ligue_1_2025-2026,Ogbonna Stanley Chizurum,Strasbourg,Forward,0,0,0,Nigeria,0,0,0,0,0,0,0.0,1970-01-01,0,0.0,0,0,0,0,0,0,0,0.0,eu,,,,,,,,,,,,,,,,,,,,,,,,,,,,,,,,,,,,,,,,,,,,,,,,,,,,,,,,,,,,,,,,,,,,,,,,,,,,,,,,,,,,,,,,,,,,,,,,,,,,,,,,,,,,,,,,,,,,,,,,,,,,,,,,,,,,,,,,,,,,,,,,,,,,,,,,,,,,,,,,,,,,,,,,,,,,,,,,,,,,,,,2026,0,0,0.0,0,0.0,0.0,0.0,1970-01-01 00:00:00,Domestic League,0,0,0,0,0,0,0,0,0,0,-1,-1,-1,-1,0,2025/2026,2025,0
France_Ligue_1_2025-2026,Soumaula Coulibaly,Strasbourg,Defender,22,0,0,France,4,4,8,0,0,0,0.0,2003-10-14,2,0.25,0,2,2,25,10,4,14,1.75,eu,,33.0,0.0,0.0,,80.0,1.75,1.56,0.0,14.0,1250000.0,40.0,50.0,0.0,6.01,29.0,94.0,0.88,0.78,7.0,2.0,25.0,86.0,70.0,49.0,90.0,4.62,4.11,37.0,14.0,0.0,33.0,17.0,0.0,0.0,,9.0,720.0,99.0,0.0,0.0,,99.0,0.0,0.0,,9.0,0.0,0.0,11.0,0.0,0.0,0.0,11.0,,,16.0,5.88,5.22,47.0,38.0,3.88,3.44,65.0,31.0,74.0,1.5,1.33,12.0,75.0,1.5,1.33,12.0,8.0,36.0,,25.0,,18.0,45.0,68.0,75.0,61.0,,76.0,0.0,0.0,,70.0,1.0,0.89,8.0,22.0,0.25,0.22,2.0,0.0,9.0,55.0,14.0,83.0,35.0,32.0,0.04,0.04,0.34,90.38,84.0,80.0,48.12,42.78,385.0,79.0,53.25,47.33,426.0,99.0,0.0,0.0,,,0.0,,,,,,,0.0,0.0,,54.11,0.0,,,0.0,0.0,,44,0.0,50.0,87.0,0.0,46.0,81.0,1.88,1.67,15.0,24.0,0.25,0.22,2.0,50.0,0.25,0.22,2.0,31.0,0.5,0.44,0.0,0.0,4.0,21.0,0.75,0.67,99.0,0.0,0.0,,6.0,,,,,32.0,0.1,0.09,0.8,30.0,0.04,0.04,0.34,2026,0,1,0.13,1,0.0,0.25,0.13,2025-12-13 16:00:00,Domestic League,0,360,51,720,90,360,360,720,0,0,-1,5,124,102,0,2025/2026,2025,2
France_Ligue_1_2025-2026,Damián Pizarro,Le Havre,Midfielder,0,0,0,Chile,0,2,2,0,0,0,0.0,1970-01-01,0,0.0,0,0,0,0,0,0,0,0.0,eu,,33.0,0.0,0.0,,2.0,0.0,0.0,0.0,,910000.0,29.0,50.0,0.0,2.59,,31.0,0.0,0.0,,,,26.0,23.0,2.0,2.0,0.0,0.0,,99.0,0.0,33.0,17.0,0.0,0.0,,5.0,25.0,99.0,0.0,0.0,,99.0,0.0,0.0,,9.0,0.0,0.0,11.0,0.0,0.0,0.0,11.0,,,95.0,14.4,0.8,4.0,29.0,3.6,0.2,25.0,1.0,99.0,3.6,0.2,1.0,99.0,3.6,0.2,1.0,,,2.0,63.0,,18.0,28.0,68.0,57.0,43.0,,76.0,0.0,0.0,,7.0,0.0,0.0,,7.0,0.0,0.0,,0.0,,23.0,,43.0,,10.0,0.0,0.0,0.0,66.67,2.0,,7.2,0.4,2.0,,10.8,0.6,3.0,99.0,0.0,0.0,,,0.0,,,,,,,0.0,0.0,,12.95,0.0,,,0.0,0.0,,9,0.0,0.0,21.0,0.0,46.0,,0.0,0.0,,10.0,0.0,0.0,,21.0,0.0,0.0,,8.0,0.0,0.0,0.0,0.0,,5.0,0.0,0.0,99.0,0.0,0.0,,,,,,,,0.0,0.0,0.0,9.0,0.0,0.0,0.0,2026,0,0,0.0,0,0.0,0.0,0.0,1970-01-01 00:00:00,Domestic League,0,0,0,0,13,0,26,26,0,0,-1,12,-1,-1,0,2025/2026,2025,0
France_Ligue_1_2025-2026,Reda Jousef Khadra,Le Havre,Midfielder,24,174,69,Germany,4,2,6,0,0,0,0.0,1970-01-12,0,0.0,2,0,2,33,2,1,3,1.36,eu,,59.0,14.92,3.67,33.0,52.0,0.9,0.22,0.0,2.0,1140000.0,38.0,50.0,0.0,4.4,5.0,31.0,0.0,0.0,,,,26.0,23.0,73.0,33.0,0.9,0.22,2.0,41.0,275.0,35.0,96.0,5.43,1.33,12.0,9.0,199.0,34.0,0.9,0.22,2.0,19.0,0.9,0.22,2.0,99.0,5.43,1.33,97.0,2.26,0.56,41.0,45.0,5.0,12.0,90.0,13.12,3.22,29.0,91.0,6.33,1.56,48.0,14.0,67.0,1.36,0.33,3.0,20.0,0.45,0.11,1.0,1.0,,5.0,85.0,2.0,60.0,28.0,68.0,57.0,43.0,,76.0,0.0,0.0,,7.0,0.0,0.0,,80.0,1.36,0.33,3.0,0.0,3.0,23.0,42.0,43.0,,82.0,0.29,0.07,0.64,78.57,28.0,11.0,14.92,3.67,33.0,9.0,18.99,4.67,42.0,99.0,0.0,0.0,,,0.0,,,,,,,0.0,0.0,,39.64,0.0,,,0.0,0.0,,30,0.0,50.0,87.0,0.0,46.0,77.0,1.81,0.44,4.0,85.0,1.36,0.33,3.0,96.0,1.36,0.33,3.0,93.0,2.71,0.67,0.0,0.0,6.0,90.0,2.71,0.67,99.0,0.0,0.0,,6.0,,,,,18.0,0.08,0.02,0.17,77.0,0.29,0.07,0.64,2026,0,0,0.0,0,0.0,0.0,0.0,2025-09-28 15:15:00,Domestic League,0,0,66,0,33,162,37,199,0,0,-1,11,-1,-1,0,2025/2026,2025,0
France_Ligue_1_2025-2026,Breel Donald Embolo,Rennes,Forward,28,187,86,Switzerland,6,7,13,1,0,1,0.1,1970-01-10,1,0.1,2,1,3,23,7,7,14,1.47,eu,,47.0,10.47,7.69,100.0,62.0,1.15,0.85,0.0,11.0,6360000.0,95.0,63.0,0.08,6.9,78.0,57.0,0.21,0.15,2.0,1.0,8.0,40.0,31.0,45.0,29.0,0.73,0.54,7.0,32.0,5000.0,97.0,28.0,0.21,0.15,2.0,13.0,860.0,12.0,1.67,1.23,16.0,64.0,0.42,0.31,4.0,76.0,2.09,1.54,73.0,0.84,0.62,40.0,43.0,8.0,20.0,94.0,13.81,10.15,132.0,93.0,6.59,4.85,47.0,63.0,93.0,2.09,1.54,20.0,99.0,2.93,2.15,28.0,10.0,56.0,3.0,72.0,5.0,94.0,88.0,93.0,82.0,92.0,,76.0,0.0,0.0,,21.0,0.31,0.23,3.0,42.0,0.63,0.46,6.0,0.0,57.0,93.0,32.0,51.0,50.0,92.0,0.4,0.29,3.79,75.95,20.0,7.0,12.56,9.23,120.0,6.0,16.53,12.15,158.0,99.0,0.0,0.0,,,0.0,,,,,,,0.0,0.0,,89.72,0.0,,,0.0,0.0,,7,0.0,60.0,93.0,26.67,93.0,57.0,1.47,1.08,14.0,53.0,0.63,0.46,6.0,85.0,0.94,0.69,9.0,72.0,1.57,1.15,0.0,3.75,15.0,60.0,1.67,1.23,99.0,0.0,0.0,,16.0,,,,,37.0,0.11,0.08,1.05,90.0,0.4,0.29,3.79,2026,2,2,0.52,4,0.48,0.37,0.42,2025-12-13 16:00:00,Domestic League,860,860,61,215,66,372,488,860,0,0,-1,2,29,-1,0,2025/2026,2025,1
France_Ligue_1_2025-2026,Glen Kamara,Rennes,Midfielder,30,178,74,Finland,1,1,2,0,0,0,0.0,1970-01-10,0,0.0,0,0,0,0,1,0,1,3.75,eu,,33.0,0.0,0.0,,98.0,3.75,0.1,0.0,1.0,4550000.0,89.0,50.0,0.0,1.29,,31.0,0.0,0.0,,,,26.0,23.0,2.0,2.0,0.0,0.0,,,0.0,33.0,17.0,0.0,0.0,,10.0,24.0,99.0,0.0,0.0,,99.0,0.0,0.0,,9.0,0.0,0.0,11.0,0.0,0.0,0.0,11.0,,,8.0,3.75,0.1,1.0,33.0,3.75,0.1,100.0,1.0,7.0,0.0,0.0,,2.0,0.0,0.0,,,,2.0,63.0,,18.0,28.0,68.0,57.0,43.0,,76.0,0.0,0.0,,7.0,0.0,0.0,,7.0,0.0,0.0,,0.0,,23.0,,43.0,,10.0,0.0,0.0,0.0,83.33,46.0,61.0,37.5,1.0,10.0,63.0,45.0,1.2,12.0,99.0,0.0,0.0,,,0.0,,,,,,,0.0,0.0,,12.85,0.0,,,0.0,0.0,,4,0.0,0.0,21.0,0.0,46.0,99.0,7.5,0.2,2.0,10.0,0.0,0.0,,21.0,0.0,0.0,,8.0,0.0,0.0,0.0,0.0,,5.0,0.0,0.0,99.0,0.0,0.0,,,,,,,18.0,0.08,0.0,0.02,9.0,0.0,0.0,0.0,2026,0,0,0.0,0,0.0,0.0,0.0,1970-01-01 00:00:00,Domestic League,0,0,24,0,12,19,5,24,0,0,-1,12,-1,-1,0,2025/2026,2025,0
France_Ligue_1_2025-2026,Hans Hateboer,Rennes,Defender,31,188,74,Netherlands,4,2,6,0,0,0,0.0,1970-01-09,2,0.73,1,2,3,50,2,0,2,0.73,eu,,33.0,0.0,0.0,,88.0,2.25,0.44,0.0,4.0,1810000.0,55.0,50.0,0.0,3.37,1.0,31.0,0.0,0.0,,,,26.0,99.0,83.0,82.0,3.38,0.67,6.0,63.0,0.0,33.0,78.0,2.81,0.56,5.0,9.0,160.0,99.0,0.0,0.0,,52.0,0.56,0.11,1.0,9.0,0.0,0.0,11.0,0.0,0.0,0.0,11.0,,,28.0,6.75,1.33,12.0,40.0,3.94,0.78,58.0,7.0,96.0,2.25,0.44,4.0,25.0,0.56,0.11,1.0,2.0,,3.0,72.0,1.0,44.0,28.0,68.0,57.0,43.0,,76.0,0.0,0.0,,7.0,0.0,0.0,,7.0,0.0,0.0,,0.0,1.0,23.0,63.0,43.0,,45.0,0.08,0.02,0.14,85.86,60.0,79.0,47.81,9.44,85.0,80.0,55.69,11.0,99.0,,0.56,0.11,1.0,,0.0,,,,,,,0.0,0.0,,30.29,0.0,,,0.0,0.0,,33,0.0,0.0,21.0,0.0,46.0,71.0,1.69,0.33,3.0,92.0,1.69,0.33,3.0,21.0,0.0,0.0,,74.0,1.69,0.33,0.0,0.0,3.0,36.0,1.12,0.22,99.0,0.0,0.0,,2.0,,,,,37.0,0.11,0.02,0.2,43.0,0.08,0.02,0.14,2026,0,0,0.0,0,0.0,0.0,0.0,2025-12-14 14:00:00,Domestic League,0,123,123,0,41,89,157,246,0,0,-1,22,-1,-1,1,2025/2026,2025,1
France_Ligue_1_2025-2026,Rachid Ghezzal,Olympique Lyonnais,Midfielder,33,182,70,Algeria,3,4,7,0,0,0,0.0,1970-01-09,0,0.0,1,2,3,43,1,2,3,1.97,eu,,93.0,38.1,5.8,58.0,84.0,1.97,0.3,0.0,3.0,398047.0,7.0,50.0,0.0,3.29,1.0,31.0,0.0,0.0,,,,26.0,23.0,73.0,75.0,2.63,0.4,4.0,6.0,580.0,49.0,98.0,6.57,1.0,10.0,10.0,137.0,20.0,1.31,0.2,2.0,8.0,1.31,0.2,2.0,60.0,1.31,0.2,89.0,1.31,0.2,100.0,99.0,2.0,2.0,90.0,13.14,2.0,20.0,61.0,4.6,0.7,35.0,7.0,91.0,1.97,0.3,3.0,2.0,0.0,0.0,,1.0,,5.0,85.0,2.0,60.0,28.0,68.0,57.0,43.0,,76.0,0.0,0.0,,7.0,0.0,0.0,,44.0,0.66,0.1,1.0,0.0,3.0,23.0,6.0,43.0,,63.0,0.16,0.03,0.25,75.38,18.0,48.0,32.19,4.9,49.0,58.0,42.7,6.5,65.0,99.0,0.0,0.0,,,0.0,,,,,,,0.0,0.0,,32.93,0.0,,,0.0,0.0,,18,0.0,33.33,57.0,0.0,46.0,93.0,3.28,0.5,5.0,83.0,1.31,0.2,2.0,75.0,0.66,0.1,1.0,79.0,1.97,0.3,0.0,0.0,3.0,74.0,1.97,0.3,99.0,0.0,0.0,,3.0,,,,,37.0,0.11,0.02,0.16,62.0,0.16,0.03,0.25,2026,0,0,0.0,0,0.0,0.0,0.0,2025-11-09 19:45:00,Domestic League,0,0,46,0,20,59,78,137,0,0,-1,23,-1,-1,0,2025/2026,2025,0
France_Ligue_1_2025-2026,Martín Satriano,Olympique Lyonnais,Forward,24,187,75,Uruguay,5,5,10,0,1,1,0.13,1970-01-12,1,0.13,2,3,5,50,4,1,5,0.65,eu,,74.0,21.77,12.5,150.0,79.0,1.74,1.0,0.0,12.0,640000.0,15.0,76.0,0.11,5.77,21.0,31.0,0.0,0.0,,,,26.0,44.0,88.0,15.0,0.44,0.25,3.0,89.0,3000.0,90.0,49.0,0.73,0.42,5.0,12.0,620.0,55.0,0.58,0.33,4.0,75.0,0.29,0.17,2.0,72.0,1.89,1.08,57.0,0.58,0.33,30.0,23.0,4.0,13.0,65.0,9.87,5.67,68.0,58.0,4.5,2.58,45.0,31.0,71.0,1.45,0.83,10.0,82.0,1.74,1.0,12.0,7.0,29.0,2.0,63.0,2.0,60.0,83.0,68.0,95.0,84.0,,93.0,0.15,0.08,1.0,52.0,0.73,0.42,5.0,71.0,1.16,0.67,8.0,0.0,15.0,82.0,89.0,59.0,25.0,88.0,0.35,0.2,2.43,82.64,44.0,14.0,17.27,9.92,119.0,12.0,20.9,12.0,144.0,99.0,0.0,0.0,,,0.0,,,,,,,0.0,0.0,,69.21,0.0,,,0.0,0.0,,20,0.0,46.67,79.0,13.33,68.0,16.0,0.87,0.5,6.0,78.0,1.16,0.67,8.0,89.0,1.02,0.58,7.0,83.0,2.18,1.25,0.0,7.5,15.0,17.0,0.58,0.33,99.0,0.0,0.0,,4.0,,,11.0,1.0,64.0,0.17,0.1,1.15,86.0,0.35,0.2,2.43,2026,0,2,0.39,2,0.0,0.53,0.26,2025-12-14 14:00:00,Domestic League,693,693,139,347,69,351,342,693,0,0,-1,4,66,-1,0,2025/2026,2025,1
France_Ligue_1_2025-2026,Teo Barišić,Olympique Lyonnais,Midfielder,21,0,0,Croatia,0,0,0,0,0,0,0.0,2004-04-24,0,0.0,0,0,0,0,0,0,0,0.0,eu,,,,,,,,,,,,,,,,,,,,,,,,,,,,,,,,,,,,,,,,,,,,,,,,,,,,,,,,,,,,,,,,,,,,,,,,,,,,,,,,,,,,,,,,,,,,,,,,,,,,,,,,,,,,,,,,,,,,,,,,,,,,,,,,,,,,,,,,,,,,,,,,,,,,,,,,,,,,,,,,,,,,,,,,,,,,,,,,,,,,,,,2026,0,0,0.0,0,0.0,0.0,0.0,1970-01-01 00:00:00,Domestic League,0,0,0,0,0,0,0,0,0,0,-1,-1,-1,-1,0,2025/2026,2025,0
France_Ligue_1_2025-2026,Uroš Radaković,Nantes,Defender,31,194,89,Serbia,1,3,4,0,0,0,0.0,1970-01-09,0,0.0,0,0,0,0,0,1,1,4.5,eu,,33.0,0.0,0.0,,99.0,12.86,0.25,0.0,3.0,820000.0,22.0,50.0,0.0,1.59,,31.0,0.0,0.0,,,,26.0,23.0,2.0,99.0,8.57,0.17,2.0,,0.0,33.0,17.0,0.0,0.0,,12.0,21.0,99.0,0.0,0.0,,99.0,0.0,0.0,,9.0,0.0,0.0,11.0,0.0,0.0,0.0,11.0,,,99.0,21.43,0.42,5.0,99.0,12.86,0.25,60.0,3.0,99.0,4.29,0.08,1.0,2.0,0.0,0.0,,,,4.0,81.0,,18.0,28.0,68.0,57.0,43.0,,76.0,0.0,0.0,,7.0,0.0,0.0,,7.0,0.0,0.0,,0.0,,23.0,,43.0,,10.0,0.0,0.0,0.0,40.0,,14.0,17.14,0.33,4.0,58.0,42.86,0.83,10.0,99.0,0.0,0.0,,,0.0,,,,,,,0.0,0.0,,19.05,0.0,,,0.0,0.0,,26,0.0,0.0,21.0,0.0,46.0,97.0,4.29,0.08,1.0,10.0,0.0,0.0,,21.0,0.0,0.0,,8.0,0.0,0.0,0.0,0.0,,5.0,0.0,0.0,99.0,0.0,0.0,,,,,,,4.0,0.04,0.0,0.01,9.0,0.0,0.0,0.0,2026,0,0,0.0,0,0.0,0.0,0.0,1970-01-01 00:00:00,Domestic League,0,0,20,0,5,12,8,20,0,0,-1,10,-1,-1,0,2025/2026,2025,0
France_Ligue_1_2025-2026,Mohamed-Ali Cho,Nice,Forward,21,182,66,France,4,4,8,1,1,2,0.34,2004-01-19,0,0.0,0,0,0,0,6,7,13,2.2,eu,,97.0,43.85,33.25,266.0,62.0,1.15,0.88,0.0,7.0,1360000.0,44.0,96.0,0.25,6.93,80.0,47.0,0.16,0.12,1.0,,,26.0,23.0,2.0,17.0,0.49,0.38,3.0,3.0,1477.78,77.0,80.0,2.97,2.25,18.0,8.0,546.0,6.0,1.98,1.5,12.0,99.0,0.0,0.0,,74.0,1.98,1.5,49.0,0.49,0.38,25.0,16.0,3.0,12.0,68.0,10.05,7.62,61.0,41.0,3.96,3.0,39.0,24.0,14.0,0.49,0.38,3.0,89.0,1.98,1.5,12.0,7.0,29.0,1.0,48.0,5.0,94.0,93.0,87.0,78.0,87.0,,76.0,0.0,0.0,,23.0,0.33,0.25,2.0,87.0,1.65,1.25,10.0,0.0,9.0,23.0,3.0,56.0,17.0,84.0,0.31,0.24,1.91,81.75,40.0,17.0,18.46,14.0,112.0,14.0,22.58,17.12,137.0,99.0,0.0,0.0,,,0.0,,,,,,,0.0,0.0,,55.41,0.0,,,0.0,0.0,,25,0.0,30.0,47.0,20.0,87.0,87.0,2.14,1.62,13.0,78.0,1.15,0.88,7.0,68.0,0.49,0.38,3.0,73.0,1.65,1.25,0.0,5.0,10.0,10.0,0.33,0.25,99.0,0.0,0.0,,2.0,,,,,93.0,0.3,0.22,1.79,80.0,0.31,0.24,1.91,2026,1,1,0.68,2,0.38,0.31,0.34,2025-12-07 14:00:00,Domestic League,267,0,41,267,67,238,295,533,0,0,-1,2,43,-1,0,2025/2026,2025,0
France_Ligue_1_2025-2026,Moise Bombito,Nice,Midfielder,25,0,0,Canada,1,1,2,0,0,0,0.0,1970-01-12,1,0.62,0,0,0,0,1,1,2,1.23,eu,,33.0,0.0,0.0,,98.0,3.7,2.0,0.0,6.0,2050000.0,60.0,50.0,0.0,4.23,4.0,99.0,1.85,1.0,3.0,1.0,50.0,99.0,97.0,2.0,85.0,3.7,2.0,6.0,51.0,0.0,33.0,17.0,0.0,0.0,,3.0,146.0,51.0,0.62,0.33,1.0,99.0,0.0,0.0,,9.0,0.0,0.0,11.0,0.0,0.0,0.0,11.0,,,45.0,8.01,4.33,13.0,68.0,4.93,2.67,61.0,8.0,87.0,1.85,1.0,3.0,28.0,0.62,0.33,1.0,2.0,,,25.0,1.0,44.0,28.0,68.0,57.0,43.0,,76.0,0.0,0.0,,83.0,1.23,0.67,2.0,7.0,0.0,0.0,,0.0,,26.0,51.0,43.0,,10.0,0.0,0.0,0.0,84.38,51.0,52.0,33.29,18.0,54.0,51.0,39.45,21.33,64.0,,1.23,0.67,2.0,,0.0,,,,,,,0.0,0.0,,12.69,0.0,,,0.0,0.0,,64,0.0,0.0,21.0,0.0,46.0,79.0,1.85,1.0,3.0,10.0,0.0,0.0,,21.0,0.0,0.0,,8.0,0.0,0.0,0.0,0.0,,17.0,0.62,0.33,99.0,0.0,0.0,,1.0,,,,,14.0,0.07,0.04,0.11,9.0,0.0,0.0,0.0,2026,0,0,0.0,0,0.0,0.0,0.0,2025-10-05 15:15:00,Domestic League,0,146,73,0,73,56,90,146,0,0,-1,13,-1,-1,0,2025/2026,2025,1
France_Ligue_1_2025-2026,Hamari Traoré,Paris,Defender,33,175,73,Mali,4,5,9,0,0,0,0.0,1970-01-09,3,0.39,1,1,2,22,6,6,12,1.58,eu,,81.0,26.28,20.0,200.0,69.0,1.31,1.0,0.0,10.0,2500000.0,67.0,50.0,0.0,5.93,25.0,44.0,0.13,0.1,1.0,3.0,33.0,95.0,86.0,42.0,82.0,3.42,2.6,26.0,24.0,1538.46,78.0,68.0,1.71,1.3,13.0,10.0,685.0,74.0,0.26,0.2,2.0,89.0,0.13,0.1,1.0,14.0,0.13,0.1,11.0,0.0,0.0,0.0,11.0,,1.0,35.0,7.36,5.6,56.0,49.0,4.2,3.2,57.0,32.0,91.0,1.97,1.5,15.0,16.0,0.39,0.3,3.0,9.0,46.0,,25.0,3.0,74.0,28.0,68.0,57.0,43.0,,76.0,0.0,0.0,,72.0,1.05,0.8,8.0,23.0,0.26,0.2,2.0,0.0,15.0,37.0,26.0,43.0,32.0,21.0,0.02,0.01,0.15,83.51,47.0,68.0,40.6,30.9,309.0,71.0,48.61,37.0,370.0,6.0,0.13,0.1,1.0,,0.0,,,,,,,0.0,0.0,,59.29,0.0,,,0.0,0.0,,14,0.0,0.0,21.0,0.0,46.0,72.0,1.71,1.3,13.0,34.0,0.39,0.3,3.0,21.0,0.0,0.0,,23.0,0.39,0.3,0.0,0.0,3.0,88.0,2.5,1.9,99.0,0.0,0.0,,19.0,,,,,32.0,0.1,0.08,0.79,20.0,0.02,0.01,0.15,2026,0,0,0.0,0,0.0,0.0,0.0,2025-12-13 20:05:00,Domestic League,0,228,57,0,76,360,325,685,0,0,-1,12,214,88,0,2025/2026,2025,3
France_Ligue_1_2025-2026,Guela Doué,Strasbourg,Defender,23,186,0,France,6,5,11,2,1,3,0.3,2002-10-17,2,0.2,0,3,3,27,11,3,14,1.39,eu,,62.0,16.06,14.73,162.0,88.0,2.28,2.09,0.0,23.0,900000.0,23.0,94.0,0.27,6.85,71.0,56.0,0.2,0.18,2.0,2.0,18.0,69.0,53.0,55.0,88.0,4.16,3.82,42.0,38.0,736.36,54.0,72.0,2.18,2.0,22.0,11.0,908.0,29.0,1.09,1.0,11.0,20.0,0.89,0.82,9.0,63.0,1.39,1.27,58.0,0.59,0.55,42.0,48.0,6.0,14.0,87.0,12.39,11.36,125.0,91.0,6.34,5.82,51.0,64.0,93.0,2.08,1.91,21.0,74.0,1.49,1.36,15.0,10.0,56.0,1.0,48.0,3.0,74.0,78.0,76.0,57.0,57.0,,76.0,0.0,0.0,,49.0,0.69,0.64,7.0,39.0,0.59,0.55,6.0,0.0,31.0,71.0,40.0,88.0,56.0,47.0,0.09,0.08,0.89,85.53,57.0,78.0,46.29,42.45,467.0,79.0,54.12,49.64,546.0,99.0,0.0,0.0,,,0.0,,,,,,,0.0,0.0,,75.37,0.0,,,0.0,0.0,,22,0.0,66.67,95.0,33.33,97.0,65.0,1.59,1.45,16.0,14.0,0.1,0.09,1.0,40.0,0.2,0.18,2.0,18.0,0.3,0.27,0.0,3.0,3.0,74.0,1.98,1.82,99.0,0.0,0.0,,20.0,,,,,91.0,0.29,0.27,2.95,45.0,0.09,0.08,0.89,2026,1,0,0.4,1,0.19,0.0,0.1,2025-12-06 18:00:00,Domestic League,303,454,65,908,83,464,444,908,0,0,-1,6,137,70,0,2025/2026,2025,2
France_Ligue_1_2025-2026,Stanis Idumbo-Muzambo,Monaco,Midfielder,20,0,0,Belgium,3,3,6,0,1,1,0.64,2005-06-29,0,0.0,0,0,0,0,3,1,4,2.55,eu,,33.0,0.0,0.0,,40.0,0.64,0.1,0.0,1.0,800000.0,22.0,99.0,0.17,3.93,3.0,31.0,0.0,0.0,,,,26.0,23.0,2.0,49.0,1.28,0.2,2.0,1.0,0.0,33.0,46.0,0.64,0.1,1.0,10.0,141.0,21.0,1.28,0.2,2.0,45.0,0.64,0.1,1.0,91.0,3.19,0.5,62.0,0.64,0.1,20.0,13.0,1.0,5.0,71.0,10.21,1.6,16.0,57.0,4.47,0.7,43.0,7.0,88.0,1.91,0.3,3.0,86.0,1.91,0.3,3.0,,,6.0,89.0,,18.0,92.0,68.0,57.0,43.0,,76.0,0.0,0.0,,7.0,0.0,0.0,,92.0,1.91,0.3,3.0,0.0,3.0,23.0,1.0,43.0,,68.0,0.19,0.03,0.3,93.02,93.0,33.0,25.53,4.0,40.0,22.0,27.45,4.3,43.0,99.0,0.0,0.0,,,0.0,,,,,,,0.0,0.0,,39.26,0.0,,,0.0,0.0,,17,0.0,20.0,31.0,0.0,46.0,91.0,2.55,0.4,4.0,99.0,2.55,0.4,4.0,75.0,0.64,0.1,1.0,96.0,3.19,0.5,0.0,0.0,5.0,72.0,1.91,0.3,99.0,0.0,0.0,,3.0,,,,,99.0,0.47,0.07,0.74,66.0,0.19,0.03,0.3,2026,0,0,0.64,0,0.0,0.0,0.0,1970-01-01 00:00:00,Domestic League,141,0,35,0,24,66,75,141,0,0,-1,16,-1,-1,0,2025/2026,2025,0
France_Ligue_1_2025-2026,Krépin Diatta,Monaco,Forward,26,175,68,Senegal,5,5,10,0,1,1,0.14,1970-01-11,1,0.14,0,2,2,20,8,4,12,1.65,eu,,85.0,27.57,20.0,200.0,87.0,2.21,1.6,0.0,16.0,3740000.0,83.0,73.0,0.1,6.87,74.0,65.0,0.28,0.2,2.0,1.0,10.0,44.0,41.0,38.0,70.0,2.34,1.7,17.0,20.0,689.66,52.0,88.0,4.0,2.9,29.0,10.0,653.0,67.0,0.41,0.3,3.0,7.0,1.38,1.0,10.0,34.0,0.69,0.5,40.0,0.41,0.3,60.0,77.0,3.0,5.0,66.0,9.92,7.2,72.0,94.0,6.62,4.8,66.0,48.0,22.0,0.69,0.5,5.0,40.0,0.83,0.6,6.0,6.0,21.0,4.0,81.0,2.0,60.0,48.0,68.0,57.0,43.0,,76.0,0.0,0.0,,97.0,1.79,1.3,13.0,84.0,1.52,1.1,11.0,0.0,23.0,86.0,20.0,43.0,30.0,32.0,0.04,0.03,0.29,80.14,33.0,47.0,31.7,23.0,230.0,52.0,39.56,28.7,287.0,5.0,0.14,0.1,1.0,,0.0,,,,,,,0.0,0.0,,68.7,0.0,,,0.0,0.0,,27,0.0,20.0,31.0,0.0,46.0,68.0,1.65,1.2,12.0,48.0,0.55,0.4,4.0,32.0,0.14,0.1,1.0,42.0,0.69,0.5,0.0,0.0,5.0,97.0,3.17,2.3,99.0,0.0,0.0,,23.0,,,,,75.0,0.2,0.15,1.47,30.0,0.04,0.03,0.29,2026,0,0,0.14,0,0.0,0.0,0.0,2025-11-22 18:00:00,Domestic League,653,653,54,0,65,301,352,653,0,0,-1,15,212,-1,0,2025/2026,2025,1
France_Ligue_1_2025-2026,Anssumane Fati,Monaco,Forward,23,178,66,Guinea-Bissau,4,6,10,0,0,0,0.0,2002-10-31,1,0.21,0,2,2,20,4,3,7,1.49,eu,,96.0,42.55,20.0,200.0,74.0,1.49,0.7,0.0,7.0,3300000.0,76.0,50.0,0.0,6.86,73.0,31.0,0.0,0.0,,1.0,10.0,44.0,59.0,38.0,32.0,0.85,0.4,4.0,31.0,9999.99,99.0,39.0,0.43,0.2,2.0,10.0,423.0,49.0,0.64,0.3,3.0,22.0,0.85,0.4,4.0,83.0,2.55,1.2,74.0,0.85,0.4,33.0,30.0,4.0,12.0,67.0,10.0,4.7,47.0,67.0,4.89,2.3,48.0,23.0,42.0,1.06,0.5,5.0,41.0,0.85,0.4,4.0,4.0,7.0,6.0,89.0,2.0,60.0,97.0,68.0,99.0,99.0,,76.0,0.0,0.0,,14.0,0.21,0.1,1.0,89.0,1.7,0.8,8.0,0.0,23.0,66.0,30.0,44.0,6.0,92.0,0.4,0.19,1.9,80.49,35.0,40.0,28.09,13.2,132.0,40.0,34.89,16.4,164.0,99.0,0.0,0.0,,1.0,0.0,3.0,,,4.0,,,0.0,0.0,,68.64,0.0,,,0.0,0.0,,31,0.0,52.63,88.0,26.32,92.0,59.0,1.49,0.7,7.0,96.0,1.91,0.9,9.0,99.0,2.13,1.0,10.0,99.0,4.04,1.9,0.0,3.8,19.0,63.0,1.7,0.8,99.0,0.0,0.0,,8.0,,,10.0,1.0,32.0,0.1,0.05,0.49,99.0,1.0,0.47,4.7,2026,0,4,0.85,4,0.0,1.4,0.85,2025-11-22 18:00:00,Domestic League,0,423,60,106,42,165,258,423,2,0,100,1,4,-1,0,2025/2026,2025,1
France_Ligue_1_2025-2026,Fodé Ballo Touré,Metz,Defender,28,182,61,France,4,2,6,0,0,0,0.0,1970-01-10,1,0.22,0,0,0,0,7,4,11,2.4,eu,,68.0,20.05,15.33,92.0,69.0,1.31,1.0,0.0,6.0,1360000.0,44.0,50.0,0.0,6.55,49.0,31.0,0.0,0.0,,1.0,17.0,67.0,62.0,2.0,32.0,0.87,0.67,4.0,2.0,707.69,53.0,79.0,2.83,2.17,13.0,6.0,413.0,29.0,1.09,0.83,5.0,43.0,0.65,0.5,3.0,73.0,1.96,1.5,83.0,1.09,0.83,55.0,71.0,5.0,9.0,71.0,10.24,7.83,47.0,91.0,6.32,4.83,61.0,29.0,45.0,1.09,0.83,5.0,89.0,1.96,1.5,9.0,5.0,13.0,1.0,48.0,1.0,44.0,28.0,68.0,57.0,43.0,,76.0,0.0,0.0,,31.0,0.44,0.33,2.0,44.0,0.65,0.5,3.0,0.0,3.0,63.0,2.0,43.0,5.0,32.0,0.04,0.03,0.2,91.0,87.0,66.0,39.66,30.33,182.0,61.0,43.58,33.33,200.0,1.0,0.22,0.17,1.0,,0.0,,,,,,,0.0,0.0,,39.32,0.0,,,0.0,0.0,,97,0.0,33.33,57.0,0.0,46.0,92.0,2.62,2.0,12.0,38.0,0.44,0.33,2.0,45.0,0.22,0.17,1.0,40.0,0.65,0.5,0.0,0.0,3.0,80.0,2.18,1.67,99.0,0.0,0.0,,10.0,,,,,32.0,0.1,0.07,0.45,30.0,0.04,0.03,0.2,2026,0,0,0.0,0,0.0,0.0,0.0,2025-12-07 16:15:00,Domestic League,0,413,38,0,69,258,155,413,0,0,-1,17,210,116,0,2025/2026,2025,1
France_Ligue_1_2025-2026,Ryan Rodin,Auxerre,Forward,19,0,0,France,1,0,1,0,0,0,0.0,2006-02-03,0,0.0,0,0,0,0,0,0,0,0.0,eu,,33.0,0.0,0.0,,2.0,0.0,0.0,0.0,,28779.0,1.0,50.0,0.0,2.16,,31.0,0.0,0.0,,,,26.0,23.0,2.0,2.0,0.0,0.0,,99.0,0.0,33.0,17.0,0.0,0.0,,3.0,7.0,99.0,0.0,0.0,,99.0,0.0,0.0,,9.0,0.0,0.0,11.0,0.0,0.0,0.0,11.0,,,,0.0,0.0,,,0.0,0.0,0.0,,7.0,0.0,0.0,,2.0,0.0,0.0,,,,1.0,48.0,,18.0,28.0,68.0,57.0,43.0,,76.0,0.0,0.0,,7.0,0.0,0.0,,7.0,0.0,0.0,,0.0,,23.0,,43.0,,10.0,0.0,0.0,0.0,100.0,99.0,64.0,38.57,1.0,3.0,50.0,38.57,1.0,3.0,99.0,0.0,0.0,,,0.0,,,,,,,0.0,0.0,,6.49,0.0,,,0.0,0.0,,31,0.0,0.0,21.0,0.0,46.0,,0.0,0.0,,10.0,0.0,0.0,,21.0,0.0,0.0,,8.0,0.0,0.0,0.0,0.0,,5.0,0.0,0.0,99.0,0.0,0.0,,,,,,,47.0,0.13,0.0,0.01,9.0,0.0,0.0,0.0,2026,0,0,0.0,0,0.0,0.0,0.0,1970-01-01 00:00:00,Domestic League,0,0,0,0,7,7,0,7,0,0,-1,9,-1,-1,0,2025/2026,2025,0
France_Ligue_1_2025-2026,Emersonn Correia da Silva,Toulouse,Midfielder,21,0,0,Brazil,6,6,12,1,1,2,0.23,2004-07-16,3,0.34,1,3,4,33,4,2,6,0.69,eu,,33.0,0.0,0.0,,99.0,3.89,2.83,0.0,34.0,640000.0,15.0,86.0,0.17,6.96,83.0,31.0,0.0,0.0,,3.0,25.0,86.0,82.0,73.0,40.0,1.03,0.75,9.0,92.0,0.0,33.0,47.0,0.69,0.5,6.0,12.0,786.0,47.0,0.69,0.5,6.0,52.0,0.57,0.42,5.0,72.0,1.95,1.42,65.0,0.69,0.5,35.0,32.0,6.0,17.0,99.0,16.37,11.92,143.0,91.0,6.3,4.58,38.0,55.0,99.0,2.86,2.08,25.0,26.0,0.57,0.42,5.0,9.0,46.0,3.0,72.0,9.0,99.0,94.0,99.0,71.0,93.0,,99.0,0.23,0.17,2.0,40.0,0.57,0.42,5.0,53.0,0.8,0.58,7.0,0.0,44.0,42.0,92.0,50.0,41.0,97.0,0.55,0.4,4.81,74.55,15.0,2.0,9.39,6.83,82.0,1.0,12.6,9.17,110.0,99.0,0.0,0.0,,,0.0,,,,,,,0.0,0.0,,83.58,0.0,,,0.0,0.0,,20,0.0,34.38,58.0,12.5,67.0,3.0,0.69,0.5,6.0,99.0,2.4,1.75,21.0,94.0,1.26,0.92,11.0,98.0,3.66,2.67,0.0,8.0,32.0,37.0,1.15,0.83,99.0,0.0,0.0,,10.0,,,8.0,1.0,68.0,0.18,0.13,1.59,94.0,0.55,0.4,4.81,2026,3,1,0.69,4,0.71,0.22,0.46,2025-12-13 20:05:00,Domestic League,394,262,131,197,66,378,409,787,0,0,-1,2,26,-1,0,2025/2026,2025,3
France_Ligue_1_2025-2026,Noah Lahmadi,Toulouse,Midfielder,0,0,0,France,0,0,0,0,0,0,0.0,1970-01-01,0,0.0,0,0,0,0,0,0,0,0.0,eu,,,,,,,,,,,,,,,,,,,,,,,,,,,,,,,,,,,,,,,,,,,,,,,,,,,,,,,,,,,,,,,,,,,,,,,,,,,,,,,,,,,,,,,,,,,,,,,,,,,,,,,,,,,,,,,,,,,,,,,,,,,,,,,,,,,,,,,,,,,,,,,,,,,,,,,,,,,,,,,,,,,,,,,,,,,,,,,,,,,,,,,2026,0,0,0.0,0,0.0,0.0,0.0,1970-01-01 00:00:00,Domestic League,0,0,0,0,0,0,0,0,0,0,-1,-1,-1,-1,0,2025/2026,2025,0
France_Ligue_1_2025-2026,Enzo Koffi Vinette,Le Havre,Midfielder,19,0,0,France,0,3,3,0,0,0,0.0,2006-03-04,0,0.0,0,0,0,0,0,0,0,0.0,eu,,,,,,,,,,,,,,,,,,,,,,,,,,,,,,,,,,,,,,,,,,,,,,,,,,,,,,,,,,,,,,,,,,,,,,,,,,,,,,,,,,,,,,,,,,,,,,,,,,,,,,,,,,,,,,,,,,,,,,,,,,,,,,,,,,,,,,,,,,,,,,,,,,,,,,,,,,,,,,,,,,,,,,,,,,,,,,,,,,,,,,,2026,0,0,0.0,0,0.0,0.0,0.0,1970-01-01 00:00:00,Domestic League,0,0,0,0,2,0,5,5,0,0,-1,10,-1,-1,0,2025/2026,2025,0
France_Ligue_1_2025-2026,Isaac Monnier,Lorient,Midfielder,55,0,0,,0,0,0,0,0,0,0.0,1970-01-01,0,0.0,0,0,0,0,0,0,0,0.0,eu,,,,,,,,,,,,,,,,,,,,,,,,,,,,,,,,,,,,,,,,,,,,,,,,,,,,,,,,,,,,,,,,,,,,,,,,,,,,,,,,,,,,,,,,,,,,,,,,,,,,,,,,,,,,,,,,,,,,,,,,,,,,,,,,,,,,,,,,,,,,,,,,,,,,,,,,,,,,,,,,,,,,,,,,,,,,,,,,,,,,,,,2026,0,0,0.0,0,0.0,0.0,0.0,1970-01-01 00:00:00,Domestic League,0,0,0,0,0,0,0,0,0,0,-1,-1,-1,-1,0,2025/2026,2025,0
France_Ligue_1_2025-2026,Pape Cabral,Monaco,Midfielder,18,0,0,France,2,2,4,0,0,0,0.0,2007-01-20,0,0.0,0,1,1,25,2,0,2,2.47,eu,,33.0,0.0,0.0,,90.0,2.47,0.25,0.0,2.0,5200.0,1.0,50.0,0.0,3.26,1.0,31.0,0.0,0.0,,,,26.0,23.0,49.0,92.0,4.93,0.5,4.0,1.0,0.0,33.0,17.0,0.0,0.0,,8.0,73.0,1.0,2.47,0.25,2.0,,2.47,0.25,2.0,82.0,2.47,0.25,87.0,1.23,0.12,50.0,65.0,1.0,2.0,96.0,14.79,1.5,12.0,97.0,7.4,0.75,50.0,6.0,56.0,1.23,0.12,1.0,64.0,1.23,0.12,1.0,,,4.0,81.0,,18.0,28.0,68.0,57.0,43.0,,76.0,0.0,0.0,,83.0,1.23,0.12,1.0,7.0,0.0,0.0,,0.0,,23.0,2.0,43.0,,86.0,0.33,0.03,0.27,86.54,66.0,87.0,55.48,5.62,45.0,90.0,64.11,6.5,52.0,99.0,0.0,0.0,,,0.0,,,,,,,0.0,0.0,,26.05,0.0,,,0.0,0.0,,41,0.0,66.67,95.0,0.0,46.0,91.0,2.47,0.25,2.0,81.0,1.23,0.12,1.0,99.0,2.47,0.25,2.0,99.0,3.7,0.38,0.0,0.0,3.0,87.0,2.47,0.25,99.0,0.0,0.0,,2.0,,,,,37.0,0.11,0.01,0.09,83.0,0.33,0.03,0.27,2026,0,0,0.0,0,0.0,0.0,0.0,1970-01-01 00:00:00,Domestic League,0,0,37,0,18,30,43,73,0,0,-1,14,-1,-1,0,2025/2026,2025,0
France_Ligue_1_2025-2026,Frédéric Efuele Ngoyala,Toulouse,Midfielder,20,0,0,France,0,0,0,0,0,0,0.0,2005-02-20,0,0.0,0,0,0,0,0,0,0,0.0,eu,,,,,,,,,,,,,,,,,,,,,,,,,,,,,,,,,,,,,,,,,,,,,,,,,,,,,,,,,,,,,,,,,,,,,,,,,,,,,,,,,,,,,,,,,,,,,,,,,,,,,,,,,,,,,,,,,,,,,,,,,,,,,,,,,,,,,,,,,,,,,,,,,,,,,,,,,,,,,,,,,,,,,,,,,,,,,,,,,,,,,,,2026,0,0,0.0,0,0.0,0.0,0.0,1970-01-01 00:00:00,Domestic League,0,0,0,0,0,0,0,0,0,0,-1,-1,-1,-1,0,2025/2026,2025,0
France_Ligue_1_2025-2026,Mathis Jangeal,PSG,Midfielder,17,0,0,France,0,1,1,0,0,0,0.0,2008-06-24,0,0.0,0,1,1,100,0,0,0,0.0,eu,,33.0,0.0,0.0,,2.0,0.0,0.0,0.0,,53083.0,1.0,50.0,0.0,3.23,1.0,31.0,0.0,0.0,,,,26.0,23.0,99.0,99.0,9.0,0.5,1.0,99.0,0.0,33.0,17.0,0.0,0.0,,2.0,10.0,,9.0,0.5,1.0,99.0,0.0,0.0,,9.0,0.0,0.0,11.0,0.0,0.0,0.0,11.0,,,99.0,18.0,1.0,2.0,,0.0,0.0,0.0,,99.0,9.0,0.5,1.0,2.0,0.0,0.0,,,,1.0,48.0,,18.0,28.0,68.0,57.0,43.0,,76.0,0.0,0.0,,7.0,0.0,0.0,,7.0,0.0,0.0,,0.0,,23.0,,43.0,,10.0,0.0,0.0,0.0,100.0,99.0,98.0,81.0,4.5,9.0,96.0,81.0,4.5,9.0,99.0,0.0,0.0,,,0.0,,,,,,,0.0,0.0,,6.46,0.0,,,0.0,0.0,,41,0.0,0.0,21.0,0.0,46.0,,0.0,0.0,,10.0,0.0,0.0,,21.0,0.0,0.0,,8.0,0.0,0.0,0.0,0.0,,5.0,0.0,0.0,99.0,0.0,0.0,,,,,,,68.0,0.18,0.01,0.02,9.0,0.0,0.0,0.0,2026,0,0,0.0,0,0.0,0.0,0.0,1970-01-01 00:00:00,Domestic League,0,0,0,0,10,0,10,10,0,0,-1,23,-1,-1,0,2025/2026,2025,0
France_Ligue_1_2025-2026,Yanis Khafi,PSG,Midfielder,55,180,0,France,0,0,0,0,0,0,0.0,1970-01-01,0,0.0,0,0,0,0,0,0,0,0.0,eu,,,,,,,,,,,,,,,,,,,,,,,,,,,,,,,,,,,,,,,,,,,,,,,,,,,,,,,,,,,,,,,,,,,,,,,,,,,,,,,,,,,,,,,,,,,,,,,,,,,,,,,,,,,,,,,,,,,,,,,,,,,,,,,,,,,,,,,,,,,,,,,,,,,,,,,,,,,,,,,,,,,,,,,,,,,,,,,,,,,,,,,2026,0,0,0.0,0,0.0,0.0,0.0,1970-01-01 00:00:00,Domestic League,0,0,0,0,0,0,0,0,0,0,-1,-1,-1,-1,0,2025/2026,2025,0
France_Ligue_1_2025-2026,Quentin Ndjantou Mbitcha,PSG,Midfielder,18,0,0,France,6,4,10,0,1,1,0.25,2007-07-23,1,0.25,1,3,4,40,3,0,3,0.76,eu,,33.0,0.0,0.0,,2.0,0.0,0.0,0.0,,395177.0,7.0,89.0,0.1,6.17,33.0,62.0,0.25,0.09,1.0,1.0,10.0,44.0,70.0,83.0,17.0,0.51,0.18,2.0,86.0,0.0,33.0,55.0,1.01,0.36,4.0,11.0,355.0,60.0,0.51,0.18,2.0,28.0,0.76,0.27,3.0,78.0,2.28,0.82,94.0,1.52,0.55,66.0,87.0,6.0,9.0,43.0,7.86,2.82,31.0,13.0,2.54,0.91,32.0,10.0,86.0,1.77,0.64,7.0,23.0,0.51,0.18,2.0,3.0,2.0,7.0,94.0,3.0,74.0,87.0,86.0,57.0,80.0,,99.0,0.25,0.09,1.0,36.0,0.51,0.18,2.0,77.0,1.27,0.45,5.0,0.0,23.0,53.0,86.0,63.0,,85.0,0.32,0.11,1.26,84.34,51.0,72.0,42.34,15.18,167.0,73.0,50.2,18.0,198.0,99.0,0.0,0.0,,,0.0,,,,,,,0.0,0.0,,67.87,0.0,,,0.0,0.0,,47,0.0,33.33,57.0,11.11,61.0,6.0,0.76,0.27,3.0,89.0,1.52,0.55,6.0,79.0,0.76,0.27,3.0,86.0,2.28,0.82,0.0,9.0,9.0,15.0,0.51,0.18,99.0,0.0,0.0,,2.0,,,,,91.0,0.29,0.1,1.13,80.0,0.32,0.11,1.26,2026,1,0,0.51,1,0.34,0.0,0.25,2025-12-13 18:00:00,Domestic League,355,355,118,355,36,262,93,355,0,0,-1,18,68,-1,0,2025/2026,2025,1
France_Ligue_1_2025-2026,Wassim Slama,PSG,Midfielder,55,0,0,,0,0,0,0,0,0,0.0,1970-01-01,0,0.0,0,0,0,0,0,0,0,0.0,eu,,,,,,,,,,,,,,,,,,,,,,,,,,,,,,,,,,,,,,,,,,,,,,,,,,,,,,,,,,,,,,,,,,,,,,,,,,,,,,,,,,,,,,,,,,,,,,,,,,,,,,,,,,,,,,,,,,,,,,,,,,,,,,,,,,,,,,,,,,,,,,,,,,,,,,,,,,,,,,,,,,,,,,,,,,,,,,,,,,,,,,,2026,0,0,0.0,0,0.0,0.0,0.0,1970-01-01 00:00:00,Domestic League,0,0,0,0,0,0,0,0,0,0,-1,-1,-1,-1,0,2025/2026,2025,0
France_Ligue_1_2025-2026,Tidiane Devernois,Auxerre,Midfielder,18,0,0,France,0,0,0,0,0,0,0.0,2007-10-18,0,0.0,0,0,0,0,0,0,0,0.0,eu,,,,,,,,,,,,,,,,,,,,,,,,,,,,,,,,,,,,,,,,,,,,,,,,,,,,,,,,,,,,,,,,,,,,,,,,,,,,,,,,,,,,,,,,,,,,,,,,,,,,,,,,,,,,,,,,,,,,,,,,,,,,,,,,,,,,,,,,,,,,,,,,,,,,,,,,,,,,,,,,,,,,,,,,,,,,,,,,,,,,,,,2026,0,0,0.0,0,0.0,0.0,0.0,1970-01-01 00:00:00,Domestic League,0,0,0,0,0,0,0,0,0,0,-1,-1,-1,-1,0,2025/2026,2025,0
France_Ligue_1_2025-2026,Ali Abdi,Nice,Defender,31,183,73,Tunisia,5,3,8,0,0,0,0.0,1970-01-09,3,0.63,0,0,0,0,1,2,3,0.63,eu,,86.0,27.97,14.78,133.0,73.0,1.47,0.78,0.0,7.0,2730000.0,72.0,50.0,0.0,5.78,21.0,31.0,0.0,0.0,,2.0,25.0,86.0,98.0,2.0,69.0,2.31,1.22,11.0,95.0,1209.09,71.0,75.0,2.31,1.22,11.0,9.0,428.0,78.0,0.21,0.11,1.0,64.0,0.42,0.22,2.0,72.0,1.89,1.0,73.0,0.84,0.44,44.0,51.0,4.0,9.0,69.0,10.09,5.33,48.0,79.0,5.47,2.89,54.0,26.0,85.0,1.68,0.89,8.0,73.0,1.47,0.78,7.0,6.0,21.0,2.0,63.0,1.0,44.0,28.0,68.0,57.0,43.0,,76.0,0.0,0.0,,44.0,0.63,0.33,3.0,77.0,1.26,0.67,6.0,0.0,9.0,26.0,95.0,43.0,7.0,10.0,0.0,0.0,0.0,77.86,25.0,24.0,21.45,11.33,102.0,23.0,27.55,14.56,131.0,99.0,0.0,0.0,,,0.0,,,,,,,0.0,0.0,,52.03,0.0,,,0.0,0.0,,2,0.0,0.0,21.0,0.0,46.0,12.0,0.84,0.44,4.0,10.0,0.0,0.0,,21.0,0.0,0.0,,8.0,0.0,0.0,0.0,0.0,,61.0,1.68,0.89,99.0,0.0,0.0,,8.0,,,,,24.0,0.09,0.05,0.45,9.0,0.0,0.0,0.0,2026,0,0,0.0,0,0.0,0.0,0.0,2025-12-07 14:00:00,Domestic League,0,143,143,0,54,270,158,428,0,0,-1,12,209,8,1,2025/2026,2025,3
France_Ligue_1_2025-2026,Nanitamo Jonathan Ikoné,Paris,Midfielder,27,0,0,France,3,5,8,0,0,0,0.0,1970-01-11,1,0.4,1,1,2,25,0,4,4,1.59,eu,,94.0,39.82,12.5,100.0,2.0,0.0,0.0,0.0,,2050000.0,60.0,50.0,0.0,6.63,51.0,31.0,0.0,0.0,,1.0,12.0,50.0,88.0,49.0,30.0,0.8,0.25,2.0,23.0,5000.0,97.0,50.0,0.8,0.25,2.0,8.0,226.0,40.0,0.8,0.25,2.0,2.0,1.59,0.5,4.0,91.0,3.19,1.0,96.0,1.99,0.62,62.0,79.0,5.0,8.0,73.0,10.35,3.25,26.0,53.0,4.38,1.38,42.0,11.0,79.0,1.59,0.5,4.0,38.0,0.8,0.25,2.0,2.0,,6.0,89.0,2.0,60.0,28.0,68.0,57.0,43.0,,76.0,0.0,0.0,,25.0,0.4,0.12,1.0,86.0,1.59,0.5,4.0,0.0,9.0,36.0,26.0,43.0,,51.0,0.1,0.03,0.24,88.06,74.0,29.0,23.5,7.38,59.0,21.0,26.68,8.38,67.0,99.0,0.0,0.0,,,0.0,,,,,,,0.0,0.0,,53.01,0.0,,,0.0,0.0,,93,0.0,25.0,41.0,0.0,46.0,65.0,1.59,0.5,4.0,80.0,1.19,0.38,3.0,63.0,0.4,0.12,1.0,72.0,1.59,0.5,0.0,0.0,4.0,74.0,1.99,0.62,99.0,0.0,0.0,,5.0,,,,,41.0,0.12,0.04,0.31,49.0,0.1,0.03,0.24,2026,0,0,0.0,0,0.0,0.0,0.0,2025-12-13 20:05:00,Domestic League,0,226,57,0,28,64,162,226,0,0,-1,25,-1,-1,0,2025/2026,2025,1
France_Ligue_1_2025-2026,Marius Louãr,Angers SCO,Midfielder,18,0,0,France,0,1,1,0,0,0,0.0,2007-03-11,0,0.0,0,0,0,0,0,0,0,0.0,eu,,99.0,409.09,10.0,50.0,2.0,0.0,0.0,0.0,,186000.0,2.0,50.0,0.0,1.32,,31.0,0.0,0.0,,,,26.0,23.0,2.0,99.0,8.18,0.2,1.0,99.0,2500.0,89.0,99.0,16.36,0.4,2.0,5.0,11.0,99.0,0.0,0.0,,99.0,0.0,0.0,,9.0,0.0,0.0,11.0,0.0,0.0,0.0,11.0,,,,0.0,0.0,,,0.0,0.0,0.0,,7.0,0.0,0.0,,2.0,0.0,0.0,,,,1.0,48.0,,18.0,28.0,68.0,57.0,43.0,,76.0,0.0,0.0,,7.0,0.0,0.0,,99.0,8.18,0.2,1.0,0.0,,23.0,,43.0,,10.0,0.0,0.0,0.0,90.0,83.0,95.0,73.64,1.8,9.0,96.0,81.82,2.0,10.0,99.0,0.0,0.0,,,0.0,,,,,,,0.0,0.0,,6.61,0.0,,,0.0,0.0,,20,0.0,0.0,21.0,0.0,46.0,,0.0,0.0,,10.0,0.0,0.0,,21.0,0.0,0.0,,8.0,0.0,0.0,0.0,0.0,,5.0,0.0,0.0,99.0,0.0,0.0,,,,,,,99.0,0.41,0.01,0.05,9.0,0.0,0.0,0.0,2026,0,0,0.0,0,0.0,0.0,0.0,1970-01-01 00:00:00,Domestic League,0,0,0,0,11,0,11,11,0,0,-1,10,-1,-1,0,2025/2026,2025,0
France_Ligue_1_2025-2026,Thomas Sajous,Lille,Goalkeeper,55,0,0,,0,0,0,0,0,0,0.0,1970-01-01,0,0.0,0,0,0,0,0,0,0,0.0,eu,,,,,,,,,,,,,,,,,,,,,,,,,,,,,,,,,,,,,,,,,,,,,,,,,,,,,,,,,,,,,,,,,,,,,,,,,,,,,,,,,,,,,,,,,,,,,,,,,,,,,,,,,,,,,,,,,,,,,,,,,,,,,,,,,,,,,,,,,,,,,,,,,,,,,,,,,,,,,,,,,,,,,,,,,,,,,,,,,,,,,,,2026,0,0,0.0,0,0.0,0.0,0.0,1970-01-01 00:00:00,Domestic League,0,0,0,0,0,0,0,0,0,0,-1,-1,-1,-1,0,2025/2026,2025,0
France_Ligue_1_2025-2026,Jhoanner Stalin Chávez Quintero,Lens,Defender,23,0,0,Ecuador,0,0,0,0,0,0,0.0,2002-04-25,0,0.0,0,0,0,0,0,0,0,0.0,eu,,,,,,,,,,,,,,,,,,,,,,,,,,,,,,,,,,,,,,,,,,,,,,,,,,,,,,,,,,,,,,,,,,,,,,,,,,,,,,,,,,,,,,,,,,,,,,,,,,,,,,,,,,,,,,,,,,,,,,,,,,,,,,,,,,,,,,,,,,,,,,,,,,,,,,,,,,,,,,,,,,,,,,,,,,,,,,,,,,,,,,,2026,0,0,0.0,0,0.0,0.0,0.0,1970-01-01 00:00:00,Domestic League,0,0,0,0,0,0,0,0,0,0,-1,-1,-1,-1,0,2025/2026,2025,0
France_Ligue_1_2025-2026,Ibrahim Yayiya Kanté,Brest,Midfielder,18,0,0,France,0,0,0,0,0,0,0.0,2007-04-11,0,0.0,0,0,0,0,0,0,0,0.0,eu,,,,,,,,,,,,,,,,,,,,,,,,,,,,,,,,,,,,,,,,,,,,,,,,,,,,,,,,,,,,,,,,,,,,,,,,,,,,,,,,,,,,,,,,,,,,,,,,,,,,,,,,,,,,,,,,,,,,,,,,,,,,,,,,,,,,,,,,,,,,,,,,,,,,,,,,,,,,,,,,,,,,,,,,,,,,,,,,,,,,,,,2026,0,0,0.0,0,0.0,0.0,0.0,1970-01-01 00:00:00,Domestic League,0,0,0,0,0,0,0,0,0,0,-1,-1,-1,-1,0,2025/2026,2025,0
France_Ligue_1_2025-2026,Sacha Ziani,Nantes,Midfielder,22,0,0,France,0,0,0,0,0,0,0.0,2003-08-07,0,0.0,0,0,0,0,0,0,0,0.0,eu,,,,,,,,,,,,,,,,,,,,,,,,,,,,,,,,,,,,,,,,,,,,,,,,,,,,,,,,,,,,,,,,,,,,,,,,,,,,,,,,,,,,,,,,,,,,,,,,,,,,,,,,,,,,,,,,,,,,,,,,,,,,,,,,,,,,,,,,,,,,,,,,,,,,,,,,,,,,,,,,,,,,,,,,,,,,,,,,,,,,,,,2026,0,0,0.0,0,0.0,0.0,0.0,1970-01-01 00:00:00,Domestic League,0,0,0,0,0,0,0,0,0,0,-1,-1,-1,-1,0,2025/2026,2025,0
France_Ligue_1_2025-2026,Stephan Zagadou,Le Havre,Defender,55,0,0,,0,1,1,0,0,0,0.0,1970-01-01,0,0.0,0,1,1,100,0,0,0,0.0,eu,,33.0,0.0,0.0,,70.0,1.38,0.17,0.0,1.0,162000.0,2.0,50.0,0.0,1.11,,31.0,0.0,0.0,,,,26.0,23.0,99.0,77.0,2.77,0.33,2.0,99.0,0.0,33.0,17.0,0.0,0.0,,6.0,65.0,99.0,0.0,0.0,,99.0,0.0,0.0,,9.0,0.0,0.0,11.0,0.0,0.0,0.0,11.0,,,50.0,8.31,1.0,6.0,14.0,2.77,0.33,33.0,2.0,7.0,0.0,0.0,,2.0,0.0,0.0,,1.0,,,25.0,2.0,60.0,28.0,68.0,57.0,43.0,,76.0,0.0,0.0,,7.0,0.0,0.0,,7.0,0.0,0.0,,0.0,,23.0,,43.0,,10.0,0.0,0.0,0.0,92.59,92.0,56.0,34.62,4.17,25.0,46.0,37.38,4.5,27.0,99.0,0.0,0.0,,,0.0,,,,,,,0.0,0.0,,6.66,0.0,,,0.0,0.0,,29,0.0,0.0,21.0,0.0,46.0,,0.0,0.0,,10.0,0.0,0.0,,21.0,0.0,0.0,,8.0,0.0,0.0,0.0,0.0,,46.0,1.38,0.17,99.0,0.0,0.0,,1.0,,,,,14.0,0.07,0.01,0.05,9.0,0.0,0.0,0.0,2026,0,0,0.0,0,0.0,0.0,0.0,2025-10-29 18:00:00,Domestic League,0,0,0,0,65,0,65,65,0,0,-1,9,-1,-1,0,2025/2026,2025,0
France_Ligue_1_2025-2026,Ayoube Akabou,Rennes,Goalkeeper,55,0,0,Morocco,0,0,0,0,0,0,0.0,1970-01-01,0,0.0,0,0,0,0,0,0,0,0.0,eu,,,,,,,,,,,,,,,,,,,,,,,,,,,,,,,,,,,,,,,,,,,,,,,,,,,,,,,,,,,,,,,,,,,,,,,,,,,,,,,,,,,,,,,,,,,,,,,,,,,,,,,,,,,,,,,,,,,,,,,,,,,,,,,,,,,,,,,,,,,,,,,,,,,,,,,,,,,,,,,,,,,,,,,,,,,,,,,,,,,,,,,2026,0,0,0.0,0,0.0,0.0,0.0,1970-01-01 00:00:00,Domestic League,0,0,0,0,0,0,0,0,0,0,-1,-1,-1,-1,0,2025/2026,2025,0
France_Ligue_1_2025-2026,Matthias Wamu Oyatambwe,Monaco,Midfielder,17,0,0,Belgium,0,0,0,0,0,0,0.0,2008-10-22,0,0.0,0,0,0,0,0,0,0,0.0,eu,,,,,,,,,,,,,,,,,,,,,,,,,,,,,,,,,,,,,,,,,,,,,,,,,,,,,,,,,,,,,,,,,,,,,,,,,,,,,,,,,,,,,,,,,,,,,,,,,,,,,,,,,,,,,,,,,,,,,,,,,,,,,,,,,,,,,,,,,,,,,,,,,,,,,,,,,,,,,,,,,,,,,,,,,,,,,,,,,,,,,,,2026,0,0,0.0,0,0.0,0.0,0.0,1970-01-01 00:00:00,Domestic League,0,0,0,0,0,0,0,0,0,0,-1,-1,-1,-1,0,2025/2026,2025,0
France_Ligue_1_2025-2026,Bradel Kiwa,Monaco,Midfielder,0,0,0,France,0,0,0,0,0,0,0.0,1970-01-01,0,0.0,0,0,0,0,0,0,0,0.0,eu,,,,,,,,,,,,,,,,,,,,,,,,,,,,,,,,,,,,,,,,,,,,,,,,,,,,,,,,,,,,,,,,,,,,,,,,,,,,,,,,,,,,,,,,,,,,,,,,,,,,,,,,,,,,,,,,,,,,,,,,,,,,,,,,,,,,,,,,,,,,,,,,,,,,,,,,,,,,,,,,,,,,,,,,,,,,,,,,,,,,,,,2026,0,0,0.0,0,0.0,0.0,0.0,1970-01-01 00:00:00,Domestic League,0,0,0,0,0,0,0,0,0,0,-1,-1,-1,-1,0,2025/2026,2025,0
France_Ligue_1_2025-2026,Loubadhe Abakar Sylla,Strasbourg,Defender,22,183,0,Ivory Coast,0,0,0,0,0,0,0.0,2002-12-25,0,0.0,0,0,0,0,0,0,0,0.0,eu,,,,,,,,,,,,,,,,,,,,,,,,,,,,,,,,,,,,,,,,,,,,,,,,,,,,,,,,,,,,,,,,,,,,,,,,,,,,,,,,,,,,,,,,,,,,,,,,,,,,,,,,,,,,,,,,,,,,,,,,,,,,,,,,,,,,,,,,,,,,,,,,,,,,,,,,,,,,,,,,,,,,,,,,,,,,,,,,,,,,,,,2026,0,0,0.0,0,0.0,0.0,0.0,1970-01-01 00:00:00,Domestic League,0,0,0,0,0,0,0,0,0,0,-1,-1,-1,-1,0,2025/2026,2025,0
France_Ligue_1_2025-2026,Julio César Enciso Espínola,Strasbourg,Midfielder,21,173,64,Paraguay,5,3,8,0,0,0,0.0,2004-01-23,1,0.17,0,2,2,25,9,2,11,1.88,eu,,52.0,12.44,8.11,73.0,31.0,0.51,0.33,0.0,3.0,3190000.0,75.0,50.0,0.0,6.01,29.0,31.0,0.0,0.0,,1.0,12.0,50.0,48.0,49.0,27.0,0.68,0.44,4.0,9.0,811.11,55.0,65.0,1.53,1.0,9.0,9.0,528.0,2.0,2.22,1.44,13.0,56.0,0.51,0.33,3.0,99.0,5.8,3.78,99.0,3.24,2.11,55.0,71.0,19.0,34.0,93.0,13.64,8.89,80.0,96.0,7.16,4.67,52.0,42.0,20.0,0.68,0.44,4.0,98.0,2.73,1.78,16.0,6.0,21.0,2.0,63.0,5.0,94.0,28.0,68.0,57.0,43.0,,76.0,0.0,0.0,,23.0,0.34,0.22,2.0,45.0,0.68,0.44,4.0,0.0,9.0,76.0,9.0,43.0,16.0,72.0,0.22,0.14,1.29,85.92,60.0,46.0,31.19,20.33,183.0,44.0,36.31,23.67,213.0,99.0,0.0,0.0,,,0.0,,,,,,,0.0,0.0,,54.11,0.0,,,0.0,0.0,,19,0.0,33.33,57.0,0.0,46.0,81.0,1.88,1.22,11.0,97.0,2.05,1.33,12.0,89.0,1.02,0.67,6.0,95.0,3.07,2.0,0.0,0.0,18.0,24.0,0.85,0.56,99.0,0.0,0.0,,5.0,,,,,24.0,0.09,0.06,0.5,70.0,0.22,0.14,1.29,2026,0,0,0.0,0,0.0,0.0,0.0,2025-12-06 18:00:00,Domestic League,0,528,48,0,66,344,184,528,0,0,-1,24,237,-1,0,2025/2026,2025,1
France_Ligue_1_2025-2026,Tanguy NDombèlé Alvaro,Nice,Midfielder,28,181,76,France,0,1,1,0,0,0,0.0,1970-01-10,0,0.0,0,0,0,0,0,0,0,0.0,eu,,33.0,0.0,0.0,,2.0,0.0,0.0,0.0,,3640000.0,82.0,50.0,0.0,1.45,,31.0,0.0,0.0,,,,26.0,23.0,2.0,2.0,0.0,0.0,,99.0,0.0,33.0,17.0,0.0,0.0,,5.0,13.0,99.0,0.0,0.0,,99.0,0.0,0.0,,99.0,6.92,0.2,99.0,6.92,0.2,100.0,99.0,1.0,1.0,95.0,13.85,0.4,2.0,99.0,13.85,0.4,100.0,2.0,7.0,0.0,0.0,,99.0,6.92,0.2,1.0,,,1.0,48.0,,18.0,28.0,68.0,57.0,43.0,,76.0,0.0,0.0,,7.0,0.0,0.0,,99.0,6.92,0.2,1.0,0.0,,23.0,,43.0,,99.0,0.97,0.03,0.14,87.5,70.0,80.0,48.46,1.4,7.0,79.0,55.38,1.6,8.0,99.0,0.0,0.0,,,0.0,,,,,,,0.0,0.0,,7.25,0.0,,,0.0,0.0,,22,0.0,100.0,99.0,0.0,46.0,,0.0,0.0,,10.0,0.0,0.0,,99.0,6.92,0.2,1.0,99.0,6.92,0.2,0.0,0.0,1.0,5.0,0.0,0.0,99.0,0.0,0.0,,,,,,,97.0,0.35,0.01,0.05,99.0,0.97,0.03,0.14,2026,0,0,0.0,0,0.0,0.0,0.0,1970-01-01 00:00:00,Domestic League,0,0,0,0,13,0,13,13,0,0,-1,25,-1,-1,0,2025/2026,2025,0
France_Ligue_1_2025-2026,Mohamed Amine Sbai,Angers SCO,Forward,0,0,0,France,4,5,9,0,1,1,0.14,1970-01-01,1,0.14,2,2,4,44,2,3,5,0.7,eu,,63.0,17.62,14.0,112.0,9.0,0.16,0.12,0.0,1.0,205564.0,3.0,73.0,0.11,6.84,69.0,31.0,0.0,0.0,,1.0,11.0,46.0,41.0,88.0,2.0,0.0,0.0,,91.0,430.77,40.0,89.0,4.09,3.25,26.0,8.0,572.0,2.0,2.2,1.75,14.0,47.0,0.63,0.5,4.0,99.0,5.98,4.75,99.0,2.67,2.12,44.0,52.0,17.0,38.0,89.0,12.9,10.25,82.0,70.0,5.03,4.0,39.0,32.0,60.0,1.26,1.0,8.0,30.0,0.63,0.5,4.0,8.0,36.0,1.0,48.0,1.0,44.0,48.0,68.0,57.0,43.0,,76.0,0.0,0.0,,34.0,0.47,0.38,3.0,92.0,1.89,1.5,12.0,0.0,15.0,85.0,91.0,43.0,27.0,61.0,0.14,0.11,0.86,71.43,7.0,28.0,22.81,18.12,145.0,32.0,31.94,25.38,203.0,99.0,0.0,0.0,,,0.0,,,,,,,0.0,0.0,,54.7,0.0,,,0.0,0.0,,7,0.0,60.0,93.0,0.0,46.0,7.0,0.79,0.62,5.0,53.0,0.63,0.5,4.0,85.0,0.94,0.75,6.0,72.0,1.57,1.25,0.0,0.0,10.0,65.0,1.73,1.38,99.0,0.0,0.0,,11.0,,,,,75.0,0.2,0.16,1.3,59.0,0.14,0.11,0.86,2026,0,0,0.14,0,0.0,0.0,0.0,2025-12-12 19:45:00,Domestic League,643,643,129,0,71,254,389,643,0,0,-1,9,233,-1,0,2025/2026,2025,1
France_Ligue_1_2025-2026,Djibirin Harouna,Angers SCO,Forward,55,0,0,Cameroon,4,4,8,0,0,0,0.0,1970-01-01,1,0.7,2,1,3,38,1,1,2,1.4,eu,,33.0,0.0,0.0,,97.0,3.05,0.5,0.0,4.0,34652.0,1.0,50.0,0.0,5.88,24.0,31.0,0.0,0.0,,1.0,12.0,50.0,99.0,80.0,85.0,3.81,0.62,5.0,37.0,0.0,33.0,49.0,0.76,0.12,1.0,8.0,118.0,42.0,0.76,0.12,1.0,,4.58,0.75,6.0,98.0,5.34,0.88,94.0,1.53,0.25,28.0,21.0,2.0,7.0,99.0,21.36,3.5,28.0,94.0,6.86,1.12,32.0,9.0,99.0,3.05,0.5,4.0,94.0,2.29,0.38,3.0,,,8.0,97.0,,18.0,99.0,68.0,99.0,99.0,,99.0,0.76,0.12,1.0,93.0,1.53,0.25,2.0,49.0,0.76,0.12,1.0,0.0,9.0,24.0,40.0,43.0,,99.0,1.22,0.2,1.6,75.0,17.0,13.0,16.02,2.62,21.0,12.0,21.36,3.5,28.0,99.0,0.0,0.0,,,0.0,,,,,,,0.0,0.0,,47.04,0.0,,,0.0,0.0,,31,0.0,60.0,93.0,40.0,98.0,63.0,1.53,0.25,2.0,90.0,1.53,0.25,2.0,99.0,2.29,0.38,3.0,99.0,3.81,0.62,0.0,2.5,5.0,21.0,0.76,0.12,99.0,0.0,0.0,,1.0,,,,,14.0,0.07,0.01,0.09,99.0,1.22,0.2,1.6,2026,0,2,1.4,2,0.0,3.46,1.4,1970-01-01 00:00:00,Domestic League,0,129,65,65,16,77,52,129,0,0,-1,3,-1,-1,0,2025/2026,2025,1
France_Ligue_1_2025-2026,Nathaniel Adjei,Lorient,Defender,23,0,0,Ghana,1,1,2,0,0,0,0.0,2002-08-21,0,0.0,0,0,0,0,0,0,0,0.0,eu,,33.0,0.0,0.0,,2.0,0.0,0.0,0.0,,1140000.0,38.0,50.0,0.0,1.62,,31.0,0.0,0.0,,,,26.0,23.0,2.0,2.0,0.0,0.0,,99.0,0.0,33.0,17.0,0.0,0.0,,8.0,6.0,99.0,0.0,0.0,,99.0,0.0,0.0,,9.0,0.0,0.0,11.0,0.0,0.0,0.0,11.0,,,,0.0,0.0,,,0.0,0.0,0.0,,7.0,0.0,0.0,,2.0,0.0,0.0,,,,2.0,63.0,,18.0,28.0,68.0,57.0,43.0,,76.0,0.0,0.0,,7.0,0.0,0.0,,7.0,0.0,0.0,,0.0,,23.0,,43.0,,10.0,0.0,0.0,0.0,100.0,99.0,96.0,75.0,0.62,5.0,93.0,75.0,0.62,5.0,99.0,0.0,0.0,,,0.0,,,,,,,0.0,0.0,,12.96,0.0,,,0.0,0.0,,32,0.0,0.0,21.0,0.0,46.0,,0.0,0.0,,10.0,0.0,0.0,,21.0,0.0,0.0,,8.0,0.0,0.0,0.0,0.0,,5.0,0.0,0.0,99.0,0.0,0.0,,,,,,,54.0,0.15,0.0,0.01,9.0,0.0,0.0,0.0,2026,0,0,0.0,0,0.0,0.0,0.0,1970-01-01 00:00:00,Domestic League,0,0,0,0,3,0,5,5,0,0,-1,23,-1,-1,0,2025/2026,2025,0
France_Ligue_1_2025-2026,Lucas Tousart,Brest,Midfielder,28,184,83,France,5,4,9,0,0,0,0.0,1970-01-10,0,0.0,0,2,2,22,4,1,5,1.61,eu,,90.0,32.14,11.11,100.0,66.0,1.29,0.44,0.0,4.0,2500000.0,67.0,50.0,0.0,6.63,51.0,31.0,0.0,0.0,,,,26.0,23.0,42.0,74.0,2.57,0.89,8.0,22.0,9999.99,99.0,31.0,0.32,0.11,1.0,9.0,280.0,49.0,0.64,0.22,2.0,2.0,1.61,0.56,5.0,31.0,0.64,0.22,34.0,0.32,0.11,50.0,65.0,1.0,2.0,92.0,13.5,4.67,42.0,92.0,6.43,2.22,47.0,20.0,99.0,2.89,1.0,9.0,31.0,0.64,0.22,2.0,2.0,,7.0,94.0,4.0,87.0,28.0,68.0,57.0,43.0,,76.0,0.0,0.0,,95.0,1.61,0.56,5.0,27.0,0.32,0.11,1.0,0.0,15.0,23.0,23.0,43.0,,54.0,0.11,0.04,0.35,86.0,61.0,38.0,27.64,9.56,86.0,33.0,32.14,11.11,100.0,99.0,0.0,0.0,,,0.0,,1.0,,,,,0.0,0.0,,59.66,0.0,,,0.0,0.0,,24,0.0,66.67,95.0,0.0,46.0,82.0,1.93,0.67,6.0,30.0,0.32,0.11,1.0,75.0,0.64,0.22,2.0,53.0,0.96,0.33,0.0,0.0,3.0,99.0,4.18,1.44,99.0,0.0,0.0,,13.0,,,,,18.0,0.08,0.03,0.24,52.0,0.11,0.04,0.35,2026,0,0,0.0,0,0.0,0.0,0.0,2025-11-02 19:45:00,Domestic League,0,0,56,0,31,167,113,280,0,0,-1,25,182,-1,0,2025/2026,2025,0
France_Ligue_1_2025-2026,Joel Asoro,Metz,Midfielder,26,176,70,Sweden,4,2,6,0,0,0,0.0,1970-01-11,0,0.0,1,0,1,17,4,1,5,2.22,eu,,97.0,44.12,12.5,100.0,69.0,1.32,0.38,0.0,3.0,1140000.0,38.0,50.0,0.0,3.22,1.0,31.0,0.0,0.0,,,,26.0,23.0,29.0,15.0,0.44,0.12,1.0,2.0,9999.99,99.0,39.0,0.44,0.12,1.0,8.0,204.0,99.0,0.0,0.0,,61.0,0.44,0.12,1.0,70.0,1.76,0.5,45.0,0.44,0.12,25.0,16.0,1.0,4.0,51.0,8.38,2.38,19.0,10.0,2.21,0.62,26.0,5.0,34.0,0.88,0.25,2.0,20.0,0.44,0.12,1.0,2.0,,4.0,81.0,5.0,94.0,28.0,68.0,57.0,43.0,,76.0,0.0,0.0,,7.0,0.0,0.0,,32.0,0.44,0.12,1.0,0.0,3.0,23.0,3.0,43.0,,54.0,0.11,0.03,0.24,60.61,1.0,1.0,8.82,2.5,20.0,2.0,14.56,4.12,33.0,99.0,0.0,0.0,,,0.0,,,,,,,0.0,0.0,,25.74,0.0,,,0.0,0.0,,99,0.0,25.0,41.0,0.0,46.0,89.0,2.21,0.62,5.0,83.0,1.32,0.38,3.0,65.0,0.44,0.12,1.0,74.0,1.76,0.5,0.0,0.0,4.0,12.0,0.44,0.12,99.0,0.0,0.0,,1.0,,,,,,0.03,0.01,0.07,52.0,0.11,0.03,0.24,2026,0,0,0.0,0,0.0,0.0,0.0,2025-12-07 16:15:00,Domestic League,0,0,41,0,34,130,73,203,0,0,-1,15,-1,-1,0,2025/2026,2025,0
France_Ligue_1_2025-2026,Fabien Centonze,Nantes,Defender,29,182,82,France,4,2,6,0,0,0,0.0,1970-01-10,1,0.8,0,0,0,0,3,0,3,2.39,eu,,99.0,72.58,12.5,100.0,2.0,0.0,0.0,0.0,,2050000.0,60.0,50.0,0.0,3.23,1.0,31.0,0.0,0.0,,1.0,17.0,67.0,99.0,2.0,89.0,4.35,0.75,6.0,2.0,3333.33,92.0,72.0,2.18,0.38,3.0,8.0,124.0,99.0,0.0,0.0,,99.0,0.0,0.0,,99.0,7.98,1.38,97.0,2.18,0.38,27.0,17.0,3.0,11.0,99.0,18.15,3.12,25.0,99.0,8.71,1.5,48.0,12.0,99.0,2.9,0.5,4.0,72.0,1.45,0.25,2.0,1.0,,5.0,85.0,,18.0,96.0,99.0,57.0,99.0,,76.0,0.0,0.0,,99.0,4.35,0.75,6.0,7.0,0.0,0.0,,0.0,3.0,24.0,2.0,44.0,,98.0,0.59,0.1,0.81,70.45,5.0,27.0,22.5,3.88,31.0,32.0,31.94,5.5,44.0,99.0,0.0,0.0,,,0.0,,,,,,,0.0,0.0,,25.84,0.0,,,0.0,0.0,,18,0.0,33.33,57.0,33.33,97.0,97.0,4.35,0.75,6.0,88.0,1.45,0.25,2.0,78.0,0.73,0.12,1.0,83.0,2.18,0.38,0.0,3.0,3.0,99.0,5.08,0.88,99.0,0.0,0.0,,7.0,,,,,4.0,0.04,0.01,0.06,95.0,0.59,0.1,0.81,2026,1,0,0.8,1,0.94,0.0,0.8,2025-12-12 19:45:00,Domestic League,0,113,38,113,19,96,17,113,0,0,-1,6,-1,-1,0,2025/2026,2025,1
France_Ligue_1_2025-2026,Lucas Michal,Monaco,Forward,20,0,0,France,1,1,2,0,0,0,0.0,2005-06-22,0,0.0,0,0,0,0,0,1,1,1.58,eu,,33.0,0.0,0.0,,98.0,3.16,0.33,0.0,2.0,430000.0,8.0,50.0,0.0,2.23,,31.0,0.0,0.0,,,,26.0,23.0,2.0,80.0,3.16,0.33,2.0,24.0,0.0,33.0,92.0,4.74,0.5,3.0,6.0,57.0,99.0,0.0,0.0,,99.0,0.0,0.0,,67.0,1.58,0.17,94.0,1.58,0.17,100.0,99.0,1.0,1.0,95.0,14.21,1.5,9.0,91.0,6.32,0.67,44.0,4.0,99.0,3.16,0.33,2.0,77.0,1.58,0.17,1.0,,,2.0,63.0,,18.0,28.0,68.0,57.0,43.0,,76.0,0.0,0.0,,7.0,0.0,0.0,,7.0,0.0,0.0,,0.0,,23.0,26.0,43.0,,45.0,0.08,0.01,0.05,88.46,76.0,59.0,36.32,3.83,23.0,56.0,41.05,4.33,26.0,99.0,0.0,0.0,,,0.0,,,,,,,0.0,0.0,,13.35,0.0,,,0.0,0.0,,21,0.0,0.0,21.0,0.0,46.0,64.0,1.58,0.17,1.0,90.0,1.58,0.17,1.0,21.0,0.0,0.0,,72.0,1.58,0.17,0.0,0.0,1.0,5.0,0.0,0.0,99.0,0.0,0.0,,,,,,,18.0,0.08,0.01,0.05,43.0,0.08,0.01,0.05,2026,0,0,0.0,0,0.0,0.0,0.0,1970-01-01 00:00:00,Domestic League,0,0,57,0,29,13,44,57,0,0,-1,13,-1,-1,0,2025/2026,2025,0
France_Ligue_1_2025-2026,Believe Munongo,Metz,Forward,55,0,0,France,0,0,0,0,0,0,0.0,1970-01-01,0,0.0,0,0,0,0,0,0,0,0.0,eu,,,,,,,,,,,,,,,,,,,,,,,,,,,,,,,,,,,,,,,,,,,,,,,,,,,,,,,,,,,,,,,,,,,,,,,,,,,,,,,,,,,,,,,,,,,,,,,,,,,,,,,,,,,,,,,,,,,,,,,,,,,,,,,,,,,,,,,,,,,,,,,,,,,,,,,,,,,,,,,,,,,,,,,,,,,,,,,,,,,,,,,2026,0,0,0.0,0,0.0,0.0,0.0,1970-01-01 00:00:00,Domestic League,0,0,0,0,0,0,0,0,0,0,-1,-1,-1,-1,0,2025/2026,2025,0
France_Ligue_1_2025-2026,Sinaly Diomande,Auxerre,Defender,24,184,74,Ivory Coast,2,3,5,0,0,0,0.0,1970-01-12,2,0.42,0,1,1,20,4,2,6,1.26,eu,,33.0,0.0,0.0,,50.0,0.84,0.67,0.0,4.0,1360000.0,44.0,50.0,0.0,5.64,18.0,57.0,0.21,0.17,1.0,1.0,20.0,77.0,91.0,38.0,84.0,3.57,2.83,17.0,48.0,0.0,33.0,17.0,0.0,0.0,,6.0,429.0,78.0,0.21,0.17,1.0,47.0,0.63,0.5,3.0,23.0,0.42,0.33,43.0,0.42,0.33,100.0,99.0,2.0,2.0,8.0,4.62,3.67,22.0,13.0,2.52,2.0,54.0,12.0,41.0,1.05,0.83,5.0,41.0,0.84,0.67,4.0,5.0,13.0,,25.0,2.0,60.0,58.0,96.0,57.0,73.0,,76.0,0.0,0.0,,97.0,1.89,1.5,9.0,7.0,0.0,0.0,,0.0,1.0,34.0,49.0,71.0,7.0,61.0,0.14,0.11,0.68,94.59,98.0,60.0,36.71,29.17,175.0,51.0,38.81,30.83,185.0,99.0,0.0,0.0,,,0.0,,,,,,,0.0,0.0,,33.85,0.0,,,0.0,0.0,,20,0.0,100.0,99.0,100.0,99.0,43.0,1.26,1.0,6.0,10.0,0.0,0.0,,41.0,0.21,0.17,1.0,15.0,0.21,0.17,0.0,1.0,1.0,23.0,0.84,0.67,99.0,0.0,0.0,,4.0,,,,,18.0,0.08,0.07,0.4,59.0,0.14,0.11,0.68,2026,1,0,0.21,1,0.57,0.0,0.21,2025-12-07 16:15:00,Domestic League,0,215,72,429,86,159,270,429,0,0,-1,4,92,60,1,2025/2026,2025,2
France_Ligue_1_2025-2026,Romain Jean-Baptiste,Metz,Goalkeeper,19,0,0,France,0,0,0,0,0,0,0.0,2006-02-21,0,0.0,0,0,0,0,0,0,0,0.0,eu,,,,,,,,,,,,,,,,,,,,,,,,,,,,,,,,,,,,,,,,,,,,,,,,,,,,,,,,,,,,,,,,,,,,,,,,,,,,,,,,,,,,,,,,,,,,,,,,,,,,,,,,,,,,,,,,,,,,,,,,,,,,,,,,,,,,,,,,,,,,,,,,,,,,,,,,,,,,,,,,,,,,,,,,,,,,,,,,,,,,,,,2026,0,0,0.0,0,0.0,0.0,0.0,1970-01-01 00:00:00,Domestic League,0,0,0,0,0,0,0,0,0,0,-1,-1,-1,-1,0,2025/2026,2025,0
France_Ligue_1_2025-2026,Yannis Lawson,Metz,Defender,55,179,0,,0,0,0,0,0,0,0.0,1970-01-01,0,0.0,0,0,0,0,0,0,0,0.0,eu,,,,,,,,,,,,,,,,,,,,,,,,,,,,,,,,,,,,,,,,,,,,,,,,,,,,,,,,,,,,,,,,,,,,,,,,,,,,,,,,,,,,,,,,,,,,,,,,,,,,,,,,,,,,,,,,,,,,,,,,,,,,,,,,,,,,,,,,,,,,,,,,,,,,,,,,,,,,,,,,,,,,,,,,,,,,,,,,,,,,,,,2026,0,0,0.0,0,0.0,0.0,0.0,1970-01-01 00:00:00,Domestic League,0,0,0,0,0,0,0,0,0,0,-1,-1,-1,-1,0,2025/2026,2025,0
France_Ligue_1_2025-2026,Adam Delplace,Lens,Midfielder,19,0,0,France,0,0,0,0,0,0,0.0,2006-09-03,0,0.0,0,0,0,0,0,0,0,0.0,eu,,,,,,,,,,,,,,,,,,,,,,,,,,,,,,,,,,,,,,,,,,,,,,,,,,,,,,,,,,,,,,,,,,,,,,,,,,,,,,,,,,,,,,,,,,,,,,,,,,,,,,,,,,,,,,,,,,,,,,,,,,,,,,,,,,,,,,,,,,,,,,,,,,,,,,,,,,,,,,,,,,,,,,,,,,,,,,,,,,,,,,,2026,0,0,0.0,0,0.0,0.0,0.0,1970-01-01 00:00:00,Domestic League,0,0,0,0,0,0,0,0,0,0,-1,-1,-1,-1,0,2025/2026,2025,0
France_Ligue_1_2025-2026,Yvan Zaddy,Auxerre,Midfielder,0,0,0,Ivory Coast,0,0,0,0,0,0,0.0,1970-01-01,0,0.0,0,0,0,0,0,0,0,0.0,eu,,,,,,,,,,,,,,,,,,,,,,,,,,,,,,,,,,,,,,,,,,,,,,,,,,,,,,,,,,,,,,,,,,,,,,,,,,,,,,,,,,,,,,,,,,,,,,,,,,,,,,,,,,,,,,,,,,,,,,,,,,,,,,,,,,,,,,,,,,,,,,,,,,,,,,,,,,,,,,,,,,,,,,,,,,,,,,,,,,,,,,,2026,0,0,0.0,0,0.0,0.0,0.0,1970-01-01 00:00:00,Domestic League,0,0,0,0,0,0,0,0,0,0,-1,-1,-1,-1,0,2025/2026,2025,0
France_Ligue_1_2025-2026,Tadjidine Mmadi,Olympique Marseille,Midfielder,55,0,0,,1,1,2,0,0,0,0.0,1970-01-01,0,0.0,0,1,1,50,0,0,0,0.0,eu,,33.0,0.0,0.0,,99.0,6.43,0.17,0.0,1.0,5898.0,1.0,50.0,0.0,2.18,,31.0,0.0,0.0,,,,26.0,23.0,94.0,98.0,6.43,0.17,1.0,99.0,0.0,33.0,17.0,0.0,0.0,,6.0,14.0,,6.43,0.17,1.0,99.0,0.0,0.0,,99.0,6.43,0.17,11.0,0.0,0.0,0.0,11.0,,1.0,99.0,32.14,0.83,5.0,99.0,12.86,0.33,40.0,2.0,7.0,0.0,0.0,,2.0,0.0,0.0,,,,2.0,63.0,,18.0,28.0,68.0,57.0,43.0,,76.0,0.0,0.0,,99.0,6.43,0.17,1.0,99.0,6.43,0.17,1.0,0.0,,23.0,,43.0,,10.0,0.0,0.0,0.0,80.0,33.0,83.0,51.43,1.33,8.0,90.0,64.29,1.67,10.0,99.0,0.0,0.0,,,0.0,,,,,,,0.0,0.0,,13.07,0.0,,,0.0,0.0,,76,0.0,0.0,21.0,0.0,46.0,,0.0,0.0,,10.0,0.0,0.0,,21.0,0.0,0.0,,8.0,0.0,0.0,0.0,0.0,,99.0,6.43,0.17,99.0,0.0,0.0,,1.0,,,,,98.0,0.39,0.01,0.06,9.0,0.0,0.0,0.0,2026,0,0,0.0,0,0.0,0.0,0.0,1970-01-01 00:00:00,Domestic League,0,0,0,0,7,10,4,14,0,0,-1,31,-1,-1,0,2025/2026,2025,0
France_Ligue_1_2025-2026,Dan Sinaté,Angers SCO,Defender,55,0,0,France,0,0,0,0,0,0,0.0,1970-01-01,0,0.0,0,0,0,0,0,0,0,0.0,eu,,,,,,,,,,,,,,,,,,,,,,,,,,,,,,,,,,,,,,,,,,,,,,,,,,,,,,,,,,,,,,,,,,,,,,,,,,,,,,,,,,,,,,,,,,,,,,,,,,,,,,,,,,,,,,,,,,,,,,,,,,,,,,,,,,,,,,,,,,,,,,,,,,,,,,,,,,,,,,,,,,,,,,,,,,,,,,,,,,,,,,,2026,0,0,0.0,0,0.0,0.0,0.0,1970-01-01 00:00:00,Domestic League,0,0,0,0,0,0,0,0,0,0,-1,-1,-1,-1,0,2025/2026,2025,0
France_Ligue_1_2025-2026,Killian Prouchet,Paris,Defender,0,0,0,France,0,0,0,0,0,0,0.0,1970-01-01,0,0.0,0,0,0,0,0,0,0,0.0,eu,,,,,,,,,,,,,,,,,,,,,,,,,,,,,,,,,,,,,,,,,,,,,,,,,,,,,,,,,,,,,,,,,,,,,,,,,,,,,,,,,,,,,,,,,,,,,,,,,,,,,,,,,,,,,,,,,,,,,,,,,,,,,,,,,,,,,,,,,,,,,,,,,,,,,,,,,,,,,,,,,,,,,,,,,,,,,,,,,,,,,,,2026,0,0,0.0,0,0.0,0.0,0.0,1970-01-01 00:00:00,Domestic League,0,0,0,0,0,0,0,0,0,0,-1,-1,-1,-1,0,2025/2026,2025,0
France_Ligue_1_2025-2026,Pladi N'Zinga Pambani,Olympique Marseille,Midfielder,55,191,0,France,0,0,0,0,0,0,0.0,1970-01-01,0,0.0,0,0,0,0,0,0,0,0.0,eu,,,,,,,,,,,,,,,,,,,,,,,,,,,,,,,,,,,,,,,,,,,,,,,,,,,,,,,,,,,,,,,,,,,,,,,,,,,,,,,,,,,,,,,,,,,,,,,,,,,,,,,,,,,,,,,,,,,,,,,,,,,,,,,,,,,,,,,,,,,,,,,,,,,,,,,,,,,,,,,,,,,,,,,,,,,,,,,,,,,,,,,2026,0,0,0.0,0,0.0,0.0,0.0,1970-01-01 00:00:00,Domestic League,0,0,0,0,0,0,0,0,0,0,-1,-1,-1,-1,0,2025/2026,2025,0
France_Ligue_1_2025-2026,Lucas Rosier,Rennes,Midfielder,18,0,0,France,0,2,2,0,0,0,0.0,2007-03-12,0,0.0,0,0,0,0,0,0,0,0.0,eu,,,,,,,,,,,,,,,,,,,,,,,,,,,,,,,,,,,,,,,,,,,,,,,,,,,,,,,,,,,,,,,,,,,,,,,,,,,,,,,,,,,,,,,,,,,,,,,,,,,,,,,,,,,,,,,,,,,,,,,,,,,,,,,,,,,,,,,,,,,,,,,,,,,,,,,,,,,,,,,,,,,,,,,,,,,,,,,,,,,,,,,2026,0,0,0.0,0,0.0,0.0,0.0,1970-01-01 00:00:00,Domestic League,0,0,0,0,0,0,0,0,0,0,-1,-1,-1,-1,0,2025/2026,2025,0
France_Ligue_1_2025-2026,Gabriel Kerckaert,Strasbourg,Midfielder,55,0,0,,0,0,0,0,0,0,0.0,1970-01-01,0,0.0,0,0,0,0,0,0,0,0.0,eu,,,,,,,,,,,,,,,,,,,,,,,,,,,,,,,,,,,,,,,,,,,,,,,,,,,,,,,,,,,,,,,,,,,,,,,,,,,,,,,,,,,,,,,,,,,,,,,,,,,,,,,,,,,,,,,,,,,,,,,,,,,,,,,,,,,,,,,,,,,,,,,,,,,,,,,,,,,,,,,,,,,,,,,,,,,,,,,,,,,,,,,2026,0,0,0.0,0,0.0,0.0,0.0,1970-01-01 00:00:00,Domestic League,0,0,0,0,0,0,0,0,0,0,-1,-1,-1,-1,0,2025/2026,2025,0
France_Ligue_1_2025-2026,Boubacar Traoré,Metz,Midfielder,24,183,0,Mali,3,3,6,0,0,0,0.0,1970-01-12,0,0.0,1,0,1,17,2,4,6,1.78,eu,,76.0,22.84,14.29,100.0,91.0,2.51,1.57,0.0,11.0,2050000.0,60.0,50.0,0.0,6.59,49.0,31.0,0.0,0.0,,,,26.0,23.0,29.0,73.0,2.51,1.57,11.0,13.0,9999.99,99.0,29.0,0.23,0.14,1.0,7.0,394.0,6.0,2.06,1.29,9.0,7.0,1.37,0.86,6.0,62.0,1.37,0.86,92.0,1.37,0.86,100.0,99.0,6.0,6.0,90.0,13.25,8.29,58.0,94.0,6.85,4.29,51.0,30.0,48.0,1.14,0.71,5.0,8.0,0.23,0.14,1.0,3.0,2.0,3.0,72.0,5.0,94.0,28.0,68.0,57.0,43.0,,76.0,0.0,0.0,,78.0,1.14,0.71,5.0,21.0,0.23,0.14,1.0,0.0,3.0,23.0,14.0,43.0,,36.0,0.05,0.03,0.24,80.98,37.0,44.0,30.15,18.86,132.0,46.0,37.23,23.29,163.0,99.0,0.0,0.0,,,0.0,,,,,,,0.0,0.0,,46.16,0.0,,,0.0,0.0,,8,0.0,33.33,57.0,0.0,46.0,66.0,1.6,1.0,7.0,41.0,0.46,0.29,2.0,46.0,0.23,0.14,1.0,42.0,0.69,0.43,0.0,0.0,3.0,91.0,2.74,1.71,99.0,0.0,0.0,,12.0,,,,,18.0,0.08,0.05,0.36,35.0,0.05,0.03,0.24,2026,0,0,0.0,0,0.0,0.0,0.0,2025-12-13 18:00:00,Domestic League,0,0,51,0,51,118,186,304,0,0,-1,16,313,-1,0,2025/2026,2025,0
France_Ligue_1_2025-2026,Matthias Da Silva,Olympique Lyonnais,Midfielder,18,0,0,France,0,0,0,0,0,0,0.0,2007-12-01,0,0.0,0,0,0,0,0,0,0,0.0,eu,,,,,,,,,,,,,,,,,,,,,,,,,,,,,,,,,,,,,,,,,,,,,,,,,,,,,,,,,,,,,,,,,,,,,,,,,,,,,,,,,,,,,,,,,,,,,,,,,,,,,,,,,,,,,,,,,,,,,,,,,,,,,,,,,,,,,,,,,,,,,,,,,,,,,,,,,,,,,,,,,,,,,,,,,,,,,,,,,,,,,,,2026,0,0,0.0,0,0.0,0.0,0.0,1970-01-01 00:00:00,Domestic League,0,0,0,0,0,0,0,0,0,0,-1,-1,-1,-1,0,2025/2026,2025,0
France_Ligue_1_2025-2026,Alexis Mirbach,Nantes,Goalkeeper,20,0,0,France,0,0,0,0,0,0,0.0,2005-03-04,0,0.0,0,0,0,0,0,0,0,0.0,eu,,,,,,,,,,,,,,,,,,,,,,,,,,,,,,,,,,,,,,,,,,,,,,,,,,,,,,,,,,,,,,,,,,,,,,,,,,,,,,,,,,,,,,,,,,,,,,,,,,,,,,,,,,,,,,,,,,,,,,,,,,,,,,,,,,,,,,,,,,,,,,,,,,,,,,,,,,,,,,,,,,,,,,,,,,,,,,,,,,,,,,,2026,0,0,0.0,0,0.0,0.0,0.0,1970-01-01 00:00:00,Domestic League,0,0,0,0,0,0,0,0,0,0,-1,-1,-1,-1,0,2025/2026,2025,0
France_Ligue_1_2025-2026,Matias Fernandez-Pardo,Lille,Midfielder,55,183,70,,1,0,1,0,0,0,0.0,1970-01-01,0,0.0,0,0,0,0,2,0,2,2.0,eu,,33.0,0.0,0.0,,2.0,0.0,0.0,0.0,,720000.0,18.0,50.0,0.0,6.46,46.0,31.0,0.0,0.0,,,,26.0,23.0,2.0,2.0,0.0,0.0,,6.0,0.0,33.0,69.0,2.0,2.0,2.0,1.0,90.0,31.0,1.0,1.0,1.0,99.0,0.0,0.0,,74.0,2.0,2.0,79.0,1.0,1.0,50.0,65.0,1.0,2.0,17.0,6.0,6.0,6.0,8.0,2.0,2.0,33.0,2.0,91.0,2.0,2.0,2.0,2.0,0.0,0.0,,1.0,,,25.0,,18.0,28.0,68.0,57.0,43.0,,76.0,0.0,0.0,,70.0,1.0,1.0,1.0,7.0,0.0,0.0,,0.0,,23.0,6.0,43.0,,10.0,0.0,0.0,0.0,75.0,17.0,11.0,15.0,15.0,15.0,10.0,20.0,20.0,20.0,99.0,0.0,0.0,,,0.0,,,,,,,0.0,0.0,,6.46,0.0,,,0.0,0.0,,7,0.0,0.0,21.0,0.0,46.0,83.0,2.0,2.0,2.0,10.0,0.0,0.0,,21.0,0.0,0.0,,8.0,0.0,0.0,0.0,0.0,,29.0,1.0,1.0,99.0,0.0,0.0,,1.0,,,,,,0.03,0.03,0.03,9.0,0.0,0.0,0.0,2026,0,0,0.0,0,0.0,0.0,0.0,2025-11-09 16:15:00,Domestic League,0,0,45,0,90,90,0,90,0,0,-1,28,-1,-1,0,2025/2026,2025,0
France_Ligue_1_2025-2026,Ousmane Ba,Metz,Goalkeeper,23,185,74,Senegal,0,0,0,0,0,0,0.0,2002-06-06,0,0.0,0,0,0,0,0,0,0,0.0,eu,,,,,,,,,,,,,,,,,,,,,,,,,,,,,,,,,,,,,,,,,,,,,,,,,,,,,,,,,,,,,,,,,,,,,,,,,,,,,,,,,,,,,,,,,,,,,,,,,,,,,,,,,,,,,,,,,,,,,,,,,,,,,,,,,,,,,,,,,,,,,,,,,,,,,,,,,,,,,,,,,,,,,,,,,,,,,,,,,,,,,,,2026,0,0,0.0,0,0.0,0.0,0.0,1970-01-01 00:00:00,Domestic League,0,0,0,0,0,0,0,0,0,0,-1,-1,-1,-1,0,2025/2026,2025,0
France_Ligue_1_2025-2026,David Boly,PSG,Defender,55,0,0,,0,0,0,0,0,0,0.0,1970-01-01,0,0.0,0,0,0,0,0,0,0,0.0,eu,,,,,,,,,,,,,,,,,,,,,,,,,,,,,,,,,,,,,,,,,,,,,,,,,,,,,,,,,,,,,,,,,,,,,,,,,,,,,,,,,,,,,,,,,,,,,,,,,,,,,,,,,,,,,,,,,,,,,,,,,,,,,,,,,,,,,,,,,,,,,,,,,,,,,,,,,,,,,,,,,,,,,,,,,,,,,,,,,,,,,,,2026,0,0,0.0,0,0.0,0.0,0.0,1970-01-01 00:00:00,Domestic League,0,0,0,0,0,0,0,0,0,0,-1,-1,-1,-1,0,2025/2026,2025,0
France_Ligue_1_2025-2026,Paul Pogba,Monaco,Midfielder,32,191,84,France,2,1,3,0,0,0,0.0,1970-01-09,0,0.0,0,1,1,33,0,0,0,0.0,eu,,99.0,300.0,33.33,100.0,99.0,9.0,1.0,0.0,3.0,4387200.0,87.0,50.0,0.0,4.52,6.0,31.0,0.0,0.0,,,,26.0,23.0,73.0,98.0,6.0,0.67,2.0,99.0,9999.99,99.0,80.0,3.0,0.33,1.0,3.0,30.0,99.0,0.0,0.0,,99.0,0.0,0.0,,89.0,3.0,0.33,99.0,3.0,0.33,100.0,99.0,1.0,1.0,99.0,21.0,2.33,7.0,99.0,18.0,2.0,85.0,6.0,99.0,3.0,0.33,1.0,2.0,0.0,0.0,,,,3.0,72.0,,18.0,28.0,68.0,57.0,43.0,,76.0,0.0,0.0,,99.0,3.0,0.33,1.0,7.0,0.0,0.0,,0.0,,23.0,,43.0,,10.0,0.0,0.0,0.0,87.88,72.0,99.0,87.0,9.67,29.0,99.0,99.0,11.0,33.0,99.0,0.0,0.0,,,0.0,,,,,,,0.0,0.0,,13.57,0.0,,,0.0,0.0,,8,0.0,0.0,21.0,0.0,46.0,,0.0,0.0,,10.0,0.0,0.0,,21.0,0.0,0.0,,8.0,0.0,0.0,0.0,0.0,,99.0,9.0,1.0,99.0,0.0,0.0,,3.0,,,,,68.0,0.18,0.02,0.06,9.0,0.0,0.0,0.0,2026,0,0,0.0,0,0.0,0.0,0.0,1970-01-01 00:00:00,Domestic League,0,0,0,0,10,26,4,30,0,0,-1,28,-1,-1,0,2025/2026,2025,0
France_Ligue_1_2025-2026,Louis Mezerette,Auxerre,Midfielder,0,0,0,France,0,0,0,0,0,0,0.0,1970-01-01,0,0.0,0,0,0,0,0,0,0,0.0,eu,,,,,,,,,,,,,,,,,,,,,,,,,,,,,,,,,,,,,,,,,,,,,,,,,,,,,,,,,,,,,,,,,,,,,,,,,,,,,,,,,,,,,,,,,,,,,,,,,,,,,,,,,,,,,,,,,,,,,,,,,,,,,,,,,,,,,,,,,,,,,,,,,,,,,,,,,,,,,,,,,,,,,,,,,,,,,,,,,,,,,,,2026,0,0,0.0,0,0.0,0.0,0.0,1970-01-01 00:00:00,Domestic League,0,0,0,0,0,0,0,0,0,0,-1,-1,-1,-1,0,2025/2026,2025,0
France_Ligue_1_2025-2026,Evan Diamalunda Bakari Soumaré,Auxerre,Defender,55,0,0,,0,0,0,0,0,0,0.0,1970-01-01,0,0.0,0,0,0,0,0,0,0,0.0,eu,,,,,,,,,,,,,,,,,,,,,,,,,,,,,,,,,,,,,,,,,,,,,,,,,,,,,,,,,,,,,,,,,,,,,,,,,,,,,,,,,,,,,,,,,,,,,,,,,,,,,,,,,,,,,,,,,,,,,,,,,,,,,,,,,,,,,,,,,,,,,,,,,,,,,,,,,,,,,,,,,,,,,,,,,,,,,,,,,,,,,,,2026,0,0,0.0,0,0.0,0.0,0.0,1970-01-01 00:00:00,Domestic League,0,0,0,0,0,0,0,0,0,0,-1,-1,-1,-1,0,2025/2026,2025,0
France_Ligue_1_2025-2026,Fallou Fall,Olympique Lyonnais,Midfielder,0,0,0,Senegal,0,0,0,0,0,0,0.0,1970-01-01,0,0.0,0,0,0,0,0,0,0,0.0,eu,,,,,,,,,,,,,,,,,,,,,,,,,,,,,,,,,,,,,,,,,,,,,,,,,,,,,,,,,,,,,,,,,,,,,,,,,,,,,,,,,,,,,,,,,,,,,,,,,,,,,,,,,,,,,,,,,,,,,,,,,,,,,,,,,,,,,,,,,,,,,,,,,,,,,,,,,,,,,,,,,,,,,,,,,,,,,,,,,,,,,,,2026,0,0,0.0,0,0.0,0.0,0.0,1970-01-01 00:00:00,Domestic League,0,0,0,0,0,0,0,0,0,0,-1,-1,-1,-1,0,2025/2026,2025,0
France_Ligue_1_2025-2026,Adil Hamdani,Olympique Lyonnais,Midfielder,55,0,0,,1,0,1,0,0,0,0.0,1970-01-01,0,0.0,1,0,1,100,0,0,0,0.0,eu,,,,,,,,,,,,,,,,,,,,,,,,,,,,,,,,,,,,,,,,,,,,,,,,,,,,,,,,,,,,,,,,,,,,,,,,,,,,,,,,,,,,,,,,,,,,,,,,,,,,,,,,,,,,,,,,,,,,,,,,,,,,,,,,,,,,,,,,,,,,,,,,,,,,,,,,,,,,,,,,,,,,,,,,,,,,,,,,,,,,,,,2026,0,0,0.0,0,0.0,0.0,0.0,1970-01-01 00:00:00,Domestic League,0,0,0,0,5,5,0,5,0,0,-1,24,-1,-1,0,2025/2026,2025,0
France_Ligue_1_2025-2026,Tiago Manuel Gonçalves,Olympique Lyonnais,Midfielder,55,0,0,Portugal,0,0,0,0,0,0,0.0,1970-01-01,0,0.0,0,0,0,0,0,0,0,0.0,eu,,,,,,,,,,,,,,,,,,,,,,,,,,,,,,,,,,,,,,,,,,,,,,,,,,,,,,,,,,,,,,,,,,,,,,,,,,,,,,,,,,,,,,,,,,,,,,,,,,,,,,,,,,,,,,,,,,,,,,,,,,,,,,,,,,,,,,,,,,,,,,,,,,,,,,,,,,,,,,,,,,,,,,,,,,,,,,,,,,,,,,,2026,0,0,0.0,0,0.0,0.0,0.0,1970-01-01 00:00:00,Domestic League,0,0,0,0,0,0,0,0,0,0,-1,-1,-1,-1,0,2025/2026,2025,0
France_Ligue_1_2025-2026,Malick Mbaye,Metz,Forward,21,174,0,Senegal,1,2,3,0,0,0,0.0,2004-04-06,1,0.75,0,0,0,0,1,3,4,3.0,eu,,93.0,37.5,12.5,50.0,2.0,0.0,0.0,0.0,,130000.0,2.0,50.0,0.0,4.93,10.0,31.0,0.0,0.0,,1.0,33.0,95.0,99.0,2.0,29.0,0.75,0.25,1.0,,1250.0,72.0,80.0,3.0,1.0,4.0,4.0,120.0,43.0,0.75,0.25,1.0,99.0,0.0,0.0,,65.0,1.5,0.5,11.0,0.0,0.0,0.0,11.0,,2.0,63.0,9.75,3.25,13.0,58.0,4.5,1.5,46.0,6.0,96.0,2.25,0.75,3.0,75.0,1.5,0.5,2.0,1.0,,2.0,63.0,7.0,98.0,28.0,68.0,57.0,43.0,,76.0,0.0,0.0,,53.0,0.75,0.25,1.0,48.0,0.75,0.25,1.0,0.0,,24.0,,43.0,,45.0,0.08,0.03,0.11,78.05,26.0,29.0,24.0,8.0,32.0,30.0,30.75,10.25,41.0,99.0,0.0,0.0,,,0.0,,,,,,,0.0,0.0,,19.73,0.0,,,0.0,0.0,,11,0.0,100.0,99.0,0.0,46.0,93.0,3.0,1.0,4.0,10.0,0.0,0.0,,78.0,0.75,0.25,1.0,45.0,0.75,0.25,0.0,0.0,1.0,95.0,3.0,1.0,99.0,0.0,0.0,,4.0,,,,,18.0,0.08,0.03,0.1,43.0,0.08,0.03,0.11,2026,0,0,0.0,0,0.0,0.0,0.0,2025-12-13 18:00:00,Domestic League,0,120,30,0,40,22,98,120,0,0,-1,28,-1,-1,0,2025/2026,2025,1
France_Ligue_1_2025-2026,Orel Johnson Mangala,Olympique Lyonnais,Midfielder,27,178,78,Belgium,0,1,1,0,0,0,0.0,1970-01-11,0,0.0,0,1,1,100,0,0,0,0.0,eu,,33.0,0.0,0.0,,2.0,0.0,0.0,0.0,,,1.0,50.0,0.0,6.61,49.0,31.0,0.0,0.0,,,,26.0,23.0,99.0,2.0,0.0,0.0,,99.0,0.0,33.0,99.0,18.0,1.0,1.0,1.0,5.0,99.0,0.0,0.0,,99.0,0.0,0.0,,9.0,0.0,0.0,11.0,0.0,0.0,0.0,11.0,,,99.0,18.0,1.0,1.0,99.0,18.0,1.0,100.0,1.0,7.0,0.0,0.0,,99.0,18.0,1.0,1.0,,,1.0,48.0,,18.0,28.0,68.0,57.0,43.0,,76.0,0.0,0.0,,7.0,0.0,0.0,,7.0,0.0,0.0,,0.0,,23.0,,43.0,,10.0,0.0,0.0,0.0,100.0,99.0,99.0,162.0,9.0,9.0,99.0,162.0,9.0,9.0,99.0,0.0,0.0,,,0.0,,,,,,,0.0,0.0,,6.61,0.0,,,0.0,0.0,,5,0.0,0.0,21.0,0.0,46.0,,0.0,0.0,,10.0,0.0,0.0,,21.0,0.0,0.0,,8.0,0.0,0.0,0.0,0.0,,5.0,0.0,0.0,99.0,0.0,0.0,,,,,,,97.0,0.36,0.02,0.02,9.0,0.0,0.0,0.0,2026,0,0,0.0,0,0.0,0.0,0.0,1970-01-01 00:00:00,Domestic League,0,0,0,0,5,0,5,5,0,0,-1,25,-1,-1,0,2025/2026,2025,0
France_Ligue_1_2025-2026,Kyllian Antonio,Lens,Defender,55,183,0,France,0,0,0,0,0,0,0.0,1970-01-01,0,0.0,0,0,0,0,0,0,0,0.0,eu,,,,,,,,,,,,,,,,,,,,,,,,,,,,,,,,,,,,,,,,,,,,,,,,,,,,,,,,,,,,,,,,,,,,,,,,,,,,,,,,,,,,,,,,,,,,,,,,,,,,,,,,,,,,,,,,,,,,,,,,,,,,,,,,,,,,,,,,,,,,,,,,,,,,,,,,,,,,,,,,,,,,,,,,,,,,,,,,,,,,,,,2026,0,0,0.0,0,0.0,0.0,0.0,1970-01-01 00:00:00,Domestic League,0,0,0,0,0,0,0,0,0,0,-1,-1,-1,-1,0,2025/2026,2025,0
France_Ligue_1_2025-2026,Niklas Schmidt,Toulouse,Midfielder,27,184,82,Germany,0,0,0,0,0,0,0.0,1970-01-11,0,0.0,0,0,0,0,0,0,0,0.0,eu,,,,,,,,,,,,,,,,,,,,,,,,,,,,,,,,,,,,,,,,,,,,,,,,,,,,,,,,,,,,,,,,,,,,,,,,,,,,,,,,,,,,,,,,,,,,,,,,,,,,,,,,,,,,,,,,,,,,,,,,,,,,,,,,,,,,,,,,,,,,,,,,,,,,,,,,,,,,,,,,,,,,,,,,,,,,,,,,,,,,,,,2026,0,0,0.0,0,0.0,0.0,0.0,1970-01-01 00:00:00,Domestic League,0,0,0,0,0,0,0,0,0,0,-1,-1,-1,-1,0,2025/2026,2025,0
France_Ligue_1_2025-2026,Martin James,PSG,Goalkeeper,55,0,0,,0,0,0,0,0,0,0.0,1970-01-01,0,0.0,0,0,0,0,0,0,0,0.0,eu,,,,,,,,,,,,,,,,,,,,,,,,,,,,,,,,,,,,,,,,,,,,,,,,,,,,,,,,,,,,,,,,,,,,,,,,,,,,,,,,,,,,,,,,,,,,,,,,,,,,,,,,,,,,,,,,,,,,,,,,,,,,,,,,,,,,,,,,,,,,,,,,,,,,,,,,,,,,,,,,,,,,,,,,,,,,,,,,,,,,,,,2026,0,0,0.0,0,0.0,0.0,0.0,1970-01-01 00:00:00,Domestic League,0,0,0,0,0,0,0,0,0,0,-1,-1,-1,-1,0,2025/2026,2025,0
France_Ligue_1_2025-2026,Elías Legendre,Rennes,Forward,55,179,0,Ecuador,1,0,1,0,0,0,0.0,1970-01-01,0,0.0,0,0,0,0,1,0,1,11.25,eu,,33.0,0.0,0.0,,2.0,0.0,0.0,0.0,,,1.0,50.0,0.0,3.06,,31.0,0.0,0.0,,,,26.0,23.0,2.0,2.0,0.0,0.0,,6.0,0.0,33.0,17.0,0.0,0.0,,2.0,8.0,99.0,0.0,0.0,,,11.25,0.5,1.0,99.0,11.25,0.5,11.0,0.0,0.0,0.0,11.0,,1.0,99.0,22.5,1.0,2.0,,0.0,0.0,0.0,,7.0,0.0,0.0,,2.0,0.0,0.0,,,,1.0,48.0,,18.0,28.0,68.0,57.0,43.0,,76.0,0.0,0.0,,99.0,11.25,0.5,1.0,7.0,0.0,0.0,,0.0,,23.0,,43.0,,10.0,0.0,0.0,0.0,100.0,99.0,53.0,33.75,1.5,3.0,37.0,33.75,1.5,3.0,99.0,0.0,0.0,,,0.0,,,,,,,0.0,0.0,,6.12,0.0,,,0.0,0.0,,75,0.0,0.0,21.0,0.0,46.0,99.0,22.5,1.0,2.0,10.0,0.0,0.0,,21.0,0.0,0.0,,8.0,0.0,0.0,0.0,0.0,,5.0,0.0,0.0,99.0,0.0,0.0,,,,,,,37.0,0.11,0.01,0.01,9.0,0.0,0.0,0.0,2026,0,0,0.0,0,0.0,0.0,0.0,1970-01-01 00:00:00,Domestic League,0,0,8,0,8,8,0,8,0,0,-1,26,-1,-1,0,2025/2026,2025,0
France_Ligue_1_2025-2026,Noam Obougoujacquet,Le Havre,Midfielder,0,0,0,France,1,1,2,0,0,0,0.0,1970-01-01,0,0.0,0,1,1,50,0,0,0,0.0,eu,,33.0,0.0,0.0,,99.0,5.29,1.0,0.0,1.0,,1.0,50.0,0.0,6.6,49.0,31.0,0.0,0.0,,,,26.0,23.0,99.0,2.0,0.0,0.0,,99.0,0.0,33.0,17.0,0.0,0.0,,1.0,17.0,,5.29,1.0,1.0,99.0,0.0,0.0,,9.0,0.0,0.0,11.0,0.0,0.0,0.0,11.0,,,99.0,21.18,4.0,4.0,75.0,5.29,1.0,25.0,1.0,99.0,10.59,2.0,2.0,99.0,5.29,1.0,1.0,,,1.0,48.0,,18.0,28.0,68.0,57.0,43.0,,76.0,0.0,0.0,,7.0,0.0,0.0,,7.0,0.0,0.0,,0.0,,23.0,,43.0,,10.0,0.0,0.0,0.0,0.0,,,0.0,0.0,,,0.0,0.0,,99.0,0.0,0.0,,,0.0,,1.0,,,,,0.0,0.0,,6.6,0.0,,,0.0,0.0,,33,0.0,0.0,21.0,0.0,46.0,,0.0,0.0,,10.0,0.0,0.0,,21.0,0.0,0.0,,8.0,0.0,0.0,0.0,0.0,,5.0,0.0,0.0,99.0,0.0,0.0,,,,,,,,0.0,0.0,0.0,9.0,0.0,0.0,0.0,2026,0,0,0.0,0,0.0,0.0,0.0,1970-01-01 00:00:00,Domestic League,0,0,0,0,15,12,17,29,0,0,-1,24,-1,-1,0,2025/2026,2025,0
France_Ligue_1_2025-2026,Mamoudou Cissokho,Auxerre,Forward,55,185,0,,0,1,1,0,0,0,0.0,1970-01-01,0,0.0,0,0,0,0,0,0,0,0.0,eu,,,,,,,,,,,,,,,,,,,,,,,,,,,,,,,,,,,,,,,,,,,,,,,,,,,,,,,,,,,,,,,,,,,,,,,,,,,,,,,,,,,,,,,,,,,,,,,,,,,,,,,,,,,,,,,,,,,,,,,,,,,,,,,,,,,,,,,,,,,,,,,,,,,,,,,,,,,,,,,,,,,,,,,,,,,,,,,,,,,,,,,2026,0,0,0.0,0,0.0,0.0,0.0,1970-01-01 00:00:00,Domestic League,0,0,0,0,0,0,0,0,0,0,-1,-1,-1,-1,0,2025/2026,2025,0
