league,season,game_week,home_name,away_name,date,homeGoalCount,awayGoalCount,totalGoalCount,team_a_corners,team_b_corners,totalCornerCount,team_a_yellow_cards,team_b_yellow_cards,team_a_red_cards,team_b_red_cards,team_a_shotsOnTarget,team_b_shotsOnTarget,team_a_shotsOffTarget,team_b_shotsOffTarget,team_a_shots,team_b_shots,team_a_fouls,team_b_fouls,team_a_possession,team_b_possession,stadium_name,stadium_location,team_a_cards_num,team_b_cards_num,avg_odds_ft_1,avg_odds_ft_x,avg_odds_ft_2,avg_odds_ft_over15,avg_odds_ft_over25,avg_odds_ft_over35,avg_odds_btts_yes,avg_odds_btts_no,avg_odds_corners_over_85,avg_odds_corners_over_95,avg_odds_corners_under_85,avg_odds_corners_under_95,avg_odds_1st_half_over05,avg_odds_1st_half_over15,avg_odds_1st_half_under05,avg_odds_1st_half_under15,overallGoalCount,ht_goals_team_a,ht_goals_team_b,goals_2hg_team_a,goals_2hg_team_b,GoalCount_2hg,HTGoalCount,winningTeam,no_home_away,btts_potential,goalTimingDisabled,attendance,corner_timings_recorded,card_timings_recorded,team_a_fh_corners,team_b_fh_corners,team_a_2h_corners,team_b_2h_corners,corner_fh_count,corner_2h_count,team_a_fh_cards,team_b_fh_cards,team_a_2h_cards,team_b_2h_cards,total_fh_cards,total_2h_cards,attacks_recorded,team_a_dangerous_attacks,team_b_dangerous_attacks,team_a_attacks,team_b_attacks,team_a_xg,team_b_xg,total_xg,team_a_penalties_won,team_b_penalties_won,team_a_penalty_goals,team_b_penalty_goals,team_a_penalty_missed,team_b_penalty_missed,pens_recorded,goal_timings_recorded,team_a_0_10_min_goals,team_b_0_10_min_goals,team_a_corners_0_10_min,team_b_corners_0_10_min,team_a_cards_0_10_min,team_b_cards_0_10_min,throwins_recorded,team_a_throwins,team_b_throwins,freekicks_recorded,team_a_freekicks,team_b_freekicks,goalkicks_recorded,team_a_goalkicks,team_b_goalkicks,o25_potential,o15_potential,o15HT_potential,o05HT_potential,home_ppg,away_ppg,pre_match_home_ppg,pre_match_away_ppg,pre_match_teamA_overall_ppg,pre_match_teamB_overall_ppg,u25_potential,u15_potential,team_a_xg_prematch,team_b_xg_prematch,total_xg_prematch,matches_completed_minimum,over05,over15,over25,over35,over45,over55,btts,pinnacle_ft_over25,pinnacle_ft_over35,pinnacle_corners_over_95,pinnacle_corners_under_95,pinnacle_ft_x,pinnacle_ft_2,pinnacle_ft_1,pinnacle_btts_no,pinnacle_btts_yes,pinnacle_corners_over_85,pinnacle_corners_under_85,pinnacle_1st_half_under15,pinnacle_1st_half_over05,pinnacle_1st_half_under05,pinnacle_1st_half_over15,pinnacle_ft_over15
England_Premier_League_2025-2026,2025/2026,1,Liverpool,AFC Bournemouth,2025-08-15 19:00:00,4,2,6,6,7,13,1,2,0,0,10,3,9,7,19,10,7,10,61,39,Anfield,"Anfield Road, Liverpool",1,2,1.2,5.8,9.0,1.1,1.36,1.95,1.64,2.22,1.32,1.46,3.35,2.28,1.2,1.97,4.1,1.92,6,1,0,3,2,5,1,151,0,0,0,-1,2,1,3,2,3,5,5,8,1,1,0,1,2,1,1,57,38,106,83,2.31,1.12,3.43,0,0,0,0,0,0,1,1,0,0,1,2,0,0,1,27,17,1,12,9,1,4,11,0,0,0,0,1.85,0.92,0.0,0.0,0.0,0.0,0,0,0.0,0.0,0.0,25,True,True,True,True,True,True,True,1.39,2.01,1.50,2.54,6.50,9.85,1.29,2.22,1.71,,,1.92,,,1.97,
England_Premier_League_2025-2026,2025/2026,1,Aston Villa,Newcastle United,2025-08-16 11:30:00,0,0,0,3,6,9,1,1,1,0,3,3,0,13,3,16,13,11,40,60,,,3,1,2.44,3.25,2.78,1.24,1.77,2.88,1.65,2.19,1.3,1.55,3.15,2.5,1.32,2.59,3.18,1.49,0,0,0,0,0,0,0,-1,0,0,0,-1,2,1,1,3,2,3,4,5,0,1,2,0,1,2,1,38,61,79,97,0.69,1.66,2.34,0,0,0,0,0,0,1,1,0,0,1,1,0,0,1,18,9,1,12,15,1,14,3,0,0,0,0,2.08,0.83,0.0,0.0,0.0,0.0,0,0,0.0,0.0,0.0,25,False,False,False,False,False,False,False,1.83,2.91,1.47,2.62,3.49,3.01,2.45,2.39,1.62,,,1.51,1.36,3.32,2.68,1.24
England_Premier_League_2025-2026,2025/2026,1,Brighton & Hove Albion,Fulham,2025-08-16 14:00:00,1,1,2,4,3,7,3,3,0,0,4,2,6,5,10,7,16,15,50,50,The American Express Community Stadium,"Village Way, Falmer, East Sussex",3,3,1.75,3.5,3.6,1.25,1.9,3.1,1.75,2.05,1.35,1.66,2.83,2.1,1.36,2.73,3.1,1.42,2,0,0,1,1,2,0,-1,0,0,0,-1,2,1,3,1,1,2,4,3,0,1,3,2,1,5,1,40,43,81,88,1.2,0.9,2.11,1,0,1,0,0,0,1,1,0,0,0,0,0,0,1,10,20,1,16,19,1,8,10,0,0,0,0,1.62,0.92,0.0,0.0,0.0,0.0,0,0,0.0,0.0,0.0,25,True,True,False,False,False,False,True,1.91,3.12,1.71,2.15,3.76,4.48,1.85,2.16,1.75,,,1.48,1.36,3.20,2.71,1.27
England_Premier_League_2025-2026,2025/2026,1,Sunderland,West Ham United,2025-08-16 14:00:00,3,0,3,5,7,12,0,1,0,0,5,4,5,8,10,12,8,10,37,63,Stadium of Light,"Millenium Way, Sunderland",0,1,3.2,3.15,2.2,1.25,2.17,4.0,1.82,1.88,1.46,1.72,2.75,1.95,1.47,3.08,2.7,1.42,3,0,0,3,0,3,0,156,0,0,0,-1,2,1,3,1,2,6,4,8,0,0,0,1,0,1,1,29,55,71,123,1.19,1.45,2.64,0,0,0,0,0,0,1,1,0,0,1,1,0,0,1,17,20,1,10,8,1,6,6,0,0,0,0,2.17,1.0,0.0,0.0,0.0,0.0,0,0,0.0,0.0,0.0,25,True,True,True,False,False,False,False,2.16,3.53,1.86,1.98,3.30,2.27,3.51,2.01,1.86,1.50,2.54,1.40,1.42,2.91,3.03,1.35
England_Premier_League_2025-2026,2025/2026,1,Tottenham Hotspur,Burnley,2025-08-16 14:00:00,3,0,3,6,5,11,0,0,0,0,6,4,10,10,16,14,14,8,67,33,,,0,0,1.42,4.0,6.5,1.17,1.88,3.2,1.85,1.85,1.27,1.51,3.14,2.32,1.37,2.5,3.17,1.43,3,1,0,2,0,2,1,92,0,0,0,-1,2,-1,2,3,4,2,5,6,0,0,0,0,0,0,1,51,34,86,75,1.79,1.41,3.2,0,0,0,0,0,0,1,1,1,0,2,0,-1,-1,1,17,15,1,12,14,1,9,13,0,0,0,0,0.83,0.42,0.0,0.0,0.0,0.0,0,0,0.0,0.0,0.0,25,True,True,True,False,False,False,False,1.95,3.30,1.56,2.39,4.10,6.50,1.59,1.87,2.01,,,1.45,1.37,3.17,2.80,1.31
England_Premier_League_2025-2026,2025/2026,1,Wolverhampton Wanderers,Manchester City,2025-08-16 16:30:00,0,4,4,4,5,9,1,2,0,0,3,4,6,11,9,15,13,7,42,58,Molineux Stadium,"Waterloo Road, Wolverhampton, West Midlands",1,2,6.4,4.5,1.4,1.22,1.73,2.45,1.85,1.91,1.38,1.78,2.95,2.0,1.31,2.4,3.3,1.5,4,0,2,0,2,2,2,93,0,0,0,-1,2,1,1,5,3,0,6,3,0,0,1,2,0,3,1,35,51,88,107,1.04,1.6,2.64,0,0,0,0,0,0,1,1,0,0,0,1,0,0,1,24,17,1,7,17,1,9,3,0,0,0,0,0.38,1.62,0.0,0.0,0.0,0.0,0,0,0.0,0.0,0.0,25,True,True,True,True,False,False,False,1.78,2.92,1.74,2.10,4.45,1.53,6.55,1.98,1.89,1.49,2.58,1.52,1.34,3.32,2.58,1.27
England_Premier_League_2025-2026,2025/2026,1,Chelsea,Crystal Palace,2025-08-17 13:00:00,0,0,0,11,2,13,2,3,0,0,3,4,16,7,19,11,10,12,72,28,,,2,3,1.64,3.62,4.5,1.22,1.68,2.7,1.6,2.05,1.35,1.48,3.04,2.25,1.34,2.5,3.3,1.5,0,0,0,0,0,0,0,-1,0,0,0,-1,2,1,6,0,5,2,6,7,1,2,1,1,3,2,1,67,21,116,57,1.89,1.13,3.02,0,0,0,0,0,0,1,1,0,0,3,0,0,0,1,20,18,1,12,10,1,7,14,0,0,0,0,1.75,1.54,0.0,0.0,0.0,0.0,0,0,0.0,0.0,0.0,25,False,False,False,False,False,False,False,1.76,2.84,1.58,2.34,3.79,4.35,1.87,2.27,1.68,,,1.56,1.34,3.33,2.46,
England_Premier_League_2025-2026,2025/2026,1,Nottingham Forest,Brentford,2025-08-17 13:00:00,3,1,4,5,5,10,1,2,0,0,5,3,6,7,11,10,7,15,54,46,The City Ground,"Pavilion Road, Nottingham, Nottinghamshire",1,2,1.87,3.4,4.1,1.3,2.04,3.4,1.85,1.95,1.34,1.47,3.28,2.42,1.4,3.0,2.9,1.42,4,3,0,0,1,1,3,211,0,0,0,-1,2,1,5,2,0,3,7,3,0,0,1,2,0,3,1,66,28,99,69,1.52,1.05,2.57,0,1,0,1,0,0,1,1,1,0,1,0,0,0,1,19,19,1,14,8,1,6,5,0,0,0,0,1.0,1.15,0.0,0.0,0.0,0.0,0,0,0.0,0.0,0.0,25,True,True,True,True,False,False,True,2.04,3.54,1.55,2.42,3.60,4.25,1.93,2.02,1.85,,,1.41,1.40,3.00,2.95,1.32
England_Premier_League_2025-2026,2025/2026,1,Manchester United,Arsenal,2025-08-17 15:30:00,0,1,1,3,4,7,1,4,0,0,7,3,15,6,22,9,10,19,61,39,Old Trafford,"Sir Matt Busby Way, Manchester",1,4,3.9,3.7,1.8,1.22,1.63,2.8,1.6,2.2,1.41,1.69,2.93,2.17,1.33,2.4,3.0,1.5,1,0,1,0,0,0,1,59,0,0,0,-1,2,1,2,2,1,2,4,3,0,1,1,3,1,4,1,48,43,88,81,2.22,1.09,3.31,0,0,0,0,0,0,1,1,0,0,1,0,0,0,1,20,15,1,21,11,1,5,9,0,0,0,0,2.08,2.0,0.0,0.0,0.0,0.0,0,0,0.0,0.0,0.0,25,True,False,False,False,False,False,False,1.74,2.76,1.68,2.19,3.70,2.02,3.81,2.35,1.64,1.47,2.61,1.55,1.36,3.25,2.49,1.27
England_Premier_League_2025-2026,2025/2026,1,Leeds United,Everton,2025-08-18 19:00:00,1,0,1,7,2,9,0,2,0,0,3,1,18,6,21,7,6,8,54,46,Elland Road,"Elland Road, Leeds, West Yorkshire",0,2,2.34,3.34,3.15,1.35,2.05,3.95,1.88,2.0,1.36,1.56,2.7,2.09,1.44,2.95,2.8,1.34,1,0,0,1,0,1,0,222,0,0,0,-1,2,1,6,0,1,2,6,3,0,0,0,2,0,2,1,58,34,114,89,1.95,0.77,2.72,1,0,1,0,0,0,1,1,0,0,2,0,0,0,1,23,21,1,9,7,1,4,13,0,0,0,0,1.69,1.62,0.0,0.0,0.0,0.0,0,0,0.0,0.0,0.0,25,True,False,False,False,False,False,False,2.25,3.63,1.74,2.11,3.29,3.17,2.45,1.96,1.91,,,1.34,1.47,2.73,3.35,1.38
England_Premier_League_2025-2026,2025/2026,2,West Ham United,Chelsea,2025-08-22 19:00:00,1,5,6,7,5,12,0,1,0,0,4,7,8,5,12,12,7,10,41,59,London Stadium,"Marshgate Lane, Stratford, London",0,1,4.8,3.8,1.67,1.25,1.74,2.65,1.7,2.12,1.41,1.71,2.7,2.0,1.3,2.61,3.2,1.5,6,1,3,0,2,2,4,152,0,0,0,-1,2,1,1,2,6,3,3,9,0,0,0,1,0,1,1,62,63,84,101,1.48,1.71,3.19,0,0,0,0,0,0,1,1,1,0,0,0,0,0,1,25,14,1,12,11,1,4,7,0,0,0,0,0.83,1.69,0.0,0.0,0.0,1.0,0,0,0.0,0.0,0.0,25,True,True,True,True,True,True,True,1.79,2.94,1.71,2.15,3.90,1.76,4.85,2.12,1.76,,,1.48,1.34,3.32,2.67,1.26
England_Premier_League_2025-2026,2025/2026,2,Manchester City,Tottenham Hotspur,2025-08-23 11:30:00,0,2,2,7,2,9,1,4,0,0,4,5,6,7,10,12,7,12,61,39,Etihad Stadium,"Rowsley Street, Manchester",1,4,1.5,4.87,6.0,1.11,1.5,2.1,1.56,2.3,1.29,1.44,3.25,2.6,1.21,2.24,4.0,1.72,2,0,2,0,0,0,2,92,0,0,0,-1,2,1,2,1,5,1,3,6,0,1,1,3,1,4,1,57,42,92,81,1.33,1.41,2.74,0,0,0,0,0,0,1,1,0,0,0,0,0,0,1,23,21,1,13,7,1,10,11,0,0,0,0,2.42,1.46,0.0,0.0,3.0,3.0,0,0,0.0,0.0,0.0,25,True,True,False,False,False,False,False,1.52,2.31,1.47,2.62,4.70,5.80,1.55,2.39,1.60,,,,,,,
England_Premier_League_2025-2026,2025/2026,2,Brentford,Aston Villa,2025-08-23 14:00:00,1,0,1,2,9,11,1,2,0,0,2,2,7,15,9,17,11,9,24,76,,,1,2,2.98,3.48,2.2,1.23,1.75,2.75,1.65,2.15,1.27,1.5,3.14,2.38,1.33,2.71,3.1,1.48,1,1,0,0,0,0,1,218,0,0,0,-1,2,1,2,7,0,2,9,2,0,0,1,2,0,3,1,37,83,52,110,0.97,1.81,2.78,0,0,0,0,0,0,1,1,0,0,0,0,0,0,1,13,23,1,9,11,1,7,10,0,0,0,0,2.0,1.69,0.0,0.0,0.0,1.0,0,0,0.0,0.0,0.0,25,True,False,False,False,False,False,False,1.92,3.18,1.62,2.29,3.63,2.17,3.43,2.19,1.71,,,,,,,1.27
England_Premier_League_2025-2026,2025/2026,2,AFC Bournemouth,Wolverhampton Wanderers,2025-08-23 14:00:00,1,0,1,8,3,11,1,3,0,1,4,1,10,5,14,6,13,16,59,41,Vitality Stadium,"Dean Court, Kings Park, Bournemouth, Dorset",1,4,1.85,3.85,4.32,1.25,1.8,2.86,1.65,2.15,1.25,1.57,3.5,2.41,1.35,2.69,3.12,1.48,1,1,0,0,0,0,1,148,0,0,0,-1,2,1,5,2,3,1,7,4,0,1,1,3,1,4,1,52,39,108,79,1.54,0.74,2.28,0,0,0,0,0,0,1,1,1,0,1,1,0,1,1,24,18,1,16,13,1,7,6,0,0,0,0,1.77,0.25,0.0,0.0,0.0,0.0,0,0,0.0,0.0,0.0,25,True,False,False,False,False,False,False,1.91,3.18,1.58,2.36,3.82,4.47,1.84,2.06,1.80,,,1.46,1.36,3.22,2.75,1.28
England_Premier_League_2025-2026,2025/2026,2,Burnley,Sunderland,2025-08-23 14:00:00,2,0,2,4,3,7,0,1,0,0,2,1,5,8,7,9,9,5,42,58,Turf Moor,"Harry Potts Way, Burnley",0,1,2.31,3.11,3.38,1.44,2.38,4.33,2.0,1.75,1.33,1.88,2.85,2.17,1.54,3.3,2.51,1.32,2,0,0,2,0,2,0,145,0,0,0,-1,2,1,1,0,3,2,1,5,0,1,0,0,1,0,1,41,59,98,127,0.89,1.08,1.97,0,0,0,0,0,0,1,1,0,0,0,0,0,0,1,12,17,1,5,9,1,10,8,0,0,0,0,0.77,0.77,0.0,0.0,0.0,3.0,0,0,0.0,0.0,0.0,25,True,True,False,False,False,False,False,2.35,,,,3.20,3.34,2.41,1.86,2.00,,,1.34,1.50,2.66,3.33,1.42
England_Premier_League_2025-2026,2025/2026,2,Arsenal,Leeds United,2025-08-23 16:30:00,5,0,5,2,2,4,0,2,0,0,5,1,13,2,18,3,8,11,68,32,Emirates Stadium,"Queensland Road, London",0,2,1.33,5.75,8.25,1.19,1.67,2.55,1.91,1.8,1.35,1.57,2.54,2.4,1.29,2.3,3.5,1.59,5,2,0,3,0,3,2,59,0,0,0,-1,2,1,1,2,1,0,3,1,0,1,0,1,1,1,1,58,6,114,37,1.91,0.31,2.22,1,0,1,0,0,0,1,1,0,0,0,0,0,1,1,28,14,1,10,8,1,2,12,0,0,0,0,2.46,0.58,0.0,0.0,3.0,3.0,0,0,0.0,0.0,0.0,25,True,True,True,True,True,False,False,1.67,2.67,1.81,2.03,5.70,10.20,1.32,1.79,2.07,1.45,2.68,1.57,,,2.42,
England_Premier_League_2025-2026,2025/2026,2,Crystal Palace,Nottingham Forest,2025-08-24 13:00:00,1,1,2,1,3,4,3,3,0,0,4,1,4,8,8,9,11,11,42,58,Selhurst Park,"Holmesdale Road, London",3,3,2.44,3.24,3.2,1.4,1.98,4.05,1.85,1.91,1.31,1.55,2.73,2.25,1.42,2.87,2.62,1.33,2,1,0,0,1,1,1,-1,0,0,0,-1,2,1,1,1,0,2,2,2,1,0,2,3,1,5,1,41,50,70,102,1.08,1.01,2.09,0,0,0,0,0,0,1,1,0,0,0,1,0,0,1,14,15,1,11,11,1,11,10,0,0,0,0,1.0,1.08,0.0,0.0,1.0,3.0,0,0,0.0,0.0,0.0,25,True,True,False,False,False,False,True,2.15,3.74,1.92,1.93,3.30,3.15,2.46,2.02,1.84,1.48,2.51,1.40,1.42,2.93,3.02,1.35
England_Premier_League_2025-2026,2025/2026,2,Everton,Brighton & Hove Albion,2025-08-24 13:00:00,2,0,2,2,2,4,4,3,0,0,3,4,8,9,11,13,7,15,42,58,,,4,3,3.1,3.25,2.35,1.34,1.98,3.55,1.77,1.91,1.34,1.62,2.95,2.15,1.4,2.85,2.8,1.37,2,1,0,1,0,1,1,144,0,0,0,-1,2,1,1,0,1,2,1,3,1,2,3,1,3,4,1,45,45,99,83,1.24,1.43,2.66,0,0,0,0,0,0,1,1,0,0,0,0,0,0,1,19,26,1,21,6,1,7,9,0,0,0,0,1.33,0.83,0.0,0.0,0.0,1.0,0,0,0.0,0.0,0.0,25,True,True,False,False,False,False,False,1.92,3.33,1.98,1.86,3.45,2.48,2.99,2.21,1.70,1.53,2.39,,,,,1.28
England_Premier_League_2025-2026,2025/2026,2,Fulham,Manchester United,2025-08-24 15:30:00,1,1,2,9,6,15,1,1,0,0,4,3,9,7,13,10,12,10,52,48,Craven Cottage,"Stevenage Road, London",1,1,3.4,3.52,2.15,1.26,1.8,2.9,1.64,2.12,1.29,1.59,2.75,2.16,1.33,2.62,3.0,1.48,2,0,0,1,1,2,0,-1,0,0,0,-1,2,1,5,2,4,4,7,8,0,1,1,0,1,1,1,62,45,106,87,1.55,1.17,2.72,0,0,0,0,0,0,1,1,0,0,0,0,0,0,1,21,17,1,11,13,1,9,9,0,0,0,0,1.77,1.42,0.0,0.0,1.0,0.0,0,0,0.0,0.0,0.0,25,True,True,False,False,False,False,True,1.81,2.97,1.64,2.27,3.58,2.12,3.63,2.28,1.66,,,,,,,1.26
England_Premier_League_2025-2026,2025/2026,2,Newcastle United,Liverpool,2025-08-25 19:00:00,2,3,5,7,1,8,2,3,1,0,3,4,7,1,10,5,17,15,38,62,,,4,3,3.15,3.65,1.97,1.13,1.53,2.3,1.51,2.5,1.25,1.47,3.05,2.38,1.25,2.2,3.7,1.6,5,0,1,2,2,4,1,151,0,0,0,-1,2,1,2,1,4,0,3,4,2,2,1,1,4,2,1,63,34,77,85,1.29,0.85,2.15,0,0,0,0,0,0,1,1,0,0,1,0,0,1,1,22,19,1,15,17,1,5,6,0,0,0,0,1.77,1.25,0.0,0.0,1.0,3.0,0,0,0.0,0.0,0.0,25,True,True,True,True,True,False,True,1.60,2.44,1.52,2.49,3.74,2.35,2.98,2.68,1.49,,,1.62,,,2.33,
England_Premier_League_2025-2026,2025/2026,3,Chelsea,Fulham,2025-08-30 11:30:00,2,0,2,6,4,10,2,2,0,0,6,3,7,8,13,11,11,17,54,46,,,2,2,1.62,4.1,5.2,1.2,1.77,2.88,1.71,2.04,1.28,1.56,3.05,2.41,1.3,2.65,3.25,1.5,2,1,0,1,0,1,1,152,0,50,0,-1,2,1,4,1,2,3,5,5,1,0,1,2,1,3,1,52,36,97,92,1.62,1.17,2.79,1,0,1,0,0,0,1,1,0,0,1,0,0,0,1,18,20,1,17,14,1,7,8,0,50,0,0,1.75,0.92,1.0,1.0,2.0,1.0,100,50,1.89,0.9,2.79,25,True,True,False,False,False,False,False,1.88,3.09,1.60,2.31,3.85,5.40,1.71,2.06,1.81,,,1.46,1.36,3.22,2.77,1.27
England_Premier_League_2025-2026,2025/2026,3,Sunderland,Brentford,2025-08-30 14:00:00,2,1,3,3,4,7,3,2,0,0,3,4,9,3,12,7,11,12,54,46,Stadium of Light,"Millenium Way, Sunderland",3,2,2.93,3.25,2.45,1.3,2.16,3.64,1.8,1.97,1.38,1.65,2.83,2.22,1.4,3.02,2.8,1.35,3,0,0,2,1,3,0,156,0,50,0,-1,2,1,1,2,2,2,3,4,0,0,3,2,0,5,1,44,26,98,64,1.29,0.92,2.21,1,0,1,0,0,0,1,1,0,0,1,0,0,0,1,22,16,1,11,10,1,5,13,100,100,50,50,2.17,1.15,3.0,0.0,1.5,1.5,0,0,1.19,1.05,2.24,25,True,True,True,False,False,False,True,2.12,3.45,,,3.41,2.38,3.18,2.01,1.85,,,,,,,1.35
England_Premier_League_2025-2026,2025/2026,3,Manchester United,Burnley,2025-08-30 14:00:00,3,2,5,7,1,8,1,5,0,0,6,3,20,3,26,6,9,9,62,38,Old Trafford,"Sir Matt Busby Way, Manchester",1,5,1.35,5.0,7.2,1.18,1.72,2.45,2.0,1.89,1.3,1.55,3.15,2.4,1.33,2.41,3.33,1.53,5,1,0,2,2,4,1,149,0,0,0,-1,2,1,5,0,2,1,5,3,0,0,1,5,0,6,1,70,25,102,88,2.55,0.78,3.34,1,0,1,0,0,0,1,1,0,0,2,0,0,0,1,21,13,1,8,9,1,4,18,50,50,0,100,2.08,0.42,0.0,0.0,0.5,1.5,50,50,2.22,1.41,3.63,25,True,True,True,True,True,False,True,1.60,2.54,1.66,2.23,5.15,8.00,1.41,1.98,1.88,,,1.62,1.33,3.33,2.33,
England_Premier_League_2025-2026,2025/2026,3,Wolverhampton Wanderers,Everton,2025-08-30 14:00:00,2,3,5,2,2,4,0,1,0,0,4,4,8,6,12,10,15,10,59,41,Molineux Stadium,"Waterloo Road, Wolverhampton, West Midlands",0,1,3.19,3.1,2.45,1.42,2.33,4.0,1.85,1.85,1.36,1.98,2.79,2.02,1.48,3.2,2.5,1.35,5,1,2,1,1,2,3,144,0,0,0,-1,2,1,1,2,1,0,3,1,0,1,0,0,1,0,1,35,50,103,107,1.3,1.28,2.58,0,0,0,0,0,0,1,1,0,1,0,1,0,0,1,30,23,1,10,15,1,4,10,50,50,50,50,0.38,1.62,0.0,0.0,0.0,1.5,50,50,1.04,0.77,1.81,25,True,True,True,True,True,False,True,2.57,,1.93,1.92,3.24,2.34,3.41,1.76,2.11,1.52,2.49,1.33,1.54,2.54,3.37,1.50
England_Premier_League_2025-2026,2025/2026,3,Tottenham Hotspur,AFC Bournemouth,2025-08-30 14:00:00,0,1,1,0,8,8,2,4,0,0,1,6,4,14,5,20,17,13,61,39,,,2,4,1.88,3.78,3.8,1.15,1.66,2.53,1.56,2.38,1.23,1.62,3.42,2.54,1.28,2.38,3.75,1.56,1,0,1,0,0,0,1,148,0,50,0,-1,2,1,0,3,0,5,3,5,1,1,1,3,2,4,1,48,45,95,74,0.74,2.0,2.74,0,0,0,0,0,0,1,1,0,1,0,0,0,0,1,25,15,1,13,17,1,10,9,100,100,0,100,0.83,0.92,3.0,0.0,3.0,1.5,0,0,1.79,1.12,2.91,25,True,False,False,False,False,False,False,1.69,2.64,1.50,2.55,3.82,3.98,1.93,2.41,1.60,,,1.60,,,2.40,
England_Premier_League_2025-2026,2025/2026,3,Leeds United,Newcastle United,2025-08-30 16:30:00,0,0,0,5,5,10,1,1,0,0,1,2,9,6,10,8,10,15,43,57,Elland Road,"Elland Road, Leeds, West Yorkshire",1,1,3.25,3.4,2.15,1.25,1.94,3.0,1.65,2.15,1.41,2.12,2.52,1.97,1.39,2.7,3.05,1.5,0,0,0,0,0,0,0,-1,0,0,0,-1,2,1,1,4,4,1,5,5,1,1,0,0,2,0,1,45,49,85,107,1.03,1.01,2.04,0,0,0,0,0,0,1,1,0,0,0,0,0,0,1,15,24,1,15,11,1,11,8,0,0,0,0,1.69,0.83,3.0,1.0,1.5,0.5,100,100,1.95,1.66,3.61,25,False,False,False,False,False,False,False,2.12,3.41,1.84,2.01,3.62,2.06,3.75,1.99,1.88,1.48,2.60,1.40,1.40,2.98,3.00,1.35
England_Premier_League_2025-2026,2025/2026,3,Nottingham Forest,West Ham United,2025-08-31 13:00:00,0,3,3,9,7,16,0,0,0,0,3,8,8,4,11,12,14,6,58,42,The City Ground,"Pavilion Road, Nottingham, Nottinghamshire",0,0,1.67,3.9,4.9,1.25,1.84,2.99,1.75,1.95,1.32,1.92,2.88,2.16,1.36,2.81,3.1,1.44,3,0,0,0,3,3,0,153,0,50,0,-1,2,-1,5,3,3,4,8,7,0,0,0,0,0,0,1,71,36,124,62,1.43,1.57,3.0,0,1,0,1,0,0,1,1,0,0,0,1,-1,-1,1,17,12,1,6,13,1,5,12,100,100,50,50,1.0,1.0,3.0,0.0,2.0,0.0,0,0,1.52,1.45,2.97,25,True,True,True,False,False,False,False,1.75,2.93,,,4.09,5.19,1.68,2.10,1.78,,,1.48,1.34,3.29,2.68,1.30
England_Premier_League_2025-2026,2025/2026,3,Brighton & Hove Albion,Manchester City,2025-08-31 13:00:00,2,1,3,3,2,5,2,2,0,0,7,3,5,9,12,12,16,14,36,64,The American Express Community Stadium,"Village Way, Falmer, East Sussex",2,2,3.35,3.65,1.99,1.17,1.55,2.45,1.5,2.45,1.47,1.85,2.46,1.87,1.25,2.34,3.6,1.6,3,0,1,2,0,2,1,209,0,50,0,-1,2,1,1,1,2,1,2,3,1,0,1,2,1,3,1,42,50,68,92,1.55,1.33,2.88,1,0,1,0,0,0,1,1,0,0,0,0,0,0,1,12,16,1,13,17,1,11,7,50,100,50,50,1.62,1.62,1.0,3.0,0.5,1.5,50,0,1.2,1.6,2.8,25,True,True,True,False,False,False,True,1.62,2.50,2.11,1.73,3.65,2.07,3.67,2.57,1.53,1.68,2.19,1.60,,,2.37,
England_Premier_League_2025-2026,2025/2026,3,Liverpool,Arsenal,2025-08-31 15:30:00,1,0,1,3,8,11,2,2,0,0,3,1,6,10,9,11,7,10,53,47,Anfield,"Anfield Road, Liverpool",2,2,2.38,3.4,3.0,1.28,1.83,2.95,1.62,2.2,1.53,1.94,2.46,1.91,1.33,2.63,3.1,1.44,1,0,0,1,0,1,0,151,0,50,0,-1,2,1,0,5,3,3,5,6,1,0,1,2,1,3,1,23,44,82,84,0.95,1.09,2.04,0,0,0,0,0,0,1,1,0,0,0,0,0,0,1,19,16,1,10,8,1,7,5,50,50,0,100,1.85,2.0,3.0,3.0,3.0,3.0,50,50,2.31,1.09,3.4,25,True,False,False,False,False,False,False,1.79,2.88,1.92,1.93,3.40,3.10,2.44,2.40,1.60,1.52,2.50,1.54,1.34,3.33,2.51,1.25
England_Premier_League_2025-2026,2025/2026,3,Aston Villa,Crystal Palace,2025-08-31 18:00:00,0,3,3,10,1,11,2,3,0,0,4,4,9,2,13,6,7,14,58,42,,,2,3,1.84,3.25,3.6,1.3,2.03,3.52,1.83,2.02,1.39,1.8,2.67,2.02,1.36,2.84,2.9,1.4,3,0,1,0,2,2,1,143,0,0,0,-1,2,1,5,0,5,1,5,6,2,1,0,2,3,2,1,63,26,120,67,1.56,0.85,2.42,0,1,0,1,0,0,1,1,0,0,2,0,0,0,1,20,9,1,16,6,1,3,10,0,0,0,0,2.08,1.54,1.0,1.0,0.5,1.0,100,100,0.69,1.13,1.82,25,True,True,True,False,False,False,False,1.81,3.11,1.75,2.09,3.51,3.64,2.13,2.19,1.71,,,1.45,1.37,3.17,2.79,1.28
England_Premier_League_2025-2026,2025/2026,4,Arsenal,Nottingham Forest,2025-09-13 11:30:00,3,0,3,8,3,11,1,1,0,0,5,1,11,4,16,5,8,11,54,46,Emirates Stadium,"Queensland Road, London",1,1,1.37,5.09,8.35,1.18,1.68,2.6,1.96,1.85,1.37,1.55,2.8,2.25,1.29,2.42,3.38,1.55,3,1,0,2,0,2,1,59,0,50,0,-1,2,1,6,1,2,2,7,4,0,0,1,1,0,2,1,73,36,96,68,1.88,0.65,2.53,0,0,0,0,0,0,1,1,0,0,1,0,0,0,1,12,23,1,10,10,1,6,11,50,100,50,100,2.46,1.08,3.0,1.0,2.0,1.33,50,0,1.91,1.01,2.92,25,True,True,True,False,False,False,False,1.68,2.69,1.63,2.25,4.75,7.95,1.44,1.95,1.92,,,1.57,1.33,3.33,2.43,
England_Premier_League_2025-2026,2025/2026,4,AFC Bournemouth,Brighton & Hove Albion,2025-09-13 14:00:00,2,1,3,4,4,8,4,4,0,0,5,2,8,4,13,6,16,10,51,49,Vitality Stadium,"Dean Court, Kings Park, Bournemouth, Dorset",4,4,2.21,3.5,2.95,1.22,1.67,2.5,1.52,2.45,1.35,1.55,3.05,2.14,1.29,2.3,3.24,1.55,3,1,0,1,1,2,1,148,0,0,0,-1,2,1,0,1,4,3,1,7,3,1,1,3,4,4,1,46,47,92,90,1.51,0.87,2.37,1,0,1,0,0,0,1,1,0,0,0,0,0,0,1,17,20,1,9,16,1,12,6,0,50,0,100,1.77,0.83,3.0,0.0,2.0,1.33,100,50,1.54,1.43,2.97,25,True,True,True,False,False,False,True,1.66,2.58,1.61,2.27,3.56,2.93,2.47,2.60,1.52,,,1.58,,,2.42,
England_Premier_League_2025-2026,2025/2026,4,Everton,Aston Villa,2025-09-13 14:00:00,0,0,0,10,3,13,3,3,0,0,2,1,18,6,20,7,17,15,48,52,,,3,3,2.45,3.34,2.85,1.35,2.05,3.48,1.74,2.0,1.36,1.77,2.87,2.1,1.42,2.75,2.75,1.37,0,0,0,0,0,0,0,-1,0,0,0,-1,-1,1,-1,-1,-1,-1,-1,-1,1,1,2,2,2,4,1,68,33,95,87,1.88,0.76,2.65,0,0,0,0,0,0,1,1,0,0,-1,-1,0,0,1,20,14,1,15,17,1,6,16,0,50,0,100,1.33,1.69,3.0,0.0,2.0,0.33,100,50,1.24,1.81,3.05,25,False,False,False,False,False,False,False,2.22,3.50,1.83,2.00,3.25,2.88,2.68,2.00,1.87,1.48,2.55,1.37,1.43,2.88,3.15,1.36
England_Premier_League_2025-2026,2025/2026,4,Crystal Palace,Sunderland,2025-09-13 14:00:00,0,0,0,5,3,8,1,1,0,0,6,0,8,6,14,6,10,8,56,44,Selhurst Park,"Holmesdale Road, London",1,1,1.73,3.45,4.95,1.38,2.2,3.82,2.05,1.78,1.45,1.62,2.5,2.19,1.39,3.12,2.7,1.33,0,0,0,0,0,0,0,-1,0,50,0,-1,2,1,0,1,5,2,1,7,1,0,0,1,1,1,1,46,38,95,111,1.64,0.67,2.31,0,0,0,0,0,0,1,1,0,0,0,0,0,0,1,23,21,1,8,10,1,8,7,0,100,0,50,1.0,0.77,1.0,0.0,1.67,2.0,100,0,1.08,1.08,2.16,25,False,False,False,False,False,False,False,2.23,3.43,1.67,2.19,3.64,5.71,1.71,1.74,2.14,,,1.34,1.46,2.74,3.25,1.39
England_Premier_League_2025-2026,2025/2026,4,Newcastle United,Wolverhampton Wanderers,2025-09-13 14:00:00,1,0,1,9,4,13,1,4,0,0,4,3,12,5,16,8,10,17,57,43,,,1,4,1.4,4.6,7.9,1.22,1.75,2.75,2.0,1.82,1.26,1.49,3.22,2.3,1.3,2.5,3.2,1.5,1,1,0,0,0,0,1,157,0,50,0,-1,2,1,4,3,5,1,7,6,0,2,1,2,2,3,1,81,35,101,86,1.87,0.98,2.85,0,0,0,0,0,0,1,1,0,0,0,2,0,1,1,28,18,1,17,10,1,8,8,50,50,0,100,1.77,0.25,0.0,0.0,0.67,0.0,50,50,1.29,0.74,2.03,25,True,False,False,False,False,False,False,1.71,2.77,1.55,2.39,5.10,9.25,1.38,1.80,2.07,,,1.56,1.36,3.25,2.46,1.26
England_Premier_League_2025-2026,2025/2026,4,Fulham,Leeds United,2025-09-13 14:00:00,1,0,1,3,3,6,1,2,0,0,3,3,2,7,5,10,20,15,54,46,Craven Cottage,"Stevenage Road, London",1,2,1.97,3.5,3.8,1.32,2.09,3.48,1.8,1.88,1.37,1.67,2.8,2.2,1.4,2.88,2.9,1.36,1,0,0,1,0,1,0,162,0,50,0,-1,2,1,1,3,2,0,4,2,0,1,1,1,1,2,1,46,45,107,94,0.87,1.17,2.05,0,0,0,0,0,0,1,1,0,0,0,0,0,0,1,25,15,1,15,20,1,7,6,50,100,50,50,1.77,0.58,1.0,0.0,0.67,1.33,50,0,1.55,0.31,1.86,25,True,False,False,False,False,False,False,2.12,3.48,1.64,2.24,3.47,3.98,2.04,1.96,1.90,,,1.38,1.43,2.86,3.07,1.35
England_Premier_League_2025-2026,2025/2026,4,West Ham United,Tottenham Hotspur,2025-09-13 16:30:00,0,3,3,2,13,15,0,1,1,0,4,5,3,9,7,14,8,7,36,64,London Stadium,"Marshgate Lane, Stratford, London",2,1,3.9,3.7,1.9,1.22,1.8,2.75,1.65,2.18,1.32,1.67,3.05,2.36,1.34,2.5,3.3,1.49,3,0,0,0,3,3,0,92,0,50,0,-1,2,1,1,8,1,5,9,6,0,0,1,1,0,2,1,31,68,74,112,0.95,1.73,2.68,0,0,0,0,0,0,1,1,0,0,0,1,0,0,1,19,21,1,11,7,1,9,6,50,100,100,100,0.83,1.46,0.0,3.0,1.0,2.0,50,0,1.48,1.41,2.89,25,True,True,True,False,False,False,False,1.77,2.87,1.53,2.43,3.60,2.19,3.40,2.34,1.63,,,1.54,1.36,3.24,2.54,1.26
England_Premier_League_2025-2026,2025/2026,4,Brentford,Chelsea,2025-09-13 19:00:00,2,2,4,5,6,11,3,2,0,0,4,6,3,10,7,16,13,9,34,66,,,3,2,4.4,3.75,1.78,1.21,1.8,2.7,1.7,2.13,1.38,1.7,2.8,2.2,1.34,2.5,3.34,1.5,4,1,0,1,2,3,1,-1,0,50,0,-1,2,1,1,2,4,4,3,8,1,1,2,1,2,3,1,36,56,87,124,0.99,1.84,2.83,0,0,0,0,0,0,1,1,0,0,1,0,1,0,1,15,20,1,13,14,1,7,2,50,50,50,100,2.0,1.69,3.0,3.0,1.0,2.33,50,50,0.97,1.71,2.68,25,True,True,True,True,False,False,True,1.83,2.98,1.61,2.27,3.83,1.85,4.36,2.17,1.72,,,1.49,1.34,3.32,2.63,1.26
England_Premier_League_2025-2026,2025/2026,4,Burnley,Liverpool,2025-09-14 13:00:00,0,1,1,1,13,14,1,2,1,0,0,4,3,23,3,27,9,9,19,81,Turf Moor,"Harry Potts Way, Burnley",2,2,8.75,5.47,1.35,1.14,1.44,2.25,1.74,2.0,1.22,1.43,3.5,2.54,1.22,2.25,3.85,1.7,1,0,0,0,1,1,0,151,0,50,0,-1,2,1,1,7,0,6,8,6,1,1,1,1,2,2,1,15,106,68,147,0.31,2.74,3.05,0,1,0,1,0,0,1,1,0,0,0,1,0,0,1,11,21,1,10,11,1,21,6,50,100,0,50,0.77,1.25,3.0,3.0,1.0,3.0,50,0,0.89,0.85,1.74,25,True,False,False,False,False,False,False,1.54,2.35,,,5.70,1.33,9.50,1.97,1.89,,,1.67,,,2.23,
England_Premier_League_2025-2026,2025/2026,4,Manchester City,Manchester United,2025-09-14 15:30:00,3,0,3,2,4,6,0,0,0,0,6,2,7,10,13,12,8,8,45,55,Etihad Stadium,"Rowsley Street, Manchester",0,0,1.75,3.9,4.4,1.12,1.52,2.3,1.53,2.5,1.3,1.58,3.0,2.21,1.25,2.25,3.3,1.57,3,1,0,2,0,2,1,93,0,50,0,-1,2,-1,1,1,1,3,2,4,0,0,0,0,0,0,1,34,64,74,126,1.49,1.37,2.86,0,0,0,0,0,0,1,1,0,0,0,0,-1,-1,1,26,21,1,11,10,1,8,5,0,100,50,50,2.42,1.42,0.0,1.0,1.0,1.33,100,0,1.33,1.17,2.5,25,True,True,True,False,False,False,False,1.58,2.41,1.66,2.21,4.32,5.14,1.64,2.38,1.61,,,1.65,,,2.26,
England_Premier_League_2025-2026,2025/2026,5,Liverpool,Everton,2025-09-20 11:30:00,2,1,3,5,4,9,2,3,0,0,3,2,8,7,11,9,11,10,57,43,Anfield,"Anfield Road, Liverpool",2,3,1.46,4.3,6.5,1.18,1.57,2.55,1.75,2.05,1.28,1.58,2.85,2.32,1.26,2.36,3.45,1.58,3,2,0,0,1,1,2,151,0,50,0,-1,2,1,0,2,5,2,2,7,0,1,2,2,1,4,1,49,59,95,100,1.26,1.14,2.4,0,0,0,0,0,0,1,1,1,0,0,0,0,0,1,23,23,1,11,12,1,6,9,50,50,25,50,1.85,1.62,3.0,1.5,3.0,1.75,50,50,1.63,1.03,2.66,25,True,True,True,False,False,False,True,1.78,2.91,1.58,2.32,4.45,6.65,1.53,2.02,1.86,,,,,,,
England_Premier_League_2025-2026,2025/2026,5,Burnley,Nottingham Forest,2025-09-20 14:00:00,1,1,2,4,5,9,1,1,0,0,5,8,7,9,12,17,12,11,37,63,Turf Moor,"Harry Potts Way, Burnley",1,1,2.98,3.3,2.15,1.3,1.95,3.42,1.75,1.95,1.38,1.89,2.71,2.05,1.4,2.8,2.75,1.38,2,1,1,0,0,0,2,-1,0,25,0,-1,2,1,2,4,2,1,6,3,1,0,0,1,1,1,1,43,69,81,125,1.42,2.13,3.55,0,0,0,0,0,0,1,1,0,1,1,1,0,0,1,17,20,1,11,12,1,5,6,25,75,0,50,0.77,1.08,1.5,0.5,0.75,1.0,75,25,0.6,0.83,1.43,25,True,True,False,False,False,False,True,2.11,3.61,1.72,2.10,3.47,2.18,3.56,2.00,1.87,,,,,,,1.34
England_Premier_League_2025-2026,2025/2026,5,Brighton & Hove Albion,Tottenham Hotspur,2025-09-20 14:00:00,2,2,4,2,10,12,1,2,0,0,4,3,8,8,12,11,10,13,36,64,The American Express Community Stadium,"Village Way, Falmer, East Sussex",1,2,2.3,3.6,2.95,1.22,1.68,2.63,1.53,2.5,1.41,1.88,2.73,2.02,1.3,2.5,3.3,1.5,4,2,1,0,1,1,3,-1,0,50,0,-1,2,1,1,4,1,6,5,7,0,0,1,2,0,3,1,4,20,11,33,1.06,1.04,2.1,0,0,0,0,0,0,1,1,1,0,0,1,0,0,1,11,17,1,13,10,1,14,9,50,100,25,50,1.62,1.46,2.0,3.0,1.0,2.25,50,0,1.38,1.57,2.95,25,True,True,True,True,False,False,True,1.70,2.74,1.69,2.18,3.78,3.41,2.13,2.45,1.60,,,,,,,
England_Premier_League_2025-2026,2025/2026,5,West Ham United,Crystal Palace,2025-09-20 14:00:00,1,2,3,8,8,16,3,3,0,0,3,3,5,15,8,18,15,5,57,43,London Stadium,"Marshgate Lane, Stratford, London",3,3,3.34,3.39,2.15,1.33,2.02,3.45,1.81,2.02,1.43,1.91,2.63,2.0,1.41,3.02,2.72,1.4,3,0,1,1,1,2,1,143,0,25,0,-1,2,1,2,7,6,1,9,7,1,1,2,2,2,4,1,47,44,108,72,1.07,1.66,2.72,0,0,0,0,0,0,1,1,0,0,1,4,0,0,1,19,12,1,5,15,1,11,10,75,75,25,50,0.83,1.54,0.0,2.0,0.75,1.5,25,25,1.22,0.99,2.21,25,True,True,True,False,False,False,True,1.79,3.10,1.72,2.10,3.51,2.40,3.06,2.33,1.65,,,1.47,1.36,3.21,2.74,1.27
England_Premier_League_2025-2026,2025/2026,5,Wolverhampton Wanderers,Leeds United,2025-09-20 14:00:00,1,3,4,4,0,4,1,1,0,0,6,4,10,2,16,6,11,9,56,44,Molineux Stadium,"Waterloo Road, Wolverhampton, West Midlands",1,1,2.53,3.15,2.84,1.4,2.42,4.5,1.92,1.79,1.6,1.91,2.28,1.8,1.5,3.25,2.47,1.32,4,1,3,0,0,0,4,222,0,25,0,-1,2,1,1,0,3,0,1,3,1,1,0,0,2,0,1,67,29,141,86,1.92,0.88,2.8,0,0,0,0,0,0,1,1,1,0,0,0,0,0,1,28,15,1,9,11,1,5,7,75,75,75,75,0.38,0.58,0.0,0.0,0.0,1.0,25,25,1.17,0.74,1.91,25,True,True,True,True,False,False,True,2.43,,2.02,1.83,3.09,2.65,3.06,1.88,2.00,1.60,2.28,1.34,1.50,2.65,3.36,1.43
England_Premier_League_2025-2026,2025/2026,5,Manchester United,Chelsea,2025-09-20 16:30:00,2,1,3,5,5,10,1,5,1,1,4,1,7,4,11,5,13,14,41,59,Old Trafford,"Sir Matt Busby Way, Manchester",2,7,2.75,3.65,2.45,1.18,1.63,2.43,1.45,2.5,1.43,1.7,2.65,2.11,1.26,2.25,3.55,1.59,3,2,0,0,1,1,2,149,0,75,0,-1,2,1,3,1,2,4,4,6,2,2,0,4,4,4,1,56,35,113,96,1.39,0.65,2.04,0,0,0,0,0,0,1,1,0,0,2,0,0,1,1,23,20,1,15,16,1,2,6,75,75,25,100,2.08,1.69,1.5,2.0,1.0,2.0,25,25,2.38,1.77,4.15,25,True,True,True,False,False,False,True,1.60,2.44,1.72,2.11,3.73,2.58,2.69,2.69,1.51,,,,,,,
England_Premier_League_2025-2026,2025/2026,5,Fulham,Brentford,2025-09-20 19:00:00,3,1,4,2,10,12,4,1,0,0,3,3,11,5,14,8,11,13,53,47,Craven Cottage,"Stevenage Road, London",4,1,2.0,3.6,3.65,1.3,1.8,3.4,1.75,1.94,1.3,1.63,2.97,2.21,1.36,2.75,2.98,1.38,4,2,1,1,0,1,3,162,0,75,0,-1,2,1,2,3,0,7,5,7,1,0,3,1,1,4,1,33,44,95,81,1.34,1.04,2.38,0,0,0,0,0,0,1,1,0,0,0,0,0,0,1,16,23,1,15,13,1,5,6,50,75,25,25,1.77,1.15,2.0,0.0,1.25,1.0,50,25,1.21,0.98,2.19,25,True,True,True,True,False,False,True,2.11,3.63,1.63,2.25,3.31,3.70,2.19,2.02,1.85,,,,,,,1.34
England_Premier_League_2025-2026,2025/2026,5,AFC Bournemouth,Newcastle United,2025-09-21 13:00:00,0,0,0,5,2,7,2,1,0,0,2,1,9,3,11,4,7,10,56,44,Vitality Stadium,"Dean Court, Kings Park, Bournemouth, Dorset",2,1,2.51,3.25,2.94,1.27,1.87,2.99,1.67,2.32,1.33,1.57,3.05,2.31,1.33,2.55,3.0,1.46,0,0,0,0,0,0,0,-1,0,25,0,-1,2,1,2,1,3,1,3,4,1,0,1,1,1,2,1,52,57,110,107,1.22,0.75,1.97,0,0,0,0,0,0,1,1,0,0,1,0,0,0,1,21,28,1,10,7,1,5,7,25,25,0,50,1.77,0.83,3.0,1.0,2.25,1.25,75,75,1.53,1.33,2.86,25,False,False,False,False,False,False,False,1.91,3.09,,,3.26,3.14,2.49,2.32,1.66,,,1.48,1.35,3.27,2.67,1.27
England_Premier_League_2025-2026,2025/2026,5,Sunderland,Aston Villa,2025-09-21 13:00:00,1,1,2,6,5,11,2,1,1,0,4,2,10,10,14,12,14,8,29,71,Stadium of Light,"Millenium Way, Sunderland",4,1,3.4,3.25,2.18,1.36,2.23,4.0,1.84,1.85,1.42,1.84,2.57,1.95,1.47,3.12,2.56,1.34,2,0,0,1,1,2,0,-1,0,25,0,-1,2,1,2,1,4,4,3,8,1,0,2,1,1,3,1,22,70,62,106,1.32,1.41,2.73,0,0,0,0,0,0,1,1,0,0,1,1,0,0,1,15,18,1,10,14,1,13,8,50,50,0,25,2.17,1.69,3.0,0.5,1.75,0.5,50,50,1.24,1.28,2.52,25,True,True,False,False,False,False,True,2.08,3.44,1.78,2.05,3.53,1.99,4.10,1.98,1.89,,,1.41,1.41,2.97,2.96,1.34
England_Premier_League_2025-2026,2025/2026,5,Arsenal,Manchester City,2025-09-21 15:30:00,1,1,2,11,1,12,1,2,0,0,3,3,9,2,12,5,11,10,67,33,Emirates Stadium,"Queensland Road, London",1,2,2.0,3.6,3.6,1.26,1.75,2.88,1.71,2.16,1.54,1.92,2.42,1.91,1.33,2.63,3.31,1.44,2,0,1,1,0,1,1,-1,0,25,0,-1,2,1,5,0,6,1,5,7,0,1,1,1,1,2,1,66,46,106,63,1.45,0.86,2.31,0,0,0,0,0,0,1,1,0,1,0,0,0,0,1,20,24,1,12,15,1,1,8,100,100,50,100,2.46,1.62,3.0,1.5,2.25,1.5,0,0,1.89,1.47,3.36,25,True,True,False,False,False,False,True,1.81,2.93,1.92,1.91,3.58,3.75,2.07,2.29,1.67,1.54,2.42,1.52,1.34,3.35,2.57,1.26
England_Premier_League_2025-2026,2025/2026,6,Brentford,Manchester United,2025-09-27 11:30:00,3,1,4,4,2,6,2,2,0,0,8,6,2,8,10,14,14,10,44,56,,,2,2,3.25,3.75,2.1,1.2,1.61,2.54,1.53,2.3,1.28,1.59,3.05,2.25,1.29,2.4,3.4,1.53,4,2,1,1,0,1,3,218,0,50,0,17193,2,1,3,2,1,0,5,1,0,0,2,2,0,4,1,39,35,105,98,1.48,1.56,3.05,0,0,0,0,0,0,1,1,1,0,0,0,0,0,1,22,17,1,11,15,1,9,3,50,75,0,75,2.0,1.42,2.0,0.5,0.8,1.4,50,25,0.98,1.27,2.25,25,True,True,True,True,False,False,True,1.58,2.46,1.62,2.28,3.83,2.15,3.32,2.63,1.53,,,1.61,1.35,3.24,2.36,
England_Premier_League_2025-2026,2025/2026,6,Manchester City,Burnley,2025-09-27 14:00:00,5,1,6,10,2,12,1,3,0,0,8,2,13,7,21,9,5,7,69,31,Etihad Stadium,"Rowsley Street, Manchester",1,3,1.09,6.9,18.0,1.11,1.45,2.29,2.06,1.75,1.44,1.92,2.6,2.02,1.23,2.14,3.8,1.76,6,1,1,4,0,4,2,93,0,25,0,52427,2,1,5,0,5,2,5,7,0,2,1,1,2,2,1,77,25,110,65,2.43,0.89,3.33,0,0,0,0,0,0,1,1,0,0,1,0,0,0,1,22,14,1,7,5,1,4,11,75,100,25,100,2.42,0.42,1.5,0.0,1.4,0.8,25,0,1.41,1.1,2.51,25,True,True,True,True,True,True,True,1.45,2.18,1.92,1.92,7.75,17.00,1.19,1.75,2.14,1.52,2.50,1.74,,,2.09,
England_Premier_League_2025-2026,2025/2026,6,Crystal Palace,Liverpool,2025-09-27 14:00:00,2,1,3,2,6,8,1,3,0,0,7,4,9,16,16,20,10,8,28,72,Selhurst Park,"Holmesdale Road, London",1,3,3.85,3.7,1.85,1.22,1.67,2.78,1.62,2.2,1.39,1.65,2.78,2.19,1.3,2.35,3.3,1.5,3,1,0,1,1,2,1,143,0,50,0,25118,2,1,1,3,1,3,4,4,0,1,1,2,1,3,1,26,61,82,149,1.69,1.99,3.68,0,0,0,0,0,0,1,1,1,0,1,0,0,0,1,20,18,1,8,10,1,16,8,25,50,0,50,1.0,1.25,1.0,3.0,1.8,3.0,75,50,1.36,1.8,3.16,25,True,True,True,False,False,False,True,1.75,2.80,1.68,2.20,3.73,1.88,4.34,2.30,1.67,,,1.52,,,2.60,
England_Premier_League_2025-2026,2025/2026,6,Chelsea,Brighton & Hove Albion,2025-09-27 14:00:00,1,3,4,5,7,12,3,5,1,0,3,3,10,9,13,12,9,16,60,40,,,5,5,1.85,3.7,3.75,1.17,1.66,2.4,1.57,2.3,1.42,2.08,2.57,1.95,1.29,2.38,3.4,1.53,4,1,0,0,3,3,1,209,0,25,0,39597,2,1,5,3,0,3,8,3,1,1,3,4,2,7,1,40,53,90,74,1.32,1.35,2.67,0,0,0,0,0,0,1,1,0,0,3,1,0,1,1,21,19,1,16,9,1,11,5,25,75,0,75,1.75,0.83,2.0,0.0,1.6,1.0,75,25,1.76,1.15,2.91,25,True,True,True,True,False,False,True,1.70,2.65,1.86,1.98,3.63,3.77,2.05,2.45,1.60,1.49,2.54,1.57,,,2.42,
England_Premier_League_2025-2026,2025/2026,6,Leeds United,AFC Bournemouth,2025-09-27 14:00:00,2,2,4,7,4,11,2,2,0,0,8,5,11,7,19,12,12,13,41,59,Elland Road,"Elland Road, Leeds, West Yorkshire",2,2,2.8,3.0,2.47,1.3,2.06,3.45,1.73,2.05,1.42,1.72,2.7,1.97,1.4,2.75,2.8,1.4,4,1,1,1,1,2,2,-1,0,25,0,36574,2,1,2,2,5,2,4,7,0,1,2,1,1,3,1,41,64,86,124,2.05,1.58,3.63,0,0,0,0,0,0,1,1,0,0,0,1,0,0,1,14,28,1,13,12,1,11,5,25,25,0,50,1.69,0.92,2.0,1.5,1.4,2.0,75,75,1.49,1.56,3.05,25,True,True,True,True,False,False,True,,,1.96,1.88,3.30,2.52,3.05,2.12,1.78,1.53,2.46,1.41,1.40,3.02,2.95,
England_Premier_League_2025-2026,2025/2026,6,Nottingham Forest,Sunderland,2025-09-27 16:30:00,0,1,1,7,4,11,4,2,0,0,6,3,16,8,22,11,11,6,65,35,The City Ground,"Pavilion Road, Nottingham, Nottinghamshire",4,2,1.64,3.75,4.5,1.3,1.95,3.34,1.85,1.85,1.42,1.71,2.65,2.08,1.4,2.8,2.8,1.39,1,0,1,0,0,0,1,156,0,25,0,30226,2,1,3,1,4,3,4,7,2,2,2,0,4,2,1,94,29,121,65,2.48,1.11,3.59,0,0,0,0,0,0,1,1,0,0,0,1,0,1,1,24,13,1,7,11,1,4,12,50,75,25,25,1.0,0.77,1.5,0.5,1.0,1.6,50,25,1.47,0.88,2.35,25,True,False,False,False,False,False,False,2.05,3.53,1.72,2.13,3.79,4.82,1.78,1.92,1.95,,,1.41,1.41,2.99,2.97,1.32
England_Premier_League_2025-2026,2025/2026,6,Tottenham Hotspur,Wolverhampton Wanderers,2025-09-27 19:00:00,1,1,2,10,9,19,3,2,0,0,3,3,7,6,10,9,9,11,51,49,,,3,2,1.48,4.7,6.0,1.27,1.68,2.9,1.75,1.95,1.28,1.75,2.97,2.25,1.3,2.65,3.25,1.5,2,0,0,1,1,2,0,-1,0,0,0,60537,2,1,8,5,2,4,13,6,1,2,2,0,3,2,1,73,26,108,97,1.37,0.98,2.35,0,0,0,0,0,0,1,1,0,0,0,2,0,0,1,24,25,1,11,11,1,6,6,25,25,0,100,0.83,0.25,1.5,0.0,2.0,0.0,75,75,1.27,0.86,2.13,25,True,True,False,False,False,False,True,1.78,2.90,1.60,2.31,4.30,6.75,1.54,1.99,1.88,,,,,,,1.26
England_Premier_League_2025-2026,2025/2026,6,Aston Villa,Fulham,2025-09-28 13:00:00,3,1,4,2,8,10,1,4,0,0,4,4,5,7,9,11,10,13,48,52,,,1,4,2.3,3.0,3.05,1.33,2.08,3.7,1.75,1.95,1.31,1.58,2.77,2.17,1.46,3.0,2.75,1.36,4,1,1,2,0,2,2,158,0,25,0,40350,2,1,2,4,0,4,6,4,1,3,0,1,4,1,1,35,57,88,81,1.11,1.39,2.49,0,0,0,0,0,0,1,1,0,1,0,1,0,0,1,10,18,1,17,12,1,9,4,25,75,0,50,2.08,0.92,0.5,0.5,0.6,1.6,75,25,1.12,1.04,2.16,25,True,True,True,True,False,False,True,2.06,3.65,1.72,2.13,3.41,3.39,2.28,2.08,1.81,,,,,,,1.33
England_Premier_League_2025-2026,2025/2026,6,Newcastle United,Arsenal,2025-09-28 15:30:00,1,2,3,7,12,19,2,1,0,0,3,7,5,13,8,20,8,9,37,63,,,2,1,3.6,3.32,2.15,1.36,2.26,4.2,1.96,1.87,1.38,1.73,2.55,2.0,1.4,3.18,2.72,1.32,3,1,0,0,2,2,1,59,0,25,0,52199,2,1,6,5,1,7,11,8,0,0,2,1,0,3,1,34,65,68,98,0.96,2.21,3.18,0,0,0,0,0,0,1,1,0,0,0,1,0,0,1,21,19,1,9,9,1,7,3,25,25,0,75,1.77,2.0,1.5,1.5,1.2,2.0,75,75,1.58,1.09,2.67,25,True,True,True,False,False,False,True,2.13,3.53,1.72,2.12,3.35,2.27,3.46,1.99,1.88,1.47,2.65,,,,,1.36
England_Premier_League_2025-2026,2025/2026,6,Everton,West Ham United,2025-09-29 19:00:00,1,1,2,3,5,8,3,4,0,0,6,3,6,11,12,14,7,16,52,48,,,3,4,1.67,3.7,5.52,1.32,1.91,3.3,1.83,1.9,1.33,1.62,2.7,2.11,1.36,2.75,2.9,1.4,2,1,0,0,1,1,1,-1,0,0,0,51890,2,1,1,0,2,5,1,7,1,1,2,3,2,5,1,49,44,103,96,1.54,1.41,2.95,0,0,0,0,0,0,1,1,0,0,0,0,0,0,1,19,22,1,18,7,1,7,9,50,75,0,25,1.33,1.0,2.0,1.5,1.4,0.6,50,25,1.56,1.51,3.07,25,True,True,False,False,False,False,True,1.91,3.26,,,3.95,5.55,1.67,2.00,1.88,,,1.43,1.39,3.07,2.89,1.29
England_Premier_League_2025-2026,2025/2026,7,AFC Bournemouth,Fulham,2025-10-03 19:00:00,3,1,4,4,3,7,0,1,0,0,6,4,5,8,11,12,8,10,54,46,Vitality Stadium,"Dean Court, Kings Park, Bournemouth, Dorset",0,1,1.95,3.55,3.45,1.29,2.06,3.28,1.8,1.95,1.36,1.57,2.85,2.19,1.41,2.88,2.9,1.39,4,0,0,3,1,4,0,148,0,50,0,11165,2,1,2,1,2,2,3,4,0,0,0,1,0,1,1,71,51,145,90,1.64,1.41,3.05,0,0,0,0,0,0,1,1,0,0,0,0,0,0,1,28,19,1,12,10,1,6,14,33,67,17,67,1.77,0.92,2.33,0.33,1.83,1.33,67,34,1.42,1.15,2.57,25,True,True,True,True,False,False,True,2.15,3.59,1.66,2.23,3.47,4.20,1.99,1.97,1.90,,,1.36,1.45,2.80,3.21,1.34
England_Premier_League_2025-2026,2025/2026,7,Leeds United,Tottenham Hotspur,2025-10-04 11:30:00,1,2,3,4,1,5,2,3,0,0,4,3,12,6,16,9,10,12,57,43,Elland Road,"Elland Road, Leeds, West Yorkshire",2,3,2.68,3.3,2.36,1.29,1.99,3.3,1.73,2.0,1.22,1.69,3.5,2.57,1.36,2.75,2.9,1.4,3,1,1,0,1,1,2,92,0,33,0,36703,2,1,2,0,2,1,2,3,0,2,2,1,2,3,1,35,38,75,74,1.54,1.06,2.6,0,0,0,0,0,0,1,1,0,0,1,0,0,0,1,15,14,1,14,11,1,9,18,50,67,50,50,1.69,1.46,1.67,2.33,1.33,1.83,50,34,1.68,1.39,3.07,25,True,True,True,False,False,False,True,1.97,3.40,1.58,2.35,3.45,2.64,2.78,2.18,1.74,,,1.42,1.38,3.10,2.91,1.30
England_Premier_League_2025-2026,2025/2026,7,Arsenal,West Ham United,2025-10-04 14:00:00,2,0,2,8,3,11,0,2,0,0,5,0,16,4,21,4,14,14,68,32,Emirates Stadium,"Queensland Road, London",0,2,1.23,6.8,16.0,1.15,1.5,2.33,2.16,1.63,1.32,1.78,2.85,2.26,1.25,2.15,3.7,1.65,2,1,0,1,0,1,1,59,0,33,0,60181,2,1,2,1,6,2,3,8,0,0,0,2,0,2,1,72,24,109,65,2.19,0.44,2.62,1,0,1,0,0,0,1,1,0,0,0,1,0,0,1,16,18,1,13,14,1,4,7,67,100,17,67,2.46,1.0,2.33,1.33,2.17,0.67,33,0,1.75,1.48,3.23,25,True,True,False,False,False,False,False,1.41,2.06,,,7.85,17.50,1.18,1.79,2.08,,,1.87,,,1.97,
England_Premier_League_2025-2026,2025/2026,7,Manchester United,Sunderland,2025-10-04 14:00:00,2,0,2,2,3,5,1,4,0,0,6,3,9,5,15,8,10,12,50,50,Old Trafford,"Sir Matt Busby Way, Manchester",1,4,1.5,4.6,6.0,1.19,1.66,2.57,1.77,1.95,1.36,1.62,2.85,2.18,1.3,2.4,3.3,1.53,2,2,0,0,0,0,2,149,0,34,0,74004,2,1,1,2,1,1,3,2,0,2,1,2,2,3,1,38,42,110,97,1.65,1.03,2.68,0,0,0,0,0,0,1,1,1,0,0,0,0,0,1,23,20,1,12,10,1,8,7,34,50,17,67,2.08,0.77,2.0,1.33,1.17,1.83,67,50,2.05,0.95,3.0,25,True,True,False,False,False,False,False,1.68,2.75,1.68,2.19,4.25,5.15,1.67,2.16,1.75,,,1.58,,,2.42,
England_Premier_League_2025-2026,2025/2026,7,Chelsea,Liverpool,2025-10-04 16:30:00,2,1,3,7,2,9,0,2,0,0,6,2,6,10,12,12,9,8,53,47,,,0,2,2.85,3.6,2.12,1.11,1.48,2.36,1.43,2.5,1.42,1.7,2.65,2.12,1.25,2.15,3.5,1.67,3,1,0,1,1,2,1,152,0,50,0,-1,2,1,1,2,6,0,3,6,0,1,0,1,1,1,1,57,48,101,100,1.59,1.25,2.84,0,0,0,0,0,0,1,1,0,0,0,1,0,0,1,17,23,1,9,11,1,12,10,50,67,0,67,1.75,1.25,1.33,2.0,1.33,2.5,50,33,1.61,1.86,3.47,25,True,True,True,False,False,False,True,1.60,2.44,1.74,2.11,3.66,2.40,2.97,2.77,1.49,,,1.69,,,2.21,
England_Premier_League_2025-2026,2025/2026,7,Everton,Crystal Palace,2025-10-05 13:00:00,2,1,3,2,4,6,2,3,0,0,7,8,7,7,14,15,13,16,50,50,,,2,3,2.29,3.25,2.7,1.4,2.25,3.88,1.89,1.92,1.44,1.73,2.58,1.96,1.46,3.1,2.7,1.33,3,0,1,2,0,2,1,144,0,33,0,51770,2,1,0,4,2,0,4,2,0,0,2,3,0,5,1,50,46,123,94,1.74,1.84,3.59,1,0,1,0,0,0,1,1,0,0,0,1,0,0,1,31,22,1,15,13,1,4,5,34,67,0,67,1.33,1.54,1.67,2.33,1.33,2.0,67,33,1.55,1.21,2.76,25,True,True,True,False,False,False,True,2.36,,1.88,1.97,3.14,2.95,2.70,1.92,1.95,1.50,2.56,1.32,1.48,2.69,3.45,1.41
England_Premier_League_2025-2026,2025/2026,7,Wolverhampton Wanderers,Brighton & Hove Albion,2025-10-05 13:00:00,1,1,2,2,8,10,2,4,0,0,3,6,3,11,6,17,13,9,42,58,Molineux Stadium,"Waterloo Road, Wolverhampton, West Midlands",2,4,3.35,3.6,2.01,1.25,1.8,3.0,1.7,2.08,1.52,2.16,2.42,1.87,1.37,2.7,3.0,1.44,2,1,0,0,1,1,1,-1,0,67,0,29504,2,1,2,3,0,5,5,5,0,4,2,0,4,2,1,27,63,77,115,0.79,1.95,2.74,0,0,0,0,0,0,1,1,0,0,0,1,0,0,1,16,23,1,12,14,1,11,3,84,100,50,100,0.38,0.83,0.0,1.0,0.17,1.33,17,0,1.42,1.21,2.63,25,True,True,False,False,False,False,True,1.81,3.01,1.99,1.85,3.53,2.17,3.53,2.32,1.66,1.59,2.34,1.47,1.35,3.28,2.71,1.27
England_Premier_League_2025-2026,2025/2026,7,Aston Villa,Burnley,2025-10-05 13:00:00,2,1,3,6,4,10,3,0,0,0,7,2,8,3,15,5,9,15,55,45,,,3,0,1.61,3.9,5.5,1.3,1.9,3.25,1.87,1.85,1.35,1.58,2.88,2.18,1.36,2.7,2.93,1.43,3,1,0,1,1,2,1,158,0,50,0,40308,2,1,3,2,3,2,5,5,0,0,3,0,0,3,1,30,32,89,82,1.66,0.7,2.36,0,0,0,0,0,0,1,1,0,0,1,0,0,0,1,9,17,1,15,9,1,4,8,84,84,33,84,2.08,0.42,1.33,0.0,1.0,0.67,17,17,1.12,1.03,2.15,25,True,True,True,False,False,False,True,1.97,3.39,1.68,2.19,4.23,6.36,1.56,1.83,2.05,,,,,,,1.31
England_Premier_League_2025-2026,2025/2026,7,Newcastle United,Nottingham Forest,2025-10-05 13:00:00,2,0,2,8,1,9,0,4,0,0,9,4,9,1,18,5,16,15,51,49,,,0,4,1.55,4.3,4.8,1.25,1.74,2.57,1.81,2.0,1.29,1.64,3.15,2.55,1.34,2.4,3.31,1.53,2,0,0,2,0,2,0,157,0,67,0,52189,2,1,3,1,5,0,4,5,0,2,0,2,2,2,1,60,37,118,67,2.2,0.87,3.07,1,0,1,0,0,0,1,1,0,0,1,0,0,0,1,25,17,1,16,16,1,4,8,50,84,17,100,1.77,1.08,1.0,0.67,1.0,0.83,50,17,1.38,1.27,2.65,25,True,True,False,False,False,False,False,1.68,2.66,1.50,2.55,4.40,6.11,1.55,2.12,1.78,,,1.56,1.34,3.31,2.45,1.25
England_Premier_League_2025-2026,2025/2026,7,Brentford,Manchester City,2025-10-05 15:30:00,0,1,1,3,2,5,3,2,0,0,1,4,5,6,6,10,10,6,30,70,,,3,2,5.0,4.1,1.65,1.18,1.57,2.57,1.62,2.15,1.36,1.72,2.8,2.1,1.29,2.25,3.58,1.57,1,0,1,0,0,0,1,93,0,67,0,-1,2,1,1,2,2,0,3,2,1,0,2,2,1,4,1,37,44,71,140,0.72,1.25,1.97,0,0,0,0,0,0,1,1,0,1,0,1,0,0,1,16,17,1,7,11,1,3,8,67,84,33,100,2.0,1.62,2.33,1.33,1.17,1.67,33,17,1.15,1.26,2.41,25,True,False,False,False,False,False,False,1.62,2.55,,,4.25,1.67,5.15,2.33,1.65,,,1.59,,,2.41,
England_Premier_League_2025-2026,2025/2026,8,Nottingham Forest,Chelsea,2025-10-18 11:30:00,0,3,3,5,2,7,2,3,0,1,2,6,10,11,12,17,13,16,50,50,The City Ground,"Pavilion Road, Nottingham, Nottinghamshire",2,4,3.3,3.75,1.95,1.2,1.76,2.63,1.62,2.2,1.38,1.73,2.75,2.08,1.33,2.5,3.33,1.5,3,0,0,0,3,3,0,152,0,67,0,30495,2,1,0,0,5,2,0,7,1,0,1,4,1,5,1,55,40,86,106,1.29,1.79,3.08,0,0,0,0,0,0,1,1,0,0,0,0,0,0,1,20,12,1,17,13,1,9,14,84,84,50,84,1.0,1.69,1.0,1.33,0.71,1.57,17,17,1.81,1.4,3.21,25,True,True,True,False,False,False,False,1.91,3.13,1.64,2.26,3.51,2.37,3.12,2.24,1.70,,,1.46,1.36,3.22,2.77,1.27
England_Premier_League_2025-2026,2025/2026,8,Burnley,Leeds United,2025-10-18 14:00:00,2,0,2,1,5,6,2,1,0,0,3,4,1,15,4,19,10,7,31,69,Turf Moor,"Harry Potts Way, Burnley",2,1,3.5,3.2,2.2,1.43,2.37,4.0,2.03,1.85,1.51,1.85,2.34,1.85,1.51,3.38,2.7,1.35,2,1,0,1,0,1,1,145,0,33,0,21646,2,1,1,3,0,2,4,2,0,0,2,1,0,3,1,23,108,43,60,0.63,2.23,2.86,0,0,0,0,0,0,1,1,0,0,0,0,0,0,1,20,25,1,7,10,1,11,3,34,67,50,50,0.77,0.58,1.33,1.0,0.57,1.14,67,33,0.87,0.79,1.66,25,True,True,False,False,False,False,False,2.39,,2.06,1.78,3.25,2.26,3.61,1.84,2.04,1.64,2.27,1.33,1.51,2.63,3.38,1.44
England_Premier_League_2025-2026,2025/2026,8,Manchester City,Everton,2025-10-18 14:00:00,2,0,2,11,3,14,0,2,0,0,7,1,12,4,19,5,8,14,71,29,Etihad Stadium,"Rowsley Street, Manchester",0,2,1.45,4.7,6.75,1.2,1.68,2.7,1.91,1.95,1.47,1.83,2.5,2.02,1.34,2.38,3.35,1.51,2,0,0,2,0,2,0,93,0,50,0,52498,2,1,8,1,3,2,9,5,0,1,0,1,1,1,1,72,26,118,54,2.21,0.58,2.79,0,0,0,0,0,0,1,1,0,0,1,0,0,0,1,23,11,1,14,8,1,3,9,67,84,67,84,2.42,1.62,2.0,1.0,1.86,1.57,33,17,1.75,1.06,2.81,25,True,True,False,False,False,False,False,1.71,2.76,,,4.45,9.00,1.44,1.96,1.90,,,1.53,1.34,3.32,2.55,
England_Premier_League_2025-2026,2025/2026,8,Brighton & Hove Albion,Newcastle United,2025-10-18 14:00:00,2,1,3,8,4,12,0,1,0,0,5,3,8,13,13,16,9,8,46,54,The American Express Community Stadium,"Village Way, Falmer, East Sussex",0,1,2.7,3.5,2.55,1.27,1.9,2.96,1.63,2.18,1.39,1.71,2.67,2.02,1.35,2.8,3.1,1.46,3,1,0,1,1,2,1,209,0,50,0,31620,2,1,7,0,1,4,7,5,0,0,0,1,0,1,1,100,119,137,114,1.9,2.07,3.97,0,0,0,0,0,0,1,1,0,0,0,0,0,0,1,15,23,1,9,9,1,12,5,34,50,17,34,1.62,0.83,1.67,1.0,1.29,1.29,67,50,1.27,1.14,2.41,25,True,True,True,False,False,False,True,1.76,2.92,1.79,2.04,3.58,2.40,3.02,2.42,1.61,,,1.48,1.35,3.29,2.69,1.25
England_Premier_League_2025-2026,2025/2026,8,Sunderland,Wolverhampton Wanderers,2025-10-18 14:00:00,2,0,2,2,2,4,0,0,0,0,2,3,6,13,8,16,5,12,41,59,Stadium of Light,"Millenium Way, Sunderland",0,0,2.53,3.05,3.03,1.5,2.5,4.5,1.95,1.77,1.54,2.23,2.55,1.88,1.5,3.58,2.4,1.32,2,1,0,1,0,1,1,156,0,50,0,46578,2,-1,2,1,0,1,3,1,0,0,0,0,0,0,1,55,78,95,132,1.05,1.79,2.84,0,0,0,0,0,0,1,1,0,0,0,0,-1,-1,1,17,26,1,12,5,1,16,7,34,67,0,34,2.17,0.25,2.33,0.33,1.57,0.29,67,34,1.27,0.9,2.17,25,True,True,False,False,False,False,False,2.45,,1.94,1.91,3.11,3.22,2.53,1.85,2.02,1.53,2.46,1.32,1.53,2.54,3.42,1.45
England_Premier_League_2025-2026,2025/2026,8,Crystal Palace,AFC Bournemouth,2025-10-18 14:00:00,3,3,6,6,5,11,1,4,0,0,7,5,13,3,20,8,8,16,52,48,Selhurst Park,"Holmesdale Road, London",1,4,2.2,3.0,3.05,1.3,1.8,3.02,1.67,2.26,1.41,1.7,2.68,2.12,1.38,2.75,3.0,1.44,6,0,2,3,1,4,2,-1,0,67,0,25125,2,1,3,3,3,2,6,5,0,2,1,2,2,3,1,78,43,44,45,2.29,1.16,3.45,1,0,1,0,0,0,1,1,0,1,0,3,0,1,1,17,14,1,15,8,1,4,11,50,67,17,84,1.0,0.92,1.67,1.33,1.71,2.0,50,33,1.47,1.57,3.04,25,True,True,True,True,True,True,True,1.79,3.04,,,3.44,3.62,2.17,2.33,1.65,,,,,,,1.27
England_Premier_League_2025-2026,2025/2026,8,Fulham,Arsenal,2025-10-18 16:30:00,0,1,1,6,10,16,0,0,0,0,0,5,9,11,9,16,11,4,37,63,Craven Cottage,"Stevenage Road, London",0,0,7.0,4.0,1.42,1.31,2.0,3.44,2.05,1.63,1.45,1.6,2.6,2.0,1.34,2.75,2.81,1.4,1,0,0,0,1,1,0,59,0,50,0,27736,2,-1,4,4,2,6,8,8,0,0,0,0,0,0,1,35,77,43,79,0.82,1.9,2.72,0,0,0,0,0,0,1,1,0,0,0,0,-1,-1,1,17,15,1,6,11,1,11,8,33,50,17,50,1.77,2.0,2.33,2.0,1.14,2.29,67,50,1.25,1.46,2.71,25,True,False,False,False,False,False,False,2.00,3.50,,,4.20,1.53,7.35,1.76,2.14,,,,,,,1.32
England_Premier_League_2025-2026,2025/2026,8,Tottenham Hotspur,Aston Villa,2025-10-19 13:00:00,1,2,3,6,6,12,2,0,0,0,3,2,7,6,10,8,11,7,53,47,,,2,0,2.07,3.56,3.4,1.28,1.89,3.16,1.65,2.21,1.27,1.47,3.34,2.42,1.38,2.74,3.02,1.46,3,1,1,0,1,1,2,158,0,33,0,61291,2,1,4,2,2,4,6,6,1,0,1,0,1,1,1,57,42,81,78,1.25,0.95,2.21,0,0,0,0,0,0,1,1,1,0,1,0,0,0,1,23,22,1,8,17,1,6,7,17,50,0,50,0.83,1.69,1.33,0.67,2.0,1.29,84,50,1.3,1.32,2.62,25,True,True,True,False,False,False,True,1.88,3.15,,,3.50,3.22,2.32,2.28,1.68,,,1.46,1.34,3.17,2.66,1.27
England_Premier_League_2025-2026,2025/2026,8,Liverpool,Manchester United,2025-10-19 15:30:00,1,2,3,9,4,13,0,2,0,0,6,4,13,8,19,12,8,14,64,36,Anfield,"Anfield Road, Liverpool",0,2,1.6,4.0,4.6,1.14,1.48,2.19,1.5,2.45,1.38,1.51,2.75,2.12,1.22,2.1,4.0,1.67,3,0,1,1,1,2,1,149,0,67,0,60337,2,1,2,2,7,2,4,9,0,0,0,2,0,2,1,72,28,121,85,2.14,1.25,3.38,0,0,0,0,0,0,1,1,0,1,0,0,0,0,1,31,17,1,15,8,1,7,18,67,84,33,67,1.85,1.42,3.0,0.33,2.14,1.43,33,17,1.51,1.37,2.88,25,True,True,True,False,False,False,True,1.46,2.16,1.62,2.28,4.50,4.50,1.70,2.73,1.50,,,1.71,,,2.12,
England_Premier_League_2025-2026,2025/2026,8,West Ham United,Brentford,2025-10-20 19:00:00,0,2,2,6,10,16,1,1,0,0,1,7,6,15,7,22,10,10,44,56,London Stadium,"Marshgate Lane, Stratford, London",1,1,2.49,3.3,2.8,1.25,1.9,3.12,1.7,2.1,1.34,1.72,3.02,2.28,1.33,2.7,3.0,1.44,2,0,1,0,1,1,1,218,0,84,0,62452,2,1,6,7,0,3,13,3,0,0,1,1,0,2,1,36,58,94,104,0.78,2.29,3.08,0,0,0,0,0,0,1,1,0,0,3,0,0,0,1,26,23,1,12,13,1,9,8,100,100,50,67,0.83,1.15,0.0,0.0,0.57,1.0,0,0,1.17,1.0,2.17,25,True,True,False,False,False,False,False,1.97,3.33,1.63,2.25,3.30,2.63,2.91,2.26,1.69,,,,,,,1.29
England_Premier_League_2025-2026,2025/2026,9,Leeds United,West Ham United,2025-10-24 19:00:00,2,1,3,3,4,7,3,3,0,0,5,3,8,6,13,9,12,11,41,59,Elland Road,"Elland Road, Leeds, West Yorkshire",3,3,2.1,3.45,3.5,1.31,2.0,3.6,1.85,1.85,1.44,1.94,2.58,2.02,1.38,2.88,2.8,1.38,3,2,0,0,1,1,2,222,0,38,0,36788,2,1,1,0,1,4,1,5,0,1,3,2,1,5,1,25,49,82,144,1.36,1.15,2.51,0,0,0,0,0,0,1,1,1,0,0,0,0,0,1,18,30,1,12,13,1,8,5,50,75,25,50,1.69,1.0,1.25,1.0,1.0,0.5,50,25,1.64,1.22,2.86,25,True,True,True,False,False,False,True,2.04,3.50,1.73,2.12,3.68,4.74,1.83,1.98,1.89,,,1.42,1.39,3.06,2.93,1.32
England_Premier_League_2025-2026,2025/2026,9,Newcastle United,Fulham,2025-10-25 14:00:00,2,1,3,4,3,7,0,2,0,0,7,5,11,7,18,12,11,18,51,49,,,0,2,1.57,4.0,5.5,1.26,1.87,3.25,2.04,1.91,1.32,1.55,2.97,2.3,1.34,2.7,3.05,1.45,3,1,0,1,1,2,1,157,0,63,0,52152,2,1,3,2,1,1,5,2,0,1,0,1,1,1,1,48,42,109,76,1.97,1.41,3.39,0,0,0,0,0,0,1,1,0,0,1,0,0,1,1,19,23,1,18,11,1,5,8,50,88,13,63,1.77,0.92,1.5,0.25,1.13,1.0,50,13,1.58,1.22,2.8,25,True,True,True,False,False,False,True,1.85,3.09,1.54,2.44,4.15,6.00,1.61,1.97,1.90,,,1.46,1.37,3.19,2.78,1.27
England_Premier_League_2025-2026,2025/2026,9,Chelsea,Sunderland,2025-10-25 14:00:00,1,2,3,9,1,10,1,1,0,0,7,4,9,6,16,10,15,13,68,32,,,1,1,1.45,4.75,8.0,1.23,1.72,2.78,1.99,1.78,1.44,1.95,2.54,2.0,1.3,2.6,3.2,1.5,3,1,1,0,1,1,2,156,0,25,0,-1,2,1,5,0,4,1,5,5,0,0,1,1,0,2,1,82,21,123,76,2.09,1.07,3.16,0,0,0,0,0,0,1,1,1,0,0,0,0,0,1,15,13,1,13,15,1,4,8,25,63,13,63,1.75,0.77,1.75,1.0,1.75,1.75,75,38,1.61,0.97,2.58,25,True,True,True,False,False,False,True,1.72,2.78,1.79,2.04,4.70,7.85,1.45,1.94,1.92,1.48,2.61,1.52,1.32,3.33,2.56,
England_Premier_League_2025-2026,2025/2026,9,Manchester United,Brighton & Hove Albion,2025-10-25 16:30:00,4,2,6,1,6,7,2,2,0,0,9,5,4,12,13,17,4,13,44,56,Old Trafford,"Sir Matt Busby Way, Manchester",2,2,2.05,3.75,3.35,1.17,1.53,2.39,1.45,2.75,1.6,1.95,2.25,1.75,1.25,2.2,3.75,1.62,6,2,0,2,2,4,2,149,0,63,0,73987,2,1,0,3,1,3,3,4,0,1,2,1,1,3,1,47,47,120,104,1.8,1.76,3.57,0,0,0,0,0,0,1,1,0,0,0,0,0,0,1,16,14,1,15,6,1,12,7,50,88,25,100,2.08,0.83,2.25,1.0,1.63,1.5,50,13,1.95,1.4,3.35,25,True,True,True,True,True,True,True,1.55,2.33,1.85,2.00,3.85,3.54,2.06,2.75,1.48,1.52,2.49,1.66,,,2.27,
England_Premier_League_2025-2026,2025/2026,9,Brentford,Liverpool,2025-10-25 19:00:00,3,2,5,5,4,9,3,2,0,0,8,5,9,13,17,18,7,10,34,66,,,3,2,4.5,4.4,1.65,1.12,1.53,2.17,1.52,2.51,1.35,1.83,2.88,2.19,1.27,2.3,3.6,1.62,5,2,1,1,1,2,3,218,0,63,0,17214,2,1,1,0,4,3,1,7,0,1,3,1,1,4,1,55,66,94,111,2.03,1.96,3.99,1,0,1,0,0,0,1,1,1,0,0,0,0,0,1,23,15,1,9,9,1,7,10,63,63,13,88,2.0,1.25,1.75,1.5,1.25,1.88,38,38,1.04,1.71,2.75,25,True,True,True,True,True,False,True,1.58,2.41,1.63,2.28,3.93,1.85,4.25,2.58,1.55,,,,,,,
England_Premier_League_2025-2026,2025/2026,9,AFC Bournemouth,Nottingham Forest,2025-10-26 14:00:00,2,0,2,6,4,10,3,1,0,0,5,4,8,4,13,8,17,7,52,48,Vitality Stadium,"Dean Court, Kings Park, Bournemouth, Dorset",3,1,1.86,3.59,4.0,1.26,1.85,3.36,1.75,2.0,1.33,1.76,3.3,2.35,1.36,2.65,2.87,1.42,2,2,0,0,0,0,2,148,0,50,0,11204,2,1,5,1,1,3,6,4,1,1,2,0,2,2,1,46,37,102,102,1.51,1.07,2.57,0,0,0,0,0,0,1,1,0,0,1,0,0,0,1,21,19,1,7,20,1,7,7,38,75,13,63,1.77,1.08,2.5,0.5,1.88,0.63,63,25,1.48,1.17,2.65,25,True,True,False,False,False,False,False,1.87,3.13,1.60,2.30,3.53,3.97,2.03,2.21,1.72,,,1.44,1.38,3.10,2.85,1.26
England_Premier_League_2025-2026,2025/2026,9,Wolverhampton Wanderers,Burnley,2025-10-26 14:00:00,2,3,5,4,3,7,1,0,0,0,7,7,8,4,15,11,12,7,57,43,Molineux Stadium,"Waterloo Road, Wolverhampton, West Midlands",1,0,1.84,3.25,3.9,1.39,2.2,4.15,2.0,1.71,1.6,1.98,2.2,1.68,1.49,3.2,2.4,1.3,5,2,2,0,1,1,4,145,0,75,0,29116,2,1,1,1,3,2,2,5,1,0,0,0,1,0,1,64,29,124,90,1.91,1.4,3.31,1,0,1,0,0,0,1,1,0,0,0,1,0,0,1,14,18,1,7,14,1,3,10,88,100,50,100,0.38,0.42,0.25,0.0,0.25,0.88,13,0,1.26,0.95,2.21,25,True,True,True,True,True,False,True,2.32,,2.05,1.78,3.41,4.56,1.93,1.82,2.06,1.63,2.27,1.32,1.49,2.68,3.42,1.42
England_Premier_League_2025-2026,2025/2026,9,Arsenal,Crystal Palace,2025-10-26 14:00:00,1,0,1,4,3,7,0,0,0,0,3,1,7,6,10,7,6,11,60,40,Emirates Stadium,"Queensland Road, London",0,0,1.4,4.86,8.36,1.25,1.82,2.92,2.07,1.81,1.34,1.65,2.97,2.2,1.3,2.5,3.2,1.49,1,1,0,0,0,0,1,59,0,38,0,60103,2,-1,0,2,4,1,2,5,0,0,0,0,0,0,1,51,41,109,91,1.22,0.82,2.04,0,0,0,0,0,0,1,1,0,0,0,1,-1,-1,1,17,19,1,12,8,1,9,6,63,88,13,88,2.46,1.54,2.5,1.75,2.38,1.63,38,13,1.86,1.37,3.23,25,True,False,False,False,False,False,False,1.70,2.75,1.62,2.28,5.00,9.00,1.39,1.87,2.00,,,,,,,1.26
England_Premier_League_2025-2026,2025/2026,9,Aston Villa,Manchester City,2025-10-26 14:00:00,1,0,1,5,6,11,1,4,0,0,3,4,6,14,9,18,8,16,47,53,,,1,4,4.2,3.85,1.77,1.21,1.72,2.67,1.68,2.24,1.51,1.73,2.54,1.92,1.3,2.54,3.2,1.5,1,1,0,0,0,0,1,158,0,50,0,41988,2,1,3,0,2,6,3,8,0,1,1,3,1,4,1,29,69,81,110,1.0,1.91,2.91,0,0,0,0,0,0,1,1,0,0,0,0,0,0,1,13,14,1,18,10,1,7,3,63,75,25,88,2.08,1.62,1.75,1.75,1.5,2.0,38,25,1.25,1.26,2.51,25,True,False,False,False,False,False,False,1.73,2.76,1.99,1.85,3.77,1.88,4.27,2.34,1.65,1.56,2.39,,,,,
England_Premier_League_2025-2026,2025/2026,9,Everton,Tottenham Hotspur,2025-10-26 16:30:00,0,3,3,9,8,17,2,0,0,0,2,4,10,3,12,7,9,8,54,46,,,2,0,2.32,3.36,3.1,1.3,1.95,3.4,1.72,2.2,1.36,1.57,3.1,2.12,1.36,2.75,3.0,1.4,3,0,2,0,1,1,2,92,0,50,0,52501,2,1,4,6,5,2,10,7,0,0,2,0,0,2,1,88,34,108,65,1.53,0.97,2.5,0,0,0,0,0,0,1,1,0,0,0,0,0,0,1,17,15,1,11,10,1,3,9,50,88,38,75,1.33,1.46,2.0,2.5,1.38,1.75,50,13,1.6,1.31,2.91,25,True,True,True,False,False,False,False,1.95,3.34,1.68,2.22,3.40,3.44,2.25,2.20,1.72,,,1.43,1.38,3.10,2.89,1.30
England_Premier_League_2025-2026,2025/2026,10,Burnley,Arsenal,2025-11-01 15:00:00,0,2,2,1,6,7,2,1,0,0,0,8,3,4,3,12,10,13,46,54,Turf Moor,"Harry Potts Way, Burnley",2,1,12.0,5.5,1.25,1.28,1.71,2.88,2.3,1.57,1.36,1.87,2.85,2.16,1.28,2.61,3.35,1.5,2,0,2,0,0,0,2,59,0,25,0,21538,2,1,0,4,1,2,4,3,1,0,1,1,1,2,1,38,38,100,79,0.48,1.59,2.08,0,0,0,0,0,0,1,1,0,0,0,0,0,0,1,19,21,1,13,10,1,9,2,13,50,13,50,0.77,2.0,1.75,2.25,1.11,2.44,88,50,0.81,1.57,2.38,25,True,True,False,False,False,False,False,1.95,3.31,1.87,1.98,6.50,1.25,13.50,1.46,2.87,1.49,2.58,1.42,1.37,3.09,2.85,1.29
England_Premier_League_2025-2026,2025/2026,10,Fulham,Wolverhampton Wanderers,2025-11-01 15:00:00,3,0,3,10,1,11,1,3,0,1,6,2,13,3,19,5,13,14,63,37,Craven Cottage,"Stevenage Road, London",1,5,1.79,3.45,4.3,1.33,2.0,4.2,1.85,1.85,1.44,1.8,2.6,1.91,1.43,2.9,2.65,1.34,3,1,0,2,0,2,1,162,0,38,0,26413,2,1,4,1,6,0,5,6,0,1,1,3,1,4,1,57,39,99,73,2.03,0.74,2.77,0,0,0,0,0,0,1,1,1,0,0,1,0,0,1,31,13,1,14,13,1,4,12,13,50,13,50,1.77,0.25,1.75,0.25,0.89,0.22,88,50,1.14,1.12,2.26,25,True,True,True,False,False,False,False,1.92,3.44,1.80,2.03,3.84,4.64,1.79,2.00,1.87,1.48,2.60,1.40,1.40,2.96,2.95,1.30
England_Premier_League_2025-2026,2025/2026,10,Crystal Palace,Brentford,2025-11-01 15:00:00,2,0,2,6,5,11,0,3,0,0,3,2,7,4,10,6,7,11,36,64,Selhurst Park,"Holmesdale Road, London",0,3,2.08,3.35,3.65,1.3,1.84,2.93,1.67,2.24,1.51,1.79,2.39,1.95,1.3,2.5,3.2,1.48,2,1,0,1,0,1,1,143,0,75,0,25083,2,1,4,3,2,2,7,4,0,1,0,2,1,2,1,44,50,79,85,1.16,0.89,2.05,0,0,0,0,0,0,1,1,0,0,1,0,0,0,1,23,19,1,11,7,1,8,5,63,88,38,75,1.0,1.15,1.5,0.75,1.44,1.44,38,13,1.68,1.32,3.0,25,True,True,False,False,False,False,False,1.93,3.15,1.97,1.88,3.43,3.71,2.14,2.22,1.71,1.53,2.48,1.45,1.36,3.18,2.77,1.27
England_Premier_League_2025-2026,2025/2026,10,Nottingham Forest,Manchester United,2025-11-01 15:00:00,2,2,4,8,5,13,1,1,0,0,3,7,14,11,17,18,10,7,41,59,The City Ground,"Pavilion Road, Nottingham, Nottinghamshire",1,1,3.2,3.6,2.07,1.22,1.75,2.75,1.6,2.35,1.36,1.77,2.85,2.15,1.34,2.4,3.36,1.52,4,0,1,2,1,3,1,-1,0,50,0,30778,2,1,2,3,6,2,5,8,0,0,1,1,0,2,1,52,41,101,110,1.66,1.93,3.58,0,0,0,0,0,0,1,1,0,0,2,2,0,0,1,15,12,1,7,10,1,7,9,75,88,25,63,1.0,1.42,0.75,1.0,0.56,1.78,25,13,1.68,1.34,3.02,25,True,True,True,True,False,False,True,1.72,2.77,1.77,2.07,3.66,2.19,3.36,2.41,1.62,,,1.53,1.34,3.36,2.57,
England_Premier_League_2025-2026,2025/2026,10,Brighton & Hove Albion,Leeds United,2025-11-01 15:00:00,3,0,3,4,7,11,0,1,0,0,7,2,7,3,14,5,10,7,50,50,The American Express Community Stadium,"Village Way, Falmer, East Sussex",0,1,1.85,3.5,3.65,1.25,1.85,3.2,1.67,2.1,1.71,2.14,2.05,1.6,1.36,2.48,3.2,1.44,3,1,0,2,0,2,1,209,0,63,0,31512,2,1,1,3,3,4,4,7,0,0,0,1,0,1,1,35,38,87,79,1.63,0.74,2.37,0,0,0,0,0,0,1,1,0,0,0,0,0,0,1,22,18,1,7,10,1,6,11,63,88,38,75,1.62,0.58,2.0,0.75,1.33,1.22,38,13,1.43,1.15,2.58,25,True,True,True,False,False,False,False,1.89,3.20,2.19,1.68,3.80,4.00,1.93,2.15,1.75,1.74,2.10,1.45,1.36,3.19,2.78,1.28
England_Premier_League_2025-2026,2025/2026,10,Tottenham Hotspur,Chelsea,2025-11-01 17:30:00,0,1,1,6,5,11,4,2,0,0,1,9,2,6,3,15,14,12,48,52,,,4,2,2.7,3.7,2.4,1.2,1.65,2.95,1.6,2.35,1.33,1.68,3.0,2.25,1.28,2.55,3.1,1.45,1,0,1,0,0,0,1,152,0,63,0,61202,2,1,3,4,3,1,7,4,0,1,4,1,1,5,1,40,64,97,104,0.57,2.04,2.6,0,0,0,0,0,0,1,1,0,0,0,1,0,0,1,25,22,1,14,15,1,9,4,75,88,38,75,0.83,1.69,1.0,1.75,1.89,1.56,25,13,1.29,1.5,2.79,25,True,False,False,False,False,False,False,1.81,2.96,1.58,2.35,3.50,2.33,3.20,2.41,1.62,,,1.48,1.35,3.30,2.69,1.25
England_Premier_League_2025-2026,2025/2026,10,Liverpool,Aston Villa,2025-11-01 20:00:00,2,0,2,1,4,5,2,3,0,0,4,3,12,7,16,10,13,11,53,47,Anfield,"Anfield Road, Liverpool",2,3,1.55,4.5,5.3,1.17,1.5,2.35,1.6,2.25,1.33,1.56,3.0,2.25,1.25,2.12,3.75,1.65,2,1,0,1,0,1,1,151,0,63,0,60407,2,1,1,1,0,3,2,3,0,0,2,3,0,5,1,46,39,92,77,1.62,1.13,2.75,0,0,0,0,0,0,1,1,0,0,0,0,0,0,1,17,12,1,11,20,1,11,10,50,63,25,63,1.85,1.69,2.25,1.25,1.67,1.67,50,38,1.67,1.23,2.9,25,True,True,False,False,False,False,False,1.56,2.40,1.57,2.37,4.45,4.85,1.67,2.43,1.61,,,1.63,,,2.24,
England_Premier_League_2025-2026,2025/2026,10,West Ham United,Newcastle United,2025-11-02 14:00:00,3,1,4,7,6,13,1,2,0,0,9,4,6,8,15,12,5,10,37,63,London Stadium,"Marshgate Lane, Stratford, London",1,2,5.25,4.28,1.6,1.24,1.75,3.0,1.8,1.98,1.28,1.47,3.34,2.43,1.34,2.6,3.05,1.44,4,2,1,1,0,1,3,153,0,38,0,62441,2,1,4,5,3,1,9,4,0,1,1,1,1,2,1,39,74,78,134,1.86,1.58,3.44,0,0,0,0,0,0,1,1,0,1,0,0,0,0,1,17,25,1,10,9,1,11,5,50,63,13,50,0.83,0.83,0.0,0.75,0.44,1.33,50,38,1.07,1.37,2.44,25,True,True,True,True,False,False,True,1.74,2.86,1.62,2.29,4.21,1.66,5.14,2.13,1.77,,,1.53,1.34,3.31,2.55,1.25
England_Premier_League_2025-2026,2025/2026,10,Manchester City,AFC Bournemouth,2025-11-02 16:30:00,3,1,4,9,4,13,2,2,0,0,8,5,7,3,15,8,8,11,48,52,Etihad Stadium,"Rowsley Street, Manchester",2,2,1.45,4.6,6.3,1.17,1.47,2.38,1.68,2.1,1.37,1.83,2.8,2.14,1.25,2.14,3.7,1.65,4,2,1,1,0,1,3,93,0,50,0,52387,2,1,6,1,3,3,7,6,2,0,0,2,2,2,1,59,49,101,109,1.93,1.22,3.16,0,0,0,0,0,0,1,1,0,0,2,0,0,0,1,19,7,1,14,8,1,3,4,63,88,50,88,2.42,0.92,2.25,1.25,1.78,2.0,38,13,1.86,1.46,3.32,25,True,True,True,True,False,False,True,1.48,2.22,1.68,2.19,5.35,7.00,1.42,2.26,1.69,,,1.70,,,2.18,
England_Premier_League_2025-2026,2025/2026,10,Sunderland,Everton,2025-11-03 20:00:00,1,1,2,4,1,5,3,2,0,0,3,2,14,6,17,8,10,12,61,39,Stadium of Light,"Millenium Way, Sunderland",3,2,2.68,3.0,2.45,1.44,2.38,4.5,1.94,1.79,1.66,2.0,2.08,1.67,1.52,3.2,2.55,1.3,2,0,1,1,0,1,1,-1,0,50,0,41476,2,1,0,0,4,1,0,5,2,1,1,1,3,2,1,62,28,133,67,1.74,0.85,2.59,0,0,0,0,0,0,1,1,0,0,0,0,0,0,1,17,21,1,10,12,1,5,5,50,88,25,38,2.17,1.62,2.5,0.75,1.89,1.22,50,13,1.21,0.94,2.15,25,True,True,False,False,False,False,True,2.50,,2.35,1.58,3.20,2.42,3.32,1.83,2.05,1.85,1.99,1.33,1.52,2.59,3.37,1.48
England_Premier_League_2025-2026,2025/2026,11,Tottenham Hotspur,Manchester United,2025-11-08 12:30:00,2,2,4,5,3,8,5,1,0,0,4,2,6,3,10,5,10,8,55,45,,,5,1,2.73,3.25,2.47,1.22,1.61,2.61,1.5,2.45,1.31,1.59,3.14,2.33,1.29,2.38,3.1,1.52,4,0,1,2,1,3,1,-1,0,60,0,61210,2,1,3,2,2,1,5,3,2,0,3,1,2,4,1,56,31,115,87,1.33,0.69,2.02,0,0,0,0,0,0,1,1,0,0,1,0,0,0,1,18,26,1,11,12,1,3,10,60,80,20,80,0.83,1.42,0.8,1.0,1.7,1.7,40,20,1.15,1.45,2.6,25,True,True,True,True,False,False,True,1.72,2.71,1.54,2.44,3.55,2.44,3.03,2.54,1.56,,,1.53,,,2.55,
England_Premier_League_2025-2026,2025/2026,11,West Ham United,Burnley,2025-11-08 15:00:00,3,2,5,7,4,11,2,2,0,0,6,7,9,9,15,16,15,13,43,57,London Stadium,"Marshgate Lane, Stratford, London",2,2,1.9,3.5,4.3,1.3,2.02,3.64,1.8,1.92,1.4,1.92,2.64,2.04,1.41,2.8,3.0,1.4,5,1,1,2,1,3,2,153,0,70,0,62449,2,1,5,2,2,2,7,4,1,0,1,2,1,3,1,53,56,63,76,1.74,1.9,3.64,0,0,0,0,0,0,1,1,0,0,0,0,0,0,1,15,17,1,13,15,1,8,3,90,100,40,90,0.83,0.42,0.6,0.6,0.7,1.0,10,0,1.23,1.04,2.27,25,True,True,True,True,True,False,True,2.00,3.49,1.76,2.08,3.66,4.44,1.88,2.01,1.86,,,1.41,1.40,3.03,2.98,1.31
England_Premier_League_2025-2026,2025/2026,11,Everton,Fulham,2025-11-08 15:00:00,2,0,2,7,5,12,2,2,0,0,5,4,9,4,14,8,11,14,50,50,,,2,2,2.3,3.25,3.25,1.37,2.1,3.6,1.84,1.91,1.5,1.88,2.41,1.85,1.4,3.21,2.7,1.36,2,1,0,1,0,1,1,144,0,60,0,52491,2,1,2,2,5,3,4,8,1,2,1,0,3,1,1,60,44,81,72,1.66,1.11,2.77,0,0,0,0,0,0,1,1,0,0,0,0,0,1,1,22,18,1,14,11,1,4,7,50,90,20,70,1.33,0.92,1.6,0.2,1.2,1.1,50,10,1.59,1.26,2.85,25,True,True,False,False,False,False,False,2.18,,2.00,1.85,3.24,3.35,2.38,2.01,1.86,1.56,2.41,1.36,1.45,2.82,3.22,1.37
England_Premier_League_2025-2026,2025/2026,11,Sunderland,Arsenal,2025-11-08 17:30:00,2,2,4,2,2,4,2,1,0,0,2,7,4,10,6,17,13,13,35,65,Stadium of Light,"Millenium Way, Sunderland",2,1,7.0,4.5,1.39,1.35,2.1,3.78,2.39,1.57,1.64,2.1,2.17,1.67,1.45,3.08,2.8,1.34,4,1,0,1,2,3,1,-1,0,40,0,46799,2,1,1,1,1,1,2,2,1,1,1,0,2,1,1,29,88,75,119,0.74,2.2,2.93,0,0,0,0,0,0,1,1,0,0,0,0,0,0,1,17,21,1,13,15,1,6,3,30,70,10,50,2.17,2.0,2.2,2.4,1.8,2.5,70,30,1.32,1.58,2.9,25,True,True,True,True,False,False,True,2.21,3.44,2.04,1.79,4.40,1.48,7.95,1.60,2.44,1.62,2.30,,,,,1.40
England_Premier_League_2025-2026,2025/2026,11,Chelsea,Wolverhampton Wanderers,2025-11-08 20:00:00,3,0,3,10,1,11,1,2,0,0,8,0,12,3,20,3,12,14,64,36,,,1,2,1.4,5.0,8.2,1.17,1.62,2.63,1.85,1.91,1.41,1.66,2.65,2.08,1.3,2.39,3.25,1.53,3,0,0,3,0,3,0,152,0,40,0,39467,2,1,4,1,6,0,5,6,0,0,1,2,0,3,1,79,26,130,67,2.39,0.39,2.78,0,0,0,0,0,0,1,1,0,0,1,0,0,0,1,12,19,1,14,12,1,4,8,40,70,10,80,1.75,0.25,1.4,0.2,1.7,0.2,60,30,1.7,1.05,2.75,25,True,True,True,False,False,False,False,1.62,2.58,,,5.45,9.35,1.35,1.95,1.91,,,1.66,,,2.26,
England_Premier_League_2025-2026,2025/2026,11,Aston Villa,AFC Bournemouth,2025-11-09 14:00:00,4,0,4,6,9,15,2,2,0,0,8,3,8,9,16,12,8,20,52,48,,,2,2,2.3,3.3,2.85,1.28,1.87,3.2,1.65,2.15,1.33,1.8,2.78,2.17,1.33,2.6,3.1,1.42,4,2,0,2,0,2,2,158,0,60,0,40792,2,1,2,2,4,7,4,11,2,2,0,0,4,0,1,37,40,78,77,1.83,1.26,3.09,0,0,0,0,0,0,1,1,0,0,0,0,0,0,1,15,22,1,21,7,1,7,4,70,70,40,90,2.08,0.92,2.0,1.0,1.5,1.8,30,30,1.2,1.42,2.62,25,True,True,True,True,False,False,False,1.92,3.25,1.76,2.08,3.40,3.20,2.37,2.24,1.70,,,1.45,1.37,3.17,2.83,1.28
England_Premier_League_2025-2026,2025/2026,11,Nottingham Forest,Leeds United,2025-11-09 14:00:00,3,1,4,6,4,10,2,1,0,0,6,3,8,7,14,10,10,11,46,54,The City Ground,"Pavilion Road, Nottingham, Nottinghamshire",2,1,2.35,3.05,3.2,1.4,2.1,3.84,1.85,1.85,1.55,1.8,2.55,1.96,1.38,3.27,2.79,1.34,4,1,1,2,0,2,2,211,0,30,0,30708,2,1,4,0,2,4,4,6,2,0,0,1,2,1,1,57,37,94,81,1.72,1.11,2.83,1,0,1,0,0,0,1,1,0,0,1,0,0,0,1,20,17,1,11,12,1,5,9,70,80,30,70,1.0,0.58,0.8,0.6,0.6,1.1,30,20,1.68,1.07,2.75,25,True,True,True,True,False,False,True,2.45,3.66,2.10,1.74,3.25,3.57,2.27,1.83,2.05,1.64,2.27,1.33,1.50,2.65,3.40,1.45
England_Premier_League_2025-2026,2025/2026,11,Brentford,Newcastle United,2025-11-09 14:00:00,3,1,4,6,2,8,2,2,0,1,7,1,8,4,15,5,10,13,49,51,,,2,3,2.85,3.3,2.45,1.24,1.82,2.88,1.65,2.15,1.41,1.87,2.83,2.1,1.38,2.6,3.02,1.45,4,0,1,3,0,3,1,218,0,50,0,17207,2,1,3,1,2,1,4,3,0,0,2,3,0,5,1,45,35,101,92,1.77,0.65,2.42,1,0,1,0,0,0,1,1,0,0,0,0,0,0,1,26,14,1,12,12,1,6,7,50,50,30,70,2.0,0.83,2.0,0.6,1.3,1.2,50,50,1.24,1.41,2.65,25,True,True,True,True,False,False,True,1.86,3.12,1.69,2.15,3.45,2.50,2.96,2.32,1.66,,,,,,,1.26
England_Premier_League_2025-2026,2025/2026,11,Crystal Palace,Brighton & Hove Albion,2025-11-09 14:00:00,0,0,0,4,8,12,1,4,0,0,2,3,8,4,10,7,10,12,42,58,Selhurst Park,"Holmesdale Road, London",1,4,2.25,3.25,3.0,1.23,1.86,3.07,1.63,2.17,1.56,1.89,2.28,1.79,1.4,2.43,2.93,1.46,0,0,0,0,0,0,0,-1,0,70,0,24326,2,1,2,4,2,4,6,6,0,0,1,4,0,5,1,40,56,86,100,1.07,1.07,2.13,0,0,0,0,0,0,1,1,0,0,1,1,0,0,1,23,17,1,13,12,1,7,7,50,90,20,90,1.0,0.83,1.8,0.8,1.6,1.5,50,10,1.57,1.47,3.04,25,False,False,False,False,False,False,False,1.88,3.09,1.96,1.89,3.45,3.06,2.43,2.30,1.67,1.56,2.41,1.47,1.36,3.24,2.75,1.26
England_Premier_League_2025-2026,2025/2026,11,Manchester City,Liverpool,2025-11-09 16:30:00,3,0,3,7,7,14,2,4,0,0,6,1,8,6,14,7,14,15,49,51,Etihad Stadium,"Rowsley Street, Manchester",2,4,1.91,3.9,3.65,1.14,1.44,2.1,1.44,2.7,1.4,1.65,2.7,2.08,1.25,2.15,4.2,1.73,3,2,0,1,0,1,2,93,0,60,0,52511,2,1,6,1,1,6,7,7,2,1,0,3,3,3,1,56,41,75,80,1.7,0.82,2.52,0,0,0,0,0,0,1,1,0,0,0,0,0,0,1,21,13,1,21,15,1,3,7,70,90,40,80,2.42,1.25,2.4,1.2,1.9,1.8,30,10,1.88,1.76,3.64,25,True,True,True,False,False,False,False,,,1.71,2.15,4.07,3.93,1.91,,,,,1.70,,,2.18,
England_Premier_League_2025-2026,2025/2026,12,Burnley,Chelsea,2025-11-22 12:30:00,0,2,2,1,9,10,2,3,0,0,2,5,6,10,8,15,13,8,44,56,Turf Moor,"Harry Potts Way, Burnley",2,3,6.0,4.4,1.52,1.21,1.73,2.93,1.92,1.85,1.48,1.85,2.47,1.94,1.34,2.4,3.27,1.5,2,0,1,0,1,1,1,152,0,40,0,21499,2,1,0,5,1,4,5,5,0,1,2,2,1,4,1,31,45,59,61,0.87,1.61,2.48,0,0,0,0,0,0,1,1,0,0,0,0,0,0,1,18,10,1,12,13,1,9,6,40,80,40,70,0.77,1.69,1.4,2.0,0.91,1.82,60,20,0.75,1.61,2.36,25,True,True,False,False,False,False,False,1.71,2.78,2.00,1.85,4.20,1.63,5.65,2.12,1.78,1.57,2.38,1.56,1.34,3.33,2.48,1.26
England_Premier_League_2025-2026,2025/2026,12,Brighton & Hove Albion,Brentford,2025-11-22 15:00:00,2,1,3,7,4,11,4,2,0,0,5,4,9,6,14,10,10,9,64,36,The American Express Community Stadium,"Village Way, Falmer, East Sussex",4,2,2.05,3.55,3.5,1.2,1.8,2.83,1.66,2.1,1.38,1.7,2.62,2.05,1.39,2.66,2.98,1.48,3,0,1,2,0,2,1,209,0,70,0,31358,2,1,2,3,5,1,5,6,1,1,3,1,2,4,1,92,58,144,97,1.91,1.34,3.24,0,1,0,1,0,0,1,1,0,0,1,0,0,0,1,16,11,1,9,8,1,7,12,70,100,30,80,1.62,1.15,2.2,0.6,1.45,1.45,30,0,1.47,1.24,2.71,25,True,True,True,False,False,False,True,1.78,2.84,1.75,2.10,3.48,3.62,2.15,2.40,1.62,,,1.52,1.34,3.32,2.58,1.25
England_Premier_League_2025-2026,2025/2026,12,Liverpool,Nottingham Forest,2025-11-22 15:00:00,0,3,3,8,6,14,2,0,0,0,4,7,17,8,21,15,11,8,75,25,Anfield,"Anfield Road, Liverpool",2,0,1.36,4.6,7.0,1.12,1.53,2.24,1.77,2.05,1.33,1.56,3.07,2.32,1.25,2.2,3.7,1.59,3,0,1,0,2,2,1,211,0,50,0,60419,2,1,7,1,1,5,8,6,0,0,2,0,0,2,1,95,42,106,60,2.28,1.73,4.01,0,0,0,0,0,0,1,1,0,0,2,0,0,0,1,25,17,1,8,11,1,2,14,40,90,30,80,1.85,1.08,2.4,0.4,1.64,0.82,60,10,1.66,1.15,2.81,25,True,True,True,False,False,False,False,1.62,2.56,1.53,2.47,4.78,7.15,1.46,2.10,1.79,,,,,,,
England_Premier_League_2025-2026,2025/2026,12,Fulham,Sunderland,2025-11-22 15:00:00,1,0,1,7,4,11,3,3,0,0,6,2,18,2,24,4,5,13,57,43,Craven Cottage,"Stevenage Road, London",3,3,1.94,3.36,3.5,1.34,2.1,3.7,1.8,1.94,1.35,1.91,2.62,2.05,1.45,2.9,2.6,1.37,1,0,0,1,0,1,0,162,0,30,0,27560,2,1,3,2,4,2,5,6,0,1,3,2,1,5,1,68,40,73,79,2.41,0.69,3.1,0,0,0,0,0,0,1,1,0,0,0,0,0,0,1,20,17,1,13,5,1,7,11,30,60,30,50,1.77,0.77,2.0,1.4,1.0,1.73,70,40,1.32,0.99,2.31,25,True,False,False,False,False,False,False,2.13,,1.94,1.91,3.38,4.00,2.07,1.97,1.90,1.53,2.46,1.37,1.44,2.83,3.18,1.35
England_Premier_League_2025-2026,2025/2026,12,AFC Bournemouth,West Ham United,2025-11-22 15:00:00,2,2,4,9,2,11,3,2,0,0,10,2,18,3,28,5,9,10,76,24,Vitality Stadium,"Dean Court, Kings Park, Bournemouth, Dorset",3,2,1.53,3.75,4.6,1.2,1.69,2.61,1.67,2.15,1.28,1.57,2.95,2.27,1.35,2.54,3.18,1.51,4,0,2,2,0,2,2,-1,0,40,0,11216,2,1,4,2,5,0,6,5,1,1,2,1,2,3,1,101,15,114,66,3.18,0.57,3.75,1,0,1,0,0,0,1,1,0,0,2,0,0,0,1,27,10,1,9,9,1,2,19,50,80,20,60,1.77,1.0,2.6,0.8,1.64,0.91,50,20,1.48,1.21,2.69,25,True,True,True,True,False,False,True,1.69,2.68,1.57,2.38,4.09,5.10,1.68,2.22,1.71,,,1.53,1.34,3.35,2.54,
England_Premier_League_2025-2026,2025/2026,12,Wolverhampton Wanderers,Crystal Palace,2025-11-22 15:00:00,0,2,2,1,4,5,2,3,0,0,1,4,7,6,8,10,13,9,48,52,Molineux Stadium,"Waterloo Road, Wolverhampton, West Midlands",2,3,4.2,3.35,1.78,1.3,2.06,3.34,1.83,1.91,1.59,2.28,2.33,1.83,1.43,2.8,2.81,1.39,2,0,0,0,2,2,0,143,0,60,0,29976,2,1,0,3,1,1,3,2,0,1,2,2,1,4,1,33,47,65,78,0.82,1.25,2.07,0,0,0,0,0,0,1,1,0,0,0,0,0,1,1,19,16,1,9,13,1,7,6,70,80,40,90,0.38,1.54,0.2,1.4,0.18,1.55,30,20,1.39,1.26,2.65,25,True,True,False,False,False,False,False,1.96,3.44,2.18,1.69,3.81,1.82,4.55,2.00,1.87,1.69,2.17,,,,,1.31
England_Premier_League_2025-2026,2025/2026,12,Newcastle United,Manchester City,2025-11-22 17:30:00,2,1,3,5,9,14,1,3,0,0,5,4,4,13,9,17,13,8,33,67,,,1,3,3.74,3.7,1.84,1.18,1.7,2.61,1.53,2.38,1.44,1.77,2.58,1.95,1.27,2.38,3.18,1.53,3,0,0,2,1,3,0,157,0,50,0,52181,2,1,2,4,3,5,6,8,0,0,1,3,0,4,1,33,67,68,105,1.16,1.83,2.99,0,0,0,0,0,0,1,1,0,0,0,2,0,0,1,11,17,1,10,15,1,11,6,50,70,10,90,1.77,1.62,1.8,1.4,1.09,2.0,50,30,1.66,1.39,3.05,25,True,True,True,False,False,False,True,1.62,2.54,1.71,2.15,3.76,1.98,3.97,2.56,1.56,,,,,,,
England_Premier_League_2025-2026,2025/2026,12,Leeds United,Aston Villa,2025-11-23 14:00:00,1,2,3,3,3,6,5,1,0,0,5,3,9,11,14,14,18,16,48,52,Elland Road,"Elland Road, Leeds, West Yorkshire",5,1,2.95,3.2,2.58,1.33,2.1,4.1,1.83,2.03,1.47,1.78,2.46,1.93,1.47,3.12,2.67,1.36,3,1,0,0,2,2,1,158,0,50,0,36819,2,1,1,1,2,2,2,4,2,0,3,1,2,4,1,51,38,109,92,1.61,1.37,2.98,0,0,0,0,0,0,1,1,1,0,0,0,0,0,1,11,15,1,18,22,1,9,6,40,60,40,60,1.69,1.69,1.6,1.0,1.0,1.64,60,40,1.59,1.21,2.8,25,True,True,True,False,False,False,True,2.14,,2.03,1.81,3.49,2.27,3.33,2.00,1.87,1.60,2.33,1.38,1.43,2.89,3.10,1.36
England_Premier_League_2025-2026,2025/2026,12,Arsenal,Tottenham Hotspur,2025-11-23 16:30:00,4,1,5,4,1,5,1,3,0,0,8,2,9,1,17,3,11,15,57,43,Emirates Stadium,"Queensland Road, London",1,3,1.44,4.5,7.25,1.26,1.96,3.25,2.11,1.66,1.33,1.57,3.05,2.3,1.38,2.8,2.88,1.42,5,2,0,2,1,3,2,59,0,30,0,60345,2,1,1,0,3,1,1,4,0,1,1,2,1,3,1,61,19,130,66,2.08,0.48,2.56,0,0,0,0,0,0,1,1,0,0,1,0,0,0,1,18,22,1,16,14,1,6,8,60,90,50,90,2.46,1.46,2.6,2.6,2.36,1.64,40,10,1.73,1.24,2.97,25,True,True,True,True,True,False,True,2.00,3.47,1.64,2.25,4.47,7.67,1.47,1.77,2.13,,,1.44,1.38,3.14,2.84,1.33
England_Premier_League_2025-2026,2025/2026,12,Manchester United,Everton,2025-11-24 20:00:00,0,1,1,9,1,10,2,0,0,1,6,1,19,2,25,3,12,9,70,30,Old Trafford,"Sir Matt Busby Way, Manchester",2,2,1.75,3.75,4.22,1.22,1.78,2.75,1.67,2.05,1.51,1.76,2.53,1.9,1.35,2.5,3.2,1.47,1,0,1,0,0,0,1,144,0,60,0,74158,2,1,3,0,6,1,3,7,1,1,1,0,2,1,1,91,30,150,95,2.65,0.49,3.15,0,0,0,0,0,0,1,1,0,0,0,0,0,0,1,19,18,1,11,13,1,6,20,50,80,50,80,2.08,1.62,2.4,0.8,1.64,1.36,50,20,1.92,0.92,2.84,25,True,False,False,False,False,False,False,1.85,3.07,1.88,1.97,3.88,4.09,1.90,2.16,1.75,1.51,2.53,1.48,1.34,3.32,2.71,1.27
England_Premier_League_2025-2026,2025/2026,13,Sunderland,AFC Bournemouth,2025-11-29 15:00:00,3,2,5,6,3,9,5,5,0,2,6,6,6,12,12,18,14,13,43,57,Stadium of Light,"Millenium Way, Sunderland",5,9,3.2,3.3,2.29,1.27,2.01,3.5,1.75,2.0,1.41,1.67,2.5,2.03,1.44,2.7,2.76,1.39,5,1,2,2,0,2,3,156,0,67,0,46973,2,1,4,1,2,2,5,4,1,1,4,6,2,10,1,40,44,80,105,1.47,1.88,3.34,1,0,1,0,0,0,1,1,0,1,0,0,0,0,1,12,18,1,12,14,1,8,10,67,92,34,75,2.17,0.92,2.0,0.83,1.58,1.58,34,9,1.22,1.39,2.61,25,True,True,True,True,True,False,True,2.02,3.52,1.90,1.94,3.42,2.33,3.27,2.13,1.78,1.52,2.49,1.41,1.40,3.01,2.97,1.32
England_Premier_League_2025-2026,2025/2026,13,Brentford,Burnley,2025-11-29 15:00:00,3,1,4,5,6,11,0,2,0,0,4,2,10,4,14,6,7,7,52,48,,,0,2,1.5,4.6,6.7,1.22,1.7,2.76,1.85,1.91,1.45,1.62,2.55,2.05,1.35,2.6,3.18,1.49,4,0,0,3,1,4,0,218,0,75,0,17176,2,1,2,1,3,5,3,8,0,1,0,1,1,1,1,51,38,113,95,1.54,0.81,2.35,1,1,1,1,0,0,1,1,0,0,1,0,0,0,1,23,21,1,6,6,1,1,15,84,84,42,100,2.0,0.42,2.17,0.5,1.33,0.83,17,17,1.33,1.18,2.51,25,True,True,True,True,False,False,True,1.83,3.07,1.79,2.05,4.55,7.05,1.50,1.88,2.00,,,1.48,1.35,3.26,2.72,1.27
England_Premier_League_2025-2026,2025/2026,13,Manchester City,Leeds United,2025-11-29 15:00:00,3,2,5,8,1,9,4,1,0,0,9,4,9,5,18,9,17,11,62,38,Etihad Stadium,"Rowsley Street, Manchester",4,1,1.24,6.5,10.0,1.08,1.42,2.22,1.9,1.91,1.46,1.77,2.52,1.98,1.21,2.11,3.95,1.68,5,2,0,1,2,3,2,93,0,33,0,52483,2,1,7,0,1,1,7,2,0,0,4,1,0,5,1,70,41,101,75,2.27,1.15,3.41,0,0,0,0,0,0,1,1,1,0,0,0,0,0,1,9,10,1,11,16,1,4,8,67,92,59,83,2.42,0.58,2.5,0.5,1.83,0.92,33,9,1.85,1.07,2.92,25,True,True,True,True,True,False,True,1.42,2.09,1.76,2.08,7.40,13.00,1.22,1.92,1.92,1.46,2.67,1.76,,,2.10,
England_Premier_League_2025-2026,2025/2026,13,Everton,Newcastle United,2025-11-29 17:30:00,1,4,5,8,7,15,0,0,0,0,2,8,8,5,10,13,4,6,49,51,,,0,0,2.7,3.0,2.5,1.29,1.93,3.31,1.68,2.1,1.41,1.7,2.63,2.05,1.36,2.75,2.88,1.4,5,0,3,1,1,2,3,157,0,42,0,-1,2,-1,4,5,4,2,9,6,0,0,0,0,0,0,1,81,42,119,114,1.36,1.69,3.06,0,0,0,0,0,0,1,1,0,1,1,3,-1,-1,1,14,18,1,6,4,1,3,6,42,67,17,67,1.33,0.83,1.83,0.5,1.5,1.25,59,34,1.6,1.29,2.89,25,True,True,True,True,True,False,True,1.92,3.26,1.71,2.15,3.36,2.73,2.75,2.29,1.68,,,1.42,1.39,3.07,2.91,1.28
England_Premier_League_2025-2026,2025/2026,13,Tottenham Hotspur,Fulham,2025-11-29 20:00:00,1,2,3,8,2,10,3,2,0,0,2,3,12,4,14,7,11,7,63,37,,,3,2,2.25,3.3,3.1,1.28,1.91,3.12,1.73,2.05,1.27,1.65,3.35,2.37,1.42,2.88,2.76,1.41,3,0,2,1,0,1,2,162,0,59,0,60546,2,1,3,2,5,0,5,5,1,0,2,2,1,4,1,73,19,117,72,1.55,0.8,2.35,0,0,0,0,0,0,1,1,0,2,0,0,0,0,1,26,23,1,11,14,1,2,10,50,84,17,75,0.83,0.92,0.83,0.17,1.5,1.17,50,17,1.18,1.23,2.41,25,True,True,True,False,False,False,True,1.86,3.14,1.58,2.35,3.44,3.09,2.42,2.31,1.66,,,1.47,1.33,3.32,2.51,1.26
England_Premier_League_2025-2026,2025/2026,13,Crystal Palace,Manchester United,2025-11-30 12:00:00,1,2,3,4,4,8,3,2,0,0,3,6,11,8,14,14,14,14,44,56,Selhurst Park,"Holmesdale Road, London",3,2,2.3,3.4,3.1,1.22,1.78,3.0,1.62,2.2,1.42,1.69,2.67,1.95,1.36,2.48,2.97,1.47,3,1,0,0,2,2,1,149,0,67,0,25189,2,1,3,3,1,1,6,2,0,1,3,1,1,4,1,36,40,101,119,1.36,1.6,2.96,1,0,1,0,0,0,1,1,0,0,0,1,0,0,1,14,23,1,12,16,1,7,8,58,84,17,75,1.0,1.42,1.67,1.0,1.67,1.5,42,17,1.49,1.33,2.82,25,True,True,True,False,False,False,True,1.75,2.84,1.96,1.88,3.74,3.56,2.11,2.38,1.63,1.54,2.45,1.52,1.34,3.34,2.60,
England_Premier_League_2025-2026,2025/2026,13,Nottingham Forest,Brighton & Hove Albion,2025-11-30 14:05:00,0,2,2,9,2,11,0,1,0,0,3,6,16,11,19,17,11,10,52,48,The City Ground,"Pavilion Road, Nottingham, Nottinghamshire",0,1,2.86,3.29,2.52,1.24,1.94,3.1,1.67,2.1,1.42,1.7,2.7,2.05,1.41,2.81,3.1,1.4,2,0,1,0,1,1,1,209,0,59,0,30522,2,1,3,2,6,0,5,6,0,1,0,0,1,0,1,73,45,113,79,1.93,1.81,3.75,0,0,0,0,0,0,1,1,0,0,1,1,0,0,1,14,16,1,10,12,1,11,10,67,83,25,75,1.0,0.83,1.17,0.83,1.0,1.58,34,17,1.68,1.4,3.08,25,True,True,False,False,False,False,False,1.99,3.30,,,3.31,2.57,2.98,2.24,1.70,,,1.44,1.38,3.13,2.86,1.29
England_Premier_League_2025-2026,2025/2026,13,Aston Villa,Wolverhampton Wanderers,2025-11-30 14:05:00,1,0,1,7,3,10,0,4,0,0,6,4,10,5,16,9,13,21,52,48,,,0,4,1.47,4.5,6.9,1.25,1.8,2.9,1.85,1.85,1.38,1.66,2.82,2.05,1.32,2.67,3.26,1.47,1,0,0,1,0,1,0,158,0,25,0,42139,2,1,3,1,4,2,4,6,0,1,0,3,1,3,1,65,39,108,97,1.9,1.14,3.04,0,0,0,0,0,0,1,1,0,0,1,0,0,0,1,13,10,1,23,13,1,2,8,50,67,17,75,2.08,0.25,2.17,0.17,1.75,0.17,50,33,1.31,0.94,2.25,25,True,False,False,False,False,False,False,1.82,3.05,1.77,2.06,4.65,7.25,1.46,1.90,1.97,,,1.46,1.33,3.26,2.68,1.27
England_Premier_League_2025-2026,2025/2026,13,West Ham United,Liverpool,2025-11-30 14:05:00,0,2,2,7,2,9,2,0,1,0,0,5,7,4,7,9,12,14,44,56,London Stadium,"Marshgate Lane, Stratford, London",3,0,5.1,4.4,1.59,1.17,1.5,2.3,1.57,2.3,1.34,1.58,3.02,2.33,1.25,2.25,3.54,1.63,2,0,0,0,2,2,0,151,0,67,0,62469,2,1,3,1,4,1,4,5,0,0,3,0,0,3,1,47,37,99,92,0.79,1.19,1.99,0,0,0,0,0,0,1,1,0,0,1,0,0,0,1,14,23,1,15,14,1,6,6,83,92,42,83,0.83,1.25,1.0,1.0,0.92,1.5,17,9,1.31,1.6,2.91,25,True,True,False,False,False,False,False,1.52,2.31,1.54,2.43,4.80,1.58,5.25,2.39,1.62,,,1.68,,,2.22,
England_Premier_League_2025-2026,2025/2026,13,Chelsea,Arsenal,2025-11-30 16:30:00,1,1,2,3,3,6,1,6,1,0,4,4,7,4,11,8,12,13,38,62,,,3,6,3.3,3.2,2.09,1.39,2.23,4.0,1.83,1.91,1.56,2.17,2.39,1.84,1.38,2.8,2.5,1.33,2,0,0,1,1,2,0,-1,0,42,0,39820,2,1,0,2,3,1,2,4,2,4,0,2,6,2,1,39,55,84,93,1.26,1.19,2.45,0,0,0,0,0,0,1,1,0,0,0,0,0,1,1,14,15,1,16,13,1,8,7,50,67,17,67,1.75,2.0,1.67,2.17,1.92,2.42,50,34,1.82,1.68,3.5,25,True,True,False,False,False,False,True,2.09,3.58,2.03,1.81,3.16,2.51,3.20,2.15,1.76,1.60,2.32,,,,,1.33
England_Premier_League_2025-2026,2025/2026,14,AFC Bournemouth,Everton,2025-12-02 19:30:00,0,1,1,1,6,7,3,3,0,0,2,3,3,10,5,13,14,14,55,45,Vitality Stadium,"Dean Court, Kings Park, Bournemouth, Dorset",3,3,2.13,3.35,3.55,1.29,1.91,3.2,1.74,2.18,1.33,1.61,2.83,2.12,1.44,2.85,2.77,1.42,1,0,0,0,1,1,0,144,0,50,0,11161,2,1,0,4,1,2,4,3,1,1,2,2,2,4,1,41,70,92,96,0.76,1.53,2.3,0,0,0,0,0,0,1,1,0,0,0,0,0,0,1,20,25,1,15,14,1,6,5,42,67,33,67,1.77,1.62,2.33,1.17,1.46,1.38,59,33,1.77,0.85,2.62,25,True,False,False,False,False,False,False,,,,,3.52,3.45,2.20,2.31,1.66,,,,,,,
England_Premier_League_2025-2026,2025/2026,14,Fulham,Manchester City,2025-12-02 19:30:00,4,5,9,7,2,9,0,1,0,0,6,4,6,7,12,11,9,7,57,43,Craven Cottage,"Stevenage Road, London",0,1,5.0,4.3,1.62,1.18,1.64,2.5,1.68,2.27,1.39,1.71,2.67,2.02,1.31,2.49,3.24,1.55,9,1,3,3,2,5,4,93,0,42,0,26700,2,1,3,2,4,0,5,4,0,0,0,1,0,1,1,56,38,118,85,1.59,1.25,2.84,0,0,0,0,0,0,1,1,0,0,1,0,0,0,1,18,18,1,8,13,1,4,7,42,59,17,58,1.77,1.62,2.17,1.17,1.31,1.92,59,42,1.5,1.46,2.96,25,True,True,True,True,True,True,True,,,,,4.19,1.64,5.36,2.15,1.76,,,,,,,
England_Premier_League_2025-2026,2025/2026,14,Newcastle United,Tottenham Hotspur,2025-12-02 20:15:00,2,2,4,11,8,19,0,3,0,0,7,2,12,6,19,8,5,12,53,47,,,0,3,1.63,3.75,4.0,1.22,1.75,2.75,1.65,2.15,1.24,1.46,3.34,2.45,1.33,2.58,3.12,1.51,4,0,0,2,2,4,0,-1,0,59,0,52007,-1,1,-1,-1,-1,-1,-1,-1,0,1,0,2,1,2,1,53,45,96,79,2.07,0.97,3.04,1,0,1,0,0,0,1,1,0,0,-1,-1,0,0,1,14,16,1,12,6,1,5,11,75,92,42,75,1.77,1.46,2.0,2.17,1.38,1.38,25,9,1.58,1.11,2.69,25,True,True,True,True,False,False,True,,,1.54,2.44,3.89,4.30,1.85,2.30,1.67,,,,,,,
England_Premier_League_2025-2026,2025/2026,14,Arsenal,Brentford,2025-12-03 19:30:00,2,0,2,4,8,12,0,1,0,0,7,1,8,5,15,6,7,9,62,38,Emirates Stadium,"Queensland Road, London",0,1,1.45,4.6,8.39,1.25,1.96,3.05,1.95,1.75,1.47,1.79,2.8,2.18,1.37,2.7,2.97,1.43,2,1,0,1,0,1,1,59,0,50,0,60110,2,1,4,4,0,4,8,4,0,0,0,1,0,1,1,61,26,122,66,1.88,0.64,2.53,0,0,0,0,0,0,1,1,0,0,1,1,0,0,1,17,14,1,9,7,1,5,8,59,92,33,92,2.46,1.15,2.67,0.5,2.31,1.46,42,9,1.79,1.25,3.04,25,True,True,False,False,False,False,False,1.94,3.29,1.74,2.11,4.65,8.07,1.44,1.79,2.11,,,1.43,1.36,3.14,2.82,1.30
England_Premier_League_2025-2026,2025/2026,14,Brighton & Hove Albion,Aston Villa,2025-12-03 19:30:00,3,4,7,5,6,11,2,2,0,0,7,10,9,4,16,14,10,9,56,44,The American Express Community Stadium,"Village Way, Falmer, East Sussex",2,2,2.1,3.5,3.3,1.23,1.8,2.76,1.61,2.32,1.59,2.25,2.27,1.76,1.4,2.5,2.93,1.47,7,2,2,1,2,3,4,158,0,67,0,31180,2,1,3,3,2,3,6,5,1,0,1,2,1,3,1,50,24,124,59,1.87,1.75,3.62,0,0,0,0,0,0,1,1,1,0,1,0,0,0,1,11,16,1,10,14,1,6,10,58,84,17,75,1.62,1.69,2.33,1.33,1.69,1.85,42,17,1.54,1.24,2.78,25,True,True,True,True,True,True,True,1.90,3.19,,,3.47,3.32,2.28,2.24,1.70,,,1.43,1.37,3.09,2.84,1.28
England_Premier_League_2025-2026,2025/2026,14,Burnley,Crystal Palace,2025-12-03 19:30:00,0,1,1,3,3,6,0,0,0,0,4,3,7,0,11,3,9,8,58,42,Turf Moor,"Harry Potts Way, Burnley",0,0,4.85,3.66,1.72,1.36,2.09,3.9,1.95,1.75,1.68,2.03,2.11,1.68,1.46,3.18,2.7,1.35,1,0,1,0,0,0,1,143,0,25,0,19365,2,-1,2,3,1,0,5,1,0,0,0,0,0,0,1,57,35,117,87,1.4,0.67,2.06,0,0,0,0,0,0,1,1,0,0,0,0,-1,-1,1,29,20,1,11,9,1,6,5,25,75,17,67,0.77,1.54,1.17,1.67,0.77,1.54,75,25,0.77,1.26,2.03,25,True,False,False,False,False,False,False,2.22,3.52,2.13,1.72,3.77,1.75,5.06,1.77,2.13,1.67,2.22,1.36,1.45,2.79,3.25,1.40
England_Premier_League_2025-2026,2025/2026,14,Wolverhampton Wanderers,Nottingham Forest,2025-12-03 19:30:00,0,1,1,3,9,12,2,2,0,0,1,3,4,7,5,10,19,11,50,50,Molineux Stadium,"Waterloo Road, Wolverhampton, West Midlands",2,2,3.0,3.0,2.15,1.33,2.1,3.54,1.75,1.91,1.62,2.1,2.29,1.74,1.48,3.18,2.64,1.35,1,0,0,0,1,1,0,211,0,50,0,28646,2,1,0,6,3,3,6,6,0,1,2,1,1,3,1,25,48,92,106,0.58,1.2,1.78,0,0,0,0,0,0,1,1,0,0,0,2,0,0,1,17,22,1,13,21,1,7,4,50,100,50,83,0.38,1.08,0.17,0.83,0.15,0.92,50,0,1.3,1.24,2.54,25,True,False,False,False,False,False,False,2.17,3.54,2.12,1.72,3.30,2.41,3.23,2.00,1.88,1.64,2.26,,,,,1.37
England_Premier_League_2025-2026,2025/2026,14,Liverpool,Sunderland,2025-12-03 20:15:00,1,1,2,7,3,10,1,1,0,0,4,6,19,3,23,9,10,5,68,32,Anfield,"Anfield Road, Liverpool",1,1,1.37,5.1,8.7,1.15,1.57,2.58,1.8,1.91,1.34,1.59,2.92,2.21,1.28,2.35,3.44,1.55,2,0,0,1,1,2,0,-1,0,34,0,60414,2,1,2,2,5,1,4,6,0,0,1,1,0,2,1,89,36,137,75,2.37,1.25,3.62,0,0,0,0,0,0,1,1,0,0,0,0,0,0,1,16,15,1,6,12,1,5,11,42,67,25,67,1.85,0.77,2.0,1.17,1.62,1.69,58,34,1.76,0.94,2.7,25,True,True,False,False,False,False,True,1.62,2.57,1.67,2.22,5.49,8.43,1.36,1.92,1.94,,,1.61,,,2.35,
England_Premier_League_2025-2026,2025/2026,14,Leeds United,Chelsea,2025-12-03 20:15:00,3,1,4,4,2,6,1,1,0,0,5,2,12,12,17,14,10,13,29,71,Elland Road,"Elland Road, Leeds, West Yorkshire",1,1,3.9,3.7,1.95,1.21,1.73,2.83,1.65,2.1,1.52,2.42,2.13,1.7,1.33,2.5,3.12,1.46,4,2,0,1,1,2,2,222,0,59,0,36767,2,1,4,1,0,1,5,1,1,1,0,0,2,0,1,33,53,83,122,1.66,1.42,3.08,0,0,0,0,0,0,1,1,1,0,1,0,0,0,1,12,23,1,14,13,1,7,8,67,75,42,75,1.69,1.69,1.33,2.17,0.85,1.85,33,25,1.59,1.61,3.2,25,True,True,True,True,False,False,True,2.08,3.58,2.15,1.71,3.55,2.00,4.05,2.02,1.86,1.67,2.21,1.40,1.39,2.99,2.96,1.33
England_Premier_League_2025-2026,2025/2026,14,Manchester United,West Ham United,2025-12-04 20:00:00,1,1,2,6,6,12,2,2,0,0,4,3,13,8,17,11,13,9,65,35,Old Trafford,"Sir Matt Busby Way, Manchester",2,2,1.46,5.0,7.22,1.15,1.54,2.5,1.65,2.1,1.28,1.66,3.12,2.35,1.23,2.27,3.45,1.65,2,0,0,1,1,2,0,-1,0,50,0,73938,2,1,4,4,2,2,8,4,1,1,1,1,2,2,1,70,51,84,80,1.85,1.27,3.12,0,0,0,0,0,0,1,1,0,0,0,1,1,0,1,28,19,1,10,16,1,5,9,59,84,42,84,2.08,1.0,2.0,0.83,1.62,0.85,42,17,2.04,1.1,3.14,25,True,True,False,False,False,False,True,1.53,2.32,1.57,2.37,5.25,7.95,1.40,2.18,1.74,,,1.65,,,2.26,
England_Premier_League_2025-2026,2025/2026,15,Aston Villa,Arsenal,2025-12-06 12:30:00,2,1,3,3,3,6,0,2,0,0,6,9,9,6,15,15,10,8,47,53,,,0,2,4.2,3.55,1.85,1.32,2.05,3.38,1.85,1.91,1.55,2.12,2.25,1.99,1.37,3.14,2.9,1.4,3,1,0,1,1,2,1,158,0,36,0,42888,2,1,3,0,0,3,3,3,0,0,0,2,0,2,1,38,57,74,80,1.64,1.98,3.62,0,0,0,0,0,0,1,1,0,0,0,0,0,0,1,17,16,1,11,10,1,11,6,43,57,22,64,2.08,2.0,2.29,2.0,1.93,2.36,57,43,1.39,1.61,3.0,25,True,True,True,False,False,False,True,2.13,3.71,2.00,1.85,3.52,1.93,4.51,1.92,1.94,1.59,2.34,1.38,1.43,2.90,3.11,1.36
England_Premier_League_2025-2026,2025/2026,15,Newcastle United,Burnley,2025-12-06 15:00:00,2,1,3,9,9,18,2,2,0,1,7,3,10,6,17,9,9,11,70,30,,,2,4,1.33,5.6,7.5,1.15,1.57,2.65,1.95,1.77,1.39,1.71,2.75,2.15,1.31,2.41,3.42,1.58,3,2,0,0,1,1,2,157,0,79,0,52041,2,1,3,8,6,1,11,7,0,2,2,1,2,3,1,66,31,122,72,2.04,1.01,3.05,1,1,1,1,0,0,1,1,0,0,0,2,0,0,1,12,13,1,10,8,1,5,17,86,93,22,72,1.77,0.42,1.86,0.43,1.36,0.71,15,7,1.65,1.13,2.78,25,True,True,True,False,False,False,True,,,1.68,2.19,5.75,9.25,1.33,1.86,2.01,,,,,,,
England_Premier_League_2025-2026,2025/2026,15,Everton,Nottingham Forest,2025-12-06 15:00:00,3,0,3,6,3,9,4,3,0,0,5,3,6,4,11,7,17,15,41,59,,,4,3,2.05,3.2,3.4,1.36,2.18,3.56,1.83,1.89,1.43,1.96,2.55,2.0,1.48,3.12,2.64,1.36,3,2,0,1,0,1,2,144,0,36,0,52501,2,1,2,2,4,1,4,5,0,2,4,1,2,5,1,41,40,88,96,1.35,0.95,2.3,0,0,0,0,0,0,1,1,1,0,0,0,0,1,1,21,29,1,15,17,1,3,8,36,86,29,79,1.33,1.08,1.57,1.14,1.5,1.07,64,14,1.57,1.24,2.81,25,True,True,True,False,False,False,False,2.13,,1.78,2.06,3.37,3.84,2.12,1.98,1.88,,,1.38,1.43,2.89,3.14,1.36
England_Premier_League_2025-2026,2025/2026,15,Tottenham Hotspur,Brentford,2025-12-06 15:00:00,2,0,2,7,6,13,3,4,0,0,7,1,8,3,15,4,8,9,53,47,,,3,4,2.4,3.3,2.89,1.3,2.0,3.33,1.7,2.16,1.33,1.58,3.05,2.36,1.34,2.92,3.06,1.41,2,2,0,0,0,0,2,92,0,57,0,60759,2,1,6,3,1,3,9,4,1,2,2,2,3,4,1,67,37,82,85,1.91,0.6,2.52,0,0,0,0,0,0,1,1,0,0,1,0,0,0,1,18,15,1,9,8,1,7,10,57,86,29,86,0.83,1.15,0.71,0.43,1.36,1.36,43,15,1.23,1.17,2.4,25,True,True,False,False,False,False,False,2.02,3.34,1.58,2.36,3.45,2.92,2.53,2.15,1.76,,,1.42,1.39,3.05,2.93,1.30
England_Premier_League_2025-2026,2025/2026,15,AFC Bournemouth,Chelsea,2025-12-06 15:00:00,0,0,0,5,0,5,0,2,0,0,5,4,8,7,13,11,15,13,39,61,Vitality Stadium,"Dean Court, Kings Park, Bournemouth, Dorset",0,2,3.05,3.75,2.1,1.2,1.67,2.43,1.56,2.53,1.43,1.9,2.62,2.06,1.32,2.3,3.18,1.57,0,0,0,0,0,0,0,-1,0,50,0,11240,2,1,3,0,2,0,3,2,0,0,0,2,0,2,1,39,55,89,105,1.46,1.38,2.83,0,0,0,0,0,0,1,1,0,0,0,0,0,0,1,22,20,1,13,15,1,10,8,57,72,36,72,1.77,1.69,2.0,1.86,1.36,1.71,43,29,1.62,1.58,3.2,25,False,False,False,False,False,False,False,1.63,2.55,,,3.87,2.11,3.39,2.56,1.55,,,1.59,,,2.39,
England_Premier_League_2025-2026,2025/2026,15,Manchester City,Sunderland,2025-12-06 15:00:00,3,0,3,6,5,11,1,0,0,1,6,1,12,7,18,8,9,10,64,36,Etihad Stadium,"Rowsley Street, Manchester",1,2,1.25,6.0,9.1,1.09,1.45,2.16,1.82,1.9,1.44,1.89,2.64,2.08,1.23,2.08,4.2,1.66,3,2,0,1,0,1,2,93,0,36,0,52436,2,1,2,1,4,4,3,8,1,0,0,1,1,1,1,76,26,121,68,2.1,0.77,2.87,0,0,0,0,0,0,1,1,0,0,0,0,0,0,1,25,14,1,10,9,1,4,9,43,79,50,65,2.42,0.77,2.57,1.14,2.0,1.64,58,22,1.91,0.99,2.9,25,True,True,True,False,False,False,False,1.48,2.23,,,6.45,11.00,1.27,1.92,1.92,,,1.69,,,2.17,
England_Premier_League_2025-2026,2025/2026,15,Leeds United,Liverpool,2025-12-06 17:30:00,3,3,6,5,4,9,3,3,0,0,5,7,7,9,12,16,14,14,45,55,Elland Road,"Elland Road, Leeds, West Yorkshire",3,3,4.22,3.6,1.68,1.23,1.86,2.92,1.73,2.05,1.5,2.08,2.5,1.97,1.34,2.65,3.08,1.44,6,0,0,3,3,6,0,-1,0,64,0,36842,2,1,2,2,3,2,4,5,2,1,1,2,3,3,1,35,64,114,95,1.37,1.96,3.33,1,0,1,0,0,0,1,1,0,0,1,0,0,0,1,23,15,1,15,16,1,5,5,71,79,43,71,1.69,1.25,1.57,1.29,1.0,1.57,29,22,1.6,1.54,3.14,25,True,True,True,True,True,True,True,1.79,2.99,1.90,1.94,3.99,1.79,4.48,2.15,1.75,1.53,2.48,1.48,1.34,3.30,2.66,1.27
England_Premier_League_2025-2026,2025/2026,15,Brighton & Hove Albion,West Ham United,2025-12-07 14:00:00,1,1,2,10,6,16,2,2,0,0,4,5,18,9,22,14,12,8,68,32,The American Express Community Stadium,"Village Way, Falmer, East Sussex",2,2,1.5,4.2,5.25,1.14,1.61,2.55,1.59,2.16,1.44,1.79,2.58,2.03,1.25,2.39,3.48,1.6,2,0,0,1,1,2,0,-1,0,72,0,31293,2,1,4,3,6,3,7,9,1,0,1,2,1,3,1,91,47,94,71,2.31,1.57,3.88,0,0,0,0,0,0,1,1,0,0,0,0,1,0,1,16,13,1,9,13,1,12,18,72,100,29,72,1.62,1.0,2.0,0.86,1.57,0.86,29,0,1.59,1.12,2.71,25,True,True,False,False,False,False,True,1.60,2.55,1.73,2.11,4.35,5.35,1.63,2.27,1.69,1.47,2.60,1.62,,,2.33,
England_Premier_League_2025-2026,2025/2026,15,Fulham,Crystal Palace,2025-12-07 16:30:00,1,2,3,6,4,10,0,0,0,0,4,5,8,6,12,11,5,8,63,37,Craven Cottage,"Stevenage Road, London",0,0,2.6,3.0,2.78,1.36,2.02,3.7,1.76,1.95,1.42,1.7,2.67,2.09,1.38,3.04,2.96,1.37,3,1,1,0,1,1,2,143,0,36,0,27283,2,-1,6,2,0,2,8,2,0,0,0,0,0,0,1,59,43,91,69,1.46,1.35,2.82,0,0,0,0,0,0,1,1,0,0,3,0,-1,-1,1,25,14,1,10,9,1,7,9,43,57,15,57,1.77,1.54,1.86,1.86,1.21,1.64,57,43,1.51,1.17,2.68,25,True,True,True,False,False,False,True,2.00,3.52,1.76,2.08,3.40,2.95,2.53,2.18,1.74,,,,,,,1.31
England_Premier_League_2025-2026,2025/2026,15,Wolverhampton Wanderers,Manchester United,2025-12-08 20:00:00,1,4,5,1,9,10,3,2,0,0,2,10,6,17,8,27,17,12,37,63,Molineux Stadium,"Waterloo Road, Wolverhampton, West Midlands",3,2,5.2,4.0,1.63,1.19,1.68,2.65,1.67,2.11,1.46,1.82,2.45,1.88,1.3,2.49,3.3,1.55,5,1,1,0,3,3,2,149,0,72,0,30338,2,1,1,6,0,3,7,3,1,1,2,1,2,3,1,44,70,68,80,0.96,2.89,3.85,0,1,0,1,0,0,1,1,0,0,0,3,0,0,1,19,23,1,15,18,1,5,6,72,93,36,79,0.38,1.42,0.14,1.29,0.14,1.57,29,7,1.19,1.37,2.56,25,True,True,True,True,True,False,True,1.75,2.79,1.88,1.97,4.10,1.67,5.30,2.13,1.78,1.53,2.48,1.54,,,2.52,
England_Premier_League_2025-2026,2025/2026,16,Chelsea,Everton,2025-12-13 15:00:00,2,0,2,4,7,11,1,0,0,0,5,2,12,9,17,11,13,11,58,42,,,1,0,1.73,3.9,4.6,1.25,1.85,3.1,1.75,1.95,1.47,2.05,2.65,1.98,1.36,2.74,2.96,1.44,2,2,0,0,0,0,2,152,0,50,0,39552,2,1,1,3,3,4,4,7,0,0,1,0,0,1,1,34,41,99,95,1.67,1.14,2.81,0,0,0,0,0,0,1,1,0,0,1,1,0,0,1,8,21,1,11,13,1,8,10,43,72,22,57,1.75,1.62,1.57,1.43,1.67,1.6,57,29,1.74,0.95,2.69,25,True,True,False,False,False,False,False,1.91,3.24,1.82,2.03,3.87,4.76,1.77,2.03,1.85,1.46,2.66,1.45,1.37,3.18,2.82,1.29
England_Premier_League_2025-2026,2025/2026,16,Liverpool,Brighton & Hove Albion,2025-12-13 15:00:00,2,0,2,2,2,4,1,2,0,0,4,1,14,13,18,14,8,15,49,51,Anfield,"Anfield Road, Liverpool",1,2,1.73,4.0,4.7,1.17,1.57,2.4,1.53,2.38,1.37,1.78,2.9,2.2,1.26,2.23,3.45,1.61,2,1,0,1,0,1,1,151,0,57,0,60429,2,1,1,0,1,2,1,3,0,1,1,1,1,2,1,40,60,96,106,1.7,1.39,3.09,0,0,0,0,0,0,1,1,1,0,0,0,0,0,1,9,7,1,15,8,1,13,8,50,86,14,79,1.85,0.83,1.86,1.14,1.53,1.53,50,14,1.85,1.46,3.31,25,True,True,False,False,False,False,False,1.67,2.64,1.62,2.26,4.11,4.29,1.80,2.34,1.65,,,,,,,
England_Premier_League_2025-2026,2025/2026,16,Burnley,Fulham,2025-12-13 17:30:00,2,3,5,10,4,14,1,2,0,0,8,4,8,2,16,6,8,8,53,47,Turf Moor,"Harry Potts Way, Burnley",1,2,3.75,3.4,2.07,1.37,2.09,3.85,1.91,1.85,1.45,1.74,2.4,1.85,1.4,2.75,2.7,1.37,5,1,2,1,1,2,3,162,0,43,0,19739,2,1,5,3,5,1,8,6,0,1,1,1,1,2,1,64,26,133,74,2.04,0.86,2.9,0,0,0,0,0,0,1,1,0,1,0,1,0,0,1,23,19,1,8,9,1,7,10,29,86,29,71,0.77,0.92,1.0,0.57,0.67,1.13,72,15,0.86,1.17,2.03,25,True,True,True,True,True,False,True,2.17,3.67,1.94,1.91,3.49,2.02,4.06,1.94,1.92,1.54,2.45,1.38,1.43,2.89,3.13,1.37
England_Premier_League_2025-2026,2025/2026,16,Arsenal,Wolverhampton Wanderers,2025-12-13 20:00:00,2,1,3,8,0,8,0,4,0,0,2,2,14,1,16,3,7,15,69,31,Emirates Stadium,"Queensland Road, London",0,4,1.12,9.4,18.5,1.15,1.48,2.35,2.62,1.53,1.38,1.63,2.75,2.1,1.25,2.1,3.54,1.64,3,0,0,2,1,3,0,59,0,22,0,60242,2,1,4,0,4,0,4,4,0,0,0,4,0,4,1,80,19,112,73,1.73,0.48,2.21,0,0,0,0,0,0,1,1,0,0,1,0,0,0,1,20,12,1,16,8,1,1,18,36,72,15,79,2.46,0.25,2.71,0.14,2.2,0.13,64,29,1.8,0.97,2.77,25,True,True,True,False,False,False,True,1.48,2.28,1.64,2.26,9.55,27.00,1.12,1.44,2.91,,,,,,,
England_Premier_League_2025-2026,2025/2026,16,West Ham United,Aston Villa,2025-12-14 14:00:00,2,3,5,5,3,8,1,2,0,0,3,4,7,3,10,7,18,13,41,59,London Stadium,"Marshgate Lane, Stratford, London",1,2,3.3,3.41,2.2,1.23,1.83,3.0,1.71,2.24,1.34,1.63,2.9,2.23,1.32,2.74,2.8,1.46,5,2,1,0,2,2,3,158,0,57,0,62447,2,1,0,3,5,0,3,5,0,2,1,0,2,1,1,38,38,100,90,1.13,1.01,2.13,0,0,0,0,0,0,1,1,1,1,0,0,0,0,1,18,12,1,14,19,1,5,7,57,86,36,71,0.83,1.69,0.86,1.57,0.87,2.0,43,15,1.24,1.31,2.55,25,True,True,True,True,True,False,True,1.81,3.03,1.62,2.27,3.57,2.23,3.35,2.29,1.68,,,,,,,1.26
England_Premier_League_2025-2026,2025/2026,16,Nottingham Forest,Tottenham Hotspur,2025-12-14 14:00:00,3,0,3,3,3,6,1,3,0,0,6,1,9,5,15,6,9,13,48,52,The City Ground,"Pavilion Road, Nottingham, Nottinghamshire",1,3,2.67,3.3,2.69,1.3,1.95,3.48,1.75,2.0,1.31,1.69,3.05,2.33,1.46,3.08,2.7,1.37,3,1,0,2,0,2,1,211,0,50,0,30579,2,1,1,1,2,2,2,4,1,1,0,2,2,2,1,55,40,99,111,1.76,0.76,2.52,0,0,0,0,0,0,1,1,0,0,0,0,0,0,1,22,24,1,14,13,1,6,9,79,93,50,71,1.0,1.46,1.0,2.0,1.0,1.47,22,7,1.72,1.09,2.81,25,True,True,True,False,False,False,False,1.99,3.55,1.57,2.37,3.36,2.74,2.75,2.16,1.75,,,1.41,1.40,3.03,2.97,1.31
England_Premier_League_2025-2026,2025/2026,16,Sunderland,Newcastle United,2025-12-14 14:00:00,1,0,1,3,6,9,5,4,0,0,1,2,4,4,5,6,10,10,47,53,Stadium of Light,"Millenium Way, Sunderland",5,4,3.41,3.35,2.18,1.32,1.9,3.6,1.73,1.96,1.38,1.79,2.8,2.19,1.41,2.98,2.74,1.39,1,0,0,1,0,1,0,156,0,64,0,47158,2,1,2,1,1,5,3,6,2,0,3,4,2,7,1,57,45,101,83,0.81,0.85,1.66,0,0,0,0,0,0,1,1,0,0,1,0,0,0,1,19,22,1,10,10,1,5,7,57,79,22,57,2.17,0.83,2.14,0.86,1.53,1.47,43,22,1.26,1.35,2.61,25,True,False,False,False,False,False,False,1.96,3.36,1.71,2.15,3.40,2.22,3.54,2.17,1.74,,,1.42,1.39,3.07,2.91,1.30
England_Premier_League_2025-2026,2025/2026,16,Crystal Palace,Manchester City,2025-12-14 14:00:00,0,3,3,2,2,4,2,0,0,0,4,6,12,1,16,7,9,6,39,61,Selhurst Park,"Holmesdale Road, London",2,0,4.1,3.75,1.88,1.17,1.72,2.5,1.62,2.22,1.53,1.79,2.35,1.89,1.25,2.28,3.24,1.51,3,0,1,0,2,2,1,93,0,57,0,25166,2,1,0,1,2,1,1,3,0,0,2,0,0,2,1,44,30,82,114,1.6,1.1,2.7,0,1,0,1,0,0,1,1,0,0,0,0,0,0,1,19,11,1,8,11,1,5,8,50,71,22,79,1.0,1.62,1.43,1.43,1.73,2.07,50,29,1.47,1.43,2.9,25,True,True,True,False,False,False,False,1.75,2.83,1.94,1.90,3.82,1.90,4.23,2.28,1.68,1.55,2.42,1.54,,,2.53,
England_Premier_League_2025-2026,2025/2026,16,Brentford,Leeds United,2025-12-14 16:30:00,1,1,2,0,3,3,0,0,0,0,2,4,5,14,7,18,8,9,57,43,,,0,0,1.96,3.4,3.9,1.32,2.08,3.8,1.85,1.85,1.52,2.04,2.35,1.82,1.38,3.0,2.89,1.38,2,0,0,1,1,2,0,-1,0,57,0,17159,2,-1,0,1,0,2,1,2,0,0,0,0,0,0,1,39,49,123,102,0.88,1.77,2.65,0,0,0,0,0,0,1,1,0,0,0,0,-1,-1,1,25,21,1,9,10,1,8,7,71,79,43,86,2.0,0.58,2.29,0.43,1.27,1.0,29,22,1.36,1.09,2.45,25,True,True,False,False,False,False,True,2.17,3.40,2.07,1.77,3.35,3.65,2.20,1.98,1.88,1.61,2.31,,,,,1.37
England_Premier_League_2025-2026,2025/2026,16,Manchester United,AFC Bournemouth,2025-12-15 20:00:00,4,4,8,5,4,9,2,3,0,0,9,9,16,5,25,14,15,12,57,43,Old Trafford,"Sir Matt Busby Way, Manchester",2,3,1.82,4.2,4.0,1.13,1.47,2.1,1.47,2.5,1.34,1.73,3.0,2.27,1.25,2.1,3.7,1.65,8,2,1,2,3,5,3,-1,0,64,0,-1,2,1,4,2,1,2,6,3,1,1,1,2,2,3,1,50,47,93,106,2.56,1.86,4.42,0,0,0,0,0,0,1,1,0,0,2,0,0,0,1,19,20,1,13,16,1,4,12,65,79,57,93,2.08,0.92,1.86,0.71,1.67,1.33,36,22,2.02,1.46,3.48,25,True,True,True,True,True,True,True,1.49,2.24,1.60,2.32,4.20,4.35,1.78,2.64,1.52,,,1.70,,,2.18,
England_Premier_League_2025-2026,2025/2026,17,Newcastle United,Chelsea,2025-12-20 12:30:00,2,2,4,6,4,10,3,6,0,0,5,4,6,9,11,13,13,14,47,53,,,3,6,2.76,3.55,2.55,1.17,1.78,2.7,1.57,2.3,1.3,1.79,2.95,2.27,1.34,2.53,3.08,1.48,4,2,0,0,2,2,2,-1,0,63,0,52226,2,1,4,0,2,4,4,6,0,3,3,3,3,6,1,47,42,93,98,1.39,1.41,2.8,0,0,0,0,0,0,1,1,1,0,2,0,0,1,1,19,14,1,14,15,1,11,11,69,82,26,69,1.77,1.69,2.0,1.75,1.38,1.75,32,19,1.7,1.55,3.25,25,True,True,True,True,False,False,True,1.67,2.64,1.61,2.30,3.65,2.43,2.93,2.58,1.55,,,1.56,,,2.47,
England_Premier_League_2025-2026,2025/2026,17,Wolverhampton Wanderers,Brentford,2025-12-20 15:00:00,0,2,2,3,4,7,2,4,0,0,2,6,7,1,9,7,12,15,43,57,Molineux Stadium,"Waterloo Road, Wolverhampton, West Midlands",2,4,3.35,3.32,2.2,1.27,2.07,3.5,1.73,2.0,1.55,1.78,2.43,1.9,1.43,2.75,2.81,1.4,2,0,0,0,2,2,0,218,0,57,0,27662,2,1,2,2,1,2,4,3,2,2,0,2,4,2,1,43,43,94,100,1.03,1.19,2.21,0,0,0,0,0,0,1,1,0,0,0,0,0,0,1,21,22,1,14,12,1,5,5,57,94,51,82,0.38,1.15,0.13,0.38,0.13,1.25,44,7,1.17,1.1,2.27,25,True,True,False,False,False,False,False,2.05,3.59,1.95,1.90,3.53,2.13,3.62,2.06,1.82,1.55,2.43,,,,,1.33
England_Premier_League_2025-2026,2025/2026,17,Manchester City,West Ham United,2025-12-20 15:00:00,3,0,3,6,0,6,1,1,0,0,8,3,9,4,17,7,16,10,66,34,Etihad Stadium,"Rowsley Street, Manchester",1,1,0.0,0.0,0.0,0.0,0.0,0.0,0.0,0.0,0.0,0.0,0.0,0.0,0.0,0.0,0.0,0.0,3,2,0,1,0,1,2,93,0,51,0,52454,2,1,4,0,2,0,4,2,1,1,0,0,2,0,1,68,17,139,58,2.13,0.78,2.91,0,0,0,0,0,0,1,1,1,0,0,0,0,0,1,12,14,1,10,16,1,6,10,63,100,50,69,2.42,1.0,2.63,0.88,2.13,0.81,38,0,1.93,1.18,3.11,25,True,True,True,False,False,False,False,1.34,1.92,1.50,2.56,8.25,14.00,1.19,1.93,1.92,,,1.89,,,1.94,
England_Premier_League_2025-2026,2025/2026,17,AFC Bournemouth,Burnley,2025-12-20 15:00:00,1,1,2,5,3,8,1,1,0,0,1,1,15,3,16,4,11,11,66,34,Vitality Stadium,"Dean Court, Kings Park, Bournemouth, Dorset",1,1,1.44,4.6,6.5,1.15,1.57,2.35,1.67,2.05,1.32,1.58,2.85,2.22,1.28,2.3,3.3,1.58,2,0,0,1,1,2,0,-1,0,63,0,10762,2,1,3,0,2,3,3,5,0,1,1,0,1,1,1,64,37,107,84,1.54,0.6,2.14,0,0,0,0,0,0,1,1,0,0,0,0,0,0,1,26,18,1,11,11,1,6,18,69,75,38,69,1.77,0.42,1.88,0.38,1.31,0.63,32,25,1.6,1.11,2.71,25,True,True,False,False,False,False,True,1.59,2.47,1.68,2.20,4.80,6.95,1.48,2.15,1.76,,,1.60,,,2.38,
England_Premier_League_2025-2026,2025/2026,17,Brighton & Hove Albion,Sunderland,2025-12-20 15:00:00,0,0,0,3,4,7,2,2,0,0,4,6,12,8,16,14,11,15,57,43,The American Express Community Stadium,"Village Way, Falmer, East Sussex",2,2,1.88,3.6,4.35,1.27,1.82,3.11,1.75,1.98,1.44,1.79,2.43,1.99,1.36,2.65,3.02,1.46,0,0,0,0,0,0,0,-1,0,57,0,31426,2,1,1,3,2,1,4,3,2,0,0,2,2,2,1,65,57,110,84,1.76,1.71,3.47,0,0,0,0,0,0,1,1,0,0,1,1,0,0,1,22,17,1,15,11,1,6,9,50,82,32,63,1.62,0.77,1.88,1.0,1.44,1.63,50,19,1.68,0.96,2.64,25,False,False,False,False,False,False,False,1.91,3.17,,,3.63,4.64,1.88,2.09,1.80,,,1.45,1.35,3.20,2.77,1.28
England_Premier_League_2025-2026,2025/2026,17,Tottenham Hotspur,Liverpool,2025-12-20 17:30:00,1,2,3,2,6,8,4,3,2,0,4,4,11,4,15,8,9,7,35,65,,,7,3,3.61,3.61,2.1,1.22,1.79,2.86,1.59,2.35,1.26,1.55,3.1,2.33,1.33,2.56,3.12,1.47,3,0,0,1,2,3,0,151,0,57,0,61138,2,1,0,4,2,2,4,4,1,0,5,3,1,8,1,43,75,76,124,1.53,1.34,2.87,0,0,0,0,0,0,1,1,0,0,0,0,0,0,1,14,27,1,12,10,1,3,5,63,82,32,76,0.83,1.25,1.0,1.25,1.38,1.63,38,19,1.32,1.6,2.92,25,True,True,True,False,False,False,True,1.85,3.02,1.58,2.36,3.67,2.05,3.72,2.26,1.69,,,,,,,1.25
England_Premier_League_2025-2026,2025/2026,17,Leeds United,Crystal Palace,2025-12-20 20:00:00,4,1,5,9,5,14,1,3,0,0,8,3,12,6,20,9,5,10,53,47,Elland Road,"Elland Road, Leeds, West Yorkshire",1,3,2.68,3.17,2.74,1.34,2.1,3.56,1.88,1.95,1.87,2.21,2.01,1.54,1.5,3.12,2.57,1.38,5,2,0,2,1,3,2,222,0,57,0,36334,2,1,4,0,5,5,4,10,0,2,1,1,2,2,1,51,35,101,77,2.19,1.04,3.22,0,1,0,1,0,0,1,1,0,0,0,0,0,0,1,34,8,1,13,6,1,4,8,63,69,32,69,1.69,1.54,1.5,2.0,1.0,1.63,38,32,1.57,1.2,2.77,25,True,True,True,True,True,False,True,2.52,,2.39,1.56,3.11,2.74,2.93,1.85,2.03,1.85,1.99,1.34,1.50,2.67,3.36,1.46
England_Premier_League_2025-2026,2025/2026,17,Everton,Arsenal,2025-12-20 20:00:00,0,1,1,2,3,5,2,2,0,0,1,2,4,11,5,13,4,5,35,65,,,2,2,6.1,3.95,1.57,1.36,2.05,3.6,2.05,1.7,1.64,1.85,2.34,1.82,1.44,3.0,2.81,1.38,1,0,1,0,0,0,1,59,0,44,0,52513,2,1,2,1,0,2,3,2,2,0,0,2,2,2,1,34,50,86,119,0.64,1.33,1.98,0,1,0,1,0,0,1,1,0,0,0,0,0,0,1,19,17,1,6,2,1,9,5,44,76,26,76,1.33,2.0,1.75,1.75,1.5,2.25,57,26,1.54,1.66,3.2,25,True,False,False,False,False,False,False,2.00,3.53,2.03,1.81,4.25,1.55,6.65,1.78,2.13,1.61,2.29,1.40,1.40,3.00,3.01,1.32
England_Premier_League_2025-2026,2025/2026,17,Aston Villa,Manchester United,2025-12-21 16:30:00,2,1,3,5,5,10,1,2,0,0,4,6,8,9,12,15,11,14,43,57,,,1,2,2.1,3.7,3.0,1.18,1.57,2.38,1.48,2.38,1.34,1.67,2.78,2.13,1.3,2.3,3.3,1.56,3,1,1,1,0,1,2,158,0,63,0,43157,2,1,3,2,2,3,5,5,0,0,1,2,0,3,1,16,67,52,124,1.15,1.86,3.01,0,0,0,0,0,0,1,1,0,0,1,0,0,0,1,8,19,1,15,14,1,13,3,76,82,25,82,2.08,1.42,2.38,1.5,2.06,1.63,26,19,1.42,1.56,2.98,25,True,True,True,False,False,False,True,1.67,2.61,1.86,1.98,3.76,3.81,2.02,2.54,1.56,1.48,2.59,1.57,,,2.45,
England_Premier_League_2025-2026,2025/2026,17,Fulham,Nottingham Forest,2025-12-22 20:00:00,1,0,1,1,5,6,5,4,0,0,1,2,10,10,11,12,5,9,50,50,Craven Cottage,"Stevenage Road, London",5,4,2.26,3.35,3.0,1.3,2.0,3.5,1.67,2.1,1.33,1.73,2.73,2.13,1.43,2.8,2.69,1.4,1,1,0,0,0,0,1,162,0,38,0,-1,2,1,1,1,0,4,2,4,1,1,4,3,2,7,1,50,42,72,124,1.12,1.22,2.34,1,0,1,0,0,0,1,1,0,0,0,0,0,0,1,18,22,1,10,7,1,9,7,44,76,38,63,1.77,1.08,1.63,1.0,1.25,1.13,57,26,1.51,1.2,2.71,25,True,False,False,False,False,False,False,1.94,3.41,1.71,2.15,3.35,2.83,2.66,2.29,1.68,,,1.41,1.39,3.04,2.93,1.30
England_Premier_League_2025-2026,2025/2026,18,Manchester United,Newcastle United,2025-12-26 20:00:00,1,0,1,2,11,13,2,1,0,0,4,3,6,13,10,16,9,5,33,67,Old Trafford,"Sir Matt Busby Way, Manchester",2,1,2.6,3.6,2.63,1.15,1.62,2.45,1.53,2.4,1.32,1.56,3.02,2.27,1.24,2.2,3.7,1.57,1,1,0,0,0,0,1,149,0,57,0,-1,2,1,2,5,0,6,7,6,0,0,2,1,0,3,1,21,95,71,165,1.07,1.92,2.98,0,0,0,0,0,0,1,1,0,0,1,0,0,0,1,20,16,1,6,9,1,8,6,50,63,38,69,2.08,0.83,1.75,0.75,1.53,1.35,50,38,2.08,1.28,3.36,25,True,False,False,False,False,False,False,1.63,2.56,1.68,2.20,3.76,2.69,2.51,2.65,1.52,,,,,,,
England_Premier_League_2025-2026,2025/2026,18,Nottingham Forest,Manchester City,2025-12-27 12:30:00,1,2,3,5,5,10,1,2,0,0,2,5,5,11,7,16,5,13,34,66,The City Ground,"Pavilion Road, Nottingham, Nottinghamshire",1,2,5.2,4.4,1.6,1.19,1.62,2.55,1.7,2.1,1.49,1.81,2.44,1.99,1.3,2.42,3.4,1.52,3,0,0,1,2,3,0,93,0,44,0,30778,2,1,3,0,2,5,3,7,1,1,0,1,2,1,1,33,58,83,112,0.83,1.78,2.61,0,0,0,0,0,0,1,1,0,0,0,0,0,0,1,17,16,1,15,6,1,8,7,69,82,25,82,1.0,1.62,1.25,1.63,1.06,2.18,32,19,1.72,1.39,3.11,25,True,True,True,False,False,False,True,,,1.92,1.92,4.15,1.64,5.55,2.33,1.65,1.53,2.47,,,,,
England_Premier_League_2025-2026,2025/2026,18,Liverpool,Wolverhampton Wanderers,2025-12-27 15:00:00,2,1,3,6,4,10,0,1,0,0,4,4,10,5,14,9,5,13,67,33,Anfield,"Anfield Road, Liverpool",0,1,1.25,6.1,11.0,1.16,1.44,2.2,1.85,1.85,1.4,1.67,2.98,2.11,1.22,2.15,4.0,1.72,3,2,0,0,1,1,2,151,0,38,0,60466,2,1,5,1,1,3,6,4,0,0,0,1,0,1,1,87,33,149,82,1.8,1.09,2.9,0,0,0,0,0,0,1,1,0,0,0,0,0,0,1,12,16,1,13,5,1,6,12,44,76,7,63,1.85,0.25,2.0,0.13,1.71,0.12,57,26,1.83,0.9,2.73,25,True,True,True,False,False,False,True,1.47,2.20,1.74,2.11,6.62,11.64,1.24,1.85,2.01,,,1.70,,,2.16,
England_Premier_League_2025-2026,2025/2026,18,Brentford,AFC Bournemouth,2025-12-27 15:00:00,4,1,5,2,15,17,2,2,0,0,7,10,8,10,15,20,9,8,49,51,,,2,2,2.1,3.25,3.04,1.25,1.87,2.84,1.66,2.15,1.37,2.01,2.69,2.05,1.4,2.82,3.0,1.44,5,2,0,2,1,3,2,218,0,75,0,17152,2,1,1,2,1,13,3,14,0,0,2,2,0,4,1,44,84,72,101,1.75,2.56,4.31,0,0,0,0,0,0,1,1,1,0,0,0,0,0,1,19,14,1,8,9,1,9,7,76,82,50,88,2.0,0.92,2.13,0.75,1.35,1.29,26,19,1.3,1.51,2.81,25,True,True,True,True,True,False,True,1.87,3.06,1.77,2.05,3.58,3.13,2.33,2.32,1.66,,,1.48,1.34,3.32,2.68,1.26
England_Premier_League_2025-2026,2025/2026,18,Burnley,Everton,2025-12-27 15:00:00,0,0,0,6,5,11,0,2,0,0,0,6,16,9,16,15,8,8,54,46,Turf Moor,"Harry Potts Way, Burnley",0,2,3.7,3.11,2.2,1.44,2.44,4.4,2.0,1.74,1.58,2.24,2.38,1.8,1.44,3.5,2.81,1.29,0,0,0,0,0,0,0,-1,0,32,0,21637,2,1,1,1,5,4,2,9,0,0,0,2,0,2,1,59,43,119,109,1.44,1.68,3.12,0,0,0,0,0,0,1,1,0,0,1,0,0,0,1,27,12,1,8,8,1,10,10,19,69,38,69,0.77,1.62,0.88,1.25,0.65,1.41,82,32,1.01,0.97,1.98,25,False,False,False,False,False,False,False,2.51,,2.10,1.75,3.20,2.22,3.76,1.77,2.14,1.65,2.24,,,,,1.48
England_Premier_League_2025-2026,2025/2026,18,West Ham United,Fulham,2025-12-27 15:00:00,0,1,1,5,4,9,1,3,0,0,2,5,9,12,11,17,8,8,44,56,London Stadium,"Marshgate Lane, Stratford, London",1,3,3.0,3.4,2.45,1.28,1.91,3.05,1.62,2.2,1.32,1.56,3.35,2.42,1.35,2.5,2.95,1.44,1,0,0,0,1,1,0,162,0,69,0,62464,2,1,4,3,1,1,7,2,1,0,0,3,1,3,1,49,65,93,109,1.19,1.89,3.08,0,0,0,0,0,0,1,1,0,0,0,1,0,0,1,19,24,1,8,8,1,9,7,69,100,44,75,0.83,0.92,0.75,0.88,0.76,1.35,32,0,1.23,1.13,2.36,25,True,False,False,False,False,False,False,2.00,3.31,1.61,2.30,3.39,2.44,3.09,2.24,1.70,,,,,,,1.29
England_Premier_League_2025-2026,2025/2026,18,Arsenal,Brighton & Hove Albion,2025-12-27 15:00:00,2,1,3,7,2,9,2,3,0,0,6,3,18,5,24,8,7,13,53,47,Emirates Stadium,"Queensland Road, London",2,3,1.22,5.5,8.75,1.14,1.53,2.35,1.8,1.95,1.59,1.97,2.46,1.83,1.33,2.31,3.95,1.64,3,1,0,1,1,2,1,59,0,44,0,60209,2,1,2,1,5,1,3,6,0,1,2,2,1,4,1,70,28,90,83,2.43,0.93,3.35,0,0,0,0,0,0,1,1,0,0,0,1,0,0,1,20,12,1,13,7,1,4,9,44,88,19,88,2.46,0.83,2.75,1.0,2.29,1.41,57,13,1.79,1.45,3.24,25,True,True,True,False,False,False,True,1.57,2.43,2.04,1.81,5.80,9.75,1.32,1.92,1.94,1.58,2.34,1.64,1.33,3.20,2.30,
England_Premier_League_2025-2026,2025/2026,18,Chelsea,Aston Villa,2025-12-27 17:30:00,1,2,3,6,7,13,5,3,0,0,3,8,11,3,14,11,16,8,63,37,,,5,3,1.84,3.85,4.4,1.25,1.8,2.77,1.67,2.1,1.45,1.96,2.55,1.92,1.33,2.56,3.12,1.47,3,1,0,0,2,2,1,158,0,57,0,39765,-1,1,-1,-1,-1,-1,-1,-1,0,1,5,2,1,7,1,79,27,116,33,1.67,1.44,3.11,0,0,0,0,0,0,1,1,0,0,-1,-1,0,0,1,6,13,1,8,16,1,1,11,50,82,32,69,1.75,1.69,1.75,1.75,1.71,2.12,50,19,1.73,1.27,3.0,25,True,True,True,False,False,False,True,1.70,2.73,1.83,2.01,4.14,4.32,1.79,2.35,1.64,1.47,2.63,,,,,
England_Premier_League_2025-2026,2025/2026,18,Sunderland,Leeds United,2025-12-28 14:00:00,1,1,2,3,9,12,1,0,0,0,3,6,5,11,8,17,7,9,43,57,Stadium of Light,"Millenium Way, Sunderland",1,0,2.65,3.25,2.75,1.44,2.15,4.3,1.95,1.8,1.82,2.57,1.92,1.57,1.44,3.5,2.55,1.3,2,1,0,0,1,1,1,-1,0,57,0,46675,2,1,2,4,1,5,6,6,0,0,1,0,0,1,1,47,64,81,111,1.06,1.96,3.01,0,0,0,0,0,0,1,1,0,0,1,0,0,0,1,19,13,1,12,11,1,9,5,57,88,32,63,2.17,0.58,2.25,0.5,1.59,1.12,44,13,1.2,1.17,2.37,25,True,True,False,False,False,False,True,2.42,3.40,2.29,1.61,3.16,2.65,2.99,1.90,1.96,1.83,2.02,1.35,1.50,2.65,3.22,1.43
England_Premier_League_2025-2026,2025/2026,18,Crystal Palace,Tottenham Hotspur,2025-12-28 16:30:00,0,1,1,3,2,5,3,2,0,0,2,4,13,4,15,8,7,5,62,38,Selhurst Park,"Holmesdale Road, London",3,2,2.31,3.4,3.2,1.29,1.87,3.0,1.67,2.1,1.44,1.7,2.58,1.98,1.38,2.62,2.95,1.44,1,0,1,0,0,0,1,92,0,50,0,25186,2,1,0,1,3,1,1,4,1,2,2,0,3,2,1,76,27,135,85,1.64,0.99,2.63,0,0,0,0,0,0,1,1,0,0,0,0,0,1,1,21,20,1,8,8,1,5,14,69,88,38,75,1.0,1.46,1.25,1.75,1.53,1.29,32,13,1.49,1.05,2.54,25,True,False,False,False,False,False,False,1.97,3.39,1.78,2.06,3.45,3.33,2.28,2.16,1.75,1.47,2.64,1.43,1.39,3.08,2.90,1.30
England_Premier_League_2025-2026,2025/2026,19,Chelsea,AFC Bournemouth,2025-12-30 19:30:00,2,2,4,12,3,15,1,1,0,0,3,6,14,11,17,17,5,12,67,33,,,1,1,1.48,4.6,5.5,1.15,1.48,2.15,1.61,2.39,1.34,1.82,2.75,2.19,1.22,2.26,3.62,1.66,4,2,2,0,0,0,4,-1,0,67,0,-1,2,1,2,1,10,2,3,12,1,0,0,1,1,1,1,110,56,114,73,2.07,1.89,3.96,1,0,1,0,0,0,1,1,0,1,1,0,1,0,1,17,13,1,13,5,1,7,10,73,89,50,84,1.75,0.92,1.56,0.67,1.61,1.22,28,11,1.72,1.63,3.35,25,True,True,True,True,False,False,True,1.48,2.16,1.68,2.20,4.50,5.60,1.59,2.55,1.56,,,,,,,
England_Premier_League_2025-2026,2025/2026,19,Nottingham Forest,Everton,2025-12-30 19:30:00,0,2,2,9,2,11,1,0,0,0,6,3,15,8,21,11,11,9,70,30,The City Ground,"Pavilion Road, Nottingham, Nottinghamshire",1,0,2.16,3.25,3.4,1.44,2.31,4.1,1.95,1.78,1.55,1.8,2.37,1.85,1.53,3.2,2.49,1.32,2,0,1,0,1,1,1,144,0,39,0,30617,2,1,3,1,6,1,4,7,0,0,1,0,0,1,1,92,29,111,68,2.4,1.12,3.51,0,0,0,0,0,0,1,1,0,0,0,1,0,0,1,23,14,1,9,11,1,5,13,50,73,28,62,1.0,1.62,1.11,1.22,1.0,1.39,50,28,1.62,1.05,2.67,25,True,True,False,False,False,False,False,,,,,3.50,4.54,1.91,1.84,2.04,,,,,,,
England_Premier_League_2025-2026,2025/2026,19,West Ham United,Brighton & Hove Albion,2025-12-30 19:30:00,2,2,4,5,5,10,3,5,0,0,4,6,6,10,10,16,11,18,39,61,London Stadium,"Marshgate Lane, Stratford, London",3,5,3.3,3.55,2.16,1.16,1.63,3.0,1.57,2.4,1.43,1.77,2.63,2.05,1.28,2.4,3.36,1.55,4,2,1,0,1,1,3,-1,0,56,0,-1,2,1,3,1,2,4,4,6,3,3,0,2,6,2,1,35,63,74,79,1.17,1.88,3.04,1,1,1,1,0,0,1,1,1,0,0,0,0,0,1,14,16,1,18,9,1,8,3,56,89,28,78,0.83,0.83,0.67,0.89,0.72,1.33,45,11,1.22,1.39,2.61,25,True,True,True,True,False,False,True,1.77,2.85,,,3.63,2.13,3.54,2.38,1.63,,,,,,,
England_Premier_League_2025-2026,2025/2026,19,Burnley,Newcastle United,2025-12-30 19:30:00,1,3,4,3,4,7,2,1,0,0,4,9,11,11,15,20,9,3,48,52,Turf Moor,"Harry Potts Way, Burnley",2,1,5.5,3.9,1.57,1.22,1.8,2.88,1.81,2.0,1.33,1.68,2.7,2.06,1.33,2.67,3.12,1.47,4,1,2,0,1,1,3,157,0,33,0,21020,2,1,0,3,3,1,3,4,2,1,0,0,3,0,1,44,39,82,79,1.54,2.17,3.71,0,0,0,0,0,0,1,1,0,2,0,0,0,0,1,17,16,1,5,10,1,7,13,28,56,28,62,0.77,0.83,0.89,0.67,0.67,1.28,73,45,1.05,1.35,2.4,25,True,True,True,True,False,False,True,,,1.69,2.18,4.40,1.57,6.00,1.98,1.88,,,,,,,
England_Premier_League_2025-2026,2025/2026,19,Arsenal,Aston Villa,2025-12-30 20:15:00,4,1,5,3,3,6,2,3,0,0,7,3,15,8,22,11,18,9,46,54,Emirates Stadium,"Queensland Road, London",2,3,1.49,4.7,7.81,1.2,1.68,2.75,2.06,1.82,1.53,2.21,2.43,1.91,1.3,2.45,3.2,1.48,5,0,0,4,1,5,0,59,0,56,0,60279,2,1,0,2,3,1,2,4,1,1,1,2,2,3,1,58,43,79,83,2.28,1.22,3.5,0,0,0,0,0,0,1,1,0,0,0,0,0,0,1,8,17,1,9,22,1,2,8,56,84,28,84,2.46,1.69,2.78,1.89,2.33,2.17,44,17,1.86,1.29,3.15,25,True,True,True,True,True,False,True,,,,,5.45,8.00,1.38,1.85,2.03,,,,,,,
England_Premier_League_2025-2026,2025/2026,19,Manchester United,Wolverhampton Wanderers,2025-12-30 20:15:00,1,1,2,8,4,12,0,2,0,0,6,4,9,7,15,11,9,12,56,44,Old Trafford,"Sir Matt Busby Way, Manchester",0,2,1.35,5.0,7.5,1.15,1.6,2.53,1.83,1.86,1.41,1.68,2.63,2.1,1.25,2.35,3.38,1.55,2,1,1,0,0,0,2,-1,0,45,0,-1,2,1,3,1,5,3,4,8,0,0,0,2,0,2,1,85,59,120,104,1.98,1.41,3.39,0,0,0,0,0,0,1,1,0,0,1,0,0,0,1,19,14,1,13,11,1,5,10,44,67,28,73,2.08,0.25,1.89,0.11,1.61,0.11,56,33,1.97,0.93,2.9,25,True,True,False,False,False,False,True,1.54,2.39,1.79,2.04,5.35,8.25,1.38,2.09,1.80,,,1.67,,,2.23,
England_Premier_League_2025-2026,2025/2026,19,Liverpool,Leeds United,2026-01-01 17:30:00,0,0,0,8,3,11,0,2,0,0,4,2,15,2,19,4,10,8,68,32,Anfield,"Anfield Road, Liverpool",0,2,1.5,4.4,5.5,1.19,1.67,2.75,1.76,2.05,1.4,1.7,2.85,1.99,1.33,2.53,3.12,1.49,0,0,0,0,0,0,0,-1,0,56,0,60343,2,1,2,2,6,1,4,7,0,0,0,2,0,2,1,75,31,156,74,2.03,0.63,2.66,0,0,0,0,0,0,1,1,0,0,0,2,0,0,1,21,18,1,9,15,1,4,9,56,89,33,78,1.85,0.58,2.11,0.56,1.78,1.11,44,11,1.83,1.26,3.09,25,False,False,False,False,False,False,False,1.76,2.89,1.78,2.05,4.65,7.25,1.48,1.98,1.89,,,,,,,
England_Premier_League_2025-2026,2025/2026,19,Crystal Palace,Fulham,2026-01-01 17:30:00,1,1,2,6,3,9,0,5,0,0,2,5,9,12,11,17,7,10,40,60,Selhurst Park,"Holmesdale Road, London",0,5,2.1,3.3,3.4,1.31,2.11,3.8,1.8,2.0,1.47,1.72,2.4,1.9,1.44,3.16,2.67,1.37,2,1,0,0,1,1,1,-1,0,56,0,25111,2,1,2,1,4,2,3,6,0,1,0,4,1,4,1,54,49,82,120,1.22,1.78,3.01,0,0,0,0,0,0,1,1,0,0,1,0,0,0,1,15,17,1,11,12,1,9,8,50,78,22,73,1.0,0.92,1.11,1.11,1.44,1.44,50,22,1.5,1.21,2.71,25,True,True,False,False,False,False,True,2.18,3.60,1.96,1.88,3.30,3.49,2.28,2.00,1.88,1.55,2.43,,,,,1.37
England_Premier_League_2025-2026,2025/2026,19,Brentford,Tottenham Hotspur,2026-01-01 20:00:00,0,0,0,3,1,4,1,2,0,0,2,3,5,6,7,9,8,10,56,44,,,1,2,2.14,3.25,2.84,1.28,1.88,3.25,1.66,2.17,1.32,1.6,2.85,2.22,1.36,2.7,3.0,1.42,0,0,0,0,0,0,0,-1,0,61,0,17141,2,1,1,0,2,1,1,3,0,0,1,2,0,3,1,53,39,122,85,0.98,1.07,2.05,0,0,0,0,0,0,1,1,0,0,1,0,0,0,1,18,16,1,10,12,1,5,7,73,84,45,78,2.0,1.46,2.22,1.89,1.44,1.39,28,17,1.35,1.05,2.4,25,False,False,False,False,False,False,False,2.04,3.44,1.68,2.19,3.41,2.99,2.50,2.17,1.75,,,1.42,1.38,3.10,2.92,1.31
England_Premier_League_2025-2026,2025/2026,19,Sunderland,Manchester City,2026-01-01 20:00:00,0,0,0,3,5,8,1,1,0,0,4,4,6,10,10,14,9,6,32,68,Stadium of Light,"Millenium Way, Sunderland",1,1,7.25,4.6,1.44,1.18,1.71,2.62,1.87,1.85,1.52,2.1,2.5,1.96,1.3,2.55,3.3,1.48,0,0,0,0,0,0,0,-1,0,62,0,46920,2,1,2,3,1,2,5,3,1,0,0,1,1,1,1,49,70,85,106,1.27,1.67,2.94,0,0,0,0,0,0,1,1,0,0,0,1,0,0,1,19,24,1,7,9,1,10,7,56,84,17,67,2.17,1.62,2.11,1.78,1.56,2.22,45,17,1.19,1.44,2.63,25,False,False,False,False,False,False,False,1.68,2.73,1.86,1.98,4.95,1.43,7.75,1.99,1.88,1.51,2.53,1.59,,,2.40,
England_Premier_League_2025-2026,2025/2026,20,Aston Villa,Nottingham Forest,2026-01-03 12:30:00,3,1,4,4,4,8,1,2,0,0,4,5,7,5,11,10,10,20,73,27,,,1,2,1.85,3.65,4.0,1.28,1.89,2.98,1.73,2.05,1.43,1.95,2.7,2.06,1.33,2.62,2.88,1.47,4,1,0,2,1,3,1,158,0,33,0,43039,2,1,2,3,2,1,5,3,0,0,1,2,0,3,1,82,18,127,55,1.57,1.11,2.69,0,0,0,0,0,0,1,1,0,0,0,0,0,0,1,17,8,1,24,11,1,4,11,50,73,33,78,2.08,1.08,2.44,0.89,2.05,0.95,50,28,1.39,1.2,2.59,25,True,True,True,True,False,False,True,1.92,3.12,1.68,2.19,3.38,4.60,1.94,2.18,1.74,,,,,,,1.27
England_Premier_League_2025-2026,2025/2026,20,Wolverhampton Wanderers,West Ham United,2026-01-03 15:00:00,3,0,3,6,7,13,1,0,0,0,8,0,3,6,11,6,11,10,33,67,Molineux Stadium,"Waterloo Road, Wolverhampton, West Midlands",1,0,2.55,3.3,2.47,1.27,1.9,3.08,1.68,2.23,1.49,1.81,2.54,1.93,1.4,2.85,2.75,1.38,3,3,0,0,0,0,3,223,0,56,0,29874,2,1,3,1,3,6,4,9,0,0,1,0,0,1,1,25,66,66,139,1.44,0.88,2.31,1,0,1,0,0,0,1,1,1,0,0,0,0,0,1,27,16,1,9,11,1,8,4,56,95,45,62,0.38,1.0,0.11,0.78,0.16,0.74,44,6,1.15,1.14,2.29,25,True,True,True,False,False,False,False,1.89,3.32,1.86,1.99,3.41,2.71,2.73,2.28,1.68,1.49,2.57,1.46,1.37,3.17,2.77,1.29
England_Premier_League_2025-2026,2025/2026,20,Brighton & Hove Albion,Burnley,2026-01-03 15:00:00,2,0,2,4,4,8,0,4,0,0,4,3,11,2,15,5,7,17,60,40,The American Express Community Stadium,"Village Way, Falmer, East Sussex",0,4,1.35,4.3,7.5,1.2,1.76,2.75,1.84,1.88,1.47,1.76,2.6,2.02,1.3,2.45,3.24,1.5,2,1,0,1,0,1,1,209,0,84,0,31373,2,1,3,3,1,1,6,2,0,3,0,1,3,1,1,57,31,123,88,1.65,0.76,2.41,0,0,0,0,0,0,1,1,0,0,1,0,0,0,1,13,22,1,17,7,1,4,8,78,95,33,73,1.62,0.42,1.78,0.44,1.32,0.63,22,6,1.69,1.06,2.75,25,True,True,False,False,False,False,False,1.74,2.83,1.79,2.03,4.60,7.55,1.47,1.95,1.92,,,1.54,,,2.53,
England_Premier_League_2025-2026,2025/2026,20,AFC Bournemouth,Arsenal,2026-01-03 17:30:00,2,3,5,7,5,12,3,1,0,0,3,5,12,7,15,12,13,8,43,57,Vitality Stadium,"Dean Court, Kings Park, Bournemouth, Dorset",3,1,5.75,4.33,1.53,1.14,1.66,2.42,1.75,2.0,1.51,1.85,2.39,1.85,1.24,2.3,3.52,1.55,5,1,1,1,2,3,2,59,0,44,0,11240,2,1,4,1,3,4,5,7,1,0,2,1,1,3,1,29,50,93,115,1.37,1.48,2.85,0,0,0,0,0,0,1,1,1,0,2,0,0,0,1,14,13,1,9,14,1,10,8,33,56,17,56,1.77,2.0,1.78,1.89,1.21,2.37,67,44,1.6,1.62,3.22,25,True,True,True,True,True,False,True,1.65,2.63,1.88,1.96,4.55,1.53,6.35,2.15,1.76,1.51,2.52,1.62,,,2.34,
England_Premier_League_2025-2026,2025/2026,20,Leeds United,Manchester United,2026-01-04 12:30:00,1,1,2,6,4,10,0,1,0,0,3,2,8,13,11,15,9,9,45,55,Elland Road,"Elland Road, Leeds, West Yorkshire",0,1,2.5,3.3,2.62,1.27,1.92,2.95,1.63,2.33,1.49,2.04,2.44,1.93,1.36,2.5,2.88,1.43,2,0,0,1,1,2,0,-1,0,84,0,36909,2,1,2,4,4,0,6,4,0,1,0,0,1,0,1,51,27,116,116,1.28,1.29,2.58,0,0,0,0,0,0,1,1,0,0,0,0,0,0,1,20,16,1,12,10,1,8,11,84,89,45,78,1.69,1.42,1.67,1.33,1.11,1.58,17,11,1.64,1.59,3.23,25,True,True,False,False,False,False,True,2.04,3.32,1.85,1.99,3.40,2.65,2.81,2.22,1.71,1.50,2.55,1.43,1.39,3.09,2.90,1.29
England_Premier_League_2025-2026,2025/2026,20,Newcastle United,Crystal Palace,2026-01-04 15:00:00,2,0,2,8,6,14,1,3,0,0,7,1,5,10,12,11,5,12,59,41,,,1,3,1.69,4.05,4.8,1.2,1.81,2.95,1.71,2.04,1.43,1.74,2.64,2.08,1.34,2.4,3.1,1.52,2,0,0,2,0,2,0,157,0,61,0,51979,2,1,3,5,5,1,8,6,0,1,1,2,1,3,1,52,52,116,97,1.63,1.15,2.78,0,0,0,0,0,0,1,1,0,0,0,1,0,0,1,16,17,1,14,10,1,9,4,67,78,22,73,1.77,1.54,1.89,1.78,1.37,1.42,33,22,1.66,1.18,2.84,25,True,True,False,False,False,False,False,1.78,2.95,1.73,2.11,4.00,5.19,1.69,2.12,1.78,,,1.48,1.34,3.32,2.67,1.27
England_Premier_League_2025-2026,2025/2026,20,Everton,Brentford,2026-01-04 15:00:00,2,4,6,4,5,9,0,2,0,0,6,7,8,4,14,11,9,8,45,55,,,0,2,2.53,3.25,2.98,1.34,2.23,4.0,1.83,1.89,1.45,2.08,2.4,1.9,1.5,3.18,2.57,1.35,6,0,1,2,3,5,1,218,0,39,0,-1,2,1,1,4,3,1,5,4,0,2,0,0,2,0,1,61,37,112,96,1.75,1.46,3.21,0,0,0,0,0,0,1,1,0,0,1,0,0,0,1,21,19,1,10,9,1,6,5,44,89,33,84,1.33,1.15,1.56,0.67,1.47,1.42,56,11,1.44,1.11,2.55,25,True,True,True,True,True,True,True,2.21,,1.99,1.85,3.24,3.09,2.53,1.99,1.88,1.56,2.40,1.36,1.44,2.85,3.21,1.37
England_Premier_League_2025-2026,2025/2026,20,Tottenham Hotspur,Sunderland,2026-01-04 15:00:00,1,1,2,3,5,8,2,3,0,0,5,3,8,7,13,10,9,6,49,51,,,2,3,2.02,3.35,4.23,1.38,2.14,4.3,1.87,1.85,1.5,2.08,2.6,1.9,1.43,3.12,2.7,1.36,2,1,0,0,1,1,1,-1,0,39,0,60877,2,1,2,1,1,4,3,5,0,0,2,3,0,5,1,51,50,87,92,1.54,1.21,2.75,0,0,0,0,0,0,1,1,0,0,0,0,0,0,1,22,20,1,8,13,1,7,10,39,67,33,61,0.83,0.77,0.89,1.0,1.37,1.53,61,33,1.34,1.04,2.38,25,True,True,False,False,False,False,True,2.16,3.39,1.87,1.98,3.46,4.22,2.01,1.92,1.95,1.48,2.60,1.37,1.43,2.86,3.16,1.37
England_Premier_League_2025-2026,2025/2026,20,Fulham,Liverpool,2026-01-04 15:15:00,2,2,4,3,8,11,1,1,0,0,2,2,6,8,8,10,11,4,42,58,Craven Cottage,"Stevenage Road, London",1,1,3.95,3.7,1.85,1.3,1.94,3.16,1.77,1.96,1.41,1.68,2.7,2.13,1.4,2.75,2.8,1.42,4,1,0,1,2,3,1,-1,0,56,0,27547,2,1,1,4,2,4,5,6,0,0,1,1,0,2,1,37,58,69,141,0.92,1.21,2.12,0,0,0,0,0,0,1,1,0,0,0,1,0,0,1,17,27,1,8,13,1,9,4,61,73,28,56,1.77,1.25,1.78,1.44,1.42,1.74,39,28,1.47,1.57,3.04,25,True,True,True,True,False,False,True,1.95,3.31,1.72,2.13,3.70,1.91,4.37,2.09,1.81,,,1.44,1.38,3.13,2.85,1.29
England_Premier_League_2025-2026,2025/2026,20,Manchester City,Chelsea,2026-01-04 17:30:00,1,1,2,8,2,10,3,3,0,0,3,3,11,5,14,8,12,14,57,43,Etihad Stadium,"Rowsley Street, Manchester",3,3,1.54,4.6,5.4,1.12,1.44,2.16,1.53,2.4,1.56,1.89,2.55,1.85,1.2,2.1,4.1,1.71,2,1,0,0,1,1,1,-1,0,45,0,52503,2,1,5,1,3,1,6,4,0,0,3,3,0,6,1,69,34,135,65,1.6,0.96,2.57,0,0,0,0,0,0,1,1,0,0,0,1,0,0,1,10,21,1,16,14,1,4,7,73,89,61,84,2.42,1.69,2.67,1.67,2.16,1.58,28,11,1.95,1.54,3.49,25,True,True,False,False,False,False,True,1.38,1.96,1.93,1.91,5.05,6.50,1.47,2.65,1.52,1.55,2.43,,,,,
England_Premier_League_2025-2026,2025/2026,21,West Ham United,Nottingham Forest,2026-01-06 20:00:00,1,2,3,6,5,11,3,0,0,0,3,5,11,8,14,13,15,9,47,53,London Stadium,"Marshgate Lane, Stratford, London",3,0,3.11,3.15,2.28,1.3,1.98,3.35,1.69,2.07,1.43,1.95,2.78,2.1,1.36,2.7,2.95,1.4,3,1,0,0,2,2,1,211,0,45,0,62429,2,1,3,2,3,3,5,6,0,0,3,0,0,3,1,51,77,99,108,1.46,1.73,3.19,0,1,0,1,0,0,1,1,0,0,1,0,0,0,1,23,27,1,9,15,1,6,5,55,85,40,75,0.83,1.08,0.7,0.8,0.7,0.9,45,15,1.22,1.19,2.41,25,True,True,True,False,False,False,True,1.85,3.21,1.68,2.20,3.50,2.40,3.07,2.27,1.68,,,1.44,1.37,3.16,2.83,1.28
England_Premier_League_2025-2026,2025/2026,21,Crystal Palace,Aston Villa,2026-01-07 19:30:00,0,0,0,3,5,8,2,0,0,0,5,3,6,12,11,15,8,3,41,59,Selhurst Park,"Holmesdale Road, London",2,0,2.9,3.1,2.28,1.27,1.96,3.35,1.65,2.13,1.57,1.92,2.32,1.82,1.41,2.97,3.01,1.41,0,0,0,0,0,0,0,-1,0,60,0,24841,2,1,1,1,2,4,2,6,0,0,2,0,0,2,1,33,48,82,95,1.29,1.5,2.79,0,0,0,0,0,0,1,1,0,0,0,0,0,0,1,17,18,1,3,10,1,11,10,50,75,20,75,1.0,1.69,1.1,1.7,1.35,2.1,50,25,1.48,1.28,2.76,25,False,False,False,False,False,False,False,1.88,3.17,,,3.40,2.45,3.08,2.28,1.68,,,1.44,1.38,3.12,2.86,1.27
England_Premier_League_2025-2026,2025/2026,21,Everton,Wolverhampton Wanderers,2026-01-07 19:30:00,1,1,2,2,7,9,2,3,2,0,2,4,11,9,13,13,13,15,45,55,,,5,3,1.8,3.5,4.74,1.33,2.08,3.4,1.88,1.85,1.56,2.34,2.34,1.78,1.41,3.01,2.7,1.37,2,1,0,0,1,1,1,-1,0,40,0,-1,2,1,0,1,2,6,1,8,0,1,4,2,1,6,1,50,54,96,114,1.32,1.5,2.82,0,0,0,0,0,0,1,1,0,0,0,0,0,0,1,12,8,1,16,13,1,8,6,45,75,25,75,1.33,0.25,1.4,0.2,1.4,0.3,55,25,1.47,0.97,2.44,25,True,True,False,False,False,False,True,2.06,3.59,2.06,1.78,3.52,4.60,1.89,1.97,1.89,1.61,2.32,1.39,1.42,2.94,3.05,1.33
England_Premier_League_2025-2026,2025/2026,21,Fulham,Chelsea,2026-01-07 19:30:00,2,1,3,2,11,13,3,3,0,1,5,6,11,8,16,14,11,6,55,45,Craven Cottage,"Stevenage Road, London",3,5,3.4,3.4,1.85,1.26,1.75,2.91,1.62,2.2,1.4,1.67,2.78,2.09,1.31,2.5,3.24,1.48,3,0,0,2,1,3,0,162,0,55,0,26990,2,1,0,4,2,7,4,9,1,4,2,0,5,2,1,77,38,101,94,1.91,1.58,3.49,0,0,0,0,0,0,1,1,0,0,0,1,0,0,1,15,11,1,8,12,1,8,6,55,70,35,70,1.77,1.69,1.7,1.6,1.4,1.55,45,30,1.41,1.48,2.89,25,True,True,True,False,False,False,True,1.95,3.27,1.71,2.15,3.58,2.07,3.75,2.16,1.75,,,,,,,1.28
England_Premier_League_2025-2026,2025/2026,21,Brentford,Sunderland,2026-01-07 19:30:00,3,0,3,7,4,11,2,1,0,0,6,3,12,8,18,11,13,13,51,49,,,2,1,1.83,3.45,4.6,1.42,2.31,3.94,2.12,1.78,1.59,1.97,2.26,1.78,1.45,3.2,2.71,1.33,3,1,0,2,0,2,1,218,0,50,0,17016,2,1,4,1,3,3,5,6,1,1,1,0,2,1,1,57,35,72,89,1.96,1.16,3.12,0,0,0,0,0,0,1,1,0,0,1,0,0,0,1,14,11,1,14,13,1,5,10,40,65,30,60,2.0,0.77,2.1,1.0,1.5,1.5,60,35,1.31,1.06,2.37,25,True,True,True,False,False,False,False,2.44,3.55,2.06,1.77,3.18,4.29,2.08,1.79,2.10,1.62,2.29,,,,,1.44
England_Premier_League_2025-2026,2025/2026,21,AFC Bournemouth,Tottenham Hotspur,2026-01-07 19:30:00,3,2,5,3,7,10,3,3,0,0,3,4,8,12,11,16,19,10,42,58,Vitality Stadium,"Dean Court, Kings Park, Bournemouth, Dorset",3,3,2.15,3.6,3.35,1.2,1.73,2.82,1.63,2.32,1.34,1.51,2.95,2.23,1.3,2.45,3.3,1.47,5,2,1,1,1,2,3,148,0,45,0,11212,2,1,3,3,0,3,6,3,1,0,2,3,1,5,1,33,50,83,110,1.15,1.66,2.8,0,0,0,0,0,0,1,1,0,1,1,0,0,0,1,19,25,1,10,23,1,7,7,55,70,40,60,1.77,1.46,1.6,1.8,1.15,1.35,45,30,1.57,1.05,2.62,25,True,True,True,True,True,False,True,1.77,2.87,1.56,2.41,3.64,3.23,2.25,2.36,1.64,,,1.50,1.34,3.33,2.64,1.25
England_Premier_League_2025-2026,2025/2026,21,Manchester City,Brighton & Hove Albion,2026-01-07 19:30:00,1,1,2,6,2,8,0,5,0,0,6,3,15,3,21,6,6,16,60,40,Etihad Stadium,"Rowsley Street, Manchester",0,5,1.51,4.6,6.11,1.07,1.36,2.03,1.53,2.4,1.44,2.04,2.6,2.02,1.2,2.04,4.0,1.81,2,1,0,0,1,1,1,-1,0,50,0,51728,2,1,3,1,3,1,4,4,0,2,0,3,2,3,1,82,22,133,62,2.34,0.75,3.09,1,0,1,0,0,0,1,1,0,0,2,0,0,0,1,19,22,1,18,8,1,5,12,60,95,45,90,2.42,0.83,2.5,0.9,2.1,1.4,40,5,1.92,1.44,3.36,25,True,True,False,False,False,False,True,1.46,2.18,1.82,2.03,4.64,6.11,1.53,2.52,1.57,1.46,2.66,1.79,,,2.08,
England_Premier_League_2025-2026,2025/2026,21,Burnley,Manchester United,2026-01-07 20:15:00,2,2,4,2,6,8,2,0,0,0,1,10,6,20,7,30,9,8,35,65,Turf Moor,"Harry Potts Way, Burnley",2,0,5.0,4.15,1.66,1.3,1.86,3.12,1.83,1.89,1.5,1.83,2.42,1.91,1.36,2.55,2.88,1.41,4,1,0,1,2,3,1,-1,0,60,0,21047,2,1,0,4,2,2,4,4,1,0,1,0,1,1,1,28,54,94,116,0.73,2.97,3.7,0,0,0,0,0,0,1,1,0,0,0,0,0,0,1,16,16,1,8,11,1,18,3,50,85,35,75,0.77,1.42,0.8,1.3,0.6,1.55,50,15,1.1,1.56,2.66,25,True,True,True,True,False,False,True,1.88,3.17,1.99,1.85,3.86,1.73,5.08,2.06,1.83,1.56,2.39,1.48,1.35,3.29,2.71,1.28
England_Premier_League_2025-2026,2025/2026,21,Newcastle United,Leeds United,2026-01-07 20:15:00,4,3,7,8,4,12,3,2,0,0,8,6,10,8,18,14,11,10,63,37,,,3,2,1.66,3.85,5.0,1.24,1.88,2.84,1.75,1.94,1.4,1.7,2.7,2.09,1.36,2.7,2.98,1.46,7,1,2,3,1,4,3,157,0,60,0,52176,2,1,2,1,5,3,3,8,3,1,0,1,4,1,1,68,47,114,101,2.19,1.65,3.83,1,1,1,1,0,0,1,1,0,0,0,0,1,0,1,16,15,1,9,11,1,11,7,60,85,30,65,1.77,0.58,2.0,0.6,1.45,1.1,40,15,1.66,1.19,2.85,25,True,True,True,True,True,True,True,1.85,3.04,1.67,2.21,4.03,5.66,1.64,2.02,1.85,,,1.47,1.35,3.25,2.74,1.26
England_Premier_League_2025-2026,2025/2026,21,Arsenal,Liverpool,2026-01-08 20:00:00,0,0,0,3,0,3,2,2,0,0,4,0,5,8,9,8,10,9,48,52,Emirates Stadium,"Queensland Road, London",2,2,1.57,4.1,5.9,1.24,1.81,3.05,1.87,1.91,1.58,2.16,2.33,1.84,1.33,2.7,3.12,1.44,0,0,0,0,0,0,0,-1,0,60,0,60258,2,1,2,0,1,0,2,1,1,0,1,2,1,3,1,57,35,107,98,1.27,0.77,2.04,0,0,0,0,0,0,1,1,0,0,0,0,0,0,1,15,17,1,10,12,1,8,6,70,90,20,70,2.46,1.25,2.8,1.4,2.4,1.7,30,10,1.9,1.53,3.43,25,False,False,False,False,False,False,False,1.82,3.05,2.00,1.84,4.40,5.75,1.59,2.00,1.87,1.58,2.35,1.48,1.36,3.24,2.70,1.27
England_Premier_League_2025-2026,2025/2026,22,Manchester United,Manchester City,2026-01-17 12:30:00,2,0,2,1,6,7,2,3,0,0,7,1,4,6,11,7,13,8,32,68,Old Trafford,"Sir Matt Busby Way, Manchester",2,3,3.5,4.0,1.94,1.13,1.44,2.26,1.44,2.66,1.47,1.8,2.5,1.95,1.21,2.19,3.62,1.66,2,0,0,2,0,2,0,149,0,55,0,74004,2,1,1,3,0,3,4,3,2,1,0,2,3,2,1,37,87,71,132,1.45,1.15,2.6,0,0,0,0,0,0,1,1,0,0,1,1,0,0,1,16,13,1,9,18,1,7,7,50,70,35,80,2.08,1.62,1.8,1.7,1.52,2.05,50,30,1.97,1.46,3.43,25,True,True,False,False,False,False,False,1.54,2.29,1.95,1.90,3.61,2.35,3.07,2.85,1.46,1.55,2.43,1.68,,,2.22,
England_Premier_League_2025-2026,2025/2026,22,Chelsea,Brentford,2026-01-17 15:00:00,2,0,2,3,9,12,3,2,0,0,2,5,4,10,6,15,7,10,46,54,,,3,2,1.8,4.0,4.18,1.16,1.64,2.63,1.55,2.44,1.33,1.62,3.0,2.25,1.26,2.28,3.5,1.57,2,1,0,1,0,1,1,152,0,55,0,39704,2,1,2,3,1,6,5,7,0,2,3,0,2,3,1,39,49,79,107,0.81,1.66,2.46,1,0,1,0,0,0,1,1,0,0,0,0,0,0,1,13,21,1,9,7,1,6,6,55,95,30,75,1.75,1.15,1.5,0.9,1.48,1.57,45,5,1.76,1.14,2.9,25,True,True,False,False,False,False,False,,,1.64,2.27,3.75,4.09,1.91,2.46,1.59,,,1.58,,,2.42,
England_Premier_League_2025-2026,2025/2026,22,Leeds United,Fulham,2026-01-17 15:00:00,1,0,1,7,3,10,1,5,0,0,5,1,9,7,14,8,6,11,46,54,Elland Road,"Elland Road, Leeds, West Yorkshire",1,5,1.99,3.2,3.2,1.3,2.04,3.5,1.83,1.91,1.44,1.79,2.55,1.92,1.4,2.85,2.8,1.38,1,0,0,1,0,1,0,222,0,75,0,36300,2,1,2,2,5,1,4,6,1,2,0,3,3,3,1,36,22,99,96,1.5,0.75,2.25,0,0,0,0,0,0,1,1,0,0,0,1,0,0,1,21,16,1,11,6,1,9,13,60,85,40,65,1.69,0.92,1.6,1.1,1.05,1.48,40,15,1.6,1.27,2.87,25,True,False,False,False,False,False,False,,,1.94,1.91,3.42,3.15,2.40,2.16,1.75,1.53,2.46,1.42,1.39,3.09,2.90,
England_Premier_League_2025-2026,2025/2026,22,Sunderland,Crystal Palace,2026-01-17 15:00:00,2,1,3,3,4,7,3,3,0,0,7,2,6,4,13,6,8,15,57,43,Stadium of Light,"Millenium Way, Sunderland",3,3,2.25,2.86,3.28,1.36,2.24,3.84,1.91,1.85,1.55,2.04,2.25,1.78,1.51,3.0,2.54,1.35,3,1,1,1,0,1,2,156,0,50,0,47257,2,1,2,2,1,2,4,3,0,2,3,1,2,4,1,65,38,106,83,1.78,0.8,2.59,0,0,0,0,0,0,1,1,0,0,1,0,0,0,1,25,12,1,15,8,1,7,12,45,75,15,60,2.17,1.54,2.0,1.6,1.43,1.33,55,25,1.19,1.17,2.36,25,True,True,True,False,False,False,True,2.32,,2.07,1.76,3.14,3.28,2.48,1.92,1.94,1.65,2.24,1.33,1.48,2.72,3.39,1.41
England_Premier_League_2025-2026,2025/2026,22,Tottenham Hotspur,West Ham United,2026-01-17 15:00:00,1,2,3,11,5,16,5,3,0,0,6,4,15,13,21,17,12,17,62,38,,,5,3,1.73,4.05,4.5,1.17,1.65,2.63,1.67,2.24,1.3,1.51,3.14,2.32,1.33,2.52,3.3,1.5,3,0,1,1,1,2,1,153,0,55,0,60857,2,1,2,3,9,2,5,11,3,1,2,2,4,4,1,80,38,125,63,2.32,1.62,3.94,0,0,0,0,0,0,1,1,0,0,1,0,0,1,1,18,12,1,17,12,1,6,10,55,90,35,70,0.83,1.0,0.9,0.7,1.29,0.67,45,10,1.36,1.11,2.47,25,True,True,True,False,False,False,True,1.76,2.85,1.57,2.35,3.77,4.41,1.88,2.25,1.69,,,,,,,1.26
England_Premier_League_2025-2026,2025/2026,22,Liverpool,Burnley,2026-01-17 15:00:00,1,1,2,9,1,10,1,2,0,0,11,1,21,6,32,7,8,10,73,27,Anfield,"Anfield Road, Liverpool",1,2,1.25,6.96,12.5,1.17,1.53,2.48,2.05,1.7,1.38,1.76,3.07,2.3,1.25,2.15,3.75,1.59,2,1,0,0,1,1,1,-1,0,65,0,60431,2,1,4,0,5,1,4,6,1,0,0,2,1,2,1,129,29,152,77,3.7,0.73,4.43,0,0,0,0,0,0,1,1,0,0,1,0,0,0,1,25,12,1,9,8,1,7,16,65,90,30,75,1.85,0.42,2.0,0.4,1.67,0.62,35,10,1.85,1.03,2.88,25,True,True,False,False,False,False,True,1.56,2.43,1.72,2.13,7.00,12.50,1.24,,,,,,,,,
England_Premier_League_2025-2026,2025/2026,22,Nottingham Forest,Arsenal,2026-01-17 17:30:00,0,0,0,4,9,13,1,1,0,0,0,3,6,12,6,15,8,14,40,60,The City Ground,"Pavilion Road, Nottingham, Nottinghamshire",1,1,5.5,4.1,1.55,1.3,2.05,3.4,1.91,1.74,1.58,1.91,2.41,1.87,1.41,2.88,2.88,1.38,0,0,0,0,0,0,0,-1,0,45,0,30729,2,1,3,5,1,4,8,5,0,1,1,0,1,1,1,56,60,90,97,0.79,1.59,2.38,0,0,0,0,0,0,1,1,0,0,0,1,0,0,1,19,10,1,14,9,1,11,6,55,75,20,70,1.0,2.0,1.0,2.0,1.0,2.33,45,25,1.7,1.61,3.31,25,False,False,False,False,False,False,False,2.08,3.60,1.95,1.90,3.90,1.62,6.35,1.81,2.08,1.57,2.37,1.40,1.40,3.02,3.00,1.36
England_Premier_League_2025-2026,2025/2026,22,Wolverhampton Wanderers,Newcastle United,2026-01-18 14:00:00,0,0,0,4,7,11,2,2,0,0,2,2,4,10,6,12,14,8,33,67,Molineux Stadium,"Waterloo Road, Wolverhampton, West Midlands",2,2,4.33,3.95,1.77,1.21,1.72,2.55,1.62,2.2,1.41,1.92,2.78,2.13,1.3,2.48,3.36,1.52,0,0,0,0,0,0,0,-1,0,50,0,29751,2,1,1,3,3,4,4,7,0,0,2,2,0,4,1,36,78,78,122,0.79,1.47,2.25,0,0,0,0,0,0,1,1,0,0,0,1,0,0,1,14,12,1,11,15,1,12,7,55,70,45,65,0.38,0.83,0.4,0.9,0.33,1.52,45,30,1.18,1.44,2.62,25,False,False,False,False,False,False,False,1.63,2.57,1.58,2.34,4.10,1.73,4.80,2.37,1.63,,,,,,,
England_Premier_League_2025-2026,2025/2026,22,Aston Villa,Everton,2026-01-18 16:30:00,0,1,1,6,4,10,1,2,0,0,5,3,13,6,18,9,15,13,63,37,,,1,2,1.63,3.9,5.5,1.22,1.8,2.8,1.7,2.0,1.47,2.03,2.62,2.01,1.35,2.56,3.02,1.48,1,0,0,0,1,1,0,144,0,40,0,42770,2,1,3,4,3,0,7,3,0,1,1,1,1,2,1,55,31,107,68,1.88,1.01,2.89,0,0,0,0,0,0,1,1,0,0,0,0,0,0,1,20,12,1,17,16,1,6,9,45,65,30,70,2.08,1.62,2.5,1.4,2.05,1.38,55,35,1.41,1.06,2.47,25,True,False,False,False,False,False,False,1.90,3.19,1.83,2.02,4.10,6.15,1.62,1.93,1.93,1.48,2.62,1.45,1.37,3.19,2.81,1.28
England_Premier_League_2025-2026,2025/2026,22,Brighton & Hove Albion,AFC Bournemouth,2026-01-19 20:00:00,1,1,2,11,6,17,2,3,0,0,5,2,12,9,17,11,7,6,67,33,The American Express Community Stadium,"Village Way, Falmer, East Sussex",2,3,1.83,3.85,3.8,1.14,1.52,2.2,1.51,2.5,1.37,1.79,2.87,2.18,1.24,2.15,3.62,1.65,2,0,1,1,0,1,1,-1,0,75,0,30172,2,1,3,4,8,2,7,10,0,0,2,3,0,5,1,81,45,136,83,2.01,1.16,3.17,0,1,0,1,0,0,1,1,0,0,1,0,0,0,1,22,21,1,8,7,1,6,8,75,90,50,85,1.62,0.92,1.9,0.7,1.38,1.24,25,10,1.68,1.65,3.33,25,True,True,False,False,False,False,True,1.50,2.23,1.66,2.23,3.84,3.82,2.00,2.84,1.46,,,,,,,
England_Premier_League_2025-2026,2025/2026,23,West Ham United,Sunderland,2026-01-24 12:30:00,3,1,4,3,3,6,2,5,0,0,5,2,8,5,13,7,9,16,47,53,London Stadium,"Marshgate Lane, Stratford, London",2,5,2.25,3.3,3.2,1.32,2.19,3.72,1.75,2.0,1.43,1.76,2.6,2.06,1.5,3.18,2.61,1.35,4,3,0,0,1,1,3,153,0,46,0,62456,2,1,1,2,2,1,3,3,0,2,2,3,2,5,1,36,40,91,94,1.44,0.88,2.32,1,0,1,0,0,0,1,1,0,0,0,1,0,0,1,24,25,1,16,9,1,8,3,50,78,36,64,0.83,0.77,0.64,0.91,0.77,1.5,50,23,1.24,1.07,2.31,25,True,True,True,True,False,False,True,2.09,3.75,1.76,2.06,3.38,3.41,2.28,2.06,1.82,,,1.36,1.47,2.73,3.21,1.34
England_Premier_League_2025-2026,2025/2026,23,Fulham,Brighton & Hove Albion,2026-01-24 15:00:00,2,1,3,6,6,12,1,1,0,0,4,5,8,8,12,13,10,6,49,51,Craven Cottage,"Stevenage Road, London",1,1,2.56,3.3,2.76,1.2,1.77,2.76,1.61,2.42,1.39,1.65,2.77,2.11,1.34,2.65,3.36,1.5,3,0,1,2,0,2,1,162,0,60,0,27239,2,1,3,3,3,3,6,6,0,0,1,1,0,2,1,44,58,86,98,1.36,1.59,2.95,0,0,0,0,0,0,1,1,0,0,1,2,0,0,1,24,14,1,6,10,1,11,8,50,78,23,73,1.77,0.83,1.82,0.91,1.41,1.36,50,23,1.46,1.38,2.84,25,True,True,True,False,False,False,True,1.85,3.05,1.74,2.08,3.40,2.82,2.64,2.36,1.64,,,1.48,1.35,3.29,2.71,1.25
England_Premier_League_2025-2026,2025/2026,23,Manchester City,Wolverhampton Wanderers,2026-01-24 15:00:00,2,0,2,4,6,10,1,3,0,0,4,1,7,10,11,11,16,14,64,36,Etihad Stadium,"Rowsley Street, Manchester",1,3,1.31,5.32,8.3,1.11,1.52,2.5,1.9,1.9,1.4,1.7,2.72,2.16,1.24,2.36,3.62,1.61,2,2,0,0,0,0,2,93,0,45,0,52469,2,1,1,0,3,6,1,9,0,0,1,3,0,4,1,43,20,121,46,1.3,0.91,2.21,0,0,0,0,0,0,1,1,1,0,1,0,0,0,1,21,24,1,14,16,1,6,7,50,87,41,78,2.42,0.25,2.36,0.27,1.95,0.36,50,14,1.96,1.02,2.98,25,True,True,False,False,False,False,False,1.56,2.42,1.74,2.10,6.15,10.00,1.30,1.87,2.00,,,1.63,,,2.31,
England_Premier_League_2025-2026,2025/2026,23,Burnley,Tottenham Hotspur,2026-01-24 15:00:00,2,2,4,1,3,4,1,0,0,0,4,11,5,7,9,18,8,9,38,62,Turf Moor,"Harry Potts Way, Burnley",1,0,3.66,3.5,2.19,1.28,2.12,3.4,1.75,2.02,1.44,1.78,2.51,1.93,1.44,3.02,2.77,1.38,4,1,1,1,1,2,2,-1,0,41,0,21618,2,1,0,2,1,1,2,2,0,0,1,0,0,1,1,30,54,100,121,1.08,2.3,3.38,0,0,0,0,0,0,1,1,0,0,0,0,0,0,1,18,18,1,9,8,1,8,2,50,78,46,73,0.77,1.46,0.82,1.64,0.64,1.23,50,23,1.07,1.1,2.17,25,True,True,True,True,False,False,True,2.20,3.63,1.86,1.98,3.40,2.08,4.04,1.95,1.92,1.50,2.53,,,,,1.36
England_Premier_League_2025-2026,2025/2026,23,AFC Bournemouth,Liverpool,2026-01-24 17:30:00,3,2,5,3,11,14,1,1,0,0,5,4,7,10,12,14,7,7,33,67,Vitality Stadium,"Dean Court, Kings Park, Bournemouth, Dorset",1,1,4.2,4.03,1.8,1.18,1.53,2.34,1.5,2.45,1.28,1.83,2.98,2.2,1.24,2.25,3.45,1.63,5,2,1,1,1,2,3,148,0,60,0,11260,2,1,1,7,2,4,8,6,1,0,0,1,1,1,1,33,77,72,128,1.35,1.73,3.07,0,0,0,0,0,0,1,1,0,0,0,0,0,0,1,15,22,1,7,8,1,9,6,59,73,27,55,1.77,1.25,1.73,1.36,1.23,1.64,41,27,1.53,1.46,2.99,25,True,True,True,True,True,False,True,1.54,2.32,1.61,2.30,4.11,1.78,4.53,2.60,1.54,,,1.63,,,2.31,
England_Premier_League_2025-2026,2025/2026,23,Brentford,Nottingham Forest,2026-01-25 14:00:00,0,2,2,6,5,11,1,0,0,0,1,2,9,5,10,7,11,10,66,34,,,1,0,1.83,3.6,4.33,1.3,1.94,3.08,1.75,1.93,1.47,1.82,2.6,2.02,1.38,2.88,2.89,1.42,2,0,1,0,1,1,1,211,0,50,0,17134,2,1,3,5,3,0,8,3,0,0,1,0,0,1,1,83,37,150,66,1.32,0.85,2.17,0,0,0,0,0,0,1,1,0,0,0,2,0,0,1,24,14,1,10,12,1,5,11,55,78,27,78,2.0,1.08,2.18,1.0,1.5,1.0,46,23,1.37,1.24,2.61,25,True,True,False,False,False,False,False,1.99,3.34,1.82,2.02,3.62,4.73,1.86,2.03,1.85,1.47,2.64,1.41,1.37,3.05,2.86,1.30
England_Premier_League_2025-2026,2025/2026,23,Crystal Palace,Chelsea,2026-01-25 14:00:00,1,3,4,4,5,9,3,2,1,0,7,6,6,4,13,10,11,10,43,57,Selhurst Park,"Holmesdale Road, London",4,2,3.2,3.61,2.15,1.25,1.75,2.82,1.62,2.2,1.41,1.89,2.68,2.05,1.35,2.62,3.34,1.45,4,0,1,1,2,3,1,152,0,55,0,25163,2,1,1,4,3,1,5,4,0,1,4,1,1,5,1,49,37,109,76,1.67,1.32,2.99,0,1,0,1,0,0,1,1,0,0,0,1,0,0,1,17,16,1,11,11,1,4,6,50,73,23,73,1.0,1.69,1.09,1.45,1.27,1.55,50,27,1.46,1.49,2.95,25,True,True,True,True,False,False,True,1.82,2.95,1.77,2.06,3.56,2.15,3.54,2.30,1.67,,,1.48,1.35,3.31,2.69,1.26
England_Premier_League_2025-2026,2025/2026,23,Newcastle United,Aston Villa,2026-01-25 14:00:00,0,2,2,6,5,11,1,2,0,0,4,8,11,6,15,14,7,12,61,39,,,1,2,2.0,3.7,3.5,1.16,1.69,2.6,1.5,2.4,1.28,1.54,2.95,2.26,1.33,2.4,3.4,1.55,2,0,1,0,1,1,1,158,0,69,0,52134,2,1,2,3,4,2,5,6,1,0,0,2,1,2,1,61,53,115,98,1.67,1.83,3.5,0,0,0,0,0,0,1,1,0,0,0,1,0,0,1,14,12,1,12,9,1,8,12,64,82,27,64,1.77,1.69,2.09,1.64,1.5,1.95,36,18,1.71,1.3,3.01,25,True,True,False,False,False,False,False,1.68,2.65,1.62,2.27,3.74,3.38,2.15,2.48,1.59,,,,,,,
England_Premier_League_2025-2026,2025/2026,23,Arsenal,Manchester United,2026-01-25 16:30:00,2,3,5,9,2,11,2,0,0,0,4,3,11,7,15,10,11,9,56,44,Emirates Stadium,"Queensland Road, London",2,0,1.57,4.3,5.2,1.2,1.66,2.75,1.73,2.0,1.48,2.19,2.46,1.93,1.29,2.54,3.35,1.52,5,1,1,1,2,3,2,149,0,68,0,60296,2,1,4,2,5,0,6,5,0,0,2,0,0,2,1,61,18,102,81,1.67,0.98,2.65,0,0,0,0,0,0,1,1,0,0,1,0,0,0,1,17,12,1,9,14,1,5,10,69,91,23,78,2.46,1.42,2.64,1.27,2.27,1.59,32,9,1.85,1.69,3.54,25,True,True,True,True,True,False,True,1.70,2.76,1.88,1.97,4.55,6.15,1.56,2.10,1.79,1.51,2.52,1.54,,,2.52,
England_Premier_League_2025-2026,2025/2026,23,Everton,Leeds United,2026-01-26 20:00:00,1,1,2,4,4,8,0,3,0,0,3,4,7,10,10,14,9,13,58,42,,,0,3,2.61,3.17,2.92,1.36,2.26,3.86,1.85,1.84,1.48,2.03,2.46,1.93,1.5,2.88,2.65,1.35,2,0,1,1,0,1,1,-1,0,50,0,51979,2,1,3,2,1,2,5,3,0,0,0,3,0,3,1,59,39,143,89,1.29,1.45,2.73,0,0,0,0,0,0,1,1,0,0,2,0,0,0,1,25,22,1,13,10,1,8,4,50,82,36,82,1.33,0.58,1.36,0.55,1.45,1.14,50,18,1.46,1.24,2.7,25,True,True,False,False,False,False,True,2.37,,1.88,1.97,3.11,3.11,2.61,1.88,1.98,1.52,2.49,1.32,1.47,2.73,3.43,1.41
England_Premier_League_2025-2026,2025/2026,24,Leeds United,Arsenal,2026-01-31 15:00:00,0,4,4,4,12,16,1,1,0,0,1,9,2,6,3,15,10,7,50,50,Elland Road,"Elland Road, Leeds, West Yorkshire",1,1,6.4,4.0,1.55,1.27,1.98,3.38,1.96,1.77,1.6,1.92,2.21,1.76,1.33,2.76,2.88,1.42,4,0,2,0,2,2,2,59,0,59,0,36858,2,1,1,7,3,5,8,8,1,0,0,1,1,1,1,34,52,98,98,0.52,1.95,2.48,0,0,0,0,0,0,1,1,0,0,1,1,0,0,1,23,23,1,7,10,1,6,1,50,64,32,60,1.69,2.0,1.73,1.91,1.13,2.17,50,36,1.59,1.61,3.2,25,True,True,True,True,False,False,False,2.00,3.45,2.07,1.77,4.15,1.59,6.25,1.87,2.00,1.67,2.21,,,,,1.32
England_Premier_League_2025-2026,2025/2026,24,Wolverhampton Wanderers,AFC Bournemouth,2026-01-31 15:00:00,0,2,2,5,6,11,3,3,0,0,7,4,10,5,17,9,11,15,51,49,Molineux Stadium,"Waterloo Road, Wolverhampton, West Midlands",3,3,3.0,3.38,2.3,1.25,1.81,3.05,1.67,2.1,1.4,1.67,2.9,2.19,1.38,2.67,3.02,1.47,2,0,1,0,1,1,1,148,0,64,0,30161,2,1,1,3,4,3,4,7,1,0,2,3,1,5,1,53,36,90,104,1.94,1.12,3.06,0,0,0,0,0,0,1,1,0,0,1,0,0,0,1,16,13,1,15,11,1,5,9,69,87,64,82,0.38,0.92,0.45,0.73,0.35,1.3,32,14,1.14,1.61,2.75,25,True,True,False,False,False,False,False,1.85,3.10,1.68,2.19,3.47,2.43,3.05,2.30,1.67,,,1.47,1.36,3.25,2.75,1.26
England_Premier_League_2025-2026,2025/2026,24,Brighton & Hove Albion,Everton,2026-01-31 15:00:00,1,1,2,5,2,7,1,2,0,0,2,4,9,3,11,7,13,14,54,46,The American Express Community Stadium,"Village Way, Falmer, East Sussex",1,2,1.83,3.7,4.2,1.3,1.86,3.14,1.77,1.96,1.42,1.73,2.65,2.03,1.39,2.65,2.89,1.42,2,0,0,1,1,2,0,-1,0,50,0,31419,2,1,4,0,1,2,4,3,0,0,1,2,0,3,1,44,37,105,100,1.16,1.0,2.16,0,0,0,0,0,0,1,1,0,0,1,0,0,0,1,10,22,1,14,13,1,9,9,37,73,23,64,1.62,1.62,1.82,1.55,1.3,1.43,64,27,1.71,1.05,2.76,25,True,True,False,False,False,False,True,2.09,3.61,1.78,2.05,3.52,4.35,1.96,1.99,1.88,,,1.40,1.41,2.97,3.04,1.33
England_Premier_League_2025-2026,2025/2026,24,Chelsea,West Ham United,2026-01-31 17:30:00,3,2,5,9,3,12,3,2,0,1,6,6,8,5,14,11,11,13,71,29,,,3,4,1.42,4.61,5.5,1.13,1.44,2.27,1.55,2.43,1.28,1.67,3.65,2.48,1.25,2.15,3.54,1.62,5,0,2,3,0,3,2,152,0,55,0,-1,2,1,4,2,5,1,6,6,0,0,3,3,0,6,1,95,33,142,73,2.0,1.35,3.35,0,0,0,0,0,0,1,1,0,1,1,0,0,0,1,17,13,1,15,11,1,5,10,60,96,32,69,1.75,1.0,1.64,0.91,1.61,0.87,41,5,1.67,1.16,2.83,25,True,True,True,True,True,False,True,1.53,2.35,1.58,2.36,4.45,5.45,1.61,2.43,1.61,,,1.64,,,2.28,
England_Premier_League_2025-2026,2025/2026,24,Liverpool,Newcastle United,2026-01-31 20:00:00,4,1,5,7,11,18,1,3,0,0,7,2,10,6,17,8,11,7,54,46,Anfield,"Anfield Road, Liverpool",1,3,1.73,4.06,4.34,1.1,1.5,2.35,1.53,2.5,1.25,1.46,3.29,2.48,1.25,2.15,3.5,1.62,5,2,1,2,0,2,3,151,0,50,0,60416,2,1,3,8,4,3,11,7,0,2,1,1,2,2,1,49,47,86,71,1.91,0.99,2.9,0,0,0,0,0,0,1,1,0,0,0,3,0,0,1,15,17,1,10,12,1,6,9,45,64,23,64,1.85,0.83,1.91,0.91,1.57,1.43,55,37,2.02,1.44,3.46,25,True,True,True,True,True,False,True,1.47,2.17,1.50,2.56,4.30,5.05,1.68,2.66,1.52,,,1.71,,,2.17,
England_Premier_League_2025-2026,2025/2026,24,Nottingham Forest,Crystal Palace,2026-02-01 14:00:00,1,1,2,5,7,12,1,3,1,0,1,3,8,11,9,14,4,12,33,67,The City Ground,"Pavilion Road, Nottingham, Nottinghamshire",3,3,1.86,3.25,3.55,1.36,2.15,3.48,1.85,1.95,1.43,1.97,2.55,2.0,1.47,2.9,2.67,1.37,2,1,1,0,0,0,2,-1,0,41,0,30334,2,1,3,5,2,2,8,4,1,2,1,1,3,2,1,53,77,60,81,1.02,1.64,2.66,0,1,0,1,0,0,1,1,1,0,0,3,0,0,1,17,16,1,12,5,1,12,6,60,78,23,69,1.0,1.54,1.0,1.45,1.09,1.22,41,23,1.62,1.14,2.76,25,True,True,False,False,False,False,True,2.30,3.61,1.84,2.00,3.26,3.99,2.12,1.89,1.98,1.49,2.58,1.34,1.46,2.76,3.31,1.40
England_Premier_League_2025-2026,2025/2026,24,Manchester United,Fulham,2026-02-01 14:00:00,3,2,5,3,7,10,2,1,0,0,6,6,7,8,13,14,6,9,42,58,Old Trafford,"Sir Matt Busby Way, Manchester",2,1,1.57,3.95,5.5,1.16,1.64,2.55,1.65,2.15,1.34,1.71,2.95,2.25,1.27,2.33,3.52,1.63,5,1,0,2,2,4,1,149,0,60,0,73932,2,1,3,3,0,4,6,4,0,1,2,0,1,2,1,48,65,70,61,1.58,1.76,3.34,0,1,0,1,0,0,1,1,0,0,1,0,0,0,1,12,23,1,11,5,1,6,5,41,78,36,73,2.08,0.92,1.91,1.0,1.65,1.48,60,23,1.92,1.22,3.14,25,True,True,True,True,True,False,True,1.50,2.27,1.69,2.17,4.80,5.85,1.55,2.40,1.62,,,,,,,
England_Premier_League_2025-2026,2025/2026,24,Aston Villa,Brentford,2026-02-01 14:00:00,0,1,1,12,1,13,0,3,0,1,5,2,22,4,27,6,8,8,72,28,,,0,5,2.25,3.4,3.3,1.23,1.84,2.83,1.68,2.29,1.38,1.7,2.8,2.05,1.35,2.72,3.28,1.47,1,0,1,0,0,0,1,218,0,45,0,41415,2,1,2,1,10,0,3,10,0,3,0,1,3,1,1,195,48,61,50,3.41,0.86,4.27,0,0,0,0,0,0,1,1,0,0,0,0,0,0,1,16,18,1,14,9,1,4,18,55,82,27,78,2.08,1.15,2.27,0.82,2.0,1.43,46,18,1.45,1.19,2.64,25,True,False,False,False,False,False,False,1.91,3.14,1.76,2.08,3.40,3.24,2.35,2.26,1.69,,,1.46,1.36,3.21,2.78,1.27
England_Premier_League_2025-2026,2025/2026,24,Tottenham Hotspur,Manchester City,2026-02-01 16:30:00,2,2,4,3,4,7,3,3,0,0,6,3,6,12,12,15,15,12,40,60,,,3,3,4.45,4.05,1.71,1.16,1.64,2.39,1.6,2.35,1.43,1.71,2.62,1.99,1.24,2.35,3.6,1.55,4,0,2,2,0,2,2,-1,0,55,0,61337,2,1,0,0,3,4,0,7,2,2,1,1,4,2,1,53,58,83,98,1.56,1.58,3.14,0,0,0,0,0,0,1,1,0,0,0,0,0,0,1,19,14,1,14,16,1,12,3,55,78,23,73,0.83,1.62,0.82,1.55,1.22,2.0,45,23,1.45,1.43,2.88,25,True,True,True,True,False,False,True,,,1.88,1.97,4.15,1.68,5.25,2.25,1.69,1.52,2.51,1.61,,,2.36,
England_Premier_League_2025-2026,2025/2026,24,Sunderland,Burnley,2026-02-02 20:00:00,3,0,3,1,2,3,1,4,0,0,5,0,9,5,14,5,12,10,44,56,Stadium of Light,"Millenium Way, Sunderland",1,4,1.72,3.55,4.6,1.37,2.16,4.0,1.91,1.79,1.64,2.05,2.14,1.68,1.45,3.12,2.58,1.33,3,2,0,1,0,1,2,156,0,73,0,46370,2,1,0,1,1,1,1,2,0,1,1,3,1,4,1,35,44,99,102,1.49,0.65,2.14,0,0,0,0,0,0,1,1,1,0,0,0,0,0,1,17,24,1,12,12,1,6,10,59,91,27,69,2.17,0.42,2.09,0.45,1.43,0.65,41,9,1.25,1.0,2.25,25,True,True,True,False,False,False,False,2.55,3.66,2.16,1.70,3.33,4.55,1.96,1.69,2.27,1.70,2.16,1.35,1.52,2.58,3.31,1.50
England_Premier_League_2025-2026,2025/2026,25,Leeds United,Nottingham Forest,2026-02-06 20:00:00,3,1,4,5,10,15,1,1,0,0,5,6,9,10,14,16,9,12,56,44,Elland Road,"Elland Road, Leeds, West Yorkshire",1,1,2.17,3.3,3.42,1.33,2.0,3.6,1.75,1.95,1.46,1.99,2.52,1.96,1.45,2.97,2.62,1.36,4,2,0,1,1,2,2,222,0,50,0,36835,2,1,4,5,1,5,9,6,0,0,1,1,0,2,1,42,57,99,97,1.54,1.84,3.38,0,0,0,0,0,0,1,1,0,0,3,0,0,0,1,12,22,1,15,10,1,11,7,55,79,38,71,1.69,1.08,1.58,1.17,1.08,1.08,46,21,1.51,1.21,2.72,25,True,True,True,True,False,False,True,1.98,3.55,1.85,1.99,3.50,3.55,2.17,2.09,1.80,1.49,2.58,1.41,1.41,2.99,2.99,1.32
England_Premier_League_2025-2026,2025/2026,25,Manchester United,Tottenham Hotspur,2026-02-07 12:30:00,2,0,2,7,0,7,1,2,0,1,10,1,13,6,23,7,12,11,65,35,Old Trafford,"Sir Matt Busby Way, Manchester",1,4,1.58,4.5,4.69,1.15,1.53,2.47,1.53,2.3,1.34,1.72,2.97,2.23,1.25,2.35,3.62,1.6,2,1,0,1,0,1,1,149,0,54,0,73985,2,1,4,0,3,0,4,3,1,2,0,1,3,1,1,64,25,128,73,2.61,0.7,3.31,0,0,0,0,0,0,1,1,0,0,0,0,0,0,1,18,8,1,12,15,1,4,8,59,79,50,79,2.08,1.46,2.0,1.58,1.71,1.21,42,21,1.9,1.2,3.1,25,True,True,False,False,False,False,False,,,1.67,2.20,4.45,5.40,1.61,2.48,1.58,,,1.70,,,2.19,
England_Premier_League_2025-2026,2025/2026,25,Wolverhampton Wanderers,Chelsea,2026-02-07 15:00:00,1,3,4,3,4,7,1,1,0,0,3,6,8,9,11,15,9,10,34,66,Molineux Stadium,"Waterloo Road, Wolverhampton, West Midlands",1,1,5.53,4.0,1.62,1.2,1.72,2.53,1.67,2.1,1.49,1.78,2.53,1.97,1.33,2.48,3.3,1.53,4,0,3,1,0,1,3,152,0,55,0,29762,2,1,1,4,2,0,5,2,1,0,0,1,1,1,1,44,49,66,102,1.22,1.72,2.94,0,2,0,2,0,0,1,1,0,0,1,0,0,0,1,13,9,1,10,7,1,4,6,59,83,42,71,0.38,1.69,0.42,1.58,0.33,1.67,42,17,1.21,1.48,2.69,25,True,True,True,True,False,False,True,1.65,2.62,1.87,1.98,4.25,1.61,5.75,2.19,1.73,1.50,2.55,1.56,,,2.47,
England_Premier_League_2025-2026,2025/2026,25,AFC Bournemouth,Aston Villa,2026-02-07 15:00:00,1,1,2,11,4,15,1,1,0,0,9,4,11,3,20,7,4,11,53,47,Vitality Stadium,"Dean Court, Kings Park, Bournemouth, Dorset",1,1,2.75,3.5,2.51,1.2,1.66,2.55,1.53,2.56,1.34,1.7,3.02,2.26,1.34,2.45,3.24,1.51,2,0,1,1,0,1,1,-1,0,58,0,11248,2,1,4,0,7,4,4,11,1,1,0,0,2,0,1,77,37,91,60,2.44,0.99,3.43,0,0,0,0,0,0,1,1,0,0,2,0,0,0,1,21,17,1,11,4,1,2,16,50,71,34,63,1.77,1.69,1.83,1.75,1.38,1.92,50,29,1.52,1.35,2.87,25,True,True,False,False,False,False,True,,,1.62,2.28,3.59,2.42,2.97,2.57,1.55,,,1.56,,,2.47,
England_Premier_League_2025-2026,2025/2026,25,Burnley,West Ham United,2026-02-07 15:00:00,0,2,2,5,2,7,3,1,0,0,5,4,13,2,18,6,11,10,54,46,Turf Moor,"Harry Potts Way, Burnley",3,1,3.0,3.4,2.3,1.22,1.8,2.98,1.62,2.15,1.38,1.82,2.8,2.12,1.4,2.76,2.93,1.44,2,0,2,0,0,0,2,153,0,50,0,21273,2,1,2,2,3,0,4,3,1,1,2,0,2,2,1,99,52,110,58,2.19,1.03,3.23,0,0,0,0,0,0,1,1,0,0,0,0,0,0,1,25,18,1,10,11,1,5,5,50,88,42,71,0.77,1.0,0.83,0.83,0.63,0.83,50,13,1.07,1.17,2.24,25,True,True,False,False,False,False,False,1.70,2.77,,,3.66,2.21,3.31,2.45,1.60,,,1.53,1.34,3.36,2.56,1.26
England_Premier_League_2025-2026,2025/2026,25,Fulham,Everton,2026-02-07 15:00:00,1,2,3,6,6,12,1,5,0,0,3,3,10,13,13,16,11,12,55,45,Craven Cottage,"Stevenage Road, London",1,5,2.04,3.4,3.4,1.27,2.1,3.85,1.85,1.85,1.38,1.83,2.78,2.12,1.42,3.02,2.57,1.35,3,1,0,0,2,2,1,144,0,46,0,27155,2,1,5,3,1,3,8,4,0,1,1,4,1,5,1,58,61,71,73,1.44,1.65,3.09,0,0,0,0,0,0,1,1,0,0,0,1,0,0,1,12,15,1,12,11,1,7,10,38,63,25,54,1.77,1.62,1.92,1.5,1.42,1.42,63,38,1.45,1.05,2.5,25,True,True,True,False,False,False,True,1.97,3.58,1.70,2.15,3.40,3.64,2.18,2.11,1.79,,,1.40,1.40,3.00,3.00,1.30
England_Premier_League_2025-2026,2025/2026,25,Arsenal,Sunderland,2026-02-07 15:00:00,3,0,3,5,2,7,1,2,0,0,5,3,11,2,16,5,11,8,49,51,Emirates Stadium,"Queensland Road, London",1,2,1.17,5.7,12.0,1.25,1.92,3.12,2.25,1.6,1.42,1.78,2.63,2.02,1.32,2.69,3.18,1.43,3,1,0,2,0,2,1,59,0,42,0,60312,2,1,3,2,2,0,5,2,1,2,0,0,3,0,1,86,57,86,71,1.97,0.94,2.91,0,0,0,0,0,0,1,1,0,0,0,0,0,0,1,12,16,1,8,11,1,4,9,46,75,29,67,2.46,0.77,2.42,0.83,2.21,1.5,55,25,1.83,1.05,2.88,25,True,True,True,False,False,False,False,1.89,3.23,1.83,2.01,6.00,12.50,1.27,1.51,2.68,1.47,2.64,,,,,1.29
England_Premier_League_2025-2026,2025/2026,25,Newcastle United,Brentford,2026-02-07 17:30:00,2,3,5,9,3,12,2,2,0,0,4,5,12,6,16,11,14,18,54,46,,,2,2,2.09,3.6,3.4,1.2,1.74,2.7,1.53,2.3,1.28,1.49,3.15,2.44,1.27,2.49,3.45,1.51,5,1,2,1,1,2,3,218,0,55,0,52032,-1,1,-1,-1,-1,-1,-1,-1,1,0,1,2,1,3,1,43,46,102,98,1.6,1.38,2.99,1,1,1,1,0,0,1,1,0,0,-1,-1,0,0,1,12,21,1,19,13,1,4,8,55,92,25,75,1.77,1.15,1.92,1.0,1.38,1.5,46,8,1.7,1.16,2.86,25,True,True,True,True,True,False,True,1.66,2.63,1.52,2.49,3.84,3.95,1.96,2.47,1.59,,,,,,,
England_Premier_League_2025-2026,2025/2026,25,Brighton & Hove Albion,Crystal Palace,2026-02-08 14:00:00,0,1,1,3,4,7,1,3,0,0,2,4,5,3,7,7,12,9,64,36,The American Express Community Stadium,"Village Way, Falmer, East Sussex",1,3,1.94,3.6,3.8,1.24,1.92,3.1,1.67,2.1,1.48,1.82,2.46,1.93,1.38,2.77,2.93,1.44,1,0,0,0,1,1,0,143,0,63,0,-1,2,1,2,2,1,2,4,3,0,1,1,2,1,3,1,35,32,106,75,0.85,0.96,1.81,0,0,0,0,0,0,1,1,0,0,2,0,0,0,1,12,18,1,11,15,1,9,7,50,84,25,71,1.62,1.54,1.75,1.42,1.29,1.21,50,17,1.67,1.18,2.85,25,True,False,False,False,False,False,False,1.90,3.13,1.92,1.92,3.55,3.97,2.02,2.18,1.74,1.53,2.47,1.46,1.36,3.20,2.78,1.27
England_Premier_League_2025-2026,2025/2026,25,Liverpool,Manchester City,2026-02-08 16:30:00,1,2,3,5,4,9,2,4,1,0,4,7,11,10,15,17,13,16,47,53,Anfield,"Anfield Road, Liverpool",4,4,2.41,3.35,2.51,1.12,1.53,2.35,1.5,2.62,1.44,1.95,2.6,1.99,1.26,2.22,3.45,1.64,3,0,0,1,2,3,0,93,0,54,0,60336,2,1,2,4,3,0,6,3,0,1,3,3,1,6,1,55,42,100,99,1.63,1.87,3.49,0,1,0,1,0,0,1,1,0,0,0,0,0,0,1,15,16,1,18,18,1,8,10,54,79,25,71,1.85,1.62,2.0,1.5,1.63,1.96,46,21,2.01,1.44,3.45,25,True,True,True,False,False,False,True,,,1.83,2.01,3.91,3.10,2.22,2.85,1.46,1.48,2.60,,,,,
