league,season,game_week,home_name,away_name,date,homeGoalCount,awayGoalCount,totalGoalCount,team_a_corners,team_b_corners,totalCornerCount,team_a_yellow_cards,team_b_yellow_cards,team_a_red_cards,team_b_red_cards,team_a_shotsOnTarget,team_b_shotsOnTarget,team_a_shotsOffTarget,team_b_shotsOffTarget,team_a_shots,team_b_shots,team_a_fouls,team_b_fouls,team_a_possession,team_b_possession,stadium_name,stadium_location,team_a_cards_num,team_b_cards_num,avg_odds_ft_1,avg_odds_ft_x,avg_odds_ft_2,avg_odds_ft_over15,avg_odds_ft_over25,avg_odds_ft_over35,avg_odds_btts_yes,avg_odds_btts_no,avg_odds_corners_over_85,avg_odds_corners_over_95,avg_odds_corners_under_85,avg_odds_corners_under_95,avg_odds_1st_half_over05,avg_odds_1st_half_over15,avg_odds_1st_half_under05,avg_odds_1st_half_under15,overallGoalCount,ht_goals_team_a,ht_goals_team_b,goals_2hg_team_a,goals_2hg_team_b,GoalCount_2hg,HTGoalCount,winningTeam,no_home_away,btts_potential,goalTimingDisabled,attendance,corner_timings_recorded,card_timings_recorded,team_a_fh_corners,team_b_fh_corners,team_a_2h_corners,team_b_2h_corners,corner_fh_count,corner_2h_count,team_a_fh_cards,team_b_fh_cards,team_a_2h_cards,team_b_2h_cards,total_fh_cards,total_2h_cards,attacks_recorded,team_a_dangerous_attacks,team_b_dangerous_attacks,team_a_attacks,team_b_attacks,team_a_xg,team_b_xg,total_xg,team_a_penalties_won,team_b_penalties_won,team_a_penalty_goals,team_b_penalty_goals,team_a_penalty_missed,team_b_penalty_missed,pens_recorded,goal_timings_recorded,team_a_0_10_min_goals,team_b_0_10_min_goals,team_a_corners_0_10_min,team_b_corners_0_10_min,team_a_cards_0_10_min,team_b_cards_0_10_min,throwins_recorded,team_a_throwins,team_b_throwins,freekicks_recorded,team_a_freekicks,team_b_freekicks,goalkicks_recorded,team_a_goalkicks,team_b_goalkicks,o25_potential,o15_potential,o15HT_potential,o05HT_potential,home_ppg,away_ppg,pre_match_home_ppg,pre_match_away_ppg,pre_match_teamA_overall_ppg,pre_match_teamB_overall_ppg,u25_potential,u15_potential,team_a_xg_prematch,team_b_xg_prematch,total_xg_prematch,matches_completed_minimum,over05,over15,over25,over35,over45,over55,btts,pinnacle_1st_half_over15,pinnacle_1st_half_under15,pinnacle_corners_over_95,pinnacle_corners_under_95,pinnacle_ft_over35,pinnacle_ft_over25,pinnacle_ft_over15,pinnacle_ft_1,pinnacle_ft_2,pinnacle_ft_x,pinnacle_btts_yes,pinnacle_btts_no,pinnacle_1st_half_over05,pinnacle_1st_half_under05,pinnacle_corners_over_85,pinnacle_corners_under_85
Germany_Bundesliga_2_2025-2026,2025/2026,1,Schalke 04,Hertha BSC,2025-08-01 18:30:00,2,1,3,5,10,15,6,1,1,0,6,3,8,6,14,9,19,12,37,63,VELTINS-Arena,"Arenaring 1, Gelsenkirchen",7,1,2.9,3.5,2.34,1.16,1.62,2.55,1.53,2.3,1.31,1.57,2.8,2.37,1.28,2.4,3.2,1.52,3,2,0,0,1,1,2,35,0,0,0,62271,2,1,4,2,1,8,6,9,2,0,5,1,2,6,1,33,57,71,117,1.54,1.2,2.74,0,0,0,0,0,0,1,1,0,0,1,0,0,0,1,16,31,1,12,19,1,9,11,0,0,0,0,2.31,1.85,0.0,0.0,0.0,0.0,0,0,0.0,0.0,0.0,27,True,True,True,False,False,False,True,2.48,1.57,,,2.55,1.64,1.19,3.07,2.32,3.61,1.55,2.54,1.36,3.32,,
Germany_Bundesliga_2_2025-2026,2025/2026,1,Karlsruher SC,Preußen Münster,2025-08-02 11:00:00,3,2,5,6,5,11,3,3,0,1,4,3,9,8,13,11,18,17,33,67,Wildparkstadion,"Adenauerring 17, Karlsruhe",3,5,2.15,3.5,3.1,1.19,1.81,2.62,1.52,2.08,1.38,1.58,2.77,2.2,1.32,2.4,2.98,1.49,5,2,1,1,1,2,3,547,0,0,0,29595,2,1,4,3,2,2,7,4,1,2,2,2,3,4,1,51,25,82,84,1.47,1.09,2.56,0,0,0,0,0,0,1,1,1,0,2,0,0,0,1,17,15,1,17,18,1,5,4,0,0,0,0,1.85,0.85,0.0,0.0,0.0,0.0,0,0,0.0,0.0,0.0,27,True,True,True,True,True,False,True,2.74,1.48,1.65,2.20,2.98,1.81,1.25,2.20,3.26,3.68,1.69,2.23,1.36,3.27,,
Germany_Bundesliga_2_2025-2026,2025/2026,1,Darmstadt 98,Bochum,2025-08-02 11:00:00,4,1,5,5,8,13,2,3,0,0,7,3,12,7,19,10,12,13,43,57,Merck-Stadion am Böllenfalltor,"Nieder-Ramstädter Straße 170, Darmstadt",2,3,2.3,3.6,2.76,1.2,1.62,2.5,1.52,2.5,1.36,1.66,2.67,2.09,1.3,2.38,3.2,1.53,5,2,1,2,0,2,3,48,0,0,0,17810,2,1,1,5,4,3,6,7,1,1,1,2,2,3,1,41,30,90,79,1.98,1.06,3.05,0,0,0,0,0,0,1,1,1,0,0,2,1,0,1,16,28,1,13,12,1,8,10,0,0,0,0,2.43,0.85,0.0,0.0,0.0,0.0,0,0,0.0,0.0,0.0,27,True,True,True,True,True,False,True,2.49,1.56,1.72,2.10,2.56,1.65,1.20,2.29,3.10,3.64,1.54,2.58,,,,
Germany_Bundesliga_2_2025-2026,2025/2026,1,Paderborn,Holstein Kiel,2025-08-02 11:00:00,2,1,3,3,0,3,1,3,0,0,3,2,6,5,9,7,13,12,47,53,Benteler-Arena,"Paderborner Straße 89, Paderborn",1,3,2.23,3.45,2.84,1.2,1.73,2.5,1.57,2.3,1.3,1.49,3.2,2.4,1.33,2.4,3.3,1.53,3,1,0,1,1,2,1,53,0,0,0,15000,2,1,2,0,1,0,2,1,0,2,1,1,2,2,1,36,48,91,83,1.05,0.93,1.98,0,0,0,0,0,0,1,1,0,0,0,0,0,0,1,31,25,1,12,13,1,11,6,0,0,0,0,2.07,0.93,0.0,0.0,0.0,0.0,0,0,0.0,0.0,0.0,27,True,True,True,False,False,False,True,2.58,1.53,1.52,2.41,2.86,1.78,1.24,2.33,3.13,3.51,1.62,2.36,,,,
Germany_Bundesliga_2_2025-2026,2025/2026,1,Elversberg,Nürnberg,2025-08-02 11:00:00,1,0,1,2,4,6,2,3,0,0,4,3,8,8,12,11,16,23,55,45,URSAPHARM-Arena an der Kaiserlinde,"Lindenstraße, Spiesen-Elversberg",2,3,2.06,3.6,3.3,1.14,1.69,2.35,1.47,2.5,1.33,1.57,3.0,2.19,1.3,2.4,3.4,1.53,1,0,0,1,0,1,0,6326,0,0,0,9307,2,1,1,1,1,3,2,4,0,2,2,1,2,3,1,45,52,101,74,1.37,1.28,2.65,0,0,0,0,0,0,1,1,0,0,0,1,0,0,1,18,23,1,23,16,1,5,9,0,0,0,0,2.15,0.85,0.0,0.0,0.0,0.0,0,0,0.0,0.0,0.0,27,True,False,False,False,False,False,False,2.56,1.53,1.68,2.16,2.66,1.69,1.21,2.04,3.71,3.67,1.58,2.45,,,,
Germany_Bundesliga_2_2025-2026,2025/2026,1,Arminia Bielefeld,Fortuna Düsseldorf,2025-08-02 18:30:00,5,1,6,8,3,11,4,3,0,1,9,3,6,8,15,11,12,14,64,36,SchücoArena,"Melanchthonstraße 31a, Bielefeld",4,4,2.56,3.5,2.48,1.18,1.57,2.3,1.5,2.7,1.34,1.65,2.9,2.1,1.25,2.38,3.2,1.57,6,1,1,4,0,4,2,543,0,0,0,26601,2,1,3,0,5,2,3,7,3,3,1,1,6,2,1,56,37,115,59,1.99,1.17,3.16,1,0,1,0,0,0,1,1,0,0,0,0,2,0,1,18,18,1,13,12,1,7,8,0,0,0,0,1.38,1.0,0.0,0.0,0.0,0.0,0,0,0.0,0.0,0.0,27,True,True,True,True,True,True,True,2.43,1.58,1.74,2.07,2.52,1.62,1.18,2.62,2.62,3.69,1.50,2.70,,,,
Germany_Bundesliga_2_2025-2026,2025/2026,1,Magdeburg,Eintracht Braunschweig,2025-08-03 11:30:00,0,1,1,12,2,14,4,1,0,1,3,4,16,5,19,9,17,11,67,33,MDCC-Arena,"Friedrich-Ebert-Straße 69, Magdeburg",4,3,1.7,3.75,4.2,1.15,1.5,2.37,1.53,2.38,1.41,1.68,2.62,2.02,1.26,2.15,3.22,1.68,1,0,0,0,1,1,0,128,0,0,0,28780,2,1,4,0,8,2,4,10,1,1,3,1,2,4,1,82,30,140,78,2.0,1.07,3.08,0,0,0,0,0,0,1,1,0,0,1,0,0,0,1,21,15,1,11,17,1,5,15,0,0,0,0,0.62,0.85,0.0,0.0,0.0,0.0,0,0,0.0,0.0,0.0,27,True,False,False,False,False,False,False,2.26,1.67,1.75,2.06,2.37,1.55,1.16,1.70,4.97,4.07,1.57,2.50,,,1.44,2.61
Germany_Bundesliga_2_2025-2026,2025/2026,1,Greuther Fürth,Dynamo Dresden,2025-08-03 11:30:00,3,2,5,4,10,14,1,0,0,0,5,4,5,17,10,21,8,11,31,69,Sportpark Ronhof Thomas Sommer,"Laubenweg 60, Fürth",1,0,2.06,3.25,2.85,1.2,1.73,2.8,1.57,2.38,1.42,1.7,2.5,2.0,1.36,2.51,3.3,1.44,5,2,1,1,1,2,3,544,0,0,0,15621,2,1,2,2,2,8,4,10,1,0,0,0,1,0,1,24,76,37,108,1.15,2.15,3.3,0,0,0,0,0,0,1,1,2,0,0,0,0,0,1,17,28,1,11,8,1,13,6,0,0,0,0,1.23,1.0,0.0,0.0,0.0,0.0,0,0,0.0,0.0,0.0,27,True,True,True,True,True,False,True,2.74,1.48,1.81,2.01,2.88,1.79,1.24,2.60,2.81,3.40,1.61,2.38,1.36,3.24,1.46,2.60
Germany_Bundesliga_2_2025-2026,2025/2026,1,Hannover 96,Kaiserslautern,2025-08-03 11:30:00,1,0,1,5,5,10,2,3,0,0,5,0,9,9,14,9,13,14,62,38,HDI-Arena,"Robert-Enke-Str. 3, Hannover",2,3,1.91,3.74,3.0,1.17,1.64,2.5,1.55,2.25,1.29,1.55,3.04,2.23,1.3,2.53,3.2,1.59,1,0,0,1,0,1,0,52,0,0,0,49000,2,1,2,3,3,2,5,5,2,0,0,3,2,3,1,64,38,130,81,1.71,0.85,2.55,0,0,0,0,0,0,1,1,0,0,0,0,0,0,1,19,18,1,14,13,1,4,10,0,0,0,0,1.77,0.92,0.0,0.0,0.0,0.0,0,0,0.0,0.0,0.0,27,True,False,False,False,False,False,False,2.41,1.59,1.57,2.29,2.51,1.62,1.18,2.27,3.13,3.65,1.51,2.67,,,,
Germany_Bundesliga_2_2025-2026,2025/2026,2,Nürnberg,Darmstadt 98,2025-08-08 16:30:00,0,1,1,4,5,9,2,2,0,0,3,5,9,9,12,14,11,15,47,53,Max-Morlock-Stadion,"Max-Morlock-Platz 1, Nürnberg",2,2,2.7,3.6,2.35,1.16,1.58,2.41,1.5,2.5,1.38,1.6,2.85,2.19,1.34,2.32,3.28,1.58,1,0,0,0,1,1,0,48,0,0,0,32455,2,1,1,3,3,2,4,5,0,1,2,1,1,3,1,33,31,83,83,1.21,1.46,2.67,0,0,0,0,0,0,1,1,0,0,0,0,0,0,1,18,10,1,15,11,1,15,10,0,0,0,0,1.79,1.23,0.0,0.0,0.0,3.0,0,0,0.0,0.0,0.0,27,True,False,False,False,False,False,False,2.48,1.57,1.65,2.19,2.45,1.64,1.20,2.92,2.37,3.71,1.53,2.60,1.34,3.28,,
Germany_Bundesliga_2_2025-2026,2025/2026,2,Preußen Münster,Paderborn,2025-08-08 16:30:00,1,1,2,5,5,10,0,0,0,0,3,8,4,8,7,16,10,17,56,44,Preußen-Stadion,"Am Berg Fidel 7, Münster",0,0,2.9,3.1,2.2,1.26,1.83,2.92,1.62,2.15,1.4,1.97,2.65,2.04,1.38,2.5,2.71,1.44,2,0,1,1,0,1,1,-1,0,0,0,10411,2,-1,2,2,3,3,4,6,0,0,0,0,0,0,1,26,62,69,118,0.85,2.02,2.87,0,0,0,0,0,0,1,1,0,0,1,2,-1,-1,1,17,18,1,17,10,1,11,2,0,0,0,0,1.07,1.69,0.0,0.0,0.0,3.0,0,0,0.0,0.0,0.0,27,True,True,False,False,False,False,True,2.91,1.44,1.76,2.04,3.04,1.90,1.30,3.29,2.31,3.37,1.70,2.22,1.41,3.04,,
Germany_Bundesliga_2_2025-2026,2025/2026,2,Fortuna Düsseldorf,Hannover 96,2025-08-09 11:00:00,0,2,2,5,2,7,6,4,0,0,1,3,8,7,9,10,18,14,53,47,Merkur Spiel-Arena,"Arena-Str. 1, Düsseldorf",6,4,2.4,3.5,2.6,1.12,1.7,2.75,1.57,2.2,1.33,1.6,3.0,2.1,1.32,2.4,3.3,1.48,2,0,0,0,2,2,0,52,0,0,0,37590,2,1,3,2,2,0,5,2,3,2,3,2,5,5,1,55,29,105,72,1.04,1.05,2.1,0,1,0,1,0,0,1,1,0,0,1,0,0,1,1,16,14,1,14,17,1,6,10,0,0,0,0,1.29,1.86,0.0,0.0,0.0,3.0,0,0,0.0,0.0,0.0,27,True,True,False,False,False,False,False,2.43,1.60,1.75,2.05,2.65,1.68,1.21,2.56,2.74,3.59,1.55,2.54,,,,
Germany_Bundesliga_2_2025-2026,2025/2026,2,Dynamo Dresden,Magdeburg,2025-08-09 11:00:00,1,2,3,6,5,11,1,3,0,0,2,6,21,3,23,9,10,14,60,40,,,1,3,2.77,3.64,2.45,1.2,1.57,2.51,1.5,2.4,1.28,1.51,3.28,2.42,1.27,2.25,3.28,1.6,3,1,2,0,0,0,3,558,0,0,0,31405,2,1,1,2,5,3,3,8,0,2,1,1,2,2,1,61,18,101,59,2.02,1.12,3.15,0,0,0,0,0,0,1,1,0,0,1,0,0,0,1,10,15,1,14,10,1,6,10,0,0,0,0,1.15,1.36,0.0,0.0,0.0,0.0,0,0,0.0,0.0,0.0,27,True,True,True,False,False,False,True,,,,,2.51,1.62,1.19,2.90,2.38,3.71,1.51,2.66,,,,
Germany_Bundesliga_2_2025-2026,2025/2026,2,Eintracht Braunschweig,Greuther Fürth,2025-08-09 11:00:00,3,2,5,3,9,12,2,3,0,0,4,4,5,16,9,20,11,11,40,60,,,2,3,2.3,3.35,2.62,1.22,1.82,2.75,1.64,2.15,1.5,1.8,2.4,1.92,1.32,2.4,2.98,1.45,5,2,1,1,1,2,3,128,0,0,0,20274,2,1,1,4,2,5,5,7,0,2,2,1,2,3,1,18,52,77,82,0.99,1.91,2.9,1,0,1,0,0,0,1,1,0,0,0,1,0,0,1,20,25,1,10,11,1,6,5,0,0,0,0,1.29,0.93,0.0,0.0,3.0,3.0,0,0,0.0,0.0,0.0,27,True,True,True,True,True,False,True,2.58,1.53,1.85,1.96,2.75,1.73,1.22,2.48,2.89,3.52,1.58,2.46,1.36,3.32,1.48,2.52
Germany_Bundesliga_2_2025-2026,2025/2026,2,Kaiserslautern,Schalke 04,2025-08-09 18:30:00,1,0,1,5,3,8,4,4,0,0,2,4,9,5,11,9,8,16,55,45,Fritz-Walter-Stadion,"Fritz-Walter-Straße 1, Kaiserslautern",4,4,2.47,3.45,2.81,1.22,1.74,2.6,1.56,2.3,1.37,1.65,3.1,2.25,1.34,2.25,3.3,1.57,1,0,0,1,0,1,0,542,0,0,0,49327,2,1,1,2,4,1,3,5,1,1,3,3,2,6,1,43,41,105,97,1.15,1.15,2.31,1,0,1,0,0,0,1,1,0,0,1,0,0,0,1,25,33,1,15,8,1,6,6,0,0,0,0,2.0,1.57,0.0,0.0,0.0,3.0,0,0,0.0,0.0,0.0,27,True,False,False,False,False,False,False,2.58,1.53,1.67,2.17,2.70,1.74,1.23,2.58,2.68,3.66,1.59,2.44,1.34,3.36,,
Germany_Bundesliga_2_2025-2026,2025/2026,2,Bochum,Elversberg,2025-08-10 11:30:00,2,0,2,10,0,10,8,4,0,1,6,1,11,2,17,3,24,11,58,42,Vonovia Ruhrstadion,"Castropher Straße 145, Bochum",8,5,2.27,3.52,2.9,1.22,1.63,2.7,1.57,2.36,1.3,1.6,3.22,2.38,1.28,2.45,3.25,1.5,2,0,0,2,0,2,0,540,0,0,0,24207,2,1,5,0,5,0,5,5,5,2,3,3,7,6,1,59,29,85,69,1.91,0.48,2.39,0,0,0,0,0,0,1,1,0,0,0,0,0,2,1,16,20,1,11,24,1,5,7,0,0,0,0,1.57,1.64,0.0,0.0,0.0,3.0,0,0,0.0,0.0,0.0,27,True,True,False,False,False,False,False,2.65,1.51,1.62,2.25,2.81,1.74,1.23,2.51,2.82,3.56,1.60,2.42,,,,
Germany_Bundesliga_2_2025-2026,2025/2026,2,Hertha BSC,Karlsruher SC,2025-08-10 11:30:00,0,0,0,5,10,15,0,1,0,0,4,2,10,17,14,19,8,11,51,49,Olympiastadion Berlin,"Olympischer Platz 3, Berlin",0,1,1.9,3.85,4.0,1.17,1.56,2.28,1.51,2.35,1.43,1.71,3.1,2.14,1.35,2.25,3.25,1.55,0,0,0,0,0,0,0,-1,0,0,0,59655,2,1,2,5,3,5,7,8,0,0,0,1,0,1,1,33,56,89,96,1.41,1.74,3.14,0,0,0,0,0,0,1,1,0,0,0,1,0,0,1,15,21,1,11,8,1,13,9,0,0,0,0,1.43,0.93,0.0,0.0,0.0,3.0,0,0,0.0,0.0,0.0,27,False,False,False,False,False,False,False,,,1.70,2.12,2.35,1.56,1.17,1.87,3.99,4.03,1.53,2.60,,,,
Germany_Bundesliga_2_2025-2026,2025/2026,2,Holstein Kiel,Arminia Bielefeld,2025-08-10 11:30:00,0,2,2,9,7,16,0,5,0,1,7,4,8,8,15,12,13,15,59,41,Holstein-Stadion,"Westring 501, Kiel",0,6,2.25,3.7,2.85,1.17,1.6,2.7,1.52,2.4,1.35,1.61,2.84,2.3,1.33,2.4,3.2,1.5,2,0,2,0,0,0,2,543,0,0,0,15034,2,1,1,5,8,2,6,10,0,1,0,5,1,5,1,50,39,84,87,1.8,1.32,3.12,0,0,0,0,0,0,1,1,0,0,0,2,0,0,1,31,26,1,15,13,1,8,10,0,0,0,0,1.15,0.71,0.0,0.0,0.0,3.0,0,0,0.0,0.0,0.0,27,True,True,False,False,False,False,False,2.60,1.53,1.70,2.13,2.77,1.74,1.23,2.36,3.00,3.63,1.61,2.39,,,,
Germany_Bundesliga_2_2025-2026,2025/2026,3,Elversberg,Kaiserslautern,2025-08-22 16:30:00,2,1,3,4,8,12,3,2,0,0,5,4,6,7,11,11,22,10,57,43,URSAPHARM-Arena an der Kaiserlinde,"Lindenstraße, Spiesen-Elversberg",3,2,2.08,3.55,3.15,1.25,1.8,3.1,1.6,2.2,1.33,1.61,2.8,2.17,1.38,2.62,3.42,1.47,3,1,0,1,1,2,1,6326,0,0,0,9307,2,1,3,5,1,3,8,4,0,0,3,2,0,5,1,50,36,101,101,1.41,1.24,2.66,0,1,0,1,0,0,1,1,0,0,0,1,0,0,1,21,21,1,10,21,1,8,7,0,0,0,0,2.15,0.92,3.0,0.0,1.5,1.5,100,100,1.37,0.85,2.22,27,True,True,True,False,False,False,True,2.84,1.45,1.61,2.25,3.10,1.85,1.26,2.12,3.53,3.59,1.66,2.26,1.38,3.18,,
Germany_Bundesliga_2_2025-2026,2025/2026,3,Preußen Münster,Nürnberg,2025-08-22 16:30:00,2,1,3,1,7,8,2,5,0,0,6,3,6,5,12,8,20,14,50,50,Preußen-Stadion,"Am Berg Fidel 7, Münster",2,5,2.3,3.35,2.97,1.27,1.97,3.32,1.72,1.98,1.33,1.93,3.0,2.09,1.37,2.63,2.96,1.39,3,2,0,0,1,1,2,556,0,50,0,10635,2,1,1,2,0,5,3,5,1,2,1,3,3,4,1,24,78,84,142,1.36,1.29,2.65,0,0,0,0,0,0,1,1,0,0,0,0,0,0,1,15,27,1,14,20,1,6,5,0,50,0,50,1.07,0.85,1.0,0.0,0.5,0.0,100,50,0.85,1.28,2.13,27,True,True,True,False,False,False,True,3.08,1.39,,,3.53,2.03,1.32,2.22,3.43,3.44,1.76,2.10,1.42,2.96,,
Germany_Bundesliga_2_2025-2026,2025/2026,3,Hannover 96,Magdeburg,2025-08-23 11:00:00,3,1,4,4,2,6,3,4,0,0,9,6,15,8,24,14,22,11,47,53,HDI-Arena,"Robert-Enke-Str. 3, Hannover",3,4,2.08,3.45,3.2,1.2,1.67,2.6,1.57,2.54,1.35,1.68,2.92,2.19,1.3,2.49,2.98,1.55,4,2,0,1,1,2,2,52,0,50,0,40000,2,1,3,1,1,1,4,2,1,2,2,2,3,4,1,66,23,89,85,2.61,1.47,4.08,0,0,0,0,0,0,1,1,0,0,0,0,0,0,1,18,17,1,11,21,1,8,8,50,50,50,50,1.77,1.36,3.0,3.0,3.0,1.5,50,50,1.71,1.12,2.83,27,True,True,True,True,False,False,True,2.49,1.56,1.68,2.13,2.61,1.67,1.20,2.19,3.36,3.59,1.53,2.54,,,,
Germany_Bundesliga_2_2025-2026,2025/2026,3,Paderborn,Fortuna Düsseldorf,2025-08-23 11:00:00,1,2,3,9,7,16,2,2,1,0,4,6,13,8,17,14,12,8,43,57,Benteler-Arena,"Paderborner Straße 89, Paderborn",4,2,1.62,4.2,4.2,1.17,1.53,2.41,1.55,2.29,1.38,1.69,2.62,2.0,1.29,2.44,3.34,1.58,3,0,2,1,0,1,2,545,0,100,0,14469,2,1,3,2,6,5,5,11,2,2,1,0,4,1,1,53,57,80,110,1.73,1.72,3.45,0,0,0,0,0,0,1,1,0,0,1,2,0,0,1,14,11,1,8,12,1,8,9,100,100,50,100,2.07,1.0,3.0,0.0,2.0,0.0,0,0,1.05,1.17,2.22,27,True,True,True,False,False,False,True,,,1.84,1.97,2.41,1.57,1.17,1.69,4.92,4.12,1.58,2.43,,,1.47,2.54
Germany_Bundesliga_2_2025-2026,2025/2026,3,Karlsruher SC,Eintracht Braunschweig,2025-08-23 11:00:00,2,0,2,5,2,7,3,4,0,1,6,2,4,7,10,9,23,14,42,58,Wildparkstadion,"Adenauerring 17, Karlsruhe",3,5,1.75,3.9,4.1,1.13,1.53,2.36,1.53,2.4,1.32,1.86,3.15,2.18,1.28,2.15,3.27,1.57,2,1,0,1,0,1,1,547,0,50,0,28000,2,1,1,2,4,0,3,4,2,0,1,5,2,6,1,39,33,78,105,1.34,0.96,2.3,0,0,0,0,0,0,1,1,0,0,1,0,0,0,1,12,18,1,14,23,1,6,5,50,50,50,50,1.85,0.85,3.0,3.0,2.0,3.0,50,50,1.47,1.07,2.54,27,True,True,False,False,False,False,False,2.45,1.57,1.67,2.18,2.59,1.64,1.20,1.83,4.28,3.93,1.60,2.38,1.34,3.27,,
Germany_Bundesliga_2_2025-2026,2025/2026,3,Schalke 04,Bochum,2025-08-23 18:30:00,2,1,3,8,9,17,0,3,0,0,8,3,7,11,15,14,6,6,51,49,VELTINS-Arena,"Arenaring 1, Gelsenkirchen",0,3,2.24,3.59,2.89,1.23,1.6,2.25,1.45,2.25,1.33,1.81,2.83,2.18,1.34,2.54,3.34,1.48,3,0,0,2,1,3,0,35,0,100,0,62083,2,1,2,6,6,3,8,9,0,0,0,3,0,3,1,34,44,94,69,1.76,1.41,3.16,0,0,0,0,0,0,1,1,0,0,2,1,0,0,1,14,28,1,6,5,1,6,8,100,100,100,100,2.31,0.85,3.0,0.0,1.5,1.5,0,0,1.54,1.06,2.6,27,True,True,True,False,False,False,True,2.68,1.50,1.68,2.16,2.84,1.76,1.23,2.27,3.18,3.60,1.61,2.37,1.35,3.33,,
Germany_Bundesliga_2_2025-2026,2025/2026,3,Arminia Bielefeld,Dynamo Dresden,2025-08-24 11:30:00,1,2,3,4,5,9,3,3,1,0,2,7,10,15,12,22,13,17,57,43,SchücoArena,"Melanchthonstraße 31a, Bielefeld",5,3,1.9,3.6,3.65,1.14,1.57,2.65,1.62,2.15,1.3,1.96,2.5,2.0,1.3,2.45,3.2,1.47,3,0,1,1,1,2,1,539,0,100,0,26075,2,1,1,2,3,3,3,6,0,1,4,2,1,6,1,34,60,114,94,1.16,2.3,3.46,0,0,0,0,0,0,1,1,0,0,0,0,0,0,1,20,24,1,17,13,1,11,9,100,100,100,100,1.38,1.0,3.0,0.0,3.0,0.0,0,0,1.99,2.15,4.14,27,True,True,True,False,False,False,True,2.39,1.60,1.66,2.19,2.47,1.61,1.18,2.06,3.71,3.58,1.52,2.58,1.35,3.37,,
Germany_Bundesliga_2_2025-2026,2025/2026,3,Greuther Fürth,Holstein Kiel,2025-08-24 11:30:00,0,2,2,6,3,9,3,8,0,0,2,4,11,12,13,16,13,18,55,45,Sportpark Ronhof Thomas Sommer,"Laubenweg 60, Fürth",3,8,2.7,3.4,2.36,1.16,1.65,2.5,1.47,2.5,1.33,1.67,2.85,2.12,1.34,2.4,3.0,1.48,2,0,1,0,1,1,1,566,0,100,0,11005,2,1,2,0,4,3,2,7,1,1,2,7,2,9,1,58,38,128,58,1.39,1.56,2.95,0,0,0,0,0,0,1,1,0,0,0,0,0,0,1,19,16,1,18,13,1,9,16,100,100,50,100,1.23,0.93,3.0,0.0,1.5,0.0,0,0,1.15,0.93,2.08,27,True,True,False,False,False,False,False,2.49,1.56,1.68,2.16,2.58,1.66,1.20,3.00,2.34,3.66,1.54,2.53,1.34,3.29,,
Germany_Bundesliga_2_2025-2026,2025/2026,3,Darmstadt 98,Hertha BSC,2025-08-24 11:30:00,0,0,0,7,2,9,1,1,0,0,4,1,11,14,15,15,12,17,59,41,Merck-Stadion am Böllenfalltor,"Nieder-Ramstädter Straße 170, Darmstadt",1,1,2.03,3.45,3.25,1.18,1.6,2.4,1.5,2.4,1.41,1.67,2.7,2.1,1.29,2.28,3.25,1.47,0,0,0,0,0,0,0,-1,0,100,0,17810,2,1,3,2,4,0,5,4,0,0,1,1,0,2,1,70,40,112,50,1.73,1.3,3.03,0,0,0,0,0,0,1,1,0,0,1,0,0,0,1,23,20,1,17,12,1,12,14,100,100,100,100,2.43,1.85,3.0,0.0,3.0,0.5,0,0,1.98,1.2,3.18,27,False,False,False,False,False,False,False,2.46,1.57,1.69,2.14,2.52,1.62,1.18,1.94,3.97,3.74,1.55,2.51,,,,
Germany_Bundesliga_2_2025-2026,2025/2026,4,Nürnberg,Paderborn,2025-08-29 16:30:00,0,0,0,7,5,12,3,4,0,0,2,3,11,11,13,14,12,10,47,53,Max-Morlock-Stadion,"Max-Morlock-Platz 1, Nürnberg",3,4,3.16,3.4,2.21,1.22,1.65,2.85,1.63,2.35,1.38,1.62,2.75,2.09,1.34,2.5,3.31,1.51,0,0,0,0,0,0,0,-1,0,50,0,30716,2,1,6,3,1,2,9,3,1,2,2,2,3,4,1,61,51,98,101,1.4,1.47,2.87,0,0,0,0,0,0,1,1,0,0,0,2,0,0,1,19,17,1,10,12,1,6,8,0,50,0,50,1.79,1.69,0.0,1.0,0.0,1.33,100,50,1.21,2.02,3.23,27,False,False,False,False,False,False,False,2.51,1.55,1.72,2.10,2.64,1.66,1.20,3.28,2.17,3.73,1.54,2.52,1.34,3.31,,
Germany_Bundesliga_2_2025-2026,2025/2026,4,Hertha BSC,Elversberg,2025-08-29 16:30:00,0,2,2,4,4,8,5,2,1,0,2,6,5,10,7,16,15,7,42,58,Olympiastadion Berlin,"Olympischer Platz 3, Berlin",6,2,2.1,3.25,3.3,1.2,1.65,2.55,1.57,2.46,1.31,1.66,2.92,2.22,1.29,2.51,3.2,1.49,2,0,1,0,1,1,1,6326,0,0,0,39680,2,1,2,3,2,1,5,3,2,0,4,2,2,6,1,22,45,86,112,0.75,1.76,2.51,0,0,0,0,0,0,1,1,0,1,0,0,0,0,1,20,15,1,7,15,1,11,7,0,50,0,0,1.43,1.64,1.0,0.0,0.67,2.0,100,50,1.41,0.48,1.89,27,True,True,False,False,False,False,False,2.52,1.55,1.61,2.25,2.59,1.66,1.20,2.01,3.81,3.66,1.56,2.46,,,,
Germany_Bundesliga_2_2025-2026,2025/2026,4,Bochum,Preußen Münster,2025-08-30 11:00:00,1,2,3,6,4,10,3,3,0,0,4,2,13,3,17,5,21,13,40,60,Vonovia Ruhrstadion,"Castropher Straße 145, Bochum",3,3,2.11,3.55,3.4,1.22,1.73,2.88,1.68,2.2,1.38,1.77,2.85,2.01,1.35,2.57,3.25,1.42,3,1,1,0,1,1,2,556,0,50,0,26000,2,1,4,2,2,2,6,4,1,0,2,3,1,5,1,70,28,116,71,1.86,0.67,2.53,0,0,0,0,0,0,1,1,0,0,1,0,0,0,1,14,15,1,13,21,1,7,11,50,100,50,50,1.57,0.85,3.0,0.0,1.0,1.33,50,0,1.91,1.09,3.0,27,True,True,True,False,False,False,True,2.81,1.46,1.79,2.01,2.96,1.81,1.25,2.22,3.33,3.55,1.65,2.28,1.37,3.19,,
Germany_Bundesliga_2_2025-2026,2025/2026,4,Holstein Kiel,Hannover 96,2025-08-30 11:00:00,1,2,3,1,5,6,2,3,0,0,3,4,6,8,9,12,23,16,41,59,Holstein-Stadion,"Westring 501, Kiel",2,3,2.71,3.6,2.55,1.17,1.67,2.8,1.53,2.54,1.27,1.46,2.97,2.48,1.28,2.54,3.2,1.53,3,1,0,0,2,2,1,52,0,0,0,14757,2,1,1,1,0,4,2,4,1,0,1,3,1,4,1,20,65,53,161,0.92,1.53,2.45,0,0,0,0,0,0,1,1,0,0,1,0,0,0,1,11,23,1,16,23,1,9,4,0,100,50,50,1.15,1.86,0.0,3.0,1.0,3.0,100,0,1.8,1.05,2.85,27,True,True,True,False,False,False,True,2.59,1.52,1.64,2.20,2.69,1.70,1.22,2.48,2.84,3.59,1.56,2.48,,,,
Germany_Bundesliga_2_2025-2026,2025/2026,4,Eintracht Braunschweig,Arminia Bielefeld,2025-08-30 11:00:00,1,1,2,3,7,10,3,3,0,0,3,6,5,7,8,13,16,12,30,70,,,3,3,2.96,3.62,2.29,1.19,1.71,2.75,1.62,2.12,1.38,1.8,2.92,2.2,1.3,2.63,3.25,1.48,2,0,0,1,1,2,0,-1,0,50,0,21068,2,1,3,2,0,5,5,5,2,2,1,1,4,2,1,37,66,85,128,0.99,1.73,2.72,0,0,0,0,0,0,1,1,0,0,0,0,0,0,1,24,30,1,12,16,1,9,7,50,100,100,100,1.29,0.71,3.0,3.0,2.0,2.0,50,0,0.99,1.32,2.31,27,True,True,False,False,False,False,True,2.48,1.56,1.65,2.20,2.56,1.63,1.19,2.76,2.51,3.66,1.49,2.66,,,,
Germany_Bundesliga_2_2025-2026,2025/2026,4,Fortuna Düsseldorf,Karlsruher SC,2025-08-30 18:30:00,0,0,0,4,2,6,1,3,0,0,2,2,14,8,16,10,9,10,52,48,Merkur Spiel-Arena,"Arena-Str. 1, Düsseldorf",1,3,2.1,3.4,2.95,1.15,1.62,2.47,1.53,2.38,1.29,1.49,2.92,2.17,1.26,2.38,3.34,1.53,0,0,0,0,0,0,0,-1,0,0,0,51500,2,1,0,1,4,1,1,5,1,1,0,2,2,2,1,50,51,110,87,1.52,1.14,2.66,0,0,0,0,0,0,1,1,0,0,0,0,0,0,1,31,23,1,10,9,1,2,11,0,50,0,0,1.29,0.93,0.0,1.0,1.0,2.33,100,50,1.04,1.74,2.78,27,False,False,False,False,False,False,False,2.46,1.58,1.64,2.20,,,,2.30,3.07,3.67,1.53,2.53,,,,
Germany_Bundesliga_2_2025-2026,2025/2026,4,Dynamo Dresden,Schalke 04,2025-08-31 11:30:00,0,1,1,1,6,7,1,4,0,0,3,5,2,11,5,16,11,10,61,39,,,1,4,2.3,3.5,2.62,1.17,1.7,2.75,1.57,2.3,1.38,1.64,2.92,2.21,1.3,2.42,3.25,1.47,1,0,0,0,1,1,0,35,0,50,0,31000,2,1,0,4,1,2,4,3,0,1,1,3,1,4,1,33,52,87,105,0.78,1.74,2.51,0,1,0,1,0,0,1,1,0,0,0,0,0,1,1,28,26,1,10,10,1,11,3,50,50,50,50,1.15,1.57,0.0,0.0,1.0,2.0,50,50,2.02,1.15,3.17,27,True,False,False,False,False,False,False,2.71,1.48,1.65,2.20,2.93,1.80,1.24,2.12,3.61,3.52,1.63,2.32,1.35,3.30,,
Germany_Bundesliga_2_2025-2026,2025/2026,4,Kaiserslautern,Darmstadt 98,2025-08-31 11:30:00,3,1,4,3,5,8,2,2,0,0,8,5,9,13,17,18,8,11,47,53,Fritz-Walter-Stadion,"Fritz-Walter-Straße 1, Kaiserslautern",2,2,2.85,3.5,2.39,1.22,1.71,2.6,1.56,2.18,1.36,1.58,3.05,2.3,1.3,2.42,3.3,1.5,4,0,0,3,1,4,0,542,0,0,0,47722,2,1,2,3,1,2,5,3,0,0,2,2,0,4,1,47,43,88,108,1.97,1.8,3.77,0,0,0,0,0,0,1,1,0,0,1,0,0,0,1,23,20,1,11,8,1,9,10,0,0,0,0,2.0,1.23,3.0,3.0,1.0,2.33,100,100,1.15,1.46,2.61,27,True,True,True,True,False,False,True,2.72,1.48,1.59,2.29,2.92,1.80,1.24,3.21,2.29,3.50,1.63,2.32,1.36,3.29,,
Germany_Bundesliga_2_2025-2026,2025/2026,4,Magdeburg,Greuther Fürth,2025-08-31 11:30:00,4,5,9,2,3,5,4,4,1,0,7,7,12,6,19,13,16,10,53,47,MDCC-Arena,"Friedrich-Ebert-Straße 69, Magdeburg",5,4,1.91,3.8,3.7,1.1,1.45,2.27,1.47,2.61,1.37,1.77,2.92,2.12,1.25,2.15,3.6,1.64,9,1,1,3,4,7,2,544,0,50,0,23673,2,1,1,3,1,0,4,1,0,1,5,3,1,8,1,41,35,118,74,1.99,1.56,3.55,0,0,0,0,0,0,1,1,0,0,0,0,0,0,1,21,19,1,10,16,1,3,6,50,50,50,50,0.62,0.93,0.0,0.0,1.0,1.0,50,50,2.0,1.91,3.91,27,True,True,True,True,True,True,True,,,1.60,2.25,2.16,1.48,1.14,1.95,3.66,4.01,1.44,2.81,,,,
Germany_Bundesliga_2_2025-2026,2025/2026,5,Paderborn,Bochum,2025-09-12 16:30:00,1,0,1,3,7,10,1,4,0,0,5,4,15,11,20,15,7,11,63,37,Benteler-Arena,"Paderborner Straße 89, Paderborn",1,4,1.87,3.6,3.6,1.16,1.61,2.6,1.53,2.28,1.34,1.6,2.97,2.25,1.27,2.34,3.4,1.5,1,0,0,1,0,1,0,53,0,100,0,15000,2,1,3,0,0,7,3,7,0,1,1,3,1,4,1,64,42,119,83,2.07,1.53,3.6,0,0,0,0,0,0,1,1,0,0,0,0,0,0,1,19,13,1,11,7,1,8,16,100,100,50,75,2.07,0.85,1.5,0.0,1.25,0.75,0,0,1.39,1.24,2.63,27,True,False,False,False,False,False,False,2.36,1.62,1.63,2.20,2.48,1.61,1.19,1.85,4.31,3.83,1.58,2.45,,,,
Germany_Bundesliga_2_2025-2026,2025/2026,5,Arminia Bielefeld,Magdeburg,2025-09-12 16:30:00,2,0,2,5,5,10,1,2,0,0,5,3,8,14,13,17,13,12,42,58,SchücoArena,"Melanchthonstraße 31a, Bielefeld",1,2,2.05,3.5,3.0,1.16,1.55,2.2,1.46,2.5,1.39,1.81,2.77,2.16,1.26,2.2,3.3,1.57,2,0,0,2,0,2,0,543,0,100,0,26075,2,1,3,2,2,3,5,5,0,1,1,1,1,2,1,37,56,96,105,1.44,1.69,3.13,0,0,0,0,0,0,1,1,0,0,0,1,0,1,1,19,25,1,12,13,1,10,6,100,100,75,100,1.38,1.36,1.5,1.5,1.75,0.75,0,0,1.57,1.3,2.87,27,True,True,False,False,False,False,False,2.24,1.68,1.64,2.20,2.24,1.51,1.15,2.06,3.49,3.80,1.43,2.85,,,,
Germany_Bundesliga_2_2025-2026,2025/2026,5,Schalke 04,Holstein Kiel,2025-09-13 11:00:00,0,1,1,8,3,11,0,3,0,0,4,5,8,5,12,10,17,13,52,48,VELTINS-Arena,"Arenaring 1, Gelsenkirchen",0,3,2.35,3.53,2.77,1.22,1.73,2.8,1.68,2.23,1.46,1.98,2.52,1.99,1.34,2.62,2.84,1.41,1,0,1,0,0,0,1,566,0,75,0,62271,2,1,3,0,5,3,3,8,0,0,0,3,0,3,1,76,14,134,71,1.6,1.09,2.69,0,0,0,0,0,0,1,1,0,1,0,0,0,0,1,20,12,1,13,17,1,9,6,75,100,25,75,2.31,0.93,3.0,1.5,2.25,0.75,25,0,1.65,1.25,2.9,27,True,False,False,False,False,False,False,2.50,1.56,,,2.61,1.67,1.20,2.28,3.09,3.70,1.55,2.50,1.34,3.39,,
Germany_Bundesliga_2_2025-2026,2025/2026,5,Darmstadt 98,Eintracht Braunschweig,2025-09-13 11:00:00,2,1,3,2,5,7,2,1,0,1,4,5,6,8,10,13,11,11,58,42,Merck-Stadion am Böllenfalltor,"Nieder-Ramstädter Straße 170, Darmstadt",2,3,1.64,4.0,4.75,1.18,1.68,2.6,1.7,2.05,1.38,1.8,2.8,2.08,1.3,2.4,3.1,1.5,3,0,1,2,0,2,1,48,0,25,0,17515,2,1,1,2,1,3,3,4,0,0,2,2,0,4,1,46,43,104,88,1.25,1.48,2.74,0,0,0,0,0,0,1,1,0,0,0,0,0,0,1,21,23,1,11,11,1,7,6,25,50,25,50,2.43,0.85,2.0,1.5,1.75,1.75,75,50,1.86,1.02,2.88,27,True,True,True,False,False,False,True,,,,,2.30,1.53,1.16,1.60,5.54,4.37,1.58,2.42,,,,
Germany_Bundesliga_2_2025-2026,2025/2026,5,Karlsruher SC,Nürnberg,2025-09-13 11:00:00,2,1,3,6,10,16,2,1,0,0,6,10,4,14,10,24,8,9,41,59,Wildparkstadion,"Adenauerring 17, Karlsruhe",2,1,1.92,3.63,3.64,1.15,1.77,2.34,1.65,2.21,1.38,1.63,3.0,2.19,1.35,2.44,3.35,1.53,3,1,1,1,0,1,2,547,0,50,0,33180,2,1,5,4,1,6,9,7,0,0,2,1,0,3,1,44,68,77,97,1.37,2.69,4.06,0,0,0,0,0,0,1,1,0,0,1,0,0,0,1,12,20,1,9,8,1,10,7,50,75,50,75,1.85,0.85,3.0,0.0,2.0,0.25,50,25,1.4,1.29,2.69,27,True,True,True,False,False,False,True,2.48,1.56,,,2.56,1.64,1.19,2.15,3.40,3.64,1.53,2.54,1.35,3.35,,
Germany_Bundesliga_2_2025-2026,2025/2026,5,Hannover 96,Hertha BSC,2025-09-13 18:30:00,0,3,3,15,0,15,2,5,0,0,3,3,18,7,21,10,13,19,66,34,HDI-Arena,"Robert-Enke-Str. 3, Hannover",2,5,1.89,3.78,3.62,1.21,1.67,2.34,1.5,2.25,1.22,1.56,3.5,2.57,1.28,2.25,3.3,1.57,3,0,0,0,3,3,0,47,0,50,0,49000,2,1,7,0,8,0,7,8,0,1,2,4,1,6,1,69,34,105,60,2.03,1.09,3.11,0,0,0,0,0,0,1,1,0,0,2,0,0,0,1,21,13,1,19,13,1,6,8,50,50,50,50,1.77,1.85,3.0,0.5,3.0,0.5,50,50,2.16,1.25,3.41,27,True,True,True,False,False,False,False,2.39,1.60,,,2.49,1.59,1.18,1.68,4.96,4.16,1.58,2.41,,,,
Germany_Bundesliga_2_2025-2026,2025/2026,5,Elversberg,Dynamo Dresden,2025-09-14 11:30:00,2,2,4,7,5,12,0,4,0,0,7,4,15,7,22,11,8,12,64,36,URSAPHARM-Arena an der Kaiserlinde,"Lindenstraße, Spiesen-Elversberg",0,4,2.01,3.7,3.6,1.18,1.71,2.62,1.59,2.21,1.36,1.66,2.79,2.09,1.3,2.42,3.08,1.54,4,1,2,1,0,1,3,-1,0,75,0,9307,2,1,1,3,6,2,4,8,0,2,0,2,2,2,1,80,36,87,57,2.44,1.23,3.67,0,0,0,0,0,0,1,1,1,1,0,0,0,1,1,26,24,1,12,8,1,7,6,75,75,25,75,2.15,1.0,3.0,1.5,2.25,0.75,25,25,1.39,2.22,3.61,27,True,True,True,True,False,False,True,2.60,1.52,,,2.71,1.71,1.22,1.99,3.79,3.73,1.61,2.35,1.35,3.33,,
Germany_Bundesliga_2_2025-2026,2025/2026,5,Preußen Münster,Fortuna Düsseldorf,2025-09-14 11:30:00,1,2,3,8,2,10,3,2,0,0,6,2,15,8,21,10,14,9,72,28,Preußen-Stadion,"Am Berg Fidel 7, Münster",3,2,2.4,3.35,2.8,1.28,1.87,3.0,1.66,2.09,1.54,1.95,2.25,1.76,1.37,2.64,2.79,1.4,3,1,0,0,2,2,1,545,0,100,0,10575,2,1,6,0,2,2,6,4,1,1,2,1,2,3,1,43,26,112,78,2.06,0.97,3.02,0,1,0,1,0,0,1,1,0,0,1,0,0,0,1,16,16,1,9,13,1,9,7,75,100,75,100,1.07,1.0,2.0,1.5,1.75,1.0,25,0,1.1,1.44,2.54,27,True,True,True,False,False,False,True,3.03,1.40,1.86,1.93,3.34,2.00,1.30,2.47,3.04,3.34,1.74,2.12,1.42,2.98,1.51,2.44
Germany_Bundesliga_2_2025-2026,2025/2026,5,Greuther Fürth,Kaiserslautern,2025-09-14 11:30:00,0,3,3,4,5,9,1,6,1,0,3,6,5,9,8,15,9,15,36,64,Sportpark Ronhof Thomas Sommer,"Laubenweg 60, Fürth",3,6,2.37,3.7,2.62,1.15,1.64,2.5,1.52,2.6,1.32,2.0,2.88,2.14,1.29,2.28,3.4,1.55,3,0,1,0,2,2,1,542,0,50,0,14657,2,1,1,4,3,1,5,4,2,5,0,1,7,1,1,16,56,67,139,0.84,1.78,2.62,0,0,0,0,0,0,1,1,0,0,0,1,1,1,1,16,25,1,15,9,1,7,5,50,75,25,75,1.23,0.92,1.5,0.0,1.5,1.5,50,25,1.27,1.05,2.32,27,True,True,True,False,False,False,False,2.42,1.59,1.65,2.21,2.55,1.64,1.19,2.48,2.88,3.53,1.50,2.63,,,,
Germany_Bundesliga_2_2025-2026,2025/2026,6,Kaiserslautern,Preußen Münster,2025-09-19 16:30:00,4,1,5,4,0,4,3,4,0,0,6,6,9,8,15,14,20,12,36,64,Fritz-Walter-Stadion,"Fritz-Walter-Straße 1, Kaiserslautern",3,4,2.09,3.39,3.36,1.28,1.8,3.1,1.7,2.21,1.48,2.09,2.54,1.93,1.36,2.62,2.85,1.39,5,3,0,1,1,2,3,542,0,75,0,46079,2,1,2,0,2,0,2,2,1,3,2,1,4,3,1,36,19,122,73,1.64,1.44,3.08,0,0,0,0,0,0,1,1,1,0,0,0,0,1,1,21,28,1,12,20,1,7,4,75,75,50,50,2.0,0.85,3.0,1.5,1.8,1.4,25,25,1.56,0.88,2.44,27,True,True,True,True,True,False,True,2.78,1.48,1.83,1.97,3.10,1.86,1.27,2.20,3.42,3.48,1.68,2.26,1.37,3.25,1.46,2.57
Germany_Bundesliga_2_2025-2026,2025/2026,6,Arminia Bielefeld,Greuther Fürth,2025-09-19 16:30:00,1,3,4,6,3,9,2,1,0,0,5,7,10,4,15,11,11,22,68,32,SchücoArena,"Melanchthonstraße 31a, Bielefeld",2,1,1.84,3.78,3.81,1.14,1.53,2.3,1.5,2.61,1.34,1.59,2.88,2.16,1.25,2.32,3.68,1.64,4,0,1,1,2,3,1,544,0,84,0,25836,2,1,4,0,2,3,4,5,1,1,1,0,2,1,1,43,36,122,67,1.62,1.44,3.06,0,0,0,0,0,0,1,1,0,0,1,0,0,0,1,24,27,1,22,11,1,5,12,84,100,67,84,1.38,0.93,2.0,1.5,2.0,1.2,17,0,1.53,1.74,3.27,27,True,True,True,True,False,False,True,,,1.64,2.21,2.24,1.50,1.15,1.77,4.67,3.91,1.49,2.72,,,,
Germany_Bundesliga_2_2025-2026,2025/2026,6,Hertha BSC,Paderborn,2025-09-20 11:00:00,0,2,2,7,4,11,4,1,0,0,3,6,6,11,9,17,12,8,49,51,Olympiastadion Berlin,"Olympischer Platz 3, Berlin",4,1,2.68,3.25,2.35,1.14,1.59,2.77,1.55,2.4,1.32,1.62,2.85,2.22,1.3,2.45,3.3,1.5,2,0,1,0,1,1,1,53,0,25,0,44718,2,1,3,3,4,1,6,5,2,1,2,0,3,2,1,54,29,97,79,1.18,1.7,2.88,0,1,0,1,0,0,1,1,0,0,0,1,0,0,1,17,12,1,8,11,1,9,7,0,50,0,50,1.43,1.69,0.5,1.0,1.0,1.6,100,50,1.08,1.74,2.82,27,True,True,False,False,False,False,False,2.61,1.53,,,2.82,1.73,1.22,2.60,2.69,3.60,1.57,2.48,,,,
Germany_Bundesliga_2_2025-2026,2025/2026,6,Eintracht Braunschweig,Elversberg,2025-09-20 11:00:00,1,4,5,4,9,13,3,6,1,0,2,8,8,15,10,23,13,15,41,59,,,4,6,3.05,3.65,1.99,1.25,1.7,2.67,1.6,2.15,1.47,2.04,2.48,1.93,1.35,2.67,3.38,1.44,5,1,2,0,2,2,3,6326,0,50,0,20085,2,1,2,5,2,4,7,6,1,1,3,5,2,8,1,40,32,89,73,1.07,2.23,3.3,0,0,0,0,0,0,1,1,0,0,0,1,0,0,1,21,25,1,15,13,1,6,7,25,100,25,50,1.29,1.64,2.0,1.5,1.4,2.0,75,0,0.99,1.12,2.11,27,True,True,True,True,True,False,True,2.66,1.51,1.80,1.99,2.82,1.75,1.23,3.47,2.11,3.68,1.63,2.36,1.35,3.38,1.45,2.59
Germany_Bundesliga_2_2025-2026,2025/2026,6,Magdeburg,Schalke 04,2025-09-20 11:00:00,0,2,2,3,2,5,2,1,0,0,2,2,5,8,7,10,15,14,61,39,MDCC-Arena,"Friedrich-Ebert-Straße 69, Magdeburg",2,1,2.09,3.45,3.05,1.18,1.58,2.5,1.5,2.4,1.31,1.76,2.87,2.23,1.3,2.4,3.2,1.53,2,0,1,0,1,1,1,35,0,25,0,27424,2,1,3,1,0,1,4,1,0,0,2,1,0,3,1,53,50,108,84,0.98,1.14,2.11,0,1,0,1,0,0,1,1,0,1,0,0,0,0,1,28,19,1,14,14,1,7,5,25,25,25,25,0.62,1.57,0.0,1.5,0.6,1.8,75,75,2.0,1.45,3.45,27,True,True,False,False,False,False,False,2.41,1.60,1.59,2.25,2.51,1.62,1.19,2.47,2.86,3.60,1.50,2.68,,,,
Germany_Bundesliga_2_2025-2026,2025/2026,6,Nürnberg,Bochum,2025-09-20 18:30:00,2,1,3,8,5,13,1,5,0,0,8,1,12,12,20,13,9,12,59,41,Max-Morlock-Stadion,"Max-Morlock-Platz 1, Nürnberg",1,5,2.57,3.66,2.45,1.2,1.7,2.56,1.53,2.3,1.37,1.76,3.05,2.3,1.3,2.38,3.18,1.48,3,0,0,2,1,3,0,127,0,34,0,33398,2,1,4,4,4,1,8,5,0,3,1,2,3,3,1,63,47,112,77,2.27,1.23,3.5,0,1,0,1,0,0,1,1,0,0,1,0,0,0,1,24,27,1,12,8,1,9,5,34,34,17,17,1.79,0.85,0.5,0.0,0.2,0.6,67,67,1.31,1.33,2.64,27,True,True,True,False,False,False,True,,,1.62,2.24,2.68,1.68,1.21,2.17,3.26,3.75,1.57,2.48,,,,
Germany_Bundesliga_2_2025-2026,2025/2026,6,Holstein Kiel,Karlsruher SC,2025-09-21 11:30:00,3,0,3,4,5,9,5,3,0,0,4,4,7,9,11,13,14,15,46,54,Holstein-Stadion,"Westring 501, Kiel",5,3,1.91,3.68,3.4,1.18,1.62,2.45,1.53,2.4,1.3,1.85,2.97,2.17,1.28,2.25,3.2,1.57,3,2,0,1,0,1,2,566,0,25,0,14766,2,1,3,0,1,5,3,6,2,2,3,1,4,4,1,30,45,74,118,1.19,1.44,2.63,0,0,0,0,0,0,1,1,0,0,1,0,0,0,1,12,16,1,14,14,1,10,8,25,50,25,50,1.15,0.93,0.0,1.0,1.2,2.2,75,50,1.36,1.44,2.8,27,True,True,True,False,False,False,False,2.58,1.53,1.67,2.17,2.81,1.75,1.23,1.99,3.79,3.74,1.62,2.37,1.34,3.38,,
Germany_Bundesliga_2_2025-2026,2025/2026,6,Fortuna Düsseldorf,Darmstadt 98,2025-09-21 11:30:00,0,3,3,6,6,12,0,0,0,0,1,10,10,8,11,18,11,15,51,49,Merkur Spiel-Arena,"Arena-Str. 1, Düsseldorf",0,0,2.6,3.6,2.29,1.16,1.58,2.43,1.6,2.3,1.62,1.8,2.14,1.91,1.3,2.6,3.25,1.5,3,0,0,0,3,3,0,48,0,25,0,31500,2,-1,3,5,3,1,8,4,0,0,0,0,0,0,1,63,44,93,86,1.22,2.15,3.37,0,0,0,0,0,0,1,1,0,0,0,1,-1,-1,1,25,9,1,15,11,1,5,7,25,50,0,0,1.29,1.23,0.5,1.5,1.4,2.0,75,50,1.28,1.63,2.91,27,True,True,True,False,False,False,False,2.40,1.60,1.87,1.93,2.50,1.59,1.18,2.57,2.62,3.81,1.51,2.67,,,1.48,2.50
Germany_Bundesliga_2_2025-2026,2025/2026,6,Dynamo Dresden,Hannover 96,2025-09-21 11:30:00,2,2,4,5,8,13,3,1,1,0,4,5,4,12,8,17,15,12,31,69,,,5,1,2.8,3.5,2.3,1.19,1.7,2.62,1.6,2.3,1.33,1.43,3.45,2.34,1.35,2.35,3.39,1.5,4,2,2,0,0,0,4,-1,0,50,0,31733,2,1,4,2,1,6,6,7,1,1,3,0,2,3,1,35,68,69,106,1.04,1.91,2.95,0,1,0,1,0,0,1,1,0,0,1,1,0,0,1,21,17,1,12,14,1,10,4,50,75,25,50,1.15,1.86,0.0,3.0,0.8,2.4,50,25,1.4,1.29,2.69,27,True,True,True,True,False,False,True,2.43,1.58,1.55,2.34,2.47,1.59,1.18,2.82,2.44,3.71,1.51,2.66,1.35,3.39,,
Germany_Bundesliga_2_2025-2026,2025/2026,7,Darmstadt 98,Dynamo Dresden,2025-09-26 16:30:00,2,0,2,6,4,10,3,1,0,0,4,0,7,12,11,12,15,13,40,60,Merck-Stadion am Böllenfalltor,"Nieder-Ramstädter Straße 170, Darmstadt",3,1,1.94,3.94,3.33,1.1,1.51,2.3,1.48,2.48,1.4,1.72,2.64,2.0,1.21,2.15,3.58,1.62,2,1,0,1,0,1,1,48,0,84,0,17810,2,1,2,3,4,1,5,5,0,0,3,1,0,4,1,66,71,70,115,1.45,1.28,2.72,0,0,0,0,0,0,1,1,0,0,0,1,0,0,1,19,17,1,13,15,1,10,10,84,84,50,84,2.43,1.0,2.33,1.33,2.17,0.83,17,17,1.66,1.89,3.55,27,True,True,False,False,False,False,False,2.33,1.63,1.74,2.07,,,,1.72,4.48,4.32,1.55,2.54,,,1.46,2.59
Germany_Bundesliga_2_2025-2026,2025/2026,7,Schalke 04,Greuther Fürth,2025-09-26 16:30:00,1,0,1,10,6,16,2,2,0,0,7,2,18,5,25,7,8,15,59,41,VELTINS-Arena,"Arenaring 1, Gelsenkirchen",2,2,1.94,3.97,3.32,1.22,1.65,2.35,1.66,2.29,1.36,1.66,2.7,2.04,1.3,2.57,3.25,1.44,1,0,0,1,0,1,0,35,0,84,0,60625,2,1,7,2,3,4,9,7,0,1,2,1,1,3,1,82,26,142,59,2.66,0.77,3.43,0,0,0,0,0,0,1,1,0,0,0,1,0,0,1,23,22,1,15,8,1,2,12,84,84,50,84,2.31,0.93,2.0,2.0,2.0,1.5,17,17,1.63,1.64,3.27,27,True,False,False,False,False,False,False,,,1.76,2.04,2.80,1.75,1.23,1.83,4.38,3.87,1.67,2.27,,,,
Germany_Bundesliga_2_2025-2026,2025/2026,7,Karlsruher SC,Magdeburg,2025-09-27 11:00:00,1,0,1,8,5,13,2,6,0,0,6,6,10,15,16,21,10,13,49,51,Wildparkstadion,"Adenauerring 17, Karlsruhe",2,6,2.1,3.75,2.77,1.11,1.57,2.3,1.45,2.7,1.37,1.78,2.83,2.2,1.25,2.36,3.42,1.57,1,0,0,1,0,1,0,547,0,67,0,28337,2,1,3,3,5,2,6,7,0,0,2,6,0,8,1,60,36,97,90,1.86,2.0,3.86,0,0,0,0,0,0,1,1,0,0,1,1,0,0,1,17,16,1,13,10,1,12,8,67,100,67,84,1.85,1.36,3.0,1.0,1.83,0.5,33,0,1.39,1.43,2.82,27,True,False,False,False,False,False,False,2.28,1.66,1.64,2.23,2.28,1.52,1.16,2.33,2.86,3.92,1.46,2.83,,,,
Germany_Bundesliga_2_2025-2026,2025/2026,7,Paderborn,Kaiserslautern,2025-09-27 11:00:00,2,0,2,8,2,10,2,0,0,1,11,3,14,6,25,9,9,9,69,31,Benteler-Arena,"Paderborner Straße 89, Paderborn",2,2,1.93,3.65,3.4,1.19,1.74,2.8,1.63,2.32,1.37,1.61,2.87,2.23,1.3,2.51,3.08,1.44,2,0,0,2,0,2,0,53,0,50,0,14520,2,1,3,1,5,1,4,6,2,1,0,0,3,0,1,52,13,143,79,2.73,0.88,3.61,0,0,0,0,0,0,1,1,0,0,1,0,0,0,1,16,28,1,8,9,1,8,13,67,67,17,67,2.07,0.92,2.0,1.0,1.83,2.0,33,33,1.62,1.29,2.91,27,True,True,False,False,False,False,False,2.59,1.52,1.61,2.24,2.76,1.72,1.22,2.07,3.49,3.79,1.63,2.35,1.35,3.37,,
Germany_Bundesliga_2_2025-2026,2025/2026,7,Elversberg,Holstein Kiel,2025-09-27 11:00:00,1,0,1,9,4,13,4,2,0,0,4,3,14,9,18,12,11,14,60,40,URSAPHARM-Arena an der Kaiserlinde,"Lindenstraße, Spiesen-Elversberg",4,2,2.17,3.5,3.2,1.22,1.65,2.64,1.56,2.38,1.32,1.58,2.95,2.24,1.29,2.6,3.4,1.5,1,0,0,1,0,1,0,6326,0,50,0,8341,2,1,5,2,4,2,7,6,0,0,4,2,0,6,1,68,31,107,69,1.9,1.19,3.1,1,0,1,0,0,0,1,1,0,0,0,0,0,0,1,19,21,1,13,11,1,9,12,50,67,17,84,2.15,0.93,2.33,2.0,2.17,1.5,50,33,1.74,1.19,2.93,27,True,False,False,False,False,False,False,2.54,1.54,1.76,2.04,2.58,1.67,1.21,2.01,3.60,3.87,1.60,2.42,1.36,3.30,1.44,2.61
Germany_Bundesliga_2_2025-2026,2025/2026,7,Bochum,Fortuna Düsseldorf,2025-09-27 18:30:00,0,1,1,4,3,7,5,3,0,0,4,3,19,4,23,7,15,14,65,35,Vonovia Ruhrstadion,"Castropher Straße 145, Bochum",5,3,2.02,3.68,3.29,1.21,1.65,2.43,1.53,2.38,1.37,1.79,2.97,2.24,1.28,2.23,3.2,1.51,1,0,1,0,0,0,1,545,0,75,0,26000,2,1,1,1,3,2,2,5,0,0,5,3,0,8,1,88,29,146,71,2.37,0.87,3.23,0,0,0,0,0,0,1,1,0,1,0,0,0,0,1,18,29,1,14,15,1,9,17,75,100,59,75,1.57,1.0,1.5,2.0,0.5,1.17,25,0,1.89,1.28,3.17,27,True,False,False,False,False,False,False,2.57,1.53,1.63,2.24,2.76,1.71,1.22,2.29,3.07,3.70,1.58,2.45,,,,
Germany_Bundesliga_2_2025-2026,2025/2026,7,Nürnberg,Hertha BSC,2025-09-28 11:30:00,0,3,3,6,1,7,2,3,0,0,4,4,8,10,12,14,12,22,63,37,Max-Morlock-Stadion,"Max-Morlock-Platz 1, Nürnberg",2,3,2.2,3.3,2.9,1.17,1.68,2.73,1.54,2.29,1.32,1.56,3.0,2.33,1.3,2.45,3.3,1.53,3,0,2,0,1,1,2,47,0,33,0,38923,2,1,4,0,2,1,4,3,0,1,2,2,1,4,1,50,27,114,70,1.41,1.36,2.77,0,0,0,0,0,0,1,1,0,1,0,0,0,0,1,20,30,1,22,12,1,7,4,50,50,17,17,1.79,1.85,1.33,1.33,0.67,0.83,50,50,1.63,1.19,2.82,27,True,True,True,False,False,False,False,2.48,1.56,1.53,2.41,2.50,1.61,1.18,2.23,3.15,3.75,1.51,2.65,,,,
Germany_Bundesliga_2_2025-2026,2025/2026,7,Preußen Münster,Eintracht Braunschweig,2025-09-28 11:30:00,3,1,4,3,9,12,3,4,0,0,4,5,7,8,11,13,16,15,51,49,Preußen-Stadion,"Am Berg Fidel 7, Münster",3,4,2.02,3.5,3.2,1.25,1.8,2.97,1.65,2.13,1.56,1.75,2.31,1.95,1.38,2.38,2.93,1.43,4,1,0,2,1,3,1,556,0,67,0,10497,2,1,2,1,1,8,3,9,1,1,2,3,2,5,1,19,44,62,128,1.11,1.5,2.62,0,0,0,0,0,0,1,1,0,0,0,0,0,0,1,24,19,1,15,16,1,6,7,50,84,17,84,1.07,0.85,1.33,1.0,1.17,1.17,50,17,1.42,1.17,2.59,27,True,True,True,True,False,False,True,2.91,1.43,1.99,1.82,3.17,1.93,1.28,2.19,3.51,3.42,1.72,2.18,1.39,3.09,1.56,2.36
Germany_Bundesliga_2_2025-2026,2025/2026,7,Hannover 96,Arminia Bielefeld,2025-09-28 11:30:00,3,1,4,4,2,6,2,1,0,0,4,1,9,10,13,11,16,11,56,44,HDI-Arena,"Robert-Enke-Str. 3, Hannover",2,1,1.9,3.5,3.75,1.16,1.6,2.47,1.52,2.4,1.39,1.82,2.75,2.15,1.28,2.47,3.34,1.53,4,0,1,3,0,3,1,52,0,42,0,49000,2,1,2,0,2,2,2,4,0,1,2,0,1,2,1,54,54,101,88,1.49,1.16,2.65,1,0,1,0,0,0,1,1,0,0,0,0,0,0,1,26,27,1,9,16,1,9,6,34,84,42,42,1.77,0.71,2.0,2.0,2.17,1.67,67,17,2.11,1.52,3.63,27,True,True,True,True,False,False,True,,,1.67,2.15,,,,1.87,4.08,3.93,1.61,2.39,,,,
Germany_Bundesliga_2_2025-2026,2025/2026,8,Fortuna Düsseldorf,Nürnberg,2025-10-03 16:30:00,2,3,5,1,2,3,3,2,0,0,7,7,5,11,12,18,14,11,55,45,Merkur Spiel-Arena,"Arena-Str. 1, Düsseldorf",3,2,2.45,3.7,2.6,1.22,1.66,2.55,1.6,2.3,1.31,1.82,2.95,2.2,1.3,2.25,3.25,1.5,5,0,1,2,2,4,1,127,0,34,0,38204,2,1,0,1,1,1,1,2,1,1,2,1,2,3,1,56,40,100,72,1.66,1.91,3.56,0,1,0,1,0,0,1,1,0,0,0,0,0,1,1,15,12,1,11,13,1,7,6,50,67,34,34,1.29,0.85,0.33,0.0,1.43,0.57,50,33,1.26,1.76,3.02,27,True,True,True,True,True,False,True,2.70,1.49,,,2.81,1.75,1.23,2.48,2.79,3.68,1.62,2.36,1.35,3.32,,
Germany_Bundesliga_2_2025-2026,2025/2026,8,Eintracht Braunschweig,Paderborn,2025-10-03 16:30:00,1,2,3,4,4,8,3,2,0,0,3,3,5,12,8,15,16,14,48,52,,,3,2,3.8,3.75,1.8,1.22,1.75,2.76,1.67,2.15,1.41,1.7,2.63,2.06,1.3,2.45,3.25,1.43,3,0,1,1,1,2,1,53,0,67,0,21349,2,1,2,3,2,1,5,3,1,0,2,2,1,4,1,22,46,103,106,0.89,1.49,2.38,0,0,0,0,0,0,1,1,0,1,1,0,0,0,1,19,35,1,14,16,1,6,4,34,84,34,67,1.29,1.69,1.33,1.67,1.0,2.0,67,17,1.01,1.73,2.74,27,True,True,True,False,False,False,True,2.56,1.53,1.83,1.99,2.63,1.68,1.21,3.82,1.98,3.75,1.60,2.42,1.35,3.31,1.46,2.60
Germany_Bundesliga_2_2025-2026,2025/2026,8,Hertha BSC,Preußen Münster,2025-10-04 11:00:00,2,1,3,5,4,9,4,3,0,0,7,6,10,11,17,17,12,9,34,66,Olympiastadion Berlin,"Olympischer Platz 3, Berlin",4,3,2.02,3.65,3.55,1.19,1.73,2.68,1.6,2.19,1.32,1.85,2.75,2.14,1.3,2.5,3.2,1.44,3,1,0,1,1,2,1,47,0,50,0,43827,2,1,4,2,1,2,6,3,0,1,4,2,1,6,1,38,26,78,106,1.83,1.69,3.52,0,0,0,0,0,0,1,1,0,0,0,0,0,1,1,20,25,1,9,12,1,9,11,50,84,50,84,1.43,0.85,0.33,1.0,1.14,1.43,50,17,1.11,1.07,2.18,27,True,True,True,False,False,False,True,2.70,1.50,1.76,2.04,2.91,1.77,1.24,1.92,3.98,3.81,1.69,2.23,1.35,3.36,,
Germany_Bundesliga_2_2025-2026,2025/2026,8,Holstein Kiel,Darmstadt 98,2025-10-04 11:00:00,1,1,2,5,0,5,1,1,0,0,7,1,16,7,23,8,9,13,61,39,Holstein-Stadion,"Westring 501, Kiel",1,1,2.38,3.52,2.84,1.18,1.68,2.57,1.56,2.51,1.4,1.61,2.72,2.12,1.29,2.5,3.25,1.5,2,0,0,1,1,2,0,-1,0,33,0,13047,2,1,3,0,2,0,3,2,1,0,0,1,1,1,1,57,29,127,85,2.35,0.79,3.15,0,0,0,0,0,0,1,1,0,0,1,0,0,0,1,21,18,1,13,9,1,7,15,67,84,34,50,1.15,1.23,1.0,2.0,1.29,2.29,33,17,1.3,1.8,3.1,27,True,True,False,False,False,False,True,2.58,1.53,1.69,2.14,2.71,1.70,1.21,2.39,3.00,3.55,1.56,2.52,1.36,3.33,,
Germany_Bundesliga_2_2025-2026,2025/2026,8,Kaiserslautern,Bochum,2025-10-04 11:00:00,3,2,5,11,2,13,2,5,0,0,10,2,12,8,22,10,9,13,44,56,Fritz-Walter-Stadion,"Fritz-Walter-Straße 1, Kaiserslautern",2,5,2.05,3.75,3.1,1.19,1.62,2.45,1.55,2.52,1.27,1.58,3.35,2.55,1.27,2.3,3.28,1.5,5,1,1,2,1,3,2,542,0,71,0,48150,2,1,2,1,9,1,3,10,1,3,1,2,4,3,1,38,48,82,117,2.35,1.13,3.49,0,0,0,0,0,0,1,1,1,0,1,0,0,0,1,21,40,1,13,9,1,10,14,71,71,29,29,2.0,0.85,3.0,0.0,1.71,0.43,29,29,1.59,1.31,2.9,27,True,True,True,True,True,False,True,,,1.58,2.31,2.63,1.65,1.20,2.05,3.52,3.83,1.57,2.48,,,,
Germany_Bundesliga_2_2025-2026,2025/2026,8,Dynamo Dresden,Karlsruher SC,2025-10-04 18:30:00,3,3,6,3,7,10,1,1,0,0,4,6,9,16,13,22,10,12,55,45,,,1,1,2.0,3.55,3.0,1.15,1.6,2.55,1.53,2.45,1.38,1.69,2.7,2.11,1.28,2.3,3.4,1.53,6,1,2,2,1,3,3,-1,0,34,0,31611,2,1,1,5,2,2,6,4,0,0,1,1,0,2,1,42,42,86,87,1.41,2.1,3.51,0,0,0,0,0,0,1,1,1,0,0,1,0,0,1,28,16,1,12,10,1,7,8,50,50,50,50,1.15,0.93,0.33,0.67,0.71,2.0,50,50,1.28,1.44,2.72,27,True,True,True,True,True,True,True,2.55,1.55,1.69,2.14,2.73,1.71,1.22,2.26,3.19,3.60,1.58,2.47,,,,
Germany_Bundesliga_2_2025-2026,2025/2026,8,Greuther Fürth,Hannover 96,2025-10-05 11:30:00,2,2,4,3,6,9,2,1,0,0,5,6,7,4,12,10,9,14,42,58,Sportpark Ronhof Thomas Sommer,"Laubenweg 60, Fürth",2,1,3.45,3.75,2.02,1.15,1.56,2.42,1.5,2.38,1.38,1.79,2.82,2.19,1.25,2.36,3.42,1.58,4,1,1,1,1,2,2,-1,0,50,0,11990,2,1,0,2,3,4,2,7,1,1,1,0,2,1,1,29,48,83,106,1.32,1.41,2.73,0,0,0,0,0,0,1,1,0,1,0,1,0,0,1,24,28,1,14,9,1,5,7,67,100,33,84,1.23,1.86,1.0,2.33,1.29,2.29,33,0,1.13,1.5,2.63,27,True,True,True,True,False,False,True,,,1.64,2.23,2.39,1.56,1.17,4.47,1.75,4.19,1.56,2.51,,,,
Germany_Bundesliga_2_2025-2026,2025/2026,8,Arminia Bielefeld,Schalke 04,2025-10-05 11:30:00,1,2,3,6,2,8,3,2,0,0,4,4,7,7,11,11,16,13,70,30,SchücoArena,"Melanchthonstraße 31a, Bielefeld",3,2,2.4,3.48,2.6,1.21,1.79,2.88,1.62,2.18,1.45,2.01,2.48,1.96,1.3,2.62,3.0,1.44,3,0,2,1,0,1,2,35,0,38,0,26400,2,1,0,1,6,1,1,7,3,0,0,2,3,2,1,63,30,100,88,1.43,1.2,2.63,0,0,0,0,0,0,1,1,0,0,0,0,0,0,1,46,19,1,13,16,1,10,5,38,67,13,54,1.38,1.57,1.5,2.0,1.43,2.14,63,34,1.55,1.34,2.89,27,True,True,True,False,False,False,True,2.85,1.45,1.84,1.97,3.14,1.88,1.28,2.77,2.52,3.64,1.72,2.18,1.38,3.16,1.48,2.52
Germany_Bundesliga_2_2025-2026,2025/2026,8,Magdeburg,Elversberg,2025-10-05 11:30:00,0,4,4,7,13,20,1,2,0,0,5,8,10,11,15,19,12,6,56,44,MDCC-Arena,"Friedrich-Ebert-Straße 69, Magdeburg",1,2,2.4,3.5,2.32,1.11,1.42,2.06,1.41,2.62,1.43,1.71,2.63,2.07,1.24,2.18,3.75,1.62,4,0,2,0,2,2,2,6326,0,33,0,21884,2,1,3,10,4,3,13,7,0,1,1,1,1,2,1,66,44,118,82,1.78,2.07,3.85,0,0,0,0,0,0,1,1,0,0,0,3,0,1,1,18,20,1,6,12,1,8,11,33,84,33,67,0.62,1.64,0.0,2.0,0.43,2.29,67,17,1.66,1.49,3.15,27,True,True,True,True,False,False,False,2.21,1.69,1.72,2.09,2.21,1.50,1.15,2.58,2.61,3.83,1.43,2.97,,,,
Germany_Bundesliga_2_2025-2026,2025/2026,9,Hannover 96,Schalke 04,2025-10-17 16:30:00,0,3,3,9,7,16,0,2,0,0,3,5,10,11,13,16,7,19,68,32,HDI-Arena,"Robert-Enke-Str. 3, Hannover",0,2,1.92,3.69,3.59,1.27,1.72,3.2,1.68,2.06,1.4,1.84,2.72,1.98,1.36,2.65,3.14,1.41,3,0,2,0,1,1,2,35,0,38,0,49000,2,1,4,3,5,4,7,9,0,1,0,1,1,1,1,62,41,119,71,1.49,1.65,3.14,0,0,0,0,0,0,1,1,0,1,0,0,0,0,1,29,19,1,20,7,1,11,7,50,63,25,50,1.77,1.57,2.25,2.25,2.13,2.25,50,38,1.96,1.31,3.27,27,True,True,True,False,False,False,False,2.87,1.44,,,3.12,1.91,1.27,2.03,3.89,3.53,1.72,2.19,1.38,3.13,,
Germany_Bundesliga_2_2025-2026,2025/2026,9,Fortuna Düsseldorf,Eintracht Braunschweig,2025-10-17 16:30:00,1,2,3,9,2,11,1,2,0,0,5,5,8,8,13,13,12,10,66,34,Merkur Spiel-Arena,"Arena-Str. 1, Düsseldorf",1,2,1.83,3.74,3.9,1.19,1.7,2.72,1.6,2.19,1.45,1.96,2.55,2.0,1.32,2.51,3.1,1.5,3,0,2,1,0,1,2,128,0,38,0,31188,2,1,6,1,3,1,7,4,1,0,0,2,1,2,1,57,40,107,84,1.59,1.46,3.05,0,0,0,0,0,0,1,1,0,0,1,1,0,0,1,22,24,1,10,12,1,5,8,50,75,0,50,1.29,0.85,0.25,0.75,1.25,0.88,50,25,1.36,1.25,2.61,27,True,True,True,False,False,False,True,2.56,1.53,1.81,2.01,2.66,1.69,1.22,1.83,4.40,3.82,1.64,2.32,,,1.46,2.60
Germany_Bundesliga_2_2025-2026,2025/2026,9,Paderborn,Arminia Bielefeld,2025-10-18 11:00:00,4,3,7,8,5,13,5,3,0,0,9,4,11,13,20,17,18,14,50,50,Benteler-Arena,"Paderborner Straße 89, Paderborn",5,3,1.75,3.75,4.35,1.16,1.62,2.38,1.55,2.25,1.39,1.81,2.77,2.16,1.28,2.3,3.5,1.55,7,1,2,3,1,4,3,53,0,59,0,15000,2,1,3,4,5,1,7,6,3,1,2,2,4,4,1,32,61,78,101,2.12,1.79,3.91,1,2,1,2,0,0,1,1,0,0,2,1,0,0,1,21,14,1,14,18,1,12,8,42,88,29,59,2.07,0.71,2.25,1.33,2.13,1.25,59,13,1.89,1.4,3.29,27,True,True,True,True,True,True,True,,,1.64,2.21,2.61,1.65,1.20,1.71,5.26,3.83,1.63,2.36,,,,
Germany_Bundesliga_2_2025-2026,2025/2026,9,Preußen Münster,Dynamo Dresden,2025-10-18 11:00:00,2,2,4,4,3,7,2,3,0,1,3,6,11,8,14,14,23,13,63,37,Preußen-Stadion,"Am Berg Fidel 7, Münster",2,5,2.3,3.7,2.62,1.22,1.69,2.57,1.58,2.18,1.36,1.58,2.85,2.18,1.33,2.4,3.33,1.5,4,0,1,2,1,3,1,-1,0,88,0,10337,2,1,3,2,1,1,5,2,1,2,1,2,3,3,1,62,33,108,101,1.54,1.55,3.09,0,0,0,0,0,0,1,1,0,0,0,0,0,1,1,28,20,1,13,23,1,2,12,75,100,38,100,1.07,1.0,1.75,1.0,1.25,0.75,25,0,1.34,1.74,3.08,27,True,True,True,True,False,False,True,2.50,1.56,,,2.64,1.66,1.20,2.39,2.84,3.81,1.56,2.53,1.33,3.33,,
Germany_Bundesliga_2_2025-2026,2025/2026,9,Karlsruher SC,Kaiserslautern,2025-10-18 11:00:00,2,3,5,7,1,8,6,4,0,0,10,4,8,8,18,12,17,13,63,37,Wildparkstadion,"Adenauerring 17, Karlsruhe",6,4,2.4,3.7,2.73,1.17,1.6,2.39,1.48,2.47,1.31,1.61,2.87,2.18,1.25,2.34,3.2,1.56,5,0,1,2,2,4,1,542,0,38,0,33180,2,1,4,0,3,1,4,4,3,2,3,2,5,5,1,66,38,101,65,2.31,1.31,3.62,0,0,0,0,0,0,1,1,0,0,1,0,0,0,1,16,15,1,13,17,1,5,6,50,75,25,63,1.85,0.92,3.0,0.75,1.88,1.88,50,25,1.51,1.19,2.7,27,True,True,True,True,True,False,True,,,1.59,2.27,2.44,1.59,1.17,2.58,2.67,3.69,1.49,2.74,,,,
Germany_Bundesliga_2_2025-2026,2025/2026,9,Bochum,Hertha BSC,2025-10-18 18:30:00,3,2,5,1,6,7,3,3,0,0,3,6,7,7,10,13,22,9,37,63,Vonovia Ruhrstadion,"Castropher Straße 145, Bochum",3,3,2.5,3.55,2.5,1.2,1.6,2.54,1.49,2.5,1.33,1.55,3.0,2.25,1.26,2.25,3.5,1.57,5,2,0,1,2,3,2,540,0,29,0,25800,2,1,0,4,1,2,4,3,0,0,3,3,0,6,1,50,77,102,145,1.21,1.81,3.02,0,1,0,1,0,0,1,1,0,0,0,0,0,0,1,24,25,1,9,21,1,11,8,54,71,42,59,1.57,1.85,1.0,1.75,0.38,1.38,46,29,2.05,1.24,3.29,27,True,True,True,True,True,False,True,,,,,2.41,1.56,1.18,2.64,2.62,3.65,1.43,2.94,,,,
Germany_Bundesliga_2_2025-2026,2025/2026,9,Darmstadt 98,Magdeburg,2025-10-19 11:30:00,0,0,0,1,5,6,1,1,1,0,6,2,5,11,11,13,15,16,37,63,Merck-Stadion am Böllenfalltor,"Nieder-Ramstädter Straße 170, Darmstadt",2,1,1.75,3.8,3.7,1.12,1.46,2.24,1.53,2.5,1.38,1.84,2.75,2.05,1.21,2.04,3.75,1.68,0,0,0,0,0,0,0,-1,0,50,0,17612,2,1,0,2,1,3,2,4,1,1,1,0,2,1,1,52,63,80,91,1.49,1.41,2.9,0,0,0,0,0,0,1,1,0,0,0,0,0,0,1,17,19,1,16,15,1,9,6,50,75,38,63,2.43,1.36,2.5,0.75,2.13,0.38,50,25,1.6,1.57,3.17,27,False,False,False,False,False,False,False,2.33,1.63,1.66,2.18,,,,1.83,4.38,3.88,1.55,2.55,,,,
Germany_Bundesliga_2_2025-2026,2025/2026,9,Nürnberg,Holstein Kiel,2025-10-19 11:30:00,1,1,2,3,7,10,4,1,0,0,6,4,10,8,16,12,8,16,40,60,Max-Morlock-Stadion,"Max-Morlock-Platz 1, Nürnberg",4,1,2.63,3.4,2.65,1.23,1.76,2.61,1.57,2.2,1.27,1.46,3.35,2.5,1.35,2.48,3.37,1.47,2,1,0,0,1,1,1,-1,0,25,0,31079,2,1,0,2,3,5,2,8,0,0,4,1,0,5,1,42,63,103,121,1.74,1.5,3.24,0,0,0,0,0,0,1,1,0,0,0,0,0,0,1,21,27,1,16,8,1,9,5,38,50,13,50,1.79,0.93,1.0,1.5,0.88,1.25,63,50,1.57,1.19,2.76,27,True,True,False,False,False,False,True,2.63,1.51,1.58,2.28,2.79,1.72,1.22,2.57,2.76,3.54,1.57,2.48,1.35,3.37,,
Germany_Bundesliga_2_2025-2026,2025/2026,9,Elversberg,Greuther Fürth,2025-10-19 11:30:00,6,0,6,6,3,9,1,3,0,0,8,5,10,5,18,10,10,11,45,55,URSAPHARM-Arena an der Kaiserlinde,"Lindenstraße, Spiesen-Elversberg",1,3,1.55,4.0,4.4,1.11,1.44,2.23,1.51,2.39,1.36,1.58,2.85,2.25,1.22,2.15,3.55,1.68,6,1,0,5,0,5,1,6326,0,63,0,8481,2,1,2,0,4,3,2,7,1,2,0,1,3,1,1,48,36,68,65,2.03,1.24,3.27,0,0,0,0,0,0,1,1,0,0,0,0,0,0,1,24,29,1,11,10,1,4,10,63,63,38,63,2.15,0.93,2.5,1.5,2.38,1.25,38,38,1.78,1.42,3.2,27,True,True,True,True,True,True,False,2.19,1.71,1.57,2.32,,,,1.51,6.29,4.68,1.60,2.42,,,,
Germany_Bundesliga_2_2025-2026,2025/2026,10,Schalke 04,Darmstadt 98,2025-10-24 16:30:00,1,0,1,6,4,10,5,1,0,0,2,1,8,6,10,7,15,13,38,62,VELTINS-Arena,"Arenaring 1, Gelsenkirchen",5,1,2.31,3.5,2.84,1.25,1.68,3.0,1.63,2.26,1.34,1.64,2.7,2.04,1.33,2.72,3.02,1.44,1,1,0,0,0,0,1,35,0,50,0,61198,2,1,2,4,4,0,6,4,2,1,3,0,3,3,1,53,35,108,81,1.16,0.77,1.94,0,0,0,0,0,0,1,1,1,0,0,0,0,0,1,16,28,1,13,15,1,3,11,50,63,13,25,2.31,1.23,2.25,1.75,2.33,2.0,50,38,1.89,1.55,3.44,27,True,False,False,False,False,False,False,2.75,1.47,1.64,2.22,3.01,1.82,1.25,1.92,4.04,3.73,1.70,2.22,1.36,3.28,,
Germany_Bundesliga_2_2025-2026,2025/2026,10,Greuther Fürth,Karlsruher SC,2025-10-24 16:30:00,1,4,5,9,5,14,0,3,0,0,5,8,11,6,16,14,7,18,54,46,Sportpark Ronhof Thomas Sommer,"Laubenweg 60, Fürth",0,3,2.42,3.58,2.65,1.18,1.54,2.3,1.48,2.5,1.3,1.7,2.97,2.2,1.25,2.25,3.75,1.62,5,0,2,1,2,3,2,547,0,38,0,12254,2,1,3,2,6,3,5,9,0,1,0,2,1,2,1,43,29,118,73,1.68,1.65,3.33,0,0,0,0,0,0,1,1,0,1,0,0,0,0,1,29,17,1,18,7,1,4,7,63,75,50,75,1.23,0.93,1.0,0.75,1.11,1.67,38,25,1.17,1.61,2.78,27,True,True,True,True,True,False,True,2.29,1.65,1.61,2.25,2.34,1.54,1.16,3.43,2.04,3.97,1.49,2.74,,,,
Germany_Bundesliga_2_2025-2026,2025/2026,10,Arminia Bielefeld,Elversberg,2025-10-25 11:00:00,2,0,2,3,6,9,2,2,0,0,2,2,8,14,10,16,13,12,31,69,SchücoArena,"Melanchthonstraße 31a, Bielefeld",2,2,2.7,3.5,2.26,1.17,1.5,2.32,1.43,2.62,1.3,1.54,2.75,2.24,1.25,2.15,3.5,1.69,2,2,0,0,0,0,2,543,0,53,0,24856,2,1,0,4,3,2,4,5,1,1,1,1,2,2,1,30,72,81,129,0.99,1.67,2.67,0,0,0,0,0,0,1,1,0,0,0,0,0,0,1,19,20,1,12,13,1,12,7,65,100,45,78,1.38,1.64,1.2,2.25,1.11,2.44,35,0,1.53,1.64,3.17,27,True,True,False,False,False,False,False,2.40,1.60,1.61,2.24,2.46,1.59,1.17,3.02,2.30,3.75,1.50,2.70,,,,
Germany_Bundesliga_2_2025-2026,2025/2026,10,Holstein Kiel,Bochum,2025-10-25 11:00:00,1,1,2,9,7,16,1,5,0,0,7,2,11,11,18,13,8,18,67,33,Holstein-Stadion,"Westring 501, Kiel",1,5,1.8,4.12,3.5,1.13,1.57,2.4,1.53,2.35,1.35,1.61,2.95,2.24,1.29,2.25,3.2,1.57,2,0,0,1,1,2,0,-1,0,65,0,15034,2,1,5,4,4,3,9,7,1,1,0,4,2,4,1,61,42,112,70,2.07,1.26,3.33,0,1,0,1,0,0,1,1,0,0,2,0,0,0,1,23,21,1,18,7,1,7,11,65,90,45,58,1.15,0.85,1.0,0.0,1.22,0.67,35,10,1.57,1.27,2.84,27,True,True,False,False,False,False,True,2.40,1.60,,,2.57,1.64,1.20,1.92,3.80,4.02,1.59,2.44,,,,
Germany_Bundesliga_2_2025-2026,2025/2026,10,Dynamo Dresden,Paderborn,2025-10-25 11:00:00,1,2,3,10,4,14,2,2,0,0,3,4,5,8,8,12,9,14,46,54,,,2,2,3.35,3.9,2.03,1.18,1.57,2.32,1.52,2.3,1.35,1.75,2.95,2.24,1.3,2.35,3.25,1.53,3,1,1,0,1,1,2,53,0,63,0,30990,2,1,4,1,6,3,5,9,0,0,2,2,0,4,1,52,41,83,102,1.09,1.34,2.44,1,1,1,1,0,0,1,1,0,0,0,0,0,0,1,27,23,1,13,8,1,5,7,50,75,38,75,1.15,1.69,0.5,2.0,0.78,2.22,50,25,1.31,1.67,2.98,27,True,True,True,False,False,False,True,2.44,1.58,1.61,2.23,2.54,1.62,1.19,3.65,1.98,3.92,1.56,2.53,,,,
Germany_Bundesliga_2_2025-2026,2025/2026,10,Hertha BSC,Fortuna Düsseldorf,2025-10-25 18:30:00,1,0,1,6,7,13,2,2,0,0,4,4,7,14,11,18,12,7,52,48,Olympiastadion Berlin,"Olympischer Platz 3, Berlin",2,2,1.95,3.73,3.47,1.2,1.6,2.25,1.6,2.33,1.48,1.63,2.45,1.91,1.3,2.3,3.3,1.55,1,0,0,1,0,1,0,47,0,50,0,43841,2,1,3,4,3,3,7,6,2,0,0,2,2,2,1,56,40,117,110,1.39,1.71,3.1,0,0,0,0,0,0,1,1,0,0,2,0,0,0,1,25,19,1,7,12,1,8,6,50,75,25,88,1.43,1.0,1.0,2.25,1.22,1.11,50,25,1.29,1.18,2.47,27,True,False,False,False,False,False,False,2.37,1.61,1.70,2.12,2.46,1.60,1.18,1.81,4.25,4.05,1.57,2.48,,,,
Germany_Bundesliga_2_2025-2026,2025/2026,10,Kaiserslautern,Nürnberg,2025-10-26 12:30:00,1,1,2,4,8,12,3,3,0,0,7,4,7,7,14,11,17,16,55,45,Fritz-Walter-Stadion,"Fritz-Walter-Straße 1, Kaiserslautern",3,3,2.4,3.52,2.7,1.15,1.61,2.42,1.48,2.4,1.35,1.67,2.79,2.1,1.29,2.38,3.22,1.55,2,1,0,0,1,1,1,-1,0,75,0,48000,2,1,3,6,1,2,9,3,1,1,2,2,2,4,1,67,29,94,81,1.86,1.19,3.04,0,1,0,1,0,0,1,1,0,0,0,0,0,0,1,18,22,1,16,15,1,6,6,75,75,50,63,2.0,0.85,3.0,0.75,2.0,0.89,25,25,1.78,1.79,3.57,27,True,True,False,False,False,False,True,2.41,1.59,,,2.50,1.60,1.18,2.41,2.86,3.73,1.50,2.68,,,,
Germany_Bundesliga_2_2025-2026,2025/2026,10,Eintracht Braunschweig,Hannover 96,2025-10-26 12:30:00,0,3,3,2,5,7,2,5,1,0,3,12,6,12,9,24,9,17,27,73,,,4,5,3.86,3.4,1.7,1.2,1.68,2.57,1.58,2.19,1.32,1.65,3.0,2.14,1.29,2.76,3.3,1.47,3,0,2,0,1,1,2,52,0,88,0,22098,2,1,0,4,2,1,4,3,2,3,1,2,5,3,1,16,56,75,129,0.9,2.76,3.66,0,0,0,0,0,0,1,1,0,0,0,0,0,0,1,16,15,1,17,9,1,13,5,75,100,50,75,1.29,1.86,1.0,2.0,1.11,1.89,25,0,0.98,1.48,2.46,27,True,True,True,False,False,False,False,2.85,1.45,1.67,2.17,3.23,1.93,1.28,3.90,2.03,3.52,1.74,2.15,1.38,3.16,,
Germany_Bundesliga_2_2025-2026,2025/2026,10,Magdeburg,Preußen Münster,2025-10-26 12:30:00,2,0,2,2,5,7,1,4,0,0,5,4,7,6,12,10,15,15,35,65,MDCC-Arena,"Friedrich-Ebert-Straße 69, Magdeburg",1,4,1.85,4.07,3.7,1.18,1.47,2.29,1.46,2.62,1.54,2.09,2.5,1.92,1.29,2.25,3.5,1.55,2,0,0,2,0,2,0,558,0,63,0,23002,2,1,1,2,1,3,3,4,0,1,1,3,1,4,1,25,44,80,112,1.29,1.24,2.53,1,0,1,0,0,0,1,1,0,0,0,0,0,0,1,20,15,1,14,15,1,6,7,75,88,63,88,0.62,0.85,0.0,0.75,0.44,1.22,25,13,1.69,1.22,2.91,27,True,True,False,False,False,False,False,2.39,1.60,1.88,1.92,2.44,1.59,1.18,1.95,3.91,3.75,1.53,2.59,,,1.49,2.50
Germany_Bundesliga_2_2025-2026,2025/2026,11,Preußen Münster,Holstein Kiel,2025-10-31 17:30:00,2,1,3,4,7,11,5,4,0,0,5,4,7,13,12,17,18,18,41,59,Preußen-Stadion,"Am Berg Fidel 7, Münster",5,4,2.72,3.32,2.49,1.17,1.79,2.64,1.61,2.28,1.42,2.04,2.44,1.93,1.33,2.69,3.1,1.46,3,0,1,2,0,2,1,556,0,70,0,10491,2,1,1,3,3,4,4,7,3,1,2,3,4,5,1,37,44,84,100,1.38,1.67,3.05,1,0,1,0,0,0,1,1,0,0,0,0,0,1,1,16,19,1,17,18,1,5,6,50,80,10,90,1.07,0.93,1.6,1.4,1.1,1.2,50,20,1.38,1.25,2.63,27,True,True,True,False,False,False,True,,,1.98,1.83,3.08,1.88,1.26,3.45,2.20,3.47,1.65,2.30,,,1.55,2.37
Germany_Bundesliga_2_2025-2026,2025/2026,11,Elversberg,Hannover 96,2025-10-31 17:30:00,2,2,4,5,4,9,3,2,0,0,7,2,6,8,13,10,13,15,46,54,URSAPHARM-Arena an der Kaiserlinde,"Lindenstraße, Spiesen-Elversberg",3,2,2.14,3.76,2.97,1.18,1.65,2.5,1.52,2.4,1.3,1.65,2.75,2.15,1.33,2.45,3.1,1.5,4,1,1,1,1,2,2,-1,0,50,0,9307,2,1,2,1,3,3,3,6,2,1,1,1,3,2,1,34,43,92,89,1.56,1.09,2.65,0,0,0,0,0,0,1,1,0,0,0,0,0,0,1,26,18,1,14,13,1,5,7,70,80,40,70,2.15,1.86,2.6,2.2,2.2,2.0,30,20,1.83,1.73,3.56,27,True,True,True,True,False,False,True,2.37,1.61,1.68,2.15,2.43,1.57,1.17,2.41,2.79,3.83,1.48,2.77,,,,
Germany_Bundesliga_2_2025-2026,2025/2026,11,Hertha BSC,Dynamo Dresden,2025-11-01 12:00:00,2,0,2,3,5,8,0,0,0,0,6,4,5,9,11,13,16,9,48,52,Olympiastadion Berlin,"Olympischer Platz 3, Berlin",0,0,1.8,3.45,3.25,1.16,1.5,2.2,1.5,2.69,1.39,1.64,2.7,2.08,1.29,2.32,3.28,1.64,2,2,0,0,0,0,2,47,0,50,0,70914,2,-1,1,1,2,4,2,6,0,0,0,0,0,0,1,44,42,117,107,1.45,1.41,2.86,1,0,1,0,0,0,1,1,0,0,0,0,-1,-1,1,19,19,1,8,16,1,10,6,50,80,20,80,1.43,1.0,1.4,1.0,1.4,0.7,50,20,1.31,1.7,3.01,27,True,True,False,False,False,False,False,2.31,1.64,1.65,2.20,2.33,1.55,1.17,1.73,4.80,4.02,1.55,2.56,,,,
Germany_Bundesliga_2_2025-2026,2025/2026,11,Karlsruher SC,Schalke 04,2025-11-01 12:00:00,2,1,3,2,7,9,4,5,0,0,3,4,5,7,8,11,13,15,65,35,Wildparkstadion,"Adenauerring 17, Karlsruhe",4,5,2.84,3.1,2.5,1.21,1.75,3.0,1.6,2.31,1.42,1.75,2.67,2.09,1.33,2.57,3.1,1.45,3,0,0,2,1,3,0,547,0,40,0,33180,2,1,1,4,1,3,5,4,1,3,3,2,4,5,1,28,33,75,82,0.92,1.22,2.14,0,1,0,1,0,0,1,1,0,0,0,1,0,1,1,29,20,1,15,12,1,7,4,50,70,40,70,1.85,1.57,2.4,2.4,1.8,2.4,50,30,1.67,1.38,3.05,27,True,True,True,False,False,False,True,2.72,1.48,,,2.81,1.75,1.23,3.10,2.39,3.43,1.58,2.46,1.36,3.28,,
Germany_Bundesliga_2_2025-2026,2025/2026,11,Nürnberg,Eintracht Braunschweig,2025-11-01 12:00:00,2,1,3,1,9,10,2,2,0,1,2,4,2,8,4,12,13,13,47,53,Max-Morlock-Stadion,"Max-Morlock-Platz 1, Nürnberg",2,3,1.67,3.95,5.11,1.22,1.69,2.71,1.67,2.1,1.39,1.65,2.78,2.2,1.31,2.55,3.1,1.48,3,2,1,0,0,0,3,127,0,50,0,33159,2,1,0,4,1,5,4,6,1,0,1,3,1,4,1,25,59,69,129,0.58,1.48,2.06,0,0,0,0,0,0,1,1,0,0,0,0,0,0,1,21,20,1,13,13,1,8,7,50,70,20,60,1.79,0.85,1.0,1.2,0.9,1.0,50,30,1.61,1.3,2.91,27,True,True,True,False,False,False,True,2.53,1.55,1.67,2.18,2.67,1.68,1.21,1.69,4.92,4.13,1.67,2.27,,,,
Germany_Bundesliga_2_2025-2026,2025/2026,11,Darmstadt 98,Arminia Bielefeld,2025-11-01 19:30:00,2,2,4,9,9,18,4,1,0,0,8,3,11,7,19,10,14,12,54,46,Merck-Stadion am Böllenfalltor,"Nieder-Ramstädter Straße 170, Darmstadt",4,1,1.95,4.0,3.25,1.14,1.6,2.28,1.55,2.38,1.48,1.94,2.6,2.07,1.3,2.3,3.2,1.63,4,2,1,0,1,1,3,-1,0,58,0,17810,2,1,5,3,4,6,8,10,0,0,4,1,0,5,1,49,45,92,97,2.11,1.17,3.28,0,0,0,0,0,0,1,1,1,0,3,0,0,0,1,20,20,1,12,14,1,8,7,45,80,35,68,2.43,0.71,2.2,1.0,1.8,1.3,55,20,1.58,1.5,3.08,27,True,True,True,True,False,False,True,2.50,1.56,,,2.66,1.68,1.21,2.09,3.47,3.75,1.59,2.45,,,,
Germany_Bundesliga_2_2025-2026,2025/2026,11,Bochum,Magdeburg,2025-11-02 12:30:00,2,0,2,8,7,15,2,4,0,0,9,6,15,10,24,16,10,5,36,64,Vonovia Ruhrstadion,"Castropher Straße 145, Bochum",2,4,2.35,3.6,2.7,1.18,1.48,2.36,1.5,2.6,1.27,1.49,3.05,2.33,1.25,2.3,3.4,1.66,2,1,0,1,0,1,1,540,0,45,0,26000,2,1,7,4,1,3,11,4,0,1,2,3,1,5,1,39,58,70,107,2.41,1.85,4.26,0,0,0,0,0,0,1,1,0,0,1,1,0,0,1,22,22,1,5,9,1,14,8,45,68,45,58,1.57,1.36,1.5,0.8,0.7,0.7,55,33,1.84,1.54,3.38,27,True,True,False,False,False,False,False,2.38,1.61,1.56,2.36,2.47,1.60,1.18,2.31,2.97,3.79,1.53,2.61,,,,
Germany_Bundesliga_2_2025-2026,2025/2026,11,Fortuna Düsseldorf,Kaiserslautern,2025-11-02 12:30:00,1,1,2,2,4,6,4,2,0,0,2,8,9,8,11,16,14,12,47,53,Merkur Spiel-Arena,"Arena-Str. 1, Düsseldorf",4,2,2.3,3.5,2.6,1.18,1.62,2.34,1.53,2.5,1.35,1.86,2.7,2.06,1.3,2.32,3.2,1.55,2,0,0,1,1,2,0,-1,0,40,0,38204,2,1,2,1,0,3,3,3,1,0,3,2,1,5,1,51,55,74,119,1.2,1.97,3.17,0,0,0,0,0,0,1,1,0,0,0,1,0,0,1,20,19,1,12,14,1,9,10,60,80,10,50,1.29,0.92,0.2,1.2,1.0,1.9,40,20,1.4,1.21,2.61,27,True,True,False,False,False,False,True,2.40,1.60,,,2.48,1.60,1.18,2.60,2.62,3.73,1.50,2.70,,,,
Germany_Bundesliga_2_2025-2026,2025/2026,11,Paderborn,Greuther Fürth,2025-11-02 12:30:00,2,1,3,5,5,10,1,3,0,0,6,7,8,13,14,20,15,18,54,46,Benteler-Arena,"Paderborner Straße 89, Paderborn",1,3,1.35,4.95,7.0,1.13,1.4,2.08,1.64,2.2,1.25,1.53,3.05,2.32,1.22,1.97,3.75,1.72,3,1,0,1,1,2,1,53,0,60,0,13919,2,1,3,2,2,3,5,5,0,2,1,1,2,2,1,54,32,91,98,1.69,1.98,3.68,0,0,0,0,0,0,1,1,0,0,0,0,0,0,1,18,27,1,18,15,1,8,6,70,80,40,70,2.07,0.93,2.4,1.2,2.3,1.0,30,20,1.94,1.39,3.33,27,True,True,True,False,False,False,True,,,1.53,2.42,,,,1.37,8.90,5.16,1.66,2.28,,,,
Germany_Bundesliga_2_2025-2026,2025/2026,12,Dynamo Dresden,Nürnberg,2025-11-07 17:30:00,1,2,3,5,5,10,3,3,0,0,1,4,8,5,9,9,12,18,51,49,,,3,3,2.53,3.7,2.6,1.22,1.75,2.78,1.57,2.25,1.42,1.54,3.02,2.29,1.3,2.45,3.22,1.51,3,1,1,0,1,1,2,127,0,80,0,31749,2,1,2,1,3,4,3,7,1,0,2,3,1,5,1,58,36,111,96,1.07,1.12,2.19,0,0,0,0,0,0,1,1,0,1,0,0,0,0,1,25,18,1,18,12,1,5,8,70,80,60,80,1.15,0.85,0.4,0.8,0.64,1.09,30,20,1.27,1.67,2.94,27,True,True,True,False,False,False,True,2.46,1.57,1.58,2.28,2.69,1.70,1.21,2.58,2.67,3.69,1.56,2.51,,,,
Germany_Bundesliga_2_2025-2026,2025/2026,12,Greuther Fürth,Preußen Münster,2025-11-07 17:30:00,1,0,1,4,7,11,2,4,0,0,2,3,5,10,7,13,9,12,44,56,Sportpark Ronhof Thomas Sommer,"Laubenweg 60, Fürth",2,4,2.5,3.65,2.66,1.15,1.67,2.62,1.55,2.36,1.44,1.8,2.5,1.84,1.3,2.45,3.3,1.51,1,0,0,1,0,1,0,544,0,70,0,10175,2,1,1,1,3,6,2,9,0,1,2,3,1,5,1,40,36,106,76,0.89,1.29,2.18,0,0,0,0,0,0,1,1,0,0,0,0,0,0,1,20,20,1,12,9,1,7,9,80,100,60,90,1.23,0.85,0.8,0.6,0.91,1.27,20,0,1.28,1.23,2.51,27,True,False,False,False,False,False,False,,,1.87,1.94,,,,2.65,2.59,3.70,1.57,2.49,,,1.49,2.52
Germany_Bundesliga_2_2025-2026,2025/2026,12,Hannover 96,Darmstadt 98,2025-11-08 12:00:00,2,3,5,5,5,10,2,1,0,0,10,8,10,8,20,16,16,12,49,51,HDI-Arena,"Robert-Enke-Str. 3, Hannover",2,1,2.02,3.17,3.85,1.18,1.59,2.35,1.57,2.3,1.39,1.9,2.63,2.06,1.32,2.46,3.1,1.58,5,2,1,0,2,2,3,48,0,40,0,40100,2,1,1,1,4,4,2,8,1,0,1,1,1,2,1,61,30,110,85,2.4,1.79,4.19,0,0,0,0,0,0,1,1,0,1,1,0,0,0,1,18,26,1,12,16,1,3,8,60,70,20,40,1.77,1.23,1.8,1.4,1.91,1.73,40,30,1.86,1.4,3.26,27,True,True,True,True,True,False,True,,,1.73,2.06,2.71,1.72,1.21,2.23,3.43,3.41,1.57,2.50,,,,
Germany_Bundesliga_2_2025-2026,2025/2026,12,Arminia Bielefeld,Karlsruher SC,2025-11-08 12:00:00,4,0,4,3,5,8,0,2,0,0,6,2,13,6,19,8,8,11,44,56,SchücoArena,"Melanchthonstraße 31a, Bielefeld",0,2,2.05,3.7,3.21,1.17,1.5,2.3,1.5,2.45,1.31,1.56,2.92,2.28,1.26,2.25,3.34,1.6,4,1,0,3,0,3,1,543,0,54,0,25000,2,1,2,3,1,2,5,3,0,1,0,1,1,1,1,42,22,95,100,1.92,0.82,2.74,1,0,1,0,0,0,1,1,0,0,0,1,0,0,1,22,13,1,10,8,1,8,9,64,80,55,72,1.38,0.93,1.5,1.2,1.27,1.91,37,20,1.44,1.62,3.06,27,True,True,True,True,False,False,False,2.35,1.62,1.59,2.28,2.43,1.58,1.18,2.03,3.55,3.84,1.51,2.67,,,,
Germany_Bundesliga_2_2025-2026,2025/2026,12,Schalke 04,Elversberg,2025-11-08 12:00:00,1,0,1,1,5,6,4,2,0,0,2,0,5,6,7,6,17,12,31,69,VELTINS-Arena,"Arenaring 1, Gelsenkirchen",4,2,2.38,2.99,3.16,1.3,1.79,3.0,1.65,2.15,1.45,1.96,2.56,1.93,1.33,3.02,3.1,1.42,1,1,0,0,0,0,1,35,0,30,0,61818,2,1,0,3,1,1,3,2,0,0,4,2,0,6,1,33,48,86,100,0.83,0.74,1.57,0,0,0,0,0,0,1,1,1,0,0,1,0,0,1,29,36,1,12,17,1,4,4,40,70,40,70,2.31,1.64,2.4,1.8,2.18,2.09,60,30,1.74,1.64,3.38,27,True,False,False,False,False,False,False,3.05,1.40,1.81,2.00,3.47,2.06,1.31,2.72,2.78,3.25,1.77,2.11,1.42,2.96,1.44,2.62
Germany_Bundesliga_2_2025-2026,2025/2026,12,Kaiserslautern,Hertha BSC,2025-11-08 19:30:00,0,1,1,7,4,11,2,3,0,0,9,3,7,6,16,9,9,13,62,38,Fritz-Walter-Stadion,"Fritz-Walter-Straße 1, Kaiserslautern",2,3,2.27,3.5,2.9,1.15,1.62,2.33,1.49,2.48,1.35,1.77,2.97,2.23,1.29,2.35,3.28,1.6,1,0,1,0,0,0,1,47,0,60,0,48855,-1,1,-1,-1,-1,-1,-1,-1,1,2,1,1,3,2,1,60,39,128,87,2.08,1.07,3.15,0,0,0,0,0,0,1,1,0,0,-1,-1,1,0,1,23,17,1,13,9,1,10,8,70,80,50,60,2.0,1.85,2.6,1.4,1.82,1.55,30,20,1.79,1.35,3.14,27,True,False,False,False,False,False,False,,,1.61,2.23,2.59,1.65,1.20,2.40,2.91,3.67,1.57,2.48,,,,
Germany_Bundesliga_2_2025-2026,2025/2026,12,Holstein Kiel,Fortuna Düsseldorf,2025-11-09 12:30:00,1,0,1,3,5,8,1,3,0,0,4,6,9,11,13,17,9,16,44,56,Holstein-Stadion,"Westring 501, Kiel",1,3,1.8,3.78,3.65,1.2,1.62,2.5,1.53,2.3,1.39,1.65,2.75,2.15,1.29,2.51,3.28,1.53,1,0,0,1,0,1,0,566,0,60,0,14051,2,1,2,2,1,3,4,4,0,2,1,1,2,2,1,37,71,79,127,1.37,2.01,3.38,0,0,0,0,0,0,1,1,0,0,0,0,0,0,1,20,24,1,16,9,1,9,6,50,80,40,70,1.15,1.0,1.0,1.8,1.09,1.0,50,20,1.67,1.29,2.96,27,True,False,False,False,False,False,False,,,1.66,2.19,,,,1.74,4.79,3.94,1.61,2.41,,,,
Germany_Bundesliga_2_2025-2026,2025/2026,12,Eintracht Braunschweig,Bochum,2025-11-09 12:30:00,0,2,2,10,9,19,3,3,0,0,6,4,17,9,23,13,10,10,61,39,,,3,3,2.97,3.45,2.27,1.18,1.71,2.57,1.56,2.25,1.34,1.6,2.97,2.25,1.32,2.47,3.1,1.48,2,0,1,0,1,1,1,540,0,82,0,21455,2,1,3,2,7,7,5,14,2,1,1,2,3,3,1,55,46,133,73,2.27,1.43,3.7,0,0,0,0,0,0,1,1,0,1,0,1,0,0,1,28,17,1,9,10,1,10,9,74,92,47,57,1.29,0.85,0.8,0.17,0.91,0.91,27,9,0.97,1.27,2.24,27,True,True,False,False,False,False,False,2.51,1.55,1.60,2.25,2.68,1.68,1.21,3.15,2.26,3.67,1.56,2.50,1.35,3.35,,
Germany_Bundesliga_2_2025-2026,2025/2026,12,Magdeburg,Paderborn,2025-11-09 12:30:00,0,1,1,3,5,8,4,4,0,0,3,6,14,6,17,12,10,14,57,43,MDCC-Arena,"Friedrich-Ebert-Straße 69, Magdeburg",4,4,3.35,3.7,2.08,1.18,1.49,2.31,1.5,2.45,1.39,1.81,2.77,2.24,1.26,2.38,3.34,1.65,1,0,1,0,0,0,1,53,0,40,0,21654,2,1,3,0,0,5,3,5,3,2,1,2,5,3,1,60,40,126,92,1.72,1.47,3.19,0,0,0,0,0,0,1,1,0,1,2,0,0,0,1,17,21,1,14,10,1,6,14,40,80,30,70,0.62,1.69,0.6,2.2,0.64,2.36,60,20,1.61,1.6,3.21,27,True,False,False,False,False,False,False,2.31,1.64,1.67,2.17,2.36,1.56,1.17,4.09,1.88,3.87,1.51,2.67,,,,
Germany_Bundesliga_2_2025-2026,2025/2026,13,Hertha BSC,Eintracht Braunschweig,2025-11-21 17:30:00,1,0,1,6,5,11,1,3,0,0,5,3,10,12,15,15,14,12,52,48,Olympiastadion Berlin,"Olympischer Platz 3, Berlin",1,3,1.53,3.8,5.0,1.2,1.73,2.64,1.75,2.0,1.44,1.99,2.63,1.99,1.33,2.55,3.0,1.52,1,0,0,1,0,1,0,47,0,42,0,42895,2,1,4,3,2,2,7,4,0,0,1,3,0,4,1,59,52,66,63,1.71,1.52,3.24,0,0,0,0,0,0,1,1,0,0,1,0,0,0,1,16,23,1,12,14,1,7,8,42,75,25,75,1.43,0.85,1.67,1.0,1.67,0.83,58,25,1.33,1.33,2.66,27,True,False,False,False,False,False,False,2.73,1.47,1.78,2.02,3.03,1.85,1.27,1.58,6.23,4.10,1.89,1.96,1.35,3.28,1.44,2.63
Germany_Bundesliga_2_2025-2026,2025/2026,13,Bochum,Dynamo Dresden,2025-11-21 17:30:00,1,2,3,13,8,21,0,3,0,0,4,4,19,6,23,10,1,10,57,43,Vonovia Ruhrstadion,"Castropher Straße 145, Bochum",0,3,1.96,3.88,3.55,1.14,1.65,2.63,1.53,2.3,1.3,1.65,2.97,2.2,1.29,2.2,3.4,1.53,3,0,2,1,0,1,2,539,0,54,0,25000,2,1,6,4,7,4,10,11,0,1,0,2,1,2,1,78,40,137,87,2.29,1.21,3.5,0,0,0,0,0,0,1,1,0,0,3,1,0,0,1,24,16,1,9,1,1,5,17,54,90,45,90,1.57,1.0,1.8,0.83,1.08,0.58,47,10,1.95,1.65,3.6,27,True,True,True,False,False,False,True,2.57,1.53,1.55,2.34,2.73,1.71,1.21,1.98,3.98,3.61,1.58,2.47,,,,
Germany_Bundesliga_2_2025-2026,2025/2026,13,Paderborn,Hannover 96,2025-11-22 12:00:00,0,2,2,11,4,15,0,1,0,0,4,9,12,6,16,15,13,5,55,45,Benteler-Arena,"Paderborner Straße 89, Paderborn",0,1,2.19,3.55,3.2,1.23,1.72,2.75,1.6,2.25,1.28,1.81,3.25,2.17,1.33,2.64,3.38,1.55,2,0,2,0,0,0,2,52,0,67,0,15000,2,1,3,3,8,1,6,9,0,0,0,1,0,1,1,57,47,62,71,1.69,1.91,3.6,0,0,0,0,0,0,1,1,0,0,1,0,0,0,1,28,21,1,5,13,1,4,9,75,92,50,75,2.07,1.86,2.5,2.0,2.42,1.75,25,9,1.9,1.62,3.52,27,True,True,False,False,False,False,False,2.50,1.56,1.65,2.20,2.64,1.67,1.20,2.23,3.24,3.62,1.54,2.58,1.34,3.38,,
Germany_Bundesliga_2_2025-2026,2025/2026,13,Fortuna Düsseldorf,Magdeburg,2025-11-22 12:00:00,2,1,3,3,11,14,4,1,0,0,6,9,5,17,11,26,17,10,36,64,Merkur Spiel-Arena,"Arena-Str. 1, Düsseldorf",4,1,2.25,3.65,2.9,1.12,1.5,2.3,1.48,2.76,1.39,1.76,2.55,2.04,1.26,2.2,3.34,1.61,3,1,0,1,1,2,1,545,0,42,0,40000,2,1,0,2,3,9,2,12,1,0,3,1,1,4,1,10,16,13,23,1.18,2.36,3.54,0,0,0,0,0,0,1,1,0,0,0,1,0,0,1,23,17,1,10,17,1,9,6,42,75,25,42,1.29,1.36,0.33,0.67,0.92,0.58,59,25,1.37,1.59,2.96,27,True,True,True,False,False,False,True,,,1.68,2.15,2.24,1.52,1.15,2.21,3.21,3.73,1.46,2.84,,,,
Germany_Bundesliga_2_2025-2026,2025/2026,13,Preußen Münster,Schalke 04,2025-11-22 12:00:00,0,0,0,4,6,10,1,5,1,0,3,6,2,8,5,14,8,20,55,45,Preußen-Stadion,"Am Berg Fidel 7, Münster",3,5,3.35,3.2,2.26,1.29,2.01,3.35,1.77,1.94,1.55,1.89,2.31,1.8,1.43,2.94,2.62,1.37,0,0,0,0,0,0,0,-1,0,67,0,10491,2,1,3,2,1,4,5,5,0,3,2,2,3,4,1,54,78,105,198,0.93,1.89,2.82,0,0,0,0,0,0,1,1,0,0,1,2,0,0,1,31,14,1,20,8,1,10,4,67,84,25,75,1.07,1.57,1.83,2.0,1.17,2.25,34,17,1.38,1.35,2.73,27,False,False,False,False,False,False,False,,,2.09,1.72,3.69,2.12,1.34,3.30,2.32,3.34,1.85,2.00,,,1.63,2.24
Germany_Bundesliga_2_2025-2026,2025/2026,13,Darmstadt 98,Greuther Fürth,2025-11-22 19:30:00,4,2,6,5,2,7,2,3,0,0,9,8,8,6,17,14,13,9,59,41,Merck-Stadion am Böllenfalltor,"Nieder-Ramstädter Straße 170, Darmstadt",2,3,1.52,4.5,5.2,1.12,1.53,2.25,1.64,2.32,1.48,2.01,2.52,1.97,1.25,2.2,3.9,1.6,6,1,1,3,1,4,2,48,0,59,0,17065,2,1,3,2,2,0,5,2,1,2,1,1,3,2,1,34,31,44,29,1.94,1.65,3.59,0,1,0,1,0,0,1,1,0,0,2,0,0,0,1,19,22,1,9,12,1,4,6,67,75,33,75,2.43,0.93,2.0,1.0,1.83,1.08,34,25,1.67,1.49,3.16,27,True,True,True,True,True,True,True,2.27,1.66,1.80,2.01,2.30,1.53,1.16,1.54,5.79,4.64,1.60,2.42,,,1.44,2.67
Germany_Bundesliga_2_2025-2026,2025/2026,13,Nürnberg,Arminia Bielefeld,2025-11-23 12:30:00,2,0,2,6,13,19,3,3,0,0,6,1,5,15,11,16,12,12,57,43,Max-Morlock-Stadion,"Max-Morlock-Platz 1, Nürnberg",3,3,2.03,3.45,2.9,1.19,1.65,2.48,1.53,2.37,1.31,1.82,2.77,2.16,1.3,2.39,3.22,1.51,2,0,0,2,0,2,0,127,0,65,0,33940,2,1,2,0,4,13,2,17,1,1,2,2,2,4,1,30,70,102,94,1.34,1.58,2.92,1,0,1,0,0,0,1,1,0,0,0,0,0,0,1,16,23,1,11,12,1,7,4,55,84,47,65,1.79,0.71,1.33,1.0,1.25,1.42,45,17,1.44,1.43,2.87,27,True,True,False,False,False,False,False,2.43,1.58,1.68,2.16,2.57,1.62,1.19,2.34,2.97,3.71,1.52,2.64,,,,
Germany_Bundesliga_2_2025-2026,2025/2026,13,Karlsruher SC,Elversberg,2025-11-23 12:30:00,2,3,5,4,9,13,3,1,0,0,4,8,7,18,11,26,15,13,53,47,Wildparkstadion,"Adenauerring 17, Karlsruhe",3,1,3.15,3.59,2.22,1.18,1.62,2.55,1.61,2.4,1.34,1.59,2.97,2.28,1.32,2.45,3.1,1.53,5,0,1,2,2,4,1,6326,0,42,0,31909,-1,1,-1,-1,-1,-1,-1,-1,2,0,1,1,2,2,1,28,46,69,110,1.18,2.53,3.71,0,0,0,0,0,0,1,1,0,0,-1,-1,0,0,1,16,25,1,13,15,1,12,5,50,83,42,75,1.85,1.64,2.5,1.5,1.75,1.92,50,17,1.54,1.49,3.03,27,True,True,True,True,True,False,True,2.68,1.49,1.74,2.07,2.90,1.79,1.24,3.44,2.17,3.54,1.64,2.33,1.35,3.33,,
Germany_Bundesliga_2_2025-2026,2025/2026,13,Kaiserslautern,Holstein Kiel,2025-11-23 12:30:00,4,1,5,10,3,13,2,4,0,1,10,2,18,6,28,8,14,16,63,37,Fritz-Walter-Stadion,"Fritz-Walter-Straße 1, Kaiserslautern",2,5,2.33,3.5,2.7,1.22,1.75,2.9,1.57,2.2,1.28,1.76,3.08,2.23,1.35,2.78,3.1,1.44,5,4,1,0,0,0,5,542,0,59,0,45517,2,1,6,3,4,0,9,4,2,2,0,3,4,3,1,73,17,134,74,2.99,0.78,3.76,0,1,0,1,0,0,1,1,1,0,1,0,0,0,1,24,19,1,16,13,1,9,11,42,67,17,75,2.0,0.93,2.17,1.17,1.67,1.25,59,33,1.84,1.32,3.16,27,True,True,True,True,True,False,True,2.56,1.53,1.58,2.31,,,,2.45,2.92,3.55,1.56,2.51,1.35,3.37,,
Germany_Bundesliga_2_2025-2026,2025/2026,14,Hannover 96,Karlsruher SC,2025-11-28 17:30:00,3,0,3,4,1,5,2,1,0,0,7,2,11,7,18,9,12,8,57,43,HDI-Arena,"Robert-Enke-Str. 3, Hannover",2,1,1.49,4.97,6.0,1.11,1.42,2.08,1.5,2.42,1.39,1.65,3.04,2.22,1.21,2.03,3.75,1.87,3,0,0,3,0,3,0,52,0,42,0,38200,2,1,1,1,3,0,2,3,0,0,2,1,0,3,1,45,27,111,63,1.95,0.91,2.86,0,0,0,0,0,0,1,1,0,0,0,0,0,0,1,9,17,1,8,12,1,6,9,75,75,50,67,1.77,0.93,1.5,1.0,1.85,1.62,25,25,1.95,1.48,3.43,27,True,True,True,False,False,False,False,2.03,1.85,1.60,2.28,2.05,1.41,1.12,1.44,6.69,5.14,1.56,2.51,,,,
Germany_Bundesliga_2_2025-2026,2025/2026,14,Schalke 04,Paderborn,2025-11-28 17:30:00,2,1,3,3,3,6,2,4,0,0,5,1,9,7,14,8,7,14,38,62,VELTINS-Arena,"Arenaring 1, Gelsenkirchen",2,4,2.55,3.2,2.75,1.28,2.0,3.24,1.74,2.0,1.52,1.9,2.55,1.97,1.37,2.75,2.8,1.4,3,1,1,1,0,1,2,35,0,42,0,62077,2,1,1,2,2,1,3,3,0,1,2,3,1,5,1,54,30,80,96,1.62,0.8,2.42,0,0,0,0,0,0,1,1,0,0,1,1,0,0,1,26,21,1,14,7,1,5,13,33,50,17,75,2.31,1.69,2.5,2.33,2.15,2.23,67,50,1.59,1.58,3.17,27,True,True,True,False,False,False,True,3.12,1.39,1.77,2.03,3.61,2.09,1.32,2.56,2.91,3.35,1.81,2.06,1.43,2.92,1.45,2.59
Germany_Bundesliga_2_2025-2026,2025/2026,14,Eintracht Braunschweig,Kaiserslautern,2025-11-29 12:00:00,2,0,2,5,6,11,2,5,0,0,6,5,11,5,17,10,16,18,34,66,,,2,5,3.0,3.35,2.09,1.18,1.77,2.61,1.62,2.35,1.41,1.61,2.65,2.07,1.35,2.47,2.95,1.48,2,1,0,1,0,1,1,128,0,59,0,20848,2,1,4,1,1,5,5,6,1,2,1,3,3,4,1,40,42,102,108,1.78,1.3,3.08,0,0,0,0,0,0,1,1,0,0,0,1,0,1,1,12,24,1,18,16,1,9,12,59,92,25,67,1.29,0.92,0.67,1.17,0.77,1.77,42,9,1.18,1.34,2.52,27,True,True,False,False,False,False,False,2.66,1.50,1.61,2.25,2.86,1.76,1.23,3.24,2.22,3.65,1.63,2.36,1.35,3.35,,
Germany_Bundesliga_2_2025-2026,2025/2026,14,Holstein Kiel,Hertha BSC,2025-11-29 12:00:00,0,1,1,8,3,11,2,6,0,0,0,2,9,7,9,9,13,14,52,48,Holstein-Stadion,"Westring 501, Kiel",2,6,2.48,3.4,2.6,1.2,1.7,2.57,1.53,2.3,1.37,1.61,2.65,2.14,1.35,2.5,3.37,1.53,1,0,0,0,1,1,0,47,0,42,0,14732,2,1,2,2,6,1,4,7,0,2,2,4,2,6,1,38,43,101,103,0.85,1.03,1.88,0,0,0,0,0,0,1,1,0,0,1,0,0,1,1,16,27,1,14,13,1,9,9,50,75,42,59,1.15,1.85,1.33,1.67,1.15,1.77,50,25,1.62,1.3,2.92,27,True,False,False,False,False,False,False,2.55,1.54,1.71,2.10,,,,2.37,2.99,3.61,1.55,2.55,1.35,3.37,,
Germany_Bundesliga_2_2025-2026,2025/2026,14,Greuther Fürth,Bochum,2025-11-29 12:00:00,0,3,3,6,9,15,2,0,0,0,1,6,9,8,10,14,13,13,55,45,Sportpark Ronhof Thomas Sommer,"Laubenweg 60, Fürth",2,0,2.9,3.5,2.11,1.15,1.45,2.25,1.44,2.55,1.29,1.56,2.95,2.23,1.25,2.25,3.58,1.67,3,0,3,0,0,0,3,540,0,61,0,10879,2,1,3,7,3,2,10,5,1,0,1,0,1,1,1,46,45,104,92,1.04,1.63,2.67,0,0,0,0,0,0,1,1,0,1,1,2,0,0,1,26,18,1,13,13,1,8,3,62,85,40,63,1.23,0.85,1.17,0.57,1.0,1.0,38,16,1.21,1.29,2.5,27,True,True,True,False,False,False,False,,,1.47,2.56,2.56,1.62,1.18,3.13,2.24,3.74,1.51,2.66,,,,
Germany_Bundesliga_2_2025-2026,2025/2026,14,Magdeburg,Nürnberg,2025-11-29 19:30:00,3,0,3,6,5,11,3,2,0,1,8,1,11,6,19,7,12,7,58,42,MDCC-Arena,"Friedrich-Ebert-Straße 69, Magdeburg",3,3,2.24,3.45,3.18,1.13,1.53,2.35,1.5,2.61,1.32,1.83,2.88,2.17,1.25,2.38,3.6,1.57,3,0,0,3,0,3,0,558,0,50,0,26943,2,1,4,4,2,1,8,3,1,1,2,2,2,4,1,66,30,109,73,2.23,0.74,2.97,0,0,0,0,0,0,1,1,0,0,0,1,0,0,1,15,18,1,7,12,1,6,15,50,75,42,75,0.62,0.85,0.5,1.17,0.54,1.38,50,25,1.63,1.58,3.21,27,True,True,True,False,False,False,False,2.28,1.65,1.63,2.20,2.38,1.56,1.17,2.24,3.15,3.70,1.47,2.80,,,,
Germany_Bundesliga_2_2025-2026,2025/2026,14,Dynamo Dresden,Fortuna Düsseldorf,2025-11-30 12:30:00,2,1,3,4,0,4,1,2,0,0,4,2,14,12,18,14,12,13,42,58,,,1,2,2.35,3.65,2.6,1.2,1.66,2.63,1.53,2.53,1.3,1.7,3.02,2.34,1.33,2.5,3.15,1.5,3,1,0,1,1,2,1,539,0,67,0,30871,2,1,2,0,2,0,2,2,0,1,1,1,1,2,1,35,43,73,129,1.66,1.35,3.01,0,0,0,0,0,0,1,1,0,0,1,0,0,0,1,18,25,1,13,12,1,9,12,67,67,58,75,1.15,1.0,0.33,1.5,0.77,1.08,34,34,1.24,1.41,2.65,27,True,True,True,False,False,False,True,2.64,1.51,1.60,2.27,2.90,1.79,1.24,2.30,3.23,3.47,1.61,2.39,,,,
Germany_Bundesliga_2_2025-2026,2025/2026,14,Arminia Bielefeld,Preußen Münster,2025-11-30 12:30:00,1,2,3,13,2,15,3,6,0,0,2,6,15,7,17,13,16,18,51,49,SchücoArena,"Melanchthonstraße 31a, Bielefeld",3,6,1.9,3.7,3.8,1.25,1.7,2.64,1.66,2.29,1.36,1.82,2.35,2.14,1.35,2.35,3.04,1.47,3,1,1,0,1,1,2,556,0,62,0,26750,2,1,4,1,9,1,5,10,1,4,2,2,5,4,1,70,36,91,64,1.71,1.5,3.21,1,0,1,0,0,0,1,1,1,0,1,0,0,0,1,29,28,1,17,16,1,7,9,69,92,47,77,1.38,0.85,1.71,0.5,1.31,1.15,31,9,1.51,1.24,2.75,27,True,True,True,False,False,False,True,2.57,1.53,1.63,2.23,2.75,1.71,1.22,1.72,5.04,3.91,1.65,2.30,,,,
Germany_Bundesliga_2_2025-2026,2025/2026,14,Elversberg,Darmstadt 98,2025-11-30 12:30:00,0,0,0,6,5,11,0,1,0,0,3,2,11,9,14,11,8,11,46,54,URSAPHARM-Arena an der Kaiserlinde,"Lindenstraße, Spiesen-Elversberg",0,1,1.84,3.65,3.5,1.2,1.62,2.58,1.53,2.46,1.4,1.63,2.72,2.15,1.3,2.3,3.22,1.51,0,0,0,0,0,0,0,-1,0,50,0,9307,2,1,3,2,3,3,5,6,0,0,0,1,0,1,1,51,46,103,101,1.47,1.17,2.64,0,0,0,0,0,0,1,1,0,0,0,1,0,0,1,25,24,1,12,8,1,9,11,59,67,25,50,2.15,1.23,2.33,1.67,2.0,1.92,42,33,1.79,1.46,3.25,27,False,False,False,False,False,False,False,2.51,1.55,1.70,2.12,2.60,1.66,1.20,1.89,4.12,3.80,1.57,2.48,,,,
Germany_Bundesliga_2_2025-2026,2025/2026,15,Fortuna Düsseldorf,Schalke 04,2025-12-05 17:30:00,0,2,2,1,4,5,6,1,1,0,1,7,13,6,14,13,15,8,55,45,Merkur Spiel-Arena,"Arena-Str. 1, Düsseldorf",7,1,3.0,3.45,2.25,1.23,1.79,2.99,1.67,2.17,1.49,1.93,2.37,1.81,1.4,2.55,2.81,1.4,2,0,1,0,1,1,1,35,0,43,0,51500,2,1,0,2,1,2,2,3,3,1,4,0,4,4,1,45,45,95,112,1.28,1.64,2.93,0,1,0,1,0,0,1,1,0,0,0,0,0,0,1,16,27,1,8,14,1,13,8,50,72,22,43,1.29,1.57,0.71,1.86,1.0,2.21,50,29,1.34,1.43,2.77,27,True,True,False,False,False,False,False,2.94,1.42,1.97,1.84,3.24,1.93,1.28,3.36,2.21,3.52,1.74,2.16,1.40,3.04,1.54,2.39
Germany_Bundesliga_2_2025-2026,2025/2026,15,Preußen Münster,Hannover 96,2025-12-05 17:30:00,2,2,4,5,2,7,4,3,0,0,4,2,16,2,20,4,13,17,56,44,Preußen-Stadion,"Am Berg Fidel 7, Münster",4,3,3.45,3.75,1.7,1.16,1.65,2.45,1.62,2.31,1.48,1.77,2.52,1.97,1.33,2.35,3.28,1.5,4,0,1,2,1,3,1,-1,0,72,0,10600,2,1,3,2,2,0,5,2,1,1,3,2,2,5,1,36,22,90,92,1.8,0.57,2.37,1,0,1,0,0,0,1,1,0,0,0,0,0,1,1,22,19,1,16,13,1,5,9,71,93,43,86,1.07,1.86,1.71,2.14,1.29,1.93,29,7,1.32,1.67,2.99,27,True,True,True,True,False,False,True,2.56,1.53,1.90,1.91,2.73,1.70,1.22,4.43,1.79,3.98,1.65,2.31,1.33,3.28,1.51,2.47
Germany_Bundesliga_2_2025-2026,2025/2026,15,Paderborn,Elversberg,2025-12-06 12:00:00,1,2,3,3,10,13,4,1,1,0,3,5,6,11,9,16,19,5,49,51,Benteler-Arena,"Paderborner Straße 89, Paderborn",6,1,2.2,3.55,2.8,1.23,1.68,2.54,1.55,2.4,1.33,1.52,3.05,2.06,1.3,2.44,3.25,1.5,3,0,1,1,1,2,1,6326,0,43,0,12729,2,1,3,6,0,4,9,4,0,0,5,1,0,6,1,43,43,87,92,1.1,1.67,2.77,0,0,0,0,0,0,1,1,0,0,0,1,0,0,1,26,17,1,5,19,1,9,4,50,86,43,79,2.07,1.64,2.14,1.71,2.07,1.93,50,14,1.87,1.64,3.51,27,True,True,True,False,False,False,True,2.62,1.52,1.74,2.06,2.84,1.76,1.23,2.63,2.66,3.59,1.63,2.35,,,,
Germany_Bundesliga_2_2025-2026,2025/2026,15,Bochum,Arminia Bielefeld,2025-12-06 12:00:00,1,0,1,4,5,9,5,2,0,0,6,6,6,9,12,15,22,12,41,59,Vonovia Ruhrstadion,"Castropher Straße 145, Bochum",5,2,2.3,3.45,3.0,1.17,1.72,2.61,1.57,2.48,1.25,1.59,3.28,2.56,1.3,2.3,3.3,1.52,1,0,0,1,0,1,0,540,0,59,0,25000,2,1,1,3,3,2,4,5,2,0,3,2,2,5,1,37,33,100,78,1.45,1.6,3.06,0,0,0,0,0,0,1,1,0,0,0,0,0,0,1,32,25,1,12,22,1,9,3,50,92,50,75,1.57,0.71,1.5,0.83,1.14,1.21,50,9,2.01,1.46,3.47,27,True,False,False,False,False,False,False,,,1.46,2.56,2.73,1.72,1.21,2.66,2.75,3.39,1.55,2.54,,,,
Germany_Bundesliga_2_2025-2026,2025/2026,15,Kaiserslautern,Dynamo Dresden,2025-12-06 12:00:00,3,1,4,7,3,10,3,4,0,0,3,2,9,7,12,9,11,9,41,59,Fritz-Walter-Stadion,"Fritz-Walter-Straße 1, Kaiserslautern",3,4,2.05,3.79,3.4,1.17,1.67,2.48,1.55,2.3,1.29,1.79,3.04,2.24,1.31,2.56,3.3,1.54,4,1,0,2,1,3,1,542,0,71,0,46015,2,1,6,1,1,2,7,3,1,1,2,3,2,5,1,33,34,94,96,1.21,0.96,2.18,0,0,0,0,0,0,1,1,0,0,0,1,0,0,1,21,22,1,9,11,1,8,4,64,86,50,86,2.0,1.0,2.29,1.14,1.64,0.93,36,15,2.01,1.59,3.6,27,True,True,True,True,False,False,True,,,1.64,2.21,2.61,1.65,1.20,2.08,3.49,3.75,1.56,2.51,,,,
Germany_Bundesliga_2_2025-2026,2025/2026,15,Darmstadt 98,Karlsruher SC,2025-12-06 19:30:00,3,2,5,8,9,17,1,2,0,0,10,3,14,7,24,10,6,10,58,42,Merck-Stadion am Böllenfalltor,"Nieder-Ramstädter Straße 170, Darmstadt",1,2,1.6,4.1,4.3,1.2,1.53,2.45,1.55,2.3,1.39,1.72,2.75,1.97,1.28,2.3,3.34,1.55,5,1,1,2,1,3,2,48,0,43,0,17810,2,1,5,1,3,8,6,11,1,0,0,2,1,2,1,40,43,95,67,2.5,1.15,3.65,0,0,0,0,0,0,1,1,0,0,0,0,1,0,1,15,23,1,10,6,1,5,11,64,71,43,64,2.43,0.93,2.14,0.86,1.86,1.5,36,29,1.71,1.4,3.11,27,True,True,True,True,True,False,True,2.36,1.62,1.70,2.12,2.54,1.62,1.19,1.70,4.69,4.27,1.63,2.35,,,,
Germany_Bundesliga_2_2025-2026,2025/2026,15,Hertha BSC,Magdeburg,2025-12-07 12:30:00,0,2,2,7,5,12,0,3,0,0,5,5,14,13,19,18,16,7,49,51,Olympiastadion Berlin,"Olympischer Platz 3, Berlin",0,3,1.84,3.85,4.0,1.15,1.56,2.34,1.52,2.5,1.41,1.89,2.7,2.11,1.26,2.28,3.7,1.6,2,0,0,0,2,2,0,558,0,29,0,45563,2,1,1,4,6,1,5,7,0,2,0,1,2,1,1,50,48,100,89,1.91,1.83,3.74,0,0,0,0,0,0,1,1,0,0,0,1,0,2,1,17,13,1,7,16,1,13,12,29,64,22,57,1.43,1.36,1.86,0.57,1.86,0.71,72,36,1.39,1.7,3.09,27,True,True,False,False,False,False,False,2.24,1.68,1.67,2.19,2.26,1.51,1.14,1.75,4.68,3.97,1.52,2.64,,,,
Germany_Bundesliga_2_2025-2026,2025/2026,15,Eintracht Braunschweig,Holstein Kiel,2025-12-07 12:30:00,1,1,2,2,4,6,1,4,1,1,3,2,17,9,20,11,13,17,37,63,,,3,5,2.65,3.5,2.6,1.2,1.83,3.1,1.63,2.14,1.32,1.67,2.88,2.15,1.39,2.62,2.89,1.44,2,1,1,0,0,0,2,-1,0,57,0,19252,2,1,1,1,1,3,2,4,1,2,1,3,3,4,1,50,33,79,95,1.82,1.08,2.91,1,0,1,0,0,0,1,1,0,0,0,0,0,0,1,23,13,1,16,13,1,10,10,50,86,29,86,1.29,0.93,1.0,1.0,0.93,1.07,50,15,1.27,1.25,2.52,27,True,True,False,False,False,False,True,3.05,1.40,1.68,2.13,3.35,2.00,1.30,2.71,2.69,3.40,1.76,2.12,1.42,2.96,,
Germany_Bundesliga_2_2025-2026,2025/2026,15,Nürnberg,Greuther Fürth,2025-12-07 12:30:00,2,2,4,5,3,8,2,3,0,0,3,6,10,4,13,10,12,17,62,38,Max-Morlock-Stadion,"Max-Morlock-Platz 1, Nürnberg",2,3,1.75,3.95,4.2,1.14,1.57,2.56,1.52,2.23,1.32,1.7,3.05,2.3,1.28,2.2,3.3,1.51,4,0,0,2,2,4,0,-1,0,57,0,47150,2,1,0,3,5,0,3,5,1,1,1,2,2,3,1,58,15,119,56,1.46,1.16,2.62,0,0,0,0,0,0,1,1,0,0,0,0,0,0,1,27,20,1,17,12,1,2,14,65,79,36,65,1.79,0.93,1.57,0.86,1.29,0.93,36,22,1.42,1.51,2.93,27,True,True,True,True,False,False,True,2.50,1.56,1.55,2.36,2.61,1.67,1.20,1.74,4.66,4.06,1.68,2.26,,,,
Germany_Bundesliga_2_2025-2026,2025/2026,16,Dynamo Dresden,Eintracht Braunschweig,2025-12-12 17:30:00,2,3,5,7,8,15,3,4,0,0,8,5,2,12,10,17,8,13,51,49,,,3,4,2.24,3.26,3.35,1.23,1.99,3.1,1.72,2.08,1.36,1.67,2.85,2.15,1.39,2.69,2.77,1.47,5,0,2,2,1,3,2,128,0,72,0,31500,2,1,2,6,5,2,8,7,0,1,3,3,1,6,1,33,44,70,94,1.43,1.74,3.17,0,0,0,0,0,0,1,1,0,1,0,1,0,0,1,16,15,1,13,8,1,7,6,72,79,50,79,1.15,0.85,0.71,0.86,0.87,0.93,29,22,1.3,1.35,2.65,27,True,True,True,True,True,False,True,3.17,1.38,1.64,2.23,3.58,2.13,1.35,2.33,3.45,3.19,1.84,2.02,1.45,2.83,,
Germany_Bundesliga_2_2025-2026,2025/2026,16,Greuther Fürth,Hertha BSC,2025-12-12 17:30:00,3,3,6,2,4,6,2,3,0,0,6,8,8,9,14,17,13,12,50,50,Sportpark Ronhof Thomas Sommer,"Laubenweg 60, Fürth",2,3,4.14,3.5,1.9,1.18,1.71,2.61,1.6,2.24,1.36,1.58,3.02,2.28,1.33,2.28,3.04,1.48,6,1,2,2,1,3,3,-1,0,36,0,12276,2,1,1,1,1,3,2,4,0,1,2,2,1,4,1,32,54,67,78,1.53,2.02,3.55,0,0,0,0,0,0,1,1,0,0,0,0,0,0,1,11,20,1,12,13,1,9,9,64,72,50,72,1.23,1.85,1.0,1.86,0.93,1.73,36,29,1.19,1.26,2.45,27,True,True,True,True,True,True,True,2.56,1.53,1.58,2.29,2.69,1.72,1.23,4.07,1.89,3.84,1.65,2.31,1.34,3.37,,
Germany_Bundesliga_2_2025-2026,2025/2026,16,Magdeburg,Holstein Kiel,2025-12-13 12:00:00,3,3,6,6,4,10,2,3,0,0,8,6,10,9,18,15,11,14,58,42,MDCC-Arena,"Friedrich-Ebert-Straße 69, Magdeburg",2,3,2.1,3.65,3.25,1.12,1.5,2.35,1.44,2.56,1.29,1.73,3.2,2.4,1.27,2.35,3.28,1.57,6,2,1,1,2,3,3,-1,0,39,0,26497,2,1,3,0,3,4,3,7,0,0,2,3,0,5,1,38,26,49,38,1.96,1.54,3.5,1,2,1,2,0,0,1,1,0,0,1,0,0,0,1,16,22,1,13,9,1,8,10,41,73,27,73,0.62,0.93,0.86,1.0,0.87,1.07,60,27,1.71,1.23,2.94,27,True,True,True,True,True,True,True,2.47,1.56,1.61,2.25,2.50,1.66,1.19,2.15,3.50,3.53,1.57,2.50,,,,
Germany_Bundesliga_2_2025-2026,2025/2026,16,Arminia Bielefeld,Kaiserslautern,2025-12-13 12:00:00,0,0,0,10,4,14,1,1,0,0,3,1,12,3,15,4,19,10,73,27,SchücoArena,"Melanchthonstraße 31a, Bielefeld",1,1,1.89,3.6,3.0,1.16,1.66,2.6,1.53,2.4,1.37,1.62,2.88,2.2,1.32,2.49,3.1,1.56,0,0,0,0,0,0,0,-1,0,53,0,26750,2,1,3,1,7,3,4,10,0,0,1,1,0,2,1,35,7,64,37,1.4,0.38,1.78,0,0,0,0,0,0,1,1,0,0,0,1,0,0,1,21,17,1,10,19,1,5,14,59,93,25,73,1.38,0.92,1.5,1.0,1.13,1.73,41,7,1.53,1.33,2.86,27,False,False,False,False,False,False,False,2.47,1.57,1.58,2.28,2.63,1.67,1.20,2.12,3.56,3.54,1.54,2.57,,,,
Germany_Bundesliga_2_2025-2026,2025/2026,16,Karlsruher SC,Paderborn,2025-12-13 12:00:00,0,4,4,1,6,7,3,2,2,0,0,11,4,16,4,27,14,8,30,70,Wildparkstadion,"Adenauerring 17, Karlsruhe",5,2,3.55,3.7,2.0,1.17,1.7,2.83,1.62,2.2,1.33,1.58,2.95,2.25,1.32,2.25,3.1,1.48,4,0,0,0,4,4,0,53,0,64,0,28166,2,1,0,2,1,4,2,5,2,1,3,1,3,4,1,21,36,31,65,0.4,2.72,3.12,0,0,0,0,0,0,1,1,0,0,0,1,0,0,1,12,12,1,8,14,1,7,4,57,79,29,79,1.85,1.69,2.14,2.0,1.4,1.93,43,22,1.49,1.47,2.96,27,True,True,True,True,False,False,False,2.52,1.55,1.63,2.25,2.70,1.69,1.22,3.53,2.08,3.69,1.58,2.46,,,,
Germany_Bundesliga_2_2025-2026,2025/2026,16,Hannover 96,Bochum,2025-12-13 19:30:00,0,0,0,7,0,7,0,4,0,0,7,4,15,4,22,8,4,17,64,36,HDI-Arena,"Robert-Enke-Str. 3, Hannover",0,4,1.74,3.85,4.2,1.18,1.71,2.73,1.67,2.1,1.28,1.61,3.21,2.41,1.3,2.25,3.3,1.58,0,0,0,0,0,0,0,-1,0,53,0,42300,2,1,3,0,4,0,3,4,0,0,0,4,0,4,1,53,32,140,91,2.27,1.03,3.29,0,0,0,0,0,0,1,1,0,0,0,0,0,0,1,22,21,1,16,4,1,5,9,75,87,41,54,1.77,0.85,1.71,0.88,1.87,1.27,26,14,1.95,1.34,3.29,27,False,False,False,False,False,False,False,2.61,1.52,1.48,2.52,2.86,1.79,1.23,1.90,4.37,3.59,1.68,2.24,,,,
Germany_Bundesliga_2_2025-2026,2025/2026,16,Darmstadt 98,Preußen Münster,2025-12-14 12:30:00,1,0,1,7,4,11,2,2,0,0,5,1,11,14,16,15,10,9,32,68,Merck-Stadion am Böllenfalltor,"Nieder-Ramstädter Straße 170, Darmstadt",2,2,1.7,3.66,4.5,1.16,1.66,2.63,1.65,2.2,1.37,1.87,2.67,2.09,1.33,2.61,3.04,1.48,1,0,0,1,0,1,0,48,0,67,0,17589,2,1,6,0,1,4,6,5,1,1,1,1,2,2,1,37,54,74,122,1.62,1.41,3.04,0,0,0,0,0,0,1,1,0,0,1,0,0,0,1,11,15,1,9,10,1,11,7,67,81,54,73,2.43,0.85,2.25,0.86,1.93,1.27,34,20,1.81,1.27,3.08,27,True,False,False,False,False,False,False,2.60,1.52,1.85,1.96,2.78,1.74,1.22,1.91,4.39,3.53,1.64,2.32,,,1.48,2.56
Germany_Bundesliga_2_2025-2026,2025/2026,16,Elversberg,Fortuna Düsseldorf,2025-12-14 12:30:00,1,0,1,8,6,14,1,3,0,0,3,4,12,13,15,17,7,20,56,44,URSAPHARM-Arena an der Kaiserlinde,"Lindenstraße, Spiesen-Elversberg",1,3,1.57,4.4,5.61,1.12,1.56,2.35,1.65,2.19,1.39,1.64,2.77,2.04,1.25,2.25,3.3,1.6,1,0,0,1,0,1,0,6326,0,50,0,9307,2,1,3,4,5,2,7,7,1,1,0,2,2,2,1,52,36,103,73,1.53,1.61,3.14,0,0,0,0,0,0,1,1,0,0,1,0,0,0,1,27,23,1,20,7,1,8,8,57,57,29,64,2.15,1.0,2.14,1.29,2.0,0.93,43,43,1.74,1.4,3.14,27,True,False,False,False,False,False,False,,,1.67,2.18,2.34,1.54,1.17,1.60,5.31,4.53,1.63,2.35,,,,
Germany_Bundesliga_2_2025-2026,2025/2026,16,Schalke 04,Nürnberg,2025-12-14 12:30:00,1,0,1,0,7,7,3,3,0,0,3,3,4,2,7,5,18,16,35,65,VELTINS-Arena,"Arenaring 1, Gelsenkirchen",3,3,1.82,3.4,4.0,1.3,1.89,3.3,1.83,2.03,1.4,2.01,2.45,1.9,1.4,2.96,2.77,1.42,1,0,0,1,0,1,0,35,0,57,0,62078,2,1,0,0,0,7,0,7,0,1,3,2,1,5,1,44,51,81,118,0.98,0.91,1.89,0,0,0,0,0,0,1,1,0,0,0,0,0,0,1,15,33,1,16,18,1,2,9,57,65,36,71,2.31,0.85,2.57,1.0,2.27,1.27,43,36,1.59,1.46,3.05,27,True,False,False,False,False,False,False,2.82,1.45,1.81,2.00,3.12,1.87,1.27,1.93,4.17,3.61,1.75,2.14,1.37,3.21,1.45,2.61
Germany_Bundesliga_2_2025-2026,2025/2026,17,Paderborn,Darmstadt 98,2025-12-19 17:30:00,2,2,4,7,3,10,1,1,0,0,7,2,13,7,20,9,14,9,65,35,Benteler-Arena,"Paderborner Straße 89, Paderborn",1,1,2.09,3.65,3.38,1.22,1.7,2.57,1.57,2.3,1.48,1.72,2.77,1.91,1.32,2.5,3.1,1.48,4,0,2,2,0,2,2,-1,0,53,0,13758,2,1,1,2,6,1,3,7,0,0,1,1,0,2,1,79,23,123,65,2.32,0.88,3.2,1,0,1,0,0,0,1,1,0,1,1,0,0,0,1,20,12,1,8,14,1,5,6,53,73,26,52,2.07,1.23,1.88,1.57,2.0,2.0,48,28,1.77,1.42,3.19,27,True,True,True,True,False,False,True,,,1.66,2.19,2.63,1.67,1.21,2.08,3.52,3.73,1.56,2.51,,,,
Germany_Bundesliga_2_2025-2026,2025/2026,17,Hertha BSC,Arminia Bielefeld,2025-12-19 17:30:00,1,1,2,3,4,7,3,2,1,0,2,6,8,5,10,11,12,16,57,43,Olympiastadion Berlin,"Olympischer Platz 3, Berlin",5,2,1.74,3.4,3.95,1.17,1.7,2.51,1.53,2.34,1.28,1.58,3.05,2.31,1.33,2.61,3.04,1.48,2,0,0,1,1,2,0,-1,0,35,0,44968,2,1,1,1,2,3,2,5,1,0,3,2,1,5,1,36,51,108,90,1.04,1.49,2.53,0,0,0,0,0,0,1,1,0,0,0,1,0,0,1,25,29,1,16,12,1,12,7,28,75,28,54,1.43,0.71,1.63,0.71,1.69,1.13,73,26,1.45,1.48,2.93,27,True,True,False,False,False,False,True,2.83,1.45,1.60,2.28,3.17,1.93,1.28,2.02,4.13,3.38,1.78,2.09,1.39,3.11,,
Germany_Bundesliga_2_2025-2026,2025/2026,17,Bochum,Karlsruher SC,2025-12-20 12:00:00,2,2,4,3,3,6,2,0,0,0,4,6,7,4,11,10,7,10,37,63,Vonovia Ruhrstadion,"Castropher Straße 145, Bochum",2,0,1.7,4.05,4.26,1.13,1.58,2.38,1.53,2.3,1.3,1.47,3.1,2.34,1.25,2.23,3.42,1.56,4,1,0,1,2,3,1,-1,0,41,0,26000,2,1,1,1,2,2,2,4,0,0,2,0,0,2,1,27,49,100,125,1.18,1.42,2.6,0,0,0,0,0,0,1,1,0,0,0,0,0,0,1,19,24,1,10,7,1,5,9,59,73,47,67,1.57,0.93,1.71,0.75,1.25,1.31,41,27,1.93,1.37,3.3,27,True,True,True,True,False,False,True,2.37,1.61,1.52,2.45,2.51,1.61,1.19,1.56,5.64,4.60,1.68,2.25,,,,
Germany_Bundesliga_2_2025-2026,2025/2026,17,Fortuna Düsseldorf,Greuther Fürth,2025-12-20 12:00:00,2,1,3,6,4,10,4,2,0,0,7,3,8,7,15,10,11,5,35,65,Merkur Spiel-Arena,"Arena-Str. 1, Düsseldorf",4,2,1.87,3.5,3.6,1.2,1.64,2.45,1.53,2.3,1.44,1.92,2.6,2.04,1.3,2.39,3.22,1.51,3,1,0,1,1,2,1,545,0,63,0,48500,2,1,1,2,5,2,3,7,3,0,1,2,3,3,1,38,47,76,108,1.71,1.19,2.9,0,1,0,1,0,0,1,1,0,0,0,1,0,0,1,13,15,1,5,10,1,5,11,69,88,26,63,1.29,0.93,0.63,0.88,0.88,0.94,32,13,1.34,1.47,2.81,27,True,True,True,False,False,False,True,2.30,1.64,1.70,2.12,2.39,1.56,1.17,1.81,4.24,4.05,1.55,2.56,,,,
Germany_Bundesliga_2_2025-2026,2025/2026,17,Kaiserslautern,Magdeburg,2025-12-20 12:00:00,2,3,5,4,4,8,6,5,0,0,4,10,11,10,15,20,9,13,53,47,Fritz-Walter-Stadion,"Fritz-Walter-Straße 1, Kaiserslautern",6,5,2.33,3.75,2.8,1.12,1.53,2.31,1.44,2.5,1.36,1.6,2.85,2.2,1.25,2.18,3.42,1.6,5,0,2,2,1,3,2,558,0,57,0,45181,2,1,1,3,3,1,4,4,2,2,4,3,4,7,1,51,34,111,68,1.6,2.2,3.8,1,0,1,0,0,0,1,1,0,0,0,1,0,0,1,32,15,1,15,9,1,10,12,51,75,32,63,2.0,1.36,2.38,0.88,1.69,0.88,51,25,1.91,1.72,3.63,27,True,True,True,True,True,False,True,2.30,1.65,1.64,2.20,2.37,1.55,1.17,2.42,2.76,3.88,1.51,2.67,,,,
Germany_Bundesliga_2_2025-2026,2025/2026,17,Holstein Kiel,Dynamo Dresden,2025-12-20 19:30:00,2,1,3,7,9,16,0,1,0,0,4,8,6,11,10,19,7,8,49,51,Holstein-Stadion,"Westring 501, Kiel",0,1,1.86,3.6,3.95,1.17,1.63,2.8,1.65,2.15,1.32,1.83,2.75,2.14,1.32,2.53,3.1,1.46,3,1,1,1,0,1,2,566,0,59,0,15034,2,1,3,2,4,7,5,11,0,1,0,0,1,0,1,34,52,84,121,1.16,2.14,3.3,0,0,0,0,0,0,1,1,0,0,0,0,0,1,1,17,21,1,8,7,1,8,5,52,86,40,72,1.15,1.0,1.14,1.0,1.06,0.81,48,15,1.51,1.51,3.02,27,True,True,True,False,False,False,True,2.70,1.49,1.68,2.16,3.00,1.85,1.25,2.17,3.50,3.49,1.67,2.27,1.34,3.36,,
Germany_Bundesliga_2_2025-2026,2025/2026,17,Nürnberg,Hannover 96,2025-12-21 12:30:00,2,1,3,3,6,9,4,2,0,0,5,8,5,8,10,16,14,9,33,67,Max-Morlock-Stadion,"Max-Morlock-Platz 1, Nürnberg",4,2,3.25,3.5,2.1,1.15,1.7,2.5,1.5,2.4,1.29,1.82,2.77,2.16,1.25,2.45,3.22,1.52,3,1,1,1,0,1,2,127,0,57,0,34022,2,1,1,2,2,4,3,6,1,0,3,2,1,5,1,26,47,60,126,1.17,1.92,3.09,0,0,0,0,0,0,1,1,0,0,0,2,0,0,1,16,24,1,9,14,1,7,5,63,88,44,63,1.79,1.86,1.5,2.0,1.19,1.81,38,13,1.43,1.53,2.96,27,True,True,True,False,False,False,True,2.64,1.50,1.73,2.08,,,,3.71,2.03,3.67,1.67,2.28,1.35,3.36,,
Germany_Bundesliga_2_2025-2026,2025/2026,17,Eintracht Braunschweig,Schalke 04,2025-12-21 12:30:00,2,1,3,3,4,7,0,1,0,0,5,3,8,7,13,10,13,13,41,59,,,0,1,3.34,3.25,2.16,1.3,1.95,3.65,1.8,1.95,1.52,1.78,2.55,2.03,1.43,2.94,2.62,1.35,3,0,0,2,1,3,0,128,0,44,0,23080,2,1,1,0,2,4,1,6,0,1,0,0,1,0,1,31,43,75,99,1.4,1.16,2.56,0,0,0,0,0,0,1,1,0,0,1,0,0,0,1,32,29,1,13,13,1,10,11,44,82,38,69,1.29,1.57,1.0,2.0,1.06,2.31,57,19,1.34,1.45,2.79,27,True,True,True,False,False,False,True,2.98,1.41,1.88,1.92,3.44,2.00,1.30,3.13,2.39,3.39,1.75,2.14,1.40,3.03,1.50,2.48
Germany_Bundesliga_2_2025-2026,2025/2026,17,Preußen Münster,Elversberg,2025-12-21 12:30:00,1,1,2,5,6,11,2,3,0,0,7,5,12,6,19,11,19,11,60,40,Preußen-Stadion,"Am Berg Fidel 7, Münster",2,3,3.61,3.53,1.96,1.22,1.77,2.61,1.57,2.26,1.45,1.75,2.67,2.09,1.32,2.5,3.1,1.47,2,0,1,1,0,1,1,-1,0,63,0,9828,2,1,5,2,0,4,7,4,0,2,2,1,2,3,1,52,48,114,83,2.07,1.39,3.46,0,1,0,1,0,0,1,1,0,0,2,0,0,0,1,24,24,1,10,18,1,8,10,63,88,26,88,1.07,1.64,1.63,1.88,1.19,2.06,38,13,1.38,1.64,3.02,27,True,True,False,False,False,False,True,2.91,1.43,1.70,2.12,3.24,1.93,1.28,3.22,2.34,3.38,1.72,2.18,1.39,3.09,,
Germany_Bundesliga_2_2025-2026,2025/2026,18,Eintracht Braunschweig,Magdeburg,2026-01-16 17:30:00,0,3,3,1,9,10,3,3,0,0,2,8,4,13,6,21,12,12,43,57,,,3,3,2.7,3.4,2.3,1.18,1.64,2.59,1.44,2.44,1.39,1.87,2.77,2.12,1.25,2.36,3.28,1.55,3,0,1,0,2,2,1,558,0,56,0,22436,2,1,1,4,0,5,5,5,1,1,2,2,2,4,1,37,51,96,88,0.8,2.25,3.05,0,0,0,0,0,0,1,1,0,0,0,1,0,0,1,21,18,1,12,12,1,10,9,50,89,39,67,1.29,1.36,1.22,1.11,1.18,1.0,50,11,1.35,1.77,3.12,27,True,True,True,False,False,False,False,2.37,1.61,1.69,2.13,2.51,1.61,1.18,3.11,2.25,3.74,1.53,2.61,,,,
Germany_Bundesliga_2_2025-2026,2025/2026,18,Fortuna Düsseldorf,Arminia Bielefeld,2026-01-16 17:30:00,1,0,1,2,2,4,0,0,0,0,3,2,9,5,12,7,12,17,54,46,Merkur Spiel-Arena,"Arena-Str. 1, Düsseldorf",0,0,2.6,3.2,2.6,1.22,1.75,3.03,1.63,2.1,1.38,1.83,2.88,2.15,1.35,2.76,3.25,1.47,1,0,0,1,0,1,0,545,0,60,0,39304,2,-1,1,0,1,2,1,3,0,0,0,0,0,0,1,58,38,107,99,1.39,0.87,2.26,0,0,0,0,0,0,1,1,0,0,0,0,-1,-1,1,18,24,1,17,12,1,6,8,47,89,25,53,1.29,0.71,0.89,0.75,1.0,1.12,54,12,1.38,1.48,2.86,27,True,False,False,False,False,False,False,,,1.67,2.15,3.00,1.80,1.24,2.56,2.77,3.55,1.62,2.36,,,,
Germany_Bundesliga_2_2025-2026,2025/2026,18,Preußen Münster,Karlsruher SC,2026-01-17 12:00:00,0,2,2,7,9,16,0,3,1,0,7,2,8,12,15,14,11,11,64,36,Preußen-Stadion,"Am Berg Fidel 7, Münster",2,3,1.97,3.5,4.0,1.18,1.7,2.7,1.59,2.21,1.44,1.95,2.58,1.99,1.3,2.35,3.04,1.49,2,0,0,0,2,2,0,547,0,67,0,10231,2,1,4,6,3,3,10,6,0,2,1,1,2,2,1,36,45,81,84,1.7,1.35,3.04,0,1,0,1,0,0,1,1,0,0,0,2,0,0,1,20,16,1,11,10,1,3,9,73,84,28,78,1.07,0.93,1.56,0.78,1.18,1.29,28,17,1.45,1.37,2.82,27,True,True,False,False,False,False,False,2.54,1.54,1.76,2.03,2.67,1.67,1.21,1.85,4.33,3.79,1.59,2.45,,,,
Germany_Bundesliga_2_2025-2026,2025/2026,18,Dynamo Dresden,Greuther Fürth,2026-01-17 12:00:00,2,0,2,7,3,10,3,3,0,0,5,0,7,9,12,9,11,14,51,49,,,3,3,1.93,3.75,3.45,1.2,1.7,2.7,1.6,2.2,1.28,1.69,2.9,2.38,1.33,2.47,3.04,1.48,2,1,0,1,0,1,1,539,0,83,0,30811,2,1,4,2,3,1,6,4,1,2,2,1,3,3,1,45,30,89,86,1.44,0.79,2.23,0,0,0,0,0,0,1,1,0,0,1,0,0,0,1,21,18,1,14,11,1,8,5,89,89,54,83,1.15,0.93,0.63,0.78,0.76,0.88,12,12,1.31,1.44,2.75,27,True,True,False,False,False,False,False,2.59,1.52,1.58,2.32,2.69,1.71,1.22,1.93,4.01,3.74,1.62,2.37,1.35,3.33,,
Germany_Bundesliga_2_2025-2026,2025/2026,18,Nürnberg,Elversberg,2026-01-17 12:00:00,3,2,5,7,3,10,5,1,0,0,12,7,15,5,27,12,10,13,51,49,Max-Morlock-Stadion,"Max-Morlock-Platz 1, Nürnberg",5,1,3.0,3.4,2.4,1.28,1.83,3.1,1.64,2.19,1.38,1.81,2.82,2.13,1.36,2.65,2.89,1.42,5,0,1,3,1,4,1,127,0,50,0,25639,2,1,6,0,1,3,6,4,1,0,4,1,1,5,1,47,32,104,85,2.87,1.48,4.36,0,0,0,0,0,0,1,1,0,0,3,0,0,0,1,13,19,1,13,9,1,6,10,50,84,33,67,1.79,1.64,1.67,1.78,1.29,2.0,50,17,1.4,1.62,3.02,27,True,True,True,True,True,False,True,2.96,1.42,1.68,2.16,3.18,1.93,1.28,2.59,2.78,3.48,1.72,2.19,1.40,3.03,,
Germany_Bundesliga_2_2025-2026,2025/2026,18,Hertha BSC,Schalke 04,2026-01-17 19:30:00,0,0,0,6,3,9,4,2,0,0,7,0,6,5,13,5,10,13,61,39,Olympiastadion Berlin,"Olympischer Platz 3, Berlin",4,2,2.43,3.08,2.99,1.33,2.03,3.74,1.7,2.0,1.49,1.8,2.5,1.92,1.44,2.8,2.59,1.34,0,0,0,0,0,0,0,-1,0,28,0,71157,2,1,3,0,3,3,3,6,2,0,2,2,2,4,1,57,20,123,83,1.73,0.47,2.21,0,0,0,0,0,0,1,1,0,0,1,0,0,0,1,29,25,1,13,10,1,2,10,28,67,17,44,1.43,1.57,1.56,1.78,1.65,2.18,73,33,1.41,1.42,2.83,27,False,False,False,False,False,False,False,,,1.97,1.84,3.63,2.06,1.31,2.61,2.91,3.25,1.79,2.09,,,1.56,2.36
Germany_Bundesliga_2_2025-2026,2025/2026,18,Holstein Kiel,Paderborn,2026-01-18 12:30:00,2,0,2,1,11,12,3,3,0,0,3,4,5,12,8,16,12,18,38,62,Holstein-Stadion,"Westring 501, Kiel",3,3,2.78,3.4,2.31,1.25,1.85,3.1,1.62,2.15,1.39,1.68,2.88,2.11,1.36,2.65,2.88,1.5,2,1,0,1,0,1,1,566,0,50,0,13754,2,1,0,5,1,5,5,6,1,1,2,2,2,4,1,18,56,53,134,0.85,1.7,2.55,0,0,0,0,0,0,1,1,0,0,0,2,0,0,1,15,27,1,18,12,1,9,3,44,75,32,63,1.15,1.69,1.38,2.13,1.18,1.94,57,25,1.46,1.63,3.09,27,True,True,False,False,False,False,False,2.80,1.46,1.68,2.13,3.15,1.89,1.26,3.06,2.41,3.43,1.67,2.27,1.37,3.21,,
Germany_Bundesliga_2_2025-2026,2025/2026,18,Kaiserslautern,Hannover 96,2026-01-18 12:30:00,3,1,4,5,6,11,1,1,0,1,8,2,7,9,15,11,12,14,49,51,Fritz-Walter-Stadion,"Fritz-Walter-Straße 1, Kaiserslautern",1,2,3.3,3.65,2.1,1.21,1.66,2.6,1.54,2.32,1.36,1.74,2.57,1.97,1.32,2.44,3.1,1.53,4,0,0,3,1,4,0,542,0,73,0,44382,2,1,4,1,1,5,5,6,1,0,0,2,1,2,1,50,36,103,89,1.87,1.1,2.97,0,0,0,0,0,0,1,1,0,0,0,0,0,0,1,27,19,1,14,12,1,13,6,73,89,56,84,2.0,1.86,2.11,1.78,1.59,1.71,28,11,1.87,1.57,3.44,27,True,True,True,True,False,False,True,2.50,1.56,1.84,1.97,2.62,1.66,1.20,3.07,2.32,3.61,1.53,2.60,,,1.46,2.56
Germany_Bundesliga_2_2025-2026,2025/2026,18,Bochum,Darmstadt 98,2026-01-18 12:30:00,3,3,6,8,6,14,1,2,0,0,6,5,14,5,20,10,10,8,57,43,Vonovia Ruhrstadion,"Castropher Straße 145, Bochum",1,2,2.28,3.35,2.72,1.25,1.7,2.61,1.57,2.25,1.27,1.68,3.07,2.29,1.34,2.23,2.99,1.47,6,2,2,1,1,2,4,-1,0,50,0,24922,2,1,3,5,5,1,8,6,1,0,0,2,1,2,1,70,34,128,64,2.19,1.23,3.42,0,0,0,0,0,0,1,1,0,1,0,1,1,0,1,29,20,1,8,10,1,8,4,50,69,32,57,1.57,1.23,1.63,1.5,1.24,1.94,50,32,1.84,1.35,3.19,27,True,True,True,True,True,True,True,2.76,1.47,1.59,2.29,3.08,1.87,1.26,2.54,2.92,3.36,1.67,2.27,1.37,3.22,,
Germany_Bundesliga_2_2025-2026,2025/2026,19,Arminia Bielefeld,Holstein Kiel,2026-01-23 17:30:00,2,2,4,5,6,11,1,2,0,1,5,1,9,7,14,8,10,16,62,38,SchücoArena,"Melanchthonstraße 31a, Bielefeld",1,3,2.12,3.45,3.42,1.28,2.0,2.9,1.76,1.95,1.42,1.91,2.65,2.06,1.42,2.55,2.96,1.35,4,0,2,2,0,2,2,-1,0,62,0,24886,2,1,0,3,5,3,3,8,0,1,1,2,1,3,1,82,24,151,65,1.84,0.75,2.59,1,0,1,0,0,0,1,1,0,0,0,0,0,0,1,18,17,1,15,10,1,4,12,56,84,39,84,1.38,0.93,1.44,1.0,1.06,1.28,45,17,1.52,1.26,2.78,27,True,True,True,True,False,False,True,3.01,1.41,1.84,1.97,3.47,2.06,1.33,2.32,3.30,3.35,1.77,2.12,1.41,3.00,1.45,2.64
Germany_Bundesliga_2_2025-2026,2025/2026,19,Darmstadt 98,Nürnberg,2026-01-23 17:30:00,2,0,2,3,6,9,1,0,0,0,5,6,4,14,9,20,8,7,49,51,Merck-Stadion am Böllenfalltor,"Nieder-Ramstädter Straße 170, Darmstadt",1,0,1.94,3.45,3.5,1.18,1.75,2.72,1.62,2.2,1.36,1.95,2.63,1.99,1.3,2.56,3.1,1.45,2,0,0,2,0,2,0,48,0,60,0,17810,2,1,2,4,1,2,6,3,0,0,1,0,0,1,1,41,66,100,96,1.23,2.15,3.38,0,0,0,0,0,0,1,1,0,0,1,2,0,0,1,20,18,1,7,8,1,8,6,60,71,41,65,2.43,0.85,2.33,0.88,1.89,1.39,41,29,1.79,1.39,3.18,27,True,True,False,False,False,False,False,,,1.78,2.01,3.05,1.86,1.27,2.02,3.89,3.53,1.70,2.22,,,,
Germany_Bundesliga_2_2025-2026,2025/2026,19,Karlsruher SC,Hertha BSC,2026-01-24 12:00:00,2,2,4,3,5,8,3,2,0,0,6,7,8,11,14,18,7,13,37,63,Wildparkstadion,"Adenauerring 17, Karlsruhe",3,2,3.15,3.45,1.9,1.18,1.62,2.5,1.53,2.3,1.3,1.64,2.85,2.21,1.31,2.36,3.15,1.52,4,2,1,0,1,1,3,-1,0,51,0,32190,2,1,2,4,1,1,6,2,1,1,2,1,2,3,1,39,67,69,132,1.58,2.11,3.7,0,0,0,0,0,0,1,1,1,0,0,1,0,1,1,15,21,1,13,7,1,13,5,69,76,38,63,1.85,1.85,1.88,1.75,1.39,1.61,32,26,1.36,1.36,2.72,27,True,True,True,True,False,False,True,2.36,1.62,1.64,2.21,2.41,1.58,1.17,3.53,2.03,3.88,1.53,2.59,,,,
Germany_Bundesliga_2_2025-2026,2025/2026,19,Greuther Fürth,Eintracht Braunschweig,2026-01-24 12:00:00,0,0,0,2,10,12,3,2,1,0,0,2,4,17,4,19,11,18,29,71,Sportpark Ronhof Thomas Sommer,"Laubenweg 60, Fürth",5,2,2.7,3.24,2.62,1.29,1.9,3.3,1.67,2.05,1.44,1.99,2.57,2.03,1.39,2.99,2.77,1.41,0,0,0,0,0,0,0,-1,0,57,0,10496,2,1,1,6,1,4,7,5,3,2,1,0,5,1,1,17,87,38,165,0.38,1.98,2.35,0,0,0,0,0,0,1,1,0,0,0,1,1,0,1,14,29,1,18,11,1,19,3,69,82,51,82,1.23,0.85,1.0,1.13,0.83,1.11,32,19,1.23,1.4,2.63,27,False,False,False,False,False,False,False,,,1.85,1.96,3.19,1.93,1.28,2.98,2.48,3.39,1.70,2.21,,,1.47,2.58
Germany_Bundesliga_2_2025-2026,2025/2026,19,Hannover 96,Fortuna Düsseldorf,2026-01-24 12:00:00,2,1,3,5,2,7,2,3,0,1,4,2,7,5,11,7,17,10,52,48,HDI-Arena,"Robert-Enke-Str. 3, Hannover",2,4,1.67,3.85,4.2,1.17,1.67,2.74,1.66,2.2,1.36,1.73,2.68,2.05,1.31,2.44,3.15,1.49,3,1,0,1,1,2,1,52,0,44,0,35100,2,1,3,0,2,2,3,4,0,2,2,2,2,4,1,48,37,110,99,1.33,0.86,2.19,0,0,0,0,0,0,1,1,1,0,0,0,0,0,1,17,20,1,9,17,1,6,11,63,63,32,57,1.77,1.0,1.63,1.13,1.61,1.11,38,38,1.99,1.42,3.41,27,True,True,True,False,False,False,True,2.53,1.54,1.77,2.03,2.70,1.68,1.22,1.76,4.60,3.98,1.67,2.27,1.32,3.31,,
Germany_Bundesliga_2_2025-2026,2025/2026,19,Magdeburg,Dynamo Dresden,2026-01-24 19:30:00,1,2,3,10,5,15,2,0,0,0,5,3,16,10,21,13,9,9,64,36,MDCC-Arena,"Friedrich-Ebert-Straße 69, Magdeburg",2,0,1.7,3.7,4.64,1.18,1.62,2.5,1.61,2.26,1.41,1.68,2.7,2.06,1.3,2.36,3.22,1.52,3,1,2,0,0,0,3,539,0,52,0,27815,2,1,5,3,4,2,8,6,1,0,1,0,1,1,1,69,32,122,86,2.17,1.27,3.44,0,0,0,0,0,0,1,1,0,0,0,0,0,0,1,30,17,1,9,9,1,7,13,64,88,47,82,0.62,1.0,0.88,0.89,1.11,0.89,36,13,1.74,1.58,3.32,27,True,True,True,False,False,False,True,,,1.70,2.12,2.55,1.64,1.20,1.69,5.05,4.05,1.64,2.32,,,,
Germany_Bundesliga_2_2025-2026,2025/2026,19,Schalke 04,Kaiserslautern,2026-01-25 12:30:00,2,2,4,10,2,12,1,1,0,0,5,3,12,5,17,8,12,16,60,40,VELTINS-Arena,"Arenaring 1, Gelsenkirchen",1,1,2.05,3.02,4.16,1.24,1.9,2.89,1.72,2.19,1.58,2.26,2.22,1.77,1.38,2.77,2.53,1.39,4,0,0,2,2,4,0,-1,0,38,0,62077,2,1,2,2,8,0,4,8,1,0,0,1,1,1,1,48,33,126,74,1.78,0.96,2.74,0,0,0,0,0,0,1,1,0,0,0,0,0,0,1,28,18,1,16,12,1,5,13,38,57,13,57,2.31,0.92,2.63,1.0,2.11,1.67,63,44,1.52,1.21,2.73,27,True,True,True,True,False,False,True,2.97,1.42,1.98,1.83,3.28,1.99,1.29,2.07,4.06,3.29,1.74,2.16,1.40,3.03,1.55,2.38
Germany_Bundesliga_2_2025-2026,2025/2026,19,Elversberg,Bochum,2026-01-25 12:30:00,1,1,2,9,2,11,0,0,0,0,6,3,15,4,21,7,9,12,63,37,URSAPHARM-Arena an der Kaiserlinde,"Lindenstraße, Spiesen-Elversberg",0,0,1.97,3.5,3.8,1.23,1.72,2.85,1.62,2.35,1.28,1.49,3.28,2.52,1.34,2.5,3.36,1.48,2,0,1,1,0,1,1,-1,0,47,0,9307,2,-1,8,0,1,2,8,3,0,0,0,0,0,0,1,89,27,167,87,2.4,0.86,3.25,0,0,0,0,0,0,1,1,0,0,4,0,-1,-1,1,29,16,1,12,9,1,8,11,53,64,29,47,2.15,0.85,2.25,0.89,1.89,1.22,47,36,1.72,1.3,3.02,27,True,True,False,False,False,False,True,2.56,1.53,1.48,2.55,2.69,1.70,1.21,2.00,3.90,3.59,1.60,2.41,1.34,3.36,,
Germany_Bundesliga_2_2025-2026,2025/2026,19,Paderborn,Preußen Münster,2026-01-25 12:30:00,2,1,3,7,6,13,1,3,0,1,8,2,21,6,29,8,9,10,66,34,Benteler-Arena,"Paderborner Straße 89, Paderborn",1,5,1.67,3.75,5.57,1.25,1.75,2.85,1.67,2.05,1.44,1.69,2.58,2.06,1.35,2.58,3.37,1.48,3,0,1,2,0,2,1,53,0,65,0,14667,2,1,2,3,5,3,5,8,0,1,1,3,1,4,1,91,28,148,43,3.04,0.84,3.88,0,0,0,0,0,0,1,1,0,1,0,0,0,0,1,23,19,1,10,9,1,2,17,65,82,47,71,2.07,0.85,1.78,0.75,1.83,1.11,36,18,1.83,1.29,3.12,27,True,True,True,False,False,False,True,2.58,1.53,1.70,2.12,2.73,1.70,1.22,1.69,5.40,3.82,1.70,2.22,1.34,3.37,1.44,2.61
Germany_Bundesliga_2_2025-2026,2025/2026,20,Magdeburg,Hannover 96,2026-01-30 17:30:00,1,2,3,6,3,9,1,4,0,0,3,3,10,9,13,12,11,18,57,43,MDCC-Arena,"Friedrich-Ebert-Straße 69, Magdeburg",1,4,2.38,3.5,2.7,1.2,1.6,2.48,1.48,2.45,1.37,1.64,2.95,2.16,1.29,2.34,3.28,1.53,3,0,1,1,1,2,1,52,0,52,0,25790,2,1,1,3,5,0,4,5,0,0,1,4,0,5,1,53,36,110,72,1.42,1.23,2.65,0,0,0,0,0,0,1,1,0,0,0,0,0,0,1,10,13,1,18,11,1,8,4,68,89,52,74,0.62,1.86,0.78,1.6,1.05,1.68,32,11,1.79,1.52,3.31,27,True,True,True,False,False,False,True,2.52,1.55,1.64,2.20,2.69,1.69,1.21,2.63,2.65,3.61,1.57,2.49,,,,
Germany_Bundesliga_2_2025-2026,2025/2026,20,Nürnberg,Preußen Münster,2026-01-30 17:30:00,1,1,2,7,2,9,2,4,0,0,5,4,12,6,17,10,7,15,54,46,Max-Morlock-Stadion,"Max-Morlock-Platz 1, Nürnberg",2,4,1.73,3.25,3.8,1.29,1.94,2.99,1.72,1.96,1.52,1.96,2.64,2.04,1.38,2.93,2.81,1.47,2,0,0,1,1,2,0,-1,0,64,0,26170,2,1,2,1,5,1,3,6,1,2,1,2,3,3,1,66,27,109,98,1.9,1.12,3.02,0,0,0,0,0,0,1,1,0,0,1,0,0,1,1,25,22,1,15,7,1,8,9,64,79,37,59,1.79,0.85,1.8,0.67,1.32,1.05,37,21,1.55,1.24,2.79,27,True,True,False,False,False,False,True,2.89,1.44,1.81,2.00,3.17,1.88,1.27,2.21,3.37,3.52,1.69,2.23,1.38,3.13,1.45,2.63
Germany_Bundesliga_2_2025-2026,2025/2026,20,Holstein Kiel,Greuther Fürth,2026-01-31 12:00:00,1,2,3,6,2,8,4,1,0,0,3,2,11,3,14,5,13,17,68,32,Holstein-Stadion,"Westring 501, Kiel",4,1,1.56,4.1,4.5,1.17,1.67,2.68,1.68,2.06,1.36,1.6,2.88,2.05,1.34,2.53,3.36,1.52,3,0,0,1,2,3,0,544,0,57,0,11594,2,1,3,1,3,1,4,4,1,0,3,1,1,4,1,71,27,137,74,1.62,0.66,2.28,0,1,0,1,0,0,1,1,0,0,0,0,0,0,1,27,21,1,17,12,1,0,9,57,84,32,68,1.15,0.93,1.56,0.7,1.26,0.84,44,16,1.4,1.37,2.77,27,True,True,True,False,False,False,True,2.60,1.52,1.85,1.96,2.78,1.72,1.23,1.68,5.11,4.07,1.74,2.16,1.34,3.36,1.46,2.56
Germany_Bundesliga_2_2025-2026,2025/2026,20,Eintracht Braunschweig,Karlsruher SC,2026-01-31 12:00:00,1,0,1,6,4,10,4,5,0,0,5,0,9,9,14,9,10,9,44,56,,,4,5,2.15,3.4,3.3,1.19,1.83,2.7,1.62,2.17,1.47,1.81,2.5,2.07,1.38,2.5,2.81,1.43,1,1,0,0,0,0,1,128,0,50,0,18987,2,1,3,1,3,3,4,6,1,3,3,2,4,5,1,31,48,114,87,1.47,0.92,2.39,0,0,0,0,0,0,1,1,0,0,0,0,0,0,1,29,24,1,9,10,1,9,6,65,90,40,70,1.29,0.93,1.1,1.0,1.11,1.37,35,10,1.29,1.37,2.66,27,True,False,False,False,False,False,False,2.79,1.46,1.83,1.99,3.03,1.85,1.25,2.17,3.59,3.39,1.66,2.29,1.37,3.22,1.46,2.60
Germany_Bundesliga_2_2025-2026,2025/2026,20,Bochum,Schalke 04,2026-01-31 12:00:00,2,0,2,2,4,6,4,0,0,0,6,2,4,10,10,12,15,13,39,61,Vonovia Ruhrstadion,"Castropher Straße 145, Bochum",4,0,2.4,3.2,2.8,1.25,2.03,3.69,1.81,1.96,1.46,2.01,2.59,1.99,1.44,2.8,2.57,1.38,2,2,0,0,0,0,2,540,0,43,0,26000,2,1,1,2,1,2,3,3,1,0,3,0,1,3,1,25,48,60,138,1.23,1.26,2.49,0,0,0,0,0,0,1,1,1,0,0,1,0,0,1,17,19,1,13,15,1,10,3,48,69,32,59,1.57,1.57,1.56,1.7,1.21,2.05,52,31,1.88,1.33,3.21,27,True,True,False,False,False,False,False,2.95,1.42,1.81,2.00,3.17,1.88,1.27,2.25,3.31,3.50,1.68,2.25,1.40,3.05,1.45,2.59
Germany_Bundesliga_2_2025-2026,2025/2026,20,Kaiserslautern,Elversberg,2026-01-31 19:30:00,1,3,4,2,2,4,3,3,1,0,1,8,6,9,7,17,10,15,37,63,Fritz-Walter-Stadion,"Fritz-Walter-Straße 1, Kaiserslautern",4,3,2.79,3.42,2.25,1.21,1.65,2.54,1.52,2.44,1.41,1.89,2.7,2.38,1.32,2.55,3.3,1.49,4,1,1,0,2,2,2,6326,0,65,0,40000,2,1,2,0,0,2,2,2,3,0,1,3,3,4,1,33,67,76,114,0.76,2.12,2.88,0,1,0,1,0,0,1,1,0,0,0,0,0,0,1,15,21,1,15,9,1,8,7,60,85,35,80,2.0,1.64,2.2,1.6,1.63,1.84,40,15,1.87,1.6,3.47,27,True,True,True,True,False,False,True,,,1.73,2.06,2.59,1.64,1.19,3.07,2.28,3.71,1.52,2.63,,,,
Germany_Bundesliga_2_2025-2026,2025/2026,20,Dynamo Dresden,Arminia Bielefeld,2026-02-01 12:30:00,1,1,2,3,5,8,1,3,1,0,5,6,7,11,12,17,13,12,47,53,,,2,3,2.62,3.2,2.65,1.29,1.95,3.35,1.69,2.22,1.32,1.63,2.97,2.2,1.4,2.65,3.06,1.38,2,1,0,0,1,1,1,-1,0,67,0,30840,2,1,2,2,1,3,4,4,1,1,1,2,2,3,1,24,53,87,125,1.29,1.88,3.17,0,1,0,1,0,0,1,1,0,0,1,0,0,0,1,13,19,1,12,12,1,6,8,56,84,50,67,1.15,0.71,0.89,0.67,1.0,1.05,45,17,1.33,1.41,2.74,27,True,True,False,False,False,False,True,2.98,1.42,1.61,2.25,3.33,1.95,1.29,2.70,2.69,3.42,1.68,2.24,1.41,3.02,,
Germany_Bundesliga_2_2025-2026,2025/2026,20,Hertha BSC,Darmstadt 98,2026-02-01 12:30:00,2,2,4,4,6,10,0,4,1,0,6,4,8,10,14,14,9,15,43,57,Olympiastadion Berlin,"Olympischer Platz 3, Berlin",2,4,2.1,3.6,3.35,1.18,1.79,2.85,1.57,2.26,1.47,2.04,2.56,1.97,1.34,2.56,2.99,1.5,4,2,1,0,1,1,3,-1,0,38,0,35756,2,1,4,2,0,4,6,4,0,1,1,3,1,4,1,41,45,66,120,1.59,1.5,3.09,0,1,0,1,0,0,1,1,1,0,0,0,0,0,1,12,12,1,15,8,1,7,6,33,64,22,42,1.43,1.23,1.5,1.44,1.58,1.95,67,37,1.44,1.34,2.78,27,True,True,True,True,False,False,True,2.54,1.54,1.85,1.97,2.71,1.71,1.21,2.18,3.43,3.52,1.62,2.38,1.34,3.38,1.47,2.58
Germany_Bundesliga_2_2025-2026,2025/2026,20,Fortuna Düsseldorf,Paderborn,2026-02-01 12:30:00,2,1,3,7,1,8,2,2,0,1,5,4,4,6,9,10,10,12,63,37,Merkur Spiel-Arena,"Arena-Str. 1, Düsseldorf",2,3,2.9,3.5,2.35,1.19,1.74,2.68,1.58,2.35,1.44,1.99,2.58,2.02,1.3,2.53,3.34,1.46,3,0,1,2,0,2,1,545,0,47,0,51500,2,1,3,1,4,0,4,4,0,2,2,1,2,3,1,74,30,126,89,1.46,1.14,2.6,0,0,0,0,0,0,1,1,0,1,0,1,0,0,1,19,25,1,12,10,1,3,7,47,79,16,64,1.29,1.69,1.1,1.89,1.05,1.89,53,21,1.38,1.64,3.02,27,True,True,True,False,False,False,True,2.72,1.48,1.78,2.02,2.95,1.80,1.25,2.85,2.51,3.53,1.64,2.33,1.35,3.30,,
Germany_Bundesliga_2_2025-2026,2025/2026,21,Greuther Fürth,Magdeburg,2026-02-06 17:30:00,4,5,9,10,1,11,1,2,0,0,5,7,9,6,14,13,13,19,56,44,Sportpark Ronhof Thomas Sommer,"Laubenweg 60, Fürth",1,2,3.75,3.7,1.68,1.14,1.6,2.32,1.49,2.38,1.33,1.7,3.02,2.27,1.28,2.34,3.3,1.53,9,3,5,1,0,1,8,558,0,42,0,-1,2,1,6,1,4,0,7,4,1,1,0,1,2,1,1,37,32,108,79,1.51,1.54,3.05,0,0,0,0,0,0,1,1,1,0,3,1,0,0,1,18,17,1,18,13,1,4,10,59,79,43,69,1.23,1.36,1.0,1.3,0.95,1.0,42,21,1.14,1.82,2.96,27,True,True,True,True,True,True,True,,,1.59,2.29,2.41,1.57,1.18,4.57,1.71,4.28,1.57,2.48,,,,
Germany_Bundesliga_2_2025-2026,2025/2026,21,Preußen Münster,Bochum,2026-02-06 17:30:00,1,1,2,3,6,9,2,2,0,0,3,7,6,8,9,15,12,16,40,60,Preußen-Stadion,"Am Berg Fidel 7, Münster",2,2,2.45,3.25,2.4,1.22,1.75,2.8,1.6,2.2,1.37,1.8,2.85,2.18,1.34,2.56,2.99,1.45,2,1,0,0,1,1,1,-1,0,70,0,-1,2,1,1,3,2,3,4,5,0,0,2,2,0,4,1,30,27,95,84,1.01,1.63,2.64,0,0,0,0,0,0,1,1,0,0,0,0,0,0,1,23,26,1,14,15,1,7,7,55,85,20,65,1.07,0.85,1.4,0.9,1.05,1.3,45,15,1.48,1.26,2.74,27,True,True,False,False,False,False,True,3.01,1.41,1.62,2.24,,,,2.60,2.82,3.39,1.72,2.18,1.41,3.01,,
Germany_Bundesliga_2_2025-2026,2025/2026,21,Paderborn,Nürnberg,2026-02-07 12:00:00,2,1,3,6,5,11,2,3,0,1,7,3,9,4,16,7,11,10,55,45,Benteler-Arena,"Paderborner Straße 89, Paderborn",2,5,1.94,3.56,3.69,1.24,1.72,2.61,1.65,2.2,1.38,1.63,2.82,2.14,1.33,2.5,3.33,1.47,3,2,0,0,1,1,2,53,0,63,0,-1,2,1,2,3,4,2,5,6,0,1,2,3,1,5,1,87,36,104,74,2.12,0.92,3.04,1,0,1,0,0,0,1,1,0,0,1,1,0,0,1,22,27,1,13,16,1,5,10,63,84,37,68,2.07,0.85,1.9,0.78,1.8,1.3,37,16,1.95,1.48,3.43,27,True,True,True,False,False,False,True,2.48,1.56,1.65,2.21,2.62,1.67,1.21,1.98,3.84,3.72,1.57,2.48,1.33,3.33,,
Germany_Bundesliga_2_2025-2026,2025/2026,21,Elversberg,Hertha BSC,2026-02-07 12:00:00,0,3,3,7,5,12,1,2,0,0,4,5,17,1,21,6,8,13,60,40,URSAPHARM-Arena an der Kaiserlinde,"Lindenstraße, Spiesen-Elversberg",1,2,2.08,3.51,2.95,1.17,1.56,2.4,1.5,2.4,1.38,1.82,2.8,2.13,1.28,2.33,3.34,1.53,3,0,1,0,2,2,1,47,0,44,0,-1,2,1,3,4,4,1,7,5,1,0,0,2,1,2,1,71,32,112,93,2.11,0.97,3.09,0,0,0,0,0,0,1,1,0,0,0,0,1,0,1,24,14,1,13,9,1,2,14,56,62,39,62,2.15,1.85,2.11,1.67,1.9,1.55,45,39,1.79,1.44,3.23,27,True,True,True,False,False,False,False,2.64,1.51,1.67,2.18,2.85,1.75,1.23,2.21,3.27,3.64,1.63,2.35,,,,
Germany_Bundesliga_2_2025-2026,2025/2026,21,Schalke 04,Dynamo Dresden,2026-02-07 12:00:00,2,2,4,7,1,8,2,2,0,0,5,2,11,7,16,9,17,11,44,56,VELTINS-Arena,"Arenaring 1, Gelsenkirchen",2,2,1.73,3.8,4.75,1.33,1.98,3.55,1.83,1.85,1.36,1.85,2.88,2.09,1.41,3.01,3.02,1.41,4,0,0,2,2,4,0,-1,0,62,0,-1,2,1,2,0,5,1,2,6,0,1,2,1,1,3,1,47,47,109,100,1.7,1.06,2.76,0,0,0,0,0,0,1,1,0,0,0,0,0,0,1,23,38,1,9,15,1,10,9,62,72,41,78,2.31,1.0,2.44,1.1,1.95,1.0,38,28,1.55,1.55,3.1,27,True,True,True,True,False,False,True,,,1.67,2.17,3.33,1.92,1.30,1.86,4.45,3.67,1.77,2.11,,,1.45,2.61
Germany_Bundesliga_2_2025-2026,2025/2026,21,Darmstadt 98,Kaiserslautern,2026-02-07 19:30:00,4,0,4,6,6,12,1,2,0,0,9,2,6,14,15,16,4,13,47,53,Merck-Stadion am Böllenfalltor,"Nieder-Ramstädter Straße 170, Darmstadt",1,2,1.89,3.75,3.85,1.14,1.66,2.39,1.57,2.25,1.39,1.85,2.75,2.09,1.33,2.39,3.04,1.51,4,3,0,1,0,1,3,48,0,47,0,-1,2,1,4,4,2,2,8,4,1,2,0,0,3,0,1,34,48,99,85,1.83,1.49,3.32,1,0,1,0,0,0,1,1,1,0,1,0,0,1,1,11,12,1,16,8,1,10,5,47,74,20,52,2.43,0.92,2.4,1.0,1.9,1.55,53,26,1.73,1.19,2.92,27,True,True,True,True,False,False,False,2.58,1.53,,,2.74,1.72,1.22,2.12,3.67,3.46,1.60,2.42,,,,
Germany_Bundesliga_2_2025-2026,2025/2026,21,Hannover 96,Holstein Kiel,2026-02-08 12:30:00,3,1,4,10,4,14,0,3,0,0,8,4,12,4,20,8,11,19,52,48,HDI-Arena,"Robert-Enke-Str. 3, Hannover",0,3,1.49,3.9,5.25,1.23,1.86,2.85,1.8,1.91,1.41,1.89,2.68,2.05,1.42,2.69,2.65,1.41,4,2,0,1,1,2,2,52,0,57,0,-1,2,1,7,2,3,2,9,5,0,2,0,1,2,1,1,63,29,103,84,2.27,1.0,3.28,0,0,0,0,0,0,1,1,1,0,2,0,0,0,1,19,22,1,18,12,1,2,14,64,79,37,73,1.77,0.93,1.78,1.0,1.75,1.2,36,21,1.92,1.21,3.13,27,True,True,True,True,False,False,True,2.73,1.48,1.81,2.00,2.94,1.82,1.25,1.62,6.39,3.79,1.85,2.01,1.35,3.30,1.46,2.61
Germany_Bundesliga_2_2025-2026,2025/2026,21,Arminia Bielefeld,Eintracht Braunschweig,2026-02-08 12:30:00,3,2,5,9,1,10,1,3,0,0,8,4,13,8,21,12,14,10,47,53,SchücoArena,"Melanchthonstraße 31a, Bielefeld",1,3,1.83,3.5,3.8,1.3,2.04,3.4,1.75,1.95,1.35,1.9,2.96,2.04,1.36,2.8,2.65,1.36,5,2,2,1,0,1,4,543,0,58,0,-1,2,1,5,0,4,1,5,5,0,1,1,2,1,3,1,53,45,97,120,2.26,1.38,3.64,0,0,0,0,0,0,1,1,1,1,0,0,0,1,1,17,22,1,11,13,1,6,10,63,79,42,74,1.38,0.85,1.4,1.11,1.05,1.2,37,22,1.55,1.47,3.02,27,True,True,True,True,True,False,True,2.90,1.43,1.73,2.06,3.12,1.88,1.27,1.83,4.76,3.62,1.75,2.15,1.39,3.11,1.44,2.62
Germany_Bundesliga_2_2025-2026,2025/2026,21,Karlsruher SC,Fortuna Düsseldorf,2026-02-08 12:30:00,1,1,2,3,3,6,1,2,0,0,2,5,6,14,8,19,15,15,56,44,Wildparkstadion,"Adenauerring 17, Karlsruhe",1,2,2.51,3.65,2.22,1.18,1.67,2.38,1.53,2.3,1.39,1.74,2.35,2.05,1.33,2.44,3.02,1.49,2,0,1,1,0,1,1,-1,0,62,0,-1,2,1,2,1,1,2,3,3,0,1,1,1,1,2,1,52,35,110,90,1.03,1.8,2.83,0,0,0,0,0,0,1,1,0,0,0,0,0,1,1,21,15,1,15,13,1,9,11,67,73,28,67,1.85,1.0,1.78,1.0,1.3,1.15,33,28,1.38,1.36,2.74,27,True,True,False,False,False,False,True,2.52,1.55,1.74,2.05,2.62,1.66,1.20,3.49,2.04,3.88,1.57,2.49,,,,
Germany_Bundesliga_2_2025-2026,2025/2026,22,Fortuna Düsseldorf,Preußen Münster,2026-02-13 17:30:00,0,0,0,2,2,4,3,4,0,0,3,2,10,4,13,6,7,9,49,51,Merkur Spiel-Arena,"Arena-Str. 1, Düsseldorf",3,4,1.98,3.55,3.45,1.26,1.66,3.1,1.67,2.08,1.58,1.97,2.24,1.78,1.36,2.82,2.88,1.43,0,0,0,0,0,0,0,-1,0,63,0,-1,2,1,0,1,2,1,1,3,2,2,1,2,4,3,1,64,31,106,83,1.5,0.75,2.25,0,0,0,0,0,0,1,1,0,0,0,1,0,0,1,45,30,1,12,9,1,4,11,58,81,25,58,1.29,0.85,1.27,0.7,1.14,1.05,43,19,1.39,1.23,2.62,27,False,False,False,False,False,False,False,2.87,1.44,,,3.21,1.92,1.28,1.92,4.26,3.61,1.77,2.12,1.38,3.15,,
Germany_Bundesliga_2_2025-2026,2025/2026,22,Nürnberg,Karlsruher SC,2026-02-13 17:30:00,5,1,6,4,6,10,1,3,0,0,8,2,4,9,12,11,10,14,43,57,Max-Morlock-Stadion,"Max-Morlock-Platz 1, Nürnberg",1,3,1.7,4.0,3.9,1.17,1.57,2.29,1.55,2.2,1.38,1.83,2.78,2.23,1.25,2.29,3.34,1.58,6,3,0,2,1,3,3,127,0,50,0,-1,2,1,1,2,3,4,3,7,0,1,1,2,1,3,1,31,49,72,108,1.54,1.2,2.74,0,1,0,1,0,0,1,1,0,0,0,0,0,0,1,8,21,1,14,10,1,11,4,60,78,32,55,1.79,0.93,1.73,0.91,1.24,1.29,41,23,1.58,1.33,2.91,27,True,True,True,True,True,True,True,,,1.67,2.15,2.56,1.63,1.19,1.76,4.44,4.14,1.62,2.36,,,,
Germany_Bundesliga_2_2025-2026,2025/2026,22,Hertha BSC,Hannover 96,2026-02-14 12:00:00,2,3,5,5,6,11,1,0,0,0,7,7,10,5,17,12,13,9,55,45,Olympiastadion Berlin,"Olympischer Platz 3, Berlin",1,0,2.88,3.3,2.25,1.22,1.7,2.54,1.57,2.25,1.36,1.75,2.7,2.02,1.33,2.61,3.37,1.49,5,0,2,2,1,3,2,52,0,50,0,-1,2,1,1,3,4,3,4,7,0,0,1,0,0,1,1,47,45,105,95,1.9,1.58,3.48,1,0,1,0,0,0,1,1,0,1,0,0,0,0,1,25,20,1,10,14,1,6,6,50,82,37,64,1.43,1.86,1.45,1.73,1.62,1.81,50,18,1.45,1.5,2.95,27,True,True,True,True,True,False,True,2.61,1.52,1.77,2.03,2.74,1.71,1.22,2.94,2.40,3.62,1.59,2.44,1.34,3.37,1.45,2.59
Germany_Bundesliga_2_2025-2026,2025/2026,22,Eintracht Braunschweig,Darmstadt 98,2026-02-14 12:00:00,2,2,4,6,7,13,1,1,0,0,6,5,9,7,15,12,5,5,37,63,,,1,1,3.2,3.5,2.21,1.19,1.76,2.9,1.6,2.35,1.38,1.82,2.8,2.18,1.36,2.45,2.85,1.42,4,2,0,0,2,2,2,-1,0,58,0,-1,2,1,3,2,3,5,5,8,1,0,0,1,1,1,1,52,44,86,104,1.74,1.43,3.17,1,0,1,0,0,0,1,1,0,0,2,0,0,0,1,24,17,1,6,10,1,5,7,58,81,38,66,1.29,1.23,1.27,1.4,1.14,1.95,43,20,1.31,1.35,2.66,27,True,True,True,True,False,False,True,2.94,1.42,1.71,2.09,3.38,2.00,1.30,3.32,2.30,3.37,1.75,2.14,1.40,3.07,,
Germany_Bundesliga_2_2025-2026,2025/2026,22,Kaiserslautern,Greuther Fürth,2026-02-14 12:00:00,1,0,1,1,6,7,2,3,0,0,3,2,10,12,13,14,14,14,36,64,Fritz-Walter-Stadion,"Fritz-Walter-Straße 1, Kaiserslautern",2,3,1.64,4.3,4.6,1.15,1.54,2.38,1.5,2.3,1.39,1.65,2.77,2.14,1.26,2.35,3.34,1.62,1,1,0,0,0,0,1,542,0,78,0,-1,2,1,1,3,0,3,4,3,1,1,1,2,2,3,1,44,49,81,113,1.35,1.38,2.73,0,0,0,0,0,0,1,1,1,0,1,1,0,0,1,34,27,1,14,14,1,6,11,78,87,36,73,2.0,0.93,2.0,0.91,1.48,0.9,23,14,1.77,1.31,3.08,27,True,False,False,False,False,False,False,2.40,1.60,,,2.52,1.62,1.20,1.69,4.82,4.19,1.63,2.36,,,,
Germany_Bundesliga_2_2025-2026,2025/2026,22,Dynamo Dresden,Elversberg,2026-02-14 19:30:00,1,2,3,5,6,11,3,3,0,0,4,5,9,7,13,12,4,3,44,56,,,3,3,3.1,3.5,2.1,1.22,1.75,2.72,1.63,2.36,1.35,1.91,2.65,2.03,1.34,2.53,3.37,1.46,3,1,0,0,2,2,1,6326,0,68,0,-1,2,1,1,4,4,2,5,6,0,1,3,2,1,5,1,58,58,84,108,1.52,1.53,3.05,0,0,0,0,0,0,1,1,0,0,0,0,0,1,1,20,18,1,13,14,1,5,7,63,91,48,91,1.15,1.64,0.9,1.73,1.0,1.81,38,10,1.32,1.65,2.97,27,True,True,True,False,False,False,True,,,1.71,2.10,,,,3.26,2.25,3.56,1.62,2.36,,,1.45,2.59
Germany_Bundesliga_2_2025-2026,2025/2026,22,Bochum,Paderborn,2026-02-15 12:30:00,0,0,0,4,6,10,2,3,0,0,9,3,13,3,22,6,16,9,47,53,Vonovia Ruhrstadion,"Castropher Straße 145, Bochum",2,3,2.55,3.6,2.65,1.2,1.75,2.4,1.57,2.25,1.32,1.72,3.05,2.32,1.33,2.44,3.24,1.49,0,0,0,0,0,0,0,-1,0,50,0,-1,2,1,2,2,2,4,4,6,1,1,1,2,2,3,1,53,29,99,104,2.39,0.82,3.21,0,0,0,0,0,0,1,1,0,0,0,0,0,0,1,23,17,1,9,15,1,6,12,50,80,35,80,1.57,1.69,1.7,1.7,1.29,1.86,50,20,1.81,1.59,3.4,27,False,False,False,False,False,False,False,2.74,1.48,1.72,2.09,3.08,1.87,1.26,2.86,2.56,3.42,1.65,2.30,1.36,3.28,,
Germany_Bundesliga_2_2025-2026,2025/2026,22,Holstein Kiel,Schalke 04,2026-02-15 12:30:00,1,2,3,9,6,15,3,1,0,0,4,9,6,13,10,22,17,10,55,45,Holstein-Stadion,"Westring 501, Kiel",3,1,3.0,3.3,2.39,1.33,2.21,3.3,1.7,1.91,1.5,1.79,2.47,1.89,1.36,2.8,2.8,1.38,3,0,2,1,0,1,2,35,0,39,0,-1,2,1,2,4,7,2,6,9,1,0,2,1,1,3,1,52,61,73,125,1.29,2.46,3.74,1,0,1,0,0,0,1,1,0,0,0,0,0,0,1,28,26,1,11,19,1,7,7,38,72,29,48,1.15,1.57,1.4,1.55,1.14,1.9,62,28,1.42,1.32,2.74,27,True,True,True,False,False,False,True,,,1.86,1.95,3.85,2.13,1.36,3.06,2.49,3.28,1.88,1.97,,,1.51,2.47
Germany_Bundesliga_2_2025-2026,2025/2026,22,Magdeburg,Arminia Bielefeld,2026-02-15 12:30:00,0,2,2,4,4,8,2,2,0,0,3,4,16,11,19,15,8,17,60,40,MDCC-Arena,"Friedrich-Ebert-Straße 69, Magdeburg",2,2,2.15,3.75,3.19,1.14,1.54,2.35,1.5,2.49,1.33,1.58,3.05,2.28,1.29,2.3,3.4,1.6,2,0,1,0,1,1,1,543,0,50,0,-1,2,1,1,3,3,1,4,4,1,1,1,1,2,2,1,61,51,101,112,1.85,1.6,3.45,0,0,0,0,0,0,1,1,0,0,0,2,0,0,1,16,22,1,14,8,1,6,13,45,80,35,60,0.62,0.71,0.7,0.7,1.1,1.14,55,20,1.75,1.46,3.21,27,True,True,False,False,False,False,False,2.47,1.57,1.58,2.28,2.60,1.66,1.20,2.13,3.41,3.69,1.56,2.52,,,,
Germany_Bundesliga_2_2025-2026,2025/2026,23,Greuther Fürth,Arminia Bielefeld,2026-02-20 17:30:00,2,1,3,0,10,10,2,3,0,0,3,3,2,12,5,15,12,18,45,55,Sportpark Ronhof Thomas Sommer,"Laubenweg 60, Fürth",2,3,3.85,3.55,2.0,1.2,1.7,2.88,1.62,2.15,1.4,1.64,2.73,2.08,1.3,2.66,3.2,1.5,3,1,1,1,0,1,2,544,0,53,0,-1,2,1,0,4,0,6,4,6,0,0,2,3,0,5,1,21,63,94,133,0.7,1.62,2.32,0,0,0,0,0,0,1,1,1,0,0,0,0,0,1,18,38,1,18,11,1,4,1,49,81,44,68,1.23,0.71,0.9,0.91,0.86,1.23,52,19,1.17,1.47,2.64,27,True,True,True,False,False,False,True,2.65,1.50,1.68,2.13,2.87,1.75,1.23,4.24,1.84,3.93,1.70,2.21,1.34,3.37,,
Germany_Bundesliga_2_2025-2026,2025/2026,23,Bochum,Nürnberg,2026-02-20 17:30:00,1,1,2,3,3,6,1,3,0,0,3,4,5,5,8,9,11,10,53,47,Vonovia Ruhrstadion,"Castropher Straße 145, Bochum",1,3,1.96,3.4,3.1,1.22,1.7,2.88,1.62,2.2,1.41,1.88,2.7,2.1,1.3,2.5,3.2,1.5,2,0,1,1,0,1,1,-1,0,53,0,-1,2,1,1,1,2,2,2,4,1,2,0,1,3,1,1,54,49,104,107,1.12,1.21,2.33,1,0,1,0,0,0,1,1,0,0,0,0,0,0,1,18,28,1,8,13,1,8,6,53,77,43,67,1.57,0.85,1.64,0.7,1.27,1.32,48,24,1.86,1.42,3.28,27,True,True,False,False,False,False,True,2.67,1.50,1.74,2.07,2.88,1.75,1.24,2.23,3.26,3.59,1.62,2.37,1.34,3.36,,
Germany_Bundesliga_2_2025-2026,2025/2026,23,Darmstadt 98,Fortuna Düsseldorf,2026-02-21 12:00:00,2,1,3,4,11,15,4,0,0,1,4,9,10,9,14,18,11,14,54,46,Merck-Stadion am Böllenfalltor,"Nieder-Ramstädter Straße 170, Darmstadt",4,2,2.05,3.45,3.45,1.19,1.73,2.57,1.6,2.19,1.41,1.74,2.56,1.95,1.38,2.5,2.81,1.47,3,1,1,1,0,1,2,48,0,53,0,-1,2,1,0,4,4,7,4,11,3,0,1,1,3,2,1,53,50,91,86,1.55,2.12,3.67,0,0,0,0,0,0,1,1,1,0,0,0,0,0,1,9,12,1,14,12,1,7,11,53,67,33,67,2.43,1.0,2.45,1.0,1.91,1.14,48,34,1.74,1.41,3.15,27,True,True,True,False,False,False,True,2.66,1.50,,,2.81,1.77,1.23,2.04,4.05,3.38,1.62,2.37,1.34,3.36,,
Germany_Bundesliga_2_2025-2026,2025/2026,23,Karlsruher SC,Holstein Kiel,2026-02-21 12:00:00,3,1,4,3,4,7,5,5,0,0,7,4,6,12,13,16,24,13,32,68,Wildparkstadion,"Adenauerring 17, Karlsruhe",5,5,2.75,3.5,2.3,1.15,1.66,2.54,1.52,2.51,1.39,1.65,2.77,2.13,1.3,2.44,3.22,1.49,4,1,0,2,1,3,1,547,0,72,0,-1,2,1,0,4,3,0,4,3,1,2,4,3,3,7,1,32,55,64,129,1.54,1.7,3.23,0,0,0,0,0,0,1,1,1,0,0,2,0,0,1,15,20,1,11,23,1,12,6,63,86,38,81,1.85,0.93,1.7,0.91,1.23,1.09,38,14,1.35,1.19,2.54,27,True,True,True,True,False,False,True,2.53,1.55,,,,,,2.83,2.47,3.64,1.56,2.51,,,,
Germany_Bundesliga_2_2025-2026,2025/2026,23,Elversberg,Eintracht Braunschweig,2026-02-21 12:00:00,3,1,4,4,0,4,1,1,0,0,4,4,8,3,12,7,7,14,59,41,URSAPHARM-Arena an der Kaiserlinde,"Lindenstraße, Spiesen-Elversberg",1,1,1.58,4.25,5.57,1.22,1.67,2.51,1.75,1.95,1.35,1.6,2.92,2.2,1.33,2.3,3.3,1.55,4,2,1,1,0,1,3,6326,0,50,0,-1,2,1,0,0,4,0,0,4,0,0,1,1,0,2,1,38,41,84,89,1.32,1.03,2.34,0,0,0,0,0,0,1,1,1,0,0,0,0,0,1,29,22,1,11,7,1,6,9,55,65,30,65,2.15,0.85,1.9,1.0,1.86,1.14,45,35,1.82,1.46,3.28,27,True,True,True,True,False,False,True,2.51,1.55,1.60,2.25,,,,1.57,5.78,4.44,1.77,2.12,1.33,3.33,,
Germany_Bundesliga_2_2025-2026,2025/2026,23,Schalke 04,Magdeburg,2026-02-21 19:30:00,5,3,8,4,2,6,2,0,0,0,12,4,9,11,21,15,16,7,48,52,VELTINS-Arena,"Arenaring 1, Gelsenkirchen",2,0,1.89,3.35,3.25,1.22,1.73,2.8,1.65,2.1,1.39,1.84,2.77,2.1,1.34,2.5,2.99,1.47,8,2,1,3,2,5,3,35,0,48,0,-1,2,1,1,1,3,1,2,4,0,0,2,0,0,2,1,69,17,133,90,2.66,1.36,4.02,1,1,1,1,0,0,1,1,0,0,1,1,0,0,1,28,27,1,7,18,1,7,8,53,66,28,57,2.31,1.36,2.3,1.45,1.95,1.05,48,34,1.56,1.79,3.35,27,True,True,True,True,True,True,True,2.59,1.52,,,2.82,1.74,1.23,2.12,3.39,3.74,1.62,2.37,1.34,3.38,,
Germany_Bundesliga_2_2025-2026,2025/2026,23,Paderborn,Hertha BSC,2026-02-22 12:30:00,5,2,7,4,7,11,0,1,0,0,9,3,8,5,17,8,4,4,54,46,Benteler-Arena,"Paderborner Straße 89, Paderborn",0,1,2.19,3.52,3.0,1.18,1.69,2.62,1.56,2.28,1.29,1.81,2.83,2.14,1.32,2.45,3.1,1.51,7,3,1,2,1,3,4,53,0,57,0,-1,2,1,4,2,0,5,6,5,0,0,0,1,0,1,1,52,36,87,85,2.07,0.98,3.06,1,0,1,0,0,0,1,1,1,0,0,0,0,0,1,18,16,1,14,9,1,6,10,72,81,48,76,2.07,1.85,2.0,1.8,1.82,1.55,29,20,1.97,1.4,3.37,27,True,True,True,True,True,True,True,,,1.64,2.20,2.76,1.71,1.22,2.32,3.08,3.60,1.59,2.44,,,,
Germany_Bundesliga_2_2025-2026,2025/2026,23,Hannover 96,Dynamo Dresden,2026-02-22 12:30:00,0,0,0,9,2,11,2,3,0,0,3,1,8,4,11,5,17,14,56,44,HDI-Arena,"Robert-Enke-Str. 3, Hannover",2,3,1.5,4.55,5.83,1.14,1.62,2.45,1.7,2.04,1.34,1.71,3.0,2.26,1.27,2.4,3.4,1.56,0,0,0,0,0,0,0,-1,0,66,0,-1,2,1,4,2,5,0,6,5,1,3,1,0,4,1,1,45,32,106,86,1.24,0.63,1.87,0,0,0,0,0,0,1,1,0,0,0,1,0,0,1,19,20,1,13,15,1,3,10,81,90,48,76,1.77,1.0,1.9,1.09,1.86,0.95,19,10,1.95,1.5,3.45,27,False,False,False,False,False,False,False,2.24,1.68,,,2.35,1.55,1.17,1.50,6.15,4.84,1.68,2.26,,,,
Germany_Bundesliga_2_2025-2026,2025/2026,23,Preußen Münster,Kaiserslautern,2026-02-22 12:30:00,2,3,5,6,5,11,3,3,0,0,8,6,12,12,20,18,16,12,55,45,Preußen-Stadion,"Am Berg Fidel 7, Münster",3,3,2.39,3.15,2.6,1.21,1.79,2.76,1.6,2.19,1.42,1.93,2.63,2.07,1.36,2.59,3.0,1.44,5,1,3,1,0,1,4,542,0,61,0,-1,2,1,2,3,4,2,5,6,1,1,2,2,2,4,1,60,29,92,78,2.25,1.76,4.01,0,1,0,1,0,0,1,1,0,1,1,0,0,0,1,18,23,1,13,17,1,8,11,53,86,10,66,1.07,0.92,1.36,0.9,1.05,1.55,48,15,1.44,1.22,2.66,27,True,True,True,True,True,False,True,2.95,1.42,1.74,2.07,3.44,2.00,1.30,2.53,2.95,3.35,1.74,2.16,1.40,3.06,,
Germany_Bundesliga_2_2025-2026,2025/2026,24,Fortuna Düsseldorf,Bochum,2026-02-27 17:30:00,2,1,3,10,3,13,1,1,0,0,9,3,11,7,20,10,5,10,55,45,Merkur Spiel-Arena,"Arena-Str. 1, Düsseldorf",1,1,2.28,3.3,3.1,1.25,1.79,2.9,1.61,2.1,1.45,1.72,2.61,1.97,1.35,2.62,2.94,1.43,3,1,0,1,1,2,1,545,0,57,0,-1,2,1,9,0,1,3,9,4,0,0,1,1,0,2,1,49,41,108,74,2.25,1.14,3.38,0,0,0,0,0,0,1,1,0,0,3,0,0,0,1,18,25,1,13,10,1,8,7,48,79,18,53,1.29,0.85,1.25,0.91,1.09,1.26,53,22,1.4,1.29,2.69,27,True,True,True,False,False,False,True,2.57,1.53,1.78,2.01,2.72,1.69,1.21,2.15,3.43,3.61,1.57,2.48,1.34,3.37,1.45,2.61
Germany_Bundesliga_2_2025-2026,2025/2026,24,Dynamo Dresden,Darmstadt 98,2026-02-27 17:30:00,3,1,4,1,8,9,2,1,1,1,7,7,12,10,19,17,15,13,49,51,,,3,3,2.8,3.5,2.32,1.2,1.78,2.72,1.57,2.2,1.42,1.62,2.87,2.2,1.33,2.56,3.04,1.45,4,2,0,1,1,2,2,539,0,73,0,-1,2,1,1,1,0,7,2,7,1,1,2,1,2,3,1,35,44,94,91,1.94,1.88,3.82,0,0,0,0,0,0,1,1,0,0,0,0,1,0,1,13,16,1,13,18,1,7,3,69,82,50,73,1.15,1.23,0.82,1.36,0.96,1.96,32,18,1.34,1.36,2.7,27,True,True,True,True,False,False,True,2.69,1.49,1.65,2.21,3.02,1.84,1.25,2.49,2.86,3.54,1.64,2.33,1.35,3.33,,
Germany_Bundesliga_2_2025-2026,2025/2026,24,Arminia Bielefeld,Hannover 96,2026-02-28 12:00:00,0,1,1,9,3,12,1,1,0,0,7,1,16,5,23,6,17,13,43,57,SchücoArena,"Melanchthonstraße 31a, Bielefeld",1,1,2.72,3.62,2.35,1.18,1.73,2.8,1.61,2.2,1.45,1.66,2.55,2.06,1.32,2.4,3.1,1.46,1,0,0,0,1,1,0,52,0,70,0,-1,2,1,6,2,2,1,8,3,0,0,1,1,0,2,1,57,39,118,74,2.35,0.74,3.09,0,1,0,1,0,0,1,1,0,0,2,0,0,0,1,20,20,1,13,18,1,7,9,78,96,57,83,1.38,1.86,1.55,1.83,1.17,1.83,22,5,1.62,1.5,3.12,27,True,False,False,False,False,False,False,2.56,1.53,,,2.79,1.71,1.22,2.74,2.54,3.64,1.58,2.47,1.34,3.38,,
Germany_Bundesliga_2_2025-2026,2025/2026,24,Kaiserslautern,Paderborn,2026-02-28 12:00:00,1,2,3,3,2,5,2,3,0,0,2,5,9,11,11,16,11,23,48,52,Fritz-Walter-Stadion,"Fritz-Walter-Straße 1, Kaiserslautern",2,3,3.0,3.4,2.21,1.2,1.68,2.35,1.53,2.25,1.48,2.05,2.47,1.93,1.25,2.18,3.22,1.56,3,0,1,1,1,2,1,53,0,60,0,-1,2,1,2,1,0,1,3,1,1,0,1,3,1,4,1,47,45,82,119,1.18,1.69,2.87,0,1,0,1,0,0,1,1,0,0,0,0,0,0,1,24,14,1,24,11,1,10,6,56,74,30,74,2.0,1.69,2.08,1.64,1.61,1.87,44,26,1.74,1.52,3.26,27,True,True,True,False,False,False,True,2.55,1.54,1.88,1.94,2.75,1.72,1.22,3.56,2.07,3.71,1.60,2.41,,,1.48,2.52
Germany_Bundesliga_2_2025-2026,2025/2026,24,Holstein Kiel,Elversberg,2026-02-28 12:00:00,1,1,2,5,7,12,2,2,0,0,3,4,8,3,11,7,18,17,52,48,Holstein-Stadion,"Westring 501, Kiel",2,2,3.25,3.65,2.1,1.18,1.61,2.68,1.62,2.32,1.35,1.78,2.88,2.18,1.33,2.53,3.04,1.52,2,0,0,1,1,2,0,-1,0,57,0,-1,2,1,3,3,2,4,6,6,1,0,1,2,1,3,1,42,49,82,88,1.21,1.08,2.29,0,0,0,0,0,0,1,1,0,0,1,1,0,0,1,17,27,1,16,16,1,4,8,52,87,35,74,1.15,1.64,1.27,1.83,1.04,1.91,49,13,1.41,1.64,3.05,27,True,True,False,False,False,False,True,,,1.64,2.22,2.85,1.75,1.23,3.25,2.22,3.64,1.61,2.41,,,,
Germany_Bundesliga_2_2025-2026,2025/2026,24,Greuther Fürth,Schalke 04,2026-02-28 19:30:00,1,1,2,4,5,9,2,4,0,0,1,4,5,11,6,15,7,10,39,61,Sportpark Ronhof Thomas Sommer,"Laubenweg 60, Fürth",2,4,5.0,3.8,1.67,1.25,1.83,3.21,1.79,1.92,1.57,2.06,2.44,1.92,1.37,2.45,3.21,1.44,2,1,0,0,1,1,1,-1,0,44,0,-1,2,1,2,3,2,2,5,4,1,1,1,3,2,4,1,22,60,61,124,0.61,1.67,2.28,0,0,0,0,0,0,1,1,0,0,0,1,0,0,1,20,29,1,10,7,1,13,7,58,75,49,66,1.23,1.57,1.09,1.67,0.96,2.0,43,26,1.13,1.42,2.55,27,True,True,False,False,False,False,True,2.72,1.48,1.90,1.92,3.02,1.80,1.26,4.82,1.72,4.04,1.76,2.13,1.35,3.30,1.52,2.44
Germany_Bundesliga_2_2025-2026,2025/2026,24,Magdeburg,Karlsruher SC,2026-03-01 12:30:00,1,3,4,6,2,8,2,4,0,0,9,7,14,1,23,8,8,13,63,37,MDCC-Arena,"Friedrich-Ebert-Straße 69, Magdeburg",2,4,1.58,4.5,4.72,1.13,1.34,1.95,1.4,2.66,1.37,1.57,2.9,2.2,1.19,2.09,3.94,1.74,4,0,1,1,2,3,1,547,0,39,0,-1,2,1,2,2,4,0,4,4,0,1,2,3,1,5,1,56,23,124,79,2.49,1.17,3.66,0,0,0,0,0,0,1,1,0,0,0,1,0,0,1,22,12,1,12,9,1,1,23,61,79,39,70,0.62,0.93,0.64,0.83,1.0,1.3,39,22,1.76,1.32,3.08,27,True,True,True,True,False,False,True,2.19,1.71,1.56,2.34,2.21,1.48,1.15,1.71,4.60,4.27,1.52,2.64,,,,
Germany_Bundesliga_2_2025-2026,2025/2026,24,Hertha BSC,Nürnberg,2026-03-01 12:30:00,2,1,3,3,6,9,0,2,0,0,5,1,9,4,14,5,8,9,55,45,Olympiastadion Berlin,"Olympischer Platz 3, Berlin",0,2,1.95,3.7,3.52,1.18,1.63,2.5,1.5,2.4,1.36,1.61,2.88,2.17,1.28,2.3,3.34,1.57,3,1,1,1,0,1,2,47,0,49,0,-1,2,1,1,2,2,4,3,6,0,0,0,2,0,2,1,41,46,87,103,1.53,0.73,2.26,0,0,0,0,0,0,1,1,0,0,1,0,0,0,1,18,28,1,13,11,1,3,11,40,75,31,57,1.43,0.85,1.33,0.73,1.48,1.3,60,26,1.49,1.4,2.89,27,True,True,True,False,False,False,True,,,1.76,2.03,2.66,1.68,1.21,2.25,3.18,3.65,1.60,2.41,,,1.45,2.61
Germany_Bundesliga_2_2025-2026,2025/2026,24,Eintracht Braunschweig,Preußen Münster,2026-03-01 12:30:00,1,2,3,7,0,7,2,2,0,1,3,3,8,5,11,8,7,12,45,55,,,2,3,2.37,3.28,2.94,1.29,1.93,3.08,1.67,2.05,1.4,1.78,2.72,2.07,1.4,2.77,2.9,1.39,3,0,0,1,2,3,0,556,0,61,0,-1,2,1,3,0,4,0,3,4,0,2,2,1,2,3,1,52,24,120,100,1.29,0.9,2.2,0,0,0,0,0,0,1,1,0,0,1,0,0,0,1,29,22,1,12,8,1,7,10,57,83,39,69,1.29,0.85,1.25,0.73,1.09,1.0,44,18,1.34,1.19,2.53,27,True,True,True,False,False,False,True,2.97,1.42,,,3.44,1.97,1.30,2.64,2.79,3.36,1.71,2.20,1.40,3.04,,
Germany_Bundesliga_2_2025-2026,2025/2026,25,Schalke 04,Arminia Bielefeld,2026-03-06 17:30:00,1,0,1,9,2,11,0,2,0,0,8,3,16,9,24,12,7,10,45,55,VELTINS-Arena,"Arenaring 1, Gelsenkirchen",0,2,1.9,3.6,3.9,1.24,1.88,3.21,1.73,1.95,1.47,2.01,2.6,1.92,1.39,2.8,2.85,1.41,1,1,0,0,0,0,1,35,0,57,0,-1,2,1,5,1,4,1,6,5,0,0,0,2,0,2,1,61,52,115,100,2.51,1.35,3.86,0,0,0,0,0,0,1,1,0,0,0,0,0,0,1,22,27,1,13,7,1,7,7,44,69,30,57,2.31,0.71,2.36,0.83,1.96,1.13,56,31,1.66,1.48,3.14,27,True,False,False,False,False,False,False,2.88,1.44,1.83,1.98,3.19,1.88,1.27,1.94,4.08,3.65,1.74,2.16,1.38,3.13,1.47,2.56
Germany_Bundesliga_2_2025-2026,2025/2026,25,Elversberg,Magdeburg,2026-03-06 17:30:00,1,0,1,11,5,16,0,2,0,0,4,3,12,11,16,14,3,3,49,51,URSAPHARM-Arena an der Kaiserlinde,"Lindenstraße, Spiesen-Elversberg",0,2,1.88,3.9,3.75,1.11,1.53,2.25,1.46,2.5,1.37,1.53,3.0,2.26,1.25,2.2,3.5,1.63,1,0,0,1,0,1,0,6326,0,48,0,-1,2,1,4,0,7,5,4,12,0,1,0,1,1,1,1,64,37,110,75,1.75,1.36,3.11,0,0,0,0,0,0,1,1,0,0,2,0,0,0,1,17,16,1,11,4,1,8,11,57,74,35,66,2.15,1.36,2.0,1.33,1.88,0.96,44,27,1.78,1.76,3.54,27,True,False,False,False,False,False,False,,,,,2.11,1.44,1.14,1.87,3.87,4.15,1.47,2.81,,,,
Germany_Bundesliga_2_2025-2026,2025/2026,25,Darmstadt 98,Holstein Kiel,2026-03-07 12:00:00,2,0,2,1,5,6,4,1,0,1,2,1,14,6,16,7,13,15,67,33,Merck-Stadion am Böllenfalltor,"Nieder-Ramstädter Straße 170, Darmstadt",4,2,1.85,3.5,3.4,1.22,1.67,2.51,1.62,2.15,1.44,1.78,2.55,2.25,1.31,2.41,3.15,1.5,2,0,0,2,0,2,0,48,0,63,0,-1,2,1,1,4,0,1,5,1,3,2,1,0,5,1,1,51,29,116,48,1.52,0.72,2.25,0,0,0,0,0,0,1,1,0,0,1,2,0,0,1,24,16,1,12,12,1,7,15,58,79,46,80,2.43,0.93,2.5,0.83,1.88,1.04,42,21,1.72,1.23,2.95,27,True,True,False,False,False,False,False,2.51,1.55,1.60,2.28,2.71,1.68,1.21,1.94,3.96,3.74,1.61,2.38,1.34,3.21,,
Germany_Bundesliga_2_2025-2026,2025/2026,25,Paderborn,Eintracht Braunschweig,2026-03-07 12:00:00,1,1,2,9,5,14,1,2,0,1,5,3,13,3,18,6,10,18,68,32,Benteler-Arena,"Paderborner Straße 89, Paderborn",1,4,1.35,4.35,5.5,1.15,1.65,2.43,1.77,2.07,1.39,1.84,2.75,2.1,1.28,2.41,3.3,1.5,2,0,0,1,1,2,0,-1,0,70,0,-1,2,1,7,2,2,3,9,5,0,0,1,3,0,4,1,74,26,129,58,2.02,0.78,2.8,0,0,0,0,0,0,1,1,0,0,3,0,0,0,1,21,10,1,18,9,1,2,9,70,83,48,78,2.07,0.85,2.08,0.91,1.92,1.04,31,18,1.98,1.42,3.4,27,True,True,False,False,False,False,True,2.43,1.58,1.68,2.15,,,,1.61,5.43,4.38,1.68,2.25,,,,
Germany_Bundesliga_2_2025-2026,2025/2026,25,Nürnberg,Fortuna Düsseldorf,2026-03-07 12:00:00,0,1,1,3,5,8,1,2,0,0,2,7,8,10,10,17,10,9,52,48,Max-Morlock-Stadion,"Max-Morlock-Platz 1, Nürnberg",1,2,2.15,3.5,2.97,1.23,1.75,2.55,1.59,2.21,1.45,1.75,2.55,1.92,1.35,2.68,3.34,1.5,1,0,0,0,1,1,0,545,0,66,0,-1,2,1,1,3,2,2,4,4,0,1,1,1,1,2,1,41,52,110,90,1.08,1.94,3.02,0,0,0,0,0,0,1,1,0,0,0,0,0,0,1,15,17,1,9,10,1,12,4,57,74,30,62,1.79,1.0,1.83,0.91,1.25,1.17,44,27,1.58,1.47,3.05,27,True,False,False,False,False,False,False,2.72,1.48,1.87,1.94,,,,2.44,2.91,3.56,1.62,2.36,1.36,3.29,1.50,2.49
Germany_Bundesliga_2_2025-2026,2025/2026,25,Bochum,Kaiserslautern,2026-03-07 19:30:00,3,2,5,5,6,11,2,3,0,0,9,2,8,7,17,9,8,5,57,43,Vonovia Ruhrstadion,"Castropher Straße 145, Bochum",2,3,1.66,3.9,3.95,1.2,1.64,2.44,1.55,2.25,1.38,1.84,2.75,2.15,1.29,2.36,3.28,1.52,5,1,1,2,1,3,2,540,0,48,0,-1,2,1,1,1,4,5,2,9,1,0,1,3,1,4,1,45,24,127,66,2.04,0.89,2.92,0,0,0,0,0,0,1,1,1,0,0,1,0,0,1,18,21,1,11,13,1,5,8,49,79,30,65,1.57,0.92,1.58,1.09,1.21,1.54,52,22,1.8,1.27,3.07,27,True,True,True,True,True,False,True,,,,,2.47,1.59,1.18,1.81,4.35,3.98,1.56,2.52,,,,
Germany_Bundesliga_2_2025-2026,2025/2026,25,Hannover 96,Greuther Fürth,2026-03-08 12:30:00,1,2,3,17,5,22,2,1,0,0,9,7,15,7,24,14,11,11,61,39,HDI-Arena,"Robert-Enke-Str. 3, Hannover",2,1,1.4,4.6,6.5,1.11,1.44,2.25,1.61,1.98,1.34,1.58,3.0,2.28,1.22,2.29,3.66,1.63,3,0,1,1,1,2,1,544,0,56,0,-1,2,1,4,2,12,3,6,15,0,0,2,1,0,3,1,69,21,87,61,2.63,1.52,4.15,0,0,0,0,0,0,1,1,0,0,1,0,0,0,1,22,16,1,8,10,1,5,10,74,78,31,65,1.77,0.93,1.82,0.83,1.88,0.96,26,22,1.89,1.31,3.2,27,True,True,True,False,False,False,True,2.21,1.69,1.60,2.27,2.21,1.46,1.14,1.34,8.72,5.73,1.74,2.15,,,,
Germany_Bundesliga_2_2025-2026,2025/2026,25,Preußen Münster,Hertha BSC,2026-03-08 12:30:00,1,2,3,4,8,12,2,2,0,0,4,6,6,9,10,15,9,9,41,59,Preußen-Stadion,"Am Berg Fidel 7, Münster",2,2,2.87,3.35,2.14,1.25,1.75,2.64,1.65,2.22,1.43,1.76,2.6,2.04,1.32,2.5,3.1,1.47,3,0,1,1,1,2,1,47,0,64,0,-1,2,1,0,7,4,1,7,5,1,1,1,1,2,2,1,28,66,74,103,1.12,1.84,2.96,0,1,0,1,0,0,1,1,0,0,0,3,0,0,1,24,26,1,9,9,1,9,5,66,83,36,78,1.07,1.85,1.25,1.64,1.08,1.54,35,18,1.5,1.36,2.86,27,True,True,True,False,False,False,True,2.71,1.48,,,2.92,1.78,1.23,2.97,2.44,3.49,1.61,2.40,1.35,3.30,,
Germany_Bundesliga_2_2025-2026,2025/2026,25,Karlsruher SC,Dynamo Dresden,2026-03-08 12:30:00,3,3,6,7,5,12,2,0,0,0,6,6,16,6,22,12,10,10,49,51,Wildparkstadion,"Adenauerring 17, Karlsruhe",2,0,3.07,3.45,2.3,1.16,1.69,2.51,1.57,2.37,1.42,1.7,2.65,2.03,1.31,2.4,3.15,1.49,6,1,3,2,0,2,4,-1,0,74,0,-1,2,1,3,4,4,1,7,5,0,0,2,0,0,2,1,36,33,110,93,2.07,1.42,3.49,2,0,2,0,0,0,1,1,0,1,0,1,0,0,1,21,16,1,8,10,1,5,8,74,92,39,78,1.85,1.0,1.82,1.08,1.38,1.04,26,9,1.36,1.43,2.79,27,True,True,True,True,True,True,True,2.64,1.50,1.71,2.10,2.89,1.78,1.24,3.02,2.37,3.57,1.61,2.38,1.34,3.39,,
Germany_Bundesliga_2_2025-2026,2025/2026,26,Magdeburg,Darmstadt 98,2026-03-13 17:30:00,1,1,2,8,1,9,3,1,0,0,4,3,13,7,17,10,7,10,56,44,MDCC-Arena,"Friedrich-Ebert-Straße 69, Magdeburg",3,1,2.4,3.5,2.5,1.14,1.42,2.16,1.39,2.65,1.34,1.68,2.63,2.02,1.25,2.1,3.64,1.68,2,0,0,1,1,2,0,-1,0,55,0,-1,2,1,4,0,4,1,4,5,0,1,3,0,1,3,1,54,42,108,88,1.74,1.15,2.89,0,0,0,0,0,0,1,1,0,0,2,0,0,0,1,23,19,1,10,6,1,5,11,63,79,42,67,0.62,1.23,0.58,1.25,0.92,1.92,38,21,1.82,1.4,3.22,27,True,True,False,False,False,False,True,,,1.56,2.32,2.13,1.46,1.13,2.35,2.85,3.89,1.42,3.00,,,,
Germany_Bundesliga_2_2025-2026,2025/2026,26,Greuther Fürth,Elversberg,2026-03-13 17:30:00,2,0,2,2,6,8,1,2,0,0,5,4,4,9,9,13,13,12,43,57,Sportpark Ronhof Thomas Sommer,"Laubenweg 60, Fürth",1,2,4.5,4.1,1.65,1.2,1.62,2.55,1.57,2.25,1.39,1.86,2.75,2.1,1.25,2.44,3.34,1.58,2,1,0,1,0,1,1,544,0,60,0,-1,2,1,0,3,2,3,3,5,0,0,1,2,0,3,1,53,55,64,96,1.3,1.5,2.8,0,0,0,0,0,0,1,1,0,0,0,0,0,0,1,18,17,1,12,12,1,11,4,61,88,45,84,1.23,1.64,1.08,1.77,1.04,1.92,40,13,1.09,1.6,2.69,27,True,True,False,False,False,False,False,2.42,1.59,1.68,2.16,2.60,1.64,1.20,4.73,1.72,4.13,1.65,2.31,,,,
Germany_Bundesliga_2_2025-2026,2025/2026,26,Eintracht Braunschweig,Fortuna Düsseldorf,2026-03-14 12:00:00,1,0,1,4,5,9,2,3,0,0,6,2,11,7,17,9,10,18,50,50,,,2,3,3.1,3.3,2.07,1.21,1.8,2.8,1.62,2.28,1.41,1.73,2.5,1.95,1.37,2.77,2.85,1.42,1,0,0,1,0,1,0,128,0,60,0,-1,2,1,1,1,3,4,2,7,1,1,1,2,2,3,1,54,50,106,75,1.88,1.07,2.95,0,0,0,0,0,0,1,1,0,0,0,0,0,1,1,17,27,1,13,9,1,6,4,56,75,32,72,1.29,1.0,1.15,1.08,1.04,1.24,44,25,1.34,1.51,2.85,27,True,False,False,False,False,False,False,2.90,1.43,1.86,1.95,3.17,1.89,1.27,3.06,2.41,3.43,1.68,2.24,1.39,3.09,1.49,2.50
Germany_Bundesliga_2_2025-2026,2025/2026,26,Holstein Kiel,Nürnberg,2026-03-14 12:00:00,2,3,5,7,1,8,3,5,0,0,7,5,14,4,21,9,16,12,62,38,Holstein-Stadion,"Westring 501, Kiel",3,5,2.45,3.3,2.6,1.24,1.67,2.65,1.52,2.25,1.32,1.83,2.82,2.19,1.34,2.57,3.39,1.5,5,2,2,0,1,1,4,127,0,63,0,-1,2,1,0,1,7,0,1,7,2,2,1,3,4,4,1,72,27,114,57,2.33,1.11,3.44,0,0,0,0,0,0,1,1,0,0,0,0,0,0,1,26,17,1,13,18,1,4,10,50,83,38,59,1.15,0.85,1.25,0.67,1.0,1.2,50,17,1.39,1.35,2.74,27,True,True,True,True,True,False,True,2.95,1.42,1.72,2.09,3.33,1.97,1.29,2.41,3.08,3.41,1.72,2.18,1.40,3.07,,
Germany_Bundesliga_2_2025-2026,2025/2026,26,Arminia Bielefeld,Paderborn,2026-03-14 12:00:00,2,2,4,4,1,5,3,2,0,0,9,4,17,3,26,7,14,12,40,60,SchücoArena,"Melanchthonstraße 31a, Bielefeld",3,2,2.7,3.5,2.55,1.21,1.74,2.72,1.47,2.15,1.32,1.54,3.05,2.28,1.36,2.74,3.26,1.48,4,1,0,1,2,3,1,-1,0,54,0,-1,2,1,1,1,3,0,2,3,3,1,0,1,4,1,1,47,34,75,87,2.59,0.98,3.57,1,0,1,0,0,0,1,1,0,0,0,0,1,1,1,19,22,1,11,14,1,4,9,59,79,34,75,1.38,1.69,1.42,1.75,1.08,1.88,42,21,1.68,1.53,3.21,27,True,True,True,True,False,False,True,2.69,1.49,1.64,2.23,2.75,1.75,1.21,3.03,2.36,3.59,1.61,2.38,1.35,3.31,,
Germany_Bundesliga_2_2025-2026,2025/2026,26,Hertha BSC,Bochum,2026-03-14 19:30:00,1,1,2,5,6,11,2,3,0,0,2,2,9,6,11,8,7,10,47,53,Olympiastadion Berlin,"Olympischer Platz 3, Berlin",2,3,2.25,3.58,3.14,1.19,1.55,2.4,1.6,2.45,1.39,1.85,2.75,2.09,1.28,2.3,3.3,1.55,2,1,0,0,1,1,1,-1,0,53,0,-1,2,1,3,1,2,5,4,7,0,2,2,1,2,3,1,33,25,115,100,1.09,0.84,1.93,1,0,1,0,0,0,1,1,0,0,1,0,0,0,1,17,16,1,12,12,1,6,9,41,76,28,56,1.43,0.85,1.46,0.83,1.6,1.28,60,24,1.49,1.28,2.77,27,True,True,False,False,False,False,True,2.61,1.52,1.70,2.12,2.81,1.75,1.23,2.21,3.28,3.61,1.61,2.39,1.34,3.37,,
Germany_Bundesliga_2_2025-2026,2025/2026,26,Schalke 04,Hannover 96,2026-03-15 12:30:00,2,2,4,4,2,6,1,2,1,0,4,6,6,4,10,10,15,11,36,64,VELTINS-Arena,"Arenaring 1, Gelsenkirchen",3,2,2.2,3.3,3.13,1.18,1.72,2.75,1.55,2.22,1.43,1.89,2.6,2.07,1.33,2.43,3.04,1.5,4,2,0,0,2,2,2,-1,0,60,0,-1,2,1,2,0,2,2,2,4,0,1,2,1,1,3,1,35,70,100,132,1.18,1.57,2.74,0,0,0,0,0,0,1,1,0,0,1,0,0,0,1,20,30,1,11,14,1,5,7,64,71,40,68,2.31,1.86,2.42,1.92,2.0,1.8,37,29,1.73,1.45,3.18,27,True,True,True,True,False,False,True,2.41,1.59,1.71,2.10,2.61,1.64,1.19,2.10,3.54,3.63,1.53,2.59,1.34,3.35,,
Germany_Bundesliga_2_2025-2026,2025/2026,26,Kaiserslautern,Karlsruher SC,2026-03-15 12:30:00,3,0,3,5,2,7,1,3,0,0,8,2,9,11,17,13,8,14,45,55,Fritz-Walter-Stadion,"Fritz-Walter-Straße 1, Kaiserslautern",1,3,2.05,3.5,3.22,1.12,1.51,2.3,1.5,2.67,1.41,1.91,2.83,2.11,1.25,2.28,3.34,1.66,3,2,0,1,0,1,2,542,0,62,0,-1,2,1,3,0,2,2,3,4,0,2,1,1,2,2,1,57,53,96,96,2.04,1.35,3.39,0,0,0,0,0,0,1,1,1,0,0,0,0,1,1,19,21,1,14,8,1,8,6,69,77,38,73,2.0,0.93,1.92,1.0,1.48,1.36,31,23,1.69,1.31,3.0,27,True,True,True,False,False,False,False,2.31,1.64,1.71,2.11,2.44,1.59,1.18,2.11,3.47,3.69,1.51,2.66,,,,
Germany_Bundesliga_2_2025-2026,2025/2026,26,Dynamo Dresden,Preußen Münster,2026-03-15 12:30:00,6,0,6,5,4,9,1,2,0,0,7,2,11,10,18,12,3,13,45,55,,,1,2,2.13,3.25,3.2,1.25,2.04,3.18,1.74,1.98,1.41,1.89,2.63,2.05,1.43,2.81,2.62,1.45,6,3,0,3,0,3,3,539,0,75,0,-1,2,1,3,3,2,1,6,3,1,1,0,1,2,1,1,33,33,82,116,1.86,1.15,3.01,0,0,0,0,0,0,1,1,0,0,2,0,0,0,1,19,15,1,13,5,1,5,10,67,84,46,71,1.15,0.85,1.0,0.92,1.04,1.04,34,17,1.39,1.16,2.55,27,True,True,True,True,True,True,False,3.00,1.41,,,3.54,2.08,1.33,2.16,3.77,3.28,1.83,2.04,1.42,2.96,,
Germany_Bundesliga_2_2025-2026,2025/2026,27,Karlsruher SC,Greuther Fürth,2026-03-20 17:30:00,3,1,4,3,4,7,4,1,0,0,4,2,9,8,13,10,16,6,49,51,Wildparkstadion,"Adenauerring 17, Karlsruhe",4,1,2.15,3.4,2.9,1.15,1.6,2.38,1.48,2.3,1.38,1.64,2.75,2.03,1.28,2.34,3.3,1.53,4,0,1,3,0,3,1,547,0,72,0,-1,2,1,0,1,3,3,1,6,2,1,2,0,3,2,1,44,34,104,100,1.43,1.03,2.45,0,0,0,0,0,0,1,1,0,1,0,0,0,0,1,31,16,1,6,16,1,6,8,76,89,28,76,1.85,0.93,1.75,1.0,1.31,1.12,24,12,1.42,1.33,2.75,27,True,True,True,True,False,False,True,,,1.74,2.06,2.42,1.58,1.18,2.23,3.11,3.78,1.50,2.70,,,,
Germany_Bundesliga_2_2025-2026,2025/2026,27,Hannover 96,Eintracht Braunschweig,2026-03-20 17:30:00,1,0,1,10,6,16,2,2,0,0,3,4,7,12,10,16,10,16,50,50,HDI-Arena,"Robert-Enke-Str. 3, Hannover",2,2,1.44,4.35,5.25,1.14,1.6,2.5,1.7,2.0,1.38,1.89,2.67,2.04,1.27,2.34,3.4,1.53,1,1,0,0,0,0,1,52,0,59,0,-1,2,1,6,1,4,5,7,9,2,1,0,1,3,1,1,44,51,83,104,1.16,1.66,2.82,0,0,0,0,0,0,1,1,0,0,4,0,0,0,1,23,22,1,15,13,1,7,6,67,75,38,63,1.77,0.85,1.67,0.92,1.77,1.12,34,25,1.95,1.36,3.31,27,True,False,False,False,False,False,False,2.66,1.50,1.71,2.10,2.91,1.76,1.24,1.63,5.43,4.17,1.80,2.07,,,,
Germany_Bundesliga_2_2025-2026,2025/2026,27,Elversberg,Arminia Bielefeld,2026-03-21 12:00:00,3,1,4,9,1,10,0,0,0,1,10,2,18,2,28,4,7,7,58,42,URSAPHARM-Arena an der Kaiserlinde,"Lindenstraße, Spiesen-Elversberg",0,2,1.95,3.75,3.8,1.21,1.55,2.45,1.48,2.35,1.44,1.68,2.58,2.02,1.3,2.47,3.22,1.58,4,1,0,2,1,3,1,6326,0,48,0,-1,2,1,4,1,5,0,5,5,0,0,0,1,0,1,1,77,24,129,65,3.01,0.58,3.59,0,0,0,0,0,0,1,1,0,0,3,0,0,0,1,22,18,1,7,7,1,5,10,41,68,28,60,2.15,0.71,2.08,0.77,1.85,1.08,60,33,1.77,1.47,3.24,27,True,True,True,True,False,False,True,,,1.74,2.06,2.60,1.65,1.20,2.02,3.70,3.73,1.56,2.51,,,,
Germany_Bundesliga_2_2025-2026,2025/2026,27,Paderborn,Dynamo Dresden,2026-03-21 12:00:00,2,1,3,4,5,9,1,1,0,0,4,8,18,8,22,16,4,6,53,47,Benteler-Arena,"Paderborner Straße 89, Paderborn",1,1,1.85,3.65,3.7,1.16,1.69,2.38,1.53,2.27,1.39,1.65,2.78,2.19,1.32,2.5,3.1,1.5,3,0,1,2,0,2,1,53,0,77,0,-1,2,1,2,2,2,3,4,5,0,0,1,1,0,2,1,70,21,114,78,2.17,1.72,3.89,0,0,0,0,0,0,1,1,0,0,0,0,0,0,1,20,21,1,8,9,1,4,14,73,92,50,81,2.07,1.0,2.0,1.08,1.85,1.12,27,8,1.98,1.43,3.41,27,True,True,True,False,False,False,True,,,1.62,2.27,2.73,1.71,1.22,1.81,4.48,3.88,1.66,2.29,,,,
Germany_Bundesliga_2_2025-2026,2025/2026,27,Nürnberg,Kaiserslautern,2026-03-21 12:00:00,3,0,3,11,1,12,1,3,0,0,5,2,16,4,21,6,11,13,48,52,Max-Morlock-Stadion,"Max-Morlock-Platz 1, Nürnberg",1,3,2.1,3.5,3.22,1.2,1.62,2.5,1.53,2.3,1.45,1.7,2.59,2.05,1.29,2.36,3.28,1.52,3,1,0,2,0,2,1,127,0,56,0,-1,2,1,7,0,4,1,7,5,0,3,1,0,3,1,1,63,31,84,83,2.12,0.75,2.87,1,0,1,0,0,0,1,1,1,0,2,0,0,0,1,20,25,1,13,10,1,6,16,56,80,28,52,1.79,0.92,1.69,1.0,1.27,1.54,44,20,1.54,1.23,2.77,27,True,True,True,False,False,False,False,,,1.82,1.99,2.61,1.65,1.20,2.19,3.27,3.71,1.54,2.57,,,1.45,2.59
Germany_Bundesliga_2_2025-2026,2025/2026,27,Darmstadt 98,Schalke 04,2026-03-21 19:30:00,1,1,2,11,5,16,1,2,0,0,4,7,6,9,10,16,18,17,61,39,Merck-Stadion am Böllenfalltor,"Nieder-Ramstädter Straße 170, Darmstadt",1,2,2.65,3.4,2.5,1.28,1.86,2.94,1.67,2.13,1.42,1.8,2.48,1.94,1.38,2.75,2.81,1.41,2,1,1,0,0,0,2,-1,0,42,0,-1,2,1,4,3,7,2,7,9,0,2,1,0,2,1,1,38,38,76,80,1.19,1.77,2.96,0,0,0,0,0,0,1,1,0,0,0,1,0,0,1,18,28,1,16,15,1,8,6,46,73,39,58,2.43,1.57,2.54,1.62,1.88,1.96,54,27,1.71,1.43,3.14,27,True,True,False,False,False,False,True,2.83,1.46,1.82,1.99,3.17,1.89,1.27,2.62,2.78,3.41,1.68,2.26,1.38,3.21,1.47,2.59
Germany_Bundesliga_2_2025-2026,2025/2026,27,Fortuna Düsseldorf,Hertha BSC,2026-03-22 12:30:00,2,5,7,6,1,7,3,2,0,0,5,9,11,3,16,12,10,7,59,41,Merkur Spiel-Arena,"Arena-Str. 1, Düsseldorf",3,2,2.08,3.5,2.62,1.23,1.69,2.57,1.55,2.25,1.46,1.7,2.52,1.96,1.33,2.25,3.15,1.55,7,1,4,1,1,2,5,47,0,52,0,-1,2,1,3,1,3,0,4,3,2,1,1,1,3,2,1,38,28,124,93,1.65,1.6,3.24,0,0,0,0,0,0,1,1,1,0,0,0,0,0,1,14,12,1,7,12,1,1,12,65,76,29,65,1.29,1.85,1.38,1.75,1.19,1.58,36,24,1.46,1.4,2.86,27,True,True,True,True,True,True,True,,,1.88,1.93,2.67,1.68,1.21,2.37,2.91,3.75,1.57,2.48,,,1.49,2.52
Germany_Bundesliga_2_2025-2026,2025/2026,27,Bochum,Holstein Kiel,2026-03-22 12:30:00,2,3,5,2,3,5,3,4,1,1,11,4,9,6,20,10,12,20,47,53,Vonovia Ruhrstadion,"Castropher Straße 145, Bochum",4,5,1.95,3.75,3.47,1.2,1.71,2.57,1.57,2.2,1.34,1.58,3.04,2.26,1.33,2.3,3.15,1.49,5,1,2,1,1,2,3,566,0,62,0,-1,2,1,2,1,0,2,3,2,0,1,4,4,1,8,1,50,32,92,60,2.39,1.14,3.53,0,0,0,0,0,0,1,1,0,1,0,0,0,0,1,20,16,1,22,11,1,5,9,50,81,42,81,1.57,0.93,1.69,0.77,1.27,0.96,50,19,1.82,1.19,3.01,27,True,True,True,True,True,False,True,2.43,1.58,1.58,2.31,2.58,1.63,1.19,1.83,4.21,4.01,1.60,2.42,1.33,3.25,,
Germany_Bundesliga_2_2025-2026,2025/2026,27,Preußen Münster,Magdeburg,2026-03-22 12:30:00,1,3,4,6,3,9,2,2,0,0,2,6,13,2,15,8,11,17,48,52,Preußen-Stadion,"Am Berg Fidel 7, Münster",2,2,3.0,3.7,2.2,1.15,1.61,2.55,1.5,2.3,1.33,1.84,2.77,2.1,1.25,2.36,3.28,1.52,4,0,1,1,2,3,1,558,0,66,0,-1,2,1,1,1,5,2,2,7,0,1,2,1,1,3,1,54,51,96,118,1.48,1.31,2.79,0,1,0,1,0,0,1,1,0,0,0,0,0,0,1,17,17,1,19,10,1,5,8,58,85,27,74,1.07,1.36,1.15,1.23,1.0,0.92,42,16,1.47,1.73,3.2,27,True,True,True,True,False,False,True,,,,,2.66,1.68,1.21,3.21,2.21,3.71,1.56,2.52,,,,
