league,season,game_week,home_name,away_name,date,homeGoalCount,awayGoalCount,totalGoalCount,team_a_corners,team_b_corners,totalCornerCount,team_a_yellow_cards,team_b_yellow_cards,team_a_red_cards,team_b_red_cards,team_a_shotsOnTarget,team_b_shotsOnTarget,team_a_shotsOffTarget,team_b_shotsOffTarget,team_a_shots,team_b_shots,team_a_fouls,team_b_fouls,team_a_possession,team_b_possession,stadium_name,stadium_location,team_a_cards_num,team_b_cards_num,avg_odds_ft_1,avg_odds_ft_x,avg_odds_ft_2,avg_odds_ft_over15,avg_odds_ft_over25,avg_odds_ft_over35,avg_odds_btts_yes,avg_odds_btts_no,avg_odds_corners_over_85,avg_odds_corners_over_95,avg_odds_corners_under_85,avg_odds_corners_under_95,avg_odds_1st_half_over05,avg_odds_1st_half_over15,avg_odds_1st_half_under05,avg_odds_1st_half_under15,overallGoalCount,ht_goals_team_a,ht_goals_team_b,goals_2hg_team_a,goals_2hg_team_b,GoalCount_2hg,HTGoalCount,winningTeam,no_home_away,btts_potential,goalTimingDisabled,attendance,corner_timings_recorded,card_timings_recorded,team_a_fh_corners,team_b_fh_corners,team_a_2h_corners,team_b_2h_corners,corner_fh_count,corner_2h_count,team_a_fh_cards,team_b_fh_cards,team_a_2h_cards,team_b_2h_cards,total_fh_cards,total_2h_cards,attacks_recorded,team_a_dangerous_attacks,team_b_dangerous_attacks,team_a_attacks,team_b_attacks,team_a_xg,team_b_xg,total_xg,team_a_penalties_won,team_b_penalties_won,team_a_penalty_goals,team_b_penalty_goals,team_a_penalty_missed,team_b_penalty_missed,pens_recorded,goal_timings_recorded,team_a_0_10_min_goals,team_b_0_10_min_goals,team_a_corners_0_10_min,team_b_corners_0_10_min,team_a_cards_0_10_min,team_b_cards_0_10_min,throwins_recorded,team_a_throwins,team_b_throwins,freekicks_recorded,team_a_freekicks,team_b_freekicks,goalkicks_recorded,team_a_goalkicks,team_b_goalkicks,o25_potential,o15_potential,o15HT_potential,o05HT_potential,home_ppg,away_ppg,pre_match_home_ppg,pre_match_away_ppg,pre_match_teamA_overall_ppg,pre_match_teamB_overall_ppg,u25_potential,u15_potential,team_a_xg_prematch,team_b_xg_prematch,total_xg_prematch,matches_completed_minimum,over05,over15,over25,over35,over45,over55,btts,pinnacle_ft_2,pinnacle_ft_x,pinnacle_ft_1,pinnacle_corners_over_95,pinnacle_corners_over_85,pinnacle_corners_under_85,pinnacle_corners_under_95,pinnacle_ft_over15,pinnacle_ft_over25,pinnacle_ft_over35,pinnacle_1st_half_over15,pinnacle_1st_half_under15,pinnacle_1st_half_over05,pinnacle_1st_half_under05,pinnacle_btts_yes,pinnacle_btts_no
Liga_Portugal_2025-2026,2025/2026,1,Casa Pia,Sporting CP,2025-08-08 19:15:00,0,2,2,2,9,11,4,1,0,0,2,12,5,15,7,27,14,11,33,67,Campo do Cevadeiro,"Estrada Nacional 10, Vila Franca de Xira",4,1,9.0,4.7,1.37,1.25,1.7,2.73,1.95,1.75,1.6,2.0,2.2,1.77,1.35,2.4,3.37,1.52,2,0,1,0,1,1,1,114,0,0,0,-1,2,1,1,7,1,2,8,3,3,0,1,1,3,2,1,39,58,53,112,0.86,2.95,3.82,0,0,0,0,0,0,1,1,0,0,0,1,1,0,1,13,23,1,11,14,1,11,7,0,0,0,0,1.0,2.5,0.0,0.0,0.0,0.0,0,0,0.0,0.0,0.0,24,True,True,False,False,False,False,False,1.33,5.46,9.68,2.25,1.72,2.09,1.62,1.23,1.70,2.77,2.50,1.56,1.34,3.37,2.15,1.75
Liga_Portugal_2025-2026,2025/2026,1,CD Nacional,Gil Vicente,2025-08-09 14:30:00,0,2,2,14,6,20,3,6,0,0,3,2,11,10,14,12,21,16,60,40,Estádio da Madeira,"Rua do Esmeraldo, nº 46, Ilha da Madeira",3,6,2.7,2.9,2.95,1.33,2.15,3.95,1.84,1.84,1.53,1.93,2.35,1.77,1.42,3.0,2.62,1.36,2,0,2,0,0,0,2,183,0,0,0,-1,2,1,3,4,11,2,7,13,0,1,3,5,1,8,1,42,14,93,45,1.4,1.0,2.4,0,0,0,0,0,0,1,1,0,0,1,0,0,0,1,30,22,1,16,21,1,7,12,0,0,0,0,0.92,1.42,0.0,0.0,0.0,0.0,0,0,0.0,0.0,0.0,24,True,True,False,False,False,False,False,3.07,2.96,2.71,2.06,1.66,2.18,1.74,1.55,2.66,5.17,3.37,1.34,1.59,2.45,2.14,1.75
Liga_Portugal_2025-2026,2025/2026,1,FC Arouca,AVS,2025-08-09 19:30:00,3,1,4,4,5,9,2,0,0,0,4,2,5,13,9,15,13,17,53,47,Estádio Municipal de Arouca,"Afonso Pinto Magalhães Valdasna, Arouca",2,0,1.67,3.5,5.0,1.3,2.08,3.55,1.87,1.83,1.56,1.9,2.25,1.83,1.38,2.9,2.7,1.37,4,1,0,2,1,3,1,167,0,0,0,-1,2,1,2,0,2,5,2,7,2,0,0,0,2,0,1,27,37,82,67,1.05,1.35,2.4,0,0,0,0,0,0,1,1,1,0,1,0,0,0,1,27,17,1,17,13,1,10,10,0,0,0,0,1.25,0.18,0.0,0.0,0.0,0.0,0,0,0.0,0.0,0.0,24,True,True,True,True,False,False,True,5.25,3.66,1.75,2.02,1.59,2.28,1.79,1.37,2.13,3.76,3.22,1.37,1.45,2.85,2.06,1.81
Liga_Portugal_2025-2026,2025/2026,1,Famalicão,Santa Clara,2025-08-10 16:00:00,3,0,3,2,3,5,4,2,0,0,3,2,3,5,6,7,20,15,46,54,,,4,2,2.1,2.8,3.5,1.45,2.5,5.41,2.0,1.7,1.57,2.01,2.32,1.8,1.5,3.5,2.35,1.21,3,2,0,1,0,1,2,1033,0,0,0,-1,2,1,1,2,1,1,3,2,0,0,4,2,0,6,1,37,25,81,86,0.87,0.77,1.64,0,0,0,0,0,0,1,1,1,0,0,0,0,0,1,20,22,1,15,20,1,7,8,0,0,0,0,1.67,0.67,0.0,0.0,0.0,0.0,0,0,0.0,0.0,0.0,24,True,True,True,False,False,False,False,3.70,3.06,2.29,2.09,1.68,2.14,1.70,1.53,2.66,5.28,,,,,2.13,1.75
Liga_Portugal_2025-2026,2025/2026,1,Sporting Braga,CD Tondela,2025-08-10 19:30:00,3,0,3,5,3,8,1,3,0,0,6,3,2,4,8,7,10,9,68,32,,,1,3,1.5,4.6,8.2,1.22,1.95,3.26,2.0,1.75,1.45,1.8,2.4,1.91,1.36,2.45,3.2,1.49,3,2,0,1,0,1,2,172,0,0,0,-1,2,1,3,1,2,2,4,4,0,0,1,3,0,4,1,38,30,93,64,1.21,0.87,2.08,1,0,1,0,0,0,1,1,0,0,1,0,0,0,1,24,9,1,8,10,1,7,3,0,0,0,0,2.09,0.92,0.0,0.0,0.0,0.0,0,0,0.0,0.0,0.0,24,True,True,True,False,False,False,False,7.25,4.17,1.52,1.84,1.47,2.53,1.97,1.32,1.95,3.35,2.82,1.46,1.37,3.20,2.06,1.81
Liga_Portugal_2025-2026,2025/2026,1,Moreirense FC,Alverca,2025-08-10 19:30:00,2,1,3,6,2,8,3,1,0,0,3,2,7,5,10,7,15,5,58,42,Parque Desportivo Comendador Joaquim de Almeida Freitas,"Avenida Comendador Joaquim de Almeida Freitas, Moreira de Cónegos",3,1,1.94,3.35,4.15,1.4,2.25,4.4,2.04,1.8,1.64,2.01,2.25,1.77,1.5,3.2,2.63,1.32,3,1,1,1,0,1,2,174,0,0,0,-1,2,1,3,0,3,2,3,5,1,1,2,0,2,2,1,43,33,115,70,1.17,0.83,1.99,0,1,0,1,0,0,1,1,0,0,1,0,0,0,1,20,26,1,5,14,1,4,4,0,0,0,0,1.73,0.75,0.0,0.0,0.0,0.0,0,0,0.0,0.0,0.0,24,True,True,True,False,False,False,True,4.42,3.29,1.98,2.06,1.64,2.19,1.72,1.42,2.31,4.27,3.45,1.33,1.50,2.68,2.03,1.83
Liga_Portugal_2025-2026,2025/2026,1,GD Estoril Praia,Estrela Amadora,2025-08-11 17:45:00,1,1,2,4,4,8,4,1,0,0,3,5,5,4,8,9,13,16,66,34,Estádio António Coimbra da Mota,"Rua Dom Bosco, Estoril",4,1,1.75,3.6,4.75,1.38,2.21,3.85,2.05,1.73,1.53,2.43,2.28,1.92,1.42,2.85,2.82,1.37,2,1,0,0,1,1,1,-1,0,0,0,-1,2,1,1,2,3,2,3,5,3,0,1,1,3,2,1,47,28,129,52,1.07,1.12,2.19,0,0,0,0,0,0,1,1,0,0,0,0,0,0,1,27,17,1,16,13,1,6,9,0,0,0,0,1.83,0.92,0.0,0.0,0.0,0.0,0,0,0.0,0.0,0.0,24,True,True,False,False,False,False,True,5.23,3.70,1.74,2.10,1.67,2.16,1.71,1.37,2.13,3.80,,,,,1.95,1.90
Liga_Portugal_2025-2026,2025/2026,1,Porto,Vitória Guimarães,2025-08-11 19:45:00,3,0,3,7,4,11,1,3,0,0,9,2,8,8,17,10,18,9,50,50,Estádio Do Dragão,"Via Futebol Clube do Porto, Porto",1,3,1.48,4.6,6.9,1.25,1.81,2.8,1.92,1.91,1.4,1.64,2.65,1.95,1.32,2.43,3.0,1.47,3,2,0,1,0,1,2,82,0,0,0,-1,2,1,4,3,3,1,7,4,0,1,1,2,1,3,1,46,22,85,71,2.03,0.94,2.97,0,0,0,0,0,0,1,1,0,0,1,0,0,0,1,9,21,1,9,18,1,6,10,0,0,0,0,2.67,0.91,0.0,0.0,0.0,0.0,0,0,0.0,0.0,0.0,24,True,True,True,False,False,False,False,7.88,4.53,1.45,1.78,1.46,2.58,2.01,1.25,1.81,2.96,2.47,1.58,1.34,3.39,1.92,1.93
Liga_Portugal_2025-2026,2025/2026,2,AVS,Casa Pia,2025-08-15 14:45:00,0,2,2,1,3,4,4,5,0,0,3,5,7,5,10,10,20,20,51,49,Estádio Clube Desportivo das Aves,"Rua Luís Gonzaga Mendes de Carvalho 265, Vila das Aves",4,5,2.85,3.05,2.65,1.43,2.4,4.86,1.83,1.77,1.67,2.1,2.14,1.67,1.54,3.2,2.55,1.32,2,0,1,0,1,1,1,4810,0,0,0,-1,2,1,0,0,1,3,0,4,3,1,1,4,4,5,1,24,27,82,69,1.02,1.18,2.2,0,0,0,0,0,0,1,1,0,0,0,0,0,0,1,26,19,1,19,20,1,9,11,0,0,0,0,0.54,0.92,0.0,0.0,0.0,0.0,0,0,0.0,0.0,0.0,24,True,True,False,False,False,False,False,2.82,3.08,2.83,2.11,1.68,2.14,1.70,1.48,2.52,4.86,,,,,2.07,1.80
Liga_Portugal_2025-2026,2025/2026,2,CD Tondela,Famalicão,2025-08-16 14:30:00,0,1,1,2,7,9,0,1,0,0,4,5,11,9,15,14,17,19,49,51,Estádio João Cardoso,"Rua Doutor Eurico José Gouveia, Tondela",0,1,3.9,3.05,2.0,1.4,2.27,4.05,1.83,1.85,1.43,1.77,2.55,1.9,1.45,3.1,2.42,1.35,1,0,0,0,1,1,0,1033,0,0,0,-1,2,1,0,3,2,4,3,6,0,1,0,0,1,0,1,46,67,98,84,1.56,1.71,3.27,0,0,0,0,0,0,1,1,0,0,0,1,0,0,1,19,16,1,19,17,1,10,12,0,0,0,0,0.67,1.33,0.0,0.0,0.0,3.0,0,0,0.0,0.0,0.0,24,True,False,False,False,False,False,False,1.99,3.30,4.38,2.00,1.57,2.32,1.81,1.42,2.32,4.29,3.44,1.33,1.48,2.70,2.01,1.85
Liga_Portugal_2025-2026,2025/2026,2,Vitória Guimarães,GD Estoril Praia,2025-08-16 17:00:00,3,2,5,4,2,6,4,3,0,0,4,5,12,6,16,11,18,17,55,45,Estádio Dom Afonso Henriques,"Rua de São Gonçalo 505, Guimarães",4,3,1.85,3.7,4.3,1.32,1.98,3.49,1.83,1.83,1.5,1.98,2.4,1.91,1.39,2.8,2.8,1.37,5,1,1,2,1,3,2,175,0,0,0,-1,2,1,0,0,3,2,0,5,1,2,3,1,3,4,1,65,60,94,81,1.76,1.48,3.23,1,0,1,0,0,0,1,1,0,0,0,0,0,0,1,21,27,1,16,18,1,7,8,0,0,0,0,1.69,0.92,0.0,0.0,0.0,1.0,0,0,0.0,0.0,0.0,24,True,True,True,True,True,False,True,4.36,3.67,1.88,1.88,1.50,2.49,1.93,1.32,2.01,3.49,3.02,1.41,1.41,3.01,1.91,1.94
Liga_Portugal_2025-2026,2025/2026,2,Estrela Amadora,Benfica,2025-08-16 19:30:00,0,1,1,5,4,9,3,3,0,0,2,3,13,11,15,14,14,23,43,57,,,3,3,14.0,6.3,1.22,1.17,1.55,2.48,2.15,1.67,1.5,1.72,2.4,1.9,1.22,2.2,3.7,1.6,1,0,0,0,1,1,0,78,0,0,0,-1,2,1,2,3,3,1,5,4,1,0,2,3,1,5,1,18,34,77,93,1.22,1.34,2.56,0,1,0,1,0,0,1,1,0,0,0,0,0,0,1,18,24,1,23,13,1,9,12,0,0,0,0,1.08,2.5,0.0,0.0,1.0,0.0,0,0,0.0,0.0,0.0,24,True,False,False,False,False,False,False,1.20,6.96,14.41,1.72,,,2.09,1.18,1.55,2.40,2.30,1.63,,,2.28,1.65
Liga_Portugal_2025-2026,2025/2026,2,Rio Ave FC,CD Nacional,2025-08-17 14:30:00,1,1,2,6,6,12,2,3,0,1,9,6,11,7,20,13,16,18,62,38,Estádio do Rio Ave Futebol Clube,"Rua Dona Maria Pães Ribeiro, Vila do Conde",2,4,2.31,3.35,2.93,1.36,2.16,3.4,1.7,1.89,1.4,1.69,2.93,2.17,1.47,2.88,2.62,1.39,2,1,0,0,1,1,1,-1,0,0,0,-1,2,1,1,6,5,0,7,5,1,3,1,1,4,2,1,29,46,77,87,2.1,1.57,3.67,0,0,0,0,0,0,1,1,0,0,0,1,0,0,1,11,20,1,18,16,1,6,7,0,0,0,0,0.83,0.83,0.0,0.0,0.0,0.0,0,0,0.0,0.0,0.0,24,True,True,False,False,False,False,True,3.65,3.34,2.17,,,,,1.34,2.10,3.69,,,,,1.82,2.05
Liga_Portugal_2025-2026,2025/2026,2,Alverca,Sporting Braga,2025-08-17 17:00:00,0,3,3,1,5,6,2,1,0,0,3,6,9,6,12,12,15,6,33,67,Complexo Desportivo FC Alverca,"R. César Augusto Gonçalves Ferreira 16, Alverca do Ribatejo",2,1,5.4,3.7,1.55,1.35,2.0,3.6,1.83,1.75,1.44,1.85,2.5,1.9,1.38,2.7,2.8,1.38,3,0,3,0,0,0,3,172,0,0,0,-1,2,1,0,3,1,2,3,3,1,0,1,1,1,2,1,60,49,72,119,1.4,1.54,2.94,0,1,0,1,0,0,1,1,0,0,0,0,0,0,1,28,17,1,6,14,1,7,11,0,0,0,0,1.5,1.69,0.0,0.0,0.0,3.0,0,0,0.0,0.0,0.0,24,True,True,True,False,False,False,False,1.64,3.90,5.78,1.82,1.49,2.52,1.99,1.35,2.09,3.72,3.14,1.38,1.43,2.91,2.06,1.81
Liga_Portugal_2025-2026,2025/2026,2,Santa Clara,Moreirense FC,2025-08-17 17:00:00,0,1,1,3,0,3,4,5,0,0,3,2,9,3,12,5,20,18,58,42,,,4,5,1.91,3.1,4.8,1.7,2.83,6.22,2.4,1.5,1.82,2.5,1.95,1.49,1.65,4.26,2.32,1.23,1,0,1,0,0,0,1,174,0,0,0,-1,2,1,2,0,1,0,2,1,1,1,3,4,2,7,1,54,21,125,60,1.37,0.62,1.98,0,0,0,0,0,0,1,1,0,1,0,0,0,0,1,23,16,1,18,20,1,5,12,0,0,0,0,0.92,1.15,0.0,0.0,0.0,3.0,0,0,0.0,0.0,0.0,24,True,False,False,False,False,False,False,4.85,3.17,1.94,2.53,2.00,1.81,1.48,1.65,2.96,6.22,,,,,2.50,1.57
Liga_Portugal_2025-2026,2025/2026,2,Sporting CP,FC Arouca,2025-08-17 19:30:00,6,0,6,6,1,7,1,0,0,1,10,1,9,6,19,7,7,7,57,43,Estádio José Alvalade,"Rua Professor Fernando da Fonseca, Lisboa",1,2,1.1,7.3,12.0,1.13,1.4,2.21,2.04,1.58,1.47,1.8,2.48,1.94,1.2,2.1,4.21,1.8,6,3,0,3,0,3,3,114,0,0,0,-1,2,1,3,0,3,1,3,4,1,1,0,0,2,0,1,49,17,139,56,2.26,0.64,2.9,1,0,1,0,0,0,1,1,0,0,0,0,0,0,1,19,17,1,6,7,1,2,12,0,0,0,0,2.58,0.92,0.0,0.0,3.0,3.0,0,0,0.0,0.0,0.0,24,True,True,True,True,True,True,False,15.36,7.77,1.18,,,,,1.15,1.44,2.14,2.11,1.78,,,2.15,1.73
Liga_Portugal_2025-2026,2025/2026,2,Gil Vicente,Porto,2025-08-18 19:15:00,0,2,2,1,5,6,2,4,0,0,2,4,12,11,14,15,9,20,41,59,Estádio Cidade de Barcelos,"strada Nacional 103, Vila Boa, Barcelos",2,4,8.0,4.58,1.36,1.27,1.98,3.38,2.1,1.65,1.68,2.05,2.2,1.73,1.4,2.67,2.7,1.42,2,0,1,0,1,1,1,82,0,0,0,-1,2,1,1,2,0,3,3,3,1,2,1,2,3,3,1,41,46,77,80,1.32,1.56,2.87,0,0,0,0,0,0,1,1,0,0,0,0,0,0,1,19,20,1,20,9,1,10,7,0,0,0,0,1.92,2.75,0.0,0.0,3.0,3.0,0,0,0.0,0.0,0.0,24,True,True,False,False,False,False,False,1.42,4.78,7.96,2.05,1.64,2.20,1.75,1.30,1.96,3.38,2.86,1.45,1.38,3.18,2.23,1.67
Liga_Portugal_2025-2026,2025/2026,3,Moreirense FC,Vitória Guimarães,2025-08-23 15:00:00,2,0,2,3,7,10,5,2,0,0,4,4,6,7,10,11,17,17,48,52,Parque Desportivo Comendador Joaquim de Almeida Freitas,"Avenida Comendador Joaquim de Almeida Freitas, Moreira de Cónegos",5,2,3.02,3.1,2.21,1.4,2.3,4.2,1.95,1.8,1.71,2.12,2.05,1.64,1.48,3.1,2.66,1.3,2,0,0,2,0,2,0,174,0,50,0,-1,2,1,0,3,3,4,3,7,0,1,5,1,1,6,1,34,52,72,99,1.16,1.36,2.52,0,0,0,0,0,0,1,1,0,0,0,1,0,0,1,19,20,1,17,17,1,9,4,100,100,100,100,1.73,0.91,3.0,0.0,3.0,1.5,0,0,1.17,0.94,2.11,24,True,True,False,False,False,False,False,2.47,3.21,3.16,,,,,1.44,2.41,4.56,3.41,1.32,1.52,2.63,2.02,1.83
Liga_Portugal_2025-2026,2025/2026,3,CD Nacional,Sporting CP,2025-08-23 17:00:00,1,4,5,3,13,16,2,2,1,0,2,7,1,20,3,27,18,7,26,74,Estádio da Madeira,"Rua do Esmeraldo, nº 46, Ilha da Madeira",3,2,9.5,6.1,1.18,1.12,1.5,2.35,1.88,1.91,1.43,1.7,2.55,2.0,1.25,2.27,3.7,1.64,5,1,0,0,4,4,1,114,0,0,0,-1,2,1,1,8,2,5,9,7,2,1,1,1,3,2,1,19,73,60,116,0.48,2.71,3.19,0,0,0,0,0,0,1,1,1,0,1,2,0,0,1,14,16,1,7,18,1,12,2,0,100,50,100,0.92,2.5,0.0,3.0,0.5,3.0,100,0,1.4,2.95,4.35,24,True,True,True,True,True,False,True,1.23,6.69,12.64,1.75,,,2.04,1.17,1.54,2.35,2.29,1.63,,,2.08,1.76
Liga_Portugal_2025-2026,2025/2026,3,Benfica,CD Tondela,2025-08-23 19:30:00,3,0,3,13,2,15,2,2,0,0,12,4,9,5,21,9,10,12,66,34,,,2,2,1.08,8.0,18.0,1.15,1.47,2.25,2.48,1.54,1.43,1.71,2.6,2.08,1.25,2.12,3.5,1.63,3,2,0,1,0,1,2,78,0,0,0,-1,2,1,8,1,5,1,9,6,1,1,1,1,2,2,1,62,32,103,67,2.61,1.08,3.69,0,0,0,0,0,0,1,1,0,0,1,0,0,0,1,19,16,1,12,10,1,5,8,50,50,50,50,2.33,0.92,0.0,0.0,3.0,0.0,0,0,0.0,0.87,0.87,24,True,True,True,False,False,False,False,17.00,8.56,1.16,1.65,,,2.17,1.16,1.48,2.23,2.10,1.75,,,2.27,1.64
Liga_Portugal_2025-2026,2025/2026,3,FC Arouca,Rio Ave FC,2025-08-23 19:30:00,3,3,6,4,2,6,3,2,0,0,6,7,8,8,14,15,13,17,56,44,Estádio Municipal de Arouca,"Afonso Pinto Magalhães Valdasna, Arouca",3,2,2.06,3.4,3.15,1.35,2.05,3.4,1.83,1.75,1.45,2.08,2.47,1.93,1.42,3.1,2.7,1.39,6,1,0,2,3,5,1,-1,0,50,0,-1,2,1,4,2,0,0,6,0,3,2,0,0,5,0,1,27,27,88,78,1.5,1.63,3.14,0,0,0,0,0,0,1,1,0,0,1,0,0,0,1,20,11,1,17,13,1,7,11,50,50,0,50,1.25,0.92,3.0,0.0,1.5,1.0,0,0,1.05,0.0,1.05,24,True,True,True,True,True,True,True,3.26,3.33,2.35,1.88,1.51,2.47,1.93,1.33,2.08,3.62,3.07,1.40,1.42,2.97,1.81,2.04
Liga_Portugal_2025-2026,2025/2026,3,Famalicão,Gil Vicente,2025-08-24 14:30:00,0,0,0,2,9,11,3,1,0,0,3,8,8,12,11,20,17,18,45,55,,,3,1,2.07,3.3,3.75,1.44,2.45,4.33,2.15,1.65,1.51,1.91,2.3,1.8,1.45,3.3,2.4,1.29,0,0,0,0,0,0,0,-1,0,0,0,-1,2,1,0,4,2,5,4,7,0,0,3,1,0,4,1,34,46,73,88,1.15,2.15,3.3,0,0,0,0,0,0,1,1,0,0,0,1,0,0,1,21,14,1,18,17,1,4,12,50,100,100,100,1.67,1.42,3.0,3.0,3.0,1.5,50,0,0.87,1.0,1.87,24,False,False,False,False,False,False,False,4.87,3.35,1.88,1.92,1.53,2.41,1.88,1.42,2.36,4.40,,,1.50,2.65,2.08,1.78
Liga_Portugal_2025-2026,2025/2026,3,Porto,Casa Pia,2025-08-24 17:00:00,4,0,4,7,2,9,3,1,0,0,7,0,13,7,20,7,11,8,65,35,Estádio Do Dragão,"Via Futebol Clube do Porto, Porto",3,1,1.2,6.33,11.0,1.22,1.7,2.8,2.38,1.51,1.49,1.8,2.35,1.91,1.29,2.58,3.3,1.53,4,3,0,1,0,1,3,82,0,0,0,-1,2,1,5,0,2,2,5,4,1,0,2,1,1,3,1,63,18,108,58,2.2,0.58,2.78,0,0,0,0,0,0,1,1,0,0,0,0,0,0,1,21,16,1,8,11,1,6,11,50,100,50,100,2.67,0.92,3.0,3.0,3.0,1.5,50,0,2.03,1.18,3.21,24,True,True,True,True,False,False,False,16.21,6.51,1.21,1.86,1.47,2.57,1.95,1.24,1.73,2.76,2.54,1.54,,,2.58,1.50
Liga_Portugal_2025-2026,2025/2026,3,Sporting Braga,AVS,2025-08-24 19:30:00,2,2,4,11,3,14,2,3,0,0,5,2,16,2,21,4,9,12,76,24,,,2,3,1.32,5.27,10.41,1.21,1.7,2.83,2.15,1.67,1.48,2.03,2.5,1.86,1.36,2.6,3.3,1.48,4,1,2,1,0,1,3,-1,0,50,0,-1,2,1,4,2,7,1,6,8,0,1,2,2,1,4,1,93,19,176,60,2.36,0.54,2.89,1,0,1,0,0,0,1,1,0,0,1,1,0,0,1,26,19,1,11,9,1,2,15,100,100,50,100,2.09,0.18,3.0,0.0,3.0,0.0,0,0,1.21,1.35,2.56,24,True,True,True,True,False,False,True,12.98,5.67,1.27,1.81,1.44,2.61,2.00,1.28,1.87,3.09,2.71,1.49,1.35,3.33,2.48,1.55
Liga_Portugal_2025-2026,2025/2026,3,Estrela Amadora,Alverca,2025-08-25 19:15:00,2,2,4,6,2,8,5,4,1,1,6,2,13,4,19,6,18,24,56,44,,,7,5,2.27,3.06,2.9,1.4,2.35,4.0,2.05,1.73,1.41,1.75,2.63,1.98,1.5,3.2,2.37,1.28,4,1,2,1,0,1,3,-1,0,50,0,-1,2,1,3,0,3,1,3,4,3,2,3,3,5,6,1,48,30,68,77,1.95,0.75,2.7,0,0,0,0,0,0,1,1,0,0,0,0,0,0,1,27,24,1,23,18,1,6,10,50,50,50,50,1.08,0.75,0.0,0.0,0.5,0.0,50,50,1.22,0.83,2.05,24,True,True,True,True,False,False,True,3.19,3.09,2.53,1.96,1.54,2.39,1.85,1.46,2.44,4.65,3.42,1.32,1.52,2.60,2.00,1.85
Liga_Portugal_2025-2026,2025/2026,4,Gil Vicente,Moreirense FC,2025-08-29 19:15:00,2,0,2,4,3,7,1,2,0,0,4,0,8,10,12,10,18,12,46,54,Estádio Cidade de Barcelos,"strada Nacional 103, Vila Boa, Barcelos",1,2,2.65,2.87,2.72,1.68,2.88,7.0,2.22,1.54,1.83,2.32,1.89,1.51,1.64,3.8,2.21,1.21,2,0,0,2,0,2,0,183,0,0,0,-1,2,1,2,1,2,2,3,4,0,0,1,2,0,3,1,37,34,81,81,1.31,0.88,2.19,0,0,0,0,0,0,1,1,0,0,2,0,0,0,1,20,14,1,12,18,1,8,7,0,50,0,100,1.92,1.15,0.0,3.0,1.33,3.0,100,50,1.32,0.62,1.94,24,True,True,False,False,False,False,False,3.42,2.80,2.61,2.35,1.92,1.90,1.56,,,,,,1.69,2.23,2.46,1.56
Liga_Portugal_2025-2026,2025/2026,4,Casa Pia,CD Nacional,2025-08-30 14:30:00,0,2,2,2,3,5,2,3,0,0,3,2,6,7,9,9,13,22,62,38,Campo do Cevadeiro,"Estrada Nacional 10, Vila Franca de Xira",2,3,2.31,3.2,3.26,1.37,2.25,4.2,1.92,1.79,1.47,1.77,2.54,1.98,1.44,3.0,2.63,1.33,2,0,2,0,0,0,2,163,0,50,0,-1,2,1,0,3,2,0,3,2,0,0,2,3,0,5,1,40,27,101,84,1.08,0.91,1.99,0,0,0,0,0,0,1,1,0,0,0,1,0,0,1,22,25,1,22,13,1,5,8,0,100,0,100,1.0,0.83,0.0,1.0,1.0,0.33,100,0,0.86,1.57,2.43,24,True,True,False,False,False,False,False,3.64,3.17,2.25,1.83,1.48,2.53,1.98,1.44,2.40,4.48,3.21,1.33,1.52,2.62,2.02,1.83
Liga_Portugal_2025-2026,2025/2026,4,Vitória Guimarães,FC Arouca,2025-08-30 17:00:00,1,1,2,2,2,4,4,4,0,0,3,3,9,6,12,9,15,17,54,46,Estádio Dom Afonso Henriques,"Rua de São Gonçalo 505, Guimarães",4,4,1.78,3.75,4.15,1.32,1.95,3.4,1.85,1.86,1.5,2.1,2.47,1.92,1.38,2.8,2.79,1.4,2,1,1,0,0,0,2,-1,0,50,0,-1,2,1,1,0,1,2,1,3,0,0,4,4,0,8,1,30,20,105,61,1.2,0.93,2.12,0,0,0,0,0,0,1,1,0,0,0,0,0,0,1,26,23,1,17,15,1,9,10,100,100,100,100,1.69,0.92,3.0,0.0,1.0,1.33,0,0,1.76,0.64,2.4,24,True,True,False,False,False,False,True,3.52,3.43,2.18,1.88,1.50,2.49,1.93,1.33,2.07,3.61,3.00,1.41,1.41,3.02,1.80,2.05
Liga_Portugal_2025-2026,2025/2026,4,AVS,Famalicão,2025-08-30 17:00:00,0,1,1,5,9,14,1,4,0,1,3,3,10,8,13,11,16,18,45,55,Estádio Clube Desportivo das Aves,"Rua Luís Gonzaga Mendes de Carvalho 265, Vila das Aves",1,5,4.05,3.1,1.79,1.37,2.37,3.95,2.05,1.75,1.49,2.04,2.49,1.96,1.44,3.25,2.62,1.33,1,0,0,0,1,1,0,1033,0,0,0,-1,-1,1,-1,-1,-1,-1,-1,-1,0,1,1,4,1,5,1,43,62,78,93,1.34,1.35,2.69,0,0,0,0,0,0,1,1,0,0,-1,-1,0,0,1,24,27,1,18,16,1,8,13,0,50,0,50,0.54,1.33,0.0,3.0,0.33,2.33,100,50,1.02,1.71,2.73,24,True,False,False,False,False,False,False,2.03,3.30,4.18,1.84,1.49,2.49,1.97,1.45,2.41,4.56,3.45,1.33,1.52,2.62,2.07,1.78
Liga_Portugal_2025-2026,2025/2026,4,Sporting CP,Porto,2025-08-30 19:30:00,1,2,3,5,3,8,3,5,0,0,3,7,17,7,20,14,8,15,59,41,Estádio José Alvalade,"Rua Professor Fernando da Fonseca, Lisboa",3,5,2.09,3.45,3.6,1.3,2.05,3.55,1.81,2.1,1.57,2.23,2.31,1.84,1.38,2.8,2.71,1.36,3,0,0,1,2,3,0,82,0,0,0,-1,2,1,1,2,4,1,3,5,1,3,2,2,4,4,1,55,30,102,100,1.87,1.6,3.46,0,0,0,0,0,0,1,1,0,0,0,0,0,0,1,27,17,1,15,8,1,5,13,50,100,50,100,2.58,2.75,3.0,3.0,3.0,3.0,50,0,2.26,1.56,3.82,24,True,True,True,False,False,False,True,4.20,3.58,1.93,1.96,1.58,2.30,1.85,1.29,1.92,3.30,2.93,1.43,1.39,3.10,1.75,2.12
Liga_Portugal_2025-2026,2025/2026,4,CD Tondela,GD Estoril Praia,2025-08-31 14:30:00,2,2,4,3,4,7,1,3,0,0,4,5,10,16,14,21,8,11,51,49,Estádio João Cardoso,"Rua Doutor Eurico José Gouveia, Tondela",1,3,2.75,3.1,2.75,1.4,2.45,3.95,1.91,1.78,1.59,2.27,2.3,1.79,1.48,3.14,2.62,1.33,4,0,1,2,1,3,1,-1,0,50,0,-1,2,1,1,1,2,3,2,5,1,2,0,1,3,1,1,41,41,114,88,1.47,1.97,3.43,1,0,1,0,0,0,1,1,0,0,0,0,0,0,1,25,24,1,10,8,1,10,12,50,50,50,50,0.67,0.92,0.0,0.0,0.0,0.5,50,50,1.56,1.48,3.04,24,True,True,True,True,False,False,True,2.97,3.20,2.60,2.02,1.62,2.25,1.78,1.37,2.23,4.11,3.33,1.35,1.47,2.77,1.88,1.97
Liga_Portugal_2025-2026,2025/2026,4,Alverca,Benfica,2025-08-31 17:00:00,1,2,3,5,2,7,4,5,0,1,7,2,4,4,11,6,12,18,47,53,Complexo Desportivo FC Alverca,"R. César Augusto Gonçalves Ferreira 16, Alverca do Ribatejo",4,6,12.5,6.8,1.22,1.17,1.56,2.55,2.05,1.61,1.51,1.84,2.4,1.9,1.33,2.36,3.3,1.62,3,0,2,1,0,1,2,78,0,0,0,-1,2,1,1,1,4,1,2,5,1,1,3,5,2,8,1,35,60,52,107,1.43,0.96,2.4,0,0,0,0,0,0,1,1,0,1,0,0,0,0,1,15,12,1,18,12,1,6,4,50,50,50,50,1.5,2.5,0.0,3.0,0.33,3.0,50,50,1.4,1.34,2.74,24,True,True,True,False,False,False,True,1.24,6.79,11.19,1.79,1.48,2.52,2.01,1.21,1.61,2.48,,,,,2.29,1.62
Liga_Portugal_2025-2026,2025/2026,4,Rio Ave FC,Sporting Braga,2025-08-31 19:30:00,2,2,4,1,7,8,3,2,0,0,3,9,2,11,5,20,13,12,28,72,Estádio do Rio Ave Futebol Clube,"Rua Dona Maria Pães Ribeiro, Vila do Conde",3,2,4.36,3.8,1.81,1.25,1.97,3.12,1.79,2.0,1.45,2.04,2.48,1.93,1.33,2.7,2.84,1.38,4,2,1,0,1,1,3,-1,0,50,0,-1,2,1,1,1,0,6,2,6,1,2,2,0,3,2,1,11,91,58,158,0.61,2.55,3.17,1,0,1,0,0,0,1,1,0,0,1,0,0,0,1,16,28,1,11,13,1,15,1,50,100,50,100,0.83,1.69,1.0,3.0,1.0,2.33,50,0,2.1,1.54,3.64,24,True,True,True,True,False,False,True,1.70,3.87,5.27,1.86,1.51,2.46,1.95,1.30,1.95,3.31,2.93,1.43,1.40,3.06,1.90,1.95
Liga_Portugal_2025-2026,2025/2026,4,Santa Clara,Estrela Amadora,2025-08-31 19:30:00,0,0,0,8,0,8,2,2,0,0,3,0,10,3,13,3,13,11,55,45,,,2,2,2.0,3.2,3.96,1.53,2.55,5.0,2.1,1.62,1.52,2.24,1.98,1.6,1.59,3.55,2.45,1.29,0,0,0,0,0,0,0,-1,0,50,0,-1,2,1,3,0,5,0,3,5,2,0,0,2,2,2,1,64,20,125,79,1.5,0.35,1.85,0,0,0,0,0,0,1,1,0,0,2,0,0,0,1,32,17,1,11,13,1,4,10,0,50,0,100,0.92,0.92,0.0,1.0,0.0,0.67,100,50,1.37,1.12,2.49,24,False,False,False,False,False,False,False,5.35,3.24,1.85,2.31,1.83,1.99,1.58,1.65,2.95,6.16,,,,,2.60,1.50
Liga_Portugal_2025-2026,2025/2026,3,GD Estoril Praia,Santa Clara,2025-09-06 19:30:00,0,1,1,5,7,12,4,1,0,0,4,4,11,12,15,16,16,11,60,40,Estádio António Coimbra da Mota,"Rua Dom Bosco, Estoril",4,1,2.99,3.0,2.55,1.53,2.43,5.05,2.1,1.7,1.77,2.12,2.0,1.61,1.55,3.4,2.4,1.25,1,0,0,0,1,1,0,1028,0,50,0,-1,2,1,2,5,3,2,7,5,1,0,3,1,1,4,1,48,36,99,85,1.58,1.55,3.13,0,1,0,1,0,0,1,1,0,0,0,3,0,0,1,24,13,1,11,15,1,8,12,50,100,50,100,1.83,0.67,1.0,0.0,0.67,0.33,50,0,1.07,0.77,1.84,24,True,False,False,False,False,False,False,2.42,3.07,3.39,,,,,1.56,2.79,5.72,,,,,2.22,1.68
Liga_Portugal_2025-2026,2025/2026,5,Benfica,Santa Clara,2025-09-12 19:15:00,1,1,2,4,5,9,1,1,0,1,7,5,12,4,19,9,8,11,78,22,,,1,3,1.3,4.8,10.5,1.25,2.15,3.0,2.5,1.56,1.55,2.07,2.36,1.92,1.33,2.9,3.0,1.36,2,0,0,1,1,2,0,-1,0,0,0,-1,2,1,0,4,4,1,4,5,0,2,1,0,2,1,1,115,17,182,48,2.53,1.04,3.57,0,0,0,0,0,0,1,1,0,0,0,0,0,0,1,25,17,1,11,8,1,3,14,75,75,75,75,2.33,0.67,3.0,1.5,3.0,1.0,25,25,2.61,1.16,3.77,24,True,True,False,False,False,False,True,12.52,5.48,1.29,1.87,1.50,2.46,1.92,1.35,2.07,3.66,2.99,1.41,1.40,3.02,2.71,1.47
Liga_Portugal_2025-2026,2025/2026,5,Alverca,CD Tondela,2025-09-12 19:15:00,1,0,1,5,6,11,1,2,0,0,4,6,8,8,12,14,13,15,49,51,Complexo Desportivo FC Alverca,"R. César Augusto Gonçalves Ferreira 16, Alverca do Ribatejo",1,2,2.23,3.25,2.9,1.36,2.38,4.2,2.0,1.8,0.0,0.0,0.0,0.0,1.44,3.2,2.65,1.28,1,1,0,0,0,0,1,10708,0,25,0,-1,-1,1,-1,-1,-1,-1,-1,-1,0,0,1,2,0,3,1,31,55,74,119,1.26,1.71,2.97,0,0,0,0,0,0,1,1,0,0,-1,-1,0,0,1,20,34,1,15,12,1,8,5,100,100,100,100,1.5,0.92,0.0,0.0,0.25,0.25,0,0,1.41,0.98,2.39,24,True,False,False,False,False,False,False,3.84,3.29,2.13,,,,,1.40,2.24,4.03,3.35,1.35,1.47,2.77,1.90,1.94
Liga_Portugal_2025-2026,2025/2026,5,Moreirense FC,Rio Ave FC,2025-09-13 14:30:00,3,1,4,7,3,10,1,0,0,0,8,4,7,11,15,15,12,13,54,46,Parque Desportivo Comendador Joaquim de Almeida Freitas,"Avenida Comendador Joaquim de Almeida Freitas, Moreira de Cónegos",1,0,2.21,3.14,3.25,1.42,2.35,4.0,1.91,1.8,1.69,2.22,2.06,1.6,1.47,3.2,2.42,1.33,4,0,0,3,1,4,0,174,0,75,0,-1,2,1,2,0,5,3,2,8,1,0,0,0,1,0,1,42,39,97,74,1.81,1.51,3.32,0,0,0,0,0,0,1,1,0,0,1,0,1,0,1,21,6,1,13,12,1,10,8,75,100,25,75,1.73,0.92,3.0,1.0,2.25,1.0,25,0,1.16,1.63,2.79,24,True,True,True,True,False,False,True,3.99,3.17,2.14,2.22,1.79,2.00,1.61,1.43,2.38,4.44,3.38,1.32,1.52,2.61,1.98,1.87
Liga_Portugal_2025-2026,2025/2026,5,GD Estoril Praia,AVS,2025-09-13 14:30:00,3,1,4,1,5,6,5,2,0,0,5,4,10,8,15,12,11,11,50,50,Estádio António Coimbra da Mota,"Rua Dom Bosco, Estoril",5,2,1.65,3.91,4.42,1.29,2.0,3.5,1.86,1.88,0.0,0.0,0.0,0.0,1.36,2.8,2.9,1.4,4,2,0,1,1,2,2,164,0,75,0,-1,2,1,1,1,0,4,2,4,3,1,2,1,4,3,1,26,39,96,115,1.49,1.33,2.82,0,0,0,0,0,0,1,1,0,0,1,0,1,0,1,10,31,1,11,11,1,17,14,50,75,25,75,1.83,0.18,0.5,0.5,0.5,0.25,50,25,1.32,0.94,2.26,24,True,True,True,True,False,False,True,4.87,3.91,1.74,,,,,1.33,2.00,3.46,3.06,1.40,1.42,2.95,1.93,1.92
Liga_Portugal_2025-2026,2025/2026,5,Porto,CD Nacional,2025-09-13 17:00:00,1,0,1,5,5,10,2,4,0,0,5,1,6,5,11,6,6,14,69,31,Estádio Do Dragão,"Via Futebol Clube do Porto, Porto",2,4,1.15,6.9,16.0,1.18,1.57,2.2,2.25,1.57,1.45,1.74,2.57,2.02,1.27,2.25,3.4,1.6,1,1,0,0,0,0,1,82,0,25,0,-1,2,1,2,1,3,4,3,7,0,1,2,3,1,5,1,69,21,140,83,1.56,0.61,2.17,1,0,1,0,0,0,1,1,0,0,0,0,0,0,1,33,20,1,13,6,1,4,6,50,100,75,100,2.67,0.83,3.0,2.0,3.0,1.0,50,0,2.12,1.24,3.36,24,True,False,False,False,False,False,False,17.48,7.39,1.18,1.76,,,2.02,1.19,1.58,2.47,2.32,1.62,,,2.30,1.62
Liga_Portugal_2025-2026,2025/2026,5,Famalicão,Sporting CP,2025-09-13 19:30:00,1,2,3,5,4,9,4,3,0,0,3,4,6,5,9,9,22,17,43,57,,,4,3,6.5,4.61,1.47,0.0,1.65,0.0,1.95,1.8,0.0,0.0,0.0,0.0,0.0,0.0,0.0,0.0,3,1,1,0,1,1,2,114,0,25,0,-1,2,1,5,0,0,4,5,4,3,2,1,1,5,2,1,36,33,79,96,1.04,1.1,2.14,0,0,0,0,0,0,1,1,0,0,1,0,0,0,1,20,12,1,17,22,1,6,4,50,75,25,75,1.67,2.5,2.0,3.0,2.5,2.25,50,25,1.01,2.83,3.84,24,True,True,True,False,False,False,True,1.48,4.75,6.52,,,,,,,,,,,,,
Liga_Portugal_2025-2026,2025/2026,5,Estrela Amadora,Vitória Guimarães,2025-09-14 14:30:00,0,2,2,3,2,5,2,0,0,0,1,6,9,8,10,14,10,11,60,40,,,2,0,2.84,3.09,2.48,1.41,2.33,4.6,1.98,1.73,1.35,1.81,2.74,2.07,1.45,3.3,2.5,1.3,2,0,1,0,1,1,1,175,0,25,0,-1,2,1,0,1,3,1,1,4,0,0,2,0,0,2,1,28,37,76,95,0.91,1.58,2.48,0,0,0,0,0,0,1,1,0,0,0,0,0,0,1,20,26,1,11,10,1,12,15,50,75,50,50,1.08,0.91,0.5,0.0,0.75,1.0,50,25,1.59,1.15,2.74,24,True,True,False,False,False,False,False,2.45,3.06,3.35,1.84,1.50,2.46,1.95,1.50,2.56,4.93,3.44,1.33,1.55,2.53,2.09,1.76
Liga_Portugal_2025-2026,2025/2026,5,FC Arouca,Casa Pia,2025-09-14 17:00:00,0,2,2,7,6,13,2,7,0,0,3,4,6,5,9,9,18,21,66,34,Estádio Municipal de Arouca,"Afonso Pinto Magalhães Valdasna, Arouca",2,7,2.01,2.9,3.6,1.36,2.16,4.5,2.07,1.81,1.55,1.91,2.23,1.84,1.42,3.0,2.62,1.33,2,0,1,0,1,1,1,4810,0,50,0,-1,2,1,3,5,4,1,8,5,0,2,2,5,2,7,1,50,36,102,77,1.15,1.11,2.26,0,0,0,0,0,0,1,1,0,0,0,1,0,0,1,29,13,1,21,18,1,8,10,75,100,25,100,1.25,0.92,2.0,1.5,1.25,0.75,25,0,1.28,0.88,2.16,24,True,True,False,False,False,False,False,3.88,3.28,2.12,1.95,1.57,2.29,1.84,1.45,2.41,4.54,3.31,1.34,1.52,2.63,2.02,1.83
Liga_Portugal_2025-2026,2025/2026,5,Sporting Braga,Gil Vicente,2025-09-14 19:30:00,0,1,1,5,7,12,2,3,0,0,6,5,5,7,11,12,7,12,64,36,,,2,3,1.6,3.85,5.75,1.28,2.18,3.64,2.0,1.73,1.5,2.13,2.08,1.92,1.36,2.85,2.9,1.4,1,0,1,0,0,0,1,183,0,25,0,-1,2,1,3,6,2,1,9,3,1,0,1,3,1,4,1,59,23,131,75,1.55,1.28,2.83,0,0,0,0,0,0,1,1,0,0,1,0,0,0,1,32,22,1,12,7,1,6,1,50,75,75,75,2.09,1.42,2.0,2.0,2.0,1.75,50,25,1.78,1.57,3.35,24,True,False,False,False,False,False,False,5.43,3.59,1.74,1.88,1.50,2.47,1.92,1.40,2.23,4.09,3.33,1.35,1.47,2.78,2.07,1.78
Liga_Portugal_2025-2026,2025/2026,6,Rio Ave FC,Porto,2025-09-19 19:15:00,0,3,3,2,10,12,2,1,0,0,2,7,5,12,7,19,11,18,48,52,Estádio do Rio Ave Futebol Clube,"Rua Dona Maria Pães Ribeiro, Vila do Conde",2,1,7.8,5.1,1.37,1.2,1.65,2.6,1.95,1.76,1.57,1.92,2.32,1.81,1.28,2.49,3.35,1.55,3,0,2,0,1,1,2,82,0,75,0,-1,2,1,1,7,1,3,8,4,2,1,0,0,3,0,1,25,39,99,89,0.78,1.97,2.75,0,0,0,0,0,0,1,1,0,1,0,3,0,0,1,17,13,1,18,11,1,7,2,50,100,25,75,0.83,2.75,1.0,3.0,0.75,3.0,50,0,1.36,1.58,2.94,24,True,True,True,False,False,False,False,1.34,5.71,8.35,1.90,1.52,2.42,1.92,1.21,1.63,2.67,2.50,1.56,1.34,3.32,1.95,1.89
Liga_Portugal_2025-2026,2025/2026,6,Santa Clara,Alverca,2025-09-20 14:30:00,2,1,3,7,0,7,6,4,0,0,6,3,8,0,14,3,16,21,55,45,,,6,4,1.65,3.15,5.05,1.44,2.49,4.5,2.15,1.65,1.86,2.42,1.84,1.47,1.53,3.3,2.47,1.3,3,1,1,1,0,1,2,1028,0,50,0,-1,-1,1,-1,-1,-1,-1,-1,-1,1,3,5,1,4,6,1,40,27,93,70,1.6,0.61,2.2,1,0,1,0,0,0,1,1,1,0,-1,-1,0,1,1,27,21,1,20,16,1,1,9,50,50,50,75,0.92,0.75,0.5,0.5,1.0,0.8,50,50,1.44,0.79,2.23,24,True,True,True,False,False,False,True,5.57,3.45,1.76,2.49,1.92,1.88,1.49,1.50,2.56,5.09,,,,,2.29,1.66
Liga_Portugal_2025-2026,2025/2026,6,CD Nacional,FC Arouca,2025-09-20 14:30:00,1,2,3,3,5,8,2,1,1,1,6,3,9,7,15,10,10,18,58,42,Estádio da Madeira,"Rua do Esmeraldo, nº 46, Ilha da Madeira",4,2,2.27,3.25,2.72,1.45,2.29,4.1,1.91,2.0,1.48,1.83,2.47,1.95,1.46,3.15,2.48,1.3,3,0,0,1,2,3,0,167,0,50,0,-1,2,1,2,1,1,4,3,5,1,0,2,2,1,4,1,58,31,88,59,1.78,1.06,2.85,1,0,1,0,0,0,1,1,0,0,0,0,1,0,1,30,16,1,16,10,1,5,10,50,100,75,100,0.92,0.92,0.0,0.5,0.8,1.0,50,0,0.94,0.78,1.72,24,True,True,True,False,False,False,True,3.34,3.31,2.31,1.83,1.47,2.52,1.96,1.38,2.21,3.95,3.31,1.35,1.47,2.77,1.88,1.98
Liga_Portugal_2025-2026,2025/2026,6,AVS,Benfica,2025-09-20 17:00:00,0,3,3,2,1,3,1,1,0,0,1,6,7,13,8,19,17,11,37,63,Estádio Clube Desportivo das Aves,"Rua Luís Gonzaga Mendes de Carvalho 265, Vila das Aves",1,1,13.5,6.75,1.2,1.17,1.61,2.56,2.2,1.54,1.5,2.08,2.35,1.9,1.27,2.19,3.8,1.58,3,0,1,0,2,2,1,78,0,25,0,-1,2,1,2,1,0,0,3,0,1,1,0,0,2,0,1,36,55,81,118,0.84,2.02,2.86,0,1,0,1,0,0,1,1,0,0,2,0,0,0,1,18,17,1,11,16,1,8,9,25,50,25,50,0.54,2.5,0.0,3.0,0.2,2.5,75,50,1.18,1.15,2.33,24,True,True,True,False,False,False,False,1.18,8.10,13.21,1.85,1.50,2.47,1.94,1.18,1.53,2.41,2.30,1.64,,,2.38,1.60
Liga_Portugal_2025-2026,2025/2026,6,Vitória Guimarães,Sporting Braga,2025-09-20 19:30:00,1,1,2,3,5,8,2,3,0,0,3,5,8,12,11,17,14,15,38,62,Estádio Dom Afonso Henriques,"Rua de São Gonçalo 505, Guimarães",2,3,2.77,3.05,2.01,1.35,2.05,3.74,1.77,1.93,1.47,1.75,2.48,1.93,1.43,3.13,2.6,1.39,2,1,1,0,0,0,2,-1,0,75,0,-1,2,1,1,3,2,1,4,3,0,1,2,2,1,4,1,30,66,73,119,1.12,1.9,3.03,0,0,0,0,0,0,1,1,0,0,0,0,0,0,1,23,29,1,14,14,1,5,7,75,100,100,100,1.69,1.69,2.0,2.0,1.4,1.6,25,0,1.48,2.05,3.53,24,True,True,False,False,False,False,True,1.95,3.49,4.26,1.80,1.48,2.52,2.00,1.33,2.06,3.62,3.08,1.40,1.42,2.96,1.82,2.05
Liga_Portugal_2025-2026,2025/2026,6,CD Tondela,Estrela Amadora,2025-09-21 14:30:00,0,0,0,5,2,7,4,3,1,0,8,3,9,5,17,8,16,13,54,46,Estádio João Cardoso,"Rua Doutor Eurico José Gouveia, Tondela",6,3,2.11,3.31,3.66,1.5,2.2,4.6,2.03,1.72,1.49,2.18,2.4,1.85,1.49,3.3,2.4,1.28,0,0,0,0,0,0,0,-1,0,50,0,-1,2,1,3,0,2,2,3,4,1,1,4,2,2,6,1,60,39,99,60,2.06,1.0,3.06,0,0,0,0,0,0,1,1,0,0,1,0,0,0,1,26,24,1,13,16,1,3,11,25,50,0,50,0.67,0.92,0.5,1.0,0.2,0.6,75,50,1.52,0.73,2.25,24,False,False,False,False,False,False,False,3.82,3.35,2.11,1.92,1.55,2.37,1.88,1.35,2.13,3.84,3.23,1.37,1.45,2.84,1.89,1.96
Liga_Portugal_2025-2026,2025/2026,6,Gil Vicente,GD Estoril Praia,2025-09-21 17:00:00,2,0,2,4,0,4,2,2,0,0,3,3,13,4,16,7,16,13,51,49,Estádio Cidade de Barcelos,"strada Nacional 103, Vila Boa, Barcelos",2,2,2.05,3.25,3.7,1.34,2.18,3.88,1.91,1.95,1.69,2.12,2.1,1.59,1.44,3.33,2.55,1.3,2,1,0,1,0,1,1,183,0,50,0,-1,2,1,3,0,1,0,3,1,0,0,2,2,0,4,1,80,41,112,91,1.8,0.96,2.75,1,0,1,0,0,0,1,1,0,0,1,0,0,0,1,34,26,1,12,16,1,6,10,50,100,25,75,1.92,0.92,1.5,0.5,2.0,1.0,50,0,1.31,1.72,3.03,24,True,True,False,False,False,False,False,4.08,3.40,2.02,2.12,1.70,2.10,1.68,1.38,2.22,4.09,3.31,1.35,1.46,2.79,1.90,1.95
Liga_Portugal_2025-2026,2025/2026,6,Casa Pia,Famalicão,2025-09-21 19:30:00,1,1,2,5,3,8,1,2,0,0,3,2,7,9,10,11,18,21,53,47,Campo do Cevadeiro,"Estrada Nacional 10, Vila Franca de Xira",1,2,3.5,3.16,2.25,1.46,2.38,4.25,1.95,1.75,1.51,1.87,2.48,1.89,1.49,3.33,2.59,1.3,2,0,0,1,1,2,0,-1,0,0,0,-1,2,1,1,1,4,2,2,6,1,0,0,2,1,2,1,37,44,93,75,1.12,1.15,2.27,1,0,1,0,0,0,1,1,0,0,0,0,1,0,1,22,28,1,20,18,1,3,7,0,50,25,50,1.0,1.33,0.0,3.0,1.2,2.0,100,50,0.97,1.53,2.5,24,True,True,False,False,False,False,True,2.17,3.24,3.78,,,,,1.46,2.46,4.78,3.33,1.31,1.55,2.54,2.03,1.83
Liga_Portugal_2025-2026,2025/2026,6,Sporting CP,Moreirense FC,2025-09-22 19:15:00,3,0,3,6,4,10,1,1,0,0,14,1,11,3,25,4,16,18,61,39,Estádio José Alvalade,"Rua Professor Fernando da Fonseca, Lisboa",1,1,1.22,6.9,14.5,1.12,1.56,2.4,2.05,1.64,1.62,2.32,1.85,1.75,1.23,2.23,3.75,1.62,3,0,0,3,0,3,0,114,0,25,0,-1,2,1,3,4,3,0,7,3,1,0,0,1,1,1,1,79,20,145,50,3.13,0.47,3.6,2,0,2,0,0,0,1,1,0,0,2,0,0,0,1,13,14,1,16,16,1,0,11,50,75,25,50,2.58,1.15,1.5,1.5,2.4,2.4,50,25,2.06,0.75,2.81,24,True,True,True,False,False,False,False,13.67,7.73,1.19,2.05,1.62,2.23,1.74,1.16,1.48,2.24,,,,,2.13,1.75
Liga_Portugal_2025-2026,2025/2026,1,Benfica,Rio Ave FC,2025-09-23 19:15:00,1,1,2,11,2,13,2,2,0,0,7,2,12,2,19,4,16,17,69,31,,,2,2,1.2,7.25,12.5,1.13,1.38,2.0,2.15,1.84,1.45,1.75,2.45,1.92,1.17,2.04,3.98,1.82,2,0,0,1,1,2,0,-1,0,75,0,-1,2,1,5,1,6,1,6,7,1,0,1,2,1,3,1,99,23,149,59,2.41,0.57,2.97,0,0,0,0,0,0,1,1,0,0,0,0,1,0,1,31,15,1,17,16,1,4,10,75,100,25,50,2.33,0.92,2.0,0.5,2.6,0.6,25,0,2.57,1.57,4.14,24,True,True,False,False,False,False,True,21.37,9.55,1.13,1.74,1.43,2.70,2.07,1.12,1.40,2.02,1.97,1.88,,,2.25,1.67
Liga_Portugal_2025-2026,2025/2026,7,Benfica,Gil Vicente,2025-09-26 19:15:00,2,1,3,0,7,7,3,3,0,1,4,7,6,9,10,16,14,20,47,53,,,3,4,1.33,4.8,9.0,1.27,1.79,2.74,2.11,1.66,1.49,1.82,2.44,1.94,1.32,2.45,2.98,1.46,3,2,1,0,0,0,3,78,0,34,0,-1,2,1,0,3,0,4,3,4,0,0,3,4,0,7,1,38,41,85,138,1.19,1.81,3.0,1,0,1,0,0,0,1,1,0,0,0,1,0,0,1,23,22,1,19,14,1,12,9,17,67,33,50,2.33,1.42,1.67,2.33,2.33,2.17,84,34,2.51,1.47,3.98,24,True,True,True,False,False,False,True,11.36,5.49,1.30,1.75,1.50,2.44,2.05,1.25,1.71,2.82,2.47,1.58,1.34,3.39,2.23,1.69
Liga_Portugal_2025-2026,2025/2026,7,Moreirense FC,Casa Pia,2025-09-27 14:30:00,2,1,3,6,8,14,4,4,0,0,4,4,8,16,12,20,13,15,54,46,Parque Desportivo Comendador Joaquim de Almeida Freitas,"Avenida Comendador Joaquim de Almeida Freitas, Moreira de Cónegos",4,4,2.2,2.9,3.6,1.46,2.6,4.8,2.12,1.63,1.74,2.26,1.97,1.6,1.55,3.4,2.29,1.22,3,1,1,1,0,1,2,174,0,34,0,-1,2,1,1,4,5,4,5,9,3,1,1,3,4,4,1,37,42,82,100,1.31,1.84,3.15,0,0,0,0,0,0,1,1,0,1,0,0,0,0,1,23,12,1,15,13,1,13,6,50,100,33,67,1.73,0.92,3.0,2.0,2.0,1.17,50,0,1.38,0.96,2.34,24,True,True,True,False,False,False,True,3.91,3.29,2.11,2.25,1.81,2.00,1.59,1.48,2.44,4.78,,,1.53,2.58,2.14,1.75
Liga_Portugal_2025-2026,2025/2026,7,Santa Clara,CD Tondela,2025-09-27 15:30:00,1,2,3,3,4,7,2,7,0,0,5,5,6,7,11,12,13,25,53,47,,,2,7,1.76,3.25,4.9,1.5,2.54,4.2,2.21,1.61,1.64,2.36,2.18,1.73,1.56,3.25,2.35,1.27,3,0,0,1,2,3,0,169,0,17,0,-1,2,1,0,2,3,2,2,5,0,3,2,4,3,6,1,42,22,94,94,1.35,1.28,2.63,1,0,1,0,0,0,1,1,0,0,0,0,0,0,1,28,17,1,24,12,1,9,5,50,50,50,84,0.92,0.92,1.33,0.0,1.33,0.33,50,50,1.49,1.22,2.71,24,True,True,True,False,False,False,True,5.08,3.26,1.88,2.07,1.64,2.19,1.72,1.50,2.54,5.02,3.29,1.32,1.56,2.52,2.26,1.68
Liga_Portugal_2025-2026,2025/2026,7,Estrela Amadora,AVS,2025-09-27 17:00:00,3,0,3,6,6,12,2,2,1,1,6,2,5,9,11,11,11,20,55,45,,,3,4,1.82,3.6,4.4,1.4,2.1,4.65,2.16,1.7,1.72,2.52,2.07,1.64,1.48,3.42,2.4,1.25,3,3,0,0,0,0,3,15804,0,67,0,-1,2,1,2,2,4,4,4,8,0,0,3,3,0,6,1,35,31,71,117,1.37,1.07,2.44,0,0,0,0,0,0,1,1,0,0,1,0,0,0,1,14,23,1,20,11,1,6,6,67,84,50,84,1.08,0.18,0.33,0.33,0.67,0.17,34,17,1.36,1.07,2.43,24,True,True,True,False,False,False,False,3.55,3.27,2.24,2.21,1.72,2.07,1.63,1.40,2.28,4.30,,,,,1.93,1.92
Liga_Portugal_2025-2026,2025/2026,7,GD Estoril Praia,Sporting CP,2025-09-27 19:30:00,0,1,1,3,9,12,4,2,0,0,2,2,5,7,7,9,13,12,38,62,Estádio António Coimbra da Mota,"Rua Dom Bosco, Estoril",4,2,10.5,5.6,1.28,1.17,1.53,2.3,1.97,1.9,1.61,2.27,2.22,1.76,1.24,2.21,3.34,1.59,1,0,1,0,0,0,1,114,0,67,0,-1,2,1,2,5,1,4,7,5,0,0,4,2,0,6,1,42,41,87,116,0.89,1.02,1.91,0,0,0,0,0,0,1,1,0,0,0,1,0,0,1,13,17,1,12,13,1,15,8,50,84,33,84,1.83,2.5,1.33,3.0,0.83,2.5,50,17,1.38,2.25,3.63,24,True,False,False,False,False,False,False,1.25,6.64,10.98,2.08,1.66,2.18,1.73,1.15,1.46,2.17,2.17,1.70,,,1.92,1.91
Liga_Portugal_2025-2026,2025/2026,7,Alverca,Vitória Guimarães,2025-09-28 14:30:00,2,0,2,1,5,6,2,0,1,0,4,3,7,16,11,19,15,17,43,57,Complexo Desportivo FC Alverca,"R. César Augusto Gonçalves Ferreira 16, Alverca do Ribatejo",3,0,2.81,3.02,2.75,1.49,2.1,3.64,1.92,1.93,1.6,2.28,2.28,1.79,1.41,3.33,2.6,1.35,2,1,0,1,0,1,1,10708,0,17,0,-1,2,1,1,2,0,2,3,2,2,0,1,0,2,1,1,24,57,57,115,1.15,1.82,2.97,1,0,1,0,0,0,1,1,0,0,0,1,0,0,1,16,30,1,16,15,1,20,5,50,84,50,84,1.5,0.91,1.0,1.0,0.67,1.33,50,17,1.36,1.29,2.65,24,True,True,False,False,False,False,False,2.98,2.96,2.78,1.95,1.54,2.39,1.86,1.52,2.64,5.12,3.41,1.34,1.57,2.50,2.13,1.76
Liga_Portugal_2025-2026,2025/2026,7,Sporting Braga,CD Nacional,2025-09-28 17:00:00,0,1,1,6,3,9,0,2,0,0,1,5,8,8,9,13,4,7,60,40,,,0,2,1.4,4.7,8.0,1.22,1.85,2.77,2.0,1.75,1.4,1.87,3.1,2.35,1.33,2.54,3.23,1.47,1,0,1,0,0,0,1,163,0,33,0,-1,2,1,1,1,5,2,2,7,0,1,0,1,1,1,1,55,26,115,104,1.05,1.37,2.42,0,0,0,0,0,0,1,1,0,1,0,0,0,0,1,30,23,1,7,4,1,7,7,34,67,50,100,2.09,0.83,1.33,1.33,1.5,0.67,67,33,1.71,1.03,2.74,24,True,False,False,False,False,False,False,8.28,4.65,1.42,1.67,,,2.17,1.26,1.83,3.02,2.74,1.48,1.36,3.26,2.07,1.80
Liga_Portugal_2025-2026,2025/2026,7,Famalicão,Rio Ave FC,2025-09-28 19:30:00,0,0,0,11,6,17,4,5,0,0,5,3,23,2,28,5,19,15,58,42,,,4,5,1.7,3.9,4.7,1.24,1.85,3.02,1.85,1.85,1.42,1.96,2.58,2.02,1.34,2.67,3.13,1.41,0,0,0,0,0,0,0,-1,0,67,0,-1,2,1,9,3,2,2,12,4,2,1,2,4,3,6,1,89,23,137,51,2.75,0.7,3.45,0,0,0,0,0,0,1,1,0,0,3,0,0,0,1,15,20,1,15,19,1,4,18,67,84,34,50,1.67,0.92,1.33,0.67,1.83,0.67,33,17,1.02,1.23,2.25,24,False,False,False,False,False,False,False,5.14,4.07,1.68,1.77,,,2.03,1.27,1.87,3.15,2.83,1.45,1.37,3.19,1.84,2.02
Liga_Portugal_2025-2026,2025/2026,7,FC Arouca,Porto,2025-09-29 19:00:00,0,4,4,5,8,13,5,2,0,1,3,5,10,11,13,16,13,8,47,53,Estádio Municipal de Arouca,"Afonso Pinto Magalhães Valdasna, Arouca",5,3,9.25,5.5,1.29,1.21,1.61,2.7,2.05,1.74,1.68,2.11,2.02,1.69,1.28,2.35,3.34,1.5,4,0,1,0,3,3,1,82,0,50,0,-1,2,1,1,5,4,3,6,7,2,1,3,2,3,5,1,18,45,64,80,1.16,1.68,2.84,0,0,0,0,0,0,1,1,0,0,1,0,1,1,1,13,15,1,8,13,1,9,9,67,100,17,84,1.25,2.75,1.33,3.0,1.33,3.0,33,0,1.23,1.71,2.94,24,True,True,True,True,False,False,False,1.25,6.27,11.84,2.06,1.63,2.22,1.74,,,,,,,,2.09,1.77
Liga_Portugal_2025-2026,2025/2026,8,Casa Pia,GD Estoril Praia,2025-10-03 19:15:00,2,2,4,6,7,13,3,3,0,0,5,3,6,7,11,10,14,12,51,49,Campo do Cevadeiro,"Estrada Nacional 10, Vila Franca de Xira",3,3,2.55,3.25,2.91,1.34,2.0,3.38,1.77,1.91,1.66,2.1,2.05,1.63,1.4,2.88,2.75,1.34,4,2,1,0,1,1,3,-1,0,50,0,-1,2,1,3,3,3,4,6,7,1,1,2,2,2,4,1,42,35,118,85,1.36,1.1,2.46,0,0,0,0,0,0,1,1,0,0,1,0,0,0,1,23,28,1,12,14,1,7,7,34,100,33,84,1.0,0.92,0.33,0.33,1.0,0.71,67,0,1.02,1.47,2.49,24,True,True,True,True,False,False,True,2.68,3.21,2.87,,,,,1.39,2.24,4.10,3.27,1.36,1.46,2.81,1.92,1.93
Liga_Portugal_2025-2026,2025/2026,8,CD Nacional,Moreirense FC,2025-10-04 14:30:00,3,2,5,2,4,6,1,3,0,1,7,4,10,6,17,10,12,16,58,42,Estádio da Madeira,"Rua do Esmeraldo, nº 46, Ilha da Madeira",1,5,2.34,3.15,3.25,1.45,2.25,4.3,1.95,1.8,1.62,1.98,2.22,1.73,1.46,3.28,2.45,1.32,5,1,1,2,1,3,2,163,0,34,0,-1,2,1,2,2,0,2,4,2,0,2,1,2,2,3,1,49,27,97,55,1.92,1.11,3.02,2,0,2,0,0,0,1,1,0,1,0,0,0,0,1,23,18,1,14,12,1,6,8,50,84,17,50,0.92,1.15,0.0,1.0,1.0,2.14,50,17,1.22,0.66,1.88,24,True,True,True,True,True,False,True,3.67,3.20,2.23,2.07,1.64,2.20,1.72,1.42,2.35,4.37,3.43,1.34,1.48,2.72,1.93,1.92
Liga_Portugal_2025-2026,2025/2026,8,Gil Vicente,Estrela Amadora,2025-10-04 14:30:00,2,0,2,5,7,12,2,3,1,0,7,5,8,10,15,15,13,15,43,57,Estádio Cidade de Barcelos,"strada Nacional 103, Vila Boa, Barcelos",4,3,1.63,3.5,5.5,1.41,2.25,4.1,2.29,1.61,1.65,2.1,2.1,1.68,1.5,3.2,2.68,1.28,2,2,0,0,0,0,2,183,0,17,0,-1,2,1,4,1,1,6,5,7,0,2,3,1,2,4,1,50,43,83,75,1.79,1.6,3.4,1,0,1,0,0,0,1,1,0,0,1,0,0,0,1,22,17,1,13,13,1,8,8,0,67,0,50,1.92,0.92,2.0,1.0,1.86,1.0,100,34,1.47,0.82,2.29,24,True,True,False,False,False,False,False,5.50,3.59,1.74,2.20,1.73,2.08,1.65,1.42,2.33,4.40,3.44,1.33,1.50,2.67,2.18,1.72
Liga_Portugal_2025-2026,2025/2026,8,AVS,Alverca,2025-10-04 17:00:00,1,3,4,0,5,5,3,2,0,0,2,6,3,6,5,12,16,6,49,51,Estádio Clube Desportivo das Aves,"Rua Luís Gonzaga Mendes de Carvalho 265, Vila das Aves",3,2,2.9,3.1,2.5,1.48,2.35,4.6,1.97,1.73,1.94,2.88,1.85,1.47,1.55,3.15,2.4,1.31,4,1,1,0,2,2,2,10708,0,50,0,-1,2,1,0,4,0,1,4,1,2,0,1,2,2,3,1,39,34,115,105,0.76,1.43,2.19,0,0,0,0,0,0,1,1,1,0,0,0,0,0,1,26,14,1,6,16,1,5,5,67,84,50,84,0.54,0.75,0.0,0.33,0.14,1.0,34,17,1.07,0.73,1.8,24,True,True,True,True,False,False,True,2.33,3.24,3.39,,,,,,,,3.31,1.31,1.53,2.59,1.99,1.86
Liga_Portugal_2025-2026,2025/2026,8,Vitória Guimarães,Santa Clara,2025-10-04 19:30:00,2,1,3,9,3,12,4,5,0,0,7,5,7,8,14,13,17,11,52,48,Estádio Dom Afonso Henriques,"Rua de São Gonçalo 505, Guimarães",4,5,3.0,2.9,2.73,1.71,2.9,6.25,2.25,1.6,1.77,2.58,2.0,1.61,1.62,4.2,2.16,1.2,3,0,1,2,0,2,1,175,0,67,0,-1,2,1,5,1,4,2,6,6,2,2,2,3,4,5,1,51,26,135,72,1.76,1.36,3.12,0,0,0,0,0,0,1,1,0,1,1,0,0,0,1,25,21,1,11,17,1,5,8,33,84,67,67,1.69,0.67,1.67,1.33,1.14,1.14,67,17,1.36,1.12,2.48,24,True,True,True,False,False,False,True,2.65,2.94,3.16,2.38,1.91,1.91,1.54,1.67,3.09,6.70,,,1.68,2.25,2.37,1.62
Liga_Portugal_2025-2026,2025/2026,8,FC Arouca,Famalicão,2025-10-05 14:30:00,1,1,2,4,11,15,4,1,1,0,3,5,4,9,7,14,22,12,46,54,Estádio Municipal de Arouca,"Afonso Pinto Magalhães Valdasna, Arouca",5,1,2.9,3.3,2.5,1.32,2.15,3.72,1.85,1.91,1.38,1.78,2.5,1.97,1.42,2.9,2.92,1.36,2,0,0,1,1,2,0,-1,0,42,0,-1,2,1,4,4,0,7,8,7,0,0,5,1,0,6,1,24,55,53,82,0.83,1.63,2.46,0,0,0,0,0,0,1,1,0,0,4,0,0,0,1,21,24,1,12,22,1,10,8,38,67,0,50,1.25,1.33,1.0,2.33,1.14,1.71,63,34,1.22,1.41,2.63,24,True,True,False,False,False,False,True,1.94,3.58,4.15,1.83,1.48,2.52,1.98,1.30,1.99,3.43,2.98,1.42,1.40,3.04,1.77,2.11
Liga_Portugal_2025-2026,2025/2026,8,Rio Ave FC,CD Tondela,2025-10-05 16:30:00,3,0,3,6,7,13,6,3,1,1,7,3,6,10,13,13,15,15,47,53,Estádio do Rio Ave Futebol Clube,"Rua Dona Maria Pães Ribeiro, Vila do Conde",7,4,2.29,3.3,2.75,1.3,1.92,3.18,1.7,2.05,1.47,1.78,2.43,1.88,1.38,2.81,3.0,1.38,3,2,0,1,0,1,2,171,0,46,0,-1,2,1,4,3,2,4,7,6,2,0,5,4,2,9,1,25,59,66,126,1.49,1.47,2.96,0,0,0,0,0,0,1,1,0,0,0,2,0,0,1,14,20,1,15,15,1,10,6,71,88,59,88,0.83,0.92,0.67,0.75,0.71,0.71,29,13,1.16,1.24,2.4,24,True,True,True,False,False,False,False,2.84,3.34,2.62,,,,,1.30,2.00,3.45,,,,,1.70,2.22
Liga_Portugal_2025-2026,2025/2026,8,Sporting CP,Sporting Braga,2025-10-05 18:15:00,1,1,2,1,5,6,4,5,0,0,3,5,10,6,13,11,19,13,44,56,Estádio José Alvalade,"Rua Professor Fernando da Fonseca, Lisboa",4,5,1.49,4.45,6.9,1.16,1.67,2.57,1.76,1.88,1.56,1.97,2.22,1.75,1.3,2.44,3.36,1.53,2,1,0,0,1,1,1,-1,0,50,0,-1,2,1,1,3,0,2,4,2,2,0,2,5,2,7,1,31,43,81,98,1.26,1.36,2.62,0,1,0,1,0,0,1,1,0,0,1,0,0,0,1,16,20,1,13,18,1,8,5,84,100,67,67,2.58,1.69,2.0,1.67,2.57,1.29,17,0,2.42,2.0,4.42,24,True,True,False,False,False,False,True,6.94,4.79,1.46,2.00,1.57,2.30,1.81,1.22,1.68,2.69,2.54,1.55,1.35,3.36,1.83,2.03
Liga_Portugal_2025-2026,2025/2026,8,Porto,Benfica,2025-10-05 20:15:00,0,0,0,3,3,6,5,1,0,0,2,1,6,3,8,4,15,6,51,49,Estádio Do Dragão,"Via Futebol Clube do Porto, Porto",5,1,2.0,3.25,3.84,1.28,2.06,3.3,1.81,1.9,1.7,2.46,2.05,1.77,1.4,2.89,2.8,1.36,0,0,0,0,0,0,0,-1,0,17,0,-1,2,1,1,0,2,3,1,5,0,1,5,0,1,5,1,49,22,111,74,1.01,0.49,1.51,0,0,0,0,0,0,1,1,0,0,0,0,0,0,1,24,10,1,6,15,1,2,16,67,67,50,84,2.67,2.5,3.0,3.0,3.0,2.43,33,33,1.93,1.44,3.37,24,False,False,False,False,False,False,False,4.10,3.39,2.02,2.07,1.66,2.18,1.73,1.32,2.01,3.44,3.09,1.39,1.44,2.89,1.75,2.14
Liga_Portugal_2025-2026,2025/2026,9,Alverca,Gil Vicente,2025-10-24 19:15:00,0,4,4,1,4,5,3,4,0,1,2,5,4,7,6,12,12,18,56,44,Complexo Desportivo FC Alverca,"R. César Augusto Gonçalves Ferreira 16, Alverca do Ribatejo",3,6,3.0,3.0,2.46,1.5,2.35,4.45,1.95,1.77,1.68,2.03,2.13,1.68,1.44,3.25,2.5,1.28,4,0,2,0,2,2,2,183,0,25,0,-1,2,1,1,3,0,1,4,1,2,2,1,3,4,4,1,43,41,85,72,0.84,1.4,2.24,0,0,0,0,0,0,1,1,0,1,0,1,0,1,1,20,17,1,17,12,1,1,9,38,63,50,88,1.5,1.42,1.5,1.75,1.25,2.0,63,38,1.31,1.56,2.87,24,True,True,True,True,False,False,False,2.41,3.09,3.40,2.17,1.70,2.12,1.67,1.47,2.48,4.71,,,1.55,2.55,2.00,1.86
Liga_Portugal_2025-2026,2025/2026,9,Santa Clara,AVS,2025-10-25 17:00:00,2,0,2,8,4,12,1,1,0,0,5,2,15,5,20,7,10,15,60,40,,,1,1,1.5,3.95,7.4,1.4,2.3,4.0,2.35,1.52,1.81,2.61,2.07,1.55,1.46,3.2,2.45,1.33,2,0,0,2,0,2,0,1028,0,63,0,-1,2,1,5,1,3,3,6,6,0,1,1,0,1,1,1,47,52,113,77,1.95,0.96,2.91,1,0,1,0,0,0,1,1,0,0,1,1,0,0,1,15,21,1,14,10,1,12,12,75,75,50,75,0.92,0.18,1.0,0.25,1.0,0.13,25,25,1.46,1.07,2.53,24,True,True,False,False,False,False,False,7.31,4.06,1.53,2.29,1.83,1.97,1.59,1.44,2.34,4.46,3.43,1.34,1.50,2.70,2.49,1.57
Liga_Portugal_2025-2026,2025/2026,9,Estrela Amadora,Rio Ave FC,2025-10-25 19:30:00,1,2,3,4,5,9,2,5,0,0,2,2,14,6,16,8,16,20,57,43,,,2,5,2.6,3.2,2.8,1.36,2.2,3.54,1.85,1.97,1.66,2.06,2.19,1.74,1.44,3.1,2.6,1.36,3,1,0,0,2,2,1,171,0,50,0,-1,2,1,1,2,3,3,3,6,1,1,1,4,2,5,1,60,28,94,63,1.58,0.85,2.43,0,0,0,0,0,0,1,1,0,0,0,0,0,1,1,19,24,1,20,16,1,7,15,50,75,25,50,1.08,0.92,1.0,0.75,0.88,1.0,50,25,1.36,1.1,2.46,24,True,True,True,False,False,False,True,2.49,3.21,3.12,1.95,1.56,2.35,1.85,1.34,2.12,3.80,3.16,1.38,1.44,2.89,1.81,2.06
Liga_Portugal_2025-2026,2025/2026,9,Benfica,FC Arouca,2025-10-25 19:30:00,5,0,5,9,1,10,2,2,0,0,8,0,9,5,17,5,13,18,53,47,,,2,2,1.16,7.9,15.0,1.11,1.42,2.08,2.05,1.7,1.5,2.18,2.41,1.91,1.22,2.1,3.9,1.79,5,3,0,2,0,2,3,78,0,71,0,-1,2,1,4,0,5,1,4,6,0,1,2,1,1,3,1,56,39,107,84,2.04,0.61,2.65,3,0,3,0,0,0,1,1,1,0,1,0,0,0,1,6,26,1,15,13,1,5,13,59,100,59,59,2.33,0.92,2.0,1.33,2.25,1.13,42,0,2.18,0.88,3.06,24,True,True,True,True,True,False,False,13.66,8.32,1.18,1.72,1.43,2.67,2.08,1.14,1.43,2.14,2.12,1.75,,,2.09,1.77
Liga_Portugal_2025-2026,2025/2026,9,Famalicão,Vitória Guimarães,2025-10-26 15:30:00,2,0,2,5,4,9,1,2,0,0,10,3,5,10,15,13,20,14,50,50,,,1,2,1.85,3.0,3.8,1.4,2.15,3.74,2.0,1.79,1.47,1.82,2.56,1.93,1.48,3.04,2.5,1.3,2,1,0,1,0,1,1,1033,0,13,0,-1,2,1,3,2,2,2,5,4,1,1,0,1,2,1,1,38,41,68,102,1.92,1.33,3.25,0,0,0,0,0,0,1,1,0,0,0,0,0,0,1,25,24,1,14,20,1,8,3,38,75,38,63,1.67,0.91,1.25,0.75,1.63,1.38,63,25,1.45,1.42,2.87,24,True,True,False,False,False,False,False,4.85,3.70,1.79,1.83,1.48,2.55,1.98,1.31,1.97,3.47,3.02,1.41,1.41,2.99,1.82,2.05
Liga_Portugal_2025-2026,2025/2026,9,GD Estoril Praia,CD Nacional,2025-10-26 15:30:00,1,1,2,6,5,11,3,3,0,0,4,4,9,5,13,9,13,15,59,41,Estádio António Coimbra da Mota,"Rua Dom Bosco, Estoril",3,3,2.36,3.32,3.05,1.38,2.05,3.44,1.78,1.9,1.62,2.02,2.36,1.85,1.4,2.8,2.7,1.38,2,0,1,1,0,1,1,-1,0,38,0,-1,2,1,3,2,3,3,5,6,0,2,3,1,2,4,1,52,36,100,86,1.48,1.12,2.6,1,0,1,0,0,0,1,1,0,0,1,0,0,0,1,28,18,1,14,13,1,12,12,13,50,25,88,1.83,0.83,1.0,1.75,0.75,1.25,88,50,1.26,1.12,2.38,24,True,True,False,False,False,False,True,3.03,3.33,2.48,1.84,1.50,2.49,1.97,1.36,2.11,3.71,3.12,1.39,1.43,2.93,1.79,2.07
Liga_Portugal_2025-2026,2025/2026,9,CD Tondela,Sporting CP,2025-10-26 18:00:00,0,3,3,2,9,11,3,1,0,0,2,15,7,14,9,29,12,12,34,66,Estádio João Cardoso,"Rua Doutor Eurico José Gouveia, Tondela",3,1,9.1,6.25,1.25,1.15,1.46,2.25,2.05,1.85,1.53,2.3,2.25,1.76,1.25,2.3,3.65,1.62,3,0,1,0,2,2,1,114,0,42,0,-1,2,1,0,5,2,4,5,6,2,0,1,1,2,2,1,37,78,93,109,0.98,3.43,4.41,0,0,0,0,0,0,1,1,0,0,0,3,0,0,1,14,25,1,12,12,1,8,7,42,54,13,67,0.67,2.5,0.67,3.0,0.63,2.38,59,46,1.7,1.95,3.65,24,True,True,True,False,False,False,False,1.23,6.71,11.90,2.01,1.62,2.24,1.78,1.17,1.53,2.37,2.29,1.65,,,2.09,1.77
Liga_Portugal_2025-2026,2025/2026,9,Sporting Braga,Casa Pia,2025-10-26 20:30:00,4,0,4,4,2,6,1,3,0,0,8,1,7,2,15,3,16,16,61,39,,,1,3,1.44,4.62,8.51,1.24,1.8,2.94,2.06,1.7,1.5,1.83,2.17,1.85,1.36,2.63,2.81,1.44,4,2,0,2,0,2,2,172,0,25,0,-1,2,1,2,1,2,1,3,3,0,1,1,2,1,3,1,51,16,87,54,1.87,0.38,2.26,1,0,1,0,0,0,1,1,2,0,0,0,0,0,1,16,14,1,15,16,1,3,8,50,75,50,100,2.09,0.92,1.0,1.5,1.25,1.0,50,25,1.54,1.18,2.72,24,True,True,True,True,False,False,False,8.30,4.74,1.41,1.90,1.50,2.46,1.91,1.28,1.82,3.15,2.75,1.48,1.35,3.31,2.08,1.79
Liga_Portugal_2025-2026,2025/2026,9,Moreirense FC,Porto,2025-10-27 20:15:00,1,2,3,2,7,9,3,1,0,0,1,7,7,9,8,16,15,13,39,61,Parque Desportivo Comendador Joaquim de Almeida Freitas,"Avenida Comendador Joaquim de Almeida Freitas, Moreira de Cónegos",3,1,10.5,5.8,1.25,1.17,1.88,2.68,2.05,1.7,1.56,2.05,2.34,1.83,1.3,2.4,3.22,1.47,3,1,1,0,1,1,2,82,0,50,0,-1,2,1,1,3,1,4,4,5,2,1,1,0,3,1,1,27,63,46,122,0.77,1.96,2.73,0,1,0,1,0,0,1,1,0,0,0,0,0,0,1,23,26,1,13,14,1,6,3,75,100,38,63,1.73,2.75,3.0,3.0,1.88,2.75,25,0,1.36,1.7,3.06,24,True,True,True,False,False,False,True,1.28,5.85,11.77,1.99,1.60,2.26,1.82,1.26,1.79,3.12,2.60,1.53,1.35,3.34,2.36,1.62
Liga_Portugal_2025-2026,2025/2026,10,Sporting CP,Alverca,2025-10-31 20:15:00,2,0,2,10,0,10,1,1,0,0,8,0,19,8,27,8,9,10,67,33,Estádio José Alvalade,"Rua Professor Fernando da Fonseca, Lisboa",1,1,1.1,10.0,19.0,1.06,1.36,1.95,2.53,1.54,1.56,1.86,2.29,1.79,1.2,2.0,4.05,1.77,2,0,0,2,0,2,0,114,0,75,0,-1,2,1,5,0,5,0,5,5,0,1,1,0,1,1,1,91,25,136,52,2.91,0.69,3.6,0,0,0,0,0,0,1,1,0,0,1,0,0,0,1,15,14,1,10,9,1,7,13,88,100,63,75,2.58,0.75,1.75,1.0,2.44,1.11,13,0,2.13,0.9,3.03,24,True,True,False,False,False,False,False,26.56,11.65,1.10,1.95,1.51,2.46,1.86,,,,,,,,2.74,1.47
Liga_Portugal_2025-2026,2025/2026,10,CD Nacional,Famalicão,2025-11-01 15:30:00,0,1,1,3,10,13,3,6,1,0,3,4,5,16,8,20,15,18,44,56,Estádio da Madeira,"Rua do Esmeraldo, nº 46, Ilha da Madeira",4,6,2.9,3.0,2.2,1.33,2.0,3.64,1.75,1.95,1.35,1.61,2.8,2.12,1.38,2.75,2.8,1.4,1,0,1,0,0,0,1,1033,0,63,0,-1,2,1,3,2,0,8,5,8,2,2,2,4,4,6,1,40,56,95,79,1.01,1.94,2.95,0,0,0,0,0,0,1,1,0,0,1,0,0,0,1,16,28,1,18,15,1,8,6,38,75,25,38,0.92,1.33,0.75,2.0,1.22,1.78,63,25,1.39,1.46,2.85,24,True,False,False,False,False,False,False,2.30,3.45,3.25,1.71,,,2.10,1.33,2.06,3.65,3.12,1.39,1.43,2.92,1.81,2.07
Liga_Portugal_2025-2026,2025/2026,10,Casa Pia,Estrela Amadora,2025-11-01 18:00:00,3,5,8,5,2,7,2,3,0,0,4,6,6,6,10,12,20,21,56,44,Campo do Cevadeiro,"Estrada Nacional 10, Vila Franca de Xira",2,3,2.29,2.88,3.2,1.45,2.42,4.2,2.0,1.73,1.63,1.91,2.1,1.8,1.48,3.2,2.45,1.3,8,1,2,2,3,5,3,15804,0,38,0,-1,2,1,3,2,1,0,5,1,0,0,2,3,0,5,1,38,20,98,43,1.2,1.32,2.51,0,2,0,2,0,0,1,1,0,0,3,0,0,0,1,21,17,1,21,18,1,5,5,13,75,38,63,1.0,0.92,0.5,0.75,0.89,0.78,88,25,1.1,1.02,2.12,24,True,True,True,True,True,True,True,3.56,3.05,2.21,2.04,1.64,2.21,1.76,1.47,2.46,4.64,,,1.52,2.47,2.05,1.74
Liga_Portugal_2025-2026,2025/2026,10,Rio Ave FC,GD Estoril Praia,2025-11-01 18:00:00,0,4,4,0,6,6,2,1,1,0,0,6,2,18,2,24,10,14,41,59,Estádio do Rio Ave Futebol Clube,"Rua Dona Maria Pães Ribeiro, Vila do Conde",4,1,2.3,3.3,3.0,1.3,1.98,3.12,1.71,1.95,1.56,1.92,2.23,1.75,1.41,2.7,3.02,1.4,4,0,2,0,2,2,2,164,0,63,0,-1,2,1,0,4,0,2,4,2,1,1,2,0,2,2,1,12,61,51,118,0.22,2.37,2.59,0,1,0,1,0,0,1,1,0,0,0,1,0,0,1,13,19,1,14,9,1,12,1,75,100,63,100,0.83,0.92,1.25,0.5,1.22,0.78,25,0,1.25,1.38,2.63,24,True,True,True,True,False,False,False,3.48,3.26,2.28,1.98,1.57,2.31,1.83,1.31,1.99,3.37,3.00,1.41,1.41,3.03,1.70,2.21
Liga_Portugal_2025-2026,2025/2026,10,Vitória Guimarães,Benfica,2025-11-01 20:30:00,0,3,3,3,6,9,3,4,1,0,3,10,7,14,10,24,12,11,34,66,Estádio Dom Afonso Henriques,"Rua de São Gonçalo 505, Guimarães",5,4,6.5,4.5,1.48,1.23,1.96,2.88,1.98,1.85,1.5,2.18,2.35,1.8,1.3,2.45,3.2,1.48,3,0,0,0,3,3,0,78,0,63,0,-1,2,1,1,2,2,4,3,6,1,3,3,1,4,4,1,21,60,57,117,0.99,2.64,3.64,0,0,0,0,0,0,1,1,0,0,1,0,0,0,1,15,19,1,11,12,1,12,6,50,75,50,75,1.69,2.5,2.0,2.5,1.22,2.33,50,25,1.46,1.21,2.67,24,True,True,True,False,False,False,False,1.43,4.64,8.00,1.98,1.58,2.31,1.83,1.32,2.01,3.55,2.92,1.43,1.39,3.09,2.20,1.71
Liga_Portugal_2025-2026,2025/2026,10,AVS,CD Tondela,2025-11-02 15:30:00,2,2,4,5,3,8,4,4,0,0,5,3,10,7,15,10,18,17,55,45,Estádio Clube Desportivo das Aves,"Rua Luís Gonzaga Mendes de Carvalho 265, Vila das Aves",4,4,3.1,2.9,2.4,1.4,2.32,4.0,1.9,1.78,1.75,2.38,1.92,1.55,1.42,2.95,2.63,1.34,4,1,1,1,1,2,2,-1,0,23,0,-1,2,1,2,1,3,2,3,5,0,1,4,3,1,7,1,35,24,121,66,1.56,1.02,2.58,0,1,0,1,0,0,1,1,0,0,0,0,0,0,1,29,16,1,17,17,1,9,11,65,78,43,78,0.54,0.92,0.0,0.6,0.11,0.56,35,23,0.99,1.28,2.27,24,True,True,True,True,False,False,True,2.45,3.18,3.22,2.08,1.66,2.18,1.72,1.40,2.30,4.25,3.39,1.34,1.48,2.73,1.92,1.92
Liga_Portugal_2025-2026,2025/2026,10,FC Arouca,Moreirense FC,2025-11-02 18:00:00,0,2,2,5,2,7,3,2,0,0,2,5,9,2,11,7,11,11,59,41,Estádio Municipal de Arouca,"Afonso Pinto Magalhães Valdasna, Arouca",3,2,2.42,3.2,2.7,1.38,2.19,3.62,1.88,1.84,1.7,2.17,2.16,1.58,1.42,2.88,2.65,1.36,2,0,2,0,0,0,2,174,0,43,0,-1,2,1,3,1,2,1,4,3,1,0,2,2,1,4,1,55,26,153,68,1.25,0.99,2.24,0,0,0,0,0,0,1,1,0,0,0,1,0,0,1,17,28,1,11,11,1,2,11,55,88,13,65,1.25,1.15,1.0,0.75,1.0,1.67,45,13,1.14,0.77,1.91,24,True,True,False,False,False,False,False,2.95,3.25,2.58,2.01,1.62,2.24,1.78,1.37,2.22,4.05,3.27,1.36,1.46,2.82,1.84,2.02
Liga_Portugal_2025-2026,2025/2026,10,Porto,Sporting Braga,2025-11-02 20:30:00,2,1,3,2,3,5,3,3,0,0,4,3,5,7,9,10,15,13,31,69,Estádio Do Dragão,"Via Futebol Clube do Porto, Porto",3,3,1.44,4.21,5.75,1.3,1.91,3.4,2.0,1.75,1.56,1.92,2.23,1.75,1.4,2.65,2.75,1.38,3,1,0,1,1,2,1,82,0,38,0,-1,2,1,2,2,0,1,4,1,1,0,2,3,1,5,1,20,64,75,134,1.0,1.32,2.32,0,0,0,0,0,0,1,1,0,0,0,0,0,0,1,13,24,1,13,15,1,6,4,50,75,63,88,2.67,1.69,2.5,1.5,2.78,1.44,50,25,1.7,1.84,3.54,24,True,True,True,False,False,False,True,6.58,4.16,1.55,2.16,1.63,2.24,1.68,1.32,1.96,3.58,2.95,1.42,1.39,3.10,2.02,1.84
Liga_Portugal_2025-2026,2025/2026,10,Gil Vicente,Santa Clara,2025-11-03 20:45:00,1,0,1,2,0,2,2,3,0,0,3,4,6,11,9,15,16,14,37,63,Estádio Cidade de Barcelos,"strada Nacional 103, Vila Boa, Barcelos",2,3,2.05,3.1,4.3,1.54,2.7,5.2,2.15,1.58,1.95,2.34,1.86,1.49,1.61,3.75,2.23,1.21,1,1,0,0,0,0,1,183,0,25,0,-1,2,1,1,0,1,0,1,1,0,0,2,3,0,5,1,24,56,68,121,0.96,1.64,2.59,0,0,0,0,0,0,1,1,1,0,0,0,0,0,1,11,24,1,14,16,1,8,6,25,88,25,63,1.92,0.67,2.25,1.0,2.11,1.22,75,13,1.55,1.18,2.73,24,True,False,False,False,False,False,False,4.67,3.05,2.03,2.44,1.95,1.85,1.52,1.60,2.87,6.02,,,1.64,2.33,2.42,1.60
Liga_Portugal_2025-2026,2025/2026,11,GD Estoril Praia,FC Arouca,2025-11-07 20:15:00,4,3,7,10,2,12,1,0,0,0,7,4,12,6,19,10,9,13,46,54,Estádio António Coimbra da Mota,"Rua Dom Bosco, Estoril",1,0,2.05,3.4,3.3,1.3,1.96,3.12,1.79,2.0,1.6,2.03,2.05,1.73,1.36,2.77,2.81,1.42,7,2,2,2,1,3,4,164,0,55,0,-1,2,1,7,2,3,0,9,3,1,0,0,0,1,0,1,50,23,100,88,2.05,1.09,3.14,0,0,0,0,0,0,1,1,1,1,2,0,0,0,1,22,26,1,13,9,1,6,11,48,80,48,78,1.83,0.92,1.0,1.0,1.0,0.9,53,20,1.3,0.81,2.11,24,True,True,True,True,True,True,True,4.13,3.49,1.97,2.05,1.68,2.15,1.75,1.31,1.99,3.47,2.95,1.42,1.40,3.08,1.75,2.15
Liga_Portugal_2025-2026,2025/2026,11,Alverca,Rio Ave FC,2025-11-08 15:30:00,1,1,2,9,3,12,2,0,0,0,5,4,10,7,15,11,15,16,57,43,Complexo Desportivo FC Alverca,"R. César Augusto Gonçalves Ferreira 16, Alverca do Ribatejo",2,0,2.2,3.0,3.0,1.34,2.14,3.75,1.92,1.86,1.4,1.71,2.55,1.95,1.38,3.39,2.7,1.35,2,0,1,1,0,1,1,-1,0,50,0,-1,2,1,8,2,1,1,10,2,0,0,2,0,0,2,1,82,24,102,69,1.88,1.15,3.04,0,0,0,0,0,0,1,1,0,0,3,0,0,0,1,24,20,1,16,15,1,8,6,60,80,30,70,1.5,0.92,1.2,1.2,1.0,1.1,40,20,1.22,1.05,2.27,24,True,True,False,False,False,False,True,3.63,3.31,2.19,,,,,1.32,2.02,3.55,3.13,1.39,1.43,2.92,1.78,2.10
Liga_Portugal_2025-2026,2025/2026,11,CD Tondela,Vitória Guimarães,2025-11-08 18:00:00,0,1,1,4,3,7,3,1,0,0,4,2,11,9,15,11,14,11,50,50,Estádio João Cardoso,"Rua Doutor Eurico José Gouveia, Tondela",3,1,2.75,3.2,2.7,1.38,2.2,4.0,1.99,1.79,1.53,2.13,2.38,1.86,1.46,3.1,2.53,1.36,1,0,0,0,1,1,0,175,0,13,0,-1,2,1,1,2,3,1,3,4,0,0,3,1,0,4,1,36,50,72,88,1.48,1.2,2.68,0,1,0,1,0,0,1,1,0,0,0,0,0,0,1,18,25,1,11,13,1,9,7,35,75,10,65,0.67,0.91,0.5,0.6,0.6,1.1,65,25,1.52,1.4,2.92,24,True,False,False,False,False,False,False,2.56,3.18,3.04,,,,,1.41,2.30,4.27,3.42,1.34,1.48,2.71,1.94,1.91
Liga_Portugal_2025-2026,2025/2026,11,Santa Clara,Sporting CP,2025-11-08 20:30:00,1,2,3,2,12,14,6,3,2,1,2,7,3,14,5,21,11,12,26,74,,,8,5,8.0,4.3,1.39,1.25,2.06,3.18,2.13,1.56,1.83,2.73,1.87,1.55,1.35,2.81,2.88,1.38,3,1,1,0,1,1,2,114,0,40,0,-1,2,1,1,5,1,7,6,8,2,2,6,2,4,8,1,24,93,60,139,0.64,2.48,3.12,0,0,0,0,0,0,1,1,1,0,0,1,1,0,1,19,13,1,12,11,1,12,4,50,70,20,70,0.92,2.5,1.4,3.0,1.1,2.5,50,30,1.55,2.24,3.79,24,True,True,True,False,False,False,True,1.41,4.64,8.92,,,,,1.39,2.18,3.98,,,,,2.42,1.60
Liga_Portugal_2025-2026,2025/2026,11,AVS,Gil Vicente,2025-11-09 15:30:00,1,1,2,1,4,5,1,5,0,0,8,5,8,7,16,12,12,19,45,55,Estádio Clube Desportivo das Aves,"Rua Luís Gonzaga Mendes de Carvalho 265, Vila das Aves",1,5,5.75,3.3,1.63,1.44,2.23,4.2,2.15,1.67,1.72,2.18,1.98,1.56,1.44,3.22,2.45,1.3,2,0,1,1,0,1,1,-1,0,30,0,-1,2,1,1,4,0,0,5,0,0,1,1,4,1,5,1,44,47,61,87,1.88,1.45,3.33,0,0,0,0,0,0,1,1,0,1,0,4,0,0,1,22,25,1,18,11,1,6,5,50,70,50,80,0.54,1.42,0.2,2.0,0.2,2.2,50,30,1.1,1.53,2.63,24,True,True,False,False,False,False,True,1.67,3.74,5.88,2.23,1.78,2.02,1.63,,,,3.45,1.33,1.51,2.65,2.29,1.66
Liga_Portugal_2025-2026,2025/2026,11,Estrela Amadora,CD Nacional,2025-11-09 15:30:00,1,1,2,2,6,8,3,4,0,0,4,4,10,13,14,17,12,15,62,38,,,3,4,2.42,3.25,2.96,1.4,2.33,4.27,1.9,1.87,1.4,2.11,2.43,1.92,1.48,3.22,2.7,1.32,2,0,1,1,0,1,1,-1,0,40,0,-1,2,1,1,5,1,1,6,2,2,1,1,3,3,4,1,28,44,79,93,1.37,1.67,3.04,1,0,1,0,0,0,1,1,0,0,0,1,0,0,1,24,21,1,14,12,1,7,11,30,70,30,90,1.08,0.83,0.8,1.6,1.0,1.1,70,30,1.41,1.12,2.53,24,True,True,False,False,False,False,True,3.47,3.23,2.29,,,,,1.40,2.31,4.24,,,,,1.94,1.90
Liga_Portugal_2025-2026,2025/2026,11,Famalicão,Porto,2025-11-09 18:00:00,0,1,1,2,4,6,5,2,0,0,0,6,8,13,8,19,24,13,46,54,,,5,2,5.6,4.33,1.44,1.28,1.97,3.55,2.02,1.75,1.47,1.78,2.43,1.85,1.41,2.8,3.02,1.4,1,0,1,0,0,0,1,82,0,30,0,-1,2,1,1,1,1,3,2,4,1,1,4,1,2,5,1,26,55,75,115,0.7,2.02,2.72,0,0,0,0,0,0,1,1,0,0,0,0,0,0,1,15,14,1,13,24,1,15,5,60,80,40,70,1.67,2.75,1.6,3.0,1.9,2.8,40,20,1.55,1.75,3.3,24,True,False,False,False,False,False,False,1.61,4.04,6.00,1.95,1.55,2.37,1.86,1.35,2.10,3.70,3.10,1.39,1.43,2.94,2.09,1.78
Liga_Portugal_2025-2026,2025/2026,11,Sporting Braga,Moreirense FC,2025-11-09 20:30:00,2,1,3,5,3,8,3,2,0,0,3,1,8,10,11,11,13,15,53,47,,,3,2,1.36,4.6,7.6,1.24,1.94,3.08,2.15,1.65,1.62,2.02,2.12,1.71,1.35,2.62,3.0,1.39,3,1,0,1,1,2,1,172,0,20,0,-1,2,1,1,2,4,1,3,5,0,0,3,2,0,5,1,45,38,87,92,1.23,1.05,2.28,1,0,1,0,0,0,1,1,0,0,1,0,0,0,1,19,25,1,14,13,1,7,6,50,70,50,80,2.09,1.15,1.4,1.2,1.3,1.8,50,30,1.61,0.81,2.42,24,True,True,True,False,False,False,True,8.77,4.86,1.39,2.06,1.64,2.22,1.74,1.30,1.93,3.37,2.89,1.44,1.38,3.13,2.19,1.72
Liga_Portugal_2025-2026,2025/2026,11,Benfica,Casa Pia,2025-11-09 20:30:00,2,2,4,6,2,8,3,2,0,0,6,4,13,3,19,7,8,8,66,34,,,3,2,1.15,6.5,13.0,1.17,1.62,2.6,2.38,1.53,1.41,1.68,2.7,2.05,1.28,2.4,3.25,1.6,4,1,0,1,2,3,1,-1,0,40,0,-1,2,1,3,2,3,0,5,3,0,1,3,1,1,4,1,79,19,144,55,2.19,0.86,3.06,1,0,1,0,0,0,1,1,0,0,1,0,0,0,1,21,15,1,7,7,1,1,11,60,100,60,80,2.33,0.92,2.2,1.2,2.4,0.8,40,0,2.15,1.02,3.17,24,True,True,True,True,False,False,True,13.08,8.49,1.18,1.67,,,2.16,1.22,1.65,2.70,2.31,1.62,,,2.69,1.49
Liga_Portugal_2025-2026,2025/2026,12,Vitória Guimarães,AVS,2025-11-28 20:15:00,4,0,4,7,3,10,0,1,0,0,4,1,7,8,11,9,11,14,46,54,Estádio Dom Afonso Henriques,"Rua de São Gonçalo 505, Guimarães",0,1,1.64,3.6,4.9,1.42,2.2,3.9,2.11,1.77,1.6,1.97,2.2,1.73,1.5,3.42,2.69,1.34,4,3,0,1,0,1,3,175,0,70,0,-1,2,1,4,0,3,3,4,6,0,0,0,1,0,1,1,36,32,81,70,1.24,0.87,2.11,0,0,0,0,0,0,1,1,0,0,1,0,0,0,1,16,19,1,14,11,1,5,6,70,100,60,80,1.69,0.18,1.6,0.2,1.27,0.27,30,0,1.36,1.05,2.41,24,True,True,True,True,False,False,False,4.89,3.51,1.83,,,,,1.42,2.28,4.27,,,,,2.04,1.83
Liga_Portugal_2025-2026,2025/2026,12,Casa Pia,Alverca,2025-11-29 15:30:00,0,2,2,6,4,10,4,4,1,0,0,5,5,5,5,10,9,17,52,48,Campo do Cevadeiro,"Estrada Nacional 10, Vila Franca de Xira",6,4,2.55,3.1,2.95,1.43,2.38,4.6,2.03,1.83,1.69,2.05,2.05,1.64,1.55,3.48,2.34,1.26,2,0,0,0,2,2,0,10708,0,70,0,-1,-1,1,-1,-1,-1,-1,-1,-1,4,0,1,4,4,5,1,38,39,88,110,0.6,1.28,1.88,0,0,0,0,0,0,1,1,0,0,-1,-1,0,0,1,23,15,1,17,9,1,8,4,60,100,70,80,1.0,0.75,0.4,0.8,0.82,1.0,40,0,1.12,0.86,1.98,24,True,True,False,False,False,False,False,3.13,3.03,2.61,2.17,1.71,2.10,1.67,1.50,2.55,4.91,3.38,1.34,1.56,2.51,2.06,1.81
Liga_Portugal_2025-2026,2025/2026,12,Moreirense FC,Famalicão,2025-11-29 15:30:00,2,2,4,5,4,9,3,5,1,0,6,8,5,9,11,17,17,22,48,52,Parque Desportivo Comendador Joaquim de Almeida Freitas,"Avenida Comendador Joaquim de Almeida Freitas, Moreira de Cónegos",4,5,3.25,3.19,2.25,1.32,2.04,3.8,1.8,2.0,1.61,1.85,2.24,1.76,1.38,3.04,2.59,1.33,4,0,1,2,1,3,1,-1,0,60,0,-1,2,1,3,2,2,2,5,4,0,1,4,4,1,8,1,26,46,57,105,1.3,1.97,3.27,0,0,0,0,0,0,1,1,0,0,0,1,0,0,1,28,15,1,22,17,1,10,3,40,70,30,40,1.73,1.33,2.4,2.2,1.64,1.73,60,30,1.24,1.56,2.8,24,True,True,True,True,False,False,True,2.42,3.22,3.23,2.02,1.61,2.24,1.76,1.37,2.18,3.98,3.28,1.36,1.46,2.81,1.86,2.00
Liga_Portugal_2025-2026,2025/2026,12,CD Nacional,Benfica,2025-11-29 18:00:00,1,2,3,2,11,13,4,2,0,0,2,8,4,22,6,30,10,8,30,70,Estádio da Madeira,"Rua do Esmeraldo, nº 46, Ilha da Madeira",4,2,7.0,4.95,1.35,1.22,1.88,2.89,1.95,1.8,1.44,1.79,2.53,2.0,1.34,2.65,2.99,1.42,3,0,0,1,2,3,0,78,0,40,0,-1,2,1,1,3,1,8,4,9,0,0,4,2,0,6,1,25,108,71,153,0.71,3.22,3.93,0,0,0,0,0,0,1,1,0,0,0,2,0,0,1,8,33,1,8,10,1,17,5,60,70,30,60,0.92,2.5,0.6,2.6,1.09,2.27,40,30,1.32,1.49,2.81,24,True,True,True,False,False,False,True,1.37,5.41,8.23,1.89,1.52,2.44,1.92,1.27,1.83,3.00,,,,,2.19,1.72
Liga_Portugal_2025-2026,2025/2026,12,Gil Vicente,CD Tondela,2025-11-29 20:30:00,0,1,1,12,3,15,2,0,0,0,2,2,13,3,15,5,10,20,65,35,Estádio Cidade de Barcelos,"strada Nacional 103, Vila Boa, Barcelos",2,0,1.5,3.5,5.2,1.32,2.16,4.06,2.0,1.74,1.58,1.96,2.24,1.7,1.42,2.88,2.76,1.33,1,0,1,0,0,0,1,169,0,17,0,-1,2,1,5,1,7,2,6,9,1,0,1,0,1,1,1,76,14,131,59,1.64,0.57,2.21,0,1,0,1,0,0,1,1,0,0,0,0,0,0,1,26,13,1,20,9,1,1,18,42,82,44,82,1.92,0.92,2.4,0.67,2.09,0.55,59,19,1.43,1.24,2.67,24,True,False,False,False,False,False,False,5.63,3.74,1.69,2.19,1.69,2.11,1.64,1.35,2.13,3.86,3.20,1.37,1.45,2.86,2.03,1.83
Liga_Portugal_2025-2026,2025/2026,12,Rio Ave FC,Santa Clara,2025-11-30 15:30:00,1,1,2,1,5,6,2,3,0,0,4,3,5,6,9,9,10,15,58,42,Estádio do Rio Ave Futebol Clube,"Rua Dona Maria Pães Ribeiro, Vila do Conde",2,3,2.9,3.15,2.6,1.44,2.49,4.8,1.99,1.75,1.61,2.3,2.2,1.76,1.53,3.15,2.34,1.27,2,1,1,0,0,0,2,-1,0,40,0,-1,2,1,1,3,0,2,4,2,0,2,2,1,2,3,1,30,45,87,73,1.07,1.1,2.18,0,1,0,1,0,0,1,1,0,0,0,1,0,0,1,17,16,1,14,9,1,8,6,60,80,50,80,0.83,0.67,1.0,0.8,1.09,1.0,40,20,1.04,1.27,2.31,24,True,True,False,False,False,False,True,2.73,3.08,2.93,2.02,1.61,2.26,1.78,1.51,2.62,5.17,,,1.56,2.50,2.11,1.78
Liga_Portugal_2025-2026,2025/2026,12,Sporting CP,Estrela Amadora,2025-11-30 18:00:00,4,0,4,5,1,6,1,0,0,0,6,3,13,2,19,5,12,12,63,37,Estádio José Alvalade,"Rua Professor Fernando da Fonseca, Lisboa",1,0,1.13,9.0,17.0,1.13,1.4,2.1,2.49,1.56,1.47,1.67,2.75,2.05,1.22,2.14,3.66,1.65,4,3,0,1,0,1,3,114,0,40,0,-1,2,1,2,0,3,1,2,4,1,0,0,0,1,0,1,41,21,116,54,1.92,0.68,2.6,0,0,0,0,0,0,1,1,1,0,2,0,0,0,1,23,13,1,12,12,1,2,7,40,80,30,50,2.58,0.92,2.0,1.2,2.55,1.0,60,20,2.28,1.08,3.36,24,True,True,True,True,False,False,False,19.43,9.65,1.13,1.68,,,2.14,1.15,1.45,2.15,2.07,1.80,,,2.45,1.57
Liga_Portugal_2025-2026,2025/2026,12,Porto,GD Estoril Praia,2025-11-30 20:30:00,1,0,1,5,4,9,1,3,0,0,6,2,6,9,12,11,14,11,48,52,Estádio Do Dragão,"Via Futebol Clube do Porto, Porto",1,3,1.21,7.0,16.0,1.17,1.48,2.31,2.18,1.63,1.45,2.12,2.36,1.87,1.25,2.3,3.42,1.59,1,1,0,0,0,0,1,82,0,40,0,-1,2,1,1,1,4,3,2,7,1,2,0,1,3,1,1,32,49,92,110,1.42,1.2,2.61,0,0,0,0,0,0,1,1,1,0,0,0,0,0,1,17,22,1,11,14,1,8,3,70,80,50,90,2.67,0.92,2.6,1.0,2.82,1.18,30,20,1.56,1.57,3.13,24,True,False,False,False,False,False,False,15.31,6.81,1.20,1.89,1.49,2.52,1.92,1.18,1.56,2.43,2.31,1.63,,,2.29,1.65
Liga_Portugal_2025-2026,2025/2026,12,FC Arouca,Sporting Braga,2025-12-01 20:15:00,0,4,4,0,6,6,3,0,1,0,1,6,2,12,3,18,11,9,16,84,Estádio Municipal de Arouca,"Afonso Pinto Magalhães Valdasna, Arouca",4,0,5.9,4.15,1.47,1.21,1.74,2.8,1.84,1.95,1.55,1.89,2.2,1.77,1.33,2.4,3.04,1.49,4,0,3,0,1,1,3,172,0,65,0,-1,-1,1,-1,-1,-1,-1,-1,-1,3,0,1,0,3,1,-1,0,0,0,0,0.0,0.0,0.0,0,0,0,0,0,0,1,1,0,0,-1,-1,0,0,1,9,12,1,9,10,1,12,3,55,100,39,92,1.25,1.69,0.83,1.2,0.82,1.45,45,0,1.16,1.74,2.9,24,True,True,True,True,False,False,False,1.48,4.55,7.02,2.02,1.60,2.27,1.76,,,,,,,,1.97,1.88
Liga_Portugal_2025-2026,2025/2026,13,Benfica,Sporting CP,2025-12-05 20:15:00,1,1,2,3,2,5,2,5,1,0,4,2,6,3,10,5,15,20,41,59,,,4,5,2.8,3.2,2.62,1.33,2.03,3.62,1.81,1.92,1.58,1.97,2.23,1.71,1.47,3.1,2.76,1.37,2,1,1,0,0,0,2,-1,0,59,0,-1,2,1,2,1,1,1,3,2,0,1,3,4,1,7,1,40,33,85,88,1.21,0.71,1.91,0,0,0,0,0,0,1,1,0,0,0,1,0,0,1,16,17,1,20,15,1,3,4,67,92,42,84,2.33,2.5,2.0,3.0,2.33,2.58,33,9,2.16,2.28,4.44,24,True,True,False,False,False,False,True,2.72,3.12,2.91,1.99,1.60,2.27,1.83,1.41,2.28,4.08,3.32,1.35,1.47,2.77,1.86,1.99
Liga_Portugal_2025-2026,2025/2026,13,Santa Clara,Casa Pia,2025-12-06 15:30:00,1,0,1,7,7,14,5,4,0,0,3,2,8,3,11,5,23,12,43,57,,,5,4,2.03,2.9,4.33,1.61,3.1,5.4,2.41,1.52,1.7,2.13,1.97,1.68,1.63,3.8,2.31,1.25,1,1,0,0,0,0,1,1028,0,42,0,-1,2,1,6,1,1,6,7,7,3,1,2,3,4,5,1,47,23,83,73,1.25,0.63,1.88,0,0,0,0,0,0,1,1,0,0,1,0,0,1,1,22,21,1,12,23,1,6,12,59,84,42,75,0.92,0.92,1.17,1.17,1.0,0.75,42,17,1.4,0.99,2.39,24,True,False,False,False,False,False,False,4.68,3.04,2.04,2.27,1.81,2.00,1.60,1.68,2.99,6.25,,,1.68,2.25,2.48,1.57
Liga_Portugal_2025-2026,2025/2026,13,AVS,Rio Ave FC,2025-12-06 18:00:00,1,2,3,3,11,14,5,6,1,0,5,8,4,9,9,17,16,16,35,65,Estádio Clube Desportivo das Aves,"Rua Luís Gonzaga Mendes de Carvalho 265, Vila das Aves",6,6,3.05,3.3,2.4,1.29,2.0,3.65,1.78,1.88,1.61,2.07,2.09,1.71,1.38,2.94,2.7,1.35,3,0,1,1,1,2,1,171,0,67,0,-1,2,1,1,6,2,5,7,7,1,1,5,5,2,10,1,16,56,53,76,1.04,2.03,3.06,0,1,0,1,0,0,1,1,0,0,0,1,0,1,1,15,28,1,16,15,1,6,2,50,83,17,67,0.54,0.92,0.33,1.17,0.25,1.08,50,17,1.23,1.07,2.3,24,True,True,True,False,False,False,True,2.38,3.34,3.18,2.16,1.69,2.13,1.68,1.34,2.08,3.70,3.21,1.37,1.45,2.84,1.81,2.05
Liga_Portugal_2025-2026,2025/2026,13,Famalicão,Sporting Braga,2025-12-06 20:30:00,1,2,3,3,9,12,1,3,0,0,4,6,3,16,7,22,10,19,43,57,,,1,3,3.5,3.0,2.08,1.28,2.04,3.59,1.81,1.92,1.66,2.43,2.16,1.69,1.35,2.85,2.73,1.4,3,1,1,0,1,1,2,172,0,42,0,-1,2,1,1,3,2,6,4,8,1,2,0,1,3,1,1,35,61,76,101,0.98,2.24,3.22,0,0,0,0,0,0,1,1,0,0,0,0,0,0,1,24,14,1,19,10,1,11,8,50,75,50,84,1.67,1.69,1.33,1.5,1.67,1.58,50,25,1.4,1.74,3.14,24,True,True,True,False,False,False,True,2.23,3.41,3.42,2.12,1.66,2.16,1.68,1.37,2.14,3.87,3.16,1.38,1.44,2.89,1.88,1.98
Liga_Portugal_2025-2026,2025/2026,13,GD Estoril Praia,Moreirense FC,2025-12-07 15:30:00,3,3,6,1,5,6,2,3,0,0,5,5,4,3,9,8,16,14,44,56,Estádio António Coimbra da Mota,"Rua Dom Bosco, Estoril",2,3,2.15,3.2,3.3,1.3,2.12,3.91,1.83,1.87,1.71,2.14,2.07,1.66,1.4,3.04,2.58,1.33,6,1,1,2,2,4,2,-1,0,50,0,-1,2,1,1,2,0,3,3,3,1,1,1,2,2,3,1,28,35,112,97,1.14,1.12,2.26,0,0,0,0,0,0,1,1,0,1,0,0,0,0,1,21,27,1,14,16,1,1,5,42,75,33,75,1.83,1.15,1.33,1.0,1.08,1.58,59,25,1.43,0.85,2.28,24,True,True,True,True,True,True,True,3.50,3.30,2.25,2.26,1.76,2.04,1.61,1.37,2.12,3.90,,,,,1.83,2.03
Liga_Portugal_2025-2026,2025/2026,13,Estrela Amadora,FC Arouca,2025-12-07 18:00:00,3,1,4,5,3,8,1,4,0,2,9,2,15,7,24,9,12,14,63,37,,,1,8,2.0,3.05,3.9,1.32,2.19,3.62,1.87,1.92,1.6,2.51,2.09,1.65,1.46,3.1,2.8,1.36,4,2,0,1,1,2,2,15804,0,55,0,-1,2,1,2,2,3,1,4,4,1,1,0,5,2,5,1,39,32,90,74,2.42,0.94,3.36,0,0,0,0,0,0,1,1,0,0,0,1,0,0,1,21,26,1,14,12,1,6,13,65,92,57,82,1.08,0.92,0.83,0.8,0.92,0.75,35,9,1.4,0.87,2.27,24,True,True,True,True,False,False,True,4.13,3.56,1.95,,,,,1.38,2.14,3.94,3.21,1.37,1.44,2.86,1.89,1.96
Liga_Portugal_2025-2026,2025/2026,13,Alverca,CD Nacional,2025-12-07 18:00:00,1,0,1,2,2,4,1,1,0,0,4,3,6,14,10,17,10,19,50,50,Complexo Desportivo FC Alverca,"R. César Augusto Gonçalves Ferreira 16, Alverca do Ribatejo",1,1,2.15,3.15,3.7,1.4,2.21,4.0,1.89,1.92,1.57,2.05,2.16,1.74,1.48,3.22,2.62,1.3,1,0,0,1,0,1,0,10708,0,42,0,-1,2,1,1,0,1,2,1,3,0,0,1,1,0,2,1,35,57,78,108,1.17,1.7,2.86,0,0,0,0,0,0,1,1,0,0,1,0,0,0,1,21,23,1,18,10,1,5,6,25,75,34,100,1.5,0.83,1.17,1.5,1.17,1.0,75,25,1.33,1.21,2.54,24,True,False,False,False,False,False,False,3.95,3.10,2.18,2.15,1.69,2.13,1.68,1.38,2.24,3.99,,,,,1.85,2.00
Liga_Portugal_2025-2026,2025/2026,13,CD Tondela,Porto,2025-12-07 20:30:00,0,2,2,2,4,6,2,1,0,0,2,6,9,5,11,11,9,10,26,74,Estádio João Cardoso,"Rua Doutor Eurico José Gouveia, Tondela",2,1,10.0,5.5,1.25,1.25,1.67,2.68,2.38,1.53,1.51,1.91,2.34,1.83,1.33,2.4,3.02,1.44,2,0,0,0,2,2,0,82,0,27,0,-1,2,1,1,2,1,2,3,3,1,0,1,1,1,2,1,25,53,57,111,1.01,1.51,2.52,0,0,0,0,0,0,1,1,0,0,0,1,0,0,1,15,22,1,10,9,1,9,7,54,62,17,62,0.67,2.75,0.4,3.0,0.75,2.83,47,39,1.51,1.8,3.31,24,True,True,False,False,False,False,False,1.29,5.84,11.17,1.93,1.56,2.34,1.88,1.25,1.76,2.92,2.57,1.54,1.35,3.34,2.32,1.65
Liga_Portugal_2025-2026,2025/2026,13,Vitória Guimarães,Gil Vicente,2025-12-08 20:30:00,0,0,0,8,4,12,4,5,0,0,3,1,7,5,10,6,15,17,52,48,Estádio Dom Afonso Henriques,"Rua de São Gonçalo 505, Guimarães",4,5,2.67,3.1,2.61,1.56,2.6,4.75,2.06,1.68,1.69,2.12,2.12,1.72,1.58,3.58,2.29,1.23,0,0,0,0,0,0,0,-1,0,50,0,-1,2,1,4,3,4,1,7,5,0,1,4,4,1,8,1,42,31,81,70,1.15,0.68,1.83,0,0,0,0,0,0,1,1,0,0,1,1,0,0,1,23,20,1,17,15,1,7,3,50,84,59,83,1.69,1.42,1.83,1.83,1.42,1.92,50,17,1.34,1.51,2.85,24,False,False,False,False,False,False,False,2.77,3.05,2.91,2.26,1.76,2.03,1.61,1.56,2.68,5.36,,,1.59,2.43,2.18,1.72
Liga_Portugal_2025-2026,2025/2026,14,Casa Pia,Gil Vicente,2025-12-13 15:30:00,1,1,2,1,8,9,3,1,0,0,1,2,2,9,3,11,19,8,33,67,Campo do Cevadeiro,"Estrada Nacional 10, Vila Franca de Xira",3,1,3.6,2.8,2.15,1.48,2.54,5.1,2.15,1.65,1.64,2.05,2.05,1.7,1.5,3.7,2.33,1.25,2,0,1,1,0,1,1,-1,0,40,0,-1,2,1,1,3,0,5,4,5,1,1,2,0,2,2,1,9,73,58,116,0.34,1.37,1.7,0,0,0,0,0,0,1,1,0,0,0,1,0,0,1,14,30,1,8,19,1,8,2,31,79,47,69,1.0,1.42,0.33,1.71,0.69,1.85,69,22,1.04,1.39,2.43,24,True,True,False,False,False,False,True,2.10,3.15,4.15,2.31,1.84,1.97,1.57,1.55,2.71,5.44,3.28,1.32,1.58,2.45,2.27,1.67
Liga_Portugal_2025-2026,2025/2026,14,Rio Ave FC,Vitória Guimarães,2025-12-13 18:00:00,0,1,1,6,6,12,3,4,1,0,2,3,6,13,8,16,15,15,43,57,Estádio do Rio Ave Futebol Clube,"Rua Dona Maria Pães Ribeiro, Vila do Conde",4,4,3.09,3.23,2.48,1.36,2.14,3.9,1.83,1.91,1.46,1.82,2.41,1.86,1.47,3.04,2.79,1.35,1,0,1,0,0,0,1,175,0,25,0,-1,2,1,3,2,3,4,5,7,3,1,1,3,4,4,1,19,56,59,122,0.79,1.63,2.42,0,0,0,0,0,0,1,1,0,0,0,0,0,0,1,13,19,1,15,15,1,11,6,42,92,50,84,0.83,0.91,1.0,1.0,1.23,1.38,58,9,1.05,1.37,2.42,24,True,False,False,False,False,False,False,2.39,3.27,3.23,1.93,1.54,2.39,1.88,1.39,2.21,3.93,,,,,1.91,1.94
Liga_Portugal_2025-2026,2025/2026,14,Sporting CP,AVS,2025-12-13 20:30:00,6,0,6,8,1,9,1,3,0,0,14,3,10,4,24,7,11,9,67,33,Estádio José Alvalade,"Rua Professor Fernando da Fonseca, Lisboa",1,3,1.02,10.0,25.0,1.12,1.38,1.83,2.88,1.36,1.6,1.75,2.5,1.95,1.18,1.97,4.15,1.92,6,3,0,3,0,3,3,114,0,42,0,-1,2,1,3,1,5,0,4,5,1,0,0,3,1,3,1,67,28,122,74,2.97,0.86,3.84,0,0,0,0,0,0,1,1,0,0,1,0,0,0,1,16,11,1,9,11,1,1,11,75,100,50,67,2.58,0.18,2.17,0.17,2.46,0.23,25,0,2.22,1.02,3.24,24,True,True,True,True,True,True,False,34.12,15.82,1.06,1.71,,,2.09,1.11,1.35,1.97,1.89,1.92,,,3.17,1.36
Liga_Portugal_2025-2026,2025/2026,14,Famalicão,GD Estoril Praia,2025-12-14 15:30:00,4,0,4,4,9,13,3,1,0,0,12,4,8,6,20,10,10,19,54,46,,,3,1,1.72,3.75,4.9,1.22,1.83,3.05,1.74,1.98,1.48,2.06,2.55,1.92,1.34,2.62,3.1,1.42,4,2,0,2,0,2,2,1033,0,40,0,-1,2,1,3,3,1,6,6,7,1,1,2,0,2,2,1,44,41,92,88,2.42,1.21,3.63,0,0,0,0,0,0,1,1,1,0,1,0,0,0,1,13,14,1,19,10,1,8,9,55,70,47,86,1.67,0.92,1.14,0.83,1.54,1.08,45,30,1.34,1.51,2.85,24,True,True,True,True,False,False,False,4.90,3.99,1.72,1.85,1.48,2.52,1.96,1.25,1.80,3.00,2.75,1.48,1.36,3.28,1.79,2.09
Liga_Portugal_2025-2026,2025/2026,14,Moreirense FC,Benfica,2025-12-14 18:00:00,0,4,4,4,4,8,2,0,0,0,2,5,8,5,10,10,19,15,53,47,Parque Desportivo Comendador Joaquim de Almeida Freitas,"Avenida Comendador Joaquim de Almeida Freitas, Moreira de Cónegos",2,0,8.1,4.4,1.3,1.26,1.85,2.94,2.1,1.7,1.58,1.94,2.07,1.67,1.38,2.85,3.17,1.4,4,0,1,0,3,3,1,78,0,58,0,-1,2,1,2,2,2,2,4,4,2,0,0,0,2,0,1,28,27,69,112,0.98,1.19,2.17,0,0,0,0,0,0,1,1,0,0,1,0,0,0,1,12,13,1,15,19,1,6,3,75,84,34,50,1.73,2.5,2.17,2.67,1.54,2.23,25,17,1.25,1.78,3.03,24,True,True,True,True,False,False,False,1.39,4.88,8.70,2.25,1.74,2.07,1.62,1.31,1.93,3.35,2.87,1.44,1.38,3.16,2.21,1.71
Liga_Portugal_2025-2026,2025/2026,14,FC Arouca,Alverca,2025-12-14 20:30:00,1,0,1,8,5,13,1,4,0,1,4,1,14,4,18,5,15,11,69,31,Estádio Municipal de Arouca,"Afonso Pinto Magalhães Valdasna, Arouca",1,6,2.9,2.88,2.51,1.42,2.1,4.2,1.95,1.8,1.56,2.46,2.2,1.67,1.49,3.1,2.7,1.3,1,0,0,1,0,1,0,167,0,55,0,-1,2,1,6,0,2,5,6,7,0,3,1,2,3,3,1,74,20,143,67,1.96,0.54,2.5,0,0,0,0,0,0,1,1,0,0,0,0,0,0,1,19,27,1,11,15,1,2,12,62,100,48,77,1.25,0.75,0.71,1.17,0.69,1.31,38,0,1.16,0.93,2.09,24,True,False,False,False,False,False,False,2.37,3.23,3.33,2.39,1.86,1.95,1.54,1.41,2.31,4.28,3.43,1.33,1.49,2.71,1.96,1.89
Liga_Portugal_2025-2026,2025/2026,14,CD Nacional,CD Tondela,2025-12-15 17:30:00,3,1,4,3,10,13,5,6,1,1,4,5,4,16,8,21,11,17,44,56,Estádio da Madeira,"Rua do Esmeraldo, nº 46, Ilha da Madeira",7,8,2.13,3.2,3.15,1.33,2.14,3.8,1.8,1.91,1.48,2.01,2.41,1.96,1.46,3.04,2.85,1.33,4,0,0,3,1,4,0,163,0,48,0,-1,2,1,2,7,1,3,9,4,2,1,4,6,3,10,1,32,52,72,90,1.02,2.04,3.06,1,0,1,0,0,0,1,1,0,0,1,0,0,0,1,15,13,1,16,9,1,14,6,69,77,45,77,0.92,0.92,0.5,1.0,0.92,0.69,31,23,1.22,1.14,2.36,24,True,True,True,True,False,False,True,3.21,3.19,2.45,1.90,1.52,2.44,1.92,1.37,2.22,3.95,,,,,1.88,1.98
Liga_Portugal_2025-2026,2025/2026,14,Sporting Braga,Santa Clara,2025-12-15 18:45:00,1,0,1,5,1,6,1,3,0,0,3,2,3,3,6,5,10,15,67,33,,,1,3,1.47,4.2,7.5,1.3,2.0,3.6,2.2,1.65,1.77,2.48,1.95,1.6,1.41,2.94,2.69,1.35,1,1,0,0,0,0,1,172,0,42,0,-1,2,1,3,1,2,0,4,2,0,1,1,2,1,3,1,53,17,124,85,0.99,0.59,1.58,0,0,0,0,0,0,1,1,0,0,0,0,0,0,1,16,14,1,15,10,1,3,5,50,67,42,84,2.09,0.67,1.67,0.83,1.69,1.15,50,33,1.55,1.24,2.79,24,True,False,False,False,False,False,False,8.42,4.27,1.46,2.29,1.77,2.03,1.60,1.40,2.22,4.11,,,,,2.42,1.60
Liga_Portugal_2025-2026,2025/2026,14,Porto,Estrela Amadora,2025-12-15 20:45:00,3,1,4,4,0,4,1,5,0,0,7,1,14,5,21,6,13,17,66,34,Estádio Do Dragão,"Via Futebol Clube do Porto, Porto",1,5,1.2,6.75,15.0,1.17,1.5,2.3,2.25,1.6,1.66,2.43,2.22,1.72,1.26,2.19,3.95,1.68,4,1,0,2,1,3,1,82,0,25,0,-1,2,1,2,0,2,0,2,2,0,0,1,5,0,6,1,71,9,129,79,2.33,0.53,2.86,1,0,1,0,0,0,1,1,0,0,1,0,0,0,1,25,23,1,16,13,1,3,12,42,59,42,75,2.67,0.92,2.67,1.0,2.85,1.08,59,42,1.54,1.01,2.55,24,True,True,True,True,False,False,True,17.50,7.62,1.15,2.15,1.64,2.22,1.68,1.18,1.54,2.37,,,,,2.60,1.52
Liga_Portugal_2025-2026,2025/2026,15,GD Estoril Praia,Sporting Braga,2025-12-19 20:15:00,1,0,1,9,5,14,5,2,0,0,7,5,6,7,13,12,12,8,32,68,Estádio António Coimbra da Mota,"Rua Dom Bosco, Estoril",5,2,5.6,4.0,1.56,1.26,1.83,3.1,1.87,1.9,1.8,2.67,1.95,1.58,1.35,2.63,2.94,1.41,1,1,0,0,0,0,1,164,0,71,0,-1,2,1,6,2,3,3,8,6,1,0,4,2,1,6,1,44,78,81,118,1.63,1.68,3.3,0,0,0,0,0,0,1,1,0,0,0,0,0,0,1,19,21,1,8,12,1,8,6,57,86,57,93,1.83,1.69,1.29,1.71,1.0,1.79,43,15,1.39,1.82,3.21,24,True,False,False,False,False,False,False,1.69,4.09,4.98,2.31,1.87,1.94,1.56,1.26,1.84,3.10,2.70,1.49,1.35,3.34,1.78,2.10
Liga_Portugal_2025-2026,2025/2026,15,Gil Vicente,Rio Ave FC,2025-12-20 18:00:00,2,2,4,10,1,11,3,4,0,1,5,2,18,1,23,3,16,16,54,46,Estádio Cidade de Barcelos,"strada Nacional 103, Vila Boa, Barcelos",3,5,1.67,3.55,4.4,1.29,2.0,3.4,2.04,1.73,1.58,1.95,2.28,1.8,1.44,2.9,2.57,1.32,4,1,1,1,1,2,2,-1,0,43,0,-1,2,1,5,0,5,1,5,6,0,0,3,5,0,8,1,62,21,96,55,2.24,0.49,2.73,0,0,0,0,0,0,1,1,0,0,2,0,0,0,1,23,14,1,16,16,1,4,17,29,77,9,70,1.92,0.92,2.0,1.43,1.79,1.14,72,24,1.47,1.2,2.67,24,True,True,True,True,False,False,True,4.76,3.56,1.83,1.98,1.55,2.33,1.83,1.35,2.09,3.75,,,,,1.95,1.90
Liga_Portugal_2025-2026,2025/2026,15,Estrela Amadora,Moreirense FC,2025-12-20 20:30:00,0,0,0,3,7,10,2,1,0,0,3,7,10,9,13,16,15,19,49,51,,,2,1,2.77,3.15,2.81,1.38,2.19,3.8,1.85,1.83,1.98,2.52,1.78,1.46,1.47,2.9,2.45,1.32,0,0,0,0,0,0,0,-1,0,50,0,-1,2,1,0,4,3,3,4,6,1,1,1,0,2,1,1,31,54,102,78,1.26,1.88,3.15,0,0,0,0,0,0,1,1,0,0,0,1,0,0,1,18,19,1,19,15,1,9,10,57,86,43,79,1.08,1.15,1.14,1.0,1.0,1.43,43,14,1.55,0.89,2.44,24,False,False,False,False,False,False,False,2.89,3.01,2.82,2.44,1.97,1.84,1.52,1.48,2.47,4.73,3.40,1.34,1.54,2.58,1.98,1.88
Liga_Portugal_2025-2026,2025/2026,15,AVS,CD Nacional,2025-12-21 15:30:00,2,2,4,9,2,11,1,0,1,0,3,6,13,13,16,19,10,11,36,64,Estádio Clube Desportivo das Aves,"Rua Luís Gonzaga Mendes de Carvalho 265, Vila das Aves",3,0,2.87,3.2,2.65,1.34,2.1,3.5,1.8,1.95,1.72,2.5,2.05,1.58,1.44,2.9,2.59,1.34,4,2,0,0,2,2,2,-1,0,50,0,-1,2,1,5,1,4,1,6,5,0,0,2,0,0,2,1,45,54,75,121,1.54,2.01,3.55,0,0,0,0,0,0,1,1,0,0,1,0,0,0,1,20,28,1,11,10,1,12,10,29,72,22,86,0.54,0.83,0.29,1.29,0.21,1.07,72,29,1.21,1.28,2.49,24,True,True,True,True,False,False,True,2.69,3.38,2.74,2.16,1.75,2.06,1.67,1.35,2.09,3.78,3.16,1.38,1.44,2.89,1.84,2.02
Liga_Portugal_2025-2026,2025/2026,15,CD Tondela,Casa Pia,2025-12-21 18:00:00,1,2,3,6,4,10,2,3,0,0,4,5,7,7,11,12,10,16,46,54,Estádio João Cardoso,"Rua Doutor Eurico José Gouveia, Tondela",2,3,1.99,3.2,3.71,1.41,2.33,4.3,2.11,1.73,1.57,2.37,2.16,1.7,1.51,3.34,2.39,1.28,3,0,0,1,2,3,0,4810,0,23,0,-1,2,1,1,1,5,3,2,8,1,1,1,2,2,3,1,35,36,75,66,1.23,1.37,2.6,1,0,1,0,0,0,1,1,0,0,0,1,0,0,1,20,19,1,15,10,1,8,11,45,68,22,67,0.67,0.92,0.33,1.0,0.64,0.71,55,32,1.43,0.94,2.37,24,True,True,True,False,False,False,True,3.45,3.26,2.29,2.06,1.62,2.24,1.75,1.46,2.44,4.58,3.32,1.31,1.53,2.58,2.07,1.80
Liga_Portugal_2025-2026,2025/2026,15,Santa Clara,FC Arouca,2025-12-21 20:30:00,0,0,0,2,4,6,2,2,0,0,5,2,4,6,9,8,15,14,52,48,,,2,2,1.75,3.3,4.9,1.5,2.47,4.6,2.1,1.67,1.77,2.6,2.02,1.53,1.52,3.2,2.36,1.28,0,0,0,0,0,0,0,-1,0,55,0,-1,2,1,0,2,2,2,2,4,0,1,2,1,1,3,1,31,27,96,97,1.15,0.85,2.01,0,0,0,0,0,0,1,1,0,0,0,0,0,1,1,23,24,1,14,15,1,5,9,63,79,56,70,0.92,0.92,1.43,0.67,1.07,0.86,37,22,1.38,0.88,2.26,24,False,False,False,False,False,False,False,5.19,3.37,1.83,2.25,1.78,2.02,1.62,1.48,2.45,4.74,3.37,1.32,1.56,2.52,2.20,1.71
Liga_Portugal_2025-2026,2025/2026,15,Alverca,Porto,2025-12-22 18:45:00,0,3,3,4,1,5,1,1,0,0,5,6,3,8,8,14,8,12,40,60,Complexo Desportivo FC Alverca,"R. César Augusto Gonçalves Ferreira 16, Alverca do Ribatejo",1,1,9.5,5.0,1.3,1.25,1.96,2.94,2.1,1.67,1.88,2.65,1.86,1.59,1.36,2.7,2.88,1.45,3,0,1,0,2,2,1,82,0,29,0,-1,2,1,2,0,2,1,2,3,0,0,1,1,0,2,1,36,64,75,105,1.12,1.77,2.89,0,0,0,0,0,0,1,1,0,0,0,0,0,0,1,13,20,1,12,8,1,6,4,50,79,36,79,1.5,2.75,1.43,3.0,1.21,2.86,50,22,1.3,1.76,3.06,24,True,True,True,False,False,False,False,1.36,4.85,10.42,2.31,1.91,1.91,1.58,1.31,1.95,3.41,2.90,1.44,1.39,3.12,2.41,1.60
Liga_Portugal_2025-2026,2025/2026,15,Benfica,Famalicão,2025-12-22 20:45:00,1,0,1,5,2,7,0,1,0,0,6,2,3,2,9,4,11,21,55,45,,,0,1,1.29,5.2,7.0,1.23,1.68,3.0,2.0,1.75,1.38,1.64,3.35,2.42,1.33,2.5,3.58,1.54,1,1,0,0,0,0,1,78,0,61,0,-1,2,1,1,2,4,0,3,4,0,1,0,0,1,0,1,46,27,128,89,1.34,0.6,1.94,1,0,1,0,0,0,1,1,0,0,1,1,0,0,1,18,26,1,20,11,1,2,7,37,75,29,52,2.33,1.33,1.86,2.0,2.29,1.64,63,25,2.02,1.62,3.64,24,True,False,False,False,False,False,False,7.44,4.85,1.36,1.64,,,2.22,1.23,1.73,2.87,2.59,1.52,1.33,3.41,2.01,1.85
Liga_Portugal_2025-2026,2025/2026,15,Vitória Guimarães,Sporting CP,2025-12-23 20:45:00,1,4,5,2,5,7,3,5,1,0,5,7,12,9,17,16,21,14,44,56,Estádio Dom Afonso Henriques,"Rua de São Gonçalo 505, Guimarães",5,5,7.12,4.65,1.46,1.25,1.94,3.2,2.0,1.75,1.42,2.16,2.27,1.83,1.35,2.65,3.16,1.48,5,0,2,1,2,3,2,114,0,57,0,-1,2,1,1,3,1,2,4,3,0,0,4,5,0,9,1,48,32,80,81,1.76,1.73,3.49,0,0,0,0,0,0,1,1,0,0,1,0,0,0,1,16,7,1,14,21,1,8,10,57,86,50,86,1.69,2.5,1.71,2.71,1.5,2.5,43,14,1.32,2.06,3.38,24,True,True,True,True,True,False,True,1.46,4.62,7.29,1.99,1.58,2.29,1.82,1.29,1.92,3.32,2.79,1.45,1.36,3.18,2.09,1.78
Liga_Portugal_2025-2026,2025/2026,16,Famalicão,Estrela Amadora,2025-12-27 18:00:00,2,3,5,9,4,13,3,5,0,0,5,4,17,2,22,6,18,16,61,39,,,3,5,1.54,4.0,6.0,1.3,1.87,3.36,1.93,1.78,1.57,1.72,2.5,1.96,1.37,2.73,2.85,1.4,5,2,2,0,1,1,4,15804,0,34,0,-1,2,1,2,4,7,0,6,7,1,1,2,4,2,6,1,61,28,127,61,2.18,0.87,3.05,0,0,0,0,0,0,1,1,1,1,0,1,0,0,1,19,14,1,16,18,1,4,12,47,67,47,73,1.67,0.92,1.38,0.86,1.53,1.0,54,34,1.48,0.94,2.42,24,True,True,True,True,True,False,True,7.63,4.33,1.48,1.97,1.55,2.36,1.84,1.33,2.06,3.62,3.03,1.41,1.41,3.00,2.20,1.71
Liga_Portugal_2025-2026,2025/2026,16,GD Estoril Praia,Alverca,2025-12-27 20:30:00,4,1,5,3,7,10,2,3,0,0,4,7,5,4,9,11,12,11,64,36,Estádio António Coimbra da Mota,"Rua Dom Bosco, Estoril",2,3,2.26,3.3,3.2,1.32,1.9,3.18,1.73,2.0,1.6,2.28,2.24,1.77,1.4,2.88,2.73,1.43,5,2,0,2,1,3,2,164,0,60,0,-1,2,1,2,6,1,1,8,2,0,0,2,3,0,5,1,60,35,115,85,1.29,1.44,2.74,0,0,0,0,0,0,1,1,0,0,1,1,0,0,1,20,15,1,11,12,1,10,5,48,75,48,73,1.83,0.75,1.5,1.0,1.13,1.13,53,26,1.42,0.87,2.29,24,True,True,True,True,True,False,True,3.48,3.47,2.18,2.02,1.61,2.27,1.78,1.30,1.95,3.34,2.95,1.42,1.40,3.08,1.71,2.21
Liga_Portugal_2025-2026,2025/2026,16,Casa Pia,Vitória Guimarães,2025-12-28 15:30:00,0,0,0,2,3,5,4,2,0,0,2,2,3,11,5,13,23,11,44,56,Campo do Cevadeiro,"Estrada Nacional 10, Vila Franca de Xira",4,2,3.05,3.1,2.5,1.44,2.65,4.85,2.1,1.69,1.64,1.99,2.23,1.76,1.56,3.3,2.31,1.23,0,0,0,0,0,0,0,-1,0,29,0,-1,2,1,0,1,2,2,1,4,2,2,2,0,4,2,1,35,50,56,104,0.71,1.33,2.04,0,0,0,0,0,0,1,1,0,0,0,0,0,1,1,18,27,1,11,23,1,8,8,22,86,29,71,1.0,0.91,0.43,1.29,0.87,1.4,79,15,0.94,1.41,2.35,24,False,False,False,False,False,False,False,2.58,3.00,3.20,2.02,1.61,2.27,1.78,1.56,2.71,5.42,,,1.60,2.41,2.24,1.69
Liga_Portugal_2025-2026,2025/2026,16,FC Arouca,Gil Vicente,2025-12-28 15:30:00,2,2,4,4,8,12,5,2,0,0,5,5,4,12,9,17,13,5,46,54,Estádio Municipal de Arouca,"Afonso Pinto Magalhães Valdasna, Arouca",5,2,4.33,3.3,1.9,1.42,2.28,4.2,2.15,1.76,1.65,2.08,2.09,1.67,1.4,3.22,2.47,1.3,4,2,1,0,1,1,3,-1,0,38,0,-1,2,1,3,3,1,5,6,6,0,0,5,2,0,7,1,26,49,91,85,1.12,1.77,2.89,0,0,0,0,0,0,1,1,1,0,0,1,0,0,1,14,33,1,5,13,1,7,3,38,76,32,75,1.25,1.42,1.0,1.63,0.87,1.73,63,26,1.27,1.39,2.66,24,True,True,True,True,False,False,True,1.93,3.37,4.53,2.17,1.73,2.08,1.67,1.41,2.37,4.14,,,,,2.17,1.73
Liga_Portugal_2025-2026,2025/2026,16,Sporting Braga,Benfica,2025-12-28 18:00:00,2,2,4,1,5,6,3,2,1,0,3,6,8,8,11,14,14,9,49,51,,,4,2,3.25,3.4,2.15,1.4,2.12,3.8,1.85,1.91,1.74,2.55,2.02,1.63,1.4,2.95,2.55,1.31,4,2,1,0,1,1,3,-1,0,29,0,-1,2,1,1,0,0,5,1,5,1,1,3,1,2,4,1,34,39,99,104,1.16,1.59,2.75,1,0,1,0,0,0,1,1,0,0,1,0,0,0,1,20,19,1,8,14,1,9,2,64,64,29,72,2.09,2.5,1.86,2.71,1.67,2.33,36,36,1.47,1.7,3.17,24,True,True,True,True,False,False,True,2.12,3.39,3.73,,,,,1.40,2.21,4.01,,,,,1.93,1.92
Liga_Portugal_2025-2026,2025/2026,16,Sporting CP,Rio Ave FC,2025-12-28 20:30:00,4,0,4,8,1,9,1,1,0,0,12,0,11,5,23,5,13,6,59,41,Estádio José Alvalade,"Rua Professor Fernando da Fonseca, Lisboa",1,1,1.13,8.2,23.0,1.09,1.39,2.13,2.4,1.51,1.45,1.74,2.57,2.02,1.22,2.11,3.66,1.68,4,1,0,3,0,3,1,114,0,59,0,-1,2,1,4,0,4,1,4,5,1,1,0,0,2,0,1,71,23,155,50,2.81,0.49,3.3,0,0,0,0,0,0,1,1,0,0,0,0,0,0,1,13,9,1,6,13,1,3,12,67,94,28,60,2.58,0.92,2.29,1.38,2.53,1.13,34,7,2.33,1.12,3.45,24,True,True,True,True,False,False,False,30.00,12.55,1.08,1.68,1.45,2.60,2.16,1.13,1.40,2.09,,,,,2.91,1.43
Liga_Portugal_2025-2026,2025/2026,16,Porto,AVS,2025-12-29 20:15:00,2,0,2,7,0,7,1,1,0,0,4,1,14,6,18,7,8,7,70,30,Estádio Do Dragão,"Via Futebol Clube do Porto, Porto",1,1,1.1,10.0,21.0,1.11,1.38,1.98,2.68,1.41,1.51,2.09,2.29,1.86,1.22,2.04,3.88,1.82,2,0,0,2,0,2,0,82,0,36,0,-1,2,1,3,0,4,0,3,4,0,0,1,1,0,2,1,70,27,143,81,1.93,0.72,2.65,1,0,1,0,0,0,1,1,0,0,2,0,0,0,1,24,19,1,6,8,1,6,15,72,79,50,86,2.67,0.18,2.71,0.14,2.87,0.27,29,22,1.65,1.0,2.65,24,True,True,False,False,False,False,False,23.60,10.61,1.10,1.91,1.49,2.52,1.91,1.13,1.41,2.11,2.01,1.83,,,2.67,1.48
Liga_Portugal_2025-2026,2025/2026,17,Gil Vicente,Sporting CP,2026-01-02 18:45:00,1,1,2,8,7,15,3,3,0,1,9,4,10,10,19,14,17,14,36,64,Estádio Cidade de Barcelos,"strada Nacional 103, Vila Boa, Barcelos",3,5,7.0,4.2,1.51,1.27,2.08,3.3,2.1,1.68,1.71,2.47,2.07,1.66,1.4,2.63,2.77,1.38,2,0,1,1,0,1,1,-1,0,39,0,8956,2,1,1,1,7,6,2,13,0,1,3,3,1,6,1,44,42,70,98,2.14,1.47,3.61,0,0,0,0,0,0,1,1,0,0,0,0,0,0,1,16,12,1,14,17,1,12,4,39,80,40,93,1.92,2.5,1.86,2.75,1.69,2.56,62,21,1.58,2.02,3.6,24,True,True,False,False,False,False,True,1.48,4.46,7.19,2.22,1.76,2.03,1.64,1.30,1.96,3.44,2.90,1.43,1.39,3.11,2.10,1.78
Liga_Portugal_2025-2026,2025/2026,17,Vitória Guimarães,CD Nacional,2026-01-02 20:45:00,2,1,3,2,3,5,1,3,0,0,4,4,5,10,9,14,20,18,57,43,Estádio Dom Afonso Henriques,"Rua de São Gonçalo 505, Guimarães",1,3,1.9,3.45,4.0,1.41,2.22,3.55,1.9,1.9,1.48,1.72,2.84,2.12,1.46,3.21,2.76,1.36,3,0,0,2,1,3,0,175,0,57,0,13955,2,1,0,1,2,2,1,4,0,2,1,1,2,2,1,53,27,91,85,1.24,1.36,2.6,0,0,0,0,0,0,1,1,0,0,0,0,0,0,1,25,10,1,18,20,1,10,9,38,76,44,82,1.69,0.83,1.5,1.25,1.38,1.07,63,26,1.37,1.37,2.74,24,True,True,True,False,False,False,True,4.42,3.39,1.94,1.70,1.48,2.52,2.12,1.41,2.27,4.12,,,,,1.96,1.88
Liga_Portugal_2025-2026,2025/2026,17,CD Tondela,FC Arouca,2026-01-03 15:30:00,3,1,4,2,9,11,3,1,0,0,3,4,2,7,5,11,12,7,29,71,Estádio João Cardoso,"Rua Doutor Eurico José Gouveia, Tondela",3,1,2.39,3.32,2.9,1.4,2.23,4.13,1.84,1.86,1.81,2.7,1.96,1.57,1.45,3.1,2.78,1.35,4,2,1,1,0,1,3,169,0,43,0,1812,2,1,1,5,1,4,6,5,1,0,2,1,1,3,1,23,60,76,129,0.7,1.42,2.12,0,0,0,0,0,0,1,1,0,1,0,0,0,0,1,23,20,1,7,12,1,16,1,57,72,36,50,0.67,0.92,0.29,0.71,0.6,0.88,43,29,1.4,0.87,2.27,24,True,True,True,True,False,False,True,3.17,3.33,2.39,2.24,1.78,2.02,1.62,1.40,2.25,4.14,3.34,1.35,1.47,2.78,1.93,1.92
Liga_Portugal_2025-2026,2025/2026,17,Benfica,GD Estoril Praia,2026-01-03 18:00:00,3,1,4,7,3,10,0,2,0,0,3,4,17,5,20,9,12,15,51,49,,,0,2,1.19,7.0,13.47,1.12,1.48,2.19,2.01,1.63,1.4,1.77,2.56,1.97,1.25,2.21,3.42,1.68,4,2,1,1,0,1,3,78,0,53,0,59865,2,1,5,2,2,1,7,3,0,0,0,2,0,2,1,62,35,100,85,1.91,1.11,3.02,1,0,1,0,0,0,1,1,0,0,0,0,0,0,1,11,10,1,14,12,1,6,8,61,87,54,88,2.33,0.92,2.0,0.71,2.25,1.25,40,14,1.94,1.47,3.41,24,True,True,True,True,False,False,True,12.40,7.18,1.21,1.89,1.50,2.50,1.92,1.15,1.46,2.21,,,,,1.95,1.88
Liga_Portugal_2025-2026,2025/2026,17,Estrela Amadora,Sporting Braga,2026-01-03 18:00:00,3,3,6,5,7,12,2,1,0,0,4,6,7,4,11,10,14,8,42,58,,,2,1,5.5,4.2,1.57,1.3,1.93,3.08,1.94,1.7,1.7,2.52,2.04,1.64,1.36,2.89,2.88,1.39,6,1,1,2,2,4,2,-1,0,57,0,2133,2,1,1,4,4,3,5,7,1,1,1,0,2,1,1,14,54,91,111,1.09,1.45,2.54,0,1,0,1,0,0,1,1,0,0,1,1,0,0,1,24,21,1,8,13,1,8,8,57,82,51,88,1.08,1.69,1.13,1.5,1.13,1.63,44,19,1.51,1.8,3.31,24,True,True,True,True,True,True,True,1.77,3.62,5.14,2.16,1.76,2.03,1.67,1.37,2.14,3.84,3.16,1.38,1.44,2.87,1.97,1.88
Liga_Portugal_2025-2026,2025/2026,17,AVS,Moreirense FC,2026-01-03 20:30:00,0,2,2,2,4,6,5,3,0,0,4,5,5,7,9,12,23,11,41,59,Estádio Clube Desportivo das Aves,"Rua Luís Gonzaga Mendes de Carvalho 265, Vila das Aves",5,3,3.5,3.0,2.31,1.42,2.34,4.1,1.97,1.78,1.95,2.5,1.78,1.43,1.5,3.3,2.41,1.3,2,0,1,0,1,1,1,174,0,51,0,1754,2,1,1,3,1,1,4,2,1,0,4,3,1,7,1,35,33,93,100,1.11,1.36,2.47,0,0,0,0,0,0,1,1,0,0,0,1,0,0,1,23,22,1,11,23,1,6,8,57,82,38,76,0.54,1.15,0.38,1.0,0.25,1.4,44,19,1.25,1.01,2.26,24,True,True,False,False,False,False,False,2.17,3.29,3.71,2.47,1.99,1.82,1.49,1.40,2.26,4.23,,,,,1.95,1.90
Liga_Portugal_2025-2026,2025/2026,17,Rio Ave FC,Casa Pia,2026-01-04 15:30:00,3,1,4,9,4,13,0,1,0,0,8,5,4,10,12,15,10,23,51,49,Estádio do Rio Ave Futebol Clube,"Rua Dona Maria Pães Ribeiro, Vila do Conde",0,1,2.4,2.9,3.1,1.5,2.56,4.89,2.03,1.7,1.77,2.27,1.98,1.55,1.56,3.42,2.34,1.25,4,0,0,3,1,4,0,171,0,41,0,2067,2,1,7,1,2,3,8,5,0,0,0,1,0,1,1,41,35,87,74,1.62,1.55,3.16,0,0,0,0,0,0,1,1,0,0,0,0,0,0,1,25,15,1,23,10,1,6,8,60,87,55,94,0.83,0.92,0.86,1.25,1.06,0.88,41,14,1.01,1.0,2.01,24,True,True,True,True,False,False,True,3.15,3.11,2.54,2.22,1.80,2.01,1.61,1.47,2.47,4.66,3.33,1.33,1.53,2.60,2.01,1.85
Liga_Portugal_2025-2026,2025/2026,17,Santa Clara,Porto,2026-01-04 18:00:00,0,1,1,2,7,9,2,4,0,0,0,5,12,3,12,8,20,22,43,57,,,2,4,7.5,3.95,1.44,1.38,2.4,4.78,2.49,1.48,2.05,2.63,1.72,1.43,1.43,3.1,2.67,1.28,1,0,0,0,1,1,0,82,0,32,0,5338,2,1,2,4,0,3,6,3,0,1,2,3,1,5,1,31,56,76,101,0.98,1.27,2.25,0,0,0,0,0,0,1,1,0,0,0,0,0,0,1,21,14,1,22,20,1,7,8,51,69,25,63,0.92,2.75,1.38,3.0,1.07,2.88,51,32,1.35,1.76,3.11,24,True,False,False,False,False,False,False,1.53,3.97,7.59,2.52,2.05,1.74,1.48,1.53,2.54,5.15,3.40,1.33,1.52,2.61,2.58,1.54
Liga_Portugal_2025-2026,2025/2026,17,Alverca,Famalicão,2026-01-04 20:30:00,1,0,1,3,4,7,2,2,0,0,4,2,6,12,10,14,14,22,44,56,Complexo Desportivo FC Alverca,"R. César Augusto Gonçalves Ferreira 16, Alverca do Ribatejo",2,2,3.5,3.22,2.12,1.33,2.23,4.03,1.86,1.84,1.55,1.9,2.35,1.84,1.47,3.29,2.5,1.33,1,0,0,1,0,1,0,10708,0,34,0,1454,2,1,0,3,3,1,3,4,0,0,2,2,0,4,1,35,61,96,106,1.17,1.47,2.64,1,0,1,0,0,0,1,1,0,0,0,2,0,0,1,15,22,1,20,14,1,12,7,32,59,19,66,1.5,1.33,1.25,1.71,1.06,1.44,68,41,1.28,1.48,2.76,24,True,False,False,False,False,False,False,2.13,3.31,3.81,2.03,1.61,2.28,1.76,1.37,2.20,3.97,3.25,1.36,1.45,2.83,1.92,1.93
Liga_Portugal_2025-2026,2025/2026,16,CD Nacional,Santa Clara,2026-01-11 15:30:00,3,3,6,2,8,10,4,4,0,0,5,6,8,16,13,22,14,11,46,54,Estádio da Madeira,"Rua do Esmeraldo, nº 46, Ilha da Madeira",4,4,2.73,2.88,2.8,1.56,2.76,5.54,2.1,1.67,1.7,2.47,2.07,1.54,1.52,3.66,2.33,1.25,6,2,2,1,1,2,4,-1,0,57,0,2068,2,1,0,1,2,7,1,9,2,1,2,3,3,5,1,54,54,92,102,1.56,2.19,3.75,1,0,1,0,0,0,1,1,0,1,0,0,1,0,1,22,27,1,10,14,1,11,7,50,72,29,64,0.92,0.67,0.86,0.71,1.0,1.0,50,29,1.19,1.15,2.34,24,True,True,True,True,True,True,True,2.94,2.98,2.81,2.18,1.74,2.06,1.66,1.56,2.75,5.58,,,,,2.14,1.75
Liga_Portugal_2025-2026,2025/2026,16,Moreirense FC,CD Tondela,2026-01-11 18:00:00,1,0,1,4,2,6,1,1,0,0,2,2,5,6,7,8,7,13,59,41,Parque Desportivo Comendador Joaquim de Almeida Freitas,"Avenida Comendador Joaquim de Almeida Freitas, Moreira de Cónegos",1,1,2.05,3.19,3.75,1.36,2.2,3.85,1.87,1.83,1.7,2.15,2.06,1.65,1.49,3.1,2.44,1.32,1,0,0,1,0,1,0,174,0,55,0,1952,2,1,3,0,1,2,3,3,1,1,0,0,2,0,1,15,19,34,32,0.69,0.78,1.47,0,0,0,0,0,0,1,1,0,0,1,0,0,0,1,18,19,1,13,7,1,6,7,81,88,47,73,1.73,0.92,1.86,0.88,1.5,0.75,20,13,1.21,1.25,2.46,24,True,False,False,False,False,False,False,3.41,3.14,2.37,2.15,1.68,2.14,1.68,1.43,2.36,4.37,3.40,1.34,1.52,2.63,1.93,1.92
Liga_Portugal_2025-2026,2025/2026,18,Sporting CP,Casa Pia,2026-01-16 20:15:00,3,0,3,4,6,10,0,2,0,1,4,1,12,5,16,6,12,12,61,39,Estádio José Alvalade,"Rua Professor Fernando da Fonseca, Lisboa",0,4,1.18,7.81,14.02,1.15,1.56,2.38,2.41,1.6,1.44,2.04,2.58,2.01,1.24,2.33,3.5,1.58,3,2,0,1,0,1,2,114,0,35,0,34975,2,1,3,5,1,1,8,2,0,1,0,2,1,2,1,55,28,100,74,1.69,0.66,2.35,0,0,0,0,0,0,1,1,0,0,1,1,0,0,1,16,17,1,12,12,1,3,11,71,95,36,71,2.58,0.92,2.38,1.11,2.47,0.82,29,6,2.39,1.06,3.45,24,True,True,True,False,False,False,False,16.64,8.50,1.16,,,,,1.18,1.53,2.40,2.22,1.68,,,2.37,1.61
Liga_Portugal_2025-2026,2025/2026,18,Gil Vicente,CD Nacional,2026-01-17 15:30:00,2,1,3,7,5,12,1,2,0,0,4,4,12,9,16,13,7,18,54,46,Estádio Cidade de Barcelos,"strada Nacional 103, Vila Boa, Barcelos",1,2,1.61,3.59,5.0,1.3,2.21,3.7,1.95,1.85,1.48,1.79,2.2,1.89,1.43,2.9,2.86,1.37,3,1,1,1,0,1,2,183,0,41,0,5209,2,1,3,2,4,3,5,7,0,0,1,2,0,3,1,59,33,79,76,1.71,1.34,3.05,0,0,0,0,0,0,1,1,0,0,0,0,0,0,1,20,17,1,18,7,1,7,11,18,71,24,83,1.92,0.83,1.75,1.11,1.65,1.0,83,29,1.65,1.37,3.02,24,True,True,True,False,False,False,True,5.15,3.61,1.77,1.84,1.48,2.52,1.97,1.37,2.17,3.96,3.28,1.36,1.46,2.82,2.02,1.84
Liga_Portugal_2025-2026,2025/2026,18,Alverca,Moreirense FC,2026-01-17 18:00:00,2,1,3,4,0,4,3,1,0,0,3,4,12,6,15,10,16,6,41,59,Complexo Desportivo FC Alverca,"R. César Augusto Gonçalves Ferreira 16, Alverca do Ribatejo",3,1,2.39,3.0,2.97,1.58,2.73,5.05,2.05,1.7,1.89,3.0,1.82,1.48,1.59,3.66,2.33,1.22,3,0,0,2,1,3,0,10708,0,28,0,1498,2,1,4,0,0,0,4,0,0,0,3,1,0,4,1,46,53,84,120,1.49,1.31,2.79,1,0,1,0,0,0,1,1,0,0,0,0,0,0,1,24,19,1,5,16,1,8,9,44,73,33,73,1.5,1.15,1.44,1.22,1.18,1.59,56,28,1.27,1.05,2.32,24,True,True,True,False,False,False,True,3.49,2.86,2.52,2.48,1.96,1.85,1.50,1.52,2.69,5.34,3.33,1.33,1.59,2.41,2.16,1.74
Liga_Portugal_2025-2026,2025/2026,18,AVS,FC Arouca,2026-01-17 18:00:00,0,1,1,2,3,5,3,6,1,0,3,3,9,15,12,18,11,12,37,63,Estádio Clube Desportivo das Aves,"Rua Luís Gonzaga Mendes de Carvalho 265, Vila das Aves",5,6,2.7,3.1,2.7,1.36,2.3,4.2,1.85,1.85,1.7,2.06,2.11,1.68,1.4,3.22,2.62,1.3,1,0,1,0,0,0,1,167,0,60,0,987,2,1,1,1,1,2,2,3,2,2,2,4,4,6,1,29,86,80,150,1.18,1.97,3.15,0,0,0,0,0,0,1,1,0,0,0,1,1,1,1,14,18,1,12,11,1,14,5,66,89,54,82,0.54,0.92,0.33,0.63,0.24,0.82,35,12,1.23,0.94,2.17,24,True,False,False,False,False,False,False,2.90,3.16,2.69,,,,,,,,3.39,1.34,1.48,2.72,1.88,1.96
Liga_Portugal_2025-2026,2025/2026,18,Rio Ave FC,Benfica,2026-01-17 20:30:00,0,2,2,3,11,14,1,2,0,0,1,8,6,16,7,24,12,8,37,63,Estádio do Rio Ave Futebol Clube,"Rua Dona Maria Pães Ribeiro, Vila do Conde",1,2,10.5,5.55,1.28,1.26,1.83,2.75,2.1,1.67,1.42,1.76,2.53,1.93,1.32,2.38,3.1,1.45,2,0,2,0,0,0,2,78,0,44,0,4435,2,1,1,6,2,5,7,7,0,0,1,2,0,3,1,21,92,61,135,0.67,2.73,3.4,0,0,0,0,0,0,1,1,0,0,0,1,0,0,1,22,16,1,8,12,1,12,2,69,82,44,69,0.83,2.5,1.13,2.5,1.18,2.29,32,19,1.09,1.68,2.77,24,True,True,False,False,False,False,False,1.30,5.89,10.13,1.78,,,2.00,1.20,1.63,2.65,,,,,2.07,1.80
Liga_Portugal_2025-2026,2025/2026,18,Santa Clara,Famalicão,2026-01-18 15:30:00,0,1,1,9,2,11,1,1,0,0,1,3,14,4,15,7,17,18,51,49,,,1,1,2.96,3.0,2.74,1.44,2.38,4.4,1.95,1.73,1.61,2.34,2.17,1.72,1.56,3.2,2.34,1.25,1,0,0,0,1,1,0,1033,0,36,0,1525,2,1,2,1,7,1,3,8,0,0,1,1,0,2,1,38,51,91,89,1.29,1.03,2.32,0,0,0,0,0,0,1,1,0,0,1,0,0,0,1,21,18,1,18,17,1,8,10,23,41,11,41,0.92,1.33,1.22,1.5,1.0,1.35,78,60,1.31,1.48,2.79,24,True,False,False,False,False,False,False,2.65,2.99,3.11,,,,,1.50,2.59,5.16,,,,,2.09,1.79
Liga_Portugal_2025-2026,2025/2026,18,CD Tondela,Sporting Braga,2026-01-18 18:00:00,0,1,1,1,5,6,2,2,0,1,2,4,5,7,7,11,19,14,34,66,Estádio João Cardoso,"Rua Doutor Eurico José Gouveia, Tondela",2,3,6.63,3.75,1.5,1.3,1.99,3.5,2.05,1.7,1.64,2.38,2.13,1.68,1.41,3.07,2.69,1.4,1,0,0,0,1,1,0,172,0,53,0,2476,2,1,0,3,1,2,3,3,1,0,1,3,1,4,1,33,62,76,121,0.83,1.43,2.26,0,1,0,1,0,0,1,1,0,0,0,0,1,0,1,17,22,1,13,18,1,6,2,59,76,40,69,0.67,1.69,0.63,1.44,0.71,1.59,42,25,1.31,1.76,3.07,24,True,False,False,False,False,False,False,1.52,4.25,6.88,,,,,1.33,2.04,3.63,3.04,1.40,1.42,2.98,2.10,1.78
Liga_Portugal_2025-2026,2025/2026,18,Vitória Guimarães,Porto,2026-01-18 20:30:00,0,1,1,6,1,7,3,2,2,0,3,3,17,9,20,12,19,15,50,50,Estádio Dom Afonso Henriques,"Rua de São Gonçalo 505, Guimarães",5,2,7.0,4.2,1.5,1.32,2.02,3.54,2.1,1.67,1.7,2.53,2.03,1.63,1.45,3.19,2.86,1.38,1,0,0,0,1,1,0,82,0,45,0,28526,2,1,4,0,2,1,4,3,0,1,5,1,1,6,1,61,38,91,89,1.9,1.25,3.15,0,1,0,1,0,0,1,1,0,0,2,0,0,0,1,18,18,1,15,17,1,8,7,62,84,39,67,1.69,2.75,1.67,3.0,1.47,2.88,39,17,1.36,1.7,3.06,24,True,False,False,False,False,False,False,1.47,4.43,7.49,2.22,1.71,2.10,1.64,1.36,2.11,3.88,3.14,1.38,1.44,2.90,2.25,1.68
Liga_Portugal_2025-2026,2025/2026,18,Estrela Amadora,GD Estoril Praia,2026-01-19 20:15:00,0,5,5,1,4,5,2,2,1,0,2,6,4,5,6,11,16,12,40,60,,,4,2,2.7,3.3,2.35,1.25,1.8,3.05,1.67,2.2,1.6,2.42,2.14,1.71,1.35,2.59,2.94,1.46,5,0,1,0,4,4,1,164,0,53,0,2826,2,1,1,4,0,0,5,0,1,0,2,2,1,4,1,32,64,87,106,0.76,1.58,2.34,0,1,0,1,0,0,1,1,0,1,0,1,0,0,1,20,14,1,12,15,1,7,5,66,83,54,89,1.08,0.92,1.11,0.63,1.12,1.18,35,18,1.46,1.42,2.88,24,True,True,True,True,True,False,False,2.65,3.20,2.92,2.10,1.68,2.13,1.69,1.24,1.80,2.98,2.74,1.47,1.36,3.27,1.57,2.47
Liga_Portugal_2025-2026,2025/2026,19,Casa Pia,AVS,2026-01-23 20:15:00,3,3,6,2,11,13,3,5,0,0,4,7,5,21,9,28,15,13,43,57,Campo do Cevadeiro,"Estrada Nacional 10, Vila Franca de Xira",3,5,2.07,3.16,3.94,1.4,2.35,4.25,2.05,1.7,1.75,2.23,1.92,1.56,1.52,3.34,2.36,1.28,6,1,0,2,3,5,1,-1,0,44,0,914,2,1,0,5,2,6,5,8,0,3,3,2,3,5,1,36,65,65,110,1.11,2.71,3.82,0,2,0,2,0,0,1,1,1,0,0,0,0,0,1,25,37,1,13,13,1,13,7,50,94,51,69,1.0,0.18,0.5,0.13,0.78,0.22,50,7,0.91,0.96,1.87,24,True,True,True,True,True,True,True,4.09,3.18,2.11,2.15,1.71,2.10,1.68,1.42,2.37,4.39,3.44,1.33,1.51,2.65,2.01,1.85
Liga_Portugal_2025-2026,2025/2026,19,Moreirense FC,Santa Clara,2026-01-24 15:30:00,1,0,1,5,5,10,2,2,0,0,1,0,2,8,3,8,13,22,49,51,Parque Desportivo Comendador Joaquim de Almeida Freitas,"Avenida Comendador Joaquim de Almeida Freitas, Moreira de Cónegos",2,2,2.88,2.55,2.78,1.62,2.6,6.58,2.15,1.63,2.12,2.76,1.72,1.45,1.61,4.16,2.32,1.24,1,0,0,1,0,1,0,174,0,57,0,1290,2,1,2,5,3,0,7,3,2,0,0,2,2,2,1,17,29,58,90,0.39,0.73,1.12,0,0,0,0,0,0,1,1,0,0,0,0,0,0,1,22,15,1,22,13,1,6,11,57,76,38,69,1.73,0.67,2.0,0.75,1.5,0.94,44,26,1.15,1.28,2.43,24,True,False,False,False,False,False,False,2.77,2.90,3.06,2.55,2.07,1.72,1.46,1.64,3.04,6.58,,,,,2.35,1.63
Liga_Portugal_2025-2026,2025/2026,19,FC Arouca,Sporting CP,2026-01-24 18:00:00,1,2,3,4,7,11,3,4,2,2,5,4,6,11,11,15,11,12,35,65,Estádio Municipal de Arouca,"Afonso Pinto Magalhães Valdasna, Arouca",7,8,8.3,5.9,1.25,1.18,1.56,2.35,2.11,1.85,1.43,1.97,2.55,1.8,1.23,2.29,3.58,1.58,3,0,1,1,1,2,1,114,0,56,0,3142,2,1,1,1,3,6,2,9,0,0,5,6,0,11,1,19,63,63,128,1.18,1.69,2.87,0,0,0,0,0,0,1,1,0,0,1,1,0,0,1,16,15,1,12,11,1,12,3,56,89,39,89,1.25,2.5,1.0,2.56,0.94,2.5,44,11,1.25,1.96,3.21,24,True,True,True,False,False,False,True,1.29,6.08,9.98,,,,,,,,,,,,1.93,1.92
Liga_Portugal_2025-2026,2025/2026,19,GD Estoril Praia,Vitória Guimarães,2026-01-24 20:30:00,4,2,6,4,2,6,2,3,0,0,6,4,10,9,16,13,9,19,55,45,Estádio António Coimbra da Mota,"Rua Dom Bosco, Estoril",2,3,2.59,3.36,2.7,1.26,1.75,2.9,1.67,2.1,1.46,2.22,2.43,1.9,1.37,2.84,2.85,1.43,6,1,2,3,0,3,3,164,0,34,0,2176,2,1,1,0,3,2,1,5,2,2,0,1,4,1,1,32,39,93,93,1.66,1.39,3.05,0,0,0,0,0,0,1,1,0,0,0,0,0,0,1,17,15,1,19,9,1,8,10,29,65,29,76,1.83,0.91,1.67,1.25,1.28,1.39,72,36,1.4,1.4,2.8,24,True,True,True,True,True,True,True,3.03,3.39,2.45,,,,,1.27,1.89,3.16,,,,,1.66,2.29
Liga_Portugal_2025-2026,2025/2026,19,CD Nacional,Rio Ave FC,2026-01-25 15:30:00,4,0,4,5,5,10,3,0,0,0,5,6,9,5,14,11,18,6,46,54,Estádio da Madeira,"Rua do Esmeraldo, nº 46, Ilha da Madeira",3,0,2.0,3.61,3.2,1.21,1.85,3.0,1.73,2.05,1.29,1.74,2.92,2.2,1.38,2.7,2.89,1.43,4,1,0,3,0,3,1,163,0,77,0,1877,2,1,1,3,4,2,4,6,0,0,3,0,0,3,1,47,35,82,57,1.57,1.36,2.94,0,0,0,0,0,0,1,1,0,0,0,0,0,0,1,15,16,1,6,18,1,5,9,71,89,25,65,0.92,0.92,0.88,1.22,0.94,1.11,29,12,1.24,1.05,2.29,24,True,True,True,True,False,False,False,3.95,3.71,1.95,1.62,,,2.20,1.25,1.81,3.07,2.79,1.46,1.37,3.21,1.68,2.27
Liga_Portugal_2025-2026,2025/2026,19,Benfica,Estrela Amadora,2026-01-25 18:00:00,4,0,4,6,1,7,3,4,0,0,8,1,7,2,15,3,10,24,66,34,,,3,4,1.15,7.0,17.0,1.19,1.53,2.42,2.2,1.6,1.42,1.77,2.65,2.03,1.22,2.29,3.66,1.59,4,1,0,3,0,3,1,78,0,59,0,54548,2,1,4,1,2,0,5,2,3,2,0,2,5,2,1,71,17,113,65,2.02,0.39,2.42,1,0,1,0,0,0,1,1,0,0,0,1,0,0,1,19,11,1,23,10,1,3,8,53,82,53,77,2.33,0.92,2.11,1.13,2.33,1.06,47,18,1.94,0.93,2.87,24,True,True,True,True,False,False,False,19.28,7.97,1.16,,,,,1.19,1.57,2.47,2.33,1.61,,,2.53,1.54
Liga_Portugal_2025-2026,2025/2026,19,Famalicão,CD Tondela,2026-01-25 18:00:00,3,0,3,3,4,7,0,1,0,0,4,0,5,2,9,2,9,20,61,39,,,0,1,1.57,4.0,6.12,1.29,1.94,3.25,1.85,1.85,1.44,1.76,2.57,2.02,1.36,2.99,2.85,1.4,3,1,0,2,0,2,1,1033,0,33,0,2529,2,1,0,2,3,2,2,5,0,0,0,1,0,1,1,38,40,106,72,1.14,0.43,1.56,0,0,0,0,0,0,1,1,0,0,0,1,0,0,1,18,22,1,20,9,1,6,7,62,67,50,73,1.67,0.92,1.22,0.78,1.44,0.67,39,33,1.56,1.2,2.76,24,True,True,True,False,False,False,False,6.46,4.02,1.58,1.75,,,2.05,1.33,2.01,3.60,3.00,1.41,1.41,3.03,2.05,1.82
Liga_Portugal_2025-2026,2025/2026,19,Sporting Braga,Alverca,2026-01-25 20:30:00,5,0,5,7,0,7,2,2,0,0,7,0,10,4,17,4,9,11,68,32,,,2,2,1.44,4.05,6.73,1.25,1.9,3.2,1.99,1.75,1.7,2.2,1.89,1.64,1.36,2.73,2.85,1.4,5,4,0,1,0,1,4,172,0,51,0,8410,2,1,4,0,3,0,4,3,1,1,1,1,2,2,1,63,22,121,57,2.02,0.42,2.44,1,0,1,0,0,0,1,1,0,0,1,0,0,0,1,13,16,1,10,9,1,2,2,63,76,57,82,2.09,0.75,1.75,0.88,1.67,1.28,38,26,1.43,0.94,2.37,24,True,True,True,True,True,False,False,7.60,4.63,1.45,2.20,1.72,2.08,1.65,1.29,1.92,3.31,2.83,1.45,1.37,3.20,2.14,1.75
Liga_Portugal_2025-2026,2025/2026,19,Porto,Gil Vicente,2026-01-26 20:15:00,3,0,3,11,3,14,2,2,0,1,6,5,8,6,14,11,13,8,58,42,Estádio Do Dragão,"Via Futebol Clube do Porto, Porto",2,4,1.26,4.6,8.0,1.3,2.04,3.7,2.37,1.62,1.74,2.26,2.22,1.77,1.38,2.8,2.81,1.37,3,1,0,2,0,2,1,82,0,35,0,34273,2,1,7,2,4,1,9,5,1,2,1,1,3,2,1,35,22,79,79,1.56,1.21,2.77,1,0,1,0,0,0,1,1,0,0,3,0,0,0,1,18,25,1,7,13,1,6,11,42,65,35,77,2.67,1.42,2.75,1.56,2.89,1.72,59,36,1.68,1.43,3.11,24,True,True,True,False,False,False,False,9.61,5.03,1.36,2.12,1.68,2.14,1.70,1.29,1.98,3.45,2.89,1.44,1.38,3.17,2.36,1.63
Liga_Portugal_2025-2026,2025/2026,20,Vitória Guimarães,Moreirense FC,2026-01-30 20:45:00,1,0,1,5,5,10,2,5,0,0,2,5,12,5,14,10,19,12,43,57,Estádio Dom Afonso Henriques,"Rua de São Gonçalo 505, Guimarães",2,5,1.85,3.2,4.4,1.37,2.17,4.0,2.0,1.71,1.71,2.6,2.01,1.57,1.49,3.28,2.44,1.3,1,0,0,1,0,1,0,175,0,50,0,10826,2,1,3,4,2,1,7,3,1,1,1,4,2,5,1,36,28,91,74,1.29,1.19,2.48,1,0,1,0,0,0,1,1,0,0,0,0,0,0,1,12,26,1,11,19,1,7,14,55,80,40,60,1.69,1.15,1.5,1.1,1.32,1.58,45,20,1.41,1.08,2.49,24,True,False,False,False,False,False,False,4.62,3.38,1.92,2.27,1.79,2.02,1.60,1.40,2.27,4.25,,,,,1.99,1.87
Liga_Portugal_2025-2026,2025/2026,20,Santa Clara,GD Estoril Praia,2026-01-31 15:30:00,2,4,6,6,5,11,7,3,0,0,4,6,10,5,14,11,16,11,54,46,,,7,3,2.3,3.2,3.25,1.33,2.25,3.82,1.96,1.83,1.68,2.5,2.05,1.64,1.48,2.88,2.47,1.36,6,0,2,2,2,4,2,164,0,37,0,1162,2,1,3,5,3,0,8,3,4,1,3,2,5,5,1,36,43,73,77,1.42,1.43,2.85,0,2,0,2,0,0,1,1,0,0,1,1,0,0,1,16,28,1,11,14,1,7,14,54,65,38,70,0.92,0.92,1.1,0.89,0.89,1.37,46,36,1.31,1.44,2.75,24,True,True,True,True,True,True,True,3.63,3.21,2.24,2.22,1.81,2.00,1.62,1.38,2.22,4.13,,,,,1.90,1.95
Liga_Portugal_2025-2026,2025/2026,20,Rio Ave FC,FC Arouca,2026-01-31 18:00:00,0,3,3,5,5,10,2,1,0,0,0,7,8,11,8,18,11,15,51,49,Estádio do Rio Ave Futebol Clube,"Rua Dona Maria Pães Ribeiro, Vila do Conde",2,1,2.75,3.1,2.7,1.33,2.0,3.5,1.72,2.01,1.4,1.72,2.6,1.98,1.38,2.65,2.8,1.4,3,0,1,0,2,2,1,167,0,50,0,1842,2,1,1,4,4,1,5,5,0,1,2,0,1,2,1,31,46,74,77,0.74,1.95,2.69,0,0,0,0,0,0,1,1,0,0,0,0,0,0,1,15,14,1,15,11,1,9,6,62,84,67,84,0.83,0.92,1.0,0.89,1.05,0.89,39,17,1.04,1.06,2.1,24,True,True,True,False,False,False,False,2.32,3.27,3.37,1.80,1.48,2.55,2.01,1.30,1.98,3.42,2.98,1.42,1.41,3.03,1.74,2.16
Liga_Portugal_2025-2026,2025/2026,20,Alverca,Estrela Amadora,2026-01-31 20:30:00,1,1,2,9,2,11,1,2,0,0,4,2,4,3,8,5,17,17,58,42,Complexo Desportivo FC Alverca,"R. César Augusto Gonçalves Ferreira 16, Alverca do Ribatejo",1,2,2.05,3.0,4.0,1.45,2.4,5.05,2.18,1.82,1.77,2.55,1.94,1.7,1.58,3.66,2.29,1.22,2,0,0,1,1,2,0,-1,0,37,0,1845,2,1,5,2,4,0,7,4,0,1,1,1,1,2,1,58,24,103,68,1.21,0.64,1.85,0,1,0,1,0,0,1,1,0,0,0,0,0,1,1,27,8,1,17,16,1,3,6,53,74,37,74,1.5,0.92,1.6,1.0,1.21,1.0,47,26,1.29,0.87,2.16,24,True,True,False,False,False,False,True,4.90,3.23,1.92,2.49,1.96,1.85,1.50,1.50,2.55,4.94,3.36,1.34,1.55,2.54,2.16,1.74
Liga_Portugal_2025-2026,2025/2026,20,Gil Vicente,Famalicão,2026-02-01 15:30:00,5,0,5,3,1,4,1,1,0,1,9,0,8,4,17,4,19,10,56,44,Estádio Cidade de Barcelos,"strada Nacional 103, Vila Boa, Barcelos",1,3,2.8,2.86,2.72,1.44,2.38,4.1,1.9,1.8,1.47,1.74,2.57,1.97,1.51,3.2,2.66,1.28,5,1,0,4,0,4,1,183,0,33,0,5745,2,1,1,0,2,1,1,3,1,1,0,1,2,1,1,35,23,68,65,1.95,0.43,2.38,1,0,1,0,0,0,1,1,0,0,1,0,0,0,1,15,13,1,9,19,1,5,7,17,56,17,61,1.92,1.33,1.89,1.67,1.63,1.53,84,45,1.66,1.43,3.09,24,True,True,True,True,True,False,False,2.88,3.07,2.78,1.99,1.56,2.34,1.82,1.42,2.34,4.35,3.41,1.34,1.49,2.70,1.92,1.93
Liga_Portugal_2025-2026,2025/2026,20,Sporting CP,CD Nacional,2026-02-01 18:00:00,2,1,3,11,0,11,0,3,0,0,7,4,9,1,16,5,12,15,62,38,Estádio José Alvalade,"Rua Professor Fernando da Fonseca, Lisboa",0,3,1.15,8.5,17.0,1.04,1.36,1.88,2.12,1.71,1.34,1.58,2.97,2.23,1.18,1.88,4.8,1.86,3,0,0,2,1,3,0,114,0,41,0,39984,2,1,8,0,3,0,8,3,0,1,0,2,1,2,1,70,24,117,89,2.01,0.78,2.79,0,0,0,0,0,0,1,1,0,0,1,0,0,0,1,23,13,1,15,12,1,4,6,54,85,37,74,2.58,0.83,2.44,1.0,2.53,1.05,46,15,2.31,1.37,3.68,24,True,True,True,False,False,False,True,21.67,9.37,1.13,1.63,,,2.24,1.10,1.35,1.94,1.97,1.88,,,2.09,1.77
Liga_Portugal_2025-2026,2025/2026,20,CD Tondela,Benfica,2026-02-01 20:30:00,0,0,0,1,13,14,5,0,0,0,1,8,5,16,6,24,19,5,23,77,Estádio João Cardoso,"Rua Doutor Eurico José Gouveia, Tondela",5,0,9.0,5.25,1.33,1.2,1.8,2.7,2.24,1.58,1.53,1.9,2.45,1.78,1.31,2.73,3.15,1.43,0,0,0,0,0,0,0,-1,0,33,0,4568,2,1,1,7,0,6,8,6,2,0,3,0,2,3,1,31,108,48,141,0.67,2.85,3.52,0,0,0,0,0,0,1,1,0,0,0,0,0,0,1,18,35,1,5,19,1,14,13,56,67,22,45,0.67,2.5,0.56,2.56,0.63,2.37,45,33,1.26,1.8,3.06,24,False,False,False,False,False,False,False,1.28,5.80,11.49,,,,,1.28,1.82,3.08,,,,,2.37,1.62
Liga_Portugal_2025-2026,2025/2026,20,AVS,Sporting Braga,2026-02-02 18:45:00,0,4,4,1,4,5,0,1,0,0,3,8,5,2,8,10,3,6,33,67,Estádio Clube Desportivo das Aves,"Rua Luís Gonzaga Mendes de Carvalho 265, Vila das Aves",0,1,9.5,4.75,1.33,1.25,1.71,2.85,2.1,1.67,1.69,2.15,2.02,1.58,1.35,2.59,3.1,1.44,4,0,2,0,2,2,2,172,0,55,0,1140,2,1,1,2,0,2,3,2,0,1,0,0,1,0,1,28,53,75,108,0.92,1.58,2.51,0,0,0,0,0,0,1,1,0,1,0,1,0,0,1,21,19,1,6,3,1,4,4,55,80,45,90,0.54,1.69,0.3,1.6,0.26,1.74,45,20,1.23,1.72,2.95,24,True,True,True,True,False,False,False,1.30,5.49,11.50,2.07,1.70,2.12,1.74,1.24,1.74,2.88,,,,,2.23,1.69
Liga_Portugal_2025-2026,2025/2026,20,Casa Pia,Porto,2026-02-02 20:45:00,2,1,3,0,10,10,3,2,0,1,2,6,3,9,5,15,14,14,32,68,Campo do Cevadeiro,"Estrada Nacional 10, Vila Franca de Xira",3,4,10.5,5.75,1.16,1.22,1.85,2.7,2.45,1.48,1.67,2.05,2.01,1.61,1.31,2.65,3.15,1.42,3,2,0,0,1,1,2,4810,0,38,0,3296,2,1,0,3,0,7,3,7,1,0,2,3,1,5,1,22,69,70,131,0.63,1.87,2.5,0,0,0,0,0,0,1,1,0,0,0,0,0,0,1,6,24,1,14,14,1,18,3,42,80,27,64,1.0,2.75,0.56,3.0,0.79,2.89,59,21,0.93,1.66,2.59,24,True,True,True,False,False,False,True,1.27,5.76,12.96,2.17,1.72,2.09,1.67,1.32,1.95,3.49,2.83,1.45,1.37,3.20,2.72,1.49
Liga_Portugal_2025-2026,2025/2026,21,Moreirense FC,Gil Vicente,2026-02-07 15:30:00,1,2,3,3,6,9,3,1,1,0,1,4,2,11,3,15,18,16,42,58,Parque Desportivo Comendador Joaquim de Almeida Freitas,"Avenida Comendador Joaquim de Almeida Freitas, Moreira de Cónegos",5,1,3.45,3.05,2.05,1.43,2.5,4.6,2.0,1.75,1.77,2.57,1.96,1.57,1.56,3.3,2.34,1.25,3,0,1,1,1,2,1,183,0,48,0,-1,2,1,2,2,1,4,4,5,2,1,2,0,3,2,1,16,70,65,124,0.39,1.74,2.12,0,1,0,1,0,0,1,1,0,0,0,0,0,0,1,15,25,1,15,17,1,10,2,54,74,37,68,1.73,1.42,2.11,1.4,1.5,1.7,47,26,1.06,1.41,2.47,24,True,True,True,False,False,False,True,2.17,3.13,3.94,,,,,1.51,2.61,5.18,,,1.56,2.50,2.16,1.74
Liga_Portugal_2025-2026,2025/2026,21,Estrela Amadora,Santa Clara,2026-02-07 15:30:00,1,0,1,3,6,9,4,1,0,0,4,5,8,12,12,17,14,10,45,55,,,4,1,3.15,3.0,2.1,1.59,2.93,5.75,2.2,1.62,1.64,2.23,1.98,1.58,1.64,3.75,2.18,1.19,1,0,0,1,0,1,0,15804,0,47,0,-1,2,1,2,2,1,4,4,5,1,0,3,1,1,4,1,33,48,87,100,1.28,1.77,3.05,0,0,0,0,0,0,1,1,0,0,1,0,0,0,1,23,21,1,9,15,1,9,6,47,68,37,74,1.08,0.67,1.0,0.67,1.0,0.85,54,32,1.39,1.22,2.61,24,True,False,False,False,False,False,False,1.97,3.21,4.61,2.26,1.80,2.01,1.59,1.62,2.87,6.01,,,,,2.37,1.62
Liga_Portugal_2025-2026,2025/2026,21,GD Estoril Praia,CD Tondela,2026-02-07 18:00:00,2,2,4,5,4,9,1,0,0,0,6,5,9,1,15,6,8,8,68,32,Estádio António Coimbra da Mota,"Rua Dom Bosco, Estoril",1,0,1.68,3.9,4.82,1.22,1.73,2.92,1.73,2.05,1.65,2.4,2.17,1.68,1.34,2.68,2.95,1.46,4,2,2,0,0,0,4,-1,0,50,0,-1,2,1,4,1,1,3,5,4,0,0,1,0,0,1,1,63,18,177,65,1.84,0.87,2.71,0,0,0,0,0,0,1,1,0,0,0,1,0,0,1,28,20,1,8,8,1,3,15,60,70,45,80,1.83,0.92,1.8,0.7,1.45,0.65,40,30,1.43,1.12,2.55,24,True,True,True,True,False,False,True,4.71,3.97,1.75,,,,,1.25,1.79,2.97,2.71,1.49,1.35,3.32,1.76,2.13
Liga_Portugal_2025-2026,2025/2026,21,FC Arouca,Vitória Guimarães,2026-02-07 20:30:00,3,2,5,1,6,7,1,4,0,0,6,6,4,8,10,14,19,15,51,49,Estádio Municipal de Arouca,"Afonso Pinto Magalhães Valdasna, Arouca",1,4,2.83,3.3,2.67,1.35,2.15,4.08,1.85,1.85,1.5,1.89,2.33,1.85,1.47,3.36,2.5,1.35,5,1,2,2,0,2,3,167,0,31,0,-1,2,1,0,4,1,2,4,3,0,1,1,3,1,4,1,25,54,80,99,1.24,1.7,2.93,0,0,0,0,0,0,1,1,0,0,0,1,0,0,1,27,27,1,15,19,1,9,5,41,79,26,74,1.25,0.91,0.9,1.11,1.0,1.4,59,22,1.24,1.4,2.64,24,True,True,True,True,True,False,True,2.67,3.27,2.84,1.97,1.57,2.30,1.84,1.36,2.18,3.96,3.29,1.36,1.46,2.79,1.86,1.99
Liga_Portugal_2025-2026,2025/2026,21,CD Nacional,Casa Pia,2026-02-08 15:30:00,0,0,0,12,1,13,2,3,0,0,4,3,17,6,21,9,15,11,69,31,Estádio da Madeira,"Rua do Esmeraldo, nº 46, Ilha da Madeira",2,3,1.73,3.2,4.1,1.33,2.0,3.4,1.8,1.91,1.49,2.03,2.45,1.92,1.41,2.85,2.69,1.37,0,0,0,0,0,0,0,-1,0,54,0,-1,2,1,4,1,8,0,5,8,0,0,2,3,0,5,1,40,33,105,69,1.89,1.02,2.91,0,0,0,0,0,0,1,1,0,0,1,0,0,0,1,19,21,1,11,15,1,6,13,74,90,37,74,0.92,0.92,1.11,1.0,1.0,0.9,26,11,1.27,1.02,2.29,24,False,False,False,False,False,False,False,4.74,3.58,1.83,1.84,1.48,2.49,1.96,1.33,2.00,3.51,3.04,1.40,1.41,2.99,1.85,2.00
Liga_Portugal_2025-2026,2025/2026,21,Sporting Braga,Rio Ave FC,2026-02-08 18:00:00,3,0,3,9,1,10,1,1,0,0,7,2,8,5,15,7,13,9,63,37,,,1,1,1.15,7.0,14.0,1.15,1.44,2.2,2.1,1.67,1.41,1.89,2.68,2.05,1.22,2.28,3.66,1.64,3,1,0,2,0,2,1,172,0,52,0,-1,2,1,2,1,7,0,3,7,0,1,1,0,1,1,1,79,20,147,48,2.02,0.73,2.75,0,0,0,0,0,0,1,1,1,0,0,0,0,0,1,19,14,1,8,14,1,3,6,69,79,33,85,2.09,0.92,1.89,1.1,1.8,1.0,32,22,1.49,1.08,2.57,24,True,True,True,False,False,False,False,14.64,7.53,1.19,1.70,1.44,2.61,2.10,1.16,1.48,2.29,,,,,2.22,1.69
Liga_Portugal_2025-2026,2025/2026,21,Benfica,Alverca,2026-02-08 20:30:00,2,1,3,9,1,10,3,3,0,0,10,2,19,4,29,6,11,18,63,37,,,3,3,1.17,7.4,22.74,1.15,1.53,2.39,2.3,1.52,1.5,1.85,2.41,1.9,1.27,2.3,3.28,1.58,3,1,1,1,0,1,2,78,0,58,0,-1,2,1,5,0,4,1,5,5,1,3,2,0,4,2,1,84,22,124,66,3.12,0.69,3.81,0,0,0,0,0,0,1,1,0,0,0,0,0,1,1,20,19,1,18,11,1,3,14,64,90,59,74,2.33,0.75,2.2,0.78,2.3,1.2,37,11,1.94,0.89,2.83,24,True,True,True,False,False,False,True,16.11,7.68,1.18,1.68,1.45,2.60,2.14,1.16,1.49,2.29,,,,,2.42,1.58
Liga_Portugal_2025-2026,2025/2026,21,Famalicão,AVS,2026-02-09 18:45:00,3,1,4,7,2,9,3,2,0,0,6,1,8,6,14,7,9,14,66,34,Estádio Municipal 22 de Junho,"Alameda dos Bargos, Vila Nova de Famalicão",3,2,1.46,4.32,7.0,1.26,1.8,3.0,1.85,1.85,1.54,1.94,2.31,1.83,1.33,2.5,3.04,1.44,4,0,0,3,1,4,0,1033,0,37,0,-1,2,1,2,1,5,1,3,6,3,0,0,2,3,2,1,54,31,111,57,1.7,0.74,2.44,0,0,0,0,0,0,1,1,0,0,0,0,1,0,1,24,20,1,14,9,1,4,11,69,85,53,79,1.67,0.18,1.4,0.22,1.45,0.25,31,15,1.51,1.16,2.67,24,True,True,True,True,False,False,True,7.38,4.31,1.49,2.02,1.58,2.28,1.79,1.29,1.89,3.25,2.78,1.47,1.36,3.26,2.03,1.83
Liga_Portugal_2025-2026,2025/2026,21,Porto,Sporting CP,2026-02-09 20:45:00,1,1,2,1,8,9,3,5,0,0,1,3,7,8,8,11,14,11,45,55,Estádio Do Dragão,"Via Futebol Clube do Porto, Porto",3,5,2.57,3.2,3.0,1.33,2.13,3.44,1.83,1.91,1.62,2.41,2.11,1.68,1.47,2.99,2.5,1.38,2,0,0,1,1,2,0,-1,0,46,0,-1,2,1,0,2,1,6,2,7,1,1,2,4,2,6,1,29,45,106,82,0.8,1.23,2.03,0,0,0,0,0,0,1,1,0,0,0,1,0,0,1,16,16,1,12,13,1,9,7,58,79,31,89,2.67,2.5,2.78,2.6,2.75,2.55,42,22,1.67,1.93,3.6,24,True,True,False,False,False,False,True,2.99,3.21,2.58,2.25,1.75,2.05,1.62,1.34,2.09,3.81,3.06,1.40,1.44,2.90,1.77,2.11
Liga_Portugal_2025-2026,2025/2026,22,Santa Clara,Benfica,2026-02-13 18:30:00,1,2,3,1,7,8,5,2,1,0,2,3,7,8,9,11,23,5,53,47,,,6,2,6.0,3.85,1.6,1.32,2.0,3.5,2.1,1.59,1.75,2.05,2.15,1.57,1.43,2.99,2.59,1.34,3,0,2,1,0,1,2,78,0,33,0,-1,2,1,0,3,1,4,3,5,1,0,5,2,1,7,1,35,49,103,107,0.97,1.27,2.24,0,0,0,0,0,0,1,1,0,0,0,1,0,0,1,25,27,1,5,23,1,9,2,48,58,29,48,0.92,2.5,1.0,2.4,0.81,2.33,52,43,1.32,1.9,3.22,24,True,True,True,False,False,False,True,1.52,4.08,7.47,2.10,1.70,2.10,1.70,1.40,2.21,4.12,,,,,2.25,1.68
Liga_Portugal_2025-2026,2025/2026,22,CD Tondela,Alverca,2026-02-13 20:45:00,1,1,2,11,5,16,2,1,0,1,4,4,14,6,18,10,14,9,60,40,Estádio João Cardoso,"Rua Doutor Eurico José Gouveia, Tondela",2,2,2.62,3.0,3.0,1.44,2.5,4.6,2.03,1.7,1.79,2.61,2.0,1.59,1.56,3.2,2.52,1.24,2,0,1,1,0,1,1,-1,0,45,0,-1,2,1,4,3,7,2,7,9,0,1,2,1,1,3,1,65,40,104,77,1.88,1.2,3.09,0,0,0,0,0,0,1,1,0,1,3,0,0,0,1,21,18,1,10,14,1,4,12,55,70,40,50,0.67,0.75,0.6,0.7,0.67,1.14,45,30,1.2,0.87,2.07,24,True,True,False,False,False,False,True,3.02,3.08,2.65,2.26,1.81,2.00,1.60,1.52,2.63,5.10,,,,,2.14,1.75
Liga_Portugal_2025-2026,2025/2026,22,Casa Pia,FC Arouca,2026-02-14 15:30:00,3,2,5,2,3,5,5,2,0,0,4,4,7,4,11,8,20,9,31,69,Campo do Cevadeiro,"Estrada Nacional 10, Vila Franca de Xira",5,2,2.87,3.2,2.5,1.4,2.27,3.65,1.84,1.84,1.54,2.17,2.31,1.83,1.42,3.15,2.47,1.35,5,3,2,0,0,0,5,4810,0,55,0,-1,2,1,0,2,2,1,2,3,2,1,3,1,3,4,1,23,47,58,110,1.14,1.14,2.28,1,0,1,0,0,0,1,1,0,0,0,0,1,1,1,14,29,1,7,21,1,8,4,55,85,50,75,1.0,0.92,0.8,1.1,0.9,1.1,45,15,0.9,1.15,2.05,24,True,True,True,True,True,False,True,2.51,3.22,3.08,2.00,1.61,2.25,1.81,1.39,2.26,4.18,3.33,1.35,1.47,2.77,1.90,1.95
Liga_Portugal_2025-2026,2025/2026,22,Vitória Guimarães,Estrela Amadora,2026-02-14 18:00:00,2,1,3,9,2,11,1,0,0,0,6,4,14,2,20,6,13,17,54,46,Estádio Dom Afonso Henriques,"Rua de São Gonçalo 505, Guimarães",1,0,1.68,3.6,5.0,1.32,2.12,4.1,2.0,1.77,1.62,2.03,2.25,1.76,1.44,3.15,2.57,1.31,3,0,1,2,0,2,1,175,0,53,0,13645,2,1,2,2,7,0,4,7,1,0,0,0,1,0,1,64,15,102,61,2.14,0.78,2.91,0,0,0,0,0,0,1,1,0,1,0,1,0,0,1,20,22,1,18,13,1,3,12,53,77,43,63,1.69,0.92,1.64,1.0,1.33,1.1,48,24,1.4,0.85,2.25,24,True,True,True,False,False,False,True,6.58,3.83,1.60,2.01,1.59,2.26,1.79,1.38,2.16,3.96,3.16,1.38,1.43,2.89,2.12,1.77
Liga_Portugal_2025-2026,2025/2026,22,Gil Vicente,Sporting Braga,2026-02-14 20:30:00,2,1,3,5,6,11,2,1,0,0,5,2,10,9,15,11,8,16,50,50,Estádio Cidade de Barcelos,"strada Nacional 103, Vila Boa, Barcelos",2,1,3.65,3.25,2.18,1.4,2.17,4.1,1.93,1.78,1.77,2.65,1.98,1.58,1.5,3.0,2.41,1.33,3,0,1,2,0,2,1,183,0,43,0,-1,2,1,1,3,4,3,4,7,0,0,2,1,0,3,1,50,46,87,93,1.66,1.17,2.83,0,0,0,0,0,0,1,1,0,0,0,1,0,0,1,24,18,1,18,7,1,8,9,47,81,47,91,1.92,1.69,2.0,1.73,1.76,1.86,53,19,1.68,1.71,3.39,24,True,True,True,False,False,False,True,1.99,3.25,4.44,2.34,1.83,1.98,1.56,1.46,2.43,4.53,3.43,1.33,1.48,2.72,2.12,1.76
Liga_Portugal_2025-2026,2025/2026,22,CD Nacional,Porto,2026-02-15 15:30:00,0,1,1,5,8,13,4,0,0,0,2,5,7,3,9,8,13,11,47,53,Estádio da Madeira,"Rua do Esmeraldo, nº 46, Ilha da Madeira",4,0,6.9,4.35,1.42,1.25,1.87,2.89,2.0,1.73,1.48,1.9,2.51,2.04,1.33,2.65,3.04,1.46,1,0,0,0,1,1,0,82,0,44,0,-1,2,1,2,5,3,3,7,6,1,0,3,0,1,3,1,36,50,86,80,0.98,1.22,2.2,0,0,0,0,0,0,1,1,0,0,0,0,0,0,1,20,25,1,11,13,1,10,5,63,77,29,62,0.92,2.75,1.1,2.73,1.0,2.67,38,24,1.33,1.68,3.01,24,True,False,False,False,False,False,False,1.41,4.74,8.42,1.84,1.50,2.48,1.97,1.30,1.91,3.33,,,,,2.18,1.72
Liga_Portugal_2025-2026,2025/2026,22,AVS,GD Estoril Praia,2026-02-15 18:00:00,3,0,3,9,9,18,2,2,0,0,3,2,12,10,15,12,9,10,29,71,Estádio Clube Desportivo das Aves,"Rua Luís Gonzaga Mendes de Carvalho 265, Vila das Aves",2,2,4.0,3.65,1.66,1.2,1.74,2.7,1.67,2.1,1.67,2.23,2.18,1.72,1.35,2.41,3.22,1.5,3,0,0,3,0,3,0,998595,0,48,0,-1,2,1,4,4,5,5,8,10,2,0,0,2,2,2,1,40,70,72,148,1.44,1.42,2.86,0,0,0,0,0,0,1,1,0,0,4,2,0,0,1,10,30,1,10,9,1,14,7,68,86,48,96,0.54,0.92,0.27,1.1,0.24,1.43,33,14,1.2,1.44,2.64,24,True,True,True,False,False,False,False,1.76,4.14,4.39,2.10,1.68,2.14,1.71,1.22,1.68,2.74,2.55,1.55,1.35,3.19,1.65,2.31
Liga_Portugal_2025-2026,2025/2026,22,Sporting CP,Famalicão,2026-02-15 20:30:00,1,0,1,14,1,15,3,2,0,0,5,1,17,1,22,2,16,18,70,30,Estádio José Alvalade,"Rua Professor Fernando da Fonseca, Lisboa",3,2,1.27,5.88,11.27,1.2,1.68,2.75,1.95,1.74,1.42,1.76,2.53,2.04,1.28,2.4,3.34,1.51,1,0,0,1,0,1,0,114,0,30,0,-1,2,1,6,1,8,0,7,8,1,0,2,2,1,4,1,79,13,137,57,2.31,0.3,2.61,0,0,0,0,0,0,1,1,0,0,0,1,0,0,1,26,15,1,19,17,1,1,14,50,70,20,50,2.58,1.33,2.5,1.5,2.48,1.52,50,30,2.28,1.33,3.61,24,True,False,False,False,False,False,False,10.32,5.62,1.31,1.76,1.46,2.58,2.04,1.23,1.69,2.82,2.51,1.56,,,2.12,1.76
Liga_Portugal_2025-2026,2025/2026,22,Rio Ave FC,Moreirense FC,2026-02-16 20:15:00,1,2,3,7,1,8,1,3,0,0,6,3,12,3,18,6,16,24,60,40,Estádio do Rio Ave Futebol Clube,"Rua Dona Maria Pães Ribeiro, Vila do Conde",1,3,2.98,3.2,2.34,1.41,2.2,4.2,1.89,1.79,1.64,2.01,2.22,1.77,1.49,3.0,2.44,1.33,3,1,1,0,1,1,2,174,0,38,0,-1,2,1,5,0,2,1,5,3,1,1,0,2,2,2,1,58,16,158,66,1.99,0.71,2.7,0,0,0,0,0,0,1,1,0,0,1,0,1,0,1,22,20,1,24,17,1,2,8,53,82,44,73,0.83,1.15,0.9,1.0,0.95,1.43,48,19,1.01,1.09,2.1,24,True,True,True,False,False,False,True,2.22,3.28,3.58,2.05,1.66,2.19,1.75,1.39,2.24,4.14,3.34,1.35,1.48,2.73,1.91,1.94
Liga_Portugal_2025-2026,2025/2026,23,Estrela Amadora,CD Tondela,2026-02-20 20:45:00,0,2,2,5,3,8,1,1,1,0,3,5,11,6,14,11,13,16,66,34,,,3,1,2.62,3.1,2.62,1.44,2.38,4.6,1.95,1.8,1.47,1.98,2.23,1.78,1.54,3.2,2.57,1.32,2,0,1,0,1,1,1,169,0,41,0,-1,2,1,3,2,2,1,5,3,1,0,1,1,1,2,1,54,29,108,55,1.49,1.25,2.74,0,1,0,1,0,0,1,1,0,1,1,0,0,0,1,23,9,1,17,11,1,5,9,64,73,41,73,1.08,0.92,1.18,0.73,1.05,0.68,36,27,1.38,1.1,2.48,24,True,True,False,False,False,False,False,2.79,3.00,2.93,2.05,1.65,2.17,1.74,1.48,2.46,4.70,3.28,1.32,1.54,2.57,2.03,1.83
Liga_Portugal_2025-2026,2025/2026,23,Alverca,Santa Clara,2026-02-21 15:30:00,1,1,2,5,2,7,2,2,0,0,1,3,6,13,7,16,16,14,45,55,Complexo Desportivo FC Alverca,"R. César Augusto Gonçalves Ferreira 16, Alverca do Ribatejo",2,2,3.12,2.9,2.5,1.55,2.54,5.0,2.11,1.69,1.7,2.16,2.01,1.57,1.61,3.64,2.23,1.22,2,1,0,0,1,1,1,-1,0,38,0,-1,2,1,1,0,4,2,1,6,0,2,2,0,2,2,1,36,33,81,86,0.78,1.46,2.24,1,0,1,0,0,0,1,1,1,0,0,0,0,0,1,16,19,1,13,16,1,15,3,38,62,29,62,1.5,0.67,1.55,0.6,1.14,0.77,63,39,1.28,1.28,2.56,24,True,True,False,False,False,False,True,2.45,3.08,3.34,2.21,1.78,2.02,1.64,1.50,2.63,5.27,,,1.57,2.49,2.11,1.78
Liga_Portugal_2025-2026,2025/2026,23,FC Arouca,CD Nacional,2026-02-21 15:30:00,3,0,3,4,1,5,4,2,1,1,7,5,3,10,10,15,13,13,61,39,Estádio Municipal de Arouca,"Afonso Pinto Magalhães Valdasna, Arouca",5,3,2.4,3.3,2.9,1.31,2.0,3.18,1.7,2.1,1.53,2.15,2.35,1.82,1.4,2.94,2.77,1.42,3,0,0,3,0,3,0,167,0,60,0,-1,2,1,3,1,1,0,4,1,1,1,4,2,2,6,1,33,33,73,75,1.36,1.53,2.9,0,0,0,0,0,0,1,1,0,0,1,1,0,0,1,16,15,1,13,13,1,7,7,50,82,32,78,1.25,0.83,1.09,0.91,1.05,0.95,50,18,1.24,1.31,2.55,24,True,True,True,False,False,False,False,3.46,3.41,2.22,,,,,1.31,2.00,3.39,,,,,1.77,2.11
Liga_Portugal_2025-2026,2025/2026,23,Moreirense FC,Sporting CP,2026-02-21 18:00:00,0,3,3,1,8,9,1,1,0,0,2,8,4,7,6,15,12,14,38,62,Parque Desportivo Comendador Joaquim de Almeida Freitas,"Avenida Comendador Joaquim de Almeida Freitas, Moreira de Cónegos",1,1,11.0,5.8,1.29,1.2,1.65,2.79,2.16,1.62,1.46,2.0,2.41,1.8,1.28,2.6,3.3,1.53,3,0,0,0,3,3,0,114,0,67,0,-1,2,1,0,4,1,4,4,5,0,1,1,0,1,1,1,26,51,67,127,0.71,1.89,2.6,0,0,0,0,0,0,1,1,0,0,0,2,0,0,1,11,24,1,14,12,1,5,5,63,86,33,76,1.73,2.5,1.9,2.45,1.5,2.5,38,15,1.0,1.87,2.87,24,True,True,True,False,False,False,False,1.24,6.36,12.43,2.07,1.66,2.18,1.74,1.21,1.67,2.69,2.54,1.54,,,2.34,1.62
Liga_Portugal_2025-2026,2025/2026,23,Benfica,AVS,2026-02-21 18:00:00,3,0,3,10,1,11,0,0,0,0,9,0,13,3,22,3,7,14,65,35,,,0,0,1.12,11.81,18.0,1.11,1.35,1.93,2.62,1.5,1.43,1.95,2.71,2.05,1.16,2.05,4.3,1.72,3,3,0,0,0,0,3,78,0,57,0,-1,2,-1,4,0,6,1,4,7,0,0,0,0,0,0,1,94,28,137,71,2.69,0.4,3.1,0,0,0,0,0,0,1,1,0,0,0,0,-1,-1,1,18,22,1,14,7,1,4,14,72,96,53,76,2.33,0.18,2.27,0.2,2.36,0.36,28,5,2.05,1.12,3.17,24,True,True,True,False,False,False,False,24.73,11.09,1.10,1.57,,,2.32,1.12,1.37,2.00,,,,,2.50,1.54
Liga_Portugal_2025-2026,2025/2026,23,Sporting Braga,Vitória Guimarães,2026-02-21 20:30:00,3,2,5,0,2,2,2,3,0,0,7,4,0,5,7,9,17,11,46,54,,,2,3,1.53,4.22,6.25,1.3,1.95,3.41,2.03,1.83,1.53,1.93,2.24,1.76,1.4,2.77,3.04,1.39,5,2,1,1,1,2,3,172,0,25,0,-1,2,1,0,1,0,1,1,1,0,1,2,2,1,4,1,28,22,86,83,1.15,1.02,2.16,1,0,1,0,0,0,1,1,0,0,0,1,0,0,1,17,19,1,9,17,1,8,6,50,70,40,85,2.09,0.91,2.0,1.0,1.77,1.41,50,30,1.55,1.43,2.98,24,True,True,True,True,True,False,True,6.89,4.37,1.50,,,,,1.31,1.98,3.48,2.89,1.44,1.38,3.15,2.08,1.79
Liga_Portugal_2025-2026,2025/2026,23,GD Estoril Praia,Gil Vicente,2026-02-22 18:00:00,3,1,4,1,4,5,0,0,0,0,7,4,3,8,10,12,13,8,48,52,Estádio António Coimbra da Mota,"Rua Dom Bosco, Estoril",0,0,2.8,3.1,2.42,1.29,1.97,3.12,1.68,2.1,1.56,2.2,2.33,1.84,1.38,2.77,2.81,1.39,4,1,1,2,0,2,2,164,0,59,0,3194,2,-1,1,1,0,3,2,3,0,0,0,0,0,0,1,42,51,96,98,1.43,1.41,2.84,0,1,0,1,0,0,1,1,0,0,0,0,-1,-1,1,27,26,1,8,12,1,10,5,50,73,46,87,1.83,1.42,1.73,1.55,1.36,1.82,50,27,1.47,1.44,2.91,24,True,True,True,True,False,False,True,2.26,3.49,3.27,1.95,1.56,2.33,1.84,1.26,1.85,3.08,2.77,1.47,1.36,3.25,1.64,2.34
Liga_Portugal_2025-2026,2025/2026,23,Porto,Rio Ave FC,2026-02-22 20:30:00,1,0,1,10,1,11,2,3,0,0,3,1,13,5,16,6,14,16,55,45,Estádio Do Dragão,"Via Futebol Clube do Porto, Porto",2,3,1.07,9.0,17.0,1.1,1.42,2.26,2.51,1.48,1.33,1.6,2.86,2.15,1.18,2.2,4.05,1.67,1,1,0,0,0,0,1,82,0,47,0,-1,2,1,3,0,7,1,3,8,0,0,2,3,0,5,1,71,13,126,74,1.74,0.56,2.29,0,0,0,0,0,0,1,1,0,0,2,0,0,0,1,22,20,1,16,14,1,5,13,62,81,15,72,2.67,0.92,2.6,1.0,2.68,0.91,39,20,1.58,1.05,2.63,24,True,False,False,False,False,False,False,24.36,10.01,1.11,1.62,,,2.25,1.14,1.47,2.24,2.14,1.71,,,2.72,1.47
Liga_Portugal_2025-2026,2025/2026,23,Famalicão,Casa Pia,2026-02-23 20:15:00,2,0,2,7,7,14,3,2,0,0,7,1,17,6,24,7,17,16,62,38,Estádio Municipal 22 de Junho,"Alameda dos Bargos, Vila Nova de Famalicão",3,2,1.62,3.75,6.0,1.3,1.95,3.6,1.98,1.73,1.5,1.8,2.4,1.91,1.38,2.8,2.8,1.38,2,1,0,1,0,1,1,1033,0,36,0,-1,2,1,3,1,4,6,4,10,2,2,1,0,4,1,1,57,39,107,61,2.41,0.8,3.2,0,0,0,0,0,0,1,1,0,0,0,0,0,0,1,17,20,1,17,17,1,8,7,64,78,41,73,1.67,0.92,1.55,1.0,1.45,1.0,36,23,1.53,1.02,2.55,24,True,True,False,False,False,False,False,6.42,4.13,1.56,1.85,1.48,2.49,1.97,1.33,2.06,3.64,3.12,1.39,1.43,2.94,2.12,1.76
Liga_Portugal_2025-2026,2025/2026,24,Porto,FC Arouca,2026-02-27 18:45:00,3,1,4,5,1,6,0,2,0,0,7,1,13,6,20,7,13,12,57,43,Estádio Do Dragão,"Via Futebol Clube do Porto, Porto",0,2,1.18,6.73,11.5,1.25,1.75,2.85,2.6,1.48,1.5,2.06,2.42,1.9,1.22,2.05,3.8,1.7,4,1,0,2,1,3,1,82,0,41,0,-1,2,1,2,0,3,1,2,4,0,0,0,2,0,2,1,50,13,142,55,2.12,0.61,2.73,1,0,1,0,0,0,1,1,1,0,0,0,0,0,1,29,12,1,13,11,1,3,9,59,73,41,78,2.67,0.92,2.64,1.0,2.7,1.13,41,27,1.6,1.15,2.75,24,True,True,True,True,False,False,True,15.34,6.94,1.20,1.96,1.56,2.35,1.85,1.25,1.78,3.00,2.62,1.50,1.34,3.32,2.66,1.50
Liga_Portugal_2025-2026,2025/2026,24,Sporting CP,GD Estoril Praia,2026-02-27 20:45:00,3,0,3,4,1,5,2,3,0,0,7,3,7,4,14,7,9,17,53,47,Estádio José Alvalade,"Rua Professor Fernando da Fonseca, Lisboa",2,3,1.2,8.0,12.0,1.11,1.38,1.73,1.77,2.0,1.47,1.77,2.9,2.19,1.2,1.95,4.0,1.75,3,2,0,1,0,1,2,114,0,36,0,-1,2,1,1,1,3,0,2,3,0,0,2,3,0,5,1,49,48,99,102,1.73,1.01,2.74,0,0,0,0,0,0,1,1,1,0,1,0,0,0,1,14,21,1,16,9,1,6,8,78,91,46,73,2.58,0.92,2.55,1.0,2.52,1.43,23,9,2.28,1.44,3.72,24,True,True,True,False,False,False,False,14.13,8.37,1.17,1.66,1.47,2.52,2.18,1.10,1.30,1.81,1.90,1.95,,,1.83,2.02
Liga_Portugal_2025-2026,2025/2026,24,AVS,Estrela Amadora,2026-02-28 15:30:00,0,0,0,7,9,16,3,1,0,0,3,6,8,10,11,16,17,9,40,60,Estádio Clube Desportivo das Aves,"Rua Luís Gonzaga Mendes de Carvalho 265, Vila das Aves",3,1,2.86,3.24,2.45,1.26,1.99,3.44,1.7,2.0,1.7,2.17,2.02,1.61,1.42,2.81,2.65,1.38,0,0,0,0,0,0,0,-1,0,49,0,-1,2,1,2,5,5,4,7,9,0,0,3,1,0,4,1,59,38,77,106,1.33,1.71,3.04,0,0,0,0,0,0,1,1,0,0,0,1,0,0,1,33,13,1,9,17,1,10,9,57,83,35,78,0.54,0.92,0.5,0.91,0.35,1.0,44,18,1.22,0.84,2.06,24,False,False,False,False,False,False,False,2.59,3.38,2.86,2.17,1.74,2.06,1.67,1.30,1.99,3.48,3.03,1.41,1.41,2.99,1.76,2.12
Liga_Portugal_2025-2026,2025/2026,24,CD Nacional,Sporting Braga,2026-02-28 18:00:00,1,2,3,3,6,9,2,3,0,0,5,8,9,12,14,20,15,15,37,63,Estádio da Madeira,"Rua do Esmeraldo, nº 46, Ilha da Madeira",2,3,5.25,4.1,1.57,1.22,1.88,3.05,1.75,1.95,1.64,2.27,2.21,1.75,1.37,2.6,2.94,1.42,3,0,1,1,1,2,1,172,0,57,0,-1,2,1,1,3,2,3,4,5,1,2,1,1,3,2,1,29,61,91,93,1.45,2.25,3.7,0,1,0,1,0,0,1,1,0,0,1,0,0,0,1,20,19,1,15,14,1,9,4,66,78,43,74,0.92,1.69,1.0,1.58,0.91,1.83,35,22,1.3,1.66,2.96,24,True,True,True,False,False,False,True,1.52,4.47,6.45,2.08,1.64,2.21,1.72,1.25,1.77,2.98,2.71,1.49,1.35,3.32,1.88,1.98
Liga_Portugal_2025-2026,2025/2026,24,Vitória Guimarães,Alverca,2026-02-28 20:30:00,1,1,2,0,11,11,1,2,0,0,6,5,9,6,15,11,16,5,53,47,Estádio Dom Afonso Henriques,"Rua de São Gonçalo 505, Guimarães",1,2,1.81,3.55,4.5,1.28,2.0,3.3,1.85,1.85,1.53,1.93,2.26,1.79,1.4,3.08,2.62,1.34,2,0,0,1,1,2,0,-1,0,61,0,-1,2,1,0,4,0,3,4,3,1,0,0,2,1,2,1,53,45,102,93,1.75,1.37,3.13,0,0,0,0,0,0,1,1,0,0,0,1,0,0,1,22,19,1,5,16,1,4,9,61,83,53,66,1.69,0.75,1.75,0.73,1.35,1.13,39,17,1.46,0.9,2.36,24,True,True,False,False,False,False,True,5.00,3.64,1.78,2.00,1.59,2.28,1.81,1.32,2.05,3.61,,,,,1.92,1.93
Liga_Portugal_2025-2026,2025/2026,24,CD Tondela,Santa Clara,2026-03-01 15:30:00,2,2,4,4,7,11,3,2,0,0,4,3,7,14,11,17,15,15,42,58,Estádio João Cardoso,"Rua Doutor Eurico José Gouveia, Tondela",3,2,3.15,3.0,2.4,1.5,2.72,4.7,2.05,1.67,1.6,2.1,2.19,1.73,1.61,3.5,2.23,1.24,4,1,1,1,1,2,2,-1,0,41,0,-1,2,1,4,2,0,5,6,5,0,1,3,1,1,4,1,20,31,52,72,1.12,1.5,2.62,1,1,1,1,0,0,1,1,1,0,0,0,0,1,1,14,27,1,14,14,1,12,6,32,55,18,50,0.67,0.67,0.64,0.64,0.78,0.78,69,45,1.26,1.29,2.55,24,True,True,True,True,False,False,True,2.65,2.90,3.22,2.16,1.70,2.11,1.68,1.59,2.88,5.80,,,,,2.26,1.68
Liga_Portugal_2025-2026,2025/2026,24,Casa Pia,Moreirense FC,2026-03-01 18:00:00,1,1,2,1,7,8,2,3,0,0,2,6,5,6,7,12,21,12,36,64,Campo do Cevadeiro,"Estrada Nacional 10, Vila Franca de Xira",2,3,2.7,3.25,2.84,1.44,2.48,4.6,1.86,1.73,1.83,2.75,1.91,1.48,1.44,3.3,2.31,1.32,2,1,0,0,1,1,1,-1,0,53,0,-1,2,1,1,3,0,4,4,4,1,2,1,1,3,2,1,29,40,81,87,0.8,1.47,2.27,0,1,0,1,0,0,1,1,0,0,0,0,0,1,1,10,15,1,11,21,1,8,7,48,83,39,66,1.0,1.15,1.0,1.17,0.96,1.43,53,17,0.92,1.06,1.98,24,True,True,False,False,False,False,True,2.91,2.98,2.83,2.41,1.92,1.90,1.53,1.49,2.56,5.08,,,1.56,2.52,2.03,1.83
Liga_Portugal_2025-2026,2025/2026,24,Rio Ave FC,Famalicão,2026-03-01 20:30:00,0,0,0,5,5,10,4,2,0,0,4,4,12,6,16,10,20,15,46,54,Estádio do Rio Ave Futebol Clube,"Rua Dona Maria Pães Ribeiro, Vila do Conde",4,2,4.47,3.79,1.84,1.29,1.85,3.1,1.75,1.97,1.39,1.86,2.63,1.92,1.38,2.73,2.81,1.4,0,0,0,0,0,0,0,-1,0,36,0,-1,2,1,2,1,3,4,3,7,2,1,2,1,3,3,1,40,47,89,97,1.58,1.26,2.84,0,0,0,0,0,0,1,1,0,0,0,0,0,0,1,21,26,1,15,19,1,4,9,41,64,32,64,0.83,1.33,0.82,1.36,0.87,1.52,59,37,1.1,1.23,2.33,24,False,False,False,False,False,False,False,1.86,3.84,4.19,1.76,1.50,2.47,2.04,1.26,1.84,3.11,2.80,1.46,1.37,3.22,1.75,2.15
Liga_Portugal_2025-2026,2025/2026,24,Gil Vicente,Benfica,2026-03-02 20:15:00,1,2,3,5,3,8,2,3,0,0,5,3,8,8,13,11,16,11,49,51,Estádio Cidade de Barcelos,"strada Nacional 103, Vila Boa, Barcelos",2,3,5.7,3.9,1.56,1.25,1.8,2.99,1.87,1.77,1.52,1.87,2.48,1.85,1.36,2.69,2.94,1.43,3,0,1,1,1,2,1,78,0,36,0,-1,2,1,0,2,5,1,2,6,0,1,2,2,1,4,1,40,46,82,94,1.46,1.24,2.7,0,0,0,0,0,0,1,1,0,0,0,0,0,0,1,18,24,1,12,16,1,9,10,50,78,32,73,1.92,2.5,2.09,2.45,1.74,2.39,50,23,1.68,1.85,3.53,24,True,True,True,False,False,False,True,1.57,4.17,6.19,1.85,1.52,2.44,1.95,1.32,1.98,3.62,,,,,1.97,1.88
