league,season,game_week,home_name,away_name,date,homeGoalCount,awayGoalCount,totalGoalCount,team_a_corners,team_b_corners,totalCornerCount,team_a_yellow_cards,team_b_yellow_cards,team_a_red_cards,team_b_red_cards,team_a_shotsOnTarget,team_b_shotsOnTarget,team_a_shotsOffTarget,team_b_shotsOffTarget,team_a_shots,team_b_shots,team_a_fouls,team_b_fouls,team_a_possession,team_b_possession,stadium_name,stadium_location,team_a_cards_num,team_b_cards_num,avg_odds_ft_1,avg_odds_ft_x,avg_odds_ft_2,avg_odds_ft_over15,avg_odds_ft_over25,avg_odds_ft_over35,avg_odds_btts_yes,avg_odds_btts_no,avg_odds_corners_over_85,avg_odds_corners_over_95,avg_odds_corners_under_85,avg_odds_corners_under_95,avg_odds_1st_half_over05,avg_odds_1st_half_over15,avg_odds_1st_half_under05,avg_odds_1st_half_under15,overallGoalCount,ht_goals_team_a,ht_goals_team_b,goals_2hg_team_a,goals_2hg_team_b,GoalCount_2hg,HTGoalCount,winningTeam,no_home_away,btts_potential,goalTimingDisabled,attendance,corner_timings_recorded,card_timings_recorded,team_a_fh_corners,team_b_fh_corners,team_a_2h_corners,team_b_2h_corners,corner_fh_count,corner_2h_count,team_a_fh_cards,team_b_fh_cards,team_a_2h_cards,team_b_2h_cards,total_fh_cards,total_2h_cards,attacks_recorded,team_a_dangerous_attacks,team_b_dangerous_attacks,team_a_attacks,team_b_attacks,team_a_xg,team_b_xg,total_xg,team_a_penalties_won,team_b_penalties_won,team_a_penalty_goals,team_b_penalty_goals,team_a_penalty_missed,team_b_penalty_missed,pens_recorded,goal_timings_recorded,team_a_0_10_min_goals,team_b_0_10_min_goals,team_a_corners_0_10_min,team_b_corners_0_10_min,team_a_cards_0_10_min,team_b_cards_0_10_min,throwins_recorded,team_a_throwins,team_b_throwins,freekicks_recorded,team_a_freekicks,team_b_freekicks,goalkicks_recorded,team_a_goalkicks,team_b_goalkicks,o25_potential,o15_potential,o15HT_potential,o05HT_potential,home_ppg,away_ppg,pre_match_home_ppg,pre_match_away_ppg,pre_match_teamA_overall_ppg,pre_match_teamB_overall_ppg,u25_potential,u15_potential,team_a_xg_prematch,team_b_xg_prematch,total_xg_prematch,matches_completed_minimum,over05,over15,over25,over35,over45,over55,btts,pinnacle_ft_x,pinnacle_ft_2,pinnacle_ft_1,pinnacle_1st_half_over15,pinnacle_1st_half_under15,pinnacle_ft_over15,pinnacle_ft_over25,pinnacle_ft_over35,pinnacle_corners_over_95,pinnacle_corners_under_95,pinnacle_btts_yes,pinnacle_btts_no,pinnacle_1st_half_over05,pinnacle_1st_half_under05,pinnacle_corners_over_85,pinnacle_corners_under_85
Mexico_Liga_MX_2025-2026,2025/2026,1,Puebla,Atlas,2025-07-12 01:00:00,2,3,5,4,3,7,3,2,0,0,4,4,13,4,17,8,16,12,67,33,Estadio Cuauhtémoc,"Calle Calzada Ignacio Zaragoza, Colonia Unidad Deportiva Puebla, Puebla",3,2,2.54,3.09,2.8,1.41,2.3,4.0,1.93,1.8,1.45,1.72,2.55,2.0,1.4,3.44,2.8,1.36,5,1,1,1,2,3,2,1421,1,0,0,-1,2,1,1,0,3,3,1,6,1,0,2,2,1,4,1,33,30,85,67,1.59,1.01,2.6,0,0,0,0,0,0,1,1,0,0,0,0,0,0,1,15,18,1,12,16,1,7,13,0,0,0,0,0.76,1.24,0.0,0.0,0.0,0.0,0,0,0.0,0.0,0.0,21,True,True,True,True,True,False,True,3.27,3.03,2.52,,,1.43,2.38,4.41,1.69,2.11,,,,,,
Mexico_Liga_MX_2025-2026,2025/2026,1,Juárez,América,2025-07-12 03:00:00,1,1,2,3,4,7,2,1,0,1,3,2,6,4,9,6,15,12,55,45,Estadio Olímpico Benito Juárez,"Avenida Heroico Colegio Militar, Ciudad Juárez",2,3,4.35,3.25,1.71,1.44,2.42,4.33,2.1,1.67,1.57,1.86,2.25,1.78,1.5,3.1,2.6,1.32,2,0,1,1,0,1,1,-1,1,0,0,-1,2,1,1,0,2,4,1,6,0,1,2,1,1,3,1,35,31,92,93,1.04,0.76,1.8,0,0,0,0,0,0,1,1,0,0,0,0,0,1,1,19,15,1,12,15,1,9,11,0,0,0,0,1.24,1.83,0.0,0.0,0.0,0.0,0,0,0.0,0.0,0.0,23,True,True,False,False,False,False,True,3.41,1.87,4.81,3.45,1.33,1.47,2.42,4.53,2.02,1.79,,,1.49,2.70,1.61,2.25
Mexico_Liga_MX_2025-2026,2025/2026,1,Tijuana,Querétaro,2025-07-12 03:05:00,1,0,1,6,3,9,1,1,0,0,3,2,9,3,12,5,16,15,60,40,Estadio Caliente,"Boulevard Agua Caliente 12027, Colonia Hipódromo, Tijuana",1,1,1.47,4.1,5.5,1.2,1.66,2.68,1.7,1.95,1.38,1.83,2.98,2.05,1.37,2.3,3.21,1.58,1,1,0,0,0,0,1,1418,1,0,0,-1,2,1,4,1,2,2,5,4,1,0,0,1,1,1,1,38,21,91,73,1.25,0.62,1.87,0,0,0,0,0,0,1,1,0,0,1,0,0,0,1,24,20,1,15,16,1,5,10,0,0,0,0,1.5,1.05,0.0,0.0,0.0,0.0,0,0,0.0,0.0,0.0,21,True,False,False,False,False,False,False,4.50,5.84,1.55,2.45,1.58,1.22,1.69,2.68,1.62,2.23,,,1.37,3.21,,
Mexico_Liga_MX_2025-2026,2025/2026,1,Toluca,Necaxa,2025-07-13 01:00:00,3,1,4,7,4,11,2,2,0,0,7,4,14,7,21,11,11,13,55,45,Estadio Nemesio Díez,"Avenida Constituyentes Poniente No. 1000, Colonia La Merced, Toluca de Lerdo",2,2,1.52,4.45,5.4,1.19,1.5,2.46,1.67,2.2,1.35,1.58,2.76,2.05,1.25,2.25,3.6,1.6,4,2,1,1,0,1,3,1424,1,0,0,-1,2,1,4,0,3,4,4,7,2,1,0,1,3,1,1,38,46,86,66,2.08,1.3,3.39,0,0,0,0,0,0,1,1,0,0,0,0,0,1,1,22,22,1,13,11,1,6,13,0,0,0,0,2.04,0.95,0.0,0.0,0.0,0.0,0,0,0.0,0.0,0.0,21,True,True,True,True,False,False,True,4.52,5.90,1.55,,,1.19,1.61,2.46,1.72,2.07,,,,,,
Mexico_Liga_MX_2025-2026,2025/2026,1,Santos Laguna,Pumas UNAM,2025-07-13 01:00:00,3,0,3,1,5,6,2,5,0,0,4,2,4,8,8,10,16,16,45,55,Estadio Nuevo Corona,"Territorio Santos Modelo, Torreón",2,5,2.6,3.45,2.5,1.3,1.95,3.3,1.73,2.0,1.38,1.85,2.7,1.85,1.38,2.88,3.0,1.43,3,1,0,2,0,2,1,1426,1,0,0,-1,2,1,0,2,1,3,2,4,1,2,1,3,3,4,1,30,43,76,67,1.01,1.08,2.09,0,0,0,0,0,0,1,1,0,0,0,1,0,0,1,17,16,1,16,16,1,9,11,0,0,0,0,1.0,1.32,0.0,0.0,0.0,0.0,0,0,0.0,0.0,0.0,21,True,True,True,False,False,False,False,3.34,2.62,2.85,2.93,1.43,1.31,2.03,3.41,1.96,1.85,,,1.40,3.08,1.54,2.36
Mexico_Liga_MX_2025-2026,2025/2026,1,Cruz Azul,Mazatlán,2025-07-13 03:05:00,0,0,0,12,2,14,2,4,0,0,4,0,10,7,14,7,8,9,74,26,Estadio Azteca,"Calzada de Tlalpan 3665, Coyoacán, D.F.",2,4,1.13,5.9,10.0,1.15,1.62,2.46,2.25,1.65,1.42,1.88,2.62,2.18,1.28,2.4,3.4,1.57,0,0,0,0,0,0,0,-1,1,0,0,-1,2,1,7,1,5,1,8,6,2,1,0,3,3,3,1,94,44,113,71,1.84,0.76,2.6,0,0,0,0,0,0,1,1,0,0,3,0,0,0,1,28,23,1,9,8,1,13,17,0,0,0,0,2.0,0.67,0.0,0.0,0.0,0.0,0,0,0.0,0.0,0.0,21,False,False,False,False,False,False,False,6.29,13.32,1.24,2.52,1.55,1.21,1.66,2.63,1.66,2.18,,,,,,
Mexico_Liga_MX_2025-2026,2025/2026,1,Pachuca,Monterrey,2025-07-13 23:00:00,3,0,3,3,7,10,3,3,0,0,6,3,10,9,16,12,7,12,41,59,Estadio Hidalgo,"Boulevard Felipe Angeles, Pachuca de Soto",3,3,2.02,3.45,3.45,1.29,1.95,2.9,1.69,2.05,1.42,1.72,2.65,2.3,1.36,2.92,2.96,1.42,3,0,0,3,0,3,0,1417,1,0,0,-1,2,1,2,3,1,4,5,5,2,1,1,2,3,3,1,2,2,4,5,1.43,0.97,2.4,0,0,0,0,0,0,1,1,0,0,2,0,0,0,1,9,9,1,12,7,1,5,9,0,0,0,0,1.3,1.76,0.0,0.0,0.0,0.0,0,0,0.0,0.0,0.0,23,True,True,True,False,False,False,False,3.62,3.59,2.09,2.88,1.44,1.29,1.94,3.24,1.65,2.17,,,1.38,3.15,,
Mexico_Liga_MX_2025-2026,2025/2026,1,León,Atlético San Luis,2025-07-14 01:00:00,0,1,1,4,6,10,3,3,0,0,3,4,7,8,10,12,12,10,46,54,,,3,3,1.65,3.6,4.4,1.25,1.97,2.9,1.75,2.0,1.4,1.85,2.54,1.91,1.32,2.6,3.1,1.44,1,0,0,0,1,1,0,1449,1,0,0,-1,2,1,2,2,2,4,4,6,0,1,3,2,1,5,1,35,43,21,43,1.08,1.34,2.42,0,0,0,0,0,0,1,1,0,0,2,1,0,0,1,21,18,1,10,12,1,10,9,0,0,0,0,0.81,0.95,0.0,0.0,0.0,0.0,0,0,0.0,0.0,0.0,21,True,False,False,False,False,False,False,3.80,5.45,1.69,2.71,1.49,1.26,1.84,3.04,1.76,2.02,,,1.35,3.33,,
Mexico_Liga_MX_2025-2026,2025/2026,2,América,Tijuana,2025-07-17 01:00:00,3,1,4,8,1,9,3,0,0,0,9,2,9,6,18,8,11,11,67,33,Estadio Azteca,"Calzada de Tlalpan 3665, Coyoacán, D.F.",3,0,1.24,5.0,8.8,1.15,1.44,2.25,1.72,1.97,1.6,2.0,2.2,1.73,1.25,2.15,3.6,1.62,4,1,0,2,1,3,1,1420,1,50,0,-1,2,1,3,0,5,1,3,6,0,0,3,0,0,3,1,93,49,92,68,2.42,1.0,3.42,1,0,1,0,0,0,1,1,0,0,0,0,0,0,1,19,12,1,10,11,1,6,14,0,50,0,100,1.83,1.5,1.0,3.0,1.0,3.0,100,50,0.76,1.25,2.01,23,True,True,True,True,False,False,True,5.42,8.27,1.36,2.36,1.63,1.19,1.58,2.50,2.03,1.79,1.97,1.88,,,1.55,2.34
Mexico_Liga_MX_2025-2026,2025/2026,2,Santos Laguna,Toluca,2025-07-17 03:05:00,2,4,6,5,4,9,1,1,1,0,6,10,5,10,11,20,8,20,33,67,Estadio Nuevo Corona,"Territorio Santos Modelo, Torreón",2,1,3.1,3.45,2.05,1.2,1.66,2.53,1.55,2.42,1.42,1.68,2.55,1.86,1.29,2.55,3.4,1.55,6,2,1,0,3,3,3,1424,1,50,0,-1,2,1,1,1,4,3,2,7,1,1,1,0,2,1,1,3,7,11,18,1.13,1.99,3.12,0,0,0,0,0,0,1,1,0,0,0,0,0,0,1,25,16,1,20,8,1,5,4,100,100,50,100,1.0,2.04,3.0,3.0,3.0,3.0,0,0,1.01,2.08,3.09,21,True,True,True,True,True,True,True,3.77,2.10,3.43,2.55,1.55,1.22,1.71,2.73,1.90,1.92,1.61,2.40,,,1.51,2.46
Mexico_Liga_MX_2025-2026,2025/2026,2,Necaxa,Querétaro,2025-07-19 01:00:00,3,1,4,3,2,5,2,0,0,0,6,2,20,1,26,3,17,7,73,27,Estadio Victoria de Aguascalientes,"Avenida Manuel Madrigal 101, Colonia Héroes, Aguascalientes",2,0,1.73,3.87,3.9,1.15,1.7,2.8,1.65,2.1,1.32,1.56,3.24,2.23,1.34,2.35,3.2,1.52,4,2,1,1,0,1,3,1428,1,50,0,-1,2,1,2,0,1,2,2,3,0,0,2,0,0,2,-1,0,0,0,0,0.0,0.0,0.0,1,0,1,0,0,0,1,1,0,0,0,0,0,0,1,24,15,1,6,17,1,5,11,50,50,50,100,0.95,1.05,0.0,0.0,0.0,0.0,50,50,1.3,0.62,1.92,21,True,True,True,True,False,False,True,3.96,4.66,1.76,2.62,1.52,1.25,1.77,2.86,1.60,2.23,1.75,2.15,1.34,3.37,,
Mexico_Liga_MX_2025-2026,2025/2026,2,Atlético San Luis,Monterrey,2025-07-19 03:00:00,0,1,1,5,3,8,2,2,0,0,1,3,4,10,5,13,16,9,43,57,Estadio Alfonso Lastras Ramírez,", ",2,2,3.1,3.58,1.99,1.17,1.67,2.5,1.63,2.1,1.35,1.8,2.8,1.98,1.35,2.6,2.9,1.44,1,0,1,0,0,0,1,1430,1,0,0,-1,2,1,2,1,3,2,3,5,0,2,2,0,2,2,-1,0,0,0,0,0.0,0.0,0.0,0,0,0,0,0,0,1,1,0,0,0,0,0,0,1,25,22,1,9,16,1,4,8,50,50,0,0,0.95,1.76,3.0,0.0,3.0,0.0,50,50,1.34,0.97,2.31,21,True,False,False,False,False,False,False,3.62,2.20,3.29,2.64,1.52,1.24,1.78,2.86,1.72,2.07,1.61,2.39,1.35,3.34,,
Mexico_Liga_MX_2025-2026,2025/2026,2,Mazatlán,Puebla,2025-07-19 03:05:00,2,1,3,3,4,7,3,3,0,0,4,5,3,6,7,11,17,12,41,59,,,3,3,2.25,3.15,3.36,1.44,2.38,4.75,1.75,1.75,1.42,1.67,2.62,2.12,1.4,3.0,2.6,1.36,3,2,0,0,1,1,2,686211,1,50,0,-1,2,1,2,2,1,2,4,3,1,2,2,1,3,3,-1,0,0,0,0,0.0,0.0,0.0,0,0,0,0,0,0,1,1,1,0,0,1,0,0,1,16,32,1,12,17,1,8,3,50,50,50,50,0.67,0.76,1.0,0.0,1.0,0.0,50,50,0.76,1.59,2.35,21,True,True,True,False,False,False,True,3.19,3.41,2.35,3.46,1.33,1.46,2.45,4.63,1.79,2.01,2.01,1.85,1.49,2.70,,
Mexico_Liga_MX_2025-2026,2025/2026,2,Tigres UANL,Juárez,2025-07-20 01:00:00,1,0,1,5,2,7,3,3,0,1,10,1,12,4,22,5,16,14,65,35,Estadio Universitario de Nuevo León,"Calle del Doctor Pedro de Alba, Colonia Ciudad Universitaria, San Nicolás de los Garza",3,5,1.61,3.75,5.1,1.3,1.95,3.3,1.87,1.68,1.52,1.85,2.6,1.85,1.36,2.7,2.8,1.4,1,0,0,1,0,1,0,1423,1,50,0,-1,2,1,4,1,1,1,5,2,1,2,2,2,3,4,1,41,56,100,107,2.38,0.8,3.19,0,0,0,0,0,0,1,1,0,0,0,1,0,0,1,28,19,1,14,16,1,7,5,0,50,0,50,1.89,1.24,0.0,1.0,0.0,1.0,50,0,0.0,1.04,1.04,25,True,False,False,False,False,False,False,4.69,8.62,1.41,2.91,1.43,1.29,1.94,3.26,1.98,1.83,2.25,1.68,1.39,3.12,1.54,2.39
Mexico_Liga_MX_2025-2026,2025/2026,2,León,Guadalajara,2025-07-20 01:00:00,1,0,1,5,4,9,1,0,0,0,3,3,3,15,6,18,9,16,34,66,,,1,0,2.83,3.0,2.24,1.3,2.1,3.68,1.75,1.95,1.53,1.77,2.38,1.93,1.42,2.94,2.65,1.4,1,0,0,1,0,1,0,1434,1,0,0,-1,2,1,5,0,0,4,5,4,0,0,1,0,0,1,1,33,47,67,129,0.83,1.69,2.53,1,0,1,0,0,0,1,1,0,0,1,0,0,0,1,16,24,1,15,9,1,13,5,0,0,0,0,0.81,1.83,0.0,0.0,0.0,0.0,50,50,1.08,0.0,1.08,21,True,False,False,False,False,False,False,3.26,2.31,3.40,3.11,1.39,1.35,2.11,3.68,2.00,1.81,1.81,2.05,1.43,2.94,1.56,2.35
Mexico_Liga_MX_2025-2026,2025/2026,2,Atlas,Cruz Azul,2025-07-20 03:05:00,3,3,6,4,11,15,2,2,0,0,4,5,6,24,10,29,10,15,29,71,Estadio Jalisco,"Calle 7 Colinas No. 1772, Colonia Independencia, Guadalajara",2,2,4.82,3.25,1.8,1.22,1.93,3.2,1.73,2.0,1.42,1.65,2.8,1.91,1.33,2.6,2.8,1.44,6,2,0,1,3,4,2,-1,1,50,0,-1,2,1,2,5,2,6,7,8,1,1,1,1,2,2,1,28,79,50,111,1.11,2.73,3.85,0,1,0,1,0,0,1,1,0,0,1,1,0,0,1,16,16,1,15,9,1,16,6,50,50,50,50,1.24,2.0,3.0,1.0,3.0,1.0,50,50,1.01,1.84,2.85,21,True,True,True,True,True,True,True,3.87,1.75,4.85,2.79,1.46,1.27,1.85,3.08,,,1.77,2.11,1.36,3.24,,
Mexico_Liga_MX_2025-2026,2025/2026,2,Pumas UNAM,Pachuca,2025-07-20 18:00:00,2,3,5,4,1,5,3,1,0,0,4,3,4,7,8,10,15,12,63,37,Estadio Olímpico de Universitario,"Calle Escobar, Colonia Ciudad Universitaria, Coyoacán, D.F.",3,1,3.05,3.2,2.32,1.3,2.07,3.4,1.85,1.97,1.55,2.03,2.4,1.88,1.4,2.75,2.76,1.37,5,2,2,0,1,1,4,1417,1,0,0,-1,2,1,1,0,3,1,1,4,2,1,1,0,3,1,1,44,19,119,55,1.12,0.98,2.1,0,0,0,0,0,0,1,1,1,0,0,0,0,0,1,31,19,1,12,15,1,8,10,100,100,0,50,1.32,1.3,0.0,3.0,0.0,3.0,0,0,1.08,1.43,2.51,22,True,True,True,True,True,False,True,3.32,2.40,3.17,3.12,1.39,1.38,2.19,3.89,2.03,1.76,1.90,1.95,1.43,2.93,1.60,2.30
Mexico_Liga_MX_2025-2026,2025/2026,3,Querétaro,Pumas UNAM,2025-07-26 01:00:00,0,2,2,4,3,7,3,4,0,1,1,3,5,4,6,7,21,17,57,43,Estadio La Corregidora,"Avenida Luis Vega Monroy 409-4, Santiago de Querétaro",3,6,2.97,3.2,1.85,1.41,2.3,4.0,2.04,1.75,1.5,2.01,2.5,1.8,1.5,3.2,2.5,1.32,2,0,1,0,1,1,1,1422,1,50,0,-1,2,1,1,1,3,2,2,5,1,1,2,4,2,6,1,41,39,115,73,0.76,0.94,1.7,0,0,0,0,0,0,1,1,0,0,0,0,0,0,1,28,20,1,17,21,1,6,5,75,75,50,100,1.05,1.32,0.0,0.0,0.0,0.0,25,25,0.62,1.1,1.72,21,True,True,False,False,False,False,False,3.39,1.96,4.36,3.46,1.33,1.46,2.42,4.57,1.96,1.85,2.11,1.77,1.51,2.65,1.58,2.31
Mexico_Liga_MX_2025-2026,2025/2026,3,Puebla,Santos Laguna,2025-07-26 01:00:00,1,0,1,6,2,8,1,3,0,0,4,1,15,5,19,6,7,17,59,41,Estadio Cuauhtémoc,"Calle Calzada Ignacio Zaragoza, Colonia Unidad Deportiva Puebla, Puebla",1,3,1.91,3.25,3.5,1.22,1.94,3.25,1.78,2.02,1.65,1.9,2.34,1.8,1.33,2.55,2.9,1.42,1,0,0,1,0,1,0,1433,1,75,0,-1,2,1,2,1,4,1,3,5,1,1,0,2,2,2,1,58,20,103,79,1.89,0.61,2.5,0,0,0,0,0,0,1,1,0,0,0,0,0,0,1,20,20,1,17,7,1,9,24,100,100,75,100,0.76,1.0,0.0,1.5,0.0,1.5,0,0,1.59,1.07,2.66,21,True,False,False,False,False,False,False,3.75,3.87,1.96,2.87,1.44,1.29,1.94,3.27,,,1.78,2.10,1.38,3.16,,
Mexico_Liga_MX_2025-2026,2025/2026,3,Tijuana,Juárez,2025-07-26 03:00:00,1,1,2,4,5,9,3,2,0,0,3,5,9,7,12,12,16,15,36,64,Estadio Caliente,"Boulevard Agua Caliente 12027, Colonia Hipódromo, Tijuana",3,2,1.83,3.4,3.6,1.2,1.7,2.7,1.55,2.25,1.67,2.1,2.1,1.8,1.3,2.4,3.1,1.53,2,0,0,1,1,2,0,-1,1,50,0,-1,2,1,2,1,2,4,3,6,1,0,2,2,1,4,1,40,60,67,126,1.25,1.55,2.81,0,0,0,0,0,0,1,1,0,0,1,0,0,0,1,16,21,1,15,16,1,9,9,25,50,0,75,1.5,1.24,1.5,0.5,1.5,0.5,75,50,1.12,0.92,2.04,24,True,True,False,False,False,False,True,3.59,3.77,2.04,2.57,1.54,1.22,1.71,2.73,2.13,1.69,1.61,2.39,1.35,3.29,1.66,2.18
Mexico_Liga_MX_2025-2026,2025/2026,3,Pachuca,Mazatlán,2025-07-26 23:00:00,1,0,1,8,2,10,1,3,0,0,3,0,12,2,15,2,11,16,65,35,Estadio Hidalgo,"Boulevard Felipe Angeles, Pachuca de Soto",1,3,1.45,4.45,5.6,1.22,1.77,2.9,1.91,1.8,1.4,1.65,2.55,1.98,1.31,2.4,3.4,1.47,1,0,0,1,0,1,0,1417,1,50,0,-1,2,1,4,0,4,2,4,6,1,1,0,2,2,2,1,48,29,100,61,1.51,0.35,1.85,0,0,0,0,0,0,1,1,0,0,0,0,0,0,1,14,10,1,16,11,1,8,12,75,75,50,50,1.3,0.67,3.0,2.0,3.0,2.0,25,25,1.2,0.76,1.96,21,True,False,False,False,False,False,False,5.01,8.72,1.38,2.60,1.53,,,,1.74,2.04,2.05,1.81,1.34,3.36,,
Mexico_Liga_MX_2025-2026,2025/2026,3,Guadalajara,Atlético San Luis,2025-07-26 23:07:00,4,3,7,10,6,16,3,3,0,0,8,8,6,6,14,14,10,17,55,45,Estadio AKRON,"Avenida Circuito JVC Número 2800, Centro JVC, Zapopan",3,3,1.59,3.95,5.5,1.22,1.77,2.7,1.83,1.95,1.45,1.72,2.55,2.0,1.3,2.55,3.1,1.46,7,2,0,2,3,5,2,1431,1,0,0,-1,2,1,4,4,6,2,8,8,1,0,2,3,1,5,1,50,35,92,66,1.81,1.69,3.5,0,1,0,1,0,0,1,1,0,0,0,1,0,0,1,1,10,1,17,9,1,9,9,0,0,0,25,1.83,0.95,0.0,1.5,0.0,1.5,100,100,1.69,1.34,3.03,21,True,True,True,True,True,True,True,4.13,7.23,1.52,2.68,1.50,1.24,1.79,2.86,1.91,1.91,1.89,1.95,1.34,3.37,1.48,2.50
Mexico_Liga_MX_2025-2026,2025/2026,3,Cruz Azul,León,2025-07-27 01:00:00,4,1,5,8,1,9,1,2,0,0,13,5,10,4,23,9,7,11,61,39,Estadio Azteca,"Calzada de Tlalpan 3665, Coyoacán, D.F.",1,2,1.56,3.8,6.5,1.2,1.6,2.45,1.75,2.05,1.52,1.72,2.54,2.0,1.3,2.44,3.4,1.55,5,0,0,4,1,5,0,1432,1,25,0,-1,2,1,5,1,3,0,6,3,1,0,0,2,1,2,1,63,18,98,68,2.81,1.05,3.86,0,0,0,0,0,0,1,1,0,0,0,1,0,0,1,23,22,1,11,7,1,4,8,25,25,25,25,2.0,0.81,1.0,1.5,1.0,1.5,75,75,2.29,0.96,3.25,21,True,True,True,True,True,False,True,4.80,6.79,1.46,,,1.20,1.64,2.62,1.72,2.08,1.84,2.02,,,1.45,2.59
Mexico_Liga_MX_2025-2026,2025/2026,3,Toluca,Tigres UANL,2025-07-27 01:00:00,3,4,7,7,0,7,5,2,0,0,6,5,11,6,17,11,16,8,55,45,Estadio Nemesio Díez,"Avenida Constituyentes Poniente No. 1000, Colonia La Merced, Toluca de Lerdo",5,2,1.75,3.7,4.2,1.25,1.8,2.84,1.73,1.92,1.46,2.06,2.48,1.85,1.33,2.55,3.0,1.45,7,1,3,2,1,3,4,1423,1,50,0,-1,2,1,3,0,4,0,3,4,1,1,4,1,2,5,1,46,26,101,65,1.83,1.23,3.06,0,0,0,0,0,0,1,1,0,0,3,0,0,0,1,19,16,1,8,16,1,4,11,50,50,50,50,2.04,1.89,3.0,3.0,3.0,3.0,50,50,2.04,2.38,4.42,27,True,True,True,True,True,True,True,3.52,4.31,1.83,2.69,1.44,1.25,1.85,2.99,,,1.73,2.07,1.33,3.20,,
Mexico_Liga_MX_2025-2026,2025/2026,3,Monterrey,Atlas,2025-07-27 01:00:00,3,1,4,9,4,13,3,2,1,1,10,1,15,6,25,7,12,12,71,29,Estadio BBVA Bancomer,"Avenida Pablo Livas 2011, Colonia La Pastora, Guadalupe",4,3,1.33,4.6,6.94,1.18,1.63,2.5,1.85,1.95,1.36,1.83,2.7,1.85,1.28,2.35,3.3,1.52,4,1,1,2,0,2,2,1430,1,50,0,-1,2,1,8,3,1,1,11,2,1,3,3,0,4,3,1,71,21,119,43,2.78,0.66,3.45,0,1,0,1,0,0,1,1,0,0,0,1,0,1,1,15,11,1,11,11,1,5,12,75,75,50,75,1.76,1.24,1.5,2.0,1.5,2.0,25,25,0.97,1.06,2.03,21,True,True,True,True,False,False,True,4.93,7.34,1.43,,,1.21,1.65,2.62,1.72,2.07,1.85,2.01,,,,
Mexico_Liga_MX_2025-2026,2025/2026,3,Necaxa,América,2025-07-27 03:05:00,1,1,2,7,4,11,3,3,0,0,2,3,15,10,17,13,8,10,34,66,Estadio Victoria de Aguascalientes,"Avenida Manuel Madrigal 101, Colonia Héroes, Aguascalientes",3,3,3.2,3.6,1.9,1.26,1.7,2.9,1.63,2.33,1.55,1.72,2.55,1.98,1.33,2.5,3.2,1.47,2,1,1,0,0,0,2,-1,1,100,0,-1,2,1,2,1,5,3,3,8,1,0,2,3,1,5,1,28,29,59,100,1.41,1.25,2.66,0,0,0,0,0,0,1,1,0,0,0,0,1,0,1,14,12,1,10,8,1,14,10,75,100,50,100,0.95,1.83,1.5,2.0,1.5,2.0,25,0,1.3,1.59,2.89,21,True,True,False,False,False,False,True,3.53,2.50,2.86,2.68,1.50,1.25,1.82,2.98,1.88,1.92,1.64,2.33,1.35,3.35,1.52,2.44
Mexico_Liga_MX_2025-2026,2025/2026,4,Tigres UANL,Puebla,2025-08-09 03:00:00,7,0,7,3,4,7,1,2,0,1,8,1,6,8,14,9,9,17,48,52,Estadio Universitario de Nuevo León,"Calle del Doctor Pedro de Alba, Colonia Ciudad Universitaria, San Nicolás de los Garza",1,3,1.35,4.66,6.5,1.23,1.65,2.71,2.15,1.79,1.43,1.76,2.3,2.04,1.35,2.55,3.0,1.5,7,2,0,5,0,5,2,1423,1,59,0,-1,2,1,2,0,1,4,2,5,0,2,1,1,2,2,1,24,27,66,86,1.62,0.84,2.46,1,0,1,0,0,0,1,1,1,0,0,0,0,0,1,13,21,1,16,9,1,6,7,59,59,59,59,1.89,0.76,3.0,1.0,3.0,1.0,42,42,1.81,1.74,3.55,21,True,True,True,True,True,True,False,4.74,7.00,1.46,2.49,1.57,1.23,1.70,2.77,1.76,2.04,2.00,1.86,1.34,3.37,,
Mexico_Liga_MX_2025-2026,2025/2026,4,América,Querétaro,2025-08-10 01:00:00,1,0,1,10,4,14,1,4,0,0,7,2,9,3,16,5,7,15,74,26,Estadio Azteca,"Calzada de Tlalpan 3665, Coyoacán, D.F.",1,4,1.14,5.5,11.0,1.22,1.57,2.75,2.38,1.65,1.44,1.73,2.45,1.91,1.25,2.48,3.55,1.57,1,1,0,0,0,0,1,1420,1,67,0,-1,2,1,5,2,5,2,7,7,1,2,0,2,3,2,1,102,49,155,71,2.24,0.81,3.06,0,0,0,0,0,0,1,1,1,0,1,0,0,0,1,34,17,1,14,7,1,5,10,33,84,33,100,1.83,1.05,1.67,0.0,1.67,0.0,67,17,1.48,0.69,2.17,21,True,False,False,False,False,False,False,6.85,14.49,1.21,2.44,1.58,1.20,1.63,2.56,1.76,2.02,2.37,1.61,,,1.44,2.61
Mexico_Liga_MX_2025-2026,2025/2026,4,Mazatlán,Tijuana,2025-08-10 03:00:00,2,2,4,8,1,9,1,3,0,0,4,4,10,4,14,8,7,13,56,44,,,1,3,2.8,3.35,2.31,1.25,1.85,3.1,1.68,2.1,1.42,1.72,2.65,2.0,1.33,2.74,3.0,1.44,4,0,1,2,1,3,1,-1,1,50,0,-1,2,1,6,0,2,1,6,3,0,1,1,2,1,3,1,41,27,118,64,1.47,0.98,2.45,1,1,1,1,0,0,1,1,0,0,0,0,0,0,1,17,18,1,12,6,1,4,10,33,50,17,50,0.67,1.5,1.33,1.33,1.33,1.33,67,50,0.55,1.17,1.72,21,True,True,True,True,False,False,True,3.31,2.37,3.23,2.81,1.46,1.27,1.91,3.13,1.72,2.08,1.68,2.26,1.37,3.21,,
Mexico_Liga_MX_2025-2026,2025/2026,4,Atlas,Pachuca,2025-08-10 03:05:00,0,3,3,6,4,10,2,4,0,0,4,6,10,8,14,14,11,14,53,47,Estadio Jalisco,"Calle 7 Colinas No. 1772, Colonia Independencia, Guadalajara",2,4,3.45,3.6,2.01,1.2,1.74,2.71,1.62,2.2,1.3,1.5,2.97,2.1,1.34,2.55,3.23,1.54,3,0,3,0,0,0,3,1417,1,67,0,-1,2,1,3,2,3,2,5,5,0,0,2,4,0,6,1,67,63,97,86,1.65,1.75,3.4,0,0,0,0,0,0,1,1,0,1,0,1,0,0,1,5,17,1,14,11,1,8,10,84,84,67,67,1.24,1.3,1.33,3.0,1.33,3.0,17,17,0.93,1.3,2.23,21,True,True,True,False,False,False,False,3.57,2.09,3.62,2.61,1.53,1.24,1.78,2.90,1.66,2.18,1.63,2.35,1.34,3.23,,
Mexico_Liga_MX_2025-2026,2025/2026,4,Pumas UNAM,Necaxa,2025-08-11 00:00:00,1,1,2,7,4,11,3,2,0,0,5,5,16,7,21,12,9,12,66,34,Estadio Olímpico de Universitario,"Calle Escobar, Colonia Ciudad Universitaria, Coyoacán, D.F.",3,2,1.88,3.55,3.5,1.25,1.83,3.05,1.75,2.13,1.47,1.72,2.65,2.0,1.33,2.65,3.0,1.42,2,0,0,1,1,2,0,-1,1,67,0,-1,2,1,5,1,2,3,6,5,1,0,2,2,1,4,1,70,23,102,72,2.17,1.28,3.45,0,0,0,0,0,0,1,1,0,0,0,0,0,0,1,23,17,1,12,9,1,7,17,67,100,67,100,1.32,0.95,1.0,1.33,1.0,1.33,33,0,1.05,1.36,2.41,21,True,True,False,False,False,False,True,3.65,4.09,1.93,2.81,1.46,1.28,1.91,3.13,1.89,1.92,1.76,2.13,1.37,3.20,1.51,2.43
Mexico_Liga_MX_2025-2026,2025/2026,4,Santos Laguna,Guadalajara,2025-08-11 02:05:00,1,0,1,2,11,13,3,2,1,0,2,3,1,14,3,17,13,20,33,67,Estadio Nuevo Corona,"Territorio Santos Modelo, Torreón",4,2,4.6,3.7,1.65,1.24,1.7,2.45,1.67,2.1,1.42,1.66,3.02,2.22,1.3,2.35,3.2,1.52,1,1,0,0,0,0,1,1426,1,42,0,-1,2,1,2,6,0,5,8,5,0,0,4,2,0,6,1,25,68,71,118,0.52,1.78,2.3,1,0,1,0,0,0,1,1,0,0,0,2,0,0,1,24,19,1,19,12,1,11,1,59,59,42,59,1.0,1.83,1.0,1.5,1.0,1.5,42,42,0.91,1.75,2.66,21,True,False,False,False,False,False,False,4.06,1.69,5.05,2.55,1.55,1.22,1.71,2.70,1.71,2.10,1.70,2.22,,,,
Mexico_Liga_MX_2025-2026,2025/2026,4,León,Monterrey,2025-08-12 01:00:00,1,3,4,7,6,13,2,2,0,0,3,8,14,8,17,16,17,11,52,48,,,2,2,3.1,3.4,1.99,1.24,1.88,3.15,1.62,2.36,1.37,2.1,2.54,1.91,1.32,2.6,3.1,1.45,4,0,2,1,1,2,2,1430,1,33,0,-1,2,1,4,3,3,3,7,6,1,0,1,2,1,3,1,5,6,3,4,1.3,1.6,2.9,0,0,0,0,0,0,1,1,0,0,0,0,0,0,1,24,18,1,11,17,1,10,12,50,50,17,34,0.81,1.76,1.0,2.0,1.0,2.0,50,50,0.99,1.88,2.87,21,True,True,True,True,False,False,True,3.64,2.17,3.35,2.64,1.52,1.23,1.77,2.87,1.78,2.01,1.62,2.36,1.34,3.38,1.47,2.58
Mexico_Liga_MX_2025-2026,2025/2026,4,Juárez,Toluca,2025-08-12 03:00:00,0,2,2,9,2,11,4,3,0,0,0,3,5,4,5,7,10,18,61,39,Estadio Olímpico Benito Juárez,"Avenida Heroico Colegio Militar, Ciudad Juárez",4,3,3.45,3.55,1.97,1.16,1.67,2.55,1.6,2.21,1.79,1.91,1.96,1.8,1.3,2.45,3.2,1.47,2,0,1,0,1,1,1,1424,1,84,0,-1,2,1,4,2,5,0,6,5,0,1,4,2,1,6,1,50,19,135,75,0.7,0.8,1.5,0,0,0,0,0,0,1,1,0,0,1,0,0,0,1,35,23,1,18,10,1,2,13,50,84,50,67,1.24,2.04,0.67,2.0,0.67,2.0,50,17,1.13,1.97,3.1,25,True,True,False,False,False,False,False,3.65,2.07,3.60,2.54,1.55,1.23,1.74,2.81,2.40,1.53,1.58,2.45,1.34,3.38,1.85,1.96
Mexico_Liga_MX_2025-2026,2025/2026,4,Atlético San Luis,Cruz Azul,2025-08-12 03:05:00,1,2,3,3,2,5,1,3,1,1,2,5,2,6,4,11,23,12,38,62,Estadio Alfonso Lastras Ramírez,", ",3,4,4.1,3.9,1.72,1.22,1.61,2.69,1.63,2.17,1.46,1.76,2.72,2.04,1.27,2.3,3.4,1.55,3,0,0,1,2,3,0,1432,1,50,0,-1,2,1,2,2,1,0,4,1,1,2,1,2,3,3,1,36,57,64,93,0.66,1.46,2.12,0,1,0,1,0,0,1,1,0,0,1,1,1,1,1,21,16,1,12,22,1,11,4,50,50,33,50,0.95,2.0,1.0,1.67,1.0,1.67,50,50,1.52,2.46,3.98,21,True,True,True,False,False,False,True,3.97,1.79,4.42,2.49,1.57,1.22,1.70,2.69,,,1.64,2.33,,,,
Mexico_Liga_MX_2025-2026,2025/2026,5,Puebla,Atlético San Luis,2025-08-16 01:00:00,0,2,2,8,6,14,2,2,0,0,5,7,15,4,20,11,11,12,57,43,Estadio Cuauhtémoc,"Calle Calzada Ignacio Zaragoza, Colonia Unidad Deportiva Puebla, Puebla",2,2,2.25,3.45,2.9,1.22,1.78,3.0,1.68,2.05,1.39,1.95,2.55,2.06,1.35,2.55,3.16,1.42,2,0,1,0,1,1,1,1449,1,50,0,-1,2,1,2,2,6,4,4,10,1,1,1,1,2,2,1,69,31,116,63,2.11,1.41,3.52,0,1,0,1,0,0,1,1,0,0,1,0,0,0,1,26,25,1,12,10,1,8,17,63,63,50,63,0.76,0.95,0.75,0.75,0.75,0.75,38,38,1.44,1.23,2.67,21,True,True,False,False,False,False,False,3.54,2.95,2.43,2.81,1.46,1.28,1.91,3.19,1.74,2.06,1.68,2.25,1.37,3.21,,
Mexico_Liga_MX_2025-2026,2025/2026,5,Necaxa,León,2025-08-16 03:05:00,0,1,1,6,5,11,4,3,0,0,6,1,15,16,21,17,12,14,54,46,Estadio Victoria de Aguascalientes,"Avenida Manuel Madrigal 101, Colonia Héroes, Aguascalientes",4,3,1.83,3.93,3.94,1.18,1.62,2.5,1.52,2.25,1.48,1.72,2.69,2.0,1.3,2.3,3.2,1.55,1,0,1,0,0,0,1,1434,1,75,0,-1,-1,1,-1,-1,-1,-1,-1,-1,1,1,3,2,2,5,1,47,41,107,80,2.08,1.44,3.52,0,0,0,0,0,0,1,1,0,0,-1,-1,0,0,1,29,18,1,14,11,1,10,15,50,75,50,50,0.95,0.81,1.25,0.75,1.25,0.75,50,25,1.33,1.07,2.4,21,True,False,False,False,False,False,False,3.89,4.03,1.88,,,1.20,1.67,2.62,1.88,1.92,1.63,2.35,,,1.48,2.53
Mexico_Liga_MX_2025-2026,2025/2026,5,Guadalajara,Juárez,2025-08-16 23:07:00,1,2,3,6,1,7,2,3,0,0,5,3,6,3,11,6,8,13,68,32,Estadio AKRON,"Avenida Circuito JVC Número 2800, Centro JVC, Zapopan",2,3,1.7,3.73,4.6,1.29,1.85,3.25,1.83,1.85,1.45,1.72,2.55,2.0,1.33,2.6,3.0,1.42,3,0,1,1,1,2,1,1444,1,42,0,-1,2,1,4,0,2,1,4,3,0,2,2,1,2,3,1,52,22,83,51,1.42,0.75,2.17,0,1,0,1,0,0,1,1,0,0,2,0,0,0,1,7,7,1,13,7,1,5,16,17,54,17,59,1.83,1.24,1.0,0.5,1.0,0.5,84,46,1.76,1.02,2.78,23,True,True,True,False,False,False,True,3.78,5.03,1.75,,,1.30,1.95,3.29,1.74,2.06,1.90,1.95,,,,
Mexico_Liga_MX_2025-2026,2025/2026,5,Cruz Azul,Santos Laguna,2025-08-17 01:00:00,3,2,5,12,4,16,1,0,0,1,10,2,23,1,33,3,17,2,64,36,Estadio Azteca,"Calzada de Tlalpan 3665, Coyoacán, D.F.",1,2,1.1,7.0,11.0,1.08,1.32,1.85,1.9,1.93,1.42,1.7,2.62,2.05,1.18,2.0,4.33,1.7,5,2,1,1,1,2,3,1432,1,50,0,-1,2,1,3,0,9,4,3,13,0,1,1,0,1,1,1,121,41,135,79,3.63,0.64,4.27,0,0,0,0,0,0,1,1,0,0,1,0,0,0,1,19,17,1,2,17,1,4,17,63,63,25,50,2.0,1.0,2.0,1.5,2.0,1.5,38,38,2.21,0.82,3.03,21,True,True,True,True,True,False,True,7.06,11.48,1.23,2.04,1.83,1.12,1.38,1.97,1.62,2.22,1.90,1.93,,,,
Mexico_Liga_MX_2025-2026,2025/2026,5,Tigres UANL,América,2025-08-17 01:00:00,1,3,4,7,4,11,3,3,0,0,6,3,11,8,17,11,17,14,59,41,Estadio Universitario de Nuevo León,"Calle del Doctor Pedro de Alba, Colonia Ciudad Universitaria, San Nicolás de los Garza",3,3,2.1,3.3,3.3,1.28,1.95,3.1,1.72,1.99,1.55,2.0,2.3,1.85,1.37,2.8,3.0,1.41,4,1,1,0,2,2,2,1420,1,54,0,-1,2,1,1,3,6,1,4,7,2,1,1,2,3,3,1,87,63,96,88,2.11,1.36,3.47,0,0,0,0,0,0,1,1,1,0,1,0,0,0,1,19,14,1,14,17,1,5,8,46,71,46,84,1.89,1.83,3.0,2.0,3.0,2.0,54,29,1.74,1.67,3.41,23,True,True,True,True,False,False,True,3.39,3.71,2.13,2.78,1.47,1.28,1.93,3.19,2.04,1.76,1.72,2.18,1.38,3.16,1.64,2.22
Mexico_Liga_MX_2025-2026,2025/2026,5,Pachuca,Tijuana,2025-08-17 01:00:00,0,2,2,11,1,12,4,5,0,1,4,2,19,3,23,5,9,13,69,31,Estadio Hidalgo,"Boulevard Felipe Angeles, Pachuca de Soto",4,7,1.36,5.2,7.22,1.09,1.42,2.16,1.6,2.2,1.33,1.6,2.83,2.14,1.22,2.0,3.8,1.68,2,0,2,0,0,0,2,1418,1,50,0,-1,2,1,0,1,9,0,1,9,3,2,1,4,5,5,1,70,22,114,56,2.23,0.62,2.85,0,0,0,0,0,0,1,1,0,0,0,0,0,0,1,30,17,1,13,9,1,7,20,63,75,25,63,1.3,1.5,3.0,1.25,3.0,1.25,38,25,1.42,1.12,2.54,23,True,True,False,False,False,False,False,4.95,8.38,1.40,2.24,1.68,1.16,1.50,2.22,1.63,2.23,1.72,2.19,,,,
Mexico_Liga_MX_2025-2026,2025/2026,5,Toluca,Pumas UNAM,2025-08-17 03:10:00,1,1,2,5,1,6,2,5,0,0,4,3,19,3,23,6,10,17,71,29,Estadio Nemesio Díez,"Avenida Constituyentes Poniente No. 1000, Colonia La Merced, Toluca de Lerdo",2,5,1.65,3.7,4.35,1.25,1.88,3.13,1.73,1.95,1.61,2.01,2.17,1.62,1.33,2.65,3.1,1.45,2,0,1,1,0,1,1,-1,1,63,0,-1,2,1,3,1,2,0,4,2,2,3,0,2,5,2,1,66,28,135,59,2.21,0.8,3.0,0,0,0,0,0,0,1,1,0,0,1,0,0,0,1,15,15,1,17,10,1,11,25,63,100,50,88,2.04,1.32,2.25,1.0,2.25,1.0,38,0,1.68,1.33,3.01,22,True,True,False,False,False,False,True,3.88,4.95,1.74,2.80,1.46,1.27,1.88,3.13,1.99,1.82,1.81,2.06,1.37,3.24,1.60,2.27
Mexico_Liga_MX_2025-2026,2025/2026,5,Querétaro,Atlas,2025-08-17 22:00:00,3,3,6,1,3,4,6,1,0,0,4,5,7,9,11,14,18,12,53,47,Estadio La Corregidora,"Avenida Luis Vega Monroy 409-4, Santiago de Querétaro",6,1,2.95,3.3,2.25,1.35,2.0,3.56,1.75,2.07,1.39,1.71,2.8,2.15,1.4,2.93,2.65,1.38,6,0,1,3,2,5,1,-1,1,50,0,-1,2,1,1,1,0,2,2,2,3,1,3,0,4,3,1,34,23,93,62,1.23,1.4,2.63,1,0,1,0,0,0,1,1,0,1,0,1,0,0,1,20,15,1,11,18,1,8,10,63,75,63,100,1.05,1.24,0.0,1.0,0.0,1.0,38,25,0.73,1.11,1.84,21,True,True,True,True,True,True,True,3.26,2.44,3.16,3.07,1.40,1.34,2.10,3.66,1.67,2.15,1.80,2.07,1.42,2.97,,
Mexico_Liga_MX_2025-2026,2025/2026,5,Monterrey,Mazatlán,2025-08-18 00:00:00,3,2,5,4,4,8,4,1,0,0,6,5,10,6,16,11,13,10,58,42,Estadio BBVA Bancomer,"Avenida Pablo Livas 2011, Colonia La Pastora, Guadalupe",4,1,1.23,4.8,8.75,1.19,1.62,2.7,1.96,1.85,1.44,1.68,2.5,2.0,1.28,2.3,3.3,1.55,5,3,1,0,1,1,4,1430,1,50,0,-1,2,1,2,1,2,3,3,5,0,0,4,1,0,5,1,43,45,77,66,1.74,1.37,3.1,0,0,0,0,0,0,1,1,0,0,1,0,0,0,1,17,15,1,10,13,1,5,9,63,63,38,63,1.76,0.67,2.25,1.25,2.25,1.25,38,38,1.78,0.86,2.64,21,True,True,True,True,True,False,True,5.54,9.42,1.33,2.34,1.63,1.19,1.61,2.55,,,1.96,1.88,,,,
Mexico_Liga_MX_2025-2026,2025/2026,6,Querétaro,Atlético San Luis,2025-08-23 01:00:00,3,2,5,3,6,9,4,2,0,1,6,6,2,9,8,15,11,12,38,62,Estadio La Corregidora,"Avenida Luis Vega Monroy 409-4, Santiago de Querétaro",4,4,2.9,3.2,2.33,1.25,1.94,3.2,1.75,2.0,1.42,1.68,2.8,2.05,1.38,2.73,2.8,1.4,5,1,1,2,1,3,2,1427,1,40,0,-1,2,1,1,5,2,1,6,3,1,0,3,3,1,6,1,25,38,47,118,1.11,1.65,2.76,1,1,1,1,0,0,1,1,0,1,0,1,0,0,1,22,15,1,11,10,1,12,5,40,60,20,80,1.05,0.95,0.2,1.2,0.2,1.2,60,40,0.86,1.27,2.13,21,True,True,True,True,True,False,True,3.44,2.17,3.53,2.90,1.44,1.30,1.98,3.33,1.72,2.06,1.75,2.11,1.39,3.12,,
Mexico_Liga_MX_2025-2026,2025/2026,6,Juárez,Santos Laguna,2025-08-23 01:00:00,2,1,3,6,4,10,4,1,0,0,3,3,14,6,17,9,11,12,58,42,Estadio Olímpico Benito Juárez,"Avenida Heroico Colegio Militar, Ciudad Juárez",4,1,1.65,3.75,4.9,1.23,1.86,3.0,1.75,1.96,1.38,1.7,2.6,1.98,1.3,2.6,3.2,1.5,3,0,1,2,0,2,1,1444,1,50,0,-1,2,1,4,1,1,3,5,4,1,0,3,1,1,4,1,63,21,115,75,1.74,0.94,2.68,0,0,0,0,0,0,1,1,0,0,0,0,0,0,1,36,9,1,12,11,1,8,18,40,70,20,70,1.24,1.0,1.0,1.2,1.0,1.2,60,30,0.97,0.78,1.75,21,True,True,True,False,False,False,True,4.11,5.37,1.64,2.60,1.53,1.23,1.74,2.77,,,1.74,2.12,1.34,3.38,,
Mexico_Liga_MX_2025-2026,2025/2026,6,Tijuana,Guadalajara,2025-08-23 03:00:00,3,3,6,2,9,11,4,3,0,0,6,6,8,16,14,22,10,15,34,66,Estadio Caliente,"Boulevard Agua Caliente 12027, Colonia Hipódromo, Tijuana",4,3,3.0,3.3,2.05,1.2,1.72,2.6,1.57,2.2,1.32,1.56,2.8,2.18,1.3,2.5,3.22,1.5,6,1,0,2,3,5,1,-1,1,55,0,-1,2,1,0,3,1,5,3,6,0,2,4,1,2,5,1,19,63,58,125,1.44,2.26,3.7,0,0,0,0,0,0,1,1,1,0,0,1,0,0,1,13,29,1,14,10,1,14,7,45,65,23,78,1.5,1.83,1.6,0.75,1.6,0.75,55,35,1.02,1.67,2.69,23,True,True,True,True,True,True,True,3.61,2.18,3.35,2.58,1.54,1.23,1.75,2.79,1.68,2.15,1.57,2.44,1.33,3.34,,
Mexico_Liga_MX_2025-2026,2025/2026,6,León,Pachuca,2025-08-23 23:00:00,1,1,2,2,5,7,4,1,1,0,4,7,4,18,8,25,14,12,38,62,,,5,1,3.44,3.3,2.16,1.25,1.75,2.75,1.65,2.1,1.5,2.1,2.7,1.73,1.33,2.5,3.0,1.47,2,1,1,0,0,0,2,-1,1,30,0,-1,2,1,1,1,1,4,2,5,2,1,3,0,3,3,1,41,62,56,92,1.08,2.5,3.58,1,1,1,1,0,0,1,1,0,0,0,0,1,0,1,11,10,1,11,13,1,11,9,50,60,40,50,0.81,1.3,1.2,2.4,1.2,2.4,50,40,1.14,1.58,2.72,21,True,True,False,False,False,False,True,3.61,2.12,3.49,2.53,1.55,1.21,1.71,2.68,1.96,1.85,1.57,2.43,1.34,3.38,1.52,2.40
Mexico_Liga_MX_2025-2026,2025/2026,6,Mazatlán,Tigres UANL,2025-08-24 01:00:00,2,2,4,2,15,17,3,2,1,0,2,9,4,23,6,32,6,9,22,78,,,5,2,3.9,3.5,1.71,1.3,1.89,3.1,1.75,1.95,1.57,1.91,2.25,1.8,1.37,2.62,2.85,1.42,4,1,1,1,1,2,2,-1,1,55,0,-1,2,1,0,5,2,10,5,12,3,2,1,0,5,1,1,20,98,50,113,0.67,3.33,4.0,0,0,0,0,0,0,1,1,0,0,0,1,1,0,1,11,24,1,9,6,1,16,2,68,68,58,68,0.67,1.89,1.0,2.25,1.0,2.25,33,33,0.99,1.84,2.83,21,True,True,True,True,False,False,True,3.67,1.92,4.12,,,1.30,1.94,3.31,1.91,1.91,1.79,2.06,,,1.51,2.45
Mexico_Liga_MX_2025-2026,2025/2026,6,Monterrey,Necaxa,2025-08-24 01:00:00,3,0,3,3,3,6,1,4,0,0,3,5,5,6,8,11,10,13,55,45,Estadio BBVA Bancomer,"Avenida Pablo Livas 2011, Colonia La Pastora, Guadalupe",1,4,1.56,4.77,5.68,1.13,1.5,2.21,1.62,2.2,1.4,1.73,2.7,2.1,1.27,2.28,3.4,1.58,3,2,0,1,0,1,2,1430,1,70,0,-1,2,1,2,3,1,0,5,1,0,1,1,3,1,4,1,39,40,88,86,1.01,1.34,2.34,1,0,1,0,0,0,1,1,0,0,0,1,0,0,1,15,25,1,12,10,1,6,8,60,80,60,80,1.76,0.95,2.4,1.0,2.4,1.0,40,20,1.77,1.52,3.29,21,True,True,True,False,False,False,False,4.81,6.19,1.50,2.22,1.70,1.16,1.50,2.27,1.61,2.25,1.62,2.32,,,,
Mexico_Liga_MX_2025-2026,2025/2026,6,Cruz Azul,Toluca,2025-08-24 03:05:00,1,0,1,7,4,11,3,3,0,0,7,1,16,7,23,8,16,14,55,45,Estadio Azteca,"Calzada de Tlalpan 3665, Coyoacán, D.F.",3,3,2.15,3.8,3.23,1.18,1.57,2.4,1.49,2.45,1.49,1.78,2.4,1.8,1.28,2.28,3.3,1.62,1,0,0,1,0,1,0,1432,1,80,0,-1,2,1,3,1,4,3,4,7,0,0,3,3,0,6,1,68,55,88,88,2.42,0.98,3.4,0,0,0,0,0,0,1,1,0,0,0,0,0,0,1,19,36,1,14,16,1,7,18,70,90,50,70,2.0,2.04,2.2,2.0,2.2,2.0,30,10,2.49,1.78,4.27,25,True,False,False,False,False,False,False,3.68,3.24,2.20,2.33,1.64,1.19,1.64,2.53,1.84,1.97,1.53,2.52,,,1.48,2.51
Mexico_Liga_MX_2025-2026,2025/2026,6,Pumas UNAM,Puebla,2025-08-24 23:00:00,0,0,0,4,4,8,2,3,0,0,1,3,13,4,14,7,17,18,59,41,Estadio Olímpico de Universitario,"Calle Escobar, Colonia Ciudad Universitaria, Coyoacán, D.F.",2,3,1.46,3.75,5.5,1.29,1.83,3.2,1.95,1.8,1.48,1.91,2.3,1.8,1.36,2.65,2.9,1.41,0,0,0,0,0,0,0,-1,1,50,0,-1,2,1,1,1,3,3,2,6,2,1,0,2,3,2,1,76,36,110,71,1.5,0.92,2.42,0,0,0,0,0,0,1,1,0,0,1,0,0,0,1,11,3,1,18,17,1,9,16,50,90,40,80,1.32,0.76,1.0,0.6,1.0,0.6,50,10,1.22,1.61,2.83,21,False,False,False,False,False,False,False,3.85,5.46,1.68,,,1.31,2.00,3.43,1.92,1.88,1.95,1.89,,,1.53,2.39
Mexico_Liga_MX_2025-2026,2025/2026,6,Atlas,América,2025-08-25 01:05:00,2,4,6,3,3,6,2,4,1,0,5,5,5,8,10,13,17,18,30,70,Estadio Jalisco,"Calle 7 Colinas No. 1772, Colonia Independencia, Guadalajara",3,4,4.25,3.75,1.76,1.24,1.8,2.8,1.7,2.02,1.42,1.69,2.49,2.04,1.34,2.5,3.0,1.48,6,1,1,1,3,4,2,1420,1,80,0,-1,2,1,1,1,2,2,2,4,1,2,2,2,3,4,1,16,56,44,103,1.1,1.58,2.67,0,1,0,1,0,0,1,1,0,0,0,0,0,0,1,19,14,1,18,15,1,11,4,70,90,60,100,1.24,1.83,1.0,2.2,1.0,2.2,30,10,1.16,1.61,2.77,21,True,True,True,True,True,True,True,4.10,1.64,5.46,,,1.24,1.77,2.88,1.85,1.96,1.75,2.10,,,1.50,2.49
Mexico_Liga_MX_2025-2026,2025/2026,7,Juárez,Mazatlán,2025-08-30 01:00:00,1,0,1,4,2,6,3,4,0,0,4,2,12,4,16,6,18,10,43,57,Estadio Olímpico Benito Juárez,"Avenida Heroico Colegio Militar, Ciudad Juárez",3,4,1.9,3.74,4.87,1.26,2.01,3.28,1.92,1.86,1.53,2.3,2.32,1.79,1.36,2.77,2.98,1.36,1,1,0,0,0,0,1,1444,1,67,0,-1,2,1,3,2,1,0,5,1,2,3,1,1,5,2,1,51,32,95,86,1.66,0.76,2.42,1,0,1,0,0,0,1,1,1,0,0,0,0,0,1,21,31,1,9,18,1,11,15,50,75,25,67,1.24,0.67,1.33,1.0,1.33,1.0,50,25,1.1,0.92,2.02,21,True,False,False,False,False,False,False,3.85,5.81,1.65,,,1.31,2.00,3.44,2.02,1.79,1.98,1.86,,,1.60,2.26
Mexico_Liga_MX_2025-2026,2025/2026,7,Atlético San Luis,Toluca,2025-08-30 01:00:00,1,3,4,1,8,9,5,2,0,0,3,8,5,9,8,17,11,16,53,47,Estadio Alfonso Lastras Ramírez,", ",5,2,5.3,4.45,1.58,1.14,1.55,2.35,1.57,2.35,1.52,1.89,2.54,1.91,1.26,2.3,3.95,1.5,4,0,2,1,1,2,2,1424,1,59,0,-1,2,1,1,6,0,2,7,2,4,1,1,1,5,2,1,30,32,75,72,0.94,1.86,2.8,0,0,0,0,0,0,1,1,0,0,0,2,0,0,1,20,17,1,16,11,1,7,6,50,75,42,75,0.95,2.04,1.0,1.67,1.0,1.67,50,25,1.35,1.65,3.0,21,True,True,True,True,False,False,True,4.66,1.56,5.48,,,1.17,1.54,2.34,1.81,2.00,1.61,2.35,,,1.47,2.57
Mexico_Liga_MX_2025-2026,2025/2026,7,Puebla,Monterrey,2025-08-30 03:05:00,2,4,6,1,7,8,2,3,0,0,4,9,3,8,7,17,10,11,37,63,Estadio Cuauhtémoc,"Calle Calzada Ignacio Zaragoza, Colonia Unidad Deportiva Puebla, Puebla",2,3,3.7,3.55,1.95,1.22,1.83,3.08,1.71,2.17,1.38,2.14,2.55,1.9,1.32,2.5,3.1,1.48,6,1,2,1,2,3,3,1430,1,42,0,-1,2,1,0,5,1,2,5,3,1,1,1,2,2,3,1,27,45,78,122,0.93,2.04,2.96,0,2,0,2,0,0,1,1,0,0,0,3,0,0,1,22,16,1,11,8,1,5,4,67,75,59,75,0.76,1.76,0.67,2.5,0.67,2.5,34,25,1.47,1.62,3.09,21,True,True,True,True,True,True,True,3.60,1.95,4.10,2.77,1.47,1.27,1.87,3.12,1.92,1.90,1.71,2.17,1.36,3.26,1.56,2.35
Mexico_Liga_MX_2025-2026,2025/2026,7,León,Querétaro,2025-08-30 23:00:00,3,0,3,4,7,11,3,3,0,2,5,4,9,3,14,7,14,8,70,30,,,3,7,1.58,3.9,5.4,1.27,1.85,3.08,1.89,1.95,1.32,1.55,2.95,1.91,1.33,2.55,3.0,1.46,3,1,0,2,0,2,1,1434,1,50,0,-1,2,1,1,5,3,2,6,5,0,3,3,2,3,5,1,44,25,141,53,1.57,0.9,2.47,0,0,0,0,0,0,1,1,0,0,0,0,0,1,1,14,7,1,8,14,1,3,9,42,59,33,75,0.81,1.05,1.17,0.67,1.17,0.67,59,42,1.13,0.91,2.04,21,True,True,True,False,False,False,False,4.10,5.86,1.61,,,1.27,1.85,3.10,1.75,2.03,1.89,1.95,,,,
Mexico_Liga_MX_2025-2026,2025/2026,7,Santos Laguna,Tigres UANL,2025-08-31 01:00:00,0,1,1,3,5,8,3,4,1,0,1,9,11,14,12,23,15,13,38,62,Estadio Nuevo Corona,"Territorio Santos Modelo, Torreón",5,4,6.3,4.1,1.44,1.18,1.58,2.43,1.72,2.05,1.41,1.54,2.95,2.17,1.26,2.2,3.4,1.6,1,0,0,0,1,1,0,1423,1,55,0,-1,2,1,2,4,1,1,6,2,2,0,2,4,2,6,1,41,62,61,79,1.12,2.51,3.63,0,0,0,0,0,0,1,1,0,0,1,0,0,0,1,21,17,1,13,14,1,8,7,74,74,57,82,1.0,1.89,1.0,2.0,1.0,2.0,27,27,0.81,2.14,2.95,21,True,False,False,False,False,False,False,4.82,1.46,6.74,2.26,1.68,1.18,1.58,2.43,1.66,2.16,1.72,2.15,,,,
Mexico_Liga_MX_2025-2026,2025/2026,7,Guadalajara,Cruz Azul,2025-08-31 01:07:00,1,2,3,7,1,8,5,1,0,0,5,7,14,5,19,12,17,10,62,38,Estadio AKRON,"Avenida Circuito JVC Número 2800, Centro JVC, Zapopan",5,1,2.75,3.4,2.33,1.3,1.79,3.46,1.72,2.12,1.55,1.97,2.57,2.02,1.4,2.65,2.75,1.48,3,1,2,0,0,0,3,1432,1,64,0,-1,2,1,1,0,6,1,1,7,1,0,4,1,1,5,1,53,19,130,80,1.94,1.39,3.33,0,0,0,0,0,0,1,1,0,1,0,0,1,0,1,26,25,1,10,17,1,5,14,64,64,27,57,1.83,2.0,0.8,2.33,0.8,2.33,37,37,1.79,2.48,4.27,23,True,True,True,False,False,False,True,3.28,2.44,3.14,2.97,1.42,1.31,2.01,3.44,1.79,2.02,1.72,2.16,1.40,3.06,1.44,2.64
Mexico_Liga_MX_2025-2026,2025/2026,7,América,Pachuca,2025-08-31 03:05:00,2,0,2,8,2,10,1,2,0,0,6,4,10,2,16,6,14,15,45,55,Estadio Azteca,"Calzada de Tlalpan 3665, Coyoacán, D.F.",1,2,1.95,3.5,3.5,1.24,1.84,2.9,1.62,2.15,1.44,1.85,2.51,1.93,1.33,2.4,3.3,1.43,2,1,0,1,0,1,1,1420,1,58,0,-1,2,1,7,2,1,0,9,1,0,1,1,1,1,2,1,56,69,75,118,1.83,1.17,3.0,0,0,0,0,0,0,1,1,0,0,1,0,0,0,1,15,23,1,15,14,1,8,10,50,83,59,84,1.83,1.3,2.33,2.17,2.33,2.17,50,17,1.6,1.73,3.33,23,True,True,False,False,False,False,False,3.68,3.71,2.03,2.67,1.50,1.25,1.80,2.94,1.82,1.99,1.67,2.24,1.34,3.37,1.48,2.54
Mexico_Liga_MX_2025-2026,2025/2026,7,Pumas UNAM,Atlas,2025-08-31 22:00:00,1,0,1,8,1,9,2,5,0,0,6,1,13,5,19,6,7,8,69,31,Estadio Olímpico de Universitario,"Calle Escobar, Colonia Ciudad Universitaria, Coyoacán, D.F.",2,5,1.62,3.95,4.95,1.3,2.02,3.46,1.91,1.8,1.55,1.96,2.46,1.83,1.35,2.7,3.0,1.4,1,0,0,1,0,1,0,1422,1,67,0,-1,2,1,5,0,3,1,5,4,1,2,1,3,3,4,1,53,17,108,41,2.0,0.57,2.57,0,0,0,0,0,0,1,1,0,0,1,0,0,0,1,19,19,1,8,7,1,7,18,67,92,50,84,1.32,1.24,1.0,0.83,1.0,0.83,34,9,1.27,1.15,2.42,21,True,False,False,False,False,False,False,4.05,5.74,1.62,2.90,1.44,1.30,1.97,3.36,2.14,1.69,1.96,1.88,1.39,3.13,1.67,2.17
Mexico_Liga_MX_2025-2026,2025/2026,7,Tijuana,Necaxa,2025-09-01 03:00:00,3,0,3,4,3,7,1,2,0,2,4,3,12,5,16,8,16,14,64,36,Estadio Caliente,"Boulevard Agua Caliente 12027, Colonia Hipódromo, Tijuana",1,5,2.28,3.55,2.8,1.1,1.55,2.37,1.47,2.5,1.28,1.88,3.15,2.15,1.24,2.1,3.8,1.62,3,1,0,2,0,2,1,1418,1,67,0,-1,2,1,3,3,1,0,6,1,0,1,1,3,1,4,1,36,24,101,78,1.55,0.9,2.45,1,0,1,0,0,0,1,1,0,0,1,2,0,0,1,20,18,1,13,16,1,5,11,50,83,42,83,1.5,0.95,1.5,0.83,1.5,0.83,50,17,1.09,1.48,2.57,21,True,True,True,False,False,False,False,3.71,3.04,2.30,,,1.16,1.56,2.37,,,1.46,2.75,,,,
Mexico_Liga_MX_2025-2026,2025/2026,8,Necaxa,Juárez,2025-09-13 01:00:00,1,1,2,4,2,6,3,2,0,0,4,3,12,7,16,10,12,12,62,38,Estadio Victoria de Aguascalientes,"Avenida Manuel Madrigal 101, Colonia Héroes, Aguascalientes",3,2,2.1,3.2,3.5,1.25,2.03,3.2,1.79,2.16,1.54,1.83,2.5,1.92,1.41,2.5,2.8,1.48,2,0,1,1,0,1,1,-1,1,57,0,-1,2,1,1,1,3,1,2,4,1,1,2,1,2,3,1,53,24,113,80,1.68,1.02,2.7,0,0,0,0,0,0,1,1,0,1,0,0,0,0,1,26,33,1,12,12,1,9,11,43,79,29,79,0.95,1.24,0.71,1.57,0.71,1.57,57,22,1.38,1.18,2.56,21,True,True,False,False,False,False,True,3.45,3.38,2.23,3.00,1.41,1.32,2.03,3.47,1.92,1.87,1.79,2.05,1.41,3.03,1.53,2.38
Mexico_Liga_MX_2025-2026,2025/2026,8,Mazatlán,Pumas UNAM,2025-09-13 03:00:00,1,4,5,6,1,7,2,5,0,0,4,5,11,9,15,14,10,16,66,34,,,2,5,3.25,3.1,2.2,1.38,2.1,3.6,1.83,1.86,1.51,1.93,2.32,1.81,1.4,3.0,2.69,1.33,5,1,2,0,2,2,3,1422,1,50,0,-1,2,1,3,1,3,0,4,3,1,3,1,2,4,3,1,47,36,124,59,1.58,1.49,3.06,0,2,0,2,0,0,1,1,0,0,0,0,1,0,1,19,17,1,15,8,1,5,13,43,64,29,64,0.67,1.32,0.86,1.29,0.86,1.29,57,36,0.9,1.37,2.27,21,True,True,True,True,True,False,True,3.33,2.25,3.47,3.22,1.37,1.35,2.15,3.88,1.96,1.83,1.86,1.98,1.45,2.85,1.57,2.29
Mexico_Liga_MX_2025-2026,2025/2026,8,Pachuca,Cruz Azul,2025-09-13 23:00:00,0,1,1,4,5,9,3,1,2,1,7,1,5,5,12,6,11,11,51,49,Estadio Hidalgo,"Boulevard Felipe Angeles, Pachuca de Soto",6,3,2.75,3.25,2.51,1.21,1.79,2.8,1.6,2.2,1.33,1.85,2.83,2.14,1.33,2.6,3.0,1.47,1,0,0,0,1,1,0,1432,1,50,0,-1,2,1,4,2,0,3,6,3,1,2,4,0,3,4,1,35,26,95,59,1.51,0.64,2.15,0,1,0,1,0,0,1,1,0,0,0,1,0,0,1,11,13,1,11,10,1,10,14,57,79,50,57,1.3,2.0,1.86,2.43,1.86,2.43,43,22,1.65,2.33,3.98,23,True,False,False,False,False,False,False,3.54,2.55,2.79,2.65,1.51,1.24,1.78,2.90,1.70,2.12,1.60,2.37,1.34,3.36,,
Mexico_Liga_MX_2025-2026,2025/2026,8,Tigres UANL,León,2025-09-14 01:00:00,0,0,0,6,2,8,0,4,1,0,2,6,17,10,19,16,10,14,46,54,Estadio Universitario de Nuevo León,"Calle del Doctor Pedro de Alba, Colonia Ciudad Universitaria, San Nicolás de los Garza",2,4,1.46,4.4,5.9,1.16,1.52,2.37,1.62,2.1,1.44,1.94,2.51,2.09,1.25,2.2,3.5,1.68,0,0,0,0,0,0,0,-1,1,47,0,-1,2,1,3,2,3,0,5,3,1,3,0,1,4,1,1,55,42,85,105,1.73,1.74,3.47,0,0,0,0,0,0,1,1,0,0,1,0,0,0,1,20,14,1,14,10,1,6,13,55,62,48,62,1.89,0.81,2.17,1.43,2.17,1.43,45,38,2.2,1.19,3.39,21,False,False,False,False,False,False,False,4.76,6.45,1.48,2.30,1.66,1.17,1.55,2.40,,,1.67,2.24,,,,
Mexico_Liga_MX_2025-2026,2025/2026,8,Atlas,Santos Laguna,2025-09-14 01:00:00,2,2,4,4,11,15,4,5,1,0,3,9,4,16,7,25,18,13,36,64,Estadio Jalisco,"Calle 7 Colinas No. 1772, Colonia Independencia, Guadalajara",6,5,1.83,3.5,4.1,1.18,1.85,2.9,1.67,2.17,1.4,1.55,3.22,2.35,1.3,2.55,3.2,1.5,4,2,1,0,1,1,3,-1,1,57,0,-1,2,1,3,6,1,5,9,6,1,3,4,2,4,6,1,31,54,64,117,0.88,2.59,3.47,0,0,0,0,0,0,1,1,2,1,0,1,0,0,1,13,16,1,13,18,1,11,2,72,72,50,79,1.24,1.0,0.71,0.86,0.71,0.86,29,29,1.07,0.85,1.92,21,True,True,True,True,False,False,True,3.85,4.24,1.85,,,1.25,1.79,2.93,1.67,2.14,1.71,2.17,,,,
Mexico_Liga_MX_2025-2026,2025/2026,8,Toluca,Puebla,2025-09-14 03:00:00,3,1,4,5,5,10,0,1,0,0,5,2,22,6,27,8,13,14,62,38,Estadio Nemesio Díez,"Avenida Constituyentes Poniente No. 1000, Colonia La Merced, Toluca de Lerdo",0,1,1.33,5.0,8.8,1.12,1.48,2.25,1.75,1.95,1.41,1.61,2.6,2.0,1.22,2.13,3.8,1.73,4,1,0,2,1,3,1,1424,1,57,0,-1,2,1,5,3,0,2,8,2,0,0,0,1,0,1,1,52,18,104,67,2.42,0.78,3.2,0,1,0,1,0,0,1,1,0,0,0,1,0,0,1,17,9,1,14,12,1,8,12,57,79,57,79,2.04,0.76,1.86,0.57,1.86,0.57,43,22,1.68,1.38,3.06,21,True,True,True,True,False,False,True,5.63,8.89,1.34,2.17,1.73,1.16,1.50,2.27,1.78,2.00,1.79,2.06,,,,
Mexico_Liga_MX_2025-2026,2025/2026,8,América,Guadalajara,2025-09-14 03:15:00,1,2,3,8,4,12,3,2,0,0,1,2,10,6,11,8,11,9,64,36,Estadio Azteca,"Calzada de Tlalpan 3665, Coyoacán, D.F.",3,2,1.68,3.5,4.2,1.24,1.77,2.9,1.87,2.08,1.33,1.67,2.75,2.05,1.33,2.43,3.0,1.44,3,0,0,1,2,3,0,1431,1,69,0,-1,2,1,4,2,2,1,6,3,0,0,3,2,0,5,1,44,37,104,72,1.09,0.92,2.01,0,0,0,0,0,0,1,1,0,0,0,0,0,0,1,18,17,1,9,11,1,8,13,55,77,38,92,1.83,1.83,2.43,0.67,2.43,0.67,45,24,1.63,1.82,3.45,23,True,True,True,False,False,False,True,3.90,5.09,1.71,,,1.25,1.77,2.88,1.70,2.10,1.76,2.09,,,,
Mexico_Liga_MX_2025-2026,2025/2026,8,Querétaro,Monterrey,2025-09-14 23:00:00,0,1,1,2,4,6,3,4,0,0,1,6,2,9,3,15,20,16,39,61,Estadio La Corregidora,"Avenida Luis Vega Monroy 409-4, Santiago de Querétaro",3,4,4.8,3.7,1.59,1.24,1.78,2.71,1.82,1.87,1.42,1.75,2.57,1.95,1.32,2.5,3.0,1.5,1,0,1,0,0,0,1,1430,1,50,0,-1,2,1,1,0,1,4,1,5,1,1,2,3,2,5,1,19,39,73,108,0.41,1.66,2.07,0,0,0,0,0,0,1,1,0,0,0,0,0,0,1,14,13,1,16,20,1,14,4,72,79,50,93,1.05,1.76,0.57,2.57,0.57,2.57,29,22,0.91,1.69,2.6,21,True,False,False,False,False,False,False,4.01,1.68,5.17,2.65,1.51,1.26,1.83,3.05,1.72,2.07,1.79,2.06,1.34,3.37,,
Mexico_Liga_MX_2025-2026,2025/2026,8,Atlético San Luis,Tijuana,2025-09-15 01:00:00,1,1,2,3,5,8,1,1,0,0,3,6,7,4,10,10,12,16,49,51,Estadio Alfonso Lastras Ramírez,", ",1,1,2.05,3.5,3.04,1.12,1.57,2.37,1.52,2.71,1.44,1.88,2.51,1.92,1.29,2.2,3.4,1.58,2,1,0,0,1,1,1,-1,1,57,0,-1,2,1,1,2,2,3,3,5,1,0,0,1,1,1,1,26,53,64,74,1.03,1.43,2.46,0,0,0,0,0,0,1,1,0,0,0,0,0,0,1,21,27,1,16,12,1,4,9,57,79,29,79,0.95,1.5,0.86,1.71,0.86,1.71,43,22,1.28,1.16,2.44,21,True,True,False,False,False,False,True,3.66,3.30,2.18,2.25,1.68,1.17,1.57,2.37,1.67,2.14,1.46,2.71,,,,
Mexico_Liga_MX_2025-2026,2025/2026,1,Guadalajara,Tigres UANL,2025-09-18 01:07:00,0,0,0,2,9,11,2,3,0,0,2,3,6,9,8,12,9,12,40,60,Estadio AKRON,"Avenida Circuito JVC Número 2800, Centro JVC, Zapopan",2,3,2.35,3.15,2.85,1.28,1.85,3.1,1.69,2.06,1.4,1.66,2.75,2.0,1.38,2.77,3.15,1.44,0,0,0,0,0,0,0,-1,1,57,0,-1,2,1,0,5,2,4,5,6,2,0,0,3,2,3,1,50,41,103,107,1.02,1.27,2.29,0,0,0,0,0,0,1,1,0,0,0,0,0,0,1,14,14,1,11,9,1,10,5,64,64,43,64,1.83,1.89,1.0,2.0,1.0,2.0,36,36,1.69,2.13,3.82,23,False,False,False,False,False,False,False,3.41,2.96,2.49,2.85,1.45,1.28,1.92,3.28,1.85,1.96,1.69,2.24,1.38,3.15,1.47,2.54
Mexico_Liga_MX_2025-2026,2025/2026,9,Necaxa,Puebla,2025-09-20 01:00:00,1,0,1,2,8,10,1,1,0,0,3,5,9,9,12,14,7,12,46,54,Estadio Victoria de Aguascalientes,"Avenida Manuel Madrigal 101, Colonia Héroes, Aguascalientes",1,1,1.77,3.5,4.0,1.24,1.78,2.8,1.66,1.95,1.44,1.92,2.8,2.1,1.3,2.5,3.1,1.48,1,1,0,0,0,0,1,1428,1,57,0,-1,2,1,2,4,0,4,6,4,0,1,1,0,1,1,1,43,50,93,84,1.28,1.59,2.88,0,0,0,0,0,0,1,1,0,0,0,0,0,0,1,28,30,1,12,7,1,10,10,57,82,50,82,0.95,0.76,0.75,0.5,0.75,0.5,44,19,1.43,1.29,2.72,21,True,False,False,False,False,False,False,3.90,4.69,1.76,2.67,1.50,1.25,1.81,2.99,,,1.80,2.07,1.34,3.39,,
Mexico_Liga_MX_2025-2026,2025/2026,9,Cruz Azul,Juárez,2025-09-20 01:00:00,3,2,5,7,4,11,1,2,0,0,5,2,8,14,13,16,16,9,61,39,Estadio Azteca,"Calzada de Tlalpan 3665, Coyoacán, D.F.",1,2,1.5,4.0,5.5,1.19,1.7,2.8,1.85,1.82,1.55,2.16,2.46,1.83,1.3,2.46,3.22,1.5,5,3,2,0,0,0,5,1432,1,63,0,-1,2,1,4,1,3,3,5,6,1,1,0,1,2,1,1,32,31,89,68,1.41,1.37,2.78,0,0,0,0,0,0,1,1,1,0,0,0,0,0,1,22,17,1,9,16,1,14,8,44,69,19,57,2.0,1.24,2.5,1.5,2.5,1.5,57,32,2.12,1.16,3.28,25,True,True,True,True,True,False,True,4.65,6.71,1.48,2.60,1.53,1.24,1.75,2.83,1.81,2.00,1.98,1.88,1.34,3.38,1.47,2.57
Mexico_Liga_MX_2025-2026,2025/2026,9,Mazatlán,Atlas,2025-09-20 03:00:00,1,1,2,2,3,5,2,4,0,0,4,3,10,9,14,12,21,9,44,56,,,2,4,2.33,3.25,2.95,1.23,1.72,3.05,1.58,2.25,1.58,2.24,2.38,1.88,1.3,2.43,3.29,1.48,2,0,0,1,1,2,0,-1,1,69,0,-1,2,1,0,1,2,2,1,4,1,1,1,3,2,4,1,52,35,80,93,1.54,1.23,2.76,0,1,0,1,0,0,1,1,0,0,0,0,0,0,1,20,12,1,8,20,1,8,7,76,76,63,82,0.67,1.24,0.75,0.75,0.75,0.75,26,26,0.99,1.05,2.04,21,True,True,False,False,False,False,True,3.53,3.13,2.32,2.72,1.48,1.25,1.81,2.97,1.93,1.88,1.61,2.40,1.36,3.29,1.52,2.43
Mexico_Liga_MX_2025-2026,2025/2026,9,Tijuana,León,2025-09-20 03:05:00,5,0,5,4,3,7,0,2,0,0,8,3,11,3,19,6,16,18,48,52,Estadio Caliente,"Boulevard Agua Caliente 12027, Colonia Hipódromo, Tijuana",0,2,1.75,3.65,3.3,1.14,1.52,2.37,1.58,2.34,1.5,2.07,2.5,1.83,1.22,2.44,3.8,1.62,5,3,0,2,0,2,3,1418,1,51,0,-1,2,1,4,1,0,2,5,2,0,0,0,2,0,2,1,33,24,85,95,1.99,0.78,2.77,0,0,0,0,0,0,1,1,0,0,1,0,0,0,1,13,14,1,18,16,1,7,12,44,69,19,69,1.5,0.81,1.63,1.38,1.63,1.38,57,32,1.19,1.26,2.45,21,True,True,True,True,True,False,False,4.05,3.84,1.89,2.25,1.68,1.16,1.53,2.37,1.87,1.94,1.47,2.79,,,1.50,2.50
Mexico_Liga_MX_2025-2026,2025/2026,9,Pachuca,Querétaro,2025-09-20 23:00:00,0,2,2,11,3,14,4,3,0,0,4,4,10,4,14,8,13,16,77,23,Estadio Hidalgo,"Boulevard Felipe Angeles, Pachuca de Soto",4,3,1.29,5.0,9.75,1.24,1.77,2.7,2.11,1.71,1.4,1.67,2.56,1.97,1.3,2.39,3.2,1.53,2,0,2,0,0,0,2,1427,1,32,0,-1,2,1,6,2,5,1,8,6,3,2,1,1,5,2,1,58,20,155,33,1.6,0.93,2.53,0,1,0,1,0,0,1,1,0,0,0,1,1,0,1,10,3,1,16,12,1,4,15,44,69,38,82,1.3,1.05,1.63,0.5,1.63,0.5,57,32,1.63,0.84,2.47,21,True,True,False,False,False,False,False,5.40,8.85,1.35,2.58,1.53,1.24,1.72,2.76,1.85,1.95,2.12,1.76,,,1.45,2.59
Mexico_Liga_MX_2025-2026,2025/2026,9,Pumas UNAM,Tigres UANL,2025-09-21 01:00:00,1,1,2,6,2,8,4,2,0,0,4,4,8,3,12,7,17,10,52,48,Estadio Olímpico de Universitario,"Calle Escobar, Colonia Ciudad Universitaria, Coyoacán, D.F.",4,2,2.1,3.4,2.72,1.29,1.9,3.35,1.74,2.05,1.47,1.91,2.32,1.81,1.4,2.63,3.0,1.38,2,0,0,1,1,2,0,-1,1,44,0,-1,2,1,2,1,4,1,3,5,1,2,3,0,3,3,1,33,25,89,86,1.28,0.91,2.2,0,0,0,0,0,0,1,1,0,0,0,0,0,0,1,18,13,1,9,16,1,8,6,44,63,38,57,1.32,1.89,1.5,1.88,1.5,1.88,57,38,1.39,2.02,3.41,22,True,True,False,False,False,False,True,3.53,3.73,2.07,2.93,1.43,1.30,1.99,3.42,1.95,1.85,1.78,2.11,1.39,3.09,1.55,2.34
Mexico_Liga_MX_2025-2026,2025/2026,9,Guadalajara,Toluca,2025-09-21 01:07:00,0,3,3,7,6,13,2,3,1,1,4,11,14,8,18,19,17,9,53,47,Estadio AKRON,"Avenida Circuito JVC Número 2800, Centro JVC, Zapopan",4,5,2.88,3.4,2.4,1.24,1.83,2.63,1.61,2.27,1.43,1.71,2.48,1.9,1.33,2.45,3.25,1.44,3,0,2,0,1,1,2,1424,1,69,0,-1,2,1,1,4,6,2,5,8,0,1,3,3,1,6,-1,0,0,0,0,0.0,0.0,0.0,0,0,0,0,0,0,1,1,0,0,0,1,0,0,1,17,14,1,9,17,1,7,17,63,76,38,76,1.83,2.04,1.0,2.0,1.0,2.0,38,26,1.6,1.77,3.37,23,True,True,True,False,False,False,False,3.56,2.34,3.07,,,1.23,1.77,2.93,1.71,2.08,1.61,2.41,,,,
Mexico_Liga_MX_2025-2026,2025/2026,9,Monterrey,América,2025-09-21 03:05:00,2,2,4,2,16,18,0,1,0,0,5,7,5,11,10,18,7,9,50,50,Estadio BBVA Bancomer,"Avenida Pablo Livas 2011, Colonia La Pastora, Guadalupe",0,1,1.96,3.3,3.0,1.25,1.8,2.8,1.6,2.19,1.45,1.8,2.47,1.9,1.34,2.4,3.37,1.49,4,2,0,0,2,2,2,-1,1,63,0,-1,2,1,1,4,1,12,5,13,0,0,0,1,0,1,1,28,77,65,108,1.19,2.18,3.36,0,0,0,0,0,0,1,1,0,0,0,0,0,0,1,23,11,1,9,7,1,3,6,63,82,51,88,1.76,1.83,2.63,2.13,2.63,2.13,38,19,1.68,1.57,3.25,23,True,True,True,True,False,False,True,3.63,3.46,2.13,2.63,1.52,1.24,1.78,2.93,1.84,1.95,1.62,2.37,1.34,3.37,1.49,2.47
Mexico_Liga_MX_2025-2026,2025/2026,9,Santos Laguna,Atlético San Luis,2025-09-21 23:00:00,1,4,5,6,3,9,1,1,0,0,5,8,6,7,11,15,13,16,55,45,Estadio Nuevo Corona,"Territorio Santos Modelo, Torreón",1,1,2.37,3.3,2.57,1.18,1.67,2.53,1.53,2.58,1.24,1.73,3.34,2.32,1.33,2.4,3.4,1.5,5,0,1,1,3,4,1,1449,1,57,0,-1,2,1,3,2,3,1,5,4,0,1,1,0,1,1,1,55,36,104,74,1.45,1.76,3.21,0,0,0,0,0,0,1,1,0,0,1,0,0,1,1,5,6,1,15,13,1,7,7,57,69,38,75,1.0,0.95,0.88,0.88,0.88,0.88,44,32,1.07,1.25,2.32,21,True,True,True,True,True,False,True,3.73,2.70,2.53,2.51,1.56,1.21,1.68,2.72,1.59,2.26,1.53,2.58,1.33,3.19,,
Mexico_Liga_MX_2025-2026,2025/2026,10,Puebla,Pachuca,2025-09-24 01:00:00,2,2,4,2,4,6,4,2,0,0,3,8,3,8,6,16,11,9,53,47,Estadio Cuauhtémoc,"Calle Calzada Ignacio Zaragoza, Colonia Unidad Deportiva Puebla, Puebla",4,2,3.51,3.7,1.77,1.2,1.68,2.82,1.67,2.08,1.43,1.89,2.63,2.07,1.34,2.49,3.09,1.5,4,0,1,2,1,3,1,-1,1,33,0,-1,2,1,1,3,1,1,4,2,1,0,3,2,1,5,1,34,41,91,91,0.85,1.87,2.71,0,0,0,0,0,0,1,1,0,0,1,0,1,0,1,32,30,1,9,10,1,10,2,45,73,50,73,0.76,1.3,0.44,1.44,0.44,1.44,56,28,1.33,1.63,2.96,21,True,True,True,True,False,False,True,3.85,1.93,3.86,2.60,1.53,1.23,1.74,2.86,1.72,2.09,1.66,2.30,1.35,3.34,,
Mexico_Liga_MX_2025-2026,2025/2026,10,Guadalajara,Necaxa,2025-09-24 01:07:00,3,1,4,4,7,11,2,1,0,0,5,5,5,18,10,23,8,12,46,54,Estadio AKRON,"Avenida Circuito JVC Número 2800, Centro JVC, Zapopan",2,1,1.59,3.86,4.33,1.25,1.6,2.25,1.7,2.05,1.38,1.79,3.04,2.19,1.35,2.59,3.02,1.44,4,2,0,1,1,2,2,1431,1,56,0,-1,2,1,2,5,2,2,7,4,1,0,1,1,1,2,1,39,49,73,115,1.26,2.15,3.42,0,0,0,0,0,0,1,1,0,0,1,0,0,0,1,7,21,1,12,8,1,15,7,56,73,39,78,1.83,0.95,0.89,1.0,0.89,1.0,45,28,1.6,1.41,3.01,21,True,True,True,True,False,False,True,3.64,3.68,2.05,,,1.24,1.78,2.81,,,1.66,2.29,,,,
Mexico_Liga_MX_2025-2026,2025/2026,10,Juárez,Pumas UNAM,2025-09-24 03:00:00,3,1,4,5,2,7,1,2,0,1,4,1,6,5,10,6,14,14,45,55,Estadio Olímpico Benito Juárez,"Avenida Heroico Colegio Militar, Ciudad Juárez",1,3,2.87,3.1,2.42,1.37,2.17,4.2,1.88,1.96,1.69,2.13,2.1,1.7,1.47,2.99,2.62,1.36,4,1,0,2,1,3,1,1444,1,62,0,-1,2,1,5,1,0,1,6,1,1,1,0,2,2,2,1,22,32,87,94,1.08,0.69,1.77,0,0,0,0,0,0,1,1,0,0,1,0,0,0,1,26,23,1,14,14,1,9,10,33,78,17,67,1.24,1.32,1.33,1.44,1.33,1.44,67,22,1.18,1.38,2.56,22,True,True,True,True,False,False,True,3.24,2.51,3.06,3.25,1.36,1.37,2.24,4.08,2.13,1.69,1.88,1.96,1.46,2.81,1.69,2.14
Mexico_Liga_MX_2025-2026,2025/2026,10,León,Mazatlán,2025-09-24 03:05:00,2,2,4,5,5,10,1,5,0,0,6,8,13,8,19,16,10,17,59,41,,,1,5,1.61,3.75,4.2,1.23,1.69,2.81,1.78,2.08,1.44,1.92,2.6,2.04,1.3,2.4,3.28,1.58,4,2,0,0,2,2,2,-1,1,50,0,-1,2,1,4,3,1,2,7,3,0,0,1,5,0,6,1,35,53,106,90,1.87,1.95,3.82,1,0,1,0,0,0,1,1,0,0,2,0,0,0,1,24,23,1,16,10,1,8,14,50,62,39,62,0.81,0.67,1.22,0.78,1.22,0.78,50,39,1.21,1.06,2.27,21,True,True,True,True,False,False,True,4.19,4.95,1.68,2.59,1.53,1.24,1.75,2.89,1.73,2.05,1.77,2.11,1.34,3.37,,
Mexico_Liga_MX_2025-2026,2025/2026,10,Cruz Azul,Querétaro,2025-09-25 00:00:00,2,2,4,13,3,16,3,3,1,1,8,4,16,2,24,6,9,10,80,20,Estadio Azteca,"Calzada de Tlalpan 3665, Coyoacán, D.F.",5,5,1.2,6.0,11.0,1.2,1.55,2.43,2.1,1.64,1.4,1.75,2.55,1.95,1.28,2.31,3.5,1.57,4,1,2,1,0,1,3,-1,1,50,0,-1,2,1,3,1,9,2,4,11,1,2,3,2,3,5,1,77,13,160,30,2.64,0.75,3.39,0,0,0,0,0,0,1,1,0,0,0,0,0,0,1,24,12,1,10,9,1,3,17,56,67,39,72,2.0,1.05,2.56,0.78,2.56,0.78,45,33,2.04,0.85,2.89,21,True,True,True,True,False,False,True,5.91,9.18,1.32,2.38,1.62,1.20,1.60,2.53,1.75,2.05,2.02,1.84,,,,
Mexico_Liga_MX_2025-2026,2025/2026,10,Tigres UANL,Atlas,2025-09-25 01:00:00,2,0,2,7,6,13,2,1,0,0,7,2,9,5,16,7,9,12,60,40,Estadio Universitario de Nuevo León,"Calle del Doctor Pedro de Alba, Colonia Ciudad Universitaria, San Nicolás de los Garza",2,1,1.4,4.4,5.6,1.2,1.62,2.35,1.86,1.92,1.48,2.03,2.35,1.94,1.27,2.2,3.44,1.62,2,1,0,1,0,1,1,1423,1,61,0,-1,2,1,4,3,3,3,7,6,1,1,1,0,2,1,1,49,30,90,63,1.85,0.8,2.65,0,0,0,0,0,0,1,1,1,0,1,0,0,0,1,13,14,1,12,9,1,11,10,61,73,56,61,1.89,1.24,1.78,0.78,1.78,0.78,39,28,1.9,1.07,2.97,21,True,True,False,False,False,False,False,5.55,8.54,1.35,2.24,1.68,1.17,1.51,2.32,1.82,1.99,1.78,2.09,,,1.45,2.63
Mexico_Liga_MX_2025-2026,2025/2026,10,Toluca,Monterrey,2025-09-25 02:00:00,6,2,8,6,2,8,1,1,0,0,13,7,11,9,24,16,11,4,46,54,Estadio Nemesio Díez,"Avenida Constituyentes Poniente No. 1000, Colonia La Merced, Toluca de Lerdo",1,1,2.18,3.45,2.7,1.13,1.85,2.27,1.55,2.43,1.4,2.17,2.39,1.84,1.24,2.2,3.6,1.65,8,4,2,2,0,2,6,1424,1,62,0,-1,2,1,3,1,3,1,4,4,0,0,1,1,0,2,1,72,63,117,80,2.94,1.95,4.88,0,0,0,0,0,0,1,1,0,1,2,1,0,0,1,10,17,1,4,10,1,15,7,73,84,62,89,2.04,1.76,2.11,2.44,2.11,2.44,28,17,1.77,1.62,3.39,25,True,True,True,True,True,True,True,4.47,5.87,1.56,2.22,1.70,1.15,1.50,2.24,1.81,2.01,1.58,2.45,,,1.46,2.59
Mexico_Liga_MX_2025-2026,2025/2026,10,Atlético San Luis,América,2025-09-25 03:00:00,0,1,1,2,6,8,0,2,0,0,1,2,5,8,6,10,13,10,48,52,Estadio Alfonso Lastras Ramírez,", ",0,2,4.2,4.1,1.61,1.18,1.69,2.81,1.63,2.07,1.41,1.71,2.55,2.06,1.3,2.28,3.28,1.58,1,0,0,0,1,1,0,1420,1,73,0,-1,2,1,1,4,1,2,5,3,0,1,0,1,1,1,1,19,49,97,111,0.6,1.14,1.74,0,0,0,0,0,0,1,1,0,0,1,0,0,0,1,15,15,1,10,13,1,12,7,56,84,39,84,0.95,1.83,1.11,2.0,1.11,2.0,44,17,1.31,1.63,2.94,21,True,False,False,False,False,False,False,4.10,1.69,4.93,,,1.23,1.72,2.74,,,1.69,2.23,,,,
Mexico_Liga_MX_2025-2026,2025/2026,10,Santos Laguna,Tijuana,2025-09-25 03:00:00,1,0,1,5,6,11,4,4,1,0,6,1,8,15,14,16,14,16,47,53,Estadio Nuevo Corona,"Territorio Santos Modelo, Torreón",5,4,3.08,3.7,2.05,1.13,1.6,2.31,1.5,2.45,1.36,1.92,2.75,2.08,1.26,2.27,3.34,1.59,1,0,0,1,0,1,0,1426,1,56,0,-1,2,1,0,1,5,5,1,10,0,3,5,1,3,6,1,28,48,81,82,1.51,1.42,2.93,0,0,0,0,0,0,1,1,0,0,0,0,0,0,1,24,21,1,16,14,1,18,9,62,78,28,84,1.0,1.5,0.78,1.78,0.78,1.78,39,22,1.11,1.28,2.39,21,True,False,False,False,False,False,False,3.96,2.12,3.23,2.38,1.62,1.18,1.60,2.52,1.69,2.11,1.56,2.51,,,,
Mexico_Liga_MX_2025-2026,2025/2026,11,Juárez,León,2025-09-27 01:00:00,2,0,2,3,6,9,2,1,0,1,4,1,14,5,18,6,14,13,57,43,Estadio Olímpico Benito Juárez,"Avenida Heroico Colegio Militar, Ciudad Juárez",2,2,1.9,3.45,3.55,1.28,1.85,3.1,1.72,1.98,1.5,1.88,2.35,1.82,1.36,2.76,3.0,1.43,2,1,0,1,0,1,1,1444,1,55,0,-1,2,1,1,3,2,3,4,5,1,0,1,2,1,3,1,49,36,114,76,1.77,0.72,2.49,1,0,1,0,0,0,1,1,0,0,0,0,0,0,1,18,28,1,12,14,1,5,16,45,70,25,70,1.24,0.81,1.5,1.2,1.5,1.2,55,30,1.17,1.27,2.44,21,True,True,False,False,False,False,False,3.51,3.38,2.21,2.79,1.46,1.27,1.88,3.12,,,1.70,2.22,1.37,3.24,,
Mexico_Liga_MX_2025-2026,2025/2026,11,Atlas,Necaxa,2025-09-27 23:00:00,3,2,5,5,4,9,3,5,0,1,8,7,6,12,14,19,11,20,45,55,Estadio Jalisco,"Calle 7 Colinas No. 1772, Colonia Independencia, Guadalajara",3,7,3.41,3.65,2.08,1.16,1.7,2.6,1.61,2.24,1.37,1.67,2.65,2.02,1.32,2.25,3.2,1.55,5,2,1,1,1,2,3,1421,1,65,0,-1,2,1,3,1,2,3,4,5,0,0,3,6,0,9,1,44,73,76,116,1.76,2.21,3.97,1,0,1,0,0,0,1,1,1,0,0,0,0,0,1,11,8,1,19,11,1,11,7,60,85,55,85,1.24,0.95,0.7,0.9,0.7,0.9,40,15,1.04,1.49,2.53,21,True,True,True,True,True,False,True,3.84,1.93,3.88,,,1.24,1.78,2.92,1.71,2.11,1.67,2.27,,,,
Mexico_Liga_MX_2025-2026,2025/2026,11,Puebla,Guadalajara,2025-09-27 23:00:00,0,2,2,5,6,11,3,2,0,0,1,2,12,5,13,7,8,17,71,29,Estadio Cuauhtémoc,"Calle Calzada Ignacio Zaragoza, Colonia Unidad Deportiva Puebla, Puebla",3,2,3.25,3.2,2.05,1.3,1.97,3.25,1.72,2.02,1.45,1.55,2.62,2.2,1.39,2.9,2.8,1.43,2,0,2,0,0,0,2,1431,1,55,0,-1,2,1,3,3,2,3,6,5,1,2,2,0,3,2,1,57,22,125,64,1.31,0.75,2.06,0,0,0,0,0,0,1,1,0,1,0,2,0,0,1,12,12,1,17,8,1,3,14,65,70,40,75,0.76,1.83,0.5,1.1,0.5,1.1,35,30,1.28,1.57,2.85,21,True,True,False,False,False,False,False,3.48,2.16,3.53,2.91,1.43,1.30,1.96,3.33,,,1.76,2.12,1.39,3.11,,
Mexico_Liga_MX_2025-2026,2025/2026,11,Pachuca,Atlético San Luis,2025-09-27 23:00:00,2,1,3,1,4,5,3,2,0,0,2,3,10,9,12,12,21,8,46,54,Estadio Hidalgo,"Boulevard Felipe Angeles, Pachuca de Soto",3,2,1.5,4.2,5.6,1.21,1.63,2.44,1.62,2.18,1.37,1.61,2.85,2.05,1.27,2.3,3.45,1.58,3,2,1,0,0,0,3,1417,1,45,0,-1,2,1,1,1,0,3,2,3,2,1,1,1,3,2,1,35,53,83,77,1.15,1.35,2.5,1,0,1,0,0,0,1,1,0,0,0,0,1,0,1,11,13,1,7,21,1,13,10,45,75,40,70,1.3,0.95,1.4,1.0,1.4,1.0,55,25,1.65,1.23,2.88,21,True,True,True,False,False,False,True,4.19,4.48,1.74,2.48,1.57,1.22,1.67,2.61,1.60,2.25,1.65,2.31,,,,
Mexico_Liga_MX_2025-2026,2025/2026,11,Monterrey,Santos Laguna,2025-09-28 01:00:00,1,0,1,5,2,7,2,4,0,1,3,2,10,8,13,10,17,14,59,41,Estadio BBVA Bancomer,"Avenida Pablo Livas 2011, Colonia La Pastora, Guadalupe",2,6,1.32,5.4,7.6,1.12,1.5,2.14,1.75,1.98,1.3,1.7,2.82,2.05,1.23,2.1,3.88,1.67,1,1,0,0,0,0,1,1430,1,55,0,-1,2,1,2,1,3,1,3,4,0,1,2,4,1,6,1,45,30,113,80,1.36,0.99,2.36,0,0,0,0,0,0,1,1,0,0,0,0,0,0,1,9,16,1,14,17,1,5,8,70,70,50,80,1.76,1.0,2.2,1.0,2.2,1.0,30,30,1.66,1.15,2.81,21,True,False,False,False,False,False,False,6.25,9.63,1.28,2.07,1.80,1.12,1.39,2.02,,,1.74,2.13,,,,
Mexico_Liga_MX_2025-2026,2025/2026,11,Toluca,Mazatlán,2025-09-28 01:00:00,3,1,4,5,2,7,1,2,1,0,6,3,10,8,16,11,12,13,52,48,Estadio Nemesio Díez,"Avenida Constituyentes Poniente No. 1000, Colonia La Merced, Toluca de Lerdo",3,2,1.2,6.5,9.5,1.06,1.31,1.89,1.83,2.01,1.38,1.93,2.62,1.85,1.18,1.94,4.0,1.84,4,1,0,2,1,3,1,1424,1,70,0,-1,2,1,3,0,2,2,3,4,2,2,0,0,4,0,1,30,32,43,55,1.63,1.13,2.77,1,0,1,0,0,0,1,1,0,0,1,0,0,0,1,18,16,1,12,12,1,11,5,65,80,55,80,2.04,0.67,2.2,0.8,2.2,0.8,35,20,1.9,1.16,3.06,21,True,True,True,True,False,False,True,6.83,10.78,1.24,1.93,1.92,1.11,1.36,1.91,1.75,2.05,1.78,2.08,,,,
Mexico_Liga_MX_2025-2026,2025/2026,11,América,Pumas UNAM,2025-09-28 03:05:00,4,1,5,8,4,12,2,4,0,0,11,2,12,4,23,6,8,11,56,44,Estadio Azteca,"Calzada de Tlalpan 3665, Coyoacán, D.F.",2,4,1.73,3.7,4.65,1.31,1.98,3.22,1.87,1.97,1.46,1.81,2.46,1.9,1.37,2.67,3.06,1.42,5,0,1,4,0,4,1,1420,1,65,0,-1,2,1,3,2,5,2,5,7,1,2,1,2,3,3,1,63,29,97,69,2.67,0.74,3.4,1,0,1,0,0,0,1,1,0,0,1,0,0,0,1,21,24,1,10,8,1,4,15,45,80,30,70,1.83,1.32,2.1,1.3,2.1,1.3,55,20,1.58,1.31,2.89,22,True,True,True,True,True,False,True,3.77,5.25,1.72,,,1.30,1.94,3.28,1.92,1.89,1.87,1.99,,,1.53,2.42
Mexico_Liga_MX_2025-2026,2025/2026,11,Querétaro,Tigres UANL,2025-09-28 23:00:00,0,2,2,2,10,12,1,1,1,0,1,9,10,11,11,20,9,10,30,70,Estadio La Corregidora,"Avenida Luis Vega Monroy 409-4, Santiago de Querétaro",3,1,5.25,4.38,1.66,1.33,2.03,3.41,2.01,1.8,1.41,1.9,2.63,2.06,1.41,3.03,2.77,1.4,2,0,1,0,1,1,1,1423,1,40,0,-1,2,1,0,6,2,4,6,6,1,0,1,1,1,2,1,34,79,61,140,1.01,2.47,3.47,0,0,0,0,0,0,1,1,0,0,0,2,0,0,1,13,10,1,9,9,1,9,9,45,65,40,75,1.05,1.89,0.8,1.9,0.8,1.9,55,35,0.84,1.9,2.74,21,True,True,False,False,False,False,False,3.89,1.69,5.34,2.98,1.42,1.31,2.02,3.50,,,1.99,1.87,1.40,3.04,,
Mexico_Liga_MX_2025-2026,2025/2026,11,Tijuana,Cruz Azul,2025-09-29 03:05:00,2,0,2,1,2,3,3,1,0,1,6,3,7,11,13,14,14,9,62,38,Estadio Caliente,"Boulevard Agua Caliente 12027, Colonia Hipódromo, Tijuana",3,3,3.11,3.6,2.13,1.12,1.44,2.05,1.4,2.8,1.37,1.85,2.6,1.85,1.2,2.05,3.85,1.7,2,1,0,1,0,1,1,1418,1,60,0,-1,2,1,1,2,0,0,3,0,2,2,1,0,4,1,1,42,26,132,80,1.56,1.28,2.84,0,0,0,0,0,0,1,1,0,0,0,0,0,1,1,19,27,1,9,14,1,9,7,60,75,35,65,1.5,2.0,1.6,2.4,1.6,2.4,40,25,1.29,2.1,3.39,24,True,True,False,False,False,False,False,4.03,2.14,3.15,2.11,1.78,1.12,1.43,2.10,1.74,2.07,1.41,3.03,1.35,3.33,,
Mexico_Liga_MX_2025-2026,2025/2026,12,Necaxa,Pachuca,2025-10-04 01:00:00,0,1,1,8,4,12,4,3,0,0,4,1,11,14,15,15,15,6,57,43,Estadio Victoria de Aguascalientes,"Avenida Manuel Madrigal 101, Colonia Héroes, Aguascalientes",4,3,2.45,3.6,2.4,1.15,1.62,2.5,1.52,2.4,1.35,1.89,2.75,2.07,1.25,2.3,3.4,1.53,1,0,1,0,0,0,1,1417,1,50,0,-1,-1,1,-1,-1,-1,-1,-1,-1,1,0,3,3,1,6,1,73,24,111,73,1.75,1.19,2.94,0,0,0,0,0,0,1,1,0,0,-1,-1,0,0,1,27,26,1,6,15,1,9,16,50,82,55,82,0.95,1.3,0.82,1.55,0.82,1.55,50,18,1.56,1.61,3.17,21,True,False,False,False,False,False,False,3.61,2.80,2.50,2.44,1.59,1.19,1.64,2.56,1.83,1.99,1.49,2.73,,,1.46,2.59
Mexico_Liga_MX_2025-2026,2025/2026,12,Mazatlán,Atlético San Luis,2025-10-04 03:00:00,2,1,3,2,6,8,6,3,0,0,3,3,9,12,12,15,15,14,47,53,,,6,3,2.4,3.3,2.58,1.18,1.74,2.74,1.59,2.21,1.46,1.76,2.57,1.95,1.31,2.53,3.15,1.46,3,0,1,2,0,2,1,686211,1,69,0,-1,2,1,1,3,1,3,4,4,3,2,3,1,5,4,1,44,46,85,74,1.29,1.48,2.77,0,0,0,0,0,0,1,1,0,0,0,2,0,0,1,11,19,1,14,15,1,7,9,60,73,41,73,0.67,0.95,0.73,0.91,0.73,0.91,41,27,1.16,1.24,2.4,21,True,True,True,False,False,False,True,3.52,2.78,2.57,2.58,1.54,1.21,1.70,2.73,2.01,1.80,1.54,2.56,1.35,3.36,1.56,2.33
Mexico_Liga_MX_2025-2026,2025/2026,12,Atlas,Juárez,2025-10-04 03:05:00,3,1,4,2,10,12,4,3,0,0,3,5,9,8,12,13,17,17,43,57,Estadio Jalisco,"Calle 7 Colinas No. 1772, Colonia Independencia, Guadalajara",4,3,2.71,3.4,2.16,1.22,1.88,2.97,1.68,2.12,1.48,1.87,2.36,1.87,1.34,2.6,2.99,1.44,4,2,1,1,0,1,3,1421,1,69,0,-1,2,1,1,4,1,6,5,7,0,0,4,3,0,7,1,18,58,77,74,1.1,1.58,2.69,1,0,1,0,0,0,1,1,0,1,0,1,0,0,1,12,32,1,16,17,1,11,10,55,87,37,82,1.24,1.24,0.91,1.64,0.91,1.64,46,14,1.11,1.23,2.34,21,True,True,True,True,False,False,True,3.51,2.38,3.04,,,1.25,1.83,3.02,1.93,1.88,1.64,2.32,,,1.55,2.37
Mexico_Liga_MX_2025-2026,2025/2026,12,Querétaro,Puebla,2025-10-04 23:00:00,3,1,4,3,6,9,1,2,0,0,4,4,8,9,12,13,15,19,49,51,Estadio La Corregidora,"Avenida Luis Vega Monroy 409-4, Santiago de Querétaro",1,2,2.8,3.2,2.37,1.33,2.01,3.42,1.77,1.95,1.48,2.05,2.51,1.96,1.4,2.89,2.85,1.38,4,0,1,3,0,3,1,1427,1,41,0,-1,2,1,1,4,2,2,5,4,1,2,0,0,3,0,1,21,40,84,97,1.2,1.4,2.59,0,0,0,0,0,0,1,1,0,0,0,1,0,0,1,5,12,1,19,15,1,8,12,50,73,41,91,1.05,0.76,0.73,0.45,0.73,0.45,50,27,0.85,1.28,2.13,21,True,True,True,True,False,False,True,3.33,2.51,2.99,3.24,1.36,1.39,2.23,3.96,,,1.92,1.92,1.45,2.84,,
Mexico_Liga_MX_2025-2026,2025/2026,12,Tigres UANL,Cruz Azul,2025-10-05 01:00:00,1,1,2,3,3,6,4,2,0,0,4,6,8,11,12,17,15,8,36,64,Estadio Universitario de Nuevo León,"Calle del Doctor Pedro de Alba, Colonia Ciudad Universitaria, San Nicolás de los Garza",4,2,2.12,3.25,2.93,1.21,1.72,2.83,1.66,2.15,1.42,1.85,2.58,1.96,1.3,2.57,3.35,1.49,2,0,0,1,1,2,0,-1,1,50,0,-1,2,1,1,1,2,2,2,4,1,0,3,2,1,5,1,50,38,92,116,1.4,1.77,3.18,0,1,0,1,0,0,1,1,0,0,1,0,0,0,1,16,23,1,8,14,1,9,5,50,69,41,55,1.89,2.0,2.0,2.18,2.0,2.18,50,32,1.95,2.02,3.97,25,True,True,False,False,False,False,True,3.62,3.55,2.10,2.69,1.49,1.25,1.81,2.96,1.81,2.01,1.68,2.27,1.35,3.34,1.45,2.58
Mexico_Liga_MX_2025-2026,2025/2026,12,León,Toluca,2025-10-05 01:00:00,2,4,6,5,2,7,2,2,0,0,4,6,9,11,13,17,6,12,52,48,,,2,2,3.66,3.77,1.72,1.15,1.56,2.35,1.53,2.4,1.55,2.26,2.2,1.77,1.25,2.18,3.66,1.68,6,1,1,1,3,4,2,1424,1,55,0,-1,2,1,2,1,3,1,3,4,1,1,1,1,2,2,-1,0,0,0,0,0.0,0.0,0.0,1,0,1,0,0,0,1,1,0,1,0,1,0,0,1,11,11,1,11,6,1,7,10,59,78,46,78,0.81,2.04,1.09,2.27,1.09,2.27,41,23,1.22,1.87,3.09,21,True,True,True,True,True,True,True,4.69,1.57,5.29,2.00,1.88,1.11,1.37,1.92,1.99,1.82,1.45,2.86,,,1.57,2.32
Mexico_Liga_MX_2025-2026,2025/2026,12,América,Santos Laguna,2025-10-05 03:05:00,3,0,3,11,3,14,1,2,0,0,15,2,14,3,29,5,8,8,57,43,Estadio Azteca,"Calzada de Tlalpan 3665, Coyoacán, D.F.",1,2,1.17,7.25,12.0,1.06,1.37,1.92,1.85,1.83,1.32,1.67,3.07,2.33,1.18,1.98,4.5,1.86,3,1,0,2,0,2,1,1420,1,59,0,-1,2,1,4,3,7,0,7,7,0,1,1,1,1,2,1,73,21,94,68,3.39,0.62,4.0,0,0,0,0,0,0,1,1,0,0,0,0,0,0,1,20,16,1,8,8,1,8,15,55,69,32,78,1.83,1.0,2.18,0.91,2.18,0.91,45,32,1.68,1.14,2.82,21,True,True,True,False,False,False,False,7.84,14.68,1.18,1.85,2.01,1.12,1.36,1.91,1.51,2.45,1.94,1.89,,,,
Mexico_Liga_MX_2025-2026,2025/2026,12,Pumas UNAM,Guadalajara,2025-10-06 01:35:00,1,2,3,6,3,9,0,2,0,0,3,4,11,7,14,11,7,5,52,48,Estadio Olímpico de Universitario,"Calle Escobar, Colonia Ciudad Universitaria, Coyoacán, D.F.",0,2,2.3,3.0,2.79,1.3,1.98,3.55,1.76,2.13,1.39,1.76,2.67,2.02,1.4,2.75,2.9,1.4,3,0,0,1,2,3,0,1431,1,60,0,-1,2,1,3,3,3,0,6,3,0,1,0,1,1,1,1,42,37,81,71,1.4,1.24,2.64,0,0,0,0,0,0,1,1,0,0,0,3,0,0,1,18,15,1,4,7,1,9,5,55,78,32,69,1.32,1.83,1.18,1.27,1.18,1.27,46,23,1.26,1.48,2.74,22,True,True,True,False,False,False,True,3.28,2.94,2.58,3.00,1.41,1.31,2.04,3.49,1.76,2.02,1.76,2.12,1.41,3.02,1.49,2.48
Mexico_Liga_MX_2025-2026,2025/2026,12,Tijuana,Monterrey,2025-10-06 03:05:00,2,2,4,3,4,7,2,2,0,0,5,6,5,8,10,14,10,14,45,55,Estadio Caliente,"Boulevard Agua Caliente 12027, Colonia Hipódromo, Tijuana",2,2,2.79,3.3,2.46,1.2,1.56,2.57,1.5,2.4,1.46,1.93,2.36,1.85,1.28,2.15,3.3,1.55,4,1,1,1,1,2,2,-1,1,50,0,-1,2,1,1,2,2,2,3,4,1,0,1,2,1,3,1,41,54,66,115,1.28,1.7,2.98,0,0,0,0,0,0,1,1,0,0,0,1,0,0,1,19,19,1,14,10,1,9,4,59,78,41,87,1.5,1.76,1.73,2.27,1.73,2.27,41,23,1.32,1.63,2.95,24,True,True,True,True,False,False,True,3.62,2.41,2.93,2.28,1.67,1.21,1.71,2.73,1.93,1.88,1.57,2.48,,,1.52,2.40
Mexico_Liga_MX_2025-2026,2025/2026,13,Puebla,Tijuana,2025-10-18 01:00:00,4,3,7,4,3,7,1,2,0,0,9,4,2,9,11,13,12,15,54,46,Estadio Cuauhtémoc,"Calle Calzada Ignacio Zaragoza, Colonia Unidad Deportiva Puebla, Puebla",1,2,2.6,3.6,3.0,1.25,1.65,3.05,1.5,2.17,1.5,1.63,2.7,2.06,1.29,2.85,2.81,1.5,7,0,0,4,3,7,0,1433,1,50,0,-1,2,1,2,1,2,2,3,4,1,0,0,2,1,2,1,37,24,95,63,1.6,1.27,2.87,0,1,0,1,0,0,1,1,0,0,1,0,0,0,1,32,22,1,14,11,1,6,8,54,79,34,83,0.76,1.5,0.42,1.67,0.42,1.67,46,21,1.29,1.32,2.61,21,True,True,True,True,True,True,True,3.40,2.78,2.64,2.88,1.44,1.29,1.96,3.21,,,1.70,2.23,1.39,3.13,,
Mexico_Liga_MX_2025-2026,2025/2026,13,Tigres UANL,Necaxa,2025-10-18 03:00:00,5,3,8,6,4,10,2,5,0,0,9,6,10,8,19,14,4,5,56,44,Estadio Universitario de Nuevo León,"Calle del Doctor Pedro de Alba, Colonia Ciudad Universitaria, San Nicolás de los Garza",2,5,1.46,4.7,5.9,1.19,1.65,2.41,1.66,2.24,1.38,1.75,2.43,1.95,1.29,2.3,3.35,1.62,8,3,2,2,1,3,5,1423,1,50,0,-1,2,1,3,0,3,4,3,7,0,1,2,4,1,6,1,58,27,100,81,2.24,1.5,3.75,0,0,0,0,0,0,1,1,0,0,1,0,0,0,1,15,16,1,19,10,1,6,8,42,71,42,71,1.89,0.95,1.92,0.75,1.92,0.75,59,29,1.9,1.58,3.48,21,True,True,True,True,True,True,True,4.85,6.42,1.48,,,1.18,1.58,2.43,1.71,2.08,1.72,2.19,,,,
Mexico_Liga_MX_2025-2026,2025/2026,13,Atlético San Luis,Atlas,2025-10-18 03:00:00,2,0,2,8,2,10,0,0,0,0,3,2,8,6,11,8,8,5,41,59,Estadio Alfonso Lastras Ramírez,", ",0,0,1.85,3.65,4.0,1.18,1.55,2.35,1.53,2.35,1.52,2.12,2.41,1.87,1.28,2.25,3.28,1.54,2,2,0,0,0,0,2,1449,1,71,0,-1,2,-1,5,0,3,2,5,5,0,0,0,0,0,0,1,12,8,36,25,0.99,0.7,1.69,1,0,1,0,0,0,1,1,0,0,0,0,-1,-1,1,30,15,1,6,10,1,8,7,67,84,50,79,0.95,1.24,0.83,1.08,0.83,1.08,34,17,1.27,1.11,2.38,21,True,True,False,False,False,False,False,3.98,4.20,1.83,,,1.21,1.67,2.61,,,1.58,2.46,,,,
Mexico_Liga_MX_2025-2026,2025/2026,13,Toluca,Querétaro,2025-10-18 23:00:00,4,0,4,3,6,9,1,0,0,0,7,5,9,9,16,14,17,7,65,35,Estadio Nemesio Díez,"Avenida Constituyentes Poniente No. 1000, Colonia La Merced, Toluca de Lerdo",1,0,1.2,6.5,9.2,1.09,1.33,1.89,1.89,1.91,1.47,1.73,2.6,1.86,1.18,1.97,4.7,1.92,4,3,0,1,0,1,3,1424,1,59,0,-1,2,1,2,1,1,5,3,6,1,0,0,0,1,0,1,40,13,64,32,1.78,1.32,3.1,1,0,1,0,0,0,1,1,0,0,0,0,0,0,1,4,3,1,6,17,1,9,7,63,84,46,96,2.04,1.05,2.33,0.92,2.33,0.92,38,17,1.87,0.88,2.75,21,True,True,True,True,False,False,False,7.23,11.28,1.22,1.97,1.88,1.12,1.36,1.92,,,1.84,2.00,,,,
Mexico_Liga_MX_2025-2026,2025/2026,13,Juárez,Pachuca,2025-10-18 23:00:00,2,2,4,4,5,9,4,5,0,1,4,3,12,5,16,8,8,17,40,60,Estadio Olímpico Benito Juárez,"Avenida Heroico Colegio Militar, Ciudad Juárez",4,6,2.6,3.05,2.65,1.33,2.01,3.2,1.7,2.0,1.4,1.83,2.32,1.83,1.35,2.75,2.81,1.38,4,2,1,0,1,1,3,-1,1,50,0,-1,2,1,4,4,0,1,8,1,1,0,3,6,1,9,1,6,5,28,17,1.32,0.75,2.07,0,0,0,0,0,0,1,1,0,0,1,0,0,0,1,13,19,1,17,8,1,10,9,42,79,34,79,1.24,1.3,1.5,1.67,1.5,1.67,58,21,1.26,1.57,2.83,23,True,True,True,True,False,False,True,3.32,2.88,2.60,2.89,1.44,1.29,2.01,3.35,1.97,1.84,1.71,2.19,1.39,3.13,1.56,2.32
Mexico_Liga_MX_2025-2026,2025/2026,13,Santos Laguna,León,2025-10-18 23:00:00,2,0,2,4,11,15,3,3,0,0,5,11,5,10,10,21,12,10,38,62,Estadio Nuevo Corona,"Territorio Santos Modelo, Torreón",3,3,2.68,3.45,2.32,1.13,1.56,2.3,1.48,2.5,1.38,1.47,3.2,2.4,1.3,2.27,3.25,1.58,2,1,0,1,0,1,1,1426,1,42,0,-1,2,1,2,3,2,8,5,10,1,1,2,2,2,4,1,21,27,48,57,1.13,2.28,3.41,0,0,0,0,0,0,1,1,0,0,0,0,0,0,1,11,11,1,10,12,1,10,4,54,63,34,71,1.0,0.81,0.83,1.0,0.83,1.0,46,38,1.09,1.22,2.31,21,True,True,False,False,False,False,False,3.84,2.56,2.61,,,1.16,1.55,2.32,,,1.46,2.81,,,,
Mexico_Liga_MX_2025-2026,2025/2026,13,Monterrey,Pumas UNAM,2025-10-19 01:00:00,1,1,2,3,8,11,0,1,0,0,6,2,8,12,14,14,8,14,63,37,Estadio BBVA Bancomer,"Avenida Pablo Livas 2011, Colonia La Pastora, Guadalupe",0,1,1.69,3.7,4.6,1.22,1.81,3.0,1.8,2.0,1.49,1.81,2.35,1.83,1.35,2.6,2.95,1.44,2,1,1,0,0,0,2,-1,1,63,0,-1,2,1,1,4,2,3,5,5,0,1,0,0,1,0,1,55,41,62,36,1.69,1.31,3.0,1,0,1,0,0,0,1,1,0,0,0,2,0,0,1,21,10,1,13,8,1,6,12,63,79,42,75,1.76,1.32,2.17,1.08,2.17,1.08,38,21,1.63,1.27,2.9,22,True,True,False,False,False,False,True,4.01,5.61,1.64,2.67,1.50,1.26,1.82,3.04,1.96,1.85,1.84,2.02,1.34,3.41,1.55,2.34
Mexico_Liga_MX_2025-2026,2025/2026,13,Guadalajara,Mazatlán,2025-10-19 01:07:00,2,0,2,5,2,7,1,1,0,0,5,0,8,5,13,5,11,13,59,41,Estadio AKRON,"Avenida Circuito JVC Número 2800, Centro JVC, Zapopan",1,1,1.29,4.45,4.9,1.14,1.65,2.38,1.8,1.91,1.41,1.57,2.88,2.11,1.3,2.4,3.15,1.54,2,2,0,0,0,0,2,1431,1,67,0,-1,2,1,3,2,2,0,5,2,1,1,0,0,2,0,1,50,25,91,67,1.53,0.51,2.04,1,0,1,0,0,0,1,1,0,0,1,0,0,0,1,23,14,1,13,14,1,5,7,67,75,42,71,1.83,0.67,1.42,0.92,1.42,0.92,33,25,1.46,1.17,2.63,21,True,True,False,False,False,False,False,5.33,8.55,1.36,2.36,1.62,1.19,1.60,2.44,,,1.90,1.95,,,,
Mexico_Liga_MX_2025-2026,2025/2026,13,Cruz Azul,América,2025-10-19 03:05:00,2,1,3,0,3,3,2,1,0,0,5,2,11,3,16,5,8,11,53,47,Estadio Azteca,"Calzada de Tlalpan 3665, Coyoacán, D.F.",2,1,2.8,3.25,2.56,1.21,1.8,2.74,1.58,2.19,1.39,1.71,2.63,2.07,1.33,2.53,3.0,1.45,3,1,1,1,0,1,2,1432,1,67,0,-1,2,1,0,1,0,2,1,2,1,0,1,1,1,2,1,34,28,116,85,1.61,0.67,2.29,0,0,0,0,0,0,1,1,0,0,0,1,0,0,1,25,14,1,11,9,1,2,8,58,79,38,67,2.0,1.83,2.08,2.25,2.08,2.25,42,21,2.0,1.82,3.82,23,True,True,True,False,False,False,True,3.52,2.38,3.04,,,1.25,1.80,2.97,,,1.64,2.34,,,,
Mexico_Liga_MX_2025-2026,2025/2026,14,América,Puebla,2025-10-22 01:00:00,2,1,3,10,3,13,1,4,0,1,5,2,14,4,19,6,10,12,62,38,Estadio Azteca,"Calzada de Tlalpan 3665, Coyoacán, D.F.",1,6,1.22,5.1,9.7,1.15,1.58,2.22,1.91,1.82,1.31,1.63,2.82,2.02,1.25,2.23,3.36,1.67,3,0,0,2,1,3,0,1420,1,62,0,-1,2,1,4,0,6,3,4,9,0,1,1,4,1,5,1,50,15,111,77,1.91,0.64,2.55,1,0,1,0,0,0,1,1,0,0,2,0,0,0,1,17,14,1,14,10,1,6,16,62,81,38,81,1.83,0.76,2.08,0.62,2.08,0.62,38,19,1.74,1.32,3.06,21,True,True,True,False,False,False,True,6.50,11.60,1.24,,,1.16,1.51,2.30,1.61,2.26,2.10,1.76,,,,
Mexico_Liga_MX_2025-2026,2025/2026,14,Necaxa,Cruz Azul,2025-10-22 01:00:00,1,1,2,2,3,5,0,3,0,0,4,4,14,5,18,9,14,10,39,61,Estadio Victoria de Aguascalientes,"Avenida Manuel Madrigal 101, Colonia Héroes, Aguascalientes",0,3,3.4,3.58,1.83,1.15,1.65,2.55,1.56,2.33,1.49,2.11,2.45,1.91,1.28,2.34,3.25,1.52,2,0,0,1,1,2,0,-1,1,66,0,-1,2,1,0,1,2,2,1,4,0,0,0,3,0,3,1,42,33,86,111,1.72,1.1,2.82,0,0,0,0,0,0,1,1,0,0,0,0,0,0,1,27,25,1,9,14,1,10,14,58,77,50,73,0.95,2.0,0.69,2.15,0.69,2.15,42,23,1.57,1.97,3.54,21,True,True,False,False,False,False,True,3.73,2.19,3.23,,,1.21,1.67,2.63,,,1.57,2.50,,,,
Mexico_Liga_MX_2025-2026,2025/2026,14,Mazatlán,Santos Laguna,2025-10-22 03:00:00,2,2,4,11,4,15,2,2,0,0,3,4,14,3,17,7,11,9,50,50,,,2,2,2.0,3.4,3.0,1.22,1.69,2.56,1.61,2.4,1.42,1.99,2.52,1.98,1.31,2.41,3.1,1.49,4,1,0,1,2,3,1,-1,1,54,0,-1,2,1,3,1,8,3,4,11,1,0,1,2,1,3,1,53,30,96,79,1.66,0.95,2.61,0,0,0,0,0,0,1,1,1,0,2,1,0,0,1,22,13,1,11,19,1,4,11,58,70,35,77,0.67,1.0,0.85,1.0,0.85,1.0,42,31,1.11,1.1,2.21,21,True,True,True,True,False,False,True,3.54,3.28,2.24,2.55,1.55,1.23,1.72,2.76,1.82,1.99,1.60,2.41,,,1.46,2.61
Mexico_Liga_MX_2025-2026,2025/2026,14,Monterrey,Juárez,2025-10-22 03:05:00,4,2,6,5,3,8,1,0,0,0,7,4,8,8,15,12,7,10,60,40,Estadio BBVA Bancomer,"Avenida Pablo Livas 2011, Colonia La Pastora, Guadalupe",1,0,1.6,4.05,5.5,1.17,1.67,2.56,1.77,2.02,1.57,2.21,2.33,1.81,1.29,2.45,3.3,1.59,6,2,0,2,2,4,2,1430,1,66,0,-1,2,1,3,1,2,2,4,4,0,0,1,0,0,1,1,35,36,77,73,1.69,1.3,2.99,0,0,0,0,0,0,1,1,1,0,1,0,0,0,1,15,13,1,14,12,1,6,6,58,81,46,89,1.76,1.24,2.08,1.46,2.08,1.46,43,19,1.64,1.26,2.9,25,True,True,True,True,True,True,True,4.52,5.84,1.55,2.40,1.61,,,,1.99,1.83,1.71,2.19,,,1.56,2.35
Mexico_Liga_MX_2025-2026,2025/2026,14,Querétaro,Guadalajara,2025-10-23 01:00:00,1,0,1,0,11,11,2,1,0,1,4,4,2,18,6,22,10,7,26,74,Estadio La Corregidora,"Avenida Luis Vega Monroy 409-4, Santiago de Querétaro",2,2,4.33,3.25,1.58,1.32,2.01,3.65,1.92,1.93,1.5,1.83,2.46,1.9,1.4,2.8,2.7,1.36,1,1,0,0,0,0,1,1427,1,46,0,-1,2,1,0,6,0,5,6,5,0,1,2,1,1,3,1,17,99,41,143,0.78,2.38,3.16,0,0,0,0,0,0,1,1,1,0,0,0,0,0,1,16,22,1,7,10,1,19,5,58,77,42,85,1.05,1.83,0.85,1.54,0.85,1.54,42,23,0.92,1.47,2.39,21,True,False,False,False,False,False,False,3.78,1.71,5.28,2.89,1.44,1.28,1.95,3.28,,,1.85,2.00,1.39,3.10,,
Mexico_Liga_MX_2025-2026,2025/2026,14,Pachuca,Tigres UANL,2025-10-23 01:00:00,1,2,3,9,3,12,3,7,2,1,5,8,15,3,20,11,9,15,54,46,Estadio Hidalgo,"Boulevard Felipe Angeles, Pachuca de Soto",5,8,2.79,3.4,2.3,1.27,1.85,3.05,1.65,2.11,1.38,1.91,2.6,2.05,1.36,2.62,2.85,1.46,3,0,0,1,2,3,0,1423,1,42,0,-1,2,1,2,0,7,3,2,10,1,2,4,6,3,10,1,50,26,102,80,1.97,1.45,3.42,0,0,0,0,0,0,1,1,0,0,0,0,0,0,1,19,13,1,17,11,1,5,13,42,73,46,66,1.3,1.89,1.62,2.0,1.62,2.0,58,27,1.51,1.93,3.44,23,True,True,True,False,False,False,True,3.41,2.45,3.01,2.75,1.48,1.26,1.85,3.06,1.78,2.02,1.65,2.31,1.36,3.28,1.46,2.57
Mexico_Liga_MX_2025-2026,2025/2026,14,Tijuana,Toluca,2025-10-23 03:00:00,0,0,0,2,5,7,2,1,0,0,0,2,4,7,4,9,14,15,39,61,Estadio Caliente,"Boulevard Agua Caliente 12027, Colonia Hipódromo, Tijuana",2,1,3.07,3.5,2.1,1.08,1.37,2.05,1.38,2.8,1.47,1.82,2.4,1.82,1.25,2.1,3.6,1.74,0,0,0,0,0,0,0,-1,1,62,0,-1,-1,1,-1,-1,-1,-1,-1,-1,0,1,2,0,1,2,1,30,48,91,127,0.49,1.07,1.56,0,0,0,0,0,0,1,1,0,0,-1,-1,0,0,1,15,23,1,16,16,1,4,3,66,89,43,85,1.5,2.04,1.54,2.38,1.54,2.38,35,12,1.31,1.87,3.18,24,False,False,False,False,False,False,False,3.81,2.23,3.09,2.19,1.72,1.14,1.46,2.15,1.92,1.89,1.42,2.97,,,1.53,2.41
Mexico_Liga_MX_2025-2026,2025/2026,14,Atlas,León,2025-10-23 03:00:00,2,0,2,3,6,9,1,3,0,0,5,0,6,6,11,6,16,8,45,55,Estadio Jalisco,"Calle 7 Colinas No. 1772, Colonia Independencia, Guadalajara",1,3,2.65,3.25,2.61,1.2,1.63,2.43,1.53,2.38,1.42,1.73,2.62,2.0,1.25,2.3,3.3,1.55,2,1,0,1,0,1,1,1421,1,54,0,-1,2,1,2,5,1,1,7,2,0,0,1,3,0,4,1,38,39,78,77,1.32,0.67,1.99,1,0,1,0,0,0,1,1,1,0,0,0,0,0,1,17,18,1,9,18,1,6,4,58,81,54,77,1.24,0.81,1.0,0.92,1.0,0.92,43,20,1.07,1.31,2.38,21,True,True,False,False,False,False,False,3.54,2.74,2.59,2.57,1.54,1.22,1.73,2.80,1.74,2.04,1.58,2.46,,,,
Mexico_Liga_MX_2025-2026,2025/2026,14,Pumas UNAM,Atlético San Luis,2025-10-23 03:05:00,0,1,1,1,6,7,2,3,0,0,0,5,6,8,6,13,8,13,63,37,Estadio Olímpico de Universitario,"Calle Escobar, Colonia Ciudad Universitaria, Coyoacán, D.F.",2,3,1.89,3.68,3.75,1.28,1.77,2.97,1.77,1.95,1.4,1.83,2.4,1.8,1.35,2.66,2.9,1.42,1,0,0,0,1,1,0,1449,1,66,0,-1,2,1,0,2,1,4,2,5,2,2,0,1,4,1,1,42,42,112,75,0.7,1.47,2.17,0,0,0,0,0,0,1,1,0,0,0,0,0,1,1,23,27,1,14,8,1,12,11,50,81,31,70,1.32,0.95,1.08,1.0,1.08,1.0,50,19,1.27,1.24,2.51,21,True,False,False,False,False,False,False,3.71,4.00,1.94,2.87,1.44,1.29,1.94,3.29,1.93,1.88,1.80,2.07,1.38,3.16,1.53,2.39
Mexico_Liga_MX_2025-2026,2025/2026,15,Juárez,Puebla,2025-10-25 01:00:00,4,4,8,4,10,14,2,2,0,0,8,8,9,9,17,17,11,11,49,51,Estadio Olímpico Benito Juárez,"Avenida Heroico Colegio Militar, Ciudad Juárez",2,2,1.73,3.7,4.97,1.23,1.84,3.1,1.8,1.91,1.42,1.75,2.4,1.91,1.33,2.6,3.0,1.44,8,2,1,2,3,5,3,-1,1,64,0,-1,2,1,1,4,3,6,5,9,1,0,1,2,1,3,1,42,32,87,84,1.93,1.86,3.8,1,0,1,0,0,0,1,1,0,0,0,2,0,0,1,24,16,1,10,11,1,4,11,57,83,33,79,1.24,0.76,1.36,0.57,1.36,0.57,43,18,1.26,1.27,2.53,21,True,True,True,True,True,True,True,4.29,6.46,1.54,2.73,1.48,,,,1.96,1.85,1.88,1.97,1.36,3.28,1.53,2.37
Mexico_Liga_MX_2025-2026,2025/2026,15,Mazatlán,América,2025-10-25 03:00:00,2,2,4,2,4,6,3,1,0,0,3,7,1,18,4,25,12,7,33,67,,,3,1,4.65,3.95,1.5,1.2,1.62,2.64,1.7,2.0,1.46,1.77,2.52,1.95,1.28,2.3,3.6,1.55,4,2,1,0,1,1,3,-1,1,71,0,-1,2,1,2,1,0,3,3,3,0,0,3,1,0,4,1,33,93,74,154,0.71,2.74,3.45,0,0,0,0,0,0,1,1,0,1,1,0,0,0,1,13,20,1,7,12,1,13,3,64,83,40,79,0.67,1.83,0.86,2.14,0.86,2.14,36,18,1.16,1.75,2.91,21,True,True,True,True,False,False,True,4.03,1.71,4.85,,,1.21,1.68,2.68,1.81,2.01,1.62,2.37,,,1.46,2.59
Mexico_Liga_MX_2025-2026,2025/2026,15,Tigres UANL,Tijuana,2025-10-25 23:00:00,2,0,2,3,3,6,2,2,0,1,4,2,14,9,18,11,13,10,61,39,Estadio Universitario de Nuevo León,"Calle del Doctor Pedro de Alba, Colonia Ciudad Universitaria, San Nicolás de los Garza",2,3,1.53,4.0,4.6,1.13,1.51,2.25,1.65,2.1,1.43,1.73,2.63,2.08,1.25,2.15,3.8,1.62,2,0,0,2,0,2,0,1423,1,50,0,-1,2,1,2,0,1,3,2,4,1,1,1,2,2,3,1,61,19,126,51,1.86,0.97,2.83,0,0,0,0,0,0,1,1,0,0,0,0,0,0,1,19,20,1,10,12,1,9,15,47,75,29,61,1.89,1.5,2.07,1.5,2.07,1.5,54,25,1.89,1.25,3.14,24,True,True,False,False,False,False,False,4.47,5.97,1.55,2.36,1.62,1.19,1.60,2.46,1.71,2.08,1.67,2.27,,,,
Mexico_Liga_MX_2025-2026,2025/2026,15,León,Pumas UNAM,2025-10-26 01:00:00,1,1,2,6,5,11,1,2,0,0,4,7,11,6,15,13,9,11,53,47,,,1,2,2.8,3.25,2.22,1.23,1.92,3.0,1.64,2.2,1.55,2.11,2.36,1.85,1.33,2.82,3.0,1.4,2,0,0,1,1,2,0,-1,1,50,0,-1,2,1,3,4,3,1,7,4,1,1,0,1,2,1,1,50,47,93,82,1.59,1.65,3.24,0,1,0,1,0,0,1,1,0,0,0,0,0,0,1,18,19,1,13,7,1,10,14,43,75,29,64,0.81,1.32,0.86,1.0,0.86,1.0,57,25,1.26,1.23,2.49,21,True,True,False,False,False,False,True,3.53,2.10,3.65,2.84,1.45,1.28,1.91,3.21,1.89,1.92,1.72,2.18,1.38,3.18,1.51,2.43
Mexico_Liga_MX_2025-2026,2025/2026,15,Guadalajara,Atlas,2025-10-26 01:07:00,4,1,5,5,4,9,0,2,0,0,5,4,9,6,14,10,8,6,52,48,Estadio AKRON,"Avenida Circuito JVC Número 2800, Centro JVC, Zapopan",0,2,1.53,3.9,5.25,1.18,1.57,3.06,1.88,1.85,1.32,1.82,2.95,2.14,1.34,2.55,3.2,1.45,5,3,0,1,1,2,3,1431,1,57,0,-1,2,1,3,0,2,4,3,6,0,1,0,1,1,1,1,34,26,91,91,1.48,1.11,2.59,0,0,0,0,0,0,1,1,1,0,1,0,0,0,1,18,25,1,9,11,1,7,9,61,82,54,79,1.83,1.24,1.43,1.14,1.43,1.14,40,18,1.54,1.09,2.63,21,True,True,True,True,True,False,True,4.49,6.67,1.50,2.62,1.52,1.25,1.79,2.94,,,1.91,1.94,1.34,3.38,,
Mexico_Liga_MX_2025-2026,2025/2026,15,Cruz Azul,Monterrey,2025-10-26 03:05:00,2,0,2,4,3,7,4,1,0,1,9,2,9,7,18,9,17,3,56,44,Estadio Azteca,"Calzada de Tlalpan 3665, Coyoacán, D.F.",4,3,1.75,3.85,3.6,1.14,1.61,2.38,1.51,2.35,1.46,2.01,2.5,1.95,1.3,2.3,3.3,1.55,2,1,0,1,0,1,1,1432,1,68,0,-1,2,1,1,2,3,1,3,4,1,1,3,1,2,4,1,54,10,104,54,2.16,0.78,2.94,0,0,0,0,0,0,1,1,0,0,0,0,0,0,1,16,12,1,4,18,1,7,17,64,79,57,72,2.0,1.76,2.07,2.14,2.07,2.14,36,21,1.91,1.64,3.55,25,True,True,False,False,False,False,False,3.91,4.14,1.86,2.31,1.65,1.17,1.55,2.34,1.81,2.00,1.48,2.76,,,1.46,2.58
Mexico_Liga_MX_2025-2026,2025/2026,15,Santos Laguna,Querétaro,2025-10-26 23:00:00,3,1,4,2,1,3,2,4,0,0,6,5,5,8,11,13,12,15,46,54,Estadio Nuevo Corona,"Territorio Santos Modelo, Torreón",2,4,2.05,3.25,3.0,1.18,1.71,2.9,1.61,2.18,1.4,1.66,3.1,2.14,1.33,2.54,3.05,1.44,4,2,0,1,1,2,2,1426,1,40,0,-1,2,1,0,1,2,0,1,2,1,4,1,0,5,1,1,26,51,70,90,1.31,1.54,2.85,1,0,1,0,0,0,1,1,0,0,0,0,0,0,1,15,30,1,14,12,1,10,7,54,68,29,90,1.0,1.05,1.0,1.0,1.0,1.0,47,33,1.09,0.91,2.0,21,True,True,True,True,False,False,True,3.61,3.17,2.27,2.62,1.52,1.24,1.79,2.88,1.85,1.96,1.64,2.32,1.34,3.35,1.47,2.57
Mexico_Liga_MX_2025-2026,2025/2026,15,Toluca,Pachuca,2025-10-27 01:00:00,2,2,4,6,3,9,3,4,0,1,4,6,16,10,20,16,8,9,59,41,Estadio Nemesio Díez,"Avenida Constituyentes Poniente No. 1000, Colonia La Merced, Toluca de Lerdo",3,5,1.52,3.91,4.9,1.09,1.48,2.3,1.55,2.33,1.49,1.73,2.37,1.91,1.22,2.12,3.7,1.65,4,2,1,0,1,1,3,-1,1,54,0,-1,2,1,3,3,3,0,6,3,1,0,2,5,1,7,1,59,41,75,62,1.96,1.72,3.67,0,1,0,1,0,0,1,1,1,0,1,1,0,0,1,11,14,1,11,10,1,13,17,61,83,54,79,2.04,1.3,2.29,1.5,2.29,1.5,40,18,1.8,1.54,3.34,23,True,True,True,True,False,False,True,4.82,5.79,1.52,,,1.14,1.47,2.19,1.88,1.93,1.57,2.48,,,1.50,2.49
Mexico_Liga_MX_2025-2026,2025/2026,15,Atlético San Luis,Necaxa,2025-10-27 01:00:00,3,4,7,4,3,7,2,2,0,0,4,6,7,8,11,14,5,4,41,59,Estadio Alfonso Lastras Ramírez,", ",2,2,2.29,3.4,2.57,1.14,1.58,2.35,1.52,2.4,1.33,1.84,2.83,2.11,1.25,2.48,3.4,1.55,7,0,0,3,4,7,0,1428,1,61,0,-1,2,1,1,2,3,1,3,4,1,1,1,1,2,2,1,30,40,56,119,1.19,1.6,2.79,0,0,0,0,0,0,1,1,0,0,1,0,1,0,1,19,30,1,16,13,1,12,7,50,75,43,79,0.95,0.95,1.14,0.71,1.14,0.71,50,25,1.26,1.58,2.84,21,True,True,True,True,True,True,True,3.70,3.22,2.21,2.42,1.60,1.20,1.67,2.59,1.68,2.14,1.55,2.54,,,,
Mexico_Liga_MX_2025-2026,2025/2026,16,Necaxa,Santos Laguna,2025-11-01 01:00:00,4,1,5,11,7,18,2,3,0,0,11,5,12,6,23,11,14,8,43,57,Estadio Victoria de Aguascalientes,"Avenida Manuel Madrigal 101, Colonia Héroes, Aguascalientes",2,3,1.5,4.15,5.48,1.09,1.42,2.06,1.5,2.4,1.39,1.64,2.77,2.19,1.22,2.11,4.0,1.79,5,3,1,1,0,1,4,1428,1,57,0,-1,2,1,3,4,8,3,7,11,0,2,2,1,2,3,1,64,49,87,74,2.67,1.4,4.07,0,0,0,0,0,0,1,1,1,0,0,0,0,0,1,22,22,1,10,16,1,6,7,57,74,37,80,0.95,1.0,0.87,1.13,0.87,1.13,44,27,1.59,1.1,2.69,21,True,True,True,True,True,False,True,4.98,6.42,1.47,,,1.12,1.39,1.99,1.64,2.19,1.52,2.63,,,,
Mexico_Liga_MX_2025-2026,2025/2026,16,Atlético San Luis,Juárez,2025-11-01 03:00:00,1,2,3,6,6,12,0,0,1,0,3,7,10,7,13,14,7,12,47,53,Estadio Alfonso Lastras Ramírez,", ",2,0,2.3,3.41,3.14,1.22,1.77,3.2,1.67,2.05,1.57,2.21,2.33,1.83,1.36,2.65,2.85,1.41,3,0,0,1,2,3,0,1444,1,67,0,-1,2,1,4,0,2,6,4,8,0,0,1,0,0,1,1,33,51,72,92,1.27,1.74,3.01,0,0,0,0,0,0,1,1,0,0,0,0,0,0,1,32,18,1,12,7,1,6,7,53,80,33,77,0.95,1.24,1.07,1.33,1.07,1.33,47,20,1.25,1.31,2.56,21,True,True,True,False,False,False,True,3.41,3.23,2.32,2.94,1.43,1.30,1.98,3.28,1.98,1.83,1.74,2.15,1.40,3.08,1.57,2.33
Mexico_Liga_MX_2025-2026,2025/2026,16,Puebla,Cruz Azul,2025-11-01 03:05:00,0,3,3,4,7,11,2,0,0,0,4,7,4,6,8,13,11,11,43,57,Estadio Cuauhtémoc,"Calle Calzada Ignacio Zaragoza, Colonia Unidad Deportiva Puebla, Puebla",2,0,5.58,4.05,1.59,1.19,1.78,2.75,1.78,1.96,1.49,2.01,2.44,1.93,1.31,2.44,3.1,1.51,3,0,1,0,2,2,1,1432,1,64,0,-1,2,1,0,3,4,4,3,8,0,0,2,0,0,2,1,43,51,93,104,1.1,1.68,2.79,0,0,0,0,0,0,1,1,0,0,0,1,0,0,1,23,26,1,11,11,1,9,4,60,80,40,63,0.76,2.0,0.6,2.13,0.6,2.13,40,20,1.31,1.93,3.24,21,True,True,True,False,False,False,False,3.94,1.71,5.05,,,1.24,1.76,2.85,1.82,1.99,1.72,2.18,,,1.47,2.53
Mexico_Liga_MX_2025-2026,2025/2026,16,Atlas,Toluca,2025-11-01 23:00:00,0,0,0,6,8,14,2,2,0,0,0,5,11,9,11,14,10,11,34,66,Estadio Jalisco,"Calle 7 Colinas No. 1772, Colonia Independencia, Guadalajara",2,2,4.6,4.6,1.53,1.15,1.48,2.15,1.5,2.4,1.51,1.73,2.4,1.91,1.25,2.11,3.55,1.62,0,0,0,0,0,0,0,-1,1,67,0,-1,2,1,2,5,4,3,7,7,1,2,1,0,3,1,1,40,45,70,112,0.98,1.57,2.55,0,0,0,0,0,0,1,1,0,0,0,2,0,0,1,19,19,1,11,10,1,7,8,70,90,64,87,1.24,2.04,1.07,2.2,1.07,2.2,30,10,1.09,1.81,2.9,21,False,False,False,False,False,False,False,4.37,1.65,4.95,2.24,1.69,1.17,1.56,2.38,1.88,1.93,1.56,2.50,,,1.51,2.43
Mexico_Liga_MX_2025-2026,2025/2026,16,Monterrey,Tigres UANL,2025-11-02 01:05:00,1,1,2,3,2,5,1,4,1,1,6,7,8,5,14,12,11,18,52,48,Estadio BBVA Bancomer,"Avenida Pablo Livas 2011, Colonia La Pastora, Guadalupe",3,5,2.5,3.25,2.5,1.22,1.75,2.97,1.62,2.15,1.38,1.77,2.7,1.95,1.32,2.55,2.8,1.46,2,1,0,0,1,1,1,-1,1,54,0,-1,2,1,1,2,2,0,3,2,2,4,0,1,6,1,1,41,32,108,86,1.61,1.48,3.09,1,0,1,0,0,0,1,1,0,0,0,0,0,0,1,15,14,1,18,12,1,7,6,54,77,50,70,1.76,1.89,2.0,2.13,2.0,2.13,47,24,1.58,1.89,3.47,25,True,True,False,False,False,False,True,3.35,2.72,2.73,,,1.24,1.81,2.94,1.81,2.00,1.64,2.33,,,1.46,2.55
Mexico_Liga_MX_2025-2026,2025/2026,16,América,León,2025-11-02 03:10:00,2,0,2,8,2,10,1,2,0,0,8,1,11,5,19,6,13,9,46,54,Estadio Azteca,"Calzada de Tlalpan 3665, Coyoacán, D.F.",1,2,1.22,4.94,8.2,1.13,1.42,2.1,1.79,1.85,1.36,1.7,2.75,2.05,1.21,2.14,4.0,1.73,2,0,0,2,0,2,0,1420,1,57,0,-1,2,1,4,1,4,1,5,5,0,1,1,1,1,2,1,55,35,98,84,2.15,0.71,2.86,0,0,0,0,0,0,1,1,0,0,1,0,0,0,1,15,22,1,10,12,1,6,12,54,80,37,74,1.83,0.81,2.07,0.87,2.07,0.87,47,20,1.81,1.29,3.1,21,True,True,False,False,False,False,False,5.62,8.85,1.34,2.24,1.69,1.18,1.56,2.38,1.68,2.15,1.87,1.98,,,,
Mexico_Liga_MX_2025-2026,2025/2026,16,Pumas UNAM,Tijuana,2025-11-02 18:00:00,4,1,5,3,4,7,2,1,0,0,8,4,7,11,15,15,17,8,52,48,Estadio Olímpico de Universitario,"Calle Escobar, Colonia Ciudad Universitaria, Coyoacán, D.F.",2,1,1.8,3.6,3.9,1.16,1.67,2.6,1.67,2.05,1.4,2.14,2.6,1.91,1.29,2.38,3.3,1.52,5,3,0,1,1,2,3,1422,1,57,0,-1,2,1,3,2,0,2,5,2,0,0,2,1,0,3,1,41,39,91,92,1.8,1.51,3.31,0,1,0,1,0,0,1,1,0,0,0,0,0,0,1,23,17,1,8,16,1,11,10,44,80,20,60,1.32,1.5,1.0,1.4,1.0,1.4,57,20,1.26,1.23,2.49,22,True,True,True,True,True,False,True,4.34,5.60,1.59,2.50,1.56,1.21,1.68,2.64,1.91,1.91,1.68,2.24,,,1.51,2.43
Mexico_Liga_MX_2025-2026,2025/2026,16,Querétaro,Mazatlán,2025-11-02 23:00:00,1,0,1,5,4,9,3,2,0,1,5,3,7,5,12,8,12,8,38,62,Estadio La Corregidora,"Avenida Luis Vega Monroy 409-4, Santiago de Querétaro",3,4,2.09,3.25,3.0,1.25,2.0,3.14,1.68,2.05,1.38,1.8,2.65,1.85,1.33,2.65,3.0,1.44,1,0,0,1,0,1,0,1427,1,57,0,-1,2,1,3,1,2,3,4,5,0,0,3,3,0,6,1,28,45,89,88,1.32,1.05,2.36,0,0,0,0,0,0,1,1,0,0,0,0,0,0,1,17,16,1,8,12,1,11,9,60,77,44,90,1.05,0.67,0.93,0.87,0.93,0.87,40,24,0.95,1.12,2.07,21,True,False,False,False,False,False,False,3.38,3.39,2.26,,,1.32,2.06,3.53,1.89,1.92,1.79,2.08,,,1.52,2.43
Mexico_Liga_MX_2025-2026,2025/2026,16,Pachuca,Guadalajara,2025-11-03 01:00:00,0,1,1,1,2,3,2,1,0,1,3,3,11,12,14,15,9,11,53,47,Estadio Hidalgo,"Boulevard Felipe Angeles, Pachuca de Soto",2,3,2.4,3.4,2.58,1.33,1.85,3.31,1.7,2.05,1.38,1.79,3.2,2.35,1.3,2.5,3.1,1.46,1,0,0,0,1,1,0,1431,1,50,0,-1,2,1,0,1,1,1,1,2,2,0,0,2,2,2,1,29,43,80,104,1.31,1.47,2.78,0,0,0,0,0,0,1,1,0,0,0,0,0,0,1,19,18,1,11,11,1,11,15,57,77,50,73,1.3,1.83,1.47,1.53,1.47,1.53,44,24,1.55,1.53,3.08,23,True,False,False,False,False,False,False,3.42,2.49,2.95,,,1.27,1.90,3.15,1.80,2.01,1.68,2.25,,,1.44,2.61
Mexico_Liga_MX_2025-2026,2025/2026,17,Juárez,Querétaro,2025-11-08 01:00:00,1,2,3,6,3,9,2,2,0,0,6,2,9,7,15,9,3,5,74,26,Estadio Olímpico Benito Juárez,"Avenida Heroico Colegio Militar, Ciudad Juárez",2,2,1.49,3.9,6.0,1.3,1.9,3.34,2.0,1.7,1.49,1.75,2.49,1.91,1.37,2.89,3.12,1.38,3,0,2,1,0,1,2,1427,1,57,0,-1,2,1,1,3,5,0,4,5,2,1,0,1,3,1,1,44,17,153,54,1.7,0.83,2.54,0,0,0,0,0,0,1,1,0,0,0,0,1,0,1,20,16,1,12,9,1,9,17,53,79,35,88,1.24,1.05,1.44,1.06,1.44,1.06,47,22,1.34,0.98,2.32,21,True,True,True,False,False,False,True,4.16,6.14,1.58,2.87,1.44,1.30,1.95,3.31,,,2.04,1.82,1.38,3.14,,
Mexico_Liga_MX_2025-2026,2025/2026,17,Mazatlán,Necaxa,2025-11-08 03:00:00,1,1,2,4,14,18,5,3,1,0,2,6,3,16,5,22,3,16,32,68,,,7,3,3.15,3.6,2.0,1.17,1.57,2.33,1.5,2.65,1.39,1.77,2.55,1.95,1.23,2.2,3.36,1.62,2,1,0,0,1,1,1,-1,1,69,0,-1,2,1,3,1,1,13,4,14,3,1,3,2,4,5,1,30,95,58,100,0.68,2.48,3.16,1,0,1,0,0,0,1,1,0,0,1,0,1,0,1,9,22,1,22,10,1,9,4,60,78,47,78,0.67,0.95,0.81,1.0,0.81,1.0,41,22,1.12,1.66,2.78,21,True,True,False,False,False,False,True,3.90,1.97,3.61,2.30,1.64,1.18,1.58,2.41,,,1.48,2.71,,,,
Mexico_Liga_MX_2025-2026,2025/2026,17,Tijuana,Atlas,2025-11-08 03:00:00,2,0,2,7,0,7,5,3,0,0,10,1,14,6,24,7,5,6,53,47,Estadio Caliente,"Boulevard Agua Caliente 12027, Colonia Hipódromo, Tijuana",5,3,1.63,3.9,4.5,1.11,1.5,2.4,1.5,2.38,1.46,1.82,2.41,1.93,1.24,2.25,3.44,1.59,2,0,0,2,0,2,0,1418,1,57,0,-1,2,1,5,0,2,0,5,2,0,0,5,3,0,8,1,55,34,96,84,2.6,0.77,3.37,0,0,0,0,0,0,1,1,0,0,0,0,0,0,1,15,21,1,9,8,1,7,9,57,85,44,75,1.5,1.24,1.31,1.06,1.31,1.06,44,16,1.25,1.09,2.34,21,True,True,False,False,False,False,False,4.25,4.58,1.71,2.29,1.66,1.17,1.54,2.36,1.87,1.94,1.52,2.63,,,1.48,2.53
Mexico_Liga_MX_2025-2026,2025/2026,17,Tigres UANL,Atlético San Luis,2025-11-08 23:00:00,3,1,4,5,1,6,1,2,0,1,6,4,16,3,22,7,11,8,70,30,Estadio Universitario de Nuevo León,"Calle del Doctor Pedro de Alba, Colonia Ciudad Universitaria, San Nicolás de los Garza",1,3,1.4,4.8,5.75,1.1,1.54,2.25,1.74,2.05,1.48,1.85,2.4,1.9,1.25,2.15,3.6,1.62,4,1,1,2,0,2,2,1423,1,57,0,-1,2,1,2,1,3,0,3,3,1,1,0,2,2,2,1,60,21,133,52,2.24,0.88,3.12,0,0,0,0,0,0,1,1,0,1,1,0,0,0,1,20,13,1,8,11,1,4,12,47,75,31,57,1.89,0.95,2.06,1.0,2.06,1.0,54,25,1.87,1.26,3.13,21,True,True,True,True,False,False,True,5.58,8.87,1.34,,,1.15,1.49,2.24,1.85,1.96,1.80,2.07,,,1.47,2.57
Mexico_Liga_MX_2025-2026,2025/2026,17,Guadalajara,Monterrey,2025-11-08 23:07:00,4,2,6,6,0,6,4,1,0,0,7,5,14,4,21,9,12,13,44,56,Estadio AKRON,"Avenida Circuito JVC Número 2800, Centro JVC, Zapopan",4,1,2.18,3.45,3.1,1.17,1.66,2.6,1.55,2.3,1.51,1.81,2.33,1.81,1.33,2.5,3.55,1.56,6,3,0,1,2,3,3,1431,1,57,0,-1,2,1,3,0,3,0,3,3,1,0,3,1,1,4,-1,0,0,0,0,0.0,0.0,0.0,0,0,0,0,0,0,1,1,1,0,0,0,0,0,1,19,16,1,13,12,1,13,11,60,75,54,82,1.83,1.76,1.63,1.94,1.63,1.94,41,25,1.53,1.58,3.11,23,True,True,True,True,True,True,True,3.77,3.98,1.92,2.51,1.56,1.21,1.70,2.72,1.99,1.82,1.57,2.47,1.35,3.34,1.56,2.35
Mexico_Liga_MX_2025-2026,2025/2026,17,Toluca,América,2025-11-09 01:00:00,2,0,2,4,6,10,1,2,0,0,4,4,10,7,14,11,17,5,43,57,Estadio Nemesio Díez,"Avenida Constituyentes Poniente No. 1000, Colonia La Merced, Toluca de Lerdo",1,2,2.2,3.5,2.75,1.13,1.6,2.41,1.52,2.35,1.46,2.13,2.4,1.84,1.26,2.23,3.4,1.53,2,1,0,1,0,1,1,1424,1,66,0,-1,2,1,2,1,2,5,3,7,1,1,0,1,2,1,1,47,34,89,81,1.5,1.22,2.73,1,0,1,0,0,0,1,1,0,0,0,0,0,0,1,24,30,1,8,16,1,5,4,66,85,47,78,2.04,1.83,2.13,2.13,2.13,2.13,35,16,1.79,1.84,3.63,23,True,True,False,False,False,False,False,3.59,2.75,2.55,,,1.21,1.69,2.64,1.92,1.90,1.56,2.52,,,1.54,2.39
Mexico_Liga_MX_2025-2026,2025/2026,17,León,Puebla,2025-11-09 01:00:00,1,2,3,6,7,13,1,4,0,0,5,4,6,8,11,12,11,13,57,43,,,1,4,1.87,3.5,3.7,1.18,1.7,2.7,1.62,2.1,1.33,1.98,2.52,1.98,1.31,2.47,3.0,1.48,3,1,2,0,0,0,3,1433,1,47,0,-1,2,1,0,5,6,2,5,8,0,2,1,2,2,3,1,44,24,105,93,1.37,1.22,2.59,0,0,0,0,0,0,1,1,0,0,0,1,0,0,1,17,27,1,14,12,1,9,13,54,78,35,69,0.81,0.76,0.81,0.56,0.81,0.56,47,22,1.25,1.29,2.54,21,True,True,True,False,False,False,True,3.97,4.19,1.81,2.46,1.57,,,,1.82,1.99,1.61,2.36,1.33,3.31,1.46,2.59
Mexico_Liga_MX_2025-2026,2025/2026,17,Cruz Azul,Pumas UNAM,2025-11-09 03:05:00,2,3,5,3,7,10,3,4,1,0,5,4,11,12,16,16,7,17,39,61,Estadio Azteca,"Calzada de Tlalpan 3665, Coyoacán, D.F.",5,4,1.67,3.8,3.9,1.22,1.78,3.0,1.65,2.1,1.7,2.45,2.08,1.67,1.32,2.67,3.1,1.44,5,2,1,0,2,2,3,1422,1,66,0,-1,2,1,3,2,0,4,5,4,1,1,3,3,2,6,1,31,53,70,102,1.58,1.67,3.25,0,1,0,1,0,0,1,1,0,1,0,0,0,0,1,20,18,1,19,8,1,12,16,50,81,32,56,2.0,1.32,2.19,1.13,2.19,1.13,50,19,1.91,1.29,3.2,22,True,True,True,True,True,False,True,3.99,4.26,1.82,2.59,1.53,1.24,1.76,2.87,2.17,1.65,1.67,2.28,1.34,3.38,1.67,2.14
Mexico_Liga_MX_2025-2026,2025/2026,17,Santos Laguna,Pachuca,2025-11-09 23:00:00,1,0,1,6,8,14,3,1,0,0,8,6,10,11,18,17,12,10,38,62,Estadio Nuevo Corona,"Territorio Santos Modelo, Torreón",3,1,3.75,3.9,1.77,1.09,1.5,2.19,1.47,2.45,1.3,1.55,3.05,2.2,1.22,2.12,3.75,1.63,1,0,0,1,0,1,0,1426,1,47,0,-1,2,1,3,5,3,3,8,6,2,0,1,1,2,2,1,88,47,74,105,2.31,1.83,4.15,0,0,0,0,0,0,1,1,0,0,1,0,1,0,1,17,18,1,10,12,1,13,11,57,72,41,75,1.0,1.3,1.06,1.38,1.06,1.38,44,28,1.12,1.54,2.66,21,True,False,False,False,False,False,False,4.48,1.66,4.72,2.17,1.73,1.15,1.47,2.15,1.63,2.23,1.52,2.64,,,,
Mexico_Liga_MX_2025-2026,2025/2026,0,Pachuca,Pumas UNAM,2025-11-21 01:00:00,3,1,4,4,7,11,0,2,0,0,5,5,5,8,10,13,13,8,41,59,Estadio Hidalgo,"Boulevard Felipe Angeles, Pachuca de Soto",0,2,1.8,3.51,3.6,1.3,1.76,3.8,1.75,2.2,1.55,2.18,2.23,1.85,1.36,2.99,2.66,1.33,4,2,0,1,1,2,2,1417,1,56,0,-1,2,1,2,3,2,4,5,6,0,1,0,1,1,1,1,43,57,88,95,1.3,1.58,2.88,0,0,0,0,0,0,1,1,0,0,0,1,0,0,1,13,18,1,8,13,1,6,5,47,77,38,62,1.3,1.32,1.29,1.24,1.29,1.24,53,24,1.56,1.31,2.87,22,True,True,True,True,False,False,True,3.52,3.87,2.04,3.08,1.40,1.34,2.13,3.69,1.98,1.83,1.92,1.92,1.42,2.95,1.56,2.34
Mexico_Liga_MX_2025-2026,2025/2026,0,Tijuana,Juárez,2025-11-21 03:00:00,3,1,4,4,2,6,2,6,0,1,7,2,11,2,18,4,11,21,68,32,Estadio Caliente,"Boulevard Agua Caliente 12027, Colonia Hipódromo, Tijuana",2,8,2.17,3.2,3.2,1.21,1.8,2.88,1.69,2.2,1.51,1.85,2.33,1.79,1.35,2.71,2.9,1.43,4,1,1,2,0,2,2,1418,1,62,0,-1,2,1,3,1,1,1,4,2,1,2,1,5,3,6,1,57,27,105,79,2.04,0.6,2.64,1,0,1,0,0,0,1,1,0,0,0,0,1,1,1,18,16,1,20,11,1,7,15,53,85,30,74,1.5,1.24,1.41,1.35,1.41,1.35,47,15,1.33,1.36,2.69,24,True,True,True,True,False,False,True,3.42,3.41,2.23,2.74,1.48,1.27,1.89,3.07,2.05,1.75,1.70,2.22,1.36,3.26,1.62,2.24
Mexico_Liga_MX_2025-2026,2025/2026,0,Juárez,Pachuca,2025-11-24 01:00:00,2,1,3,0,2,2,3,0,1,2,5,4,4,6,9,10,9,7,42,58,Estadio Olímpico Benito Juárez,"Avenida Heroico Colegio Militar, Ciudad Juárez",5,4,2.58,3.05,2.6,1.26,1.65,3.28,1.8,1.97,1.56,2.04,2.44,1.98,1.41,2.7,2.66,1.42,3,2,1,0,0,0,3,1444,1,61,0,-1,-1,1,-1,-1,-1,-1,-1,-1,2,0,2,2,2,4,1,11,19,30,55,0.99,1.05,2.04,0,0,0,0,0,0,1,1,0,0,-1,-1,0,0,1,13,39,1,13,16,1,9,9,56,81,45,75,1.24,1.3,1.28,1.39,1.28,1.39,45,20,1.32,1.54,2.86,23,True,True,True,False,False,False,True,3.18,2.68,2.90,3.11,1.39,1.36,2.19,3.81,1.92,1.90,1.83,2.03,1.43,2.93,1.52,2.42
Mexico_Liga_MX_2025-2026,2025/2026,0,Juárez,Toluca,2025-11-27 01:00:00,1,2,3,4,9,13,4,1,0,0,1,7,5,16,6,23,16,10,40,60,Estadio Olímpico Benito Juárez,"Avenida Heroico Colegio Militar, Ciudad Juárez",4,1,3.35,3.25,1.84,1.3,1.95,3.25,1.78,2.1,1.55,2.29,2.24,1.77,1.32,2.73,2.81,1.39,3,1,0,0,2,2,1,1424,1,69,0,-1,2,1,3,4,1,5,7,6,2,1,2,0,3,2,1,33,50,74,101,0.7,2.3,2.99,0,0,0,0,0,0,1,1,1,0,2,0,0,0,1,20,20,1,10,16,1,9,7,64,86,48,83,1.24,2.04,1.37,2.18,1.37,2.18,36,15,1.3,1.77,3.07,25,True,True,True,False,False,False,True,3.45,2.08,3.81,3.00,1.41,1.32,2.06,3.48,2.03,1.77,1.76,2.12,1.41,3.02,1.62,2.25
Mexico_Liga_MX_2025-2026,2025/2026,0,Monterrey,América,2025-11-27 03:05:00,2,0,2,3,4,7,4,4,0,0,4,1,5,4,9,5,15,11,50,50,Estadio BBVA Bancomer,"Avenida Pablo Livas 2011, Colonia La Pastora, Guadalupe",4,4,2.49,3.0,2.5,1.3,1.97,3.4,1.75,2.26,1.52,2.11,2.37,1.88,1.42,2.6,2.66,1.36,2,1,0,1,0,1,1,1430,1,65,0,-1,2,1,2,2,1,2,4,3,2,1,2,3,3,5,1,48,55,101,99,1.2,0.79,2.0,0,0,0,0,0,0,1,1,0,0,0,1,0,0,1,17,25,1,11,15,1,7,3,62,85,50,85,1.76,1.83,1.82,2.0,1.82,2.0,38,15,1.58,1.8,3.38,23,True,True,False,False,False,False,False,3.21,2.72,2.83,3.03,1.41,1.33,2.09,3.52,1.94,1.87,1.74,2.16,1.42,2.98,1.55,2.37
Mexico_Liga_MX_2025-2026,2025/2026,0,Tijuana,Tigres UANL,2025-11-27 05:00:00,3,0,3,3,7,10,1,2,0,0,6,3,3,13,9,16,13,15,34,66,Estadio Caliente,"Boulevard Agua Caliente 12027, Colonia Hipódromo, Tijuana",1,2,3.29,3.45,1.9,1.2,1.63,2.46,1.53,2.38,1.58,2.24,2.28,1.82,1.3,2.35,3.2,1.53,3,1,0,2,0,2,1,1418,1,52,0,-1,2,1,1,2,2,5,3,7,0,1,1,1,1,2,1,18,29,47,87,1.12,1.43,2.55,0,0,0,0,0,0,1,1,0,0,0,0,0,1,1,18,31,1,15,13,1,9,6,46,80,32,60,1.5,1.89,1.5,2.12,1.5,2.12,55,21,1.37,1.89,3.26,24,True,True,True,False,False,False,False,3.72,2.00,3.54,2.42,1.56,,,,,,1.55,2.45,,,,
Mexico_Liga_MX_2025-2026,2025/2026,0,Guadalajara,Cruz Azul,2025-11-28 02:07:00,0,0,0,5,3,8,2,2,0,0,1,4,7,12,8,16,10,8,54,46,Estadio AKRON,"Avenida Circuito JVC Número 2800, Centro JVC, Zapopan",2,2,2.4,3.4,2.9,1.3,1.82,3.08,1.7,2.04,1.56,2.09,2.33,1.83,1.38,2.73,2.77,1.4,0,0,0,0,0,0,0,-1,1,59,0,-1,2,1,3,0,2,3,3,5,1,0,1,2,1,3,1,34,31,62,110,0.82,1.52,2.34,0,0,0,0,0,0,1,1,0,0,1,0,0,0,1,19,20,1,8,10,1,8,9,59,77,44,65,1.83,2.0,1.71,2.06,1.71,2.06,41,24,1.53,1.89,3.42,23,False,False,False,False,False,False,False,3.39,3.46,2.22,2.96,1.42,1.31,2.00,3.36,2.10,1.71,1.75,2.14,1.40,3.07,1.65,2.20
Mexico_Liga_MX_2025-2026,2025/2026,0,América,Monterrey,2025-11-29 23:00:00,2,1,3,3,2,5,3,4,0,1,3,3,9,7,12,10,13,18,52,48,Estadio Azteca,"Calzada de Tlalpan 3665, Coyoacán, D.F.",3,5,1.5,4.45,6.19,1.21,1.62,2.7,1.85,1.91,1.45,1.7,2.45,2.08,1.28,2.18,3.28,1.53,3,1,0,1,1,2,1,1420,1,61,0,-1,2,1,2,1,1,1,3,2,0,0,3,5,0,8,1,62,49,90,99,1.42,1.2,2.62,0,0,0,0,0,0,1,1,0,0,0,0,0,0,1,30,32,1,18,13,1,4,7,59,86,47,86,1.83,1.76,1.89,1.89,1.89,1.89,42,14,1.74,1.56,3.3,23,True,True,True,False,False,False,True,4.82,7.03,1.45,2.45,1.58,1.21,1.67,2.65,1.74,2.07,1.85,2.01,,,1.45,2.61
Mexico_Liga_MX_2025-2026,2025/2026,0,Toluca,Juárez,2025-11-30 01:05:00,0,0,0,7,2,9,1,3,0,0,4,0,20,6,24,6,12,10,63,37,Estadio Nemesio Díez,"Avenida Constituyentes Poniente No. 1000, Colonia La Merced, Toluca de Lerdo",1,3,1.24,4.8,7.5,1.09,1.49,2.17,1.65,2.02,1.49,2.08,2.4,1.9,1.19,2.19,3.68,1.75,0,0,0,0,0,0,0,-1,1,71,0,-1,2,1,4,1,3,1,5,4,0,2,1,1,2,2,1,25,12,58,33,1.96,0.47,2.43,0,0,0,0,0,0,1,1,0,0,0,0,0,0,1,21,25,1,15,15,1,8,16,66,87,45,84,2.04,1.24,2.22,1.3,2.22,1.3,34,14,1.81,1.27,3.08,25,False,False,False,False,False,False,False,5.77,9.00,1.33,2.17,1.73,1.14,1.48,2.23,1.86,1.95,1.80,2.07,,,1.50,2.49
Mexico_Liga_MX_2025-2026,2025/2026,0,Tigres UANL,Tijuana,2025-11-30 03:10:00,5,0,5,8,2,10,4,7,0,0,14,1,12,5,26,6,13,7,55,45,Estadio Universitario de Nuevo León,"Calle del Doctor Pedro de Alba, Colonia Ciudad Universitaria, San Nicolás de los Garza",4,7,1.3,5.4,8.0,0.0,1.53,2.2,1.75,2.0,0.0,0.0,0.0,0.0,0.0,0.0,0.0,0.0,5,3,0,2,0,2,3,1423,1,49,0,-1,2,1,8,0,0,2,8,2,1,2,3,5,3,8,1,47,23,74,67,2.94,0.62,3.57,1,0,1,0,0,0,1,1,0,0,2,0,0,1,1,18,18,1,14,19,1,6,7,49,81,30,62,1.89,1.5,2.0,1.58,2.0,1.58,52,19,1.86,1.36,3.22,24,True,True,True,True,True,False,False,5.70,8.39,1.34,,,,,,,,,,,,,
Mexico_Liga_MX_2025-2026,2025/2026,0,Cruz Azul,Guadalajara,2025-12-01 01:00:00,3,2,5,5,6,11,4,1,0,0,3,3,6,10,9,13,11,11,47,53,Estadio Olímpico de Universitario,"Calle Escobar, Colonia Ciudad Universitaria, Coyoacán, D.F.",4,1,1.98,3.55,3.75,1.24,1.92,3.04,1.74,2.04,1.5,1.83,2.47,1.87,1.39,2.69,2.73,1.43,5,1,2,2,0,2,3,1432,1,56,0,-1,2,1,0,5,5,1,5,6,1,0,3,1,1,4,1,33,35,90,88,1.03,1.29,2.31,0,0,0,0,0,0,1,1,0,1,0,2,0,0,1,14,18,1,12,10,1,10,7,56,73,42,62,2.0,1.83,2.0,1.67,2.0,1.67,44,28,1.87,1.49,3.36,23,True,True,True,True,True,False,True,3.32,3.59,2.20,2.91,1.43,1.29,1.93,3.20,1.85,1.96,1.73,2.17,1.39,3.10,1.51,2.46
Mexico_Liga_MX_2025-2026,2025/2026,28,Cruz Azul,Tigres UANL,2025-12-04 01:00:00,1,1,2,6,1,7,3,2,0,0,5,2,14,6,19,8,15,10,68,32,Estadio Azteca,"Calzada de Tlalpan 3665, Coyoacán, D.F.",3,2,2.23,3.4,2.7,1.28,2.05,3.45,1.74,2.0,1.56,1.9,2.34,1.84,1.34,2.62,2.9,1.35,2,0,0,1,1,2,0,-1,1,55,0,-1,2,1,1,1,5,0,2,5,1,0,2,2,1,4,1,35,17,106,49,1.8,0.77,2.57,1,0,1,0,0,0,1,1,0,0,1,0,0,0,1,29,21,1,12,16,1,8,11,53,79,40,58,2.0,1.89,2.05,2.05,2.05,2.05,48,21,1.83,1.92,3.75,25,True,True,False,False,False,False,True,3.19,3.50,2.31,3.16,1.38,1.36,2.18,3.75,2.02,1.79,1.88,1.97,1.44,2.88,1.61,2.25
Mexico_Liga_MX_2025-2026,2025/2026,28,Monterrey,Toluca,2025-12-04 03:10:00,1,0,1,3,7,10,1,3,0,0,3,5,3,9,6,14,9,7,48,52,Estadio BBVA Bancomer,"Avenida Pablo Livas 2011, Colonia La Pastora, Guadalupe",1,3,2.6,3.1,2.45,1.17,1.63,2.56,1.53,2.34,1.5,1.91,2.37,1.8,1.31,2.3,3.1,1.49,1,1,0,0,0,0,1,1430,1,61,0,-1,2,1,2,1,1,6,3,7,0,0,1,3,0,4,1,32,47,87,97,0.83,1.58,2.41,0,0,0,0,0,0,1,1,0,0,1,0,0,0,1,25,23,1,12,18,1,5,4,63,82,53,87,1.76,2.04,1.79,2.16,1.79,2.16,37,19,1.54,1.82,3.36,25,True,False,False,False,False,False,False,3.45,2.62,2.77,,,1.21,1.71,2.73,1.96,1.85,1.52,2.62,,,1.56,2.34
Mexico_Liga_MX_2025-2026,2025/2026,28,Toluca,Monterrey,2025-12-07 01:00:00,3,2,5,4,2,6,1,0,0,0,5,4,6,8,11,12,9,7,48,52,Estadio Nemesio Díez,"Avenida Constituyentes Poniente No. 1000, Colonia La Merced, Toluca de Lerdo",1,0,1.47,4.5,6.0,1.09,1.43,2.19,1.6,2.38,1.44,1.74,2.35,1.8,1.21,2.11,3.68,1.78,5,2,0,1,2,3,2,1424,1,58,0,-1,2,1,3,1,1,1,4,2,0,0,1,0,0,1,1,24,34,73,93,1.22,1.29,2.51,1,1,1,1,0,0,1,1,0,0,0,0,0,0,1,22,25,1,9,14,1,11,6,60,78,50,88,2.04,1.76,2.05,1.85,2.05,1.85,40,23,1.8,1.5,3.3,25,True,True,True,True,True,False,True,5.12,6.86,1.43,2.20,1.71,1.16,1.51,2.29,1.95,1.86,1.66,2.29,,,1.52,2.44
Mexico_Liga_MX_2025-2026,2025/2026,28,Tigres UANL,Cruz Azul,2025-12-07 03:10:00,1,1,2,7,6,13,0,1,0,0,1,6,9,9,10,15,12,6,41,59,Estadio Universitario de Nuevo León,"Calle del Doctor Pedro de Alba, Colonia Ciudad Universitaria, San Nicolás de los Garza",0,1,2.0,3.2,4.1,1.26,1.98,3.3,1.74,1.9,1.58,1.93,2.28,1.72,1.32,2.7,2.66,1.41,2,1,0,0,1,1,1,-1,1,58,0,-1,2,1,2,2,5,4,4,9,0,0,0,1,0,1,1,49,54,93,101,1.06,1.76,2.82,0,0,0,0,0,0,1,1,0,0,1,1,0,0,1,12,33,1,8,16,1,9,7,50,80,38,55,1.89,2.0,2.0,2.0,2.0,2.0,50,20,1.86,1.83,3.69,25,True,True,False,False,False,False,True,3.63,4.29,1.90,2.99,1.41,1.29,1.93,3.27,2.00,1.81,1.78,2.10,1.41,3.00,1.57,2.32
Mexico_Liga_MX_2025-2026,2025/2026,0,Tigres UANL,Toluca,2025-12-12 02:00:00,1,0,1,8,0,8,1,2,0,1,2,1,8,7,10,8,14,13,50,50,Estadio Universitario de Nuevo León,"Calle del Doctor Pedro de Alba, Colonia Ciudad Universitaria, San Nicolás de los Garza",1,4,2.01,3.19,3.47,1.27,1.78,3.1,1.7,2.0,1.51,1.91,2.34,1.83,1.38,2.69,2.77,1.41,1,0,0,1,0,1,0,1423,1,55,0,-1,2,1,7,0,1,0,7,1,1,1,0,2,2,2,1,41,31,33,41,1.06,0.8,1.85,0,0,0,0,0,0,1,1,0,0,1,0,0,0,1,22,18,1,15,17,1,4,11,53,79,41,69,1.89,2.04,1.95,2.1,1.95,2.1,48,22,1.82,1.77,3.59,27,True,False,False,False,False,False,False,3.33,3.93,2.09,3.03,1.41,1.31,2.04,3.35,1.92,1.88,1.78,2.10,1.41,2.99,1.54,2.39
Mexico_Liga_MX_2025-2026,2025/2026,0,Toluca,Tigres UANL,2025-12-15 01:00:00,2,1,3,11,5,16,4,3,0,0,12,2,19,5,31,7,17,16,67,33,Estadio Nemesio Díez,"Avenida Constituyentes Poniente No. 1000, Colonia La Merced, Toluca de Lerdo",4,3,1.86,3.36,3.51,1.19,1.61,2.88,1.7,2.28,1.52,1.89,2.3,1.81,1.3,2.56,3.36,1.45,3,1,1,1,0,1,2,1424,1,53,0,-1,2,1,6,0,3,2,6,5,2,0,2,3,2,5,1,56,39,142,92,3.2,0.87,4.07,0,0,0,0,0,0,1,1,0,0,0,0,0,0,1,34,17,1,16,17,1,10,18,50,75,39,66,2.04,1.89,2.0,2.0,2.0,2.0,50,25,1.72,1.79,3.51,27,True,True,True,False,False,False,True,4.43,5.93,1.56,,,1.24,1.76,2.84,1.98,1.83,1.81,2.06,,,1.57,2.32
Mexico_Liga_MX_2025-2026,2025/2026,1,Mazatlán,Juárez,2026-01-10 01:00:00,1,2,3,2,5,7,1,0,0,0,2,3,2,5,4,8,15,12,46,54,,,1,0,2.82,3.1,2.37,1.3,2.26,3.58,1.83,1.9,1.6,2.07,2.1,1.91,1.46,3.26,2.79,1.33,3,1,2,0,0,0,3,1444,1,74,0,-1,2,1,0,4,2,1,4,3,1,0,0,0,1,0,1,31,46,98,90,0.63,1.06,1.69,0,0,0,0,0,0,1,1,0,0,0,1,0,0,1,23,23,1,14,15,1,11,5,61,81,40,79,0.67,1.24,0.82,1.29,0.82,1.29,40,19,1.09,1.23,2.32,21,True,True,True,False,False,False,True,3.18,2.63,2.97,3.32,1.35,1.41,2.26,4.05,1.92,1.89,1.88,1.97,1.48,2.75,1.53,2.38
Mexico_Liga_MX_2025-2026,2025/2026,1,Tijuana,América,2026-01-10 03:00:00,0,0,0,1,3,4,0,2,0,0,2,2,7,2,9,4,10,9,60,40,Estadio Caliente,"Boulevard Agua Caliente 12027, Colonia Hipódromo, Tijuana",0,2,3.35,3.4,2.05,0.0,1.85,0.0,0.0,0.0,0.0,0.0,0.0,0.0,0.0,0.0,0.0,0.0,0,0,0,0,0,0,0,-1,1,54,0,-1,2,1,0,2,1,1,2,2,0,0,0,2,0,2,1,38,24,102,95,0.99,0.58,1.58,0,0,0,0,0,0,1,1,0,0,0,0,0,0,1,13,18,1,9,10,1,5,7,57,87,31,75,1.5,1.83,1.5,1.95,1.5,1.95,44,13,1.32,1.73,3.05,23,False,False,False,False,False,False,False,3.52,2.12,3.60,,,,,,,,,,,,,
Mexico_Liga_MX_2025-2026,2025/2026,1,Atlas,Puebla,2026-01-10 03:00:00,1,0,1,2,4,6,3,2,0,0,3,6,5,9,8,15,13,15,42,58,Estadio Jalisco,"Calle 7 Colinas No. 1772, Colonia Independencia, Guadalajara",3,2,2.1,3.2,2.9,1.32,1.96,3.2,1.73,1.95,1.43,1.7,2.63,2.07,1.33,2.8,2.69,1.41,1,1,0,0,0,0,1,1421,1,59,0,-1,-1,1,-1,-1,-1,-1,-1,-1,0,0,3,2,0,5,1,29,59,64,125,0.93,1.8,2.73,1,0,1,0,0,0,1,1,1,0,-1,-1,0,0,1,23,30,1,16,12,1,12,3,65,85,50,76,1.24,0.76,1.0,0.71,1.0,0.71,35,15,1.07,1.29,2.36,21,True,False,False,False,False,False,False,3.31,3.23,2.37,3.11,1.39,1.34,2.09,3.58,1.72,2.08,1.78,2.10,1.43,2.93,,
Mexico_Liga_MX_2025-2026,2025/2026,1,Guadalajara,Pachuca,2026-01-10 23:07:00,2,0,2,5,2,7,0,2,0,0,6,2,12,8,18,10,10,15,56,44,Estadio AKRON,"Avenida Circuito JVC Número 2800, Centro JVC, Zapopan",0,2,1.81,3.4,3.8,1.25,1.81,2.99,1.67,2.0,1.4,1.76,2.6,2.0,1.33,2.5,3.0,1.44,2,2,0,0,0,0,2,1431,1,50,0,35278,2,1,3,0,2,2,3,4,0,0,0,2,0,2,1,26,8,110,80,1.75,0.84,2.59,0,0,0,0,0,0,1,1,0,0,0,0,0,0,1,25,26,1,15,10,1,11,11,56,71,50,68,1.83,1.3,1.58,1.32,1.58,1.32,45,29,1.47,1.52,2.99,23,True,True,False,False,False,False,False,4.21,5.22,1.64,2.52,1.56,,,,1.87,1.94,1.69,2.23,1.35,3.36,1.49,2.51
Mexico_Liga_MX_2025-2026,2025/2026,1,León,Cruz Azul,2026-01-11 01:00:00,2,1,3,3,6,9,3,1,0,0,6,7,3,14,9,21,14,17,46,54,,,3,1,3.95,3.7,1.82,1.25,1.76,2.98,1.67,2.06,1.58,2.17,2.28,1.79,1.34,2.53,3.36,1.52,3,1,0,1,1,2,1,1434,1,54,0,-1,2,1,0,2,3,4,2,7,0,0,3,1,0,4,1,19,51,73,119,1.13,2.18,3.32,0,0,0,0,0,0,1,1,0,0,0,0,0,0,1,21,17,1,16,17,1,8,2,47,79,37,61,0.81,2.0,0.76,1.95,0.76,1.95,54,22,1.25,1.82,3.07,21,True,True,True,False,False,False,True,3.91,1.74,4.86,2.82,1.46,1.29,1.94,3.22,2.02,1.79,1.88,1.98,1.37,3.19,1.59,2.28
Mexico_Liga_MX_2025-2026,2025/2026,1,Santos Laguna,Necaxa,2026-01-11 01:00:00,1,3,4,7,3,10,2,1,1,0,4,6,11,8,15,14,15,14,55,45,Estadio Nuevo Corona,"Territorio Santos Modelo, Torreón",4,1,3.58,3.78,1.89,1.2,1.6,2.4,1.57,2.34,1.33,1.71,2.75,2.3,1.26,2.25,3.3,1.55,4,1,2,0,1,1,3,1428,1,59,0,-1,2,1,5,2,2,1,7,3,1,1,2,0,2,2,1,53,25,89,61,1.61,1.48,3.09,0,1,0,1,0,0,1,1,0,1,1,1,0,0,1,23,14,1,13,16,1,5,10,56,74,38,79,1.0,0.95,1.18,1.0,1.18,1.0,44,27,1.19,1.71,2.9,21,True,True,True,True,False,False,True,3.71,2.27,3.09,2.51,1.56,1.21,1.69,2.72,,,1.57,2.48,,,,
Mexico_Liga_MX_2025-2026,2025/2026,1,Monterrey,Toluca,2026-01-11 03:05:00,0,1,1,2,4,6,0,5,0,0,5,2,11,12,16,14,9,16,64,36,Estadio BBVA Bancomer,"Avenida Pablo Livas 2011, Colonia La Pastora, Guadalupe",0,5,1.73,3.7,3.5,1.18,1.73,2.7,1.62,2.2,1.51,2.15,2.53,1.79,1.3,2.47,3.16,1.48,1,0,0,0,1,1,0,1424,1,60,0,-1,2,1,1,3,1,1,4,2,0,3,0,2,3,2,1,41,40,130,94,1.67,1.32,2.98,0,0,0,0,0,0,1,1,0,0,0,0,0,0,1,22,19,1,17,8,1,9,11,62,78,53,87,1.76,2.04,1.76,2.04,1.76,2.04,39,23,1.49,1.79,3.28,25,True,False,False,False,False,False,False,3.59,3.43,2.08,2.71,1.46,1.25,1.85,3.03,2.04,1.77,1.68,2.18,1.34,3.25,1.51,2.46
Mexico_Liga_MX_2025-2026,2025/2026,1,Pumas UNAM,Querétaro,2026-01-11 18:00:00,1,1,2,7,4,11,1,0,0,0,4,4,11,12,15,16,14,9,59,41,Estadio Olímpico de Universitario,"Calle Escobar, Colonia Ciudad Universitaria, Coyoacán, D.F.",1,0,1.39,4.0,6.2,1.26,1.92,3.08,1.98,1.74,1.5,1.83,2.41,1.91,1.4,3.01,2.73,1.39,2,0,0,1,1,2,0,-1,1,57,0,22135,2,1,4,2,3,2,6,5,1,0,0,0,1,0,1,31,22,81,39,1.45,1.44,2.89,0,0,0,0,0,0,1,1,0,0,0,1,0,0,1,14,31,1,9,14,1,12,8,52,77,37,78,1.32,1.05,1.17,1.18,1.17,1.18,49,23,1.33,0.97,2.3,21,True,True,False,False,False,False,True,3.55,4.82,1.83,3.17,1.38,1.36,2.13,3.78,1.92,1.89,1.95,1.90,1.44,2.89,1.52,2.43
Mexico_Liga_MX_2025-2026,2025/2026,1,Atlético San Luis,Tigres UANL,2026-01-12 01:00:00,1,2,3,5,3,8,1,2,0,0,1,3,12,5,13,8,4,13,48,52,Estadio Alfonso Lastras Ramírez,", ",1,2,3.06,3.26,2.2,1.27,1.94,3.14,1.8,1.98,1.51,1.86,2.38,1.89,1.32,2.77,2.73,1.38,3,0,0,1,2,3,0,1423,1,59,0,-1,2,1,4,1,1,2,5,3,1,2,0,0,3,0,1,40,27,99,120,1.19,0.93,2.12,0,0,0,0,0,0,1,1,0,0,0,0,0,0,1,24,28,1,14,6,1,6,7,51,77,35,61,0.95,1.89,0.94,1.91,0.94,1.91,49,23,1.23,1.75,2.98,21,True,True,True,False,False,False,True,3.51,2.33,3.14,2.94,1.42,1.30,1.98,3.38,1.88,1.93,1.75,2.14,1.39,3.12,1.52,2.44
Mexico_Liga_MX_2025-2026,2025/2026,2,Puebla,Mazatlán,2026-01-13 23:00:00,2,1,3,8,6,14,4,1,0,0,7,6,14,2,21,8,14,11,56,44,Estadio Cuauhtémoc,"Calle Calzada Ignacio Zaragoza, Colonia Unidad Deportiva Puebla, Puebla",4,1,1.9,3.44,3.9,1.23,1.95,3.45,1.87,1.83,1.45,1.95,2.55,2.01,1.33,2.6,2.8,1.4,3,2,0,0,1,1,2,1433,1,64,0,-1,2,1,5,4,3,2,9,5,1,1,3,0,2,3,1,52,34,83,93,2.18,1.18,3.36,0,0,0,0,0,0,1,1,1,0,2,0,0,0,1,23,27,1,13,21,1,1,11,64,78,42,78,0.76,0.67,0.67,0.78,0.67,0.78,36,22,1.32,1.06,2.38,21,True,True,True,False,False,False,True,3.76,5.36,1.71,2.85,1.45,1.30,1.94,3.24,,,1.86,1.99,1.38,3.17,,
Mexico_Liga_MX_2025-2026,2025/2026,2,Necaxa,Monterrey,2026-01-14 01:00:00,0,2,2,10,4,14,0,0,0,0,4,4,13,11,17,15,13,12,51,49,Estadio Victoria de Aguascalientes,"Avenida Manuel Madrigal 101, Colonia Héroes, Aguascalientes",0,0,2.45,3.4,2.4,1.22,1.65,2.74,1.53,2.47,1.41,1.82,2.6,2.04,1.31,2.4,3.1,1.54,2,0,2,0,0,0,2,1430,1,66,0,-1,2,-1,5,3,5,1,8,6,0,0,0,0,0,0,1,74,41,72,53,1.87,1.51,3.39,0,0,0,0,0,0,1,1,0,0,0,0,-1,-1,1,23,14,1,13,16,1,11,8,58,80,53,87,0.95,1.76,1.11,1.68,1.11,1.68,43,20,1.7,1.5,3.2,21,True,True,False,False,False,False,False,3.57,2.79,2.54,,,1.21,1.71,2.70,1.72,2.06,1.56,2.50,,,,
Mexico_Liga_MX_2025-2026,2025/2026,2,Pachuca,León,2026-01-14 01:06:00,2,1,3,4,6,10,1,0,0,0,8,2,6,11,14,13,8,4,46,54,Estadio Hidalgo,"Boulevard Felipe Angeles, Pachuca de Soto",1,0,1.77,3.83,4.44,1.19,1.83,3.1,1.71,1.98,1.43,1.94,2.6,2.05,1.3,2.45,2.99,1.44,3,1,0,1,1,2,1,1417,1,45,0,-1,2,1,4,2,0,4,6,4,1,0,0,0,1,0,1,42,22,95,55,1.75,1.12,2.87,0,0,0,0,0,0,1,1,0,0,1,1,0,0,1,20,21,1,10,11,1,6,7,47,77,44,69,1.3,0.81,1.25,0.89,1.25,0.89,53,24,1.48,1.25,2.73,21,True,True,True,False,False,False,True,3.68,4.28,1.88,2.72,1.48,1.28,1.86,3.05,,,1.73,2.17,1.35,3.34,,
Mexico_Liga_MX_2025-2026,2025/2026,2,Juárez,Guadalajara,2026-01-14 03:10:00,0,1,1,1,4,5,2,2,0,0,3,6,4,8,7,14,10,8,51,49,Estadio Olímpico Benito Juárez,"Avenida Heroico Colegio Militar, Ciudad Juárez",2,2,4.75,3.25,2.07,1.31,2.11,3.7,1.95,1.84,1.58,1.93,2.25,1.78,1.43,3.05,2.59,1.32,1,0,0,0,1,1,0,1431,1,64,0,-1,2,1,0,2,1,2,2,3,1,1,1,1,2,2,1,34,40,96,98,0.91,1.6,2.51,0,0,0,0,0,0,1,1,0,0,0,1,0,0,1,13,25,1,9,10,1,12,7,60,78,46,76,1.24,1.83,1.36,1.65,1.36,1.65,41,22,1.22,1.49,2.71,23,True,False,False,False,False,False,False,3.62,1.78,5.06,3.19,1.37,1.39,2.19,3.86,2.05,1.75,2.02,1.84,1.44,2.87,1.62,2.24
Mexico_Liga_MX_2025-2026,2025/2026,2,Cruz Azul,Atlas,2026-01-14 23:00:00,2,0,2,6,3,9,2,3,0,0,6,2,10,4,16,6,14,14,48,52,Estadio Azteca,"Calzada de Tlalpan 3665, Coyoacán, D.F.",2,3,1.35,4.95,8.0,1.23,1.73,2.52,1.95,1.76,1.44,1.94,2.58,2.02,1.29,2.39,3.22,1.5,2,2,0,0,0,0,2,1432,1,62,0,7519,2,1,3,0,3,3,3,6,2,2,0,1,4,1,1,28,6,104,61,1.64,0.57,2.21,0,0,0,0,0,0,1,1,1,0,0,0,0,0,1,23,20,1,14,14,1,6,16,56,83,46,69,2.0,1.24,1.86,1.11,1.86,1.11,45,18,1.84,1.06,2.9,21,True,True,False,False,False,False,False,5.02,7.98,1.40,2.58,1.54,1.25,1.78,2.94,1.76,2.04,2.03,1.83,,,,
Mexico_Liga_MX_2025-2026,2025/2026,2,Querétaro,Tijuana,2026-01-15 01:00:00,1,2,3,6,6,12,4,2,0,0,5,4,6,6,11,10,11,11,51,49,Estadio La Corregidora,"Avenida Luis Vega Monroy 409-4, Santiago de Querétaro",4,2,2.65,3.35,2.53,0.0,2.05,0.0,0.0,0.0,0.0,0.0,0.0,0.0,0.0,0.0,0.0,0.0,3,0,0,1,2,3,0,1418,1,44,0,-1,2,1,4,3,2,3,7,5,1,1,3,1,2,4,1,47,21,114,55,1.4,1.06,2.46,1,0,1,0,0,0,1,1,0,0,1,0,0,0,1,21,13,1,13,11,1,5,13,51,77,34,78,1.05,1.5,1.17,1.48,1.17,1.48,49,24,1.0,1.3,2.3,21,True,True,True,False,False,False,True,3.25,2.84,2.68,,,,,,,,,,,,,
Mexico_Liga_MX_2025-2026,2025/2026,2,América,Atlético San Luis,2026-01-15 01:05:00,0,2,2,1,8,9,1,0,1,0,1,7,8,9,9,16,14,9,46,54,Estadio Azteca,"Calzada de Tlalpan 3665, Coyoacán, D.F.",3,0,1.41,4.35,6.9,1.2,1.57,2.78,1.84,1.86,1.5,1.83,2.5,1.85,1.29,2.39,3.22,1.5,2,0,0,0,2,2,0,1449,1,64,0,-1,2,1,0,4,1,4,4,5,1,0,1,0,1,1,1,24,53,86,108,0.82,1.89,2.71,0,0,0,0,0,0,1,1,0,0,0,0,0,0,1,18,23,1,9,14,1,12,4,58,82,32,68,1.83,0.95,1.9,0.89,1.9,0.89,42,19,1.67,1.23,2.9,21,True,True,False,False,False,False,False,4.51,6.40,1.52,,,1.25,1.77,2.88,1.97,1.84,1.90,1.95,,,1.55,2.36
Mexico_Liga_MX_2025-2026,2025/2026,2,Tigres UANL,Pumas UNAM,2026-01-15 03:06:00,0,1,1,18,2,20,3,5,0,1,7,4,25,2,32,6,9,15,68,32,Estadio Universitario de Nuevo León,"Calle del Doctor Pedro de Alba, Colonia Ciudad Universitaria, San Nicolás de los Garza",3,6,1.57,3.7,6.0,1.32,1.98,3.14,2.03,1.87,1.54,2.02,2.36,1.8,1.36,2.77,3.09,1.38,1,0,1,0,0,0,1,1422,1,64,0,-1,2,1,6,2,12,0,8,12,1,2,2,4,3,6,1,86,25,116,60,3.11,0.85,3.96,0,0,0,0,0,0,1,1,0,0,0,1,0,0,1,26,9,1,19,10,1,1,21,47,82,33,56,1.89,1.32,1.96,1.16,1.96,1.16,54,19,1.72,1.34,3.06,22,True,False,False,False,False,False,False,4.01,5.82,1.62,2.89,1.44,1.31,1.96,3.42,1.95,1.86,1.95,1.90,1.38,3.15,1.54,2.36
Mexico_Liga_MX_2025-2026,2025/2026,2,Toluca,Santos Laguna,2026-01-15 03:10:00,3,1,4,5,1,6,2,6,0,0,9,2,13,1,22,3,15,11,73,27,Estadio Nemesio Díez,"Avenida Constituyentes Poniente No. 1000, Colonia La Merced, Toluca de Lerdo",2,6,1.09,7.25,12.0,1.06,1.29,1.63,1.64,2.13,1.35,1.65,2.74,2.05,1.14,1.7,4.65,1.94,4,0,1,3,0,3,1,1424,1,52,0,-1,2,1,3,1,2,0,4,2,2,2,0,4,4,4,1,71,32,119,80,2.53,0.57,3.1,1,0,1,0,0,0,1,1,0,0,0,0,0,0,1,22,12,1,9,14,1,5,13,60,69,40,77,2.04,1.0,2.08,1.11,2.08,1.11,41,31,1.77,1.21,2.98,21,True,True,True,True,False,False,True,8.45,12.10,1.19,,,,1.24,1.67,1.64,2.22,1.72,2.17,,,,
Mexico_Liga_MX_2025-2026,2025/2026,3,Mazatlán,Monterrey,2026-01-17 03:00:00,1,5,6,4,7,11,3,1,0,0,4,11,5,7,9,18,5,4,35,65,,,3,1,4.4,3.8,1.6,1.22,1.79,2.88,1.79,2.01,1.49,1.86,2.33,1.83,1.33,2.48,2.99,1.48,6,0,3,1,2,3,3,1430,1,66,0,-1,2,1,0,5,4,2,5,6,2,1,1,0,3,1,1,42,35,76,78,1.15,2.15,3.31,0,0,0,0,0,0,1,1,0,1,0,1,0,0,1,13,24,1,8,12,1,3,7,60,79,52,85,0.67,1.76,0.74,1.74,0.74,1.74,40,22,1.07,1.5,2.57,21,True,True,True,True,True,True,True,4.64,1.52,6.13,2.52,1.56,1.22,1.65,2.64,1.94,1.87,1.72,2.18,1.34,3.38,1.53,2.37
Mexico_Liga_MX_2025-2026,2025/2026,3,Necaxa,Atlas,2026-01-17 23:00:00,0,1,1,7,4,11,1,3,1,1,2,3,11,10,13,13,10,13,60,40,Estadio Victoria de Aguascalientes,"Avenida Manuel Madrigal 101, Colonia Héroes, Aguascalientes",2,5,1.64,3.6,3.95,1.18,1.8,2.93,1.71,2.11,1.35,1.62,2.92,2.23,1.3,2.5,3.05,1.46,1,0,1,0,0,0,1,1421,1,61,0,17557,2,1,1,3,6,1,4,7,2,2,0,2,4,2,1,13,17,96,72,1.07,1.16,2.22,0,0,0,0,0,0,1,1,0,0,0,0,0,0,1,29,15,1,13,10,1,8,11,53,84,56,82,0.95,1.24,1.05,1.05,1.05,1.05,47,16,1.71,1.03,2.74,21,True,False,False,False,False,False,False,3.73,4.26,1.88,,,1.27,1.88,3.05,1.69,2.13,1.77,2.12,,,,
Mexico_Liga_MX_2025-2026,2025/2026,3,Guadalajara,Querétaro,2026-01-17 23:07:00,2,1,3,7,2,9,2,3,0,0,8,4,14,7,22,11,11,11,67,33,Estadio AKRON,"Avenida Circuito JVC Número 2800, Centro JVC, Zapopan",2,3,1.23,4.8,9.8,1.22,1.7,2.62,2.23,1.69,1.46,1.91,2.41,1.89,1.33,2.63,2.99,1.47,3,1,0,1,1,2,1,1431,1,48,0,34839,2,1,6,1,1,1,7,2,0,2,2,1,2,3,1,26,15,100,79,2.14,1.09,3.23,0,0,0,0,0,0,1,1,0,0,1,0,0,0,1,15,22,1,11,11,1,9,12,53,71,43,76,1.83,1.05,1.71,1.11,1.71,1.11,48,30,1.5,1.02,2.52,21,True,True,True,False,False,False,True,5.31,11.71,1.31,2.54,1.55,1.22,1.71,2.74,,,2.21,1.70,1.34,3.35,,
Mexico_Liga_MX_2025-2026,2025/2026,3,Tigres UANL,Toluca,2026-01-18 01:00:00,0,0,0,3,3,6,3,4,1,0,2,4,5,8,7,12,16,26,49,51,Estadio Universitario de Nuevo León,"Calle del Doctor Pedro de Alba, Colonia Ciudad Universitaria, San Nicolás de los Garza",4,4,2.15,3.3,3.25,1.22,1.79,2.7,1.61,2.18,1.52,1.88,2.38,1.92,1.38,2.54,2.77,1.44,0,0,0,0,0,0,0,-1,1,54,0,-1,2,1,1,2,2,1,3,3,0,1,4,3,1,7,1,31,42,106,96,0.82,1.35,2.17,0,0,0,0,0,0,1,1,0,0,1,0,0,0,1,30,18,1,24,19,1,7,5,52,74,38,66,1.89,2.04,1.88,2.12,1.88,2.12,48,26,1.77,1.8,3.57,27,False,False,False,False,False,False,False,3.45,3.50,2.18,2.74,1.48,1.24,1.83,3.01,1.92,1.90,1.65,2.31,1.36,3.28,1.53,2.40
Mexico_Liga_MX_2025-2026,2025/2026,3,Cruz Azul,Puebla,2026-01-18 03:05:00,1,0,1,10,4,14,1,2,0,1,10,0,25,5,35,5,7,6,73,27,Estadio Azteca,"Calzada de Tlalpan 3665, Coyoacán, D.F.",1,4,1.39,4.2,5.51,1.22,1.67,2.8,1.75,1.91,1.4,1.73,2.58,1.98,1.31,2.65,3.1,1.46,1,0,0,1,0,1,0,1432,1,62,0,-1,2,1,6,2,4,2,8,6,0,1,1,2,1,3,1,101,17,123,49,3.61,0.44,4.06,0,0,0,0,0,0,1,1,0,0,0,0,0,0,1,26,17,1,9,14,1,3,16,60,81,41,70,2.0,0.76,1.91,0.79,1.91,0.79,40,19,1.83,1.37,3.2,21,True,False,False,False,False,False,False,4.33,5.60,1.59,,,1.26,1.79,2.97,,,1.88,1.97,,,,
Mexico_Liga_MX_2025-2026,2025/2026,3,Tijuana,Atlético San Luis,2026-01-18 03:06:00,1,1,2,2,1,3,4,0,0,0,4,2,4,8,8,10,16,8,46,54,Estadio Caliente,"Boulevard Agua Caliente 12027, Colonia Hipódromo, Tijuana",4,0,1.91,3.3,3.4,1.22,1.8,2.8,1.62,2.1,1.62,2.06,2.09,1.66,1.35,2.5,2.98,1.46,2,1,0,0,1,1,1,-1,1,54,0,-1,2,1,1,0,1,1,1,2,1,0,3,0,1,3,1,35,41,66,125,1.04,1.08,2.13,0,0,0,0,0,0,1,1,0,0,0,0,0,0,1,17,23,1,9,17,1,6,6,57,81,30,61,1.5,0.95,1.55,1.0,1.55,1.0,44,20,1.29,1.27,2.56,21,True,True,False,False,False,False,True,3.71,3.90,1.97,2.73,1.48,1.25,1.79,2.89,2.13,1.68,1.68,2.26,1.35,3.30,1.66,2.16
Mexico_Liga_MX_2025-2026,2025/2026,3,Pumas UNAM,León,2026-01-18 18:00:00,1,1,2,5,4,9,3,1,0,0,2,6,11,11,13,17,12,14,56,44,Estadio Olímpico de Universitario,"Calle Escobar, Colonia Ciudad Universitaria, Coyoacán, D.F.",3,1,1.95,3.5,3.25,1.22,1.83,2.97,1.67,2.06,1.49,2.04,2.44,1.86,1.35,2.66,2.9,1.41,2,0,1,1,0,1,1,-1,1,59,0,21487,2,1,2,1,3,3,3,6,2,1,1,0,3,1,1,54,43,82,23,1.35,1.78,3.13,0,0,0,0,0,0,1,1,0,1,1,1,0,0,1,18,19,1,14,12,1,10,9,46,80,31,64,1.32,0.81,1.25,0.84,1.25,0.84,54,21,1.31,1.24,2.55,21,True,True,False,False,False,False,True,3.57,3.38,2.19,2.84,1.45,1.28,1.88,3.22,1.92,1.90,1.73,2.17,1.38,3.18,1.52,2.43
Mexico_Liga_MX_2025-2026,2025/2026,3,Santos Laguna,Juárez,2026-01-18 23:00:00,2,2,4,6,3,9,4,4,0,0,6,9,15,15,21,24,18,13,40,60,Estadio Nuevo Corona,"Territorio Santos Modelo, Torreón",4,4,2.85,3.2,2.3,1.3,1.9,3.2,1.7,2.12,1.43,1.7,2.67,2.04,1.38,2.6,2.84,1.45,4,1,0,1,2,3,1,-1,1,64,0,11767,2,1,0,3,6,0,3,6,0,1,4,3,1,7,1,24,36,40,33,1.9,2.38,4.28,0,0,0,0,0,0,1,1,0,0,0,0,0,1,1,21,27,1,12,18,1,16,9,62,76,36,79,1.0,1.24,1.05,1.3,1.05,1.3,38,25,1.18,1.21,2.39,21,True,True,True,True,False,False,True,3.52,2.26,3.26,2.94,1.43,,,,,,1.75,2.14,1.40,3.08,,
Mexico_Liga_MX_2025-2026,2025/2026,3,Pachuca,América,2026-01-19 01:06:00,0,0,0,3,6,9,3,1,0,0,2,2,5,8,7,10,16,8,37,63,Estadio Hidalgo,"Boulevard Felipe Angeles, Pachuca de Soto",3,1,2.9,3.0,2.25,1.41,2.29,4.15,1.8,2.0,1.52,1.85,2.28,1.79,1.4,2.88,2.62,1.31,0,0,0,0,0,0,0,-1,1,53,0,-1,2,1,2,3,1,3,5,4,0,0,3,1,0,4,1,30,59,69,104,0.8,1.2,2.01,0,0,0,0,0,0,1,1,0,0,0,1,0,0,1,15,19,1,10,17,1,5,6,52,81,41,71,1.3,1.83,1.33,1.81,1.33,1.81,48,19,1.5,1.63,3.13,23,False,False,False,False,False,False,False,3.09,2.55,3.15,3.40,1.34,1.43,2.38,4.30,2.01,1.81,1.96,1.88,1.49,2.70,1.60,2.27
Mexico_Liga_MX_2025-2026,2025/2026,4,Puebla,Toluca,2026-01-31 01:00:00,0,0,0,0,12,12,2,3,1,0,1,5,3,23,4,28,10,9,30,70,Estadio Cuauhtémoc,"Calle Calzada Ignacio Zaragoza, Colonia Unidad Deportiva Puebla, Puebla",4,3,5.25,4.3,1.5,1.26,1.77,2.83,1.85,1.8,1.49,1.8,2.43,1.91,1.32,2.56,3.05,1.44,0,0,0,0,0,0,0,-1,1,55,0,-1,2,1,0,5,0,7,5,7,1,1,2,2,2,4,1,18,82,64,128,0.46,2.7,3.16,0,0,0,0,0,0,1,1,0,0,0,0,0,0,1,15,18,1,10,11,1,18,4,62,72,41,74,0.76,2.04,0.75,2.08,0.75,2.08,39,28,1.32,1.79,3.11,21,False,False,False,False,False,False,False,4.64,1.47,7.08,,,1.26,1.81,2.95,1.88,1.93,1.93,1.92,,,1.52,2.45
Mexico_Liga_MX_2025-2026,2025/2026,4,Pumas UNAM,Santos Laguna,2026-01-31 03:00:00,4,0,4,0,7,7,2,3,0,0,5,4,3,6,8,10,6,9,53,47,Estadio Olímpico de Universitario,"Calle Escobar, Colonia Ciudad Universitaria, Coyoacán, D.F.",2,3,1.55,4.0,4.6,1.2,1.52,2.45,1.6,2.13,1.39,1.67,2.45,2.1,1.25,2.2,3.44,1.56,4,4,0,0,0,0,4,1422,1,63,0,-1,2,1,0,2,0,5,2,5,2,3,0,0,5,0,1,28,32,60,90,1.06,1.15,2.21,0,0,0,0,0,0,1,1,0,0,0,0,1,0,1,19,22,1,19,8,1,12,9,54,76,30,71,1.32,1.0,1.24,1.05,1.24,1.05,46,25,1.31,1.21,2.52,21,True,True,True,True,False,False,False,4.58,5.89,1.54,2.42,1.60,1.20,1.63,2.59,,,1.75,2.15,,,,
Mexico_Liga_MX_2025-2026,2025/2026,4,Juárez,Cruz Azul,2026-01-31 03:06:00,3,4,7,4,7,11,1,2,0,1,8,7,10,10,18,17,5,6,58,42,Estadio Olímpico Benito Juárez,"Avenida Heroico Colegio Militar, Ciudad Juárez",1,4,3.41,3.2,2.0,1.3,2.0,3.55,1.75,1.91,1.56,2.21,2.26,1.8,1.36,3.06,2.85,1.36,7,1,3,2,1,3,4,1432,1,69,0,-1,-1,1,-1,-1,-1,-1,-1,-1,1,1,0,2,2,2,1,45,22,109,83,2.02,1.72,3.75,1,0,1,0,0,0,1,1,0,2,-1,-1,0,0,1,21,14,1,14,15,1,8,9,57,81,38,69,1.24,2.0,1.29,1.96,1.29,1.96,44,19,1.26,1.9,3.16,25,True,True,True,True,True,True,True,3.59,2.10,3.59,,,1.33,2.04,3.67,2.00,1.81,1.82,2.05,,,1.59,2.28
Mexico_Liga_MX_2025-2026,2025/2026,4,América,Necaxa,2026-01-31 22:00:00,2,0,2,5,0,5,1,2,0,1,6,1,9,5,15,6,13,12,64,36,Estadio Azteca,"Calzada de Tlalpan 3665, Coyoacán, D.F.",1,3,1.44,4.0,5.41,1.31,1.85,3.35,2.05,1.73,1.35,1.81,2.54,1.91,1.4,2.48,2.9,1.44,2,2,0,0,0,0,2,1420,1,60,0,-1,2,1,1,0,4,0,1,4,1,3,0,0,4,0,1,55,18,110,61,1.77,0.59,2.35,0,0,0,0,0,0,1,1,0,0,0,0,0,0,1,22,19,1,12,13,1,6,10,50,81,39,77,1.83,0.95,1.77,1.0,1.77,1.0,50,19,1.61,1.67,3.28,21,True,True,False,False,False,False,False,4.26,7.54,1.49,2.81,1.46,1.30,2.02,3.35,1.70,2.12,2.17,1.73,1.38,3.18,,
Mexico_Liga_MX_2025-2026,2025/2026,4,Atlas,Mazatlán,2026-01-31 23:00:00,1,0,1,4,4,8,1,1,0,0,6,4,11,7,17,11,18,8,56,44,Estadio Jalisco,"Calle 7 Colinas No. 1772, Colonia Independencia, Guadalajara",1,1,1.73,3.4,4.0,1.25,1.99,3.2,1.8,1.98,1.36,1.93,2.65,2.06,1.33,2.96,3.0,1.38,1,1,0,0,0,0,1,1421,1,63,0,19723,-1,1,-1,-1,-1,-1,-1,-1,0,0,1,1,0,2,1,21,20,86,79,1.65,1.13,2.77,0,0,0,0,0,0,1,1,0,0,-1,-1,0,0,1,19,13,1,8,18,1,8,10,58,80,53,80,1.24,0.67,1.15,0.7,1.15,0.7,43,20,1.04,1.08,2.12,21,True,False,False,False,False,False,False,3.79,4.33,1.85,2.89,1.44,1.30,1.94,3.33,1.75,2.05,1.82,2.04,1.38,3.14,,
Mexico_Liga_MX_2025-2026,2025/2026,4,Atlético San Luis,Guadalajara,2026-01-31 23:00:00,2,3,5,6,3,9,1,3,0,0,2,7,6,7,8,14,7,12,55,45,Estadio Alfonso Lastras Ramírez,", ",1,3,4.33,3.3,1.8,0.0,1.85,0.0,0.0,0.0,0.0,0.0,0.0,0.0,0.0,0.0,0.0,0.0,5,1,2,1,1,2,3,1431,1,58,0,-1,2,1,0,2,6,1,2,7,1,1,0,2,2,2,1,32,37,81,67,0.88,1.64,2.52,1,0,1,0,0,0,1,1,0,0,0,0,0,0,1,21,17,1,12,7,1,7,4,55,74,38,64,0.95,1.83,1.0,1.77,1.0,1.77,45,26,1.26,1.53,2.79,21,True,True,True,True,True,False,True,3.77,1.75,4.95,,,,,,,,,,,,,
Mexico_Liga_MX_2025-2026,2025/2026,4,Monterrey,Tijuana,2026-02-01 01:00:00,2,2,4,6,6,12,2,5,0,0,8,5,13,11,21,16,12,12,58,42,Estadio BBVA Bancomer,"Avenida Pablo Livas 2011, Colonia La Pastora, Guadalupe",2,5,1.57,4.0,5.0,1.18,1.7,2.8,1.68,2.02,1.5,2.07,2.41,1.7,1.29,2.43,3.16,1.5,4,1,1,1,1,2,2,-1,1,53,0,-1,2,1,1,5,5,1,6,6,0,3,2,2,3,4,1,37,47,95,85,2.15,1.7,3.85,0,1,0,1,0,0,1,1,0,1,0,1,0,0,1,13,18,1,14,12,1,9,11,55,81,42,79,1.76,1.5,1.79,1.52,1.79,1.52,45,19,1.53,1.28,2.81,24,True,True,True,True,False,False,True,4.10,5.03,1.68,2.60,1.53,1.24,1.75,2.87,1.87,1.94,1.78,2.10,1.34,3.36,1.50,2.45
Mexico_Liga_MX_2025-2026,2025/2026,4,León,Tigres UANL,2026-02-01 01:10:00,1,2,3,6,4,10,5,2,0,1,4,6,9,10,13,16,12,7,51,49,,,5,3,3.27,3.25,2.1,1.24,1.93,2.97,1.65,2.05,1.44,1.99,2.58,1.99,1.32,2.5,3.0,1.41,3,0,0,1,2,3,0,1423,1,50,0,-1,2,1,0,3,5,1,3,6,0,0,5,3,0,8,1,37,43,106,94,1.38,1.74,3.12,0,0,0,0,0,0,1,1,0,0,0,0,0,0,1,19,14,1,11,15,1,9,9,44,77,31,62,0.81,1.89,0.85,1.85,0.85,1.85,57,24,1.27,1.73,3.0,21,True,True,True,False,False,False,True,3.64,2.05,3.67,,,1.27,1.88,3.14,1.76,2.02,1.69,2.24,,,,
Mexico_Liga_MX_2025-2026,2025/2026,4,Querétaro,Pachuca,2026-02-01 23:00:00,0,0,0,5,3,8,1,2,1,1,1,1,4,12,5,13,17,12,46,54,Estadio La Corregidora,"Avenida Luis Vega Monroy 409-4, Santiago de Querétaro",3,4,3.23,3.4,2.15,1.31,2.0,3.58,1.75,1.94,1.54,2.09,2.38,1.87,1.41,2.98,2.66,1.33,0,0,0,0,0,0,0,-1,1,48,0,12338,2,1,4,1,1,2,5,3,0,0,2,3,0,5,1,23,12,89,95,0.57,0.99,1.56,0,0,0,0,0,0,1,1,0,0,0,0,0,0,1,37,16,1,12,17,1,15,9,53,74,43,77,1.05,1.3,1.05,1.32,1.05,1.32,48,26,1.02,1.46,2.48,21,False,False,False,False,False,False,False,3.46,2.26,3.30,3.18,1.38,1.36,2.16,3.88,1.95,1.86,1.89,1.96,1.44,2.87,1.56,2.31
