league,season,game_week,home_name,away_name,date,homeGoalCount,awayGoalCount,totalGoalCount,team_a_corners,team_b_corners,totalCornerCount,team_a_yellow_cards,team_b_yellow_cards,team_a_red_cards,team_b_red_cards,team_a_shotsOnTarget,team_b_shotsOnTarget,team_a_shotsOffTarget,team_b_shotsOffTarget,team_a_shots,team_b_shots,team_a_fouls,team_b_fouls,team_a_possession,team_b_possession,stadium_name,stadium_location,team_a_cards_num,team_b_cards_num,avg_odds_ft_1,avg_odds_ft_x,avg_odds_ft_2,avg_odds_ft_over15,avg_odds_ft_over25,avg_odds_ft_over35,avg_odds_btts_yes,avg_odds_btts_no,avg_odds_corners_over_85,avg_odds_corners_over_95,avg_odds_corners_under_85,avg_odds_corners_under_95,avg_odds_1st_half_over05,avg_odds_1st_half_over15,avg_odds_1st_half_under05,avg_odds_1st_half_under15,overallGoalCount,ht_goals_team_a,ht_goals_team_b,goals_2hg_team_a,goals_2hg_team_b,GoalCount_2hg,HTGoalCount,winningTeam,no_home_away,btts_potential,goalTimingDisabled,attendance,corner_timings_recorded,card_timings_recorded,team_a_fh_corners,team_b_fh_corners,team_a_2h_corners,team_b_2h_corners,corner_fh_count,corner_2h_count,team_a_fh_cards,team_b_fh_cards,team_a_2h_cards,team_b_2h_cards,total_fh_cards,total_2h_cards,attacks_recorded,team_a_dangerous_attacks,team_b_dangerous_attacks,team_a_attacks,team_b_attacks,team_a_xg,team_b_xg,total_xg,team_a_penalties_won,team_b_penalties_won,team_a_penalty_goals,team_b_penalty_goals,team_a_penalty_missed,team_b_penalty_missed,pens_recorded,goal_timings_recorded,team_a_0_10_min_goals,team_b_0_10_min_goals,team_a_corners_0_10_min,team_b_corners_0_10_min,team_a_cards_0_10_min,team_b_cards_0_10_min,throwins_recorded,team_a_throwins,team_b_throwins,freekicks_recorded,team_a_freekicks,team_b_freekicks,goalkicks_recorded,team_a_goalkicks,team_b_goalkicks,o25_potential,o15_potential,o15HT_potential,o05HT_potential,home_ppg,away_ppg,pre_match_home_ppg,pre_match_away_ppg,pre_match_teamA_overall_ppg,pre_match_teamB_overall_ppg,u25_potential,u15_potential,team_a_xg_prematch,team_b_xg_prematch,total_xg_prematch,matches_completed_minimum,over05,over15,over25,over35,over45,over55,btts,pinnacle_ft_2,pinnacle_ft_x,pinnacle_ft_1,pinnacle_btts_yes,pinnacle_btts_no,pinnacle_1st_half_over05,pinnacle_1st_half_over15,pinnacle_1st_half_under15,pinnacle_1st_half_under05,pinnacle_ft_over25,pinnacle_ft_over35,pinnacle_ft_over15,pinnacle_corners_under_85,pinnacle_corners_over_95,pinnacle_corners_under_95,pinnacle_corners_over_85
Netherlands_Eredivisie_2025-2026,2025/2026,1,Fortuna Sittard,Go Ahead Eagles,2025-08-08 18:00:00,2,2,4,8,5,13,2,2,0,1,8,2,28,4,36,6,10,9,67,33,Fortuna Sittard Stadion,"Milaanstraat, Sittard",2,4,2.95,3.5,2.38,1.2,1.67,2.62,1.57,2.25,1.5,1.68,2.65,1.91,1.35,2.45,3.1,1.44,4,1,1,1,1,2,2,-1,0,0,0,-1,2,1,2,4,5,1,6,6,0,0,2,3,0,5,1,75,26,110,54,3.35,0.71,4.06,0,0,0,0,0,0,1,1,0,0,0,0,0,0,1,15,14,1,9,10,1,5,17,0,0,0,0,1.64,0.67,0.0,0.0,0.0,0.0,0,0,0.0,0.0,0.0,23,True,True,True,True,False,False,True,2.58,3.50,2.78,1.61,2.39,1.35,2.69,1.49,3.30,1.77,2.86,1.23,2.63,1.78,2.02,1.44
Netherlands_Eredivisie_2025-2026,2025/2026,1,NEC,Excelsior,2025-08-09 14:30:00,5,0,5,7,2,9,1,1,0,0,10,6,6,3,16,9,14,14,62,38,,,1,1,1.73,3.76,4.4,1.2,1.8,2.58,1.62,2.38,1.33,1.65,2.87,2.12,1.34,2.4,3.1,1.44,5,1,0,4,0,4,1,379,0,0,0,-1,2,1,2,1,5,1,3,6,1,1,0,0,2,0,1,33,44,106,81,1.95,1.31,3.27,1,0,1,0,0,0,1,1,0,0,2,0,0,0,1,28,22,1,13,14,1,3,8,0,0,0,0,2.09,1.09,0.0,0.0,0.0,0.0,0,0,0.0,0.0,0.0,23,True,True,True,True,True,False,False,4.95,4.38,1.65,1.56,2.52,1.34,2.33,1.64,3.37,1.51,2.32,1.16,,,,
Netherlands_Eredivisie_2025-2026,2025/2026,1,Feyenoord,NAC Breda,2025-08-09 16:45:00,2,0,2,3,4,7,1,1,0,0,4,0,16,7,20,7,10,13,60,40,Stadion Feijenoord,"Van Zandvlietplein 1, Rotterdam",1,1,1.29,6.0,9.8,1.13,1.5,2.05,1.95,1.85,1.47,1.74,2.6,1.95,1.2,2.11,3.8,1.66,2,1,0,1,0,1,1,367,0,0,0,-1,2,1,2,2,1,2,4,3,0,0,1,1,0,2,1,69,21,125,56,2.04,0.6,2.64,0,0,0,0,0,0,1,1,1,0,0,1,0,0,1,22,20,1,13,10,1,7,13,0,0,0,0,2.08,0.64,0.0,0.0,0.0,0.0,0,0,0.0,0.0,0.0,23,True,True,False,False,False,False,False,8.15,5.26,1.38,1.97,1.88,,2.39,1.60,,1.64,2.62,1.21,2.62,1.81,2.00,1.45
Netherlands_Eredivisie_2025-2026,2025/2026,1,Heerenveen,Volendam,2025-08-09 18:00:00,1,1,2,9,2,11,1,1,0,0,6,3,12,2,18,5,8,9,58,42,Abe Lenstra Stadion,"Abe Lenstra Boulevard 23Q, Heerenveen",1,1,1.63,4.1,4.9,1.19,1.71,2.53,1.7,2.05,1.38,1.6,2.92,2.22,1.33,2.45,3.2,1.5,2,1,0,0,1,1,1,-1,0,0,0,-1,2,1,5,2,4,0,7,4,0,0,1,1,0,2,1,69,25,106,74,2.05,0.72,2.77,0,0,0,0,0,0,1,1,1,0,1,0,0,0,1,16,21,1,9,8,1,6,12,0,0,0,0,1.42,0.45,0.0,0.0,0.0,0.0,0,0,0.0,0.0,0.0,23,True,True,False,False,False,False,True,5.31,4.22,1.63,1.64,2.32,1.33,2.42,1.59,3.32,1.58,2.46,1.18,,1.66,2.18,
Netherlands_Eredivisie_2025-2026,2025/2026,1,PSV,Sparta Rotterdam,2025-08-09 19:00:00,6,1,7,8,5,13,1,1,0,0,12,4,11,4,23,8,8,2,66,34,Philips Stadion,"Frederiklaan 10, Eindhoven",1,1,1.22,7.2,12.0,1.11,1.4,2.04,1.86,1.88,1.26,1.54,3.2,2.2,1.22,1.99,3.9,1.81,7,3,0,3,1,4,3,121,0,0,0,-1,2,1,2,1,6,4,3,10,0,1,1,0,1,1,1,86,34,132,84,2.91,1.04,3.95,0,0,0,0,0,0,1,1,1,0,0,0,0,0,1,13,7,1,2,8,1,7,16,0,0,0,0,2.36,1.73,0.0,0.0,0.0,0.0,0,0,0.0,0.0,0.0,23,True,True,True,True,True,True,True,13.49,7.73,1.19,1.75,2.12,,1.87,1.99,,1.30,1.80,1.10,,1.47,2.56,
Netherlands_Eredivisie_2025-2026,2025/2026,1,PEC Zwolle,Twente,2025-08-10 10:15:00,1,0,1,2,4,6,4,1,0,0,2,4,5,12,7,16,14,15,43,57,MAC³PARK Stadion,"Stadionplein 1, Zwolle",4,1,3.65,3.6,1.95,1.22,1.73,2.7,1.65,2.1,1.5,1.77,2.4,1.94,1.33,2.5,3.3,1.45,1,1,0,0,0,0,1,380,0,0,0,-1,2,1,2,2,0,2,4,2,0,1,4,0,1,4,1,46,51,97,107,0.93,1.66,2.59,0,0,0,0,0,0,1,1,1,0,0,0,0,0,1,21,29,1,15,14,1,12,6,0,0,0,0,1.73,1.33,0.0,0.0,0.0,0.0,0,0,0.0,0.0,0.0,23,True,False,False,False,False,False,False,2.07,3.73,3.52,1.62,2.36,1.34,2.59,1.52,3.38,1.73,2.80,1.23,2.45,1.88,1.93,1.52
Netherlands_Eredivisie_2025-2026,2025/2026,1,AZ,Groningen,2025-08-10 12:30:00,4,1,5,6,1,7,2,2,0,0,5,8,5,3,10,11,11,12,51,49,AFAS Stadion,"Stadionweg 1, Alkmaar",2,2,1.38,4.96,7.7,1.17,1.66,2.53,1.83,1.85,1.6,2.0,2.3,1.8,1.3,2.34,3.2,1.53,5,3,1,1,0,1,4,378,0,0,0,-1,2,1,4,1,2,0,5,2,2,0,0,2,2,2,1,39,37,78,96,1.27,1.53,2.8,1,0,1,0,0,0,1,1,1,0,0,0,0,0,1,18,17,1,11,11,1,7,6,0,0,0,0,1.55,1.45,0.0,0.0,0.0,0.0,0,0,0.0,0.0,0.0,23,True,True,True,True,True,False,True,9.11,5.29,1.35,1.96,1.89,,,,,1.62,2.52,1.19,2.47,1.90,1.92,1.50
Netherlands_Eredivisie_2025-2026,2025/2026,1,Ajax,Telstar,2025-08-10 12:30:00,2,0,2,8,10,18,0,0,0,0,7,5,8,13,15,18,9,12,62,38,Johan Cruijff Arena,"ArenA Boulevard 1, Amsterdam",0,0,1.15,8.8,19.0,1.07,1.33,1.95,2.0,1.73,1.52,1.85,2.4,1.89,1.19,1.96,4.33,1.8,2,1,0,1,0,1,1,120,0,0,0,-1,2,-1,4,4,4,6,8,10,0,0,0,0,0,0,1,68,36,126,59,1.93,1.74,3.67,0,0,0,0,0,0,1,1,0,0,0,1,-1,-1,1,16,9,1,12,9,1,5,7,0,0,0,0,2.17,0.91,0.0,0.0,0.0,0.0,0,0,0.0,0.0,0.0,23,True,True,False,False,False,False,False,12.47,7.78,1.20,1.86,1.98,,1.88,1.92,,1.36,1.94,1.11,2.46,1.90,1.92,1.51
Netherlands_Eredivisie_2025-2026,2025/2026,1,Utrecht,Heracles,2025-08-10 14:45:00,4,0,4,4,4,8,1,2,0,0,7,3,11,7,18,10,10,16,48,52,Stadion Galgenwaard,"Herculesplein 241, Utrecht",1,2,1.43,3.95,5.5,1.25,1.75,3.0,1.8,1.95,1.32,1.66,2.75,2.1,1.3,2.4,3.3,1.5,4,1,0,3,0,3,1,376,0,0,0,-1,2,1,4,1,0,3,5,3,0,0,1,2,0,3,1,35,34,99,79,1.88,1.09,2.97,0,0,0,0,0,0,1,1,0,0,2,0,0,0,1,23,20,1,16,10,1,7,5,0,0,0,0,1.55,0.33,0.0,0.0,0.0,0.0,0,0,0.0,0.0,0.0,23,True,True,True,True,False,False,False,6.27,4.32,1.55,1.88,1.97,1.35,2.72,1.48,3.33,1.79,2.94,1.25,,1.66,2.18,
Netherlands_Eredivisie_2025-2026,2025/2026,2,Telstar,PEC Zwolle,2025-08-15 18:00:00,0,2,2,7,0,7,3,3,0,0,5,3,6,7,11,10,13,10,52,48,,,3,3,2.6,3.5,2.5,1.22,1.78,2.7,1.62,2.25,1.36,1.9,2.8,2.05,1.37,2.5,2.8,1.45,2,0,1,0,1,1,1,380,0,0,0,-1,2,1,4,0,3,0,4,3,2,1,1,2,3,3,1,54,28,107,76,1.44,1.05,2.49,0,0,0,0,0,0,1,1,0,1,1,0,0,0,1,30,14,1,10,13,1,5,9,0,0,0,0,0.67,0.58,0.0,0.0,0.0,3.0,0,0,0.0,0.0,0.0,23,True,True,False,False,False,False,False,2.76,3.59,2.55,1.56,2.52,1.35,2.62,1.52,3.36,1.70,2.70,1.21,,1.72,2.07,
Netherlands_Eredivisie_2025-2026,2025/2026,2,Excelsior,Feyenoord,2025-08-16 16:45:00,1,2,3,5,6,11,0,2,0,0,2,8,6,8,8,16,17,8,47,53,Van Donge & De Roo Stadion,"Honingerdijk 110, Rotterdam",0,2,5.6,4.5,1.5,1.17,1.57,2.25,1.62,2.16,1.38,1.65,2.8,1.95,1.25,2.15,3.58,1.62,3,1,2,0,0,0,3,367,0,0,0,-1,2,1,1,1,4,5,2,9,0,1,0,1,1,1,1,37,45,106,94,0.93,1.9,2.82,0,0,0,0,0,0,1,1,1,0,0,0,0,1,1,14,20,1,8,17,1,11,6,0,0,0,0,1.17,1.82,0.0,0.0,0.0,3.0,0,0,0.0,0.0,0.0,23,True,True,True,False,False,False,True,1.50,4.66,6.38,1.70,2.22,1.33,2.25,1.68,3.32,,,,2.50,1.85,1.97,1.50
Netherlands_Eredivisie_2025-2026,2025/2026,2,Heracles,NEC,2025-08-16 18:00:00,1,4,5,3,7,10,2,2,1,0,6,11,7,13,13,24,9,11,19,81,,,4,2,2.75,3.6,2.45,1.25,1.84,2.83,1.62,2.25,1.42,1.6,2.62,2.2,1.33,2.5,2.9,1.44,5,1,1,0,3,3,2,379,0,0,0,-1,2,1,1,4,2,3,5,5,2,1,1,1,3,2,1,31,119,64,133,1.46,3.13,4.59,0,0,0,0,0,0,1,1,1,0,0,0,0,0,1,9,16,1,11,9,1,11,7,0,0,0,0,1.18,1.58,0.0,0.0,0.0,3.0,0,0,0.0,0.0,0.0,23,True,True,True,True,True,False,True,2.34,3.60,3.04,1.59,2.44,1.35,2.62,1.52,3.33,1.74,2.79,1.22,,1.66,2.16,
Netherlands_Eredivisie_2025-2026,2025/2026,2,Groningen,Heerenveen,2025-08-16 19:00:00,2,1,3,3,8,11,4,2,0,0,5,5,3,11,8,16,9,15,54,46,,,4,2,2.29,3.44,3.5,1.29,2.0,3.25,1.73,2.0,1.65,2.04,2.25,1.7,1.38,2.7,2.84,1.4,3,1,1,1,0,1,2,372,0,0,0,-1,2,1,2,1,1,7,3,8,2,1,2,1,3,3,1,36,32,129,108,1.14,1.6,2.74,0,0,0,0,0,0,1,1,0,0,1,0,0,0,1,26,28,1,15,9,1,6,5,0,0,0,0,1.25,1.27,0.0,0.0,0.0,1.0,0,0,0.0,0.0,0.0,23,True,True,True,False,False,False,True,3.41,3.37,2.26,1.78,2.09,1.41,3.00,1.41,3.03,2.02,3.47,1.31,2.19,2.06,1.73,1.64
Netherlands_Eredivisie_2025-2026,2025/2026,2,Go Ahead Eagles,Ajax,2025-08-17 10:15:00,2,2,4,6,9,15,1,2,0,0,4,11,5,11,9,22,9,12,48,52,De Adelaarshorst,"Vetkampstraat 1, Deventer",1,2,4.13,4.0,1.7,1.11,1.43,2.23,1.48,2.55,1.55,1.67,2.3,1.85,1.33,2.1,3.32,1.67,4,2,2,0,0,0,4,-1,0,0,0,-1,2,1,3,3,3,6,6,9,1,1,0,1,2,1,1,55,45,100,79,1.25,2.47,3.73,0,0,0,0,0,0,1,1,0,1,1,0,0,0,1,16,7,1,12,9,1,8,6,0,0,0,0,1.36,1.45,0.0,0.0,1.0,3.0,0,0,0.0,0.0,0.0,23,True,True,True,True,False,False,True,1.91,4.00,3.85,1.48,2.76,1.33,2.20,1.71,3.32,1.50,2.19,1.15,,1.69,2.14,
Netherlands_Eredivisie_2025-2026,2025/2026,2,Sparta Rotterdam,Utrecht,2025-08-17 12:30:00,2,1,3,5,6,11,1,3,0,0,5,5,10,15,15,20,9,11,45,55,Sparta-Stadion Het Kasteel,"Spartapark Noord 1, Rotterdam",1,3,2.39,3.55,2.8,1.22,1.81,2.88,1.65,2.15,1.4,1.63,3.1,2.1,1.32,2.3,3.0,1.55,3,1,0,1,1,2,1,371,0,0,0,-1,2,1,2,2,3,4,4,7,0,0,1,3,0,4,1,30,52,84,129,1.52,1.99,3.51,1,0,1,0,0,0,1,1,0,0,0,0,0,0,1,17,24,1,10,9,1,7,5,0,0,0,0,1.5,1.08,0.0,0.0,0.0,3.0,0,0,0.0,0.0,0.0,23,True,True,True,False,False,False,True,2.79,3.52,2.56,1.66,2.28,1.37,2.78,1.47,3.23,1.85,3.06,1.26,,1.64,2.21,
Netherlands_Eredivisie_2025-2026,2025/2026,2,Twente,PSV,2025-08-17 12:30:00,0,2,2,8,6,14,1,2,0,0,4,4,15,11,19,15,10,12,50,50,De Grolsch Veste,"Colosseum 65, Enschede",1,2,5.2,4.45,1.57,1.14,1.35,2.08,1.47,2.61,1.36,1.8,2.6,1.9,1.2,2.0,4.0,1.85,2,0,1,0,1,1,1,121,0,0,0,-1,2,1,4,3,4,3,7,7,1,1,0,1,2,1,1,67,41,123,96,1.96,1.53,3.49,0,0,0,0,0,0,1,1,0,1,0,1,0,0,1,22,24,1,12,10,1,8,6,0,0,0,0,1.73,2.75,0.0,0.0,0.0,3.0,0,0,0.0,0.0,0.0,23,True,True,False,False,False,False,False,1.59,4.64,5.20,1.52,2.63,,2.12,1.78,,1.44,2.07,1.14,,1.76,2.04,
Netherlands_Eredivisie_2025-2026,2025/2026,2,Volendam,AZ,2025-08-17 14:45:00,2,2,4,3,4,7,1,3,0,0,3,3,5,16,8,19,10,10,34,66,Kras Stadion,"Sportlaan 10, Volendam",1,3,6.6,5.4,1.42,1.12,1.38,1.95,1.53,2.3,1.39,1.85,2.38,2.04,1.18,1.91,4.33,1.7,4,1,1,1,1,2,2,-1,0,0,0,-1,2,1,2,0,1,4,2,5,1,0,0,3,1,3,1,45,67,75,136,1.04,1.9,2.94,0,0,0,0,0,0,1,1,1,0,0,0,0,0,1,11,13,1,10,10,1,12,6,0,0,0,0,1.58,1.58,0.0,0.0,1.0,3.0,0,0,0.0,0.0,0.0,23,True,True,True,True,False,False,True,1.46,5.15,6.29,1.57,2.50,,2.07,1.81,,1.40,2.00,1.12,2.44,1.78,2.01,1.52
Netherlands_Eredivisie_2025-2026,2025/2026,2,NAC Breda,Fortuna Sittard,2025-08-17 18:00:00,2,1,3,4,5,9,2,3,0,0,6,4,8,6,14,10,8,15,39,61,Rat Verlegh Stadion,"Stadionstraat 23, Breda",2,3,2.06,3.4,3.1,1.27,2.03,3.55,1.75,2.0,1.47,1.86,2.42,1.85,1.42,3.14,2.65,1.4,3,1,0,1,1,2,1,385,0,0,0,-1,2,1,2,2,2,3,4,5,1,0,1,3,1,4,1,35,59,70,108,1.55,1.35,2.9,0,0,0,0,0,0,1,1,0,0,1,0,0,0,1,17,21,1,15,8,1,7,6,0,0,0,0,1.0,0.67,0.0,0.0,0.0,1.0,0,0,0.0,0.0,0.0,23,True,True,True,False,False,False,True,3.12,3.36,2.41,1.77,2.12,1.41,3.03,1.41,3.00,2.02,3.44,1.32,,,,
Netherlands_Eredivisie_2025-2026,2025/2026,3,Go Ahead Eagles,Sparta Rotterdam,2025-08-23 14:30:00,0,3,3,12,1,13,0,2,0,0,6,5,13,8,19,13,6,8,68,32,De Adelaarshorst,"Vetkampstraat 1, Deventer",0,2,2.15,3.88,2.88,1.17,1.72,2.3,1.48,2.67,1.34,1.81,3.28,2.19,1.23,2.37,3.42,1.55,3,0,1,0,2,2,1,371,0,100,0,-1,2,1,4,0,8,1,4,9,0,1,0,1,1,1,1,82,30,126,63,2.21,1.38,3.59,0,0,0,0,0,0,1,1,0,0,0,0,0,0,1,14,5,1,7,6,1,10,13,100,100,100,100,1.36,1.73,1.0,0.0,1.0,1.5,0,0,1.25,1.04,2.29,23,True,True,True,False,False,False,False,3.53,3.85,2.03,1.48,2.69,,2.30,1.66,,1.56,2.36,1.16,,,,
Netherlands_Eredivisie_2025-2026,2025/2026,3,PSV,Groningen,2025-08-23 16:45:00,4,2,6,6,4,10,0,2,0,0,7,6,16,11,23,17,11,11,66,34,Philips Stadion,"Frederiklaan 10, Eindhoven",0,2,1.14,8.3,15.0,1.08,1.3,1.83,1.91,1.88,1.41,1.7,2.65,2.04,1.15,1.92,4.75,1.88,6,1,1,3,1,4,2,121,0,100,0,-1,2,1,5,0,1,4,5,5,0,0,0,2,0,2,1,43,38,120,71,2.25,1.76,4.01,0,0,0,0,0,0,1,1,0,0,0,0,0,0,1,24,22,1,11,11,1,4,7,100,100,100,100,2.36,1.45,3.0,0.0,3.0,1.5,0,0,2.91,1.53,4.44,23,True,True,True,True,True,True,True,12.81,8.25,1.18,2.00,1.83,,1.93,1.92,,1.38,2.02,1.12,,1.65,2.20,
Netherlands_Eredivisie_2025-2026,2025/2026,3,Telstar,Volendam,2025-08-23 19:00:00,2,2,4,4,6,10,3,0,0,0,9,6,9,4,18,10,10,11,49,51,,,3,0,2.46,3.87,2.46,1.17,1.63,2.36,1.5,2.61,1.24,1.46,3.34,2.26,1.25,2.25,3.4,1.53,4,2,0,0,2,2,2,-1,0,50,0,-1,2,1,2,3,2,3,5,5,0,0,3,0,0,3,1,75,43,115,104,2.31,1.37,3.68,0,0,0,0,0,0,1,1,0,0,0,1,0,0,1,17,24,1,11,10,1,4,9,0,100,0,100,0.67,0.45,0.0,1.0,0.0,1.0,100,0,1.44,0.72,2.16,23,True,True,True,True,False,False,True,3.30,3.88,2.11,1.51,2.58,,2.38,1.62,,1.61,2.48,1.18,,1.59,2.26,
Netherlands_Eredivisie_2025-2026,2025/2026,3,Heerenveen,Twente,2025-08-24 10:15:00,1,2,3,7,4,11,1,2,1,0,3,5,15,4,18,9,10,19,55,45,Abe Lenstra Stadion,"Abe Lenstra Boulevard 23Q, Heerenveen",2,2,2.85,3.75,2.21,1.19,1.73,2.75,1.5,2.4,1.56,1.8,2.45,1.85,1.29,2.3,3.14,1.55,3,0,1,1,1,2,1,375,0,50,0,-1,2,1,3,2,4,2,5,6,0,1,2,1,1,3,1,68,22,114,97,1.84,1.09,2.93,0,0,0,0,0,0,1,1,0,0,1,0,0,1,1,16,21,1,19,10,1,5,11,0,50,0,100,1.42,1.33,1.0,0.0,0.5,0.0,100,50,2.05,1.66,3.71,23,True,True,True,False,False,False,True,2.65,3.50,2.70,1.69,2.20,1.36,2.79,1.46,3.26,1.89,3.06,1.28,2.58,1.77,2.01,1.45
Netherlands_Eredivisie_2025-2026,2025/2026,3,Utrecht,Excelsior,2025-08-24 12:30:00,4,1,5,7,5,12,0,0,0,0,10,4,6,8,16,12,6,15,50,50,Stadion Galgenwaard,"Herculesplein 241, Utrecht",0,0,1.36,5.0,7.0,1.14,1.41,2.2,1.66,2.15,1.41,1.94,2.62,2.1,1.22,2.0,3.8,1.68,5,2,0,2,1,3,2,376,0,0,0,-1,2,-1,6,2,1,3,8,4,0,0,0,0,0,0,1,28,50,68,109,1.91,1.41,3.32,0,0,0,0,0,0,1,1,0,0,0,0,-1,-1,1,22,14,1,15,6,1,9,4,100,100,0,100,1.55,1.09,3.0,0.0,1.5,0.0,0,0,1.88,1.31,3.19,23,True,True,True,True,True,False,True,6.92,4.85,1.45,1.71,2.16,,2.27,1.67,,1.55,2.34,1.17,,,,
Netherlands_Eredivisie_2025-2026,2025/2026,3,NEC,NAC Breda,2025-08-24 12:30:00,3,0,3,3,1,4,2,4,0,0,10,2,8,5,18,7,16,18,51,49,,,2,4,1.61,4.3,5.0,1.2,1.57,2.56,1.73,1.95,1.42,1.75,2.71,1.9,1.29,2.4,3.3,1.49,3,1,0,2,0,2,1,379,0,0,0,-1,2,1,1,1,2,0,2,2,2,3,0,1,5,1,1,50,26,112,87,2.2,0.78,2.98,1,0,1,0,0,0,1,1,1,0,0,0,0,1,1,17,17,1,17,16,1,4,9,50,100,0,100,2.09,0.64,3.0,0.0,3.0,1.5,50,0,1.95,0.6,2.55,23,True,True,True,False,False,False,False,5.35,4.42,1.60,1.58,2.40,,2.34,1.64,,1.54,2.38,1.17,,1.71,2.08,
Netherlands_Eredivisie_2025-2026,2025/2026,3,Ajax,Heracles,2025-08-24 14:45:00,2,0,2,10,1,11,0,2,0,0,10,0,17,4,27,4,10,15,66,34,Johan Cruijff Arena,"ArenA Boulevard 1, Amsterdam",0,2,1.22,7.0,11.0,1.12,1.34,1.96,1.89,1.95,1.34,1.65,3.1,2.1,1.18,1.95,4.33,1.8,2,1,0,1,0,1,1,120,0,0,0,-1,2,1,3,1,7,0,4,7,0,1,0,1,1,1,1,52,23,110,79,2.77,0.43,3.2,0,0,0,0,0,0,1,1,0,0,2,0,0,0,1,19,16,1,15,10,1,3,8,50,100,0,100,2.17,0.33,3.0,0.0,2.0,0.0,50,0,1.93,1.09,3.02,23,True,True,False,False,False,False,False,13.56,7.00,1.21,1.88,1.95,,1.93,1.92,,1.36,1.92,1.11,,1.60,2.27,
Netherlands_Eredivisie_2025-2026,2025/2026,4,Groningen,Heracles,2025-08-29 18:00:00,4,0,4,6,3,9,2,1,0,0,5,0,12,8,17,8,13,12,51,49,,,2,1,1.61,3.75,4.5,1.25,1.8,3.0,1.67,2.0,1.47,1.78,2.53,1.98,1.33,2.6,3.0,1.44,4,3,0,1,0,1,3,372,0,50,0,-1,2,1,2,1,4,2,3,6,1,0,1,1,1,2,1,33,35,92,98,1.66,0.77,2.43,0,0,0,0,0,0,1,1,1,0,1,0,0,0,1,17,24,1,12,13,1,8,3,75,100,50,100,1.25,0.33,3.0,0.0,1.0,0.0,25,0,1.14,0.76,1.9,23,True,True,True,True,False,False,False,5.31,4.03,1.67,1.78,2.07,1.34,2.68,1.50,3.40,1.80,2.96,1.25,2.51,1.86,1.95,1.49
Netherlands_Eredivisie_2025-2026,2025/2026,4,Volendam,Ajax,2025-08-30 14:30:00,1,1,2,2,7,9,2,3,0,0,4,4,7,9,11,13,12,15,31,69,Kras Stadion,"Sportlaan 10, Volendam",2,3,7.6,5.4,1.36,1.11,1.4,2.06,1.64,2.24,1.46,1.85,2.47,1.88,1.19,2.0,4.2,1.8,2,1,0,0,1,1,1,-1,0,100,0,-1,2,1,2,6,0,1,8,1,0,1,2,2,1,4,1,32,71,56,121,1.2,1.62,2.82,0,0,0,0,0,0,1,1,0,0,1,0,0,0,1,10,15,1,15,12,1,14,5,100,100,100,100,1.58,1.45,1.0,1.0,1.0,2.33,0,0,1.04,2.47,3.51,23,True,True,False,False,False,False,True,1.29,6.25,9.17,1.72,2.13,,,,,1.37,2.01,1.11,2.47,1.72,2.09,1.50
Netherlands_Eredivisie_2025-2026,2025/2026,4,Heerenveen,Go Ahead Eagles,2025-08-30 16:45:00,2,2,4,3,7,10,3,1,0,0,5,5,14,6,19,11,9,12,56,44,Abe Lenstra Stadion,"Abe Lenstra Boulevard 23Q, Heerenveen",3,1,2.17,3.5,3.15,1.12,1.61,2.4,1.48,2.5,1.28,1.6,3.08,2.3,1.25,2.25,3.34,1.61,4,1,1,1,1,2,2,-1,0,100,0,-1,2,1,1,4,1,3,5,4,0,1,3,0,1,3,1,51,40,109,87,1.92,1.34,3.26,0,0,0,0,0,0,1,1,0,1,0,2,0,0,1,21,27,1,12,9,1,9,8,75,100,50,100,1.42,0.67,0.5,1.0,0.33,0.67,25,0,1.94,0.71,2.65,23,True,True,True,True,False,False,True,3.26,3.90,2.12,1.44,2.83,,2.21,1.70,,1.50,2.23,1.15,,1.56,2.33,
Netherlands_Eredivisie_2025-2026,2025/2026,4,PSV,Telstar,2025-08-30 18:00:00,0,2,2,10,3,13,1,1,0,0,5,4,18,5,23,9,10,11,71,29,Philips Stadion,"Frederiklaan 10, Eindhoven",1,1,1.09,11.0,23.0,1.03,1.15,1.49,1.85,1.85,1.4,1.51,3.02,2.33,1.12,1.63,5.5,2.14,2,0,1,0,1,1,1,389,0,50,0,-1,2,1,5,1,5,2,6,7,0,0,1,1,0,2,1,99,29,129,66,2.51,1.06,3.57,0,0,0,0,0,0,1,1,0,0,2,0,0,0,1,23,13,1,11,10,1,6,11,50,100,50,100,2.36,0.91,3.0,0.0,3.0,0.33,50,0,2.58,1.74,4.32,23,True,True,False,False,False,False,False,19.14,12.76,1.09,1.88,1.92,,,,,1.18,1.51,,,1.51,2.45,
Netherlands_Eredivisie_2025-2026,2025/2026,4,Excelsior,Twente,2025-08-30 19:00:00,1,0,1,1,4,5,2,2,1,0,3,8,5,19,8,27,13,11,30,70,Van Donge & De Roo Stadion,"Honingerdijk 110, Rotterdam",4,2,3.8,3.8,1.85,1.15,1.63,2.55,1.57,2.4,1.44,1.6,2.6,2.05,1.26,2.49,3.34,1.57,1,0,0,1,0,1,0,374,0,75,0,-1,2,1,1,3,0,1,4,1,1,1,2,1,2,3,1,23,107,90,124,0.89,3.02,3.91,0,0,0,0,0,0,1,1,0,0,1,2,0,0,1,21,26,1,11,13,1,17,7,75,75,50,100,1.17,1.33,0.0,1.5,0.0,1.0,25,25,0.93,1.38,2.31,23,True,False,False,False,False,False,False,1.96,3.72,3.91,1.62,2.32,,2.59,1.53,,1.73,2.75,1.22,,1.74,2.05,
Netherlands_Eredivisie_2025-2026,2025/2026,4,Fortuna Sittard,NEC,2025-08-31 10:15:00,3,2,5,3,4,7,4,1,0,0,5,5,5,9,10,14,16,8,38,62,Fortuna Sittard Stadion,"Milaanstraat, Sittard",4,1,3.08,3.74,2.25,1.2,1.66,2.63,1.55,2.49,1.43,1.63,2.78,2.09,1.27,2.35,3.28,1.51,5,2,1,1,1,2,3,387,0,100,0,-1,2,1,3,2,0,2,5,2,2,1,2,0,3,2,1,29,87,65,125,1.19,1.86,3.06,1,0,1,0,0,0,1,1,1,0,0,1,0,0,1,15,28,1,7,16,1,8,2,100,100,100,100,1.64,1.58,1.0,3.0,0.5,3.0,0,0,3.35,3.13,6.48,23,True,True,True,True,True,False,True,2.24,3.84,3.07,1.50,2.61,1.32,2.40,1.61,3.28,1.60,2.49,1.18,,1.72,2.07,
Netherlands_Eredivisie_2025-2026,2025/2026,4,PEC Zwolle,Utrecht,2025-08-31 12:30:00,0,2,2,3,2,5,2,1,0,0,2,7,4,7,6,14,13,10,48,52,MAC³PARK Stadion,"Stadionplein 1, Zwolle",2,1,3.1,3.4,2.19,1.21,1.75,2.98,1.6,2.31,1.37,1.93,2.8,2.07,1.35,2.51,3.1,1.44,2,0,2,0,0,0,2,376,0,50,0,-1,2,1,2,0,1,2,2,3,0,1,2,0,1,2,1,46,25,103,95,0.86,1.56,2.43,0,0,0,0,0,0,1,1,0,0,2,0,0,0,1,20,15,1,10,13,1,7,9,50,50,0,100,1.73,1.08,3.0,0.0,3.0,2.0,50,50,0.93,1.99,2.92,23,True,True,False,False,False,False,False,2.15,3.52,3.51,1.65,2.26,1.37,2.76,1.47,3.24,1.83,2.99,1.25,,,,
Netherlands_Eredivisie_2025-2026,2025/2026,4,Sparta Rotterdam,Feyenoord,2025-08-31 12:30:00,0,4,4,1,9,10,1,2,1,0,2,11,5,13,7,24,5,9,38,62,Sparta-Stadion Het Kasteel,"Spartapark Noord 1, Rotterdam",3,2,3.9,3.65,1.76,1.18,1.65,2.52,1.58,2.3,1.41,1.74,2.58,2.04,1.3,2.3,3.5,1.55,4,0,1,0,3,3,1,367,0,100,0,-1,2,1,0,4,1,5,4,6,1,1,1,1,2,2,1,36,92,65,111,0.85,2.94,3.78,0,0,0,0,0,0,1,1,0,0,0,0,0,0,1,12,15,1,9,5,1,12,1,100,100,50,100,1.5,1.82,3.0,3.0,2.0,3.0,0,0,1.52,1.9,3.42,23,True,True,True,True,False,False,False,1.92,3.92,3.86,1.56,2.46,,2.41,1.60,,1.62,2.55,1.19,,1.69,2.14,
Netherlands_Eredivisie_2025-2026,2025/2026,4,NAC Breda,AZ,2025-08-31 14:45:00,0,1,1,1,7,8,0,5,1,0,6,8,5,17,11,25,8,13,38,62,Rat Verlegh Stadion,"Stadionstraat 23, Breda",2,5,4.8,4.1,1.72,1.23,1.74,2.7,1.62,2.1,1.52,2.1,2.32,1.91,1.29,2.43,3.58,1.49,1,0,0,0,1,1,0,378,0,100,0,-1,2,1,0,2,1,5,2,6,1,1,0,4,2,4,1,35,72,79,91,1.37,2.64,4.01,0,0,0,0,0,0,1,1,0,0,0,1,0,0,1,16,12,1,12,8,1,11,4,100,100,50,100,1.0,1.58,3.0,1.0,1.0,2.0,0,0,1.55,1.9,3.45,23,True,False,False,False,False,False,False,1.76,4.02,4.60,1.74,2.12,,2.66,1.51,,1.77,2.91,1.24,2.32,1.94,1.87,1.56
Netherlands_Eredivisie_2025-2026,2025/2026,5,Ajax,PEC Zwolle,2025-09-13 14:30:00,3,1,4,7,1,8,2,1,0,0,7,3,5,5,12,8,18,9,59,41,Johan Cruijff Arena,"ArenA Boulevard 1, Amsterdam",2,1,1.2,5.7,9.0,1.13,1.44,2.23,1.82,1.85,1.48,1.85,2.25,1.93,1.22,2.11,3.8,1.65,4,2,0,1,1,2,2,120,0,0,0,-1,2,1,6,0,1,1,6,2,1,0,1,1,1,2,1,62,37,111,74,1.7,0.99,2.69,0,0,0,0,0,0,1,1,0,0,2,0,0,0,1,15,10,1,9,18,1,10,6,0,100,0,100,2.17,0.58,3.0,3.0,2.0,2.0,100,0,2.35,1.05,3.4,23,True,True,True,True,False,False,True,9.46,6.17,1.30,1.85,2.00,,2.20,1.71,,1.46,2.20,1.15,2.50,1.86,1.93,1.48
Netherlands_Eredivisie_2025-2026,2025/2026,5,NEC,PSV,2025-09-13 16:45:00,3,5,8,8,4,12,2,5,0,0,7,11,13,7,20,18,8,18,57,43,,,2,5,4.2,4.2,1.68,1.06,1.46,1.82,1.36,2.8,1.33,1.73,2.83,2.14,1.18,1.98,4.33,1.88,8,1,3,2,2,4,4,121,0,0,0,-1,2,1,5,2,3,2,7,5,2,0,0,5,2,5,1,62,37,104,81,2.2,2.17,4.36,0,0,0,0,0,0,1,1,0,0,1,0,0,0,1,23,13,1,17,8,1,4,6,50,100,0,100,2.09,2.75,3.0,3.0,2.25,2.25,50,0,2.08,1.53,3.61,23,True,True,True,True,True,True,True,1.63,4.46,5.04,1.34,3.24,,1.90,1.97,,1.30,1.77,1.10,,1.72,2.07,
Netherlands_Eredivisie_2025-2026,2025/2026,5,Go Ahead Eagles,Volendam,2025-09-13 17:10:00,3,0,3,7,7,14,1,1,0,0,13,1,6,18,19,19,12,9,46,54,De Adelaarshorst,"Vetkampstraat 1, Deventer",1,1,1.54,4.6,5.0,1.11,1.6,1.87,1.52,2.55,1.21,1.53,3.58,2.64,1.2,2.04,4.2,1.8,3,3,0,0,0,0,3,366,0,75,0,-1,2,1,1,2,6,5,3,11,1,1,0,0,2,0,1,29,66,68,108,2.31,1.74,4.05,0,0,0,0,0,0,1,1,2,0,0,1,0,0,1,17,16,1,9,12,1,10,5,75,100,50,100,1.36,0.45,0.5,1.0,0.75,1.0,25,0,1.73,1.04,2.77,23,True,True,True,False,False,False,False,5.53,4.85,1.54,1.46,2.73,,1.98,1.89,,1.36,1.90,1.10,,,,
Netherlands_Eredivisie_2025-2026,2025/2026,5,Feyenoord,Heerenveen,2025-09-13 19:00:00,1,0,1,6,3,9,2,1,1,1,5,1,4,10,9,11,10,11,47,53,Stadion Feijenoord,"Van Zandvlietplein 1, Rotterdam",4,2,1.36,5.1,7.2,1.13,1.52,2.35,1.83,2.15,1.51,1.89,2.32,1.85,1.27,2.12,3.6,1.69,1,1,0,0,0,0,1,367,0,50,0,-1,2,1,3,1,3,2,4,5,1,1,2,1,2,3,1,50,60,76,110,1.28,1.21,2.49,0,0,0,0,0,0,1,1,0,0,0,0,0,0,1,18,23,1,11,10,1,7,10,50,100,50,100,2.08,1.27,3.0,0.0,3.0,0.5,50,0,2.04,1.6,3.64,23,True,False,False,False,False,False,False,8.39,5.76,1.34,1.69,2.20,,2.07,1.81,,1.40,2.04,1.13,,1.76,2.02,
Netherlands_Eredivisie_2025-2026,2025/2026,5,Twente,NAC Breda,2025-09-13 19:00:00,2,2,4,4,3,7,2,1,0,0,6,4,9,6,15,10,15,17,60,40,De Grolsch Veste,"Colosseum 65, Enschede",2,1,1.45,4.6,6.0,1.22,1.62,2.67,1.82,1.87,1.41,1.77,2.6,1.95,1.29,2.38,3.3,1.53,4,0,1,2,1,3,1,-1,0,0,0,-1,2,1,3,1,1,2,4,3,1,1,1,0,2,1,1,61,28,119,79,1.81,1.12,2.93,1,0,1,0,0,0,1,1,0,1,1,0,0,0,1,25,29,1,16,15,1,5,10,25,100,0,100,1.73,0.64,0.0,0.0,0.75,0.75,75,0,1.96,0.69,2.65,23,True,True,True,True,False,False,True,6.13,4.66,1.52,1.81,2.04,1.35,2.49,1.57,3.32,1.64,2.62,1.20,,1.77,2.01,
Netherlands_Eredivisie_2025-2026,2025/2026,5,Excelsior,Sparta Rotterdam,2025-09-14 10:15:00,0,1,1,7,2,9,3,1,1,0,4,7,13,12,17,19,11,8,53,47,Van Donge & De Roo Stadion,"Honingerdijk 110, Rotterdam",4,1,2.38,3.58,2.82,1.21,1.66,2.47,1.5,2.33,1.3,1.8,2.97,2.21,1.27,2.3,3.5,1.52,1,0,0,0,1,1,0,371,0,50,0,-1,2,1,3,0,4,2,3,6,1,1,3,0,2,3,1,54,43,112,104,1.75,2.0,3.75,0,0,0,0,0,0,1,1,0,0,1,0,0,0,1,18,13,1,8,11,1,8,6,75,75,50,75,1.17,1.73,1.5,1.5,0.75,1.5,25,25,0.91,1.21,2.12,23,True,False,False,False,False,False,False,2.67,3.70,2.57,1.43,2.83,,2.34,1.64,,1.55,2.34,1.16,,,,
Netherlands_Eredivisie_2025-2026,2025/2026,5,Utrecht,Groningen,2025-09-14 12:30:00,0,1,1,3,4,7,0,4,0,0,3,6,11,7,14,13,9,16,45,55,Stadion Galgenwaard,"Herculesplein 241, Utrecht",0,4,1.74,3.8,4.75,1.21,1.63,3.27,1.8,1.95,1.63,2.83,1.96,1.58,1.38,2.45,3.1,1.39,1,0,0,0,1,1,0,372,0,75,0,-1,2,1,2,3,1,1,5,2,0,1,0,3,1,3,1,26,39,92,113,1.29,1.53,2.82,0,0,0,0,0,0,1,1,0,0,1,0,0,0,1,19,22,1,16,9,1,9,8,100,100,75,100,1.55,1.45,3.0,0.0,2.25,1.5,0,0,1.89,1.65,3.54,23,True,False,False,False,False,False,False,5.18,3.78,1.73,1.90,1.95,1.40,2.96,1.42,3.06,1.98,3.27,1.31,,,,
Netherlands_Eredivisie_2025-2026,2025/2026,5,Heracles,AZ,2025-09-14 12:30:00,1,2,3,6,9,15,1,5,0,0,6,8,13,17,19,25,11,11,52,48,,,1,5,5.4,4.58,1.44,1.17,1.5,2.3,1.62,2.0,1.41,1.7,2.6,1.99,1.25,2.23,3.6,1.58,3,1,1,0,1,1,2,378,0,75,0,-1,2,1,3,7,3,2,10,5,0,2,1,3,2,4,1,54,45,90,84,2.0,2.45,4.45,0,0,0,0,0,0,1,1,0,1,0,3,0,0,1,16,10,1,11,11,1,8,12,75,75,75,75,1.18,1.58,0.0,2.0,0.0,2.33,25,25,1.46,2.27,3.73,23,True,True,True,False,False,False,True,1.64,4.33,5.07,1.59,2.38,,2.31,1.65,,1.54,2.36,1.16,,,,
Netherlands_Eredivisie_2025-2026,2025/2026,5,Telstar,Fortuna Sittard,2025-09-14 14:45:00,1,3,4,10,1,11,1,0,0,0,7,6,11,3,18,9,14,17,56,44,,,1,0,1.92,3.4,3.15,1.22,1.73,2.55,1.53,2.41,1.46,1.82,2.45,1.88,1.33,2.81,3.2,1.47,4,1,1,0,2,2,2,387,0,75,0,-1,2,1,2,0,8,1,2,9,0,0,1,0,0,1,1,65,18,119,87,2.1,1.13,3.23,0,0,0,0,0,0,1,1,0,1,1,0,0,0,1,22,11,1,17,14,1,3,9,75,100,25,100,0.67,0.67,0.5,0.0,1.0,1.33,25,0,1.87,1.35,3.22,23,True,True,True,True,False,False,True,3.71,3.46,2.10,1.65,2.27,1.37,2.81,1.46,3.19,1.83,2.98,1.26,,,,
Netherlands_Eredivisie_2025-2026,2025/2026,3,Feyenoord,Fortuna Sittard,2025-09-17 18:00:00,2,0,2,13,0,13,0,1,0,0,5,0,14,5,19,5,11,9,57,43,Stadion Feijenoord,"Van Zandvlietplein 1, Rotterdam",0,1,1.26,6.0,10.5,1.11,1.4,2.18,1.75,1.94,1.4,1.85,2.79,2.13,1.2,2.1,3.9,1.67,2,1,0,1,0,1,1,367,0,50,0,-1,2,1,7,0,6,0,7,6,0,1,0,0,1,0,1,81,31,119,64,2.13,0.55,2.68,0,0,0,0,0,0,1,1,0,0,2,0,0,0,1,23,18,1,9,11,1,4,16,50,75,25,100,2.08,0.67,3.0,1.5,3.0,1.75,50,25,1.66,1.24,2.9,23,True,True,False,False,False,False,False,11.21,5.57,1.29,1.83,2.01,,2.19,1.69,,1.47,2.14,1.15,,1.69,2.10,
Netherlands_Eredivisie_2025-2026,2025/2026,6,Sparta Rotterdam,Twente,2025-09-19 18:00:00,1,5,6,1,6,7,0,1,0,0,2,11,5,12,7,23,7,6,45,55,Sparta-Stadion Het Kasteel,"Spartapark Noord 1, Rotterdam",0,1,2.67,3.35,2.52,1.2,1.72,2.53,1.6,2.53,1.37,1.92,2.75,2.07,1.3,2.34,3.08,1.5,6,1,1,0,4,4,2,375,0,42,0,-1,2,1,1,3,0,3,4,3,0,1,0,0,1,0,1,42,47,78,83,0.89,2.55,3.44,0,0,0,0,0,0,1,1,0,0,0,2,0,0,1,19,17,1,6,7,1,14,10,67,67,0,84,1.5,1.33,1.5,1.0,1.8,0.8,34,34,1.18,1.92,3.1,23,True,True,True,True,True,True,True,2.45,3.59,2.88,1.54,2.56,,2.50,1.56,,1.68,2.62,1.20,,1.71,2.08,
Netherlands_Eredivisie_2025-2026,2025/2026,6,Volendam,Excelsior,2025-09-20 14:30:00,1,2,3,5,3,8,2,2,0,0,7,6,7,9,14,15,11,19,49,51,Kras Stadion,"Sportlaan 10, Volendam",2,2,2.2,4.01,3.06,1.13,1.5,2.2,1.41,2.87,1.43,1.9,2.62,2.05,1.25,2.1,3.58,1.65,3,1,1,0,1,1,2,374,0,75,0,-1,2,1,2,0,3,3,2,6,1,1,1,1,2,2,1,39,45,96,84,1.66,1.69,3.35,0,0,0,0,0,0,1,1,0,1,0,0,0,0,1,14,18,1,19,11,1,10,7,75,100,50,100,1.58,1.09,1.0,0.0,0.8,0.6,25,0,1.12,1.36,2.48,23,True,True,True,False,False,False,True,3.13,3.74,2.24,1.48,2.74,,2.40,1.61,,1.57,2.40,1.17,,1.74,2.07,
Netherlands_Eredivisie_2025-2026,2025/2026,6,Groningen,Telstar,2025-09-20 16:45:00,2,0,2,7,2,9,1,3,0,0,6,3,10,4,16,7,9,10,55,45,,,1,3,1.65,3.83,4.9,1.24,1.6,2.32,1.85,1.95,1.55,2.26,2.26,1.76,1.33,2.54,3.23,1.43,2,1,0,1,0,1,1,372,0,25,0,-1,2,1,3,1,4,1,4,5,0,0,1,3,0,4,1,44,31,105,90,1.75,0.89,2.64,0,0,0,0,0,0,1,1,0,0,0,0,0,0,1,16,25,1,10,9,1,7,8,50,100,50,100,1.25,0.91,3.0,1.5,1.8,0.8,50,0,1.4,1.4,2.8,23,True,True,False,False,False,False,False,6.21,4.27,1.56,1.85,2.01,1.35,2.73,1.48,3.31,1.80,2.97,1.25,2.28,1.96,1.83,1.58
Netherlands_Eredivisie_2025-2026,2025/2026,6,Fortuna Sittard,Utrecht,2025-09-20 18:00:00,1,0,1,1,11,12,4,2,0,0,3,5,4,9,7,14,12,7,36,64,Fortuna Sittard Stadion,"Milaanstraat, Sittard",4,2,3.85,3.55,1.89,1.25,1.77,3.04,1.65,2.15,1.39,1.68,2.67,2.0,1.36,2.46,3.29,1.53,1,1,0,0,0,0,1,387,0,75,0,-1,2,1,1,4,0,7,5,7,2,0,2,2,2,4,1,19,67,91,128,0.8,1.73,2.53,0,0,0,0,0,0,1,1,0,0,1,1,0,0,1,11,22,1,7,12,1,7,7,75,100,75,100,1.64,1.08,2.0,1.5,1.4,1.8,25,0,2.27,1.78,4.05,23,True,False,False,False,False,False,False,2.26,3.54,3.25,1.68,2.26,,,,,1.85,3.07,1.26,2.56,1.79,2.00,1.46
Netherlands_Eredivisie_2025-2026,2025/2026,6,NAC Breda,Heracles,2025-09-20 19:00:00,2,1,3,10,4,14,1,2,0,0,4,5,13,9,17,14,9,16,63,37,Rat Verlegh Stadion,"Stadionstraat 23, Breda",1,2,2.18,3.37,3.17,1.19,1.82,2.78,1.62,2.15,1.45,1.68,2.55,2.04,1.3,2.5,3.1,1.45,3,0,1,2,0,2,1,385,0,25,0,-1,2,1,4,2,6,2,6,8,1,0,0,2,1,2,1,78,35,117,75,1.92,1.49,3.4,0,0,0,0,0,0,1,1,0,0,0,1,0,0,1,24,18,1,16,9,1,5,7,59,75,17,75,1.0,0.33,1.5,0.0,0.8,0.0,42,25,1.46,0.76,2.22,23,True,True,True,False,False,False,True,4.22,3.86,1.85,1.68,2.26,1.34,2.64,1.52,3.38,1.76,2.89,1.24,,,,
Netherlands_Eredivisie_2025-2026,2025/2026,6,PEC Zwolle,Go Ahead Eagles,2025-09-21 10:15:00,0,2,2,3,7,10,1,2,1,0,1,9,7,11,8,20,5,8,28,72,MAC³PARK Stadion,"Stadionplein 1, Zwolle",3,2,2.35,3.7,2.75,1.18,1.7,2.53,1.53,2.25,1.4,1.66,2.93,2.05,1.3,2.34,3.35,1.54,2,0,0,0,2,2,0,366,0,50,0,-1,2,1,0,2,3,5,2,8,1,2,1,0,3,1,1,35,92,64,139,0.83,2.56,3.39,0,0,0,0,0,0,1,1,0,0,0,0,1,0,1,14,25,1,8,5,1,21,9,50,75,75,100,1.73,0.67,1.5,1.0,1.5,1.2,50,25,0.9,1.02,1.92,23,True,True,False,False,False,False,False,2.65,3.52,2.69,1.55,2.54,,,,,1.71,2.68,1.21,,1.65,2.20,
Netherlands_Eredivisie_2025-2026,2025/2026,6,PSV,Ajax,2025-09-21 12:30:00,2,2,4,9,5,14,2,5,0,0,8,6,8,8,16,14,17,13,62,38,Philips Stadion,"Frederiklaan 10, Eindhoven",2,5,1.65,4.1,4.5,1.06,1.34,2.01,1.41,2.69,1.37,1.62,2.61,2.06,1.2,2.11,4.1,1.76,4,1,1,1,1,2,2,-1,0,84,0,-1,2,1,4,1,5,4,5,9,1,1,1,4,2,5,1,44,34,118,59,1.9,1.54,3.44,0,1,0,1,0,0,1,1,1,0,0,1,0,0,1,10,19,1,13,16,1,9,8,59,100,59,100,2.36,1.45,2.0,1.0,2.4,2.2,42,0,2.56,2.05,4.61,23,True,True,True,True,False,False,True,5.17,4.44,1.62,1.45,2.88,,,,,1.38,1.93,1.11,,,,
Netherlands_Eredivisie_2025-2026,2025/2026,6,Heerenveen,NEC,2025-09-21 12:30:00,3,2,5,6,6,12,2,1,0,1,8,6,6,5,14,11,10,14,39,61,Abe Lenstra Stadion,"Abe Lenstra Boulevard 23Q, Heerenveen",2,3,2.45,3.85,2.6,1.14,1.47,2.34,1.43,2.66,1.39,1.6,2.88,2.17,1.25,2.38,3.6,1.58,5,1,0,2,2,4,1,373,0,100,0,-1,2,1,4,2,2,4,6,6,1,0,1,2,1,3,1,42,42,73,104,1.74,1.43,3.17,0,0,0,0,0,0,1,1,0,0,0,0,0,0,1,20,24,1,14,10,1,8,4,84,100,67,100,1.42,1.58,0.67,1.5,0.4,1.8,17,0,1.93,2.5,4.43,23,True,True,True,True,True,False,True,2.81,3.85,2.40,1.44,2.90,,,,,1.52,2.29,1.16,,1.65,2.17,
Netherlands_Eredivisie_2025-2026,2025/2026,6,AZ,Feyenoord,2025-09-21 14:45:00,3,3,6,4,11,15,4,4,0,1,5,3,4,16,9,19,9,10,53,47,AFAS Stadion,"Stadionweg 1, Alkmaar",4,5,2.48,3.25,2.75,1.17,1.61,2.3,1.5,2.76,1.51,2.1,2.04,1.92,1.25,2.25,3.32,1.57,6,1,1,2,2,4,2,-1,0,75,0,-1,2,1,2,10,2,1,12,3,3,0,1,5,3,6,1,45,49,105,94,1.25,1.76,3.01,1,1,1,1,0,0,1,1,0,0,2,0,0,0,1,17,18,1,9,8,1,8,7,100,100,75,100,1.55,1.82,3.0,3.0,2.5,3.0,0,0,1.27,2.42,3.69,23,True,True,True,True,True,True,True,2.75,3.81,2.46,1.47,2.78,1.33,2.34,1.63,3.32,1.56,2.37,1.16,2.42,1.88,1.92,1.52
Netherlands_Eredivisie_2025-2026,2025/2026,3,AZ,PEC Zwolle,2025-09-24 18:00:00,2,2,4,9,1,10,1,2,0,0,9,4,19,4,28,8,12,10,65,35,AFAS Stadion,"Stadionweg 1, Alkmaar",1,2,1.31,5.7,8.0,1.1,1.45,2.17,1.71,2.17,1.35,1.77,2.65,2.19,1.22,2.07,3.7,1.67,4,2,1,0,1,1,3,-1,0,75,0,-1,2,1,5,1,4,0,6,4,1,1,0,1,2,1,1,79,19,150,61,2.96,0.93,3.89,0,0,0,0,0,0,1,1,0,0,1,1,0,0,1,26,12,1,10,12,1,4,17,75,100,75,100,1.55,0.58,2.0,1.5,2.2,1.2,25,0,1.26,1.02,2.28,23,True,True,True,True,False,False,True,8.79,5.95,1.32,1.81,2.05,,2.18,1.71,,1.46,2.20,1.14,,1.68,2.15,
Netherlands_Eredivisie_2025-2026,2025/2026,7,Twente,Fortuna Sittard,2025-09-26 18:00:00,3,2,5,4,5,9,1,2,0,0,10,4,8,4,18,8,14,13,55,45,De Grolsch Veste,"Colosseum 65, Enschede",1,2,1.52,4.6,5.1,1.21,1.47,2.25,1.86,2.0,1.46,1.75,2.52,1.98,1.25,2.3,3.5,1.57,5,1,0,2,2,4,1,375,0,59,0,-1,2,1,3,4,1,1,7,2,0,1,1,1,1,2,1,68,33,126,114,2.33,1.04,3.37,1,0,1,0,0,0,1,1,0,0,0,1,0,0,1,25,21,1,12,14,1,3,7,59,100,17,100,1.73,0.67,0.5,1.0,1.17,1.67,42,0,1.89,1.01,2.9,23,True,True,True,True,True,False,True,7.81,4.94,1.41,1.87,1.99,,2.49,1.57,,1.64,2.61,1.20,2.65,1.80,2.01,1.44
Netherlands_Eredivisie_2025-2026,2025/2026,7,Ajax,NAC Breda,2025-09-27 14:30:00,2,1,3,2,7,9,2,3,0,1,7,7,5,10,12,17,11,14,51,49,Johan Cruijff Arena,"ArenA Boulevard 1, Amsterdam",2,4,1.28,5.0,9.0,1.1,1.41,2.14,1.78,1.95,1.48,1.79,2.62,1.93,1.19,2.04,3.74,1.69,3,1,1,1,0,1,2,120,0,33,0,-1,2,1,0,6,2,1,6,3,2,2,0,2,4,2,1,29,43,67,133,1.46,1.88,3.34,0,1,0,1,0,0,1,1,1,0,0,2,0,0,1,12,23,1,14,10,1,3,3,50,100,17,100,2.17,0.64,3.0,0.33,2.0,1.17,50,0,2.14,0.83,2.97,23,True,True,True,False,False,False,True,10.46,6.09,1.27,1.95,1.88,,2.16,1.71,,1.48,2.27,1.16,2.63,1.81,2.00,1.44
Netherlands_Eredivisie_2025-2026,2025/2026,7,Volendam,PEC Zwolle,2025-09-27 16:45:00,2,1,3,3,5,8,2,3,0,0,3,2,12,12,15,14,11,12,37,63,Kras Stadion,"Sportlaan 10, Volendam",2,3,2.75,3.5,2.5,1.18,1.65,2.49,1.51,2.42,1.52,1.85,2.4,1.85,1.3,2.45,3.3,1.51,3,1,1,1,0,1,2,398,0,84,0,-1,2,1,3,1,0,4,4,4,0,1,2,2,1,4,1,28,55,67,103,1.36,1.42,2.78,0,0,0,0,0,0,1,1,0,0,0,0,0,0,1,10,20,1,12,11,1,13,11,67,100,67,100,1.58,0.58,0.67,1.33,0.67,1.17,33,0,1.3,0.99,2.29,23,True,True,True,False,False,False,True,2.79,3.54,2.38,1.51,2.50,,,,,1.65,2.51,1.18,2.40,1.88,1.93,1.52
Netherlands_Eredivisie_2025-2026,2025/2026,7,Excelsior,PSV,2025-09-27 18:00:00,1,2,3,3,2,5,0,0,0,0,5,8,13,10,18,18,8,5,37,63,Van Donge & De Roo Stadion,"Honingerdijk 110, Rotterdam",0,0,7.25,5.5,1.36,1.04,1.33,1.85,1.5,2.34,1.43,1.73,2.75,2.0,1.14,1.85,4.4,1.85,3,1,1,0,1,1,2,121,0,42,0,-1,2,-1,0,1,3,1,1,4,0,0,0,0,0,0,1,51,54,100,117,1.85,2.09,3.94,0,0,0,0,0,0,1,1,0,0,0,0,-1,-1,1,17,17,1,5,8,1,11,8,42,67,42,67,1.17,2.75,1.0,3.0,1.0,2.17,59,34,1.19,1.85,3.04,23,True,True,True,False,False,False,True,1.39,5.79,6.81,1.57,2.49,,1.93,1.93,,1.34,1.89,1.11,,1.68,2.15,
Netherlands_Eredivisie_2025-2026,2025/2026,7,Heracles,Sparta Rotterdam,2025-09-27 19:00:00,3,0,3,5,4,9,2,4,0,0,5,5,7,13,12,18,12,11,48,52,Polman Stadion,"Stadionlaan 1, Almelo",2,4,2.62,3.8,2.28,1.2,1.64,2.55,1.51,2.42,1.34,1.72,3.02,2.28,1.28,2.3,3.2,1.57,3,1,0,2,0,2,1,370,0,67,0,-1,2,1,3,2,2,2,5,4,1,2,1,2,3,3,1,49,51,99,99,1.47,1.85,3.32,0,0,0,0,0,0,1,1,0,0,2,1,0,0,1,13,13,1,11,12,1,11,7,84,84,67,84,1.18,1.73,0.0,2.0,0.0,1.5,17,17,1.73,1.47,3.2,23,True,True,True,False,False,False,False,2.82,3.66,2.47,1.55,2.54,,2.50,1.56,,1.68,2.65,1.20,,1.57,2.31,
Netherlands_Eredivisie_2025-2026,2025/2026,7,NEC,AZ,2025-09-28 10:15:00,2,1,3,5,4,9,1,5,0,1,4,2,10,5,14,7,14,16,44,56,,,1,6,3.05,4.13,2.11,1.14,1.41,2.18,1.44,2.8,1.43,1.71,2.63,2.08,1.18,2.21,3.82,1.71,3,1,0,1,1,2,1,379,0,50,0,-1,2,1,1,2,4,2,3,6,0,3,1,3,3,4,1,45,21,114,88,1.5,0.75,2.24,0,0,0,0,0,0,1,1,0,0,0,2,0,0,1,21,19,1,16,14,1,3,7,84,84,50,84,2.09,1.58,2.0,2.33,1.5,2.0,17,17,2.12,2.33,4.45,23,True,True,True,False,False,False,True,2.01,4.13,3.40,1.43,2.93,,2.20,1.71,,1.45,2.11,1.14,,1.72,2.09,
Netherlands_Eredivisie_2025-2026,2025/2026,7,Utrecht,Heerenveen,2025-09-28 12:30:00,2,2,4,5,3,8,2,2,0,0,5,4,9,6,14,10,14,12,52,48,Stadion Galgenwaard,"Herculesplein 241, Utrecht",2,2,1.9,3.75,3.7,1.18,1.65,2.77,1.66,2.2,1.44,1.91,2.62,2.05,1.27,2.35,3.2,1.5,4,1,1,1,1,2,2,-1,0,42,0,-1,2,1,1,3,4,0,4,4,1,0,1,2,1,3,1,42,36,88,95,1.54,1.18,2.72,0,0,0,0,0,0,1,1,0,0,0,1,0,0,1,13,14,1,12,14,1,5,9,59,59,42,84,1.55,1.27,2.0,0.0,1.5,0.83,42,42,1.69,1.4,3.09,23,True,True,True,True,False,False,True,4.29,3.97,1.82,1.68,2.26,1.34,2.62,1.52,3.37,1.72,2.78,1.23,2.56,1.84,1.97,1.47
Netherlands_Eredivisie_2025-2026,2025/2026,7,Groningen,Feyenoord,2025-09-28 12:30:00,0,1,1,3,4,7,1,2,1,0,5,5,7,6,12,11,16,6,48,52,,,2,2,3.65,3.65,1.91,1.25,1.73,2.6,1.66,2.12,1.64,2.35,2.18,1.73,1.34,2.62,2.88,1.52,1,0,0,0,1,1,0,367,0,50,0,-1,2,1,1,2,2,2,3,4,0,0,2,2,0,4,1,55,29,94,99,1.51,1.26,2.77,0,0,0,0,0,0,1,1,0,0,0,0,0,0,1,22,16,1,6,16,1,9,10,84,100,67,100,1.25,1.82,3.0,2.33,2.0,2.67,17,0,1.52,2.2,3.72,23,True,False,False,False,False,False,False,1.97,3.44,4.22,1.76,2.12,,,,,1.90,3.14,1.27,2.14,2.11,1.71,1.68
Netherlands_Eredivisie_2025-2026,2025/2026,7,Telstar,Go Ahead Eagles,2025-09-28 14:45:00,4,2,6,8,3,11,2,0,0,0,9,5,11,9,20,14,13,9,39,61,,,2,0,2.75,3.5,2.35,1.15,1.63,2.45,1.54,2.5,1.28,1.71,2.88,2.29,1.25,2.25,3.5,1.56,6,2,1,2,1,3,3,389,0,67,0,-1,2,1,4,0,4,3,4,7,1,0,1,0,1,1,1,33,45,53,115,2.12,1.57,3.68,0,0,0,0,0,0,1,1,1,0,0,0,0,0,1,13,16,1,9,13,1,7,5,67,100,67,84,0.67,0.67,0.33,1.67,0.67,1.5,33,0,1.95,1.53,3.48,23,True,True,True,True,True,True,True,2.36,3.70,2.94,1.52,2.62,,,,,1.64,2.58,1.19,,1.62,2.23,
Netherlands_Eredivisie_2025-2026,2025/2026,8,NAC Breda,Groningen,2025-10-03 18:00:00,1,2,3,7,6,13,3,1,0,0,4,9,7,5,11,14,16,14,61,39,Rat Verlegh Stadion,"Stadionstraat 23, Breda",3,1,2.63,3.45,2.6,1.33,1.97,3.6,1.7,2.05,1.7,2.47,2.05,1.7,1.38,2.71,2.8,1.38,3,0,1,1,1,2,1,372,0,67,0,-1,2,1,1,4,6,2,5,8,1,1,2,0,2,2,1,50,40,110,100,1.35,1.81,3.15,0,0,0,0,0,0,1,1,0,0,0,1,0,0,1,20,14,1,14,16,1,4,5,67,67,34,67,1.0,1.45,2.0,1.0,1.0,1.71,33,33,1.61,1.61,3.22,23,True,True,True,False,False,False,True,2.77,3.36,2.68,1.75,2.14,1.42,3.06,1.40,2.97,2.05,3.53,1.32,2.09,2.16,1.66,1.71
Netherlands_Eredivisie_2025-2026,2025/2026,8,Sparta Rotterdam,Ajax,2025-10-04 14:30:00,3,3,6,6,4,10,1,3,0,0,5,4,9,13,14,17,8,9,33,67,Sparta-Stadion Het Kasteel,"Spartapark Noord 1, Rotterdam",1,3,4.45,4.0,1.6,1.18,1.58,2.4,1.53,2.38,1.36,1.77,2.6,2.01,1.25,2.25,3.48,1.62,6,1,1,2,2,4,2,-1,0,84,0,-1,2,1,3,2,3,2,5,5,1,1,0,2,2,2,1,51,62,84,114,1.6,1.8,3.4,1,0,1,0,0,0,1,1,0,0,1,2,0,0,1,21,26,1,8,8,1,10,5,84,100,50,100,1.5,1.45,1.0,1.0,1.29,2.14,17,0,1.08,1.88,2.96,23,True,True,True,True,True,True,True,1.74,4.21,4.49,1.57,2.47,,2.39,1.61,,1.59,2.51,1.18,,1.75,2.06,
Netherlands_Eredivisie_2025-2026,2025/2026,8,Fortuna Sittard,Volendam,2025-10-04 16:45:00,1,0,1,7,4,11,1,2,0,0,3,1,13,7,16,8,14,13,53,47,Fortuna Sittard Stadion,"Milaanstraat, Sittard",1,2,1.81,3.84,3.88,1.23,1.68,2.3,1.58,2.29,1.4,1.57,2.72,2.15,1.27,2.28,3.28,1.5,1,1,0,0,0,0,1,387,0,67,0,-1,2,1,6,1,1,3,7,4,0,1,1,1,1,2,1,64,30,116,84,1.68,0.8,2.49,0,0,0,0,0,0,1,1,1,0,2,0,0,0,1,19,21,1,13,14,1,6,13,67,84,67,100,1.64,0.45,2.33,0.67,1.43,1.0,33,17,1.78,1.28,3.06,23,True,False,False,False,False,False,False,4.40,4.05,1.78,1.63,2.35,,,,,1.67,2.63,1.21,,1.67,2.16,
Netherlands_Eredivisie_2025-2026,2025/2026,8,PEC Zwolle,PSV,2025-10-04 18:00:00,0,4,4,4,8,12,0,3,1,0,0,8,4,10,4,18,7,8,28,72,MAC³PARK Stadion,"Stadionplein 1, Zwolle",2,3,6.5,5.3,1.38,1.09,1.37,1.98,1.44,2.5,1.4,1.86,2.73,2.15,1.15,1.95,4.5,1.85,4,0,2,0,2,2,2,121,0,34,0,-1,2,1,3,1,1,7,4,8,0,2,1,1,2,2,1,31,101,53,155,0.48,2.43,2.91,0,0,0,0,0,0,1,1,0,0,2,0,0,0,1,9,20,1,8,7,1,12,7,34,84,50,84,1.73,2.75,1.0,3.0,1.0,2.29,67,17,0.87,1.93,2.8,23,True,True,True,True,False,False,False,1.43,5.50,6.39,1.50,2.69,,1.88,1.99,,1.32,1.81,1.10,,,,
Netherlands_Eredivisie_2025-2026,2025/2026,8,Heerenveen,Excelsior,2025-10-04 19:00:00,2,1,3,7,3,10,1,3,0,0,4,2,15,7,19,9,6,17,67,33,Abe Lenstra Stadion,"Abe Lenstra Boulevard 23Q, Heerenveen",1,3,1.72,3.74,4.5,1.2,1.68,2.25,1.59,2.24,1.46,1.99,2.53,2.01,1.26,2.3,3.7,1.55,3,0,1,2,0,2,1,373,0,84,0,-1,2,1,1,3,6,0,4,6,0,0,1,3,0,4,1,91,30,142,69,2.14,0.93,3.07,1,0,1,0,0,0,1,1,0,0,0,1,0,0,1,14,20,1,16,6,1,5,13,88,100,46,100,1.42,1.09,1.25,1.0,0.86,0.86,13,0,1.89,1.47,3.36,23,True,True,True,False,False,False,True,4.86,4.19,1.69,1.56,2.52,,2.35,1.63,,1.60,2.47,1.18,2.54,1.84,1.97,1.47
Netherlands_Eredivisie_2025-2026,2025/2026,8,Twente,Heracles,2025-10-05 10:15:00,2,1,3,4,3,7,0,2,1,0,9,2,12,5,21,7,5,8,59,41,De Grolsch Veste,"Colosseum 65, Enschede",2,2,1.32,5.8,7.75,1.16,1.45,2.27,1.75,1.99,1.54,2.14,2.44,1.88,1.21,2.16,3.58,1.65,3,0,1,2,0,2,1,375,0,46,0,-1,2,1,1,3,3,0,4,3,0,1,1,1,1,2,1,56,35,127,104,2.36,0.85,3.21,0,0,0,0,0,0,1,1,0,0,0,0,0,0,1,20,15,1,8,5,1,7,16,71,100,13,100,1.73,0.33,1.33,0.0,1.43,0.43,29,0,2.04,0.95,2.99,23,True,True,True,False,False,False,True,9.83,6.08,1.28,1.85,1.98,,2.15,1.73,,1.47,2.21,1.15,2.67,1.72,2.09,1.44
Netherlands_Eredivisie_2025-2026,2025/2026,8,Feyenoord,Utrecht,2025-10-05 12:30:00,3,2,5,12,3,15,1,0,0,0,10,4,12,6,22,10,7,10,55,45,Stadion Feijenoord,"Van Zandvlietplein 1, Rotterdam",1,0,1.49,4.5,6.2,1.21,1.6,2.53,1.77,2.01,1.43,1.77,2.62,2.03,1.28,2.3,3.6,1.54,5,1,0,2,2,4,1,367,0,17,0,-1,2,1,8,2,4,1,10,5,1,0,0,0,1,0,1,59,27,102,84,2.51,1.11,3.62,0,0,0,0,0,0,1,1,0,0,3,1,0,0,1,19,22,1,10,7,1,8,10,17,67,17,100,2.08,1.08,3.0,1.0,2.71,1.43,84,33,1.82,1.76,3.58,23,True,True,True,True,True,False,True,7.13,4.86,1.44,1.76,2.12,,2.40,1.61,,1.61,2.51,1.19,,,,
Netherlands_Eredivisie_2025-2026,2025/2026,8,AZ,Telstar,2025-10-05 14:45:00,2,1,3,6,4,10,3,2,0,0,10,5,18,9,28,14,7,13,59,41,AFAS Stadion,"Stadionweg 1, Alkmaar",3,2,1.37,5.25,7.5,1.14,1.49,2.23,1.73,2.05,1.31,1.7,3.18,2.12,1.2,2.15,3.95,1.65,3,2,0,0,1,1,2,378,0,50,0,-1,2,1,3,1,3,3,4,6,0,1,3,1,1,4,1,74,24,116,70,2.99,1.41,4.4,1,0,1,0,0,0,1,1,0,0,1,1,0,0,1,16,13,1,12,7,1,10,14,50,100,50,100,1.55,0.91,1.67,1.0,1.71,1.0,50,0,1.83,1.23,3.06,23,True,True,True,False,False,False,True,7.87,5.65,1.36,1.84,2.02,,2.24,1.69,,1.52,2.32,1.17,,1.62,2.25,
Netherlands_Eredivisie_2025-2026,2025/2026,8,Go Ahead Eagles,NEC,2025-10-05 18:00:00,1,1,2,11,4,15,1,4,0,1,3,7,5,10,8,17,13,18,54,46,De Adelaarshorst,"Vetkampstraat 1, Deventer",1,5,2.4,3.8,2.53,1.09,1.38,2.0,1.33,3.0,1.33,1.53,3.05,2.25,1.2,2.08,4.6,1.77,2,0,1,1,0,1,1,-1,0,67,0,-1,2,1,6,2,5,2,8,7,1,1,0,4,2,4,1,44,37,83,88,1.04,1.83,2.87,0,0,0,0,0,0,1,1,0,0,1,0,0,0,1,22,14,1,18,13,1,4,7,100,100,67,100,1.36,1.58,1.33,1.0,1.29,1.71,0,0,1.92,2.14,4.06,23,True,True,False,False,False,False,True,2.52,3.99,2.59,1.35,3.36,,1.92,1.94,,1.39,1.96,1.11,,1.59,2.29,
Netherlands_Eredivisie_2025-2026,2025/2026,9,NEC,Twente,2025-10-18 14:45:00,3,3,6,3,3,6,2,3,0,0,4,3,4,7,8,10,15,21,60,40,,,2,3,2.37,3.74,2.71,1.16,1.56,2.33,1.44,2.5,1.41,1.7,2.56,2.0,1.22,2.25,3.8,1.62,6,1,1,2,2,4,2,-1,0,50,0,-1,2,1,1,2,2,1,3,3,1,0,1,3,1,4,1,40,31,78,68,1.08,1.07,2.15,0,2,0,2,0,0,1,1,0,0,0,0,0,0,1,17,26,1,21,13,1,4,2,75,75,25,88,2.09,1.33,2.25,1.5,1.63,1.63,25,25,1.96,2.08,4.04,23,True,True,True,True,True,True,True,2.53,3.73,2.70,1.45,2.85,,,,,1.55,2.33,1.16,,,,
Netherlands_Eredivisie_2025-2026,2025/2026,9,Utrecht,Volendam,2025-10-18 16:45:00,3,1,4,10,0,10,1,1,0,0,6,3,16,0,22,3,12,13,58,42,Stadion Galgenwaard,"Herculesplein 241, Utrecht",1,1,1.3,4.85,6.9,1.14,1.53,2.34,1.73,2.0,1.34,1.67,2.95,2.12,1.25,2.16,3.65,1.63,4,0,1,3,0,3,1,376,0,50,0,-1,2,1,7,0,3,0,7,3,0,0,1,1,0,2,1,56,22,133,75,2.22,0.57,2.79,0,0,0,0,0,0,1,1,0,0,0,0,0,0,1,21,12,1,13,12,1,2,10,63,75,50,88,1.55,0.45,1.75,0.5,1.25,0.88,38,25,1.65,1.16,2.81,23,True,True,True,True,False,False,True,9.07,5.90,1.32,1.81,2.06,,,,,1.47,2.20,1.15,,,,
Netherlands_Eredivisie_2025-2026,2025/2026,9,PSV,Go Ahead Eagles,2025-10-18 16:45:00,2,1,3,6,1,7,1,1,0,0,8,2,16,2,24,4,7,8,57,43,Philips Stadion,"Frederiklaan 10, Eindhoven",1,1,1.25,6.9,9.5,1.02,1.22,1.57,1.44,2.47,1.26,1.47,3.45,2.6,1.12,1.7,5.0,2.11,3,1,0,1,1,2,1,121,0,75,0,-1,2,1,3,0,3,1,3,4,0,0,1,1,0,2,1,50,26,94,63,2.43,0.59,3.02,0,0,0,0,0,0,1,1,0,0,0,0,0,0,1,17,18,1,8,7,1,5,10,75,100,75,88,2.36,0.67,1.75,1.25,2.38,1.25,25,0,2.39,1.54,3.93,23,True,True,True,False,False,False,True,9.53,7.92,1.23,1.60,2.38,,,,,1.23,1.61,,,,,
Netherlands_Eredivisie_2025-2026,2025/2026,9,Ajax,AZ,2025-10-18 19:00:00,0,2,2,5,4,9,4,2,0,0,6,3,11,10,17,13,13,19,61,39,Johan Cruijff Arena,"ArenA Boulevard 1, Amsterdam",4,2,2.04,3.83,3.46,1.18,1.5,2.4,1.54,2.5,1.6,1.85,2.18,1.85,1.28,2.27,3.3,1.58,2,0,2,0,0,0,2,378,0,63,0,-1,2,1,2,1,3,3,3,6,0,1,4,1,1,5,1,56,38,116,86,1.9,1.31,3.21,0,1,0,1,0,0,1,1,0,0,0,0,0,0,1,17,14,1,19,12,1,6,9,63,88,50,88,2.17,1.58,3.0,1.75,2.0,1.88,38,13,1.97,1.93,3.9,23,True,True,False,False,False,False,False,3.39,3.78,2.11,1.48,2.77,,2.31,1.65,,1.57,2.38,1.18,2.47,1.89,1.92,1.50
Netherlands_Eredivisie_2025-2026,2025/2026,9,NAC Breda,PEC Zwolle,2025-10-18 19:00:00,2,2,4,3,2,5,0,3,0,0,6,3,13,8,19,11,9,10,47,53,Rat Verlegh Stadion,"Stadionstraat 23, Breda",0,3,1.91,3.75,3.15,1.21,1.77,2.89,1.62,2.14,1.46,1.74,2.36,1.95,1.3,2.59,3.2,1.44,4,2,1,0,1,1,3,-1,0,75,0,-1,2,1,3,0,0,2,3,2,0,1,0,2,1,2,1,51,43,97,103,1.98,1.22,3.21,1,0,1,0,0,0,1,1,0,0,1,0,0,0,1,15,12,1,13,11,1,6,9,75,88,38,88,1.0,0.58,1.5,1.0,0.88,0.88,25,13,1.55,1.1,2.65,23,True,True,True,True,False,False,True,4.70,3.89,1.76,1.69,2.23,1.34,2.65,1.51,3.37,1.74,2.79,1.24,2.43,1.91,1.91,1.52
Netherlands_Eredivisie_2025-2026,2025/2026,9,Telstar,Heerenveen,2025-10-19 10:15:00,2,3,5,6,11,17,1,2,0,0,6,7,12,8,18,15,9,12,46,54,,,1,2,3.0,3.6,2.3,1.22,1.62,2.63,1.53,2.3,1.39,1.78,2.63,1.99,1.3,2.4,3.2,1.6,5,1,2,1,1,2,3,373,0,71,0,-1,2,1,1,11,5,0,12,5,1,1,0,1,2,1,1,20,20,38,48,1.69,1.57,3.26,0,1,0,1,0,0,1,1,0,0,0,2,1,0,1,20,13,1,12,8,1,12,11,71,84,71,100,0.67,1.27,1.0,0.33,0.88,1.13,29,17,1.99,1.33,3.32,23,True,True,True,True,True,False,True,2.27,3.66,3.13,1.49,2.73,,2.35,1.63,,1.58,2.43,1.18,,1.78,2.01,
Netherlands_Eredivisie_2025-2026,2025/2026,9,Excelsior,Fortuna Sittard,2025-10-19 12:30:00,1,0,1,4,2,6,0,3,0,0,5,6,6,8,11,14,10,18,50,50,Van Donge & De Roo Stadion,"Honingerdijk 110, Rotterdam",0,3,2.07,3.72,3.25,1.22,1.8,2.72,1.62,2.13,1.38,1.65,2.75,1.92,1.3,2.5,3.04,1.53,1,1,0,0,0,0,1,374,0,63,0,-1,2,1,1,2,3,0,3,3,0,1,0,2,1,2,1,16,23,59,64,1.16,1.47,2.63,0,0,0,0,0,0,1,1,1,0,0,0,0,0,1,23,27,1,18,10,1,7,8,63,75,38,75,1.17,0.67,0.75,0.75,0.75,1.63,38,25,1.35,1.02,2.37,23,True,False,False,False,False,False,False,3.45,3.58,2.15,1.64,2.34,1.36,2.77,1.47,3.25,1.85,3.00,1.25,2.41,1.92,1.88,1.53
Netherlands_Eredivisie_2025-2026,2025/2026,9,Groningen,Sparta Rotterdam,2025-10-19 12:30:00,0,2,2,7,4,11,3,2,0,0,0,2,12,6,12,8,11,10,61,39,,,3,2,1.77,3.8,4.5,1.22,1.76,2.64,1.63,2.11,1.48,2.05,2.43,1.89,1.34,2.5,3.27,1.48,2,0,1,0,1,1,1,371,0,25,0,-1,2,1,1,3,6,1,4,7,1,0,2,2,1,4,1,35,12,78,41,1.01,0.73,1.74,0,0,0,0,0,0,1,1,0,0,0,1,0,0,1,28,14,1,10,11,1,8,10,63,75,38,75,1.25,1.73,2.25,1.5,1.88,1.25,38,25,1.51,1.57,3.08,23,True,True,False,False,False,False,False,4.52,3.94,1.78,1.67,2.28,1.34,2.63,1.52,3.27,1.75,2.85,1.23,,,,
Netherlands_Eredivisie_2025-2026,2025/2026,9,Heracles,Feyenoord,2025-10-19 14:45:00,0,7,7,2,8,10,1,2,0,0,0,12,4,7,4,19,12,13,36,64,Polman Stadion,"Stadionlaan 1, Almelo",1,2,7.25,5.1,1.35,1.12,1.41,2.12,1.7,2.14,1.34,1.54,2.9,2.2,1.26,2.05,4.1,1.75,7,0,4,0,3,3,4,367,0,59,0,-1,2,1,1,3,1,5,4,6,1,2,0,0,3,0,1,23,64,85,109,0.43,2.5,2.93,0,0,0,0,0,0,1,1,0,1,0,0,1,0,1,15,21,1,13,11,1,6,6,88,88,59,88,1.18,1.82,1.0,2.5,0.38,2.75,13,13,1.64,1.96,3.6,23,True,True,True,True,True,True,False,1.36,5.62,8.04,1.70,2.22,,2.10,1.79,,1.46,2.18,1.15,,,,
Netherlands_Eredivisie_2025-2026,2025/2026,10,Heerenveen,NAC Breda,2025-10-24 18:00:00,3,3,6,4,5,9,1,0,0,0,4,4,6,7,10,11,10,10,54,46,Abe Lenstra Stadion,"Abe Lenstra Boulevard 23Q, Heerenveen",1,0,1.72,3.99,4.2,1.2,1.63,2.38,1.62,2.38,1.45,1.74,2.57,2.02,1.28,2.3,3.34,1.58,6,1,0,2,3,5,1,-1,0,75,0,-1,2,1,1,1,3,4,2,7,0,0,1,0,0,1,1,40,46,105,101,1.21,1.31,2.53,0,0,0,0,0,0,1,1,0,0,0,1,0,0,1,11,20,1,10,10,1,5,10,78,100,23,100,1.42,0.64,1.6,0.25,1.33,0.89,23,0,1.94,1.1,3.04,23,True,True,True,True,True,True,True,5.98,4.30,1.57,1.62,2.36,,,,,1.56,2.37,1.17,,1.75,2.03,
Netherlands_Eredivisie_2025-2026,2025/2026,10,Fortuna Sittard,Groningen,2025-10-25 14:40:00,1,2,3,7,7,14,2,0,0,0,3,10,6,6,9,16,14,9,57,43,Fortuna Sittard Stadion,"Milaanstraat, Sittard",2,0,2.9,3.1,2.4,1.33,2.0,3.45,1.73,2.0,1.6,2.28,2.2,1.77,1.4,2.81,2.7,1.42,3,0,1,1,1,2,1,372,0,63,0,-1,2,1,5,2,2,5,7,7,0,0,2,0,0,2,1,52,32,106,103,1.16,1.95,3.11,0,0,0,0,0,0,1,1,0,1,0,1,0,0,1,24,27,1,9,14,1,6,12,63,63,50,88,1.64,1.45,2.5,1.5,1.44,1.67,38,38,1.76,1.66,3.42,23,True,True,True,False,False,False,True,2.51,3.24,3.08,1.82,2.05,1.44,3.16,1.38,2.89,2.12,3.75,1.34,2.25,2.01,1.77,1.61
Netherlands_Eredivisie_2025-2026,2025/2026,10,Sparta Rotterdam,Telstar,2025-10-25 16:45:00,1,0,1,6,7,13,3,2,0,0,6,3,8,11,14,14,9,14,47,53,Sparta-Stadion Het Kasteel,"Spartapark Noord 1, Rotterdam",3,2,1.85,3.8,3.6,1.16,1.53,2.38,1.52,2.4,1.35,1.55,2.9,2.34,1.25,2.2,3.6,1.62,1,1,0,0,0,0,1,371,0,50,0,-1,2,1,4,4,2,3,8,5,2,1,1,1,3,2,1,42,58,104,109,1.61,1.52,3.13,0,0,0,0,0,0,1,1,0,0,1,1,0,0,1,14,24,1,14,9,1,10,10,63,100,38,100,1.5,0.91,1.0,0.75,1.44,0.78,38,0,1.21,1.27,2.48,23,True,False,False,False,False,False,False,4.42,4.24,1.74,1.55,2.54,,,,,1.55,2.36,1.17,,,,
Netherlands_Eredivisie_2025-2026,2025/2026,10,Volendam,Heracles,2025-10-25 18:00:00,3,0,3,5,5,10,0,2,0,1,7,2,6,9,13,11,6,13,57,43,Kras Stadion,"Sportlaan 10, Volendam",0,3,2.3,3.76,2.7,1.18,1.65,2.54,1.62,2.3,1.36,1.84,2.72,2.16,1.29,2.39,3.28,1.5,3,1,0,2,0,2,1,398,0,70,0,-1,2,1,2,4,3,1,6,4,0,1,0,2,1,2,1,50,47,112,81,1.68,1.18,2.85,0,0,0,0,0,0,1,1,0,0,0,0,0,0,1,10,21,1,13,6,1,6,6,78,100,48,100,1.58,0.33,1.25,0.0,0.78,0.33,23,0,1.32,0.93,2.25,23,True,True,True,False,False,False,False,3.49,3.89,2.04,1.62,2.38,1.34,2.54,1.55,3.37,1.71,2.71,1.21,,1.69,2.13,
Netherlands_Eredivisie_2025-2026,2025/2026,10,PEC Zwolle,NEC,2025-10-25 19:00:00,2,2,4,3,4,7,0,1,0,0,6,3,4,8,10,11,11,12,35,65,MAC³PARK Stadion,"Stadionplein 1, Zwolle",0,1,3.21,3.65,2.06,1.14,1.47,2.25,1.5,2.4,1.56,2.09,2.65,1.9,1.25,2.38,3.6,1.58,4,1,1,1,1,2,2,-1,0,50,0,-1,2,1,2,1,1,3,3,4,0,0,0,1,0,1,1,16,50,65,100,1.17,1.27,2.44,0,0,0,0,0,0,1,1,0,1,0,0,0,0,1,22,34,1,12,11,1,8,5,50,88,50,88,1.73,1.58,0.75,1.0,0.89,1.56,50,13,0.78,2.06,2.84,23,True,True,True,True,False,False,True,1.87,4.02,3.97,1.56,2.50,,2.41,1.61,,1.62,2.52,1.20,2.47,1.90,1.92,1.50
Netherlands_Eredivisie_2025-2026,2025/2026,10,Twente,Ajax,2025-10-26 11:15:00,2,3,5,6,1,7,0,2,0,0,5,6,16,3,21,9,14,13,62,38,De Grolsch Veste,"Colosseum 65, Enschede",0,2,2.3,3.45,2.8,1.16,1.7,2.62,1.55,2.4,1.65,1.87,2.18,1.72,1.29,2.55,3.35,1.57,5,1,0,1,3,4,1,120,0,88,0,-1,2,1,5,0,1,1,5,2,0,0,0,2,0,2,1,69,34,129,77,2.17,1.24,3.41,1,0,1,0,0,0,1,1,1,0,1,0,0,0,1,13,14,1,12,14,1,5,10,75,100,38,100,1.73,1.45,1.75,1.0,1.56,1.78,25,0,2.12,1.86,3.98,23,True,True,True,True,True,False,True,2.88,3.57,2.46,1.56,2.51,,,,,1.70,2.70,1.22,2.19,2.06,1.74,1.65
Netherlands_Eredivisie_2025-2026,2025/2026,10,Feyenoord,PSV,2025-10-26 13:30:00,2,3,5,3,5,8,0,1,0,0,6,6,6,5,12,11,7,13,48,52,Stadion Feijenoord,"Van Zandvlietplein 1, Rotterdam",0,1,2.36,3.7,2.67,1.07,1.4,2.05,1.36,2.88,1.41,1.74,2.65,1.95,1.17,2.04,4.15,1.7,5,0,1,2,2,4,1,121,0,38,0,-1,2,1,1,2,2,3,3,5,0,0,0,1,0,1,1,44,38,89,112,1.5,1.4,2.9,0,0,0,0,0,0,1,1,0,0,0,0,0,0,1,23,15,1,13,7,1,6,11,50,88,38,100,2.08,2.75,3.0,3.0,2.78,2.44,50,13,1.99,2.05,4.04,23,True,True,True,True,True,False,True,2.79,3.88,2.40,1.40,3.10,,2.12,1.78,,1.45,2.06,1.13,,,,
Netherlands_Eredivisie_2025-2026,2025/2026,10,AZ,Utrecht,2025-10-26 15:45:00,4,1,5,8,2,10,0,1,0,0,7,2,11,6,18,8,4,14,50,50,AFAS Stadion,"Stadionweg 1, Alkmaar",0,1,1.53,4.4,4.9,1.12,1.6,2.38,1.59,2.18,1.44,1.99,2.55,1.95,1.29,2.18,3.4,1.57,5,2,0,2,1,3,2,378,0,75,0,-1,2,1,3,1,5,1,4,6,0,1,0,0,1,0,1,52,39,104,110,2.0,0.94,2.94,0,0,0,0,0,0,1,1,1,0,1,0,0,0,1,14,24,1,13,4,1,6,9,75,88,63,100,1.55,1.08,2.0,0.75,2.0,1.44,25,13,2.12,1.6,3.72,23,True,True,True,True,True,False,True,5.79,4.62,1.54,1.62,2.37,,2.36,1.62,,1.55,2.35,1.17,2.62,1.77,2.03,1.44
Netherlands_Eredivisie_2025-2026,2025/2026,10,Go Ahead Eagles,Excelsior,2025-10-26 19:00:00,2,0,2,4,10,14,1,2,0,0,4,2,8,9,12,11,7,12,52,48,De Adelaarshorst,"Vetkampstraat 1, Deventer",1,2,1.91,3.95,3.2,1.2,1.61,2.45,1.5,2.38,1.33,1.59,2.88,2.13,1.3,2.42,3.6,1.58,2,0,0,2,0,2,0,366,0,63,0,-1,2,1,2,6,2,4,8,6,1,1,0,1,2,1,1,61,49,106,94,1.48,1.19,2.68,0,0,0,0,0,0,1,1,0,0,0,1,0,0,1,19,17,1,12,7,1,8,10,88,100,50,100,1.36,1.09,1.25,0.75,1.11,1.0,13,0,1.7,1.33,3.03,23,True,True,False,False,False,False,False,3.20,3.79,2.19,1.50,2.70,,,,,1.59,2.50,1.18,,1.70,2.12,
Netherlands_Eredivisie_2025-2026,2025/2026,11,PSV,Fortuna Sittard,2025-10-31 19:00:00,5,2,7,7,4,11,0,4,0,0,6,4,15,6,21,10,8,12,63,37,Philips Stadion,"Frederiklaan 10, Eindhoven",0,4,1.12,8.7,17.0,1.02,1.25,1.62,1.8,1.85,1.24,1.59,3.32,2.38,1.15,1.82,5.0,2.04,7,3,0,2,2,4,3,121,0,70,0,-1,2,1,3,1,4,3,4,7,0,0,0,4,0,4,1,69,25,123,90,2.24,1.1,3.34,0,0,0,0,0,0,1,1,0,0,1,0,0,0,1,22,12,1,12,8,1,5,8,70,90,40,100,2.36,0.67,2.0,0.6,2.5,1.3,30,10,2.4,1.11,3.51,23,True,True,True,True,True,True,True,17.89,10.95,1.12,1.82,2.02,,1.63,2.30,,1.23,1.58,,,1.47,2.56,
Netherlands_Eredivisie_2025-2026,2025/2026,11,Ajax,Heerenveen,2025-11-01 15:30:00,1,1,2,5,4,9,0,2,0,0,2,7,7,10,9,17,6,16,57,43,Johan Cruijff Arena,"ArenA Boulevard 1, Amsterdam",0,2,1.54,4.69,4.9,1.13,1.4,2.12,1.54,2.45,1.54,1.77,2.28,1.95,1.22,2.0,3.95,1.8,2,1,0,0,1,1,1,-1,0,58,0,-1,2,1,2,1,3,3,3,6,0,0,0,2,0,2,1,60,32,108,86,1.15,1.79,2.94,0,0,0,0,0,0,1,1,0,0,0,0,0,0,1,27,19,1,16,6,1,8,5,58,88,68,100,2.17,1.27,2.4,1.0,1.9,1.3,43,13,1.95,1.39,3.34,23,True,True,False,False,False,False,True,5.77,4.46,1.56,1.57,2.48,,2.22,1.70,,1.47,2.19,1.15,,1.78,2.02,
Netherlands_Eredivisie_2025-2026,2025/2026,11,NAC Breda,Go Ahead Eagles,2025-11-01 17:45:00,1,0,1,2,2,4,4,2,0,0,2,2,6,5,8,7,10,8,44,56,Rat Verlegh Stadion,"Stadionstraat 23, Breda",4,2,2.48,3.7,2.52,1.15,1.53,2.3,1.5,2.59,1.41,1.68,2.65,2.04,1.27,2.3,3.5,1.5,1,0,0,1,0,1,0,385,0,80,0,-1,2,1,2,0,0,2,2,2,2,2,2,0,4,2,1,41,42,75,105,0.95,0.9,1.85,0,0,0,0,0,0,1,1,0,0,0,0,0,0,1,18,19,1,8,10,1,6,10,80,90,40,80,1.0,0.67,1.4,1.0,0.9,1.3,20,10,1.63,1.35,2.98,23,True,False,False,False,False,False,False,3.19,3.65,2.24,1.53,2.60,,2.47,1.58,,1.66,2.60,1.20,,1.62,2.22,
Netherlands_Eredivisie_2025-2026,2025/2026,11,Feyenoord,Volendam,2025-11-01 19:00:00,3,1,4,10,1,11,0,0,0,0,9,1,28,8,37,9,4,8,54,46,Stadion Feijenoord,"Van Zandvlietplein 1, Rotterdam",0,0,1.12,9.5,15.0,1.07,1.25,1.72,2.0,1.85,1.36,1.6,2.85,2.17,1.13,1.77,4.9,1.95,4,2,0,1,1,2,2,367,0,50,0,-1,2,-1,7,1,3,0,8,3,0,0,0,0,0,0,1,53,14,85,49,3.32,0.74,4.06,0,0,0,0,0,0,1,1,0,0,1,0,-1,-1,1,16,10,1,8,4,1,12,13,50,80,20,100,2.08,0.45,2.4,0.4,2.5,1.0,50,20,1.89,1.04,2.93,23,True,True,True,True,False,False,True,20.08,11.29,1.11,2.00,1.84,,1.74,2.13,,1.26,1.65,,,1.55,2.37,
Netherlands_Eredivisie_2025-2026,2025/2026,11,Telstar,Excelsior,2025-11-01 20:00:00,2,2,4,3,5,8,0,2,0,0,8,8,9,13,17,21,8,15,46,54,,,0,2,2.12,3.55,3.3,1.16,1.7,2.6,1.57,2.3,1.33,1.58,2.9,2.13,1.25,2.3,3.55,1.56,4,2,1,0,1,1,3,-1,0,70,0,-1,2,1,2,4,1,1,6,2,0,1,0,1,1,1,1,54,45,79,104,2.02,2.21,4.22,0,1,0,1,0,0,1,1,1,0,0,0,0,0,1,15,20,1,14,6,1,11,9,80,100,60,90,0.67,1.09,0.8,0.6,0.7,0.9,20,0,1.93,1.31,3.24,23,True,True,True,True,False,False,True,3.33,3.62,2.19,1.57,2.48,,2.54,1.55,,1.69,2.69,1.21,,1.68,2.14,
Netherlands_Eredivisie_2025-2026,2025/2026,11,Heracles,PEC Zwolle,2025-11-02 11:15:00,8,2,10,4,2,6,0,2,0,1,11,4,13,3,24,7,16,11,57,43,Polman Stadion,"Stadionlaan 1, Almelo",0,3,2.43,3.55,2.8,1.2,1.7,2.69,1.54,2.35,1.43,1.7,2.63,2.06,1.33,2.41,3.0,1.48,10,4,1,4,1,5,5,370,0,65,0,-1,2,1,2,0,2,2,2,4,0,3,0,0,3,0,1,53,18,100,62,2.66,0.86,3.52,1,0,1,0,0,0,1,1,0,1,0,0,0,0,1,16,20,1,10,16,1,4,12,90,100,78,100,1.18,0.58,0.75,1.0,0.3,0.9,10,0,1.34,1.12,2.46,23,True,True,True,True,True,True,True,2.66,3.55,2.66,1.53,2.60,1.35,2.50,1.57,3.36,1.67,2.64,1.20,,1.71,2.10,
Netherlands_Eredivisie_2025-2026,2025/2026,11,Groningen,Twente,2025-11-02 13:30:00,1,1,2,7,3,10,2,4,0,0,7,4,11,6,18,10,7,12,55,45,,,2,4,2.89,3.0,2.44,1.3,1.9,2.95,1.62,2.2,1.5,1.83,2.38,1.86,1.3,2.63,3.15,1.48,2,0,0,1,1,2,0,-1,0,40,0,-1,2,1,7,1,0,2,8,2,1,1,1,3,2,4,1,40,40,131,86,1.93,1.21,3.13,1,0,1,0,0,0,1,1,0,0,1,0,1,1,1,21,16,1,11,7,1,4,9,50,70,40,80,1.25,1.33,1.8,1.4,1.8,1.4,50,30,1.41,1.88,3.29,23,True,True,False,False,False,False,True,2.40,3.49,3.03,1.62,2.38,1.35,2.71,1.49,3.32,1.81,2.96,1.25,2.12,2.13,1.69,1.70
Netherlands_Eredivisie_2025-2026,2025/2026,11,Sparta Rotterdam,AZ,2025-11-02 13:30:00,0,1,1,6,9,15,1,1,0,0,3,14,7,6,10,20,7,12,42,58,Sparta-Stadion Het Kasteel,"Spartapark Noord 1, Rotterdam",1,1,4.2,4.0,1.7,1.14,1.38,2.15,1.5,2.45,1.31,1.77,2.8,2.14,1.25,2.05,3.5,1.62,1,0,0,0,1,1,0,378,0,60,0,-1,2,1,0,6,6,3,6,9,0,0,1,1,0,2,1,41,54,96,102,1.15,2.63,3.77,0,0,0,0,0,0,1,1,0,0,0,1,0,0,1,6,10,1,12,6,1,10,9,70,80,50,90,1.5,1.58,1.4,2.0,1.6,2.1,30,20,1.29,1.81,3.1,23,True,False,False,False,False,False,False,1.72,4.24,4.57,1.53,2.60,,2.24,1.69,,1.49,2.24,1.16,,,,
Netherlands_Eredivisie_2025-2026,2025/2026,11,Utrecht,NEC,2025-11-02 15:45:00,1,0,1,2,2,4,1,2,0,0,4,5,7,11,11,16,11,15,39,61,Stadion Galgenwaard,"Herculesplein 241, Utrecht",1,2,2.14,3.32,3.33,1.18,1.7,2.15,1.52,2.4,1.4,1.65,2.7,2.07,1.33,2.4,3.55,1.57,1,1,0,0,0,0,1,376,0,80,0,-1,2,1,0,1,2,1,1,3,0,1,1,1,1,2,1,26,49,110,106,1.18,1.72,2.89,0,0,0,0,0,0,1,1,0,0,0,0,0,0,1,19,18,1,15,10,1,10,6,80,90,50,90,1.55,1.58,2.0,1.0,1.3,1.5,20,10,1.77,1.9,3.67,23,True,False,False,False,False,False,False,3.22,3.55,2.26,1.52,2.63,,2.44,1.59,,1.64,2.57,1.19,2.53,1.85,1.96,1.48
Netherlands_Eredivisie_2025-2026,2025/2026,12,Twente,Telstar,2025-11-07 19:00:00,0,0,0,10,2,12,3,2,1,1,7,0,20,6,27,6,13,4,66,34,De Grolsch Veste,"Colosseum 65, Enschede",4,4,1.24,5.4,9.0,1.18,1.48,2.06,1.84,1.95,1.4,1.67,2.78,2.11,1.24,2.18,3.5,1.6,0,0,0,0,0,0,0,-1,0,50,0,-1,2,1,4,2,6,0,6,6,1,0,3,3,1,6,1,87,33,137,73,2.81,0.62,3.44,0,0,0,0,0,0,1,1,0,0,0,0,0,0,1,20,20,1,4,13,1,5,10,50,90,10,100,1.73,0.91,1.4,0.6,1.36,0.73,50,10,2.13,1.32,3.45,23,False,False,False,False,False,False,False,8.17,5.69,1.35,1.76,2.12,,,,,1.49,2.31,1.15,,,,
Netherlands_Eredivisie_2025-2026,2025/2026,12,Excelsior,Heracles,2025-11-08 15:30:00,1,2,3,6,13,19,1,2,0,0,5,5,7,5,12,10,14,13,45,55,Van Donge & De Roo Stadion,"Honingerdijk 110, Rotterdam",1,2,2.01,3.77,3.27,1.12,1.53,2.35,1.53,2.43,1.4,1.52,3.1,2.35,1.28,2.29,3.65,1.58,3,1,0,0,2,2,1,370,0,37,0,-1,2,1,4,8,2,5,12,7,1,1,0,1,2,1,1,42,68,94,93,1.42,1.47,2.89,0,0,0,0,0,0,1,1,1,0,1,2,0,0,1,17,29,1,12,14,1,5,7,62,70,29,80,1.17,0.33,1.2,0.0,0.91,0.55,39,30,1.32,0.97,2.29,23,True,True,True,False,False,False,True,3.84,4.01,1.91,1.55,2.54,,2.38,1.62,,1.58,2.43,1.18,,,,
Netherlands_Eredivisie_2025-2026,2025/2026,12,Volendam,NAC Breda,2025-11-08 17:45:00,2,1,3,8,6,14,2,2,0,2,5,2,7,10,12,12,13,9,51,49,Kras Stadion,"Sportlaan 10, Volendam",2,6,2.7,3.4,2.3,1.2,1.85,3.0,1.59,2.21,1.48,1.95,2.43,1.88,1.3,2.5,3.25,1.44,3,0,1,2,0,2,1,398,0,70,0,-1,2,1,3,6,5,0,9,5,0,1,2,3,1,5,1,51,46,105,83,1.48,1.23,2.71,0,0,0,0,0,0,1,1,0,0,0,0,0,0,1,13,22,1,9,13,1,9,10,80,100,40,100,1.58,0.64,1.6,0.4,0.91,1.09,20,0,1.39,1.14,2.53,23,True,True,True,False,False,False,True,2.38,3.70,2.91,1.53,2.58,,,,,1.68,2.64,1.20,,1.75,2.03,
Netherlands_Eredivisie_2025-2026,2025/2026,12,Fortuna Sittard,Heerenveen,2025-11-08 19:00:00,2,0,2,4,5,9,2,1,0,0,5,8,5,10,10,18,14,12,39,61,Fortuna Sittard Stadion,"Milaanstraat, Sittard",2,1,2.97,3.35,2.3,1.17,1.74,2.7,1.61,2.3,1.42,1.92,2.65,2.08,1.33,2.4,3.15,1.49,2,0,0,2,0,2,0,387,0,70,0,-1,2,1,1,3,3,2,4,5,0,1,2,0,1,2,1,24,71,77,128,1.16,2.21,3.37,1,0,1,0,0,0,1,1,0,0,0,2,0,1,1,19,23,1,11,14,1,7,7,60,70,50,100,1.64,1.27,2.0,1.0,1.18,1.27,40,30,1.64,1.47,3.11,23,True,True,False,False,False,False,False,2.32,3.54,3.12,1.55,2.55,,2.54,1.55,,1.70,2.69,1.21,,,,
Netherlands_Eredivisie_2025-2026,2025/2026,12,PEC Zwolle,Sparta Rotterdam,2025-11-08 20:00:00,1,0,1,3,6,9,2,3,0,1,3,1,8,13,11,14,9,15,36,64,MAC³PARK Stadion,"Stadionplein 1, Zwolle",2,4,2.6,3.25,2.58,1.2,1.64,2.61,1.55,2.3,1.36,1.56,2.92,2.18,1.3,2.36,3.22,1.52,1,1,0,0,0,0,1,380,0,20,0,-1,2,1,3,3,0,3,6,3,0,1,2,3,1,5,1,35,74,78,130,1.16,1.5,2.66,0,0,0,0,0,0,1,1,0,0,3,0,0,0,1,18,28,1,15,9,1,9,5,50,80,40,80,1.73,1.73,0.8,1.8,0.82,1.45,50,20,0.85,1.4,2.25,23,True,False,False,False,False,False,False,2.55,3.69,2.70,1.54,2.58,,2.47,1.58,,1.66,2.61,1.20,,1.76,2.04,
Netherlands_Eredivisie_2025-2026,2025/2026,12,Utrecht,Ajax,2025-11-09 11:15:00,2,1,3,6,4,10,1,0,0,0,6,4,10,6,16,10,15,10,32,68,Stadion Galgenwaard,"Herculesplein 241, Utrecht",1,0,2.8,3.6,2.4,1.17,1.71,2.72,1.51,2.52,1.55,2.15,2.37,1.91,1.31,2.54,3.15,1.51,3,1,0,1,1,2,1,376,0,75,0,-1,2,1,5,1,1,3,6,4,0,0,1,0,0,1,1,36,54,87,114,1.69,1.31,3.0,0,0,0,0,0,0,1,1,0,0,1,0,0,0,1,18,13,1,10,15,1,3,6,74,84,47,92,1.55,1.45,2.17,1.4,1.45,1.82,27,17,1.67,1.74,3.41,23,True,True,True,False,False,False,True,2.48,3.56,2.86,1.57,2.50,,,,,1.72,2.73,1.22,2.42,1.92,1.90,1.53
Netherlands_Eredivisie_2025-2026,2025/2026,12,NEC,Groningen,2025-11-09 13:30:00,2,0,2,9,3,12,1,1,0,0,5,4,8,6,13,10,6,13,55,45,,,1,1,2.0,3.65,3.6,1.25,1.76,2.8,1.6,2.2,1.52,2.12,2.43,1.87,1.32,2.43,3.1,1.5,2,0,0,2,0,2,0,379,0,70,0,-1,2,1,3,3,6,0,6,6,0,1,1,0,1,1,1,38,36,122,87,1.46,1.18,2.64,0,0,0,0,0,0,1,1,0,0,2,1,0,0,1,15,23,1,13,6,1,7,9,90,90,40,90,2.09,1.45,2.0,1.8,1.36,1.73,10,10,1.79,1.72,3.51,23,True,True,False,False,False,False,False,3.65,3.60,2.07,1.58,2.45,1.34,2.50,1.56,3.38,1.68,2.67,1.21,,,,
Netherlands_Eredivisie_2025-2026,2025/2026,12,AZ,PSV,2025-11-09 15:45:00,1,5,6,4,6,10,2,1,0,0,3,6,5,9,8,15,9,10,47,53,AFAS Stadion,"Stadionweg 1, Alkmaar",2,1,3.0,3.95,2.16,1.06,1.38,1.91,1.33,3.04,1.38,1.69,2.67,2.07,1.18,1.95,4.7,1.87,6,1,3,0,2,2,4,121,0,80,0,-1,2,1,1,2,3,4,3,7,2,1,0,0,3,0,1,33,52,90,93,0.96,1.74,2.71,0,0,0,0,0,0,1,1,0,1,0,2,1,0,1,18,10,1,10,9,1,10,7,90,100,80,100,1.55,2.75,2.2,3.0,2.18,2.55,10,0,2.09,1.92,4.01,23,True,True,True,True,True,True,True,1.91,4.25,3.62,1.38,3.16,,1.96,1.91,,1.35,1.85,1.10,,,,
Netherlands_Eredivisie_2025-2026,2025/2026,12,Go Ahead Eagles,Feyenoord,2025-11-09 19:00:00,2,1,3,4,7,11,2,1,0,0,5,6,4,15,9,21,7,10,40,60,De Adelaarshorst,"Vetkampstraat 1, Deventer",2,1,6.1,4.55,1.52,1.16,1.49,2.2,1.57,2.3,1.28,1.54,3.05,2.21,1.25,2.26,4.1,1.65,3,1,0,1,1,2,1,366,0,40,0,-1,2,1,3,2,1,5,5,6,1,1,1,0,2,1,1,35,53,77,100,1.18,2.12,3.3,1,0,1,0,0,0,1,1,0,0,1,2,0,1,1,6,18,1,9,7,1,13,11,70,90,50,80,1.36,1.82,1.6,2.6,1.18,2.55,30,10,1.66,2.07,3.73,23,True,True,True,False,False,False,True,1.43,5.32,6.66,1.60,2.43,,2.12,1.76,,1.42,2.07,1.13,,1.61,2.24,
Netherlands_Eredivisie_2025-2026,2025/2026,13,NAC Breda,PSV,2025-11-22 15:30:00,0,1,1,6,5,11,2,1,0,0,3,4,13,5,16,9,11,15,47,53,Rat Verlegh Stadion,"Stadionstraat 23, Breda",2,1,7.1,5.7,1.33,1.06,1.34,1.87,1.57,2.3,1.42,1.96,2.67,2.04,1.18,1.84,4.33,1.85,1,0,1,0,0,0,1,121,0,67,0,-1,2,1,4,1,2,4,5,6,0,0,2,1,0,3,1,10,10,10,11,1.28,0.91,2.19,0,0,0,0,0,0,1,1,0,0,1,0,0,0,1,22,20,1,15,11,1,7,12,75,84,42,84,1.0,2.75,1.67,3.0,1.0,2.58,25,17,1.52,1.89,3.41,23,True,False,False,False,False,False,False,1.29,6.67,8.47,1.64,2.31,,,,,1.32,1.81,1.10,,1.75,2.04,
Netherlands_Eredivisie_2025-2026,2025/2026,13,Ajax,Excelsior,2025-11-22 17:45:00,1,2,3,9,2,11,2,1,0,0,5,4,10,4,15,8,4,13,64,36,Johan Cruijff Arena,"ArenA Boulevard 1, Amsterdam",2,1,1.32,5.6,7.4,1.12,1.42,1.95,1.62,2.23,1.48,1.73,2.7,2.11,1.19,2.0,4.7,1.76,3,0,1,1,1,2,1,374,0,59,0,-1,2,1,5,1,4,1,6,5,1,1,1,0,2,1,1,98,44,141,82,2.01,1.11,3.12,0,0,0,0,0,0,1,1,0,0,3,1,0,0,1,26,11,1,13,4,1,4,7,58,100,50,92,2.17,1.09,2.17,0.67,1.67,0.83,42,0,1.82,1.46,3.28,23,True,True,True,False,False,False,True,8.63,6.04,1.31,1.60,2.39,,1.90,1.95,,1.35,1.88,1.11,,1.68,2.15,
Netherlands_Eredivisie_2025-2026,2025/2026,13,Volendam,Twente,2025-11-22 17:45:00,1,1,2,4,4,8,0,3,0,0,4,6,7,12,11,18,5,12,52,48,Kras Stadion,"Sportlaan 10, Volendam",0,3,4.8,4.0,1.62,1.14,1.46,2.25,1.6,2.25,1.41,1.9,2.56,2.06,1.22,2.3,3.7,1.54,2,0,0,1,1,2,0,-1,0,75,0,-1,2,1,0,1,4,3,1,7,0,0,0,3,0,3,1,55,60,78,73,1.37,1.98,3.35,0,0,0,0,0,0,1,1,0,0,0,0,0,0,1,16,13,1,12,5,1,14,7,67,84,42,84,1.58,1.33,1.83,1.33,1.08,1.33,34,17,1.4,1.77,3.17,23,True,True,False,False,False,False,True,1.74,3.98,4.80,1.63,2.34,,2.45,1.58,,1.66,2.61,1.20,,1.79,2.00,
Netherlands_Eredivisie_2025-2026,2025/2026,13,Sparta Rotterdam,Fortuna Sittard,2025-11-22 20:00:00,1,1,2,7,5,12,1,1,0,0,4,7,9,5,13,12,9,11,61,39,Sparta-Stadion Het Kasteel,"Spartapark Noord 1, Rotterdam",1,1,1.87,3.5,3.75,1.22,1.85,2.89,1.75,2.12,1.3,1.8,3.04,2.23,1.35,2.62,2.89,1.43,2,1,0,0,1,1,1,-1,0,59,0,-1,2,1,2,2,5,3,4,8,0,1,1,0,1,1,1,64,35,149,102,1.58,1.51,3.09,0,0,0,0,0,0,1,1,0,0,1,0,0,0,1,12,23,1,11,9,1,5,7,67,75,33,92,1.5,0.67,1.17,0.5,1.33,1.33,33,25,1.27,1.11,2.38,23,True,True,False,False,False,False,True,4.24,3.57,1.92,1.75,2.15,,,,,1.87,3.09,1.27,,1.63,2.21,
Netherlands_Eredivisie_2025-2026,2025/2026,13,Heracles,Go Ahead Eagles,2025-11-22 20:00:00,4,2,6,6,3,9,1,2,0,1,12,4,10,2,22,6,6,15,46,54,Polman Stadion,"Stadionlaan 1, Almelo",1,3,2.34,3.54,2.56,1.13,1.53,2.5,1.5,2.62,1.26,1.47,3.28,2.39,1.29,2.38,3.6,1.57,6,1,2,3,0,3,3,370,0,64,0,-1,2,1,3,1,3,2,4,5,1,1,0,2,2,2,1,48,41,86,118,2.57,0.97,3.54,0,0,0,0,0,0,1,1,1,0,1,0,0,0,1,14,21,1,15,6,1,2,5,84,92,65,84,1.18,0.67,1.2,0.83,0.75,1.33,17,9,1.61,1.28,2.89,23,True,True,True,True,True,True,True,2.70,3.56,2.62,1.52,2.63,,2.44,1.59,,1.67,2.57,1.20,,1.54,2.37,
Netherlands_Eredivisie_2025-2026,2025/2026,13,Heerenveen,AZ,2025-11-23 11:15:00,3,1,4,8,5,13,1,0,0,0,9,5,12,4,21,9,9,4,47,53,Abe Lenstra Stadion,"Abe Lenstra Boulevard 23Q, Heerenveen",1,0,2.8,3.9,2.34,1.13,1.5,2.21,1.45,2.62,1.43,1.84,2.38,2.07,1.23,2.16,3.58,1.65,4,2,0,1,1,2,2,373,0,75,0,-1,2,1,4,3,4,2,7,6,0,0,1,0,0,1,1,55,29,112,96,2.35,1.14,3.49,0,0,0,0,0,0,1,1,0,0,3,0,0,0,1,11,22,1,4,9,1,6,9,67,84,34,84,1.42,1.58,1.5,2.17,1.17,2.0,34,17,1.82,1.95,3.77,23,True,True,True,True,False,False,True,2.50,3.86,2.67,1.47,2.78,,2.26,1.68,,1.56,2.36,1.17,,1.75,2.05,
Netherlands_Eredivisie_2025-2026,2025/2026,13,Feyenoord,NEC,2025-11-23 13:30:00,2,4,6,7,6,13,1,1,0,0,5,12,14,10,19,22,8,13,55,45,Stadion Feijenoord,"Van Zandvlietplein 1, Rotterdam",1,1,1.43,5.2,6.8,1.07,1.41,2.0,1.53,2.35,1.4,1.77,2.67,1.95,1.2,1.95,4.5,1.77,6,1,1,1,3,4,2,379,0,67,0,-1,2,1,4,2,3,4,6,7,0,0,1,1,0,2,1,52,27,106,77,1.92,2.42,4.34,0,0,0,0,0,0,1,1,0,0,1,0,0,0,1,23,18,1,13,8,1,4,9,59,83,34,100,2.08,1.58,2.5,0.83,2.33,1.5,42,17,2.13,1.87,4.0,23,True,True,True,True,True,True,True,6.85,5.23,1.42,1.56,2.52,,1.97,1.89,,1.38,1.97,1.13,,1.67,2.17,
Netherlands_Eredivisie_2025-2026,2025/2026,13,Telstar,Utrecht,2025-11-23 13:30:00,1,1,2,1,8,9,2,2,0,0,3,3,7,14,10,17,10,10,42,58,,,2,2,3.35,3.58,2.11,1.25,1.78,2.71,1.62,2.2,1.4,1.67,2.73,2.14,1.32,2.4,3.1,1.47,2,0,0,1,1,2,0,-1,0,72,0,-1,2,1,0,5,1,3,5,4,1,0,1,2,1,3,1,33,60,91,123,1.09,1.72,2.81,0,0,0,0,0,0,1,1,0,0,0,2,1,0,1,21,19,1,10,10,1,10,10,72,90,62,100,0.67,1.08,0.83,0.6,0.75,1.58,29,10,1.94,1.47,3.41,23,True,True,False,False,False,False,True,1.98,3.83,3.73,1.68,2.24,1.35,2.70,1.49,3.34,1.79,2.95,1.24,,1.68,2.15,
Netherlands_Eredivisie_2025-2026,2025/2026,13,Groningen,PEC Zwolle,2025-11-23 15:45:00,2,2,4,13,0,13,1,2,0,1,13,3,26,2,39,5,11,9,64,36,,,1,3,1.38,4.5,6.7,1.16,1.61,2.5,1.76,2.1,1.49,2.2,2.35,1.85,1.3,2.36,3.22,1.52,4,1,1,1,1,2,2,-1,0,58,0,-1,2,1,7,0,6,0,7,6,0,1,1,2,1,3,1,104,21,179,43,4.11,0.68,4.79,0,0,0,0,0,0,1,1,0,0,1,0,0,0,1,26,15,1,9,11,1,2,10,58,92,58,84,1.25,0.58,1.67,0.83,1.58,1.0,42,9,1.5,1.08,2.58,23,True,True,True,True,False,False,True,7.25,4.41,1.48,1.83,2.03,1.34,2.56,1.54,3.34,1.71,2.66,1.21,2.32,2.00,1.81,1.57
Netherlands_Eredivisie_2025-2026,2025/2026,14,PEC Zwolle,Heerenveen,2025-11-28 19:00:00,2,1,3,3,9,12,3,2,0,0,4,7,7,12,11,19,11,19,44,56,MAC³PARK Stadion,"Stadionplein 1, Zwolle",3,2,3.75,3.93,1.84,1.16,1.55,2.35,1.48,2.5,1.49,2.02,2.47,1.95,1.25,2.2,3.5,1.62,3,2,1,0,0,0,3,380,0,42,0,-1,2,1,3,4,0,5,7,5,1,0,2,2,1,4,1,31,56,98,97,1.21,2.09,3.3,0,0,0,0,0,0,1,1,0,0,2,2,0,0,1,17,16,1,19,11,1,9,6,42,75,50,83,1.73,1.27,1.17,0.83,1.0,1.31,59,25,0.91,1.59,2.5,23,True,True,True,False,False,False,True,1.87,3.92,4.07,1.52,2.62,,2.31,1.65,,1.55,2.34,1.16,2.52,1.84,1.97,1.49
Netherlands_Eredivisie_2025-2026,2025/2026,14,Excelsior,NAC Breda,2025-11-29 15:30:00,1,0,1,1,6,7,4,1,0,0,2,3,4,19,6,22,22,12,43,57,Van Donge & De Roo Stadion,"Honingerdijk 110, Rotterdam",4,1,2.4,3.48,2.77,1.22,1.73,2.63,1.55,2.48,1.46,1.8,2.53,1.86,1.32,2.59,3.3,1.5,1,1,0,0,0,0,1,374,0,59,0,-1,2,1,1,1,0,5,2,5,1,1,3,0,2,3,1,20,48,81,124,0.68,1.95,2.62,1,0,1,0,0,0,1,1,0,0,0,0,1,0,1,16,31,1,11,22,1,12,5,67,75,25,84,1.17,0.64,1.0,0.33,1.0,0.92,34,25,1.33,1.15,2.48,23,True,False,False,False,False,False,False,2.81,3.65,2.48,1.54,2.57,1.35,2.47,1.58,3.36,1.67,2.62,1.20,2.52,1.85,1.95,1.48
Netherlands_Eredivisie_2025-2026,2025/2026,14,Fortuna Sittard,Heracles,2025-11-29 17:45:00,1,1,2,11,3,14,3,5,0,0,5,3,18,3,23,6,19,22,57,43,Fortuna Sittard Stadion,"Milaanstraat, Sittard",3,5,1.88,3.25,3.3,1.17,1.7,2.73,1.62,2.2,1.31,1.57,2.92,2.17,1.33,2.45,3.1,1.49,2,1,0,0,1,1,1,-1,0,47,0,-1,2,1,6,1,5,2,7,7,1,2,2,3,3,5,1,51,32,81,70,2.16,0.83,2.98,0,0,0,0,0,0,1,1,0,0,2,0,0,0,1,17,17,1,22,19,1,6,13,68,84,24,92,1.64,0.33,2.17,0.43,1.31,0.92,32,17,1.56,1.04,2.6,23,True,True,False,False,False,False,True,3.75,3.77,1.99,1.58,2.47,,,,,1.67,2.60,1.21,,,,
Netherlands_Eredivisie_2025-2026,2025/2026,14,NEC,Sparta Rotterdam,2025-11-29 20:00:00,3,1,4,7,6,13,2,4,0,0,7,5,12,8,19,13,9,13,52,48,,,2,4,1.5,4.5,4.85,1.09,1.43,2.25,1.53,2.4,1.28,1.57,3.07,2.25,1.19,2.23,3.9,1.62,4,2,0,1,1,2,2,379,0,34,0,-1,2,1,2,2,5,4,4,9,1,2,1,2,3,3,1,49,47,116,75,2.05,1.51,3.55,1,0,1,0,0,0,1,1,1,0,0,0,0,0,1,20,20,1,12,9,1,9,10,67,84,25,83,2.09,1.73,2.17,1.5,1.62,1.31,34,17,1.73,1.42,3.15,23,True,True,True,True,False,False,True,5.18,4.38,1.62,1.53,2.60,,2.15,1.75,,1.48,2.17,1.15,,1.54,2.38,
Netherlands_Eredivisie_2025-2026,2025/2026,14,PSV,Volendam,2025-11-30 11:15:00,3,0,3,5,2,7,0,0,0,0,8,2,11,8,19,10,12,4,62,38,Philips Stadion,"Frederiklaan 10, Eindhoven",0,0,1.05,13.0,19.0,1.01,1.11,1.41,1.7,2.15,1.26,1.61,3.4,2.69,1.09,1.52,5.05,2.34,3,2,0,1,0,1,2,121,0,75,0,-1,2,-1,4,2,1,0,6,1,0,0,0,0,0,0,1,93,34,135,59,2.43,1.02,3.45,0,0,0,0,0,0,1,1,1,0,1,0,-1,-1,1,18,13,1,4,12,1,8,9,75,92,59,100,2.36,0.45,2.17,0.33,2.62,1.08,25,9,2.37,0.99,3.36,23,True,True,True,False,False,False,False,16.54,12.77,1.10,1.72,2.12,,1.58,2.36,,1.15,1.43,,,1.41,2.77,
Netherlands_Eredivisie_2025-2026,2025/2026,14,Telstar,Feyenoord,2025-11-30 13:30:00,1,2,3,3,5,8,0,3,0,0,2,7,10,4,12,11,8,8,49,51,,,0,3,6.1,4.8,1.53,1.12,1.42,2.18,1.56,2.28,1.37,1.7,2.97,2.23,1.22,2.19,3.66,1.66,3,0,1,1,1,2,1,367,0,68,0,-1,2,1,0,4,3,1,4,4,0,1,0,2,1,2,1,53,60,91,121,1.28,1.63,2.91,0,0,0,0,0,0,1,1,0,0,0,1,0,0,1,17,26,1,8,8,1,4,9,77,92,61,85,0.67,1.82,0.86,2.17,0.77,2.15,23,9,1.82,2.08,3.9,23,True,True,True,False,False,False,True,1.60,4.61,5.17,1.55,2.54,,2.16,1.74,,1.45,2.13,1.14,,1.59,2.28,
Netherlands_Eredivisie_2025-2026,2025/2026,14,Go Ahead Eagles,Utrecht,2025-11-30 13:30:00,2,2,4,4,3,7,2,2,0,0,6,8,5,9,11,17,9,12,59,41,De Adelaarshorst,"Vetkampstraat 1, Deventer",2,2,2.5,3.55,2.33,1.24,1.78,2.89,1.57,2.25,1.35,1.53,3.05,2.25,1.33,2.5,3.04,1.47,4,0,1,2,1,3,1,-1,0,59,0,-1,2,1,2,3,2,0,5,2,0,1,2,1,1,3,1,60,34,107,93,1.55,1.88,3.43,0,0,0,0,0,0,1,1,0,0,1,0,0,0,1,20,22,1,12,9,1,7,7,59,92,33,83,1.36,1.08,1.83,0.67,1.23,1.54,42,9,1.58,1.51,3.09,23,True,True,True,True,False,False,True,2.39,3.42,3.10,1.64,2.33,,,,,1.88,3.03,1.25,,1.63,2.23,
Netherlands_Eredivisie_2025-2026,2025/2026,14,Twente,AZ,2025-11-30 15:45:00,1,0,1,2,3,5,3,4,0,0,2,1,5,6,7,7,13,9,51,49,De Grolsch Veste,"Colosseum 65, Enschede",3,4,2.2,3.55,3.0,1.17,1.56,2.4,1.46,2.55,1.53,1.91,2.34,1.82,1.25,2.27,3.28,1.63,1,0,0,1,0,1,0,375,0,62,0,-1,2,1,1,1,1,2,2,3,0,0,3,4,0,7,1,41,41,101,117,0.89,0.83,1.72,0,0,0,0,0,0,1,1,0,0,0,1,0,0,1,18,21,1,9,12,1,11,8,62,77,29,77,1.73,1.58,1.33,1.86,1.31,1.85,38,23,2.24,1.83,4.07,23,True,False,False,False,False,False,False,3.26,3.75,2.17,1.50,2.67,,2.36,1.62,,1.58,2.42,1.18,2.34,1.99,1.82,1.55
Netherlands_Eredivisie_2025-2026,2025/2026,14,Ajax,Groningen,2025-12-02 13:30:00,2,0,2,3,5,8,1,0,0,0,6,7,7,10,13,17,14,10,48,52,Johan Cruijff Arena,"ArenA Boulevard 1, Amsterdam",1,0,1.99,3.44,3.65,1.2,1.8,2.74,1.64,2.33,1.58,2.24,2.38,1.96,1.3,2.5,3.58,1.54,2,1,0,1,0,1,1,120,0,62,0,-1,2,1,1,3,2,2,4,4,0,0,1,0,0,1,1,51,46,84,113,1.61,1.9,3.51,0,0,0,0,0,0,1,1,0,0,0,0,0,0,1,11,21,1,10,14,1,5,9,55,92,38,84,2.17,1.45,1.86,1.5,1.54,1.54,45,9,1.85,1.63,3.48,23,True,True,False,False,False,False,False,3.69,3.76,2.01,1.64,2.33,,,,,,,,2.55,1.85,1.96,1.48
Netherlands_Eredivisie_2025-2026,2025/2026,15,Excelsior,Groningen,2025-12-05 19:00:00,0,2,2,5,5,10,2,2,1,1,6,8,10,12,16,20,10,9,46,54,Van Donge & De Roo Stadion,"Honingerdijk 110, Rotterdam",4,3,2.99,3.45,1.83,1.22,1.85,2.85,1.68,2.11,1.47,1.85,2.39,1.82,1.38,2.59,3.16,1.44,2,0,0,0,2,2,0,372,0,50,0,-1,2,1,2,2,3,3,4,6,1,1,2,2,2,4,1,22,46,95,111,1.59,2.16,3.75,0,1,0,1,0,0,1,1,0,0,0,0,0,0,1,11,20,1,9,9,1,11,7,50,65,29,71,1.17,1.45,1.29,1.29,1.14,1.43,50,36,1.24,1.67,2.91,23,True,True,False,False,False,False,False,2.08,3.53,3.70,1.69,2.23,1.37,2.80,1.46,3.20,1.88,3.05,1.25,2.45,1.89,1.92,1.50
Netherlands_Eredivisie_2025-2026,2025/2026,15,Heerenveen,PSV,2025-12-06 15:30:00,0,2,2,7,3,10,1,0,0,0,3,7,9,4,12,11,13,5,38,62,Abe Lenstra Stadion,"Abe Lenstra Boulevard 23Q, Heerenveen",1,0,3.7,4.25,1.82,1.03,1.3,1.82,1.38,3.16,1.37,1.79,2.85,2.23,1.18,1.91,4.6,1.93,2,0,2,0,0,0,2,121,0,79,0,-1,2,1,3,1,4,2,4,6,1,0,0,0,1,0,1,48,64,73,106,1.31,1.65,2.96,0,0,0,0,0,0,1,1,0,0,1,1,0,0,1,13,20,1,5,13,1,6,10,79,93,43,100,1.42,2.75,1.71,3.0,1.21,2.64,22,7,1.89,1.75,3.64,23,True,True,False,False,False,False,False,1.88,4.36,3.62,1.38,3.18,,1.96,1.91,,1.34,1.85,1.10,,1.62,2.23,
Netherlands_Eredivisie_2025-2026,2025/2026,15,Fortuna Sittard,Ajax,2025-12-06 17:45:00,1,3,4,4,4,8,3,3,1,1,7,4,19,9,26,13,13,9,36,64,Fortuna Sittard Stadion,"Milaanstraat, Sittard",5,4,3.5,3.5,1.92,1.14,1.58,2.6,1.58,2.25,1.52,2.05,2.33,1.93,1.29,2.36,3.28,1.52,4,1,1,0,2,2,2,120,0,79,0,-1,2,1,1,2,3,2,3,5,1,1,3,3,2,6,1,49,48,78,109,2.47,1.45,3.92,0,0,0,0,0,0,1,1,1,0,1,0,0,0,1,11,16,1,9,13,1,5,14,63,86,40,93,1.64,1.45,2.0,1.17,1.29,1.64,37,15,1.64,1.66,3.3,23,True,True,True,True,False,False,True,2.04,3.71,3.66,1.61,2.40,,2.52,1.56,,1.73,2.72,1.23,2.47,1.89,1.92,1.50
Netherlands_Eredivisie_2025-2026,2025/2026,15,Heracles,Telstar,2025-12-06 19:00:00,1,1,2,6,6,12,3,2,0,0,6,2,9,9,15,11,15,12,46,54,Polman Stadion,"Stadionlaan 1, Almelo",3,2,2.1,3.6,2.85,1.15,1.62,2.53,1.55,2.48,1.3,1.68,3.07,2.32,1.28,2.3,3.34,1.55,2,0,0,1,1,2,0,-1,0,42,0,-1,2,1,2,3,4,3,5,7,1,1,2,1,2,3,1,44,54,94,88,1.69,1.23,2.91,0,0,0,0,0,0,1,1,0,0,2,1,0,0,1,28,19,1,12,15,1,7,4,59,84,50,92,1.18,0.91,1.5,0.67,0.93,0.71,42,17,1.77,1.21,2.98,23,True,True,False,False,False,False,True,2.90,3.69,2.39,1.54,2.58,,2.46,1.58,,1.65,2.60,1.19,,1.56,2.35,
Netherlands_Eredivisie_2025-2026,2025/2026,15,Feyenoord,PEC Zwolle,2025-12-06 20:00:00,6,1,7,8,4,12,1,1,0,0,12,4,13,3,25,7,17,12,57,43,Stadion Feijenoord,"Van Zandvlietplein 1, Rotterdam",1,1,1.17,7.5,13.0,1.05,1.32,1.88,1.83,1.87,1.37,1.92,2.63,2.08,1.16,1.86,4.6,1.96,7,4,0,2,1,3,4,367,0,72,0,-1,2,1,2,1,6,3,3,9,0,0,1,1,0,2,1,35,9,102,53,2.67,0.79,3.46,1,0,1,0,0,0,1,1,0,0,0,0,0,0,1,7,14,1,11,17,1,4,13,72,93,58,100,2.08,0.58,2.14,0.86,2.21,1.14,29,7,2.1,1.02,3.12,23,True,True,True,True,True,True,True,13.64,9.40,1.16,1.81,2.03,,1.76,2.10,,1.25,1.70,1.10,,1.70,2.11,
Netherlands_Eredivisie_2025-2026,2025/2026,15,Utrecht,Twente,2025-12-07 11:15:00,1,1,2,6,8,14,1,2,0,0,4,6,8,15,12,21,8,8,37,63,Stadion Galgenwaard,"Herculesplein 241, Utrecht",1,2,2.6,3.45,2.7,1.22,1.85,3.1,1.65,2.1,1.55,1.93,2.36,1.86,1.36,2.71,3.15,1.43,2,0,0,1,1,2,0,-1,0,64,0,-1,2,1,3,1,3,7,4,10,0,1,1,1,1,2,1,35,45,71,111,1.29,2.07,3.36,0,0,0,0,0,0,1,1,0,0,0,0,0,0,1,26,21,1,8,8,1,9,8,57,71,29,72,1.55,1.33,2.29,1.29,1.5,1.43,43,29,1.67,1.8,3.47,23,True,True,False,False,False,False,True,2.84,3.47,2.54,1.65,2.30,1.36,2.76,1.47,3.26,1.87,3.03,1.25,2.27,2.02,1.78,1.61
Netherlands_Eredivisie_2025-2026,2025/2026,15,AZ,Go Ahead Eagles,2025-12-07 13:30:00,2,2,4,11,4,15,2,1,0,0,7,7,16,5,23,12,8,8,48,52,AFAS Stadion,"Stadionweg 1, Alkmaar",2,1,1.36,5.5,6.9,1.06,1.38,2.06,1.59,2.21,1.3,1.77,3.04,2.21,1.18,2.02,4.2,1.74,4,2,1,0,1,1,3,-1,0,86,0,-1,2,1,3,1,8,3,4,11,1,0,1,1,1,2,1,50,30,94,100,2.29,1.47,3.77,0,0,0,0,0,0,1,1,0,1,1,0,0,0,1,16,18,1,8,8,1,5,9,86,93,79,86,1.55,0.67,1.83,0.71,1.71,1.21,15,7,1.91,1.23,3.14,23,True,True,True,True,False,False,True,8.65,5.78,1.33,1.66,2.29,,1.92,1.95,,1.38,1.96,1.12,,1.60,2.27,
Netherlands_Eredivisie_2025-2026,2025/2026,15,Volendam,NEC,2025-12-07 13:30:00,2,3,5,4,8,12,2,5,0,0,5,7,8,9,13,16,7,17,43,57,Kras Stadion,"Sportlaan 10, Volendam",2,5,4.2,4.0,1.73,1.15,1.42,2.17,1.47,2.55,1.38,1.64,2.83,1.95,1.22,2.1,4.0,1.77,5,1,0,1,3,4,1,379,0,86,0,-1,2,1,2,6,2,2,8,4,0,3,2,2,3,4,1,34,58,60,91,1.41,1.92,3.33,1,0,1,0,0,0,1,1,0,0,0,1,0,0,1,13,27,1,16,7,1,7,8,71,93,50,93,1.58,1.58,1.71,1.14,1.0,1.71,29,7,1.4,1.95,3.35,23,True,True,True,True,True,False,True,1.69,4.50,4.49,1.44,2.92,,1.99,1.88,,1.41,1.99,1.12,,1.64,2.21,
Netherlands_Eredivisie_2025-2026,2025/2026,15,Sparta Rotterdam,NAC Breda,2025-12-07 15:45:00,1,0,1,1,14,15,1,1,0,0,6,9,6,13,12,22,11,10,41,59,Sparta-Stadion Het Kasteel,"Spartapark Noord 1, Rotterdam",1,1,2.3,3.44,3.0,1.21,1.7,2.9,1.59,2.23,1.38,1.94,2.67,1.95,1.3,2.44,3.1,1.49,1,1,0,0,0,0,1,371,0,57,0,-1,2,1,0,4,1,10,4,11,0,0,1,1,0,2,1,29,80,77,111,1.39,2.59,3.98,0,0,0,0,0,0,1,1,0,0,0,0,0,0,1,18,21,1,10,11,1,12,6,64,79,22,93,1.5,0.64,1.14,0.29,1.21,0.86,36,22,1.31,1.27,2.58,23,True,False,False,False,False,False,False,2.99,3.46,2.44,1.64,2.32,1.36,2.74,1.48,3.28,1.82,2.97,1.25,,1.71,2.10,
Netherlands_Eredivisie_2025-2026,2025/2026,16,Telstar,NEC,2025-12-13 15:30:00,2,2,4,5,7,12,0,2,0,0,4,8,6,8,10,16,8,11,32,68,,,0,2,3.1,3.92,1.89,1.17,1.45,2.25,1.44,2.5,1.28,1.49,3.25,2.27,1.21,2.1,3.8,1.67,4,1,1,1,1,2,2,-1,0,88,0,-1,2,1,3,6,2,1,9,3,0,2,0,0,2,0,1,19,75,55,138,1.05,2.12,3.17,0,0,0,0,0,0,1,1,0,0,2,3,0,1,1,18,20,1,10,8,1,8,4,75,94,57,94,0.67,1.58,0.75,1.38,0.73,1.8,25,7,1.75,1.95,3.7,23,True,True,True,True,False,False,True,2.12,3.92,3.25,1.47,2.80,,2.19,1.72,,1.51,2.20,1.16,,1.58,2.27,
Netherlands_Eredivisie_2025-2026,2025/2026,16,Groningen,Volendam,2025-12-13 17:45:00,3,0,3,18,1,19,0,1,0,1,7,1,19,3,26,4,7,11,68,32,,,0,3,1.4,5.06,7.4,1.14,1.53,2.38,1.7,2.05,1.34,1.62,2.83,2.19,1.28,2.23,3.58,1.64,3,1,0,2,0,2,1,372,0,50,0,-1,2,1,11,1,7,0,12,7,0,1,0,1,1,1,1,66,18,97,53,2.59,0.46,3.05,1,0,1,0,0,0,1,1,0,0,5,0,0,0,1,14,15,1,10,7,1,8,8,57,86,50,86,1.25,0.45,1.57,0.29,1.53,0.93,43,14,1.87,0.99,2.86,23,True,True,True,False,False,False,False,7.99,5.09,1.40,1.78,2.10,,2.33,1.64,,1.56,2.35,1.17,,1.64,2.21,
Netherlands_Eredivisie_2025-2026,2025/2026,16,PSV,Heracles,2025-12-13 19:00:00,4,3,7,10,4,14,2,4,0,0,6,6,15,5,21,11,12,7,66,34,Philips Stadion,"Frederiklaan 10, Eindhoven",2,4,1.11,9.8,16.0,1.04,1.14,1.5,1.67,2.1,1.19,1.48,3.76,2.67,1.09,1.6,5.65,2.24,7,2,1,2,2,4,3,121,0,61,0,-1,2,1,5,2,5,2,7,7,1,3,1,1,4,2,1,63,19,105,77,2.19,1.26,3.45,2,1,2,1,0,0,1,1,0,0,0,0,0,0,1,19,12,1,5,11,1,6,10,81,100,42,100,2.36,0.33,2.29,0.5,2.67,0.93,20,0,2.38,1.01,3.39,23,True,True,True,True,True,True,True,15.37,11.44,1.10,1.70,2.11,,,,,1.14,1.45,,,1.45,2.58,
Netherlands_Eredivisie_2025-2026,2025/2026,16,PEC Zwolle,Fortuna Sittard,2025-12-13 20:00:00,1,0,1,2,12,14,3,3,0,0,3,3,5,8,8,11,17,13,35,65,MAC³PARK Stadion,"Stadionplein 1, Zwolle",3,3,2.36,3.3,2.9,1.23,1.7,2.75,1.6,2.3,1.49,1.86,2.34,1.82,1.31,2.41,3.25,1.53,1,1,0,0,0,0,1,380,0,50,0,-1,2,1,1,7,1,5,8,6,2,1,1,2,3,3,1,38,55,94,121,1.0,1.31,2.31,0,0,0,0,0,0,1,1,1,0,0,1,0,0,1,20,25,1,13,17,1,12,9,50,79,43,93,1.73,0.67,1.43,0.57,1.07,1.2,50,22,0.95,1.16,2.11,23,True,False,False,False,False,False,False,2.69,3.61,2.60,1.59,2.45,,,,,1.74,2.80,1.23,2.34,1.98,1.83,1.56
Netherlands_Eredivisie_2025-2026,2025/2026,16,Sparta Rotterdam,Heerenveen,2025-12-14 11:15:00,0,3,3,5,10,15,1,2,0,0,3,5,8,15,11,20,10,15,53,47,Sparta-Stadion Het Kasteel,"Spartapark Noord 1, Rotterdam",1,2,2.8,3.8,2.25,1.13,1.53,2.35,1.46,2.63,1.37,1.64,2.79,2.1,1.21,2.25,3.34,1.57,3,0,1,0,2,2,1,373,0,61,0,-1,2,1,4,4,1,6,8,7,1,2,0,0,3,0,1,41,41,103,98,1.21,1.91,3.12,0,0,0,0,0,0,1,1,0,0,3,2,0,0,1,21,28,1,15,10,1,7,8,54,75,41,87,1.5,1.27,1.38,0.71,1.33,1.13,47,26,1.32,1.66,2.98,23,True,True,True,False,False,False,False,2.33,3.83,2.92,1.49,2.71,,2.38,1.62,,1.58,2.41,1.17,,1.57,2.31,
Netherlands_Eredivisie_2025-2026,2025/2026,16,Ajax,Feyenoord,2025-12-14 13:30:00,2,0,2,3,12,15,2,1,0,0,7,1,8,17,15,18,12,12,43,57,Johan Cruijff Arena,"ArenA Boulevard 1, Amsterdam",2,1,3.26,3.75,2.15,1.17,1.53,2.3,1.44,2.5,1.52,1.9,2.35,1.81,1.23,2.2,3.58,1.64,2,1,0,1,0,1,1,120,0,54,0,-1,2,1,2,2,1,10,4,11,2,1,0,0,3,0,1,19,78,66,126,1.57,1.77,3.34,0,0,0,0,0,0,1,1,0,0,0,0,0,0,1,7,22,1,12,12,1,12,6,62,93,41,93,2.17,1.82,2.0,2.29,1.73,2.27,39,7,1.82,2.01,3.83,23,True,True,False,False,False,False,False,2.10,3.95,3.28,1.53,2.58,,,,,1.57,2.41,1.18,2.41,1.92,1.88,1.53
Netherlands_Eredivisie_2025-2026,2025/2026,16,Twente,Go Ahead Eagles,2025-12-14 13:30:00,2,0,2,3,6,9,0,3,0,0,7,2,16,4,23,6,7,9,54,46,De Grolsch Veste,"Colosseum 65, Enschede",0,3,1.43,4.8,6.5,1.11,1.44,2.1,1.62,2.15,1.36,1.6,2.85,2.05,1.22,1.95,3.58,1.66,2,2,0,0,0,0,2,375,0,66,0,-1,2,1,2,4,1,2,6,3,0,1,0,2,1,2,1,54,42,106,96,2.33,0.83,3.16,1,0,1,0,0,0,1,1,0,0,0,1,0,0,1,21,25,1,8,7,1,4,11,66,80,32,73,1.73,0.67,1.57,0.75,1.4,1.2,34,21,2.05,1.26,3.31,23,True,True,False,False,False,False,False,7.89,4.87,1.41,1.82,2.05,,2.32,1.64,,1.60,2.49,1.19,,1.70,2.12,
Netherlands_Eredivisie_2025-2026,2025/2026,16,NAC Breda,Utrecht,2025-12-14 15:45:00,1,1,2,6,5,11,2,2,0,0,3,6,13,5,16,11,10,12,56,44,Rat Verlegh Stadion,"Stadionstraat 23, Breda",2,2,2.26,3.4,2.8,1.23,1.88,2.99,1.65,2.17,1.48,1.85,2.36,1.83,1.4,2.94,2.89,1.42,2,1,1,0,0,0,2,-1,0,64,0,-1,2,1,3,2,3,3,5,6,2,1,0,1,3,1,1,41,19,114,95,1.52,1.26,2.79,0,0,0,0,0,0,1,1,0,0,1,0,1,0,1,13,16,1,12,10,1,6,8,57,72,22,79,1.0,1.08,1.43,0.71,0.8,1.47,43,29,1.48,1.56,3.04,23,True,True,False,False,False,False,True,2.75,3.43,2.64,1.75,2.15,,,,,1.99,3.36,1.30,2.42,1.92,1.90,1.52
Netherlands_Eredivisie_2025-2026,2025/2026,17,Heracles,Heerenveen,2025-12-20 15:30:00,0,3,3,4,4,8,1,1,0,0,2,8,6,7,8,15,12,9,42,58,Polman Stadion,"Stadionlaan 1, Almelo",1,1,3.38,3.8,2.0,1.15,1.67,2.55,1.57,2.47,1.31,1.67,2.97,2.12,1.28,2.35,3.34,1.55,3,0,0,0,3,3,0,373,0,67,0,-1,2,1,2,3,2,1,5,3,0,1,1,0,1,1,1,36,43,79,103,0.91,1.82,2.73,0,1,0,1,0,0,1,1,0,0,0,1,0,0,1,11,17,1,9,11,1,8,5,75,94,61,87,1.18,1.27,1.43,1.0,0.88,1.25,26,7,1.75,1.69,3.44,23,True,True,True,False,False,False,False,2.03,3.81,3.59,1.58,2.47,,2.44,1.59,,,,,,1.68,2.16,
Netherlands_Eredivisie_2025-2026,2025/2026,17,Excelsior,PEC Zwolle,2025-12-20 17:45:00,2,1,3,3,1,4,1,1,0,0,4,3,9,6,13,9,13,7,48,52,Van Donge & De Roo Stadion,"Honingerdijk 110, Rotterdam",1,1,2.12,3.75,3.2,1.14,1.64,2.44,1.56,2.3,1.5,1.82,2.55,2.01,1.25,2.5,3.34,1.53,3,1,0,1,1,2,1,374,0,63,0,-1,2,1,0,0,3,1,0,4,0,0,1,1,0,2,1,40,45,93,100,1.39,1.11,2.51,0,0,0,0,0,0,1,1,0,0,0,0,0,0,1,16,16,1,7,13,1,10,10,63,75,57,82,1.17,0.58,1.13,0.75,1.07,1.19,38,25,1.28,0.99,2.27,23,True,True,True,False,False,False,True,3.32,3.74,2.15,1.56,2.53,,2.48,1.57,,1.64,2.58,1.20,2.53,1.77,2.02,1.47
Netherlands_Eredivisie_2025-2026,2025/2026,17,NEC,Ajax,2025-12-20 19:00:00,2,2,4,1,7,8,3,3,1,0,5,8,9,11,14,19,8,8,39,61,,,5,3,2.29,3.85,3.03,1.08,1.44,2.12,1.4,2.86,1.42,1.68,2.6,2.0,1.22,2.1,3.75,1.8,4,1,2,1,0,1,3,-1,0,79,0,-1,2,1,0,1,1,6,1,7,1,0,3,3,1,6,1,54,62,93,88,1.62,2.2,3.82,0,0,0,0,0,0,1,1,1,0,0,0,0,0,1,17,19,1,8,8,1,6,7,86,100,50,93,2.09,1.45,2.29,1.43,1.75,1.81,14,0,1.78,1.63,3.41,23,True,True,True,True,False,False,True,3.06,4.04,2.17,1.45,2.87,,2.18,1.72,,1.48,2.18,1.15,,1.70,2.11,
Netherlands_Eredivisie_2025-2026,2025/2026,17,NAC Breda,Telstar,2025-12-20 20:00:00,0,1,1,8,3,11,2,3,0,0,2,4,9,7,11,11,11,16,63,37,Rat Verlegh Stadion,"Stadionstraat 23, Breda",2,3,1.87,3.8,4.2,1.22,1.8,2.68,1.67,2.1,1.33,1.8,2.88,2.2,1.32,2.73,3.35,1.52,1,0,0,0,1,1,0,389,0,46,0,-1,2,1,5,2,3,1,7,4,0,0,2,3,0,5,1,52,34,112,83,1.22,1.22,2.44,0,0,0,0,0,0,1,1,0,0,2,0,0,0,1,13,16,1,16,11,1,9,13,32,67,20,73,1.0,0.91,1.38,0.71,0.81,0.75,68,34,1.49,1.21,2.7,23,True,False,False,False,False,False,False,4.39,3.87,1.82,1.74,2.16,1.35,2.71,1.49,3.32,1.79,2.90,1.25,,1.63,2.23,
Netherlands_Eredivisie_2025-2026,2025/2026,17,Utrecht,PSV,2025-12-21 11:15:00,1,2,3,2,12,14,3,4,0,1,3,8,14,6,17,14,7,14,43,57,Stadion Galgenwaard,"Herculesplein 241, Utrecht",3,5,4.6,4.2,1.62,1.14,1.46,2.08,1.5,2.5,1.38,1.69,2.7,2.04,1.2,2.25,3.58,1.65,3,1,0,0,2,2,1,121,0,57,0,-1,2,1,1,4,1,8,5,9,1,0,2,5,1,7,1,56,60,99,93,1.69,1.88,3.56,0,0,0,0,0,0,1,1,0,0,1,2,0,0,1,22,16,1,14,7,1,8,10,63,82,44,88,1.55,2.75,2.13,3.0,1.44,2.69,38,19,1.62,1.74,3.36,23,True,True,True,False,False,False,True,1.83,4.05,4.12,1.50,2.71,,2.18,1.72,,,,,,,,
Netherlands_Eredivisie_2025-2026,2025/2026,17,Go Ahead Eagles,Groningen,2025-12-21 13:30:00,1,1,2,1,8,9,2,1,0,0,3,3,5,11,8,14,10,13,47,53,De Adelaarshorst,"Vetkampstraat 1, Deventer",2,1,3.02,3.28,2.31,1.18,1.73,2.57,1.57,2.3,1.37,1.63,2.8,2.14,1.33,2.41,3.1,1.5,2,1,0,0,1,1,1,-1,0,54,0,-1,2,1,1,5,0,3,6,3,0,1,2,0,1,2,1,38,40,87,112,1.0,1.39,2.39,0,0,0,0,0,0,1,1,0,0,0,2,0,0,1,21,20,1,13,10,1,11,9,61,94,27,75,1.36,1.45,1.71,1.5,1.13,1.63,40,7,1.58,1.73,3.31,23,True,True,False,False,False,False,True,2.08,3.59,3.65,1.63,2.36,,2.64,1.52,,1.80,2.92,1.24,,,,
Netherlands_Eredivisie_2025-2026,2025/2026,17,Feyenoord,Twente,2025-12-21 13:30:00,1,1,2,7,12,19,1,0,1,0,4,11,6,18,10,29,15,11,46,54,Stadion Feijenoord,"Van Zandvlietplein 1, Rotterdam",2,0,1.6,4.1,4.9,1.18,1.51,2.2,1.57,2.25,1.47,1.85,2.28,1.88,1.25,2.12,3.4,1.6,2,0,1,1,0,1,1,-1,0,69,0,-1,2,1,1,6,6,6,7,12,0,0,2,0,0,2,1,36,81,88,109,1.18,3.17,4.35,0,0,0,0,0,0,1,1,0,0,0,0,0,0,1,16,11,1,11,15,1,8,6,51,82,32,75,2.08,1.33,2.25,1.25,2.13,1.5,51,19,2.17,1.83,4.0,23,True,True,False,False,False,False,True,3.72,3.82,1.98,1.55,2.55,,2.41,1.60,,1.62,2.54,1.19,2.60,1.79,2.02,1.46
Netherlands_Eredivisie_2025-2026,2025/2026,17,Volendam,Sparta Rotterdam,2025-12-21 15:45:00,0,1,1,6,8,14,3,2,0,0,5,10,7,13,12,23,14,6,40,60,Kras Stadion,"Sportlaan 10, Volendam",3,2,2.95,3.7,2.2,1.19,1.66,2.53,1.53,2.5,1.37,1.62,2.8,2.12,1.24,2.28,3.3,1.53,1,0,0,0,1,1,0,371,0,59,0,-1,2,1,1,5,5,3,6,8,2,1,1,1,3,2,1,37,71,65,92,1.37,2.65,4.02,0,1,0,1,0,0,1,1,0,0,0,0,0,1,1,19,17,1,6,13,1,11,7,66,86,34,87,1.58,1.73,1.5,1.29,0.88,1.25,34,15,1.4,1.43,2.83,23,True,False,False,False,False,False,False,2.35,3.71,2.96,1.54,2.58,,2.43,1.58,,1.62,2.51,1.19,,1.61,2.25,
Netherlands_Eredivisie_2025-2026,2025/2026,17,Fortuna Sittard,AZ,2025-12-21 15:45:00,4,3,7,5,8,13,3,0,0,0,6,9,9,12,15,21,18,11,34,66,Fortuna Sittard Stadion,"Milaanstraat, Sittard",3,0,4.88,4.3,1.65,1.12,1.5,2.41,1.57,2.25,1.46,2.01,2.6,1.99,1.25,2.37,3.42,1.6,7,2,2,2,1,3,4,387,0,57,0,-1,2,1,2,1,3,7,3,10,3,0,0,0,3,0,1,25,59,77,96,1.55,2.37,3.92,0,0,0,0,0,0,1,1,1,0,2,0,0,0,1,12,16,1,11,17,1,11,3,50,69,44,76,1.64,1.58,1.75,1.63,1.13,1.67,50,32,1.75,1.7,3.45,23,True,True,True,True,True,True,True,1.70,4.23,4.70,1.62,2.37,,2.40,1.60,,1.60,2.47,1.19,,,,
Netherlands_Eredivisie_2025-2026,2025/2026,18,AZ,Volendam,2026-01-10 15:30:00,1,0,1,7,2,9,0,1,0,0,8,2,9,5,17,7,10,9,49,51,AFAS Stadion,"Stadionweg 1, Alkmaar",0,1,1.2,8.0,15.0,1.08,1.33,1.8,1.77,1.85,1.32,1.57,3.3,2.42,1.13,1.92,4.33,1.94,1,1,0,0,0,0,1,378,0,75,0,18202,2,1,3,2,4,0,5,4,0,1,0,0,1,0,1,61,45,101,106,2.07,0.92,2.99,0,0,0,0,0,0,1,1,1,0,0,0,0,0,1,17,22,1,9,10,1,3,9,88,94,75,100,1.55,0.45,1.71,0.25,1.56,0.82,13,7,1.96,0.93,2.89,23,True,False,False,False,False,False,False,16.13,8.56,1.16,2.03,1.81,,1.94,1.91,,1.33,1.89,1.10,,1.50,2.45,
Netherlands_Eredivisie_2025-2026,2025/2026,18,Twente,PEC Zwolle,2026-01-10 17:45:00,1,1,2,7,2,9,1,3,0,0,7,1,19,2,26,3,6,11,64,36,De Grolsch Veste,"Colosseum 65, Enschede",1,3,1.33,5.5,9.5,1.12,1.39,2.1,1.76,1.96,1.4,1.77,2.6,1.98,1.21,2.05,4.1,1.7,2,0,0,1,1,2,0,-1,0,70,0,25700,2,1,2,0,5,2,2,7,0,0,1,3,0,4,1,95,20,150,69,2.81,0.42,3.23,0,0,0,0,0,0,1,1,0,0,1,0,0,0,1,25,17,1,11,6,1,3,9,70,88,46,88,1.73,0.58,1.75,0.67,1.47,1.12,31,13,2.08,1.01,3.09,23,True,True,False,False,False,False,True,9.06,5.78,1.32,1.83,2.03,,,,,1.48,2.21,1.15,2.66,1.72,2.09,1.43
Netherlands_Eredivisie_2025-2026,2025/2026,18,PSV,Excelsior,2026-01-10 19:00:00,5,1,6,6,4,10,1,1,0,0,8,3,8,5,16,8,10,7,50,50,Philips Stadion,"Frederiklaan 10, Eindhoven",1,1,1.13,8.1,13.0,1.06,1.22,1.65,1.73,2.0,1.28,1.52,3.08,2.27,1.12,1.77,4.95,1.98,6,4,1,1,0,1,5,121,0,73,0,32000,2,1,2,1,4,3,3,7,1,0,0,1,1,1,1,61,29,116,100,2.01,0.94,2.95,0,0,0,0,0,0,1,1,1,0,0,0,0,0,1,18,17,1,7,10,1,7,3,87,100,59,93,2.36,1.09,2.38,1.0,2.71,1.19,14,0,2.36,1.41,3.77,23,True,True,True,True,True,True,True,13.93,9.99,1.15,1.75,2.12,,,,,1.23,1.61,,,1.50,2.50,
Netherlands_Eredivisie_2025-2026,2025/2026,18,Groningen,NAC Breda,2026-01-10 20:00:00,0,0,0,3,4,7,1,2,0,0,5,2,11,8,16,10,7,6,55,45,,,1,2,1.72,3.65,4.75,1.29,1.95,3.15,1.8,1.91,1.51,2.15,2.38,1.87,1.38,2.88,2.81,1.41,0,0,0,0,0,0,0,-1,0,44,0,21991,2,1,0,2,3,2,2,5,1,2,0,0,3,0,1,50,43,156,93,1.74,1.09,2.83,0,0,0,0,0,0,1,1,0,0,0,1,0,0,1,25,24,1,6,7,1,6,13,57,82,26,88,1.25,0.64,1.75,0.25,1.59,0.76,44,19,1.96,1.43,3.39,23,False,False,False,False,False,False,False,5.38,3.77,1.71,,,,,,,1.98,3.38,1.30,2.49,1.90,1.92,1.50
Netherlands_Eredivisie_2025-2026,2025/2026,18,Heerenveen,Feyenoord,2026-01-11 11:15:00,2,2,4,5,3,8,1,0,0,0,7,3,9,4,16,7,11,6,57,43,Abe Lenstra Stadion,"Abe Lenstra Boulevard 23Q, Heerenveen",1,0,2.75,3.7,2.29,1.16,1.53,2.35,1.5,2.53,1.44,1.97,2.58,2.04,1.25,2.27,3.42,1.59,4,1,2,1,0,1,3,-1,0,69,0,22334,2,1,1,1,4,2,2,6,0,0,1,0,0,1,1,49,46,119,82,1.86,0.99,2.85,0,0,0,0,0,0,1,1,0,0,0,0,0,0,1,18,19,1,6,11,1,7,9,75,94,38,94,1.42,1.82,1.5,2.0,1.35,2.06,25,7,1.82,1.98,3.8,23,True,True,True,True,False,False,True,2.38,3.84,2.84,1.52,2.64,,2.35,1.63,,1.58,2.43,1.18,,1.65,2.20,
Netherlands_Eredivisie_2025-2026,2025/2026,18,Go Ahead Eagles,Fortuna Sittard,2026-01-11 13:30:00,2,2,4,9,1,10,0,1,0,0,8,5,15,7,23,12,10,9,62,38,De Adelaarshorst,"Vetkampstraat 1, Deventer",0,1,1.9,3.69,3.4,1.18,1.72,2.57,1.57,2.25,1.43,1.6,2.9,2.08,1.32,2.41,3.3,1.5,4,1,1,1,1,2,2,-1,0,63,0,9327,2,1,3,1,6,0,4,6,0,0,0,1,0,1,1,58,35,121,82,2.43,1.36,3.79,0,0,0,0,0,0,1,1,0,0,1,0,0,0,1,20,12,1,9,10,1,7,13,57,88,25,94,1.36,0.67,1.63,0.5,1.12,1.24,44,13,1.5,1.18,2.68,23,True,True,True,True,False,False,True,4.07,3.89,1.88,1.63,2.35,1.34,2.58,1.53,3.39,1.76,2.88,1.24,2.62,1.65,2.19,1.44
Netherlands_Eredivisie_2025-2026,2025/2026,18,Telstar,Ajax,2026-01-11 13:30:00,2,3,5,8,3,11,1,1,1,0,3,10,4,6,7,16,6,6,35,65,,,3,1,4.12,3.96,1.85,1.18,1.58,2.59,1.57,2.26,1.43,1.7,2.62,2.06,1.3,2.36,3.34,1.52,5,0,2,2,1,3,2,120,0,95,0,5920,2,1,2,0,6,3,2,9,0,0,2,1,0,3,1,39,45,75,119,0.94,2.04,2.98,0,0,0,0,0,0,1,1,0,0,1,0,0,0,1,17,17,1,6,6,1,3,3,83,100,65,95,0.67,1.45,0.78,1.38,0.88,1.76,18,0,1.68,1.71,3.39,23,True,True,True,True,True,False,True,1.91,3.88,3.94,1.58,2.46,,2.44,1.59,,1.63,2.57,1.20,,1.72,2.09,
Netherlands_Eredivisie_2025-2026,2025/2026,18,Sparta Rotterdam,Heracles,2026-01-11 15:45:00,2,0,2,9,5,14,1,3,0,0,9,2,13,4,22,6,6,16,51,49,Sparta-Stadion Het Kasteel,"Spartapark Noord 1, Rotterdam",1,3,1.8,3.7,4.36,1.2,1.7,2.67,1.62,2.14,1.27,1.57,3.0,2.32,1.24,2.38,3.3,1.56,2,1,0,1,0,1,1,371,0,50,0,7048,2,1,4,2,5,3,6,8,1,0,0,3,1,3,1,52,38,95,76,2.39,0.8,3.19,0,0,0,0,0,0,1,1,1,0,1,0,0,0,1,17,23,1,16,6,1,5,9,67,84,22,95,1.5,0.33,1.22,0.44,1.35,0.82,33,17,1.31,1.04,2.35,23,True,True,False,False,False,False,False,4.28,3.71,1.88,1.60,2.42,,,,,1.68,2.60,1.20,,1.53,2.40,
Netherlands_Eredivisie_2025-2026,2025/2026,19,Ajax,Go Ahead Eagles,2026-01-17 15:30:00,2,2,4,1,5,6,2,4,0,0,6,6,12,4,18,10,11,16,51,49,Johan Cruijff Arena,"ArenA Boulevard 1, Amsterdam",2,4,1.49,4.0,4.6,1.09,1.43,2.24,1.53,2.3,1.34,1.8,2.83,2.15,1.23,2.19,3.58,1.66,4,2,0,0,2,2,2,-1,0,56,0,53979,2,1,1,3,0,2,4,2,0,2,2,2,2,4,1,35,39,86,104,1.81,1.34,3.15,0,0,0,0,0,0,1,1,0,0,0,0,0,0,1,10,14,1,16,11,1,8,7,50,95,50,89,2.17,0.67,2.11,0.67,1.83,1.11,50,6,1.79,1.22,3.01,23,True,True,True,True,False,False,True,4.92,4.19,1.68,1.60,2.43,,2.32,1.64,,1.56,2.37,1.17,,1.66,2.19,
Netherlands_Eredivisie_2025-2026,2025/2026,19,PEC Zwolle,AZ,2026-01-17 17:45:00,3,1,4,3,7,10,1,2,0,0,5,4,7,8,12,12,12,14,47,53,MAC³PARK Stadion,"Stadionplein 1, Zwolle",1,2,6.0,4.75,1.49,1.12,1.46,2.25,1.6,2.2,1.52,1.77,2.67,2.04,1.25,2.18,3.58,1.66,4,2,0,1,1,2,2,380,0,41,0,13745,2,1,1,2,2,5,3,7,0,1,1,1,1,2,1,34,37,115,93,1.37,1.31,2.68,0,0,0,0,0,0,1,1,1,0,0,0,0,0,1,13,18,1,14,12,1,6,7,47,65,53,78,1.73,1.58,1.63,1.44,1.11,1.65,54,36,0.96,1.78,2.74,23,True,True,True,True,False,False,True,1.53,4.74,5.77,1.65,2.30,,,,,1.52,2.30,1.16,2.56,1.82,1.99,1.47
Netherlands_Eredivisie_2025-2026,2025/2026,19,Fortuna Sittard,PSV,2026-01-17 19:00:00,1,2,3,4,14,18,1,1,0,0,1,8,5,10,6,18,10,11,30,70,Fortuna Sittard Stadion,"Milaanstraat, Sittard",1,1,6.5,5.42,1.4,1.1,1.41,2.1,1.62,2.2,1.37,1.54,3.19,2.35,1.22,2.19,3.75,1.69,3,1,1,0,1,1,2,121,0,62,0,11787,2,1,1,9,3,5,10,8,0,0,1,1,0,2,1,22,96,77,135,0.62,2.39,3.01,0,0,0,0,0,0,1,1,0,1,0,2,0,0,1,9,25,1,11,10,1,12,9,62,84,50,95,1.64,2.75,1.89,3.0,1.22,2.72,39,17,1.73,1.76,3.49,23,True,True,True,False,False,False,True,1.58,4.70,5.25,1.59,2.44,,2.21,1.70,,1.49,2.23,1.15,,1.57,2.33,
Netherlands_Eredivisie_2025-2026,2025/2026,19,Excelsior,Telstar,2026-01-17 19:00:00,2,2,4,3,7,10,3,0,0,0,3,3,10,14,13,17,11,8,62,38,Van Donge & De Roo Stadion,"Honingerdijk 110, Rotterdam",3,0,2.25,3.6,2.95,1.23,1.74,2.7,1.56,2.35,1.37,1.79,2.87,2.17,1.33,2.45,3.4,1.5,4,0,0,2,2,4,0,-1,0,35,0,4600,2,1,3,5,0,2,8,2,0,0,3,0,0,3,1,51,38,111,87,1.41,1.56,2.96,0,0,0,0,0,0,1,1,0,0,1,1,0,0,1,25,18,1,8,11,1,3,12,29,60,18,65,1.17,0.91,1.33,1.0,1.12,0.83,72,41,1.3,1.21,2.51,23,True,True,True,True,False,False,True,3.25,3.45,2.30,1.68,2.26,1.35,2.69,1.49,3.35,1.82,2.96,1.25,,1.63,2.21,
Netherlands_Eredivisie_2025-2026,2025/2026,19,NAC Breda,NEC,2026-01-17 20:00:00,3,4,7,2,3,5,2,1,0,0,5,8,9,3,14,11,13,15,46,54,Rat Verlegh Stadion,"Stadionstraat 23, Breda",2,1,2.52,3.6,2.65,1.16,1.65,2.5,1.5,2.4,1.44,1.94,2.6,2.0,1.3,2.41,3.22,1.5,7,1,2,2,2,4,3,379,0,73,0,20109,2,1,2,2,0,1,4,1,1,0,1,1,1,2,1,37,23,96,111,1.51,1.44,2.94,0,0,0,0,0,0,1,1,0,1,0,1,1,0,1,27,25,1,15,13,1,5,7,61,73,39,84,1.0,1.58,1.22,1.33,0.78,1.71,39,28,1.46,1.97,3.43,23,True,True,True,True,True,True,True,2.74,3.58,2.57,1.63,2.35,,2.67,1.51,,1.79,2.93,1.24,,1.76,2.04,
Netherlands_Eredivisie_2025-2026,2025/2026,19,Heerenveen,Groningen,2026-01-18 11:15:00,0,2,2,3,6,9,2,2,0,0,5,6,12,6,17,12,11,13,56,44,Abe Lenstra Stadion,"Abe Lenstra Boulevard 23Q, Heerenveen",2,2,2.01,3.4,3.35,1.25,2.06,2.8,1.7,2.1,1.55,1.7,2.71,2.05,1.38,2.69,2.8,1.48,2,0,0,0,2,2,0,372,0,73,0,24105,2,1,1,4,2,2,5,4,1,0,1,2,1,3,1,45,41,109,91,1.75,1.48,3.23,0,0,0,0,0,0,1,1,0,0,0,0,0,0,1,30,23,1,13,11,1,6,3,61,95,33,84,1.42,1.45,1.44,1.44,1.33,1.56,39,6,1.82,1.69,3.51,23,True,True,False,False,False,False,False,3.97,3.46,2.03,1.73,2.17,1.38,2.83,1.45,3.19,1.92,3.22,1.28,,1.69,2.13,
Netherlands_Eredivisie_2025-2026,2025/2026,19,Heracles,Twente,2026-01-18 13:30:00,0,2,2,4,2,6,2,4,0,1,2,6,9,12,11,18,12,14,49,51,Polman Stadion,"Stadionlaan 1, Almelo",2,6,6.3,4.5,1.51,1.14,1.64,2.59,1.67,2.1,1.35,1.7,2.63,2.22,1.28,2.14,3.34,1.54,2,0,1,0,1,1,1,375,0,71,0,12274,2,1,2,2,2,0,4,2,0,1,2,4,1,6,1,41,33,115,98,1.14,1.8,2.94,0,1,0,1,0,0,1,1,0,0,1,0,0,0,1,20,25,1,14,11,1,9,11,61,89,43,66,1.18,1.33,1.25,1.22,0.78,1.44,40,11,1.65,1.98,3.63,23,True,True,False,False,False,False,False,1.50,4.61,6.54,1.75,2.14,,2.42,1.60,,1.63,2.60,1.19,,1.56,2.33,
Netherlands_Eredivisie_2025-2026,2025/2026,19,Volendam,Utrecht,2026-01-18 13:30:00,2,1,3,1,6,7,3,3,0,0,3,5,4,11,7,16,14,14,46,54,Kras Stadion,"Sportlaan 10, Volendam",3,3,4.0,3.7,1.63,1.22,1.72,2.64,1.62,2.15,1.46,1.6,2.92,2.21,1.31,2.45,3.15,1.48,3,2,0,0,1,1,2,398,0,77,0,6921,2,1,1,2,0,4,3,4,1,1,2,2,2,4,1,48,31,91,92,1.01,1.59,2.59,0,0,0,0,0,0,1,1,1,0,1,0,0,0,1,12,19,1,14,14,1,11,5,59,89,36,83,1.58,1.08,1.33,0.75,0.78,1.35,42,12,1.4,1.53,2.93,23,True,True,True,False,False,False,True,1.85,3.86,4.22,1.70,2.21,,,,,1.80,2.96,1.25,,1.63,2.21,
Netherlands_Eredivisie_2025-2026,2025/2026,19,Feyenoord,Sparta Rotterdam,2026-01-18 15:45:00,3,4,7,9,0,9,1,3,0,0,12,5,10,8,22,13,6,11,56,44,Stadion Feijenoord,"Van Zandvlietplein 1, Rotterdam",1,3,1.41,4.88,7.0,1.11,1.38,2.04,1.61,2.3,1.25,1.47,3.85,2.56,1.2,2.07,3.85,1.74,7,0,1,3,3,6,1,371,0,46,0,47500,2,1,4,0,5,0,4,5,1,3,0,0,4,0,1,81,22,119,97,2.81,1.34,4.15,0,0,0,0,0,0,1,1,0,0,1,0,0,0,1,16,15,1,11,6,1,6,11,53,76,29,88,2.08,1.73,2.11,1.5,2.0,1.44,47,25,2.06,1.58,3.64,23,True,True,True,True,True,True,True,6.27,4.62,1.51,1.62,2.37,,2.11,1.79,,1.48,2.19,1.16,,1.46,2.58,
Netherlands_Eredivisie_2025-2026,2025/2026,16,AZ,Excelsior,2026-01-21 17:45:00,1,1,2,4,5,9,3,1,0,0,4,2,9,6,13,8,8,10,60,40,AFAS Stadion,"Stadionweg 1, Alkmaar",3,1,1.35,5.5,8.25,1.12,1.43,2.19,1.73,1.97,1.39,1.85,2.79,2.11,1.2,2.05,4.0,1.67,2,0,0,1,1,2,0,-1,0,82,0,16997,2,1,1,0,3,5,1,8,0,0,3,1,0,4,1,58,36,114,85,1.53,0.91,2.44,0,0,0,0,0,0,1,1,0,0,1,0,0,0,1,22,18,1,10,8,1,4,8,88,94,69,94,1.55,1.09,1.88,0.88,1.56,1.11,13,7,1.98,1.35,3.33,23,True,True,False,False,False,False,True,8.54,5.50,1.35,1.78,2.11,,,,,1.50,2.27,1.16,,1.68,2.15,
Netherlands_Eredivisie_2025-2026,2025/2026,20,Ajax,Volendam,2026-01-24 15:30:00,2,0,2,10,0,10,1,3,0,0,14,2,17,3,31,5,10,13,65,35,Johan Cruijff Arena,"ArenA Boulevard 1, Amsterdam",1,3,1.29,5.75,8.63,1.11,1.34,1.95,1.62,2.06,1.35,1.59,2.5,2.2,1.17,2.01,4.15,1.86,2,2,0,0,0,0,2,120,0,47,0,54715,2,1,7,0,3,0,7,3,0,0,1,3,0,4,1,118,41,108,59,3.76,0.75,4.52,0,0,0,0,0,0,1,1,0,0,1,0,0,0,1,17,13,1,13,10,1,5,9,54,89,42,100,2.17,0.45,2.0,0.22,1.79,0.89,47,11,1.79,0.93,2.72,23,True,True,False,False,False,False,False,8.74,6.04,1.32,1.78,2.11,,2.14,1.75,,1.45,2.21,1.15,,1.60,2.28,
Netherlands_Eredivisie_2025-2026,2025/2026,20,NEC,PEC Zwolle,2026-01-24 17:45:00,2,1,3,10,6,16,1,2,0,0,2,6,11,5,13,11,7,12,45,55,,,1,2,1.4,5.0,6.4,1.11,1.4,1.87,1.57,2.25,1.42,1.7,2.65,2.03,1.21,2.07,3.75,1.71,3,1,1,1,0,1,2,379,0,77,0,12650,2,1,8,2,2,4,10,6,0,1,1,1,1,2,1,45,48,123,89,1.3,1.46,2.76,0,0,0,0,0,0,1,1,0,0,2,0,0,0,1,25,23,1,12,7,1,5,13,84,100,60,89,2.09,0.58,2.13,0.7,1.78,1.21,17,0,1.76,0.95,2.71,23,True,True,True,False,False,False,True,6.32,4.95,1.48,1.57,2.49,,,,,1.41,2.06,1.13,,,,
Netherlands_Eredivisie_2025-2026,2025/2026,20,PSV,NAC Breda,2026-01-24 19:00:00,2,2,4,10,4,14,4,3,0,0,4,2,12,4,16,6,13,13,73,27,Philips Stadion,"Frederiklaan 10, Eindhoven",4,3,1.26,5.25,7.5,1.08,1.4,1.98,1.67,2.09,1.38,1.61,2.75,2.21,1.18,2.1,4.15,1.82,4,1,2,1,0,1,3,-1,0,61,0,34900,2,1,3,2,7,2,5,9,1,1,3,2,2,5,1,77,20,128,89,1.85,0.68,2.53,0,0,0,0,0,0,1,1,0,0,0,2,0,0,1,24,13,1,13,13,1,5,11,73,84,45,95,2.36,0.64,2.44,0.33,2.74,0.74,28,17,2.32,1.39,3.71,23,True,True,True,True,False,False,True,7.77,5.51,1.37,1.74,2.15,,,,,1.48,2.26,1.17,,1.63,2.24,
Netherlands_Eredivisie_2025-2026,2025/2026,20,Twente,Excelsior,2026-01-24 20:00:00,0,0,0,11,5,16,1,1,0,0,3,1,11,7,14,8,10,8,65,35,De Grolsch Veste,"Colosseum 65, Enschede",1,1,1.29,5.65,9.76,1.18,1.5,2.42,1.91,1.8,1.45,1.8,2.46,1.88,1.26,2.29,3.34,1.58,0,0,0,0,0,0,0,-1,0,67,0,29000,2,1,6,1,5,4,7,9,0,0,1,1,0,2,1,74,23,146,106,1.64,0.76,2.4,0,0,0,0,0,0,1,1,0,0,0,1,0,0,1,29,12,1,8,10,1,3,11,61,89,28,73,1.73,1.09,1.67,0.89,1.53,1.11,39,11,2.17,1.3,3.47,23,False,False,False,False,False,False,False,11.11,6.11,1.26,1.98,1.86,,,,,1.51,2.26,1.15,,,,
Netherlands_Eredivisie_2025-2026,2025/2026,20,Telstar,AZ,2026-01-25 11:15:00,0,1,1,5,1,6,1,2,0,0,3,4,7,8,10,12,13,16,49,51,,,1,2,3.7,3.74,1.95,1.16,1.65,2.56,1.53,2.35,1.32,1.61,2.88,2.17,1.25,2.4,3.55,1.53,1,0,0,0,1,1,0,378,0,75,0,5293,-1,1,-1,-1,-1,-1,-1,-1,0,1,1,1,1,2,1,50,45,102,91,1.21,1.37,2.58,0,0,0,0,0,0,1,1,0,0,-1,-1,0,0,1,22,20,1,16,13,1,5,12,70,85,65,80,0.67,1.58,0.7,1.3,0.84,1.53,30,15,1.6,1.73,3.33,23,True,False,False,False,False,False,False,2.18,3.66,3.31,1.60,2.41,,,,,1.69,2.68,1.21,,1.65,2.17,
Netherlands_Eredivisie_2025-2026,2025/2026,20,Groningen,Fortuna Sittard,2026-01-25 13:30:00,1,2,3,16,3,19,3,2,0,0,5,6,20,4,25,10,12,15,60,40,,,3,2,1.52,4.0,5.4,1.23,1.83,3.0,1.85,1.85,1.48,1.8,2.16,1.84,1.38,2.65,3.19,1.42,3,1,2,0,0,0,3,387,0,50,0,21597,2,1,9,2,7,1,11,8,1,2,2,0,3,2,1,72,24,130,78,2.44,1.23,3.67,0,0,0,0,0,0,1,1,1,0,4,0,0,0,1,22,12,1,15,12,1,4,13,50,78,33,84,1.25,0.67,1.67,0.56,1.63,1.16,50,22,1.94,1.2,3.14,23,True,True,True,False,False,False,True,6.87,4.28,1.52,1.98,1.87,1.37,2.78,1.47,3.23,1.88,3.07,1.27,2.59,1.88,1.93,1.46
Netherlands_Eredivisie_2025-2026,2025/2026,20,Utrecht,Sparta Rotterdam,2026-01-25 15:45:00,0,1,1,10,0,10,0,4,0,0,5,3,17,2,22,5,11,14,59,41,Stadion Galgenwaard,"Herculesplein 241, Utrecht",0,4,2.08,3.5,3.59,1.24,1.85,3.25,1.72,1.98,1.31,1.82,2.92,2.22,1.4,2.69,2.81,1.41,1,0,1,0,0,0,1,371,0,50,0,22543,2,1,5,0,5,0,5,5,0,1,0,3,1,3,1,53,30,100,94,2.12,0.76,2.87,0,0,0,0,0,0,1,1,0,1,1,0,0,0,1,27,14,1,14,11,1,4,18,62,73,22,78,1.55,1.73,1.89,1.67,1.28,1.53,39,28,1.63,1.56,3.19,23,True,False,False,False,False,False,False,3.81,3.60,2.02,1.76,2.13,1.38,2.89,1.44,3.14,1.90,3.23,1.28,,1.64,2.21,
Netherlands_Eredivisie_2025-2026,2025/2026,20,Feyenoord,Heracles,2026-01-25 15:45:00,4,2,6,8,1,9,2,2,0,0,8,3,8,4,16,7,12,17,66,34,Stadion Feijenoord,"Van Zandvlietplein 1, Rotterdam",2,2,1.12,6.5,10.5,1.07,1.3,1.75,1.7,2.05,1.25,1.41,3.58,2.56,1.14,1.83,4.6,1.8,6,2,1,2,1,3,3,367,0,60,0,47500,2,1,7,0,1,1,7,2,1,2,1,0,3,1,1,77,11,119,65,2.13,0.74,2.87,0,1,0,1,0,0,1,1,0,0,1,0,0,0,1,13,16,1,17,11,1,3,8,65,95,25,100,2.08,0.33,1.9,0.4,1.89,0.74,35,5,2.14,1.02,3.16,23,True,True,True,True,True,True,True,12.49,7.74,1.20,1.85,1.99,,1.90,1.95,,1.35,1.92,1.12,,,,
Netherlands_Eredivisie_2025-2026,2025/2026,21,NAC Breda,Twente,2026-01-30 19:00:00,2,2,4,7,4,11,1,1,0,0,10,9,10,9,20,18,7,10,63,37,Rat Verlegh Stadion,"Stadionstraat 23, Breda",1,1,3.25,3.7,1.93,1.28,2.06,3.35,1.8,1.96,1.44,1.96,2.2,1.73,1.35,3.0,2.77,1.4,4,0,1,2,1,3,1,-1,0,65,0,20095,2,1,2,4,5,0,6,5,1,1,0,0,2,0,1,58,42,151,84,2.39,2.07,4.46,0,0,0,0,0,0,1,1,0,0,0,0,1,1,1,18,19,1,10,7,1,5,6,40,70,25,65,1.0,1.33,1.1,1.4,0.75,1.5,60,30,1.46,1.96,3.42,23,True,True,True,True,False,False,True,2.21,3.34,3.54,1.82,2.04,1.43,3.14,1.38,2.91,2.15,3.57,1.33,2.50,1.84,1.97,1.48
Netherlands_Eredivisie_2025-2026,2025/2026,21,AZ,NEC,2026-01-31 15:30:00,1,3,4,3,3,6,1,2,0,0,2,8,9,11,11,19,15,16,48,52,AFAS Stadion,"Stadionweg 1, Alkmaar",1,2,1.74,4.05,3.8,1.1,1.41,2.19,1.47,2.8,1.42,1.72,2.6,1.93,1.22,2.05,3.66,1.7,4,1,2,0,1,1,3,379,0,90,0,19931,2,1,1,3,2,0,4,2,0,1,1,1,1,2,1,31,54,85,138,1.06,2.16,3.22,0,0,0,0,0,0,1,1,0,1,1,1,0,1,1,17,12,1,16,15,1,9,6,79,90,69,95,1.55,1.58,1.78,1.5,1.6,1.84,21,11,1.93,1.91,3.84,23,True,True,True,True,False,False,True,3.73,3.95,1.94,1.53,2.61,,,,,1.56,2.39,1.17,2.44,1.96,1.85,1.52
Netherlands_Eredivisie_2025-2026,2025/2026,21,PEC Zwolle,Telstar,2026-01-31 17:45:00,4,1,5,6,9,15,0,0,0,0,9,8,7,6,16,14,11,16,58,42,MAC³PARK Stadion,"Stadionplein 1, Zwolle",0,0,2.37,3.6,2.9,1.18,1.75,2.68,1.6,2.2,1.4,1.69,2.73,1.97,1.26,2.47,3.25,1.52,5,1,0,3,1,4,1,380,0,33,0,13910,2,-1,4,6,2,2,10,4,0,0,0,0,0,0,1,35,47,113,79,1.9,1.78,3.68,0,0,0,0,0,0,1,1,0,0,0,1,-1,-1,1,19,21,1,16,11,1,7,6,33,67,34,73,1.73,0.91,1.78,1.0,1.15,0.8,67,33,1.0,1.25,2.25,23,True,True,True,True,True,False,True,2.99,3.67,2.34,1.65,2.31,,,,,1.75,2.80,1.23,,,,
Netherlands_Eredivisie_2025-2026,2025/2026,21,Sparta Rotterdam,Groningen,2026-01-31 20:00:00,2,0,2,3,6,9,1,5,0,0,5,2,4,6,9,8,8,16,46,54,Sparta-Stadion Het Kasteel,"Spartapark Noord 1, Rotterdam",1,5,2.36,3.46,2.68,1.22,1.78,3.0,1.62,2.15,1.45,1.91,2.65,2.03,1.33,2.43,3.0,1.44,2,0,0,2,0,2,0,371,0,45,0,10031,2,1,2,2,1,4,4,5,1,3,0,2,4,2,1,31,63,98,143,1.15,1.12,2.27,0,0,0,0,0,0,1,1,0,0,0,0,0,0,1,21,11,1,16,8,1,6,6,45,80,20,75,1.5,1.45,1.4,1.6,1.6,1.55,55,20,1.42,1.67,3.09,23,True,True,False,False,False,False,False,2.93,3.46,2.49,1.60,2.43,,,,,1.76,2.80,1.24,2.60,1.66,2.18,1.45
Netherlands_Eredivisie_2025-2026,2025/2026,21,Excelsior,Ajax,2026-02-01 11:15:00,2,2,4,4,1,5,1,0,0,0,5,3,6,6,11,9,12,5,48,52,Van Donge & De Roo Stadion,"Honingerdijk 110, Rotterdam",1,0,3.85,3.8,1.79,1.19,1.57,2.4,1.55,2.4,1.44,2.03,2.28,1.79,1.26,2.25,3.34,1.57,4,0,2,2,0,2,2,-1,0,75,0,4500,2,1,2,0,2,1,2,3,0,0,1,0,0,1,1,43,28,114,98,1.37,0.99,2.36,0,0,0,0,0,0,1,1,0,0,0,0,0,0,1,18,22,1,5,12,1,8,4,70,80,44,80,1.17,1.45,1.3,1.56,1.1,1.85,31,20,1.31,1.74,3.05,23,True,True,True,True,False,False,True,1.88,3.93,4.00,1.61,2.41,,2.40,1.60,,1.64,2.54,1.20,2.35,1.97,1.84,1.56
Netherlands_Eredivisie_2025-2026,2025/2026,21,PSV,Feyenoord,2026-02-01 13:30:00,3,0,3,8,3,11,1,3,0,1,7,2,7,6,14,8,8,8,60,40,Philips Stadion,"Frederiklaan 10, Eindhoven",1,5,1.63,4.4,4.5,1.08,1.38,1.88,1.4,2.75,1.41,1.65,2.68,2.2,1.18,2.0,4.1,1.86,3,3,0,0,0,0,3,121,0,68,0,35000,2,1,3,1,5,2,4,7,0,1,1,3,1,4,1,53,37,115,74,1.76,0.92,2.68,0,0,0,0,0,0,1,1,1,0,0,0,0,1,1,17,14,1,8,8,1,4,7,84,95,62,95,2.36,1.82,2.3,1.89,2.65,1.95,16,6,2.27,1.87,4.14,23,True,True,True,False,False,False,False,4.78,4.48,1.65,1.49,2.71,,2.08,1.81,,1.43,2.05,1.13,,1.62,2.23,
Netherlands_Eredivisie_2025-2026,2025/2026,21,Heracles,Fortuna Sittard,2026-02-01 13:30:00,2,1,3,4,5,9,2,3,0,0,7,6,4,6,11,12,17,14,46,54,Polman Stadion,"Stadionlaan 1, Almelo",2,3,2.21,3.3,3.25,1.24,1.9,3.1,1.67,2.16,1.31,1.75,2.88,2.26,1.35,2.65,2.81,1.42,3,2,1,0,0,0,3,370,0,63,0,11424,2,1,2,2,2,3,4,5,0,1,2,2,1,4,1,41,24,117,88,1.49,1.36,2.85,0,0,0,0,0,0,1,1,0,0,1,0,0,0,1,25,24,1,14,17,1,10,8,69,90,48,89,1.18,0.67,1.11,0.8,0.7,1.25,31,10,1.59,1.21,2.8,23,True,True,True,False,False,False,True,3.29,3.51,2.25,1.74,2.16,1.38,2.84,1.45,3.16,1.92,3.21,1.28,,1.59,2.26,
Netherlands_Eredivisie_2025-2026,2025/2026,21,Heerenveen,Utrecht,2026-02-01 15:45:00,1,1,2,5,6,11,1,2,0,0,3,4,16,7,19,11,11,10,60,40,Abe Lenstra Stadion,"Abe Lenstra Boulevard 23Q, Heerenveen",1,2,1.88,3.6,4.16,1.25,1.92,3.1,1.7,2.0,1.42,2.04,2.5,1.95,1.35,2.76,2.94,1.41,2,1,0,0,1,1,1,-1,0,79,0,22555,2,1,2,3,3,3,5,6,0,0,1,2,0,3,1,99,64,96,69,2.11,1.43,3.54,0,0,0,0,0,0,1,1,0,0,0,2,0,0,1,15,7,1,10,11,1,9,12,63,95,42,90,1.42,1.08,1.3,0.67,1.26,1.21,37,6,1.82,1.53,3.35,23,True,True,False,False,False,False,True,5.15,3.90,1.71,1.74,2.16,1.34,2.67,1.50,3.39,1.82,2.96,1.25,2.62,1.83,1.98,1.45
Netherlands_Eredivisie_2025-2026,2025/2026,21,Volendam,Go Ahead Eagles,2026-02-01 19:00:00,1,1,2,6,5,11,4,5,0,1,5,5,15,8,20,13,7,16,62,38,Kras Stadion,"Sportlaan 10, Volendam",4,6,2.95,3.55,2.32,1.25,1.74,2.68,1.62,2.2,1.37,1.64,2.87,2.19,1.33,2.45,3.04,1.47,2,0,1,1,0,1,1,-1,0,75,0,6570,2,1,1,3,5,2,4,7,2,2,2,4,4,6,1,70,40,120,75,2.12,1.46,3.57,0,0,0,0,0,0,1,1,0,1,0,2,0,0,1,20,16,1,16,7,1,6,6,70,90,55,80,1.58,0.67,1.5,0.7,0.85,1.11,30,10,1.36,1.23,2.59,23,True,True,False,False,False,False,True,2.03,3.76,3.62,1.68,2.25,1.34,2.67,1.50,3.37,1.81,2.98,1.25,,1.64,2.19,
Netherlands_Eredivisie_2025-2026,2025/2026,22,NAC Breda,Excelsior,2026-02-06 19:00:00,0,2,2,8,3,11,2,2,1,0,6,6,9,3,15,9,6,15,49,51,Rat Verlegh Stadion,"Stadionstraat 23, Breda",4,2,1.83,3.6,4.2,1.25,1.85,3.1,1.7,2.0,1.42,1.91,2.65,2.03,1.37,2.65,2.85,1.42,2,0,2,0,0,0,2,374,0,67,0,-1,2,1,4,2,4,1,6,5,1,0,2,2,1,4,1,48,38,131,97,1.73,1.27,3.0,0,0,0,0,0,0,1,1,0,0,1,0,0,0,1,32,13,1,15,6,1,3,10,63,77,34,72,1.0,1.09,1.09,0.9,0.76,1.1,38,23,1.55,1.25,2.8,23,True,True,False,False,False,False,False,4.26,3.72,1.88,1.78,2.10,,,,,1.93,3.30,1.29,2.57,1.83,1.98,1.47
Netherlands_Eredivisie_2025-2026,2025/2026,22,NEC,Heracles,2026-02-07 15:30:00,4,1,5,3,6,9,0,2,0,0,6,2,9,8,15,10,10,18,68,32,,,0,2,1.43,5.0,6.5,1.14,1.53,2.12,1.57,2.25,1.3,1.65,3.1,2.35,1.19,2.07,3.98,1.8,5,2,1,2,0,2,3,379,0,61,0,-1,2,1,1,2,2,4,3,6,0,0,0,2,0,2,1,52,18,125,43,1.75,0.9,2.65,1,0,1,0,0,0,1,1,0,0,0,0,0,0,1,13,13,1,17,10,1,8,11,81,100,42,95,2.09,0.33,2.22,0.36,1.9,0.81,19,0,1.71,0.99,2.7,23,True,True,True,True,True,False,True,7.48,5.06,1.41,1.80,2.07,,2.32,1.64,,1.56,2.43,1.18,,1.53,2.39,
Netherlands_Eredivisie_2025-2026,2025/2026,22,PEC Zwolle,Volendam,2026-02-07 17:45:00,1,2,3,6,5,11,3,0,0,0,4,7,10,8,14,15,18,10,58,42,MAC³PARK Stadion,"Stadionplein 1, Zwolle",3,0,1.69,3.95,5.25,1.18,1.65,2.34,1.69,2.15,1.35,1.9,2.65,2.05,1.24,2.38,3.1,1.53,3,1,1,0,1,1,2,398,0,40,0,-1,2,1,4,2,2,3,6,5,1,0,2,0,1,2,1,58,42,102,77,1.58,1.74,3.32,0,0,0,0,0,0,1,1,1,0,0,0,0,0,1,17,21,1,10,18,1,3,9,55,75,50,95,1.73,0.45,1.9,0.2,1.24,0.86,45,25,1.09,0.91,2.0,23,True,True,True,False,False,False,True,6.12,4.03,1.60,1.72,2.18,,2.47,1.58,,1.64,2.53,1.20,,1.74,2.07,
Netherlands_Eredivisie_2025-2026,2025/2026,22,Twente,Heerenveen,2026-02-07 19:00:00,5,0,5,7,0,7,1,3,0,0,14,0,15,7,29,7,8,10,60,40,De Grolsch Veste,"Colosseum 65, Enschede",1,3,1.6,4.1,5.26,1.2,1.62,2.32,1.6,2.2,1.34,1.82,2.8,2.12,1.24,2.27,3.42,1.59,5,2,0,3,0,3,2,375,0,53,0,-1,2,1,5,0,2,0,5,2,1,0,0,3,1,3,1,57,30,107,90,3.21,0.67,3.88,0,0,0,0,0,0,1,1,0,0,1,0,0,0,1,14,14,1,10,8,1,7,13,54,80,27,69,1.73,1.27,1.6,1.22,1.48,1.25,47,21,2.11,1.71,3.82,23,True,True,True,True,True,False,False,5.61,4.28,1.60,1.66,2.30,,,,,1.60,2.53,1.19,,1.69,2.13,
Netherlands_Eredivisie_2025-2026,2025/2026,22,Fortuna Sittard,Sparta Rotterdam,2026-02-07 20:00:00,2,2,4,3,13,16,3,1,0,0,3,5,8,11,11,16,13,10,36,64,Fortuna Sittard Stadion,"Milaanstraat, Sittard",3,1,2.95,3.2,2.28,1.22,1.8,2.68,1.62,2.15,1.28,1.52,2.8,2.31,1.35,2.5,2.85,1.42,4,1,0,1,2,3,1,-1,0,50,0,-1,2,1,2,8,1,5,10,6,0,0,3,1,0,4,1,32,89,79,153,1.14,2.01,3.15,0,0,0,0,0,0,1,1,0,0,0,1,0,0,1,13,16,1,10,13,1,8,4,55,70,35,85,1.64,1.73,1.7,1.8,1.19,1.67,45,30,1.61,1.48,3.09,23,True,True,True,True,False,False,True,2.34,3.48,3.14,1.62,2.37,1.34,2.64,1.52,3.38,1.78,2.84,1.25,,1.56,2.35,
Netherlands_Eredivisie_2025-2026,2025/2026,22,Utrecht,Feyenoord,2026-02-08 11:15:00,0,1,1,2,7,9,2,4,1,0,5,4,1,6,6,10,12,14,47,53,Stadion Galgenwaard,"Herculesplein 241, Utrecht",3,4,3.3,3.6,2.04,1.16,1.81,2.8,1.62,2.28,1.36,1.66,2.75,1.96,1.25,2.7,3.1,1.46,1,0,1,0,0,0,1,367,0,55,0,-1,2,1,2,3,0,4,5,4,0,1,3,3,1,6,1,24,45,112,115,0.92,1.25,2.17,0,0,0,0,0,0,1,1,0,1,0,0,0,0,1,20,21,1,14,12,1,11,4,70,80,35,85,1.55,1.82,1.7,1.7,1.2,1.86,30,20,1.68,1.78,3.46,23,True,False,False,False,False,False,False,2.12,3.62,3.49,1.71,2.20,1.34,2.61,1.45,3.09,1.92,3.20,1.29,,1.68,2.14,
Netherlands_Eredivisie_2025-2026,2025/2026,22,AZ,Ajax,2026-02-08 13:30:00,1,1,2,2,4,6,3,0,0,0,6,2,8,10,14,12,11,12,38,62,AFAS Stadion,"Stadionweg 1, Alkmaar",3,0,2.4,3.7,2.75,1.14,1.57,2.5,1.5,2.42,1.49,1.85,2.23,1.76,1.28,2.38,3.34,1.53,2,0,0,1,1,2,0,-1,0,95,0,-1,2,1,2,2,0,2,4,2,0,0,3,0,0,3,1,30,71,93,122,1.53,1.42,2.94,0,0,0,0,0,0,1,1,0,0,0,0,0,0,1,16,14,1,12,11,1,10,5,85,95,75,95,1.55,1.45,1.6,1.5,1.52,1.81,15,5,1.84,1.67,3.51,23,True,True,False,False,False,False,True,2.88,3.68,2.41,1.54,2.56,,,,,1.67,2.62,1.20,2.34,1.96,1.85,1.55
Netherlands_Eredivisie_2025-2026,2025/2026,22,Go Ahead Eagles,Telstar,2026-02-08 13:30:00,1,1,2,13,2,15,1,0,0,0,11,2,13,10,24,12,6,14,58,42,De Adelaarshorst,"Vetkampstraat 1, Deventer",1,0,1.67,4.06,4.0,1.14,1.57,2.4,1.57,2.3,1.28,1.54,3.42,2.47,1.25,2.25,3.42,1.6,2,0,0,1,1,2,0,-1,0,54,0,-1,2,1,7,1,6,1,8,7,0,0,1,0,0,1,1,68,34,88,62,2.76,1.14,3.9,0,0,0,0,0,0,1,1,0,0,2,0,0,0,1,24,20,1,14,6,1,11,9,49,85,22,75,1.36,0.91,1.56,0.9,1.1,0.76,52,15,1.61,1.3,2.91,23,True,True,False,False,False,False,True,4.11,4.07,1.83,1.58,2.45,,,,,1.61,2.53,1.18,,1.50,2.46,
Netherlands_Eredivisie_2025-2026,2025/2026,22,Groningen,PSV,2026-02-08 15:45:00,1,2,3,6,11,17,1,1,0,0,4,5,4,10,8,15,8,9,37,63,,,1,1,3.4,4.25,1.68,1.17,1.53,2.3,1.53,2.3,1.41,1.6,2.85,2.06,1.25,2.08,3.66,1.64,3,1,0,0,2,2,1,121,0,50,0,-1,2,1,4,5,2,6,9,8,0,0,1,1,0,2,1,40,64,95,107,1.08,1.76,2.84,0,0,0,0,0,0,1,1,0,0,3,0,0,0,1,18,21,1,9,8,1,5,4,60,85,50,85,1.25,2.75,1.5,3.0,1.48,2.67,40,15,1.99,1.82,3.81,23,True,True,True,False,False,False,True,1.62,4.62,4.90,1.61,2.39,,2.28,1.66,,,,,,1.71,2.09,
Netherlands_Eredivisie_2025-2026,2025/2026,20,Go Ahead Eagles,Heerenveen,2026-02-11 17:45:00,1,3,4,8,4,12,1,0,0,0,6,10,7,9,13,19,8,14,46,54,De Adelaarshorst,"Vetkampstraat 1, Deventer",1,0,2.5,3.4,2.6,1.2,1.66,2.6,1.52,2.5,1.34,1.63,2.97,2.33,1.26,2.4,3.45,1.52,4,0,0,1,3,4,0,373,0,60,0,-1,2,1,2,2,6,2,4,8,1,0,0,0,1,0,1,41,38,88,88,1.54,2.17,3.71,0,0,0,0,0,0,1,1,0,0,0,0,0,0,1,14,21,1,14,8,1,5,8,65,95,40,80,1.36,1.27,1.5,1.1,1.1,1.19,35,5,1.72,1.61,3.33,23,True,True,True,True,False,False,True,2.56,3.75,2.66,1.53,2.59,,2.42,1.59,,1.61,2.50,1.19,,1.58,2.30,
Netherlands_Eredivisie_2025-2026,2025/2026,18,NEC,Utrecht,2026-02-11 20:00:00,1,3,4,5,0,5,3,2,0,0,6,5,19,6,25,11,6,16,75,25,,,3,2,1.73,3.94,4.62,1.17,1.6,2.48,1.6,2.2,1.38,1.58,2.67,1.95,1.3,2.45,3.22,1.52,4,0,2,1,1,2,2,376,0,75,0,-1,2,1,0,0,5,0,0,5,2,1,1,1,3,2,1,99,13,151,67,2.71,1.14,3.85,0,0,0,0,0,0,1,1,0,1,0,0,0,0,1,25,13,1,16,6,1,2,11,70,95,50,90,2.09,1.08,2.3,0.7,1.95,1.14,30,5,1.71,1.52,3.23,23,True,True,True,True,False,False,True,4.94,3.96,1.72,1.63,2.35,,2.48,1.57,,1.69,2.69,1.22,,1.72,2.08,
Netherlands_Eredivisie_2025-2026,2025/2026,23,Volendam,PSV,2026-02-13 19:00:00,2,1,3,4,8,12,1,1,0,0,4,5,8,14,12,19,9,12,33,67,Kras Stadion,"Sportlaan 10, Volendam",1,1,9.7,6.5,1.25,1.05,1.3,1.83,1.69,2.1,1.34,1.57,2.95,2.23,1.15,1.95,4.5,1.87,3,0,0,2,1,3,0,398,0,73,0,-1,2,1,2,6,2,2,8,4,0,0,1,1,0,2,1,28,69,76,127,1.24,2.05,3.29,0,0,0,0,0,0,1,1,0,0,0,0,0,0,1,15,24,1,12,9,1,11,5,69,91,46,91,1.58,2.75,1.45,3.0,0.95,2.68,32,9,1.43,1.81,3.24,23,True,True,True,False,False,False,True,1.26,6.69,9.94,1.72,2.16,,1.98,1.87,,1.36,1.95,1.11,,1.50,2.46,
Netherlands_Eredivisie_2025-2026,2025/2026,23,Heracles,NAC Breda,2026-02-14 15:30:00,0,1,1,4,3,7,0,1,0,0,3,5,11,8,14,13,12,12,53,47,Polman Stadion,"Stadionlaan 1, Almelo",0,1,2.87,3.25,2.45,1.33,1.95,3.35,1.77,2.09,1.36,1.65,2.85,2.13,1.36,2.75,2.9,1.38,1,0,0,0,1,1,0,385,0,55,0,-1,2,1,3,0,1,3,3,4,0,0,0,1,0,1,1,26,46,114,89,1.29,1.5,2.8,0,1,0,1,0,0,1,1,0,0,1,0,0,0,1,23,21,1,12,11,1,8,7,70,85,40,85,1.18,0.64,1.3,0.4,0.77,0.73,30,15,1.58,1.32,2.9,23,True,False,False,False,False,False,False,2.55,3.38,2.90,1.74,2.17,1.39,2.91,1.43,3.11,1.98,3.30,1.30,,1.69,2.14,
Netherlands_Eredivisie_2025-2026,2025/2026,23,Excelsior,AZ,2026-02-14 17:45:00,1,2,3,7,5,12,1,2,0,0,2,7,9,9,11,16,7,6,45,55,Van Donge & De Roo Stadion,"Honingerdijk 110, Rotterdam",1,2,3.15,3.64,2.1,1.22,1.81,2.94,1.57,2.25,1.47,1.85,2.5,1.94,1.3,2.4,3.35,1.5,3,1,0,0,2,2,1,378,0,55,0,-1,2,1,6,1,1,4,7,5,1,1,0,1,2,1,1,36,39,133,119,1.11,1.79,2.9,0,0,0,0,0,0,1,1,0,0,2,1,0,0,1,17,16,1,6,7,1,9,6,55,64,41,64,1.17,1.58,1.27,1.45,1.18,1.5,45,36,1.31,1.7,3.01,23,True,True,True,False,False,False,True,2.33,3.64,3.03,1.67,2.28,1.35,2.71,1.49,3.33,1.82,2.96,1.25,2.43,1.86,1.95,1.51
Netherlands_Eredivisie_2025-2026,2025/2026,23,Ajax,Fortuna Sittard,2026-02-14 19:00:00,4,1,5,4,0,4,0,0,0,0,8,1,12,7,20,8,11,10,55,45,Johan Cruijff Arena,"ArenA Boulevard 1, Amsterdam",0,0,1.3,5.5,9.0,1.14,1.47,2.17,1.8,2.0,1.34,1.58,3.02,2.26,1.21,2.1,3.75,1.69,5,3,1,1,0,1,4,120,0,59,0,-1,2,-1,3,0,1,0,3,1,0,0,0,0,0,0,1,51,24,123,85,2.19,0.76,2.95,0,0,0,0,0,0,1,1,1,0,0,0,-1,-1,1,15,8,1,10,11,1,4,8,50,91,45,100,2.17,0.67,2.09,0.73,1.77,1.18,50,9,1.97,1.22,3.19,23,True,True,True,True,True,False,True,9.49,5.96,1.31,1.74,2.15,,2.12,1.76,,1.43,2.10,1.14,,1.59,2.29,
Netherlands_Eredivisie_2025-2026,2025/2026,23,Groningen,Utrecht,2026-02-14 20:00:00,1,2,3,2,8,10,0,1,0,0,2,7,9,7,11,14,12,6,48,52,,,0,1,1.93,3.35,4.06,1.34,1.98,3.5,1.8,1.91,1.5,1.74,2.41,1.85,1.41,2.8,2.89,1.38,3,0,0,1,2,3,0,376,0,64,0,-1,2,1,1,4,1,4,5,5,0,1,0,0,1,0,1,40,49,99,106,1.13,1.73,2.86,0,0,0,0,0,0,1,1,0,0,0,2,0,1,1,22,15,1,6,12,1,4,8,55,87,41,82,1.25,1.08,1.36,0.91,1.41,1.23,45,14,1.91,1.49,3.4,23,True,True,True,False,False,False,True,4.35,3.45,1.94,1.88,1.98,,,,,2.10,3.65,1.34,2.47,1.94,1.87,1.51
Netherlands_Eredivisie_2025-2026,2025/2026,23,Feyenoord,Go Ahead Eagles,2026-02-15 11:15:00,1,0,1,19,2,21,1,3,0,1,8,0,25,4,33,4,13,13,75,25,Stadion Feijenoord,"Van Zandvlietplein 1, Rotterdam",1,5,1.37,5.2,7.0,1.09,1.4,2.15,1.6,2.2,1.32,1.68,3.07,2.3,1.19,2.02,4.0,1.69,1,0,0,1,0,1,0,367,0,73,0,-1,2,1,8,1,11,1,9,12,0,2,1,2,2,3,1,111,14,135,62,3.42,0.36,3.79,1,0,1,0,0,0,1,1,0,0,0,0,0,0,1,17,18,1,12,13,1,5,24,64,91,50,91,2.08,0.67,2.0,0.73,1.91,1.05,36,9,2.13,1.25,3.38,23,True,False,False,False,False,False,False,7.41,5.31,1.40,1.68,2.25,,2.18,1.71,,1.48,2.25,1.16,,1.56,2.35,
Netherlands_Eredivisie_2025-2026,2025/2026,23,Heerenveen,PEC Zwolle,2026-02-15 13:30:00,4,2,6,2,5,7,1,0,0,0,5,6,6,6,11,12,8,6,44,56,Abe Lenstra Stadion,"Abe Lenstra Boulevard 23Q, Heerenveen",1,0,1.51,4.5,5.5,1.15,1.48,2.23,1.59,2.45,1.42,1.7,2.67,2.02,1.23,2.15,3.58,1.62,6,1,2,3,0,3,3,373,0,87,0,-1,2,1,1,2,1,3,3,4,1,0,0,0,1,0,1,44,49,101,92,1.37,1.53,2.9,0,0,0,0,0,0,1,1,0,0,0,0,0,0,1,24,18,1,6,8,1,7,8,73,100,55,91,1.42,0.58,1.27,0.64,1.27,1.18,27,0,1.84,0.99,2.83,23,True,True,True,True,True,True,True,4.64,4.20,1.71,1.52,2.64,,2.24,1.69,,1.51,2.28,1.15,,1.72,2.08,
Netherlands_Eredivisie_2025-2026,2025/2026,23,Telstar,Twente,2026-02-15 13:30:00,1,1,2,3,6,9,0,1,0,0,4,7,10,13,14,20,11,8,47,53,,,0,1,5.6,4.58,1.53,1.17,1.48,2.38,1.63,2.2,1.31,1.59,2.92,2.05,1.23,2.22,3.58,1.62,2,1,0,0,1,1,1,-1,0,78,0,-1,2,1,3,3,0,3,6,3,0,1,0,0,1,0,1,41,84,104,124,1.47,2.36,3.82,0,0,0,0,0,0,1,1,0,0,0,1,0,0,1,20,15,1,8,11,1,6,9,55,87,41,73,0.67,1.33,0.64,1.36,0.77,1.55,46,14,1.57,1.97,3.54,23,True,True,False,False,False,False,True,1.50,4.70,6.23,1.69,2.24,,,,,1.55,2.37,1.17,,,,
Netherlands_Eredivisie_2025-2026,2025/2026,23,Sparta Rotterdam,NEC,2026-02-17 19:00:00,1,1,2,8,5,13,3,4,0,0,5,5,8,7,13,12,18,12,41,59,Sparta-Stadion Het Kasteel,"Spartapark Noord 1, Rotterdam",3,4,2.36,3.4,2.67,1.18,1.54,2.53,1.44,2.5,1.35,1.74,3.22,2.34,1.29,2.29,3.68,1.62,2,0,0,1,1,2,0,-1,0,64,0,-1,2,1,4,2,4,3,6,7,1,0,2,4,1,6,1,38,56,78,103,1.45,1.52,2.96,0,0,0,0,0,0,1,1,0,0,0,0,0,0,1,21,29,1,12,18,1,3,6,64,82,41,91,1.5,1.58,1.55,1.64,1.64,1.86,37,18,1.39,1.93,3.32,23,True,True,False,False,False,False,True,2.90,3.59,2.44,1.50,2.68,,,,,1.62,2.51,1.18,,1.57,2.32,
