league,season,game_week,home_name,away_name,date,homeGoalCount,awayGoalCount,totalGoalCount,team_a_corners,team_b_corners,totalCornerCount,team_a_yellow_cards,team_b_yellow_cards,team_a_red_cards,team_b_red_cards,team_a_shotsOnTarget,team_b_shotsOnTarget,team_a_shotsOffTarget,team_b_shotsOffTarget,team_a_shots,team_b_shots,team_a_fouls,team_b_fouls,team_a_possession,team_b_possession,stadium_name,stadium_location,team_a_cards_num,team_b_cards_num,avg_odds_ft_1,avg_odds_ft_x,avg_odds_ft_2,avg_odds_ft_over15,avg_odds_ft_over25,avg_odds_ft_over35,avg_odds_btts_yes,avg_odds_btts_no,avg_odds_corners_over_85,avg_odds_corners_over_95,avg_odds_corners_under_85,avg_odds_corners_under_95,avg_odds_1st_half_over05,avg_odds_1st_half_over15,avg_odds_1st_half_under05,avg_odds_1st_half_under15,overallGoalCount,ht_goals_team_a,ht_goals_team_b,goals_2hg_team_a,goals_2hg_team_b,GoalCount_2hg,HTGoalCount,winningTeam,no_home_away,btts_potential,goalTimingDisabled,attendance,corner_timings_recorded,card_timings_recorded,team_a_fh_corners,team_b_fh_corners,team_a_2h_corners,team_b_2h_corners,corner_fh_count,corner_2h_count,team_a_fh_cards,team_b_fh_cards,team_a_2h_cards,team_b_2h_cards,total_fh_cards,total_2h_cards,attacks_recorded,team_a_dangerous_attacks,team_b_dangerous_attacks,team_a_attacks,team_b_attacks,team_a_xg,team_b_xg,total_xg,team_a_penalties_won,team_b_penalties_won,team_a_penalty_goals,team_b_penalty_goals,team_a_penalty_missed,team_b_penalty_missed,pens_recorded,goal_timings_recorded,team_a_0_10_min_goals,team_b_0_10_min_goals,team_a_corners_0_10_min,team_b_corners_0_10_min,team_a_cards_0_10_min,team_b_cards_0_10_min,throwins_recorded,team_a_throwins,team_b_throwins,freekicks_recorded,team_a_freekicks,team_b_freekicks,goalkicks_recorded,team_a_goalkicks,team_b_goalkicks,o25_potential,o15_potential,o15HT_potential,o05HT_potential,home_ppg,away_ppg,pre_match_home_ppg,pre_match_away_ppg,pre_match_teamA_overall_ppg,pre_match_teamB_overall_ppg,u25_potential,u15_potential,team_a_xg_prematch,team_b_xg_prematch,total_xg_prematch,matches_completed_minimum,over05,over15,over25,over35,over45,over55,btts,pinnacle_ft_over25,pinnacle_ft_over35,pinnacle_ft_over15,pinnacle_1st_half_over15,pinnacle_1st_half_under15,pinnacle_ft_1,pinnacle_ft_x,pinnacle_ft_2,pinnacle_btts_no,pinnacle_btts_yes,pinnacle_corners_over_95,pinnacle_corners_under_95,pinnacle_corners_under_85,pinnacle_corners_over_85,pinnacle_1st_half_over05,pinnacle_1st_half_under05
Norway_Eliteserien_2025,2025,1,Strømsgodset,Rosenborg,2025-03-29 15:00:00,1,2,3,2,6,8,5,6,0,0,4,6,8,11,12,17,12,10,52,48,Marienlyst Stadion,"Schwartzgata 2, Drammen",5,6,3.27,3.5,1.91,1.22,1.7,2.9,1.58,2.35,1.31,1.74,2.92,2.23,1.33,2.74,3.1,1.53,3,0,1,1,1,2,1,72,0,0,0,-1,2,1,2,4,0,2,6,2,0,2,5,4,2,9,1,28,46,60,77,1.24,1.82,3.06,0,0,0,0,0,0,1,1,0,0,2,0,0,0,1,25,22,1,10,12,1,18,11,0,0,0,0,0.67,1.0,0.0,0.0,0.0,0.0,0,0,0.0,0.0,0.0,30,True,True,True,False,False,False,True,1.75,2.81,1.23,2.63,1.52,3.31,3.60,2.20,2.38,1.62,1.60,2.27,,,,
Norway_Eliteserien_2025,2025,1,Fredrikstad,Brann,2025-03-29 17:00:00,3,0,3,3,7,10,0,1,0,0,5,4,7,5,12,9,8,12,27,73,Nye Fredrikstad Stadion,"K.G. Mehldalsvei 7, Kråkerøy, Fredrikstad",0,1,3.55,3.1,2.2,1.33,2.05,3.5,1.72,1.83,1.43,1.75,2.54,1.95,1.41,3.12,2.6,1.33,3,2,0,1,0,1,2,1471,0,0,0,-1,2,1,1,1,2,6,2,8,0,0,0,1,0,1,1,17,35,23,47,1.22,1.1,2.32,0,0,0,0,0,0,1,1,1,0,0,0,0,0,1,19,22,1,12,8,1,14,5,0,0,0,0,1.67,1.53,0.0,0.0,0.0,0.0,0,0,0.0,0.0,0.0,30,True,True,True,False,False,False,False,2.16,3.82,1.36,3.19,1.37,3.56,3.33,2.21,1.96,1.89,2.06,1.75,2.26,1.61,1.44,2.87
Norway_Eliteserien_2025,2025,1,Vålerenga,Viking,2025-03-30 12:30:00,3,1,4,8,7,15,3,3,0,1,4,6,12,9,16,15,12,11,53,47,Intility Arena,"Innspurten 1, Oslo",3,4,2.3,3.5,2.65,1.22,1.65,2.5,1.5,2.4,1.29,1.5,2.9,2.49,1.31,2.43,3.28,1.5,4,1,0,2,1,3,1,327,0,0,0,-1,2,1,2,1,6,6,3,12,1,2,2,2,3,4,1,38,32,67,67,1.56,1.59,3.15,0,0,0,0,0,0,1,1,0,0,1,0,0,1,1,20,23,1,11,12,1,10,11,0,0,0,0,1.87,2.2,0.0,0.0,0.0,0.0,0,0,0.0,0.0,0.0,30,True,True,True,True,False,False,True,1.71,2.74,1.22,,,2.51,3.76,2.71,2.43,1.60,1.50,2.49,,,,
Norway_Eliteserien_2025,2025,1,HamKam,Kristiansund,2025-03-30 15:00:00,2,1,3,1,6,7,3,1,0,0,5,5,6,9,11,14,16,13,38,62,Briskeby Arena,"Arenavegen 2, Briskebyen, Hamar",3,1,2.1,3.3,3.5,1.25,1.95,3.27,1.76,1.98,1.3,1.48,3.2,2.4,1.36,2.9,2.96,1.4,3,1,1,1,0,1,2,1475,0,0,0,-1,2,1,1,2,0,4,3,4,1,0,2,1,1,3,1,36,53,74,133,1.31,1.63,2.94,0,0,0,0,0,0,1,1,1,1,0,0,0,0,1,13,20,1,13,16,1,9,9,0,0,0,0,1.6,1.07,0.0,0.0,0.0,0.0,0,0,0.0,0.0,0.0,30,True,True,True,False,False,False,True,1.95,3.27,1.30,2.96,1.42,2.09,3.39,3.83,2.12,1.76,1.50,2.49,,,1.40,3.06
Norway_Eliteserien_2025,2025,1,Tromsø,Haugesund,2025-03-30 15:00:00,1,0,1,9,2,11,1,1,0,0,9,3,8,1,17,4,13,13,52,48,,,1,1,1.43,3.75,7.0,1.23,1.74,3.0,1.84,1.92,1.45,1.58,2.98,2.17,1.35,2.71,2.9,1.42,1,1,0,0,0,0,1,331,0,0,0,-1,2,1,4,1,5,1,5,6,1,1,0,0,2,0,1,67,28,134,91,2.19,0.68,2.87,1,0,1,0,0,0,1,1,0,0,1,0,0,0,1,22,20,1,12,13,1,3,9,0,0,0,0,2.07,0.27,0.0,0.0,0.0,0.0,0,0,0.0,0.0,0.0,30,True,False,False,False,False,False,False,1.92,3.21,1.29,2.91,1.43,1.46,4.22,8.73,1.81,2.06,1.86,1.95,2.62,1.45,1.39,3.12
Norway_Eliteserien_2025,2025,1,Molde,Sarpsborg 08,2025-03-30 15:00:00,0,2,2,8,1,9,3,2,0,0,3,6,4,3,7,9,10,12,58,42,Aker Stadion,"Julsundveien 14, Reknes, Molde",3,2,1.47,4.76,6.5,1.13,1.45,2.25,1.64,2.12,1.35,1.88,2.65,2.05,1.25,2.29,3.6,1.63,2,0,1,0,1,1,1,340,0,0,0,-1,2,1,2,1,6,0,3,6,1,1,2,1,2,3,1,87,56,120,116,1.29,1.4,2.69,0,1,0,1,0,0,1,1,0,1,0,0,0,0,1,11,27,1,12,9,1,5,7,0,0,0,0,1.67,1.47,0.0,0.0,0.0,0.0,0,0,0.0,0.0,0.0,30,True,True,False,False,False,False,False,1.54,2.39,1.17,2.29,1.66,1.50,4.82,6.19,2.24,1.69,1.71,2.10,,,,
Norway_Eliteserien_2025,2025,1,KFUM,Sandefjord,2025-03-30 15:00:00,3,1,4,4,5,9,1,2,0,0,4,3,9,5,13,8,16,10,44,56,KFUM Arena,"Ekebergveien 101, Oslo",1,2,2.25,3.1,3.35,1.4,2.15,3.95,1.95,1.78,1.46,2.14,2.45,1.75,1.48,3.0,2.69,1.34,4,1,1,2,0,2,2,1524,0,0,0,-1,2,1,4,1,0,4,5,4,0,0,1,2,0,3,1,55,46,107,95,1.5,1.06,2.56,0,0,0,0,0,0,1,1,0,0,1,0,0,0,1,21,26,1,10,16,1,8,6,0,0,0,0,1.33,0.93,0.0,0.0,0.0,0.0,0,0,0.0,0.0,0.0,30,True,True,True,True,False,False,True,,,,3.35,1.35,2.26,3.20,3.59,1.90,1.95,2.14,1.69,2.18,1.66,1.47,2.76
Norway_Eliteserien_2025,2025,1,Bryne,FK Bodo - Glimt,2025-03-30 17:15:00,0,1,1,4,8,12,1,0,0,0,2,4,8,6,10,10,11,6,42,58,Bryne Stadion,"Industrivegen, Bryne",1,0,6.0,4.85,1.43,1.2,1.6,2.35,1.83,1.9,1.48,1.71,2.88,2.08,1.27,2.38,3.3,1.58,1,0,1,0,0,0,1,332,0,0,0,-1,2,1,3,5,1,3,8,4,0,0,1,0,0,1,1,56,44,122,100,1.19,1.24,2.43,0,0,0,0,0,0,1,1,0,0,0,0,0,0,1,35,20,1,6,10,1,6,8,0,0,0,0,1.47,2.2,0.0,0.0,0.0,0.0,0,0,0.0,0.0,0.0,30,True,False,False,False,False,False,False,1.68,2.61,1.22,2.46,1.58,7.47,4.91,1.43,1.99,1.87,,,,,,
Norway_Eliteserien_2025,2025,2,FK Bodo - Glimt,HamKam,2025-04-05 14:00:00,3,0,3,6,4,10,0,1,0,0,8,2,15,6,23,8,7,6,77,23,Aspmyra Stadion,"Håloglandsgata 30, Bodø",0,1,1.13,7.4,11.0,1.09,1.4,2.18,1.93,1.75,1.23,1.53,3.15,2.4,1.18,2.05,3.82,1.66,3,1,0,2,0,2,1,332,0,0,0,-1,2,1,5,0,1,4,5,5,0,0,0,1,0,1,1,101,51,107,67,2.73,1.01,3.74,0,0,0,0,0,0,1,1,1,0,1,0,0,0,1,22,23,1,6,7,1,6,9,0,0,0,0,2.47,0.87,0.0,0.0,3.0,3.0,0,0,0.0,0.0,0.0,30,True,True,True,False,False,False,False,1.45,2.19,1.14,2.15,1.73,1.18,7.80,15.84,1.71,2.17,,,,,,
Norway_Eliteserien_2025,2025,2,Rosenborg,Fredrikstad,2025-04-05 16:00:00,1,0,1,8,6,14,1,1,0,0,6,3,11,3,17,6,14,10,58,42,Lerkendal Stadion,"Klæbuveien 125, Trondheim",1,1,1.63,3.78,4.6,1.27,1.99,2.9,1.75,1.94,1.48,2.07,2.4,1.92,1.37,2.55,2.75,1.39,1,1,0,0,0,0,1,72,0,0,0,-1,2,1,6,2,2,4,8,6,0,0,1,1,0,2,1,60,24,99,88,1.92,0.78,2.7,0,0,0,0,0,0,1,1,0,0,0,1,0,0,1,28,19,1,10,13,1,3,14,0,0,0,0,1.8,1.13,0.0,0.0,3.0,3.0,0,0,0.0,0.0,0.0,30,True,False,False,False,False,False,False,1.99,3.40,1.31,3.13,1.39,1.65,3.89,5.77,1.91,1.94,1.88,1.93,2.53,1.48,1.43,2.91
Norway_Eliteserien_2025,2025,2,Brann,Tromsø,2025-04-06 12:30:00,3,1,4,5,0,5,0,2,0,0,5,2,7,1,12,3,6,9,77,23,Brann Stadion,"Kniksens plass 1, Bergen",0,2,1.72,4.04,4.75,1.22,1.7,2.9,1.79,1.97,1.4,1.58,2.88,2.15,1.35,2.55,3.16,1.45,4,0,1,3,0,3,1,336,0,0,0,-1,2,1,2,0,3,0,2,3,0,1,0,1,1,1,1,79,23,152,76,1.69,0.51,2.2,1,0,1,0,0,0,1,1,0,0,0,0,0,0,1,37,32,1,8,6,1,2,9,0,0,0,0,2.2,1.73,0.0,0.0,0.0,3.0,0,0,0.0,0.0,0.0,30,True,True,True,True,False,False,True,1.85,3.07,1.27,2.76,1.47,1.74,3.96,4.81,2.08,1.79,1.59,2.26,,,1.36,3.29
Norway_Eliteserien_2025,2025,2,Sandefjord,Molde,2025-04-06 15:00:00,3,0,3,1,9,10,3,3,0,0,7,3,6,8,13,11,15,16,51,49,Komplett Arena,"Nygårdsveien 84, Sandefjord",3,3,3.3,3.72,2.0,1.2,1.85,2.6,1.6,2.2,1.32,1.65,2.93,2.1,1.33,2.4,3.0,1.5,3,2,0,1,0,1,2,342,0,0,0,-1,2,1,1,5,0,4,6,4,2,0,1,3,2,4,1,49,38,100,88,1.67,1.18,2.85,0,0,0,0,0,0,1,1,0,0,0,4,0,0,1,21,15,1,16,15,1,9,10,0,0,0,0,2.27,0.93,0.0,0.0,0.0,0.0,0,0,0.0,0.0,0.0,30,True,True,True,False,False,False,False,1.79,2.92,1.25,2.76,1.47,3.63,3.77,2.03,2.23,1.69,1.71,2.10,,,1.37,3.24
Norway_Eliteserien_2025,2025,2,Sarpsborg 08,Vålerenga,2025-04-06 15:00:00,1,1,2,9,3,12,2,1,0,0,3,4,10,4,13,8,18,13,59,41,Sarpsborg Stadion,"Haftor Joenssonsgata 19, Sarpsborg",2,1,2.3,3.3,3.12,1.17,1.62,2.75,1.5,2.35,1.36,1.6,2.8,2.17,1.33,2.42,3.0,1.53,2,0,1,1,0,1,1,-1,0,0,0,-1,2,1,3,1,6,2,4,8,0,1,2,0,1,2,1,82,49,110,74,1.62,1.14,2.76,0,0,0,0,0,0,1,1,0,0,0,0,0,0,1,28,17,1,13,18,1,9,8,0,0,0,0,1.27,0.87,0.0,0.0,3.0,3.0,0,0,0.0,0.0,0.0,30,True,True,False,False,False,False,True,1.71,2.75,1.22,2.59,1.53,2.27,3.61,3.16,2.48,1.57,1.62,2.23,,,1.35,3.30
Norway_Eliteserien_2025,2025,2,Kristiansund,Bryne,2025-04-06 15:00:00,2,1,3,8,1,9,3,2,0,0,5,3,8,7,13,10,7,11,57,43,Kristiansund Stadion,"Hærnøsandveien 19, Kristiansund",3,2,2.15,3.2,3.0,1.25,2.16,3.8,1.67,2.05,1.38,1.55,3.0,2.3,1.42,2.62,2.9,1.42,3,1,1,1,0,1,2,344,0,0,0,-1,2,1,6,0,2,1,6,3,0,2,3,0,2,3,1,78,38,122,80,1.74,1.12,2.86,1,0,1,0,0,0,1,1,0,0,0,0,0,0,1,26,24,1,10,7,1,7,12,0,0,0,0,1.27,0.6,0.0,0.0,0.0,0.0,0,0,0.0,0.0,0.0,30,True,True,True,False,False,False,True,2.12,3.69,1.35,3.19,1.37,2.24,3.41,3.41,1.98,1.88,1.54,2.36,,,1.44,2.87
Norway_Eliteserien_2025,2025,2,Haugesund,Strømsgodset,2025-04-06 15:00:00,0,5,5,4,10,14,1,2,0,0,3,9,9,14,12,23,8,13,53,47,Haugesund Stadion,"Karmsundggaten 169, Haugesund",1,2,3.77,3.62,1.97,1.26,1.85,3.09,1.7,2.1,1.32,1.57,3.0,2.25,1.37,2.55,2.8,1.45,5,0,2,0,3,3,2,337,0,0,0,-1,-1,1,-1,-1,-1,-1,-1,-1,0,1,1,1,1,2,1,50,49,94,86,1.33,2.42,3.76,0,1,0,1,0,0,1,1,0,0,-1,-1,0,0,1,15,22,1,13,7,1,14,10,0,0,0,0,0.33,0.67,0.0,0.0,0.0,0.0,0,0,0.0,0.0,0.0,30,True,True,True,True,True,False,False,1.84,3.09,1.25,2.94,1.43,3.82,3.67,2.00,2.22,1.70,1.61,2.24,,,1.40,3.04
Norway_Eliteserien_2025,2025,2,Viking,KFUM,2025-04-06 17:15:00,3,1,4,5,1,6,2,2,0,0,2,2,16,4,18,6,13,13,59,41,,,2,2,1.65,3.5,4.25,1.27,1.88,3.13,1.75,2.0,1.42,1.72,2.62,2.1,1.32,2.5,3.05,1.45,4,1,1,2,0,2,2,335,0,0,0,-1,2,1,0,1,5,0,1,5,0,2,2,0,2,2,1,84,13,121,79,1.88,0.63,2.51,1,0,1,0,0,0,1,1,0,0,0,0,0,0,1,33,16,1,12,13,1,1,12,0,0,0,0,2.53,1.0,0.0,0.0,0.0,3.0,0,0,0.0,0.0,0.0,30,True,True,True,True,False,False,True,1.87,3.13,1.27,2.83,1.45,1.79,3.93,4.49,2.05,1.82,1.96,1.85,2.42,1.52,1.38,3.18
Norway_Eliteserien_2025,2025,17,Fredrikstad,Vålerenga,2025-04-09 17:00:00,2,0,2,6,5,11,2,3,0,0,3,1,9,5,12,6,18,15,45,55,Nye Fredrikstad Stadion,"K.G. Mehldalsvei 7, Kråkerøy, Fredrikstad",2,3,2.25,3.2,3.0,1.35,2.09,3.5,1.85,1.97,1.4,1.83,2.95,2.21,1.43,3.5,2.94,1.3,2,1,0,1,0,1,1,1471,0,50,0,-1,2,1,5,1,1,4,6,5,1,1,1,2,2,3,1,46,51,95,90,1.3,0.83,2.13,1,0,1,0,0,0,1,1,0,0,2,0,0,0,1,14,25,1,14,18,1,8,11,50,100,50,100,1.67,0.87,3.0,1.0,1.5,2.0,50,0,1.22,1.14,2.36,30,True,True,False,False,False,False,False,2.09,3.67,1.33,3.08,1.40,2.40,3.30,3.19,2.06,1.81,1.74,2.06,,,1.43,2.94
Norway_Eliteserien_2025,2025,16,Viking,Kristiansund,2025-04-10 17:00:00,3,1,4,11,9,20,1,1,0,0,8,4,8,8,16,12,9,13,56,44,,,1,1,1.32,5.0,6.3,1.12,1.47,2.28,1.67,2.15,1.29,1.54,3.8,2.65,1.25,2.05,3.6,1.7,4,0,1,3,0,3,1,335,0,100,0,-1,2,1,7,4,4,5,11,9,0,0,1,1,0,2,1,49,40,117,79,1.93,1.33,3.26,0,1,0,1,0,0,1,1,0,0,2,1,0,0,1,19,20,1,13,8,1,6,6,100,100,100,100,2.53,1.07,3.0,0.0,1.5,1.5,0,0,1.88,1.63,3.51,30,True,True,True,True,False,False,True,1.53,2.34,1.17,2.22,1.70,1.42,5.19,7.15,2.18,1.72,,,,,,
Norway_Eliteserien_2025,2025,17,Brann,Strømsgodset,2025-04-10 17:00:00,2,1,3,9,10,19,2,1,0,0,3,4,16,6,19,10,17,15,57,43,Brann Stadion,"Kniksens plass 1, Bergen",2,1,1.62,4.0,5.2,1.14,1.5,2.45,1.67,2.15,1.29,1.45,3.48,2.55,1.28,2.4,3.18,1.58,3,1,0,1,1,2,1,336,0,50,0,-1,2,1,7,5,2,5,12,7,0,1,2,0,1,2,1,45,36,116,81,1.74,1.18,2.91,1,0,1,0,0,0,1,1,0,0,2,0,0,0,1,23,25,1,14,17,1,3,16,100,100,50,100,2.2,0.67,3.0,3.0,1.5,1.5,0,0,1.69,2.42,4.11,30,True,True,True,False,False,False,True,1.64,2.53,1.21,2.40,1.61,1.56,4.21,6.35,2.18,1.72,,,,,,
Norway_Eliteserien_2025,2025,3,Tromsø,Kristiansund,2025-04-20 12:30:00,2,3,5,9,4,13,2,3,0,0,6,5,12,5,18,10,13,8,60,40,,,2,3,1.6,3.85,5.5,1.25,1.75,3.5,1.87,1.87,1.32,1.7,3.35,2.38,1.35,2.88,2.95,1.43,5,1,0,1,3,4,1,344,0,50,0,-1,2,1,5,1,4,3,6,7,1,1,1,2,2,3,1,61,30,73,76,1.98,1.2,3.19,0,0,0,0,0,0,1,1,0,0,0,0,0,0,1,21,17,1,8,12,1,8,14,50,50,25,100,2.07,1.07,3.0,0.0,1.5,1.0,50,50,2.19,1.48,3.67,30,True,True,True,True,True,False,True,1.93,3.25,1.29,2.89,1.44,1.63,3.89,5.97,1.94,1.91,1.50,2.44,,,1.39,3.13
Norway_Eliteserien_2025,2025,3,Vålerenga,Rosenborg,2025-04-21 12:30:00,0,2,2,5,5,10,1,2,0,0,9,4,9,8,18,12,15,12,51,49,Intility Arena,"Innspurten 1, Oslo",1,2,2.9,3.62,2.39,1.22,1.64,2.51,1.6,2.42,1.3,1.5,3.2,2.4,1.3,2.5,3.2,1.54,2,0,1,0,1,1,1,72,0,100,0,-1,2,1,2,2,3,3,4,6,1,0,0,2,1,2,1,61,32,85,87,2.2,1.27,3.47,0,0,0,0,0,0,1,1,0,1,1,0,0,0,1,20,19,1,12,15,1,8,12,100,100,0,100,1.87,1.0,3.0,3.0,1.33,3.0,0,0,1.56,1.82,3.38,30,True,True,False,False,False,False,False,1.72,2.73,1.22,2.66,1.50,2.88,3.71,2.40,2.42,1.60,1.51,2.43,,,1.35,3.33
Norway_Eliteserien_2025,2025,3,Bryne,Haugesund,2025-04-21 15:00:00,3,1,4,0,4,4,2,1,0,0,5,4,9,7,14,11,15,15,42,58,Bryne Stadion,"Industrivegen, Bryne",2,1,1.73,3.6,4.54,1.25,1.75,3.4,1.73,2.0,1.28,1.53,3.2,2.25,1.33,2.65,2.9,1.43,4,2,0,1,1,2,2,1477,0,0,0,-1,2,1,0,3,0,1,3,1,2,0,0,1,2,1,1,36,63,90,116,1.5,1.44,2.93,1,0,1,0,0,0,1,1,2,0,0,0,0,0,1,21,23,1,14,15,1,12,5,0,0,0,100,1.47,0.27,0.0,0.0,0.0,0.0,100,100,1.19,0.68,1.87,30,True,True,True,True,False,False,True,1.85,3.14,1.27,2.79,1.46,1.75,4.02,4.66,2.07,1.80,1.61,2.24,,,1.37,3.23
Norway_Eliteserien_2025,2025,3,Strømsgodset,Brann,2025-04-21 15:00:00,1,2,3,10,9,19,2,1,0,0,4,11,15,16,19,27,7,3,42,58,Marienlyst Stadion,"Schwartzgata 2, Drammen",2,1,3.0,3.25,2.05,1.21,1.64,2.55,1.6,2.37,1.37,1.52,3.2,2.38,1.3,2.32,3.2,1.52,3,1,0,0,2,2,1,336,0,50,0,-1,2,1,5,3,5,6,8,11,0,0,2,1,0,3,1,58,79,91,103,1.89,3.03,4.92,0,0,0,0,0,0,1,1,0,0,0,0,0,0,1,19,14,1,3,7,1,13,10,100,100,50,100,0.67,1.53,0.0,0.0,1.0,2.0,0,0,1.24,1.1,2.34,30,True,True,True,False,False,False,True,,,,2.57,1.54,3.21,3.72,2.20,2.37,1.62,1.51,2.43,,,,
Norway_Eliteserien_2025,2025,3,Fredrikstad,Sandefjord,2025-04-21 15:00:00,3,1,4,1,8,9,1,2,0,0,3,3,6,15,9,18,14,14,37,63,Nye Fredrikstad Stadion,"K.G. Mehldalsvei 7, Kråkerøy, Fredrikstad",1,2,2.0,3.25,3.5,1.32,2.04,3.1,1.76,1.95,1.49,1.83,2.4,1.87,1.38,2.79,2.71,1.36,4,3,1,0,0,0,4,1471,0,50,0,-1,2,1,1,5,0,3,6,3,0,1,1,1,1,2,1,28,61,83,114,0.99,1.79,2.78,1,0,1,0,0,0,1,1,0,0,0,0,0,0,1,20,25,1,13,14,1,14,5,75,100,75,100,1.67,0.93,3.0,0.0,2.0,1.5,25,0,1.26,1.06,2.32,30,True,True,True,True,False,False,True,2.01,3.48,1.32,3.16,1.38,2.08,3.50,3.76,2.10,1.78,1.88,1.93,2.47,1.49,1.44,2.87
Norway_Eliteserien_2025,2025,3,KFUM,Sarpsborg 08,2025-04-21 15:00:00,1,3,4,2,4,6,1,0,1,0,1,6,4,8,5,14,11,7,36,64,KFUM Arena,"Ekebergveien 101, Oslo",3,0,2.37,3.25,2.7,1.3,1.95,3.3,1.82,1.97,1.52,1.92,2.3,1.8,1.4,2.75,2.7,1.4,4,0,2,1,1,2,2,340,0,50,0,-1,2,1,2,1,0,3,3,3,1,0,1,0,1,1,1,36,60,81,132,0.66,1.75,2.4,0,0,0,0,0,0,1,1,0,1,0,0,0,0,1,15,20,1,7,11,1,9,2,50,100,50,100,1.33,1.47,3.0,3.0,1.5,2.0,50,0,1.5,1.4,2.9,30,True,True,True,True,False,False,True,2.09,3.67,1.33,3.05,1.40,2.52,3.42,2.91,2.06,1.81,2.00,1.81,2.32,1.57,1.43,2.92
Norway_Eliteserien_2025,2025,3,HamKam,Viking,2025-04-21 15:00:00,2,5,7,4,12,16,1,0,0,0,2,12,5,12,7,24,8,10,37,63,Briskeby Arena,"Arenavegen 2, Briskebyen, Hamar",1,0,3.3,3.84,1.91,1.18,1.55,2.49,1.51,2.37,1.22,1.4,3.58,2.64,1.24,2.2,3.34,1.55,7,0,4,2,1,3,4,335,0,100,0,-1,2,1,2,9,2,3,11,5,0,0,1,0,0,1,1,30,54,72,113,0.81,2.74,3.55,1,1,1,1,0,0,1,1,0,2,1,1,0,0,1,15,27,1,9,7,1,13,8,100,100,50,100,1.6,2.2,3.0,0.0,1.5,2.0,0,0,1.31,1.59,2.9,30,True,True,True,True,True,True,True,1.60,2.49,1.18,2.43,1.59,3.61,3.85,2.01,2.62,1.52,,,,,,
Norway_Eliteserien_2025,2025,3,Molde,FK Bodo - Glimt,2025-04-21 17:15:00,2,2,4,4,3,7,3,1,0,0,4,6,9,6,13,12,11,7,49,51,Aker Stadion,"Julsundveien 14, Reknes, Molde",3,1,3.29,3.58,2.15,1.16,1.65,2.4,1.55,2.3,1.48,1.62,2.67,2.01,1.25,2.23,3.18,1.52,4,0,2,2,0,2,2,-1,0,0,0,-1,2,1,2,2,2,1,4,3,2,1,1,0,3,1,1,46,40,98,95,1.44,1.47,2.91,1,0,1,0,0,0,1,1,0,0,2,1,1,0,1,17,16,1,6,11,1,7,9,0,50,0,100,1.67,2.2,0.0,3.0,0.0,3.0,100,50,1.29,1.24,2.53,30,True,True,True,True,False,False,True,1.68,2.64,1.21,2.56,1.54,3.36,3.65,2.17,2.53,1.56,1.66,2.15,,,,
Norway_Eliteserien_2025,2025,4,Rosenborg,Molde,2025-04-27 12:30:00,0,0,0,4,4,8,1,2,0,0,3,0,8,3,11,3,11,15,58,42,Lerkendal Stadion,"Klæbuveien 125, Trondheim",1,2,1.75,3.6,4.35,1.17,1.69,2.5,1.61,2.15,1.44,1.82,2.65,1.99,1.32,2.69,3.1,1.49,0,0,0,0,0,0,0,-1,0,0,0,-1,2,1,3,3,1,1,6,2,0,0,1,2,0,3,1,56,40,114,87,1.32,0.49,1.81,0,0,0,0,0,0,1,1,0,0,0,1,0,0,1,24,20,1,15,11,1,5,13,50,50,50,100,1.8,0.93,3.0,0.0,3.0,0.33,50,50,1.92,1.18,3.1,30,False,False,False,False,False,False,False,1.74,2.81,1.23,2.64,1.50,1.76,4.03,4.56,2.25,1.68,1.82,1.99,2.60,1.46,1.34,3.35
Norway_Eliteserien_2025,2025,4,Sarpsborg 08,Strømsgodset,2025-04-27 15:00:00,2,3,5,7,3,10,0,0,0,0,5,5,13,6,18,11,10,11,52,48,Sarpsborg Stadion,"Haftor Joenssonsgata 19, Sarpsborg",0,0,1.8,3.9,4.2,1.2,1.62,2.55,1.5,2.35,1.25,1.64,2.9,2.46,1.24,2.32,3.6,1.51,5,0,1,2,2,4,1,337,0,75,0,-1,2,-1,3,1,4,2,4,6,0,0,0,0,0,0,1,62,40,117,69,1.94,1.33,3.27,0,0,0,0,0,0,1,1,0,0,2,0,-1,-1,1,27,21,1,11,10,1,9,15,50,100,25,100,1.27,0.67,1.0,1.5,2.33,0.75,50,0,1.62,1.8,3.42,30,True,True,True,True,True,False,True,1.65,2.56,1.20,2.50,1.56,1.80,3.88,4.49,2.42,1.60,1.50,2.46,,,,
Norway_Eliteserien_2025,2025,4,Kristiansund,Vålerenga,2025-04-27 15:00:00,0,2,2,6,2,8,1,3,0,0,2,2,11,8,13,10,13,17,47,53,Kristiansund Stadion,"Hærnøsandveien 19, Kristiansund",1,3,3.2,4.0,2.06,1.15,1.62,2.5,1.57,2.3,1.24,1.45,3.34,2.35,1.3,2.46,3.2,1.56,2,0,0,0,2,2,0,327,0,75,0,-1,2,1,3,0,3,2,3,5,1,3,0,0,4,0,1,48,70,99,101,1.31,1.28,2.59,0,0,0,0,0,0,1,1,0,0,2,0,0,2,1,21,19,1,17,13,1,11,10,50,100,50,100,1.27,0.87,3.0,0.5,1.5,1.0,50,0,1.74,0.98,2.72,30,True,True,False,False,False,False,False,1.65,2.61,1.20,2.54,1.55,3.49,3.99,2.01,2.47,1.57,1.52,2.41,,,1.34,3.38
Norway_Eliteserien_2025,2025,4,Brann,Bryne,2025-04-27 15:00:00,3,2,5,12,0,12,2,4,0,0,6,6,8,4,14,10,16,13,77,23,Brann Stadion,"Kniksens plass 1, Bergen",2,4,1.38,5.1,7.7,1.2,1.65,2.55,1.83,1.91,1.27,1.56,3.3,2.42,1.27,2.2,3.4,1.58,5,0,2,3,0,3,2,336,0,100,0,-1,-1,1,-1,-1,-1,-1,-1,-1,2,0,0,4,2,4,1,90,24,128,62,1.96,1.23,3.18,1,0,1,0,0,0,1,1,0,1,-1,-1,0,0,1,46,23,1,12,16,1,7,9,100,100,50,100,2.2,0.6,3.0,0.0,2.25,1.0,0,0,1.72,1.12,2.84,30,True,True,True,True,True,False,True,1.67,2.63,1.22,2.47,1.58,1.37,5.13,8.73,1.88,1.98,1.49,2.51,,,,
Norway_Eliteserien_2025,2025,4,Sandefjord,HamKam,2025-04-27 15:00:00,2,0,2,5,5,10,0,1,0,0,6,3,10,10,16,13,13,15,64,36,Komplett Arena,"Nygårdsveien 84, Sandefjord",0,1,1.63,4.3,4.9,1.19,1.62,2.72,1.74,2.16,1.3,1.63,3.0,2.37,1.3,2.38,3.2,1.48,2,1,0,1,0,1,1,342,0,0,0,-1,2,1,4,2,1,3,6,4,0,0,0,1,0,1,1,37,39,109,91,1.7,1.32,3.02,0,0,0,0,0,0,1,1,0,0,0,1,0,0,1,19,16,1,15,13,1,9,8,100,100,50,100,2.27,0.87,3.0,0.0,1.0,1.0,0,0,1.67,1.01,2.68,30,True,True,False,False,False,False,False,1.68,2.66,1.21,2.53,1.56,1.62,4.25,5.37,2.16,1.74,1.54,2.37,,,1.32,3.26
Norway_Eliteserien_2025,2025,4,FK Bodo - Glimt,KFUM,2025-04-27 15:00:00,3,0,3,11,6,17,1,1,0,0,5,2,6,3,11,5,5,9,72,28,Aspmyra Stadion,"Håloglandsgata 30, Bodø",1,1,1.32,5.5,8.8,1.18,1.57,2.4,1.85,1.83,1.52,1.77,2.35,1.95,1.25,2.32,3.25,1.61,3,0,0,3,0,3,0,332,0,50,0,-1,2,1,7,1,4,5,8,9,1,0,0,1,1,1,1,92,14,137,61,1.72,0.57,2.28,1,0,1,0,0,0,1,1,0,0,3,0,0,0,1,19,10,1,8,5,1,2,9,100,100,50,100,2.47,1.0,3.0,0.0,2.33,1.0,0,0,2.73,0.63,3.36,30,True,True,True,False,False,False,False,1.60,2.55,1.19,2.36,1.61,1.30,5.69,10.64,1.88,1.98,1.83,1.98,2.47,1.51,,
Norway_Eliteserien_2025,2025,4,Haugesund,Fredrikstad,2025-04-27 15:00:00,0,0,0,2,10,12,2,2,0,0,1,4,8,10,9,14,9,9,42,58,Haugesund Stadion,"Karmsundggaten 169, Haugesund",2,2,3.7,3.6,2.01,1.31,2.07,3.6,1.85,1.95,1.38,1.7,3.02,2.1,1.38,3.25,2.8,1.36,0,0,0,0,0,0,0,-1,0,0,0,-1,2,1,0,6,2,4,6,6,1,1,1,1,2,2,1,30,60,97,152,0.87,1.61,2.48,0,0,0,0,0,0,1,1,0,0,0,0,0,0,1,26,28,1,9,9,1,14,7,50,50,50,100,0.33,1.13,0.0,0.0,0.0,2.25,50,50,1.33,0.78,2.11,30,False,False,False,False,False,False,False,2.12,3.79,1.35,,,4.08,3.44,2.01,1.95,1.89,1.70,2.10,,,,
Norway_Eliteserien_2025,2025,4,Viking,Tromsø,2025-04-27 17:15:00,4,4,8,11,2,13,2,5,0,0,8,6,14,4,22,10,4,11,61,39,,,2,5,1.74,4.25,4.1,1.13,1.57,2.37,1.5,2.4,1.29,1.49,3.2,2.53,1.24,2.4,3.34,1.64,8,0,1,4,3,7,1,-1,0,100,0,-1,-1,1,-1,-1,-1,-1,-1,-1,2,2,0,3,4,3,1,84,32,135,75,2.55,1.29,3.84,0,0,0,0,0,0,1,1,0,1,-1,-1,0,0,1,30,19,1,11,4,1,1,19,100,100,25,100,2.53,1.73,3.0,0.0,2.25,1.0,0,0,1.91,0.51,2.42,30,True,True,True,True,True,True,True,1.57,2.43,1.18,2.36,1.63,1.73,4.23,4.50,2.49,1.57,1.48,2.53,,,1.32,3.27
Norway_Eliteserien_2025,2025,18,Viking,Haugesund,2025-04-30 16:00:00,5,1,6,14,3,17,1,1,0,1,9,1,26,5,35,6,10,6,72,28,,,1,3,1.22,6.25,10.0,1.06,1.33,1.93,1.62,2.15,1.2,1.34,4.0,2.9,1.17,1.85,4.5,1.81,6,2,1,3,0,3,3,335,0,75,0,-1,2,1,5,2,9,1,7,10,1,2,0,0,3,0,1,131,22,144,65,3.76,0.62,4.38,2,1,2,1,0,0,1,1,0,0,0,1,0,0,1,33,21,1,4,9,1,7,13,75,75,42,100,2.53,0.27,2.33,0.0,2.0,0.25,25,25,2.12,1.06,3.18,30,True,True,True,True,True,True,True,1.33,1.88,1.10,1.92,1.92,1.26,6.68,10.00,2.19,1.70,,,,,,
Norway_Eliteserien_2025,2025,17,Rosenborg,Kristiansund,2025-05-01 16:00:00,1,1,2,15,3,18,0,2,0,1,4,1,22,1,26,2,9,9,73,27,Lerkendal Stadion,"Klæbuveien 125, Trondheim",0,4,1.33,5.6,8.1,1.14,1.55,2.33,1.83,1.78,1.25,1.44,3.42,2.42,1.25,2.1,3.6,1.67,2,0,0,1,1,2,0,-1,0,50,0,-1,-1,1,-1,-1,-1,-1,-1,-1,0,1,0,2,1,2,1,138,16,137,39,2.9,0.32,3.22,0,1,0,1,0,0,1,1,0,0,-1,-1,0,1,1,28,15,1,9,8,1,1,17,50,50,17,75,1.8,1.07,2.0,1.0,2.5,1.2,50,50,1.62,1.39,3.01,30,True,True,False,False,False,False,True,1.53,2.33,1.17,2.26,1.66,1.33,5.67,8.93,2.04,1.83,,,,,,
Norway_Eliteserien_2025,2025,5,HamKam,KFUM,2025-05-02 17:00:00,0,0,0,0,7,7,2,3,0,0,4,2,7,12,11,14,10,9,35,65,Briskeby Arena,"Arenavegen 2, Briskebyen, Hamar",2,3,3.1,2.88,2.42,1.36,2.55,4.6,2.06,1.73,1.29,1.74,3.2,2.34,1.48,3.56,2.7,1.35,0,0,0,0,0,0,0,-1,0,75,0,-1,2,1,0,3,0,4,3,4,1,0,1,3,1,4,1,38,59,87,128,1.25,1.46,2.71,0,0,0,0,0,0,1,1,0,0,0,1,0,0,1,24,18,1,9,10,1,9,6,100,100,75,75,1.6,1.0,1.5,0.0,0.75,0.75,0,0,1.06,0.6,1.66,30,False,False,False,False,False,False,False,2.51,4.75,1.49,3.45,1.33,3.22,3.12,2.49,1.81,2.06,,,,,1.54,2.55
Norway_Eliteserien_2025,2025,5,Vålerenga,Brann,2025-05-03 16:00:00,2,4,6,4,6,10,2,3,0,0,5,4,16,7,21,11,14,12,45,55,Intility Arena,"Innspurten 1, Oslo",2,3,2.56,3.4,2.37,1.22,1.58,2.6,1.57,2.25,1.34,1.48,2.9,2.23,1.25,2.38,3.36,1.62,6,0,2,2,2,4,2,336,0,50,0,-1,2,1,3,2,1,4,5,5,0,2,2,1,2,3,1,63,40,91,92,2.12,1.27,3.39,0,1,0,1,0,0,1,1,0,1,0,2,0,0,1,32,16,1,12,13,1,5,12,75,100,25,100,1.87,1.53,1.5,1.5,1.4,2.4,25,0,1.88,2.06,3.94,30,True,True,True,True,True,True,True,1.58,2.44,1.17,,,2.68,3.80,2.52,2.73,1.49,1.48,2.51,,,,
Norway_Eliteserien_2025,2025,5,Molde,Haugesund,2025-05-04 15:00:00,2,1,3,5,3,8,2,4,0,0,7,3,7,4,14,7,16,12,56,44,Aker Stadion,"Julsundveien 14, Reknes, Molde",2,4,1.22,6.4,12.0,1.13,1.44,2.1,1.85,1.85,1.42,1.64,2.89,2.25,1.2,2.14,3.9,1.72,3,1,0,1,1,2,1,333,0,59,0,-1,2,1,1,2,4,1,3,5,1,4,1,0,5,1,1,67,30,116,76,1.86,0.88,2.74,0,0,0,0,0,0,1,1,0,0,0,0,0,0,1,14,25,1,12,16,1,7,11,59,84,59,100,1.67,0.27,0.5,0.0,0.5,0.2,42,17,1.36,0.91,2.27,30,True,True,True,False,False,False,True,1.46,2.12,1.14,2.16,1.71,1.23,6.62,12.38,1.88,1.96,1.56,2.34,,,,
Norway_Eliteserien_2025,2025,5,Viking,Sarpsborg 08,2025-05-04 15:00:00,0,0,0,12,4,16,2,0,0,0,5,3,10,6,15,9,11,12,59,41,,,2,0,1.61,4.2,4.0,1.07,1.26,1.8,1.33,2.9,1.29,1.63,3.42,2.35,1.18,1.85,4.5,1.83,0,0,0,0,0,0,0,-1,0,75,0,-1,2,1,4,2,8,2,6,10,1,0,1,0,1,1,1,93,36,104,78,1.96,1.04,3.01,0,0,0,0,0,0,1,1,0,0,1,0,0,0,1,21,19,1,12,11,1,7,10,75,100,50,100,2.53,1.47,2.5,3.0,2.17,1.75,25,0,2.53,1.58,4.11,30,False,False,False,False,False,False,False,1.32,1.81,1.10,1.86,2.01,1.67,4.65,4.51,3.16,1.38,1.49,2.48,,,,
Norway_Eliteserien_2025,2025,5,Strømsgodset,Kristiansund,2025-05-04 15:00:00,1,2,3,9,4,13,3,3,0,0,6,6,9,7,15,13,13,11,63,37,Marienlyst Stadion,"Schwartzgata 2, Drammen",3,3,1.5,4.75,4.8,1.14,1.45,2.1,1.61,2.2,1.16,1.55,3.92,2.74,1.25,2.25,3.5,1.62,3,1,0,0,2,2,1,344,0,100,0,-1,2,1,4,0,5,4,4,9,0,0,3,3,0,6,1,65,30,116,76,1.84,1.46,3.3,0,1,0,1,0,0,1,1,0,0,0,0,0,0,1,15,19,1,11,12,1,6,11,88,100,13,88,0.67,1.07,0.0,1.0,1.2,1.17,13,0,1.56,1.12,2.68,30,True,True,True,False,False,False,True,1.52,2.30,1.16,,,1.55,4.64,5.61,2.39,1.61,,,,,,
Norway_Eliteserien_2025,2025,5,Tromsø,Sandefjord,2025-05-04 15:00:00,0,1,1,3,3,6,2,2,0,1,0,5,9,17,9,22,15,9,52,48,,,2,3,1.7,3.6,3.8,1.2,1.66,2.6,1.65,2.1,1.35,1.92,2.54,2.1,1.3,2.4,3.15,1.5,1,0,0,0,1,1,0,342,0,75,0,-1,2,1,0,0,3,3,0,6,1,0,1,3,1,4,1,47,34,99,108,0.92,1.98,2.9,0,0,0,0,0,0,1,1,0,0,0,0,0,0,1,22,14,1,9,15,1,12,7,75,75,50,100,2.07,0.93,1.5,0.0,1.0,1.5,25,25,2.09,1.42,3.51,30,True,False,False,False,False,False,False,1.69,2.74,1.22,2.55,1.54,1.78,4.20,4.25,2.28,1.67,1.87,1.94,2.54,1.48,1.35,3.36
Norway_Eliteserien_2025,2025,5,Rosenborg,Bryne,2025-05-04 17:15:00,3,0,3,5,6,11,2,0,0,0,5,0,13,7,18,7,8,10,72,28,Lerkendal Stadion,"Klæbuveien 125, Trondheim",2,0,1.33,4.75,7.97,1.18,1.7,2.9,1.91,1.76,1.35,1.62,2.75,2.15,1.31,2.4,3.2,1.5,3,1,0,2,0,2,1,72,0,67,0,-1,2,1,3,2,2,4,5,6,0,0,2,0,0,2,1,58,33,128,84,1.91,0.69,2.6,0,0,0,0,0,0,1,1,1,0,0,0,0,0,1,33,10,1,10,8,1,6,15,50,67,50,67,1.8,0.6,1.67,0.0,2.2,0.75,50,34,2.05,1.17,3.22,30,True,True,True,False,False,False,False,1.73,2.82,1.24,2.61,1.52,1.36,5.30,8.86,1.76,2.12,1.68,2.15,,,1.35,3.36
Norway_Eliteserien_2025,2025,6,Brann,Rosenborg,2025-05-11 12:30:00,0,0,0,8,6,14,2,2,0,0,3,3,11,3,14,6,16,12,68,32,Brann Stadion,"Kniksens plass 1, Bergen",2,2,2.46,3.55,2.76,1.18,1.66,2.66,1.53,2.3,1.42,1.68,2.65,2.05,1.28,2.32,3.3,1.52,0,0,0,0,0,0,0,-1,0,75,0,-1,2,1,4,1,4,5,5,9,0,1,2,1,1,3,1,113,26,136,56,1.91,0.78,2.69,0,0,0,0,0,0,1,1,0,0,0,0,0,0,1,24,13,1,12,16,1,3,13,75,100,17,100,2.2,1.0,3.0,3.0,2.5,2.33,25,0,1.8,1.55,3.35,30,False,False,False,False,False,False,False,1.67,2.66,1.20,,,2.50,3.63,2.80,2.57,1.54,1.57,2.30,,,,
Norway_Eliteserien_2025,2025,6,KFUM,Tromsø,2025-05-11 15:00:00,1,3,4,2,5,7,1,1,0,0,2,5,3,6,5,11,14,8,50,50,KFUM Arena,"Ekebergveien 101, Oslo",1,1,2.45,3.2,3.05,1.42,2.45,4.33,1.98,1.81,1.62,2.0,2.2,1.73,1.5,3.6,2.4,1.28,4,1,1,0,2,2,2,331,0,100,0,-1,2,1,2,4,0,1,6,1,1,0,0,1,1,1,1,38,42,90,111,0.74,1.36,2.1,0,0,0,0,0,0,1,1,1,1,0,1,0,0,1,18,21,1,8,14,1,9,6,100,100,50,100,1.33,1.73,1.5,0.5,0.8,0.8,0,0,1.08,0.9,1.98,30,True,True,True,True,False,False,True,2.51,4.72,1.50,3.36,1.32,2.46,3.01,3.39,1.81,2.06,2.14,1.67,2.12,1.69,1.55,2.54
Norway_Eliteserien_2025,2025,6,Sarpsborg 08,HamKam,2025-05-11 15:00:00,4,0,4,3,3,6,0,2,0,0,7,4,10,3,17,7,11,9,51,49,Sarpsborg Stadion,"Haftor Joenssonsgata 19, Sarpsborg",0,2,1.53,4.6,5.25,1.21,1.62,2.45,1.7,2.07,1.32,1.49,3.2,2.61,1.29,2.3,3.5,1.59,4,1,0,3,0,3,1,340,0,50,0,-1,2,1,1,0,2,3,1,5,0,1,0,1,1,1,1,62,48,101,112,2.01,1.08,3.09,0,0,0,0,0,0,1,1,0,0,0,0,0,0,1,17,19,1,9,11,1,3,8,50,100,0,100,1.27,0.87,0.5,0.0,1.6,0.8,50,0,1.78,1.16,2.94,30,True,True,True,True,False,False,False,1.68,2.64,1.21,,,1.55,4.43,5.95,2.12,1.76,1.46,2.61,,,,
Norway_Eliteserien_2025,2025,6,Kristiansund,Fredrikstad,2025-05-11 15:00:00,0,1,1,2,3,5,2,3,0,0,1,3,7,7,8,10,10,15,60,40,Kristiansund Stadion,"Hærnøsandveien 19, Kristiansund",2,3,2.9,3.1,2.2,1.33,2.08,3.55,1.8,1.93,1.4,1.67,2.7,2.1,1.42,2.85,2.65,1.35,1,0,0,0,1,1,0,1471,0,25,0,-1,2,1,1,2,1,1,3,2,0,1,2,2,1,4,1,49,45,112,75,0.94,1.17,2.11,0,0,0,0,0,0,1,1,0,0,0,0,0,0,1,18,25,1,15,10,1,9,12,25,50,25,50,1.27,1.13,1.5,0.5,1.43,2.0,75,50,1.53,1.2,2.73,30,True,False,False,False,False,False,False,2.08,3.66,1.34,3.17,1.38,3.28,3.46,2.28,2.02,1.84,1.69,2.11,,,1.44,2.89
Norway_Eliteserien_2025,2025,6,Bryne,Molde,2025-05-11 15:00:00,0,3,3,4,3,7,2,1,0,0,1,5,8,8,9,13,9,8,47,53,Bryne Stadion,"Industrivegen, Bryne",2,1,3.3,3.2,2.16,1.26,2.0,3.51,1.72,2.0,1.49,1.78,2.54,1.98,1.38,2.7,2.85,1.4,3,0,3,0,0,0,3,333,0,25,0,-1,2,1,1,1,3,2,2,5,0,0,2,1,0,3,1,49,57,118,95,1.01,1.58,2.59,0,0,0,0,0,0,1,1,0,0,0,0,0,0,1,27,34,1,8,9,1,9,7,50,50,50,75,1.47,0.93,1.5,0.5,0.6,1.0,50,50,1.34,0.84,2.18,30,True,True,True,False,False,False,False,2.04,3.51,1.32,3.01,1.41,3.49,3.47,2.18,2.05,1.81,1.83,1.98,2.51,1.48,1.41,2.99
Norway_Eliteserien_2025,2025,6,Sandefjord,Vålerenga,2025-05-11 15:00:00,2,1,3,4,8,12,1,2,0,1,4,2,7,7,11,9,10,15,59,41,Komplett Arena,"Nygårdsveien 84, Sandefjord",1,3,2.1,3.6,2.88,1.18,1.66,2.6,1.57,2.36,1.46,1.7,2.59,2.0,1.28,2.35,3.1,1.58,3,1,1,1,0,1,2,342,0,17,0,-1,2,1,0,8,4,0,8,4,0,1,1,2,1,3,1,39,38,86,89,1.26,0.99,2.25,0,0,0,0,0,0,1,1,0,0,0,1,0,0,1,17,20,1,15,10,1,4,8,25,100,25,84,2.27,0.87,3.0,1.33,1.8,1.17,75,0,1.69,1.08,2.77,30,True,True,True,False,False,False,True,1.64,2.58,1.19,2.49,1.57,2.23,3.73,3.15,2.58,1.54,1.64,2.19,2.59,1.46,1.35,3.34
Norway_Eliteserien_2025,2025,6,Haugesund,Viking,2025-05-11 17:15:00,1,4,5,3,7,10,1,0,1,0,3,6,3,7,6,13,12,15,37,63,Haugesund Stadion,"Karmsundggaten 169, Haugesund",3,0,4.8,4.5,1.55,1.12,1.44,2.15,1.54,2.3,1.25,1.49,4.4,2.7,1.25,2.1,3.6,1.65,5,0,2,1,2,3,2,335,0,50,0,-1,2,1,2,5,1,2,7,3,2,0,0,0,2,0,1,85,36,90,77,1.2,1.5,2.71,0,1,0,1,0,0,1,1,0,0,0,1,0,0,1,23,30,1,15,11,1,4,5,75,75,50,75,0.33,2.2,0.5,1.5,0.17,2.0,25,25,1.1,2.17,3.27,30,True,True,True,True,True,False,True,1.43,2.13,1.13,2.14,1.75,5.45,4.82,1.55,2.56,1.54,,,,,,
Norway_Eliteserien_2025,2025,7,Tromsø,FK Bodo - Glimt,2025-05-16 16:00:00,2,1,3,4,6,10,4,2,0,0,5,4,8,8,13,12,13,6,36,64,,,4,2,4.5,3.9,1.65,1.15,1.63,2.55,1.61,2.25,1.4,1.77,2.49,1.95,1.27,2.44,3.4,1.55,3,0,1,2,0,2,1,331,0,42,0,-1,2,1,3,5,1,1,8,2,2,1,2,1,3,3,1,21,72,85,146,1.33,1.57,2.9,0,0,0,0,0,0,1,1,0,0,0,1,0,0,1,18,25,1,6,13,1,6,3,42,42,25,84,2.07,2.2,1.0,2.0,1.17,2.5,59,59,1.7,1.36,3.06,30,True,True,True,False,False,False,True,1.61,2.52,1.19,2.45,1.59,4.61,4.19,1.72,2.40,1.61,1.85,1.95,2.49,1.48,,
Norway_Eliteserien_2025,2025,7,Molde,Kristiansund,2025-05-16 16:00:00,0,1,1,7,0,7,1,1,0,0,7,2,14,5,21,7,4,7,65,35,Aker Stadion,"Julsundveien 14, Reknes, Molde",1,1,1.44,5.0,6.5,1.17,1.56,2.1,1.82,2.04,1.35,1.56,2.9,2.18,1.24,2.34,3.7,1.65,1,0,1,0,0,0,1,344,0,84,0,-1,2,1,2,0,5,0,2,5,0,0,1,1,0,2,1,71,20,75,57,2.31,0.73,3.04,0,0,0,0,0,0,1,1,0,0,0,0,0,0,1,19,12,1,6,4,1,6,18,74,100,27,90,1.67,1.07,1.33,1.4,1.33,1.25,27,0,1.53,1.19,2.72,30,True,False,False,False,False,False,False,1.56,2.41,1.18,2.33,1.64,1.39,5.29,7.70,2.04,1.81,1.64,2.18,,,,
Norway_Eliteserien_2025,2025,7,Strømsgodset,Bryne,2025-05-16 16:00:00,0,2,2,14,7,21,0,2,0,0,5,2,14,9,19,11,11,14,62,38,Marienlyst Stadion,"Schwartzgata 2, Drammen",0,2,1.7,4.0,4.82,1.18,1.62,2.42,1.52,2.43,1.2,1.52,3.7,2.8,1.33,2.42,3.29,1.55,2,0,1,0,1,1,1,1477,0,84,0,-1,2,1,4,5,10,2,9,12,0,1,0,1,1,1,1,68,17,85,45,2.03,0.95,2.98,0,0,0,0,0,0,1,1,0,1,1,1,0,0,1,16,21,1,14,11,1,5,14,100,100,34,100,0.67,0.6,0.0,0.0,1.0,0.5,0,0,1.66,1.01,2.67,30,True,True,False,False,False,False,False,1.58,2.42,1.18,2.42,1.60,1.65,4.13,5.30,2.43,1.60,,,,,1.33,3.29
Norway_Eliteserien_2025,2025,7,Fredrikstad,KFUM,2025-05-16 16:00:00,1,0,1,4,6,10,1,2,0,0,1,2,5,6,6,8,10,8,38,62,Nye Fredrikstad Stadion,"K.G. Mehldalsvei 7, Kråkerøy, Fredrikstad",1,2,1.94,3.19,4.2,1.55,2.7,6.0,2.5,1.55,1.76,2.6,2.0,1.48,1.57,3.35,2.29,1.31,1,1,0,0,0,0,1,1471,0,33,0,-1,2,1,2,4,2,2,6,4,0,1,1,1,1,2,1,40,51,78,106,0.75,1.02,1.77,0,0,0,0,0,0,1,1,1,0,1,0,0,0,1,17,17,1,8,10,1,14,8,67,84,50,67,1.67,1.0,3.0,0.33,2.17,0.67,33,17,1.17,0.88,2.05,30,True,False,False,False,False,False,False,3.04,6.25,1.68,3.35,1.31,2.01,2.99,4.91,1.57,2.50,2.55,1.48,1.85,1.97,1.69,2.24
Norway_Eliteserien_2025,2025,7,Viking,Sandefjord,2025-05-16 16:00:00,3,1,4,13,2,15,1,3,0,1,6,4,17,7,23,11,19,17,55,45,,,1,5,1.55,4.0,4.33,1.06,1.42,2.16,1.47,2.8,1.24,1.48,4.05,2.55,1.2,2.14,3.9,1.7,4,0,0,3,1,4,0,335,0,74,0,-1,2,1,9,1,4,1,10,5,0,1,1,3,1,4,1,50,24,107,69,2.23,1.15,3.38,2,0,2,0,0,0,1,1,0,0,1,0,0,0,1,24,22,1,15,19,1,4,13,74,74,54,74,2.53,0.93,2.2,1.0,2.13,2.0,27,27,2.42,1.61,4.03,30,True,True,True,True,False,False,True,1.42,2.08,1.12,2.13,1.76,1.64,4.37,5.07,2.80,1.47,,,,,,
Norway_Eliteserien_2025,2025,7,Rosenborg,Haugesund,2025-05-16 16:00:00,1,0,1,6,3,9,2,2,0,0,8,1,13,6,21,7,9,16,66,34,Lerkendal Stadion,"Klæbuveien 125, Trondheim",2,2,1.13,8.5,21.0,1.06,1.3,1.87,1.91,1.8,1.2,1.52,3.7,2.74,1.17,1.8,4.6,2.05,1,1,0,0,0,0,1,72,0,50,0,-1,2,1,1,1,5,2,2,7,0,0,2,2,0,4,1,83,23,128,95,2.48,0.69,3.17,0,0,0,0,0,0,1,1,0,0,0,0,0,0,1,17,12,1,16,9,1,5,17,50,63,25,75,1.8,0.27,2.0,0.0,2.14,0.14,50,38,2.01,0.9,2.91,30,True,False,False,False,False,False,False,1.31,1.84,1.10,1.79,2.08,1.16,8.46,16.61,1.90,1.93,,,,,,
Norway_Eliteserien_2025,2025,7,Brann,Sarpsborg 08,2025-05-16 16:00:00,2,2,4,10,2,12,0,1,0,0,6,6,9,8,15,14,19,16,62,38,Brann Stadion,"Kniksens plass 1, Bergen",0,1,1.83,4.0,4.1,1.16,1.53,2.37,1.51,2.45,1.27,1.55,3.14,2.3,1.3,2.36,3.5,1.59,4,1,1,1,1,2,2,-1,0,54,0,-1,2,1,5,0,5,2,5,7,0,0,0,1,0,1,1,87,31,118,73,1.99,1.53,3.52,0,0,0,0,0,0,1,1,1,0,0,0,0,0,1,19,18,1,16,19,1,9,13,54,71,29,71,2.2,1.47,2.5,2.33,2.29,1.83,46,29,1.82,1.4,3.22,30,True,True,True,True,False,False,True,1.58,2.42,1.18,,,1.79,4.01,4.41,2.49,1.57,1.55,2.37,,,,
Norway_Eliteserien_2025,2025,7,Vålerenga,HamKam,2025-05-16 18:00:00,1,1,2,3,0,3,3,3,0,0,7,3,16,5,23,8,15,13,60,40,Intility Arena,"Innspurten 1, Oslo",3,3,1.53,4.1,5.25,1.19,1.7,2.45,1.78,2.1,1.25,1.45,3.99,2.55,1.28,2.49,3.25,1.57,2,1,1,0,0,0,2,-1,0,34,0,-1,2,1,1,0,2,0,1,2,2,3,1,0,5,1,1,46,26,100,58,2.27,0.91,3.17,0,0,0,0,0,0,1,1,1,0,1,0,0,0,1,21,16,1,13,15,1,10,16,67,100,17,100,1.87,0.87,1.0,0.0,1.0,0.67,33,0,1.96,1.14,3.1,30,True,True,False,False,False,False,True,1.72,2.75,1.23,2.51,1.56,1.61,4.27,5.50,2.10,1.78,,,,,,
Norway_Eliteserien_2025,2025,8,Bryne,Fredrikstad,2025-05-24 14:00:00,4,3,7,7,3,10,1,0,0,0,8,3,11,8,19,11,11,5,56,44,Bryne Stadion,"Industrivegen, Bryne",1,0,2.7,2.9,2.7,1.48,2.25,3.9,1.95,1.73,1.42,1.77,2.55,1.95,1.5,3.3,2.63,1.32,7,2,2,2,1,3,4,1477,0,17,0,-1,2,1,0,3,7,0,3,7,1,0,0,0,1,0,1,54,25,107,96,2.15,1.1,3.24,0,0,0,0,0,0,1,1,1,0,0,0,0,0,1,28,31,1,5,11,1,8,7,34,34,34,67,1.47,1.13,1.0,1.33,0.86,2.29,67,67,1.23,1.19,2.42,30,True,True,True,True,True,True,True,2.48,4.75,1.48,3.44,1.33,2.78,3.23,2.75,1.78,2.09,2.03,1.76,2.32,1.58,1.53,2.59
Norway_Eliteserien_2025,2025,8,FK Bodo - Glimt,Rosenborg,2025-05-24 16:00:00,4,0,4,5,3,8,2,1,0,0,8,3,10,6,18,9,11,9,50,50,Aspmyra Stadion,"Håloglandsgata 30, Bodø",2,1,1.57,4.36,4.64,1.15,1.52,2.42,1.57,2.3,1.32,1.6,3.2,2.34,1.35,2.25,3.4,1.6,4,3,0,1,0,1,3,332,0,17,0,-1,2,1,1,2,4,1,3,5,1,0,1,1,1,2,1,80,60,74,77,2.26,1.21,3.47,0,0,0,0,0,0,1,1,1,0,0,1,1,0,1,18,14,1,9,11,1,5,9,67,84,0,59,2.47,1.0,3.0,2.33,2.0,2.25,34,17,2.22,1.29,3.51,30,True,True,True,True,False,False,False,1.60,2.45,1.18,2.38,1.61,1.64,4.39,5.06,2.33,1.64,1.60,2.26,,,1.35,3.31
Norway_Eliteserien_2025,2025,8,HamKam,Molde,2025-05-25 12:30:00,2,1,3,6,6,12,1,1,0,0,5,4,9,14,14,18,5,8,27,73,Briskeby Arena,"Arenavegen 2, Briskebyen, Hamar",1,1,4.4,3.7,1.83,1.22,1.71,2.7,1.65,2.1,1.4,1.8,2.56,2.0,1.3,2.4,3.22,1.47,3,1,1,1,0,1,2,1475,0,34,0,-1,2,1,2,2,4,4,4,8,0,0,1,1,0,2,1,43,115,78,140,1.54,2.24,3.79,0,0,0,0,0,0,1,1,0,0,0,1,0,0,1,18,19,1,8,5,1,12,7,67,67,67,67,1.6,0.93,1.33,1.33,0.71,1.14,33,33,1.12,1.09,2.21,30,True,True,True,False,False,False,True,1.71,2.77,1.23,,,4.52,4.00,1.77,2.28,1.67,1.88,1.93,2.49,1.50,,
Norway_Eliteserien_2025,2025,8,Kristiansund,Viking,2025-05-25 15:00:00,0,1,1,5,6,11,0,2,0,0,4,4,7,4,11,8,4,9,57,43,Kristiansund Stadion,"Hærnøsandveien 19, Kristiansund",0,2,4.44,4.5,1.61,1.12,1.36,2.07,1.43,2.7,1.22,1.33,4.0,3.0,1.22,2.03,4.0,1.72,1,0,0,0,1,1,0,335,0,67,0,-1,2,1,2,3,3,3,5,6,0,2,0,0,2,0,1,52,42,105,76,1.36,1.09,2.45,0,0,0,0,0,0,1,1,0,0,0,0,0,0,1,31,23,1,9,4,1,8,9,67,84,50,67,1.27,2.2,1.0,2.0,1.44,2.22,34,17,1.33,1.95,3.28,30,True,False,False,False,False,False,False,1.39,2.02,1.12,2.08,1.81,4.73,4.52,1.65,2.95,1.43,,,,,,
Norway_Eliteserien_2025,2025,8,Sarpsborg 08,Tromsø,2025-05-25 15:00:00,0,1,1,2,2,4,3,1,0,0,4,2,11,5,15,7,8,17,50,50,Sarpsborg Stadion,"Haftor Joenssonsgata 19, Sarpsborg",3,1,2.28,3.44,2.94,1.25,1.83,2.83,1.55,2.1,1.45,1.75,2.5,1.99,1.38,2.43,3.2,1.49,1,0,0,0,1,1,0,331,0,84,0,-1,2,1,1,0,1,2,1,3,2,1,1,0,3,1,1,42,63,96,115,1.53,1.05,2.58,0,0,0,0,0,0,1,1,0,0,1,0,0,0,1,22,22,1,17,8,1,6,9,84,100,17,100,1.27,1.73,1.33,1.33,1.71,1.43,17,0,1.86,1.05,2.91,30,True,False,False,False,False,False,False,1.86,3.07,1.26,,,2.30,3.47,3.23,2.35,1.63,1.81,2.01,2.58,1.45,,
Norway_Eliteserien_2025,2025,8,Sandefjord,Strømsgodset,2025-05-25 15:00:00,3,2,5,4,10,14,2,0,0,0,7,5,16,7,23,12,15,9,46,54,Komplett Arena,"Nygårdsveien 84, Sandefjord",2,0,2.0,3.6,3.0,1.12,1.5,2.35,1.44,2.67,1.25,1.42,3.7,2.62,1.25,2.36,3.5,1.62,5,2,0,1,2,3,2,342,0,50,0,-1,2,1,1,2,3,8,3,11,0,0,2,0,0,2,1,52,51,108,89,2.31,1.48,3.79,0,0,0,0,0,0,1,1,0,0,0,0,0,0,1,15,26,1,9,15,1,7,10,84,100,50,100,2.27,0.67,3.0,2.0,1.71,0.86,17,0,1.54,1.64,3.18,30,True,True,True,True,True,False,True,1.58,2.40,1.18,2.36,1.62,2.14,3.80,3.30,2.67,1.51,,,,,1.35,3.33
Norway_Eliteserien_2025,2025,8,Haugesund,Brann,2025-05-25 17:15:00,0,2,2,6,4,10,2,2,0,0,2,6,7,9,9,15,12,15,39,61,Haugesund Stadion,"Karmsundggaten 169, Haugesund",2,2,6.0,4.75,1.4,1.15,1.45,2.05,1.71,2.1,1.23,1.5,3.2,2.4,1.25,2.24,3.5,1.66,2,0,0,0,2,2,0,336,0,50,0,-1,2,1,3,2,3,2,5,5,1,2,1,0,3,1,1,41,69,99,136,1.01,1.87,2.89,0,0,0,0,0,0,1,1,0,0,0,0,0,1,1,26,30,1,15,12,1,10,5,84,84,67,84,0.33,1.53,0.33,2.0,0.13,2.13,17,17,1.13,1.8,2.93,30,True,True,False,False,False,False,False,1.50,2.24,1.15,2.24,1.68,7.33,5.15,1.41,2.20,1.71,1.48,2.54,,,,
Norway_Eliteserien_2025,2025,8,KFUM,Vålerenga,2025-05-26 17:00:00,0,1,1,5,10,15,3,2,1,0,1,2,13,10,14,12,13,15,48,52,KFUM Arena,"Ekebergveien 101, Oslo",5,2,2.45,3.1,2.71,1.39,2.28,3.84,1.87,1.93,1.6,1.85,2.5,1.78,1.47,3.0,2.5,1.33,1,0,0,0,1,1,0,327,0,75,0,-1,2,1,4,2,1,8,6,9,2,0,2,2,2,4,1,46,42,84,115,1.29,1.21,2.5,0,0,0,0,0,0,1,1,0,0,0,0,0,0,1,12,19,1,15,13,1,7,8,63,100,63,88,1.33,0.87,1.0,1.0,0.57,1.0,38,0,0.97,1.06,2.03,30,True,False,False,False,False,False,False,2.22,3.93,1.39,3.33,1.35,2.33,3.22,3.42,1.99,1.87,2.19,1.65,2.16,1.67,1.47,2.75
Norway_Eliteserien_2025,2025,18,Fredrikstad,Rosenborg,2025-05-28 17:00:00,0,2,2,5,6,11,0,2,0,0,2,6,7,5,9,11,9,12,42,58,Nye Fredrikstad Stadion,"K.G. Mehldalsvei 7, Kråkerøy, Fredrikstad",0,2,2.73,3.4,2.6,1.3,2.0,3.3,1.76,2.05,1.55,1.75,2.55,1.95,1.39,2.85,2.7,1.37,2,0,1,0,1,1,1,72,0,25,0,-1,2,1,1,5,4,1,6,5,0,0,0,2,0,2,1,36,38,73,90,0.97,1.4,2.37,0,0,0,0,0,0,1,1,0,0,0,1,0,0,1,19,15,1,12,9,1,9,6,50,75,38,88,1.67,1.0,3.0,1.75,2.0,2.0,50,25,1.06,1.27,2.33,30,True,True,False,False,False,False,False,2.08,3.67,1.32,3.11,1.39,2.83,3.35,2.62,2.14,1.75,1.98,1.83,2.37,1.55,1.43,2.91
Norway_Eliteserien_2025,2025,19,FK Bodo - Glimt,Viking,2025-05-28 19:00:00,2,4,6,4,3,7,0,3,1,0,7,8,4,9,11,17,9,11,61,39,Aspmyra Stadion,"Håloglandsgata 30, Bodø",2,3,1.4,4.8,5.6,1.07,1.36,1.8,1.53,2.4,1.2,1.46,3.8,3.28,1.2,1.91,4.0,1.77,6,2,1,0,3,3,3,335,0,38,0,-1,2,1,2,2,2,1,4,3,0,1,1,2,1,3,1,46,45,95,85,1.52,1.95,3.48,0,0,0,0,0,0,1,1,0,0,0,0,0,0,1,16,20,1,11,9,1,7,4,88,88,42,71,2.47,2.2,3.0,2.25,2.17,2.3,13,13,2.23,1.73,3.96,30,True,True,True,True,True,True,True,1.37,1.95,1.11,2.01,1.86,1.36,5.65,7.75,2.40,1.61,,,,,,
Norway_Eliteserien_2025,2025,15,Brann,Molde,2025-05-29 16:00:00,0,3,3,9,0,9,2,5,0,2,7,3,12,1,19,4,9,22,72,28,Brann Stadion,"Kniksens plass 1, Bergen",2,8,1.65,3.9,4.35,1.18,1.6,2.5,1.5,2.2,1.42,1.78,2.65,2.25,1.27,2.42,3.4,1.6,3,0,1,0,2,2,1,333,0,53,0,-1,2,1,1,0,8,0,1,8,1,3,1,4,4,5,1,82,11,135,42,2.28,0.55,2.83,0,0,0,0,0,0,1,1,0,0,0,0,0,0,1,38,19,1,22,9,1,4,10,78,78,58,78,2.2,0.93,2.2,1.0,2.22,1.0,23,23,1.86,1.38,3.24,30,True,True,True,False,False,False,False,1.62,2.53,1.19,2.46,1.58,1.76,4.11,4.42,2.42,1.60,1.61,2.25,,,,
Norway_Eliteserien_2025,2025,9,Strømsgodset,HamKam,2025-05-31 14:00:00,0,3,3,5,4,9,1,3,0,0,6,7,11,9,17,16,9,12,58,42,Marienlyst Stadion,"Schwartzgata 2, Drammen",1,3,1.72,4.0,4.0,1.18,1.53,2.42,1.5,2.4,1.12,1.28,4.75,3.25,1.25,2.25,3.4,1.57,3,0,1,0,2,2,1,1475,0,50,0,-1,2,1,3,2,2,2,5,4,1,1,0,2,2,2,1,75,46,106,88,2.03,1.83,3.86,0,0,0,0,0,0,1,1,0,1,1,1,0,0,1,16,19,1,12,9,1,5,16,63,100,13,100,0.67,0.87,0.0,0.25,0.75,1.0,38,0,1.75,1.08,2.83,30,True,True,True,False,False,False,False,1.57,2.40,1.17,2.34,1.63,1.85,4.00,4.08,2.57,1.54,,,,,1.33,3.31
Norway_Eliteserien_2025,2025,9,Tromsø,Vålerenga,2025-05-31 16:45:00,2,1,3,5,7,12,3,2,0,0,3,4,12,6,15,10,18,11,58,42,,,3,2,1.75,3.7,4.2,1.25,1.83,3.1,1.75,2.09,1.46,1.73,2.65,2.07,1.32,2.82,3.1,1.45,3,0,0,2,1,3,0,331,0,45,0,-1,2,1,4,1,1,6,5,7,1,0,2,2,1,4,1,59,39,132,94,1.59,1.2,2.79,0,0,0,0,0,0,1,1,0,0,1,0,0,0,1,15,19,1,11,18,1,7,13,35,65,10,68,2.07,0.87,1.5,1.4,1.63,1.22,65,35,1.61,1.09,2.7,30,True,True,True,False,False,False,True,1.88,3.13,1.27,2.82,1.45,1.83,3.83,4.41,2.09,1.79,1.78,2.02,2.55,1.46,1.37,3.19
Norway_Eliteserien_2025,2025,9,Fredrikstad,Sarpsborg 08,2025-06-01 12:30:00,1,1,2,6,9,15,3,2,0,0,8,8,6,10,14,18,12,6,51,49,Nye Fredrikstad Stadion,"K.G. Mehldalsvei 7, Kråkerøy, Fredrikstad",3,2,2.15,3.42,3.4,1.3,1.93,3.5,1.77,1.97,1.52,1.98,2.5,1.9,1.37,2.8,2.88,1.37,2,0,0,1,1,2,0,-1,0,35,0,-1,2,1,4,4,2,5,8,7,2,0,1,2,2,3,1,75,48,102,106,1.98,2.04,4.03,0,0,0,0,0,0,1,1,0,0,1,0,0,0,1,26,18,1,6,12,1,9,9,45,78,45,88,1.67,1.47,2.4,2.0,1.78,1.5,55,23,1.05,1.43,2.48,30,True,True,False,False,False,False,True,2.05,3.52,1.33,3.05,1.40,2.20,3.45,3.45,2.03,1.83,1.91,1.91,2.40,1.52,1.42,2.98
Norway_Eliteserien_2025,2025,9,Bryne,Sandefjord,2025-06-01 15:00:00,3,2,5,5,2,7,2,0,0,0,6,3,7,13,13,16,18,12,35,65,Bryne Stadion,"Industrivegen, Bryne",2,0,2.5,3.55,2.6,1.24,1.85,2.65,1.61,2.17,1.43,1.95,2.65,2.04,1.3,2.55,3.25,1.5,5,2,0,1,2,3,2,1477,0,63,0,-1,2,1,3,2,2,0,5,2,1,0,1,0,1,1,1,36,60,68,116,1.5,1.66,3.16,1,0,1,0,0,0,1,1,0,0,2,0,0,0,1,25,24,1,11,18,1,15,6,75,75,63,75,1.47,0.93,1.5,0.75,1.13,1.88,25,25,1.46,1.49,2.95,30,True,True,True,True,True,False,True,1.83,3.01,1.25,2.75,1.48,2.54,3.54,2.80,2.31,1.65,1.74,2.04,2.56,1.46,1.36,3.28
Norway_Eliteserien_2025,2025,9,Brann,Kristiansund,2025-06-01 15:00:00,4,2,6,3,9,12,2,1,0,0,8,4,5,5,13,9,13,10,46,54,Brann Stadion,"Kniksens plass 1, Bergen",2,1,1.34,5.58,7.66,1.11,1.37,2.0,1.62,2.25,1.23,1.34,4.59,2.9,1.21,2.13,3.8,1.78,6,4,2,0,0,0,6,336,0,75,0,-1,-1,1,-1,-1,-1,-1,-1,-1,0,0,2,1,0,3,1,38,73,79,101,1.66,1.38,3.04,1,0,1,0,0,0,1,1,1,0,-1,-1,0,0,1,28,32,1,9,13,1,7,5,75,83,25,83,2.2,1.07,1.83,1.67,2.0,1.3,25,17,1.93,1.11,3.04,30,True,True,True,True,True,True,True,1.45,2.15,1.14,2.17,1.71,1.37,5.57,7.70,2.24,1.69,,,,,,
Norway_Eliteserien_2025,2025,9,Haugesund,FK Bodo - Glimt,2025-06-01 15:00:00,0,4,4,3,9,12,2,1,0,0,4,6,9,10,13,16,14,14,37,63,Haugesund Stadion,"Karmsundggaten 169, Haugesund",2,1,13.6,6.0,1.21,1.08,1.3,1.91,1.75,1.97,1.26,1.49,3.4,2.4,1.16,1.87,4.5,1.83,4,0,1,0,3,3,1,332,0,46,0,-1,2,1,2,4,1,5,6,6,2,1,0,0,3,0,1,16,76,75,113,1.22,1.98,3.2,0,0,0,0,0,0,1,1,0,1,2,1,0,0,1,16,22,1,14,14,1,8,9,59,71,42,75,0.33,2.2,0.25,1.33,0.11,1.86,42,29,1.1,1.43,2.53,30,True,True,True,True,False,False,False,1.34,1.89,1.10,1.95,1.90,14.19,7.05,1.20,1.96,1.88,1.62,2.25,,,,
Norway_Eliteserien_2025,2025,9,Rosenborg,KFUM,2025-06-01 15:00:00,1,1,2,6,4,10,2,2,0,0,1,8,4,6,5,14,10,19,53,47,Lerkendal Stadion,"Klæbuveien 125, Trondheim",2,2,1.63,4.04,5.73,1.25,1.87,2.8,1.85,1.91,1.67,2.71,2.0,1.65,1.36,2.66,2.9,1.5,2,0,0,1,1,2,0,-1,0,23,0,-1,2,1,3,1,3,3,4,6,0,1,2,1,1,3,1,42,18,93,62,0.7,1.57,2.27,1,0,1,0,0,0,1,1,0,0,1,0,0,0,1,25,20,1,18,10,1,8,8,35,45,13,55,1.8,1.0,2.2,0.25,2.1,0.5,65,55,2.11,0.92,3.03,30,True,True,False,False,False,False,True,1.90,3.18,1.29,2.82,1.45,1.61,4.09,5.78,1.95,1.90,2.16,1.67,2.10,1.71,1.37,3.22
Norway_Eliteserien_2025,2025,9,Molde,Viking,2025-06-01 17:15:00,0,1,1,7,4,11,2,2,0,0,0,3,9,12,9,15,14,14,69,31,Aker Stadion,"Julsundveien 14, Reknes, Molde",2,2,2.68,3.84,2.3,1.1,1.47,2.05,1.37,2.8,1.26,1.53,3.4,2.38,1.22,2.17,3.7,1.75,1,0,1,0,0,0,1,335,0,65,0,-1,2,1,5,3,2,1,8,3,1,0,1,2,1,3,1,61,41,105,90,1.02,1.45,2.47,0,0,0,0,0,0,1,1,0,1,0,1,0,0,1,28,21,1,14,13,1,7,13,65,78,43,90,1.67,2.2,1.0,2.4,1.22,2.36,35,23,1.72,1.78,3.5,30,True,False,False,False,False,False,False,,,,2.14,1.71,2.68,3.94,2.46,2.90,1.44,1.53,2.41,,,,
Norway_Eliteserien_2025,2025,10,FK Bodo - Glimt,Brann,2025-06-21 16:00:00,3,0,3,9,2,11,1,0,0,0,5,3,8,5,13,8,9,12,47,53,Aspmyra Stadion,"Håloglandsgata 30, Bodø",1,0,1.35,4.5,5.95,1.06,1.32,2.14,1.44,2.62,1.3,1.53,3.3,2.3,1.18,1.99,4.3,1.9,3,2,0,1,0,1,2,332,0,38,0,-1,2,1,4,2,5,0,6,5,0,0,1,0,0,1,-1,0,0,0,0,0.0,0.0,0.0,0,0,0,0,0,0,1,1,1,0,1,0,0,0,1,17,12,1,12,9,1,2,9,88,100,50,75,2.47,1.53,2.25,2.25,2.0,2.09,13,0,2.06,1.82,3.88,30,True,True,True,False,False,False,False,1.45,2.14,1.14,2.14,1.71,1.53,4.93,5.14,2.38,1.58,1.51,2.45,,,,
Norway_Eliteserien_2025,2025,10,Vålerenga,Molde,2025-06-22 12:30:00,2,3,5,5,7,12,1,3,0,0,7,9,4,12,11,21,13,9,42,58,Intility Arena,"Innspurten 1, Oslo",1,3,2.98,3.7,2.32,1.22,1.6,2.61,1.53,2.5,1.33,1.88,2.81,2.12,1.32,2.47,3.38,1.58,5,2,1,0,2,2,3,333,0,48,0,-1,2,1,2,4,3,3,6,6,0,0,1,3,0,4,1,50,45,87,96,1.55,2.28,3.82,0,0,0,0,0,0,1,1,0,1,0,0,0,0,1,26,22,1,9,13,1,10,3,65,90,55,90,1.87,0.93,1.0,1.4,1.1,1.1,35,10,2.04,1.21,3.25,30,True,True,True,True,True,False,True,1.71,2.73,1.21,2.52,1.53,2.40,3.59,2.84,,,1.68,2.12,,,,
Norway_Eliteserien_2025,2025,10,KFUM,Strømsgodset,2025-06-22 15:00:00,5,0,5,6,2,8,2,3,0,0,7,2,8,8,15,10,6,11,59,41,KFUM Arena,"Ekebergveien 101, Oslo",2,3,1.97,3.7,3.35,1.2,1.68,2.7,1.62,2.14,1.3,1.52,3.2,2.37,1.37,2.4,3.18,1.44,5,0,0,5,0,5,0,1524,0,75,0,-1,2,1,5,0,1,2,5,3,1,1,1,2,2,3,1,63,28,96,85,1.89,0.98,2.87,0,0,0,0,0,0,1,1,0,0,2,0,0,0,1,8,21,1,11,6,1,6,7,88,88,63,88,1.33,0.67,0.75,1.5,0.56,0.67,13,13,1.05,1.6,2.65,30,True,True,True,True,True,False,False,1.86,3.16,1.27,,,2.16,3.74,3.13,,,1.55,2.37,,,,
Norway_Eliteserien_2025,2025,10,Kristiansund,Rosenborg,2025-06-22 15:00:00,4,1,5,3,9,12,3,2,0,0,9,5,6,7,15,12,9,9,48,52,Kristiansund Stadion,"Hærnøsandveien 19, Kristiansund",3,2,3.15,3.5,2.1,1.13,1.57,2.42,1.5,2.5,1.42,1.7,2.65,2.0,1.27,2.25,3.5,1.58,5,3,1,1,0,1,4,344,0,23,0,-1,2,1,3,4,0,5,7,5,1,0,2,2,1,4,1,45,67,84,91,1.9,1.59,3.49,0,0,0,0,0,0,1,1,0,0,1,0,0,0,1,11,19,1,9,9,1,11,5,33,65,23,53,1.27,1.0,0.75,2.0,1.18,2.0,68,35,1.34,1.3,2.64,30,True,True,True,True,True,False,True,,,,,,4.60,4.06,1.70,2.21,1.67,1.61,2.23,,,,
Norway_Eliteserien_2025,2025,10,Sandefjord,Haugesund,2025-06-22 15:00:00,4,0,4,3,8,11,1,0,0,0,8,6,3,11,11,17,16,9,48,52,Komplett Arena,"Nygårdsveien 84, Sandefjord",1,0,1.35,5.35,7.0,1.16,1.48,2.31,1.73,2.03,1.32,1.68,3.1,2.25,1.26,2.17,3.5,1.71,4,1,0,3,0,3,1,342,0,55,0,-1,2,1,0,2,3,6,2,9,0,0,1,0,0,1,1,55,65,116,94,1.66,1.96,3.62,0,0,0,0,0,0,1,1,1,0,0,0,0,0,1,11,24,1,9,16,1,10,5,68,80,58,100,2.27,0.27,3.0,0.0,1.67,0.1,33,20,1.74,0.86,2.6,30,True,True,True,True,False,False,False,1.54,2.34,1.16,2.30,1.62,1.38,5.14,7.40,,,1.53,2.38,,,,
Norway_Eliteserien_2025,2025,10,Sarpsborg 08,Bryne,2025-06-22 15:00:00,1,1,2,3,2,5,1,0,0,0,3,4,3,6,6,10,10,14,51,49,Sarpsborg Stadion,"Haftor Joenssonsgata 19, Sarpsborg",1,0,1.7,3.75,3.75,1.17,1.54,2.36,1.69,2.4,1.32,1.7,2.9,2.25,1.28,2.23,3.5,1.56,2,1,1,0,0,0,2,-1,0,50,0,-1,2,1,2,1,1,1,3,2,0,0,1,0,0,1,1,57,38,106,111,1.01,1.2,2.21,0,0,0,0,0,0,1,1,0,0,0,0,0,0,1,20,18,1,14,10,1,8,13,63,88,25,88,1.27,0.6,1.0,0.75,1.44,1.33,38,13,1.77,1.0,2.77,30,True,True,False,False,False,False,True,1.64,2.58,1.20,,,1.63,4.24,4.96,2.17,1.69,,,,,,
Norway_Eliteserien_2025,2025,10,HamKam,Tromsø,2025-06-22 15:00:00,1,3,4,6,2,8,0,2,0,0,4,4,7,2,11,6,11,15,54,46,Briskeby Arena,"Arenavegen 2, Briskebyen, Hamar",0,2,3.25,3.4,2.15,1.24,1.83,3.02,1.68,2.1,1.35,1.86,3.0,2.09,1.35,2.6,3.24,1.47,4,0,2,1,1,2,2,331,0,75,0,-1,2,1,1,1,5,1,2,6,0,1,0,1,1,1,1,53,24,110,84,1.37,0.85,2.21,0,0,0,0,0,0,1,1,0,0,0,0,0,0,1,25,18,1,15,11,1,1,9,75,75,50,75,1.6,1.73,1.75,1.75,1.22,1.78,25,25,1.23,1.05,2.28,30,True,True,True,True,False,False,True,1.83,3.02,1.25,,,3.63,3.56,2.03,2.19,1.68,1.68,2.13,,,,
Norway_Eliteserien_2025,2025,10,Viking,Fredrikstad,2025-06-22 17:15:00,3,0,3,6,6,12,2,1,0,0,4,2,8,11,12,13,12,7,43,57,,,2,1,1.46,4.66,6.65,1.2,1.6,2.55,1.73,1.95,1.21,1.55,3.8,2.55,1.28,2.35,3.3,1.55,3,1,0,2,0,2,1,335,0,54,0,-1,2,1,6,2,0,4,8,4,0,0,2,1,0,3,1,42,49,85,111,1.34,1.32,2.67,0,0,0,0,0,0,1,1,1,0,1,0,0,0,1,19,33,1,7,12,1,5,12,54,54,29,59,2.53,1.13,2.33,1.0,2.42,1.7,46,46,2.39,1.16,3.55,30,True,True,True,False,False,False,False,1.64,2.58,1.20,,,1.60,4.25,5.18,,,,,,,,
Norway_Eliteserien_2025,2025,11,Rosenborg,Viking,2025-06-28 16:00:00,1,1,2,9,5,14,2,3,0,0,4,4,6,6,10,10,7,11,55,45,Lerkendal Stadion,"Klæbuveien 125, Trondheim",2,3,2.25,3.66,2.58,1.18,1.52,2.46,1.44,2.5,1.22,1.58,3.49,2.5,1.25,2.31,3.68,1.66,2,0,1,1,0,1,1,-1,0,50,0,-1,2,1,6,3,3,2,9,5,1,1,1,2,2,3,1,53,50,79,96,1.29,1.28,2.57,0,0,0,0,0,0,1,1,0,0,0,1,0,0,1,20,20,1,11,7,1,9,9,42,59,25,67,1.8,2.2,2.0,2.5,1.83,2.46,58,42,1.87,1.72,3.59,30,True,True,False,False,False,False,True,1.61,2.46,1.18,2.35,1.62,2.48,3.69,2.79,,,1.46,2.56,,,,
Norway_Eliteserien_2025,2025,11,Haugesund,Kristiansund,2025-06-29 12:30:00,0,0,0,5,4,9,0,2,0,0,3,1,6,7,9,8,4,9,55,45,Haugesund Stadion,"Karmsundggaten 169, Haugesund",0,2,3.29,3.77,2.1,1.19,1.64,2.4,1.53,2.46,1.27,1.5,3.2,2.3,1.29,2.35,3.4,1.52,0,0,0,0,0,0,0,-1,0,53,0,-1,2,1,2,3,3,1,5,4,0,0,0,2,0,2,1,53,41,108,104,1.17,0.88,2.06,0,0,0,0,0,0,1,1,0,0,0,0,0,0,1,17,24,1,9,4,1,8,12,66,83,35,73,0.33,1.07,0.2,1.43,0.09,1.33,35,17,1.13,1.15,2.28,30,False,False,False,False,False,False,False,1.64,2.58,1.19,2.50,1.55,3.32,3.80,2.13,,,1.57,2.32,,,1.31,3.22
Norway_Eliteserien_2025,2025,11,Bryne,HamKam,2025-06-29 15:00:00,1,1,2,10,5,15,3,2,0,0,7,4,8,10,15,14,14,12,64,36,Bryne Stadion,"Industrivegen, Bryne",3,2,1.71,3.4,3.9,1.21,1.85,2.8,1.73,2.15,1.32,1.55,2.9,2.25,1.34,2.81,3.1,1.46,2,0,1,1,0,1,1,-1,0,40,0,-1,2,1,5,3,5,2,8,7,0,0,3,2,0,5,1,49,40,117,72,1.8,1.45,3.25,0,0,0,0,0,0,1,1,0,0,0,1,0,0,1,21,17,1,12,14,1,7,6,70,90,50,100,1.47,0.87,1.8,0.8,1.3,1.1,30,10,1.47,1.23,2.7,30,True,True,False,False,False,False,True,1.85,3.09,1.27,2.81,1.46,1.88,3.79,4.20,,,1.68,2.12,,,1.37,3.19
Norway_Eliteserien_2025,2025,11,FK Bodo - Glimt,Sarpsborg 08,2025-06-29 15:00:00,1,2,3,10,2,12,0,1,0,0,5,6,24,5,29,11,5,10,65,35,Aspmyra Stadion,"Håloglandsgata 30, Bodø",0,1,1.15,6.9,10.5,1.06,1.3,1.78,1.61,2.17,1.24,1.61,3.3,2.5,1.15,1.81,4.75,1.89,3,1,1,0,1,1,2,340,0,40,0,-1,2,1,5,0,5,2,5,7,0,1,0,0,1,0,1,153,19,143,50,3.26,1.25,4.51,0,0,0,0,0,0,1,1,0,0,1,0,0,0,1,16,13,1,10,5,1,1,19,70,90,50,70,2.47,1.47,2.4,1.8,2.11,1.4,30,10,2.06,1.55,3.61,30,True,True,True,False,False,False,True,1.30,1.78,1.10,1.88,1.98,1.23,7.37,10.59,,,1.49,2.52,,,,
Norway_Eliteserien_2025,2025,11,Fredrikstad,Tromsø,2025-06-29 15:00:00,0,1,1,8,3,11,1,1,0,0,4,4,7,3,11,7,9,6,57,43,Nye Fredrikstad Stadion,"K.G. Mehldalsvei 7, Kråkerøy, Fredrikstad",1,1,2.4,3.2,2.92,1.33,2.2,3.87,1.9,1.78,1.47,1.8,2.5,1.8,1.47,3.0,2.5,1.33,1,0,1,0,0,0,1,331,0,57,0,-1,2,1,5,2,3,1,7,4,0,0,1,1,0,2,1,63,33,115,88,1.44,0.97,2.41,0,0,0,0,0,0,1,1,0,1,2,0,0,0,1,28,18,1,6,9,1,5,13,57,82,37,82,1.67,1.73,2.17,2.0,1.55,1.9,44,19,1.2,1.01,2.21,30,True,False,False,False,False,False,False,2.25,4.17,1.39,3.34,1.35,2.59,3.22,2.97,,,1.94,1.85,2.38,1.54,1.47,2.77
Norway_Eliteserien_2025,2025,11,Molde,KFUM,2025-06-29 15:00:00,2,3,5,4,0,4,2,1,0,0,3,4,8,2,11,6,16,16,63,37,Aker Stadion,"Julsundveien 14, Reknes, Molde",2,1,1.91,3.45,3.8,1.3,1.85,3.5,1.82,2.0,1.58,1.75,2.5,1.97,1.36,2.65,2.75,1.43,5,0,2,2,1,3,2,1524,0,40,0,-1,2,1,2,0,2,0,2,2,2,1,0,0,3,0,1,45,20,130,61,1.25,0.81,2.06,1,1,1,1,0,0,1,1,0,0,1,0,0,0,1,20,19,1,15,14,1,5,9,40,60,20,70,1.67,1.0,0.8,0.4,1.27,0.8,60,40,1.58,1.05,2.63,30,True,True,True,True,True,False,True,1.93,3.31,1.29,2.97,1.42,1.99,3.58,3.96,,,2.01,1.79,2.31,1.58,1.40,3.04
Norway_Eliteserien_2025,2025,11,Strømsgodset,Vålerenga,2025-06-29 17:15:00,0,2,2,4,3,7,0,0,0,0,1,3,3,13,4,16,13,8,35,65,Marienlyst Stadion,"Schwartzgata 2, Drammen",0,0,2.72,3.55,2.45,1.15,1.5,2.2,1.55,2.75,1.28,1.44,3.85,2.48,1.26,2.16,3.6,1.62,2,0,1,0,1,1,1,327,0,55,0,-1,2,-1,3,2,1,1,5,2,0,0,0,0,0,0,1,24,59,80,102,0.51,1.65,2.16,0,0,0,0,0,0,1,1,0,0,0,0,-1,-1,1,21,23,1,8,13,1,15,8,57,92,9,75,0.67,0.87,0.0,1.17,0.6,1.0,44,9,1.81,1.11,2.92,30,True,True,False,False,False,False,False,1.55,2.29,1.16,2.27,1.67,2.77,3.77,2.45,,,1.44,2.60,,,,
Norway_Eliteserien_2025,2025,11,Brann,Sandefjord,2025-06-30 17:00:00,1,0,1,9,3,12,1,2,0,0,9,2,16,5,25,7,8,12,60,40,Brann Stadion,"Kniksens plass 1, Bergen",1,2,1.62,4.5,4.65,1.13,1.43,2.15,1.45,2.55,1.32,1.45,3.4,2.5,1.22,2.02,3.7,1.76,1,0,0,1,0,1,0,336,0,76,0,-1,2,1,4,1,5,2,5,7,1,1,0,1,2,1,1,67,29,125,81,2.69,0.8,3.49,0,0,0,0,0,0,1,1,0,0,2,0,0,0,1,29,17,1,12,8,1,9,14,83,83,52,73,2.2,0.93,2.0,0.6,1.92,1.8,17,17,1.89,1.53,3.42,30,True,False,False,False,False,False,False,1.49,2.22,1.15,2.17,1.72,1.66,4.55,4.65,,,1.46,2.59,,,,
Norway_Eliteserien_2025,2025,12,HamKam,Brann,2025-07-05 12:00:00,1,1,2,1,8,9,0,0,0,0,4,5,5,9,9,14,13,11,36,64,Briskeby Arena,"Arenavegen 2, Briskebyen, Hamar",0,0,3.7,3.75,1.9,1.2,1.54,2.55,1.57,2.4,1.28,1.71,2.9,2.33,1.29,2.34,3.5,1.55,2,1,0,0,1,1,1,-1,0,60,0,-1,2,-1,0,1,1,7,1,8,0,0,0,0,0,0,1,41,74,76,105,1.15,1.77,2.92,0,0,0,0,0,0,1,1,0,0,0,0,-1,-1,1,11,23,1,10,12,1,11,8,80,90,70,80,1.6,1.53,1.4,1.8,1.09,2.0,20,10,1.25,1.82,3.07,30,True,True,False,False,False,False,True,1.65,2.59,1.20,2.48,1.56,3.84,3.81,1.93,,,1.56,2.33,,,,
Norway_Eliteserien_2025,2025,12,Viking,Strømsgodset,2025-07-05 14:00:00,1,0,1,16,2,18,0,0,0,0,5,1,15,1,20,2,11,8,66,34,,,0,0,1.16,7.25,8.5,1.05,1.28,1.7,1.62,2.15,1.21,1.24,4.85,2.88,1.15,1.8,4.8,2.01,1,1,0,0,0,0,1,335,0,66,0,-1,2,-1,13,1,3,1,14,4,0,0,0,0,0,0,1,114,16,134,64,2.43,0.33,2.75,0,0,0,0,0,0,1,1,0,0,2,0,-1,-1,1,19,13,1,8,11,1,4,16,93,93,35,76,2.53,0.67,2.43,1.2,2.36,0.55,7,7,2.24,1.48,3.72,30,True,False,False,False,False,False,False,1.29,1.78,,,,1.24,7.26,10.50,,,,,,,,
Norway_Eliteserien_2025,2025,12,Vålerenga,Fredrikstad,2025-07-05 16:00:00,1,1,2,5,5,10,0,3,0,0,5,7,11,9,16,16,6,15,57,43,Intility Arena,"Innspurten 1, Oslo",0,3,2.16,3.54,3.58,1.27,1.8,3.0,1.7,2.1,1.32,1.57,2.98,2.15,1.4,2.67,3.0,1.4,2,1,1,0,0,0,2,-1,0,50,0,-1,2,1,4,1,1,4,5,5,0,2,0,1,2,1,1,51,48,100,85,1.73,1.84,3.57,0,0,0,0,0,0,1,1,0,1,0,0,0,0,1,25,18,1,15,6,1,11,8,50,70,40,80,1.87,1.13,0.8,0.8,1.17,1.42,50,30,1.94,1.2,3.14,30,True,True,False,False,False,False,True,1.88,3.19,1.27,2.93,1.43,2.10,3.57,3.61,,,1.63,2.20,,,1.40,3.08
Norway_Eliteserien_2025,2025,12,Kristiansund,FK Bodo - Glimt,2025-07-05 18:00:00,1,1,2,4,7,11,1,2,0,1,2,6,6,14,8,20,8,12,41,59,,,1,3,6.7,5.1,1.43,1.05,1.32,1.93,1.48,2.52,1.32,1.7,3.3,2.42,1.16,1.95,4.1,1.77,2,0,1,1,0,1,1,-1,0,45,0,-1,2,1,2,4,2,3,6,5,1,0,0,3,1,3,1,41,92,75,132,0.95,2.34,3.29,0,0,0,0,0,0,1,1,0,1,1,1,0,0,1,13,21,1,12,8,1,10,10,58,68,33,70,1.27,2.2,1.2,1.75,1.31,1.9,43,33,1.45,1.57,3.02,30,True,True,False,False,False,False,True,1.37,1.95,1.12,2.03,1.85,6.27,5.39,1.45,,,1.54,2.39,,,,
Norway_Eliteserien_2025,2025,12,Tromsø,Molde,2025-07-05 20:00:00,1,0,1,2,2,4,3,1,0,1,3,0,13,2,16,2,15,10,56,44,,,3,2,2.2,3.52,2.8,1.25,1.75,2.95,1.62,2.1,1.48,1.7,2.38,2.05,1.3,2.54,3.1,1.45,1,0,0,1,0,1,0,331,0,47,0,-1,2,1,0,0,2,2,0,4,2,2,1,0,4,1,1,17,21,56,56,1.34,0.29,1.63,0,0,0,0,0,0,1,1,0,0,0,0,0,0,1,15,18,1,10,15,1,5,12,72,72,34,72,2.07,0.93,1.8,1.67,2.0,1.17,29,29,1.6,1.39,2.99,30,True,False,False,False,False,False,False,1.82,3.03,1.25,2.75,1.47,2.49,3.47,2.91,,,1.94,1.85,2.38,1.54,1.36,3.26
Norway_Eliteserien_2025,2025,12,Sandefjord,Rosenborg,2025-07-06 12:30:00,2,0,2,2,3,5,2,3,0,0,6,3,8,9,14,12,11,13,55,45,Komplett Arena,"Nygårdsveien 84, Sandefjord",2,3,2.24,3.65,2.8,1.15,1.57,2.5,1.49,2.5,1.33,1.65,3.06,2.1,1.3,2.27,3.5,1.55,2,2,0,0,0,0,2,342,0,37,0,-1,2,1,1,0,1,3,1,4,1,0,1,3,1,4,1,47,33,116,81,1.65,1.21,2.86,0,0,0,0,0,0,1,1,0,0,1,0,0,0,1,18,26,1,13,11,1,5,9,65,92,47,92,2.27,1.0,3.0,1.67,1.64,1.77,35,9,1.72,1.35,3.07,30,True,True,False,False,False,False,False,1.62,2.50,1.19,2.47,1.56,2.30,3.73,3.03,,,1.60,2.24,,,1.35,3.31
Norway_Eliteserien_2025,2025,12,KFUM,Bryne,2025-07-06 12:30:00,1,1,2,7,2,9,2,0,0,1,3,3,11,4,14,7,12,4,69,31,KFUM Arena,"Ekebergveien 101, Oslo",2,2,1.73,3.66,4.4,1.3,1.95,3.0,1.79,1.93,1.46,1.8,2.45,1.9,1.4,2.8,2.76,1.37,2,0,0,1,1,2,0,-1,0,60,0,-1,2,1,5,2,2,0,7,2,0,0,2,1,0,3,1,104,18,144,76,1.85,0.79,2.64,0,1,0,1,0,0,1,1,0,0,1,0,0,0,1,24,9,1,4,11,1,6,15,70,90,60,80,1.33,0.6,1.2,0.8,1.0,1.27,30,10,1.22,1.04,2.26,30,True,True,False,False,False,False,True,2.04,3.58,1.33,,,1.85,3.62,4.61,,,1.94,1.85,2.39,1.54,,
Norway_Eliteserien_2025,2025,12,Sarpsborg 08,Haugesund,2025-07-06 12:30:00,3,1,4,19,1,20,1,1,0,0,6,6,13,6,19,12,11,19,61,39,Sarpsborg Stadion,"Haftor Joenssonsgata 19, Sarpsborg",1,1,1.37,5.0,7.2,1.1,1.36,1.91,1.55,2.3,1.32,1.53,3.05,2.28,1.19,1.93,4.33,1.8,4,0,1,3,0,3,1,340,0,55,0,-1,2,1,13,1,6,0,14,6,0,0,1,1,0,2,1,88,26,101,54,2.24,1.36,3.61,1,0,1,0,0,0,1,1,0,1,3,0,0,0,1,25,21,1,18,11,1,6,12,54,74,27,90,1.27,0.27,1.0,0.0,1.55,0.17,47,27,1.62,1.04,2.66,30,True,True,True,True,False,False,True,1.42,2.07,1.13,2.12,1.78,1.39,5.28,7.97,,,1.54,2.34,,,,
Norway_Eliteserien_2025,2025,13,FK Bodo - Glimt,Sandefjord,2025-07-12 14:00:00,2,0,2,4,1,5,0,4,0,0,5,1,19,3,24,4,6,14,62,38,Aspmyra Stadion,"Håloglandsgata 30, Bodø",0,4,1.22,6.0,8.0,1.09,1.33,1.8,1.54,2.25,1.27,1.49,3.68,2.63,1.18,1.9,4.6,1.91,2,0,0,2,0,2,0,332,0,50,0,-1,2,1,2,0,2,1,2,3,0,3,0,1,3,1,1,91,15,107,63,2.51,0.44,2.95,1,0,1,0,0,0,1,1,0,0,0,0,0,0,1,21,16,1,13,6,1,3,15,84,84,59,67,2.47,0.93,2.0,0.5,1.82,1.75,17,17,2.3,1.41,3.71,30,True,True,False,False,False,False,False,1.35,1.93,1.11,1.96,1.89,1.30,6.38,8.62,,,1.48,2.52,,,,
Norway_Eliteserien_2025,2025,13,Fredrikstad,Molde,2025-07-12 16:00:00,4,2,6,7,4,11,1,3,0,0,6,6,7,5,13,11,5,8,43,57,Nye Fredrikstad Stadion,"K.G. Mehldalsvei 7, Kråkerøy, Fredrikstad",1,3,2.52,3.3,2.72,1.32,2.05,3.45,1.8,1.9,1.44,1.92,2.56,2.1,1.43,2.65,2.9,1.38,6,0,1,4,1,5,1,1471,0,29,0,-1,-1,1,-1,-1,-1,-1,-1,-1,1,1,0,2,2,2,1,70,31,91,78,1.74,1.34,3.09,0,0,0,0,0,0,1,1,0,1,-1,-1,1,0,1,21,16,1,8,5,1,9,6,50,71,43,79,1.67,0.93,1.86,1.43,1.38,1.08,50,29,1.24,1.23,2.47,30,True,True,True,True,True,True,True,2.14,3.84,1.35,3.15,1.38,2.68,3.22,2.85,,,1.76,2.04,2.56,1.46,1.43,2.90
Norway_Eliteserien_2025,2025,13,Bryne,Vålerenga,2025-07-13 12:30:00,1,0,1,6,2,8,2,1,0,0,6,4,9,8,15,12,11,10,50,50,Bryne Stadion,"Industrivegen, Bryne",2,1,2.6,3.25,2.45,1.22,1.75,2.74,1.62,2.2,1.27,1.57,3.05,2.42,1.31,2.5,3.04,1.46,1,0,0,1,0,1,0,1477,0,55,0,-1,2,1,3,0,3,2,3,5,0,1,2,0,1,2,1,49,55,101,90,1.72,1.44,3.16,0,0,0,0,0,0,1,1,0,0,1,0,0,0,1,29,23,1,10,11,1,8,9,48,85,41,79,1.47,0.87,1.67,1.43,1.25,1.15,52,16,1.52,1.19,2.71,30,True,False,False,False,False,False,False,1.77,2.87,1.23,2.69,1.49,2.66,3.53,2.66,,,1.57,2.32,,,1.35,3.33
Norway_Eliteserien_2025,2025,13,Haugesund,KFUM,2025-07-13 15:00:00,0,2,2,3,11,14,0,1,0,0,4,4,5,12,9,16,11,5,54,46,Haugesund Stadion,"Karmsundggaten 169, Haugesund",0,1,4.4,3.5,1.81,1.28,2.16,3.6,1.91,1.77,1.47,2.01,2.69,2.01,1.48,2.9,2.72,1.35,2,0,1,0,1,1,1,1524,0,34,0,-1,2,1,2,6,1,5,8,6,0,0,0,1,0,1,1,41,52,96,96,1.15,1.66,2.82,0,0,0,0,0,0,1,1,0,0,0,2,0,0,1,20,13,1,5,11,1,11,7,50,67,33,50,0.33,1.0,0.33,0.83,0.15,1.0,50,33,1.13,1.01,2.14,30,True,True,False,False,False,False,False,2.14,3.79,1.37,3.22,1.37,4.62,3.62,1.85,,,1.78,2.01,,,1.46,2.84
Norway_Eliteserien_2025,2025,13,Strømsgodset,Tromsø,2025-07-13 15:00:00,2,3,5,4,4,8,1,0,0,0,3,9,7,11,10,20,12,8,42,58,Marienlyst Stadion,"Schwartzgata 2, Drammen",1,0,3.5,3.55,2.08,1.23,1.85,2.62,1.62,2.15,1.31,1.88,2.95,2.17,1.33,2.61,3.3,1.52,5,1,2,1,1,2,3,331,0,59,0,-1,2,1,2,1,2,3,3,5,1,0,0,0,1,0,1,36,72,109,129,1.11,2.41,3.53,0,0,0,0,0,0,1,1,0,1,0,0,0,0,1,19,13,1,8,12,1,13,5,67,84,17,92,0.67,1.73,0.0,2.17,0.5,2.08,33,17,1.59,1.0,2.59,30,True,True,True,True,True,False,True,,,,2.64,1.51,3.59,3.74,2.05,,,1.69,2.13,,,1.33,3.30
Norway_Eliteserien_2025,2025,13,Kristiansund,Sarpsborg 08,2025-07-13 15:00:00,0,0,0,4,12,16,1,3,1,0,3,9,3,23,6,32,3,6,31,69,Kristiansund Stadion,"Hærnøsandveien 19, Kristiansund",3,3,2.6,3.6,2.28,1.07,1.42,2.0,1.38,2.8,1.29,1.48,3.49,2.4,1.33,2.13,3.28,1.65,0,0,0,0,0,0,0,-1,0,59,0,-1,2,1,2,6,2,6,8,8,1,1,1,2,2,3,1,22,135,56,136,0.75,3.6,4.35,0,0,0,0,0,0,1,1,0,0,2,0,0,0,1,14,30,1,6,3,1,26,2,42,75,42,59,1.27,1.47,1.17,2.0,1.29,1.67,59,25,1.37,1.5,2.87,30,False,False,False,False,False,False,False,1.47,2.14,1.14,2.19,1.72,2.82,3.92,2.36,,,,,,,1.33,3.28
Norway_Eliteserien_2025,2025,13,Rosenborg,HamKam,2025-07-13 15:00:00,2,0,2,9,6,15,0,2,0,0,5,0,5,11,10,11,6,12,53,47,Lerkendal Stadion,"Klæbuveien 125, Trondheim",0,2,0.0,0.0,0.0,1.2,1.64,2.55,1.7,2.03,1.25,1.54,3.4,2.33,1.27,2.4,3.3,1.6,2,2,0,0,0,0,2,72,0,38,0,-1,-1,1,-1,-1,-1,-1,-1,-1,0,0,0,2,0,2,1,0,0,0,0,1.36,1.05,2.41,1,0,1,0,0,0,1,1,0,0,-1,-1,0,0,1,15,18,1,11,6,1,10,5,32,79,9,79,1.8,0.87,1.86,0.83,1.64,1.08,68,22,1.79,1.27,3.06,30,True,True,False,False,False,False,False,1.62,2.65,1.21,2.48,1.57,1.47,4.80,6.69,,,,,,,1.35,3.34
Norway_Eliteserien_2025,2025,13,Brann,Viking,2025-07-13 17:15:00,3,1,4,5,2,7,2,4,1,0,4,3,12,5,16,8,12,14,44,56,Brann Stadion,"Kniksens plass 1, Bergen",3,4,2.21,3.4,2.98,1.18,1.6,2.45,1.5,2.45,1.25,1.56,3.68,2.64,1.27,2.49,3.68,1.57,4,2,0,1,1,2,2,336,0,67,0,-1,2,1,4,1,1,1,5,2,0,1,3,3,1,6,1,53,54,102,97,1.67,1.11,2.79,0,0,0,0,0,0,1,1,0,0,0,0,0,0,1,36,35,1,14,12,1,6,7,66,73,41,81,2.2,2.2,2.13,2.29,1.93,2.4,34,27,1.99,1.66,3.65,30,True,True,True,True,False,False,True,1.66,2.56,1.21,2.53,1.55,2.24,3.77,3.11,,,,,,,,
Norway_Eliteserien_2025,2025,5,Fredrikstad,FK Bodo - Glimt,2025-07-16 16:00:00,0,1,1,3,8,11,0,1,0,0,3,6,6,19,9,25,11,9,26,74,Nye Fredrikstad Stadion,"K.G. Mehldalsvei 7, Kråkerøy, Fredrikstad",0,1,5.0,4.25,1.62,1.17,1.57,2.55,1.55,2.2,1.31,1.6,3.2,2.3,1.29,2.25,3.0,1.44,1,0,0,0,1,1,0,332,0,49,0,-1,2,1,1,2,2,6,3,8,0,0,0,1,0,1,1,42,93,82,123,1.09,2.66,3.74,0,0,0,0,0,0,1,1,0,0,0,0,0,0,1,18,23,1,9,11,1,15,9,49,78,23,94,1.67,2.2,2.0,1.6,1.5,1.92,52,23,1.3,1.72,3.02,30,True,False,False,False,False,False,False,1.62,2.54,1.20,2.39,1.61,5.06,4.36,1.64,2.35,1.63,,,,,1.35,3.33
Norway_Eliteserien_2025,2025,14,Sarpsborg 08,Rosenborg,2025-07-18 16:00:00,2,2,4,4,1,5,2,5,0,0,7,4,9,9,16,13,15,15,53,47,Sarpsborg Stadion,"Haftor Joenssonsgata 19, Sarpsborg",2,5,2.45,3.6,2.53,1.18,1.55,2.5,1.56,2.38,1.33,1.56,3.08,2.34,1.29,2.2,3.4,1.53,4,1,2,1,0,1,3,-1,0,48,0,-1,2,1,1,1,3,0,2,3,1,1,1,4,2,5,1,53,47,111,112,1.89,1.45,3.33,1,0,1,0,0,0,1,1,0,1,0,0,0,1,1,22,8,1,14,15,1,2,6,47,85,30,85,1.27,1.0,1.33,1.43,1.62,1.73,54,16,1.73,1.33,3.06,30,True,True,True,True,False,False,True,1.67,2.60,1.21,2.51,1.55,2.60,3.58,2.71,2.51,1.56,1.56,2.31,,,,
Norway_Eliteserien_2025,2025,14,KFUM,Brann,2025-07-19 12:00:00,2,0,2,4,11,15,1,4,1,1,3,0,7,14,10,14,9,14,45,55,KFUM Arena,"Ekebergveien 101, Oslo",2,5,2.62,3.35,2.58,1.26,1.9,3.46,1.67,2.08,1.55,2.15,2.3,1.83,1.4,2.8,2.7,1.38,2,2,0,0,0,0,2,1524,0,59,0,-1,2,1,4,3,0,8,7,8,0,0,2,5,0,7,1,48,66,84,106,1.19,1.36,2.55,0,0,0,0,0,0,1,1,0,0,1,2,0,0,1,16,18,1,14,9,1,10,8,67,92,50,67,1.33,1.53,1.17,1.67,1.15,2.0,33,9,1.32,1.81,3.13,30,True,True,False,False,False,False,False,2.00,3.43,1.30,2.98,1.41,2.69,3.44,2.69,2.15,1.75,1.92,1.88,2.39,1.52,1.40,3.03
Norway_Eliteserien_2025,2025,14,Molde,Strømsgodset,2025-07-19 14:00:00,4,1,5,6,5,11,2,0,0,0,4,2,9,3,13,5,9,5,62,38,Aker Stadion,"Julsundveien 14, Reknes, Molde",2,0,1.41,4.75,7.14,1.08,1.4,1.97,1.49,2.25,1.28,1.5,3.22,2.3,1.2,2.07,4.1,1.8,5,3,1,1,0,1,4,333,0,50,0,-1,2,1,4,1,2,4,5,6,0,0,2,0,0,2,1,72,32,120,64,1.63,0.69,2.32,0,0,0,0,0,0,1,1,0,0,2,0,0,0,1,12,20,1,5,9,1,5,7,67,75,33,92,1.67,0.67,0.67,1.0,1.0,0.46,34,25,1.53,1.29,2.82,30,True,True,True,True,True,False,True,1.50,2.12,1.16,2.11,1.76,1.43,5.09,7.20,2.29,1.66,1.52,2.43,,,,
Norway_Eliteserien_2025,2025,14,Viking,FK Bodo - Glimt,2025-07-19 16:00:00,2,4,6,4,4,8,0,3,0,0,5,8,8,8,13,16,14,15,36,64,,,0,3,3.15,3.9,2.08,1.14,1.44,2.15,1.4,2.7,1.26,1.49,3.42,2.5,1.22,2.07,3.9,1.71,6,2,3,0,1,1,5,332,0,57,0,-1,2,1,2,1,2,3,3,5,0,0,0,3,0,3,1,26,52,46,97,1.35,1.95,3.3,1,0,1,0,0,0,1,1,1,1,0,0,0,0,1,18,15,1,14,14,1,8,8,63,71,21,79,2.53,2.2,2.5,1.83,2.25,2.0,38,29,2.26,1.88,4.14,30,True,True,True,True,True,True,True,1.48,2.19,1.14,2.20,1.70,3.27,4.12,2.06,2.86,1.45,1.49,2.50,,,,
Norway_Eliteserien_2025,2025,14,Vålerenga,Haugesund,2025-07-20 12:30:00,3,0,3,10,7,17,1,3,0,0,13,4,17,4,30,8,11,13,49,51,Intility Arena,"Innspurten 1, Oslo",1,3,1.3,5.0,7.7,1.11,1.44,2.16,1.65,2.12,1.29,1.48,3.3,2.5,1.2,2.0,4.1,1.62,3,0,0,3,0,3,0,327,0,70,0,-1,2,1,3,6,7,1,9,8,0,0,1,3,0,4,1,61,29,81,75,3.22,1.0,4.22,0,0,0,0,0,0,1,1,0,0,1,0,0,0,1,21,16,1,13,11,1,4,12,61,86,48,100,1.87,0.27,0.83,0.0,1.07,0.14,40,15,1.9,1.09,2.99,30,True,True,True,False,False,False,False,1.44,2.08,1.14,2.15,1.73,1.32,5.90,8.73,2.13,1.76,1.50,2.49,,,,
Norway_Eliteserien_2025,2025,14,Sandefjord,Kristiansund,2025-07-20 15:00:00,6,0,6,6,7,13,1,0,0,0,6,3,9,7,15,10,9,5,70,30,Komplett Arena,"Nygårdsveien 84, Sandefjord",1,0,1.49,4.6,5.7,1.08,1.4,2.35,1.53,2.3,1.32,1.7,3.35,2.5,1.3,2.2,3.6,1.6,6,4,0,2,0,2,4,342,0,54,0,-1,2,1,4,1,2,6,5,8,0,0,1,0,0,1,1,47,23,105,57,1.71,1.01,2.72,0,0,0,0,0,0,1,1,1,0,0,0,0,0,1,16,14,1,5,9,1,6,7,65,88,46,88,2.27,1.07,3.0,1.38,1.62,1.27,36,13,1.71,1.12,2.83,30,True,True,True,True,True,True,False,1.46,2.09,1.14,,,1.48,4.94,6.32,2.41,1.60,1.49,2.50,,,,
Norway_Eliteserien_2025,2025,14,Tromsø,Bryne,2025-07-20 15:00:00,3,1,4,5,3,8,1,3,0,0,6,6,6,4,12,10,9,7,52,48,,,1,3,1.55,3.97,5.9,1.25,1.88,3.1,1.97,1.85,1.5,1.8,2.4,1.91,1.33,2.63,2.95,1.44,4,1,0,2,1,3,1,331,0,59,0,-1,2,1,4,1,1,2,5,3,1,2,0,1,3,1,1,57,33,112,122,1.6,1.31,2.9,1,0,1,0,0,0,1,1,0,0,2,0,0,0,1,21,22,1,6,9,1,6,8,50,75,25,67,2.07,0.6,2.0,0.83,2.15,1.38,50,25,1.56,1.0,2.56,30,True,True,True,True,False,False,True,1.86,3.10,1.27,2.85,1.45,1.54,4.08,7.04,1.93,1.92,,,,,1.38,3.16
Norway_Eliteserien_2025,2025,14,HamKam,Fredrikstad,2025-07-20 17:15:00,1,1,2,9,4,13,0,1,0,0,2,6,10,6,12,12,13,11,44,56,Briskeby Arena,"Arenavegen 2, Briskebyen, Hamar",0,1,2.86,3.2,2.64,1.38,2.05,3.7,1.72,1.97,1.3,1.79,3.22,2.22,1.42,2.9,2.62,1.36,2,1,0,0,1,1,1,-1,0,58,0,-1,2,1,4,3,5,1,7,6,0,0,0,1,0,1,1,40,54,90,125,1.19,1.58,2.77,0,0,0,0,0,0,1,1,0,0,0,1,0,0,1,27,18,1,11,13,1,7,14,50,67,50,75,1.6,1.13,1.33,0.83,1.0,1.4,50,34,1.24,1.3,2.54,30,True,True,False,False,False,False,True,2.10,3.77,1.34,3.10,1.39,2.96,3.30,2.55,2.07,1.81,1.62,2.22,,,1.43,2.92
Norway_Eliteserien_2025,2025,15,Fredrikstad,Strømsgodset,2025-07-25 17:00:00,3,2,5,7,1,8,1,1,0,0,5,4,16,6,21,10,12,9,55,45,Nye Fredrikstad Stadion,"K.G. Mehldalsvei 7, Kråkerøy, Fredrikstad",1,1,1.65,4.25,5.1,1.18,1.57,2.3,1.61,2.4,1.21,1.41,3.58,2.6,1.25,2.2,3.45,1.62,5,2,1,1,1,2,3,1471,0,45,0,-1,2,1,4,1,3,0,5,3,0,1,1,0,1,1,1,80,23,105,90,2.24,1.09,3.33,0,0,0,0,0,0,1,1,0,0,0,1,0,0,1,31,8,1,9,12,1,6,11,60,77,33,82,1.67,0.67,1.78,0.86,1.38,0.43,41,24,1.28,1.2,2.48,30,True,True,True,True,True,False,True,1.58,2.47,1.18,2.38,1.61,1.70,4.19,4.74,2.40,1.61,1.46,2.55,,,,
Norway_Eliteserien_2025,2025,15,Sandefjord,Sarpsborg 08,2025-07-26 14:00:00,3,2,5,4,5,9,4,4,0,0,10,7,13,7,23,14,11,10,56,44,Komplett Arena,"Nygårdsveien 84, Sandefjord",4,4,1.85,3.75,3.0,1.12,1.4,1.93,1.38,2.8,1.38,1.6,3.3,2.48,1.2,2.05,3.9,1.7,5,2,0,1,2,3,2,342,0,43,0,-1,2,1,0,2,4,3,2,7,0,2,4,2,2,6,1,35,43,96,81,2.4,1.68,4.08,0,2,0,2,0,0,1,1,0,0,0,0,0,0,1,25,17,1,10,9,1,4,11,57,86,57,79,2.27,1.47,3.0,1.86,1.71,1.57,43,15,1.71,1.8,3.51,30,True,True,True,True,True,False,True,1.44,2.07,1.13,,,2.04,4.15,3.30,2.99,1.42,1.62,2.25,,,,
Norway_Eliteserien_2025,2025,15,Kristiansund,KFUM,2025-07-26 14:00:00,0,5,5,3,3,6,3,1,0,0,1,7,5,7,6,14,15,12,55,45,,,3,1,3.9,3.65,1.75,1.25,1.72,3.0,1.6,2.15,1.42,1.65,2.71,2.04,1.36,2.6,2.88,1.45,5,0,2,0,3,3,2,1524,0,43,0,-1,2,1,1,3,2,0,4,2,1,1,2,0,2,2,1,42,29,113,63,0.77,1.58,2.35,0,0,0,0,0,0,1,1,0,1,0,0,0,0,1,21,16,1,12,15,1,5,5,36,64,29,50,1.27,1.0,1.14,1.14,1.19,1.29,64,36,1.28,1.1,2.38,30,True,True,True,True,True,False,False,1.83,3.04,1.25,2.81,1.46,4.20,3.70,1.90,2.18,1.72,1.73,2.04,,,1.37,3.19
Norway_Eliteserien_2025,2025,15,Haugesund,HamKam,2025-07-26 14:00:00,0,3,3,5,8,13,0,0,0,0,4,4,7,6,11,10,10,8,49,51,Haugesund Stadion,"Karmsundggaten 169, Haugesund",0,0,3.2,3.35,2.18,1.28,1.72,2.87,1.62,2.1,1.22,1.43,3.4,2.54,1.33,2.6,3.19,1.44,3,0,2,0,1,1,2,1475,0,22,0,-1,2,-1,1,2,4,6,3,10,0,0,0,0,0,0,1,45,47,104,97,1.31,1.26,2.57,0,0,0,0,0,0,1,1,0,0,0,0,-1,-1,1,15,23,1,8,10,1,8,5,43,86,29,79,0.33,0.87,0.29,0.71,0.13,1.0,57,15,1.14,1.24,2.38,30,True,True,True,False,False,False,False,1.86,3.10,1.26,2.82,1.46,3.56,3.54,2.13,2.25,1.68,1.47,2.54,,,1.37,3.19
Norway_Eliteserien_2025,2025,15,FK Bodo - Glimt,Vålerenga,2025-07-26 16:00:00,7,2,9,6,1,7,0,0,0,0,13,2,10,3,23,5,13,9,64,36,Aspmyra Stadion,"Håloglandsgata 30, Bodø",0,0,1.27,6.53,8.87,1.03,1.24,1.62,1.55,2.25,1.3,1.55,3.2,2.3,1.13,1.72,4.75,1.97,9,2,1,5,1,6,3,332,0,34,0,-1,2,-1,3,1,3,0,4,3,0,0,0,0,0,0,1,81,34,110,67,2.94,0.71,3.64,0,0,0,0,0,0,1,1,1,1,1,1,-1,-1,1,19,14,1,9,13,1,9,7,56,88,35,61,2.47,0.87,2.14,1.25,2.07,1.2,45,13,2.33,1.22,3.55,30,True,True,True,True,True,True,True,1.27,1.72,1.10,1.78,2.08,1.27,6.75,9.38,2.45,1.57,1.49,2.50,,,,
Norway_Eliteserien_2025,2025,15,Rosenborg,Tromsø,2025-07-27 12:30:00,4,1,5,4,7,11,2,3,0,1,5,2,6,6,11,8,12,20,48,52,Lerkendal Stadion,"Klæbuveien 125, Trondheim",2,5,2.15,3.3,3.3,1.28,1.88,2.85,1.7,2.18,1.52,1.8,2.4,1.91,1.38,2.95,2.8,1.42,5,2,0,2,1,3,2,72,0,55,0,-1,2,1,3,3,1,4,6,5,1,1,1,3,2,4,1,31,44,98,116,1.28,0.98,2.26,1,0,1,0,0,0,1,1,0,0,3,0,1,0,1,13,19,1,19,12,1,5,5,42,67,28,75,1.8,1.73,2.0,2.29,1.69,2.21,59,34,1.74,1.2,2.94,30,True,True,True,True,True,False,True,1.91,3.21,1.28,2.95,1.42,2.19,3.55,3.40,2.18,1.72,,,,,1.40,3.05
Norway_Eliteserien_2025,2025,15,Bryne,Viking,2025-07-27 12:30:00,1,3,4,2,5,7,2,2,0,0,5,5,8,4,13,9,15,16,48,52,Bryne Stadion,"Industrivegen, Bryne",2,2,3.9,3.85,1.8,1.16,1.57,2.25,1.52,2.53,1.25,1.55,3.4,2.4,1.29,2.3,3.2,1.57,4,0,1,1,2,3,1,335,0,66,0,-1,2,1,2,1,0,4,3,4,2,0,0,2,2,2,1,44,49,92,91,1.49,1.28,2.77,0,0,0,0,0,0,1,1,0,1,0,0,0,0,1,27,24,1,16,15,1,7,7,60,73,54,87,1.47,2.2,1.86,2.0,1.29,2.12,41,27,1.55,1.59,3.14,30,True,True,True,True,False,False,True,1.62,2.51,1.19,2.43,1.58,3.61,3.86,2.01,2.53,1.56,1.49,2.50,,,,
Norway_Eliteserien_2025,2025,6,FK Bodo - Glimt,Strømsgodset,2025-07-30 17:00:00,1,0,1,8,1,9,0,1,0,0,5,2,14,6,19,8,4,10,70,30,Aspmyra Stadion,"Håloglandsgata 30, Bodø",0,1,1.04,9.5,18.0,1.01,1.18,1.46,1.8,1.91,1.25,1.48,3.7,2.78,1.11,1.57,5.5,2.25,1,1,0,0,0,0,1,332,0,51,0,-1,2,1,1,0,7,1,1,8,0,0,0,1,0,1,1,105,17,134,63,2.3,0.77,3.08,0,0,0,0,0,0,1,1,0,0,0,0,0,0,1,9,16,1,10,4,1,3,18,88,94,57,82,2.47,0.67,2.25,0.75,2.13,0.4,13,7,2.42,1.19,3.61,30,True,False,False,False,False,False,False,1.17,1.46,,1.58,2.39,1.10,12.28,20.13,1.95,1.86,1.44,2.62,,,,
Norway_Eliteserien_2025,2025,16,Tromsø,Fredrikstad,2025-08-02 14:00:00,0,0,0,1,5,6,0,4,0,0,5,3,7,9,12,12,14,15,55,45,,,0,4,1.78,3.4,3.8,1.2,1.74,3.0,1.62,1.93,1.45,1.96,2.9,1.95,1.32,2.5,2.95,1.45,0,0,0,0,0,0,0,-1,0,50,0,-1,2,1,1,0,0,5,1,5,0,1,0,3,1,3,1,57,35,103,84,1.52,1.22,2.75,0,0,0,0,0,0,1,1,0,0,0,0,0,0,1,24,21,1,15,14,1,9,11,43,57,15,64,2.07,1.13,2.14,0.86,2.07,1.47,57,43,1.56,1.34,2.9,30,False,False,False,False,False,False,False,1.75,2.92,1.24,2.71,1.48,1.67,4.05,5.25,2.14,1.75,1.75,2.05,2.61,1.45,1.35,3.31
Norway_Eliteserien_2025,2025,16,Sarpsborg 08,Brann,2025-08-02 16:00:00,1,4,5,3,14,17,1,0,0,0,4,11,9,20,13,31,9,12,34,66,Sarpsborg Stadion,"Haftor Joenssonsgata 19, Sarpsborg",1,0,2.74,3.6,2.37,1.14,1.44,2.18,1.42,2.62,1.29,1.7,3.3,2.3,1.25,2.1,3.5,1.65,5,0,1,1,3,4,1,336,0,57,0,-1,2,1,1,9,2,5,10,7,0,0,1,0,0,1,1,41,104,51,132,1.39,3.46,4.85,0,0,0,0,0,0,1,1,0,0,0,1,0,0,1,23,19,1,12,9,1,12,7,57,93,43,86,1.27,1.53,1.29,1.43,1.47,1.88,43,7,1.75,1.73,3.48,30,True,True,True,True,True,False,True,1.49,2.19,1.14,2.21,1.69,2.78,3.93,2.38,3.00,1.42,1.48,2.52,,,,
Norway_Eliteserien_2025,2025,16,HamKam,FK Bodo - Glimt,2025-08-03 12:30:00,1,3,4,5,9,14,2,0,0,0,4,5,5,9,9,14,11,7,35,65,Briskeby Arena,"Arenavegen 2, Briskebyen, Hamar",2,0,8.0,5.95,1.36,1.08,1.44,2.02,1.71,2.04,1.3,1.52,3.2,2.45,1.22,2.0,3.9,1.7,4,0,2,1,1,2,2,332,0,72,0,-1,2,1,1,5,4,4,6,8,1,0,1,0,1,1,1,21,66,77,111,1.01,1.71,2.72,0,0,0,0,0,0,1,1,0,1,0,0,0,0,1,17,15,1,7,11,1,10,7,57,79,43,86,1.6,2.2,1.29,2.0,1.13,2.19,43,22,1.23,1.89,3.12,30,True,True,True,True,False,False,True,1.42,2.09,1.13,2.12,1.77,8.66,5.91,1.33,2.18,1.72,1.50,2.45,,,,
Norway_Eliteserien_2025,2025,16,Vålerenga,Sandefjord,2025-08-03 15:00:00,2,1,3,7,11,18,0,2,0,0,5,6,11,12,16,18,16,15,39,61,Intility Arena,"Innspurten 1, Oslo",0,2,2.12,3.7,3.35,1.11,1.44,2.13,1.37,2.62,1.29,1.55,2.88,2.23,1.26,2.05,4.0,1.62,3,0,0,2,1,3,0,327,0,64,0,-1,2,1,3,2,4,9,5,13,0,0,0,2,0,2,1,48,49,88,110,1.7,1.91,3.62,0,1,0,1,0,0,1,1,0,0,0,0,0,0,1,20,22,1,15,15,1,8,10,57,86,50,65,1.87,0.93,1.14,0.43,1.13,1.8,43,15,2.09,1.27,3.36,30,True,True,True,False,False,False,True,1.46,2.15,1.14,2.18,1.72,2.07,3.95,3.36,3.03,1.41,1.60,2.25,,,,
Norway_Eliteserien_2025,2025,16,KFUM,Rosenborg,2025-08-03 15:00:00,4,1,5,3,3,6,2,1,0,0,5,2,7,2,12,4,15,10,58,42,KFUM Arena,"Ekebergveien 101, Oslo",2,1,2.46,3.45,2.98,1.33,2.07,3.78,1.8,1.93,1.51,2.01,2.17,1.72,1.45,3.03,2.7,1.38,5,1,0,3,1,4,1,1524,0,48,0,-1,2,1,2,3,1,0,5,1,1,0,1,1,1,2,1,50,44,96,78,1.47,0.72,2.19,0,1,0,1,0,0,1,1,0,0,2,0,0,0,1,12,15,1,10,14,1,9,9,54,87,54,73,1.33,1.0,1.43,1.38,1.4,1.76,47,14,1.3,1.34,2.64,30,True,True,True,True,True,False,True,2.14,3.78,1.36,3.19,1.38,2.55,3.30,2.95,2.02,1.84,2.09,1.71,2.25,1.62,1.45,2.86
Norway_Eliteserien_2025,2025,16,Strømsgodset,Haugesund,2025-08-03 15:00:00,2,0,2,5,4,9,1,0,0,0,11,3,11,3,22,6,10,12,57,43,Marienlyst Stadion,"Schwartzgata 2, Drammen",1,0,1.32,5.49,6.5,1.08,1.42,2.08,1.55,2.3,1.23,1.42,4.05,2.88,1.25,2.0,4.0,1.8,2,1,0,1,0,1,1,337,0,54,0,-1,2,1,2,3,3,1,5,4,1,0,0,0,1,0,1,54,40,111,85,2.55,0.89,3.43,0,0,0,0,0,0,1,1,0,0,0,0,0,0,1,21,15,1,12,10,1,8,10,73,88,20,94,0.67,0.27,0.0,0.0,0.38,0.13,27,13,1.52,1.08,2.6,30,True,True,False,False,False,False,False,1.42,2.08,1.13,2.13,1.76,1.40,5.48,7.28,2.39,1.61,,,,,,
Norway_Eliteserien_2025,2025,16,Molde,Bryne,2025-08-03 15:00:00,2,0,2,14,2,16,2,0,0,0,6,2,11,6,17,8,9,12,67,33,Aker Stadion,"Julsundveien 14, Reknes, Molde",2,0,1.6,4.0,5.25,1.14,1.58,2.53,1.62,2.1,1.3,1.92,3.02,2.22,1.29,2.23,3.76,1.57,2,0,0,2,0,2,0,333,0,64,0,-1,-1,1,-1,-1,-1,-1,-1,-1,1,0,1,0,1,1,1,64,36,143,82,1.96,0.91,2.88,0,0,0,0,0,0,1,1,0,0,-1,-1,0,0,1,23,21,1,12,9,1,4,7,57,86,43,93,1.67,0.6,1.0,0.71,1.13,1.2,43,15,1.54,1.04,2.58,30,True,True,False,False,False,False,False,1.61,2.54,1.19,2.45,1.59,1.65,4.26,5.14,2.36,1.62,1.71,2.10,,,,
Norway_Eliteserien_2025,2025,17,Molde,HamKam,2025-08-09 14:00:00,1,0,1,10,2,12,0,0,0,0,7,3,16,5,23,8,10,13,54,46,Aker Stadion,"Julsundveien 14, Reknes, Molde",0,0,1.4,5.2,7.75,1.18,1.52,2.45,1.73,2.0,1.22,1.43,3.5,2.54,1.3,2.3,3.33,1.5,1,1,0,0,0,0,1,333,0,38,0,-1,2,-1,6,1,4,1,7,5,0,0,0,0,0,0,1,44,36,96,107,2.25,0.99,3.24,0,0,0,0,0,0,1,1,0,0,4,0,-1,-1,1,16,19,1,13,10,1,5,8,50,88,38,94,1.67,0.87,1.25,1.0,1.25,1.06,50,13,1.59,1.24,2.83,30,True,False,False,False,False,False,False,,,,2.28,1.66,1.38,5.52,7.69,2.11,1.77,,,,,1.33,3.33
Norway_Eliteserien_2025,2025,17,FK Bodo - Glimt,Tromsø,2025-08-09 17:15:00,1,1,2,12,3,15,0,1,0,0,2,3,9,2,11,5,8,7,62,38,Aspmyra Stadion,"Håloglandsgata 30, Bodø",0,1,1.4,4.6,6.0,1.14,1.46,1.93,1.62,2.2,1.42,1.7,2.84,2.15,1.25,2.04,3.7,1.8,2,1,1,0,0,0,2,-1,0,54,0,-1,2,1,3,3,9,0,6,9,0,0,0,1,0,1,1,68,23,105,61,1.33,0.7,2.03,1,0,1,0,0,0,1,1,0,0,1,0,0,0,1,21,17,1,6,8,1,2,7,77,82,53,83,2.47,1.73,2.33,2.0,2.24,2.0,24,18,2.4,1.18,3.58,30,True,True,False,False,False,False,True,1.45,2.15,1.14,2.13,1.75,1.41,5.33,7.14,2.28,1.66,1.68,2.14,,,,
Norway_Eliteserien_2025,2025,17,Bryne,KFUM,2025-08-10 15:00:00,0,0,0,2,2,4,1,2,0,0,2,2,3,3,5,5,14,9,45,55,Bryne Stadion,"Industrivegen, Bryne",1,2,3.1,3.1,2.3,1.51,2.38,4.89,2.1,1.75,1.55,2.23,2.55,2.0,1.5,3.3,2.38,1.29,0,0,0,0,0,0,0,-1,0,51,0,-1,2,1,1,1,1,1,2,2,1,1,0,1,2,1,1,39,45,115,109,0.76,0.8,1.56,0,0,0,0,0,0,1,1,0,0,1,1,0,0,1,22,14,1,9,14,1,10,7,57,75,44,76,1.47,1.0,1.63,1.38,1.13,1.5,44,25,1.54,1.16,2.7,30,False,False,False,False,False,False,False,2.55,4.89,1.51,3.26,1.36,3.18,3.08,2.54,1.78,2.10,1.97,1.83,2.32,1.55,1.56,2.49
Norway_Eliteserien_2025,2025,17,Haugesund,Sarpsborg 08,2025-08-10 15:00:00,3,2,5,2,11,13,3,1,0,1,5,6,2,23,7,29,16,11,39,61,Haugesund Stadion,"Karmsundggaten 169, Haugesund",3,3,4.5,4.25,1.53,1.13,1.4,2.13,1.56,2.29,1.23,1.32,3.92,2.9,1.18,2.07,3.8,1.67,5,0,0,3,2,5,0,330,0,38,0,-1,2,1,2,5,0,6,7,6,1,0,2,2,1,4,1,27,83,62,116,0.99,2.83,3.83,1,0,1,0,0,0,1,1,0,0,1,0,1,0,1,20,27,1,10,16,1,13,3,50,75,44,63,0.33,1.47,0.25,1.63,0.12,1.38,50,25,1.16,1.79,2.95,30,True,True,True,True,True,False,True,1.47,2.11,1.15,,,5.32,4.62,1.58,2.52,1.56,,,,,,
Norway_Eliteserien_2025,2025,17,Sandefjord,Viking,2025-08-10 17:15:00,1,2,3,0,5,5,1,2,0,0,2,4,6,6,8,10,14,23,53,47,Komplett Arena,"Nygårdsveien 84, Sandefjord",1,2,2.55,3.8,2.5,1.13,1.35,2.03,1.37,2.8,1.26,1.49,3.25,2.4,1.17,1.95,4.33,1.75,3,1,0,0,2,2,1,335,0,58,0,-1,2,1,0,4,0,1,4,1,0,1,1,1,1,2,1,22,49,74,103,0.81,1.27,2.09,0,1,0,1,0,0,1,1,0,0,0,1,0,0,1,16,16,1,23,13,1,6,9,71,89,60,95,2.27,2.2,3.0,2.11,1.69,2.17,29,11,1.8,1.56,3.36,30,True,True,True,False,False,False,True,1.44,2.06,1.13,2.03,1.85,2.56,3.86,2.61,3.19,1.38,1.48,2.53,,,,
Norway_Eliteserien_2025,2025,18,Strømsgodset,FK Bodo - Glimt,2025-08-15 17:00:00,0,5,5,1,16,17,1,0,1,0,1,12,0,18,1,30,5,5,24,76,Marienlyst Stadion,"Schwartzgata 2, Drammen",3,0,7.9,5.9,1.35,1.09,1.29,1.75,1.62,2.5,1.29,1.54,3.4,2.5,1.15,2.06,4.33,1.84,5,0,3,0,2,2,3,332,0,57,0,-1,2,1,1,10,0,6,11,6,2,0,0,0,2,0,1,12,180,44,175,0.23,4.01,4.24,0,0,0,0,0,0,1,1,0,1,0,2,0,0,1,5,11,1,5,5,1,16,2,63,88,26,94,0.67,2.2,0.38,2.13,0.53,2.17,38,13,1.65,1.87,3.52,30,True,True,True,True,True,False,False,1.36,1.93,1.11,2.02,1.86,7.81,5.92,1.35,2.38,1.62,,,,,,
Norway_Eliteserien_2025,2025,18,Tromsø,Brann,2025-08-17 12:30:00,1,2,3,4,4,8,2,3,0,0,4,2,8,8,12,10,15,10,46,54,,,2,3,2.28,3.55,2.85,1.21,1.65,2.45,1.63,2.33,1.45,1.57,2.65,2.05,1.33,2.45,3.25,1.58,3,1,0,0,2,2,1,336,0,50,0,-1,2,1,4,0,0,4,4,4,2,0,0,3,2,3,1,43,56,103,96,1.36,1.18,2.54,0,0,0,0,0,0,1,1,0,0,0,0,0,0,1,22,29,1,10,15,1,7,9,57,75,25,69,2.07,1.53,2.0,1.63,1.94,1.94,44,25,1.56,1.98,3.54,30,True,True,True,False,False,False,True,1.79,2.84,1.24,2.69,1.49,2.28,3.61,3.16,2.33,1.64,1.80,1.99,2.61,1.45,1.35,3.33
Norway_Eliteserien_2025,2025,18,KFUM,Molde,2025-08-17 15:00:00,0,0,0,7,2,9,3,2,0,0,5,0,12,3,17,3,16,9,43,57,KFUM Arena,"Ekebergveien 101, Oslo",3,2,2.7,3.25,2.26,1.29,1.99,3.25,1.83,1.93,1.6,2.5,2.2,1.73,1.42,2.9,2.6,1.35,0,0,0,0,0,0,0,-1,0,51,0,-1,2,1,3,1,4,1,4,5,1,0,2,2,1,4,1,51,34,94,109,1.79,0.46,2.25,0,0,0,0,0,0,1,1,0,0,1,1,0,0,1,14,29,1,9,16,1,5,9,69,82,50,69,1.33,0.93,1.63,1.25,1.47,1.35,32,19,1.32,1.24,2.56,30,False,False,False,False,False,False,False,1.98,3.25,1.29,2.97,1.42,2.99,3.31,2.52,2.21,1.70,2.05,1.72,2.20,1.63,1.41,3.02
Norway_Eliteserien_2025,2025,18,HamKam,Bryne,2025-08-17 15:00:00,1,0,1,5,2,7,2,3,0,0,5,3,6,2,11,5,13,22,49,51,Briskeby Arena,"Arenavegen 2, Briskebyen, Hamar",2,3,2.5,3.05,2.5,1.33,2.02,2.85,1.75,1.9,1.22,1.64,3.35,2.42,1.42,2.85,2.8,1.39,1,0,0,1,0,1,0,1475,0,76,0,-1,2,1,4,1,1,1,5,2,1,0,1,3,1,4,1,51,30,113,106,1.42,0.76,2.18,1,0,1,0,0,0,1,1,0,0,1,0,1,0,1,21,13,1,21,13,1,2,11,57,94,51,82,1.6,0.6,1.13,0.63,1.0,1.12,44,7,1.2,1.03,2.23,30,True,False,False,False,False,False,False,2.07,3.55,1.32,,,2.73,3.35,2.70,2.08,1.79,1.64,2.21,,,,
Norway_Eliteserien_2025,2025,18,Kristiansund,Sandefjord,2025-08-17 15:00:00,2,2,4,8,7,15,3,3,0,0,7,8,9,11,16,19,13,8,34,66,Kristiansund Stadion,"Hærnøsandveien 19, Kristiansund",3,3,2.9,3.95,2.12,1.15,1.5,2.15,1.44,2.63,1.4,1.85,2.98,2.1,1.25,2.05,3.75,1.65,4,0,0,2,2,4,0,-1,0,51,0,-1,2,1,2,5,6,2,7,8,0,1,3,2,1,5,1,40,48,75,114,1.78,2.11,3.89,0,0,0,0,0,0,1,1,0,0,1,4,0,1,1,19,25,1,8,13,1,4,9,51,69,38,44,1.27,0.93,1.0,0.38,1.12,1.59,51,32,1.21,1.35,2.56,30,True,True,True,True,False,False,True,1.51,2.24,1.15,2.25,1.68,3.23,3.91,2.13,2.82,1.46,1.64,2.20,,,,
Norway_Eliteserien_2025,2025,18,Vålerenga,Sarpsborg 08,2025-08-17 17:15:00,4,0,4,5,6,11,1,2,0,0,8,2,10,9,18,11,9,11,49,51,Intility Arena,"Innspurten 1, Oslo",1,2,1.78,4.3,3.85,1.12,1.36,2.15,1.44,2.7,1.25,1.57,3.85,2.7,1.23,2.0,3.8,1.8,4,2,0,2,0,2,2,327,0,71,0,-1,2,1,3,2,2,4,5,6,0,0,1,2,0,3,1,69,59,107,88,2.19,1.26,3.45,0,0,0,0,0,0,1,1,0,0,0,0,0,0,1,19,15,1,11,9,1,9,15,60,89,47,66,1.87,1.47,1.38,1.44,1.24,1.29,41,11,2.04,1.9,3.94,30,True,True,True,True,False,False,False,1.38,1.97,1.11,2.03,1.85,1.83,4.32,3.93,3.13,1.39,,,,,,
Norway_Eliteserien_2025,2025,19,KFUM,HamKam,2025-08-22 17:00:00,2,2,4,2,1,3,1,2,0,0,4,4,8,1,12,5,8,10,59,41,KFUM Arena,"Ekebergveien 101, Oslo",1,2,1.49,3.71,6.0,1.4,2.34,4.33,2.27,1.57,1.48,1.75,2.5,2.12,1.47,3.08,2.5,1.3,4,0,1,2,1,3,1,-1,0,39,0,-1,2,1,1,1,1,0,2,1,0,0,1,2,0,3,1,68,28,138,121,1.54,0.82,2.36,0,0,0,0,0,0,1,1,0,0,1,0,0,0,1,18,22,1,10,8,1,4,9,50,84,39,78,1.33,0.87,1.56,0.89,1.44,1.11,50,17,1.38,1.21,2.59,30,True,True,True,True,False,False,True,2.33,4.33,1.43,3.43,1.33,1.65,3.74,6.14,1.65,2.27,1.77,2.03,,,1.50,2.66
Norway_Eliteserien_2025,2025,19,Haugesund,Vålerenga,2025-08-24 12:30:00,2,3,5,3,1,4,3,2,0,0,6,7,3,6,9,13,10,14,49,51,Haugesund Stadion,"Karmsundggaten 169, Haugesund",3,2,5.6,4.45,1.53,1.16,1.5,2.2,1.6,2.21,1.21,1.48,3.8,2.45,1.25,2.2,3.4,1.58,5,1,1,1,2,3,2,327,0,33,0,-1,2,1,2,0,1,1,2,2,1,0,2,2,1,4,1,29,55,80,89,1.21,1.71,2.91,0,1,0,1,0,0,1,1,0,0,1,0,0,0,1,28,21,1,14,9,1,14,4,45,78,28,56,0.33,0.87,0.56,1.11,0.28,1.33,56,22,1.14,1.16,2.3,30,True,True,True,True,True,False,True,1.50,2.25,1.16,2.27,1.66,6.20,4.85,1.50,2.33,1.62,1.48,2.49,,,,
Norway_Eliteserien_2025,2025,19,Bryne,Strømsgodset,2025-08-24 15:00:00,2,2,4,11,9,20,2,1,0,0,8,6,13,6,21,12,15,10,59,41,Bryne Stadion,"Industrivegen, Bryne",2,1,1.72,3.55,4.2,1.22,1.83,2.62,1.63,2.1,1.25,1.57,3.2,2.4,1.32,2.45,3.2,1.5,4,0,1,2,1,3,1,-1,0,56,0,-1,2,1,2,5,9,4,7,13,1,1,1,0,2,1,1,86,45,97,71,2.49,1.5,3.99,0,0,0,0,0,0,1,1,0,0,0,0,0,0,1,27,25,1,10,15,1,5,9,67,73,44,84,1.47,0.67,1.56,0.67,1.06,0.5,33,28,1.46,1.14,2.6,30,True,True,True,True,False,False,True,1.83,3.05,1.26,2.75,1.47,1.92,3.69,4.14,2.16,1.72,1.57,2.28,,,1.36,3.28
Norway_Eliteserien_2025,2025,19,Molde,Tromsø,2025-08-24 17:15:00,2,0,2,4,9,13,2,2,0,0,3,2,3,9,6,11,12,19,44,56,Aker Stadion,"Julsundveien 14, Reknes, Molde",2,2,2.09,3.4,3.2,1.22,1.8,3.0,1.73,1.98,1.54,1.93,2.23,1.8,1.34,2.7,2.8,1.4,2,1,0,1,0,1,1,333,0,61,0,-1,2,1,4,3,0,6,7,6,1,2,1,0,3,1,1,29,44,91,105,0.81,1.16,1.97,2,0,2,0,0,0,1,1,0,0,3,0,0,0,1,20,20,1,17,12,1,10,7,56,73,45,89,1.67,1.73,1.44,1.89,1.33,1.83,45,28,1.67,1.12,2.79,30,True,True,False,False,False,False,False,1.83,2.96,1.25,2.80,1.46,2.15,3.61,3.43,2.30,1.64,1.96,1.83,2.38,1.54,1.37,3.21
Norway_Eliteserien_2025,2025,19,Sarpsborg 08,Kristiansund,2025-08-25 17:00:00,0,1,1,10,3,13,2,2,0,0,2,4,7,8,9,12,19,10,56,44,Sarpsborg Stadion,"Haftor Joenssonsgata 19, Sarpsborg",2,2,1.7,4.0,3.9,1.12,1.38,1.95,1.46,2.84,1.24,1.44,3.49,2.45,1.19,1.98,3.9,1.72,1,0,1,0,0,0,1,344,0,71,0,-1,2,1,4,1,6,2,5,8,1,1,1,1,2,2,1,50,44,93,103,1.08,1.36,2.44,0,0,0,0,0,0,1,1,0,0,0,0,0,0,1,19,17,1,10,19,1,8,16,65,83,29,83,1.27,1.07,1.13,1.22,1.22,1.11,36,18,1.7,1.1,2.8,30,True,False,False,False,False,False,False,1.40,2.00,1.12,,,1.76,4.16,4.38,2.87,1.43,1.47,2.56,,,,
Norway_Eliteserien_2025,2025,20,Vålerenga,Bryne,2025-08-30 16:00:00,3,2,5,10,1,11,2,2,0,0,3,5,14,10,17,15,10,13,56,44,Intility Arena,"Innspurten 1, Oslo",2,2,1.5,4.3,5.0,1.21,1.66,2.61,1.62,2.08,1.25,1.41,3.5,2.63,1.29,2.3,3.68,1.58,5,3,1,0,1,1,4,327,0,62,0,-1,2,1,6,1,2,0,7,2,1,0,1,2,1,3,1,69,39,79,89,1.77,1.58,3.35,1,0,1,0,0,0,1,1,2,0,1,0,0,0,1,14,18,1,12,9,1,8,15,56,95,45,73,1.87,0.6,1.56,0.56,1.42,1.05,45,6,2.06,1.0,3.06,30,True,True,True,True,True,False,True,1.64,2.61,1.20,2.49,1.56,1.64,4.33,5.08,2.21,1.68,1.56,2.31,,,,
Norway_Eliteserien_2025,2025,20,Kristiansund,Brann,2025-08-31 12:30:00,2,2,4,2,8,10,4,2,0,0,3,6,5,11,8,17,13,11,32,68,Kristiansund Stadion,"Hærnøsandveien 19, Kristiansund",4,2,4.0,3.85,1.74,1.18,1.55,2.63,1.54,2.33,1.26,1.66,3.4,2.52,1.3,2.28,3.6,1.57,4,0,0,2,2,4,0,-1,0,50,0,-1,2,1,0,3,2,5,3,7,3,1,1,1,4,2,1,35,69,69,122,0.97,1.99,2.97,0,1,0,1,0,0,1,1,0,0,0,1,1,0,1,17,18,1,11,12,1,14,5,56,84,39,67,1.27,1.53,1.0,1.78,1.21,2.0,45,17,1.28,1.88,3.16,30,True,True,True,True,False,False,True,1.61,2.58,1.19,2.35,1.62,4.51,4.11,1.75,2.33,1.62,,,,,,
Norway_Eliteserien_2025,2025,20,HamKam,Sarpsborg 08,2025-08-31 15:00:00,1,3,4,6,13,19,0,0,1,0,6,7,2,12,8,19,8,11,42,58,Briskeby Arena,"Arenavegen 2, Briskebyen, Hamar",2,0,2.29,3.62,2.95,1.25,1.91,2.83,1.67,2.1,1.3,1.54,3.28,2.5,1.33,2.63,3.1,1.44,4,0,1,1,2,3,1,340,0,69,0,-1,2,1,4,2,2,11,6,13,1,0,0,0,1,0,1,55,77,75,105,1.32,2.24,3.56,0,0,0,0,0,0,1,1,0,0,2,0,0,0,1,19,19,1,11,8,1,11,8,58,79,53,69,1.6,1.47,1.33,1.3,1.11,1.16,42,21,1.23,1.84,3.07,30,True,True,True,True,False,False,True,1.83,3.01,1.25,,,2.42,3.59,2.93,2.26,1.66,1.53,2.39,,,,
Norway_Eliteserien_2025,2025,20,Sandefjord,FK Bodo - Glimt,2025-08-31 15:00:00,1,2,3,4,8,12,4,2,0,0,2,2,6,12,8,14,8,8,48,52,Komplett Arena,"Nygårdsveien 84, Sandefjord",4,2,5.1,4.6,1.52,1.12,1.36,2.04,1.5,2.5,1.36,1.6,3.35,2.42,1.2,1.98,4.2,1.79,3,0,0,1,2,3,0,332,0,50,0,-1,2,1,1,4,3,4,5,7,1,0,3,2,1,5,1,40,69,84,114,0.94,1.53,2.47,0,0,0,0,0,0,1,1,0,0,0,2,0,0,1,11,26,1,8,8,1,11,5,73,89,56,95,2.27,2.2,2.67,2.22,1.56,2.21,28,11,1.69,2.1,3.79,30,True,True,True,False,False,False,True,1.40,2.04,1.12,2.10,1.79,5.64,4.96,1.52,2.58,1.52,1.60,2.25,,,,
Norway_Eliteserien_2025,2025,20,Tromsø,KFUM,2025-08-31 15:00:00,2,0,2,3,5,8,2,0,1,0,2,3,3,8,5,11,13,7,41,59,,,4,0,1.85,3.25,4.0,1.46,2.38,4.88,2.1,1.72,1.71,2.39,1.92,1.54,1.44,3.53,2.5,1.3,2,1,0,1,0,1,1,331,0,45,0,-1,2,1,3,0,0,5,3,5,0,0,3,0,0,3,1,77,35,87,116,1.02,1.17,2.19,0,0,0,0,0,0,1,1,1,0,2,0,0,0,1,14,21,1,7,13,1,8,1,50,62,17,56,2.07,1.0,1.78,1.33,1.74,1.42,50,39,1.54,1.12,2.66,30,True,True,False,False,False,False,False,2.53,4.88,1.50,3.36,1.34,1.96,3.34,4.45,1.72,2.16,2.39,1.54,1.92,1.87,1.54,2.54
Norway_Eliteserien_2025,2025,20,Viking,Rosenborg,2025-08-31 15:00:00,2,1,3,8,7,15,3,4,0,0,3,2,8,12,11,14,18,18,47,53,,,3,4,1.98,3.7,3.55,1.14,1.41,2.17,1.4,2.7,1.27,1.56,3.35,2.42,1.26,2.1,3.9,1.67,3,1,0,1,1,2,1,335,0,56,0,-1,2,1,7,5,1,2,12,3,2,1,1,3,3,4,1,59,43,77,67,1.33,1.33,2.66,1,0,1,0,0,0,1,1,0,0,1,0,0,1,1,14,24,1,17,18,1,9,6,67,84,39,84,2.53,1.0,2.22,1.22,2.21,1.67,33,17,2.16,1.27,3.43,30,True,True,True,False,False,False,True,,,,,,1.99,3.86,3.65,2.88,1.43,1.47,2.54,,,,
Norway_Eliteserien_2025,2025,20,Fredrikstad,Haugesund,2025-08-31 15:00:00,2,2,4,5,0,5,2,1,0,0,3,3,16,9,19,12,10,8,56,44,Nye Fredrikstad Stadion,"K.G. Mehldalsvei 7, Kråkerøy, Fredrikstad",2,1,1.31,5.4,9.2,1.17,1.53,2.46,1.83,1.84,1.26,1.7,3.35,2.42,1.23,2.31,3.42,1.64,4,2,2,0,0,0,4,-1,0,42,0,-1,2,1,1,0,4,0,1,4,1,0,1,1,1,2,1,72,26,138,95,1.93,1.16,3.1,0,0,0,0,0,0,1,1,1,1,1,0,0,0,1,19,12,1,7,10,1,6,10,54,74,26,85,1.67,0.27,1.9,0.0,1.44,0.26,47,26,1.37,1.06,2.43,30,True,True,True,True,False,False,True,1.57,2.46,1.18,2.31,1.64,1.31,5.82,9.72,1.90,1.95,1.52,2.39,,,,
Norway_Eliteserien_2025,2025,20,Strømsgodset,Molde,2025-08-31 17:15:00,3,1,4,2,6,8,1,4,0,0,8,3,8,11,16,14,16,8,34,66,Marienlyst Stadion,"Schwartzgata 2, Drammen",1,4,3.7,3.75,1.8,1.14,1.5,2.15,1.44,2.5,1.27,1.67,3.42,2.51,1.25,2.2,3.8,1.66,4,2,0,1,1,2,2,337,0,39,0,-1,2,1,1,4,1,2,5,3,0,2,1,2,2,3,1,39,73,76,101,1.85,1.62,3.47,0,0,0,0,0,0,1,1,2,0,0,1,0,0,1,12,19,1,8,16,1,8,8,67,84,33,84,0.67,0.93,0.33,1.22,0.53,1.42,33,17,1.49,1.16,2.65,30,True,True,True,True,False,False,True,1.49,2.19,1.15,2.19,1.71,3.75,4.12,1.91,2.77,1.46,1.53,2.39,,,,
Norway_Eliteserien_2025,2025,21,FK Bodo - Glimt,Kristiansund,2025-09-12 17:00:00,7,1,8,3,1,4,0,1,0,0,8,4,10,5,18,9,10,10,66,34,Aspmyra Stadion,"Håloglandsgata 30, Bodø",0,1,1.15,10.01,12.8,1.06,1.18,1.5,1.73,2.05,1.12,1.33,4.75,3.0,1.13,1.7,5.79,2.08,8,3,0,4,1,5,3,332,0,50,0,-1,2,1,2,1,1,0,3,1,0,0,0,1,0,1,1,65,11,99,36,2.16,0.93,3.09,1,0,1,0,0,0,1,1,1,0,0,0,0,0,1,20,19,1,8,10,1,6,6,65,80,45,80,2.47,1.07,2.2,1.4,2.25,1.2,35,20,2.28,1.13,3.41,30,True,True,True,True,True,True,True,1.22,1.62,,1.74,2.12,1.14,10.11,16.14,1.97,1.85,,,,,,
Norway_Eliteserien_2025,2025,21,Molde,Fredrikstad,2025-09-13 14:00:00,1,2,3,14,2,16,3,2,0,0,6,5,25,6,31,11,13,9,67,33,Aker Stadion,"Julsundveien 14, Reknes, Molde",3,2,1.75,3.5,4.29,1.26,1.72,2.63,1.66,2.06,1.47,1.8,2.42,1.91,1.32,2.45,3.3,1.47,3,0,2,1,0,1,2,1471,0,39,0,-1,2,1,2,2,12,0,4,12,2,0,1,2,2,3,1,79,32,110,67,2.93,1.28,4.2,0,0,0,0,0,0,1,1,0,0,0,0,0,0,1,25,16,1,9,12,1,5,15,33,60,28,77,1.67,1.13,1.6,0.88,1.35,1.42,68,40,1.58,1.33,2.91,30,True,True,True,False,False,False,True,1.78,2.94,1.24,2.69,1.49,1.83,3.76,4.47,2.19,1.70,1.80,1.98,2.59,1.45,1.35,3.34
Norway_Eliteserien_2025,2025,21,Brann,Vålerenga,2025-09-13 16:00:00,3,2,5,11,4,15,4,2,0,1,11,4,6,5,17,9,14,9,63,37,Brann Stadion,"Kniksens plass 1, Bergen",4,4,1.5,4.82,4.6,1.08,1.4,2.08,1.5,2.4,1.27,1.55,3.5,2.57,1.18,2.11,3.8,1.66,5,1,1,2,1,3,2,336,0,59,0,-1,2,1,4,0,7,4,4,11,0,1,4,2,1,6,1,69,37,91,92,2.33,1.12,3.46,0,0,0,0,0,0,1,1,0,1,1,0,0,1,1,22,22,1,9,14,1,6,9,59,79,37,69,2.2,0.87,2.22,1.3,1.95,1.5,41,21,1.95,1.21,3.16,30,True,True,True,True,True,False,True,1.46,2.14,1.14,2.15,1.73,1.52,4.85,5.79,2.44,1.57,,,,,,
Norway_Eliteserien_2025,2025,21,Bryne,Tromsø,2025-09-14 12:30:00,0,2,2,2,5,7,1,0,0,0,2,4,2,4,4,8,8,10,52,48,Bryne Stadion,"Industrivegen, Bryne",1,0,3.66,3.4,2.05,1.3,1.98,3.3,1.8,1.88,1.48,1.85,2.48,1.92,1.38,2.75,2.7,1.39,2,0,1,0,1,1,1,331,0,65,0,-1,2,1,1,2,1,3,3,4,1,0,0,0,1,0,1,37,57,131,117,0.69,1.21,1.9,0,0,0,0,0,0,1,1,0,1,0,0,0,0,1,32,17,1,10,8,1,6,5,60,75,45,85,1.47,1.73,1.5,1.7,1.0,1.8,40,25,1.56,1.13,2.69,30,True,True,False,False,False,False,False,2.22,4.00,1.39,3.34,1.35,3.95,3.44,2.04,1.89,1.95,1.85,1.92,2.48,1.48,1.47,2.75
Norway_Eliteserien_2025,2025,21,KFUM,Viking,2025-09-14 15:00:00,2,2,4,4,6,10,3,1,0,0,4,3,6,3,10,6,15,11,47,53,KFUM Arena,"Ekebergveien 101, Oslo",3,1,2.68,3.25,2.36,1.29,1.88,3.2,1.73,2.0,1.62,2.0,2.28,1.8,1.38,2.8,2.88,1.4,4,2,1,0,1,1,3,-1,0,70,0,-1,2,1,2,2,2,4,4,6,0,0,3,1,0,4,1,32,43,96,131,1.15,0.92,2.08,0,0,0,0,0,0,1,1,1,1,0,0,0,0,1,30,24,1,11,15,1,8,4,65,80,40,75,1.33,2.2,1.5,2.2,1.35,2.25,35,20,1.39,1.53,2.92,30,True,True,True,True,False,False,True,1.95,3.27,1.29,2.94,1.42,2.88,3.51,2.49,2.14,1.73,1.88,1.90,2.47,1.49,1.40,3.07
Norway_Eliteserien_2025,2025,21,Sarpsborg 08,Sandefjord,2025-09-14 15:00:00,2,1,3,3,6,9,3,1,0,0,5,8,4,16,9,24,13,16,35,65,Sarpsborg Stadion,"Haftor Joenssonsgata 19, Sarpsborg",3,1,1.99,3.9,2.8,1.14,1.39,2.24,1.36,2.88,1.3,1.82,2.97,2.23,1.26,2.16,3.6,1.69,3,2,0,0,1,1,2,340,0,67,0,-1,2,1,0,4,3,2,4,5,1,1,2,0,2,2,1,33,81,61,110,1.16,2.65,3.81,1,0,1,0,0,0,1,1,1,0,0,1,0,0,1,17,20,1,15,13,1,17,5,62,78,28,61,1.27,0.93,1.0,0.44,1.25,1.47,39,22,1.63,1.43,3.06,30,True,True,True,False,False,False,True,1.46,2.13,1.14,2.17,1.74,2.18,4.02,3.07,3.01,1.40,1.50,2.44,,,,
Norway_Eliteserien_2025,2025,21,HamKam,Strømsgodset,2025-09-14 15:00:00,1,2,3,5,8,13,1,1,0,0,5,4,6,14,11,18,13,9,48,52,Briskeby Arena,"Arenavegen 2, Briskebyen, Hamar",1,1,2.2,3.5,3.02,1.17,1.67,2.6,1.58,2.2,1.17,1.55,4.3,3.15,1.35,2.53,3.37,1.5,3,1,0,0,2,2,1,337,0,70,0,-1,2,1,1,3,4,5,4,9,0,1,1,0,1,1,1,52,60,94,119,1.42,1.85,3.28,0,0,0,0,0,0,1,1,1,0,0,0,0,0,1,17,26,1,9,13,1,10,9,70,80,45,85,1.6,0.67,1.2,0.7,1.05,0.65,30,20,1.24,1.18,2.42,30,True,True,True,False,False,False,True,1.69,2.69,1.21,2.59,1.53,2.33,3.64,3.04,2.48,1.56,1.48,2.50,,,1.35,3.37
Norway_Eliteserien_2025,2025,21,Haugesund,Rosenborg,2025-09-14 17:15:00,0,3,3,2,5,7,1,2,0,0,1,6,4,8,5,14,10,13,43,57,Haugesund Stadion,"Karmsundggaten 169, Haugesund",1,2,6.0,5.16,1.45,1.11,1.52,2.0,1.75,1.99,1.29,1.53,3.08,2.28,1.25,2.0,3.75,1.7,3,0,2,0,1,1,2,72,0,40,0,-1,2,1,1,2,1,3,3,4,0,0,1,2,0,3,1,15,72,72,120,0.51,1.83,2.33,0,0,0,0,0,0,1,1,0,1,0,1,0,0,1,18,18,1,13,10,1,13,5,60,85,40,75,0.33,1.0,0.5,1.1,0.3,1.58,40,15,1.15,1.28,2.43,30,True,True,True,False,False,False,False,1.56,2.41,1.18,2.32,1.64,7.37,5.21,1.41,2.05,1.80,1.55,2.34,,,,
Norway_Eliteserien_2025,2025,22,Fredrikstad,Bryne,2025-09-20 12:00:00,1,1,2,4,4,8,0,3,0,0,4,3,6,7,10,10,14,12,51,49,Nye Fredrikstad Stadion,"K.G. Mehldalsvei 7, Kråkerøy, Fredrikstad",0,3,1.65,3.6,4.75,1.35,1.92,2.8,1.8,1.88,1.33,1.83,2.83,2.14,1.36,2.75,3.0,1.46,2,1,0,0,1,1,1,-1,0,53,0,-1,2,1,2,0,2,4,2,6,0,2,0,1,2,1,1,48,41,120,101,1.27,1.15,2.42,1,0,1,0,0,0,1,1,0,0,0,0,0,0,1,19,17,1,11,14,1,11,5,48,82,38,76,1.67,0.6,1.82,0.5,1.5,0.95,53,19,1.42,1.05,2.47,30,True,True,False,False,False,False,True,2.10,3.75,1.35,3.13,1.38,1.81,3.66,4.79,1.88,1.98,1.65,2.17,,,1.43,2.90
Norway_Eliteserien_2025,2025,22,Sandefjord,Brann,2025-09-20 14:00:00,0,3,3,4,6,10,0,2,1,0,6,5,5,9,11,14,14,15,43,57,Komplett Arena,"Nygårdsveien 84, Sandefjord",2,2,3.73,3.7,2.0,1.13,1.5,2.17,1.43,2.5,1.26,1.48,3.2,2.4,1.25,2.15,3.5,1.62,3,0,1,0,2,2,1,336,0,55,0,-1,2,1,2,3,2,3,5,5,1,1,0,1,2,1,1,34,45,70,90,1.36,1.56,2.92,0,1,0,1,0,0,1,1,0,0,1,0,0,0,1,16,19,1,15,13,1,7,7,75,100,50,85,2.27,1.53,2.4,1.7,1.4,2.0,25,0,1.61,1.89,3.5,30,True,True,True,False,False,False,False,1.50,2.27,1.15,2.22,1.69,3.51,4.10,1.98,2.73,1.49,1.52,2.39,,,,
Norway_Eliteserien_2025,2025,22,Vålerenga,KFUM,2025-09-20 16:00:00,1,1,2,1,4,5,2,4,0,0,1,2,6,7,7,9,11,20,48,52,Intility Arena,"Innspurten 1, Oslo",2,4,2.3,3.59,2.8,1.31,1.85,3.12,1.68,2.16,1.53,1.87,2.35,1.87,1.38,2.71,2.8,1.43,2,0,0,1,1,2,0,-1,0,50,0,-1,2,1,0,3,1,1,3,2,0,1,2,3,1,5,1,32,35,113,111,0.76,0.98,1.74,0,1,0,1,0,0,1,1,0,0,0,1,0,0,1,22,14,1,20,10,1,7,6,55,85,45,70,1.87,1.0,1.7,1.2,1.43,1.33,45,15,2.03,1.13,3.16,30,True,True,False,False,False,False,True,1.94,3.33,1.29,2.89,1.44,2.60,3.60,2.69,2.16,1.74,1.90,1.88,2.39,1.52,1.38,3.13
Norway_Eliteserien_2025,2025,22,Rosenborg,FK Bodo - Glimt,2025-09-21 12:30:00,1,1,2,8,3,11,3,1,0,0,2,3,15,9,17,12,17,5,51,49,Lerkendal Stadion,"Klæbuveien 125, Trondheim",3,1,3.2,3.8,1.95,1.16,1.5,2.31,1.44,2.5,1.31,1.85,2.85,2.18,1.22,2.14,3.4,1.7,2,0,1,1,0,1,1,-1,0,52,0,-1,2,1,3,3,5,0,6,5,0,0,3,1,0,4,1,44,30,102,70,1.53,1.19,2.72,0,0,0,0,0,0,1,1,0,1,0,1,0,0,1,25,21,1,5,17,1,5,5,46,74,31,74,1.8,2.2,2.11,2.3,1.65,2.29,54,27,1.69,2.05,3.74,30,True,True,False,False,False,False,True,1.52,2.33,1.16,2.34,1.63,3.37,4.01,2.05,2.78,1.48,1.67,2.14,,,,
Norway_Eliteserien_2025,2025,22,Tromsø,HamKam,2025-09-21 15:00:00,1,0,1,3,4,7,2,1,0,0,2,2,12,11,14,13,12,12,56,44,,,2,1,1.3,5.0,8.25,1.19,1.73,2.6,2.1,1.83,1.37,1.71,3.05,2.27,1.3,2.45,3.2,1.48,1,0,0,1,0,1,0,331,0,40,0,-1,2,1,3,0,0,4,3,4,1,0,1,1,1,2,1,57,30,126,67,1.44,1.18,2.62,0,0,0,0,0,0,1,1,0,0,1,0,0,0,1,18,23,1,12,12,1,7,14,50,75,15,80,2.07,0.87,1.9,0.9,1.86,1.0,50,25,1.48,1.17,2.65,30,True,False,False,False,False,False,False,,,,2.65,1.50,1.37,5.32,8.43,1.75,2.14,1.56,2.32,,,1.34,3.38
Norway_Eliteserien_2025,2025,22,Strømsgodset,Sarpsborg 08,2025-09-21 15:00:00,2,1,3,8,7,15,1,2,0,0,4,3,8,10,12,13,11,14,42,58,Marienlyst Stadion,"Schwartzgata 2, Drammen",1,2,2.2,3.8,2.82,1.11,1.38,2.02,1.33,2.95,1.22,1.56,3.7,2.64,1.23,2.13,4.33,1.69,3,1,1,1,0,1,2,337,0,57,0,-1,2,1,2,5,6,2,7,8,1,0,0,2,1,2,1,45,52,87,96,1.37,1.41,2.77,0,0,0,0,0,0,1,1,1,0,0,2,0,0,1,22,17,1,14,11,1,8,7,67,91,38,82,0.67,1.47,0.6,1.45,0.76,1.33,33,9,1.53,1.88,3.41,30,True,True,True,False,False,False,True,1.38,1.95,1.11,2.03,1.85,2.22,4.08,2.95,3.22,1.38,,,,,,
Norway_Eliteserien_2025,2025,22,Kristiansund,Haugesund,2025-09-21 15:00:00,2,0,2,3,1,4,2,1,0,0,7,3,15,2,22,5,10,12,51,49,Kristiansund Stadion,"Hærnøsandveien 19, Kristiansund",2,1,1.3,5.75,9.25,1.12,1.44,2.1,1.85,1.99,1.29,1.64,3.15,2.51,1.26,2.21,3.7,1.7,2,1,0,1,0,1,1,344,0,50,0,-1,2,1,2,0,1,1,2,2,0,0,2,1,0,3,1,54,21,136,71,2.27,0.69,2.96,0,0,0,0,0,0,1,1,0,0,0,0,0,0,1,27,24,1,12,10,1,5,12,60,75,30,65,1.27,0.27,1.0,0.1,1.14,0.29,40,25,1.25,1.07,2.32,30,True,True,False,False,False,False,False,1.41,2.06,1.13,2.11,1.78,1.26,6.62,10.29,1.99,1.85,1.52,2.43,,,,
Norway_Eliteserien_2025,2025,22,Viking,Molde,2025-09-21 17:15:00,1,0,1,16,5,21,1,1,0,0,7,4,22,16,29,20,9,4,51,49,,,1,1,1.51,4.2,4.0,1.08,1.41,2.15,1.51,2.5,1.28,1.47,3.28,2.42,1.26,2.13,4.0,1.75,1,0,0,1,0,1,0,335,0,55,0,-1,2,1,8,2,8,3,10,11,1,0,0,1,1,1,1,64,34,100,68,2.77,1.78,4.54,0,0,0,0,0,0,1,1,0,0,3,0,0,0,1,13,14,1,4,9,1,12,17,75,75,40,75,2.53,0.93,2.3,1.1,2.19,1.29,25,25,2.08,1.2,3.28,30,True,False,False,False,False,False,False,1.50,2.26,1.16,2.23,1.68,1.69,4.37,4.62,2.53,1.56,1.50,2.48,,,,
Norway_Eliteserien_2025,2025,23,Sarpsborg 08,Viking,2025-09-27 16:00:00,3,3,6,5,12,17,1,0,0,0,4,6,6,15,10,21,17,14,52,48,Sarpsborg Stadion,"Haftor Joenssonsgata 19, Sarpsborg",1,0,3.76,4.0,1.7,1.06,1.4,2.09,1.42,2.75,1.26,1.56,3.5,2.12,1.22,2.05,3.7,1.71,6,1,3,2,0,2,4,-1,0,76,0,4230,2,1,3,10,2,2,13,4,0,0,1,0,0,1,1,54,47,105,75,1.31,2.07,3.38,0,0,0,0,0,0,1,1,0,1,1,0,0,0,1,29,23,1,14,17,1,5,7,67,81,38,91,1.27,2.2,1.2,2.09,1.27,2.23,34,19,1.59,1.47,3.06,30,True,True,True,True,True,True,True,1.44,2.08,1.13,2.11,1.78,3.80,4.23,1.87,2.97,1.42,,,,,,
Norway_Eliteserien_2025,2025,19,Brann,Fredrikstad,2025-09-28 12:30:00,1,0,1,7,5,12,0,1,0,0,6,1,13,6,19,7,10,10,67,33,Brann Stadion,"Kniksens plass 1, Bergen",0,1,1.44,4.25,5.25,1.11,1.52,2.4,1.59,2.24,1.26,1.51,3.15,2.38,1.22,2.31,3.5,1.66,1,1,0,0,0,0,1,336,0,57,0,2003,2,1,2,3,5,2,5,7,0,0,0,1,0,1,1,66,30,99,71,2.09,0.74,2.83,0,0,0,0,0,0,1,1,0,0,0,2,0,0,1,22,12,1,10,10,1,6,7,57,68,42,74,2.2,1.13,2.3,1.11,2.05,1.48,44,32,1.99,1.32,3.31,30,True,False,False,False,False,False,False,1.70,2.73,1.22,2.54,1.54,1.52,4.51,6.36,2.10,1.78,1.50,2.48,,,,
Norway_Eliteserien_2025,2025,23,Tromsø,Strømsgodset,2025-09-28 15:00:00,3,1,4,5,6,11,3,1,0,0,9,2,3,5,12,7,13,5,53,47,,,3,1,1.49,4.4,6.0,1.21,1.66,2.58,1.74,2.0,1.29,1.49,3.2,2.38,1.28,2.25,3.18,1.5,4,2,1,1,0,1,3,331,0,55,0,4068,2,1,4,1,1,5,5,6,2,0,1,1,2,2,1,64,38,97,86,1.85,0.87,2.72,0,0,0,0,0,0,1,1,0,0,0,0,0,0,1,15,15,1,5,13,1,4,8,64,69,18,73,2.07,0.67,2.0,0.91,1.91,0.86,37,32,1.48,1.24,2.72,30,True,True,True,True,False,False,True,1.66,2.62,1.20,2.47,1.56,1.46,4.61,7.30,2.03,1.83,,,,,,
Norway_Eliteserien_2025,2025,23,HamKam,Rosenborg,2025-09-28 15:00:00,4,0,4,6,1,7,1,0,0,1,16,3,12,4,28,7,16,7,67,33,Briskeby Arena,"Arenavegen 2, Briskebyen, Hamar",1,2,3.8,3.85,1.92,1.24,1.65,2.63,1.68,2.22,1.27,1.7,3.07,2.32,1.35,2.4,3.35,1.48,4,3,0,1,0,1,3,1475,0,64,0,5114,-1,1,-1,-1,-1,-1,-1,-1,0,1,1,0,1,1,1,81,25,125,50,3.46,0.83,4.29,0,0,0,0,0,0,1,1,1,0,-1,-1,0,0,1,17,9,1,7,16,1,4,7,64,87,45,87,1.6,1.0,1.09,1.27,0.95,1.62,36,14,1.25,1.33,2.58,30,True,True,True,True,False,False,False,1.78,2.95,1.24,2.68,1.50,3.89,3.80,1.94,2.25,1.68,1.57,2.31,,,1.35,3.35
Norway_Eliteserien_2025,2025,23,Bryne,Kristiansund,2025-09-28 15:00:00,2,0,2,5,5,10,5,1,0,0,6,3,7,9,13,12,14,10,58,42,Bryne Stadion,"Industrivegen, Bryne",5,1,2.11,3.45,3.3,1.22,1.7,3.12,1.65,2.1,1.45,1.95,2.38,1.86,1.32,2.57,2.98,1.44,2,0,0,2,0,2,0,1477,0,60,0,2003,2,1,2,2,3,3,4,6,0,0,5,1,0,6,1,37,40,121,92,1.52,1.26,2.78,0,0,0,0,0,0,1,1,0,0,0,0,0,0,1,29,40,1,10,14,1,11,6,60,73,36,82,1.47,1.07,1.36,1.27,0.95,1.23,41,27,1.48,1.11,2.59,30,True,True,False,False,False,False,False,1.89,3.13,1.27,2.82,1.45,2.30,3.50,3.19,2.28,1.67,1.85,1.94,2.56,1.47,1.37,3.20
Norway_Eliteserien_2025,2025,23,Molde,Vålerenga,2025-09-28 17:15:00,4,1,5,5,6,11,1,1,0,0,8,2,13,14,21,16,14,10,47,53,Aker Stadion,"Julsundveien 14, Reknes, Molde",1,1,1.83,3.9,4.1,1.18,1.56,2.31,1.53,2.47,1.3,1.65,3.0,2.39,1.23,2.21,3.7,1.62,5,2,1,2,0,2,3,333,0,50,0,5763,2,1,2,3,3,3,5,6,0,0,1,1,0,2,1,33,51,77,86,2.12,1.51,3.63,1,0,1,0,0,0,1,1,0,0,0,0,0,0,1,14,27,1,9,14,1,7,12,45,78,36,78,1.67,0.87,1.45,1.18,1.23,1.41,55,23,1.7,1.21,2.91,30,True,True,True,True,True,False,True,1.55,2.36,1.16,2.25,1.67,1.79,4.27,4.13,2.48,1.57,,,,,,
Norway_Eliteserien_2025,2025,23,Haugesund,Sandefjord,2025-09-29 17:00:00,2,3,5,1,6,7,2,3,0,0,6,6,3,11,9,17,13,18,46,54,Haugesund Stadion,"Karmsundggaten 169, Haugesund",2,3,5.55,4.6,1.52,1.17,1.5,2.3,1.63,2.27,1.36,1.72,2.7,2.05,1.22,2.15,3.55,1.68,5,1,2,1,1,2,3,342,0,49,0,2731,2,1,0,3,1,3,3,4,2,1,0,2,3,2,1,30,51,88,123,1.21,1.87,3.08,1,0,1,0,0,0,1,1,0,0,0,0,1,1,1,23,20,1,17,13,1,7,8,67,81,43,52,0.33,0.93,0.45,0.4,0.27,1.33,33,19,1.09,1.55,2.64,30,True,True,True,True,True,False,True,1.53,2.31,1.16,2.26,1.67,7.59,5.32,1.40,2.10,1.78,1.71,2.09,,,,
Norway_Eliteserien_2025,2025,23,KFUM,Fredrikstad,2025-10-01 17:00:00,2,1,3,2,3,5,2,1,0,0,3,4,6,3,9,7,12,13,43,57,KFUM Arena,"Ekebergveien 101, Oslo",2,1,1.94,3.15,4.0,1.42,2.35,4.1,1.95,1.78,1.66,2.0,2.14,1.7,1.53,3.2,2.45,1.28,3,2,0,0,1,1,2,1524,0,52,0,1539,2,1,1,2,1,1,3,2,0,0,2,1,0,3,1,80,27,114,96,1.36,0.93,2.29,0,0,0,0,0,0,1,1,0,0,0,0,0,0,1,14,25,1,13,12,1,4,4,47,66,38,67,1.33,1.13,1.45,1.0,1.32,1.41,53,34,1.37,1.26,2.63,30,True,True,True,False,False,False,True,2.26,4.16,1.40,3.38,1.34,1.86,3.52,4.68,1.83,2.03,2.06,1.73,2.20,1.64,1.49,2.70
Norway_Eliteserien_2025,2025,24,Vålerenga,Tromsø,2025-10-04 12:00:00,1,0,1,6,5,11,5,0,0,0,5,4,6,9,11,13,17,14,40,60,Intility Arena,"Innspurten 1, Oslo",5,0,3.06,3.3,2.15,1.18,1.7,2.71,1.62,2.41,1.44,1.94,2.6,2.04,1.35,2.5,3.36,1.44,1,0,0,1,0,1,0,327,0,69,0,8423,-1,1,-1,-1,-1,-1,-1,-1,0,0,5,0,0,5,1,25,60,64,132,1.23,1.55,2.77,0,0,0,0,0,0,1,1,0,0,-1,-1,0,0,1,20,13,1,14,17,1,13,8,60,91,50,82,1.87,1.73,1.64,1.82,1.35,1.96,41,9,1.92,1.13,3.05,30,True,False,False,False,False,False,False,1.73,2.79,1.22,2.60,1.52,2.95,3.64,2.39,2.43,1.59,,,,,1.35,3.34
Norway_Eliteserien_2025,2025,24,Sandefjord,Bryne,2025-10-04 14:00:00,1,0,1,4,3,7,0,1,0,0,3,1,10,7,13,8,16,16,55,45,Komplett Arena,"Nygårdsveien 84, Sandefjord",0,1,1.64,3.71,4.2,1.23,1.6,2.71,1.66,2.2,1.43,1.7,2.7,2.05,1.33,2.3,3.08,1.53,1,0,0,1,0,1,0,342,0,55,0,2907,2,1,4,1,0,2,5,2,0,0,0,1,0,1,1,31,41,79,82,1.26,0.88,2.13,0,0,0,0,0,0,1,1,0,0,1,0,0,0,1,19,19,1,16,16,1,7,10,64,96,46,82,2.27,0.6,2.18,0.55,1.41,1.04,37,5,1.59,1.06,2.65,30,True,False,False,False,False,False,False,1.70,2.77,1.23,2.57,1.53,1.71,4.27,4.61,2.17,1.74,1.71,2.06,,,1.34,3.37
Norway_Eliteserien_2025,2025,24,Kristiansund,Molde,2025-10-04 16:00:00,2,1,3,5,7,12,1,2,0,0,5,7,8,9,13,16,8,10,37,63,Kristiansund Stadion,"Hærnøsandveien 19, Kristiansund",1,2,3.38,3.65,1.95,1.17,1.57,2.38,1.5,2.45,1.35,1.6,2.88,2.25,1.3,2.27,3.34,1.56,3,0,1,2,0,2,1,344,0,41,0,4003,2,1,1,3,4,4,4,8,0,0,1,2,0,3,1,36,74,79,120,1.43,2.04,3.47,0,0,0,0,0,0,1,1,0,0,0,1,0,0,1,16,23,1,10,8,1,14,9,55,69,36,55,1.27,0.93,1.18,1.0,1.17,1.3,46,32,1.34,1.26,2.6,30,True,True,True,False,False,False,True,1.59,2.47,1.18,2.42,1.59,3.41,3.93,2.06,2.57,1.54,1.60,2.25,,,,
Norway_Eliteserien_2025,2025,24,Viking,Brann,2025-10-05 12:30:00,3,0,3,6,4,10,1,3,0,0,7,2,6,3,13,5,10,14,32,68,,,1,3,2.2,3.7,2.95,1.09,1.41,2.31,1.4,2.75,1.21,1.44,3.58,2.56,1.22,2.15,3.8,1.62,3,2,0,1,0,1,2,335,0,60,0,15900,2,1,6,1,0,3,7,3,0,1,1,2,1,3,1,35,34,85,109,1.57,0.72,2.29,0,0,0,0,0,0,1,1,1,0,0,0,0,1,1,19,22,1,14,10,1,8,10,73,87,32,78,2.53,1.53,2.36,1.82,2.17,2.09,27,14,2.14,1.86,4.0,30,True,True,True,False,False,False,False,1.48,2.20,1.14,2.19,1.71,2.17,3.86,3.19,2.93,1.44,,,,,,
Norway_Eliteserien_2025,2025,24,Strømsgodset,KFUM,2025-10-05 15:00:00,1,1,2,3,7,10,1,3,0,0,4,5,7,8,11,13,14,8,47,53,Marienlyst Stadion,"Schwartzgata 2, Drammen",1,3,3.25,3.35,2.0,1.24,1.97,3.4,1.67,2.0,1.48,1.76,2.44,1.9,1.36,2.8,3.0,1.44,2,0,0,1,1,2,0,-1,0,46,0,3852,2,1,2,7,1,0,9,1,0,0,1,3,0,4,1,49,60,93,105,1.33,1.61,2.94,0,0,0,0,0,0,1,1,0,0,2,1,0,0,1,15,22,1,8,14,1,10,7,55,87,32,78,0.67,1.0,0.82,1.18,0.83,1.39,46,14,1.51,1.11,2.62,30,True,True,False,False,False,False,True,1.98,3.34,1.30,2.96,1.42,3.51,3.54,2.14,2.11,1.77,,,,,1.40,3.05
Norway_Eliteserien_2025,2025,24,FK Bodo - Glimt,Haugesund,2025-10-05 15:00:00,2,0,2,19,0,19,0,0,0,0,12,1,24,2,36,3,9,7,69,31,Aspmyra Stadion,"Håloglandsgata 30, Bodø",0,0,1.01,16.0,71.0,1.02,1.06,1.28,2.15,1.65,1.28,1.45,3.3,2.5,1.08,1.44,5.15,2.63,2,1,0,1,0,1,1,332,0,45,0,6020,2,-1,13,0,6,0,13,6,0,0,0,0,0,0,1,146,10,163,50,4.14,0.34,4.48,0,0,0,0,0,0,1,1,0,0,2,0,-1,-1,1,25,12,1,7,9,1,2,15,69,87,46,87,2.47,0.27,2.27,0.09,2.23,0.26,32,14,2.27,1.03,3.3,30,True,True,False,False,False,False,False,1.10,1.35,,1.41,2.64,1.02,23.44,39.93,,,,,,,,
Norway_Eliteserien_2025,2025,24,Fredrikstad,HamKam,2025-10-05 15:00:00,1,1,2,7,8,15,0,1,0,0,10,5,5,17,15,22,8,12,59,41,Nye Fredrikstad Stadion,"K.G. Mehldalsvei 7, Kråkerøy, Fredrikstad",0,1,2.02,3.3,3.7,1.24,1.89,3.12,1.75,2.0,1.35,1.67,2.88,2.14,1.36,2.94,3.0,1.39,2,0,1,1,0,1,1,-1,0,39,0,8018,2,1,4,1,3,7,5,10,0,0,0,1,0,1,1,46,41,107,92,1.98,2.03,4.01,0,0,0,0,0,0,1,1,0,0,1,1,0,0,1,19,18,1,12,8,1,7,9,44,79,30,87,1.67,0.87,1.75,0.82,1.35,1.04,57,22,1.41,1.17,2.58,30,True,True,False,False,False,False,True,2.00,3.45,1.31,2.97,1.42,1.98,3.72,3.86,2.02,1.84,1.76,2.04,,,1.40,3.05
Norway_Eliteserien_2025,2025,24,Rosenborg,Sarpsborg 08,2025-10-05 17:15:00,2,3,5,11,2,13,0,3,1,0,8,6,10,7,18,13,10,24,62,38,Lerkendal Stadion,"Klæbuveien 125, Trondheim",2,3,1.6,4.0,4.65,1.09,1.44,2.16,1.5,2.5,1.3,1.46,3.07,2.33,1.22,2.11,4.0,1.68,5,0,1,2,2,4,1,340,0,59,0,11373,2,1,3,0,8,2,3,10,0,0,1,3,0,4,1,59,36,94,80,2.12,1.5,3.62,1,0,1,0,0,0,1,1,0,0,0,0,0,0,1,14,9,1,23,10,1,6,9,44,77,35,69,1.8,1.47,2.0,1.33,1.55,1.26,57,24,1.67,1.84,3.51,30,True,True,True,True,True,False,True,1.49,2.23,1.15,2.21,1.70,1.79,4.30,4.11,2.75,1.48,1.50,2.48,,,,
Norway_Eliteserien_2025,2025,25,Sarpsborg 08,FK Bodo - Glimt,2025-10-18 12:00:00,2,5,7,7,12,19,0,0,0,0,5,10,17,13,22,23,4,7,31,69,Sarpsborg Stadion,"Haftor Joenssonsgata 19, Sarpsborg",0,0,5.5,5.0,1.41,1.05,1.28,1.88,1.48,2.5,1.34,1.49,2.95,2.23,1.18,1.93,4.25,1.83,7,1,2,1,3,4,3,332,0,69,0,5632,2,-1,4,7,3,5,11,8,0,0,0,0,0,0,1,31,62,46,90,1.94,2.59,4.53,0,0,0,0,0,0,1,1,0,1,0,2,-1,-1,1,15,12,1,7,4,1,6,11,64,82,36,87,1.27,2.2,1.18,2.18,1.33,2.26,36,18,1.56,1.97,3.53,30,True,True,True,True,True,True,True,1.27,1.72,1.10,,,6.68,5.76,1.40,2.87,1.45,1.49,2.50,,,,
Norway_Eliteserien_2025,2025,25,Bryne,Rosenborg,2025-10-18 14:00:00,2,2,4,7,6,13,1,3,0,0,8,5,9,8,17,13,15,12,52,48,Bryne Stadion,"Industrivegen, Bryne",1,3,2.95,3.5,2.02,1.25,1.8,2.64,1.62,2.15,1.38,1.65,2.7,2.07,1.35,2.45,3.37,1.53,4,0,1,2,1,3,1,-1,0,46,0,2360,2,1,1,3,5,3,4,8,1,1,0,2,2,2,-1,0,0,0,0,0.0,0.0,0.0,0,0,0,0,0,0,1,1,0,0,0,0,1,0,1,23,27,1,12,15,1,8,5,59,84,42,84,1.47,1.0,1.5,1.17,1.0,1.48,42,17,1.48,1.29,2.77,30,True,True,True,True,False,False,True,1.98,3.35,1.30,2.94,1.42,3.30,3.51,2.25,2.11,1.78,1.74,2.05,2.59,1.45,1.40,3.07
Norway_Eliteserien_2025,2025,25,Brann,Haugesund,2025-10-18 16:00:00,4,1,5,8,5,13,1,3,0,0,9,5,11,6,20,11,7,15,61,39,Brann Stadion,"Kniksens plass 1, Bergen",1,3,1.05,11.26,21.0,1.05,1.29,1.8,1.95,1.7,1.29,1.46,3.2,2.67,1.17,1.8,4.5,2.0,5,1,0,3,1,4,1,336,0,53,0,15342,2,1,4,4,4,1,8,5,1,2,0,1,3,1,1,54,15,71,27,2.27,1.15,3.41,0,0,0,0,0,0,1,1,0,0,0,0,0,1,1,23,16,1,16,9,1,3,13,66,78,35,87,2.2,0.27,2.36,0.08,2.0,0.25,35,22,2.0,0.98,2.98,30,True,True,True,True,True,False,True,1.30,1.82,,,,1.10,12.16,20.91,1.67,2.26,,,,,,
Norway_Eliteserien_2025,2025,25,Tromsø,Viking,2025-10-19 12:30:00,1,3,4,1,3,4,1,1,0,0,4,4,8,6,12,10,19,17,64,36,,,1,1,2.2,3.6,2.91,1.2,1.85,2.55,1.5,2.24,1.28,1.47,3.3,2.45,1.25,2.62,2.89,1.55,4,1,1,0,2,2,2,335,0,67,0,5021,2,1,1,2,0,1,3,1,1,0,0,1,1,1,1,26,35,59,37,1.22,1.16,2.38,0,2,0,2,0,0,1,1,0,0,0,1,0,0,1,19,27,1,17,17,1,5,6,63,71,29,75,2.07,2.2,2.08,2.0,1.88,2.21,38,30,1.51,1.52,3.03,30,True,True,True,True,False,False,True,1.92,3.14,1.28,2.86,1.44,2.30,3.55,3.16,2.25,1.68,1.76,2.03,,,1.38,3.14
Norway_Eliteserien_2025,2025,25,Molde,Sandefjord,2025-10-19 15:00:00,1,3,4,10,4,14,2,3,0,0,4,7,18,5,22,12,8,13,60,40,Aker Stadion,"Julsundveien 14, Reknes, Molde",2,3,1.67,4.15,3.5,1.14,1.48,2.14,1.44,2.63,1.34,1.77,2.9,2.2,1.22,2.1,3.66,1.67,4,1,2,0,1,1,3,342,0,62,0,5057,2,1,4,3,6,1,7,7,1,1,1,2,2,3,1,100,29,134,88,2.38,1.46,3.85,0,0,0,0,0,0,1,1,0,1,1,2,0,0,1,24,19,1,13,8,1,5,11,62,79,44,69,1.67,0.93,1.58,0.64,1.25,1.48,39,22,1.74,1.58,3.32,30,True,True,True,True,False,False,True,1.47,2.17,1.14,2.19,1.70,1.87,4.16,3.86,2.81,1.47,1.61,2.23,,,,
Norway_Eliteserien_2025,2025,25,HamKam,Vålerenga,2025-10-19 15:00:00,2,1,3,6,8,14,3,1,0,0,7,6,8,14,15,20,13,12,39,61,Briskeby Arena,"Arenavegen 2, Briskebyen, Hamar",3,1,2.42,3.65,2.5,1.2,1.62,2.39,1.49,2.44,1.28,1.47,3.28,2.38,1.25,2.3,3.4,1.53,3,1,0,1,1,2,1,1475,0,67,0,5313,2,1,1,3,5,5,4,10,2,0,1,1,2,2,1,39,71,73,111,1.71,2.19,3.91,0,0,0,0,0,0,1,1,0,0,0,0,1,0,1,16,24,1,12,13,1,9,6,59,83,46,75,1.6,0.87,1.25,1.08,1.04,1.42,42,17,1.44,1.23,2.67,30,True,True,True,False,False,False,True,1.66,2.62,1.20,2.53,1.55,2.45,3.72,2.81,2.61,1.53,1.52,2.44,,,,
Norway_Eliteserien_2025,2025,25,KFUM,Kristiansund,2025-10-19 15:00:00,1,1,2,4,2,6,1,0,0,0,5,2,15,2,20,4,8,5,65,35,KFUM Arena,"Ekebergveien 101, Oslo",1,0,1.51,3.7,5.0,1.22,1.88,2.94,1.85,2.01,1.43,1.71,2.55,1.92,1.38,2.63,2.88,1.44,2,0,1,1,0,1,1,-1,0,63,0,1435,2,1,4,0,0,2,4,2,0,0,1,0,0,1,1,80,21,158,65,2.2,0.55,2.75,0,0,0,0,0,0,1,1,0,1,0,0,0,0,1,14,18,1,5,8,1,2,16,63,79,42,71,1.33,1.07,1.58,1.17,1.38,1.25,38,21,1.37,1.12,2.49,30,True,True,False,False,False,False,True,1.87,3.17,1.29,2.92,1.43,1.63,4.03,5.71,1.97,1.88,,,,,1.39,3.11
Norway_Eliteserien_2025,2025,25,Strømsgodset,Fredrikstad,2025-10-19 17:15:00,0,3,3,6,4,10,0,1,0,0,4,9,20,7,24,16,6,8,50,50,Marienlyst Stadion,"Schwartzgata 2, Drammen",0,1,2.35,3.55,2.85,1.18,1.7,2.61,1.55,2.25,1.4,1.66,2.7,2.06,1.3,2.59,3.0,1.48,3,0,0,0,3,3,0,1471,0,52,0,4389,2,1,4,1,2,3,5,5,0,0,0,1,0,1,1,61,64,133,105,2.23,2.1,4.34,0,0,0,0,0,0,1,1,0,0,1,0,0,0,1,13,11,1,8,6,1,6,10,52,78,35,83,0.67,1.13,0.83,0.91,0.83,1.33,49,23,1.5,1.23,2.73,30,True,True,True,False,False,False,False,1.75,2.84,1.23,2.60,1.52,2.38,3.56,3.00,2.51,1.56,1.60,2.25,,,,
Norway_Eliteserien_2025,2025,26,Viking,Bryne,2025-10-25 14:00:00,5,1,6,5,4,9,1,1,0,0,9,3,4,6,13,9,8,13,51,49,,,1,1,1.35,4.6,6.2,1.1,1.47,2.25,1.79,1.91,1.25,1.44,4.05,2.88,1.25,2.18,3.75,1.64,6,2,0,3,1,4,2,335,0,58,0,15900,2,1,2,2,3,2,4,5,0,1,1,0,1,1,1,39,48,70,96,1.73,1.13,2.86,0,0,0,0,0,0,1,1,0,0,1,0,0,1,1,24,20,1,13,8,1,8,9,59,79,33,71,2.53,0.6,2.42,0.5,2.24,1.0,42,21,2.09,1.05,3.14,30,True,True,True,True,True,True,True,1.45,2.16,1.14,2.19,1.69,1.27,6.38,10.06,1.99,1.85,,,,,,
Norway_Eliteserien_2025,2025,26,Sarpsborg 08,KFUM,2025-10-25 16:00:00,2,1,3,2,6,8,1,3,0,0,5,7,2,5,7,12,11,10,37,63,Sarpsborg Stadion,"Haftor Joenssonsgata 19, Sarpsborg",1,3,3.1,3.25,2.37,1.25,1.83,3.0,1.68,2.05,1.47,1.78,2.45,1.95,1.33,2.62,3.0,1.42,3,2,0,0,1,1,2,340,0,59,0,3886,2,1,2,3,0,3,5,3,0,1,1,2,1,3,1,28,63,92,138,1.01,1.72,2.72,1,0,1,0,0,0,1,1,1,0,0,0,0,0,1,13,32,1,9,11,1,8,5,50,79,34,71,1.27,1.0,1.08,1.17,1.28,1.36,50,21,1.59,1.15,2.74,30,True,True,True,False,False,False,True,1.76,2.83,1.24,2.72,1.48,2.78,3.49,2.58,2.50,1.57,1.78,2.02,,,1.36,3.29
Norway_Eliteserien_2025,2025,26,Rosenborg,Brann,2025-10-26 13:30:00,2,3,5,7,8,15,2,4,0,0,4,6,10,8,14,14,16,13,42,58,Lerkendal Stadion,"Klæbuveien 125, Trondheim",2,4,2.51,3.47,2.31,1.18,1.6,2.34,1.5,2.43,1.33,1.55,3.05,2.3,1.3,2.34,3.3,1.57,5,1,2,1,1,2,3,336,0,53,0,15701,2,1,2,3,5,5,5,10,1,2,1,2,3,3,1,44,54,74,100,1.48,1.7,3.17,0,0,0,0,0,0,1,1,0,0,0,0,0,0,1,15,20,1,13,16,1,9,9,51,87,30,78,1.8,1.53,1.82,1.67,1.46,2.04,49,14,1.71,1.76,3.47,30,True,True,True,True,True,False,True,1.72,2.74,1.22,2.55,1.54,2.62,3.72,2.62,2.50,1.57,1.58,2.27,,,,
Norway_Eliteserien_2025,2025,26,Sandefjord,Fredrikstad,2025-10-26 16:00:00,0,0,0,5,3,8,0,0,0,0,4,5,8,3,12,8,11,6,46,54,Komplett Arena,"Nygårdsveien 84, Sandefjord",0,0,1.85,3.4,3.5,1.2,1.65,2.6,1.57,2.36,1.46,1.77,2.6,1.95,1.29,2.45,3.4,1.52,0,0,0,0,0,0,0,-1,0,42,0,5935,2,-1,3,1,2,2,4,4,0,0,0,0,0,0,1,50,46,98,100,1.4,1.2,2.6,0,0,0,0,0,0,1,1,0,0,1,0,-1,-1,1,15,24,1,6,11,1,3,11,59,75,42,75,2.27,1.13,2.25,1.08,1.54,1.4,42,25,1.56,1.31,2.87,30,False,False,False,False,False,False,False,1.68,2.68,1.22,2.50,1.55,1.90,3.95,3.91,2.42,1.60,,,,,,
Norway_Eliteserien_2025,2025,26,Kristiansund,HamKam,2025-10-26 16:00:00,1,3,4,5,7,12,2,1,0,0,5,6,12,10,17,16,11,10,55,45,Kristiansund Stadion,"Hærnøsandveien 19, Kristiansund",2,1,2.15,3.3,2.85,1.18,1.72,2.75,1.64,2.25,1.27,1.71,3.28,2.39,1.3,2.45,3.2,1.5,4,0,0,1,3,4,0,1475,0,42,0,3066,2,1,0,4,5,3,4,8,1,1,1,0,2,1,1,39,33,107,62,1.71,1.66,3.37,0,1,0,1,0,0,1,1,0,0,0,0,0,0,1,24,21,1,10,10,1,7,9,46,79,25,71,1.27,0.87,1.33,0.83,1.24,1.12,54,21,1.35,1.24,2.59,30,True,True,True,True,False,False,True,1.72,2.77,1.22,2.58,1.53,2.38,3.64,2.95,2.50,1.57,1.59,2.27,,,,
Norway_Eliteserien_2025,2025,26,Haugesund,Tromsø,2025-10-26 16:00:00,2,3,5,3,5,8,3,2,0,0,3,5,5,13,8,18,17,20,50,50,Haugesund Stadion,"Karmsundggaten 169, Haugesund",3,2,12.0,4.8,1.3,1.22,1.85,2.65,2.26,1.55,1.57,1.85,2.36,1.77,1.36,2.65,3.24,1.43,5,2,2,0,1,1,4,331,0,46,0,2783,2,1,1,4,2,1,5,3,1,0,2,2,1,4,1,18,69,70,117,0.85,1.98,2.84,0,1,0,1,0,0,1,1,0,0,0,1,0,0,1,20,21,1,20,16,1,12,5,59,79,46,75,0.33,1.73,0.42,1.67,0.24,1.8,42,21,1.1,1.17,2.27,30,True,True,True,True,True,False,True,1.83,3.04,1.26,2.74,1.48,10.12,5.36,1.33,1.64,2.33,1.99,1.81,2.32,1.57,1.36,3.27
Norway_Eliteserien_2025,2025,26,FK Bodo - Glimt,Molde,2025-10-26 16:00:00,4,1,5,2,1,3,1,2,0,0,6,2,9,4,15,6,11,16,64,36,Aspmyra Stadion,"Håloglandsgata 30, Bodø",1,2,1.25,6.0,8.6,1.03,1.25,1.87,1.56,2.37,1.29,1.59,3.2,2.47,1.14,1.85,4.75,1.94,5,2,1,2,0,2,3,332,0,42,0,6385,-1,1,-1,-1,-1,-1,-1,-1,0,0,1,2,0,3,1,87,32,137,72,2.0,0.76,2.76,1,0,1,0,0,0,1,1,0,0,-1,-1,0,0,1,22,18,1,15,11,1,5,6,67,80,50,75,2.47,0.93,2.33,0.92,2.29,1.2,33,21,2.44,1.32,3.76,30,True,True,True,True,True,False,True,1.31,1.80,1.10,1.85,2.01,1.31,6.28,8.50,2.57,1.53,1.45,2.59,,,,
Norway_Eliteserien_2025,2025,26,Vålerenga,Strømsgodset,2025-10-26 18:15:00,2,1,3,16,3,19,0,3,0,0,7,3,16,3,23,6,9,15,67,33,Intility Arena,"Innspurten 1, Oslo",0,3,1.81,3.95,4.53,1.12,1.35,2.02,1.4,2.75,1.17,1.36,3.94,2.7,1.19,2.02,4.4,1.81,3,0,1,2,0,2,1,327,0,67,0,8076,2,1,5,2,11,1,7,12,0,2,0,1,2,1,1,102,19,138,78,2.67,0.74,3.41,0,0,0,0,0,0,1,1,0,0,1,1,0,0,1,20,13,1,15,9,1,5,13,71,88,46,80,1.87,0.67,1.75,0.83,1.36,0.8,30,13,1.86,1.21,3.07,30,True,True,True,False,False,False,True,,,,1.95,1.92,1.57,4.69,5.39,3.09,1.40,,,,,,
Norway_Eliteserien_2025,2025,23,Brann,FK Bodo - Glimt,2025-10-29 18:00:00,1,2,3,2,1,3,4,2,0,0,4,2,9,2,13,4,17,10,54,46,Brann Stadion,"Kniksens plass 1, Bergen",4,2,3.5,4.0,1.85,1.13,1.4,2.1,1.41,2.98,1.3,1.53,3.05,2.3,1.2,2.05,3.85,1.7,3,1,0,0,2,2,1,332,0,67,0,17026,2,1,2,0,0,1,2,1,1,0,3,2,1,5,1,51,41,108,103,1.48,0.71,2.18,0,0,0,0,0,0,1,1,0,0,0,0,0,0,1,27,30,1,10,17,1,5,8,71,79,42,83,2.2,2.2,2.42,2.25,2.08,2.32,29,21,2.02,2.02,4.04,30,True,True,True,False,False,False,True,1.45,2.09,1.14,2.14,1.74,4.18,4.28,1.78,2.82,1.46,1.56,2.34,,,,
Norway_Eliteserien_2025,2025,19,Rosenborg,Sandefjord,2025-10-29 20:00:00,1,1,2,4,6,10,1,2,0,0,2,4,3,11,5,15,12,15,40,60,Lerkendal Stadion,"Klæbuveien 125, Trondheim",1,2,2.03,3.94,3.5,1.13,1.46,2.3,1.49,2.56,1.26,1.66,3.12,2.36,1.22,2.31,3.9,1.67,2,0,0,1,1,2,0,-1,0,67,0,9218,2,1,4,4,0,2,8,2,0,0,1,2,0,3,1,36,58,72,117,0.72,1.65,2.37,0,0,0,0,0,0,1,1,0,0,0,2,0,0,1,22,26,1,15,12,1,10,9,54,79,38,63,1.8,0.93,1.67,0.83,1.4,1.52,46,21,1.69,1.57,3.26,30,True,True,False,False,False,False,True,1.51,2.28,1.16,2.27,1.66,1.94,4.10,3.63,2.71,1.50,1.51,2.43,,,,
Norway_Eliteserien_2025,2025,27,Vålerenga,FK Bodo - Glimt,2025-11-01 15:00:00,3,1,4,2,12,14,0,1,0,0,4,7,8,17,12,24,14,10,29,71,Intility Arena,"Innspurten 1, Oslo",0,1,5.25,4.9,1.49,1.03,1.25,1.7,1.36,2.9,1.3,1.52,3.1,2.33,1.15,1.85,4.2,1.93,4,2,0,1,1,2,2,327,0,69,0,14221,2,1,2,3,0,7,5,7,0,0,0,1,0,1,1,35,77,60,122,1.29,2.55,3.84,0,0,0,0,0,0,1,1,0,0,0,2,0,0,1,15,17,1,10,14,1,12,7,66,89,42,77,1.87,2.2,1.85,2.31,1.42,2.35,35,12,1.92,1.92,3.84,30,True,True,True,True,False,False,True,1.30,1.76,1.10,1.92,1.95,5.89,5.01,1.50,2.89,1.44,1.49,2.47,,,,
Norway_Eliteserien_2025,2025,27,Molde,Rosenborg,2025-11-01 17:00:00,4,2,6,3,8,11,4,3,0,0,14,4,7,6,21,10,13,11,45,55,Aker Stadion,"Julsundveien 14, Reknes, Molde",4,3,1.95,3.97,3.4,1.18,1.53,2.45,1.44,2.5,1.26,1.53,3.0,2.3,1.25,2.3,3.2,1.57,6,3,1,1,1,2,4,333,0,50,0,8215,2,1,3,4,0,4,7,4,0,0,4,3,0,7,1,57,63,98,82,2.71,1.37,4.08,0,0,0,0,0,0,1,1,0,0,0,1,0,0,1,19,27,1,11,13,1,5,7,62,85,46,92,1.67,1.0,1.46,1.15,1.15,1.38,39,16,1.79,1.29,3.08,30,True,True,True,True,True,True,True,1.57,2.42,1.18,2.36,1.62,1.86,4.10,3.93,2.56,1.54,1.53,2.38,,,,
Norway_Eliteserien_2025,2025,27,Strømsgodset,Viking,2025-11-02 13:30:00,1,2,3,7,13,20,2,1,0,0,6,8,8,9,14,17,11,7,44,56,Marienlyst Stadion,"Schwartzgata 2, Drammen",2,1,4.6,4.2,1.5,1.1,1.34,1.92,1.45,2.5,1.18,1.5,3.75,2.75,1.2,2.04,4.0,1.82,3,1,2,0,0,0,3,335,0,70,0,6052,2,1,2,9,5,4,11,9,1,1,1,0,2,1,1,31,68,92,112,1.53,2.12,3.66,0,0,0,0,0,0,1,1,0,0,1,3,0,0,1,14,23,1,7,11,1,8,4,73,93,43,89,0.67,2.2,0.77,2.08,0.77,2.27,27,8,1.55,1.49,3.04,30,True,True,True,False,False,False,True,1.29,1.76,1.10,1.89,1.98,6.97,5.99,1.38,2.74,1.48,,,,,,
Norway_Eliteserien_2025,2025,27,HamKam,Sandefjord,2025-11-02 16:00:00,3,1,4,8,10,18,1,2,0,0,6,7,9,11,15,18,17,13,35,65,Briskeby Arena,"Arenavegen 2, Briskebyen, Hamar",1,2,2.55,3.45,2.68,1.22,1.65,2.5,1.52,2.33,1.27,1.47,3.3,2.48,1.3,2.25,3.3,1.55,4,2,0,1,1,2,2,1475,0,77,0,2851,2,1,3,4,5,6,7,11,0,1,1,1,1,2,1,33,55,60,115,1.6,2.03,3.62,0,0,0,0,0,0,1,1,2,0,1,0,0,0,1,14,17,1,13,17,1,12,7,69,85,46,66,1.6,0.93,1.38,0.85,1.19,1.5,31,15,1.46,1.58,3.04,30,True,True,True,True,False,False,True,1.68,2.68,1.21,,,2.59,3.69,2.65,2.61,1.53,1.53,2.41,,,,
Norway_Eliteserien_2025,2025,27,Bryne,Brann,2025-11-02 16:00:00,2,1,3,2,5,7,2,1,0,1,4,5,5,8,9,13,17,15,30,70,Bryne Stadion,"Industrivegen, Bryne",2,2,3.7,3.86,1.83,1.22,1.75,3.0,1.67,2.05,1.38,1.77,2.7,2.07,1.36,2.65,3.04,1.42,3,2,0,0,1,1,2,1477,0,54,0,3304,2,1,1,2,1,3,3,4,1,0,1,2,1,3,1,35,60,55,109,1.1,1.61,2.71,0,1,0,1,0,0,1,1,1,0,0,0,0,0,1,15,26,1,15,16,1,9,9,66,89,39,81,1.47,1.53,1.46,1.77,0.96,2.0,35,12,1.48,1.75,3.23,30,True,True,True,False,False,False,True,1.80,3.02,1.26,2.73,1.48,3.86,3.86,1.94,2.20,1.71,1.84,1.95,2.56,1.47,1.36,3.29
Norway_Eliteserien_2025,2025,27,Fredrikstad,Kristiansund,2025-11-02 16:00:00,3,1,4,2,1,3,1,2,0,0,5,3,9,15,14,18,8,12,66,34,Nye Fredrikstad Stadion,"K.G. Mehldalsvei 7, Kråkerøy, Fredrikstad",1,2,1.66,3.85,4.3,1.1,1.62,2.6,1.65,2.07,1.38,1.81,2.7,2.08,1.3,2.4,3.2,1.5,4,1,1,2,0,2,2,1471,0,58,0,6760,2,1,1,1,1,0,2,1,0,1,1,1,1,2,1,42,29,126,83,1.55,1.55,3.1,1,0,1,0,0,0,1,1,0,0,1,0,0,0,1,24,16,1,11,8,1,11,8,46,77,31,81,1.67,1.07,1.69,1.15,1.38,1.19,54,23,1.45,1.08,2.53,30,True,True,True,True,False,False,True,1.56,2.43,1.17,2.35,1.62,1.69,4.38,4.65,2.53,1.56,1.64,2.21,,,1.34,3.38
Norway_Eliteserien_2025,2025,27,KFUM,Haugesund,2025-11-02 16:00:00,1,4,5,16,1,17,1,3,0,0,8,8,19,3,27,11,9,7,61,39,KFUM Arena,"Ekebergveien 101, Oslo",1,3,1.25,6.4,10.5,1.19,1.6,2.3,2.1,1.62,1.41,1.66,2.65,1.95,1.25,2.3,3.4,1.56,5,0,2,1,2,3,2,330,0,58,0,1327,2,1,7,1,9,0,8,9,1,1,0,2,2,2,1,73,23,95,49,2.77,1.42,4.19,0,0,0,0,0,0,1,1,0,1,5,0,0,0,1,29,21,1,7,9,1,3,10,62,85,35,81,1.33,0.27,1.54,0.08,1.31,0.23,38,15,1.43,0.99,2.42,30,True,True,True,True,True,False,True,1.67,2.71,1.22,2.47,1.57,1.26,6.37,11.43,1.67,2.27,1.85,1.95,2.56,1.47,,
Norway_Eliteserien_2025,2025,27,Tromsø,Sarpsborg 08,2025-11-02 18:15:00,4,0,4,5,4,9,0,2,0,0,7,2,4,9,11,11,10,12,53,47,,,0,2,1.55,4.45,6.0,1.18,1.55,2.3,1.68,2.15,1.3,1.61,3.1,2.33,1.25,2.2,3.45,1.58,4,3,0,1,0,1,3,331,0,62,0,3738,2,1,3,1,2,3,4,5,0,0,0,2,0,2,1,47,46,92,117,1.53,1.18,2.71,1,0,1,0,0,0,1,1,0,0,1,1,0,0,1,11,19,1,11,10,1,11,1,62,74,31,66,2.07,1.47,1.92,1.46,1.85,1.35,39,27,1.49,1.81,3.3,30,True,True,True,True,False,False,False,1.55,2.37,1.17,,,1.50,4.88,6.19,2.28,1.67,1.68,2.13,,,,
Norway_Eliteserien_2025,2025,28,Sarpsborg 08,Fredrikstad,2025-11-08 13:00:00,0,2,2,7,6,13,2,3,0,0,3,5,9,3,12,8,13,9,56,44,Sarpsborg Stadion,"Haftor Joenssonsgata 19, Sarpsborg",2,3,2.17,3.65,3.0,1.12,1.5,2.43,1.53,2.5,1.31,1.56,3.05,2.34,1.3,2.3,3.2,1.55,2,0,0,0,2,2,0,1471,0,58,0,8022,2,1,2,2,5,4,4,9,0,0,2,3,0,5,1,65,33,118,87,1.44,1.1,2.55,0,0,0,0,0,0,1,1,0,0,1,1,0,0,1,20,21,1,9,13,1,2,10,54,70,39,77,1.27,1.13,1.23,1.08,1.3,1.44,47,31,1.55,1.3,2.85,30,True,True,False,False,False,False,False,1.69,2.70,1.21,2.54,1.54,2.27,3.73,3.08,2.48,1.57,1.54,2.38,,,,
Norway_Eliteserien_2025,2025,28,Viking,HamKam,2025-11-08 17:00:00,3,0,3,4,4,8,0,4,0,0,5,3,14,9,19,12,14,15,53,47,,,0,4,1.27,6.4,8.0,1.1,1.36,1.91,1.67,2.17,1.19,1.44,3.92,2.9,1.2,1.95,4.33,1.77,3,0,0,3,0,3,0,335,0,50,0,15559,2,1,3,2,1,2,5,3,0,2,0,2,2,2,1,52,25,100,84,1.92,1.15,3.08,0,0,0,0,0,0,1,1,0,0,0,0,0,0,1,22,22,1,15,14,1,4,12,62,81,31,81,2.53,0.87,2.46,1.0,2.3,1.26,39,19,2.06,1.28,3.34,30,True,True,True,False,False,False,False,1.32,1.87,1.10,1.93,1.92,1.22,7.27,11.81,2.16,1.72,,,,,,
Norway_Eliteserien_2025,2025,28,Rosenborg,Vålerenga,2025-11-09 13:30:00,1,0,1,11,4,15,2,3,0,1,5,2,16,3,21,5,10,10,75,25,Lerkendal Stadion,"Klæbuveien 125, Trondheim",2,5,1.88,3.83,3.07,1.09,1.43,1.94,1.45,2.87,1.22,1.43,3.48,2.5,1.22,2.21,3.7,1.68,1,0,0,1,0,1,0,72,0,62,0,12121,2,1,2,4,9,0,6,9,1,2,1,2,3,3,1,73,24,129,53,2.2,0.63,2.84,0,0,0,0,0,0,1,1,0,0,0,0,0,0,1,17,16,1,10,10,1,2,18,43,81,31,69,1.8,0.87,1.62,1.0,1.33,1.48,58,19,1.62,1.31,2.93,30,True,False,False,False,False,False,False,1.40,2.00,1.12,,,2.12,4.22,3.08,3.15,1.39,1.48,2.54,,,,
Norway_Eliteserien_2025,2025,28,FK Bodo - Glimt,Bryne,2025-11-09 16:00:00,5,0,5,14,2,16,0,1,0,0,7,0,20,7,27,7,9,5,80,20,Aspmyra Stadion,"Håloglandsgata 30, Bodø",0,1,1.08,12.35,22.0,1.03,1.23,1.75,1.98,1.72,1.24,1.53,3.0,2.6,1.15,1.83,5.2,1.96,5,1,0,4,0,4,1,332,0,54,0,6036,2,1,6,0,8,2,6,10,0,1,0,0,1,0,1,113,6,120,29,2.99,0.48,3.48,0,0,0,0,0,0,1,1,0,0,1,0,0,0,1,21,14,1,5,9,1,4,11,58,89,50,77,2.47,0.6,2.38,0.46,2.26,1.04,43,12,2.41,1.05,3.46,30,True,True,True,True,True,False,False,1.25,1.71,1.10,1.74,2.08,1.08,12.91,23.90,1.70,2.15,1.44,2.60,,,,
Norway_Eliteserien_2025,2025,28,Kristiansund,Strømsgodset,2025-11-09 16:00:00,2,1,3,3,8,11,2,2,0,0,4,1,4,15,8,16,14,6,36,64,Kristiansund Stadion,"Hærnøsandveien 19, Kristiansund",2,2,1.83,4.0,3.5,1.14,1.41,2.1,1.44,2.48,1.3,1.53,3.1,2.53,1.22,2.14,4.0,1.67,3,2,0,0,1,1,2,344,0,62,0,3476,2,1,3,3,0,5,6,5,0,1,2,1,1,3,1,41,70,59,117,1.08,1.59,2.67,1,0,1,0,0,0,1,1,0,0,0,1,0,0,1,18,23,1,5,14,1,10,10,70,81,31,69,1.27,0.67,1.23,0.77,1.15,0.74,31,19,1.38,1.17,2.55,30,True,True,True,False,False,False,True,1.53,2.29,1.16,2.26,1.67,1.81,4.16,4.16,2.61,1.53,,,,,,
Norway_Eliteserien_2025,2025,28,Brann,KFUM,2025-11-09 16:00:00,1,1,2,7,3,10,1,2,0,0,3,4,6,1,9,5,8,9,61,39,Brann Stadion,"Kniksens plass 1, Bergen",1,2,1.51,3.75,4.8,1.25,1.85,3.23,1.75,2.03,1.49,1.85,2.39,1.89,1.35,2.8,3.1,1.44,2,0,0,1,1,2,0,-1,0,58,0,14560,2,1,2,3,5,0,5,5,1,2,0,0,3,0,1,43,27,105,72,1.1,0.8,1.9,0,0,0,0,0,0,1,1,0,0,0,2,0,1,1,35,28,1,9,8,1,5,5,58,77,35,70,2.2,1.0,2.23,1.08,1.93,1.26,43,23,1.98,1.2,3.18,30,True,True,False,False,False,False,True,1.83,3.19,1.26,2.78,1.46,1.67,4.02,5.28,2.06,1.81,1.88,1.92,2.48,1.49,1.36,3.26
Norway_Eliteserien_2025,2025,28,Sandefjord,Tromsø,2025-11-09 16:00:00,1,0,1,2,4,6,2,2,0,0,1,3,4,22,5,25,16,10,44,56,Komplett Arena,"Nygårdsveien 84, Sandefjord",2,2,3.33,3.6,2.15,1.24,1.85,2.63,1.62,2.2,1.48,1.85,2.48,1.92,1.32,2.71,3.1,1.48,1,1,0,0,0,0,1,342,0,50,0,3740,2,1,1,1,1,3,2,4,1,0,1,2,1,3,1,25,74,88,120,0.58,2.31,2.9,0,0,0,0,0,0,1,1,0,0,0,0,0,0,1,12,27,1,10,16,1,10,4,62,81,46,81,2.27,1.73,2.15,1.77,1.44,1.89,39,19,1.55,1.23,2.78,30,True,False,False,False,False,False,False,1.79,2.93,1.24,2.72,1.48,3.53,3.65,2.10,2.32,1.64,,,,,1.36,3.29
Norway_Eliteserien_2025,2025,28,Haugesund,Molde,2025-11-09 18:15:00,0,2,2,5,4,9,0,2,0,0,2,3,8,10,10,13,11,9,41,59,Haugesund Stadion,"Karmsundggaten 169, Haugesund",0,2,7.5,5.4,1.34,1.13,1.44,2.15,1.7,2.04,1.29,1.82,3.0,2.05,1.21,2.17,4.1,1.72,2,0,0,0,2,2,0,333,0,42,0,2809,2,1,2,1,3,3,3,6,0,0,0,2,0,2,1,31,43,84,121,1.0,1.35,2.36,0,0,0,0,0,0,1,1,0,0,0,0,0,0,1,13,25,1,9,11,1,15,6,69,77,50,69,0.33,0.93,0.38,0.85,0.33,1.22,31,23,1.08,1.28,2.36,30,True,True,False,False,False,False,False,1.49,2.24,1.16,,,7.91,5.63,1.37,2.10,1.78,1.64,2.18,,,,
Norway_Eliteserien_2025,2025,29,KFUM,FK Bodo - Glimt,2025-11-21 18:00:00,1,2,3,4,6,10,5,0,0,0,3,6,5,13,8,19,16,8,33,67,KFUM Arena,"Ekebergveien 101, Oslo",5,0,6.75,4.5,1.4,1.12,1.49,2.3,1.75,2.0,1.57,1.83,2.41,1.85,1.25,2.29,3.5,1.58,3,0,1,1,1,2,1,332,0,71,0,2869,-1,1,-1,-1,-1,-1,-1,-1,1,0,4,0,1,4,-1,0,0,0,0,0.0,0.0,0.0,0,0,0,0,0,0,1,1,0,0,-1,-1,0,0,1,9,8,1,8,16,1,8,5,68,86,47,79,1.33,2.2,1.43,2.14,1.25,2.29,33,14,1.53,1.96,3.49,30,True,True,True,False,False,False,True,1.50,2.29,1.16,2.21,1.67,7.29,5.31,1.40,2.23,1.68,1.84,1.96,2.58,1.47,,
Norway_Eliteserien_2025,2025,29,Tromsø,Rosenborg,2025-11-22 13:00:00,1,0,1,5,2,7,3,2,0,0,5,0,10,5,15,5,15,10,42,58,,,3,2,1.5,4.2,5.0,1.21,1.66,2.55,1.79,2.0,1.48,1.82,2.65,2.06,1.28,2.4,3.2,1.52,1,1,0,0,0,0,1,331,0,50,0,5707,2,1,2,1,1,1,3,2,2,1,1,1,3,2,1,31,25,17,20,1.5,0.49,1.99,0,0,0,0,0,0,1,1,1,0,1,0,0,0,1,21,20,1,10,15,1,6,11,64,79,36,79,2.07,1.0,2.0,1.07,1.82,1.39,36,22,1.49,1.29,2.78,30,True,False,False,False,False,False,False,1.61,2.51,1.19,2.39,1.58,1.47,4.82,6.57,2.08,1.78,2.02,1.78,2.31,1.58,1.33,3.31
Norway_Eliteserien_2025,2025,29,Vålerenga,Kristiansund,2025-11-22 15:00:00,3,3,6,5,6,11,2,0,1,0,5,7,8,9,13,16,13,12,58,42,Intility Arena,"Innspurten 1, Oslo",4,0,1.65,3.8,4.0,1.14,1.5,2.04,1.53,2.4,1.23,1.54,3.42,2.55,1.22,1.98,3.9,1.64,6,0,1,3,2,5,1,-1,0,68,0,8215,2,1,3,2,2,4,5,6,1,0,2,0,1,2,1,45,35,89,73,1.5,1.75,3.25,0,0,0,0,0,0,1,1,0,0,1,1,0,0,1,16,11,1,12,13,1,7,11,61,86,43,75,1.87,1.07,1.93,1.07,1.43,1.21,40,14,1.88,1.11,2.99,30,True,True,True,True,True,True,True,1.48,2.23,1.14,2.18,1.68,1.67,4.34,4.73,2.60,1.52,,,,,,
Norway_Eliteserien_2025,2025,29,Strømsgodset,Sandefjord,2025-11-22 17:00:00,2,6,8,10,7,17,3,0,0,0,6,15,13,9,19,24,12,18,54,46,Marienlyst Stadion,"Schwartzgata 2, Drammen",3,0,3.0,3.75,2.13,1.1,1.45,2.05,1.45,2.85,1.21,1.55,3.45,2.57,1.22,2.1,4.1,1.69,8,2,3,0,3,3,5,342,0,68,0,3909,2,1,6,1,4,6,7,10,1,0,2,0,1,2,1,51,48,80,59,1.98,2.89,4.87,0,0,0,0,0,0,1,1,0,1,3,0,0,0,1,14,16,1,17,12,1,10,6,71,93,43,68,0.67,0.93,0.71,0.79,0.71,1.5,29,7,1.55,1.61,3.16,30,True,True,True,True,True,True,True,1.42,2.05,1.12,,,2.74,4.01,2.36,3.00,1.41,,,,,,
Norway_Eliteserien_2025,2025,29,Molde,Brann,2025-11-22 17:00:00,4,0,4,1,4,5,4,0,0,0,5,2,4,8,9,10,11,10,42,58,Aker Stadion,"Julsundveien 14, Reknes, Molde",4,0,2.6,3.6,2.3,1.18,1.55,2.48,1.5,2.4,1.28,1.79,2.87,2.23,1.28,2.28,3.3,1.53,4,0,0,4,0,4,0,333,0,57,0,5820,2,1,0,4,1,0,4,1,2,0,2,0,2,2,1,33,53,67,93,1.16,1.16,2.32,0,0,0,0,0,0,1,1,0,0,0,1,0,0,1,14,22,1,10,11,1,5,8,68,90,50,90,1.67,1.53,1.57,1.64,1.29,1.89,32,11,1.85,1.74,3.59,30,True,True,True,True,False,False,False,1.61,2.50,1.18,2.36,1.60,3.24,3.78,2.15,2.60,1.52,1.61,2.23,,,,
Norway_Eliteserien_2025,2025,29,Bryne,Sarpsborg 08,2025-11-23 13:30:00,0,3,3,5,2,7,3,1,0,0,4,9,14,7,18,16,11,8,57,43,Bryne Stadion,"Industrivegen, Bryne",3,1,2.22,3.39,2.67,1.16,1.65,2.45,1.51,2.39,1.29,1.66,3.12,2.35,1.3,2.48,3.15,1.51,3,0,1,0,2,2,1,340,0,61,0,2327,2,1,2,1,3,1,3,4,0,0,3,1,0,4,1,70,40,137,69,1.93,1.92,3.85,0,0,0,0,0,0,1,1,0,1,0,0,0,0,1,32,15,1,8,11,1,7,11,64,83,43,75,1.47,1.47,1.57,1.36,1.0,1.25,36,18,1.45,1.77,3.22,30,True,True,True,False,False,False,False,1.61,2.48,1.19,2.37,1.59,2.31,3.78,2.94,2.61,1.52,1.52,2.42,,,,
Norway_Eliteserien_2025,2025,29,HamKam,Haugesund,2025-11-23 13:30:00,5,0,5,11,5,16,1,0,0,0,11,2,12,8,23,10,14,7,55,45,Briskeby Arena,"Arenavegen 2, Briskebyen, Hamar",1,0,1.33,4.7,6.5,1.08,1.57,2.35,1.62,2.2,1.27,1.48,3.27,2.45,1.22,2.1,3.66,1.7,5,5,0,0,0,0,5,1475,0,65,0,2940,2,1,3,3,8,2,6,10,1,0,0,0,1,0,1,65,34,93,83,2.68,1.02,3.7,0,0,0,0,0,0,1,1,1,0,1,1,0,0,1,23,9,1,7,14,1,7,10,68,86,40,90,1.6,0.27,1.5,0.29,1.21,0.32,33,14,1.47,1.02,2.49,30,True,True,True,True,True,False,False,1.47,2.19,1.15,,,1.38,5.33,7.60,2.20,1.70,1.48,2.52,,,,
Norway_Eliteserien_2025,2025,29,Fredrikstad,Viking,2025-11-23 18:15:00,0,1,1,3,5,8,6,3,0,0,4,8,8,8,12,16,10,13,43,57,Nye Fredrikstad Stadion,"K.G. Mehldalsvei 7, Kråkerøy, Fredrikstad",6,3,4.7,4.2,1.48,1.16,1.53,2.4,1.65,2.15,1.31,1.56,3.05,2.34,1.28,2.32,3.34,1.54,1,0,0,0,1,1,0,335,0,72,0,10689,2,1,3,2,0,3,5,3,1,0,5,3,1,8,1,34,64,96,124,1.29,2.04,3.33,0,0,0,0,0,0,1,1,0,0,0,1,0,0,1,25,22,1,13,10,1,7,10,61,83,47,90,1.67,2.2,1.79,2.14,1.5,2.32,39,18,1.46,1.54,3.0,30,True,False,False,False,False,False,False,1.53,2.35,1.17,,,5.80,4.74,1.52,2.25,1.67,1.51,2.45,,,,
Norway_Eliteserien_2025,2025,30,FK Bodo - Glimt,Fredrikstad,2025-11-30 16:00:00,5,0,5,7,5,12,0,2,0,0,9,1,13,2,22,3,8,5,60,40,Aspmyra Stadion,"Håloglandsgata 30, Bodø",0,2,1.09,10.0,18.5,1.05,1.18,1.53,1.75,1.95,1.27,1.49,3.27,2.45,1.12,1.62,5.5,2.05,5,3,0,2,0,2,3,332,0,40,0,6596,2,1,5,2,2,3,7,5,0,1,0,1,1,1,1,85,26,120,83,2.63,0.46,3.09,0,0,0,0,0,0,1,1,0,0,2,0,0,0,1,18,22,1,5,8,1,4,12,54,75,43,72,2.47,1.13,2.43,1.21,2.31,1.45,47,25,2.45,1.28,3.73,30,True,True,True,True,True,False,False,1.17,1.50,,1.66,2.19,1.10,11.75,22.95,1.94,1.87,1.48,2.58,,,,
Norway_Eliteserien_2025,2025,30,Rosenborg,Strømsgodset,2025-11-30 16:00:00,6,0,6,5,3,8,0,2,0,0,11,2,13,11,24,13,8,10,57,43,Lerkendal Stadion,"Klæbuveien 125, Trondheim",0,2,1.47,5.0,5.55,1.09,1.28,1.74,1.4,2.72,1.24,1.49,3.62,2.7,1.18,1.85,4.55,1.89,6,2,0,4,0,4,2,72,0,64,0,10434,2,1,2,1,3,2,3,5,0,1,0,1,1,1,1,76,37,96,81,2.82,1.23,4.05,0,0,0,0,0,0,1,1,0,0,0,0,0,0,1,15,16,1,10,8,1,9,7,58,79,32,79,1.8,0.67,1.71,0.71,1.34,0.69,43,22,1.66,1.2,2.86,30,True,True,True,True,True,True,False,1.25,1.63,1.10,1.83,2.02,1.42,5.71,6.32,2.96,1.43,,,,,,
Norway_Eliteserien_2025,2025,30,Sandefjord,KFUM,2025-11-30 16:00:00,2,0,2,3,12,15,2,2,0,0,3,6,9,6,12,12,15,11,39,61,Komplett Arena,"Nygårdsveien 84, Sandefjord",2,2,1.93,3.76,3.59,1.16,1.7,2.61,1.6,2.2,1.52,2.12,2.36,1.94,1.3,2.55,3.34,1.48,2,2,0,0,0,0,2,342,0,43,0,5013,2,1,3,6,0,6,9,6,1,1,1,1,2,2,1,29,56,71,134,1.18,1.6,2.77,0,0,0,0,0,0,1,1,0,0,0,3,1,0,1,19,32,1,11,15,1,7,4,50,79,36,65,2.27,1.0,2.21,1.07,1.55,1.21,50,21,1.48,1.17,2.65,30,True,True,False,False,False,False,False,1.66,2.62,1.20,2.55,1.53,1.96,4.05,3.62,2.40,1.61,1.94,1.86,2.42,1.54,1.35,3.27
Norway_Eliteserien_2025,2025,30,Kristiansund,Tromsø,2025-11-30 16:00:00,1,3,4,0,4,4,1,2,0,0,2,7,2,7,4,14,13,14,42,58,Kristiansund Stadion,"Hærnøsandveien 19, Kristiansund",1,2,7.0,4.75,1.53,1.18,1.62,2.42,1.75,1.95,1.57,2.22,2.3,1.81,1.29,2.36,3.2,1.52,4,0,3,1,0,1,3,331,0,57,0,2948,2,1,0,1,0,3,1,3,0,2,1,0,2,1,1,25,35,86,96,0.59,1.63,2.22,0,0,0,0,0,0,1,1,0,1,0,0,0,0,1,16,28,1,14,13,1,7,2,54,75,36,68,1.27,1.73,1.36,1.64,1.21,1.86,47,25,1.35,1.31,2.66,30,True,True,True,True,False,False,True,1.58,2.50,1.18,2.44,1.57,7.63,5.38,1.39,2.06,1.81,1.97,1.83,2.36,1.57,1.32,3.28
Norway_Eliteserien_2025,2025,30,Brann,HamKam,2025-11-30 16:00:00,3,1,4,8,3,11,1,4,0,1,8,3,11,0,19,3,11,8,73,27,Brann Stadion,"Kniksens plass 1, Bergen",1,6,1.23,6.0,9.0,1.1,1.28,1.83,1.66,2.27,1.28,1.47,3.38,2.5,1.16,2.0,4.3,1.86,4,2,1,1,0,1,3,336,0,54,0,14081,2,1,5,3,3,0,8,3,0,4,1,1,4,2,1,95,15,127,72,2.44,0.52,2.96,1,0,1,0,0,0,1,1,0,1,2,0,0,0,1,23,26,1,7,11,1,4,8,61,83,29,79,2.2,0.87,2.14,0.93,1.83,1.28,40,18,1.92,1.27,3.19,30,True,True,True,True,False,False,True,1.34,1.88,1.10,2.01,1.82,1.27,6.58,9.59,2.25,1.68,1.47,2.60,,,,
Norway_Eliteserien_2025,2025,30,Haugesund,Bryne,2025-11-30 16:00:00,1,4,5,2,8,10,0,0,0,0,2,7,5,7,7,14,6,8,50,50,Haugesund Stadion,"Karmsundggaten 169, Haugesund",0,0,3.6,3.7,1.9,1.2,1.69,2.6,1.62,2.37,1.4,1.84,2.72,2.12,1.33,2.41,3.3,1.53,5,1,2,0,2,2,3,1477,0,47,0,3461,2,-1,1,4,1,4,5,5,0,0,0,0,0,0,1,36,43,112,86,0.86,1.68,2.54,0,0,0,0,0,0,1,1,1,2,0,3,-1,-1,1,11,15,1,8,6,1,7,4,57,86,43,68,0.33,0.6,0.36,0.43,0.31,0.97,43,14,1.07,1.01,2.08,30,True,True,True,True,True,False,True,1.58,2.49,1.18,2.38,1.60,3.46,4.07,2.00,2.56,1.55,1.68,2.14,,,1.32,3.30
Norway_Eliteserien_2025,2025,30,Viking,Vålerenga,2025-11-30 16:00:00,5,1,6,6,3,9,1,3,0,0,5,4,10,6,15,10,18,13,48,52,,,1,3,1.12,6.9,10.5,1.08,1.26,1.7,1.59,2.4,1.32,1.49,3.05,2.33,1.14,1.83,4.7,1.93,6,3,0,2,1,3,3,335,0,57,0,15900,2,1,4,1,2,2,5,4,0,2,1,1,2,2,1,41,15,76,67,1.59,1.03,2.61,1,0,1,0,0,0,1,1,1,0,1,0,0,0,1,24,18,1,12,18,1,8,9,65,79,36,68,2.53,0.87,2.5,0.93,2.34,1.41,36,21,2.05,1.26,3.31,30,True,True,True,True,True,True,True,1.27,1.73,,1.79,2.04,1.22,7.87,10.84,2.29,1.65,,,,,,
Norway_Eliteserien_2025,2025,30,Sarpsborg 08,Molde,2025-11-30 16:00:00,1,0,1,4,11,15,0,1,0,0,4,9,4,17,8,26,5,11,22,78,Sarpsborg Stadion,"Haftor Joenssonsgata 19, Sarpsborg",0,1,2.65,3.7,2.25,1.06,1.35,1.92,1.33,3.1,1.24,1.5,3.2,2.48,1.18,1.97,4.1,1.78,1,1,0,0,0,0,1,340,0,57,0,5339,2,1,3,5,1,6,8,7,0,0,0,1,0,1,1,31,110,53,146,1.01,3.06,4.06,0,0,0,0,0,0,1,1,0,0,2,0,0,0,1,17,25,1,11,5,1,15,5,64,79,43,75,1.27,0.93,1.14,1.0,1.31,1.34,36,22,1.54,1.28,2.82,30,True,False,False,False,False,False,False,1.36,1.89,1.10,1.99,1.85,2.38,4.15,2.69,3.27,1.37,1.52,2.48,,,,
