league,season,game_week,home_name,away_name,date,homeGoalCount,awayGoalCount,totalGoalCount,team_a_corners,team_b_corners,totalCornerCount,team_a_yellow_cards,team_b_yellow_cards,team_a_red_cards,team_b_red_cards,team_a_shotsOnTarget,team_b_shotsOnTarget,team_a_shotsOffTarget,team_b_shotsOffTarget,team_a_shots,team_b_shots,team_a_fouls,team_b_fouls,team_a_possession,team_b_possession,stadium_name,stadium_location,team_a_cards_num,team_b_cards_num,avg_odds_ft_1,avg_odds_ft_x,avg_odds_ft_2,avg_odds_ft_over15,avg_odds_ft_over25,avg_odds_ft_over35,avg_odds_btts_yes,avg_odds_btts_no,avg_odds_corners_over_85,avg_odds_corners_over_95,avg_odds_corners_under_85,avg_odds_corners_under_95,avg_odds_1st_half_over05,avg_odds_1st_half_over15,avg_odds_1st_half_under05,avg_odds_1st_half_under15,overallGoalCount,ht_goals_team_a,ht_goals_team_b,goals_2hg_team_a,goals_2hg_team_b,GoalCount_2hg,HTGoalCount,winningTeam,no_home_away,btts_potential,goalTimingDisabled,attendance,corner_timings_recorded,card_timings_recorded,team_a_fh_corners,team_b_fh_corners,team_a_2h_corners,team_b_2h_corners,corner_fh_count,corner_2h_count,team_a_fh_cards,team_b_fh_cards,team_a_2h_cards,team_b_2h_cards,total_fh_cards,total_2h_cards,attacks_recorded,team_a_dangerous_attacks,team_b_dangerous_attacks,team_a_attacks,team_b_attacks,team_a_xg,team_b_xg,total_xg,team_a_penalties_won,team_b_penalties_won,team_a_penalty_goals,team_b_penalty_goals,team_a_penalty_missed,team_b_penalty_missed,pens_recorded,goal_timings_recorded,team_a_0_10_min_goals,team_b_0_10_min_goals,team_a_corners_0_10_min,team_b_corners_0_10_min,team_a_cards_0_10_min,team_b_cards_0_10_min,throwins_recorded,team_a_throwins,team_b_throwins,freekicks_recorded,team_a_freekicks,team_b_freekicks,goalkicks_recorded,team_a_goalkicks,team_b_goalkicks,o25_potential,o15_potential,o15HT_potential,o05HT_potential,home_ppg,away_ppg,pre_match_home_ppg,pre_match_away_ppg,pre_match_teamA_overall_ppg,pre_match_teamB_overall_ppg,u25_potential,u15_potential,team_a_xg_prematch,team_b_xg_prematch,total_xg_prematch,matches_completed_minimum,over05,over15,over25,over35,over45,over55,btts,pinnacle_ft_over35,pinnacle_ft_over25,pinnacle_ft_over15,pinnacle_corners_under_85,pinnacle_corners_over_95,pinnacle_corners_under_95,pinnacle_corners_over_85,pinnacle_1st_half_over15,pinnacle_1st_half_under15,pinnacle_1st_half_over05,pinnacle_1st_half_under05,pinnacle_ft_2,pinnacle_ft_x,pinnacle_ft_1,pinnacle_btts_yes,pinnacle_btts_no
South_Korea_K_League_1_2025,2025,1,Pohang Steelers,Daejeon Citizen,2025-02-15 04:00:00,0,3,3,7,2,9,0,3,0,0,3,5,17,3,20,8,3,13,68,32,Steelyard Stadium,", Pohang",0,3,2.09,3.2,3.5,1.33,2.08,3.3,1.83,1.85,1.82,2.48,1.82,1.45,1.45,3.0,2.81,1.33,3,0,1,0,2,2,1,3845,0,0,0,-1,2,1,1,1,6,1,2,7,0,0,0,3,0,3,1,88,42,133,91,2.11,1.17,3.27,0,0,0,0,0,0,1,1,0,0,1,0,0,0,1,27,15,1,13,3,1,4,14,0,0,0,0,1.63,1.58,0.0,0.0,0.0,0.0,0,0,0.0,0.0,0.0,38,True,True,True,False,False,False,False,3.86,2.13,1.36,1.92,2.39,1.54,1.90,3.22,1.37,1.45,2.85,3.39,3.49,2.21,1.89,1.96
South_Korea_K_League_1_2025,2025,1,Jeju United,FC Seoul,2025-02-15 06:30:00,2,0,2,1,4,5,0,1,0,0,3,2,6,6,9,8,9,10,44,56,,,0,1,4.0,3.35,1.86,1.4,2.28,3.8,1.91,1.8,1.7,2.12,2.05,1.62,1.42,3.0,2.6,1.33,2,1,0,1,0,1,1,3832,0,0,0,-1,2,1,0,4,1,0,4,1,0,0,0,1,0,1,1,64,88,102,117,1.25,1.29,2.53,0,0,0,0,0,0,1,1,0,0,0,0,0,0,1,26,28,1,10,9,1,10,7,0,0,0,0,1.22,1.16,0.0,0.0,0.0,0.0,0,0,0.0,0.0,0.0,38,True,True,False,False,False,False,False,4.11,2.25,1.40,,,,,3.41,1.34,1.49,2.70,1.90,3.43,4.62,2.03,1.83
South_Korea_K_League_1_2025,2025,1,Gwangju,Suwon,2025-02-15 07:30:00,0,0,0,3,2,5,0,1,0,0,4,2,13,3,17,5,10,9,51,49,Gwangju World Cup Stadium,", Gwangju",0,1,2.42,2.95,2.94,1.48,2.26,4.2,2.05,1.7,1.66,2.05,2.19,1.75,1.55,3.3,2.3,1.26,0,0,0,0,0,0,0,-1,0,0,0,-1,2,1,1,0,2,2,1,4,0,0,0,1,0,1,1,87,50,129,112,1.98,0.83,2.82,0,0,0,0,0,0,1,1,0,0,0,0,0,0,1,10,13,1,9,10,1,3,10,0,0,0,0,1.47,0.84,0.0,0.0,0.0,0.0,0,0,0.0,0.0,0.0,38,False,False,False,False,False,False,False,5.40,2.75,1.57,2.19,2.05,1.75,1.66,3.30,1.36,1.61,2.39,3.35,2.97,2.51,2.24,1.69
South_Korea_K_League_1_2025,2025,1,Ulsan,Anyang,2025-02-16 05:00:00,0,1,1,5,1,6,0,0,0,0,3,3,12,4,15,7,6,13,66,34,Ulsan Munsu Football Stadium,"3302-5 Kozukue, Kohoku-ku, Ulsan",0,0,1.58,3.85,4.05,1.28,1.94,3.3,1.85,1.93,0.0,0.0,0.0,0.0,1.4,2.85,2.96,1.4,1,0,0,0,1,1,0,3848,0,0,0,-1,2,-1,1,0,4,1,1,5,0,0,0,0,0,0,1,115,45,132,89,1.98,0.99,2.97,0,0,0,0,0,0,1,1,0,0,0,0,-1,-1,1,20,16,1,13,6,1,3,12,0,0,0,0,1.37,1.11,0.0,0.0,0.0,0.0,0,0,0.0,0.0,0.0,38,True,False,False,False,False,False,False,3.50,2.00,1.32,,,,,3.08,1.40,1.42,2.96,4.67,3.78,1.79,1.92,1.93
South_Korea_K_League_1_2025,2025,1,Daegu,Gangwon,2025-02-16 07:30:00,2,1,3,3,4,7,0,2,0,0,3,3,14,8,17,11,6,14,62,38,,,0,2,2.9,3.0,3.11,1.31,2.05,3.6,1.88,1.9,2.01,2.73,2.02,1.61,1.48,3.0,2.6,1.39,3,0,1,2,0,2,1,3834,0,0,0,-1,2,1,1,2,2,2,3,4,0,1,0,1,1,1,1,56,39,125,78,1.69,1.19,2.88,0,0,0,0,0,0,1,1,0,0,0,2,0,0,1,17,15,1,14,6,1,10,12,0,0,0,0,1.17,1.32,0.0,0.0,0.0,0.0,0,0,0.0,0.0,0.0,38,True,True,True,False,False,False,True,3.83,2.17,1.38,2.02,2.26,1.61,1.78,3.36,1.34,1.48,2.72,3.46,3.22,2.30,1.88,1.98
South_Korea_K_League_1_2025,2025,1,Jeonbuk Motors,Sangju Sangmu,2025-02-16 07:30:00,2,1,3,10,1,11,3,0,0,0,6,3,10,8,16,11,11,12,52,48,Jeonju World Cup Stadium,"763-1 Banwol-dong, Deokjin-gu, Jeonju",3,0,2.49,3.1,2.9,1.26,2.0,3.64,1.68,2.0,1.78,2.53,1.92,1.5,1.4,2.8,2.7,1.4,3,1,1,1,0,1,2,3837,0,0,0,-1,2,1,4,0,6,1,4,7,0,0,3,0,0,3,1,95,63,123,122,2.11,1.37,3.48,0,0,0,0,0,0,1,1,0,0,0,0,0,0,1,18,15,1,12,11,1,5,9,0,0,0,0,2.05,1.56,0.0,0.0,0.0,0.0,0,0,0.0,0.0,0.0,38,True,True,True,False,False,False,True,3.58,2.05,1.32,1.98,2.27,1.58,1.83,3.05,1.40,1.42,2.96,2.99,3.44,2.45,1.78,2.11
South_Korea_K_League_1_2025,2025,2,Jeju United,Sangju Sangmu,2025-02-22 05:00:00,2,3,5,0,5,5,3,4,1,0,4,7,3,8,7,15,18,16,51,49,,,5,4,2.89,3.12,2.63,1.26,2.1,3.55,1.79,1.91,1.7,2.37,2.05,1.47,1.44,3.0,2.55,1.36,5,1,0,1,3,4,1,3839,0,50,0,-1,2,1,0,1,0,4,1,4,2,1,2,3,3,5,1,40,70,88,100,1.02,1.94,2.96,0,0,0,0,0,0,1,1,0,0,0,0,0,0,1,22,39,1,16,18,1,6,6,50,100,50,100,1.22,1.56,3.0,0.0,3.0,0.0,50,0,1.25,1.37,2.62,38,True,True,True,True,True,False,True,3.90,2.19,1.38,1.80,2.47,1.50,2.01,3.42,1.34,1.49,2.69,2.67,3.12,2.95,1.85,2.01
South_Korea_K_League_1_2025,2025,2,Daegu,Suwon,2025-02-22 07:30:00,3,1,4,9,5,14,2,2,0,0,7,4,15,7,22,11,10,8,56,44,,,2,2,2.05,3.35,3.2,1.3,1.95,3.12,1.74,2.0,1.7,2.15,1.98,1.62,1.4,2.7,2.68,1.38,4,1,0,2,1,3,1,3834,0,50,0,-1,2,1,6,1,3,4,7,7,1,1,1,1,2,2,1,88,88,119,112,2.51,1.61,4.12,1,0,1,0,0,0,1,1,0,0,0,0,0,0,1,16,22,1,7,10,1,4,11,50,50,0,50,1.17,0.84,3.0,1.0,3.0,1.0,50,50,1.69,0.83,2.52,38,True,True,True,True,False,False,True,3.33,1.95,1.29,,,,,3.15,1.38,1.46,2.81,3.52,3.48,2.16,1.74,2.15
South_Korea_K_League_1_2025,2025,2,FC Seoul,Anyang,2025-02-22 07:30:00,2,1,3,4,2,6,1,2,0,0,4,2,17,5,21,7,3,11,51,49,Seoul World Cup Stadium,"515 Seongsan-dong, Mapo-gu, Sangam, Seoul",1,2,1.87,3.0,4.0,1.46,2.53,4.8,1.9,1.8,1.8,2.33,1.94,1.52,1.54,3.39,2.35,1.24,3,0,0,2,1,3,0,3833,0,0,0,-1,2,1,1,2,3,0,3,3,1,1,0,1,2,1,1,58,34,78,74,2.01,0.83,2.85,0,0,0,0,0,0,1,1,0,0,0,0,0,0,1,16,21,1,11,3,1,3,13,0,0,0,0,1.42,1.11,0.0,3.0,0.0,3.0,50,50,0.0,0.99,0.99,38,True,True,True,False,False,False,True,4.84,2.51,1.50,1.96,2.33,1.56,1.85,3.39,1.34,1.62,2.37,4.10,3.24,2.08,2.16,1.74
South_Korea_K_League_1_2025,2025,2,Daejeon Citizen,Ulsan,2025-02-23 05:00:00,0,2,2,5,4,9,1,2,0,0,1,4,7,12,8,16,10,12,61,39,Daejeon World Cup Stadium,"270 Noeun-dong, Yuseong-gu, Daejeon",1,2,2.35,3.4,2.78,1.23,2.04,3.2,1.65,2.03,1.84,2.5,1.88,1.52,1.44,3.12,2.89,1.39,2,0,1,0,1,1,1,3836,0,0,0,-1,2,1,2,2,3,2,4,5,0,2,1,0,2,1,1,96,64,175,119,1.29,1.76,3.05,0,0,0,0,0,0,1,1,0,1,1,1,0,0,1,18,12,1,12,10,1,5,6,0,0,0,0,1.84,0.95,0.0,0.0,3.0,0.0,0,0,0.0,0.0,0.0,38,True,True,False,False,False,False,False,3.38,1.96,1.30,1.88,2.44,1.52,1.93,3.12,1.39,1.44,2.89,3.07,3.48,2.38,1.73,2.17
South_Korea_K_League_1_2025,2025,2,Gangwon,Pohang Steelers,2025-02-23 07:30:00,2,1,3,4,3,7,1,3,0,0,6,4,10,1,16,5,12,15,64,36,Chuncheon Songam Stadium,"157 Songam-dong, Chuncheon",1,3,2.55,2.9,2.7,1.33,2.18,3.82,1.79,1.98,1.96,2.5,1.72,1.5,1.42,2.9,2.62,1.36,3,0,1,2,0,2,1,3831,0,0,0,-1,2,1,2,3,2,0,5,2,0,1,1,2,1,3,1,69,22,145,72,1.94,0.77,2.7,0,0,0,0,0,0,1,1,0,0,0,0,0,0,1,26,18,1,15,12,1,3,9,0,0,0,0,1.42,1.32,0.0,0.0,0.0,0.0,0,0,0.0,0.0,0.0,38,True,True,True,False,False,False,True,4.10,2.25,1.39,1.85,2.45,1.50,1.96,3.40,1.34,1.49,2.71,2.88,3.21,2.67,1.90,1.95
South_Korea_K_League_1_2025,2025,2,Jeonbuk Motors,Gwangju,2025-02-23 07:30:00,2,2,4,4,1,5,1,2,0,0,5,2,9,2,14,4,14,15,58,42,Jeonju World Cup Stadium,"763-1 Banwol-dong, Deokjin-gu, Jeonju",1,2,2.1,3.25,3.61,1.36,2.19,4.0,1.77,1.85,1.85,3.22,1.91,1.51,1.42,3.2,2.52,1.36,4,1,1,1,1,2,2,-1,0,50,0,-1,2,1,1,0,3,1,1,4,0,0,1,2,0,3,1,109,55,125,105,2.02,0.8,2.82,0,0,0,0,0,0,1,1,0,0,0,0,0,0,1,17,17,1,15,14,1,3,11,50,50,50,50,2.05,1.37,3.0,0.0,3.0,1.0,0,0,2.11,0.0,2.11,38,True,True,True,True,False,False,True,4.29,2.32,1.42,1.96,2.34,1.56,1.85,3.39,1.34,1.53,2.61,3.53,3.30,2.24,2.00,1.85
South_Korea_K_League_1_2025,2025,3,Ulsan,Jeonbuk Motors,2025-03-01 05:00:00,1,0,1,5,4,9,5,3,0,0,4,2,10,6,14,8,17,14,54,46,Ulsan Munsu Football Stadium,"3302-5 Kozukue, Kohoku-ku, Ulsan",5,3,2.68,3.42,2.57,1.3,1.95,3.3,1.73,2.05,1.9,2.52,1.8,1.49,1.4,2.7,2.87,1.4,1,0,0,1,0,1,0,3836,0,0,0,-1,2,1,3,1,2,3,4,5,3,3,2,0,6,2,1,86,83,130,123,1.79,1.25,3.04,0,0,0,0,0,0,1,1,0,0,2,0,2,1,1,14,18,1,14,17,1,6,8,0,0,0,0,1.37,2.11,0.0,0.0,1.5,2.0,50,50,1.98,0.0,1.98,38,True,False,False,False,False,False,False,3.48,2.02,1.32,1.83,2.52,1.49,1.99,3.15,1.38,1.44,2.87,2.97,3.38,2.50,1.78,2.10
South_Korea_K_League_1_2025,2025,3,Pohang Steelers,Daegu,2025-03-01 07:30:00,0,0,0,7,2,9,2,5,0,0,3,3,10,6,13,9,14,11,52,48,Steelyard Stadium,", Pohang",2,5,2.3,3.35,2.7,1.29,1.8,3.16,1.63,2.06,1.82,2.57,1.88,1.52,1.4,2.93,2.8,1.4,0,0,0,0,0,0,0,-1,0,0,0,-1,2,1,3,0,4,2,3,6,0,1,2,4,1,6,1,64,38,101,93,1.49,1.06,2.56,0,0,0,0,0,0,1,1,0,0,0,0,0,0,1,25,13,1,11,14,1,5,7,50,50,0,50,1.63,0.65,0.0,0.0,0.0,3.0,0,0,2.11,0.0,2.11,38,False,False,False,False,False,False,False,3.16,1.88,1.26,1.94,2.31,1.58,1.87,2.93,1.43,1.40,3.06,3.00,3.46,2.44,1.66,2.29
South_Korea_K_League_1_2025,2025,3,Gwangju,Anyang,2025-03-01 07:30:00,2,1,3,2,1,3,3,1,0,0,4,2,6,8,10,10,10,16,61,39,Gwangju World Cup Stadium,", Gwangju",3,1,2.0,3.06,4.01,1.47,2.26,4.1,2.14,1.7,1.95,2.48,1.76,1.47,1.53,3.5,2.4,1.4,3,0,1,2,0,2,1,3841,0,25,0,-1,2,1,2,0,0,1,2,1,1,0,2,1,1,3,1,100,61,136,98,1.64,1.22,2.86,0,0,0,0,0,0,1,1,0,0,0,0,0,0,1,12,17,1,16,10,1,8,11,25,25,0,0,1.47,1.11,1.0,1.5,1.0,1.5,75,75,1.98,0.91,2.89,38,True,True,True,False,False,False,True,5.34,2.72,1.54,1.71,2.42,1.51,2.08,3.26,1.34,1.64,2.34,4.13,3.07,2.15,2.24,1.69
South_Korea_K_League_1_2025,2025,3,Daejeon Citizen,Suwon,2025-03-02 05:00:00,1,0,1,2,2,4,1,0,0,0,5,0,11,8,16,8,9,7,62,38,Daejeon World Cup Stadium,"270 Noeun-dong, Yuseong-gu, Daejeon",1,0,1.75,3.75,3.9,1.25,1.75,2.8,1.73,2.0,1.7,2.46,2.02,1.65,1.4,2.7,3.07,1.44,1,0,0,1,0,1,0,3845,0,25,0,-1,2,1,2,1,0,1,3,1,1,0,0,0,1,0,1,105,58,146,111,2.12,0.94,3.06,0,0,0,0,0,0,1,1,0,0,0,0,0,0,1,19,9,1,7,9,1,7,16,25,75,0,75,1.84,0.84,0.0,0.5,1.5,0.5,75,25,1.29,1.22,2.51,38,True,False,False,False,False,False,False,3.10,1.86,1.27,2.06,2.20,1.65,1.74,2.92,1.43,1.40,3.07,4.12,3.79,1.89,1.76,2.12
South_Korea_K_League_1_2025,2025,3,Gangwon,Jeju United,2025-03-02 07:30:00,0,0,0,6,5,11,2,0,0,0,3,5,3,7,6,12,11,13,42,58,Chuncheon Songam Stadium,"157 Songam-dong, Chuncheon",2,0,2.03,3.1,3.89,1.4,2.1,4.0,1.89,1.81,1.76,2.34,1.92,1.54,1.42,3.0,2.62,1.33,0,0,0,0,0,0,0,-1,0,50,0,-1,2,1,2,2,4,3,4,7,1,0,1,0,1,1,1,50,58,102,128,0.96,1.54,2.5,0,0,0,0,0,0,1,1,0,0,0,1,0,0,1,28,37,1,13,11,1,5,5,50,50,0,50,1.42,0.85,3.0,0.0,1.5,1.5,0,0,1.94,0.0,1.94,38,False,False,False,False,False,False,False,3.97,2.20,1.39,,,,,3.41,1.34,1.50,2.68,3.95,3.39,2.06,1.96,1.88
South_Korea_K_League_1_2025,2025,3,FC Seoul,Sangju Sangmu,2025-03-03 05:00:00,0,0,0,0,3,3,3,2,0,0,4,0,8,4,12,4,4,15,55,45,Seoul World Cup Stadium,"515 Seongsan-dong, Mapo-gu, Sangam, Seoul",3,2,2.5,3.2,2.83,1.32,2.0,3.5,1.8,2.03,1.74,2.27,1.91,1.58,1.4,2.9,2.75,1.35,0,0,0,0,0,0,0,-1,0,100,0,-1,-1,1,-1,-1,-1,-1,-1,-1,2,1,1,1,3,2,1,18,14,46,52,1.16,0.36,1.53,0,0,0,0,0,0,1,1,0,0,-1,-1,0,0,1,25,12,1,15,4,1,2,9,100,100,25,50,1.42,1.56,3.0,1.5,1.5,1.5,0,0,2.01,1.65,3.66,38,False,False,False,False,False,False,False,3.69,2.07,1.33,2.00,2.27,1.60,1.81,3.17,1.38,1.44,2.89,2.86,3.44,2.54,1.83,2.03
South_Korea_K_League_1_2025,2025,4,Suwon,FC Seoul,2025-03-08 05:00:00,0,0,0,4,4,8,1,0,0,0,4,4,6,6,10,10,9,7,43,57,,,1,0,3.5,3.25,2.02,1.27,1.93,3.75,1.75,1.91,1.76,2.19,2.0,1.63,1.42,2.88,2.55,1.35,0,0,0,0,0,0,0,-1,0,0,0,-1,2,1,2,1,2,3,3,5,0,0,1,0,0,1,1,59,81,119,144,1.35,1.51,2.86,0,0,0,0,0,0,1,1,0,0,0,0,0,0,1,16,17,1,7,9,1,11,8,0,50,0,50,1.37,1.16,0.0,0.0,0.33,1.33,50,0,0.0,1.29,1.29,38,False,False,False,False,False,False,False,3.69,2.08,1.34,,,,,3.41,1.34,1.50,2.68,2.04,3.57,3.79,1.89,1.95
South_Korea_K_League_1_2025,2025,4,Daegu,Daejeon Citizen,2025-03-08 07:30:00,1,2,3,6,2,8,1,5,0,1,5,5,11,2,16,7,7,13,50,50,,,1,6,2.44,3.2,3.0,1.31,1.93,3.53,1.73,2.1,1.67,2.58,2.08,1.7,1.35,2.7,2.7,1.37,3,0,2,1,0,1,2,3845,0,50,0,-1,-1,1,-1,-1,-1,-1,-1,-1,0,4,1,2,4,3,1,93,38,146,71,2.04,1.07,3.11,0,0,0,0,0,0,1,1,0,2,-1,-1,0,2,1,29,14,1,12,7,1,3,12,100,100,0,100,1.17,1.58,3.0,3.0,2.33,2.0,0,0,2.1,1.17,3.27,38,True,True,True,False,False,False,True,3.43,2.00,1.30,2.10,2.14,1.68,1.70,3.15,1.38,1.45,2.86,3.03,3.28,2.52,1.74,2.16
South_Korea_K_League_1_2025,2025,4,Anyang,Sangju Sangmu,2025-03-08 07:30:00,1,3,4,5,5,10,2,1,0,0,7,8,5,12,12,20,8,7,56,44,Anyang Stadium,"1023, Bisan3-dong, Dongan-gu, Anyang",2,1,2.83,3.2,2.45,1.44,2.3,4.33,1.95,1.77,2.18,2.98,1.68,1.4,1.46,3.28,2.62,1.27,4,1,3,0,0,0,4,3839,0,34,0,-1,2,1,1,0,4,5,1,9,0,0,2,1,0,3,1,73,80,108,96,1.78,2.39,4.17,0,0,0,0,0,0,1,1,0,0,0,0,0,0,1,29,14,1,6,8,1,12,9,34,34,17,34,1.47,1.56,0.0,1.33,1.0,1.33,17,17,0.0,1.22,1.22,38,True,True,True,True,False,False,True,4.42,2.39,1.43,,,,,3.38,1.34,1.53,2.59,2.50,3.21,3.11,2.01,1.85
South_Korea_K_League_1_2025,2025,4,Ulsan,Jeju United,2025-03-09 05:00:00,2,0,2,8,6,14,4,1,0,0,6,1,13,10,19,11,14,15,46,54,Ulsan Munsu Football Stadium,"3302-5 Kozukue, Kohoku-ku, Ulsan",4,1,1.57,3.85,5.0,1.23,1.99,3.3,1.85,1.85,1.73,2.65,1.99,1.64,1.4,2.9,2.9,1.4,2,1,0,1,0,1,1,3836,0,0,0,-1,2,1,3,2,5,4,5,9,2,0,2,1,2,3,1,87,93,117,147,2.24,1.45,3.69,0,0,0,0,0,0,1,1,0,0,0,1,0,0,1,18,19,1,15,14,1,12,10,0,0,0,0,1.37,0.85,1.5,1.0,2.0,1.33,100,100,1.89,1.54,3.43,38,True,True,False,False,False,False,False,3.26,1.92,1.30,2.07,2.20,1.64,1.74,,,,,6.23,4.14,1.57,1.96,1.88
South_Korea_K_League_1_2025,2025,4,Jeonbuk Motors,Gangwon,2025-03-09 07:30:00,0,1,1,5,0,5,1,0,0,0,3,1,8,4,11,5,16,3,49,51,Jeonju World Cup Stadium,"763-1 Banwol-dong, Deokjin-gu, Jeonju",1,0,2.0,3.1,3.4,1.36,2.05,3.8,1.85,1.85,1.83,2.25,1.9,1.55,1.52,3.41,2.61,1.32,1,0,0,0,1,1,0,3831,0,100,0,-1,2,1,1,0,4,0,1,4,0,0,1,0,0,1,1,118,41,147,97,1.76,0.7,2.46,0,0,0,0,0,0,1,1,0,0,0,0,0,0,1,34,14,1,3,16,1,4,8,100,100,50,100,2.05,1.32,2.0,0.0,1.33,1.33,0,0,2.07,1.19,3.26,38,True,False,False,False,False,False,False,3.99,2.21,1.38,1.99,2.30,1.58,1.83,3.41,1.34,1.50,2.68,3.59,3.30,2.21,1.89,1.96
South_Korea_K_League_1_2025,2025,5,Jeju United,Daejeon Citizen,2025-03-15 05:00:00,1,3,4,1,4,5,1,0,0,0,3,5,12,6,15,11,9,5,53,47,,,1,0,2.7,3.2,2.51,1.3,2.03,3.51,1.8,1.91,1.9,2.37,1.9,1.58,1.46,2.95,2.75,1.39,4,0,0,1,3,4,0,3845,0,50,0,-1,2,1,0,2,1,2,2,3,1,0,0,0,1,0,1,45,49,87,75,1.48,1.4,2.88,1,0,1,0,0,0,1,1,0,0,0,0,1,0,1,23,22,1,4,9,1,15,10,75,100,25,100,1.22,1.58,1.5,3.0,1.0,2.25,25,0,1.13,1.12,2.25,38,True,True,True,True,False,False,True,3.51,2.03,1.31,2.11,2.12,1.68,1.69,3.21,1.37,1.48,2.75,2.55,3.26,3.00,1.75,2.15
South_Korea_K_League_1_2025,2025,5,Daegu,Anyang,2025-03-15 07:30:00,0,1,1,14,3,17,4,5,0,0,8,5,11,9,19,14,10,12,60,40,,,4,5,1.97,3.45,3.5,1.28,1.9,3.25,1.73,2.0,1.89,2.4,1.92,1.51,1.42,2.84,2.78,1.42,1,0,1,0,0,0,1,3848,0,84,0,-1,2,1,8,1,6,2,9,8,3,2,1,3,5,4,1,118,54,161,97,2.61,1.63,4.24,0,0,0,0,0,0,1,1,0,0,3,0,0,0,1,24,19,1,12,10,1,3,7,84,84,17,67,1.17,1.11,2.0,1.0,1.75,0.75,17,17,2.08,1.01,3.09,38,True,False,False,False,False,False,False,3.31,1.93,1.29,1.92,2.37,1.55,1.89,3.10,1.39,1.43,2.94,4.07,3.58,1.96,1.78,2.10
South_Korea_K_League_1_2025,2025,5,Gangwon,FC Seoul,2025-03-15 07:30:00,0,1,1,1,2,3,2,2,0,0,0,8,5,4,5,12,6,11,54,46,Chuncheon Songam Stadium,"157 Songam-dong, Chuncheon",2,2,3.05,2.88,2.44,1.61,2.75,5.5,2.2,1.62,1.91,2.46,1.8,1.48,1.6,3.7,2.2,1.22,1,0,1,0,0,0,1,3833,0,25,0,-1,2,1,1,1,0,1,2,1,0,0,2,2,0,4,1,45,54,105,105,0.66,1.71,2.37,0,0,0,0,0,0,1,1,0,0,0,0,0,0,1,23,20,1,11,6,1,2,6,25,50,0,50,1.42,1.16,2.0,0.5,1.75,1.25,75,50,1.45,1.4,2.85,38,True,False,False,False,False,False,False,5.87,2.90,1.61,1.78,2.54,1.48,2.03,3.33,1.35,1.69,2.24,2.53,2.84,3.49,2.30,1.66
South_Korea_K_League_1_2025,2025,5,Suwon,Ulsan,2025-03-16 05:00:00,1,1,2,1,8,9,2,2,0,0,2,3,4,20,6,23,16,19,36,64,,,2,2,3.75,3.4,1.93,1.35,1.93,3.75,1.85,1.83,1.74,2.52,2.07,1.66,1.4,3.0,2.74,1.37,2,1,0,0,1,1,1,-1,0,0,0,-1,2,1,0,4,1,4,4,5,1,0,1,2,1,3,1,54,105,104,142,0.92,2.41,3.33,0,0,0,0,0,0,1,1,0,0,0,0,0,0,1,12,16,1,19,15,1,14,6,0,50,0,50,1.37,0.95,1.0,3.0,0.5,2.25,100,50,1.35,1.76,3.11,38,True,True,False,False,False,False,True,3.74,2.12,1.35,2.07,2.18,1.66,1.74,3.16,1.38,1.44,2.88,1.92,3.62,4.22,1.93,1.92
South_Korea_K_League_1_2025,2025,5,Sangju Sangmu,Gwangju,2025-03-16 07:30:00,0,0,0,4,2,6,0,1,0,0,5,2,9,8,14,10,8,6,61,39,,,0,1,1.94,3.37,4.21,1.4,2.29,3.7,1.93,1.8,1.97,2.46,1.83,1.54,1.48,3.1,2.74,1.32,0,0,0,0,0,0,0,-1,0,50,0,-1,2,1,2,1,2,1,3,3,0,0,0,1,0,1,1,78,30,136,79,1.8,0.99,2.8,0,0,0,0,0,0,1,1,0,0,0,0,0,0,1,25,16,1,6,8,1,6,9,50,50,50,50,1.65,1.37,0.0,1.0,1.75,1.67,0,0,0.0,0.8,0.8,38,False,False,False,False,False,False,False,4.12,2.23,1.37,1.72,2.39,1.53,2.09,,,1.54,2.56,4.20,3.46,1.97,1.95,1.90
South_Korea_K_League_1_2025,2025,5,Jeonbuk Motors,Pohang Steelers,2025-03-16 07:30:00,2,2,4,5,7,12,1,1,1,0,6,5,4,12,10,17,10,9,32,68,Jeonju World Cup Stadium,"763-1 Banwol-dong, Deokjin-gu, Jeonju",3,1,2.08,3.3,3.35,1.36,2.1,3.87,1.93,1.83,1.97,2.48,1.8,1.49,1.44,3.0,2.57,1.29,4,2,0,0,2,2,2,-1,0,84,0,-1,2,1,4,2,1,5,6,6,0,0,2,1,0,3,1,64,90,92,140,1.52,2.08,3.59,0,0,0,0,0,0,1,1,0,0,0,1,0,0,1,14,16,1,9,10,1,10,6,84,84,34,84,2.05,1.32,1.33,0.0,1.0,0.33,17,17,1.96,0.77,2.73,38,True,True,True,True,False,False,True,3.87,2.16,1.36,1.73,2.48,1.49,2.07,3.41,1.34,1.52,2.53,3.94,3.34,2.03,1.93,1.92
South_Korea_K_League_1_2025,2025,4,Gwangju,Pohang Steelers,2025-03-22 07:30:00,2,3,5,6,0,6,5,2,0,0,5,6,5,6,10,12,14,14,57,43,Gwangju World Cup Stadium,", Gwangju",5,2,2.12,3.05,3.4,1.44,2.31,4.33,1.83,1.81,2.08,2.79,1.66,1.38,1.52,3.2,2.4,1.29,5,1,1,1,2,3,2,3835,0,75,0,-1,2,1,2,0,4,0,2,4,1,0,4,2,1,6,1,78,68,139,115,1.56,1.67,3.23,0,1,0,1,0,0,1,1,1,0,1,0,0,0,1,25,18,1,14,13,1,8,10,75,75,25,75,1.47,1.32,2.0,0.5,1.5,0.5,25,25,1.81,1.42,3.23,38,True,True,True,True,True,False,True,4.27,2.31,1.42,,,,,3.38,1.33,1.58,2.45,4.02,3.29,2.08,2.02,1.84
South_Korea_K_League_1_2025,2025,6,FC Seoul,Daegu,2025-03-29 05:00:00,3,2,5,8,4,12,3,3,0,0,8,5,14,3,22,8,8,10,49,51,Seoul World Cup Stadium,"515 Seongsan-dong, Mapo-gu, Sangam, Seoul",3,3,1.8,3.58,4.49,1.31,2.18,3.3,1.85,1.93,1.72,2.07,2.07,1.66,1.4,2.85,2.67,1.39,5,1,0,2,2,4,1,3833,0,25,0,-1,2,1,5,1,3,3,6,6,0,1,3,2,1,5,1,62,40,110,105,2.39,1.16,3.55,1,0,1,0,0,0,1,1,0,0,2,0,0,0,1,22,30,1,8,8,1,2,6,25,25,0,0,1.42,0.65,2.0,1.0,1.6,1.4,75,75,1.59,1.06,2.65,38,True,True,True,True,True,False,True,3.62,2.06,1.33,2.07,2.17,1.65,1.72,3.13,1.39,1.43,2.92,4.58,3.65,1.84,1.91,1.93
South_Korea_K_League_1_2025,2025,6,Pohang Steelers,Ulsan,2025-03-29 07:30:00,1,0,1,5,4,9,1,0,0,0,4,1,9,8,13,9,11,17,36,64,Steelyard Stadium,", Pohang",1,0,3.4,3.1,2.08,1.3,2.09,3.8,1.85,1.93,1.95,2.51,1.85,1.44,1.46,3.23,3.0,1.36,1,0,0,1,0,1,0,3835,0,25,0,-1,2,1,1,4,4,0,5,4,0,0,1,0,0,1,1,79,86,110,142,1.67,1.27,2.94,0,0,0,0,0,0,1,1,0,0,0,0,0,0,1,17,13,1,17,11,1,7,7,25,75,0,75,1.63,0.95,0.5,2.0,1.0,2.0,75,25,1.8,2.08,3.88,38,True,False,False,False,False,False,False,3.81,2.15,1.35,1.85,2.48,1.50,1.97,3.23,1.37,1.46,2.81,2.14,3.29,3.82,1.88,1.97
South_Korea_K_League_1_2025,2025,6,Daejeon Citizen,Gwangju,2025-03-29 07:30:00,1,1,2,6,6,12,2,3,0,0,4,2,4,7,8,9,11,12,60,40,Daejeon World Cup Stadium,"270 Noeun-dong, Yuseong-gu, Daejeon",2,3,2.36,3.0,3.31,1.4,2.2,4.3,1.97,1.86,2.0,2.67,1.72,1.39,1.46,3.25,2.5,1.3,2,0,1,1,0,1,1,-1,0,25,0,-1,2,1,3,3,3,3,6,6,1,2,1,1,3,2,1,74,48,135,104,1.33,1.07,2.4,0,0,0,0,0,0,1,1,0,0,0,0,0,0,1,24,14,1,12,11,1,3,4,25,50,25,50,1.84,1.37,1.5,1.0,2.4,1.2,75,50,1.71,0.9,2.61,38,True,True,False,False,False,False,True,4.45,2.39,1.42,1.68,2.49,1.48,2.13,3.44,1.33,1.52,2.64,3.38,3.04,2.45,1.97,1.88
South_Korea_K_League_1_2025,2025,6,Jeju United,Suwon,2025-03-30 05:00:00,1,0,1,4,6,10,2,3,0,0,4,0,6,9,10,9,16,11,45,55,,,2,3,2.12,3.25,3.3,1.28,2.0,3.75,1.82,1.85,1.69,2.19,2.0,1.6,1.42,3.0,2.78,1.35,1,1,0,0,0,0,1,3832,0,50,0,-1,2,1,1,3,3,3,4,6,0,0,2,3,0,5,1,64,89,120,145,1.38,1.22,2.61,0,0,0,0,0,0,1,1,0,0,1,0,0,0,1,20,34,1,11,16,1,8,6,50,67,0,50,1.22,0.84,1.0,0.33,0.8,0.6,50,34,1.25,1.13,2.38,38,True,False,False,False,False,False,False,3.81,2.13,1.34,,,,,3.26,1.36,1.46,2.82,3.28,3.28,2.36,1.83,2.04
South_Korea_K_League_1_2025,2025,6,Sangju Sangmu,Gangwon,2025-03-30 07:30:00,1,0,1,4,5,9,1,0,0,0,7,2,9,7,16,9,17,11,44,56,,,1,0,1.88,3.4,3.95,1.36,2.18,3.6,1.85,1.8,1.99,2.64,1.73,1.4,1.48,3.1,2.72,1.33,1,0,0,1,0,1,0,3839,0,25,0,-1,2,1,3,2,1,3,5,4,0,0,1,0,0,1,1,81,67,131,118,2.09,1.2,3.29,0,0,0,0,0,0,1,1,0,0,1,0,0,0,1,16,21,1,11,17,1,5,8,25,25,0,25,1.65,1.32,1.0,1.5,1.6,1.4,75,75,1.8,0.94,2.74,38,True,False,False,False,False,False,False,3.92,2.18,1.37,1.79,2.58,1.46,2.02,3.32,1.35,1.47,2.78,4.64,3.39,1.90,1.95,1.89
South_Korea_K_League_1_2025,2025,6,Anyang,Jeonbuk Motors,2025-03-30 07:30:00,0,1,1,7,5,12,0,3,1,0,1,2,11,10,12,12,10,14,58,42,Anyang Stadium,"1023, Bisan3-dong, Dongan-gu, Anyang",2,3,3.38,3.3,2.23,1.36,2.18,3.85,1.88,1.8,1.97,2.2,1.95,1.65,1.48,2.9,2.62,1.32,1,0,0,0,1,1,0,3837,0,50,0,-1,2,1,4,2,3,3,6,6,0,1,1,2,1,3,1,88,62,145,87,1.47,1.34,2.82,0,1,0,1,0,0,1,1,0,0,0,1,0,0,1,24,16,1,14,9,1,8,11,50,50,50,50,1.47,2.11,0.0,0.0,1.2,1.0,50,50,1.78,1.25,3.03,38,True,False,False,False,False,False,False,4.01,2.21,1.38,2.05,2.20,1.65,1.75,,,,,2.27,3.30,3.45,1.91,1.94
South_Korea_K_League_1_2025,2025,18,Ulsan,Daejeon Citizen,2025-04-01 10:30:00,2,3,5,5,0,5,1,4,0,0,4,4,17,2,21,6,11,14,63,37,Ulsan Munsu Football Stadium,"3302-5 Kozukue, Kohoku-ku, Ulsan",1,4,1.9,3.3,4.0,1.25,1.97,3.5,1.85,1.93,1.86,2.65,1.88,1.56,1.43,2.85,2.81,1.36,5,2,2,0,1,1,4,3845,0,34,0,-1,2,1,5,0,0,0,5,0,1,1,0,3,2,3,1,65,25,125,86,2.07,0.85,2.93,0,1,0,1,0,0,1,1,0,1,0,0,0,0,1,24,22,1,14,10,1,5,12,50,67,17,50,1.37,1.58,2.0,3.0,1.67,2.17,50,34,2.01,1.21,3.22,38,True,True,True,True,True,False,True,3.77,2.10,1.35,1.95,2.34,1.56,1.85,3.29,1.36,1.46,2.82,4.31,3.51,1.92,1.92,1.93
South_Korea_K_League_1_2025,2025,7,Ulsan,FC Seoul,2025-04-05 05:00:00,0,0,0,2,6,8,2,1,0,0,2,2,8,11,10,13,7,17,63,37,Ulsan Munsu Football Stadium,"3302-5 Kozukue, Kohoku-ku, Ulsan",2,1,2.2,3.0,3.5,1.29,2.2,4.06,1.78,1.86,2.01,3.22,1.8,1.51,1.49,3.1,2.5,1.3,0,0,0,0,0,0,0,-1,0,13,0,-1,2,1,0,3,2,3,3,5,1,1,1,0,2,1,1,86,58,132,93,1.4,1.38,2.78,0,0,0,0,0,0,1,1,0,0,0,0,1,0,1,16,11,1,17,7,1,7,12,13,42,13,59,1.37,1.16,1.5,1.33,1.43,1.83,88,59,2.02,1.5,3.52,38,False,False,False,False,False,False,False,4.06,2.23,1.39,1.99,2.28,1.58,1.82,,,,,3.11,3.31,2.44,1.90,1.95
South_Korea_K_League_1_2025,2025,7,Daejeon Citizen,Jeonbuk Motors,2025-04-05 07:30:00,0,2,2,5,4,9,0,2,0,0,2,5,6,6,8,11,9,15,59,41,Daejeon World Cup Stadium,"270 Noeun-dong, Yuseong-gu, Daejeon",0,2,2.96,3.08,2.57,1.36,2.08,4.05,1.85,1.95,1.81,2.88,1.86,1.54,1.4,2.8,2.4,1.28,2,0,0,0,2,2,0,3837,0,17,0,-1,2,1,1,1,4,3,2,7,0,1,0,1,1,1,1,88,65,152,89,1.3,1.51,2.81,0,0,0,0,0,0,1,1,0,0,0,0,0,0,1,17,13,1,15,9,1,4,6,0,34,0,34,1.84,2.11,1.33,1.5,2.29,1.33,100,67,1.58,1.3,2.88,38,True,True,False,False,False,False,False,4.36,2.36,1.43,1.79,2.53,1.48,2.02,3.44,1.33,1.57,2.49,2.57,3.15,3.06,1.98,1.87
South_Korea_K_League_1_2025,2025,7,Sangju Sangmu,Daegu,2025-04-05 07:30:00,2,0,2,6,3,9,2,1,0,0,5,4,9,6,14,10,13,9,46,54,,,2,1,1.81,3.94,4.0,1.15,1.67,2.5,1.62,2.2,1.72,2.18,2.05,1.58,1.3,2.4,3.2,1.5,2,2,0,0,0,0,2,3839,0,25,0,-1,2,1,3,1,3,2,4,5,0,1,2,0,1,2,1,61,79,121,152,1.68,1.5,3.18,0,0,0,0,0,0,1,1,0,0,0,0,0,0,1,18,30,1,9,13,1,6,7,25,25,0,25,1.65,0.65,2.0,0.5,1.83,1.17,75,75,1.95,1.11,3.06,38,True,True,False,False,False,False,False,2.56,1.61,1.19,2.06,2.19,1.64,1.73,2.61,1.52,1.35,3.32,4.29,4.12,1.78,1.59,2.44
South_Korea_K_League_1_2025,2025,7,Suwon,Pohang Steelers,2025-04-05 10:00:00,1,1,2,1,8,9,1,2,0,0,8,2,9,14,17,16,14,10,39,61,,,1,2,3.2,3.21,2.45,1.4,2.22,3.1,1.93,1.92,1.85,2.3,1.92,1.58,1.52,2.9,2.63,1.34,2,1,0,0,1,1,1,-1,0,75,0,-1,2,1,1,6,0,2,7,2,0,1,1,1,1,2,1,56,81,96,128,2.03,1.74,3.77,0,0,0,0,0,0,1,1,0,0,1,0,0,1,1,16,27,1,10,14,1,16,10,50,75,34,75,1.37,1.32,1.0,1.33,0.5,1.33,50,25,1.13,1.51,2.64,38,True,True,False,False,False,False,True,4.19,2.29,1.40,1.96,2.32,1.57,1.85,,,,,2.49,3.20,3.14,1.93,1.92
South_Korea_K_League_1_2025,2025,7,Anyang,Gangwon,2025-04-06 07:30:00,2,0,2,5,6,11,1,1,0,0,6,3,10,7,16,10,10,14,43,57,Anyang Stadium,"1023, Bisan3-dong, Dongan-gu, Anyang",1,1,3.32,3.0,2.42,1.49,2.55,4.6,1.93,1.78,1.99,2.54,1.77,1.48,1.5,3.46,2.5,1.31,2,0,0,2,0,2,0,3848,0,42,0,-1,2,1,3,4,2,2,7,4,1,0,0,1,1,1,1,46,59,88,104,1.76,1.27,3.03,0,0,0,0,0,0,1,1,0,0,2,1,0,0,1,12,20,1,14,10,1,7,10,42,42,25,42,1.47,1.32,0.0,1.0,1.0,1.17,59,59,1.63,1.03,2.66,38,True,True,False,False,False,False,False,4.89,2.55,1.49,1.82,2.54,1.48,1.99,3.34,1.31,1.60,2.42,2.44,3.04,3.40,2.08,1.79
South_Korea_K_League_1_2025,2025,7,Gwangju,Jeju United,2025-04-06 07:30:00,1,0,1,7,1,8,1,2,0,0,6,2,5,3,11,5,12,19,55,45,Gwangju World Cup Stadium,", Gwangju",1,2,2.1,3.14,3.5,1.44,2.4,4.56,2.05,1.8,2.04,3.08,1.76,1.51,1.44,3.46,2.55,1.28,1,0,0,1,0,1,0,3841,0,34,0,-1,2,1,5,1,2,0,6,2,1,1,0,1,2,1,1,132,48,149,85,2.07,0.81,2.88,0,0,0,0,0,0,1,1,0,0,2,0,0,0,1,23,18,1,19,12,1,4,7,34,59,17,59,1.47,0.85,1.33,0.5,1.17,1.17,67,42,1.73,1.49,3.22,38,True,False,False,False,False,False,False,4.49,2.39,1.44,1.76,2.31,1.57,2.04,3.44,1.33,1.59,2.44,3.85,3.19,2.17,2.05,1.81
South_Korea_K_League_1_2025,2025,10,Gwangju,Daegu,2025-04-09 10:30:00,2,1,3,4,5,9,3,2,0,0,4,2,2,11,6,13,12,10,50,50,Gwangju World Cup Stadium,", Gwangju",3,2,1.82,3.3,4.3,1.32,2.0,3.62,1.93,1.8,1.97,3.08,1.83,1.54,1.52,2.9,2.45,1.33,3,2,0,0,1,1,2,3841,0,42,0,-1,2,1,2,2,2,3,4,5,0,2,3,0,2,3,1,62,93,101,123,1.12,1.63,2.75,0,0,0,0,0,0,1,1,0,0,0,0,0,0,1,9,25,1,10,13,1,9,3,42,59,29,59,1.47,0.65,1.75,0.33,1.43,1.0,59,42,1.81,1.24,3.05,38,True,True,True,False,False,False,True,3.62,2.06,1.33,2.03,2.23,1.63,1.76,3.35,1.35,1.52,2.63,4.93,3.71,1.78,1.93,1.92
South_Korea_K_League_1_2025,2025,8,Suwon,Sangju Sangmu,2025-04-12 05:00:00,3,2,5,4,7,11,1,1,0,0,6,6,8,10,14,16,6,8,52,48,,,1,1,3.4,3.2,2.1,1.29,1.93,3.15,1.75,1.99,1.77,2.32,2.01,1.58,1.4,2.8,2.9,1.39,5,1,1,2,1,3,2,3843,0,71,0,-1,2,1,1,4,3,3,5,6,0,0,1,1,0,2,1,61,85,117,126,1.75,2.04,3.79,0,0,0,0,0,0,1,1,0,0,0,1,0,0,1,19,19,1,8,6,1,10,6,38,71,25,71,1.37,1.56,1.0,1.75,0.57,2.0,63,29,1.43,1.52,2.95,38,True,True,True,True,True,False,True,3.31,1.93,1.29,2.01,2.22,1.62,1.77,2.99,1.42,1.41,3.00,2.14,3.53,3.53,1.75,2.15
South_Korea_K_League_1_2025,2025,8,Pohang Steelers,Anyang,2025-04-12 07:30:00,2,1,3,1,1,2,2,5,0,0,5,2,11,9,16,11,13,16,54,46,Steelyard Stadium,", Pohang",2,5,2.02,3.25,3.75,1.28,2.0,3.55,1.83,1.92,1.95,2.57,1.8,1.42,1.44,2.8,2.62,1.33,3,0,1,2,0,2,1,3835,0,25,0,-1,-1,1,-1,-1,-1,-1,-1,-1,1,1,1,4,2,5,1,62,46,117,79,1.81,1.17,2.98,1,1,1,1,0,0,1,1,0,0,-1,-1,0,0,1,29,20,1,15,12,1,5,10,42,42,0,42,1.63,1.11,1.33,1.5,1.29,1.29,59,59,1.76,1.17,2.93,38,True,True,True,False,False,False,True,3.55,2.03,1.32,1.80,2.58,1.46,2.00,3.21,1.37,1.46,2.82,3.98,3.49,2.01,1.83,2.04
South_Korea_K_League_1_2025,2025,8,FC Seoul,Daejeon Citizen,2025-04-12 07:30:00,2,2,4,6,1,7,1,0,0,0,7,4,13,4,20,8,9,16,47,53,Seoul World Cup Stadium,"515 Seongsan-dong, Mapo-gu, Sangam, Seoul",1,0,1.85,3.2,4.2,1.3,2.15,3.99,1.91,1.8,1.84,2.78,1.91,1.55,1.46,3.1,2.5,1.32,4,0,2,2,0,2,2,-1,0,71,0,-1,2,1,2,0,4,1,2,5,0,0,1,0,0,1,1,66,58,102,97,2.22,1.21,3.43,0,1,0,1,0,0,1,1,0,0,0,0,0,0,1,23,21,1,16,8,1,5,11,84,84,25,54,1.42,1.58,2.33,3.0,1.71,2.0,17,17,1.86,1.12,2.98,38,True,True,True,True,False,False,True,3.99,2.19,1.38,1.95,2.33,1.55,1.84,3.43,1.34,1.50,2.67,4.92,3.59,1.81,2.04,1.83
South_Korea_K_League_1_2025,2025,8,Gangwon,Gwangju,2025-04-13 05:00:00,1,0,1,5,5,10,6,4,0,0,5,3,7,2,12,5,20,9,32,68,Chuncheon Songam Stadium,"157 Songam-dong, Chuncheon",6,4,3.15,2.94,2.3,1.57,2.6,5.45,2.1,1.66,2.0,3.35,1.76,1.46,1.58,3.7,2.23,1.24,1,1,0,0,0,0,1,3831,0,50,0,-1,2,1,1,5,4,0,6,4,3,1,3,3,4,6,1,44,71,86,129,1.43,1.06,2.48,0,0,0,0,0,0,1,1,0,0,0,1,0,0,1,20,23,1,9,20,1,4,8,33,50,17,67,1.42,1.37,1.33,1.0,1.0,1.63,67,50,1.19,0.95,2.14,38,True,False,False,False,False,False,False,5.69,2.81,1.57,1.74,2.52,1.48,2.05,,,1.63,2.34,2.24,3.04,3.87,2.23,1.69
South_Korea_K_League_1_2025,2025,8,Daegu,Ulsan,2025-04-13 07:30:00,0,1,1,5,9,14,0,0,0,0,3,4,12,10,15,14,11,9,34,66,,,0,0,4.24,3.65,1.85,1.28,2.04,3.12,1.73,1.98,1.62,2.03,2.05,1.7,1.43,2.75,2.9,1.41,1,0,0,0,1,1,0,3836,0,54,0,-1,2,-1,1,6,4,3,7,7,0,0,0,0,0,0,1,64,105,86,121,1.61,1.92,3.53,0,0,0,0,0,0,1,1,0,0,1,1,-1,-1,1,9,28,1,9,11,1,13,9,38,71,13,84,1.17,0.95,1.5,1.33,0.88,1.38,63,29,2.21,1.81,4.02,38,True,False,False,False,False,False,False,3.21,1.92,1.29,2.21,2.03,1.75,1.63,3.06,1.40,1.43,2.91,1.87,3.71,4.34,1.79,2.08
South_Korea_K_League_1_2025,2025,8,Jeonbuk Motors,Jeju United,2025-04-13 07:30:00,1,1,2,4,4,8,1,2,0,0,2,5,10,12,12,17,9,15,47,53,Jeonju World Cup Stadium,"763-1 Banwol-dong, Deokjin-gu, Jeonju",1,2,1.72,3.5,4.7,1.36,2.21,3.75,1.91,1.8,1.7,2.51,2.1,1.67,1.4,2.98,2.7,1.37,2,0,1,1,0,1,1,-1,0,38,0,-1,2,1,2,2,2,2,4,4,0,0,1,2,0,3,1,81,71,134,121,1.49,1.94,3.43,0,0,0,0,0,0,1,1,0,0,0,0,0,0,1,35,19,1,15,9,1,8,6,38,54,38,54,2.05,0.85,1.25,0.33,1.57,1.0,63,46,1.85,1.27,3.12,38,True,True,False,False,False,False,True,3.96,2.20,1.39,2.10,2.15,1.67,1.70,3.22,1.37,1.45,2.84,5.06,3.58,1.79,2.04,1.82
South_Korea_K_League_1_2025,2025,9,Ulsan,Gangwon,2025-04-19 05:00:00,1,2,3,9,0,9,1,3,0,0,3,4,14,2,17,6,12,15,72,28,Ulsan Munsu Football Stadium,"3302-5 Kozukue, Kohoku-ku, Ulsan",1,3,1.89,3.39,4.1,1.36,2.15,3.9,2.0,1.73,1.92,2.34,1.78,1.58,1.44,3.15,2.76,1.36,3,1,1,0,1,1,2,3831,0,23,0,-1,2,1,2,0,7,0,2,7,0,0,1,3,0,4,1,104,50,155,74,2.04,1.02,3.06,1,0,1,0,0,0,1,1,0,0,1,0,0,0,1,29,20,1,14,12,1,4,12,23,45,10,33,1.37,1.32,1.4,0.75,1.56,1.25,78,55,1.9,1.09,2.99,38,True,True,True,False,False,False,True,3.90,2.16,1.36,1.98,2.30,1.58,1.81,3.37,1.34,1.48,2.72,5.17,3.65,1.76,2.02,1.84
South_Korea_K_League_1_2025,2025,9,Anyang,Suwon,2025-04-19 07:30:00,3,1,4,3,8,11,2,0,0,0,7,6,6,8,13,14,8,9,48,52,Anyang Stadium,"1023, Bisan3-dong, Dongan-gu, Anyang",2,0,2.3,3.2,2.75,1.33,2.0,3.55,1.8,2.05,1.79,2.3,1.92,1.52,1.44,2.9,2.62,1.35,4,1,1,2,0,2,2,3848,0,29,0,-1,2,1,3,4,0,4,7,4,0,0,2,0,0,2,1,59,53,91,91,1.74,1.69,3.42,0,0,0,0,0,0,1,1,0,0,0,1,0,0,1,10,22,1,9,8,1,7,11,29,46,17,42,1.47,0.84,1.0,0.25,1.13,0.88,71,54,1.67,1.15,2.82,38,True,True,True,True,False,False,True,3.67,2.09,1.33,1.98,2.27,1.58,1.81,3.24,1.36,1.46,2.81,2.90,3.40,2.54,1.81,2.05
South_Korea_K_League_1_2025,2025,9,Sangju Sangmu,Daejeon Citizen,2025-04-19 07:30:00,0,2,2,4,5,9,0,1,1,0,5,3,7,7,12,10,11,9,49,51,,,2,1,1.85,3.2,3.75,1.28,2.04,3.33,1.7,2.05,1.88,2.39,1.92,1.53,1.36,2.8,2.88,1.43,2,0,1,0,1,1,1,3845,0,40,0,-1,2,1,1,3,3,2,4,5,0,0,1,1,0,2,1,59,82,97,122,1.54,1.44,2.98,0,1,0,1,0,0,1,1,0,0,1,0,0,0,1,20,22,1,9,10,1,7,8,50,67,47,57,1.65,1.58,2.33,2.6,1.75,1.89,50,34,1.86,1.14,3.0,38,True,True,False,False,False,False,False,,,,1.92,2.39,1.53,1.88,3.08,1.40,1.43,2.92,3.77,3.49,2.07,1.80,2.07
South_Korea_K_League_1_2025,2025,9,FC Seoul,Gwangju,2025-04-19 10:00:00,1,2,3,6,3,9,1,8,0,0,3,3,27,3,30,6,9,12,54,46,Seoul World Cup Stadium,"515 Seongsan-dong, Mapo-gu, Sangam, Seoul",1,8,2.01,3.0,3.6,1.4,2.3,4.87,2.1,1.67,1.93,2.54,1.78,1.43,1.54,3.5,2.4,1.28,3,0,1,1,1,2,1,3841,0,63,0,-1,2,1,0,3,6,0,3,6,0,2,1,6,2,7,1,89,45,114,108,2.73,0.93,3.66,0,0,0,0,0,0,1,1,0,0,0,0,0,1,1,26,14,1,12,9,1,3,13,50,63,25,63,1.42,1.37,2.0,0.75,1.63,1.44,50,38,1.95,0.98,2.93,38,True,True,True,False,False,False,True,5.19,2.63,1.54,,,,,,,1.60,2.43,4.16,3.15,2.10,2.25,1.68
South_Korea_K_League_1_2025,2025,9,Jeonbuk Motors,Daegu,2025-04-20 07:30:00,3,1,4,5,3,8,2,0,0,0,6,5,12,8,18,13,13,15,51,49,Jeonju World Cup Stadium,"763-1 Banwol-dong, Deokjin-gu, Jeonju",2,0,1.76,3.4,4.2,1.22,1.94,2.9,1.73,2.0,1.7,2.37,2.18,1.66,1.36,2.8,2.9,1.42,4,3,0,0,1,1,3,3837,0,65,0,-1,2,1,4,0,1,3,4,4,0,0,2,0,0,2,1,71,81,103,110,2.06,1.76,3.82,0,0,0,0,0,0,1,1,1,0,0,0,0,0,1,26,18,1,15,13,1,7,11,55,78,55,78,2.05,0.65,1.2,0.25,1.5,0.78,45,23,1.78,1.34,3.12,38,True,True,True,True,False,False,True,3.30,1.93,1.30,2.18,2.06,1.72,1.65,3.07,1.40,1.43,2.93,4.74,3.77,1.79,1.84,2.02
South_Korea_K_League_1_2025,2025,9,Jeju United,Pohang Steelers,2025-04-20 07:30:00,2,0,2,8,7,15,4,0,0,0,3,4,11,11,14,15,15,11,45,55,,,4,0,2.6,3.05,2.5,1.34,2.11,3.95,1.8,1.91,1.9,3.08,1.88,1.5,1.42,3.0,2.62,1.33,2,1,0,1,0,1,1,3832,0,75,0,-1,2,1,4,4,4,3,8,7,3,0,1,0,3,1,1,72,60,70,74,1.6,1.65,3.26,0,0,0,0,0,0,1,1,1,0,0,0,0,0,1,21,21,1,11,15,1,6,11,63,88,25,88,1.22,1.32,1.5,1.25,1.0,1.5,38,13,1.28,1.56,2.84,38,True,True,False,False,False,False,False,3.71,2.11,1.34,,,,,3.32,1.35,1.48,2.72,2.86,3.24,2.67,1.79,2.08
South_Korea_K_League_1_2025,2025,19,Anyang,Ulsan,2025-04-23 10:30:00,0,1,1,6,5,11,4,2,0,0,4,5,11,10,15,15,9,11,50,50,Anyang Stadium,"1023, Bisan3-dong, Dongan-gu, Anyang",4,2,3.5,3.48,1.97,1.34,2.05,3.64,1.77,1.94,1.72,2.5,2.09,1.6,1.52,3.2,2.52,1.36,1,0,0,0,1,1,0,3836,0,38,0,-1,2,1,4,2,2,3,6,5,1,0,3,2,1,5,1,74,65,116,102,1.76,1.77,3.53,0,1,0,1,0,0,1,1,0,0,1,0,0,0,1,19,17,1,10,11,1,8,7,25,63,25,50,1.47,0.95,1.5,1.75,1.33,1.4,75,38,1.69,1.84,3.53,38,True,False,False,False,False,False,False,3.82,2.13,1.36,,,,,3.38,1.34,1.52,2.52,2.02,3.50,3.95,1.91,1.94
South_Korea_K_League_1_2025,2025,10,Suwon,Jeonbuk Motors,2025-04-26 05:00:00,1,2,3,2,5,7,2,3,0,0,2,3,11,7,13,10,12,17,56,44,,,2,3,3.89,3.39,2.0,1.32,1.95,3.7,1.8,1.9,1.65,2.08,2.15,1.57,1.42,2.98,2.62,1.37,3,0,0,1,2,3,0,3837,0,38,0,-1,2,1,1,1,1,4,2,5,0,1,2,2,1,4,1,85,67,150,99,1.59,1.33,2.91,0,0,0,0,0,0,1,1,0,0,1,0,0,0,1,21,10,1,17,12,1,4,8,13,54,13,38,1.37,2.11,1.5,2.0,0.78,1.67,88,46,1.51,1.37,2.88,38,True,True,True,False,False,False,True,3.62,2.09,1.33,2.17,2.08,1.72,1.67,3.23,1.37,1.46,2.82,2.06,3.34,4.01,1.83,2.03
South_Korea_K_League_1_2025,2025,10,Anyang,Jeju United,2025-04-26 07:30:00,2,1,3,6,6,12,2,1,0,0,4,6,7,10,11,16,10,9,33,67,Anyang Stadium,"1023, Bisan3-dong, Dongan-gu, Anyang",2,1,2.7,3.0,2.37,1.33,2.0,3.4,1.78,1.91,1.85,2.27,1.96,1.63,1.42,2.9,2.6,1.35,3,1,0,1,1,2,1,3848,0,33,0,-1,2,1,2,2,4,4,4,8,0,1,2,0,1,2,1,63,91,93,151,1.43,2.09,3.53,0,0,0,0,0,0,1,1,0,0,0,0,0,0,1,24,25,1,9,10,1,9,4,20,55,20,45,1.47,0.85,1.2,0.5,1.2,1.22,80,45,1.7,1.43,3.13,38,True,True,True,False,False,False,True,4.06,2.25,1.39,1.96,2.31,1.57,1.85,,,,,2.56,3.14,3.09,1.88,1.97
South_Korea_K_League_1_2025,2025,10,Pohang Steelers,FC Seoul,2025-04-27 05:00:00,1,0,1,3,10,13,2,3,0,0,3,5,5,14,8,19,17,12,37,63,Steelyard Stadium,", Pohang",2,3,3.28,3.25,2.15,1.36,2.1,3.9,1.85,1.92,1.95,2.8,1.72,1.44,1.4,3.1,2.7,1.36,1,1,0,0,0,0,1,3835,0,13,0,-1,2,1,2,4,1,6,6,7,0,1,2,2,1,4,1,66,87,110,98,1.2,2.17,3.37,0,0,0,0,0,0,1,1,1,0,0,2,0,0,1,14,19,1,12,17,1,7,2,25,38,0,50,1.63,1.16,1.75,1.25,1.33,1.44,75,63,1.77,1.47,3.24,38,True,False,False,False,False,False,False,4.16,2.26,1.39,1.86,2.45,1.51,1.95,3.39,1.34,1.48,2.74,2.32,3.27,3.38,1.93,1.92
South_Korea_K_League_1_2025,2025,10,Daejeon Citizen,Gangwon,2025-04-27 07:30:00,1,0,1,4,3,7,0,3,0,1,2,0,7,1,9,1,12,16,65,35,Daejeon World Cup Stadium,"270 Noeun-dong, Yuseong-gu, Daejeon",0,5,2.2,3.1,3.65,1.38,2.2,3.8,2.0,1.77,2.04,3.2,1.77,1.43,1.48,3.2,2.5,1.3,1,0,0,1,0,1,0,3845,0,33,0,-1,2,1,1,1,3,2,2,5,0,2,0,2,2,2,1,89,43,125,84,1.36,0.39,1.75,0,0,0,0,0,0,1,1,0,0,0,0,0,0,1,31,22,1,16,12,1,0,10,20,68,10,45,1.84,1.32,1.0,1.2,2.0,1.44,80,33,1.51,1.08,2.59,38,True,False,False,False,False,False,False,4.77,2.49,1.48,1.83,2.52,1.49,1.99,3.42,1.34,1.58,2.47,3.53,3.09,2.35,2.08,1.79
South_Korea_K_League_1_2025,2025,10,Sangju Sangmu,Ulsan,2025-04-27 07:30:00,2,0,2,7,4,11,0,2,0,0,7,6,10,9,17,15,11,8,32,68,,,0,2,2.4,3.23,2.5,1.3,1.85,3.25,1.68,2.05,1.79,2.54,2.02,1.61,1.42,3.05,2.95,1.4,2,1,0,1,0,1,1,3839,0,10,0,-1,2,1,5,3,2,1,8,3,0,1,0,1,1,1,1,60,72,78,107,1.99,1.89,3.87,0,0,0,0,0,0,1,1,0,0,1,0,0,0,1,14,31,1,8,11,1,12,8,0,45,13,45,1.65,0.95,1.75,2.0,1.56,1.55,100,55,1.78,1.83,3.61,38,True,True,False,False,False,False,False,3.22,1.94,1.28,2.02,2.25,1.61,1.79,3.05,1.40,1.42,2.95,3.03,3.30,2.50,1.69,2.24
South_Korea_K_League_1_2025,2025,11,Ulsan,Gwangju,2025-05-02 10:30:00,3,0,3,4,2,6,2,3,0,0,10,2,2,5,12,7,8,11,67,33,Ulsan Munsu Football Stadium,"3302-5 Kozukue, Kohoku-ku, Ulsan",2,3,1.72,3.59,5.2,1.34,2.13,3.4,2.08,1.79,1.85,2.93,1.85,1.6,1.42,2.98,2.62,1.33,3,1,0,2,0,2,1,3836,0,47,0,-1,2,1,2,0,2,2,2,4,0,2,2,1,2,3,1,80,40,98,58,2.03,0.87,2.9,0,0,0,0,0,0,1,1,0,0,1,0,0,0,1,26,13,1,11,8,1,6,6,37,55,27,65,1.37,1.37,1.17,1.2,1.42,1.6,64,45,1.92,0.97,2.89,38,True,True,True,False,False,False,False,3.95,2.19,1.39,1.92,2.39,1.54,1.89,3.44,1.33,1.54,2.54,5.23,3.63,1.76,2.08,1.79
South_Korea_K_League_1_2025,2025,11,Pohang Steelers,Sangju Sangmu,2025-05-02 10:30:00,1,2,3,5,4,9,1,2,0,0,4,5,6,7,10,12,13,19,61,39,Steelyard Stadium,", Pohang",1,2,3.0,3.25,2.25,1.27,1.83,3.0,1.6,2.3,1.86,2.34,1.8,1.56,1.36,2.91,2.93,1.48,3,0,0,1,2,3,0,3839,0,50,0,-1,2,1,2,3,3,1,5,4,1,1,0,1,2,1,1,81,71,82,89,1.49,1.62,3.11,0,0,0,0,0,0,1,1,0,0,0,0,0,0,1,20,19,1,19,13,1,9,7,60,60,30,70,1.63,1.56,2.0,1.4,1.5,1.7,40,40,1.66,1.62,3.28,38,True,True,True,False,False,False,True,3.07,1.84,1.25,1.95,2.34,1.56,1.86,2.91,1.43,1.39,3.07,2.23,3.52,3.33,1.66,2.30
South_Korea_K_League_1_2025,2025,11,Daegu,Jeju United,2025-05-03 07:30:00,3,1,4,2,6,8,2,1,0,1,5,4,10,11,15,15,9,8,32,68,,,2,2,2.3,3.4,2.41,1.29,1.94,3.02,1.7,2.14,1.66,2.31,2.22,1.77,1.37,2.75,2.8,1.37,4,2,0,1,1,2,2,3834,0,50,0,-1,2,1,1,5,1,1,6,2,1,1,1,1,2,2,1,40,74,76,113,1.58,1.76,3.34,0,0,0,0,0,0,1,1,1,0,1,1,0,0,1,17,25,1,8,9,1,10,6,40,60,10,70,1.17,0.85,1.2,0.4,0.7,1.1,60,40,2.09,1.57,3.66,38,True,True,True,True,False,False,True,3.23,1.91,1.28,2.18,2.03,1.77,1.66,3.12,1.39,1.44,2.89,2.47,3.48,2.94,1.70,2.22
South_Korea_K_League_1_2025,2025,11,Daejeon Citizen,Anyang,2025-05-03 07:30:00,2,1,3,4,3,7,2,2,1,0,5,8,5,12,10,20,7,4,48,52,Daejeon World Cup Stadium,"270 Noeun-dong, Yuseong-gu, Daejeon",3,2,2.14,3.36,3.46,1.36,2.22,4.0,1.98,1.82,1.75,2.35,1.92,1.6,1.45,3.0,2.7,1.33,3,1,0,1,1,2,1,3845,0,40,0,-1,2,1,2,2,2,1,4,3,1,0,2,2,1,4,1,72,87,132,146,1.51,2.45,3.97,0,0,0,0,0,0,1,1,0,0,0,2,0,0,1,13,16,1,4,7,1,13,4,30,60,0,50,1.84,1.11,1.4,1.2,2.09,1.36,70,40,1.48,1.17,2.65,38,True,True,True,False,False,False,True,4.01,2.22,1.38,2.03,2.24,1.61,1.75,3.37,1.34,1.48,2.74,3.75,3.24,2.18,1.91,1.94
South_Korea_K_League_1_2025,2025,11,FC Seoul,Jeonbuk Motors,2025-05-03 10:00:00,0,1,1,10,3,13,1,3,0,0,8,3,14,2,22,5,11,13,61,39,Seoul World Cup Stadium,"515 Seongsan-dong, Mapo-gu, Sangam, Seoul",1,3,2.25,3.0,3.05,1.41,2.28,4.84,1.85,1.8,1.74,2.38,1.91,1.6,1.5,3.4,2.6,1.31,1,0,1,0,0,0,1,3837,0,53,0,-1,2,1,3,2,7,1,5,8,0,0,1,3,0,4,1,106,42,151,96,2.71,0.84,3.55,0,0,0,0,0,0,1,1,0,0,0,1,0,0,1,16,8,1,13,11,1,3,15,53,65,10,30,1.42,2.11,1.6,2.25,1.3,1.8,48,35,2.1,1.36,3.46,38,True,False,False,False,False,False,False,4.70,2.46,1.46,2.04,2.22,1.64,1.75,3.40,1.34,1.58,2.44,3.29,3.16,2.42,2.06,1.81
South_Korea_K_League_1_2025,2025,11,Gangwon,Suwon,2025-05-03 10:00:00,0,0,0,4,3,7,0,2,0,0,3,5,10,8,13,13,12,14,53,47,Chuncheon Songam Stadium,"157 Songam-dong, Chuncheon",0,2,2.31,3.1,3.19,1.33,2.22,4.27,1.85,1.85,1.78,2.24,2.0,1.55,1.44,3.1,2.53,1.33,0,0,0,0,0,0,0,-1,0,33,0,-1,2,1,2,2,2,1,4,3,0,1,0,1,1,1,1,65,54,75,94,1.49,1.56,3.06,0,0,0,0,0,0,1,1,0,0,1,0,0,0,1,18,19,1,14,12,1,3,10,33,33,10,68,1.42,0.84,1.75,0.2,1.3,0.7,68,68,1.25,1.26,2.51,38,False,False,False,False,False,False,False,4.03,2.22,1.38,2.00,2.24,1.61,1.78,3.36,1.35,1.48,2.73,3.23,3.20,2.43,1.90,1.94
South_Korea_K_League_1_2025,2025,12,Ulsan,Pohang Steelers,2025-05-05 07:30:00,1,1,2,6,7,13,2,0,0,0,4,5,13,6,17,11,10,11,61,39,Ulsan Munsu Football Stadium,"3302-5 Kozukue, Kohoku-ku, Ulsan",2,0,1.8,3.45,4.4,1.26,1.95,3.05,1.75,2.06,1.7,2.2,2.0,1.6,1.38,2.8,2.8,1.37,2,1,1,0,0,0,2,-1,0,55,0,-1,2,1,3,2,3,5,5,8,1,0,1,0,1,1,1,85,75,129,117,1.97,1.59,3.56,0,0,0,0,0,0,1,1,0,1,0,1,0,0,1,30,21,1,11,9,1,3,6,52,79,35,79,1.37,1.32,1.43,1.0,1.54,1.36,49,22,1.94,1.58,3.52,38,True,True,False,False,False,False,True,3.52,2.02,1.32,2.08,2.19,1.65,1.73,3.17,1.38,1.45,2.85,4.76,3.69,1.80,1.90,1.95
South_Korea_K_League_1_2025,2025,12,Gwangju,Sangju Sangmu,2025-05-05 07:30:00,1,0,1,1,13,14,1,1,0,0,1,5,5,17,6,22,5,9,40,60,Gwangju World Cup Stadium,", Gwangju",1,1,2.77,3.12,2.82,1.37,2.2,3.95,1.9,1.9,1.9,2.5,1.8,1.43,1.44,3.2,2.5,1.3,1,1,0,0,0,0,1,3841,0,72,0,-1,2,1,0,1,1,12,1,13,1,0,0,1,1,1,1,40,116,89,137,0.75,2.57,3.32,1,0,1,0,0,0,1,1,0,0,0,1,0,0,1,12,27,1,8,5,1,7,3,72,72,45,64,1.47,1.56,2.0,1.67,1.45,1.82,29,29,1.67,1.62,3.29,38,True,False,False,False,False,False,False,4.32,2.33,1.41,1.84,2.49,1.48,1.97,3.39,1.34,1.57,2.48,2.92,3.13,2.70,1.90,1.94
South_Korea_K_League_1_2025,2025,12,Jeonbuk Motors,Daejeon Citizen,2025-05-06 05:00:00,1,1,2,7,7,14,0,1,0,0,4,5,10,3,14,8,10,13,54,46,Jeonju World Cup Stadium,"763-1 Banwol-dong, Deokjin-gu, Jeonju",0,1,1.9,3.25,4.0,1.28,2.02,3.6,1.9,1.8,1.87,2.35,1.83,1.52,1.45,3.0,2.65,1.35,2,0,0,1,1,2,0,-1,0,75,0,-1,2,1,3,5,4,2,8,6,0,1,0,0,1,0,1,84,66,103,120,1.77,1.34,3.11,0,0,0,0,0,0,1,1,0,0,1,0,0,0,1,14,14,1,13,10,1,1,10,75,92,59,83,2.05,1.58,1.5,2.67,1.91,2.17,25,9,1.83,1.19,3.02,38,True,True,False,False,False,False,True,3.95,2.18,1.38,1.85,2.46,1.51,1.97,3.36,1.35,1.51,2.66,4.74,3.67,1.81,2.01,1.85
South_Korea_K_League_1_2025,2025,12,Jeju United,Gangwon,2025-05-06 07:30:00,0,3,3,8,2,10,1,4,0,0,6,3,14,3,20,6,12,15,57,43,,,1,4,2.35,2.95,3.32,1.4,2.45,4.5,2.0,1.75,1.88,2.25,1.93,1.55,1.58,3.4,2.47,1.27,3,0,1,0,2,2,1,3831,0,37,0,-1,2,1,2,2,6,0,4,6,1,3,0,1,4,1,1,83,33,102,87,2.27,0.84,3.11,0,0,0,0,0,0,1,1,0,1,0,0,0,0,1,27,23,1,15,12,1,5,13,37,65,9,57,1.22,1.32,1.8,1.0,1.0,1.27,64,35,1.35,0.96,2.31,38,True,True,True,False,False,False,False,5.04,2.60,1.51,,,,,3.29,1.36,1.58,2.43,3.25,3.04,2.52,2.14,1.75
South_Korea_K_League_1_2025,2025,12,Anyang,FC Seoul,2025-05-06 10:00:00,1,1,2,2,7,9,3,4,0,0,2,3,5,11,7,14,13,14,33,67,Anyang Stadium,"1023, Bisan3-dong, Dongan-gu, Anyang",3,4,4.0,3.12,2.05,1.45,2.45,4.75,2.0,1.7,1.68,2.1,2.05,1.65,1.62,3.4,2.38,1.29,2,0,0,1,1,2,0,-1,0,25,0,-1,2,1,1,3,1,4,4,5,0,1,3,3,1,6,1,41,76,94,120,0.89,1.65,2.54,0,0,0,0,0,0,1,1,0,0,0,1,0,0,1,18,15,1,14,13,1,9,3,25,44,17,55,1.47,1.16,1.5,1.0,1.25,1.18,75,57,1.66,1.61,3.27,38,True,True,False,False,False,False,True,5.19,2.65,1.54,2.05,2.19,1.65,1.75,3.41,1.34,1.58,2.42,2.12,3.12,4.15,2.24,1.69
South_Korea_K_League_1_2025,2025,12,Suwon,Daegu,2025-05-06 10:00:00,2,1,3,6,6,12,3,1,0,0,8,4,9,8,17,12,15,13,43,57,,,3,1,1.87,3.62,3.94,1.2,1.73,2.75,1.74,2.05,1.67,2.1,2.05,1.65,1.33,2.6,2.9,1.43,3,1,0,1,1,2,1,3843,0,70,0,-1,2,1,4,3,2,3,7,5,0,0,3,1,0,4,1,71,80,126,125,2.15,1.62,3.77,0,0,0,0,0,0,1,1,0,0,1,0,0,0,1,23,29,1,13,15,1,6,9,50,80,40,70,1.37,0.65,1.2,0.2,0.73,0.91,50,20,1.53,1.42,2.95,38,True,True,True,False,False,False,True,3.01,1.81,1.25,2.13,2.13,1.69,1.69,2.83,1.45,1.38,3.14,4.13,3.75,1.90,1.74,2.17
South_Korea_K_League_1_2025,2025,13,Pohang Steelers,Suwon,2025-05-10 07:30:00,2,0,2,6,6,12,2,1,0,0,3,1,11,10,14,11,10,12,56,44,Steelyard Stadium,", Pohang",2,1,2.2,3.1,3.05,1.34,2.29,3.2,1.7,1.98,1.72,2.38,2.0,1.57,1.45,2.95,2.91,1.38,2,1,0,1,0,1,1,3835,0,33,0,-1,2,1,4,2,2,4,6,6,2,0,0,1,2,1,1,66,50,91,95,1.57,1.13,2.7,1,0,1,0,0,0,1,1,0,0,2,0,0,0,1,19,28,1,11,10,1,8,6,42,42,9,50,1.63,0.84,1.67,0.33,1.33,0.92,59,59,1.63,1.31,2.94,38,True,True,False,False,False,False,False,3.76,2.12,1.35,2.08,2.16,1.66,1.71,,,,,3.23,3.32,2.37,1.83,2.03
South_Korea_K_League_1_2025,2025,13,Anyang,Daegu,2025-05-10 10:00:00,2,2,4,10,4,14,0,3,0,0,4,4,13,6,17,10,9,13,72,28,Anyang Stadium,"1023, Bisan3-dong, Dongan-gu, Anyang",0,3,1.86,3.64,3.8,1.29,1.85,3.0,1.65,2.0,1.72,2.25,1.97,1.66,1.33,2.8,2.7,1.37,4,0,1,2,1,3,1,-1,0,62,0,-1,2,1,3,2,7,2,5,9,0,1,0,2,1,2,1,117,45,78,60,2.18,1.23,3.41,0,0,0,0,0,0,1,1,0,1,0,1,0,0,1,30,18,1,13,9,1,5,11,55,77,40,63,1.47,0.65,1.43,0.17,1.23,0.83,45,23,1.55,1.45,3.0,38,True,True,True,True,False,False,True,3.17,1.88,1.27,2.04,2.18,1.66,1.76,2.90,1.44,1.39,3.10,4.15,3.77,1.89,1.76,2.13
South_Korea_K_League_1_2025,2025,13,Daejeon Citizen,FC Seoul,2025-05-10 10:00:00,0,0,0,0,11,11,3,2,0,0,1,7,0,18,1,25,9,12,46,54,Daejeon World Cup Stadium,"270 Noeun-dong, Yuseong-gu, Daejeon",3,2,3.48,3.15,2.25,1.37,2.2,4.56,1.91,1.8,1.86,2.55,1.75,1.42,1.44,3.3,2.35,1.33,0,0,0,0,0,0,0,-1,0,25,0,-1,2,1,0,3,0,8,3,8,0,0,3,2,0,5,1,44,85,99,116,0.47,2.67,3.14,0,0,0,0,0,0,1,1,0,0,0,0,0,0,1,17,18,1,12,9,1,9,3,9,50,0,50,1.84,1.16,1.67,1.0,2.08,1.17,92,50,1.49,1.62,3.11,38,False,False,False,False,False,False,False,4.39,2.34,1.44,1.95,2.32,1.57,1.86,3.38,1.34,1.56,2.47,2.24,3.31,3.51,2.05,1.82
South_Korea_K_League_1_2025,2025,13,Jeju United,Ulsan,2025-05-11 07:30:00,1,2,3,2,12,14,0,4,0,1,4,9,13,7,17,16,9,13,45,55,,,0,5,3.5,3.25,2.03,1.35,1.91,3.7,1.85,1.82,1.68,2.05,2.1,1.68,1.43,3.0,2.62,1.31,3,0,1,1,1,2,1,3836,0,25,0,-1,2,1,2,4,0,8,6,8,0,1,0,4,1,4,1,54,76,99,93,1.74,2.18,3.92,0,0,0,0,0,0,1,1,0,1,0,1,0,0,1,25,16,1,12,9,1,3,13,25,67,0,67,1.22,0.95,1.5,1.67,0.92,1.5,75,34,1.5,1.84,3.34,38,True,True,True,False,False,False,True,4.15,2.27,1.41,,,,,3.40,1.34,1.48,2.72,2.02,3.38,4.10,2.02,1.84
South_Korea_K_League_1_2025,2025,13,Gangwon,Sangju Sangmu,2025-05-11 10:00:00,0,4,4,2,7,9,0,2,0,0,4,10,3,11,7,21,7,12,56,44,Chuncheon Songam Stadium,"157 Songam-dong, Chuncheon",0,2,3.4,3.15,2.51,1.4,2.05,4.0,1.85,1.98,1.93,2.21,1.98,1.5,1.45,2.95,2.6,1.34,4,0,2,0,2,2,2,3839,0,46,0,-1,2,1,1,5,1,2,6,3,0,1,0,1,1,1,1,51,67,97,98,1.1,2.5,3.6,0,0,0,0,0,0,1,1,0,1,0,0,0,0,1,33,17,1,12,7,1,12,3,46,46,22,66,1.42,1.56,1.6,1.43,1.42,1.67,55,55,1.3,1.76,3.06,38,True,True,True,True,False,False,False,3.75,2.10,1.34,1.88,2.37,1.50,1.87,3.30,1.36,1.47,2.76,2.10,3.41,3.79,1.87,1.98
South_Korea_K_League_1_2025,2025,13,Gwangju,Jeonbuk Motors,2025-05-11 10:00:00,0,1,1,6,1,7,1,1,0,0,5,4,17,3,22,7,8,14,67,33,Gwangju World Cup Stadium,", Gwangju",1,1,3.41,2.87,2.49,1.5,2.6,4.0,2.09,1.71,1.81,2.46,1.9,1.5,1.47,3.42,2.45,1.33,1,0,1,0,0,0,1,3837,0,35,0,-1,2,1,1,1,5,0,2,5,0,0,1,1,0,2,1,88,18,121,66,2.37,0.86,3.23,0,0,0,0,0,0,1,1,0,0,1,0,0,0,1,18,12,1,14,8,1,5,12,35,45,17,44,1.47,2.11,2.17,2.4,1.58,1.83,65,55,1.52,1.26,2.78,38,True,False,False,False,False,False,False,4.79,2.50,1.48,1.84,2.46,1.51,1.97,3.42,1.33,1.56,2.52,2.39,3.08,3.46,2.09,1.79
South_Korea_K_League_1_2025,2025,14,Jeonbuk Motors,Anyang,2025-05-17 07:30:00,2,0,2,6,5,11,1,1,0,0,3,7,7,11,10,18,11,6,45,55,Jeonju World Cup Stadium,"763-1 Banwol-dong, Deokjin-gu, Jeonju",1,1,1.83,3.4,4.33,1.33,2.08,3.5,1.85,1.85,1.66,2.1,2.14,1.57,1.42,3.16,2.75,1.36,2,2,0,0,0,0,2,3837,0,77,0,-1,2,1,4,1,2,4,5,6,1,1,0,0,2,0,1,58,126,97,151,1.27,2.53,3.8,0,0,0,0,0,0,1,1,0,0,2,0,0,1,1,11,20,1,6,11,1,7,10,62,77,29,69,2.05,1.11,1.43,1.0,1.92,1.21,38,24,1.82,1.38,3.2,38,True,True,False,False,False,False,False,3.71,2.08,1.34,2.13,2.12,1.68,1.68,3.16,1.38,1.44,2.88,4.79,3.51,1.85,1.90,1.95
South_Korea_K_League_1_2025,2025,14,Sangju Sangmu,Jeju United,2025-05-17 10:00:00,1,1,2,7,3,10,2,0,0,0,6,2,14,8,20,10,11,14,55,45,,,2,0,1.57,4.05,4.5,1.22,1.67,2.5,1.7,2.05,1.62,2.17,2.2,1.76,1.33,2.33,3.08,1.5,2,0,0,1,1,2,0,-1,0,25,0,-1,2,1,4,2,3,1,6,4,0,0,2,0,0,2,1,59,31,72,70,2.09,1.0,3.09,0,1,0,1,0,0,1,1,0,0,0,2,0,0,1,23,22,1,14,10,1,4,12,17,64,19,64,1.65,0.85,2.0,0.33,1.77,0.85,84,37,1.82,1.6,3.42,38,True,True,False,False,False,False,True,2.64,1.65,1.21,,,,,2.59,1.53,1.35,3.32,5.22,4.36,1.62,1.70,2.22
South_Korea_K_League_1_2025,2025,14,Gangwon,Ulsan,2025-05-17 10:00:00,1,1,2,2,8,10,2,5,0,0,5,1,7,6,12,7,8,14,38,62,Chuncheon Songam Stadium,"157 Songam-dong, Chuncheon",2,5,3.7,3.3,1.75,1.3,2.16,3.55,2.03,1.8,1.82,2.15,1.99,1.59,1.45,3.1,2.66,1.32,2,0,0,1,1,2,0,-1,0,23,0,-1,2,1,0,4,2,4,4,6,0,1,2,4,1,6,1,63,88,97,113,1.56,1.15,2.72,0,0,0,0,0,0,1,1,0,0,0,0,0,0,1,19,23,1,14,8,1,9,13,24,45,9,62,1.42,0.95,1.33,1.86,1.31,1.6,77,55,1.26,1.88,3.14,38,True,True,False,False,False,False,True,3.87,2.14,1.37,1.99,2.27,1.60,1.82,3.31,1.35,1.47,2.76,1.75,3.70,5.15,2.03,1.83
South_Korea_K_League_1_2025,2025,14,Daegu,FC Seoul,2025-05-18 07:30:00,0,1,1,7,8,15,3,2,0,0,3,5,5,16,8,21,9,12,41,59,,,3,2,4.6,3.75,1.66,1.25,2.02,3.35,1.85,1.85,1.66,2.24,2.38,1.8,1.42,2.75,2.8,1.4,1,0,0,0,1,1,0,3833,0,41,0,-1,2,1,3,4,4,4,7,8,1,1,2,1,2,3,1,52,87,77,91,1.09,2.29,3.38,0,0,0,0,0,0,1,1,0,0,0,2,0,1,1,12,16,1,12,9,1,15,5,34,48,17,63,1.17,1.16,1.5,1.0,0.85,1.15,67,52,2.01,1.77,3.78,38,True,False,False,False,False,False,False,3.40,1.97,1.31,2.18,2.12,1.70,1.66,3.08,1.40,1.43,2.92,1.68,3.91,5.34,1.91,1.94
South_Korea_K_League_1_2025,2025,14,Pohang Steelers,Gwangju,2025-05-18 07:30:00,0,1,1,3,2,5,3,2,0,0,4,2,14,8,18,10,17,12,50,50,Steelyard Stadium,", Pohang",3,2,2.55,3.05,2.75,1.52,2.51,4.75,1.95,1.73,1.83,2.48,1.92,1.47,1.6,3.46,2.5,1.27,1,0,0,0,1,1,0,3841,0,40,0,-1,-1,1,-1,-1,-1,-1,-1,-1,2,2,1,0,4,1,1,52,41,71,60,1.78,1.07,2.85,0,0,0,0,0,0,1,1,0,0,-1,-1,0,0,1,24,12,1,12,16,1,10,11,47,62,9,70,1.63,1.37,1.86,1.0,1.46,1.46,54,38,1.62,0.95,2.57,38,True,False,False,False,False,False,False,5.07,2.60,1.52,1.92,2.37,1.55,1.88,3.40,1.34,1.60,2.41,2.91,3.08,2.74,2.15,1.75
South_Korea_K_League_1_2025,2025,14,Suwon,Daejeon Citizen,2025-05-18 10:00:00,3,0,3,8,1,9,2,1,0,0,11,2,21,6,32,8,10,15,48,52,,,2,1,2.4,3.15,2.71,1.36,2.09,3.55,1.85,1.91,1.65,2.45,1.83,1.5,1.4,3.0,2.7,1.33,3,0,0,3,0,3,0,3843,0,77,0,-1,2,1,5,1,3,0,6,3,2,1,0,0,3,0,1,105,60,116,116,3.52,1.09,4.61,0,0,0,0,0,0,1,1,0,0,1,0,0,0,1,24,14,1,15,10,1,4,15,61,92,30,69,1.37,1.58,1.5,2.43,0.85,2.0,40,9,1.63,1.21,2.84,38,True,True,True,False,False,False,False,3.77,2.13,1.37,,,,,3.31,1.35,1.47,2.76,2.91,3.35,2.56,1.85,2.00
South_Korea_K_League_1_2025,2025,15,Anyang,Pohang Steelers,2025-05-23 10:30:00,0,2,2,3,3,6,1,1,0,0,0,2,5,6,5,8,10,15,47,53,Anyang Stadium,"1023, Bisan3-dong, Dongan-gu, Anyang",1,1,2.95,3.2,2.25,1.33,2.25,3.6,1.85,1.98,1.58,2.2,2.3,1.83,1.47,2.95,2.6,1.33,2,0,0,0,2,2,0,3835,0,73,0,-1,2,1,1,0,2,3,1,5,1,0,0,1,1,1,1,73,72,116,137,0.86,1.18,2.04,0,0,0,0,0,0,1,1,0,0,0,0,0,0,1,25,22,1,15,10,1,3,6,50,88,38,75,1.47,1.32,1.38,1.0,1.13,1.36,50,13,1.63,1.58,3.21,38,True,True,False,False,False,False,False,3.91,2.18,1.38,2.30,1.99,1.83,1.58,3.34,1.35,1.47,2.76,2.35,3.37,3.22,1.91,1.94
South_Korea_K_League_1_2025,2025,15,Jeju United,Jeonbuk Motors,2025-05-23 10:30:00,0,0,0,2,3,5,3,6,0,0,1,3,11,7,12,10,11,21,36,64,,,3,6,3.9,3.49,2.05,1.35,2.09,3.7,1.8,1.91,1.65,2.09,2.08,1.72,1.44,3.18,2.85,1.35,0,0,0,0,0,0,0,-1,0,30,0,-1,2,1,1,0,1,3,1,4,2,2,1,4,4,5,1,67,67,102,132,1.31,1.34,2.65,0,0,0,0,0,0,1,1,0,0,0,0,0,0,1,12,21,1,21,11,1,9,8,37,60,0,60,1.22,2.11,1.29,2.5,0.86,2.0,63,41,1.54,1.19,2.73,38,False,False,False,False,False,False,False,3.70,2.08,1.34,2.12,2.07,1.74,1.70,3.18,1.38,1.44,2.87,2.15,3.50,3.53,1.88,1.97
South_Korea_K_League_1_2025,2025,15,FC Seoul,Suwon,2025-05-24 07:30:00,1,1,2,6,2,8,3,3,0,0,6,3,14,5,20,8,17,13,62,38,Seoul World Cup Stadium,"515 Seongsan-dong, Mapo-gu, Sangam, Seoul",3,3,1.5,3.6,6.0,1.36,2.05,3.75,2.1,1.75,1.6,2.71,2.09,1.72,1.48,3.24,2.72,1.33,2,1,0,0,1,1,1,-1,0,48,0,-1,2,1,6,0,0,2,6,2,1,0,2,3,1,5,1,83,64,127,102,2.28,1.18,3.46,0,0,0,0,0,0,1,1,0,0,1,0,0,0,1,24,24,1,13,17,1,6,7,48,55,16,62,1.42,0.84,1.33,0.29,1.29,1.0,52,45,2.2,1.28,3.48,38,True,True,False,False,False,False,True,3.79,2.12,1.36,,,,,3.24,1.36,1.45,2.84,7.28,4.05,1.53,2.19,1.72
South_Korea_K_League_1_2025,2025,15,Daejeon Citizen,Daegu,2025-05-24 10:00:00,2,1,3,4,4,8,3,2,0,0,6,3,3,6,9,9,12,12,43,57,Daejeon World Cup Stadium,"270 Noeun-dong, Yuseong-gu, Daejeon",3,2,1.74,3.7,4.2,1.21,1.73,2.92,1.67,2.2,1.6,1.9,2.3,1.75,1.33,2.78,3.0,1.47,3,1,0,1,1,2,1,3845,0,50,0,-1,2,1,0,1,4,3,1,7,1,1,2,1,2,3,1,64,60,108,115,1.46,1.22,2.68,1,0,1,0,0,0,1,1,0,0,0,1,0,0,1,25,43,1,11,12,1,9,1,43,72,22,65,1.84,0.65,1.57,0.29,1.87,0.79,58,29,1.34,1.42,2.76,38,True,True,True,False,False,False,True,3.00,1.81,1.25,2.25,2.01,1.78,1.61,2.78,1.47,1.37,3.23,4.16,3.75,1.89,1.71,2.20
South_Korea_K_League_1_2025,2025,15,Ulsan,Sangju Sangmu,2025-05-24 10:00:00,3,2,5,5,4,9,1,2,0,0,7,7,10,8,17,15,3,11,65,35,Ulsan Munsu Football Stadium,"3302-5 Kozukue, Kohoku-ku, Ulsan",1,2,2.18,3.3,3.45,1.17,1.65,2.7,1.6,2.3,1.66,2.05,2.0,1.57,1.33,2.45,3.3,1.53,5,0,1,3,1,4,1,3836,0,51,0,-1,2,1,4,1,1,3,5,4,0,0,1,2,0,3,1,69,79,88,71,2.05,1.99,4.05,1,0,1,0,0,0,1,1,0,0,0,0,0,0,1,19,20,1,10,3,1,6,7,57,69,44,69,1.37,1.56,1.38,1.63,1.56,1.71,44,32,1.94,1.85,3.79,38,True,True,True,True,True,False,True,2.81,1.71,1.23,2.10,2.13,1.69,1.71,2.72,1.48,1.36,3.27,3.08,3.77,2.25,1.61,2.40
South_Korea_K_League_1_2025,2025,15,Gwangju,Gangwon,2025-05-25 07:30:00,0,1,1,1,2,3,2,4,0,0,3,1,6,2,9,3,18,12,54,46,Gwangju World Cup Stadium,", Gwangju",2,4,2.3,2.75,3.1,1.62,2.9,6.55,2.3,1.56,1.98,2.55,1.72,1.41,1.66,3.95,2.21,1.24,1,0,0,0,1,1,0,3831,0,36,0,-1,2,1,1,2,0,0,3,0,0,1,2,3,1,5,1,87,60,127,115,1.42,0.71,2.13,0,1,0,1,0,0,1,1,0,0,0,0,0,0,1,28,24,1,12,17,1,3,9,43,50,22,57,1.47,1.32,1.86,1.29,1.57,1.29,57,50,1.64,0.94,2.58,38,True,False,False,False,False,False,False,6.14,2.98,1.67,1.72,2.57,1.46,2.09,,,1.65,2.28,3.48,2.89,2.50,2.39,1.61
South_Korea_K_League_1_2025,2025,16,Daejeon Citizen,Pohang Steelers,2025-05-27 10:30:00,1,3,4,1,3,4,1,1,0,0,4,5,12,7,16,12,15,13,54,46,Daejeon World Cup Stadium,"270 Noeun-dong, Yuseong-gu, Daejeon",1,1,3.15,3.25,2.17,1.4,2.29,3.5,1.98,1.85,1.83,2.05,1.85,1.53,1.45,3.36,2.5,1.32,4,1,2,0,1,1,3,3835,0,55,0,-1,2,1,0,0,1,3,0,4,0,1,1,0,1,1,1,70,65,119,102,1.8,1.58,3.38,0,0,0,0,0,0,1,1,0,0,0,0,0,0,1,11,19,1,13,15,1,6,10,34,82,22,68,1.84,1.32,1.75,1.29,1.94,1.47,66,19,1.36,1.53,2.89,38,True,True,True,True,False,False,True,4.27,2.33,1.45,1.96,2.31,1.57,1.85,3.39,1.33,1.52,2.59,2.18,3.26,3.72,1.99,1.87
South_Korea_K_League_1_2025,2025,16,Daegu,Jeonbuk Motors,2025-05-27 10:30:00,0,4,4,5,9,14,0,0,0,0,1,4,15,14,16,18,5,14,52,48,,,0,0,5.0,3.75,1.6,1.27,1.73,2.9,1.8,1.91,1.68,2.58,2.1,1.7,1.35,2.6,2.9,1.42,4,0,2,0,2,2,2,3837,0,36,0,-1,2,-1,0,6,5,3,6,8,0,0,0,0,0,0,1,66,74,91,85,1.55,1.94,3.49,0,0,0,0,0,0,1,1,0,0,0,0,-1,-1,1,14,21,1,14,5,1,5,9,36,43,15,50,1.17,2.11,1.29,2.29,0.73,1.93,65,57,1.88,1.21,3.09,38,True,True,True,True,False,False,False,3.02,1.85,1.27,2.28,2.02,1.79,1.59,2.82,1.45,1.39,3.09,1.64,4.04,5.61,1.85,2.00
South_Korea_K_League_1_2025,2025,16,Suwon,Jeju United,2025-05-27 10:30:00,0,1,1,4,5,9,1,5,0,0,2,2,7,7,9,9,16,18,50,50,,,1,5,2.58,3.2,2.62,1.3,2.0,3.5,1.75,1.9,1.71,2.15,2.0,1.75,1.4,2.95,2.7,1.35,1,0,1,0,0,0,1,3832,0,64,0,-1,-1,1,-1,-1,-1,-1,-1,-1,0,3,1,2,3,3,1,51,42,96,112,1.08,1.03,2.11,0,0,0,0,0,0,1,1,0,0,-1,-1,0,0,-1,-1,-1,1,19,14,-1,-1,-1,43,79,14,57,1.37,0.85,1.71,0.43,1.0,0.87,57,22,1.9,1.51,3.41,38,True,False,False,False,False,False,False,3.58,2.06,1.34,2.13,2.08,1.72,1.69,3.12,1.38,1.43,2.90,2.83,3.40,2.59,1.81,2.05
South_Korea_K_League_1_2025,2025,16,Gangwon,Anyang,2025-05-28 10:30:00,1,3,4,9,2,11,1,3,0,0,5,3,9,6,14,9,6,7,71,29,Chuncheon Songam Stadium,"157 Songam-dong, Chuncheon",1,3,2.33,2.87,2.95,1.48,2.38,4.5,2.05,1.7,1.85,2.45,1.85,1.48,1.5,3.5,2.4,1.25,4,0,2,1,1,2,2,3848,0,43,0,-1,2,1,2,1,7,1,3,8,1,2,0,1,3,1,1,69,18,98,69,1.73,0.91,2.65,0,0,0,0,0,0,1,1,0,0,1,0,0,0,1,23,20,1,7,6,1,10,17,43,57,14,64,1.42,1.11,1.29,0.86,1.4,1.06,57,43,1.31,1.55,2.86,38,True,True,True,True,False,False,True,4.92,2.55,1.52,1.83,2.46,1.50,1.99,3.25,1.34,1.60,2.41,3.27,3.04,2.51,2.12,1.76
South_Korea_K_League_1_2025,2025,16,Gwangju,Ulsan,2025-05-28 10:30:00,1,1,2,7,1,8,2,3,0,0,8,3,20,10,28,13,15,21,47,53,Gwangju World Cup Stadium,", Gwangju",2,3,2.9,3.15,2.32,1.44,2.3,3.9,2.07,1.8,1.74,2.41,1.91,1.53,1.5,3.3,2.5,1.28,2,1,0,0,1,1,1,-1,0,38,0,-1,2,1,2,1,5,0,3,5,1,0,1,3,1,4,1,91,59,93,96,2.96,1.46,4.42,0,0,0,0,0,0,1,1,0,0,0,0,1,0,1,16,23,1,21,15,1,5,14,26,51,13,57,1.47,0.95,1.63,1.75,1.47,1.65,76,51,1.61,1.79,3.4,38,True,True,False,False,False,False,True,4.72,2.45,1.47,1.91,2.41,1.53,1.91,3.39,1.34,1.55,2.51,2.49,3.24,3.11,2.07,1.80
South_Korea_K_League_1_2025,2025,16,Sangju Sangmu,FC Seoul,2025-05-28 10:30:00,0,1,1,5,4,9,1,1,0,0,4,6,10,3,14,9,13,6,55,45,,,1,1,2.77,3.05,2.55,1.29,1.85,3.02,1.67,2.15,1.73,2.29,1.96,1.59,1.42,3.01,2.9,1.42,1,0,0,0,1,1,0,3833,0,15,0,-1,2,1,3,2,2,1,5,3,1,0,0,1,1,1,1,84,58,109,79,1.77,1.41,3.18,0,0,0,0,0,0,1,1,0,0,2,0,0,0,1,22,30,1,6,13,1,6,4,0,46,9,44,1.65,1.16,1.83,1.25,1.6,1.27,100,54,1.87,1.83,3.7,38,True,False,False,False,False,False,False,3.29,1.93,1.29,1.96,2.29,1.59,1.85,3.01,1.41,1.42,2.97,2.65,3.40,2.77,1.70,2.22
South_Korea_K_League_1_2025,2025,17,Jeonbuk Motors,Ulsan,2025-05-31 10:00:00,3,1,4,4,6,10,2,1,0,0,7,4,4,8,11,12,11,5,43,57,Jeonju World Cup Stadium,"763-1 Banwol-dong, Deokjin-gu, Jeonju",2,1,2.53,3.25,2.7,1.3,1.91,3.53,1.65,2.05,1.72,2.03,2.02,1.74,1.38,2.7,2.88,1.4,4,1,1,2,0,2,2,3837,0,60,0,-1,2,1,2,2,2,4,4,6,0,0,2,1,0,3,1,84,96,122,114,1.8,1.73,3.53,0,0,0,0,0,0,1,1,0,0,1,0,0,0,1,10,13,1,5,11,1,9,3,31,78,32,66,2.05,0.95,1.63,1.67,2.0,1.61,70,23,1.75,1.76,3.51,38,True,True,True,True,False,False,True,3.41,1.99,1.30,2.02,2.17,1.65,1.76,2.99,1.41,1.41,3.00,2.81,3.37,2.63,1.73,2.18
South_Korea_K_League_1_2025,2025,17,FC Seoul,Jeju United,2025-05-31 10:00:00,1,3,4,13,2,15,0,3,0,0,11,5,19,3,30,8,10,9,65,35,Seoul World Cup Stadium,"515 Seongsan-dong, Mapo-gu, Sangam, Seoul",0,3,1.74,3.6,5.0,1.36,2.05,3.75,1.95,1.68,1.67,2.2,2.07,1.68,1.49,3.15,2.69,1.33,4,0,1,1,2,3,1,3832,0,61,0,-1,2,1,5,1,8,1,6,9,0,1,0,2,1,2,1,107,19,130,57,3.42,1.0,4.41,0,0,0,0,0,0,1,1,0,0,3,0,0,0,1,20,9,1,9,10,1,2,10,41,67,14,67,1.42,0.85,1.29,0.75,1.38,1.0,59,34,2.22,1.45,3.67,38,True,True,True,True,False,False,True,3.93,2.16,1.37,2.03,2.21,1.64,1.77,3.29,1.35,1.46,2.78,5.62,3.85,1.67,2.16,1.74
South_Korea_K_League_1_2025,2025,17,Anyang,Daejeon Citizen,2025-05-31 10:00:00,1,1,2,2,3,5,2,1,0,0,5,4,11,5,16,9,14,12,46,54,Anyang Stadium,"1023, Bisan3-dong, Dongan-gu, Anyang",2,1,2.67,3.05,2.7,1.35,2.36,4.0,1.85,1.82,1.89,2.62,1.8,1.68,1.45,3.1,2.5,1.32,2,0,1,1,0,1,1,-1,0,60,0,-1,2,1,1,3,1,0,4,1,1,1,1,0,2,1,1,75,57,127,115,1.91,1.27,3.18,0,0,0,0,0,0,1,1,0,1,0,0,0,0,1,18,23,1,12,14,1,5,6,60,89,30,54,1.47,1.58,1.22,2.13,1.18,1.82,41,11,1.54,1.2,2.74,38,True,True,False,False,False,False,True,4.32,2.33,1.42,1.92,2.32,1.57,1.88,3.38,1.34,1.50,2.66,2.81,3.13,2.80,1.93,1.92
South_Korea_K_League_1_2025,2025,17,Daegu,Gwangju,2025-06-01 10:00:00,1,1,2,1,8,9,1,3,0,0,2,7,8,7,10,14,12,13,45,55,,,1,3,3.3,3.45,1.95,1.31,1.97,3.0,1.73,2.08,1.71,2.48,2.26,1.68,1.37,2.8,2.81,1.37,2,0,1,1,0,1,1,-1,0,47,0,-1,2,1,0,5,1,2,5,3,1,1,0,2,2,2,1,49,102,91,122,1.13,2.11,3.24,1,1,1,1,0,0,1,1,0,0,0,3,0,1,1,15,19,1,12,11,1,9,11,53,60,26,73,1.17,1.37,1.13,1.29,0.69,1.44,48,41,1.84,0.97,2.81,38,True,True,False,False,False,False,True,3.37,1.97,1.31,,,,,3.11,1.39,1.43,2.90,2.09,3.55,3.67,1.79,2.08
South_Korea_K_League_1_2025,2025,17,Pohang Steelers,Gangwon,2025-06-01 10:00:00,2,1,3,4,5,9,1,1,0,0,4,3,7,8,11,11,11,14,66,34,Steelyard Stadium,", Pohang",1,1,2.19,3.13,3.3,1.48,2.55,4.5,2.05,1.72,2.02,2.45,1.83,1.46,1.63,3.3,2.36,1.29,3,1,1,1,0,1,2,3835,0,25,0,-1,2,1,3,0,1,5,3,6,0,0,1,1,0,2,1,63,48,82,49,1.43,1.24,2.67,0,0,0,0,0,0,1,1,0,0,0,0,0,0,1,28,18,1,14,11,1,7,7,38,50,7,44,1.63,1.32,1.63,1.5,1.56,1.31,63,50,1.64,0.92,2.56,38,True,True,True,False,False,False,True,4.92,2.55,1.51,1.79,2.59,1.46,2.02,3.36,1.32,1.59,2.41,4.05,3.14,2.13,2.18,1.72
South_Korea_K_League_1_2025,2025,17,Sangju Sangmu,Suwon,2025-06-01 10:00:00,1,1,2,7,3,10,2,0,0,0,2,5,7,6,9,11,16,10,56,44,,,2,0,1.67,3.75,4.72,1.16,1.67,2.63,1.62,2.2,1.51,2.28,2.23,1.82,1.3,2.4,3.2,1.5,2,0,0,1,1,2,0,-1,0,26,0,-1,2,1,6,1,1,2,7,3,0,0,2,0,0,2,1,86,76,118,113,1.34,1.6,2.93,0,0,0,0,0,0,1,1,0,0,0,0,0,0,1,25,21,1,10,16,1,8,9,13,54,14,53,1.65,0.84,1.57,0.38,1.5,0.94,88,47,1.85,1.27,3.12,38,True,True,False,False,False,False,True,2.63,1.66,1.21,2.29,1.99,1.82,1.58,2.63,1.51,1.35,3.33,4.58,4.06,1.75,1.64,2.32
South_Korea_K_League_1_2025,2025,18,Gwangju,FC Seoul,2025-06-13 10:30:00,1,3,4,5,5,10,1,1,0,0,2,6,14,5,16,11,6,14,49,51,Gwangju World Cup Stadium,", Gwangju",1,1,3.25,3.0,2.25,1.45,2.45,4.6,2.11,1.67,1.88,2.62,1.75,1.42,1.47,3.3,2.4,1.27,4,0,1,1,2,3,1,3833,0,28,0,-1,2,1,1,0,4,5,1,9,1,1,0,0,2,0,1,83,51,118,84,1.75,1.48,3.23,0,0,0,0,0,0,1,1,0,1,0,0,0,1,1,23,7,1,14,6,1,6,11,17,33,11,50,1.47,1.16,1.56,1.44,1.41,1.29,84,67,1.76,1.79,3.55,38,True,True,True,True,False,False,True,5.05,2.54,1.50,1.68,2.48,1.50,2.14,,,,,2.26,3.15,3.67,2.11,1.77
South_Korea_K_League_1_2025,2025,18,Gangwon,Jeonbuk Motors,2025-06-13 10:30:00,0,3,3,5,5,10,2,3,0,0,3,6,11,7,14,13,9,11,55,45,Chuncheon Songam Stadium,"157 Songam-dong, Chuncheon",2,3,3.8,3.0,2.0,1.4,2.2,4.0,1.91,1.83,1.76,2.58,2.0,1.63,1.45,3.45,2.5,1.33,3,0,2,0,1,1,2,3837,0,26,0,-1,2,1,1,2,4,3,3,7,1,2,1,1,3,2,1,89,66,120,104,1.74,1.72,3.46,0,0,0,0,0,0,1,1,0,1,0,1,0,0,1,17,19,1,11,9,1,6,7,32,44,19,51,1.42,2.11,1.13,2.38,1.24,2.06,69,57,1.36,1.3,2.66,38,True,True,True,False,False,False,False,4.38,2.34,1.43,1.93,2.35,1.56,1.88,3.45,1.33,1.52,2.62,2.15,3.22,3.87,2.03,1.83
South_Korea_K_League_1_2025,2025,18,Suwon,Anyang,2025-06-14 10:00:00,1,2,3,0,4,4,0,4,0,0,3,5,9,9,12,14,12,16,52,48,,,0,4,2.28,3.0,2.98,1.35,2.0,3.3,1.84,1.91,1.76,2.66,2.0,1.66,1.45,2.8,2.75,1.36,3,1,0,0,2,2,1,3848,0,63,0,-1,2,1,0,0,0,4,0,4,0,1,0,3,1,3,1,84,75,114,106,1.58,1.77,3.35,0,0,0,0,0,0,1,1,0,0,0,0,0,0,1,25,26,1,15,12,1,14,8,57,75,19,69,1.37,1.11,1.5,1.13,0.94,1.17,44,25,1.8,1.47,3.27,38,True,True,True,False,False,False,True,3.69,2.11,1.35,2.07,2.14,1.68,1.72,3.17,1.38,1.44,2.88,3.03,3.34,2.48,1.84,2.02
South_Korea_K_League_1_2025,2025,18,Jeju United,Daegu,2025-06-14 10:00:00,2,1,3,7,1,8,2,1,0,0,4,4,9,4,13,8,11,12,60,40,,,2,1,1.91,3.62,3.74,1.22,1.79,3.2,1.6,2.25,1.6,1.95,2.22,1.72,1.35,2.6,3.0,1.42,3,0,1,2,0,2,1,3832,0,57,0,-1,2,1,1,1,6,0,2,6,0,0,2,1,0,3,1,67,38,120,100,1.59,1.07,2.66,0,0,0,0,0,0,1,1,0,0,0,0,0,0,1,27,20,1,12,11,1,3,10,63,82,19,82,1.22,0.65,1.25,0.25,1.12,0.71,38,19,1.51,1.4,2.91,38,True,True,True,False,False,False,True,2.99,1.80,1.25,2.22,2.00,1.81,1.61,2.81,1.46,1.38,3.18,3.49,3.72,2.09,1.67,2.27
South_Korea_K_League_1_2025,2025,18,Sangju Sangmu,Pohang Steelers,2025-06-14 10:00:00,1,0,1,3,3,6,1,0,0,0,6,1,6,6,12,7,12,9,34,66,,,1,0,2.3,3.3,2.6,1.22,1.8,3.14,1.57,2.09,1.69,2.6,2.05,1.75,1.33,2.6,3.0,1.42,1,1,0,0,0,0,1,3839,0,50,0,-1,2,1,2,2,1,1,4,2,0,0,1,0,0,1,1,79,86,97,127,1.75,1.14,2.89,0,0,0,0,0,0,1,1,0,0,0,0,0,0,1,24,19,1,9,12,1,8,6,25,82,32,63,1.65,1.32,1.5,1.5,1.47,1.65,75,19,1.79,1.53,3.32,38,True,False,False,False,False,False,False,3.14,1.89,1.27,2.05,2.23,1.63,1.75,2.99,1.41,1.42,2.98,2.93,3.41,2.50,1.68,2.25
South_Korea_K_League_1_2025,2025,19,Jeonbuk Motors,Suwon,2025-06-17 10:30:00,3,2,5,8,1,9,2,2,0,0,4,6,8,6,12,12,14,9,71,29,Jeonju World Cup Stadium,"763-1 Banwol-dong, Deokjin-gu, Jeonju",2,2,1.67,3.8,4.55,1.17,1.79,2.83,1.71,1.94,1.53,2.01,2.28,1.8,1.33,2.55,3.0,1.45,5,0,2,3,0,3,2,3837,0,61,0,-1,2,1,2,1,6,0,3,6,1,1,1,1,2,2,1,98,58,145,97,1.75,1.6,3.35,0,0,0,0,0,0,1,1,0,1,0,0,0,0,1,20,17,1,9,14,1,8,10,39,73,39,67,2.05,0.84,1.78,0.44,2.11,0.89,61,28,1.75,1.31,3.06,38,True,True,True,True,True,False,True,3.01,1.81,1.26,2.33,1.96,1.85,1.57,2.80,1.46,1.37,3.20,4.75,3.94,1.75,1.79,2.09
South_Korea_K_League_1_2025,2025,19,Daegu,Pohang Steelers,2025-06-17 10:30:00,1,1,2,2,4,6,2,2,0,0,5,6,10,3,15,9,13,16,55,45,,,2,2,4.05,3.4,1.68,1.27,2.05,4.05,1.85,1.83,1.82,2.43,1.99,1.58,1.45,3.2,2.75,1.36,2,0,1,1,0,1,1,-1,0,62,0,-1,2,1,1,3,1,1,4,2,0,0,2,2,0,4,1,50,48,123,104,1.67,1.35,3.01,0,0,0,0,0,0,1,1,0,0,0,0,0,0,1,14,12,1,16,13,1,5,10,50,78,39,84,1.17,1.32,1.11,1.33,0.67,1.56,50,22,1.76,1.49,3.25,38,True,True,False,False,False,False,True,3.68,2.08,1.34,1.99,2.33,1.57,1.82,3.20,1.37,1.45,2.83,1.86,3.62,4.50,1.92,1.93
South_Korea_K_League_1_2025,2025,19,FC Seoul,Gangwon,2025-06-17 10:30:00,1,1,2,5,3,8,1,2,0,0,4,4,11,6,15,10,9,16,69,31,Seoul World Cup Stadium,"515 Seongsan-dong, Mapo-gu, Sangam, Seoul",1,2,1.63,3.25,4.89,1.46,2.25,4.5,2.1,1.65,1.84,2.12,1.95,1.53,1.48,3.2,2.4,1.28,2,0,1,1,0,1,1,-1,0,54,0,-1,2,1,1,1,4,2,2,6,1,0,0,2,1,2,1,50,25,118,81,1.6,1.1,2.69,0,0,0,0,0,0,1,1,0,0,0,0,0,0,1,27,11,1,16,9,1,5,9,54,66,18,60,1.42,1.32,1.13,1.33,1.39,1.17,47,35,2.37,0.95,3.32,38,True,True,False,False,False,False,True,4.39,2.33,1.43,1.91,2.39,1.54,1.91,3.45,1.33,1.52,2.61,5.15,3.57,1.78,2.16,1.74
South_Korea_K_League_1_2025,2025,19,Daejeon Citizen,Sangju Sangmu,2025-06-18 10:30:00,0,0,0,7,5,12,1,1,1,0,2,6,10,9,12,15,4,10,46,54,Daejeon World Cup Stadium,"270 Noeun-dong, Yuseong-gu, Daejeon",2,1,2.45,3.5,2.55,1.26,1.91,3.25,1.72,2.1,1.75,2.2,2.1,1.6,1.36,3.0,2.98,1.4,0,0,0,0,0,0,0,-1,0,56,0,-1,2,1,3,1,4,4,4,8,1,0,1,1,1,2,1,50,92,107,137,1.27,2.04,3.3,0,0,0,0,0,0,1,1,0,0,0,0,0,0,1,23,23,1,10,4,1,11,7,56,73,28,67,1.84,1.56,1.56,1.44,1.78,1.56,45,28,1.4,1.86,3.26,38,False,False,False,False,False,False,False,3.13,1.89,1.27,2.01,2.25,1.61,1.80,2.86,1.45,1.39,3.12,2.79,3.53,2.56,1.69,2.24
South_Korea_K_League_1_2025,2025,19,Jeju United,Gwangju,2025-06-18 10:30:00,0,1,1,2,5,7,3,2,0,1,4,4,8,8,12,12,18,12,52,48,,,3,3,2.55,3.05,2.75,1.38,2.29,3.9,1.91,1.8,1.73,2.3,1.93,1.66,1.45,3.1,2.5,1.3,1,0,0,0,1,1,0,3841,0,47,0,-1,2,1,0,4,2,1,4,3,0,1,3,2,1,5,1,67,71,61,76,1.51,1.54,3.06,0,0,0,0,0,0,1,1,0,0,0,0,0,0,1,27,23,1,12,18,1,3,6,47,71,7,77,1.22,1.37,1.44,1.25,1.22,1.33,54,30,1.52,1.11,2.63,38,True,False,False,False,False,False,False,4.35,2.30,1.40,,,,,3.43,1.33,1.50,2.68,2.79,3.31,2.68,1.90,1.95
South_Korea_K_League_1_2025,2025,20,Jeonbuk Motors,FC Seoul,2025-06-21 10:00:00,1,1,2,3,1,4,0,0,0,0,3,2,9,8,12,10,7,9,57,43,Jeonju World Cup Stadium,"763-1 Banwol-dong, Deokjin-gu, Jeonju",0,0,2.5,3.0,2.8,1.5,2.35,4.2,1.91,1.73,1.72,2.24,1.9,1.61,1.5,3.33,2.4,1.29,2,1,1,0,0,0,2,-1,0,50,0,-1,2,-1,2,1,1,0,3,1,0,0,0,0,0,0,1,63,50,126,85,1.43,1.14,2.57,0,0,0,0,0,0,1,1,0,0,0,0,-1,-1,1,23,19,1,9,7,1,4,16,35,60,35,60,2.05,1.16,1.9,1.6,2.16,1.37,65,40,1.75,1.76,3.51,38,True,True,False,False,False,False,True,4.14,2.26,1.39,2.04,2.24,1.61,1.74,3.33,1.33,1.46,2.70,2.80,3.16,2.66,1.91,1.89
South_Korea_K_League_1_2025,2025,20,Gangwon,Daegu,2025-06-21 10:00:00,3,0,3,7,2,9,1,1,0,0,6,3,7,7,13,10,11,11,45,55,,,1,1,1.85,3.2,3.96,1.29,1.85,3.1,1.82,1.96,1.73,2.4,1.86,1.48,1.4,2.85,2.84,1.38,3,1,0,2,0,2,1,3831,0,56,0,-1,2,1,4,1,3,1,5,4,1,1,0,0,2,0,1,48,28,74,73,1.58,1.05,2.63,0,0,0,0,0,0,1,1,0,0,0,0,0,0,1,21,23,1,11,11,1,6,7,61,73,33,78,1.42,0.65,1.0,0.22,1.16,0.68,39,28,1.4,1.36,2.76,38,True,True,True,False,False,False,False,3.80,2.12,1.35,2.10,2.14,1.68,1.70,,,,,3.85,3.42,2.00,1.91,1.89
South_Korea_K_League_1_2025,2025,20,Pohang Steelers,Jeju United,2025-06-21 10:00:00,2,1,3,4,2,6,2,3,0,0,11,5,8,5,19,10,11,14,54,46,Steelyard Stadium,", Pohang",2,3,1.83,3.52,4.65,1.36,2.23,4.0,1.97,1.8,1.73,2.54,2.0,1.65,1.44,3.0,2.5,1.36,3,0,0,2,1,3,0,3835,0,45,0,-1,2,1,1,0,3,2,1,5,0,1,2,2,1,4,1,70,53,131,107,2.48,1.37,3.85,0,0,0,0,0,0,1,1,0,0,0,0,0,0,1,22,18,1,14,11,1,6,3,39,62,11,62,1.63,0.85,1.78,1.0,1.53,1.16,62,39,1.62,1.4,3.02,38,True,True,True,False,False,False,True,,,,2.07,2.17,1.65,1.72,,,,,3.82,3.49,1.99,1.97,1.84
South_Korea_K_League_1_2025,2025,20,Sangju Sangmu,Anyang,2025-06-22 10:00:00,1,0,1,8,4,12,0,1,0,0,2,0,19,7,21,7,10,12,60,40,,,0,1,2.01,3.68,3.73,1.18,1.74,2.55,1.62,2.25,1.7,2.1,2.05,1.65,1.33,2.55,3.0,1.45,1,0,0,1,0,1,0,3839,0,45,0,-1,2,1,3,0,5,4,3,9,0,1,0,0,1,0,1,78,49,129,103,2.03,0.81,2.83,0,0,0,0,0,0,1,1,0,0,1,0,0,0,1,22,19,1,12,10,1,6,16,34,67,17,61,1.65,1.11,1.67,1.33,1.53,1.26,67,33,1.78,1.5,3.28,38,True,False,False,False,False,False,False,2.92,1.78,1.24,2.11,2.15,1.67,1.69,2.70,1.46,1.34,3.23,4.38,3.84,1.77,1.72,2.11
South_Korea_K_League_1_2025,2025,20,Gwangju,Daejeon Citizen,2025-06-22 10:00:00,2,2,4,4,8,12,1,1,0,0,5,7,10,7,15,14,7,11,42,58,Gwangju World Cup Stadium,", Gwangju",1,1,2.21,3.34,3.32,1.33,2.1,4.1,1.8,2.0,1.87,2.55,1.75,1.42,1.42,3.03,2.67,1.35,4,0,0,2,2,4,0,-1,0,59,0,-1,2,1,4,2,0,6,6,6,1,1,0,0,2,0,1,65,91,62,85,1.75,2.02,3.77,0,0,0,0,0,0,1,1,0,0,0,1,0,0,1,8,16,1,11,7,1,12,7,54,75,27,69,1.47,1.58,1.4,2.0,1.42,1.74,47,25,1.76,1.21,2.97,38,True,True,True,True,False,False,True,,,,1.85,2.48,1.49,1.94,3.37,1.32,1.47,2.67,3.74,3.26,2.10,1.99,1.82
South_Korea_K_League_1_2025,2025,21,Sangju Sangmu,Jeonbuk Motors,2025-06-27 10:30:00,1,2,3,7,6,13,3,1,0,0,3,5,14,10,17,15,13,8,51,49,,,3,1,3.0,3.3,2.35,1.26,1.9,3.25,1.66,2.2,1.68,2.08,2.02,1.65,1.37,2.5,3.16,1.48,3,0,1,1,1,2,1,3837,0,16,0,-1,2,1,2,3,5,3,5,8,1,0,2,1,1,3,1,90,68,113,97,1.93,1.79,3.71,0,0,0,0,0,0,1,1,0,0,0,2,0,0,1,16,14,1,8,13,1,6,15,17,47,16,42,1.65,2.11,1.8,2.44,1.6,2.1,84,53,1.81,1.35,3.16,38,True,True,True,False,False,False,True,3.20,1.92,1.27,2.11,2.14,1.69,1.70,2.95,1.42,1.40,3.03,2.27,3.46,3.28,,
South_Korea_K_League_1_2025,2025,21,Daejeon Citizen,Jeju United,2025-06-27 10:30:00,1,1,2,5,3,8,2,0,1,0,5,9,8,11,13,20,14,7,43,57,Daejeon World Cup Stadium,"270 Noeun-dong, Yuseong-gu, Daejeon",4,0,2.21,3.2,3.18,1.26,1.91,3.25,1.73,2.1,1.71,2.27,2.01,1.63,1.37,2.88,3.16,1.43,2,0,0,1,1,2,0,-1,0,50,0,-1,2,1,2,2,3,1,4,4,1,0,2,0,1,2,1,51,62,82,83,1.54,2.33,3.87,0,0,0,0,0,0,1,1,0,0,0,1,0,0,1,17,13,1,7,14,1,12,5,35,65,10,55,1.84,0.85,1.5,0.9,1.7,1.1,65,35,1.39,1.4,2.79,38,True,True,False,False,False,False,True,3.44,1.99,1.31,1.98,2.33,1.57,1.83,3.14,1.38,1.43,2.89,3.26,3.42,2.30,,
South_Korea_K_League_1_2025,2025,21,Suwon,Gangwon,2025-06-28 10:00:00,1,2,3,6,4,10,1,2,0,1,5,3,20,7,25,10,8,15,47,53,,,1,3,2.76,3.34,2.39,1.35,2.14,3.6,1.79,1.91,1.76,2.66,1.91,1.55,1.46,2.95,2.62,1.39,3,0,1,1,1,2,1,3831,0,54,0,-1,2,1,3,2,3,2,5,5,0,0,1,3,0,4,1,74,61,119,112,2.45,1.29,3.74,0,0,0,0,0,0,1,1,0,0,1,0,0,0,1,22,17,1,15,8,1,7,11,48,69,16,59,1.37,1.32,1.33,1.3,0.84,1.25,52,31,1.77,0.97,2.74,38,True,True,True,False,False,False,True,3.79,2.13,1.36,2.02,2.21,1.63,1.76,3.21,1.37,1.46,2.79,2.65,3.26,2.87,,
South_Korea_K_League_1_2025,2025,21,Anyang,Gwangju,2025-06-28 10:00:00,1,2,3,2,4,6,0,1,1,0,3,8,8,12,11,20,9,8,49,51,Anyang Stadium,"1023, Bisan3-dong, Dongan-gu, Anyang",2,1,2.5,3.1,2.82,1.33,2.0,4.1,1.8,1.95,1.76,2.27,2.08,1.58,1.38,2.7,2.35,1.4,3,1,2,0,0,0,3,3841,0,52,0,-1,2,1,0,1,2,3,1,5,1,1,0,0,2,0,1,74,75,132,122,1.45,2.36,3.81,0,0,0,0,0,0,1,1,0,0,0,0,0,0,1,18,17,1,8,9,1,10,5,37,68,16,59,1.47,1.37,1.2,1.44,1.2,1.4,64,32,1.58,1.16,2.74,38,True,True,True,False,False,False,True,3.75,2.08,1.33,2.00,2.27,1.58,1.81,,,,,2.97,3.31,2.54,,
South_Korea_K_League_1_2025,2025,21,FC Seoul,Pohang Steelers,2025-06-29 10:00:00,4,1,5,7,4,11,3,0,0,1,10,2,10,4,20,6,12,7,61,39,Seoul World Cup Stadium,"515 Seongsan-dong, Mapo-gu, Sangam, Seoul",3,2,2.15,3.0,3.5,1.48,2.4,4.78,2.05,1.7,1.85,3.08,1.85,1.41,1.52,3.5,2.45,1.3,5,3,0,1,1,2,3,3833,0,74,0,-1,2,1,1,3,6,1,4,7,2,1,1,0,3,1,1,93,41,123,100,2.63,0.83,3.46,1,0,1,0,0,0,1,1,0,0,0,0,0,0,1,10,15,1,6,12,1,7,11,48,84,26,84,1.42,1.32,1.11,1.3,1.35,1.6,52,16,2.28,1.47,3.75,38,True,True,True,True,True,False,True,4.78,2.46,1.49,1.96,2.34,1.56,1.85,,,1.58,2.43,3.85,3.24,2.15,,
South_Korea_K_League_1_2025,2025,21,Ulsan,Daegu,2025-07-12 10:00:00,2,2,4,10,1,11,0,5,0,0,8,4,19,4,27,8,12,9,72,28,Ulsan Munsu Football Stadium,"3302-5 Kozukue, Kohoku-ku, Ulsan",0,5,1.54,4.1,5.3,1.2,1.62,2.66,1.67,2.1,1.58,2.5,2.28,1.81,1.32,2.61,3.1,1.52,4,0,1,2,1,3,1,-1,0,57,0,-1,2,1,6,1,4,0,7,4,0,0,0,5,0,5,1,145,37,137,77,3.29,1.06,4.35,0,0,0,0,0,0,1,1,0,0,2,0,0,0,1,22,22,1,9,12,1,5,15,62,79,32,79,1.37,0.65,1.56,0.2,1.53,0.65,38,22,1.95,1.33,3.28,38,True,True,True,True,False,False,True,2.70,1.68,1.22,2.28,2.01,1.81,1.58,2.68,1.49,1.36,3.27,5.87,4.44,1.56,,
South_Korea_K_League_1_2025,2025,22,Suwon,Gwangju,2025-07-18 10:30:00,2,1,3,2,5,7,3,2,0,0,2,4,8,7,10,11,14,10,42,58,,,3,2,2.88,3.2,2.4,1.33,1.98,3.3,1.72,2.08,1.8,2.25,1.91,1.58,1.4,2.8,2.55,1.4,3,0,0,2,1,3,0,3843,0,60,0,-1,2,1,1,1,1,4,2,5,1,2,2,0,3,2,1,35,51,79,116,1.03,1.35,2.38,0,1,0,1,0,0,1,1,0,0,0,0,0,1,1,17,16,1,10,13,1,12,6,50,70,15,70,1.37,1.37,1.2,1.6,0.8,1.48,50,30,1.84,1.28,3.12,38,True,True,True,False,False,False,True,3.76,2.13,1.35,2.00,2.27,1.60,1.81,3.34,1.35,1.48,2.73,2.51,3.19,3.11,1.81,2.05
South_Korea_K_League_1_2025,2025,22,Daegu,Sangju Sangmu,2025-07-18 10:30:00,2,3,5,5,7,12,2,2,0,0,5,6,8,11,13,17,6,16,37,63,,,2,2,3.9,3.65,1.86,1.23,1.66,2.69,1.61,2.25,1.58,2.04,2.29,1.84,1.28,2.63,3.25,1.55,5,2,1,0,2,2,3,3839,0,60,0,-1,2,1,1,2,4,4,3,8,1,0,1,2,1,3,1,36,76,62,79,1.43,2.03,3.46,0,0,0,0,0,0,1,1,0,0,0,1,1,0,1,23,26,1,16,6,1,12,8,60,70,35,75,1.17,1.56,1.1,1.4,0.67,1.52,40,30,1.75,1.88,3.63,38,True,True,True,True,True,False,True,2.69,1.69,1.22,2.29,1.97,1.84,1.59,2.64,1.52,1.35,3.34,1.89,3.88,3.99,1.63,2.34
South_Korea_K_League_1_2025,2025,22,Pohang Steelers,Jeonbuk Motors,2025-07-19 10:00:00,2,3,5,6,5,11,2,5,0,0,7,8,15,6,22,14,6,5,41,59,Steelyard Stadium,", Pohang",2,5,4.45,3.4,1.75,1.37,2.05,4.2,1.9,1.79,1.79,2.25,1.89,1.55,1.38,3.03,2.7,1.33,5,2,0,0,3,3,2,3837,0,30,0,-1,2,1,2,0,4,5,2,9,1,3,1,2,4,3,1,59,55,97,140,2.3,1.86,4.15,0,0,0,0,0,0,1,1,0,0,1,0,0,0,1,13,23,1,5,6,1,5,12,45,55,15,50,1.63,2.11,1.9,2.5,1.52,2.14,55,45,1.7,1.39,3.09,38,True,True,True,True,True,False,True,3.81,2.12,1.36,2.03,2.22,1.62,1.76,3.27,1.36,1.46,2.81,1.79,3.69,4.85,2.01,1.85
South_Korea_K_League_1_2025,2025,22,Gangwon,Daejeon Citizen,2025-07-19 10:00:00,2,2,4,6,7,13,1,0,0,0,8,7,8,5,16,12,6,5,52,48,,,1,0,2.4,3.15,2.82,1.31,2.05,3.55,1.8,1.91,1.95,2.65,1.71,1.4,1.4,2.93,2.62,1.36,4,0,0,2,2,4,0,-1,0,50,0,-1,-1,1,-1,-1,-1,-1,-1,-1,1,0,0,0,1,0,1,73,56,79,65,2.09,1.65,3.73,0,1,0,1,0,0,1,1,0,0,-1,-1,0,0,1,20,15,1,5,4,1,5,5,60,80,30,65,1.42,1.58,1.2,1.9,1.33,1.67,40,20,1.42,1.29,2.71,38,True,True,True,True,False,False,True,3.84,2.13,1.36,1.79,2.57,1.47,2.03,3.32,1.35,1.47,2.77,2.94,3.35,2.53,1.82,2.04
South_Korea_K_League_1_2025,2025,22,Jeju United,Anyang,2025-07-19 10:00:00,2,0,2,3,4,7,3,2,0,0,6,4,8,3,14,7,9,12,65,35,,,3,2,2.25,3.15,3.1,1.38,2.1,3.8,1.84,1.94,1.73,2.05,2.06,1.67,1.44,3.37,2.62,1.32,2,0,0,2,0,2,0,3832,0,50,0,-1,2,1,3,1,0,3,4,3,0,1,3,1,1,4,1,57,35,82,64,1.71,0.98,2.69,0,0,0,0,0,0,1,1,0,0,0,0,0,0,1,27,28,1,12,9,1,4,13,55,70,10,70,1.22,1.11,1.3,1.2,1.1,1.14,45,30,1.52,1.43,2.95,38,True,True,False,False,False,False,False,3.90,2.16,1.36,2.06,2.19,1.64,1.73,3.37,1.34,1.48,2.74,3.52,3.36,2.21,1.86,1.99
South_Korea_K_League_1_2025,2025,22,FC Seoul,Ulsan,2025-07-20 10:00:00,1,0,1,3,11,14,2,4,0,0,5,3,2,8,7,11,7,14,40,60,Seoul World Cup Stadium,"515 Seongsan-dong, Mapo-gu, Sangam, Seoul",2,4,2.19,3.2,3.1,1.3,1.95,3.25,1.73,1.9,1.63,2.1,2.04,1.66,1.42,3.2,2.6,1.3,1,1,0,0,0,0,1,3833,0,65,0,-1,2,1,2,5,1,6,7,7,0,3,2,1,3,3,1,49,80,96,112,1.16,1.49,2.64,0,0,0,0,0,0,1,1,0,0,2,1,0,0,1,18,17,1,14,7,1,7,6,40,75,15,70,1.42,0.95,1.3,1.5,1.43,1.5,60,25,2.31,1.75,4.06,38,True,False,False,False,False,False,False,3.42,1.98,1.30,2.04,2.23,1.63,1.75,3.14,1.38,1.44,2.88,3.56,3.62,2.10,1.79,2.09
South_Korea_K_League_1_2025,2025,23,Anyang,Daegu,2025-07-22 10:30:00,4,0,4,5,3,8,2,0,0,1,7,1,8,7,15,8,10,11,39,61,Anyang Stadium,"1023, Bisan3-dong, Dongan-gu, Anyang",2,2,2.16,3.25,3.3,1.2,1.78,3.1,1.76,2.13,1.89,2.94,2.2,1.76,1.37,2.75,3.16,1.4,4,2,0,2,0,2,2,3848,0,69,0,-1,2,1,5,0,0,3,5,3,1,1,1,0,2,1,1,30,38,69,110,1.65,0.87,2.52,1,0,1,0,0,0,1,1,0,0,2,0,0,0,1,13,15,1,10,10,1,5,7,64,87,27,73,1.47,0.65,1.09,0.27,1.09,0.64,37,14,1.57,1.31,2.88,38,True,True,True,True,False,False,False,3.30,1.95,1.29,,,,,3.05,1.40,1.42,2.94,3.39,3.52,2.20,1.76,2.13
South_Korea_K_League_1_2025,2025,23,Gwangju,Sangju Sangmu,2025-07-22 10:30:00,1,1,2,4,6,10,2,2,0,0,3,5,6,7,9,12,8,15,50,50,Gwangju World Cup Stadium,", Gwangju",2,2,2.18,3.0,3.0,1.26,1.95,3.37,1.68,2.05,1.78,2.94,2.0,1.58,1.43,2.7,2.75,1.38,2,1,0,0,1,1,1,-1,0,60,0,-1,2,1,1,4,3,2,5,5,2,1,0,1,3,1,1,73,77,117,90,1.31,1.66,2.97,0,0,0,0,0,0,1,1,0,0,0,0,0,0,1,21,14,1,15,8,1,10,5,59,64,32,69,1.47,1.56,1.36,1.55,1.41,1.59,41,36,1.76,1.9,3.66,38,True,True,False,False,False,False,True,3.31,1.96,1.29,1.98,2.30,1.58,1.83,3.11,1.39,1.43,2.89,3.45,3.46,2.20,1.74,2.16
South_Korea_K_League_1_2025,2025,23,Pohang Steelers,Suwon,2025-07-22 10:30:00,1,5,6,7,3,10,1,0,1,0,6,10,9,7,15,17,10,13,73,27,Steelyard Stadium,", Pohang",3,0,1.9,3.4,3.75,1.29,1.9,3.21,1.9,1.87,1.77,2.25,1.94,1.55,1.36,2.8,2.84,1.42,6,1,2,0,3,3,3,3843,0,48,0,-1,2,1,4,3,3,0,7,3,0,0,2,0,0,2,1,97,53,148,79,2.07,2.15,4.22,0,0,0,0,0,0,1,1,0,0,0,0,0,0,1,20,16,1,13,10,1,8,11,43,62,19,58,1.63,0.84,1.73,0.4,1.45,0.9,58,38,1.76,1.34,3.1,38,True,True,True,True,True,True,True,3.30,1.93,1.29,2.02,2.27,1.61,1.78,3.08,1.39,1.43,2.90,3.97,3.73,1.94,1.81,2.05
South_Korea_K_League_1_2025,2025,23,Ulsan,Daejeon Citizen,2025-07-23 10:30:00,1,2,3,7,4,11,1,1,0,0,4,4,9,14,13,18,10,11,53,47,Ulsan Munsu Football Stadium,"3302-5 Kozukue, Kohoku-ku, Ulsan",1,1,1.8,3.55,3.9,1.22,1.72,3.25,1.67,2.35,1.89,2.38,1.91,1.64,1.32,2.62,3.05,1.44,3,1,1,0,1,1,2,3845,0,62,0,-1,2,1,2,2,5,2,4,7,0,1,1,0,1,1,1,51,51,71,70,1.46,1.77,3.24,0,0,0,0,0,0,1,1,0,0,1,1,0,0,1,16,20,1,11,10,1,10,12,62,85,29,63,1.37,1.58,1.5,1.82,1.43,1.64,39,15,2.09,1.32,3.41,38,True,True,True,False,False,False,True,2.86,1.75,1.24,2.16,2.12,1.70,1.68,,,,,4.08,3.77,1.91,1.63,2.35
South_Korea_K_League_1_2025,2025,23,Jeonbuk Motors,Gangwon,2025-07-23 10:30:00,2,0,2,7,2,9,2,2,0,1,9,1,9,5,18,6,9,14,68,32,Jeonju World Cup Stadium,"763-1 Banwol-dong, Deokjin-gu, Jeonju",2,4,1.77,3.5,4.25,1.28,1.99,3.0,1.73,1.94,1.89,2.39,1.98,1.61,1.33,2.5,3.0,1.48,2,2,0,0,0,0,2,3837,0,64,0,-1,2,1,2,1,5,1,3,6,1,3,1,0,4,1,1,109,47,132,90,2.55,0.8,3.35,1,0,1,0,0,0,1,1,0,0,0,0,0,1,1,16,6,1,13,9,1,2,13,50,78,46,69,2.05,1.32,1.82,1.45,2.18,1.32,50,23,1.73,1.0,2.73,38,True,True,False,False,False,False,False,3.15,1.87,1.27,2.21,2.06,1.74,1.64,2.87,1.44,1.39,3.11,4.51,3.76,1.83,1.75,2.14
South_Korea_K_League_1_2025,2025,23,Jeju United,FC Seoul,2025-07-23 10:30:00,3,2,5,4,6,10,3,2,0,0,6,4,10,5,16,9,10,13,50,50,,,3,2,3.25,3.0,2.24,1.44,2.44,4.33,1.91,1.73,1.74,2.23,2.03,1.55,1.5,3.2,2.63,1.3,5,1,1,2,1,3,2,3832,0,32,0,-1,2,1,4,1,0,5,5,5,0,1,3,1,1,4,1,60,46,59,60,1.85,1.18,3.03,0,0,0,0,0,0,1,1,0,0,0,1,0,0,1,17,12,1,13,10,1,1,7,27,55,5,55,1.22,1.16,1.45,1.55,1.18,1.5,73,46,1.53,1.7,3.23,38,True,True,True,True,True,False,True,4.56,2.41,1.45,2.03,2.21,1.63,1.76,,,,,2.27,3.24,3.53,2.04,1.83
South_Korea_K_League_1_2025,2025,24,Sangju Sangmu,Jeju United,2025-07-26 10:00:00,3,1,4,5,3,8,1,2,0,0,9,1,12,8,21,9,13,8,52,48,,,1,2,1.98,3.4,3.4,1.22,1.9,3.0,1.6,2.25,1.68,2.46,2.2,1.66,1.34,2.6,2.95,1.42,4,0,0,3,1,4,0,3839,0,46,0,-1,2,1,4,2,1,1,6,2,0,0,1,2,0,3,1,58,42,67,78,2.36,0.95,3.3,0,0,0,0,0,0,1,1,0,0,0,0,0,0,1,16,19,1,8,13,1,6,7,23,64,9,50,1.65,0.85,1.64,0.91,1.57,1.26,78,36,1.82,1.48,3.3,38,True,True,True,True,False,False,True,2.99,1.81,1.25,2.20,2.06,1.74,1.65,2.92,1.43,1.40,3.04,3.29,3.67,2.19,1.66,2.28
South_Korea_K_League_1_2025,2025,24,Suwon,Anyang,2025-07-26 10:00:00,2,1,3,6,3,9,1,2,0,0,9,5,12,14,21,19,7,11,38,62,,,1,2,2.28,3.35,2.82,1.29,2.0,2.85,1.67,2.03,1.66,2.43,2.2,1.72,1.4,2.85,2.7,1.38,3,2,1,0,0,0,3,3843,0,64,0,-1,2,1,4,1,2,2,5,4,1,0,0,2,1,2,1,54,58,75,73,2.33,1.96,4.29,0,0,0,0,0,0,1,1,0,1,0,0,0,0,1,19,18,1,11,7,1,6,9,60,78,14,64,1.37,1.11,1.36,1.09,1.0,1.17,41,23,1.77,1.39,3.16,38,True,True,True,False,False,False,True,3.23,1.92,1.27,,,,,,,,,3.20,3.57,2.27,1.70,2.22
South_Korea_K_League_1_2025,2025,24,Gwangju,Jeonbuk Motors,2025-07-26 10:00:00,1,2,3,6,1,7,1,2,0,0,3,3,12,4,15,7,5,16,59,41,Gwangju World Cup Stadium,", Gwangju",1,2,3.35,3.25,2.05,1.32,2.05,3.6,1.88,1.8,1.81,2.66,2.0,1.66,1.4,3.1,2.64,1.33,3,0,1,1,1,2,1,3837,0,43,0,-1,2,1,2,0,4,1,2,5,0,0,1,2,0,3,1,104,51,142,87,1.91,1.03,2.94,0,0,0,0,0,0,1,1,0,0,0,0,0,0,1,16,14,1,16,5,1,6,11,44,57,22,61,1.47,2.11,1.33,2.55,1.39,2.22,57,44,1.72,1.43,3.15,38,True,True,True,False,False,False,True,4.07,2.20,1.39,2.00,2.26,1.59,1.81,3.37,1.33,1.50,2.65,2.26,3.42,3.35,1.91,1.94
South_Korea_K_League_1_2025,2025,24,Daegu,Pohang Steelers,2025-07-27 10:00:00,0,1,1,3,3,6,2,1,0,0,4,4,2,4,6,8,8,8,49,51,,,2,1,3.5,3.3,2.0,1.25,1.71,3.06,1.67,2.15,1.68,2.13,2.19,1.66,1.33,2.63,3.0,1.44,1,0,0,0,1,1,0,3835,0,69,0,-1,2,1,2,1,1,2,3,3,0,0,2,1,0,3,1,50,62,109,129,1.03,1.25,2.28,0,1,0,1,0,0,1,1,0,0,0,0,0,0,1,19,18,1,8,7,1,3,5,50,82,41,87,1.17,1.32,1.0,1.18,0.61,1.39,50,18,1.72,1.42,3.14,38,True,False,False,False,False,False,False,3.06,1.83,1.26,2.08,2.17,1.67,1.72,2.89,1.44,1.40,3.08,1.96,3.79,3.83,1.68,2.25
South_Korea_K_League_1_2025,2025,24,Gangwon,Ulsan,2025-07-27 10:00:00,2,2,4,6,4,10,1,3,0,0,4,5,10,9,14,14,10,14,53,47,,,1,3,2.9,3.43,2.25,1.26,1.85,3.2,1.7,2.0,1.68,2.58,2.1,1.7,1.4,2.8,3.0,1.37,4,0,1,2,1,3,1,-1,0,41,0,-1,2,1,3,1,3,3,4,6,1,2,0,1,3,1,1,53,49,59,80,1.54,1.59,3.12,0,0,0,0,0,0,1,1,0,0,2,0,1,0,1,15,19,1,14,10,1,7,12,37,64,18,64,1.42,0.95,1.18,1.36,1.26,1.36,64,36,1.48,1.73,3.21,38,True,True,True,True,False,False,True,3.31,1.92,1.29,1.99,2.31,1.57,1.82,3.05,1.40,1.44,2.89,2.45,3.51,2.94,1.74,2.16
South_Korea_K_League_1_2025,2025,24,Daejeon Citizen,FC Seoul,2025-07-27 10:00:00,0,1,1,0,5,5,1,3,0,0,2,5,2,9,4,14,12,12,50,50,Daejeon World Cup Stadium,"270 Noeun-dong, Yuseong-gu, Daejeon",1,3,3.46,3.2,2.1,1.25,1.91,3.37,1.65,2.05,1.89,2.19,1.91,1.58,1.4,2.7,2.7,1.4,1,0,0,0,1,1,0,3833,0,39,0,-1,2,1,0,2,0,3,2,3,1,1,0,2,2,2,1,68,84,112,110,0.9,1.84,2.74,0,1,0,1,0,0,1,1,0,0,0,1,0,0,1,13,22,1,12,11,1,8,5,22,53,13,48,1.84,1.16,1.45,1.42,1.7,1.43,78,47,1.4,1.66,3.06,38,True,False,False,False,False,False,False,3.46,1.98,1.30,2.06,2.19,1.65,1.74,3.05,1.40,1.42,2.95,2.11,3.57,3.56,1.78,2.11
South_Korea_K_League_1_2025,2025,20,Ulsan,Suwon,2025-08-02 10:00:00,2,3,5,10,6,16,1,2,0,0,3,7,15,9,18,16,10,7,63,37,Ulsan Munsu Football Stadium,"3302-5 Kozukue, Kohoku-ku, Ulsan",1,2,1.65,3.9,4.25,1.2,1.66,2.54,1.6,2.2,1.56,1.95,2.35,1.66,1.29,2.45,3.3,1.57,5,0,0,2,3,5,0,3843,0,55,0,-1,2,1,3,1,7,5,4,12,1,0,0,2,1,2,1,72,40,72,57,1.85,1.78,3.63,0,0,0,0,0,0,1,1,0,0,2,0,1,0,1,24,16,1,7,10,1,6,12,46,69,32,69,1.37,0.84,1.36,0.64,1.35,1.09,55,32,2.03,1.41,3.44,38,True,True,True,True,True,False,True,2.54,1.61,1.19,2.35,1.96,1.85,1.56,2.57,1.53,1.34,3.34,4.64,4.23,1.71,1.61,2.39
South_Korea_K_League_1_2025,2025,25,Jeonbuk Motors,Anyang,2025-08-08 10:30:00,2,1,3,6,5,11,1,0,0,0,8,3,14,10,22,13,4,10,62,38,Jeonju World Cup Stadium,"763-1 Banwol-dong, Deokjin-gu, Jeonju",1,0,1.65,3.85,5.0,1.25,1.8,2.8,1.84,1.95,1.61,2.01,2.14,1.66,1.37,2.6,2.95,1.45,3,1,0,1,1,2,1,3837,0,67,0,-1,2,1,2,4,4,1,6,5,0,0,1,0,0,1,1,103,72,128,67,2.68,1.54,4.22,0,0,0,0,0,0,1,1,0,0,1,0,0,0,1,19,13,1,10,4,1,9,14,54,84,50,75,2.05,1.11,1.92,1.0,2.25,1.13,46,17,1.79,1.44,3.23,38,True,True,True,False,False,False,True,3.04,1.82,1.26,2.22,2.06,1.75,1.64,2.80,1.46,1.37,3.18,4.93,4.00,1.71,1.82,2.04
South_Korea_K_League_1_2025,2025,25,FC Seoul,Daegu,2025-08-08 10:30:00,2,2,4,4,4,8,2,3,0,0,5,3,8,13,13,16,9,10,51,49,Seoul World Cup Stadium,"515 Seongsan-dong, Mapo-gu, Sangam, Seoul",2,3,1.43,4.45,6.3,1.18,1.66,2.25,1.85,1.85,1.51,1.95,2.25,1.83,1.3,2.3,3.25,1.53,4,2,1,0,1,1,3,-1,0,70,0,-1,2,1,1,3,3,1,4,4,1,2,1,1,3,2,1,52,51,116,103,1.55,1.59,3.14,0,0,0,0,0,0,1,1,0,0,0,2,0,0,1,19,15,1,10,9,1,10,6,69,83,26,87,1.42,0.65,1.45,0.25,1.5,0.58,31,18,2.21,1.27,3.48,38,True,True,True,True,False,False,True,2.48,1.60,1.19,2.46,1.89,1.92,1.51,2.45,1.57,1.35,3.35,9.40,5.57,1.33,1.92,1.93
South_Korea_K_League_1_2025,2025,25,Gangwon,Sangju Sangmu,2025-08-09 10:30:00,0,0,0,7,4,11,5,5,0,0,3,3,5,7,8,10,9,14,51,49,Chuncheon Songam Stadium,"157 Songam-dong, Chuncheon",5,5,2.3,3.5,2.77,1.26,1.93,3.0,1.66,2.1,1.68,2.2,2.0,1.57,1.37,2.62,2.8,1.41,0,0,0,0,0,0,0,-1,0,55,0,-1,2,1,6,1,1,3,7,4,2,1,3,4,3,7,1,65,52,94,78,1.19,1.22,2.41,0,0,0,0,0,0,1,1,0,0,0,0,0,0,1,20,14,1,14,9,1,5,7,63,71,34,71,1.42,1.56,1.17,1.5,1.25,1.63,38,29,1.48,1.88,3.36,38,False,False,False,False,False,False,False,3.09,1.86,1.26,2.16,2.10,1.71,1.67,2.90,1.43,1.39,3.08,2.79,3.55,2.54,1.66,2.28
South_Korea_K_League_1_2025,2025,25,Ulsan,Jeju United,2025-08-09 10:30:00,1,0,1,3,2,5,0,4,0,0,6,1,15,3,21,4,12,12,50,50,Ulsan Munsu Football Stadium,"3302-5 Kozukue, Kohoku-ku, Ulsan",0,4,1.85,3.7,3.7,1.22,1.65,2.8,1.73,2.2,1.49,2.04,2.4,1.89,1.34,2.42,3.0,1.44,1,0,0,1,0,1,0,3836,0,63,0,-1,2,1,0,0,3,2,0,5,0,2,0,2,2,2,1,71,59,66,71,2.24,0.75,2.99,0,0,0,0,0,0,1,1,0,0,0,0,0,0,1,19,28,1,12,12,1,2,17,50,75,21,59,1.37,0.85,1.25,0.83,1.29,1.21,50,25,2.02,1.44,3.46,38,True,False,False,False,False,False,False,2.83,1.75,1.24,2.28,2.04,1.76,1.61,2.63,1.51,1.34,3.37,3.96,3.84,1.92,1.68,2.26
South_Korea_K_League_1_2025,2025,25,Pohang Steelers,Gwangju,2025-08-10 10:00:00,1,0,1,9,0,9,2,3,0,0,5,0,9,2,14,2,10,10,58,42,Steelyard Stadium,", Pohang",2,3,2.28,3.2,3.05,1.42,2.05,4.2,1.9,1.73,1.95,2.8,1.71,1.39,1.44,3.0,2.6,1.36,1,1,0,0,0,0,1,3835,0,53,0,-1,2,1,5,0,4,0,5,4,0,3,2,0,3,2,1,49,13,68,55,1.58,0.23,1.81,0,0,0,0,0,0,1,1,0,0,1,0,0,1,1,15,19,1,10,10,1,7,4,52,66,22,61,1.63,1.37,1.58,1.45,1.46,1.33,49,35,1.78,1.29,3.07,38,True,False,False,False,False,False,False,4.59,2.46,1.50,1.83,2.52,1.49,1.98,3.42,1.34,1.57,2.50,3.48,3.20,2.31,2.10,1.78
South_Korea_K_League_1_2025,2025,25,Daejeon Citizen,Suwon,2025-08-10 10:00:00,3,2,5,5,2,7,4,4,0,0,5,3,7,8,12,11,12,9,60,40,Daejeon World Cup Stadium,"270 Noeun-dong, Yuseong-gu, Daejeon",4,4,2.25,3.35,2.7,1.25,1.73,3.0,1.66,2.25,1.97,2.3,1.92,1.52,1.33,2.45,3.0,1.5,5,1,2,2,0,2,3,3845,0,50,0,-1,2,1,2,1,3,1,3,4,1,2,3,2,3,5,1,76,46,120,83,1.66,1.24,2.9,0,0,0,0,0,0,1,1,1,0,2,0,0,0,1,25,15,1,9,12,1,8,11,34,63,17,50,1.84,0.84,1.33,0.83,1.63,1.17,67,38,1.36,1.44,2.8,38,True,True,True,True,True,False,True,2.92,1.78,1.24,2.01,2.26,1.61,1.80,2.79,1.46,1.38,3.17,2.92,3.58,2.43,1.62,2.37
South_Korea_K_League_1_2025,2025,26,Anyang,Pohang Steelers,2025-08-15 10:00:00,0,1,1,5,3,8,0,2,1,0,6,2,5,3,11,5,11,7,60,40,Anyang Stadium,"1023, Bisan3-dong, Dongan-gu, Anyang",2,2,2.85,3.05,2.4,1.32,2.09,3.79,1.8,1.9,1.74,2.08,1.99,1.57,1.42,3.05,2.8,1.42,1,0,1,0,0,0,1,3835,0,63,0,-1,2,1,1,2,4,1,3,5,0,2,1,0,2,1,1,83,41,114,91,1.72,0.76,2.48,0,0,0,0,0,0,1,1,0,1,0,1,0,0,1,18,19,1,7,11,1,3,18,46,83,38,71,1.47,1.32,1.25,1.33,1.08,1.52,54,17,1.57,1.4,2.97,38,True,False,False,False,False,False,False,3.79,2.12,1.35,,,,,3.13,1.39,1.44,2.90,2.42,3.37,3.10,1.84,2.02
South_Korea_K_League_1_2025,2025,26,Jeju United,Gangwon,2025-08-15 10:00:00,0,0,0,2,6,8,2,5,1,0,2,5,4,12,6,17,8,12,41,59,,,3,5,2.35,3.1,2.85,1.33,1.98,3.48,1.73,2.03,1.74,2.2,2.03,1.6,1.41,2.7,2.65,1.33,0,0,0,0,0,0,0,-1,0,42,0,-1,2,1,1,1,1,5,2,6,2,3,1,2,5,3,1,45,96,112,119,0.86,2.11,2.97,0,0,0,0,0,0,1,1,0,0,0,1,0,0,1,17,22,1,12,8,1,15,6,46,71,17,63,1.22,1.32,1.58,1.33,1.16,1.24,54,29,1.56,0.98,2.54,38,False,False,False,False,False,False,False,3.37,1.95,1.30,2.03,2.22,1.64,1.76,3.03,1.41,1.42,2.96,3.01,3.52,2.40,1.76,2.13
South_Korea_K_League_1_2025,2025,26,Jeonbuk Motors,Daegu,2025-08-16 10:00:00,3,0,3,3,3,6,2,0,0,0,7,4,6,10,13,14,12,7,48,52,Jeonju World Cup Stadium,"763-1 Banwol-dong, Deokjin-gu, Jeonju",2,0,1.42,4.9,6.0,1.11,1.4,2.08,1.7,2.36,1.5,1.97,2.37,1.65,1.22,2.1,3.8,1.71,3,1,0,2,0,2,1,3837,0,73,0,-1,2,1,1,2,2,1,3,3,1,0,1,0,1,1,1,56,71,92,115,1.72,1.68,3.4,0,0,0,0,0,0,1,1,0,0,0,0,1,0,1,22,17,1,7,12,1,11,3,70,92,54,89,2.05,0.65,2.0,0.31,2.28,0.6,31,8,1.86,1.29,3.15,38,True,True,True,False,False,False,False,2.14,1.46,1.14,2.37,1.94,1.87,1.53,2.18,1.71,,,6.09,4.82,1.50,1.61,2.40
South_Korea_K_League_1_2025,2025,26,Suwon,Ulsan,2025-08-16 11:00:00,4,2,6,4,8,12,2,0,0,0,11,7,9,16,20,23,12,3,45,55,,,2,0,2.96,3.55,1.94,1.21,1.6,2.85,1.55,2.38,1.52,2.1,2.28,1.78,1.32,2.32,3.3,1.53,6,1,1,3,1,4,2,3843,0,63,0,-1,2,1,0,4,4,4,4,8,1,0,1,0,1,1,1,54,79,79,91,2.41,2.5,4.91,1,0,1,0,0,0,1,1,1,1,0,0,0,0,1,13,13,1,2,12,1,17,10,46,75,13,67,1.37,0.95,1.5,1.33,1.12,1.36,54,25,1.82,1.72,3.54,38,True,True,True,True,True,True,True,2.62,1.65,1.20,2.43,1.87,1.94,1.52,2.57,1.53,1.35,3.36,1.97,3.97,3.64,1.58,2.47
South_Korea_K_League_1_2025,2025,26,Gwangju,Daejeon Citizen,2025-08-17 10:00:00,2,0,2,3,2,5,2,2,0,0,3,1,5,10,8,11,11,15,40,60,Gwangju World Cup Stadium,", Gwangju",2,2,2.3,3.35,3.05,1.36,2.15,3.55,1.83,2.0,1.85,2.46,1.85,1.5,1.42,2.85,2.55,1.37,2,1,0,1,0,1,1,3841,0,69,0,-1,2,1,3,1,0,1,4,1,0,0,2,2,0,4,1,57,76,90,109,1.13,1.32,2.45,0,0,0,0,0,0,1,1,0,0,2,0,0,0,1,19,20,1,15,11,1,8,2,61,81,24,64,1.47,1.58,1.23,1.92,1.28,1.68,40,19,1.74,1.36,3.1,38,True,True,False,False,False,False,False,4.13,2.24,1.39,1.89,2.39,1.53,1.92,3.41,1.33,1.48,2.70,3.17,3.28,2.42,1.88,1.98
South_Korea_K_League_1_2025,2025,26,Sangju Sangmu,FC Seoul,2025-08-17 10:00:00,6,2,8,1,7,8,2,3,0,0,8,8,6,15,14,23,11,9,44,56,,,2,3,3.0,3.35,2.2,1.29,1.95,3.34,1.57,2.25,1.6,2.31,2.45,1.83,1.38,2.98,3.2,1.44,8,3,2,3,0,3,5,3839,0,32,0,-1,2,1,1,3,0,4,4,4,0,2,2,1,2,3,1,53,89,111,111,1.83,2.64,4.47,2,0,2,0,0,0,1,1,1,0,0,0,0,0,1,12,25,1,7,11,1,9,6,16,48,12,44,1.65,1.16,1.75,1.54,1.6,1.48,84,52,1.86,1.67,3.53,38,True,True,True,True,True,True,True,3.34,1.95,1.29,2.23,2.02,1.78,1.63,2.98,1.41,1.41,3.01,2.21,3.57,3.31,1.75,2.14
South_Korea_K_League_1_2025,2025,27,Sangju Sangmu,Suwon,2025-08-23 10:00:00,3,2,5,9,4,13,2,1,0,0,8,4,4,6,12,10,8,4,62,38,,,2,1,1.78,4.0,3.85,1.15,1.42,2.1,1.44,2.66,1.54,1.9,2.38,1.92,1.27,2.37,3.5,1.61,5,2,1,1,1,2,3,3839,0,50,0,-1,2,1,4,0,5,4,4,9,2,0,0,1,2,1,1,72,51,114,76,1.84,1.28,3.12,0,0,0,0,0,0,1,1,0,1,1,0,0,0,-1,-1,-1,1,11,10,-1,-1,-1,35,66,23,54,1.65,0.84,1.85,0.77,1.65,1.19,66,35,1.86,1.43,3.29,38,True,True,True,True,True,False,True,2.24,1.50,1.15,2.38,1.90,1.92,1.54,,,,,3.72,4.29,1.88,1.48,2.66
South_Korea_K_League_1_2025,2025,27,Daegu,Jeju United,2025-08-23 10:00:00,2,2,4,5,3,8,2,1,0,0,3,6,15,6,18,12,7,8,56,44,,,2,1,2.72,3.25,2.2,1.25,1.8,3.0,1.57,2.24,1.67,2.02,2.3,1.7,1.32,2.57,3.27,1.48,4,0,0,2,2,4,0,-1,0,60,0,-1,2,1,2,0,3,3,2,6,0,0,2,1,0,3,1,63,43,108,80,1.8,1.49,3.29,0,0,0,0,0,0,1,1,0,0,1,0,0,0,1,25,18,1,8,7,1,8,12,44,68,21,61,1.17,0.85,0.92,0.77,0.58,1.15,56,32,1.66,1.39,3.05,38,True,True,True,True,False,False,True,3.01,1.84,1.25,,,,,2.73,1.48,1.36,3.27,2.49,3.54,2.86,1.67,2.24
South_Korea_K_League_1_2025,2025,27,Gwangju,Gangwon,2025-08-23 10:30:00,0,1,1,2,3,5,4,3,1,0,0,3,5,6,5,9,16,12,43,57,Gwangju World Cup Stadium,", Gwangju",5,3,2.68,3.05,2.72,1.69,2.88,5.25,2.25,1.57,1.99,2.5,1.67,1.4,1.57,3.82,2.27,1.22,1,0,1,0,0,0,1,3831,0,48,0,-1,2,1,0,1,2,2,1,4,2,0,3,3,2,6,1,67,65,108,116,0.81,1.26,2.07,0,0,0,0,0,0,1,1,0,0,0,0,0,0,1,19,20,1,12,16,1,4,6,41,63,19,63,1.47,1.32,1.36,1.31,1.35,1.23,60,37,1.69,1.07,2.76,38,True,False,False,False,False,False,False,6.12,2.99,1.69,1.81,2.50,1.49,2.00,,,,,2.82,2.87,3.03,2.35,1.61
South_Korea_K_League_1_2025,2025,27,FC Seoul,Ulsan,2025-08-24 10:00:00,3,2,5,3,2,5,2,2,0,0,4,4,4,10,8,14,6,9,40,60,Seoul World Cup Stadium,"515 Seongsan-dong, Mapo-gu, Sangam, Seoul",2,2,2.25,3.6,2.87,1.25,1.83,3.1,1.67,2.1,1.51,2.01,2.38,1.8,1.38,2.62,3.12,1.38,5,3,1,0,1,1,4,3833,0,65,0,-1,2,1,2,1,1,1,3,2,1,0,1,2,1,3,1,52,89,91,112,1.17,1.8,2.97,0,0,0,0,0,0,1,1,1,0,0,1,0,0,1,13,21,1,9,6,1,10,4,45,72,20,76,1.42,0.95,1.42,1.23,1.42,1.31,56,28,2.15,1.78,3.93,38,True,True,True,True,True,False,True,3.02,1.81,1.26,2.32,1.96,1.85,1.57,2.86,1.44,1.38,3.12,3.15,3.56,2.30,1.66,2.25
South_Korea_K_League_1_2025,2025,27,Pohang Steelers,Jeonbuk Motors,2025-08-24 10:00:00,3,1,4,2,7,9,2,3,0,0,5,4,4,6,9,10,15,15,46,54,Steelyard Stadium,", Pohang",2,3,3.05,3.0,2.36,1.3,1.9,3.69,1.75,2.1,1.78,2.2,2.0,1.57,1.39,2.95,2.75,1.4,4,3,1,0,0,0,4,3835,0,40,0,-1,2,1,1,0,1,6,1,7,0,2,2,1,2,3,1,30,67,78,95,1.14,1.4,2.54,1,1,1,1,0,0,1,1,1,0,0,0,0,0,1,9,13,1,14,14,1,5,3,52,60,24,60,1.63,2.11,1.69,2.58,1.58,2.31,48,40,1.77,1.4,3.17,38,True,True,True,True,False,False,True,3.69,2.12,1.36,2.01,2.26,1.62,1.78,3.21,1.37,1.45,2.83,2.38,3.26,3.26,1.83,2.02
South_Korea_K_League_1_2025,2025,27,Anyang,Daejeon Citizen,2025-08-24 10:00:00,3,2,5,6,4,10,2,1,0,1,9,5,12,10,21,15,10,9,50,50,Anyang Stadium,"1023, Bisan3-dong, Dongan-gu, Anyang",2,2,3.2,3.4,2.15,1.27,1.8,3.42,1.76,2.0,1.89,2.61,1.95,1.53,1.4,2.79,2.87,1.42,5,1,1,2,1,3,2,3848,0,62,0,-1,2,1,4,2,2,2,6,4,0,1,2,1,1,3,1,62,70,108,111,2.4,1.8,4.2,0,0,0,0,0,0,1,1,0,1,3,0,0,0,1,13,15,1,9,10,1,9,11,58,89,31,62,1.47,1.58,1.15,1.77,1.04,1.62,43,12,1.58,1.35,2.93,38,True,True,True,True,True,False,True,3.33,1.99,1.31,,,,,3.10,1.39,1.43,2.91,2.22,3.46,3.41,1.76,2.10
South_Korea_K_League_1_2025,2025,28,Jeju United,Gwangju,2025-08-30 10:00:00,0,1,1,5,6,11,1,3,0,0,2,6,11,5,13,11,12,11,60,40,,,1,3,2.37,2.9,2.75,1.5,2.02,4.45,2.06,1.85,1.85,2.46,2.0,1.5,1.5,3.3,2.63,1.33,1,0,0,0,1,1,0,3841,0,44,0,-1,2,1,1,1,4,5,2,9,0,2,1,1,2,2,1,53,44,107,83,1.35,1.43,2.78,0,1,0,1,0,0,1,1,0,0,0,0,0,0,1,19,22,1,11,11,1,9,12,44,64,13,65,1.22,1.37,1.54,1.33,1.15,1.3,56,37,1.51,1.2,2.71,38,True,False,False,False,False,False,False,4.75,2.48,1.49,1.84,2.48,1.50,1.97,3.37,1.34,1.56,2.51,2.80,3.11,2.82,2.06,1.79
South_Korea_K_League_1_2025,2025,28,Daegu,Suwon,2025-08-30 10:00:00,3,1,4,3,5,8,1,2,0,0,7,4,6,5,13,9,16,11,52,48,,,1,2,3.1,3.2,1.91,1.18,1.57,2.5,1.49,2.4,1.6,2.01,2.26,1.81,1.33,2.41,3.3,1.62,4,0,1,3,0,3,1,3834,0,63,0,-1,2,1,1,2,2,3,3,5,1,1,0,1,2,1,1,84,80,122,108,1.92,1.43,3.35,0,1,0,1,0,0,1,1,0,0,0,0,1,0,1,13,23,1,11,15,1,3,8,52,70,34,67,1.17,0.84,0.92,0.71,0.59,1.15,48,30,1.67,1.42,3.09,38,True,True,True,True,False,False,True,2.43,1.58,1.17,2.26,2.01,1.81,1.60,2.41,1.60,1.33,3.30,2.01,3.88,3.58,1.49,2.64
South_Korea_K_League_1_2025,2025,28,Ulsan,Jeonbuk Motors,2025-08-30 10:00:00,0,2,2,4,5,9,4,4,0,0,0,4,15,9,15,13,14,14,37,63,Ulsan Munsu Football Stadium,"3302-5 Kozukue, Kohoku-ku, Ulsan",4,4,2.22,3.35,2.75,1.22,1.82,2.95,1.62,2.15,1.63,2.46,2.21,1.78,1.32,2.6,3.0,1.46,2,0,0,0,2,2,0,3837,0,46,0,-1,2,1,0,3,4,2,3,6,0,3,4,1,3,5,1,61,65,75,100,1.38,1.57,2.95,0,0,0,0,0,0,1,1,0,0,0,0,0,1,1,15,20,1,14,14,1,6,13,54,66,31,62,1.37,2.11,1.38,2.38,1.26,2.22,46,35,2.03,1.4,3.43,38,True,True,False,False,False,False,False,2.95,1.79,1.25,2.21,2.00,1.78,1.63,2.80,1.46,1.37,3.19,2.97,3.69,2.35,1.64,2.29
South_Korea_K_League_1_2025,2025,28,FC Seoul,Anyang,2025-08-31 10:00:00,1,2,3,7,4,11,3,7,0,0,4,7,17,2,21,9,7,18,71,29,Seoul World Cup Stadium,"515 Seongsan-dong, Mapo-gu, Sangam, Seoul",3,7,1.7,3.7,4.4,1.28,1.8,3.15,1.8,1.98,1.56,1.92,2.05,1.7,1.37,2.84,2.88,1.42,3,0,1,1,1,2,1,3848,0,70,0,-1,2,1,3,2,4,2,5,6,0,1,3,6,1,9,1,93,46,116,69,2.27,1.39,3.66,0,0,0,0,0,0,1,1,0,1,0,0,0,0,1,13,13,1,18,7,1,7,13,62,77,27,77,1.42,1.11,1.54,0.92,1.48,1.11,38,23,2.08,1.45,3.53,38,True,True,True,False,False,False,True,3.09,1.85,1.26,2.31,1.98,1.83,1.58,2.84,1.45,1.37,3.17,4.87,3.96,1.73,1.80,2.05
South_Korea_K_League_1_2025,2025,28,Daejeon Citizen,Sangju Sangmu,2025-08-31 10:00:00,2,1,3,11,3,14,2,0,0,0,7,2,17,8,24,10,7,10,56,44,Daejeon World Cup Stadium,"270 Noeun-dong, Yuseong-gu, Daejeon",2,0,2.3,3.35,2.7,1.2,1.67,2.82,1.62,2.33,1.68,2.12,1.95,1.61,1.33,2.69,3.4,1.54,3,0,0,2,1,3,0,3845,0,54,0,-1,2,1,5,1,6,2,6,8,0,0,2,0,0,2,1,91,55,108,96,2.65,1.17,3.82,0,0,0,0,0,0,1,1,0,0,1,1,0,0,1,16,13,1,10,7,1,7,14,47,66,27,58,1.84,1.56,1.46,1.46,1.56,1.7,54,35,1.38,1.83,3.21,38,True,True,True,False,False,False,True,2.63,1.67,1.20,2.09,2.15,1.68,1.72,,,,,2.98,3.66,2.36,1.55,2.49
South_Korea_K_League_1_2025,2025,28,Gangwon,Pohang Steelers,2025-08-31 10:00:00,1,0,1,4,1,5,2,1,0,0,7,1,5,7,12,8,19,13,49,51,,,2,1,2.7,2.88,2.8,1.54,2.5,5.0,2.14,1.73,1.88,2.59,1.83,1.56,1.53,3.5,2.38,1.26,1,1,0,0,0,0,1,3831,0,50,0,-1,2,1,1,1,3,0,2,3,0,1,2,0,1,2,1,45,37,100,104,1.58,0.86,2.44,0,0,0,0,0,0,1,1,0,0,0,0,0,0,1,17,28,1,13,19,1,4,7,46,70,31,74,1.42,1.32,1.15,1.46,1.3,1.63,54,31,1.46,1.35,2.81,38,True,False,False,False,False,False,False,5.13,2.65,1.54,1.92,2.35,1.56,1.88,3.39,1.34,1.60,2.40,3.11,3.03,2.62,2.14,1.73
South_Korea_K_League_1_2025,2025,29,Gangwon,FC Seoul,2025-09-13 10:00:00,3,2,5,4,2,6,1,3,0,0,6,5,5,3,11,8,12,11,49,51,,,1,3,2.62,3.0,2.39,1.45,2.2,4.55,1.95,1.76,1.79,2.3,1.92,1.52,1.47,3.1,2.6,1.33,5,1,0,2,2,4,1,3831,0,36,0,-1,2,1,2,2,2,0,4,2,1,0,0,3,1,3,1,66,58,89,97,1.59,1.28,2.87,1,0,1,0,0,0,1,1,0,0,0,1,0,0,1,11,21,1,10,12,1,5,7,36,50,21,57,1.42,1.16,1.29,1.43,1.36,1.43,65,50,1.47,1.74,3.21,38,True,True,True,True,True,False,True,4.55,2.41,1.47,,,,,3.45,1.33,1.56,2.51,2.73,3.25,2.79,2.01,1.84
South_Korea_K_League_1_2025,2025,29,Jeonbuk Motors,Daejeon Citizen,2025-09-13 10:00:00,1,0,1,3,6,9,4,3,0,0,3,2,8,12,11,14,11,11,52,48,Jeonju World Cup Stadium,"763-1 Banwol-dong, Deokjin-gu, Jeonju",4,3,1.83,3.65,3.85,1.28,1.75,2.49,1.7,2.44,1.87,3.0,1.9,1.51,1.31,2.6,3.3,1.43,1,0,0,1,0,1,0,3837,0,71,0,-1,2,1,3,3,0,2,6,2,0,1,4,2,1,6,1,69,83,122,96,1.41,1.62,3.03,1,0,1,0,0,0,1,1,0,0,1,0,0,0,1,16,15,1,10,11,1,10,7,64,97,50,75,2.05,1.58,2.07,1.64,2.25,1.61,36,4,1.85,1.39,3.24,38,True,False,False,False,False,False,False,2.58,1.63,1.20,2.09,2.15,1.67,1.71,2.56,1.54,1.36,3.30,4.29,3.99,1.81,1.56,2.44
South_Korea_K_League_1_2025,2025,29,Pohang Steelers,Ulsan,2025-09-13 10:00:00,1,1,2,6,2,8,2,2,0,0,4,3,11,6,15,9,10,20,49,51,Steelyard Stadium,", Pohang",2,2,2.6,3.1,2.8,1.3,1.95,3.2,1.72,2.09,1.71,2.25,1.98,1.54,1.4,2.8,2.91,1.37,2,1,1,0,0,0,2,-1,0,54,0,-1,2,1,4,0,2,2,4,4,2,1,0,1,3,1,1,55,35,105,85,1.63,1.04,2.67,0,0,0,0,0,0,1,1,0,0,1,0,0,0,1,14,12,1,20,10,1,3,11,47,68,25,68,1.63,0.95,1.79,1.14,1.57,1.21,54,33,1.72,1.78,3.5,38,True,True,False,False,False,False,True,3.36,2.00,1.30,2.11,2.12,1.68,1.69,,,,,3.05,3.28,2.50,1.72,2.14
South_Korea_K_League_1_2025,2025,29,Anyang,Jeju United,2025-09-14 10:00:00,2,1,3,7,3,10,2,2,0,1,5,1,19,9,24,10,16,9,63,37,Anyang Stadium,"1023, Bisan3-dong, Dongan-gu, Anyang",2,4,2.3,3.1,2.8,1.34,2.0,3.3,1.81,2.01,1.64,1.73,2.19,1.73,1.43,2.88,2.85,1.41,3,1,1,1,0,1,2,3848,0,61,0,-1,2,1,3,3,4,0,6,4,0,1,2,2,1,4,1,99,56,116,97,2.57,1.11,3.68,0,0,0,0,0,0,1,1,0,0,0,1,0,0,1,14,14,1,9,16,1,8,15,47,75,22,54,1.47,0.85,1.29,0.79,1.18,1.11,54,25,1.64,1.39,3.03,38,True,True,True,False,False,False,True,3.76,2.12,1.34,2.19,2.05,1.73,1.64,3.33,1.35,1.48,2.73,3.06,3.27,2.50,1.77,2.09
South_Korea_K_League_1_2025,2025,29,Sangju Sangmu,Daegu,2025-09-14 10:00:00,1,2,3,7,5,12,3,0,0,0,2,5,10,7,12,12,10,12,64,36,,,3,0,1.72,3.75,4.06,1.12,1.6,2.57,1.57,2.25,1.51,1.89,2.32,1.81,1.3,2.13,3.8,1.67,3,0,0,1,2,3,0,3834,0,54,0,-1,2,1,4,3,3,2,7,5,2,0,1,0,2,1,1,69,41,82,55,1.39,1.4,2.79,1,0,1,0,0,0,1,1,0,0,1,1,0,0,1,22,25,1,11,10,1,7,9,58,79,29,72,1.65,0.65,1.93,0.29,1.64,0.68,43,22,1.86,1.32,3.18,38,True,True,True,False,False,False,True,2.57,1.64,1.20,2.48,1.86,1.93,1.50,2.61,1.52,1.35,3.34,3.97,4.05,1.86,1.65,2.26
South_Korea_K_League_1_2025,2025,29,Suwon,Gwangju,2025-09-14 10:00:00,2,4,6,5,10,15,1,1,0,0,5,8,17,5,22,13,7,8,54,46,,,1,1,2.53,3.0,2.79,1.28,1.98,3.3,1.8,2.0,1.8,2.4,1.84,1.65,1.4,2.75,2.75,1.38,6,2,2,0,2,2,4,3841,0,62,0,-1,2,1,3,5,1,5,8,6,1,0,0,1,1,1,1,66,59,101,82,2.21,1.8,4.01,1,0,1,0,0,0,1,1,0,1,0,1,0,0,1,18,19,1,7,7,1,5,10,54,70,19,66,1.37,1.37,1.62,1.46,1.11,1.36,47,31,1.86,1.22,3.08,38,True,True,True,True,True,True,True,3.59,2.06,1.32,2.05,2.18,1.65,1.73,3.08,1.40,1.42,2.96,2.85,3.41,2.58,1.74,2.12
South_Korea_K_League_1_2025,2025,30,Jeonbuk Motors,Sangju Sangmu,2025-09-20 07:30:00,1,2,3,2,2,4,4,5,0,0,4,8,9,9,13,17,6,14,58,42,Jeonju World Cup Stadium,"763-1 Banwol-dong, Deokjin-gu, Jeonju",4,5,1.95,3.45,4.0,1.18,1.62,2.55,1.56,2.27,1.53,2.18,2.29,1.8,1.34,2.3,3.25,1.54,3,0,2,1,0,1,2,3839,0,66,0,-1,2,1,1,2,1,0,3,1,2,1,2,4,3,6,1,110,78,137,108,1.9,2.19,4.09,0,0,0,0,0,0,1,1,0,0,0,1,0,0,1,19,9,1,14,5,1,4,9,59,79,48,72,2.05,1.56,2.13,1.36,2.28,1.59,42,21,1.82,1.78,3.6,38,True,True,True,False,False,False,True,,,,2.26,2.00,1.81,1.59,2.45,1.58,1.34,3.37,4.33,3.79,1.85,1.55,2.53
South_Korea_K_League_1_2025,2025,30,Daejeon Citizen,Daegu,2025-09-20 10:00:00,3,2,5,6,8,14,0,1,0,0,7,10,3,15,10,25,12,10,48,52,Daejeon World Cup Stadium,"270 Noeun-dong, Yuseong-gu, Daejeon",0,1,1.69,3.75,4.15,1.16,1.63,2.59,1.6,2.2,1.66,1.99,2.13,1.73,1.28,2.32,3.28,1.57,5,2,0,1,2,3,2,3845,0,59,0,-1,2,1,4,4,2,4,8,6,0,0,0,1,0,1,1,48,86,91,113,1.47,2.89,4.36,0,0,0,0,0,0,1,1,0,0,0,3,0,0,-1,-1,-1,1,11,16,-1,-1,-1,62,79,24,65,1.84,0.65,1.57,0.47,1.55,0.76,39,22,1.48,1.33,2.81,38,True,True,True,True,True,False,True,2.59,1.63,1.20,,,,,2.49,1.57,,,4.79,4.25,1.69,1.66,2.30
South_Korea_K_League_1_2025,2025,30,Suwon,Gangwon,2025-09-21 07:30:00,1,0,1,3,9,12,1,2,0,0,5,6,5,12,10,18,8,11,35,65,,,1,2,2.87,3.25,2.0,1.28,1.85,3.06,1.73,2.11,1.57,1.99,2.19,1.73,1.32,2.6,3.0,1.4,1,0,0,1,0,1,0,3843,0,58,0,-1,2,1,0,4,3,5,4,8,0,2,1,0,2,1,1,35,73,64,90,1.23,2.07,3.31,0,0,0,0,0,0,1,1,0,0,0,2,0,0,1,20,18,1,11,8,1,12,8,54,72,25,64,1.37,1.32,1.5,1.43,1.07,1.41,47,29,1.89,1.08,2.97,38,True,False,False,False,False,False,False,3.06,1.85,1.26,,,,,,,,,2.47,3.51,2.77,,
South_Korea_K_League_1_2025,2025,30,Ulsan,Anyang,2025-09-21 07:30:00,0,0,0,7,1,8,3,3,0,0,2,4,6,9,8,13,8,15,63,37,Ulsan Munsu Football Stadium,"3302-5 Kozukue, Kohoku-ku, Ulsan",3,3,1.89,3.76,3.8,1.28,1.82,2.99,1.75,2.14,1.54,2.17,2.28,1.82,1.39,2.63,3.04,1.43,0,0,0,0,0,0,0,-1,0,57,0,-1,2,1,3,1,4,0,4,4,2,1,1,2,3,3,1,96,63,148,109,1.35,1.56,2.91,0,0,0,0,0,0,1,1,0,0,1,0,0,0,1,18,17,1,15,8,1,8,8,57,75,25,64,1.37,1.11,1.29,1.07,1.21,1.24,43,25,1.99,1.44,3.43,38,False,False,False,False,False,False,False,2.99,1.80,1.25,,,,,2.84,1.45,1.39,3.13,4.20,3.82,1.87,1.75,2.14
South_Korea_K_League_1_2025,2025,30,FC Seoul,Gwangju,2025-09-21 10:00:00,3,0,3,4,5,9,2,1,0,0,6,3,9,6,15,9,7,7,58,42,Seoul World Cup Stadium,"515 Seongsan-dong, Mapo-gu, Sangam, Seoul",2,1,1.9,3.1,3.7,1.33,2.19,3.8,2.03,1.92,1.77,2.25,1.91,1.56,1.4,3.21,2.7,1.35,3,0,0,3,0,3,0,3833,0,65,0,-1,2,1,1,1,3,4,2,7,1,1,1,0,2,1,1,65,73,94,89,1.83,1.31,3.14,0,0,0,0,0,0,1,1,0,0,0,1,0,0,1,14,23,1,7,7,1,7,7,54,68,25,75,1.42,1.37,1.43,1.57,1.38,1.41,47,32,2.09,1.26,3.35,38,True,True,True,False,False,False,False,4.16,2.24,1.40,2.01,2.24,1.61,1.77,3.32,1.35,1.51,2.66,3.96,3.32,2.08,1.91,1.94
South_Korea_K_League_1_2025,2025,30,Pohang Steelers,Jeju United,2025-09-21 10:00:00,1,0,1,9,1,10,1,1,0,0,7,1,11,6,18,7,14,13,56,44,Steelyard Stadium,", Pohang",1,1,1.7,3.6,4.5,1.29,2.1,3.5,1.89,1.92,1.61,2.34,2.16,1.71,1.38,2.69,3.16,1.4,1,0,0,1,0,1,0,3835,0,60,0,-1,2,1,3,1,6,0,4,6,1,0,0,1,1,1,1,91,57,112,96,2.28,0.93,3.21,0,0,0,0,0,0,1,1,0,0,0,0,0,0,1,25,7,1,13,14,1,8,9,50,70,23,57,1.63,0.85,1.73,0.73,1.55,1.07,50,30,1.72,1.37,3.09,38,True,False,False,False,False,False,False,3.30,1.92,1.29,2.17,2.05,1.74,1.65,3.01,1.41,1.41,2.99,4.86,3.81,1.76,1.81,2.05
South_Korea_K_League_1_2025,2025,31,Gangwon,Daejeon Citizen,2025-09-27 05:00:00,0,0,0,6,6,12,1,1,0,0,3,2,5,16,8,18,8,12,52,48,,,1,1,2.15,3.0,2.96,1.3,2.06,3.2,1.73,2.15,1.83,2.64,1.83,1.56,1.37,2.75,3.16,1.43,0,0,0,0,0,0,0,-1,0,54,0,7112,2,1,3,4,3,2,7,5,0,0,1,1,0,2,1,67,61,104,85,1.21,1.71,2.91,0,0,0,0,0,0,1,1,0,0,0,1,0,0,1,16,16,1,12,8,1,12,6,60,77,27,64,1.42,1.58,1.4,1.53,1.37,1.6,40,24,1.48,1.4,2.88,38,False,False,False,False,False,False,False,3.41,1.96,1.30,,,,,3.00,1.41,1.41,3.00,3.19,3.53,2.29,1.72,2.19
South_Korea_K_League_1_2025,2025,31,Sangju Sangmu,Pohang Steelers,2025-09-27 07:30:00,2,0,2,6,1,7,0,2,0,1,7,1,11,3,18,4,10,11,67,33,,,0,4,2.25,3.3,2.8,1.2,1.75,3.2,1.74,2.22,1.61,2.0,2.17,1.71,1.31,2.71,3.04,1.45,2,0,0,2,0,2,0,3839,0,52,0,3634,2,1,4,1,2,0,5,2,0,3,0,0,3,0,1,98,44,128,103,2.33,0.66,2.99,0,0,0,0,0,0,1,1,0,0,0,1,0,0,1,19,24,1,11,10,1,5,8,35,69,28,67,1.65,1.32,1.8,1.36,1.63,1.6,66,31,1.83,1.32,3.15,38,True,True,False,False,False,False,False,2.85,1.75,1.23,2.24,2.03,1.75,1.61,2.71,1.49,1.36,3.26,2.91,3.75,2.36,1.61,2.40
South_Korea_K_League_1_2025,2025,31,Daegu,Ulsan,2025-09-27 07:30:00,1,1,2,4,3,7,3,3,0,0,5,3,12,6,17,9,13,13,44,56,,,3,3,3.65,3.7,1.82,1.17,1.66,2.55,1.57,2.25,1.46,1.79,2.47,1.93,1.3,2.38,3.08,1.49,2,1,0,0,1,1,1,-1,0,62,0,10601,2,1,0,1,4,2,1,6,2,1,1,2,3,3,1,53,60,125,107,1.81,1.22,3.03,0,0,0,0,0,0,1,1,0,0,0,0,0,0,1,15,20,1,13,13,1,14,12,45,72,28,72,1.17,0.95,1.07,1.13,0.73,1.2,55,28,1.69,1.73,3.42,38,True,True,False,False,False,False,True,2.81,1.75,1.23,2.43,1.88,1.93,1.52,,,,,1.92,3.84,3.91,1.67,2.27
South_Korea_K_League_1_2025,2025,31,FC Seoul,Jeonbuk Motors,2025-09-27 10:00:00,1,1,2,8,3,11,1,3,0,0,5,2,18,8,23,10,11,8,63,37,Seoul World Cup Stadium,"515 Seongsan-dong, Mapo-gu, Sangam, Seoul",1,3,2.25,3.47,2.98,1.25,1.9,3.2,1.68,2.24,1.69,2.05,2.04,1.7,1.38,2.89,2.8,1.4,2,0,0,1,1,2,0,-1,0,55,0,31348,2,1,4,0,4,3,4,7,0,0,1,3,0,4,1,97,50,129,70,2.49,1.13,3.62,0,0,0,0,0,0,1,1,0,0,0,0,0,0,1,20,25,1,8,11,1,6,9,59,72,28,69,1.42,2.11,1.53,2.43,1.43,2.2,42,28,2.08,1.41,3.49,38,True,True,False,False,False,False,True,3.20,1.90,1.27,2.08,2.15,1.68,1.73,2.89,1.43,1.40,3.05,3.08,3.48,2.38,1.69,2.24
South_Korea_K_League_1_2025,2025,31,Jeju United,Suwon,2025-09-28 07:30:00,3,4,7,0,10,10,3,1,3,0,6,13,5,17,11,30,13,10,53,47,,,7,1,2.52,3.45,2.5,1.2,1.68,2.53,1.57,2.38,1.51,1.95,2.42,1.93,1.34,2.4,3.08,1.48,7,2,2,1,2,3,4,3843,0,52,0,5142,2,1,0,4,0,5,4,5,2,0,4,1,2,5,1,31,71,64,61,1.34,3.29,4.62,0,1,0,1,0,0,1,1,0,1,0,1,0,0,1,16,15,1,10,12,1,11,3,48,69,20,62,1.22,0.84,1.43,0.67,1.03,1.13,52,32,1.5,1.42,2.92,38,True,True,True,True,True,True,True,2.71,1.70,1.22,2.44,1.87,1.94,1.52,2.65,1.51,1.34,3.40,2.56,3.58,2.76,1.56,2.50
South_Korea_K_League_1_2025,2025,31,Anyang,Gwangju,2025-09-28 07:30:00,0,0,0,3,4,7,2,1,0,0,2,3,4,9,6,12,8,12,47,53,Anyang Stadium,"1023, Bisan3-dong, Dongan-gu, Anyang",2,1,2.69,3.1,2.65,1.37,2.23,4.2,1.95,1.9,1.67,2.56,2.02,1.61,1.54,3.14,2.57,1.33,0,0,0,0,0,0,0,-1,0,54,0,7435,2,1,2,0,1,4,2,5,0,1,2,0,1,2,1,54,78,111,123,0.92,1.54,2.46,0,0,0,0,0,0,1,1,0,0,1,0,0,0,1,13,19,1,13,8,1,8,5,50,70,30,64,1.47,1.37,1.4,1.47,1.23,1.37,50,30,1.7,1.26,2.96,38,False,False,False,False,False,False,False,4.41,2.37,1.42,2.02,2.23,1.63,1.78,,,,,2.76,3.13,2.84,1.95,1.90
South_Korea_K_League_1_2025,2025,32,Jeju United,Jeonbuk Motors,2025-10-03 05:00:00,1,1,2,6,1,7,0,2,0,0,5,4,14,6,19,10,10,15,57,43,,,0,2,3.47,3.45,1.85,1.22,1.82,2.9,1.68,2.05,1.64,1.95,2.17,1.72,1.36,2.5,3.04,1.43,2,0,1,1,0,1,1,-1,0,40,0,6102,2,1,3,1,3,0,4,3,0,1,0,1,1,1,1,75,39,116,98,2.09,1.2,3.29,0,0,0,0,0,0,1,1,0,0,0,0,0,0,1,25,12,1,15,10,1,6,15,47,67,20,57,1.22,2.11,1.33,2.33,1.0,2.16,53,33,1.48,1.39,2.87,38,True,True,False,False,False,False,True,2.73,1.64,1.21,2.21,2.03,1.76,1.64,2.63,1.52,1.35,3.35,1.74,4.30,4.35,1.61,2.40
South_Korea_K_League_1_2025,2025,32,Gwangju,Daegu,2025-10-04 05:00:00,2,3,5,3,8,11,1,2,1,0,6,5,10,7,16,12,6,13,62,38,Gwangju World Cup Stadium,", Gwangju",2,2,1.82,3.56,3.47,1.22,1.76,3.08,1.73,2.05,1.59,2.0,2.12,1.7,1.43,2.8,2.9,1.4,5,1,2,1,1,2,3,3834,0,61,0,6731,2,1,1,4,2,4,5,6,1,0,1,2,1,3,1,113,57,141,81,2.25,1.52,3.76,2,2,2,2,0,0,1,1,0,1,0,1,1,0,1,20,9,1,11,4,1,6,10,64,77,26,81,1.47,0.65,1.27,0.44,1.35,0.74,37,23,1.64,1.42,3.06,38,True,True,True,True,True,False,True,3.63,2.09,1.34,2.12,2.14,1.68,1.70,3.19,1.37,1.47,2.77,4.19,3.58,1.93,1.92,1.93
South_Korea_K_League_1_2025,2025,32,Pohang Steelers,Daejeon Citizen,2025-10-05 05:00:00,1,3,4,3,1,4,1,5,0,0,6,3,8,5,14,8,6,15,57,43,Steelyard Stadium,", Pohang",1,5,1.9,3.34,3.39,1.24,1.78,3.1,1.69,2.1,1.81,2.58,1.87,1.53,1.35,2.65,2.89,1.42,4,1,1,0,2,2,2,3845,0,57,0,11821,2,1,1,0,2,1,1,3,1,3,0,2,4,2,1,75,57,134,81,1.85,1.13,2.98,1,0,1,0,0,0,1,1,0,1,1,0,0,0,1,22,20,1,14,6,1,3,8,57,76,31,60,1.63,1.58,1.81,1.5,1.55,1.58,44,26,1.75,1.42,3.17,38,True,True,True,True,False,False,True,3.17,1.88,1.27,1.98,2.29,1.57,1.83,2.96,1.42,1.40,3.02,2.80,3.55,2.53,1.70,2.22
South_Korea_K_League_1_2025,2025,32,Sangju Sangmu,Ulsan,2025-10-05 05:00:00,3,0,3,7,4,11,0,1,0,0,9,4,13,7,22,11,7,9,59,41,,,0,1,2.23,3.68,2.56,1.18,1.58,2.38,1.5,2.48,1.63,2.38,2.21,1.7,1.3,2.41,3.34,1.58,3,1,0,2,0,2,1,3839,0,54,0,4239,2,1,3,1,4,3,4,7,0,0,0,1,0,1,1,82,74,83,77,2.59,1.5,4.1,0,0,0,0,0,0,1,1,0,0,0,0,0,0,1,13,19,1,9,7,1,6,12,31,72,22,60,1.65,0.95,1.88,1.13,1.68,1.19,69,28,1.86,1.7,3.56,38,True,True,True,False,False,False,False,2.26,1.50,1.15,2.21,2.07,1.72,1.63,2.31,1.64,,,2.80,3.93,2.37,1.42,2.98
South_Korea_K_League_1_2025,2025,32,Suwon,FC Seoul,2025-10-05 07:30:00,1,1,2,4,6,10,2,0,0,0,6,4,12,10,18,14,9,7,46,54,,,2,0,3.33,3.39,1.91,1.25,1.8,2.64,1.64,2.33,1.54,1.94,2.29,1.85,1.33,2.45,3.3,1.5,2,1,1,0,0,0,2,-1,0,57,0,7304,2,1,3,2,1,4,5,5,1,0,1,0,1,1,1,53,47,82,77,1.93,1.5,3.43,0,0,0,0,0,0,1,1,0,0,0,0,0,0,1,19,17,1,7,9,1,6,10,47,64,24,60,1.37,1.16,1.6,1.33,1.19,1.42,53,37,1.84,1.71,3.55,38,True,True,False,False,False,False,True,2.66,1.67,1.21,2.34,1.95,1.86,1.56,2.59,1.52,1.35,3.36,2.14,3.75,3.34,1.55,2.53
South_Korea_K_League_1_2025,2025,32,Gangwon,Anyang,2025-10-05 07:30:00,1,1,2,8,1,9,1,1,0,0,5,3,7,3,12,6,9,5,48,52,,,1,1,1.96,3.17,3.41,1.33,2.08,3.91,1.87,1.81,1.7,2.05,2.04,1.7,1.44,3.0,2.79,1.33,2,0,0,1,1,2,0,-1,0,49,0,8464,2,1,5,0,3,1,5,4,0,1,1,0,1,1,1,65,39,101,87,1.58,0.88,2.46,0,0,0,0,0,0,1,1,0,0,4,0,0,0,1,21,19,1,5,9,1,3,11,55,65,20,65,1.42,1.11,1.38,1.07,1.35,1.23,45,36,1.46,1.45,2.91,38,True,True,False,False,False,False,True,3.91,2.21,1.38,2.06,2.21,1.64,1.74,3.37,1.34,1.48,2.70,4.47,3.52,1.89,1.98,1.88
South_Korea_K_League_1_2025,2025,33,Anyang,Sangju Sangmu,2025-10-18 05:00:00,4,1,5,3,6,9,1,2,0,0,6,3,7,14,13,17,7,12,28,72,Anyang Stadium,"1023, Bisan3-dong, Dongan-gu, Anyang",1,2,2.91,3.41,2.07,1.19,1.7,2.64,1.58,2.23,1.55,1.97,2.02,1.63,1.32,2.45,3.1,1.47,5,2,0,2,1,3,2,3848,0,62,0,7178,2,1,1,2,2,4,3,6,1,1,0,1,2,1,1,32,77,67,111,1.47,1.84,3.31,0,0,0,0,0,0,1,1,1,0,1,1,0,0,1,21,24,1,11,7,1,13,8,59,74,39,65,1.47,1.56,1.38,1.47,1.22,1.72,42,26,1.65,1.81,3.46,38,True,True,True,True,True,False,True,2.75,1.72,1.22,2.31,1.97,1.84,1.57,,,,,1.87,3.94,4.04,1.66,2.30
South_Korea_K_League_1_2025,2025,33,FC Seoul,Pohang Steelers,2025-10-18 05:00:00,1,2,3,3,2,5,2,3,0,0,3,3,5,4,8,7,11,17,65,35,Seoul World Cup Stadium,"515 Seongsan-dong, Mapo-gu, Sangam, Seoul",2,3,2.04,3.18,3.18,1.25,1.91,3.2,1.73,1.92,1.79,2.49,1.92,1.57,1.38,2.7,3.06,1.4,3,0,1,1,1,2,1,3835,0,64,0,23672,2,1,2,0,1,2,2,3,1,0,1,3,1,4,1,59,60,98,71,1.15,1.09,2.23,0,0,0,0,0,0,1,1,0,0,0,0,0,0,1,18,23,1,17,11,1,7,6,48,77,29,78,1.42,1.32,1.5,1.27,1.41,1.5,53,23,2.1,1.27,3.37,38,True,True,True,False,False,False,True,3.89,2.18,1.37,,,,,,,,,3.57,3.27,2.23,1.88,1.97
South_Korea_K_League_1_2025,2025,33,Jeonbuk Motors,Suwon,2025-10-18 05:00:00,2,0,2,0,5,5,2,2,0,0,3,8,5,18,8,26,13,8,47,53,Jeonju World Cup Stadium,"763-1 Banwol-dong, Deokjin-gu, Jeonju",2,2,1.65,3.79,3.99,1.13,1.6,2.33,1.5,2.39,1.63,2.02,2.1,1.7,1.25,2.15,3.42,1.6,2,1,0,1,0,1,1,3837,0,69,0,21899,2,1,0,2,0,2,2,2,1,0,1,2,1,3,1,56,98,118,113,1.13,2.89,4.03,1,0,1,0,0,0,1,1,1,0,0,0,0,0,1,13,20,1,8,14,1,9,2,56,82,51,75,2.05,0.84,2.0,0.81,2.13,1.19,44,19,1.83,1.53,3.36,38,True,True,False,False,False,False,False,2.51,1.61,1.19,2.20,2.06,1.73,1.64,,,,,3.42,3.93,2.05,1.56,2.53
South_Korea_K_League_1_2025,2025,33,Ulsan,Gwangju,2025-10-18 05:00:00,2,0,2,0,6,6,3,3,0,0,2,4,11,9,13,13,8,13,51,49,Ulsan Munsu Football Stadium,"3302-5 Kozukue, Kohoku-ku, Ulsan",3,3,1.84,3.27,3.71,1.38,2.05,3.72,1.88,1.78,1.77,2.28,1.9,1.55,1.47,2.9,2.56,1.32,2,1,0,1,0,1,1,3836,0,46,0,10294,2,1,0,2,0,4,2,4,0,0,3,3,0,6,1,47,90,105,140,1.31,1.76,3.06,1,0,1,0,0,0,1,1,0,0,0,1,0,0,1,10,11,1,12,8,1,8,4,46,62,23,55,1.37,1.37,1.27,1.44,1.16,1.31,55,39,1.94,1.28,3.22,38,True,True,False,False,False,False,False,3.74,2.10,1.35,,,,,3.16,1.38,1.44,2.88,3.13,3.42,2.37,1.84,2.02
South_Korea_K_League_1_2025,2025,33,Daegu,Gangwon,2025-10-18 05:00:00,2,2,4,3,6,9,2,2,0,0,3,5,9,8,12,13,11,17,57,43,,,2,2,2.87,3.33,2.12,1.28,1.77,2.99,1.68,2.0,1.64,2.35,2.15,1.71,1.36,2.75,2.88,1.4,4,0,2,2,0,2,2,-1,0,50,0,10795,2,1,0,3,2,3,3,5,0,1,2,1,1,3,1,65,50,114,67,1.44,1.53,2.97,1,0,1,0,0,0,1,1,0,1,0,1,0,0,1,38,20,1,18,11,1,4,6,43,63,24,63,1.17,1.32,1.07,1.33,0.81,1.34,57,37,1.7,1.15,2.85,38,True,True,True,True,False,False,True,3.36,1.98,1.30,,,,,,,,,2.35,3.53,3.07,1.77,2.11
South_Korea_K_League_1_2025,2025,33,Daejeon Citizen,Jeju United,2025-10-18 05:00:00,3,1,4,2,3,5,2,2,0,0,8,7,9,15,17,22,9,9,56,44,Daejeon World Cup Stadium,"270 Noeun-dong, Yuseong-gu, Daejeon",2,2,1.81,3.45,3.59,1.16,1.73,2.42,1.58,2.15,1.7,2.41,2.05,1.58,1.34,2.4,3.34,1.55,4,2,0,1,1,2,2,3845,0,58,0,10425,2,1,0,1,2,2,1,4,0,0,2,2,0,4,1,53,58,123,104,2.02,2.29,4.31,0,0,0,0,0,0,1,1,0,0,0,1,0,0,1,15,11,1,9,9,1,10,4,42,68,17,46,1.84,0.85,1.67,0.69,1.63,1.0,58,32,1.48,1.35,2.83,38,True,True,True,True,False,False,True,2.49,1.59,1.19,,,,,2.44,1.59,1.34,3.34,4.88,4.35,1.66,1.63,2.35
South_Korea_K_League_1_2025,2025,34,Gwangju,Anyang,2025-10-25 05:00:00,1,0,1,3,6,9,1,4,0,0,5,5,5,12,10,17,8,21,40,60,Gwangju World Cup Stadium,", Gwangju",1,4,2.13,3.0,3.16,1.38,2.2,3.8,1.98,1.95,1.77,2.74,1.93,1.55,1.44,2.9,2.59,1.36,1,1,0,0,0,0,1,3841,1,55,0,-1,2,1,2,0,0,6,2,6,0,2,1,2,2,3,1,51,94,94,132,1.36,2.1,3.46,0,0,0,0,0,0,1,1,0,0,0,0,0,0,1,15,28,1,21,5,1,12,3,49,69,24,66,1.42,1.29,1.27,1.27,1.27,1.27,52,32,1.48,1.53,3.01,38,True,False,False,False,False,False,False,4.42,2.40,1.43,,,,,3.36,1.35,1.53,2.61,4.15,3.01,2.17,2.04,1.82
South_Korea_K_League_1_2025,2025,34,Jeonbuk Motors,Sangju Sangmu,2025-10-25 05:00:00,2,3,5,4,4,8,2,0,0,0,7,3,4,8,11,11,10,11,56,44,Jeonju World Cup Stadium,"763-1 Banwol-dong, Deokjin-gu, Jeonju",2,0,1.96,3.53,3.06,1.18,1.52,2.3,1.49,2.3,1.64,2.05,2.05,1.68,1.29,2.2,3.3,1.57,5,2,1,0,2,2,3,3839,1,55,0,-1,2,1,2,2,2,2,4,4,0,0,2,0,0,2,1,84,68,109,81,1.79,1.39,3.19,0,0,0,0,0,0,1,1,1,0,0,1,0,0,1,20,13,1,11,10,1,5,3,50,76,36,64,2.08,1.61,2.15,1.67,2.15,1.67,50,24,1.59,1.86,3.45,38,True,True,True,True,True,False,True,2.39,1.58,1.17,,,,,2.35,1.63,,,3.82,3.84,1.95,1.50,2.68
South_Korea_K_League_1_2025,2025,34,Suwon,Jeju United,2025-10-25 07:30:00,1,2,3,3,7,10,2,1,0,1,5,7,7,8,12,15,12,13,50,50,,,2,3,1.91,3.52,3.21,1.17,1.55,2.35,1.57,2.39,1.48,1.83,2.4,1.87,1.29,2.33,3.4,1.53,3,1,1,0,1,1,2,3832,1,63,0,-1,2,1,0,4,3,3,4,6,1,1,1,1,2,2,1,70,83,107,98,1.62,2.03,3.65,0,1,0,1,0,0,1,1,0,0,0,0,0,0,1,23,25,1,13,10,1,13,5,52,75,24,63,1.11,1.03,1.15,0.97,1.15,0.97,49,26,1.73,1.46,3.19,38,True,True,True,False,False,False,True,2.32,1.53,1.16,2.39,1.92,1.90,1.53,2.38,1.62,,,3.97,4.17,1.84,1.51,2.65
South_Korea_K_League_1_2025,2025,34,Ulsan,Daegu,2025-10-26 05:00:00,1,1,2,8,1,9,1,0,0,0,8,2,10,4,18,6,9,7,72,28,Ulsan Munsu Football Stadium,"3302-5 Kozukue, Kohoku-ku, Ulsan",1,0,1.56,4.0,4.3,1.2,1.57,2.2,1.62,2.26,1.53,1.93,2.25,1.76,1.28,2.3,3.3,1.57,2,0,1,1,0,1,1,-1,1,61,0,-1,2,1,2,0,6,1,2,7,0,0,1,0,0,1,1,43,10,89,46,2.0,0.6,2.6,0,0,0,0,0,0,1,1,0,0,0,0,0,0,1,44,14,1,6,9,1,3,9,56,79,30,75,1.16,0.89,1.21,0.82,1.21,0.82,44,21,1.79,1.55,3.34,38,True,True,False,False,False,False,True,2.45,1.60,1.19,2.30,1.99,1.82,1.57,2.49,1.57,,,4.53,4.17,1.74,1.60,2.42
South_Korea_K_League_1_2025,2025,34,FC Seoul,Gangwon,2025-10-26 05:00:00,4,2,6,10,4,14,2,0,0,0,9,5,11,9,20,14,8,6,56,44,Seoul World Cup Stadium,"515 Seongsan-dong, Mapo-gu, Sangam, Seoul",2,0,1.95,3.15,3.45,1.34,1.93,3.5,1.83,1.83,1.74,2.57,1.94,1.55,1.42,2.95,2.62,1.33,6,0,1,4,1,5,1,3833,1,50,0,-1,2,1,3,2,7,2,5,9,0,0,2,0,0,2,1,57,31,73,55,2.29,1.45,3.74,0,1,0,1,0,0,1,1,0,0,0,1,0,0,1,29,17,1,11,8,1,7,6,44,63,23,63,1.29,1.37,1.36,1.33,1.36,1.33,57,38,1.88,1.32,3.2,38,True,True,True,True,True,True,True,3.95,2.20,1.39,2.05,2.19,1.64,1.74,3.31,1.35,1.47,2.76,3.73,3.33,2.15,1.93,1.92
South_Korea_K_League_1_2025,2025,34,Daejeon Citizen,Pohang Steelers,2025-10-26 07:30:00,2,0,2,1,6,7,1,5,0,0,4,6,9,9,13,15,7,20,57,43,Daejeon World Cup Stadium,"270 Noeun-dong, Yuseong-gu, Daejeon",1,5,2.19,3.19,2.87,1.22,1.79,2.99,1.65,2.1,2.0,2.47,1.8,1.44,1.33,2.6,3.0,1.44,2,2,0,0,0,0,2,3845,1,58,0,-1,2,1,0,2,1,4,2,5,1,3,0,2,4,2,1,81,81,136,116,1.69,1.95,3.65,1,0,1,0,0,0,1,1,0,0,0,0,0,0,1,14,14,1,19,9,1,5,8,50,75,32,64,1.71,1.47,1.67,1.55,1.67,1.55,50,26,1.45,1.52,2.97,38,True,True,False,False,False,False,False,3.22,1.92,1.28,1.89,2.37,1.53,1.92,3.01,1.41,1.42,2.96,3.00,3.41,2.46,1.66,2.29
South_Korea_K_League_1_2025,2025,35,Gangwon,Jeonbuk Motors,2025-11-01 05:00:00,0,0,0,3,1,4,2,4,0,0,3,0,3,5,6,5,8,13,53,47,,,2,4,2.55,3.23,2.39,1.28,1.76,3.75,1.76,1.95,1.71,2.51,2.07,1.66,1.43,2.63,2.92,1.44,0,0,0,0,0,0,0,-1,1,49,0,-1,2,1,1,0,2,1,1,3,0,0,2,4,0,6,1,58,51,87,70,1.01,0.69,1.7,0,0,0,0,0,0,1,1,0,0,0,0,0,0,1,18,19,1,15,14,1,4,6,47,69,33,65,1.37,2.08,1.29,2.09,1.29,2.09,53,31,1.33,1.6,2.93,38,False,False,False,False,False,False,False,3.77,2.15,1.36,1.97,2.33,1.57,1.84,3.23,1.37,1.46,2.82,2.27,3.30,3.45,,
South_Korea_K_League_1_2025,2025,35,Daejeon Citizen,FC Seoul,2025-11-01 05:00:00,3,1,4,8,2,10,2,1,0,0,10,2,14,7,24,9,8,8,48,52,Daejeon World Cup Stadium,"270 Noeun-dong, Yuseong-gu, Daejeon",2,1,2.71,3.21,2.27,1.22,1.75,2.63,1.56,2.3,2.02,2.29,1.85,1.54,1.33,2.62,3.1,1.49,4,0,0,3,1,4,0,3845,1,61,0,-1,2,1,5,0,3,2,5,5,0,1,2,0,1,2,1,63,42,89,90,2.66,1.02,3.67,0,0,0,0,0,0,1,1,0,0,1,0,0,0,1,8,11,1,11,10,1,9,10,50,74,28,62,1.71,1.29,1.71,1.41,1.71,1.41,50,27,1.46,1.89,3.35,38,True,True,True,True,False,False,True,2.67,1.69,1.20,1.94,2.34,1.55,1.88,2.66,1.50,1.35,3.32,2.69,3.59,2.61,1.54,2.56
South_Korea_K_League_1_2025,2025,35,Sangju Sangmu,Pohang Steelers,2025-11-01 07:30:00,0,1,1,3,2,5,2,0,0,0,2,5,6,6,8,11,10,14,51,49,,,2,0,2.12,3.33,2.87,1.23,1.67,2.71,1.57,2.26,1.86,2.35,1.93,1.55,1.33,2.45,3.0,1.5,1,0,0,0,1,1,0,3835,1,55,0,-1,2,1,1,2,2,0,3,2,0,0,2,0,0,2,1,36,43,86,76,0.91,1.36,2.27,0,0,0,0,0,0,1,1,0,0,1,0,0,0,1,23,18,1,13,11,1,6,7,49,73,34,67,1.61,1.47,1.71,1.5,1.71,1.5,52,28,1.84,1.53,3.37,38,True,False,False,False,False,False,False,3.51,2.05,1.32,1.84,2.49,1.50,1.97,3.05,1.40,1.41,2.97,2.28,3.46,3.27,1.79,2.08
South_Korea_K_League_1_2025,2025,35,Anyang,Ulsan,2025-11-01 07:30:00,3,1,4,10,2,12,1,4,0,1,10,3,10,4,20,7,13,13,56,44,Anyang Stadium,"1023, Bisan3-dong, Dongan-gu, Anyang",1,5,2.79,3.35,2.16,1.25,1.79,3.2,1.74,2.05,1.54,2.28,2.2,1.74,1.36,2.7,2.81,1.4,4,1,1,2,0,2,2,3848,1,56,0,-1,2,1,1,0,8,2,1,10,0,5,1,0,5,1,1,93,52,121,80,2.63,1.03,3.66,0,0,0,0,0,0,1,1,0,0,0,0,0,0,1,14,21,1,14,14,1,4,9,46,74,27,67,1.29,1.16,1.24,1.21,1.24,1.21,55,26,1.55,1.8,3.35,38,True,True,True,True,False,False,True,3.29,1.95,1.30,,,,,2.93,1.42,1.40,3.07,2.34,3.41,3.20,1.74,2.16
South_Korea_K_League_1_2025,2025,35,Gwangju,Jeju United,2025-11-02 05:00:00,2,0,2,2,8,10,1,2,0,0,3,8,5,6,8,14,8,11,42,58,Gwangju World Cup Stadium,", Gwangju",1,2,1.91,3.18,3.55,1.3,1.95,3.3,1.75,1.95,1.7,2.04,2.05,1.67,1.38,2.7,2.8,1.38,2,0,0,2,0,2,0,3841,1,52,0,-1,2,1,1,5,1,3,6,4,1,2,0,0,3,0,1,45,79,97,114,1.05,2.02,3.07,0,0,0,0,0,0,1,1,0,0,0,0,0,0,1,10,24,1,13,8,1,8,3,44,65,18,62,1.42,1.03,1.32,1.03,1.32,1.03,56,35,1.48,1.48,2.96,38,True,True,False,False,False,False,False,3.59,2.04,1.33,2.04,2.20,1.64,1.74,3.13,1.39,1.44,2.89,4.14,3.55,1.95,1.81,2.05
South_Korea_K_League_1_2025,2025,35,Suwon,Daegu,2025-11-02 07:30:00,1,1,2,2,4,6,3,0,0,1,7,4,9,6,16,10,19,12,44,56,,,3,2,1.87,3.76,3.13,1.14,1.47,2.3,1.44,2.48,1.47,1.77,2.48,1.92,1.23,2.12,3.58,1.67,2,0,0,1,1,2,0,-1,1,71,0,-1,2,1,1,1,1,3,2,4,0,0,3,1,0,4,1,64,75,97,107,1.96,1.46,3.42,0,0,0,0,0,0,1,1,0,0,0,0,0,0,1,19,20,1,12,19,1,10,9,65,82,35,77,1.11,0.89,1.12,0.82,1.12,0.82,35,18,1.72,1.52,3.24,38,True,True,False,False,False,False,True,2.30,1.52,1.16,2.41,1.91,1.91,1.52,2.27,1.68,,,3.23,4.16,2.06,1.48,2.74
South_Korea_K_League_1_2025,2025,36,Jeju United,Anyang,2025-11-08 05:00:00,1,2,3,13,7,20,3,1,0,0,10,6,12,5,22,11,13,10,68,32,,,3,1,2.43,3.13,2.57,1.23,1.78,3.0,1.62,2.15,1.62,2.08,2.14,1.7,1.36,2.65,2.89,1.42,3,0,1,1,1,2,1,3848,1,57,0,-1,2,1,4,2,9,5,6,14,1,0,2,1,1,3,1,109,50,121,76,2.86,1.47,4.34,0,0,0,0,0,0,1,1,0,0,1,1,0,0,1,30,15,1,11,13,1,6,11,50,73,24,60,1.03,1.29,1.0,1.29,1.0,1.29,50,28,1.49,1.58,3.07,38,True,True,True,False,False,False,True,3.06,1.85,1.26,,,,,2.83,1.45,1.38,3.17,2.63,3.47,2.74,1.65,2.32
South_Korea_K_League_1_2025,2025,36,Daegu,Gwangju,2025-11-08 05:00:00,1,0,1,9,2,11,1,0,0,0,3,1,11,3,14,4,7,7,57,43,,,1,0,2.74,3.28,2.22,1.23,1.8,3.08,1.66,2.05,1.7,2.37,2.05,1.72,1.36,2.73,3.0,1.43,1,0,0,1,0,1,0,3834,1,59,0,-1,2,1,1,2,8,0,3,8,0,0,1,0,0,1,1,91,51,126,88,1.75,0.7,2.45,0,0,0,0,0,0,1,1,0,0,0,1,0,0,1,12,18,1,9,8,1,5,16,55,73,26,73,0.89,1.42,0.83,1.37,0.83,1.37,46,27,1.52,1.47,2.99,38,True,False,False,False,False,False,False,3.96,2.22,1.39,2.16,2.09,1.72,1.67,3.32,1.35,1.47,2.77,2.80,3.34,2.66,1.93,1.92
South_Korea_K_League_1_2025,2025,36,Sangju Sangmu,Gangwon,2025-11-08 07:30:00,0,1,1,5,1,6,0,2,0,0,6,4,7,7,13,11,8,21,51,49,,,0,2,2.13,3.26,2.91,1.27,1.79,3.16,1.7,2.2,1.62,2.05,2.12,1.69,1.35,2.81,2.94,1.46,1,0,1,0,0,0,1,3831,1,47,0,-1,2,1,1,0,4,1,1,5,0,1,0,1,1,1,1,55,53,90,118,1.64,1.37,3.01,0,0,0,0,0,0,1,1,0,0,0,0,0,0,1,17,12,1,21,8,1,6,4,47,64,26,57,1.61,1.37,1.66,1.29,1.66,1.29,53,36,1.82,1.32,3.14,38,True,False,False,False,False,False,False,3.20,1.92,1.27,,,,,2.84,1.45,1.38,3.17,2.30,3.53,3.17,1.71,2.20
South_Korea_K_League_1_2025,2025,36,Jeonbuk Motors,Daejeon Citizen,2025-11-08 07:30:00,3,1,4,6,1,7,4,3,0,0,6,6,7,8,13,14,13,8,50,50,Jeonju World Cup Stadium,"763-1 Banwol-dong, Deokjin-gu, Jeonju",4,3,1.93,3.45,3.21,1.2,1.62,2.69,1.61,2.3,1.77,2.26,1.93,1.55,1.29,2.41,3.28,1.5,4,0,0,3,1,4,0,3837,1,57,0,-1,2,1,2,0,4,1,2,5,0,2,4,1,2,5,1,80,79,102,111,1.82,1.87,3.69,1,0,1,0,0,0,1,1,0,0,0,0,0,1,1,15,13,1,10,12,1,7,6,52,79,37,62,2.08,1.71,2.06,1.74,2.06,1.74,49,22,1.57,1.5,3.07,38,True,True,True,True,False,False,True,2.68,1.70,1.21,2.02,2.22,1.62,1.76,2.78,1.47,1.37,3.20,2.63,3.68,2.63,1.60,2.42
South_Korea_K_League_1_2025,2025,36,Pohang Steelers,FC Seoul,2025-11-09 05:00:00,0,0,0,5,7,12,0,0,0,0,3,1,7,11,10,12,8,10,47,53,Steelyard Stadium,", Pohang",0,0,2.53,3.11,2.48,1.29,1.89,3.45,1.75,2.05,1.88,2.34,1.92,1.55,1.4,2.75,2.73,1.37,0,0,0,0,0,0,0,-1,1,57,0,-1,2,-1,2,3,3,4,5,7,0,0,0,0,0,0,1,69,70,103,97,1.34,1.33,2.68,0,0,0,0,0,0,1,1,0,0,0,0,-1,-1,1,22,21,1,10,9,1,9,7,46,69,29,69,1.47,1.29,1.54,1.37,1.54,1.37,54,31,1.52,1.86,3.38,38,False,False,False,False,False,False,False,3.70,2.13,1.36,1.93,2.34,1.55,1.88,3.29,1.36,1.47,2.78,2.77,3.28,2.73,1.84,2.02
South_Korea_K_League_1_2025,2025,36,Ulsan,Suwon,2025-11-09 07:30:00,1,0,1,6,10,16,2,3,0,0,2,7,8,13,10,20,10,10,37,63,Ulsan Munsu Football Stadium,"3302-5 Kozukue, Kohoku-ku, Ulsan",2,3,1.88,3.59,3.23,1.18,1.57,2.25,1.53,2.51,1.76,2.7,1.95,1.56,1.27,2.3,3.28,1.57,1,0,0,1,0,1,0,3836,1,63,0,-1,2,1,3,4,3,6,7,9,1,0,1,3,1,4,1,37,69,51,84,1.03,2.24,3.27,0,0,0,0,0,0,1,1,0,0,0,0,0,0,1,12,10,1,8,11,1,10,8,49,77,30,69,1.16,1.11,1.17,1.11,1.17,1.11,52,23,1.78,1.73,3.51,38,True,False,False,False,False,False,False,2.50,1.61,1.19,2.00,2.30,1.58,1.81,2.43,1.60,,,3.30,3.90,2.11,1.54,2.56
South_Korea_K_League_1_2025,2025,37,Anyang,Suwon,2025-11-22 05:00:00,0,1,1,11,5,16,0,5,0,0,6,3,13,9,19,12,10,19,63,37,Anyang Stadium,"1023, Bisan3-dong, Dongan-gu, Anyang",0,5,2.36,3.23,2.59,1.23,1.7,2.8,1.58,2.25,1.57,2.26,2.16,1.71,1.33,2.64,3.02,1.44,1,0,1,0,0,0,1,3843,1,65,0,-1,2,1,6,1,5,4,7,9,0,1,0,4,1,4,1,83,61,110,78,2.21,1.4,3.62,0,0,0,0,0,0,1,1,0,0,1,0,0,0,1,22,16,1,19,11,1,5,9,56,77,32,67,1.29,1.11,1.33,1.08,1.33,1.08,44,24,1.58,1.74,3.32,38,True,False,False,False,False,False,False,2.83,1.76,1.23,2.28,2.02,1.78,1.61,,,,,2.67,3.58,2.63,1.56,2.51
South_Korea_K_League_1_2025,2025,37,Daejeon Citizen,Gangwon,2025-11-22 05:00:00,1,1,2,4,8,12,2,1,0,0,5,4,5,11,10,15,12,9,41,59,Daejeon World Cup Stadium,"270 Noeun-dong, Yuseong-gu, Daejeon",2,1,2.06,3.14,3.16,1.29,1.84,3.3,1.7,2.05,1.98,3.07,1.81,1.46,1.39,2.92,2.73,1.39,2,1,0,0,1,1,1,-1,1,50,0,-1,2,1,0,5,4,3,5,7,0,0,2,1,0,3,1,43,74,107,135,1.3,1.77,3.07,0,0,0,0,0,0,1,1,0,0,0,0,0,0,1,16,21,1,9,12,1,9,2,49,69,25,56,1.71,1.37,1.69,1.33,1.69,1.33,51,32,1.51,1.32,2.83,38,True,True,False,False,False,False,True,3.41,2.01,1.31,1.82,2.48,1.49,1.99,3.03,1.41,1.41,3.00,3.13,3.37,2.40,1.76,2.13
South_Korea_K_League_1_2025,2025,37,FC Seoul,Sangju Sangmu,2025-11-22 05:00:00,1,3,4,2,1,3,1,0,1,0,4,4,8,8,12,12,8,5,48,52,Seoul World Cup Stadium,"515 Seongsan-dong, Mapo-gu, Sangam, Seoul",2,0,2.26,3.38,2.63,1.25,1.7,2.85,1.65,2.15,1.73,2.0,1.97,1.72,1.34,2.59,2.99,1.44,4,1,1,0,2,2,2,3839,1,57,0,-1,-1,1,-1,-1,-1,-1,-1,-1,0,0,2,0,0,2,1,53,45,90,70,1.42,1.36,2.78,0,0,0,0,0,0,1,1,0,0,-1,-1,0,0,1,26,17,1,9,11,1,8,9,49,68,27,61,1.29,1.61,1.36,1.61,1.36,1.61,52,32,1.85,1.81,3.66,38,True,True,True,True,False,False,True,2.63,1.67,1.21,2.22,2.04,1.76,1.64,2.63,1.52,1.34,3.37,5.08,4.26,1.65,1.68,2.26
South_Korea_K_League_1_2025,2025,37,Pohang Steelers,Jeonbuk Motors,2025-11-22 07:30:00,0,0,0,4,2,6,1,0,0,0,4,2,9,7,13,9,13,12,44,56,Steelyard Stadium,", Pohang",1,0,2.39,3.14,2.61,1.27,1.82,3.1,1.67,2.11,1.94,3.1,1.85,1.46,1.41,2.55,2.81,1.4,0,0,0,0,0,0,0,-1,1,53,0,-1,2,1,1,0,3,2,1,5,0,0,1,0,0,1,1,46,45,68,69,1.43,1.03,2.46,0,0,0,0,0,0,1,1,0,0,0,0,0,0,1,17,17,1,13,15,1,8,8,46,73,38,68,1.47,2.08,1.53,2.08,1.53,2.08,54,28,1.52,1.58,3.1,38,False,False,False,False,False,False,False,3.48,2.06,1.32,1.86,2.42,1.51,1.95,3.11,1.36,1.43,2.82,2.94,3.30,2.53,1.76,2.11
South_Korea_K_League_1_2025,2025,37,Gwangju,Ulsan,2025-11-22 07:30:00,2,0,2,0,9,9,0,0,0,0,2,1,8,12,10,13,11,14,41,59,Gwangju World Cup Stadium,", Gwangju",0,0,2.57,3.04,2.49,1.33,2.05,3.44,1.75,1.95,1.69,2.15,2.02,1.58,1.44,2.99,2.59,1.34,2,1,0,1,0,1,1,3841,1,49,0,-1,2,-1,0,6,0,3,6,3,0,0,0,0,0,0,1,47,118,87,132,1.12,1.74,2.86,0,0,0,0,0,0,1,1,1,0,0,0,-1,-1,1,17,19,1,12,13,1,11,7,39,65,21,66,1.42,1.16,1.33,1.22,1.33,1.22,61,35,1.45,1.76,3.21,38,True,True,False,False,False,False,False,4.33,2.38,1.42,2.00,2.28,1.59,1.81,3.19,1.35,1.49,2.62,2.66,3.06,2.98,1.96,1.88
South_Korea_K_League_1_2025,2025,37,Jeju United,Daegu,2025-11-23 05:00:00,1,1,2,5,4,9,1,1,0,0,3,4,7,12,10,16,13,8,40,60,,,1,1,2.11,3.37,2.86,1.22,1.67,2.64,1.53,2.3,1.57,2.26,2.22,1.75,1.33,2.4,3.04,1.48,2,1,0,0,1,1,1,-1,1,63,0,-1,2,1,4,3,1,0,7,1,0,0,1,1,0,2,1,48,70,79,88,1.19,1.79,2.98,0,0,0,0,0,0,1,1,0,0,1,2,0,0,1,19,28,1,12,16,1,9,6,57,78,25,67,1.03,0.89,0.97,0.89,0.97,0.89,43,23,1.53,1.53,3.06,38,True,True,False,False,False,False,True,2.76,1.72,1.22,2.30,2.00,1.81,1.57,,,,,2.82,3.62,2.45,1.59,2.42
South_Korea_K_League_1_2025,2025,38,Suwon,Gwangju,2025-11-30 05:00:00,0,1,1,4,7,11,0,2,0,0,7,3,13,9,20,12,12,15,48,52,,,0,2,2.06,3.19,3.1,1.26,1.9,3.24,1.75,2.0,1.6,2.12,2.18,1.73,1.4,2.88,2.73,1.36,1,0,0,0,1,1,0,3841,1,56,0,-1,2,1,3,6,1,1,9,2,0,0,0,2,0,2,1,84,61,100,94,2.35,1.41,3.76,0,0,0,0,0,0,1,1,0,0,0,1,0,0,1,24,14,1,14,13,1,5,12,46,68,24,67,1.11,1.42,1.14,1.38,1.14,1.38,54,33,1.74,1.44,3.18,38,True,False,False,False,False,False,False,2.79,1.73,1.23,2.20,2.07,1.74,1.66,2.71,1.46,1.35,3.18,4.75,4.10,1.70,1.71,2.17
South_Korea_K_League_1_2025,2025,38,Ulsan,Jeju United,2025-11-30 05:00:00,0,1,1,5,2,7,3,3,0,0,6,3,7,2,13,5,15,12,52,48,Ulsan Munsu Football Stadium,"3302-5 Kozukue, Kohoku-ku, Ulsan",3,3,1.75,3.5,3.81,1.19,1.62,2.9,1.69,2.22,1.49,2.12,2.38,1.86,1.37,2.74,2.99,1.45,1,0,0,0,1,1,0,3832,1,54,0,-1,2,1,0,2,5,0,2,5,2,2,1,1,4,2,1,81,61,115,120,1.83,0.98,2.81,0,0,0,0,0,0,1,1,0,0,0,0,0,0,1,41,18,1,12,15,1,2,7,42,73,20,63,1.16,1.03,1.19,0.97,1.19,0.97,58,27,1.76,1.52,3.28,38,True,False,False,False,False,False,False,2.88,1.78,1.25,2.39,1.94,1.88,1.55,2.70,1.46,1.36,3.13,4.15,3.57,1.92,1.65,2.29
South_Korea_K_League_1_2025,2025,38,Daegu,Anyang,2025-11-30 05:00:00,2,2,4,10,3,13,1,4,0,0,11,4,12,4,23,8,14,15,62,38,,,1,4,2.51,3.1,2.51,1.27,1.84,2.99,1.68,2.05,1.58,1.93,2.31,1.91,1.37,2.75,3.15,1.4,4,0,2,2,0,2,2,-1,1,65,0,-1,2,1,8,2,2,1,10,3,0,1,1,3,1,4,1,106,42,131,92,2.98,1.1,4.07,0,0,0,0,0,0,1,1,0,2,0,1,0,0,1,22,12,1,15,13,1,3,10,60,79,31,73,0.89,1.29,0.89,1.3,0.89,1.3,41,22,1.54,1.59,3.13,38,True,True,True,True,False,False,True,3.10,1.88,1.27,2.29,1.97,1.84,1.60,,,,,3.54,3.52,2.12,1.68,2.22
South_Korea_K_League_1_2025,2025,38,Gangwon,Pohang Steelers,2025-11-30 07:30:00,1,0,1,2,3,5,3,2,0,0,2,3,10,2,12,5,9,15,54,46,Chuncheon Songam Stadium,"157 Songam-dong, Chuncheon",3,2,2.21,3.05,2.95,1.4,2.15,3.75,1.85,1.88,1.82,2.32,1.89,1.6,1.47,3.15,2.5,1.31,1,0,0,1,0,1,0,3831,1,45,0,-1,2,1,1,2,1,1,3,2,1,1,2,1,2,3,1,82,68,150,131,1.5,1.04,2.54,0,0,0,0,0,0,1,1,0,0,0,0,0,0,1,29,28,1,14,9,1,7,10,41,61,26,64,1.37,1.47,1.32,1.51,1.32,1.51,59,39,1.33,1.52,2.85,38,True,False,False,False,False,False,False,4.38,2.35,1.44,1.83,2.53,1.50,1.99,3.37,1.32,1.49,2.61,4.35,3.64,1.86,2.11,1.75
South_Korea_K_League_1_2025,2025,38,Sangju Sangmu,Daejeon Citizen,2025-11-30 07:30:00,0,3,3,11,3,14,0,2,0,0,2,5,19,8,21,13,3,8,64,36,,,0,2,2.38,3.18,2.6,1.17,1.65,2.4,1.53,2.3,1.63,2.5,2.08,1.66,1.31,2.41,3.15,1.5,3,0,1,0,2,2,1,3845,1,58,0,-1,2,1,2,3,9,0,5,9,0,0,0,2,0,2,1,96,45,168,105,2.16,1.5,3.67,0,0,0,0,0,0,1,1,0,0,0,0,0,0,1,12,10,1,10,5,1,4,15,53,76,31,57,1.61,1.71,1.65,1.68,1.65,1.68,48,25,1.8,1.5,3.3,38,True,True,True,False,False,False,False,2.70,1.71,1.22,2.13,2.15,1.69,1.70,2.59,1.50,,,2.47,3.47,2.88,1.55,2.51
South_Korea_K_League_1_2025,2025,38,Jeonbuk Motors,FC Seoul,2025-11-30 07:30:00,2,1,3,4,6,10,2,1,0,0,4,11,8,18,12,29,9,11,51,49,Jeonju World Cup Stadium,"763-1 Banwol-dong, Deokjin-gu, Jeonju",2,1,2.26,3.23,2.71,1.25,1.76,2.8,1.64,2.31,1.68,2.49,2.06,1.59,1.36,2.59,2.94,1.44,3,0,0,2,1,3,0,3837,1,58,0,-1,2,1,3,1,0,4,4,4,1,0,1,1,1,2,1,72,85,95,93,1.56,3.19,4.75,1,0,1,0,0,0,1,1,0,0,1,0,0,0,1,12,23,1,13,9,1,13,3,49,72,33,65,2.08,1.29,2.05,1.32,2.05,1.32,51,28,1.56,1.84,3.4,38,True,True,True,False,False,False,True,3.24,1.96,1.29,2.00,2.27,1.61,1.81,2.90,1.41,1.39,2.98,2.38,3.42,3.06,1.72,2.16
