league,season,game_week,home_name,away_name,date,homeGoalCount,awayGoalCount,totalGoalCount,team_a_corners,team_b_corners,totalCornerCount,team_a_yellow_cards,team_b_yellow_cards,team_a_red_cards,team_b_red_cards,team_a_shotsOnTarget,team_b_shotsOnTarget,team_a_shotsOffTarget,team_b_shotsOffTarget,team_a_shots,team_b_shots,team_a_fouls,team_b_fouls,team_a_possession,team_b_possession,stadium_name,stadium_location,team_a_cards_num,team_b_cards_num,avg_odds_ft_1,avg_odds_ft_x,avg_odds_ft_2,avg_odds_ft_over15,avg_odds_ft_over25,avg_odds_ft_over35,avg_odds_btts_yes,avg_odds_btts_no,avg_odds_corners_over_85,avg_odds_corners_over_95,avg_odds_corners_under_85,avg_odds_corners_under_95,avg_odds_1st_half_over05,avg_odds_1st_half_over15,avg_odds_1st_half_under05,avg_odds_1st_half_under15,overallGoalCount,ht_goals_team_a,ht_goals_team_b,goals_2hg_team_a,goals_2hg_team_b,GoalCount_2hg,HTGoalCount,winningTeam,no_home_away,btts_potential,goalTimingDisabled,attendance,corner_timings_recorded,card_timings_recorded,team_a_fh_corners,team_b_fh_corners,team_a_2h_corners,team_b_2h_corners,corner_fh_count,corner_2h_count,team_a_fh_cards,team_b_fh_cards,team_a_2h_cards,team_b_2h_cards,total_fh_cards,total_2h_cards,attacks_recorded,team_a_dangerous_attacks,team_b_dangerous_attacks,team_a_attacks,team_b_attacks,team_a_xg,team_b_xg,total_xg,team_a_penalties_won,team_b_penalties_won,team_a_penalty_goals,team_b_penalty_goals,team_a_penalty_missed,team_b_penalty_missed,pens_recorded,goal_timings_recorded,team_a_0_10_min_goals,team_b_0_10_min_goals,team_a_corners_0_10_min,team_b_corners_0_10_min,team_a_cards_0_10_min,team_b_cards_0_10_min,throwins_recorded,team_a_throwins,team_b_throwins,freekicks_recorded,team_a_freekicks,team_b_freekicks,goalkicks_recorded,team_a_goalkicks,team_b_goalkicks,o25_potential,o15_potential,o15HT_potential,o05HT_potential,home_ppg,away_ppg,pre_match_home_ppg,pre_match_away_ppg,pre_match_teamA_overall_ppg,pre_match_teamB_overall_ppg,u25_potential,u15_potential,team_a_xg_prematch,team_b_xg_prematch,total_xg_prematch,matches_completed_minimum,over05,over15,over25,over35,over45,over55,btts,pinnacle_ft_2,pinnacle_ft_1,pinnacle_ft_x,pinnacle_ft_over35,pinnacle_ft_over15,pinnacle_ft_over25,pinnacle_1st_half_over15,pinnacle_1st_half_under15,pinnacle_btts_yes,pinnacle_btts_no,pinnacle_corners_over_95,pinnacle_corners_under_95,pinnacle_1st_half_under05,pinnacle_1st_half_over05,pinnacle_corners_over_85,pinnacle_corners_under_85
Sweden_Allsvenskan_2025,2025,1,Djurgården,Malmö FF,2025-03-29 14:00:00,0,1,1,7,3,10,2,6,0,0,1,2,16,7,17,9,11,18,55,45,Tele2 Arena,"Johanneshov, Stockholm",2,6,2.63,2.98,2.48,1.32,2.14,3.71,1.75,1.95,1.42,1.66,2.83,2.22,1.42,2.9,2.6,1.35,1,0,1,0,0,0,1,656,0,0,0,-1,2,1,0,1,7,2,1,9,2,4,0,2,6,2,1,77,34,107,86,1.7,0.96,2.66,0,0,0,0,0,0,1,1,0,0,0,0,0,0,1,28,13,1,18,11,1,4,12,0,0,0,0,1.67,1.6,0.0,0.0,0.0,0.0,0,0,0.0,0.0,0.0,30,True,False,False,False,False,False,False,2.69,2.80,3.29,3.80,1.34,2.15,3.18,1.38,1.83,2.03,,,2.87,1.44,,
Sweden_Allsvenskan_2025,2025,1,Häcken,Brommapojkarna,2025-03-29 16:30:00,2,0,2,7,5,12,3,1,0,0,6,6,8,7,14,13,13,12,67,33,Bravida Arena,"Inlandsgatan 48, Göteborg",3,1,1.61,4.0,5.07,1.17,1.57,2.5,1.6,2.2,1.19,1.46,3.78,2.74,1.25,2.54,3.2,1.55,2,0,0,2,0,2,0,664,0,0,0,-1,2,1,2,3,5,2,5,7,2,1,1,0,3,1,1,84,27,148,67,1.92,1.44,3.36,0,0,0,0,0,0,1,1,0,0,0,0,0,0,1,24,12,1,12,13,1,6,9,0,0,0,0,1.07,1.27,0.0,0.0,0.0,0.0,0,0,0.0,0.0,0.0,30,True,True,False,False,False,False,False,5.13,1.64,4.30,2.75,1.23,1.73,2.54,1.55,1.79,2.09,,,,,,
Sweden_Allsvenskan_2025,2025,1,Elfsborg,Mjällby,2025-03-30 12:00:00,2,2,4,7,5,12,2,0,0,0,4,4,14,7,18,11,12,9,46,54,Borås Arena,"Ălgårdsvägen 32, Borås",2,0,2.15,3.0,3.48,1.39,2.25,4.11,1.9,1.91,1.25,1.64,2.9,2.42,1.48,3.0,2.5,1.33,4,0,2,2,0,2,2,-1,0,0,0,-1,2,1,2,3,5,2,5,7,0,0,2,0,0,2,1,75,43,112,82,1.95,1.29,3.24,0,0,0,0,0,0,1,1,0,0,0,1,0,0,1,12,16,1,9,12,1,3,13,0,0,0,0,1.6,2.53,0.0,0.0,0.0,0.0,0,0,0.0,0.0,0.0,30,True,True,True,True,False,False,True,3.51,2.26,3.26,4.11,1.39,2.25,3.34,1.35,1.94,1.91,1.64,2.22,2.78,1.47,,
Sweden_Allsvenskan_2025,2025,1,Hammarby,IFK Göteborg,2025-03-30 12:00:00,4,0,4,8,3,11,1,3,0,0,10,1,11,4,21,5,11,15,56,44,Tele2 Arena,"Johanneshov, Stockholm",1,3,1.98,3.5,3.45,1.25,1.8,2.85,1.67,2.2,1.24,1.64,3.72,2.45,1.36,2.6,2.88,1.48,4,2,0,2,0,2,2,655,0,0,0,-1,2,1,4,0,4,3,4,7,0,2,1,1,2,2,1,58,34,109,85,2.44,0.64,3.08,0,0,0,0,0,0,1,1,0,0,2,0,0,0,1,23,18,1,14,11,1,4,7,0,0,0,0,2.47,1.93,0.0,0.0,0.0,0.0,0,0,0.0,0.0,0.0,30,True,True,True,True,False,False,False,4.20,1.94,3.55,3.07,1.26,1.83,2.82,1.46,1.71,2.20,,,3.20,1.37,,
Sweden_Allsvenskan_2025,2025,1,Norrköping,Öster,2025-03-30 14:30:00,4,3,7,8,10,18,3,3,1,0,8,5,8,4,16,9,15,16,52,48,,,4,3,1.93,3.65,3.4,1.22,1.81,2.78,1.55,2.2,1.25,1.54,3.99,2.8,1.3,2.65,3.0,1.44,7,2,1,2,2,4,3,125,0,0,0,-1,2,1,5,2,3,8,7,11,1,1,3,2,2,5,1,44,43,83,78,1.88,1.23,3.12,0,0,0,0,0,0,1,1,0,0,1,0,0,0,1,18,23,1,16,15,1,8,8,0,0,0,0,1.07,0.93,0.0,0.0,0.0,0.0,0,0,0.0,0.0,0.0,30,True,True,True,True,True,True,True,3.77,2.01,3.69,2.99,1.25,1.82,2.72,1.48,1.70,2.23,1.48,2.55,3.33,1.35,,
Sweden_Allsvenskan_2025,2025,1,Halmstad,Degerfors,2025-03-30 14:30:00,0,5,5,5,5,10,2,4,0,0,4,9,3,10,7,19,13,13,62,38,,,2,4,2.2,3.0,3.2,1.4,2.53,4.65,2.0,1.7,1.45,1.67,2.65,2.07,1.58,3.71,2.4,1.28,5,0,1,0,4,4,1,680,0,0,0,-1,2,1,2,4,3,1,6,4,0,2,2,2,2,4,1,29,35,85,54,0.94,2.07,3.01,0,2,0,2,0,0,1,1,0,0,0,2,0,0,1,13,20,1,13,11,1,8,3,0,0,0,0,1.2,1.47,0.0,0.0,0.0,0.0,0,0,0.0,0.0,0.0,30,True,True,True,True,True,False,False,3.54,2.33,3.11,4.66,1.50,2.51,3.41,1.34,2.12,1.76,,,2.54,1.55,,
Sweden_Allsvenskan_2025,2025,1,Värnamo,Sirius,2025-03-31 17:00:00,1,2,3,4,3,7,3,0,0,0,4,4,9,3,13,7,20,11,50,50,Finnvedsvallen,"Sandgatan, Värnamo",3,0,2.26,3.25,3.3,1.33,2.01,3.53,1.82,1.95,1.3,1.66,3.49,2.5,1.4,2.8,2.86,1.38,3,0,0,1,2,3,0,662,0,0,0,-1,2,1,1,2,3,1,3,4,0,0,3,0,0,3,1,40,40,87,106,1.39,1.03,2.42,0,0,0,0,0,0,1,1,0,0,0,0,0,0,1,33,19,1,11,20,1,8,6,0,0,0,0,0.73,1.07,0.0,0.0,0.0,0.0,0,0,0.0,0.0,0.0,30,True,True,True,False,False,False,True,3.30,2.27,3.45,3.53,1.33,2.05,3.04,1.40,1.82,2.05,1.53,2.42,3.00,1.41,,
Sweden_Allsvenskan_2025,2025,1,GAIS,AIK,2025-03-31 17:10:00,0,1,1,4,8,12,3,4,0,0,2,2,9,8,11,10,16,12,52,48,,,3,4,2.7,3.0,2.6,1.53,2.6,4.7,1.73,1.67,1.28,1.5,3.35,2.38,1.5,3.6,2.4,1.25,1,0,0,0,1,1,0,661,0,0,0,-1,2,1,1,4,3,4,5,7,1,0,2,4,1,6,1,70,27,126,71,1.35,0.97,2.32,0,0,0,0,0,0,1,1,0,0,0,0,0,0,1,28,17,1,12,16,1,5,10,0,0,0,0,1.87,1.4,0.0,0.0,0.0,0.0,0,0,0.0,0.0,0.0,30,True,False,False,False,False,False,False,2.99,2.79,2.93,5.30,1.57,2.76,3.40,1.34,2.18,1.72,1.69,2.14,2.40,1.61,,
Sweden_Allsvenskan_2025,2025,2,Sirius,Djurgården,2025-04-05 13:00:00,0,1,1,3,4,7,1,1,0,0,2,7,7,10,9,17,14,17,52,48,Studenternas IP,"Ulleråkersvägen 6, Uppsala",1,1,3.5,3.07,2.5,1.27,1.9,2.8,1.67,2.08,1.47,1.75,2.56,1.96,1.37,2.64,3.12,1.4,1,0,0,0,1,1,0,659,0,0,0,-1,2,1,1,2,2,2,3,4,1,0,0,1,1,1,1,43,60,105,101,1.03,1.99,3.02,0,0,0,0,0,0,1,1,0,0,0,0,0,0,1,2,0,1,17,14,1,9,10,0,0,0,0,1.53,1.6,0.0,0.0,3.0,0.0,0,0,0.0,0.0,0.0,30,True,False,False,False,False,False,False,2.26,3.31,3.46,3.16,1.27,1.90,2.91,1.43,1.69,2.23,1.80,2.01,3.09,1.40,1.47,2.56
Sweden_Allsvenskan_2025,2025,2,IFK Göteborg,Halmstad,2025-04-05 13:00:00,1,0,1,4,2,6,0,2,0,0,3,1,8,1,11,2,13,24,67,33,,,0,2,1.47,3.63,6.95,1.25,1.91,3.3,1.95,1.8,1.3,1.49,3.3,2.27,1.32,3.0,2.9,1.37,1,0,0,1,0,1,0,665,0,0,0,-1,2,1,2,1,2,1,3,3,0,0,0,2,0,2,1,52,28,124,73,1.29,0.41,1.71,0,0,0,0,0,0,1,1,0,0,0,0,0,0,1,1,0,1,24,13,1,4,13,0,0,0,0,1.47,1.13,0.0,0.0,0.0,0.0,0,0,0.0,0.0,0.0,30,True,False,False,False,False,False,False,7.29,1.48,4.41,3.39,1.31,1.98,3.00,1.41,2.12,1.76,1.60,2.27,3.03,1.41,,
Sweden_Allsvenskan_2025,2025,2,Öster,Häcken,2025-04-05 15:30:00,2,0,2,2,10,12,4,0,0,0,5,3,6,12,11,15,21,6,28,72,,,4,0,3.62,3.22,1.91,1.16,1.57,2.43,1.71,2.32,1.23,1.43,3.7,2.75,1.25,2.2,3.3,1.55,2,1,0,1,0,1,1,683,0,0,0,-1,2,1,2,3,0,7,5,7,2,0,2,0,2,2,1,33,77,71,132,1.28,1.72,3.0,0,0,0,0,0,0,1,1,0,0,0,0,0,0,1,15,26,1,6,21,1,9,7,0,0,0,0,0.8,1.27,0.0,0.0,0.0,3.0,0,0,0.0,0.0,0.0,30,True,True,False,False,False,False,False,2.03,3.69,3.70,3.05,1.25,1.84,2.75,1.48,1.71,2.20,1.48,2.53,3.27,1.36,,
Sweden_Allsvenskan_2025,2025,2,AIK,Norrköping,2025-04-06 12:00:00,4,3,7,4,2,6,1,2,0,0,5,4,10,7,15,11,14,13,50,50,Friends Arena,"Råsta Strandväg 1, Solna",1,2,1.65,3.5,5.0,1.3,2.0,3.9,2.02,1.72,1.4,1.64,2.7,1.83,1.4,3.13,2.7,1.34,7,0,1,4,2,6,1,661,0,0,0,-1,2,1,1,1,3,1,2,4,0,0,1,2,0,3,1,43,28,91,128,1.61,1.2,2.8,0,0,0,0,0,0,1,1,0,0,0,0,0,0,1,33,31,1,13,14,1,5,9,0,0,0,0,1.8,0.87,0.0,0.0,3.0,3.0,0,0,0.0,0.0,0.0,30,True,True,True,True,True,True,True,4.96,1.82,3.52,4.03,1.40,2.24,3.36,1.35,2.02,1.84,1.74,2.06,2.76,1.47,,
Sweden_Allsvenskan_2025,2025,2,Brommapojkarna,Hammarby,2025-04-06 12:00:00,0,2,2,5,6,11,4,2,0,0,4,7,8,12,12,19,23,15,39,61,Grimsta IP,"Gulddragargränd 100, Hässelby-Vällingby, Stockholm",4,2,3.58,3.57,1.95,1.29,2.0,3.5,1.6,2.05,1.28,1.46,3.3,2.48,1.4,3.04,3.3,1.4,2,0,0,0,2,2,0,655,0,0,0,-1,2,1,3,2,2,4,5,6,2,1,2,1,3,3,1,41,65,72,106,1.33,2.15,3.49,0,0,0,0,0,0,1,1,0,0,2,0,0,0,1,22,21,1,15,23,1,6,5,0,0,0,0,0.8,1.67,0.0,0.0,0.0,3.0,0,0,0.0,0.0,0.0,30,True,True,False,False,False,False,False,2.07,3.82,3.44,3.50,1.30,2.03,3.06,1.40,1.81,2.06,1.50,2.47,2.96,1.42,,
Sweden_Allsvenskan_2025,2025,2,Degerfors,Värnamo,2025-04-06 14:30:00,1,0,1,2,9,11,2,3,0,1,3,5,3,11,6,16,16,18,45,55,Stora Valla,"Stora Vallavägen 1, Degerfors",2,5,2.1,3.24,3.28,1.42,2.25,4.17,1.75,1.95,1.34,1.79,3.04,2.23,1.49,3.2,2.7,1.33,1,1,0,0,0,0,1,680,0,0,0,-1,2,1,2,2,0,7,4,7,2,3,0,1,5,1,1,40,49,76,105,0.88,1.72,2.6,0,0,0,0,0,0,1,1,1,0,1,0,0,0,1,24,22,1,18,16,1,13,4,0,0,0,0,0.53,0.33,0.0,0.0,3.0,0.0,0,0,0.0,0.0,0.0,30,True,False,False,False,False,False,False,3.52,2.27,3.24,4.17,1.41,2.30,3.43,1.33,1.98,1.88,1.58,2.30,2.71,1.49,,
Sweden_Allsvenskan_2025,2025,2,Mjällby,GAIS,2025-04-06 14:30:00,1,1,2,6,5,11,2,2,0,0,3,2,15,5,18,7,12,19,58,42,Strandvallen,"Campingvägen 44, Hällevik, Sölvesborg",2,2,1.9,3.3,4.12,1.4,2.21,4.0,1.91,1.8,1.26,1.53,3.3,2.35,1.48,3.22,2.72,1.35,2,0,0,1,1,2,0,-1,0,0,0,-1,2,1,4,4,2,1,8,3,1,1,1,1,2,2,1,55,41,106,102,1.74,0.89,2.63,0,0,0,0,0,0,1,1,0,0,0,0,0,0,1,26,24,1,19,12,1,6,13,0,0,0,0,2.47,1.6,0.0,0.0,1.0,0.0,0,0,0.0,0.0,0.0,30,True,True,False,False,False,False,True,4.14,2.03,3.33,3.96,1.38,2.22,3.29,1.36,1.95,1.90,1.59,2.26,2.81,1.46,,
Sweden_Allsvenskan_2025,2025,2,Malmö FF,Elfsborg,2025-04-07 17:10:00,2,1,3,5,3,8,3,2,0,0,7,2,15,6,22,8,15,17,63,37,,,3,2,1.77,3.4,4.0,1.22,1.85,3.27,1.72,2.05,1.16,1.46,4.0,2.56,1.36,2.67,2.9,1.42,3,0,0,2,1,3,0,656,0,0,0,-1,2,1,2,2,3,1,4,4,2,0,1,2,2,3,1,70,27,111,60,2.38,0.84,3.22,0,0,0,0,0,0,1,1,0,0,0,1,2,0,1,16,21,1,17,14,1,6,13,0,0,0,0,1.67,1.07,0.0,0.0,3.0,1.0,0,0,0.0,0.0,0.0,30,True,True,True,False,False,False,True,4.70,1.78,3.85,3.27,1.28,1.89,2.85,1.45,1.81,2.05,1.46,2.56,3.18,1.38,,
Sweden_Allsvenskan_2025,2025,3,Häcken,Mjällby,2025-04-12 13:00:00,0,3,3,4,5,9,1,2,0,0,2,5,5,6,7,11,10,12,58,42,Bravida Arena,"Inlandsgatan 48, Göteborg",1,2,2.35,3.4,2.9,1.22,1.7,2.83,1.62,2.25,1.23,1.59,3.38,2.55,1.36,2.5,3.17,1.48,3,0,1,0,2,2,1,671,0,50,0,-1,2,1,2,5,2,0,7,2,1,0,0,2,1,2,1,64,34,138,58,1.06,1.29,2.35,0,0,0,0,0,0,1,1,0,0,0,1,1,0,1,17,11,1,12,10,1,8,7,50,100,50,50,1.07,2.53,3.0,1.0,1.5,1.0,50,0,1.92,1.29,3.21,30,True,True,True,False,False,False,False,3.04,2.35,3.60,2.83,1.23,1.76,2.65,1.51,1.61,2.38,1.46,2.55,3.34,1.35,,
Sweden_Allsvenskan_2025,2025,3,Elfsborg,Norrköping,2025-04-12 15:30:00,2,0,2,6,4,10,2,0,0,0,6,2,6,8,12,10,15,4,35,65,Borås Arena,"Ălgårdsvägen 32, Borås",2,0,1.77,3.95,4.7,1.18,1.75,2.82,1.63,2.05,1.28,1.44,3.3,2.44,1.3,2.4,3.2,1.47,2,1,0,1,0,1,1,663,0,100,0,-1,2,1,3,3,3,1,6,4,1,0,1,0,1,1,1,35,57,52,104,1.42,1.19,2.61,0,0,0,0,0,0,1,1,0,0,0,0,1,0,1,20,17,1,4,15,1,9,4,100,100,50,100,1.6,0.87,1.0,0.0,0.5,1.5,0,0,1.95,1.2,3.15,30,True,True,False,False,False,False,False,5.02,1.68,4.14,2.88,1.24,1.77,2.63,1.52,1.77,2.12,1.50,2.46,3.39,1.34,,
Sweden_Allsvenskan_2025,2025,3,Hammarby,Djurgården,2025-04-13 12:00:00,2,0,2,5,4,9,2,4,0,0,5,3,9,2,14,5,17,21,65,35,Tele2 Arena,"Johanneshov, Stockholm",2,4,2.14,3.3,3.33,1.38,2.05,3.69,1.83,1.91,1.35,1.6,3.22,2.23,1.36,3.12,2.78,1.37,2,1,0,1,0,1,1,655,0,0,0,-1,2,1,4,4,1,0,8,1,0,1,2,3,1,5,1,65,32,134,76,1.71,0.77,2.48,0,0,0,0,0,0,1,1,0,0,2,1,0,0,1,24,21,1,21,17,1,6,4,50,50,50,50,2.47,1.6,3.0,3.0,3.0,1.5,50,50,2.44,1.99,4.43,30,True,True,False,False,False,False,False,3.33,2.33,3.30,3.69,1.33,2.10,3.11,1.39,1.81,2.07,1.78,2.01,2.88,1.44,1.45,2.62
Sweden_Allsvenskan_2025,2025,3,Värnamo,IFK Göteborg,2025-04-13 12:00:00,0,1,1,4,3,7,2,2,0,0,3,3,8,6,11,9,18,16,54,46,Finnvedsvallen,"Sandgatan, Värnamo",2,2,2.63,3.26,2.5,1.31,2.0,3.42,1.75,2.0,1.24,1.61,3.5,2.45,1.43,2.95,2.62,1.35,1,0,1,0,0,0,1,665,0,50,0,-1,2,1,1,2,3,1,3,4,1,1,1,1,2,2,1,51,32,102,81,1.28,1.02,2.3,0,0,0,0,0,0,1,1,0,0,0,0,0,0,1,39,32,1,16,18,1,11,7,100,100,50,50,0.73,1.93,0.0,0.0,0.0,1.5,0,0,1.39,0.64,2.03,30,True,False,False,False,False,False,False,2.62,2.76,3.45,3.75,1.35,2.11,,,1.85,2.01,1.59,2.28,,,,
Sweden_Allsvenskan_2025,2025,3,GAIS,Degerfors,2025-04-13 14:30:00,2,0,2,9,4,13,1,4,0,1,3,2,18,8,21,10,10,18,64,36,,,1,6,1.85,3.4,4.3,1.38,2.03,3.8,1.75,1.83,1.32,1.56,3.35,2.42,1.46,3.0,2.8,1.38,2,2,0,0,0,0,2,679,0,0,0,-1,2,1,4,0,5,4,4,9,0,1,1,4,1,5,1,47,31,138,55,1.88,0.99,2.88,0,0,0,0,0,0,1,1,0,0,0,0,0,0,1,18,18,1,18,10,1,3,14,50,50,0,50,1.87,1.47,0.0,3.0,0.5,3.0,50,50,1.35,2.07,3.42,30,True,True,False,False,False,False,False,4.66,1.83,3.62,3.70,1.35,2.09,3.13,1.39,1.93,1.92,1.65,2.19,2.92,1.43,,
Sweden_Allsvenskan_2025,2025,3,Sirius,Brommapojkarna,2025-04-13 14:30:00,0,3,3,6,8,14,0,2,0,0,3,6,13,12,16,18,10,12,61,39,Studenternas IP,"Ulleråkersvägen 6, Uppsala",0,2,2.24,3.25,3.0,1.22,1.83,2.9,1.67,2.1,1.23,1.46,3.42,2.51,1.33,2.6,3.12,1.47,3,0,0,0,3,3,0,672,0,0,0,-1,2,1,5,4,1,4,9,5,0,0,0,2,0,2,1,61,37,116,63,1.66,1.81,3.48,0,0,0,0,0,0,1,1,0,0,0,3,0,0,1,23,21,1,12,10,1,13,12,0,50,0,0,1.53,1.27,0.0,0.0,1.5,0.0,100,50,1.03,1.44,2.47,30,True,True,True,False,False,False,False,3.22,2.25,3.59,2.98,1.26,1.83,2.73,1.48,1.68,2.27,,,3.30,1.36,,
Sweden_Allsvenskan_2025,2025,3,Halmstad,Öster,2025-04-14 17:00:00,1,0,1,9,5,14,2,4,0,0,6,1,18,5,24,6,15,12,58,42,,,2,4,2.95,3.05,2.42,1.36,2.15,3.6,1.83,1.85,1.34,1.52,3.2,2.25,1.44,3.0,2.6,1.35,1,0,0,1,0,1,0,657,0,50,0,-1,2,1,4,3,5,2,7,7,1,1,1,3,2,4,1,47,32,120,76,2.27,0.69,2.96,0,0,0,0,0,0,1,1,0,0,1,1,1,0,1,17,18,1,12,15,1,8,15,100,100,50,100,1.2,0.93,0.0,0.0,0.0,1.5,0,0,0.94,1.23,2.17,30,True,False,False,False,False,False,False,2.49,3.09,3.24,3.87,1.37,2.19,3.24,1.36,1.87,1.99,1.62,2.22,2.83,1.45,,
Sweden_Allsvenskan_2025,2025,3,AIK,Malmö FF,2025-04-14 17:10:00,0,0,0,5,5,10,1,2,0,0,3,1,11,7,14,8,9,9,34,66,Friends Arena,"Råsta Strandväg 1, Solna",1,2,4.0,3.36,1.95,1.47,2.15,4.3,1.95,1.71,1.32,1.52,2.6,2.25,1.48,3.2,2.4,1.3,0,0,0,0,0,0,0,-1,0,50,0,-1,2,1,5,4,0,1,9,1,1,0,0,2,1,2,1,59,47,92,118,1.52,0.93,2.45,0,0,0,0,0,0,1,1,0,0,2,0,0,0,1,23,19,1,9,9,1,5,13,50,50,0,100,1.8,1.6,3.0,3.0,3.0,3.0,50,50,1.61,0.96,2.57,30,False,False,False,False,False,False,False,1.98,4.44,3.29,4.61,1.47,2.45,3.42,1.34,2.13,1.76,1.70,2.11,2.57,1.54,,
Sweden_Allsvenskan_2025,2025,4,Malmö FF,Sirius,2025-04-18 13:00:00,1,1,2,9,3,12,2,1,0,0,7,1,12,5,19,6,9,15,66,34,,,2,1,1.42,4.34,7.28,1.19,1.7,2.78,1.91,1.83,1.3,1.58,3.5,2.55,1.3,2.46,3.28,1.58,2,0,1,1,0,1,1,-1,0,100,0,-1,2,1,5,3,4,0,8,4,1,1,1,0,2,1,1,82,30,124,69,2.28,0.67,2.95,1,0,1,0,0,0,1,1,0,1,0,2,0,0,1,30,22,1,14,9,1,7,16,100,100,0,0,1.67,1.07,3.0,3.0,2.33,1.0,0,0,2.38,1.03,3.41,30,True,True,False,False,False,False,True,8.13,1.41,4.83,2.78,1.24,1.73,2.46,1.58,1.95,1.90,1.49,2.50,,,,
Sweden_Allsvenskan_2025,2025,4,Mjällby,Hammarby,2025-04-18 13:00:00,3,1,4,3,4,7,3,1,0,0,5,5,5,8,10,13,12,8,41,59,Strandvallen,"Campingvägen 44, Hällevik, Sölvesborg",3,1,2.8,3.3,2.75,1.32,2.09,3.6,1.75,2.0,1.31,1.69,3.05,2.27,1.39,3.2,2.67,1.36,4,3,1,0,0,0,4,671,0,50,0,-1,2,1,0,3,3,1,3,4,1,0,2,1,1,3,1,28,67,59,117,1.18,1.66,2.84,0,0,0,0,0,0,1,1,1,0,0,1,0,0,1,27,17,1,8,12,1,7,7,0,100,0,0,2.47,1.67,1.0,3.0,1.67,3.0,100,0,1.74,2.15,3.89,30,True,True,True,True,False,False,True,2.86,2.63,3.29,3.77,1.35,2.14,3.20,1.37,1.83,2.03,1.60,2.27,2.86,1.45,,
Sweden_Allsvenskan_2025,2025,4,Norrköping,Halmstad,2025-04-19 13:00:00,3,0,3,8,3,11,0,2,0,0,5,1,10,6,15,7,12,13,62,38,,,0,2,1.67,3.8,5.0,1.28,1.85,3.22,1.8,1.85,1.3,1.5,3.42,2.45,1.36,2.81,3.04,1.36,3,0,0,3,0,3,0,125,0,50,0,-1,2,1,4,1,4,2,5,6,0,1,0,1,1,1,1,44,44,90,99,1.62,0.84,2.46,0,0,0,0,0,0,1,1,0,0,0,1,0,0,1,18,26,1,13,12,1,11,6,50,50,50,50,1.07,1.13,3.0,0.0,1.0,1.0,50,50,1.88,0.41,2.29,30,True,True,True,False,False,False,False,5.43,1.67,3.94,3.22,1.29,1.91,,,1.88,1.96,1.48,2.51,,,,
Sweden_Allsvenskan_2025,2025,4,Degerfors,Elfsborg,2025-04-19 13:00:00,0,1,1,5,5,10,3,2,0,0,4,5,12,9,16,14,13,17,57,43,Stora Valla,"Stora Vallavägen 1, Degerfors",3,2,3.7,3.5,1.9,1.33,2.0,3.42,1.88,1.97,1.34,1.48,3.28,2.23,1.4,3.04,2.95,1.37,1,0,0,0,1,1,0,663,0,50,0,-1,2,1,2,1,3,4,3,7,2,1,1,1,3,2,1,51,37,121,67,1.67,1.5,3.16,0,1,0,1,0,0,1,1,0,0,1,0,0,0,1,18,20,1,16,12,1,6,10,50,50,0,50,0.53,1.07,3.0,0.0,2.0,1.33,50,50,0.88,0.84,1.72,30,True,False,False,False,False,False,False,2.02,3.94,3.50,3.60,1.34,2.08,3.09,1.39,1.88,1.98,1.52,2.40,2.95,1.42,,
Sweden_Allsvenskan_2025,2025,4,Brommapojkarna,Värnamo,2025-04-20 12:00:00,3,2,5,11,6,17,1,1,0,0,10,4,9,13,19,17,12,11,43,57,Grimsta IP,"Gulddragargränd 100, Hässelby-Vällingby, Stockholm",1,1,1.91,3.55,3.95,1.2,1.85,2.88,1.7,2.05,1.28,1.47,3.08,2.54,1.36,2.81,2.88,1.45,5,1,0,2,2,4,1,672,0,0,0,-1,2,1,8,0,3,6,8,9,0,0,1,1,0,2,1,40,63,77,98,2.18,1.8,3.99,0,0,0,0,0,0,1,1,0,0,4,0,0,0,1,11,22,1,11,12,1,10,10,0,50,0,50,0.8,0.33,0.0,0.0,1.0,0.0,100,50,1.33,1.72,3.05,30,True,True,True,True,True,False,True,4.12,1.92,3.68,3.07,1.26,1.85,,,1.72,2.19,1.53,2.41,,,,
Sweden_Allsvenskan_2025,2025,4,Öster,AIK,2025-04-20 12:00:00,0,1,1,10,5,15,5,4,0,0,3,2,5,9,8,11,16,16,53,47,,,5,4,3.5,3.25,2.09,1.38,2.1,3.7,1.93,1.75,1.3,1.87,3.15,2.16,1.46,3.32,2.66,1.32,1,0,0,0,1,1,0,661,0,0,0,-1,2,1,6,1,4,4,7,8,3,1,2,3,4,5,1,44,48,82,79,1.04,1.18,2.22,0,0,0,0,0,0,1,1,0,0,0,0,0,0,1,17,27,1,16,16,1,7,4,0,50,0,50,0.8,1.4,3.0,3.0,1.0,2.33,100,50,1.28,0.97,2.25,30,True,False,False,False,False,False,False,2.05,3.89,3.45,4.21,1.42,2.29,3.40,1.34,2.00,1.85,1.67,2.16,2.73,1.48,,
Sweden_Allsvenskan_2025,2025,4,IFK Göteborg,Häcken,2025-04-20 14:30:00,2,3,5,11,5,16,3,2,0,0,7,4,8,4,15,8,15,14,53,47,,,3,2,2.15,3.56,3.0,1.25,1.83,3.12,1.67,2.2,1.28,1.66,3.49,2.5,1.33,2.5,3.0,1.43,5,2,2,0,1,1,4,664,0,0,0,-1,2,1,3,2,8,3,5,11,1,1,2,1,2,3,1,61,28,113,80,1.88,1.0,2.88,1,0,1,0,0,0,1,1,0,0,1,1,0,0,1,21,20,1,13,15,1,9,10,0,50,0,50,1.47,1.27,3.0,0.0,2.0,1.0,100,50,1.29,1.72,3.01,30,True,True,True,True,True,False,True,3.34,2.26,3.43,3.07,1.26,1.88,2.85,1.45,1.67,2.27,1.58,2.27,3.16,1.38,,
Sweden_Allsvenskan_2025,2025,4,Djurgården,GAIS,2025-04-21 12:00:00,0,0,0,5,3,8,2,3,0,0,2,1,7,5,9,6,12,17,55,45,Tele2 Arena,"Johanneshov, Stockholm",2,3,2.05,3.1,3.45,1.34,2.0,3.6,1.86,1.95,1.27,1.63,3.53,2.37,1.4,3.0,2.8,1.38,0,0,0,0,0,0,0,-1,0,50,0,-1,2,1,3,1,2,2,4,4,1,2,1,1,3,2,1,62,53,140,108,1.17,0.85,2.02,0,0,0,0,0,0,1,1,0,0,0,0,0,0,1,22,13,1,17,12,1,6,14,0,50,0,50,1.67,1.6,0.0,1.0,1.0,1.33,100,50,1.7,0.89,2.59,30,False,False,False,False,False,False,False,3.62,2.20,3.30,3.66,1.34,2.10,3.13,1.39,1.86,2.00,1.57,2.33,2.91,1.43,,
Sweden_Allsvenskan_2025,2025,5,Halmstad,Mjällby,2025-04-23 17:00:00,1,3,4,1,5,6,2,1,0,0,2,5,4,5,6,10,10,14,40,60,,,2,1,4.6,3.55,1.73,1.32,2.15,4.17,1.93,1.65,1.3,1.72,3.1,2.25,1.44,3.3,2.5,1.36,4,1,1,0,2,2,2,671,0,25,0,-1,2,1,0,5,1,0,5,1,1,0,1,1,1,2,1,27,55,87,121,0.73,1.39,2.12,0,0,0,0,0,0,1,1,0,0,0,0,1,0,1,17,23,1,13,17,1,4,3,75,75,25,75,1.2,2.53,1.5,2.0,0.75,2.0,25,25,1.61,1.29,2.9,30,True,True,True,True,False,False,True,1.73,5.27,3.71,4.17,1.41,2.26,3.30,1.36,2.17,1.73,1.85,1.96,2.75,1.48,1.47,2.56
Sweden_Allsvenskan_2025,2025,5,Elfsborg,Sirius,2025-04-23 17:00:00,4,3,7,7,3,10,1,3,0,0,5,8,11,7,16,15,12,11,50,50,Borås Arena,"Ălgårdsvägen 32, Borås",1,3,1.67,3.6,4.42,1.23,1.67,2.82,1.67,2.15,1.2,1.55,3.49,2.57,1.3,2.4,3.4,1.5,7,2,1,2,2,4,3,663,0,75,0,-1,2,1,0,3,7,0,3,7,1,2,0,1,3,1,1,46,49,62,79,1.68,1.86,3.54,0,1,0,1,0,0,1,1,0,0,0,1,0,0,1,14,14,1,12,13,1,7,5,50,100,25,75,1.6,1.07,2.0,2.0,1.75,1.0,50,0,1.69,0.85,2.54,30,True,True,True,True,True,True,True,4.86,1.71,4.04,2.81,1.23,1.74,,,1.71,2.19,1.47,2.57,,,,
Sweden_Allsvenskan_2025,2025,5,Hammarby,Malmö FF,2025-04-23 17:00:00,2,0,2,4,3,7,2,2,0,0,4,3,9,4,13,7,11,4,52,48,Tele2 Arena,"Johanneshov, Stockholm",2,2,2.2,3.3,2.9,1.3,1.85,3.13,1.7,2.05,1.28,1.68,3.3,2.27,1.41,2.88,2.8,1.43,2,0,0,2,0,2,0,655,0,0,0,-1,2,1,2,0,2,3,2,5,1,1,1,1,2,2,1,51,52,97,79,1.47,1.03,2.5,0,0,0,0,0,0,1,1,0,0,0,0,0,1,1,17,17,1,12,19,1,3,7,25,50,25,75,2.47,1.6,3.0,2.0,2.25,2.0,75,50,2.08,0.95,3.03,30,True,True,False,False,False,False,False,3.29,2.31,3.38,3.26,1.29,1.95,2.90,1.44,1.71,2.19,1.60,2.27,3.12,1.39,,
Sweden_Allsvenskan_2025,2025,5,Häcken,Degerfors,2025-04-23 17:00:00,3,4,7,7,3,10,2,0,0,0,8,5,11,5,19,10,5,5,68,32,Bravida Arena,"Inlandsgatan 48, Göteborg",2,0,1.73,3.5,4.3,1.28,1.9,3.25,1.8,2.05,1.22,1.56,3.5,2.5,1.39,2.6,3.04,1.42,7,0,1,3,3,6,1,680,0,0,0,-1,2,1,2,3,5,0,5,5,0,0,2,0,0,2,1,87,17,165,71,2.4,1.11,3.51,1,0,1,0,0,0,1,1,0,0,1,0,0,0,1,16,13,1,11,13,1,3,10,50,100,25,75,1.07,1.47,1.5,1.5,1.5,1.5,50,0,1.49,1.53,3.02,30,True,True,True,True,True,True,True,4.57,1.81,3.81,3.30,1.31,1.98,2.94,1.43,1.92,1.93,1.48,2.50,3.09,1.40,,
Sweden_Allsvenskan_2025,2025,5,Norrköping,IFK Göteborg,2025-04-24 17:00:00,2,3,5,5,11,16,7,4,0,0,5,5,7,11,12,16,16,12,43,57,,,7,4,2.3,3.4,2.85,1.25,1.75,2.8,1.62,2.2,1.21,1.57,3.58,2.62,1.31,2.62,3.0,1.44,5,2,0,0,3,3,2,665,0,25,0,-1,2,1,4,6,1,5,10,6,3,1,4,3,4,7,1,37,56,89,93,1.38,1.76,3.14,0,1,0,1,0,0,1,1,0,0,1,4,0,0,1,15,28,1,12,15,1,14,8,75,75,50,75,1.07,1.93,3.0,1.5,1.5,1.5,25,25,1.75,0.83,2.58,30,True,True,True,True,True,False,True,2.94,2.49,3.43,2.99,1.25,1.85,2.78,1.46,1.66,2.29,1.48,2.54,3.22,1.37,,
Sweden_Allsvenskan_2025,2025,5,Värnamo,AIK,2025-04-24 17:00:00,1,2,3,7,7,14,0,1,0,0,2,3,10,6,12,9,8,9,57,43,Finnvedsvallen,"Sandgatan, Värnamo",0,1,2.75,3.04,2.31,1.5,2.5,5.0,1.93,1.75,1.43,1.7,2.55,2.05,1.5,3.55,2.45,1.25,3,0,1,1,1,2,1,661,0,25,0,-1,2,1,5,4,2,3,9,5,0,1,0,0,1,0,1,61,24,124,78,1.35,0.96,2.31,0,0,0,0,0,0,1,1,0,0,1,0,0,0,1,33,30,1,9,8,1,9,10,25,25,0,25,0.73,1.4,0.0,3.0,0.0,2.5,75,75,1.34,1.08,2.42,30,True,True,True,False,False,False,True,2.79,2.88,3.05,5.16,1.50,2.61,,,2.10,1.78,1.76,2.02,2.48,1.56,,
Sweden_Allsvenskan_2025,2025,5,GAIS,Brommapojkarna,2025-04-24 17:00:00,1,1,2,12,4,16,2,0,1,0,2,6,18,5,20,11,16,11,58,42,,,4,0,2.11,3.5,3.2,1.2,1.7,2.9,1.55,2.15,1.22,1.4,3.65,2.7,1.3,2.65,2.95,1.44,2,0,1,1,0,1,1,-1,0,0,0,-1,2,1,6,3,6,1,9,7,0,0,3,0,0,3,1,64,31,114,88,1.86,1.35,3.21,0,0,0,0,0,0,1,1,0,0,1,0,0,0,1,33,11,1,11,16,1,7,12,25,75,25,25,1.87,1.27,1.5,1.5,1.25,1.5,75,25,1.62,1.62,3.24,30,True,True,False,False,False,False,True,3.57,2.10,3.61,2.90,1.24,1.77,2.68,1.49,1.65,2.31,1.46,2.55,3.34,1.34,,
Sweden_Allsvenskan_2025,2025,5,Djurgården,Öster,2025-04-24 17:00:00,1,0,1,15,3,18,0,1,0,0,7,0,19,6,26,6,7,12,55,45,Tele2 Arena,"Johanneshov, Stockholm",0,1,1.36,4.4,7.0,1.22,1.65,2.6,1.93,1.83,1.22,1.46,3.7,2.57,1.29,2.4,3.0,1.54,1,0,0,1,0,1,0,659,0,25,0,-1,2,1,9,0,6,3,9,9,0,1,0,0,1,0,1,73,45,108,72,2.65,0.71,3.35,0,0,0,0,0,0,1,1,0,0,3,0,0,0,1,24,18,1,12,7,1,3,13,25,25,25,50,1.67,0.93,0.5,0.0,1.0,0.75,75,75,1.43,0.96,2.39,30,True,False,False,False,False,False,False,7.85,1.41,5.00,2.72,1.22,1.70,2.60,1.52,1.93,1.92,1.46,2.57,3.35,1.34,,
Sweden_Allsvenskan_2025,2025,6,Häcken,Hammarby,2025-04-27 12:00:00,1,1,2,6,9,15,2,1,0,0,7,1,7,16,14,17,10,15,45,55,Bravida Arena,"Inlandsgatan 48, Göteborg",2,1,2.7,3.6,2.42,1.25,1.76,2.7,1.62,2.2,1.19,1.4,4.0,2.75,1.3,2.58,3.2,1.53,2,0,0,1,1,2,0,-1,0,42,0,-1,2,1,4,6,2,3,10,5,0,1,2,0,1,2,1,37,70,59,128,1.63,1.65,3.29,0,0,0,0,0,0,1,1,0,0,0,0,0,0,1,16,24,1,15,10,1,7,6,59,100,25,59,1.07,1.67,1.0,1.5,1.2,2.4,42,0,1.79,1.91,3.7,30,True,True,False,False,False,False,True,2.41,2.94,3.60,2.88,1.24,1.78,2.64,1.50,1.63,2.35,1.47,2.54,,,,
Sweden_Allsvenskan_2025,2025,6,Mjällby,Degerfors,2025-04-27 12:00:00,4,1,5,1,1,2,3,2,0,0,5,3,2,7,7,10,10,13,58,42,Strandvallen,"Campingvägen 44, Hällevik, Sölvesborg",3,2,1.63,3.75,6.0,1.26,1.75,3.1,1.87,1.82,1.32,1.71,3.3,2.34,1.37,2.5,2.85,1.48,5,3,0,1,1,2,3,671,0,67,0,-1,2,1,1,0,0,1,1,1,1,0,2,2,1,4,1,37,52,98,96,1.07,1.22,2.3,0,0,0,0,0,0,1,1,1,0,1,0,0,0,1,26,25,1,13,10,1,7,8,59,100,42,75,2.47,1.47,2.0,2.0,2.2,1.8,42,0,1.46,1.39,2.85,30,True,True,True,True,True,False,True,5.88,1.61,4.08,3.66,1.34,2.08,3.13,1.38,2.09,1.78,1.56,2.34,2.91,1.43,,
Sweden_Allsvenskan_2025,2025,6,AIK,Elfsborg,2025-04-27 14:00:00,2,0,2,2,4,6,2,0,0,0,4,3,11,9,15,12,18,11,40,60,Friends Arena,"Råsta Strandväg 1, Solna",2,0,2.09,3.39,3.82,1.44,2.3,4.6,1.95,1.8,1.35,1.57,3.22,2.25,1.55,3.5,2.53,1.3,2,2,0,0,0,0,2,661,0,50,0,-1,2,1,1,0,1,4,1,5,0,0,2,0,0,2,1,40,54,104,105,1.52,1.36,2.88,0,0,0,0,0,0,1,1,1,0,0,0,0,0,1,17,32,1,11,18,1,5,4,50,50,0,25,1.8,1.07,2.0,1.5,2.6,2.0,50,50,1.56,1.17,2.73,30,True,True,False,False,False,False,False,3.83,2.15,3.25,4.55,1.46,2.42,3.40,1.34,2.09,1.78,1.74,2.07,2.64,1.52,,
Sweden_Allsvenskan_2025,2025,6,Värnamo,Norrköping,2025-04-27 14:30:00,1,3,4,13,3,16,3,3,0,0,5,5,9,5,14,10,15,13,55,45,Finnvedsvallen,"Sandgatan, Värnamo",3,3,2.25,3.2,3.0,1.25,1.83,3.1,1.62,2.2,1.26,1.5,3.22,2.42,1.33,2.6,3.0,1.42,4,0,2,1,1,2,2,125,0,59,0,-1,2,1,4,1,8,2,5,10,2,1,1,2,3,3,1,77,38,82,61,1.78,1.25,3.04,0,0,0,0,0,0,1,1,0,0,3,0,0,0,1,24,32,1,13,15,1,8,11,59,84,0,84,0.73,0.87,0.0,0.0,0.0,1.2,42,17,1.34,1.19,2.53,30,True,True,True,True,False,False,True,3.07,2.38,3.47,3.15,1.27,1.90,2.85,1.45,1.71,2.21,1.56,2.36,3.16,1.38,,
Sweden_Allsvenskan_2025,2025,6,Sirius,Halmstad,2025-04-27 14:30:00,1,1,2,8,4,12,2,2,0,0,3,6,5,4,8,10,11,12,61,39,Studenternas IP,"Ulleråkersvägen 6, Uppsala",2,2,1.57,3.9,5.1,1.22,1.9,2.8,1.85,1.93,1.3,1.74,3.05,2.34,1.38,2.78,3.08,1.46,2,1,1,0,0,0,2,-1,0,0,0,-1,2,1,5,1,3,3,6,6,0,0,2,2,0,4,1,55,29,80,80,1.12,1.27,2.38,0,0,0,0,0,0,1,1,0,0,2,0,0,0,1,29,21,1,12,11,1,3,5,50,50,0,0,1.53,1.13,0.0,0.0,0.8,0.6,50,50,1.35,0.63,1.98,30,True,True,False,False,False,False,True,5.48,1.63,4.15,3.23,1.28,1.91,,,1.90,1.95,1.57,2.32,,,,
Sweden_Allsvenskan_2025,2025,6,IFK Göteborg,GAIS,2025-04-28 17:10:00,1,1,2,4,9,13,1,4,0,0,4,6,8,9,12,15,13,15,64,36,,,1,4,2.57,3.2,2.77,1.33,2.14,4.0,1.85,1.85,1.24,1.46,3.34,2.45,1.48,3.0,2.81,1.36,2,0,1,1,0,1,1,-1,0,50,0,-1,2,1,2,6,2,3,8,5,0,2,1,2,2,3,1,54,54,108,110,1.43,1.76,3.2,0,0,0,0,0,0,1,1,0,0,0,1,0,0,1,23,19,1,15,13,1,8,13,25,50,25,25,1.47,1.6,1.5,1.0,1.8,1.2,75,50,1.59,0.87,2.46,30,True,True,False,False,False,False,True,2.90,2.58,3.33,4.03,1.38,2.21,3.27,1.36,1.91,1.94,1.53,2.42,2.81,1.46,,
Sweden_Allsvenskan_2025,2025,6,Malmö FF,Öster,2025-04-29 17:00:00,2,0,2,7,1,8,3,4,0,0,4,1,14,5,18,6,12,10,52,48,,,3,4,1.23,0.0,0.0,1.13,1.57,2.4,2.05,1.68,1.26,1.49,3.4,2.55,1.25,2.38,3.75,1.58,2,1,0,1,0,1,1,656,0,67,0,-1,2,1,3,1,4,0,4,4,1,0,2,4,1,6,1,55,37,112,73,1.81,0.72,2.54,0,0,0,0,0,0,1,1,0,0,2,1,0,0,1,22,27,1,10,12,1,3,11,42,67,17,42,1.67,0.93,2.0,0.0,1.6,0.6,59,34,2.33,0.88,3.21,30,True,True,False,False,False,False,False,13.65,1.23,6.33,2.46,1.19,1.60,2.34,1.61,2.24,1.68,,,,,,
Sweden_Allsvenskan_2025,2025,7,Degerfors,Sirius,2025-05-03 13:00:00,1,1,2,5,9,14,1,3,0,0,3,2,16,12,19,14,13,10,51,49,Stora Valla,"Stora Vallavägen 1, Degerfors",1,3,2.36,3.4,2.73,1.3,1.89,3.25,1.75,1.93,1.34,1.66,3.49,2.4,1.39,2.75,3.0,1.44,2,1,1,0,0,0,2,-1,0,50,0,-1,2,1,0,7,5,2,7,7,0,2,1,1,2,2,1,59,44,112,118,1.83,1.35,3.19,0,0,0,0,0,0,1,1,0,0,0,2,0,0,1,20,25,1,10,13,1,8,13,34,50,17,59,0.53,1.07,1.5,1.33,1.5,0.83,67,50,1.28,1.19,2.47,30,True,True,False,False,False,False,True,2.90,2.51,3.45,3.22,1.28,1.92,2.91,1.43,1.69,2.23,1.52,2.43,3.10,1.39,,
Sweden_Allsvenskan_2025,2025,7,Halmstad,Värnamo,2025-05-03 15:30:00,4,2,6,2,10,12,1,2,1,0,5,7,4,7,9,14,8,12,32,68,,,3,2,3.1,3.2,2.23,1.45,2.41,4.5,1.9,1.8,1.27,1.52,3.0,2.28,1.47,3.28,2.62,1.3,6,2,0,2,2,4,2,657,0,42,0,-1,2,1,1,5,1,5,6,6,2,2,0,0,4,0,1,32,87,68,142,1.15,2.01,3.16,0,0,0,0,0,0,1,1,0,0,0,0,0,0,1,25,28,1,12,8,1,7,4,59,59,17,84,1.2,0.33,1.0,0.0,0.67,0.0,42,42,1.31,1.76,3.07,30,True,True,True,True,True,True,True,2.31,3.42,3.25,4.52,1.44,2.41,3.45,1.33,2.04,1.83,1.70,2.11,2.65,1.51,,
Sweden_Allsvenskan_2025,2025,7,Djurgården,AIK,2025-05-04 12:00:00,1,1,2,4,7,11,3,3,1,0,2,2,5,16,7,18,12,17,49,51,Tele2 Arena,"Johanneshov, Stockholm",4,3,2.5,2.8,2.75,1.6,2.71,5.62,2.2,1.62,1.38,1.66,3.22,2.12,1.55,3.75,2.25,1.25,2,1,0,0,1,1,1,-1,0,17,0,-1,2,1,2,2,2,5,4,7,1,2,3,1,3,4,1,34,56,80,114,0.84,1.68,2.52,1,0,1,0,0,0,1,1,0,0,0,0,0,0,1,17,34,1,16,12,1,12,4,17,17,0,33,1.67,1.4,1.33,3.0,1.4,2.67,84,84,1.84,1.04,2.88,30,True,True,False,False,False,False,True,3.06,2.73,2.95,5.62,1.60,2.82,,,2.27,1.67,1.81,2.01,2.34,1.62,1.44,2.65
Sweden_Allsvenskan_2025,2025,7,Norrköping,Häcken,2025-05-04 12:00:00,0,2,2,11,2,13,0,5,0,0,3,5,9,9,12,14,10,13,47,53,,,0,5,2.4,3.5,2.37,1.11,1.45,2.05,1.44,2.62,1.15,1.47,4.82,2.65,1.25,2.15,3.75,1.62,2,0,1,0,1,1,1,664,0,59,0,-1,2,1,6,0,5,2,6,7,0,3,0,2,3,2,1,59,67,91,102,1.39,1.72,3.11,0,0,0,0,0,0,1,1,0,0,2,0,0,0,1,25,13,1,13,10,1,8,8,75,100,59,84,1.07,1.27,2.0,1.5,1.5,1.17,25,0,1.63,1.36,2.99,30,True,True,False,False,False,False,False,2.50,2.63,3.94,2.27,1.15,1.50,2.17,1.71,1.45,2.87,,,,,,
Sweden_Allsvenskan_2025,2025,7,Öster,Hammarby,2025-05-04 14:30:00,0,3,3,3,8,11,2,0,0,0,1,9,8,9,9,18,10,11,34,66,,,2,0,5.5,4.4,1.53,1.19,1.62,2.56,1.75,1.94,1.25,1.64,3.4,2.5,1.35,2.4,3.11,1.56,3,0,3,0,0,0,3,655,0,34,0,-1,2,1,2,6,1,2,8,3,0,0,2,0,0,2,1,28,66,70,134,0.85,2.25,3.09,0,0,0,0,0,0,1,1,0,0,0,1,0,0,1,17,15,1,11,10,1,6,4,17,75,17,42,0.8,1.67,1.5,1.33,0.5,2.17,84,25,1.16,1.82,2.98,30,True,True,True,False,False,False,False,1.51,6.53,4.46,2.72,1.22,1.70,2.55,1.55,1.81,2.06,1.51,2.45,3.11,1.35,,
Sweden_Allsvenskan_2025,2025,7,Mjällby,IFK Göteborg,2025-05-04 14:30:00,1,0,1,1,8,9,0,1,0,0,4,2,10,7,14,9,14,13,53,47,Strandvallen,"Campingvägen 44, Hällevik, Sölvesborg",0,1,1.85,3.6,4.0,1.26,1.95,3.33,1.75,1.95,1.25,1.64,3.5,2.5,1.37,2.93,2.8,1.4,1,1,0,0,0,0,1,671,0,67,0,-1,2,1,1,0,0,8,1,8,0,0,0,1,0,1,1,58,49,95,84,1.58,1.07,2.65,0,0,0,0,0,0,1,1,0,0,0,0,0,0,1,28,27,1,13,14,1,6,9,67,84,67,84,2.47,1.93,2.33,2.0,2.33,1.67,33,17,1.33,1.14,2.47,30,True,False,False,False,False,False,False,4.24,1.90,3.66,3.43,1.31,1.99,2.93,1.43,1.83,2.03,1.64,2.20,3.08,1.40,,
Sweden_Allsvenskan_2025,2025,7,Malmö FF,Brommapojkarna,2025-05-05 17:00:00,1,2,3,7,3,10,3,3,0,0,6,7,21,7,27,14,12,10,66,34,,,3,3,1.35,4.5,6.4,1.17,1.57,2.25,1.82,1.88,1.16,1.45,3.65,2.8,1.28,2.25,3.4,1.57,3,0,0,1,2,3,0,672,0,50,0,-1,2,1,3,0,4,3,3,7,2,0,1,3,2,4,1,115,35,157,41,2.95,1.62,4.56,0,0,0,0,0,0,1,1,0,0,1,0,1,0,1,22,17,1,10,12,1,5,15,33,100,0,50,1.67,1.27,2.33,1.33,1.83,1.4,67,0,2.16,1.53,3.69,30,True,True,True,False,False,False,True,8.15,1.39,5.15,2.57,1.20,1.62,2.43,1.58,1.87,1.99,1.45,2.58,,,,
Sweden_Allsvenskan_2025,2025,7,Elfsborg,GAIS,2025-05-05 17:10:00,2,0,2,6,10,16,4,2,0,0,2,1,9,17,11,18,10,10,37,63,Borås Arena,"Ălgårdsvägen 32, Borås",4,2,2.15,3.25,2.8,1.28,1.97,3.2,1.62,2.02,1.3,1.66,3.49,2.5,1.37,2.7,2.8,1.4,2,1,0,1,0,1,1,663,0,67,0,-1,2,1,4,3,2,7,7,9,2,2,2,0,4,2,1,39,85,61,130,1.11,1.82,2.93,0,0,0,0,0,0,1,1,0,0,3,0,1,0,1,17,16,1,10,10,1,15,10,34,84,34,67,1.6,1.6,2.33,1.0,1.67,1.17,67,17,1.69,1.17,2.86,30,True,True,False,False,False,False,False,2.99,2.40,3.53,3.37,1.30,1.97,2.84,1.45,1.72,2.18,1.50,2.48,3.13,1.38,,
Sweden_Allsvenskan_2025,2025,8,Brommapojkarna,Halmstad,2025-05-10 13:00:00,0,1,1,8,4,12,1,1,0,0,2,3,10,3,12,6,6,10,75,25,Grimsta IP,"Gulddragargränd 100, Hässelby-Vällingby, Stockholm",1,1,1.62,4.0,5.97,1.22,1.75,2.63,1.78,2.05,1.36,1.52,3.5,2.54,1.33,2.5,3.0,1.56,1,0,0,0,1,1,0,657,0,42,0,-1,2,1,4,3,4,1,7,5,1,0,0,1,1,1,-1,0,0,0,0,0.0,0.0,0.0,0,0,0,0,0,0,1,1,0,0,0,1,0,0,1,27,22,1,10,6,1,7,11,42,84,17,42,0.8,1.13,1.5,0.33,1.67,1.0,59,17,1.76,0.84,2.6,30,True,False,False,False,False,False,False,6.00,1.55,4.45,2.72,1.22,1.69,2.53,1.54,1.78,2.10,1.49,2.51,3.38,1.34,,
Sweden_Allsvenskan_2025,2025,8,Sirius,Häcken,2025-05-10 15:30:00,2,0,2,5,4,9,2,3,0,0,6,8,5,9,11,17,10,10,36,64,Studenternas IP,"Ulleråkersvägen 6, Uppsala",2,3,2.6,3.7,2.56,1.2,1.48,2.31,1.45,2.55,1.16,1.33,4.1,2.54,1.25,2.25,3.75,1.57,2,1,0,1,0,1,1,662,0,33,0,-1,2,1,1,1,4,3,2,7,1,2,1,1,3,2,1,45,57,74,128,1.44,2.05,3.49,0,0,0,0,0,0,1,1,0,0,1,0,0,1,1,19,18,1,10,10,1,11,7,33,84,33,67,1.53,1.27,0.33,2.0,0.86,1.43,67,17,1.27,1.48,2.75,30,True,True,False,False,False,False,False,2.60,2.64,3.71,2.36,1.16,1.56,2.34,1.63,1.46,2.81,,,,,,
Sweden_Allsvenskan_2025,2025,8,GAIS,Värnamo,2025-05-10 15:30:00,1,1,2,6,2,8,3,2,0,0,5,3,16,10,21,13,11,14,61,39,,,3,2,1.83,3.57,4.32,1.33,2.1,4.0,1.91,1.94,1.18,1.59,3.8,2.58,1.4,3.08,2.65,1.38,2,1,0,0,1,1,1,-1,0,50,0,-1,2,1,3,1,3,1,4,4,2,1,1,1,3,2,1,68,34,133,96,2.17,1.28,3.45,0,0,0,0,0,0,1,1,1,0,0,0,0,0,1,28,16,1,14,11,1,6,17,34,67,33,84,1.87,0.33,1.33,0.0,1.0,0.0,67,33,1.7,1.84,3.54,30,True,True,False,False,False,False,True,4.34,1.90,3.57,3.87,1.35,2.13,3.17,1.38,1.91,1.94,1.46,2.58,2.89,1.44,,
Sweden_Allsvenskan_2025,2025,8,AIK,Mjällby,2025-05-11 12:00:00,2,1,3,7,6,13,2,2,0,0,6,4,6,10,12,14,11,8,39,61,Friends Arena,"Råsta Strandväg 1, Solna",2,2,2.35,2.96,3.0,1.53,2.7,5.5,2.1,1.64,1.52,1.84,2.3,1.83,1.64,3.6,2.37,1.25,3,1,1,1,0,1,2,661,0,50,0,-1,2,1,2,3,5,3,5,8,1,1,1,1,2,2,1,47,37,93,98,1.52,1.44,2.96,0,0,0,0,0,0,1,1,0,1,0,0,0,0,1,30,19,1,7,11,1,13,3,67,84,50,84,1.8,2.53,2.33,2.33,2.43,2.43,34,17,1.55,1.32,2.87,30,True,True,True,False,False,False,True,3.41,2.47,2.99,5.72,1.57,2.82,,,2.23,1.69,1.97,1.84,2.37,1.61,1.56,2.34
Sweden_Allsvenskan_2025,2025,8,Hammarby,Norrköping,2025-05-11 12:00:00,1,1,2,7,2,9,4,2,0,0,6,2,16,7,22,9,12,13,71,29,Tele2 Arena,"Johanneshov, Stockholm",4,2,1.45,4.82,6.78,1.18,1.57,2.5,1.73,2.05,1.3,1.5,3.15,2.35,1.25,2.2,3.6,1.58,2,1,1,0,0,0,2,-1,0,34,0,-1,2,1,2,0,5,2,2,7,2,0,2,2,2,4,1,84,25,154,55,2.42,0.89,3.31,0,0,0,0,0,0,1,1,0,0,1,0,0,0,1,23,15,1,13,12,1,4,12,50,100,33,84,2.47,0.87,3.0,1.0,2.29,1.29,50,0,1.88,1.21,3.09,30,True,True,False,False,False,False,True,6.80,1.46,4.84,2.50,1.18,1.58,2.40,1.60,1.73,2.17,,,,,,
Sweden_Allsvenskan_2025,2025,8,Öster,Elfsborg,2025-05-11 14:30:00,0,1,1,9,9,18,1,3,0,0,3,5,2,16,5,21,11,12,59,41,,,1,3,3.25,3.8,1.95,1.25,1.93,3.04,1.69,2.15,1.24,1.47,3.34,2.5,1.33,2.55,2.95,1.44,1,0,0,0,1,1,0,663,0,17,0,-1,2,1,1,7,8,2,8,10,1,2,0,1,3,1,1,33,58,103,103,0.78,2.09,2.87,0,0,0,0,0,0,1,1,0,0,1,0,0,0,1,11,20,1,12,11,1,13,5,33,67,33,50,0.8,1.07,1.0,1.0,0.43,1.86,67,33,1.06,1.23,2.29,30,True,False,False,False,False,False,False,2.07,3.31,3.62,3.04,1.26,1.83,2.73,1.43,1.69,2.13,1.51,2.46,3.14,1.34,,
Sweden_Allsvenskan_2025,2025,8,Degerfors,Malmö FF,2025-05-11 14:30:00,1,4,5,4,13,17,4,2,0,0,4,9,12,11,16,20,10,7,34,66,Stora Valla,"Stora Vallavägen 1, Degerfors",4,2,4.6,3.95,1.58,1.22,1.83,3.22,1.87,2.0,1.28,1.7,3.35,2.27,1.33,2.64,3.05,1.4,5,0,2,1,2,3,2,656,0,17,0,-1,2,1,1,8,3,5,9,8,0,0,4,2,0,6,1,30,70,60,111,1.5,2.39,3.89,1,1,1,1,0,0,1,1,0,1,0,0,0,0,1,16,17,1,6,9,1,8,14,0,33,17,50,0.53,1.6,1.33,1.33,1.43,1.57,100,67,1.46,0.97,2.43,30,True,True,True,True,True,False,True,1.66,5.30,4.05,3.22,1.29,1.90,2.90,1.43,1.88,1.97,1.64,2.22,3.11,1.39,,
Sweden_Allsvenskan_2025,2025,8,IFK Göteborg,Djurgården,2025-05-12 17:10:00,1,2,3,5,1,6,0,4,0,0,4,4,6,1,10,5,10,17,53,47,,,0,4,2.5,3.1,2.85,1.33,2.05,3.3,1.67,2.05,1.32,1.88,2.89,2.2,1.42,3.0,3.02,1.33,3,1,1,0,1,1,2,659,0,34,0,-1,2,1,4,0,1,1,4,2,0,0,0,4,0,4,1,55,28,113,99,1.32,0.82,2.13,0,0,0,0,0,0,1,1,0,1,2,0,0,0,1,26,19,1,17,10,1,2,12,17,59,17,59,1.47,1.6,1.33,1.5,1.43,1.33,84,42,1.54,1.38,2.92,30,True,True,True,False,False,False,True,2.98,2.46,3.44,3.39,1.30,1.97,2.99,1.41,1.75,2.15,1.61,2.25,3.02,1.40,,
Sweden_Allsvenskan_2025,2025,9,Häcken,AIK,2025-05-14 17:00:00,3,3,6,4,2,6,3,2,0,0,7,5,11,2,18,7,9,15,67,33,Bravida Arena,"Inlandsgatan 48, Göteborg",3,2,2.9,3.2,2.47,1.29,2.0,3.4,1.75,2.0,1.25,1.5,2.9,2.32,1.4,2.9,2.98,1.33,6,0,1,3,2,5,1,-1,0,50,0,-1,2,1,4,1,0,1,5,1,1,2,2,0,3,2,1,58,37,108,63,2.04,1.06,3.11,0,0,0,0,0,0,1,1,0,0,0,0,0,0,1,17,11,1,15,9,1,6,12,38,75,0,50,1.07,1.4,1.0,2.5,1.25,2.5,63,25,1.75,1.2,2.95,30,True,True,True,True,True,True,True,2.55,2.84,3.47,3.55,1.31,2.04,3.03,1.40,1.78,2.09,1.57,2.32,2.98,1.41,,
Sweden_Allsvenskan_2025,2025,9,Halmstad,GAIS,2025-05-14 17:00:00,1,3,4,1,5,6,0,0,0,0,4,5,10,9,14,14,11,11,49,51,,,0,0,3.75,3.3,1.91,1.4,2.31,3.8,2.0,1.75,1.42,1.89,2.87,2.1,1.45,3.43,2.66,1.31,4,1,1,0,2,2,2,679,0,50,0,-1,2,-1,0,3,1,2,3,3,0,0,0,0,0,0,1,30,51,97,95,1.39,1.6,2.99,0,0,0,0,0,0,1,1,0,0,0,0,-1,-1,1,25,17,1,11,11,1,12,13,38,75,25,63,1.2,1.6,1.5,0.75,1.25,1.0,63,25,1.27,1.33,2.6,30,True,True,True,True,False,False,True,2.11,3.94,3.27,4.54,1.44,2.40,3.46,1.33,2.07,1.80,1.77,2.03,2.65,1.50,,
Sweden_Allsvenskan_2025,2025,9,Hammarby,Sirius,2025-05-14 17:00:00,3,2,5,10,3,13,1,2,0,0,3,4,13,7,16,11,7,13,68,32,Tele2 Arena,"Johanneshov, Stockholm",1,2,1.65,4.0,4.0,1.18,1.64,2.48,1.6,2.19,1.24,1.41,3.58,2.6,1.25,2.3,3.5,1.55,5,1,1,2,1,3,2,655,0,63,0,-1,2,1,7,2,3,1,9,4,1,0,0,2,1,2,1,78,37,131,69,1.79,1.24,3.03,0,0,0,0,0,0,1,1,0,1,2,1,0,0,1,24,13,1,13,7,1,6,9,38,100,50,75,2.47,1.07,2.5,1.25,2.13,1.13,63,0,2.01,1.23,3.24,30,True,True,True,True,True,False,True,4.58,1.75,4.09,2.63,1.20,1.64,2.49,1.56,1.63,2.35,,,,,,
Sweden_Allsvenskan_2025,2025,9,Djurgården,Mjällby,2025-05-15 17:00:00,1,3,4,8,7,15,2,4,0,0,3,9,4,12,7,21,13,17,54,46,Tele2 Arena,"Johanneshov, Stockholm",2,4,2.38,3.0,2.85,1.3,2.03,3.75,1.75,2.0,1.36,1.7,2.45,2.0,1.48,3.22,2.72,1.37,4,1,1,0,2,2,2,671,0,50,0,-1,2,1,0,4,8,3,4,11,0,2,2,2,2,4,1,45,43,102,85,0.99,2.26,3.25,0,0,0,0,0,0,1,1,0,0,0,2,0,0,1,13,17,1,17,13,1,7,2,50,63,38,75,1.67,2.53,1.25,1.75,1.57,2.13,50,38,1.59,1.35,2.94,30,True,True,True,True,False,False,True,3.06,2.38,3.50,3.46,1.30,1.98,2.99,1.41,1.71,2.20,1.93,1.88,3.02,1.41,1.51,2.45
Sweden_Allsvenskan_2025,2025,9,Värnamo,Malmö FF,2025-05-15 17:00:00,2,2,4,4,9,13,0,1,0,0,4,5,4,13,8,18,13,8,34,66,Finnvedsvallen,"Sandgatan, Värnamo",0,1,6.7,3.75,1.73,1.22,1.83,3.18,1.75,2.05,1.3,1.5,3.1,2.38,1.37,2.57,3.25,1.44,4,1,2,1,0,1,3,-1,0,50,0,-1,2,1,2,3,2,6,5,8,0,0,0,1,0,1,1,38,70,78,121,1.07,1.99,3.06,0,0,0,0,0,0,1,1,0,1,0,1,0,0,1,16,22,1,8,13,1,15,5,50,63,25,63,0.73,1.6,0.0,1.75,0.13,1.75,50,38,1.45,1.33,2.78,30,True,True,True,True,False,False,True,1.78,4.74,3.83,,,,,,1.74,2.17,,,,,,
Sweden_Allsvenskan_2025,2025,9,Norrköping,Degerfors,2025-05-15 17:00:00,1,2,3,8,6,14,2,6,0,0,5,4,8,7,13,11,13,29,64,36,,,2,6,2.0,3.5,3.4,1.25,1.75,2.65,1.67,2.15,1.28,1.48,4.13,2.51,1.31,2.5,3.32,1.45,3,0,0,1,2,3,0,680,0,50,0,-1,2,1,5,3,3,3,8,6,2,3,0,3,5,3,1,75,50,136,85,1.72,1.34,3.06,1,0,1,0,0,0,1,1,0,0,4,1,1,0,1,18,15,1,28,13,1,6,6,75,100,50,88,1.07,1.47,1.5,1.5,1.25,1.25,25,0,1.57,1.35,2.92,30,True,True,True,False,False,False,True,3.47,2.11,3.68,2.97,1.25,1.79,,,1.65,2.31,1.48,2.51,,,,
Sweden_Allsvenskan_2025,2025,9,IFK Göteborg,Öster,2025-05-15 17:00:00,0,1,1,7,4,11,3,3,1,0,2,3,11,5,13,8,13,13,64,36,,,5,3,1.46,4.2,6.3,1.2,1.67,2.69,1.75,1.97,1.13,1.48,3.9,2.94,1.29,2.43,3.35,1.49,1,0,0,0,1,1,0,683,0,50,0,-1,2,1,5,1,1,3,6,4,1,0,3,3,1,6,1,81,20,141,73,1.56,0.87,2.42,0,0,0,0,0,0,1,1,0,0,1,0,0,0,1,33,17,1,13,13,1,4,17,38,63,38,63,1.47,0.93,1.0,0.0,1.25,0.38,63,38,1.48,0.84,2.32,30,True,False,False,False,False,False,False,7.22,1.45,4.75,2.69,1.21,1.67,2.54,1.55,1.84,2.02,,,3.35,1.34,,
Sweden_Allsvenskan_2025,2025,9,Elfsborg,Brommapojkarna,2025-05-15 17:00:00,4,3,7,2,4,6,1,2,0,0,7,7,7,12,14,19,12,10,50,50,Borås Arena,"Ălgårdsvägen 32, Borås",1,2,1.91,4.0,3.6,1.17,1.56,2.33,1.44,2.38,1.23,1.38,3.85,2.7,1.26,2.34,3.65,1.63,7,2,2,2,1,3,4,663,0,50,0,-1,2,1,1,4,1,0,5,1,0,0,1,2,0,3,1,32,47,68,102,1.6,2.03,3.63,0,0,0,0,0,0,1,1,1,0,0,1,0,0,1,19,7,1,10,12,1,12,5,50,100,25,63,1.6,1.27,2.5,1.75,2.0,1.43,50,0,1.54,1.55,3.09,30,True,True,True,True,True,True,True,3.72,1.96,3.92,2.42,1.17,1.57,2.34,1.63,1.55,2.54,,,,,,
Sweden_Allsvenskan_2025,2025,10,Häcken,Värnamo,2025-05-18 12:00:00,2,0,2,5,4,9,1,1,0,0,5,1,14,3,19,4,12,9,61,39,Bravida Arena,"Inlandsgatan 48, Göteborg",1,1,1.83,3.75,3.5,1.15,1.57,2.33,1.5,2.45,1.26,1.46,3.92,2.74,1.22,2.29,3.5,1.55,2,1,0,1,0,1,1,664,0,68,0,-1,2,1,4,1,1,3,5,4,0,0,1,1,0,2,1,61,38,123,68,1.99,0.6,2.6,1,0,1,0,0,0,1,1,0,0,0,1,0,0,1,21,15,1,8,12,1,3,12,55,88,13,80,1.07,0.33,1.0,0.25,1.22,0.22,45,13,1.81,1.7,3.51,30,True,True,False,False,False,False,False,3.57,2.01,3.90,2.61,1.20,1.65,,,1.59,2.45,,,,,,
Sweden_Allsvenskan_2025,2025,10,AIK,Hammarby,2025-05-18 12:00:00,0,0,0,7,4,11,3,3,0,0,2,2,13,7,15,9,12,11,41,59,Friends Arena,"Råsta Strandväg 1, Solna",3,3,3.25,3.1,2.45,1.41,2.35,4.77,1.95,1.82,1.36,1.74,2.8,2.18,1.44,3.3,2.4,1.3,0,0,0,0,0,0,0,-1,0,50,0,-1,2,1,4,0,3,4,4,7,2,2,1,1,4,2,1,61,34,102,94,1.53,0.96,2.49,0,0,0,0,0,0,1,1,0,0,1,0,0,0,1,28,25,1,11,12,1,5,9,50,88,50,63,1.8,1.67,2.5,1.75,2.33,2.22,50,13,1.54,1.93,3.47,30,False,False,False,False,False,False,False,2.38,3.43,3.10,4.77,1.48,2.49,,,2.05,1.82,1.73,2.08,2.57,1.54,,
Sweden_Allsvenskan_2025,2025,10,Malmö FF,Halmstad,2025-05-18 14:30:00,3,0,3,8,2,10,1,2,0,0,6,1,11,6,17,7,6,17,73,27,,,1,2,1.22,6.6,10.0,1.14,1.5,2.26,2.12,1.75,1.25,1.6,3.4,2.56,1.18,2.0,3.95,1.74,3,2,0,1,0,1,2,656,0,50,0,-1,2,1,4,2,4,0,6,4,0,1,1,1,1,2,1,51,16,113,40,1.86,0.63,2.49,0,0,0,0,0,0,1,1,0,0,3,0,0,0,1,24,19,1,17,6,1,4,8,38,75,13,38,1.67,1.13,1.75,1.0,1.67,1.11,63,25,2.35,0.84,3.19,30,True,True,True,False,False,False,False,13.03,1.22,6.84,2.27,1.16,1.50,,,2.12,1.75,,,,,,
Sweden_Allsvenskan_2025,2025,10,Öster,GAIS,2025-05-18 14:30:00,1,1,2,8,8,16,1,0,0,0,1,4,6,10,7,14,13,12,55,45,,,1,0,3.7,3.54,1.92,1.31,2.19,3.71,1.85,1.87,1.28,1.47,3.3,2.5,1.35,3.34,2.9,1.35,2,0,0,1,1,2,0,-1,0,30,0,-1,2,1,3,3,5,5,6,10,0,0,1,0,0,1,1,36,40,62,94,0.77,1.46,2.23,0,0,0,0,0,0,1,1,0,0,0,0,0,0,1,15,22,1,12,13,1,9,7,23,65,23,55,0.8,1.6,0.75,1.2,0.67,1.22,78,35,0.99,1.38,2.37,30,True,True,False,False,False,False,True,1.97,4.17,3.49,4.13,1.40,2.25,,,1.99,1.86,1.47,2.52,,,,
Sweden_Allsvenskan_2025,2025,10,Sirius,Norrköping,2025-05-19 17:00:00,1,2,3,14,2,16,1,4,0,0,7,3,18,5,25,8,10,14,60,40,Studenternas IP,"Ulleråkersvägen 6, Uppsala",1,4,2.09,3.75,3.0,1.16,1.51,2.3,1.5,2.5,1.27,1.53,3.99,2.78,1.25,2.31,3.25,1.55,3,1,2,0,0,0,3,125,0,50,0,-1,2,1,3,0,6,2,3,8,0,2,1,2,2,3,1,82,9,110,54,2.65,0.79,3.43,0,0,0,0,0,0,1,1,0,1,0,0,0,0,1,16,19,1,14,10,1,2,18,38,88,38,75,1.53,0.87,1.0,1.0,1.0,1.11,63,13,1.31,1.13,2.44,30,True,True,True,False,False,False,True,3.25,2.12,3.92,2.41,1.16,1.56,2.30,1.64,1.49,2.72,,,3.25,1.32,,
Sweden_Allsvenskan_2025,2025,10,Mjällby,Brommapojkarna,2025-05-19 17:00:00,1,0,1,4,7,11,2,2,0,0,2,3,8,16,10,19,12,15,57,43,Strandvallen,"Campingvägen 44, Hällevik, Sölvesborg",2,2,1.78,3.85,4.15,1.18,1.65,2.5,1.67,2.1,1.25,1.68,3.72,2.36,1.27,2.53,3.4,1.55,1,1,0,0,0,0,1,671,0,68,0,-1,2,1,4,3,0,4,7,4,0,2,2,0,2,2,1,39,70,105,101,1.06,1.91,2.97,0,0,0,0,0,0,1,1,0,0,2,0,0,1,1,20,27,1,15,12,1,13,10,55,88,35,58,2.47,1.27,2.5,1.4,2.22,1.25,45,13,1.4,1.65,3.05,30,True,False,False,False,False,False,False,4.77,1.71,4.11,2.70,1.22,1.68,2.51,1.55,1.68,2.25,1.55,2.36,,,,
Sweden_Allsvenskan_2025,2025,10,Degerfors,IFK Göteborg,2025-05-19 17:00:00,1,3,4,5,7,12,3,1,0,0,2,6,11,6,13,12,14,15,55,45,Stora Valla,"Stora Vallavägen 1, Degerfors",3,1,2.72,3.25,2.44,1.26,1.97,2.9,1.7,2.1,1.22,1.58,3.2,2.66,1.35,2.6,2.9,1.42,4,0,3,1,0,1,3,665,0,38,0,-1,2,1,3,4,2,3,7,5,1,0,2,1,1,3,1,60,50,111,81,1.4,1.54,2.94,0,0,0,0,0,0,1,1,0,2,0,0,0,0,1,26,18,1,15,14,1,8,8,38,50,50,88,0.53,1.93,1.0,1.5,1.44,1.11,63,50,1.47,1.12,2.59,30,True,True,True,True,False,False,True,2.48,2.93,3.47,3.29,1.29,1.95,2.99,1.41,1.74,2.15,1.49,2.48,3.01,1.41,,
Sweden_Allsvenskan_2025,2025,10,Elfsborg,Djurgården,2025-05-19 17:10:00,4,0,4,3,2,5,0,1,0,1,7,2,3,4,10,6,19,11,36,64,Borås Arena,"Ălgårdsvägen 32, Borås",0,3,2.14,3.35,3.29,1.26,1.77,2.97,1.6,2.2,1.42,1.92,2.65,2.1,1.38,2.5,2.88,1.46,4,2,0,2,0,2,2,663,0,47,0,-1,2,1,1,2,2,0,3,2,0,1,0,1,1,1,1,40,47,86,115,1.42,0.88,2.29,0,0,0,0,0,0,1,1,1,0,0,0,0,0,1,18,18,1,11,19,1,7,6,47,84,47,84,1.6,1.6,2.6,2.0,2.11,1.38,54,17,1.56,1.19,2.75,30,True,True,True,True,False,False,False,3.38,2.17,3.62,3.17,1.26,1.88,2.85,1.44,1.70,2.22,1.70,2.10,3.13,1.38,,
Sweden_Allsvenskan_2025,2025,18,Malmö FF,AIK,2025-05-22 17:00:00,0,0,0,9,6,15,0,1,0,0,3,0,9,12,12,12,6,9,62,38,,,0,1,1.74,3.62,4.9,1.33,2.05,3.3,2.0,1.72,1.3,1.54,3.49,2.5,1.42,3.0,2.6,1.35,0,0,0,0,0,0,0,-1,0,60,0,-1,2,1,7,0,2,6,7,8,0,0,0,1,0,1,1,71,47,105,89,1.48,1.1,2.58,0,0,0,0,0,0,1,1,0,0,0,0,0,0,1,34,24,1,9,6,1,4,8,50,80,10,60,1.67,1.4,2.0,2.2,1.8,2.2,50,20,2.26,1.17,3.43,30,False,False,False,False,False,False,False,5.04,1.76,3.73,4.03,1.38,2.21,3.26,1.36,2.03,1.83,1.56,2.34,2.82,1.46,,
Sweden_Allsvenskan_2025,2025,18,Hammarby,Mjällby,2025-05-22 17:00:00,1,2,3,10,3,13,0,2,0,0,7,5,19,4,26,9,10,18,55,45,Tele2 Arena,"Johanneshov, Stockholm",0,2,1.7,3.85,4.75,1.22,1.67,2.83,1.7,2.1,1.29,1.5,3.34,2.43,1.29,2.57,3.2,1.54,3,1,1,0,1,1,2,671,0,60,0,-1,2,1,8,0,2,3,8,5,0,0,0,2,0,2,1,72,27,88,59,2.63,1.11,3.75,0,0,0,0,0,0,1,1,0,0,1,0,0,0,1,21,13,1,18,10,1,4,14,70,100,70,90,2.47,2.53,2.6,2.0,2.1,2.3,30,0,1.97,1.53,3.5,30,True,True,True,False,False,False,True,4.81,1.69,4.21,2.83,1.23,1.72,2.57,1.54,1.69,2.24,1.57,2.32,3.36,1.35,,
Sweden_Allsvenskan_2025,2025,11,Värnamo,Öster,2025-05-24 13:00:00,1,1,2,6,2,8,1,4,0,0,3,1,12,8,15,9,11,11,39,61,Finnvedsvallen,"Sandgatan, Värnamo",1,4,2.02,3.55,4.0,1.33,2.0,3.6,1.85,1.88,1.19,1.48,4.0,2.97,1.48,3.04,2.74,1.35,2,1,0,0,1,1,1,-1,0,50,0,-1,2,1,2,1,4,1,3,5,1,1,0,3,2,3,1,47,54,93,117,1.5,1.04,2.54,0,0,0,0,0,0,1,1,1,0,0,1,0,1,1,26,31,1,11,11,1,8,13,50,60,30,60,0.73,0.93,0.2,0.6,0.2,0.7,50,40,1.37,0.84,2.21,30,True,True,False,False,False,False,True,3.80,2.10,3.40,4.06,1.39,2.23,,,1.97,1.88,,,,,,
Sweden_Allsvenskan_2025,2025,11,GAIS,Sirius,2025-05-24 15:30:00,2,1,3,9,2,11,2,3,0,0,10,4,18,5,28,9,16,10,54,46,,,2,3,2.02,3.3,3.4,1.26,1.9,3.45,1.67,2.1,1.18,1.56,4.05,2.88,1.32,2.61,3.0,1.42,3,0,0,2,1,3,0,679,0,75,0,-1,2,1,4,1,5,1,5,6,1,1,1,2,2,3,1,82,26,158,61,3.06,1.04,4.1,0,0,0,0,0,0,1,1,0,0,0,1,1,0,1,28,28,1,10,16,1,7,17,30,88,43,78,1.87,1.07,1.25,1.0,1.2,0.9,70,13,1.82,1.23,3.05,30,True,True,True,False,False,False,True,3.62,2.04,3.74,3.01,1.26,1.82,2.75,1.48,1.69,2.23,,,3.28,1.36,,
Sweden_Allsvenskan_2025,2025,11,Halmstad,Elfsborg,2025-05-25 12:00:00,1,4,5,3,3,6,1,1,0,0,1,5,11,8,12,13,16,8,54,46,,,1,1,4.2,3.5,1.65,1.25,1.77,3.1,1.8,2.0,1.35,1.64,2.7,2.21,1.36,2.65,3.0,1.42,5,1,2,0,2,2,3,663,0,43,0,-1,2,1,2,0,1,3,2,4,1,0,0,1,1,1,1,33,59,94,107,1.07,1.6,2.67,0,1,0,1,0,0,1,1,0,0,0,0,0,0,1,18,12,1,8,15,1,3,8,53,65,43,53,1.2,1.07,1.2,1.5,1.0,2.2,48,35,1.3,1.45,2.75,30,True,True,True,True,True,False,True,1.72,4.97,3.91,3.12,1.28,1.87,2.80,1.46,1.79,2.09,1.83,1.98,3.22,1.37,1.46,2.58
Sweden_Allsvenskan_2025,2025,11,IFK Göteborg,Malmö FF,2025-05-25 12:00:00,1,0,1,2,8,10,2,3,0,0,1,1,3,8,4,9,14,26,40,60,,,2,3,3.5,3.35,2.51,1.2,1.81,2.74,1.57,2.37,1.27,1.44,3.45,2.62,1.3,2.51,3.25,1.49,1,0,0,1,0,1,0,665,0,50,0,-1,2,1,2,1,0,7,3,7,1,1,1,2,2,3,1,65,51,101,110,0.8,1.02,1.82,0,0,0,0,0,0,1,1,0,0,0,0,0,0,1,21,31,1,26,13,1,6,8,40,60,40,60,1.47,1.6,0.8,1.6,1.3,1.73,60,40,1.5,1.46,2.96,30,True,False,False,False,False,False,False,2.52,2.83,3.54,2.89,1.24,1.77,2.69,1.49,1.62,2.37,1.56,2.34,3.33,1.35,,
Sweden_Allsvenskan_2025,2025,11,Djurgården,Häcken,2025-05-25 14:30:00,1,1,2,7,1,8,1,3,0,0,5,4,7,8,12,12,8,13,46,54,Tele2 Arena,"Johanneshov, Stockholm",1,3,1.89,3.8,3.85,1.2,1.71,2.8,1.62,2.18,1.3,1.65,3.05,2.3,1.31,2.5,3.04,1.5,2,0,0,1,1,2,0,-1,0,33,0,-1,2,1,2,1,5,0,3,5,0,0,1,3,0,4,1,63,45,90,92,1.56,1.37,2.93,0,0,0,0,0,0,1,1,0,0,0,1,0,0,1,30,17,1,13,8,1,5,14,23,70,23,80,1.67,1.27,1.0,1.5,1.22,1.4,78,30,1.47,1.62,3.09,30,True,True,False,False,False,False,True,3.20,2.25,3.63,2.93,1.23,1.78,2.68,1.50,1.62,2.38,1.65,2.19,3.35,1.35,,
Sweden_Allsvenskan_2025,2025,11,Brommapojkarna,AIK,2025-05-25 14:30:00,0,1,1,7,3,10,0,4,0,1,5,2,9,8,14,10,8,23,63,37,Grimsta IP,"Gulddragargränd 100, Hässelby-Vällingby, Stockholm",0,5,3.3,3.4,2.1,1.25,1.83,2.8,1.67,2.1,1.21,1.57,3.65,2.7,1.36,2.62,2.9,1.45,1,0,1,0,0,0,1,661,0,42,0,-1,2,1,6,2,1,1,8,2,0,1,0,4,1,4,1,43,42,98,87,1.55,1.08,2.63,0,0,0,0,0,0,1,1,0,0,0,0,0,0,1,24,22,1,22,8,1,10,18,33,59,0,42,0.8,1.4,1.0,2.0,1.11,2.09,67,42,1.76,1.16,2.92,30,True,False,False,False,False,False,False,2.23,3.30,3.55,3.15,1.27,1.87,2.84,1.45,1.67,2.27,1.50,2.47,3.17,1.38,,
Sweden_Allsvenskan_2025,2025,11,Norrköping,Mjällby,2025-05-26 17:00:00,1,1,2,6,7,13,3,2,0,0,5,6,12,13,17,19,15,16,42,58,,,3,2,3.65,3.5,1.9,1.2,1.57,2.38,1.5,2.68,1.21,1.46,3.3,2.74,1.25,2.21,3.5,1.6,2,0,1,1,0,1,1,-1,0,72,0,-1,2,1,2,4,4,3,6,7,2,2,1,0,4,1,1,33,64,68,99,1.66,2.08,3.73,0,0,0,0,0,0,1,1,0,0,0,0,0,0,1,19,26,1,16,15,1,7,10,90,100,62,80,1.07,2.53,1.2,2.17,1.3,2.36,10,0,1.6,1.46,3.06,30,True,True,False,False,False,False,True,1.87,4.03,3.96,2.37,1.16,1.56,2.32,1.63,1.50,2.68,1.49,2.51,,,,
Sweden_Allsvenskan_2025,2025,11,Hammarby,Degerfors,2025-05-26 17:10:00,1,0,1,4,2,6,2,0,0,0,2,2,11,11,13,13,8,14,70,30,Tele2 Arena,"Johanneshov, Stockholm",2,0,1.35,5.0,8.5,1.15,1.47,2.3,1.72,2.1,1.24,1.42,3.55,2.71,1.22,2.15,3.75,1.62,1,0,0,1,0,1,0,655,0,55,0,-1,2,1,2,0,2,2,2,4,0,0,2,0,0,2,1,67,43,169,74,1.47,1.27,2.73,0,0,0,0,0,0,1,1,0,0,1,0,0,0,1,15,17,1,14,8,1,11,7,65,100,54,82,2.47,1.47,2.17,1.8,1.91,1.3,35,0,2.08,1.35,3.43,30,True,False,False,False,False,False,False,7.68,1.40,5.13,2.40,1.17,1.54,,,1.72,2.19,,,,,,
Sweden_Allsvenskan_2025,2025,6,Brommapojkarna,Djurgården,2025-05-29 16:00:00,0,1,1,6,6,12,3,3,0,0,3,1,12,7,15,8,10,18,49,51,Grimsta IP,"Gulddragargränd 100, Hässelby-Vällingby, Stockholm",3,3,2.49,3.7,2.7,1.18,1.57,2.4,1.5,2.4,1.4,1.83,2.95,2.21,1.27,2.4,3.4,1.52,1,0,1,0,0,0,1,659,0,25,0,-1,2,1,3,5,3,1,8,4,1,0,2,3,1,5,1,46,41,99,71,1.49,0.87,2.37,0,0,0,0,0,0,1,1,0,0,1,2,0,0,1,22,20,1,18,10,1,6,16,38,63,25,63,0.8,1.6,0.75,1.5,1.0,1.2,63,38,1.69,1.11,2.8,30,True,False,False,False,False,False,False,3.03,2.30,3.71,2.66,1.20,1.68,2.49,1.57,1.57,2.47,1.58,2.29,3.32,1.35,1.47,2.56
Sweden_Allsvenskan_2025,2025,12,Elfsborg,Hammarby,2025-05-31 13:00:00,0,2,2,3,4,7,3,0,0,0,2,8,9,13,11,21,15,13,31,69,Borås Arena,"Ălgårdsvägen 32, Borås",3,0,2.45,3.6,2.7,1.2,1.8,2.92,1.62,2.2,1.27,1.55,3.05,2.3,1.33,2.6,3.0,1.44,2,0,0,0,2,2,0,655,0,45,0,-1,2,1,0,2,3,2,2,5,1,0,2,0,1,2,1,40,80,59,120,1.12,2.46,3.58,0,0,0,0,0,0,1,1,0,0,0,0,0,0,1,15,12,1,13,15,1,9,8,54,90,54,70,1.6,1.67,2.67,1.6,2.27,2.0,47,10,1.53,1.74,3.27,30,True,True,False,False,False,False,False,2.97,2.40,3.57,2.99,1.25,1.81,2.70,1.49,1.65,2.31,1.56,2.34,3.33,1.35,,
Sweden_Allsvenskan_2025,2025,12,Degerfors,Öster,2025-05-31 13:00:00,1,2,3,4,3,7,0,2,0,0,4,3,12,4,16,7,9,14,57,43,Stora Valla,"Stora Vallavägen 1, Degerfors",0,2,2.06,3.7,4.45,1.25,1.94,3.4,1.77,1.87,1.2,1.32,4.0,2.56,1.38,2.75,3.04,1.37,3,1,2,0,0,0,3,683,0,47,0,-1,2,1,3,2,1,1,5,2,0,0,0,2,0,2,1,81,33,123,81,1.88,0.9,2.78,1,0,1,0,0,0,1,1,0,1,0,1,0,0,1,24,22,1,13,9,1,5,11,29,55,39,65,0.53,0.93,0.8,0.67,1.18,0.73,72,45,1.46,0.88,2.34,30,True,True,True,False,False,False,True,4.81,1.75,3.88,3.32,1.29,1.94,2.91,1.43,1.81,2.06,1.46,2.56,3.12,1.39,,
Sweden_Allsvenskan_2025,2025,12,Norrköping,GAIS,2025-05-31 13:00:00,0,3,3,4,6,10,1,4,0,0,1,5,9,16,10,21,10,20,50,50,,,1,4,3.4,3.75,2.1,1.18,1.62,2.45,1.55,2.3,1.15,1.31,4.3,3.04,1.3,2.35,3.3,1.55,3,0,1,0,2,2,1,679,0,67,0,-1,2,1,3,3,1,3,6,4,0,1,1,3,1,4,1,24,66,88,116,0.88,2.15,3.03,0,0,0,0,0,0,1,1,0,0,1,0,0,0,1,20,27,1,20,10,1,10,6,42,92,25,59,1.07,1.6,1.17,1.17,1.27,1.36,58,9,1.61,1.4,3.01,30,True,True,True,False,False,False,False,2.10,3.40,3.80,2.67,1.20,1.67,2.51,1.56,1.56,2.52,,,3.38,1.34,,
Sweden_Allsvenskan_2025,2025,12,Brommapojkarna,IFK Göteborg,2025-06-01 12:00:00,1,3,4,3,3,6,5,5,0,0,2,5,8,9,10,14,21,23,43,57,Grimsta IP,"Gulddragargränd 100, Hässelby-Vällingby, Stockholm",5,5,2.5,3.25,2.45,1.22,1.72,2.56,1.57,2.25,1.22,1.7,3.5,2.5,1.32,2.4,3.2,1.52,4,0,2,1,1,2,2,665,0,30,0,-1,2,1,1,1,2,2,2,4,2,2,3,3,4,6,1,47,46,80,110,1.11,1.57,2.69,1,0,1,0,0,0,1,1,0,0,0,1,1,0,1,22,21,1,22,21,1,8,8,40,50,30,80,0.8,1.93,0.6,1.8,0.91,1.45,60,50,1.64,1.21,2.85,30,True,True,True,True,False,False,True,2.62,2.70,3.57,2.81,1.22,1.74,2.66,1.51,1.60,2.43,1.49,2.49,3.36,1.34,,
Sweden_Allsvenskan_2025,2025,12,Malmö FF,Häcken,2025-06-01 12:00:00,3,0,3,8,4,12,1,5,0,0,4,1,11,6,15,7,16,22,56,44,,,1,5,1.76,4.3,4.2,1.16,1.74,2.42,1.67,2.18,1.21,1.54,3.99,2.78,1.3,2.4,3.2,1.52,3,2,0,1,0,1,2,656,0,45,0,-1,2,1,6,2,2,2,8,4,1,3,0,2,4,2,1,69,40,81,79,1.72,0.81,2.53,0,0,0,0,0,0,1,1,1,0,5,0,0,0,1,19,16,1,22,16,1,7,9,35,92,19,65,1.67,1.27,1.83,1.4,1.58,1.36,65,9,2.13,1.57,3.7,30,True,True,True,False,False,False,False,4.86,1.71,4.03,2.78,1.24,1.74,2.59,1.53,1.72,2.18,1.48,2.53,,,,
Sweden_Allsvenskan_2025,2025,12,Halmstad,Djurgården,2025-06-01 12:00:00,1,0,1,1,5,6,2,3,0,0,6,4,8,10,14,14,14,13,36,64,,,2,3,3.85,3.2,1.99,1.33,2.0,3.6,1.87,1.85,1.75,2.25,1.95,1.58,1.48,3.08,2.81,1.38,1,0,0,1,0,1,0,657,0,44,0,-1,2,1,0,1,1,4,1,5,0,1,2,2,1,4,1,44,45,83,101,1.62,1.49,3.11,0,0,0,0,0,0,1,1,0,0,0,0,0,0,1,12,20,1,12,14,1,8,12,62,72,54,82,1.2,1.6,1.0,1.8,0.91,1.36,39,29,1.26,1.07,2.33,30,True,False,False,False,False,False,False,1.94,4.33,3.46,3.83,1.36,2.15,,,1.94,1.91,2.27,1.58,,,1.82,1.99
Sweden_Allsvenskan_2025,2025,12,Mjällby,Värnamo,2025-06-01 14:30:00,2,0,2,6,4,10,1,3,0,0,7,2,10,17,17,19,11,15,63,37,Strandvallen,"Campingvägen 44, Hällevik, Sölvesborg",1,3,1.4,4.4,7.0,1.18,1.64,2.56,1.8,2.02,1.26,1.55,2.95,2.29,1.26,2.3,3.77,1.62,2,0,0,2,0,2,0,671,0,60,0,-1,2,1,3,1,3,3,4,6,1,0,0,3,1,3,1,57,49,127,80,1.98,1.69,3.67,0,0,0,0,0,0,1,1,0,0,1,0,0,0,1,24,25,1,15,11,1,11,9,40,70,30,90,2.47,0.33,2.6,0.2,2.25,0.27,60,30,1.33,1.48,2.81,30,True,True,False,False,False,False,False,7.83,1.40,5.08,2.55,1.19,1.60,2.38,1.62,1.84,2.02,1.58,2.29,3.39,1.34,,
Sweden_Allsvenskan_2025,2025,12,Sirius,AIK,2025-06-01 14:30:00,3,1,4,1,9,10,2,3,0,0,4,3,5,10,9,13,10,11,40,60,Studenternas IP,"Ulleråkersvägen 6, Uppsala",2,3,2.92,3.35,2.44,1.33,2.13,3.6,1.91,1.8,1.27,1.51,3.14,2.32,1.42,3.27,2.66,1.34,4,2,0,1,1,2,2,662,0,42,0,-1,2,1,0,3,1,6,3,7,0,1,2,2,1,4,1,28,62,50,129,1.05,1.49,2.54,0,0,0,0,0,0,1,1,1,0,0,0,0,0,1,18,28,1,11,10,1,11,11,35,62,20,59,1.53,1.4,0.8,2.14,0.82,2.17,66,39,1.58,1.15,2.73,30,True,True,True,True,False,False,True,2.19,3.68,3.28,4.24,1.41,2.30,3.41,1.34,1.99,1.86,1.56,2.35,2.72,1.48,,
Sweden_Allsvenskan_2025,2025,13,Hammarby,Halmstad,2025-06-28 13:00:00,2,0,2,7,2,9,1,2,0,0,13,0,17,5,30,5,9,14,67,33,Tele2 Arena,"Johanneshov, Stockholm",1,2,1.25,5.25,11.0,1.17,1.5,2.25,1.85,1.83,1.32,1.6,2.8,2.17,1.23,2.35,3.5,1.64,2,1,0,1,0,1,1,655,0,32,0,-1,2,1,4,0,3,2,4,5,0,1,1,1,1,2,1,82,15,156,57,3.39,0.43,3.82,0,0,0,0,0,0,1,1,0,0,1,0,0,0,1,10,15,1,14,9,1,6,11,42,73,49,56,2.47,1.13,2.29,0.8,2.08,1.08,59,27,1.99,0.79,2.78,30,True,True,False,False,False,False,False,10.45,1.26,6.22,2.33,1.17,1.53,,,,,,,,,,
Sweden_Allsvenskan_2025,2025,13,Öster,Sirius,2025-06-28 15:30:00,2,2,4,6,12,18,3,0,0,0,7,5,8,14,15,19,14,16,49,51,,,3,0,2.5,3.2,2.24,1.25,1.8,2.8,1.65,2.15,1.27,1.46,3.3,2.5,1.35,2.55,3.0,1.48,4,0,0,2,2,4,0,-1,0,60,0,-1,2,1,3,9,3,3,12,6,0,0,3,0,0,3,1,28,46,70,98,1.64,1.88,3.52,0,0,0,0,0,0,1,1,0,0,1,1,0,0,1,15,29,1,16,14,1,7,5,44,80,35,54,0.8,1.07,0.8,0.83,0.92,1.0,57,20,0.94,1.2,2.14,30,True,True,True,True,False,False,True,2.61,2.70,3.45,2.98,1.24,1.83,2.75,1.46,,,1.46,2.56,3.22,1.35,,
Sweden_Allsvenskan_2025,2025,13,Degerfors,Brommapojkarna,2025-06-29 12:00:00,0,3,3,10,4,14,1,1,0,0,0,5,14,5,14,10,12,10,72,28,Stora Valla,"Stora Vallavägen 1, Degerfors",1,1,2.27,3.45,2.9,1.22,1.66,2.5,1.57,2.25,1.21,1.42,3.75,2.55,1.29,2.4,3.1,1.5,3,0,1,0,2,2,1,672,0,59,0,-1,2,1,6,3,4,1,9,5,0,0,1,1,0,2,1,78,23,152,49,1.46,1.15,2.61,0,0,0,0,0,0,1,1,0,0,0,2,0,0,1,33,21,1,10,12,1,8,11,50,75,42,67,0.53,1.27,0.67,1.17,1.08,0.83,50,25,1.53,1.69,3.22,30,True,True,True,False,False,False,False,3.05,2.27,3.64,,,,2.56,1.52,,,1.47,2.55,,,,
Sweden_Allsvenskan_2025,2025,13,AIK,IFK Göteborg,2025-06-29 12:00:00,3,0,3,2,5,7,1,2,0,0,5,0,10,10,15,10,6,11,40,60,Friends Arena,"Råsta Strandväg 1, Solna",1,2,2.15,3.15,3.55,1.44,2.25,4.33,1.95,1.75,1.28,1.6,3.2,2.25,1.5,3.3,2.42,1.31,3,2,0,1,0,1,2,661,0,45,0,-1,2,1,1,2,1,3,3,4,1,1,0,1,2,1,1,43,42,90,96,1.61,0.94,2.55,0,0,0,0,0,0,1,1,0,0,0,0,0,0,1,24,29,1,11,6,1,11,7,54,64,54,80,1.8,1.93,2.2,2.0,2.0,1.58,47,37,1.54,1.27,2.81,30,True,True,True,False,False,False,False,3.58,2.21,3.22,4.34,1.42,2.32,3.41,1.32,,,1.58,2.29,2.66,1.48,,
Sweden_Allsvenskan_2025,2025,13,Värnamo,Elfsborg,2025-06-29 14:30:00,0,0,0,9,8,17,0,2,0,0,4,3,14,8,18,11,9,15,50,50,Finnvedsvallen,"Sandgatan, Värnamo",0,2,3.7,3.6,1.95,1.19,1.76,2.62,1.62,2.2,1.32,1.7,3.35,2.38,1.31,2.5,3.04,1.48,0,0,0,0,0,0,0,-1,0,62,0,-1,-1,1,-1,-1,-1,-1,-1,-1,0,1,0,1,1,1,1,63,33,101,78,1.87,1.15,3.01,0,0,0,0,0,0,1,1,0,0,-1,-1,0,0,1,35,30,1,15,9,1,9,12,54,72,37,62,0.73,1.07,0.33,1.8,0.25,2.08,47,29,1.39,1.48,2.87,30,False,False,False,False,False,False,False,1.98,3.76,3.66,2.86,1.23,1.76,2.65,1.49,,,1.57,2.28,3.33,1.34,,
Sweden_Allsvenskan_2025,2025,13,Häcken,GAIS,2025-06-29 14:30:00,1,3,4,1,4,5,1,1,0,0,1,7,2,15,3,22,5,16,57,43,Bravida Arena,"Inlandsgatan 48, Göteborg",1,1,2.7,3.45,2.39,1.23,1.75,2.8,1.62,2.25,1.27,1.42,4.0,2.65,1.33,2.5,3.0,1.48,4,0,2,1,1,2,2,679,0,54,0,-1,2,1,1,2,0,2,3,2,1,0,0,1,1,1,1,27,85,89,112,0.47,2.48,2.95,0,0,0,0,0,0,1,1,0,1,0,0,0,0,1,17,25,1,16,5,1,11,7,40,93,7,62,1.07,1.6,1.33,1.43,1.25,1.5,61,7,1.84,1.5,3.34,30,True,True,True,True,False,False,True,2.38,2.99,3.49,2.98,1.25,1.83,2.77,1.45,,,1.47,2.52,3.15,1.36,,
Sweden_Allsvenskan_2025,2025,13,Djurgården,Norrköping,2025-06-30 17:00:00,1,1,2,11,1,12,2,1,0,0,12,3,15,5,27,8,11,12,64,36,Tele2 Arena,"Johanneshov, Stockholm",2,1,1.65,4.1,4.6,1.13,1.53,2.35,1.57,2.3,1.28,1.7,3.35,2.42,1.27,2.36,3.4,1.63,2,1,0,0,1,1,1,-1,0,65,0,-1,2,1,4,0,7,1,4,8,0,1,2,0,1,2,1,73,21,127,70,3.06,0.87,3.94,0,0,0,0,0,0,1,1,0,0,1,0,0,1,1,28,14,1,12,11,1,8,10,39,75,39,75,1.67,0.87,1.0,1.4,1.25,1.17,62,25,1.48,1.06,2.54,30,True,True,False,False,False,False,True,4.57,1.70,4.17,2.51,1.19,1.60,2.45,1.56,,,1.49,2.50,,,,
Sweden_Allsvenskan_2025,2025,13,Mjällby,Malmö FF,2025-06-30 17:00:00,1,1,2,8,5,13,3,2,0,1,2,7,15,6,17,13,13,14,61,39,Strandvallen,"Campingvägen 44, Hällevik, Sölvesborg",3,4,2.2,3.45,3.15,1.27,1.92,3.15,1.7,2.1,1.27,1.48,3.4,2.55,1.35,2.75,2.9,1.42,2,0,1,1,0,1,1,-1,0,42,0,-1,2,1,4,1,4,4,5,8,1,1,2,2,2,4,1,56,65,86,90,1.61,1.78,3.39,0,0,0,0,0,0,1,1,0,1,0,1,0,0,1,22,28,1,14,13,1,7,11,33,59,33,59,2.47,1.6,2.67,1.33,2.31,1.69,67,42,1.44,1.39,2.83,30,True,True,False,False,False,False,True,3.27,2.26,3.40,3.15,1.27,1.89,2.88,1.42,,,1.60,2.25,3.06,1.38,,
Sweden_Allsvenskan_2025,2025,14,Öster,Mjällby,2025-07-05 13:00:00,0,1,1,3,7,10,3,3,0,0,2,6,7,18,9,24,18,11,47,53,,,3,3,5.36,4.28,1.72,1.18,1.64,2.78,1.73,1.95,1.21,1.35,3.9,2.9,1.3,2.48,3.2,1.47,1,0,0,0,1,1,0,671,0,60,0,-1,2,1,1,4,2,3,5,5,0,1,3,2,1,5,1,39,72,78,109,0.99,2.44,3.44,0,0,0,0,0,0,1,1,0,0,1,0,0,0,1,16,27,1,11,18,1,13,6,60,84,44,67,0.8,2.53,0.83,2.0,0.92,2.21,41,17,1.06,1.55,2.61,30,True,False,False,False,False,False,False,1.59,5.47,4.25,2.78,1.23,1.72,2.58,1.51,,,1.48,2.55,3.29,1.34,,
Sweden_Allsvenskan_2025,2025,14,GAIS,Malmö FF,2025-07-05 13:00:00,0,0,0,6,3,9,1,0,0,0,3,1,19,11,22,12,12,5,45,55,,,1,0,2.85,3.4,2.34,1.22,1.75,2.9,1.62,2.2,1.28,1.46,3.3,2.4,1.35,2.5,3.24,1.47,0,0,0,0,0,0,0,-1,0,52,0,-1,2,1,1,1,5,2,2,7,0,0,1,0,0,1,1,69,34,111,107,2.09,1.08,3.17,0,0,0,0,0,0,1,1,0,0,1,0,0,0,1,26,26,1,5,12,1,8,16,25,69,25,59,1.87,1.6,1.6,1.29,1.62,1.64,76,32,2.06,1.44,3.5,30,False,False,False,False,False,False,False,2.34,3.03,3.51,3.03,1.25,1.83,2.71,1.47,,,1.49,2.52,3.24,1.35,,
Sweden_Allsvenskan_2025,2025,14,Hammarby,Värnamo,2025-07-05 15:30:00,1,0,1,9,3,12,3,3,0,1,5,0,16,10,21,10,8,15,73,27,Tele2 Arena,"Johanneshov, Stockholm",3,5,1.35,5.25,7.75,1.14,1.43,2.08,1.7,2.0,1.22,1.47,3.4,2.55,1.23,2.12,3.8,1.63,1,0,0,1,0,1,0,655,0,44,0,-1,2,1,5,1,4,2,6,6,1,2,2,2,3,4,1,114,26,153,65,2.5,0.82,3.32,0,0,0,0,0,0,1,1,0,0,0,0,0,1,1,26,12,1,15,8,1,9,12,36,86,34,79,2.47,0.33,2.38,0.17,2.14,0.31,65,15,2.17,1.52,3.69,30,True,False,False,False,False,False,False,8.32,1.35,5.44,2.19,1.14,1.47,2.16,1.70,,,1.48,2.55,,,,
Sweden_Allsvenskan_2025,2025,14,IFK Göteborg,Sirius,2025-07-06 12:00:00,3,1,4,4,5,9,3,3,0,0,5,5,8,6,13,11,11,12,52,48,,,3,3,1.75,3.95,4.38,1.19,1.57,2.45,1.55,2.25,1.23,1.45,4.13,2.55,1.27,2.47,3.4,1.55,4,1,1,2,0,2,2,665,0,75,0,-1,2,1,2,1,2,4,3,6,2,3,1,0,5,1,1,40,35,94,94,1.46,1.31,2.77,1,1,1,1,0,0,1,1,0,1,0,0,1,2,1,34,30,1,11,10,1,7,8,52,75,38,54,1.47,1.07,1.17,0.86,1.46,1.0,48,25,1.38,1.3,2.68,30,True,True,True,True,False,False,True,4.49,1.76,3.96,2.55,1.19,1.63,2.45,1.56,,,,,,,,
Sweden_Allsvenskan_2025,2025,14,Halmstad,AIK,2025-07-06 12:00:00,2,0,2,2,8,10,0,1,0,0,2,4,5,9,7,13,8,8,30,70,,,0,1,5.6,3.55,1.65,1.34,2.21,3.9,1.95,1.67,1.46,2.1,2.4,1.9,1.45,2.98,2.6,1.35,2,2,0,0,0,0,2,657,0,54,0,-1,2,1,0,2,2,6,2,8,0,0,0,1,0,1,1,17,76,59,149,0.71,1.66,2.37,0,0,0,0,0,0,1,1,0,0,0,0,0,0,1,18,25,1,8,8,1,14,10,55,61,35,67,1.2,1.4,1.29,1.88,1.0,2.07,46,40,1.31,1.19,2.5,30,True,True,False,False,False,False,False,1.78,4.86,3.59,3.95,1.38,2.16,3.26,1.34,,,1.90,1.90,2.76,1.45,1.52,2.39
Sweden_Allsvenskan_2025,2025,14,Djurgården,Degerfors,2025-07-06 14:30:00,5,1,6,7,4,11,2,3,0,0,8,4,12,9,20,13,8,14,57,43,Tele2 Arena,"Johanneshov, Stockholm",2,3,1.68,4.06,4.85,1.22,1.7,2.72,1.73,2.05,1.3,1.65,3.05,2.26,1.34,2.5,3.58,1.44,6,3,0,2,1,3,3,659,0,54,0,-1,2,1,3,0,4,4,3,8,1,0,1,3,1,4,1,48,37,93,84,2.16,1.37,3.53,1,0,1,0,0,0,1,1,1,0,1,0,0,0,1,17,14,1,13,8,1,12,10,41,70,24,62,1.67,1.47,1.0,1.5,1.23,1.0,60,30,1.71,1.33,3.04,30,True,True,True,True,True,True,True,4.82,1.69,4.06,3.02,1.25,1.80,2.70,1.47,,,1.60,2.27,3.29,1.34,,
Sweden_Allsvenskan_2025,2025,14,Elfsborg,Häcken,2025-07-06 14:30:00,0,2,2,16,0,16,3,2,0,0,3,4,9,8,12,12,15,11,62,38,Borås Arena,"Ălgårdsvägen 32, Borås",3,2,1.65,3.85,4.25,1.12,1.56,2.47,1.57,2.28,1.32,1.7,3.35,2.33,1.25,2.26,3.5,1.65,2,0,1,0,1,1,1,664,0,38,0,-1,2,1,9,0,7,0,9,7,2,2,1,0,4,1,1,72,21,126,61,1.5,1.19,2.69,0,0,0,0,0,0,1,1,0,0,3,0,0,0,1,16,24,1,11,15,1,7,15,45,100,45,85,1.6,1.27,2.29,1.17,2.0,1.15,55,0,1.47,1.44,2.91,30,True,True,False,False,False,False,False,4.57,1.70,4.19,2.44,1.18,1.58,,,,,1.55,2.33,,,,
Sweden_Allsvenskan_2025,2025,14,Norrköping,Brommapojkarna,2025-07-07 17:00:00,0,1,1,9,4,13,2,1,0,0,3,4,11,10,14,14,9,16,66,34,,,2,1,2.6,3.6,2.4,1.09,1.42,2.1,1.35,2.7,1.22,1.3,4.0,2.97,1.2,2.05,3.9,1.69,1,0,0,0,1,1,0,672,0,50,0,-1,2,1,5,0,4,4,5,8,0,0,2,1,0,3,1,66,50,149,68,1.58,1.52,3.1,0,0,0,0,0,0,1,1,0,0,1,0,0,0,1,35,29,1,16,9,1,6,9,64,93,22,64,1.07,1.27,1.0,1.43,1.15,1.0,36,7,1.51,1.61,3.12,30,True,False,False,False,False,False,False,2.48,2.58,3.97,2.20,1.14,1.48,2.16,1.71,,,1.45,2.58,,,,
Sweden_Allsvenskan_2025,2025,15,IFK Göteborg,Elfsborg,2025-07-12 13:00:00,1,2,3,7,4,11,0,4,0,0,7,5,11,6,18,11,13,21,52,48,,,0,4,2.45,3.4,2.78,1.25,1.83,2.88,1.68,2.2,1.25,1.47,3.34,2.45,1.33,2.71,3.1,1.45,3,1,2,0,0,0,3,663,0,45,0,-1,2,1,3,3,4,1,6,5,0,1,0,3,1,3,1,35,52,91,104,1.88,1.43,3.31,0,0,0,0,0,0,1,1,0,0,0,0,0,0,1,25,23,1,21,13,1,9,15,38,54,38,45,1.47,1.07,1.43,1.67,1.57,1.86,62,47,1.39,1.42,2.81,30,True,True,True,False,False,False,True,2.91,2.41,3.52,3.00,1.25,1.83,,,,,1.54,2.39,,,,
Sweden_Allsvenskan_2025,2025,15,Malmö FF,Norrköping,2025-07-12 15:30:00,3,1,4,4,2,6,2,2,0,0,7,5,7,9,14,14,20,14,48,52,,,2,2,1.26,5.5,10.0,1.15,1.54,2.1,1.67,1.85,1.2,1.46,4.59,2.55,1.23,2.08,3.8,1.72,4,1,0,2,1,3,1,656,0,63,0,-1,2,1,2,2,2,0,4,2,0,1,2,1,1,3,1,55,28,99,77,1.77,1.44,3.21,0,0,0,0,0,0,1,1,0,0,0,1,0,1,1,22,15,1,14,20,1,6,9,54,93,40,79,1.67,0.87,2.0,1.33,1.6,1.07,47,7,2.07,1.03,3.1,30,True,True,True,True,False,False,True,11.09,1.26,6.03,,,,2.29,1.62,,,,,,,,
Sweden_Allsvenskan_2025,2025,15,GAIS,Hammarby,2025-07-13 12:00:00,3,2,5,12,1,13,2,1,0,0,10,5,11,3,21,8,12,9,43,57,,,2,1,2.45,3.0,2.75,1.31,2.05,3.71,1.76,1.91,1.38,1.5,3.22,2.25,1.35,2.9,2.9,1.37,5,1,0,2,2,4,1,679,0,42,0,-1,-1,1,-1,-1,-1,-1,-1,-1,0,0,2,1,0,3,1,47,20,87,84,2.36,1.01,3.37,1,1,1,1,0,0,1,1,0,0,-1,-1,0,0,1,31,23,1,8,11,1,4,9,25,75,25,42,1.87,1.67,1.5,1.83,1.57,2.2,75,25,2.07,1.86,3.93,30,True,True,True,True,True,False,True,2.90,2.52,3.33,3.65,1.34,2.08,3.03,1.39,,,1.60,2.25,2.92,1.41,,
Sweden_Allsvenskan_2025,2025,15,Brommapojkarna,Öster,2025-07-13 12:00:00,2,0,2,12,7,19,2,4,0,0,8,3,10,6,18,9,9,14,42,58,Tele2 Arena,"Johanneshov, Stockholm",2,4,1.55,3.8,5.25,1.13,1.79,2.4,1.67,2.2,1.2,1.46,4.5,3.1,1.28,2.29,3.5,1.57,2,0,0,2,0,2,0,672,0,38,0,-1,2,1,6,2,6,5,8,11,0,1,2,3,1,5,1,50,39,71,86,2.05,1.07,3.11,0,0,0,0,0,0,1,1,0,0,4,0,0,0,1,17,25,1,14,9,1,6,7,31,54,23,62,0.8,0.93,0.5,1.0,1.14,0.86,69,47,1.53,0.88,2.41,30,True,True,False,False,False,False,False,6.13,1.51,4.53,2.50,1.19,1.61,2.39,1.58,,,,,3.31,1.33,,
Sweden_Allsvenskan_2025,2025,15,AIK,Degerfors,2025-07-13 14:30:00,3,0,3,5,1,6,0,2,0,0,4,1,9,5,13,6,8,14,53,47,Friends Arena,"Råsta Strandväg 1, Solna",0,2,1.65,3.4,5.0,1.32,2.0,3.4,1.95,1.8,1.32,1.83,2.88,2.24,1.42,2.92,2.9,1.38,3,1,0,2,0,2,1,661,0,45,0,-1,2,1,4,0,1,1,4,2,0,1,0,1,1,1,1,53,24,90,86,1.48,0.64,2.12,0,0,0,0,0,0,1,1,0,0,0,0,0,1,1,29,21,1,14,8,1,10,12,61,77,47,69,1.8,1.47,2.33,1.29,1.93,0.93,40,24,1.55,1.34,2.89,30,True,True,True,False,False,False,False,5.52,1.67,3.78,3.70,1.35,2.07,3.11,1.38,,,1.62,2.24,2.91,1.42,,
Sweden_Allsvenskan_2025,2025,15,Värnamo,Djurgården,2025-07-13 14:30:00,1,0,1,8,8,16,4,3,0,0,4,5,6,16,10,21,17,14,40,60,Finnvedsvallen,"Sandgatan, Värnamo",4,3,4.7,3.7,1.77,1.25,1.73,2.8,1.7,2.1,1.32,1.55,3.04,2.2,1.33,2.57,3.1,1.45,1,0,0,1,0,1,0,678,0,44,0,-1,2,1,6,4,2,4,10,6,0,0,4,3,0,7,1,37,53,87,103,1.19,2.05,3.24,0,0,0,0,0,0,1,1,0,0,0,1,0,0,1,15,31,1,14,17,1,13,8,45,61,31,69,0.73,1.6,0.43,1.5,0.29,1.36,55,40,1.46,1.14,2.6,30,True,False,False,False,False,False,False,1.76,4.53,3.92,3.02,1.26,1.80,,,,,1.58,2.29,,,,
Sweden_Allsvenskan_2025,2025,15,Häcken,Halmstad,2025-07-13 16:30:00,4,1,5,7,1,8,3,0,0,0,7,6,11,5,18,11,9,11,67,33,Bravida Arena,"Inlandsgatan 48, Göteborg",3,0,1.64,3.8,4.2,1.22,1.72,2.9,1.73,2.0,1.35,1.74,3.22,2.3,1.3,2.72,3.3,1.48,5,3,0,1,1,2,3,664,0,37,0,-1,2,1,3,0,4,1,3,5,0,0,3,0,0,3,1,73,24,144,61,2.16,1.29,3.45,1,0,1,0,0,0,1,1,0,0,0,0,0,0,1,15,8,1,10,9,1,4,11,45,84,24,61,1.07,1.13,1.14,0.67,1.29,1.14,55,17,1.65,0.72,2.37,30,True,True,True,True,True,False,True,4.58,1.71,4.12,2.93,1.25,1.78,2.65,1.49,,,1.71,2.10,3.35,1.34,1.44,2.62
Sweden_Allsvenskan_2025,2025,15,Sirius,Mjällby,2025-07-14 17:00:00,1,2,3,6,3,9,0,1,0,0,7,4,8,5,15,9,9,12,54,46,Studenternas IP,"Ulleråkersvägen 6, Uppsala",0,1,2.72,3.45,2.53,1.18,1.74,2.78,1.57,2.3,1.22,1.5,3.5,2.52,1.3,2.37,3.2,1.5,3,0,2,1,0,1,2,671,0,63,0,-1,2,1,2,3,4,0,5,4,0,0,0,1,0,1,1,71,34,138,74,1.96,1.1,3.06,0,0,0,0,0,0,1,1,0,1,1,0,0,0,1,23,12,1,12,9,1,6,17,63,86,57,78,1.53,2.53,1.17,2.13,0.93,2.27,38,15,1.49,1.66,3.15,30,True,True,True,False,False,False,True,2.61,2.66,3.54,2.78,1.22,1.74,,,,,,,,,,
Sweden_Allsvenskan_2025,2025,16,Öster,Malmö FF,2025-07-19 13:00:00,0,2,2,1,5,6,0,1,0,0,1,5,11,8,12,13,10,10,36,64,,,0,1,6.6,4.3,1.44,1.25,1.8,2.9,1.85,1.85,1.27,1.47,3.3,2.48,1.34,2.53,3.29,1.51,2,0,1,0,1,1,1,656,0,34,0,-1,2,1,1,2,0,3,3,3,0,1,0,0,1,0,1,37,34,74,105,1.1,1.43,2.52,0,0,0,0,0,0,1,1,0,0,0,0,0,0,1,23,20,1,10,10,1,5,11,27,54,20,40,0.8,1.6,0.71,1.25,0.8,1.69,73,47,1.05,1.4,2.45,30,True,True,False,False,False,False,False,1.54,6.08,4.28,2.98,1.26,1.83,2.67,1.48,1.91,1.91,,,3.29,1.34,,
Sweden_Allsvenskan_2025,2025,16,Djurgården,Elfsborg,2025-07-19 13:00:00,1,0,1,7,1,8,3,2,0,0,8,6,10,6,18,12,17,22,45,55,Tele2 Arena,"Johanneshov, Stockholm",3,2,1.77,3.6,4.3,1.2,1.62,3.1,1.62,2.2,1.32,1.47,3.3,2.48,1.32,2.51,3.1,1.44,1,1,0,0,0,0,1,659,0,53,0,-1,2,1,4,1,3,0,5,3,1,1,2,1,2,3,1,47,45,91,95,2.03,1.51,3.54,0,0,0,0,0,0,1,1,0,0,1,0,0,0,1,19,21,1,22,17,1,10,10,34,60,34,53,1.67,1.07,1.25,1.86,1.27,1.93,66,41,1.77,1.42,3.19,30,True,False,False,False,False,False,False,4.67,1.72,4.00,2.61,1.20,1.66,2.48,1.55,1.64,2.28,1.53,2.37,3.29,1.34,,
Sweden_Allsvenskan_2025,2025,16,Degerfors,GAIS,2025-07-19 15:30:00,0,3,3,6,1,7,1,1,0,0,9,5,7,7,16,12,10,15,53,47,Stora Valla,"Stora Vallavägen 1, Degerfors",1,1,3.62,3.68,1.97,1.25,1.89,2.9,1.67,2.05,1.28,1.48,3.25,2.45,1.36,2.6,3.17,1.42,3,0,1,0,2,2,1,679,0,60,0,-1,2,1,3,1,3,0,4,3,0,0,1,1,0,2,1,60,34,99,76,2.07,1.35,3.43,0,0,0,0,0,0,1,1,0,0,0,0,0,0,1,23,24,1,15,10,1,6,9,48,80,41,75,0.53,1.6,0.57,1.63,0.87,1.67,53,21,1.52,1.63,3.15,30,True,True,True,False,False,False,False,1.96,3.84,3.67,3.11,1.26,1.87,2.78,1.45,1.71,2.15,1.49,2.50,3.17,1.36,,
Sweden_Allsvenskan_2025,2025,16,Sirius,IFK Göteborg,2025-07-20 12:00:00,0,1,1,3,6,9,5,1,0,0,3,6,12,9,15,15,14,14,59,41,Studenternas IP,"Ulleråkersvägen 6, Uppsala",5,1,2.68,3.6,2.45,1.18,1.73,2.82,1.57,2.3,1.32,1.56,3.2,2.42,1.35,2.4,2.95,1.53,1,0,0,0,1,1,0,665,0,50,0,-1,2,1,0,1,3,5,1,8,1,0,4,1,1,5,1,74,46,108,91,1.69,1.7,3.39,0,0,0,0,0,0,1,1,0,0,0,0,0,0,1,19,14,1,14,14,1,7,8,64,79,64,86,1.53,1.93,1.0,1.71,0.87,1.47,36,22,1.56,1.22,2.78,30,True,False,False,False,False,False,False,2.40,2.85,3.64,2.76,1.22,1.73,2.55,1.53,1.58,2.41,,,3.33,1.34,,
Sweden_Allsvenskan_2025,2025,16,Mjällby,AIK,2025-07-20 12:00:00,2,0,2,5,5,10,2,3,0,0,2,1,8,6,10,7,14,15,55,45,Strandvallen,"Campingvägen 44, Hällevik, Sölvesborg",2,3,2.28,3.25,3.25,1.44,2.1,3.95,1.96,1.8,1.41,1.75,3.2,2.04,1.42,3.26,2.6,1.3,2,0,0,2,0,2,0,671,0,51,0,-1,2,1,3,3,2,2,6,4,0,1,2,2,1,4,1,46,46,95,91,1.11,0.85,1.96,0,0,0,0,0,0,1,1,0,0,1,0,0,0,1,15,29,1,15,14,1,11,10,31,64,26,69,2.47,1.4,2.43,1.67,2.31,2.0,69,37,1.46,1.24,2.7,30,True,True,False,False,False,False,False,3.36,2.33,3.17,4.38,1.45,2.37,,,2.04,1.80,1.75,2.04,,,,
Sweden_Allsvenskan_2025,2025,16,Halmstad,Häcken,2025-07-20 14:30:00,0,0,0,2,11,13,3,2,0,0,3,7,6,15,9,22,16,9,32,68,,,3,2,3.03,3.55,2.12,1.2,1.75,2.94,1.6,2.2,1.42,1.9,2.84,2.12,1.32,2.37,3.1,1.45,0,0,0,0,0,0,0,-1,0,40,0,-1,2,1,0,6,2,5,6,7,2,0,1,2,2,3,1,32,66,66,134,1.01,2.36,3.37,0,0,0,0,0,0,1,1,0,0,0,1,1,0,1,18,22,1,9,16,1,14,7,46,88,46,81,1.2,1.27,1.5,1.43,1.07,1.4,55,13,1.24,1.41,2.65,30,False,False,False,False,False,False,False,2.28,3.11,3.54,2.94,1.25,1.81,2.66,1.49,1.65,2.27,1.81,1.99,3.33,1.34,1.47,2.56
Sweden_Allsvenskan_2025,2025,16,Hammarby,Brommapojkarna,2025-07-20 14:30:00,3,2,5,8,6,14,1,1,0,0,8,3,12,8,20,11,10,20,70,30,Tele2 Arena,"Johanneshov, Stockholm",1,1,1.72,4.2,4.35,1.17,1.53,2.38,1.57,2.3,1.25,1.48,4.29,2.55,1.29,2.25,3.4,1.57,5,0,2,3,0,3,2,655,0,36,0,-1,2,1,1,2,7,4,3,11,1,1,0,0,2,0,1,73,31,117,78,2.35,1.13,3.48,0,0,0,0,0,0,1,1,0,0,0,2,0,0,1,20,15,1,20,10,1,5,11,42,77,29,59,2.47,1.27,2.44,1.63,2.06,1.27,59,24,2.2,1.6,3.8,30,True,True,True,True,True,False,True,4.59,1.71,4.13,2.37,1.17,1.55,2.29,1.64,1.58,2.42,,,,,,
Sweden_Allsvenskan_2025,2025,16,Norrköping,Värnamo,2025-07-21 17:00:00,3,1,4,4,7,11,2,1,0,0,6,4,12,11,18,15,13,13,51,49,,,2,1,1.99,3.4,2.92,1.22,1.62,2.61,1.53,2.38,1.15,1.27,4.4,3.3,1.3,2.38,3.2,1.55,4,1,0,2,1,3,1,125,0,47,0,-1,2,1,2,5,2,2,7,4,1,1,1,0,2,1,1,64,43,107,67,2.02,1.53,3.55,0,0,0,0,0,0,1,1,1,0,0,1,0,0,1,23,18,1,13,13,1,14,13,46,80,20,67,1.07,0.33,0.88,0.14,1.0,0.47,55,21,1.52,1.42,2.94,30,True,True,True,True,False,False,True,2.96,2.32,3.65,2.61,1.20,1.66,2.40,1.59,1.54,2.51,,,,,,
Sweden_Allsvenskan_2025,2025,17,GAIS,Halmstad,2025-07-26 13:00:00,3,0,3,6,2,8,2,2,0,0,5,2,13,5,18,7,13,11,61,39,,,2,2,1.33,4.95,9.0,1.22,1.7,2.62,2.0,1.71,1.25,1.56,3.4,2.42,1.3,2.4,3.34,1.47,3,2,0,1,0,1,2,679,0,43,0,-1,2,1,3,1,3,1,4,4,1,1,1,1,2,2,1,46,24,106,97,1.82,0.77,2.59,0,0,0,0,0,0,1,1,1,0,1,0,0,0,1,19,17,1,11,13,1,6,13,36,71,29,57,1.87,1.13,1.71,0.57,1.75,1.06,64,29,2.11,0.81,2.92,30,True,True,True,False,False,False,False,9.68,1.33,5.27,2.73,1.22,1.71,2.56,1.52,2.11,1.75,1.50,2.44,3.34,1.34,,
Sweden_Allsvenskan_2025,2025,17,Brommapojkarna,Malmö FF,2025-07-26 13:00:00,2,3,5,3,6,9,2,2,0,0,4,4,6,11,10,15,11,9,32,68,Tele2 Arena,"Johanneshov, Stockholm",2,2,3.6,3.5,1.95,1.21,1.67,2.63,1.57,2.25,1.22,1.41,3.7,2.55,1.28,2.48,3.3,1.52,5,1,1,1,2,3,2,656,0,31,0,-1,2,1,2,3,1,3,5,4,0,0,2,2,0,4,1,35,57,57,147,1.16,1.65,2.82,0,0,0,0,0,0,1,1,0,0,2,0,0,0,1,19,9,1,9,11,1,8,3,26,57,18,57,0.8,1.6,0.86,1.44,1.19,1.76,75,44,1.62,1.4,3.02,30,True,True,True,True,True,False,True,1.99,3.60,3.77,2.67,1.21,1.68,2.51,1.54,1.61,2.36,,,,,,
Sweden_Allsvenskan_2025,2025,17,Degerfors,Norrköping,2025-07-26 15:30:00,0,0,0,7,1,8,3,2,0,0,4,1,17,4,21,5,18,17,58,42,Stora Valla,"Stora Vallavägen 1, Degerfors",3,2,2.05,3.3,3.0,1.22,1.66,2.55,1.55,2.25,1.27,1.51,3.14,2.3,1.3,2.4,3.2,1.53,0,0,0,0,0,0,0,-1,0,68,0,-1,2,1,4,1,3,0,5,3,2,0,1,2,2,3,1,95,21,94,61,2.28,0.55,2.82,0,0,0,0,0,0,1,1,0,0,0,0,0,0,1,36,20,1,17,18,1,6,15,60,88,47,94,0.53,0.87,0.5,1.14,0.81,1.13,41,13,1.59,1.09,2.68,30,False,False,False,False,False,False,False,3.07,2.20,3.79,2.64,1.20,1.66,2.47,1.56,1.55,2.49,1.51,2.45,,,,
Sweden_Allsvenskan_2025,2025,17,Häcken,Djurgården,2025-07-27 12:00:00,1,6,7,5,1,6,3,1,2,0,6,7,12,11,18,18,12,11,49,51,Bravida Arena,"Inlandsgatan 48, Göteborg",7,1,3.05,3.6,2.05,1.2,1.69,2.5,1.55,2.3,1.25,1.92,3.4,2.4,1.29,2.5,3.4,1.55,7,0,4,1,2,3,4,659,0,39,0,-1,2,1,2,0,3,1,2,4,3,0,2,1,3,3,1,42,56,78,86,1.85,2.02,3.88,0,0,0,0,0,0,1,1,0,1,0,0,0,0,1,10,11,1,11,12,1,6,11,46,72,27,66,1.07,1.6,1.38,1.29,1.38,1.38,55,29,1.71,1.27,2.98,30,True,True,True,True,True,True,True,2.22,3.10,3.70,2.73,1.21,1.71,2.50,1.55,1.58,2.42,1.70,2.12,3.29,1.35,,
Sweden_Allsvenskan_2025,2025,17,AIK,Öster,2025-07-27 12:00:00,0,0,0,9,1,10,1,0,0,0,4,1,11,5,15,6,17,9,54,46,Friends Arena,"Råsta Strandväg 1, Solna",1,0,1.57,4.15,6.4,1.38,2.2,3.9,2.2,1.57,1.3,1.5,3.15,2.45,1.5,2.95,2.78,1.3,0,0,0,0,0,0,0,-1,0,34,0,-1,2,1,4,1,5,0,5,5,0,0,1,0,0,1,1,44,32,110,93,1.55,0.69,2.24,0,0,0,0,0,0,1,1,0,0,0,1,0,0,1,34,26,1,9,17,1,3,10,41,67,34,61,1.8,0.93,2.43,0.88,1.88,0.75,59,34,1.54,0.9,2.44,30,False,False,False,False,False,False,False,6.07,1.59,3.98,4.05,1.39,2.21,3.26,1.35,2.27,1.65,1.51,2.45,2.78,1.45,,
Sweden_Allsvenskan_2025,2025,17,Värnamo,Hammarby,2025-07-27 14:30:00,2,3,5,3,6,9,3,2,0,0,7,10,5,12,12,22,13,9,35,65,Finnvedsvallen,"Sandgatan, Värnamo",3,2,5.5,3.68,1.55,1.17,1.61,2.7,1.7,2.1,1.24,1.5,3.5,2.4,1.27,2.42,3.28,1.53,5,2,1,0,2,2,3,655,0,53,0,-1,2,1,2,4,1,2,6,3,1,0,2,2,1,4,1,34,78,54,131,1.49,2.65,4.14,0,1,0,1,0,0,1,1,0,1,0,0,0,0,1,6,20,1,9,12,1,12,5,47,75,27,53,0.73,1.67,0.75,1.57,0.44,2.12,54,26,1.43,1.74,3.17,30,True,True,True,True,True,False,True,1.56,5.67,4.33,2.76,1.22,1.70,2.47,1.56,1.75,2.10,,,3.34,1.34,,
Sweden_Allsvenskan_2025,2025,17,Mjällby,Sirius,2025-07-27 14:30:00,2,1,3,10,2,12,0,0,0,0,7,2,12,8,19,10,13,13,57,43,Strandvallen,"Campingvägen 44, Hällevik, Sölvesborg",0,0,1.38,4.46,5.92,1.14,1.57,2.4,1.6,2.21,1.25,1.48,3.49,2.48,1.27,2.25,3.4,1.57,3,0,1,2,0,2,1,671,0,75,0,-1,2,-1,6,0,4,2,6,6,0,0,0,0,0,0,1,59,48,85,87,2.11,1.12,3.23,0,0,0,0,0,0,1,1,0,1,2,0,-1,-1,1,22,22,1,13,13,1,7,10,50,88,38,63,2.47,1.07,2.5,0.75,2.35,0.81,50,13,1.42,1.3,2.72,30,True,True,True,False,False,False,True,5.92,1.53,4.46,2.50,1.19,1.60,2.34,1.61,1.68,2.21,1.48,2.52,,,,
Sweden_Allsvenskan_2025,2025,17,Elfsborg,IFK Göteborg,2025-07-28 17:00:00,4,3,7,12,2,14,2,4,0,0,6,5,9,6,15,11,13,14,59,41,Borås Arena,"Ălgårdsvägen 32, Borås",2,4,2.35,3.3,2.9,1.16,1.65,2.6,1.5,2.4,1.22,1.43,3.5,2.54,1.3,2.33,3.58,1.58,7,1,3,3,0,3,4,663,0,38,0,-1,2,1,4,0,8,2,4,10,2,1,0,3,3,3,1,41,28,99,64,1.67,1.25,2.91,0,0,0,0,0,0,1,1,0,1,0,0,0,0,1,15,37,1,14,12,1,7,10,57,82,57,88,1.6,1.93,2.0,1.88,1.81,1.56,44,19,1.48,1.28,2.76,30,True,True,True,True,True,True,True,2.81,2.48,3.52,2.69,1.21,1.69,2.37,1.59,1.56,2.47,1.55,2.38,,,,
Sweden_Allsvenskan_2025,2025,18,Brommapojkarna,Norrköping,2025-08-02 13:00:00,6,4,10,5,6,11,3,2,0,0,9,9,7,5,16,14,15,13,54,46,Grimsta IP,"Gulddragargränd 100, Hässelby-Vällingby, Stockholm",3,2,1.75,4.1,4.32,1.12,1.44,1.95,1.44,2.5,1.24,1.41,3.6,2.9,1.22,2.05,3.9,1.66,10,3,4,3,0,3,7,672,0,57,0,-1,2,1,4,0,1,6,4,7,0,0,3,2,0,5,1,62,36,89,67,2.08,1.77,3.85,0,0,0,0,0,0,1,1,1,2,0,0,0,0,1,15,24,1,13,15,1,5,9,44,76,32,76,0.8,0.87,0.75,1.13,1.12,1.12,57,26,1.55,1.02,2.57,30,True,True,True,True,True,True,True,4.33,1.69,4.47,2.14,1.13,1.44,2.16,1.70,1.46,2.76,,,,,,
Sweden_Allsvenskan_2025,2025,18,Värnamo,GAIS,2025-08-02 15:30:00,2,2,4,6,6,12,1,1,0,0,3,9,7,20,10,29,9,8,42,58,Finnvedsvallen,"Sandgatan, Värnamo",1,1,4.33,3.7,1.6,1.22,1.69,2.7,1.71,2.06,1.24,1.5,3.5,2.8,1.35,2.48,2.95,1.44,4,1,1,1,1,2,2,-1,0,62,0,-1,2,1,5,1,1,5,6,6,1,0,0,1,1,1,1,29,78,55,134,1.05,3.01,4.06,0,0,0,0,0,0,1,1,1,1,0,0,0,0,1,27,27,1,8,9,1,19,3,50,78,28,67,0.73,1.6,0.67,1.78,0.41,1.82,50,22,1.43,1.6,3.03,30,True,True,True,True,False,False,True,1.68,4.85,4.08,2.75,1.22,1.69,2.60,1.50,1.67,2.23,,,3.33,1.33,,
Sweden_Allsvenskan_2025,2025,18,Häcken,Elfsborg,2025-08-03 12:00:00,1,2,3,4,6,10,1,1,0,0,8,7,13,6,21,13,12,16,62,38,Bravida Arena,"Inlandsgatan 48, Göteborg",1,1,2.9,3.75,2.16,1.11,1.57,2.15,1.53,2.5,1.26,1.57,3.85,2.5,1.28,2.25,3.3,1.57,3,0,0,1,2,3,0,663,0,53,0,-1,2,1,0,3,4,3,3,7,0,0,1,1,0,2,1,53,40,97,78,2.26,1.6,3.86,0,0,0,0,0,0,1,1,0,0,0,1,0,0,1,14,20,1,16,12,1,5,12,53,75,36,64,1.07,1.07,1.22,1.63,1.29,1.88,48,25,1.73,1.43,3.16,30,True,True,True,False,False,False,True,2.10,3.16,3.98,2.19,1.14,1.48,2.18,1.70,1.44,2.85,1.48,2.50,,,,
Sweden_Allsvenskan_2025,2025,18,Djurgården,Halmstad,2025-08-03 12:00:00,1,1,2,9,5,14,2,3,0,1,2,2,21,4,23,6,8,23,67,33,Tele2 Arena,"Johanneshov, Stockholm",2,4,1.25,6.1,10.0,1.16,1.5,2.2,1.97,1.8,1.38,1.73,2.62,2.25,1.25,2.25,3.6,1.67,2,1,1,0,0,0,2,-1,0,41,0,-1,2,1,8,1,1,4,9,5,1,2,1,2,3,3,1,64,37,119,74,2.05,0.79,2.84,0,0,0,0,0,0,1,1,0,0,3,0,0,0,1,22,20,1,23,8,1,3,13,36,66,36,65,1.67,1.13,1.44,0.5,1.47,1.0,64,35,1.8,0.81,2.61,30,True,True,False,False,False,False,True,10.29,1.25,6.45,2.28,1.16,1.50,2.25,1.64,2.00,1.81,1.68,2.12,,,,
Sweden_Allsvenskan_2025,2025,18,Sirius,Öster,2025-08-03 14:30:00,1,1,2,5,6,11,2,3,0,0,7,4,8,9,15,13,12,17,66,34,Studenternas IP,"Ulleråkersvägen 6, Uppsala",2,3,1.72,3.9,4.46,1.18,1.61,2.5,1.63,2.15,1.18,1.32,4.1,2.74,1.31,2.4,3.28,1.5,2,0,0,1,1,2,0,-1,0,42,0,-1,2,1,2,3,3,3,5,6,0,1,2,2,1,4,1,63,37,120,69,1.9,1.37,3.26,1,0,1,0,0,0,1,1,0,0,0,0,0,0,1,16,25,1,16,12,1,8,10,36,66,36,54,1.53,0.93,0.88,0.89,0.76,0.76,64,35,1.57,0.88,2.45,30,True,True,False,False,False,False,True,4.68,1.69,4.15,2.60,1.20,1.64,2.51,1.54,1.66,2.24,,,3.25,1.31,,
Sweden_Allsvenskan_2025,2025,18,IFK Göteborg,Degerfors,2025-08-04 17:00:00,3,0,3,20,4,24,2,1,0,1,10,2,22,5,32,7,10,2,67,33,,,2,2,1.66,4.1,4.87,1.22,1.7,2.8,1.67,2.04,1.35,1.65,3.35,2.2,1.28,2.38,3.1,1.5,3,2,0,1,0,1,2,665,0,57,0,-1,2,1,11,2,9,2,13,11,0,2,2,0,2,2,1,96,22,126,65,3.39,0.75,4.14,0,0,0,0,0,0,1,1,0,0,3,0,0,2,1,26,10,1,2,10,1,4,19,63,76,44,69,1.47,1.47,1.25,1.13,1.47,0.82,38,26,1.45,1.25,2.7,30,True,True,True,False,False,False,False,4.75,1.68,4.15,2.76,1.22,1.71,2.45,1.56,1.71,2.16,1.51,2.45,3.35,1.34,,
Sweden_Allsvenskan_2025,2025,19,Malmö FF,Mjällby,2025-08-09 13:00:00,1,3,4,9,3,12,2,3,0,0,6,5,13,8,19,13,9,11,54,46,,,2,3,2.0,3.6,3.5,1.29,2.0,3.1,1.75,1.95,1.29,1.64,3.6,2.45,1.4,2.78,2.75,1.4,4,0,0,1,3,4,0,671,0,64,0,-1,2,1,2,3,7,0,5,7,0,1,2,2,1,4,1,51,38,106,95,1.99,1.45,3.44,0,0,0,0,0,0,1,1,0,0,0,0,0,0,1,26,15,1,11,9,1,7,7,71,89,46,76,1.67,2.53,2.13,2.22,1.83,2.39,30,12,2.03,1.6,3.63,30,True,True,True,True,False,False,True,4.12,1.91,3.59,3.50,1.32,2.02,3.01,1.40,1.86,1.96,1.58,2.29,2.97,1.40,,
Sweden_Allsvenskan_2025,2025,19,Halmstad,Sirius,2025-08-09 15:30:00,0,1,1,8,8,16,3,1,0,0,1,2,4,14,5,16,14,11,50,50,,,3,1,3.35,3.5,2.23,1.27,1.82,3.1,1.64,2.1,1.3,1.82,2.92,2.28,1.33,2.6,2.91,1.45,1,0,0,0,1,1,0,662,0,72,0,-1,2,1,1,5,7,3,6,10,0,0,3,1,0,4,1,38,53,96,92,0.67,1.53,2.21,0,0,0,0,0,0,1,1,0,0,0,2,0,0,1,15,20,1,11,14,1,11,7,67,84,50,67,1.2,1.07,1.44,0.67,1.0,0.78,33,17,1.21,1.28,2.49,30,True,False,False,False,False,False,False,2.15,3.45,3.47,,,,2.82,1.44,1.68,2.21,1.61,2.23,3.14,1.37,,
Sweden_Allsvenskan_2025,2025,19,Degerfors,Häcken,2025-08-10 12:00:00,0,0,0,4,7,11,3,2,0,0,1,6,7,9,8,15,13,9,31,69,Stora Valla,"Stora Vallavägen 1, Degerfors",3,2,2.95,3.6,2.3,1.18,1.65,2.5,1.52,2.3,1.22,1.58,3.5,2.55,1.31,2.4,3.25,1.52,0,0,0,0,0,0,0,-1,0,35,0,-1,2,1,4,5,0,2,9,2,0,1,3,1,1,4,1,39,65,67,131,0.86,1.84,2.7,0,0,0,0,0,0,1,1,0,0,1,1,0,0,1,20,29,1,9,12,1,12,9,41,78,35,77,0.53,1.27,0.56,1.38,0.78,1.22,60,23,1.66,1.53,3.19,30,False,False,False,False,False,False,False,2.18,3.33,3.52,2.76,1.22,1.73,2.57,1.52,1.59,2.39,1.49,2.48,,,,
Sweden_Allsvenskan_2025,2025,19,AIK,Djurgården,2025-08-10 12:00:00,0,0,0,3,5,8,2,2,0,0,3,6,17,7,20,13,11,14,43,57,Friends Arena,"Råsta Strandväg 1, Solna",2,2,2.6,2.9,2.86,1.41,2.42,4.6,2.15,1.8,1.49,1.97,2.32,1.75,1.5,3.36,2.4,1.28,0,0,0,0,0,0,0,-1,0,25,0,-1,2,1,1,3,2,2,4,4,1,0,1,2,1,3,1,47,56,85,115,1.8,1.65,3.46,0,0,0,0,0,0,1,1,0,0,0,0,0,0,1,22,20,1,14,11,1,12,10,44,57,38,63,1.8,1.6,2.25,1.5,1.83,1.44,57,44,1.54,1.36,2.9,30,False,False,False,False,False,False,False,3.01,2.52,3.20,4.78,1.48,2.48,3.36,1.32,2.06,1.78,1.97,1.83,2.55,1.53,1.55,2.32
Sweden_Allsvenskan_2025,2025,19,Öster,Brommapojkarna,2025-08-10 14:30:00,1,1,2,3,1,4,1,5,0,0,2,1,6,9,8,10,14,14,39,61,,,1,5,2.8,3.3,2.05,1.18,1.67,2.45,1.53,2.25,1.16,1.29,4.3,3.08,1.28,2.54,3.2,1.48,2,1,0,0,1,1,1,-1,0,35,0,-1,2,1,1,0,2,1,1,3,0,2,1,3,2,4,1,20,60,71,120,0.8,1.15,1.94,1,0,1,0,0,0,1,1,1,0,0,0,0,0,1,23,26,1,13,14,1,11,6,41,71,18,47,0.8,1.27,0.63,1.44,0.78,1.22,60,30,1.06,1.55,2.61,30,True,True,False,False,False,False,True,2.47,2.69,3.75,2.72,1.22,1.70,2.54,1.53,1.59,2.40,,,,,,
Sweden_Allsvenskan_2025,2025,19,Norrköping,Hammarby,2025-08-10 14:30:00,0,2,2,9,10,19,5,1,0,0,3,6,7,8,10,14,16,13,37,63,,,5,1,4.8,3.9,1.63,1.16,1.48,2.25,1.55,2.35,1.25,1.43,3.58,2.64,1.28,2.22,3.5,1.62,2,0,0,0,2,2,0,655,0,53,0,-1,2,1,2,6,7,4,8,11,2,0,3,1,2,4,1,31,68,47,107,1.06,1.8,2.86,0,0,0,0,0,0,1,1,0,0,2,0,0,0,1,18,20,1,13,16,1,3,4,59,89,30,59,1.07,1.67,1.11,1.75,1.06,2.17,42,12,1.57,1.85,3.42,30,True,True,False,False,False,False,False,1.59,5.12,4.50,2.34,1.16,1.53,2.30,1.63,1.58,2.42,,,,,,
Sweden_Allsvenskan_2025,2025,19,GAIS,IFK Göteborg,2025-08-11 17:00:00,0,1,1,12,2,14,4,4,0,0,4,3,14,4,18,7,16,12,62,38,,,4,4,2.0,3.3,3.1,1.21,1.81,3.0,1.67,2.0,1.19,1.52,4.0,2.74,1.29,2.51,2.9,1.43,1,0,1,0,0,0,1,665,0,47,0,-1,2,1,6,1,6,1,7,7,2,1,2,3,3,5,1,95,26,140,85,2.1,0.85,2.95,0,0,0,0,0,0,1,1,0,0,1,0,0,0,1,31,33,1,11,16,1,9,8,53,71,46,76,1.87,1.93,1.88,1.67,1.78,1.56,48,29,2.07,1.28,3.35,30,True,False,False,False,False,False,False,3.46,2.13,3.50,2.94,1.24,1.78,,,1.62,2.32,,,,,,
Sweden_Allsvenskan_2025,2025,19,Elfsborg,Värnamo,2025-08-11 17:00:00,2,2,4,8,3,11,1,0,0,0,8,4,15,7,23,11,14,13,54,46,Borås Arena,"Ălgårdsvägen 32, Borås",1,0,1.45,4.95,5.5,1.08,1.4,2.05,1.68,2.05,1.23,1.54,3.78,2.75,1.2,2.08,3.5,1.7,4,1,0,1,2,3,1,-1,0,47,0,-1,2,1,4,1,4,2,5,6,0,0,1,0,0,1,1,58,29,105,80,2.42,1.19,3.61,0,0,0,0,0,0,1,1,0,0,0,0,0,0,1,13,25,1,13,14,1,5,15,47,88,35,82,1.6,0.33,2.11,0.13,1.94,0.44,54,13,1.5,1.43,2.93,30,True,True,True,True,False,False,True,6.33,1.45,5.03,2.07,1.13,1.42,2.11,1.73,1.56,2.46,,,,,,
Sweden_Allsvenskan_2025,2025,20,Halmstad,Malmö FF,2025-08-16 13:00:00,0,4,4,7,9,16,3,1,0,0,4,8,6,7,10,15,8,10,38,62,,,3,1,4.75,4.35,1.67,1.25,1.93,3.33,1.85,1.85,1.38,1.68,2.71,2.2,1.34,2.65,3.16,1.45,4,0,3,0,1,1,3,656,0,40,0,-1,2,1,2,3,5,6,5,11,1,1,2,0,2,2,1,49,60,89,111,1.27,1.94,3.21,0,0,0,0,0,0,1,1,0,0,0,1,0,0,1,23,29,1,10,8,1,9,8,40,60,40,60,1.2,1.6,1.3,1.6,0.95,1.74,60,40,1.16,1.43,2.59,30,True,True,True,True,False,False,False,1.74,4.84,3.82,3.33,1.30,1.94,2.92,1.42,1.86,1.95,1.73,2.06,3.05,1.39,,
Sweden_Allsvenskan_2025,2025,20,Norrköping,Elfsborg,2025-08-16 15:30:00,2,1,3,6,13,19,1,4,0,0,5,6,11,13,16,19,6,21,46,54,,,1,4,3.25,3.8,2.05,1.14,1.53,2.3,1.47,2.4,1.21,1.48,3.85,2.74,1.28,2.4,3.3,1.57,3,1,0,1,1,2,1,125,0,47,0,-1,2,1,2,8,4,5,10,9,1,2,0,2,3,2,1,31,55,79,92,1.58,2.01,3.59,1,0,1,0,0,0,1,1,0,0,1,3,0,0,1,12,26,1,20,6,1,12,6,52,73,27,52,1.07,1.07,1.0,1.78,1.0,1.89,48,27,1.52,1.45,2.97,30,True,True,True,False,False,False,True,2.05,3.42,3.79,2.38,1.17,1.56,2.32,1.62,1.50,2.63,,,,,,
Sweden_Allsvenskan_2025,2025,20,Brommapojkarna,Sirius,2025-08-17 12:00:00,2,4,6,4,3,7,2,3,0,0,5,8,5,5,10,13,13,13,51,49,Grimsta IP,"Gulddragargränd 100, Hässelby-Vällingby, Stockholm",2,3,2.1,3.85,3.1,1.1,1.49,2.18,1.4,2.6,1.24,1.33,4.06,2.82,1.21,2.1,3.3,1.65,6,0,0,2,4,6,0,662,0,67,0,-1,2,1,4,1,0,2,5,2,0,1,2,2,1,4,1,59,40,77,94,1.41,1.67,3.08,1,0,1,0,0,0,1,1,0,0,0,1,0,0,1,25,16,1,12,13,1,8,4,57,79,37,64,0.8,1.07,1.0,0.9,1.21,0.89,43,22,1.62,1.3,2.92,30,True,True,True,True,True,True,True,3.06,2.12,4.07,2.24,1.15,1.49,2.19,1.69,1.45,2.80,,,,,,
Sweden_Allsvenskan_2025,2025,20,IFK Göteborg,AIK,2025-08-17 12:00:00,2,1,3,10,10,20,2,1,0,1,6,5,11,11,17,16,5,14,46,54,,,2,2,2.08,2.98,3.41,1.36,2.15,4.4,1.91,1.8,1.32,1.7,2.85,2.28,1.45,3.13,2.5,1.32,3,1,0,1,1,2,1,665,0,48,0,-1,2,1,2,4,8,6,6,14,1,1,1,1,2,2,1,38,61,99,98,1.77,1.8,3.57,0,0,0,0,0,0,1,1,0,0,1,0,0,1,1,24,26,1,14,5,1,8,9,43,64,38,64,1.47,1.4,1.44,1.5,1.63,1.79,57,37,1.67,1.2,2.87,30,True,True,True,False,False,False,True,3.41,2.34,3.11,4.28,1.41,2.33,3.41,1.32,1.94,1.88,1.59,2.28,2.68,1.48,,
Sweden_Allsvenskan_2025,2025,20,Hammarby,GAIS,2025-08-17 14:30:00,1,2,3,7,2,9,2,6,0,0,5,5,10,5,15,10,8,17,62,38,Tele2 Arena,"Johanneshov, Stockholm",2,6,1.85,3.55,3.55,1.22,1.8,2.85,1.61,2.28,1.23,1.66,3.49,2.5,1.29,2.58,3.3,1.53,3,1,1,0,1,1,2,679,0,50,0,-1,2,1,1,0,6,2,1,8,1,3,1,3,4,4,1,60,37,105,97,1.73,1.26,2.99,0,1,0,1,0,0,1,1,0,0,0,0,0,0,1,17,16,1,17,7,1,8,4,45,85,40,70,2.47,1.6,2.5,1.7,2.21,1.68,55,15,2.22,1.74,3.96,30,True,True,True,False,False,False,True,3.93,1.88,3.86,2.79,1.22,1.72,2.58,1.52,1.62,2.32,,,3.34,1.34,,
Sweden_Allsvenskan_2025,2025,20,Mjällby,Djurgården,2025-08-17 14:30:00,1,1,2,4,5,9,2,6,0,0,4,5,7,9,11,14,18,11,67,33,Strandvallen,"Campingvägen 44, Hällevik, Sölvesborg",2,6,2.38,3.55,3.1,1.22,1.75,2.9,1.66,2.2,1.47,1.68,2.71,2.04,1.29,2.6,3.0,1.5,2,0,1,1,0,1,1,-1,0,39,0,-1,2,1,2,2,2,3,4,5,0,1,2,5,1,7,1,67,47,121,73,1.47,1.57,3.04,0,0,0,0,0,0,1,1,0,0,0,1,0,0,1,31,9,1,11,18,1,13,12,33,61,28,62,2.47,1.6,2.56,1.44,2.42,1.42,67,39,1.5,1.39,2.89,30,True,True,False,False,False,False,True,3.32,2.18,3.54,2.99,1.25,1.81,,,1.66,2.26,1.68,2.12,,,,
Sweden_Allsvenskan_2025,2025,20,Häcken,Öster,2025-08-17 14:30:00,0,2,2,8,2,10,1,5,0,0,4,5,10,5,14,10,8,21,73,27,Bravida Arena,"Inlandsgatan 48, Göteborg",1,5,1.6,4.05,5.0,1.15,1.53,2.45,1.6,2.25,1.25,1.36,3.15,2.35,1.24,2.2,3.3,1.57,2,0,1,0,1,1,1,683,0,55,0,-1,2,1,4,1,4,1,5,5,0,1,1,4,1,5,1,68,25,131,66,1.66,1.16,2.83,0,0,0,0,0,0,1,1,0,0,0,0,0,0,1,19,18,1,21,8,1,8,13,45,80,25,55,1.07,0.93,1.1,0.9,1.21,0.79,55,20,1.78,0.93,2.71,30,True,True,False,False,False,False,False,5.22,1.60,4.39,2.45,1.18,1.59,,,1.64,2.29,,,,,,
Sweden_Allsvenskan_2025,2025,20,Värnamo,Degerfors,2025-08-18 17:00:00,3,2,5,5,10,15,2,2,0,0,5,3,10,12,15,15,7,10,54,46,Finnvedsvallen,"Sandgatan, Värnamo",2,2,2.31,3.5,2.78,1.2,1.7,2.65,1.55,2.35,1.27,1.58,3.58,2.6,1.37,2.3,2.85,1.55,5,1,1,2,1,3,2,678,0,57,0,-1,2,1,0,4,5,6,4,11,2,0,0,2,2,2,1,40,61,98,90,1.59,1.59,3.18,1,0,1,0,0,0,1,1,1,0,0,0,0,0,1,26,38,1,9,7,1,11,8,69,80,42,74,0.73,1.47,0.7,1.0,0.47,0.79,31,21,1.4,1.2,2.6,30,True,True,True,True,True,False,True,2.69,2.52,3.66,2.59,1.20,1.65,2.49,1.55,1.52,2.51,,,3.32,1.34,,
Sweden_Allsvenskan_2025,2025,21,Sirius,Hammarby,2025-08-24 12:00:00,3,1,4,4,10,14,0,0,0,0,5,4,12,18,17,22,16,8,37,63,Studenternas IP,"Ulleråkersvägen 6, Uppsala",0,0,3.65,3.6,1.85,1.2,1.57,2.55,1.52,2.52,1.24,1.61,3.35,2.5,1.3,2.25,3.2,1.5,4,1,0,2,1,3,1,662,0,50,0,-1,2,-1,2,8,2,2,10,4,0,0,0,0,0,0,1,42,72,70,111,1.72,2.18,3.9,0,0,0,0,0,0,1,1,0,0,0,2,-1,-1,1,12,18,1,8,16,1,14,9,44,84,39,50,1.53,1.67,0.89,1.89,1.0,2.1,56,17,1.61,1.84,3.45,30,True,True,True,True,False,False,True,1.85,3.96,3.96,2.44,1.18,1.58,2.35,1.61,1.52,2.52,,,,,,
Sweden_Allsvenskan_2025,2025,21,Djurgården,Brommapojkarna,2025-08-24 12:00:00,1,0,1,4,3,7,1,2,0,0,3,2,17,12,20,14,18,12,54,46,Tele2 Arena,"Johanneshov, Stockholm",1,2,1.57,4.5,4.8,1.17,1.53,2.25,1.55,2.25,1.29,1.53,3.34,2.25,1.25,2.2,3.6,1.63,1,1,0,0,0,0,1,659,0,55,0,-1,2,1,2,0,2,3,2,5,0,2,1,0,2,1,1,76,66,106,95,2.01,1.5,3.51,0,0,0,0,0,0,1,1,0,0,1,0,0,0,1,23,15,1,12,18,1,7,11,35,70,25,65,1.67,1.27,1.4,1.4,1.4,1.15,65,30,1.82,1.51,3.33,30,True,False,False,False,False,False,False,4.87,1.63,4.43,2.38,1.17,1.55,2.31,1.63,1.58,2.35,1.52,2.43,,,,
Sweden_Allsvenskan_2025,2025,21,Malmö FF,IFK Göteborg,2025-08-24 14:30:00,0,0,0,9,6,15,3,1,0,0,7,4,25,7,32,11,15,14,65,35,,,3,1,1.73,3.84,5.0,1.25,1.76,2.9,1.78,2.05,1.21,1.4,3.8,2.65,1.3,2.64,3.0,1.47,0,0,0,0,0,0,0,-1,0,48,0,-1,2,1,1,5,8,1,6,9,1,0,2,1,1,3,1,78,42,96,87,3.05,1.28,4.33,0,0,0,0,0,0,1,1,0,0,0,2,0,0,1,25,18,1,13,15,1,9,10,64,75,41,73,1.67,1.93,1.89,1.8,1.8,1.7,37,26,2.03,1.23,3.26,30,False,False,False,False,False,False,False,4.76,1.76,3.77,3.13,1.27,1.88,2.82,1.44,1.78,2.04,,,3.15,1.37,,
Sweden_Allsvenskan_2025,2025,21,Degerfors,AIK,2025-08-24 14:30:00,0,1,1,6,6,12,2,1,0,0,2,5,3,6,5,11,13,11,42,58,Stora Valla,"Stora Vallavägen 1, Degerfors",2,1,3.6,3.1,1.99,1.4,2.2,3.89,1.95,1.81,1.27,1.55,3.3,2.35,1.44,2.9,2.55,1.33,1,0,1,0,0,0,1,661,0,43,0,-1,2,1,3,4,3,2,7,5,2,0,0,1,2,1,1,34,55,98,136,0.72,1.46,2.18,0,0,0,0,0,0,1,1,0,0,1,2,0,0,1,21,31,1,11,13,1,8,4,43,62,29,67,0.53,1.4,0.6,1.36,0.75,1.7,57,38,1.58,1.26,2.84,30,True,False,False,False,False,False,False,1.97,4.12,3.39,4.10,1.40,2.24,3.27,1.35,2.00,1.81,1.70,2.10,2.78,1.45,,
Sweden_Allsvenskan_2025,2025,21,Värnamo,Häcken,2025-08-24 14:30:00,1,5,6,4,7,11,1,1,0,0,3,13,9,9,12,22,14,11,44,56,Finnvedsvallen,"Sandgatan, Värnamo",1,1,2.82,3.6,2.3,1.15,1.55,2.25,1.5,2.35,1.28,1.45,3.6,2.48,1.29,2.2,3.4,1.55,6,1,2,0,3,3,3,664,0,48,0,-1,2,1,0,5,4,2,5,6,0,1,1,0,1,1,1,42,46,108,109,1.28,2.63,3.91,0,0,0,0,0,0,1,1,0,1,0,1,0,0,1,25,25,1,11,14,1,7,7,43,76,34,70,0.73,1.27,0.91,1.33,0.6,1.15,57,25,1.41,1.56,2.97,30,True,True,True,True,True,True,True,2.39,2.76,3.83,2.37,1.16,1.56,2.29,1.64,1.47,2.65,1.48,2.50,,,,
Sweden_Allsvenskan_2025,2025,21,Elfsborg,Halmstad,2025-08-24 14:30:00,1,2,3,2,3,5,2,3,0,0,4,7,6,6,10,13,9,13,66,34,Borås Arena,"Ălgårdsvägen 32, Borås",2,3,1.43,4.52,7.7,1.19,1.67,2.4,1.82,1.87,1.28,1.49,3.08,2.25,1.29,2.3,3.3,1.55,3,0,1,1,1,2,1,657,0,42,0,-1,2,1,1,1,1,2,2,3,2,0,0,3,2,3,1,62,26,122,76,1.37,1.5,2.87,0,1,0,1,0,0,1,1,0,0,0,0,0,0,1,36,20,1,13,8,1,4,13,52,89,53,79,1.6,1.13,2.0,0.56,1.8,0.9,48,11,1.59,0.8,2.39,30,True,True,True,False,False,False,True,5.88,1.53,4.47,2.76,1.23,1.70,2.58,1.52,1.81,2.00,1.49,2.47,,,,
Sweden_Allsvenskan_2025,2025,21,Öster,Norrköping,2025-08-25 17:00:00,1,2,3,6,5,11,3,3,0,0,3,6,9,6,12,12,15,10,53,47,,,3,3,2.15,3.25,2.74,1.24,1.8,3.0,1.64,2.1,1.21,1.57,3.8,2.88,1.33,2.5,3.0,1.46,3,0,1,1,1,2,1,125,0,56,0,-1,2,1,0,2,6,3,2,9,1,1,2,2,2,4,1,47,44,116,111,1.32,1.51,2.82,0,0,0,0,0,0,1,1,0,0,0,1,0,0,1,19,21,1,10,15,1,8,10,39,78,28,67,0.8,0.87,0.67,1.0,0.9,1.1,61,22,1.03,1.1,2.13,30,True,True,True,False,False,False,True,3.18,2.28,3.47,2.94,1.24,1.80,2.67,1.48,1.60,2.34,,,3.32,1.34,,
Sweden_Allsvenskan_2025,2025,21,GAIS,Mjällby,2025-08-25 17:00:00,0,2,2,7,7,14,0,2,0,0,4,4,10,11,14,15,10,12,53,47,,,0,2,2.2,3.45,3.11,1.26,1.83,2.97,1.65,2.15,1.25,1.75,3.08,2.33,1.36,2.57,2.9,1.44,2,0,0,0,2,2,0,671,0,62,0,-1,2,1,3,3,4,4,6,8,0,1,0,1,1,1,1,90,40,143,72,1.82,1.51,3.33,0,0,0,0,0,0,1,1,0,0,1,1,0,0,1,34,16,1,12,10,1,10,10,57,79,41,74,1.87,2.53,1.67,2.3,1.75,2.35,44,22,2.08,1.58,3.66,30,True,True,False,False,False,False,False,3.02,2.35,3.51,3.01,1.25,1.83,2.76,1.46,1.61,2.30,1.59,2.28,3.20,1.36,,
Sweden_Allsvenskan_2025,2025,22,IFK Göteborg,Värnamo,2025-08-30 13:00:00,1,0,1,9,4,13,1,1,0,0,9,8,18,9,27,17,8,9,57,43,,,1,1,1.4,5.41,5.91,1.17,1.42,2.11,1.71,2.29,1.18,1.3,5.06,3.14,1.2,2.1,3.94,1.75,1,1,0,0,0,0,1,665,0,58,0,-1,2,1,6,1,3,3,7,6,0,0,1,1,0,2,1,78,38,128,85,2.89,1.91,4.79,0,0,0,0,0,0,1,1,0,0,0,0,0,0,1,25,25,1,9,8,1,11,18,52,74,31,74,1.47,0.33,1.6,0.22,1.67,0.57,48,26,1.68,1.4,3.08,30,True,False,False,False,False,False,False,6.11,1.44,5.32,2.04,1.12,1.41,2.10,1.75,1.58,2.36,,,,,,
Sweden_Allsvenskan_2025,2025,22,Brommapojkarna,Elfsborg,2025-08-30 13:00:00,3,0,3,2,5,7,0,2,0,0,8,4,2,8,10,12,13,10,33,67,Grimsta IP,"Gulddragargränd 100, Hässelby-Vällingby, Stockholm",0,2,2.36,3.25,2.65,1.2,1.53,2.4,1.46,2.5,1.22,1.57,3.48,2.5,1.25,2.25,3.68,1.56,3,0,0,3,0,3,0,672,0,50,0,-1,2,1,2,1,0,4,3,4,0,1,0,1,1,1,1,32,47,62,134,1.42,1.39,2.82,0,0,0,0,0,0,1,1,0,0,0,0,0,0,1,21,24,1,10,13,1,7,3,50,65,30,55,0.8,1.07,0.9,1.6,1.1,1.71,50,35,1.6,1.51,3.11,30,True,True,True,False,False,False,False,2.89,2.34,3.71,2.43,1.17,1.59,2.35,1.61,1.46,2.67,1.49,2.50,,,,
Sweden_Allsvenskan_2025,2025,22,Mjällby,Halmstad,2025-08-30 15:30:00,1,0,1,9,5,14,1,5,0,0,5,3,6,6,11,9,10,13,57,43,Strandvallen,"Campingvägen 44, Hällevik, Sölvesborg",1,5,1.44,3.8,6.5,1.25,1.81,2.63,1.99,1.83,1.31,1.81,3.02,2.22,1.33,2.65,3.25,1.48,1,0,0,1,0,1,0,671,0,50,0,-1,2,1,3,2,6,3,5,9,0,1,1,4,1,5,1,49,30,79,72,1.4,1.0,2.4,1,0,1,0,0,0,1,1,0,0,3,0,0,0,1,19,26,1,12,10,1,5,9,40,80,35,70,2.47,1.13,2.4,0.8,2.38,1.0,60,20,1.49,0.88,2.37,30,True,False,False,False,False,False,False,7.03,1.44,4.73,2.97,1.26,1.78,2.67,1.48,1.99,1.83,1.62,2.23,3.36,1.33,,
Sweden_Allsvenskan_2025,2025,22,Malmö FF,Degerfors,2025-08-31 12:00:00,1,1,2,8,4,12,1,4,0,0,7,4,18,7,25,11,9,15,74,26,,,1,4,1.29,5.7,10.0,1.2,1.62,2.5,2.0,1.8,1.27,1.44,3.35,2.55,1.27,2.25,3.5,1.6,2,1,1,0,0,0,2,-1,0,50,0,-1,2,1,6,0,2,4,6,6,0,1,1,3,1,4,1,93,23,149,60,2.74,1.14,3.88,0,0,0,0,0,0,1,1,0,1,1,0,0,0,1,26,19,1,15,8,1,3,14,70,85,35,65,1.67,1.47,1.8,0.9,1.76,0.71,30,15,2.13,1.24,3.37,30,True,True,False,False,False,False,True,10.81,1.28,5.68,2.55,1.20,1.62,2.46,1.56,2.00,1.81,,,,,,
Sweden_Allsvenskan_2025,2025,22,AIK,Sirius,2025-08-31 12:00:00,2,1,3,7,4,11,2,0,0,0,6,2,6,19,12,21,12,10,39,61,Friends Arena,"Råsta Strandväg 1, Solna",2,0,1.64,3.8,4.0,1.26,1.95,3.16,1.75,1.81,1.32,1.55,3.22,2.33,1.36,2.71,3.0,1.42,3,0,1,2,0,2,1,661,0,57,0,-1,2,1,3,2,4,2,5,6,1,0,1,0,1,1,1,26,59,78,127,1.37,1.89,3.26,0,0,0,0,0,0,1,1,0,0,1,0,0,0,1,19,25,1,10,12,1,13,7,59,74,35,56,1.8,1.07,2.11,1.09,1.76,1.1,42,27,1.57,1.34,2.91,30,True,True,True,False,False,False,True,4.25,1.83,3.80,3.37,1.30,1.94,2.92,1.42,1.80,2.01,1.55,2.33,3.05,1.39,,
Sweden_Allsvenskan_2025,2025,22,Norrköping,Djurgården,2025-08-31 12:00:00,0,4,4,7,6,13,4,2,1,0,2,11,6,3,8,14,11,15,32,68,,,5,2,4.0,4.12,1.7,1.15,1.57,2.5,1.58,2.3,1.25,1.67,3.5,2.55,1.25,2.25,3.5,1.57,4,0,2,0,2,2,2,659,0,43,0,-1,2,1,1,4,6,2,5,8,4,0,1,2,4,3,1,28,70,53,106,0.85,2.16,3.01,0,0,0,0,0,0,1,1,0,0,1,1,0,0,1,21,24,1,15,11,1,4,9,47,71,24,62,1.07,1.6,1.18,1.4,1.19,1.48,53,30,1.53,1.41,2.94,30,True,True,True,True,False,False,False,1.75,4.35,4.10,2.52,1.18,1.61,,,1.59,2.35,1.54,2.39,,,,
Sweden_Allsvenskan_2025,2025,22,Hammarby,Öster,2025-08-31 14:30:00,4,0,4,5,3,8,0,1,0,0,9,4,10,6,19,10,8,13,58,42,Tele2 Arena,"Johanneshov, Stockholm",0,1,1.38,5.0,7.25,1.19,1.61,2.51,1.8,1.93,1.27,1.36,4.0,2.98,1.28,2.4,3.5,1.57,4,3,0,1,0,1,3,655,0,41,0,-1,2,1,2,2,3,1,4,4,0,0,0,1,0,1,1,31,38,94,102,2.05,1.2,3.25,1,0,1,0,0,0,1,1,1,0,0,1,0,0,1,17,18,1,12,8,1,5,9,32,73,37,59,2.47,0.93,2.27,1.09,2.0,0.86,69,27,2.17,0.95,3.12,30,True,True,True,True,False,False,False,8.14,1.38,4.98,2.51,1.19,1.61,2.41,1.58,1.88,1.93,,,,,,
Sweden_Allsvenskan_2025,2025,22,GAIS,Häcken,2025-08-31 14:30:00,2,1,3,2,3,5,2,2,0,0,9,4,5,9,14,13,20,11,46,54,,,2,2,1.68,3.85,3.7,1.22,1.74,2.67,1.65,2.2,1.26,1.5,3.35,2.42,1.3,2.48,3.3,1.5,3,1,0,1,1,2,1,679,0,35,0,-1,2,1,1,1,1,2,2,3,1,1,1,1,2,2,1,52,22,140,83,1.9,1.26,3.17,0,0,0,0,0,0,1,1,0,0,1,0,1,0,1,15,15,1,11,20,1,9,13,30,75,25,65,1.87,1.27,1.5,1.5,1.67,1.24,70,25,2.05,1.67,3.72,30,True,True,True,False,False,False,True,3.62,1.98,3.79,2.74,1.23,1.74,,,1.65,2.23,1.50,2.45,,,,
Sweden_Allsvenskan_2025,2025,23,Degerfors,Mjällby,2025-09-13 13:00:00,0,1,1,1,5,6,1,1,0,0,0,5,8,7,8,12,16,14,38,62,Stora Valla,"Stora Vallavägen 1, Degerfors",1,1,4.4,3.4,1.73,1.29,1.97,3.11,1.75,1.93,1.23,1.67,3.42,2.51,1.37,2.75,2.93,1.4,1,0,1,0,0,0,1,671,0,55,0,-1,2,1,0,3,1,2,3,3,0,0,1,1,0,2,1,37,50,98,95,0.78,1.47,2.26,0,0,0,0,0,0,1,1,0,0,0,1,0,0,1,26,19,1,14,16,1,5,12,59,73,46,73,0.53,2.53,0.55,2.36,0.73,2.41,41,27,1.5,1.58,3.08,30,True,False,False,False,False,False,False,1.74,4.65,3.90,3.11,1.27,1.85,2.76,1.46,1.76,2.05,1.53,2.38,3.20,1.36,,
Sweden_Allsvenskan_2025,2025,23,Halmstad,Norrköping,2025-09-13 15:30:00,1,1,2,3,2,5,2,1,0,0,2,3,9,12,11,15,22,5,48,52,,,2,1,2.8,3.2,2.55,1.29,2.04,3.3,1.77,2.0,1.29,1.55,3.04,2.23,1.36,2.8,2.85,1.4,2,1,0,0,1,1,1,-1,0,58,0,-1,2,1,2,1,1,1,3,2,0,1,2,0,1,2,1,41,36,77,92,1.13,1.42,2.55,1,0,1,0,0,0,1,1,0,0,1,0,0,1,1,24,24,1,4,22,1,10,11,58,77,48,77,1.2,0.87,1.18,1.2,0.95,1.14,43,23,1.17,1.14,2.31,30,True,True,False,False,False,False,True,2.60,2.87,3.24,3.44,1.31,2.03,,,1.73,2.10,1.52,2.39,,,,
Sweden_Allsvenskan_2025,2025,23,Djurgården,Hammarby,2025-09-14 12:00:00,3,3,6,7,3,10,1,4,0,0,6,6,3,7,9,13,9,17,54,46,Tele2 Arena,"Johanneshov, Stockholm",1,4,2.78,3.57,2.19,1.25,1.88,3.0,1.62,2.2,1.3,1.64,2.84,2.12,1.37,2.5,3.15,1.45,6,1,2,2,1,3,3,-1,0,53,0,-1,2,1,4,1,3,2,5,5,1,1,0,3,2,3,1,63,22,109,81,1.45,1.4,2.86,0,0,0,0,0,0,1,1,0,0,3,0,0,0,1,22,28,1,17,9,1,7,6,34,73,29,62,1.67,1.67,1.55,1.7,1.55,2.05,66,28,1.84,1.88,3.72,30,True,True,True,True,True,True,True,2.37,2.95,3.55,3.06,1.26,1.85,2.80,1.45,1.67,2.20,1.71,2.07,3.15,1.37,,
Sweden_Allsvenskan_2025,2025,23,Öster,Värnamo,2025-09-14 13:00:00,4,3,7,6,5,11,1,1,0,0,9,5,8,12,17,17,7,7,62,38,,,1,1,2.2,3.4,3.0,1.25,1.83,2.87,1.66,2.3,1.13,1.43,4.6,3.14,1.31,2.55,3.0,1.44,7,2,2,2,1,3,4,683,0,45,0,-1,2,1,2,3,4,2,5,6,0,0,1,1,0,2,1,87,47,133,87,2.33,1.76,4.09,0,0,0,0,0,0,1,1,0,0,0,0,0,0,1,32,16,1,7,7,1,7,9,35,70,10,65,0.8,0.33,0.6,0.2,0.82,0.55,65,30,1.06,1.45,2.51,30,True,True,True,True,True,True,True,3.22,2.16,3.70,2.77,1.22,1.72,2.58,1.52,1.57,2.37,1.46,2.55,3.22,1.34,,
Sweden_Allsvenskan_2025,2025,23,Elfsborg,Malmö FF,2025-09-14 14:30:00,2,2,4,3,3,6,2,0,0,0,2,3,2,9,4,12,12,13,45,55,Borås Arena,"Ălgårdsvägen 32, Borås",2,0,3.5,3.7,1.97,1.19,1.73,2.74,1.65,2.08,1.23,1.66,3.42,2.51,1.34,2.5,3.0,1.46,4,0,2,2,0,2,2,-1,0,46,0,-1,2,1,1,1,2,2,2,4,0,0,2,0,0,2,1,41,33,99,78,0.7,1.21,1.91,0,1,0,1,0,0,1,1,0,1,0,1,0,0,1,14,11,1,13,11,1,9,9,50,82,41,78,1.6,1.6,1.82,1.73,1.64,1.73,50,18,1.57,1.47,3.04,30,True,True,True,True,False,False,True,2.01,3.65,3.69,2.83,1.23,1.75,2.63,1.50,1.62,2.29,1.54,2.37,3.35,1.34,,
Sweden_Allsvenskan_2025,2025,23,Sirius,GAIS,2025-09-14 14:30:00,3,0,3,7,4,11,0,1,0,0,7,2,10,5,17,7,9,15,50,50,Studenternas IP,"Ulleråkersvägen 6, Uppsala",0,1,2.8,3.45,2.34,1.2,1.65,2.5,1.56,2.39,1.24,1.47,3.34,2.42,1.25,2.3,3.5,1.52,3,1,0,2,0,2,1,662,0,62,0,-1,2,1,2,2,5,2,4,7,0,1,0,0,1,0,1,46,65,88,135,1.89,1.07,2.96,0,0,0,0,0,0,1,1,0,0,1,0,0,0,1,29,28,1,15,9,1,7,6,53,86,38,67,1.53,1.6,1.1,1.82,1.05,1.73,48,15,1.62,1.69,3.31,30,True,True,True,False,False,False,False,2.40,2.85,3.65,2.52,1.18,1.62,2.46,1.56,1.50,2.58,1.51,2.42,,,,
Sweden_Allsvenskan_2025,2025,23,AIK,Brommapojkarna,2025-09-15 17:00:00,2,1,3,6,2,8,3,4,0,0,7,1,8,2,15,3,12,12,51,49,Friends Arena,"Råsta Strandväg 1, Solna",3,4,1.7,3.7,4.8,1.32,2.03,3.3,1.83,1.83,1.32,1.85,2.88,2.14,1.38,2.68,2.8,1.44,3,1,0,1,1,2,1,661,0,38,0,-1,2,1,5,0,1,2,5,3,0,0,3,4,0,7,1,41,38,116,94,1.74,0.55,2.29,0,0,0,0,0,0,1,1,0,0,1,0,0,0,1,24,24,1,12,12,1,5,7,48,67,24,62,1.8,1.27,2.2,1.27,1.82,1.18,53,34,1.55,1.51,3.06,30,True,True,True,False,False,False,True,4.67,1.77,3.77,3.53,1.32,1.99,2.96,1.41,1.83,1.99,1.67,2.14,3.03,1.39,,
Sweden_Allsvenskan_2025,2025,23,Häcken,IFK Göteborg,2025-09-15 17:10:00,1,2,3,5,4,9,1,0,1,0,5,6,21,3,26,9,10,8,63,37,Bravida Arena,"Inlandsgatan 48, Göteborg",3,0,2.28,3.75,2.79,1.1,1.52,2.1,1.5,2.9,1.29,1.46,3.2,2.56,1.22,2.25,3.74,1.7,3,1,1,0,1,1,2,665,0,50,0,-1,2,1,5,2,0,2,7,2,0,0,2,0,0,2,1,72,41,99,76,2.5,1.29,3.78,0,0,0,0,0,0,1,1,0,0,2,0,0,0,1,22,21,1,8,10,1,7,19,60,78,41,78,1.07,1.93,1.0,1.73,1.18,1.73,41,23,1.77,1.24,3.01,30,True,True,True,False,False,False,True,2.76,2.26,4.19,2.13,1.13,1.44,2.13,1.73,1.40,2.90,1.46,2.56,,,,
Sweden_Allsvenskan_2025,2025,24,Malmö FF,Djurgården,2025-09-20 13:00:00,0,1,1,7,6,13,2,2,0,0,3,3,11,6,14,9,9,8,58,42,,,2,2,1.65,3.6,4.2,1.24,1.9,3.33,1.88,1.87,1.4,1.68,2.73,2.13,1.36,2.62,3.1,1.44,1,0,0,0,1,1,0,659,0,41,0,-1,2,1,4,2,3,4,6,7,1,0,1,2,1,3,1,66,29,113,80,1.57,1.0,2.57,0,0,0,0,0,0,1,1,0,0,0,0,0,0,1,24,19,1,8,9,1,6,11,46,69,32,60,1.67,1.6,1.73,1.55,1.7,1.52,55,32,2.18,1.48,3.66,30,True,False,False,False,False,False,False,4.43,1.80,3.78,3.47,1.32,1.99,,,1.88,1.94,1.68,2.13,,,,
Sweden_Allsvenskan_2025,2025,24,GAIS,Elfsborg,2025-09-20 13:00:00,2,0,2,4,4,8,1,2,0,1,5,5,11,14,16,19,14,10,47,53,,,1,4,1.88,3.65,3.25,1.28,1.7,3.0,1.67,2.05,1.28,1.59,3.3,2.46,1.37,2.82,3.1,1.57,2,1,0,1,0,1,1,679,0,45,0,-1,-1,1,-1,-1,-1,-1,-1,-1,0,0,1,3,0,4,1,46,53,101,106,1.69,1.93,3.63,0,0,0,0,0,0,1,1,0,0,-1,-1,0,0,1,22,25,1,10,14,1,9,8,46,69,23,55,1.87,1.07,1.64,1.45,1.65,1.61,55,32,2.04,1.5,3.54,30,True,True,False,False,False,False,False,3.34,2.18,3.51,3.22,1.28,1.90,,,1.72,2.15,1.47,2.54,,,,
Sweden_Allsvenskan_2025,2025,24,Mjällby,Öster,2025-09-20 15:30:00,1,1,2,9,6,15,0,1,0,0,4,3,10,8,14,11,8,14,59,41,Strandvallen,"Campingvägen 44, Hällevik, Sölvesborg",0,1,1.48,4.0,6.0,1.25,1.82,2.78,1.85,1.87,1.27,1.6,3.42,2.45,1.31,2.41,3.25,1.55,2,1,0,0,1,1,1,-1,0,44,0,-1,2,1,6,2,3,4,8,7,0,1,0,0,1,0,1,75,43,96,75,1.7,1.22,2.92,0,0,0,0,0,0,1,1,0,0,1,1,0,0,1,20,24,1,13,8,1,4,10,26,70,22,57,2.47,0.93,2.45,1.0,2.43,0.91,74,30,1.48,0.97,2.45,30,True,True,False,False,False,False,True,6.46,1.49,4.50,,,,2.71,1.47,1.92,1.89,1.47,2.52,3.28,1.35,,
Sweden_Allsvenskan_2025,2025,24,IFK Göteborg,Brommapojkarna,2025-09-21 12:00:00,0,1,1,10,4,14,1,2,0,0,2,6,14,5,16,11,9,17,73,27,,,1,2,1.73,3.8,4.45,1.18,1.52,2.4,1.59,2.39,1.18,1.42,3.88,2.63,1.27,2.37,3.6,1.6,1,0,0,0,1,1,0,672,0,53,0,-1,2,1,8,1,2,3,9,5,0,1,1,1,1,2,1,83,39,165,65,1.76,1.39,3.16,0,0,0,0,0,0,1,1,0,0,1,0,0,0,1,35,22,1,17,9,1,7,13,53,70,31,70,1.47,1.27,1.73,1.17,1.78,1.13,48,31,1.79,1.43,3.22,30,True,False,False,False,False,False,False,4.45,1.72,4.18,2.49,1.18,1.60,2.37,1.60,1.59,2.40,,,,,,
Sweden_Allsvenskan_2025,2025,24,Hammarby,Häcken,2025-09-21 12:00:00,4,0,4,7,7,14,0,2,0,0,10,6,15,6,25,12,6,9,60,40,Tele2 Arena,"Johanneshov, Stockholm",0,2,1.65,4.15,4.55,1.13,1.46,2.12,1.5,2.46,1.26,1.57,3.38,2.5,1.2,2.08,4.0,1.72,4,0,0,4,0,4,0,655,0,39,0,-1,-1,1,-1,-1,-1,-1,-1,-1,0,0,0,2,0,2,1,70,41,111,75,2.77,1.47,4.25,0,0,0,0,0,0,1,1,0,0,-1,-1,0,0,1,27,18,1,9,6,1,4,9,43,83,43,74,2.47,1.27,2.33,1.36,2.0,1.13,57,18,2.16,1.63,3.79,30,True,True,True,True,False,False,False,4.56,1.66,4.50,2.12,1.13,1.43,2.14,1.73,1.50,2.64,,,,,,
Sweden_Allsvenskan_2025,2025,24,Sirius,Degerfors,2025-09-21 14:30:00,1,3,4,6,0,6,2,1,0,0,2,5,6,4,8,9,16,9,53,47,Studenternas IP,"Ulleråkersvägen 6, Uppsala",2,1,1.53,4.0,4.8,1.17,1.55,2.12,1.57,2.18,1.27,1.48,3.78,2.71,1.25,2.31,3.8,1.62,4,1,0,0,3,3,1,680,0,55,0,-1,2,1,1,0,5,0,1,5,2,1,0,0,3,0,1,52,41,105,89,1.03,1.22,2.25,1,0,1,0,0,0,1,1,0,0,0,0,0,0,1,15,11,1,8,16,1,7,11,64,87,46,73,1.53,1.47,1.27,0.91,1.13,0.7,36,14,1.65,1.23,2.88,30,True,True,True,True,False,False,True,5.56,1.55,4.51,2.35,1.17,1.55,,,1.63,2.30,,,,,,
Sweden_Allsvenskan_2025,2025,24,Värnamo,Halmstad,2025-09-22 17:00:00,1,2,3,8,6,14,2,0,0,0,4,9,18,14,22,23,7,11,57,43,Finnvedsvallen,"Sandgatan, Värnamo",2,0,2.2,3.25,2.85,1.25,1.79,2.77,1.64,2.21,1.22,1.48,3.75,2.5,1.33,2.5,3.36,1.44,3,1,0,0,2,2,1,657,0,56,0,-1,2,1,4,3,4,3,7,7,1,0,1,0,1,1,1,43,59,110,118,1.98,2.5,4.48,0,0,0,0,0,0,1,1,0,0,1,1,0,0,1,14,26,1,11,7,1,6,9,56,74,48,70,0.73,1.13,0.83,0.73,0.52,0.96,44,26,1.4,0.89,2.29,30,True,True,True,False,False,False,True,3.08,2.26,3.61,,,,2.64,1.49,1.64,2.29,1.48,2.50,3.36,1.33,,
Sweden_Allsvenskan_2025,2025,24,Norrköping,AIK,2025-09-22 17:10:00,3,1,4,6,9,15,3,1,0,0,5,2,6,7,11,9,16,15,39,61,,,3,1,3.6,3.3,1.91,1.35,2.1,3.7,1.85,1.97,1.22,1.5,3.8,2.45,1.4,3.11,2.8,1.36,4,2,0,1,1,2,2,125,0,46,0,-1,2,1,4,3,2,6,7,8,1,1,2,0,2,2,1,45,43,120,101,1.38,1.03,2.41,0,0,0,0,0,0,1,1,0,0,1,2,0,0,1,25,31,1,15,16,1,8,8,50,75,21,67,1.07,1.4,1.08,1.5,1.13,1.87,50,25,1.47,1.27,2.74,30,True,True,True,True,False,False,True,2.15,3.56,3.37,3.81,1.35,2.12,3.11,1.37,1.85,1.97,,,2.88,1.42,,
Sweden_Allsvenskan_2025,2025,25,Elfsborg,Degerfors,2025-09-27 13:00:00,1,2,3,10,2,12,2,2,0,0,4,5,12,8,16,13,11,13,59,41,Borås Arena,"Ălgårdsvägen 32, Borås",2,2,2.0,3.71,3.3,1.23,1.83,3.05,1.7,2.16,1.25,1.45,3.58,2.5,1.31,2.57,3.23,1.42,3,0,2,1,0,1,2,680,0,58,0,8037,2,1,4,2,6,0,6,6,0,1,2,1,1,3,1,45,30,99,72,1.62,1.39,3.0,0,0,0,0,0,0,1,1,0,1,1,0,0,0,1,21,21,1,13,11,1,8,10,71,96,50,88,1.6,1.47,1.75,1.08,1.54,0.79,29,4,1.5,1.23,2.73,30,True,True,True,False,False,False,True,3.78,2.00,3.58,3.05,1.26,1.84,2.75,1.46,1.71,2.16,,,3.23,1.35,,
Sweden_Allsvenskan_2025,2025,25,Häcken,Norrköping,2025-09-27 15:30:00,2,0,2,8,3,11,5,2,0,0,6,0,11,2,17,2,19,9,46,54,Bravida Arena,"Inlandsgatan 48, Göteborg",5,2,1.6,4.3,4.93,1.09,1.46,2.17,1.47,2.49,1.23,1.43,3.42,2.56,1.19,2.2,3.9,1.67,2,0,0,2,0,2,0,664,0,75,0,4467,2,1,5,3,3,0,8,3,3,2,2,0,5,2,1,60,49,99,103,1.92,0.5,2.42,0,0,0,0,0,0,1,1,0,0,2,0,1,0,1,24,24,1,9,19,1,8,8,61,96,35,83,1.07,0.87,0.92,1.18,1.08,1.21,39,5,1.83,1.17,3.0,30,True,True,False,False,False,False,False,4.92,1.63,4.37,2.17,1.14,1.46,,,1.51,2.61,1.45,2.56,,,,
Sweden_Allsvenskan_2025,2025,25,Halmstad,Hammarby,2025-09-28 12:00:00,1,0,1,0,4,4,4,1,0,0,2,3,4,8,6,11,18,14,31,69,,,4,1,5.21,4.21,1.57,1.23,1.72,2.67,1.7,1.98,1.29,1.7,2.9,2.3,1.31,2.45,3.04,1.46,1,0,0,1,0,1,0,657,0,49,0,6852,2,1,0,2,0,2,2,2,2,0,2,1,2,3,1,32,67,84,161,0.76,1.41,2.17,0,0,0,0,0,0,1,1,0,0,0,0,0,0,1,26,15,1,14,18,1,13,6,53,79,43,61,1.2,1.67,1.17,1.64,1.04,2.04,48,21,1.16,1.83,2.99,30,True,False,False,False,False,False,False,1.74,4.52,4.02,2.88,1.24,1.75,2.64,1.49,1.74,2.12,1.59,2.27,3.34,1.34,,
Sweden_Allsvenskan_2025,2025,25,Brommapojkarna,Mjällby,2025-09-28 12:00:00,0,1,1,2,6,8,1,1,0,1,1,4,9,11,10,15,11,16,45,55,Grimsta IP,"Gulddragargränd 100, Hässelby-Vällingby, Stockholm",1,3,3.42,3.5,2.0,1.2,1.77,2.93,1.61,2.17,1.34,1.73,3.0,2.32,1.3,2.32,3.04,1.45,1,0,0,0,1,1,0,671,0,56,0,1696,2,1,1,3,1,3,4,4,1,0,0,2,1,2,1,40,40,104,100,1.0,1.52,2.52,0,0,0,0,0,0,1,1,0,0,0,3,0,0,1,16,20,1,16,11,1,7,9,61,78,39,65,0.8,2.53,1.09,2.42,1.21,2.38,39,22,1.58,1.57,3.15,30,True,False,False,False,False,False,False,2.08,3.46,3.64,2.89,1.24,1.78,,,1.64,2.28,1.55,2.32,,,,
Sweden_Allsvenskan_2025,2025,25,AIK,GAIS,2025-09-28 14:30:00,1,1,2,4,3,7,2,1,0,0,5,3,9,4,14,7,19,12,37,63,Friends Arena,"Råsta Strandväg 1, Solna",2,1,2.11,3.12,3.08,1.38,2.02,4.42,2.01,1.81,1.4,1.63,2.72,2.12,1.48,2.88,2.45,1.28,2,0,1,1,0,1,1,-1,0,47,0,25458,2,1,2,0,2,3,2,5,1,0,1,1,1,2,1,27,25,111,112,1.44,0.85,2.29,0,0,0,0,0,0,1,1,0,1,0,0,0,0,1,23,28,1,12,19,1,6,8,57,78,30,70,1.8,1.6,2.27,1.67,1.79,1.71,44,22,1.57,1.64,3.21,30,True,True,False,False,False,False,True,3.33,2.29,3.27,4.23,1.41,2.31,3.40,1.33,1.95,1.87,1.83,1.97,2.68,1.48,1.45,2.61
Sweden_Allsvenskan_2025,2025,25,Malmö FF,Värnamo,2025-09-28 14:30:00,3,2,5,3,0,3,1,1,0,0,8,4,11,7,19,11,15,9,50,50,,,1,1,1.17,5.7,11.0,1.11,1.43,2.1,1.99,1.79,1.22,1.49,3.65,2.68,1.17,2.08,4.0,1.75,5,1,1,2,1,3,2,656,0,53,0,15226,2,1,0,0,3,0,0,3,0,0,1,1,0,2,1,65,14,116,72,2.23,1.08,3.31,0,0,0,0,0,0,1,1,0,0,0,0,0,0,1,31,21,1,9,15,1,5,9,48,74,22,66,1.67,0.33,1.58,0.18,1.63,0.5,53,26,2.13,1.48,3.61,30,True,True,True,True,True,False,True,13.13,1.20,7.19,1.90,1.10,1.33,1.97,1.85,1.85,1.96,,,,,,
Sweden_Allsvenskan_2025,2025,25,Djurgården,Sirius,2025-09-29 17:00:00,8,2,10,5,6,11,2,3,0,0,9,11,5,12,14,23,10,13,48,52,Tele2 Arena,"Johanneshov, Stockholm",2,3,1.78,3.85,3.75,1.2,1.65,2.62,1.58,2.42,1.26,1.58,3.5,2.55,1.27,2.4,3.28,1.49,10,4,1,4,1,5,5,659,0,75,0,16248,2,1,3,1,2,5,4,7,1,2,1,1,3,2,1,33,52,73,110,1.75,2.59,4.34,0,0,0,0,0,0,1,1,2,0,1,0,0,0,1,15,20,1,13,10,1,8,1,50,75,33,67,1.67,1.07,1.5,1.0,1.58,1.08,50,25,1.81,1.38,3.19,30,True,True,True,True,True,True,True,3.37,2.04,3.90,2.49,1.19,1.60,,,1.51,2.60,,,,,,
Sweden_Allsvenskan_2025,2025,25,Öster,IFK Göteborg,2025-09-29 17:10:00,0,2,2,2,8,10,3,2,1,0,1,9,5,23,6,32,13,10,43,57,,,4,2,3.42,3.4,2.03,1.25,1.83,2.88,1.62,2.06,1.2,1.36,3.9,2.79,1.33,2.54,3.27,1.43,2,0,0,0,2,2,0,665,0,44,0,8047,2,1,2,3,0,5,5,5,0,1,4,1,1,5,1,53,60,89,110,0.84,3.07,3.91,0,0,0,0,0,0,1,1,0,0,1,0,0,0,1,14,28,1,10,13,1,10,6,47,66,38,69,0.8,1.93,0.82,1.83,0.92,1.71,53,35,1.17,1.24,2.41,30,True,True,False,False,False,False,False,2.04,3.40,3.86,2.96,1.25,1.78,,,1.70,2.18,,,,,,
Sweden_Allsvenskan_2025,2025,26,Öster,Halmstad,2025-10-04 13:00:00,3,0,3,9,4,13,0,0,0,0,6,4,8,11,14,15,13,5,53,47,,,0,0,2.25,3.1,3.0,1.38,2.05,3.75,1.8,1.91,1.46,1.82,2.48,2.16,1.4,2.88,2.8,1.36,3,2,0,1,0,1,2,683,0,42,0,4317,-1,-1,-1,-1,-1,-1,-1,-1,0,0,0,0,0,0,1,55,38,116,98,1.71,1.51,3.21,0,0,0,0,0,0,1,1,0,0,-1,-1,-1,-1,1,20,22,1,5,13,1,10,11,42,75,30,59,0.8,1.13,0.75,0.92,0.88,1.12,59,25,1.14,1.04,2.18,30,True,True,True,False,False,False,False,3.35,2.29,3.25,3.40,1.30,1.98,2.96,1.41,1.74,2.12,1.66,2.15,3.02,1.39,,
Sweden_Allsvenskan_2025,2025,26,Mjällby,Elfsborg,2025-10-04 13:00:00,2,0,2,12,6,18,1,2,0,0,9,0,7,6,16,6,8,18,54,46,Strandvallen,"Campingvägen 44, Hällevik, Sölvesborg",1,2,1.67,3.7,5.4,1.26,1.85,3.23,1.8,1.88,1.31,1.57,3.02,2.29,1.33,2.67,3.0,1.44,2,1,0,1,0,1,1,671,0,50,0,4933,2,1,6,1,6,5,7,11,1,0,0,2,1,2,1,56,36,82,95,2.04,0.65,2.69,0,0,0,0,0,0,1,1,0,0,0,0,0,0,1,21,23,1,18,8,1,8,11,38,71,21,59,2.47,1.07,2.33,1.33,2.4,1.48,63,29,1.5,1.53,3.03,30,True,True,False,False,False,False,False,4.41,1.78,3.89,3.27,1.28,1.89,2.84,1.43,1.81,2.02,,,3.13,1.37,,
Sweden_Allsvenskan_2025,2025,26,Degerfors,Djurgården,2025-10-04 13:00:00,1,1,2,7,3,10,3,3,0,0,5,2,6,3,11,5,16,11,43,57,Stora Valla,"Stora Vallavägen 1, Degerfors",3,3,3.5,3.4,1.88,1.19,1.7,2.71,1.67,2.15,1.43,1.72,2.55,1.98,1.3,2.51,3.2,1.44,2,0,0,1,1,2,0,-1,0,29,0,3849,2,1,3,3,4,0,6,4,2,2,1,1,4,2,1,56,40,99,103,1.45,0.76,2.21,0,0,0,0,0,0,1,1,0,0,0,0,0,1,1,34,21,1,11,16,1,6,4,38,50,33,67,0.53,1.6,0.5,1.67,0.88,1.64,63,50,1.44,1.44,2.88,30,True,True,False,False,False,False,True,1.97,3.67,3.80,2.82,1.22,1.72,2.59,1.52,1.65,2.27,1.69,2.10,3.25,1.35,1.45,2.59
Sweden_Allsvenskan_2025,2025,26,GAIS,Norrköping,2025-10-04 15:30:00,2,1,3,9,4,13,1,0,0,0,4,1,16,6,20,7,20,8,58,42,Friends Arena,"Råsta Strandväg 1, Solna",1,0,1.36,5.08,7.0,1.22,1.85,2.57,1.94,1.91,1.25,1.46,3.1,2.53,1.3,2.42,3.14,1.5,3,2,0,0,1,1,2,679,0,59,0,5280,2,1,3,2,6,2,5,8,0,0,1,0,0,1,1,53,32,90,95,1.92,0.76,2.67,0,0,0,0,0,0,1,1,0,0,2,0,0,0,1,14,25,1,8,20,1,5,13,42,84,25,75,1.87,0.87,1.75,1.08,1.68,1.16,59,17,2.01,1.11,3.12,30,True,True,True,False,False,False,True,7.88,1.40,4.82,2.80,1.22,1.74,2.63,1.50,1.99,1.84,,,3.26,1.35,,
Sweden_Allsvenskan_2025,2025,26,AIK,Värnamo,2025-10-05 12:00:00,2,3,5,9,3,12,4,1,0,0,3,4,13,13,16,17,16,9,44,56,Friends Arena,"Råsta Strandväg 1, Solna",4,1,1.31,4.4,7.09,1.22,1.73,2.71,1.99,1.83,1.26,1.58,3.35,2.4,1.35,2.64,3.29,1.46,5,0,3,2,0,2,3,678,0,50,0,20331,2,1,2,2,7,1,4,8,1,0,3,1,1,4,1,56,45,98,100,1.62,1.68,3.3,0,0,0,0,0,0,1,1,0,0,0,0,0,0,1,22,27,1,9,16,1,6,9,50,71,25,75,1.8,0.33,2.17,0.17,1.76,0.48,50,29,1.56,1.45,3.01,30,True,True,True,True,True,False,True,6.42,1.46,4.82,2.95,1.24,1.75,2.68,1.48,1.91,1.91,,,3.36,1.33,,
Sweden_Allsvenskan_2025,2025,26,IFK Göteborg,Hammarby,2025-10-05 12:00:00,1,2,3,6,9,15,2,0,0,0,2,9,7,8,9,17,14,10,51,49,Friends Arena,"Råsta Strandväg 1, Solna",2,0,2.62,3.6,2.4,1.2,1.64,2.45,1.55,2.37,1.25,1.56,3.5,2.6,1.3,2.36,3.4,1.5,3,0,1,1,1,2,1,655,0,50,0,16644,2,1,3,4,3,5,7,8,0,0,2,0,0,2,1,55,40,100,123,1.11,2.0,3.11,0,0,0,0,0,0,1,1,0,1,1,0,0,0,1,37,17,1,10,14,1,13,8,50,71,38,59,1.47,1.67,1.58,1.5,1.76,1.96,50,30,1.79,1.8,3.59,30,True,True,True,False,False,False,True,2.52,2.77,3.52,2.84,1.23,1.75,,,1.63,2.30,,,,,,
Sweden_Allsvenskan_2025,2025,26,Sirius,Malmö FF,2025-10-05 14:30:00,5,1,6,5,10,15,0,1,0,0,5,8,5,13,10,21,16,11,41,59,Studenternas IP,"Ulleråkersvägen 6, Uppsala",0,1,3.67,3.57,1.76,1.2,1.65,2.64,1.57,2.25,1.27,1.49,3.25,2.43,1.3,2.64,3.25,1.44,6,2,1,3,0,3,3,662,0,50,0,6799,2,1,5,3,0,7,8,7,0,0,0,1,0,1,1,29,57,56,82,1.19,2.29,3.48,1,0,1,0,0,0,1,1,1,0,1,0,0,0,1,8,21,1,10,16,1,11,8,50,75,38,67,1.53,1.6,1.17,1.67,1.04,1.68,50,25,1.59,1.45,3.04,30,True,True,True,True,True,True,True,2.51,2.68,3.69,2.72,1.21,1.69,2.54,1.53,1.58,2.41,,,3.35,1.34,,
Sweden_Allsvenskan_2025,2025,26,Brommapojkarna,Häcken,2025-10-05 14:30:00,1,3,4,9,3,12,2,2,0,0,1,6,11,11,12,17,15,11,43,57,Grimsta IP,"Gulddragargränd 100, Hässelby-Vällingby, Stockholm",2,2,2.29,3.59,2.48,1.16,1.57,2.15,1.5,2.4,1.31,1.69,3.08,2.33,1.28,2.3,3.5,1.57,4,1,1,0,2,2,2,664,0,38,0,2824,2,1,3,3,6,0,6,6,0,1,2,1,1,3,1,37,46,68,108,1.09,1.83,2.92,0,0,0,0,0,0,1,1,1,0,0,0,0,0,1,19,13,1,11,15,1,9,10,46,75,25,59,0.8,1.27,1.0,1.25,1.16,1.16,54,25,1.53,1.62,3.15,30,True,True,True,True,False,False,True,2.12,3.23,3.83,2.49,1.18,1.61,2.39,1.59,1.53,2.55,,,,,,
Sweden_Allsvenskan_2025,2025,27,Norrköping,Malmö FF,2025-10-18 13:00:00,0,2,2,6,3,9,2,0,0,0,3,5,14,6,17,11,7,11,52,48,,,2,0,4.75,4.0,1.71,1.21,1.66,2.7,1.69,2.06,1.17,1.33,4.0,2.81,1.31,2.41,3.15,1.5,2,0,1,0,1,1,1,656,0,50,0,10019,2,1,3,1,3,2,4,5,0,0,2,0,0,2,1,53,43,126,125,1.67,1.37,3.04,0,0,0,0,0,0,1,1,0,0,0,1,0,0,1,18,31,1,11,7,1,5,9,58,81,39,69,1.07,1.6,1.23,1.54,1.12,1.62,43,20,1.46,1.52,2.98,30,True,True,False,False,False,False,False,1.67,4.86,4.17,2.77,1.23,1.71,,,1.71,2.16,,,,,,
Sweden_Allsvenskan_2025,2025,27,Häcken,Sirius,2025-10-18 15:30:00,1,1,2,7,3,10,2,0,0,0,7,2,9,13,16,15,9,7,60,40,Bravida Arena,"Inlandsgatan 48, Göteborg",2,0,2.05,3.8,2.98,1.08,1.45,2.04,1.38,2.7,1.25,1.5,3.15,2.38,1.22,2.11,3.94,1.73,2,1,1,0,0,0,2,-1,0,77,0,2714,2,1,4,2,3,1,6,4,1,0,1,0,1,1,1,56,31,112,83,1.91,1.31,3.22,0,0,0,0,0,0,1,1,0,0,0,1,0,0,1,13,13,1,6,10,1,12,8,70,96,35,66,1.07,1.07,1.08,0.92,1.23,1.12,31,4,1.84,1.48,3.32,30,True,True,False,False,False,False,True,3.43,1.99,3.99,2.07,1.12,1.43,2.11,1.74,1.42,2.92,,,,,,
Sweden_Allsvenskan_2025,2025,27,Hammarby,AIK,2025-10-19 12:00:00,2,1,3,3,3,6,3,3,0,0,4,3,9,7,13,10,12,9,61,39,Tele2 Arena,"Johanneshov, Stockholm",3,3,1.58,3.74,5.0,1.32,2.0,3.24,2.08,1.65,1.27,1.58,3.05,2.34,1.39,2.75,2.77,1.36,3,1,0,1,1,2,1,655,0,42,0,27876,2,1,2,2,1,1,4,2,0,0,3,3,0,6,1,76,47,134,114,1.66,1.19,2.85,0,0,0,0,0,0,1,1,0,0,0,0,0,0,1,25,18,1,9,12,1,7,9,46,74,39,69,2.47,1.4,2.38,1.38,2.0,1.69,54,27,2.21,1.26,3.47,30,True,True,True,False,False,False,True,5.21,1.68,3.89,3.31,1.29,1.92,2.91,1.42,1.86,1.96,,,3.07,1.38,,
Sweden_Allsvenskan_2025,2025,27,GAIS,Djurgården,2025-10-19 12:00:00,3,2,5,5,8,13,3,1,0,0,8,4,6,7,14,11,8,9,49,51,Friends Arena,"Råsta Strandväg 1, Solna",3,1,2.29,3.3,2.9,1.27,2.0,3.46,1.73,2.04,1.32,1.72,2.62,2.32,1.34,2.8,2.95,1.4,5,2,1,1,1,2,3,679,0,39,0,13122,2,1,2,4,3,4,6,7,1,0,2,1,1,3,1,68,55,93,87,1.93,1.37,3.31,0,0,0,0,0,0,1,1,0,0,0,2,0,0,1,15,21,1,9,8,1,8,8,35,66,27,62,1.87,1.6,1.85,1.62,1.73,1.62,66,35,2.0,1.39,3.39,30,True,True,True,True,True,False,True,2.84,2.59,3.30,3.43,1.31,2.02,3.04,1.39,1.75,2.10,1.75,2.05,2.94,1.41,,
Sweden_Allsvenskan_2025,2025,27,Värnamo,Brommapojkarna,2025-10-19 14:30:00,1,1,2,5,9,14,2,1,0,0,2,7,10,14,12,21,14,10,63,37,Finnvedsvallen,"Sandgatan, Värnamo",2,1,2.57,3.53,2.24,1.18,1.6,2.33,1.46,2.5,1.23,1.38,3.75,2.8,1.26,2.3,3.34,1.56,2,0,0,1,1,2,0,-1,0,62,0,1011,2,1,3,6,2,3,9,5,1,1,1,0,2,1,1,42,40,121,90,1.21,2.1,3.31,0,0,0,0,0,0,1,1,0,0,1,3,0,0,1,32,17,1,10,14,1,14,8,58,73,31,70,0.73,1.27,0.77,1.31,0.58,1.12,43,27,1.45,1.43,2.88,30,True,True,False,False,False,False,True,2.29,2.87,3.87,2.32,1.16,1.54,2.35,1.61,1.46,2.78,1.48,2.50,,,,
Sweden_Allsvenskan_2025,2025,27,Elfsborg,Öster,2025-10-19 14:30:00,5,1,6,7,6,13,2,1,0,0,8,4,11,11,19,15,9,14,45,55,Borås Arena,"Ălgårdsvägen 32, Borås",2,1,1.76,3.8,3.47,1.15,1.65,2.68,1.65,2.25,1.25,1.55,3.5,2.6,1.24,2.51,3.55,1.5,6,2,1,3,0,3,3,663,0,50,0,5042,2,1,3,2,4,4,5,8,2,1,0,0,3,0,1,47,46,91,111,2.09,1.57,3.66,0,0,0,0,0,0,1,1,1,1,0,0,0,0,1,11,21,1,14,9,1,7,7,46,85,39,73,1.6,0.93,1.62,1.0,1.42,0.96,54,16,1.51,0.99,2.5,30,True,True,True,True,True,True,True,4.19,1.77,4.14,2.49,1.18,1.59,2.39,1.60,1.59,2.39,1.46,2.56,,,,
Sweden_Allsvenskan_2025,2025,27,Degerfors,Halmstad,2025-10-20 17:00:00,0,1,1,4,7,11,1,3,0,0,2,1,13,9,15,10,11,18,61,39,Stora Valla,"Stora Vallavägen 1, Degerfors",1,3,1.91,3.0,4.2,1.36,2.1,3.9,1.93,1.88,1.36,1.9,2.7,2.11,1.4,2.88,2.7,1.33,1,0,1,0,0,0,1,657,0,38,0,3210,2,1,1,7,3,0,8,3,0,0,1,3,0,4,1,61,39,146,80,1.54,0.99,2.53,0,0,0,0,0,0,1,1,0,0,0,0,0,0,1,33,17,1,18,11,1,7,11,46,66,39,69,0.53,1.13,0.54,0.85,0.88,1.08,54,35,1.44,1.08,2.52,30,True,False,False,False,False,False,False,3.97,2.02,3.37,3.91,1.38,2.20,,,1.92,1.90,1.69,2.13,,,,
Sweden_Allsvenskan_2025,2025,27,IFK Göteborg,Mjällby,2025-10-20 17:10:00,0,2,2,7,7,14,1,1,0,0,2,10,12,12,14,22,14,10,52,48,Friends Arena,"Råsta Strandväg 1, Solna",1,1,2.75,3.45,2.4,1.22,1.85,3.1,1.74,2.12,1.25,1.55,3.68,2.59,1.33,2.63,3.0,1.4,2,0,2,0,0,0,2,671,0,58,0,16937,2,1,1,2,6,5,3,11,1,1,0,0,2,0,1,46,40,109,86,1.36,2.37,3.73,0,0,0,0,0,0,1,1,0,0,1,0,0,0,1,35,15,1,10,14,1,10,7,58,70,42,69,1.47,2.53,1.46,2.46,1.69,2.42,42,31,1.74,1.57,3.31,30,True,True,False,False,False,False,False,2.43,2.96,3.41,3.34,1.29,1.97,,,1.80,2.04,1.47,2.56,,,,
Sweden_Allsvenskan_2025,2025,28,Djurgården,Värnamo,2025-10-25 13:00:00,6,2,8,7,2,9,0,1,0,0,13,3,8,8,21,11,11,10,64,36,Tele2 Arena,"Johanneshov, Stockholm",0,1,1.25,6.37,10.0,1.1,1.28,1.84,1.62,2.0,1.26,1.55,3.45,2.55,1.2,1.91,4.0,1.86,8,2,0,4,2,6,2,659,0,62,0,16427,2,1,4,2,3,0,6,3,0,0,0,1,0,1,1,54,19,101,80,2.62,1.05,3.67,0,0,0,0,0,0,1,1,0,0,1,0,0,0,1,15,13,1,10,11,1,8,7,43,70,35,81,1.67,0.33,1.62,0.38,1.56,0.59,58,31,1.8,1.47,3.27,30,True,True,True,True,True,True,True,9.77,1.24,7.08,1.78,1.10,1.29,1.89,1.92,1.67,2.21,1.48,2.52,,,,
Sweden_Allsvenskan_2025,2025,28,Öster,Degerfors,2025-10-25 15:30:00,1,2,3,10,4,14,4,2,0,0,2,7,13,7,15,14,16,9,58,42,,,4,2,2.9,3.3,2.37,1.27,1.81,3.15,1.7,2.05,1.27,1.58,3.27,2.45,1.36,2.62,2.9,1.42,3,0,0,1,2,3,0,680,0,50,0,5517,2,1,5,0,5,4,5,9,0,0,4,2,0,6,1,54,34,95,84,1.48,1.62,3.1,0,0,0,0,0,0,1,1,0,0,2,0,0,0,1,27,19,1,9,16,1,10,8,58,85,39,70,0.8,1.47,0.92,1.23,0.93,0.85,43,16,1.19,1.24,2.43,30,True,True,True,False,False,False,True,2.27,3.12,3.55,3.21,1.28,1.91,2.87,1.43,1.72,2.15,,,3.00,1.40,,
Sweden_Allsvenskan_2025,2025,28,Sirius,Elfsborg,2025-10-26 13:00:00,4,0,4,5,5,10,2,1,0,0,8,1,12,7,20,8,10,14,46,54,Studenternas IP,"Ulleråkersvägen 6, Uppsala",2,1,1.91,3.5,3.1,1.15,1.5,2.38,1.52,2.45,1.2,1.38,3.72,2.7,1.29,2.25,3.4,1.62,4,2,0,2,0,2,2,662,0,50,0,5233,2,1,2,0,3,5,2,8,1,0,1,1,1,2,1,57,43,83,106,2.22,0.9,3.12,0,0,0,0,0,0,1,1,0,0,0,0,0,0,1,21,22,1,14,10,1,7,6,54,77,31,62,1.53,1.07,1.31,1.23,1.11,1.48,46,23,1.56,1.47,3.03,30,True,True,True,True,False,False,False,4.13,1.74,4.37,2.15,1.14,1.46,2.16,1.71,1.49,2.66,1.54,2.39,,,,
Sweden_Allsvenskan_2025,2025,28,Mjällby,Norrköping,2025-10-26 13:00:00,2,1,3,4,3,7,1,2,0,0,4,5,10,6,14,11,9,11,73,27,Strandvallen,"Campingvägen 44, Hällevik, Sölvesborg",1,2,1.67,4.0,5.0,1.16,1.65,2.6,1.67,2.1,1.25,1.4,3.7,2.75,1.33,2.41,3.0,1.48,3,0,1,2,0,2,1,671,0,66,0,5629,2,1,2,1,2,2,3,4,1,1,0,1,2,1,1,83,37,137,79,1.77,1.31,3.08,0,0,0,0,0,0,1,1,0,0,0,0,0,0,1,27,20,1,11,9,1,9,7,39,85,27,77,2.47,0.87,2.38,1.0,2.44,1.07,62,16,1.54,1.09,2.63,30,True,True,True,False,False,False,True,3.96,1.88,3.82,2.79,1.23,1.74,2.59,1.52,1.67,2.24,1.48,2.50,3.28,1.32,,
Sweden_Allsvenskan_2025,2025,28,Halmstad,IFK Göteborg,2025-10-26 15:30:00,0,3,3,4,2,6,2,0,0,0,2,7,6,14,8,21,13,10,45,55,,,2,0,3.5,3.25,1.85,1.21,1.85,2.94,1.66,2.1,1.34,1.71,3.0,2.32,1.33,2.6,3.0,1.45,3,0,1,0,2,2,1,665,0,38,0,8424,2,1,0,0,4,2,0,6,2,0,0,0,2,0,1,41,58,87,142,0.95,2.24,3.19,0,0,0,0,0,0,1,1,0,0,0,0,0,0,1,26,17,1,10,13,1,11,4,50,62,50,70,1.2,1.93,1.31,1.92,1.15,1.63,50,38,1.13,1.38,2.51,30,True,True,True,False,False,False,False,1.97,3.80,3.65,3.12,1.27,1.87,2.78,1.45,1.74,2.13,1.55,2.32,3.19,1.36,,
Sweden_Allsvenskan_2025,2025,28,AIK,Häcken,2025-10-26 15:30:00,2,2,4,8,9,17,4,0,0,0,5,6,10,15,15,21,15,7,39,61,Friends Arena,"Råsta Strandväg 1, Solna",4,0,2.02,3.5,3.4,1.24,1.89,3.18,1.75,2.0,1.31,1.82,2.95,2.21,1.36,2.7,2.88,1.4,4,2,1,0,1,1,3,-1,0,42,0,23055,2,1,1,4,7,5,5,12,1,0,3,0,1,3,1,34,45,87,88,1.54,2.06,3.61,0,0,0,0,0,0,1,1,0,1,0,2,0,0,1,23,15,1,7,14,1,9,7,50,77,31,69,1.8,1.27,2.0,1.38,1.63,1.22,50,23,1.56,1.63,3.19,30,True,True,True,True,False,False,True,3.63,2.03,3.63,3.33,1.29,1.94,2.90,1.42,1.78,2.06,1.63,2.21,3.07,1.38,,
Sweden_Allsvenskan_2025,2025,28,Brommapojkarna,GAIS,2025-10-27 18:00:00,0,2,2,4,2,6,2,1,0,0,4,3,7,5,11,8,8,15,40,60,Grimsta IP,"Gulddragargränd 100, Hässelby-Vällingby, Stockholm",2,1,3.1,3.6,2.09,1.2,1.73,2.76,1.62,2.2,1.3,1.49,3.22,2.34,1.33,2.63,3.0,1.45,2,0,2,0,0,0,2,679,0,54,0,1811,2,1,0,0,4,2,0,6,0,0,2,1,0,3,1,45,63,79,137,1.3,1.19,2.49,0,0,0,0,0,0,1,1,0,0,0,0,0,0,1,23,29,1,15,8,1,7,3,54,81,31,66,0.8,1.6,0.92,1.62,1.11,1.78,46,20,1.49,1.58,3.07,30,True,True,False,False,False,False,False,2.19,3.21,3.64,2.73,1.22,1.70,2.57,1.52,1.57,2.43,1.55,2.34,3.22,1.36,,
Sweden_Allsvenskan_2025,2025,28,Malmö FF,Hammarby,2025-10-27 18:10:00,1,3,4,6,5,11,3,1,0,0,2,5,11,8,13,13,14,11,40,60,,,3,1,2.17,3.35,3.2,1.25,1.91,2.8,1.7,2.05,1.29,1.65,3.04,2.24,1.37,2.65,3.0,1.4,4,0,3,1,0,1,3,655,0,54,0,19144,2,1,1,1,5,4,2,9,1,0,2,1,1,3,1,38,39,75,107,1.23,1.46,2.7,0,0,0,0,0,0,1,1,0,0,0,0,0,0,1,25,25,1,11,14,1,7,11,54,81,31,54,1.67,1.67,1.69,1.62,1.67,2.04,46,19,2.14,1.81,3.95,30,True,True,True,True,False,False,True,3.19,2.25,3.51,3.14,1.26,1.86,2.77,1.45,1.68,2.21,1.81,1.98,3.21,1.36,1.44,2.67
Sweden_Allsvenskan_2025,2025,29,Häcken,Malmö FF,2025-11-01 14:00:00,1,1,2,7,1,8,2,0,0,0,4,4,10,4,14,8,15,9,52,48,Bravida Arena,"Inlandsgatan 48, Göteborg",2,0,2.56,3.55,2.23,1.2,1.7,2.3,1.57,2.35,1.27,1.5,3.2,2.4,1.3,2.23,3.22,1.57,2,0,1,1,0,1,1,-1,0,54,0,4314,2,1,4,1,3,0,5,3,0,0,2,0,0,2,1,44,32,113,116,1.49,1.03,2.52,0,0,0,0,0,0,1,1,0,0,0,0,0,0,1,14,18,1,9,15,1,7,13,50,86,40,71,1.07,1.6,1.07,1.64,1.21,1.61,50,15,1.84,1.51,3.35,30,True,True,False,False,False,False,True,2.75,2.34,3.97,2.23,1.14,1.50,2.28,1.64,1.41,2.97,1.54,2.39,,,,
Sweden_Allsvenskan_2025,2025,29,Norrköping,Sirius,2025-11-01 16:30:00,1,2,3,3,9,12,5,0,0,0,3,7,4,18,7,25,16,13,33,67,,,5,0,2.3,4.16,2.45,1.15,1.43,2.4,1.46,2.45,1.23,1.4,3.65,2.65,1.25,2.2,3.45,1.6,3,0,0,1,2,3,0,662,0,72,0,6447,2,1,1,5,2,4,6,6,2,0,3,0,2,3,1,39,54,66,107,0.94,2.45,3.39,0,0,0,0,0,0,1,1,0,0,1,3,1,0,1,17,23,1,13,16,1,8,5,68,93,36,68,1.07,1.07,1.14,0.93,1.04,1.18,33,7,1.48,1.46,2.94,30,True,True,True,False,False,False,True,2.25,2.74,4.28,2.17,1.14,1.46,,,1.43,2.86,,,,,,
Sweden_Allsvenskan_2025,2025,29,Halmstad,Brommapojkarna,2025-11-02 13:00:00,0,0,0,7,2,9,2,1,0,0,2,1,19,5,21,6,10,10,60,40,,,2,1,2.85,3.35,2.42,1.3,1.84,2.72,1.62,2.15,1.44,1.89,2.55,1.97,1.38,2.62,2.8,1.44,0,0,0,0,0,0,0,-1,0,43,0,4236,2,1,3,1,4,1,4,5,2,0,0,1,2,1,1,47,23,131,94,1.81,0.63,2.44,0,0,0,0,0,0,1,1,0,0,0,0,0,0,1,29,22,1,10,10,1,4,11,47,68,29,61,1.2,1.27,1.21,1.29,1.11,1.07,54,33,1.12,1.47,2.59,30,False,False,False,False,False,False,False,2.48,2.97,3.31,3.07,1.26,1.88,2.88,1.43,1.64,2.28,1.70,2.12,3.07,1.38,,
Sweden_Allsvenskan_2025,2025,29,Elfsborg,AIK,2025-11-02 13:00:00,0,3,3,2,1,3,1,2,0,0,3,6,8,5,11,11,12,12,60,40,Borås Arena,"Ălgårdsvägen 32, Borås",1,2,2.4,3.25,2.9,1.32,1.91,3.55,1.67,2.1,1.26,1.45,3.4,2.55,1.4,2.85,2.7,1.38,3,0,1,0,2,2,1,661,0,57,0,10144,2,1,1,0,1,1,1,2,1,2,0,0,3,0,1,50,34,133,89,1.28,1.37,2.65,0,1,0,1,0,0,1,1,0,0,1,0,0,0,1,33,21,1,12,11,1,8,4,57,82,39,82,1.6,1.4,1.71,1.29,1.43,1.61,43,18,1.55,1.25,2.8,30,True,True,True,False,False,False,False,2.84,2.33,3.84,2.78,1.22,1.69,2.63,1.50,1.60,2.38,1.52,2.43,3.34,1.34,,
Sweden_Allsvenskan_2025,2025,29,Djurgården,IFK Göteborg,2025-11-02 15:30:00,0,0,0,5,11,16,2,1,0,1,5,2,13,11,18,13,16,17,60,40,Tele2 Arena,"Johanneshov, Stockholm",2,2,1.72,4.1,4.1,1.12,1.57,2.32,1.53,2.28,1.33,1.76,3.0,2.25,1.25,2.34,3.7,1.56,0,0,0,0,0,0,0,-1,0,50,0,26809,2,1,0,2,5,9,2,14,1,0,1,2,1,3,1,69,59,115,79,1.98,1.38,3.37,0,0,0,0,0,0,1,1,0,0,0,1,0,0,1,22,21,1,17,16,1,6,7,47,64,47,79,1.67,1.93,1.71,2.0,1.61,1.68,54,36,1.86,1.44,3.3,30,False,False,False,False,False,False,False,4.22,1.73,4.34,2.42,1.17,1.56,2.36,1.61,1.54,2.52,1.59,2.28,,,,
Sweden_Allsvenskan_2025,2025,29,GAIS,Öster,2025-11-02 15:30:00,1,1,2,11,6,17,2,1,0,1,5,3,24,8,29,11,11,16,63,37,Friends Arena,"Råsta Strandväg 1, Solna",2,3,1.42,4.4,7.3,1.18,1.6,2.45,1.79,1.91,1.22,1.45,3.48,2.38,1.3,2.34,3.2,1.5,2,1,1,0,0,0,2,-1,0,47,0,12123,2,1,3,2,8,4,5,12,0,0,2,2,0,4,1,74,24,125,67,2.7,1.08,3.78,0,0,0,0,0,0,1,1,0,0,1,1,0,0,1,22,18,1,16,11,1,4,11,36,75,29,64,1.87,0.93,1.93,0.93,1.82,0.89,64,25,2.0,1.03,3.03,30,True,True,False,False,False,False,True,7.43,1.42,4.77,2.61,1.20,1.65,2.50,1.55,1.84,1.98,1.45,2.56,,,,
Sweden_Allsvenskan_2025,2025,29,Degerfors,Hammarby,2025-11-03 18:00:00,1,1,2,3,5,8,1,0,0,0,6,4,6,7,12,11,13,9,30,70,Stora Valla,"Stora Vallavägen 1, Degerfors",1,0,3.0,3.4,2.0,1.22,1.67,2.7,1.6,2.38,1.3,1.58,3.14,2.38,1.33,2.52,3.1,1.54,2,0,0,1,1,2,0,-1,0,47,0,5839,2,1,1,1,2,4,2,6,0,0,1,0,0,1,1,35,58,78,137,1.43,1.41,2.84,0,0,0,0,0,0,1,1,0,0,0,0,0,0,1,26,22,1,9,13,1,8,5,47,68,33,64,0.53,1.67,0.5,1.71,0.93,2.07,54,32,1.45,1.79,3.24,30,True,True,False,False,False,False,True,2.09,3.40,3.69,2.72,1.21,1.71,2.54,1.53,1.57,2.43,1.59,2.28,,,,
Sweden_Allsvenskan_2025,2025,29,Värnamo,Mjällby,2025-11-03 18:00:00,0,5,5,7,7,14,1,1,1,0,3,9,5,16,8,25,7,9,43,57,Finnvedsvallen,"Sandgatan, Värnamo",2,1,5.0,4.25,1.57,1.18,1.57,2.3,1.65,2.2,1.28,1.64,3.6,2.45,1.25,2.25,3.5,1.62,5,0,2,0,3,3,2,671,0,68,0,1592,2,1,5,1,2,6,6,8,1,1,1,0,2,1,1,17,56,90,108,0.85,2.6,3.46,0,2,0,2,0,0,1,1,0,0,0,0,0,0,1,20,20,1,9,5,1,13,3,61,79,47,71,0.73,2.53,0.79,2.5,0.57,2.46,40,21,1.43,1.62,3.05,30,True,True,True,True,True,False,False,1.52,5.75,4.65,2.31,1.16,1.53,2.28,1.64,1.61,2.34,1.50,2.45,,,,
Sweden_Allsvenskan_2025,2025,30,IFK Göteborg,Norrköping,2025-11-09 14:00:00,2,0,2,4,3,7,2,1,0,0,6,3,9,9,15,12,8,15,72,28,Friends Arena,"Råsta Strandväg 1, Solna",2,1,1.6,3.93,4.2,1.11,1.54,2.35,1.5,2.42,1.17,1.34,3.55,2.62,1.24,2.21,3.5,1.64,2,0,0,2,0,2,0,665,0,65,0,16412,2,1,2,3,2,0,5,2,0,0,2,1,0,3,1,54,39,148,70,1.77,1.25,3.02,0,0,0,0,0,0,1,1,0,0,1,0,0,0,1,34,23,1,15,8,1,9,8,54,79,40,79,1.47,0.87,1.36,0.93,1.66,1.0,47,22,1.71,1.1,2.81,30,True,True,False,False,False,False,False,4.27,1.76,4.15,2.19,1.15,1.48,2.19,1.67,1.51,2.61,,,,,,
Sweden_Allsvenskan_2025,2025,30,Öster,Djurgården,2025-11-09 14:00:00,1,3,4,4,2,6,2,2,0,0,7,5,9,5,16,10,16,15,46,54,,,2,2,2.95,3.47,2.03,1.17,1.75,2.34,1.62,2.3,1.31,1.69,3.28,2.38,1.27,2.32,3.4,1.57,4,1,0,0,3,3,1,659,0,40,0,9012,2,1,3,2,1,0,5,1,0,0,2,2,0,4,1,58,56,81,103,1.91,1.39,3.31,0,0,0,0,0,0,1,1,0,0,1,1,0,0,1,20,22,1,15,16,1,7,9,40,68,29,54,0.8,1.6,0.86,1.5,0.9,1.59,61,32,1.21,1.39,2.6,30,True,True,True,True,False,False,True,1.94,3.42,4.23,2.33,1.16,1.52,,,1.55,2.50,1.50,2.49,,,,
Sweden_Allsvenskan_2025,2025,30,Malmö FF,GAIS,2025-11-09 14:00:00,2,1,3,7,1,8,1,4,0,0,6,3,10,7,16,10,18,15,52,48,,,1,4,1.87,3.5,3.34,1.22,1.78,2.57,1.57,2.3,1.34,1.73,3.14,2.27,1.3,2.44,3.25,1.49,3,0,1,2,0,2,1,656,0,57,0,15772,2,1,3,0,4,1,3,5,0,3,1,1,3,2,1,64,37,119,83,1.9,1.11,3.01,0,1,0,1,0,0,1,1,0,0,0,0,0,0,1,14,15,1,15,17,1,5,6,54,86,36,68,1.67,1.6,1.57,1.71,1.59,1.79,47,14,2.08,1.55,3.63,30,True,True,True,False,False,False,True,3.61,1.97,3.85,2.64,1.20,1.66,2.47,1.54,1.60,2.37,,,3.22,1.34,,
Sweden_Allsvenskan_2025,2025,30,Mjällby,Häcken,2025-11-09 14:00:00,1,0,1,3,9,12,0,3,0,0,9,4,6,14,15,18,12,18,55,45,Strandvallen,"Campingvägen 44, Hällevik, Sölvesborg",0,3,1.88,3.41,3.41,1.14,1.7,2.3,1.62,2.17,1.3,1.53,3.34,2.33,1.28,2.36,3.34,1.62,1,0,0,1,0,1,0,671,0,50,0,5403,2,1,1,5,2,4,6,6,0,0,0,3,0,3,1,50,42,99,84,1.94,1.72,3.65,0,0,0,0,0,0,1,1,0,0,0,0,0,0,1,8,26,1,18,12,1,9,4,40,83,25,71,2.47,1.27,2.43,1.36,2.48,1.21,61,18,1.56,1.66,3.22,30,True,False,False,False,False,False,False,5.41,1.57,4.48,2.46,1.18,1.59,,,1.68,2.21,,,,,,
Sweden_Allsvenskan_2025,2025,30,Sirius,Värnamo,2025-11-09 14:00:00,3,1,4,10,3,13,1,2,0,0,8,4,29,6,37,10,12,13,62,38,Studenternas IP,"Ulleråkersvägen 6, Uppsala",1,2,1.38,4.5,5.7,1.07,1.29,1.86,1.47,2.5,1.19,1.48,3.68,2.7,1.14,1.82,4.6,1.93,4,2,0,1,1,2,2,662,0,61,0,5792,2,1,6,1,4,2,7,6,1,0,0,2,1,2,1,84,29,119,63,3.48,1.12,4.6,0,0,0,0,0,0,1,1,0,0,2,0,0,0,1,20,18,1,13,12,1,4,13,61,83,40,79,1.53,0.33,1.43,0.36,1.24,0.55,40,18,1.61,1.44,3.05,30,True,True,True,True,False,False,True,9.68,1.23,7.25,1.60,1.10,1.22,1.70,2.12,1.53,2.51,,,,,,
Sweden_Allsvenskan_2025,2025,30,AIK,Halmstad,2025-11-09 14:00:00,0,2,2,5,3,8,2,2,0,0,2,5,11,6,13,11,9,16,65,35,Friends Arena,"Råsta Strandväg 1, Solna",2,2,1.35,4.1,7.2,1.22,1.86,2.99,2.2,1.63,1.4,1.67,2.72,2.17,1.34,2.79,2.89,1.4,2,0,1,0,1,1,1,657,0,43,0,31091,2,1,3,1,2,2,4,4,0,1,2,1,1,3,1,50,45,133,94,1.34,1.38,2.71,0,0,0,0,0,0,1,1,0,0,0,0,0,0,1,32,22,1,16,9,1,8,8,54,71,40,71,1.8,1.13,1.93,1.0,1.66,1.1,47,29,1.56,1.07,2.63,30,True,True,False,False,False,False,False,8.78,1.36,5.01,2.93,1.25,1.77,,,2.06,1.78,1.78,2.02,,,1.43,2.75
Sweden_Allsvenskan_2025,2025,30,Hammarby,Elfsborg,2025-11-09 14:00:00,3,0,3,8,3,11,1,2,0,0,8,2,13,3,21,5,10,17,61,39,Tele2 Arena,"Johanneshov, Stockholm",1,2,1.33,4.4,7.0,1.11,1.41,1.92,1.55,2.3,1.26,1.48,2.95,2.41,1.21,2.1,3.75,1.71,3,1,0,2,0,2,1,655,0,40,0,25091,2,1,6,2,2,1,8,3,1,1,0,1,2,1,1,48,22,95,91,2.23,0.63,2.86,0,0,0,0,0,0,1,1,0,0,1,0,1,0,1,12,15,1,17,10,1,1,12,54,79,40,64,2.47,1.07,2.43,1.14,2.03,1.38,47,22,2.17,1.43,3.6,30,True,True,True,False,False,False,False,5.03,1.56,4.88,1.89,1.10,1.33,1.94,1.85,1.44,2.82,1.55,2.40,,,,
Sweden_Allsvenskan_2025,2025,30,Brommapojkarna,Degerfors,2025-11-09 14:00:00,1,3,4,6,7,13,4,2,0,0,3,10,8,13,11,23,13,15,57,43,Grimsta IP,"Gulddragargränd 100, Hässelby-Vällingby, Stockholm",4,2,2.87,3.73,1.99,1.28,1.78,3.25,1.6,2.1,1.3,1.55,3.42,2.33,1.35,2.56,3.2,1.51,4,0,1,1,2,3,1,680,0,54,0,2249,2,1,3,4,3,3,7,6,0,1,4,1,1,5,1,31,51,67,101,1.13,2.51,3.64,0,0,0,0,0,0,1,1,0,0,0,1,0,0,1,26,14,1,15,13,1,13,7,65,82,43,68,0.8,1.47,0.86,1.36,1.07,0.93,36,18,1.48,1.27,2.75,30,True,True,True,True,False,False,True,1.92,3.57,4.08,2.64,1.19,1.65,2.47,1.54,1.58,2.41,1.63,2.25,3.27,1.33,,
