league,season,game_week,home_name,away_name,date,homeGoalCount,awayGoalCount,totalGoalCount,team_a_corners,team_b_corners,totalCornerCount,team_a_yellow_cards,team_b_yellow_cards,team_a_red_cards,team_b_red_cards,team_a_shotsOnTarget,team_b_shotsOnTarget,team_a_shotsOffTarget,team_b_shotsOffTarget,team_a_shots,team_b_shots,team_a_fouls,team_b_fouls,team_a_possession,team_b_possession,stadium_name,stadium_location,team_a_cards_num,team_b_cards_num,avg_odds_ft_1,avg_odds_ft_x,avg_odds_ft_2,avg_odds_ft_over15,avg_odds_ft_over25,avg_odds_ft_over35,avg_odds_btts_yes,avg_odds_btts_no,avg_odds_corners_over_85,avg_odds_corners_over_95,avg_odds_corners_under_85,avg_odds_corners_under_95,avg_odds_1st_half_over05,avg_odds_1st_half_over15,avg_odds_1st_half_under05,avg_odds_1st_half_under15,overallGoalCount,ht_goals_team_a,ht_goals_team_b,goals_2hg_team_a,goals_2hg_team_b,GoalCount_2hg,HTGoalCount,winningTeam,no_home_away,btts_potential,goalTimingDisabled,attendance,corner_timings_recorded,card_timings_recorded,team_a_fh_corners,team_b_fh_corners,team_a_2h_corners,team_b_2h_corners,corner_fh_count,corner_2h_count,team_a_fh_cards,team_b_fh_cards,team_a_2h_cards,team_b_2h_cards,total_fh_cards,total_2h_cards,attacks_recorded,team_a_dangerous_attacks,team_b_dangerous_attacks,team_a_attacks,team_b_attacks,team_a_xg,team_b_xg,total_xg,team_a_penalties_won,team_b_penalties_won,team_a_penalty_goals,team_b_penalty_goals,team_a_penalty_missed,team_b_penalty_missed,pens_recorded,goal_timings_recorded,team_a_0_10_min_goals,team_b_0_10_min_goals,team_a_corners_0_10_min,team_b_corners_0_10_min,team_a_cards_0_10_min,team_b_cards_0_10_min,throwins_recorded,team_a_throwins,team_b_throwins,freekicks_recorded,team_a_freekicks,team_b_freekicks,goalkicks_recorded,team_a_goalkicks,team_b_goalkicks,o25_potential,o15_potential,o15HT_potential,o05HT_potential,home_ppg,away_ppg,pre_match_home_ppg,pre_match_away_ppg,pre_match_teamA_overall_ppg,pre_match_teamB_overall_ppg,u25_potential,u15_potential,team_a_xg_prematch,team_b_xg_prematch,total_xg_prematch,matches_completed_minimum,over05,over15,over25,over35,over45,over55,btts,pinnacle_ft_over25,pinnacle_ft_over15,pinnacle_ft_over35,pinnacle_1st_half_over05,pinnacle_1st_half_under05,pinnacle_1st_half_over15,pinnacle_1st_half_under15,pinnacle_ft_2,pinnacle_ft_1,pinnacle_ft_x,pinnacle_btts_no,pinnacle_btts_yes,pinnacle_corners_under_95,pinnacle_corners_over_95,pinnacle_corners_over_85,pinnacle_corners_under_85
USA_Major_League_Soccer_2025,2025,0,Los Angeles FC,Minnesota United,2025-02-22 21:45:00,1,0,1,4,4,8,0,2,0,0,6,1,7,11,13,12,12,14,65,35,Banc of California Stadium,"3939 S Figueroa Street, Los Angeles, California",0,2,1.73,3.5,4.0,1.22,1.7,2.7,1.6,2.1,1.42,1.62,2.62,2.11,1.33,2.4,3.2,1.53,1,0,0,1,0,1,0,6490,0,0,0,22310,2,1,3,2,1,2,5,3,0,1,0,1,1,1,1,63,48,123,92,1.7,1.18,2.88,0,0,0,0,0,0,1,1,0,0,0,0,0,0,1,20,13,1,14,12,1,6,8,0,0,0,0,2.11,1.58,0.0,0.0,0.0,0.0,0,0,0.0,0.0,0.0,37,True,False,False,False,False,False,False,1.83,1.23,2.94,,,2.61,1.53,4.51,1.81,3.83,2.19,1.72,2.23,1.63,,
USA_Major_League_Soccer_2025,2025,0,Inter Miami,New York City,2025-02-23 00:30:00,2,2,4,7,2,9,3,2,1,0,6,5,8,4,14,9,8,11,59,41,,,5,2,1.46,4.5,6.0,1.12,1.4,2.07,1.5,2.35,1.48,1.91,2.4,1.8,1.18,2.2,4.05,1.6,4,1,1,1,1,2,2,-1,0,0,0,-1,2,1,4,2,3,0,6,3,3,1,1,1,4,2,1,42,33,103,79,1.61,1.16,2.78,0,0,0,0,0,0,1,1,1,0,1,1,0,0,1,20,14,1,11,8,1,5,5,0,0,0,0,2.29,1.52,0.0,0.0,0.0,0.0,0,0,0.0,0.0,0.0,39,True,True,True,True,False,False,True,1.38,1.12,1.99,,,,,6.72,1.46,4.88,2.66,1.51,1.92,1.88,1.51,2.47
USA_Major_League_Soccer_2025,2025,0,DC United,Toronto,2025-02-23 00:30:00,2,2,4,2,7,9,2,3,0,0,3,7,5,5,8,12,15,13,54,46,Audi Field,"32-60 R Street South West, Buzzard Point, Washington, District of Columbia",2,3,1.8,3.4,4.0,1.29,1.96,3.1,1.7,2.05,1.52,1.82,2.43,1.85,1.3,2.7,3.25,1.4,4,2,1,0,1,1,3,-1,0,0,0,-1,2,1,2,5,0,2,7,2,0,1,2,2,1,4,1,34,41,89,79,0.97,1.54,2.52,0,1,0,1,0,0,1,1,1,0,1,0,0,0,1,18,20,1,13,14,1,8,6,0,0,0,0,0.76,0.94,0.0,0.0,0.0,0.0,0,0,0.0,0.0,0.0,34,True,True,True,True,False,False,True,1.92,1.29,3.24,1.38,3.18,2.85,1.45,4.24,1.89,3.69,2.08,1.79,,,,
USA_Major_League_Soccer_2025,2025,0,Columbus Crew,Chicago Fire,2025-02-23 00:30:00,4,2,6,5,2,7,0,3,0,0,4,6,10,7,14,13,8,17,57,43,,,0,3,1.44,4.3,5.3,1.17,1.62,2.55,1.68,2.1,1.54,1.92,2.17,1.82,1.27,2.4,3.5,1.56,6,3,2,1,0,1,5,9,0,0,0,-1,2,1,3,2,2,0,5,2,0,2,0,1,2,1,1,37,37,78,84,1.43,1.51,2.94,0,0,0,0,0,0,1,1,0,0,1,1,0,0,1,11,12,1,17,8,1,6,6,0,0,0,0,1.94,1.67,0.0,0.0,0.0,0.0,0,0,0.0,0.0,0.0,37,True,True,True,True,True,True,True,1.67,1.21,2.64,,,2.55,1.55,5.71,1.61,4.17,2.19,1.72,1.88,1.92,1.54,2.39
USA_Major_League_Soccer_2025,2025,0,FC Cincinnati,New York RB,2025-02-23 00:30:00,1,0,1,4,2,6,2,1,0,0,2,3,9,12,11,15,10,5,48,52,,,2,1,1.9,3.5,3.96,1.22,1.8,3.0,1.75,1.95,1.46,1.83,2.43,1.91,1.36,2.55,2.9,1.45,1,0,0,1,0,1,0,8043,0,0,0,-1,2,1,1,0,3,2,1,5,0,0,2,1,0,3,1,44,43,112,111,1.16,1.47,2.64,0,0,0,0,0,0,1,1,0,0,0,0,0,0,1,26,22,1,5,10,1,10,7,0,0,0,0,1.8,0.59,0.0,0.0,0.0,0.0,0,0,0.0,0.0,0.0,34,True,False,False,False,False,False,False,1.94,1.31,3.24,1.38,3.14,2.89,1.44,4.32,1.89,3.62,2.06,1.81,2.01,1.81,1.46,2.56
USA_Major_League_Soccer_2025,2025,0,Orlando City,Philadelphia Union,2025-02-23 00:30:00,2,4,6,7,8,15,1,2,0,0,9,4,13,7,22,11,6,20,55,45,,,1,2,1.54,4.0,5.93,1.19,1.67,2.6,1.68,2.19,1.35,1.92,2.63,1.95,1.28,2.47,3.35,1.52,6,1,1,1,3,4,2,16,0,0,0,-1,2,1,3,4,4,4,7,8,1,1,0,1,2,1,1,44,33,93,78,2.33,1.22,3.55,0,0,0,0,0,0,1,1,1,0,1,0,0,0,1,26,16,1,20,6,1,2,3,0,0,0,0,1.65,1.61,0.0,0.0,0.0,0.0,0,0,0.0,0.0,0.0,35,True,True,True,True,True,True,True,1.66,1.23,2.60,,,2.50,1.57,5.80,1.58,4.31,2.19,1.71,2.10,1.70,,
USA_Major_League_Soccer_2025,2025,0,Atlanta United FC,Montreal Impact,2025-02-23 00:30:00,3,2,5,7,5,12,3,2,0,0,8,6,6,7,14,13,12,15,49,51,Mercedes-Benz Stadium,"1 AMB Drive North West, Atlanta, Georgia",3,2,1.47,4.35,6.75,1.11,1.44,2.33,1.6,2.2,1.37,1.7,2.82,2.05,1.25,2.3,3.75,1.66,5,1,0,2,2,4,1,1016,0,0,0,-1,2,1,6,1,1,4,7,5,0,1,3,1,1,4,1,39,47,80,100,1.73,1.59,3.31,0,0,0,0,0,0,1,1,0,0,2,0,0,0,1,13,13,1,15,12,1,4,9,0,0,0,0,1.18,0.94,0.0,0.0,0.0,0.0,0,0,0.0,0.0,0.0,34,True,True,True,True,True,False,True,1.53,1.16,2.33,,,2.30,1.65,7.44,1.44,4.80,2.24,1.68,2.09,1.72,,
USA_Major_League_Soccer_2025,2025,0,St. Louis City,Colorado Rapids,2025-02-23 01:30:00,0,0,0,6,1,7,1,1,0,0,5,0,12,2,17,2,7,14,54,46,,,1,1,1.99,4.08,3.5,1.18,1.6,2.5,1.52,2.5,1.46,1.8,2.6,1.91,1.29,2.1,3.55,1.5,0,0,0,0,0,0,0,-1,0,0,0,-1,2,1,0,1,6,0,1,6,0,0,1,1,0,2,1,54,33,94,97,1.81,0.38,2.19,0,0,0,0,0,0,1,1,0,0,0,0,0,0,1,30,20,1,14,7,1,5,10,0,0,0,0,1.06,0.76,0.0,0.0,0.0,0.0,0,0,0.0,0.0,0.0,34,False,False,False,False,False,False,False,1.64,1.20,2.52,,,,,3.67,2.00,3.82,2.50,1.56,1.97,1.84,1.49,2.51
USA_Major_League_Soccer_2025,2025,0,Nashville SC,New England Revolution,2025-02-23 01:30:00,0,0,0,8,4,12,1,2,0,0,3,2,10,9,13,11,14,10,51,49,,,1,2,1.95,3.75,3.5,1.25,1.81,2.88,1.6,2.12,1.4,1.91,2.7,2.0,1.35,2.62,3.25,1.55,0,0,0,0,0,0,0,-1,0,0,0,-1,2,1,7,1,1,3,8,4,0,1,1,1,1,2,1,59,36,99,88,1.46,1.1,2.56,0,0,0,0,0,0,1,1,0,0,1,0,0,0,1,18,14,1,10,14,1,7,9,0,0,0,0,2.17,1.18,0.0,0.0,0.0,0.0,0,0,0.0,0.0,0.0,34,False,False,False,False,False,False,False,1.85,1.27,2.97,1.36,3.27,2.76,1.47,3.77,2.05,3.55,2.22,1.70,2.02,1.78,,
USA_Major_League_Soccer_2025,2025,0,Austin,Sporting KC,2025-02-23 01:30:00,1,0,1,4,1,5,3,4,0,0,2,2,10,5,12,7,12,16,59,41,,,3,4,1.75,4.02,4.2,1.22,1.7,2.86,1.67,2.1,1.46,1.75,2.5,1.95,1.3,2.45,3.2,1.57,1,0,0,1,0,1,0,698284,0,0,0,-1,2,1,1,1,3,0,2,3,1,1,2,3,2,5,1,64,24,120,66,1.37,0.76,2.13,0,0,0,0,0,0,1,1,0,0,0,0,0,0,1,15,10,1,16,12,1,6,9,0,0,0,0,1.56,0.65,0.0,0.0,0.0,0.0,0,0,0.0,0.0,0.0,34,True,False,False,False,False,False,False,1.80,1.25,2.96,1.35,3.32,2.72,1.48,4.66,1.78,3.84,2.20,1.71,2.01,1.79,,
USA_Major_League_Soccer_2025,2025,0,Houston Dynamo,FC Dallas,2025-02-23 01:30:00,1,2,3,5,3,8,1,4,0,0,3,3,8,4,11,7,13,11,56,44,BBVA Compass Stadium,"2200 Texas Avenue, East End, Houston, Texas",1,4,2.08,3.6,3.45,1.26,1.8,3.05,1.7,2.1,1.5,1.85,2.35,1.85,1.33,2.55,3.15,1.45,3,1,0,0,2,2,1,13,0,0,0,-1,2,1,1,1,4,2,2,6,1,1,0,3,2,3,1,57,42,104,111,1.32,0.97,2.29,0,0,0,0,0,0,1,1,0,0,1,1,0,0,1,16,23,1,11,13,1,3,8,0,0,0,0,1.06,1.28,0.0,0.0,0.0,0.0,0,0,0.0,0.0,0.0,34,True,True,True,False,False,False,True,1.80,1.26,2.88,1.35,3.35,2.69,1.50,3.71,2.09,3.51,2.25,1.68,1.92,1.89,1.52,2.44
USA_Major_League_Soccer_2025,2025,0,SJ Earthquakes,Real Salt Lake,2025-02-23 03:30:00,4,0,4,6,5,11,4,2,0,0,9,7,5,15,14,22,13,15,37,63,,,4,2,2.2,3.55,3.15,1.24,1.75,2.81,1.57,2.33,1.3,1.73,3.05,2.0,1.28,2.6,3.3,1.5,4,1,0,3,0,3,1,15,0,0,0,17432,2,1,3,3,3,2,6,5,0,0,4,2,0,6,1,24,54,77,136,1.69,2.27,3.96,0,0,0,0,0,0,1,1,0,0,1,0,0,0,1,15,34,1,15,13,1,8,7,0,0,0,0,1.24,0.72,0.0,0.0,0.0,0.0,0,0,0.0,0.0,0.0,34,True,True,True,True,False,False,False,1.76,1.25,2.81,,,,,3.14,2.26,3.68,2.33,1.64,2.21,1.64,,
USA_Major_League_Soccer_2025,2025,0,Seattle Sounders,Charlotte,2025-02-23 03:30:00,2,2,4,7,4,11,1,1,0,0,7,1,11,6,18,7,12,13,59,41,CenturyLink Field,"800 Occidental Avenue South, Seattle, Washington",1,1,1.69,3.5,4.75,1.3,1.95,3.0,1.92,1.85,1.43,1.7,2.62,2.05,1.37,2.8,2.85,1.39,4,1,1,1,1,2,2,-1,0,0,0,-1,2,1,3,2,4,2,5,6,1,0,0,1,1,1,1,80,25,125,78,2.2,0.7,2.91,0,0,0,0,0,0,1,1,0,0,0,0,1,0,1,13,17,1,13,12,1,7,4,0,0,0,0,2.17,1.11,0.0,0.0,0.0,0.0,0,0,0.0,0.0,0.0,37,True,True,True,True,False,False,True,2.01,1.33,3.46,1.40,3.04,3.00,1.41,5.64,1.66,3.88,1.88,1.98,2.00,1.81,1.45,2.63
USA_Major_League_Soccer_2025,2025,0,Portland Timbers,Vancouver Whitecaps,2025-02-23 21:00:00,1,4,5,3,10,13,1,2,1,0,2,10,4,12,6,22,9,16,34,66,Providence Park,"1844 SW Morrison Street, Portland, Oregon",3,2,2.69,3.9,3.5,1.18,1.72,2.7,1.62,2.25,1.33,1.73,2.62,2.0,1.25,2.25,3.0,1.48,5,0,2,1,2,3,2,5,0,0,0,20079,2,1,0,6,3,4,6,7,1,1,1,1,2,2,1,17,40,67,120,0.65,2.38,3.03,0,0,0,0,0,0,1,1,0,0,0,0,0,0,1,20,13,1,16,9,1,10,2,0,0,0,0,1.63,1.65,0.0,0.0,0.0,0.0,0,0,0.0,0.0,0.0,38,True,True,True,True,True,False,True,1.76,1.23,2.78,1.35,3.34,2.66,1.50,2.61,2.79,3.43,2.41,1.60,2.07,1.72,,
USA_Major_League_Soccer_2025,2025,0,LA Galaxy,San Diego,2025-02-24 00:00:00,0,2,2,1,3,4,0,2,0,0,3,6,4,3,7,9,10,14,49,51,,,0,2,0.0,0.0,0.0,0.0,0.0,0.0,0.0,0.0,0.0,0.0,0.0,0.0,0.0,0.0,0.0,0.0,2,0,0,0,2,2,0,1398748,0,0,0,25224,2,1,0,2,1,1,2,2,0,1,0,1,1,1,1,34,49,97,110,0.91,1.35,2.27,0,0,0,0,0,0,1,1,0,0,0,1,0,0,1,17,18,1,14,10,1,6,4,0,0,0,0,1.35,2.11,0.0,0.0,0.0,0.0,0,0,0.0,0.0,0.0,34,True,True,False,False,False,False,False,,,,,,,,,,,,,,,,
USA_Major_League_Soccer_2025,2025,0,Charlotte,Atlanta United FC,2025-03-01 19:15:00,2,0,2,1,5,6,2,2,0,0,5,3,5,12,10,15,12,9,43,57,,,2,2,2.05,4.09,3.5,1.12,1.53,2.33,1.47,2.6,1.41,1.65,2.65,2.02,1.36,2.55,3.2,1.5,2,0,0,2,0,2,0,711351,0,0,0,51002,2,1,1,1,0,4,2,4,0,0,2,2,0,4,1,33,44,83,110,1.23,1.48,2.71,0,0,0,0,0,0,1,1,0,0,0,0,0,0,1,23,20,1,9,12,1,8,12,0,0,0,0,2.11,0.47,0.0,0.0,1.0,3.0,0,0,0.0,0.0,0.0,34,True,True,False,False,False,False,False,1.56,1.17,2.36,1.33,3.29,2.39,1.61,3.50,2.07,3.79,2.73,1.49,2.16,1.68,,
USA_Major_League_Soccer_2025,2025,0,Real Salt Lake,Seattle Sounders,2025-03-01 21:30:00,2,0,2,3,4,7,3,1,0,0,4,3,7,8,11,11,16,10,53,47,Rio Tinto Stadium,"9256 South State Street, Sandy, Utah",3,1,2.48,3.44,2.96,1.35,2.05,3.6,1.85,1.98,1.55,1.91,2.3,1.8,1.47,3.0,2.6,1.33,2,1,0,1,0,1,1,14,0,0,0,-1,2,1,1,2,2,2,3,4,0,1,3,0,1,3,1,41,48,96,100,1.28,1.26,2.54,0,0,0,0,0,0,1,1,1,0,0,1,0,0,1,16,20,1,10,16,1,9,9,0,0,0,0,1.65,1.11,0.0,0.0,0.0,1.0,0,0,0.0,0.0,0.0,35,True,True,False,False,False,False,False,2.23,1.38,3.97,1.45,2.85,3.23,1.37,2.97,2.63,3.17,1.98,1.88,,,,
USA_Major_League_Soccer_2025,2025,0,Philadelphia Union,FC Cincinnati,2025-03-02 00:30:00,4,1,5,7,2,9,0,1,0,0,7,2,7,5,14,7,7,9,53,47,,,0,1,2.5,3.6,2.55,1.17,1.66,2.55,1.54,2.48,1.32,1.58,3.0,2.15,1.3,2.51,3.6,1.56,5,2,0,2,1,3,2,16,0,0,0,-1,2,1,0,2,7,0,2,7,0,0,0,1,0,1,1,36,18,122,86,1.65,0.73,2.37,0,0,0,0,0,0,1,1,1,0,0,2,0,0,1,17,29,1,9,7,1,5,6,0,0,0,0,2.16,1.94,0.0,0.0,3.0,3.0,0,0,0.0,0.0,0.0,37,True,True,True,True,True,False,True,1.71,1.21,2.75,1.35,3.34,2.63,1.52,2.58,2.72,3.60,2.48,1.57,2.04,1.76,,
USA_Major_League_Soccer_2025,2025,0,New England Revolution,Columbus Crew,2025-03-02 00:30:00,0,1,1,1,4,5,2,3,0,0,2,3,2,6,4,9,16,14,38,62,Gillette Stadium,"1388 One Patriot Place, Foxborough, Massachusetts",2,3,2.87,3.6,2.46,1.17,1.65,2.63,1.6,2.3,1.52,2.25,2.3,1.85,1.28,2.4,3.3,1.53,1,0,0,0,1,1,0,9,0,0,0,22274,2,1,1,3,0,1,4,1,2,0,0,3,2,3,1,26,26,69,91,0.59,0.98,1.57,0,0,0,0,0,0,1,1,0,0,0,0,1,0,1,18,10,1,14,16,1,2,1,0,0,0,0,0.94,1.16,0.0,0.0,1.0,3.0,0,0,0.0,0.0,0.0,34,True,False,False,False,False,False,False,1.69,1.21,2.68,1.35,3.34,2.53,1.55,2.42,2.87,3.68,2.51,1.56,1.82,1.99,1.58,2.30
USA_Major_League_Soccer_2025,2025,0,Orlando City,Toronto,2025-03-02 00:30:00,4,2,6,2,2,4,2,0,0,0,4,4,3,5,7,9,13,9,44,56,,,2,0,1.6,3.85,4.33,1.22,1.76,2.75,1.76,2.05,1.57,1.83,2.4,1.8,1.32,2.61,3.27,1.52,6,2,0,2,2,4,2,17,0,100,0,-1,2,1,1,1,1,1,2,2,0,0,2,0,0,2,1,31,49,71,81,0.95,1.21,2.16,0,0,0,0,0,0,1,1,0,0,0,0,0,0,1,13,17,1,9,13,1,9,1,100,100,100,100,1.65,0.94,0.0,1.0,0.0,1.0,0,0,2.33,1.54,3.87,34,True,True,True,True,True,True,True,1.76,1.24,2.86,1.34,3.38,2.65,1.51,5.31,1.70,3.85,2.15,1.74,1.88,1.93,1.53,2.38
USA_Major_League_Soccer_2025,2025,0,New York RB,Nashville SC,2025-03-02 00:30:00,2,0,2,1,5,6,3,2,0,0,5,2,7,8,12,10,13,17,43,57,Red Bull Arena,"Frank Rogers Boulevard South, Harrison, New Jersey",3,2,1.79,3.5,4.52,1.35,2.1,3.55,1.99,1.86,1.48,1.9,2.28,1.79,1.38,2.75,2.81,1.4,2,2,0,0,0,0,2,4,0,0,0,-1,2,1,1,3,0,2,4,2,1,0,2,2,1,4,1,27,29,96,65,1.31,0.98,2.29,0,0,0,0,0,0,1,1,1,0,1,1,0,0,1,21,12,1,17,13,1,4,4,0,0,0,0,1.94,0.95,0.0,0.0,0.0,1.0,0,0,0.0,0.0,0.0,34,True,True,False,False,False,False,False,2.16,1.36,3.81,1.44,2.89,3.19,1.37,5.18,1.82,3.41,1.86,1.99,1.95,1.86,1.48,2.49
USA_Major_League_Soccer_2025,2025,0,Sporting KC,SJ Earthquakes,2025-03-02 01:30:00,1,2,3,6,2,8,5,1,0,1,3,5,12,2,15,7,14,15,68,32,Children's Mercy Park,"One Sporting Way, Kansas City, Kansas",5,2,1.95,3.7,3.52,1.19,1.65,2.4,1.62,2.25,1.32,1.6,2.83,2.14,1.3,2.45,3.2,1.5,3,1,2,0,0,0,3,15,0,0,0,-1,2,1,4,2,2,0,6,2,3,1,2,1,4,3,1,90,11,125,44,1.81,0.87,2.68,1,0,1,0,0,0,1,1,0,1,1,0,1,0,1,27,10,1,14,14,1,1,12,0,0,0,0,1.0,1.18,0.0,0.0,0.0,3.0,0,0,0.0,0.0,0.0,34,True,True,True,False,False,False,True,1.67,1.20,2.64,,,2.51,1.56,3.86,1.98,3.71,2.50,1.56,2.21,1.63,,
USA_Major_League_Soccer_2025,2025,0,Chicago Fire,DC United,2025-03-02 01:30:00,2,2,4,5,10,15,1,3,0,0,4,6,7,12,11,18,13,17,41,59,,,1,3,2.15,3.25,3.15,1.19,1.67,2.55,1.52,2.25,1.44,1.79,2.51,1.92,1.3,2.45,3.4,1.56,4,1,1,1,1,2,2,-1,0,0,0,20372,2,1,2,2,3,8,4,11,0,1,1,2,1,3,1,34,62,64,95,1.22,2.0,3.22,0,0,0,0,0,0,1,1,0,1,1,0,0,0,1,17,28,1,17,12,1,7,6,0,0,0,0,1.42,0.76,0.0,0.0,0.0,1.0,0,0,0.0,0.0,0.0,34,True,True,True,True,False,False,True,1.70,1.21,2.71,,,2.58,1.53,3.31,2.21,3.59,2.51,1.56,1.98,1.83,1.48,2.54
USA_Major_League_Soccer_2025,2025,0,Minnesota United,Montreal Impact,2025-03-02 01:30:00,1,0,1,2,5,7,1,2,0,0,6,0,8,3,14,3,11,8,35,65,,,1,2,1.36,4.99,6.6,1.2,1.66,2.7,1.77,1.95,1.35,1.68,2.74,2.05,1.32,2.35,3.38,1.55,1,0,0,1,0,1,0,1015,0,50,0,17745,2,1,1,2,1,3,3,4,0,1,1,1,1,2,1,33,41,68,100,1.54,0.5,2.04,0,0,0,0,0,0,1,1,0,0,1,0,0,0,1,15,15,1,8,11,1,7,5,50,50,0,50,1.58,0.94,0.0,0.0,0.0,0.0,0,0,0.0,1.59,1.59,34,True,False,False,False,False,False,False,1.67,1.21,2.62,,,,,7.46,1.45,4.64,2.04,1.83,2.10,1.71,,
USA_Major_League_Soccer_2025,2025,0,Colorado Rapids,FC Dallas,2025-03-02 02:30:00,3,3,6,6,1,7,1,1,0,0,5,5,11,7,16,12,16,9,59,41,,,1,1,2.1,3.53,3.6,1.18,1.65,2.82,1.61,2.4,1.65,2.14,2.05,1.63,1.3,2.4,3.2,1.48,6,2,2,1,1,2,4,-1,0,50,0,-1,2,1,6,0,0,1,6,1,1,0,0,1,1,1,1,63,32,106,64,1.81,1.34,3.15,0,0,0,0,0,0,1,1,1,0,0,0,0,0,1,18,14,1,9,16,1,12,10,50,50,0,50,1.65,1.28,0.0,3.0,1.0,3.0,0,0,0.0,0.97,0.97,34,True,True,True,True,True,True,True,1.74,1.22,2.82,1.34,3.38,2.62,1.52,3.59,2.12,3.54,2.40,1.61,1.66,2.18,1.73,2.08
USA_Major_League_Soccer_2025,2025,0,San Diego,St. Louis City,2025-03-02 03:30:00,0,0,0,9,0,9,3,5,0,0,1,2,14,0,15,2,14,11,72,28,,,3,5,1.95,3.63,3.61,0.0,1.57,0.0,0.0,0.0,0.0,0.0,0.0,0.0,0.0,0.0,0.0,0.0,0,0,0,0,0,0,0,-1,0,0,0,34506,2,1,6,0,3,0,6,3,1,2,2,3,3,5,1,53,8,146,50,1.41,0.34,1.75,0,0,0,0,0,0,1,1,0,0,1,0,0,0,1,16,13,1,11,14,1,0,11,0,0,0,0,1.67,0.82,0.0,0.0,3.0,1.0,0,0,0.0,0.0,0.0,34,False,False,False,False,False,False,False,,,,,,,,3.63,2.07,3.64,,,,,,
USA_Major_League_Soccer_2025,2025,0,Portland Timbers,Austin,2025-03-02 03:30:00,1,0,1,6,5,11,5,1,0,0,2,4,5,9,7,13,15,9,54,46,Providence Park,"1844 SW Morrison Street, Portland, Oregon",5,1,2.82,3.55,2.39,1.22,1.67,2.75,1.52,2.5,1.49,1.79,2.4,1.9,1.3,2.4,3.75,1.5,1,0,0,1,0,1,0,20,0,50,0,20032,2,1,4,3,2,2,7,4,1,1,4,0,2,4,1,44,31,89,79,0.91,1.33,2.24,0,0,0,0,0,0,1,1,0,0,1,1,0,0,1,19,17,1,9,15,1,9,5,50,50,50,50,1.63,1.06,0.0,0.0,0.0,3.0,0,0,0.65,0.0,0.65,36,True,False,False,False,False,False,False,1.74,1.23,2.77,,,2.53,1.55,2.43,2.93,3.55,2.45,1.59,1.94,1.87,1.50,2.49
USA_Major_League_Soccer_2025,2025,0,Los Angeles FC,New York City,2025-03-02 03:30:00,1,0,1,5,5,10,1,2,0,0,5,2,3,9,8,11,9,13,47,53,Banc of California Stadium,"3939 S Figueroa Street, Los Angeles, California",1,2,1.66,3.95,4.6,1.2,1.77,3.0,1.8,2.04,1.5,1.92,2.35,1.88,1.38,2.4,3.08,1.47,1,0,0,1,0,1,0,6490,0,50,0,22021,2,1,1,3,4,2,4,6,0,2,1,0,2,1,1,42,47,96,95,1.17,1.18,2.35,0,0,0,0,0,0,1,1,0,0,0,0,0,0,1,22,18,1,13,9,1,5,5,50,50,50,50,2.11,1.52,3.0,1.0,3.0,1.0,50,50,1.7,1.16,2.86,37,True,False,False,False,False,False,False,1.92,1.29,3.19,,,,,4.84,1.78,3.76,2.02,1.84,2.10,1.71,1.45,2.62
USA_Major_League_Soccer_2025,2025,0,Vancouver Whitecaps,LA Galaxy,2025-03-02 22:00:00,2,1,3,6,1,7,3,3,0,0,4,2,11,4,15,6,8,10,51,49,BC Place Stadium,"777 Pacific Boulevard, False Creek, Vancouver, British Columbia",3,3,1.62,4.4,4.82,1.15,1.5,2.25,1.5,2.25,1.42,1.73,2.62,2.0,1.28,2.21,3.6,1.6,3,1,1,1,0,1,2,5,0,0,0,-1,2,1,2,1,4,0,3,4,1,2,2,1,3,3,1,78,20,114,65,1.79,0.67,2.46,0,0,0,0,0,0,1,1,1,0,0,0,0,0,1,15,16,1,10,8,1,6,14,0,0,0,0,2.0,0.41,0.0,0.0,3.0,0.0,0,0,0.0,0.0,0.0,34,True,True,True,False,False,False,True,1.63,1.19,2.53,,,,,4.98,1.67,4.23,2.29,1.66,,,,
USA_Major_League_Soccer_2025,2025,0,Houston Dynamo,Inter Miami,2025-03-03 00:00:00,1,4,5,2,2,4,2,7,0,1,2,5,4,4,6,9,24,14,46,54,BBVA Compass Stadium,"2200 Texas Avenue, East End, Houston, Texas",2,9,2.3,3.91,2.62,1.2,1.6,2.4,1.55,2.35,1.55,1.85,2.3,1.85,1.32,2.4,3.5,1.55,5,0,3,1,1,2,3,677446,0,50,0,-1,2,1,0,0,2,2,0,4,1,1,1,7,2,8,1,26,31,98,91,0.72,1.15,1.88,0,0,0,0,0,0,1,1,0,1,0,0,0,0,1,20,12,1,14,24,1,7,5,50,50,0,50,1.06,1.68,0.0,0.0,0.0,1.0,0,0,1.32,0.0,1.32,34,True,True,True,True,True,False,True,1.70,1.21,2.67,,,2.53,1.56,2.94,2.45,3.52,2.52,1.56,1.85,1.96,1.54,2.38
USA_Major_League_Soccer_2025,2025,0,Columbus Crew,Houston Dynamo,2025-03-08 19:30:00,0,0,0,5,4,9,2,5,0,0,5,1,6,2,11,3,11,18,64,36,,,2,5,1.69,4.1,5.0,1.24,1.72,2.8,1.68,2.05,1.57,1.93,2.38,1.75,1.35,2.55,3.2,1.5,0,0,0,0,0,0,0,-1,0,50,0,-1,2,1,2,4,3,0,6,3,1,2,1,3,3,4,1,55,21,128,58,1.46,0.42,1.88,0,0,0,0,0,0,1,1,0,0,0,0,0,1,1,18,16,1,18,11,1,2,8,50,50,50,50,1.94,1.12,3.0,0.0,3.0,0.0,0,0,1.43,0.0,1.43,34,False,False,False,False,False,False,False,1.80,1.25,2.97,1.35,3.32,2.72,1.48,4.95,1.70,4.04,2.07,1.80,1.88,1.93,1.54,2.38
USA_Major_League_Soccer_2025,2025,0,Seattle Sounders,Los Angeles FC,2025-03-08 21:45:00,5,2,7,9,4,13,0,1,0,0,11,3,3,5,14,8,9,11,58,42,CenturyLink Field,"800 Occidental Avenue South, Seattle, Washington",0,1,2.01,3.25,3.75,1.25,2.2,2.95,1.95,1.77,1.48,1.75,2.5,2.0,1.5,2.6,3.25,1.48,7,1,1,4,1,5,2,18,0,50,0,30107,2,1,2,4,7,0,6,7,0,0,0,1,0,1,1,54,27,128,87,2.05,0.92,2.98,0,0,0,0,0,0,1,1,0,0,1,0,0,0,1,14,13,1,11,9,1,4,6,50,50,50,50,2.17,1.53,1.0,0.0,0.5,3.0,0,0,2.2,0.0,2.2,37,True,True,True,True,True,True,True,2.27,1.41,4.11,1.49,2.71,3.44,1.33,4.06,2.03,3.38,1.84,2.02,2.06,1.75,1.45,2.58
USA_Major_League_Soccer_2025,2025,0,New England Revolution,Philadelphia Union,2025-03-09 00:30:00,0,2,2,4,5,9,2,3,0,0,1,7,7,12,8,19,12,21,49,51,Gillette Stadium,"1388 One Patriot Place, Foxborough, Massachusetts",2,3,2.4,3.5,2.62,1.25,1.75,2.95,1.57,2.25,1.4,1.67,2.7,2.1,1.33,2.4,3.25,1.46,2,0,0,0,2,2,0,16,0,50,0,15596,-1,1,-1,-1,-1,-1,-1,-1,0,1,2,2,1,4,1,53,55,102,115,0.97,2.09,3.06,0,0,0,0,0,0,1,1,0,0,-1,-1,0,0,1,19,15,1,21,12,1,9,7,50,50,50,50,0.94,1.61,0.0,3.0,0.5,3.0,50,50,0.59,1.22,1.81,34,True,True,False,False,False,False,False,1.74,1.23,2.76,1.34,3.38,2.65,1.51,2.80,2.53,3.56,2.43,1.59,2.15,1.67,,
USA_Major_League_Soccer_2025,2025,0,DC United,Sporting KC,2025-03-09 00:30:00,2,1,3,6,1,7,6,4,0,0,4,1,7,6,11,7,19,13,44,56,Audi Field,"32-60 R Street South West, Buzzard Point, Washington, District of Columbia",6,4,1.8,4.17,3.5,1.17,1.6,2.5,1.5,2.35,1.48,1.7,3.2,2.05,1.3,2.25,3.4,1.57,3,0,0,2,1,3,0,13401,0,50,0,15183,2,1,3,0,3,1,3,4,2,2,4,2,4,6,1,42,37,98,110,1.29,0.8,2.08,1,0,1,0,0,0,1,1,0,0,2,0,0,0,1,18,21,1,12,19,1,5,6,50,50,50,50,0.76,0.65,1.0,0.0,1.0,0.0,50,50,0.97,0.76,1.73,34,True,True,True,False,False,False,True,1.59,1.18,2.43,,,2.38,1.62,3.79,1.93,3.94,2.54,1.55,2.18,1.64,,
USA_Major_League_Soccer_2025,2025,0,FC Cincinnati,Toronto,2025-03-09 00:30:00,2,0,2,5,4,9,2,1,0,0,7,1,5,5,12,6,10,8,56,44,,,2,1,1.6,3.5,4.75,1.25,1.8,2.65,1.8,1.91,1.67,2.21,2.02,1.67,1.28,2.3,3.6,1.6,2,0,0,2,0,2,0,8043,0,50,0,23088,2,1,3,1,2,3,4,5,0,0,2,1,0,3,1,52,27,131,69,1.64,0.65,2.29,1,0,1,0,0,0,1,1,0,0,0,0,0,0,1,28,16,1,7,10,1,6,10,50,50,50,50,1.8,0.94,3.0,0.5,1.5,0.5,50,50,1.16,1.38,2.54,34,True,True,False,False,False,False,False,1.81,1.25,2.97,1.36,3.30,2.74,1.48,5.64,1.61,4.17,2.02,1.84,1.64,2.21,1.70,2.12
USA_Major_League_Soccer_2025,2025,0,New York City,Orlando City,2025-03-09 00:30:00,2,1,3,7,4,11,2,2,1,0,9,4,7,11,16,15,12,10,55,45,Yankee Stadium,"One East 161st Street, The Bronx, New York City",3,2,2.3,3.4,2.7,1.21,1.7,2.75,1.57,2.3,1.5,1.73,2.4,1.91,1.33,2.55,3.3,1.5,3,0,0,2,1,3,0,2,0,0,0,25846,2,1,4,1,3,3,5,6,0,0,3,2,0,5,1,46,36,99,110,1.97,1.5,3.47,0,0,0,0,0,0,1,1,0,0,2,0,0,0,1,25,18,1,10,12,1,6,8,0,0,0,0,1.89,1.39,0.0,0.0,0.5,1.5,0,0,0.0,0.0,0.0,35,True,True,True,False,False,False,True,1.72,1.21,2.73,1.36,3.26,2.63,1.52,2.98,2.46,3.44,2.51,1.56,2.07,1.74,,
USA_Major_League_Soccer_2025,2025,0,Atlanta United FC,New York RB,2025-03-09 00:30:00,0,0,0,5,2,7,2,2,0,0,6,0,4,7,10,7,14,6,41,59,Mercedes-Benz Stadium,"1 AMB Drive North West, Atlanta, Georgia",2,2,1.9,3.5,3.64,1.17,1.6,2.62,1.61,2.15,1.42,1.67,2.62,2.1,1.3,2.35,3.2,1.51,0,0,0,0,0,0,0,-1,0,50,0,42562,2,1,3,0,2,2,3,4,2,1,0,1,3,1,1,31,28,99,99,1.29,0.66,1.95,0,0,0,0,0,0,1,1,0,0,0,0,1,0,1,24,7,1,6,14,1,7,3,50,50,0,50,1.18,0.59,3.0,0.0,1.5,1.5,50,50,1.73,1.47,3.2,34,False,False,False,False,False,False,False,1.71,1.22,2.70,1.35,3.36,2.64,1.52,4.03,1.92,3.76,2.41,1.61,2.12,1.70,1.45,2.60
USA_Major_League_Soccer_2025,2025,0,Nashville SC,Portland Timbers,2025-03-09 01:30:00,2,0,2,5,2,7,0,2,0,0,12,4,12,5,24,9,9,9,57,43,,,0,2,1.65,4.05,5.0,1.2,1.73,2.75,1.78,2.11,1.55,2.12,2.3,1.9,1.35,2.65,3.1,1.47,2,1,0,1,0,1,1,677447,0,0,0,24432,2,1,3,1,2,1,4,3,0,1,0,1,1,1,1,52,39,111,101,2.73,1.14,3.87,0,0,0,0,0,0,1,1,0,0,1,0,0,1,1,26,16,1,7,9,1,4,8,0,0,0,0,2.17,0.89,1.0,0.0,0.5,1.5,50,50,1.46,0.0,1.46,37,True,True,False,False,False,False,False,1.80,1.25,2.93,1.35,3.35,2.70,1.49,5.43,1.67,3.93,2.11,1.78,1.90,1.92,1.50,2.45
USA_Major_League_Soccer_2025,2025,0,Austin,Colorado Rapids,2025-03-09 01:30:00,0,1,1,7,3,10,2,2,0,0,5,3,15,3,20,6,14,9,59,41,,,2,2,1.65,3.89,4.35,1.25,1.75,2.88,1.73,2.1,1.47,1.92,2.48,1.93,1.36,2.6,3.1,1.48,1,0,1,0,0,0,1,12,0,0,0,20738,2,1,4,2,3,1,6,4,0,0,2,2,0,4,1,52,43,95,99,1.98,0.91,2.9,0,0,0,0,0,0,1,1,0,0,1,1,0,0,1,25,20,1,9,14,1,5,10,0,0,0,0,1.56,0.76,3.0,1.0,1.5,1.0,100,100,1.37,0.38,1.75,34,True,False,False,False,False,False,False,1.83,1.26,3.03,1.36,3.25,2.78,1.47,4.75,1.76,3.89,2.07,1.80,1.89,1.92,1.52,2.44
USA_Major_League_Soccer_2025,2025,0,FC Dallas,Chicago Fire,2025-03-09 01:30:00,1,3,4,6,2,8,0,3,0,0,6,7,8,6,14,13,10,14,46,54,Toyota Stadium,"6000 Main Street, Frisco, Texas",0,3,1.6,3.75,4.0,1.17,1.64,2.4,1.62,2.2,1.55,2.46,2.2,1.69,1.3,2.35,3.4,1.57,4,0,0,1,3,4,0,7,0,50,0,-1,2,1,2,0,4,2,2,6,0,1,0,2,1,2,1,44,35,85,87,1.62,1.57,3.19,0,1,0,1,0,0,1,1,0,0,1,0,0,0,1,21,16,1,13,9,1,3,5,50,50,50,50,1.22,1.67,0.0,0.0,2.0,0.5,0,0,0.0,1.51,1.51,36,True,True,True,True,False,False,True,1.59,1.18,2.48,,,2.35,1.63,5.07,1.63,4.42,2.35,1.63,1.69,2.13,1.68,2.15
USA_Major_League_Soccer_2025,2025,0,Real Salt Lake,San Diego,2025-03-09 02:30:00,1,3,4,4,6,10,3,1,0,0,6,8,7,7,13,15,10,11,48,52,Rio Tinto Stadium,"9256 South State Street, Sandy, Utah",3,1,1.77,3.5,4.28,1.25,1.8,3.04,1.75,2.0,1.28,1.52,3.2,2.25,1.36,2.6,3.1,1.48,4,1,1,0,2,2,2,1398748,0,0,0,-1,2,1,2,3,2,3,5,5,0,0,3,1,0,4,1,24,34,66,103,1.41,1.76,3.17,0,0,0,0,0,0,1,1,0,0,0,1,0,0,1,14,12,1,11,10,1,9,7,0,100,0,50,1.65,2.11,3.0,3.0,1.5,2.0,100,0,1.28,1.35,2.63,35,True,True,True,True,False,False,True,1.84,1.26,3.04,1.36,3.25,2.78,1.47,4.70,1.79,3.78,2.12,1.76,2.24,1.61,,
USA_Major_League_Soccer_2025,2025,0,Vancouver Whitecaps,Montreal Impact,2025-03-09 02:30:00,2,0,2,8,7,15,1,2,0,0,7,2,7,8,14,10,10,16,52,48,BC Place Stadium,"777 Pacific Boulevard, False Creek, Vancouver, British Columbia",1,2,1.37,5.2,7.6,1.19,1.57,2.34,1.8,1.91,1.38,1.73,2.8,2.0,1.28,2.25,3.6,1.6,2,1,0,1,0,1,1,5,0,75,0,19531,2,1,3,3,5,4,6,9,0,2,1,0,2,1,1,45,43,105,81,1.7,1.09,2.79,0,0,0,0,0,0,1,1,0,0,0,0,0,0,1,18,13,1,16,10,1,4,6,75,75,50,75,2.0,0.94,3.0,0.0,3.0,0.0,25,25,1.79,1.04,2.83,34,True,True,False,False,False,False,False,1.59,1.19,2.47,,,2.41,1.60,8.20,1.37,5.31,1.94,1.91,2.12,1.70,,
USA_Major_League_Soccer_2025,2025,0,SJ Earthquakes,Minnesota United,2025-03-09 03:30:00,0,1,1,10,4,14,1,1,0,0,1,6,16,4,17,10,8,12,73,27,,,1,1,2.3,3.25,2.82,1.28,1.83,3.1,1.67,2.35,1.34,1.71,2.78,2.18,1.36,2.6,3.0,1.45,1,0,1,0,0,0,1,1015,0,0,0,16102,2,1,2,0,8,4,2,12,0,1,1,0,1,1,1,68,29,150,70,1.65,1.26,2.91,0,0,0,0,0,0,1,1,0,0,1,0,0,0,1,20,11,1,12,8,1,4,9,50,50,0,50,1.24,1.58,3.0,0.0,3.0,1.5,50,50,1.69,1.18,2.87,34,True,False,False,False,False,False,False,1.78,1.24,2.88,1.34,3.38,2.66,1.50,2.92,2.42,3.60,2.35,1.63,2.11,1.71,,
USA_Major_League_Soccer_2025,2025,0,Inter Miami,Charlotte,2025-03-09 20:00:00,1,0,1,2,13,15,3,1,1,0,2,0,2,9,4,9,10,12,43,57,,,5,1,1.65,4.1,4.6,1.12,1.45,2.2,1.5,2.25,1.46,1.88,2.38,1.85,1.25,2.1,4.0,1.7,1,0,0,1,0,1,0,677446,0,100,0,-1,2,1,2,5,0,8,7,8,3,0,1,1,3,2,1,21,101,67,109,0.56,1.3,1.85,0,0,0,0,0,0,1,1,0,0,1,0,0,0,1,12,15,1,12,10,1,8,1,100,100,100,100,2.29,1.11,1.0,1.0,2.0,2.0,0,0,1.61,0.7,2.31,37,True,False,False,False,False,False,False,1.59,1.18,2.42,,,2.26,1.68,4.72,1.74,4.02,2.45,1.58,1.93,1.88,1.50,2.46
USA_Major_League_Soccer_2025,2025,0,LA Galaxy,St. Louis City,2025-03-09 23:00:00,0,3,3,9,8,17,1,2,0,0,8,5,15,9,23,14,6,8,70,30,,,1,2,2.1,3.64,3.25,1.16,1.5,2.5,1.55,2.4,1.58,1.85,2.3,1.85,1.26,2.4,3.2,1.58,3,0,1,0,2,2,1,945555,0,0,0,-1,2,1,3,6,6,2,9,8,1,0,0,2,1,2,1,57,25,129,59,2.42,1.41,3.83,0,0,0,0,0,0,1,1,0,0,1,2,0,0,1,6,4,1,8,6,1,4,11,0,50,0,0,1.35,0.82,0.0,1.0,0.0,1.0,100,50,0.91,0.34,1.25,34,True,True,True,False,False,False,False,1.71,1.21,2.69,,,2.59,1.53,3.28,2.20,3.64,2.43,1.60,1.91,1.91,1.53,2.41
USA_Major_League_Soccer_2025,2025,0,Toronto,Chicago Fire,2025-03-15 18:30:00,1,2,3,5,3,8,0,0,0,0,1,4,4,7,5,11,7,11,48,52,,,0,0,2.19,3.91,3.08,1.22,1.7,2.8,1.62,2.2,1.54,1.95,2.2,1.7,1.37,2.42,3.12,1.47,3,1,2,0,0,0,3,7,0,50,0,-1,2,-1,0,1,5,2,1,7,0,0,0,0,0,0,1,50,39,96,77,0.76,1.26,2.02,0,0,0,0,0,0,1,1,0,0,0,1,-1,-1,1,18,21,1,11,7,1,6,7,50,50,25,25,0.94,1.67,0.0,1.5,0.33,1.33,0,0,0.0,1.54,1.54,34,True,True,True,False,False,False,True,1.74,1.22,2.82,1.35,3.33,2.67,1.50,3.14,2.23,3.73,2.39,1.61,1.82,1.99,1.61,2.25
USA_Major_League_Soccer_2025,2025,0,New York RB,Orlando City,2025-03-15 18:30:00,2,2,4,2,6,8,3,1,0,0,7,7,7,9,14,16,12,11,56,44,Red Bull Arena,"Frank Rogers Boulevard South, Harrison, New Jersey",3,1,2.15,3.35,3.94,1.34,2.14,3.8,1.85,1.91,1.63,2.02,2.1,1.67,1.48,3.0,2.7,1.33,4,1,2,1,0,1,3,-1,0,50,0,-1,2,1,1,1,0,5,2,5,0,0,3,1,0,4,1,38,38,76,58,1.65,1.77,3.41,1,0,1,0,0,0,1,1,0,0,0,0,0,0,1,20,15,1,10,12,1,5,4,50,100,50,50,1.94,1.39,3.0,0.0,1.33,1.0,50,0,1.31,1.5,2.81,34,True,True,True,True,False,False,True,2.13,1.34,3.78,1.45,2.85,3.19,1.37,3.93,2.07,3.37,1.96,1.89,1.69,2.12,1.70,2.12
USA_Major_League_Soccer_2025,2025,0,Los Angeles FC,Austin,2025-03-15 19:45:00,0,1,1,6,5,11,1,5,0,0,3,3,11,7,14,10,10,18,71,29,Banc of California Stadium,"3939 S Figueroa Street, Los Angeles, California",1,5,1.77,3.55,4.8,1.25,1.98,3.0,1.85,1.93,1.46,1.8,2.58,1.9,1.43,2.8,2.75,1.4,1,0,1,0,0,0,1,698284,0,0,0,22111,2,1,6,2,0,3,8,3,0,1,1,4,1,5,1,111,46,106,56,1.89,1.17,3.06,0,0,0,0,0,0,1,1,0,0,3,0,0,0,1,22,14,1,18,10,1,8,11,0,0,0,0,2.11,1.06,3.0,0.0,2.0,1.0,100,100,1.44,1.33,2.77,36,True,False,False,False,False,False,False,2.01,1.31,3.35,1.41,3.03,3.01,1.41,4.99,1.78,3.67,1.91,1.94,1.99,1.82,1.46,2.58
USA_Major_League_Soccer_2025,2025,0,New York City,New England Revolution,2025-03-15 23:30:00,2,1,3,7,9,16,2,1,0,0,4,1,6,6,10,7,13,11,46,54,Yankee Stadium,"One East 161st Street, The Bronx, New York City",2,1,1.73,3.95,4.6,1.25,1.65,2.75,1.71,2.0,1.48,1.73,2.5,2.0,1.3,2.45,3.3,1.48,3,1,1,1,0,1,2,2,0,50,0,-1,2,1,6,4,1,5,10,6,0,0,2,1,0,3,1,64,78,91,111,1.38,1.08,2.46,0,0,0,0,0,0,1,1,0,0,3,0,0,0,1,5,4,1,11,13,1,6,9,50,50,0,0,1.89,1.18,3.0,1.0,1.33,0.33,50,50,1.97,1.1,3.07,34,True,True,True,False,False,False,True,1.80,1.25,2.93,1.35,3.31,2.72,1.48,4.97,1.74,3.83,2.10,1.78,2.08,1.73,,
USA_Major_League_Soccer_2025,2025,0,DC United,Montreal Impact,2025-03-15 23:30:00,0,0,0,6,2,8,3,5,0,0,6,2,9,8,15,10,26,9,51,49,Audi Field,"32-60 R Street South West, Buzzard Point, Washington, District of Columbia",3,5,1.47,4.85,6.0,1.15,1.53,2.33,1.68,2.15,1.38,1.65,2.8,2.1,1.29,2.25,3.5,1.57,0,0,0,0,0,0,0,-1,0,67,0,-1,2,1,4,0,2,2,4,4,2,2,1,3,4,4,1,61,38,93,74,1.8,1.05,2.85,0,0,0,0,0,0,1,1,0,0,2,0,0,0,1,3,0,1,9,26,1,11,7,67,84,25,59,0.76,0.94,2.0,0.0,1.67,0.0,34,17,1.13,1.06,2.19,34,False,False,False,False,False,False,False,1.56,1.17,2.39,,,2.37,1.62,7.11,1.48,4.52,2.21,1.70,,,,
USA_Major_League_Soccer_2025,2025,0,Charlotte,FC Cincinnati,2025-03-15 23:30:00,2,0,2,5,6,11,0,2,0,1,5,7,10,10,15,17,9,10,49,51,,,0,3,2.19,3.4,3.25,1.22,1.71,2.7,1.57,2.25,1.5,1.85,2.38,1.77,1.33,2.54,3.32,1.53,2,0,0,2,0,2,0,711351,0,50,0,-1,2,1,3,3,2,3,6,5,0,1,0,2,1,2,1,79,72,109,93,1.87,2.08,3.94,0,0,0,0,0,0,1,1,0,0,0,2,0,0,1,3,3,1,10,9,1,6,8,50,100,50,50,2.11,1.94,3.0,0.0,1.33,2.0,50,0,1.23,0.73,1.96,37,True,True,False,False,False,False,False,1.77,1.23,2.84,1.35,3.35,2.63,1.52,3.27,2.24,3.56,2.37,1.62,1.93,1.88,1.50,2.45
USA_Major_League_Soccer_2025,2025,0,Sporting KC,Minnesota United,2025-03-16 00:15:00,3,3,6,4,4,8,1,1,0,0,3,6,6,10,9,16,10,17,68,32,Children's Mercy Park,"One Sporting Way, Kansas City, Kansas",1,1,2.47,3.35,2.85,1.25,2.02,3.4,1.7,2.1,1.49,2.01,2.63,2.01,1.39,2.7,2.75,1.4,6,0,2,3,1,4,2,-1,0,50,0,14867,2,1,0,1,4,3,1,7,0,1,1,0,1,1,1,99,55,135,65,1.5,1.82,3.32,0,0,0,0,0,0,1,1,0,0,0,0,0,1,1,15,18,1,17,10,1,6,5,50,50,50,75,1.0,1.58,0.0,1.5,0.0,2.0,50,50,1.81,1.22,3.03,34,True,True,True,True,True,True,True,2.00,1.30,3.40,1.41,2.99,3.03,1.41,3.02,2.49,3.34,2.16,1.74,2.01,1.80,1.45,2.63
USA_Major_League_Soccer_2025,2025,0,St. Louis City,Seattle Sounders,2025-03-16 00:30:00,1,0,1,4,7,11,2,4,0,0,5,1,9,14,14,15,11,11,35,65,,,2,4,2.25,3.45,3.0,1.28,2.0,3.56,1.81,2.1,1.47,1.72,2.57,2.08,1.36,2.88,2.9,1.34,1,1,0,0,0,0,1,945555,0,0,0,22422,2,1,3,2,1,5,5,6,0,2,2,2,2,4,1,40,65,70,111,1.52,1.49,3.01,0,0,0,0,0,0,1,1,0,0,0,0,0,0,1,11,28,1,11,11,1,9,5,0,50,0,50,1.06,1.11,1.0,0.0,1.67,1.33,100,50,1.81,1.26,3.07,34,True,False,False,False,False,False,False,2.05,1.32,3.56,1.41,3.00,3.03,1.41,3.16,2.30,3.54,2.05,1.81,2.08,1.72,1.47,2.57
USA_Major_League_Soccer_2025,2025,0,FC Dallas,Vancouver Whitecaps,2025-03-16 00:30:00,0,1,1,2,8,10,2,2,0,0,0,5,6,3,6,8,16,15,43,57,Toyota Stadium,"6000 Main Street, Frisco, Texas",2,2,2.35,3.65,2.95,1.22,1.7,2.6,1.57,2.35,1.5,2.1,2.1,1.67,1.3,2.45,3.27,1.47,1,0,0,0,1,1,0,5,0,100,0,11004,2,1,2,6,0,2,8,2,1,0,1,2,1,3,1,41,71,94,103,0.69,1.37,2.06,0,0,0,0,0,0,1,1,0,0,0,0,0,0,1,28,24,1,15,16,1,6,8,100,100,50,50,1.22,1.65,0.0,3.0,1.33,3.0,0,0,1.62,2.38,4.0,36,True,False,False,False,False,False,False,,,,,,,,,,,,,,,,
USA_Major_League_Soccer_2025,2025,0,Houston Dynamo,Real Salt Lake,2025-03-16 00:30:00,1,2,3,9,6,15,3,1,0,0,2,5,13,5,15,10,9,13,52,48,BBVA Compass Stadium,"2200 Texas Avenue, East End, Houston, Texas",3,1,1.9,3.25,3.6,1.24,1.75,2.8,1.65,2.1,1.43,1.77,2.5,1.88,1.37,2.57,3.12,1.48,3,1,2,0,0,0,3,14,0,50,0,15263,2,1,4,3,5,3,7,8,1,1,2,0,2,2,1,77,59,100,101,1.64,1.41,3.05,0,0,0,0,0,0,1,1,0,1,0,1,0,0,1,14,17,1,13,9,1,4,9,100,100,25,100,1.06,0.72,0.0,0.0,0.33,1.0,0,0,1.02,2.27,3.29,34,True,True,True,False,False,False,True,1.83,1.25,2.99,1.36,3.28,2.75,1.48,3.74,2.03,3.64,2.22,1.70,,,,
USA_Major_League_Soccer_2025,2025,0,SJ Earthquakes,Colorado Rapids,2025-03-16 02:30:00,1,2,3,10,4,14,1,2,0,0,11,4,16,5,27,9,9,9,66,34,,,1,2,2.02,3.73,3.73,1.22,1.7,2.65,1.57,2.25,1.42,1.73,2.57,2.0,1.31,2.5,3.43,1.58,3,1,1,0,1,1,2,12,0,0,0,15302,2,1,6,1,4,3,7,7,0,0,1,2,0,3,1,93,58,87,76,3.12,1.27,4.39,0,0,0,0,0,0,1,1,0,0,2,0,0,0,1,23,15,1,9,9,1,4,8,25,25,0,75,1.24,0.76,1.5,2.0,2.0,1.67,75,75,1.67,0.65,2.32,34,True,True,True,False,False,False,True,1.76,1.23,2.80,,,2.43,1.59,3.64,2.07,3.62,2.35,1.63,1.99,1.83,1.46,2.57
USA_Major_League_Soccer_2025,2025,0,San Diego,Columbus Crew,2025-03-16 02:30:00,1,1,2,10,1,11,1,4,0,1,7,3,10,3,17,6,12,8,52,48,,,1,6,2.2,3.25,2.8,1.27,1.85,3.0,1.62,2.15,1.61,1.98,2.14,1.85,1.33,2.62,2.9,1.43,2,0,1,1,0,1,1,-1,0,0,0,30018,2,1,4,1,6,0,5,6,1,1,0,4,2,4,1,94,61,80,78,2.23,1.03,3.26,0,0,0,0,0,0,1,1,0,0,1,0,0,0,1,12,11,1,8,12,1,5,9,0,0,0,0,1.67,1.16,1.0,3.0,2.33,2.33,100,100,1.41,0.98,2.39,37,True,True,False,False,False,False,True,1.95,1.29,3.23,1.38,3.16,2.86,1.45,3.04,2.42,3.44,2.15,1.75,1.83,1.98,1.57,2.33
USA_Major_League_Soccer_2025,2025,0,Philadelphia Union,Nashville SC,2025-03-16 18:25:00,1,3,4,7,2,9,2,2,1,0,5,4,6,8,11,12,11,20,61,39,,,4,2,1.8,3.65,3.75,1.25,1.8,3.08,1.73,2.1,1.39,1.73,2.6,2.0,1.36,2.73,2.9,1.42,4,1,2,0,1,1,3,677447,0,50,0,-1,2,1,4,1,3,1,5,4,0,1,3,1,1,4,1,72,52,77,80,1.56,1.41,2.97,0,1,0,1,0,0,1,1,0,0,0,0,0,0,1,24,32,1,19,10,1,6,10,50,100,100,100,2.16,0.95,3.0,0.0,3.0,1.33,50,0,1.65,0.98,2.63,37,True,True,True,True,False,False,True,1.85,1.26,3.06,1.35,3.31,2.73,1.48,3.71,2.02,3.71,2.18,1.72,2.04,1.74,,
USA_Major_League_Soccer_2025,2025,0,Portland Timbers,LA Galaxy,2025-03-16 20:45:00,1,1,2,5,8,13,2,1,0,0,4,3,5,10,9,13,13,11,47,53,Providence Park,"1844 SW Morrison Street, Portland, Oregon",2,1,2.1,3.75,3.09,1.14,1.45,2.22,1.42,2.62,1.55,1.85,2.38,1.85,1.25,2.2,3.5,1.62,2,0,0,1,1,2,0,-1,0,75,0,20153,2,1,3,3,2,5,6,7,1,0,1,1,1,2,1,70,98,93,108,1.36,1.73,3.09,0,0,0,0,0,0,1,1,0,0,0,2,0,0,1,15,19,1,11,13,1,11,4,75,75,75,75,1.63,0.41,1.5,0.0,1.0,0.0,25,25,0.78,0.67,1.45,34,True,True,False,False,False,False,True,1.51,1.16,2.22,,,2.28,1.67,3.37,2.06,3.98,2.84,1.46,,,,
USA_Major_League_Soccer_2025,2025,0,Atlanta United FC,Inter Miami,2025-03-16 23:00:00,1,2,3,3,7,10,3,1,0,0,4,8,8,5,12,13,16,7,48,52,Mercedes-Benz Stadium,"1 AMB Drive North West, Atlanta, Georgia",3,1,2.5,3.6,2.25,1.09,1.35,1.91,1.33,3.0,1.36,1.62,2.7,2.14,1.14,2.07,3.9,1.87,3,1,1,0,1,1,2,677446,0,75,0,42844,2,1,0,2,3,5,2,8,1,1,2,0,2,2,1,40,57,75,77,1.33,1.79,3.11,0,0,0,0,0,0,1,1,0,0,0,0,0,0,1,4,4,1,7,16,1,5,7,75,75,50,75,1.18,1.68,2.0,3.0,1.33,2.33,25,25,1.51,1.15,2.66,34,True,True,True,False,False,False,True,1.35,1.10,1.91,,,2.01,1.87,2.39,2.72,4.03,3.40,1.34,2.00,1.81,1.46,2.59
USA_Major_League_Soccer_2025,2025,0,FC Cincinnati,Atlanta United FC,2025-03-22 18:30:00,2,2,4,2,2,4,3,3,0,0,6,5,7,7,13,12,14,17,55,45,,,3,3,1.82,4.0,3.9,1.19,1.57,2.4,1.57,2.25,1.41,1.71,2.65,2.05,1.27,2.25,3.28,1.62,4,0,0,2,2,4,0,-1,0,0,0,-1,2,1,1,2,1,0,3,1,2,1,1,2,3,3,1,57,22,110,96,1.66,1.28,2.93,0,0,0,0,0,0,1,1,0,0,0,0,1,0,1,17,19,1,17,14,1,4,5,0,75,0,0,1.8,0.47,3.0,0.0,1.5,1.0,100,25,1.4,1.48,2.88,34,True,True,True,True,False,False,True,1.63,1.19,2.55,,,2.40,1.60,4.23,1.85,3.87,2.44,1.59,2.08,1.71,,
USA_Major_League_Soccer_2025,2025,0,Minnesota United,LA Galaxy,2025-03-22 20:30:00,2,2,4,7,1,8,2,3,0,0,8,4,10,8,18,12,16,12,43,57,,,2,3,1.98,3.87,3.7,1.2,1.72,2.63,1.62,2.23,1.44,1.67,2.7,2.1,1.3,2.44,3.2,1.5,4,1,1,1,1,2,2,-1,0,50,0,-1,2,1,4,1,3,0,5,3,1,1,1,2,2,3,1,65,33,93,126,2.16,1.29,3.45,1,0,1,0,0,0,1,1,0,0,0,1,0,0,1,21,12,1,11,16,1,4,4,25,50,25,25,1.58,0.41,3.0,0.5,1.75,0.25,75,50,1.54,1.2,2.74,34,True,True,True,True,False,False,True,1.72,1.22,2.72,1.34,3.38,2.57,1.54,3.67,2.01,3.79,2.38,1.61,,,,
USA_Major_League_Soccer_2025,2025,0,Columbus Crew,New York City,2025-03-22 23:30:00,0,0,0,10,0,10,0,0,0,0,5,0,19,5,24,5,9,11,60,40,,,0,0,2.11,3.49,3.0,1.22,1.73,2.8,1.6,2.2,1.5,1.8,2.42,1.91,1.35,2.5,3.12,1.46,0,0,0,0,0,0,0,-1,0,50,0,-1,2,-1,8,0,2,0,8,2,0,0,0,0,0,0,1,93,19,138,66,2.53,0.46,2.99,0,0,0,0,0,0,1,1,0,0,1,0,-1,-1,1,3,2,1,11,9,1,4,13,50,50,50,50,1.94,1.52,2.0,0.5,2.0,1.75,50,50,1.44,1.17,2.61,37,False,False,False,False,False,False,False,1.79,1.24,2.88,1.35,3.30,2.73,1.48,3.17,2.34,3.44,2.32,1.65,1.92,1.89,1.50,2.48
USA_Major_League_Soccer_2025,2025,0,Charlotte,SJ Earthquakes,2025-03-22 23:30:00,4,1,5,0,5,5,2,1,1,0,8,6,6,20,14,26,10,10,51,49,,,4,1,1.65,4.0,4.76,1.15,1.6,2.5,1.71,2.1,1.42,1.66,2.75,2.05,1.32,2.32,3.3,1.51,5,3,0,1,1,2,3,711351,0,50,0,-1,2,1,0,2,0,3,2,3,1,0,2,1,1,3,1,25,58,68,121,1.62,2.47,4.1,0,1,0,1,0,0,1,1,0,0,0,1,0,0,1,5,0,1,10,9,1,20,5,50,100,50,50,2.11,1.18,3.0,3.0,1.75,1.5,50,0,1.55,0.87,2.42,34,True,True,True,True,True,False,True,1.66,1.20,2.63,1.32,3.24,2.50,1.56,5.34,1.64,4.19,2.20,1.71,2.17,1.66,,
USA_Major_League_Soccer_2025,2025,0,Philadelphia Union,St. Louis City,2025-03-22 23:30:00,1,0,1,7,5,12,3,4,0,1,9,1,9,4,18,5,18,18,46,54,,,3,5,2.0,3.64,3.22,1.18,1.6,2.45,1.54,2.57,1.42,1.75,2.62,2.0,1.27,2.35,3.3,1.5,1,1,0,0,0,0,1,16,0,50,0,-1,2,1,4,2,3,3,6,6,1,2,2,3,3,5,1,53,20,112,83,2.15,0.54,2.7,0,0,0,0,0,0,1,1,1,0,2,0,0,0,1,10,2,1,18,18,1,9,11,75,75,50,75,2.16,0.82,1.5,2.0,2.25,2.0,25,25,1.6,0.87,2.47,34,True,False,False,False,False,False,False,1.63,1.20,2.53,,,2.41,1.61,3.13,2.25,3.71,2.57,1.54,2.13,1.69,1.46,2.55
USA_Major_League_Soccer_2025,2025,0,Orlando City,DC United,2025-03-22 23:30:00,4,1,5,1,10,11,3,0,0,0,8,6,12,7,20,13,4,16,44,56,,,3,0,1.75,3.7,3.74,1.14,1.53,2.05,1.45,2.73,1.42,1.71,2.62,2.1,1.25,2.1,3.5,1.64,5,2,0,2,1,3,2,17,0,100,0,-1,2,1,0,2,1,9,2,10,0,0,3,0,0,3,1,41,50,75,101,2.11,1.61,3.72,0,0,0,0,0,0,1,1,0,0,0,0,0,0,1,3,3,1,16,4,1,8,8,100,100,100,100,1.65,0.76,1.5,1.0,1.0,1.5,0,0,1.64,2.0,3.64,34,True,True,True,True,True,False,True,1.48,1.14,2.24,,,2.22,1.70,3.92,1.88,4.03,2.73,1.49,2.08,1.71,,
USA_Major_League_Soccer_2025,2025,0,New York RB,Toronto,2025-03-22 23:30:00,2,1,3,5,1,6,2,4,1,0,6,2,6,3,12,5,12,10,53,47,,,3,4,1.67,3.96,4.8,1.3,2.0,3.3,1.91,1.8,1.7,2.1,2.05,1.7,1.37,2.88,2.81,1.38,3,1,0,1,1,2,1,4,0,59,0,-1,2,1,1,0,4,1,1,5,0,3,3,1,3,4,1,61,33,119,80,1.63,0.71,2.33,1,0,1,0,0,0,1,1,0,0,0,0,0,0,1,5,5,1,9,12,1,4,8,59,100,84,84,1.94,0.94,2.0,0.33,1.25,0.25,42,0,1.48,1.13,2.61,34,True,True,True,False,False,False,True,2.11,1.34,3.70,1.43,2.92,3.13,1.39,6.05,1.71,3.47,1.88,1.97,,,,
USA_Major_League_Soccer_2025,2025,0,Sporting KC,Los Angeles FC,2025-03-23 00:30:00,0,2,2,11,1,12,3,2,0,0,3,4,8,4,11,8,14,12,51,49,Children's Mercy Park,"One Sporting Way, Kansas City, Kansas",3,2,2.8,3.25,2.3,1.22,1.93,3.65,1.67,1.95,1.58,1.85,2.2,1.74,1.41,2.8,3.0,1.42,2,0,1,0,1,1,1,6490,0,100,0,-1,2,1,5,1,6,0,6,6,2,0,1,2,2,3,1,91,20,132,72,1.57,0.94,2.51,0,0,0,0,0,0,1,1,0,0,3,0,0,0,1,19,17,1,12,14,1,6,8,100,100,100,100,1.0,1.53,0.5,0.0,0.25,1.5,0,0,1.65,0.92,2.57,34,True,True,False,False,False,False,False,1.93,1.29,3.24,1.41,3.03,2.97,1.42,2.58,2.84,3.40,2.22,1.70,2.06,1.73,,
USA_Major_League_Soccer_2025,2025,0,Nashville SC,Montreal Impact,2025-03-23 00:30:00,3,0,3,5,3,8,0,1,0,0,7,2,9,6,16,8,16,11,49,51,,,0,1,1.57,4.21,5.55,1.21,1.7,2.95,1.8,1.95,1.5,1.8,2.4,1.91,1.3,2.5,2.98,1.48,3,0,0,3,0,3,0,677447,0,13,0,-1,2,1,2,1,3,2,3,5,0,0,0,1,0,1,1,37,40,80,98,1.77,0.95,2.71,0,0,0,0,0,0,1,1,0,0,0,0,0,0,1,21,15,1,11,16,1,7,8,13,50,0,50,2.17,0.94,2.0,0.25,1.75,0.25,88,50,2.09,1.06,3.15,34,True,True,True,False,False,False,False,1.81,1.26,2.99,1.36,3.28,2.74,1.48,5.62,1.63,4.08,2.01,1.85,1.92,1.90,1.50,2.47
USA_Major_League_Soccer_2025,2025,0,Colorado Rapids,Portland Timbers,2025-03-23 01:30:00,0,3,3,6,3,9,0,0,0,0,1,5,7,6,8,11,10,7,47,53,,,0,0,1.73,4.0,4.24,1.17,1.6,2.3,1.55,2.3,1.48,1.75,2.43,1.9,1.26,2.25,3.55,1.56,3,0,1,0,2,2,1,20,0,50,0,15131,2,-1,2,0,4,3,2,7,0,0,0,0,0,0,1,51,20,119,80,0.96,1.2,2.15,0,0,0,0,0,0,1,1,0,0,1,0,-1,-1,1,18,14,1,7,10,1,8,6,50,100,50,100,1.65,0.89,1.0,0.0,2.0,1.0,50,0,1.81,1.14,2.95,34,True,True,True,False,False,False,False,1.61,1.19,2.49,,,,,4.15,1.83,4.02,2.46,1.58,1.98,1.83,1.47,2.53
USA_Major_League_Soccer_2025,2025,0,Real Salt Lake,FC Dallas,2025-03-23 01:30:00,0,1,1,4,6,10,4,5,1,0,2,6,9,9,11,15,16,15,44,56,Rio Tinto Stadium,"9256 South State Street, Sandy, Utah",6,5,1.88,3.5,3.5,1.22,1.67,2.87,1.6,2.25,1.51,1.9,2.3,1.92,1.33,2.71,3.1,1.5,1,0,1,0,0,0,1,13,0,75,0,19650,2,1,0,4,4,2,4,6,2,1,3,4,3,7,1,37,45,81,99,1.11,1.69,2.8,0,0,0,0,0,0,1,1,0,0,0,1,0,0,1,18,12,1,15,15,1,8,4,75,100,50,100,1.65,1.28,1.5,2.0,1.5,1.0,25,0,1.35,1.15,2.5,35,True,False,False,False,False,False,False,1.79,1.24,2.87,1.36,3.28,2.71,1.49,4.08,1.96,3.58,2.28,1.67,2.02,1.79,1.47,2.55
USA_Major_League_Soccer_2025,2025,0,Seattle Sounders,Houston Dynamo,2025-03-23 02:30:00,0,0,0,7,0,7,0,4,0,0,4,1,9,5,13,6,12,20,55,45,CenturyLink Field,"800 Occidental Avenue South, Seattle, Washington",0,4,1.78,3.55,4.75,1.25,2.03,3.3,1.85,1.85,1.39,1.68,2.62,1.98,1.4,2.84,2.75,1.4,0,0,0,0,0,0,0,-1,0,50,0,31293,-1,1,-1,-1,-1,-1,-1,-1,0,0,0,4,0,4,1,42,22,134,74,1.42,0.62,2.04,0,0,0,0,0,0,1,1,0,0,-1,-1,0,0,1,23,11,1,20,12,1,5,9,50,50,50,50,2.17,1.12,2.0,1.0,1.0,0.25,50,50,2.13,0.42,2.55,34,False,False,False,False,False,False,False,2.00,1.31,3.50,1.40,3.04,2.98,1.42,4.90,1.76,3.78,1.95,1.90,1.94,1.88,1.48,2.55
USA_Major_League_Soccer_2025,2025,0,Vancouver Whitecaps,Chicago Fire,2025-03-23 02:30:00,1,3,4,4,6,10,1,2,0,0,2,5,11,4,13,9,10,9,57,43,BC Place Stadium,"777 Pacific Boulevard, False Creek, Vancouver, British Columbia",1,2,1.89,3.6,3.8,1.2,1.72,2.7,1.61,2.2,1.41,1.7,2.63,2.03,1.33,2.5,2.98,1.46,4,1,1,0,2,2,2,7,0,75,0,18717,2,1,2,4,2,2,6,4,0,1,1,1,1,2,1,43,24,106,64,1.28,1.1,2.37,0,0,0,0,0,0,1,1,0,1,1,0,0,0,1,15,21,1,9,10,1,3,9,75,100,59,84,2.0,1.67,3.0,2.0,3.0,1.75,25,0,1.75,1.45,3.2,37,True,True,True,True,False,False,True,1.72,1.23,2.77,1.34,3.36,2.65,1.51,4.07,1.93,3.69,2.38,1.61,,,,
USA_Major_League_Soccer_2025,2025,0,Austin,San Diego,2025-03-23 20:00:00,2,1,3,4,10,14,2,3,0,0,5,4,6,13,11,17,14,12,24,76,,,2,3,1.75,3.7,4.0,1.28,1.92,3.1,1.73,2.1,1.47,1.98,2.7,1.95,1.41,2.65,2.96,1.43,3,2,1,0,0,0,3,698284,0,25,0,20738,2,1,1,3,3,7,4,10,1,2,1,1,3,2,1,18,100,41,172,1.17,2.09,3.26,0,0,0,0,0,0,1,1,1,0,1,0,0,1,1,9,15,1,12,14,1,8,6,25,50,25,50,1.56,2.11,1.5,3.0,1.5,2.0,75,50,1.68,1.56,3.24,36,True,True,True,False,False,False,True,1.92,1.28,3.19,1.40,3.08,2.93,1.43,4.06,1.93,3.68,2.11,1.78,2.04,1.76,,
USA_Major_League_Soccer_2025,2025,0,New England Revolution,New York RB,2025-03-29 18:30:00,2,1,3,3,4,7,3,3,0,0,6,5,7,7,13,12,14,17,52,48,Gillette Stadium,"1388 One Patriot Place, Foxborough, Massachusetts",3,3,2.9,3.2,2.3,1.33,2.05,3.6,1.91,1.94,1.52,2.13,2.43,1.92,1.48,3.0,2.65,1.33,3,1,1,1,0,1,2,11,0,0,0,-1,2,1,3,1,0,3,4,3,0,0,3,3,0,6,1,42,39,85,88,1.55,1.39,2.94,1,0,1,0,0,0,1,1,0,0,1,0,0,0,1,25,13,1,16,14,1,5,3,0,25,0,0,0.94,0.59,0.0,0.5,0.25,1.6,100,75,0.78,1.07,1.85,34,True,True,True,False,False,False,True,2.21,1.38,3.90,1.48,2.75,3.27,1.36,2.34,3.33,3.27,1.94,1.91,1.92,1.89,1.52,2.43
USA_Major_League_Soccer_2025,2025,0,Toronto,Vancouver Whitecaps,2025-03-29 18:30:00,0,0,0,3,12,15,1,1,0,0,3,6,4,8,7,14,16,14,43,57,,,1,1,2.8,3.2,2.41,1.23,1.85,3.16,1.76,2.13,1.46,1.74,2.44,1.85,1.41,2.88,3.09,1.43,0,0,0,0,0,0,0,-1,0,75,0,-1,2,1,1,4,2,8,5,10,0,0,1,1,0,2,1,40,61,71,109,0.95,1.75,2.69,0,0,0,0,0,0,1,1,0,0,0,1,0,0,1,16,20,1,14,16,1,9,3,75,75,75,75,0.94,1.65,0.0,3.0,0.2,2.4,25,25,0.76,1.88,2.64,34,False,False,False,False,False,False,False,1.93,1.29,3.22,1.40,3.09,2.92,1.43,2.42,2.99,3.50,2.13,1.76,1.93,1.88,1.51,2.44
USA_Major_League_Soccer_2025,2025,0,Colorado Rapids,Charlotte,2025-03-29 20:30:00,2,0,2,6,3,9,1,2,0,0,6,3,15,7,21,10,7,10,44,56,,,1,2,2.3,3.3,2.7,1.23,1.7,2.62,1.57,2.43,1.46,1.83,2.5,1.85,1.29,2.66,3.0,1.47,2,0,0,2,0,2,0,12,0,50,0,-1,2,1,3,2,3,1,5,4,1,0,0,2,1,2,1,53,35,92,76,2.12,1.1,3.22,1,0,1,0,0,0,1,1,0,0,0,0,1,0,1,12,21,1,9,7,1,10,10,75,75,50,75,1.65,1.11,0.5,0.5,1.6,2.0,25,25,1.39,1.0,2.39,34,True,True,False,False,False,False,False,1.75,1.23,2.79,1.35,3.30,2.66,1.51,3.24,2.27,3.51,2.43,1.59,1.99,1.83,1.47,2.52
USA_Major_League_Soccer_2025,2025,0,DC United,Columbus Crew,2025-03-29 23:30:00,1,2,3,3,4,7,4,1,0,0,2,7,6,2,8,9,12,9,47,53,Audi Field,"32-60 R Street South West, Buzzard Point, Washington, District of Columbia",4,1,2.54,3.65,2.7,1.2,1.62,2.55,1.53,2.38,1.52,2.01,2.5,1.95,1.27,2.4,3.3,1.56,3,1,1,0,1,1,2,9,0,59,0,-1,2,1,1,4,2,0,5,2,2,1,2,0,3,2,1,68,36,97,86,1.14,1.33,2.47,0,0,0,0,0,0,1,1,0,0,0,0,0,0,1,4,2,1,9,12,1,2,9,34,59,17,42,0.76,1.16,1.67,2.0,1.2,1.8,67,42,1.35,1.0,2.35,34,True,True,True,False,False,False,True,1.69,1.21,2.65,,,,,2.89,2.44,3.60,2.50,1.56,2.01,1.78,1.46,2.57
USA_Major_League_Soccer_2025,2025,0,Inter Miami,Philadelphia Union,2025-03-29 23:30:00,2,1,3,3,5,8,6,2,0,0,3,6,4,13,7,19,22,12,53,47,,,6,2,1.76,4.25,4.2,1.11,1.44,2.2,1.49,2.44,1.48,1.75,2.48,2.05,1.25,2.1,3.6,1.65,3,1,0,1,1,2,1,677446,0,50,0,-1,2,1,2,1,1,4,3,5,1,1,5,1,2,6,1,28,40,99,111,0.87,1.91,2.78,0,0,0,0,0,0,1,1,0,0,1,0,0,0,1,5,4,1,12,22,1,9,5,50,75,50,50,2.29,1.61,2.0,3.0,2.5,2.4,50,25,1.08,1.65,2.73,37,True,True,True,False,False,False,True,1.54,1.16,2.32,,,2.24,1.68,4.46,1.76,4.13,2.58,1.53,1.99,1.82,1.45,2.58
USA_Major_League_Soccer_2025,2025,0,Atlanta United FC,New York City,2025-03-29 23:30:00,4,3,7,7,1,8,1,0,0,0,6,7,8,2,14,9,12,16,44,56,Mercedes-Benz Stadium,"1 AMB Drive North West, Atlanta, Georgia",1,0,1.68,3.9,4.6,1.17,1.53,2.25,1.57,2.4,1.37,1.68,2.66,2.01,1.29,2.35,3.3,1.64,7,1,1,3,2,5,2,1016,0,50,0,-1,2,1,5,0,2,1,5,3,0,0,1,0,0,1,1,43,33,93,88,1.62,1.31,2.92,0,1,0,1,0,0,1,1,0,0,2,0,0,0,1,2,7,1,16,11,1,6,7,50,50,33,50,1.18,1.52,1.33,0.67,1.0,1.6,50,50,1.45,0.94,2.39,34,True,True,True,True,True,True,True,1.57,1.17,2.39,,,2.34,1.63,4.94,1.69,4.11,2.48,1.57,,,,
USA_Major_League_Soccer_2025,2025,0,Nashville SC,FC Cincinnati,2025-03-30 00:30:00,1,2,3,4,5,9,1,0,0,0,7,6,7,11,14,17,16,8,47,53,,,1,0,2.25,3.4,3.1,0.0,1.9,0.0,0.0,0.0,0.0,0.0,0.0,0.0,0.0,0.0,0.0,0.0,3,1,1,0,1,1,2,8043,0,25,0,-1,2,1,1,2,3,3,3,6,0,0,1,0,0,1,1,34,48,101,85,1.63,1.84,3.46,0,1,0,1,0,0,1,1,0,0,0,2,0,0,1,16,17,1,7,15,1,7,7,42,84,25,42,2.17,1.94,2.33,0.0,2.0,1.4,59,17,1.98,1.4,3.38,37,True,True,True,False,False,False,True,,,,,,,,3.24,2.28,3.49,,,,,,
USA_Major_League_Soccer_2025,2025,0,FC Dallas,Sporting KC,2025-03-30 00:30:00,2,1,3,2,7,9,2,1,0,0,2,5,5,8,7,13,12,12,37,63,Toyota Stadium,"6000 Main Street, Frisco, Texas",2,1,1.8,3.8,4.15,0.0,1.66,0.0,0.0,0.0,0.0,0.0,0.0,0.0,0.0,0.0,0.0,0.0,3,2,1,0,0,0,3,13,0,50,0,-1,2,1,1,4,1,3,5,4,1,1,1,0,2,1,1,23,89,59,139,0.75,1.82,2.57,0,0,0,0,0,0,1,1,0,0,0,2,0,0,1,13,20,1,12,12,1,14,8,50,50,0,0,1.22,0.65,0.0,0.0,1.4,0.2,50,50,1.15,0.78,1.93,34,True,True,True,False,False,False,True,,,,,,,,4.17,1.85,3.88,,,,,,
USA_Major_League_Soccer_2025,2025,0,Chicago Fire,Montreal Impact,2025-03-30 00:30:00,1,1,2,2,8,10,2,1,0,0,2,7,4,10,6,17,19,14,43,57,,,2,1,1.67,4.3,4.3,0.0,1.7,0.0,0.0,0.0,0.0,0.0,0.0,0.0,0.0,0.0,0.0,0.0,2,1,0,0,1,1,1,-1,0,60,0,-1,2,1,2,1,0,7,3,7,0,1,2,0,1,2,1,28,38,63,91,0.73,1.84,2.56,0,0,0,0,0,0,1,1,0,0,0,0,0,0,1,21,16,1,14,19,1,11,8,70,80,50,70,1.42,0.94,1.0,0.2,2.0,0.2,30,20,1.22,1.03,2.25,34,True,True,False,False,False,False,True,,,,,,,,4.97,1.69,4.09,,,,,,
USA_Major_League_Soccer_2025,2025,0,Minnesota United,Real Salt Lake,2025-03-30 00:30:00,2,0,2,5,2,7,2,2,0,0,7,4,8,11,15,15,16,8,35,65,,,2,2,1.72,4.1,4.75,0.0,1.66,0.0,0.0,0.0,0.0,0.0,0.0,0.0,0.0,0.0,0.0,0.0,2,1,0,1,0,1,1,1015,0,50,0,-1,2,1,5,0,0,2,5,2,1,0,1,2,1,3,1,32,34,85,114,1.67,1.48,3.15,0,0,0,0,0,0,1,1,0,0,1,0,0,0,1,12,6,1,8,16,1,11,11,75,75,50,75,1.58,0.72,2.0,1.5,1.6,1.2,25,25,1.85,1.84,3.69,35,True,True,False,False,False,False,False,,,,,,,,5.28,1.68,3.92,,,,,,
USA_Major_League_Soccer_2025,2025,0,San Diego,Los Angeles FC,2025-03-30 02:30:00,3,2,5,3,3,6,4,3,0,1,6,4,9,8,15,12,12,8,63,37,,,4,4,2.31,3.4,2.83,1.22,1.8,3.02,1.67,2.34,1.47,2.11,2.3,1.93,1.36,2.62,2.9,1.42,5,3,2,0,0,0,5,1398748,0,50,0,32502,2,1,0,2,3,1,2,4,2,2,2,2,4,4,1,54,18,136,89,1.77,1.18,2.95,0,0,0,0,0,0,1,1,0,0,0,1,0,0,1,13,11,1,8,12,1,8,8,25,75,25,75,1.67,1.53,1.0,1.5,1.6,1.8,75,25,1.82,0.93,2.75,37,True,True,True,True,True,False,True,1.81,1.24,3.02,1.36,3.26,2.76,1.47,2.99,2.39,3.57,2.34,1.64,1.93,1.88,1.51,2.46
USA_Major_League_Soccer_2025,2025,0,SJ Earthquakes,Seattle Sounders,2025-03-30 02:30:00,1,1,2,4,12,16,2,1,0,0,3,9,7,17,10,26,18,13,35,65,,,2,1,3.0,3.59,2.23,1.33,2.05,3.3,1.8,1.91,1.3,1.7,3.1,2.05,1.43,3.04,2.85,1.39,2,1,0,0,1,1,1,-1,0,17,0,15228,2,1,3,6,1,6,9,7,1,0,1,1,1,2,1,40,74,86,113,1.14,2.79,3.93,0,0,0,0,0,0,1,1,0,0,0,1,0,0,1,10,16,1,13,18,1,6,7,34,59,17,100,1.24,1.11,1.0,0.0,1.2,1.0,67,42,2.15,1.37,3.52,34,True,True,False,False,False,False,True,2.12,1.34,3.65,1.43,2.94,3.10,1.39,2.25,3.43,3.35,2.01,1.85,2.12,1.70,,
USA_Major_League_Soccer_2025,2025,0,LA Galaxy,Orlando City,2025-03-30 02:30:00,1,2,3,6,2,8,3,2,0,0,2,4,8,12,10,16,14,12,50,50,,,3,2,2.55,4.02,2.4,1.19,1.55,2.45,1.5,2.45,1.4,1.72,2.4,1.9,1.25,2.25,3.65,1.6,3,1,0,0,2,2,1,17,0,50,0,21722,2,1,4,0,2,2,4,4,1,0,2,2,1,4,1,66,51,104,106,1.25,1.66,2.91,0,1,0,1,0,0,1,1,0,0,3,0,0,0,1,14,19,1,12,13,1,9,5,75,100,25,50,1.35,1.39,0.0,0.5,0.4,1.4,25,0,1.67,1.63,3.3,34,True,True,True,False,False,False,True,1.63,1.19,2.57,,,2.48,1.57,2.56,2.68,3.70,2.61,1.53,2.05,1.74,,
USA_Major_League_Soccer_2025,2025,0,St. Louis City,Austin,2025-03-30 18:15:00,0,1,1,8,3,11,1,4,0,0,2,2,14,6,16,8,11,14,64,36,,,1,4,2.4,3.2,2.9,1.27,2.05,3.25,1.81,2.02,1.44,1.75,2.5,1.87,1.38,2.8,2.62,1.37,1,0,1,0,0,0,1,698284,0,0,0,22423,2,1,3,3,5,0,6,5,1,1,0,3,2,3,1,81,33,114,73,1.73,0.89,2.62,0,0,0,0,0,0,1,1,0,0,1,0,0,0,1,26,13,1,14,11,1,5,8,0,0,0,50,1.06,1.06,2.0,1.5,1.6,1.8,100,100,1.66,1.25,2.91,34,True,False,False,False,False,False,False,2.05,1.32,3.55,1.42,2.98,3.04,1.40,3.03,2.47,3.37,2.06,1.81,2.04,1.76,1.51,2.46
USA_Major_League_Soccer_2025,2025,0,Portland Timbers,Houston Dynamo,2025-03-30 23:00:00,3,1,4,7,8,15,3,2,0,0,9,1,7,9,16,10,12,8,40,60,Providence Park,"1844 SW Morrison Street, Portland, Oregon",3,2,2.25,3.5,3.0,1.18,1.66,2.65,1.57,2.3,1.46,1.73,2.6,2.0,1.32,2.48,3.38,1.5,4,2,1,1,0,1,3,20,0,34,0,-1,2,1,2,3,5,5,5,10,3,1,0,1,4,1,1,47,69,104,103,1.98,1.2,3.19,0,0,0,0,0,0,1,1,1,0,1,1,0,0,1,7,6,1,8,12,1,8,6,17,34,17,17,1.63,1.12,1.33,1.0,1.4,0.4,84,67,0.97,0.52,1.49,34,True,True,True,True,False,False,True,1.68,1.20,2.65,1.34,3.36,2.56,1.54,3.21,2.21,3.71,2.57,1.54,2.07,1.74,1.46,2.56
USA_Major_League_Soccer_2025,2025,0,Charlotte,Nashville SC,2025-04-05 18:30:00,2,1,3,3,8,11,3,2,0,0,4,7,1,6,5,13,12,20,53,47,,,3,2,2.22,3.36,3.46,1.23,1.9,2.83,1.71,2.2,1.51,1.9,2.25,1.8,1.35,2.5,3.0,1.46,3,0,1,2,0,2,1,711351,0,42,0,-1,2,1,2,3,1,4,5,5,0,1,3,1,1,4,1,34,34,101,76,0.86,1.56,2.42,1,0,1,0,0,0,1,1,0,0,0,1,0,0,1,21,17,1,19,12,1,3,6,42,100,67,67,2.11,0.95,3.0,1.5,1.67,1.67,59,0,1.57,1.2,2.77,37,True,True,True,False,False,False,True,1.88,1.27,3.13,1.37,3.19,2.82,1.46,3.44,2.25,3.35,2.27,1.67,1.84,1.97,1.60,2.27
USA_Major_League_Soccer_2025,2025,0,Real Salt Lake,LA Galaxy,2025-04-05 20:30:00,2,0,2,4,1,5,3,2,0,0,2,0,4,7,6,7,18,10,52,48,Rio Tinto Stadium,"9256 South State Street, Sandy, Utah",3,2,1.52,3.95,4.75,1.14,1.55,2.4,1.62,2.36,1.34,1.62,2.9,2.2,1.28,2.35,3.2,1.5,2,2,0,0,0,0,2,14,0,67,0,-1,2,1,2,0,2,1,2,3,1,0,2,2,1,4,1,37,42,91,96,0.8,0.76,1.56,0,0,0,0,0,0,1,1,0,0,0,0,1,0,1,12,14,1,10,18,1,9,6,50,84,50,84,1.65,0.41,1.0,0.67,1.0,0.33,50,17,1.27,1.23,2.5,34,True,True,False,False,False,False,False,1.57,1.18,2.40,,,2.35,1.63,5.18,1.62,4.37,2.36,1.62,2.06,1.75,1.45,2.62
USA_Major_League_Soccer_2025,2025,0,New York RB,Chicago Fire,2025-04-05 23:30:00,2,1,3,2,4,6,0,0,0,0,6,6,1,7,7,13,6,16,44,56,Red Bull Arena,"Frank Rogers Boulevard South, Harrison, New Jersey",0,0,1.95,4.01,3.6,1.2,1.8,2.9,1.73,2.1,1.62,2.1,2.1,1.67,1.33,2.74,3.0,1.44,3,2,1,0,0,0,3,4,0,84,0,-1,2,-1,1,1,1,3,2,4,0,0,0,0,0,0,1,45,49,104,85,1.2,1.59,2.79,1,0,1,0,0,0,1,1,0,0,1,0,-1,-1,1,19,28,1,15,6,1,7,5,84,100,71,88,1.94,1.67,2.33,2.25,1.33,1.83,17,0,1.53,1.36,2.89,34,True,True,True,False,False,False,True,1.79,1.24,2.96,1.38,3.16,2.74,1.48,4.26,1.91,3.61,2.27,1.67,1.65,2.19,1.72,2.08
USA_Major_League_Soccer_2025,2025,0,Columbus Crew,Montreal Impact,2025-04-05 23:30:00,2,1,3,5,3,8,1,5,0,0,5,1,6,3,11,4,13,15,56,44,,,1,5,1.55,4.2,5.26,1.18,1.63,2.69,1.65,2.05,1.55,1.85,2.33,1.85,1.3,2.38,3.2,1.5,3,2,0,0,1,1,2,9,0,33,0,-1,2,1,3,2,2,1,5,3,1,2,0,3,3,3,1,46,28,107,74,1.39,0.54,1.92,0,0,0,0,0,0,1,1,0,0,1,0,0,0,1,17,14,1,15,13,1,6,4,33,50,17,42,1.94,0.94,1.67,0.33,2.0,0.33,67,50,1.81,1.17,2.98,34,True,True,True,False,False,False,True,1.68,1.22,2.69,1.34,3.37,2.54,1.55,6.41,1.51,4.52,2.08,1.79,1.93,1.88,1.50,2.46
USA_Major_League_Soccer_2025,2025,0,Philadelphia Union,Orlando City,2025-04-05 23:30:00,0,0,0,8,2,10,4,5,0,0,4,3,17,3,21,6,14,13,63,37,,,4,5,2.17,3.0,2.9,1.18,1.7,2.75,1.5,2.25,1.37,1.77,2.75,1.93,1.29,2.3,3.3,1.55,0,0,0,0,0,0,0,-1,0,84,0,-1,2,1,4,1,4,1,5,5,0,1,4,4,1,8,1,62,15,142,64,2.06,0.71,2.76,0,0,0,0,0,0,1,1,0,0,0,0,0,0,1,32,16,1,13,14,1,1,15,84,84,50,84,2.16,1.39,2.0,1.33,2.0,1.67,17,17,1.79,1.64,3.43,35,False,False,False,False,False,False,False,1.70,1.20,2.72,1.36,3.30,2.64,1.52,3.26,2.21,3.63,2.50,1.56,2.04,1.74,,
USA_Major_League_Soccer_2025,2025,0,Atlanta United FC,FC Dallas,2025-04-05 23:30:00,1,1,2,9,4,13,1,0,0,0,2,2,9,7,11,9,12,16,58,42,Mercedes-Benz Stadium,"1 AMB Drive North West, Atlanta, Georgia",1,0,1.68,4.1,4.72,1.15,1.5,2.33,1.57,2.25,1.7,2.0,2.2,1.73,1.25,2.25,3.4,1.61,2,1,0,0,1,1,1,-1,0,71,0,-1,2,1,6,3,3,1,9,4,0,0,1,0,0,1,1,62,28,107,87,1.29,0.92,2.21,1,0,1,0,0,0,1,1,0,0,3,0,0,0,1,19,9,1,15,12,1,8,12,71,71,42,88,1.18,1.28,1.75,2.33,1.33,1.67,29,29,1.49,1.33,2.82,34,True,True,False,False,False,False,True,1.54,1.16,2.33,,,2.32,1.65,4.58,1.72,4.20,2.58,1.54,1.86,1.95,1.57,2.30
USA_Major_League_Soccer_2025,2025,0,FC Cincinnati,New England Revolution,2025-04-05 23:30:00,1,0,1,7,10,17,2,2,0,0,4,1,15,14,19,15,8,12,54,46,,,2,2,1.8,3.7,4.3,1.22,1.75,2.82,1.73,1.9,1.39,1.83,2.48,1.85,1.33,2.45,3.2,1.5,1,0,0,1,0,1,0,8043,0,42,0,-1,2,1,3,4,4,6,7,10,2,0,0,2,2,2,-1,0,0,0,0,0.0,0.0,0.0,0,0,0,0,0,0,1,1,0,0,1,1,0,0,1,21,14,1,12,8,1,6,6,42,59,25,25,1.8,1.18,2.33,0.5,1.67,0.8,59,42,1.49,1.09,2.58,34,True,False,False,False,False,False,False,1.75,1.24,2.82,1.34,3.37,2.63,1.52,4.44,1.81,3.90,2.25,1.68,2.04,1.76,,
USA_Major_League_Soccer_2025,2025,0,Austin,Portland Timbers,2025-04-05 23:45:00,0,0,0,4,6,10,3,3,0,0,1,6,10,6,11,12,10,11,44,56,,,3,3,1.83,3.75,4.0,1.25,1.68,2.85,1.73,2.14,1.34,1.7,2.78,2.1,1.3,2.43,3.33,1.44,0,0,0,0,0,0,0,-1,0,17,0,20738,2,1,2,3,2,3,5,5,1,0,2,3,1,5,1,43,53,70,112,1.07,1.57,2.64,0,0,0,0,0,0,1,1,0,0,0,0,0,0,1,13,15,1,11,10,1,5,11,42,67,17,84,1.56,0.89,2.0,1.5,2.0,1.67,59,34,1.51,1.17,2.68,36,False,False,False,False,False,False,False,1.72,1.22,2.77,1.34,3.33,2.62,1.52,4.31,1.85,3.79,2.31,1.65,2.18,1.64,,
USA_Major_League_Soccer_2025,2025,0,Sporting KC,St. Louis City,2025-04-06 00:30:00,2,0,2,3,4,7,1,3,0,0,7,4,4,7,11,11,11,14,52,48,Children's Mercy Park,"One Sporting Way, Kansas City, Kansas",1,3,2.0,3.5,3.5,1.2,1.72,3.09,1.6,2.22,1.42,1.73,2.62,2.0,1.34,2.55,3.0,1.48,2,0,0,2,0,2,0,8,0,34,0,18116,2,1,1,1,2,3,2,5,1,1,0,2,2,2,1,40,29,124,59,1.49,1.18,2.67,0,0,0,0,0,0,1,1,0,0,0,0,0,0,1,19,18,1,14,11,1,7,2,50,67,34,84,1.0,0.82,0.33,1.33,0.17,1.33,50,34,1.63,0.76,2.39,34,True,True,False,False,False,False,False,1.87,1.26,3.09,1.39,3.13,2.87,1.44,3.40,2.18,3.55,2.22,1.70,2.16,1.66,,
USA_Major_League_Soccer_2025,2025,0,Houston Dynamo,Los Angeles FC,2025-04-06 00:30:00,1,0,1,9,4,13,3,3,0,0,3,2,8,8,11,10,16,18,59,41,BBVA Compass Stadium,"2200 Texas Avenue, East End, Houston, Texas",3,3,2.15,3.35,3.2,1.25,1.8,3.08,1.67,2.26,1.44,1.73,2.6,2.3,1.38,2.6,2.8,1.38,1,0,0,1,0,1,0,6,0,84,0,16415,-1,1,-1,-1,-1,-1,-1,-1,2,1,1,2,3,3,1,56,39,107,75,1.32,1.06,2.37,0,0,0,0,0,0,1,1,0,0,-1,-1,0,0,1,13,19,1,18,16,1,7,5,84,100,67,100,1.06,1.53,0.0,1.0,0.33,1.5,17,0,1.23,1.01,2.24,34,True,False,False,False,False,False,False,1.85,1.25,3.08,1.39,3.11,2.89,1.44,3.33,2.20,3.57,2.26,1.68,1.91,1.91,1.50,2.48
USA_Major_League_Soccer_2025,2025,0,Vancouver Whitecaps,Colorado Rapids,2025-04-06 01:30:00,2,0,2,7,8,15,2,4,0,0,5,0,11,7,16,7,10,12,50,50,BC Place Stadium,"777 Pacific Boulevard, False Creek, Vancouver, British Columbia",2,4,1.64,3.9,4.75,1.18,1.63,2.63,1.65,2.2,1.44,1.75,2.6,1.95,1.33,2.4,3.33,1.55,2,2,0,0,0,0,2,5,0,50,0,-1,2,1,5,3,2,5,8,7,1,0,1,4,1,5,1,60,35,98,106,1.79,0.71,2.5,0,0,0,0,0,0,1,1,0,0,1,1,0,0,1,19,26,1,12,10,1,7,5,50,67,50,84,2.0,0.76,2.0,2.33,2.17,1.83,50,34,1.59,0.85,2.44,34,True,True,False,False,False,False,False,1.66,1.21,2.62,1.33,3.33,2.52,1.56,5.01,1.68,4.10,2.31,1.65,2.09,1.70,,
USA_Major_League_Soccer_2025,2025,0,San Diego,Seattle Sounders,2025-04-06 02:30:00,3,0,3,3,5,8,3,1,0,0,4,4,6,10,10,14,22,10,43,57,,,3,1,2.22,3.36,3.26,1.38,2.36,3.7,1.96,1.8,1.34,1.73,2.87,2.0,1.53,3.2,2.62,1.38,3,3,0,0,0,0,3,1398748,0,50,0,28228,2,1,3,3,0,2,6,2,0,0,3,1,0,4,1,25,61,71,117,1.1,1.61,2.71,0,0,0,0,0,0,1,1,1,0,1,0,0,0,1,16,17,1,10,22,1,10,9,17,67,17,84,1.67,1.11,1.67,0.33,1.83,1.0,84,33,1.8,1.85,3.65,37,True,True,True,False,False,False,False,2.34,1.41,4.33,1.52,2.62,3.41,1.33,3.53,2.28,3.22,1.88,1.96,2.01,1.80,1.45,2.62
USA_Major_League_Soccer_2025,2025,0,New York City,Minnesota United,2025-04-06 19:00:00,1,2,3,9,8,17,1,2,0,0,4,9,21,7,25,16,8,10,73,27,Yankee Stadium,"One East 161st Street, The Bronx, New York City",1,2,2.3,3.25,2.8,1.24,1.76,2.7,1.6,2.2,1.26,1.58,3.4,2.37,1.34,2.5,3.0,1.46,3,0,2,1,0,1,2,1015,0,67,0,-1,2,1,1,5,8,3,6,11,1,1,0,1,2,1,1,108,48,166,67,2.64,1.98,4.61,0,0,0,0,0,0,1,1,0,1,0,0,0,0,1,27,13,1,9,8,1,6,13,67,67,42,59,1.89,1.58,3.0,1.33,1.33,1.83,34,34,1.67,1.42,3.09,38,True,True,True,False,False,False,True,1.79,1.24,2.93,1.34,3.39,2.67,1.50,3.26,2.23,3.60,2.36,1.62,2.20,1.65,,
USA_Major_League_Soccer_2025,2025,0,SJ Earthquakes,DC United,2025-04-06 21:00:00,6,1,7,3,4,7,2,2,0,0,10,10,10,6,20,16,9,13,44,56,,,2,2,2.15,3.61,2.87,1.11,1.44,2.23,1.43,2.88,1.29,1.5,3.14,2.43,1.22,2.21,3.4,1.65,7,3,1,3,0,3,4,15,0,75,0,14196,2,1,1,2,2,2,3,4,0,1,2,1,1,3,1,39,46,87,110,2.24,2.05,4.29,1,0,1,0,0,0,1,1,1,0,1,0,0,0,1,14,20,1,12,9,1,7,12,75,88,63,100,1.24,0.76,1.0,0.5,1.17,1.0,25,13,1.9,1.8,3.7,34,True,True,True,True,True,True,True,,,,,,,,,,,,,,,,
USA_Major_League_Soccer_2025,2025,0,Inter Miami,Toronto,2025-04-06 23:00:00,1,1,2,10,3,13,1,1,0,0,9,3,14,9,23,12,13,8,67,33,,,1,1,1.4,4.9,6.5,1.17,1.55,2.23,1.7,2.05,1.57,1.95,2.25,1.73,1.29,2.15,3.4,1.57,2,1,1,0,0,0,2,-1,0,71,0,-1,2,1,5,0,5,4,5,9,1,1,0,0,2,0,1,69,27,137,72,2.58,1.16,3.74,0,0,0,0,0,0,1,1,0,0,3,0,0,0,1,6,4,1,8,13,1,6,10,71,84,42,71,2.29,0.94,2.33,0.25,2.6,0.33,29,17,1.01,1.03,2.04,34,True,True,False,False,False,False,True,1.50,1.16,2.30,,,2.32,1.64,7.42,1.40,5.21,2.17,1.73,1.74,2.06,1.63,2.23
USA_Major_League_Soccer_2025,2025,0,Toronto,Minnesota United,2025-04-12 18:30:00,0,0,0,1,7,8,1,2,0,0,5,1,4,7,9,8,11,16,48,52,,,1,2,3.05,3.6,2.23,1.23,1.69,2.85,1.67,2.25,1.44,2.06,2.51,1.96,1.32,2.45,2.98,1.46,0,0,0,0,0,0,0,-1,0,50,0,-1,2,1,0,2,1,5,2,6,1,1,0,1,2,1,1,50,69,81,66,1.28,1.07,2.35,0,0,0,0,0,0,1,1,0,0,0,0,0,0,1,11,20,1,16,11,1,8,8,50,50,50,63,0.94,1.58,0.5,1.75,0.43,2.0,50,50,0.85,1.56,2.41,34,False,False,False,False,False,False,False,1.77,1.23,2.85,1.36,3.30,2.64,1.52,2.30,3.12,3.60,2.38,1.62,1.96,1.83,1.48,2.51
USA_Major_League_Soccer_2025,2025,0,Atlanta United FC,New England Revolution,2025-04-12 18:45:00,0,1,1,9,7,16,1,2,0,0,4,7,14,5,18,12,10,20,59,41,Mercedes-Benz Stadium,"1 AMB Drive North West, Atlanta, Georgia",1,2,1.53,4.6,5.7,1.11,1.44,2.35,1.57,2.25,1.33,1.7,2.83,2.18,1.21,2.29,3.5,1.67,1,0,1,0,0,0,1,11,0,57,0,41879,2,1,1,5,8,2,6,10,0,1,1,1,1,2,1,65,50,96,86,1.88,1.61,3.49,0,1,0,1,0,0,1,1,0,0,0,2,0,0,1,21,18,1,20,9,1,7,9,47,57,37,57,1.18,1.18,1.6,0.33,1.29,0.67,54,44,1.45,1.09,2.54,34,True,False,False,False,False,False,False,1.50,1.16,2.26,,,2.28,1.67,5.85,1.53,4.69,2.41,1.60,2.18,1.65,,
USA_Major_League_Soccer_2025,2025,0,Orlando City,New York RB,2025-04-12 20:30:00,0,0,0,7,2,9,2,3,1,0,4,1,10,8,14,9,11,14,49,51,,,3,3,1.81,3.87,4.0,1.25,1.85,3.0,1.67,1.95,1.59,2.03,2.16,1.75,1.36,2.55,2.85,1.42,0,0,0,0,0,0,0,-1,0,67,0,-1,2,1,4,0,3,2,4,5,2,0,1,3,2,4,1,70,44,78,67,1.66,0.96,2.62,0,0,0,0,0,0,1,1,0,0,1,0,0,0,1,9,10,1,14,11,1,10,11,67,67,67,67,1.65,0.59,2.0,0.33,1.57,1.57,34,34,1.8,1.18,2.98,34,False,False,False,False,False,False,False,1.86,1.26,3.09,1.37,3.21,2.81,1.46,4.68,1.79,3.77,2.10,1.78,1.67,2.14,1.67,2.14
USA_Major_League_Soccer_2025,2025,0,DC United,FC Cincinnati,2025-04-12 23:30:00,0,1,1,10,4,14,3,1,0,0,2,5,12,6,14,11,8,16,58,42,Audi Field,"32-60 R Street South West, Buzzard Point, Washington, District of Columbia",3,1,2.28,3.64,2.85,1.2,1.62,2.45,1.5,2.4,1.4,1.72,2.64,2.0,1.3,2.35,3.2,1.47,1,0,1,0,0,0,1,8043,0,71,0,-1,2,1,3,2,7,2,5,9,2,0,1,1,2,2,1,68,46,88,78,1.51,1.38,2.89,0,0,0,0,0,0,1,1,0,0,0,1,0,0,1,23,25,1,16,8,1,7,6,71,88,59,59,0.76,1.94,1.25,1.0,0.86,1.86,29,13,1.3,1.55,2.85,34,True,False,False,False,False,False,False,1.72,1.22,2.73,,,,,3.06,2.33,3.62,2.44,1.59,,,,
USA_Major_League_Soccer_2025,2025,0,New York City,Philadelphia Union,2025-04-12 23:30:00,1,0,1,6,6,12,0,2,0,0,2,3,9,13,11,16,9,12,51,49,,,0,2,2.02,3.7,3.3,1.2,1.66,2.7,1.62,2.3,1.3,1.56,2.97,2.08,1.3,2.45,3.2,1.5,1,0,0,1,0,1,0,2,0,84,0,19897,2,1,2,1,4,5,3,9,0,1,0,1,1,1,1,56,66,104,100,1.25,1.69,2.94,0,0,0,0,0,0,1,1,0,0,0,0,0,0,1,27,28,1,12,9,1,12,8,84,100,50,67,1.89,1.61,2.0,2.0,1.14,1.86,17,0,1.99,1.74,3.73,37,True,False,False,False,False,False,False,1.70,1.21,2.70,1.35,3.35,2.63,1.52,3.65,2.04,3.71,2.49,1.57,2.25,1.60,,
USA_Major_League_Soccer_2025,2025,0,Vancouver Whitecaps,Austin,2025-04-12 23:30:00,5,1,6,4,5,9,4,1,0,0,11,4,16,7,27,11,12,10,52,48,BC Place Stadium,"777 Pacific Boulevard, False Creek, Vancouver, British Columbia",4,1,1.89,3.5,3.95,1.25,1.91,3.35,1.82,1.91,1.47,1.96,2.64,2.08,1.41,2.7,2.8,1.38,6,2,0,3,1,4,2,5,0,25,0,-1,2,1,0,3,4,2,3,6,0,1,4,0,1,4,1,49,41,78,63,2.81,1.27,4.08,0,0,0,0,0,0,1,1,0,0,0,1,0,0,1,13,14,1,9,12,1,5,8,25,50,38,84,2.0,1.06,2.25,2.0,2.29,1.86,75,50,1.64,1.13,2.77,36,True,True,True,True,True,True,True,1.98,1.30,3.35,1.41,3.01,3.01,1.41,4.10,1.96,3.56,2.04,1.82,2.08,1.71,,
USA_Major_League_Soccer_2025,2025,0,Montreal Impact,Charlotte,2025-04-12 23:30:00,0,1,1,8,4,12,4,1,0,0,2,4,16,4,18,8,13,8,70,30,Stade Saputo,"4750, rue Sherbrooke Est, Montreal, Quebec",4,1,2.3,3.0,3.09,1.29,1.93,3.73,1.7,2.0,1.63,1.98,2.55,1.72,1.38,2.9,2.8,1.38,1,0,1,0,0,0,1,711351,0,17,0,-1,2,1,6,1,2,3,7,5,2,0,2,1,2,3,1,99,27,136,63,1.99,0.98,2.97,0,0,0,0,0,0,1,1,0,0,2,0,0,0,1,25,11,1,8,13,1,4,10,17,34,17,17,0.71,1.11,0.0,0.33,0.29,1.86,34,17,0.0,1.03,1.03,34,True,False,False,False,False,False,False,2.14,1.35,3.73,1.44,2.88,3.18,1.38,3.12,2.46,3.27,2.00,1.85,1.99,1.81,1.47,2.55
USA_Major_League_Soccer_2025,2025,0,FC Dallas,Seattle Sounders,2025-04-13 00:30:00,0,1,1,4,5,9,4,2,0,0,0,5,10,11,10,16,16,20,57,43,Toyota Stadium,"6000 Main Street, Frisco, Texas",4,2,2.82,3.1,2.45,1.32,2.05,3.64,1.75,1.95,1.53,1.89,2.41,1.91,1.4,2.88,2.7,1.35,1,0,1,0,0,0,1,18,0,46,0,11004,2,1,1,3,3,2,4,5,2,1,2,1,3,3,1,37,40,67,67,0.9,1.64,2.54,0,0,0,0,0,0,1,1,0,0,0,1,1,0,1,21,10,1,20,16,1,10,9,46,71,29,67,1.22,1.11,1.0,0.25,1.57,0.86,54,29,1.02,1.79,2.81,36,True,False,False,False,False,False,False,2.09,1.33,3.64,1.43,2.93,3.12,1.39,2.59,2.88,3.33,2.07,1.80,1.91,1.89,1.53,2.41
USA_Major_League_Soccer_2025,2025,0,Nashville SC,Real Salt Lake,2025-04-13 00:30:00,2,1,3,4,2,6,4,3,0,0,7,5,15,8,22,13,17,8,47,53,,,4,3,1.75,3.4,4.32,1.22,1.75,2.8,1.75,2.1,1.43,1.78,2.54,1.91,1.36,2.6,3.0,1.46,3,1,1,1,0,1,2,677447,0,29,0,25625,2,1,2,1,2,1,3,3,2,0,2,3,2,5,1,83,67,108,128,2.47,1.66,4.13,1,0,1,0,0,0,1,1,0,0,0,0,0,0,1,27,20,1,7,17,1,7,12,59,88,29,75,2.17,0.72,1.75,1.0,1.43,1.29,42,13,1.89,1.72,3.61,35,True,True,True,False,False,False,True,1.80,1.25,3.00,1.36,3.30,2.73,1.48,4.42,1.82,3.86,2.18,1.72,1.98,1.81,1.48,2.55
USA_Major_League_Soccer_2025,2025,0,Colorado Rapids,San Diego,2025-04-13 01:30:00,3,2,5,3,5,8,1,0,0,0,8,4,12,7,20,11,15,6,38,62,,,1,0,2.65,3.55,2.49,1.2,1.67,2.55,1.57,2.25,1.47,2.09,2.42,1.93,1.3,2.45,3.0,1.48,5,1,0,2,2,4,1,12,0,50,0,15694,2,1,2,1,1,4,3,5,0,0,1,0,0,1,1,48,54,78,87,2.16,1.37,3.53,1,0,1,0,0,0,1,1,0,0,2,0,0,0,1,16,24,1,5,15,1,6,11,67,100,50,67,1.65,2.11,1.33,2.0,1.57,2.0,33,0,1.63,1.73,3.36,34,True,True,True,True,True,False,True,1.67,1.20,2.62,,,2.48,1.57,2.53,2.75,3.64,2.55,1.55,1.93,1.86,1.51,2.46
USA_Major_League_Soccer_2025,2025,0,Los Angeles FC,SJ Earthquakes,2025-04-13 02:30:00,2,1,3,4,6,10,0,1,0,0,4,3,8,13,12,16,12,12,49,51,Banc of California Stadium,"3939 S Figueroa Street, Los Angeles, California",0,1,1.69,4.21,4.69,1.18,1.55,2.47,1.71,2.2,1.31,1.75,2.92,2.26,1.27,2.3,3.3,1.53,3,0,0,2,1,3,0,6490,0,50,0,22110,2,1,4,2,0,3,6,3,0,1,0,0,1,0,1,77,91,134,142,1.6,1.88,3.48,0,0,0,0,0,0,1,1,0,0,2,1,0,0,1,23,18,1,12,12,1,11,5,50,50,50,67,2.11,1.18,2.0,1.5,1.29,1.43,50,50,1.59,1.67,3.26,34,True,True,True,False,False,False,True,1.61,1.20,2.53,,,2.44,1.59,4.72,1.70,4.24,2.30,1.65,2.26,1.59,,
USA_Major_League_Soccer_2025,2025,0,LA Galaxy,Houston Dynamo,2025-04-13 02:30:00,1,1,2,5,7,12,2,2,1,0,2,3,3,10,5,13,9,21,42,58,,,4,2,1.98,3.25,3.6,1.22,1.77,2.96,1.67,2.25,1.41,1.74,2.6,1.98,1.3,2.73,3.0,1.43,2,0,1,1,0,1,1,-1,0,33,0,23685,2,1,2,3,3,4,5,7,3,1,0,1,4,1,1,36,39,75,63,0.72,1.31,2.03,0,0,0,0,0,0,1,1,0,0,0,2,0,0,1,12,13,1,21,9,1,4,6,50,67,17,50,1.35,1.12,0.0,0.67,0.29,0.71,50,34,1.53,0.75,2.28,34,True,True,False,False,False,False,True,1.81,1.25,2.96,1.36,3.25,2.73,1.48,3.61,2.08,3.62,2.25,1.68,2.06,1.72,,
USA_Major_League_Soccer_2025,2025,0,Sporting KC,Portland Timbers,2025-04-13 18:15:00,2,4,6,6,7,13,1,4,0,0,6,8,3,6,9,14,9,16,45,55,Children's Mercy Park,"One Sporting Way, Kansas City, Kansas",1,4,2.1,3.75,3.4,1.18,1.65,2.8,1.57,2.21,1.44,1.72,2.55,1.98,1.3,2.4,3.3,1.5,6,2,2,0,2,2,4,20,0,25,0,17898,2,1,2,2,4,5,4,9,1,2,0,2,3,2,1,52,27,103,83,1.37,1.64,3.01,1,0,1,0,0,0,1,1,0,1,0,1,0,0,1,22,16,1,14,9,1,8,5,42,84,25,71,1.0,0.89,1.0,1.33,0.57,1.57,59,17,1.59,1.3,2.89,34,True,True,True,True,True,True,True,1.75,1.23,2.80,,,2.61,1.53,3.49,2.09,3.71,2.37,1.62,2.12,1.69,,
USA_Major_League_Soccer_2025,2025,0,Chicago Fire,Inter Miami,2025-04-13 20:30:00,0,0,0,4,5,9,5,3,0,0,7,3,9,7,16,10,12,11,47,53,,,5,3,3.17,3.75,2.25,1.15,1.5,2.2,1.49,2.62,1.5,1.8,2.4,1.85,1.25,2.19,3.45,1.6,0,0,0,0,0,0,0,-1,0,100,0,62358,2,1,2,1,2,4,3,6,2,3,3,0,5,3,1,39,47,82,113,1.78,1.19,2.97,0,0,0,0,0,0,1,1,0,0,0,1,1,0,1,15,17,1,11,12,1,6,6,75,100,75,100,1.42,1.68,1.0,3.0,1.57,2.33,25,0,0.97,1.47,2.44,37,False,False,False,False,False,False,False,,,,,,2.30,1.66,2.33,2.98,3.73,2.72,1.49,1.91,1.91,1.53,2.40
USA_Major_League_Soccer_2025,2025,0,St. Louis City,Columbus Crew,2025-04-13 23:00:00,1,2,3,2,4,6,2,1,0,0,5,5,6,8,11,13,14,13,32,68,,,2,1,2.8,3.4,2.38,1.27,1.84,2.8,1.68,2.1,1.52,1.88,2.45,1.82,1.33,2.5,3.0,1.42,3,1,1,0,1,1,2,9,0,34,0,22423,2,1,0,4,2,0,4,2,1,0,1,1,1,2,1,34,69,58,127,1.29,1.68,2.96,0,0,0,0,0,0,1,1,1,0,0,0,0,0,1,4,9,1,13,14,1,6,5,17,34,17,67,1.06,1.16,1.33,2.33,1.14,2.14,84,67,1.69,1.11,2.8,34,True,True,True,False,False,False,True,1.88,1.27,3.07,,,,,2.36,3.10,3.49,2.25,1.68,1.93,1.88,1.52,2.45
USA_Major_League_Soccer_2025,2025,0,Austin,LA Galaxy,2025-04-19 17:45:00,1,0,1,8,7,15,1,3,1,0,7,4,9,9,16,13,10,7,50,50,,,2,3,2.0,3.5,3.2,1.22,1.7,2.93,1.62,2.25,1.42,1.75,2.43,2.12,1.35,2.55,3.22,1.5,1,0,0,1,0,1,0,698284,0,50,0,20738,2,1,3,3,5,4,6,9,0,0,2,3,0,5,1,43,38,71,76,1.8,1.37,3.18,0,0,0,0,0,0,1,1,0,0,1,1,0,0,1,15,14,1,6,10,1,7,11,38,63,50,63,1.56,0.41,1.75,0.5,1.63,0.38,63,38,1.4,1.11,2.51,34,True,False,False,False,False,False,False,1.81,1.25,2.93,1.36,3.26,2.76,1.47,3.57,2.05,3.75,2.24,1.69,2.12,1.68,,
USA_Major_League_Soccer_2025,2025,0,Columbus Crew,Inter Miami,2025-04-19 20:30:00,0,1,1,3,6,9,0,2,0,0,3,2,13,5,16,7,10,15,59,41,TCF Bank Stadium,"420 South East 23rd Avenue, Minneapolis, Minnesota",0,2,2.4,3.75,2.8,1.1,1.46,2.25,1.44,2.4,1.61,1.98,2.15,1.72,1.25,2.1,3.4,1.55,1,0,1,0,0,0,1,677446,0,59,0,60614,2,1,2,3,1,3,5,4,0,0,0,2,0,2,1,14,1,14,8,1.3,0.58,1.89,0,0,0,0,0,0,1,1,0,0,0,0,0,0,1,14,14,1,15,10,1,7,8,59,59,59,59,1.94,1.68,2.0,2.33,2.25,2.14,42,42,1.7,1.38,3.08,37,True,False,False,False,False,False,False,1.49,1.14,2.22,,,2.23,1.69,2.82,2.40,3.82,2.84,1.46,1.81,1.99,1.57,2.30
USA_Major_League_Soccer_2025,2025,0,New York RB,DC United,2025-04-19 23:30:00,1,2,3,9,1,10,1,3,0,0,2,4,8,8,10,12,9,11,67,33,Red Bull Arena,"Frank Rogers Boulevard South, Harrison, New Jersey",1,3,1.95,3.53,3.48,1.22,1.73,2.95,1.68,2.05,1.57,2.0,2.19,1.67,1.34,2.48,2.95,1.47,3,0,2,1,0,1,2,13401,0,88,0,-1,2,1,4,0,5,1,4,6,0,0,1,3,0,4,1,16,5,126,86,0.91,1.08,1.99,0,0,0,0,0,0,1,1,0,0,0,0,0,0,1,5,5,1,11,9,1,5,12,88,100,88,100,1.94,0.76,2.5,0.33,1.5,0.75,13,0,1.45,1.88,3.33,34,True,True,True,False,False,False,True,1.75,1.23,2.82,1.35,3.31,2.63,1.52,3.69,2.07,3.56,2.40,1.61,1.69,2.11,1.64,2.19
USA_Major_League_Soccer_2025,2025,0,Charlotte,San Diego,2025-04-19 23:30:00,3,0,3,4,1,5,2,3,0,1,11,2,5,7,16,9,15,15,47,53,,,2,4,2.22,3.25,3.27,1.25,1.65,2.62,1.56,2.3,1.46,1.87,2.5,1.92,1.3,2.35,3.28,1.44,3,2,0,1,0,1,2,711351,0,63,0,-1,2,1,0,0,4,1,0,5,0,2,2,2,2,4,1,4,0,85,61,1.82,0.72,2.53,1,0,1,0,0,0,1,1,0,0,0,0,0,0,1,6,3,1,14,15,1,6,5,63,100,38,63,2.11,2.11,3.0,1.5,2.0,1.75,38,0,1.39,1.64,3.03,37,True,True,True,False,False,False,False,1.68,1.20,2.62,1.34,3.28,2.52,1.56,3.23,2.24,3.60,2.52,1.56,1.92,1.87,1.51,2.46
USA_Major_League_Soccer_2025,2025,0,New England Revolution,New York City,2025-04-19 23:30:00,2,0,2,7,4,11,1,1,0,0,6,2,7,14,13,16,9,7,42,58,Gillette Stadium,"1388 One Patriot Place, Foxborough, Massachusetts",1,1,2.3,3.0,2.73,1.25,1.7,2.88,1.61,2.1,1.4,1.85,2.65,2.06,1.34,2.5,2.9,1.48,2,1,0,1,0,1,1,11,0,42,0,-1,2,1,4,1,3,3,5,6,0,0,1,1,0,2,1,8,2,27,33,1.29,1.16,2.45,0,0,0,0,0,0,1,1,0,0,1,0,0,0,1,4,7,1,7,9,1,13,5,42,59,42,42,0.94,1.52,1.0,0.5,1.0,1.38,59,42,1.03,1.03,2.06,34,True,True,False,False,False,False,False,1.77,1.23,2.90,1.34,3.39,2.67,1.50,2.98,2.43,3.51,2.44,1.59,2.13,1.68,,
USA_Major_League_Soccer_2025,2025,0,Montreal Impact,Orlando City,2025-04-19 23:30:00,0,0,0,8,2,10,2,2,0,1,7,2,5,7,12,9,11,12,54,46,Stade Saputo,"4750, rue Sherbrooke Est, Montreal, Quebec",2,3,2.75,3.16,2.3,1.33,1.77,2.9,1.65,2.0,1.5,1.85,2.45,1.85,1.36,2.84,2.87,1.42,0,0,0,0,0,0,0,-1,0,38,0,-1,2,1,4,1,4,1,5,5,1,1,1,2,2,3,1,6,4,56,42,1.29,0.74,2.03,0,0,0,0,0,0,1,1,0,0,0,0,0,1,1,2,2,1,12,11,1,8,11,38,38,13,75,0.71,1.39,0.0,1.25,0.25,1.5,63,63,1.99,1.41,3.4,34,False,False,False,False,False,False,False,2.03,1.32,3.46,1.42,2.98,3.03,1.41,2.61,2.83,3.39,2.08,1.79,1.93,1.87,1.50,2.45
USA_Major_League_Soccer_2025,2025,0,Seattle Sounders,Nashville SC,2025-04-19 23:30:00,3,0,3,2,7,9,4,0,0,0,7,8,7,4,14,12,18,15,48,52,CenturyLink Field,"800 Occidental Avenue South, Seattle, Washington",4,0,1.79,3.48,4.74,1.32,2.05,3.5,1.88,1.8,1.52,2.0,2.32,1.83,1.4,2.9,2.7,1.36,3,3,0,0,0,0,3,18,0,67,0,-1,2,1,0,2,3,5,2,8,1,0,3,0,1,3,1,4,15,110,102,1.42,1.44,2.86,0,0,0,0,0,0,1,1,0,0,0,1,0,0,1,2,6,1,15,18,1,5,7,67,84,67,84,2.17,0.95,1.67,1.0,1.13,1.63,33,17,1.89,1.32,3.21,37,True,True,True,False,False,False,False,2.08,1.34,3.65,1.42,2.96,3.09,1.39,4.82,1.81,3.61,1.97,1.88,2.00,1.79,1.45,2.59
USA_Major_League_Soccer_2025,2025,0,Philadelphia Union,Atlanta United FC,2025-04-19 23:30:00,3,0,3,4,3,7,3,1,1,0,4,3,6,9,10,12,11,6,29,71,,,4,1,2.09,3.57,3.2,1.15,1.56,2.48,1.54,2.35,1.43,1.68,2.55,2.02,1.29,2.3,3.3,1.55,3,1,0,2,0,2,1,16,0,50,0,-1,2,1,4,3,0,0,7,0,2,0,2,1,2,3,1,5,7,72,144,0.96,1.05,2.0,0,0,0,0,0,0,1,1,0,0,1,0,0,0,1,5,4,1,6,11,1,12,9,50,75,25,38,2.16,0.47,1.75,0.5,1.63,1.13,50,25,1.85,1.38,3.23,34,True,True,True,False,False,False,False,1.65,1.20,2.58,,,2.51,1.56,3.51,2.12,3.62,2.56,1.54,2.19,1.64,,
USA_Major_League_Soccer_2025,2025,0,St. Louis City,Vancouver Whitecaps,2025-04-20 00:30:00,0,0,0,5,6,11,2,4,0,0,3,2,6,15,9,17,8,18,45,55,,,2,4,2.7,3.6,2.45,1.22,1.73,2.81,1.59,2.25,1.41,1.96,2.6,1.95,1.3,2.62,3.0,1.42,0,0,0,0,0,0,0,-1,0,29,0,-1,2,1,2,5,3,1,7,4,1,1,1,3,2,4,1,41,47,81,81,1.08,1.55,2.63,0,0,0,0,0,0,1,1,0,0,2,2,0,0,1,21,15,1,18,8,1,10,5,29,29,29,54,1.06,1.65,1.0,2.33,1.0,2.38,71,71,1.59,1.83,3.42,34,False,False,False,False,False,False,False,1.74,1.22,2.81,1.34,3.34,2.64,1.52,2.48,2.85,3.58,2.45,1.59,2.04,1.74,,
USA_Major_League_Soccer_2025,2025,0,Chicago Fire,FC Cincinnati,2025-04-20 00:30:00,2,3,5,6,1,7,1,3,0,0,5,8,13,4,18,12,13,11,57,43,,,1,3,2.2,3.42,2.9,1.22,1.72,2.8,1.61,2.25,1.63,2.02,2.3,1.85,1.35,2.6,3.35,1.44,5,1,2,1,1,2,3,8043,0,59,0,-1,2,1,3,0,3,1,3,4,0,1,1,2,1,3,1,48,37,54,48,1.82,1.58,3.4,1,0,1,0,0,0,1,1,0,1,0,0,0,0,1,32,22,1,10,13,1,5,5,42,71,42,71,1.42,1.94,1.0,1.5,1.5,2.0,59,29,1.24,1.5,2.74,37,True,True,True,True,True,False,True,1.76,1.23,2.80,1.35,3.35,2.65,1.51,3.24,2.30,3.44,2.41,1.60,1.89,1.91,1.52,2.41
USA_Major_League_Soccer_2025,2025,0,Minnesota United,FC Dallas,2025-04-20 00:30:00,0,0,0,6,6,12,4,2,0,0,3,4,10,4,13,8,15,12,46,54,,,4,2,1.43,4.69,7.0,1.2,1.7,2.55,1.91,1.89,1.44,1.8,2.51,1.91,1.3,2.5,3.2,1.51,0,0,0,0,0,0,0,-1,0,54,0,-1,2,1,4,2,2,4,6,6,1,1,3,1,2,4,1,54,38,66,62,1.41,1.06,2.47,0,0,0,0,0,0,1,1,0,0,0,0,0,0,1,24,10,1,12,15,1,3,4,42,71,29,84,1.58,1.28,2.33,2.0,1.88,1.38,59,29,1.79,1.23,3.02,36,False,False,False,False,False,False,False,1.72,1.23,2.77,1.34,3.39,2.62,1.52,7.88,1.42,4.79,1.89,1.96,1.97,1.83,1.48,2.54
USA_Major_League_Soccer_2025,2025,0,Houston Dynamo,Colorado Rapids,2025-04-20 00:30:00,2,2,4,6,4,10,1,2,0,1,7,3,7,10,14,13,17,8,63,37,BBVA Compass Stadium,"2200 Texas Avenue, East End, Houston, Texas",1,3,1.83,3.25,3.75,1.25,1.7,3.0,1.7,2.0,1.5,1.82,2.35,2.05,1.29,2.64,3.56,1.51,4,1,0,1,2,3,1,-1,0,50,0,-1,2,1,1,3,5,1,4,6,0,0,1,3,0,4,1,53,36,102,99,1.76,1.3,3.06,0,1,0,1,0,0,1,1,0,0,0,0,0,0,1,19,16,1,8,16,1,6,7,50,63,50,75,1.06,0.76,0.75,1.75,0.75,1.75,50,38,1.25,0.82,2.07,34,True,True,True,True,False,False,True,,,,1.34,3.39,2.64,1.52,4.21,1.88,3.76,2.24,1.68,2.05,1.74,,
USA_Major_League_Soccer_2025,2025,0,Real Salt Lake,Toronto,2025-04-20 01:30:00,0,1,1,8,1,9,2,5,1,0,5,1,18,1,23,2,16,14,68,32,Rio Tinto Stadium,"9256 South State Street, Sandy, Utah",4,5,1.7,3.8,4.5,1.23,1.88,3.33,1.75,2.0,1.48,1.85,2.49,1.77,1.39,2.94,3.09,1.43,1,0,1,0,0,0,1,19,0,53,0,19802,2,1,4,0,4,1,4,5,0,2,3,3,2,6,1,77,11,125,62,2.35,0.29,2.64,0,0,0,0,0,0,1,1,0,1,0,0,0,0,1,37,16,1,14,16,1,3,17,43,88,55,90,1.65,0.94,1.5,0.4,1.13,0.5,58,13,1.15,1.05,2.2,34,True,False,False,False,False,False,False,1.96,1.30,3.33,1.39,3.09,2.94,1.43,4.67,1.83,3.65,2.01,1.85,1.94,1.85,1.50,2.49
USA_Major_League_Soccer_2025,2025,0,Portland Timbers,Los Angeles FC,2025-04-20 02:15:00,3,3,6,2,7,9,4,4,0,0,3,9,7,10,10,19,12,12,39,61,Providence Park,"1844 SW Morrison Street, Portland, Oregon",4,4,2.5,3.25,2.75,1.2,1.7,2.85,1.6,2.2,1.33,1.61,2.92,2.19,1.33,2.45,3.1,1.48,6,2,1,1,2,3,3,-1,0,63,0,-1,2,1,1,3,1,3,4,4,2,2,2,2,4,4,1,31,78,69,133,1.07,2.39,3.46,1,1,1,1,0,0,1,1,1,0,0,0,0,0,1,17,21,1,11,11,1,7,4,50,75,50,63,1.63,1.53,1.75,0.75,1.75,1.5,50,25,1.22,1.02,2.24,37,True,True,True,True,True,True,True,1.76,1.23,2.85,1.35,3.32,2.66,1.51,2.76,2.58,3.53,2.45,1.59,2.28,1.58,,
USA_Major_League_Soccer_2025,2025,0,SJ Earthquakes,Sporting KC,2025-04-20 02:30:00,3,5,8,6,0,6,2,2,0,0,7,5,15,2,22,7,13,15,67,33,,,2,2,1.85,3.9,3.62,1.14,1.61,2.1,1.47,2.78,1.38,1.7,2.8,2.14,1.32,2.38,3.5,1.53,8,2,3,1,2,3,5,8,0,64,0,14147,2,1,4,0,2,0,4,2,1,1,1,1,2,2,1,59,25,110,73,2.3,0.98,3.28,1,0,1,0,0,0,1,1,0,0,0,0,0,0,1,21,19,1,14,13,1,5,15,64,74,37,67,1.24,0.65,1.4,0.0,1.25,0.5,37,27,1.97,1.13,3.1,34,True,True,True,True,True,True,True,1.51,1.15,2.29,,,2.31,1.65,3.67,1.96,3.98,2.78,1.47,2.22,1.62,,
USA_Major_League_Soccer_2025,2025,0,FC Cincinnati,Sporting KC,2025-04-26 18:30:00,2,1,3,4,5,9,2,1,0,0,7,4,8,7,15,11,8,6,54,46,,,2,1,1.55,4.41,5.3,1.18,1.57,2.51,1.66,2.05,1.49,1.85,2.3,1.85,1.27,2.25,3.4,1.59,3,1,0,1,1,2,1,8043,0,50,0,-1,2,1,1,2,3,3,3,6,1,0,1,1,1,2,1,66,89,75,93,1.9,1.61,3.52,0,0,0,0,0,0,1,1,0,0,1,0,0,0,1,16,16,1,6,8,1,9,8,50,63,25,25,1.8,0.65,2.5,0.75,2.11,0.78,50,38,1.49,1.09,2.58,34,True,True,True,False,False,False,True,1.61,1.19,2.47,,,,,5.45,1.59,4.43,2.29,1.66,1.83,1.99,1.57,2.32
USA_Major_League_Soccer_2025,2025,0,Toronto,New York City,2025-04-26 18:30:00,0,1,1,6,7,13,2,3,0,0,0,4,12,4,12,8,10,12,48,52,,,2,3,2.85,3.2,2.65,1.38,2.2,3.8,1.85,2.0,1.53,1.8,2.55,1.9,1.42,3.08,2.6,1.35,1,0,0,0,1,1,0,2,0,37,0,-1,2,1,1,5,5,2,6,7,2,1,0,2,3,2,1,59,50,113,92,1.19,1.15,2.34,0,1,0,1,0,0,1,1,0,0,0,0,0,0,1,38,30,1,12,9,1,10,12,37,47,37,47,0.94,1.52,0.67,0.4,0.78,1.22,64,54,1.0,1.05,2.05,34,True,False,False,False,False,False,False,2.20,1.37,3.89,1.48,2.75,3.34,1.35,2.76,2.89,3.08,2.00,1.85,1.99,1.82,1.46,2.55
USA_Major_League_Soccer_2025,2025,0,Philadelphia Union,DC United,2025-04-26 20:30:00,3,0,3,3,6,9,3,3,0,0,6,5,6,4,12,9,11,12,45,55,,,3,3,1.62,4.3,4.95,1.14,1.57,2.33,1.57,2.43,1.45,1.7,2.55,2.05,1.25,2.2,3.28,1.61,3,1,0,2,0,2,1,16,0,70,0,-1,2,1,0,3,3,3,3,6,2,1,1,2,3,3,1,65,59,56,59,1.64,1.34,2.97,0,0,0,0,0,0,1,1,0,0,0,2,1,1,1,25,28,1,12,11,1,9,6,80,80,70,90,2.16,0.76,2.0,1.0,1.78,1.0,20,20,1.67,1.68,3.35,34,True,True,True,False,False,False,False,1.57,1.18,2.43,,,2.36,1.62,5.11,1.63,4.36,2.43,1.60,2.09,1.72,,
USA_Major_League_Soccer_2025,2025,0,New York RB,Montreal Impact,2025-04-26 20:30:00,1,0,1,6,4,10,4,1,0,0,6,5,6,4,12,9,13,8,50,50,Red Bull Arena,"Frank Rogers Boulevard South, Harrison, New Jersey",4,1,1.69,3.75,4.8,1.3,1.85,3.3,1.87,1.82,1.57,2.26,2.25,1.75,1.41,2.92,2.62,1.42,1,0,0,1,0,1,0,4,0,62,0,-1,2,1,3,2,3,2,5,5,1,0,3,1,1,4,1,36,35,80,87,1.44,1.18,2.62,0,0,0,0,0,0,1,1,0,0,1,1,0,0,1,19,27,1,8,13,1,7,7,62,86,47,79,1.94,0.94,2.0,0.29,1.33,0.33,39,15,1.34,1.08,2.42,34,True,False,False,False,False,False,False,1.96,1.30,3.34,1.41,3.03,2.99,1.41,4.87,1.78,3.70,2.02,1.84,1.82,1.99,1.57,2.29
USA_Major_League_Soccer_2025,2025,0,Orlando City,Atlanta United FC,2025-04-26 23:15:00,3,0,3,3,5,8,1,2,0,0,6,0,10,12,16,12,7,15,54,46,,,1,2,1.75,3.65,4.44,1.15,1.65,2.25,1.53,2.3,1.5,1.85,2.4,1.85,1.28,2.3,3.3,1.6,3,1,0,2,0,2,1,17,0,54,0,20184,2,1,1,2,2,3,3,5,0,0,1,2,0,3,1,54,67,82,81,1.81,1.24,3.05,1,0,1,0,0,0,1,1,0,0,0,0,0,0,1,4,1,1,14,7,1,5,12,71,88,38,54,1.65,0.47,1.75,0.33,1.44,1.0,29,13,1.76,1.27,3.03,34,True,True,True,False,False,False,False,1.66,1.20,2.59,,,2.52,1.56,4.46,1.84,3.73,2.42,1.60,2.00,1.81,1.46,2.59
USA_Major_League_Soccer_2025,2025,0,Columbus Crew,SJ Earthquakes,2025-04-26 23:30:00,2,1,3,7,2,9,2,0,0,0,3,6,12,9,15,15,6,14,62,38,,,2,0,1.35,4.75,5.5,1.09,1.32,2.1,1.5,2.45,1.48,1.73,2.5,2.0,1.19,2.1,3.6,1.61,3,1,1,1,0,1,2,9,0,70,0,-1,2,1,6,1,1,1,7,2,0,0,2,0,0,2,1,71,50,100,93,1.67,1.73,3.39,0,0,0,0,0,0,1,1,0,0,1,0,0,0,1,25,14,1,14,6,1,13,7,70,70,54,64,1.94,1.18,1.6,1.0,2.0,1.11,30,30,1.62,1.74,3.36,34,True,True,True,False,False,False,True,1.40,1.12,2.02,1.35,3.12,2.10,1.79,6.10,1.48,4.99,2.58,1.53,2.13,1.68,,
USA_Major_League_Soccer_2025,2025,0,San Diego,Real Salt Lake,2025-04-26 23:30:00,1,3,4,4,2,6,3,4,0,1,4,5,11,5,15,10,19,19,58,42,,,3,5,1.65,4.4,4.6,1.17,1.52,2.55,1.61,2.4,1.49,1.73,2.6,1.87,1.25,2.35,3.5,1.64,4,1,1,0,2,2,2,14,0,50,0,-1,2,1,3,2,1,0,5,1,0,1,3,4,1,7,1,77,47,80,74,1.77,1.32,3.09,1,1,1,1,0,0,1,1,0,0,1,1,0,0,1,20,14,1,18,18,1,3,5,63,88,50,88,1.67,0.72,2.0,0.75,1.56,1.0,38,13,1.63,1.71,3.34,35,True,True,True,True,False,False,True,1.61,1.19,2.52,1.32,3.28,2.47,1.58,4.86,1.69,4.19,2.39,1.61,1.95,1.85,1.49,2.49
USA_Major_League_Soccer_2025,2025,0,Charlotte,New England Revolution,2025-04-26 23:30:00,0,1,1,0,1,1,3,3,0,0,4,4,14,3,18,7,12,17,58,42,,,3,3,1.8,3.25,4.25,1.22,1.67,2.8,1.7,2.1,1.44,1.73,2.6,1.93,1.36,2.75,3.22,1.47,1,0,0,0,1,1,0,11,0,33,0,-1,2,1,0,0,0,1,0,1,1,1,2,2,2,4,1,63,35,93,75,1.86,0.98,2.85,0,0,0,0,0,0,1,1,0,0,0,0,1,0,1,23,8,1,17,12,1,5,17,43,63,33,55,2.11,1.18,3.0,1.0,2.11,1.25,58,38,1.48,1.26,2.74,34,True,False,False,False,False,False,False,1.79,1.25,2.97,1.36,3.27,2.75,1.47,4.23,1.92,3.60,2.24,1.68,2.16,1.66,,
USA_Major_League_Soccer_2025,2025,0,Houston Dynamo,Austin,2025-04-27 00:30:00,2,0,2,1,5,6,3,5,0,0,6,2,5,6,11,8,11,20,51,49,BBVA Compass Stadium,"2200 Texas Avenue, East End, Houston, Texas",3,5,2.15,3.2,3.5,1.32,1.95,3.4,1.8,1.91,1.43,1.75,2.55,1.9,1.42,2.8,2.62,1.38,2,0,0,2,0,2,0,6,0,53,0,17808,2,1,0,1,1,4,1,5,1,1,2,4,2,6,1,40,48,61,68,1.4,0.99,2.39,0,0,0,0,0,0,1,1,0,0,0,0,0,0,1,15,18,1,20,11,1,8,8,53,53,33,78,1.06,1.06,0.8,1.5,0.78,1.78,48,48,1.35,1.16,2.51,34,True,True,False,False,False,False,False,2.00,1.31,3.44,1.40,3.04,2.99,1.42,3.67,2.13,3.44,2.09,1.79,2.07,1.72,,
USA_Major_League_Soccer_2025,2025,0,Nashville SC,Chicago Fire,2025-04-27 00:30:00,7,2,9,4,1,5,0,4,0,0,12,5,6,3,18,8,12,13,58,42,,,0,4,1.88,3.25,3.6,1.2,1.62,2.45,1.62,2.2,1.52,2.13,2.35,1.92,1.34,2.3,3.31,1.5,9,5,0,2,2,4,5,677447,0,70,0,24771,2,1,3,0,1,1,3,2,0,2,0,2,2,2,1,62,45,88,62,2.42,1.18,3.6,2,0,2,0,0,0,1,1,0,0,1,0,0,0,1,19,20,1,11,12,1,5,8,80,90,60,70,2.17,1.67,2.0,1.8,1.44,1.33,20,10,2.01,1.41,3.42,37,True,True,True,True,True,True,True,1.63,1.20,2.58,1.34,3.31,2.49,1.57,3.76,2.00,3.71,2.52,1.56,1.92,1.90,1.51,2.43
USA_Major_League_Soccer_2025,2025,0,Colorado Rapids,Seattle Sounders,2025-04-27 01:30:00,1,1,2,8,2,10,2,2,0,0,4,2,11,5,15,7,12,11,54,46,,,2,2,2.6,3.38,2.61,1.3,1.83,3.25,1.73,2.0,1.39,1.8,2.63,1.91,1.39,2.91,2.75,1.43,2,0,1,1,0,1,1,-1,0,35,0,-1,2,1,3,2,5,0,5,5,1,1,1,1,2,2,1,61,43,98,65,1.67,0.89,2.56,0,0,0,0,0,0,1,1,0,0,2,0,0,0,1,27,20,1,11,12,1,7,14,48,80,23,88,1.65,1.11,1.75,0.8,1.67,1.33,53,20,1.76,1.76,3.52,34,True,True,False,False,False,False,True,1.92,1.27,3.24,,,,,2.62,2.81,3.38,2.26,1.68,2.04,1.75,,
USA_Major_League_Soccer_2025,2025,0,Minnesota United,Vancouver Whitecaps,2025-04-27 19:00:00,1,3,4,3,4,7,0,2,0,0,3,5,9,4,12,9,14,10,41,59,,,0,2,1.6,3.6,4.9,1.17,1.8,2.8,1.68,2.05,1.4,1.65,2.65,2.09,1.36,2.67,2.9,1.42,4,0,0,1,3,4,0,5,0,25,0,18851,2,1,1,2,2,2,3,4,0,1,0,1,1,1,1,43,51,71,120,1.28,1.3,2.58,0,0,0,0,0,0,1,1,0,0,0,1,0,1,1,24,21,1,10,14,1,4,10,25,38,25,38,1.58,1.65,2.0,2.0,1.78,2.22,75,63,1.7,1.76,3.46,38,True,True,True,True,False,False,True,1.74,1.23,2.79,1.34,3.37,2.67,1.50,5.53,1.63,4.12,2.10,1.78,2.13,1.69,,
USA_Major_League_Soccer_2025,2025,0,Inter Miami,FC Dallas,2025-04-27 21:00:00,3,4,7,8,3,11,0,1,0,0,5,9,7,4,12,13,11,13,54,46,,,0,1,2.15,3.2,3.15,1.25,1.96,3.45,1.7,2.1,1.48,1.9,2.3,1.85,1.4,2.79,3.03,1.41,7,2,1,1,3,4,3,13,0,68,0,-1,2,1,3,1,5,2,4,7,0,0,0,1,0,1,1,48,40,96,86,1.46,1.74,3.2,0,0,0,0,0,0,1,1,0,1,0,1,0,0,1,19,14,1,13,11,1,2,7,45,68,35,78,2.29,1.28,2.0,1.8,2.25,1.33,55,33,1.4,1.2,2.6,36,True,True,True,True,True,True,True,2.06,1.32,3.45,1.40,3.03,2.99,1.41,3.40,2.31,3.27,2.11,1.78,1.90,1.92,1.52,2.43
USA_Major_League_Soccer_2025,2025,0,Los Angeles FC,St. Louis City,2025-04-27 23:00:00,2,2,4,6,2,8,1,1,0,1,9,6,14,5,23,11,10,7,70,30,Banc of California Stadium,"3939 S Figueroa Street, Los Angeles, California",1,2,1.53,4.4,6.0,1.18,1.73,2.7,1.83,1.85,1.4,1.65,2.65,2.08,1.3,2.25,3.34,1.56,4,0,0,2,2,4,0,-1,0,13,0,-1,2,1,2,0,4,2,2,6,0,0,1,2,0,3,1,34,10,157,69,2.34,1.19,3.53,0,0,0,0,0,0,1,1,0,0,0,0,0,0,1,9,7,1,6,10,1,5,12,25,38,0,38,2.11,0.82,2.25,1.0,1.44,1.0,75,63,1.59,0.87,2.46,34,True,True,True,True,False,False,True,1.66,1.21,2.61,1.34,3.34,2.51,1.56,6.41,1.51,4.56,2.08,1.79,2.11,1.70,,
USA_Major_League_Soccer_2025,2025,0,LA Galaxy,Portland Timbers,2025-04-28 01:00:00,2,4,6,5,2,7,2,2,0,0,6,6,10,5,16,11,10,10,54,46,,,2,2,2.05,3.75,3.05,1.17,1.55,2.29,1.41,2.5,1.42,1.7,2.62,2.05,1.28,2.15,3.3,1.55,6,0,1,2,3,5,1,20,0,38,0,19271,2,1,1,2,4,0,3,4,1,0,1,2,1,3,1,62,26,108,85,1.88,1.31,3.19,0,1,0,1,0,0,1,1,0,0,0,0,0,0,1,16,22,1,10,9,1,3,9,50,88,13,75,1.35,0.89,0.25,1.75,0.33,1.67,50,13,1.33,1.39,2.72,34,True,True,True,True,True,True,True,,,,,,,,,,,,,,,,
USA_Major_League_Soccer_2025,2025,0,Atlanta United FC,Nashville SC,2025-05-03 18:45:00,1,1,2,2,8,10,3,1,0,0,2,5,4,5,6,10,5,6,37,63,Mercedes-Benz Stadium,"1 AMB Drive North West, Atlanta, Georgia",3,1,2.19,3.25,3.1,1.16,1.55,2.5,1.5,2.4,1.43,2.01,2.54,1.97,1.27,2.32,3.25,1.53,2,1,0,0,1,1,1,-1,0,59,0,41893,2,1,2,2,0,6,4,6,1,0,2,1,1,3,1,38,69,80,109,0.8,1.49,2.29,0,0,0,0,0,0,1,1,0,0,1,0,0,0,1,18,14,1,6,5,1,7,4,63,84,54,92,1.18,0.95,1.33,0.75,0.9,1.6,38,17,1.52,1.35,2.87,34,True,True,False,False,False,False,True,,,,,,,,,,,,,,,,
USA_Major_League_Soccer_2025,2025,0,Toronto,New England Revolution,2025-05-03 20:30:00,0,2,2,4,4,8,0,1,0,0,2,7,14,11,16,18,9,6,52,48,,,0,1,2.4,3.15,2.95,1.34,2.31,3.95,1.8,1.88,1.47,1.77,2.48,1.98,1.44,3.0,2.65,1.38,2,0,2,0,0,0,2,11,0,23,0,-1,2,1,3,3,1,1,6,2,0,1,0,0,1,0,1,68,51,109,112,1.64,2.0,3.64,0,0,0,0,0,0,1,1,0,0,0,0,0,0,1,12,19,1,6,9,1,9,11,23,23,23,33,0.94,1.18,0.5,1.4,0.7,1.44,78,78,1.04,1.19,2.23,34,True,True,False,False,False,False,False,2.25,1.39,4.08,1.46,2.80,3.31,1.35,3.09,2.45,3.32,1.88,1.96,2.03,1.75,,
USA_Major_League_Soccer_2025,2025,0,Inter Miami,New York RB,2025-05-03 23:30:00,4,1,5,3,6,9,1,2,0,0,6,3,6,6,12,9,9,15,53,47,,,1,2,1.61,4.0,5.65,1.12,1.53,2.38,1.7,2.35,1.5,1.85,2.4,1.85,1.31,2.4,3.1,1.49,5,3,1,1,0,1,4,677446,0,53,0,-1,2,1,1,5,2,1,6,3,1,0,0,2,1,2,1,1,6,44,41,1.18,0.82,2.01,0,0,0,0,0,0,1,1,1,0,0,1,0,0,1,2,5,1,15,9,1,7,5,43,53,43,53,2.29,0.59,1.6,0.5,2.0,1.5,58,48,1.42,1.12,2.54,34,True,True,True,True,True,False,True,1.56,1.17,2.41,,,2.35,1.63,5.35,1.60,4.47,2.42,1.60,1.95,1.86,1.52,2.45
USA_Major_League_Soccer_2025,2025,0,Montreal Impact,Philadelphia Union,2025-05-03 23:30:00,1,2,3,6,2,8,4,3,0,0,2,4,10,5,12,9,19,18,59,41,Stade Saputo,"4750, rue Sherbrooke Est, Montreal, Quebec",4,3,2.7,3.22,2.59,1.31,1.85,3.32,1.75,2.0,1.4,1.8,2.64,2.08,1.4,2.7,2.9,1.42,3,1,1,0,1,1,2,16,0,25,0,-1,2,1,3,2,3,0,5,3,2,0,2,3,2,5,1,5,7,114,82,0.95,0.91,1.86,0,0,0,0,0,0,1,1,0,1,0,0,0,0,1,5,2,1,18,19,1,5,9,25,38,13,50,0.71,1.61,0.5,1.5,0.3,1.9,75,63,1.64,1.73,3.37,34,True,True,True,False,False,False,True,,,,,,,,,,,,,,,,
USA_Major_League_Soccer_2025,2025,0,DC United,Colorado Rapids,2025-05-03 23:30:00,2,1,3,2,4,6,4,2,0,0,3,3,6,5,9,8,20,9,44,56,Audi Field,"32-60 R Street South West, Buzzard Point, Washington, District of Columbia",4,2,2.13,3.65,3.15,1.18,1.57,2.4,1.53,2.6,1.47,1.98,2.48,2.04,1.25,2.25,3.3,1.59,3,2,1,0,0,0,3,13401,0,50,0,-1,2,1,1,2,1,2,3,3,0,0,4,2,0,6,1,4,6,66,89,0.82,0.77,1.59,0,0,0,0,0,0,1,1,0,0,0,0,0,0,1,2,8,1,9,20,1,4,5,50,60,40,70,0.76,0.76,1.0,1.6,0.9,1.6,50,40,1.34,0.91,2.25,34,True,True,True,False,False,False,True,1.60,1.18,2.44,,,2.39,1.61,3.39,2.12,3.74,2.66,1.51,,,,
USA_Major_League_Soccer_2025,2025,0,Columbus Crew,Charlotte,2025-05-03 23:30:00,4,2,6,9,3,12,2,0,0,0,11,3,5,6,16,9,10,7,58,42,MAPFRE Stadium,"1 Black and Gold Boulevard, Columbus, Ohio",2,0,1.7,4.24,4.64,1.15,1.62,2.5,1.65,2.1,1.52,1.9,2.35,1.8,1.34,2.4,3.3,1.52,6,2,1,2,1,3,3,9,0,38,0,20167,2,1,6,2,3,1,8,4,2,0,0,0,2,0,1,17,12,114,71,1.92,0.87,2.79,1,1,1,1,0,0,1,1,0,0,2,0,0,0,1,2,3,1,6,9,1,3,3,38,50,38,59,1.94,1.11,1.83,1.0,2.1,1.9,63,50,1.63,1.02,2.65,37,True,True,True,True,True,True,True,1.70,1.21,2.71,1.34,3.16,2.59,1.53,5.42,1.69,3.83,2.26,1.68,1.83,1.99,1.56,2.33
USA_Major_League_Soccer_2025,2025,0,Austin,Minnesota United,2025-05-04 00:30:00,0,3,3,3,4,7,1,0,0,0,4,7,10,4,14,11,11,14,67,33,,,1,0,2.42,3.46,2.85,1.32,1.95,3.5,1.8,1.95,1.33,1.58,2.83,2.18,1.4,2.9,2.8,1.35,3,0,2,0,1,1,2,1015,0,30,0,-1,2,1,1,3,2,1,4,3,0,0,1,0,0,1,1,43,32,138,81,1.49,1.42,2.91,0,0,0,0,0,0,1,1,0,0,0,0,0,0,1,16,15,1,14,11,1,7,14,30,30,30,50,1.56,1.58,2.0,1.6,1.6,1.6,70,70,1.48,1.46,2.94,36,True,True,True,False,False,False,False,2.09,1.34,3.69,,,,,3.02,2.48,3.34,2.04,1.82,2.09,1.71,,
USA_Major_League_Soccer_2025,2025,0,Chicago Fire,Orlando City,2025-05-04 00:30:00,0,0,0,7,6,13,3,1,1,0,8,3,8,21,16,24,16,8,46,54,,,5,1,2.85,3.32,2.51,1.22,1.73,2.7,1.65,2.22,1.51,1.89,2.18,1.81,1.33,2.6,3.14,1.42,0,0,0,0,0,0,0,-1,0,68,0,-1,2,1,2,3,5,3,5,8,3,0,1,1,3,2,1,40,55,100,96,1.86,2.11,3.97,0,0,0,0,0,0,1,1,0,0,1,2,0,0,1,5,20,1,8,16,1,12,9,55,68,35,58,1.42,1.39,0.75,1.2,1.2,1.6,45,33,1.39,1.27,2.66,35,False,False,False,False,False,False,False,1.92,1.28,3.19,1.38,3.14,2.87,1.44,2.57,2.85,3.40,2.22,1.70,1.82,1.99,1.57,2.31
USA_Major_League_Soccer_2025,2025,0,San Diego,FC Dallas,2025-05-04 01:15:00,5,0,5,4,5,9,1,2,0,0,9,2,4,7,13,9,14,17,60,40,,,1,2,1.75,4.0,4.35,1.18,1.63,2.7,1.57,2.5,1.49,1.85,2.45,1.85,1.33,2.4,3.32,1.55,5,2,0,3,0,3,2,1398748,0,64,0,27108,2,1,2,0,2,5,2,7,0,1,1,1,1,2,1,28,50,79,90,1.66,1.08,2.73,1,0,1,0,0,0,1,1,0,0,1,0,0,0,1,14,17,1,16,14,1,7,4,55,74,47,82,1.67,1.28,1.6,2.0,1.4,1.5,45,27,1.66,1.29,2.95,36,True,True,True,True,True,False,False,1.63,1.20,2.57,,,,,4.52,1.77,4.01,2.50,1.57,1.72,2.08,1.62,2.26
USA_Major_League_Soccer_2025,2025,0,Vancouver Whitecaps,Real Salt Lake,2025-05-04 01:30:00,2,1,3,9,5,14,1,3,0,0,7,3,16,8,23,11,15,10,55,45,BC Place Stadium,"777 Pacific Boulevard, False Creek, Vancouver, British Columbia",1,3,1.8,4.05,5.0,1.22,1.7,2.62,1.72,2.19,1.48,1.72,2.55,1.95,1.32,2.45,3.28,1.54,3,1,0,1,1,2,1,5,0,60,0,-1,2,1,6,2,3,3,8,6,0,1,1,2,1,3,1,44,37,95,79,2.25,1.17,3.43,0,1,0,1,0,0,1,1,0,0,1,0,0,0,1,16,17,1,9,14,1,6,5,70,100,70,100,2.0,0.72,2.4,1.2,2.3,1.2,30,0,1.88,1.63,3.51,35,True,True,True,False,False,False,True,,,,1.32,3.28,2.64,1.52,4.80,1.75,3.89,2.19,1.72,1.95,1.86,1.48,2.55
USA_Major_League_Soccer_2025,2025,0,Seattle Sounders,St. Louis City,2025-05-04 02:30:00,4,1,5,8,0,8,3,2,0,0,8,4,21,3,29,7,9,15,57,43,CenturyLink Field,"800 Occidental Avenue South, Seattle, Washington",3,2,1.55,4.33,5.5,1.18,1.77,2.9,1.89,1.97,1.33,1.86,2.75,2.12,1.35,2.62,3.22,1.42,5,1,1,3,0,3,2,18,0,35,0,-1,2,1,4,0,4,0,4,4,3,1,0,1,4,1,1,57,23,131,70,2.8,0.9,3.69,1,1,1,1,0,0,1,1,0,0,1,0,0,0,1,10,15,1,14,8,1,3,18,58,68,38,58,2.17,0.82,2.0,1.0,1.3,1.0,43,33,1.77,0.93,2.7,34,True,True,True,True,True,False,True,1.81,1.25,3.05,1.34,3.39,2.67,1.50,6.33,1.54,4.36,1.95,1.89,,,,
USA_Major_League_Soccer_2025,2025,0,SJ Earthquakes,Portland Timbers,2025-05-04 02:30:00,4,1,5,2,6,8,4,1,0,0,8,5,7,12,15,17,14,9,44,56,,,4,1,2.34,3.4,2.8,1.13,1.47,2.05,1.44,2.8,1.41,1.7,2.83,2.05,1.22,2.16,3.7,1.72,5,3,1,1,0,1,4,15,0,54,0,-1,2,1,2,1,0,5,3,5,2,0,2,1,2,3,1,43,58,100,90,1.82,1.84,3.66,0,0,0,0,0,0,1,1,0,0,0,0,0,0,1,19,16,1,9,14,1,8,6,64,82,35,90,1.24,0.89,1.17,2.0,1.0,1.8,37,19,2.02,1.37,3.39,34,True,True,True,True,True,False,True,1.47,1.13,2.16,,,2.15,1.74,3.02,2.36,3.59,3.08,1.40,2.37,1.55,,
USA_Major_League_Soccer_2025,2025,0,Los Angeles FC,Houston Dynamo,2025-05-04 02:30:00,2,0,2,6,2,8,2,2,0,1,10,0,9,4,19,4,13,16,49,51,Banc of California Stadium,"3939 S Figueroa Street, Los Angeles, California",2,3,1.7,3.72,5.05,1.2,1.82,3.0,1.8,1.91,1.4,1.7,2.65,2.05,1.33,2.62,3.0,1.42,2,1,0,1,0,1,1,6490,0,45,0,-1,2,1,5,1,1,1,6,2,1,2,1,1,3,2,1,56,44,105,99,2.3,0.59,2.89,0,0,0,0,0,0,1,1,1,0,0,0,0,1,1,17,16,1,16,13,1,1,6,33,45,13,35,2.11,1.12,2.0,0.75,1.4,1.0,68,55,1.74,0.89,2.63,34,True,True,False,False,False,False,False,1.85,1.26,3.11,1.36,3.26,2.78,1.47,4.84,1.74,3.94,2.05,1.81,1.99,1.82,1.46,2.59
USA_Major_League_Soccer_2025,2025,0,New York City,FC Cincinnati,2025-05-04 19:00:00,1,0,1,7,6,13,3,2,0,0,5,4,14,11,19,15,11,16,50,50,,,3,2,2.43,3.5,2.8,1.22,1.67,2.55,1.56,2.51,1.36,1.7,2.6,1.98,1.29,2.49,3.14,1.57,1,1,0,0,0,0,1,2,0,68,0,-1,2,1,3,3,4,3,6,7,1,1,2,1,2,3,1,53,39,98,110,1.93,1.52,3.44,0,0,0,0,0,0,1,1,1,0,0,0,0,0,1,27,29,1,15,11,1,7,8,68,78,55,65,1.89,1.94,2.25,1.8,1.4,2.2,33,23,1.81,1.52,3.33,38,True,False,False,False,False,False,False,1.69,1.22,2.70,,,,,2.85,2.42,3.71,2.51,1.56,2.01,1.76,,
USA_Major_League_Soccer_2025,2025,0,Sporting KC,LA Galaxy,2025-05-04 23:00:00,1,0,1,1,12,13,1,2,0,0,0,1,0,10,0,11,7,8,29,71,Children's Mercy Park,"One Sporting Way, Kansas City, Kansas",1,2,2.5,3.4,2.4,1.17,1.53,2.31,1.42,2.63,1.5,1.66,2.5,1.95,1.27,2.3,3.3,1.55,1,1,0,0,0,0,1,8,0,60,0,-1,2,1,0,5,1,7,5,8,1,2,0,0,3,0,1,16,15,96,94,0.14,0.89,1.03,0,0,0,0,0,0,1,1,0,0,0,1,0,0,1,5,4,1,8,7,1,12,6,50,90,60,70,1.0,0.41,0.8,0.4,0.7,0.3,50,10,1.55,1.17,2.72,34,True,False,False,False,False,False,False,1.56,1.17,2.35,,,2.36,1.62,2.55,2.69,3.72,2.79,1.47,2.01,1.78,1.44,2.62
USA_Major_League_Soccer_2025,2025,0,Chicago Fire,Atlanta United FC,2025-05-10 18:30:00,2,1,3,9,1,10,2,3,0,0,8,2,10,11,18,13,10,9,52,48,,,2,3,2.14,3.9,3.03,1.14,1.5,2.2,1.48,2.5,1.49,1.87,2.35,1.78,1.25,2.15,3.5,1.64,3,1,0,1,1,2,1,7,0,43,0,-1,2,1,7,0,2,1,7,3,0,2,2,1,2,3,1,56,34,89,84,2.09,1.21,3.3,1,0,1,0,0,0,1,1,0,0,1,0,0,0,1,21,24,1,8,10,1,8,10,58,80,20,55,1.42,0.47,0.8,0.25,1.18,0.91,43,20,1.48,1.26,2.74,34,True,True,True,False,False,False,True,,,,,,,,,,,,,,,,
USA_Major_League_Soccer_2025,2025,0,Minnesota United,Inter Miami,2025-05-10 20:30:00,4,1,5,2,11,13,1,1,0,0,5,3,3,7,8,10,10,10,27,73,,,1,1,2.46,3.47,2.88,1.22,1.75,2.5,1.57,2.28,1.4,1.65,2.8,2.1,1.3,2.45,3.2,1.5,5,2,0,2,1,3,2,1015,0,45,0,19710,2,1,1,5,1,6,6,7,1,0,0,1,1,1,1,21,81,71,126,1.01,1.43,2.45,0,0,0,0,0,0,1,1,0,0,0,1,0,0,1,10,20,1,10,10,1,7,2,45,55,35,58,1.58,1.68,1.6,2.5,1.73,2.1,55,45,1.61,1.18,2.79,38,True,True,True,True,True,False,True,1.85,1.26,2.97,1.36,3.27,2.76,1.47,3.00,2.44,3.45,2.30,1.65,1.98,1.83,1.47,2.57
USA_Major_League_Soccer_2025,2025,0,Toronto,DC United,2025-05-10 20:30:00,2,0,2,4,5,9,1,0,0,0,8,5,11,10,19,15,13,17,48,52,,,1,0,2.36,3.2,2.85,1.23,1.8,3.2,1.72,2.18,1.57,1.92,2.23,1.93,1.39,2.55,2.96,1.44,2,0,0,2,0,2,0,19,0,50,0,-1,2,1,3,0,1,5,3,6,0,0,1,0,0,1,1,51,35,91,91,2.12,1.55,3.67,0,0,0,0,0,0,1,1,0,0,1,0,0,0,1,11,23,1,17,13,1,5,12,60,70,60,70,0.94,0.76,0.4,0.8,0.64,1.09,40,30,1.16,1.62,2.78,34,True,True,False,False,False,False,False,1.92,1.28,3.22,1.39,3.13,2.89,1.44,2.96,2.44,3.51,2.18,1.72,1.81,2.00,1.57,2.33
USA_Major_League_Soccer_2025,2025,0,Orlando City,New England Revolution,2025-05-10 23:30:00,3,3,6,6,3,9,4,1,0,0,8,6,14,9,22,15,10,15,47,53,,,4,1,1.64,3.95,5.6,1.22,1.73,2.63,1.67,2.1,1.37,1.72,2.66,1.95,1.3,2.5,3.2,1.5,6,2,2,1,1,2,4,-1,0,39,0,-1,2,1,3,2,3,1,5,4,0,0,4,1,0,5,1,6,9,86,84,1.99,1.44,3.43,1,1,1,1,0,0,1,1,0,0,0,0,0,0,1,3,1,1,14,9,1,4,10,49,57,47,65,1.65,1.18,2.0,1.67,1.55,1.6,52,44,1.77,1.35,3.12,34,True,True,True,True,True,True,True,1.73,1.23,2.80,1.34,3.37,2.61,1.53,4.89,1.69,4.12,2.15,1.74,2.10,1.70,,
USA_Major_League_Soccer_2025,2025,0,New York RB,LA Galaxy,2025-05-10 23:30:00,7,0,7,2,6,8,2,5,0,0,11,6,8,10,19,16,7,17,47,53,Red Bull Arena,"Frank Rogers Boulevard South, Harrison, New Jersey",2,5,1.84,3.4,3.75,1.29,1.85,2.8,1.67,2.05,1.68,2.29,2.3,2.0,1.34,2.4,2.9,1.42,7,3,0,4,0,4,3,4,0,59,0,-1,2,1,0,3,2,3,3,5,0,1,2,4,1,6,1,6,3,104,75,2.02,1.46,3.48,0,0,0,0,0,0,1,1,1,0,0,1,0,1,1,4,7,1,17,7,1,6,9,50,75,59,75,1.94,0.41,2.17,0.33,1.36,0.27,50,25,1.36,1.12,2.48,34,True,True,True,True,True,True,False,1.97,1.30,3.33,1.40,3.05,2.97,1.42,4.12,1.92,3.66,2.06,1.81,,,,
USA_Major_League_Soccer_2025,2025,0,New York City,Montreal Impact,2025-05-10 23:30:00,0,1,1,3,11,14,2,2,0,0,2,7,8,12,10,19,14,11,60,40,Yankee Stadium,"One East 161st Street, The Bronx, New York City",2,2,1.83,3.7,3.7,1.25,1.7,3.0,1.62,2.14,1.38,1.69,2.55,2.04,1.33,2.7,3.2,1.4,1,0,0,0,1,1,0,1,0,49,0,-1,2,1,2,6,1,5,8,6,1,1,1,1,2,2,1,19,17,103,81,0.92,1.81,2.74,0,0,0,0,0,0,1,1,0,0,0,1,0,0,1,2,4,1,11,14,1,12,5,49,62,27,55,1.89,0.94,2.4,0.25,1.55,0.27,52,39,1.83,1.09,2.92,34,True,False,False,False,False,False,False,,,,,,,,,,,,,,,,
USA_Major_League_Soccer_2025,2025,0,FC Cincinnati,Austin,2025-05-10 23:30:00,2,1,3,11,1,12,1,1,0,0,7,2,10,9,17,11,9,16,56,44,,,1,1,1.77,3.9,5.1,1.18,1.8,2.75,1.75,2.1,1.48,1.75,2.55,1.97,1.36,2.7,2.88,1.42,3,1,0,1,1,2,1,8043,0,30,0,-1,2,1,3,1,8,0,4,8,1,0,0,1,1,1,1,10,7,113,90,1.65,0.9,2.55,0,1,0,1,0,0,1,1,0,0,0,0,0,0,1,4,4,1,16,8,1,8,6,30,50,10,40,1.8,1.06,2.6,1.2,2.0,1.45,70,50,1.59,1.13,2.72,36,True,True,True,False,False,False,True,1.75,1.24,2.86,,,,,5.05,1.68,4.12,2.15,1.75,2.01,1.77,,
USA_Major_League_Soccer_2025,2025,0,Philadelphia Union,Columbus Crew,2025-05-10 23:30:00,2,2,4,3,5,8,0,2,0,0,6,3,10,7,16,10,13,10,30,70,,,0,2,2.65,3.52,2.48,1.19,1.66,2.62,1.57,2.25,1.5,1.85,2.3,1.83,1.34,2.45,2.95,1.47,4,1,0,1,2,3,1,-1,0,54,0,-1,2,1,2,4,1,1,6,2,0,0,0,2,0,2,1,6,9,71,130,1.48,0.93,2.41,0,0,0,0,0,0,1,1,0,0,0,2,0,0,1,2,6,1,10,13,1,10,9,59,71,42,79,2.16,1.16,2.17,2.5,2.0,2.18,42,29,1.67,1.25,2.92,37,True,True,True,True,False,False,True,1.71,1.21,2.70,1.35,3.35,2.59,1.53,2.54,2.80,3.55,2.50,1.56,1.85,1.96,1.56,2.32
USA_Major_League_Soccer_2025,2025,0,Nashville SC,Charlotte,2025-05-11 00:30:00,2,1,3,12,5,17,3,2,0,0,8,4,4,6,12,10,12,11,45,55,,,3,2,1.82,3.83,4.2,1.22,1.68,2.8,1.57,2.1,1.55,1.85,2.34,1.9,1.33,2.45,3.14,1.49,3,0,0,2,1,3,0,677447,0,45,0,-1,2,1,11,2,1,3,13,4,2,0,1,2,2,3,1,49,46,84,93,1.67,1.25,2.92,0,0,0,0,0,0,1,1,0,0,2,0,0,0,1,15,9,1,11,12,1,4,8,54,72,45,64,2.17,1.11,2.17,0.8,1.55,1.73,47,29,2.08,0.99,3.07,37,True,True,True,False,False,False,True,1.75,1.24,2.86,1.33,3.33,2.62,1.52,4.37,1.83,3.85,2.23,1.69,1.83,1.97,1.55,2.34
USA_Major_League_Soccer_2025,2025,0,Houston Dynamo,Seattle Sounders,2025-05-11 00:30:00,1,3,4,8,5,13,2,4,1,0,4,4,11,10,15,14,12,12,40,60,BBVA Compass Stadium,"2200 Texas Avenue, East End, Houston, Texas",4,4,3.1,3.3,2.35,1.36,2.15,4.2,1.85,1.85,1.39,1.7,2.67,2.03,1.46,3.0,2.55,1.33,4,1,1,0,2,2,2,18,0,50,0,19802,2,1,4,2,4,3,6,7,3,3,0,1,6,1,1,39,45,66,97,1.5,1.49,2.99,0,0,0,0,0,0,1,1,0,0,1,0,1,0,1,12,12,1,12,12,1,7,7,42,75,25,84,1.06,1.11,1.17,0.83,0.91,1.45,58,25,1.36,1.61,2.97,34,True,True,True,True,False,False,True,2.38,1.43,4.46,1.51,2.66,3.43,1.33,2.40,3.31,3.18,1.85,2.01,1.93,1.88,1.50,2.49
USA_Major_League_Soccer_2025,2025,0,St. Louis City,San Diego,2025-05-11 00:30:00,1,2,3,6,1,7,2,2,0,0,5,3,11,12,16,15,8,9,40,60,,,2,2,2.75,3.5,2.2,1.18,1.55,2.5,1.55,2.25,1.65,2.0,2.1,1.74,1.31,2.3,3.2,1.61,3,0,0,1,2,3,0,1398748,0,40,0,-1,2,1,3,0,3,1,3,4,0,1,2,1,1,3,1,45,53,63,112,1.68,1.54,3.22,0,0,0,0,0,0,1,1,0,0,1,0,0,0,1,15,20,1,9,8,1,10,10,50,60,40,70,1.06,2.11,1.0,1.2,0.91,1.55,50,40,1.49,1.46,2.95,34,True,True,True,False,False,False,True,1.58,1.17,2.47,1.33,3.28,2.40,1.61,2.17,3.12,3.94,2.66,1.51,1.74,2.06,1.70,2.11
USA_Major_League_Soccer_2025,2025,0,FC Dallas,Real Salt Lake,2025-05-11 00:30:00,1,1,2,2,3,5,2,5,0,1,2,3,6,4,8,7,18,16,50,50,Toyota Stadium,"6000 Main Street, Frisco, Texas",2,6,2.3,3.5,2.8,1.25,1.7,2.94,1.65,2.1,1.73,1.9,2.0,1.78,1.3,2.6,3.1,1.5,2,0,1,1,0,1,1,-1,0,59,0,-1,2,1,1,2,1,1,3,2,1,4,1,2,5,3,1,34,42,93,96,0.9,0.97,1.87,0,0,0,0,0,0,1,1,0,0,0,2,1,0,1,19,12,1,16,18,1,8,8,67,75,38,75,1.22,0.72,0.75,1.0,1.36,1.09,34,25,0.99,1.55,2.54,35,True,True,False,False,False,False,True,1.79,1.25,2.94,1.36,3.28,2.73,1.48,3.09,2.33,3.56,2.34,1.63,1.84,1.97,1.57,2.32
USA_Major_League_Soccer_2025,2025,0,Colorado Rapids,SJ Earthquakes,2025-05-11 01:30:00,0,2,2,4,2,6,4,1,0,0,4,5,7,6,11,11,15,12,48,52,,,4,1,1.79,4.11,3.9,1.12,1.45,2.1,1.42,2.55,1.45,1.73,2.64,1.93,1.22,2.1,3.9,1.65,2,0,1,0,1,1,1,15,0,80,0,-1,2,1,1,2,3,0,3,3,2,1,2,0,3,2,1,60,40,103,92,1.41,1.34,2.75,0,0,0,0,0,0,1,1,0,0,0,0,0,0,1,26,23,1,12,15,1,7,10,80,100,48,78,1.65,1.18,1.6,0.75,1.45,1.18,20,0,1.74,1.74,3.48,34,True,True,False,False,False,False,False,1.49,1.15,2.21,,,,,3.84,1.91,3.99,2.80,1.46,2.02,1.79,1.43,2.64
USA_Major_League_Soccer_2025,2025,0,Portland Timbers,Sporting KC,2025-05-11 02:30:00,1,0,1,8,0,8,1,2,0,0,3,3,6,8,9,11,13,13,49,51,Providence Park,"1844 SW Morrison Street, Portland, Oregon",1,2,1.62,4.0,5.0,1.13,1.4,2.1,1.55,2.25,1.5,1.77,2.4,2.12,1.26,2.1,3.5,1.62,1,1,0,0,0,0,1,20,0,80,0,-1,2,1,5,0,3,0,5,3,0,0,1,2,0,3,1,44,52,83,126,1.1,1.29,2.39,0,0,0,0,0,0,1,1,1,0,0,0,0,0,1,7,12,1,13,13,1,9,9,70,80,50,60,1.63,0.65,1.6,0.6,1.64,0.91,30,20,1.19,1.19,2.38,34,True,False,False,False,False,False,False,1.45,1.14,2.13,,,,,4.98,1.63,4.50,2.72,1.49,2.07,1.74,,
USA_Major_League_Soccer_2025,2025,0,Vancouver Whitecaps,Los Angeles FC,2025-05-11 23:00:00,2,2,4,7,6,13,2,3,0,0,5,6,6,6,11,12,13,17,59,41,BC Place Stadium,"777 Pacific Boulevard, False Creek, Vancouver, British Columbia",2,3,2.01,3.74,3.46,1.24,1.65,2.6,1.56,2.3,1.38,1.65,2.8,2.1,1.34,2.4,3.39,1.46,4,1,2,1,0,1,3,-1,0,64,0,22437,2,1,4,1,3,5,5,8,0,2,2,1,2,3,1,14,14,92,60,1.16,1.28,2.44,0,1,0,1,0,0,1,1,0,1,2,0,0,0,1,8,6,1,17,12,1,7,6,64,90,64,90,2.0,1.53,2.5,0.8,2.36,1.55,37,10,1.94,1.3,3.24,37,True,True,True,True,False,False,True,1.70,1.21,2.74,1.34,3.39,2.57,1.54,3.53,2.08,3.69,2.51,1.56,2.04,1.76,,
USA_Major_League_Soccer_2025,2025,0,Montreal Impact,Columbus Crew,2025-05-14 23:30:00,1,1,2,0,4,4,1,0,0,0,2,4,2,10,4,14,9,10,41,59,Stade Saputo,"4750, rue Sherbrooke Est, Montreal, Quebec",1,0,2.7,3.4,2.16,1.25,1.75,2.93,1.6,2.25,1.53,1.95,2.3,1.83,1.33,2.65,3.0,1.42,2,1,0,0,1,1,1,-1,0,57,0,-1,2,1,0,0,0,4,0,4,0,0,1,0,0,1,1,1,6,52,137,0.41,1.23,1.64,0,0,0,0,0,0,1,1,0,0,0,0,0,0,1,2,5,1,10,9,1,11,4,47,57,37,74,0.71,1.16,0.33,2.2,0.5,2.08,54,44,1.41,1.19,2.6,34,True,True,False,False,False,False,True,1.80,1.25,2.93,1.34,3.37,2.64,1.52,2.37,3.07,3.50,2.36,1.62,1.83,1.98,1.56,2.31
USA_Major_League_Soccer_2025,2025,0,Philadelphia Union,LA Galaxy,2025-05-14 23:30:00,3,2,5,12,2,14,1,2,0,0,9,2,13,1,22,3,9,11,57,43,,,1,2,1.67,3.95,4.78,1.26,1.7,2.96,1.76,2.0,1.5,1.8,2.4,2.08,1.32,2.7,3.2,1.5,5,0,2,3,0,3,2,16,0,43,0,-1,2,1,3,2,8,0,5,8,1,0,0,2,1,2,1,10,8,112,88,2.1,0.41,2.51,0,0,0,0,0,0,1,1,0,0,0,1,1,0,1,4,4,1,11,9,1,4,9,57,71,43,79,2.16,0.41,2.0,0.29,1.92,0.25,43,29,1.64,1.17,2.81,34,True,True,True,True,True,False,True,1.82,1.26,2.98,1.35,3.35,2.70,1.49,4.76,1.75,3.94,2.12,1.76,2.09,1.72,,
USA_Major_League_Soccer_2025,2025,0,DC United,New York City,2025-05-14 23:30:00,0,0,0,4,9,13,3,1,0,0,2,5,3,10,5,15,12,12,42,58,Audi Field,"32-60 R Street South West, Buzzard Point, Washington, District of Columbia",3,1,2.2,3.65,2.93,1.22,1.64,2.75,1.57,2.38,1.5,1.92,2.33,2.11,1.3,2.35,3.2,1.49,0,0,0,0,0,0,0,-1,0,50,0,-1,2,1,3,2,1,7,5,8,2,0,1,1,2,2,1,12,6,62,118,0.55,1.36,1.91,0,0,0,0,0,0,1,1,0,0,2,0,0,0,1,1,9,1,12,12,1,14,3,50,59,42,59,0.76,1.52,1.33,0.83,1.0,1.42,50,42,1.25,1.07,2.32,34,False,False,False,False,False,False,False,1.72,1.22,2.75,,,2.61,1.53,3.02,2.34,3.64,2.43,1.60,2.11,1.70,,
USA_Major_League_Soccer_2025,2025,0,Orlando City,Charlotte,2025-05-14 23:30:00,3,1,4,1,2,3,2,1,0,0,5,1,6,7,11,8,7,7,50,50,,,2,1,1.72,4.23,4.56,1.17,1.66,2.62,1.62,2.2,1.45,1.8,2.35,1.86,1.32,2.48,3.37,1.42,4,2,1,1,0,1,3,17,0,59,0,-1,2,1,0,0,1,2,0,3,0,1,2,0,1,2,1,10,14,82,109,1.13,0.7,1.82,0,0,0,0,0,0,1,1,1,0,0,0,0,0,1,0,1,1,7,7,1,7,6,67,75,50,67,1.65,1.11,1.83,0.67,1.5,1.58,34,25,1.81,1.03,2.84,35,True,True,True,True,False,False,True,1.71,1.22,2.77,1.34,3.37,2.54,1.55,4.64,1.76,3.95,2.24,1.69,2.01,1.80,1.45,2.58
USA_Major_League_Soccer_2025,2025,0,Toronto,FC Cincinnati,2025-05-14 23:30:00,0,1,1,2,3,5,1,3,0,0,3,7,5,7,8,14,10,12,49,51,,,1,3,2.6,3.0,2.63,1.29,1.85,3.65,1.73,2.0,1.53,1.9,2.3,1.8,1.33,2.6,3.0,1.44,1,0,1,0,0,0,1,8043,0,34,0,-1,2,1,2,2,0,1,4,1,1,2,0,1,3,1,-1,0,0,0,0,0.0,0.0,0.0,0,0,0,0,0,0,1,1,0,0,0,0,0,0,1,3,11,1,12,10,1,7,8,34,59,42,58,0.94,1.94,0.83,1.5,0.83,2.08,67,42,1.32,1.52,2.84,34,True,False,False,False,False,False,False,1.97,1.30,3.33,1.39,3.12,2.87,1.44,2.67,2.68,3.51,2.07,1.80,1.84,1.97,1.56,2.34
USA_Major_League_Soccer_2025,2025,0,Houston Dynamo,Minnesota United,2025-05-15 00:30:00,2,0,2,7,5,12,3,1,0,0,6,1,14,6,20,7,9,14,68,32,BBVA Compass Stadium,"2200 Texas Avenue, East End, Houston, Texas",3,1,1.95,3.55,3.55,1.33,2.05,3.7,1.73,1.8,1.44,1.99,2.55,1.73,1.42,2.8,2.62,1.32,2,1,0,1,0,1,1,6,0,52,0,-1,2,1,5,1,2,4,6,6,1,0,2,1,1,3,1,71,36,125,62,2.19,0.77,2.97,0,0,0,0,0,0,1,1,0,0,1,0,0,0,1,27,17,1,14,9,1,7,6,61,68,47,69,1.06,1.58,1.0,1.83,0.83,1.83,40,32,1.38,1.45,2.83,34,True,True,False,False,False,False,False,2.03,1.32,3.49,1.42,2.97,3.04,1.40,3.82,2.07,3.47,2.07,1.80,1.81,2.00,1.55,2.37
USA_Major_League_Soccer_2025,2025,0,Nashville SC,New York RB,2025-05-15 00:30:00,2,1,3,5,6,11,3,3,0,0,7,2,6,5,13,7,11,14,45,55,,,3,3,2.0,3.6,3.85,1.28,1.8,2.88,1.65,2.1,1.58,2.11,2.18,1.74,1.33,2.55,3.0,1.44,3,1,0,1,1,2,1,677447,0,49,0,-1,2,1,4,2,1,4,6,5,0,1,3,2,1,5,1,40,54,78,102,1.6,0.98,2.58,0,0,0,0,0,0,1,1,0,0,0,0,0,0,1,30,22,1,14,11,1,7,6,56,63,42,49,2.17,0.59,2.29,0.4,1.67,1.5,45,37,2.02,1.06,3.08,34,True,True,True,False,False,False,True,1.85,1.26,3.08,1.38,3.17,2.76,1.47,3.87,1.98,3.69,2.17,1.74,1.66,2.16,1.68,2.12
USA_Major_League_Soccer_2025,2025,0,St. Louis City,Sporting KC,2025-05-15 00:45:00,2,2,4,5,5,10,1,3,0,0,7,5,10,13,17,18,17,12,45,55,,,1,3,1.97,3.75,3.56,1.22,1.7,2.6,1.68,2.05,1.5,2.08,2.5,1.88,1.27,2.56,3.0,1.44,4,2,0,0,2,2,2,-1,0,50,0,22423,2,1,2,5,3,0,7,3,0,2,1,1,2,2,1,54,57,50,68,1.94,1.89,3.82,0,0,0,0,0,0,1,1,0,0,1,2,0,0,1,11,9,1,12,17,1,11,9,50,50,25,59,1.06,0.65,0.83,0.5,0.83,0.83,50,50,1.52,1.21,2.73,34,True,True,True,True,False,False,True,1.71,1.22,2.73,,,2.56,1.54,3.69,2.01,3.77,2.36,1.62,1.95,1.86,1.50,2.50
USA_Major_League_Soccer_2025,2025,0,Austin,Atlanta United FC,2025-05-15 01:00:00,1,1,2,9,5,14,0,1,0,0,5,5,13,3,18,8,10,10,51,49,,,0,1,1.92,3.75,3.77,1.3,1.93,2.7,1.75,2.25,1.44,1.7,2.55,2.0,1.37,2.8,2.8,1.38,2,0,0,1,1,2,0,-1,0,29,0,-1,2,1,5,1,4,4,6,8,0,0,0,1,0,1,1,48,23,105,61,1.83,1.03,2.86,0,0,0,0,0,0,1,1,0,0,2,0,0,0,1,17,26,1,10,10,1,5,16,57,67,17,55,1.56,0.47,1.67,0.2,1.33,0.83,44,34,1.48,1.25,2.73,34,True,True,False,False,False,False,True,1.85,1.26,3.06,1.37,3.21,2.82,1.46,3.63,2.06,3.67,2.20,1.71,2.09,1.70,,
USA_Major_League_Soccer_2025,2025,0,Real Salt Lake,Portland Timbers,2025-05-15 01:30:00,0,0,0,4,0,4,3,1,0,0,2,4,6,8,8,12,13,11,50,50,Rio Tinto Stadium,"9256 South State Street, Sandy, Utah",3,1,2.15,3.6,3.0,1.14,1.53,2.25,1.46,2.74,1.5,1.77,2.46,1.93,1.25,2.25,3.5,1.5,0,0,0,0,0,0,0,-1,0,35,0,-1,2,1,3,0,1,0,3,1,1,0,2,1,1,3,1,53,34,94,89,1.04,1.29,2.32,0,0,0,0,0,0,1,1,0,0,0,0,0,0,1,21,19,1,11,13,1,12,5,44,72,37,92,1.65,0.89,1.2,1.67,1.08,1.75,57,29,1.39,1.45,2.84,35,False,False,False,False,False,False,False,1.57,1.16,2.36,,,2.33,1.64,3.44,2.13,3.65,2.74,1.48,1.91,1.91,1.50,2.46
USA_Major_League_Soccer_2025,2025,0,San Diego,Colorado Rapids,2025-05-15 02:30:00,2,0,2,10,3,13,3,4,0,0,9,5,19,3,28,8,11,13,62,38,,,3,4,1.54,4.3,4.35,1.21,1.63,2.38,1.65,2.3,1.72,2.15,1.98,1.61,1.3,2.35,3.2,1.5,2,1,0,1,0,1,1,1398748,0,50,0,-1,2,1,5,1,5,2,6,7,1,1,2,3,2,5,1,50,33,68,56,2.74,1.09,3.83,0,0,0,0,0,0,1,1,0,0,1,0,1,0,1,14,25,1,13,10,1,6,10,59,75,59,83,1.67,0.76,1.83,1.33,1.67,1.33,42,25,1.66,0.89,2.55,34,True,True,False,False,False,False,False,1.56,1.17,2.38,,,2.30,1.66,5.46,1.57,4.60,2.30,1.65,1.63,2.22,1.71,2.10
USA_Major_League_Soccer_2025,2025,0,Los Angeles FC,Seattle Sounders,2025-05-15 02:30:00,4,0,4,5,3,8,2,3,0,0,7,3,8,5,15,8,17,12,61,39,Banc of California Stadium,"3939 S Figueroa Street, Los Angeles, California",2,3,2.12,3.4,3.55,1.22,1.95,3.2,1.8,1.9,1.39,1.75,2.59,1.98,1.35,2.75,2.9,1.49,4,1,0,3,0,3,1,6490,0,38,0,-1,2,1,2,3,3,0,5,3,2,1,0,2,3,2,1,50,25,100,77,1.8,0.9,2.7,0,0,0,0,0,0,1,1,0,0,0,0,0,0,1,10,12,1,12,17,1,5,7,31,61,15,67,2.11,1.11,2.17,1.14,1.5,1.58,69,40,1.83,1.6,3.43,37,True,True,True,True,False,False,False,1.98,1.30,3.37,,,,,5.00,1.76,3.71,2.05,1.82,1.86,1.95,1.52,2.43
USA_Major_League_Soccer_2025,2025,0,SJ Earthquakes,Inter Miami,2025-05-15 02:30:00,3,3,6,7,2,9,3,1,0,0,5,5,8,5,13,10,13,8,40,60,,,3,1,2.7,3.5,2.5,1.21,1.44,2.55,1.41,3.0,1.45,1.75,2.84,1.95,1.3,2.02,3.2,1.72,6,3,2,0,1,1,5,-1,0,66,0,-1,2,1,2,2,5,0,4,5,1,0,2,1,1,3,1,51,50,91,112,1.54,1.35,2.89,0,0,0,0,0,0,1,1,1,1,0,2,0,0,1,17,22,1,8,13,1,6,10,66,73,59,90,1.24,1.68,1.43,2.0,1.33,1.91,35,27,1.99,1.23,3.22,34,True,True,True,True,True,True,True,1.47,1.13,2.14,,,2.20,1.71,2.63,2.56,3.81,3.02,1.41,2.01,1.81,1.45,2.61
USA_Major_League_Soccer_2025,2025,0,Montreal Impact,Toronto,2025-05-17 18:30:00,1,6,7,5,3,8,3,1,1,0,5,8,6,11,11,19,12,15,43,57,Stade Saputo,"4750, rue Sherbrooke Est, Montreal, Quebec",5,1,1.77,3.5,4.25,1.29,1.95,3.16,1.78,1.93,1.58,2.29,2.25,1.76,1.35,2.78,2.9,1.46,7,0,3,1,3,4,3,19,0,59,0,-1,2,1,3,0,2,3,3,5,2,1,2,0,3,2,1,43,38,88,89,1.36,2.03,3.39,0,0,0,0,0,0,1,1,0,0,0,0,0,1,1,25,15,1,15,12,1,7,2,38,67,38,79,0.71,0.94,0.5,0.83,0.54,0.77,63,34,1.16,0.93,2.09,34,True,True,True,True,True,True,True,1.90,1.29,3.23,1.37,3.22,2.82,1.46,4.30,1.85,3.81,2.02,1.84,1.81,2.01,1.58,2.31
USA_Major_League_Soccer_2025,2025,0,New York City,New York RB,2025-05-17 20:30:00,2,0,2,4,6,10,1,3,0,0,3,1,10,9,13,10,12,16,36,64,,,1,3,2.1,3.6,3.36,1.23,1.83,3.08,1.63,2.25,1.48,1.75,2.57,1.91,1.38,2.62,3.08,1.48,2,1,0,1,0,1,1,2,0,50,0,-1,2,1,4,4,0,2,8,2,1,1,0,2,2,2,1,33,65,72,108,1.27,1.18,2.45,0,0,0,0,0,0,1,1,0,0,0,1,0,0,1,24,35,1,16,12,1,7,6,50,50,33,50,1.89,0.59,2.0,0.33,1.38,1.38,50,50,1.68,1.05,2.73,34,True,True,False,False,False,False,False,1.84,1.26,3.08,,,,,3.36,2.16,3.65,2.24,1.69,2.09,1.72,1.46,2.57
USA_Major_League_Soccer_2025,2025,0,Columbus Crew,FC Cincinnati,2025-05-17 23:15:00,1,1,2,8,8,16,0,1,0,0,6,3,10,7,16,10,9,13,68,32,,,0,1,1.75,3.83,3.6,1.15,1.7,2.65,1.62,2.2,1.55,1.88,2.23,1.81,1.27,2.4,3.4,1.58,2,0,1,1,0,1,1,-1,0,50,0,-1,2,1,2,7,6,1,9,7,0,1,0,0,1,0,1,17,17,81,28,1.56,0.96,2.51,1,0,1,0,0,0,1,1,0,1,0,2,0,0,1,7,0,1,12,9,1,4,8,50,57,50,79,1.94,1.94,2.0,1.71,2.0,2.15,50,43,1.67,1.52,3.19,37,True,True,False,False,False,False,True,1.74,1.22,2.81,1.35,3.19,2.61,1.53,3.83,1.97,3.76,2.29,1.66,1.75,2.06,1.62,2.25
USA_Major_League_Soccer_2025,2025,0,Charlotte,Chicago Fire,2025-05-17 23:30:00,1,4,5,8,6,14,2,2,0,0,4,10,8,13,12,23,12,12,53,47,,,2,2,2.02,3.7,3.35,1.14,1.5,2.4,1.44,2.5,1.55,1.91,2.3,1.85,1.24,2.25,3.5,1.6,5,0,1,1,3,4,1,7,0,67,0,-1,2,1,3,2,5,4,5,9,0,2,2,0,2,2,1,6,9,84,52,1.09,2.2,3.3,0,1,0,1,0,0,1,1,0,0,0,0,0,1,1,4,2,1,12,11,1,10,7,75,92,58,67,2.11,1.67,2.5,1.5,1.46,1.33,25,9,1.54,1.37,2.91,37,True,True,True,True,True,False,True,1.58,1.17,2.42,,,,,3.74,1.97,3.85,2.62,1.52,1.85,1.96,1.55,2.35
USA_Major_League_Soccer_2025,2025,0,Atlanta United FC,Philadelphia Union,2025-05-17 23:30:00,0,1,1,4,6,10,2,3,0,0,3,6,7,8,10,14,9,10,65,35,Mercedes-Benz Stadium,"1 AMB Drive North West, Atlanta, Georgia",2,3,2.21,3.75,3.35,1.15,1.58,2.5,1.53,2.38,1.35,1.65,2.74,2.1,1.3,2.32,3.3,1.55,1,0,0,0,1,1,0,16,0,66,0,-1,2,1,3,3,1,3,6,4,0,1,2,2,1,4,1,15,7,101,67,0.97,1.36,2.32,0,1,0,1,0,0,1,1,0,0,1,1,0,0,1,4,2,1,10,8,1,9,11,52,76,35,73,1.18,1.61,1.29,1.8,0.85,2.0,49,25,1.42,1.56,2.98,34,True,False,False,False,False,False,False,1.66,1.20,2.60,,,2.50,1.56,3.54,2.06,3.77,2.49,1.57,2.14,1.68,,
USA_Major_League_Soccer_2025,2025,0,New England Revolution,SJ Earthquakes,2025-05-17 23:30:00,0,0,0,5,3,8,2,3,0,0,1,1,7,11,8,12,15,16,54,46,Gillette Stadium,"1388 One Patriot Place, Foxborough, Massachusetts",2,3,1.57,4.05,3.65,1.13,1.44,2.29,1.47,2.5,1.33,1.61,2.63,1.95,1.22,2.31,3.7,1.66,0,0,0,0,0,0,0,-1,0,53,0,-1,2,1,4,1,1,2,5,3,1,1,1,2,2,3,1,8,9,54,40,0.64,0.89,1.53,0,0,0,0,0,0,1,1,0,0,0,0,0,0,1,8,1,1,16,15,1,13,7,53,88,43,65,0.94,1.18,1.5,1.2,1.55,1.31,48,13,1.1,1.66,2.76,34,False,False,False,False,False,False,False,1.47,1.14,2.19,,,2.22,1.70,5.35,1.58,4.62,2.54,1.55,2.16,1.68,1.45,2.63
USA_Major_League_Soccer_2025,2025,0,Nashville SC,DC United,2025-05-18 00:30:00,0,0,0,5,1,6,2,2,0,0,5,1,3,2,8,3,12,16,59,41,,,2,2,1.5,4.33,5.75,1.17,1.67,2.6,1.67,1.99,1.61,1.88,2.25,1.8,1.28,2.53,3.3,1.55,0,0,0,0,0,0,0,-1,0,65,0,-1,2,1,0,0,5,1,0,6,1,1,1,1,2,2,1,54,13,71,25,1.25,0.35,1.6,0,0,0,0,0,0,1,1,0,0,0,0,0,0,1,24,15,1,16,12,1,4,4,79,94,53,73,2.17,0.76,2.38,0.67,1.77,1.0,21,7,1.97,1.6,3.57,34,False,False,False,False,False,False,False,1.72,1.22,2.75,,,2.62,1.52,5.65,1.61,4.21,2.11,1.78,1.74,2.07,1.61,2.26
USA_Major_League_Soccer_2025,2025,0,Minnesota United,St. Louis City,2025-05-18 00:30:00,3,0,3,6,5,11,1,1,0,0,6,3,14,7,20,10,7,13,47,53,,,1,1,1.57,4.25,5.4,1.2,1.62,2.5,1.68,2.2,1.45,1.7,2.55,2.05,1.34,2.32,3.34,1.57,3,1,0,2,0,2,1,1015,0,42,0,-1,2,1,5,3,1,2,8,3,1,1,0,0,2,0,1,50,54,70,78,2.03,1.23,3.26,0,0,0,0,0,0,1,1,0,0,1,0,1,0,1,16,16,1,13,7,1,7,7,50,67,25,50,1.58,0.82,1.83,0.83,1.69,0.85,50,33,1.51,0.93,2.44,34,True,True,True,False,False,False,False,1.68,1.22,2.67,1.34,3.34,2.52,1.56,5.71,1.58,4.38,2.20,1.71,2.09,1.72,,
USA_Major_League_Soccer_2025,2025,0,Austin,Vancouver Whitecaps,2025-05-18 00:30:00,0,0,0,10,2,12,2,1,0,0,4,2,11,3,15,5,16,12,44,56,,,2,1,2.92,3.45,2.33,1.25,1.81,3.4,1.64,2.05,1.38,1.65,2.7,2.0,1.36,2.69,3.0,1.49,0,0,0,0,0,0,0,-1,0,35,0,-1,2,1,7,1,3,1,8,4,1,1,1,0,2,1,1,54,31,55,53,1.6,0.68,2.29,0,0,0,0,0,0,1,1,0,0,3,1,0,0,1,18,23,1,12,16,1,7,9,35,42,25,32,1.56,1.65,1.57,2.2,1.31,2.25,66,59,1.53,1.67,3.2,36,False,False,False,False,False,False,False,1.99,1.30,3.45,1.39,3.11,2.91,1.43,2.39,3.05,3.49,2.14,1.75,2.03,1.76,,
USA_Major_League_Soccer_2025,2025,0,FC Dallas,Houston Dynamo,2025-05-18 01:25:00,0,2,2,7,6,13,3,2,0,0,3,4,8,5,11,9,14,18,47,53,Toyota Stadium,"6000 Main Street, Frisco, Texas",3,2,2.3,3.3,3.3,1.28,1.98,3.6,1.77,2.06,1.59,2.34,2.16,1.71,1.37,3.08,2.8,1.38,2,0,0,0,2,2,0,6,0,50,0,-1,2,1,4,5,3,1,9,4,0,1,3,1,1,4,1,48,34,51,49,1.24,1.09,2.33,0,0,0,0,0,0,1,1,0,0,0,0,0,0,1,16,16,1,18,14,1,5,7,30,60,20,60,1.22,1.12,0.8,0.6,1.33,1.0,70,40,0.97,0.83,1.8,34,True,True,False,False,False,False,False,2.10,1.34,3.63,1.43,2.93,3.11,1.39,3.43,2.32,3.22,2.06,1.81,1.74,2.06,1.62,2.25
USA_Major_League_Soccer_2025,2025,0,Portland Timbers,Seattle Sounders,2025-05-18 01:30:00,1,1,2,3,8,11,2,1,0,0,1,6,3,7,4,13,19,9,47,53,Providence Park,"1844 SW Morrison Street, Portland, Oregon",2,1,2.7,3.6,2.55,1.18,1.67,2.88,1.6,2.25,1.5,1.85,2.35,1.86,1.35,2.4,3.2,1.45,2,1,1,0,0,0,2,-1,0,53,0,-1,2,1,1,7,2,1,8,3,2,0,0,1,2,1,1,46,52,80,70,0.66,1.61,2.28,0,0,0,0,0,0,1,1,0,0,0,1,0,0,1,15,7,1,9,19,1,6,6,44,71,38,84,1.63,1.11,1.83,1.0,1.69,1.46,57,29,1.18,1.51,2.69,37,True,True,False,False,False,False,True,1.75,1.23,2.83,1.35,3.36,2.65,1.51,2.52,2.77,3.63,2.41,1.60,1.86,1.95,1.52,2.42
USA_Major_League_Soccer_2025,2025,0,Colorado Rapids,Real Salt Lake,2025-05-18 01:30:00,1,0,1,3,3,6,3,1,0,0,3,3,3,9,6,12,9,11,41,59,,,3,1,2.21,3.2,2.9,1.19,1.75,2.98,1.57,2.25,1.47,2.16,2.38,1.85,1.32,2.54,3.1,1.48,1,0,0,1,0,1,0,12,0,61,0,-1,2,1,3,0,0,3,3,3,1,1,2,0,2,2,1,38,55,86,107,0.87,1.37,2.24,0,0,0,0,0,0,1,1,0,0,0,0,0,0,1,13,25,1,11,9,1,8,6,61,100,30,92,1.65,0.72,1.33,1.0,1.23,1.08,40,0,1.69,1.47,3.16,34,True,False,False,False,False,False,False,1.82,1.25,2.98,1.36,3.27,2.76,1.47,3.01,2.40,3.51,2.33,1.64,1.88,1.92,1.53,2.38
USA_Major_League_Soccer_2025,2025,0,San Diego,Sporting KC,2025-05-18 02:30:00,0,0,0,8,1,9,2,3,0,0,5,1,5,1,10,2,14,20,65,35,,,2,3,1.35,4.5,6.2,1.14,1.45,2.23,1.57,2.3,1.5,1.88,2.35,1.83,1.22,2.25,3.7,1.65,0,0,0,0,0,0,0,-1,0,57,0,-1,2,1,2,1,6,0,3,6,2,1,0,2,3,2,1,52,16,71,48,1.36,0.32,1.68,0,0,0,0,0,0,1,1,0,0,0,0,0,1,1,15,12,1,20,14,1,1,9,64,79,50,79,1.67,0.65,2.0,0.57,1.77,0.85,36,22,1.81,1.31,3.12,34,False,False,False,False,False,False,False,1.48,1.14,2.22,,,2.21,1.70,6.20,1.48,4.91,2.36,1.63,1.85,1.95,1.54,2.39
USA_Major_League_Soccer_2025,2025,0,Inter Miami,Orlando City,2025-05-18 23:00:00,0,3,3,9,3,12,4,0,0,0,4,8,17,8,21,16,16,10,64,36,,,4,0,1.76,4.1,4.0,1.17,1.53,2.32,1.45,2.55,1.5,1.8,2.55,1.9,1.24,2.15,3.7,1.75,3,0,1,0,2,2,1,17,0,67,0,-1,2,1,5,2,4,1,7,5,1,0,3,0,1,3,1,27,13,80,64,1.8,1.66,3.46,0,0,0,0,0,0,1,1,0,0,1,0,0,0,1,1,9,1,10,16,1,5,11,59,67,42,58,2.29,1.39,1.83,1.17,1.83,1.62,42,34,1.38,1.41,2.79,35,True,True,True,False,False,False,False,1.56,1.17,2.37,,,2.24,1.69,4.24,1.82,4.01,2.57,1.54,1.79,2.02,1.57,2.31
USA_Major_League_Soccer_2025,2025,0,LA Galaxy,Los Angeles FC,2025-05-19 01:00:00,2,2,4,1,1,2,2,3,0,0,4,4,6,9,10,13,16,13,47,53,,,2,3,3.48,3.7,1.91,1.2,1.71,2.6,1.52,2.38,1.43,2.13,2.5,1.91,1.27,2.35,3.28,1.58,4,1,1,1,1,2,2,-1,0,64,0,-1,2,1,0,1,1,0,1,1,1,1,1,2,2,3,1,35,40,77,99,1.17,1.4,2.56,0,0,0,0,0,0,1,1,1,0,0,0,0,0,1,11,13,1,13,16,1,8,5,64,92,34,82,1.35,1.53,0.2,0.83,0.23,1.62,37,9,1.44,1.29,2.73,34,True,True,True,True,False,False,True,1.74,1.22,2.81,1.34,3.37,2.51,1.56,2.04,3.66,3.70,2.38,1.62,,,,
USA_Major_League_Soccer_2025,2025,0,Seattle Sounders,FC Dallas,2025-05-24 19:00:00,1,0,1,4,5,9,1,5,0,0,4,5,9,11,13,16,8,14,62,38,CenturyLink Field,"800 Occidental Avenue South, Seattle, Washington",1,5,1.36,4.75,7.8,1.22,1.84,2.95,2.07,1.7,1.5,1.75,2.65,1.82,1.31,2.55,3.0,1.45,1,0,0,1,0,1,0,18,0,59,0,-1,2,1,2,1,2,4,3,6,0,2,1,3,2,4,1,82,26,122,73,1.7,1.55,3.24,1,0,1,0,0,0,1,1,0,0,2,0,0,1,1,15,13,1,13,8,1,5,9,69,76,62,83,2.17,1.28,2.2,1.71,1.43,1.23,32,25,1.98,1.26,3.24,36,True,False,False,False,False,False,False,1.84,1.27,3.07,1.35,3.30,2.73,1.48,7.64,1.42,4.87,1.78,2.10,1.84,1.97,1.53,2.40
USA_Major_League_Soccer_2025,2025,0,San Diego,LA Galaxy,2025-05-24 20:45:00,2,1,3,6,5,11,1,4,0,0,3,1,11,7,14,8,11,15,60,40,,,1,4,1.6,4.15,4.25,1.17,1.58,2.47,1.57,2.25,1.57,2.33,2.23,1.76,1.28,2.25,3.4,1.57,3,1,1,1,0,1,2,1398748,0,44,0,-1,2,1,0,3,6,2,3,8,1,2,0,2,3,2,1,72,32,103,56,1.61,0.81,2.42,0,0,0,0,0,0,1,1,0,0,0,0,0,0,1,25,13,1,15,11,1,6,10,50,75,57,75,1.67,0.41,1.88,0.25,1.71,0.29,50,25,1.75,1.07,2.82,34,True,True,True,False,False,False,True,1.58,1.18,2.47,,,2.40,1.61,4.38,1.77,4.12,2.41,1.60,,,,
USA_Major_League_Soccer_2025,2025,0,DC United,New York RB,2025-05-24 23:30:00,0,2,2,4,1,5,2,4,0,0,6,6,1,5,7,11,12,11,48,52,Audi Field,"32-60 R Street South West, Buzzard Point, Washington, District of Columbia",2,4,3.0,3.2,2.55,1.32,2.1,3.9,1.8,1.91,1.61,2.08,2.12,1.7,1.42,2.9,2.7,1.35,2,0,1,0,1,1,1,4,0,50,0,-1,2,1,1,0,3,1,1,4,1,1,1,3,2,4,1,5,5,30,48,0.9,1.15,2.05,0,0,0,0,0,0,1,1,0,0,0,0,0,0,1,3,3,1,11,12,1,11,4,50,57,36,57,0.76,0.59,1.29,0.29,1.0,1.29,50,43,1.15,1.07,2.22,34,True,True,False,False,False,False,False,2.17,1.37,3.82,1.45,2.82,3.24,1.37,2.52,3.04,3.25,1.99,1.87,1.67,2.17,1.69,2.13
USA_Major_League_Soccer_2025,2025,0,Charlotte,Columbus Crew,2025-05-24 23:30:00,3,2,5,7,3,10,2,0,0,0,10,7,6,5,16,12,6,5,34,66,,,2,0,2.9,3.75,2.2,1.13,1.45,2.17,1.41,2.7,1.73,2.05,2.16,1.77,1.25,2.1,3.6,1.7,5,2,1,1,1,2,3,711351,0,63,0,-1,2,1,2,0,5,3,2,8,1,0,1,0,1,1,1,7,3,67,119,1.76,1.29,3.05,0,0,0,0,0,0,1,1,0,0,1,0,0,0,1,4,4,1,5,6,1,4,5,54,85,31,70,2.11,1.16,2.14,2.0,1.36,1.93,47,16,1.48,1.2,2.68,37,True,True,True,True,True,False,True,1.46,1.13,2.17,1.34,3.23,2.18,1.72,2.12,3.23,3.95,3.03,1.41,1.72,2.09,1.67,2.17
USA_Major_League_Soccer_2025,2025,0,Philadelphia Union,Inter Miami,2025-05-24 23:30:00,3,3,6,8,6,14,4,3,0,0,8,5,10,6,18,11,12,10,34,66,,,4,3,2.25,3.76,2.63,1.13,1.4,2.18,1.35,2.9,1.55,1.72,2.36,1.98,1.22,2.1,3.7,1.65,6,2,0,1,3,4,2,-1,0,59,0,-1,2,1,6,3,2,3,9,5,1,1,3,2,2,5,1,5,6,73,112,1.73,1.11,2.84,0,0,0,0,0,0,1,1,1,0,3,0,0,0,1,3,2,1,10,12,1,8,9,71,71,53,86,2.16,1.68,2.13,1.83,2.07,1.69,29,29,1.7,1.25,2.95,37,True,True,True,True,True,True,True,1.48,1.14,2.18,,,2.15,1.75,2.61,2.55,3.89,2.94,1.43,,,,
USA_Major_League_Soccer_2025,2025,0,Toronto,Nashville SC,2025-05-24 23:30:00,1,2,3,3,6,9,2,0,0,0,3,6,6,11,9,17,7,9,50,50,,,2,0,2.79,3.35,2.34,1.3,1.87,3.43,1.73,2.0,1.57,2.0,2.15,1.67,1.37,2.65,2.85,1.41,3,0,0,1,2,3,0,677447,0,37,0,-1,2,1,2,2,1,4,4,5,0,0,2,0,0,2,1,5,13,72,99,0.82,1.59,2.42,0,0,0,0,0,0,1,1,0,0,0,1,0,0,1,6,7,1,9,7,1,14,9,37,72,45,72,0.94,0.95,0.71,0.8,0.93,1.71,63,29,1.32,1.38,2.7,34,True,True,True,False,False,False,True,2.00,1.32,3.43,1.39,3.11,2.87,1.44,2.34,3.15,3.47,2.04,1.82,1.68,2.15,1.71,2.11
USA_Major_League_Soccer_2025,2025,0,Orlando City,Portland Timbers,2025-05-24 23:30:00,1,0,1,1,4,5,2,2,0,0,4,1,10,6,14,7,14,8,40,60,,,2,2,1.62,4.57,4.8,1.08,1.44,2.05,1.5,2.45,1.49,1.78,2.5,1.77,1.22,2.14,3.7,1.67,1,1,0,0,0,0,1,17,0,57,0,-1,2,1,1,2,0,2,3,2,0,0,2,2,0,4,1,24,4,96,122,1.34,0.57,1.91,0,0,0,0,0,0,1,1,0,0,1,0,0,0,1,2,0,1,8,14,1,9,7,72,79,50,79,1.65,0.89,2.0,1.57,1.71,1.64,29,22,1.71,1.43,3.14,35,True,False,False,False,False,False,False,1.48,1.15,2.20,,,2.14,1.75,5.16,1.60,4.54,2.51,1.56,1.95,1.85,1.49,2.50
USA_Major_League_Soccer_2025,2025,0,Montreal Impact,Los Angeles FC,2025-05-24 23:30:00,2,2,4,5,3,8,2,1,0,0,7,8,6,12,13,20,14,13,39,61,Stade Saputo,"4750, rue Sherbrooke Est, Montreal, Quebec",2,1,3.52,3.44,2.08,1.21,1.7,2.7,1.61,2.15,1.65,1.95,2.2,1.75,1.32,2.4,3.12,1.48,4,2,1,0,1,1,3,-1,0,66,0,-1,2,1,3,1,2,2,4,4,1,0,1,1,1,2,1,5,5,71,125,1.35,1.87,3.22,1,0,1,0,0,0,1,1,1,0,1,0,0,0,1,3,3,1,12,14,1,11,4,56,73,56,83,0.71,1.53,0.4,0.86,0.5,1.57,45,27,1.2,1.31,2.51,34,True,True,True,True,False,False,True,1.79,1.24,2.85,1.36,3.29,2.61,1.52,2.10,3.60,3.58,2.28,1.67,1.68,2.15,1.65,2.19
USA_Major_League_Soccer_2025,2025,0,Minnesota United,Austin,2025-05-25 00:30:00,1,1,2,4,0,4,2,2,0,0,6,3,9,5,15,8,15,12,53,47,,,2,2,1.8,3.5,4.3,1.28,1.86,3.5,1.85,1.85,1.5,1.77,2.54,1.94,1.42,2.96,2.92,1.41,2,1,1,0,0,0,2,-1,0,38,0,-1,2,1,1,0,3,0,1,3,1,0,1,2,1,3,1,50,23,93,69,1.73,0.89,2.62,0,0,0,0,0,0,1,1,0,0,0,0,0,0,1,24,7,1,12,15,1,9,14,45,61,23,62,1.58,1.06,2.0,1.0,1.79,1.29,55,40,1.59,1.09,2.68,36,True,True,False,False,False,False,True,2.04,1.32,3.51,1.39,3.13,2.90,1.43,4.43,1.85,3.71,1.95,1.89,2.02,1.76,,
USA_Major_League_Soccer_2025,2025,0,Sporting KC,New England Revolution,2025-05-25 00:30:00,3,3,6,5,1,6,2,1,0,0,5,7,10,6,15,13,10,11,39,61,Children's Mercy Park,"One Sporting Way, Kansas City, Kansas",2,1,2.28,3.62,3.0,1.18,1.73,2.88,1.62,2.25,1.5,1.84,2.38,1.84,1.3,2.63,3.2,1.51,6,0,2,3,1,4,2,-1,0,40,0,-1,2,1,2,0,3,1,2,4,0,0,2,1,0,3,1,49,34,98,88,1.65,1.56,3.21,1,0,1,0,0,0,1,1,0,0,1,0,0,0,1,15,19,1,10,10,1,7,11,40,63,47,70,1.0,1.18,1.17,1.57,0.86,1.5,61,37,1.31,1.37,2.68,34,True,True,True,True,True,True,True,1.77,1.24,2.88,,,2.56,1.54,3.06,2.33,3.60,2.36,1.63,1.82,1.99,1.54,2.38
USA_Major_League_Soccer_2025,2025,0,Real Salt Lake,Vancouver Whitecaps,2025-05-25 01:30:00,2,3,5,8,6,14,5,2,0,0,4,6,10,8,14,14,16,12,44,56,Rio Tinto Stadium,"9256 South State Street, Sandy, Utah",5,2,2.43,3.58,2.74,1.2,1.77,2.7,1.62,2.25,1.41,2.0,2.65,2.05,1.32,2.5,3.0,1.44,5,2,2,0,1,1,4,5,0,25,0,-1,2,1,2,2,6,4,4,10,1,0,4,2,1,6,1,35,38,80,82,1.42,1.58,3.0,0,1,0,1,0,0,1,1,2,0,0,0,0,0,1,21,10,1,12,15,1,11,9,25,42,25,50,1.65,1.65,1.17,2.0,1.0,2.15,75,59,1.33,1.51,2.84,35,True,True,True,True,True,False,True,1.79,1.25,2.95,1.35,3.35,2.70,1.49,2.83,2.45,3.69,2.29,1.66,2.02,1.78,1.46,2.58
USA_Major_League_Soccer_2025,2025,0,Colorado Rapids,St. Louis City,2025-05-25 01:30:00,1,0,1,3,5,8,1,2,0,0,5,1,6,11,11,12,6,15,47,53,,,1,2,1.91,3.99,3.4,1.18,1.53,2.3,1.5,2.4,1.46,1.8,2.45,1.83,1.28,2.4,3.3,1.61,1,1,0,0,0,0,1,12,0,36,0,-1,2,1,1,2,2,3,3,5,0,0,1,2,0,3,1,45,38,106,101,1.38,1.11,2.49,0,0,0,0,0,0,1,1,0,0,0,0,0,0,1,24,18,1,15,6,1,10,4,50,79,14,64,1.65,0.82,1.57,0.71,1.36,0.79,50,22,1.57,0.97,2.54,34,True,False,False,False,False,False,False,1.59,1.18,2.44,,,2.40,1.61,3.65,1.95,4.01,2.55,1.55,1.90,1.92,1.52,2.40
USA_Major_League_Soccer_2025,2025,0,SJ Earthquakes,Houston Dynamo,2025-05-25 02:30:00,3,3,6,11,7,18,2,2,0,0,8,3,6,7,14,10,14,18,57,43,,,2,2,2.2,3.6,3.35,1.17,1.6,2.5,1.53,2.4,1.38,1.63,2.7,1.98,1.22,2.3,3.4,1.59,6,0,1,3,2,5,1,-1,0,54,0,-1,2,1,6,2,5,5,8,10,0,0,2,2,0,4,1,51,31,123,61,1.82,1.07,2.89,0,0,0,0,0,0,1,1,0,0,2,1,0,0,1,31,7,1,18,14,1,4,8,46,78,40,75,1.24,1.12,1.38,1.0,1.29,1.14,54,23,1.94,0.87,2.81,34,True,True,True,True,True,True,True,1.60,1.18,2.49,,,2.44,1.59,3.11,2.23,3.80,2.68,1.50,2.06,1.72,,
USA_Major_League_Soccer_2025,2025,0,New York City,Chicago Fire,2025-05-25 19:00:00,3,1,4,11,2,13,4,2,0,2,8,3,14,5,22,8,12,19,65,35,Yankee Stadium,"One East 161st Street, The Bronx, New York City",4,5,2.0,3.75,3.3,1.18,1.6,2.5,1.55,2.4,1.44,1.71,2.62,1.97,1.25,2.47,3.5,1.58,4,0,1,3,0,3,1,2,0,72,0,-1,2,1,6,0,5,2,6,7,3,2,1,2,5,3,1,84,53,103,49,2.54,1.09,3.63,1,0,1,0,0,0,1,1,0,0,2,0,0,0,1,12,20,1,18,12,1,6,15,72,79,50,72,1.89,1.67,2.14,1.71,1.5,1.46,29,22,1.62,1.49,3.11,37,True,True,True,True,False,False,True,1.62,1.18,2.52,,,2.45,1.57,3.50,2.08,3.74,2.54,1.55,2.05,1.75,1.44,2.61
USA_Major_League_Soccer_2025,2025,0,Atlanta United FC,FC Cincinnati,2025-05-25 23:00:00,4,2,6,2,11,13,0,3,0,0,7,10,5,19,12,29,8,11,37,63,Mercedes-Benz Stadium,"1 AMB Drive North West, Atlanta, Georgia",0,3,2.5,3.4,2.55,1.18,1.57,2.6,1.53,2.5,1.47,1.67,2.5,2.06,1.27,2.25,3.4,1.6,6,2,0,2,2,4,2,1016,0,57,0,-1,2,1,0,5,2,6,5,8,0,2,0,1,2,1,1,12,23,60,131,1.34,2.7,4.03,0,0,0,0,0,0,1,1,0,0,0,2,0,0,1,3,7,1,11,8,1,14,6,38,63,32,82,1.18,1.94,1.13,1.63,0.79,2.07,63,38,1.36,1.44,2.8,34,True,True,True,True,True,True,True,1.66,1.20,2.62,,,,,2.43,2.88,3.64,2.60,1.53,2.06,1.75,,
USA_Major_League_Soccer_2025,2025,0,Atlanta United FC,Orlando City,2025-05-28 23:30:00,3,2,5,5,6,11,3,2,0,1,5,5,9,6,14,11,12,4,60,40,Mercedes-Benz Stadium,"1 AMB Drive North West, Atlanta, Georgia",3,4,2.85,3.6,2.62,1.19,1.63,2.35,1.45,2.5,1.48,1.75,2.5,1.93,1.29,2.35,3.3,1.58,5,1,2,2,0,2,3,1016,0,55,0,-1,2,1,1,2,4,3,3,7,0,0,3,3,0,6,-1,0,0,0,0,0.0,0.0,0.0,0,0,0,0,0,0,1,1,0,1,1,0,0,0,1,2,0,1,4,12,1,4,11,51,62,24,61,1.18,1.39,1.33,1.43,0.93,1.8,50,38,1.36,1.45,2.81,34,True,True,True,True,True,False,True,1.63,1.19,2.56,,,2.42,1.60,2.38,2.91,3.69,2.58,1.53,2.02,1.76,,
USA_Major_League_Soccer_2025,2025,0,Toronto,Philadelphia Union,2025-05-28 23:30:00,1,2,3,3,9,12,0,2,0,0,4,6,5,8,9,14,13,17,42,58,,,0,2,4.18,3.4,1.75,1.24,1.8,2.9,1.73,2.0,1.46,1.95,2.45,1.83,1.37,2.5,3.0,1.46,3,0,0,1,2,3,0,16,0,38,0,-1,2,1,1,4,2,5,5,7,0,0,0,2,0,2,1,5,10,69,110,0.89,1.39,2.28,0,0,0,0,0,0,1,1,0,0,0,0,0,0,1,4,9,1,17,13,1,9,7,38,59,29,44,0.94,1.61,0.63,2.0,0.87,2.0,63,42,1.25,1.53,2.78,34,True,True,True,False,False,False,True,1.88,1.27,3.14,1.37,3.23,2.79,1.46,1.95,3.92,3.73,2.11,1.77,1.84,1.97,1.56,2.35
USA_Major_League_Soccer_2025,2025,0,FC Cincinnati,FC Dallas,2025-05-28 23:30:00,3,3,6,6,4,10,3,3,0,0,6,5,14,5,20,10,7,15,63,37,,,3,3,1.62,4.3,4.6,1.15,1.57,2.4,1.61,2.2,1.49,1.83,2.4,1.85,1.27,2.42,3.4,1.59,6,2,0,1,3,4,2,-1,0,50,0,-1,2,1,3,2,3,2,5,5,1,2,2,1,3,3,1,13,8,107,78,1.78,1.05,2.83,1,0,1,0,0,0,1,1,0,0,1,0,1,1,1,5,2,1,14,7,1,6,9,50,65,19,54,1.8,1.28,2.67,1.5,1.93,1.14,50,36,1.6,1.29,2.89,36,True,True,True,True,True,True,True,1.58,1.18,2.46,,,2.42,1.60,5.41,1.60,4.37,2.36,1.62,1.93,1.88,1.49,2.47
USA_Major_League_Soccer_2025,2025,0,New York RB,Charlotte,2025-05-28 23:30:00,4,2,6,5,2,7,2,4,0,0,5,6,6,6,11,12,15,10,41,59,Red Bull Arena,"Frank Rogers Boulevard South, Harrison, New Jersey",2,4,1.84,3.5,3.2,1.24,1.75,2.8,1.68,2.15,1.58,2.0,2.15,1.7,1.33,2.55,3.0,1.46,6,2,1,2,1,3,3,4,0,57,0,-1,2,1,5,0,0,2,5,2,0,1,2,3,1,5,1,12,4,93,107,1.14,1.22,2.37,2,0,2,0,0,0,1,1,0,0,2,0,0,0,1,3,6,1,8,15,1,9,3,64,79,57,72,1.94,1.11,2.29,0.57,1.4,1.47,36,22,1.45,0.99,2.44,34,True,True,True,True,True,True,True,1.80,1.24,2.96,1.36,3.26,2.74,1.48,3.20,2.27,3.57,2.30,1.66,1.70,2.09,1.64,2.20
USA_Major_League_Soccer_2025,2025,0,Inter Miami,Montreal Impact,2025-05-28 23:30:00,4,2,6,0,2,2,3,1,0,0,4,6,10,5,14,11,20,10,53,47,,,3,1,1.4,4.8,6.0,1.12,1.34,1.97,1.55,2.58,1.48,1.85,2.45,1.85,1.24,2.04,4.0,1.75,6,1,0,3,2,5,1,677446,0,52,0,-1,2,1,0,1,0,1,1,1,1,0,2,1,1,3,1,5,2,65,44,1.2,1.13,2.33,0,0,0,0,0,0,1,1,0,0,0,0,0,0,1,1,2,1,10,20,1,7,7,52,71,34,65,2.29,0.94,1.57,0.56,1.64,0.53,48,29,1.44,1.17,2.61,34,True,True,True,True,True,True,True,1.37,1.12,1.96,,,2.00,1.88,6.40,1.44,5.38,2.58,1.53,1.92,1.89,1.51,2.46
USA_Major_League_Soccer_2025,2025,0,New York City,Houston Dynamo,2025-05-28 23:30:00,0,3,3,8,3,11,3,2,0,0,1,4,10,8,11,12,10,10,64,36,Yankee Stadium,"One East 161st Street, The Bronx, New York City",3,2,1.72,3.8,4.7,1.25,1.78,3.2,1.83,1.91,1.28,1.52,2.95,2.25,1.36,2.91,3.0,1.42,3,0,1,0,2,2,1,6,0,47,0,-1,2,1,4,3,4,0,7,4,0,1,3,1,1,4,1,12,3,129,65,0.87,1.06,1.94,0,1,0,1,0,0,1,1,0,0,0,0,0,0,1,3,4,1,10,9,1,2,13,40,67,20,60,1.89,1.12,2.25,1.0,1.6,1.13,61,34,1.74,0.9,2.64,34,True,True,True,False,False,False,False,1.92,1.29,3.22,1.39,3.11,2.91,1.43,5.22,1.71,3.81,2.09,1.79,2.07,1.73,,
USA_Major_League_Soccer_2025,2025,0,DC United,New England Revolution,2025-05-28 23:30:00,1,1,2,4,3,7,3,2,0,0,4,4,16,9,20,13,14,12,52,48,Audi Field,"32-60 R Street South West, Buzzard Point, Washington, District of Columbia",3,2,2.59,3.0,2.8,1.26,1.94,3.0,1.66,2.0,1.64,1.85,2.5,1.75,1.38,2.67,2.87,1.42,2,0,1,1,0,1,1,-1,0,44,0,-1,2,1,1,2,3,1,3,4,1,1,2,1,2,3,1,9,3,114,98,1.62,1.14,2.75,0,0,0,0,0,0,1,1,0,0,1,0,0,0,1,1,4,1,12,14,1,7,8,44,57,44,63,0.76,1.18,1.13,1.5,0.93,1.46,57,44,1.12,1.4,2.52,34,True,True,False,False,False,False,True,2.07,1.33,3.56,,,,,2.84,2.63,3.32,2.06,1.81,1.75,2.04,1.64,2.20
USA_Major_League_Soccer_2025,2025,0,Columbus Crew,Nashville SC,2025-05-29 00:00:00,2,2,4,7,3,10,2,3,0,0,5,6,16,8,21,14,5,6,67,33,,,2,3,1.97,3.66,3.5,1.2,1.62,2.5,1.52,2.54,1.62,2.0,2.15,1.71,1.29,2.32,3.25,1.6,4,0,1,2,1,3,1,-1,0,65,0,-1,2,1,5,0,2,3,5,5,0,0,2,3,0,5,1,82,32,148,52,2.27,1.53,3.8,0,0,0,0,0,0,1,1,0,1,1,0,0,0,1,16,16,1,6,5,1,7,10,59,82,50,79,1.94,0.95,1.88,1.17,1.8,1.8,42,19,1.66,1.41,3.07,37,True,True,True,True,False,False,True,1.62,1.19,2.49,1.34,3.27,2.40,1.61,3.71,2.01,3.75,2.54,1.55,1.78,2.01,1.61,2.24
USA_Major_League_Soccer_2025,2025,0,Seattle Sounders,San Diego,2025-05-29 00:30:00,1,0,1,4,6,10,2,1,0,0,5,7,2,8,7,15,13,13,37,63,CenturyLink Field,"800 Occidental Avenue South, Seattle, Washington",2,1,1.9,3.6,3.86,1.22,1.73,3.0,1.62,2.15,1.5,1.88,2.35,1.77,1.33,2.45,3.2,1.44,1,0,0,1,0,1,0,18,0,59,0,-1,2,1,2,3,2,3,5,5,1,0,1,1,1,2,1,26,67,74,105,0.99,1.92,2.91,0,0,0,0,0,0,1,1,0,0,2,0,0,0,1,19,14,1,13,13,1,8,1,75,84,59,67,2.17,2.11,2.33,1.5,1.53,1.8,25,17,1.93,1.47,3.4,37,True,False,False,False,False,False,False,1.79,1.24,2.96,1.35,3.30,2.74,1.48,4.17,1.89,3.73,2.24,1.69,1.79,2.02,1.58,2.27
USA_Major_League_Soccer_2025,2025,0,Austin,Real Salt Lake,2025-05-29 01:00:00,1,1,2,7,6,13,2,1,0,0,4,2,9,13,13,15,13,13,52,48,,,2,1,1.84,3.6,4.33,1.29,1.77,3.0,1.73,2.0,1.4,1.68,2.7,1.98,1.38,2.7,3.0,1.4,2,0,0,1,1,2,0,-1,0,44,0,-1,2,1,2,2,5,4,4,9,0,0,2,1,0,3,1,48,40,83,82,1.45,1.37,2.82,0,0,0,0,0,0,1,1,0,0,1,1,0,0,1,14,13,1,13,13,1,11,10,44,63,32,63,1.56,0.72,1.5,0.88,1.27,0.93,57,38,1.54,1.46,3.0,35,True,True,False,False,False,False,True,1.91,1.28,3.24,1.39,3.10,2.92,1.43,4.21,1.89,3.73,2.08,1.79,2.01,1.77,,
USA_Major_League_Soccer_2025,2025,0,LA Galaxy,SJ Earthquakes,2025-05-29 02:15:00,0,1,1,10,4,14,0,2,0,0,6,6,7,7,13,13,5,14,55,45,,,0,2,2.1,3.6,3.0,1.14,1.44,2.1,1.44,2.55,1.4,1.72,2.6,1.93,1.24,2.31,4.1,1.65,1,0,0,0,1,1,0,15,0,67,0,-1,2,1,5,4,5,0,9,5,0,0,0,2,0,2,1,55,50,105,83,1.64,1.6,3.24,0,0,0,0,0,0,1,1,0,0,2,1,0,0,1,20,17,1,14,5,1,6,6,67,92,34,75,1.35,1.18,0.33,1.17,0.27,1.27,33,9,1.39,1.53,2.92,34,True,False,False,False,False,False,False,1.58,1.18,2.39,,,2.31,1.65,3.16,2.24,3.70,2.66,1.51,1.93,1.88,1.48,2.52
USA_Major_League_Soccer_2025,2025,0,Vancouver Whitecaps,Minnesota United,2025-05-29 02:30:00,0,0,0,8,0,8,1,2,0,0,3,1,16,3,19,4,8,12,60,40,BC Place Stadium,"777 Pacific Boulevard, False Creek, Vancouver, British Columbia",1,2,2.27,3.5,2.98,1.29,1.83,3.0,1.66,2.1,1.31,1.93,3.1,2.2,1.36,2.6,2.9,1.43,0,0,0,0,0,0,0,-1,0,50,0,-1,2,1,3,0,5,0,3,5,0,0,1,2,0,3,1,82,23,113,69,2.0,0.5,2.5,0,0,0,0,0,0,1,1,0,0,0,0,0,0,1,11,9,1,12,8,1,9,15,57,79,57,86,2.0,1.58,2.29,1.57,2.21,1.73,43,22,1.83,1.36,3.19,38,False,False,False,False,False,False,False,1.92,1.28,3.19,1.38,3.19,2.83,1.45,3.24,2.30,3.45,2.20,1.71,2.08,1.72,,
USA_Major_League_Soccer_2025,2025,0,Portland Timbers,Colorado Rapids,2025-05-29 02:30:00,2,1,3,6,3,9,2,1,0,1,9,3,14,8,23,11,11,18,71,29,Providence Park,"1844 SW Morrison Street, Portland, Oregon",2,3,1.6,4.4,5.25,1.16,1.45,2.33,1.54,2.35,1.58,1.82,2.4,1.85,1.25,2.15,3.5,1.6,3,0,1,2,0,2,1,20,0,57,0,-1,2,1,3,3,3,0,6,3,1,0,1,2,1,3,1,66,37,149,76,2.56,1.17,3.74,0,0,0,0,0,0,1,1,0,0,1,0,0,0,1,16,13,1,17,11,1,4,11,43,71,50,79,1.63,0.76,1.71,1.14,1.53,1.47,57,29,1.1,0.92,2.02,34,True,True,True,False,False,False,True,1.54,1.16,2.33,,,,,5.04,1.64,4.35,2.47,1.57,1.89,1.92,1.53,2.41
USA_Major_League_Soccer_2025,2025,0,St. Louis City,SJ Earthquakes,2025-05-31 18:30:00,2,1,3,6,9,15,3,2,1,0,4,5,7,8,11,13,18,15,47,53,,,4,2,1.77,4.1,3.84,1.11,1.37,2.14,1.46,2.52,1.43,1.71,2.6,2.0,1.18,2.0,4.0,1.73,3,1,0,1,1,2,1,945555,0,50,0,-1,2,1,1,6,5,3,7,8,2,1,2,1,3,3,1,40,55,64,86,1.26,1.57,2.83,1,0,1,0,0,0,1,1,0,0,1,1,0,0,1,8,18,1,14,18,1,12,8,50,57,36,57,1.06,1.18,0.86,1.43,0.73,1.38,50,43,1.58,1.54,3.12,34,True,True,True,False,False,False,True,1.43,1.12,2.06,,,2.12,1.76,4.40,1.73,4.33,2.84,1.45,2.08,1.72,,
USA_Major_League_Soccer_2025,2025,0,Nashville SC,New York City,2025-05-31 20:30:00,2,2,4,6,1,7,1,3,0,0,5,4,12,9,17,13,9,8,51,49,,,1,3,1.85,3.6,3.68,1.22,1.75,2.9,1.62,2.05,1.48,2.0,2.5,2.05,1.3,2.5,3.22,1.48,4,2,0,0,2,2,2,-1,0,43,0,-1,2,1,4,0,2,1,4,3,0,1,1,2,1,3,1,44,35,78,115,1.74,1.37,3.1,0,0,0,0,0,0,1,1,0,0,1,0,0,0,1,21,16,1,8,9,1,6,4,48,61,31,50,2.17,1.52,2.22,0.86,1.75,1.5,52,40,1.89,1.11,3.0,37,True,True,True,True,False,False,True,1.86,1.27,3.10,1.37,3.22,2.80,1.46,3.97,1.98,3.61,2.18,1.72,2.01,1.79,1.46,2.61
USA_Major_League_Soccer_2025,2025,0,Orlando City,Chicago Fire,2025-05-31 23:30:00,1,3,4,13,1,14,2,2,0,0,5,4,21,6,26,10,12,13,57,43,,,2,2,1.7,4.2,4.45,1.12,1.56,2.33,1.53,2.45,1.57,2.05,2.1,1.7,1.29,2.21,3.5,1.57,4,1,3,0,0,0,4,7,0,82,0,-1,2,1,5,0,8,1,5,9,1,2,1,0,3,1,1,7,2,107,55,2.04,0.93,2.97,0,0,0,0,0,0,1,1,0,1,0,0,0,0,1,4,1,1,13,12,1,6,14,88,88,63,88,1.65,1.67,2.13,1.5,1.69,1.36,13,13,1.67,1.44,3.11,35,True,True,True,True,False,False,True,1.56,1.17,2.41,,,2.30,1.64,4.64,1.71,4.22,2.46,1.58,1.86,1.95,1.57,2.31
USA_Major_League_Soccer_2025,2025,0,Montreal Impact,New England Revolution,2025-05-31 23:30:00,0,3,3,2,2,4,3,2,1,0,2,5,13,2,15,7,20,11,46,54,Stade Saputo,"4750, rue Sherbrooke Est, Montreal, Quebec",5,2,2.25,3.25,3.0,1.24,1.72,2.8,1.63,2.2,1.65,2.05,2.1,1.7,1.36,2.4,3.17,1.44,3,0,0,0,3,3,0,11,0,56,0,-1,2,1,2,2,0,0,4,0,2,1,2,1,3,3,1,3,6,89,91,1.12,0.85,1.97,0,0,0,0,0,0,1,1,0,0,0,1,0,0,1,4,2,1,11,20,1,2,11,42,62,47,75,0.71,1.18,0.5,1.44,0.5,1.43,59,39,1.23,1.36,2.59,34,True,True,True,False,False,False,False,1.79,1.24,2.90,1.36,3.28,2.73,1.48,3.28,2.24,3.53,2.34,1.64,1.71,2.10,1.66,2.17
USA_Major_League_Soccer_2025,2025,0,FC Cincinnati,DC United,2025-05-31 23:30:00,1,2,3,5,5,10,1,5,0,0,4,5,5,6,9,11,9,25,61,39,,,1,5,1.42,4.5,5.7,1.22,1.77,2.75,1.94,1.85,1.5,2.15,2.4,1.85,1.3,2.45,3.3,1.5,3,1,2,0,0,0,3,13401,0,57,0,-1,2,1,0,4,5,1,4,6,1,2,0,3,3,3,1,6,10,115,83,0.91,1.13,2.04,0,0,0,0,0,0,1,1,0,1,0,2,0,0,1,2,3,1,25,9,1,3,4,64,79,36,57,1.8,0.76,2.43,0.71,1.88,0.94,36,22,1.63,1.43,3.06,34,True,True,True,False,False,False,True,1.77,1.24,2.91,,,2.59,1.53,7.04,1.47,4.60,1.91,1.94,,,,
USA_Major_League_Soccer_2025,2025,0,Inter Miami,Columbus Crew,2025-05-31 23:30:00,5,1,6,4,6,10,1,1,0,0,7,1,7,11,14,12,8,12,51,49,,,1,1,2.0,3.8,3.02,1.06,1.3,1.75,1.34,3.2,1.55,2.04,2.3,1.83,1.18,1.85,4.2,1.95,6,3,0,2,1,3,3,677446,0,81,0,-1,2,1,2,0,2,6,2,8,0,0,1,1,0,2,1,5,17,81,115,1.42,0.97,2.38,0,0,0,0,0,0,1,1,0,0,1,0,0,0,1,0,1,1,12,8,1,13,4,66,87,47,87,2.29,1.16,1.75,1.71,1.73,1.75,34,14,1.41,1.21,2.62,37,True,True,True,True,True,True,True,1.34,1.10,1.86,,,1.97,1.89,3.14,2.09,4.24,3.45,1.34,1.76,2.04,1.63,2.22
USA_Major_League_Soccer_2025,2025,0,Toronto,Charlotte,2025-05-31 23:30:00,0,2,2,4,6,10,4,1,0,0,2,8,5,10,7,18,12,9,53,47,,,4,1,3.27,3.35,2.21,1.22,1.86,2.7,1.65,2.15,1.73,2.05,2.0,1.7,1.36,2.55,3.17,1.49,2,0,0,0,2,2,0,711351,0,48,0,-1,2,1,1,4,3,2,5,5,1,0,3,1,1,4,1,3,7,99,100,0.62,1.76,2.38,0,0,0,0,0,0,1,1,0,0,0,0,0,0,1,3,2,1,9,12,1,6,7,48,66,36,48,0.94,1.11,0.56,0.5,0.81,1.38,53,35,1.21,1.02,2.23,34,True,True,False,False,False,False,False,1.85,1.25,3.05,1.36,3.24,2.77,1.47,2.24,3.30,3.52,2.26,1.68,1.83,1.98,1.58,2.30
USA_Major_League_Soccer_2025,2025,0,New York RB,Atlanta United FC,2025-05-31 23:30:00,2,0,2,1,8,9,4,2,0,0,3,3,4,8,7,11,13,11,55,45,Red Bull Arena,"Frank Rogers Boulevard South, Harrison, New Jersey",4,2,2.0,3.6,3.52,1.2,1.66,2.63,1.55,2.3,1.58,1.95,2.2,1.73,1.28,2.62,3.2,1.49,2,2,0,0,0,0,2,4,0,57,0,-1,2,1,0,3,1,5,3,6,2,1,2,1,3,3,1,1,8,135,95,0.69,0.98,1.67,0,0,0,0,0,0,1,1,1,0,0,1,0,0,1,1,2,1,11,13,1,4,3,71,94,38,69,1.94,0.47,2.38,0.33,1.5,1.06,29,7,1.41,1.21,2.62,34,True,True,False,False,False,False,False,1.75,1.23,2.82,1.34,3.38,2.62,1.52,3.68,2.02,3.73,2.28,1.67,1.72,2.09,1.68,2.15
USA_Major_League_Soccer_2025,2025,0,FC Dallas,Philadelphia Union,2025-06-01 00:30:00,0,0,0,2,11,13,3,1,1,0,2,1,5,23,7,24,11,15,31,69,Toyota Stadium,"6000 Main Street, Frisco, Texas",4,1,2.15,3.6,3.0,1.18,1.73,2.9,1.55,2.36,1.47,2.13,2.4,1.85,1.32,2.45,3.1,1.51,0,0,0,0,0,0,0,-1,0,54,0,-1,2,1,1,6,1,5,7,6,2,0,2,1,2,3,1,17,101,81,152,0.72,2.31,3.03,0,0,0,0,0,0,1,1,0,0,0,0,0,0,1,24,19,1,15,11,1,21,4,45,69,23,47,1.22,1.61,0.67,2.14,1.13,2.06,55,31,1.02,1.51,2.53,36,False,False,False,False,False,False,False,1.79,1.24,2.90,,,2.66,1.51,3.26,2.25,3.53,2.36,1.63,1.90,1.92,1.53,2.42
USA_Major_League_Soccer_2025,2025,0,Houston Dynamo,Sporting KC,2025-06-01 00:30:00,1,3,4,6,7,13,3,2,0,0,9,4,13,9,22,13,14,9,58,42,BBVA Compass Stadium,"2200 Texas Avenue, East End, Houston, Texas",3,2,1.84,3.86,4.75,1.18,1.7,2.78,1.68,2.25,1.54,2.25,2.35,1.8,1.3,2.7,2.95,1.5,4,1,1,0,2,2,2,8,0,63,0,-1,2,1,2,4,4,3,6,7,1,0,2,2,1,4,1,41,50,84,97,2.31,1.47,3.77,0,0,0,0,0,0,1,1,0,0,2,0,0,0,1,18,22,1,9,14,1,3,13,63,76,38,69,1.06,0.65,1.25,0.63,1.25,0.87,38,26,1.48,1.18,2.66,34,True,True,True,True,False,False,True,1.79,1.25,2.91,1.35,3.33,2.70,1.49,3.95,1.95,3.71,2.25,1.68,1.81,2.00,1.56,2.35
USA_Major_League_Soccer_2025,2025,0,San Diego,Austin,2025-06-01 02:30:00,2,0,2,5,3,8,2,1,0,0,4,2,7,6,11,8,13,13,61,39,,,2,1,1.59,4.18,5.5,1.21,1.77,2.9,1.84,1.95,1.47,1.76,2.48,1.91,1.33,2.5,3.2,1.45,2,0,0,2,0,2,0,1398748,0,44,0,-1,2,1,4,0,1,3,4,4,1,0,1,1,1,2,1,45,31,113,56,1.31,0.87,2.18,0,0,0,0,0,0,1,1,0,0,0,0,0,0,1,16,16,1,13,13,1,6,11,43,68,43,75,1.67,1.06,2.0,1.0,1.69,1.25,58,33,1.74,1.06,2.8,36,True,True,False,False,False,False,False,1.80,1.25,2.94,1.35,3.31,2.66,1.50,5.87,1.59,4.21,2.02,1.84,1.98,1.83,1.47,2.55
USA_Major_League_Soccer_2025,2025,0,LA Galaxy,Real Salt Lake,2025-06-01 02:30:00,2,0,2,6,6,12,2,1,0,0,5,4,4,15,9,19,9,9,50,50,,,2,1,1.97,3.8,3.45,1.18,1.62,2.53,1.53,2.48,1.61,2.35,2.24,1.72,1.3,2.3,3.3,1.52,2,1,0,1,0,1,1,10,0,62,0,-1,2,1,5,3,1,3,8,4,0,0,2,1,0,3,1,31,57,71,109,1.15,1.89,3.04,0,0,0,0,0,0,1,1,0,0,3,0,0,0,1,13,19,1,9,9,1,9,4,57,88,24,75,1.35,0.72,0.29,0.89,0.25,0.94,44,13,1.43,1.45,2.88,34,True,True,False,False,False,False,False,1.67,1.20,2.60,,,2.51,1.56,3.67,2.05,3.65,2.48,1.57,1.72,2.06,1.61,2.24
USA_Major_League_Soccer_2025,2025,0,Seattle Sounders,Minnesota United,2025-06-01 22:00:00,2,3,5,9,0,9,1,4,0,0,2,6,8,7,10,13,13,15,65,35,CenturyLink Field,"800 Occidental Avenue South, Seattle, Washington",1,4,1.8,3.6,4.2,1.3,2.0,3.6,1.8,1.95,1.47,1.8,2.5,1.97,1.44,3.04,2.85,1.39,5,0,0,2,3,5,0,1015,0,34,0,-1,2,1,3,0,6,0,3,6,0,2,1,2,2,3,1,96,24,126,70,1.47,1.42,2.88,0,1,0,1,0,0,1,1,0,0,0,0,0,0,1,17,13,1,15,12,1,7,13,48,54,48,60,2.17,1.58,2.43,1.5,1.63,1.69,53,47,1.8,1.25,3.05,37,True,True,True,True,True,False,True,,,,,,,,,,,,,,,,
USA_Major_League_Soccer_2025,2025,0,DC United,Chicago Fire,2025-06-07 23:30:00,1,7,8,9,7,16,1,3,0,0,3,11,12,4,15,15,5,7,57,43,Audi Field,"32-60 R Street South West, Buzzard Point, Washington, District of Columbia",1,3,2.99,3.4,2.3,1.2,1.58,2.64,1.48,2.4,1.51,1.91,2.25,1.8,1.3,2.32,3.3,1.56,8,0,4,1,3,4,4,7,0,78,0,-1,2,1,4,3,5,4,7,9,1,1,0,2,2,2,1,2,15,78,78,1.18,1.83,3.01,0,0,0,0,0,0,1,1,0,1,0,1,1,0,1,5,1,1,7,5,1,4,12,72,84,50,78,0.76,1.67,1.11,1.67,1.06,1.47,28,17,1.18,1.38,2.56,34,True,True,True,True,True,True,True,1.68,1.20,2.64,1.34,3.30,2.56,1.54,2.57,2.74,3.57,2.58,1.53,1.86,1.95,1.55,2.36
USA_Major_League_Soccer_2025,2025,0,Colorado Rapids,Austin,2025-06-08 01:30:00,0,2,2,11,3,14,2,2,0,0,5,6,11,5,16,11,4,11,53,47,,,2,2,2.01,3.25,3.1,1.27,1.99,3.25,1.75,1.99,1.57,1.99,2.18,1.72,1.42,2.75,2.92,1.42,2,0,1,0,1,1,1,698284,0,38,0,-1,2,1,5,0,6,3,5,9,1,0,1,2,1,3,1,26,17,60,39,1.54,1.23,2.77,0,0,0,0,0,0,1,1,0,1,0,0,0,0,1,19,13,1,11,4,1,6,6,32,69,19,69,1.65,1.06,1.75,0.88,1.38,1.18,69,32,1.55,1.04,2.59,34,True,True,False,False,False,False,False,1.99,1.30,3.34,1.42,2.97,3.05,1.40,3.41,2.24,3.41,2.20,1.71,1.74,2.05,1.60,2.26
USA_Major_League_Soccer_2025,2025,0,Portland Timbers,St. Louis City,2025-06-08 23:00:00,2,1,3,7,4,11,3,2,0,0,7,8,11,10,18,18,12,8,51,49,Providence Park,"1844 SW Morrison Street, Portland, Oregon",3,2,1.65,4.15,5.18,1.15,1.48,2.05,1.53,2.38,1.44,2.03,2.55,2.0,1.22,2.29,3.9,1.67,3,0,0,2,1,3,0,20,0,50,0,-1,2,1,4,3,3,1,7,4,1,1,2,1,2,3,-1,0,0,0,0,0.0,0.0,0.0,0,0,0,0,0,0,1,1,0,0,1,1,0,0,1,8,3,1,8,12,1,8,10,50,69,32,69,1.63,0.82,1.88,0.63,1.63,0.88,50,32,1.29,0.99,2.28,34,True,True,True,False,False,False,True,1.50,1.15,2.19,,,2.14,1.74,5.14,1.63,4.33,2.56,1.54,2.00,1.81,1.47,2.56
USA_Major_League_Soccer_2025,2025,0,Los Angeles FC,Sporting KC,2025-06-09 01:00:00,3,1,4,8,2,10,3,1,0,0,9,2,13,3,22,5,15,14,58,42,Banc of California Stadium,"3939 S Figueroa Street, Los Angeles, California",3,1,1.39,5.16,7.2,1.12,1.47,2.29,1.8,2.3,1.52,1.96,2.23,1.75,1.22,2.26,3.7,1.69,4,1,1,2,0,2,2,6490,0,48,0,-1,2,1,4,0,4,2,4,6,1,0,2,1,1,3,1,56,32,103,89,2.42,0.7,3.12,1,0,1,0,0,0,1,1,0,0,1,0,0,0,1,14,17,1,13,15,1,4,7,55,62,22,55,2.11,0.65,2.29,0.89,1.53,1.0,45,38,1.83,1.22,3.05,34,True,True,True,True,False,False,True,,,,,,,,7.43,1.42,4.95,2.07,1.80,1.78,2.03,1.58,2.29
USA_Major_League_Soccer_2025,2025,0,Vancouver Whitecaps,Seattle Sounders,2025-06-09 01:00:00,3,0,3,3,3,6,0,0,0,2,5,0,8,7,13,7,10,11,46,54,BC Place Stadium,"777 Pacific Boulevard, False Creek, Vancouver, British Columbia",0,4,3.25,3.35,2.3,1.3,2.0,3.2,1.8,2.02,1.41,1.66,2.65,2.07,1.35,3.13,2.9,1.37,3,1,0,2,0,2,1,5,0,54,0,-1,2,1,0,3,3,0,3,3,0,0,0,2,0,2,1,43,54,87,97,1.48,0.84,2.32,1,0,1,0,0,0,1,1,0,0,0,0,0,0,1,12,14,1,10,10,1,6,9,48,83,48,94,2.0,1.11,2.13,1.0,2.13,1.53,53,18,1.85,1.52,3.37,37,True,True,True,False,False,False,False,2.09,1.33,3.68,1.43,2.93,3.13,1.39,2.26,3.39,3.37,2.04,1.82,2.07,1.74,,
USA_Major_League_Soccer_2025,2025,0,New York City,Atlanta United FC,2025-06-12 23:30:00,4,0,4,5,5,10,0,0,0,0,6,4,5,4,11,8,8,6,56,44,Yankee Stadium,"One East 161st Street, The Bronx, New York City",0,0,1.88,3.65,3.88,1.17,1.55,2.3,1.53,2.4,1.37,1.65,2.8,2.1,1.28,2.51,3.3,1.56,4,1,0,3,0,3,1,2,0,44,0,-1,2,-1,5,2,0,3,7,3,0,0,0,0,0,0,1,9,4,27,9,1.17,0.81,1.98,0,0,0,0,0,0,1,1,0,0,3,0,-1,-1,1,5,4,1,6,8,1,11,3,57,84,18,62,1.89,0.47,2.0,0.29,1.47,1.0,44,17,1.64,1.18,2.82,34,True,True,True,True,False,False,False,,,,,,,,,,,,,,,,
USA_Major_League_Soccer_2025,2025,0,Portland Timbers,SJ Earthquakes,2025-06-14 02:30:00,1,1,2,8,7,15,0,3,0,1,5,6,8,10,13,16,10,8,62,38,Providence Park,"1844 SW Morrison Street, Portland, Oregon",0,4,2.2,3.5,2.93,1.05,1.42,2.0,1.38,3.0,1.34,1.57,2.9,2.23,1.2,1.98,4.0,1.82,2,0,0,1,1,2,0,-1,0,71,0,-1,2,1,6,3,2,4,9,6,0,2,0,2,2,2,1,53,34,102,88,1.56,1.68,3.23,0,0,0,0,0,0,1,1,0,0,2,0,0,0,1,17,15,1,8,10,1,10,9,60,77,41,65,1.63,1.18,2.0,1.25,1.71,1.29,41,24,1.29,1.54,2.83,34,True,True,False,False,False,False,True,1.42,1.12,2.05,,,2.08,1.81,2.78,2.39,3.91,3.17,1.38,2.16,1.67,,
USA_Major_League_Soccer_2025,2025,0,St. Louis City,LA Galaxy,2025-06-14 20:30:00,3,3,6,4,5,9,0,2,0,0,5,6,6,9,11,15,6,10,48,52,,,0,2,2.2,3.7,2.9,1.17,1.74,2.32,1.45,2.45,1.4,1.73,2.6,2.08,1.24,2.25,3.4,1.58,6,1,1,2,2,4,2,-1,0,53,0,-1,2,1,1,2,3,3,3,6,0,0,0,2,0,2,1,59,43,87,101,1.47,1.68,3.15,0,0,0,0,0,0,1,1,0,0,0,0,0,0,1,12,18,1,10,6,1,8,7,53,64,46,71,1.06,0.41,1.13,0.22,0.82,0.41,47,36,1.54,1.04,2.58,34,True,True,True,True,True,True,True,1.64,1.19,2.56,,,,,2.98,2.39,3.58,2.64,1.52,2.03,1.76,,
USA_Major_League_Soccer_2025,2025,0,Philadelphia Union,Charlotte,2025-06-14 23:30:00,2,1,3,8,4,12,4,2,0,0,9,2,10,6,19,8,17,11,48,52,,,4,2,1.9,3.85,3.15,1.22,1.72,2.5,1.6,2.4,1.4,1.65,2.65,2.05,1.3,2.54,3.55,1.53,3,1,0,1,1,2,1,16,0,56,0,-1,2,1,4,1,4,3,5,7,2,2,2,0,4,2,1,5,6,18,20,1.85,0.68,2.53,0,0,0,0,0,0,1,1,0,0,0,0,0,0,1,4,10,1,11,17,1,4,8,67,78,44,73,2.16,1.11,2.0,0.78,2.0,1.47,33,22,1.7,1.1,2.8,37,True,True,True,False,False,False,True,1.71,1.22,2.74,,,2.54,1.55,3.25,2.24,3.58,2.47,1.58,2.10,1.71,,
USA_Major_League_Soccer_2025,2025,0,New England Revolution,FC Cincinnati,2025-06-14 23:30:00,0,1,1,8,3,11,2,3,0,0,3,3,7,7,10,10,11,13,65,35,Gillette Stadium,"1388 One Patriot Place, Foxborough, Massachusetts",2,3,2.8,3.3,2.55,1.22,1.72,2.8,1.6,2.47,1.5,1.85,2.4,1.85,1.34,2.42,3.36,1.47,1,0,1,0,0,0,1,8043,0,38,0,-1,2,1,5,3,3,0,8,3,1,1,1,2,2,3,1,17,7,25,12,0.96,0.88,1.84,0,0,0,0,0,0,1,1,0,0,0,1,0,0,1,2,3,1,13,11,1,3,11,32,64,32,65,0.94,1.94,1.4,1.44,1.53,1.76,68,37,1.01,1.6,2.61,34,True,False,False,False,False,False,False,1.72,1.22,2.74,1.34,3.36,2.55,1.55,2.44,2.90,3.58,2.47,1.57,1.94,1.87,1.50,2.45
USA_Major_League_Soccer_2025,2025,0,Columbus Crew,Vancouver Whitecaps,2025-06-14 23:30:00,2,1,3,4,1,5,1,1,0,0,5,3,3,7,8,10,13,12,61,39,MAPFRE Stadium,"1 Black and Gold Boulevard, Columbus, Ohio",1,1,2.0,3.85,3.95,1.15,1.82,2.69,1.57,2.35,1.41,1.75,2.4,1.97,1.25,2.38,3.29,1.5,3,2,1,0,0,0,3,9,0,55,0,-1,2,1,0,1,4,0,1,4,0,1,1,0,1,1,1,5,4,20,16,0.89,0.86,1.75,0,0,0,0,0,0,1,1,1,1,0,0,0,0,1,1,2,1,12,13,1,7,2,50,55,37,54,1.94,1.65,1.78,2.14,1.65,2.19,51,45,1.72,1.52,3.24,37,True,True,True,False,False,False,True,1.74,1.22,2.72,1.33,3.29,2.61,1.53,3.43,2.14,3.63,2.39,1.61,2.05,1.74,,
USA_Major_League_Soccer_2025,2025,0,Minnesota United,San Diego,2025-06-15 00:30:00,2,4,6,3,4,7,0,0,0,0,6,6,4,7,10,13,16,12,34,66,,,0,0,1.97,3.59,2.98,1.2,1.73,2.8,1.63,2.2,1.65,2.2,2.02,1.68,1.38,2.8,3.12,1.47,6,2,1,0,3,3,3,1398748,0,54,0,-1,2,-1,1,2,2,2,3,4,0,0,0,0,0,0,1,28,58,77,133,1.26,1.67,2.93,0,1,0,1,0,0,1,1,1,0,0,0,-1,-1,1,13,15,1,12,15,1,10,4,61,81,41,60,1.58,2.11,1.88,1.29,1.76,1.76,40,20,1.6,1.54,3.14,38,True,True,True,True,True,True,True,1.81,1.25,2.96,1.38,3.17,2.80,1.46,3.18,2.33,3.44,2.36,1.63,1.61,2.26,1.78,2.02
USA_Major_League_Soccer_2025,2025,0,Austin,New York RB,2025-06-15 00:30:00,2,1,3,2,7,9,2,3,0,0,4,1,2,14,6,15,20,12,46,54,,,2,3,2.35,3.25,2.92,1.39,2.15,3.8,1.82,1.91,1.67,2.0,2.03,1.62,1.42,3.39,2.66,1.34,3,1,1,1,0,1,2,698284,0,36,0,-1,2,1,1,3,1,4,4,5,1,1,1,2,2,3,1,26,37,37,47,0.85,1.27,2.12,0,0,0,0,0,0,1,1,1,0,1,0,0,0,1,13,13,1,12,20,1,13,3,30,54,24,48,1.56,0.59,1.44,0.63,1.28,1.59,71,47,1.53,1.08,2.61,34,True,True,True,False,False,False,True,2.23,1.39,4.05,1.49,2.71,3.39,1.34,3.25,2.39,3.26,1.96,1.89,1.65,2.20,1.69,2.13
USA_Major_League_Soccer_2025,2025,0,Houston Dynamo,Montreal Impact,2025-06-15 00:30:00,1,3,4,7,7,14,3,2,0,0,2,5,16,3,18,8,13,15,63,37,BBVA Compass Stadium,"2200 Texas Avenue, East End, Houston, Texas",3,2,1.73,3.65,4.2,1.22,1.85,3.1,1.83,2.05,1.46,1.82,2.45,1.85,1.4,2.6,3.0,1.44,4,0,2,1,1,2,2,1,0,54,0,-1,2,1,2,0,5,7,2,12,1,0,2,2,1,4,1,30,26,69,56,1.49,1.04,2.53,0,0,0,0,0,0,1,1,0,0,1,0,0,0,1,22,11,1,15,13,1,5,12,54,75,27,64,1.06,0.94,1.11,0.5,1.18,0.47,47,26,1.57,1.17,2.74,34,True,True,True,True,False,False,True,1.92,1.29,3.25,1.38,3.16,2.87,1.44,4.68,1.79,3.79,2.03,1.83,1.68,2.14,1.64,2.20
USA_Major_League_Soccer_2025,2025,0,Chicago Fire,Nashville SC,2025-06-15 00:30:00,0,2,2,9,4,13,2,5,0,0,7,3,7,8,14,11,7,19,51,49,,,2,5,2.6,3.4,2.5,1.15,1.58,2.61,1.52,2.77,1.5,1.83,2.4,2.02,1.29,2.25,3.5,1.62,2,0,0,0,2,2,0,677447,0,69,0,-1,-1,1,-1,-1,-1,-1,-1,-1,1,1,1,4,2,5,1,35,34,89,94,1.63,1.16,2.79,0,0,0,0,0,0,1,1,0,0,-1,-1,0,0,1,13,18,1,19,7,1,7,8,61,84,38,77,1.42,0.95,1.17,1.14,1.56,1.71,40,17,1.58,1.43,3.01,37,True,True,False,False,False,False,False,1.67,1.20,2.61,,,2.50,1.56,2.59,2.74,3.55,2.63,1.52,1.92,1.88,1.52,2.44
USA_Major_League_Soccer_2025,2025,0,Sporting KC,FC Dallas,2025-06-15 00:30:00,2,4,6,6,3,9,5,4,1,0,5,6,6,4,11,10,17,14,52,48,Children's Mercy Park,"One Sporting Way, Kansas City, Kansas",6,4,2.08,3.6,3.41,1.13,1.55,2.42,1.5,2.5,1.5,1.88,2.3,1.73,1.27,2.3,3.4,1.57,6,1,1,1,3,4,2,13,0,57,0,-1,2,1,4,2,2,1,6,3,1,2,5,2,3,7,1,59,34,94,67,1.47,1.3,2.77,0,1,0,1,0,0,1,1,1,0,0,0,0,0,1,14,6,1,14,16,1,5,6,57,77,51,82,1.0,1.28,1.14,1.44,0.94,1.13,44,24,1.36,1.27,2.63,34,True,True,True,True,True,True,True,1.58,1.17,2.45,,,2.39,1.61,3.60,2.01,3.86,2.65,1.51,1.76,2.02,1.60,2.27
USA_Major_League_Soccer_2025,2025,0,Real Salt Lake,DC United,2025-06-15 01:30:00,2,0,2,10,2,12,3,1,0,0,6,1,14,7,20,8,16,12,56,44,Rio Tinto Stadium,"9256 South State Street, Sandy, Utah",3,1,1.8,3.75,4.45,1.22,1.67,2.78,1.67,2.0,1.5,1.94,2.4,1.91,1.34,2.5,3.37,1.52,2,1,0,1,0,1,1,14,0,46,0,-1,2,1,2,2,8,0,4,8,0,0,3,1,0,4,1,28,22,74,76,1.88,0.74,2.62,0,0,0,0,0,0,1,1,0,0,1,1,0,0,1,14,16,1,12,16,1,6,8,52,73,53,81,1.65,0.76,1.0,1.0,0.88,1.0,48,28,1.34,1.39,2.73,34,True,True,False,False,False,False,False,1.75,1.23,2.85,1.34,3.37,2.64,1.52,5.09,1.67,4.12,2.14,1.75,1.86,1.94,1.53,2.39
USA_Major_League_Soccer_2025,2025,0,Colorado Rapids,Orlando City,2025-06-15 01:30:00,0,1,1,9,2,11,2,3,0,0,2,3,11,4,13,7,12,13,50,50,,,2,3,2.62,3.65,2.42,1.2,1.63,2.55,1.51,2.39,1.58,1.95,2.28,1.84,1.28,2.4,3.4,1.52,1,0,1,0,0,0,1,17,0,42,0,-1,2,1,5,2,4,0,7,4,0,1,2,2,1,4,1,58,14,111,68,1.39,0.76,2.15,0,0,0,0,0,0,1,1,0,0,0,0,0,0,1,23,19,1,13,12,1,4,10,48,71,18,64,1.65,1.39,1.56,1.25,1.29,1.59,53,30,1.55,1.45,3.0,34,True,False,False,False,False,False,False,1.66,1.20,2.55,,,2.50,1.56,2.47,2.80,3.67,2.54,1.55,1.81,2.00,1.58,2.28
USA_Major_League_Soccer_2025,2025,0,Toronto,New York RB,2025-06-25 23:30:00,1,1,2,4,6,10,1,1,0,0,2,5,11,3,13,8,13,7,48,52,,,1,1,3.2,3.36,1.95,1.33,2.12,3.3,1.68,1.85,1.73,2.0,2.2,1.72,1.47,3.17,2.75,1.36,2,0,1,1,0,1,1,-1,0,37,0,-1,2,1,1,1,3,5,2,8,0,0,1,1,0,2,1,1,8,6,11,0.95,0.91,1.86,0,0,0,0,0,0,1,1,0,0,0,0,0,0,1,9,8,1,7,13,1,7,8,37,64,27,49,0.94,0.59,0.5,0.56,0.76,1.5,63,37,1.14,1.1,2.24,34,True,True,False,False,False,False,True,2.15,1.37,3.83,,,,,2.03,4.09,3.37,,,1.61,2.25,1.79,2.02
USA_Major_League_Soccer_2025,2025,0,Columbus Crew,Atlanta United FC,2025-06-25 23:30:00,3,1,4,7,3,10,1,4,0,0,10,2,9,7,19,9,4,12,63,37,MAPFRE Stadium,"1 Black and Gold Boulevard, Columbus, Ohio",1,4,1.54,4.15,3.8,1.13,1.44,2.13,1.44,2.63,1.42,1.7,2.62,2.05,1.18,2.14,4.2,1.77,4,3,0,0,1,1,3,9,0,54,0,-1,2,1,4,0,3,3,4,6,0,1,1,3,1,4,1,11,4,8,8,1.96,0.73,2.69,0,0,0,0,0,0,1,1,0,0,1,0,0,0,1,1,0,1,12,4,1,7,7,62,85,32,72,1.94,0.47,1.9,0.25,1.72,0.94,39,15,1.64,1.13,2.77,34,True,True,True,True,False,False,True,1.45,1.13,2.13,,,2.16,1.74,4.38,1.74,4.33,,,,,,
USA_Major_League_Soccer_2025,2025,0,Montreal Impact,FC Cincinnati,2025-06-25 23:30:00,1,3,4,3,0,3,3,0,0,0,4,11,6,4,10,15,12,8,53,47,Stade Saputo,"4750, rue Sherbrooke Est, Montreal, Quebec",3,0,3.0,3.5,1.97,1.18,1.62,2.56,1.51,2.45,1.61,1.84,2.15,1.72,1.29,2.47,3.56,1.58,4,0,1,1,2,3,1,8043,0,54,0,-1,2,1,3,0,0,0,3,0,1,0,2,0,1,2,1,9,7,10,10,0.97,1.75,2.72,0,0,0,0,0,0,1,1,0,0,0,0,0,0,1,6,4,1,8,12,1,5,6,49,66,42,81,0.71,1.94,0.43,1.6,0.61,1.83,52,35,1.21,1.52,2.73,34,True,True,True,True,False,False,True,1.65,1.20,2.56,1.34,3.33,2.50,1.56,2.20,3.22,3.71,,,1.71,2.08,1.61,2.24
USA_Major_League_Soccer_2025,2025,0,New England Revolution,Nashville SC,2025-06-25 23:30:00,2,3,5,5,6,11,2,3,0,0,4,6,5,9,9,15,10,20,50,50,Gillette Stadium,"1388 One Patriot Place, Foxborough, Massachusetts",2,3,2.85,3.42,2.4,1.22,1.91,3.1,1.67,2.15,1.53,1.82,2.3,1.86,1.35,2.87,2.9,1.42,5,1,1,1,2,3,2,677447,0,40,0,-1,2,1,0,3,5,3,3,8,1,1,1,2,2,3,1,3,9,8,7,0.86,1.42,2.28,0,1,0,1,0,0,1,1,0,0,0,0,0,0,1,7,3,1,20,9,1,5,10,40,75,28,63,0.94,0.95,1.17,1.38,1.44,1.78,61,25,1.0,1.39,2.39,34,True,True,True,True,True,False,True,1.88,1.27,3.14,1.39,3.12,2.87,1.44,2.46,2.92,3.52,,,1.89,1.93,1.53,2.37
USA_Major_League_Soccer_2025,2025,0,FC Dallas,SJ Earthquakes,2025-06-26 00:30:00,2,4,6,0,8,8,0,3,2,0,8,10,2,14,10,24,13,11,34,66,Toyota Stadium,"6000 Main Street, Frisco, Texas",4,3,2.6,3.8,2.62,1.13,1.44,2.17,1.36,2.9,1.47,1.85,2.45,1.85,1.22,2.07,3.7,1.68,6,1,0,1,4,5,1,15,0,55,0,-1,2,1,0,4,0,4,4,4,0,1,2,2,1,4,1,32,71,66,110,1.42,2.72,4.14,0,0,0,0,0,0,1,1,0,0,0,1,0,0,1,13,18,1,11,13,1,11,3,43,68,24,50,1.22,1.18,0.71,1.22,1.24,1.28,58,33,0.97,1.56,2.53,34,True,True,True,True,True,True,True,1.46,1.13,2.14,,,2.21,1.70,2.63,2.57,3.79,,,1.95,1.86,1.51,2.46
USA_Major_League_Soccer_2025,2025,0,St. Louis City,Orlando City,2025-06-26 00:30:00,2,4,6,5,6,11,2,0,0,0,5,12,11,11,16,23,9,1,47,53,,,2,0,2.97,3.7,2.3,1.15,1.5,2.15,1.44,2.7,1.47,1.88,2.5,1.93,1.25,2.2,3.25,1.6,6,2,3,0,1,1,5,17,0,50,0,-1,2,1,3,3,2,3,6,5,0,0,2,0,0,2,1,57,47,79,66,1.76,2.61,4.38,0,0,0,0,0,0,1,1,0,2,0,1,0,0,1,15,7,1,1,9,1,10,11,56,56,28,62,1.06,1.39,1.11,1.44,0.83,1.67,44,44,1.53,1.36,2.89,34,True,True,True,True,True,True,True,1.54,1.16,2.31,1.32,3.25,2.31,1.65,2.43,2.74,3.88,,,1.93,1.88,1.51,2.42
USA_Major_League_Soccer_2025,2025,0,Minnesota United,Houston Dynamo,2025-06-26 00:30:00,3,1,4,6,4,10,4,1,0,0,4,2,5,11,9,13,20,15,36,64,,,4,1,2.01,3.45,3.6,1.25,1.8,2.8,1.67,2.15,1.42,1.7,2.62,2.12,1.37,2.5,3.12,1.51,4,0,0,3,1,4,0,1015,0,47,0,-1,2,1,3,2,3,2,5,5,1,1,3,0,2,3,1,53,60,48,64,1.22,1.39,2.61,0,0,0,0,0,0,1,1,0,0,0,0,0,0,1,15,12,1,15,20,1,10,5,47,77,29,65,1.58,1.12,1.67,1.25,1.67,1.11,54,24,1.57,0.92,2.49,34,True,True,True,True,False,False,True,1.85,1.26,3.12,1.38,3.18,2.82,1.46,3.55,2.08,3.68,,,2.12,1.70,,
USA_Major_League_Soccer_2025,2025,0,Chicago Fire,Philadelphia Union,2025-06-26 00:30:00,0,1,1,1,4,5,1,5,0,0,2,3,13,8,15,11,21,21,55,45,,,1,5,1.92,4.08,3.6,1.13,1.47,2.1,1.47,2.55,1.44,1.68,2.55,2.0,1.25,2.25,3.6,1.7,1,0,1,0,0,0,1,16,0,54,0,-1,2,1,1,3,0,1,4,1,0,1,1,4,1,5,1,32,29,61,77,1.31,1.12,2.43,0,1,0,1,0,0,1,1,0,1,0,2,0,0,1,19,26,1,21,20,1,5,12,47,67,27,48,1.42,1.61,1.0,2.0,1.47,2.06,54,34,1.59,1.61,3.2,37,True,False,False,False,False,False,False,1.48,1.14,2.20,,,2.26,1.68,3.68,1.93,4.08,,,2.14,1.68,,
USA_Major_League_Soccer_2025,2025,0,Sporting KC,Charlotte,2025-06-26 00:30:00,2,1,3,5,4,9,1,2,0,0,4,5,15,13,19,18,10,18,52,48,Children's Mercy Park,"One Sporting Way, Kansas City, Kansas",1,2,2.45,3.64,2.43,1.15,1.53,2.1,1.44,2.45,1.44,1.83,2.5,1.85,1.24,2.32,3.5,1.65,3,0,1,2,0,2,1,8,0,62,0,-1,2,1,0,2,5,2,2,7,0,0,1,2,0,3,1,58,47,79,62,1.89,1.81,3.7,0,0,0,0,0,0,1,1,0,0,0,1,0,0,1,20,14,1,18,10,1,15,13,62,84,52,74,1.0,1.11,1.0,0.7,0.89,1.39,39,17,1.38,1.06,2.44,34,True,True,True,False,False,False,True,,,,,,,,2.68,2.53,3.78,,,1.93,1.88,1.51,2.44
USA_Major_League_Soccer_2025,2025,0,Colorado Rapids,LA Galaxy,2025-06-26 01:30:00,2,0,2,0,5,5,1,3,0,0,4,5,4,8,8,13,12,10,31,69,,,1,3,1.89,3.62,3.2,1.18,1.61,2.45,1.5,2.5,1.5,1.83,2.4,1.85,1.23,2.25,3.5,1.61,2,2,0,0,0,0,2,12,0,45,0,-1,2,1,0,0,0,5,0,5,0,1,1,2,1,3,1,6,4,10,5,0.82,1.19,2.01,0,0,0,0,0,0,1,1,0,0,0,0,0,0,1,10,15,1,10,12,1,5,3,45,75,40,80,1.65,0.41,1.4,0.3,1.22,0.44,55,25,1.53,1.11,2.64,34,True,True,False,False,False,False,False,,,,1.33,3.21,2.44,1.59,3.56,2.07,3.70,,,1.93,1.88,1.48,2.53
USA_Major_League_Soccer_2025,2025,0,Vancouver Whitecaps,San Diego,2025-06-26 02:30:00,3,5,8,7,3,10,2,2,0,0,5,8,12,4,17,12,15,12,49,51,BC Place Stadium,"777 Pacific Boulevard, False Creek, Vancouver, British Columbia",2,2,2.26,3.35,3.16,1.21,1.81,2.7,1.62,2.2,1.6,2.01,2.29,1.8,1.32,2.45,3.3,1.47,8,1,3,2,2,4,4,1398748,0,60,0,-1,2,1,4,2,3,1,6,4,0,2,2,0,2,2,1,55,31,64,45,1.81,1.53,3.34,0,0,0,0,0,0,1,1,0,0,1,0,0,0,1,8,21,1,12,15,1,4,12,71,89,53,76,2.0,2.11,2.22,1.5,2.06,1.83,29,12,1.81,1.55,3.36,39,True,True,True,True,True,True,True,1.78,1.24,2.91,1.35,3.32,2.69,1.50,3.28,2.23,3.57,,,1.80,2.01,1.57,2.29
USA_Major_League_Soccer_2025,2025,0,Montreal Impact,New York City,2025-06-28 23:30:00,1,0,1,5,8,13,0,3,0,0,6,2,7,9,13,11,11,13,33,67,Stade Saputo,"4750, rue Sherbrooke Est, Montreal, Quebec",0,3,2.68,3.3,2.55,1.2,1.8,2.8,1.62,2.2,1.5,1.8,2.4,1.9,1.37,2.72,3.12,1.48,1,1,0,0,0,0,1,1,0,51,0,-1,2,1,3,2,2,6,5,8,0,1,0,2,1,2,1,42,48,77,107,1.54,1.19,2.73,0,0,0,0,0,0,1,1,0,0,2,0,0,0,1,2,4,1,13,11,1,8,6,51,63,38,63,0.71,1.52,0.38,0.88,0.58,1.56,51,38,1.18,1.14,2.32,34,True,False,False,False,False,False,False,1.82,1.25,3.01,1.35,3.33,2.68,1.49,2.62,2.72,3.52,,,,,,
USA_Major_League_Soccer_2025,2025,0,Toronto,Portland Timbers,2025-06-28 23:30:00,3,0,3,9,3,12,1,4,0,0,7,0,6,5,13,5,16,15,42,58,,,1,4,2.7,3.42,2.53,1.25,1.8,2.78,1.67,2.1,1.5,2.02,2.4,2.01,1.32,2.75,3.1,1.47,3,1,0,2,0,2,1,19,0,37,0,-1,2,1,4,0,5,3,4,8,0,1,1,3,1,4,1,42,36,83,90,1.61,0.59,2.2,0,0,0,0,0,0,1,1,0,0,3,0,0,0,1,3,3,1,15,16,1,8,9,39,64,22,56,0.94,0.89,0.55,1.38,0.78,1.67,62,37,1.12,1.32,2.44,34,True,True,True,False,False,False,False,1.85,1.24,3.04,1.36,3.25,2.75,1.47,2.55,2.86,3.43,,,2.01,1.76,1.47,2.54
USA_Major_League_Soccer_2025,2025,0,DC United,Nashville SC,2025-06-28 23:30:00,0,1,1,4,3,7,3,1,0,0,1,2,6,5,7,7,14,13,41,59,Audi Field,"32-60 R Street South West, Buzzard Point, Washington, District of Columbia",3,1,4.03,3.7,1.8,1.22,1.8,3.0,1.67,2.2,1.66,2.16,2.04,1.62,1.32,2.81,3.1,1.45,1,0,1,0,0,0,1,677447,0,64,0,-1,2,1,0,1,4,2,1,6,2,0,1,1,2,2,1,43,25,77,102,0.83,0.78,1.61,0,1,0,1,0,0,1,1,0,0,0,1,0,0,1,3,3,1,13,13,1,6,4,59,85,42,74,0.76,0.95,1.0,1.56,0.95,1.84,42,15,1.18,1.4,2.58,34,True,False,False,False,False,False,False,1.85,1.26,2.99,,,,,1.93,4.08,3.65,,,1.64,2.20,1.68,2.12
USA_Major_League_Soccer_2025,2025,0,New England Revolution,Colorado Rapids,2025-06-28 23:30:00,3,3,6,11,2,13,2,2,0,0,10,4,8,6,18,10,9,15,72,28,Gillette Stadium,"1388 One Patriot Place, Foxborough, Massachusetts",2,2,1.75,3.7,3.95,1.15,1.67,2.73,1.6,2.25,1.53,1.85,2.38,1.79,1.28,2.58,3.3,1.52,6,0,2,3,1,4,2,-1,0,40,0,-1,2,1,8,2,3,0,10,3,1,0,1,2,1,3,1,68,20,122,62,2.33,1.06,3.39,1,0,1,0,0,0,1,1,0,0,0,1,1,0,1,3,0,1,14,9,1,0,6,40,66,34,73,0.94,0.76,1.0,1.0,1.35,1.32,61,34,0.98,0.95,1.93,34,True,True,True,True,True,True,True,,,,,,,,4.00,1.89,3.88,,,1.79,2.02,1.58,2.28
USA_Major_League_Soccer_2025,2025,0,Orlando City,FC Cincinnati,2025-06-28 23:30:00,1,2,3,4,2,6,3,3,0,0,3,4,14,5,17,9,13,14,59,41,,,3,3,1.9,3.95,3.7,1.15,1.5,2.3,1.5,2.5,1.5,1.82,2.45,1.82,1.22,2.35,3.6,1.64,3,0,1,1,1,2,1,8043,0,61,0,-1,2,1,1,1,3,1,2,4,1,2,2,1,3,3,1,61,36,104,84,1.72,1.12,2.84,0,0,0,0,0,0,1,1,0,0,1,0,0,0,1,3,3,1,14,13,1,7,7,62,71,52,90,1.65,1.94,1.89,1.73,1.74,1.89,39,29,1.71,1.54,3.25,35,True,True,True,False,False,False,True,1.53,1.15,2.32,,,,,3.99,1.88,3.97,,,,,,
USA_Major_League_Soccer_2025,2025,0,New York RB,Minnesota United,2025-06-28 23:30:00,2,2,4,6,6,12,1,2,0,0,7,2,14,6,21,8,12,10,63,37,Red Bull Arena,"Frank Rogers Boulevard South, Harrison, New Jersey",1,2,2.25,3.4,3.2,1.25,1.85,2.97,1.55,2.1,1.55,2.54,1.88,1.66,1.33,2.6,3.0,1.45,4,1,2,1,0,1,3,-1,0,45,0,-1,2,1,3,4,3,2,7,5,1,0,0,2,1,2,1,6,7,13,11,1.84,0.69,2.53,0,0,0,0,0,0,1,1,0,0,2,1,0,0,1,0,3,1,10,12,1,4,10,56,73,56,73,1.94,1.58,2.44,1.67,1.47,1.74,45,28,1.33,1.27,2.6,34,True,True,True,True,False,False,True,1.85,1.26,3.05,1.37,3.19,2.80,1.46,3.51,2.13,3.58,,,1.66,2.19,1.75,2.05
USA_Major_League_Soccer_2025,2025,0,FC Dallas,San Diego,2025-06-29 00:30:00,2,3,5,5,4,9,4,1,0,0,5,3,10,12,15,15,13,10,37,63,Toyota Stadium,"6000 Main Street, Frisco, Texas",4,1,2.84,3.6,2.18,1.14,1.48,2.2,1.4,2.7,1.63,2.05,2.08,1.67,1.24,2.38,3.6,1.62,5,1,1,1,2,3,2,1398748,0,59,0,-1,2,1,4,2,1,2,6,3,0,0,4,1,0,5,1,43,50,62,94,1.6,1.52,3.12,0,1,0,1,0,0,1,1,0,0,1,0,0,0,1,12,13,1,10,12,1,10,6,58,76,35,59,1.22,2.11,0.63,1.67,1.17,1.89,43,25,1.03,1.55,2.58,36,True,True,True,True,True,False,True,1.49,1.14,2.24,,,,,2.20,3.06,3.97,,,1.68,2.13,1.68,2.12
USA_Major_League_Soccer_2025,2025,0,Chicago Fire,Charlotte,2025-06-29 00:30:00,3,2,5,3,1,4,5,2,0,0,5,2,7,6,12,8,13,10,56,44,,,5,2,1.81,3.9,3.1,1.1,1.39,1.91,1.36,3.0,1.46,2.04,2.56,1.95,1.2,1.91,4.1,1.8,5,3,0,0,2,2,3,7,0,57,0,-1,2,1,2,1,1,0,3,1,0,0,5,2,0,7,1,49,40,86,80,1.46,0.94,2.4,0,0,0,0,0,0,1,1,0,0,0,0,0,0,1,9,16,1,10,13,1,8,2,51,73,31,64,1.42,1.11,0.88,0.64,1.39,1.32,50,28,1.56,1.13,2.69,37,True,True,True,True,True,False,True,1.39,1.11,2.00,,,2.03,1.85,3.36,2.04,4.06,,,1.98,1.83,1.46,2.56
USA_Major_League_Soccer_2025,2025,0,Sporting KC,Real Salt Lake,2025-06-29 00:30:00,1,1,2,6,3,9,5,2,1,0,5,9,8,11,13,20,10,15,45,55,Children's Mercy Park,"One Sporting Way, Kansas City, Kansas",6,2,2.28,3.55,2.5,1.19,1.62,2.55,1.45,2.35,1.44,1.85,2.4,1.85,1.28,2.25,3.3,1.52,2,0,1,1,0,1,1,-1,0,64,0,-1,2,1,3,1,3,2,4,5,3,0,3,2,3,5,1,42,50,89,81,1.48,2.24,3.72,0,0,0,0,0,0,1,1,0,0,2,0,0,0,1,13,12,1,15,10,1,10,5,59,90,43,85,1.0,0.72,1.22,0.8,1.0,1.0,42,11,1.43,1.49,2.92,34,True,True,False,False,False,False,True,,,,,,2.45,1.57,2.78,2.53,3.58,,,1.92,1.89,1.51,2.42
USA_Major_League_Soccer_2025,2025,0,Houston Dynamo,St. Louis City,2025-06-29 00:30:00,1,0,1,7,0,7,2,3,0,0,6,1,12,6,18,7,22,10,48,52,BBVA Compass Stadium,"2200 Texas Avenue, East End, Houston, Texas",2,3,1.72,4.1,3.9,1.18,1.66,2.5,1.62,2.35,1.38,1.68,2.7,2.07,1.25,2.47,3.5,1.58,1,0,0,1,0,1,0,6,0,52,0,-1,2,1,1,0,6,0,1,6,1,3,1,0,4,1,1,48,27,67,99,1.89,0.72,2.61,0,0,0,0,0,0,1,1,0,0,0,0,0,1,1,22,12,1,10,22,1,3,10,63,79,31,68,1.06,0.82,1.0,0.56,1.05,0.79,37,22,1.57,0.99,2.56,34,True,False,False,False,False,False,False,1.64,1.20,2.59,,,,,4.62,1.74,4.12,,,2.18,1.65,,
USA_Major_League_Soccer_2025,2025,0,Seattle Sounders,Austin,2025-06-29 02:30:00,2,0,2,3,5,8,2,3,1,0,6,1,6,10,12,11,12,13,57,43,CenturyLink Field,"800 Occidental Avenue South, Seattle, Washington",3,3,1.77,3.82,4.4,1.25,1.75,2.9,1.65,2.05,1.36,1.65,2.7,2.08,1.37,2.84,3.12,1.47,2,1,0,1,0,1,1,18,0,42,0,-1,2,1,2,1,1,4,3,5,0,0,3,3,0,6,1,65,46,100,78,1.65,1.1,2.75,0,0,0,0,0,0,1,1,0,0,0,0,0,0,1,11,11,1,13,12,1,9,7,43,65,36,59,2.17,1.06,2.13,1.11,1.44,1.37,58,36,1.76,1.06,2.82,36,True,True,False,False,False,False,False,1.88,1.28,3.22,1.37,3.18,2.84,1.45,4.34,1.84,3.82,,,2.06,1.73,1.45,2.59
USA_Major_League_Soccer_2025,2025,0,SJ Earthquakes,LA Galaxy,2025-06-29 02:30:00,1,1,2,3,7,10,2,3,0,0,3,6,10,7,13,13,9,17,49,51,,,2,3,1.67,4.2,4.5,1.11,1.4,2.0,1.42,2.62,1.37,1.65,2.85,2.1,1.17,1.93,4.3,1.77,2,1,0,0,1,1,1,-1,0,67,0,-1,2,1,1,2,2,5,3,7,1,2,1,1,3,2,1,30,44,102,73,1.26,1.56,2.81,0,0,0,0,0,0,1,1,0,0,1,0,0,1,1,18,19,1,17,9,1,7,9,67,86,65,91,1.24,0.41,1.33,0.27,1.37,0.42,34,15,1.92,1.11,3.03,34,True,True,False,False,False,False,True,1.40,1.12,2.03,,,2.06,1.83,4.16,1.77,4.32,,,2.31,1.58,,
USA_Major_League_Soccer_2025,2025,0,Columbus Crew,Philadelphia Union,2025-06-29 22:00:00,1,0,1,2,3,5,2,6,0,0,3,0,4,6,7,6,16,17,60,40,MAPFRE Stadium,"1 Black and Gold Boulevard, Columbus, Ohio",2,6,1.75,3.75,3.7,1.13,1.39,2.08,1.42,2.5,1.5,1.75,2.5,1.85,1.22,2.15,3.8,1.67,1,1,0,0,0,0,1,9,0,59,0,-1,2,1,0,0,2,3,0,5,0,3,2,3,3,5,1,29,32,95,79,0.88,0.62,1.5,0,0,0,0,0,0,1,1,0,0,0,0,0,1,1,11,6,1,17,16,1,8,5,54,65,39,63,1.94,1.61,2.0,2.11,1.79,2.11,46,36,1.67,1.56,3.23,37,True,False,False,False,False,False,False,1.44,1.13,2.10,,,,,4.27,1.81,4.00,,,1.96,1.85,1.49,2.51
USA_Major_League_Soccer_2025,2025,0,Los Angeles FC,Vancouver Whitecaps,2025-06-30 01:30:00,0,1,1,4,7,11,1,2,0,0,3,1,10,4,13,5,9,11,63,37,Banc of California Stadium,"3939 S Figueroa Street, Los Angeles, California",1,2,1.8,3.6,4.6,1.2,1.67,2.5,1.67,2.15,1.4,1.65,2.6,2.08,1.3,2.68,3.2,1.52,1,0,1,0,0,0,1,5,0,44,0,-1,2,1,1,5,3,2,6,5,0,1,1,1,1,2,1,60,31,105,82,1.47,0.62,2.09,0,0,0,0,0,0,1,1,0,0,0,0,0,0,1,26,14,1,11,9,1,5,11,50,57,26,44,2.11,1.65,2.38,1.88,1.63,1.94,50,44,1.9,1.43,3.33,37,True,False,False,False,False,False,False,1.74,1.23,2.83,1.35,3.32,2.68,1.49,4.62,1.82,3.71,,,2.01,1.80,1.46,2.60
USA_Major_League_Soccer_2025,2025,0,New York City,Toronto,2025-07-03 23:30:00,3,1,4,5,6,11,1,4,0,0,6,2,5,8,11,10,10,12,55,45,Yankee Stadium,"One East 161st Street, The Bronx, New York City",1,4,1.53,4.1,5.7,1.17,1.64,2.5,1.7,2.12,1.34,1.73,2.88,2.0,1.32,2.3,3.1,1.57,4,1,0,2,1,3,1,2,0,56,0,-1,2,1,3,3,2,3,6,5,1,2,0,2,3,2,1,36,55,80,120,1.38,1.18,2.56,0,0,0,0,0,0,1,1,0,0,1,2,0,1,1,3,4,1,12,10,1,10,6,59,78,39,78,1.89,0.94,2.1,1.14,1.47,0.89,42,22,1.59,1.08,2.67,34,True,True,True,True,False,False,True,1.67,1.21,2.67,1.34,3.36,2.49,1.57,5.70,1.58,4.32,,,2.12,1.70,1.47,2.55
USA_Major_League_Soccer_2025,2025,0,FC Dallas,Minnesota United,2025-07-05 00:45:00,1,2,3,4,8,12,1,2,0,0,6,6,9,10,15,16,10,10,53,47,Toyota Stadium,"6000 Main Street, Frisco, Texas",1,2,2.82,3.69,2.42,1.18,1.62,2.51,1.5,2.4,1.44,1.73,2.5,1.9,1.3,2.25,3.4,1.61,3,0,1,1,1,2,1,1015,0,48,0,-1,2,1,0,6,4,2,6,6,0,2,1,0,2,1,1,50,49,56,61,1.72,1.77,3.49,0,0,0,0,0,0,1,1,0,0,0,1,0,0,1,15,12,1,10,10,1,9,10,47,64,31,58,1.22,1.58,0.56,1.6,1.11,1.7,53,37,1.09,1.21,2.3,36,True,True,True,False,False,False,True,1.62,1.19,2.56,1.33,3.31,2.42,1.60,2.47,2.82,3.67,,,1.98,1.83,1.49,2.52
USA_Major_League_Soccer_2025,2025,0,Colorado Rapids,Sporting KC,2025-07-05 01:30:00,1,2,3,10,2,12,0,4,0,0,8,2,16,3,24,5,7,15,67,33,,,0,4,1.67,3.9,4.15,1.11,1.53,2.25,1.5,2.4,1.51,1.89,2.32,1.81,1.25,2.28,3.6,1.65,3,0,1,1,1,2,1,8,0,49,0,-1,2,1,4,2,6,0,6,6,0,1,0,3,1,3,1,35,29,49,28,2.31,0.66,2.97,1,0,1,0,0,0,1,1,0,1,0,0,0,0,1,23,18,1,13,7,1,6,15,49,72,34,76,1.65,0.65,1.55,0.8,1.3,1.0,52,29,1.47,1.16,2.63,34,True,True,True,False,False,False,True,1.53,1.16,2.31,,,,,4.54,1.74,4.17,,,1.78,2.02,1.60,2.29
USA_Major_League_Soccer_2025,2025,0,LA Galaxy,Vancouver Whitecaps,2025-07-05 02:30:00,3,0,3,6,7,13,1,5,0,1,8,1,4,4,12,5,7,17,56,44,,,1,6,2.13,3.52,3.05,1.2,1.68,2.72,1.55,2.3,1.42,1.8,2.62,1.9,1.28,2.3,3.3,1.5,3,1,0,2,0,2,1,10,0,47,0,-1,2,1,4,1,2,6,5,8,1,1,0,5,2,5,1,37,42,58,52,1.58,0.69,2.27,1,0,1,0,0,0,1,1,1,0,2,0,0,0,1,21,15,1,16,7,1,3,1,47,66,23,60,1.35,1.65,0.63,2.0,0.45,2.0,53,35,1.39,1.34,2.73,34,True,True,True,False,False,False,False,,,,,,,,,,,,,,,,
USA_Major_League_Soccer_2025,2025,0,Charlotte,Orlando City,2025-07-05 23:15:00,2,2,4,2,6,8,2,4,0,0,5,6,6,9,11,15,15,12,33,67,,,2,4,2.65,3.6,2.02,1.17,1.53,2.3,1.44,2.63,1.53,1.9,2.51,1.8,1.25,2.2,3.75,1.6,4,1,0,1,2,3,1,-1,0,50,0,-1,2,1,1,3,1,3,4,4,0,1,2,3,1,5,1,32,54,62,65,1.27,1.75,3.02,0,0,0,0,0,0,1,1,0,0,0,0,0,0,1,5,8,1,12,15,1,7,10,62,74,34,62,2.11,1.39,2.25,1.6,1.25,1.65,39,27,1.51,1.5,3.01,35,True,True,True,True,False,False,True,1.57,1.17,2.38,,,2.37,1.61,2.23,3.16,3.74,,,1.98,1.83,1.49,2.51
USA_Major_League_Soccer_2025,2025,0,Montreal Impact,Inter Miami,2025-07-05 23:30:00,1,4,5,5,2,7,1,2,0,0,8,10,5,5,13,15,12,14,42,58,Stade Saputo,"4750, rue Sherbrooke Est, Montreal, Quebec",1,2,3.58,4.15,1.9,1.12,1.38,1.95,1.36,2.7,1.65,2.32,2.2,1.73,1.18,2.0,3.9,1.67,5,1,2,0,2,2,3,677446,0,64,0,-1,2,1,0,2,5,0,2,5,1,0,0,2,1,2,1,37,49,36,53,1.64,1.99,3.62,0,0,0,0,0,0,1,1,1,0,0,0,0,0,1,3,4,1,14,12,1,5,4,64,69,52,82,0.71,1.68,0.67,1.71,0.7,1.81,37,31,1.22,1.23,2.45,34,True,True,True,True,True,False,True,1.42,1.12,2.04,,,2.13,1.74,1.86,3.73,4.34,,,1.75,2.03,1.63,2.21
USA_Major_League_Soccer_2025,2025,0,FC Cincinnati,Chicago Fire,2025-07-05 23:30:00,2,1,3,1,10,11,2,2,0,0,4,5,9,10,13,15,8,13,47,53,,,2,2,1.9,4.24,3.3,1.13,1.42,2.07,1.37,2.63,1.55,1.85,2.3,1.85,1.22,2.05,3.9,1.67,3,1,0,1,1,2,1,8043,0,82,0,-1,2,1,1,6,0,4,7,4,0,0,2,2,0,4,1,38,66,76,75,1.37,1.76,3.14,0,0,0,0,0,0,1,1,0,0,0,0,0,0,1,8,1,1,13,8,1,8,6,82,88,48,70,1.8,1.67,2.13,1.8,1.95,1.47,19,13,1.53,1.43,2.96,37,True,True,True,False,False,False,True,1.45,1.14,2.16,,,2.20,1.70,3.69,1.87,4.36,,,1.83,1.98,1.54,2.40
USA_Major_League_Soccer_2025,2025,0,DC United,Atlanta United FC,2025-07-05 23:30:00,0,0,0,3,0,3,1,4,0,0,2,1,7,5,9,6,9,12,40,60,Audi Field,"32-60 R Street South West, Buzzard Point, Washington, District of Columbia",1,4,2.5,3.4,2.53,1.21,1.67,2.5,1.55,2.4,1.44,2.01,2.56,1.88,1.34,2.4,3.1,1.49,0,0,0,0,0,0,0,-1,0,50,0,-1,2,1,1,0,2,0,1,2,0,2,1,2,2,3,1,62,62,72,117,1.15,0.91,2.06,0,0,0,0,0,0,1,1,0,0,0,0,0,0,1,2,4,1,12,9,1,5,9,56,82,29,70,0.76,0.47,0.91,0.22,0.9,0.89,44,18,1.15,1.09,2.24,34,False,False,False,False,False,False,False,1.70,1.21,2.68,1.35,3.33,2.65,1.50,3.01,2.31,3.74,,,2.01,1.80,1.46,2.56
USA_Major_League_Soccer_2025,2025,0,Nashville SC,Philadelphia Union,2025-07-06 00:30:00,1,0,1,4,3,7,1,4,1,0,4,3,8,8,12,11,12,12,50,50,,,3,4,1.94,3.6,4.1,1.22,1.75,2.75,1.7,2.05,1.5,1.8,2.45,1.83,1.33,2.65,3.19,1.49,1,0,0,1,0,1,0,677447,0,50,0,-1,2,1,2,1,2,1,3,3,0,0,2,4,0,6,1,32,34,34,53,1.26,1.15,2.4,1,0,1,0,0,0,1,1,0,0,1,0,0,0,1,20,24,1,11,12,1,8,7,55,65,30,55,2.17,1.61,2.1,1.9,1.9,2.0,45,35,1.87,1.46,3.33,37,True,False,False,False,False,False,False,1.81,1.25,3.00,1.37,3.19,2.80,1.46,3.99,1.93,3.74,,,1.96,1.85,1.50,2.49
USA_Major_League_Soccer_2025,2025,0,Real Salt Lake,St. Louis City,2025-07-06 01:30:00,3,2,5,5,10,15,1,1,0,0,6,5,9,12,15,17,10,8,49,51,Rio Tinto Stadium,"9256 South State Street, Sandy, Utah",1,1,1.55,4.2,4.94,1.15,1.48,2.1,1.55,2.3,1.5,1.8,2.45,1.94,1.27,2.31,3.8,1.68,5,2,0,1,2,3,2,14,0,28,0,-1,2,1,4,2,1,8,6,9,1,1,0,0,2,0,1,54,56,89,93,1.75,1.82,3.58,0,0,0,0,0,0,1,1,1,0,1,0,0,0,1,22,11,1,8,10,1,9,7,38,62,24,69,1.65,0.82,1.25,0.5,1.0,0.75,63,39,1.41,0.96,2.37,34,True,True,True,True,True,False,True,1.48,1.15,2.21,,,2.23,1.68,5.01,1.61,4.59,,,1.94,1.87,1.48,2.53
USA_Major_League_Soccer_2025,2025,0,Portland Timbers,New England Revolution,2025-07-06 02:30:00,2,1,3,5,8,13,0,0,0,0,5,4,9,9,14,13,6,9,51,49,Providence Park,"1844 SW Morrison Street, Portland, Oregon",0,0,2.08,3.6,3.45,1.15,1.58,2.3,1.5,2.6,1.45,1.8,2.45,1.93,1.22,2.25,3.4,1.6,3,1,1,1,0,1,2,20,0,60,0,-1,2,-1,3,2,2,6,5,8,0,0,0,0,0,0,1,67,65,88,84,1.71,1.57,3.28,0,0,0,0,0,0,1,1,0,0,0,0,-1,-1,1,15,16,1,9,6,1,10,8,45,70,40,60,1.63,1.18,1.9,1.6,1.58,1.33,55,30,1.32,1.31,2.63,34,True,True,True,False,False,False,True,1.57,1.17,2.39,,,2.35,1.62,3.35,2.08,3.91,,,1.93,1.89,1.50,2.46
USA_Major_League_Soccer_2025,2025,0,SJ Earthquakes,New York RB,2025-07-06 02:30:00,1,1,2,9,7,16,2,2,1,1,3,4,12,6,15,10,9,13,57,43,,,3,4,1.94,4.0,3.8,1.13,1.44,2.2,1.4,2.62,1.44,2.09,2.47,1.94,1.25,2.33,3.6,1.65,2,0,1,1,0,1,1,-1,0,65,0,-1,2,1,4,1,5,6,5,11,0,0,3,3,0,6,1,66,67,103,104,1.63,1.4,3.03,0,0,0,0,0,0,1,1,0,0,0,0,0,0,1,18,11,1,13,9,1,4,9,55,80,40,85,1.24,0.59,1.3,0.6,1.35,1.45,45,20,1.86,1.08,2.94,34,True,True,False,False,False,False,True,,,,,,,,,,,,,,,,
USA_Major_League_Soccer_2025,2025,0,San Diego,Houston Dynamo,2025-07-06 02:30:00,3,4,7,5,2,7,1,6,0,0,7,5,7,2,14,7,8,15,59,41,,,1,6,1.58,4.1,4.6,1.19,1.6,2.45,1.6,2.14,1.36,1.6,2.7,2.17,1.3,2.44,3.5,1.59,7,1,2,2,2,4,3,6,0,42,0,-1,2,1,4,1,1,1,5,2,0,0,1,6,0,7,1,73,32,107,72,1.9,1.03,2.93,0,1,0,1,0,0,1,1,0,0,1,0,0,0,1,28,16,1,15,7,1,4,6,47,79,31,63,1.67,1.12,2.1,1.11,1.95,1.15,53,21,1.7,0.97,2.67,34,True,True,True,True,True,True,True,,,,,,,,,,,,,,,,
USA_Major_League_Soccer_2025,2025,0,Seattle Sounders,Columbus Crew,2025-07-06 21:00:00,1,1,2,2,1,3,3,3,1,0,2,3,6,6,8,9,13,10,43,57,CenturyLink Field,"800 Occidental Avenue South, Seattle, Washington",4,3,1.95,3.95,3.55,1.15,1.55,2.25,1.5,2.45,1.5,1.83,2.4,1.85,1.25,2.2,3.6,1.6,2,1,1,0,0,0,2,-1,0,66,0,-1,-1,1,-1,-1,-1,-1,-1,-1,0,0,4,3,0,7,1,39,53,91,87,0.94,1.17,2.1,0,0,0,0,0,0,1,1,0,0,-1,-1,0,0,1,14,15,1,10,13,1,4,7,60,78,47,72,2.17,1.16,2.22,1.5,1.53,1.85,41,23,1.74,1.18,2.92,37,True,True,False,False,False,False,True,1.58,1.17,2.44,1.33,3.32,2.38,1.62,3.80,1.93,3.93,,,1.86,1.95,1.56,2.35
USA_Major_League_Soccer_2025,2025,0,New England Revolution,Inter Miami,2025-07-09 23:30:00,1,2,3,5,3,8,1,3,0,0,6,3,10,10,16,13,11,11,44,56,Gillette Stadium,"1388 One Patriot Place, Foxborough, Massachusetts",1,3,2.94,3.95,2.08,1.06,1.33,1.91,1.32,3.1,1.44,1.83,2.55,1.85,1.18,1.94,4.33,1.96,3,0,2,1,0,1,2,677446,0,57,0,-1,2,1,2,2,3,1,4,4,0,1,1,2,1,3,1,4,7,8,22,1.44,1.07,2.51,0,0,0,0,0,0,1,1,0,0,0,1,0,0,1,3,1,1,11,11,1,6,10,57,69,57,76,0.94,1.68,1.0,1.88,1.26,1.88,44,32,1.15,1.33,2.48,34,True,True,True,False,False,False,True,1.37,1.10,1.92,,,2.01,1.86,2.08,3.26,4.04,,,1.93,1.88,1.50,2.49
USA_Major_League_Soccer_2025,2025,0,Los Angeles FC,Colorado Rapids,2025-07-10 02:25:00,3,0,3,2,0,2,0,0,0,1,5,2,16,4,21,6,20,8,73,27,Banc of California Stadium,"3939 S Figueroa Street, Los Angeles, California",0,2,1.43,5.13,7.18,1.16,1.5,2.4,1.67,2.02,1.47,1.74,2.45,1.98,1.25,2.2,3.9,1.7,3,1,0,2,0,2,1,6490,0,45,0,-1,2,1,2,0,0,0,2,0,0,1,0,0,1,0,1,90,16,121,58,2.32,0.64,2.96,1,0,1,0,0,0,1,1,0,0,0,0,0,1,1,13,22,1,7,20,1,1,12,50,67,28,73,2.11,0.76,2.11,1.0,1.53,1.24,50,33,1.85,0.96,2.81,34,True,True,True,False,False,False,False,1.52,1.16,2.31,,,2.24,1.68,7.66,1.41,5.09,,,2.07,1.74,1.47,2.57
USA_Major_League_Soccer_2025,2025,0,Charlotte,New York City,2025-07-12 23:30:00,2,0,2,3,2,5,3,3,0,0,3,4,4,12,7,16,8,9,39,61,,,3,3,2.08,3.7,2.9,1.13,1.49,2.25,1.44,2.5,1.34,1.61,2.65,2.1,1.25,2.25,3.6,1.58,2,1,0,1,0,1,1,711351,0,45,0,-1,2,1,2,1,1,1,3,2,1,1,2,2,2,4,1,18,76,74,137,0.79,1.85,2.64,0,0,0,0,0,0,1,1,0,0,0,0,0,0,1,20,14,1,9,8,1,12,5,50,67,33,62,2.11,1.52,2.11,0.78,1.24,1.55,50,34,1.49,1.15,2.64,37,True,True,False,False,False,False,False,1.58,1.17,2.41,,,2.36,1.62,3.12,2.23,3.77,,,2.15,1.68,,
USA_Major_League_Soccer_2025,2025,0,Philadelphia Union,New York RB,2025-07-12 23:30:00,2,0,2,8,5,13,2,2,0,0,5,1,12,7,17,8,13,11,52,48,,,2,2,1.72,3.65,3.76,1.2,1.77,2.9,1.67,2.1,1.51,1.93,2.2,1.75,1.33,2.45,3.25,1.5,2,2,0,0,0,0,2,16,0,58,0,-1,2,1,5,1,3,4,6,7,0,0,2,2,0,4,1,10,7,34,17,1.48,0.62,2.1,0,0,0,0,0,0,1,1,1,0,2,1,0,0,1,6,5,1,11,13,1,5,10,58,77,34,82,2.16,0.59,2.1,0.64,1.9,1.43,42,24,1.72,1.11,2.83,34,True,True,False,False,False,False,False,1.79,1.24,2.93,1.36,3.29,2.72,1.48,4.03,1.93,3.72,,,1.90,1.92,1.52,2.40
USA_Major_League_Soccer_2025,2025,0,Orlando City,Montreal Impact,2025-07-12 23:30:00,1,1,2,3,2,5,4,3,0,0,4,1,6,3,10,4,21,18,52,48,,,4,3,1.41,4.6,7.5,1.13,1.44,2.1,1.62,2.12,1.47,1.91,2.25,1.8,1.2,2.1,3.72,1.79,2,1,0,0,1,1,1,-1,0,58,0,-1,2,1,0,1,3,1,1,4,0,1,4,2,1,6,1,2,8,17,31,0.92,0.38,1.3,0,1,0,1,0,0,1,1,0,0,0,1,0,0,1,2,2,1,18,20,1,4,5,63,72,39,73,1.65,0.94,1.7,0.73,1.62,0.67,38,28,1.71,1.15,2.86,34,True,True,False,False,False,False,True,1.50,1.15,2.25,,,2.16,1.74,7.08,1.42,5.17,,,1.76,2.02,1.60,2.27
USA_Major_League_Soccer_2025,2025,0,Toronto,Atlanta United FC,2025-07-12 23:30:00,1,1,2,3,3,6,4,0,0,0,5,3,8,7,13,10,14,9,37,63,,,4,0,2.42,3.25,2.78,1.22,1.67,2.6,1.6,2.2,1.42,1.71,2.6,1.89,1.34,2.38,3.25,1.44,2,0,0,1,1,2,0,-1,0,37,0,-1,2,1,0,2,3,1,2,4,1,0,3,0,1,3,1,8,6,10,17,1.22,0.88,2.09,0,1,0,1,0,0,1,1,0,0,0,0,0,0,1,4,5,1,9,13,1,13,5,47,79,19,51,0.94,0.47,0.75,0.3,0.85,0.9,54,22,1.17,1.07,2.24,34,True,True,False,False,False,False,True,1.73,1.22,2.79,1.34,3.37,2.60,1.53,2.80,2.46,3.72,,,1.95,1.86,1.49,2.49
USA_Major_League_Soccer_2025,2025,0,Inter Miami,Nashville SC,2025-07-12 23:45:00,2,1,3,0,4,4,2,2,0,0,5,2,4,6,9,8,11,14,53,47,,,2,2,1.91,4.0,3.3,1.08,1.38,2.03,1.35,2.8,1.63,2.0,2.1,1.73,1.24,2.0,4.0,1.76,3,1,0,1,1,2,1,677446,0,69,0,-1,2,1,0,1,0,3,1,3,0,1,2,1,1,3,1,2,2,2,5,0.92,0.65,1.57,0,0,0,0,0,0,1,1,0,0,0,0,0,0,1,0,1,1,14,11,1,4,4,69,90,48,85,2.29,0.95,1.89,1.7,1.94,1.95,31,11,1.41,1.34,2.75,37,True,True,True,False,False,False,True,1.39,1.11,2.00,,,2.06,1.82,3.48,1.96,4.20,,,1.72,2.09,1.63,2.23
USA_Major_League_Soccer_2025,2025,0,Austin,New England Revolution,2025-07-13 00:30:00,0,0,0,7,7,14,1,3,0,0,4,8,15,6,19,14,11,7,57,43,,,1,3,1.99,3.25,3.05,1.27,1.95,3.25,1.73,1.95,1.45,1.74,2.55,2.0,1.36,2.75,2.8,1.41,0,0,0,0,0,0,0,-1,0,43,0,-1,-1,1,-1,-1,-1,-1,-1,-1,1,1,0,2,2,2,1,55,35,99,58,1.87,1.69,3.56,0,0,0,0,0,0,1,1,0,0,-1,-1,0,0,1,18,15,1,7,11,1,10,15,38,57,38,52,1.56,1.18,1.6,1.45,1.3,1.2,63,43,1.46,1.33,2.79,34,False,False,False,False,False,False,False,2.04,1.33,3.55,1.42,2.97,3.06,1.40,3.06,2.44,3.37,,,2.04,1.76,,
USA_Major_League_Soccer_2025,2025,0,Minnesota United,SJ Earthquakes,2025-07-13 00:30:00,4,1,5,5,8,13,0,5,0,0,6,4,6,6,12,10,18,13,36,64,,,0,5,0.0,0.0,0.0,1.14,1.45,2.23,1.44,2.6,1.41,1.67,2.8,2.0,1.21,2.2,3.6,1.62,5,3,0,1,1,2,3,1015,0,65,0,-1,-1,1,-1,-1,-1,-1,-1,-1,0,2,0,3,2,3,1,32,69,61,100,1.41,1.41,2.82,0,0,0,0,0,0,1,1,1,0,-1,-1,0,1,1,18,28,1,13,18,1,7,3,60,80,35,60,1.58,1.18,1.8,1.4,1.76,1.33,40,20,1.53,1.67,3.2,34,True,True,True,True,True,False,True,1.50,1.15,2.27,,,2.27,1.66,3.91,1.87,4.08,,,2.13,1.68,,
USA_Major_League_Soccer_2025,2025,0,Chicago Fire,San Diego,2025-07-13 00:30:00,1,2,3,7,0,7,2,2,0,0,4,4,14,3,18,7,17,11,43,57,,,2,2,2.48,3.8,2.49,1.08,1.38,1.98,1.4,2.88,1.6,1.9,2.45,1.75,1.22,2.21,3.8,1.72,3,0,2,1,0,1,2,1398748,0,63,0,-1,2,1,3,0,4,0,3,4,1,1,1,1,2,2,1,42,33,83,75,1.71,0.97,2.68,0,0,0,0,0,0,1,1,0,1,1,0,0,1,1,20,18,1,11,17,1,10,7,62,79,47,69,1.42,2.11,1.11,1.8,1.4,1.86,38,22,1.55,1.55,3.1,37,True,True,True,False,False,False,True,1.41,1.11,2.03,,,,,2.62,2.48,4.04,,,1.93,1.88,1.50,2.45
USA_Major_League_Soccer_2025,2025,0,Sporting KC,Seattle Sounders,2025-07-13 00:30:00,2,3,5,7,4,11,2,4,0,1,9,7,14,6,23,13,16,16,48,52,Children's Mercy Park,"One Sporting Way, Kansas City, Kansas",2,6,3.45,3.5,2.03,1.2,1.64,2.69,1.53,2.3,1.44,1.86,2.62,2.05,1.29,2.32,3.5,1.55,5,0,3,2,0,2,3,18,0,55,0,-1,2,1,1,2,6,2,3,8,1,2,1,3,3,4,1,59,41,96,75,2.5,1.61,4.1,2,1,2,1,0,0,1,1,0,0,0,0,0,0,1,16,9,1,14,15,1,5,6,50,85,40,95,1.0,1.11,1.2,0.9,1.1,1.5,50,15,1.44,1.45,2.89,34,True,True,True,True,True,False,True,1.68,1.20,2.69,,,2.52,1.56,2.06,3.48,3.82,,,1.95,1.86,1.50,2.46
USA_Major_League_Soccer_2025,2025,0,FC Cincinnati,Columbus Crew,2025-07-13 00:35:00,2,4,6,5,4,9,4,4,0,0,4,4,9,7,13,11,9,16,50,50,,,4,4,2.36,3.65,2.75,1.17,1.57,2.2,1.48,2.5,1.64,1.88,2.1,1.8,1.29,2.35,3.3,1.62,6,2,2,0,2,2,4,9,0,78,0,-1,2,1,4,3,1,1,7,2,3,0,1,4,3,5,1,38,39,88,81,1.38,1.26,2.64,0,0,0,0,0,0,1,1,2,0,0,0,0,0,1,17,8,1,16,9,1,7,10,62,84,39,73,1.8,1.16,2.22,1.44,2.0,1.81,39,17,1.51,1.18,2.69,37,True,True,True,True,True,True,True,,,,,,2.35,1.63,2.85,2.36,3.87,,,1.80,2.01,1.59,2.25
USA_Major_League_Soccer_2025,2025,0,Colorado Rapids,Vancouver Whitecaps,2025-07-13 01:30:00,3,0,3,7,10,17,2,1,0,0,7,2,9,12,16,14,8,16,41,59,,,2,1,2.4,3.55,2.63,1.2,1.67,2.6,1.5,2.4,1.49,1.77,2.8,2.0,1.3,2.5,3.3,1.53,3,2,0,1,0,1,2,12,0,37,0,-1,2,1,3,4,4,6,7,10,1,1,1,0,2,1,1,16,47,61,82,1.61,1.36,2.97,0,0,0,0,0,0,1,1,0,0,0,0,0,0,1,20,19,1,15,8,1,11,7,42,63,24,67,1.65,1.65,1.42,1.8,1.18,1.9,59,38,1.54,1.28,2.82,34,True,True,True,False,False,False,False,1.68,1.20,2.64,,,,,2.73,2.52,3.70,,,2.07,1.72,,
USA_Major_League_Soccer_2025,2025,0,Real Salt Lake,Houston Dynamo,2025-07-13 01:30:00,1,0,1,5,4,9,3,2,0,0,5,4,12,15,17,19,15,8,41,59,Rio Tinto Stadium,"9256 South State Street, Sandy, Utah",3,2,1.95,3.6,3.7,1.22,1.72,2.45,1.62,2.2,1.5,1.94,2.55,1.95,1.28,2.5,3.27,1.5,1,1,0,0,0,0,1,14,0,42,0,-1,2,1,4,2,1,2,6,3,0,2,3,0,2,3,1,34,60,82,97,1.67,1.91,3.57,0,0,0,0,0,0,1,1,0,0,1,0,0,0,1,18,18,1,8,15,1,13,4,42,74,32,75,1.65,1.12,1.44,1.3,1.1,1.24,59,27,1.45,0.98,2.43,34,True,False,False,False,False,False,False,1.72,1.22,2.78,1.37,3.24,2.62,1.52,3.87,1.94,3.83,,,1.92,1.89,1.49,2.48
USA_Major_League_Soccer_2025,2025,0,Los Angeles FC,FC Dallas,2025-07-13 02:30:00,2,0,2,8,3,11,0,2,0,0,10,1,6,9,16,10,10,13,64,36,Banc of California Stadium,"3939 S Figueroa Street, Los Angeles, California",0,2,1.37,4.85,6.9,1.08,1.42,1.95,1.62,2.17,1.39,1.75,2.65,1.95,1.22,2.0,4.0,1.71,2,2,0,0,0,0,2,6490,0,45,0,-1,2,1,2,1,6,2,3,8,0,0,0,2,0,2,1,79,47,126,74,2.28,1.04,3.32,1,0,1,0,0,0,1,1,0,0,0,0,0,0,1,21,18,1,12,10,1,8,12,55,65,30,70,2.11,1.28,2.2,1.6,1.61,1.05,45,35,1.9,1.27,3.17,36,True,True,False,False,False,False,False,1.41,1.12,2.10,,,2.10,1.79,7.72,1.37,5.57,,,1.96,1.85,1.48,2.54
USA_Major_League_Soccer_2025,2025,0,LA Galaxy,DC United,2025-07-13 02:30:00,2,1,3,2,5,7,3,5,0,0,5,3,9,8,14,11,5,14,58,42,,,3,5,1.55,4.0,5.05,1.18,1.65,2.55,1.7,2.15,1.59,1.85,2.29,1.83,1.33,2.38,3.5,1.6,3,1,0,1,1,2,1,10,0,50,0,-1,2,1,2,2,0,3,4,3,0,2,3,3,2,6,1,61,56,75,60,1.67,1.3,2.97,0,0,0,0,0,0,1,1,0,0,1,0,0,0,1,13,13,1,14,5,1,3,5,62,89,34,78,1.35,0.76,0.89,0.89,0.57,0.9,39,11,1.41,1.32,2.73,34,True,True,True,False,False,False,True,1.65,1.21,2.57,1.33,3.30,2.46,1.58,5.31,1.63,4.22,,,1.76,2.02,1.59,2.29
USA_Major_League_Soccer_2025,2025,0,St. Louis City,Portland Timbers,2025-07-13 23:00:00,2,1,3,4,3,7,2,4,0,0,9,4,11,6,20,10,10,9,53,47,,,2,4,2.12,3.95,3.0,1.13,1.44,2.1,1.37,2.62,1.39,1.77,2.5,1.95,1.22,2.19,3.65,1.74,3,0,1,2,0,2,1,945555,0,47,0,-1,2,1,2,1,2,2,3,4,0,0,2,4,0,6,1,69,37,96,93,2.38,1.19,3.57,0,0,0,0,0,0,1,1,0,0,0,0,0,0,1,6,4,1,9,10,1,7,11,58,64,31,74,1.06,0.89,1.0,1.22,0.71,1.65,42,37,1.55,1.24,2.79,34,True,True,True,False,False,False,True,1.47,1.14,2.19,,,2.21,1.70,3.24,2.13,3.92,,,2.07,1.74,1.46,2.56
USA_Major_League_Soccer_2025,2025,0,New York RB,New England Revolution,2025-07-16 23:30:00,5,3,8,3,4,7,2,4,0,0,8,6,13,7,21,13,17,13,58,42,Red Bull Arena,"Frank Rogers Boulevard South, Harrison, New Jersey",2,4,1.72,3.8,4.04,1.21,1.73,2.9,1.67,2.1,1.5,1.82,2.4,1.91,1.33,2.66,3.25,1.5,8,0,2,5,1,6,2,4,0,51,0,-1,2,1,1,2,2,2,3,4,0,1,2,3,1,5,1,6,11,20,11,1.91,1.31,3.22,1,0,1,0,0,0,1,1,0,1,0,1,0,0,1,3,1,1,12,17,1,6,13,56,74,61,74,1.94,1.18,2.3,1.42,1.36,1.19,44,26,1.38,1.37,2.75,34,True,True,True,True,True,True,True,1.78,1.24,2.90,,,,,4.16,1.89,3.76,2.30,1.65,,,,
USA_Major_League_Soccer_2025,2025,0,Charlotte,DC United,2025-07-16 23:30:00,2,1,3,9,4,13,0,1,0,0,7,1,10,10,17,11,7,10,58,42,,,0,1,1.66,4.2,5.7,1.15,1.5,2.3,1.62,2.21,1.73,2.3,2.0,1.55,1.29,2.25,3.5,1.57,3,1,0,1,1,2,1,711351,0,55,0,-1,2,1,5,4,4,0,9,4,0,1,0,0,1,0,1,54,19,131,70,1.96,0.91,2.87,0,0,0,0,0,0,1,1,0,0,4,0,0,0,1,3,1,1,10,7,1,7,10,65,90,40,75,2.11,0.76,2.2,0.8,1.32,0.86,35,10,1.42,1.32,2.74,34,True,True,True,False,False,False,True,1.56,1.17,2.37,,,2.38,1.62,6.61,1.48,4.68,2.24,1.69,1.62,2.25,1.78,2.02
USA_Major_League_Soccer_2025,2025,0,FC Cincinnati,Inter Miami,2025-07-16 23:30:00,3,0,3,1,4,5,1,0,0,0,6,2,5,8,11,10,6,9,44,56,,,1,0,2.6,3.75,2.83,1.11,1.4,2.0,1.38,2.8,1.65,2.44,2.1,1.65,1.22,2.0,3.9,1.7,3,1,0,2,0,2,1,8043,0,74,0,-1,2,1,1,1,0,3,2,3,0,0,1,0,0,1,1,35,36,89,105,1.37,1.04,2.42,0,0,0,0,0,0,1,1,0,0,1,0,0,0,1,4,2,1,9,6,1,8,6,74,79,54,75,1.8,1.68,2.0,2.0,1.91,2.0,26,21,1.5,1.3,2.8,38,True,True,True,False,False,False,False,1.48,1.15,2.14,,,2.18,1.72,2.44,2.72,3.89,2.94,1.43,1.70,2.12,1.68,2.14
USA_Major_League_Soccer_2025,2025,0,Philadelphia Union,Montreal Impact,2025-07-16 23:30:00,2,1,3,9,4,13,2,2,0,0,6,4,11,7,17,11,17,8,59,41,,,2,2,1.43,4.45,6.5,1.15,1.5,2.25,1.67,2.12,1.43,1.71,2.55,2.0,1.25,2.15,3.6,1.62,3,1,1,1,0,1,2,16,0,53,0,-1,2,1,3,0,6,4,3,10,2,1,0,1,3,1,1,50,22,96,82,1.85,1.14,2.99,0,0,0,0,0,0,1,1,0,0,0,0,0,0,1,6,6,1,8,17,1,5,4,58,75,31,75,2.16,0.94,2.18,0.75,1.95,0.68,43,26,1.7,1.09,2.79,34,True,True,True,False,False,False,True,1.55,1.17,2.35,,,2.27,1.67,7.55,1.41,5.04,2.19,1.72,1.96,1.85,1.48,2.53
USA_Major_League_Soccer_2025,2025,0,Atlanta United FC,Chicago Fire,2025-07-16 23:30:00,2,2,4,3,4,7,2,2,0,0,4,8,6,6,10,14,11,6,52,48,Mercedes-Benz Stadium,"1 AMB Drive North West, Atlanta, Georgia",2,2,2.2,3.6,2.75,1.11,1.4,1.95,1.36,2.9,1.45,1.7,2.55,2.0,1.2,1.97,4.2,1.72,4,0,1,2,1,3,1,-1,0,85,0,-1,2,1,0,4,3,0,4,3,1,2,1,0,3,1,1,45,34,120,73,1.25,1.69,2.94,0,0,0,0,0,0,1,1,0,1,0,1,0,0,1,6,2,1,6,11,1,7,11,75,85,52,86,1.18,1.67,1.5,1.64,0.9,1.33,25,15,1.36,1.46,2.82,34,True,True,True,True,False,False,True,1.42,1.13,2.01,,,2.07,1.81,2.74,2.37,4.04,3.12,1.39,2.01,1.80,1.46,2.56
USA_Major_League_Soccer_2025,2025,0,Orlando City,New York City,2025-07-17 00:15:00,1,2,3,9,4,13,1,2,0,0,7,4,19,7,26,11,11,10,46,54,,,1,2,1.58,3.95,4.8,1.18,1.55,2.5,1.57,2.2,1.5,1.73,2.4,1.85,1.29,2.35,3.3,1.55,3,1,0,0,2,2,1,2,0,52,0,-1,2,1,8,2,1,2,10,3,0,1,1,1,1,2,1,52,32,83,91,2.49,1.21,3.7,0,0,0,0,0,0,1,1,0,0,1,1,0,0,1,11,10,1,10,11,1,3,15,52,66,43,76,1.65,1.52,1.64,0.7,1.59,1.48,49,34,1.64,1.22,2.86,35,True,True,True,False,False,False,True,1.65,1.20,2.63,,,2.53,1.55,5.01,1.70,3.99,2.33,1.64,2.03,1.76,,
USA_Major_League_Soccer_2025,2025,0,Nashville SC,Columbus Crew,2025-07-17 00:30:00,3,0,3,1,5,6,1,2,0,0,4,4,6,17,10,21,13,3,37,63,,,1,2,2.05,3.7,3.45,1.22,1.7,2.85,1.6,2.15,1.8,2.37,1.91,1.53,1.3,2.4,3.2,1.5,3,2,0,1,0,1,2,677447,0,73,0,-1,2,1,0,2,1,3,2,4,0,0,1,2,0,3,1,30,83,76,126,1.13,2.2,3.33,0,0,0,0,0,0,1,1,1,0,0,1,0,0,1,8,16,1,3,13,1,12,6,62,82,48,73,2.17,1.16,2.18,1.6,1.86,1.86,38,19,1.82,1.19,3.01,37,True,True,True,False,False,False,False,1.75,1.22,2.82,,,2.50,1.56,3.66,2.02,3.75,2.36,1.62,1.52,2.40,1.85,1.97
USA_Major_League_Soccer_2025,2025,0,Minnesota United,Los Angeles FC,2025-07-17 00:30:00,0,1,1,10,3,13,4,3,0,0,3,6,7,1,10,7,12,11,55,45,,,4,3,2.4,3.25,2.85,1.25,1.81,2.6,1.6,2.2,1.44,1.78,2.5,1.87,1.32,2.55,3.1,1.45,1,0,1,0,0,0,1,6490,0,70,0,19774,2,1,2,3,8,0,5,8,3,0,1,3,3,4,1,68,27,110,78,1.34,1.07,2.41,0,1,0,1,0,0,1,1,0,0,0,2,1,0,1,23,10,1,11,11,1,3,5,70,85,60,76,1.58,1.53,1.91,0.88,1.82,1.68,31,16,1.52,1.38,2.9,37,True,False,False,False,False,False,False,1.81,1.25,2.98,1.36,3.26,2.75,1.48,3.17,2.26,3.61,2.34,1.64,1.92,1.90,1.52,2.43
USA_Major_League_Soccer_2025,2025,0,Houston Dynamo,Vancouver Whitecaps,2025-07-17 00:30:00,0,3,3,6,1,7,5,4,0,0,2,7,9,5,11,12,19,10,59,41,BBVA Compass Stadium,"2200 Texas Avenue, East End, Houston, Texas",5,4,2.05,3.45,3.25,1.24,1.86,2.9,1.62,2.2,1.44,1.66,2.6,2.1,1.33,2.69,3.34,1.49,3,0,2,0,1,1,2,5,0,50,0,-1,2,1,2,1,4,0,3,4,1,2,4,2,3,6,1,32,28,95,58,1.07,1.45,2.52,0,0,0,0,0,0,1,1,0,1,0,0,0,0,1,15,10,1,10,18,1,8,12,60,69,41,64,1.06,1.65,1.18,1.64,1.18,1.81,41,32,1.59,1.29,2.88,34,True,True,True,False,False,False,False,1.76,1.24,2.87,1.35,3.34,2.69,1.49,3.91,1.94,3.77,2.29,1.66,2.07,1.72,,
USA_Major_League_Soccer_2025,2025,0,Seattle Sounders,Colorado Rapids,2025-07-17 02:15:00,3,3,6,3,7,10,4,5,0,0,8,9,8,4,16,13,8,11,55,45,CenturyLink Field,"800 Occidental Avenue South, Seattle, Washington",4,5,1.67,4.3,4.76,1.12,1.68,2.25,1.5,2.3,1.42,1.73,2.62,2.0,1.25,2.14,3.55,1.64,6,2,0,1,3,4,2,-1,0,50,0,30049,2,1,0,5,3,2,5,5,0,1,4,4,1,8,1,11,5,21,22,1.64,1.48,3.11,0,2,0,2,0,0,1,1,0,0,0,0,0,0,1,13,18,1,11,6,1,5,11,55,75,45,75,2.17,0.76,2.1,0.9,1.57,1.26,45,25,1.66,0.93,2.59,34,True,True,True,True,True,True,True,1.56,1.18,2.27,1.34,3.22,2.33,1.64,4.94,1.68,4.20,2.47,1.58,2.05,1.74,,
USA_Major_League_Soccer_2025,2025,0,San Diego,Toronto,2025-07-17 02:30:00,0,1,1,4,1,5,5,3,0,0,1,2,6,2,7,4,15,13,70,30,,,5,3,1.42,4.9,6.8,1.11,1.47,2.3,1.62,2.06,1.6,2.08,2.2,1.73,1.19,2.15,3.7,1.62,1,0,1,0,0,0,1,19,0,60,0,-1,2,1,0,0,4,1,0,5,2,1,3,2,3,5,1,6,4,30,20,0.56,0.42,0.98,0,1,0,1,0,0,1,1,0,0,0,0,0,0,1,19,14,1,13,14,1,2,6,59,85,53,81,1.67,0.94,1.91,1.0,1.91,0.86,42,16,1.71,1.1,2.81,34,True,False,False,False,False,False,False,1.55,1.18,2.41,,,2.31,1.65,6.84,1.44,5.00,2.20,1.71,1.73,2.08,1.62,2.24
USA_Major_League_Soccer_2025,2025,0,SJ Earthquakes,FC Dallas,2025-07-17 02:30:00,2,2,4,4,4,8,5,0,0,0,3,5,10,8,13,13,19,18,63,37,,,5,0,1.44,4.45,4.8,1.1,1.4,2.08,1.5,2.52,1.45,1.6,2.55,2.0,1.22,2.02,4.1,1.82,4,1,1,1,1,2,2,-1,0,69,0,-1,2,1,0,2,4,2,2,6,2,0,3,0,2,3,1,12,13,31,32,1.11,1.26,2.37,0,0,0,0,0,0,1,1,0,0,0,0,0,0,1,16,16,1,18,19,1,5,12,60,82,50,91,1.24,1.28,1.27,1.45,1.27,1.0,41,18,1.84,1.25,3.09,34,True,True,True,True,False,False,True,1.44,1.13,2.10,,,2.13,1.76,5.32,1.58,4.59,2.70,1.50,2.29,1.58,,
USA_Major_League_Soccer_2025,2025,0,LA Galaxy,Austin,2025-07-17 02:30:00,1,2,3,8,2,10,2,4,0,0,4,5,12,2,16,7,12,17,58,42,,,2,4,1.86,3.7,3.75,1.22,1.73,2.5,1.62,2.1,1.47,1.85,2.3,1.83,1.3,2.4,3.3,1.49,3,0,1,1,1,2,1,698284,0,40,0,-1,2,1,3,1,5,1,4,6,2,1,0,3,3,3,1,15,25,28,34,1.39,0.97,2.35,1,0,1,0,0,0,1,1,0,0,0,0,1,0,1,19,13,1,16,12,1,6,11,40,80,15,75,1.35,1.06,1.1,1.0,0.68,1.29,60,20,1.44,1.06,2.5,34,True,True,True,False,False,False,True,1.66,1.20,2.64,1.38,3.16,2.52,1.56,4.08,1.85,4.03,2.35,1.63,1.97,1.84,1.48,2.55
USA_Major_League_Soccer_2025,2025,0,Portland Timbers,Real Salt Lake,2025-07-17 02:30:00,0,1,1,9,2,11,1,4,0,0,1,4,11,6,12,10,9,10,44,56,Providence Park,"1844 SW Morrison Street, Portland, Oregon",1,4,2.08,3.5,2.9,1.15,1.45,2.2,1.4,2.7,1.48,1.73,2.55,1.98,1.25,2.11,3.4,1.62,1,0,0,0,1,1,0,14,0,73,0,-1,2,1,2,2,7,0,4,7,0,1,1,3,1,4,1,16,14,45,51,0.94,1.01,1.95,0,0,0,0,0,0,1,1,0,0,2,1,0,0,1,23,9,1,10,9,1,6,10,50,87,36,73,1.63,0.72,2.0,0.82,1.57,1.19,50,14,1.36,1.56,2.92,35,True,False,False,False,False,False,False,1.51,1.15,2.26,,,,,2.98,2.28,3.87,2.85,1.45,1.98,1.83,1.48,2.55
USA_Major_League_Soccer_2025,2025,0,Atlanta United FC,Charlotte,2025-07-19 23:30:00,2,3,5,7,2,9,1,1,0,0,6,4,13,4,19,8,9,14,54,46,Mercedes-Benz Stadium,"1 AMB Drive North West, Atlanta, Georgia",1,1,2.21,3.8,2.8,1.1,1.48,2.15,1.44,2.66,1.5,1.91,2.4,1.91,1.24,2.17,3.6,1.6,5,1,0,1,3,4,1,711351,0,70,0,-1,2,1,2,0,5,2,2,7,1,1,0,0,2,0,1,63,30,110,73,2.07,1.01,3.08,0,0,0,0,0,0,1,1,0,0,2,0,0,0,1,3,7,1,14,9,1,3,13,61,78,39,75,1.18,1.11,1.45,0.58,0.91,1.39,39,22,1.35,1.11,2.46,34,True,True,True,True,True,False,True,1.56,1.17,2.37,,,2.33,1.64,2.98,2.28,3.85,2.70,1.50,1.91,1.91,1.53,2.39
USA_Major_League_Soccer_2025,2025,0,Montreal Impact,Chicago Fire,2025-07-19 23:30:00,0,2,2,5,3,8,5,3,0,0,4,4,13,6,17,10,16,13,51,49,Stade Saputo,"4750, rue Sherbrooke Est, Montreal, Quebec",5,3,2.9,3.8,2.34,1.17,1.5,2.33,1.42,2.5,1.59,2.0,2.1,1.73,1.29,2.25,3.4,1.57,2,0,1,0,1,1,1,7,0,80,0,-1,2,1,4,1,1,2,5,3,1,2,4,1,3,5,1,46,29,119,62,1.69,1.12,2.81,0,0,0,0,0,0,1,1,0,0,0,0,0,0,1,3,2,1,13,16,1,3,12,80,85,49,86,0.71,1.67,0.6,1.58,0.65,1.32,20,15,1.26,1.48,2.74,34,True,True,False,False,False,False,False,1.58,1.17,2.39,,,,,2.31,2.99,3.76,2.72,1.49,1.73,2.08,1.64,2.20
USA_Major_League_Soccer_2025,2025,0,Columbus Crew,DC United,2025-07-19 23:30:00,2,1,3,7,0,7,1,1,0,1,5,1,13,5,18,6,6,14,64,36,MAPFRE Stadium,"1 Black and Gold Boulevard, Columbus, Ohio",1,2,1.3,4.7,6.5,1.16,1.53,2.33,1.75,2.1,1.61,1.91,2.25,1.74,1.25,2.25,3.6,1.62,3,1,0,1,1,2,1,9,0,66,0,20668,2,1,1,0,6,0,1,6,1,0,0,2,1,2,1,83,18,123,59,2.08,0.59,2.67,1,0,1,0,0,0,1,1,0,0,1,0,0,0,1,14,14,1,13,6,1,5,9,66,79,48,83,1.94,0.76,2.08,0.73,1.78,0.83,35,21,1.6,1.28,2.88,34,True,True,True,False,False,False,True,1.58,1.18,2.43,,,2.43,1.60,6.59,1.48,4.78,2.18,1.72,1.75,2.03,1.61,2.25
USA_Major_League_Soccer_2025,2025,0,New York RB,Inter Miami,2025-07-19 23:30:00,1,5,6,2,4,6,2,3,0,0,2,8,6,5,8,13,15,8,37,63,,,2,3,2.48,3.69,2.71,1.14,1.46,2.15,1.44,2.62,1.7,1.95,2.05,1.65,1.25,2.1,3.6,1.65,6,1,3,0,2,2,4,677446,0,67,0,25219,2,1,1,1,1,3,2,4,1,3,1,0,4,1,1,14,4,23,4,0.74,1.4,2.14,0,0,0,0,0,0,1,1,0,0,0,1,0,0,1,5,3,1,8,15,1,5,8,77,86,76,91,1.94,1.68,2.36,1.8,1.43,1.9,24,15,1.43,1.27,2.7,34,True,True,True,True,True,True,True,,,,,,2.21,1.70,2.71,2.53,3.72,2.96,1.42,1.65,2.19,1.70,2.11
USA_Major_League_Soccer_2025,2025,0,New England Revolution,Orlando City,2025-07-19 23:30:00,1,2,3,9,6,15,1,1,0,0,3,5,11,11,14,16,18,13,62,38,Gillette Stadium,"1388 One Patriot Place, Foxborough, Massachusetts",1,1,3.04,3.65,2.28,1.18,1.61,2.4,1.52,2.63,1.5,1.8,2.4,1.91,1.29,2.45,3.3,1.48,3,0,1,1,1,2,1,17,0,50,0,-1,2,1,5,3,4,3,8,7,1,0,0,1,1,1,1,50,28,107,68,1.46,1.56,3.02,0,0,0,0,0,0,1,1,0,0,1,1,0,0,1,2,1,1,13,18,1,10,11,54,66,36,66,0.94,1.39,0.89,1.55,1.14,1.52,46,35,1.18,1.53,2.71,34,True,True,True,False,False,False,True,1.62,1.18,2.55,,,2.47,1.58,2.27,3.09,3.72,2.63,1.52,2.02,1.78,,
USA_Major_League_Soccer_2025,2025,0,FC Dallas,St. Louis City,2025-07-20 00:30:00,3,0,3,2,4,6,2,0,0,0,10,2,6,14,16,16,10,12,34,66,Minato Soccer Stadium,", Nagoya",2,0,2.2,3.8,2.78,1.12,1.39,2.02,1.38,2.68,1.41,1.77,2.6,1.92,1.22,2.1,3.45,1.67,3,1,0,2,0,2,1,13,0,48,0,-1,2,1,1,0,1,4,1,5,0,0,2,0,0,2,1,35,54,73,128,1.96,1.55,3.51,1,0,1,0,0,0,1,1,0,0,0,0,0,0,1,22,19,1,11,10,1,10,8,53,67,19,58,1.22,0.82,0.5,0.45,1.0,0.82,48,33,1.16,1.05,2.21,34,True,True,True,False,False,False,False,1.45,1.13,2.11,,,2.17,1.73,2.96,2.32,3.79,3.03,1.41,,,,
USA_Major_League_Soccer_2025,2025,0,Nashville SC,Toronto,2025-07-20 00:30:00,1,0,1,6,2,8,3,2,0,0,5,0,5,7,10,7,14,8,51,49,,,3,2,1.42,4.6,7.6,1.2,1.65,2.55,1.95,1.73,1.55,2.0,2.2,1.68,1.29,2.3,3.3,1.5,1,1,0,0,0,0,1,677447,0,59,0,28786,2,1,2,0,4,2,2,6,0,0,3,2,0,5,1,53,35,100,76,1.37,0.7,2.07,0,0,0,0,0,0,1,1,0,0,1,0,0,0,1,24,17,1,8,14,1,7,6,62,77,43,74,2.17,0.94,2.25,1.22,1.91,0.95,39,24,1.76,1.02,2.78,34,True,False,False,False,False,False,False,1.68,1.21,2.66,,,2.57,1.54,10.26,1.33,5.32,1.82,2.04,1.72,2.07,1.61,2.24
USA_Major_League_Soccer_2025,2025,0,Houston Dynamo,Philadelphia Union,2025-07-20 00:30:00,1,1,2,2,4,6,3,4,0,1,3,2,8,10,11,12,19,25,60,40,BBVA Compass Stadium,"2200 Texas Avenue, East End, Houston, Texas",3,5,2.2,3.2,2.83,1.25,1.8,3.08,1.65,2.1,1.44,1.68,2.5,1.9,1.37,2.54,2.9,1.44,2,1,1,0,0,0,2,-1,0,47,0,-1,2,1,0,2,2,2,2,4,1,3,2,2,4,4,1,31,37,87,91,1.14,1.17,2.31,1,0,1,0,0,0,1,1,0,0,0,0,0,0,1,18,15,1,24,19,1,4,7,52,64,34,60,1.06,1.61,1.08,1.73,1.13,2.0,49,36,1.55,1.43,2.98,34,True,True,False,False,False,False,True,1.88,1.27,3.08,1.37,3.20,2.82,1.46,3.23,2.30,3.46,2.31,1.65,,,,
USA_Major_League_Soccer_2025,2025,0,Sporting KC,New York City,2025-07-20 00:30:00,1,1,2,7,4,11,2,0,0,0,5,6,6,11,11,17,11,8,40,60,Children's Mercy Park,"One Sporting Way, Kansas City, Kansas",2,0,2.5,3.5,2.45,1.18,1.57,2.35,1.44,2.5,1.41,1.73,2.5,1.98,1.29,2.28,3.4,1.57,2,0,1,1,0,1,1,-1,0,55,0,-1,2,1,4,3,3,1,7,4,0,0,2,0,0,2,1,58,33,81,74,1.46,1.73,3.19,0,0,0,0,0,0,1,1,0,0,0,0,0,0,1,21,10,1,8,11,1,7,7,50,73,41,78,1.0,1.52,1.09,0.91,1.05,1.55,50,27,1.53,1.22,2.75,34,True,True,False,False,False,False,True,1.61,1.18,2.45,,,2.40,1.61,2.54,2.72,3.68,2.70,1.50,1.99,1.82,1.46,2.57
USA_Major_League_Soccer_2025,2025,0,Seattle Sounders,SJ Earthquakes,2025-07-20 00:30:00,3,2,5,5,2,7,1,3,0,0,9,9,10,11,19,20,10,8,53,47,CenturyLink Field,"800 Occidental Avenue South, Seattle, Washington",1,3,1.53,4.25,4.4,1.11,1.38,1.98,1.44,2.25,1.33,1.57,2.92,2.19,1.2,1.96,3.9,1.83,5,1,1,2,1,3,2,18,0,64,0,-1,2,1,3,1,2,1,4,3,0,0,1,3,0,4,1,52,42,87,93,2.2,2.19,4.39,0,0,0,0,0,0,1,1,0,0,0,0,0,0,1,25,22,1,8,10,1,8,11,60,78,46,64,2.17,1.18,2.0,1.27,1.55,1.26,41,23,1.66,1.65,3.31,34,True,True,True,True,True,False,True,1.38,1.11,2.00,,,2.07,1.82,5.56,1.53,4.89,2.74,1.48,2.22,1.62,,
USA_Major_League_Soccer_2025,2025,0,Real Salt Lake,FC Cincinnati,2025-07-20 01:30:00,0,1,1,3,5,8,2,4,0,0,7,4,10,10,17,14,11,14,57,43,Rio Tinto Stadium,"9256 South State Street, Sandy, Utah",2,4,1.94,3.5,3.25,1.21,1.7,2.62,1.54,2.15,1.56,1.87,2.35,1.77,1.33,2.45,3.2,1.5,1,0,0,0,1,1,0,8043,0,44,0,-1,2,1,0,4,3,1,4,4,2,3,0,1,5,1,1,44,34,93,76,1.88,1.41,3.29,0,0,0,0,0,0,1,1,0,0,0,0,0,0,1,17,17,1,14,11,1,9,7,40,64,37,91,1.65,1.94,1.6,1.83,1.27,1.96,60,37,1.47,1.5,2.97,35,True,False,False,False,False,False,False,1.83,1.25,3.02,1.36,3.25,2.76,1.47,3.86,2.02,3.57,2.17,1.73,1.83,1.99,1.56,2.32
USA_Major_League_Soccer_2025,2025,0,Portland Timbers,Minnesota United,2025-07-20 02:30:00,1,1,2,6,3,9,1,3,0,0,4,4,10,12,14,16,13,15,64,36,Providence Park,"1844 SW Morrison Street, Portland, Oregon",1,3,2.8,3.4,2.32,1.18,1.62,2.5,1.55,2.45,1.31,1.78,3.0,2.2,1.28,2.25,3.3,1.55,2,0,0,1,1,2,0,-1,0,60,0,23507,2,1,0,2,6,1,2,7,1,2,0,1,3,1,1,49,33,131,62,1.53,1.52,3.05,0,0,0,0,0,0,1,1,0,0,0,0,0,0,1,19,6,1,15,13,1,6,10,53,70,39,61,1.63,1.58,1.83,1.73,1.5,1.74,48,31,1.32,1.26,2.58,38,True,True,False,False,False,False,True,1.68,1.20,2.61,,,2.50,1.56,2.26,3.19,3.61,2.53,1.55,2.25,1.61,,
USA_Major_League_Soccer_2025,2025,0,San Diego,Vancouver Whitecaps,2025-07-20 02:30:00,1,1,2,10,2,12,1,4,0,0,6,3,11,5,17,8,2,20,62,38,,,1,4,1.95,3.62,3.65,1.12,1.58,2.49,1.52,2.45,1.61,2.36,2.24,1.71,1.27,2.3,3.3,1.57,2,0,1,1,0,1,1,-1,0,38,0,-1,2,1,2,2,8,0,4,8,1,1,0,3,2,3,1,39,25,85,76,1.77,0.9,2.68,0,0,0,0,0,0,1,1,0,0,0,1,0,0,1,11,17,1,20,2,1,5,12,54,67,46,67,1.67,1.65,1.75,1.75,1.83,1.86,46,34,1.62,1.3,2.92,39,True,True,False,False,False,False,True,1.61,1.18,2.49,,,2.46,1.58,3.54,2.06,3.76,2.64,1.52,1.71,2.08,1.61,2.24
USA_Major_League_Soccer_2025,2025,0,Los Angeles FC,LA Galaxy,2025-07-20 02:30:00,3,3,6,4,3,7,3,4,1,0,4,6,4,5,8,11,9,10,35,65,Banc of California Stadium,"3939 S Figueroa Street, Los Angeles, California",5,4,1.61,4.1,4.55,1.13,1.53,2.3,1.53,2.3,1.5,1.83,2.4,1.8,1.24,2.25,3.4,1.57,6,2,1,1,2,3,3,-1,0,43,0,-1,2,1,0,2,4,1,2,5,1,1,3,3,2,6,1,27,51,84,103,0.99,1.49,2.48,0,1,0,1,0,0,1,1,0,0,0,0,0,0,1,11,13,1,10,8,1,7,6,48,74,43,74,2.11,0.41,2.27,0.33,1.75,0.65,53,27,1.94,1.15,3.09,34,True,True,True,True,True,True,True,1.59,1.18,2.47,,,2.41,1.61,5.01,1.68,4.15,2.39,1.61,1.85,1.95,1.53,2.38
USA_Major_League_Soccer_2025,2025,0,New England Revolution,Montreal Impact,2025-07-25 23:30:00,1,3,4,3,3,6,5,2,0,0,4,5,15,6,19,11,10,10,62,38,Gillette Stadium,"1388 One Patriot Place, Foxborough, Massachusetts",5,2,1.7,3.8,4.4,1.12,1.5,2.1,1.5,2.5,1.48,1.75,2.5,1.95,1.34,2.1,3.31,1.67,4,1,2,0,1,1,3,1,0,52,0,17992,2,1,0,2,3,1,2,4,1,0,4,2,1,6,1,48,34,110,58,1.83,1.29,3.11,0,0,0,0,0,0,1,1,1,1,0,0,0,0,1,2,3,1,10,10,1,3,12,48,70,32,66,0.94,0.94,0.8,0.69,1.09,0.63,52,31,1.21,1.09,2.3,34,True,True,True,True,False,False,True,1.53,1.17,2.25,1.34,3.31,2.26,1.68,4.61,1.72,4.21,2.55,1.55,1.99,1.82,1.46,2.55
USA_Major_League_Soccer_2025,2025,0,Columbus Crew,Orlando City,2025-07-25 23:30:00,1,3,4,9,1,10,1,1,0,0,8,6,11,4,19,10,12,7,65,35,MAPFRE Stadium,"1 Black and Gold Boulevard, Columbus, Ohio",1,1,2.02,3.8,3.45,1.18,1.57,2.45,1.5,2.5,1.7,2.1,2.07,1.65,1.25,2.2,3.3,1.6,4,0,0,1,3,4,0,17,0,64,0,20420,2,1,4,0,5,1,4,6,0,0,1,1,0,2,1,84,36,108,46,2.36,1.31,3.66,1,0,1,0,0,0,1,1,0,0,1,0,0,0,1,10,15,1,6,12,1,5,10,65,68,36,76,1.94,1.39,2.15,1.67,1.83,1.58,36,32,1.64,1.53,3.17,35,True,True,True,True,False,False,True,1.59,1.17,2.45,,,2.34,1.64,3.24,2.22,3.65,2.69,1.50,1.63,2.22,1.74,2.07
USA_Major_League_Soccer_2025,2025,0,FC Dallas,New York City,2025-07-26 00:30:00,3,4,7,2,2,4,2,2,0,0,6,5,4,4,10,9,15,11,41,59,Minato Soccer Stadium,", Nagoya",2,2,2.37,3.4,2.65,1.22,1.72,3.0,1.65,2.2,1.53,1.77,2.38,1.88,1.33,2.8,3.0,1.46,7,3,2,0,2,2,5,2,0,49,0,-1,2,1,2,1,0,1,3,1,1,1,1,1,2,2,1,49,36,88,90,1.41,1.19,2.6,0,0,0,0,0,0,1,1,0,0,1,0,0,0,1,22,19,1,11,15,1,4,5,44,66,22,66,1.22,1.52,0.73,0.92,1.09,1.52,56,35,1.23,1.26,2.49,36,True,True,True,True,True,True,True,1.85,1.25,3.04,1.37,3.19,2.80,1.46,2.78,2.59,3.48,2.32,1.64,1.95,1.86,1.48,2.49
USA_Major_League_Soccer_2025,2025,0,Los Angeles FC,Portland Timbers,2025-07-26 02:30:00,0,1,1,4,4,8,1,1,0,0,3,4,9,4,12,8,6,10,56,44,Banc of California Stadium,"3939 S Figueroa Street, Los Angeles, California",1,1,1.41,4.7,7.0,1.18,1.52,2.4,1.75,2.0,1.49,2.1,2.35,1.8,1.25,2.48,3.5,1.55,1,0,1,0,0,0,1,20,0,37,0,-1,2,1,0,3,4,1,3,5,0,0,1,1,0,2,1,48,24,116,94,1.32,0.97,2.3,0,0,0,0,0,0,1,1,0,0,0,0,0,0,1,12,16,1,10,6,1,4,10,55,69,23,74,2.11,0.89,2.17,1.1,1.71,1.48,45,32,1.86,1.23,3.09,37,True,False,False,False,False,False,False,1.68,1.21,2.56,,,2.48,1.57,7.65,1.43,4.83,1.99,1.87,1.89,1.92,1.50,2.46
USA_Major_League_Soccer_2025,2025,0,San Diego,Nashville SC,2025-07-26 02:30:00,1,0,1,2,2,4,2,3,0,0,3,4,6,4,9,8,12,19,59,41,,,2,3,2.35,3.64,3.0,1.2,1.62,2.56,1.57,2.36,1.81,2.0,2.12,1.71,1.29,2.3,3.3,1.52,1,0,0,1,0,1,0,1398748,0,55,0,-1,2,1,1,0,1,2,1,3,0,2,2,1,2,3,1,34,35,103,87,1.04,1.05,2.08,0,0,0,0,0,0,1,1,0,0,1,0,0,0,1,17,23,1,18,12,1,2,6,55,84,41,80,1.67,0.95,1.69,1.55,1.79,1.96,45,16,1.63,1.27,2.9,37,True,False,False,False,False,False,False,1.70,1.22,2.74,,,2.52,1.56,2.97,2.34,3.71,2.49,1.57,1.60,2.26,1.81,2.00
USA_Major_League_Soccer_2025,2025,0,Inter Miami,FC Cincinnati,2025-07-26 23:15:00,0,0,0,5,2,7,4,0,0,0,3,4,10,4,13,8,14,4,56,44,,,4,0,2.2,3.5,2.82,1.15,1.5,2.2,1.46,2.5,2.01,2.41,1.85,1.5,1.26,2.15,3.6,1.62,0,0,0,0,0,0,0,-1,0,67,0,21044,2,1,3,1,2,1,4,3,2,0,2,0,2,2,1,62,25,116,96,1.48,0.98,2.46,0,0,0,0,0,0,1,1,0,0,0,1,1,0,1,3,10,1,4,14,1,2,12,63,76,41,88,2.29,1.94,2.0,1.92,1.95,2.0,37,24,1.36,1.49,2.85,38,False,False,False,False,False,False,False,1.51,1.15,2.26,,,2.25,1.68,2.97,2.28,3.87,2.88,1.45,1.50,2.49,2.01,1.80
USA_Major_League_Soccer_2025,2025,0,Philadelphia Union,Colorado Rapids,2025-07-26 23:30:00,3,1,4,11,1,12,1,3,0,0,11,1,16,4,27,5,14,9,61,39,,,1,3,1.6,4.2,5.0,1.12,1.4,2.33,1.5,2.41,1.55,1.65,2.3,1.95,1.25,2.05,3.7,1.62,4,0,1,3,0,3,1,16,0,57,0,-1,2,1,3,0,8,1,3,9,0,0,1,3,0,4,1,56,28,110,90,2.87,0.6,3.47,0,0,0,0,0,0,1,1,0,0,0,0,0,0,1,6,7,1,9,14,1,5,16,70,83,48,92,2.16,0.76,2.25,0.91,1.96,1.25,31,18,1.71,0.98,2.69,34,True,True,True,True,False,False,True,1.49,1.16,2.14,,,2.21,1.70,5.39,1.59,4.48,2.59,1.53,2.08,1.71,,
USA_Major_League_Soccer_2025,2025,0,Charlotte,Toronto,2025-07-26 23:30:00,2,0,2,2,4,6,1,1,0,0,4,3,6,10,10,13,16,6,43,57,,,1,1,1.48,4.4,5.5,1.16,1.53,2.33,1.62,2.1,1.67,2.1,2.05,1.65,1.26,2.2,3.5,1.6,2,0,0,2,0,2,0,711351,0,58,0,-1,2,1,2,1,0,3,3,3,0,1,1,0,1,1,1,15,57,66,78,1.02,1.44,2.46,0,0,0,0,0,0,1,1,0,0,0,0,0,0,1,2,6,1,6,16,1,8,7,57,81,34,82,2.11,0.94,2.27,1.1,1.46,0.91,43,20,1.47,0.99,2.46,34,True,True,False,False,False,False,False,1.59,1.19,2.38,,,,,5.72,1.56,4.51,2.30,1.65,1.69,2.14,1.68,2.15
USA_Major_League_Soccer_2025,2025,0,Atlanta United FC,Seattle Sounders,2025-07-26 23:30:00,2,2,4,3,4,7,2,2,0,0,2,2,11,6,13,8,13,11,46,54,Mercedes-Benz Stadium,"1 AMB Drive North West, Atlanta, Georgia",2,2,2.55,3.76,2.45,1.18,1.62,2.55,1.49,2.4,1.5,1.85,2.4,2.1,1.27,2.3,3.4,1.57,4,1,0,1,2,3,1,-1,0,60,0,-1,2,1,1,1,2,3,2,5,1,0,1,2,1,3,1,46,51,100,123,1.3,1.03,2.33,0,0,0,0,0,0,1,1,1,0,0,0,1,0,1,1,2,1,11,13,1,10,7,52,79,35,92,1.18,1.11,1.33,1.09,0.87,1.61,49,22,1.41,1.47,2.88,34,True,True,True,True,False,False,True,1.63,1.19,2.55,,,2.45,1.58,2.58,2.65,3.72,2.59,1.53,1.95,1.86,1.50,2.45
USA_Major_League_Soccer_2025,2025,0,DC United,Austin,2025-07-26 23:30:00,2,4,6,3,6,9,2,1,0,0,6,6,8,9,14,15,10,12,46,54,Audi Field,"32-60 R Street South West, Buzzard Point, Washington, District of Columbia",2,1,2.71,3.25,2.65,1.3,1.95,3.35,1.77,2.1,1.55,1.9,2.3,1.73,1.4,2.9,2.9,1.37,6,0,2,2,2,4,2,698284,0,43,0,-1,2,1,2,2,1,4,4,5,1,0,1,1,1,2,1,41,53,84,88,1.6,1.75,3.35,1,0,1,0,0,0,1,1,0,0,2,1,0,0,1,2,2,1,11,10,1,5,7,35,66,26,70,0.76,1.06,0.92,1.18,0.79,1.36,66,35,1.15,1.05,2.2,34,True,True,True,True,True,True,True,2.02,1.31,3.47,1.41,2.99,3.03,1.41,2.63,2.79,3.41,2.12,1.76,1.83,1.98,1.58,2.31
USA_Major_League_Soccer_2025,2025,0,St. Louis City,Minnesota United,2025-07-27 00:30:00,1,2,3,10,0,10,1,1,1,0,5,4,9,4,14,8,13,12,51,49,,,3,1,2.6,3.45,2.65,1.17,1.65,2.4,1.5,2.5,1.42,1.8,2.4,1.91,1.25,2.25,3.6,1.55,3,1,0,0,2,2,1,1015,0,57,0,22423,2,1,7,0,2,0,7,2,0,0,2,1,0,3,1,43,42,92,81,1.55,1.09,2.64,1,2,1,2,0,0,1,1,0,0,3,0,0,0,1,14,11,1,11,11,1,7,4,57,66,35,66,1.06,1.58,1.18,1.67,0.78,1.71,43,35,1.63,1.28,2.91,34,True,True,True,False,False,False,True,1.60,1.18,2.48,,,2.41,1.60,2.62,2.60,3.75,2.79,1.47,1.97,1.84,1.46,2.54
USA_Major_League_Soccer_2025,2025,0,Chicago Fire,New York RB,2025-07-27 00:30:00,1,0,1,3,1,4,0,2,0,0,7,3,7,7,14,10,5,11,51,49,,,0,2,1.9,3.51,3.8,1.17,1.53,2.2,1.5,2.38,1.59,1.85,2.25,1.85,1.25,2.25,3.65,1.55,1,1,0,0,0,0,1,7,0,55,0,29273,2,1,2,1,1,0,3,1,0,0,0,2,0,2,1,39,52,86,109,1.66,1.23,2.88,1,0,1,0,0,0,1,1,0,0,0,1,0,0,1,17,24,1,10,5,1,12,10,42,73,37,73,1.42,0.59,1.0,0.58,1.39,1.38,59,28,1.56,1.07,2.63,34,True,False,False,False,False,False,False,1.55,1.17,2.37,,,2.35,1.63,4.52,1.72,4.28,2.57,1.54,,,,
USA_Major_League_Soccer_2025,2025,0,Real Salt Lake,SJ Earthquakes,2025-07-27 01:30:00,2,1,3,4,3,7,5,4,0,1,3,3,8,6,11,9,13,12,60,40,Rio Tinto Stadium,"9256 South State Street, Sandy, Utah",5,5,1.85,4.0,3.7,1.12,1.37,1.95,1.38,2.9,1.35,1.7,3.1,2.05,1.2,1.97,3.9,1.76,3,0,0,2,1,3,0,14,0,51,0,-1,2,1,3,1,1,2,4,3,3,3,2,2,6,4,1,36,39,76,89,1.17,1.07,2.23,0,0,0,0,0,0,1,1,0,0,0,1,1,0,1,23,10,1,12,13,1,8,8,47,69,39,75,1.65,1.18,1.45,1.17,1.22,1.21,53,31,1.51,1.7,3.21,34,True,True,True,False,False,False,True,1.44,1.14,2.00,,,2.09,1.80,3.81,1.87,4.22,2.92,1.44,2.19,1.65,,
USA_Major_League_Soccer_2025,2025,0,Vancouver Whitecaps,Sporting KC,2025-07-27 02:30:00,3,0,3,9,4,13,1,2,0,0,5,3,16,8,21,11,17,11,54,46,BC Place Stadium,"777 Pacific Boulevard, False Creek, Vancouver, British Columbia",1,2,1.47,5.45,6.3,1.12,1.35,1.93,1.62,2.2,1.44,1.73,2.48,2.0,1.2,2.05,4.0,1.76,3,2,0,1,0,1,2,5,0,67,0,-1,2,1,2,1,7,3,3,10,1,1,0,1,2,1,1,51,40,77,93,2.03,1.2,3.23,0,0,0,0,0,0,1,1,0,0,0,1,1,0,1,16,10,1,11,17,1,8,11,72,82,53,82,2.0,0.65,2.0,1.0,1.83,1.04,29,19,1.81,1.12,2.93,34,True,True,True,False,False,False,False,1.40,1.12,2.02,,,2.10,1.79,8.76,1.32,5.93,2.26,1.68,2.05,1.75,1.43,2.64
USA_Major_League_Soccer_2025,2025,0,Philadelphia Union,Toronto,2025-08-09 23:30:00,1,1,2,5,8,13,3,3,0,0,3,4,9,6,12,10,16,8,50,50,,,3,3,1.43,4.5,6.7,1.13,1.57,2.48,1.73,1.97,1.54,2.27,2.2,1.75,1.25,2.25,3.5,1.55,2,1,0,0,1,1,1,-1,0,59,0,-1,2,1,2,3,3,5,5,8,1,0,2,3,1,5,1,47,36,96,81,1.31,1.18,2.49,0,0,0,0,0,0,1,1,1,0,2,0,0,0,1,5,3,1,8,16,1,6,12,61,79,41,87,2.16,0.94,2.31,1.0,2.0,0.88,39,21,1.8,1.03,2.83,34,True,True,False,False,False,False,True,1.60,1.19,2.48,,,2.43,1.60,8.10,1.39,5.14,1.97,1.88,1.82,1.99,1.54,2.38
USA_Major_League_Soccer_2025,2025,0,Montreal Impact,Atlanta United FC,2025-08-09 23:30:00,1,1,2,6,9,15,2,3,0,0,3,5,6,12,9,17,14,9,33,67,Stade Saputo,"4750, rue Sherbrooke Est, Montreal, Quebec",2,3,2.35,3.4,2.55,1.17,1.52,2.4,1.5,2.35,1.75,2.1,2.0,1.65,1.25,2.3,3.5,1.55,2,1,0,0,1,1,1,-1,0,50,0,-1,2,1,3,3,3,6,6,9,1,1,1,2,2,3,1,36,49,61,114,1.04,1.78,2.82,0,0,0,0,0,0,1,1,0,0,0,0,1,0,1,1,3,1,9,14,1,8,6,55,82,27,69,0.71,0.47,0.55,0.36,0.72,0.88,45,18,1.3,1.05,2.35,34,True,True,False,False,False,False,True,1.58,1.18,2.40,,,2.33,1.64,2.49,2.79,3.66,2.72,1.49,1.71,2.10,1.71,2.11
USA_Major_League_Soccer_2025,2025,0,New England Revolution,DC United,2025-08-09 23:30:00,2,0,2,8,3,11,2,2,0,0,3,3,9,6,12,9,14,14,53,47,Gillette Stadium,"1388 One Patriot Place, Foxborough, Massachusetts",2,2,1.75,4.45,4.95,1.1,1.47,2.35,1.57,2.3,1.5,1.73,2.4,2.0,1.25,2.35,3.5,1.6,2,0,0,2,0,2,0,11,0,61,0,-1,2,1,3,2,5,1,5,6,0,2,2,0,2,2,1,52,52,79,80,1.34,1.16,2.5,0,0,0,0,0,0,1,1,0,0,1,2,0,0,1,1,5,1,14,14,1,10,5,65,83,44,78,0.94,0.76,0.73,0.67,1.04,0.76,35,18,1.26,1.22,2.48,34,True,True,False,False,False,False,False,1.51,1.16,2.30,,,2.28,1.67,5.40,1.59,4.48,2.47,1.58,1.79,2.02,1.57,2.30
USA_Major_League_Soccer_2025,2025,0,FC Dallas,Portland Timbers,2025-08-10 00:30:00,2,0,2,3,9,12,2,1,0,0,3,3,5,6,8,9,9,14,34,66,Toyota Stadium,"6000 Main Street, Frisco, Texas",2,1,2.12,3.7,3.45,1.19,1.75,2.9,1.62,2.2,1.61,2.0,2.15,1.71,1.3,2.45,3.2,1.49,2,1,0,1,0,1,1,13,0,47,0,-1,2,1,0,3,3,6,3,9,1,1,1,0,2,1,1,23,60,76,89,0.89,1.21,2.1,0,0,0,0,0,0,1,1,1,0,0,1,0,0,1,15,20,1,14,9,1,7,9,57,70,22,75,1.22,0.89,0.67,1.27,1.04,1.54,44,31,1.24,1.21,2.45,36,True,True,False,False,False,False,False,1.81,1.25,2.99,,,,,3.46,2.15,3.58,2.26,1.68,1.82,1.99,1.56,2.33
USA_Major_League_Soccer_2025,2025,0,St. Louis City,Nashville SC,2025-08-10 00:30:00,3,1,4,4,7,11,2,1,0,0,8,6,5,12,13,18,9,9,43,57,,,2,1,3.1,3.8,2.08,1.18,1.62,2.5,1.57,2.3,1.56,1.97,2.21,1.77,1.28,2.45,3.35,1.58,4,2,0,1,1,2,2,945555,0,63,0,-1,2,1,1,2,2,4,3,6,0,0,2,1,0,3,1,36,45,74,98,1.64,1.88,3.52,0,1,0,1,0,0,1,1,0,0,0,0,0,0,1,21,15,1,9,8,1,16,8,63,75,33,75,1.06,0.95,1.08,1.42,0.75,1.88,38,25,1.62,1.25,2.87,34,True,True,True,True,False,False,True,1.64,1.20,2.59,,,2.45,1.58,2.18,3.17,3.85,2.50,1.57,1.69,2.11,1.67,2.15
USA_Major_League_Soccer_2025,2025,0,Austin,Houston Dynamo,2025-08-10 00:30:00,2,2,4,5,4,9,3,1,0,0,4,6,8,12,12,18,12,11,47,53,,,3,1,2.05,3.4,3.65,1.3,1.95,3.3,1.75,2.0,1.49,2.06,2.4,1.85,1.37,2.7,2.8,1.4,4,2,0,0,2,2,2,-1,0,41,0,-1,2,1,3,2,2,2,5,4,1,0,2,1,1,3,1,41,36,45,61,1.32,1.81,3.13,0,1,0,1,0,0,1,1,0,0,0,1,0,0,1,11,11,1,11,11,1,5,6,36,59,23,50,1.56,1.12,1.55,1.18,1.43,1.13,64,41,1.5,1.06,2.56,34,True,True,True,True,False,False,True,,,,,,,,,,,,,,,,
USA_Major_League_Soccer_2025,2025,0,Chicago Fire,Los Angeles FC,2025-08-10 00:30:00,2,2,4,1,6,7,4,2,0,0,3,6,8,6,11,12,7,10,49,51,,,4,2,2.35,3.45,2.9,1.19,1.57,2.45,1.53,2.38,1.47,1.75,2.5,1.86,1.27,2.32,3.4,1.55,4,1,1,1,1,2,2,-1,0,61,0,-1,2,1,1,3,0,3,4,3,1,0,3,2,1,5,1,35,40,80,73,1.16,1.47,2.63,0,1,0,1,0,0,1,1,1,0,1,0,0,0,1,20,9,1,10,6,1,8,7,56,71,52,81,1.42,1.53,1.18,1.11,1.46,1.64,44,29,1.57,1.34,2.91,37,True,True,True,True,False,False,True,,,,,,,,,,,,,,,,
USA_Major_League_Soccer_2025,2025,0,Sporting KC,San Diego,2025-08-10 00:45:00,0,2,2,9,1,10,1,0,0,0,7,5,14,0,21,5,10,11,42,58,Children's Mercy Park,"One Sporting Way, Kansas City, Kansas",1,0,3.5,3.9,1.97,1.09,1.4,2.1,1.4,2.7,1.62,1.93,2.25,1.76,1.22,2.02,3.7,1.78,2,0,1,0,1,1,1,1398748,0,74,0,16579,2,1,2,1,7,0,3,7,0,0,1,0,0,1,1,57,19,102,62,2.22,0.81,3.03,0,0,0,0,0,0,1,1,0,0,0,0,0,0,1,21,14,1,11,10,1,2,11,70,92,57,83,1.0,2.11,1.08,1.91,1.0,1.84,30,9,1.53,1.49,3.02,34,True,True,False,False,False,False,False,,,,,,2.12,1.78,1.98,3.54,4.04,2.97,1.42,1.76,2.02,1.62,2.23
USA_Major_League_Soccer_2025,2025,0,SJ Earthquakes,Vancouver Whitecaps,2025-08-10 02:30:00,2,1,3,5,3,8,5,2,0,1,5,3,11,4,16,7,10,11,61,39,,,5,3,2.66,3.8,2.49,1.17,1.42,2.1,1.38,2.7,1.29,1.58,2.9,2.2,1.25,2.28,3.8,1.64,3,0,0,2,1,3,0,15,0,61,0,-1,2,1,2,2,3,1,4,4,1,2,4,1,3,5,1,59,21,114,80,1.79,0.82,2.6,1,0,1,0,0,0,1,1,0,0,0,0,0,0,1,18,28,1,10,10,1,5,12,61,77,44,81,1.24,1.65,1.25,1.69,1.16,1.88,40,23,1.78,1.27,3.05,34,True,True,True,False,False,False,True,1.54,1.17,2.27,,,2.26,1.68,2.47,2.74,3.80,2.81,1.46,2.27,1.60,,
USA_Major_League_Soccer_2025,2025,0,New York RB,Real Salt Lake,2025-08-10 22:00:00,2,1,3,5,0,5,3,2,1,1,7,3,17,4,24,7,16,11,55,45,,,5,3,2.1,3.55,3.15,1.22,1.65,2.6,1.55,2.25,1.65,2.45,2.1,1.72,1.3,2.35,3.3,1.52,3,0,1,2,0,2,1,4,0,63,0,-1,2,1,3,0,2,0,3,2,1,0,3,3,1,6,1,49,27,118,56,2.36,0.85,3.21,1,0,1,0,0,0,1,1,0,1,0,0,0,0,1,19,15,1,9,16,1,6,8,59,88,54,84,1.94,0.72,2.17,1.0,1.32,1.29,42,13,1.37,1.52,2.89,34,True,True,True,False,False,False,True,1.69,1.21,2.63,,,2.47,1.58,3.09,2.28,3.67,2.48,1.57,,,,
USA_Major_League_Soccer_2025,2025,0,Minnesota United,Colorado Rapids,2025-08-10 22:00:00,1,2,3,13,4,17,2,0,0,0,9,5,13,7,22,12,13,6,60,40,,,2,0,1.55,4.2,5.4,1.16,1.51,2.25,1.57,2.4,1.48,1.75,2.5,1.8,1.22,2.2,3.7,1.67,3,0,0,1,2,3,0,12,0,58,0,19756,2,1,3,1,10,3,4,13,0,0,2,0,0,2,1,58,18,129,72,2.44,1.24,3.68,0,0,0,0,0,0,1,1,0,0,0,0,0,0,1,15,9,1,6,13,1,6,8,63,79,42,80,1.58,0.76,1.75,0.83,1.76,1.2,38,21,1.5,0.95,2.45,34,True,True,True,False,False,False,True,1.51,1.16,2.25,,,2.21,1.70,5.98,1.52,4.69,2.39,1.61,2.12,1.68,,
USA_Major_League_Soccer_2025,2025,0,FC Cincinnati,Charlotte,2025-08-10 22:00:00,0,1,1,5,2,7,3,1,1,0,7,3,10,5,17,8,11,15,50,50,,,5,1,1.67,3.92,4.25,1.15,1.62,2.38,1.53,2.2,1.51,1.97,2.1,1.75,1.27,2.3,3.5,1.6,1,0,0,0,1,1,0,711351,0,67,0,-1,2,1,3,0,2,2,3,4,0,0,4,1,0,5,1,58,48,105,87,1.98,1.07,3.05,0,0,0,0,0,0,1,1,0,0,1,0,0,0,1,11,5,1,15,11,1,5,9,71,84,33,67,1.8,1.11,2.09,0.77,1.96,1.52,29,17,1.48,1.1,2.58,37,True,False,False,False,False,False,False,1.58,1.18,2.48,,,2.41,1.61,4.25,1.84,3.88,2.57,1.54,1.61,2.25,1.74,2.05
USA_Major_League_Soccer_2025,2025,0,Orlando City,Inter Miami,2025-08-11 00:00:00,4,1,5,5,3,8,3,2,0,0,12,5,9,5,21,10,8,11,46,54,,,3,2,1.91,3.7,3.25,1.11,1.42,2.09,1.4,2.75,1.56,2.44,2.14,1.71,1.22,2.05,3.7,1.7,5,1,1,3,0,3,2,17,0,74,0,25046,2,1,3,0,2,3,3,5,3,2,0,0,5,0,1,47,48,97,80,2.5,1.33,3.83,0,0,0,0,0,0,1,1,1,1,0,0,0,0,1,7,12,1,11,6,-1,-1,-1,79,83,62,92,1.65,1.68,1.5,1.91,1.64,1.91,22,18,1.71,1.28,2.99,35,True,True,True,True,True,False,True,1.46,1.13,2.17,,,2.13,1.76,3.58,2.00,3.93,2.94,1.43,1.71,2.11,1.68,2.14
USA_Major_League_Soccer_2025,2025,0,LA Galaxy,Seattle Sounders,2025-08-11 02:00:00,0,4,4,2,5,7,0,0,0,0,3,8,5,15,8,23,8,9,54,46,,,0,0,2.4,3.55,2.75,1.17,1.57,2.47,1.5,2.45,1.52,1.85,2.47,1.94,1.27,2.35,3.5,1.55,4,0,2,0,2,2,2,18,0,53,0,18748,2,-1,0,1,2,4,1,6,0,0,0,0,0,0,1,47,41,86,108,1.06,2.31,3.37,0,0,0,0,0,0,1,1,0,0,0,1,-1,-1,1,11,8,1,9,8,1,11,13,57,87,21,91,1.35,1.11,1.0,1.08,0.67,1.58,43,13,1.43,1.43,2.86,34,True,True,True,True,False,False,False,1.60,1.18,2.47,,,,,2.77,2.51,3.65,2.70,1.50,1.94,1.87,1.50,2.47
USA_Major_League_Soccer_2025,2025,0,Orlando City,Sporting KC,2025-08-16 23:30:00,3,1,4,6,4,10,0,0,0,0,7,5,14,8,21,13,8,11,54,46,,,0,0,1.41,5.1,6.9,1.07,1.28,1.8,1.44,2.45,1.48,1.68,2.5,2.0,1.17,2.0,4.0,1.75,4,1,1,2,0,2,2,17,0,72,0,20026,2,-1,3,2,3,2,5,5,0,0,0,0,0,0,1,68,41,116,84,2.3,1.47,3.77,0,0,0,0,0,0,1,1,1,0,2,0,-1,-1,1,12,11,1,11,8,1,6,10,76,80,52,84,1.65,0.65,1.62,0.92,1.69,0.96,24,20,1.77,1.12,2.89,34,True,True,True,True,False,False,True,1.34,1.10,1.88,,,2.00,1.87,6.46,1.44,5.35,2.70,1.50,2.01,1.79,,
USA_Major_League_Soccer_2025,2025,0,Montreal Impact,DC United,2025-08-16 23:30:00,1,1,2,2,4,6,2,4,0,0,3,3,6,13,9,16,14,15,58,42,Stade Saputo,"4750, rue Sherbrooke Est, Montreal, Quebec",2,4,2.12,3.7,3.35,1.2,1.66,2.68,1.55,2.25,1.6,2.05,2.1,1.73,1.32,2.38,3.1,1.53,2,1,1,0,0,0,2,-1,0,60,0,15606,2,1,0,1,2,3,1,5,0,3,2,1,3,3,1,16,5,39,14,0.89,1.24,2.13,0,0,0,0,0,0,1,1,0,0,0,0,0,0,1,3,3,1,15,14,1,9,8,60,84,36,80,0.71,0.76,0.58,0.62,0.73,0.73,41,17,1.28,1.22,2.5,34,True,True,False,False,False,False,True,1.69,1.21,2.68,1.34,3.37,2.54,1.55,3.59,2.08,3.63,2.45,1.58,1.74,2.06,1.65,2.20
USA_Major_League_Soccer_2025,2025,0,Inter Miami,LA Galaxy,2025-08-16 23:30:00,3,1,4,13,2,15,0,0,0,0,8,3,21,2,29,5,8,3,46,54,,,0,0,1.53,4.95,5.4,1.08,1.33,1.89,1.4,2.98,1.62,2.0,2.2,1.73,1.18,1.92,4.33,1.75,4,1,0,2,1,3,1,677446,0,68,0,20846,2,-1,4,1,9,1,5,10,0,0,0,0,0,0,1,10,1,10,3,2.43,0.53,2.96,0,0,0,0,0,0,1,1,0,0,1,0,-1,-1,1,3,6,1,3,8,1,2,13,64,84,57,84,2.29,0.41,1.91,0.38,1.83,0.64,37,17,1.37,1.18,2.55,34,True,True,True,True,False,False,True,1.33,1.10,1.85,,,,,5.69,1.53,4.82,2.98,1.42,1.70,2.11,1.70,2.11
USA_Major_League_Soccer_2025,2025,0,Toronto,Columbus Crew,2025-08-16 23:30:00,1,1,2,2,7,9,0,1,0,0,3,7,4,5,7,12,13,15,44,56,,,0,1,3.5,3.8,2.01,1.2,1.62,2.6,1.57,2.2,1.79,2.1,2.02,1.61,1.29,2.3,3.3,1.5,2,0,1,1,0,1,1,-1,0,60,0,23452,2,1,0,2,2,5,2,7,0,0,0,1,0,1,1,26,50,75,114,0.85,1.62,2.47,0,0,0,0,0,0,1,1,0,1,0,0,0,0,1,3,5,1,15,13,1,3,5,48,80,40,65,0.94,1.16,0.77,1.45,0.88,1.76,53,20,1.17,1.28,2.45,34,True,True,False,False,False,False,True,1.67,1.20,2.62,,,,,1.88,4.07,3.89,2.33,1.64,1.61,2.22,1.79,2.02
USA_Major_League_Soccer_2025,2025,0,Charlotte,Real Salt Lake,2025-08-16 23:30:00,1,0,1,3,5,8,1,4,0,0,2,7,9,12,11,19,8,14,51,49,,,1,4,1.91,3.5,3.5,1.23,1.67,2.63,1.57,2.3,1.73,2.0,2.0,1.62,1.32,2.25,3.1,1.55,1,1,0,0,0,0,1,711351,0,56,0,28201,2,1,2,1,1,4,3,5,1,2,0,2,3,2,1,44,46,76,93,1.15,2.02,3.17,0,0,0,0,0,0,1,1,0,0,0,1,1,0,1,1,1,1,14,8,1,13,7,52,89,24,72,2.11,0.72,2.33,0.92,1.58,1.24,48,12,1.43,1.46,2.89,35,True,False,False,False,False,False,False,1.74,1.23,2.79,,,,,3.87,1.95,3.79,2.32,1.64,1.64,2.21,1.72,2.09
USA_Major_League_Soccer_2025,2025,0,New England Revolution,Los Angeles FC,2025-08-16 23:30:00,0,2,2,4,3,7,1,1,0,0,5,6,6,6,11,12,12,11,48,52,Gillette Stadium,"1388 One Patriot Place, Foxborough, Massachusetts",1,1,3.2,3.7,2.08,1.18,1.53,2.3,1.53,2.25,1.53,2.01,2.38,2.0,1.33,2.2,3.32,1.62,2,0,0,0,2,2,0,6490,0,60,0,27043,2,1,2,1,2,2,3,4,0,0,1,1,0,2,1,42,46,97,91,1.36,1.51,2.87,0,0,0,0,0,0,1,1,0,0,0,0,0,0,1,6,6,1,11,12,1,8,8,60,78,56,79,0.94,1.53,0.92,1.1,1.12,1.61,40,23,1.27,1.36,2.63,34,True,True,False,False,False,False,False,1.57,1.17,2.39,1.33,3.32,2.37,1.62,2.04,3.49,3.89,2.66,1.51,2.00,1.81,1.47,2.56
USA_Major_League_Soccer_2025,2025,0,New York RB,Philadelphia Union,2025-08-16 23:30:00,1,0,1,1,2,3,2,0,0,0,2,1,5,10,7,11,13,8,51,49,,,2,0,2.75,3.4,2.79,1.2,1.7,2.7,1.57,2.3,1.57,1.91,2.25,1.8,1.34,2.65,3.1,1.47,1,0,0,1,0,1,0,4,0,56,0,21425,2,1,0,0,1,2,0,3,0,0,2,0,0,2,1,5,14,16,30,0.61,0.86,1.47,0,0,0,0,0,0,1,1,0,0,0,0,0,0,1,4,6,1,8,12,1,5,9,55,71,51,71,1.94,1.61,2.23,1.67,1.38,1.96,45,29,1.45,1.41,2.86,34,True,False,False,False,False,False,False,1.75,1.22,2.81,,,,,2.70,2.66,3.48,2.47,1.58,1.85,1.96,1.57,2.32
USA_Major_League_Soccer_2025,2025,0,Austin,FC Dallas,2025-08-17 00:30:00,1,1,2,6,3,9,2,3,0,0,4,2,9,5,13,7,3,14,65,35,,,2,3,1.74,3.7,3.65,1.18,1.62,2.5,1.57,2.3,1.48,1.76,2.48,1.93,1.35,2.55,3.2,1.5,2,0,1,1,0,1,1,-1,0,50,0,20738,2,1,3,1,3,2,4,5,1,1,1,2,2,3,1,91,40,126,85,1.76,0.88,2.64,0,0,0,0,0,0,1,1,0,0,0,0,0,0,1,7,15,1,14,3,1,4,11,46,63,46,63,1.56,1.28,1.5,1.42,1.42,1.12,55,38,1.48,1.25,2.73,36,True,True,False,False,False,False,True,1.67,1.20,2.62,1.34,3.33,2.55,1.55,4.03,1.89,3.88,2.41,1.61,1.99,1.83,1.46,2.55
USA_Major_League_Soccer_2025,2025,0,Chicago Fire,St. Louis City,2025-08-17 00:30:00,3,2,5,6,2,8,0,4,0,0,5,3,14,10,19,13,8,11,51,49,,,0,4,1.62,4.6,4.59,1.11,1.36,1.85,1.4,2.5,1.47,1.8,2.58,1.9,1.22,2.0,3.8,1.7,5,1,0,2,2,4,1,7,0,46,0,17485,2,1,2,0,4,2,2,6,0,1,0,3,1,3,1,46,43,100,82,1.88,1.34,3.22,0,0,0,0,0,0,1,1,0,0,0,0,0,0,1,14,19,1,11,8,1,9,8,54,67,30,67,1.42,0.82,1.17,0.42,1.44,0.84,46,33,1.54,1.09,2.63,34,True,True,True,True,True,False,True,1.37,1.11,1.92,,,1.99,1.88,4.61,1.63,4.79,2.87,1.45,2.00,1.81,1.47,2.58
USA_Major_League_Soccer_2025,2025,0,Minnesota United,Seattle Sounders,2025-08-17 00:30:00,1,0,1,3,8,11,2,1,0,0,3,5,7,10,10,15,8,10,29,71,,,2,1,2.15,3.56,2.94,1.24,1.78,2.93,1.62,2.2,1.5,1.88,2.35,1.85,1.3,2.42,3.08,1.47,1,0,0,1,0,1,0,1015,0,54,0,19432,2,1,0,2,3,6,2,9,1,0,1,1,1,2,1,30,65,62,147,1.06,1.78,2.84,0,0,0,0,0,0,1,1,0,0,0,0,0,0,1,19,23,1,10,8,1,13,4,58,81,38,81,1.58,1.11,1.62,1.23,1.69,1.64,42,19,1.58,1.5,3.08,37,True,False,False,False,False,False,False,1.78,1.24,2.93,1.33,3.28,2.67,1.51,2.98,2.39,3.58,2.37,1.62,1.82,1.99,1.54,2.35
USA_Major_League_Soccer_2025,2025,0,Colorado Rapids,Atlanta United FC,2025-08-17 01:30:00,3,1,4,3,4,7,2,0,0,0,3,2,6,9,9,11,9,12,44,56,,,2,0,2.2,3.88,2.85,1.13,1.51,2.23,1.44,2.6,1.42,1.89,2.62,2.13,1.27,2.25,3.4,1.65,4,1,1,2,0,2,2,12,0,41,0,16117,2,1,1,2,2,2,3,4,0,0,2,0,0,2,1,39,50,92,90,1.07,1.2,2.27,1,0,1,0,0,0,1,1,0,0,1,1,0,0,1,21,14,1,11,9,1,11,7,44,85,20,72,1.65,0.47,1.54,0.42,1.27,0.88,56,16,1.54,1.11,2.65,34,True,True,True,True,False,False,True,1.51,1.15,2.28,,,2.25,1.68,2.87,2.31,3.94,2.83,1.46,,,,
USA_Major_League_Soccer_2025,2025,0,Portland Timbers,FC Cincinnati,2025-08-17 02:30:00,2,3,5,6,3,9,2,1,0,0,5,5,19,5,24,10,10,12,58,42,Providence Park,"1844 SW Morrison Street, Portland, Oregon",2,1,2.63,3.45,2.63,1.22,1.85,3.0,1.67,2.4,1.7,2.1,2.05,1.65,1.37,2.5,3.2,1.5,5,1,3,1,0,1,4,8043,0,64,0,25218,2,1,1,1,5,2,2,7,1,1,1,0,2,1,1,68,33,129,63,2.35,1.22,3.57,1,0,1,0,0,0,1,1,0,1,0,0,0,0,1,18,13,1,11,10,1,2,9,45,67,34,67,1.63,1.94,1.77,1.86,1.48,1.88,56,33,1.34,1.45,2.79,38,True,True,True,True,True,False,True,1.88,1.26,3.10,1.37,3.20,2.81,1.46,2.69,2.72,3.40,2.27,1.67,1.63,2.21,1.73,2.05
USA_Major_League_Soccer_2025,2025,0,New York City,Nashville SC,2025-08-17 21:00:00,2,1,3,2,4,6,3,2,0,0,4,3,8,9,12,12,10,12,56,44,Yankee Stadium,"One East 161st Street, The Bronx, New York City",3,2,2.3,3.66,2.6,1.2,1.6,2.39,1.5,2.5,1.57,1.87,2.35,1.8,1.4,2.55,2.7,1.45,3,1,1,1,0,1,2,2,0,54,0,18496,2,1,2,4,0,0,6,0,0,0,3,2,0,5,1,49,25,104,50,1.4,1.14,2.54,0,0,0,0,0,0,1,1,0,1,0,2,0,0,1,7,15,1,12,10,1,6,12,63,79,28,75,1.89,0.95,2.18,1.31,1.58,1.81,37,21,1.57,1.3,2.87,37,True,True,True,False,False,False,True,1.61,1.18,2.49,1.37,3.21,2.45,1.59,2.83,2.51,3.55,2.71,1.50,,,,
USA_Major_League_Soccer_2025,2025,0,SJ Earthquakes,San Diego,2025-08-17 23:00:00,1,2,3,3,6,9,2,3,0,0,4,3,12,2,16,5,11,14,44,56,,,2,3,2.19,3.75,2.9,1.11,1.36,1.9,1.36,2.93,1.48,1.83,2.5,1.85,1.25,1.95,3.6,1.77,3,0,0,1,2,3,0,1398748,0,76,0,17546,2,1,0,2,3,4,2,7,0,0,2,3,0,5,1,23,7,43,24,1.45,0.58,2.02,0,0,0,0,0,0,1,1,0,0,0,1,0,0,1,16,7,1,14,11,1,2,7,72,92,52,84,1.24,2.11,1.38,2.0,1.23,1.88,28,8,1.78,1.44,3.22,34,True,True,True,False,False,False,True,1.40,1.11,1.99,,,2.04,1.84,3.39,2.04,4.01,3.25,1.37,2.05,1.74,1.48,2.51
USA_Major_League_Soccer_2025,2025,0,Vancouver Whitecaps,Houston Dynamo,2025-08-18 01:00:00,1,1,2,4,4,8,2,4,0,1,3,2,11,10,14,12,14,12,53,47,BC Place Stadium,"777 Pacific Boulevard, False Creek, Vancouver, British Columbia",2,5,1.67,4.04,4.55,1.2,1.67,2.41,1.65,2.1,1.35,1.65,2.9,2.02,1.3,2.38,3.2,1.47,2,1,0,0,1,1,1,-1,0,53,0,26031,2,1,0,3,4,1,3,5,2,3,0,2,5,2,1,48,29,108,72,1.45,1.11,2.56,1,0,1,0,0,0,1,1,1,0,0,0,0,0,1,11,14,1,11,14,1,6,9,62,83,45,79,2.0,1.12,2.09,1.17,1.8,1.12,39,17,1.83,1.12,2.95,34,True,True,False,False,False,False,True,1.63,1.20,2.56,1.33,3.29,2.43,1.60,5.01,1.67,4.21,2.30,1.65,2.02,1.76,,
USA_Major_League_Soccer_2025,2025,0,Philadelphia Union,Chicago Fire,2025-08-23 23:30:00,4,0,4,6,4,10,3,2,0,0,8,2,15,5,23,7,16,10,52,48,,,3,2,1.62,3.9,3.85,1.16,1.53,2.25,1.53,2.38,1.5,1.87,2.48,1.77,1.25,2.2,3.6,1.58,4,1,0,3,0,3,1,16,0,78,0,18712,2,1,3,1,3,3,4,6,1,1,2,1,2,3,1,58,31,114,73,2.43,0.81,3.24,0,0,0,0,0,0,1,1,0,0,0,0,0,0,1,6,4,1,10,16,1,7,12,82,93,49,93,2.16,1.67,2.21,1.69,1.89,1.5,19,7,1.76,1.45,3.21,37,True,True,True,True,False,False,False,1.52,1.16,2.29,,,,,4.26,1.76,4.26,2.57,1.52,1.93,1.88,1.49,2.48
USA_Major_League_Soccer_2025,2025,0,FC Cincinnati,New York City,2025-08-23 23:30:00,0,1,1,4,4,8,0,3,0,0,5,4,5,6,10,10,8,11,46,54,,,0,3,2.25,3.45,3.75,1.2,1.68,2.62,1.55,2.48,1.55,2.02,2.2,1.7,1.32,2.4,3.1,1.49,1,0,0,0,1,1,0,2,0,52,0,25513,2,1,2,2,2,2,4,4,0,1,0,2,1,2,1,29,55,85,104,1.2,1.32,2.51,0,0,0,0,0,0,1,1,0,0,0,1,0,0,1,5,3,1,11,8,1,2,8,53,69,28,64,1.8,1.52,1.92,1.08,1.93,1.64,48,32,1.53,1.25,2.78,38,True,False,False,False,False,False,False,1.67,1.20,2.64,,,2.50,1.56,2.99,2.33,3.70,2.48,1.55,1.75,2.04,1.62,2.23
USA_Major_League_Soccer_2025,2025,0,Montreal Impact,Austin,2025-08-23 23:30:00,3,2,5,2,2,4,6,2,0,0,7,6,6,4,13,10,16,12,49,51,Stade Saputo,"4750, rue Sherbrooke Est, Montreal, Quebec",6,2,2.8,3.53,2.3,1.25,1.86,2.99,1.65,2.1,1.53,1.95,2.25,1.73,1.33,2.5,3.0,1.44,5,2,1,1,1,2,3,1,0,52,0,15251,2,1,0,2,2,0,2,2,2,1,4,1,3,5,1,32,34,81,94,1.54,1.31,2.85,1,0,1,0,0,0,1,1,1,0,0,0,0,0,1,4,5,1,11,16,1,5,6,40,76,32,80,0.71,1.06,0.62,1.33,0.74,1.4,61,24,1.25,1.11,2.36,34,True,True,True,True,True,False,True,1.82,1.25,2.99,1.36,3.27,2.74,1.48,2.33,3.11,3.54,2.29,1.64,1.90,1.92,1.54,2.39
USA_Major_League_Soccer_2025,2025,0,Columbus Crew,New England Revolution,2025-08-23 23:30:00,1,2,3,2,3,5,1,2,0,0,6,4,15,6,21,10,12,8,64,36,MAPFRE Stadium,"1 Black and Gold Boulevard, Columbus, Ohio",1,2,1.53,4.45,5.6,1.13,1.48,2.15,1.57,2.25,1.57,2.11,2.25,1.8,1.25,2.1,3.8,1.67,3,0,2,1,0,1,2,11,0,59,0,20777,2,1,1,2,1,1,3,2,0,1,1,1,1,2,1,113,17,137,60,2.55,1.04,3.59,0,0,0,0,0,0,1,1,0,0,1,1,0,0,1,2,4,1,8,12,1,3,15,55,67,45,71,1.94,1.18,2.0,1.31,1.73,1.08,45,34,1.69,1.36,3.05,34,True,True,True,False,False,False,True,1.40,1.12,2.03,,,2.08,1.81,5.56,1.54,4.77,2.70,1.47,,,,
USA_Major_League_Soccer_2025,2025,0,DC United,Inter Miami,2025-08-23 23:30:00,1,1,2,5,8,13,2,2,0,0,2,3,9,10,11,13,13,14,29,71,Audi Field,"32-60 R Street South West, Buzzard Point, Washington, District of Columbia",2,2,2.7,3.3,2.6,1.13,1.47,3.1,1.44,2.1,1.76,2.51,2.1,1.73,1.22,2.1,3.7,1.67,2,1,0,0,1,1,1,-1,0,65,0,19365,2,1,4,2,1,6,6,7,2,0,0,2,2,2,1,36,74,78,136,1.1,1.57,2.67,0,0,0,0,0,0,1,1,0,0,0,0,0,0,1,1,7,1,14,13,1,8,5,65,73,57,81,0.76,1.68,0.85,1.75,0.74,1.88,36,28,1.18,1.29,2.47,34,True,True,False,False,False,False,True,1.93,1.29,3.19,1.36,3.24,2.78,1.47,2.71,2.74,3.35,2.18,1.70,1.68,2.15,1.74,2.07
USA_Major_League_Soccer_2025,2025,0,Nashville SC,Orlando City,2025-08-24 00:30:00,5,1,6,5,4,9,2,2,0,1,9,4,8,8,17,12,14,12,50,50,,,2,4,1.71,3.8,4.2,1.22,1.67,2.5,1.57,2.2,1.67,2.1,2.1,1.67,1.31,2.4,3.1,1.5,6,4,0,1,1,2,4,677447,0,54,0,28014,2,1,1,4,4,0,5,4,0,0,2,3,0,5,1,30,26,59,92,1.91,1.23,3.15,0,0,0,0,0,0,1,1,1,0,0,1,0,0,1,15,11,1,12,14,1,8,6,66,69,31,62,2.17,1.39,2.31,1.77,1.74,1.74,35,31,1.73,1.51,3.24,35,True,True,True,True,True,True,True,1.71,1.22,2.74,,,2.59,1.53,4.60,1.75,4.05,2.21,1.68,1.69,2.11,1.67,2.15
USA_Major_League_Soccer_2025,2025,0,FC Dallas,Los Angeles FC,2025-08-24 00:30:00,1,1,2,1,11,12,2,3,0,0,2,7,8,13,10,20,9,17,34,66,Toyota Stadium,"6000 Main Street, Frisco, Texas",2,3,4.0,3.8,1.8,1.22,1.66,2.65,1.63,2.1,1.68,1.85,2.0,1.85,1.3,2.4,3.2,1.47,2,1,1,0,0,0,2,-1,0,59,0,11151,2,1,0,4,1,6,4,7,1,0,1,3,1,4,1,28,68,82,115,0.98,2.24,3.22,0,0,0,0,0,0,1,1,0,1,0,0,0,0,1,16,20,1,17,9,1,9,7,59,80,44,76,1.22,1.53,0.85,1.27,1.12,1.67,41,21,1.22,1.37,2.59,36,True,True,False,False,False,False,True,1.69,1.22,2.69,,,,,1.78,4.51,3.99,2.28,1.64,1.66,2.16,1.74,2.04
USA_Major_League_Soccer_2025,2025,0,Houston Dynamo,SJ Earthquakes,2025-08-24 00:30:00,1,2,3,8,6,14,2,3,0,0,4,4,7,6,11,10,12,8,54,46,BBVA Compass Stadium,"2200 Texas Avenue, East End, Houston, Texas",2,3,2.08,3.7,3.3,1.17,1.55,2.33,1.5,2.4,1.52,1.77,2.5,1.88,1.29,2.25,3.4,1.57,3,0,1,1,1,2,1,15,0,70,0,17359,2,1,2,3,6,3,5,9,2,1,0,2,3,2,1,70,36,87,64,1.48,1.17,2.65,0,0,0,0,0,0,1,1,0,0,1,0,0,0,1,22,18,1,8,12,1,7,8,66,85,46,70,1.06,1.18,1.08,1.08,1.12,1.19,35,15,1.52,1.65,3.17,34,True,True,True,False,False,False,True,1.56,1.17,2.37,,,,,3.37,2.09,3.86,2.67,1.48,1.96,1.85,1.47,2.56
USA_Major_League_Soccer_2025,2025,0,Vancouver Whitecaps,St. Louis City,2025-08-24 01:30:00,3,2,5,11,1,12,1,0,0,0,7,4,15,7,22,11,13,12,60,40,BC Place Stadium,"777 Pacific Boulevard, False Creek, Vancouver, British Columbia",1,0,1.41,4.6,6.4,1.12,1.42,2.12,1.56,2.25,1.43,1.67,2.62,2.1,1.24,2.11,3.7,1.65,5,1,1,2,1,3,2,5,0,48,0,-1,2,1,7,0,4,1,7,5,0,0,1,0,0,1,1,87,35,139,66,2.5,1.23,3.73,2,0,2,0,0,0,1,1,0,0,1,0,0,0,1,15,14,1,10,13,1,9,16,65,81,37,77,2.0,0.82,2.0,0.38,1.77,0.81,36,20,1.8,1.11,2.91,34,True,True,True,True,True,False,True,1.39,1.12,2.00,,,2.08,1.81,5.95,1.48,5.15,2.58,1.51,2.06,1.75,,
USA_Major_League_Soccer_2025,2025,0,Real Salt Lake,Minnesota United,2025-08-24 01:30:00,1,3,4,6,5,11,2,2,0,0,6,3,21,6,27,9,14,16,68,32,Rio Tinto Stadium,"9256 South State Street, Sandy, Utah",2,2,2.33,3.75,2.82,1.23,1.73,2.8,1.62,2.15,1.38,1.68,2.88,2.2,1.33,2.4,3.0,1.47,4,1,2,0,1,1,3,1015,0,44,0,20137,2,1,3,4,3,1,7,4,0,0,2,2,0,4,1,70,25,143,43,2.63,0.96,3.58,0,0,0,0,0,0,1,1,0,1,0,1,0,0,1,19,14,1,16,14,1,5,15,44,64,32,69,1.65,1.58,1.58,1.77,1.19,1.74,57,37,1.48,1.27,2.75,35,True,True,True,True,False,False,True,1.73,1.22,2.78,1.34,3.34,2.60,1.53,2.93,2.36,3.73,2.39,1.59,2.02,1.76,1.46,2.59
USA_Major_League_Soccer_2025,2025,0,San Diego,Portland Timbers,2025-08-24 02:30:00,0,0,0,6,4,10,3,0,0,0,1,3,11,7,12,10,10,6,64,36,,,3,0,1.62,4.2,4.9,1.15,1.5,2.3,1.57,2.3,1.61,2.05,2.1,1.63,1.25,2.15,3.6,1.6,0,0,0,0,0,0,0,-1,0,38,0,27810,2,1,4,0,2,4,4,6,2,0,1,0,2,1,1,40,24,74,76,1.12,1.02,2.14,0,0,0,0,0,0,1,1,0,0,2,0,0,0,1,21,15,1,6,10,1,6,9,47,69,30,77,1.67,0.89,1.79,1.17,1.93,1.42,54,31,1.59,1.21,2.8,38,False,False,False,False,False,False,False,1.54,1.17,2.36,,,2.30,1.66,4.98,1.63,4.45,2.38,1.60,,,,
USA_Major_League_Soccer_2025,2025,0,LA Galaxy,Colorado Rapids,2025-08-24 02:30:00,3,0,3,6,6,12,2,1,0,0,5,1,11,11,16,12,14,11,49,51,,,2,1,2.24,3.75,2.94,1.12,1.41,2.25,1.46,2.8,1.45,1.75,2.6,1.68,1.2,2.09,3.6,1.62,3,1,0,2,0,2,1,10,0,56,0,20203,2,1,2,2,4,4,4,8,0,0,2,1,0,3,1,18,11,46,34,1.48,0.9,2.38,0,0,0,0,0,0,1,1,1,0,0,0,0,0,1,14,13,1,11,14,1,7,9,68,89,28,84,1.35,0.76,0.92,1.0,0.62,1.33,32,12,1.4,0.97,2.37,34,True,True,True,False,False,False,False,1.48,1.14,2.15,,,2.17,1.74,2.62,2.59,3.76,2.98,1.40,1.95,1.86,1.49,2.51
USA_Major_League_Soccer_2025,2025,0,Atlanta United FC,Toronto,2025-08-24 20:00:00,0,0,0,6,5,11,3,1,0,0,1,2,5,10,6,12,17,9,54,46,Mercedes-Benz Stadium,"1 AMB Drive North West, Atlanta, Georgia",3,1,1.67,4.1,4.7,1.16,1.64,2.4,1.65,2.25,1.57,2.0,2.16,1.7,1.28,2.25,3.3,1.55,0,0,0,0,0,0,0,-1,0,68,0,39509,2,1,4,3,2,2,7,4,0,0,3,1,0,4,1,43,55,94,83,0.77,1.29,2.07,0,0,0,0,0,0,1,1,0,0,1,0,0,0,1,20,14,1,9,17,1,3,7,52,76,32,84,1.18,0.94,1.31,1.0,0.85,0.88,48,24,1.4,1.04,2.44,34,False,False,False,False,False,False,False,1.68,1.21,2.65,,,2.54,1.55,4.39,1.79,4.03,2.25,1.66,1.79,2.02,1.60,2.27
USA_Major_League_Soccer_2025,2025,0,Charlotte,New York RB,2025-08-24 23:00:00,1,0,1,2,8,10,0,4,0,0,2,3,2,12,4,15,7,13,40,60,,,0,4,1.86,3.93,3.75,1.15,1.61,2.45,1.55,2.25,1.85,2.43,1.85,1.47,1.27,2.28,3.25,1.55,1,1,0,0,0,0,1,711351,0,46,0,26606,2,1,0,4,2,4,4,6,0,2,0,2,2,2,1,29,52,73,130,0.61,1.54,2.16,0,0,0,0,0,0,1,1,0,0,0,0,0,0,1,9,9,1,13,7,1,10,8,43,77,27,73,2.11,0.59,2.38,0.54,1.63,1.44,58,23,1.41,1.08,2.49,34,True,False,False,False,False,False,False,1.75,1.23,2.81,,,,,3.52,2.08,3.72,2.33,1.62,1.52,2.44,1.96,1.85
USA_Major_League_Soccer_2025,2025,0,Seattle Sounders,Sporting KC,2025-08-25 01:15:00,5,2,7,4,3,7,0,1,0,0,7,4,14,8,21,12,7,10,52,48,CenturyLink Field,"800 Occidental Avenue South, Seattle, Washington",0,1,1.3,4.9,6.0,1.1,1.39,1.95,1.57,2.25,1.4,1.57,2.7,2.25,1.2,1.95,4.0,1.75,7,2,1,3,1,4,3,18,0,64,0,30184,2,1,1,1,3,2,2,5,0,0,0,1,0,1,1,40,64,76,115,2.09,1.51,3.6,1,0,1,0,0,0,1,1,0,0,0,0,0,0,1,19,20,1,9,7,1,6,9,68,76,56,72,2.17,0.65,2.08,0.85,1.58,0.92,33,24,1.71,1.15,2.86,34,True,True,True,True,True,True,True,1.41,1.12,2.03,,,2.05,1.83,5.85,1.53,4.73,2.56,1.52,2.08,1.73,,
USA_Major_League_Soccer_2025,2025,0,New York City,DC United,2025-08-30 23:30:00,1,2,3,9,2,11,1,4,0,0,3,2,6,6,9,8,10,12,65,35,Yankee Stadium,"One East 161st Street, The Bronx, New York City",1,4,1.55,4.4,5.25,1.2,1.53,2.4,1.74,2.12,1.47,2.06,2.59,2.0,1.25,2.25,3.5,1.59,3,1,1,0,1,1,2,13401,0,57,0,19395,2,1,3,1,6,1,4,7,1,2,0,2,3,2,1,54,36,140,71,1.19,0.91,2.1,0,0,0,0,0,0,1,1,0,0,1,0,0,0,1,29,18,1,12,10,1,6,3,66,84,34,77,1.89,0.76,2.25,0.64,1.69,0.75,35,16,1.56,1.22,2.78,34,True,True,True,False,False,False,True,1.58,1.18,2.44,,,2.36,1.62,6.39,1.49,4.77,2.13,1.74,,,,
USA_Major_League_Soccer_2025,2025,0,New England Revolution,Charlotte,2025-08-30 23:30:00,1,2,3,3,4,7,1,5,0,0,6,4,13,5,19,9,15,22,52,48,Gillette Stadium,"1388 One Patriot Place, Foxborough, Massachusetts",1,5,1.97,3.4,2.7,1.2,1.61,2.5,1.5,2.4,1.55,2.01,2.33,1.83,1.25,2.29,3.5,1.57,3,1,1,0,1,1,2,711351,0,55,0,19782,2,1,2,2,1,2,4,3,0,3,1,2,3,3,1,54,39,82,79,2.0,1.13,3.14,0,0,0,0,0,0,1,1,0,0,0,2,0,0,1,1,3,1,22,15,1,3,8,55,78,37,63,0.94,1.11,0.85,0.93,1.15,1.68,45,22,1.28,1.1,2.38,34,True,True,True,False,False,False,True,1.64,1.19,2.56,,,2.44,1.59,3.37,2.11,3.78,2.51,1.54,,,,
USA_Major_League_Soccer_2025,2025,0,New York RB,Columbus Crew,2025-08-30 23:30:00,0,0,0,4,6,10,1,2,0,0,4,1,4,2,8,3,11,11,40,60,,,1,2,2.5,3.7,2.69,1.15,1.62,2.75,1.48,2.45,1.73,2.35,1.89,1.5,1.29,2.48,3.3,1.52,0,0,0,0,0,0,0,-1,0,74,0,18913,2,1,2,2,2,4,4,6,0,1,1,1,1,2,1,34,47,71,120,1.04,0.62,1.66,0,0,0,0,0,0,1,1,0,0,1,0,0,0,1,16,25,1,11,11,1,3,4,65,89,65,89,1.94,1.16,2.29,1.42,1.39,1.67,36,11,1.39,1.31,2.7,34,False,False,False,False,False,False,False,1.62,1.18,2.50,,,2.41,1.61,2.61,2.67,3.62,2.67,1.48,1.55,2.37,1.88,1.93
USA_Major_League_Soccer_2025,2025,0,Toronto,Montreal Impact,2025-08-30 23:30:00,1,1,2,8,6,14,3,3,0,0,5,2,12,9,17,11,16,14,43,57,,,3,3,1.75,3.75,3.7,1.23,1.7,2.75,1.66,2.23,1.52,1.85,2.35,1.84,1.3,2.6,3.25,1.48,2,0,0,1,1,2,0,-1,0,50,0,27076,2,1,3,1,5,5,4,10,1,3,2,0,4,2,1,42,27,64,73,1.72,1.03,2.75,0,0,0,0,0,0,1,1,0,0,0,0,0,1,1,4,4,1,14,16,1,4,8,40,71,22,54,0.94,0.94,0.79,0.86,0.89,0.82,61,29,1.15,1.11,2.26,34,True,True,False,False,False,False,True,1.69,1.21,2.69,1.34,3.38,2.51,1.56,3.78,1.96,3.83,2.30,1.63,1.78,2.01,1.63,2.23
USA_Major_League_Soccer_2025,2025,0,FC Cincinnati,Philadelphia Union,2025-08-30 23:30:00,0,1,1,7,4,11,2,4,0,1,3,4,10,10,13,14,13,17,58,42,,,2,5,2.5,3.8,2.5,1.18,1.57,2.5,1.55,2.45,1.56,2.01,2.23,1.76,1.25,2.3,3.34,1.53,1,0,0,0,1,1,0,16,0,46,0,24462,2,1,2,4,5,0,6,5,1,2,1,3,3,4,1,38,46,104,104,1.31,1.5,2.81,0,0,0,0,0,0,1,1,0,0,0,0,0,0,1,6,3,1,17,13,1,9,11,47,58,23,50,1.8,1.61,1.77,1.54,1.86,1.93,54,43,1.5,1.37,2.87,37,True,False,False,False,False,False,False,1.60,1.18,2.46,,,2.38,1.62,2.43,2.80,3.79,2.63,1.50,1.76,2.01,1.62,2.23
USA_Major_League_Soccer_2025,2025,0,Austin,SJ Earthquakes,2025-08-31 00:30:00,3,1,4,5,4,9,2,2,0,0,2,6,6,12,8,18,20,10,36,64,,,2,2,1.94,3.75,3.2,1.17,1.51,2.4,1.48,2.69,1.29,1.84,3.2,2.17,1.25,2.3,3.6,1.57,4,2,0,1,1,2,2,698284,0,63,0,20738,2,1,1,3,4,1,4,5,0,1,2,1,1,3,1,36,47,59,96,0.91,1.89,2.8,0,0,0,0,0,0,1,1,0,0,0,0,0,0,1,17,14,1,10,20,1,9,6,51,70,34,55,1.56,1.18,1.46,1.21,1.35,1.25,49,30,1.51,1.61,3.12,34,True,True,True,True,False,False,True,1.58,1.18,2.44,,,,,3.49,2.03,3.92,2.59,1.51,,,,
USA_Major_League_Soccer_2025,2025,0,Minnesota United,Portland Timbers,2025-08-31 00:30:00,1,1,2,4,6,10,3,0,0,0,6,6,3,10,9,16,13,7,42,58,,,3,0,1.6,3.7,4.2,1.15,1.65,2.55,1.6,2.2,1.5,1.75,2.38,2.02,1.29,2.55,3.28,1.55,2,0,0,1,1,2,0,-1,0,44,0,19619,2,1,2,3,2,3,5,5,1,0,2,0,1,2,1,30,53,84,118,1.21,1.82,3.03,0,0,0,0,0,0,1,1,0,0,0,2,0,0,1,16,15,1,7,13,1,5,4,52,67,26,67,1.58,0.89,1.71,1.15,1.79,1.41,49,34,1.54,1.2,2.74,38,True,True,False,False,False,False,True,1.68,1.22,2.65,,,,,4.41,1.75,4.20,2.21,1.68,2.02,1.76,,
USA_Major_League_Soccer_2025,2025,0,St. Louis City,Houston Dynamo,2025-08-31 00:30:00,2,3,5,11,3,14,3,3,0,0,3,3,12,5,15,8,14,14,59,41,,,3,3,2.1,3.5,2.64,1.13,1.56,2.48,1.44,2.61,1.48,1.77,2.4,1.85,1.26,2.25,3.5,1.64,5,0,1,2,2,4,1,6,0,62,0,22423,2,1,5,1,6,2,6,8,1,1,2,2,2,4,1,67,43,116,64,1.64,1.03,2.67,0,0,0,0,0,0,1,1,0,0,1,1,0,0,1,30,13,1,14,14,1,5,10,58,73,31,73,1.06,1.12,1.23,1.15,0.78,1.07,43,27,1.62,1.12,2.74,34,True,True,True,True,True,False,True,1.54,1.16,2.33,,,2.29,1.66,3.11,2.19,3.90,2.73,1.46,1.85,1.96,1.56,2.36
USA_Major_League_Soccer_2025,2025,0,Nashville SC,Atlanta United FC,2025-08-31 00:30:00,0,1,1,12,1,13,2,7,0,0,7,4,12,6,19,10,11,14,59,41,,,2,7,1.47,4.6,6.2,1.15,1.49,2.33,1.67,2.1,1.59,1.87,2.16,1.7,1.22,2.2,3.5,1.64,1,0,1,0,0,0,1,1016,0,52,0,20602,2,1,8,1,4,0,9,4,1,1,1,6,2,7,1,45,30,100,88,2.01,1.14,3.15,0,0,0,0,0,0,1,1,0,0,2,0,0,0,1,17,17,1,14,11,1,3,11,59,82,33,63,2.17,0.47,2.36,0.38,1.79,0.85,41,19,1.74,1.12,2.86,34,True,False,False,False,False,False,False,1.57,1.18,2.45,,,2.37,1.62,5.10,1.63,4.40,2.33,1.62,1.74,2.07,1.68,2.16
USA_Major_League_Soccer_2025,2025,0,Sporting KC,Colorado Rapids,2025-08-31 00:30:00,4,2,6,8,4,12,2,0,0,0,10,7,10,9,20,16,12,10,55,45,Children's Mercy Park,"One Sporting Way, Kansas City, Kansas",2,0,2.07,4.1,3.08,1.1,1.4,1.96,1.33,3.1,1.41,1.72,2.55,1.97,1.2,2.05,4.2,1.78,6,1,2,3,0,3,3,8,0,63,0,16262,2,1,3,4,5,0,7,5,1,0,1,0,1,1,1,80,44,108,102,2.53,1.82,4.35,0,0,0,0,0,0,1,1,1,0,1,0,0,0,1,12,22,1,10,11,1,6,7,63,89,41,89,1.0,0.76,1.0,0.93,0.89,1.29,38,11,1.58,0.97,2.55,34,True,True,True,True,True,True,True,1.42,1.12,2.06,,,2.12,1.76,2.66,2.43,4.05,3.09,1.37,2.02,1.76,,
USA_Major_League_Soccer_2025,2025,0,Los Angeles FC,San Diego,2025-09-01 02:45:00,1,2,3,7,3,10,0,1,0,0,4,4,12,2,16,6,11,13,42,58,Banc of California Stadium,"3939 S Figueroa Street, Los Angeles, California",0,1,1.78,4.1,4.0,1.17,1.55,2.35,1.5,2.44,1.59,2.27,2.26,1.74,1.22,2.32,3.5,1.65,3,1,1,0,1,1,2,1398748,0,50,0,22937,2,1,3,1,4,2,4,6,0,0,0,1,0,1,1,48,21,97,82,1.64,0.82,2.46,0,0,0,0,0,0,1,1,0,0,0,0,0,0,1,16,10,1,13,11,1,3,13,62,77,39,69,2.11,2.11,2.0,2.08,1.64,1.89,39,23,1.82,1.37,3.19,37,True,True,True,False,False,False,True,,,,,,,,4.00,1.81,4.25,2.50,1.54,1.82,1.99,1.59,2.26
USA_Major_League_Soccer_2025,2025,0,St. Louis City,FC Dallas,2025-09-07 00:30:00,1,1,2,16,7,23,0,1,0,1,14,2,28,2,42,4,10,13,67,33,,,0,3,2.05,3.92,3.0,1.12,1.5,2.23,1.44,2.5,1.44,1.77,2.6,2.0,1.23,2.12,3.8,1.65,2,1,1,0,0,0,2,-1,0,67,0,22423,2,1,5,3,11,4,8,15,0,1,0,1,1,1,1,110,25,110,66,4.39,0.58,4.97,0,0,0,0,0,0,1,1,0,0,2,1,0,0,1,17,11,1,13,10,1,4,22,63,74,45,82,1.06,1.28,1.14,1.38,0.75,1.11,38,26,1.63,1.22,2.85,34,True,True,False,False,False,False,True,1.50,1.15,2.26,,,2.22,1.70,3.35,2.07,3.97,2.75,1.46,1.92,1.90,1.50,2.46
USA_Major_League_Soccer_2025,2025,0,Houston Dynamo,LA Galaxy,2025-09-07 00:30:00,1,1,2,5,4,9,1,4,0,0,3,4,6,11,9,15,14,15,39,61,BBVA Compass Stadium,"2200 Texas Avenue, East End, Houston, Texas",1,4,1.89,3.88,3.93,1.15,1.67,2.5,1.62,2.2,1.39,1.97,2.7,1.97,1.3,2.3,3.2,1.53,2,1,0,0,1,1,1,-1,0,64,0,18471,2,1,2,3,3,1,5,4,0,0,1,4,0,5,1,36,46,72,78,1.04,1.56,2.6,0,0,0,0,0,0,1,1,0,0,0,1,0,0,1,16,14,1,15,14,1,9,10,61,86,57,83,1.06,0.41,1.0,0.36,1.14,0.7,40,14,1.52,1.13,2.65,34,True,True,False,False,False,False,True,1.75,1.23,2.78,,,2.58,1.53,5.33,1.68,3.96,2.17,1.71,2.05,1.75,1.46,2.55
USA_Major_League_Soccer_2025,2025,0,Chicago Fire,New England Revolution,2025-09-07 00:30:00,3,2,5,8,6,14,2,1,0,0,7,7,7,9,14,16,8,9,53,47,,,2,1,1.82,3.75,4.2,1.15,1.47,2.1,1.44,2.45,1.54,1.86,2.25,1.83,1.25,2.05,4.0,1.66,5,2,0,1,2,3,2,7,0,56,0,16947,2,1,3,3,5,3,6,8,0,0,2,1,0,3,1,59,30,100,95,1.8,1.72,3.52,0,1,0,1,0,0,1,1,2,0,0,2,0,0,1,9,18,1,9,7,1,6,9,52,67,44,71,1.42,1.18,1.31,1.43,1.44,1.11,48,34,1.56,1.34,2.9,34,True,True,True,True,True,False,True,,,,,,,,4.47,1.72,4.30,2.71,1.47,1.75,2.05,1.60,2.28
USA_Major_League_Soccer_2025,2025,0,Sporting KC,Austin,2025-09-07 23:00:00,1,2,3,6,1,7,1,3,0,0,4,4,9,3,13,7,12,13,61,39,Children's Mercy Park,"One Sporting Way, Kansas City, Kansas",1,3,2.52,3.74,2.8,1.15,1.53,2.25,1.44,2.63,1.38,1.72,2.59,2.07,1.24,2.25,3.7,1.6,3,1,1,0,1,1,2,698284,0,59,0,15787,2,1,3,0,3,1,3,4,0,2,1,1,2,2,1,12,20,37,30,1.18,0.86,2.04,1,0,1,0,0,0,1,1,0,0,0,0,0,0,1,7,10,1,12,12,1,1,9,48,85,41,85,1.0,1.06,1.14,1.23,0.96,1.41,53,15,1.65,1.13,2.78,34,True,True,True,False,False,False,True,1.56,1.16,2.37,,,2.28,1.67,3.03,2.30,3.74,2.88,1.42,2.07,1.72,,
USA_Major_League_Soccer_2025,2025,0,Montreal Impact,St. Louis City,2025-09-13 23:30:00,0,2,2,8,0,8,2,1,0,0,3,4,15,9,18,13,11,12,56,44,Stade Saputo,"4750, rue Sherbrooke Est, Montreal, Quebec",2,1,2.6,3.8,2.81,1.13,1.44,2.2,1.39,2.73,1.5,1.75,2.5,1.94,1.22,2.05,3.5,1.7,2,0,1,0,1,1,1,945555,0,54,0,15316,2,1,2,0,6,0,2,6,0,1,2,0,1,2,1,85,38,74,62,1.94,1.37,3.31,0,0,0,0,0,0,1,1,0,0,2,0,0,0,1,3,4,1,12,11,1,10,8,57,75,32,75,0.71,0.82,0.79,0.36,0.83,0.76,43,25,1.27,1.12,2.39,34,True,True,False,False,False,False,False,1.43,1.12,2.09,,,2.12,1.78,2.58,2.54,3.98,3.09,1.37,1.91,1.89,1.50,2.44
USA_Major_League_Soccer_2025,2025,0,DC United,Orlando City,2025-09-13 23:30:00,1,1,2,1,5,6,4,1,1,0,2,10,4,15,6,25,11,10,36,64,Audi Field,"32-60 R Street South West, Buzzard Point, Washington, District of Columbia",6,1,3.4,3.4,1.87,1.2,1.63,2.53,1.58,2.3,1.48,1.85,2.45,1.85,1.3,2.4,3.2,1.5,2,1,0,0,1,1,1,-1,0,61,0,16195,2,1,1,4,0,1,5,1,2,0,3,1,2,4,1,14,65,47,80,0.62,2.73,3.35,0,0,0,0,0,0,1,1,0,0,0,1,0,0,1,2,3,1,10,11,1,11,5,57,68,33,68,0.76,1.39,0.86,1.64,0.83,1.68,43,33,1.18,1.49,2.67,34,True,True,False,False,False,False,True,1.70,1.22,2.71,,,2.55,1.55,1.94,3.87,3.83,2.35,1.61,1.86,1.93,1.56,2.35
USA_Major_League_Soccer_2025,2025,0,Charlotte,Inter Miami,2025-09-13 23:30:00,3,0,3,4,5,9,2,4,0,1,4,5,6,5,10,10,10,18,41,59,,,2,5,2.64,3.6,2.35,1.11,1.43,2.1,1.4,2.75,1.6,2.05,2.1,1.67,1.2,2.21,3.85,1.62,3,1,0,2,0,2,1,711351,0,60,0,35607,2,1,3,2,1,3,5,4,1,1,1,4,2,5,1,37,36,79,92,1.18,1.25,2.43,1,0,1,0,0,0,1,1,0,0,0,1,0,0,1,3,6,1,17,9,1,6,4,64,82,45,82,2.11,1.68,2.43,1.69,1.72,1.84,37,18,1.35,1.31,2.66,37,True,True,True,False,False,False,False,1.53,1.16,2.30,,,,,2.24,3.02,3.90,2.74,1.46,1.72,2.07,1.67,2.14
USA_Major_League_Soccer_2025,2025,0,FC Cincinnati,Nashville SC,2025-09-13 23:30:00,2,1,3,3,4,7,2,0,0,0,6,4,11,6,17,10,15,14,49,51,,,2,0,2.6,3.4,2.63,1.22,1.7,2.9,1.63,2.25,1.64,2.0,2.15,1.65,1.36,2.4,3.2,1.51,3,0,0,2,1,3,0,8043,0,57,0,24749,2,1,1,2,2,2,3,4,0,0,2,0,0,2,1,48,33,113,90,1.84,1.16,3.0,0,0,0,0,0,0,1,1,0,0,0,0,0,0,1,2,2,1,14,15,1,9,11,61,75,32,65,1.8,0.95,1.64,1.21,1.79,1.72,40,25,1.49,1.29,2.78,37,True,True,True,False,False,False,True,1.71,1.22,2.72,1.33,3.33,2.56,1.54,2.76,2.57,3.54,2.47,1.55,,,,
USA_Major_League_Soccer_2025,2025,0,Atlanta United FC,Columbus Crew,2025-09-13 23:30:00,4,5,9,7,1,8,1,2,0,0,8,7,8,0,16,7,10,7,49,51,Mercedes-Benz Stadium,"1 AMB Drive North West, Atlanta, Georgia",1,2,2.9,3.7,2.15,1.16,1.53,2.32,1.44,2.5,1.46,1.93,2.25,1.73,1.25,2.15,3.5,1.63,9,1,5,3,0,3,6,9,0,74,0,41089,2,1,5,1,2,0,6,2,0,1,1,1,1,2,1,38,33,90,85,1.85,1.18,3.03,1,0,1,0,0,0,1,1,0,0,4,1,0,0,1,4,2,1,6,10,1,2,10,56,78,42,82,1.18,1.16,1.29,1.38,0.93,1.64,45,22,1.36,1.25,2.61,34,True,True,True,True,True,True,True,1.49,1.14,2.22,,,2.21,1.70,2.10,3.26,3.99,2.85,1.43,1.81,1.98,1.60,2.24
USA_Major_League_Soccer_2025,2025,0,New England Revolution,Toronto,2025-09-13 23:30:00,1,1,2,4,3,7,4,3,0,0,4,5,7,4,11,9,16,20,53,47,Gillette Stadium,"1388 One Patriot Place, Foxborough, Massachusetts",4,3,1.91,3.8,3.6,1.17,1.68,2.5,1.67,2.34,1.69,2.0,2.5,1.88,1.3,2.32,3.3,1.53,2,0,0,1,1,2,0,-1,0,52,0,22391,-1,1,-1,-1,-1,-1,-1,-1,2,1,2,2,3,4,1,39,33,92,90,1.26,1.17,2.43,0,0,0,0,0,0,1,1,0,0,-1,-1,0,0,1,4,2,1,20,16,1,6,11,44,74,37,71,0.94,0.94,0.79,1.0,1.07,0.89,56,26,1.33,1.06,2.39,34,True,True,False,False,False,False,True,1.62,1.19,2.58,,,2.45,1.59,4.02,1.85,4.03,2.41,1.58,1.88,1.92,1.53,2.38
USA_Major_League_Soccer_2025,2025,0,SJ Earthquakes,Los Angeles FC,2025-09-14 00:30:00,2,4,6,11,2,13,2,1,0,0,4,6,15,2,19,8,11,14,66,34,,,2,1,2.8,3.75,2.15,1.15,1.45,2.25,1.45,2.5,1.33,1.61,2.83,2.12,1.25,2.23,3.6,1.62,6,1,3,1,1,2,4,6490,0,77,0,50978,2,1,7,2,4,0,9,4,1,0,1,1,1,2,1,80,8,160,60,2.07,0.99,3.06,0,0,0,0,0,0,1,1,0,2,2,0,0,0,1,36,22,1,14,11,1,2,11,65,88,55,85,1.24,1.53,1.29,1.25,1.21,1.58,36,12,1.75,1.44,3.19,34,True,True,True,True,True,True,True,1.50,1.15,2.25,,,2.23,1.69,2.10,3.29,3.95,2.79,1.45,2.05,1.74,,
USA_Major_League_Soccer_2025,2025,0,Chicago Fire,New York City,2025-09-14 00:30:00,1,3,4,2,4,6,0,1,0,0,3,5,10,6,13,11,7,16,51,49,,,0,1,2.1,3.65,2.9,1.17,1.55,2.3,1.48,2.55,1.48,1.83,2.48,1.81,1.29,2.25,3.4,1.57,4,1,1,0,2,2,2,2,0,54,0,20636,2,1,0,1,2,3,1,5,0,1,0,0,1,0,1,37,41,76,95,1.3,1.35,2.65,0,0,0,0,0,0,1,1,0,0,0,0,0,0,1,15,17,1,16,7,1,4,11,47,64,36,72,1.42,1.52,1.43,1.21,1.5,1.63,54,36,1.58,1.26,2.84,37,True,True,True,True,False,False,True,1.56,1.17,2.37,,,2.30,1.66,3.25,2.14,3.86,2.68,1.48,,,,
USA_Major_League_Soccer_2025,2025,0,FC Dallas,Austin,2025-09-14 00:30:00,2,0,2,0,6,6,5,2,0,0,7,3,8,9,15,12,19,7,41,59,Toyota Stadium,"6000 Main Street, Frisco, Texas",5,2,2.62,3.3,2.4,1.21,1.73,2.75,1.57,2.23,1.5,2.0,2.27,1.77,1.33,2.4,3.33,1.48,2,1,0,1,0,1,1,13,0,54,0,11004,2,1,0,1,0,5,1,5,1,2,4,0,3,4,1,40,35,73,81,1.72,1.22,2.95,0,0,0,0,0,0,1,1,1,0,0,0,0,0,1,13,20,1,7,19,1,4,8,47,79,33,75,1.22,1.06,0.86,1.36,1.11,1.46,54,21,1.2,1.11,2.31,36,True,True,False,False,False,False,False,1.84,1.25,3.02,,,,,2.61,2.76,3.48,2.31,1.63,1.92,1.88,1.50,2.44
USA_Major_League_Soccer_2025,2025,0,Seattle Sounders,LA Galaxy,2025-09-14 00:30:00,2,2,4,8,10,18,2,0,0,0,9,7,10,8,19,15,11,7,58,42,CenturyLink Field,"800 Occidental Avenue South, Seattle, Washington",2,0,1.37,5.56,7.6,1.13,1.45,2.15,1.71,2.16,1.43,1.77,2.5,1.93,1.24,2.02,3.9,1.72,4,2,1,0,1,1,3,-1,0,65,0,31952,2,1,2,8,6,2,10,8,2,0,0,0,2,0,1,49,47,104,84,2.18,1.77,3.96,0,0,0,0,0,0,1,1,1,0,1,1,1,0,1,11,18,1,7,11,1,6,7,58,82,61,78,2.17,0.41,2.15,0.4,1.63,0.71,43,18,1.74,1.16,2.9,34,True,True,True,True,False,False,True,1.46,1.14,2.20,,,2.17,1.73,8.02,1.36,5.59,2.16,1.71,,,,
USA_Major_League_Soccer_2025,2025,0,Real Salt Lake,Sporting KC,2025-09-14 01:30:00,2,1,3,4,3,7,1,0,0,0,7,3,10,9,17,12,16,7,49,51,Rio Tinto Stadium,"9256 South State Street, Sandy, Utah",1,0,1.49,4.95,4.8,1.12,1.42,2.15,1.55,2.42,1.46,1.98,2.39,1.83,1.22,2.1,3.8,1.67,3,1,0,1,1,2,1,14,0,55,0,20172,2,1,3,2,1,1,5,2,0,0,1,0,0,1,1,39,50,80,99,1.84,1.33,3.17,0,0,0,0,0,0,1,1,0,0,0,0,0,0,1,13,27,1,7,16,1,11,9,59,71,48,78,1.65,0.65,1.46,0.79,1.15,0.93,42,30,1.57,1.18,2.75,34,True,True,True,False,False,False,True,1.38,1.11,1.98,,,2.02,1.85,5.87,1.49,5.12,2.58,1.51,,,,
USA_Major_League_Soccer_2025,2025,0,Colorado Rapids,Houston Dynamo,2025-09-14 01:30:00,2,1,3,9,5,14,3,1,0,1,7,6,15,9,22,15,7,14,58,42,,,3,2,2.05,3.9,3.5,1.2,1.61,2.43,1.55,2.25,1.37,1.66,2.75,2.03,1.29,2.25,3.3,1.57,3,1,0,1,1,2,1,12,0,47,0,15128,2,1,3,3,6,2,6,8,0,0,3,2,0,5,1,42,39,87,55,2.17,1.64,3.81,0,0,0,0,0,0,1,1,1,0,0,0,0,0,1,21,16,1,14,7,1,9,11,47,79,25,79,1.65,1.12,1.64,1.29,1.24,1.14,54,21,1.51,1.12,2.63,34,True,True,True,False,False,False,True,1.65,1.20,2.60,,,,,3.67,1.97,3.91,2.46,1.56,2.06,1.75,,
USA_Major_League_Soccer_2025,2025,0,Vancouver Whitecaps,Philadelphia Union,2025-09-14 01:35:00,7,0,7,9,1,10,2,2,0,0,12,2,7,8,19,10,15,23,57,43,BC Place Stadium,"777 Pacific Boulevard, False Creek, Vancouver, British Columbia",2,2,2.26,3.5,2.9,1.19,1.63,2.41,1.5,2.4,1.44,1.87,2.4,1.83,1.27,2.34,3.25,1.55,7,4,0,3,0,3,4,5,0,49,0,26031,2,1,6,1,3,0,7,3,2,0,0,2,2,2,1,47,30,91,81,2.37,0.99,3.37,2,0,2,0,0,0,1,1,0,0,1,0,1,0,1,15,25,1,21,15,1,4,9,49,68,42,68,2.0,1.61,2.08,1.64,1.81,1.97,51,33,1.85,1.38,3.23,37,True,True,True,True,True,True,False,1.57,1.17,2.40,,,2.34,1.63,3.99,1.92,3.78,2.65,1.49,2.10,1.70,,
USA_Major_League_Soccer_2025,2025,0,San Diego,Minnesota United,2025-09-14 02:30:00,1,3,4,9,1,10,1,5,0,0,14,5,14,1,28,6,12,14,66,34,,,1,5,1.84,3.6,3.85,1.15,1.68,2.6,1.63,2.25,1.47,1.83,2.42,1.87,1.31,2.37,3.1,1.51,4,0,0,1,3,4,0,1015,0,49,0,27158,2,1,7,0,2,1,7,3,0,3,1,2,3,3,1,72,20,122,58,3.26,0.88,4.14,0,0,0,0,0,0,1,1,0,0,1,0,0,0,1,11,13,1,14,12,1,2,12,49,69,38,66,1.67,1.58,1.73,1.86,1.93,1.76,52,31,1.56,1.25,2.81,38,True,True,True,True,False,False,True,1.60,1.18,2.47,,,2.40,1.61,4.54,1.74,4.16,2.42,1.57,2.00,1.78,,
USA_Major_League_Soccer_2025,2025,0,Portland Timbers,New York RB,2025-09-14 02:30:00,2,1,3,3,5,8,2,2,0,0,4,4,10,6,14,10,13,11,43,57,Providence Park,"1844 SW Morrison Street, Portland, Oregon",2,2,1.99,3.62,3.4,1.21,1.77,2.74,1.62,2.31,1.47,2.3,2.4,1.85,1.31,2.4,3.25,1.49,3,1,0,1,1,2,1,20,0,61,0,22710,2,1,2,2,1,3,4,4,1,2,1,0,3,1,1,34,44,75,114,1.41,1.24,2.65,0,0,0,0,0,0,1,1,0,0,0,1,0,0,1,22,15,1,11,13,1,10,8,40,72,36,68,1.63,0.59,1.64,0.5,1.39,1.38,61,29,1.41,1.11,2.52,34,True,True,True,False,False,False,True,1.68,1.20,2.67,1.36,3.29,2.56,1.54,3.45,2.10,3.72,2.46,1.56,1.79,2.01,1.60,2.24
USA_Major_League_Soccer_2025,2025,0,Inter Miami,Seattle Sounders,2025-09-16 23:30:00,3,1,4,5,2,7,2,0,0,0,8,6,6,8,14,14,14,11,53,47,,,2,0,2.0,3.7,3.2,1.16,1.46,2.35,1.42,2.65,1.53,1.85,2.33,1.88,1.21,2.4,3.75,1.59,4,2,0,1,1,2,2,677446,0,59,0,19934,2,1,2,0,3,2,2,5,0,0,2,0,0,2,1,36,51,96,118,1.71,1.68,3.39,0,0,0,0,0,0,1,1,0,0,1,0,0,0,1,3,3,1,11,14,1,8,3,63,81,39,88,2.29,1.11,2.0,1.14,1.77,1.61,38,19,1.46,1.52,2.98,37,True,True,True,True,False,False,True,1.49,1.15,2.24,,,,,3.61,1.97,4.00,2.89,1.44,,,,
USA_Major_League_Soccer_2025,2025,0,New York City,Columbus Crew,2025-09-17 23:30:00,3,2,5,7,3,10,1,0,0,0,8,5,10,3,18,8,10,12,56,44,Yankee Stadium,"One East 161st Street, The Bronx, New York City",1,0,1.92,3.86,3.5,1.18,1.58,2.8,1.57,2.25,1.57,2.4,2.19,1.7,1.23,2.38,3.0,1.62,5,1,1,2,1,3,2,2,0,67,0,17413,2,1,3,2,4,1,5,5,0,0,1,0,0,1,1,11,14,18,25,1.76,0.95,2.71,0,1,0,1,0,0,1,1,0,0,1,1,0,0,1,4,4,1,12,9,1,5,5,63,82,44,82,1.89,1.16,2.08,1.5,1.68,1.69,37,19,1.53,1.25,2.78,37,True,True,True,True,True,False,True,1.53,1.16,2.32,,,,,3.59,1.98,3.98,2.86,1.45,1.71,2.10,1.67,2.16
USA_Major_League_Soccer_2025,2025,0,Real Salt Lake,Los Angeles FC,2025-09-18 01:30:00,1,4,5,12,2,14,3,1,1,0,5,6,16,3,21,9,15,13,59,41,Rio Tinto Stadium,"9256 South State Street, Sandy, Utah",5,1,2.7,3.5,2.31,1.22,1.67,2.6,1.56,2.27,1.49,1.87,2.28,1.83,1.3,2.4,3.14,1.48,5,0,2,1,2,3,2,6490,0,56,0,19778,2,1,5,1,7,1,6,8,1,0,3,1,1,4,1,108,29,109,57,2.44,1.2,3.64,0,0,0,0,0,0,1,1,0,1,0,0,0,0,1,19,8,1,12,15,1,3,12,53,75,53,82,1.65,1.53,1.57,1.38,1.21,1.63,48,26,1.59,1.41,3.0,35,True,True,True,True,True,False,True,1.62,1.19,2.53,,,2.42,1.60,2.21,3.21,3.69,2.54,1.55,1.84,1.97,1.56,2.31
USA_Major_League_Soccer_2025,2025,0,New York City,Charlotte,2025-09-20 16:00:00,2,0,2,4,3,7,4,5,0,0,5,2,10,3,15,5,17,10,42,58,Yankee Stadium,"One East 161st Street, The Bronx, New York City",4,5,1.83,3.6,3.4,1.19,1.64,2.75,1.55,2.3,1.47,1.79,2.45,1.72,1.3,2.4,3.4,1.53,2,1,0,1,0,1,1,2,0,62,0,18524,2,1,0,2,4,1,2,5,1,3,3,2,4,5,1,31,58,71,116,1.52,0.89,2.41,2,0,2,0,0,0,1,1,0,0,0,1,0,1,1,25,34,1,8,16,1,2,8,69,80,38,73,1.89,1.11,2.14,1.07,1.72,1.77,31,21,1.55,1.1,2.65,37,True,True,False,False,False,False,False,1.61,1.19,2.48,,,2.40,1.61,4.63,1.74,4.07,2.41,1.60,1.72,2.07,1.62,2.23
USA_Major_League_Soccer_2025,2025,0,Philadelphia Union,New England Revolution,2025-09-20 18:30:00,1,0,1,4,3,7,1,4,0,1,4,1,12,7,16,8,12,15,54,46,,,1,5,1.44,4.1,5.4,1.15,1.8,2.02,1.64,2.32,1.35,1.64,2.74,2.25,1.25,2.29,3.7,1.66,1,0,0,1,0,1,0,16,0,57,0,18920,2,1,2,1,2,2,3,4,0,1,1,4,1,5,1,54,34,116,78,1.68,0.83,2.51,0,0,0,0,0,0,1,1,0,0,0,1,0,0,1,39,25,1,15,12,1,5,8,63,77,47,80,2.16,1.18,2.27,1.33,1.9,1.07,37,23,1.81,1.36,3.17,34,True,False,False,False,False,False,False,1.50,1.16,2.31,,,2.26,1.68,5.99,1.52,4.72,2.41,1.61,2.08,1.73,,
USA_Major_League_Soccer_2025,2025,0,Atlanta United FC,San Diego,2025-09-20 20:30:00,1,1,2,4,4,8,1,1,0,0,6,4,11,3,17,7,11,12,36,64,Mercedes-Benz Stadium,"1 AMB Drive North West, Atlanta, Georgia",1,1,2.38,3.5,2.42,1.16,1.75,2.29,1.44,2.5,1.54,2.31,2.28,1.76,1.23,2.2,3.75,1.6,2,0,1,1,0,1,1,-1,0,72,0,43499,2,1,1,1,3,3,2,6,0,1,1,0,1,1,1,26,35,59,96,1.67,0.99,2.66,1,0,1,0,0,0,1,1,0,0,0,0,0,1,1,11,14,1,11,11,1,5,7,70,83,45,76,1.18,2.11,1.2,2.14,0.9,1.87,31,17,1.39,1.33,2.72,34,True,True,False,False,False,False,True,1.50,1.15,2.26,,,,,2.61,2.54,3.92,2.93,1.43,1.76,2.02,1.62,2.22
USA_Major_League_Soccer_2025,2025,0,Columbus Crew,Toronto,2025-09-20 23:30:00,1,1,2,5,3,8,2,1,0,0,2,3,10,1,12,4,18,19,48,52,MAPFRE Stadium,"1 Black and Gold Boulevard, Columbus, Ohio",2,1,1.56,4.54,5.57,1.17,1.67,2.25,1.87,2.0,1.68,2.63,2.04,1.61,1.25,2.35,3.55,1.6,2,1,0,0,1,1,1,-1,0,65,0,20739,2,1,2,1,3,2,3,5,1,1,1,0,2,1,1,57,28,80,78,1.31,0.68,1.98,0,0,0,0,0,0,1,1,0,0,0,1,0,0,1,16,11,1,19,18,1,1,7,52,72,38,76,1.94,0.94,1.87,1.0,1.63,0.9,49,28,1.75,1.07,2.82,34,True,True,False,False,False,False,True,1.48,1.15,2.20,,,,,6.84,1.43,5.15,2.26,1.68,1.61,2.25,1.78,2.01
USA_Major_League_Soccer_2025,2025,0,Inter Miami,DC United,2025-09-20 23:30:00,3,2,5,6,5,11,6,2,0,0,7,6,10,4,17,10,11,14,62,38,,,6,2,1.35,5.4,7.8,1.08,1.36,2.01,1.62,2.23,1.6,1.98,2.17,1.72,1.22,1.98,4.0,1.7,5,1,0,2,2,4,1,677446,0,72,0,19934,2,1,5,3,1,2,8,3,1,0,5,2,1,7,1,43,28,114,63,1.88,1.25,3.13,0,0,0,0,0,0,1,1,0,0,2,1,0,0,1,10,5,1,13,11,1,5,6,72,89,47,83,2.29,0.76,2.08,0.8,1.81,0.83,28,11,1.48,1.2,2.68,34,True,True,True,True,True,False,True,1.37,1.11,1.95,,,2.00,1.88,7.81,1.35,5.89,2.31,1.65,1.81,1.98,1.60,2.23
USA_Major_League_Soccer_2025,2025,0,Orlando City,Nashville SC,2025-09-20 23:30:00,3,2,5,4,3,7,1,3,0,0,6,6,8,3,14,9,6,14,38,62,,,1,3,1.82,3.74,3.5,1.18,1.55,2.38,1.52,2.38,1.68,2.12,2.04,1.63,1.24,2.23,3.34,1.6,5,2,1,1,1,2,3,17,0,73,0,20516,2,1,3,0,1,3,3,4,1,2,0,1,3,1,1,30,30,92,68,1.53,1.21,2.73,0,0,0,0,0,0,1,1,0,0,2,0,0,0,1,10,14,1,14,6,1,4,7,73,87,49,83,1.65,0.95,1.71,1.13,1.66,1.67,27,14,1.81,1.28,3.09,35,True,True,True,True,True,False,True,1.75,1.23,2.81,,,,,3.62,2.06,3.67,2.35,1.63,,,,
USA_Major_League_Soccer_2025,2025,0,Montreal Impact,New York RB,2025-09-20 23:30:00,0,2,2,7,3,10,0,3,0,0,6,6,13,6,19,12,10,19,56,44,Stade Saputo,"4750, rue Sherbrooke Est, Montreal, Quebec",0,3,3.15,3.45,2.05,1.22,1.7,2.8,1.57,2.27,1.88,2.52,1.92,1.55,1.3,2.45,3.38,1.52,2,0,2,0,0,0,2,4,0,54,0,16076,2,1,3,1,4,2,4,6,0,2,0,1,2,1,1,50,37,118,90,1.98,1.45,3.43,0,0,0,0,0,0,1,1,0,0,0,0,0,0,1,21,17,1,19,10,1,3,9,40,74,34,84,0.71,0.59,0.73,0.47,0.8,1.33,60,27,1.32,1.12,2.44,34,True,True,False,False,False,False,False,1.62,1.19,2.54,1.34,3.38,2.41,1.60,2.39,2.91,3.68,2.63,1.52,1.55,2.34,1.88,1.92
USA_Major_League_Soccer_2025,2025,0,Minnesota United,Chicago Fire,2025-09-21 00:30:00,0,3,3,6,5,11,3,1,0,0,4,9,8,9,12,18,16,9,36,64,,,3,1,2.15,3.7,2.8,1.18,1.49,2.44,1.51,2.5,1.47,2.02,2.57,1.99,1.22,2.32,3.5,1.6,3,0,2,0,1,1,2,7,0,73,0,19693,2,1,3,4,3,1,7,4,1,0,2,1,1,3,1,49,49,79,91,1.39,2.12,3.51,0,0,0,0,0,0,1,1,0,0,0,1,0,0,1,12,14,1,9,15,1,8,9,73,87,42,73,1.58,1.67,1.67,1.57,1.8,1.45,27,14,1.52,1.4,2.92,37,True,True,True,False,False,False,False,1.59,1.18,2.43,,,,,2.63,2.62,3.68,2.77,1.47,1.99,1.81,1.47,2.57
USA_Major_League_Soccer_2025,2025,0,Houston Dynamo,Portland Timbers,2025-09-21 00:30:00,1,0,1,11,4,15,5,2,0,0,7,3,14,4,21,7,11,10,55,45,BBVA Compass Stadium,"2200 Texas Avenue, East End, Houston, Texas",5,2,1.92,3.45,3.1,1.24,1.76,2.65,1.64,2.21,1.35,1.73,2.9,2.0,1.29,2.48,3.2,1.52,1,1,0,0,0,0,1,6,0,52,0,18357,2,1,6,1,5,3,7,8,1,1,4,1,2,5,1,59,26,90,69,2.23,0.85,3.08,0,0,0,0,0,0,1,1,0,0,2,0,0,0,1,13,15,1,10,11,1,5,5,52,76,31,76,1.06,0.89,1.0,1.14,1.1,1.45,49,25,1.48,1.24,2.72,34,True,False,False,False,False,False,False,1.74,1.23,2.80,,,,,3.79,1.97,3.80,2.32,1.65,2.07,1.72,,
USA_Major_League_Soccer_2025,2025,0,FC Dallas,Colorado Rapids,2025-09-21 00:30:00,3,1,4,9,10,19,0,2,0,0,7,2,10,7,17,9,11,11,44,56,Toyota Stadium,"6000 Main Street, Frisco, Texas",0,2,2.17,3.7,2.87,1.11,1.55,2.25,1.49,2.5,1.46,1.76,2.6,2.01,1.24,2.35,3.7,1.6,4,2,1,1,0,1,3,13,0,57,0,11004,2,1,5,2,4,8,7,12,0,1,0,1,1,1,1,53,50,86,94,1.94,1.08,3.02,0,0,0,0,0,0,1,1,0,0,2,1,0,0,1,12,15,1,11,11,1,4,10,60,84,34,80,1.22,0.76,1.0,0.87,1.17,1.3,40,17,1.23,1.02,2.25,34,True,True,True,True,False,False,True,,,,,,2.12,1.78,3.17,2.14,3.98,3.10,1.40,2.01,1.78,,
USA_Major_League_Soccer_2025,2025,0,Sporting KC,Vancouver Whitecaps,2025-09-21 00:30:00,0,2,2,8,1,9,2,5,0,0,1,4,9,8,10,12,7,16,49,51,Children's Mercy Park,"One Sporting Way, Kansas City, Kansas",2,5,2.94,3.8,1.85,1.08,1.45,2.1,1.4,2.88,1.33,1.56,3.0,2.23,1.21,2.02,4.0,1.72,2,0,2,0,0,0,2,5,0,58,0,15026,2,1,4,1,4,0,5,4,1,1,1,4,2,5,1,52,37,131,79,1.09,1.31,2.4,0,0,0,0,0,0,1,1,0,1,0,0,0,1,1,19,10,1,16,7,1,3,6,59,79,45,75,1.0,1.65,1.07,1.57,0.9,1.86,42,22,1.62,1.24,2.86,34,True,True,False,False,False,False,False,,,,,,,,1.78,4.37,4.09,2.84,1.46,,,,
USA_Major_League_Soccer_2025,2025,0,LA Galaxy,FC Cincinnati,2025-09-21 02:30:00,2,3,5,9,4,13,2,1,1,0,8,10,15,12,23,22,7,8,47,53,,,3,1,2.45,3.75,2.55,1.17,1.57,2.17,1.5,2.72,1.52,1.85,2.4,1.91,1.25,2.35,3.74,1.58,5,1,2,1,1,2,3,8043,0,50,0,18518,2,1,5,1,4,3,6,7,2,0,1,1,2,2,1,69,63,83,114,2.49,2.54,5.03,0,0,0,0,0,0,1,1,0,1,0,0,0,0,1,16,10,1,8,7,1,6,16,58,76,24,83,1.35,1.94,1.08,1.93,0.72,1.83,42,24,1.41,1.44,2.85,34,True,True,True,True,True,False,True,1.44,1.13,2.10,,,,,2.51,2.62,3.94,3.14,1.39,1.91,1.89,1.52,2.40
USA_Major_League_Soccer_2025,2025,0,SJ Earthquakes,St. Louis City,2025-09-21 02:30:00,1,3,4,11,3,14,3,1,0,0,10,7,11,9,21,16,16,13,57,43,,,3,1,1.76,4.67,4.05,1.09,1.32,1.85,1.36,2.7,1.3,1.69,3.1,2.35,1.2,1.85,4.0,1.9,4,1,3,0,0,0,4,945555,0,64,0,11193,2,1,6,1,5,2,7,7,1,0,2,1,1,3,1,72,35,104,79,2.54,1.75,4.29,1,0,1,0,0,0,1,1,0,1,0,0,0,0,1,25,15,1,12,16,1,6,14,67,83,34,77,1.24,0.82,1.2,0.53,1.17,0.83,34,17,1.77,1.14,2.91,34,True,True,True,True,False,False,True,1.29,1.10,1.75,,,,,4.13,1.72,4.65,3.53,1.32,,,,
USA_Major_League_Soccer_2025,2025,0,Austin,Seattle Sounders,2025-09-21 23:00:00,2,1,3,3,13,16,0,3,0,0,6,6,4,11,10,17,6,7,42,58,,,0,3,2.87,3.54,2.42,1.26,1.99,3.2,1.84,2.29,1.4,1.73,2.56,1.95,1.32,2.65,3.1,1.43,3,1,0,1,1,2,1,698284,0,49,0,20738,-1,1,-1,-1,-1,-1,-1,-1,0,2,0,1,2,1,1,35,55,88,85,1.31,1.88,3.2,0,0,0,0,0,0,1,1,0,0,-1,-1,0,1,1,6,11,1,7,6,1,9,6,45,69,38,72,1.56,1.11,1.57,1.07,1.41,1.55,56,32,1.46,1.53,2.99,36,True,True,True,False,False,False,True,1.94,1.28,3.29,1.39,3.13,2.88,1.44,2.30,3.23,3.47,2.19,1.72,1.92,1.88,1.50,2.45
USA_Major_League_Soccer_2025,2025,0,Los Angeles FC,Real Salt Lake,2025-09-22 01:00:00,4,1,5,5,6,11,1,1,0,0,8,4,6,15,14,19,14,12,46,54,Banc of California Stadium,"3939 S Figueroa Street, Los Angeles, California",1,1,1.5,4.2,5.25,1.19,1.59,2.4,1.99,2.14,1.48,2.07,2.49,1.9,1.25,2.3,3.6,1.6,5,2,1,2,0,2,3,6490,0,47,0,22901,2,1,4,2,1,4,6,5,1,1,0,0,2,0,1,36,54,75,106,1.7,1.87,3.57,0,0,0,0,0,0,1,1,0,0,0,0,0,0,1,13,16,1,12,14,1,10,4,47,72,25,75,2.11,0.72,1.86,0.86,1.68,1.17,54,29,1.8,1.5,3.3,35,True,True,True,True,True,False,True,,,,,,,,6.71,1.45,5.06,2.36,1.62,1.94,1.85,1.48,2.49
USA_Major_League_Soccer_2025,2025,0,New York City,Inter Miami,2025-09-24 23:30:00,0,4,4,4,5,9,2,2,0,0,2,8,7,4,9,12,22,9,48,52,,,2,2,2.29,3.75,2.6,1.15,1.52,2.1,1.46,2.82,1.48,1.93,2.45,1.92,1.22,2.11,3.95,1.64,4,0,1,0,3,3,1,677446,0,62,0,40485,2,1,2,5,2,0,7,2,1,2,1,0,3,1,1,34,31,87,82,0.96,1.55,2.51,0,1,0,1,0,0,1,1,0,0,1,2,0,0,1,4,5,1,9,21,1,7,7,73,83,49,87,1.89,1.68,2.2,1.57,1.77,1.86,27,17,1.55,1.3,2.85,39,True,True,True,True,False,False,False,1.49,1.15,2.21,,,,,2.75,2.46,3.81,2.92,1.43,1.88,1.93,1.54,2.37
USA_Major_League_Soccer_2025,2025,0,Vancouver Whitecaps,Portland Timbers,2025-09-25 02:30:00,1,1,2,4,11,15,1,4,0,0,3,8,13,10,16,18,14,14,59,41,BC Place Stadium,"777 Pacific Boulevard, False Creek, Vancouver, British Columbia",1,4,1.53,4.0,4.3,1.14,1.49,2.15,1.51,2.18,1.38,1.72,2.71,2.04,1.22,2.08,3.8,1.65,2,0,1,1,0,1,1,-1,0,45,0,20212,2,1,0,10,4,1,10,5,0,0,1,4,0,5,1,65,34,120,49,1.69,1.93,3.62,0,0,0,0,0,0,1,1,0,0,0,3,0,0,1,9,16,1,14,14,1,7,5,56,77,39,83,2.0,0.89,2.14,1.07,1.9,1.4,45,24,1.89,1.21,3.1,38,True,True,False,False,False,False,True,1.46,1.14,2.18,,,2.17,1.73,4.58,1.68,4.49,2.66,1.51,2.17,1.67,,
USA_Major_League_Soccer_2025,2025,0,Toronto,Inter Miami,2025-09-27 20:40:00,1,1,2,5,7,12,2,1,0,0,2,6,5,3,7,9,9,12,38,62,,,2,1,2.82,3.82,1.99,1.15,1.48,2.25,1.44,2.58,1.54,1.95,2.25,1.76,1.19,2.26,3.95,1.65,2,0,1,1,0,1,1,-1,0,57,0,28855,2,1,3,3,2,4,6,6,0,1,2,0,1,2,1,38,69,58,84,0.86,1.49,2.34,0,0,0,0,0,0,1,1,0,0,1,0,0,0,1,4,18,1,12,9,1,6,7,54,80,37,67,0.94,1.68,0.8,1.67,0.9,1.9,47,20,1.19,1.32,2.51,34,True,True,False,False,False,False,True,1.51,1.16,2.26,,,2.24,1.69,1.65,4.64,4.64,2.47,1.57,1.79,2.01,1.63,2.23
USA_Major_League_Soccer_2025,2025,0,DC United,Philadelphia Union,2025-09-27 23:40:00,0,6,6,2,5,7,2,1,0,0,4,7,14,7,18,14,17,10,51,49,Audi Field,"32-60 R Street South West, Buzzard Point, Washington, District of Columbia",2,1,3.7,3.75,1.95,1.22,1.68,2.8,1.62,2.25,1.49,1.96,2.3,1.83,1.29,2.53,3.35,1.5,6,0,3,0,3,3,3,16,0,47,0,16727,2,1,2,3,0,2,5,2,2,0,0,1,2,1,1,36,38,88,103,1.67,1.65,3.33,0,0,0,0,0,0,1,1,0,0,0,1,0,0,1,4,2,1,10,17,1,4,6,37,57,30,60,0.76,1.61,0.87,1.53,0.81,1.94,64,43,1.14,1.35,2.49,34,True,True,True,True,True,True,False,1.72,1.22,2.77,,,,,1.94,3.85,3.85,2.31,1.65,1.84,1.97,1.57,2.30
USA_Major_League_Soccer_2025,2025,0,New England Revolution,Atlanta United FC,2025-09-27 23:40:00,2,0,2,8,2,10,3,2,0,0,6,4,11,9,17,13,16,14,48,52,Gillette Stadium,"1388 One Patriot Place, Foxborough, Massachusetts",3,2,2.24,3.5,2.92,1.18,1.59,2.5,1.44,2.49,1.51,1.85,2.32,1.81,1.28,2.25,3.3,1.62,2,0,0,2,0,2,0,11,0,52,0,25790,2,1,3,0,5,2,3,7,1,0,2,2,1,4,1,41,44,95,87,1.79,1.42,3.21,0,0,0,0,0,0,1,1,0,0,2,0,1,0,1,1,0,1,14,16,1,7,5,49,83,31,62,0.94,0.47,0.8,0.57,1.03,0.9,52,17,1.32,1.12,2.44,34,True,True,False,False,False,False,False,1.59,1.18,2.43,,,,,2.73,2.49,3.78,2.67,1.51,1.83,1.98,1.61,2.21
USA_Major_League_Soccer_2025,2025,0,New York RB,New York City,2025-09-27 23:40:00,2,3,5,6,4,10,3,2,0,0,3,8,7,5,10,13,19,9,53,47,Red Bull Arena,"Frank Rogers Boulevard South, Harrison, New Jersey",3,2,2.53,3.6,2.69,1.19,1.84,2.85,1.59,2.11,1.61,2.07,2.05,1.7,1.34,2.5,3.15,1.51,5,1,2,1,1,2,3,2,0,54,0,25219,2,1,0,2,6,2,2,8,1,0,2,2,1,4,1,54,38,128,78,1.25,1.66,2.9,0,0,0,0,0,0,1,1,0,1,0,0,1,0,1,4,5,1,9,19,1,5,7,54,70,50,74,1.94,1.52,2.2,1.33,1.39,1.71,47,30,1.37,1.26,2.63,34,True,True,True,True,True,False,True,1.91,1.27,3.12,1.38,3.18,2.82,1.45,2.84,2.57,3.43,2.23,1.69,,,,
USA_Major_League_Soccer_2025,2025,0,Charlotte,Montreal Impact,2025-09-27 23:40:00,1,4,5,1,7,8,4,1,1,0,1,9,5,8,6,17,9,18,41,59,,,6,1,1.57,4.33,4.8,1.17,1.52,2.3,1.62,2.2,1.66,2.06,2.12,1.68,1.25,2.2,3.5,1.65,5,1,1,0,3,3,2,1,0,50,0,28841,2,1,0,4,1,1,4,2,1,0,4,1,1,5,1,22,53,68,118,0.62,2.09,2.71,0,0,0,0,0,0,1,1,1,0,0,1,0,0,1,0,1,1,18,9,1,12,3,50,77,24,67,2.11,0.94,2.47,0.87,1.71,0.77,50,24,1.34,1.1,2.44,34,True,True,True,True,True,False,True,,,,,,2.21,1.70,6.40,1.46,5.06,2.31,1.65,,,,
USA_Major_League_Soccer_2025,2025,0,Chicago Fire,Columbus Crew,2025-09-28 00:40:00,2,0,2,7,4,11,1,1,0,0,9,1,13,6,22,7,7,9,51,49,,,1,1,2.22,4.0,3.05,1.13,1.47,2.16,1.48,2.6,1.49,1.95,2.4,1.88,1.22,2.05,3.8,1.74,2,1,0,1,0,1,1,7,0,74,0,-1,2,1,5,0,2,4,5,6,0,0,1,1,0,2,1,48,44,98,83,2.36,0.84,3.2,0,0,0,0,0,0,1,1,0,0,2,0,0,0,1,18,22,1,9,7,1,7,5,60,80,54,84,1.42,1.16,1.33,1.4,1.5,1.61,40,20,1.56,1.23,2.79,37,True,True,False,False,False,False,False,1.46,1.14,2.08,,,,,3.02,2.23,3.94,3.03,1.41,1.71,2.08,1.66,2.17
USA_Major_League_Soccer_2025,2025,0,St. Louis City,Los Angeles FC,2025-09-28 00:40:00,0,3,3,2,4,6,5,1,0,0,2,7,6,14,8,21,14,9,45,55,,,5,1,3.5,4.1,1.75,1.14,1.5,2.23,1.45,2.74,1.34,1.63,2.8,2.12,1.22,2.28,4.0,1.67,3,0,2,0,1,1,2,6490,0,72,0,-1,2,1,1,3,1,1,4,2,1,0,4,1,1,5,1,28,51,83,117,0.86,2.18,3.04,0,0,0,0,0,0,1,1,0,0,0,1,1,0,1,15,15,1,9,14,1,10,4,66,80,56,83,1.06,1.53,1.13,1.5,0.9,1.72,35,21,1.81,1.39,3.2,34,True,True,True,False,False,False,False,1.38,1.12,1.95,,,2.07,1.81,1.88,3.55,4.53,3.07,1.40,2.13,1.69,,
USA_Major_League_Soccer_2025,2025,0,Nashville SC,Houston Dynamo,2025-09-28 00:40:00,3,1,4,5,3,8,2,0,0,1,7,4,11,4,18,8,18,9,67,33,,,2,2,1.61,3.9,5.0,1.22,1.67,2.65,1.75,2.14,1.43,2.11,2.45,1.85,1.28,2.38,3.2,1.54,4,1,1,2,0,2,2,677447,0,54,0,-1,2,1,4,1,1,2,5,3,2,1,0,0,3,0,1,76,24,121,44,2.17,0.96,3.13,0,0,0,0,0,0,1,1,1,0,0,0,0,1,1,13,18,1,9,18,1,6,6,57,74,30,70,2.17,1.12,2.2,1.2,1.61,1.16,44,27,1.76,1.15,2.91,34,True,True,True,True,False,False,True,,,,,,,,4.44,1.79,3.95,2.21,1.70,1.92,1.89,1.50,2.45
USA_Major_League_Soccer_2025,2025,0,Colorado Rapids,Minnesota United,2025-09-28 01:40:00,1,1,2,5,4,9,2,0,0,0,8,3,6,10,14,13,6,9,59,41,,,2,0,1.91,3.7,2.82,1.18,1.69,2.35,1.48,2.5,1.32,1.54,3.05,2.27,1.26,2.2,3.55,1.64,2,1,0,0,1,1,1,-1,0,50,0,-1,-1,1,-1,-1,-1,-1,-1,-1,1,0,1,0,1,1,1,65,32,125,62,1.92,1.26,3.18,0,0,0,0,0,0,1,1,0,0,-1,-1,1,0,1,24,18,1,9,6,1,7,12,54,77,30,74,1.65,1.58,1.73,1.93,1.26,1.74,47,24,1.55,1.22,2.77,34,True,True,False,False,False,False,True,1.53,1.16,2.29,,,2.27,1.67,3.53,2.02,3.90,2.73,1.49,2.24,1.61,,
USA_Major_League_Soccer_2025,2025,0,Real Salt Lake,Austin,2025-09-28 01:40:00,3,1,4,5,10,15,2,2,0,0,8,2,7,5,15,7,10,16,52,48,Rio Tinto Stadium,"9256 South State Street, Sandy, Utah",2,2,1.7,3.75,4.2,1.19,1.68,2.5,1.61,2.18,1.42,1.98,2.64,1.99,1.3,2.38,3.45,1.56,4,1,0,2,1,3,1,14,0,47,0,-1,2,1,4,5,1,5,9,6,1,0,1,2,1,3,1,53,55,93,85,1.89,0.98,2.87,0,0,0,0,0,0,1,1,0,0,1,1,0,0,1,20,11,1,16,10,1,3,8,44,74,37,80,1.65,1.06,1.47,1.27,1.13,1.47,57,27,1.64,1.12,2.76,35,True,True,True,True,False,False,True,1.63,1.20,2.59,,,2.46,1.58,4.89,1.66,4.35,2.35,1.63,1.99,1.82,1.46,2.56
USA_Major_League_Soccer_2025,2025,0,San Diego,SJ Earthquakes,2025-09-28 02:40:00,0,1,1,10,2,12,0,2,0,0,3,2,16,5,19,7,9,15,73,27,,,0,2,1.77,4.5,3.75,1.12,1.36,1.99,1.36,2.76,1.44,1.99,2.55,2.03,1.19,2.03,4.2,1.81,1,0,1,0,0,0,1,15,0,62,0,-1,2,1,6,1,4,1,7,5,0,0,0,2,0,2,1,82,28,121,65,2.0,0.79,2.79,0,0,0,0,0,0,1,1,0,0,0,0,0,0,1,18,19,1,15,9,1,4,13,59,78,39,65,1.67,1.18,1.63,1.13,1.84,1.13,42,22,1.66,1.63,3.29,34,True,False,False,False,False,False,False,1.36,1.11,1.92,,,1.95,1.92,4.25,1.69,4.79,2.94,1.43,1.98,1.83,1.45,2.58
USA_Major_League_Soccer_2025,2025,0,Seattle Sounders,Vancouver Whitecaps,2025-09-28 02:40:00,2,2,4,3,3,6,2,1,0,0,6,5,3,4,9,9,10,17,44,56,CenturyLink Field,"800 Occidental Avenue South, Seattle, Washington",2,1,2.0,3.6,3.55,1.18,1.61,2.6,1.61,2.4,1.44,1.68,2.74,2.12,1.26,2.52,3.5,1.56,4,0,0,2,2,4,0,-1,0,52,0,-1,2,1,0,1,3,2,1,5,2,1,0,0,3,0,-1,0,0,0,0,0.0,0.0,0.0,0,0,0,0,0,0,1,1,0,0,0,0,0,1,1,22,18,1,17,10,1,9,4,59,73,52,66,2.17,1.65,2.07,1.67,1.5,1.87,42,27,1.77,1.24,3.01,37,True,True,True,True,False,False,True,1.71,1.23,2.76,,,,,3.75,1.98,3.79,2.35,1.63,2.09,1.72,,
USA_Major_League_Soccer_2025,2025,0,LA Galaxy,Sporting KC,2025-09-28 02:40:00,4,1,5,7,9,16,2,0,0,1,9,7,10,13,19,20,10,8,54,46,,,2,2,1.73,4.7,3.95,1.11,1.36,2.0,1.43,2.93,1.4,2.03,2.56,2.0,1.19,1.94,4.25,1.8,5,3,1,1,0,1,4,10,0,62,0,-1,2,1,3,5,4,4,8,8,0,0,2,1,0,3,1,29,50,69,87,2.03,2.11,4.14,0,0,0,0,0,0,1,1,1,0,2,4,0,0,1,13,14,1,8,10,1,8,8,76,87,37,83,1.35,0.65,1.0,0.73,0.7,0.87,25,14,1.49,1.19,2.68,34,True,True,True,True,True,False,True,1.30,1.10,1.77,,,,,4.07,1.71,4.88,3.19,1.38,,,,
USA_Major_League_Soccer_2025,2025,0,Portland Timbers,FC Dallas,2025-09-28 02:40:00,2,2,4,6,5,11,4,2,0,0,8,4,16,12,24,16,14,10,59,41,Providence Park,"1844 SW Morrison Street, Portland, Oregon",4,2,1.8,3.95,3.5,1.13,1.48,2.15,1.47,2.5,1.36,1.66,2.7,2.04,1.25,2.25,3.55,1.71,4,1,0,1,2,3,1,-1,0,72,0,-1,2,1,5,4,1,1,9,2,1,1,3,1,2,4,1,46,44,100,101,2.4,1.61,4.01,0,1,0,1,0,0,1,1,0,0,1,0,0,0,1,16,11,1,10,13,1,12,13,52,80,49,73,1.63,1.28,1.73,1.36,1.39,1.23,49,21,1.41,1.18,2.59,36,True,True,True,True,False,False,True,1.41,1.12,2.02,,,,,4.35,1.77,4.16,2.98,1.42,,,,
USA_Major_League_Soccer_2025,2025,0,FC Cincinnati,Orlando City,2025-09-28 23:10:00,1,1,2,2,6,8,3,5,0,0,10,6,8,18,18,24,12,13,56,44,,,3,5,2.4,3.8,2.6,1.14,1.48,2.16,1.41,2.53,1.53,1.91,2.23,1.75,1.25,2.25,3.55,1.68,2,0,0,1,1,2,0,-1,0,60,0,24135,2,1,2,3,0,3,5,3,1,2,2,3,3,5,1,46,39,97,69,2.17,2.2,4.37,0,0,0,0,0,0,1,1,0,0,2,0,0,0,1,6,9,1,13,12,1,11,6,64,70,24,57,1.8,1.39,1.73,1.6,1.87,1.7,37,30,1.51,1.58,3.09,35,True,True,False,False,False,False,True,1.46,1.14,2.13,,,2.21,1.70,2.73,2.44,3.89,2.99,1.42,1.83,1.98,1.58,2.31
USA_Major_League_Soccer_2025,2025,0,Inter Miami,Chicago Fire,2025-09-30 23:40:00,3,5,8,3,2,5,4,3,0,0,11,6,14,5,25,11,9,8,64,36,,,4,3,1.38,4.6,4.0,1.08,1.24,1.74,1.42,3.0,1.5,2.13,2.44,1.91,1.11,1.85,4.8,2.0,8,1,3,2,2,4,4,7,0,80,0,19766,2,1,2,1,1,1,3,2,1,1,3,2,2,5,1,58,20,146,37,2.77,1.25,4.02,0,0,0,0,0,0,1,1,0,0,0,0,0,0,1,3,1,1,8,9,1,3,7,86,93,48,90,2.29,1.67,2.14,1.67,1.87,1.55,14,7,1.51,1.45,2.96,37,True,True,True,True,True,True,True,1.29,1.10,1.72,,,,,4.69,1.62,4.87,3.00,1.42,1.98,1.83,1.48,2.54
USA_Major_League_Soccer_2025,2025,0,DC United,Charlotte,2025-10-04 18:40:00,0,1,1,4,13,17,2,3,2,0,3,5,5,8,8,13,14,13,28,72,Audi Field,"32-60 R Street South West, Buzzard Point, Washington, District of Columbia",6,3,2.55,3.37,2.32,1.17,1.72,2.68,1.62,2.2,1.56,1.95,2.19,1.72,1.29,2.45,3.14,1.48,1,0,1,0,0,0,1,711351,0,60,0,17003,2,1,4,4,0,9,8,9,3,1,1,2,4,3,1,24,98,60,124,0.89,1.88,2.77,0,0,0,0,0,0,1,1,0,0,1,0,0,0,1,5,20,1,13,14,1,4,3,54,75,38,72,0.76,1.11,0.81,1.0,0.78,1.66,47,25,1.17,1.09,2.26,34,True,False,False,False,False,False,False,1.68,1.21,2.66,,,2.51,1.56,2.86,2.42,3.69,2.49,1.57,1.72,2.07,1.66,2.16
USA_Major_League_Soccer_2025,2025,0,Montreal Impact,Nashville SC,2025-10-04 18:40:00,1,1,2,4,10,14,1,3,0,0,2,5,4,15,6,20,7,8,35,65,Stade Saputo,"4750, rue Sherbrooke Est, Montreal, Quebec",1,3,3.37,3.76,1.79,1.15,1.7,2.33,1.53,2.25,1.72,2.14,2.07,1.63,1.28,2.29,3.22,1.55,2,1,0,0,1,1,1,-1,0,63,0,16244,2,1,3,2,1,8,5,9,0,1,1,2,1,3,1,21,48,57,92,0.68,1.95,2.63,0,0,0,0,0,0,1,1,1,0,0,1,0,1,1,11,14,1,8,7,1,14,4,57,85,44,82,0.71,0.95,0.69,1.06,0.84,1.66,44,16,1.36,1.28,2.64,34,True,True,False,False,False,False,True,1.59,1.18,2.47,,,2.38,1.62,2.20,3.12,3.85,2.59,1.53,1.63,2.21,1.74,2.04
USA_Major_League_Soccer_2025,2025,0,FC Dallas,LA Galaxy,2025-10-04 20:40:00,2,1,3,7,5,12,1,1,0,0,4,4,5,7,9,11,10,12,36,64,Toyota Stadium,"6000 Main Street, Frisco, Texas",1,1,1.79,3.88,3.31,1.1,1.59,2.35,1.44,2.7,1.37,1.68,2.75,2.14,1.16,2.03,4.2,1.83,3,2,1,0,0,0,3,13,0,63,0,11004,2,1,5,1,2,4,6,6,0,1,1,0,1,1,1,59,51,92,104,1.28,1.35,2.63,0,0,0,0,0,0,1,1,0,1,0,0,0,0,1,14,20,1,12,10,1,5,10,53,85,47,82,1.22,0.41,1.13,0.44,1.23,0.77,47,16,1.28,1.2,2.48,34,True,True,True,False,False,False,True,1.36,1.11,1.88,,,1.97,1.89,4.92,1.61,4.73,2.94,1.43,2.16,1.68,,
USA_Major_League_Soccer_2025,2025,0,Inter Miami,New England Revolution,2025-10-04 23:40:00,4,1,5,3,6,9,2,1,0,0,8,5,7,6,15,11,8,7,55,45,,,2,1,1.4,4.95,7.0,1.06,1.3,1.85,1.52,2.6,1.44,1.78,2.47,1.91,1.17,1.94,4.4,1.85,5,2,0,2,1,3,2,677446,0,65,0,-1,2,1,3,1,0,5,4,5,0,1,2,0,1,2,1,60,49,105,92,1.94,1.4,3.34,0,0,0,0,0,0,1,1,0,0,2,0,0,0,1,1,2,1,7,8,1,6,7,65,75,49,75,2.29,1.18,2.0,1.25,1.81,1.09,35,26,1.59,1.33,2.92,34,True,True,True,True,True,False,True,1.27,1.10,1.63,,,1.80,2.07,8.12,1.32,6.09,2.70,1.49,1.97,1.84,1.48,2.50
USA_Major_League_Soccer_2025,2025,0,Orlando City,Columbus Crew,2025-10-04 23:40:00,1,1,2,7,7,14,2,1,0,0,4,6,6,15,10,21,11,6,40,60,Orlando City Stadium,"655 W Church St, Orlando, Florida",2,1,1.9,3.8,3.4,1.14,1.51,2.26,1.5,2.5,1.67,2.43,2.05,1.64,1.22,2.26,3.8,1.65,2,1,1,0,0,0,2,-1,0,78,0,21006,2,1,3,5,4,2,8,6,0,1,2,0,1,2,1,37,67,70,106,1.18,2.22,3.4,0,0,0,0,0,0,1,1,0,0,0,0,0,0,1,12,8,1,6,11,1,8,5,68,88,58,91,1.65,1.16,1.8,1.31,1.68,1.56,32,13,1.79,1.2,2.99,35,True,True,False,False,False,False,True,1.45,1.14,2.11,,,,,3.69,1.92,4.13,2.86,1.45,,,,
USA_Major_League_Soccer_2025,2025,0,New York RB,FC Cincinnati,2025-10-04 23:40:00,0,1,1,12,1,13,3,1,0,0,3,1,13,6,16,7,9,4,65,35,Red Bull Arena,"Frank Rogers Boulevard South, Harrison, New Jersey",3,1,2.21,3.5,2.53,1.18,1.6,2.45,1.5,2.45,1.73,2.45,2.0,1.66,1.25,2.44,3.5,1.53,1,0,1,0,0,0,1,8043,0,60,0,25017,2,1,5,0,7,1,5,8,0,1,3,0,1,3,1,2,1,11,5,1.22,0.51,1.73,0,0,0,0,0,0,1,1,0,0,0,0,0,0,1,0,1,1,4,9,1,7,12,60,72,54,81,1.94,1.94,2.06,2.0,1.34,1.84,41,29,1.36,1.51,2.87,34,True,False,False,False,False,False,False,1.57,1.18,2.41,,,,,2.51,2.72,3.75,2.67,1.50,1.67,2.17,1.72,2.09
USA_Major_League_Soccer_2025,2025,0,Philadelphia Union,New York City,2025-10-04 23:40:00,1,0,1,10,5,15,3,1,0,0,5,2,10,5,15,7,9,14,39,61,,,3,1,1.75,3.5,3.6,1.21,1.64,2.48,1.57,2.3,1.45,1.77,2.58,1.98,1.28,2.48,3.34,1.56,1,1,0,0,0,0,1,16,0,53,0,19176,2,1,7,2,3,3,9,6,2,1,1,0,3,1,1,51,46,88,105,1.66,0.93,2.59,0,0,0,0,0,0,1,1,0,0,2,0,0,0,1,2,2,1,14,9,1,5,10,57,72,38,79,2.16,1.52,2.31,1.44,1.97,1.75,44,29,1.8,1.29,3.09,37,True,False,False,False,False,False,False,1.61,1.19,2.55,,,2.47,1.58,3.73,1.97,3.85,2.55,1.55,2.01,1.78,1.45,2.58
USA_Major_League_Soccer_2025,2025,0,Chicago Fire,Toronto,2025-10-05 00:40:00,2,2,4,8,9,17,2,2,0,0,6,6,6,3,12,9,14,9,56,44,,,2,2,1.34,4.0,5.6,1.12,1.5,2.23,1.6,2.21,1.55,2.0,2.34,1.78,1.23,2.2,3.58,1.63,4,0,1,2,1,3,1,-1,0,62,0,24653,2,1,4,5,4,4,9,8,1,0,1,2,1,3,-1,0,0,0,0,0.0,0.0,0.0,0,0,0,0,0,0,1,1,0,0,0,0,0,0,1,14,12,1,9,13,1,3,11,45,74,36,77,1.42,0.94,1.44,1.0,1.59,0.9,56,26,1.61,1.04,2.65,34,True,True,True,True,False,False,True,1.56,1.17,2.32,,,,,5.99,1.58,4.22,2.27,1.68,1.82,1.99,1.56,2.35
USA_Major_League_Soccer_2025,2025,0,Minnesota United,Sporting KC,2025-10-05 00:40:00,3,0,3,3,3,6,0,2,0,0,7,3,7,5,14,8,10,15,53,47,,,0,2,1.5,4.4,5.16,1.13,1.4,2.11,1.56,2.5,1.35,1.59,2.9,2.13,1.18,2.02,4.05,1.74,3,1,0,2,0,2,1,1015,0,66,0,19784,2,1,0,2,3,1,2,4,0,0,0,2,0,2,1,69,42,119,101,1.88,1.03,2.91,0,0,0,0,0,0,1,1,0,0,0,0,0,0,1,14,11,1,15,10,1,4,2,69,78,47,69,1.58,0.65,1.56,0.69,1.72,0.84,32,22,1.51,1.24,2.75,34,True,True,True,False,False,False,False,1.41,1.12,2.05,,,2.11,1.79,5.49,1.52,5.10,2.49,1.57,,,,
USA_Major_League_Soccer_2025,2025,0,Austin,St. Louis City,2025-10-05 00:40:00,1,3,4,5,5,10,3,2,0,0,2,8,13,15,15,23,14,8,56,44,,,3,2,1.93,3.5,3.4,1.2,1.57,2.48,1.54,2.45,1.33,1.64,2.97,2.2,1.29,2.23,3.34,1.58,4,1,2,0,1,1,3,945555,0,49,0,20738,2,1,3,3,2,2,6,4,1,1,2,1,2,3,1,45,44,76,80,1.41,2.32,3.73,0,0,0,0,0,0,1,1,0,0,0,0,0,0,1,25,11,1,8,14,1,14,4,52,68,29,61,1.56,0.82,1.67,0.69,1.42,0.88,49,33,1.45,1.18,2.63,34,True,True,True,True,False,False,True,1.59,1.18,2.46,,,,,3.79,1.93,3.95,2.58,1.54,2.20,1.64,,
USA_Major_League_Soccer_2025,2025,0,Houston Dynamo,San Diego,2025-10-05 00:40:00,2,4,6,1,7,8,2,3,0,0,5,6,12,10,17,16,19,17,34,66,BBVA Compass Stadium,"2200 Texas Avenue, East End, Houston, Texas",2,3,2.57,3.6,2.27,1.18,1.62,2.45,1.56,2.53,1.52,1.85,2.35,1.83,1.27,2.44,3.45,1.53,6,1,0,1,4,5,1,1398748,0,68,0,20732,2,1,0,6,1,1,6,2,1,0,1,3,1,4,1,45,68,72,86,1.74,1.91,3.65,0,1,0,1,0,0,1,1,0,0,0,0,0,0,1,16,17,1,17,18,1,8,4,65,87,49,77,1.06,2.11,1.13,2.07,1.13,1.78,36,13,1.53,1.31,2.84,34,True,True,True,True,True,True,True,1.64,1.20,2.57,,,2.44,1.59,2.41,2.91,3.63,2.62,1.52,1.85,1.96,1.54,2.37
USA_Major_League_Soccer_2025,2025,0,Real Salt Lake,Colorado Rapids,2025-10-05 01:35:00,1,0,1,6,9,15,1,0,0,0,3,3,8,14,11,17,9,7,50,50,Rio Tinto Stadium,"9256 South State Street, Sandy, Utah",1,0,1.7,3.85,4.42,1.17,1.52,2.2,1.52,2.48,1.34,1.61,2.78,2.08,1.22,2.25,3.75,1.62,1,1,0,0,0,0,1,14,0,57,0,-1,2,1,4,1,2,8,5,10,0,0,1,0,0,1,1,43,55,93,71,1.22,1.67,2.89,0,0,0,0,0,0,1,1,0,0,0,1,0,0,1,21,11,1,7,9,1,9,7,63,79,41,85,1.65,0.76,1.56,0.81,1.19,1.25,38,22,1.66,1.03,2.69,34,True,False,False,False,False,False,False,1.44,1.14,2.13,,,,,5.00,1.62,4.51,2.62,1.52,2.21,1.63,,
USA_Major_League_Soccer_2025,2025,0,Seattle Sounders,Portland Timbers,2025-10-05 02:35:00,1,0,1,3,6,9,0,1,1,0,3,4,7,5,10,9,11,10,51,49,CenturyLink Field,"800 Occidental Avenue South, Seattle, Washington",2,1,1.6,4.15,4.6,1.18,1.54,2.45,1.59,2.18,1.38,1.69,2.55,2.05,1.28,2.38,3.42,1.62,1,1,0,0,0,0,1,18,0,53,0,32913,2,1,2,1,1,5,3,6,0,0,1,1,0,2,1,54,63,75,87,1.23,1.31,2.54,0,0,0,0,0,0,1,1,0,0,1,0,0,0,1,12,18,1,10,11,1,9,8,53,72,37,71,2.17,0.89,2.0,1.06,1.48,1.38,48,29,1.77,1.26,3.03,37,True,False,False,False,False,False,False,1.51,1.16,2.32,,,2.27,1.68,4.45,1.78,4.02,2.61,1.53,2.06,1.74,,
USA_Major_League_Soccer_2025,2025,0,Vancouver Whitecaps,SJ Earthquakes,2025-10-05 22:10:00,4,1,5,5,7,12,2,4,0,0,10,4,8,3,18,7,18,15,61,39,BC Place Stadium,"777 Pacific Boulevard, False Creek, Vancouver, British Columbia",2,4,1.38,4.45,4.65,1.06,1.33,1.93,1.46,2.64,1.29,1.73,2.95,2.0,1.2,2.1,4.33,1.8,5,1,0,3,1,4,1,5,0,68,0,25292,2,1,3,2,2,5,5,7,1,3,1,1,4,2,1,57,39,88,64,2.24,1.01,3.25,0,0,0,0,0,0,1,1,0,0,1,1,0,0,1,14,12,1,15,18,1,5,4,68,87,49,81,2.0,1.18,2.07,1.25,1.84,1.19,32,13,1.87,1.58,3.45,34,True,True,True,True,True,False,True,1.34,1.11,1.79,,,1.88,1.99,6.36,1.45,5.17,2.74,1.48,2.28,1.59,,
USA_Major_League_Soccer_2025,2025,0,Los Angeles FC,Atlanta United FC,2025-10-06 01:10:00,1,0,1,9,1,10,2,1,0,0,4,1,11,2,15,3,9,7,54,46,Banc of California Stadium,"3939 S Figueroa Street, Los Angeles, California",2,1,1.41,4.6,5.2,1.13,1.6,2.07,1.53,2.3,1.4,2.02,2.7,2.07,1.2,2.0,3.8,1.75,1,0,0,1,0,1,0,6490,0,44,0,22067,2,1,5,1,4,0,6,4,1,0,1,1,1,2,1,56,31,126,94,1.64,0.5,2.14,0,0,0,0,0,0,1,1,0,0,0,0,0,0,1,13,15,1,7,9,1,3,12,50,77,27,67,2.11,0.47,1.93,0.53,1.77,0.87,50,23,1.8,1.14,2.94,34,True,False,False,False,False,False,False,1.43,1.13,2.05,,,1.94,1.92,8.18,1.34,5.93,2.23,1.70,2.07,1.73,1.45,2.61
USA_Major_League_Soccer_2025,2025,0,Los Angeles FC,Toronto,2025-10-09 02:40:00,2,0,2,3,6,9,1,1,0,1,7,3,10,8,17,11,11,11,45,55,Banc of California Stadium,"3939 S Figueroa Street, Los Angeles, California",1,3,1.49,3.95,5.1,1.2,1.64,2.3,1.81,2.04,1.46,2.08,2.5,1.85,1.3,2.54,3.2,1.5,2,1,0,1,0,1,1,6490,0,51,0,-1,2,1,2,3,1,3,5,4,1,0,0,2,1,2,1,63,60,99,126,2.01,1.35,3.36,0,0,0,0,0,0,1,1,0,0,1,0,0,0,1,3,15,1,10,11,1,3,12,44,69,28,72,2.11,0.94,2.0,1.0,1.81,0.91,57,32,1.79,1.04,2.83,34,True,True,False,False,False,False,False,,,,,,,,,,,,,,,,
USA_Major_League_Soccer_2025,2025,0,Inter Miami,Atlanta United FC,2025-10-11 23:40:00,4,0,4,6,2,8,0,0,0,0,10,3,10,7,20,10,8,5,60,40,,,0,0,1.15,6.4,9.0,1.06,1.22,1.62,1.44,2.45,1.51,2.14,2.44,1.9,1.14,1.73,5.0,2.0,4,1,0,3,0,3,1,677446,0,63,0,16888,2,-1,4,1,2,1,5,3,0,0,0,0,0,0,1,66,26,149,65,2.45,1.03,3.48,0,0,0,0,0,0,1,1,0,0,2,0,-1,-1,1,17,13,1,5,8,1,8,9,63,85,35,72,2.29,0.47,2.06,0.5,1.84,0.84,38,16,1.61,1.1,2.71,34,True,True,True,True,False,False,False,1.21,1.10,1.57,,,,,10.18,1.23,7.25,2.55,1.54,1.91,1.91,1.51,2.45
USA_Major_League_Soccer_2025,2025,0,Orlando City,Vancouver Whitecaps,2025-10-11 23:40:00,1,2,3,1,6,7,3,0,0,0,3,9,1,15,4,24,8,13,31,69,,,3,0,2.3,3.75,2.75,1.17,1.57,2.36,1.44,2.5,1.38,1.94,2.75,2.06,1.25,2.2,3.6,1.57,3,1,0,0,2,2,1,5,0,63,0,23465,2,1,1,5,0,1,6,1,0,0,3,0,0,3,1,5,5,11,16,0.5,2.16,2.65,0,0,0,0,0,0,1,1,0,0,1,0,0,0,1,0,4,1,13,8,1,13,0,66,79,51,75,1.65,1.65,1.75,1.63,1.66,1.88,35,22,1.75,1.24,2.99,35,True,True,True,False,False,False,True,,,,,,2.39,1.61,3.06,2.32,3.64,2.73,1.49,,,,
USA_Major_League_Soccer_2025,2025,0,Seattle Sounders,Real Salt Lake,2025-10-12 01:40:00,1,0,1,4,4,8,1,4,0,0,2,4,13,9,15,13,11,20,55,45,CenturyLink Field,"800 Occidental Avenue South, Seattle, Washington",1,4,1.72,3.9,4.2,1.15,1.5,2.3,1.5,2.3,1.34,1.93,2.9,2.07,1.25,2.2,3.5,1.57,1,1,0,0,0,0,1,18,0,62,0,31587,2,1,3,1,1,3,4,4,0,2,1,2,2,3,1,40,53,73,77,1.37,1.48,2.85,0,0,0,0,0,0,1,1,1,0,0,0,0,0,1,10,14,1,19,11,1,10,9,55,78,42,75,2.17,0.72,2.06,0.8,1.53,1.25,46,23,1.73,1.53,3.26,35,True,False,False,False,False,False,False,,,,,,2.32,1.65,4.73,1.70,4.20,2.53,1.56,,,,
USA_Major_League_Soccer_2025,2025,0,LA Galaxy,FC Dallas,2025-10-12 02:35:00,2,1,3,11,1,12,4,3,0,1,5,1,8,7,13,8,13,9,72,28,,,4,5,2.4,3.8,2.65,1.1,1.36,1.85,1.36,2.9,1.37,1.94,2.8,2.06,1.2,2.05,4.0,1.7,3,1,0,1,1,2,1,10,0,60,0,20738,2,1,5,1,6,0,6,6,0,2,4,2,2,6,1,87,32,88,60,1.79,0.81,2.6,0,0,0,0,0,0,1,1,0,0,0,0,0,0,1,10,16,1,9,13,1,6,13,63,87,40,87,1.35,1.28,1.13,1.33,0.75,1.28,37,14,1.52,1.2,2.72,34,True,True,True,False,False,False,True,,,,,,,,2.35,2.81,3.96,3.53,1.32,2.24,1.61,,
USA_Major_League_Soccer_2025,2025,0,Austin,Los Angeles FC,2025-10-12 23:10:00,1,0,1,3,1,4,3,2,0,0,2,2,1,3,3,5,11,13,45,55,,,3,2,3.05,3.4,2.09,1.28,1.9,3.23,1.7,2.22,1.52,2.18,2.41,1.86,1.38,2.87,3.14,1.44,1,0,0,1,0,1,0,698284,0,62,0,20738,2,1,2,0,1,1,2,2,1,1,2,1,2,3,1,13,10,39,52,0.43,0.54,0.96,0,0,0,0,0,0,1,1,0,0,0,0,0,1,1,8,4,1,13,11,1,10,5,56,75,56,72,1.56,1.53,1.56,1.6,1.38,1.84,45,26,1.45,1.45,2.9,36,True,False,False,False,False,False,False,2.00,1.30,3.37,,,,,2.23,3.53,3.32,2.20,1.71,1.84,1.97,1.55,2.37
USA_Major_League_Soccer_2025,2025,0,Toronto,Orlando City,2025-10-18 22:10:00,4,2,6,2,8,10,4,2,0,0,6,10,6,21,12,31,17,17,39,61,,,4,2,3.05,3.74,2.15,1.2,1.62,2.5,1.57,2.4,1.49,1.81,2.4,1.87,1.25,2.32,3.45,1.55,6,2,0,2,2,4,2,19,0,60,0,21013,2,1,1,2,1,6,3,7,0,1,4,1,1,5,1,40,70,50,67,1.46,3.13,4.59,0,0,0,0,0,0,1,1,1,0,0,0,0,0,1,4,11,1,17,17,1,14,5,44,75,19,54,0.94,1.39,0.81,1.56,0.88,1.61,57,25,1.17,1.62,2.79,34,True,True,True,True,True,True,True,1.67,1.20,2.59,,,,,2.16,3.27,3.77,2.45,1.59,1.83,1.99,1.58,2.33
USA_Major_League_Soccer_2025,2025,0,Nashville SC,Inter Miami,2025-10-18 22:10:00,2,5,7,6,3,9,1,2,0,0,7,9,8,8,15,17,9,7,40,60,,,1,2,2.32,3.94,2.5,1.13,1.45,2.1,1.4,2.75,1.6,2.16,2.0,1.6,1.22,2.1,4.0,1.7,7,2,1,0,4,4,3,677446,0,60,0,30109,2,1,5,0,1,3,5,4,0,1,1,1,1,2,1,40,47,73,88,1.72,2.04,3.76,0,1,0,1,0,0,1,1,0,0,1,0,0,0,1,4,7,1,7,9,1,7,5,69,79,50,82,2.17,1.68,2.25,1.63,1.64,1.88,32,22,1.79,1.33,3.12,37,True,True,True,True,True,True,True,1.40,1.12,2.02,,,2.05,1.80,2.53,2.58,3.98,3.14,1.39,,,,
USA_Major_League_Soccer_2025,2025,0,Charlotte,Philadelphia Union,2025-10-18 22:10:00,2,0,2,4,12,16,1,3,1,0,5,5,3,18,8,23,5,13,41,59,,,2,3,2.22,3.5,2.65,1.13,1.57,2.55,1.44,2.45,1.67,2.0,2.1,1.73,1.26,2.32,3.5,1.57,2,2,0,0,0,0,2,711351,0,38,0,31191,2,1,2,1,2,11,3,13,0,1,2,2,1,4,1,54,79,113,102,1.26,2.36,3.62,0,0,0,0,0,0,1,1,0,0,0,0,0,0,1,21,16,1,13,5,1,15,3,47,66,28,63,2.11,1.61,2.31,1.63,1.7,2.0,54,35,1.3,1.37,2.67,37,True,True,False,False,False,False,False,1.61,1.18,2.45,,,2.43,1.57,2.73,2.53,3.69,2.68,1.50,1.85,1.96,1.57,2.35
USA_Major_League_Soccer_2025,2025,0,Columbus Crew,New York RB,2025-10-18 22:10:00,3,1,4,4,1,5,0,2,0,0,6,3,7,4,13,7,8,11,58,42,MAPFRE Stadium,"1 Black and Gold Boulevard, Columbus, Ohio",0,2,1.5,4.2,5.5,1.19,1.61,2.38,1.63,2.14,1.7,2.07,2.08,1.65,1.24,2.25,3.65,1.6,4,1,1,2,0,2,2,9,0,60,0,20736,-1,1,-1,-1,-1,-1,-1,-1,0,1,0,1,1,1,1,63,44,70,77,1.69,0.98,2.66,0,0,0,0,0,0,1,1,0,0,-1,-1,0,0,1,16,13,1,11,8,1,5,6,47,72,38,81,1.94,0.59,1.81,0.63,1.55,1.3,54,28,1.72,1.14,2.86,34,True,True,True,True,False,False,True,1.61,1.19,2.41,,,2.35,1.61,5.94,1.59,4.15,2.29,1.66,,,,
USA_Major_League_Soccer_2025,2025,0,New York City,Seattle Sounders,2025-10-18 22:10:00,1,2,3,9,6,15,3,1,0,0,5,4,8,5,13,9,19,6,50,50,Yankee Stadium,"One East 161st Street, The Bronx, New York City",3,1,1.8,3.65,3.5,1.2,1.68,2.7,1.6,2.42,1.39,1.62,2.63,1.96,1.29,2.38,3.35,1.53,3,0,0,1,2,3,0,18,0,50,0,24832,2,1,3,2,6,4,5,10,3,0,0,1,3,1,1,59,35,85,85,1.59,1.11,2.7,0,0,0,0,0,0,1,1,0,0,1,1,0,0,1,16,10,1,6,19,1,2,10,63,81,35,88,1.89,1.11,2.06,1.0,1.7,1.58,38,19,1.51,1.55,3.06,37,True,True,True,False,False,False,True,1.62,1.19,2.48,,,,,4.04,1.89,3.84,2.51,1.56,,,,
USA_Major_League_Soccer_2025,2025,0,Atlanta United FC,DC United,2025-10-18 22:10:00,1,1,2,8,5,13,0,4,0,0,7,4,6,6,13,10,12,17,51,49,Mercedes-Benz Stadium,"1 AMB Drive North West, Atlanta, Georgia",0,4,1.77,4.0,3.7,1.15,1.4,2.32,1.5,2.4,1.52,1.85,2.35,1.83,1.25,2.15,3.55,1.62,2,1,0,0,1,1,1,-1,0,72,0,44098,2,1,4,3,4,2,7,6,0,2,0,2,2,2,1,42,36,57,67,1.61,1.17,2.78,0,0,0,0,0,0,1,1,1,0,1,0,0,0,1,7,11,1,17,12,1,6,7,63,85,38,81,1.18,0.76,1.19,0.75,0.82,0.76,38,16,1.41,1.2,2.61,34,True,True,False,False,False,False,True,1.44,1.13,2.09,,,,,4.67,1.67,4.48,2.71,1.50,,,,
USA_Major_League_Soccer_2025,2025,0,FC Cincinnati,Montreal Impact,2025-10-18 22:10:00,3,0,3,5,12,17,2,2,0,0,7,3,5,6,12,9,10,10,46,54,,,2,2,1.55,4.6,5.0,1.11,1.4,2.0,1.44,2.45,1.55,1.92,2.39,1.76,1.2,2.05,3.9,1.78,3,1,0,2,0,2,1,8043,0,60,0,-1,2,1,4,9,1,3,13,4,1,2,1,0,3,1,1,40,50,67,80,1.53,1.14,2.68,0,0,0,0,0,0,1,1,0,0,2,1,0,0,1,13,10,1,10,9,1,7,5,53,72,25,54,1.8,0.94,1.69,1.0,1.88,0.85,47,28,1.56,1.16,2.72,34,True,True,True,False,False,False,False,1.44,1.14,2.11,,,,,5.08,1.58,4.83,2.61,1.52,1.86,1.94,1.56,2.38
USA_Major_League_Soccer_2025,2025,0,New England Revolution,Chicago Fire,2025-10-18 22:10:00,2,2,4,2,5,7,2,1,0,0,2,5,4,12,6,17,8,14,41,59,Gillette Stadium,"1388 One Patriot Place, Foxborough, Massachusetts",2,1,2.8,3.78,2.2,1.13,1.4,2.11,1.36,2.8,1.48,1.8,2.43,1.88,1.22,2.05,3.9,1.7,4,1,0,1,2,3,1,-1,0,66,0,-1,2,1,1,2,1,3,3,4,0,0,2,1,0,3,1,55,126,129,172,0.94,2.34,3.27,0,0,0,0,0,0,1,1,1,0,0,0,0,0,1,11,16,1,17,10,1,14,5,69,91,47,75,0.94,1.67,0.94,1.75,1.06,1.58,31,10,1.35,1.44,2.79,34,True,True,True,True,False,False,True,1.45,1.13,2.10,,,2.10,1.76,2.12,3.23,3.95,3.03,1.41,1.96,1.85,1.50,2.54
USA_Major_League_Soccer_2025,2025,0,SJ Earthquakes,Austin,2025-10-19 01:10:00,2,1,3,15,1,16,0,3,0,0,10,3,15,2,25,5,9,12,65,35,,,0,3,1.78,4.0,3.95,1.13,1.46,2.18,1.47,2.48,1.44,1.73,2.55,1.97,1.25,2.21,3.9,1.68,3,0,1,2,0,2,1,15,0,69,0,17033,2,1,8,0,7,1,8,8,0,0,0,3,0,3,1,84,28,113,75,2.87,0.74,3.61,0,0,0,0,0,0,1,1,0,0,0,0,0,0,1,19,14,1,13,9,1,6,11,60,88,41,85,1.24,1.06,1.13,1.19,1.15,1.42,41,13,1.82,1.11,2.93,34,True,True,True,False,False,False,True,1.51,1.16,2.24,,,2.19,1.69,4.58,1.71,4.28,2.61,1.53,2.16,1.68,,
USA_Major_League_Soccer_2025,2025,0,Vancouver Whitecaps,FC Dallas,2025-10-19 01:10:00,1,2,3,8,6,14,1,4,1,0,7,7,10,4,17,11,11,16,68,32,BC Place Stadium,"777 Pacific Boulevard, False Creek, Vancouver, British Columbia",3,4,1.4,4.45,6.0,1.14,1.4,2.03,1.57,2.18,1.41,1.7,2.65,2.04,1.22,2.05,3.9,1.7,3,1,1,0,1,1,2,13,0,66,0,26741,2,1,3,5,5,1,8,6,2,2,0,2,4,2,1,78,36,104,77,2.12,1.45,3.57,1,0,1,0,0,0,1,1,0,0,1,0,1,0,1,21,17,1,15,11,1,7,9,63,88,53,91,2.0,1.28,2.13,1.25,1.91,1.24,38,13,1.9,1.18,3.08,36,True,True,True,False,False,False,True,1.36,1.11,1.94,,,2.01,1.81,8.34,1.31,6.22,2.26,1.67,2.22,1.65,,
USA_Major_League_Soccer_2025,2025,0,Portland Timbers,San Diego,2025-10-19 01:10:00,0,4,4,3,5,8,2,1,0,0,3,6,8,10,11,16,11,14,29,71,Providence Park,"1844 SW Morrison Street, Portland, Oregon",2,1,2.75,3.7,2.49,1.16,1.5,2.31,1.44,2.5,1.49,1.81,2.43,1.79,1.22,2.15,3.75,1.62,4,0,1,0,3,3,1,1398748,0,78,0,-1,2,1,1,2,2,3,3,5,1,0,1,1,1,2,1,50,69,65,113,1.26,1.93,3.19,0,0,0,0,0,0,1,1,0,0,0,1,0,0,1,3,15,1,14,11,1,6,6,66,88,44,69,1.63,2.11,1.69,2.13,1.33,1.82,35,13,1.48,1.35,2.83,38,True,True,True,True,False,False,False,1.50,1.09,2.23,,,2.25,1.65,2.46,2.75,3.81,2.82,1.46,1.91,1.91,1.52,2.45
USA_Major_League_Soccer_2025,2025,0,Colorado Rapids,Los Angeles FC,2025-10-19 01:10:00,2,2,4,6,5,11,3,3,0,0,3,8,10,9,13,17,6,11,53,47,,,3,3,3.0,3.5,2.02,1.11,1.47,2.35,1.49,2.5,1.35,1.6,2.88,2.18,1.25,2.25,3.5,1.63,4,0,1,2,1,3,1,-1,0,54,0,18258,2,1,2,4,4,1,6,5,2,2,1,1,4,2,1,86,74,140,116,1.66,2.17,3.83,0,0,0,0,0,0,1,1,0,0,0,1,0,0,1,21,9,1,11,6,1,7,9,54,81,47,85,1.65,1.53,1.69,1.5,1.21,1.79,47,19,1.58,1.39,2.97,34,True,True,True,True,False,False,True,1.36,1.11,1.93,,,1.97,1.86,1.81,3.84,4.48,3.17,1.38,1.88,1.92,1.53,2.47
USA_Major_League_Soccer_2025,2025,0,Sporting KC,Houston Dynamo,2025-10-19 01:10:00,0,0,0,7,5,12,1,3,0,0,2,5,9,4,11,9,17,18,52,48,Children's Mercy Park,"One Sporting Way, Kansas City, Kansas",1,3,2.44,3.7,2.36,1.14,1.5,2.2,1.4,2.63,1.48,1.78,2.45,1.9,1.25,2.1,3.9,1.68,0,0,0,0,0,0,0,-1,0,66,0,16983,2,1,4,0,3,5,4,8,1,2,0,1,3,1,1,52,40,62,73,1.2,1.21,2.41,0,0,0,0,0,0,1,1,0,0,0,0,0,0,1,14,10,1,18,17,1,8,6,56,88,41,85,1.0,1.12,1.0,1.13,0.82,1.09,44,13,1.58,1.14,2.72,34,False,False,False,False,False,False,False,1.45,1.13,2.11,,,2.09,1.77,2.69,2.49,3.84,3.13,1.39,1.98,1.83,1.48,2.61
USA_Major_League_Soccer_2025,2025,0,St. Louis City,Real Salt Lake,2025-10-19 01:10:00,2,2,4,7,3,10,3,3,0,0,7,3,21,5,28,8,11,10,54,46,,,3,3,2.45,3.94,2.62,1.14,1.45,2.08,1.43,3.1,1.3,1.73,3.1,2.3,1.22,2.17,3.66,1.69,4,1,2,1,0,1,3,-1,0,63,0,-1,-1,1,-1,-1,-1,-1,-1,-1,1,1,2,2,2,4,1,97,50,112,110,2.94,1.09,4.03,1,0,1,0,0,0,1,1,0,0,-1,-1,0,0,1,18,10,1,12,13,1,3,15,57,75,35,81,1.06,0.72,1.06,0.75,0.94,1.21,44,25,1.75,1.53,3.28,34,True,True,True,True,False,False,True,1.40,1.12,2.00,,,2.07,1.79,2.69,2.41,4.05,3.20,1.38,2.18,1.66,,
USA_Major_League_Soccer_2025,2025,0,LA Galaxy,Minnesota United,2025-10-19 01:10:00,2,1,3,7,6,13,1,3,1,0,8,4,3,9,11,13,14,12,60,40,,,2,3,2.52,3.4,2.55,1.1,1.5,2.25,1.47,2.5,1.36,1.6,2.85,2.17,1.24,2.15,3.75,1.64,3,1,0,1,1,2,1,10,0,60,0,17765,2,1,7,3,0,3,10,3,0,0,2,3,0,5,1,53,56,132,98,1.65,1.51,3.16,0,0,0,0,0,0,1,1,0,0,1,1,0,0,1,11,13,1,12,14,1,6,3,66,85,28,76,1.35,1.58,1.25,1.88,0.82,1.76,35,16,1.54,1.22,2.76,34,True,True,True,False,False,False,True,1.46,1.14,2.14,,,,,2.76,2.43,3.85,3.04,1.41,2.23,1.63,,
USA_Major_League_Soccer_2025,2025,0,Chicago Fire,Orlando City,2025-10-23 00:40:00,3,1,4,3,3,6,1,3,0,0,9,4,15,2,24,6,11,11,52,48,,,1,3,2.0,3.5,2.88,1.17,1.48,2.25,1.47,2.5,1.46,1.85,2.42,1.85,1.25,2.2,3.42,1.61,4,0,0,3,1,4,0,7,1,75,0,-1,2,1,2,1,1,2,3,3,1,0,0,3,1,3,1,73,36,103,84,2.66,0.93,3.59,0,0,0,0,0,0,1,1,0,0,0,1,0,0,1,12,22,1,11,11,1,4,13,74,85,46,84,1.54,1.51,1.56,1.56,1.56,1.56,27,15,1.55,1.7,3.25,35,True,True,True,True,False,False,True,1.48,1.14,2.26,,,2.19,1.69,3.28,2.13,3.86,2.98,1.42,1.88,1.93,1.56,2.42
USA_Major_League_Soccer_2025,2025,0,Portland Timbers,Real Salt Lake,2025-10-23 02:35:00,3,1,4,7,6,13,0,5,0,0,8,7,4,15,12,22,13,15,48,52,Providence Park,"1844 SW Morrison Street, Portland, Oregon",0,5,2.22,3.59,3.15,1.18,1.65,2.42,1.5,2.33,1.4,1.79,2.62,1.99,1.26,2.34,3.15,1.53,4,2,1,1,0,1,3,20,1,55,0,16243,2,1,4,3,3,3,7,6,0,1,0,4,1,4,1,48,67,80,112,1.66,2.36,4.02,0,0,0,0,0,0,1,1,0,0,1,0,0,0,1,13,15,1,15,14,1,9,3,47,71,28,77,1.26,1.17,1.29,1.21,1.29,1.21,53,29,1.36,1.57,2.93,35,True,True,True,True,False,False,True,1.65,1.20,2.57,,,,,3.32,2.19,3.63,2.55,1.55,2.02,1.79,,
USA_Major_League_Soccer_2025,2025,0,Inter Miami,Nashville SC,2025-10-25 00:20:00,3,1,4,5,2,7,2,1,0,0,6,3,6,4,12,7,11,16,55,45,,,2,1,1.55,4.78,5.0,1.05,1.36,2.04,1.41,2.91,1.6,1.95,2.2,1.77,1.17,1.91,4.0,1.75,4,1,0,2,1,3,1,677446,1,68,0,14503,2,1,2,2,3,0,4,3,0,0,2,1,0,3,1,30,29,84,80,1.4,0.87,2.27,0,0,0,0,0,0,1,1,0,0,1,0,0,0,1,9,16,1,18,13,1,4,8,72,84,49,83,2.0,1.54,1.91,1.59,1.91,1.59,28,17,1.52,1.55,3.07,37,True,True,True,True,False,False,True,1.33,1.10,1.85,,,1.92,1.91,5.07,1.56,5.02,2.94,1.43,1.81,2.02,1.62,2.29
USA_Major_League_Soccer_2025,2025,0,Philadelphia Union,Chicago Fire,2025-10-26 21:50:00,2,2,4,7,5,12,3,3,0,1,2,5,16,8,18,13,8,12,57,43,,,3,5,1.9,3.95,3.7,1.12,1.57,2.33,1.54,2.56,1.38,1.65,2.75,2.09,1.24,2.23,3.65,1.61,4,0,0,2,2,4,0,-1,1,58,0,-1,2,1,1,2,6,3,3,9,0,0,3,4,0,7,1,54,27,125,74,1.67,1.37,3.04,0,0,0,0,0,0,1,1,0,0,1,0,0,0,1,26,19,1,12,8,1,5,13,64,77,41,79,1.89,1.54,1.94,1.6,1.94,1.6,37,23,1.61,1.58,3.19,37,True,True,True,True,False,False,True,1.70,1.22,2.71,,,2.53,1.53,3.85,1.95,3.80,2.42,1.60,2.09,1.74,,
USA_Major_League_Soccer_2025,2025,0,Vancouver Whitecaps,FC Dallas,2025-10-26 23:40:00,3,0,3,10,1,11,1,3,0,0,10,0,12,1,22,1,18,7,64,36,BC Place Stadium,"777 Pacific Boulevard, False Creek, Vancouver, British Columbia",1,3,1.36,5.04,5.5,1.11,1.43,2.11,1.57,2.29,1.28,1.53,3.05,2.31,1.22,2.14,3.8,1.72,3,1,0,2,0,2,1,5,1,61,0,-1,2,1,4,0,6,1,4,7,0,0,1,3,0,4,1,83,15,127,67,2.68,0.19,2.87,1,0,1,0,0,0,1,1,0,0,0,0,0,0,1,16,11,1,6,18,1,2,13,61,82,46,79,1.82,1.25,1.85,1.29,1.85,1.29,40,18,1.61,1.24,2.85,36,True,True,True,False,False,False,False,1.41,1.13,2.06,,,2.10,1.76,7.40,1.38,5.63,2.39,1.61,2.31,1.60,,
USA_Major_League_Soccer_2025,2025,0,San Diego,Portland Timbers,2025-10-27 01:40:00,2,1,3,7,0,7,2,2,0,1,8,3,7,2,15,5,12,11,71,29,,,2,3,1.6,4.45,4.95,1.11,1.46,2.35,1.55,2.34,1.5,1.81,2.4,1.93,1.24,2.29,3.7,1.64,3,2,1,0,0,0,3,1398748,1,57,0,32500,2,1,2,0,5,0,2,5,0,0,2,3,0,5,1,64,21,146,49,1.98,0.68,2.66,0,0,0,0,0,0,1,1,0,0,1,0,0,0,1,10,10,1,11,14,1,3,6,54,75,34,71,1.87,1.26,1.85,1.34,1.85,1.34,46,25,1.53,1.37,2.9,38,True,True,True,False,False,False,True,1.54,1.17,2.35,,,2.28,1.64,5.00,1.62,4.51,2.38,1.62,2.02,1.81,1.48,2.60
USA_Major_League_Soccer_2025,2025,0,FC Cincinnati,Columbus Crew,2025-10-27 22:50:00,1,0,1,4,2,6,3,1,0,0,6,3,6,3,12,6,13,8,50,50,,,3,1,2.26,3.55,2.5,1.14,1.54,2.32,1.44,2.55,1.52,1.89,2.28,1.79,1.24,2.29,3.6,1.64,1,0,0,1,0,1,0,8043,1,65,0,23371,2,1,3,1,1,1,4,2,1,1,2,0,2,2,1,33,43,98,108,1.42,0.92,2.34,0,0,0,0,0,0,1,1,0,0,0,0,0,0,1,20,22,1,8,13,1,6,7,56,74,40,75,1.87,1.54,1.91,1.59,1.91,1.59,44,27,1.5,1.49,2.99,37,True,False,False,False,False,False,False,1.54,1.16,2.31,,,2.27,1.64,2.69,2.52,3.78,2.87,1.45,1.83,2.00,1.61,2.29
USA_Major_League_Soccer_2025,2025,0,Minnesota United,Seattle Sounders,2025-10-28 01:00:00,0,0,0,5,6,11,5,0,0,0,3,4,7,10,10,14,6,10,31,69,,,5,0,2.7,3.2,2.2,1.28,1.8,3.0,1.65,2.1,1.42,1.77,2.49,1.9,1.35,2.59,3.21,1.45,0,0,0,0,0,0,0,-1,1,58,0,16945,2,1,1,3,4,3,4,7,2,0,3,0,2,3,1,38,63,65,96,1.12,1.62,2.73,0,0,0,0,0,0,1,1,0,0,0,1,1,0,1,12,13,1,16,11,1,5,8,59,76,38,71,1.58,1.62,1.71,1.62,1.71,1.62,41,24,1.39,1.61,3.0,37,False,False,False,False,False,False,False,1.90,1.28,3.19,1.37,3.11,2.85,1.43,2.33,3.21,3.41,2.28,1.67,,,,
USA_Major_League_Soccer_2025,2025,0,Charlotte,New York City,2025-10-28 22:50:00,0,1,1,8,7,15,0,5,0,0,4,5,6,7,10,12,7,8,50,50,,,0,5,2.83,3.59,2.55,1.22,1.71,2.75,1.63,2.25,1.51,1.8,2.51,2.0,1.3,2.45,3.33,1.49,1,0,1,0,0,0,1,2,1,50,0,33709,2,1,2,4,6,3,6,9,0,1,0,4,1,4,1,89,60,91,97,1.55,1.54,3.09,0,0,0,0,0,0,1,1,0,0,0,1,0,0,1,30,27,1,8,7,1,6,8,56,75,32,74,1.62,1.69,1.74,1.65,1.74,1.65,44,25,1.21,1.39,2.6,37,True,False,False,False,False,False,False,1.93,1.28,3.20,,,,,2.67,2.75,3.39,2.28,1.67,1.88,1.93,1.56,2.41
USA_Major_League_Soccer_2025,2025,0,Los Angeles FC,Austin,2025-10-30 02:35:00,2,1,3,8,1,9,1,2,0,0,6,2,12,6,18,8,17,10,41,59,Banc of California Stadium,"3939 S Figueroa Street, Los Angeles, California",1,2,1.28,4.65,7.0,1.21,1.63,2.7,1.8,1.91,1.5,2.05,2.38,1.87,1.33,2.28,3.2,1.53,3,1,0,1,1,2,1,6490,1,52,0,-1,2,1,4,0,4,1,4,5,0,0,1,2,0,3,1,39,41,64,97,1.83,0.95,2.78,0,0,0,0,0,0,1,1,0,0,3,0,0,0,1,14,11,1,10,17,1,5,9,50,73,40,72,1.81,1.31,1.76,1.38,1.76,1.38,50,28,1.62,1.24,2.86,36,True,True,True,False,False,False,True,1.66,1.20,2.65,1.33,3.28,2.44,1.56,8.51,1.37,5.29,1.88,1.97,1.84,1.98,1.56,2.41
USA_Major_League_Soccer_2025,2025,0,New York City,Charlotte,2025-11-01 19:40:00,0,0,0,6,2,8,2,3,0,0,5,3,11,5,16,8,16,13,54,46,Yankee Stadium,"One East 161st Street, The Bronx, New York City",2,3,1.7,3.67,3.86,1.22,1.69,2.25,1.67,2.1,1.44,1.7,2.55,2.05,1.33,2.45,3.1,1.58,0,0,0,0,0,0,0,-1,1,49,0,19051,2,1,5,1,1,1,6,2,1,0,1,3,1,4,1,56,49,99,87,1.76,1.08,2.84,0,0,0,0,0,0,1,1,0,0,2,0,0,0,1,18,20,1,13,16,1,4,11,54,73,31,74,1.69,1.62,1.69,1.69,1.69,1.69,46,27,1.4,1.22,2.62,37,False,False,False,False,False,False,False,1.83,1.25,2.98,1.35,3.26,2.71,1.47,4.85,1.79,3.70,2.10,1.78,2.05,1.78,,
USA_Major_League_Soccer_2025,2025,0,Chicago Fire,Philadelphia Union,2025-11-01 21:40:00,0,3,3,8,3,11,3,2,0,0,2,3,9,6,11,9,17,13,71,29,,,3,2,2.15,3.5,2.9,1.13,1.62,2.22,1.46,2.5,1.37,1.62,2.8,2.14,1.23,2.38,3.75,1.58,3,0,3,0,0,0,3,16,1,59,0,17431,2,1,2,2,6,1,4,7,0,2,3,0,2,3,1,51,32,124,86,1.22,1.02,2.23,0,0,0,0,0,0,1,1,0,1,0,0,0,0,1,20,25,1,12,17,1,5,7,65,78,39,76,1.54,1.89,1.58,1.91,1.58,1.91,36,23,1.58,1.61,3.19,37,True,True,True,False,False,False,False,1.64,1.20,2.55,,,,,3.19,2.24,3.67,2.58,1.53,1.92,1.90,1.53,2.49
USA_Major_League_Soccer_2025,2025,0,Nashville SC,Inter Miami,2025-11-01 23:40:00,2,1,3,6,2,8,5,0,0,0,5,3,5,8,10,11,15,10,39,61,,,5,0,2.65,3.9,2.4,1.1,1.47,2.2,1.4,2.88,1.58,2.05,2.2,1.7,1.22,2.19,3.8,1.7,3,2,0,0,1,1,2,677447,1,69,0,30109,2,1,3,0,3,2,3,5,2,0,3,0,2,3,1,30,48,59,111,1.2,1.26,2.46,1,0,1,0,0,0,1,1,1,0,0,0,1,0,1,14,24,1,9,15,1,9,4,73,85,47,83,1.54,2.0,1.54,1.94,1.54,1.94,27,16,1.53,1.51,3.04,37,True,True,True,False,False,False,True,1.41,1.12,2.05,,,2.07,1.79,2.27,2.90,4.02,3.29,1.36,1.67,2.21,1.76,2.07
USA_Major_League_Soccer_2025,2025,0,Portland Timbers,San Diego,2025-11-02 01:30:00,2,2,4,4,6,10,4,4,0,0,4,5,13,4,17,9,21,14,39,61,Providence Park,"1844 SW Morrison Street, Portland, Oregon",4,4,2.44,3.5,2.15,1.14,1.48,2.2,1.42,2.65,1.54,1.85,2.48,1.85,1.21,2.28,3.65,1.64,4,1,1,1,1,2,2,-1,1,58,0,-1,2,1,3,3,1,3,6,4,1,1,3,3,2,6,1,57,38,106,69,1.76,1.19,2.96,0,0,0,0,0,0,1,1,0,0,1,1,0,0,1,17,19,1,15,22,1,3,10,55,76,36,72,1.26,1.87,1.31,1.89,1.31,1.89,45,24,1.35,1.54,2.89,38,True,True,True,True,False,False,True,1.51,1.16,2.25,,,2.19,1.69,2.20,3.12,3.86,2.82,1.46,1.92,1.90,1.54,2.45
USA_Major_League_Soccer_2025,2025,0,FC Dallas,Vancouver Whitecaps,2025-11-02 01:40:00,1,1,2,2,8,10,4,1,0,0,3,2,7,13,10,15,15,11,39,61,Toyota Stadium,"6000 Main Street, Frisco, Texas",4,1,3.5,3.7,1.9,1.15,1.5,2.44,1.48,2.5,1.46,1.76,2.5,1.93,1.23,2.35,3.8,1.6,2,1,0,0,1,1,1,-1,1,59,0,-1,2,1,2,3,0,5,5,5,3,0,1,1,3,2,1,37,45,76,105,1.11,1.42,2.53,0,0,0,0,0,0,1,1,0,0,0,1,0,0,1,27,25,1,11,15,1,11,8,62,83,45,80,1.25,1.82,1.26,1.89,1.26,1.89,39,17,1.21,1.65,2.86,36,True,True,False,False,False,False,True,1.62,1.19,2.48,,,2.32,1.62,1.87,3.96,4.02,2.50,1.56,1.89,1.92,1.53,2.48
USA_Major_League_Soccer_2025,2025,0,Columbus Crew,FC Cincinnati,2025-11-02 23:40:00,4,0,4,8,3,11,0,3,0,1,10,0,10,1,20,1,15,10,66,34,MAPFRE Stadium,"1 Black and Gold Boulevard, Columbus, Ohio",0,5,1.8,3.9,3.4,1.14,1.44,2.25,1.48,2.5,1.56,2.05,2.26,1.65,1.22,2.15,3.8,1.62,4,2,0,2,0,2,2,9,1,63,0,19506,2,1,6,2,2,1,8,3,0,3,0,1,3,1,1,83,16,140,41,2.56,0.19,2.75,0,0,0,0,0,0,1,1,0,0,0,0,0,1,1,12,12,1,10,15,1,1,11,54,72,39,73,1.54,1.87,1.54,1.94,1.54,1.94,46,29,1.48,1.5,2.98,37,True,True,True,True,False,False,False,1.47,1.14,2.16,,,2.16,1.71,3.80,1.91,4.03,2.85,1.45,1.78,2.04,1.63,2.27
USA_Major_League_Soccer_2025,2025,0,Austin,Los Angeles FC,2025-11-03 01:50:00,1,4,5,2,2,4,4,4,0,0,3,5,5,13,8,18,15,8,52,48,,,4,4,3.4,3.75,1.98,1.24,1.75,2.8,1.65,2.1,1.44,1.74,2.55,1.95,1.3,2.45,3.2,1.48,5,1,3,0,1,1,4,6490,1,53,0,20738,2,1,1,0,1,2,1,3,1,1,3,3,2,6,1,45,40,98,88,1.05,1.77,2.82,1,0,1,0,0,0,1,1,0,0,0,0,0,0,1,16,10,1,10,15,1,8,7,52,73,39,73,1.31,1.81,1.34,1.8,1.34,1.8,49,28,1.23,1.62,2.85,36,True,True,True,True,True,False,True,2.00,1.30,3.39,1.39,3.02,2.93,1.41,2.00,3.92,3.58,2.09,1.79,,,,
USA_Major_League_Soccer_2025,2025,0,Seattle Sounders,Minnesota United,2025-11-04 03:50:00,4,2,6,3,2,5,1,2,0,0,6,4,5,4,11,8,11,11,59,41,CenturyLink Field,"800 Occidental Avenue South, Seattle, Washington",1,2,1.5,4.4,6.15,1.17,1.57,2.4,1.67,2.05,1.35,1.9,2.75,2.14,1.26,2.28,3.5,1.57,6,3,2,1,0,1,5,18,1,56,0,30085,2,1,2,1,1,1,3,2,1,1,0,1,2,1,1,37,45,106,100,1.39,1.12,2.51,0,0,0,0,0,0,1,1,1,0,1,0,0,0,1,19,29,1,13,10,1,4,8,57,74,37,69,1.62,1.58,1.6,1.69,1.6,1.69,43,26,1.61,1.38,2.99,37,True,True,True,True,True,True,True,1.64,1.20,2.57,,,2.40,1.58,6.11,1.54,4.47,2.17,1.73,2.15,1.70,,
USA_Major_League_Soccer_2025,2025,0,Charlotte,New York City,2025-11-08 00:00:00,1,3,4,4,1,5,2,3,0,0,1,6,14,2,15,8,15,16,48,52,,,2,3,2.5,3.1,2.85,1.28,1.92,3.25,1.68,2.26,1.5,1.83,2.46,1.85,1.36,2.62,2.81,1.46,4,0,1,1,2,3,1,2,1,47,0,34473,2,1,0,1,2,0,1,2,0,0,2,3,0,5,1,68,28,102,74,1.51,1.13,2.64,0,0,0,0,0,0,1,1,0,0,0,0,0,0,1,33,17,1,15,16,1,3,7,53,71,31,72,1.62,1.69,1.67,1.67,1.67,1.67,47,29,1.22,1.41,2.63,37,True,True,True,True,False,False,True,2.05,1.30,3.41,1.39,3.02,2.93,1.41,2.76,2.81,3.19,2.15,1.74,1.98,1.85,1.50,2.56
USA_Major_League_Soccer_2025,2025,0,Minnesota United,Seattle Sounders,2025-11-08 21:10:00,3,3,6,4,5,9,4,1,1,0,5,8,6,14,11,22,13,8,38,62,,,6,1,2.98,3.25,2.15,1.27,1.9,3.35,1.72,2.1,1.6,2.24,2.16,1.72,1.34,2.65,3.13,1.4,6,1,2,2,1,3,3,-1,1,57,0,18645,2,1,2,2,1,3,4,4,3,1,2,0,4,2,1,40,73,79,120,1.34,2.47,3.81,0,0,0,0,0,0,1,1,0,2,0,1,0,0,1,21,17,1,8,13,1,10,2,58,75,39,70,1.58,1.62,1.64,1.64,1.64,1.64,42,25,1.37,1.61,2.98,37,True,True,True,True,True,True,True,1.98,1.30,3.35,1.38,3.09,2.86,1.43,2.38,3.16,3.36,2.16,1.74,1.85,1.97,1.57,2.39
USA_Major_League_Soccer_2025,2025,0,FC Cincinnati,Columbus Crew,2025-11-08 23:10:00,2,1,3,7,6,13,2,2,0,0,4,6,12,8,16,14,6,11,37,63,,,2,2,2.2,3.65,2.6,1.2,1.6,2.55,1.5,2.3,1.65,2.0,2.15,1.65,1.27,2.28,3.2,1.58,3,0,0,2,1,3,0,8043,1,61,0,25513,2,1,2,5,5,1,7,6,1,2,1,0,3,1,1,44,61,71,99,1.6,1.74,3.35,0,0,0,0,0,0,1,1,0,0,0,1,1,1,1,15,22,1,11,6,1,5,10,56,73,41,74,1.87,1.54,1.89,1.58,1.89,1.58,45,28,1.46,1.51,2.97,37,True,True,True,False,False,False,True,1.66,1.20,2.60,,,,,2.52,2.75,3.67,2.66,1.51,1.71,2.11,1.69,2.15
USA_Major_League_Soccer_2025,2025,0,Inter Miami,Nashville SC,2025-11-09 01:15:00,4,0,4,0,6,6,4,4,0,0,5,4,6,8,11,12,16,20,50,50,,,4,4,1.61,4.33,4.2,1.11,1.41,2.03,1.43,2.5,1.62,2.14,2.08,1.66,1.19,2.08,4.2,1.81,4,2,0,2,0,2,2,677446,1,70,0,-1,2,1,0,2,0,4,2,4,2,1,2,3,3,5,1,25,32,83,88,1.23,1.27,2.51,0,0,0,0,0,0,1,1,1,0,0,0,0,0,1,13,17,1,21,16,1,6,1,74,85,49,84,2.0,1.54,1.89,1.58,1.89,1.58,26,15,1.51,1.52,3.03,37,True,True,True,True,False,False,False,1.34,1.10,1.90,,,1.91,1.92,4.97,1.59,4.84,2.89,1.44,,,,
USA_Major_League_Soccer_2025,2025,0,San Diego,Portland Timbers,2025-11-10 02:05:00,4,0,4,9,3,12,3,4,0,1,8,3,7,9,15,12,18,16,66,34,,,3,6,1.6,4.6,5.66,1.14,1.46,2.18,1.53,2.3,1.51,1.85,2.48,1.85,1.22,2.08,3.8,1.7,4,2,0,2,0,2,2,1398748,1,59,0,32500,2,1,6,3,3,0,9,3,1,1,2,4,2,6,1,46,36,76,87,1.83,1.23,3.07,0,0,0,0,0,0,1,1,1,0,1,0,0,0,1,13,13,1,16,19,1,8,3,56,77,37,73,1.87,1.26,1.86,1.3,1.86,1.3,44,23,1.53,1.36,2.89,38,True,True,True,True,False,False,False,1.63,1.20,2.56,,,2.40,1.58,6.03,1.53,4.57,2.15,1.74,1.95,1.87,1.51,2.54
USA_Major_League_Soccer_2025,2025,0,Vancouver Whitecaps,Los Angeles FC,2025-11-23 02:40:00,2,2,4,5,15,20,6,4,1,0,6,8,3,17,9,25,18,19,44,56,BC Place Stadium,"777 Pacific Boulevard, False Creek, Vancouver, British Columbia",7,4,2.0,3.43,2.98,1.22,1.7,2.75,1.55,2.34,1.47,1.76,2.48,1.93,1.31,2.35,3.25,1.5,4,2,0,0,2,2,2,-1,1,55,0,53957,2,1,4,1,1,7,5,8,1,0,6,4,1,10,1,49,90,109,147,1.35,2.78,4.14,0,0,0,0,0,0,1,1,0,0,1,1,0,0,1,16,34,1,17,18,1,15,7,61,79,46,78,1.82,1.81,1.86,1.83,1.86,1.83,39,21,1.64,1.63,3.27,37,True,True,True,True,False,False,True,1.72,1.22,2.73,,,,,3.22,2.15,3.85,2.37,1.62,1.90,1.92,1.55,2.44
USA_Major_League_Soccer_2025,2025,0,FC Cincinnati,Inter Miami,2025-11-23 22:10:00,0,4,4,4,2,6,0,0,0,0,5,6,9,8,14,14,8,11,49,51,,,0,0,3.1,3.99,1.95,1.11,1.4,1.95,1.4,2.75,1.49,1.87,2.34,1.81,1.2,2.05,3.75,1.72,4,0,1,0,3,3,1,677446,1,62,0,-1,2,-1,2,2,2,0,4,2,0,0,0,0,0,0,1,38,31,91,77,1.51,1.53,3.04,0,0,0,0,0,0,1,1,0,0,0,1,-1,-1,1,12,13,1,11,8,1,7,12,68,77,41,77,1.87,2.0,1.92,1.92,1.92,1.92,33,23,1.46,1.5,2.96,38,True,True,True,True,False,False,False,1.46,1.14,2.13,,,2.10,1.76,2.12,3.23,3.97,2.94,1.43,1.85,1.96,1.59,2.34
USA_Major_League_Soccer_2025,2025,0,Philadelphia Union,New York City,2025-11-24 00:55:00,0,1,1,8,3,11,1,4,0,0,5,4,13,1,18,5,14,11,50,50,,,1,4,1.88,3.7,4.0,1.3,1.85,3.32,1.73,1.91,1.41,1.68,2.69,2.01,1.34,2.73,2.85,1.43,1,0,1,0,0,0,1,2,1,46,0,-1,2,1,2,2,6,1,4,7,1,2,0,2,3,2,1,70,28,125,85,1.99,0.81,2.81,0,0,0,0,0,0,1,1,0,0,0,1,0,0,1,35,24,1,9,18,1,2,13,54,68,33,71,1.89,1.69,1.94,1.7,1.94,1.7,47,33,1.6,1.4,3.0,37,True,False,False,False,False,False,False,2.05,1.33,3.50,1.39,3.01,2.93,1.41,5.04,1.76,3.68,1.88,1.97,2.02,1.79,,
USA_Major_League_Soccer_2025,2025,0,San Diego,Minnesota United,2025-11-25 03:10:00,1,0,1,5,1,6,3,4,0,0,1,4,8,7,9,11,11,14,72,28,,,3,4,1.55,3.95,4.7,1.19,1.63,2.65,1.65,2.2,1.54,2.14,2.28,1.71,1.26,2.35,3.5,1.61,1,0,0,1,0,1,0,1398748,1,58,0,32502,2,1,4,1,1,0,5,1,0,2,3,2,2,5,1,92,36,147,57,1.32,1.23,2.55,0,0,0,0,0,0,1,1,0,0,0,0,0,0,1,13,19,1,14,14,1,7,10,61,79,41,68,1.87,1.58,1.89,1.62,1.89,1.62,40,22,1.54,1.37,2.91,38,True,False,False,False,False,False,False,1.62,1.20,2.56,,,,,4.97,1.65,4.33,2.32,1.65,1.71,2.14,1.75,2.09
USA_Major_League_Soccer_2025,2025,0,Inter Miami,New York City,2025-11-29 23:10:00,5,1,6,5,2,7,4,4,0,0,6,4,6,1,12,5,21,19,49,51,,,4,4,1.53,4.88,5.5,1.11,1.44,2.05,1.44,2.45,1.54,2.35,2.17,1.8,1.19,2.07,4.2,1.73,6,2,1,3,0,3,3,677446,1,59,0,-1,2,1,2,0,3,2,2,5,2,2,2,2,4,4,1,58,45,85,100,1.6,0.94,2.53,0,0,0,0,0,0,1,1,0,0,0,0,0,0,1,10,20,1,19,21,1,4,3,68,78,41,83,2.0,1.69,1.95,1.74,1.95,1.74,33,23,1.5,1.38,2.88,39,True,True,True,True,True,True,True,1.50,1.16,2.25,,,2.16,1.71,5.85,1.53,4.71,2.49,1.57,1.74,2.10,1.66,2.23
USA_Major_League_Soccer_2025,2025,0,San Diego,Vancouver Whitecaps,2025-11-30 02:10:00,1,3,4,5,1,6,3,2,1,0,4,8,7,3,11,11,17,21,54,46,,,5,2,2.45,3.66,2.7,1.17,1.6,2.32,1.49,2.63,1.47,1.83,2.39,1.79,1.25,2.3,3.65,1.58,4,0,3,1,0,1,3,5,1,56,0,32502,2,1,4,0,1,1,4,2,1,1,3,1,2,4,1,28,23,56,52,1.17,1.42,2.59,0,0,0,0,0,0,1,1,0,1,0,0,0,1,1,19,7,1,22,16,1,5,6,63,82,46,75,1.87,1.82,1.92,1.84,1.92,1.84,37,19,1.54,1.63,3.17,39,True,True,True,True,False,False,True,1.68,1.20,2.61,,,2.45,1.56,2.68,2.69,3.47,2.57,1.54,1.97,1.85,1.52,2.51
USA_Major_League_Soccer_2025,2025,0,Inter Miami,Vancouver Whitecaps,2025-12-06 19:30:00,3,1,4,1,1,2,4,6,0,0,3,4,5,6,8,10,22,23,35,65,,,4,6,1.8,4.0,3.7,1.09,1.47,2.19,1.42,2.61,1.45,2.08,2.48,1.93,1.18,1.95,4.3,1.76,4,1,0,2,1,3,1,677446,1,65,0,21550,2,1,0,0,1,1,0,2,1,2,3,4,3,7,1,20,57,57,99,0.86,1.33,2.19,0,0,0,0,0,0,1,1,1,0,0,0,0,0,1,9,18,1,23,22,1,9,5,74,87,51,86,2.0,1.82,1.97,1.87,1.97,1.87,26,13,1.5,1.63,3.13,39,True,True,True,True,False,False,True,1.49,1.15,2.20,,,2.10,1.76,3.55,2.01,3.90,2.85,1.45,1.76,2.07,1.63,2.28
